{"type":"FeatureCollection","meta":{
 "source": "London Datastore: MyLondon (Greater London Authority)",
 "dataset": "2nln8",
 "page": "https://data.london.gov.uk/dataset/mylondon-2nln8",
 "resources": [
  {
   "resource": "d62ad9f3-4a5d-410b-993a-134c57ce52ee",
   "file": "bbox.csv",
   "url": "https://data.london.gov.uk/download/2nln8/d62ad9f3-4a5d-410b-993a-134c57ce52ee/bbox.csv",
   "size": 2682152,
   "resource_date": "2018-11-15",
   "fetched": "2026-10-04"
  }
 ],
 "licence": "Open Government Licence v2",
 "licence_url": "https://www.nationalarchives.gov.uk/doc/open-government-licence/version/2/",
 "attribution": "Contains public sector information licensed under the Open Government Licence v2 (Greater London Authority). The GLA cannot warrant the quality or accuracy of the data (London Datastore terms).",
 "dataset_modified": "2015-10-22",
 "update_frequency": "Monthly",
 "geo": "Output Area",
 "theme": "events-works",
 "layers": [
  {
   "table": "bbox.csv",
   "srs": "per row",
   "columns": [
    "EASTING",
    "NORTHING",
    "Latitude",
    "Longitude"
   ],
   "rows_read": 25053
  }
 ],
 "crs_source": "EPSG:per row",
 "crs_output": "EPSG:4326 (WGS84), 6 decimal places; BNG to WGS84 through the OS OSTN15 grid (lib.mjs bngProjector)",
 "method": "lds-harvest-auto.mjs run 2nln8: resources chosen by the written rules (harvest-log.json meta.rules: formats, dedupe, caps); every feature read (GeoPackage, GeoJSON, shapefile, or table rows with coordinate columns as points, the CRS judged per row by value); a feature is kept when it meets the zone (the 3D model box, BNG E 532400-539900, N 176700-182300): a vertex inside, an edge crossing or the box inside a polygon; whole geometries kept, whole_in_zone and in_cw added; WGS84 6 decimals through OSTN15; contact fields dropped.",
 "counts": {
  "source_features": 1191,
  "no_geometry": 0,
  "in_zone": 1172,
  "in_cw": 64,
  "table_rows_read": 25053,
  "note": "features made from table rows: source_features counts the zone rows only; table_rows_read counts every row read"
 },
 "attributes_in_source": "yes",
 "fields_dropped": [],
 "harvest_rules": "tools/lds-harvest-auto.mjs AUTO_RULES (feeds/london-datastore/harvest-log.json meta.rules)",
 "selection_notes": []
},
"features":[
{"type":"Feature","properties":{"lsoa":"E01000002","oa":"E00000017","left":-0.0931565,"bottom":51.5197,"right":-0.0905854,"top":51.521,"EASTING":532420,"NORTHING":181900,"Latitude":51.5205,"Longitude":-0.0928,"in_cw":false,"whole_in_zone":true},"geometry":{"type":"Point","coordinates":[-0.0928,51.5205]}},
{"type":"Feature","properties":{"lsoa":"E01000002","oa":"E00000019","left":-0.0925247,"bottom":51.5193,"right":-0.0896946,"top":51.5208,"EASTING":532490,"NORTHING":181810,"Latitude":51.5197,"Longitude":-0.0918,"in_cw":false,"whole_in_zone":true},"geometry":{"type":"Point","coordinates":[-0.0918,51.5197]}},
{"type":"Feature","properties":{"lsoa":"E01000002","oa":"E00000020","left":-0.0915065,"bottom":51.5181,"right":-0.0901976,"top":51.5196,"EASTING":532550,"NORTHING":181750,"Latitude":51.5191,"Longitude":-0.090978,"in_cw":false,"whole_in_zone":true},"geometry":{"type":"Point","coordinates":[-0.090978,51.5191]}},
{"type":"Feature","properties":{"lsoa":"E01000002","oa":"E00000021","left":-0.0959335,"bottom":51.5141,"right":-0.0881292,"top":51.52,"EASTING":532430,"NORTHING":181710,"Latitude":51.5188,"Longitude":-0.0927,"in_cw":false,"whole_in_zone":true},"geometry":{"type":"Point","coordinates":[-0.0927,51.5188]}},
{"type":"Feature","properties":{"lsoa":"E01000005","oa":"E00000029","left":-0.0800361,"bottom":51.5097,"right":-0.0727199,"top":51.5163,"EASTING":533750,"NORTHING":181020,"Latitude":51.5123,"Longitude":-0.074,"in_cw":false,"whole_in_zone":true},"geometry":{"type":"Point","coordinates":[-0.074,51.5123]}},
{"type":"Feature","properties":{"lsoa":"E01000005","oa":"E00000030","left":-0.0791487,"bottom":51.5152,"right":-0.075824,"top":51.5175,"EASTING":533550,"NORTHING":181420,"Latitude":51.5159,"Longitude":-0.0767,"in_cw":false,"whole_in_zone":true},"geometry":{"type":"Point","coordinates":[-0.0767,51.5159]}},
{"type":"Feature","properties":{"lsoa":"E01000005","oa":"E00000031","left":-0.0776194,"bottom":51.5155,"right":-0.0766785,"top":51.516,"EASTING":533520,"NORTHING":181410,"Latitude":51.5158,"Longitude":-0.0771,"in_cw":false,"whole_in_zone":true},"geometry":{"type":"Point","coordinates":[-0.0771,51.5158]}},
{"type":"Feature","properties":{"lsoa":"E01000005","oa":"E00000032","left":-0.075243,"bottom":51.5126,"right":-0.0731913,"top":51.5135,"EASTING":533760,"NORTHING":181100,"Latitude":51.513,"Longitude":-0.0738,"in_cw":false,"whole_in_zone":true},"geometry":{"type":"Point","coordinates":[-0.0738,51.513]}},
{"type":"Feature","properties":{"lsoa":"E01032739","oa":"E00000035","left":-0.086352,"bottom":51.5068,"right":-0.0761541,"top":51.516,"EASTING":533350,"NORTHING":180830,"Latitude":51.5107,"Longitude":-0.0798,"in_cw":false,"whole_in_zone":true},"geometry":{"type":"Point","coordinates":[-0.0798,51.5107]}},
{"type":"Feature","properties":{"lsoa":"E01001586","oa":"E00007842","left":0.0118054,"bottom":51.4773,"right":0.0141887,"top":51.4795,"EASTING":539880,"NORTHING":177430,"Latitude":51.4785,"Longitude":0.0129,"in_cw":false,"whole_in_zone":true},"geometry":{"type":"Point","coordinates":[0.0129,51.4785]}},
{"type":"Feature","properties":{"lsoa":"E01001587","oa":"E00007864","left":0.00133356,"bottom":51.4813,"right":0.00587403,"top":51.4828,"EASTING":539170,"NORTHING":177820,"Latitude":51.4822,"Longitude":0.00282,"in_cw":false,"whole_in_zone":true},"geometry":{"type":"Point","coordinates":[0.00282,51.4822]}},
{"type":"Feature","properties":{"lsoa":"E01001585","oa":"E00007865","left":0.0105324,"bottom":51.481,"right":0.0151612,"top":51.4837,"EASTING":539810,"NORTHING":177880,"Latitude":51.4826,"Longitude":0.0121,"in_cw":false,"whole_in_zone":true},"geometry":{"type":"Point","coordinates":[0.0121,51.4826]}},
{"type":"Feature","properties":{"lsoa":"E01001585","oa":"E00007866","left":0.00835884,"bottom":51.4801,"right":0.0111468,"top":51.4835,"EASTING":539650,"NORTHING":177870,"Latitude":51.4826,"Longitude":0.00975,"in_cw":false,"whole_in_zone":true},"geometry":{"type":"Point","coordinates":[0.00975,51.4826]}},
{"type":"Feature","properties":{"lsoa":"E01001586","oa":"E00007870","left":0.0102248,"bottom":51.4791,"right":0.0146429,"top":51.4815,"EASTING":539830,"NORTHING":177640,"Latitude":51.4804,"Longitude":0.0123,"in_cw":false,"whole_in_zone":true},"geometry":{"type":"Point","coordinates":[0.0123,51.4804]}},
{"type":"Feature","properties":{"lsoa":"E01001587","oa":"E00007871","left":0.00906262,"bottom":51.4787,"right":0.0124545,"top":51.4826,"EASTING":539700,"NORTHING":177630,"Latitude":51.4804,"Longitude":0.010377,"in_cw":false,"whole_in_zone":true},"geometry":{"type":"Point","coordinates":[0.010377,51.4804]}},
{"type":"Feature","properties":{"lsoa":"E01001587","oa":"E00007872","left":0.00479089,"bottom":51.4789,"right":0.0103111,"top":51.4826,"EASTING":539530,"NORTHING":177650,"Latitude":51.4806,"Longitude":0.00794,"in_cw":false,"whole_in_zone":true},"geometry":{"type":"Point","coordinates":[0.00794,51.4806]}},
{"type":"Feature","properties":{"lsoa":"E01001587","oa":"E00007873","left":0.00908628,"bottom":51.4767,"right":0.0124405,"top":51.4791,"EASTING":539700,"NORTHING":177330,"Latitude":51.4777,"Longitude":0.0103,"in_cw":false,"whole_in_zone":true},"geometry":{"type":"Point","coordinates":[0.0103,51.4777]}},
{"type":"Feature","properties":{"lsoa":"E01001587","oa":"E00007875","left":0.00530619,"bottom":51.4768,"right":0.0103533,"top":51.4796,"EASTING":539570,"NORTHING":177350,"Latitude":51.4779,"Longitude":0.0084,"in_cw":false,"whole_in_zone":true},"geometry":{"type":"Point","coordinates":[0.0084,51.4779]}},
{"type":"Feature","properties":{"lsoa":"E01001586","oa":"E00007876","left":0.0104181,"bottom":51.4771,"right":0.0124216,"top":51.479,"EASTING":539760,"NORTHING":177390,"Latitude":51.4782,"Longitude":0.0111456,"in_cw":false,"whole_in_zone":true},"geometry":{"type":"Point","coordinates":[0.011146,51.4782]}},
{"type":"Feature","properties":{"lsoa":"E01001641","oa":"E00008149","left":-0.0105753,"bottom":51.4795,"right":-0.00203299,"top":51.4859,"EASTING":538400,"NORTHING":177660,"Latitude":51.481,"Longitude":-0.00832,"in_cw":false,"whole_in_zone":true},"geometry":{"type":"Point","coordinates":[-0.00832,51.481]}},
{"type":"Feature","properties":{"lsoa":"E01001640","oa":"E00008154","left":-0.0188138,"bottom":51.4814,"right":-0.0114507,"top":51.485,"EASTING":538020,"NORTHING":177780,"Latitude":51.4821,"Longitude":-0.0137,"in_cw":false,"whole_in_zone":true},"geometry":{"type":"Point","coordinates":[-0.0137,51.4821]}},
{"type":"Feature","properties":{"lsoa":"E01033727","oa":"E00008155","left":-0.0242252,"bottom":51.4814,"right":-0.0230526,"top":51.483,"EASTING":537330,"NORTHING":177720,"Latitude":51.4818,"Longitude":-0.0237,"in_cw":false,"whole_in_zone":true},"geometry":{"type":"Point","coordinates":[-0.0237,51.4818]}},
{"type":"Feature","properties":{"lsoa":"E01001640","oa":"E00008156","left":-0.0134041,"bottom":51.4817,"right":-0.0120314,"top":51.4836,"EASTING":538110,"NORTHING":177770,"Latitude":51.482,"Longitude":-0.0125,"in_cw":false,"whole_in_zone":true},"geometry":{"type":"Point","coordinates":[-0.0125,51.482]}},
{"type":"Feature","properties":{"lsoa":"E01033727","oa":"E00008158","left":-0.0240823,"bottom":51.4824,"right":-0.021603,"top":51.4844,"EASTING":537390,"NORTHING":177900,"Latitude":51.4834,"Longitude":-0.0228,"in_cw":false,"whole_in_zone":true},"geometry":{"type":"Point","coordinates":[-0.0228,51.4834]}},
{"type":"Feature","properties":{"lsoa":"E01001642","oa":"E00008159","left":-0.00860623,"bottom":51.4754,"right":-0.00142646,"top":51.48,"EASTING":538520,"NORTHING":177330,"Latitude":51.478,"Longitude":-0.00672,"in_cw":false,"whole_in_zone":true},"geometry":{"type":"Point","coordinates":[-0.00672,51.478]}},
{"type":"Feature","properties":{"lsoa":"E01001641","oa":"E00008161","left":-0.0145117,"bottom":51.4797,"right":-0.00923483,"top":51.481,"EASTING":538070,"NORTHING":177590,"Latitude":51.4804,"Longitude":-0.0131,"in_cw":false,"whole_in_zone":true},"geometry":{"type":"Point","coordinates":[-0.0131,51.4804]}},
{"type":"Feature","properties":{"lsoa":"E01001641","oa":"E00008164","left":-0.0130058,"bottom":51.4779,"right":-0.00814927,"top":51.4801,"EASTING":538240,"NORTHING":177440,"Latitude":51.479,"Longitude":-0.0107,"in_cw":false,"whole_in_zone":true},"geometry":{"type":"Point","coordinates":[-0.0107,51.479]}},
{"type":"Feature","properties":{"lsoa":"E01001641","oa":"E00008165","left":-0.0151883,"bottom":51.4781,"right":-0.0109844,"top":51.4801,"EASTING":538030,"NORTHING":177470,"Latitude":51.4794,"Longitude":-0.0137,"in_cw":false,"whole_in_zone":true},"geometry":{"type":"Point","coordinates":[-0.0137,51.4794]}},
{"type":"Feature","properties":{"lsoa":"E01001641","oa":"E00008166","left":-0.0103914,"bottom":51.4771,"right":-0.00756865,"top":51.4787,"EASTING":538360,"NORTHING":177340,"Latitude":51.4781,"Longitude":-0.00902,"in_cw":false,"whole_in_zone":true},"geometry":{"type":"Point","coordinates":[-0.00902,51.4781]}},
{"type":"Feature","properties":{"lsoa":"E01001641","oa":"E00008167","left":-0.0123844,"bottom":51.4752,"right":-0.00900165,"top":51.4787,"EASTING":538230,"NORTHING":177220,"Latitude":51.4771,"Longitude":-0.0109,"in_cw":false,"whole_in_zone":true},"geometry":{"type":"Point","coordinates":[-0.0109,51.4771]}},
{"type":"Feature","properties":{"lsoa":"E01033746","oa":"E00008168","left":-0.0154503,"bottom":51.4767,"right":-0.012058,"top":51.4779,"EASTING":538000,"NORTHING":177210,"Latitude":51.477,"Longitude":-0.0143,"in_cw":false,"whole_in_zone":true},"geometry":{"type":"Point","coordinates":[-0.0143,51.477]}},
{"type":"Feature","properties":{"lsoa":"E01033746","oa":"E00008169","left":-0.0136917,"bottom":51.475,"right":-0.0112768,"top":51.4773,"EASTING":538130,"NORTHING":177090,"Latitude":51.4759,"Longitude":-0.0124,"in_cw":false,"whole_in_zone":true},"geometry":{"type":"Point","coordinates":[-0.0124,51.4759]}},
{"type":"Feature","properties":{"lsoa":"E01001642","oa":"E00008170","left":-0.00952414,"bottom":51.4755,"right":-0.00653915,"top":51.4782,"EASTING":538450,"NORTHING":177210,"Latitude":51.4769,"Longitude":-0.00778,"in_cw":false,"whole_in_zone":true},"geometry":{"type":"Point","coordinates":[-0.00778,51.4769]}},
{"type":"Feature","properties":{"lsoa":"E01033746","oa":"E00008171","left":-0.0172107,"bottom":51.4759,"right":-0.0124888,"top":51.477,"EASTING":538000,"NORTHING":177150,"Latitude":51.4765,"Longitude":-0.0143,"in_cw":false,"whole_in_zone":true},"geometry":{"type":"Point","coordinates":[-0.0143,51.4765]}},
{"type":"Feature","properties":{"lsoa":"E01001642","oa":"E00008173","left":-0.0103182,"bottom":51.4744,"right":-0.00556576,"top":51.4765,"EASTING":538410,"NORTHING":177050,"Latitude":51.4755,"Longitude":-0.00841,"in_cw":false,"whole_in_zone":true},"geometry":{"type":"Point","coordinates":[-0.00841,51.4755]}},
{"type":"Feature","properties":{"lsoa":"E01033746","oa":"E00008174","left":-0.0173351,"bottom":51.475,"right":-0.0134729,"top":51.4763,"EASTING":537930,"NORTHING":177070,"Latitude":51.4758,"Longitude":-0.0153,"in_cw":false,"whole_in_zone":true},"geometry":{"type":"Point","coordinates":[-0.0153,51.4758]}},
{"type":"Feature","properties":{"lsoa":"E01001642","oa":"E00008175","left":-0.011399,"bottom":51.4749,"right":-0.00929534,"top":51.4773,"EASTING":538240,"NORTHING":177110,"Latitude":51.4761,"Longitude":-0.0108,"in_cw":false,"whole_in_zone":true},"geometry":{"type":"Point","coordinates":[-0.0108,51.4761]}},
{"type":"Feature","properties":{"lsoa":"E01001642","oa":"E00008176","left":-0.00832315,"bottom":51.4718,"right":0.0121038,"top":51.4821,"EASTING":538600,"NORTHING":176900,"Latitude":51.4741,"Longitude":-0.00574,"in_cw":false,"whole_in_zone":true},"geometry":{"type":"Point","coordinates":[-0.00574,51.4741]}},
{"type":"Feature","properties":{"lsoa":"E01001644","oa":"E00008177","left":-0.0186787,"bottom":51.4735,"right":-0.0150097,"top":51.4754,"EASTING":537830,"NORTHING":176950,"Latitude":51.4747,"Longitude":-0.0168,"in_cw":false,"whole_in_zone":true},"geometry":{"type":"Point","coordinates":[-0.0168,51.4747]}},
{"type":"Feature","properties":{"lsoa":"E01033746","oa":"E00008178","left":-0.0149514,"bottom":51.4733,"right":-0.0110293,"top":51.4752,"EASTING":538110,"NORTHING":176930,"Latitude":51.4745,"Longitude":-0.0128,"in_cw":false,"whole_in_zone":true},"geometry":{"type":"Point","coordinates":[-0.0128,51.4745]}},
{"type":"Feature","properties":{"lsoa":"E01001642","oa":"E00008179","left":-0.0107119,"bottom":51.4732,"right":-0.00632897,"top":51.4755,"EASTING":538350,"NORTHING":176930,"Latitude":51.4744,"Longitude":-0.00933,"in_cw":false,"whole_in_zone":true},"geometry":{"type":"Point","coordinates":[-0.00933,51.4744]}},
{"type":"Feature","properties":{"lsoa":"E01001644","oa":"E00008182","left":-0.0180332,"bottom":51.4733,"right":-0.0143414,"top":51.4751,"EASTING":537900,"NORTHING":176890,"Latitude":51.4742,"Longitude":-0.0158,"in_cw":false,"whole_in_zone":true},"geometry":{"type":"Point","coordinates":[-0.0158,51.4742]}},
{"type":"Feature","properties":{"lsoa":"E01001640","oa":"E00008188","left":-0.011766,"bottom":51.482,"right":-0.00963613,"top":51.4849,"EASTING":538180,"NORTHING":177830,"Latitude":51.4826,"Longitude":-0.0114,"in_cw":false,"whole_in_zone":true},"geometry":{"type":"Point","coordinates":[-0.0114,51.4826]}},
{"type":"Feature","properties":{"lsoa":"E01033727","oa":"E00008189","left":-0.0264099,"bottom":51.4812,"right":-0.0238579,"top":51.4849,"EASTING":537220,"NORTHING":177860,"Latitude":51.4831,"Longitude":-0.0252,"in_cw":false,"whole_in_zone":true},"geometry":{"type":"Point","coordinates":[-0.0252,51.4831]}},
{"type":"Feature","properties":{"lsoa":"E01001664","oa":"E00008279","left":0.00172337,"bottom":51.4829,"right":0.00718111,"top":51.4853,"EASTING":539330,"NORTHING":178070,"Latitude":51.4844,"Longitude":0.00523,"in_cw":false,"whole_in_zone":true},"geometry":{"type":"Point","coordinates":[0.00523,51.4844]}},
{"type":"Feature","properties":{"lsoa":"E01001662","oa":"E00008280","left":0.00569564,"bottom":51.4829,"right":0.00833991,"top":51.4857,"EASTING":539470,"NORTHING":178040,"Latitude":51.4841,"Longitude":0.00723,"in_cw":false,"whole_in_zone":true},"geometry":{"type":"Point","coordinates":[0.00723,51.4841]}},
{"type":"Feature","properties":{"lsoa":"E01001668","oa":"E00008282","left":-0.000408059,"bottom":51.4853,"right":0.00262673,"top":51.4868,"EASTING":539060,"NORTHING":178250,"Latitude":51.4861,"Longitude":0.00141,"in_cw":false,"whole_in_zone":true},"geometry":{"type":"Point","coordinates":[0.00141,51.4861]}},
{"type":"Feature","properties":{"lsoa":"E01001665","oa":"E00008283","left":0.0109781,"bottom":51.4861,"right":0.0133946,"top":51.4886,"EASTING":539800,"NORTHING":178390,"Latitude":51.4872,"Longitude":0.0121,"in_cw":false,"whole_in_zone":true},"geometry":{"type":"Point","coordinates":[0.0121,51.4872]}},
{"type":"Feature","properties":{"lsoa":"E01001668","oa":"E00008284","left":0.00320612,"bottom":51.4854,"right":0.00608983,"top":51.4883,"EASTING":539280,"NORTHING":178340,"Latitude":51.4869,"Longitude":0.00461,"in_cw":false,"whole_in_zone":true},"geometry":{"type":"Point","coordinates":[0.00461,51.4869]}},
{"type":"Feature","properties":{"lsoa":"E01001668","oa":"E00008287","left":0.00186741,"bottom":51.4854,"right":0.00383626,"top":51.4876,"EASTING":539160,"NORTHING":178280,"Latitude":51.4864,"Longitude":0.00286,"in_cw":false,"whole_in_zone":true},"geometry":{"type":"Point","coordinates":[0.00286,51.4864]}},
{"type":"Feature","properties":{"lsoa":"E01001667","oa":"E00008288","left":0.00871179,"bottom":51.4863,"right":0.0106398,"top":51.4881,"EASTING":539630,"NORTHING":178370,"Latitude":51.487,"Longitude":0.00966,"in_cw":false,"whole_in_zone":true},"geometry":{"type":"Point","coordinates":[0.00966,51.487]}},
{"type":"Feature","properties":{"lsoa":"E01001662","oa":"E00008290","left":0.00440129,"bottom":51.4857,"right":0.00794384,"top":51.4889,"EASTING":539340,"NORTHING":178490,"Latitude":51.4882,"Longitude":0.00553524,"in_cw":false,"whole_in_zone":true},"geometry":{"type":"Point","coordinates":[0.005535,51.4882]}},
{"type":"Feature","properties":{"lsoa":"E01001667","oa":"E00008291","left":0.00741354,"bottom":51.4865,"right":0.00941127,"top":51.4879,"EASTING":539530,"NORTHING":178360,"Latitude":51.487,"Longitude":0.00822,"in_cw":false,"whole_in_zone":true},"geometry":{"type":"Point","coordinates":[0.00822,51.487]}},
{"type":"Feature","properties":{"lsoa":"E01001662","oa":"E00008295","left":0.00712744,"bottom":51.4832,"right":0.0108305,"top":51.4863,"EASTING":539580,"NORTHING":178130,"Latitude":51.4849,"Longitude":0.00885,"in_cw":false,"whole_in_zone":true},"geometry":{"type":"Point","coordinates":[0.00885,51.4849]}},
{"type":"Feature","properties":{"lsoa":"E01001668","oa":"E00008296","left":0.000740799,"bottom":51.4846,"right":0.00427529,"top":51.4864,"EASTING":539120,"NORTHING":178170,"Latitude":51.4854,"Longitude":0.00224,"in_cw":false,"whole_in_zone":true},"geometry":{"type":"Point","coordinates":[0.00224,51.4854]}},
{"type":"Feature","properties":{"lsoa":"E01001662","oa":"E00008297","left":0.00423656,"bottom":51.4844,"right":0.00935323,"top":51.4869,"EASTING":539380,"NORTHING":178210,"Latitude":51.4857,"Longitude":0.006,"in_cw":false,"whole_in_zone":true},"geometry":{"type":"Point","coordinates":[0.006,51.4857]}},
{"type":"Feature","properties":{"lsoa":"E01001664","oa":"E00008299","left":-0.00189248,"bottom":51.4817,"right":0.00233509,"top":51.4847,"EASTING":539000,"NORTHING":177980,"Latitude":51.4837,"Longitude":0.000441,"in_cw":false,"whole_in_zone":true},"geometry":{"type":"Point","coordinates":[0.000441,51.4837]}},
{"type":"Feature","properties":{"lsoa":"E01001664","oa":"E00008300","left":0.00337048,"bottom":51.4826,"right":0.00645609,"top":51.4847,"EASTING":539320,"NORTHING":178000,"Latitude":51.4838,"Longitude":0.00505,"in_cw":false,"whole_in_zone":true},"geometry":{"type":"Point","coordinates":[0.00505,51.4838]}},
{"type":"Feature","properties":{"lsoa":"E01001664","oa":"E00008301","left":0.00203241,"bottom":51.4832,"right":0.00506113,"top":51.4847,"EASTING":539210,"NORTHING":178030,"Latitude":51.4841,"Longitude":0.00348,"in_cw":false,"whole_in_zone":true},"geometry":{"type":"Point","coordinates":[0.00348,51.4841]}},
{"type":"Feature","properties":{"lsoa":"E01001668","oa":"E00008302","left":-0.00438265,"bottom":51.4825,"right":-0.000612257,"top":51.4847,"EASTING":538790,"NORTHING":177970,"Latitude":51.4837,"Longitude":-0.00259,"in_cw":false,"whole_in_zone":true},"geometry":{"type":"Point","coordinates":[-0.00259,51.4837]}},
{"type":"Feature","properties":{"lsoa":"E01001662","oa":"E00008303","left":0.00839622,"bottom":51.4832,"right":0.0120522,"top":51.4844,"EASTING":539700,"NORTHING":178020,"Latitude":51.4839,"Longitude":0.0105,"in_cw":false,"whole_in_zone":true},"geometry":{"type":"Point","coordinates":[0.0105,51.4839]}},
{"type":"Feature","properties":{"lsoa":"E01001664","oa":"E00008304","left":0.00172638,"bottom":51.4826,"right":0.00484958,"top":51.4839,"EASTING":539200,"NORTHING":177950,"Latitude":51.4834,"Longitude":0.00331,"in_cw":false,"whole_in_zone":true},"geometry":{"type":"Point","coordinates":[0.00331,51.4834]}},
{"type":"Feature","properties":{"lsoa":"E01001664","oa":"E00008305","left":-0.00286404,"bottom":51.4814,"right":0.00168203,"top":51.4835,"EASTING":538880,"NORTHING":177860,"Latitude":51.4827,"Longitude":-0.00133,"in_cw":false,"whole_in_zone":true},"geometry":{"type":"Point","coordinates":[-0.00133,51.4827]}},
{"type":"Feature","properties":{"lsoa":"E01001667","oa":"E00008308","left":-0.00518954,"bottom":51.4879,"right":0.0182007,"top":51.5068,"EASTING":539690,"NORTHING":178650,"Latitude":51.4896,"Longitude":0.0106,"in_cw":false,"whole_in_zone":true},"geometry":{"type":"Point","coordinates":[0.0106,51.4896]}},
{"type":"Feature","properties":{"lsoa":"E01001662","oa":"E00008309","left":0.00323072,"bottom":51.4888,"right":0.00864689,"top":51.4923,"EASTING":539360,"NORTHING":178590,"Latitude":51.4891,"Longitude":0.00586,"in_cw":false,"whole_in_zone":true},"geometry":{"type":"Point","coordinates":[0.00586,51.4891]}},
{"type":"Feature","properties":{"lsoa":"E01001667","oa":"E00008311","left":0.00899315,"bottom":51.4862,"right":0.0116856,"top":51.4888,"EASTING":539690,"NORTHING":178470,"Latitude":51.4879,"Longitude":0.0106,"in_cw":false,"whole_in_zone":true},"geometry":{"type":"Point","coordinates":[0.0106,51.4879]}},
{"type":"Feature","properties":{"lsoa":"E01001667","oa":"E00008312","left":0.00737637,"bottom":51.4877,"right":0.0100909,"top":51.4896,"EASTING":539560,"NORTHING":178540,"Latitude":51.4886,"Longitude":0.00872158,"in_cw":false,"whole_in_zone":true},"geometry":{"type":"Point","coordinates":[0.008722,51.4886]}},
{"type":"Feature","properties":{"lsoa":"E01002704","oa":"E00013428","left":-0.0925326,"bottom":51.5187,"right":-0.0845203,"top":51.5232,"EASTING":532480,"NORTHING":181970,"Latitude":51.5211,"Longitude":-0.0919036,"in_cw":false,"whole_in_zone":true},"geometry":{"type":"Point","coordinates":[-0.091904,51.5211]}},
{"type":"Feature","properties":{"lsoa":"E01003215","oa":"E00016209","left":-0.0333669,"bottom":51.4723,"right":-0.0295736,"top":51.4757,"EASTING":536770,"NORTHING":176870,"Latitude":51.4743,"Longitude":-0.0321,"in_cw":false,"whole_in_zone":true},"geometry":{"type":"Point","coordinates":[-0.0321,51.4743]}},
{"type":"Feature","properties":{"lsoa":"E01003215","oa":"E00016235","left":-0.034828,"bottom":51.473,"right":-0.0322266,"top":51.4755,"EASTING":536660,"NORTHING":176880,"Latitude":51.4744,"Longitude":-0.0337,"in_cw":false,"whole_in_zone":true},"geometry":{"type":"Point","coordinates":[-0.0337,51.4744]}},
{"type":"Feature","properties":{"lsoa":"E01003215","oa":"E00016238","left":-0.032811,"bottom":51.4735,"right":-0.0281031,"top":51.4759,"EASTING":536890,"NORTHING":176960,"Latitude":51.475,"Longitude":-0.0303,"in_cw":false,"whole_in_zone":true},"geometry":{"type":"Point","coordinates":[-0.0303,51.475]}},
{"type":"Feature","properties":{"lsoa":"E01003207","oa":"E00016239","left":-0.0271069,"bottom":51.4724,"right":-0.0235265,"top":51.475,"EASTING":537220,"NORTHING":176870,"Latitude":51.4742,"Longitude":-0.0256,"in_cw":false,"whole_in_zone":true},"geometry":{"type":"Point","coordinates":[-0.0256,51.4742]}},
{"type":"Feature","properties":{"lsoa":"E01003207","oa":"E00016240","left":-0.0257543,"bottom":51.4727,"right":-0.0217076,"top":51.4746,"EASTING":537310,"NORTHING":176850,"Latitude":51.474,"Longitude":-0.0243,"in_cw":false,"whole_in_zone":true},"geometry":{"type":"Point","coordinates":[-0.0243,51.474]}},
{"type":"Feature","properties":{"lsoa":"E01003247","oa":"E00016395","left":-0.0449443,"bottom":51.4843,"right":-0.0412982,"top":51.4888,"EASTING":535990,"NORTHING":178190,"Latitude":51.4863,"Longitude":-0.0428,"in_cw":false,"whole_in_zone":true},"geometry":{"type":"Point","coordinates":[-0.0428,51.4863]}},
{"type":"Feature","properties":{"lsoa":"E01003253","oa":"E00016396","left":-0.0315203,"bottom":51.4801,"right":-0.0267897,"top":51.4817,"EASTING":536960,"NORTHING":177600,"Latitude":51.4808,"Longitude":-0.0291,"in_cw":false,"whole_in_zone":true},"geometry":{"type":"Point","coordinates":[-0.0291,51.4808]}},
{"type":"Feature","properties":{"lsoa":"E01003250","oa":"E00016397","left":-0.0424411,"bottom":51.4898,"right":-0.0373515,"top":51.493,"EASTING":536170,"NORTHING":178870,"Latitude":51.4924,"Longitude":-0.0399,"in_cw":false,"whole_in_zone":true},"geometry":{"type":"Point","coordinates":[-0.0399,51.4924]}},
{"type":"Feature","properties":{"lsoa":"E01003249","oa":"E00016398","left":-0.0347858,"bottom":51.4899,"right":-0.0322132,"top":51.4919,"EASTING":536610,"NORTHING":178730,"Latitude":51.491,"Longitude":-0.0336673,"in_cw":false,"whole_in_zone":true},"geometry":{"type":"Point","coordinates":[-0.033667,51.491]}},
{"type":"Feature","properties":{"lsoa":"E01003245","oa":"E00016399","left":-0.050539,"bottom":51.4876,"right":-0.0463768,"top":51.4901,"EASTING":535570,"NORTHING":178480,"Latitude":51.489,"Longitude":-0.0487,"in_cw":false,"whole_in_zone":true},"geometry":{"type":"Point","coordinates":[-0.0487,51.489]}},
{"type":"Feature","properties":{"lsoa":"E01003245","oa":"E00016401","left":-0.0519603,"bottom":51.4882,"right":-0.049121,"top":51.4898,"EASTING":535440,"NORTHING":178490,"Latitude":51.4891,"Longitude":-0.0506,"in_cw":false,"whole_in_zone":true},"geometry":{"type":"Point","coordinates":[-0.0506,51.4891]}},
{"type":"Feature","properties":{"lsoa":"E01003248","oa":"E00016402","left":-0.0340259,"bottom":51.485,"right":-0.0318245,"top":51.4869,"EASTING":536660,"NORTHING":178190,"Latitude":51.4862,"Longitude":-0.0332,"in_cw":false,"whole_in_zone":true},"geometry":{"type":"Point","coordinates":[-0.0332,51.4862]}},
{"type":"Feature","properties":{"lsoa":"E01003244","oa":"E00016403","left":-0.0367238,"bottom":51.4884,"right":-0.0353626,"top":51.4892,"EASTING":536470,"NORTHING":178490,"Latitude":51.4889,"Longitude":-0.0358,"in_cw":false,"whole_in_zone":true},"geometry":{"type":"Point","coordinates":[-0.0358,51.4889]}},
{"type":"Feature","properties":{"lsoa":"E01003247","oa":"E00016404","left":-0.0432805,"bottom":51.4872,"right":-0.0393681,"top":51.4898,"EASTING":536060,"NORTHING":178410,"Latitude":51.4883,"Longitude":-0.0417,"in_cw":false,"whole_in_zone":true},"geometry":{"type":"Point","coordinates":[-0.0417,51.4883]}},
{"type":"Feature","properties":{"lsoa":"E01003247","oa":"E00016405","left":-0.0457604,"bottom":51.4874,"right":-0.0423506,"top":51.4899,"EASTING":535910,"NORTHING":178430,"Latitude":51.4885,"Longitude":-0.0438591,"in_cw":false,"whole_in_zone":true},"geometry":{"type":"Point","coordinates":[-0.043859,51.4885]}},
{"type":"Feature","properties":{"lsoa":"E01003245","oa":"E00016406","left":-0.0483229,"bottom":51.4865,"right":-0.0437689,"top":51.4898,"EASTING":535670,"NORTHING":178490,"Latitude":51.4891,"Longitude":-0.0473,"in_cw":false,"whole_in_zone":true},"geometry":{"type":"Point","coordinates":[-0.0473,51.4891]}},
{"type":"Feature","properties":{"lsoa":"E01003248","oa":"E00016407","left":-0.0419126,"bottom":51.4847,"right":-0.0370791,"top":51.4874,"EASTING":536300,"NORTHING":178090,"Latitude":51.4853,"Longitude":-0.0384,"in_cw":false,"whole_in_zone":true},"geometry":{"type":"Point","coordinates":[-0.0384,51.4853]}},
{"type":"Feature","properties":{"lsoa":"E01003247","oa":"E00016408","left":-0.0502492,"bottom":51.4851,"right":-0.0426995,"top":51.4883,"EASTING":535950,"NORTHING":178150,"Latitude":51.486,"Longitude":-0.0434,"in_cw":false,"whole_in_zone":true},"geometry":{"type":"Point","coordinates":[-0.0434,51.486]}},
{"type":"Feature","properties":{"lsoa":"E01003248","oa":"E00016409","left":-0.0343854,"bottom":51.4846,"right":-0.025336,"top":51.4895,"EASTING":536720,"NORTHING":178300,"Latitude":51.4871,"Longitude":-0.0323,"in_cw":false,"whole_in_zone":true},"geometry":{"type":"Point","coordinates":[-0.0323,51.4871]}},
{"type":"Feature","properties":{"lsoa":"E01003247","oa":"E00016410","left":-0.0427815,"bottom":51.4851,"right":-0.0391465,"top":51.4886,"EASTING":536100,"NORTHING":178350,"Latitude":51.4877,"Longitude":-0.0412,"in_cw":false,"whole_in_zone":true},"geometry":{"type":"Point","coordinates":[-0.0412,51.4877]}},
{"type":"Feature","properties":{"lsoa":"E01003248","oa":"E00016411","left":-0.039722,"bottom":51.4849,"right":-0.0341983,"top":51.4887,"EASTING":536360,"NORTHING":178280,"Latitude":51.487,"Longitude":-0.0374,"in_cw":false,"whole_in_zone":true},"geometry":{"type":"Point","coordinates":[-0.0374,51.487]}},
{"type":"Feature","properties":{"lsoa":"E01003246","oa":"E00016412","left":-0.0435326,"bottom":51.4822,"right":-0.0343015,"top":51.4859,"EASTING":536370,"NORTHING":177960,"Latitude":51.4842,"Longitude":-0.0374,"in_cw":false,"whole_in_zone":true},"geometry":{"type":"Point","coordinates":[-0.0374,51.4842]}},
{"type":"Feature","properties":{"lsoa":"E01003248","oa":"E00016413","left":-0.0357004,"bottom":51.4844,"right":-0.0328214,"top":51.4865,"EASTING":536580,"NORTHING":178090,"Latitude":51.4853,"Longitude":-0.0343,"in_cw":false,"whole_in_zone":true},"geometry":{"type":"Point","coordinates":[-0.0343,51.4853]}},
{"type":"Feature","properties":{"lsoa":"E01003246","oa":"E00016414","left":-0.0377423,"bottom":51.4831,"right":-0.0329838,"top":51.4849,"EASTING":536480,"NORTHING":177940,"Latitude":51.484,"Longitude":-0.0358,"in_cw":false,"whole_in_zone":true},"geometry":{"type":"Point","coordinates":[-0.0358,51.484]}},
{"type":"Feature","properties":{"lsoa":"E01003251","oa":"E00016415","left":-0.0337252,"bottom":51.4833,"right":-0.02717,"top":51.4873,"EASTING":536750,"NORTHING":178010,"Latitude":51.4845,"Longitude":-0.0319,"in_cw":false,"whole_in_zone":true},"geometry":{"type":"Point","coordinates":[-0.0319,51.4845]}},
{"type":"Feature","properties":{"lsoa":"E01003251","oa":"E00016416","left":-0.031154,"bottom":51.482,"right":-0.0289369,"top":51.4839,"EASTING":536900,"NORTHING":177870,"Latitude":51.4832,"Longitude":-0.0298259,"in_cw":false,"whole_in_zone":true},"geometry":{"type":"Point","coordinates":[-0.029826,51.4832]}},
{"type":"Feature","properties":{"lsoa":"E01003252","oa":"E00016417","left":-0.0352013,"bottom":51.4827,"right":-0.0308566,"top":51.4845,"EASTING":536640,"NORTHING":177900,"Latitude":51.4836,"Longitude":-0.0336,"in_cw":false,"whole_in_zone":true},"geometry":{"type":"Point","coordinates":[-0.0336,51.4836]}},
{"type":"Feature","properties":{"lsoa":"E01003246","oa":"E00016418","left":-0.0388561,"bottom":51.4792,"right":-0.0310703,"top":51.4829,"EASTING":536660,"NORTHING":177570,"Latitude":51.4806,"Longitude":-0.0334,"in_cw":false,"whole_in_zone":true},"geometry":{"type":"Point","coordinates":[-0.0334,51.4806]}},
{"type":"Feature","properties":{"lsoa":"E01003251","oa":"E00016419","left":-0.0300504,"bottom":51.482,"right":-0.0235176,"top":51.4879,"EASTING":537040,"NORTHING":177870,"Latitude":51.4832,"Longitude":-0.027811,"in_cw":false,"whole_in_zone":true},"geometry":{"type":"Point","coordinates":[-0.027811,51.4832]}},
{"type":"Feature","properties":{"lsoa":"E01003251","oa":"E00016420","left":-0.0299197,"bottom":51.4822,"right":-0.0280418,"top":51.484,"EASTING":536970,"NORTHING":177860,"Latitude":51.4831,"Longitude":-0.0288,"in_cw":false,"whole_in_zone":true},"geometry":{"type":"Point","coordinates":[-0.0288,51.4831]}},
{"type":"Feature","properties":{"lsoa":"E01003252","oa":"E00016421","left":-0.0334568,"bottom":51.4823,"right":-0.0317058,"top":51.484,"EASTING":536710,"NORTHING":177840,"Latitude":51.483,"Longitude":-0.0326,"in_cw":false,"whole_in_zone":true},"geometry":{"type":"Point","coordinates":[-0.0326,51.483]}},
{"type":"Feature","properties":{"lsoa":"E01003246","oa":"E00016422","left":-0.0392602,"bottom":51.4819,"right":-0.0328408,"top":51.4837,"EASTING":536540,"NORTHING":177820,"Latitude":51.4829,"Longitude":-0.035,"in_cw":false,"whole_in_zone":true},"geometry":{"type":"Point","coordinates":[-0.035,51.4829]}},
{"type":"Feature","properties":{"lsoa":"E01003252","oa":"E00016423","left":-0.0324881,"bottom":51.4817,"right":-0.0302676,"top":51.4834,"EASTING":536790,"NORTHING":177800,"Latitude":51.4826,"Longitude":-0.0314,"in_cw":false,"whole_in_zone":true},"geometry":{"type":"Point","coordinates":[-0.0314,51.4826]}},
{"type":"Feature","properties":{"lsoa":"E01003252","oa":"E00016424","left":-0.0344063,"bottom":51.4818,"right":-0.0323641,"top":51.4834,"EASTING":536630,"NORTHING":177800,"Latitude":51.4827,"Longitude":-0.0337389,"in_cw":false,"whole_in_zone":true},"geometry":{"type":"Point","coordinates":[-0.033739,51.4827]}},
{"type":"Feature","properties":{"lsoa":"E01003253","oa":"E00016426","left":-0.0279648,"bottom":51.4815,"right":-0.0255779,"top":51.4834,"EASTING":537120,"NORTHING":177760,"Latitude":51.4822,"Longitude":-0.0267,"in_cw":false,"whole_in_zone":true},"geometry":{"type":"Point","coordinates":[-0.0267,51.4822]}},
{"type":"Feature","properties":{"lsoa":"E01003252","oa":"E00016427","left":-0.0340559,"bottom":51.4806,"right":-0.0305468,"top":51.4824,"EASTING":536730,"NORTHING":177730,"Latitude":51.482,"Longitude":-0.0323,"in_cw":false,"whole_in_zone":true},"geometry":{"type":"Point","coordinates":[-0.0323,51.482]}},
{"type":"Feature","properties":{"lsoa":"E01003253","oa":"E00016428","left":-0.0281316,"bottom":51.4784,"right":-0.0229124,"top":51.482,"EASTING":537150,"NORTHING":177530,"Latitude":51.4801,"Longitude":-0.0264,"in_cw":false,"whole_in_zone":true},"geometry":{"type":"Point","coordinates":[-0.0264,51.4801]}},
{"type":"Feature","properties":{"lsoa":"E01003253","oa":"E00016429","left":-0.0261606,"bottom":51.4792,"right":-0.0230743,"top":51.4814,"EASTING":537250,"NORTHING":177590,"Latitude":51.4806,"Longitude":-0.0249,"in_cw":false,"whole_in_zone":true},"geometry":{"type":"Point","coordinates":[-0.0249,51.4806]}},
{"type":"Feature","properties":{"lsoa":"E01003253","oa":"E00016430","left":-0.0299441,"bottom":51.4795,"right":-0.0269126,"top":51.481,"EASTING":537040,"NORTHING":177560,"Latitude":51.4804,"Longitude":-0.0279,"in_cw":false,"whole_in_zone":true},"geometry":{"type":"Point","coordinates":[-0.0279,51.4804]}},
{"type":"Feature","properties":{"lsoa":"E01003249","oa":"E00016431","left":-0.0331841,"bottom":51.4905,"right":-0.0287944,"top":51.4936,"EASTING":536700,"NORTHING":178790,"Latitude":51.4915,"Longitude":-0.0323,"in_cw":false,"whole_in_zone":true},"geometry":{"type":"Point","coordinates":[-0.0323,51.4915]}},
{"type":"Feature","properties":{"lsoa":"E01003249","oa":"E00016432","left":-0.0346066,"bottom":51.4912,"right":-0.0318584,"top":51.493,"EASTING":536630,"NORTHING":178850,"Latitude":51.4921,"Longitude":-0.0333,"in_cw":false,"whole_in_zone":true},"geometry":{"type":"Point","coordinates":[-0.0333,51.4921]}},
{"type":"Feature","properties":{"lsoa":"E01003250","oa":"E00016433","left":-0.0388947,"bottom":51.4897,"right":-0.0342375,"top":51.4928,"EASTING":536470,"NORTHING":178720,"Latitude":51.491,"Longitude":-0.0357,"in_cw":false,"whole_in_zone":true},"geometry":{"type":"Point","coordinates":[-0.0357,51.491]}},
{"type":"Feature","properties":{"lsoa":"E01003249","oa":"E00016434","left":-0.0333872,"bottom":51.4886,"right":-0.0309401,"top":51.4907,"EASTING":536710,"NORTHING":178560,"Latitude":51.4895,"Longitude":-0.0323,"in_cw":false,"whole_in_zone":true},"geometry":{"type":"Point","coordinates":[-0.0323,51.4895]}},
{"type":"Feature","properties":{"lsoa":"E01003245","oa":"E00016435","left":-0.0486387,"bottom":51.489,"right":-0.0445687,"top":51.4907,"EASTING":535700,"NORTHING":178600,"Latitude":51.4901,"Longitude":-0.0468,"in_cw":false,"whole_in_zone":true},"geometry":{"type":"Point","coordinates":[-0.0468,51.4901]}},
{"type":"Feature","properties":{"lsoa":"E01003250","oa":"E00016436","left":-0.0425041,"bottom":51.489,"right":-0.0385957,"top":51.4903,"EASTING":536090,"NORTHING":178610,"Latitude":51.4901,"Longitude":-0.0412,"in_cw":false,"whole_in_zone":true},"geometry":{"type":"Point","coordinates":[-0.0412,51.4901]}},
{"type":"Feature","properties":{"lsoa":"E01003244","oa":"E00016437","left":-0.0368796,"bottom":51.4892,"right":-0.0333408,"top":51.4902,"EASTING":536510,"NORTHING":178600,"Latitude":51.4899,"Longitude":-0.0352,"in_cw":false,"whole_in_zone":true},"geometry":{"type":"Point","coordinates":[-0.0352,51.4899]}},
{"type":"Feature","properties":{"lsoa":"E01003247","oa":"E00016438","left":-0.0449359,"bottom":51.4884,"right":-0.0418459,"top":51.4901,"EASTING":535920,"NORTHING":178500,"Latitude":51.4891,"Longitude":-0.0437,"in_cw":false,"whole_in_zone":true},"geometry":{"type":"Point","coordinates":[-0.0437,51.4891]}},
{"type":"Feature","properties":{"lsoa":"E01003244","oa":"E00016439","left":-0.0363801,"bottom":51.4864,"right":-0.0328021,"top":51.4899,"EASTING":536620,"NORTHING":178560,"Latitude":51.4895,"Longitude":-0.0336,"in_cw":false,"whole_in_zone":true},"geometry":{"type":"Point","coordinates":[-0.0336,51.4895]}},
{"type":"Feature","properties":{"lsoa":"E01003250","oa":"E00016440","left":-0.0391764,"bottom":51.489,"right":-0.037513,"top":51.4901,"EASTING":536310,"NORTHING":178570,"Latitude":51.4897,"Longitude":-0.038,"in_cw":false,"whole_in_zone":true},"geometry":{"type":"Point","coordinates":[-0.038,51.4897]}},
{"type":"Feature","properties":{"lsoa":"E01003250","oa":"E00016441","left":-0.0405226,"bottom":51.4877,"right":-0.0362685,"top":51.4902,"EASTING":536260,"NORTHING":178500,"Latitude":51.489,"Longitude":-0.0387942,"in_cw":false,"whole_in_zone":true},"geometry":{"type":"Point","coordinates":[-0.038794,51.489]}},
{"type":"Feature","properties":{"lsoa":"E01003244","oa":"E00016442","left":-0.0337504,"bottom":51.4885,"right":-0.0327012,"top":51.4892,"EASTING":536650,"NORTHING":178500,"Latitude":51.4889,"Longitude":-0.0332,"in_cw":false,"whole_in_zone":true},"geometry":{"type":"Point","coordinates":[-0.0332,51.4889]}},
{"type":"Feature","properties":{"lsoa":"E01003301","oa":"E00016675","left":-0.0477005,"bottom":51.4799,"right":-0.0459089,"top":51.4813,"EASTING":535750,"NORTHING":177570,"Latitude":51.4808,"Longitude":-0.0465,"in_cw":false,"whole_in_zone":true},"geometry":{"type":"Point","coordinates":[-0.0465,51.4808]}},
{"type":"Feature","properties":{"lsoa":"E01003300","oa":"E00016676","left":-0.038601,"bottom":51.4792,"right":-0.035547,"top":51.4814,"EASTING":536410,"NORTHING":177530,"Latitude":51.4803,"Longitude":-0.037,"in_cw":false,"whole_in_zone":true},"geometry":{"type":"Point","coordinates":[-0.037,51.4803]}},
{"type":"Feature","properties":{"lsoa":"E01003301","oa":"E00016677","left":-0.0419229,"bottom":51.4759,"right":-0.0370104,"top":51.479,"EASTING":536260,"NORTHING":177210,"Latitude":51.4774,"Longitude":-0.0393,"in_cw":false,"whole_in_zone":true},"geometry":{"type":"Point","coordinates":[-0.0393,51.4774]}},
{"type":"Feature","properties":{"lsoa":"E01003298","oa":"E00016678","left":-0.0414257,"bottom":51.4797,"right":-0.0394982,"top":51.4812,"EASTING":536180,"NORTHING":177530,"Latitude":51.4803,"Longitude":-0.0403,"in_cw":false,"whole_in_zone":true},"geometry":{"type":"Point","coordinates":[-0.0403,51.4803]}},
{"type":"Feature","properties":{"lsoa":"E01003305","oa":"E00016679","left":-0.0499256,"bottom":51.4796,"right":-0.0461714,"top":51.4809,"EASTING":535690,"NORTHING":177520,"Latitude":51.4804,"Longitude":-0.0474,"in_cw":false,"whole_in_zone":true},"geometry":{"type":"Point","coordinates":[-0.0474,51.4804]}},
{"type":"Feature","properties":{"lsoa":"E01003297","oa":"E00016680","left":-0.0510627,"bottom":51.4799,"right":-0.0480559,"top":51.4814,"EASTING":535530,"NORTHING":177580,"Latitude":51.4809,"Longitude":-0.0497,"in_cw":false,"whole_in_zone":true},"geometry":{"type":"Point","coordinates":[-0.0497,51.4809]}},
{"type":"Feature","properties":{"lsoa":"E01003304","oa":"E00016682","left":-0.0315221,"bottom":51.4762,"right":-0.0293639,"top":51.4778,"EASTING":536920,"NORTHING":177170,"Latitude":51.4769,"Longitude":-0.0298,"in_cw":false,"whole_in_zone":true},"geometry":{"type":"Point","coordinates":[-0.0298,51.4769]}},
{"type":"Feature","properties":{"lsoa":"E01003301","oa":"E00016683","left":-0.0426826,"bottom":51.4786,"right":-0.0402985,"top":51.4812,"EASTING":536090,"NORTHING":177460,"Latitude":51.4797,"Longitude":-0.0416,"in_cw":false,"whole_in_zone":true},"geometry":{"type":"Point","coordinates":[-0.0416,51.4797]}},
{"type":"Feature","properties":{"lsoa":"E01003302","oa":"E00016684","left":-0.0540945,"bottom":51.4787,"right":-0.0498237,"top":51.4803,"EASTING":535410,"NORTHING":177410,"Latitude":51.4794,"Longitude":-0.0514,"in_cw":false,"whole_in_zone":true},"geometry":{"type":"Point","coordinates":[-0.0514,51.4794]}},
{"type":"Feature","properties":{"lsoa":"E01003300","oa":"E00016685","left":-0.0391963,"bottom":51.4779,"right":-0.0340551,"top":51.4801,"EASTING":536360,"NORTHING":177400,"Latitude":51.4791,"Longitude":-0.0378,"in_cw":false,"whole_in_zone":true},"geometry":{"type":"Point","coordinates":[-0.0378,51.4791]}},
{"type":"Feature","properties":{"lsoa":"E01003304","oa":"E00016686","left":-0.0306048,"bottom":51.4776,"right":-0.0284943,"top":51.4803,"EASTING":536950,"NORTHING":177410,"Latitude":51.4791,"Longitude":-0.0293,"in_cw":false,"whole_in_zone":true},"geometry":{"type":"Point","coordinates":[-0.0293,51.4791]}},
{"type":"Feature","properties":{"lsoa":"E01003302","oa":"E00016687","left":-0.0535004,"bottom":51.4794,"right":-0.050538,"top":51.4812,"EASTING":535400,"NORTHING":177470,"Latitude":51.48,"Longitude":-0.0516,"in_cw":false,"whole_in_zone":true},"geometry":{"type":"Point","coordinates":[-0.0516,51.48]}},
{"type":"Feature","properties":{"lsoa":"E01003303","oa":"E00016688","left":-0.0323708,"bottom":51.4776,"right":-0.0300064,"top":51.4797,"EASTING":536830,"NORTHING":177340,"Latitude":51.4785,"Longitude":-0.031,"in_cw":false,"whole_in_zone":true},"geometry":{"type":"Point","coordinates":[-0.031,51.4785]}},
{"type":"Feature","properties":{"lsoa":"E01003305","oa":"E00016689","left":-0.0503514,"bottom":51.479,"right":-0.0462141,"top":51.4803,"EASTING":535570,"NORTHING":177420,"Latitude":51.4795,"Longitude":-0.0491,"in_cw":false,"whole_in_zone":true},"geometry":{"type":"Point","coordinates":[-0.0491,51.4795]}},
{"type":"Feature","properties":{"lsoa":"E01003300","oa":"E00016690","left":-0.0377678,"bottom":51.4787,"right":-0.0346551,"top":51.4821,"EASTING":536460,"NORTHING":177430,"Latitude":51.4794,"Longitude":-0.0363,"in_cw":false,"whole_in_zone":true},"geometry":{"type":"Point","coordinates":[-0.0363,51.4794]}},
{"type":"Feature","properties":{"lsoa":"E01003300","oa":"E00016691","left":-0.0402985,"bottom":51.4772,"right":-0.0378723,"top":51.4794,"EASTING":536280,"NORTHING":177310,"Latitude":51.4783,"Longitude":-0.039,"in_cw":false,"whole_in_zone":true},"geometry":{"type":"Point","coordinates":[-0.039,51.4783]}},
{"type":"Feature","properties":{"lsoa":"E01003305","oa":"E00016693","left":-0.0481632,"bottom":51.4772,"right":-0.0457299,"top":51.4798,"EASTING":535710,"NORTHING":177320,"Latitude":51.4786,"Longitude":-0.0472,"in_cw":false,"whole_in_zone":true},"geometry":{"type":"Point","coordinates":[-0.0472,51.4786]}},
{"type":"Feature","properties":{"lsoa":"E01003302","oa":"E00016694","left":-0.0543289,"bottom":51.4771,"right":-0.0504078,"top":51.4795,"EASTING":535390,"NORTHING":177320,"Latitude":51.4786,"Longitude":-0.0518,"in_cw":false,"whole_in_zone":true},"geometry":{"type":"Point","coordinates":[-0.0518,51.4786]}},
{"type":"Feature","properties":{"lsoa":"E01003303","oa":"E00016695","left":-0.0347974,"bottom":51.4779,"right":-0.0300684,"top":51.4805,"EASTING":536800,"NORTHING":177470,"Latitude":51.4797,"Longitude":-0.0314,"in_cw":false,"whole_in_zone":true},"geometry":{"type":"Point","coordinates":[-0.0314,51.4797]}},
{"type":"Feature","properties":{"lsoa":"E01032579","oa":"E00016696","left":-0.0227185,"bottom":51.4775,"right":-0.0209724,"top":51.4784,"EASTING":537500,"NORTHING":177290,"Latitude":51.4779,"Longitude":-0.0214,"in_cw":false,"whole_in_zone":true},"geometry":{"type":"Point","coordinates":[-0.0214,51.4779]}},
{"type":"Feature","properties":{"lsoa":"E01003301","oa":"E00016697","left":-0.0441342,"bottom":51.4757,"right":-0.03939,"top":51.4795,"EASTING":536100,"NORTHING":177240,"Latitude":51.4778,"Longitude":-0.0416,"in_cw":false,"whole_in_zone":true},"geometry":{"type":"Point","coordinates":[-0.0416,51.4778]}},
{"type":"Feature","properties":{"lsoa":"E01032579","oa":"E00016698","left":-0.0253537,"bottom":51.4753,"right":-0.0190429,"top":51.4779,"EASTING":537500,"NORTHING":177230,"Latitude":51.4773,"Longitude":-0.0214,"in_cw":false,"whole_in_zone":true},"geometry":{"type":"Point","coordinates":[-0.0214,51.4773]}},
{"type":"Feature","properties":{"lsoa":"E01003304","oa":"E00016699","left":-0.0300286,"bottom":51.4762,"right":-0.0278329,"top":51.4792,"EASTING":536970,"NORTHING":177290,"Latitude":51.478,"Longitude":-0.029,"in_cw":false,"whole_in_zone":true},"geometry":{"type":"Point","coordinates":[-0.029,51.478]}},
{"type":"Feature","properties":{"lsoa":"E01003305","oa":"E00016701","left":-0.0506446,"bottom":51.4779,"right":-0.0478415,"top":51.4791,"EASTING":535600,"NORTHING":177320,"Latitude":51.4786,"Longitude":-0.0487,"in_cw":false,"whole_in_zone":true},"geometry":{"type":"Point","coordinates":[-0.0487,51.4786]}},
{"type":"Feature","properties":{"lsoa":"E01003304","oa":"E00016702","left":-0.0289031,"bottom":51.4766,"right":-0.0264323,"top":51.4797,"EASTING":537050,"NORTHING":177370,"Latitude":51.4787,"Longitude":-0.0279,"in_cw":false,"whole_in_zone":true},"geometry":{"type":"Point","coordinates":[-0.0279,51.4787]}},
{"type":"Feature","properties":{"lsoa":"E01032579","oa":"E00016703","left":-0.0253035,"bottom":51.4763,"right":-0.022499,"top":51.4777,"EASTING":537350,"NORTHING":177220,"Latitude":51.4773,"Longitude":-0.0236019,"in_cw":false,"whole_in_zone":true},"geometry":{"type":"Point","coordinates":[-0.023602,51.4773]}},
{"type":"Feature","properties":{"lsoa":"E01003303","oa":"E00016705","left":-0.0337176,"bottom":51.4752,"right":-0.0281027,"top":51.4782,"EASTING":536900,"NORTHING":177060,"Latitude":51.4759,"Longitude":-0.0301,"in_cw":false,"whole_in_zone":true},"geometry":{"type":"Point","coordinates":[-0.0301,51.4759]}},
{"type":"Feature","properties":{"lsoa":"E01003299","oa":"E00016706","left":-0.0489371,"bottom":51.4753,"right":-0.0455586,"top":51.4775,"EASTING":535720,"NORTHING":177110,"Latitude":51.4767,"Longitude":-0.0471,"in_cw":false,"whole_in_zone":true},"geometry":{"type":"Point","coordinates":[-0.0471,51.4767]}},
{"type":"Feature","properties":{"lsoa":"E01003304","oa":"E00016707","left":-0.0281826,"bottom":51.4759,"right":-0.0226351,"top":51.4791,"EASTING":537170,"NORTHING":177170,"Latitude":51.4769,"Longitude":-0.0262,"in_cw":false,"whole_in_zone":true},"geometry":{"type":"Point","coordinates":[-0.0262,51.4769]}},
{"type":"Feature","properties":{"lsoa":"E01003299","oa":"E00016708","left":-0.0470688,"bottom":51.4757,"right":-0.0421886,"top":51.4772,"EASTING":535870,"NORTHING":177080,"Latitude":51.4764,"Longitude":-0.045,"in_cw":false,"whole_in_zone":true},"geometry":{"type":"Point","coordinates":[-0.045,51.4764]}},
{"type":"Feature","properties":{"lsoa":"E01003299","oa":"E00016709","left":-0.0458575,"bottom":51.4766,"right":-0.0434336,"top":51.4788,"EASTING":535880,"NORTHING":177210,"Latitude":51.4775,"Longitude":-0.0447599,"in_cw":false,"whole_in_zone":true},"geometry":{"type":"Point","coordinates":[-0.04476,51.4775]}},
{"type":"Feature","properties":{"lsoa":"E01003303","oa":"E00016710","left":-0.0384513,"bottom":51.4758,"right":-0.0322881,"top":51.4784,"EASTING":536560,"NORTHING":177100,"Latitude":51.4764,"Longitude":-0.035,"in_cw":false,"whole_in_zone":true},"geometry":{"type":"Point","coordinates":[-0.035,51.4764]}},
{"type":"Feature","properties":{"lsoa":"E01003304","oa":"E00016711","left":-0.0297901,"bottom":51.475,"right":-0.0258926,"top":51.4766,"EASTING":537010,"NORTHING":177060,"Latitude":51.4759,"Longitude":-0.0286,"in_cw":false,"whole_in_zone":true},"geometry":{"type":"Point","coordinates":[-0.0286,51.4759]}},
{"type":"Feature","properties":{"lsoa":"E01003303","oa":"E00016712","left":-0.0410051,"bottom":51.4748,"right":-0.0341624,"top":51.4764,"EASTING":536360,"NORTHING":177020,"Latitude":51.4757,"Longitude":-0.0379,"in_cw":false,"whole_in_zone":true},"geometry":{"type":"Point","coordinates":[-0.0379,51.4757]}},
{"type":"Feature","properties":{"lsoa":"E01032579","oa":"E00016713","left":-0.0262075,"bottom":51.4745,"right":-0.0225273,"top":51.4761,"EASTING":537270,"NORTHING":177010,"Latitude":51.4754,"Longitude":-0.0248,"in_cw":false,"whole_in_zone":true},"geometry":{"type":"Point","coordinates":[-0.0248,51.4754]}},
{"type":"Feature","properties":{"lsoa":"E01003299","oa":"E00016714","left":-0.0468973,"bottom":51.4743,"right":-0.0434291,"top":51.4762,"EASTING":535850,"NORTHING":176970,"Latitude":51.4754,"Longitude":-0.0453,"in_cw":false,"whole_in_zone":true},"geometry":{"type":"Point","coordinates":[-0.0453,51.4754]}},
{"type":"Feature","properties":{"lsoa":"E01003299","oa":"E00016715","left":-0.0454402,"bottom":51.4743,"right":-0.0406176,"top":51.4767,"EASTING":535990,"NORTHING":176940,"Latitude":51.4751,"Longitude":-0.0433,"in_cw":false,"whole_in_zone":true},"geometry":{"type":"Point","coordinates":[-0.0433,51.4751]}},
{"type":"Feature","properties":{"lsoa":"E01003297","oa":"E00016716","left":-0.0540158,"bottom":51.4811,"right":-0.0434148,"top":51.4881,"EASTING":535610,"NORTHING":177820,"Latitude":51.4831,"Longitude":-0.0484,"in_cw":false,"whole_in_zone":true},"geometry":{"type":"Point","coordinates":[-0.0484,51.4831]}},
{"type":"Feature","properties":{"lsoa":"E01003297","oa":"E00016717","left":-0.0486578,"bottom":51.4831,"right":-0.0466206,"top":51.4844,"EASTING":535650,"NORTHING":177900,"Latitude":51.4838,"Longitude":-0.047805,"in_cw":false,"whole_in_zone":true},"geometry":{"type":"Point","coordinates":[-0.047805,51.4838]}},
{"type":"Feature","properties":{"lsoa":"E01003302","oa":"E00016718","left":-0.0516322,"bottom":51.4822,"right":-0.049471,"top":51.4835,"EASTING":535480,"NORTHING":177790,"Latitude":51.4828,"Longitude":-0.0503,"in_cw":false,"whole_in_zone":true},"geometry":{"type":"Point","coordinates":[-0.0503,51.4828]}},
{"type":"Feature","properties":{"lsoa":"E01003297","oa":"E00016719","left":-0.0531051,"bottom":51.4827,"right":-0.0493897,"top":51.4846,"EASTING":535390,"NORTHING":177820,"Latitude":51.4831,"Longitude":-0.0516,"in_cw":false,"whole_in_zone":true},"geometry":{"type":"Point","coordinates":[-0.0516,51.4831]}},
{"type":"Feature","properties":{"lsoa":"E01003297","oa":"E00016720","left":-0.0507643,"bottom":51.4812,"right":-0.0466206,"top":51.4835,"EASTING":535660,"NORTHING":177780,"Latitude":51.4827,"Longitude":-0.0477071,"in_cw":false,"whole_in_zone":true},"geometry":{"type":"Point","coordinates":[-0.047707,51.4827]}},
{"type":"Feature","properties":{"lsoa":"E01003302","oa":"E00016721","left":-0.053494,"bottom":51.4805,"right":-0.0504758,"top":51.4828,"EASTING":535360,"NORTHING":177650,"Latitude":51.4816,"Longitude":-0.0521,"in_cw":false,"whole_in_zone":true},"geometry":{"type":"Point","coordinates":[-0.0521,51.4816]}},
{"type":"Feature","properties":{"lsoa":"E01003298","oa":"E00016722","left":-0.0418865,"bottom":51.481,"right":-0.0370627,"top":51.4828,"EASTING":536240,"NORTHING":177700,"Latitude":51.4819,"Longitude":-0.0394,"in_cw":false,"whole_in_zone":true},"geometry":{"type":"Point","coordinates":[-0.0394,51.4819]}},
{"type":"Feature","properties":{"lsoa":"E01003302","oa":"E00016723","left":-0.0521594,"bottom":51.4813,"right":-0.0498126,"top":51.4825,"EASTING":535440,"NORTHING":177700,"Latitude":51.482,"Longitude":-0.0509,"in_cw":false,"whole_in_zone":true},"geometry":{"type":"Point","coordinates":[-0.0509,51.482]}},
{"type":"Feature","properties":{"lsoa":"E01003298","oa":"E00016724","left":-0.0460099,"bottom":51.4798,"right":-0.0405061,"top":51.4841,"EASTING":536060,"NORTHING":177650,"Latitude":51.4814,"Longitude":-0.042,"in_cw":false,"whole_in_zone":true},"geometry":{"type":"Point","coordinates":[-0.042,51.4814]}},
{"type":"Feature","properties":{"lsoa":"E01003297","oa":"E00016725","left":-0.0488643,"bottom":51.4808,"right":-0.0465122,"top":51.4819,"EASTING":535650,"NORTHING":177630,"Latitude":51.4814,"Longitude":-0.0479,"in_cw":false,"whole_in_zone":true},"geometry":{"type":"Point","coordinates":[-0.0479,51.4814]}},
{"type":"Feature","properties":{"lsoa":"E01003300","oa":"E00016726","left":-0.0392284,"bottom":51.48,"right":-0.0375815,"top":51.4811,"EASTING":536290,"NORTHING":177550,"Latitude":51.4805,"Longitude":-0.0387,"in_cw":false,"whole_in_zone":true},"geometry":{"type":"Point","coordinates":[-0.0387,51.4805]}},
{"type":"Feature","properties":{"lsoa":"E01003298","oa":"E00016727","left":-0.0409294,"bottom":51.479,"right":-0.0385603,"top":51.4817,"EASTING":536220,"NORTHING":177590,"Latitude":51.4809,"Longitude":-0.0397,"in_cw":false,"whole_in_zone":true},"geometry":{"type":"Point","coordinates":[-0.0397,51.4809]}},
{"type":"Feature","properties":{"lsoa":"E01003338","oa":"E00016881","left":-0.0527526,"bottom":51.4756,"right":-0.0500985,"top":51.478,"EASTING":535380,"NORTHING":177150,"Latitude":51.4771,"Longitude":-0.052,"in_cw":false,"whole_in_zone":true},"geometry":{"type":"Point","coordinates":[-0.052,51.4771]}},
{"type":"Feature","properties":{"lsoa":"E01003338","oa":"E00016915","left":-0.0504416,"bottom":51.4748,"right":-0.0468478,"top":51.477,"EASTING":535610,"NORTHING":177040,"Latitude":51.4761,"Longitude":-0.0487,"in_cw":false,"whole_in_zone":true},"geometry":{"type":"Point","coordinates":[-0.0487,51.4761]}},
{"type":"Feature","properties":{"lsoa":"E01003338","oa":"E00016916","left":-0.0527551,"bottom":51.4751,"right":-0.0496842,"top":51.4767,"EASTING":535460,"NORTHING":177040,"Latitude":51.4761,"Longitude":-0.0509,"in_cw":false,"whole_in_zone":true},"geometry":{"type":"Point","coordinates":[-0.0509,51.4761]}},
{"type":"Feature","properties":{"lsoa":"E01003338","oa":"E00016920","left":-0.0527651,"bottom":51.4736,"right":-0.0512264,"top":51.4752,"EASTING":535380,"NORTHING":176830,"Latitude":51.4742,"Longitude":-0.0521008,"in_cw":false,"whole_in_zone":true},"geometry":{"type":"Point","coordinates":[-0.052101,51.4742]}},
{"type":"Feature","properties":{"lsoa":"E01003502","oa":"E00017682","left":0.0100099,"bottom":51.5196,"right":0.0123488,"top":51.5218,"EASTING":539620,"NORTHING":182180,"Latitude":51.5213,"Longitude":0.0110249,"in_cw":false,"whole_in_zone":true},"geometry":{"type":"Point","coordinates":[0.011025,51.5213]}},
{"type":"Feature","properties":{"lsoa":"E01003502","oa":"E00017683","left":0.0120694,"bottom":51.5196,"right":0.0161639,"top":51.521,"EASTING":539800,"NORTHING":182090,"Latitude":51.5204,"Longitude":0.0136,"in_cw":false,"whole_in_zone":true},"geometry":{"type":"Point","coordinates":[0.0136,51.5204]}},
{"type":"Feature","properties":{"lsoa":"E01003503","oa":"E00017684","left":0.00911716,"bottom":51.5172,"right":0.0118994,"top":51.5199,"EASTING":539580,"NORTHING":181920,"Latitude":51.519,"Longitude":0.0103,"in_cw":false,"whole_in_zone":true},"geometry":{"type":"Point","coordinates":[0.0103,51.519]}},
{"type":"Feature","properties":{"lsoa":"E01003497","oa":"E00017700","left":-0.00903774,"bottom":51.5166,"right":0.00947491,"top":51.5239,"EASTING":539230,"NORTHING":182030,"Latitude":51.52,"Longitude":0.00535,"in_cw":false,"whole_in_zone":true},"geometry":{"type":"Point","coordinates":[0.00535,51.52]}},
{"type":"Feature","properties":{"lsoa":"E01003501","oa":"E00017703","left":0.0113044,"bottom":51.5207,"right":0.0157809,"top":51.5228,"EASTING":539780,"NORTHING":182160,"Latitude":51.5211,"Longitude":0.0133,"in_cw":false,"whole_in_zone":true},"geometry":{"type":"Point","coordinates":[0.0133,51.5211]}},
{"type":"Feature","properties":{"lsoa":"E01003497","oa":"E00017704","left":0.00702898,"bottom":51.5199,"right":0.00971268,"top":51.5214,"EASTING":539450,"NORTHING":182110,"Latitude":51.5207,"Longitude":0.00855,"in_cw":false,"whole_in_zone":true},"geometry":{"type":"Point","coordinates":[0.00855,51.5207]}},
{"type":"Feature","properties":{"lsoa":"E01003501","oa":"E00017705","left":0.0122854,"bottom":51.521,"right":0.0157164,"top":51.5229,"EASTING":539820,"NORTHING":182270,"Latitude":51.522,"Longitude":0.0139,"in_cw":false,"whole_in_zone":true},"geometry":{"type":"Point","coordinates":[0.0139,51.522]}},
{"type":"Feature","properties":{"lsoa":"E01003497","oa":"E00017706","left":0.00762829,"bottom":51.5208,"right":0.0100566,"top":51.5227,"EASTING":539480,"NORTHING":182220,"Latitude":51.5217,"Longitude":0.00902,"in_cw":false,"whole_in_zone":true},"geometry":{"type":"Point","coordinates":[0.00902,51.5217]}},
{"type":"Feature","properties":{"lsoa":"E01003497","oa":"E00017709","left":0.0089474,"bottom":51.5178,"right":0.0113885,"top":51.5211,"EASTING":539550,"NORTHING":182040,"Latitude":51.52,"Longitude":0.00996,"in_cw":false,"whole_in_zone":true},"geometry":{"type":"Point","coordinates":[0.00996,51.52]}},
{"type":"Feature","properties":{"lsoa":"E01003503","oa":"E00017710","left":0.0128249,"bottom":51.5176,"right":0.0159193,"top":51.52,"EASTING":539850,"NORTHING":181950,"Latitude":51.5192,"Longitude":0.0142,"in_cw":false,"whole_in_zone":true},"geometry":{"type":"Point","coordinates":[0.0142,51.5192]}},
{"type":"Feature","properties":{"lsoa":"E01003502","oa":"E00017712","left":0.0128766,"bottom":51.5167,"right":0.017334,"top":51.519,"EASTING":539880,"NORTHING":181790,"Latitude":51.5177,"Longitude":0.0146,"in_cw":false,"whole_in_zone":true},"geometry":{"type":"Point","coordinates":[0.0146,51.5177]}},
{"type":"Feature","properties":{"lsoa":"E01003503","oa":"E00017713","left":0.0105151,"bottom":51.5181,"right":0.0135941,"top":51.5198,"EASTING":539680,"NORTHING":181950,"Latitude":51.5192,"Longitude":0.0118,"in_cw":false,"whole_in_zone":true},"geometry":{"type":"Point","coordinates":[0.0118,51.5192]}},
{"type":"Feature","properties":{"lsoa":"E01003502","oa":"E00017714","left":0.0105915,"bottom":51.5169,"right":0.0139707,"top":51.5192,"EASTING":539710,"NORTHING":181850,"Latitude":51.5183,"Longitude":0.0122,"in_cw":false,"whole_in_zone":true},"geometry":{"type":"Point","coordinates":[0.0122,51.5183]}},
{"type":"Feature","properties":{"lsoa":"E01003497","oa":"E00017715","left":-0.000280565,"bottom":51.5146,"right":0.00800541,"top":51.5192,"EASTING":539330,"NORTHING":181820,"Latitude":51.5181,"Longitude":0.00671,"in_cw":false,"whole_in_zone":true},"geometry":{"type":"Point","coordinates":[0.00671,51.5181]}},
{"type":"Feature","properties":{"lsoa":"E01003503","oa":"E00017717","left":0.0105562,"bottom":51.5162,"right":0.0147709,"top":51.5178,"EASTING":539790,"NORTHING":181700,"Latitude":51.5169,"Longitude":0.0133,"in_cw":false,"whole_in_zone":true},"geometry":{"type":"Point","coordinates":[0.0133,51.5169]}},
{"type":"Feature","properties":{"lsoa":"E01033585","oa":"E00017750","left":0.0125989,"bottom":51.5152,"right":0.0153107,"top":51.5168,"EASTING":539850,"NORTHING":181590,"Latitude":51.5159,"Longitude":0.0141,"in_cw":false,"whole_in_zone":true},"geometry":{"type":"Point","coordinates":[0.0141,51.5159]}},
{"type":"Feature","properties":{"lsoa":"E01033585","oa":"E00017758","left":0.0116969,"bottom":51.5115,"right":0.0155814,"top":51.5148,"EASTING":539830,"NORTHING":181370,"Latitude":51.514,"Longitude":0.0137,"in_cw":false,"whole_in_zone":true},"geometry":{"type":"Point","coordinates":[0.0137,51.514]}},
{"type":"Feature","properties":{"lsoa":"E01033585","oa":"E00017759","left":0.00895114,"bottom":51.5114,"right":0.0129101,"top":51.5144,"EASTING":539630,"NORTHING":181230,"Latitude":51.5127,"Longitude":0.0108,"in_cw":false,"whole_in_zone":true},"geometry":{"type":"Point","coordinates":[0.0108,51.5127]}},
{"type":"Feature","properties":{"lsoa":"E01003916","oa":"E00019690","left":-0.0850419,"bottom":51.4782,"right":-0.0825078,"top":51.4801,"EASTING":533150,"NORTHING":177320,"Latitude":51.4792,"Longitude":-0.0840058,"in_cw":false,"whole_in_zone":true},"geometry":{"type":"Point","coordinates":[-0.084006,51.4792]}},
{"type":"Feature","properties":{"lsoa":"E01003917","oa":"E00019691","left":-0.0856044,"bottom":51.4747,"right":-0.0830882,"top":51.4775,"EASTING":533140,"NORTHING":176940,"Latitude":51.4758,"Longitude":-0.0843,"in_cw":false,"whole_in_zone":true},"geometry":{"type":"Point","coordinates":[-0.0843,51.4758]}},
{"type":"Feature","properties":{"lsoa":"E01003917","oa":"E00019692","left":-0.0883872,"bottom":51.4753,"right":-0.0849683,"top":51.4773,"EASTING":532950,"NORTHING":177000,"Latitude":51.4763,"Longitude":-0.087,"in_cw":false,"whole_in_zone":true},"geometry":{"type":"Point","coordinates":[-0.087,51.4763]}},
{"type":"Feature","properties":{"lsoa":"E01003916","oa":"E00019705","left":-0.0854654,"bottom":51.4781,"right":-0.0813972,"top":51.481,"EASTING":533210,"NORTHING":177380,"Latitude":51.4797,"Longitude":-0.0831,"in_cw":false,"whole_in_zone":true},"geometry":{"type":"Point","coordinates":[-0.0831,51.4797]}},
{"type":"Feature","properties":{"lsoa":"E01003916","oa":"E00019706","left":-0.0882738,"bottom":51.4771,"right":-0.0836325,"top":51.4809,"EASTING":533030,"NORTHING":177180,"Latitude":51.4779,"Longitude":-0.0858,"in_cw":false,"whole_in_zone":true},"geometry":{"type":"Point","coordinates":[-0.0858,51.4779]}},
{"type":"Feature","properties":{"lsoa":"E01003917","oa":"E00019707","left":-0.0853526,"bottom":51.4765,"right":-0.0831645,"top":51.4782,"EASTING":533150,"NORTHING":177120,"Latitude":51.4774,"Longitude":-0.0841,"in_cw":false,"whole_in_zone":true},"geometry":{"type":"Point","coordinates":[-0.0841,51.4774]}},
{"type":"Feature","properties":{"lsoa":"E01003916","oa":"E00019709","left":-0.0837404,"bottom":51.4759,"right":-0.0817794,"top":51.4781,"EASTING":533250,"NORTHING":177070,"Latitude":51.4769,"Longitude":-0.0827,"in_cw":false,"whole_in_zone":true},"geometry":{"type":"Point","coordinates":[-0.0827,51.4769]}},
{"type":"Feature","properties":{"lsoa":"E01003912","oa":"E00019710","left":-0.0817954,"bottom":51.4757,"right":-0.0793924,"top":51.4772,"EASTING":533380,"NORTHING":177040,"Latitude":51.4766,"Longitude":-0.0808,"in_cw":false,"whole_in_zone":true},"geometry":{"type":"Point","coordinates":[-0.0808,51.4766]}},
{"type":"Feature","properties":{"lsoa":"E01003917","oa":"E00019711","left":-0.0900076,"bottom":51.4752,"right":-0.0872982,"top":51.4769,"EASTING":532810,"NORTHING":176970,"Latitude":51.4761,"Longitude":-0.089,"in_cw":false,"whole_in_zone":true},"geometry":{"type":"Point","coordinates":[-0.089,51.4761]}},
{"type":"Feature","properties":{"lsoa":"E01003917","oa":"E00019712","left":-0.084419,"bottom":51.4754,"right":-0.0821134,"top":51.4766,"EASTING":533220,"NORTHING":176980,"Latitude":51.4761,"Longitude":-0.0831,"in_cw":false,"whole_in_zone":true},"geometry":{"type":"Point","coordinates":[-0.0831,51.4761]}},
{"type":"Feature","properties":{"lsoa":"E01003912","oa":"E00019713","left":-0.0825081,"bottom":51.4741,"right":-0.0774333,"top":51.4759,"EASTING":533490,"NORTHING":176830,"Latitude":51.4747,"Longitude":-0.0792977,"in_cw":false,"whole_in_zone":true},"geometry":{"type":"Point","coordinates":[-0.079298,51.4747]}},
{"type":"Feature","properties":{"lsoa":"E01003912","oa":"E00019714","left":-0.0812988,"bottom":51.4747,"right":-0.0793391,"top":51.4756,"EASTING":533460,"NORTHING":176910,"Latitude":51.4754,"Longitude":-0.0796992,"in_cw":false,"whole_in_zone":true},"geometry":{"type":"Point","coordinates":[-0.079699,51.4754]}},
{"type":"Feature","properties":{"lsoa":"E01003911","oa":"E00019716","left":-0.0887012,"bottom":51.4738,"right":-0.0846971,"top":51.4756,"EASTING":532910,"NORTHING":176820,"Latitude":51.4747,"Longitude":-0.0876,"in_cw":false,"whole_in_zone":true},"geometry":{"type":"Point","coordinates":[-0.0876,51.4747]}},
{"type":"Feature","properties":{"lsoa":"E01003917","oa":"E00019718","left":-0.0898683,"bottom":51.4744,"right":-0.0884954,"top":51.4762,"EASTING":532790,"NORTHING":176860,"Latitude":51.4751,"Longitude":-0.0894,"in_cw":false,"whole_in_zone":true},"geometry":{"type":"Point","coordinates":[-0.0894,51.4751]}},
{"type":"Feature","properties":{"lsoa":"E01003911","oa":"E00019719","left":-0.0860203,"bottom":51.4739,"right":-0.0837401,"top":51.4752,"EASTING":533080,"NORTHING":176790,"Latitude":51.4744,"Longitude":-0.0852,"in_cw":false,"whole_in_zone":true},"geometry":{"type":"Point","coordinates":[-0.0852,51.4744]}},
{"type":"Feature","properties":{"lsoa":"E01003920","oa":"E00019727","left":-0.0957346,"bottom":51.477,"right":-0.0919143,"top":51.4791,"EASTING":532490,"NORTHING":177180,"Latitude":51.4781,"Longitude":-0.0936,"in_cw":false,"whole_in_zone":true},"geometry":{"type":"Point","coordinates":[-0.0936,51.4781]}},
{"type":"Feature","properties":{"lsoa":"E01003925","oa":"E00019728","left":-0.091764,"bottom":51.4777,"right":-0.0877826,"top":51.4791,"EASTING":532750,"NORTHING":177220,"Latitude":51.4784,"Longitude":-0.0898,"in_cw":false,"whole_in_zone":true},"geometry":{"type":"Point","coordinates":[-0.0898,51.4784]}},
{"type":"Feature","properties":{"lsoa":"E01003918","oa":"E00019730","left":-0.088376,"bottom":51.4769,"right":-0.0857996,"top":51.4782,"EASTING":532960,"NORTHING":177130,"Latitude":51.4775,"Longitude":-0.0868,"in_cw":false,"whole_in_zone":true},"geometry":{"type":"Point","coordinates":[-0.0868,51.4775]}},
{"type":"Feature","properties":{"lsoa":"E01003918","oa":"E00019732","left":-0.0914425,"bottom":51.4765,"right":-0.0890509,"top":51.478,"EASTING":532730,"NORTHING":177100,"Latitude":51.4773,"Longitude":-0.0901,"in_cw":false,"whole_in_zone":true},"geometry":{"type":"Point","coordinates":[-0.0901,51.4773]}},
{"type":"Feature","properties":{"lsoa":"E01003918","oa":"E00019733","left":-0.0931328,"bottom":51.4755,"right":-0.0903257,"top":51.4773,"EASTING":532620,"NORTHING":176980,"Latitude":51.4762,"Longitude":-0.0918,"in_cw":false,"whole_in_zone":true},"geometry":{"type":"Point","coordinates":[-0.0918,51.4762]}},
{"type":"Feature","properties":{"lsoa":"E01003920","oa":"E00019734","left":-0.093429,"bottom":51.4764,"right":-0.0907096,"top":51.4779,"EASTING":532540,"NORTHING":177100,"Latitude":51.4773,"Longitude":-0.0929,"in_cw":false,"whole_in_zone":true},"geometry":{"type":"Point","coordinates":[-0.0929,51.4773]}},
{"type":"Feature","properties":{"lsoa":"E01003918","oa":"E00019736","left":-0.0896006,"bottom":51.4767,"right":-0.0866236,"top":51.4785,"EASTING":532850,"NORTHING":177090,"Latitude":51.4772,"Longitude":-0.0884,"in_cw":false,"whole_in_zone":true},"geometry":{"type":"Point","coordinates":[-0.0884,51.4772]}},
{"type":"Feature","properties":{"lsoa":"E01003918","oa":"E00019737","left":-0.091733,"bottom":51.4743,"right":-0.0895864,"top":51.4765,"EASTING":532740,"NORTHING":176860,"Latitude":51.4751,"Longitude":-0.0901,"in_cw":false,"whole_in_zone":true},"geometry":{"type":"Point","coordinates":[-0.0901,51.4751]}},
{"type":"Feature","properties":{"lsoa":"E01003921","oa":"E00019738","left":-0.0959998,"bottom":51.4741,"right":-0.0903446,"top":51.4774,"EASTING":532510,"NORTHING":176970,"Latitude":51.4762,"Longitude":-0.0933,"in_cw":false,"whole_in_zone":true},"geometry":{"type":"Point","coordinates":[-0.0933,51.4762]}},
{"type":"Feature","properties":{"lsoa":"E01003921","oa":"E00019742","left":-0.0922313,"bottom":51.4741,"right":-0.0910165,"top":51.4754,"EASTING":532630,"NORTHING":176800,"Latitude":51.4746,"Longitude":-0.0917,"in_cw":false,"whole_in_zone":true},"geometry":{"type":"Point","coordinates":[-0.0917,51.4746]}},
{"type":"Feature","properties":{"lsoa":"E01003925","oa":"E00019758","left":-0.0921103,"bottom":51.4792,"right":-0.088665,"top":51.4805,"EASTING":532670,"NORTHING":177390,"Latitude":51.4799,"Longitude":-0.0909,"in_cw":false,"whole_in_zone":true},"geometry":{"type":"Point","coordinates":[-0.0909,51.4799]}},
{"type":"Feature","properties":{"lsoa":"E01003925","oa":"E00019763","left":-0.0898635,"bottom":51.4782,"right":-0.0867972,"top":51.48,"EASTING":532890,"NORTHING":177310,"Latitude":51.4791,"Longitude":-0.0878,"in_cw":false,"whole_in_zone":true},"geometry":{"type":"Point","coordinates":[-0.0878,51.4791]}},
{"type":"Feature","properties":{"lsoa":"E01003925","oa":"E00019764","left":-0.0924905,"bottom":51.4779,"right":-0.0884357,"top":51.4798,"EASTING":532660,"NORTHING":177310,"Latitude":51.4792,"Longitude":-0.0911,"in_cw":false,"whole_in_zone":true},"geometry":{"type":"Point","coordinates":[-0.0911,51.4792]}},
{"type":"Feature","properties":{"lsoa":"E01003925","oa":"E00019765","left":-0.0935867,"bottom":51.4781,"right":-0.0919696,"top":51.4795,"EASTING":532540,"NORTHING":177300,"Latitude":51.4791,"Longitude":-0.0928,"in_cw":false,"whole_in_zone":true},"geometry":{"type":"Point","coordinates":[-0.0928,51.4791]}},
{"type":"Feature","properties":{"lsoa":"E01003929","oa":"E00019779","left":-0.0951734,"bottom":51.5037,"right":-0.0876663,"top":51.5089,"EASTING":532520,"NORTHING":180330,"Latitude":51.5064,"Longitude":-0.0919,"in_cw":false,"whole_in_zone":true},"geometry":{"type":"Point","coordinates":[-0.0919,51.5064]}},
{"type":"Feature","properties":{"lsoa":"E01003935","oa":"E00019780","left":-0.0957216,"bottom":51.5039,"right":-0.092005,"top":51.507,"EASTING":532410,"NORTHING":180280,"Latitude":51.5059,"Longitude":-0.0935462,"in_cw":false,"whole_in_zone":true},"geometry":{"type":"Point","coordinates":[-0.093546,51.5059]}},
{"type":"Feature","properties":{"lsoa":"E01003941","oa":"E00019808","left":-0.0853148,"bottom":51.4966,"right":-0.0821566,"top":51.4987,"EASTING":533140,"NORTHING":179370,"Latitude":51.4976,"Longitude":-0.0834,"in_cw":false,"whole_in_zone":true},"geometry":{"type":"Point","coordinates":[-0.0834,51.4976]}},
{"type":"Feature","properties":{"lsoa":"E01003938","oa":"E00019811","left":-0.0895427,"bottom":51.4972,"right":-0.0860451,"top":51.4999,"EASTING":532870,"NORTHING":179520,"Latitude":51.499,"Longitude":-0.0872,"in_cw":false,"whole_in_zone":true},"geometry":{"type":"Point","coordinates":[-0.0872,51.499]}},
{"type":"Feature","properties":{"lsoa":"E01003942","oa":"E00019814","left":-0.0901493,"bottom":51.4951,"right":-0.0862352,"top":51.4967,"EASTING":532770,"NORTHING":179200,"Latitude":51.4962,"Longitude":-0.0888,"in_cw":false,"whole_in_zone":true},"geometry":{"type":"Point","coordinates":[-0.0888,51.4962]}},
{"type":"Feature","properties":{"lsoa":"E01003940","oa":"E00019815","left":-0.0875652,"bottom":51.4973,"right":-0.0847074,"top":51.4993,"EASTING":532920,"NORTHING":179450,"Latitude":51.4984,"Longitude":-0.0865146,"in_cw":false,"whole_in_zone":true},"geometry":{"type":"Point","coordinates":[-0.086515,51.4984]}},
{"type":"Feature","properties":{"lsoa":"E01003940","oa":"E00019816","left":-0.0859964,"bottom":51.4974,"right":-0.0843655,"top":51.4985,"EASTING":533010,"NORTHING":179430,"Latitude":51.4982,"Longitude":-0.0852,"in_cw":false,"whole_in_zone":true},"geometry":{"type":"Point","coordinates":[-0.0852,51.4982]}},
{"type":"Feature","properties":{"lsoa":"E01003940","oa":"E00019817","left":-0.0883891,"bottom":51.4974,"right":-0.0862873,"top":51.4986,"EASTING":532850,"NORTHING":179390,"Latitude":51.4978,"Longitude":-0.0875,"in_cw":false,"whole_in_zone":true},"geometry":{"type":"Point","coordinates":[-0.0875,51.4978]}},
{"type":"Feature","properties":{"lsoa":"E01003941","oa":"E00019818","left":-0.0830103,"bottom":51.4967,"right":-0.079801,"top":51.4981,"EASTING":533260,"NORTHING":179350,"Latitude":51.4974,"Longitude":-0.0817,"in_cw":false,"whole_in_zone":true},"geometry":{"type":"Point","coordinates":[-0.0817,51.4974]}},
{"type":"Feature","properties":{"lsoa":"E01003940","oa":"E00019820","left":-0.0870632,"bottom":51.4966,"right":-0.0848022,"top":51.4979,"EASTING":532960,"NORTHING":179320,"Latitude":51.4972,"Longitude":-0.086,"in_cw":false,"whole_in_zone":true},"geometry":{"type":"Point","coordinates":[-0.086,51.4972]}},
{"type":"Feature","properties":{"lsoa":"E01003941","oa":"E00019822","left":-0.0848022,"bottom":51.495,"right":-0.0818407,"top":51.4978,"EASTING":533140,"NORTHING":179240,"Latitude":51.4964,"Longitude":-0.0834,"in_cw":false,"whole_in_zone":true},"geometry":{"type":"Point","coordinates":[-0.0834,51.4964]}},
{"type":"Feature","properties":{"lsoa":"E01003936","oa":"E00019823","left":-0.0944594,"bottom":51.4964,"right":-0.0906762,"top":51.4991,"EASTING":532540,"NORTHING":179390,"Latitude":51.4979,"Longitude":-0.092,"in_cw":false,"whole_in_zone":true},"geometry":{"type":"Point","coordinates":[-0.092,51.4979]}},
{"type":"Feature","properties":{"lsoa":"E01003943","oa":"E00019824","left":-0.0955199,"bottom":51.4959,"right":-0.0918226,"top":51.4971,"EASTING":532440,"NORTHING":179230,"Latitude":51.4965,"Longitude":-0.0935,"in_cw":false,"whole_in_zone":true},"geometry":{"type":"Point","coordinates":[-0.0935,51.4965]}},
{"type":"Feature","properties":{"lsoa":"E01003942","oa":"E00019825","left":-0.0909737,"bottom":51.4958,"right":-0.0878088,"top":51.4976,"EASTING":532770,"NORTHING":179280,"Latitude":51.4969,"Longitude":-0.0887,"in_cw":false,"whole_in_zone":true},"geometry":{"type":"Point","coordinates":[-0.0887,51.4969]}},
{"type":"Feature","properties":{"lsoa":"E01003940","oa":"E00019826","left":-0.0885539,"bottom":51.4963,"right":-0.0864411,"top":51.4976,"EASTING":532880,"NORTHING":179290,"Latitude":51.4969,"Longitude":-0.0872,"in_cw":false,"whole_in_zone":true},"geometry":{"type":"Point","coordinates":[-0.0872,51.4969]}},
{"type":"Feature","properties":{"lsoa":"E01003942","oa":"E00019828","left":-0.0931533,"bottom":51.4953,"right":-0.0899782,"top":51.4969,"EASTING":532590,"NORTHING":179210,"Latitude":51.4963,"Longitude":-0.0914,"in_cw":false,"whole_in_zone":true},"geometry":{"type":"Point","coordinates":[-0.0914,51.4963]}},
{"type":"Feature","properties":{"lsoa":"E01003942","oa":"E00019830","left":-0.0882374,"bottom":51.4954,"right":-0.0848221,"top":51.4971,"EASTING":532910,"NORTHING":179210,"Latitude":51.4962,"Longitude":-0.0867,"in_cw":false,"whole_in_zone":true},"geometry":{"type":"Point","coordinates":[-0.0867,51.4962]}},
{"type":"Feature","properties":{"lsoa":"E01003942","oa":"E00019833","left":-0.0905979,"bottom":51.4942,"right":-0.0862443,"top":51.4961,"EASTING":532790,"NORTHING":179120,"Latitude":51.4954,"Longitude":-0.0885,"in_cw":false,"whole_in_zone":true},"geometry":{"type":"Point","coordinates":[-0.0885,51.4954]}},
{"type":"Feature","properties":{"lsoa":"E01032720","oa":"E00019834","left":-0.0946392,"bottom":51.4954,"right":-0.0934925,"top":51.4962,"EASTING":532410,"NORTHING":179160,"Latitude":51.4959,"Longitude":-0.094,"in_cw":false,"whole_in_zone":true},"geometry":{"type":"Point","coordinates":[-0.094,51.4959]}},
{"type":"Feature","properties":{"lsoa":"E01032720","oa":"E00019836","left":-0.0942244,"bottom":51.4941,"right":-0.0903303,"top":51.4962,"EASTING":532450,"NORTHING":179100,"Latitude":51.4953,"Longitude":-0.0934,"in_cw":false,"whole_in_zone":true},"geometry":{"type":"Point","coordinates":[-0.0934,51.4953]}},
{"type":"Feature","properties":{"lsoa":"E01003939","oa":"E00019839","left":-0.0924828,"bottom":51.501,"right":-0.0871581,"top":51.5052,"EASTING":532700,"NORTHING":179940,"Latitude":51.5028,"Longitude":-0.0895,"in_cw":false,"whole_in_zone":true},"geometry":{"type":"Point","coordinates":[-0.0895,51.5028]}},
{"type":"Feature","properties":{"lsoa":"E01003938","oa":"E00019841","left":-0.0907,"bottom":51.5007,"right":-0.0891108,"top":51.502,"EASTING":532680,"NORTHING":179760,"Latitude":51.5012,"Longitude":-0.0899,"in_cw":false,"whole_in_zone":true},"geometry":{"type":"Point","coordinates":[-0.0899,51.5012]}},
{"type":"Feature","properties":{"lsoa":"E01003939","oa":"E00019842","left":-0.0950677,"bottom":51.4994,"right":-0.0924949,"top":51.5013,"EASTING":532440,"NORTHING":179660,"Latitude":51.5004,"Longitude":-0.0933,"in_cw":false,"whole_in_zone":true},"geometry":{"type":"Point","coordinates":[-0.0933,51.5004]}},
{"type":"Feature","properties":{"lsoa":"E01003936","oa":"E00019843","left":-0.0944114,"bottom":51.4987,"right":-0.0916647,"top":51.5004,"EASTING":532500,"NORTHING":179540,"Latitude":51.4993,"Longitude":-0.0925,"in_cw":false,"whole_in_zone":true},"geometry":{"type":"Point","coordinates":[-0.0925,51.4993]}},
{"type":"Feature","properties":{"lsoa":"E01003938","oa":"E00019844","left":-0.0888994,"bottom":51.4995,"right":-0.087188,"top":51.5006,"EASTING":532820,"NORTHING":179620,"Latitude":51.4999,"Longitude":-0.0879,"in_cw":false,"whole_in_zone":true},"geometry":{"type":"Point","coordinates":[-0.0879,51.4999]}},
{"type":"Feature","properties":{"lsoa":"E01003938","oa":"E00019845","left":-0.0895083,"bottom":51.4987,"right":-0.0874797,"top":51.4999,"EASTING":532820,"NORTHING":179520,"Latitude":51.499,"Longitude":-0.0879,"in_cw":false,"whole_in_zone":true},"geometry":{"type":"Point","coordinates":[-0.0879,51.499]}},
{"type":"Feature","properties":{"lsoa":"E01003939","oa":"E00019847","left":-0.0929473,"bottom":51.4983,"right":-0.089875,"top":51.5011,"EASTING":532580,"NORTHING":179540,"Latitude":51.4993,"Longitude":-0.091376,"in_cw":false,"whole_in_zone":true},"geometry":{"type":"Point","coordinates":[-0.091376,51.4993]}},
{"type":"Feature","properties":{"lsoa":"E01003939","oa":"E00019848","left":-0.0911895,"bottom":51.4988,"right":-0.0903301,"top":51.4996,"EASTING":532610,"NORTHING":179550,"Latitude":51.4993,"Longitude":-0.0909,"in_cw":false,"whole_in_zone":true},"geometry":{"type":"Point","coordinates":[-0.0909,51.4993]}},
{"type":"Feature","properties":{"lsoa":"E01003960","oa":"E00019923","left":-0.0867377,"bottom":51.4914,"right":-0.082559,"top":51.4942,"EASTING":533070,"NORTHING":178800,"Latitude":51.4925,"Longitude":-0.0846,"in_cw":false,"whole_in_zone":true},"geometry":{"type":"Point","coordinates":[-0.0846,51.4925]}},
{"type":"Feature","properties":{"lsoa":"E01003960","oa":"E00019924","left":-0.0910137,"bottom":51.4912,"right":-0.0876975,"top":51.4926,"EASTING":532750,"NORTHING":178730,"Latitude":51.4919,"Longitude":-0.0892,"in_cw":false,"whole_in_zone":true},"geometry":{"type":"Point","coordinates":[-0.0892,51.4919]}},
{"type":"Feature","properties":{"lsoa":"E01003964","oa":"E00019926","left":-0.0844671,"bottom":51.4883,"right":-0.0810099,"top":51.4899,"EASTING":533120,"NORTHING":178470,"Latitude":51.4895,"Longitude":-0.084,"in_cw":false,"whole_in_zone":true},"geometry":{"type":"Point","coordinates":[-0.084,51.4895]}},
{"type":"Feature","properties":{"lsoa":"E01003963","oa":"E00019927","left":-0.0924057,"bottom":51.4888,"right":-0.0890117,"top":51.4903,"EASTING":532610,"NORTHING":178440,"Latitude":51.4894,"Longitude":-0.0914,"in_cw":false,"whole_in_zone":true},"geometry":{"type":"Point","coordinates":[-0.0914,51.4894]}},
{"type":"Feature","properties":{"lsoa":"E01003966","oa":"E00019928","left":-0.0813278,"bottom":51.4878,"right":-0.0787246,"top":51.489,"EASTING":533410,"NORTHING":178330,"Latitude":51.4882,"Longitude":-0.0799,"in_cw":false,"whole_in_zone":true},"geometry":{"type":"Point","coordinates":[-0.0799,51.4882]}},
{"type":"Feature","properties":{"lsoa":"E01003963","oa":"E00019929","left":-0.0948005,"bottom":51.488,"right":-0.0934866,"top":51.4893,"EASTING":532430,"NORTHING":178370,"Latitude":51.4888,"Longitude":-0.094,"in_cw":false,"whole_in_zone":true},"geometry":{"type":"Point","coordinates":[-0.094,51.4888]}},
{"type":"Feature","properties":{"lsoa":"E01003964","oa":"E00019930","left":-0.0837137,"bottom":51.487,"right":-0.0803146,"top":51.4888,"EASTING":533290,"NORTHING":178260,"Latitude":51.4876,"Longitude":-0.0816365,"in_cw":false,"whole_in_zone":true},"geometry":{"type":"Point","coordinates":[-0.081636,51.4876]}},
{"type":"Feature","properties":{"lsoa":"E01003966","oa":"E00019931","left":-0.0797888,"bottom":51.487,"right":-0.0762754,"top":51.4889,"EASTING":533500,"NORTHING":178330,"Latitude":51.4882,"Longitude":-0.0786,"in_cw":false,"whole_in_zone":true},"geometry":{"type":"Point","coordinates":[-0.0786,51.4882]}},
{"type":"Feature","properties":{"lsoa":"E01003964","oa":"E00019932","left":-0.0812331,"bottom":51.4818,"right":-0.0739878,"top":51.488,"EASTING":533680,"NORTHING":178020,"Latitude":51.4853,"Longitude":-0.0761,"in_cw":false,"whole_in_zone":true},"geometry":{"type":"Point","coordinates":[-0.0761,51.4853]}},
{"type":"Feature","properties":{"lsoa":"E01003964","oa":"E00019933","left":-0.0819301,"bottom":51.4859,"right":-0.0779496,"top":51.4882,"EASTING":533370,"NORTHING":178200,"Latitude":51.487,"Longitude":-0.0805,"in_cw":false,"whole_in_zone":true},"geometry":{"type":"Point","coordinates":[-0.0805,51.487]}},
{"type":"Feature","properties":{"lsoa":"E01003964","oa":"E00019934","left":-0.075469,"bottom":51.4844,"right":-0.0724368,"top":51.4874,"EASTING":533820,"NORTHING":178080,"Latitude":51.4858,"Longitude":-0.0741,"in_cw":false,"whole_in_zone":true},"geometry":{"type":"Point","coordinates":[-0.0741,51.4858]}},
{"type":"Feature","properties":{"lsoa":"E01003964","oa":"E00019935","left":-0.0741267,"bottom":51.4825,"right":-0.0677408,"top":51.4863,"EASTING":533910,"NORTHING":177900,"Latitude":51.4842,"Longitude":-0.0728,"in_cw":false,"whole_in_zone":true},"geometry":{"type":"Point","coordinates":[-0.0728,51.4842]}},
{"type":"Feature","properties":{"lsoa":"E01003960","oa":"E00019937","left":-0.0891469,"bottom":51.4931,"right":-0.0858101,"top":51.4942,"EASTING":532850,"NORTHING":178910,"Latitude":51.4935,"Longitude":-0.0877,"in_cw":false,"whole_in_zone":true},"geometry":{"type":"Point","coordinates":[-0.0877,51.4935]}},
{"type":"Feature","properties":{"lsoa":"E01032722","oa":"E00019938","left":-0.09395,"bottom":51.4919,"right":-0.0910378,"top":51.4942,"EASTING":532580,"NORTHING":178890,"Latitude":51.4934,"Longitude":-0.09162,"in_cw":false,"whole_in_zone":true},"geometry":{"type":"Point","coordinates":[-0.09162,51.4934]}},
{"type":"Feature","properties":{"lsoa":"E01003960","oa":"E00019942","left":-0.0913685,"bottom":51.4924,"right":-0.0883329,"top":51.4934,"EASTING":532700,"NORTHING":178840,"Latitude":51.4929,"Longitude":-0.0899,"in_cw":false,"whole_in_zone":true},"geometry":{"type":"Point","coordinates":[-0.0899,51.4929]}},
{"type":"Feature","properties":{"lsoa":"E01003960","oa":"E00019943","left":-0.0918322,"bottom":51.4928,"right":-0.0889586,"top":51.4942,"EASTING":532680,"NORTHING":178900,"Latitude":51.4935,"Longitude":-0.0902,"in_cw":false,"whole_in_zone":true},"geometry":{"type":"Point","coordinates":[-0.0902,51.4935]}},
{"type":"Feature","properties":{"lsoa":"E01032722","oa":"E00019944","left":-0.0947239,"bottom":51.4928,"right":-0.0927779,"top":51.4942,"EASTING":532460,"NORTHING":178910,"Latitude":51.4936,"Longitude":-0.0933,"in_cw":false,"whole_in_zone":true},"geometry":{"type":"Point","coordinates":[-0.0933,51.4936]}},
{"type":"Feature","properties":{"lsoa":"E01003960","oa":"E00019945","left":-0.091278,"bottom":51.4918,"right":-0.0861881,"top":51.4933,"EASTING":532810,"NORTHING":178810,"Latitude":51.4926,"Longitude":-0.0883,"in_cw":false,"whole_in_zone":true},"geometry":{"type":"Point","coordinates":[-0.0883,51.4926]}},
{"type":"Feature","properties":{"lsoa":"E01003961","oa":"E00019947","left":-0.0872201,"bottom":51.4906,"right":-0.0848063,"top":51.4927,"EASTING":532950,"NORTHING":178660,"Latitude":51.4913,"Longitude":-0.0864,"in_cw":false,"whole_in_zone":true},"geometry":{"type":"Point","coordinates":[-0.0864,51.4913]}},
{"type":"Feature","properties":{"lsoa":"E01032722","oa":"E00019948","left":-0.0952679,"bottom":51.4903,"right":-0.0928893,"top":51.4922,"EASTING":532410,"NORTHING":178620,"Latitude":51.491,"Longitude":-0.0942,"in_cw":false,"whole_in_zone":true},"geometry":{"type":"Point","coordinates":[-0.0942,51.491]}},
{"type":"Feature","properties":{"lsoa":"E01003961","oa":"E00019949","left":-0.090751,"bottom":51.4899,"right":-0.0868571,"top":51.4923,"EASTING":532850,"NORTHING":178670,"Latitude":51.4914,"Longitude":-0.0878,"in_cw":false,"whole_in_zone":true},"geometry":{"type":"Point","coordinates":[-0.0878,51.4914]}},
{"type":"Feature","properties":{"lsoa":"E01003961","oa":"E00019950","left":-0.0862365,"bottom":51.4908,"right":-0.0831734,"top":51.4924,"EASTING":533040,"NORTHING":178710,"Latitude":51.4917,"Longitude":-0.0851,"in_cw":false,"whole_in_zone":true},"geometry":{"type":"Point","coordinates":[-0.0851,51.4917]}},
{"type":"Feature","properties":{"lsoa":"E01003961","oa":"E00019953","left":-0.0835962,"bottom":51.4902,"right":-0.0811293,"top":51.4919,"EASTING":533220,"NORTHING":178640,"Latitude":51.491,"Longitude":-0.0825,"in_cw":false,"whole_in_zone":true},"geometry":{"type":"Point","coordinates":[-0.0825,51.491]}},
{"type":"Feature","properties":{"lsoa":"E01003961","oa":"E00019955","left":-0.0859127,"bottom":51.4904,"right":-0.0837427,"top":51.4917,"EASTING":533080,"NORTHING":178640,"Latitude":51.4911,"Longitude":-0.0845162,"in_cw":false,"whole_in_zone":true},"geometry":{"type":"Point","coordinates":[-0.084516,51.4911]}},
{"type":"Feature","properties":{"lsoa":"E01003966","oa":"E00019956","left":-0.0858085,"bottom":51.489,"right":-0.0821253,"top":51.491,"EASTING":533090,"NORTHING":178550,"Latitude":51.4902,"Longitude":-0.0844,"in_cw":false,"whole_in_zone":true},"geometry":{"type":"Point","coordinates":[-0.0844,51.4902]}},
{"type":"Feature","properties":{"lsoa":"E01003961","oa":"E00019957","left":-0.0892833,"bottom":51.4893,"right":-0.0849358,"top":51.4912,"EASTING":532910,"NORTHING":178510,"Latitude":51.4899,"Longitude":-0.087,"in_cw":false,"whole_in_zone":true},"geometry":{"type":"Point","coordinates":[-0.087,51.4899]}},
{"type":"Feature","properties":{"lsoa":"E01003963","oa":"E00019958","left":-0.090348,"bottom":51.4899,"right":-0.0886203,"top":51.491,"EASTING":532770,"NORTHING":178550,"Latitude":51.4903,"Longitude":-0.089,"in_cw":false,"whole_in_zone":true},"geometry":{"type":"Point","coordinates":[-0.089,51.4903]}},
{"type":"Feature","properties":{"lsoa":"E01003966","oa":"E00019959","left":-0.0835307,"bottom":51.4891,"right":-0.0808516,"top":51.4906,"EASTING":533240,"NORTHING":178510,"Latitude":51.4898,"Longitude":-0.0823,"in_cw":false,"whole_in_zone":true},"geometry":{"type":"Point","coordinates":[-0.0823,51.4898]}},
{"type":"Feature","properties":{"lsoa":"E01003963","oa":"E00019961","left":-0.094614,"bottom":51.4891,"right":-0.0920872,"top":51.4905,"EASTING":532470,"NORTHING":178450,"Latitude":51.4895,"Longitude":-0.0934,"in_cw":false,"whole_in_zone":true},"geometry":{"type":"Point","coordinates":[-0.0934,51.4895]}},
{"type":"Feature","properties":{"lsoa":"E01003963","oa":"E00019962","left":-0.0938584,"bottom":51.4883,"right":-0.0917112,"top":51.4898,"EASTING":532510,"NORTHING":178430,"Latitude":51.4893,"Longitude":-0.0928,"in_cw":false,"whole_in_zone":true},"geometry":{"type":"Point","coordinates":[-0.0928,51.4893]}},
{"type":"Feature","properties":{"lsoa":"E01003966","oa":"E00019963","left":-0.0815426,"bottom":51.4886,"right":-0.0780758,"top":51.4908,"EASTING":533410,"NORTHING":178480,"Latitude":51.4895,"Longitude":-0.0798,"in_cw":false,"whole_in_zone":true},"geometry":{"type":"Point","coordinates":[-0.0798,51.4895]}},
{"type":"Feature","properties":{"lsoa":"E01003966","oa":"E00019965","left":-0.0825539,"bottom":51.4883,"right":-0.0794323,"top":51.4896,"EASTING":533370,"NORTHING":178430,"Latitude":51.4891,"Longitude":-0.0804,"in_cw":false,"whole_in_zone":true},"geometry":{"type":"Point","coordinates":[-0.0804,51.4891]}},
{"type":"Feature","properties":{"lsoa":"E01003971","oa":"E00019966","left":-0.0849491,"bottom":51.4867,"right":-0.0834855,"top":51.4877,"EASTING":533110,"NORTHING":178210,"Latitude":51.4872,"Longitude":-0.0842,"in_cw":false,"whole_in_zone":true},"geometry":{"type":"Point","coordinates":[-0.0842,51.4872]}},
{"type":"Feature","properties":{"lsoa":"E01003969","oa":"E00019967","left":-0.0947291,"bottom":51.4823,"right":-0.0919149,"top":51.4855,"EASTING":532460,"NORTHING":177780,"Latitude":51.4835,"Longitude":-0.0938,"in_cw":false,"whole_in_zone":true},"geometry":{"type":"Point","coordinates":[-0.0938,51.4835]}},
{"type":"Feature","properties":{"lsoa":"E01003973","oa":"E00019968","left":-0.0940638,"bottom":51.4865,"right":-0.0914253,"top":51.4883,"EASTING":532500,"NORTHING":178280,"Latitude":51.488,"Longitude":-0.093,"in_cw":false,"whole_in_zone":true},"geometry":{"type":"Point","coordinates":[-0.093,51.488]}},
{"type":"Feature","properties":{"lsoa":"E01003971","oa":"E00019969","left":-0.0846332,"bottom":51.4861,"right":-0.081682,"top":51.4882,"EASTING":533190,"NORTHING":178210,"Latitude":51.4872,"Longitude":-0.0831,"in_cw":false,"whole_in_zone":true},"geometry":{"type":"Point","coordinates":[-0.0831,51.4872]}},
{"type":"Feature","properties":{"lsoa":"E01003971","oa":"E00019970","left":-0.0826107,"bottom":51.4854,"right":-0.0801633,"top":51.4872,"EASTING":533310,"NORTHING":178120,"Latitude":51.4863,"Longitude":-0.0814,"in_cw":false,"whole_in_zone":true},"geometry":{"type":"Point","coordinates":[-0.0814,51.4863]}},
{"type":"Feature","properties":{"lsoa":"E01003974","oa":"E00019971","left":-0.0890638,"bottom":51.4864,"right":-0.0861099,"top":51.4876,"EASTING":532880,"NORTHING":178200,"Latitude":51.4871,"Longitude":-0.0876,"in_cw":false,"whole_in_zone":true},"geometry":{"type":"Point","coordinates":[-0.0876,51.4871]}},
{"type":"Feature","properties":{"lsoa":"E01003972","oa":"E00019972","left":-0.0904637,"bottom":51.4867,"right":-0.0887691,"top":51.4876,"EASTING":532730,"NORTHING":178200,"Latitude":51.4872,"Longitude":-0.0897,"in_cw":false,"whole_in_zone":true},"geometry":{"type":"Point","coordinates":[-0.0897,51.4872]}},
{"type":"Feature","properties":{"lsoa":"E01003974","oa":"E00019973","left":-0.0869061,"bottom":51.4857,"right":-0.0851532,"top":51.4883,"EASTING":532980,"NORTHING":178170,"Latitude":51.4869,"Longitude":-0.0861,"in_cw":false,"whole_in_zone":true},"geometry":{"type":"Point","coordinates":[-0.0861,51.4869]}},
{"type":"Feature","properties":{"lsoa":"E01003973","oa":"E00019974","left":-0.091692,"bottom":51.4852,"right":-0.0891506,"top":51.4875,"EASTING":532690,"NORTHING":178120,"Latitude":51.4865,"Longitude":-0.0903,"in_cw":false,"whole_in_zone":true},"geometry":{"type":"Point","coordinates":[-0.0903,51.4865]}},
{"type":"Feature","properties":{"lsoa":"E01003972","oa":"E00019975","left":-0.0900507,"bottom":51.4861,"right":-0.0883442,"top":51.4877,"EASTING":532780,"NORTHING":178160,"Latitude":51.4868,"Longitude":-0.089,"in_cw":false,"whole_in_zone":true},"geometry":{"type":"Point","coordinates":[-0.089,51.4868]}},
{"type":"Feature","properties":{"lsoa":"E01003974","oa":"E00019976","left":-0.0869516,"bottom":51.4855,"right":-0.0856519,"top":51.4865,"EASTING":532980,"NORTHING":178050,"Latitude":51.4858,"Longitude":-0.0862,"in_cw":false,"whole_in_zone":true},"geometry":{"type":"Point","coordinates":[-0.0862,51.4858]}},
{"type":"Feature","properties":{"lsoa":"E01003968","oa":"E00019977","left":-0.0832981,"bottom":51.4852,"right":-0.0816129,"top":51.4863,"EASTING":533230,"NORTHING":178070,"Latitude":51.4859,"Longitude":-0.0826,"in_cw":false,"whole_in_zone":true},"geometry":{"type":"Point","coordinates":[-0.0826,51.4859]}},
{"type":"Feature","properties":{"lsoa":"E01003969","oa":"E00019978","left":-0.0946889,"bottom":51.4854,"right":-0.0912752,"top":51.4869,"EASTING":532520,"NORTHING":178080,"Latitude":51.4862,"Longitude":-0.0928,"in_cw":false,"whole_in_zone":true},"geometry":{"type":"Point","coordinates":[-0.0928,51.4862]}},
{"type":"Feature","properties":{"lsoa":"E01003973","oa":"E00019979","left":-0.0921289,"bottom":51.4857,"right":-0.0898372,"top":51.4872,"EASTING":532640,"NORTHING":178090,"Latitude":51.4862,"Longitude":-0.0911,"in_cw":false,"whole_in_zone":true},"geometry":{"type":"Point","coordinates":[-0.0911,51.4862]}},
{"type":"Feature","properties":{"lsoa":"E01003970","oa":"E00019980","left":-0.0897444,"bottom":51.4852,"right":-0.0871261,"top":51.4867,"EASTING":532820,"NORTHING":178070,"Latitude":51.486,"Longitude":-0.0885,"in_cw":false,"whole_in_zone":true},"geometry":{"type":"Point","coordinates":[-0.0885,51.486]}},
{"type":"Feature","properties":{"lsoa":"E01003970","oa":"E00019981","left":-0.0885215,"bottom":51.4815,"right":-0.079735,"top":51.4856,"EASTING":532950,"NORTHING":177870,"Latitude":51.4842,"Longitude":-0.0867,"in_cw":false,"whole_in_zone":true},"geometry":{"type":"Point","coordinates":[-0.0867,51.4842]}},
{"type":"Feature","properties":{"lsoa":"E01003974","oa":"E00019982","left":-0.0881088,"bottom":51.4852,"right":-0.0857639,"top":51.4867,"EASTING":532890,"NORTHING":178080,"Latitude":51.4861,"Longitude":-0.0875,"in_cw":false,"whole_in_zone":true},"geometry":{"type":"Point","coordinates":[-0.0875,51.4861]}},
{"type":"Feature","properties":{"lsoa":"E01003969","oa":"E00019983","left":-0.0943945,"bottom":51.4838,"right":-0.0916561,"top":51.4862,"EASTING":532480,"NORTHING":177990,"Latitude":51.4854,"Longitude":-0.0934,"in_cw":false,"whole_in_zone":true},"geometry":{"type":"Point","coordinates":[-0.0934,51.4854]}},
{"type":"Feature","properties":{"lsoa":"E01003968","oa":"E00019984","left":-0.0858836,"bottom":51.4853,"right":-0.0829758,"top":51.4868,"EASTING":533100,"NORTHING":178070,"Latitude":51.4859,"Longitude":-0.0844,"in_cw":false,"whole_in_zone":true},"geometry":{"type":"Point","coordinates":[-0.0844,51.4859]}},
{"type":"Feature","properties":{"lsoa":"E01003967","oa":"E00019985","left":-0.0932562,"bottom":51.4843,"right":-0.091398,"top":51.4858,"EASTING":532580,"NORTHING":177940,"Latitude":51.4849,"Longitude":-0.092,"in_cw":false,"whole_in_zone":true},"geometry":{"type":"Point","coordinates":[-0.092,51.4849]}},
{"type":"Feature","properties":{"lsoa":"E01003970","oa":"E00019986","left":-0.0891481,"bottom":51.4839,"right":-0.0864258,"top":51.4855,"EASTING":532890,"NORTHING":177910,"Latitude":51.4845,"Longitude":-0.0875,"in_cw":false,"whole_in_zone":true},"geometry":{"type":"Point","coordinates":[-0.0875,51.4845]}},
{"type":"Feature","properties":{"lsoa":"E01003970","oa":"E00019987","left":-0.0920226,"bottom":51.4843,"right":-0.0888776,"top":51.486,"EASTING":532710,"NORTHING":177980,"Latitude":51.4852,"Longitude":-0.0901,"in_cw":false,"whole_in_zone":true},"geometry":{"type":"Point","coordinates":[-0.0901,51.4852]}},
{"type":"Feature","properties":{"lsoa":"E01003968","oa":"E00019988","left":-0.0862599,"bottom":51.4845,"right":-0.0837428,"top":51.4858,"EASTING":533060,"NORTHING":178000,"Latitude":51.4853,"Longitude":-0.085,"in_cw":false,"whole_in_zone":true},"geometry":{"type":"Point","coordinates":[-0.085,51.4853]}},
{"type":"Feature","properties":{"lsoa":"E01003967","oa":"E00019989","left":-0.0917715,"bottom":51.4845,"right":-0.0906165,"top":51.4853,"EASTING":532650,"NORTHING":177940,"Latitude":51.4849,"Longitude":-0.091,"in_cw":false,"whole_in_zone":true},"geometry":{"type":"Point","coordinates":[-0.091,51.4849]}},
{"type":"Feature","properties":{"lsoa":"E01003968","oa":"E00019990","left":-0.0860901,"bottom":51.4839,"right":-0.082372,"top":51.4858,"EASTING":533110,"NORTHING":177960,"Latitude":51.4849,"Longitude":-0.0843,"in_cw":false,"whole_in_zone":true},"geometry":{"type":"Point","coordinates":[-0.0843,51.4849]}},
{"type":"Feature","properties":{"lsoa":"E01003967","oa":"E00019991","left":-0.0918596,"bottom":51.4835,"right":-0.0888275,"top":51.4846,"EASTING":532700,"NORTHING":177850,"Latitude":51.484,"Longitude":-0.0903,"in_cw":false,"whole_in_zone":true},"geometry":{"type":"Point","coordinates":[-0.0903,51.484]}},
{"type":"Feature","properties":{"lsoa":"E01003967","oa":"E00019993","left":-0.0922355,"bottom":51.4826,"right":-0.0899733,"top":51.4841,"EASTING":532600,"NORTHING":177770,"Latitude":51.4833,"Longitude":-0.0917524,"in_cw":false,"whole_in_zone":true},"geometry":{"type":"Point","coordinates":[-0.091752,51.4833]}},
{"type":"Feature","properties":{"lsoa":"E01003970","oa":"E00019994","left":-0.089289,"bottom":51.4835,"right":-0.088301,"top":51.4845,"EASTING":532800,"NORTHING":177830,"Latitude":51.4838,"Longitude":-0.0889,"in_cw":false,"whole_in_zone":true},"geometry":{"type":"Point","coordinates":[-0.0889,51.4838]}},
{"type":"Feature","properties":{"lsoa":"E01003969","oa":"E00019995","left":-0.0939082,"bottom":51.4799,"right":-0.0854479,"top":51.4839,"EASTING":532790,"NORTHING":177450,"Latitude":51.4804,"Longitude":-0.0891,"in_cw":false,"whole_in_zone":true},"geometry":{"type":"Point","coordinates":[-0.0891,51.4804]}},
{"type":"Feature","properties":{"lsoa":"E01003967","oa":"E00019996","left":-0.0917233,"bottom":51.4828,"right":-0.0880212,"top":51.4839,"EASTING":532710,"NORTHING":177770,"Latitude":51.4833,"Longitude":-0.0902,"in_cw":false,"whole_in_zone":true},"geometry":{"type":"Point","coordinates":[-0.0902,51.4833]}},
{"type":"Feature","properties":{"lsoa":"E01003969","oa":"E00019997","left":-0.09449,"bottom":51.479,"right":-0.090746,"top":51.4823,"EASTING":532480,"NORTHING":177410,"Latitude":51.4801,"Longitude":-0.0936,"in_cw":false,"whole_in_zone":true},"geometry":{"type":"Point","coordinates":[-0.0936,51.4801]}},
{"type":"Feature","properties":{"lsoa":"E01003972","oa":"E00019998","left":-0.0907136,"bottom":51.4875,"right":-0.0876289,"top":51.4895,"EASTING":532750,"NORTHING":178360,"Latitude":51.4886,"Longitude":-0.0894,"in_cw":false,"whole_in_zone":true},"geometry":{"type":"Point","coordinates":[-0.0894,51.4886]}},
{"type":"Feature","properties":{"lsoa":"E01003972","oa":"E00019999","left":-0.0890017,"bottom":51.4876,"right":-0.0862145,"top":51.4896,"EASTING":532860,"NORTHING":178390,"Latitude":51.4889,"Longitude":-0.0878,"in_cw":false,"whole_in_zone":true},"geometry":{"type":"Point","coordinates":[-0.0878,51.4889]}},
{"type":"Feature","properties":{"lsoa":"E01003972","oa":"E00020000","left":-0.0874086,"bottom":51.488,"right":-0.0859543,"top":51.4891,"EASTING":532940,"NORTHING":178340,"Latitude":51.4884,"Longitude":-0.0866,"in_cw":false,"whole_in_zone":true},"geometry":{"type":"Point","coordinates":[-0.0866,51.4884]}},
{"type":"Feature","properties":{"lsoa":"E01003971","oa":"E00020001","left":-0.0860308,"bottom":51.4877,"right":-0.0836735,"top":51.4887,"EASTING":533040,"NORTHING":178310,"Latitude":51.4881,"Longitude":-0.0852,"in_cw":false,"whole_in_zone":true},"geometry":{"type":"Point","coordinates":[-0.0852,51.4881]}},
{"type":"Feature","properties":{"lsoa":"E01003971","oa":"E00020002","left":-0.0866632,"bottom":51.4884,"right":-0.0841188,"top":51.4896,"EASTING":533040,"NORTHING":178410,"Latitude":51.489,"Longitude":-0.0852,"in_cw":false,"whole_in_zone":true},"geometry":{"type":"Point","coordinates":[-0.0852,51.489]}},
{"type":"Feature","properties":{"lsoa":"E01003973","oa":"E00020003","left":-0.0925935,"bottom":51.4872,"right":-0.0904637,"top":51.489,"EASTING":532620,"NORTHING":178300,"Latitude":51.4881,"Longitude":-0.0913,"in_cw":false,"whole_in_zone":true},"geometry":{"type":"Point","coordinates":[-0.0913,51.4881]}},
{"type":"Feature","properties":{"lsoa":"E01003973","oa":"E00020004","left":-0.0914459,"bottom":51.4879,"right":-0.090006,"top":51.4893,"EASTING":532660,"NORTHING":178340,"Latitude":51.4885,"Longitude":-0.0907,"in_cw":false,"whole_in_zone":true},"geometry":{"type":"Point","coordinates":[-0.0907,51.4885]}},
{"type":"Feature","properties":{"lsoa":"E01003973","oa":"E00020005","left":-0.0954882,"bottom":51.4864,"right":-0.0919167,"top":51.4888,"EASTING":532430,"NORTHING":178230,"Latitude":51.4875,"Longitude":-0.0940268,"in_cw":false,"whole_in_zone":true},"geometry":{"type":"Point","coordinates":[-0.094027,51.4875]}},
{"type":"Feature","properties":{"lsoa":"E01003972","oa":"E00020006","left":-0.0901275,"bottom":51.4874,"right":-0.0866989,"top":51.4884,"EASTING":532830,"NORTHING":178270,"Latitude":51.4878,"Longitude":-0.0883,"in_cw":false,"whole_in_zone":true},"geometry":{"type":"Point","coordinates":[-0.0883,51.4878]}},
{"type":"Feature","properties":{"lsoa":"E01003974","oa":"E00020007","left":-0.0856977,"bottom":51.4865,"right":-0.0839468,"top":51.488,"EASTING":533060,"NORTHING":178190,"Latitude":51.487,"Longitude":-0.085,"in_cw":false,"whole_in_zone":true},"geometry":{"type":"Point","coordinates":[-0.085,51.487]}},
{"type":"Feature","properties":{"lsoa":"E01003981","oa":"E00020008","left":-0.0894631,"bottom":51.5008,"right":-0.0814507,"top":51.5061,"EASTING":532950,"NORTHING":179950,"Latitude":51.5029,"Longitude":-0.0859,"in_cw":false,"whole_in_zone":true},"geometry":{"type":"Point","coordinates":[-0.0859,51.5029]}},
{"type":"Feature","properties":{"lsoa":"E01003981","oa":"E00020009","left":-0.0876034,"bottom":51.5007,"right":-0.0846116,"top":51.5024,"EASTING":532980,"NORTHING":179810,"Latitude":51.5016,"Longitude":-0.0855,"in_cw":false,"whole_in_zone":true},"geometry":{"type":"Point","coordinates":[-0.0855,51.5016]}},
{"type":"Feature","properties":{"lsoa":"E01032803","oa":"E00020010","left":-0.085402,"bottom":51.4994,"right":-0.0820551,"top":51.5009,"EASTING":533130,"NORTHING":179650,"Latitude":51.5001,"Longitude":-0.0834157,"in_cw":false,"whole_in_zone":true},"geometry":{"type":"Point","coordinates":[-0.083416,51.5001]}},
{"type":"Feature","properties":{"lsoa":"E01003976","oa":"E00020011","left":-0.081374,"bottom":51.4958,"right":-0.0780866,"top":51.4972,"EASTING":533420,"NORTHING":179260,"Latitude":51.4965,"Longitude":-0.0794,"in_cw":false,"whole_in_zone":true},"geometry":{"type":"Point","coordinates":[-0.0794,51.4965]}},
{"type":"Feature","properties":{"lsoa":"E01003978","oa":"E00020012","left":-0.0788132,"bottom":51.4953,"right":-0.0756624,"top":51.4977,"EASTING":533540,"NORTHING":179260,"Latitude":51.4965,"Longitude":-0.07766,"in_cw":false,"whole_in_zone":true},"geometry":{"type":"Point","coordinates":[-0.07766,51.4965]}},
{"type":"Feature","properties":{"lsoa":"E01003978","oa":"E00020013","left":-0.0745575,"bottom":51.493,"right":-0.0721881,"top":51.4958,"EASTING":533870,"NORTHING":179060,"Latitude":51.4946,"Longitude":-0.073,"in_cw":false,"whole_in_zone":true},"geometry":{"type":"Point","coordinates":[-0.073,51.4946]}},
{"type":"Feature","properties":{"lsoa":"E01003979","oa":"E00020014","left":-0.0818358,"bottom":51.4939,"right":-0.0764706,"top":51.4967,"EASTING":533430,"NORTHING":179150,"Latitude":51.4956,"Longitude":-0.0793,"in_cw":false,"whole_in_zone":true},"geometry":{"type":"Point","coordinates":[-0.0793,51.4956]}},
{"type":"Feature","properties":{"lsoa":"E01003979","oa":"E00020015","left":-0.0829064,"bottom":51.4941,"right":-0.0800935,"top":51.4959,"EASTING":533280,"NORTHING":179050,"Latitude":51.4947,"Longitude":-0.0815,"in_cw":false,"whole_in_zone":true},"geometry":{"type":"Point","coordinates":[-0.0815,51.4947]}},
{"type":"Feature","properties":{"lsoa":"E01003977","oa":"E00020016","left":-0.0697812,"bottom":51.4946,"right":-0.0665562,"top":51.4958,"EASTING":534180,"NORTHING":179120,"Latitude":51.4951,"Longitude":-0.0685,"in_cw":false,"whole_in_zone":true},"geometry":{"type":"Point","coordinates":[-0.0685,51.4951]}},
{"type":"Feature","properties":{"lsoa":"E01003978","oa":"E00020017","left":-0.0732162,"bottom":51.4946,"right":-0.0701391,"top":51.496,"EASTING":533980,"NORTHING":179150,"Latitude":51.4954,"Longitude":-0.0714,"in_cw":false,"whole_in_zone":true},"geometry":{"type":"Point","coordinates":[-0.0714,51.4954]}},
{"type":"Feature","properties":{"lsoa":"E01003979","oa":"E00020018","left":-0.0843067,"bottom":51.4944,"right":-0.0811006,"top":51.497,"EASTING":533160,"NORTHING":179130,"Latitude":51.4954,"Longitude":-0.0832,"in_cw":false,"whole_in_zone":true},"geometry":{"type":"Point","coordinates":[-0.0832,51.4954]}},
{"type":"Feature","properties":{"lsoa":"E01003977","oa":"E00020019","left":-0.0697915,"bottom":51.4932,"right":-0.0672687,"top":51.495,"EASTING":534170,"NORTHING":179030,"Latitude":51.4943,"Longitude":-0.0686773,"in_cw":false,"whole_in_zone":true},"geometry":{"type":"Point","coordinates":[-0.068677,51.4943]}},
{"type":"Feature","properties":{"lsoa":"E01003977","oa":"E00020020","left":-0.0739195,"bottom":51.4926,"right":-0.0681212,"top":51.4967,"EASTING":534010,"NORTHING":179060,"Latitude":51.4946,"Longitude":-0.071,"in_cw":false,"whole_in_zone":true},"geometry":{"type":"Point","coordinates":[-0.071,51.4946]}},
{"type":"Feature","properties":{"lsoa":"E01003979","oa":"E00020021","left":-0.0853075,"bottom":51.493,"right":-0.082988,"top":51.495,"EASTING":533110,"NORTHING":178960,"Latitude":51.4939,"Longitude":-0.084,"in_cw":false,"whole_in_zone":true},"geometry":{"type":"Point","coordinates":[-0.084,51.4939]}},
{"type":"Feature","properties":{"lsoa":"E01003977","oa":"E00020022","left":-0.0710032,"bottom":51.493,"right":-0.0692052,"top":51.4945,"EASTING":534090,"NORTHING":178980,"Latitude":51.4939,"Longitude":-0.0698,"in_cw":false,"whole_in_zone":true},"geometry":{"type":"Point","coordinates":[-0.0698,51.4939]}},
{"type":"Feature","properties":{"lsoa":"E01003980","oa":"E00020023","left":-0.0795807,"bottom":51.4925,"right":-0.0757017,"top":51.4942,"EASTING":533590,"NORTHING":178910,"Latitude":51.4934,"Longitude":-0.0771,"in_cw":false,"whole_in_zone":true},"geometry":{"type":"Point","coordinates":[-0.0771,51.4934]}},
{"type":"Feature","properties":{"lsoa":"E01003979","oa":"E00020024","left":-0.082988,"bottom":51.4936,"right":-0.0811683,"top":51.4948,"EASTING":533220,"NORTHING":178990,"Latitude":51.4942,"Longitude":-0.0824,"in_cw":false,"whole_in_zone":true},"geometry":{"type":"Point","coordinates":[-0.0824,51.4942]}},
{"type":"Feature","properties":{"lsoa":"E01003977","oa":"E00020025","left":-0.0718816,"bottom":51.4927,"right":-0.0690034,"top":51.4944,"EASTING":534010,"NORTHING":178980,"Latitude":51.4939,"Longitude":-0.071,"in_cw":false,"whole_in_zone":true},"geometry":{"type":"Point","coordinates":[-0.071,51.4939]}},
{"type":"Feature","properties":{"lsoa":"E01003977","oa":"E00020026","left":-0.0695503,"bottom":51.4924,"right":-0.0666562,"top":51.4939,"EASTING":534210,"NORTHING":178910,"Latitude":51.4932,"Longitude":-0.0681,"in_cw":false,"whole_in_zone":true},"geometry":{"type":"Point","coordinates":[-0.0681,51.4932]}},
{"type":"Feature","properties":{"lsoa":"E01003979","oa":"E00020027","left":-0.0839721,"bottom":51.4922,"right":-0.0782856,"top":51.4954,"EASTING":533170,"NORTHING":178940,"Latitude":51.4937,"Longitude":-0.0831075,"in_cw":false,"whole_in_zone":true},"geometry":{"type":"Point","coordinates":[-0.083107,51.4937]}},
{"type":"Feature","properties":{"lsoa":"E01003978","oa":"E00020028","left":-0.077795,"bottom":51.4932,"right":-0.0734171,"top":51.4957,"EASTING":533660,"NORTHING":179020,"Latitude":51.4943,"Longitude":-0.076,"in_cw":false,"whole_in_zone":true},"geometry":{"type":"Point","coordinates":[-0.076,51.4943]}},
{"type":"Feature","properties":{"lsoa":"E01003980","oa":"E00020029","left":-0.0773915,"bottom":51.4921,"right":-0.0739841,"top":51.4944,"EASTING":533700,"NORTHING":178880,"Latitude":51.4931,"Longitude":-0.0755,"in_cw":false,"whole_in_zone":true},"geometry":{"type":"Point","coordinates":[-0.0755,51.4931]}},
{"type":"Feature","properties":{"lsoa":"E01003980","oa":"E00020030","left":-0.0827024,"bottom":51.49,"right":-0.0746987,"top":51.4931,"EASTING":533650,"NORTHING":178800,"Latitude":51.4924,"Longitude":-0.0763,"in_cw":false,"whole_in_zone":true},"geometry":{"type":"Point","coordinates":[-0.0763,51.4924]}},
{"type":"Feature","properties":{"lsoa":"E01003980","oa":"E00020031","left":-0.0836153,"bottom":51.4918,"right":-0.0816816,"top":51.493,"EASTING":533220,"NORTHING":178790,"Latitude":51.4924,"Longitude":-0.0824,"in_cw":false,"whole_in_zone":true},"geometry":{"type":"Point","coordinates":[-0.0824,51.4924]}},
{"type":"Feature","properties":{"lsoa":"E01003980","oa":"E00020032","left":-0.0824469,"bottom":51.4911,"right":-0.0808305,"top":51.4921,"EASTING":533300,"NORTHING":178710,"Latitude":51.4916,"Longitude":-0.0813,"in_cw":false,"whole_in_zone":true},"geometry":{"type":"Point","coordinates":[-0.0813,51.4916]}},
{"type":"Feature","properties":{"lsoa":"E01003980","oa":"E00020033","left":-0.081564,"bottom":51.4889,"right":-0.0762685,"top":51.4915,"EASTING":533440,"NORTHING":178560,"Latitude":51.4902,"Longitude":-0.0794,"in_cw":false,"whole_in_zone":true},"geometry":{"type":"Point","coordinates":[-0.0794,51.4902]}},
{"type":"Feature","properties":{"lsoa":"E01032646","oa":"E00020034","left":-0.0819702,"bottom":51.5006,"right":-0.0799989,"top":51.5027,"EASTING":533310,"NORTHING":179790,"Latitude":51.5013,"Longitude":-0.0808,"in_cw":false,"whole_in_zone":true},"geometry":{"type":"Point","coordinates":[-0.0808,51.5013]}},
{"type":"Feature","properties":{"lsoa":"E01032646","oa":"E00020035","left":-0.0839518,"bottom":51.5004,"right":-0.0812385,"top":51.5025,"EASTING":533170,"NORTHING":179770,"Latitude":51.5012,"Longitude":-0.0828,"in_cw":false,"whole_in_zone":true},"geometry":{"type":"Point","coordinates":[-0.0828,51.5012]}},
{"type":"Feature","properties":{"lsoa":"E01003981","oa":"E00020036","left":-0.0890105,"bottom":51.5012,"right":-0.0872593,"top":51.5023,"EASTING":532810,"NORTHING":179820,"Latitude":51.5017,"Longitude":-0.088,"in_cw":false,"whole_in_zone":true},"geometry":{"type":"Point","coordinates":[-0.088,51.5017]}},
{"type":"Feature","properties":{"lsoa":"E01003976","oa":"E00020037","left":-0.0774858,"bottom":51.4978,"right":-0.0745574,"top":51.5,"EASTING":533650,"NORTHING":179470,"Latitude":51.4984,"Longitude":-0.076,"in_cw":false,"whole_in_zone":true},"geometry":{"type":"Point","coordinates":[-0.076,51.4984]}},
{"type":"Feature","properties":{"lsoa":"E01003981","oa":"E00020039","left":-0.0873816,"bottom":51.4992,"right":-0.0851015,"top":51.5007,"EASTING":532980,"NORTHING":179680,"Latitude":51.5004,"Longitude":-0.0856,"in_cw":false,"whole_in_zone":true},"geometry":{"type":"Point","coordinates":[-0.0856,51.5004]}},
{"type":"Feature","properties":{"lsoa":"E01003981","oa":"E00020040","left":-0.0892687,"bottom":51.4999,"right":-0.0860264,"top":51.5015,"EASTING":532860,"NORTHING":179720,"Latitude":51.5008,"Longitude":-0.0873,"in_cw":false,"whole_in_zone":true},"geometry":{"type":"Point","coordinates":[-0.0873,51.5008]}},
{"type":"Feature","properties":{"lsoa":"E01032803","oa":"E00020041","left":-0.0861621,"bottom":51.5003,"right":-0.0851402,"top":51.501,"EASTING":532960,"NORTHING":179710,"Latitude":51.5007,"Longitude":-0.0858408,"in_cw":false,"whole_in_zone":true},"geometry":{"type":"Point","coordinates":[-0.085841,51.5007]}},
{"type":"Feature","properties":{"lsoa":"E01003976","oa":"E00020043","left":-0.0794687,"bottom":51.498,"right":-0.0778559,"top":51.4994,"EASTING":533460,"NORTHING":179500,"Latitude":51.4987,"Longitude":-0.0787,"in_cw":false,"whole_in_zone":true},"geometry":{"type":"Point","coordinates":[-0.0787,51.4987]}},
{"type":"Feature","properties":{"lsoa":"E01003976","oa":"E00020044","left":-0.0805803,"bottom":51.4979,"right":-0.0758559,"top":51.5004,"EASTING":533500,"NORTHING":179600,"Latitude":51.4996,"Longitude":-0.0781,"in_cw":false,"whole_in_zone":true},"geometry":{"type":"Point","coordinates":[-0.0781,51.4996]}},
{"type":"Feature","properties":{"lsoa":"E01003975","oa":"E00020045","left":-0.0739816,"bottom":51.497,"right":-0.0728593,"top":51.4986,"EASTING":533820,"NORTHING":179350,"Latitude":51.4973,"Longitude":-0.0736,"in_cw":false,"whole_in_zone":true},"geometry":{"type":"Point","coordinates":[-0.0736,51.4973]}},
{"type":"Feature","properties":{"lsoa":"E01003976","oa":"E00020046","left":-0.0798156,"bottom":51.4973,"right":-0.0756308,"top":51.4984,"EASTING":533550,"NORTHING":179410,"Latitude":51.4979,"Longitude":-0.0775,"in_cw":false,"whole_in_zone":true},"geometry":{"type":"Point","coordinates":[-0.0775,51.4979]}},
{"type":"Feature","properties":{"lsoa":"E01003975","oa":"E00020047","left":-0.0763584,"bottom":51.4972,"right":-0.0737951,"top":51.4991,"EASTING":533750,"NORTHING":179450,"Latitude":51.4982,"Longitude":-0.0746,"in_cw":false,"whole_in_zone":true},"geometry":{"type":"Point","coordinates":[-0.0746,51.4982]}},
{"type":"Feature","properties":{"lsoa":"E01003976","oa":"E00020048","left":-0.0807234,"bottom":51.4965,"right":-0.0772455,"top":51.4977,"EASTING":533500,"NORTHING":179330,"Latitude":51.4972,"Longitude":-0.0782,"in_cw":false,"whole_in_zone":true},"geometry":{"type":"Point","coordinates":[-0.0782,51.4972]}},
{"type":"Feature","properties":{"lsoa":"E01003975","oa":"E00020049","left":-0.0768331,"bottom":51.4964,"right":-0.0736129,"top":51.4977,"EASTING":533700,"NORTHING":179340,"Latitude":51.4972,"Longitude":-0.0753,"in_cw":false,"whole_in_zone":true},"geometry":{"type":"Point","coordinates":[-0.0753,51.4972]}},
{"type":"Feature","properties":{"lsoa":"E01003975","oa":"E00020050","left":-0.0736968,"bottom":51.496,"right":-0.0715648,"top":51.4981,"EASTING":533850,"NORTHING":179360,"Latitude":51.4973,"Longitude":-0.0732,"in_cw":false,"whole_in_zone":true},"geometry":{"type":"Point","coordinates":[-0.0732,51.4973]}},
{"type":"Feature","properties":{"lsoa":"E01003978","oa":"E00020051","left":-0.0775845,"bottom":51.495,"right":-0.0732113,"top":51.4969,"EASTING":533620,"NORTHING":179160,"Latitude":51.4956,"Longitude":-0.0765,"in_cw":false,"whole_in_zone":true},"geometry":{"type":"Point","coordinates":[-0.0765,51.4956]}},
{"type":"Feature","properties":{"lsoa":"E01003975","oa":"E00020052","left":-0.0733034,"bottom":51.4958,"right":-0.0698992,"top":51.4977,"EASTING":533980,"NORTHING":179250,"Latitude":51.4963,"Longitude":-0.0713,"in_cw":false,"whole_in_zone":true},"geometry":{"type":"Point","coordinates":[-0.0713,51.4963]}},
{"type":"Feature","properties":{"lsoa":"E01003988","oa":"E00020053","left":-0.0563019,"bottom":51.4805,"right":-0.0528528,"top":51.4851,"EASTING":535160,"NORTHING":177620,"Latitude":51.4814,"Longitude":-0.055,"in_cw":false,"whole_in_zone":true},"geometry":{"type":"Point","coordinates":[-0.055,51.4814]}},
{"type":"Feature","properties":{"lsoa":"E01003988","oa":"E00020054","left":-0.0562733,"bottom":51.4791,"right":-0.0533471,"top":51.4812,"EASTING":535170,"NORTHING":177470,"Latitude":51.48,"Longitude":-0.0549,"in_cw":false,"whole_in_zone":true},"geometry":{"type":"Point","coordinates":[-0.0549,51.48]}},
{"type":"Feature","properties":{"lsoa":"E01003984","oa":"E00020055","left":-0.0616226,"bottom":51.4765,"right":-0.0584489,"top":51.4787,"EASTING":534800,"NORTHING":177160,"Latitude":51.4773,"Longitude":-0.0603,"in_cw":false,"whole_in_zone":true},"geometry":{"type":"Point","coordinates":[-0.0603,51.4773]}},
{"type":"Feature","properties":{"lsoa":"E01032805","oa":"E00020056","left":-0.0639774,"bottom":51.4748,"right":-0.0610049,"top":51.4767,"EASTING":534640,"NORTHING":176980,"Latitude":51.4758,"Longitude":-0.0627,"in_cw":false,"whole_in_zone":true},"geometry":{"type":"Point","coordinates":[-0.0627,51.4758]}},
{"type":"Feature","properties":{"lsoa":"E01003987","oa":"E00020057","left":-0.0581052,"bottom":51.4859,"right":-0.0548657,"top":51.488,"EASTING":535000,"NORTHING":178240,"Latitude":51.487,"Longitude":-0.0570304,"in_cw":false,"whole_in_zone":true},"geometry":{"type":"Point","coordinates":[-0.05703,51.487]}},
{"type":"Feature","properties":{"lsoa":"E01003986","oa":"E00020059","left":-0.0582197,"bottom":51.4858,"right":-0.0521415,"top":51.4902,"EASTING":535100,"NORTHING":178220,"Latitude":51.4868,"Longitude":-0.0555987,"in_cw":false,"whole_in_zone":true},"geometry":{"type":"Point","coordinates":[-0.055599,51.4868]}},
{"type":"Feature","properties":{"lsoa":"E01003989","oa":"E00020060","left":-0.0662675,"bottom":51.4832,"right":-0.0578436,"top":51.4872,"EASTING":534690,"NORTHING":178120,"Latitude":51.486,"Longitude":-0.0615382,"in_cw":false,"whole_in_zone":true},"geometry":{"type":"Point","coordinates":[-0.061538,51.486]}},
{"type":"Feature","properties":{"lsoa":"E01003989","oa":"E00020061","left":-0.0707072,"bottom":51.4817,"right":-0.0638094,"top":51.4846,"EASTING":534350,"NORTHING":177710,"Latitude":51.4824,"Longitude":-0.0666,"in_cw":false,"whole_in_zone":true},"geometry":{"type":"Point","coordinates":[-0.0666,51.4824]}},
{"type":"Feature","properties":{"lsoa":"E01003990","oa":"E00020062","left":-0.0731575,"bottom":51.4796,"right":-0.0698853,"top":51.4831,"EASTING":533970,"NORTHING":177520,"Latitude":51.4808,"Longitude":-0.0721,"in_cw":false,"whole_in_zone":true},"geometry":{"type":"Point","coordinates":[-0.0721,51.4808]}},
{"type":"Feature","properties":{"lsoa":"E01003989","oa":"E00020063","left":-0.0661835,"bottom":51.4815,"right":-0.0643683,"top":51.4827,"EASTING":534430,"NORTHING":177680,"Latitude":51.4821,"Longitude":-0.0654479,"in_cw":false,"whole_in_zone":true},"geometry":{"type":"Point","coordinates":[-0.065448,51.4821]}},
{"type":"Feature","properties":{"lsoa":"E01003988","oa":"E00020064","left":-0.064861,"bottom":51.4809,"right":-0.0612719,"top":51.4841,"EASTING":534570,"NORTHING":177660,"Latitude":51.4819,"Longitude":-0.0634,"in_cw":false,"whole_in_zone":true},"geometry":{"type":"Point","coordinates":[-0.0634,51.4819]}},
{"type":"Feature","properties":{"lsoa":"E01003983","oa":"E00020065","left":-0.0642996,"bottom":51.4793,"right":-0.0608074,"top":51.4818,"EASTING":534680,"NORTHING":177550,"Latitude":51.4809,"Longitude":-0.0619,"in_cw":false,"whole_in_zone":true},"geometry":{"type":"Point","coordinates":[-0.0619,51.4809]}},
{"type":"Feature","properties":{"lsoa":"E01003990","oa":"E00020066","left":-0.0698723,"bottom":51.4815,"right":-0.0668663,"top":51.4824,"EASTING":534180,"NORTHING":177650,"Latitude":51.4819,"Longitude":-0.0691,"in_cw":false,"whole_in_zone":true},"geometry":{"type":"Point","coordinates":[-0.0691,51.4819]}},
{"type":"Feature","properties":{"lsoa":"E01003990","oa":"E00020067","left":-0.071633,"bottom":51.48,"right":-0.0696845,"top":51.4821,"EASTING":534070,"NORTHING":177590,"Latitude":51.4814,"Longitude":-0.0707,"in_cw":false,"whole_in_zone":true},"geometry":{"type":"Point","coordinates":[-0.0707,51.4814]}},
{"type":"Feature","properties":{"lsoa":"E01003989","oa":"E00020068","left":-0.0662347,"bottom":51.4808,"right":-0.064611,"top":51.4819,"EASTING":534440,"NORTHING":177580,"Latitude":51.4812,"Longitude":-0.0653,"in_cw":false,"whole_in_zone":true},"geometry":{"type":"Point","coordinates":[-0.0653,51.4812]}},
{"type":"Feature","properties":{"lsoa":"E01003990","oa":"E00020069","left":-0.0707054,"bottom":51.48,"right":-0.067916,"top":51.4818,"EASTING":534180,"NORTHING":177560,"Latitude":51.4811,"Longitude":-0.0691,"in_cw":false,"whole_in_zone":true},"geometry":{"type":"Point","coordinates":[-0.0691,51.4811]}},
{"type":"Feature","properties":{"lsoa":"E01003983","oa":"E00020070","left":-0.069165,"bottom":51.4796,"right":-0.0657506,"top":51.482,"EASTING":534270,"NORTHING":177510,"Latitude":51.4806,"Longitude":-0.0678,"in_cw":false,"whole_in_zone":true},"geometry":{"type":"Point","coordinates":[-0.0678,51.4806]}},
{"type":"Feature","properties":{"lsoa":"E01003990","oa":"E00020071","left":-0.0721546,"bottom":51.4775,"right":-0.0699665,"top":51.48,"EASTING":534070,"NORTHING":177320,"Latitude":51.479,"Longitude":-0.0707657,"in_cw":false,"whole_in_zone":true},"geometry":{"type":"Point","coordinates":[-0.070766,51.479]}},
{"type":"Feature","properties":{"lsoa":"E01003988","oa":"E00020072","left":-0.0630772,"bottom":51.4787,"right":-0.0555371,"top":51.4846,"EASTING":534740,"NORTHING":177480,"Latitude":51.4802,"Longitude":-0.0611,"in_cw":false,"whole_in_zone":true},"geometry":{"type":"Point","coordinates":[-0.0611,51.4802]}},
{"type":"Feature","properties":{"lsoa":"E01003989","oa":"E00020073","left":-0.0661657,"bottom":51.4797,"right":-0.0630426,"top":51.4815,"EASTING":534470,"NORTHING":177490,"Latitude":51.4804,"Longitude":-0.0649,"in_cw":false,"whole_in_zone":true},"geometry":{"type":"Point","coordinates":[-0.0649,51.4804]}},
{"type":"Feature","properties":{"lsoa":"E01003988","oa":"E00020074","left":-0.0583868,"bottom":51.4793,"right":-0.0549635,"top":51.4813,"EASTING":535100,"NORTHING":177440,"Latitude":51.4798,"Longitude":-0.0559,"in_cw":false,"whole_in_zone":true},"geometry":{"type":"Point","coordinates":[-0.0559,51.4798]}},
{"type":"Feature","properties":{"lsoa":"E01003983","oa":"E00020075","left":-0.0657506,"bottom":51.4787,"right":-0.0630555,"top":51.48,"EASTING":534520,"NORTHING":177370,"Latitude":51.4793,"Longitude":-0.0643,"in_cw":false,"whole_in_zone":true},"geometry":{"type":"Point","coordinates":[-0.0643,51.4793]}},
{"type":"Feature","properties":{"lsoa":"E01003984","oa":"E00020076","left":-0.0577181,"bottom":51.4783,"right":-0.0540202,"top":51.4797,"EASTING":535160,"NORTHING":177380,"Latitude":51.4792,"Longitude":-0.0551,"in_cw":false,"whole_in_zone":true},"geometry":{"type":"Point","coordinates":[-0.0551,51.4792]}},
{"type":"Feature","properties":{"lsoa":"E01003983","oa":"E00020077","left":-0.0680603,"bottom":51.4784,"right":-0.0653669,"top":51.4798,"EASTING":534380,"NORTHING":177350,"Latitude":51.4792,"Longitude":-0.0663,"in_cw":false,"whole_in_zone":true},"geometry":{"type":"Point","coordinates":[-0.0663,51.4792]}},
{"type":"Feature","properties":{"lsoa":"E01003984","oa":"E00020078","left":-0.0608083,"bottom":51.478,"right":-0.056473,"top":51.4808,"EASTING":534920,"NORTHING":177320,"Latitude":51.4788,"Longitude":-0.0585,"in_cw":false,"whole_in_zone":true},"geometry":{"type":"Point","coordinates":[-0.0585,51.4788]}},
{"type":"Feature","properties":{"lsoa":"E01003988","oa":"E00020079","left":-0.0626853,"bottom":51.4775,"right":-0.0597711,"top":51.4799,"EASTING":534710,"NORTHING":177290,"Latitude":51.4785,"Longitude":-0.0616,"in_cw":false,"whole_in_zone":true},"geometry":{"type":"Point","coordinates":[-0.0616,51.4785]}},
{"type":"Feature","properties":{"lsoa":"E01003990","oa":"E00020080","left":-0.0707776,"bottom":51.4776,"right":-0.0676491,"top":51.4808,"EASTING":534170,"NORTHING":177380,"Latitude":51.4795,"Longitude":-0.0693,"in_cw":false,"whole_in_zone":true},"geometry":{"type":"Point","coordinates":[-0.0693,51.4795]}},
{"type":"Feature","properties":{"lsoa":"E01003983","oa":"E00020081","left":-0.0697617,"bottom":51.4779,"right":-0.06703,"top":51.4792,"EASTING":534220,"NORTHING":177290,"Latitude":51.4787,"Longitude":-0.0686,"in_cw":false,"whole_in_zone":true},"geometry":{"type":"Point","coordinates":[-0.0686,51.4787]}},
{"type":"Feature","properties":{"lsoa":"E01003984","oa":"E00020082","left":-0.0610481,"bottom":51.4741,"right":-0.0577941,"top":51.4772,"EASTING":534880,"NORTHING":177010,"Latitude":51.476,"Longitude":-0.0592,"in_cw":false,"whole_in_zone":true},"geometry":{"type":"Point","coordinates":[-0.0592,51.476]}},
{"type":"Feature","properties":{"lsoa":"E01032805","oa":"E00020083","left":-0.0633525,"bottom":51.4748,"right":-0.061279,"top":51.4762,"EASTING":534690,"NORTHING":176950,"Latitude":51.4755,"Longitude":-0.062,"in_cw":false,"whole_in_zone":true},"geometry":{"type":"Point","coordinates":[-0.062,51.4755]}},
{"type":"Feature","properties":{"lsoa":"E01003984","oa":"E00020084","left":-0.0606683,"bottom":51.4734,"right":-0.0577961,"top":51.4764,"EASTING":534870,"NORTHING":176870,"Latitude":51.4747,"Longitude":-0.0594,"in_cw":false,"whole_in_zone":true},"geometry":{"type":"Point","coordinates":[-0.0594,51.4747]}},
{"type":"Feature","properties":{"lsoa":"E01003986","oa":"E00020087","left":-0.0554751,"bottom":51.4891,"right":-0.0511893,"top":51.4911,"EASTING":535290,"NORTHING":178670,"Latitude":51.4908,"Longitude":-0.0527,"in_cw":false,"whole_in_zone":true},"geometry":{"type":"Point","coordinates":[-0.0527,51.4908]}},
{"type":"Feature","properties":{"lsoa":"E01003986","oa":"E00020088","left":-0.0536286,"bottom":51.4878,"right":-0.0499882,"top":51.4907,"EASTING":535370,"NORTHING":178570,"Latitude":51.4899,"Longitude":-0.0516,"in_cw":false,"whole_in_zone":true},"geometry":{"type":"Point","coordinates":[-0.0516,51.4899]}},
{"type":"Feature","properties":{"lsoa":"E01003986","oa":"E00020089","left":-0.0515517,"bottom":51.4898,"right":-0.0492605,"top":51.4911,"EASTING":535440,"NORTHING":178660,"Latitude":51.4907,"Longitude":-0.0505,"in_cw":false,"whole_in_zone":true},"geometry":{"type":"Point","coordinates":[-0.0505,51.4907]}},
{"type":"Feature","properties":{"lsoa":"E01003986","oa":"E00020090","left":-0.0534329,"bottom":51.4894,"right":-0.0516185,"top":51.4908,"EASTING":535330,"NORTHING":178620,"Latitude":51.4903,"Longitude":-0.0521,"in_cw":false,"whole_in_zone":true},"geometry":{"type":"Point","coordinates":[-0.0521,51.4903]}},
{"type":"Feature","properties":{"lsoa":"E01003987","oa":"E00020091","left":-0.0597904,"bottom":51.4861,"right":-0.0569428,"top":51.4881,"EASTING":534910,"NORTHING":178220,"Latitude":51.4868,"Longitude":-0.0583,"in_cw":false,"whole_in_zone":true},"geometry":{"type":"Point","coordinates":[-0.0583,51.4868]}},
{"type":"Feature","properties":{"lsoa":"E01003987","oa":"E00020092","left":-0.0618209,"bottom":51.4862,"right":-0.0587502,"top":51.4877,"EASTING":534800,"NORTHING":178240,"Latitude":51.4871,"Longitude":-0.0599,"in_cw":false,"whole_in_zone":true},"geometry":{"type":"Point","coordinates":[-0.0599,51.4871]}},
{"type":"Feature","properties":{"lsoa":"E01003987","oa":"E00020093","left":-0.0620587,"bottom":51.4861,"right":-0.0596707,"top":51.4871,"EASTING":534730,"NORTHING":178170,"Latitude":51.4864,"Longitude":-0.0609,"in_cw":false,"whole_in_zone":true},"geometry":{"type":"Point","coordinates":[-0.0609,51.4864]}},
{"type":"Feature","properties":{"lsoa":"E01004003","oa":"E00020141","left":-0.0577629,"bottom":51.4759,"right":-0.0527386,"top":51.4768,"EASTING":535140,"NORTHING":177060,"Latitude":51.4764,"Longitude":-0.0555,"in_cw":false,"whole_in_zone":true},"geometry":{"type":"Point","coordinates":[-0.0555,51.4764]}},
{"type":"Feature","properties":{"lsoa":"E01004004","oa":"E00020142","left":-0.0572297,"bottom":51.4734,"right":-0.0538739,"top":51.4759,"EASTING":535130,"NORTHING":176840,"Latitude":51.4744,"Longitude":-0.0556944,"in_cw":false,"whole_in_zone":true},"geometry":{"type":"Point","coordinates":[-0.055694,51.4744]}},
{"type":"Feature","properties":{"lsoa":"E01004003","oa":"E00020153","left":-0.0590585,"bottom":51.4767,"right":-0.0543441,"top":51.4789,"EASTING":535040,"NORTHING":177170,"Latitude":51.4774,"Longitude":-0.0569,"in_cw":false,"whole_in_zone":true},"geometry":{"type":"Point","coordinates":[-0.0569,51.4774]}},
{"type":"Feature","properties":{"lsoa":"E01004003","oa":"E00020154","left":-0.0556246,"bottom":51.4766,"right":-0.0527009,"top":51.4786,"EASTING":535250,"NORTHING":177160,"Latitude":51.4772,"Longitude":-0.0538,"in_cw":false,"whole_in_zone":true},"geometry":{"type":"Point","coordinates":[-0.0538,51.4772]}},
{"type":"Feature","properties":{"lsoa":"E01004003","oa":"E00020155","left":-0.0585394,"bottom":51.4753,"right":-0.0561089,"top":51.4776,"EASTING":535020,"NORTHING":177020,"Latitude":51.476,"Longitude":-0.0572,"in_cw":false,"whole_in_zone":true},"geometry":{"type":"Point","coordinates":[-0.0572,51.476]}},
{"type":"Feature","properties":{"lsoa":"E01004003","oa":"E00020156","left":-0.0561492,"bottom":51.4753,"right":-0.0527491,"top":51.4764,"EASTING":535250,"NORTHING":177000,"Latitude":51.4758,"Longitude":-0.0539,"in_cw":false,"whole_in_zone":true},"geometry":{"type":"Point","coordinates":[-0.0539,51.4758]}},
{"type":"Feature","properties":{"lsoa":"E01004004","oa":"E00020157","left":-0.0545083,"bottom":51.4734,"right":-0.052754,"top":51.4759,"EASTING":535290,"NORTHING":176840,"Latitude":51.4744,"Longitude":-0.0534,"in_cw":false,"whole_in_zone":true},"geometry":{"type":"Point","coordinates":[-0.0534,51.4744]}},
{"type":"Feature","properties":{"lsoa":"E01004005","oa":"E00020158","left":-0.059624,"bottom":51.4728,"right":-0.0557641,"top":51.4756,"EASTING":535020,"NORTHING":176840,"Latitude":51.4744,"Longitude":-0.0573,"in_cw":false,"whole_in_zone":true},"geometry":{"type":"Point","coordinates":[-0.0573,51.4744]}},
{"type":"Feature","properties":{"lsoa":"E01004008","oa":"E00020176","left":-0.0667922,"bottom":51.4755,"right":-0.0647585,"top":51.4773,"EASTING":534400,"NORTHING":177030,"Latitude":51.4763,"Longitude":-0.0661,"in_cw":false,"whole_in_zone":true},"geometry":{"type":"Point","coordinates":[-0.0661,51.4763]}},
{"type":"Feature","properties":{"lsoa":"E01004010","oa":"E00020177","left":-0.0724696,"bottom":51.4742,"right":-0.0696255,"top":51.4759,"EASTING":534040,"NORTHING":176880,"Latitude":51.475,"Longitude":-0.0714,"in_cw":false,"whole_in_zone":true},"geometry":{"type":"Point","coordinates":[-0.0714,51.475]}},
{"type":"Feature","properties":{"lsoa":"E01004014","oa":"E00020178","left":-0.0761247,"bottom":51.4793,"right":-0.0726234,"top":51.4827,"EASTING":533840,"NORTHING":177610,"Latitude":51.4816,"Longitude":-0.074,"in_cw":false,"whole_in_zone":true},"geometry":{"type":"Point","coordinates":[-0.074,51.4816]}},
{"type":"Feature","properties":{"lsoa":"E01032805","oa":"E00020179","left":-0.0647488,"bottom":51.4771,"right":-0.0619793,"top":51.4787,"EASTING":534570,"NORTHING":177220,"Latitude":51.4779,"Longitude":-0.0636,"in_cw":false,"whole_in_zone":true},"geometry":{"type":"Point","coordinates":[-0.0636,51.4779]}},
{"type":"Feature","properties":{"lsoa":"E01004007","oa":"E00020180","left":-0.0741143,"bottom":51.4783,"right":-0.0714694,"top":51.4809,"EASTING":533940,"NORTHING":177340,"Latitude":51.4792,"Longitude":-0.0726,"in_cw":false,"whole_in_zone":true},"geometry":{"type":"Point","coordinates":[-0.0726,51.4792]}},
{"type":"Feature","properties":{"lsoa":"E01004011","oa":"E00020181","left":-0.077818,"bottom":51.4769,"right":-0.0743468,"top":51.4784,"EASTING":533670,"NORTHING":177210,"Latitude":51.4781,"Longitude":-0.0766,"in_cw":false,"whole_in_zone":true},"geometry":{"type":"Point","coordinates":[-0.0766,51.4781]}},
{"type":"Feature","properties":{"lsoa":"E01004007","oa":"E00020182","left":-0.0747201,"bottom":51.478,"right":-0.0729505,"top":51.4803,"EASTING":533860,"NORTHING":177350,"Latitude":51.4793,"Longitude":-0.0738,"in_cw":false,"whole_in_zone":true},"geometry":{"type":"Point","coordinates":[-0.0738,51.4793]}},
{"type":"Feature","properties":{"lsoa":"E01032805","oa":"E00020183","left":-0.0642691,"bottom":51.4756,"right":-0.0609803,"top":51.4774,"EASTING":534580,"NORTHING":177080,"Latitude":51.4767,"Longitude":-0.0635,"in_cw":false,"whole_in_zone":true},"geometry":{"type":"Point","coordinates":[-0.0635,51.4767]}},
{"type":"Feature","properties":{"lsoa":"E01004007","oa":"E00020184","left":-0.0748863,"bottom":51.4768,"right":-0.0709827,"top":51.4787,"EASTING":533870,"NORTHING":177170,"Latitude":51.4777,"Longitude":-0.0737007,"in_cw":false,"whole_in_zone":true},"geometry":{"type":"Point","coordinates":[-0.073701,51.4777]}},
{"type":"Feature","properties":{"lsoa":"E01032805","oa":"E00020185","left":-0.0667472,"bottom":51.4772,"right":-0.0641567,"top":51.4788,"EASTING":534450,"NORTHING":177220,"Latitude":51.478,"Longitude":-0.0653,"in_cw":false,"whole_in_zone":true},"geometry":{"type":"Point","coordinates":[-0.0653,51.478]}},
{"type":"Feature","properties":{"lsoa":"E01004008","oa":"E00020186","left":-0.0689021,"bottom":51.4767,"right":-0.0653868,"top":51.4785,"EASTING":534310,"NORTHING":177170,"Latitude":51.4776,"Longitude":-0.0674,"in_cw":false,"whole_in_zone":true},"geometry":{"type":"Point","coordinates":[-0.0674,51.4776]}},
{"type":"Feature","properties":{"lsoa":"E01004007","oa":"E00020188","left":-0.0762573,"bottom":51.4783,"right":-0.0744756,"top":51.4793,"EASTING":533740,"NORTHING":177290,"Latitude":51.4788,"Longitude":-0.0755,"in_cw":false,"whole_in_zone":true},"geometry":{"type":"Point","coordinates":[-0.0755,51.4788]}},
{"type":"Feature","properties":{"lsoa":"E01004010","oa":"E00020190","left":-0.0709832,"bottom":51.4761,"right":-0.0684907,"top":51.4782,"EASTING":534160,"NORTHING":177150,"Latitude":51.4774,"Longitude":-0.0695,"in_cw":false,"whole_in_zone":true},"geometry":{"type":"Point","coordinates":[-0.0695,51.4774]}},
{"type":"Feature","properties":{"lsoa":"E01004011","oa":"E00020191","left":-0.0809573,"bottom":51.4761,"right":-0.0780512,"top":51.4784,"EASTING":533440,"NORTHING":177130,"Latitude":51.4774,"Longitude":-0.079904,"in_cw":false,"whole_in_zone":true},"geometry":{"type":"Point","coordinates":[-0.079904,51.4774]}},
{"type":"Feature","properties":{"lsoa":"E01004010","oa":"E00020192","left":-0.0731732,"bottom":51.4754,"right":-0.0700486,"top":51.4775,"EASTING":533990,"NORTHING":177060,"Latitude":51.4766,"Longitude":-0.072,"in_cw":false,"whole_in_zone":true},"geometry":{"type":"Point","coordinates":[-0.072,51.4766]}},
{"type":"Feature","properties":{"lsoa":"E01004013","oa":"E00020193","left":-0.0766702,"bottom":51.4752,"right":-0.074236,"top":51.4776,"EASTING":533750,"NORTHING":177060,"Latitude":51.4767,"Longitude":-0.0755,"in_cw":false,"whole_in_zone":true},"geometry":{"type":"Point","coordinates":[-0.0755,51.4767]}},
{"type":"Feature","properties":{"lsoa":"E01004008","oa":"E00020194","left":-0.068908,"bottom":51.4757,"right":-0.0666671,"top":51.4773,"EASTING":534280,"NORTHING":177010,"Latitude":51.4761,"Longitude":-0.0679,"in_cw":false,"whole_in_zone":true},"geometry":{"type":"Point","coordinates":[-0.0679,51.4761]}},
{"type":"Feature","properties":{"lsoa":"E01004013","oa":"E00020195","left":-0.0753136,"bottom":51.4753,"right":-0.0729777,"top":51.477,"EASTING":533840,"NORTHING":176990,"Latitude":51.476,"Longitude":-0.0742,"in_cw":false,"whole_in_zone":true},"geometry":{"type":"Point","coordinates":[-0.0742,51.476]}},
{"type":"Feature","properties":{"lsoa":"E01004011","oa":"E00020196","left":-0.0780252,"bottom":51.4757,"right":-0.0760993,"top":51.4777,"EASTING":533640,"NORTHING":177110,"Latitude":51.4772,"Longitude":-0.077,"in_cw":false,"whole_in_zone":true},"geometry":{"type":"Point","coordinates":[-0.077,51.4772]}},
{"type":"Feature","properties":{"lsoa":"E01004008","oa":"E00020197","left":-0.0695567,"bottom":51.4751,"right":-0.0667483,"top":51.4774,"EASTING":534230,"NORTHING":177040,"Latitude":51.4764,"Longitude":-0.0686,"in_cw":false,"whole_in_zone":true},"geometry":{"type":"Point","coordinates":[-0.0686,51.4764]}},
{"type":"Feature","properties":{"lsoa":"E01004010","oa":"E00020198","left":-0.0742904,"bottom":51.4733,"right":-0.0675641,"top":51.4762,"EASTING":534230,"NORTHING":176850,"Latitude":51.4747,"Longitude":-0.0686,"in_cw":false,"whole_in_zone":true},"geometry":{"type":"Point","coordinates":[-0.0686,51.4747]}},
{"type":"Feature","properties":{"lsoa":"E01004013","oa":"E00020199","left":-0.0786144,"bottom":51.4742,"right":-0.0751409,"top":51.4766,"EASTING":533660,"NORTHING":176910,"Latitude":51.4754,"Longitude":-0.0768,"in_cw":false,"whole_in_zone":true},"geometry":{"type":"Point","coordinates":[-0.0768,51.4754]}},
{"type":"Feature","properties":{"lsoa":"E01032805","oa":"E00020200","left":-0.0658741,"bottom":51.474,"right":-0.0636309,"top":51.4773,"EASTING":534510,"NORTHING":177000,"Latitude":51.476,"Longitude":-0.0646,"in_cw":false,"whole_in_zone":true},"geometry":{"type":"Point","coordinates":[-0.0646,51.476]}},
{"type":"Feature","properties":{"lsoa":"E01004008","oa":"E00020201","left":-0.0680386,"bottom":51.4739,"right":-0.0656032,"top":51.4756,"EASTING":534370,"NORTHING":176860,"Latitude":51.4748,"Longitude":-0.0666,"in_cw":false,"whole_in_zone":true},"geometry":{"type":"Point","coordinates":[-0.0666,51.4748]}},
{"type":"Feature","properties":{"lsoa":"E01004013","oa":"E00020202","left":-0.0755141,"bottom":51.4741,"right":-0.0713478,"top":51.4772,"EASTING":533840,"NORTHING":176880,"Latitude":51.4751,"Longitude":-0.0742,"in_cw":false,"whole_in_zone":true},"geometry":{"type":"Point","coordinates":[-0.0742,51.4751]}},
{"type":"Feature","properties":{"lsoa":"E01004014","oa":"E00020203","left":-0.0772674,"bottom":51.4806,"right":-0.0749761,"top":51.4824,"EASTING":533700,"NORTHING":177560,"Latitude":51.4812,"Longitude":-0.076,"in_cw":false,"whole_in_zone":true},"geometry":{"type":"Point","coordinates":[-0.076,51.4812]}},
{"type":"Feature","properties":{"lsoa":"E01004012","oa":"E00020204","left":-0.0802095,"bottom":51.4806,"right":-0.0780259,"top":51.482,"EASTING":533470,"NORTHING":177570,"Latitude":51.4813,"Longitude":-0.0793,"in_cw":false,"whole_in_zone":true},"geometry":{"type":"Point","coordinates":[-0.0793,51.4813]}},
{"type":"Feature","properties":{"lsoa":"E01004012","oa":"E00020206","left":-0.0800777,"bottom":51.4798,"right":-0.0760523,"top":51.4821,"EASTING":533590,"NORTHING":177610,"Latitude":51.4817,"Longitude":-0.0776,"in_cw":false,"whole_in_zone":true},"geometry":{"type":"Point","coordinates":[-0.0776,51.4817]}},
{"type":"Feature","properties":{"lsoa":"E01004014","oa":"E00020207","left":-0.0786252,"bottom":51.4787,"right":-0.0751425,"top":51.4804,"EASTING":533650,"NORTHING":177390,"Latitude":51.4797,"Longitude":-0.0768,"in_cw":false,"whole_in_zone":true},"geometry":{"type":"Point","coordinates":[-0.0768,51.4797]}},
{"type":"Feature","properties":{"lsoa":"E01004014","oa":"E00020208","left":-0.0766849,"bottom":51.4787,"right":-0.074443,"top":51.4804,"EASTING":533750,"NORTHING":177400,"Latitude":51.4798,"Longitude":-0.0753,"in_cw":false,"whole_in_zone":true},"geometry":{"type":"Point","coordinates":[-0.0753,51.4798]}},
{"type":"Feature","properties":{"lsoa":"E01032805","oa":"E00020209","left":-0.0649335,"bottom":51.4766,"right":-0.0611114,"top":51.4793,"EASTING":534660,"NORTHING":177190,"Latitude":51.4776,"Longitude":-0.0623,"in_cw":false,"whole_in_zone":true},"geometry":{"type":"Point","coordinates":[-0.0623,51.4776]}},
{"type":"Feature","properties":{"lsoa":"E01004024","oa":"E00020249","left":-0.0620873,"bottom":51.4967,"right":-0.0603271,"top":51.4981,"EASTING":534700,"NORTHING":179450,"Latitude":51.4979,"Longitude":-0.0608872,"in_cw":false,"whole_in_zone":true},"geometry":{"type":"Point","coordinates":[-0.060887,51.4979]}},
{"type":"Feature","properties":{"lsoa":"E01004022","oa":"E00020250","left":-0.0660312,"bottom":51.4953,"right":-0.0618166,"top":51.4973,"EASTING":534500,"NORTHING":179310,"Latitude":51.4967,"Longitude":-0.0638,"in_cw":false,"whole_in_zone":true},"geometry":{"type":"Point","coordinates":[-0.0638,51.4967]}},
{"type":"Feature","properties":{"lsoa":"E01004024","oa":"E00020251","left":-0.0618166,"bottom":51.4954,"right":-0.0599382,"top":51.4969,"EASTING":534730,"NORTHING":179300,"Latitude":51.4966,"Longitude":-0.0605,"in_cw":false,"whole_in_zone":true},"geometry":{"type":"Point","coordinates":[-0.0605,51.4966]}},
{"type":"Feature","properties":{"lsoa":"E01004024","oa":"E00020252","left":-0.0614847,"bottom":51.4938,"right":-0.0596242,"top":51.4955,"EASTING":534730,"NORTHING":179080,"Latitude":51.4946,"Longitude":-0.0606,"in_cw":false,"whole_in_zone":true},"geometry":{"type":"Point","coordinates":[-0.0606,51.4946]}},
{"type":"Feature","properties":{"lsoa":"E01004024","oa":"E00020253","left":-0.06316,"bottom":51.4922,"right":-0.0590547,"top":51.4954,"EASTING":534770,"NORTHING":178960,"Latitude":51.4935,"Longitude":-0.0601,"in_cw":false,"whole_in_zone":true},"geometry":{"type":"Point","coordinates":[-0.0601,51.4935]}},
{"type":"Feature","properties":{"lsoa":"E01004024","oa":"E00020254","left":-0.0599895,"bottom":51.4924,"right":-0.0576149,"top":51.4941,"EASTING":534890,"NORTHING":178960,"Latitude":51.4935,"Longitude":-0.0583,"in_cw":false,"whole_in_zone":true},"geometry":{"type":"Point","coordinates":[-0.0583,51.4935]}},
{"type":"Feature","properties":{"lsoa":"E01004027","oa":"E00020255","left":-0.0884147,"bottom":51.5023,"right":-0.0754119,"top":51.5079,"EASTING":533210,"NORTHING":180060,"Latitude":51.5038,"Longitude":-0.0821,"in_cw":false,"whole_in_zone":true},"geometry":{"type":"Point","coordinates":[-0.0821,51.5038]}},
{"type":"Feature","properties":{"lsoa":"E01004023","oa":"E00020257","left":-0.0655834,"bottom":51.4993,"right":-0.059141,"top":51.5019,"EASTING":534510,"NORTHING":179690,"Latitude":51.5002,"Longitude":-0.0635,"in_cw":false,"whole_in_zone":true},"geometry":{"type":"Point","coordinates":[-0.0635,51.5002]}},
{"type":"Feature","properties":{"lsoa":"E01032834","oa":"E00020259","left":-0.0737468,"bottom":51.5017,"right":-0.0701009,"top":51.5045,"EASTING":533830,"NORTHING":179980,"Latitude":51.5029,"Longitude":-0.0732,"in_cw":false,"whole_in_zone":true},"geometry":{"type":"Point","coordinates":[-0.0732,51.5029]}},
{"type":"Feature","properties":{"lsoa":"E01032640","oa":"E00020260","left":-0.0772657,"bottom":51.5027,"right":-0.0734359,"top":51.5055,"EASTING":533690,"NORTHING":180090,"Latitude":51.5039,"Longitude":-0.0752,"in_cw":false,"whole_in_zone":true},"geometry":{"type":"Point","coordinates":[-0.0752,51.5039]}},
{"type":"Feature","properties":{"lsoa":"E01032834","oa":"E00020261","left":-0.0720023,"bottom":51.5017,"right":-0.0698063,"top":51.5037,"EASTING":533950,"NORTHING":179910,"Latitude":51.5023,"Longitude":-0.0715,"in_cw":false,"whole_in_zone":true},"geometry":{"type":"Point","coordinates":[-0.0715,51.5023]}},
{"type":"Feature","properties":{"lsoa":"E01032640","oa":"E00020262","left":-0.0768947,"bottom":51.502,"right":-0.0756889,"top":51.5031,"EASTING":533630,"NORTHING":179890,"Latitude":51.5022,"Longitude":-0.0761,"in_cw":false,"whole_in_zone":true},"geometry":{"type":"Point","coordinates":[-0.0761,51.5022]}},
{"type":"Feature","properties":{"lsoa":"E01004027","oa":"E00020263","left":-0.0807332,"bottom":51.5019,"right":-0.0789963,"top":51.5032,"EASTING":533390,"NORTHING":179950,"Latitude":51.5028,"Longitude":-0.0796,"in_cw":false,"whole_in_zone":true},"geometry":{"type":"Point","coordinates":[-0.0796,51.5028]}},
{"type":"Feature","properties":{"lsoa":"E01004027","oa":"E00020264","left":-0.0801505,"bottom":51.5004,"right":-0.0759906,"top":51.5031,"EASTING":533550,"NORTHING":179860,"Latitude":51.5019,"Longitude":-0.0773,"in_cw":false,"whole_in_zone":true},"geometry":{"type":"Point","coordinates":[-0.0773,51.5019]}},
{"type":"Feature","properties":{"lsoa":"E01004027","oa":"E00020266","left":-0.0769946,"bottom":51.5002,"right":-0.0747002,"top":51.5017,"EASTING":533650,"NORTHING":179770,"Latitude":51.5011,"Longitude":-0.0759,"in_cw":false,"whole_in_zone":true},"geometry":{"type":"Point","coordinates":[-0.0759,51.5011]}},
{"type":"Feature","properties":{"lsoa":"E01032637","oa":"E00020267","left":-0.0747572,"bottom":51.5014,"right":-0.0736924,"top":51.502,"EASTING":533780,"NORTHING":179840,"Latitude":51.5017,"Longitude":-0.074,"in_cw":false,"whole_in_zone":true},"geometry":{"type":"Point","coordinates":[-0.074,51.5017]}},
{"type":"Feature","properties":{"lsoa":"E01032638","oa":"E00020268","left":-0.0719461,"bottom":51.5011,"right":-0.0699176,"top":51.502,"EASTING":534000,"NORTHING":179840,"Latitude":51.5016,"Longitude":-0.0708,"in_cw":false,"whole_in_zone":true},"geometry":{"type":"Point","coordinates":[-0.0708,51.5016]}},
{"type":"Feature","properties":{"lsoa":"E01032638","oa":"E00020269","left":-0.0721727,"bottom":51.5005,"right":-0.0673166,"top":51.5036,"EASTING":534000,"NORTHING":179800,"Latitude":51.5013,"Longitude":-0.0708,"in_cw":false,"whole_in_zone":true},"geometry":{"type":"Point","coordinates":[-0.0708,51.5013]}},
{"type":"Feature","properties":{"lsoa":"E01032834","oa":"E00020270","left":-0.0739338,"bottom":51.5001,"right":-0.070922,"top":51.5011,"EASTING":533860,"NORTHING":179730,"Latitude":51.5007,"Longitude":-0.0729,"in_cw":false,"whole_in_zone":true},"geometry":{"type":"Point","coordinates":[-0.0729,51.5007]}},
{"type":"Feature","properties":{"lsoa":"E01032834","oa":"E00020271","left":-0.0734331,"bottom":51.5008,"right":-0.0717574,"top":51.5019,"EASTING":533880,"NORTHING":179810,"Latitude":51.5014,"Longitude":-0.0725565,"in_cw":false,"whole_in_zone":true},"geometry":{"type":"Point","coordinates":[-0.072556,51.5014]}},
{"type":"Feature","properties":{"lsoa":"E01004023","oa":"E00020273","left":-0.0659449,"bottom":51.4981,"right":-0.0628004,"top":51.5003,"EASTING":534500,"NORTHING":179530,"Latitude":51.4987,"Longitude":-0.0637,"in_cw":false,"whole_in_zone":true},"geometry":{"type":"Point","coordinates":[-0.0637,51.4987]}},
{"type":"Feature","properties":{"lsoa":"E01004028","oa":"E00020274","left":-0.0704671,"bottom":51.4999,"right":-0.0668555,"top":51.501,"EASTING":534100,"NORTHING":179720,"Latitude":51.5005,"Longitude":-0.0694,"in_cw":false,"whole_in_zone":true},"geometry":{"type":"Point","coordinates":[-0.0694,51.5005]}},
{"type":"Feature","properties":{"lsoa":"E01004027","oa":"E00020275","left":-0.0746613,"bottom":51.499,"right":-0.071724,"top":51.5005,"EASTING":533880,"NORTHING":179600,"Latitude":51.4995,"Longitude":-0.0726,"in_cw":false,"whole_in_zone":true},"geometry":{"type":"Point","coordinates":[-0.0726,51.4995]}},
{"type":"Feature","properties":{"lsoa":"E01004023","oa":"E00020276","left":-0.0631773,"bottom":51.4984,"right":-0.0613663,"top":51.5003,"EASTING":534610,"NORTHING":179610,"Latitude":51.4994,"Longitude":-0.0621,"in_cw":false,"whole_in_zone":true},"geometry":{"type":"Point","coordinates":[-0.0621,51.4994]}},
{"type":"Feature","properties":{"lsoa":"E01004023","oa":"E00020277","left":-0.0619583,"bottom":51.4985,"right":-0.0605646,"top":51.5003,"EASTING":534680,"NORTHING":179600,"Latitude":51.4993,"Longitude":-0.0611,"in_cw":false,"whole_in_zone":true},"geometry":{"type":"Point","coordinates":[-0.0611,51.4993]}},
{"type":"Feature","properties":{"lsoa":"E01004027","oa":"E00020278","left":-0.0771568,"bottom":51.4991,"right":-0.0738193,"top":51.501,"EASTING":533730,"NORTHING":179700,"Latitude":51.5004,"Longitude":-0.0747579,"in_cw":false,"whole_in_zone":true},"geometry":{"type":"Point","coordinates":[-0.074758,51.5004]}},
{"type":"Feature","properties":{"lsoa":"E01004022","oa":"E00020280","left":-0.0696057,"bottom":51.498,"right":-0.0648619,"top":51.4992,"EASTING":534260,"NORTHING":179500,"Latitude":51.4985,"Longitude":-0.0672,"in_cw":false,"whole_in_zone":true},"geometry":{"type":"Point","coordinates":[-0.0672,51.4985]}},
{"type":"Feature","properties":{"lsoa":"E01004028","oa":"E00020281","left":-0.0746201,"bottom":51.4981,"right":-0.0718427,"top":51.4998,"EASTING":533820,"NORTHING":179600,"Latitude":51.4995,"Longitude":-0.0735,"in_cw":false,"whole_in_zone":true},"geometry":{"type":"Point","coordinates":[-0.0735,51.4995]}},
{"type":"Feature","properties":{"lsoa":"E01004028","oa":"E00020282","left":-0.0698241,"bottom":51.4987,"right":-0.0672733,"top":51.5002,"EASTING":534160,"NORTHING":179620,"Latitude":51.4996,"Longitude":-0.0685972,"in_cw":false,"whole_in_zone":true},"geometry":{"type":"Point","coordinates":[-0.068597,51.4996]}},
{"type":"Feature","properties":{"lsoa":"E01004028","oa":"E00020283","left":-0.0725403,"bottom":51.4982,"right":-0.0690637,"top":51.5005,"EASTING":534030,"NORTHING":179610,"Latitude":51.4995,"Longitude":-0.0705,"in_cw":false,"whole_in_zone":true},"geometry":{"type":"Point","coordinates":[-0.0705,51.4995]}},
{"type":"Feature","properties":{"lsoa":"E01004022","oa":"E00020284","left":-0.0689203,"bottom":51.4985,"right":-0.0623339,"top":51.5025,"EASTING":534290,"NORTHING":179580,"Latitude":51.4992,"Longitude":-0.0667,"in_cw":false,"whole_in_zone":true},"geometry":{"type":"Point","coordinates":[-0.0667,51.4992]}},
{"type":"Feature","properties":{"lsoa":"E01004022","oa":"E00020286","left":-0.0676724,"bottom":51.4961,"right":-0.0640052,"top":51.4981,"EASTING":534360,"NORTHING":179370,"Latitude":51.4973,"Longitude":-0.0658,"in_cw":false,"whole_in_zone":true},"geometry":{"type":"Point","coordinates":[-0.0658,51.4973]}},
{"type":"Feature","properties":{"lsoa":"E01004023","oa":"E00020287","left":-0.0655677,"bottom":51.4971,"right":-0.0631991,"top":51.4989,"EASTING":534450,"NORTHING":179500,"Latitude":51.4985,"Longitude":-0.0645,"in_cw":false,"whole_in_zone":true},"geometry":{"type":"Point","coordinates":[-0.0645,51.4985]}},
{"type":"Feature","properties":{"lsoa":"E01004023","oa":"E00020289","left":-0.0635182,"bottom":51.4971,"right":-0.0605823,"top":51.4986,"EASTING":534580,"NORTHING":179420,"Latitude":51.4977,"Longitude":-0.0626,"in_cw":false,"whole_in_zone":true},"geometry":{"type":"Point","coordinates":[-0.0626,51.4977]}},
{"type":"Feature","properties":{"lsoa":"E01004022","oa":"E00020290","left":-0.0681212,"bottom":51.4936,"right":-0.0614854,"top":51.4967,"EASTING":534480,"NORTHING":179190,"Latitude":51.4957,"Longitude":-0.0641536,"in_cw":false,"whole_in_zone":true},"geometry":{"type":"Point","coordinates":[-0.064154,51.4957]}},
{"type":"Feature","properties":{"lsoa":"E01004024","oa":"E00020291","left":-0.0599898,"bottom":51.4936,"right":-0.0576607,"top":51.4952,"EASTING":534840,"NORTHING":179080,"Latitude":51.4946,"Longitude":-0.059,"in_cw":false,"whole_in_zone":true},"geometry":{"type":"Point","coordinates":[-0.059,51.4946]}},
{"type":"Feature","properties":{"lsoa":"E01004030","oa":"E00020292","left":-0.0569302,"bottom":51.501,"right":-0.0517742,"top":51.5036,"EASTING":535160,"NORTHING":179880,"Latitude":51.5017,"Longitude":-0.0541,"in_cw":false,"whole_in_zone":true},"geometry":{"type":"Point","coordinates":[-0.0541,51.5017]}},
{"type":"Feature","properties":{"lsoa":"E01004030","oa":"E00020293","left":-0.0586269,"bottom":51.4997,"right":-0.0534346,"top":51.5022,"EASTING":535080,"NORTHING":179760,"Latitude":51.5006,"Longitude":-0.0553,"in_cw":false,"whole_in_zone":true},"geometry":{"type":"Point","coordinates":[-0.0553,51.5006]}},
{"type":"Feature","properties":{"lsoa":"E01004034","oa":"E00020294","left":-0.060659,"bottom":51.4977,"right":-0.0557186,"top":51.4991,"EASTING":534760,"NORTHING":179470,"Latitude":51.4981,"Longitude":-0.06,"in_cw":false,"whole_in_zone":true},"geometry":{"type":"Point","coordinates":[-0.06,51.4981]}},
{"type":"Feature","properties":{"lsoa":"E01004031","oa":"E00020295","left":-0.0550923,"bottom":51.4931,"right":-0.0477359,"top":51.4966,"EASTING":535400,"NORTHING":179140,"Latitude":51.495,"Longitude":-0.0509,"in_cw":false,"whole_in_zone":true},"geometry":{"type":"Point","coordinates":[-0.0509,51.495]}},
{"type":"Feature","properties":{"lsoa":"E01004031","oa":"E00020296","left":-0.0505893,"bottom":51.4915,"right":-0.046603,"top":51.4939,"EASTING":535550,"NORTHING":178880,"Latitude":51.4926,"Longitude":-0.0489,"in_cw":false,"whole_in_zone":true},"geometry":{"type":"Point","coordinates":[-0.0489,51.4926]}},
{"type":"Feature","properties":{"lsoa":"E01004035","oa":"E00020297","left":-0.0570125,"bottom":51.4902,"right":-0.0487828,"top":51.4945,"EASTING":535180,"NORTHING":178720,"Latitude":51.4913,"Longitude":-0.0543,"in_cw":false,"whole_in_zone":true},"geometry":{"type":"Point","coordinates":[-0.0543,51.4913]}},
{"type":"Feature","properties":{"lsoa":"E01004032","oa":"E00020298","left":-0.04486,"bottom":51.5005,"right":-0.0410309,"top":51.5023,"EASTING":535930,"NORTHING":179870,"Latitude":51.5014,"Longitude":-0.043,"in_cw":false,"whole_in_zone":true},"geometry":{"type":"Point","coordinates":[-0.043,51.5014]}},
{"type":"Feature","properties":{"lsoa":"E01004032","oa":"E00020299","left":-0.0477947,"bottom":51.5005,"right":-0.0452683,"top":51.5035,"EASTING":535670,"NORTHING":179840,"Latitude":51.5012,"Longitude":-0.0468,"in_cw":false,"whole_in_zone":true},"geometry":{"type":"Point","coordinates":[-0.0468,51.5012]}},
{"type":"Feature","properties":{"lsoa":"E01004030","oa":"E00020300","left":-0.0540391,"bottom":51.4995,"right":-0.0501342,"top":51.5039,"EASTING":535310,"NORTHING":179800,"Latitude":51.5009,"Longitude":-0.0519708,"in_cw":false,"whole_in_zone":true},"geometry":{"type":"Point","coordinates":[-0.051971,51.5009]}},
{"type":"Feature","properties":{"lsoa":"E01004029","oa":"E00020301","left":-0.0499948,"bottom":51.5001,"right":-0.0472138,"top":51.5019,"EASTING":535520,"NORTHING":179800,"Latitude":51.5009,"Longitude":-0.0489,"in_cw":false,"whole_in_zone":true},"geometry":{"type":"Point","coordinates":[-0.0489,51.5009]}},
{"type":"Feature","properties":{"lsoa":"E01004033","oa":"E00020302","left":-0.0515342,"bottom":51.4999,"right":-0.0482924,"top":51.5018,"EASTING":535440,"NORTHING":179800,"Latitude":51.5009,"Longitude":-0.0501,"in_cw":false,"whole_in_zone":true},"geometry":{"type":"Point","coordinates":[-0.0501,51.5009]}},
{"type":"Feature","properties":{"lsoa":"E01004032","oa":"E00020303","left":-0.046811,"bottom":51.5004,"right":-0.0437386,"top":51.5028,"EASTING":535780,"NORTHING":179910,"Latitude":51.5018,"Longitude":-0.0452,"in_cw":false,"whole_in_zone":true},"geometry":{"type":"Point","coordinates":[-0.0452,51.5018]}},
{"type":"Feature","properties":{"lsoa":"E01004030","oa":"E00020304","left":-0.0537221,"bottom":51.5006,"right":-0.0520332,"top":51.502,"EASTING":535250,"NORTHING":179810,"Latitude":51.5011,"Longitude":-0.0528,"in_cw":false,"whole_in_zone":true},"geometry":{"type":"Point","coordinates":[-0.0528,51.5011]}},
{"type":"Feature","properties":{"lsoa":"E01004029","oa":"E00020305","left":-0.0476148,"bottom":51.4994,"right":-0.0455757,"top":51.5009,"EASTING":535680,"NORTHING":179740,"Latitude":51.5003,"Longitude":-0.0467,"in_cw":false,"whole_in_zone":true},"geometry":{"type":"Point","coordinates":[-0.0467,51.5003]}},
{"type":"Feature","properties":{"lsoa":"E01004033","oa":"E00020306","left":-0.0524865,"bottom":51.4978,"right":-0.0482091,"top":51.5008,"EASTING":535430,"NORTHING":179630,"Latitude":51.4994,"Longitude":-0.0503,"in_cw":false,"whole_in_zone":true},"geometry":{"type":"Point","coordinates":[-0.0503,51.4994]}},
{"type":"Feature","properties":{"lsoa":"E01004032","oa":"E00020307","left":-0.046351,"bottom":51.4983,"right":-0.0417609,"top":51.5011,"EASTING":535810,"NORTHING":179690,"Latitude":51.4998,"Longitude":-0.0448,"in_cw":false,"whole_in_zone":true},"geometry":{"type":"Point","coordinates":[-0.0448,51.4998]}},
{"type":"Feature","properties":{"lsoa":"E01004029","oa":"E00020308","left":-0.0487898,"bottom":51.4982,"right":-0.0458982,"top":51.5006,"EASTING":535670,"NORTHING":179580,"Latitude":51.4989,"Longitude":-0.0469,"in_cw":false,"whole_in_zone":true},"geometry":{"type":"Point","coordinates":[-0.0469,51.4989]}},
{"type":"Feature","properties":{"lsoa":"E01004034","oa":"E00020309","left":-0.0610165,"bottom":51.4993,"right":-0.0578902,"top":51.5018,"EASTING":534750,"NORTHING":179690,"Latitude":51.5001,"Longitude":-0.0601,"in_cw":false,"whole_in_zone":true},"geometry":{"type":"Point","coordinates":[-0.0601,51.5001]}},
{"type":"Feature","properties":{"lsoa":"E01004032","oa":"E00020310","left":-0.0469437,"bottom":51.4988,"right":-0.0448904,"top":51.5006,"EASTING":535740,"NORTHING":179680,"Latitude":51.4998,"Longitude":-0.0458,"in_cw":false,"whole_in_zone":true},"geometry":{"type":"Point","coordinates":[-0.0458,51.4998]}},
{"type":"Feature","properties":{"lsoa":"E01004034","oa":"E00020311","left":-0.0606661,"bottom":51.4983,"right":-0.0554874,"top":51.5001,"EASTING":534800,"NORTHING":179560,"Latitude":51.4989,"Longitude":-0.0594,"in_cw":false,"whole_in_zone":true},"geometry":{"type":"Point","coordinates":[-0.0594,51.4989]}},
{"type":"Feature","properties":{"lsoa":"E01004033","oa":"E00020312","left":-0.0572661,"bottom":51.4972,"right":-0.0521942,"top":51.5005,"EASTING":535220,"NORTHING":179560,"Latitude":51.4988,"Longitude":-0.0534,"in_cw":false,"whole_in_zone":true},"geometry":{"type":"Point","coordinates":[-0.0534,51.4988]}},
{"type":"Feature","properties":{"lsoa":"E01004033","oa":"E00020313","left":-0.0534081,"bottom":51.4985,"right":-0.050447,"top":51.5004,"EASTING":535280,"NORTHING":179600,"Latitude":51.4992,"Longitude":-0.0525,"in_cw":false,"whole_in_zone":true},"geometry":{"type":"Point","coordinates":[-0.0525,51.4992]}},
{"type":"Feature","properties":{"lsoa":"E01004031","oa":"E00020314","left":-0.0550912,"bottom":51.4964,"right":-0.0505824,"top":51.499,"EASTING":535250,"NORTHING":179420,"Latitude":51.4975,"Longitude":-0.053,"in_cw":false,"whole_in_zone":true},"geometry":{"type":"Point","coordinates":[-0.053,51.4975]}},
{"type":"Feature","properties":{"lsoa":"E01004033","oa":"E00020315","left":-0.0530113,"bottom":51.4973,"right":-0.0502982,"top":51.4988,"EASTING":535370,"NORTHING":179490,"Latitude":51.4981,"Longitude":-0.0512,"in_cw":false,"whole_in_zone":true},"geometry":{"type":"Point","coordinates":[-0.0512,51.4981]}},
{"type":"Feature","properties":{"lsoa":"E01004034","oa":"E00020317","left":-0.0604811,"bottom":51.4962,"right":-0.0572929,"top":51.4979,"EASTING":534830,"NORTHING":179310,"Latitude":51.4967,"Longitude":-0.0591,"in_cw":false,"whole_in_zone":true},"geometry":{"type":"Point","coordinates":[-0.0591,51.4967]}},
{"type":"Feature","properties":{"lsoa":"E01004031","oa":"E00020318","left":-0.0588053,"bottom":51.4944,"right":-0.0517705,"top":51.4978,"EASTING":535160,"NORTHING":179280,"Latitude":51.4963,"Longitude":-0.0543,"in_cw":false,"whole_in_zone":true},"geometry":{"type":"Point","coordinates":[-0.0543,51.4963]}},
{"type":"Feature","properties":{"lsoa":"E01004034","oa":"E00020319","left":-0.0602784,"bottom":51.495,"right":-0.0585285,"top":51.4966,"EASTING":534830,"NORTHING":179210,"Latitude":51.4958,"Longitude":-0.0591,"in_cw":false,"whole_in_zone":true},"geometry":{"type":"Point","coordinates":[-0.0591,51.4958]}},
{"type":"Feature","properties":{"lsoa":"E01004035","oa":"E00020320","left":-0.0601459,"bottom":51.4918,"right":-0.0555768,"top":51.4953,"EASTING":534960,"NORTHING":178900,"Latitude":51.4929,"Longitude":-0.0573541,"in_cw":false,"whole_in_zone":true},"geometry":{"type":"Point","coordinates":[-0.057354,51.4929]}},
{"type":"Feature","properties":{"lsoa":"E01004036","oa":"E00020321","left":-0.0488723,"bottom":51.4914,"right":-0.0471236,"top":51.4932,"EASTING":535590,"NORTHING":178880,"Latitude":51.4926,"Longitude":-0.0483,"in_cw":false,"whole_in_zone":true},"geometry":{"type":"Point","coordinates":[-0.0483,51.4926]}},
{"type":"Feature","properties":{"lsoa":"E01004035","oa":"E00020322","left":-0.0564413,"bottom":51.4916,"right":-0.0543925,"top":51.493,"EASTING":535060,"NORTHING":178880,"Latitude":51.4927,"Longitude":-0.0559,"in_cw":false,"whole_in_zone":true},"geometry":{"type":"Point","coordinates":[-0.0559,51.4927]}},
{"type":"Feature","properties":{"lsoa":"E01004036","oa":"E00020323","left":-0.047646,"bottom":51.49,"right":-0.0422274,"top":51.4931,"EASTING":535860,"NORTHING":178710,"Latitude":51.491,"Longitude":-0.0444711,"in_cw":false,"whole_in_zone":true},"geometry":{"type":"Point","coordinates":[-0.044471,51.491]}},
{"type":"Feature","properties":{"lsoa":"E01004035","oa":"E00020324","left":-0.0591531,"bottom":51.4909,"right":-0.055331,"top":51.4926,"EASTING":535000,"NORTHING":178790,"Latitude":51.4919,"Longitude":-0.0568,"in_cw":false,"whole_in_zone":true},"geometry":{"type":"Point","coordinates":[-0.0568,51.4919]}},
{"type":"Feature","properties":{"lsoa":"E01004036","oa":"E00020325","left":-0.0497955,"bottom":51.4906,"right":-0.0467446,"top":51.492,"EASTING":535600,"NORTHING":178780,"Latitude":51.4917,"Longitude":-0.0482,"in_cw":false,"whole_in_zone":true},"geometry":{"type":"Point","coordinates":[-0.0482,51.4917]}},
{"type":"Feature","properties":{"lsoa":"E01004035","oa":"E00020326","left":-0.0549397,"bottom":51.4904,"right":-0.049297,"top":51.4919,"EASTING":535430,"NORTHING":178730,"Latitude":51.4913,"Longitude":-0.0507,"in_cw":false,"whole_in_zone":true},"geometry":{"type":"Point","coordinates":[-0.0507,51.4913]}},
{"type":"Feature","properties":{"lsoa":"E01004036","oa":"E00020327","left":-0.0470361,"bottom":51.4902,"right":-0.0447936,"top":51.492,"EASTING":535780,"NORTHING":178740,"Latitude":51.4913,"Longitude":-0.0456,"in_cw":false,"whole_in_zone":true},"geometry":{"type":"Point","coordinates":[-0.0456,51.4913]}},
{"type":"Feature","properties":{"lsoa":"E01004036","oa":"E00020328","left":-0.0498568,"bottom":51.49,"right":-0.0485554,"top":51.4912,"EASTING":535530,"NORTHING":178660,"Latitude":51.4907,"Longitude":-0.0492407,"in_cw":false,"whole_in_zone":true},"geometry":{"type":"Point","coordinates":[-0.049241,51.4907]}},
{"type":"Feature","properties":{"lsoa":"E01004036","oa":"E00020329","left":-0.049297,"bottom":51.4901,"right":-0.0465732,"top":51.4914,"EASTING":535630,"NORTHING":178660,"Latitude":51.4906,"Longitude":-0.0478,"in_cw":false,"whole_in_zone":true},"geometry":{"type":"Point","coordinates":[-0.0478,51.4906]}},
{"type":"Feature","properties":{"lsoa":"E01004029","oa":"E00020330","left":-0.0529352,"bottom":51.5017,"right":-0.0474124,"top":51.5063,"EASTING":535480,"NORTHING":180060,"Latitude":51.5032,"Longitude":-0.0494,"in_cw":false,"whole_in_zone":true},"geometry":{"type":"Point","coordinates":[-0.0494,51.5032]}},
{"type":"Feature","properties":{"lsoa":"E01004029","oa":"E00020331","left":-0.0501573,"bottom":51.501,"right":-0.0471718,"top":51.5036,"EASTING":535530,"NORTHING":179920,"Latitude":51.502,"Longitude":-0.0488,"in_cw":false,"whole_in_zone":true},"geometry":{"type":"Point","coordinates":[-0.0488,51.502]}},
{"type":"Feature","properties":{"lsoa":"E01004030","oa":"E00020332","left":-0.0523335,"bottom":51.5012,"right":-0.0507573,"top":51.5022,"EASTING":535320,"NORTHING":179910,"Latitude":51.5019,"Longitude":-0.0518,"in_cw":false,"whole_in_zone":true},"geometry":{"type":"Point","coordinates":[-0.0518,51.5019]}},
{"type":"Feature","properties":{"lsoa":"E01004042","oa":"E00020333","left":-0.06764,"bottom":51.4928,"right":-0.0645222,"top":51.4951,"EASTING":534340,"NORTHING":179030,"Latitude":51.4943,"Longitude":-0.0662,"in_cw":false,"whole_in_zone":true},"geometry":{"type":"Point","coordinates":[-0.0662,51.4943]}},
{"type":"Feature","properties":{"lsoa":"E01004043","oa":"E00020334","left":-0.0683418,"bottom":51.49,"right":-0.0644989,"top":51.4923,"EASTING":534330,"NORTHING":178660,"Latitude":51.4909,"Longitude":-0.0665,"in_cw":false,"whole_in_zone":true},"geometry":{"type":"Point","coordinates":[-0.0665,51.4909]}},
{"type":"Feature","properties":{"lsoa":"E01004037","oa":"E00020335","left":-0.0628164,"bottom":51.4885,"right":-0.0575476,"top":51.4923,"EASTING":534710,"NORTHING":178600,"Latitude":51.4903,"Longitude":-0.0611,"in_cw":false,"whole_in_zone":true},"geometry":{"type":"Point","coordinates":[-0.0611,51.4903]}},
{"type":"Feature","properties":{"lsoa":"E01004039","oa":"E00020336","left":-0.0718621,"bottom":51.489,"right":-0.0678912,"top":51.4905,"EASTING":534070,"NORTHING":178510,"Latitude":51.4897,"Longitude":-0.0703,"in_cw":false,"whole_in_zone":true},"geometry":{"type":"Point","coordinates":[-0.0703,51.4897]}},
{"type":"Feature","properties":{"lsoa":"E01004039","oa":"E00020337","left":-0.0744121,"bottom":51.4893,"right":-0.0715105,"top":51.4905,"EASTING":533890,"NORTHING":178540,"Latitude":51.49,"Longitude":-0.072894,"in_cw":false,"whole_in_zone":true},"geometry":{"type":"Point","coordinates":[-0.072894,51.49]}},
{"type":"Feature","properties":{"lsoa":"E01004038","oa":"E00020338","left":-0.0683359,"bottom":51.4872,"right":-0.0654433,"top":51.4896,"EASTING":534320,"NORTHING":178350,"Latitude":51.4882,"Longitude":-0.0668,"in_cw":false,"whole_in_zone":true},"geometry":{"type":"Point","coordinates":[-0.0668,51.4882]}},
{"type":"Feature","properties":{"lsoa":"E01004037","oa":"E00020339","left":-0.0594104,"bottom":51.4887,"right":-0.0568839,"top":51.4907,"EASTING":534910,"NORTHING":178550,"Latitude":51.4898,"Longitude":-0.0582,"in_cw":false,"whole_in_zone":true},"geometry":{"type":"Point","coordinates":[-0.0582,51.4898]}},
{"type":"Feature","properties":{"lsoa":"E01004042","oa":"E00020340","left":-0.0656738,"bottom":51.4895,"right":-0.0623962,"top":51.4916,"EASTING":534490,"NORTHING":178630,"Latitude":51.4906,"Longitude":-0.0642,"in_cw":false,"whole_in_zone":true},"geometry":{"type":"Point","coordinates":[-0.0642,51.4906]}},
{"type":"Feature","properties":{"lsoa":"E01004041","oa":"E00020341","left":-0.0698872,"bottom":51.488,"right":-0.0675825,"top":51.4898,"EASTING":534180,"NORTHING":178410,"Latitude":51.4887,"Longitude":-0.0688,"in_cw":false,"whole_in_zone":true},"geometry":{"type":"Point","coordinates":[-0.0688,51.4887]}},
{"type":"Feature","properties":{"lsoa":"E01004037","oa":"E00020342","left":-0.0619528,"bottom":51.4878,"right":-0.0593332,"top":51.4896,"EASTING":534720,"NORTHING":178410,"Latitude":51.4886,"Longitude":-0.061,"in_cw":false,"whole_in_zone":true},"geometry":{"type":"Point","coordinates":[-0.061,51.4886]}},
{"type":"Feature","properties":{"lsoa":"E01004038","oa":"E00020344","left":-0.0658118,"bottom":51.4871,"right":-0.0625445,"top":51.4895,"EASTING":534510,"NORTHING":178360,"Latitude":51.4882,"Longitude":-0.0640377,"in_cw":false,"whole_in_zone":true},"geometry":{"type":"Point","coordinates":[-0.064038,51.4882]}},
{"type":"Feature","properties":{"lsoa":"E01004037","oa":"E00020345","left":-0.060278,"bottom":51.4877,"right":-0.0578268,"top":51.4892,"EASTING":534830,"NORTHING":178400,"Latitude":51.4885,"Longitude":-0.0594,"in_cw":false,"whole_in_zone":true},"geometry":{"type":"Point","coordinates":[-0.0594,51.4885]}},
{"type":"Feature","properties":{"lsoa":"E01004041","oa":"E00020346","left":-0.0734072,"bottom":51.4879,"right":-0.0694602,"top":51.4896,"EASTING":534030,"NORTHING":178410,"Latitude":51.4888,"Longitude":-0.070928,"in_cw":false,"whole_in_zone":true},"geometry":{"type":"Point","coordinates":[-0.070928,51.4888]}},
{"type":"Feature","properties":{"lsoa":"E01004039","oa":"E00020347","left":-0.0750494,"bottom":51.4884,"right":-0.0716091,"top":51.4897,"EASTING":533870,"NORTHING":178420,"Latitude":51.4889,"Longitude":-0.0732273,"in_cw":false,"whole_in_zone":true},"geometry":{"type":"Point","coordinates":[-0.073227,51.4889]}},
{"type":"Feature","properties":{"lsoa":"E01004037","oa":"E00020348","left":-0.0628333,"bottom":51.4872,"right":-0.0597759,"top":51.4886,"EASTING":534690,"NORTHING":178310,"Latitude":51.4877,"Longitude":-0.0615,"in_cw":false,"whole_in_zone":true},"geometry":{"type":"Point","coordinates":[-0.0615,51.4877]}},
{"type":"Feature","properties":{"lsoa":"E01004041","oa":"E00020349","left":-0.0695844,"bottom":51.4873,"right":-0.0675007,"top":51.4883,"EASTING":534180,"NORTHING":178300,"Latitude":51.4877,"Longitude":-0.0688,"in_cw":false,"whole_in_zone":true},"geometry":{"type":"Point","coordinates":[-0.0688,51.4877]}},
{"type":"Feature","properties":{"lsoa":"E01004041","oa":"E00020350","left":-0.0708284,"bottom":51.4876,"right":-0.0691718,"top":51.4885,"EASTING":534070,"NORTHING":178310,"Latitude":51.4879,"Longitude":-0.0704,"in_cw":false,"whole_in_zone":true},"geometry":{"type":"Point","coordinates":[-0.0704,51.4879]}},
{"type":"Feature","properties":{"lsoa":"E01004039","oa":"E00020351","left":-0.0745906,"bottom":51.4876,"right":-0.0716384,"top":51.4888,"EASTING":533890,"NORTHING":178340,"Latitude":51.4882,"Longitude":-0.073,"in_cw":false,"whole_in_zone":true},"geometry":{"type":"Point","coordinates":[-0.073,51.4882]}},
{"type":"Feature","properties":{"lsoa":"E01004040","oa":"E00020352","left":-0.0780067,"bottom":51.4867,"right":-0.0727008,"top":51.4903,"EASTING":533800,"NORTHING":178310,"Latitude":51.4879,"Longitude":-0.0743,"in_cw":false,"whole_in_zone":true},"geometry":{"type":"Point","coordinates":[-0.0743,51.4879]}},
{"type":"Feature","properties":{"lsoa":"E01004040","oa":"E00020353","left":-0.073554,"bottom":51.4863,"right":-0.0710998,"top":51.4882,"EASTING":533930,"NORTHING":178230,"Latitude":51.4872,"Longitude":-0.0724357,"in_cw":false,"whole_in_zone":true},"geometry":{"type":"Point","coordinates":[-0.072436,51.4872]}},
{"type":"Feature","properties":{"lsoa":"E01004040","oa":"E00020354","left":-0.0723857,"bottom":51.4867,"right":-0.0690492,"top":51.4881,"EASTING":534020,"NORTHING":178260,"Latitude":51.4874,"Longitude":-0.0711,"in_cw":false,"whole_in_zone":true},"geometry":{"type":"Point","coordinates":[-0.0711,51.4874]}},
{"type":"Feature","properties":{"lsoa":"E01004038","oa":"E00020355","left":-0.0655697,"bottom":51.4861,"right":-0.0616428,"top":51.4874,"EASTING":534510,"NORTHING":178200,"Latitude":51.4868,"Longitude":-0.0641,"in_cw":false,"whole_in_zone":true},"geometry":{"type":"Point","coordinates":[-0.0641,51.4868]}},
{"type":"Feature","properties":{"lsoa":"E01004038","oa":"E00020356","left":-0.0689383,"bottom":51.484,"right":-0.0635992,"top":51.4879,"EASTING":534370,"NORTHING":178150,"Latitude":51.4863,"Longitude":-0.0661,"in_cw":false,"whole_in_zone":true},"geometry":{"type":"Point","coordinates":[-0.0661,51.4863]}},
{"type":"Feature","properties":{"lsoa":"E01004040","oa":"E00020357","left":-0.0716353,"bottom":51.4856,"right":-0.0696426,"top":51.4869,"EASTING":534070,"NORTHING":178120,"Latitude":51.4861,"Longitude":-0.0705,"in_cw":false,"whole_in_zone":true},"geometry":{"type":"Point","coordinates":[-0.0705,51.4861]}},
{"type":"Feature","properties":{"lsoa":"E01004040","oa":"E00020358","left":-0.0724368,"bottom":51.486,"right":-0.0708767,"top":51.4872,"EASTING":534000,"NORTHING":178150,"Latitude":51.4864,"Longitude":-0.0715,"in_cw":false,"whole_in_zone":true},"geometry":{"type":"Point","coordinates":[-0.0715,51.4864]}},
{"type":"Feature","properties":{"lsoa":"E01004041","oa":"E00020359","left":-0.0709102,"bottom":51.4862,"right":-0.0686439,"top":51.4877,"EASTING":534160,"NORTHING":178220,"Latitude":51.487,"Longitude":-0.0691,"in_cw":false,"whole_in_zone":true},"geometry":{"type":"Point","coordinates":[-0.0691,51.487]}},
{"type":"Feature","properties":{"lsoa":"E01004041","oa":"E00020360","left":-0.0703847,"bottom":51.4849,"right":-0.0680952,"top":51.4866,"EASTING":534140,"NORTHING":178090,"Latitude":51.4859,"Longitude":-0.0695,"in_cw":false,"whole_in_zone":true},"geometry":{"type":"Point","coordinates":[-0.0695,51.4859]}},
{"type":"Feature","properties":{"lsoa":"E01004042","oa":"E00020361","left":-0.0669303,"bottom":51.4922,"right":-0.0627564,"top":51.4942,"EASTING":534440,"NORTHING":178920,"Latitude":51.4932,"Longitude":-0.0648,"in_cw":false,"whole_in_zone":true},"geometry":{"type":"Point","coordinates":[-0.0648,51.4932]}},
{"type":"Feature","properties":{"lsoa":"E01004044","oa":"E00020362","left":-0.0746987,"bottom":51.4917,"right":-0.0719923,"top":51.4933,"EASTING":533820,"NORTHING":178810,"Latitude":51.4924,"Longitude":-0.0738,"in_cw":false,"whole_in_zone":true},"geometry":{"type":"Point","coordinates":[-0.0738,51.4924]}},
{"type":"Feature","properties":{"lsoa":"E01004043","oa":"E00020363","left":-0.071381,"bottom":51.491,"right":-0.0681573,"top":51.4928,"EASTING":534100,"NORTHING":178740,"Latitude":51.4917,"Longitude":-0.0698,"in_cw":false,"whole_in_zone":true},"geometry":{"type":"Point","coordinates":[-0.0698,51.4917]}},
{"type":"Feature","properties":{"lsoa":"E01004043","oa":"E00020364","left":-0.0726521,"bottom":51.4909,"right":-0.0696222,"top":51.4928,"EASTING":533990,"NORTHING":178770,"Latitude":51.492,"Longitude":-0.0714,"in_cw":false,"whole_in_zone":true},"geometry":{"type":"Point","coordinates":[-0.0714,51.492]}},
{"type":"Feature","properties":{"lsoa":"E01004042","oa":"E00020365","left":-0.0651574,"bottom":51.4911,"right":-0.0602623,"top":51.4941,"EASTING":534560,"NORTHING":178790,"Latitude":51.4921,"Longitude":-0.0632,"in_cw":false,"whole_in_zone":true},"geometry":{"type":"Point","coordinates":[-0.0632,51.4921]}},
{"type":"Feature","properties":{"lsoa":"E01004043","oa":"E00020366","left":-0.0692354,"bottom":51.4895,"right":-0.0654336,"top":51.4922,"EASTING":534260,"NORTHING":178590,"Latitude":51.4903,"Longitude":-0.0675,"in_cw":false,"whole_in_zone":true},"geometry":{"type":"Point","coordinates":[-0.0675,51.4903]}},
{"type":"Feature","properties":{"lsoa":"E01004043","oa":"E00020367","left":-0.0687462,"bottom":51.4911,"right":-0.0652336,"top":51.4926,"EASTING":534320,"NORTHING":178770,"Latitude":51.4919,"Longitude":-0.0666,"in_cw":false,"whole_in_zone":true},"geometry":{"type":"Point","coordinates":[-0.0666,51.4919]}},
{"type":"Feature","properties":{"lsoa":"E01004044","oa":"E00020368","left":-0.0754697,"bottom":51.4904,"right":-0.0729379,"top":51.4921,"EASTING":533820,"NORTHING":178700,"Latitude":51.4914,"Longitude":-0.0738,"in_cw":false,"whole_in_zone":true},"geometry":{"type":"Point","coordinates":[-0.0738,51.4914]}},
{"type":"Feature","properties":{"lsoa":"E01004039","oa":"E00020369","left":-0.0762685,"bottom":51.4893,"right":-0.0731092,"top":51.4912,"EASTING":533760,"NORTHING":178570,"Latitude":51.4903,"Longitude":-0.0747539,"in_cw":false,"whole_in_zone":true},"geometry":{"type":"Point","coordinates":[-0.074754,51.4903]}},
{"type":"Feature","properties":{"lsoa":"E01004042","oa":"E00020370","left":-0.0634693,"bottom":51.4904,"right":-0.0603913,"top":51.4922,"EASTING":534650,"NORTHING":178730,"Latitude":51.4915,"Longitude":-0.0619,"in_cw":false,"whole_in_zone":true},"geometry":{"type":"Point","coordinates":[-0.0619,51.4915]}},
{"type":"Feature","properties":{"lsoa":"E01004044","oa":"E00020371","left":-0.0713331,"bottom":51.4902,"right":-0.0689451,"top":51.4915,"EASTING":534090,"NORTHING":178640,"Latitude":51.4908,"Longitude":-0.07,"in_cw":false,"whole_in_zone":true},"geometry":{"type":"Point","coordinates":[-0.07,51.4908]}},
{"type":"Feature","properties":{"lsoa":"E01004044","oa":"E00020372","left":-0.0741645,"bottom":51.491,"right":-0.0721363,"top":51.4925,"EASTING":533880,"NORTHING":178770,"Latitude":51.492,"Longitude":-0.073,"in_cw":false,"whole_in_zone":true},"geometry":{"type":"Point","coordinates":[-0.073,51.492]}},
{"type":"Feature","properties":{"lsoa":"E01004044","oa":"E00020373","left":-0.0732201,"bottom":51.49,"right":-0.0704658,"top":51.4912,"EASTING":533940,"NORTHING":178630,"Latitude":51.4908,"Longitude":-0.0721,"in_cw":false,"whole_in_zone":true},"geometry":{"type":"Point","coordinates":[-0.0721,51.4908]}},
{"type":"Feature","properties":{"lsoa":"E01004037","oa":"E00020374","left":-0.0586233,"bottom":51.4893,"right":-0.0553171,"top":51.4911,"EASTING":534950,"NORTHING":178580,"Latitude":51.4901,"Longitude":-0.0576,"in_cw":false,"whole_in_zone":true},"geometry":{"type":"Point","coordinates":[-0.0576,51.4901]}},
{"type":"Feature","properties":{"lsoa":"E01004058","oa":"E00020415","left":-0.038127,"bottom":51.4922,"right":-0.0299492,"top":51.4942,"EASTING":536450,"NORTHING":178930,"Latitude":51.4929,"Longitude":-0.0359,"in_cw":false,"whole_in_zone":true},"geometry":{"type":"Point","coordinates":[-0.0359,51.4929]}},
{"type":"Feature","properties":{"lsoa":"E01004054","oa":"E00020416","left":-0.0424802,"bottom":51.5066,"right":-0.0357882,"top":51.5086,"EASTING":536130,"NORTHING":180510,"Latitude":51.5071,"Longitude":-0.0399,"in_cw":false,"whole_in_zone":true},"geometry":{"type":"Point","coordinates":[-0.0399,51.5071]}},
{"type":"Feature","properties":{"lsoa":"E01004054","oa":"E00020417","left":-0.042087,"bottom":51.5061,"right":-0.0371811,"top":51.5074,"EASTING":536200,"NORTHING":180490,"Latitude":51.5069,"Longitude":-0.0389,"in_cw":false,"whole_in_zone":true},"geometry":{"type":"Point","coordinates":[-0.0389,51.5069]}},
{"type":"Feature","properties":{"lsoa":"E01004055","oa":"E00020418","left":-0.0429591,"bottom":51.5036,"right":-0.0394242,"top":51.5057,"EASTING":536090,"NORTHING":180270,"Latitude":51.505,"Longitude":-0.0406,"in_cw":false,"whole_in_zone":true},"geometry":{"type":"Point","coordinates":[-0.0406,51.505]}},
{"type":"Feature","properties":{"lsoa":"E01004053","oa":"E00020419","left":-0.0452963,"bottom":51.5014,"right":-0.0405996,"top":51.5054,"EASTING":535900,"NORTHING":180040,"Latitude":51.503,"Longitude":-0.0434,"in_cw":false,"whole_in_zone":true},"geometry":{"type":"Point","coordinates":[-0.0434,51.503]}},
{"type":"Feature","properties":{"lsoa":"E01004053","oa":"E00020420","left":-0.0487991,"bottom":51.5028,"right":-0.0434774,"top":51.5058,"EASTING":535750,"NORTHING":180130,"Latitude":51.5038,"Longitude":-0.0455,"in_cw":false,"whole_in_zone":true},"geometry":{"type":"Point","coordinates":[-0.0455,51.5038]}},
{"type":"Feature","properties":{"lsoa":"E01004055","oa":"E00020421","left":-0.0413634,"bottom":51.5013,"right":-0.0359622,"top":51.5043,"EASTING":536290,"NORTHING":180080,"Latitude":51.5032,"Longitude":-0.0378,"in_cw":false,"whole_in_zone":true},"geometry":{"type":"Point","coordinates":[-0.0378,51.5032]}},
{"type":"Feature","properties":{"lsoa":"E01004057","oa":"E00020422","left":-0.0377741,"bottom":51.4986,"right":-0.0353585,"top":51.5005,"EASTING":536370,"NORTHING":179680,"Latitude":51.4996,"Longitude":-0.0368,"in_cw":false,"whole_in_zone":true},"geometry":{"type":"Point","coordinates":[-0.0368,51.4996]}},
{"type":"Feature","properties":{"lsoa":"E01004057","oa":"E00020423","left":-0.037994,"bottom":51.496,"right":-0.0350781,"top":51.4984,"EASTING":536400,"NORTHING":179390,"Latitude":51.497,"Longitude":-0.0364353,"in_cw":false,"whole_in_zone":true},"geometry":{"type":"Point","coordinates":[-0.036435,51.497]}},
{"type":"Feature","properties":{"lsoa":"E01004059","oa":"E00020424","left":-0.0401243,"bottom":51.4951,"right":-0.0362846,"top":51.4966,"EASTING":536260,"NORTHING":179220,"Latitude":51.4955,"Longitude":-0.0385,"in_cw":false,"whole_in_zone":true},"geometry":{"type":"Point","coordinates":[-0.0385,51.4955]}},
{"type":"Feature","properties":{"lsoa":"E01004059","oa":"E00020425","left":-0.0454539,"bottom":51.4926,"right":-0.038751,"top":51.4961,"EASTING":535910,"NORTHING":179040,"Latitude":51.494,"Longitude":-0.0436,"in_cw":false,"whole_in_zone":true},"geometry":{"type":"Point","coordinates":[-0.0436,51.494]}},
{"type":"Feature","properties":{"lsoa":"E01004058","oa":"E00020426","left":-0.036044,"bottom":51.4941,"right":-0.032714,"top":51.4955,"EASTING":536580,"NORTHING":179150,"Latitude":51.4948,"Longitude":-0.0339,"in_cw":false,"whole_in_zone":true},"geometry":{"type":"Point","coordinates":[-0.0339,51.4948]}},
{"type":"Feature","properties":{"lsoa":"E01004058","oa":"E00020427","left":-0.0389652,"bottom":51.4924,"right":-0.0324898,"top":51.4946,"EASTING":536480,"NORTHING":179020,"Latitude":51.4937,"Longitude":-0.0354,"in_cw":false,"whole_in_zone":true},"geometry":{"type":"Point","coordinates":[-0.0354,51.4937]}},
{"type":"Feature","properties":{"lsoa":"E01004058","oa":"E00020428","left":-0.036663,"bottom":51.4937,"right":-0.0300862,"top":51.4975,"EASTING":536550,"NORTHING":179210,"Latitude":51.4953,"Longitude":-0.0343,"in_cw":false,"whole_in_zone":true},"geometry":{"type":"Point","coordinates":[-0.0343,51.4953]}},
{"type":"Feature","properties":{"lsoa":"E01004059","oa":"E00020429","left":-0.0437466,"bottom":51.4925,"right":-0.0362973,"top":51.4957,"EASTING":536080,"NORTHING":178970,"Latitude":51.4933,"Longitude":-0.0412,"in_cw":false,"whole_in_zone":true},"geometry":{"type":"Point","coordinates":[-0.0412,51.4933]}},
{"type":"Feature","properties":{"lsoa":"E01004060","oa":"E00020430","left":-0.0470379,"bottom":51.4919,"right":-0.0440024,"top":51.4938,"EASTING":535790,"NORTHING":178920,"Latitude":51.4929,"Longitude":-0.0454,"in_cw":false,"whole_in_zone":true},"geometry":{"type":"Point","coordinates":[-0.0454,51.4929]}},
{"type":"Feature","properties":{"lsoa":"E01004060","oa":"E00020431","left":-0.0424414,"bottom":51.4915,"right":-0.0400709,"top":51.4928,"EASTING":536080,"NORTHING":178850,"Latitude":51.4922,"Longitude":-0.0413,"in_cw":false,"whole_in_zone":true},"geometry":{"type":"Point","coordinates":[-0.0413,51.4922]}},
{"type":"Feature","properties":{"lsoa":"E01004060","oa":"E00020432","left":-0.0435797,"bottom":51.4902,"right":-0.0403441,"top":51.4918,"EASTING":536010,"NORTHING":178710,"Latitude":51.491,"Longitude":-0.0423,"in_cw":false,"whole_in_zone":true},"geometry":{"type":"Point","coordinates":[-0.0423,51.491]}},
{"type":"Feature","properties":{"lsoa":"E01004060","oa":"E00020433","left":-0.0448341,"bottom":51.491,"right":-0.0419784,"top":51.4922,"EASTING":535930,"NORTHING":178790,"Latitude":51.4917,"Longitude":-0.0434,"in_cw":false,"whole_in_zone":true},"geometry":{"type":"Point","coordinates":[-0.0434,51.4917]}},
{"type":"Feature","properties":{"lsoa":"E01004053","oa":"E00020434","left":-0.0430966,"bottom":51.5067,"right":-0.0417454,"top":51.5086,"EASTING":535930,"NORTHING":180480,"Latitude":51.5069,"Longitude":-0.0428,"in_cw":false,"whole_in_zone":true},"geometry":{"type":"Point","coordinates":[-0.0428,51.5069]}},
{"type":"Feature","properties":{"lsoa":"E01004054","oa":"E00020435","left":-0.0401835,"bottom":51.5049,"right":-0.035103,"top":51.5069,"EASTING":536340,"NORTHING":180400,"Latitude":51.5061,"Longitude":-0.0369091,"in_cw":false,"whole_in_zone":true},"geometry":{"type":"Point","coordinates":[-0.036909,51.5061]}},
{"type":"Feature","properties":{"lsoa":"E01004053","oa":"E00020436","left":-0.0446698,"bottom":51.5062,"right":-0.0427764,"top":51.5085,"EASTING":535880,"NORTHING":180450,"Latitude":51.5067,"Longitude":-0.0435,"in_cw":false,"whole_in_zone":true},"geometry":{"type":"Point","coordinates":[-0.0435,51.5067]}},
{"type":"Feature","properties":{"lsoa":"E01004054","oa":"E00020437","left":-0.0364965,"bottom":51.505,"right":-0.0302438,"top":51.508,"EASTING":536520,"NORTHING":180380,"Latitude":51.5059,"Longitude":-0.0343,"in_cw":false,"whole_in_zone":true},"geometry":{"type":"Point","coordinates":[-0.0343,51.5059]}},
{"type":"Feature","properties":{"lsoa":"E01004053","oa":"E00020438","left":-0.0476197,"bottom":51.5055,"right":-0.0436101,"top":51.5082,"EASTING":535790,"NORTHING":180420,"Latitude":51.5064,"Longitude":-0.0448,"in_cw":false,"whole_in_zone":true},"geometry":{"type":"Point","coordinates":[-0.0448,51.5064]}},
{"type":"Feature","properties":{"lsoa":"E01004055","oa":"E00020439","left":-0.0453729,"bottom":51.5047,"right":-0.0400472,"top":51.5069,"EASTING":535870,"NORTHING":180360,"Latitude":51.5058,"Longitude":-0.0437,"in_cw":false,"whole_in_zone":true},"geometry":{"type":"Point","coordinates":[-0.0437,51.5058]}},
{"type":"Feature","properties":{"lsoa":"E01004054","oa":"E00020440","left":-0.0368037,"bottom":51.5044,"right":-0.0297306,"top":51.506,"EASTING":536470,"NORTHING":180290,"Latitude":51.5051,"Longitude":-0.0351,"in_cw":false,"whole_in_zone":true},"geometry":{"type":"Point","coordinates":[-0.0351,51.5051]}},
{"type":"Feature","properties":{"lsoa":"E01004053","oa":"E00020441","left":-0.0486804,"bottom":51.5042,"right":-0.0450104,"top":51.5069,"EASTING":535690,"NORTHING":180270,"Latitude":51.5051,"Longitude":-0.0463,"in_cw":false,"whole_in_zone":true},"geometry":{"type":"Point","coordinates":[-0.0463,51.5051]}},
{"type":"Feature","properties":{"lsoa":"E01004055","oa":"E00020442","left":-0.0407689,"bottom":51.5033,"right":-0.0362572,"top":51.5057,"EASTING":536210,"NORTHING":180230,"Latitude":51.5046,"Longitude":-0.0388,"in_cw":false,"whole_in_zone":true},"geometry":{"type":"Point","coordinates":[-0.0388,51.5046]}},
{"type":"Feature","properties":{"lsoa":"E01004056","oa":"E00020443","left":-0.0364331,"bottom":51.5024,"right":-0.0293818,"top":51.5048,"EASTING":536580,"NORTHING":180090,"Latitude":51.5032,"Longitude":-0.0336,"in_cw":false,"whole_in_zone":true},"geometry":{"type":"Point","coordinates":[-0.0336,51.5032]}},
{"type":"Feature","properties":{"lsoa":"E01004056","oa":"E00020444","left":-0.0345078,"bottom":51.5008,"right":-0.0293915,"top":51.5029,"EASTING":536580,"NORTHING":179880,"Latitude":51.5014,"Longitude":-0.0337,"in_cw":false,"whole_in_zone":true},"geometry":{"type":"Point","coordinates":[-0.0337,51.5014]}},
{"type":"Feature","properties":{"lsoa":"E01004056","oa":"E00020445","left":-0.0370207,"bottom":51.5014,"right":-0.0333207,"top":51.5034,"EASTING":536480,"NORTHING":180000,"Latitude":51.5025,"Longitude":-0.035,"in_cw":false,"whole_in_zone":true},"geometry":{"type":"Point","coordinates":[-0.035,51.5025]}},
{"type":"Feature","properties":{"lsoa":"E01004059","oa":"E00020446","left":-0.0461056,"bottom":51.4944,"right":-0.0393329,"top":51.499,"EASTING":536000,"NORTHING":179200,"Latitude":51.4954,"Longitude":-0.0423,"in_cw":false,"whole_in_zone":true},"geometry":{"type":"Point","coordinates":[-0.0423,51.4954]}},
{"type":"Feature","properties":{"lsoa":"E01004056","oa":"E00020447","left":-0.0367437,"bottom":51.4971,"right":-0.0332975,"top":51.5007,"EASTING":536510,"NORTHING":179570,"Latitude":51.4986,"Longitude":-0.0348,"in_cw":false,"whole_in_zone":true},"geometry":{"type":"Point","coordinates":[-0.0348,51.4986]}},
{"type":"Feature","properties":{"lsoa":"E01004056","oa":"E00020448","left":-0.0343134,"bottom":51.4974,"right":-0.0297403,"top":51.5002,"EASTING":536620,"NORTHING":179570,"Latitude":51.4986,"Longitude":-0.0332,"in_cw":false,"whole_in_zone":true},"geometry":{"type":"Point","coordinates":[-0.0332,51.4986]}},
{"type":"Feature","properties":{"lsoa":"E01004056","oa":"E00020449","left":-0.0355875,"bottom":51.5001,"right":-0.0296074,"top":51.5016,"EASTING":536580,"NORTHING":179790,"Latitude":51.5006,"Longitude":-0.0337,"in_cw":false,"whole_in_zone":true},"geometry":{"type":"Point","coordinates":[-0.0337,51.5006]}},
{"type":"Feature","properties":{"lsoa":"E01004057","oa":"E00020450","left":-0.0461282,"bottom":51.4978,"right":-0.0353901,"top":51.5016,"EASTING":536270,"NORTHING":179640,"Latitude":51.4993,"Longitude":-0.0382,"in_cw":false,"whole_in_zone":true},"geometry":{"type":"Point","coordinates":[-0.0382,51.4993]}},
{"type":"Feature","properties":{"lsoa":"E01004057","oa":"E00020451","left":-0.0394935,"bottom":51.4959,"right":-0.0371436,"top":51.4987,"EASTING":536260,"NORTHING":179440,"Latitude":51.4975,"Longitude":-0.0384,"in_cw":false,"whole_in_zone":true},"geometry":{"type":"Point","coordinates":[-0.0384,51.4975]}},
{"type":"Feature","properties":{"lsoa":"E01004058","oa":"E00020452","left":-0.0350164,"bottom":51.4971,"right":-0.0337333,"top":51.4983,"EASTING":536540,"NORTHING":179450,"Latitude":51.4975,"Longitude":-0.0344,"in_cw":false,"whole_in_zone":true},"geometry":{"type":"Point","coordinates":[-0.0344,51.4975]}},
{"type":"Feature","properties":{"lsoa":"E01004058","oa":"E00020453","left":-0.0345958,"bottom":51.4964,"right":-0.031408,"top":51.4979,"EASTING":536610,"NORTHING":179440,"Latitude":51.4974,"Longitude":-0.0334,"in_cw":false,"whole_in_zone":true},"geometry":{"type":"Point","coordinates":[-0.0334,51.4974]}},
{"type":"Feature","properties":{"lsoa":"E01004059","oa":"E00020454","left":-0.0391613,"bottom":51.4956,"right":-0.0366617,"top":51.4973,"EASTING":536300,"NORTHING":179300,"Latitude":51.4962,"Longitude":-0.0379,"in_cw":false,"whole_in_zone":true},"geometry":{"type":"Point","coordinates":[-0.0379,51.4962]}},
{"type":"Feature","properties":{"lsoa":"E01004057","oa":"E00020455","left":-0.0365515,"bottom":51.4957,"right":-0.0337503,"top":51.4981,"EASTING":536490,"NORTHING":179380,"Latitude":51.4969,"Longitude":-0.0351,"in_cw":false,"whole_in_zone":true},"geometry":{"type":"Point","coordinates":[-0.0351,51.4969]}},
{"type":"Feature","properties":{"lsoa":"E01004208","oa":"E00021179","left":-0.054073,"bottom":51.5204,"right":-0.0501137,"top":51.5223,"EASTING":535180,"NORTHING":182070,"Latitude":51.5214,"Longitude":-0.053,"in_cw":false,"whole_in_zone":true},"geometry":{"type":"Point","coordinates":[-0.053,51.5214]}},
{"type":"Feature","properties":{"lsoa":"E01004206","oa":"E00021189","left":-0.0561694,"bottom":51.5209,"right":-0.0528706,"top":51.5226,"EASTING":535060,"NORTHING":182100,"Latitude":51.5217,"Longitude":-0.0547,"in_cw":false,"whole_in_zone":true},"geometry":{"type":"Point","coordinates":[-0.0547,51.5217]}},
{"type":"Feature","properties":{"lsoa":"E01004208","oa":"E00021190","left":-0.0574911,"bottom":51.5197,"right":-0.0530876,"top":51.5217,"EASTING":534950,"NORTHING":182050,"Latitude":51.5213,"Longitude":-0.0563,"in_cw":false,"whole_in_zone":true},"geometry":{"type":"Point","coordinates":[-0.0563,51.5213]}},
{"type":"Feature","properties":{"lsoa":"E01004208","oa":"E00021191","left":-0.0595392,"bottom":51.5195,"right":-0.0568022,"top":51.5222,"EASTING":534880,"NORTHING":182050,"Latitude":51.5213,"Longitude":-0.0573,"in_cw":false,"whole_in_zone":true},"geometry":{"type":"Point","coordinates":[-0.0573,51.5213]}},
{"type":"Feature","properties":{"lsoa":"E01004208","oa":"E00021193","left":-0.063142,"bottom":51.5184,"right":-0.0580265,"top":51.5205,"EASTING":534730,"NORTHING":181910,"Latitude":51.52,"Longitude":-0.0595,"in_cw":false,"whole_in_zone":true},"geometry":{"type":"Point","coordinates":[-0.0595,51.52]}},
{"type":"Feature","properties":{"lsoa":"E01004205","oa":"E00021194","left":-0.0643869,"bottom":51.5191,"right":-0.0619629,"top":51.522,"EASTING":534460,"NORTHING":181970,"Latitude":51.5207,"Longitude":-0.0634,"in_cw":false,"whole_in_zone":true},"geometry":{"type":"Point","coordinates":[-0.0634,51.5207]}},
{"type":"Feature","properties":{"lsoa":"E01004218","oa":"E00021218","left":-0.0101322,"bottom":51.4851,"right":-0.000483872,"top":51.4924,"EASTING":538610,"NORTHING":178650,"Latitude":51.4898,"Longitude":-0.00491,"in_cw":false,"whole_in_zone":true},"geometry":{"type":"Point","coordinates":[-0.00491,51.4898]}},
{"type":"Feature","properties":{"lsoa":"E01004217","oa":"E00021219","left":-0.0144187,"bottom":51.4872,"right":-0.00824529,"top":51.4909,"EASTING":538140,"NORTHING":178420,"Latitude":51.4879,"Longitude":-0.0118,"in_cw":false,"whole_in_zone":true},"geometry":{"type":"Point","coordinates":[-0.0118,51.4879]}},
{"type":"Feature","properties":{"lsoa":"E01004217","oa":"E00021220","left":-0.0133402,"bottom":51.4848,"right":-0.00737457,"top":51.4884,"EASTING":538210,"NORTHING":178350,"Latitude":51.4872,"Longitude":-0.0107844,"in_cw":false,"whole_in_zone":true},"geometry":{"type":"Point","coordinates":[-0.010784,51.4872]}},
{"type":"Feature","properties":{"lsoa":"E01004221","oa":"E00021223","left":-0.00878278,"bottom":51.5011,"right":-0.00398296,"top":51.5051,"EASTING":538370,"NORTHING":180070,"Latitude":51.5026,"Longitude":-0.00781,"in_cw":true,"whole_in_zone":true},"geometry":{"type":"Point","coordinates":[-0.00781,51.5026]}},
{"type":"Feature","properties":{"lsoa":"E01004215","oa":"E00021224","left":-0.014312,"bottom":51.4933,"right":-0.00693059,"top":51.4968,"EASTING":538300,"NORTHING":179280,"Latitude":51.4956,"Longitude":-0.00912,"in_cw":false,"whole_in_zone":true},"geometry":{"type":"Point","coordinates":[-0.00912,51.4956]}},
{"type":"Feature","properties":{"lsoa":"E01004216","oa":"E00021225","left":-0.00896628,"bottom":51.4917,"right":-0.00608125,"top":51.4942,"EASTING":538470,"NORTHING":178960,"Latitude":51.4926,"Longitude":-0.0068,"in_cw":false,"whole_in_zone":true},"geometry":{"type":"Point","coordinates":[-0.0068,51.4926]}},
{"type":"Feature","properties":{"lsoa":"E01004217","oa":"E00021227","left":-0.0156953,"bottom":51.4892,"right":-0.0070847,"top":51.4951,"EASTING":538280,"NORTHING":179080,"Latitude":51.4938,"Longitude":-0.00949,"in_cw":false,"whole_in_zone":true},"geometry":{"type":"Point","coordinates":[-0.00949,51.4938]}},
{"type":"Feature","properties":{"lsoa":"E01004217","oa":"E00021228","left":-0.00896325,"bottom":51.489,"right":-0.00582479,"top":51.4905,"EASTING":538430,"NORTHING":178620,"Latitude":51.4896,"Longitude":-0.00751,"in_cw":false,"whole_in_zone":true},"geometry":{"type":"Point","coordinates":[-0.00751,51.4896]}},
{"type":"Feature","properties":{"lsoa":"E01004217","oa":"E00021229","left":-0.00916475,"bottom":51.4882,"right":-0.0068278,"top":51.4893,"EASTING":538380,"NORTHING":178550,"Latitude":51.489,"Longitude":-0.00826,"in_cw":false,"whole_in_zone":true},"geometry":{"type":"Point","coordinates":[-0.00826,51.489]}},
{"type":"Feature","properties":{"lsoa":"E01004218","oa":"E00021230","left":-0.00619334,"bottom":51.4863,"right":-0.00143847,"top":51.4898,"EASTING":538600,"NORTHING":178490,"Latitude":51.4884,"Longitude":-0.00512,"in_cw":false,"whole_in_zone":true},"geometry":{"type":"Point","coordinates":[-0.00512,51.4884]}},
{"type":"Feature","properties":{"lsoa":"E01004217","oa":"E00021231","left":-0.0132908,"bottom":51.4846,"right":-0.0103568,"top":51.4872,"EASTING":538130,"NORTHING":178270,"Latitude":51.4865,"Longitude":-0.012,"in_cw":false,"whole_in_zone":true},"geometry":{"type":"Point","coordinates":[-0.012,51.4865]}},
{"type":"Feature","properties":{"lsoa":"E01004219","oa":"E00021235","left":-0.00798192,"bottom":51.509,"right":-0.00763858,"top":51.5098,"EASTING":538350,"NORTHING":180820,"Latitude":51.5094,"Longitude":-0.0078,"in_cw":true,"whole_in_zone":true},"geometry":{"type":"Point","coordinates":[-0.0078,51.5094]}},
{"type":"Feature","properties":{"lsoa":"E01004219","oa":"E00021236","left":-0.0131719,"bottom":51.5083,"right":-0.0093444,"top":51.5114,"EASTING":538070,"NORTHING":180780,"Latitude":51.5091,"Longitude":-0.0118,"in_cw":true,"whole_in_zone":true},"geometry":{"type":"Point","coordinates":[-0.0118,51.5091]}},
{"type":"Feature","properties":{"lsoa":"E01032780","oa":"E00021238","left":-0.0153885,"bottom":51.5013,"right":-0.00729397,"top":51.5057,"EASTING":538260,"NORTHING":180240,"Latitude":51.5042,"Longitude":-0.00932,"in_cw":true,"whole_in_zone":true},"geometry":{"type":"Point","coordinates":[-0.00932,51.5042]}},
{"type":"Feature","properties":{"lsoa":"E01032780","oa":"E00021239","left":-0.0161882,"bottom":51.4996,"right":-0.0102299,"top":51.5019,"EASTING":538040,"NORTHING":179830,"Latitude":51.5006,"Longitude":-0.0127,"in_cw":true,"whole_in_zone":true},"geometry":{"type":"Point","coordinates":[-0.0127,51.5006]}},
{"type":"Feature","properties":{"lsoa":"E01004221","oa":"E00021240","left":-0.0108173,"bottom":51.4988,"right":-0.00490188,"top":51.5017,"EASTING":538320,"NORTHING":179800,"Latitude":51.5002,"Longitude":-0.00863,"in_cw":true,"whole_in_zone":true},"geometry":{"type":"Point","coordinates":[-0.00863,51.5002]}},
{"type":"Feature","properties":{"lsoa":"E01004221","oa":"E00021241","left":-0.00869393,"bottom":51.4981,"right":-0.00452566,"top":51.5002,"EASTING":538360,"NORTHING":179760,"Latitude":51.4999,"Longitude":-0.00807,"in_cw":true,"whole_in_zone":true},"geometry":{"type":"Point","coordinates":[-0.00807,51.4999]}},
{"type":"Feature","properties":{"lsoa":"E01004221","oa":"E00021243","left":-0.0106734,"bottom":51.4975,"right":-0.00850868,"top":51.4999,"EASTING":538310,"NORTHING":179680,"Latitude":51.4991,"Longitude":-0.00882,"in_cw":true,"whole_in_zone":true},"geometry":{"type":"Point","coordinates":[-0.00882,51.4991]}},
{"type":"Feature","properties":{"lsoa":"E01004214","oa":"E00021244","left":-0.00962055,"bottom":51.4972,"right":-0.00433619,"top":51.4988,"EASTING":538330,"NORTHING":179540,"Latitude":51.4979,"Longitude":-0.00859,"in_cw":true,"whole_in_zone":true},"geometry":{"type":"Point","coordinates":[-0.00859,51.4979]}},
{"type":"Feature","properties":{"lsoa":"E01004215","oa":"E00021245","left":-0.0111435,"bottom":51.4957,"right":-0.00916556,"top":51.4983,"EASTING":538220,"NORTHING":179360,"Latitude":51.4963,"Longitude":-0.0102,"in_cw":false,"whole_in_zone":true},"geometry":{"type":"Point","coordinates":[-0.0102,51.4963]}},
{"type":"Feature","properties":{"lsoa":"E01004221","oa":"E00021246","left":-0.0137007,"bottom":51.4977,"right":-0.0102681,"top":51.4998,"EASTING":538140,"NORTHING":179630,"Latitude":51.4987,"Longitude":-0.0113,"in_cw":true,"whole_in_zone":true},"geometry":{"type":"Point","coordinates":[-0.0113,51.4987]}},
{"type":"Feature","properties":{"lsoa":"E01004214","oa":"E00021247","left":-0.00963964,"bottom":51.4961,"right":-0.00764494,"top":51.4978,"EASTING":538330,"NORTHING":179430,"Latitude":51.4969,"Longitude":-0.00863,"in_cw":false,"whole_in_zone":true},"geometry":{"type":"Point","coordinates":[-0.00863,51.4969]}},
{"type":"Feature","properties":{"lsoa":"E01004214","oa":"E00021248","left":-0.00736764,"bottom":51.4954,"right":-0.00312008,"top":51.4975,"EASTING":538460,"NORTHING":179370,"Latitude":51.4963,"Longitude":-0.00679,"in_cw":false,"whole_in_zone":true},"geometry":{"type":"Point","coordinates":[-0.00679,51.4963]}},
{"type":"Feature","properties":{"lsoa":"E01004214","oa":"E00021249","left":-0.00834732,"bottom":51.4967,"right":-0.0039591,"top":51.4983,"EASTING":538420,"NORTHING":179480,"Latitude":51.4973,"Longitude":-0.00732,"in_cw":false,"whole_in_zone":true},"geometry":{"type":"Point","coordinates":[-0.00732,51.4973]}},
{"type":"Feature","properties":{"lsoa":"E01004215","oa":"E00021251","left":-0.013847,"bottom":51.4953,"right":-0.0104664,"top":51.4975,"EASTING":538060,"NORTHING":179370,"Latitude":51.4964,"Longitude":-0.0125,"in_cw":false,"whole_in_zone":true},"geometry":{"type":"Point","coordinates":[-0.0125,51.4964]}},
{"type":"Feature","properties":{"lsoa":"E01004216","oa":"E00021252","left":-0.00806432,"bottom":51.4939,"right":-0.00258596,"top":51.4962,"EASTING":538470,"NORTHING":179190,"Latitude":51.4947,"Longitude":-0.00671,"in_cw":false,"whole_in_zone":true},"geometry":{"type":"Point","coordinates":[-0.00671,51.4947]}},
{"type":"Feature","properties":{"lsoa":"E01004214","oa":"E00021253","left":-0.00909749,"bottom":51.4949,"right":-0.00662042,"top":51.4968,"EASTING":538390,"NORTHING":179300,"Latitude":51.4957,"Longitude":-0.00782,"in_cw":false,"whole_in_zone":true},"geometry":{"type":"Point","coordinates":[-0.00782,51.4957]}},
{"type":"Feature","properties":{"lsoa":"E01004216","oa":"E00021254","left":-0.00680141,"bottom":51.4925,"right":-0.00413958,"top":51.4943,"EASTING":538560,"NORTHING":179040,"Latitude":51.4933,"Longitude":-0.00548,"in_cw":false,"whole_in_zone":true},"geometry":{"type":"Point","coordinates":[-0.00548,51.4933]}},
{"type":"Feature","properties":{"lsoa":"E01004216","oa":"E00021255","left":-0.00536648,"bottom":51.4928,"right":-0.00122108,"top":51.4953,"EASTING":538640,"NORTHING":179040,"Latitude":51.4933,"Longitude":-0.00432,"in_cw":false,"whole_in_zone":true},"geometry":{"type":"Point","coordinates":[-0.00432,51.4933]}},
{"type":"Feature","properties":{"lsoa":"E01004216","oa":"E00021256","left":-0.0072466,"bottom":51.4933,"right":-0.00495986,"top":51.4948,"EASTING":538550,"NORTHING":179160,"Latitude":51.4944,"Longitude":-0.00557,"in_cw":false,"whole_in_zone":true},"geometry":{"type":"Point","coordinates":[-0.00557,51.4944]}},
{"type":"Feature","properties":{"lsoa":"E01004218","oa":"E00021257","left":-0.00649265,"bottom":51.4917,"right":-0.000755121,"top":51.4935,"EASTING":538580,"NORTHING":178940,"Latitude":51.4924,"Longitude":-0.00523,"in_cw":false,"whole_in_zone":true},"geometry":{"type":"Point","coordinates":[-0.00523,51.4924]}},
{"type":"Feature","properties":{"lsoa":"E01004216","oa":"E00021258","left":-0.00835068,"bottom":51.4909,"right":-0.00561019,"top":51.4925,"EASTING":538470,"NORTHING":178830,"Latitude":51.4915,"Longitude":-0.00685,"in_cw":false,"whole_in_zone":true},"geometry":{"type":"Point","coordinates":[-0.00685,51.4915]}},
{"type":"Feature","properties":{"lsoa":"E01004218","oa":"E00021259","left":-0.00873981,"bottom":51.4898,"right":-0.00588276,"top":51.4913,"EASTING":538460,"NORTHING":178750,"Latitude":51.4908,"Longitude":-0.00703,"in_cw":false,"whole_in_zone":true},"geometry":{"type":"Point","coordinates":[-0.00703,51.4908]}},
{"type":"Feature","properties":{"lsoa":"E01004241","oa":"E00021329","left":-0.0259016,"bottom":51.5209,"right":-0.019435,"top":51.5228,"EASTING":537300,"NORTHING":182150,"Latitude":51.5216,"Longitude":-0.0224046,"in_cw":false,"whole_in_zone":true},"geometry":{"type":"Point","coordinates":[-0.022405,51.5216]}},
{"type":"Feature","properties":{"lsoa":"E01004242","oa":"E00021330","left":-0.0228707,"bottom":51.5175,"right":-0.0185766,"top":51.5216,"EASTING":537360,"NORTHING":181910,"Latitude":51.5194,"Longitude":-0.0216,"in_cw":false,"whole_in_zone":true},"geometry":{"type":"Point","coordinates":[-0.0216,51.5194]}},
{"type":"Feature","properties":{"lsoa":"E01004241","oa":"E00021344","left":-0.0273988,"bottom":51.5195,"right":-0.0212691,"top":51.5217,"EASTING":537290,"NORTHING":182030,"Latitude":51.5205,"Longitude":-0.0226,"in_cw":false,"whole_in_zone":true},"geometry":{"type":"Point","coordinates":[-0.0226,51.5205]}},
{"type":"Feature","properties":{"lsoa":"E01004241","oa":"E00021345","left":-0.0215553,"bottom":51.5204,"right":-0.0196977,"top":51.5212,"EASTING":537400,"NORTHING":182050,"Latitude":51.5207,"Longitude":-0.021,"in_cw":false,"whole_in_zone":true},"geometry":{"type":"Point","coordinates":[-0.021,51.5207]}},
{"type":"Feature","properties":{"lsoa":"E01004241","oa":"E00021346","left":-0.0241139,"bottom":51.5185,"right":-0.0216552,"top":51.52,"EASTING":537270,"NORTHING":181890,"Latitude":51.5193,"Longitude":-0.0229,"in_cw":false,"whole_in_zone":true},"geometry":{"type":"Point","coordinates":[-0.0229,51.5193]}},
{"type":"Feature","properties":{"lsoa":"E01004242","oa":"E00021347","left":-0.0209085,"bottom":51.5192,"right":-0.0192662,"top":51.5203,"EASTING":537470,"NORTHING":181910,"Latitude":51.5194,"Longitude":-0.02,"in_cw":false,"whole_in_zone":true},"geometry":{"type":"Point","coordinates":[-0.02,51.5194]}},
{"type":"Feature","properties":{"lsoa":"E01004247","oa":"E00021363","left":-0.0128405,"bottom":51.5122,"right":-0.00893779,"top":51.5139,"EASTING":538160,"NORTHING":181220,"Latitude":51.513,"Longitude":-0.0103812,"in_cw":false,"whole_in_zone":true},"geometry":{"type":"Point","coordinates":[-0.010381,51.513]}},
{"type":"Feature","properties":{"lsoa":"E01004246","oa":"E00021364","left":-0.0153989,"bottom":51.5173,"right":-0.0116175,"top":51.5196,"EASTING":537900,"NORTHING":181830,"Latitude":51.5186,"Longitude":-0.0138871,"in_cw":false,"whole_in_zone":true},"geometry":{"type":"Point","coordinates":[-0.013887,51.5186]}},
{"type":"Feature","properties":{"lsoa":"E01004249","oa":"E00021365","left":-0.0120601,"bottom":51.5155,"right":-0.00909632,"top":51.5173,"EASTING":538120,"NORTHING":181590,"Latitude":51.5164,"Longitude":-0.0108,"in_cw":false,"whole_in_zone":true},"geometry":{"type":"Point","coordinates":[-0.0108,51.5164]}},
{"type":"Feature","properties":{"lsoa":"E01004247","oa":"E00021366","left":-0.0134474,"bottom":51.513,"right":-0.0101337,"top":51.5142,"EASTING":538080,"NORTHING":181270,"Latitude":51.5135,"Longitude":-0.0115,"in_cw":false,"whole_in_zone":true},"geometry":{"type":"Point","coordinates":[-0.0115,51.5135]}},
{"type":"Feature","properties":{"lsoa":"E01004244","oa":"E00021367","left":-0.0200375,"bottom":51.5121,"right":-0.0158816,"top":51.5137,"EASTING":537650,"NORTHING":181180,"Latitude":51.5128,"Longitude":-0.0177,"in_cw":false,"whole_in_zone":true},"geometry":{"type":"Point","coordinates":[-0.0177,51.5128]}},
{"type":"Feature","properties":{"lsoa":"E01004243","oa":"E00021368","left":-0.0095322,"bottom":51.5133,"right":-0.00812804,"top":51.514,"EASTING":538260,"NORTHING":181290,"Latitude":51.5136,"Longitude":-0.00891,"in_cw":false,"whole_in_zone":true},"geometry":{"type":"Point","coordinates":[-0.00891,51.5136]}},
{"type":"Feature","properties":{"lsoa":"E01004245","oa":"E00021369","left":-0.00299318,"bottom":51.5124,"right":-0.000698162,"top":51.5138,"EASTING":538740,"NORTHING":181230,"Latitude":51.513,"Longitude":-0.00202,"in_cw":false,"whole_in_zone":true},"geometry":{"type":"Point","coordinates":[-0.00202,51.513]}},
{"type":"Feature","properties":{"lsoa":"E01004245","oa":"E00021370","left":-0.00728517,"bottom":51.5127,"right":0.000657992,"top":51.518,"EASTING":538820,"NORTHING":181390,"Latitude":51.5144,"Longitude":-0.000809,"in_cw":false,"whole_in_zone":true},"geometry":{"type":"Point","coordinates":[-0.000809,51.5144]}},
{"type":"Feature","properties":{"lsoa":"E01004245","oa":"E00021371","left":-0.00364293,"bottom":51.513,"right":-0.00116532,"top":51.5145,"EASTING":538660,"NORTHING":181300,"Latitude":51.5136,"Longitude":-0.00315,"in_cw":false,"whole_in_zone":true},"geometry":{"type":"Point","coordinates":[-0.00315,51.5136]}},
{"type":"Feature","properties":{"lsoa":"E01004246","oa":"E00021372","left":-0.0166679,"bottom":51.5132,"right":-0.0133221,"top":51.5152,"EASTING":537780,"NORTHING":181330,"Latitude":51.5141,"Longitude":-0.0158,"in_cw":false,"whole_in_zone":true},"geometry":{"type":"Point","coordinates":[-0.0158,51.5141]}},
{"type":"Feature","properties":{"lsoa":"E01004243","oa":"E00021374","left":-0.00647166,"bottom":51.5122,"right":-0.00262165,"top":51.5152,"EASTING":538610,"NORTHING":181270,"Latitude":51.5134,"Longitude":-0.00388,"in_cw":false,"whole_in_zone":true},"geometry":{"type":"Point","coordinates":[-0.00388,51.5134]}},
{"type":"Feature","properties":{"lsoa":"E01004244","oa":"E00021375","left":-0.0184407,"bottom":51.5111,"right":-0.0138747,"top":51.5138,"EASTING":537850,"NORTHING":181060,"Latitude":51.5117,"Longitude":-0.0149,"in_cw":false,"whole_in_zone":true},"geometry":{"type":"Point","coordinates":[-0.0149,51.5117]}},
{"type":"Feature","properties":{"lsoa":"E01004243","oa":"E00021376","left":-0.00989172,"bottom":51.5124,"right":-0.0048587,"top":51.5149,"EASTING":538420,"NORTHING":181310,"Latitude":51.5138,"Longitude":-0.0066,"in_cw":false,"whole_in_zone":true},"geometry":{"type":"Point","coordinates":[-0.0066,51.5138]}},
{"type":"Feature","properties":{"lsoa":"E01004243","oa":"E00021377","left":-0.00795898,"bottom":51.5115,"right":-0.00336205,"top":51.5141,"EASTING":538520,"NORTHING":181180,"Latitude":51.5126,"Longitude":-0.00521,"in_cw":false,"whole_in_zone":true},"geometry":{"type":"Point","coordinates":[-0.00521,51.5126]}},
{"type":"Feature","properties":{"lsoa":"E01004247","oa":"E00021378","left":-0.0133472,"bottom":51.5113,"right":-0.00742339,"top":51.513,"EASTING":538150,"NORTHING":181100,"Latitude":51.5119,"Longitude":-0.0106,"in_cw":false,"whole_in_zone":true},"geometry":{"type":"Point","coordinates":[-0.0106,51.5119]}},
{"type":"Feature","properties":{"lsoa":"E01004244","oa":"E00021379","left":-0.0180633,"bottom":51.5109,"right":-0.0150253,"top":51.5128,"EASTING":537720,"NORTHING":181090,"Latitude":51.512,"Longitude":-0.0167686,"in_cw":false,"whole_in_zone":true},"geometry":{"type":"Point","coordinates":[-0.016769,51.512]}},
{"type":"Feature","properties":{"lsoa":"E01004244","oa":"E00021380","left":-0.0209725,"bottom":51.5108,"right":-0.0163919,"top":51.5122,"EASTING":537570,"NORTHING":181030,"Latitude":51.5115,"Longitude":-0.019,"in_cw":false,"whole_in_zone":true},"geometry":{"type":"Point","coordinates":[-0.019,51.5115]}},
{"type":"Feature","properties":{"lsoa":"E01004248","oa":"E00021381","left":-0.0118773,"bottom":51.5177,"right":-0.0077191,"top":51.5237,"EASTING":538090,"NORTHING":181930,"Latitude":51.5194,"Longitude":-0.0111,"in_cw":false,"whole_in_zone":true},"geometry":{"type":"Point","coordinates":[-0.0111,51.5194]}},
{"type":"Feature","properties":{"lsoa":"E01004248","oa":"E00021382","left":-0.0142564,"bottom":51.5191,"right":-0.0108416,"top":51.5206,"EASTING":538010,"NORTHING":181980,"Latitude":51.5199,"Longitude":-0.0122,"in_cw":false,"whole_in_zone":true},"geometry":{"type":"Point","coordinates":[-0.0122,51.5199]}},
{"type":"Feature","properties":{"lsoa":"E01004248","oa":"E00021383","left":-0.0136206,"bottom":51.5171,"right":-0.00979224,"top":51.519,"EASTING":538080,"NORTHING":181770,"Latitude":51.518,"Longitude":-0.0113,"in_cw":false,"whole_in_zone":true},"geometry":{"type":"Point","coordinates":[-0.0113,51.518]}},
{"type":"Feature","properties":{"lsoa":"E01004246","oa":"E00021384","left":-0.0166267,"bottom":51.5173,"right":-0.0147456,"top":51.5191,"EASTING":537780,"NORTHING":181790,"Latitude":51.5182,"Longitude":-0.0156,"in_cw":false,"whole_in_zone":true},"geometry":{"type":"Point","coordinates":[-0.0156,51.5182]}},
{"type":"Feature","properties":{"lsoa":"E01004246","oa":"E00021385","left":-0.0180452,"bottom":51.5145,"right":-0.0140745,"top":51.5181,"EASTING":537740,"NORTHING":181520,"Latitude":51.5158,"Longitude":-0.0163,"in_cw":false,"whole_in_zone":true},"geometry":{"type":"Point","coordinates":[-0.0163,51.5158]}},
{"type":"Feature","properties":{"lsoa":"E01004249","oa":"E00021386","left":-0.0113248,"bottom":51.5158,"right":-0.0081854,"top":51.5178,"EASTING":538160,"NORTHING":181630,"Latitude":51.5167,"Longitude":-0.0102206,"in_cw":false,"whole_in_zone":true},"geometry":{"type":"Point","coordinates":[-0.010221,51.5167]}},
{"type":"Feature","properties":{"lsoa":"E01004250","oa":"E00021387","left":-0.0216443,"bottom":51.5157,"right":-0.0175204,"top":51.5179,"EASTING":537540,"NORTHING":181640,"Latitude":51.5169,"Longitude":-0.0191,"in_cw":false,"whole_in_zone":true},"geometry":{"type":"Point","coordinates":[-0.0191,51.5169]}},
{"type":"Feature","properties":{"lsoa":"E01004249","oa":"E00021388","left":-0.0147461,"bottom":51.515,"right":-0.0112453,"top":51.5178,"EASTING":538010,"NORTHING":181650,"Latitude":51.5169,"Longitude":-0.0124,"in_cw":false,"whole_in_zone":true},"geometry":{"type":"Point","coordinates":[-0.0124,51.5169]}},
{"type":"Feature","properties":{"lsoa":"E01004245","oa":"E00021391","left":"1.25E-05","bottom":51.5131,"right":0.00411198,"top":51.5166,"EASTING":538920,"NORTHING":181430,"Latitude":51.5147,"Longitude":0.000647,"in_cw":false,"whole_in_zone":true},"geometry":{"type":"Point","coordinates":[0.000647,51.5147]}},
{"type":"Feature","properties":{"lsoa":"E01004246","oa":"E00021392","left":-0.0139403,"bottom":51.5138,"right":-0.00844801,"top":51.516,"EASTING":538150,"NORTHING":181440,"Latitude":51.515,"Longitude":-0.0104,"in_cw":false,"whole_in_zone":true},"geometry":{"type":"Point","coordinates":[-0.0104,51.515]}},
{"type":"Feature","properties":{"lsoa":"E01004249","oa":"E00021393","left":-0.0101843,"bottom":51.5137,"right":-0.00624946,"top":51.5154,"EASTING":538310,"NORTHING":181380,"Latitude":51.5144,"Longitude":-0.00816,"in_cw":false,"whole_in_zone":true},"geometry":{"type":"Point","coordinates":[-0.00816,51.5144]}},
{"type":"Feature","properties":{"lsoa":"E01004250","oa":"E00021394","left":-0.0204792,"bottom":51.5148,"right":-0.0170816,"top":51.5168,"EASTING":537570,"NORTHING":181500,"Latitude":51.5157,"Longitude":-0.0188,"in_cw":false,"whole_in_zone":true},"geometry":{"type":"Point","coordinates":[-0.0188,51.5157]}},
{"type":"Feature","properties":{"lsoa":"E01004250","oa":"E00021395","left":-0.0196133,"bottom":51.5145,"right":-0.0178148,"top":51.5156,"EASTING":537580,"NORTHING":181420,"Latitude":51.515,"Longitude":-0.0186561,"in_cw":false,"whole_in_zone":true},"geometry":{"type":"Point","coordinates":[-0.018656,51.515]}},
{"type":"Feature","properties":{"lsoa":"E01004250","oa":"E00021396","left":-0.0180328,"bottom":51.514,"right":-0.0164036,"top":51.5155,"EASTING":537680,"NORTHING":181390,"Latitude":51.5147,"Longitude":-0.0172,"in_cw":false,"whole_in_zone":true},"geometry":{"type":"Point","coordinates":[-0.0172,51.5147]}},
{"type":"Feature","properties":{"lsoa":"E01004244","oa":"E00021397","left":-0.020098,"bottom":51.5129,"right":-0.016138,"top":51.5148,"EASTING":537560,"NORTHING":181290,"Latitude":51.5138,"Longitude":-0.019,"in_cw":false,"whole_in_zone":true},"geometry":{"type":"Point","coordinates":[-0.019,51.5138]}},
{"type":"Feature","properties":{"lsoa":"E01004256","oa":"E00021398","left":-0.0239444,"bottom":51.5076,"right":-0.0170694,"top":51.5094,"EASTING":537490,"NORTHING":180740,"Latitude":51.5089,"Longitude":-0.0202,"in_cw":true,"whole_in_zone":true},"geometry":{"type":"Point","coordinates":[-0.0202,51.5089]}},
{"type":"Feature","properties":{"lsoa":"E01004258","oa":"E00021399","left":-0.0366891,"bottom":51.5074,"right":-0.0298481,"top":51.51,"EASTING":536660,"NORTHING":180750,"Latitude":51.5092,"Longitude":-0.0322,"in_cw":false,"whole_in_zone":true},"geometry":{"type":"Point","coordinates":[-0.0322,51.5092]}},
{"type":"Feature","properties":{"lsoa":"E01004257","oa":"E00021400","left":-0.0211552,"bottom":51.5089,"right":-0.0145529,"top":51.5111,"EASTING":537590,"NORTHING":180940,"Latitude":51.5106,"Longitude":-0.0187,"in_cw":false,"whole_in_zone":true},"geometry":{"type":"Point","coordinates":[-0.0187,51.5106]}},
{"type":"Feature","properties":{"lsoa":"E01004253","oa":"E00021402","left":-0.0258691,"bottom":51.5117,"right":-0.0232925,"top":51.5129,"EASTING":537180,"NORTHING":181130,"Latitude":51.5124,"Longitude":-0.0245,"in_cw":false,"whole_in_zone":true},"geometry":{"type":"Point","coordinates":[-0.0245,51.5124]}},
{"type":"Feature","properties":{"lsoa":"E01004254","oa":"E00021404","left":-0.0367921,"bottom":51.5113,"right":-0.0336635,"top":51.5126,"EASTING":536430,"NORTHING":181040,"Latitude":51.5118,"Longitude":-0.0354,"in_cw":false,"whole_in_zone":true},"geometry":{"type":"Point","coordinates":[-0.0354,51.5118]}},
{"type":"Feature","properties":{"lsoa":"E01004253","oa":"E00021405","left":-0.0235944,"bottom":51.5114,"right":-0.0195803,"top":51.5158,"EASTING":537350,"NORTHING":181180,"Latitude":51.5129,"Longitude":-0.0221,"in_cw":false,"whole_in_zone":true},"geometry":{"type":"Point","coordinates":[-0.0221,51.5129]}},
{"type":"Feature","properties":{"lsoa":"E01004253","oa":"E00021406","left":-0.0249191,"bottom":51.5112,"right":-0.0218277,"top":51.5123,"EASTING":537270,"NORTHING":181070,"Latitude":51.5119,"Longitude":-0.023257,"in_cw":false,"whole_in_zone":true},"geometry":{"type":"Point","coordinates":[-0.023257,51.5119]}},
{"type":"Feature","properties":{"lsoa":"E01004253","oa":"E00021407","left":-0.0248911,"bottom":51.5101,"right":-0.0205852,"top":51.5117,"EASTING":537380,"NORTHING":181000,"Latitude":51.5112,"Longitude":-0.0217,"in_cw":false,"whole_in_zone":true},"geometry":{"type":"Point","coordinates":[-0.0217,51.5112]}},
{"type":"Feature","properties":{"lsoa":"E01004255","oa":"E00021408","left":-0.0293258,"bottom":51.5078,"right":-0.0244086,"top":51.511,"EASTING":536980,"NORTHING":180850,"Latitude":51.51,"Longitude":-0.0275,"in_cw":true,"whole_in_zone":true},"geometry":{"type":"Point","coordinates":[-0.0275,51.51]}},
{"type":"Feature","properties":{"lsoa":"E01004254","oa":"E00021409","left":-0.0362515,"bottom":51.51,"right":-0.0332686,"top":51.5117,"EASTING":536480,"NORTHING":180900,"Latitude":51.5106,"Longitude":-0.0346998,"in_cw":false,"whole_in_zone":true},"geometry":{"type":"Point","coordinates":[-0.0347,51.5106]}},
{"type":"Feature","properties":{"lsoa":"E01004257","oa":"E00021410","left":-0.0159563,"bottom":51.509,"right":-0.0128547,"top":51.5112,"EASTING":537840,"NORTHING":180880,"Latitude":51.51,"Longitude":-0.0151,"in_cw":true,"whole_in_zone":true},"geometry":{"type":"Point","coordinates":[-0.0151,51.51]}},
{"type":"Feature","properties":{"lsoa":"E01004258","oa":"E00021411","left":-0.032729,"bottom":51.5097,"right":-0.0302574,"top":51.5114,"EASTING":536710,"NORTHING":180920,"Latitude":51.5107,"Longitude":-0.0314,"in_cw":false,"whole_in_zone":true},"geometry":{"type":"Point","coordinates":[-0.0314,51.5107]}},
{"type":"Feature","properties":{"lsoa":"E01004253","oa":"E00021412","left":-0.0255968,"bottom":51.5096,"right":-0.0235311,"top":51.5115,"EASTING":537210,"NORTHING":180860,"Latitude":51.51,"Longitude":-0.0242,"in_cw":true,"whole_in_zone":true},"geometry":{"type":"Point","coordinates":[-0.0242,51.51]}},
{"type":"Feature","properties":{"lsoa":"E01004255","oa":"E00021413","left":-0.0292763,"bottom":51.5102,"right":-0.0278314,"top":51.5118,"EASTING":536890,"NORTHING":180930,"Latitude":51.5107,"Longitude":-0.0288,"in_cw":false,"whole_in_zone":true},"geometry":{"type":"Point","coordinates":[-0.0288,51.5107]}},
{"type":"Feature","properties":{"lsoa":"E01004256","oa":"E00021414","left":-0.0211419,"bottom":51.5096,"right":-0.0184023,"top":51.5106,"EASTING":537590,"NORTHING":180850,"Latitude":51.5098,"Longitude":-0.0187,"in_cw":true,"whole_in_zone":true},"geometry":{"type":"Point","coordinates":[-0.0187,51.5098]}},
{"type":"Feature","properties":{"lsoa":"E01004257","oa":"E00021415","left":-0.0148687,"bottom":51.5089,"right":-0.0123041,"top":51.5105,"EASTING":537920,"NORTHING":180860,"Latitude":51.5098,"Longitude":-0.014,"in_cw":true,"whole_in_zone":true},"geometry":{"type":"Point","coordinates":[-0.014,51.5098]}},
{"type":"Feature","properties":{"lsoa":"E01004256","oa":"E00021416","left":-0.0251786,"bottom":51.5089,"right":-0.0214957,"top":51.5111,"EASTING":537320,"NORTHING":180880,"Latitude":51.5102,"Longitude":-0.0226,"in_cw":true,"whole_in_zone":true},"geometry":{"type":"Point","coordinates":[-0.0226,51.5102]}},
{"type":"Feature","properties":{"lsoa":"E01004256","oa":"E00021417","left":-0.0228465,"bottom":51.5092,"right":-0.019272,"top":51.511,"EASTING":537400,"NORTHING":180860,"Latitude":51.51,"Longitude":-0.0215,"in_cw":true,"whole_in_zone":true},"geometry":{"type":"Point","coordinates":[-0.0215,51.51]}},
{"type":"Feature","properties":{"lsoa":"E01004254","oa":"E00021418","left":-0.0354665,"bottom":51.5091,"right":-0.0340761,"top":51.5101,"EASTING":536460,"NORTHING":180810,"Latitude":51.5097,"Longitude":-0.0350227,"in_cw":false,"whole_in_zone":true},"geometry":{"type":"Point","coordinates":[-0.035023,51.5097]}},
{"type":"Feature","properties":{"lsoa":"E01004257","oa":"E00021419","left":-0.019468,"bottom":51.509,"right":-0.0176103,"top":51.5102,"EASTING":537620,"NORTHING":180840,"Latitude":51.5097,"Longitude":-0.0183,"in_cw":true,"whole_in_zone":true},"geometry":{"type":"Point","coordinates":[-0.0183,51.5097]}},
{"type":"Feature","properties":{"lsoa":"E01004258","oa":"E00021420","left":-0.0344351,"bottom":51.509,"right":-0.0312667,"top":51.5109,"EASTING":536580,"NORTHING":180810,"Latitude":51.5097,"Longitude":-0.0333,"in_cw":false,"whole_in_zone":true},"geometry":{"type":"Point","coordinates":[-0.0333,51.5097]}},
{"type":"Feature","properties":{"lsoa":"E01004255","oa":"E00021421","left":-0.030445,"bottom":51.5095,"right":-0.0288021,"top":51.5123,"EASTING":536840,"NORTHING":180840,"Latitude":51.5099,"Longitude":-0.0295,"in_cw":false,"whole_in_zone":true},"geometry":{"type":"Point","coordinates":[-0.0295,51.5099]}},
{"type":"Feature","properties":{"lsoa":"E01004256","oa":"E00021422","left":-0.0173377,"bottom":51.5074,"right":-0.0133896,"top":51.5089,"EASTING":537860,"NORTHING":180720,"Latitude":51.5086,"Longitude":-0.0149,"in_cw":true,"whole_in_zone":true},"geometry":{"type":"Point","coordinates":[-0.0149,51.5086]}},
{"type":"Feature","properties":{"lsoa":"E01004255","oa":"E00021423","left":-0.0299881,"bottom":51.5088,"right":-0.0266316,"top":51.5103,"EASTING":536910,"NORTHING":180810,"Latitude":51.5096,"Longitude":-0.0285,"in_cw":true,"whole_in_zone":true},"geometry":{"type":"Point","coordinates":[-0.0285,51.5096]}},
{"type":"Feature","properties":{"lsoa":"E01004254","oa":"E00021424","left":-0.038883,"bottom":51.5082,"right":-0.0351519,"top":51.5104,"EASTING":536360,"NORTHING":180800,"Latitude":51.5097,"Longitude":-0.0365,"in_cw":false,"whole_in_zone":true},"geometry":{"type":"Point","coordinates":[-0.0365,51.5097]}},
{"type":"Feature","properties":{"lsoa":"E01004258","oa":"E00021425","left":-0.0339119,"bottom":51.5065,"right":-0.0289732,"top":51.5092,"EASTING":536790,"NORTHING":180600,"Latitude":51.5078,"Longitude":-0.0304,"in_cw":false,"whole_in_zone":true},"geometry":{"type":"Point","coordinates":[-0.0304,51.5078]}},
{"type":"Feature","properties":{"lsoa":"E01004257","oa":"E00021426","left":-0.0145812,"bottom":51.5074,"right":-0.0117699,"top":51.5092,"EASTING":537960,"NORTHING":180730,"Latitude":51.5087,"Longitude":-0.0135,"in_cw":true,"whole_in_zone":true},"geometry":{"type":"Point","coordinates":[-0.0135,51.5087]}},
{"type":"Feature","properties":{"lsoa":"E01004258","oa":"E00021427","left":-0.0322738,"bottom":51.5078,"right":-0.0301559,"top":51.5088,"EASTING":536710,"NORTHING":180670,"Latitude":51.5084,"Longitude":-0.0315,"in_cw":false,"whole_in_zone":true},"geometry":{"type":"Point","coordinates":[-0.0315,51.5084]}},
{"type":"Feature","properties":{"lsoa":"E01004252","oa":"E00021428","left":-0.0251939,"bottom":51.5133,"right":-0.0211578,"top":51.5141,"EASTING":537220,"NORTHING":181260,"Latitude":51.5136,"Longitude":-0.0239,"in_cw":false,"whole_in_zone":true},"geometry":{"type":"Point","coordinates":[-0.0239,51.5136]}},
{"type":"Feature","properties":{"lsoa":"E01004252","oa":"E00021429","left":-0.0245299,"bottom":51.5138,"right":-0.020583,"top":51.5166,"EASTING":537230,"NORTHING":181400,"Latitude":51.5149,"Longitude":-0.0237,"in_cw":false,"whole_in_zone":true},"geometry":{"type":"Point","coordinates":[-0.0237,51.5149]}},
{"type":"Feature","properties":{"lsoa":"E01004251","oa":"E00021430","left":-0.0325216,"bottom":51.5144,"right":-0.0289361,"top":51.5163,"EASTING":536700,"NORTHING":181490,"Latitude":51.5158,"Longitude":-0.0313,"in_cw":false,"whole_in_zone":true},"geometry":{"type":"Point","coordinates":[-0.0313,51.5158]}},
{"type":"Feature","properties":{"lsoa":"E01004251","oa":"E00021431","left":-0.0333753,"bottom":51.5143,"right":-0.0309096,"top":51.516,"EASTING":536600,"NORTHING":181420,"Latitude":51.5152,"Longitude":-0.0328,"in_cw":false,"whole_in_zone":true},"geometry":{"type":"Point","coordinates":[-0.0328,51.5152]}},
{"type":"Feature","properties":{"lsoa":"E01004251","oa":"E00021432","left":-0.0355501,"bottom":51.5141,"right":-0.0330925,"top":51.5166,"EASTING":536530,"NORTHING":181390,"Latitude":51.5149,"Longitude":-0.0338,"in_cw":false,"whole_in_zone":true},"geometry":{"type":"Point","coordinates":[-0.0338,51.5149]}},
{"type":"Feature","properties":{"lsoa":"E01004251","oa":"E00021433","left":-0.0317226,"bottom":51.5128,"right":-0.0282557,"top":51.5156,"EASTING":536770,"NORTHING":181310,"Latitude":51.5142,"Longitude":-0.0303646,"in_cw":false,"whole_in_zone":true},"geometry":{"type":"Point","coordinates":[-0.030365,51.5142]}},
{"type":"Feature","properties":{"lsoa":"E01004251","oa":"E00021434","left":-0.0331633,"bottom":51.5124,"right":-0.0302472,"top":51.5145,"EASTING":536680,"NORTHING":181200,"Latitude":51.5132,"Longitude":-0.0317,"in_cw":false,"whole_in_zone":true},"geometry":{"type":"Point","coordinates":[-0.0317,51.5132]}},
{"type":"Feature","properties":{"lsoa":"E01004252","oa":"E00021437","left":-0.0278071,"bottom":51.5125,"right":-0.0257141,"top":51.5141,"EASTING":537010,"NORTHING":181230,"Latitude":51.5134,"Longitude":-0.0269,"in_cw":false,"whole_in_zone":true},"geometry":{"type":"Point","coordinates":[-0.0269,51.5134]}},
{"type":"Feature","properties":{"lsoa":"E01004253","oa":"E00021438","left":-0.0247016,"bottom":51.5127,"right":-0.0212648,"top":51.5134,"EASTING":537230,"NORTHING":181200,"Latitude":51.5131,"Longitude":-0.0238,"in_cw":false,"whole_in_zone":true},"geometry":{"type":"Point","coordinates":[-0.0238,51.5131]}},
{"type":"Feature","properties":{"lsoa":"E01004264","oa":"E00021439","left":-0.0388426,"bottom":51.5213,"right":-0.0364688,"top":51.5224,"EASTING":536240,"NORTHING":182150,"Latitude":51.5218,"Longitude":-0.0377,"in_cw":false,"whole_in_zone":true},"geometry":{"type":"Point","coordinates":[-0.0377,51.5218]}},
{"type":"Feature","properties":{"lsoa":"E01004264","oa":"E00021440","left":-0.0449471,"bottom":51.5201,"right":-0.0400161,"top":51.5223,"EASTING":535910,"NORTHING":182050,"Latitude":51.521,"Longitude":-0.0425,"in_cw":false,"whole_in_zone":true},"geometry":{"type":"Point","coordinates":[-0.0425,51.521]}},
{"type":"Feature","properties":{"lsoa":"E01004261","oa":"E00021445","left":-0.0436406,"bottom":51.5212,"right":-0.0410485,"top":51.5225,"EASTING":535920,"NORTHING":182140,"Latitude":51.5218,"Longitude":-0.0423,"in_cw":false,"whole_in_zone":true},"geometry":{"type":"Point","coordinates":[-0.0423,51.5218]}},
{"type":"Feature","properties":{"lsoa":"E01004264","oa":"E00021446","left":-0.0407588,"bottom":51.5209,"right":-0.0384764,"top":51.5217,"EASTING":536120,"NORTHING":182080,"Latitude":51.5212,"Longitude":-0.0394,"in_cw":false,"whole_in_zone":true},"geometry":{"type":"Point","coordinates":[-0.0394,51.5212]}},
{"type":"Feature","properties":{"lsoa":"E01004261","oa":"E00021473","left":-0.0455123,"bottom":51.5212,"right":-0.0429847,"top":51.5233,"EASTING":535820,"NORTHING":182150,"Latitude":51.5219,"Longitude":-0.0437,"in_cw":false,"whole_in_zone":true},"geometry":{"type":"Point","coordinates":[-0.0437,51.5219]}},
{"type":"Feature","properties":{"lsoa":"E01004264","oa":"E00021474","left":-0.0405843,"bottom":51.5212,"right":-0.0377856,"top":51.5225,"EASTING":536150,"NORTHING":182160,"Latitude":51.522,"Longitude":-0.039,"in_cw":false,"whole_in_zone":true},"geometry":{"type":"Point","coordinates":[-0.039,51.522]}},
{"type":"Feature","properties":{"lsoa":"E01004262","oa":"E00021475","left":-0.0471432,"bottom":51.521,"right":-0.0439783,"top":51.5229,"EASTING":535750,"NORTHING":182140,"Latitude":51.5219,"Longitude":-0.0447,"in_cw":false,"whole_in_zone":true},"geometry":{"type":"Point","coordinates":[-0.0447,51.5219]}},
{"type":"Feature","properties":{"lsoa":"E01004270","oa":"E00021476","left":-0.031708,"bottom":51.5194,"right":-0.0305088,"top":51.5214,"EASTING":536700,"NORTHING":182010,"Latitude":51.5205,"Longitude":-0.0311,"in_cw":false,"whole_in_zone":true},"geometry":{"type":"Point","coordinates":[-0.0311,51.5205]}},
{"type":"Feature","properties":{"lsoa":"E01004270","oa":"E00021479","left":-0.0370947,"bottom":51.5209,"right":-0.0289693,"top":51.525,"EASTING":536620,"NORTHING":182150,"Latitude":51.5218,"Longitude":-0.0321996,"in_cw":false,"whole_in_zone":true},"geometry":{"type":"Point","coordinates":[-0.0322,51.5218]}},
{"type":"Feature","properties":{"lsoa":"E01004270","oa":"E00021483","left":-0.0365463,"bottom":51.5174,"right":-0.0305387,"top":51.523,"EASTING":536390,"NORTHING":181980,"Latitude":51.5203,"Longitude":-0.0356,"in_cw":false,"whole_in_zone":true},"geometry":{"type":"Point","coordinates":[-0.0356,51.5203]}},
{"type":"Feature","properties":{"lsoa":"E01004270","oa":"E00021484","left":-0.0315267,"bottom":51.5201,"right":-0.0273313,"top":51.5237,"EASTING":536860,"NORTHING":182120,"Latitude":51.5214,"Longitude":-0.0288,"in_cw":false,"whole_in_zone":true},"geometry":{"type":"Point","coordinates":[-0.0288,51.5214]}},
{"type":"Feature","properties":{"lsoa":"E01004271","oa":"E00021485","left":-0.0310612,"bottom":51.5204,"right":-0.0282489,"top":51.5214,"EASTING":536820,"NORTHING":182070,"Latitude":51.521,"Longitude":-0.0293,"in_cw":false,"whole_in_zone":true},"geometry":{"type":"Point","coordinates":[-0.0293,51.521]}},
{"type":"Feature","properties":{"lsoa":"E01004271","oa":"E00021486","left":-0.0309972,"bottom":51.5187,"right":-0.0285804,"top":51.5208,"EASTING":536790,"NORTHING":181940,"Latitude":51.5198,"Longitude":-0.0298,"in_cw":false,"whole_in_zone":true},"geometry":{"type":"Point","coordinates":[-0.0298,51.5198]}},
{"type":"Feature","properties":{"lsoa":"E01004271","oa":"E00021487","left":-0.0286446,"bottom":51.5191,"right":-0.0247713,"top":51.5208,"EASTING":537010,"NORTHING":181950,"Latitude":51.5199,"Longitude":-0.0267,"in_cw":false,"whole_in_zone":true},"geometry":{"type":"Point","coordinates":[-0.0267,51.5199]}},
{"type":"Feature","properties":{"lsoa":"E01004272","oa":"E00021488","left":-0.0253773,"bottom":51.5167,"right":-0.0220069,"top":51.5198,"EASTING":537240,"NORTHING":181700,"Latitude":51.5176,"Longitude":-0.0234,"in_cw":false,"whole_in_zone":true},"geometry":{"type":"Point","coordinates":[-0.0234,51.5176]}},
{"type":"Feature","properties":{"lsoa":"E01004271","oa":"E00021489","left":-0.029135,"bottom":51.5186,"right":-0.0272576,"top":51.5196,"EASTING":536880,"NORTHING":181850,"Latitude":51.519,"Longitude":-0.0286,"in_cw":false,"whole_in_zone":true},"geometry":{"type":"Point","coordinates":[-0.0286,51.519]}},
{"type":"Feature","properties":{"lsoa":"E01004271","oa":"E00021490","left":-0.0305589,"bottom":51.5173,"right":-0.027659,"top":51.5202,"EASTING":536800,"NORTHING":181760,"Latitude":51.5182,"Longitude":-0.0298,"in_cw":false,"whole_in_zone":true},"geometry":{"type":"Point","coordinates":[-0.0298,51.5182]}},
{"type":"Feature","properties":{"lsoa":"E01004272","oa":"E00021491","left":-0.027938,"bottom":51.5171,"right":-0.0251403,"top":51.5194,"EASTING":536970,"NORTHING":181840,"Latitude":51.5189,"Longitude":-0.0272785,"in_cw":false,"whole_in_zone":true},"geometry":{"type":"Point","coordinates":[-0.027278,51.5189]}},
{"type":"Feature","properties":{"lsoa":"E01004272","oa":"E00021492","left":-0.0283983,"bottom":51.5169,"right":-0.0258294,"top":51.5188,"EASTING":537000,"NORTHING":181720,"Latitude":51.5178,"Longitude":-0.0269,"in_cw":false,"whole_in_zone":true},"geometry":{"type":"Point","coordinates":[-0.0269,51.5178]}},
{"type":"Feature","properties":{"lsoa":"E01004272","oa":"E00021493","left":-0.0258842,"bottom":51.5165,"right":-0.0234511,"top":51.5183,"EASTING":537130,"NORTHING":181700,"Latitude":51.5176,"Longitude":-0.025,"in_cw":false,"whole_in_zone":true},"geometry":{"type":"Point","coordinates":[-0.025,51.5176]}},
{"type":"Feature","properties":{"lsoa":"E01004273","oa":"E00021494","left":-0.0356719,"bottom":51.5156,"right":-0.0278573,"top":51.5187,"EASTING":536670,"NORTHING":181580,"Latitude":51.5166,"Longitude":-0.0317,"in_cw":false,"whole_in_zone":true},"geometry":{"type":"Point","coordinates":[-0.0317,51.5166]}},
{"type":"Feature","properties":{"lsoa":"E01004273","oa":"E00021495","left":-0.0284232,"bottom":51.514,"right":-0.0216443,"top":51.5172,"EASTING":537000,"NORTHING":181530,"Latitude":51.5161,"Longitude":-0.027,"in_cw":false,"whole_in_zone":true},"geometry":{"type":"Point","coordinates":[-0.027,51.5161]}},
{"type":"Feature","properties":{"lsoa":"E01004273","oa":"E00021496","left":-0.0286952,"bottom":51.5166,"right":-0.0267849,"top":51.5178,"EASTING":536950,"NORTHING":181640,"Latitude":51.5171,"Longitude":-0.0276,"in_cw":false,"whole_in_zone":true},"geometry":{"type":"Point","coordinates":[-0.0276,51.5171]}},
{"type":"Feature","properties":{"lsoa":"E01004272","oa":"E00021497","left":-0.0262072,"bottom":51.5162,"right":-0.0239926,"top":51.5177,"EASTING":537120,"NORTHING":181600,"Latitude":51.5167,"Longitude":-0.0252,"in_cw":false,"whole_in_zone":true},"geometry":{"type":"Point","coordinates":[-0.0252,51.5167]}},
{"type":"Feature","properties":{"lsoa":"E01004273","oa":"E00021498","left":-0.0289152,"bottom":51.5147,"right":-0.0272698,"top":51.5161,"EASTING":536910,"NORTHING":181460,"Latitude":51.5155,"Longitude":-0.0283,"in_cw":false,"whole_in_zone":true},"geometry":{"type":"Point","coordinates":[-0.0283,51.5155]}},
{"type":"Feature","properties":{"lsoa":"E01004277","oa":"E00021510","left":-0.0316543,"bottom":51.506,"right":-0.0259509,"top":51.5082,"EASTING":536950,"NORTHING":180540,"Latitude":51.5072,"Longitude":-0.0281,"in_cw":true,"whole_in_zone":true},"geometry":{"type":"Point","coordinates":[-0.0281,51.5072]}},
{"type":"Feature","properties":{"lsoa":"E01004277","oa":"E00021511","left":-0.03079,"bottom":51.5056,"right":-0.0277177,"top":51.5072,"EASTING":536880,"NORTHING":180530,"Latitude":51.5071,"Longitude":-0.0291,"in_cw":true,"whole_in_zone":true},"geometry":{"type":"Point","coordinates":[-0.0291,51.5071]}},
{"type":"Feature","properties":{"lsoa":"E01032783","oa":"E00021516","left":-0.0237823,"bottom":51.4921,"right":-0.0219219,"top":51.4935,"EASTING":537340,"NORTHING":178960,"Latitude":51.4929,"Longitude":-0.0231,"in_cw":false,"whole_in_zone":true},"geometry":{"type":"Point","coordinates":[-0.0231,51.4929]}},
{"type":"Feature","properties":{"lsoa":"E01004281","oa":"E00021517","left":-0.0225442,"bottom":51.492,"right":-0.0207865,"top":51.4934,"EASTING":537440,"NORTHING":178920,"Latitude":51.4925,"Longitude":-0.0216,"in_cw":false,"whole_in_zone":true},"geometry":{"type":"Point","coordinates":[-0.0216,51.4925]}},
{"type":"Feature","properties":{"lsoa":"E01032783","oa":"E00021518","left":-0.0249278,"bottom":51.4912,"right":-0.0224034,"top":51.494,"EASTING":537280,"NORTHING":178910,"Latitude":51.4925,"Longitude":-0.0239528,"in_cw":false,"whole_in_zone":true},"geometry":{"type":"Point","coordinates":[-0.023953,51.4925]}},
{"type":"Feature","properties":{"lsoa":"E01004275","oa":"E00021519","left":-0.0194596,"bottom":51.4872,"right":-0.0133351,"top":51.4896,"EASTING":537770,"NORTHING":178470,"Latitude":51.4884,"Longitude":-0.0171,"in_cw":false,"whole_in_zone":true},"geometry":{"type":"Point","coordinates":[-0.0171,51.4884]}},
{"type":"Feature","properties":{"lsoa":"E01004281","oa":"E00021520","left":-0.020766,"bottom":51.491,"right":-0.0169033,"top":51.4929,"EASTING":537620,"NORTHING":178900,"Latitude":51.4923,"Longitude":-0.0190624,"in_cw":false,"whole_in_zone":true},"geometry":{"type":"Point","coordinates":[-0.019062,51.4923]}},
{"type":"Feature","properties":{"lsoa":"E01004275","oa":"E00021521","left":-0.0188377,"bottom":51.4887,"right":-0.0163893,"top":51.4909,"EASTING":537720,"NORTHING":178630,"Latitude":51.4899,"Longitude":-0.0177,"in_cw":false,"whole_in_zone":true},"geometry":{"type":"Point","coordinates":[-0.0177,51.4899]}},
{"type":"Feature","properties":{"lsoa":"E01004274","oa":"E00021522","left":-0.0226763,"bottom":51.491,"right":-0.0202144,"top":51.4926,"EASTING":537450,"NORTHING":178820,"Latitude":51.4916,"Longitude":-0.0215,"in_cw":false,"whole_in_zone":true},"geometry":{"type":"Point","coordinates":[-0.0215,51.4916]}},
{"type":"Feature","properties":{"lsoa":"E01004274","oa":"E00021524","left":-0.023932,"bottom":51.4891,"right":-0.0207999,"top":51.492,"EASTING":537400,"NORTHING":178700,"Latitude":51.4906,"Longitude":-0.0223,"in_cw":false,"whole_in_zone":true},"geometry":{"type":"Point","coordinates":[-0.0223,51.4906]}},
{"type":"Feature","properties":{"lsoa":"E01004281","oa":"E00021525","left":-0.0214046,"bottom":51.4902,"right":-0.0192855,"top":51.4922,"EASTING":537540,"NORTHING":178740,"Latitude":51.4909,"Longitude":-0.0203,"in_cw":false,"whole_in_zone":true},"geometry":{"type":"Point","coordinates":[-0.0203,51.4909]}},
{"type":"Feature","properties":{"lsoa":"E01032783","oa":"E00021526","left":-0.0274986,"bottom":51.488,"right":-0.0223041,"top":51.4912,"EASTING":537270,"NORTHING":178660,"Latitude":51.4902,"Longitude":-0.0242,"in_cw":false,"whole_in_zone":true},"geometry":{"type":"Point","coordinates":[-0.0242,51.4902]}},
{"type":"Feature","properties":{"lsoa":"E01004281","oa":"E00021527","left":-0.019532,"bottom":51.4903,"right":-0.0167202,"top":51.4922,"EASTING":537650,"NORTHING":178790,"Latitude":51.4913,"Longitude":-0.0186734,"in_cw":false,"whole_in_zone":true},"geometry":{"type":"Point","coordinates":[-0.018673,51.4913]}},
{"type":"Feature","properties":{"lsoa":"E01004275","oa":"E00021528","left":-0.0172738,"bottom":51.4888,"right":-0.0145011,"top":51.4908,"EASTING":537840,"NORTHING":178630,"Latitude":51.4898,"Longitude":-0.016,"in_cw":false,"whole_in_zone":true},"geometry":{"type":"Point","coordinates":[-0.016,51.4898]}},
{"type":"Feature","properties":{"lsoa":"E01032783","oa":"E00021529","left":-0.0258851,"bottom":51.4865,"right":-0.0215997,"top":51.4894,"EASTING":537340,"NORTHING":178530,"Latitude":51.489,"Longitude":-0.0232,"in_cw":false,"whole_in_zone":true},"geometry":{"type":"Point","coordinates":[-0.0232,51.489]}},
{"type":"Feature","properties":{"lsoa":"E01004274","oa":"E00021531","left":-0.0224903,"bottom":51.4886,"right":-0.0194032,"top":51.4907,"EASTING":537500,"NORTHING":178580,"Latitude":51.4895,"Longitude":-0.0209,"in_cw":false,"whole_in_zone":true},"geometry":{"type":"Point","coordinates":[-0.0209,51.4895]}},
{"type":"Feature","properties":{"lsoa":"E01004274","oa":"E00021532","left":-0.0229754,"bottom":51.4877,"right":-0.0200616,"top":51.4892,"EASTING":537430,"NORTHING":178470,"Latitude":51.4885,"Longitude":-0.022,"in_cw":false,"whole_in_zone":true},"geometry":{"type":"Point","coordinates":[-0.022,51.4885]}},
{"type":"Feature","properties":{"lsoa":"E01004276","oa":"E00021533","left":-0.0230556,"bottom":51.4858,"right":-0.0191801,"top":51.4882,"EASTING":537550,"NORTHING":178370,"Latitude":51.4876,"Longitude":-0.0203,"in_cw":false,"whole_in_zone":true},"geometry":{"type":"Point","coordinates":[-0.0203,51.4876]}},
{"type":"Feature","properties":{"lsoa":"E01004276","oa":"E00021534","left":-0.0215997,"bottom":51.4876,"right":-0.0187916,"top":51.4889,"EASTING":537580,"NORTHING":178440,"Latitude":51.4882,"Longitude":-0.0198,"in_cw":false,"whole_in_zone":true},"geometry":{"type":"Point","coordinates":[-0.0198,51.4882]}},
{"type":"Feature","properties":{"lsoa":"E01004275","oa":"E00021535","left":-0.0171453,"bottom":51.4872,"right":-0.013785,"top":51.4888,"EASTING":537940,"NORTHING":178420,"Latitude":51.4879,"Longitude":-0.0146,"in_cw":false,"whole_in_zone":true},"geometry":{"type":"Point","coordinates":[-0.0146,51.4879]}},
{"type":"Feature","properties":{"lsoa":"E01004276","oa":"E00021536","left":-0.0212909,"bottom":51.4852,"right":-0.0174687,"top":51.488,"EASTING":537620,"NORTHING":178340,"Latitude":51.4873,"Longitude":-0.0193,"in_cw":false,"whole_in_zone":true},"geometry":{"type":"Point","coordinates":[-0.0193,51.4873]}},
{"type":"Feature","properties":{"lsoa":"E01004276","oa":"E00021537","left":-0.0194584,"bottom":51.4847,"right":-0.016461,"top":51.4877,"EASTING":537740,"NORTHING":178290,"Latitude":51.4868,"Longitude":-0.0176,"in_cw":false,"whole_in_zone":true},"geometry":{"type":"Point","coordinates":[-0.0176,51.4868]}},
{"type":"Feature","properties":{"lsoa":"E01004276","oa":"E00021538","left":-0.0174837,"bottom":51.4846,"right":-0.0127982,"top":51.4875,"EASTING":537890,"NORTHING":178300,"Latitude":51.4868,"Longitude":-0.0154,"in_cw":false,"whole_in_zone":true},"geometry":{"type":"Point","coordinates":[-0.0154,51.4868]}},
{"type":"Feature","properties":{"lsoa":"E01004276","oa":"E00021539","left":-0.0156131,"bottom":51.4864,"right":-0.0137902,"top":51.487,"EASTING":537940,"NORTHING":178280,"Latitude":51.4867,"Longitude":-0.0147,"in_cw":false,"whole_in_zone":true},"geometry":{"type":"Point","coordinates":[-0.0147,51.4867]}},
{"type":"Feature","properties":{"lsoa":"E01004277","oa":"E00021541","left":-0.0271995,"bottom":51.5079,"right":-0.0250899,"top":51.5093,"EASTING":537070,"NORTHING":180670,"Latitude":51.5083,"Longitude":-0.0263,"in_cw":true,"whole_in_zone":true},"geometry":{"type":"Point","coordinates":[-0.0263,51.5083]}},
{"type":"Feature","properties":{"lsoa":"E01004277","oa":"E00021542","left":-0.0305298,"bottom":51.5016,"right":-0.0239538,"top":51.5063,"EASTING":537040,"NORTHING":179960,"Latitude":51.502,"Longitude":-0.0270002,"in_cw":true,"whole_in_zone":true},"geometry":{"type":"Point","coordinates":[-0.027,51.502]}},
{"type":"Feature","properties":{"lsoa":"E01004277","oa":"E00021543","left":-0.0273157,"bottom":51.5022,"right":-0.026638,"top":51.503,"EASTING":537040,"NORTHING":180010,"Latitude":51.5024,"Longitude":-0.0269808,"in_cw":true,"whole_in_zone":true},"geometry":{"type":"Point","coordinates":[-0.026981,51.5024]}},
{"type":"Feature","properties":{"lsoa":"E01032781","oa":"E00021544","left":-0.0296796,"bottom":51.5005,"right":-0.0265654,"top":51.5017,"EASTING":537030,"NORTHING":179840,"Latitude":51.5009,"Longitude":-0.0272,"in_cw":true,"whole_in_zone":true},"geometry":{"type":"Point","coordinates":[-0.0272,51.5009]}},
{"type":"Feature","properties":{"lsoa":"E01032781","oa":"E00021546","left":-0.0299012,"bottom":51.4993,"right":-0.0260354,"top":51.5007,"EASTING":537040,"NORTHING":179770,"Latitude":51.5003,"Longitude":-0.0271,"in_cw":true,"whole_in_zone":true},"geometry":{"type":"Point","coordinates":[-0.0271,51.5003]}},
{"type":"Feature","properties":{"lsoa":"E01032772","oa":"E00021547","left":-0.0254828,"bottom":51.4994,"right":-0.0230226,"top":51.5001,"EASTING":537190,"NORTHING":179720,"Latitude":51.4998,"Longitude":-0.0249,"in_cw":true,"whole_in_zone":true},"geometry":{"type":"Point","coordinates":[-0.0249,51.4998]}},
{"type":"Feature","properties":{"lsoa":"E01032781","oa":"E00021549","left":-0.0259201,"bottom":51.4979,"right":-0.0241517,"top":51.4998,"EASTING":537220,"NORTHING":179610,"Latitude":51.4988,"Longitude":-0.0245,"in_cw":true,"whole_in_zone":true},"geometry":{"type":"Point","coordinates":[-0.0245,51.4988]}},
{"type":"Feature","properties":{"lsoa":"E01032774","oa":"E00021550","left":-0.0228234,"bottom":51.4964,"right":-0.0193917,"top":51.4979,"EASTING":537450,"NORTHING":179430,"Latitude":51.4971,"Longitude":-0.0213,"in_cw":false,"whole_in_zone":true},"geometry":{"type":"Point","coordinates":[-0.0213,51.4971]}},
{"type":"Feature","properties":{"lsoa":"E01004280","oa":"E00021552","left":-0.0258605,"bottom":51.4968,"right":-0.0246087,"top":51.4977,"EASTING":537170,"NORTHING":179410,"Latitude":51.497,"Longitude":-0.0253,"in_cw":false,"whole_in_zone":true},"geometry":{"type":"Point","coordinates":[-0.0253,51.497]}},
{"type":"Feature","properties":{"lsoa":"E01004280","oa":"E00021553","left":-0.0258053,"bottom":51.4963,"right":-0.022804,"top":51.4976,"EASTING":537280,"NORTHING":179460,"Latitude":51.4974,"Longitude":-0.0237,"in_cw":false,"whole_in_zone":true},"geometry":{"type":"Point","coordinates":[-0.0237,51.4974]}},
{"type":"Feature","properties":{"lsoa":"E01004280","oa":"E00021554","left":-0.0257615,"bottom":51.4936,"right":-0.021432,"top":51.4964,"EASTING":537280,"NORTHING":179300,"Latitude":51.496,"Longitude":-0.0238,"in_cw":false,"whole_in_zone":true},"geometry":{"type":"Point","coordinates":[-0.0238,51.496]}},
{"type":"Feature","properties":{"lsoa":"E01004280","oa":"E00021555","left":-0.0271728,"bottom":51.4925,"right":-0.0246496,"top":51.4952,"EASTING":537140,"NORTHING":179010,"Latitude":51.4934,"Longitude":-0.0259,"in_cw":false,"whole_in_zone":true},"geometry":{"type":"Point","coordinates":[-0.0259,51.4934]}},
{"type":"Feature","properties":{"lsoa":"E01004281","oa":"E00021556","left":-0.0207899,"bottom":51.4924,"right":-0.0180892,"top":51.4933,"EASTING":537610,"NORTHING":178960,"Latitude":51.4928,"Longitude":-0.0192,"in_cw":false,"whole_in_zone":true},"geometry":{"type":"Point","coordinates":[-0.0192,51.4928]}},
{"type":"Feature","properties":{"lsoa":"E01004281","oa":"E00021557","left":-0.0176951,"bottom":51.4907,"right":-0.0148031,"top":51.4939,"EASTING":537820,"NORTHING":178880,"Latitude":51.4921,"Longitude":-0.0162,"in_cw":false,"whole_in_zone":true},"geometry":{"type":"Point","coordinates":[-0.0162,51.4921]}},
{"type":"Feature","properties":{"lsoa":"E01004286","oa":"E00021559","left":-0.0422207,"bottom":51.513,"right":-0.0366725,"top":51.5166,"EASTING":536150,"NORTHING":181350,"Latitude":51.5147,"Longitude":-0.0393,"in_cw":false,"whole_in_zone":true},"geometry":{"type":"Point","coordinates":[-0.0393,51.5147]}},
{"type":"Feature","properties":{"lsoa":"E01004288","oa":"E00021560","left":-0.04371,"bottom":51.5128,"right":-0.0396619,"top":51.5155,"EASTING":536020,"NORTHING":181290,"Latitude":51.5142,"Longitude":-0.0412,"in_cw":false,"whole_in_zone":true},"geometry":{"type":"Point","coordinates":[-0.0412,51.5142]}},
{"type":"Feature","properties":{"lsoa":"E01004290","oa":"E00021561","left":-0.0501137,"bottom":51.5207,"right":-0.045851,"top":51.5219,"EASTING":535530,"NORTHING":182070,"Latitude":51.5213,"Longitude":-0.0479,"in_cw":false,"whole_in_zone":true},"geometry":{"type":"Point","coordinates":[-0.0479,51.5213]}},
{"type":"Feature","properties":{"lsoa":"E01004283","oa":"E00021562","left":-0.0494398,"bottom":51.5183,"right":-0.0452259,"top":51.5206,"EASTING":535550,"NORTHING":181870,"Latitude":51.5195,"Longitude":-0.0477202,"in_cw":false,"whole_in_zone":true},"geometry":{"type":"Point","coordinates":[-0.04772,51.5195]}},
{"type":"Feature","properties":{"lsoa":"E01004286","oa":"E00021563","left":-0.0416702,"bottom":51.5126,"right":-0.036456,"top":51.5146,"EASTING":536120,"NORTHING":181230,"Latitude":51.5136,"Longitude":-0.0398,"in_cw":false,"whole_in_zone":true},"geometry":{"type":"Point","coordinates":[-0.0398,51.5136]}},
{"type":"Feature","properties":{"lsoa":"E01004289","oa":"E00021564","left":-0.0500701,"bottom":51.5138,"right":-0.0483613,"top":51.5157,"EASTING":535460,"NORTHING":181340,"Latitude":51.5148,"Longitude":-0.0492,"in_cw":false,"whole_in_zone":true},"geometry":{"type":"Point","coordinates":[-0.0492,51.5148]}},
{"type":"Feature","properties":{"lsoa":"E01004286","oa":"E00021565","left":-0.0383194,"bottom":51.5126,"right":-0.0353173,"top":51.5145,"EASTING":536360,"NORTHING":181270,"Latitude":51.5139,"Longitude":-0.0363,"in_cw":false,"whole_in_zone":true},"geometry":{"type":"Point","coordinates":[-0.0363,51.5139]}},
{"type":"Feature","properties":{"lsoa":"E01004289","oa":"E00021566","left":-0.0494779,"bottom":51.5132,"right":-0.0451422,"top":51.5149,"EASTING":535620,"NORTHING":181250,"Latitude":51.5139,"Longitude":-0.047,"in_cw":false,"whole_in_zone":true},"geometry":{"type":"Point","coordinates":[-0.047,51.5139]}},
{"type":"Feature","properties":{"lsoa":"E01004290","oa":"E00021567","left":-0.0483815,"bottom":51.52,"right":-0.0440596,"top":51.522,"EASTING":535650,"NORTHING":182040,"Latitude":51.521,"Longitude":-0.0462,"in_cw":false,"whole_in_zone":true},"geometry":{"type":"Point","coordinates":[-0.0462,51.521]}},
{"type":"Feature","properties":{"lsoa":"E01004290","oa":"E00021569","left":-0.0529854,"bottom":51.5193,"right":-0.0472789,"top":51.5211,"EASTING":535380,"NORTHING":181970,"Latitude":51.5204,"Longitude":-0.0501,"in_cw":false,"whole_in_zone":true},"geometry":{"type":"Point","coordinates":[-0.0501,51.5204]}},
{"type":"Feature","properties":{"lsoa":"E01004283","oa":"E00021572","left":-0.0512988,"bottom":51.5184,"right":-0.0494139,"top":51.5204,"EASTING":535380,"NORTHING":181870,"Latitude":51.5195,"Longitude":-0.0502,"in_cw":false,"whole_in_zone":true},"geometry":{"type":"Point","coordinates":[-0.0502,51.5195]}},
{"type":"Feature","properties":{"lsoa":"E01004283","oa":"E00021574","left":-0.0499979,"bottom":51.5186,"right":-0.0470558,"top":51.5204,"EASTING":535480,"NORTHING":181840,"Latitude":51.5192,"Longitude":-0.0487,"in_cw":false,"whole_in_zone":true},"geometry":{"type":"Point","coordinates":[-0.0487,51.5192]}},
{"type":"Feature","properties":{"lsoa":"E01004283","oa":"E00021577","left":-0.0465708,"bottom":51.5184,"right":-0.0450156,"top":51.5196,"EASTING":535680,"NORTHING":181830,"Latitude":51.5191,"Longitude":-0.0458631,"in_cw":false,"whole_in_zone":true},"geometry":{"type":"Point","coordinates":[-0.045863,51.5191]}},
{"type":"Feature","properties":{"lsoa":"E01004285","oa":"E00021579","left":-0.0422403,"bottom":51.5158,"right":-0.0376273,"top":51.5185,"EASTING":536150,"NORTHING":181590,"Latitude":51.5168,"Longitude":-0.0391859,"in_cw":false,"whole_in_zone":true},"geometry":{"type":"Point","coordinates":[-0.039186,51.5168]}},
{"type":"Feature","properties":{"lsoa":"E01004285","oa":"E00021580","left":-0.0427205,"bottom":51.5165,"right":-0.0387337,"top":51.5181,"EASTING":536120,"NORTHING":181660,"Latitude":51.5175,"Longitude":-0.0396,"in_cw":false,"whole_in_zone":true},"geometry":{"type":"Point","coordinates":[-0.0396,51.5175]}},
{"type":"Feature","properties":{"lsoa":"E01004286","oa":"E00021582","left":-0.0391722,"bottom":51.5143,"right":-0.0360503,"top":51.5162,"EASTING":536270,"NORTHING":181420,"Latitude":51.5153,"Longitude":-0.0375,"in_cw":false,"whole_in_zone":true},"geometry":{"type":"Point","coordinates":[-0.0375,51.5153]}},
{"type":"Feature","properties":{"lsoa":"E01004289","oa":"E00021583","left":-0.0498604,"bottom":51.5145,"right":-0.0473694,"top":51.5169,"EASTING":535550,"NORTHING":181410,"Latitude":51.5154,"Longitude":-0.0479,"in_cw":false,"whole_in_zone":true},"geometry":{"type":"Point","coordinates":[-0.0479,51.5154]}},
{"type":"Feature","properties":{"lsoa":"E01004288","oa":"E00021584","left":-0.0434939,"bottom":51.5135,"right":-0.0405362,"top":51.5168,"EASTING":535930,"NORTHING":181360,"Latitude":51.5148,"Longitude":-0.0424,"in_cw":false,"whole_in_zone":true},"geometry":{"type":"Point","coordinates":[-0.0424,51.5148]}},
{"type":"Feature","properties":{"lsoa":"E01004285","oa":"E00021585","left":-0.0396953,"bottom":51.5153,"right":-0.0368109,"top":51.5178,"EASTING":536220,"NORTHING":181560,"Latitude":51.5165,"Longitude":-0.0382,"in_cw":false,"whole_in_zone":true},"geometry":{"type":"Point","coordinates":[-0.0382,51.5165]}},
{"type":"Feature","properties":{"lsoa":"E01004287","oa":"E00021586","left":-0.0505884,"bottom":51.5146,"right":-0.0487155,"top":51.5166,"EASTING":535420,"NORTHING":181410,"Latitude":51.5154,"Longitude":-0.0498,"in_cw":false,"whole_in_zone":true},"geometry":{"type":"Point","coordinates":[-0.0498,51.5154]}},
{"type":"Feature","properties":{"lsoa":"E01004288","oa":"E00021587","left":-0.045651,"bottom":51.5145,"right":-0.0428023,"top":51.5168,"EASTING":535790,"NORTHING":181390,"Latitude":51.5151,"Longitude":-0.044448,"in_cw":false,"whole_in_zone":true},"geometry":{"type":"Point","coordinates":[-0.044448,51.5151]}},
{"type":"Feature","properties":{"lsoa":"E01004287","oa":"E00021588","left":-0.0517022,"bottom":51.5149,"right":-0.0498772,"top":51.5164,"EASTING":535350,"NORTHING":181420,"Latitude":51.5155,"Longitude":-0.0508,"in_cw":false,"whole_in_zone":true},"geometry":{"type":"Point","coordinates":[-0.0508,51.5155]}},
{"type":"Feature","properties":{"lsoa":"E01004287","oa":"E00021590","left":-0.0531878,"bottom":51.5147,"right":-0.050681,"top":51.5163,"EASTING":535250,"NORTHING":181410,"Latitude":51.5154,"Longitude":-0.0522,"in_cw":false,"whole_in_zone":true},"geometry":{"type":"Point","coordinates":[-0.0522,51.5154]}},
{"type":"Feature","properties":{"lsoa":"E01004288","oa":"E00021591","left":-0.0447014,"bottom":51.5137,"right":-0.0431892,"top":51.5154,"EASTING":535850,"NORTHING":181390,"Latitude":51.5151,"Longitude":-0.0436,"in_cw":false,"whole_in_zone":true},"geometry":{"type":"Point","coordinates":[-0.0436,51.5151]}},
{"type":"Feature","properties":{"lsoa":"E01004289","oa":"E00021592","left":-0.0475628,"bottom":51.5144,"right":-0.0450564,"top":51.5163,"EASTING":535650,"NORTHING":181420,"Latitude":51.5154,"Longitude":-0.0465,"in_cw":false,"whole_in_zone":true},"geometry":{"type":"Point","coordinates":[-0.0465,51.5154]}},
{"type":"Feature","properties":{"lsoa":"E01004287","oa":"E00021593","left":-0.0532443,"bottom":51.5136,"right":-0.0493959,"top":51.515,"EASTING":535340,"NORTHING":181310,"Latitude":51.5145,"Longitude":-0.051,"in_cw":false,"whole_in_zone":true},"geometry":{"type":"Point","coordinates":[-0.051,51.5145]}},
{"type":"Feature","properties":{"lsoa":"E01004289","oa":"E00021594","left":-0.0469888,"bottom":51.5132,"right":-0.0435791,"top":51.5149,"EASTING":535760,"NORTHING":181260,"Latitude":51.514,"Longitude":-0.0449,"in_cw":false,"whole_in_zone":true},"geometry":{"type":"Point","coordinates":[-0.0449,51.514]}},
{"type":"Feature","properties":{"lsoa":"E01004294","oa":"E00021595","left":-0.0710769,"bottom":51.5086,"right":-0.0683549,"top":51.5103,"EASTING":534080,"NORTHING":180710,"Latitude":51.5094,"Longitude":-0.0693,"in_cw":false,"whole_in_zone":true},"geometry":{"type":"Point","coordinates":[-0.0693,51.5094]}},
{"type":"Feature","properties":{"lsoa":"E01004297","oa":"E00021596","left":-0.0568558,"bottom":51.5057,"right":-0.0546494,"top":51.5097,"EASTING":535040,"NORTHING":180550,"Latitude":51.5078,"Longitude":-0.0556,"in_cw":false,"whole_in_zone":true},"geometry":{"type":"Point","coordinates":[-0.0556,51.5078]}},
{"type":"Feature","properties":{"lsoa":"E01004296","oa":"E00021597","left":-0.0581614,"bottom":51.5057,"right":-0.0554635,"top":51.5068,"EASTING":534920,"NORTHING":180370,"Latitude":51.5062,"Longitude":-0.0573682,"in_cw":false,"whole_in_zone":true},"geometry":{"type":"Point","coordinates":[-0.057368,51.5062]}},
{"type":"Feature","properties":{"lsoa":"E01004292","oa":"E00021598","left":-0.0663047,"bottom":51.5047,"right":-0.0616902,"top":51.5061,"EASTING":534490,"NORTHING":180310,"Latitude":51.5057,"Longitude":-0.0636,"in_cw":false,"whole_in_zone":true},"geometry":{"type":"Point","coordinates":[-0.0636,51.5057]}},
{"type":"Feature","properties":{"lsoa":"E01004292","oa":"E00021599","left":-0.0659942,"bottom":51.5037,"right":-0.0626806,"top":51.5058,"EASTING":534500,"NORTHING":180130,"Latitude":51.5041,"Longitude":-0.0635,"in_cw":false,"whole_in_zone":true},"geometry":{"type":"Point","coordinates":[-0.0635,51.5041]}},
{"type":"Feature","properties":{"lsoa":"E01004292","oa":"E00021600","left":-0.0632721,"bottom":51.5042,"right":-0.059322,"top":51.5076,"EASTING":534650,"NORTHING":180370,"Latitude":51.5062,"Longitude":-0.0613,"in_cw":false,"whole_in_zone":true},"geometry":{"type":"Point","coordinates":[-0.0613,51.5062]}},
{"type":"Feature","properties":{"lsoa":"E01004297","oa":"E00021601","left":-0.0561716,"bottom":51.5036,"right":-0.0522531,"top":51.5064,"EASTING":535090,"NORTHING":180290,"Latitude":51.5054,"Longitude":-0.055,"in_cw":false,"whole_in_zone":true},"geometry":{"type":"Point","coordinates":[-0.055,51.5054]}},
{"type":"Feature","properties":{"lsoa":"E01004292","oa":"E00021602","left":-0.0667497,"bottom":51.5059,"right":-0.0621384,"top":51.5069,"EASTING":534440,"NORTHING":180380,"Latitude":51.5064,"Longitude":-0.0643,"in_cw":false,"whole_in_zone":true},"geometry":{"type":"Point","coordinates":[-0.0643,51.5064]}},
{"type":"Feature","properties":{"lsoa":"E01004297","oa":"E00021603","left":-0.0544043,"bottom":51.5054,"right":-0.0531156,"top":51.5062,"EASTING":535170,"NORTHING":180360,"Latitude":51.506,"Longitude":-0.0538,"in_cw":false,"whole_in_zone":true},"geometry":{"type":"Point","coordinates":[-0.0538,51.506]}},
{"type":"Feature","properties":{"lsoa":"E01004291","oa":"E00021604","left":-0.0614314,"bottom":51.5046,"right":-0.0577654,"top":51.5062,"EASTING":534840,"NORTHING":180230,"Latitude":51.5049,"Longitude":-0.0586,"in_cw":false,"whole_in_zone":true},"geometry":{"type":"Point","coordinates":[-0.0586,51.5049]}},
{"type":"Feature","properties":{"lsoa":"E01004293","oa":"E00021605","left":-0.0707876,"bottom":51.5052,"right":-0.0673326,"top":51.507,"EASTING":534080,"NORTHING":180350,"Latitude":51.5062,"Longitude":-0.0695,"in_cw":false,"whole_in_zone":true},"geometry":{"type":"Point","coordinates":[-0.0695,51.5062]}},
{"type":"Feature","properties":{"lsoa":"E01004291","oa":"E00021606","left":-0.0650168,"bottom":51.5019,"right":-0.0607603,"top":51.5045,"EASTING":534540,"NORTHING":180080,"Latitude":51.5036,"Longitude":-0.063,"in_cw":false,"whole_in_zone":true},"geometry":{"type":"Point","coordinates":[-0.063,51.5036]}},
{"type":"Feature","properties":{"lsoa":"E01004296","oa":"E00021607","left":-0.057887,"bottom":51.5048,"right":-0.0554318,"top":51.5064,"EASTING":534990,"NORTHING":180310,"Latitude":51.5056,"Longitude":-0.0564,"in_cw":false,"whole_in_zone":true},"geometry":{"type":"Point","coordinates":[-0.0564,51.5056]}},
{"type":"Feature","properties":{"lsoa":"E01004293","oa":"E00021608","left":-0.0696929,"bottom":51.5051,"right":-0.0682393,"top":51.5058,"EASTING":534130,"NORTHING":180260,"Latitude":51.5054,"Longitude":-0.0688,"in_cw":false,"whole_in_zone":true},"geometry":{"type":"Point","coordinates":[-0.0688,51.5054]}},
{"type":"Feature","properties":{"lsoa":"E01004291","oa":"E00021610","left":-0.0614796,"bottom":51.5031,"right":-0.0582692,"top":51.5048,"EASTING":534760,"NORTHING":180120,"Latitude":51.504,"Longitude":-0.0598,"in_cw":false,"whole_in_zone":true},"geometry":{"type":"Point","coordinates":[-0.0598,51.504]}},
{"type":"Feature","properties":{"lsoa":"E01004293","oa":"E00021611","left":-0.0671308,"bottom":51.5023,"right":-0.0639974,"top":51.5052,"EASTING":534370,"NORTHING":180150,"Latitude":51.5043,"Longitude":-0.0654,"in_cw":false,"whole_in_zone":true},"geometry":{"type":"Point","coordinates":[-0.0654,51.5043]}},
{"type":"Feature","properties":{"lsoa":"E01004291","oa":"E00021612","left":-0.0569796,"bottom":51.5027,"right":-0.0534137,"top":51.5052,"EASTING":535010,"NORTHING":180190,"Latitude":51.5045,"Longitude":-0.0561411,"in_cw":false,"whole_in_zone":true},"geometry":{"type":"Point","coordinates":[-0.056141,51.5045]}},
{"type":"Feature","properties":{"lsoa":"E01004291","oa":"E00021613","left":-0.0578782,"bottom":51.5037,"right":-0.0563872,"top":51.5047,"EASTING":534940,"NORTHING":180160,"Latitude":51.5043,"Longitude":-0.0572,"in_cw":false,"whole_in_zone":true},"geometry":{"type":"Point","coordinates":[-0.0572,51.5043]}},
{"type":"Feature","properties":{"lsoa":"E01004291","oa":"E00021614","left":-0.0595124,"bottom":51.5018,"right":-0.055098,"top":51.505,"EASTING":534880,"NORTHING":180130,"Latitude":51.504,"Longitude":-0.058,"in_cw":false,"whole_in_zone":true},"geometry":{"type":"Point","coordinates":[-0.058,51.504]}},
{"type":"Feature","properties":{"lsoa":"E01004291","oa":"E00021615","left":-0.0620341,"bottom":51.5017,"right":-0.0582991,"top":51.5037,"EASTING":534690,"NORTHING":180030,"Latitude":51.5032,"Longitude":-0.0608099,"in_cw":false,"whole_in_zone":true},"geometry":{"type":"Point","coordinates":[-0.06081,51.5032]}},
{"type":"Feature","properties":{"lsoa":"E01004295","oa":"E00021616","left":-0.0634548,"bottom":51.5093,"right":-0.0605138,"top":51.5115,"EASTING":534640,"NORTHING":180810,"Latitude":51.5102,"Longitude":-0.0612,"in_cw":false,"whole_in_zone":true},"geometry":{"type":"Point","coordinates":[-0.0612,51.5102]}},
{"type":"Feature","properties":{"lsoa":"E01004294","oa":"E00021617","left":-0.0688741,"bottom":51.5093,"right":-0.0657522,"top":51.5112,"EASTING":534230,"NORTHING":180850,"Latitude":51.5106,"Longitude":-0.0671,"in_cw":false,"whole_in_zone":true},"geometry":{"type":"Point","coordinates":[-0.0671,51.5106]}},
{"type":"Feature","properties":{"lsoa":"E01004295","oa":"E00021618","left":-0.064796,"bottom":51.5103,"right":-0.063475,"top":51.5109,"EASTING":534420,"NORTHING":180860,"Latitude":51.5107,"Longitude":-0.0644,"in_cw":false,"whole_in_zone":true},"geometry":{"type":"Point","coordinates":[-0.0644,51.5107]}},
{"type":"Feature","properties":{"lsoa":"E01004295","oa":"E00021619","left":-0.066326,"bottom":51.5103,"right":-0.0625478,"top":51.5114,"EASTING":534380,"NORTHING":180840,"Latitude":51.5105,"Longitude":-0.0649652,"in_cw":false,"whole_in_zone":true},"geometry":{"type":"Point","coordinates":[-0.064965,51.5105]}},
{"type":"Feature","properties":{"lsoa":"E01004294","oa":"E00021620","left":-0.0737879,"bottom":51.5089,"right":-0.0685419,"top":51.5111,"EASTING":534030,"NORTHING":180800,"Latitude":51.5102,"Longitude":-0.07,"in_cw":false,"whole_in_zone":true},"geometry":{"type":"Point","coordinates":[-0.07,51.5102]}},
{"type":"Feature","properties":{"lsoa":"E01004295","oa":"E00021621","left":-0.0658889,"bottom":51.5093,"right":-0.0614983,"top":51.5109,"EASTING":534490,"NORTHING":180830,"Latitude":51.5104,"Longitude":-0.0634,"in_cw":false,"whole_in_zone":true},"geometry":{"type":"Point","coordinates":[-0.0634,51.5104]}},
{"type":"Feature","properties":{"lsoa":"E01004292","oa":"E00021622","left":-0.0643692,"bottom":51.5068,"right":-0.060676,"top":51.5088,"EASTING":534500,"NORTHING":180460,"Latitude":51.5071,"Longitude":-0.0634,"in_cw":false,"whole_in_zone":true},"geometry":{"type":"Point","coordinates":[-0.0634,51.5071]}},
{"type":"Feature","properties":{"lsoa":"E01004294","oa":"E00021623","left":-0.0700477,"bottom":51.5094,"right":-0.0689928,"top":51.5107,"EASTING":534060,"NORTHING":180780,"Latitude":51.5101,"Longitude":-0.0696,"in_cw":false,"whole_in_zone":true},"geometry":{"type":"Point","coordinates":[-0.0696,51.5101]}},
{"type":"Feature","properties":{"lsoa":"E01004294","oa":"E00021624","left":-0.0731746,"bottom":51.5075,"right":-0.0690823,"top":51.5102,"EASTING":534020,"NORTHING":180620,"Latitude":51.5086,"Longitude":-0.0702,"in_cw":false,"whole_in_zone":true},"geometry":{"type":"Point","coordinates":[-0.0702,51.5086]}},
{"type":"Feature","properties":{"lsoa":"E01004294","oa":"E00021625","left":-0.0691847,"bottom":51.5074,"right":-0.060034,"top":51.5109,"EASTING":534390,"NORTHING":180670,"Latitude":51.509,"Longitude":-0.0649,"in_cw":false,"whole_in_zone":true},"geometry":{"type":"Point","coordinates":[-0.0649,51.509]}},
{"type":"Feature","properties":{"lsoa":"E01004293","oa":"E00021626","left":-0.0709575,"bottom":51.5062,"right":-0.0673514,"top":51.5083,"EASTING":534160,"NORTHING":180440,"Latitude":51.507,"Longitude":-0.0683,"in_cw":false,"whole_in_zone":true},"geometry":{"type":"Point","coordinates":[-0.0683,51.507]}},
{"type":"Feature","properties":{"lsoa":"E01004296","oa":"E00021627","left":-0.0609211,"bottom":51.5062,"right":-0.0567962,"top":51.5097,"EASTING":534810,"NORTHING":180550,"Latitude":51.5078,"Longitude":-0.0589,"in_cw":false,"whole_in_zone":true},"geometry":{"type":"Point","coordinates":[-0.0589,51.5078]}},
{"type":"Feature","properties":{"lsoa":"E01004293","oa":"E00021628","left":-0.0802017,"bottom":51.5045,"right":-0.0696864,"top":51.5105,"EASTING":533900,"NORTHING":180490,"Latitude":51.5075,"Longitude":-0.072,"in_cw":false,"whole_in_zone":true},"geometry":{"type":"Point","coordinates":[-0.072,51.5075]}},
{"type":"Feature","properties":{"lsoa":"E01004297","oa":"E00021629","left":-0.0550872,"bottom":51.5057,"right":-0.0463984,"top":51.5082,"EASTING":535250,"NORTHING":180520,"Latitude":51.5074,"Longitude":-0.0526,"in_cw":false,"whole_in_zone":true},"geometry":{"type":"Point","coordinates":[-0.0526,51.5074]}},
{"type":"Feature","properties":{"lsoa":"E01004296","oa":"E00021630","left":-0.0586536,"bottom":51.5048,"right":-0.0551561,"top":51.5078,"EASTING":534970,"NORTHING":180430,"Latitude":51.5067,"Longitude":-0.0566253,"in_cw":false,"whole_in_zone":true},"geometry":{"type":"Point","coordinates":[-0.056625,51.5067]}},
{"type":"Feature","properties":{"lsoa":"E01004297","oa":"E00021631","left":-0.054982,"bottom":51.5068,"right":-0.0526314,"top":51.5075,"EASTING":535150,"NORTHING":180490,"Latitude":51.5072,"Longitude":-0.0540104,"in_cw":false,"whole_in_zone":true},"geometry":{"type":"Point","coordinates":[-0.05401,51.5072]}},
{"type":"Feature","properties":{"lsoa":"E01004292","oa":"E00021632","left":-0.0652533,"bottom":51.5065,"right":-0.061849,"top":51.5076,"EASTING":534430,"NORTHING":180460,"Latitude":51.5071,"Longitude":-0.0644,"in_cw":false,"whole_in_zone":true},"geometry":{"type":"Point","coordinates":[-0.0644,51.5071]}},
{"type":"Feature","properties":{"lsoa":"E01004297","oa":"E00021633","left":-0.0541766,"bottom":51.5042,"right":-0.0496489,"top":51.5073,"EASTING":535290,"NORTHING":180440,"Latitude":51.5067,"Longitude":-0.052,"in_cw":false,"whole_in_zone":true},"geometry":{"type":"Point","coordinates":[-0.052,51.5067]}},
{"type":"Feature","properties":{"lsoa":"E01004297","oa":"E00021634","left":-0.0549178,"bottom":51.5055,"right":-0.0522085,"top":51.5072,"EASTING":535180,"NORTHING":180430,"Latitude":51.5066,"Longitude":-0.0536,"in_cw":false,"whole_in_zone":true},"geometry":{"type":"Point","coordinates":[-0.0536,51.5066]}},
{"type":"Feature","properties":{"lsoa":"E01004293","oa":"E00021635","left":-0.068387,"bottom":51.5063,"right":-0.0648865,"top":51.5082,"EASTING":534330,"NORTHING":180450,"Latitude":51.507,"Longitude":-0.0658,"in_cw":false,"whole_in_zone":true},"geometry":{"type":"Point","coordinates":[-0.0658,51.507]}},
{"type":"Feature","properties":{"lsoa":"E01004296","oa":"E00021636","left":-0.0608837,"bottom":51.506,"right":-0.0591701,"top":51.5072,"EASTING":534760,"NORTHING":180410,"Latitude":51.5066,"Longitude":-0.0597,"in_cw":false,"whole_in_zone":true},"geometry":{"type":"Point","coordinates":[-0.0597,51.5066]}},
{"type":"Feature","properties":{"lsoa":"E01004304","oa":"E00021637","left":-0.0606995,"bottom":51.5123,"right":-0.056761,"top":51.5136,"EASTING":534800,"NORTHING":181090,"Latitude":51.5127,"Longitude":-0.0588,"in_cw":false,"whole_in_zone":true},"geometry":{"type":"Point","coordinates":[-0.0588,51.5127]}},
{"type":"Feature","properties":{"lsoa":"E01004304","oa":"E00021639","left":-0.0605395,"bottom":51.5117,"right":-0.0579645,"top":51.5125,"EASTING":534760,"NORTHING":181020,"Latitude":51.512,"Longitude":-0.0594,"in_cw":false,"whole_in_zone":true},"geometry":{"type":"Point","coordinates":[-0.0594,51.512]}},
{"type":"Feature","properties":{"lsoa":"E01004300","oa":"E00021640","left":-0.0526179,"bottom":51.5097,"right":-0.0503598,"top":51.5109,"EASTING":535340,"NORTHING":180810,"Latitude":51.51,"Longitude":-0.0512,"in_cw":false,"whole_in_zone":true},"geometry":{"type":"Point","coordinates":[-0.0512,51.51]}},
{"type":"Feature","properties":{"lsoa":"E01004298","oa":"E00021641","left":-0.0550377,"bottom":51.5114,"right":-0.0498664,"top":51.514,"EASTING":535220,"NORTHING":181090,"Latitude":51.5126,"Longitude":-0.0528,"in_cw":false,"whole_in_zone":true},"geometry":{"type":"Point","coordinates":[-0.0528,51.5126]}},
{"type":"Feature","properties":{"lsoa":"E01004303","oa":"E00021642","left":-0.0536513,"bottom":51.5105,"right":-0.0516438,"top":51.512,"EASTING":535240,"NORTHING":180950,"Latitude":51.5113,"Longitude":-0.0525,"in_cw":false,"whole_in_zone":true},"geometry":{"type":"Point","coordinates":[-0.0525,51.5113]}},
{"type":"Feature","properties":{"lsoa":"E01004300","oa":"E00021643","left":-0.0521141,"bottom":51.5107,"right":-0.050206,"top":51.512,"EASTING":535300,"NORTHING":180950,"Latitude":51.5113,"Longitude":-0.0517,"in_cw":false,"whole_in_zone":true},"geometry":{"type":"Point","coordinates":[-0.0517,51.5113]}},
{"type":"Feature","properties":{"lsoa":"E01004300","oa":"E00021644","left":-0.0506292,"bottom":51.5098,"right":-0.0469066,"top":51.5111,"EASTING":535540,"NORTHING":180890,"Latitude":51.5107,"Longitude":-0.0482,"in_cw":false,"whole_in_zone":true},"geometry":{"type":"Point","coordinates":[-0.0482,51.5107]}},
{"type":"Feature","properties":{"lsoa":"E01004298","oa":"E00021646","left":-0.0554527,"bottom":51.5121,"right":-0.0535484,"top":51.513,"EASTING":535110,"NORTHING":181090,"Latitude":51.5126,"Longitude":-0.0544,"in_cw":false,"whole_in_zone":true},"geometry":{"type":"Point","coordinates":[-0.0544,51.5126]}},
{"type":"Feature","properties":{"lsoa":"E01004303","oa":"E00021648","left":-0.0552741,"bottom":51.5081,"right":-0.0522861,"top":51.5093,"EASTING":535120,"NORTHING":180690,"Latitude":51.509,"Longitude":-0.0544,"in_cw":false,"whole_in_zone":true},"geometry":{"type":"Point","coordinates":[-0.0544,51.509]}},
{"type":"Feature","properties":{"lsoa":"E01004301","oa":"E00021649","left":-0.0587297,"bottom":51.5096,"right":-0.0561706,"top":51.5112,"EASTING":534910,"NORTHING":180820,"Latitude":51.5102,"Longitude":-0.0573,"in_cw":false,"whole_in_zone":true},"geometry":{"type":"Point","coordinates":[-0.0573,51.5102]}},
{"type":"Feature","properties":{"lsoa":"E01004301","oa":"E00021650","left":-0.0610081,"bottom":51.5094,"right":-0.0581904,"top":51.5111,"EASTING":534710,"NORTHING":180880,"Latitude":51.5108,"Longitude":-0.0602,"in_cw":false,"whole_in_zone":true},"geometry":{"type":"Point","coordinates":[-0.0602,51.5108]}},
{"type":"Feature","properties":{"lsoa":"E01032769","oa":"E00021651","left":-0.044712,"bottom":51.5083,"right":-0.0415726,"top":51.5107,"EASTING":535920,"NORTHING":180830,"Latitude":51.5101,"Longitude":-0.0428,"in_cw":false,"whole_in_zone":true},"geometry":{"type":"Point","coordinates":[-0.0428,51.5101]}},
{"type":"Feature","properties":{"lsoa":"E01004303","oa":"E00021652","left":-0.0470643,"bottom":51.5075,"right":-0.0446698,"top":51.5108,"EASTING":535680,"NORTHING":180810,"Latitude":51.5099,"Longitude":-0.0463,"in_cw":false,"whole_in_zone":true},"geometry":{"type":"Point","coordinates":[-0.0463,51.5099]}},
{"type":"Feature","properties":{"lsoa":"E01004302","oa":"E00021653","left":-0.0566595,"bottom":51.5099,"right":-0.0546254,"top":51.5111,"EASTING":535070,"NORTHING":180830,"Latitude":51.5103,"Longitude":-0.055,"in_cw":false,"whole_in_zone":true},"geometry":{"type":"Point","coordinates":[-0.055,51.5103]}},
{"type":"Feature","properties":{"lsoa":"E01004300","oa":"E00021654","left":-0.0495088,"bottom":51.5101,"right":-0.0474106,"top":51.5108,"EASTING":535530,"NORTHING":180850,"Latitude":51.5103,"Longitude":-0.0484,"in_cw":false,"whole_in_zone":true},"geometry":{"type":"Point","coordinates":[-0.0484,51.5103]}},
{"type":"Feature","properties":{"lsoa":"E01004301","oa":"E00021655","left":-0.0568548,"bottom":51.5096,"right":-0.0545463,"top":51.5108,"EASTING":535040,"NORTHING":180830,"Latitude":51.5103,"Longitude":-0.0555,"in_cw":false,"whole_in_zone":true},"geometry":{"type":"Point","coordinates":[-0.0555,51.5103]}},
{"type":"Feature","properties":{"lsoa":"E01004303","oa":"E00021656","left":-0.0552902,"bottom":51.5075,"right":-0.046468,"top":51.5111,"EASTING":535220,"NORTHING":180810,"Latitude":51.51,"Longitude":-0.0529,"in_cw":false,"whole_in_zone":true},"geometry":{"type":"Point","coordinates":[-0.0529,51.51]}},
{"type":"Feature","properties":{"lsoa":"E01032769","oa":"E00021657","left":-0.0454746,"bottom":51.5081,"right":-0.0431049,"top":51.5106,"EASTING":535830,"NORTHING":180830,"Latitude":51.5101,"Longitude":-0.0441,"in_cw":false,"whole_in_zone":true},"geometry":{"type":"Point","coordinates":[-0.0441,51.5101]}},
{"type":"Feature","properties":{"lsoa":"E01032768","oa":"E00021658","left":-0.0396472,"bottom":51.5086,"right":-0.0360486,"top":51.5106,"EASTING":536230,"NORTHING":180800,"Latitude":51.5097,"Longitude":-0.0383,"in_cw":false,"whole_in_zone":true},"geometry":{"type":"Point","coordinates":[-0.0383,51.5097]}},
{"type":"Feature","properties":{"lsoa":"E01004304","oa":"E00021659","left":-0.0619007,"bottom":51.5129,"right":-0.0585938,"top":51.5147,"EASTING":534640,"NORTHING":181230,"Latitude":51.514,"Longitude":-0.0611,"in_cw":false,"whole_in_zone":true},"geometry":{"type":"Point","coordinates":[-0.0611,51.514]}},
{"type":"Feature","properties":{"lsoa":"E01004304","oa":"E00021660","left":-0.0594843,"bottom":51.5128,"right":-0.0567391,"top":51.5146,"EASTING":534890,"NORTHING":181210,"Latitude":51.5137,"Longitude":-0.0575,"in_cw":false,"whole_in_zone":true},"geometry":{"type":"Point","coordinates":[-0.0575,51.5137]}},
{"type":"Feature","properties":{"lsoa":"E01004298","oa":"E00021661","left":-0.0569162,"bottom":51.513,"right":-0.0518515,"top":51.5144,"EASTING":535030,"NORTHING":181200,"Latitude":51.5136,"Longitude":-0.0555,"in_cw":false,"whole_in_zone":true},"geometry":{"type":"Point","coordinates":[-0.0555,51.5136]}},
{"type":"Feature","properties":{"lsoa":"E01004305","oa":"E00021662","left":-0.0517425,"bottom":51.512,"right":-0.0460638,"top":51.514,"EASTING":535520,"NORTHING":181130,"Latitude":51.5128,"Longitude":-0.0484,"in_cw":false,"whole_in_zone":true},"geometry":{"type":"Point","coordinates":[-0.0484,51.5128]}},
{"type":"Feature","properties":{"lsoa":"E01004298","oa":"E00021663","left":-0.0560182,"bottom":51.5132,"right":-0.0555331,"top":51.5139,"EASTING":535010,"NORTHING":181200,"Latitude":51.5136,"Longitude":-0.0558,"in_cw":false,"whole_in_zone":true},"geometry":{"type":"Point","coordinates":[-0.0558,51.5136]}},
{"type":"Feature","properties":{"lsoa":"E01004305","oa":"E00021665","left":-0.0475796,"bottom":51.512,"right":-0.0443429,"top":51.5133,"EASTING":535730,"NORTHING":181130,"Latitude":51.5128,"Longitude":-0.0454,"in_cw":false,"whole_in_zone":true},"geometry":{"type":"Point","coordinates":[-0.0454,51.5128]}},
{"type":"Feature","properties":{"lsoa":"E01032769","oa":"E00021666","left":-0.0437195,"bottom":51.5107,"right":-0.0384052,"top":51.5132,"EASTING":536120,"NORTHING":181060,"Latitude":51.5121,"Longitude":-0.0398,"in_cw":false,"whole_in_zone":true},"geometry":{"type":"Point","coordinates":[-0.0398,51.5121]}},
{"type":"Feature","properties":{"lsoa":"E01004302","oa":"E00021667","left":-0.0550456,"bottom":51.5108,"right":-0.05256,"top":51.5121,"EASTING":535140,"NORTHING":180950,"Latitude":51.5113,"Longitude":-0.054,"in_cw":false,"whole_in_zone":true},"geometry":{"type":"Point","coordinates":[-0.054,51.5113]}},
{"type":"Feature","properties":{"lsoa":"E01004305","oa":"E00021668","left":-0.050849,"bottom":51.5111,"right":-0.0484454,"top":51.5128,"EASTING":535470,"NORTHING":181040,"Latitude":51.5121,"Longitude":-0.0492,"in_cw":false,"whole_in_zone":true},"geometry":{"type":"Point","coordinates":[-0.0492,51.5121]}},
{"type":"Feature","properties":{"lsoa":"E01004304","oa":"E00021669","left":-0.0614474,"bottom":51.5111,"right":-0.0595143,"top":51.5129,"EASTING":534650,"NORTHING":181050,"Latitude":51.5123,"Longitude":-0.061,"in_cw":false,"whole_in_zone":true},"geometry":{"type":"Point","coordinates":[-0.061,51.5123]}},
{"type":"Feature","properties":{"lsoa":"E01004305","oa":"E00021670","left":-0.0503598,"bottom":51.5107,"right":-0.0462384,"top":51.512,"EASTING":535540,"NORTHING":180990,"Latitude":51.5116,"Longitude":-0.0482,"in_cw":false,"whole_in_zone":true},"geometry":{"type":"Point","coordinates":[-0.0482,51.5116]}},
{"type":"Feature","properties":{"lsoa":"E01004301","oa":"E00021671","left":-0.0610207,"bottom":51.5111,"right":-0.0566485,"top":51.5126,"EASTING":534810,"NORTHING":180940,"Latitude":51.5113,"Longitude":-0.0587,"in_cw":false,"whole_in_zone":true},"geometry":{"type":"Point","coordinates":[-0.0587,51.5113]}},
{"type":"Feature","properties":{"lsoa":"E01004306","oa":"E00021672","left":-0.0716446,"bottom":51.5179,"right":-0.0684873,"top":51.5194,"EASTING":534060,"NORTHING":181710,"Latitude":51.5184,"Longitude":-0.0692431,"in_cw":false,"whole_in_zone":true},"geometry":{"type":"Point","coordinates":[-0.069243,51.5184]}},
{"type":"Feature","properties":{"lsoa":"E01004310","oa":"E00021673","left":-0.073706,"bottom":51.5164,"right":-0.0707236,"top":51.5182,"EASTING":533860,"NORTHING":181600,"Latitude":51.5175,"Longitude":-0.0722,"in_cw":false,"whole_in_zone":true},"geometry":{"type":"Point","coordinates":[-0.0722,51.5175]}},
{"type":"Feature","properties":{"lsoa":"E01004310","oa":"E00021674","left":-0.0760534,"bottom":51.5158,"right":-0.073809,"top":51.5174,"EASTING":533720,"NORTHING":181480,"Latitude":51.5164,"Longitude":-0.0742,"in_cw":false,"whole_in_zone":true},"geometry":{"type":"Point","coordinates":[-0.0742,51.5164]}},
{"type":"Feature","properties":{"lsoa":"E01004309","oa":"E00021675","left":-0.0656588,"bottom":51.5191,"right":-0.06341,"top":51.5205,"EASTING":534380,"NORTHING":181850,"Latitude":51.5196,"Longitude":-0.0646,"in_cw":false,"whole_in_zone":true},"geometry":{"type":"Point","coordinates":[-0.0646,51.5196]}},
{"type":"Feature","properties":{"lsoa":"E01004307","oa":"E00021676","left":-0.0763,"bottom":51.5202,"right":-0.0744681,"top":51.5216,"EASTING":533630,"NORTHING":181970,"Latitude":51.5208,"Longitude":-0.0753,"in_cw":false,"whole_in_zone":true},"geometry":{"type":"Point","coordinates":[-0.0753,51.5208]}},
{"type":"Feature","properties":{"lsoa":"E01004308","oa":"E00021677","left":-0.0692451,"bottom":51.5202,"right":-0.0665639,"top":51.5218,"EASTING":534110,"NORTHING":181960,"Latitude":51.5206,"Longitude":-0.0684,"in_cw":false,"whole_in_zone":true},"geometry":{"type":"Point","coordinates":[-0.0684,51.5206]}},
{"type":"Feature","properties":{"lsoa":"E01004308","oa":"E00021678","left":-0.0674029,"bottom":51.5197,"right":-0.0636057,"top":51.5216,"EASTING":534290,"NORTHING":181980,"Latitude":51.5208,"Longitude":-0.0658,"in_cw":false,"whole_in_zone":true},"geometry":{"type":"Point","coordinates":[-0.0658,51.5208]}},
{"type":"Feature","properties":{"lsoa":"E01004308","oa":"E00021679","left":-0.0678134,"bottom":51.5194,"right":-0.0667321,"top":51.5203,"EASTING":534170,"NORTHING":181870,"Latitude":51.5198,"Longitude":-0.0676,"in_cw":false,"whole_in_zone":true},"geometry":{"type":"Point","coordinates":[-0.0676,51.5198]}},
{"type":"Feature","properties":{"lsoa":"E01004306","oa":"E00021680","left":-0.0745259,"bottom":51.5188,"right":-0.0692467,"top":51.5203,"EASTING":533880,"NORTHING":181850,"Latitude":51.5197,"Longitude":-0.0718,"in_cw":false,"whole_in_zone":true},"geometry":{"type":"Point","coordinates":[-0.0718,51.5197]}},
{"type":"Feature","properties":{"lsoa":"E01004307","oa":"E00021681","left":-0.075745,"bottom":51.5193,"right":-0.0717156,"top":51.5221,"EASTING":533670,"NORTHING":181980,"Latitude":51.5209,"Longitude":-0.0748,"in_cw":false,"whole_in_zone":true},"geometry":{"type":"Point","coordinates":[-0.0748,51.5209]}},
{"type":"Feature","properties":{"lsoa":"E01004308","oa":"E00021682","left":-0.0680254,"bottom":51.5182,"right":-0.064697,"top":51.5202,"EASTING":534220,"NORTHING":181830,"Latitude":51.5195,"Longitude":-0.0668928,"in_cw":false,"whole_in_zone":true},"geometry":{"type":"Point","coordinates":[-0.066893,51.5195]}},
{"type":"Feature","properties":{"lsoa":"E01004309","oa":"E00021683","left":-0.0694329,"bottom":51.5188,"right":-0.067381,"top":51.5205,"EASTING":534120,"NORTHING":181870,"Latitude":51.5198,"Longitude":-0.0683,"in_cw":false,"whole_in_zone":true},"geometry":{"type":"Point","coordinates":[-0.0683,51.5198]}},
{"type":"Feature","properties":{"lsoa":"E01004309","oa":"E00021685","left":-0.0694156,"bottom":51.5179,"right":-0.0668049,"top":51.5194,"EASTING":534130,"NORTHING":181740,"Latitude":51.5187,"Longitude":-0.0682,"in_cw":false,"whole_in_zone":true},"geometry":{"type":"Point","coordinates":[-0.0682,51.5187]}},
{"type":"Feature","properties":{"lsoa":"E01004307","oa":"E00021686","left":-0.0781465,"bottom":51.5175,"right":-0.0714262,"top":51.5203,"EASTING":533550,"NORTHING":181740,"Latitude":51.5188,"Longitude":-0.0766,"in_cw":false,"whole_in_zone":true},"geometry":{"type":"Point","coordinates":[-0.0766,51.5188]}},
{"type":"Feature","properties":{"lsoa":"E01004306","oa":"E00021687","left":-0.0720296,"bottom":51.5164,"right":-0.0680552,"top":51.5187,"EASTING":533990,"NORTHING":181670,"Latitude":51.5181,"Longitude":-0.0703,"in_cw":false,"whole_in_zone":true},"geometry":{"type":"Point","coordinates":[-0.0703,51.5181]}},
{"type":"Feature","properties":{"lsoa":"E01004310","oa":"E00021688","left":-0.0761027,"bottom":51.5167,"right":-0.0744636,"top":51.5183,"EASTING":533650,"NORTHING":181610,"Latitude":51.5176,"Longitude":-0.0752,"in_cw":false,"whole_in_zone":true},"geometry":{"type":"Point","coordinates":[-0.0752,51.5176]}},
{"type":"Feature","properties":{"lsoa":"E01004307","oa":"E00021689","left":-0.0778955,"bottom":51.5159,"right":-0.07542,"top":51.5189,"EASTING":533540,"NORTHING":181580,"Latitude":51.5174,"Longitude":-0.0768,"in_cw":false,"whole_in_zone":true},"geometry":{"type":"Point","coordinates":[-0.0768,51.5174]}},
{"type":"Feature","properties":{"lsoa":"E01004310","oa":"E00021690","left":-0.0759182,"bottom":51.5145,"right":-0.0722785,"top":51.5185,"EASTING":533720,"NORTHING":181520,"Latitude":51.5168,"Longitude":-0.0742,"in_cw":false,"whole_in_zone":true},"geometry":{"type":"Point","coordinates":[-0.0742,51.5168]}},
{"type":"Feature","properties":{"lsoa":"E01004310","oa":"E00021691","left":-0.0735637,"bottom":51.5158,"right":-0.0712594,"top":51.5171,"EASTING":533780,"NORTHING":181480,"Latitude":51.5164,"Longitude":-0.0734,"in_cw":false,"whole_in_zone":true},"geometry":{"type":"Point","coordinates":[-0.0734,51.5164]}},
{"type":"Feature","properties":{"lsoa":"E01004307","oa":"E00021692","left":-0.0794297,"bottom":51.5188,"right":-0.0755553,"top":51.5222,"EASTING":533520,"NORTHING":181960,"Latitude":51.5208,"Longitude":-0.0769,"in_cw":false,"whole_in_zone":true},"geometry":{"type":"Point","coordinates":[-0.0769,51.5208]}},
{"type":"Feature","properties":{"lsoa":"E01004307","oa":"E00021693","left":-0.0767523,"bottom":51.5208,"right":-0.0733664,"top":51.5222,"EASTING":533660,"NORTHING":182090,"Latitude":51.5219,"Longitude":-0.0749,"in_cw":false,"whole_in_zone":true},"geometry":{"type":"Point","coordinates":[-0.0749,51.5219]}},
{"type":"Feature","properties":{"lsoa":"E01004306","oa":"E00021694","left":-0.0718889,"bottom":51.5198,"right":-0.0690065,"top":51.522,"EASTING":533960,"NORTHING":181950,"Latitude":51.5206,"Longitude":-0.0706,"in_cw":false,"whole_in_zone":true},"geometry":{"type":"Point","coordinates":[-0.0706,51.5206]}},
{"type":"Feature","properties":{"lsoa":"E01004321","oa":"E00021733","left":-0.062842,"bottom":51.5147,"right":-0.0591399,"top":51.5176,"EASTING":534670,"NORTHING":181430,"Latitude":51.5157,"Longitude":-0.0606,"in_cw":false,"whole_in_zone":true},"geometry":{"type":"Point","coordinates":[-0.0606,51.5157]}},
{"type":"Feature","properties":{"lsoa":"E01004321","oa":"E00021734","left":-0.0655753,"bottom":51.513,"right":-0.0618525,"top":51.5148,"EASTING":534480,"NORTHING":181220,"Latitude":51.5139,"Longitude":-0.0634,"in_cw":false,"whole_in_zone":true},"geometry":{"type":"Point","coordinates":[-0.0634,51.5139]}},
{"type":"Feature","properties":{"lsoa":"E01004319","oa":"E00021735","left":-0.0635044,"bottom":51.5115,"right":-0.0611178,"top":51.5148,"EASTING":534610,"NORTHING":181000,"Latitude":51.5119,"Longitude":-0.0616,"in_cw":false,"whole_in_zone":true},"geometry":{"type":"Point","coordinates":[-0.0616,51.5119]}},
{"type":"Feature","properties":{"lsoa":"E01004324","oa":"E00021736","left":-0.0529803,"bottom":51.5177,"right":-0.0496589,"top":51.5194,"EASTING":535320,"NORTHING":181720,"Latitude":51.5182,"Longitude":-0.0511,"in_cw":false,"whole_in_zone":true},"geometry":{"type":"Point","coordinates":[-0.0511,51.5182]}},
{"type":"Feature","properties":{"lsoa":"E01004323","oa":"E00021737","left":-0.0571015,"bottom":51.5171,"right":-0.0532731,"top":51.5182,"EASTING":535080,"NORTHING":181630,"Latitude":51.5174,"Longitude":-0.0546,"in_cw":false,"whole_in_zone":true},"geometry":{"type":"Point","coordinates":[-0.0546,51.5174]}},
{"type":"Feature","properties":{"lsoa":"E01004321","oa":"E00021738","left":-0.0635592,"bottom":51.516,"right":-0.062209,"top":51.5177,"EASTING":534500,"NORTHING":181540,"Latitude":51.5168,"Longitude":-0.063,"in_cw":false,"whole_in_zone":true},"geometry":{"type":"Point","coordinates":[-0.063,51.5168]}},
{"type":"Feature","properties":{"lsoa":"E01004326","oa":"E00021739","left":-0.0605096,"bottom":51.5141,"right":-0.0531993,"top":51.5154,"EASTING":534890,"NORTHING":181340,"Latitude":51.5149,"Longitude":-0.0574,"in_cw":false,"whole_in_zone":true},"geometry":{"type":"Point","coordinates":[-0.0574,51.5149]}},
{"type":"Feature","properties":{"lsoa":"E01004326","oa":"E00021740","left":-0.0564344,"bottom":51.5145,"right":-0.0548485,"top":51.5156,"EASTING":534990,"NORTHING":181340,"Latitude":51.5149,"Longitude":-0.0559892,"in_cw":false,"whole_in_zone":true},"geometry":{"type":"Point","coordinates":[-0.055989,51.5149]}},
{"type":"Feature","properties":{"lsoa":"E01004325","oa":"E00021741","left":-0.0672287,"bottom":51.5148,"right":-0.0651433,"top":51.5158,"EASTING":534240,"NORTHING":181350,"Latitude":51.5151,"Longitude":-0.0668,"in_cw":false,"whole_in_zone":true},"geometry":{"type":"Point","coordinates":[-0.0668,51.5151]}},
{"type":"Feature","properties":{"lsoa":"E01004325","oa":"E00021742","left":-0.0652831,"bottom":51.5148,"right":-0.0630571,"top":51.5171,"EASTING":534420,"NORTHING":181430,"Latitude":51.5158,"Longitude":-0.0642,"in_cw":false,"whole_in_zone":true},"geometry":{"type":"Point","coordinates":[-0.0642,51.5158]}},
{"type":"Feature","properties":{"lsoa":"E01004321","oa":"E00021743","left":-0.0644196,"bottom":51.5141,"right":-0.0619085,"top":51.5163,"EASTING":534460,"NORTHING":181400,"Latitude":51.5155,"Longitude":-0.0636,"in_cw":false,"whole_in_zone":true},"geometry":{"type":"Point","coordinates":[-0.0636,51.5155]}},
{"type":"Feature","properties":{"lsoa":"E01032767","oa":"E00021744","left":-0.0739693,"bottom":51.5108,"right":-0.0691418,"top":51.5152,"EASTING":533920,"NORTHING":181050,"Latitude":51.5125,"Longitude":-0.0715,"in_cw":false,"whole_in_zone":true},"geometry":{"type":"Point","coordinates":[-0.0715,51.5125]}},
{"type":"Feature","properties":{"lsoa":"E01004326","oa":"E00021745","left":-0.0550608,"bottom":51.5146,"right":-0.0531338,"top":51.5157,"EASTING":535110,"NORTHING":181360,"Latitude":51.515,"Longitude":-0.0543,"in_cw":false,"whole_in_zone":true},"geometry":{"type":"Point","coordinates":[-0.0543,51.515]}},
{"type":"Feature","properties":{"lsoa":"E01032766","oa":"E00021746","left":-0.0670171,"bottom":51.5139,"right":-0.0654915,"top":51.5148,"EASTING":534290,"NORTHING":181290,"Latitude":51.5146,"Longitude":-0.0661,"in_cw":false,"whole_in_zone":true},"geometry":{"type":"Point","coordinates":[-0.0661,51.5146]}},
{"type":"Feature","properties":{"lsoa":"E01004319","oa":"E00021748","left":-0.066168,"bottom":51.5122,"right":-0.0636788,"top":51.5142,"EASTING":534370,"NORTHING":181160,"Latitude":51.5134,"Longitude":-0.065,"in_cw":false,"whole_in_zone":true},"geometry":{"type":"Point","coordinates":[-0.065,51.5134]}},
{"type":"Feature","properties":{"lsoa":"E01004319","oa":"E00021750","left":-0.0654037,"bottom":51.5113,"right":-0.0620426,"top":51.5134,"EASTING":534430,"NORTHING":181030,"Latitude":51.5122,"Longitude":-0.0642,"in_cw":false,"whole_in_zone":true},"geometry":{"type":"Point","coordinates":[-0.0642,51.5122]}},
{"type":"Feature","properties":{"lsoa":"E01004319","oa":"E00021752","left":-0.066932,"bottom":51.5112,"right":-0.0649561,"top":51.5129,"EASTING":534310,"NORTHING":181040,"Latitude":51.5123,"Longitude":-0.0659,"in_cw":false,"whole_in_zone":true},"geometry":{"type":"Point","coordinates":[-0.0659,51.5123]}},
{"type":"Feature","properties":{"lsoa":"E01004322","oa":"E00021753","left":-0.0546414,"bottom":51.519,"right":-0.0528409,"top":51.5205,"EASTING":535140,"NORTHING":181890,"Latitude":51.5198,"Longitude":-0.0536,"in_cw":false,"whole_in_zone":true},"geometry":{"type":"Point","coordinates":[-0.0536,51.5198]}},
{"type":"Feature","properties":{"lsoa":"E01004322","oa":"E00021754","left":-0.0577656,"bottom":51.5193,"right":-0.0544216,"top":51.5202,"EASTING":535040,"NORTHING":181870,"Latitude":51.5196,"Longitude":-0.0551,"in_cw":false,"whole_in_zone":true},"geometry":{"type":"Point","coordinates":[-0.0551,51.5196]}},
{"type":"Feature","properties":{"lsoa":"E01004324","oa":"E00021755","left":-0.0558745,"bottom":51.518,"right":-0.0512988,"top":51.5201,"EASTING":535170,"NORTHING":181820,"Latitude":51.5191,"Longitude":-0.0532,"in_cw":false,"whole_in_zone":true},"geometry":{"type":"Point","coordinates":[-0.0532,51.5191]}},
{"type":"Feature","properties":{"lsoa":"E01004322","oa":"E00021756","left":-0.0555359,"bottom":51.5189,"right":-0.0539141,"top":51.5195,"EASTING":535070,"NORTHING":181810,"Latitude":51.5191,"Longitude":-0.0547,"in_cw":false,"whole_in_zone":true},"geometry":{"type":"Point","coordinates":[-0.0547,51.5191]}},
{"type":"Feature","properties":{"lsoa":"E01004322","oa":"E00021757","left":-0.055614,"bottom":51.5178,"right":-0.0534873,"top":51.5188,"EASTING":535110,"NORTHING":181710,"Latitude":51.5182,"Longitude":-0.0541,"in_cw":false,"whole_in_zone":true},"geometry":{"type":"Point","coordinates":[-0.0541,51.5182]}},
{"type":"Feature","properties":{"lsoa":"E01004323","oa":"E00021758","left":-0.0585495,"bottom":51.5153,"right":-0.0552499,"top":51.5177,"EASTING":534960,"NORTHING":181510,"Latitude":51.5164,"Longitude":-0.0564,"in_cw":false,"whole_in_zone":true},"geometry":{"type":"Point","coordinates":[-0.0564,51.5164]}},
{"type":"Feature","properties":{"lsoa":"E01004324","oa":"E00021759","left":-0.0540199,"bottom":51.5171,"right":-0.0513731,"top":51.5184,"EASTING":535210,"NORTHING":181670,"Latitude":51.5178,"Longitude":-0.0527,"in_cw":false,"whole_in_zone":true},"geometry":{"type":"Point","coordinates":[-0.0527,51.5178]}},
{"type":"Feature","properties":{"lsoa":"E01004324","oa":"E00021760","left":-0.0519895,"bottom":51.5169,"right":-0.0497467,"top":51.5179,"EASTING":535350,"NORTHING":181620,"Latitude":51.5173,"Longitude":-0.0507,"in_cw":false,"whole_in_zone":true},"geometry":{"type":"Point","coordinates":[-0.0507,51.5173]}},
{"type":"Feature","properties":{"lsoa":"E01004322","oa":"E00021761","left":-0.0629365,"bottom":51.5167,"right":-0.0552184,"top":51.5196,"EASTING":534760,"NORTHING":181600,"Latitude":51.5173,"Longitude":-0.0592,"in_cw":false,"whole_in_zone":true},"geometry":{"type":"Point","coordinates":[-0.0592,51.5173]}},
{"type":"Feature","properties":{"lsoa":"E01004326","oa":"E00021762","left":-0.0597953,"bottom":51.5153,"right":-0.0571634,"top":51.5168,"EASTING":534820,"NORTHING":181440,"Latitude":51.5158,"Longitude":-0.0584,"in_cw":false,"whole_in_zone":true},"geometry":{"type":"Point","coordinates":[-0.0584,51.5158]}},
{"type":"Feature","properties":{"lsoa":"E01004323","oa":"E00021763","left":-0.055664,"bottom":51.5153,"right":-0.0530286,"top":51.5171,"EASTING":535110,"NORTHING":181490,"Latitude":51.5162,"Longitude":-0.0542,"in_cw":false,"whole_in_zone":true},"geometry":{"type":"Point","coordinates":[-0.0542,51.5162]}},
{"type":"Feature","properties":{"lsoa":"E01004323","oa":"E00021764","left":-0.0565924,"bottom":51.5163,"right":-0.0529798,"top":51.5173,"EASTING":535040,"NORTHING":181580,"Latitude":51.517,"Longitude":-0.0552,"in_cw":false,"whole_in_zone":true},"geometry":{"type":"Point","coordinates":[-0.0552,51.517]}},
{"type":"Feature","properties":{"lsoa":"E01004325","oa":"E00021766","left":-0.0642409,"bottom":51.516,"right":-0.0630291,"top":51.5172,"EASTING":534450,"NORTHING":181510,"Latitude":51.5165,"Longitude":-0.0637,"in_cw":false,"whole_in_zone":true},"geometry":{"type":"Point","coordinates":[-0.0637,51.5165]}},
{"type":"Feature","properties":{"lsoa":"E01004326","oa":"E00021767","left":-0.0581875,"bottom":51.515,"right":-0.0559003,"top":51.5161,"EASTING":534920,"NORTHING":181430,"Latitude":51.5157,"Longitude":-0.057,"in_cw":false,"whole_in_zone":true},"geometry":{"type":"Point","coordinates":[-0.057,51.5157]}},
{"type":"Feature","properties":{"lsoa":"E01032579","oa":"E00165804","left":-0.0230717,"bottom":51.4776,"right":-0.0168597,"top":51.4809,"EASTING":537440,"NORTHING":177380,"Latitude":51.4787,"Longitude":-0.0222,"in_cw":false,"whole_in_zone":true},"geometry":{"type":"Point","coordinates":[-0.0222,51.4787]}},
{"type":"Feature","properties":{"lsoa":"E01032637","oa":"E00166629","left":-0.0748704,"bottom":51.5006,"right":-0.0724936,"top":51.5027,"EASTING":533810,"NORTHING":179910,"Latitude":51.5023,"Longitude":-0.0735,"in_cw":false,"whole_in_zone":true},"geometry":{"type":"Point","coordinates":[-0.0735,51.5023]}},
{"type":"Feature","properties":{"lsoa":"E01003936","oa":"E00166630","left":-0.0911496,"bottom":51.497,"right":-0.0887904,"top":51.4986,"EASTING":532700,"NORTHING":179380,"Latitude":51.4978,"Longitude":-0.0897,"in_cw":false,"whole_in_zone":true},"geometry":{"type":"Point","coordinates":[-0.0897,51.4978]}},
{"type":"Feature","properties":{"lsoa":"E01032638","oa":"E00166641","left":-0.0700288,"bottom":51.5008,"right":-0.0679544,"top":51.5015,"EASTING":534090,"NORTHING":179790,"Latitude":51.5011,"Longitude":-0.0695,"in_cw":false,"whole_in_zone":true},"geometry":{"type":"Point","coordinates":[-0.0695,51.5011]}},
{"type":"Feature","properties":{"lsoa":"E01032739","oa":"E00166755","left":-0.0930707,"bottom":51.5078,"right":-0.077371,"top":51.522,"EASTING":533300,"NORTHING":181570,"Latitude":51.5173,"Longitude":-0.0802,"in_cw":false,"whole_in_zone":true},"geometry":{"type":"Point","coordinates":[-0.0802,51.5173]}},
{"type":"Feature","properties":{"lsoa":"E01004309","oa":"E00167078","left":-0.0734668,"bottom":51.5149,"right":-0.0653891,"top":51.5191,"EASTING":534250,"NORTHING":181690,"Latitude":51.5182,"Longitude":-0.0665,"in_cw":false,"whole_in_zone":true},"geometry":{"type":"Point","coordinates":[-0.0665,51.5182]}},
{"type":"Feature","properties":{"lsoa":"E01004275","oa":"E00167079","left":-0.0207957,"bottom":51.4882,"right":-0.0171656,"top":51.4898,"EASTING":537590,"NORTHING":178520,"Latitude":51.4889,"Longitude":-0.0196,"in_cw":false,"whole_in_zone":true},"geometry":{"type":"Point","coordinates":[-0.0196,51.4889]}},
{"type":"Feature","properties":{"lsoa":"E01004275","oa":"E00167080","left":-0.0200401,"bottom":51.4889,"right":-0.0178418,"top":51.4909,"EASTING":537650,"NORTHING":178550,"Latitude":51.4892,"Longitude":-0.0188,"in_cw":false,"whole_in_zone":true},"geometry":{"type":"Point","coordinates":[-0.0188,51.4892]}},
{"type":"Feature","properties":{"lsoa":"E01004218","oa":"E00167081","left":-0.00477572,"bottom":51.4884,"right":-0.000416408,"top":51.4916,"EASTING":538670,"NORTHING":178720,"Latitude":51.4904,"Longitude":-0.00402,"in_cw":false,"whole_in_zone":true},"geometry":{"type":"Point","coordinates":[-0.00402,51.4904]}},
{"type":"Feature","properties":{"lsoa":"E01004242","oa":"E00167082","left":-0.0206426,"bottom":51.5173,"right":-0.0166267,"top":51.5197,"EASTING":537540,"NORTHING":181820,"Latitude":51.5186,"Longitude":-0.0191,"in_cw":false,"whole_in_zone":true},"geometry":{"type":"Point","coordinates":[-0.0191,51.5186]}},
{"type":"Feature","properties":{"lsoa":"E01004242","oa":"E00167083","left":-0.0231434,"bottom":51.5166,"right":-0.0198887,"top":51.5188,"EASTING":537400,"NORTHING":181710,"Latitude":51.5176,"Longitude":-0.0211,"in_cw":false,"whole_in_zone":true},"geometry":{"type":"Point","coordinates":[-0.0211,51.5176]}},
{"type":"Feature","properties":{"lsoa":"E01004252","oa":"E00167085","left":-0.0293338,"bottom":51.5118,"right":-0.0247843,"top":51.5143,"EASTING":537020,"NORTHING":181130,"Latitude":51.5125,"Longitude":-0.0268,"in_cw":false,"whole_in_zone":true},"geometry":{"type":"Point","coordinates":[-0.0268,51.5125]}},
{"type":"Feature","properties":{"lsoa":"E01004254","oa":"E00167086","left":-0.0358715,"bottom":51.5124,"right":-0.0321864,"top":51.5145,"EASTING":536560,"NORTHING":181230,"Latitude":51.5135,"Longitude":-0.0334,"in_cw":false,"whole_in_zone":true},"geometry":{"type":"Point","coordinates":[-0.0334,51.5135]}},
{"type":"Feature","properties":{"lsoa":"E01004254","oa":"E00167087","left":-0.036456,"bottom":51.5126,"right":-0.035182,"top":51.5141,"EASTING":536390,"NORTHING":181200,"Latitude":51.5133,"Longitude":-0.0359,"in_cw":false,"whole_in_zone":true},"geometry":{"type":"Point","coordinates":[-0.0359,51.5133]}},
{"type":"Feature","properties":{"lsoa":"E01004325","oa":"E00167094","left":-0.0686497,"bottom":51.5153,"right":-0.0653338,"top":51.5176,"EASTING":534230,"NORTHING":181460,"Latitude":51.5161,"Longitude":-0.0669,"in_cw":false,"whole_in_zone":true},"geometry":{"type":"Point","coordinates":[-0.0669,51.5161]}},
{"type":"Feature","properties":{"lsoa":"E01004309","oa":"E00167095","left":-0.0661381,"bottom":51.5177,"right":-0.0627517,"top":51.5197,"EASTING":534390,"NORTHING":181750,"Latitude":51.5187,"Longitude":-0.0645,"in_cw":false,"whole_in_zone":true},"geometry":{"type":"Point","coordinates":[-0.0645,51.5187]}},
{"type":"Feature","properties":{"lsoa":"E01032766","oa":"E00167096","left":-0.0678036,"bottom":51.5123,"right":-0.0670194,"top":51.5136,"EASTING":534190,"NORTHING":181140,"Latitude":51.5133,"Longitude":-0.0676,"in_cw":false,"whole_in_zone":true},"geometry":{"type":"Point","coordinates":[-0.0676,51.5133]}},
{"type":"Feature","properties":{"lsoa":"E01032766","oa":"E00167097","left":-0.0713019,"bottom":51.5125,"right":-0.0676565,"top":51.5149,"EASTING":534140,"NORTHING":181090,"Latitude":51.5128,"Longitude":-0.0683,"in_cw":false,"whole_in_zone":true},"geometry":{"type":"Point","coordinates":[-0.0683,51.5128]}},
{"type":"Feature","properties":{"lsoa":"E01032767","oa":"E00167098","left":-0.0687087,"bottom":51.5122,"right":-0.0676133,"top":51.5127,"EASTING":534130,"NORTHING":181050,"Latitude":51.5125,"Longitude":-0.0685,"in_cw":false,"whole_in_zone":true},"geometry":{"type":"Point","coordinates":[-0.0685,51.5125]}},
{"type":"Feature","properties":{"lsoa":"E01032767","oa":"E00167099","left":-0.0707016,"bottom":51.511,"right":-0.0674163,"top":51.514,"EASTING":534110,"NORTHING":180990,"Latitude":51.5119,"Longitude":-0.0687966,"in_cw":false,"whole_in_zone":true},"geometry":{"type":"Point","coordinates":[-0.068797,51.5119]}},
{"type":"Feature","properties":{"lsoa":"E01032767","oa":"E00167100","left":-0.0685718,"bottom":51.5111,"right":-0.0663169,"top":51.5126,"EASTING":534260,"NORTHING":180990,"Latitude":51.5119,"Longitude":-0.0666363,"in_cw":false,"whole_in_zone":true},"geometry":{"type":"Point","coordinates":[-0.066636,51.5119]}},
{"type":"Feature","properties":{"lsoa":"E01032767","oa":"E00167101","left":-0.0718686,"bottom":51.5109,"right":-0.0687727,"top":51.5121,"EASTING":534080,"NORTHING":180960,"Latitude":51.5117,"Longitude":-0.0692,"in_cw":false,"whole_in_zone":true},"geometry":{"type":"Point","coordinates":[-0.0692,51.5117]}},
{"type":"Feature","properties":{"lsoa":"E01032766","oa":"E00167102","left":-0.0696488,"bottom":51.5141,"right":-0.0664002,"top":51.515,"EASTING":534190,"NORTHING":181300,"Latitude":51.5147,"Longitude":-0.0675,"in_cw":false,"whole_in_zone":true},"geometry":{"type":"Point","coordinates":[-0.0675,51.5147]}},
{"type":"Feature","properties":{"lsoa":"E01032768","oa":"E00167103","left":-0.0398967,"bottom":51.5099,"right":-0.0390942,"top":51.5111,"EASTING":536150,"NORTHING":180860,"Latitude":51.5103,"Longitude":-0.0395,"in_cw":false,"whole_in_zone":true},"geometry":{"type":"Point","coordinates":[-0.0395,51.5103]}},
{"type":"Feature","properties":{"lsoa":"E01032769","oa":"E00167104","left":-0.0422767,"bottom":51.5086,"right":-0.0391801,"top":51.5117,"EASTING":536060,"NORTHING":180860,"Latitude":51.5103,"Longitude":-0.0408,"in_cw":false,"whole_in_zone":true},"geometry":{"type":"Point","coordinates":[-0.0408,51.5103]}},
{"type":"Feature","properties":{"lsoa":"E01004286","oa":"E00167105","left":-0.0369253,"bottom":51.5153,"right":-0.0349393,"top":51.5169,"EASTING":536390,"NORTHING":181500,"Latitude":51.516,"Longitude":-0.0358,"in_cw":false,"whole_in_zone":true},"geometry":{"type":"Point","coordinates":[-0.0358,51.516]}},
{"type":"Feature","properties":{"lsoa":"E01032768","oa":"E00167106","left":-0.0393082,"bottom":51.51,"right":-0.0348932,"top":51.5117,"EASTING":536240,"NORTHING":180920,"Latitude":51.5108,"Longitude":-0.0381,"in_cw":false,"whole_in_zone":true},"geometry":{"type":"Point","coordinates":[-0.0381,51.5108]}},
{"type":"Feature","properties":{"lsoa":"E01032768","oa":"E00167107","left":-0.0391173,"bottom":51.5098,"right":-0.0378855,"top":51.5103,"EASTING":536200,"NORTHING":180870,"Latitude":51.5104,"Longitude":-0.0387437,"in_cw":false,"whole_in_zone":true},"geometry":{"type":"Point","coordinates":[-0.038744,51.5104]}},
{"type":"Feature","properties":{"lsoa":"E01004215","oa":"E00167108","left":-0.0140673,"bottom":51.4957,"right":-0.0102892,"top":51.4987,"EASTING":538100,"NORTHING":179470,"Latitude":51.4973,"Longitude":-0.0119,"in_cw":false,"whole_in_zone":true},"geometry":{"type":"Point","coordinates":[-0.0119,51.4973]}},
{"type":"Feature","properties":{"lsoa":"E01004215","oa":"E00167109","left":-0.0155612,"bottom":51.4961,"right":-0.0134545,"top":51.497,"EASTING":537880,"NORTHING":179400,"Latitude":51.4967,"Longitude":-0.0151245,"in_cw":false,"whole_in_zone":true},"geometry":{"type":"Point","coordinates":[-0.015124,51.4967]}},
{"type":"Feature","properties":{"lsoa":"E01004215","oa":"E00167110","left":-0.0171376,"bottom":51.4951,"right":-0.0124474,"top":51.497,"EASTING":537910,"NORTHING":179310,"Latitude":51.4959,"Longitude":-0.0147277,"in_cw":false,"whole_in_zone":true},"geometry":{"type":"Point","coordinates":[-0.014728,51.4959]}},
{"type":"Feature","properties":{"lsoa":"E01004215","oa":"E00167111","left":-0.0138209,"bottom":51.4975,"right":-0.0130459,"top":51.4983,"EASTING":537990,"NORTHING":179530,"Latitude":51.4979,"Longitude":-0.0135,"in_cw":true,"whole_in_zone":true},"geometry":{"type":"Point","coordinates":[-0.0135,51.4979]}},
{"type":"Feature","properties":{"lsoa":"E01032770","oa":"E00167112","left":-0.0247575,"bottom":51.4974,"right":-0.0206714,"top":51.4988,"EASTING":537390,"NORTHING":179540,"Latitude":51.4981,"Longitude":-0.0221243,"in_cw":true,"whole_in_zone":true},"geometry":{"type":"Point","coordinates":[-0.022124,51.4981]}},
{"type":"Feature","properties":{"lsoa":"E01032771","oa":"E00167113","left":-0.0225162,"bottom":51.4994,"right":-0.0208986,"top":51.5009,"EASTING":537410,"NORTHING":179790,"Latitude":51.5004,"Longitude":-0.0217,"in_cw":true,"whole_in_zone":true},"geometry":{"type":"Point","coordinates":[-0.0217,51.5004]}},
{"type":"Feature","properties":{"lsoa":"E01032772","oa":"E00167114","left":-0.0251645,"bottom":51.4978,"right":-0.0197813,"top":51.5005,"EASTING":537320,"NORTHING":179710,"Latitude":51.4997,"Longitude":-0.023066,"in_cw":true,"whole_in_zone":true},"geometry":{"type":"Point","coordinates":[-0.023066,51.4997]}},
{"type":"Feature","properties":{"lsoa":"E01032773","oa":"E00167115","left":-0.021333,"bottom":51.497,"right":-0.0189141,"top":51.4986,"EASTING":537500,"NORTHING":179520,"Latitude":51.4979,"Longitude":-0.0205,"in_cw":true,"whole_in_zone":true},"geometry":{"type":"Point","coordinates":[-0.0205,51.4979]}},
{"type":"Feature","properties":{"lsoa":"E01032774","oa":"E00167116","left":-0.024727,"bottom":51.4929,"right":-0.0168753,"top":51.4972,"EASTING":537470,"NORTHING":179330,"Latitude":51.4962,"Longitude":-0.0211,"in_cw":false,"whole_in_zone":true},"geometry":{"type":"Point","coordinates":[-0.0211,51.4962]}},
{"type":"Feature","properties":{"lsoa":"E01032770","oa":"E00167117","left":-0.0213897,"bottom":51.4984,"right":-0.0188188,"top":51.499,"EASTING":537460,"NORTHING":179620,"Latitude":51.4988,"Longitude":-0.0211,"in_cw":true,"whole_in_zone":true},"geometry":{"type":"Point","coordinates":[-0.0211,51.4988]}},
{"type":"Feature","properties":{"lsoa":"E01032775","oa":"E00167118","left":-0.029823,"bottom":51.4912,"right":-0.0257275,"top":51.4931,"EASTING":537120,"NORTHING":178900,"Latitude":51.4924,"Longitude":-0.0263,"in_cw":false,"whole_in_zone":true},"geometry":{"type":"Point","coordinates":[-0.0263,51.4924]}},
{"type":"Feature","properties":{"lsoa":"E01032775","oa":"E00167119","left":-0.0302181,"bottom":51.493,"right":-0.0263287,"top":51.4961,"EASTING":537080,"NORTHING":179010,"Latitude":51.4934,"Longitude":-0.0268,"in_cw":false,"whole_in_zone":true},"geometry":{"type":"Point","coordinates":[-0.0268,51.4934]}},
{"type":"Feature","properties":{"lsoa":"E01032776","oa":"E00167120","left":-0.00720066,"bottom":51.506,"right":-0.00535271,"top":51.5076,"EASTING":538500,"NORTHING":180480,"Latitude":51.5063,"Longitude":-0.00578,"in_cw":true,"whole_in_zone":true},"geometry":{"type":"Point","coordinates":[-0.00578,51.5063]}},
{"type":"Feature","properties":{"lsoa":"E01032771","oa":"E00167121","left":-0.0189224,"bottom":51.5002,"right":-0.0135237,"top":51.5047,"EASTING":537650,"NORTHING":179900,"Latitude":51.5013,"Longitude":-0.0182,"in_cw":true,"whole_in_zone":true},"geometry":{"type":"Point","coordinates":[-0.0182,51.5013]}},
{"type":"Feature","properties":{"lsoa":"E01032771","oa":"E00167122","left":-0.0258731,"bottom":51.4999,"right":-0.0170819,"top":51.5057,"EASTING":537570,"NORTHING":179890,"Latitude":51.5012,"Longitude":-0.0194,"in_cw":true,"whole_in_zone":true},"geometry":{"type":"Point","coordinates":[-0.0194,51.5012]}},
{"type":"Feature","properties":{"lsoa":"E01032777","oa":"E00167123","left":-0.00162479,"bottom":51.5085,"right":0.000314532,"top":51.5096,"EASTING":538860,"NORTHING":180800,"Latitude":51.5091,"Longitude":-0.000465,"in_cw":false,"whole_in_zone":true},"geometry":{"type":"Point","coordinates":[-0.000465,51.5091]}},
{"type":"Feature","properties":{"lsoa":"E01032777","oa":"E00167124","left":-0.00289596,"bottom":51.5083,"right":-0.00130113,"top":51.5094,"EASTING":538760,"NORTHING":180780,"Latitude":51.5089,"Longitude":-0.00191,"in_cw":false,"whole_in_zone":true},"geometry":{"type":"Point","coordinates":[-0.00191,51.5089]}},
{"type":"Feature","properties":{"lsoa":"E01032777","oa":"E00167125","left":-0.00125271,"bottom":51.5082,"right":0.00043025,"top":51.5088,"EASTING":538890,"NORTHING":180740,"Latitude":51.5085,"Longitude":-0.000057,"in_cw":false,"whole_in_zone":true},"geometry":{"type":"Point","coordinates":[-0.000057,51.5085]}},
{"type":"Feature","properties":{"lsoa":"E01032778","oa":"E00167126","left":-0.00467435,"bottom":51.5088,"right":0.00411198,"top":51.5146,"EASTING":538930,"NORTHING":180830,"Latitude":51.5093,"Longitude":0.000554,"in_cw":false,"whole_in_zone":true},"geometry":{"type":"Point","coordinates":[0.000554,51.5093]}},
{"type":"Feature","properties":{"lsoa":"E01032778","oa":"E00167127","left":-0.000999205,"bottom":51.5055,"right":0.00990511,"top":51.5143,"EASTING":538950,"NORTHING":180760,"Latitude":51.5087,"Longitude":0.000815,"in_cw":false,"whole_in_zone":true},"geometry":{"type":"Point","coordinates":[0.000815,51.5087]}},
{"type":"Feature","properties":{"lsoa":"E01004249","oa":"E00167128","left":-0.0101292,"bottom":51.5161,"right":-0.00580292,"top":51.5194,"EASTING":538340,"NORTHING":181610,"Latitude":51.5165,"Longitude":-0.00764,"in_cw":false,"whole_in_zone":true},"geometry":{"type":"Point","coordinates":[-0.00764,51.5165]}},
{"type":"Feature","properties":{"lsoa":"E01032774","oa":"E00167129","left":-0.019136,"bottom":51.497,"right":-0.0167179,"top":51.4986,"EASTING":537660,"NORTHING":179510,"Latitude":51.4978,"Longitude":-0.0182,"in_cw":false,"whole_in_zone":true},"geometry":{"type":"Point","coordinates":[-0.0182,51.4978]}},
{"type":"Feature","properties":{"lsoa":"E01032773","oa":"E00167130","left":-0.0194438,"bottom":51.498,"right":-0.0168406,"top":51.4993,"EASTING":537650,"NORTHING":179580,"Latitude":51.4984,"Longitude":-0.0184,"in_cw":true,"whole_in_zone":true},"geometry":{"type":"Point","coordinates":[-0.0184,51.4984]}},
{"type":"Feature","properties":{"lsoa":"E01032770","oa":"E00167131","left":-0.0243642,"bottom":51.4966,"right":-0.0216023,"top":51.4975,"EASTING":537360,"NORTHING":179420,"Latitude":51.497,"Longitude":-0.0226,"in_cw":false,"whole_in_zone":true},"geometry":{"type":"Point","coordinates":[-0.0226,51.497]}},
{"type":"Feature","properties":{"lsoa":"E01032772","oa":"E00167132","left":-0.0211585,"bottom":51.499,"right":-0.0178653,"top":51.5008,"EASTING":537670,"NORTHING":179770,"Latitude":51.5001,"Longitude":-0.018,"in_cw":true,"whole_in_zone":true},"geometry":{"type":"Point","coordinates":[-0.018,51.5001]}},
{"type":"Feature","properties":{"lsoa":"E01004280","oa":"E00167133","left":-0.0301105,"bottom":51.497,"right":-0.0245091,"top":51.4982,"EASTING":537180,"NORTHING":179510,"Latitude":51.4979,"Longitude":-0.0252,"in_cw":false,"whole_in_zone":true},"geometry":{"type":"Point","coordinates":[-0.0252,51.4979]}},
{"type":"Feature","properties":{"lsoa":"E01032775","oa":"E00167134","left":-0.0287333,"bottom":51.4896,"right":-0.0243073,"top":51.4917,"EASTING":537170,"NORTHING":178790,"Latitude":51.4914,"Longitude":-0.0256,"in_cw":false,"whole_in_zone":true},"geometry":{"type":"Point","coordinates":[-0.0256,51.4914]}},
{"type":"Feature","properties":{"lsoa":"E01004280","oa":"E00167135","left":-0.0302009,"bottom":51.4949,"right":-0.0256252,"top":51.4972,"EASTING":537080,"NORTHING":179310,"Latitude":51.4961,"Longitude":-0.0267,"in_cw":false,"whole_in_zone":true},"geometry":{"type":"Point","coordinates":[-0.0267,51.4961]}},
{"type":"Feature","properties":{"lsoa":"E01004247","oa":"E00167136","left":-0.0125622,"bottom":51.5112,"right":-0.0108091,"top":51.5126,"EASTING":538060,"NORTHING":181080,"Latitude":51.5118,"Longitude":-0.0118761,"in_cw":false,"whole_in_zone":true},"geometry":{"type":"Point","coordinates":[-0.011876,51.5118]}},
{"type":"Feature","properties":{"lsoa":"E01032779","oa":"E00167137","left":-0.00630343,"bottom":51.5036,"right":-0.00272946,"top":51.506,"EASTING":538540,"NORTHING":180420,"Latitude":51.5057,"Longitude":-0.00522,"in_cw":true,"whole_in_zone":true},"geometry":{"type":"Point","coordinates":[-0.00522,51.5057]}},
{"type":"Feature","properties":{"lsoa":"E01032778","oa":"E00167138","left":-0.00175306,"bottom":51.5096,"right":-0.000627273,"top":51.5106,"EASTING":538820,"NORTHING":180880,"Latitude":51.5098,"Longitude":-0.00101,"in_cw":false,"whole_in_zone":true},"geometry":{"type":"Point","coordinates":[-0.00101,51.5098]}},
{"type":"Feature","properties":{"lsoa":"E01032776","oa":"E00167139","left":-0.00660752,"bottom":51.5065,"right":-0.00391908,"top":51.508,"EASTING":538580,"NORTHING":180540,"Latitude":51.5068,"Longitude":-0.0046,"in_cw":false,"whole_in_zone":true},"geometry":{"type":"Point","coordinates":[-0.0046,51.5068]}},
{"type":"Feature","properties":{"lsoa":"E01032778","oa":"E00167140","left":-0.00119058,"bottom":51.5096,"right":"5.96E-05","top":51.5108,"EASTING":538860,"NORTHING":180900,"Latitude":51.51,"Longitude":-0.000426,"in_cw":false,"whole_in_zone":true},"geometry":{"type":"Point","coordinates":[-0.000426,51.51]}},
{"type":"Feature","properties":{"lsoa":"E01032777","oa":"E00167141","left":-0.00769746,"bottom":51.508,"right":-0.000577846,"top":51.5115,"EASTING":538770,"NORTHING":180880,"Latitude":51.5098,"Longitude":-0.00173,"in_cw":false,"whole_in_zone":true},"geometry":{"type":"Point","coordinates":[-0.00173,51.5098]}},
{"type":"Feature","properties":{"lsoa":"E01032780","oa":"E00167142","left":-0.012675,"bottom":51.5044,"right":-0.00520631,"top":51.5079,"EASTING":538250,"NORTHING":180400,"Latitude":51.5056,"Longitude":-0.00941,"in_cw":true,"whole_in_zone":true},"geometry":{"type":"Point","coordinates":[-0.00941,51.5056]}},
{"type":"Feature","properties":{"lsoa":"E01004219","oa":"E00167143","left":-0.0117586,"bottom":51.5088,"right":-0.00901587,"top":51.5104,"EASTING":538140,"NORTHING":180800,"Latitude":51.5093,"Longitude":-0.0108,"in_cw":true,"whole_in_zone":true},"geometry":{"type":"Point","coordinates":[-0.0108,51.5093]}},
{"type":"Feature","properties":{"lsoa":"E01004219","oa":"E00167144","left":-0.0105208,"bottom":51.5091,"right":-0.00888667,"top":51.5108,"EASTING":538250,"NORTHING":180830,"Latitude":51.5095,"Longitude":-0.00924,"in_cw":true,"whole_in_zone":true},"geometry":{"type":"Point","coordinates":[-0.00924,51.5095]}},
{"type":"Feature","properties":{"lsoa":"E01032780","oa":"E00167145","left":-0.0150849,"bottom":51.5043,"right":-0.00931582,"top":51.5068,"EASTING":538160,"NORTHING":180380,"Latitude":51.5055,"Longitude":-0.0107,"in_cw":true,"whole_in_zone":true},"geometry":{"type":"Point","coordinates":[-0.0107,51.5055]}},
{"type":"Feature","properties":{"lsoa":"E01032776","oa":"E00167146","left":-0.0054553,"bottom":51.5054,"right":0.00104891,"top":51.5092,"EASTING":538800,"NORTHING":180700,"Latitude":51.5082,"Longitude":-0.00137,"in_cw":false,"whole_in_zone":true},"geometry":{"type":"Point","coordinates":[-0.00137,51.5082]}},
{"type":"Feature","properties":{"lsoa":"E01032779","oa":"E00167147","left":-0.00661134,"bottom":51.5054,"right":-0.00548574,"top":51.5061,"EASTING":538490,"NORTHING":180430,"Latitude":51.5058,"Longitude":-0.00594,"in_cw":true,"whole_in_zone":true},"geometry":{"type":"Point","coordinates":[-0.00594,51.5058]}},
{"type":"Feature","properties":{"lsoa":"E01032776","oa":"E00167148","left":-0.00560911,"bottom":51.506,"right":-0.00473217,"top":51.5067,"EASTING":538540,"NORTHING":180470,"Latitude":51.5062,"Longitude":-0.0052,"in_cw":true,"whole_in_zone":true},"geometry":{"type":"Point","coordinates":[-0.0052,51.5062]}},
{"type":"Feature","properties":{"lsoa":"E01032779","oa":"E00167149","left":-0.00752649,"bottom":51.5037,"right":-0.00555681,"top":51.506,"EASTING":538450,"NORTHING":180390,"Latitude":51.5055,"Longitude":-0.00653,"in_cw":true,"whole_in_zone":true},"geometry":{"type":"Point","coordinates":[-0.00653,51.5055]}},
{"type":"Feature","properties":{"lsoa":"E01004219","oa":"E00167150","left":-0.0109128,"bottom":51.5071,"right":-0.00530318,"top":51.5101,"EASTING":538260,"NORTHING":180680,"Latitude":51.5081,"Longitude":-0.00915,"in_cw":true,"whole_in_zone":true},"geometry":{"type":"Point","coordinates":[-0.00915,51.5081]}},
{"type":"Feature","properties":{"lsoa":"E01032779","oa":"E00167151","left":-0.00487899,"bottom":51.5049,"right":-0.00198028,"top":51.5066,"EASTING":538600,"NORTHING":180480,"Latitude":51.5063,"Longitude":-0.00434,"in_cw":false,"whole_in_zone":true},"geometry":{"type":"Point","coordinates":[-0.00434,51.5063]}},
{"type":"Feature","properties":{"lsoa":"E01032771","oa":"E00167152","left":-0.018765,"bottom":51.4985,"right":-0.0161882,"top":51.5003,"EASTING":537680,"NORTHING":179760,"Latitude":51.5,"Longitude":-0.0179,"in_cw":true,"whole_in_zone":true},"geometry":{"type":"Point","coordinates":[-0.0179,51.5]}},
{"type":"Feature","properties":{"lsoa":"E01004215","oa":"E00167153","left":-0.016896,"bottom":51.4961,"right":-0.0134193,"top":51.5002,"EASTING":537870,"NORTHING":179360,"Latitude":51.4964,"Longitude":-0.0153,"in_cw":false,"whole_in_zone":true},"geometry":{"type":"Point","coordinates":[-0.0153,51.4964]}},
{"type":"Feature","properties":{"lsoa":"E01004254","oa":"E00167154","left":-0.0345832,"bottom":51.5106,"right":-0.0324884,"top":51.5125,"EASTING":536550,"NORTHING":181000,"Latitude":51.5114,"Longitude":-0.0336531,"in_cw":false,"whole_in_zone":true},"geometry":{"type":"Point","coordinates":[-0.033653,51.5114]}},
{"type":"Feature","properties":{"lsoa":"E01004254","oa":"E00167155","left":-0.0335768,"bottom":51.511,"right":-0.0271029,"top":51.5131,"EASTING":536640,"NORTHING":181040,"Latitude":51.5118,"Longitude":-0.0323,"in_cw":false,"whole_in_zone":true},"geometry":{"type":"Point","coordinates":[-0.0323,51.5118]}},
{"type":"Feature","properties":{"lsoa":"E01004252","oa":"E00167156","left":-0.0285834,"bottom":51.5105,"right":-0.0247831,"top":51.5123,"EASTING":537000,"NORTHING":181000,"Latitude":51.5113,"Longitude":-0.0271725,"in_cw":false,"whole_in_zone":true},"geometry":{"type":"Point","coordinates":[-0.027172,51.5113]}},
{"type":"Feature","properties":{"lsoa":"E01032781","oa":"E00167157","left":-0.0300012,"bottom":51.4987,"right":-0.026514,"top":51.4998,"EASTING":537040,"NORTHING":179700,"Latitude":51.4996,"Longitude":-0.0271,"in_cw":true,"whole_in_zone":true},"geometry":{"type":"Point","coordinates":[-0.0271,51.4996]}},
{"type":"Feature","properties":{"lsoa":"E01004277","oa":"E00167158","left":-0.0237434,"bottom":51.5044,"right":-0.0120735,"top":51.5089,"EASTING":537420,"NORTHING":180540,"Latitude":51.5071,"Longitude":-0.0213,"in_cw":true,"whole_in_zone":true},"geometry":{"type":"Point","coordinates":[-0.0213,51.5071]}},
{"type":"Feature","properties":{"lsoa":"E01004277","oa":"E00167159","left":-0.0273984,"bottom":51.5053,"right":-0.0209684,"top":51.5098,"EASTING":537240,"NORTHING":180600,"Latitude":51.5077,"Longitude":-0.0239,"in_cw":true,"whole_in_zone":true},"geometry":{"type":"Point","coordinates":[-0.0239,51.5077]}},
{"type":"Feature","properties":{"lsoa":"E01032782","oa":"E00167160","left":-0.0260693,"bottom":51.4983,"right":-0.0214706,"top":51.503,"EASTING":537180,"NORTHING":179820,"Latitude":51.5007,"Longitude":-0.025,"in_cw":true,"whole_in_zone":true},"geometry":{"type":"Point","coordinates":[-0.025,51.5007]}},
{"type":"Feature","properties":{"lsoa":"E01004247","oa":"E00167161","left":-0.0150987,"bottom":51.5115,"right":-0.0123069,"top":51.5136,"EASTING":537950,"NORTHING":181110,"Latitude":51.5121,"Longitude":-0.0134,"in_cw":false,"whole_in_zone":true},"geometry":{"type":"Point","coordinates":[-0.0134,51.5121]}},
{"type":"Feature","properties":{"lsoa":"E01032775","oa":"E00167162","left":-0.0265121,"bottom":51.4915,"right":-0.0250996,"top":51.4922,"EASTING":537160,"NORTHING":178850,"Latitude":51.492,"Longitude":-0.0257,"in_cw":false,"whole_in_zone":true},"geometry":{"type":"Point","coordinates":[-0.0257,51.492]}},
{"type":"Feature","properties":{"lsoa":"E01032783","oa":"E00167163","left":-0.026438,"bottom":51.4909,"right":-0.023692,"top":51.4933,"EASTING":537210,"NORTHING":178880,"Latitude":51.4922,"Longitude":-0.025,"in_cw":false,"whole_in_zone":true},"geometry":{"type":"Point","coordinates":[-0.025,51.4922]}},
{"type":"Feature","properties":{"lsoa":"E01032770","oa":"E00167164","left":-0.0224599,"bottom":51.4972,"right":-0.0214927,"top":51.4978,"EASTING":537400,"NORTHING":179460,"Latitude":51.4974,"Longitude":-0.0220114,"in_cw":false,"whole_in_zone":true},"geometry":{"type":"Point","coordinates":[-0.022011,51.4974]}},
{"type":"Feature","properties":{"lsoa":"E01032781","oa":"E00167165","left":-0.030049,"bottom":51.4978,"right":-0.0259111,"top":51.4992,"EASTING":537070,"NORTHING":179590,"Latitude":51.4986,"Longitude":-0.0267,"in_cw":true,"whole_in_zone":true},"geometry":{"type":"Point","coordinates":[-0.0267,51.4986]}},
{"type":"Feature","properties":{"lsoa":"E01004325","oa":"E00167166","left":-0.0659525,"bottom":51.517,"right":-0.0626176,"top":51.5184,"EASTING":534430,"NORTHING":181600,"Latitude":51.5173,"Longitude":-0.064,"in_cw":false,"whole_in_zone":true},"geometry":{"type":"Point","coordinates":[-0.064,51.5173]}},
{"type":"Feature","properties":{"lsoa":"E01004325","oa":"E00167167","left":-0.0719464,"bottom":51.5144,"right":-0.067082,"top":51.5165,"EASTING":534100,"NORTHING":181380,"Latitude":51.5154,"Longitude":-0.0688,"in_cw":false,"whole_in_zone":true},"geometry":{"type":"Point","coordinates":[-0.0688,51.5154]}},
{"type":"Feature","properties":{"lsoa":"E01004325","oa":"E00167168","left":-0.0666851,"bottom":51.5154,"right":-0.064829,"top":51.517,"EASTING":534300,"NORTHING":181450,"Latitude":51.516,"Longitude":-0.0659,"in_cw":false,"whole_in_zone":true},"geometry":{"type":"Point","coordinates":[-0.0659,51.516]}},
{"type":"Feature","properties":{"lsoa":"E01004309","oa":"E00167169","left":-0.0705296,"bottom":51.5169,"right":-0.0669221,"top":51.5181,"EASTING":534070,"NORTHING":181570,"Latitude":51.5171,"Longitude":-0.0692,"in_cw":false,"whole_in_zone":true},"geometry":{"type":"Point","coordinates":[-0.0692,51.5171]}},
{"type":"Feature","properties":{"lsoa":"E01004215","oa":"E00167170","left":-0.0173559,"bottom":51.4934,"right":-0.0141777,"top":51.4954,"EASTING":537830,"NORTHING":179130,"Latitude":51.4943,"Longitude":-0.0159,"in_cw":false,"whole_in_zone":true},"geometry":{"type":"Point","coordinates":[-0.0159,51.4943]}},
{"type":"Feature","properties":{"lsoa":"E01004205","oa":"E00167171","left":-0.0643653,"bottom":51.5212,"right":-0.0627644,"top":51.5238,"EASTING":534450,"NORTHING":182060,"Latitude":51.5215,"Longitude":-0.0635,"in_cw":false,"whole_in_zone":true},"geometry":{"type":"Point","coordinates":[-0.0635,51.5215]}},
{"type":"Feature","properties":{"lsoa":"E01004205","oa":"E00167173","left":-0.0633706,"bottom":51.5195,"right":-0.0604001,"top":51.5227,"EASTING":534550,"NORTHING":182070,"Latitude":51.5215,"Longitude":-0.062,"in_cw":false,"whole_in_zone":true},"geometry":{"type":"Point","coordinates":[-0.062,51.5215]}},
{"type":"Feature","properties":{"lsoa":"E01004293","oa":"E00167174","left":-0.0679951,"bottom":51.5046,"right":-0.0649905,"top":51.5066,"EASTING":534240,"NORTHING":180290,"Latitude":51.5056,"Longitude":-0.0672,"in_cw":false,"whole_in_zone":true},"geometry":{"type":"Point","coordinates":[-0.0672,51.5056]}},
{"type":"Feature","properties":{"lsoa":"E01004293","oa":"E00167175","left":-0.0728097,"bottom":51.5028,"right":-0.0658166,"top":51.5058,"EASTING":534140,"NORTHING":180210,"Latitude":51.5049,"Longitude":-0.068661,"in_cw":false,"whole_in_zone":true},"geometry":{"type":"Point","coordinates":[-0.068661,51.5049]}},
{"type":"Feature","properties":{"lsoa":"E01004219","oa":"E00167180","left":-0.0121486,"bottom":51.5073,"right":-0.00881006,"top":51.509,"EASTING":538240,"NORTHING":180720,"Latitude":51.5085,"Longitude":-0.00942,"in_cw":true,"whole_in_zone":true},"geometry":{"type":"Point","coordinates":[-0.00942,51.5085]}},
{"type":"Feature","properties":{"lsoa":"E01004219","oa":"E00167181","left":-0.00965649,"bottom":51.5091,"right":-0.00414544,"top":51.5121,"EASTING":538290,"NORTHING":181000,"Latitude":51.511,"Longitude":-0.0086,"in_cw":false,"whole_in_zone":true},"geometry":{"type":"Point","coordinates":[-0.0086,51.511]}},
{"type":"Feature","properties":{"lsoa":"E01032782","oa":"E00167182","left":-0.0267724,"bottom":51.4992,"right":-0.0259952,"top":51.4998,"EASTING":537100,"NORTHING":179680,"Latitude":51.4994,"Longitude":-0.0262,"in_cw":true,"whole_in_zone":true},"geometry":{"type":"Point","coordinates":[-0.0262,51.4994]}},
{"type":"Feature","properties":{"lsoa":"E01004280","oa":"E00167183","left":-0.0272608,"bottom":51.4982,"right":-0.0261996,"top":51.4986,"EASTING":537050,"NORTHING":179570,"Latitude":51.4985,"Longitude":-0.027,"in_cw":true,"whole_in_zone":true},"geometry":{"type":"Point","coordinates":[-0.027,51.4985]}},
{"type":"Feature","properties":{"lsoa":"E01032766","oa":"E00167203","left":-0.06952,"bottom":51.5125,"right":-0.0653631,"top":51.5145,"EASTING":534260,"NORTHING":181160,"Latitude":51.5134,"Longitude":-0.0666,"in_cw":false,"whole_in_zone":true},"geometry":{"type":"Point","coordinates":[-0.0666,51.5134]}},
{"type":"Feature","properties":{"lsoa":"E01004242","oa":"E00167211","left":-0.0194416,"bottom":51.5186,"right":-0.0138537,"top":51.5224,"EASTING":537590,"NORTHING":182070,"Latitude":51.5208,"Longitude":-0.0182586,"in_cw":false,"whole_in_zone":true},"geometry":{"type":"Point","coordinates":[-0.018259,51.5208]}},
{"type":"Feature","properties":{"lsoa":"E01004242","oa":"E00167212","left":-0.0198512,"bottom":51.519,"right":-0.0169301,"top":51.5208,"EASTING":537550,"NORTHING":181980,"Latitude":51.52,"Longitude":-0.0189,"in_cw":false,"whole_in_zone":true},"geometry":{"type":"Point","coordinates":[-0.0189,51.52]}},
{"type":"Feature","properties":{"lsoa":"E01004242","oa":"E00167216","left":-0.0214026,"bottom":51.5179,"right":-0.0191264,"top":51.5193,"EASTING":537440,"NORTHING":181820,"Latitude":51.5186,"Longitude":-0.0205,"in_cw":false,"whole_in_zone":true},"geometry":{"type":"Point","coordinates":[-0.0205,51.5186]}},
{"type":"Feature","properties":{"lsoa":"E01004252","oa":"E00167219","left":-0.0280521,"bottom":51.5134,"right":-0.0240425,"top":51.5148,"EASTING":537140,"NORTHING":181320,"Latitude":51.5142,"Longitude":-0.025,"in_cw":false,"whole_in_zone":true},"geometry":{"type":"Point","coordinates":[-0.025,51.5142]}},
{"type":"Feature","properties":{"lsoa":"E01032781","oa":"E00167220","left":-0.0268469,"bottom":51.5005,"right":-0.0251177,"top":51.5016,"EASTING":537120,"NORTHING":179850,"Latitude":51.501,"Longitude":-0.0259,"in_cw":true,"whole_in_zone":true},"geometry":{"type":"Point","coordinates":[-0.0259,51.501]}},
{"type":"Feature","properties":{"lsoa":"E01004303","oa":"E00167221","left":-0.0471001,"bottom":51.5103,"right":-0.0420862,"top":51.5132,"EASTING":535780,"NORTHING":181030,"Latitude":51.5119,"Longitude":-0.0447,"in_cw":false,"whole_in_zone":true},"geometry":{"type":"Point","coordinates":[-0.0447,51.5119]}},
{"type":"Feature","properties":{"lsoa":"E01004302","oa":"E00167222","left":-0.0572057,"bottom":51.5111,"right":-0.0546121,"top":51.5121,"EASTING":535030,"NORTHING":180940,"Latitude":51.5113,"Longitude":-0.0556,"in_cw":false,"whole_in_zone":true},"geometry":{"type":"Point","coordinates":[-0.0556,51.5113]}},
{"type":"Feature","properties":{"lsoa":"E01004303","oa":"E00167223","left":-0.0477306,"bottom":51.5099,"right":-0.0456145,"top":51.5115,"EASTING":535680,"NORTHING":180920,"Latitude":51.5109,"Longitude":-0.0462,"in_cw":false,"whole_in_zone":true},"geometry":{"type":"Point","coordinates":[-0.0462,51.5109]}},
{"type":"Feature","properties":{"lsoa":"E01004303","oa":"E00167224","left":-0.0479184,"bottom":51.511,"right":-0.0461944,"top":51.5115,"EASTING":535630,"NORTHING":180960,"Latitude":51.5113,"Longitude":-0.0469,"in_cw":false,"whole_in_zone":true},"geometry":{"type":"Point","coordinates":[-0.0469,51.5113]}},
{"type":"Feature","properties":{"lsoa":"E01004302","oa":"E00167225","left":-0.0567053,"bottom":51.5118,"right":-0.0549606,"top":51.513,"EASTING":535000,"NORTHING":181080,"Latitude":51.5125,"Longitude":-0.0559,"in_cw":false,"whole_in_zone":true},"geometry":{"type":"Point","coordinates":[-0.0559,51.5125]}},
{"type":"Feature","properties":{"lsoa":"E01004302","oa":"E00167226","left":-0.0568753,"bottom":51.5118,"right":-0.0560814,"top":51.513,"EASTING":534970,"NORTHING":181040,"Latitude":51.5122,"Longitude":-0.0564,"in_cw":false,"whole_in_zone":true},"geometry":{"type":"Point","coordinates":[-0.0564,51.5122]}},
{"type":"Feature","properties":{"lsoa":"E01004252","oa":"E00167227","left":-0.0267889,"bottom":51.5126,"right":-0.024662,"top":51.5138,"EASTING":537100,"NORTHING":181200,"Latitude":51.5131,"Longitude":-0.0257,"in_cw":false,"whole_in_zone":true},"geometry":{"type":"Point","coordinates":[-0.0257,51.5131]}},
{"type":"Feature","properties":{"lsoa":"E01004250","oa":"E00167228","left":-0.0185045,"bottom":51.5171,"right":-0.0160825,"top":51.5186,"EASTING":537670,"NORTHING":181730,"Latitude":51.5177,"Longitude":-0.0172,"in_cw":false,"whole_in_zone":true},"geometry":{"type":"Point","coordinates":[-0.0172,51.5177]}},
{"type":"Feature","properties":{"lsoa":"E01004250","oa":"E00167229","left":-0.0193603,"bottom":51.5157,"right":-0.0158427,"top":51.5173,"EASTING":537640,"NORTHING":181610,"Latitude":51.5167,"Longitude":-0.0177,"in_cw":false,"whole_in_zone":true},"geometry":{"type":"Point","coordinates":[-0.0177,51.5167]}},
{"type":"Feature","properties":{"lsoa":"E01004252","oa":"E00167230","left":-0.0247156,"bottom":51.5147,"right":-0.0226626,"top":51.5161,"EASTING":537200,"NORTHING":181430,"Latitude":51.5151,"Longitude":-0.0241,"in_cw":false,"whole_in_zone":true},"geometry":{"type":"Point","coordinates":[-0.0241,51.5151]}},
{"type":"Feature","properties":{"lsoa":"E01004247","oa":"E00167231","left":-0.0145233,"bottom":51.5111,"right":-0.0124953,"top":51.5118,"EASTING":537990,"NORTHING":181040,"Latitude":51.5114,"Longitude":-0.0129,"in_cw":false,"whole_in_zone":true},"geometry":{"type":"Point","coordinates":[-0.0129,51.5114]}},
{"type":"Feature","properties":{"lsoa":"E01004252","oa":"E00167232","left":-0.0268628,"bottom":51.5101,"right":-0.025436,"top":51.5115,"EASTING":537110,"NORTHING":180930,"Latitude":51.5107,"Longitude":-0.0256,"in_cw":false,"whole_in_zone":true},"geometry":{"type":"Point","coordinates":[-0.0256,51.5107]}},
{"type":"Feature","properties":{"lsoa":"E01004252","oa":"E00167233","left":-0.0263145,"bottom":51.5142,"right":-0.0240152,"top":51.5153,"EASTING":537170,"NORTHING":181410,"Latitude":51.515,"Longitude":-0.0246,"in_cw":false,"whole_in_zone":true},"geometry":{"type":"Point","coordinates":[-0.0246,51.515]}},
{"type":"Feature","properties":{"lsoa":"E01004249","oa":"E00167234","left":-0.00909632,"bottom":51.5149,"right":-0.00497382,"top":51.5169,"EASTING":538350,"NORTHING":181530,"Latitude":51.5158,"Longitude":-0.00752,"in_cw":false,"whole_in_zone":true},"geometry":{"type":"Point","coordinates":[-0.00752,51.5158]}},
{"type":"Feature","properties":{"lsoa":"E01004285","oa":"E00167235","left":-0.0378568,"bottom":51.5164,"right":-0.0346219,"top":51.5185,"EASTING":536370,"NORTHING":181670,"Latitude":51.5175,"Longitude":-0.036,"in_cw":false,"whole_in_zone":true},"geometry":{"type":"Point","coordinates":[-0.036,51.5175]}},
{"type":"Feature","properties":{"lsoa":"E01032768","oa":"E00167236","left":-0.0390916,"bottom":51.5117,"right":-0.036465,"top":51.5127,"EASTING":536260,"NORTHING":181100,"Latitude":51.5124,"Longitude":-0.0378,"in_cw":false,"whole_in_zone":true},"geometry":{"type":"Point","coordinates":[-0.0378,51.5124]}},
{"type":"Feature","properties":{"lsoa":"E01032768","oa":"E00167237","left":-0.0392745,"bottom":51.5111,"right":-0.0371734,"top":51.5123,"EASTING":536210,"NORTHING":181060,"Latitude":51.5121,"Longitude":-0.0385264,"in_cw":false,"whole_in_zone":true},"geometry":{"type":"Point","coordinates":[-0.038526,51.5121]}},
{"type":"Feature","properties":{"lsoa":"E01004286","oa":"E00167238","left":-0.0373808,"bottom":51.5141,"right":-0.0354101,"top":51.5153,"EASTING":536330,"NORTHING":181370,"Latitude":51.5148,"Longitude":-0.0367,"in_cw":false,"whole_in_zone":true},"geometry":{"type":"Point","coordinates":[-0.0367,51.5148]}},
{"type":"Feature","properties":{"lsoa":"E01004286","oa":"E00167239","left":-0.0357244,"bottom":51.5144,"right":-0.0338265,"top":51.5165,"EASTING":536440,"NORTHING":181410,"Latitude":51.5151,"Longitude":-0.0351,"in_cw":false,"whole_in_zone":true},"geometry":{"type":"Point","coordinates":[-0.0351,51.5151]}},
{"type":"Feature","properties":{"lsoa":"E01004285","oa":"E00167240","left":-0.0364813,"bottom":51.5157,"right":-0.0338219,"top":51.5176,"EASTING":536440,"NORTHING":181600,"Latitude":51.5169,"Longitude":-0.035,"in_cw":false,"whole_in_zone":true},"geometry":{"type":"Point","coordinates":[-0.035,51.5169]}},
{"type":"Feature","properties":{"lsoa":"E01004283","oa":"E00167241","left":-0.0487897,"bottom":51.5154,"right":-0.0455589,"top":51.5169,"EASTING":535600,"NORTHING":181510,"Latitude":51.5162,"Longitude":-0.0471,"in_cw":false,"whole_in_zone":true},"geometry":{"type":"Point","coordinates":[-0.0471,51.5162]}},
{"type":"Feature","properties":{"lsoa":"E01032782","oa":"E00167248","left":-0.0253205,"bottom":51.5017,"right":-0.0242123,"top":51.5026,"EASTING":537200,"NORTHING":179960,"Latitude":51.5019,"Longitude":-0.0247,"in_cw":true,"whole_in_zone":true},"geometry":{"type":"Point","coordinates":[-0.0247,51.5019]}},
{"type":"Feature","properties":{"lsoa":"E01032782","oa":"E00167249","left":-0.0259248,"bottom":51.502,"right":-0.0246334,"top":51.5038,"EASTING":537150,"NORTHING":179990,"Latitude":51.5022,"Longitude":-0.0254,"in_cw":true,"whole_in_zone":true},"geometry":{"type":"Point","coordinates":[-0.0254,51.5022]}},
{"type":"Feature","properties":{"lsoa":"E01032782","oa":"E00167250","left":-0.0259799,"bottom":51.5015,"right":-0.0245342,"top":51.5022,"EASTING":537180,"NORTHING":179930,"Latitude":51.5017,"Longitude":-0.025,"in_cw":true,"whole_in_zone":true},"geometry":{"type":"Point","coordinates":[-0.025,51.5017]}},
{"type":"Feature","properties":{"lsoa":"E01004287","oa":"E00167252","left":-0.0517536,"bottom":51.5161,"right":-0.049836,"top":51.517,"EASTING":535370,"NORTHING":181540,"Latitude":51.5166,"Longitude":-0.0504,"in_cw":false,"whole_in_zone":true},"geometry":{"type":"Point","coordinates":[-0.0504,51.5166]}},
{"type":"Feature","properties":{"lsoa":"E01004284","oa":"E00167253","left":-0.0386777,"bottom":51.5181,"right":-0.0374654,"top":51.5191,"EASTING":536240,"NORTHING":181790,"Latitude":51.5186,"Longitude":-0.0378,"in_cw":false,"whole_in_zone":true},"geometry":{"type":"Point","coordinates":[-0.0378,51.5186]}},
{"type":"Feature","properties":{"lsoa":"E01004284","oa":"E00167255","left":-0.0417611,"bottom":51.5194,"right":-0.0362913,"top":51.5215,"EASTING":536270,"NORTHING":181940,"Latitude":51.5199,"Longitude":-0.0373,"in_cw":false,"whole_in_zone":true},"geometry":{"type":"Point","coordinates":[-0.0373,51.5199]}},
{"type":"Feature","properties":{"lsoa":"E01004284","oa":"E00167256","left":-0.0388677,"bottom":51.5185,"right":-0.0376652,"top":51.5199,"EASTING":536190,"NORTHING":181850,"Latitude":51.5192,"Longitude":-0.0385,"in_cw":false,"whole_in_zone":true},"geometry":{"type":"Point","coordinates":[-0.0385,51.5192]}},
{"type":"Feature","properties":{"lsoa":"E01004284","oa":"E00167257","left":-0.0377908,"bottom":51.5182,"right":-0.0356719,"top":51.5195,"EASTING":536300,"NORTHING":181820,"Latitude":51.5189,"Longitude":-0.0369,"in_cw":false,"whole_in_zone":true},"geometry":{"type":"Point","coordinates":[-0.0369,51.5189]}},
{"type":"Feature","properties":{"lsoa":"E01004284","oa":"E00167258","left":-0.0417586,"bottom":51.519,"right":-0.0388024,"top":51.52,"EASTING":536090,"NORTHING":181890,"Latitude":51.5195,"Longitude":-0.0399,"in_cw":false,"whole_in_zone":true},"geometry":{"type":"Point","coordinates":[-0.0399,51.5195]}},
{"type":"Feature","properties":{"lsoa":"E01004284","oa":"E00167259","left":-0.0427993,"bottom":51.5184,"right":-0.038776,"top":51.5207,"EASTING":536010,"NORTHING":181820,"Latitude":51.5189,"Longitude":-0.0411137,"in_cw":false,"whole_in_zone":true},"geometry":{"type":"Point","coordinates":[-0.041114,51.5189]}},
{"type":"Feature","properties":{"lsoa":"E01004283","oa":"E00167260","left":-0.0498965,"bottom":51.5167,"right":-0.0444051,"top":51.5192,"EASTING":535460,"NORTHING":181680,"Latitude":51.5178,"Longitude":-0.0491,"in_cw":false,"whole_in_zone":true},"geometry":{"type":"Point","coordinates":[-0.0491,51.5178]}},
{"type":"Feature","properties":{"lsoa":"E01004287","oa":"E00167261","left":-0.0530418,"bottom":51.5158,"right":-0.050643,"top":51.5171,"EASTING":535240,"NORTHING":181520,"Latitude":51.5164,"Longitude":-0.0523,"in_cw":false,"whole_in_zone":true},"geometry":{"type":"Point","coordinates":[-0.0523,51.5164]}},
{"type":"Feature","properties":{"lsoa":"E01004218","oa":"E00167262","left":-0.0047855,"bottom":51.4905,"right":-0.00345769,"top":51.4915,"EASTING":538660,"NORTHING":178760,"Latitude":51.4908,"Longitude":-0.00415,"in_cw":false,"whole_in_zone":true},"geometry":{"type":"Point","coordinates":[-0.00415,51.4908]}},
{"type":"Feature","properties":{"lsoa":"E01004290","oa":"E00167265","left":-0.0473541,"bottom":51.5187,"right":-0.0422898,"top":51.5209,"EASTING":535720,"NORTHING":181900,"Latitude":51.5197,"Longitude":-0.0453,"in_cw":false,"whole_in_zone":true},"geometry":{"type":"Point","coordinates":[-0.0453,51.5197]}},
{"type":"Feature","properties":{"lsoa":"E01004284","oa":"E00167266","left":-0.0455343,"bottom":51.5166,"right":-0.0386654,"top":51.5199,"EASTING":535820,"NORTHING":181790,"Latitude":51.5187,"Longitude":-0.0439,"in_cw":false,"whole_in_zone":true},"geometry":{"type":"Point","coordinates":[-0.0439,51.5187]}},
{"type":"Feature","properties":{"lsoa":"E01032637","oa":"E00167477","left":-0.073444,"bottom":51.5017,"right":-0.0717566,"top":51.5028,"EASTING":533860,"NORTHING":179890,"Latitude":51.5021,"Longitude":-0.0728,"in_cw":false,"whole_in_zone":true},"geometry":{"type":"Point","coordinates":[-0.0728,51.5021]}},
{"type":"Feature","properties":{"lsoa":"E01032637","oa":"E00167483","left":-0.0757277,"bottom":51.5008,"right":-0.0744334,"top":51.502,"EASTING":533730,"NORTHING":179810,"Latitude":51.5014,"Longitude":-0.0747,"in_cw":false,"whole_in_zone":true},"geometry":{"type":"Point","coordinates":[-0.0747,51.5014]}},
{"type":"Feature","properties":{"lsoa":"E01004028","oa":"E00167484","left":-0.0728593,"bottom":51.4967,"right":-0.0682168,"top":51.4999,"EASTING":533990,"NORTHING":179510,"Latitude":51.4987,"Longitude":-0.0711,"in_cw":false,"whole_in_zone":true},"geometry":{"type":"Point","coordinates":[-0.0711,51.4987]}},
{"type":"Feature","properties":{"lsoa":"E01032640","oa":"E00167485","left":-0.0749859,"bottom":51.5033,"right":-0.0721132,"top":51.505,"EASTING":533800,"NORTHING":180050,"Latitude":51.5036,"Longitude":-0.0736,"in_cw":false,"whole_in_zone":true},"geometry":{"type":"Point","coordinates":[-0.0736,51.5036]}},
{"type":"Feature","properties":{"lsoa":"E01004031","oa":"E00167486","left":-0.0509472,"bottom":51.4932,"right":-0.0443285,"top":51.4988,"EASTING":535590,"NORTHING":179560,"Latitude":51.4987,"Longitude":-0.048,"in_cw":false,"whole_in_zone":true},"geometry":{"type":"Point","coordinates":[-0.048,51.4987]}},
{"type":"Feature","properties":{"lsoa":"E01004031","oa":"E00167487","left":-0.0496228,"bottom":51.4968,"right":-0.0466352,"top":51.4987,"EASTING":535540,"NORTHING":179510,"Latitude":51.4983,"Longitude":-0.0488,"in_cw":false,"whole_in_zone":true},"geometry":{"type":"Point","coordinates":[-0.0488,51.4983]}},
{"type":"Feature","properties":{"lsoa":"E01004060","oa":"E00167488","left":-0.0449283,"bottom":51.4916,"right":-0.0383202,"top":51.4938,"EASTING":535990,"NORTHING":178840,"Latitude":51.4922,"Longitude":-0.0425,"in_cw":false,"whole_in_zone":true},"geometry":{"type":"Point","coordinates":[-0.0425,51.4922]}},
{"type":"Feature","properties":{"lsoa":"E01004060","oa":"E00167489","left":-0.0387567,"bottom":51.4929,"right":-0.0370397,"top":51.4938,"EASTING":536300,"NORTHING":178950,"Latitude":51.4931,"Longitude":-0.038,"in_cw":false,"whole_in_zone":true},"geometry":{"type":"Point","coordinates":[-0.038,51.4931]}},
{"type":"Feature","properties":{"lsoa":"E01032646","oa":"E00167490","left":-0.0807448,"bottom":51.5001,"right":-0.0770445,"top":51.502,"EASTING":533390,"NORTHING":179710,"Latitude":51.5006,"Longitude":-0.0796,"in_cw":false,"whole_in_zone":true},"geometry":{"type":"Point","coordinates":[-0.0796,51.5006]}},
{"type":"Feature","properties":{"lsoa":"E01003929","oa":"E00167497","left":-0.094693,"bottom":51.5013,"right":-0.0913358,"top":51.5048,"EASTING":532480,"NORTHING":180030,"Latitude":51.5037,"Longitude":-0.0926,"in_cw":false,"whole_in_zone":true},"geometry":{"type":"Point","coordinates":[-0.0926,51.5037]}},
{"type":"Feature","properties":{"lsoa":"E01004038","oa":"E00167502","left":-0.0635706,"bottom":51.4893,"right":-0.0620209,"top":51.4904,"EASTING":534620,"NORTHING":178500,"Latitude":51.4894,"Longitude":-0.0624,"in_cw":false,"whole_in_zone":true},"geometry":{"type":"Point","coordinates":[-0.0624,51.4894]}},
{"type":"Feature","properties":{"lsoa":"E01004012","oa":"E00167505","left":-0.0818849,"bottom":51.4788,"right":-0.079757,"top":51.4806,"EASTING":533380,"NORTHING":177390,"Latitude":51.4797,"Longitude":-0.0807,"in_cw":false,"whole_in_zone":true},"geometry":{"type":"Point","coordinates":[-0.0807,51.4797]}},
{"type":"Feature","properties":{"lsoa":"E01004012","oa":"E00167506","left":-0.0819528,"bottom":51.4794,"right":-0.0791861,"top":51.481,"EASTING":533410,"NORTHING":177470,"Latitude":51.4805,"Longitude":-0.0802,"in_cw":false,"whole_in_zone":true},"geometry":{"type":"Point","coordinates":[-0.0802,51.4805]}},
{"type":"Feature","properties":{"lsoa":"E01004012","oa":"E00167508","left":-0.0817841,"bottom":51.478,"right":-0.0795802,"top":51.4796,"EASTING":533370,"NORTHING":177300,"Latitude":51.4789,"Longitude":-0.0808,"in_cw":false,"whole_in_zone":true},"geometry":{"type":"Point","coordinates":[-0.0808,51.4789]}},
{"type":"Feature","properties":{"lsoa":"E01004011","oa":"E00167510","left":-0.0799187,"bottom":51.4788,"right":-0.0776905,"top":51.48,"EASTING":533480,"NORTHING":177370,"Latitude":51.4795,"Longitude":-0.0792,"in_cw":false,"whole_in_zone":true},"geometry":{"type":"Point","coordinates":[-0.0792,51.4795]}},
{"type":"Feature","properties":{"lsoa":"E01004011","oa":"E00167511","left":-0.0797342,"bottom":51.478,"right":-0.0761554,"top":51.4795,"EASTING":533540,"NORTHING":177290,"Latitude":51.4788,"Longitude":-0.0784,"in_cw":false,"whole_in_zone":true},"geometry":{"type":"Point","coordinates":[-0.0784,51.4788]}},
{"type":"Feature","properties":{"lsoa":"E01004012","oa":"E00167513","left":-0.0856698,"bottom":51.4808,"right":-0.0837438,"top":51.482,"EASTING":533100,"NORTHING":177570,"Latitude":51.4814,"Longitude":-0.0846,"in_cw":false,"whole_in_zone":true},"geometry":{"type":"Point","coordinates":[-0.0846,51.4814]}},
{"type":"Feature","properties":{"lsoa":"E01004038","oa":"E00167516","left":-0.0639482,"bottom":51.4881,"right":-0.0617624,"top":51.4895,"EASTING":534590,"NORTHING":178430,"Latitude":51.4888,"Longitude":-0.0629,"in_cw":false,"whole_in_zone":true},"geometry":{"type":"Point","coordinates":[-0.0629,51.4888]}},
{"type":"Feature","properties":{"lsoa":"E01004038","oa":"E00167517","left":-0.0622636,"bottom":51.4889,"right":-0.0605362,"top":51.49,"EASTING":534660,"NORTHING":178500,"Latitude":51.4894,"Longitude":-0.0618252,"in_cw":false,"whole_in_zone":true},"geometry":{"type":"Point","coordinates":[-0.061825,51.4894]}},
{"type":"Feature","properties":{"lsoa":"E01032638","oa":"E00167519","left":-0.0690374,"bottom":51.5009,"right":-0.0656225,"top":51.5029,"EASTING":534190,"NORTHING":179810,"Latitude":51.5013,"Longitude":-0.0681,"in_cw":false,"whole_in_zone":true},"geometry":{"type":"Point","coordinates":[-0.0681,51.5013]}},
{"type":"Feature","properties":{"lsoa":"E01032638","oa":"E00167678","left":-0.0684682,"bottom":51.5004,"right":-0.0665335,"top":51.5017,"EASTING":534230,"NORTHING":179760,"Latitude":51.5008,"Longitude":-0.0675,"in_cw":false,"whole_in_zone":true},"geometry":{"type":"Point","coordinates":[-0.0675,51.5008]}},
{"type":"Feature","properties":{"lsoa":"E01032640","oa":"E00167679","left":-0.0765629,"bottom":51.5019,"right":-0.0737448,"top":51.5037,"EASTING":533690,"NORTHING":179980,"Latitude":51.503,"Longitude":-0.0752,"in_cw":false,"whole_in_zone":true},"geometry":{"type":"Point","coordinates":[-0.0752,51.503]}},
{"type":"Feature","properties":{"lsoa":"E01032637","oa":"E00167681","left":-0.0762847,"bottom":51.5015,"right":-0.0746349,"top":51.5028,"EASTING":533650,"NORTHING":179860,"Latitude":51.5019,"Longitude":-0.0758,"in_cw":false,"whole_in_zone":true},"geometry":{"type":"Point","coordinates":[-0.0758,51.5019]}},
{"type":"Feature","properties":{"lsoa":"E01032640","oa":"E00167688","left":-0.0744616,"bottom":51.5031,"right":-0.0731108,"top":51.5037,"EASTING":533770,"NORTHING":180030,"Latitude":51.5034,"Longitude":-0.074057,"in_cw":false,"whole_in_zone":true},"geometry":{"type":"Point","coordinates":[-0.074057,51.5034]}},
{"type":"Feature","properties":{"lsoa":"E01032640","oa":"E00167751","left":-0.0742789,"bottom":51.5027,"right":-0.0733001,"top":51.5031,"EASTING":533770,"NORTHING":179980,"Latitude":51.5029,"Longitude":-0.0741,"in_cw":false,"whole_in_zone":true},"geometry":{"type":"Point","coordinates":[-0.0741,51.5029]}},
{"type":"Feature","properties":{"lsoa":"E01004011","oa":"E00167752","left":-0.0793867,"bottom":51.4763,"right":-0.077173,"top":51.4785,"EASTING":533560,"NORTHING":177210,"Latitude":51.4781,"Longitude":-0.0781,"in_cw":false,"whole_in_zone":true},"geometry":{"type":"Point","coordinates":[-0.0781,51.4781]}},
{"type":"Feature","properties":{"lsoa":"E01004012","oa":"E00167754","left":-0.0813194,"bottom":51.478,"right":-0.0802325,"top":51.4789,"EASTING":533380,"NORTHING":177250,"Latitude":51.4785,"Longitude":-0.0807,"in_cw":false,"whole_in_zone":true},"geometry":{"type":"Point","coordinates":[-0.0807,51.4785]}},
{"type":"Feature","properties":{"lsoa":"E01003941","oa":"E00167755","left":-0.0865392,"bottom":51.494,"right":-0.0841844,"top":51.4966,"EASTING":532990,"NORTHING":179120,"Latitude":51.4954,"Longitude":-0.0856,"in_cw":false,"whole_in_zone":true},"geometry":{"type":"Point","coordinates":[-0.0856,51.4954]}},
{"type":"Feature","properties":{"lsoa":"E01004031","oa":"E00167758","left":-0.0526189,"bottom":51.4959,"right":-0.0488239,"top":51.498,"EASTING":535400,"NORTHING":179420,"Latitude":51.4975,"Longitude":-0.0508,"in_cw":false,"whole_in_zone":true},"geometry":{"type":"Point","coordinates":[-0.0508,51.4975]}},
{"type":"Feature","properties":{"lsoa":"E01003938","oa":"E00167766","left":-0.0912695,"bottom":51.4982,"right":-0.0882706,"top":51.5009,"EASTING":532690,"NORTHING":179590,"Latitude":51.4997,"Longitude":-0.0898,"in_cw":false,"whole_in_zone":true},"geometry":{"type":"Point","coordinates":[-0.0898,51.4997]}},
{"type":"Feature","properties":{"lsoa":"E01003916","oa":"E00167975","left":-0.0826345,"bottom":51.4766,"right":-0.080457,"top":51.4787,"EASTING":533320,"NORTHING":177180,"Latitude":51.4779,"Longitude":-0.0816,"in_cw":false,"whole_in_zone":true},"geometry":{"type":"Point","coordinates":[-0.0816,51.4779]}},
{"type":"Feature","properties":{"lsoa":"E01032722","oa":"E00167981","left":-0.0962465,"bottom":51.4898,"right":-0.0899994,"top":51.4931,"EASTING":532550,"NORTHING":178680,"Latitude":51.4915,"Longitude":-0.0921,"in_cw":false,"whole_in_zone":true},"geometry":{"type":"Point","coordinates":[-0.0921,51.4915]}},
{"type":"Feature","properties":{"lsoa":"E01032646","oa":"E00167982","left":-0.0822497,"bottom":51.4992,"right":-0.0792819,"top":51.5009,"EASTING":533290,"NORTHING":179620,"Latitude":51.4998,"Longitude":-0.0811234,"in_cw":false,"whole_in_zone":true},"geometry":{"type":"Point","coordinates":[-0.081123,51.4998]}},
{"type":"Feature","properties":{"lsoa":"E01003987","oa":"E00167984","left":-0.0589255,"bottom":51.4842,"right":-0.0539354,"top":51.4856,"EASTING":535030,"NORTHING":178030,"Latitude":51.4851,"Longitude":-0.0567,"in_cw":false,"whole_in_zone":true},"geometry":{"type":"Point","coordinates":[-0.0567,51.4851]}},
{"type":"Feature","properties":{"lsoa":"E01032803","oa":"E00167987","left":-0.0857965,"bottom":51.4986,"right":-0.0837517,"top":51.4997,"EASTING":533080,"NORTHING":179540,"Latitude":51.4991,"Longitude":-0.0842,"in_cw":false,"whole_in_zone":true},"geometry":{"type":"Point","coordinates":[-0.0842,51.4991]}},
{"type":"Feature","properties":{"lsoa":"E01003938","oa":"E00167989","left":-0.091284,"bottom":51.4999,"right":-0.0896588,"top":51.5005,"EASTING":532670,"NORTHING":179650,"Latitude":51.5002,"Longitude":-0.09,"in_cw":false,"whole_in_zone":true},"geometry":{"type":"Point","coordinates":[-0.09,51.5002]}},
{"type":"Feature","properties":{"lsoa":"E01003939","oa":"E00167992","left":-0.091909,"bottom":51.5001,"right":-0.090013,"top":51.5011,"EASTING":532600,"NORTHING":179690,"Latitude":51.5006,"Longitude":-0.091,"in_cw":false,"whole_in_zone":true},"geometry":{"type":"Point","coordinates":[-0.091,51.5006]}},
{"type":"Feature","properties":{"lsoa":"E01004022","oa":"E00167993","left":-0.0698992,"bottom":51.4962,"right":-0.0685505,"top":51.4972,"EASTING":534120,"NORTHING":179320,"Latitude":51.4969,"Longitude":-0.0693,"in_cw":false,"whole_in_zone":true},"geometry":{"type":"Point","coordinates":[-0.0693,51.4969]}},
{"type":"Feature","properties":{"lsoa":"E01003941","oa":"E00167995","left":-0.0851065,"bottom":51.4957,"right":-0.0836013,"top":51.497,"EASTING":533060,"NORTHING":179220,"Latitude":51.4963,"Longitude":-0.0846,"in_cw":false,"whole_in_zone":true},"geometry":{"type":"Point","coordinates":[-0.0846,51.4963]}},
{"type":"Feature","properties":{"lsoa":"E01003987","oa":"E00168003","left":-0.0582946,"bottom":51.4853,"right":-0.0566822,"top":51.4864,"EASTING":534940,"NORTHING":178090,"Latitude":51.4857,"Longitude":-0.058,"in_cw":false,"whole_in_zone":true},"geometry":{"type":"Point","coordinates":[-0.058,51.4857]}},
{"type":"Feature","properties":{"lsoa":"E01003987","oa":"E00168004","left":-0.0567723,"bottom":51.4844,"right":-0.0528243,"top":51.4867,"EASTING":535130,"NORTHING":178090,"Latitude":51.4856,"Longitude":-0.0552166,"in_cw":false,"whole_in_zone":true},"geometry":{"type":"Point","coordinates":[-0.055217,51.4856]}},
{"type":"Feature","properties":{"lsoa":"E01004022","oa":"E00168006","left":-0.0698659,"bottom":51.497,"right":-0.0661698,"top":51.4982,"EASTING":534170,"NORTHING":179420,"Latitude":51.4978,"Longitude":-0.0685,"in_cw":false,"whole_in_zone":true},"geometry":{"type":"Point","coordinates":[-0.0685,51.4978]}},
{"type":"Feature","properties":{"lsoa":"E01004022","oa":"E00168007","left":-0.0689697,"bottom":51.4958,"right":-0.0671598,"top":51.4973,"EASTING":534200,"NORTHING":179300,"Latitude":51.4967,"Longitude":-0.0681,"in_cw":false,"whole_in_zone":true},"geometry":{"type":"Point","coordinates":[-0.0681,51.4967]}},
{"type":"Feature","properties":{"lsoa":"E01032805","oa":"E00168012","left":-0.0646911,"bottom":51.4739,"right":-0.0604094,"top":51.4763,"EASTING":534780,"NORTHING":176960,"Latitude":51.4756,"Longitude":-0.0607,"in_cw":false,"whole_in_zone":true},"geometry":{"type":"Point","coordinates":[-0.0607,51.4756]}},
{"type":"Feature","properties":{"lsoa":"E01003916","oa":"E00168013","left":-0.0839914,"bottom":51.4778,"right":-0.0817251,"top":51.4789,"EASTING":533220,"NORTHING":177210,"Latitude":51.4782,"Longitude":-0.083,"in_cw":false,"whole_in_zone":true},"geometry":{"type":"Point","coordinates":[-0.083,51.4782]}},
{"type":"Feature","properties":{"lsoa":"E01003912","oa":"E00168015","left":-0.0832142,"bottom":51.4746,"right":-0.0784669,"top":51.4772,"EASTING":533360,"NORTHING":176940,"Latitude":51.4757,"Longitude":-0.0811,"in_cw":false,"whole_in_zone":true},"geometry":{"type":"Point","coordinates":[-0.0811,51.4757]}},
{"type":"Feature","properties":{"lsoa":"E01004012","oa":"E00168017","left":-0.0841048,"bottom":51.4808,"right":-0.0796658,"top":51.4819,"EASTING":533330,"NORTHING":177560,"Latitude":51.4813,"Longitude":-0.0813,"in_cw":false,"whole_in_zone":true},"geometry":{"type":"Point","coordinates":[-0.0813,51.4813]}},
{"type":"Feature","properties":{"lsoa":"E01004012","oa":"E00168018","left":-0.0840268,"bottom":51.4793,"right":-0.0814722,"top":51.4813,"EASTING":533250,"NORTHING":177510,"Latitude":51.4809,"Longitude":-0.0825,"in_cw":false,"whole_in_zone":true},"geometry":{"type":"Point","coordinates":[-0.0825,51.4809]}},
{"type":"Feature","properties":{"lsoa":"E01032803","oa":"E00168023","left":-0.0844619,"bottom":51.4982,"right":-0.0824735,"top":51.4993,"EASTING":533140,"NORTHING":179490,"Latitude":51.4987,"Longitude":-0.0833,"in_cw":false,"whole_in_zone":true},"geometry":{"type":"Point","coordinates":[-0.0833,51.4987]}},
{"type":"Feature","properties":{"lsoa":"E01032646","oa":"E00168026","left":-0.0814151,"bottom":51.4977,"right":-0.0789761,"top":51.4996,"EASTING":533340,"NORTHING":179530,"Latitude":51.499,"Longitude":-0.0804,"in_cw":false,"whole_in_zone":true},"geometry":{"type":"Point","coordinates":[-0.0804,51.499]}},
{"type":"Feature","properties":{"lsoa":"E01032803","oa":"E00168027","left":-0.084231,"bottom":51.4987,"right":-0.0812524,"top":51.5,"EASTING":533150,"NORTHING":179560,"Latitude":51.4993,"Longitude":-0.0832,"in_cw":false,"whole_in_zone":true},"geometry":{"type":"Point","coordinates":[-0.0832,51.4993]}},
{"type":"Feature","properties":{"lsoa":"E01032646","oa":"E00168029","left":-0.0829265,"bottom":51.4979,"right":-0.0810823,"top":51.4992,"EASTING":533230,"NORTHING":179460,"Latitude":51.4984,"Longitude":-0.082,"in_cw":false,"whole_in_zone":true},"geometry":{"type":"Point","coordinates":[-0.082,51.4984]}},
{"type":"Feature","properties":{"lsoa":"E01003939","oa":"E00168079","left":-0.0932072,"bottom":51.501,"right":-0.0897181,"top":51.5028,"EASTING":532620,"NORTHING":179850,"Latitude":51.502,"Longitude":-0.0907,"in_cw":false,"whole_in_zone":true},"geometry":{"type":"Point","coordinates":[-0.0907,51.502]}},
{"type":"Feature","properties":{"lsoa":"E01003936","oa":"E00168080","left":-0.0920985,"bottom":51.4965,"right":-0.0902484,"top":51.4977,"EASTING":532600,"NORTHING":179300,"Latitude":51.4971,"Longitude":-0.0912,"in_cw":false,"whole_in_zone":true},"geometry":{"type":"Point","coordinates":[-0.0912,51.4971]}},
{"type":"Feature","properties":{"lsoa":"E01003305","oa":"E00173939","left":-0.0509114,"bottom":51.4765,"right":-0.0476224,"top":51.4783,"EASTING":535580,"NORTHING":177140,"Latitude":51.477,"Longitude":-0.0491,"in_cw":false,"whole_in_zone":true},"geometry":{"type":"Point","coordinates":[-0.0491,51.477]}},
{"type":"Feature","properties":{"lsoa":"E01003301","oa":"E00173940","left":-0.0463857,"bottom":51.4774,"right":-0.0443127,"top":51.4799,"EASTING":535830,"NORTHING":177340,"Latitude":51.4787,"Longitude":-0.0454,"in_cw":false,"whole_in_zone":true},"geometry":{"type":"Point","coordinates":[-0.0454,51.4787]}},
{"type":"Feature","properties":{"lsoa":"E01003215","oa":"E00173941","left":-0.0402745,"bottom":51.4725,"right":-0.0339331,"top":51.4757,"EASTING":536360,"NORTHING":176860,"Latitude":51.4743,"Longitude":-0.038,"in_cw":false,"whole_in_zone":true},"geometry":{"type":"Point","coordinates":[-0.038,51.4743]}},
{"type":"Feature","properties":{"lsoa":"E01003215","oa":"E00173942","left":-0.0363949,"bottom":51.475,"right":-0.0325716,"top":51.4759,"EASTING":536620,"NORTHING":177020,"Latitude":51.4757,"Longitude":-0.0342,"in_cw":false,"whole_in_zone":true},"geometry":{"type":"Point","coordinates":[-0.0342,51.4757]}},
{"type":"Feature","properties":{"lsoa":"E01003249","oa":"E00173943","left":-0.0327566,"bottom":51.488,"right":-0.0273406,"top":51.4897,"EASTING":536750,"NORTHING":178490,"Latitude":51.4888,"Longitude":-0.0317,"in_cw":false,"whole_in_zone":true},"geometry":{"type":"Point","coordinates":[-0.0317,51.4888]}},
{"type":"Feature","properties":{"lsoa":"E01003249","oa":"E00173946","left":-0.0322878,"bottom":51.4894,"right":-0.0275446,"top":51.4913,"EASTING":536740,"NORTHING":178690,"Latitude":51.4906,"Longitude":-0.0318,"in_cw":false,"whole_in_zone":true},"geometry":{"type":"Point","coordinates":[-0.0318,51.4906]}},
{"type":"Feature","properties":{"lsoa":"E01003251","oa":"E00173947","left":-0.0311913,"bottom":51.4813,"right":-0.0282172,"top":51.4826,"EASTING":536830,"NORTHING":177720,"Latitude":51.4819,"Longitude":-0.0309,"in_cw":false,"whole_in_zone":true},"geometry":{"type":"Point","coordinates":[-0.0309,51.4819]}},
{"type":"Feature","properties":{"lsoa":"E01003251","oa":"E00173948","left":-0.0284438,"bottom":51.4815,"right":-0.0274674,"top":51.4821,"EASTING":537050,"NORTHING":177700,"Latitude":51.4817,"Longitude":-0.0277,"in_cw":false,"whole_in_zone":true},"geometry":{"type":"Point","coordinates":[-0.0277,51.4817]}},
{"type":"Feature","properties":{"lsoa":"E01003301","oa":"E00173949","left":-0.0461706,"bottom":51.4787,"right":-0.0426409,"top":51.4816,"EASTING":535840,"NORTHING":177490,"Latitude":51.4801,"Longitude":-0.0452,"in_cw":false,"whole_in_zone":true},"geometry":{"type":"Point","coordinates":[-0.0452,51.4801]}},
{"type":"Feature","properties":{"lsoa":"E01003338","oa":"E00173950","left":-0.0489696,"bottom":51.474,"right":-0.0460204,"top":51.4755,"EASTING":535700,"NORTHING":176890,"Latitude":51.4747,"Longitude":-0.0475,"in_cw":false,"whole_in_zone":true},"geometry":{"type":"Point","coordinates":[-0.0475,51.4747]}},
{"type":"Feature","properties":{"lsoa":"E01003338","oa":"E00173951","left":-0.0513488,"bottom":51.4733,"right":-0.0481558,"top":51.4756,"EASTING":535530,"NORTHING":176840,"Latitude":51.4743,"Longitude":-0.0499385,"in_cw":false,"whole_in_zone":true},"geometry":{"type":"Point","coordinates":[-0.049938,51.4743]}},
{"type":"Feature","properties":{"lsoa":"E01033576","oa":"E00175044","left":0.0108634,"bottom":51.5101,"right":0.0140453,"top":51.5125,"EASTING":539750,"NORTHING":181160,"Latitude":51.5121,"Longitude":0.0125,"in_cw":false,"whole_in_zone":true},"geometry":{"type":"Point","coordinates":[0.0125,51.5121]}},
{"type":"Feature","properties":{"lsoa":"E01033585","oa":"E00175046","left":0.00222279,"bottom":51.5105,"right":0.0143051,"top":51.5164,"EASTING":539750,"NORTHING":181470,"Latitude":51.5149,"Longitude":0.0126,"in_cw":false,"whole_in_zone":true},"geometry":{"type":"Point","coordinates":[0.0126,51.5149]}},
{"type":"Feature","properties":{"lsoa":"E01003503","oa":"E00175051","left":0.00640047,"bottom":51.5152,"right":0.0122227,"top":51.5178,"EASTING":539560,"NORTHING":181710,"Latitude":51.5171,"Longitude":0.00997,"in_cw":false,"whole_in_zone":true},"geometry":{"type":"Point","coordinates":[0.00997,51.5171]}},
{"type":"Feature","properties":{"lsoa":"E01003503","oa":"E00175057","left":0.00757682,"bottom":51.5172,"right":0.00914484,"top":51.5189,"EASTING":539450,"NORTHING":181830,"Latitude":51.5182,"Longitude":0.00844,"in_cw":false,"whole_in_zone":true},"geometry":{"type":"Point","coordinates":[0.00844,51.5182]}},
{"type":"Feature","properties":{"lsoa":"E01033727","oa":"E00176488","left":-0.0224032,"bottom":51.4803,"right":-0.0194838,"top":51.481,"EASTING":537480,"NORTHING":177610,"Latitude":51.4807,"Longitude":-0.0216,"in_cw":false,"whole_in_zone":true},"geometry":{"type":"Point","coordinates":[-0.0216,51.4807]}},
{"type":"Feature","properties":{"lsoa":"E01033728","oa":"E00176489","left":-0.0193243,"bottom":51.4808,"right":-0.0176335,"top":51.4818,"EASTING":537700,"NORTHING":177650,"Latitude":51.4811,"Longitude":-0.0184,"in_cw":false,"whole_in_zone":true},"geometry":{"type":"Point","coordinates":[-0.0184,51.4811]}},
{"type":"Feature","properties":{"lsoa":"E01033727","oa":"E00176490","left":-0.0248064,"bottom":51.4805,"right":-0.0187256,"top":51.4827,"EASTING":537490,"NORTHING":177660,"Latitude":51.4812,"Longitude":-0.0214162,"in_cw":false,"whole_in_zone":true},"geometry":{"type":"Point","coordinates":[-0.021416,51.4812]}},
{"type":"Feature","properties":{"lsoa":"E01033727","oa":"E00176491","left":-0.0231729,"bottom":51.4796,"right":-0.0200985,"top":51.4809,"EASTING":537460,"NORTHING":177540,"Latitude":51.4801,"Longitude":-0.0219,"in_cw":false,"whole_in_zone":true},"geometry":{"type":"Point","coordinates":[-0.0219,51.4801]}},
{"type":"Feature","properties":{"lsoa":"E01033730","oa":"E00176493","left":-0.0220067,"bottom":51.474,"right":-0.0168443,"top":51.4782,"EASTING":537550,"NORTHING":177030,"Latitude":51.4755,"Longitude":-0.0207978,"in_cw":false,"whole_in_zone":true},"geometry":{"type":"Point","coordinates":[-0.020798,51.4755]}},
{"type":"Feature","properties":{"lsoa":"E01033730","oa":"E00176494","left":-0.0189537,"bottom":51.4753,"right":-0.0164861,"top":51.4766,"EASTING":537770,"NORTHING":177090,"Latitude":51.476,"Longitude":-0.0176,"in_cw":false,"whole_in_zone":true},"geometry":{"type":"Point","coordinates":[-0.0176,51.476]}},
{"type":"Feature","properties":{"lsoa":"E01033730","oa":"E00176495","left":-0.0154131,"bottom":51.4781,"right":-0.0139928,"top":51.4792,"EASTING":537960,"NORTHING":177410,"Latitude":51.4788,"Longitude":-0.0147,"in_cw":false,"whole_in_zone":true},"geometry":{"type":"Point","coordinates":[-0.0147,51.4788]}},
{"type":"Feature","properties":{"lsoa":"E01033727","oa":"E00176497","left":-0.0224716,"bottom":51.4816,"right":-0.0193187,"top":51.4827,"EASTING":537540,"NORTHING":177750,"Latitude":51.482,"Longitude":-0.0206616,"in_cw":false,"whole_in_zone":true},"geometry":{"type":"Point","coordinates":[-0.020662,51.482]}},
{"type":"Feature","properties":{"lsoa":"E01001640","oa":"E00176498","left":-0.0160956,"bottom":51.4793,"right":-0.0136698,"top":51.4803,"EASTING":538010,"NORTHING":177540,"Latitude":51.48,"Longitude":-0.014,"in_cw":false,"whole_in_zone":true},"geometry":{"type":"Point","coordinates":[-0.014,51.48]}},
{"type":"Feature","properties":{"lsoa":"E01033730","oa":"E00176499","left":-0.0190429,"bottom":51.4784,"right":-0.0148797,"top":51.4814,"EASTING":537870,"NORTHING":177470,"Latitude":51.4794,"Longitude":-0.016,"in_cw":false,"whole_in_zone":true},"geometry":{"type":"Point","coordinates":[-0.016,51.4794]}},
{"type":"Feature","properties":{"lsoa":"E01033728","oa":"E00176500","left":-0.0207066,"bottom":51.4823,"right":-0.0178714,"top":51.4835,"EASTING":537630,"NORTHING":177860,"Latitude":51.483,"Longitude":-0.0193,"in_cw":false,"whole_in_zone":true},"geometry":{"type":"Point","coordinates":[-0.0193,51.483]}},
{"type":"Feature","properties":{"lsoa":"E01033732","oa":"E00176503","left":0.00990807,"bottom":51.4927,"right":0.0134104,"top":51.4946,"EASTING":539810,"NORTHING":179140,"Latitude":51.4939,"Longitude":0.0126,"in_cw":false,"whole_in_zone":true},"geometry":{"type":"Point","coordinates":[0.0126,51.4939]}},
{"type":"Feature","properties":{"lsoa":"E01033733","oa":"E00176504","left":0.0128917,"bottom":51.4932,"right":0.0156194,"top":51.4946,"EASTING":539860,"NORTHING":179130,"Latitude":51.4938,"Longitude":0.0133,"in_cw":false,"whole_in_zone":true},"geometry":{"type":"Point","coordinates":[0.0133,51.4938]}},
{"type":"Feature","properties":{"lsoa":"E01001668","oa":"E00176505","left":-0.00289938,"bottom":51.4839,"right":0.00156627,"top":51.4859,"EASTING":538800,"NORTHING":178080,"Latitude":51.4846,"Longitude":-0.0024,"in_cw":false,"whole_in_zone":true},"geometry":{"type":"Point","coordinates":[-0.0024,51.4846]}},
{"type":"Feature","properties":{"lsoa":"E01001668","oa":"E00176506","left":0.00105017,"bottom":51.4867,"right":0.00488216,"top":51.4891,"EASTING":539220,"NORTHING":178430,"Latitude":51.4877,"Longitude":0.00378,"in_cw":false,"whole_in_zone":true},"geometry":{"type":"Point","coordinates":[0.00378,51.4877]}},
{"type":"Feature","properties":{"lsoa":"E01033730","oa":"E00176515","left":-0.0177143,"bottom":51.4765,"right":-0.0121972,"top":51.4791,"EASTING":537910,"NORTHING":177400,"Latitude":51.4788,"Longitude":-0.0155,"in_cw":false,"whole_in_zone":true},"geometry":{"type":"Point","coordinates":[-0.0155,51.4788]}},
{"type":"Feature","properties":{"lsoa":"E01033733","oa":"E00176518","left":0.0123846,"bottom":51.49,"right":0.0291922,"top":51.4965,"EASTING":539900,"NORTHING":179060,"Latitude":51.4932,"Longitude":0.0138,"in_cw":false,"whole_in_zone":true},"geometry":{"type":"Point","coordinates":[0.0138,51.4932]}},
{"type":"Feature","properties":{"lsoa":"E01033732","oa":"E00176519","left":0.0105159,"bottom":51.4907,"right":0.0166719,"top":51.4933,"EASTING":539850,"NORTHING":178980,"Latitude":51.4925,"Longitude":0.0131,"in_cw":false,"whole_in_zone":true},"geometry":{"type":"Point","coordinates":[0.0131,51.4925]}},
{"type":"Feature","properties":{"lsoa":"E01033730","oa":"E00176522","left":-0.0191434,"bottom":51.478,"right":-0.0156065,"top":51.4795,"EASTING":537840,"NORTHING":177460,"Latitude":51.4793,"Longitude":-0.0165,"in_cw":false,"whole_in_zone":true},"geometry":{"type":"Point","coordinates":[-0.0165,51.4793]}},
{"type":"Feature","properties":{"lsoa":"E01001640","oa":"E00176535","left":-0.0138158,"bottom":51.4806,"right":-0.00937043,"top":51.4828,"EASTING":538200,"NORTHING":177740,"Latitude":51.4817,"Longitude":-0.0112,"in_cw":false,"whole_in_zone":true},"geometry":{"type":"Point","coordinates":[-0.0112,51.4817]}},
{"type":"Feature","properties":{"lsoa":"E01001640","oa":"E00176540","left":-0.0164864,"bottom":51.4797,"right":-0.0140814,"top":51.4809,"EASTING":537900,"NORTHING":177560,"Latitude":51.4802,"Longitude":-0.0156,"in_cw":false,"whole_in_zone":true},"geometry":{"type":"Point","coordinates":[-0.0156,51.4802]}},
{"type":"Feature","properties":{"lsoa":"E01033728","oa":"E00176547","left":-0.0197598,"bottom":51.4813,"right":-0.0163395,"top":51.4827,"EASTING":537650,"NORTHING":177770,"Latitude":51.4821,"Longitude":-0.0191,"in_cw":false,"whole_in_zone":true},"geometry":{"type":"Point","coordinates":[-0.0191,51.4821]}},
{"type":"Feature","properties":{"lsoa":"E01001640","oa":"E00176551","left":-0.0156463,"bottom":51.4806,"right":-0.0128656,"top":51.4814,"EASTING":537960,"NORTHING":177630,"Latitude":51.4808,"Longitude":-0.0147,"in_cw":false,"whole_in_zone":true},"geometry":{"type":"Point","coordinates":[-0.0147,51.4808]}},
{"type":"Feature","properties":{"lsoa":"E01033732","oa":"E00176553","left":0.0122135,"bottom":51.4946,"right":0.0140534,"top":51.4961,"EASTING":539860,"NORTHING":179280,"Latitude":51.4952,"Longitude":0.0133,"in_cw":false,"whole_in_zone":true},"geometry":{"type":"Point","coordinates":[0.0133,51.4952]}},
{"type":"Feature","properties":{"lsoa":"E01001668","oa":"E00176554","left":-0.00565048,"bottom":51.4844,"right":0.0047593,"top":51.49,"EASTING":538940,"NORTHING":178260,"Latitude":51.4862,"Longitude":-0.000313,"in_cw":false,"whole_in_zone":true},"geometry":{"type":"Point","coordinates":[-0.000313,51.4862]}},
{"type":"Feature","properties":{"lsoa":"E01001644","oa":"E00176556","left":-0.01974,"bottom":51.4725,"right":-0.0152899,"top":51.4755,"EASTING":537700,"NORTHING":176860,"Latitude":51.474,"Longitude":-0.0187,"in_cw":false,"whole_in_zone":true},"geometry":{"type":"Point","coordinates":[-0.0187,51.474]}},
{"type":"Feature","properties":{"lsoa":"E01033728","oa":"E00176560","left":-0.0253444,"bottom":51.4833,"right":-0.0188291,"top":51.4868,"EASTING":537490,"NORTHING":177950,"Latitude":51.4838,"Longitude":-0.0213,"in_cw":false,"whole_in_zone":true},"geometry":{"type":"Point","coordinates":[-0.0213,51.4838]}},
{"type":"Feature","properties":{"lsoa":"E01001665","oa":"E00176566","left":0.0109522,"bottom":51.4836,"right":0.015209,"top":51.4862,"EASTING":539800,"NORTHING":178170,"Latitude":51.4852,"Longitude":0.012,"in_cw":false,"whole_in_zone":true},"geometry":{"type":"Point","coordinates":[0.012,51.4852]}},
{"type":"Feature","properties":{"lsoa":"E01033728","oa":"E00176579","left":-0.0205909,"bottom":51.483,"right":-0.0187083,"top":51.485,"EASTING":537600,"NORTHING":177900,"Latitude":51.4833,"Longitude":-0.0197397,"in_cw":false,"whole_in_zone":true},"geometry":{"type":"Point","coordinates":[-0.01974,51.4833]}},
{"type":"Feature","properties":{"lsoa":"E01001587","oa":"E00176580","left":0.00498212,"bottom":51.4817,"right":0.00690853,"top":51.4826,"EASTING":539410,"NORTHING":177820,"Latitude":51.4822,"Longitude":0.00628,"in_cw":false,"whole_in_zone":true},"geometry":{"type":"Point","coordinates":[0.00628,51.4822]}},
{"type":"Feature","properties":{"lsoa":"E01033728","oa":"E00176590","left":-0.0221453,"bottom":51.4821,"right":-0.0194513,"top":51.4838,"EASTING":537520,"NORTHING":177840,"Latitude":51.4828,"Longitude":-0.0209,"in_cw":false,"whole_in_zone":true},"geometry":{"type":"Point","coordinates":[-0.0209,51.4828]}},
{"type":"Feature","properties":{"lsoa":"E01001665","oa":"E00176591","left":0.00836818,"bottom":51.4839,"right":0.0114938,"top":51.4863,"EASTING":539720,"NORTHING":178200,"Latitude":51.4855,"Longitude":0.0109,"in_cw":false,"whole_in_zone":true},"geometry":{"type":"Point","coordinates":[0.0109,51.4855]}},
{"type":"Feature","properties":{"lsoa":"E01001587","oa":"E00176592","left":0.00584052,"bottom":51.4819,"right":0.00839622,"top":51.4832,"EASTING":539440,"NORTHING":177860,"Latitude":51.4825,"Longitude":0.00673,"in_cw":false,"whole_in_zone":true},"geometry":{"type":"Point","coordinates":[0.00673,51.4825]}},
{"type":"Feature","properties":{"lsoa":"E01001587","oa":"E00176594","left":0.0024401,"bottom":51.4799,"right":0.00839253,"top":51.4821,"EASTING":539410,"NORTHING":177710,"Latitude":51.4812,"Longitude":0.00624,"in_cw":false,"whole_in_zone":true},"geometry":{"type":"Point","coordinates":[0.00624,51.4812]}},
{"type":"Feature","properties":{"lsoa":"E01033732","oa":"E00176595","left":0.0109293,"bottom":51.4939,"right":0.0129284,"top":51.4949,"EASTING":539780,"NORTHING":179210,"Latitude":51.4946,"Longitude":0.0122,"in_cw":false,"whole_in_zone":true},"geometry":{"type":"Point","coordinates":[0.0122,51.4946]}}
]}
