# index	predicate	file	rows	bytes	sha256	merkle-leaves	graphs	graph-set	literal-index	geo-index	subject-zone	object-zone	blobs
0	http://www.opengis.net/ont/geosparql#hasGeometry	predicate-0.ibk5	224	34016	4a65e215860eedd6df3d0b91ca7bd6d28526dc8d4751dd250aaebfe929fed645	predicate-0.ibk5.merkle	1	https://danbri.github.io/londat/kgx/graph/buildings.p00/3fa086f639aa1bdc	predicate-0.ibk5.lgi2	predicate-0.ibk5.gbi1	0038000000687474..0038000000687474	0041000000687474..0041000000687474	0
1	http://www.w3.org/1999/02/22-rdf-syntax-ns#type	predicate-1.ibk5	448	22891	7d337b5b91979fd3e1a356067e1c6dd73efca790252c6de73f81a3b934cf0d6f	predicate-1.ibk5.merkle	1	https://danbri.github.io/londat/kgx/graph/buildings.p00/3fa086f639aa1bdc	predicate-1.ibk5.lgi2	predicate-1.ibk5.gbi1	0038000000687474..0038000000687474	0018000000687474..0032000000687474	0
2	https://danbri.github.io/londat/kgx/vocab#buildingTag	predicate-2.ibk5	224	19469	ef4a9ab45d3b4ccc3e1143a4303012eaac5d491d704e8ddf5a2fe10c919af647	predicate-2.ibk5.merkle	1	https://danbri.github.io/londat/kgx/graph/buildings.p00/3fa086f639aa1bdc	predicate-2.ibk5.lgi2	predicate-2.ibk5.gbi1	0038000000687474..0038000000687474	0203000000796573..020d000000747261	0
3	https://danbri.github.io/londat/kgx/vocab#footprintAreaM2	predicate-3.ibk5	224	28007	9e13577266877a9d8bf7fd501543e5fae13b4ebf2857b9af789d3573bcab0864	predicate-3.ibk5.merkle	1	https://danbri.github.io/londat/kgx/graph/buildings.p00/3fa086f639aa1bdc	predicate-3.ibk5.lgi2	predicate-3.ibk5.gbi1	0038000000687474..0038000000687474	0201000000352800..0204000000333631	0
4	https://danbri.github.io/londat/kgx/vocab#houseName	predicate-4.ibk5	35	5227	56d758d6458e04297a8d4c9c8dd7fbad4aced6bcfc2ddf26b60a3a54125413ae	predicate-4.ibk5.merkle	1	https://danbri.github.io/londat/kgx/graph/buildings.p00/3fa086f639aa1bdc	predicate-4.ibk5.lgi2	predicate-4.ibk5.gbi1	0038000000687474..0038000000687474	020b000000437275..0217000000546865	0
5	https://danbri.github.io/londat/kgx/vocab#levels	predicate-5.ibk5	114	9932	bf499be65aa714fb92b0665e50275b9d1a0a3afc375c8cb145a9901f07f0316f	predicate-5.ibk5.merkle	1	https://danbri.github.io/londat/kgx/graph/buildings.p00/3fa086f639aa1bdc	predicate-5.ibk5.lgi2	predicate-5.ibk5.gbi1	0038000000687474..0038000000687474	0201000000312800..0202000000333028	0
6	https://danbri.github.io/londat/kgx/vocab#toid	predicate-6.ibk5	414	46106	6171504292076e0b1886c88f68e9e80aefe626228daca854b355eca9be8f0dff	predicate-6.ibk5.merkle	1	https://danbri.github.io/londat/kgx/graph/buildings.p00/3fa086f639aa1bdc	predicate-6.ibk5.lgi2	predicate-6.ibk5.gbi1	0038000000687474..0038000000687474	02110000006f7367..02140000006f7367	0
7	https://danbri.github.io/londat/kgx/vocab#uprnCount	predicate-7.ibk5	173	16531	3fd3f7944f211027875aadc30234b2d733ba544d3c70ca63b9bf8cd21e3cecb9	predicate-7.ibk5.merkle	1	https://danbri.github.io/londat/kgx/graph/buildings.p00/3fa086f639aa1bdc	predicate-7.ibk5.lgi2	predicate-7.ibk5.gbi1	0038000000687474..0038000000687474	0201000000312800..0202000000393328	0
8	https://schema.org/identifier	predicate-8.ibk5	224	31085	c11b1c74de85724c5da9c0e9c00cf2bfb98e64d05607309b28a2836f800c10b2	predicate-8.ibk5.merkle	1	https://danbri.github.io/londat/kgx/graph/buildings.p00/3fa086f639aa1bdc	predicate-8.ibk5.lgi2	predicate-8.ibk5.gbi1	0038000000687474..0038000000687474	0208000000637762..0208000000637762	0
9	https://schema.org/latitude	predicate-9.ibk5	224	30627	7cb4ca3aed6b4addf0a6fc6cf19e529467745e36db3004b83c866add3c9b330d	predicate-9.ibk5.merkle	1	https://danbri.github.io/londat/kgx/graph/buildings.p00/3fa086f639aa1bdc	predicate-9.ibk5.lgi2	predicate-9.ibk5.gbi1	0038000000687474..0038000000687474	020700000035312e..020900000035312e	0
10	https://schema.org/longitude	predicate-10.ibk5	224	31505	f562acfa64f800a2c6257a1dd7b8a2fc9dc567ba71691e0b9f8182ca7912d10c	predicate-10.ibk5.merkle	1	https://danbri.github.io/londat/kgx/graph/buildings.p00/3fa086f639aa1bdc	predicate-10.ibk5.lgi2	predicate-10.ibk5.gbi1	0038000000687474..0038000000687474	02080000002d302e..02090000002d302e	0
11	https://schema.org/name	predicate-11.ibk5	60	9003	889746387ce91625f8c40f47430abbe46dd014bcf0a57a8cc482100873fde57d	predicate-11.ibk5.merkle	1	https://danbri.github.io/londat/kgx/graph/buildings.p00/3fa086f639aa1bdc	predicate-11.ibk5.lgi2	predicate-11.ibk5.gbi1	0038000000687474..0038000000687474	02050000004c5354..0237000000332050	0
12	https://schema.org/postalCode	predicate-12.ibk5	179	18652	21bac1b2ac469f29a51c42ab0651efb31f36f2594e9f7197b0d26da3e422c6af	predicate-12.ibk5.merkle	1	https://danbri.github.io/londat/kgx/graph/buildings.p00/3fa086f639aa1bdc	predicate-12.ibk5.lgi2	predicate-12.ibk5.gbi1	0038000000687474..0038000000687474	0207000000453134..0207000000453134	0
13	https://schema.org/sameAs	predicate-13.ibk5	224	29104	b5763b381dd40fb85b9c676fcbca6fd0482115c72a893464586536b3f6ee43f6	predicate-13.ibk5.merkle	1	https://danbri.github.io/londat/kgx/graph/buildings.p00/3fa086f639aa1bdc	predicate-13.ibk5.lgi2	predicate-13.ibk5.gbi1	0038000000687474..0038000000687474	002a000000687474..002e000000687474	0
14	http://www.w3.org/2002/07/owl#sameAs	predicate-14.ibk5	10	1430	4de2541bde599ba8ea3ec13d4c014ddc36a1f895d1b23ff58b0880eb1ab4841a	predicate-14.ibk5.merkle	1	https://danbri.github.io/londat/kgx/graph/buildings.p00/3fa086f639aa1bdc	predicate-14.ibk5.lgi2	predicate-14.ibk5.gbi1	0038000000687474..0038000000687474	0026000000687474..0029000000687474	0
15	https://schema.org/alternateName	predicate-15.ibk5	3	626	ac0750ce1a274831da009e13c7dc2c64125c0c78b4f759b767c693ded14e863e	predicate-15.ibk5.merkle	1	https://danbri.github.io/londat/kgx/graph/buildings.p00/3fa086f639aa1bdc	predicate-15.ibk5.lgi2	predicate-15.ibk5.gbi1	0038000000687474..0038000000687474	020e000000436f72..021f000000536169	0
16	https://danbri.github.io/londat/kgx/vocab#heightMetres	predicate-16.ibk5	5	646	2f658a6b8113776fc8ebcd87dddacb838e1b0cbfd10e82a8750d6d8a3494f0bc	predicate-16.ibk5.merkle	1	https://danbri.github.io/londat/kgx/graph/buildings.p00/3fa086f639aa1bdc	predicate-16.ibk5.lgi2	predicate-16.ibk5.gbi1	0038000000687474..0038000000687474	0201000000372800..0201000000372800	0
17	http://www.opengis.net/ont/geosparql#hasGeometry	predicate-17.ibk5	231	35073	975adbe7df76b1efa5fb26e317520dea84aae145eae16336bfb9fd2be631867c	predicate-17.ibk5.merkle	1	https://danbri.github.io/londat/kgx/graph/buildings.p01/ac4fcc1934b3e786	predicate-17.ibk5.lgi2	predicate-17.ibk5.gbi1	0038000000687474..0038000000687474	0041000000687474..0041000000687474	0
18	http://www.w3.org/1999/02/22-rdf-syntax-ns#type	predicate-18.ibk5	462	23598	62fc492c1f38951ea504233cd6ce3bc6a371c7f6cb70374ad78195be0f563f2d	predicate-18.ibk5.merkle	1	https://danbri.github.io/londat/kgx/graph/buildings.p01/ac4fcc1934b3e786	predicate-18.ibk5.lgi2	predicate-18.ibk5.gbi1	0038000000687474..0038000000687474	0018000000687474..0032000000687474	0
19	https://danbri.github.io/londat/kgx/vocab#buildingTag	predicate-19.ibk5	231	20165	486cbd0562cf41dc6a404826517eb05ccf23997a68bbec976c795b47b750f792	predicate-19.ibk5.merkle	1	https://danbri.github.io/londat/kgx/graph/buildings.p01/ac4fcc1934b3e786	predicate-19.ibk5.lgi2	predicate-19.ibk5.gbi1	0038000000687474..0038000000687474	0203000000796573..020e000000796573	0
20	https://danbri.github.io/londat/kgx/vocab#footprintAreaM2	predicate-20.ibk5	231	29411	fb420e90101c576586db9a9e66132ce813d80f7147f946a43070d13e5ed66fa1	predicate-20.ibk5.merkle	1	https://danbri.github.io/londat/kgx/graph/buildings.p01/ac4fcc1934b3e786	predicate-20.ibk5.lgi2	predicate-20.ibk5.gbi1	0038000000687474..0038000000687474	0201000000362800..0205000000313130	0
21	https://danbri.github.io/londat/kgx/vocab#levels	predicate-21.ibk5	104	9951	ee86cfd03b37e7ec20e9d8d0003c9b7fa6fbf5312d8bdf2fd3d06e95abf896a6	predicate-21.ibk5.merkle	1	https://danbri.github.io/londat/kgx/graph/buildings.p01/ac4fcc1934b3e786	predicate-21.ibk5.lgi2	predicate-21.ibk5.gbi1	0038000000687474..0038000000687474	0201000000312800..0202000000353828	0
22	https://danbri.github.io/londat/kgx/vocab#toid	predicate-22.ibk5	246	29686	c1eb04683e324eb23e313007f08bdad46ac71f1e65515aaf46afadbae900fa9d	predicate-22.ibk5.merkle	1	https://danbri.github.io/londat/kgx/graph/buildings.p01/ac4fcc1934b3e786	predicate-22.ibk5.lgi2	predicate-22.ibk5.gbi1	0038000000687474..0038000000687474	02110000006f7367..02140000006f7367	0
23	https://danbri.github.io/londat/kgx/vocab#uprnCount	predicate-23.ibk5	150	15360	ef7d95a0e9c36b95fb646d0e6c6b09acea984d74eae8bb4f536e2eaf1530ae1f	predicate-23.ibk5.merkle	1	https://danbri.github.io/londat/kgx/graph/buildings.p01/ac4fcc1934b3e786	predicate-23.ibk5.lgi2	predicate-23.ibk5.gbi1	0038000000687474..0038000000687474	0201000000312800..0203000000363431	0
24	https://schema.org/identifier	predicate-24.ibk5	231	32051	224fbb8080524eb25d7f2527bc27f27404866f9e4bada43c06ddabc8809e1489	predicate-24.ibk5.merkle	1	https://danbri.github.io/londat/kgx/graph/buildings.p01/ac4fcc1934b3e786	predicate-24.ibk5.lgi2	predicate-24.ibk5.gbi1	0038000000687474..0038000000687474	0208000000637762..0208000000637762	0
25	https://schema.org/latitude	predicate-25.ibk5	231	32254	94078e8a317c33eb60d7c3c67f5657843047c9a595e7de8b7f6df210b915c4e9	predicate-25.ibk5.merkle	1	https://danbri.github.io/londat/kgx/graph/buildings.p01/ac4fcc1934b3e786	predicate-25.ibk5.lgi2	predicate-25.ibk5.gbi1	0038000000687474..0038000000687474	020800000035312e..020900000035312e	0
26	https://schema.org/longitude	predicate-26.ibk5	231	32489	0b800b5b0e2b31fc4df7782c29a58f764650155165265055276a8814b5c8462b	predicate-26.ibk5.merkle	1	https://danbri.github.io/londat/kgx/graph/buildings.p01/ac4fcc1934b3e786	predicate-26.ibk5.lgi2	predicate-26.ibk5.gbi1	0038000000687474..0038000000687474	02080000002d302e..02090000002d302e	0
27	https://schema.org/postalCode	predicate-27.ibk5	226	21220	4642e4907fc105d978d4e8dcdfba98effb433e911288beb4993d9f5575bba9f8	predicate-27.ibk5.merkle	1	https://danbri.github.io/londat/kgx/graph/buildings.p01/ac4fcc1934b3e786	predicate-27.ibk5.lgi2	predicate-27.ibk5.gbi1	0038000000687474..0038000000687474	0207000000453134..0207000000453134	0
28	https://schema.org/sameAs	predicate-28.ibk5	231	30015	dce07ad7aa21760cdb1d6618f5a99c39b4caa072ae18c7cfc9c46a0d7445eba7	predicate-28.ibk5.merkle	1	https://danbri.github.io/londat/kgx/graph/buildings.p01/ac4fcc1934b3e786	predicate-28.ibk5.lgi2	predicate-28.ibk5.gbi1	0038000000687474..0038000000687474	0029000000687474..002f000000687474	0
29	https://danbri.github.io/londat/kgx/vocab#houseName	predicate-29.ibk5	32	4692	94f19ced1681624beb75b4aea3e74d2b48862d8b5de100c5ecf2c63c7af14581	predicate-29.ibk5.merkle	1	https://danbri.github.io/londat/kgx/graph/buildings.p01/ac4fcc1934b3e786	predicate-29.ibk5.lgi2	predicate-29.ibk5.gbi1	0038000000687474..0038000000687474	02070000004d5620..0216000000546865	0
30	http://www.w3.org/2002/07/owl#sameAs	predicate-30.ibk5	34	4348	6e4e1f42f713b7d53b6c79ff17b87c60bf3e33ccf3310dd8971ac524f93550ac	predicate-30.ibk5.merkle	1	https://danbri.github.io/londat/kgx/graph/buildings.p01/ac4fcc1934b3e786	predicate-30.ibk5.lgi2	predicate-30.ibk5.gbi1	0038000000687474..0038000000687474	0026000000687474..0029000000687474	0
31	https://schema.org/name	predicate-31.ibk5	109	15971	48eb86cb58dbccf14c714837cb04623b850a1c1f489a5245fd87132729249734	predicate-31.ibk5.merkle	1	https://danbri.github.io/londat/kgx/graph/buildings.p01/ac4fcc1934b3e786	predicate-31.ibk5.lgi2	predicate-31.ibk5.gbi1	0038000000687474..0038000000687474	02040000004b504d..0231000000416363	0
32	https://danbri.github.io/londat/kgx/vocab#heightMetres	predicate-32.ibk5	15	2092	be41af6fec475d09b54d9159db6a66324ae94bdbac393dfa211294be47289aa0	predicate-32.ibk5.merkle	1	https://danbri.github.io/londat/kgx/graph/buildings.p01/ac4fcc1934b3e786	predicate-32.ibk5.lgi2	predicate-32.ibk5.gbi1	0038000000687474..0038000000687474	0201000000362800..0205000000313939	0
33	https://schema.org/alternateName	predicate-33.ibk5	13	2055	1eca3c9cf35d978229cb3b2293fe13a2d93872e8bbd7046e1edbc0e98905357f	predicate-33.ibk5.merkle	1	https://danbri.github.io/londat/kgx/graph/buildings.p01/ac4fcc1934b3e786	predicate-33.ibk5.lgi2	predicate-33.ibk5.gbi1	0038000000687474..0038000000687474	0207000000485342..021d0000004d6172	0
34	http://www.opengis.net/ont/geosparql#hasGeometry	predicate-34.ibk5	226	34318	c3e430e3ce432d421e481cde7936280e09680a365e86195a9488c4dce9b038b7	predicate-34.ibk5.merkle	1	https://danbri.github.io/londat/kgx/graph/buildings.p02/4e1c64e70af12ffc	predicate-34.ibk5.lgi2	predicate-34.ibk5.gbi1	0038000000687474..0038000000687474	0041000000687474..0041000000687474	0
35	http://www.w3.org/1999/02/22-rdf-syntax-ns#type	predicate-35.ibk5	452	23093	eb91d9e677b9d4cac4f76104dd6ad04aa54dc721870f77bf125666da3342d68f	predicate-35.ibk5.merkle	1	https://danbri.github.io/londat/kgx/graph/buildings.p02/4e1c64e70af12ffc	predicate-35.ibk5.lgi2	predicate-35.ibk5.gbi1	0038000000687474..0038000000687474	0018000000687474..0032000000687474	0
36	https://danbri.github.io/londat/kgx/vocab#buildingTag	predicate-36.ibk5	226	19798	700948cb0f756f96e8ba0ae74fb4de5d96fff56a47e0708515f4583cdf920352	predicate-36.ibk5.merkle	1	https://danbri.github.io/londat/kgx/graph/buildings.p02/4e1c64e70af12ffc	predicate-36.ibk5.lgi2	predicate-36.ibk5.gbi1	0038000000687474..0038000000687474	0203000000687574..020d000000747261	0
37	https://danbri.github.io/londat/kgx/vocab#footprintAreaM2	predicate-37.ibk5	226	27624	93babf5997fb326fb7cd662a362f922db4e1a050e87e654ba947e69546219f12	predicate-37.ibk5.merkle	1	https://danbri.github.io/londat/kgx/graph/buildings.p02/4e1c64e70af12ffc	predicate-37.ibk5.lgi2	predicate-37.ibk5.gbi1	0038000000687474..0038000000687474	0202000000313728..0204000000373136	0
38	https://schema.org/identifier	predicate-38.ibk5	226	31361	727a936c0e5ad12f043f8cc1cec2b2aeb670149fa924bfa6adc94a573179d141	predicate-38.ibk5.merkle	1	https://danbri.github.io/londat/kgx/graph/buildings.p02/4e1c64e70af12ffc	predicate-38.ibk5.lgi2	predicate-38.ibk5.gbi1	0038000000687474..0038000000687474	0208000000637762..0208000000637762	0
39	https://schema.org/latitude	predicate-39.ibk5	226	30905	c7da3496aad2e240ae907ee3fc6f74526e569d48bbe5348f97a63504056cbfac	predicate-39.ibk5.merkle	1	https://danbri.github.io/londat/kgx/graph/buildings.p02/4e1c64e70af12ffc	predicate-39.ibk5.lgi2	predicate-39.ibk5.gbi1	0038000000687474..0038000000687474	020700000035312e..020900000035312e	0
40	https://schema.org/longitude	predicate-40.ibk5	226	31728	65a2e7cbf1dee3bbfee52f5fec25746344782741b737e42927f63df343359214	predicate-40.ibk5.merkle	1	https://danbri.github.io/londat/kgx/graph/buildings.p02/4e1c64e70af12ffc	predicate-40.ibk5.lgi2	predicate-40.ibk5.gbi1	0038000000687474..0038000000687474	02060000002d302e..02090000002d302e	0
41	https://schema.org/postalCode	predicate-41.ibk5	270	24917	abc1725b77c5b32d84bb3894715cc30b1364949bbab7caeca239347389ecfb98	predicate-41.ibk5.merkle	1	https://danbri.github.io/londat/kgx/graph/buildings.p02/4e1c64e70af12ffc	predicate-41.ibk5.lgi2	predicate-41.ibk5.gbi1	0038000000687474..0038000000687474	0207000000453134..0207000000453232	0
42	https://schema.org/sameAs	predicate-42.ibk5	226	29357	3dffa93067948f6735d092de261d586d9741edb4fa5da9dcde4e5889b319a5d8	predicate-42.ibk5.merkle	1	https://danbri.github.io/londat/kgx/graph/buildings.p02/4e1c64e70af12ffc	predicate-42.ibk5.lgi2	predicate-42.ibk5.gbi1	0038000000687474..0038000000687474	002a000000687474..002c000000687474	0
43	https://danbri.github.io/londat/kgx/vocab#toid	predicate-43.ibk5	199	26313	b255064ca3086cbdcd05124989c543df2663b91fec83591d4e5bf85eec98426c	predicate-43.ibk5.merkle	1	https://danbri.github.io/londat/kgx/graph/buildings.p02/4e1c64e70af12ffc	predicate-43.ibk5.lgi2	predicate-43.ibk5.gbi1	0038000000687474..0038000000687474	02110000006f7367..02140000006f7367	0
44	https://danbri.github.io/londat/kgx/vocab#uprnCount	predicate-44.ibk5	159	15933	1ebf35d970bed7a7876f978be23b7e032950cdeddf46b582e85e0dfe79680819	predicate-44.ibk5.merkle	1	https://danbri.github.io/londat/kgx/graph/buildings.p02/4e1c64e70af12ffc	predicate-44.ibk5.lgi2	predicate-44.ibk5.gbi1	0038000000687474..0038000000687474	0201000000312800..0203000000393936	0
45	http://www.w3.org/2002/07/owl#sameAs	predicate-45.ibk5	28	3686	93554db228cc432c454d92cb0c2849085cd554a138c03b5ce04ed2fa766d62ac	predicate-45.ibk5.merkle	1	https://danbri.github.io/londat/kgx/graph/buildings.p02/4e1c64e70af12ffc	predicate-45.ibk5.lgi2	predicate-45.ibk5.gbi1	0038000000687474..0038000000687474	0026000000687474..0029000000687474	0
46	https://danbri.github.io/londat/kgx/vocab#heightMetres	predicate-46.ibk5	40	4375	3aa83bcad53ec561ac3f54946904bbda4bc0b994ea1e11aa7aa6b4457c92306f	predicate-46.ibk5.merkle	1	https://danbri.github.io/londat/kgx/graph/buildings.p02/4e1c64e70af12ffc	predicate-46.ibk5.lgi2	predicate-46.ibk5.gbi1	0038000000687474..0038000000687474	0201000000342800..020500000037302e	0
47	https://danbri.github.io/londat/kgx/vocab#levels	predicate-47.ibk5	136	12959	98d80e4d71fa4706750b4576f5ff8a6bad7e2ea1204b146dc0daf53b8d94f821	predicate-47.ibk5.merkle	1	https://danbri.github.io/londat/kgx/graph/buildings.p02/4e1c64e70af12ffc	predicate-47.ibk5.lgi2	predicate-47.ibk5.gbi1	0038000000687474..0038000000687474	0201000000312800..0202000000373528	0
48	https://schema.org/alternateName	predicate-48.ibk5	11	1735	60bf0708e2b58716189adba8c0ffaadb8db55ad19ffa8ea67f453abab9bd2904	predicate-48.ibk5.merkle	1	https://danbri.github.io/londat/kgx/graph/buildings.p02/4e1c64e70af12ffc	predicate-48.ibk5.lgi2	predicate-48.ibk5.gbi1	0038000000687474..0038000000687474	0204000000436974..021e000000486f62	0
49	https://schema.org/name	predicate-49.ibk5	82	12389	57f747c770f4468dce1a3a2ac9253415ca5a7c2635711d5117d11b9d3f3943b8	predicate-49.ibk5.merkle	1	https://danbri.github.io/londat/kgx/graph/buildings.p02/4e1c64e70af12ffc	predicate-49.ibk5.lgi2	predicate-49.ibk5.gbi1	0038000000687474..0038000000687474	0207000000416e69..0235000000416363	0
50	https://danbri.github.io/londat/kgx/vocab#houseName	predicate-50.ibk5	41	6411	44c420c182a92db422ef5f947ec0b6afb2f3c8e9b0c1ecd702bceaec87e8ca24	predicate-50.ibk5.merkle	1	https://danbri.github.io/londat/kgx/graph/buildings.p02/4e1c64e70af12ffc	predicate-50.ibk5.lgi2	predicate-50.ibk5.gbi1	0038000000687474..0038000000687474	020b000000416172..021d000000427269	0
51	https://danbri.github.io/londat/kgx/vocab#levelsUnderground	predicate-51.ibk5	2	408	1d825ab0ac253339a84e09bb6e564dd83df25596f6a399f8e474f0b19c7beb8a	predicate-51.ibk5.merkle	1	https://danbri.github.io/londat/kgx/graph/buildings.p02/4e1c64e70af12ffc	predicate-51.ibk5.lgi2	predicate-51.ibk5.gbi1	0038000000687474..0038000000687474	0201000000322800..0201000000322800	0
52	http://www.opengis.net/ont/geosparql#hasGeometry	predicate-52.ibk5	231	35073	342e5ff1530562c3c388926799d247b50abbd52c5e240e94b9e8cb246383be3d	predicate-52.ibk5.merkle	1	https://danbri.github.io/londat/kgx/graph/buildings.p03/d0ff8f12846a91c6	predicate-52.ibk5.lgi2	predicate-52.ibk5.gbi1	0038000000687474..0038000000687474	0041000000687474..0041000000687474	0
53	http://www.w3.org/1999/02/22-rdf-syntax-ns#type	predicate-53.ibk5	462	23598	04b69dce6cc3e05467f67e00d641a8c0948f48f09bef72d1b20dee7f87359a50	predicate-53.ibk5.merkle	1	https://danbri.github.io/londat/kgx/graph/buildings.p03/d0ff8f12846a91c6	predicate-53.ibk5.lgi2	predicate-53.ibk5.gbi1	0038000000687474..0038000000687474	0018000000687474..0032000000687474	0
54	https://danbri.github.io/londat/kgx/vocab#buildingTag	predicate-54.ibk5	231	19917	58491ee2fe12e68cd0239622cf6eda5f8872d57f63d6ad145ab086e71f2a32a9	predicate-54.ibk5.merkle	1	https://danbri.github.io/londat/kgx/graph/buildings.p03/d0ff8f12846a91c6	predicate-54.ibk5.lgi2	predicate-54.ibk5.gbi1	0038000000687474..0038000000687474	0203000000687574..020e000000747261	0
55	https://danbri.github.io/londat/kgx/vocab#footprintAreaM2	predicate-55.ibk5	231	27317	eed3b59819ba6871d3579bfe108fc9153f7c6edef10d152c9f8690a6fbf042a0	predicate-55.ibk5.merkle	1	https://danbri.github.io/londat/kgx/graph/buildings.p03/d0ff8f12846a91c6	predicate-55.ibk5.lgi2	predicate-55.ibk5.gbi1	0038000000687474..0038000000687474	0201000000372800..0204000000333839	0
56	https://danbri.github.io/londat/kgx/vocab#houseName	predicate-56.ibk5	37	5505	0af5e99899f1fbed66e36f207deda43b7c26e6fb3213e6172f88d8f4a3d0e5b7	predicate-56.ibk5.merkle	1	https://danbri.github.io/londat/kgx/graph/buildings.p03/d0ff8f12846a91c6	predicate-56.ibk5.lgi2	predicate-56.ibk5.gbi1	0038000000687474..0038000000687474	020a000000446f6c..021e000000446973	0
57	https://danbri.github.io/londat/kgx/vocab#levels	predicate-57.ibk5	138	12654	f43d9f458b4e3e9346e2e479c479b42c7623e3f6fbbfcf76d2fb1e3e32272f46	predicate-57.ibk5.merkle	1	https://danbri.github.io/londat/kgx/graph/buildings.p03/d0ff8f12846a91c6	predicate-57.ibk5.lgi2	predicate-57.ibk5.gbi1	0038000000687474..0038000000687474	0201000000312800..0203000000322e35	0
58	https://schema.org/identifier	predicate-58.ibk5	231	32051	31e3a6d3bdbf7062266689c2387f5ba653dc8aa028d6b7f6a7f342b81e7ba324	predicate-58.ibk5.merkle	1	https://danbri.github.io/londat/kgx/graph/buildings.p03/d0ff8f12846a91c6	predicate-58.ibk5.lgi2	predicate-58.ibk5.gbi1	0038000000687474..0038000000687474	0208000000637762..0208000000637762	0
59	https://schema.org/latitude	predicate-59.ibk5	231	31896	582a720dbb4870420c68dfb3410ff2adceb9d0c0ad5034cc6b38fe15fe72cf1a	predicate-59.ibk5.merkle	1	https://danbri.github.io/londat/kgx/graph/buildings.p03/d0ff8f12846a91c6	predicate-59.ibk5.lgi2	predicate-59.ibk5.gbi1	0038000000687474..0038000000687474	020700000035312e..020900000035312e	0
60	https://schema.org/longitude	predicate-60.ibk5	231	32497	ab080dfd924e371cc01c708321ee0467e3967641b5b442dfaa60662555ec611c	predicate-60.ibk5.merkle	1	https://danbri.github.io/londat/kgx/graph/buildings.p03/d0ff8f12846a91c6	predicate-60.ibk5.lgi2	predicate-60.ibk5.gbi1	0038000000687474..0038000000687474	02070000002d302e..02090000002d302e	0
61	https://schema.org/postalCode	predicate-61.ibk5	240	23344	c29f0c5d636d41c84752e7db3342787ca3cc391e7c352b318adf3846c307e8de	predicate-61.ibk5.merkle	1	https://danbri.github.io/londat/kgx/graph/buildings.p03/d0ff8f12846a91c6	predicate-61.ibk5.lgi2	predicate-61.ibk5.gbi1	0038000000687474..0038000000687474	0207000000453134..0207000000453232	0
62	https://schema.org/sameAs	predicate-62.ibk5	231	29995	98156a5b98897c6021b2302333346fd2b161054f742148b69425b5bd8e554d17	predicate-62.ibk5.merkle	1	https://danbri.github.io/londat/kgx/graph/buildings.p03/d0ff8f12846a91c6	predicate-62.ibk5.lgi2	predicate-62.ibk5.gbi1	0038000000687474..0038000000687474	002a000000687474..002c000000687474	0
63	https://danbri.github.io/londat/kgx/vocab#toid	predicate-63.ibk5	261	33274	a5a2e93732a963734baa1c8b040b12d48f57ad01c87b948532b1e6f1c6666627	predicate-63.ibk5.merkle	1	https://danbri.github.io/londat/kgx/graph/buildings.p03/d0ff8f12846a91c6	predicate-63.ibk5.lgi2	predicate-63.ibk5.gbi1	0038000000687474..0038000000687474	02110000006f7367..02140000006f7367	0
64	https://danbri.github.io/londat/kgx/vocab#uprnCount	predicate-64.ibk5	186	18383	95a9a8a4d0c90e12a1a77f1a46edff223a9b85553bd9930d6709396380a0f019	predicate-64.ibk5.merkle	1	https://danbri.github.io/londat/kgx/graph/buildings.p03/d0ff8f12846a91c6	predicate-64.ibk5.lgi2	predicate-64.ibk5.gbi1	0038000000687474..0038000000687474	0201000000312800..0203000000373939	0
65	https://schema.org/name	predicate-65.ibk5	42	6379	3111c07dfdcde4891345aa52c335cae09ea5bdaaffb9ee544e44d12c1632b46b	predicate-65.ibk5.merkle	1	https://danbri.github.io/londat/kgx/graph/buildings.p03/d0ff8f12846a91c6	predicate-65.ibk5.lgi2	predicate-65.ibk5.gbi1	0038000000687474..0038000000687474	020a00000041636f..0222000000556e69	0
66	http://www.w3.org/2002/07/owl#sameAs	predicate-66.ibk5	14	1938	7e107dc477cc5bcd9cbb4aacb46bb78a7aac1e9be41fef95b16cee7d9adbe130	predicate-66.ibk5.merkle	1	https://danbri.github.io/londat/kgx/graph/buildings.p03/d0ff8f12846a91c6	predicate-66.ibk5.lgi2	predicate-66.ibk5.gbi1	0038000000687474..0038000000687474	0027000000687474..0029000000687474	0
67	https://danbri.github.io/londat/kgx/vocab#heightMetres	predicate-67.ibk5	5	858	a5b48db2390109750f2fd9576051a8a48d97fb0d2786bb10026ab38a85847443	predicate-67.ibk5.merkle	1	https://danbri.github.io/londat/kgx/graph/buildings.p03/d0ff8f12846a91c6	predicate-67.ibk5.lgi2	predicate-67.ibk5.gbi1	0038000000687474..0038000000687474	0201000000362800..020500000032372e	0
68	http://www.opengis.net/ont/geosparql#asWKT	predicate-68.ibk5	66	26686	f14ba64d469248eae22345bb84c89471b2447bae3a956a59e257746740f3440e	predicate-68.ibk5.merkle	1	https://danbri.github.io/londat/kgx/graph/buildings.p04/b8e93f38612598cd	predicate-68.ibk5.lgi2	predicate-68.ibk5.gbi1	0041000000687474..0041000000687474	0205010000504f4c..02fd020000504f4c	0
69	http://www.w3.org/1999/02/22-rdf-syntax-ns#type	predicate-69.ibk5	500	28182	48635e5a2945b9fb88eebd20adf46440776080e9a74fcbadfb5d8fd07af31647	predicate-69.ibk5.merkle	1	https://danbri.github.io/londat/kgx/graph/buildings.p04/b8e93f38612598cd	predicate-69.ibk5.lgi2	predicate-69.ibk5.gbi1	0038000000687474..0041000000687474	0018000000687474..0032000000687474	0
70	http://www.opengis.net/ont/geosparql#hasGeometry	predicate-70.ibk5	217	32959	8d8c8e02fa014109c2eeab741e06a5b15384450a105da0737c5ddadcf64fd221	predicate-70.ibk5.merkle	1	https://danbri.github.io/londat/kgx/graph/buildings.p04/b8e93f38612598cd	predicate-70.ibk5.lgi2	predicate-70.ibk5.gbi1	0038000000687474..0038000000687474	0041000000687474..0041000000687474	0
71	https://danbri.github.io/londat/kgx/vocab#buildingTag	predicate-71.ibk5	217	18500	6a1fecf8c0a5d7c8812fe6d7beff1312ecfc2f7f275dd7608992390ee6165672	predicate-71.ibk5.merkle	1	https://danbri.github.io/londat/kgx/graph/buildings.p04/b8e93f38612598cd	predicate-71.ibk5.lgi2	predicate-71.ibk5.gbi1	0038000000687474..0038000000687474	0203000000796573..020b000000726573	0
72	https://danbri.github.io/londat/kgx/vocab#footprintAreaM2	predicate-72.ibk5	217	24362	a44ac0e44fe67581c57af5a999f828b1ae9feff51e159d488d44e3d67a634914	predicate-72.ibk5.merkle	1	https://danbri.github.io/londat/kgx/graph/buildings.p04/b8e93f38612598cd	predicate-72.ibk5.lgi2	predicate-72.ibk5.gbi1	0038000000687474..0038000000687474	0201000000362800..0204000000333139	0
73	https://danbri.github.io/londat/kgx/vocab#levels	predicate-73.ibk5	141	12428	e6d597acd98b7f8f5cbcb577752d84331a368b427082cf2b9f2dae75849e755e	predicate-73.ibk5.merkle	1	https://danbri.github.io/londat/kgx/graph/buildings.p04/b8e93f38612598cd	predicate-73.ibk5.lgi2	predicate-73.ibk5.gbi1	0038000000687474..0038000000687474	0201000000312800..0202000000343128	0
74	https://danbri.github.io/londat/kgx/vocab#toid	predicate-74.ibk5	292	36998	6f10fc54f73463ad0e39be941f8114501f4ffd0ac548cc60b117c995103ffab2	predicate-74.ibk5.merkle	1	https://danbri.github.io/londat/kgx/graph/buildings.p04/b8e93f38612598cd	predicate-74.ibk5.lgi2	predicate-74.ibk5.gbi1	0038000000687474..0038000000687474	02110000006f7367..02140000006f7367	0
75	https://danbri.github.io/londat/kgx/vocab#uprnCount	predicate-75.ibk5	200	18624	010fb24334fb2fe12d9bbc7bfe7264558ff4c17de1ab9c193a08ae7ba2d1e5f2	predicate-75.ibk5.merkle	1	https://danbri.github.io/londat/kgx/graph/buildings.p04/b8e93f38612598cd	predicate-75.ibk5.lgi2	predicate-75.ibk5.gbi1	0038000000687474..0038000000687474	0201000000312800..0203000000353238	0
76	https://schema.org/identifier	predicate-76.ibk5	217	30119	613343c96866e14a6666f6fdf9a9cfdfffdbd032719e9b9f334dad9d3e6be1da	predicate-76.ibk5.merkle	1	https://danbri.github.io/londat/kgx/graph/buildings.p04/b8e93f38612598cd	predicate-76.ibk5.lgi2	predicate-76.ibk5.gbi1	0038000000687474..0038000000687474	0208000000637762..0208000000637762	0
77	https://schema.org/latitude	predicate-77.ibk5	217	29519	cc3ec624b63ccdac270fabe0f71d04e614bca6e3ba3b1e911f7e2bb267e4ab36	predicate-77.ibk5.merkle	1	https://danbri.github.io/londat/kgx/graph/buildings.p04/b8e93f38612598cd	predicate-77.ibk5.lgi2	predicate-77.ibk5.gbi1	0038000000687474..0038000000687474	020600000035312e..020900000035312e	0
78	https://schema.org/longitude	predicate-78.ibk5	217	30290	4e9861c89198cddfa6bfb58e3eb4912c58baa5f75f3e81e6808462d1856a4158	predicate-78.ibk5.merkle	1	https://danbri.github.io/londat/kgx/graph/buildings.p04/b8e93f38612598cd	predicate-78.ibk5.lgi2	predicate-78.ibk5.gbi1	0038000000687474..0038000000687474	02070000002d302e..02090000002d302e	0
79	https://schema.org/postalCode	predicate-79.ibk5	231	21951	9911329cb248e1eb289963687d8351105477add63c7c96962ee8113bc1baa089	predicate-79.ibk5.merkle	1	https://danbri.github.io/londat/kgx/graph/buildings.p04/b8e93f38612598cd	predicate-79.ibk5.lgi2	predicate-79.ibk5.gbi1	0038000000687474..0038000000687474	0207000000453134..0207000000453134	0
80	https://schema.org/sameAs	predicate-80.ibk5	217	28228	f12ba60836d8b8de48f04a069f36959b798dcfa3ae4a826a620a0a4bb5cdaac9	predicate-80.ibk5.merkle	1	https://danbri.github.io/londat/kgx/graph/buildings.p04/b8e93f38612598cd	predicate-80.ibk5.lgi2	predicate-80.ibk5.gbi1	0038000000687474..0038000000687474	002a000000687474..002c000000687474	0
81	https://schema.org/name	predicate-81.ibk5	22	3405	2aa7c4d2d3457493092e9c3ac26cdaf2318f1a669427680eb3abe89c0068997d	predicate-81.ibk5.merkle	1	https://danbri.github.io/londat/kgx/graph/buildings.p04/b8e93f38612598cd	predicate-81.ibk5.lgi2	predicate-81.ibk5.gbi1	0038000000687474..0038000000687474	0208000000546563..0223000000506172	0
82	https://danbri.github.io/londat/kgx/vocab#houseName	predicate-82.ibk5	25	3702	2b493a4c7242c7b68e940e70404f1f701d18bf8a7641c7e17ed8c5bb462a6af9	predicate-82.ibk5.merkle	1	https://danbri.github.io/londat/kgx/graph/buildings.p04/b8e93f38612598cd	predicate-82.ibk5.lgi2	predicate-82.ibk5.gbi1	0038000000687474..0038000000687474	0209000000417368..0217000000546f6f	0
83	http://www.w3.org/2002/07/owl#sameAs	predicate-83.ibk5	3	550	1596f63790eea8ddf68c9a85f35b6471cc80082a2cde273fd9a6b4bee5c5a1c3	predicate-83.ibk5.merkle	1	https://danbri.github.io/londat/kgx/graph/buildings.p04/b8e93f38612598cd	predicate-83.ibk5.lgi2	predicate-83.ibk5.gbi1	0038000000687474..0038000000687474	0028000000687474..0028000000687474	0
84	https://danbri.github.io/londat/kgx/vocab#heightMetres	predicate-84.ibk5	2	456	ea0d6f1a9f2721f7a9c80fd7e23fa75c1c84a66a5ab9b730d1fcea6e9a1efc20	predicate-84.ibk5.merkle	1	https://danbri.github.io/londat/kgx/graph/buildings.p04/b8e93f38612598cd	predicate-84.ibk5.lgi2	predicate-84.ibk5.gbi1	0038000000687474..0038000000687474	0202000000333428..0202000000333928	0
85	http://www.opengis.net/ont/geosparql#asWKT	predicate-85.ibk5	1063	385209	4dcacba3edbd6aecb6d71a6980fd83db6ed5299f0cc0da71c0a7da85cc527a66	predicate-85.ibk5.merkle	1	https://danbri.github.io/londat/kgx/graph/buildings.p05/6bd2246a750ed380	predicate-85.ibk5.lgi2	predicate-85.ibk5.gbi1	0041000000687474..0041000000687474	0201020000504f4c..02fd020000504f4c	0
86	http://www.w3.org/1999/02/22-rdf-syntax-ns#type	predicate-86.ibk5	1063	95935	983896b13b8fc4e0641e69437ffbd45833d03fcc72498cdbc44f18bd63864b3b	predicate-86.ibk5.merkle	1	https://danbri.github.io/londat/kgx/graph/buildings.p05/6bd2246a750ed380	predicate-86.ibk5.lgi2	predicate-86.ibk5.gbi1	0041000000687474..0041000000687474	002d000000687474..002d000000687474	0
87	https://danbri.github.io/londat/kgx/vocab#descriptionKind	predicate-87.ibk5	427	55390	fb32789bcea2763b97e884d0bdec2e1d918e0b6198e9f26b3a08e521cc0f5677	predicate-87.ibk5.merkle	1	https://danbri.github.io/londat/kgx/graph/coref-iri.p00/25bfbdb2f6b9d434	predicate-87.ibk5.lgi2	predicate-87.ibk5.gbi1	0068000000687474..0068000000687474	02030000006f7267..0205000000706c61	0
88	https://schema.org/name	predicate-88.ibk5	425	56713	83dd3046b85e3140d2ae336e278022009229e8766121e8755c627c4b7e722166	predicate-88.ibk5.merkle	1	https://danbri.github.io/londat/kgx/graph/coref-iri.p00/25bfbdb2f6b9d434	predicate-88.ibk5.lgi2	predicate-88.ibk5.gbi1	0068000000687474..0068000000687474	0203000000444d52..021e000000497461	0
89	https://schema.org/subjectOf	predicate-89.ibk5	427	93237	d9ca58d4120b56ea4d665d8bc92c0d4e917a27fca858bff84183c76b5578100c	predicate-89.ibk5.merkle	1	https://danbri.github.io/londat/kgx/graph/coref-iri.p00/25bfbdb2f6b9d434	predicate-89.ibk5.lgi2	predicate-89.ibk5.gbi1	0068000000687474..0068000000687474	0014000000687474..0081000000687474	0
90	http://www.w3.org/2002/07/owl#sameAs	predicate-90.ibk5	397	54663	fdb388be0878b7480e21a2322947abd95c73d3c673355eb24ecf34c256093d21	predicate-90.ibk5.merkle	1	https://danbri.github.io/londat/kgx/graph/coref-iri.p00/25bfbdb2f6b9d434	predicate-90.ibk5.lgi2	predicate-90.ibk5.gbi1	0068000000687474..0068000000687474	0068000000687474..0068000000687474	0
91	https://danbri.github.io/londat/kgx/vocab#descriptionKind	predicate-91.ibk5	84	11093	cdb7b7577d3c219e2f92515b34eba6905f5072d96533bd141738ee966d8a38c7	predicate-91.ibk5.merkle	1	https://danbri.github.io/londat/kgx/graph/coref-postcode-name.p00/70fa8d3ca6d17dea	predicate-91.ibk5.lgi2	predicate-91.ibk5.gbi1	0068000000687474..0068000000687474	0205000000706c61..0205000000706c61	0
92	https://schema.org/name	predicate-92.ibk5	84	13260	5aa9716a2f0e53820b9fb46de0029d166fe1af5ec034271e09e03cb9a4673d80	predicate-92.ibk5.merkle	1	https://danbri.github.io/londat/kgx/graph/coref-postcode-name.p00/70fa8d3ca6d17dea	predicate-92.ibk5.lgi2	predicate-92.ibk5.gbi1	0068000000687474..0068000000687474	02040000004d6f73..022d000000517565	0
93	https://schema.org/subjectOf	predicate-93.ibk5	84	13425	7c251ca34b180d92a7f3d82baca336ef1423841df7f73450f07304e1d7b6b062	predicate-93.ibk5.merkle	1	https://danbri.github.io/londat/kgx/graph/coref-postcode-name.p00/70fa8d3ca6d17dea	predicate-93.ibk5.lgi2	predicate-93.ibk5.gbi1	0068000000687474..0068000000687474	0013000000687474..0047000000687474	0
94	http://www.w3.org/2002/07/owl#sameAs	predicate-94.ibk5	49	10318	2cfa629ec561fbdd01601f36e3529e564ef0eaa0f0d6441126418b3d8c1655d5	predicate-94.ibk5.merkle	1	https://danbri.github.io/londat/kgx/graph/coref-postcode-name.p00/70fa8d3ca6d17dea	predicate-94.ibk5.lgi2	predicate-94.ibk5.gbi1	0068000000687474..0068000000687474	0068000000687474..0068000000687474	0
95	https://danbri.github.io/londat/kgx/vocab#descriptionKind	predicate-95.ibk5	427	55393	d50d1c47d3a7bccf152234abf81778229d7afbc5b046bf43d761b9d50cc48986	predicate-95.ibk5.merkle	1	https://danbri.github.io/londat/kgx/graph/coref-sameAs.p00/041226af9602ae32	predicate-95.ibk5.lgi2	predicate-95.ibk5.gbi1	0068000000687474..0068000000687474	02030000006f7267..0205000000706c61	0
96	https://schema.org/name	predicate-96.ibk5	426	56833	ba7cd01c50b6677b264969e6c4b009246b903b5cf995ff5ff129716cadafbc20	predicate-96.ibk5.merkle	1	https://danbri.github.io/londat/kgx/graph/coref-sameAs.p00/041226af9602ae32	predicate-96.ibk5.lgi2	predicate-96.ibk5.gbi1	0068000000687474..0068000000687474	0203000000444d52..021a000000546f72	0
97	https://schema.org/subjectOf	predicate-97.ibk5	427	93269	56556c1f079523aad7b30edafef286d856e6ddfa4953a24f5633f8c84e61cdaa	predicate-97.ibk5.merkle	1	https://danbri.github.io/londat/kgx/graph/coref-sameAs.p00/041226af9602ae32	predicate-97.ibk5.lgi2	predicate-97.ibk5.gbi1	0068000000687474..0068000000687474	0013000000687474..0081000000687474	0
98	http://www.w3.org/2002/07/owl#sameAs	predicate-98.ibk5	400	54726	f007fa4bd1dba66e7860632f0b2be40cdced9bf9839d4bb4d40eafac1e1f09ca	predicate-98.ibk5.merkle	1	https://danbri.github.io/londat/kgx/graph/coref-sameAs.p00/041226af9602ae32	predicate-98.ibk5.lgi2	predicate-98.ibk5.gbi1	0068000000687474..0068000000687474	0068000000687474..0068000000687474	0
99	https://danbri.github.io/londat/kgx/vocab#descriptionKind	predicate-99.ibk5	162	21203	fe6bec0968a8dba6c3c68635ae9b9fdfcb0c30009f9257767a591d01842fc692	predicate-99.ibk5.merkle	1	https://danbri.github.io/londat/kgx/graph/coref-site-name.p00/b5b031a4b3141c7e	predicate-99.ibk5.lgi2	predicate-99.ibk5.gbi1	0068000000687474..0068000000687474	02030000006f7267..0205000000706c61	0
100	https://schema.org/name	predicate-100.ibk5	162	24601	712fea4ee92ac37194929fbcb108b9db925df0bf8a0045c4bae7f586faed14f6	predicate-100.ibk5.merkle	1	https://danbri.github.io/londat/kgx/graph/coref-site-name.p00/b5b031a4b3141c7e	predicate-100.ibk5.lgi2	predicate-100.ibk5.gbi1	0068000000687474..0068000000687474	0203000000444d52..022d000000517565	0
101	https://schema.org/subjectOf	predicate-101.ibk5	162	24600	bf6470c745f5e4e1ed16af6e216392464c23f844fb36968390d7f2105e9848be	predicate-101.ibk5.merkle	1	https://danbri.github.io/londat/kgx/graph/coref-site-name.p00/b5b031a4b3141c7e	predicate-101.ibk5.lgi2	predicate-101.ibk5.gbi1	0068000000687474..0068000000687474	0013000000687474..0067000000687474	0
102	http://www.w3.org/2002/07/owl#sameAs	predicate-102.ibk5	107	19976	ed12e464e0ae1504ede1c3470bc8ce1701a94d8247afccedab9c49fb16f3efb0	predicate-102.ibk5.merkle	1	https://danbri.github.io/londat/kgx/graph/coref-site-name.p00/b5b031a4b3141c7e	predicate-102.ibk5.lgi2	predicate-102.ibk5.gbi1	0068000000687474..0068000000687474	0068000000687474..0068000000687474	0
103	https://danbri.github.io/londat/kgx/vocab#descriptionKind	predicate-103.ibk5	47	6368	38922e36915f76e430a5f5d5a608448464f94a7c510fa505951d9b616d7a376b	predicate-103.ibk5.merkle	1	https://danbri.github.io/londat/kgx/graph/coref-telephone.p00/980586e88e281dff	predicate-103.ibk5.lgi2	predicate-103.ibk5.gbi1	0068000000687474..0068000000687474	02030000006f7267..0205000000706c61	0
104	https://schema.org/name	predicate-104.ibk5	47	7398	bdd245ba384538309eccc7f72d4b28b10e8325e8c9862a625f4e524cba7c36a9	predicate-104.ibk5.merkle	1	https://danbri.github.io/londat/kgx/graph/coref-telephone.p00/980586e88e281dff	predicate-104.ibk5.lgi2	predicate-104.ibk5.gbi1	0068000000687474..0068000000687474	02040000004d6f73..021a000000446972	0
105	https://schema.org/subjectOf	predicate-105.ibk5	47	7719	f4fdd010c8cb45995ce52d25e272f3039cd0b4cfd2df7023b4f9f3e14adfab12	predicate-105.ibk5.merkle	1	https://danbri.github.io/londat/kgx/graph/coref-telephone.p00/980586e88e281dff	predicate-105.ibk5.lgi2	predicate-105.ibk5.gbi1	0068000000687474..0068000000687474	0013000000687474..0047000000687474	0
106	http://www.w3.org/2002/07/owl#sameAs	predicate-106.ibk5	26	5821	a4ee972af831c77644e236279006c956ff4f801ef4871fb8fabc3f5d7021771f	predicate-106.ibk5.merkle	1	https://danbri.github.io/londat/kgx/graph/coref-telephone.p00/980586e88e281dff	predicate-106.ibk5.lgi2	predicate-106.ibk5.gbi1	0068000000687474..0068000000687474	0068000000687474..0068000000687474	0
107	http://www.opengis.net/ont/geosparql#asWKT	predicate-107.ibk5	12	3182	f6893033ed6ada843e58cc1022eb99ce1b398012c6cb576153093a18a39fe96f	predicate-107.ibk5.merkle	1	https://danbri.github.io/londat/kgx/graph/coverage-imagery.p00/625642ff1fe69ec6	predicate-107.ibk5.lgi2	predicate-107.ibk5.gbi1	0039000000687474..004c000000687474	024e000000504f4c..026e000000504f4c	0
108	http://www.opengis.net/ont/geosparql#hasGeometry	predicate-108.ibk5	12	2155	160017ac8e01458b8ed7608b9daa7e0139c501d03fc551077cd3099f254f4dd4	predicate-108.ibk5.merkle	1	https://danbri.github.io/londat/kgx/graph/coverage-imagery.p00/625642ff1fe69ec6	predicate-108.ibk5.lgi2	predicate-108.ibk5.gbi1	0030000000687474..0043000000687474	0039000000687474..004c000000687474	0
109	http://www.w3.org/1999/02/22-rdf-syntax-ns#type	predicate-109.ibk5	36	3954	7053ea5ea5b43691f656ed88a8c8f1bd4ae2967d4bbfa66d4e452d811f3d37d6	predicate-109.ibk5.merkle	1	https://danbri.github.io/londat/kgx/graph/coverage-imagery.p00/625642ff1fe69ec6	predicate-109.ibk5.lgi2	predicate-109.ibk5.gbi1	0030000000687474..005b000000687474	0033000000687474..0037000000687474	0
110	http://www.w3.org/2000/01/rdf-schema#label	predicate-110.ibk5	182	27057	9a2f4371f22487bc4d61f6053f49ba963c07f71235a9455751092867773352f7	predicate-110.ibk5.merkle	1	https://danbri.github.io/londat/kgx/graph/coverage-imagery.p00/625642ff1fe69ec6	predicate-110.ibk5.lgi2	predicate-110.ibk5.gbi1	0030000000687474..008e000000687474	02090000004c696d..0241000000526f74	0
111	https://danbri.github.io/londat/kgx/vocab#resolution	predicate-111.ibk5	172	24576	f12e2ba85680aab7f859caf4c6f765c5a7357e919f0c543c798c0d90cc599057	predicate-111.ibk5.merkle	1	https://danbri.github.io/londat/kgx/graph/coverage-imagery.p00/625642ff1fe69ec6	predicate-111.ibk5.lgi2	predicate-111.ibk5.gbi1	0061000000687474..008e000000687474	0202000000316d27..0204000000302e35	0
112	https://danbri.github.io/londat/kgx/vocab#tiles	predicate-112.ibk5	172	24513	a2d40d1d4faf8ec6c845d3278400004a4ede8b1c4c5cd752a6f93495d2649f47	predicate-112.ibk5.merkle	1	https://danbri.github.io/londat/kgx/graph/coverage-imagery.p00/625642ff1fe69ec6	predicate-112.ibk5.lgi2	predicate-112.ibk5.gbi1	0061000000687474..008e000000687474	0201000000312800..0201000000352800	0
113	https://danbri.github.io/londat/kgx/vocab#year	predicate-113.ibk5	256	34910	2ec50852f5fbbc659673bd98e894b2428434f4cd9f375f7af04ef8b7288e6787	predicate-113.ibk5.merkle	1	https://danbri.github.io/londat/kgx/graph/coverage-imagery.p00/625642ff1fe69ec6	predicate-113.ibk5.lgi2	predicate-113.ibk5.gbi1	0053000000687474..008e000000687474	0204000000313939..0204000000323032	0
114	https://danbri.github.io/londat/kgx/vocab#count	predicate-114.ibk5	110	14855	a9b6c80eadb568c839fd899db279d14f9d2ebd28bf9854dbce8814b44b42477c	predicate-114.ibk5.merkle	1	https://danbri.github.io/londat/kgx/graph/coverage-imagery.p00/625642ff1fe69ec6	predicate-114.ibk5.lgi2	predicate-114.ibk5.gbi1	0049000000687474..006c000000687474	0201000000302800..0204000000353231	0
115	http://purl.org/dc/terms/date	predicate-115.ibk5	19	2267	225b3bd8f0bf31d945ab796b377d7d55c0a6407550e4885a4a66cba927398f81	predicate-115.ibk5.merkle	1	https://danbri.github.io/londat/kgx/graph/coverage-imagery.p00/625642ff1fe69ec6	predicate-115.ibk5.lgi2	predicate-115.ibk5.gbi1	0049000000687474..005b000000687474	020a000000323032..020a000000323032	0
116	https://danbri.github.io/londat/kgx/vocab#area	predicate-116.ibk5	19	2531	bfc00f3a811d6ae651d808648d56187de2c1df1114fd8e6d58bfb662c3bd8716	predicate-116.ibk5.merkle	1	https://danbri.github.io/londat/kgx/graph/coverage-imagery.p00/625642ff1fe69ec6	predicate-116.ibk5.lgi2	predicate-116.ibk5.gbi1	0049000000687474..005b000000687474	0030000000687474..003e000000687474	0
117	https://danbri.github.io/londat/kgx/vocab#firstDate	predicate-117.ibk5	16	2526	d0799dd6747d2b4fe06f0ddd9fd1789a47079879c4707b524660ac67663e4c6a	predicate-117.ibk5.merkle	1	https://danbri.github.io/londat/kgx/graph/coverage-imagery.p00/625642ff1fe69ec6	predicate-117.ibk5.lgi2	predicate-117.ibk5.gbi1	0049000000687474..0059000000687474	020a000000313939..020a000000323032	0
118	https://danbri.github.io/londat/kgx/vocab#inYear	predicate-118.ibk5	84	11285	510d27669a40de5e6e9a50892435ac19d92c8dc7b13a0ffca4fc003fbda64794	predicate-118.ibk5.merkle	1	https://danbri.github.io/londat/kgx/graph/coverage-imagery.p00/625642ff1fe69ec6	predicate-118.ibk5.lgi2	predicate-118.ibk5.gbi1	0049000000687474..0059000000687474	0053000000687474..0063000000687474	0
119	https://danbri.github.io/londat/kgx/vocab#lastDate	predicate-119.ibk5	16	2525	cdf0265eca58e57603270bde1b307f2fce844b3f6291b3b804f5d725f388e7e8	predicate-119.ibk5.merkle	1	https://danbri.github.io/londat/kgx/graph/coverage-imagery.p00/625642ff1fe69ec6	predicate-119.ibk5.lgi2	predicate-119.ibk5.gbi1	0049000000687474..0059000000687474	020a000000323032..020a000000323032	0
120	https://danbri.github.io/londat/kgx/vocab#product	predicate-120.ibk5	172	24689	8705360d8aad86886f35ed944e20f8e0b235b12d60c1e723228d5227a9c6ee24	predicate-120.ibk5.merkle	1	https://danbri.github.io/londat/kgx/graph/coverage-imagery.p00/625642ff1fe69ec6	predicate-120.ibk5.lgi2	predicate-120.ibk5.gbi1	0049000000687474..0057000000687474	0061000000687474..008e000000687474	0
121	https://danbri.github.io/londat/kgx/vocab#request	predicate-121.ibk5	19	4437	9f63594087742722895c576ad1b97b1f9a0218eb9281c49d7ad7abbaa26fbfe9	predicate-121.ibk5.merkle	1	https://danbri.github.io/londat/kgx/graph/coverage-imagery.p00/625642ff1fe69ec6	predicate-121.ibk5.lgi2	predicate-121.ibk5.gbi1	0049000000687474..005b000000687474	0242000000687474..027b000000504f53	0
122	https://danbri.github.io/londat/kgx/vocab#source	predicate-122.ibk5	19	2505	ed0f484b98f04e1e472e451178a5240754cbcfda08095b0d9bf4009c6cf793ed	predicate-122.ibk5.merkle	1	https://danbri.github.io/londat/kgx/graph/coverage-imagery.p00/625642ff1fe69ec6	predicate-122.ibk5.lgi2	predicate-122.ibk5.gbi1	0049000000687474..005b000000687474	003f000000687474..0043000000687474	0
123	https://danbri.github.io/londat/kgx/vocab#requests	predicate-123.ibk5	4	833	ed380927086b8b49bf671a4c757f57e9d4cbcde24f448f1dce014607ec40c878	predicate-123.ibk5.merkle	1	https://danbri.github.io/londat/kgx/graph/coverage-imagery.p00/625642ff1fe69ec6	predicate-123.ibk5.lgi2	predicate-123.ibk5.gbi1	004e000000687474..0057000000687474	0202000000333028..0203000000313038	0
124	https://danbri.github.io/londat/kgx/vocab#sequences	predicate-124.ibk5	4	831	4644335fc73b0086a93c424234d62271e3408b1494d7183f916d678b05f122ad	predicate-124.ibk5.merkle	1	https://danbri.github.io/londat/kgx/graph/coverage-imagery.p00/625642ff1fe69ec6	predicate-124.ibk5.lgi2	predicate-124.ibk5.gbi1	004e000000687474..0057000000687474	0201000000372800..0202000000313528	0
125	https://schema.org/license	predicate-125.ibk5	19	2517	22e45933be8ce8c715a750f6d4ce64ebd52468a7c96902b02cb6c666145fd479	predicate-125.ibk5.merkle	1	https://danbri.github.io/londat/kgx/graph/coverage-imagery.p00/625642ff1fe69ec6	predicate-125.ibk5.lgi2	predicate-125.ibk5.gbi1	003f000000687474..006c000000687474	02080000004f474c..021e000000706572	0
126	https://danbri.github.io/londat/kgx/vocab#byLicence	predicate-126.ibk5	7	1685	955f927e9aa0ccfab6791783a95ee9136de3425c623af5cbca252eff954c130a	predicate-126.ibk5.merkle	1	https://danbri.github.io/londat/kgx/graph/coverage-imagery.p00/625642ff1fe69ec6	predicate-126.ibk5.lgi2	predicate-126.ibk5.gbi1	0049000000687474..0059000000687474	005e000000687474..006c000000687474	0
127	https://danbri.github.io/londat/kgx/vocab#collections	predicate-127.ibk5	5	930	9e9a80e803946baeca95524a6ff2a43ec68ed6d28bc74c57adc8b9d73eee6de0	predicate-127.ibk5.merkle	1	https://danbri.github.io/londat/kgx/graph/coverage-imagery.p00/625642ff1fe69ec6	predicate-127.ibk5.lgi2	predicate-127.ibk5.gbi1	0049000000687474..0057000000687474	0201000000322800..0202000000363928	0
128	https://danbri.github.io/londat/kgx/vocab#withSemantics	predicate-128.ibk5	5	932	a8ad9c340d02d358fc93b0186e1c4523ff7c13582d12a542faed764b98f88447	predicate-128.ibk5.merkle	1	https://danbri.github.io/londat/kgx/graph/coverage-imagery.p00/625642ff1fe69ec6	predicate-128.ibk5.lgi2	predicate-128.ibk5.gbi1	0049000000687474..0057000000687474	0201000000302800..0202000000363628	0
129	https://danbri.github.io/londat/kgx/vocab#status	predicate-129.ibk5	1	390	ad9b2744da3627367d14ae8dcd1c5a8eac4ab896dbf75796d7de80f381d3ffca	predicate-129.ibk5.merkle	1	https://danbri.github.io/londat/kgx/graph/coverage-imagery.p00/625642ff1fe69ec6	predicate-129.ibk5.lgi2	predicate-129.ibk5.gbi1	003f000000687474..003f000000687474	023e000000736b69..023e000000736b69	0
130	https://danbri.github.io/londat/kgx/vocab#gsdMetres	predicate-130.ibk5	7	1314	c37ecb9bdc66bdb73e2f939c73e0c38e0450790d0c83a3e5d50dba81bee36073	predicate-130.ibk5.merkle	1	https://danbri.github.io/londat/kgx/graph/coverage-imagery.p00/625642ff1fe69ec6	predicate-130.ibk5.lgi2	predicate-130.ibk5.gbi1	0043000000687474..0043000000687474	020f000000302e30..0214000000302e30	0
131	https://danbri.github.io/londat/kgx/vocab#inArea	predicate-131.ibk5	11	1033	5ca9da9799cbcf78927519fd98536b3d37ba045f1444325b016385ad6dcbbf69	predicate-131.ibk5.merkle	1	https://danbri.github.io/londat/kgx/graph/coverage-imagery.p00/625642ff1fe69ec6	predicate-131.ibk5.lgi2	predicate-131.ibk5.gbi1	0043000000687474..0043000000687474	0030000000687474..003c000000687474	0
132	https://danbri.github.io/londat/kgx/vocab#platform	predicate-132.ibk5	7	889	7b756f0490c6be0c66a7099e8a203aa7670bf92d52e9f9c31100a28cb0a899d1	predicate-132.ibk5.merkle	1	https://danbri.github.io/londat/kgx/graph/coverage-imagery.p00/625642ff1fe69ec6	predicate-132.ibk5.lgi2	predicate-132.ibk5.gbi1	0043000000687474..0043000000687474	0203000000756176..0203000000756176	0
133	https://schema.org/contentUrl	predicate-133.ibk5	7	1573	9b37132cd046ba8b576adbef59d68d4fa6a8fd3747918c5f54572b6ebcd9c076	predicate-133.ibk5.merkle	1	https://danbri.github.io/londat/kgx/graph/coverage-imagery.p00/625642ff1fe69ec6	predicate-133.ibk5.lgi2	predicate-133.ibk5.gbi1	0043000000687474..0043000000687474	0060000000687474..006a000000687474	0
134	https://schema.org/dateCreated	predicate-134.ibk5	7	1328	ca027709fac04154c2f509b98d6e206d15fd7064c3b5c6a725ba8f600432437d	predicate-134.ibk5.merkle	1	https://danbri.github.io/londat/kgx/graph/coverage-imagery.p00/625642ff1fe69ec6	predicate-134.ibk5.lgi2	predicate-134.ibk5.gbi1	0043000000687474..0043000000687474	0218000000323032..0218000000323032	0
135	https://schema.org/name	predicate-135.ibk5	7	1227	44341b50cf21630155e957d81bcf24712050bd5357ca81c3d0f09d285d4db1bc	predicate-135.ibk5.merkle	1	https://danbri.github.io/londat/kgx/graph/coverage-imagery.p00/625642ff1fe69ec6	predicate-135.ibk5.lgi2	predicate-135.ibk5.gbi1	0043000000687474..0043000000687474	020d00000043616e..022300000043616e	0
136	http://www.w3.org/1999/02/22-rdf-syntax-ns#type	predicate-136.ibk5	142	11324	f17806c02006b1f0c2e5433e2df4ee0102b5dd0ffba2a082e0e51e758756a6b5	predicate-136.ibk5.merkle	1	https://danbri.github.io/londat/kgx/graph/cwg.p00/f2845958efbb9b26	predicate-136.ibk5.lgi2	predicate-136.ibk5.gbi1	0027000000687474..0034000000687474	0018000000687474..002a000000687474	0
137	https://danbri.github.io/londat/kgx/vocab#hoursAsOf	predicate-137.ibk5	125	10018	37a36c5bbe8a151ab305d82b7e93388e0fecc27ebde9e9e03cf28c49625ec6b1	predicate-137.ibk5.merkle	1	https://danbri.github.io/londat/kgx/graph/cwg.p00/f2845958efbb9b26	predicate-137.ibk5.lgi2	predicate-137.ibk5.gbi1	0027000000687474..0034000000687474	020a000000323032..020a000000323032	0
138	https://schema.org/containedInPlace	predicate-138.ibk5	272	15669	c35217bb4acab5ddc68af37b18913b3d7f29273e26c8992347f6377932d1a338	predicate-138.ibk5.merkle	1	https://danbri.github.io/londat/kgx/graph/cwg.p00/f2845958efbb9b26	predicate-138.ibk5.lgi2	predicate-138.ibk5.gbi1	0027000000687474..0034000000687474	0035000000687474..0212000000466973	0
139	https://schema.org/name	predicate-139.ibk5	142	19927	7073aac524d0756f7f77b0a9ddb79f9b9377e230a54c66b625c4eb5e89a73f64	predicate-139.ibk5.merkle	1	https://danbri.github.io/londat/kgx/graph/cwg.p00/f2845958efbb9b26	predicate-139.ibk5.lgi2	predicate-139.ibk5.gbi1	0027000000687474..0034000000687474	0203000000417263..0261000000496e74	0
140	https://schema.org/openingHours	predicate-140.ibk5	125	17612	92f5f6d499d3c3eb7f13e184e460f62a674a94c057bca750f402115098feb3b1	predicate-140.ibk5.merkle	1	https://danbri.github.io/londat/kgx/graph/cwg.p00/f2845958efbb9b26	predicate-140.ibk5.lgi2	predicate-140.ibk5.gbi1	0027000000687474..0034000000687474	020400000032342f..02540000004d6f2c	0
141	https://schema.org/openingHoursSpecification	predicate-141.ibk5	835	80139	734a059da782732708b9490844e6d4fb3231922dee13e712e93f5e02572cecec	predicate-141.ibk5.merkle	1	https://danbri.github.io/londat/kgx/graph/cwg.p00/f2845958efbb9b26	predicate-141.ibk5.lgi2	predicate-141.ibk5.gbi1	0027000000687474..0034000000687474	0036000000687474..0046000000687474	0
142	https://schema.org/subjectOf	predicate-142.ibk5	142	16744	22d53d0069749cab0db792a2a4d908182b9094a2c620adf37aa51897dbaf2b95	predicate-142.ibk5.merkle	1	https://danbri.github.io/londat/kgx/graph/cwg.p00/f2845958efbb9b26	predicate-142.ibk5.lgi2	predicate-142.ibk5.gbi1	0027000000687474..0034000000687474	0020000000687474..002d000000687474	0
143	https://schema.org/url	predicate-143.ibk5	117	12901	dcbb36549e9aade8f556e62d9a12dd6fe85f3bd7ea068d5b9e79bc9f45f59cae	predicate-143.ibk5.merkle	1	https://danbri.github.io/londat/kgx/graph/cwg.p00/f2845958efbb9b26	predicate-143.ibk5.lgi2	predicate-143.ibk5.gbi1	0027000000687474..0034000000687474	0010000000687474..006b000000687474	0
144	https://schema.org/dateModified	predicate-144.ibk5	225	32140	b43d7067b85135eb2dd7aa908444b82a056a94543909a66da7a37662ae4d3411	predicate-144.ibk5.merkle	1	https://danbri.github.io/londat/kgx/graph/cwg.p00/f2845958efbb9b26	predicate-144.ibk5.lgi2	predicate-144.ibk5.gbi1	0020000000687474..0034000000687474	0219000000323032..0219000000323032	0
145	https://schema.org/datePublished	predicate-145.ibk5	234	31272	871f107541aa374454999826c9442e62d9980ed5b2652cab4822503f5a41c6de	predicate-145.ibk5.merkle	1	https://danbri.github.io/londat/kgx/graph/cwg.p00/f2845958efbb9b26	predicate-145.ibk5.lgi2	predicate-145.ibk5.gbi1	0020000000687474..0034000000687474	0219000000323031..0219000000323032	0
146	https://schema.org/addressCountry	predicate-146.ibk5	118	8742	e553de0b7b5ab361ddb737fb35875980db1edf2dc0284ae4e338dfbb774501b3	predicate-146.ibk5.merkle	1	https://danbri.github.io/londat/kgx/graph/cwg.p00/f2845958efbb9b26	predicate-146.ibk5.lgi2	predicate-146.ibk5.gbi1	0028000000687474..0034000000687474	0202000000474227..0202000000474227	0
147	https://schema.org/postalCode	predicate-147.ibk5	115	10254	cc5c8209210675ff1b3cd8edf993a59f2f84b3e016a253315da66e6ff0567bc2	predicate-147.ibk5.merkle	1	https://danbri.github.io/londat/kgx/graph/cwg.p00/f2845958efbb9b26	predicate-147.ibk5.lgi2	predicate-147.ibk5.gbi1	0028000000687474..0034000000687474	0207000000453134..0207000000453232	0
148	https://danbri.github.io/londat/kgx/vocab#levelText	predicate-148.ibk5	98	8106	4c05c5c71b06dda6e2f8ff35d51fda0a2cddaedb2c7a795e9a9187fdfa832b0a	predicate-148.ibk5.merkle	1	https://danbri.github.io/londat/kgx/graph/cwg.p00/f2845958efbb9b26	predicate-148.ibk5.lgi2	predicate-148.ibk5.gbi1	0027000000687474..0033000000687474	02080000004c6576..020f0000004d616c	0
149	https://danbri.github.io/londat/kgx/vocab#registryBuilding	predicate-149.ibk5	126	11159	f0a5d5db9823d626f3615c2488d9b7ce10c9282947a568b7fa8f814eeded7f54	predicate-149.ibk5.merkle	1	https://danbri.github.io/londat/kgx/graph/cwg.p00/f2845958efbb9b26	predicate-149.ibk5.lgi2	predicate-149.ibk5.gbi1	0027000000687474..0034000000687474	0038000000687474..0038000000687474	0
150	https://schema.org/address	predicate-150.ibk5	131	16475	545da053338f065515bd1548105ec361b7520ca232281cd1e21b9b053c3cac80	predicate-150.ibk5.merkle	1	https://danbri.github.io/londat/kgx/graph/cwg.p00/f2845958efbb9b26	predicate-150.ibk5.lgi2	predicate-150.ibk5.gbi1	0027000000687474..0034000000687474	0028000000687474..0035000000687474	0
151	https://schema.org/servesCuisine	predicate-151.ibk5	18	1937	a8a2429187c3bebe0a191773568f74f2a07890a6b4009f222d7e47f741c025e2	predicate-151.ibk5.merkle	1	https://danbri.github.io/londat/kgx/graph/cwg.p00/f2845958efbb9b26	predicate-151.ibk5.lgi2	predicate-151.ibk5.gbi1	002d000000687474..0034000000687474	0204000000546861..02080000004a6170	0
152	https://schema.org/streetAddress	predicate-152.ibk5	33	4062	6419b729050160048d25d665b9d613fe2fcca0ccbb95e244642db27ed1def620	predicate-152.ibk5.merkle	1	https://danbri.github.io/londat/kgx/graph/cwg.p00/f2845958efbb9b26	predicate-152.ibk5.lgi2	predicate-152.ibk5.gbi1	0028000000687474..0033000000687474	020b000000332057..021800000032352d	0
153	https://danbri.github.io/londat/kgx/vocab#status	predicate-153.ibk5	3	453	0bc92ca42687eb3fd844c3976a15937b03a22cc89410d338165b5fd8e59f4a66	predicate-153.ibk5.merkle	1	https://danbri.github.io/londat/kgx/graph/cwg.p00/f2845958efbb9b26	predicate-153.ibk5.lgi2	predicate-153.ibk5.gbi1	002c000000687474..0032000000687474	020b000000636f6d..020b000000636f6d	0
154	https://schema.org/dateModified	predicate-154.ibk5	67	10522	4bea2fcc1124201435563351f10ff847003312e632234530e4c564124b29abea	predicate-154.ibk5.merkle	1	https://danbri.github.io/londat/kgx/graph/cwg.p01/2de67502f202c9be	predicate-154.ibk5.lgi2	predicate-154.ibk5.gbi1	0034000000687474..003c000000687474	0219000000323032..0219000000323032	0
155	https://schema.org/datePublished	predicate-155.ibk5	68	10604	ff31120933a41120420fa4c64788f3bcab3fc4f64e32e836bdb38dac69982944	predicate-155.ibk5.merkle	1	https://danbri.github.io/londat/kgx/graph/cwg.p01/2de67502f202c9be	predicate-155.ibk5.lgi2	predicate-155.ibk5.gbi1	0034000000687474..003c000000687474	0219000000323031..0219000000323032	0
156	https://schema.org/addressCountry	predicate-156.ibk5	105	8647	0f88869e3dec43b296bdc62565d766af16a7a806939fb1dc9bb0e5e4f1d485b1	predicate-156.ibk5.merkle	1	https://danbri.github.io/londat/kgx/graph/cwg.p01/2de67502f202c9be	predicate-156.ibk5.lgi2	predicate-156.ibk5.gbi1	0034000000687474..003c000000687474	0202000000474227..0202000000474227	0
157	https://schema.org/postalCode	predicate-157.ibk5	99	10194	7d6717d090d2b39e59b9a3320bc12f57dc423a3783a54afe68a84a66b3293d30	predicate-157.ibk5.merkle	1	https://danbri.github.io/londat/kgx/graph/cwg.p01/2de67502f202c9be	predicate-157.ibk5.lgi2	predicate-157.ibk5.gbi1	0034000000687474..003c000000687474	0207000000453134..0207000000453232	0
158	https://schema.org/streetAddress	predicate-158.ibk5	42	5810	7e0ae40634c4509a556a63f487afc627452a8716b40a1007dc52bd7da3e88d59	predicate-158.ibk5.merkle	1	https://danbri.github.io/londat/kgx/graph/cwg.p01/2de67502f202c9be	predicate-158.ibk5.lgi2	predicate-158.ibk5.gbi1	0034000000687474..003c000000687474	020a000000352057..0214000000362043	0
159	http://www.w3.org/1999/02/22-rdf-syntax-ns#type	predicate-159.ibk5	277	23731	5a50f58825c1298319094678b837150df24f51ccfeb04169eecfa807c87e27cd	predicate-159.ibk5.merkle	1	https://danbri.github.io/londat/kgx/graph/cwg.p01/2de67502f202c9be	predicate-159.ibk5.lgi2	predicate-159.ibk5.gbi1	0034000000687474..003c000000687474	0018000000687474..002c000000687474	0
160	https://danbri.github.io/londat/kgx/vocab#registryBuilding	predicate-160.ibk5	91	9562	53651d539dafbe913aa7ee1d4ce419808e2618126dfc1f9641556a2fa8814ee5	predicate-160.ibk5.merkle	1	https://danbri.github.io/londat/kgx/graph/cwg.p01/2de67502f202c9be	predicate-160.ibk5.lgi2	predicate-160.ibk5.gbi1	0034000000687474..003c000000687474	0038000000687474..0038000000687474	0
161	https://danbri.github.io/londat/kgx/vocab#status	predicate-161.ibk5	2	402	e325c4af2138e3beb955b8e1a130310a3af69feca4224819d6adbc350a6e66c7	predicate-161.ibk5.merkle	1	https://danbri.github.io/londat/kgx/graph/cwg.p01/2de67502f202c9be	predicate-161.ibk5.lgi2	predicate-161.ibk5.gbi1	0038000000687474..003a000000687474	020b000000636f6d..020b000000636f6d	0
162	https://schema.org/address	predicate-162.ibk5	100	14280	a8d791e5e1e69eb9c480dbbff91ede9b4df84146eb463d38ea3b67ff418821bd	predicate-162.ibk5.merkle	1	https://danbri.github.io/londat/kgx/graph/cwg.p01/2de67502f202c9be	predicate-162.ibk5.lgi2	predicate-162.ibk5.gbi1	0034000000687474..003c000000687474	0035000000687474..003d000000687474	0
163	https://schema.org/containedInPlace	predicate-163.ibk5	210	13374	ec686d3ec33410fc75ec802cd98a85b828e5549b9aa29d368e4ca3391c145c54	predicate-163.ibk5.merkle	1	https://danbri.github.io/londat/kgx/graph/cwg.p01/2de67502f202c9be	predicate-163.ibk5.lgi2	predicate-163.ibk5.gbi1	0034000000687474..003c000000687474	0036000000687474..0212000000436861	0
164	https://schema.org/name	predicate-164.ibk5	134	20206	263a94118bd2a5d5ed4444c3edd33fa4965bbd19a990a6c302f8382b01a4ed32	predicate-164.ibk5.merkle	1	https://danbri.github.io/londat/kgx/graph/cwg.p01/2de67502f202c9be	predicate-164.ibk5.lgi2	predicate-164.ibk5.gbi1	0034000000687474..003c000000687474	02080000004c6f63..0239000000436f6d	0
165	https://schema.org/servesCuisine	predicate-165.ibk5	22	2315	c5361e4daccaca4714c1d4e89e5ed0c8ebb10bb265971bef8bb194e81f7b7079	predicate-165.ibk5.merkle	1	https://danbri.github.io/londat/kgx/graph/cwg.p01/2de67502f202c9be	predicate-165.ibk5.lgi2	predicate-165.ibk5.gbi1	0034000000687474..003c000000687474	0205000000417369..02090000004d616c	0
166	https://schema.org/subjectOf	predicate-166.ibk5	112	15094	c53d72f1df0e7456bfb1c05eae0b320fa99eb1ce565965f5faf2ef3f11a18b9f	predicate-166.ibk5.merkle	1	https://danbri.github.io/londat/kgx/graph/cwg.p01/2de67502f202c9be	predicate-166.ibk5.lgi2	predicate-166.ibk5.gbi1	0034000000687474..003c000000687474	002d000000687474..0035000000687474	0
167	https://schema.org/url	predicate-167.ibk5	86	10223	fd060beffc726de9509b545c5188305b7dc105cf5ffb303acccb1640c0492709	predicate-167.ibk5.merkle	1	https://danbri.github.io/londat/kgx/graph/cwg.p01/2de67502f202c9be	predicate-167.ibk5.lgi2	predicate-167.ibk5.gbi1	0034000000687474..003c000000687474	0013000000687474..0065000000687474	0
168	https://danbri.github.io/londat/kgx/vocab#hoursAsOf	predicate-168.ibk5	94	8562	453a3e0a691a501458de5e45070133be8667f7909082a4d729359268ba8d184c	predicate-168.ibk5.merkle	1	https://danbri.github.io/londat/kgx/graph/cwg.p01/2de67502f202c9be	predicate-168.ibk5.lgi2	predicate-168.ibk5.gbi1	0034000000687474..003c000000687474	020a000000323032..020a000000323032	0
169	https://schema.org/openingHours	predicate-169.ibk5	94	15539	ed26cb5b236f14ded946185a1c6b8d4732ab98ebd9cf05f108fe0d2d4c82c8a8	predicate-169.ibk5.merkle	1	https://danbri.github.io/londat/kgx/graph/cwg.p01/2de67502f202c9be	predicate-169.ibk5.lgi2	predicate-169.ibk5.gbi1	0034000000687474..003c000000687474	020400000032342f..02540000004d6f2c	0
170	https://schema.org/openingHoursSpecification	predicate-170.ibk5	625	65930	73066ad94789a1fe0bb6ca54bb2d9cac74d68d79b62132ce3feecf09baa0f5fd	predicate-170.ibk5.merkle	1	https://danbri.github.io/londat/kgx/graph/cwg.p01/2de67502f202c9be	predicate-170.ibk5.lgi2	predicate-170.ibk5.gbi1	0034000000687474..003c000000687474	0043000000687474..004e000000687474	0
171	https://danbri.github.io/londat/kgx/vocab#levelText	predicate-171.ibk5	59	5592	c9f29614a3e61b31e60ddbf7bacbbcd74e606e188c74baff0d7e15c049147f8e	predicate-171.ibk5.merkle	1	https://danbri.github.io/londat/kgx/graph/cwg.p01/2de67502f202c9be	predicate-171.ibk5.lgi2	predicate-171.ibk5.gbi1	0034000000687474..003c000000687474	02080000004c6576..021d000000417472	0
172	https://danbri.github.io/londat/kgx/vocab#closesMinute	predicate-172.ibk5	143	12678	f00f12fd994a956e7a1db20454ace8a253e688b8933b565dca4d47cfc8bdc0a6	predicate-172.ibk5.merkle	1	https://danbri.github.io/londat/kgx/graph/cwg.p01/2de67502f202c9be	predicate-172.ibk5.lgi2	predicate-172.ibk5.gbi1	0036000000687474..003b000000687474	0203000000373230..0204000000313434	0
173	https://danbri.github.io/londat/kgx/vocab#opensMinute	predicate-173.ibk5	143	12453	df152cfb8821e6924aa030391db55e7f0e5e0fe0547f28bdf11d2cf6b626b3b6	predicate-173.ibk5.merkle	1	https://danbri.github.io/londat/kgx/graph/cwg.p01/2de67502f202c9be	predicate-173.ibk5.lgi2	predicate-173.ibk5.gbi1	0036000000687474..003b000000687474	0201000000302800..0203000000373230	0
174	https://schema.org/closes	predicate-174.ibk5	143	12652	2241e10033dbb7363232b827c9b3e927f21f1979a3459eb627a3a975c8065aaf	predicate-174.ibk5.merkle	1	https://danbri.github.io/londat/kgx/graph/cwg.p01/2de67502f202c9be	predicate-174.ibk5.lgi2	predicate-174.ibk5.gbi1	0036000000687474..003b000000687474	020500000030303a..020500000032333a	0
175	https://schema.org/dayOfWeek	predicate-175.ibk5	143	12171	ce4707070b522580d09ae2a96c46798e74cacbac72e7696a7d5980438f9a7fd6	predicate-175.ibk5.merkle	1	https://danbri.github.io/londat/kgx/graph/cwg.p01/2de67502f202c9be	predicate-175.ibk5.lgi2	predicate-175.ibk5.gbi1	0036000000687474..003b000000687474	0019000000687474..001c000000687474	0
176	https://schema.org/opens	predicate-176.ibk5	143	12435	98813aadca5538f3506890dd9829b9fab8ddd9d5d85ff29f91038901b1617287	predicate-176.ibk5.merkle	1	https://danbri.github.io/londat/kgx/graph/cwg.p01/2de67502f202c9be	predicate-176.ibk5.lgi2	predicate-176.ibk5.gbi1	0036000000687474..003b000000687474	020500000030303a..020500000031323a	0
177	http://www.w3.org/1999/02/22-rdf-syntax-ns#type	predicate-177.ibk5	413	36723	0485f240553471201106ae980e169147fe3078542ad0270f178282344badd602	predicate-177.ibk5.merkle	1	https://danbri.github.io/londat/kgx/graph/cwg.p02/d42e0102d6e27369	predicate-177.ibk5.lgi2	predicate-177.ibk5.gbi1	003c000000687474..0040000000687474	0018000000687474..002c000000687474	0
178	https://danbri.github.io/londat/kgx/vocab#hoursAsOf	predicate-178.ibk5	39	4070	f26adc54b000edff7fce8ef4313bd8d2c4449fc6ab728b06a9c5d406c047a3ca	predicate-178.ibk5.merkle	1	https://danbri.github.io/londat/kgx/graph/cwg.p02/d42e0102d6e27369	predicate-178.ibk5.lgi2	predicate-178.ibk5.gbi1	003c000000687474..0040000000687474	020a000000323032..020a000000323032	0
179	https://danbri.github.io/londat/kgx/vocab#registryBuilding	predicate-179.ibk5	35	4265	45b23672dbb0f484453195732de280f8325b98ec325c4628e977f683319fa05d	predicate-179.ibk5.merkle	1	https://danbri.github.io/londat/kgx/graph/cwg.p02/d42e0102d6e27369	predicate-179.ibk5.lgi2	predicate-179.ibk5.gbi1	003c000000687474..0040000000687474	0038000000687474..0038000000687474	0
180	https://schema.org/containedInPlace	predicate-180.ibk5	82	6292	1553636bb2c7724836243a2596879d7b51c3a97c84791bbd2d52bfbe2487d4a5	predicate-180.ibk5.merkle	1	https://danbri.github.io/londat/kgx/graph/cwg.p02/d42e0102d6e27369	predicate-180.ibk5.lgi2	predicate-180.ibk5.gbi1	003c000000687474..0040000000687474	0036000000687474..02110000004f6e65	0
181	https://schema.org/name	predicate-181.ibk5	53	8702	fa20f48c8dc3f609e7474681f7e81582c50e0fed3c8bde6daa98c524a6c8d806	predicate-181.ibk5.merkle	1	https://danbri.github.io/londat/kgx/graph/cwg.p02/d42e0102d6e27369	predicate-181.ibk5.lgi2	predicate-181.ibk5.gbi1	003c000000687474..0040000000687474	020b000000416363..022f0000004c6976	0
182	https://schema.org/openingHours	predicate-182.ibk5	39	7072	961db9cbaf5e5a16904e368ac10c95b967fc9413ae1b6e9311a7b70d2ecbff01	predicate-182.ibk5.merkle	1	https://danbri.github.io/londat/kgx/graph/cwg.p02/d42e0102d6e27369	predicate-182.ibk5.lgi2	predicate-182.ibk5.gbi1	003c000000687474..0040000000687474	02110000004d6f2d..02490000004d6f20	0
183	https://schema.org/openingHoursSpecification	predicate-183.ibk5	251	28568	adf36aab503cd2193ecfd8256ec441e50b3a04f8ade824fabc0980bdee7efb56	predicate-183.ibk5.merkle	1	https://danbri.github.io/londat/kgx/graph/cwg.p02/d42e0102d6e27369	predicate-183.ibk5.lgi2	predicate-183.ibk5.gbi1	003c000000687474..0040000000687474	004b000000687474..0052000000687474	0
184	https://schema.org/subjectOf	predicate-184.ibk5	43	6465	3e358a41360751fc199f64392520c5f48d22e3ace80fcd352f0a25308de19239	predicate-184.ibk5.merkle	1	https://danbri.github.io/londat/kgx/graph/cwg.p02/d42e0102d6e27369	predicate-184.ibk5.lgi2	predicate-184.ibk5.gbi1	003c000000687474..0040000000687474	0035000000687474..0039000000687474	0
185	https://schema.org/url	predicate-185.ibk5	37	4814	6aa16b0caa70c1dc7c6cc34d398d174f78533bce98b9b805d38d03e449cae85a	predicate-185.ibk5.merkle	1	https://danbri.github.io/londat/kgx/graph/cwg.p02/d42e0102d6e27369	predicate-185.ibk5.lgi2	predicate-185.ibk5.gbi1	003c000000687474..0040000000687474	0013000000687474..0055000000687474	0
186	https://schema.org/addressCountry	predicate-186.ibk5	40	3701	e45e26f8c84a6ff24868e6ef41f5212bfe41ff2df5669337d9a6b1a8b515f2e1	predicate-186.ibk5.merkle	1	https://danbri.github.io/londat/kgx/graph/cwg.p02/d42e0102d6e27369	predicate-186.ibk5.lgi2	predicate-186.ibk5.gbi1	003c000000687474..0040000000687474	0202000000474227..0202000000474227	0
187	https://schema.org/postalCode	predicate-187.ibk5	37	4340	a05c1236aa3548546df81b38a57addfcaee3a9932fd3205464500ab955d6fb63	predicate-187.ibk5.merkle	1	https://danbri.github.io/londat/kgx/graph/cwg.p02/d42e0102d6e27369	predicate-187.ibk5.lgi2	predicate-187.ibk5.gbi1	003c000000687474..0040000000687474	0207000000453134..0207000000453134	0
188	https://danbri.github.io/londat/kgx/vocab#closesMinute	predicate-188.ibk5	360	32490	5d04b91b7aa1a03edcb2fca1e689d22182a000860fa3e1277412146f7067b607	predicate-188.ibk5.merkle	1	https://danbri.github.io/londat/kgx/graph/cwg.p02/d42e0102d6e27369	predicate-188.ibk5.lgi2	predicate-188.ibk5.gbi1	003c000000687474..0040000000687474	0203000000373830..0204000000313530	0
189	https://danbri.github.io/londat/kgx/vocab#opensMinute	predicate-189.ibk5	360	32476	bc31f788c5c7481eca82df566bb22523cfbfbc50548dcd776991e311a62711fb	predicate-189.ibk5.merkle	1	https://danbri.github.io/londat/kgx/graph/cwg.p02/d42e0102d6e27369	predicate-189.ibk5.lgi2	predicate-189.ibk5.gbi1	003c000000687474..0040000000687474	0201000000302800..0204000000313032	0
190	https://schema.org/closes	predicate-190.ibk5	360	32466	2ed4afdfbd067eb8e726347d4a0fa35c06dcf74d089786aee9f807c65fb6d683	predicate-190.ibk5.merkle	1	https://danbri.github.io/londat/kgx/graph/cwg.p02/d42e0102d6e27369	predicate-190.ibk5.lgi2	predicate-190.ibk5.gbi1	003c000000687474..0040000000687474	020500000030303a..020500000032333a	0
191	https://schema.org/dayOfWeek	predicate-191.ibk5	360	31769	52d4714a49822e4486ce48e40b384ddabc7b12fff01e9136d7014dfe42678434	predicate-191.ibk5.merkle	1	https://danbri.github.io/londat/kgx/graph/cwg.p02/d42e0102d6e27369	predicate-191.ibk5.lgi2	predicate-191.ibk5.gbi1	003c000000687474..0040000000687474	0019000000687474..001c000000687474	0
192	https://schema.org/opens	predicate-192.ibk5	360	32465	1d0eee0a3f8509c582d29b8efacd555a571c2eba69edd2a294d716d47338a042	predicate-192.ibk5.merkle	1	https://danbri.github.io/londat/kgx/graph/cwg.p02/d42e0102d6e27369	predicate-192.ibk5.lgi2	predicate-192.ibk5.gbi1	003c000000687474..0040000000687474	020500000030303a..020500000031373a	0
193	https://schema.org/dateModified	predicate-193.ibk5	27	4500	1caf66bc69a90ecba4ce4fb3c37bc6c2e183925d4508b6409224c2febbaf3a9c	predicate-193.ibk5.merkle	1	https://danbri.github.io/londat/kgx/graph/cwg.p02/d42e0102d6e27369	predicate-193.ibk5.lgi2	predicate-193.ibk5.gbi1	003c000000687474..0040000000687474	0219000000323032..0219000000323032	0
194	https://schema.org/datePublished	predicate-194.ibk5	29	4826	3743e8ce6b6767fcffc407502c705d2615caa8387bbf99276bb7a5243af7c4ff	predicate-194.ibk5.merkle	1	https://danbri.github.io/londat/kgx/graph/cwg.p02/d42e0102d6e27369	predicate-194.ibk5.lgi2	predicate-194.ibk5.gbi1	003c000000687474..0040000000687474	0219000000323031..0219000000323032	0
195	https://danbri.github.io/londat/kgx/vocab#levelText	predicate-195.ibk5	23	2545	518fb75fb273c742e144e5b876a58b186def669ee611e6d9da0f8dd3128c85e9	predicate-195.ibk5.merkle	1	https://danbri.github.io/londat/kgx/graph/cwg.p02/d42e0102d6e27369	predicate-195.ibk5.lgi2	predicate-195.ibk5.gbi1	003c000000687474..0040000000687474	02090000002d2031..020e000000537472	0
196	https://schema.org/address	predicate-196.ibk5	37	5889	ad3f36301813448b3fca927b8ce525e1f131c67e075a33d9e11b47b4e85d2afa	predicate-196.ibk5.merkle	1	https://danbri.github.io/londat/kgx/graph/cwg.p02/d42e0102d6e27369	predicate-196.ibk5.lgi2	predicate-196.ibk5.gbi1	003c000000687474..0040000000687474	003d000000687474..0041000000687474	0
197	https://schema.org/streetAddress	predicate-197.ibk5	15	2261	35cc9a165839cdc81fe3b974d62258c34129944f334d93416b09c6ebf17cc678	predicate-197.ibk5.merkle	1	https://danbri.github.io/londat/kgx/graph/cwg.p02/d42e0102d6e27369	predicate-197.ibk5.lgi2	predicate-197.ibk5.gbi1	003c000000687474..0040000000687474	020c000000382050..021400000032392d	0
198	https://schema.org/servesCuisine	predicate-198.ibk5	5	879	9e0add264159230907d8a43517e3a966200b45ea0a0878e21babc37300c6b8ad	predicate-198.ibk5.merkle	1	https://danbri.github.io/londat/kgx/graph/cwg.p02/d42e0102d6e27369	predicate-198.ibk5.lgi2	predicate-198.ibk5.gbi1	003c000000687474..0040000000687474	0205000000537573..0209000000436172	0
199	http://www.w3.org/1999/02/22-rdf-syntax-ns#type	predicate-199.ibk5	418	38950	d393b72271a3bcc68527ded86f3f576d76d4a360ca6b5ff02d04ab7dcc3a58f6	predicate-199.ibk5.merkle	1	https://danbri.github.io/londat/kgx/graph/cwg.p03/afadf67ca7f54001	predicate-199.ibk5.lgi2	predicate-199.ibk5.gbi1	0040000000687474..0044000000687474	0018000000687474..002c000000687474	0
200	https://danbri.github.io/londat/kgx/vocab#closesMinute	predicate-200.ibk5	383	36336	58a6368bc676dc1bbbd44bdac188ffffe9674c9e0941df5515766080c9785714	predicate-200.ibk5.merkle	1	https://danbri.github.io/londat/kgx/graph/cwg.p03/afadf67ca7f54001	predicate-200.ibk5.lgi2	predicate-200.ibk5.gbi1	0040000000687474..0044000000687474	0203000000383430..0204000000313536	0
201	https://danbri.github.io/londat/kgx/vocab#opensMinute	predicate-201.ibk5	383	36002	e6cf2c348645005e8462bf19b37b4d4d65818f45b09fe5237c2b92de09444629	predicate-201.ibk5.merkle	1	https://danbri.github.io/londat/kgx/graph/cwg.p03/afadf67ca7f54001	predicate-201.ibk5.lgi2	predicate-201.ibk5.gbi1	0040000000687474..0044000000687474	0203000000333330..0204000000313032	0
202	https://schema.org/closes	predicate-202.ibk5	383	36313	6f20a9423e76d068c848471b91b3aa2e576bdcc5af596d54c3dcdc94a117acc1	predicate-202.ibk5.merkle	1	https://danbri.github.io/londat/kgx/graph/cwg.p03/afadf67ca7f54001	predicate-202.ibk5.lgi2	predicate-202.ibk5.gbi1	0040000000687474..0044000000687474	020500000030303a..020500000032333a	0
203	https://schema.org/dayOfWeek	predicate-203.ibk5	383	35346	d24e6cb7cb7906ca4d99a6db17b26bb6c8329e6db487593634ceb4d6dc3ac994	predicate-203.ibk5.merkle	1	https://danbri.github.io/londat/kgx/graph/cwg.p03/afadf67ca7f54001	predicate-203.ibk5.lgi2	predicate-203.ibk5.gbi1	0040000000687474..0044000000687474	0019000000687474..001c000000687474	0
204	https://schema.org/opens	predicate-204.ibk5	383	35988	3f6ee696cdac14532f1ce1be72f9403315b3cebd67bf69941e4247a1be68d485	predicate-204.ibk5.merkle	1	https://danbri.github.io/londat/kgx/graph/cwg.p03/afadf67ca7f54001	predicate-204.ibk5.lgi2	predicate-204.ibk5.gbi1	0040000000687474..0044000000687474	020500000030353a..020500000031373a	0
205	https://schema.org/addressCountry	predicate-205.ibk5	29	2867	74a5ecfaf3764cf30f3be987226edc1c7b23e46fc26de54404d3c0d29cdde331	predicate-205.ibk5.merkle	1	https://danbri.github.io/londat/kgx/graph/cwg.p03/afadf67ca7f54001	predicate-205.ibk5.lgi2	predicate-205.ibk5.gbi1	0041000000687474..0044000000687474	0202000000474227..0202000000474227	0
206	https://schema.org/postalCode	predicate-206.ibk5	29	3372	fa8ea3c4106197b961852e4f31a55b72bf9e6d84912fb9ab55bbf231bef01873	predicate-206.ibk5.merkle	1	https://danbri.github.io/londat/kgx/graph/cwg.p03/afadf67ca7f54001	predicate-206.ibk5.lgi2	predicate-206.ibk5.gbi1	0041000000687474..0044000000687474	0207000000453134..0207000000453134	0
207	https://danbri.github.io/londat/kgx/vocab#hoursAsOf	predicate-207.ibk5	35	3896	64f5cce9fd46ffcf10e6b864ea528eadb47367bb10d3cdc69585316843b492aa	predicate-207.ibk5.merkle	1	https://danbri.github.io/londat/kgx/graph/cwg.p03/afadf67ca7f54001	predicate-207.ibk5.lgi2	predicate-207.ibk5.gbi1	0040000000687474..0044000000687474	020a000000323032..020a000000323032	0
208	https://danbri.github.io/londat/kgx/vocab#levelText	predicate-208.ibk5	32	3541	7ea5bd5fa2bf62814ff41eca9630366bc40d96d752d57aa75147f10994455982	predicate-208.ibk5.merkle	1	https://danbri.github.io/londat/kgx/graph/cwg.p03/afadf67ca7f54001	predicate-208.ibk5.lgi2	predicate-208.ibk5.gbi1	0040000000687474..0044000000687474	02090000004d657a..020e000000537472	0
209	https://schema.org/address	predicate-209.ibk5	35	5895	8e82599576321034138fd8690e87cb100c19fbf9a6a2978c266dfc3142cd8648	predicate-209.ibk5.merkle	1	https://danbri.github.io/londat/kgx/graph/cwg.p03/afadf67ca7f54001	predicate-209.ibk5.lgi2	predicate-209.ibk5.gbi1	0040000000687474..0044000000687474	0041000000687474..0045000000687474	0
210	https://schema.org/containedInPlace	predicate-210.ibk5	70	5189	511c9c1081681b27c9eb2e4246bfcf2b6536bf423a8d529f44c37f5670620f23	predicate-210.ibk5.merkle	1	https://danbri.github.io/londat/kgx/graph/cwg.p03/afadf67ca7f54001	predicate-210.ibk5.lgi2	predicate-210.ibk5.gbi1	0040000000687474..0044000000687474	0036000000687474..02110000004f6e65	0
211	https://schema.org/name	predicate-211.ibk5	35	6115	5a901662e82e656ad4a50ab2b1a67aec6829b19a2e1c993382803a8a6a79ab6f	predicate-211.ibk5.merkle	1	https://danbri.github.io/londat/kgx/graph/cwg.p03/afadf67ca7f54001	predicate-211.ibk5.lgi2	predicate-211.ibk5.gbi1	0040000000687474..0044000000687474	020e00000050686f..022e0000004e6f74	0
212	https://schema.org/openingHours	predicate-212.ibk5	35	6141	c738a97413662bd749520baaa5464e4e0a69cf88b099bd0fce3026a82c8a9c7c	predicate-212.ibk5.merkle	1	https://danbri.github.io/londat/kgx/graph/cwg.p03/afadf67ca7f54001	predicate-212.ibk5.lgi2	predicate-212.ibk5.gbi1	0040000000687474..0044000000687474	020400000032342f..02590000004d6f20	0
213	https://schema.org/openingHoursSpecification	predicate-213.ibk5	234	27874	8e3d8b41177cdfe1f2faf9833ff1e9599fc0adb3c8f1dbfa54ca6d6949eabb86	predicate-213.ibk5.merkle	1	https://danbri.github.io/londat/kgx/graph/cwg.p03/afadf67ca7f54001	predicate-213.ibk5.lgi2	predicate-213.ibk5.gbi1	0040000000687474..0044000000687474	004f000000687474..0056000000687474	0
214	https://schema.org/servesCuisine	predicate-214.ibk5	3	548	79e84849dbd452e618743fd917aa615c549073f50d873a1e30046360e0fad650	predicate-214.ibk5.merkle	1	https://danbri.github.io/londat/kgx/graph/cwg.p03/afadf67ca7f54001	predicate-214.ibk5.lgi2	predicate-214.ibk5.gbi1	0041000000687474..0044000000687474	0205000000417369..0208000000416d65	0
215	https://schema.org/subjectOf	predicate-215.ibk5	35	5617	502f401622c7669ad4f26d14e268ac898d8736e8aa7c5f76885bd50257b28de9	predicate-215.ibk5.merkle	1	https://danbri.github.io/londat/kgx/graph/cwg.p03/afadf67ca7f54001	predicate-215.ibk5.lgi2	predicate-215.ibk5.gbi1	0040000000687474..0044000000687474	0039000000687474..003d000000687474	0
216	https://danbri.github.io/londat/kgx/vocab#registryBuilding	predicate-216.ibk5	33	4003	7e044624139dcbf74c249bd386d0b2c22ad74bf02d06c4cd29f501e73f70cd7e	predicate-216.ibk5.merkle	1	https://danbri.github.io/londat/kgx/graph/cwg.p03/afadf67ca7f54001	predicate-216.ibk5.lgi2	predicate-216.ibk5.gbi1	0040000000687474..0044000000687474	0038000000687474..0038000000687474	0
217	https://schema.org/url	predicate-217.ibk5	32	3993	3b31302dd2180f8c2193adc30d6046533ef9b297ea2d98d43bd71788151f0ee5	predicate-217.ibk5.merkle	1	https://danbri.github.io/londat/kgx/graph/cwg.p03/afadf67ca7f54001	predicate-217.ibk5.lgi2	predicate-217.ibk5.gbi1	0040000000687474..0044000000687474	0013000000687474..0032000000687474	0
218	https://schema.org/streetAddress	predicate-218.ibk5	6	1029	5bd06fd5fdc1e1b146a88ab6ab661ad564e759873fb7d277a153f3b953467bf0	predicate-218.ibk5.merkle	1	https://danbri.github.io/londat/kgx/graph/cwg.p03/afadf67ca7f54001	predicate-218.ibk5.lgi2	predicate-218.ibk5.gbi1	0041000000687474..0042000000687474	020f000000313420..02110000004f6e65	0
219	https://schema.org/dateModified	predicate-219.ibk5	14	2465	e6dfb2cca3097ffb8a9edd8ed6faf649c0739ef24ef4ef94a39e2ba43e6ea1fa	predicate-219.ibk5.merkle	1	https://danbri.github.io/londat/kgx/graph/cwg.p03/afadf67ca7f54001	predicate-219.ibk5.lgi2	predicate-219.ibk5.gbi1	0040000000687474..0044000000687474	0219000000323032..0219000000323032	0
220	https://schema.org/datePublished	predicate-220.ibk5	15	2631	3e00367dbedccadde9b39ed82e9255c10d7ba8b9b0fb3815485d20e11341371f	predicate-220.ibk5.merkle	1	https://danbri.github.io/londat/kgx/graph/cwg.p03/afadf67ca7f54001	predicate-220.ibk5.lgi2	predicate-220.ibk5.gbi1	0040000000687474..0044000000687474	0219000000323031..0219000000323032	0
221	http://www.w3.org/1999/02/22-rdf-syntax-ns#type	predicate-221.ibk5	445	43210	c813a10a1f1e80aece671b5f8f02e3885a5eddf5d9a9a2873e99619f52254c44	predicate-221.ibk5.merkle	1	https://danbri.github.io/londat/kgx/graph/cwg.p04/fd5f337c15034712	predicate-221.ibk5.lgi2	predicate-221.ibk5.gbi1	0044000000687474..0049000000687474	0018000000687474..002c000000687474	0
222	https://danbri.github.io/londat/kgx/vocab#closesMinute	predicate-222.ibk5	429	42072	e82aceef59f36845567877a57e25ca0320f17242cc96b3fb439b79d1bc4b8fb3	predicate-222.ibk5.merkle	1	https://danbri.github.io/londat/kgx/graph/cwg.p04/fd5f337c15034712	predicate-222.ibk5.lgi2	predicate-222.ibk5.gbi1	0044000000687474..0049000000687474	0203000000373830..0204000000313635	0
223	https://danbri.github.io/londat/kgx/vocab#opensMinute	predicate-223.ibk5	425	41599	52d26bda9bb7b6e4c38ea765ba2c0b237dde8cb9b51afc90a468c29fbec96e0d	predicate-223.ibk5.merkle	1	https://danbri.github.io/londat/kgx/graph/cwg.p04/fd5f337c15034712	predicate-223.ibk5.lgi2	predicate-223.ibk5.gbi1	0044000000687474..0049000000687474	0201000000302800..0204000000313032	0
224	https://schema.org/closes	predicate-224.ibk5	429	42049	1aaf09a206ea4c09322ab4dbb51b8cc22332f23a5f23348482cca399272becc8	predicate-224.ibk5.merkle	1	https://danbri.github.io/londat/kgx/graph/cwg.p04/fd5f337c15034712	predicate-224.ibk5.lgi2	predicate-224.ibk5.gbi1	0044000000687474..0049000000687474	020500000030303a..020500000032333a	0
225	https://schema.org/dayOfWeek	predicate-225.ibk5	422	40726	62950fddbf61a1905585e6f2be4ad123b28ba52a189f88be928a2395a78f88aa	predicate-225.ibk5.merkle	1	https://danbri.github.io/londat/kgx/graph/cwg.p04/fd5f337c15034712	predicate-225.ibk5.lgi2	predicate-225.ibk5.gbi1	0044000000687474..0049000000687474	0019000000687474..001c000000687474	0
226	https://schema.org/opens	predicate-226.ibk5	425	41590	304450ea1f3922711d29b1e0ab5404d6a40c5ba0f440c50f2baeb4e96037df18	predicate-226.ibk5.merkle	1	https://danbri.github.io/londat/kgx/graph/cwg.p04/fd5f337c15034712	predicate-226.ibk5.lgi2	predicate-226.ibk5.gbi1	0044000000687474..0049000000687474	020500000030303a..020500000031373a	0
227	https://danbri.github.io/londat/kgx/vocab#hoursAsOf	predicate-227.ibk5	22	2619	acc5f2d84c937b7b2be1eb8d5cb59e2e2c25a14f901fcd7a1c88bf31c739642a	predicate-227.ibk5.merkle	1	https://danbri.github.io/londat/kgx/graph/cwg.p04/fd5f337c15034712	predicate-227.ibk5.lgi2	predicate-227.ibk5.gbi1	0044000000687474..0048000000687474	020a000000323032..020a000000323032	0
228	https://danbri.github.io/londat/kgx/vocab#levelText	predicate-228.ibk5	17	2289	601d2e6432e13a44549f70b90c8adcb92c90b41e95776f0e60b62fba3cd6d24c	predicate-228.ibk5.merkle	1	https://danbri.github.io/londat/kgx/graph/cwg.p04/fd5f337c15034712	predicate-228.ibk5.lgi2	predicate-228.ibk5.gbi1	0045000000687474..0048000000687474	02070000004c6576..020e000000537472	0
229	https://danbri.github.io/londat/kgx/vocab#registryBuilding	predicate-229.ibk5	19	2735	0ca157f72d5fcb78e7715fc9cff0f43458b6184573b2372e962561ac2c08aab1	predicate-229.ibk5.merkle	1	https://danbri.github.io/londat/kgx/graph/cwg.p04/fd5f337c15034712	predicate-229.ibk5.lgi2	predicate-229.ibk5.gbi1	0045000000687474..0048000000687474	0038000000687474..0038000000687474	0
230	https://schema.org/containedInPlace	predicate-230.ibk5	45	4240	31e0a486bb41a54a256317f61405e32f747fc50713aeaa6273a2618d38ef8e6e	predicate-230.ibk5.merkle	1	https://danbri.github.io/londat/kgx/graph/cwg.p04/fd5f337c15034712	predicate-230.ibk5.lgi2	predicate-230.ibk5.gbi1	0044000000687474..0048000000687474	0036000000687474..0212000000436861	0
231	https://schema.org/name	predicate-231.ibk5	23	4180	10b8f4aa99288f88f47ad10a7c2fcb08da2658237a99555044254b4e4f0a1757	predicate-231.ibk5.merkle	1	https://danbri.github.io/londat/kgx/graph/cwg.p04/fd5f337c15034712	predicate-231.ibk5.lgi2	predicate-231.ibk5.gbi1	0044000000687474..0048000000687474	020d000000436861..022a000000416461	0
232	https://schema.org/openingHours	predicate-232.ibk5	22	3878	bd2bdf7b50532741442da6e7a8521934436a6e5ad3feff584ed43b638267762f	predicate-232.ibk5.merkle	1	https://danbri.github.io/londat/kgx/graph/cwg.p04/fd5f337c15034712	predicate-232.ibk5.lgi2	predicate-232.ibk5.gbi1	0044000000687474..0048000000687474	02110000004d6f2d..02470000004d6f2c	0
233	https://schema.org/openingHoursSpecification	predicate-233.ibk5	138	17208	f967dccd006e4de070f1fbd4aefe4b6839598bf77f89e14ee66c52b01475fcd7	predicate-233.ibk5.merkle	1	https://danbri.github.io/londat/kgx/graph/cwg.p04/fd5f337c15034712	predicate-233.ibk5.lgi2	predicate-233.ibk5.gbi1	0044000000687474..0048000000687474	0053000000687474..005a000000687474	0
234	https://schema.org/subjectOf	predicate-234.ibk5	23	3921	077c56918def5d8d70327a53bdf98e17c55be180060d01cc91f9b32424ec6e5d	predicate-234.ibk5.merkle	1	https://danbri.github.io/londat/kgx/graph/cwg.p04/fd5f337c15034712	predicate-234.ibk5.lgi2	predicate-234.ibk5.gbi1	0044000000687474..0048000000687474	003d000000687474..0041000000687474	0
235	https://schema.org/url	predicate-235.ibk5	22	2848	15f59f194f07efd9bd3b04d03ca78b2e35a9c6e9534454a8c5fc3eb8fa97f2da	predicate-235.ibk5.merkle	1	https://danbri.github.io/londat/kgx/graph/cwg.p04/fd5f337c15034712	predicate-235.ibk5.lgi2	predicate-235.ibk5.gbi1	0044000000687474..0048000000687474	0014000000687474..0034000000687474	0
236	https://schema.org/dateModified	predicate-236.ibk5	4	837	dfda4a350809ab10a4e68bce2cd24c6da020728e7b40115d292ec2c58953fd2e	predicate-236.ibk5.merkle	1	https://danbri.github.io/londat/kgx/graph/cwg.p04/fd5f337c15034712	predicate-236.ibk5.lgi2	predicate-236.ibk5.gbi1	0045000000687474..0047000000687474	0219000000323032..0219000000323032	0
237	https://schema.org/datePublished	predicate-237.ibk5	4	838	4fae9d26c6a5572de338815d1d516bbf4a6c6fa797164f51eaa03e365489904a	predicate-237.ibk5.merkle	1	https://danbri.github.io/londat/kgx/graph/cwg.p04/fd5f337c15034712	predicate-237.ibk5.lgi2	predicate-237.ibk5.gbi1	0045000000687474..0047000000687474	0219000000323031..0219000000323031	0
238	https://schema.org/addressCountry	predicate-238.ibk5	29	2976	248172a6215974f131daf8a29cf6d181587ca2d04a866a8b029e566448bda79a	predicate-238.ibk5.merkle	1	https://danbri.github.io/londat/kgx/graph/cwg.p04/fd5f337c15034712	predicate-238.ibk5.lgi2	predicate-238.ibk5.gbi1	0045000000687474..0048000000687474	0202000000474227..0202000000474227	0
239	https://schema.org/postalCode	predicate-239.ibk5	29	3761	b5f3f38aaeb9dd50dcbe0760edefcdac3e0264a00db26b1e10be38465f606d71	predicate-239.ibk5.merkle	1	https://danbri.github.io/londat/kgx/graph/cwg.p04/fd5f337c15034712	predicate-239.ibk5.lgi2	predicate-239.ibk5.gbi1	0045000000687474..0048000000687474	0207000000453134..0207000000453134	0
240	https://schema.org/address	predicate-240.ibk5	22	3934	38ee24cd27884a952ae4a216c4f7e4e8323970402137021cf6bb1e42a434ebb3	predicate-240.ibk5.merkle	1	https://danbri.github.io/londat/kgx/graph/cwg.p04/fd5f337c15034712	predicate-240.ibk5.lgi2	predicate-240.ibk5.gbi1	0044000000687474..0048000000687474	0045000000687474..0049000000687474	0
241	https://schema.org/streetAddress	predicate-241.ibk5	5	970	c742590e0e518809d6ce67d3ad7ec16a236757d4126609e1063b44aa92683686	predicate-241.ibk5.merkle	1	https://danbri.github.io/londat/kgx/graph/cwg.p04/fd5f337c15034712	predicate-241.ibk5.lgi2	predicate-241.ibk5.gbi1	0045000000687474..0048000000687474	020e000000343020..0214000000352043	0
242	https://schema.org/servesCuisine	predicate-242.ibk5	2	461	eadce2ff97d080c5ea158d15ec6790e591a032665f26d3505bbe8b71fae10320	predicate-242.ibk5.merkle	1	https://danbri.github.io/londat/kgx/graph/cwg.p04/fd5f337c15034712	predicate-242.ibk5.lgi2	predicate-242.ibk5.gbi1	0045000000687474..0046000000687474	0205000000477265..0207000000436869	0
243	http://www.w3.org/1999/02/22-rdf-syntax-ns#type	predicate-243.ibk5	471	48652	209a32b3852d69702376d6e4fd49ef9793ecc15c4b25a4fe48bf121d3235f1c4	predicate-243.ibk5.merkle	1	https://danbri.github.io/londat/kgx/graph/cwg.p05/998072694de1136b	predicate-243.ibk5.lgi2	predicate-243.ibk5.gbi1	0049000000687474..0051000000687474	0019000000687474..002c000000687474	0
244	https://danbri.github.io/londat/kgx/vocab#closesMinute	predicate-244.ibk5	458	48245	73fc67c9b637ed8eccfff53a77c6843f72d61ede14ca634a19c9c2af04bf7513	predicate-244.ibk5.merkle	1	https://danbri.github.io/londat/kgx/graph/cwg.p05/998072694de1136b	predicate-244.ibk5.lgi2	predicate-244.ibk5.gbi1	0049000000687474..0051000000687474	0203000000373830..0204000000313536	0
245	https://danbri.github.io/londat/kgx/vocab#opensMinute	predicate-245.ibk5	459	48141	811e217e6d881b82bd598c0533e2e0bada2420a305ead23212b69e0f19a61360	predicate-245.ibk5.merkle	1	https://danbri.github.io/londat/kgx/graph/cwg.p05/998072694de1136b	predicate-245.ibk5.lgi2	predicate-245.ibk5.gbi1	0049000000687474..0051000000687474	0201000000302800..0204000000313038	0
246	https://schema.org/closes	predicate-246.ibk5	458	48223	7d2d00ea74de25e408dcfd95ccfebbc449022f66f49a0e0cded15ffba7dbc9c6	predicate-246.ibk5.merkle	1	https://danbri.github.io/londat/kgx/graph/cwg.p05/998072694de1136b	predicate-246.ibk5.lgi2	predicate-246.ibk5.gbi1	0049000000687474..0051000000687474	020500000030303a..020500000032333a	0
247	https://schema.org/dayOfWeek	predicate-247.ibk5	458	47148	09eaa61c1c590b0743b1a372f2c952cddfcc21f3f43f644e68da9d740ffefa97	predicate-247.ibk5.merkle	1	https://danbri.github.io/londat/kgx/graph/cwg.p05/998072694de1136b	predicate-247.ibk5.lgi2	predicate-247.ibk5.gbi1	0049000000687474..0051000000687474	0019000000687474..001c000000687474	0
248	https://schema.org/opens	predicate-248.ibk5	459	48134	2fd7a512652188626e3a1520c26ea3ddeefbd64b9d4e499645cebb496ce17cbb	predicate-248.ibk5.merkle	1	https://danbri.github.io/londat/kgx/graph/cwg.p05/998072694de1136b	predicate-248.ibk5.lgi2	predicate-248.ibk5.gbi1	0049000000687474..0051000000687474	020500000030303a..020500000031383a	0
249	https://schema.org/addressCountry	predicate-249.ibk5	17	1920	add9e2e06d74d80cd4b5fdb9d3e1797f763f7bb1d793b59d011a6a992ce9611f	predicate-249.ibk5.merkle	1	https://danbri.github.io/londat/kgx/graph/cwg.p05/998072694de1136b	predicate-249.ibk5.lgi2	predicate-249.ibk5.gbi1	0049000000687474..0051000000687474	0202000000474227..0202000000474227	0
250	https://schema.org/postalCode	predicate-250.ibk5	16	2378	92d421f9f4f14dfa760ff33d674fb0a92e2ef974eeb17572c675b3ef4985280c	predicate-250.ibk5.merkle	1	https://danbri.github.io/londat/kgx/graph/cwg.p05/998072694de1136b	predicate-250.ibk5.lgi2	predicate-250.ibk5.gbi1	0049000000687474..0051000000687474	0207000000453134..0207000000453134	0
251	https://danbri.github.io/londat/kgx/vocab#hoursAsOf	predicate-251.ibk5	11	1571	d5f82bc556ae9ff6662ccb3d45f749aaba9f7ed39ec13635a6eb41d315e769ae	predicate-251.ibk5.merkle	1	https://danbri.github.io/londat/kgx/graph/cwg.p05/998072694de1136b	predicate-251.ibk5.lgi2	predicate-251.ibk5.gbi1	0049000000687474..0050000000687474	020a000000323032..020a000000323032	0
252	https://danbri.github.io/londat/kgx/vocab#levelText	predicate-252.ibk5	8	1173	8d073312aed28b88a4a65de4d202bec20898fc5f4f1ff307d880193e9816121b	predicate-252.ibk5.merkle	1	https://danbri.github.io/londat/kgx/graph/cwg.p05/998072694de1136b	predicate-252.ibk5.lgi2	predicate-252.ibk5.gbi1	0049000000687474..0050000000687474	020c0000004d616c..020d0000004d616c	0
253	https://danbri.github.io/londat/kgx/vocab#registryBuilding	predicate-253.ibk5	12	1940	9da3f1fde0b6551255f72437bf456c2b587e667d0e16af25c55eec475996479c	predicate-253.ibk5.merkle	1	https://danbri.github.io/londat/kgx/graph/cwg.p05/998072694de1136b	predicate-253.ibk5.lgi2	predicate-253.ibk5.gbi1	0049000000687474..0050000000687474	0038000000687474..0038000000687474	0
254	https://schema.org/address	predicate-254.ibk5	13	2511	e8ef5855a3d8ca81a5ec05b7b804fc3b36cc7c3264ee3629837595b09e2d5d4b	predicate-254.ibk5.merkle	1	https://danbri.github.io/londat/kgx/graph/cwg.p05/998072694de1136b	predicate-254.ibk5.lgi2	predicate-254.ibk5.gbi1	0049000000687474..0050000000687474	004a000000687474..0051000000687474	0
255	https://schema.org/containedInPlace	predicate-255.ibk5	26	2994	37a88a044d8293310e15ea75a494c466fdc7885de4993f87aa3bfc6c6939767a	predicate-255.ibk5.merkle	1	https://danbri.github.io/londat/kgx/graph/cwg.p05/998072694de1136b	predicate-255.ibk5.lgi2	predicate-255.ibk5.gbi1	0049000000687474..0050000000687474	0037000000687474..0212000000436f6c	0
256	https://schema.org/name	predicate-256.ibk5	13	2510	f8d7baee9066c757d4f87807a6b828788752778070d0ae75fc542c1924376efc	predicate-256.ibk5.merkle	1	https://danbri.github.io/londat/kgx/graph/cwg.p05/998072694de1136b	predicate-256.ibk5.lgi2	predicate-256.ibk5.gbi1	0049000000687474..0050000000687474	0212000000427570..022d00000044696e	0
257	https://schema.org/openingHours	predicate-257.ibk5	11	2186	25396d42af38f0839ddc36968e9f3baf994749f27fd52dd2aac1bf6756600c7c	predicate-257.ibk5.merkle	1	https://danbri.github.io/londat/kgx/graph/cwg.p05/998072694de1136b	predicate-257.ibk5.lgi2	predicate-257.ibk5.gbi1	0049000000687474..0050000000687474	02110000004d6f2d..02310000004d6f2d	0
258	https://schema.org/openingHoursSpecification	predicate-258.ibk5	65	8657	58361fa4bfa8babf52056ab283b9a87b31a824f8c8197ef0c228a7799b312ab7	predicate-258.ibk5.merkle	1	https://danbri.github.io/londat/kgx/graph/cwg.p05/998072694de1136b	predicate-258.ibk5.lgi2	predicate-258.ibk5.gbi1	0049000000687474..0050000000687474	0058000000687474..0062000000687474	0
259	https://schema.org/subjectOf	predicate-259.ibk5	13	2409	01ad74ee82e748798e94d0617aadf675adccdb9b46d4f111b870a1ac1b2a1d7d	predicate-259.ibk5.merkle	1	https://danbri.github.io/londat/kgx/graph/cwg.p05/998072694de1136b	predicate-259.ibk5.lgi2	predicate-259.ibk5.gbi1	0049000000687474..0050000000687474	0042000000687474..0049000000687474	0
260	https://schema.org/url	predicate-260.ibk5	12	1696	ea70b860ad175dafee52ee05b9356d3ba8f6d3ca1929b6c4ddde8270b7dcaf6a	predicate-260.ibk5.merkle	1	https://danbri.github.io/londat/kgx/graph/cwg.p05/998072694de1136b	predicate-260.ibk5.lgi2	predicate-260.ibk5.gbi1	0049000000687474..0050000000687474	0019000000687474..0053000000687474	0
261	https://schema.org/streetAddress	predicate-261.ibk5	8	1365	05265f1e36764f2735f3aefe6425b18f39720ac7d73079fd96fef3dd1229adf5	predicate-261.ibk5.merkle	1	https://danbri.github.io/londat/kgx/graph/cwg.p05/998072694de1136b	predicate-261.ibk5.lgi2	predicate-261.ibk5.gbi1	0049000000687474..0051000000687474	020e000000313220..0215000000313420	0
262	https://danbri.github.io/londat/kgx/vocab#status	predicate-262.ibk5	1	336	42d8ac3a123ce7405ddb341edb0c75be05951fe8554f8f0310bf4d9fc2f3e991	predicate-262.ibk5.merkle	1	https://danbri.github.io/londat/kgx/graph/cwg.p05/998072694de1136b	predicate-262.ibk5.lgi2	predicate-262.ibk5.gbi1	0049000000687474..0049000000687474	020b000000636f6d..020b000000636f6d	0
263	https://schema.org/dateModified	predicate-263.ibk5	6	1220	b05c08f05f40802b04f3869ad1242f8b66569b8222b13a557fcd7ac13f737b07	predicate-263.ibk5.merkle	1	https://danbri.github.io/londat/kgx/graph/cwg.p05/998072694de1136b	predicate-263.ibk5.lgi2	predicate-263.ibk5.gbi1	0049000000687474..0051000000687474	0219000000323032..0219000000323032	0
264	https://schema.org/datePublished	predicate-264.ibk5	6	1073	93cedeb5f381a9aa7b53b98fb9d5737527f9e6273c5b7bc1b8df30aab2f9b9c4	predicate-264.ibk5.merkle	1	https://danbri.github.io/londat/kgx/graph/cwg.p05/998072694de1136b	predicate-264.ibk5.lgi2	predicate-264.ibk5.gbi1	0049000000687474..0051000000687474	0219000000323031..0219000000323032	0
265	https://schema.org/servesCuisine	predicate-265.ibk5	1	316	cc80ff1728e104cc8153b2a2168693ef0e1a9196cca11dccaa2d915fe69cb539	predicate-265.ibk5.merkle	1	https://danbri.github.io/londat/kgx/graph/cwg.p05/998072694de1136b	predicate-265.ibk5.lgi2	predicate-265.ibk5.gbi1	0049000000687474..0049000000687474	02070000004d6578..02070000004d6578	0
266	http://www.w3.org/1999/02/22-rdf-syntax-ns#type	predicate-266.ibk5	423	47898	59fbf4c1887cc710a8306716d5d121e5dac5db5acbc29b168d3ab2c837a086af	predicate-266.ibk5.merkle	1	https://danbri.github.io/londat/kgx/graph/cwg.p06/88469498d1fa5526	predicate-266.ibk5.lgi2	predicate-266.ibk5.gbi1	0051000000687474..006f000000687474	001c000000687474..002c000000687474	0
267	https://danbri.github.io/londat/kgx/vocab#closesMinute	predicate-267.ibk5	417	48269	3df0288bc903965bc13b3f5ebaab680e46291aeaa2289765fb198e678f4ea941	predicate-267.ibk5.merkle	1	https://danbri.github.io/londat/kgx/graph/cwg.p06/88469498d1fa5526	predicate-267.ibk5.lgi2	predicate-267.ibk5.gbi1	0051000000687474..006f000000687474	0203000000383430..0204000000313536	0
268	https://danbri.github.io/londat/kgx/vocab#opensMinute	predicate-268.ibk5	417	47826	4da638a74bafa528236530e7a9fd1eba6d4ba04de3d6b171ed7f0ec1104d749e	predicate-268.ibk5.merkle	1	https://danbri.github.io/londat/kgx/graph/cwg.p06/88469498d1fa5526	predicate-268.ibk5.lgi2	predicate-268.ibk5.gbi1	0051000000687474..006f000000687474	0201000000302800..0204000000313032	0
269	https://schema.org/closes	predicate-269.ibk5	417	48246	bf2c112385a816323e281be63a452c109ef6749d2a50de0659b09fca9eeb2e6d	predicate-269.ibk5.merkle	1	https://danbri.github.io/londat/kgx/graph/cwg.p06/88469498d1fa5526	predicate-269.ibk5.lgi2	predicate-269.ibk5.gbi1	0051000000687474..006f000000687474	020500000030303a..020500000032333a	0
270	https://schema.org/dayOfWeek	predicate-270.ibk5	417	47225	c1e9f5ca63e7f3ea00403b1dfa31b2ba207da1f3ab9de01e78f1068dab31517c	predicate-270.ibk5.merkle	1	https://danbri.github.io/londat/kgx/graph/cwg.p06/88469498d1fa5526	predicate-270.ibk5.lgi2	predicate-270.ibk5.gbi1	0051000000687474..006f000000687474	0019000000687474..001c000000687474	0
271	https://schema.org/opens	predicate-271.ibk5	417	47813	134dade1803fec4f2c25aef60325d0031ec0e3aaa206a5db4023f12b84ccea17	predicate-271.ibk5.merkle	1	https://danbri.github.io/londat/kgx/graph/cwg.p06/88469498d1fa5526	predicate-271.ibk5.lgi2	predicate-271.ibk5.gbi1	0051000000687474..006f000000687474	020500000030303a..020500000031373a	0
272	https://schema.org/addressCountry	predicate-272.ibk5	6	890	ac2e90f532dcaee82fc613d74b2df8d0e2a9f9c1bac0d02be92413f3422850f6	predicate-272.ibk5.merkle	1	https://danbri.github.io/londat/kgx/graph/cwg.p06/88469498d1fa5526	predicate-272.ibk5.lgi2	predicate-272.ibk5.gbi1	0053000000687474..005e000000687474	0202000000474227..0202000000474227	0
273	https://schema.org/postalCode	predicate-273.ibk5	6	1115	e866d9c19f0222b5a75430bb81246267460cd0173c25b3d64a8654f8cf697149	predicate-273.ibk5.merkle	1	https://danbri.github.io/londat/kgx/graph/cwg.p06/88469498d1fa5526	predicate-273.ibk5.lgi2	predicate-273.ibk5.gbi1	0053000000687474..005e000000687474	0207000000453134..0207000000453134	0
274	https://danbri.github.io/londat/kgx/vocab#hoursAsOf	predicate-274.ibk5	6	1022	cc1080359906e8779aad3d88e3b5ddd8196c47ea9a988989c1ed52186317a863	predicate-274.ibk5.merkle	1	https://danbri.github.io/londat/kgx/graph/cwg.p06/88469498d1fa5526	predicate-274.ibk5.lgi2	predicate-274.ibk5.gbi1	0052000000687474..005d000000687474	020a000000323032..020a000000323032	0
275	https://danbri.github.io/londat/kgx/vocab#levelText	predicate-275.ibk5	5	988	973a7d0b1370b01a03416e9508b3e935c93983148165331f087c00b9fd5f7460	predicate-275.ibk5.merkle	1	https://danbri.github.io/londat/kgx/graph/cwg.p06/88469498d1fa5526	predicate-275.ibk5.lgi2	predicate-275.ibk5.gbi1	0052000000687474..005d000000687474	020c0000004d616c..020e000000537472	0
276	https://danbri.github.io/londat/kgx/vocab#registryBuilding	predicate-276.ibk5	6	1224	6c6a184ffb319a410231739f1e8f9f6f746989926511be22d0fcd76fbf77c2d2	predicate-276.ibk5.merkle	1	https://danbri.github.io/londat/kgx/graph/cwg.p06/88469498d1fa5526	predicate-276.ibk5.lgi2	predicate-276.ibk5.gbi1	0052000000687474..005d000000687474	0038000000687474..0038000000687474	0
277	https://schema.org/address	predicate-277.ibk5	6	1382	3c5b06227a59bd9f0840bf094c59350262618d72350b7a518e7edda034ef4cce	predicate-277.ibk5.merkle	1	https://danbri.github.io/londat/kgx/graph/cwg.p06/88469498d1fa5526	predicate-277.ibk5.lgi2	predicate-277.ibk5.gbi1	0052000000687474..005d000000687474	0053000000687474..005e000000687474	0
278	https://schema.org/containedInPlace	predicate-278.ibk5	12	1711	ab4441b173c452f6e4c51f56f18f2ccdfd9e96ca472ae726237dc73c42aa69bf	predicate-278.ibk5.merkle	1	https://danbri.github.io/londat/kgx/graph/cwg.p06/88469498d1fa5526	predicate-278.ibk5.lgi2	predicate-278.ibk5.gbi1	0052000000687474..005d000000687474	0037000000687474..0212000000436f6c	0
279	https://schema.org/name	predicate-279.ibk5	6	1320	d379ee3e29fb68880ca68192e11c16fa3b87ba4beccd5067f55dd8d5c7f89969	predicate-279.ibk5.merkle	1	https://danbri.github.io/londat/kgx/graph/cwg.p06/88469498d1fa5526	predicate-279.ibk5.lgi2	predicate-279.ibk5.gbi1	0052000000687474..005d000000687474	021d000000427269..022a000000546875	0
280	https://schema.org/openingHours	predicate-280.ibk5	6	1210	2f102be0356e03272ea70229bde665895010ce3a0a5051bbb3781df6217ad4a8	predicate-280.ibk5.merkle	1	https://danbri.github.io/londat/kgx/graph/cwg.p06/88469498d1fa5526	predicate-280.ibk5.lgi2	predicate-280.ibk5.gbi1	0052000000687474..005d000000687474	020400000032342f..02290000004d6f2d	0
281	https://schema.org/openingHoursSpecification	predicate-281.ibk5	35	5190	104038895e3c8027203077a8317cd6480432bc1489586aee1d4f221712386866	predicate-281.ibk5.merkle	1	https://danbri.github.io/londat/kgx/graph/cwg.p06/88469498d1fa5526	predicate-281.ibk5.lgi2	predicate-281.ibk5.gbi1	0052000000687474..005d000000687474	0061000000687474..006f000000687474	0
282	https://schema.org/servesCuisine	predicate-282.ibk5	1	329	f64028c245dd1a1c093288d21548156faa91e4e4ffc13cf8c82f42e508764dd2	predicate-282.ibk5.merkle	1	https://danbri.github.io/londat/kgx/graph/cwg.p06/88469498d1fa5526	predicate-282.ibk5.lgi2	predicate-282.ibk5.gbi1	0055000000687474..0055000000687474	0208000000416d65..0208000000416d65	0
283	https://schema.org/subjectOf	predicate-283.ibk5	6	1336	b862c33b0ccd98165d847834184d14560edd4afc2b7d47e9e63d47e6caf90644	predicate-283.ibk5.merkle	1	https://danbri.github.io/londat/kgx/graph/cwg.p06/88469498d1fa5526	predicate-283.ibk5.lgi2	predicate-283.ibk5.gbi1	0052000000687474..005d000000687474	004b000000687474..0056000000687474	0
284	https://schema.org/url	predicate-284.ibk5	6	1322	7105bd8611b7a338ccf4d0efbe513cf04ae8eaa382686412e16ec2ba6c660a09	predicate-284.ibk5.merkle	1	https://danbri.github.io/londat/kgx/graph/cwg.p06/88469498d1fa5526	predicate-284.ibk5.lgi2	predicate-284.ibk5.gbi1	0052000000687474..005d000000687474	001d000000687474..0061000000687474	0
285	https://schema.org/streetAddress	predicate-285.ibk5	4	883	75145cd0cb624acea03639d2fa289ce9a4b312bbe856db310c143c17094d7d62	predicate-285.ibk5.merkle	1	https://danbri.github.io/londat/kgx/graph/cwg.p06/88469498d1fa5526	predicate-285.ibk5.lgi2	predicate-285.ibk5.gbi1	0057000000687474..005e000000687474	020e000000353020..0215000000313320	0
286	https://schema.org/dateModified	predicate-286.ibk5	1	346	d047beb1dcbb69b5ecd3f7422e99c17a8823b7d7547134c6e6d32eab9c1ffdcc	predicate-286.ibk5.merkle	1	https://danbri.github.io/londat/kgx/graph/cwg.p06/88469498d1fa5526	predicate-286.ibk5.lgi2	predicate-286.ibk5.gbi1	0056000000687474..0056000000687474	0219000000323032..0219000000323032	0
287	https://schema.org/datePublished	predicate-287.ibk5	1	347	ed1194cb64178796c700c62ede54d72008a651bd52f4ed9f732cd41255bcf698	predicate-287.ibk5.merkle	1	https://danbri.github.io/londat/kgx/graph/cwg.p06/88469498d1fa5526	predicate-287.ibk5.lgi2	predicate-287.ibk5.gbi1	0056000000687474..0056000000687474	0219000000323031..0219000000323031	0
288	https://danbri.github.io/londat/kgx/vocab#facadeSlot	predicate-288.ibk5	8	1251	b53c2d1e5b9965fa873478abed2f49fc6f1d02814da96f45ad56a951e3b89536	predicate-288.ibk5.merkle	1	https://danbri.github.io/londat/kgx/graph/facade-atlas.p00/911c77615fcb20b3	predicate-288.ibk5.lgi2	predicate-288.ibk5.gbi1	003d000000687474..003f000000687474	0202000000313628..0202000000323228	0
289	https://danbri.github.io/londat/kgx/vocab#file	predicate-289.ibk5	1	365	22109f85838b7dbbbf91d8e13aabae102397c55035d18e3d706e28b7a5aa77c3	predicate-289.ibk5.merkle	1	https://danbri.github.io/londat/kgx/graph/facade-atlas.p00/911c77615fcb20b3	predicate-289.ibk5.lgi2	predicate-289.ibk5.gbi1	003d000000687474..003d000000687474	022d0000006d6167..022d0000006d6167	0
290	https://danbri.github.io/londat/kgx/vocab#sha256	predicate-290.ibk5	1	386	2c67c2596df97a5bb4aeb0456ca39884a18c2ca5be4c500a04c4a8666eaaa13c	predicate-290.ibk5.merkle	1	https://danbri.github.io/londat/kgx/graph/facade-atlas.p00/911c77615fcb20b3	predicate-290.ibk5.lgi2	predicate-290.ibk5.gbi1	003d000000687474..003d000000687474	0240000000323162..0240000000323162	0
291	https://danbri.github.io/londat/kgx/vocab#slotsMax	predicate-291.ibk5	1	327	c9d1de467ef79556761235cce5c343dbbd7c2f8343a1d8cbda660d1dde40f0e0	predicate-291.ibk5.merkle	1	https://danbri.github.io/londat/kgx/graph/facade-atlas.p00/911c77615fcb20b3	predicate-291.ibk5.lgi2	predicate-291.ibk5.gbi1	003d000000687474..003d000000687474	0202000000333228..0202000000333228	0
292	https://danbri.github.io/londat/kgx/vocab#slotsUsed	predicate-292.ibk5	1	328	955a26665ed47e661a80f63d0bfba45fa313fa3087216d3bfe9faabdd15533c3	predicate-292.ibk5.merkle	1	https://danbri.github.io/londat/kgx/graph/facade-atlas.p00/911c77615fcb20b3	predicate-292.ibk5.lgi2	predicate-292.ibk5.gbi1	003d000000687474..003d000000687474	0202000000323328..0202000000323328	0
293	https://danbri.github.io/londat/kgx/vocab#atlasSlot	predicate-293.ibk5	7	1245	2fc1aafa2a98a4fd48c12af1ba72a1026ae73802d24d3e621618f2a019cd4758	predicate-293.ibk5.merkle	1	https://danbri.github.io/londat/kgx/graph/facade-atlas.p00/911c77615fcb20b3	predicate-293.ibk5.lgi2	predicate-293.ibk5.gbi1	0043000000687474..0052000000687474	0202000000313628..0202000000323228	0
294	https://danbri.github.io/londat/kgx/vocab#inAtlas	predicate-294.ibk5	7	945	4074e1d810900a2d3b4315a8b811004a41ab3eb5fba01d71b882f1963dc07a74	predicate-294.ibk5.merkle	1	https://danbri.github.io/londat/kgx/graph/facade-atlas.p00/911c77615fcb20b3	predicate-294.ibk5.lgi2	predicate-294.ibk5.gbi1	0043000000687474..0052000000687474	003d000000687474..003d000000687474	0
295	https://danbri.github.io/londat/kgx/vocab#hex	predicate-295.ibk5	21	3664	d546bb96d5c35c1057269bc37435db3af4756d33c37244804f673948d9c8a88f	predicate-295.ibk5.merkle	1	https://danbri.github.io/londat/kgx/graph/facade-patches-cwdock.p00/df7ef411b4ef1e21	predicate-295.ibk5.lgi2	predicate-295.ibk5.gbi1	0050000000687474..005a000000687474	0207000000233139..0207000000236536	0
296	https://danbri.github.io/londat/kgx/vocab#lightness	predicate-296.ibk5	21	3625	5b9f433a348a5e6f851598a8928d86a769d3c9061aa98d20aba87b98619f6602	predicate-296.ibk5.merkle	1	https://danbri.github.io/londat/kgx/graph/facade-patches-cwdock.p00/df7ef411b4ef1e21	predicate-296.ibk5.lgi2	predicate-296.ibk5.gbi1	0050000000687474..005a000000687474	0202000000373028..020400000039322e	0
297	https://danbri.github.io/londat/kgx/vocab#rank	predicate-297.ibk5	21	2642	4b6385160420ba4118ccbb660c30cb1d785bb22909aaecd1d8cc7affebeac532	predicate-297.ibk5.merkle	1	https://danbri.github.io/londat/kgx/graph/facade-patches-cwdock.p00/df7ef411b4ef1e21	predicate-297.ibk5.lgi2	predicate-297.ibk5.gbi1	0050000000687474..005a000000687474	0201000000302800..0201000000322800	0
298	https://danbri.github.io/londat/kgx/vocab#share	predicate-298.ibk5	21	3642	8ba4276903c4bebb01e395fedefcd6caa73e5494e7725d65d46c58440a7def24	predicate-298.ibk5.merkle	1	https://danbri.github.io/londat/kgx/graph/facade-patches-cwdock.p00/df7ef411b4ef1e21	predicate-298.ibk5.lgi2	predicate-298.ibk5.gbi1	0050000000687474..005a000000687474	0204000000302e31..0205000000302e35	0
299	http://www.w3.org/1999/02/22-rdf-syntax-ns#type	predicate-299.ibk5	7	955	7e122c11a9bc1a9ecac8e47c014e6430e57e06c8ad061dcf19ad1b9e1b305729	predicate-299.ibk5.merkle	1	https://danbri.github.io/londat/kgx/graph/facade-patches-cwdock.p00/df7ef411b4ef1e21	predicate-299.ibk5.lgi2	predicate-299.ibk5.gbi1	0047000000687474..0051000000687474	0035000000687474..0035000000687474	0
300	http://www.w3.org/2000/01/rdf-schema#comment	predicate-300.ibk5	7	1822	12fe566e97df27eed877593d72f7d9f0a84f801cb55b20ceace44f524454f9c5	predicate-300.ibk5.merkle	1	https://danbri.github.io/londat/kgx/graph/facade-patches-cwdock.p00/df7ef411b4ef1e21	predicate-300.ibk5.lgi2	predicate-300.ibk5.gbi1	0047000000687474..0051000000687474	0224000000746865..029b000000746872	0
301	http://www.w3.org/2000/01/rdf-schema#label	predicate-301.ibk5	7	1534	139cd7b8627e17d6976ab0df0c4fee17b8a1dedb9d01da56e9e9bebfd2b4c4f2	predicate-301.ibk5.merkle	1	https://danbri.github.io/londat/kgx/graph/facade-patches-cwdock.p00/df7ef411b4ef1e21	predicate-301.ibk5.lgi2	predicate-301.ibk5.gbi1	0047000000687474..0051000000687474	021e000000646f63..0238000000746865	0
302	https://danbri.github.io/londat/kgx/vocab#bayAutocorrelation	predicate-302.ibk5	7	1234	49ee082ef46393ab9df52e6bba559d98198b5fd4e88fc3e48d1e7bedfd1256ff	predicate-302.ibk5.merkle	1	https://danbri.github.io/londat/kgx/graph/facade-patches-cwdock.p00/df7ef411b4ef1e21	predicate-302.ibk5.lgi2	predicate-302.ibk5.gbi1	0047000000687474..0051000000687474	0204000000302e32..0204000000302e35	0
303	https://danbri.github.io/londat/kgx/vocab#bayPeriodPx	predicate-303.ibk5	7	1282	83723db85e41e57d106e9eb76478738fb6dacf81244969babf7e7ca4b2753c5b	predicate-303.ibk5.merkle	1	https://danbri.github.io/londat/kgx/graph/facade-patches-cwdock.p00/df7ef411b4ef1e21	predicate-303.ibk5.lgi2	predicate-303.ibk5.gbi1	0047000000687474..0051000000687474	0202000000313828..0206000000313436	0
304	https://danbri.github.io/londat/kgx/vocab#box	predicate-304.ibk5	7	1334	5e991a1e3ae49dc9ea279c1e62f2d4b2368415e7de8c187a269b7b8bbd9e7644	predicate-304.ibk5.merkle	1	https://danbri.github.io/londat/kgx/graph/facade-patches-cwdock.p00/df7ef411b4ef1e21	predicate-304.ibk5.lgi2	predicate-304.ibk5.gbi1	0047000000687474..0051000000687474	020c000000302030..0210000000313535	0
305	https://danbri.github.io/londat/kgx/vocab#building	predicate-305.ibk5	7	1305	0f1305f46f88ead7dddb34bec2f1fb277d9037752f6d5f09ee9cc0bf77afe912	predicate-305.ibk5.merkle	1	https://danbri.github.io/londat/kgx/graph/facade-patches-cwdock.p00/df7ef411b4ef1e21	predicate-305.ibk5.lgi2	predicate-305.ibk5.gbi1	0047000000687474..0051000000687474	003e000000687474..003f000000687474	0
306	https://danbri.github.io/londat/kgx/vocab#colour	predicate-306.ibk5	21	3053	e3a301bbf0fb4a86e88b3f7c4dab53837bfee73ebe328e604cfa937160fab8c1	predicate-306.ibk5.merkle	1	https://danbri.github.io/londat/kgx/graph/facade-patches-cwdock.p00/df7ef411b4ef1e21	predicate-306.ibk5.lgi2	predicate-306.ibk5.gbi1	0047000000687474..0051000000687474	0050000000687474..005a000000687474	0
307	https://danbri.github.io/londat/kgx/vocab#face	predicate-307.ibk5	7	1368	03b831efbf2449865af47f5e79dd6581137aaaad3ada59f064247d8f6c101484	predicate-307.ibk5.merkle	1	https://danbri.github.io/londat/kgx/graph/facade-patches-cwdock.p00/df7ef411b4ef1e21	predicate-307.ibk5.lgi2	predicate-307.ibk5.gbi1	0047000000687474..0051000000687474	020a0000006e6f72..021f000000656173	0
308	https://danbri.github.io/londat/kgx/vocab#faceWidthMetres	predicate-308.ibk5	3	668	bd016c01e9a36bc217df0dc3f270f2f61ea359ff50de9a64415cfd385dba4351	predicate-308.ibk5.merkle	1	https://danbri.github.io/londat/kgx/graph/facade-patches-cwdock.p00/df7ef411b4ef1e21	predicate-308.ibk5.lgi2	predicate-308.ibk5.gbi1	0047000000687474..0051000000687474	020400000032372e..020400000036332e	0
309	https://danbri.github.io/londat/kgx/vocab#floorAutocorrelation	predicate-309.ibk5	7	1236	f757dee96ce4e5e1ef456375553f17ffe1ba2f689106a5cc39092c78272d6b2d	predicate-309.ibk5.merkle	1	https://danbri.github.io/londat/kgx/graph/facade-patches-cwdock.p00/df7ef411b4ef1e21	predicate-309.ibk5.lgi2	predicate-309.ibk5.gbi1	0047000000687474..0051000000687474	0204000000302e31..0204000000302e37	0
310	https://danbri.github.io/londat/kgx/vocab#floorPeriodPx	predicate-310.ibk5	7	1288	5fd3ef35b4226d964fe23fa97b36e416d9f7e4446172debbd797e8fcbfff538b	predicate-310.ibk5.merkle	1	https://danbri.github.io/londat/kgx/graph/facade-patches-cwdock.p00/df7ef411b4ef1e21	predicate-310.ibk5.lgi2	predicate-310.ibk5.gbi1	0047000000687474..0051000000687474	0204000000362e39..0206000000313132	0
311	https://danbri.github.io/londat/kgx/vocab#fromPhoto	predicate-311.ibk5	7	1297	bd9f60d288743e6eced4f95f15d185006a49a5eda248c4ecb53ece44e94ab2de	predicate-311.ibk5.merkle	1	https://danbri.github.io/londat/kgx/graph/facade-patches-cwdock.p00/df7ef411b4ef1e21	predicate-311.ibk5.lgi2	predicate-311.ibk5.gbi1	0047000000687474..0051000000687474	003d000000687474..003d000000687474	0
312	https://danbri.github.io/londat/kgx/vocab#patchHeightPx	predicate-312.ibk5	7	1279	86563aa6648e368b287c02b3490c738257d8445ff4aa9964182dcb2fc84ac009	predicate-312.ibk5.merkle	1	https://danbri.github.io/londat/kgx/graph/facade-patches-cwdock.p00/df7ef411b4ef1e21	predicate-312.ibk5.lgi2	predicate-312.ibk5.gbi1	0047000000687474..0051000000687474	0203000000333830..0204000000323034	0
313	https://danbri.github.io/londat/kgx/vocab#patchWidthPx	predicate-313.ibk5	7	1278	ee78ba93d2b4131dfd5f8fef09b22157f727da98ee2acbfd3d41a2685f70d147	predicate-313.ibk5.merkle	1	https://danbri.github.io/londat/kgx/graph/facade-patches-cwdock.p00/df7ef411b4ef1e21	predicate-313.ibk5.lgi2	predicate-313.ibk5.gbi1	0047000000687474..0051000000687474	0203000000323731..0204000000313639	0
314	https://danbri.github.io/londat/kgx/vocab#roi	predicate-314.ibk5	7	1357	4fa0002ea494d6fe0bb6c2886768978372b859ee2a9518192f528e321938e585	predicate-314.ibk5.merkle	1	https://danbri.github.io/londat/kgx/graph/facade-patches-cwdock.p00/df7ef411b4ef1e21	predicate-314.ibk5.lgi2	predicate-314.ibk5.gbi1	0047000000687474..0051000000687474	0210000000333330..0212000000313132	0
315	https://danbri.github.io/londat/kgx/vocab#sha256	predicate-315.ibk5	7	1689	9cb89c28c6900efd7ca4618e6e2f3e02b988510bf5f498b29e39144bbea902aa	predicate-315.ibk5.merkle	1	https://danbri.github.io/londat/kgx/graph/facade-patches-cwdock.p00/df7ef411b4ef1e21	predicate-315.ibk5.lgi2	predicate-315.ibk5.gbi1	0047000000687474..0051000000687474	0240000000303034..0240000000666436	0
316	https://danbri.github.io/londat/kgx/vocab#vanishingPointHorizontal	predicate-316.ibk5	7	1367	0004dd64fab968cef29edcabd02a07531bbd1ffdccc077ed70e419808f8456c9	predicate-316.ibk5.merkle	1	https://danbri.github.io/londat/kgx/graph/facade-patches-cwdock.p00/df7ef411b4ef1e21	predicate-316.ibk5.lgi2	predicate-316.ibk5.gbi1	0047000000687474..0051000000687474	020c0000005b2d31..02110000005b2d33	0
317	https://danbri.github.io/londat/kgx/vocab#vanishingPointVertical	predicate-317.ibk5	7	1376	2cf3b21df5cc7d54b6df3824c3d8144314efc7de350c2e67764e138618d83b6e	predicate-317.ibk5.merkle	1	https://danbri.github.io/londat/kgx/graph/facade-patches-cwdock.p00/df7ef411b4ef1e21	predicate-317.ibk5.lgi2	predicate-317.ibk5.gbi1	0047000000687474..0051000000687474	020f0000005b3731..02140000005b2d31	0
318	https://schema.org/contentUrl	predicate-318.ibk5	7	1651	8a9ed31bd8dc9dc696a2d2611212f2af265e68840e1c4c08adf764582a6b3958	predicate-318.ibk5.merkle	1	https://danbri.github.io/londat/kgx/graph/facade-patches-cwdock.p00/df7ef411b4ef1e21	predicate-318.ibk5.lgi2	predicate-318.ibk5.gbi1	0047000000687474..0051000000687474	0065000000687474..006f000000687474	0
319	https://schema.org/license	predicate-319.ibk5	7	931	b7764d5a11d1fa1d3b307ba7e095cf37be30d19af7afd93d9a8379535ef256fc	predicate-319.ibk5.merkle	1	https://danbri.github.io/londat/kgx/graph/facade-patches-cwdock.p00/df7ef411b4ef1e21	predicate-319.ibk5.lgi2	predicate-319.ibk5.gbi1	0047000000687474..0051000000687474	0032000000687474..0032000000687474	0
320	https://danbri.github.io/londat/kgx/vocab#hex	predicate-320.ibk5	15	2782	58d310ff0af6585bcec34b749a4fde9d10f4b89853a4c01c5e069cbc2610ceb7	predicate-320.ibk5.merkle	1	https://danbri.github.io/londat/kgx/graph/facade-patches-cwlibrary.p00/a9ec39f5e86dd130	predicate-320.ibk5.lgi2	predicate-320.ibk5.gbi1	0059000000687474..005e000000687474	0207000000233133..0207000000236135	0
321	https://danbri.github.io/londat/kgx/vocab#lightness	predicate-321.ibk5	15	2698	0690188df981f86bdff31f0d0338a506024fa5e53207de01d3673700cc60741e	predicate-321.ibk5.merkle	1	https://danbri.github.io/londat/kgx/graph/facade-patches-cwlibrary.p00/a9ec39f5e86dd130	predicate-321.ibk5.lgi2	predicate-321.ibk5.gbi1	0059000000687474..005e000000687474	0202000000323428..020400000037302e	0
322	https://danbri.github.io/londat/kgx/vocab#rank	predicate-322.ibk5	15	2096	2ea026d0c2809d21a12abd0dd699e67b757c4ebd3a6d567855c18be44c0d2cf1	predicate-322.ibk5.merkle	1	https://danbri.github.io/londat/kgx/graph/facade-patches-cwlibrary.p00/a9ec39f5e86dd130	predicate-322.ibk5.lgi2	predicate-322.ibk5.gbi1	0059000000687474..005e000000687474	0201000000302800..0201000000322800	0
323	https://danbri.github.io/londat/kgx/vocab#share	predicate-323.ibk5	15	2768	5041916655964038b5b522741283817cf35b3afe6e55995431394ed8adac515c	predicate-323.ibk5.merkle	1	https://danbri.github.io/londat/kgx/graph/facade-patches-cwlibrary.p00/a9ec39f5e86dd130	predicate-323.ibk5.lgi2	predicate-323.ibk5.gbi1	0059000000687474..005e000000687474	0204000000302e31..0205000000302e35	0
324	http://www.w3.org/1999/02/22-rdf-syntax-ns#type	predicate-324.ibk5	5	793	782e54ca3491f16e3318e5f8f56b517e09b27ad20ee6f8d1dafdce345ee40f46	predicate-324.ibk5.merkle	1	https://danbri.github.io/londat/kgx/graph/facade-patches-cwlibrary.p00/a9ec39f5e86dd130	predicate-324.ibk5.lgi2	predicate-324.ibk5.gbi1	0050000000687474..0055000000687474	0035000000687474..0035000000687474	0
325	http://www.w3.org/2000/01/rdf-schema#comment	predicate-325.ibk5	5	1145	68d73453f4f07659042ddb1d7580aa66ac04aa3a5ae2dbc2a042c642771c68c7	predicate-325.ibk5.merkle	1	https://danbri.github.io/londat/kgx/graph/facade-patches-cwlibrary.p00/a9ec39f5e86dd130	predicate-325.ibk5.lgi2	predicate-325.ibk5.gbi1	0050000000687474..0055000000687474	0207000000626163..02400000006c6566	0
326	http://www.w3.org/2000/01/rdf-schema#label	predicate-326.ibk5	5	1165	7a04d4751e6a12c8282ddb3ad1a4aa0b35cca6ee80b1ebacec4ad9af327fbb4b	predicate-326.ibk5.merkle	1	https://danbri.github.io/londat/kgx/graph/facade-patches-cwlibrary.p00/a9ec39f5e86dd130	predicate-326.ibk5.lgi2	predicate-326.ibk5.gbi1	0050000000687474..0055000000687474	021f0000006c6962..022b000000746865	0
327	https://danbri.github.io/londat/kgx/vocab#bayAutocorrelation	predicate-327.ibk5	5	1018	32a1f9476410a8b94c8f08d2c06b98ba217ad32984e13fa4165b6286db64bbca	predicate-327.ibk5.merkle	1	https://danbri.github.io/londat/kgx/graph/facade-patches-cwlibrary.p00/a9ec39f5e86dd130	predicate-327.ibk5.lgi2	predicate-327.ibk5.gbi1	0050000000687474..0055000000687474	0204000000302e31..0204000000302e36	0
328	https://danbri.github.io/londat/kgx/vocab#bayPeriodPx	predicate-328.ibk5	5	1017	e489f4f9e4089bf208dd2782f146bca5840a978e601b9ea2a2ae481d59a27e48	predicate-328.ibk5.merkle	1	https://danbri.github.io/londat/kgx/graph/facade-patches-cwlibrary.p00/a9ec39f5e86dd130	predicate-328.ibk5.lgi2	predicate-328.ibk5.gbi1	0050000000687474..0055000000687474	020500000031312e..0206000000313134	0
329	https://danbri.github.io/londat/kgx/vocab#box	predicate-329.ibk5	5	1050	e973d6b548fff7b31d61c079514b94d3b39610329e07f165d3406ffa0f61495a	predicate-329.ibk5.merkle	1	https://danbri.github.io/londat/kgx/graph/facade-patches-cwlibrary.p00/a9ec39f5e86dd130	predicate-329.ibk5.lgi2	predicate-329.ibk5.gbi1	0050000000687474..0055000000687474	020c000000302035..0210000000323630	0
330	https://danbri.github.io/londat/kgx/vocab#building	predicate-330.ibk5	5	1006	fb5e7c3dc7bed612931e078d0d88586b9969da20723067002409e4f165aab688	predicate-330.ibk5.merkle	1	https://danbri.github.io/londat/kgx/graph/facade-patches-cwlibrary.p00/a9ec39f5e86dd130	predicate-330.ibk5.lgi2	predicate-330.ibk5.gbi1	0050000000687474..0055000000687474	003d000000687474..003f000000687474	0
331	https://danbri.github.io/londat/kgx/vocab#colour	predicate-331.ibk5	15	2382	33e9b281519635c061805a8c4995ac2b67b53c4af1e6c81bee707d673f4c0912	predicate-331.ibk5.merkle	1	https://danbri.github.io/londat/kgx/graph/facade-patches-cwlibrary.p00/a9ec39f5e86dd130	predicate-331.ibk5.lgi2	predicate-331.ibk5.gbi1	0050000000687474..0055000000687474	0059000000687474..005e000000687474	0
332	https://danbri.github.io/londat/kgx/vocab#face	predicate-332.ibk5	5	968	cc14ea812d968bb3fb907013c3dbe05ed206cadbcdab14931fd63fcd326626c9	predicate-332.ibk5.merkle	1	https://danbri.github.io/londat/kgx/graph/facade-patches-cwlibrary.p00/a9ec39f5e86dd130	predicate-332.ibk5.lgi2	predicate-332.ibk5.gbi1	0050000000687474..0055000000687474	02050000006e6f72..020d000000656173	0
333	https://danbri.github.io/londat/kgx/vocab#floorAutocorrelation	predicate-333.ibk5	5	1019	b45b43de00e3c2db4d6aec151560b853b97bb251e5abd80ee8f3b48c404aaf7f	predicate-333.ibk5.merkle	1	https://danbri.github.io/londat/kgx/graph/facade-patches-cwlibrary.p00/a9ec39f5e86dd130	predicate-333.ibk5.lgi2	predicate-333.ibk5.gbi1	0050000000687474..0055000000687474	0203000000302e37..0204000000302e35	0
334	https://danbri.github.io/londat/kgx/vocab#floorPeriodPx	predicate-334.ibk5	5	1016	54f9dabb661e6dda7a7cef99c697f6230050fa485060a0c13df97f6415990ff1	predicate-334.ibk5.merkle	1	https://danbri.github.io/londat/kgx/graph/facade-patches-cwlibrary.p00/a9ec39f5e86dd130	predicate-334.ibk5.lgi2	predicate-334.ibk5.gbi1	0050000000687474..0055000000687474	0204000000352e30..020500000039342e	0
335	https://danbri.github.io/londat/kgx/vocab#fromPhoto	predicate-335.ibk5	5	1003	3705d173c861a7225eb71613883e502a754601ce460bdbd7bbbe7ad714970f77	predicate-335.ibk5.merkle	1	https://danbri.github.io/londat/kgx/graph/facade-patches-cwlibrary.p00/a9ec39f5e86dd130	predicate-335.ibk5.lgi2	predicate-335.ibk5.gbi1	0050000000687474..0055000000687474	003d000000687474..003d000000687474	0
336	https://danbri.github.io/londat/kgx/vocab#patchHeightPx	predicate-336.ibk5	5	1010	eff999ed01530ddce189e2f0b8efac6378f1b403eeec2adae1fc3dfd16b7c35e	predicate-336.ibk5.merkle	1	https://danbri.github.io/londat/kgx/graph/facade-patches-cwlibrary.p00/a9ec39f5e86dd130	predicate-336.ibk5.lgi2	predicate-336.ibk5.gbi1	0050000000687474..0055000000687474	0203000000343030..0204000000323237	0
337	https://danbri.github.io/londat/kgx/vocab#patchWidthPx	predicate-337.ibk5	5	1007	f03e146ff0ec78e88f9151c39c8628a838c3eb1a4fbb8f8d7067da09d0e0e22b	predicate-337.ibk5.merkle	1	https://danbri.github.io/londat/kgx/graph/facade-patches-cwlibrary.p00/a9ec39f5e86dd130	predicate-337.ibk5.lgi2	predicate-337.ibk5.gbi1	0050000000687474..0055000000687474	0203000000333030..0203000000363730	0
338	https://danbri.github.io/londat/kgx/vocab#roi	predicate-338.ibk5	5	1059	ae6f1f14ad61f963755346883739f8274e12ff7669041145e24a75d486d8cbba	predicate-338.ibk5.merkle	1	https://danbri.github.io/londat/kgx/graph/facade-patches-cwlibrary.p00/a9ec39f5e86dd130	predicate-338.ibk5.lgi2	predicate-338.ibk5.gbi1	0050000000687474..0055000000687474	020f000000313130..0211000000353930	0
339	https://danbri.github.io/londat/kgx/vocab#sha256	predicate-339.ibk5	5	1301	d4ba50f0d5972d43120a89b3ba69ef4f456a92cb9597b3ac8742669f5a7049d7	predicate-339.ibk5.merkle	1	https://danbri.github.io/londat/kgx/graph/facade-patches-cwlibrary.p00/a9ec39f5e86dd130	predicate-339.ibk5.lgi2	predicate-339.ibk5.gbi1	0050000000687474..0055000000687474	0240000000333566..0240000000643733	0
340	https://danbri.github.io/londat/kgx/vocab#vanishingPointHorizontal	predicate-340.ibk5	5	1074	15c3fe8aea1e038e574c02a0b1df871ea3773d4f00535e7e09bccac177c7d821	predicate-340.ibk5.merkle	1	https://danbri.github.io/londat/kgx/graph/facade-patches-cwlibrary.p00/a9ec39f5e86dd130	predicate-340.ibk5.lgi2	predicate-340.ibk5.gbi1	0050000000687474..0055000000687474	020e0000005b2d33..02100000005b3130	0
341	https://danbri.github.io/londat/kgx/vocab#vanishingPointVertical	predicate-341.ibk5	5	1072	e340d85b26bf6bb158e8dcc6561a41159364480254ecdc474a702da8c1dc935c	predicate-341.ibk5.merkle	1	https://danbri.github.io/londat/kgx/graph/facade-patches-cwlibrary.p00/a9ec39f5e86dd130	predicate-341.ibk5.lgi2	predicate-341.ibk5.gbi1	0050000000687474..0055000000687474	020e0000005b3135..02100000005b3132	0
342	https://schema.org/contentUrl	predicate-342.ibk5	5	1304	108a5b25036fbee32ffa5b3df48c1b4bdf9458925fdd3a96ab154b6e8d629e10	predicate-342.ibk5.merkle	1	https://danbri.github.io/londat/kgx/graph/facade-patches-cwlibrary.p00/a9ec39f5e86dd130	predicate-342.ibk5.lgi2	predicate-342.ibk5.gbi1	0050000000687474..0055000000687474	006e000000687474..0073000000687474	0
343	https://schema.org/license	predicate-343.ibk5	5	769	e86ed1b8b963d2b5fd4b91ff688395e5dfb4ec1c167a14b513e41067cf1e3be4	predicate-343.ibk5.merkle	1	https://danbri.github.io/londat/kgx/graph/facade-patches-cwlibrary.p00/a9ec39f5e86dd130	predicate-343.ibk5.lgi2	predicate-343.ibk5.gbi1	0050000000687474..0055000000687474	0032000000687474..0032000000687474	0
344	https://danbri.github.io/londat/kgx/vocab#faceWidthMetres	predicate-344.ibk5	1	367	b2789a314ce50094c4cac035f5290b84072972ab20967a0645adc0f36f852a2d	predicate-344.ibk5.merkle	1	https://danbri.github.io/londat/kgx/graph/facade-patches-cwlibrary.p00/a9ec39f5e86dd130	predicate-344.ibk5.lgi2	predicate-344.ibk5.gbi1	0052000000687474..0052000000687474	0202000000323428..0202000000323428	0
345	https://danbri.github.io/londat/kgx/vocab#at	predicate-345.ibk5	3	722	8eb88cf47a351ae4526695e41e7bde7c58d5069078b83068594986aa87fb2d30	predicate-345.ibk5.merkle	1	https://danbri.github.io/londat/kgx/graph/facade-tiles-cwdock.p00/c87912aab7fe2581	predicate-345.ibk5.lgi2	predicate-345.ibk5.gbi1	0051000000687474..005b000000687474	02130000002d302e..02130000002d302e	0
346	https://danbri.github.io/londat/kgx/vocab#building	predicate-346.ibk5	3	726	bb21d98f83c206843285d6ec87a08ef1d183ac55e8b4ed1481d064765c5cef00	predicate-346.ibk5.merkle	1	https://danbri.github.io/londat/kgx/graph/facade-tiles-cwdock.p00/c87912aab7fe2581	predicate-346.ibk5.lgi2	predicate-346.ibk5.gbi1	0051000000687474..005b000000687474	003e000000687474..003f000000687474	0
347	http://www.w3.org/1999/02/22-rdf-syntax-ns#type	predicate-347.ibk5	3	531	a7d743f76178c6410a27025dd09e98a9bee9b73592bcc2b68a0547146a506d38	predicate-347.ibk5.merkle	1	https://danbri.github.io/londat/kgx/graph/facade-tiles-cwdock.p00/c87912aab7fe2581	predicate-347.ibk5.lgi2	predicate-347.ibk5.gbi1	0043000000687474..0048000000687474	0034000000687474..0034000000687474	0
348	http://www.w3.org/2000/01/rdf-schema#comment	predicate-348.ibk5	3	2067	85000add49895ceb85158bceff5bb44667f0df1c3b7175dbab31a4034979cd6d	predicate-348.ibk5.merkle	1	https://danbri.github.io/londat/kgx/graph/facade-tiles-cwdock.p00/c87912aab7fe2581	predicate-348.ibk5.lgi2	predicate-348.ibk5.gbi1	0043000000687474..0048000000687474	02290200004c6566..02ea01000054776f	0
349	https://danbri.github.io/londat/kgx/vocab#crop	predicate-349.ibk5	3	663	1f1d68644bc716290ec6ee502dfa10d429c39e0a160c07e8a1a923de3093bfd6	predicate-349.ibk5.merkle	1	https://danbri.github.io/londat/kgx/graph/facade-tiles-cwdock.p00/c87912aab7fe2581	predicate-349.ibk5.lgi2	predicate-349.ibk5.gbi1	0043000000687474..0048000000687474	020d000000302031..020f000000333335	0
350	https://danbri.github.io/londat/kgx/vocab#file	predicate-350.ibk5	3	763	23e135ba824ea86e6f4bc7a08b1f7972598cd5feb72bccbae3d1ded72ed534ca	predicate-350.ibk5.merkle	1	https://danbri.github.io/londat/kgx/graph/facade-tiles-cwdock.p00/c87912aab7fe2581	predicate-350.ibk5.lgi2	predicate-350.ibk5.gbi1	0043000000687474..0048000000687474	022e000000646174..0233000000646174	0
351	https://danbri.github.io/londat/kgx/vocab#forBuilding	predicate-351.ibk5	3	682	319bc2b5ebfb47bb5ac17ef3ae82bcc44c3c3cc4ad2c75ddbda0bc3b9b63cece	predicate-351.ibk5.merkle	1	https://danbri.github.io/londat/kgx/graph/facade-tiles-cwdock.p00/c87912aab7fe2581	predicate-351.ibk5.lgi2	predicate-351.ibk5.gbi1	0043000000687474..0048000000687474	003e000000687474..003f000000687474	0
352	https://danbri.github.io/londat/kgx/vocab#heightMetres	predicate-352.ibk5	3	642	6464bce5e404df46d3cd6fd2aa2d950fd3b0727e7cfb04a3f72ba7a53e7b99f0	predicate-352.ibk5.merkle	1	https://danbri.github.io/londat/kgx/graph/facade-tiles-cwdock.p00/c87912aab7fe2581	predicate-352.ibk5.lgi2	predicate-352.ibk5.gbi1	0043000000687474..0048000000687474	0203000000362e31..0204000000332e31	0
353	https://danbri.github.io/londat/kgx/vocab#method	predicate-353.ibk5	3	529	fc96ec53b07a2c4a5e864093ccfbddccff05f3b349d5f78e2f365c683f13e7f7	predicate-353.ibk5.merkle	1	https://danbri.github.io/londat/kgx/graph/facade-tiles-cwdock.p00/c87912aab7fe2581	predicate-353.ibk5.lgi2	predicate-353.ibk5.gbi1	0043000000687474..0048000000687474	020500000070686f..020500000070686f	0
354	https://danbri.github.io/londat/kgx/vocab#mirroredHalf	predicate-354.ibk5	1	351	a2b9ab405a9b75da77e31a1975874e4eb4a0410dcbd85aae6f857d7517b8ed4b	predicate-354.ibk5.merkle	1	https://danbri.github.io/londat/kgx/graph/facade-tiles-cwdock.p00/c87912aab7fe2581	predicate-354.ibk5.lgi2	predicate-354.ibk5.gbi1	0048000000687474..0048000000687474	0204000000747275..0204000000747275	0
355	https://danbri.github.io/londat/kgx/vocab#page	predicate-355.ibk5	3	591	b94ef859e548c71389fa3a861a667e278dd6c43d48ea89be761df792a9b4f901	predicate-355.ibk5.merkle	1	https://danbri.github.io/londat/kgx/graph/facade-tiles-cwdock.p00/c87912aab7fe2581	predicate-355.ibk5.lgi2	predicate-355.ibk5.gbi1	0043000000687474..0048000000687474	0245000000687474..0245000000687474	0
356	https://danbri.github.io/londat/kgx/vocab#placement	predicate-356.ibk5	3	746	8ee9e91b8055e32043e50ef3493c0947766272cb48ab5a9a05aece04a16312dc	predicate-356.ibk5.merkle	1	https://danbri.github.io/londat/kgx/graph/facade-tiles-cwdock.p00/c87912aab7fe2581	predicate-356.ibk5.lgi2	predicate-356.ibk5.gbi1	0043000000687474..0048000000687474	0051000000687474..005b000000687474	0
357	https://danbri.github.io/londat/kgx/vocab#sha256	predicate-357.ibk5	3	814	f82736ba4456652ff0172bab1714b3fcb0b26cc5916584aedeaea0cd427959d6	predicate-357.ibk5.merkle	1	https://danbri.github.io/londat/kgx/graph/facade-tiles-cwdock.p00/c87912aab7fe2581	predicate-357.ibk5.lgi2	predicate-357.ibk5.gbi1	0043000000687474..0048000000687474	0240000000336539..0240000000393166	0
358	https://danbri.github.io/londat/kgx/vocab#widthMetres	predicate-358.ibk5	3	638	1cf873b47fd0d43462869033fcc73167977756fb09656ad3cfd0875eaf79e4e4	predicate-358.ibk5.merkle	1	https://danbri.github.io/londat/kgx/graph/facade-tiles-cwdock.p00/c87912aab7fe2581	predicate-358.ibk5.lgi2	predicate-358.ibk5.gbi1	0043000000687474..0048000000687474	0202000000313028..020400000031322e	0
359	https://schema.org/contentUrl	predicate-359.ibk5	3	773	56be414c76b224d8d7f5fc6658a11a45cdfd8581e2823f443c51a56e948d4917	predicate-359.ibk5.merkle	1	https://danbri.github.io/londat/kgx/graph/facade-tiles-cwdock.p00/c87912aab7fe2581	predicate-359.ibk5.lgi2	predicate-359.ibk5.gbi1	0043000000687474..0048000000687474	0063000000687474..0068000000687474	0
360	https://schema.org/isBasedOn	predicate-360.ibk5	3	687	c64cd4573b599b9931cad5dab921b4c75cf249c94923cba7b6abee2683306a3a	predicate-360.ibk5.merkle	1	https://danbri.github.io/londat/kgx/graph/facade-tiles-cwdock.p00/c87912aab7fe2581	predicate-360.ibk5.lgi2	predicate-360.ibk5.gbi1	0043000000687474..0048000000687474	0047000000687474..004a000000687474	0
361	https://schema.org/license	predicate-361.ibk5	3	508	3c9338f8e7db9302af512de93f665eb9ac569a700e4b110d997381ad1815c099	predicate-361.ibk5.merkle	1	https://danbri.github.io/londat/kgx/graph/facade-tiles-cwdock.p00/c87912aab7fe2581	predicate-361.ibk5.lgi2	predicate-361.ibk5.gbi1	0043000000687474..0048000000687474	0032000000687474..0032000000687474	0
362	https://schema.org/name	predicate-362.ibk5	3	919	a80a9b6b16ede1ba436e098267404fa26bad3346092808ec8ec6f3e00fb90117	predicate-362.ibk5.merkle	1	https://danbri.github.io/londat/kgx/graph/facade-tiles-cwdock.p00/c87912aab7fe2581	predicate-362.ibk5.lgi2	predicate-362.ibk5.gbi1	0043000000687474..0048000000687474	025b000000446563..027e000000446f63	0
363	https://danbri.github.io/londat/kgx/vocab#at	predicate-363.ibk5	5	1145	37cc74b967b945766f58e317aea5c06b56fb36b71bd469c17a4897fb0a894c26	predicate-363.ibk5.merkle	1	https://danbri.github.io/londat/kgx/graph/facade-tiles-cwlibrary.p00/715b1baf3e58edff	predicate-363.ibk5.lgi2	predicate-363.ibk5.gbi1	005a000000687474..006a000000687474	02120000002d302e..02130000002d302e	0
364	https://danbri.github.io/londat/kgx/vocab#building	predicate-364.ibk5	5	1146	6c7193bb19c0366104a5ea5d48b726f5d816cd9fa86eb76c73bc290d1fae1456	predicate-364.ibk5.merkle	1	https://danbri.github.io/londat/kgx/graph/facade-tiles-cwlibrary.p00/715b1baf3e58edff	predicate-364.ibk5.lgi2	predicate-364.ibk5.gbi1	005a000000687474..006a000000687474	003d000000687474..003f000000687474	0
365	http://www.w3.org/1999/02/22-rdf-syntax-ns#type	predicate-365.ibk5	4	663	1dcc28fa62e6b6d2c53652926603d6d3f6afaebeb0e12c93488246d53b39f6d6	predicate-365.ibk5.merkle	1	https://danbri.github.io/londat/kgx/graph/facade-tiles-cwlibrary.p00/715b1baf3e58edff	predicate-365.ibk5.lgi2	predicate-365.ibk5.gbi1	0049000000687474..0052000000687474	0034000000687474..0034000000687474	0
366	http://www.w3.org/2000/01/rdf-schema#comment	predicate-366.ibk5	4	2528	1a0b8e03af43a83d5d60aea92a55cc38f025794f0daf06916242320e132da610	predicate-366.ibk5.merkle	1	https://danbri.github.io/londat/kgx/graph/facade-tiles-cwlibrary.p00/715b1baf3e58edff	predicate-366.ibk5.lgi2	predicate-366.ibk5.gbi1	0049000000687474..0052000000687474	02050100004d6573..026d01000054776f	0
367	https://danbri.github.io/londat/kgx/vocab#crop	predicate-367.ibk5	3	684	246749194d19e1c89f02755ca71dc1208f66bb456e55f7186b9a97b6327de3cd	predicate-367.ibk5.merkle	1	https://danbri.github.io/londat/kgx/graph/facade-tiles-cwlibrary.p00/715b1baf3e58edff	predicate-367.ibk5.lgi2	predicate-367.ibk5.gbi1	0049000000687474..0051000000687474	020c000000302039..020e000000363020	0
368	https://danbri.github.io/londat/kgx/vocab#file	predicate-368.ibk5	4	1027	584fbd62ba113dd5535a08739b6c6ceffb4845f2ace3b17c7159e4131d8f71d0	predicate-368.ibk5.merkle	1	https://danbri.github.io/londat/kgx/graph/facade-tiles-cwlibrary.p00/715b1baf3e58edff	predicate-368.ibk5.lgi2	predicate-368.ibk5.gbi1	0049000000687474..0052000000687474	0234000000646174..023d000000646174	0
369	https://danbri.github.io/londat/kgx/vocab#forBuilding	predicate-369.ibk5	5	966	191809f85800b59a9f68c831cb7fb29f7e1ba154437da43960ae2789590f5b12	predicate-369.ibk5.merkle	1	https://danbri.github.io/londat/kgx/graph/facade-tiles-cwlibrary.p00/715b1baf3e58edff	predicate-369.ibk5.lgi2	predicate-369.ibk5.gbi1	0049000000687474..0052000000687474	003d000000687474..003f000000687474	0
370	https://danbri.github.io/londat/kgx/vocab#heightMetres	predicate-370.ibk5	4	826	5bf8c347b48070a0a0e055157b38ca38ea495ae25c79fe792ca4aa0959030c5d	predicate-370.ibk5.merkle	1	https://danbri.github.io/londat/kgx/graph/facade-tiles-cwlibrary.p00/715b1baf3e58edff	predicate-370.ibk5.lgi2	predicate-370.ibk5.gbi1	0049000000687474..0052000000687474	0202000000313228..0204000000332e30	0
371	https://danbri.github.io/londat/kgx/vocab#method	predicate-371.ibk5	4	717	27c1aece1dbe6cc11761593c3f328af271f17de4ae88ca60208fe94a1e60bb2e	predicate-371.ibk5.merkle	1	https://danbri.github.io/londat/kgx/graph/facade-tiles-cwlibrary.p00/715b1baf3e58edff	predicate-371.ibk5.lgi2	predicate-371.ibk5.gbi1	0049000000687474..0052000000687474	020500000070686f..0207000000706174	0
372	https://danbri.github.io/londat/kgx/vocab#page	predicate-372.ibk5	4	726	1be6bb535ba704f575230b0646c304dad9c323a86ad717917239d05cce2f3c12	predicate-372.ibk5.merkle	1	https://danbri.github.io/londat/kgx/graph/facade-tiles-cwlibrary.p00/715b1baf3e58edff	predicate-372.ibk5.lgi2	predicate-372.ibk5.gbi1	0049000000687474..0052000000687474	0248000000687474..0248000000687474	0
373	https://danbri.github.io/londat/kgx/vocab#placement	predicate-373.ibk5	5	1143	c8b7670d6b26f03f64c1f842f6b45e7d3c9695ede6080d706c8a474afb1ba9ec	predicate-373.ibk5.merkle	1	https://danbri.github.io/londat/kgx/graph/facade-tiles-cwlibrary.p00/715b1baf3e58edff	predicate-373.ibk5.lgi2	predicate-373.ibk5.gbi1	0049000000687474..0052000000687474	005a000000687474..006a000000687474	0
374	https://danbri.github.io/londat/kgx/vocab#sha256	predicate-374.ibk5	4	1059	400d0bcb27792c2ab184087eca42df4ac77e5cf19099817e8bf8afde3e6d9eb6	predicate-374.ibk5.merkle	1	https://danbri.github.io/londat/kgx/graph/facade-tiles-cwlibrary.p00/715b1baf3e58edff	predicate-374.ibk5.lgi2	predicate-374.ibk5.gbi1	0049000000687474..0052000000687474	0240000000366337..0240000000646166	0
375	https://danbri.github.io/londat/kgx/vocab#widthMetres	predicate-375.ibk5	4	821	34b1cc424f4856e0108d8ca60af684f03973da8e245ee00e75c2bb005ce6427c	predicate-375.ibk5.merkle	1	https://danbri.github.io/londat/kgx/graph/facade-tiles-cwlibrary.p00/715b1baf3e58edff	predicate-375.ibk5.lgi2	predicate-375.ibk5.gbi1	0049000000687474..0052000000687474	0201000000332800..0203000000362e35	0
376	https://schema.org/contentUrl	predicate-376.ibk5	4	1046	e36c3c948b22df2ff3f72d72b107df73628c7227de91eab85cc4eeb401d6365f	predicate-376.ibk5.merkle	1	https://danbri.github.io/londat/kgx/graph/facade-tiles-cwlibrary.p00/715b1baf3e58edff	predicate-376.ibk5.lgi2	predicate-376.ibk5.gbi1	0049000000687474..0052000000687474	0069000000687474..0072000000687474	0
377	https://schema.org/isBasedOn	predicate-377.ibk5	3	741	4591532dcb310fa5dd613859af020b3e218af995ff3d0dd24545269f693c3e85	predicate-377.ibk5.merkle	1	https://danbri.github.io/londat/kgx/graph/facade-tiles-cwlibrary.p00/715b1baf3e58edff	predicate-377.ibk5.lgi2	predicate-377.ibk5.gbi1	0049000000687474..0051000000687474	0050000000687474..0054000000687474	0
378	https://schema.org/license	predicate-378.ibk5	4	640	cbbfa983d4650a31d8ff02628b448defd298a347a4ab88c8e06e48f347b836d0	predicate-378.ibk5.merkle	1	https://danbri.github.io/londat/kgx/graph/facade-tiles-cwlibrary.p00/715b1baf3e58edff	predicate-378.ibk5.lgi2	predicate-378.ibk5.gbi1	0049000000687474..0052000000687474	0032000000687474..0032000000687474	0
379	https://schema.org/name	predicate-379.ibk5	4	1047	918573d5830fbfbaf90bee3ca08d923cb6f73ab48b2e83ef525773750f4a16eb	predicate-379.ibk5.merkle	1	https://danbri.github.io/londat/kgx/graph/facade-tiles-cwlibrary.p00/715b1baf3e58edff	predicate-379.ibk5.lgi2	predicate-379.ibk5.gbi1	0049000000687474..0052000000687474	0233000000746865..0256000000612076	0
380	https://danbri.github.io/londat/kgx/vocab#judgedColour	predicate-380.ibk5	4	650	79da423df9c61ec3ed7048034b92b0a272f144746cbe250d6e93d6879f635db3	predicate-380.ibk5.merkle	1	https://danbri.github.io/londat/kgx/graph/facade-tiles-cwlibrary.p00/715b1baf3e58edff	predicate-380.ibk5.lgi2	predicate-380.ibk5.gbi1	0052000000687474..0052000000687474	020d000000676c61..021c000000637265	0
381	https://danbri.github.io/londat/kgx/vocab#svgSha256	predicate-381.ibk5	1	420	27626359ad69c4ba9fc2d11b2565180c43921f62a0a7fcb9458fcf57f4c51a39	predicate-381.ibk5.merkle	1	https://danbri.github.io/londat/kgx/graph/facade-tiles-cwlibrary.p00/715b1baf3e58edff	predicate-381.ibk5.lgi2	predicate-381.ibk5.gbi1	0052000000687474..0052000000687474	0240000000333030..0240000000333030	0
382	https://danbri.github.io/londat/kgx/vocab#vectorSource	predicate-382.ibk5	1	429	75c938412de7260b996c96d8e809b1c203276910f5ab81d64fffb4b9c2465774	predicate-382.ibk5.merkle	1	https://danbri.github.io/londat/kgx/graph/facade-tiles-cwlibrary.p00/715b1baf3e58edff	predicate-382.ibk5.lgi2	predicate-382.ibk5.gbi1	0052000000687474..0052000000687474	0072000000687474..0072000000687474	0
383	https://danbri.github.io/londat/kgx/vocab#mirroredHalf	predicate-383.ibk5	1	356	154d31fa118791ec1f31e07bb4332bc879c737ffa0586ff28728d70faee0d7f4	predicate-383.ibk5.merkle	1	https://danbri.github.io/londat/kgx/graph/facade-tiles-cwlibrary.p00/715b1baf3e58edff	predicate-383.ibk5.lgi2	predicate-383.ibk5.gbi1	004a000000687474..004a000000687474	0204000000747275..0204000000747275	0
384	http://www.w3.org/2000/01/rdf-schema#label	predicate-384.ibk5	114	13836	4752cad12e48aa2e7d43910332d4e5587b9b1b924470cd3f9b87e8faee82b160	predicate-384.ibk5.merkle	1	https://danbri.github.io/londat/kgx/graph/facts.p00/d63a393b0630965b	predicate-384.ibk5.lgi2	predicate-384.ibk5.gbi1	0026000000687474..0029000000687474	020a000000446f6c..025500000047726f	0
385	http://purl.org/dc/terms/date	predicate-385.ibk5	315	25741	7d0da368cc72fa497d084cec3a1044914c78bfec054e2e22949b7f846fc16a91	predicate-385.ibk5.merkle	1	https://danbri.github.io/londat/kgx/graph/facts.p00/d63a393b0630965b	predicate-385.ibk5.lgi2	predicate-385.ibk5.gbi1	0038000000687474..0038000000687474	020a000000323032..020a000000323032	0
386	http://www.w3.org/1999/02/22-rdf-syntax-ns#type	predicate-386.ibk5	315	25758	3ec427311eceabc561c88689c996b7e328e4fe04aa25ab8f9ccd76ed7d5fbdaa	predicate-386.ibk5.merkle	1	https://danbri.github.io/londat/kgx/graph/facts.p00/d63a393b0630965b	predicate-386.ibk5.lgi2	predicate-386.ibk5.gbi1	0038000000687474..0038000000687474	0033000000687474..0033000000687474	0
387	https://danbri.github.io/londat/kgx/vocab#about	predicate-387.ibk5	315	30239	322270d29b05c7410927a49accfcdd3a7f3e8ebac132876deb3660a12b6cc83c	predicate-387.ibk5.merkle	1	https://danbri.github.io/londat/kgx/graph/facts.p00/d63a393b0630965b	predicate-387.ibk5.lgi2	predicate-387.ibk5.gbi1	0038000000687474..0038000000687474	0026000000687474..0069000000687474	0
388	https://danbri.github.io/londat/kgx/vocab#quote	predicate-388.ibk5	315	54291	a835f874a3bac24181f40d764ad0c260a9c2b522b0b803146897e1d720a92473	predicate-388.ibk5.merkle	1	https://danbri.github.io/londat/kgx/graph/facts.p00/d63a393b0630965b	predicate-388.ibk5.lgi2	predicate-388.ibk5.gbi1	0038000000687474..0038000000687474	020c00000039382e..02ae000000546865	0
389	https://danbri.github.io/londat/kgx/vocab#referenceLevel	predicate-389.ibk5	279	27191	92577f621d618890087ff6fd08771eefcb73b5834974006b6a1276e159ef62e5	predicate-389.ibk5.merkle	1	https://danbri.github.io/londat/kgx/graph/facts.p00/d63a393b0630965b	predicate-389.ibk5.lgi2	predicate-389.ibk5.gbi1	0038000000687474..0038000000687474	02020000004f4427..025c00000053534c	0
390	https://schema.org/citation	predicate-390.ibk5	315	31348	6e064603bfae78033002dee53de76413d7bc406d117170622e67d933d35a58cd	predicate-390.ibk5.merkle	1	https://danbri.github.io/londat/kgx/graph/facts.p00/d63a393b0630965b	predicate-390.ibk5.lgi2	predicate-390.ibk5.gbi1	0038000000687474..0038000000687474	0020000000687474..00e4000000687474	0
391	https://schema.org/propertyID	predicate-391.ibk5	315	36907	fa30263a26dbcec22692799fa6fce3e2dc2484d2eac7a1ade0354d12fec3beb4	predicate-391.ibk5.merkle	1	https://danbri.github.io/londat/kgx/graph/facts.p00/d63a393b0630965b	predicate-391.ibk5.lgi2	predicate-391.ibk5.gbi1	0038000000687474..0038000000687474	0204000000617265..0236000000737461	0
392	https://schema.org/unitText	predicate-392.ibk5	289	24646	7200387cd9a3d78704a308ee98c98a389377f24576f6869dc25dc05fdd92ce5b	predicate-392.ibk5.merkle	1	https://danbri.github.io/londat/kgx/graph/facts.p00/d63a393b0630965b	predicate-392.ibk5.lgi2	predicate-392.ibk5.gbi1	0038000000687474..0038000000687474	02010000006d2700..02090000006b696c	0
393	https://schema.org/value	predicate-393.ibk5	315	37865	126ded77097ce12d6340490127bb672ec85bd91276012e69e1aaa9f53cdd7250	predicate-393.ibk5.merkle	1	https://danbri.github.io/londat/kgx/graph/facts.p00/d63a393b0630965b	predicate-393.ibk5.lgi2	predicate-393.ibk5.gbi1	0038000000687474..0038000000687474	0201000000312800..0236000000616273	0
394	http://www.w3.org/2000/01/rdf-schema#comment	predicate-394.ibk5	118	13171	4b1562052fdef3df02a09ec317640a521cf27cf673f2c0e4df6280c1901203b0	predicate-394.ibk5.merkle	1	https://danbri.github.io/londat/kgx/graph/facts.p00/d63a393b0630965b	predicate-394.ibk5.lgi2	predicate-394.ibk5.gbi1	0038000000687474..0038000000687474	020f000000466967..0285000000526f77	0
395	http://purl.org/dc/terms/date	predicate-395.ibk5	45	3863	7a9be9ca4e768b36068776d380f909221908842c8fa16ba985cdb9183ec5264e	predicate-395.ibk5.merkle	1	https://danbri.github.io/londat/kgx/graph/facts.p01/49434be26764262c	predicate-395.ibk5.lgi2	predicate-395.ibk5.gbi1	0038000000687474..0038000000687474	020a000000323032..020a000000323032	0
396	http://www.w3.org/1999/02/22-rdf-syntax-ns#type	predicate-396.ibk5	45	3880	5541bae2b11e6f2750f54a07804c64b57341bc10a7a01dcdb765628e66de9065	predicate-396.ibk5.merkle	1	https://danbri.github.io/londat/kgx/graph/facts.p01/49434be26764262c	predicate-396.ibk5.lgi2	predicate-396.ibk5.gbi1	0038000000687474..0038000000687474	0033000000687474..0033000000687474	0
397	http://www.w3.org/2000/01/rdf-schema#comment	predicate-397.ibk5	17	2430	5619d4f3a51a30cbd7c84f569c79978fd2d5e3e619af6a32d3afd64550c170c0	predicate-397.ibk5.merkle	1	https://danbri.github.io/londat/kgx/graph/facts.p01/49434be26764262c	predicate-397.ibk5.lgi2	predicate-397.ibk5.gbi1	0038000000687474..0038000000687474	021c00000057696b..0285000000526f77	0
398	https://danbri.github.io/londat/kgx/vocab#about	predicate-398.ibk5	45	5393	ce3e0e9bab393f0e6c8a6ec4b1d9af1c6da6650180b4007bf57ec939829b9d03	predicate-398.ibk5.merkle	1	https://danbri.github.io/londat/kgx/graph/facts.p01/49434be26764262c	predicate-398.ibk5.lgi2	predicate-398.ibk5.gbi1	0038000000687474..0038000000687474	0026000000687474..0069000000687474	0
399	https://danbri.github.io/londat/kgx/vocab#quote	predicate-399.ibk5	45	8509	7b288acddae8eb2124f7ed0b59b7832d5e3df401be9041941031481299c43117	predicate-399.ibk5.merkle	1	https://danbri.github.io/londat/kgx/graph/facts.p01/49434be26764262c	predicate-399.ibk5.lgi2	predicate-399.ibk5.gbi1	0038000000687474..0038000000687474	02120000007c2046..02970000004a7562	0
400	https://danbri.github.io/londat/kgx/vocab#referenceLevel	predicate-400.ibk5	44	4735	3f6c39550459b94ff247cd72c705bd7956d90ac259478bddd96421068f9e4e74	predicate-400.ibk5.merkle	1	https://danbri.github.io/londat/kgx/graph/facts.p01/49434be26764262c	predicate-400.ibk5.lgi2	predicate-400.ibk5.gbi1	0038000000687474..0038000000687474	020a000000686f72..023a0000004f444e	0
401	https://schema.org/citation	predicate-401.ibk5	45	5979	5419ce6b75802d012a6d21cad50ca80206847061c157c7125a2047e98a38dedb	predicate-401.ibk5.merkle	1	https://danbri.github.io/londat/kgx/graph/facts.p01/49434be26764262c	predicate-401.ibk5.lgi2	predicate-401.ibk5.gbi1	0038000000687474..0038000000687474	0020000000687474..00e4000000687474	0
402	https://schema.org/propertyID	predicate-402.ibk5	45	6042	58cf641a92eeaa8f529db106a42edb50c120783e7469f022aa7f2f267e759276	predicate-402.ibk5.merkle	1	https://danbri.github.io/londat/kgx/graph/facts.p01/49434be26764262c	predicate-402.ibk5.lgi2	predicate-402.ibk5.gbi1	0038000000687474..0038000000687474	0204000000617265..0224000000666c6f	0
403	https://schema.org/unitText	predicate-403.ibk5	43	4065	200162cf1460b95deeeb5127c6db39115b5ff7663231d80a2ea015a219ba5d11	predicate-403.ibk5.merkle	1	https://danbri.github.io/londat/kgx/graph/facts.p01/49434be26764262c	predicate-403.ibk5.lgi2	predicate-403.ibk5.gbi1	0038000000687474..0038000000687474	02010000006d2700..020700000073746f	0
404	https://schema.org/value	predicate-404.ibk5	45	6171	91b9ed60e9f2d6516161acc82e52cd5243ada3ad3e9bf273136c7fe40ad6a833	predicate-404.ibk5.merkle	1	https://danbri.github.io/londat/kgx/graph/facts.p01/49434be26764262c	predicate-404.ibk5.lgi2	predicate-404.ibk5.gbi1	0038000000687474..0038000000687474	0201000000322800..025b0000004d6164	0
405	http://www.w3.org/2000/01/rdf-schema#label	predicate-405.ibk5	28	5828	632d293e578cd286cde198246f7386d56d878cd4d8eb182b185b4f88ff827242	predicate-405.ibk5.merkle	1	https://danbri.github.io/londat/kgx/graph/facts.p01/49434be26764262c	predicate-405.ibk5.lgi2	predicate-405.ibk5.gbi1	003a000000687474..0069000000687474	020d0000004a7562..025a00000047726f	0
406	http://www.w3.org/1999/02/22-rdf-syntax-ns#type	predicate-406.ibk5	476	62621	de70bad087ae850809b8e54094505b02ac022dc2fc12771db3c3f9e25b2fe5b9	predicate-406.ibk5.merkle	1	https://danbri.github.io/londat/kgx/graph/log/b3a038f93262f596	predicate-406.ibk5.lgi2	predicate-406.ibk5.gbi1	0038000000687474..0074000000687474	0022000000687474..0033000000687474	0
407	http://www.w3.org/ns/prov#endedAtTime	predicate-407.ibk5	72	11680	be989479a474f111c487a8aa01ca49ab448bc736df498728266b1ed6c6f51a20	predicate-407.ibk5.merkle	1	https://danbri.github.io/londat/kgx/graph/log/b3a038f93262f596	predicate-407.ibk5.lgi2	predicate-407.ibk5.gbi1	003d000000687474..003d000000687474	0218000000323032..0218000000323032	0
408	http://www.w3.org/ns/prov#generated	predicate-408.ibk5	132	17141	8ad1b2cd0b3cab99e380083b0e676ad59aa7c98a61a7e1f290dce82706608920	predicate-408.ibk5.merkle	1	https://danbri.github.io/londat/kgx/graph/log/b3a038f93262f596	predicate-408.ibk5.lgi2	predicate-408.ibk5.gbi1	003d000000687474..003d000000687474	003e000000687474..0057000000687474	0
409	http://www.w3.org/ns/prov#startedAtTime	predicate-409.ibk5	72	11757	92b868ca4c897b0013194dd3c7df6c756248c5c3c366a6592b2405811b7a465a	predicate-409.ibk5.merkle	1	https://danbri.github.io/londat/kgx/graph/log/b3a038f93262f596	predicate-409.ibk5.lgi2	predicate-409.ibk5.gbi1	003d000000687474..003d000000687474	0218000000323032..0218000000323032	0
410	http://www.w3.org/ns/prov#used	predicate-410.ibk5	3738	148631	bf2b1f6ef930e6a5190d019f34c41564fcb0c8ff5a82becf26dbe5ae17d304fa	predicate-410.ibk5.merkle	1	https://danbri.github.io/londat/kgx/graph/log/b3a038f93262f596	predicate-410.ibk5.lgi2	predicate-410.ibk5.gbi1	003d000000687474..003d000000687474	003e000000687474..0074000000687474	0
411	https://danbri.github.io/londat/kgx/vocab#operation	predicate-411.ibk5	72	7560	535d78096f6aed77c7a80f51070acce942171f9d2ad9e2b8adf3bfeae4dcecd1	predicate-411.ibk5.merkle	1	https://danbri.github.io/londat/kgx/graph/log/b3a038f93262f596	predicate-411.ibk5.lgi2	predicate-411.ibk5.gbi1	003d000000687474..003d000000687474	0038000000687474..0046000000687474	0
412	https://danbri.github.io/londat/kgx/vocab#operationVersion	predicate-412.ibk5	72	6529	fb28707957878ea42df5fdf2db55605b14aa66ac59da8004c6d3937de29b2fb4	predicate-412.ibk5.merkle	1	https://danbri.github.io/londat/kgx/graph/log/b3a038f93262f596	predicate-412.ibk5.lgi2	predicate-412.ibk5.gbi1	003d000000687474..003d000000687474	0201000000312800..0201000000342800	0
413	https://danbri.github.io/londat/kgx/vocab#params	predicate-413.ibk5	56	27869	a131dd60d18272458624ce6788af37488c830d36b902e1b448cf0a925090dd8a	predicate-413.ibk5.merkle	1	https://danbri.github.io/londat/kgx/graph/log/b3a038f93262f596	predicate-413.ibk5.lgi2	predicate-413.ibk5.gbi1	003d000000687474..003d000000687474	02020000007b7d27..02f90100007b2272	0
414	http://www.w3.org/2000/01/rdf-schema#label	predicate-414.ibk5	387	92064	f9a5a26c0e23b10cb73dcd0a77d3eedc436ece5c2ba2c40d230fac7e57f6ba31	predicate-414.ibk5.merkle	1	https://danbri.github.io/londat/kgx/graph/log/b3a038f93262f596	predicate-414.ibk5.lgi2	predicate-414.ibk5.gbi1	0074000000687474..0074000000687474	02170000006d6167..02590000006d6167	0
415	https://danbri.github.io/londat/kgx/vocab#bytes	predicate-415.ibk5	387	76046	771243979c4fe4fd24b9897c0de2dfb3abe98eba99faaa554ab4219ce0fa49b1	predicate-415.ibk5.merkle	1	https://danbri.github.io/londat/kgx/graph/log/b3a038f93262f596	predicate-415.ibk5.lgi2	predicate-415.ibk5.gbi1	0074000000687474..0074000000687474	0203000000323436..0207000000363338	0
416	https://danbri.github.io/londat/kgx/vocab#sha256	predicate-416.ibk5	387	98496	2a54c7a90ecb514e31f7c8fbc07fb3ddefece4d94f0b3ebdb86411ab5c1d5bd8	predicate-416.ibk5.merkle	1	https://danbri.github.io/londat/kgx/graph/log/b3a038f93262f596	predicate-416.ibk5.lgi2	predicate-416.ibk5.gbi1	0074000000687474..0074000000687474	0240000000303038..0240000000666665	0
417	http://www.w3.org/2000/01/rdf-schema#comment	predicate-417.ibk5	17	5643	c23c1d13fc6dc6cc5e108bfbb5199d3de93710fe58d41044a6a1d31049368fe8	predicate-417.ibk5.merkle	1	https://danbri.github.io/londat/kgx/graph/log/b3a038f93262f596	predicate-417.ibk5.lgi2	predicate-417.ibk5.gbi1	0038000000687474..0046000000687474	021301000053706c..02f900000070686f	0
418	https://danbri.github.io/londat/kgx/vocab#skill	predicate-418.ibk5	17	1967	a3d89a51b72b1941ea1d9ddd796d6c9c66dc515ee8b3e75a050b7d26acd152be	predicate-418.ibk5.merkle	1	https://danbri.github.io/londat/kgx/graph/log/b3a038f93262f596	predicate-418.ibk5.lgi2	predicate-418.ibk5.gbi1	0038000000687474..0046000000687474	020b000000637770..0217000000646f63	0
419	https://danbri.github.io/londat/kgx/vocab#tool	predicate-419.ibk5	17	2472	614b6ebe81e5f444ab25c3beb153de3041c28c13de1e1152a8ffe62e2adb58c9	predicate-419.ibk5.merkle	1	https://danbri.github.io/londat/kgx/graph/log/b3a038f93262f596	predicate-419.ibk5.lgi2	predicate-419.ibk5.gbi1	0038000000687474..0046000000687474	02200000006d6167..023f0000006d6167	0
420	http://www.opengis.net/ont/geosparql#hasGeometry	predicate-420.ibk5	242	36638	e7fe5180ea809ff0c07763c36a097d3c6d9e640598e30a52c6c6d95ab59a9339	predicate-420.ibk5.merkle	1	https://danbri.github.io/londat/kgx/graph/mallmap.p00/35032c4fea53e248	predicate-420.ibk5.lgi2	predicate-420.ibk5.gbi1	0036000000687474..0038000000687474	003f000000687474..0041000000687474	0
421	http://www.w3.org/1999/02/22-rdf-syntax-ns#type	predicate-421.ibk5	242	19791	1225f7203916dc5dbf51afb27f4e57f0c304862b4f082963168b86f34c072ffa	predicate-421.ibk5.merkle	1	https://danbri.github.io/londat/kgx/graph/mallmap.p00/35032c4fea53e248	predicate-421.ibk5.lgi2	predicate-421.ibk5.gbi1	0036000000687474..0038000000687474	0032000000687474..0032000000687474	0
422	https://danbri.github.io/londat/kgx/vocab#floorLevel	predicate-422.ibk5	242	20156	b1660eae89902e2cc23d13038eab129b88ee3244f3524fd7df1c1cc481cdf71b	predicate-422.ibk5.merkle	1	https://danbri.github.io/londat/kgx/graph/mallmap.p00/35032c4fea53e248	predicate-422.ibk5.lgi2	predicate-422.ibk5.gbi1	0036000000687474..0038000000687474	0201000000302800..02040000002d302e	0
423	https://danbri.github.io/londat/kgx/vocab#floorName	predicate-423.ibk5	242	20194	c215f4b6f310b7a3fcea75c78d0abaedf1c95b94cbf43b8b92258331790ece4a	predicate-423.ibk5.merkle	1	https://danbri.github.io/londat/kgx/graph/mallmap.p00/35032c4fea53e248	predicate-423.ibk5.lgi2	predicate-423.ibk5.gbi1	0036000000687474..0038000000687474	02070000004c6576..02090000004c6576	0
424	https://danbri.github.io/londat/kgx/vocab#mall	predicate-424.ibk5	242	20383	1b2c40e9cc6a48acfada255c7a6a83aec297c32c53752e7ab463937977258877	predicate-424.ibk5.merkle	1	https://danbri.github.io/londat/kgx/graph/mallmap.p00/35032c4fea53e248	predicate-424.ibk5.lgi2	predicate-424.ibk5.gbi1	0036000000687474..0038000000687474	020b000000436162..021d000000546865	0
425	https://danbri.github.io/londat/kgx/vocab#unitClass	predicate-425.ibk5	242	20430	73773b82f4a52667a8a02fd5ee821cb25301c6ede7534bff42c5a1eaf2cc1a6f	predicate-425.ibk5.merkle	1	https://danbri.github.io/londat/kgx/graph/mallmap.p00/35032c4fea53e248	predicate-425.ibk5.lgi2	predicate-425.ibk5.gbi1	0036000000687474..0038000000687474	02050000006f7468..020e000000666f6f	0
426	https://danbri.github.io/londat/kgx/vocab#unitType	predicate-426.ibk5	242	22339	c6797ea3b617e460a0c0e2a1f7f7aa8e01e78485be36956dc1ee2e53f47515aa	predicate-426.ibk5.merkle	1	https://danbri.github.io/londat/kgx/graph/mallmap.p00/35032c4fea53e248	predicate-426.ibk5.lgi2	predicate-426.ibk5.gbi1	0036000000687474..0038000000687474	0203000000626172..0210000000646570	0
427	https://schema.org/address	predicate-427.ibk5	197	25025	1ca4dbdf2c3fe170415ed477573398306b8cbf1f59e74c7c80a49eada136317d	predicate-427.ibk5.merkle	1	https://danbri.github.io/londat/kgx/graph/mallmap.p00/35032c4fea53e248	predicate-427.ibk5.lgi2	predicate-427.ibk5.gbi1	0036000000687474..0038000000687474	021200000031382d..025000000043616e	0
428	https://schema.org/latitude	predicate-428.ibk5	242	33739	436347394d1057952dd9d709ffdea183762f93654e7cdccf04126ebb9da354a1	predicate-428.ibk5.merkle	1	https://danbri.github.io/londat/kgx/graph/mallmap.p00/35032c4fea53e248	predicate-428.ibk5.lgi2	predicate-428.ibk5.gbi1	0036000000687474..0038000000687474	020700000035312e..020a00000035312e	0
429	https://schema.org/longitude	predicate-429.ibk5	242	33737	d139f17f641dfcf5bffd337651e9ef2c1c9c0ee1400f3d1d571b020e50c02f9a	predicate-429.ibk5.merkle	1	https://danbri.github.io/londat/kgx/graph/mallmap.p00/35032c4fea53e248	predicate-429.ibk5.lgi2	predicate-429.ibk5.gbi1	0036000000687474..0038000000687474	02090000002d302e..020a0000002d302e	0
430	https://schema.org/name	predicate-430.ibk5	242	32467	e83abb93396119845db854c3522d137a978f49f9119b2dd3389e94580f88e976	predicate-430.ibk5.merkle	1	https://danbri.github.io/londat/kgx/graph/mallmap.p00/35032c4fea53e248	predicate-430.ibk5.lgi2	predicate-430.ibk5.gbi1	0036000000687474..0038000000687474	0203000000484341..023c000000427269	0
431	https://danbri.github.io/londat/kgx/vocab#openingTimesText	predicate-431.ibk5	162	36191	a26a479257e38b2a3101feba167deec4a7357c7043434384aa13634e8d765d4c	predicate-431.ibk5.merkle	1	https://danbri.github.io/londat/kgx/graph/mallmap.p00/35032c4fea53e248	predicate-431.ibk5.lgi2	predicate-431.ibk5.gbi1	0036000000687474..0038000000687474	02620000006d6f6e..028a0000006d6f6e	0
432	https://schema.org/url	predicate-432.ibk5	137	15984	347f29515f8b5a774cbd75c5092c2e3e54ea011b838fb9bc39665114a4005e5c	predicate-432.ibk5.merkle	1	https://danbri.github.io/londat/kgx/graph/mallmap.p00/35032c4fea53e248	predicate-432.ibk5.lgi2	predicate-432.ibk5.gbi1	0036000000687474..0038000000687474	0013000000687474..005b000000687474	0
433	https://schema.org/telephone	predicate-433.ibk5	84	11774	0a58f091f8c5fa7854532aeaa88882dafba2ae4e9526133284d0894b30bc857c	predicate-433.ibk5.merkle	1	https://danbri.github.io/londat/kgx/graph/mallmap.p00/35032c4fea53e248	predicate-433.ibk5.lgi2	predicate-433.ibk5.gbi1	0036000000687474..0038000000687474	020b000000303230..02100000002b3434	0
434	http://www.opengis.net/ont/geosparql#hasGeometry	predicate-434.ibk5	240	36458	6af58797871286b108b712d51450172d2f4bfd80b6bf89096af9e94b5d1a4c1f	predicate-434.ibk5.merkle	1	https://danbri.github.io/londat/kgx/graph/mallmap.p01/34f2625dead70162	predicate-434.ibk5.lgi2	predicate-434.ibk5.gbi1	0038000000687474..0039000000687474	0041000000687474..0042000000687474	0
435	http://www.w3.org/1999/02/22-rdf-syntax-ns#type	predicate-435.ibk5	240	19690	5747228128b3b463ab47a04afc032a0043d37298c1cf0099fd64cbf307a540fe	predicate-435.ibk5.merkle	1	https://danbri.github.io/londat/kgx/graph/mallmap.p01/34f2625dead70162	predicate-435.ibk5.lgi2	predicate-435.ibk5.gbi1	0038000000687474..0039000000687474	0032000000687474..0032000000687474	0
436	https://danbri.github.io/londat/kgx/vocab#floorLevel	predicate-436.ibk5	240	20108	1d68fb21188add338b0222b199289cea58c8fb20398b2fc94b579793cd01c950	predicate-436.ibk5.merkle	1	https://danbri.github.io/londat/kgx/graph/mallmap.p01/34f2625dead70162	predicate-436.ibk5.lgi2	predicate-436.ibk5.gbi1	0038000000687474..0039000000687474	0201000000302800..02040000002d302e	0
437	https://danbri.github.io/londat/kgx/vocab#floorName	predicate-437.ibk5	240	20149	1867a43d7277afb2eacec773c43034f194e3e8846af6c8c92841a4c8203d5f6c	predicate-437.ibk5.merkle	1	https://danbri.github.io/londat/kgx/graph/mallmap.p01/34f2625dead70162	predicate-437.ibk5.lgi2	predicate-437.ibk5.gbi1	0038000000687474..0039000000687474	02070000004c6576..02090000004c6576	0
438	https://danbri.github.io/londat/kgx/vocab#mall	predicate-438.ibk5	240	20282	461132d8003d1f2e29cf68df784826b3e19511dde56f34ae9015c5507a7799cf	predicate-438.ibk5.merkle	1	https://danbri.github.io/londat/kgx/graph/mallmap.p01/34f2625dead70162	predicate-438.ibk5.lgi2	predicate-438.ibk5.gbi1	0038000000687474..0039000000687474	020b000000436162..021d000000546865	0
439	https://danbri.github.io/londat/kgx/vocab#openingTimesText	predicate-439.ibk5	168	36654	79e5a830a402842f8f675cfe1b4c09c455b09b0868ed0e172823dca404920fe2	predicate-439.ibk5.merkle	1	https://danbri.github.io/londat/kgx/graph/mallmap.p01/34f2625dead70162	predicate-439.ibk5.lgi2	predicate-439.ibk5.gbi1	0038000000687474..0039000000687474	021200000073756e..028a0000006d6f6e	0
440	https://danbri.github.io/londat/kgx/vocab#unitClass	predicate-440.ibk5	240	20218	42ef32d9dde3eb640a016e071662670c68f6fc9f9e2f08feee15b52b453ba626	predicate-440.ibk5.merkle	1	https://danbri.github.io/londat/kgx/graph/mallmap.p01/34f2625dead70162	predicate-440.ibk5.lgi2	predicate-440.ibk5.gbi1	0038000000687474..0039000000687474	02050000006f7468..020e000000666f6f	0
441	https://danbri.github.io/londat/kgx/vocab#unitType	predicate-441.ibk5	240	21883	009b59cf35d0ffd76f397b8805c7cd7bfc7df9b3090085e41c9173e9e701f5b0	predicate-441.ibk5.merkle	1	https://danbri.github.io/londat/kgx/graph/mallmap.p01/34f2625dead70162	predicate-441.ibk5.lgi2	predicate-441.ibk5.gbi1	0038000000687474..0039000000687474	0203000000626172..0210000000627572	0
442	https://schema.org/address	predicate-442.ibk5	199	24544	4bba6649f56f41ec7af237a893865e1abf63c750f38ea8afd53672fec6ff415b	predicate-442.ibk5.merkle	1	https://danbri.github.io/londat/kgx/graph/mallmap.p01/34f2625dead70162	predicate-442.ibk5.lgi2	predicate-442.ibk5.gbi1	0038000000687474..0039000000687474	02080000002d3120..023d0000004d616c	0
443	https://schema.org/latitude	predicate-443.ibk5	240	33458	4124b0f223ba66405d9c67439021d4341ef1195c641f83e49b4d9d64197c7452	predicate-443.ibk5.merkle	1	https://danbri.github.io/londat/kgx/graph/mallmap.p01/34f2625dead70162	predicate-443.ibk5.lgi2	predicate-443.ibk5.gbi1	0038000000687474..0039000000687474	020800000035312e..020a00000035312e	0
444	https://schema.org/longitude	predicate-444.ibk5	240	33526	d13d366036be9425de53e1f27915841df562a98e74279f1ae2f424a060b95c95	predicate-444.ibk5.merkle	1	https://danbri.github.io/londat/kgx/graph/mallmap.p01/34f2625dead70162	predicate-444.ibk5.lgi2	predicate-444.ibk5.gbi1	0038000000687474..0039000000687474	02090000002d302e..020a0000002d302e	0
445	https://schema.org/name	predicate-445.ibk5	240	32428	55a8f276accdfdc7e0cdb091f5f1117279fcc090451c75fab3f909274228b7fe	predicate-445.ibk5.merkle	1	https://danbri.github.io/londat/kgx/graph/mallmap.p01/34f2625dead70162	predicate-445.ibk5.lgi2	predicate-445.ibk5.gbi1	0038000000687474..0039000000687474	0202000000454527..0232000000546f69	0
446	https://schema.org/url	predicate-446.ibk5	147	16837	7f2cd73203082b5233c4342814c853d429a6c68b2020037dcb07f6122a8460ff	predicate-446.ibk5.merkle	1	https://danbri.github.io/londat/kgx/graph/mallmap.p01/34f2625dead70162	predicate-446.ibk5.lgi2	predicate-446.ibk5.gbi1	0038000000687474..0039000000687474	0013000000687474..0040000000687474	0
447	https://schema.org/telephone	predicate-447.ibk5	88	12490	1cd6ed4d5ed4a5fed73d13c76a6de6526cab7a198664c808db061ff8b6354e68	predicate-447.ibk5.merkle	1	https://danbri.github.io/londat/kgx/graph/mallmap.p01/34f2625dead70162	predicate-447.ibk5.lgi2	predicate-447.ibk5.gbi1	0038000000687474..0039000000687474	020b000000303230..020f000000343420	0
448	http://www.opengis.net/ont/geosparql#hasGeometry	predicate-448.ibk5	269	42711	08f7d0b02c2a986e83ec639cd6e25bc6794ea94858499ecd5b400cd903503e9d	predicate-448.ibk5.merkle	1	https://danbri.github.io/londat/kgx/graph/mallmap.p02/caf4672f24841957	predicate-448.ibk5.lgi2	predicate-448.ibk5.gbi1	0039000000687474..003c000000687474	0042000000687474..0045000000687474	0
449	http://www.w3.org/1999/02/22-rdf-syntax-ns#type	predicate-449.ibk5	269	23035	60b4484573d142265acc20246287bcdadc4d318b57934cc2b65a30a26c1371f6	predicate-449.ibk5.merkle	1	https://danbri.github.io/londat/kgx/graph/mallmap.p02/caf4672f24841957	predicate-449.ibk5.lgi2	predicate-449.ibk5.gbi1	0039000000687474..003c000000687474	0032000000687474..0032000000687474	0
450	https://danbri.github.io/londat/kgx/vocab#floorLevel	predicate-450.ibk5	269	23398	128db0e6f875c0c546f987c613edace89ef40317c21d4391c38bc224397aa6a6	predicate-450.ibk5.merkle	1	https://danbri.github.io/londat/kgx/graph/mallmap.p02/caf4672f24841957	predicate-450.ibk5.lgi2	predicate-450.ibk5.gbi1	0039000000687474..003c000000687474	0201000000302800..02040000002d302e	0
451	https://danbri.github.io/londat/kgx/vocab#floorName	predicate-451.ibk5	269	23439	1e10fd3f78e8500ac8540cb9eb396984a715f52cad58534f282dc20eb054c0ac	predicate-451.ibk5.merkle	1	https://danbri.github.io/londat/kgx/graph/mallmap.p02/caf4672f24841957	predicate-451.ibk5.lgi2	predicate-451.ibk5.gbi1	0039000000687474..003c000000687474	02070000004c6576..02090000004c6576	0
452	https://danbri.github.io/londat/kgx/vocab#mall	predicate-452.ibk5	269	23506	dfb05da0279a39cb4e3a4924c44b2c480485d8a26d509964d50106600eaabe17	predicate-452.ibk5.merkle	1	https://danbri.github.io/londat/kgx/graph/mallmap.p02/caf4672f24841957	predicate-452.ibk5.lgi2	predicate-452.ibk5.gbi1	0039000000687474..003c000000687474	020b000000436162..021d000000546865	0
453	https://danbri.github.io/londat/kgx/vocab#unitClass	predicate-453.ibk5	269	23746	8c71cc3a5837c51b7a99742249848f3c061cb7e9d9679c964ab492e009cc0f5c	predicate-453.ibk5.merkle	1	https://danbri.github.io/londat/kgx/graph/mallmap.p02/caf4672f24841957	predicate-453.ibk5.lgi2	predicate-453.ibk5.gbi1	0039000000687474..003c000000687474	02050000006f7468..020f0000006f7574	0
454	https://danbri.github.io/londat/kgx/vocab#unitType	predicate-454.ibk5	269	25997	667263f600903b151a64153f711faf3020c0b0cd3e6a59d49065b9977626a9b3	predicate-454.ibk5.merkle	1	https://danbri.github.io/londat/kgx/graph/mallmap.p02/caf4672f24841957	predicate-454.ibk5.lgi2	predicate-454.ibk5.gbi1	0039000000687474..003c000000687474	020300000061746d..0210000000646570	0
455	https://schema.org/latitude	predicate-455.ibk5	269	38239	cc398c777d823053c919303175f6e6599ae031ed30508ff60f37d9af819503ea	predicate-455.ibk5.merkle	1	https://danbri.github.io/londat/kgx/graph/mallmap.p02/caf4672f24841957	predicate-455.ibk5.lgi2	predicate-455.ibk5.gbi1	0039000000687474..003c000000687474	020600000035312e..020a00000035312e	0
456	https://schema.org/longitude	predicate-456.ibk5	269	38245	7660588c1489d85f48f9c976276d534bdf6f8b47289de308496722a80f787ca2	predicate-456.ibk5.merkle	1	https://danbri.github.io/londat/kgx/graph/mallmap.p02/caf4672f24841957	predicate-456.ibk5.lgi2	predicate-456.ibk5.gbi1	0039000000687474..003c000000687474	02080000002d302e..020a0000002d302e	0
457	https://schema.org/name	predicate-457.ibk5	174	24663	70adeaddf281e2797aef6293c90ebac68f8d13835ee46b74d68f681e422a459e	predicate-457.ibk5.merkle	1	https://danbri.github.io/londat/kgx/graph/mallmap.p02/caf4672f24841957	predicate-457.ibk5.lgi2	predicate-457.ibk5.gbi1	0039000000687474..003c000000687474	0203000000425944..023700000043616e	0
458	https://danbri.github.io/londat/kgx/vocab#openingTimesText	predicate-458.ibk5	114	26174	2bfc125c878e130a630b29b0bcc4e309dc4ab2001d1ccc17cc9d0e59c034e4ed	predicate-458.ibk5.merkle	1	https://danbri.github.io/londat/kgx/graph/mallmap.p02/caf4672f24841957	predicate-458.ibk5.lgi2	predicate-458.ibk5.gbi1	0039000000687474..003c000000687474	02620000006d6f6e..028a0000006d6f6e	0
459	https://schema.org/address	predicate-459.ibk5	139	19171	ce1066cbdbd7f970c55a680ec88c1ae306dfcec3900c4ed303eca36dd1ce67b9	predicate-459.ibk5.merkle	1	https://danbri.github.io/londat/kgx/graph/mallmap.p02/caf4672f24841957	predicate-459.ibk5.lgi2	predicate-459.ibk5.gbi1	0039000000687474..003c000000687474	020b000000436162..025000000043616e	0
460	https://schema.org/telephone	predicate-460.ibk5	57	8244	82004e90fb9b3e567547174cfd1e829fa85f97349c0384b15b03dce602f1c34d	predicate-460.ibk5.merkle	1	https://danbri.github.io/londat/kgx/graph/mallmap.p02/caf4672f24841957	predicate-460.ibk5.lgi2	predicate-460.ibk5.gbi1	0039000000687474..003c000000687474	020b000000303230..020d000000303737	0
461	https://schema.org/url	predicate-461.ibk5	100	11980	e335d6560703b17a2b0352d468210ef780351c56d74677ec1bc947fc78a28bbc	predicate-461.ibk5.merkle	1	https://danbri.github.io/londat/kgx/graph/mallmap.p02/caf4672f24841957	predicate-461.ibk5.lgi2	predicate-461.ibk5.gbi1	0039000000687474..003c000000687474	0013000000687474..0057000000687474	0
462	http://www.opengis.net/ont/geosparql#hasGeometry	predicate-462.ibk5	272	43446	06c9b9fe8a78fb1b077b9b8365a460354c5e0e897407ab3fb105e23eb61de863	predicate-462.ibk5.merkle	1	https://danbri.github.io/londat/kgx/graph/mallmap.p03/a4ef506cc906eb54	predicate-462.ibk5.lgi2	predicate-462.ibk5.gbi1	003c000000687474..003c000000687474	0045000000687474..0045000000687474	0
463	http://www.w3.org/1999/02/22-rdf-syntax-ns#type	predicate-463.ibk5	272	23364	05e9a7382830515a6b74b16db15c5c74691a1fcf5b7428833333ce6b96bcc465	predicate-463.ibk5.merkle	1	https://danbri.github.io/londat/kgx/graph/mallmap.p03/a4ef506cc906eb54	predicate-463.ibk5.lgi2	predicate-463.ibk5.gbi1	003c000000687474..003c000000687474	0032000000687474..0032000000687474	0
464	https://danbri.github.io/londat/kgx/vocab#floorLevel	predicate-464.ibk5	272	23729	95e1d1f6bbad1ab921645616a059b4202a7df53c9cc9c13a5c1390032a2b0076	predicate-464.ibk5.merkle	1	https://danbri.github.io/londat/kgx/graph/mallmap.p03/a4ef506cc906eb54	predicate-464.ibk5.lgi2	predicate-464.ibk5.gbi1	003c000000687474..003c000000687474	0201000000302800..02040000002d302e	0
465	https://danbri.github.io/londat/kgx/vocab#floorName	predicate-465.ibk5	272	23767	1692a3e50829f59f97537c3106e0be1ebdac34c070bcb52159a086a26474962b	predicate-465.ibk5.merkle	1	https://danbri.github.io/londat/kgx/graph/mallmap.p03/a4ef506cc906eb54	predicate-465.ibk5.lgi2	predicate-465.ibk5.gbi1	003c000000687474..003c000000687474	02070000004c6576..02090000004c6576	0
466	https://danbri.github.io/londat/kgx/vocab#mall	predicate-466.ibk5	272	23956	ac68cd95d1070ac8b206c1b547be491bb973bd9d8158fa5995fac408b3261a80	predicate-466.ibk5.merkle	1	https://danbri.github.io/londat/kgx/graph/mallmap.p03/a4ef506cc906eb54	predicate-466.ibk5.lgi2	predicate-466.ibk5.gbi1	003c000000687474..003c000000687474	020b000000436162..021d000000546865	0
467	https://danbri.github.io/londat/kgx/vocab#openingTimesText	predicate-467.ibk5	112	24966	c3f7fa00327dc46b42e0ae42207d57783ac5b47fdc7e2b0cb32ed55c3df48674	predicate-467.ibk5.merkle	1	https://danbri.github.io/londat/kgx/graph/mallmap.p03/a4ef506cc906eb54	predicate-467.ibk5.lgi2	predicate-467.ibk5.gbi1	003c000000687474..003c000000687474	024e000000747565..028a0000006d6f6e	0
468	https://danbri.github.io/londat/kgx/vocab#unitClass	predicate-468.ibk5	272	24068	d3be9a66e19000fa979126d0fa82f9c1c85ab763fe99c9d2e1788097363aa57b	predicate-468.ibk5.merkle	1	https://danbri.github.io/londat/kgx/graph/mallmap.p03/a4ef506cc906eb54	predicate-468.ibk5.lgi2	predicate-468.ibk5.gbi1	003c000000687474..003c000000687474	02050000006f7468..020e000000666f6f	0
469	https://danbri.github.io/londat/kgx/vocab#unitType	predicate-469.ibk5	272	26372	745804354002bb334b50ffad044a0d5024b46f30bb90cf80e6a5cbac2a041ee0	predicate-469.ibk5.merkle	1	https://danbri.github.io/londat/kgx/graph/mallmap.p03/a4ef506cc906eb54	predicate-469.ibk5.lgi2	predicate-469.ibk5.gbi1	003c000000687474..003c000000687474	020300000061746d..0210000000646570	0
470	https://schema.org/address	predicate-470.ibk5	138	18783	6019e7c09dc80713d204c4cf770041172a115a443863fa85e28ae1056ca25050	predicate-470.ibk5.merkle	1	https://danbri.github.io/londat/kgx/graph/mallmap.p03/a4ef506cc906eb54	predicate-470.ibk5.lgi2	predicate-470.ibk5.gbi1	003c000000687474..003c000000687474	02080000002d3120..0251000000436162	0
471	https://schema.org/latitude	predicate-471.ibk5	272	38268	0c79598ab3cae0f14cb64c00327cccaa2e792835151f260122805e8fa4a05efc	predicate-471.ibk5.merkle	1	https://danbri.github.io/londat/kgx/graph/mallmap.p03/a4ef506cc906eb54	predicate-471.ibk5.lgi2	predicate-471.ibk5.gbi1	003c000000687474..003c000000687474	020600000035312e..020a00000035312e	0
472	https://schema.org/longitude	predicate-472.ibk5	272	38274	4888aa907a8f9a3744936f447d45e0617274dc50b43b1add9b72a47e9f95d128	predicate-472.ibk5.merkle	1	https://danbri.github.io/londat/kgx/graph/mallmap.p03/a4ef506cc906eb54	predicate-472.ibk5.lgi2	predicate-472.ibk5.gbi1	003c000000687474..003c000000687474	02080000002d302e..020a0000002d302e	0
473	https://schema.org/name	predicate-473.ibk5	169	24315	5da8da5774c73e37b940a9f09b3352a127d65a44724d3324f4b8c5386ee2d9dd	predicate-473.ibk5.merkle	1	https://danbri.github.io/londat/kgx/graph/mallmap.p03/a4ef506cc906eb54	predicate-473.ibk5.lgi2	predicate-473.ibk5.gbi1	003c000000687474..003c000000687474	0203000000434f53..0232000000546f69	0
474	https://schema.org/telephone	predicate-474.ibk5	52	7553	6540d8242f6e79a9d48fbaeac32dfdaa764a5d5c7627d336ae1e67c1504a4631	predicate-474.ibk5.merkle	1	https://danbri.github.io/londat/kgx/graph/mallmap.p03/a4ef506cc906eb54	predicate-474.ibk5.lgi2	predicate-474.ibk5.gbi1	003c000000687474..003c000000687474	020b000000303230..02100000002b3434	0
475	https://schema.org/url	predicate-475.ibk5	89	10745	691b5202199722e0feff5494e490ed9f7cbb45844affbeeb55727454d71749fd	predicate-475.ibk5.merkle	1	https://danbri.github.io/londat/kgx/graph/mallmap.p03/a4ef506cc906eb54	predicate-475.ibk5.lgi2	predicate-475.ibk5.gbi1	003c000000687474..003c000000687474	0013000000687474..003d000000687474	0
476	http://www.opengis.net/ont/geosparql#hasGeometry	predicate-476.ibk5	269	42969	21d5837fe55d447b2d70afc168df457db7643039fbfcd6f4ff10fe87025342e5	predicate-476.ibk5.merkle	1	https://danbri.github.io/londat/kgx/graph/mallmap.p04/0ba0b1d789d001f8	predicate-476.ibk5.lgi2	predicate-476.ibk5.gbi1	003c000000687474..003c000000687474	0045000000687474..0045000000687474	0
477	http://www.w3.org/1999/02/22-rdf-syntax-ns#type	predicate-477.ibk5	269	23109	67b8d467e9b4fa8ea346202c61f5a939a752d9a846e39404bead837c5c1348dd	predicate-477.ibk5.merkle	1	https://danbri.github.io/londat/kgx/graph/mallmap.p04/0ba0b1d789d001f8	predicate-477.ibk5.lgi2	predicate-477.ibk5.gbi1	003c000000687474..003c000000687474	0032000000687474..0032000000687474	0
478	https://danbri.github.io/londat/kgx/vocab#floorLevel	predicate-478.ibk5	269	23527	a11786c691fce90be050eae33450f2337e562f9e57a7e30b8c0ba0e8b8741601	predicate-478.ibk5.merkle	1	https://danbri.github.io/londat/kgx/graph/mallmap.p04/0ba0b1d789d001f8	predicate-478.ibk5.lgi2	predicate-478.ibk5.gbi1	003c000000687474..003c000000687474	0201000000302800..02040000002d302e	0
479	https://danbri.github.io/londat/kgx/vocab#floorName	predicate-479.ibk5	269	23568	44c4c36cd77c4cf6209c582692cb314026d5a2129899c423d1c580a0c2f3efb0	predicate-479.ibk5.merkle	1	https://danbri.github.io/londat/kgx/graph/mallmap.p04/0ba0b1d789d001f8	predicate-479.ibk5.lgi2	predicate-479.ibk5.gbi1	003c000000687474..003c000000687474	02070000004c6576..02090000004c6576	0
480	https://danbri.github.io/londat/kgx/vocab#mall	predicate-480.ibk5	269	23701	1e3a181fcc4174f8a510732cf56b951771c85a87f28a1302c4ed758470fecfbe	predicate-480.ibk5.merkle	1	https://danbri.github.io/londat/kgx/graph/mallmap.p04/0ba0b1d789d001f8	predicate-480.ibk5.lgi2	predicate-480.ibk5.gbi1	003c000000687474..003c000000687474	020b000000436162..021d000000546865	0
481	https://danbri.github.io/londat/kgx/vocab#unitClass	predicate-481.ibk5	269	23869	00271097b874047c484f159a7401a37c3de6f24eeaa01f9673b8448752a4da7f	predicate-481.ibk5.merkle	1	https://danbri.github.io/londat/kgx/graph/mallmap.p04/0ba0b1d789d001f8	predicate-481.ibk5.lgi2	predicate-481.ibk5.gbi1	003c000000687474..003c000000687474	02050000006f7468..020e000000666f6f	0
482	https://danbri.github.io/londat/kgx/vocab#unitType	predicate-482.ibk5	269	26086	e2bbcb12f7e83e0861060cb645d2440f35246546096a3b439d83209d1eab1809	predicate-482.ibk5.merkle	1	https://danbri.github.io/londat/kgx/graph/mallmap.p04/0ba0b1d789d001f8	predicate-482.ibk5.lgi2	predicate-482.ibk5.gbi1	003c000000687474..003c000000687474	020300000061746d..0210000000627572	0
483	https://schema.org/latitude	predicate-483.ibk5	269	38257	a21435c8e3245d090a53e3c03b4cf96a63f93fca22836bbc66c606c349a064fe	predicate-483.ibk5.merkle	1	https://danbri.github.io/londat/kgx/graph/mallmap.p04/0ba0b1d789d001f8	predicate-483.ibk5.lgi2	predicate-483.ibk5.gbi1	003c000000687474..003c000000687474	020900000035312e..020a00000035312e	0
484	https://schema.org/longitude	predicate-484.ibk5	269	38256	bf32ce76512c3585c2c379f01e5a1eaf7502cd5d98785abd12cc951792564f63	predicate-484.ibk5.merkle	1	https://danbri.github.io/londat/kgx/graph/mallmap.p04/0ba0b1d789d001f8	predicate-484.ibk5.lgi2	predicate-484.ibk5.gbi1	003c000000687474..003c000000687474	02080000002d302e..020a0000002d302e	0
485	https://schema.org/name	predicate-485.ibk5	177	25536	3ef36d270cc7430c3ad43f640531217bb592191668132d6f650d875bb36a9e82	predicate-485.ibk5.merkle	1	https://danbri.github.io/londat/kgx/graph/mallmap.p04/0ba0b1d789d001f8	predicate-485.ibk5.lgi2	predicate-485.ibk5.gbi1	003c000000687474..003c000000687474	0202000000454527..023c000000427269	0
486	https://danbri.github.io/londat/kgx/vocab#openingTimesText	predicate-486.ibk5	117	25365	29f3860a228244d44d8ef1228ec1824160354874c651fe3cf734783035f1a94f	predicate-486.ibk5.merkle	1	https://danbri.github.io/londat/kgx/graph/mallmap.p04/0ba0b1d789d001f8	predicate-486.ibk5.lgi2	predicate-486.ibk5.gbi1	003c000000687474..003c000000687474	02620000006d6f6e..028a0000006d6f6e	0
487	https://schema.org/address	predicate-487.ibk5	147	19906	b487dd15232b18b5cbda0fc742842e45878bac0a30e6565088f81be6cb7f44cf	predicate-487.ibk5.merkle	1	https://danbri.github.io/londat/kgx/graph/mallmap.p04/0ba0b1d789d001f8	predicate-487.ibk5.lgi2	predicate-487.ibk5.gbi1	003c000000687474..003c000000687474	020b000000436162..0248000000416363	0
488	https://schema.org/telephone	predicate-488.ibk5	58	8618	b1d6aa486399720fb79e97b3b63e9432fb37fa5f2436c227d5ece069f1e341a2	predicate-488.ibk5.merkle	1	https://danbri.github.io/londat/kgx/graph/mallmap.p04/0ba0b1d789d001f8	predicate-488.ibk5.lgi2	predicate-488.ibk5.gbi1	003c000000687474..003c000000687474	020b000000303230..020e000000303230	0
489	https://schema.org/url	predicate-489.ibk5	90	10915	efaed6fe7913934617b90e1d3491fd0c63ad7e3b0935966026568aa95bb49947	predicate-489.ibk5.merkle	1	https://danbri.github.io/londat/kgx/graph/mallmap.p04/0ba0b1d789d001f8	predicate-489.ibk5.lgi2	predicate-489.ibk5.gbi1	003c000000687474..003c000000687474	0013000000687474..005b000000687474	0
490	http://www.opengis.net/ont/geosparql#hasGeometry	predicate-490.ibk5	123	19891	bf46af617a2b873d409485c12bf7ce9623e6814e1024a3c356fbf5d799482b09	predicate-490.ibk5.merkle	1	https://danbri.github.io/londat/kgx/graph/mallmap.p05/86727a6a4915addf	predicate-490.ibk5.lgi2	predicate-490.ibk5.gbi1	003c000000687474..003d000000687474	0045000000687474..0046000000687474	0
491	http://www.w3.org/1999/02/22-rdf-syntax-ns#type	predicate-491.ibk5	926	84233	89d5aa0882fbbe20b144cdebb0dc0115dca0897475d87a1e577c271bafe54a1c	predicate-491.ibk5.merkle	1	https://danbri.github.io/londat/kgx/graph/mallmap.p05/86727a6a4915addf	predicate-491.ibk5.lgi2	predicate-491.ibk5.gbi1	003c000000687474..0045000000687474	002d000000687474..0032000000687474	0
492	https://danbri.github.io/londat/kgx/vocab#floorLevel	predicate-492.ibk5	123	11132	927988f19ddc9aa30b46fbe35a1a499b91809626cd72ead504e42eb9309c0c1f	predicate-492.ibk5.merkle	1	https://danbri.github.io/londat/kgx/graph/mallmap.p05/86727a6a4915addf	predicate-492.ibk5.lgi2	predicate-492.ibk5.gbi1	003c000000687474..003d000000687474	0201000000302800..02040000002d302e	0
493	https://danbri.github.io/londat/kgx/vocab#floorName	predicate-493.ibk5	123	11170	a817a9e1add981eef6ff256c9e449f96420de433c9e97ff0e2328b006a56dc53	predicate-493.ibk5.merkle	1	https://danbri.github.io/londat/kgx/graph/mallmap.p05/86727a6a4915addf	predicate-493.ibk5.lgi2	predicate-493.ibk5.gbi1	003c000000687474..003d000000687474	02070000004c6576..02090000004c6576	0
494	https://danbri.github.io/londat/kgx/vocab#mall	predicate-494.ibk5	123	11215	4d14918d46ea22b420fe904239fbe14f89e5183266043adc247fc070b6a1ab98	predicate-494.ibk5.merkle	1	https://danbri.github.io/londat/kgx/graph/mallmap.p05/86727a6a4915addf	predicate-494.ibk5.lgi2	predicate-494.ibk5.gbi1	003c000000687474..003d000000687474	020b000000436162..0211000000576573	0
495	https://danbri.github.io/londat/kgx/vocab#unitClass	predicate-495.ibk5	123	11527	3306eb795c559e91ba58e5059527ca57dc5f6499a63134c161f1f0e158e8fb23	predicate-495.ibk5.merkle	1	https://danbri.github.io/londat/kgx/graph/mallmap.p05/86727a6a4915addf	predicate-495.ibk5.lgi2	predicate-495.ibk5.gbi1	003c000000687474..003d000000687474	02050000006f7468..020e000000666f6f	0
496	https://danbri.github.io/londat/kgx/vocab#unitType	predicate-496.ibk5	123	12674	352bb7dc0125e82e95677043ce22bc2a5ed23b68c11889ea51faa90254cfe525	predicate-496.ibk5.merkle	1	https://danbri.github.io/londat/kgx/graph/mallmap.p05/86727a6a4915addf	predicate-496.ibk5.lgi2	predicate-496.ibk5.gbi1	003c000000687474..003d000000687474	020300000067796d..0210000000646570	0
497	https://schema.org/latitude	predicate-497.ibk5	123	17698	31a025de1a3ceeb061a765c95a7e3fef46a4ef6592381d1c0f59f5ba8a166054	predicate-497.ibk5.merkle	1	https://danbri.github.io/londat/kgx/graph/mallmap.p05/86727a6a4915addf	predicate-497.ibk5.lgi2	predicate-497.ibk5.gbi1	003c000000687474..003d000000687474	020800000035312e..020a00000035312e	0
498	https://schema.org/longitude	predicate-498.ibk5	123	17700	8c3d9d5e7c78074e41fde15bd858cdec4d1c1d8325bbf10be8dd6abbcaafedbc	predicate-498.ibk5.merkle	1	https://danbri.github.io/londat/kgx/graph/mallmap.p05/86727a6a4915addf	predicate-498.ibk5.lgi2	predicate-498.ibk5.gbi1	003c000000687474..003d000000687474	02080000002d302e..020a0000002d302e	0
499	https://schema.org/name	predicate-499.ibk5	84	12532	75e854303bc7ec9af2b3263a93a86dd788c2106fec6834e195698a8fb8941841	predicate-499.ibk5.merkle	1	https://danbri.github.io/londat/kgx/graph/mallmap.p05/86727a6a4915addf	predicate-499.ibk5.lgi2	predicate-499.ibk5.gbi1	003c000000687474..003d000000687474	0203000000526f65..023700000043616e	0
500	https://danbri.github.io/londat/kgx/vocab#openingTimesText	predicate-500.ibk5	57	13376	e3523df812c492d5acf1bb9b6fe51d91f1bab867705747133d49e7ab114c7b11	predicate-500.ibk5.merkle	1	https://danbri.github.io/londat/kgx/graph/mallmap.p05/86727a6a4915addf	predicate-500.ibk5.lgi2	predicate-500.ibk5.gbi1	003c000000687474..003d000000687474	021200000073756e..028a0000006d6f6e	0
501	https://schema.org/address	predicate-501.ibk5	67	9538	94bff10205243ddf7a385f7aacd65f77dd836d64a18463ca3102bb6e0ebedfc0	predicate-501.ibk5.merkle	1	https://danbri.github.io/londat/kgx/graph/mallmap.p05/86727a6a4915addf	predicate-501.ibk5.lgi2	predicate-501.ibk5.gbi1	003c000000687474..003d000000687474	020d0000004a7562..023f0000004d616c	0
502	https://schema.org/telephone	predicate-502.ibk5	31	4671	ade2d59e425944badcff5c283501190049eb29838484fa623de39da5007d3b00	predicate-502.ibk5.merkle	1	https://danbri.github.io/londat/kgx/graph/mallmap.p05/86727a6a4915addf	predicate-502.ibk5.lgi2	predicate-502.ibk5.gbi1	003c000000687474..003d000000687474	020b000000303230..020d000000303333	0
503	https://schema.org/url	predicate-503.ibk5	49	6121	3bb2c573d5a9c8d749a69d247e4579777db1b4627b2c2904a2ad2593db89e99e	predicate-503.ibk5.merkle	1	https://danbri.github.io/londat/kgx/graph/mallmap.p05/86727a6a4915addf	predicate-503.ibk5.lgi2	predicate-503.ibk5.gbi1	003c000000687474..003d000000687474	0013000000687474..0057000000687474	0
504	http://www.opengis.net/ont/geosparql#asWKT	predicate-504.ibk5	803	467459	511c45abf8867d29a7d11ced01a20ef2298b33950f114799ff1b2adbf599fe72	predicate-504.ibk5.merkle	1	https://danbri.github.io/londat/kgx/graph/mallmap.p05/86727a6a4915addf	predicate-504.ibk5.lgi2	predicate-504.ibk5.gbi1	003f000000687474..0045000000687474	0200030000504f4c..02fd1a0000504f4c	0
505	http://www.opengis.net/ont/geosparql#asWKT	predicate-505.ibk5	612	104392	ed40cc52ab4ea3345bdafa022087d4893ee9d3a1c60747dc450ad15774ed47c5	predicate-505.ibk5.merkle	1	https://danbri.github.io/londat/kgx/graph/mallmap.p06/eb7a540383783a52	predicate-505.ibk5.lgi2	predicate-505.ibk5.gbi1	0045000000687474..0046000000687474	021c000000504f49..021c000000504f49	0
506	http://www.w3.org/1999/02/22-rdf-syntax-ns#type	predicate-506.ibk5	612	57851	5b40d83d4d6f3b881b5aa03edc302897cf15dca3233d4f6f6c35ce9609210de0	predicate-506.ibk5.merkle	1	https://danbri.github.io/londat/kgx/graph/mallmap.p06/eb7a540383783a52	predicate-506.ibk5.lgi2	predicate-506.ibk5.gbi1	0045000000687474..0046000000687474	002d000000687474..002d000000687474	0
507	http://purl.org/dc/terms/isPartOf	predicate-507.ibk5	49	6535	8f39b261777d44e773514a8fa4103932ede509b0390dd1ab7778a6a92483ed96	predicate-507.ibk5.merkle	1	https://danbri.github.io/londat/kgx/graph/meta/95e970185d83ea28	predicate-507.ibk5.lgi2	predicate-507.ibk5.gbi1	0042000000687474..0057000000687474	003e000000687474..0053000000687474	0
508	http://rdfs.org/ns/void#triples	predicate-508.ibk5	71	9209	bb5fee193d42e07630611caf429e172da1d325fc27f7f2ce4fb882b69546d1b7	predicate-508.ibk5.merkle	1	https://danbri.github.io/londat/kgx/graph/meta/95e970185d83ea28	predicate-508.ibk5.lgi2	predicate-508.ibk5.gbi1	003e000000687474..0057000000687474	0202000000323628..0206000000313833	0
509	http://www.w3.org/1999/02/22-rdf-syntax-ns#type	predicate-509.ibk5	164	10381	157d33006772d81012934afddd267f30e330783efa061ebebfbcf4624c7615bb	predicate-509.ibk5.merkle	1	https://danbri.github.io/londat/kgx/graph/meta/95e970185d83ea28	predicate-509.ibk5.lgi2	predicate-509.ibk5.gbi1	002d000000687474..0057000000687474	001f000000687474..0033000000687474	0
510	http://www.w3.org/ns/prov#wasGeneratedBy	predicate-510.ibk5	75	9983	73e95731fd8d67026bf5808b278cf8f000379c61e219f86afa74cc85b6c7faca	predicate-510.ibk5.merkle	1	https://danbri.github.io/londat/kgx/graph/meta/95e970185d83ea28	predicate-510.ibk5.lgi2	predicate-510.ibk5.gbi1	003e000000687474..0057000000687474	003d000000687474..003d000000687474	0
511	https://danbri.github.io/londat/kgx/vocab#file	predicate-511.ibk5	71	13614	55e5ddf9a117e3d4deeda0c7d1e1207bb5bcb4f3dabbe4308f9cedbfd124ada6	predicate-511.ibk5.merkle	1	https://danbri.github.io/londat/kgx/graph/meta/95e970185d83ea28	predicate-511.ibk5.lgi2	predicate-511.ibk5.gbi1	003e000000687474..0057000000687474	0221000000677261..023a000000677261	0
512	https://danbri.github.io/londat/kgx/vocab#graphName	predicate-512.ibk5	71	11347	a7e2035050c80dfd4b164abdaafb78db8f7eba1534cefb53b5c80eb1dd8e0ad1	predicate-512.ibk5.merkle	1	https://danbri.github.io/londat/kgx/graph/meta/95e970185d83ea28	predicate-512.ibk5.lgi2	predicate-512.ibk5.gbi1	003e000000687474..0057000000687474	002d000000687474..0046000000687474	0
513	https://danbri.github.io/londat/kgx/vocab#part	predicate-513.ibk5	49	5294	088a1f5f6428ad9f692b6ab07fa7ec2d61cc5955be07946471958e97ecc342c2	predicate-513.ibk5.merkle	1	https://danbri.github.io/londat/kgx/graph/meta/95e970185d83ea28	predicate-513.ibk5.lgi2	predicate-513.ibk5.gbi1	0042000000687474..0057000000687474	0201000000302800..0201000000362800	0
514	https://danbri.github.io/londat/kgx/vocab#rdfc10Sha256	predicate-514.ibk5	71	13633	e37a515486e266f5176a2d58b5e512b63159740200c43510ae878b8c8af43f93	predicate-514.ibk5.merkle	1	https://danbri.github.io/londat/kgx/graph/meta/95e970185d83ea28	predicate-514.ibk5.lgi2	predicate-514.ibk5.gbi1	003e000000687474..0057000000687474	0240000000303431..0240000000666435	0
515	http://purl.org/dc/terms/license	predicate-515.ibk5	22	4221	c779d8a6cf244f6f521d17f2b025074a3a5da135c94788b3343fd33d0b0de02d	predicate-515.ibk5.merkle	1	https://danbri.github.io/londat/kgx/graph/meta/95e970185d83ea28	predicate-515.ibk5.lgi2	predicate-515.ibk5.gbi1	003e000000687474..0053000000687474	0203000000434330..029c0000006a6f69	0
516	http://purl.org/dc/terms/rights	predicate-516.ibk5	5	773	61356690f4853e5ec4fde3e39ef28b518ca97af9bf95125e4ab3d27dadfa7e6a	predicate-516.ibk5.merkle	1	https://danbri.github.io/londat/kgx/graph/meta/95e970185d83ea28	predicate-516.ibk5.lgi2	predicate-516.ibk5.gbi1	0044000000687474..004e000000687474	0250000000c2a920..0250000000c2a920	0
517	http://purl.org/dc/terms/title	predicate-517.ibk5	22	5896	d28e74ee2468a7a43f59f6545a1273da51a9431efbac0d19aa4105467f447042	predicate-517.ibk5.merkle	1	https://danbri.github.io/londat/kgx/graph/meta/95e970185d83ea28	predicate-517.ibk5.lgi2	predicate-517.ibk5.gbi1	003e000000687474..0053000000687474	023b000000436974..02b100000043616e	0
518	https://danbri.github.io/londat/kgx/vocab#current	predicate-518.ibk5	22	3630	3e6501291b1f2aaf14377fc4d179e8dea31d715de1357f5cfe8eb8d559d3a1d8	predicate-518.ibk5.merkle	1	https://danbri.github.io/londat/kgx/graph/meta/95e970185d83ea28	predicate-518.ibk5.lgi2	predicate-518.ibk5.gbi1	002d000000687474..0042000000687474	003e000000687474..0053000000687474	0
519	http://www.w3.org/1999/02/22-rdf-syntax-ns#type	predicate-519.ibk5	401	44738	1986e3a5b7fc3222c47f6c5a1dcb6664c719338a8e661f08f3dd12527441da1f	predicate-519.ibk5.merkle	1	https://danbri.github.io/londat/kgx/graph/occupants.p00/d7cbf619fd260f4a	predicate-519.ibk5.lgi2	predicate-519.ibk5.gbi1	0050000000687474..0059000000687474	0018000000687474..0024000000687474	0
520	https://danbri.github.io/londat/kgx/vocab#role	predicate-520.ibk5	401	47268	358daaf9879211a55c43c579022f80f806b333a699e4e3087c0fe2b3ae83d811	predicate-520.ibk5.merkle	1	https://danbri.github.io/londat/kgx/graph/occupants.p00/d7cbf619fd260f4a	predicate-520.ibk5.lgi2	predicate-520.ibk5.gbi1	0050000000687474..0059000000687474	020400000073686f..021c000000686561	0
521	https://danbri.github.io/londat/kgx/vocab#sourceKind	predicate-521.ibk5	401	45260	c82f41b76c87efef90b558a0d9886b3d4291399972dd96e7294d088c29d24b0b	predicate-521.ibk5.merkle	1	https://danbri.github.io/londat/kgx/graph/occupants.p00/d7cbf619fd260f4a	predicate-521.ibk5.lgi2	predicate-521.ibk5.gbi1	0050000000687474..0059000000687474	0203000000637163..02100000006f736d	0
522	https://schema.org/brand	predicate-522.ibk5	116	17329	dc9186b36a2a95bfbc52c24fec4b9fc832e227946c30f6a33d4753d5466e1d9b	predicate-522.ibk5.merkle	1	https://danbri.github.io/londat/kgx/graph/occupants.p00/d7cbf619fd260f4a	predicate-522.ibk5.lgi2	predicate-522.ibk5.gbi1	0051000000687474..0059000000687474	0025000000687474..0029000000687474	0
523	https://schema.org/containedInPlace	predicate-523.ibk5	401	52679	11cb5058e5bbbe76266f0a7c3a806da2f8d7d22ff43039e885cd276f7e25f513	predicate-523.ibk5.merkle	1	https://danbri.github.io/londat/kgx/graph/occupants.p00/d7cbf619fd260f4a	predicate-523.ibk5.lgi2	predicate-523.ibk5.gbi1	0050000000687474..0059000000687474	0038000000687474..0038000000687474	0
524	https://schema.org/name	predicate-524.ibk5	399	62147	fcb6bfbe05293ad60d5b1f2f519566dca809878fe3aea6445728f90063911ef4	predicate-524.ibk5.merkle	1	https://danbri.github.io/londat/kgx/graph/occupants.p00/d7cbf619fd260f4a	predicate-524.ibk5.lgi2	predicate-524.ibk5.gbi1	0051000000687474..0059000000687474	0202000000425027..020a000000576178	0
525	https://schema.org/sameAs	predicate-525.ibk5	359	50666	22b17405eb939849a1318babea9d07b50720185080bab0c2ae57358d95299e0a	predicate-525.ibk5.merkle	1	https://danbri.github.io/londat/kgx/graph/occupants.p00/d7cbf619fd260f4a	predicate-525.ibk5.lgi2	predicate-525.ibk5.gbi1	0051000000687474..0059000000687474	0027000000687474..0050000000687474	0
526	https://schema.org/servesCuisine	predicate-526.ibk5	65	9265	50eb425f3eaf494388fcbdc04ed56106ffbac0b6b3ac6930eb0309696052f621	predicate-526.ibk5.merkle	1	https://danbri.github.io/londat/kgx/graph/occupants.p00/d7cbf619fd260f4a	predicate-526.ibk5.lgi2	predicate-526.ibk5.gbi1	0053000000687474..0059000000687474	0205000000617369..021a000000636f66	0
527	https://schema.org/url	predicate-527.ibk5	97	15504	a73243c8bb551dca0ca956d26645ce730c0b88dca632983e18e23dbc323cab09	predicate-527.ibk5.merkle	1	https://danbri.github.io/londat/kgx/graph/occupants.p00/d7cbf619fd260f4a	predicate-527.ibk5.lgi2	predicate-527.ibk5.gbi1	0051000000687474..0059000000687474	0011000000687474..0084000000687474	0
528	https://schema.org/openingHours	predicate-528.ibk5	57	10672	cbadb6e581eb477871f5488210dc7d88f98e6f1c42dd373d3653e427aad1c8b3	predicate-528.ibk5.merkle	1	https://danbri.github.io/londat/kgx/graph/occupants.p00/d7cbf619fd260f4a	predicate-528.ibk5.lgi2	predicate-528.ibk5.gbi1	0053000000687474..0059000000687474	020400000032342f..02540000004d6f20	0
529	https://danbri.github.io/londat/kgx/vocab#level	predicate-529.ibk5	149	17776	a05ee53ed34f1221caa2740f80064a23a8f3e04ef2ff58953fb73d9dc0f2c6e4	predicate-529.ibk5.merkle	1	https://danbri.github.io/londat/kgx/graph/occupants.p00/d7cbf619fd260f4a	predicate-529.ibk5.lgi2	predicate-529.ibk5.gbi1	0051000000687474..0059000000687474	0201000000302700..020e000000537472	0
530	https://danbri.github.io/londat/kgx/vocab#webOpeningHours	predicate-530.ibk5	28	5281	77de7f06ae2a35e1acfc877d15c3482801eb92224602def235dd85d729501f2f	predicate-530.ibk5.merkle	1	https://danbri.github.io/londat/kgx/graph/occupants.p00/d7cbf619fd260f4a	predicate-530.ibk5.lgi2	predicate-530.ibk5.gbi1	0053000000687474..0059000000687474	02110000004d6f2d..02510000004d6f20	0
531	https://danbri.github.io/londat/kgx/vocab#mall	predicate-531.ibk5	110	12912	219594c0a69ffe5c0430ebed04c3d05e2e141536dca70e3bd26aba3287a223da	predicate-531.ibk5.merkle	1	https://danbri.github.io/londat/kgx/graph/occupants.p00/d7cbf619fd260f4a	predicate-531.ibk5.lgi2	predicate-531.ibk5.gbi1	0051000000687474..0059000000687474	020a000000576f6f..0211000000546865	0
532	https://danbri.github.io/londat/kgx/vocab#odsCode	predicate-532.ibk5	13	2327	d548be807e917d977f1f9a9625cdfff08366ce23dad5a1a46d5513e7bde44232	predicate-532.ibk5.merkle	1	https://danbri.github.io/londat/kgx/graph/occupants.p00/d7cbf619fd260f4a	predicate-532.ibk5.lgi2	predicate-532.ibk5.gbi1	0052000000687474..0058000000687474	0205000000384a38..0206000000563832	0
533	https://danbri.github.io/londat/kgx/vocab#brandName	predicate-533.ibk5	1	362	9778c99b8489177b826ae87c411484a32cbe0cc6b5beebf0023e0ffecbaa208a	predicate-533.ibk5.merkle	1	https://danbri.github.io/londat/kgx/graph/occupants.p00/d7cbf619fd260f4a	predicate-533.ibk5.lgi2	predicate-533.ibk5.gbi1	0054000000687474..0054000000687474	0211000000546865..0211000000546865	0
534	https://danbri.github.io/londat/kgx/vocab#cqcLocationId	predicate-534.ibk5	4	881	fe1bc3c974f3a1167109921a7173e4c77d4fa46ee99c4fe6e11d9511f24e21ed	predicate-534.ibk5.merkle	1	https://danbri.github.io/londat/kgx/graph/occupants.p00/d7cbf619fd260f4a	predicate-534.ibk5.lgi2	predicate-534.ibk5.gbi1	0054000000687474..0058000000687474	020b000000312d33..020d000000312d32	0
535	http://www.w3.org/1999/02/22-rdf-syntax-ns#type	predicate-535.ibk5	431	50818	492d3e6726f474620c4568343b94236979226db012cc7ec2a7fc27bd1ea60b8d	predicate-535.ibk5.merkle	1	https://danbri.github.io/londat/kgx/graph/occupants.p01/221fea1b577c9c8f	predicate-535.ibk5.lgi2	predicate-535.ibk5.gbi1	0059000000687474..005f000000687474	0018000000687474..0024000000687474	0
536	https://danbri.github.io/londat/kgx/vocab#role	predicate-536.ibk5	431	53993	c36986cfa764214df3f34e58ba4724bc1bad986ba86051b38063c9c52ef7bf7e	predicate-536.ibk5.merkle	1	https://danbri.github.io/londat/kgx/graph/occupants.p01/221fea1b577c9c8f	predicate-536.ibk5.lgi2	predicate-536.ibk5.gbi1	0059000000687474..005f000000687474	020400000073686f..021c000000686561	0
537	https://danbri.github.io/londat/kgx/vocab#sourceKind	predicate-537.ibk5	431	51377	fc47c3db7fbf698226f9024b6d0957fbe1ab5dc225459653967564b48a821b6c	predicate-537.ibk5.merkle	1	https://danbri.github.io/londat/kgx/graph/occupants.p01/221fea1b577c9c8f	predicate-537.ibk5.lgi2	predicate-537.ibk5.gbi1	0059000000687474..005f000000687474	0203000000637163..02100000006f6673	0
538	https://schema.org/containedInPlace	predicate-538.ibk5	431	60772	d7974682d73ddc064d5b1bdb175425cf9a38db0217eefbf1066ae8a1aba849de	predicate-538.ibk5.merkle	1	https://danbri.github.io/londat/kgx/graph/occupants.p01/221fea1b577c9c8f	predicate-538.ibk5.lgi2	predicate-538.ibk5.gbi1	0059000000687474..005f000000687474	0038000000687474..0038000000687474	0
539	https://schema.org/name	predicate-539.ibk5	431	73151	53127e5d7c51d8856aed21a1f42f55a6d44b55299d82eac4a7430844e5eaadff	predicate-539.ibk5.merkle	1	https://danbri.github.io/londat/kgx/graph/occupants.p01/221fea1b577c9c8f	predicate-539.ibk5.lgi2	predicate-539.ibk5.gbi1	0059000000687474..005f000000687474	020a000000417765..0212000000426178	0
540	https://schema.org/sameAs	predicate-540.ibk5	324	49795	b671853282f2f259b28e5bb59126463f2b8328deaadc0c579e815bb5e3273f7e	predicate-540.ibk5.merkle	1	https://danbri.github.io/londat/kgx/graph/occupants.p01/221fea1b577c9c8f	predicate-540.ibk5.lgi2	predicate-540.ibk5.gbi1	0059000000687474..005f000000687474	002b000000687474..004a000000687474	0
541	https://schema.org/url	predicate-541.ibk5	73	12348	9c0059c5bb17be0fb39770344bcb74c4ea5b978e12181ae9ab991658ebec208a	predicate-541.ibk5.merkle	1	https://danbri.github.io/londat/kgx/graph/occupants.p01/221fea1b577c9c8f	predicate-541.ibk5.lgi2	predicate-541.ibk5.gbi1	0059000000687474..005f000000687474	0017000000687474..0065000000687474	0
542	https://schema.org/openingHours	predicate-542.ibk5	44	8916	240de787c6629a169e01611f7c9ddd214c559a4099a67dd6d54249019c263081	predicate-542.ibk5.merkle	1	https://danbri.github.io/londat/kgx/graph/occupants.p01/221fea1b577c9c8f	predicate-542.ibk5.lgi2	predicate-542.ibk5.gbi1	0059000000687474..005f000000687474	020400000032342f..02510000004d6f2d	0
543	https://danbri.github.io/londat/kgx/vocab#level	predicate-543.ibk5	127	16320	331e37eca1defc16c3c480a864129365f44cca2b7110179e613e0af74afea65d	predicate-543.ibk5.merkle	1	https://danbri.github.io/londat/kgx/graph/occupants.p01/221fea1b577c9c8f	predicate-543.ibk5.lgi2	predicate-543.ibk5.gbi1	0059000000687474..005f000000687474	0201000000302700..020e000000537472	0
544	https://danbri.github.io/londat/kgx/vocab#odsCode	predicate-544.ibk5	29	5140	2e5dcbe0eeeed966bbb96d4d91ef089f69d10fd528c9d8faa37c7918906e8a46	predicate-544.ibk5.merkle	1	https://danbri.github.io/londat/kgx/graph/occupants.p01/221fea1b577c9c8f	predicate-544.ibk5.lgi2	predicate-544.ibk5.gbi1	005a000000687474..005f000000687474	020400000041574a..0208000000454531	0
545	https://schema.org/brand	predicate-545.ibk5	87	13294	006c1f17fcacccc7ba12f0de922a2f47e817ec6284d3cdd3b2d845ace32ee017	predicate-545.ibk5.merkle	1	https://danbri.github.io/londat/kgx/graph/occupants.p01/221fea1b577c9c8f	predicate-545.ibk5.lgi2	predicate-545.ibk5.gbi1	0059000000687474..005f000000687474	0025000000687474..0029000000687474	0
546	https://danbri.github.io/londat/kgx/vocab#webOpeningHours	predicate-546.ibk5	21	4394	268f3f6a81c567517c01ca7cbcb28c14ab140020505d2cceee301f7e46195708	predicate-546.ibk5.merkle	1	https://danbri.github.io/londat/kgx/graph/occupants.p01/221fea1b577c9c8f	predicate-546.ibk5.lgi2	predicate-546.ibk5.gbi1	005a000000687474..005f000000687474	02110000004d6f2d..02470000004d6f2c	0
547	https://schema.org/servesCuisine	predicate-547.ibk5	43	6729	1b407cfc16c04bd18650d83016053d8f36603bbc3f04972bc49e3ad648cb517a	predicate-547.ibk5.merkle	1	https://danbri.github.io/londat/kgx/graph/occupants.p01/221fea1b577c9c8f	predicate-547.ibk5.lgi2	predicate-547.ibk5.gbi1	0059000000687474..005f000000687474	0205000000617369..0211000000746169	0
548	https://danbri.github.io/londat/kgx/vocab#cqcLocationId	predicate-548.ibk5	7	1450	8e25e4c323eb9a69c26090378ec5937dff3af734ad7bf5b3b4955b8305a8d43a	predicate-548.ibk5.merkle	1	https://danbri.github.io/londat/kgx/graph/occupants.p01/221fea1b577c9c8f	predicate-548.ibk5.lgi2	predicate-548.ibk5.gbi1	005c000000687474..005f000000687474	020b000000312d33..020d000000312d32	0
549	https://danbri.github.io/londat/kgx/vocab#mall	predicate-549.ibk5	94	11804	e2ed2a7d56d91363987d4a17bcf6ac8b252a531fb22566a4a0ce460a651004db	predicate-549.ibk5.merkle	1	https://danbri.github.io/londat/kgx/graph/occupants.p01/221fea1b577c9c8f	predicate-549.ibk5.lgi2	predicate-549.ibk5.gbi1	0059000000687474..005f000000687474	020a000000576f6f..0212000000436f6c	0
550	http://www.w3.org/1999/02/22-rdf-syntax-ns#type	predicate-550.ibk5	469	59141	fa999a90c357b9f7719bbac678258f54c3222b8f7202676bc54dd0fa5fb01b2f	predicate-550.ibk5.merkle	1	https://danbri.github.io/londat/kgx/graph/occupants.p02/0d768b0fdac1ef47	predicate-550.ibk5.lgi2	predicate-550.ibk5.gbi1	005f000000687474..006b000000687474	0018000000687474..0024000000687474	0
551	https://danbri.github.io/londat/kgx/vocab#cqcLocationId	predicate-551.ibk5	20	3879	dae237f96d125baa6430b488380767c0cfe58ad6b88b0eef0f0ef6f85931a3e5	predicate-551.ibk5.merkle	1	https://danbri.github.io/londat/kgx/graph/occupants.p02/0d768b0fdac1ef47	predicate-551.ibk5.lgi2	predicate-551.ibk5.gbi1	0060000000687474..006a000000687474	0205000000523148..020d000000312d32	0
552	https://danbri.github.io/londat/kgx/vocab#odsCode	predicate-552.ibk5	65	11638	4ca55e8a4576a92d02efee1e08538e1c6d67b1b9b692b85c14a98dd4910265c5	predicate-552.ibk5.merkle	1	https://danbri.github.io/londat/kgx/graph/occupants.p02/0d768b0fdac1ef47	predicate-552.ibk5.lgi2	predicate-552.ibk5.gbi1	0060000000687474..006b000000687474	0203000000444c46..0208000000454531	0
553	https://danbri.github.io/londat/kgx/vocab#role	predicate-553.ibk5	469	62608	afe5d565ad20d9443568a3905600c538cb74b5f6885611f8c436de55a482c48e	predicate-553.ibk5.merkle	1	https://danbri.github.io/londat/kgx/graph/occupants.p02/0d768b0fdac1ef47	predicate-553.ibk5.lgi2	predicate-553.ibk5.gbi1	005f000000687474..006b000000687474	020400000073686f..021c000000686561	0
554	https://danbri.github.io/londat/kgx/vocab#sourceKind	predicate-554.ibk5	469	59725	19ac64790bb2d892a4481c329a20f5306002ec02ac26df0cc3fd42ebd15aba4e	predicate-554.ibk5.merkle	1	https://danbri.github.io/londat/kgx/graph/occupants.p02/0d768b0fdac1ef47	predicate-554.ibk5.lgi2	predicate-554.ibk5.gbi1	005f000000687474..006b000000687474	0203000000637163..02190000006f736d	0
555	https://schema.org/containedInPlace	predicate-555.ibk5	469	68668	17d160558c5a017507114f4d8e1b3fa562b6986bcf7cf0f26bf489d6afc68c4b	predicate-555.ibk5.merkle	1	https://danbri.github.io/londat/kgx/graph/occupants.p02/0d768b0fdac1ef47	predicate-555.ibk5.lgi2	predicate-555.ibk5.gbi1	005f000000687474..006b000000687474	0038000000687474..0038000000687474	0
556	https://schema.org/name	predicate-556.ibk5	469	89790	e1f447ac2641957675038cfbb0989b8c925210e61f033e672cc8ade4bbdf9f98	predicate-556.ibk5.merkle	1	https://danbri.github.io/londat/kgx/graph/occupants.p02/0d768b0fdac1ef47	predicate-556.ibk5.lgi2	predicate-556.ibk5.gbi1	005f000000687474..006b000000687474	020f000000427265..02200000004a616d	0
557	https://schema.org/openingHours	predicate-557.ibk5	21	4504	346a303b4857f531f1f3c478950818f9c8df0f8f7e20179853b05df2acc51671	predicate-557.ibk5.merkle	1	https://danbri.github.io/londat/kgx/graph/occupants.p02/0d768b0fdac1ef47	predicate-557.ibk5.lgi2	predicate-557.ibk5.gbi1	0060000000687474..006a000000687474	020400000032342f..02460000004d6f2d	0
558	https://schema.org/sameAs	predicate-558.ibk5	237	40650	5d1f50d85e869ce0d2aa6625c834d81e376b3083eac79cdd950c4f7778718d02	predicate-558.ibk5.merkle	1	https://danbri.github.io/londat/kgx/graph/occupants.p02/0d768b0fdac1ef47	predicate-558.ibk5.lgi2	predicate-558.ibk5.gbi1	005f000000687474..006b000000687474	002b000000687474..0058000000687474	0
559	https://danbri.github.io/londat/kgx/vocab#level	predicate-559.ibk5	109	15008	17ead12e303ece42c32cdff811ca7568f7eccbb2f246ec48fa68d3caa383f641	predicate-559.ibk5.merkle	1	https://danbri.github.io/londat/kgx/graph/occupants.p02/0d768b0fdac1ef47	predicate-559.ibk5.lgi2	predicate-559.ibk5.gbi1	0060000000687474..006b000000687474	0201000000302700..020f0000004d616c	0
560	https://schema.org/brand	predicate-560.ibk5	46	7515	369eb02df66bcf7712c4a7fc3670bc50d015eb006aa10f0d22e3c7adffbecd82	predicate-560.ibk5.merkle	1	https://danbri.github.io/londat/kgx/graph/occupants.p02/0d768b0fdac1ef47	predicate-560.ibk5.lgi2	predicate-560.ibk5.gbi1	0060000000687474..006b000000687474	0025000000687474..0029000000687474	0
561	https://schema.org/url	predicate-561.ibk5	40	7255	aa7835281550c4dd4e3dbf31d6ba60e9ab24d3e7fae0622b376d180137461ae0	predicate-561.ibk5.merkle	1	https://danbri.github.io/londat/kgx/graph/occupants.p02/0d768b0fdac1ef47	predicate-561.ibk5.lgi2	predicate-561.ibk5.gbi1	005f000000687474..006a000000687474	0014000000687474..0065000000687474	0
562	https://danbri.github.io/londat/kgx/vocab#webOpeningHours	predicate-562.ibk5	18	6476	1af3c3924b85942e23dc82d1663f625c0af0606f815930ad90aa889fb264424b	predicate-562.ibk5.merkle	1	https://danbri.github.io/londat/kgx/graph/occupants.p02/0d768b0fdac1ef47	predicate-562.ibk5.lgi2	predicate-562.ibk5.gbi1	0060000000687474..006b000000687474	02110000004d6f2d..02660b00004d6f2c	0
563	https://schema.org/servesCuisine	predicate-563.ibk5	19	3242	8351d09123a2fbf11bc4c62d50f6a866e1ae17993384ce018d7104bfda47d2f6	predicate-563.ibk5.merkle	1	https://danbri.github.io/londat/kgx/graph/occupants.p02/0d768b0fdac1ef47	predicate-563.ibk5.lgi2	predicate-563.ibk5.gbi1	0060000000687474..0066000000687474	0205000000617369..020e0000006c6562	0
564	https://danbri.github.io/londat/kgx/vocab#mall	predicate-564.ibk5	84	11261	5a18b83b6f719d289f3c6fc84de90b1f1d90c2eec1bc3e4ecbfb1515e98a3022	predicate-564.ibk5.merkle	1	https://danbri.github.io/londat/kgx/graph/occupants.p02/0d768b0fdac1ef47	predicate-564.ibk5.lgi2	predicate-564.ibk5.gbi1	0060000000687474..006b000000687474	020a000000576f6f..0211000000546865	0
565	http://www.w3.org/1999/02/22-rdf-syntax-ns#type	predicate-565.ibk5	185	26487	af517d74ca41f26f1598e2759944ec8a59a40d8dfea3d66e786c89dd687aeb2d	predicate-565.ibk5.merkle	1	https://danbri.github.io/londat/kgx/graph/occupants.p03/bfc01dc435abb8e7	predicate-565.ibk5.lgi2	predicate-565.ibk5.gbi1	006b000000687474..008b000000687474	0018000000687474..0024000000687474	0
566	https://danbri.github.io/londat/kgx/vocab#role	predicate-566.ibk5	185	28647	797412f5476a8ada48d3ae2269c2c9761d4f5df45372d12e61e76448474f978a	predicate-566.ibk5.merkle	1	https://danbri.github.io/londat/kgx/graph/occupants.p03/bfc01dc435abb8e7	predicate-566.ibk5.lgi2	predicate-566.ibk5.gbi1	006b000000687474..008b000000687474	020400000073686f..021c000000686561	0
567	https://danbri.github.io/londat/kgx/vocab#sourceKind	predicate-567.ibk5	185	27057	7623aa17c33680d845e7f162da9e24e30c332036364be221a51d463c21c65a14	predicate-567.ibk5.merkle	1	https://danbri.github.io/londat/kgx/graph/occupants.p03/bfc01dc435abb8e7	predicate-567.ibk5.lgi2	predicate-567.ibk5.gbi1	006b000000687474..008b000000687474	0203000000637163..02100000006f6673	0
568	https://schema.org/brand	predicate-568.ibk5	11	2181	32203afd61db4d6dd2b5fbc32b3ab9a4d7a74ea14c506e206bf28f5fc77ca88f	predicate-568.ibk5.merkle	1	https://danbri.github.io/londat/kgx/graph/occupants.p03/bfc01dc435abb8e7	predicate-568.ibk5.lgi2	predicate-568.ibk5.gbi1	006c000000687474..0083000000687474	0026000000687474..0029000000687474	0
569	https://schema.org/containedInPlace	predicate-569.ibk5	185	32720	120c501c797ea56a14030ef804c3888ef7ce372cded4c95515f111d705cd0800	predicate-569.ibk5.merkle	1	https://danbri.github.io/londat/kgx/graph/occupants.p03/bfc01dc435abb8e7	predicate-569.ibk5.lgi2	predicate-569.ibk5.gbi1	006b000000687474..008b000000687474	0038000000687474..0038000000687474	0
570	https://schema.org/name	predicate-570.ibk5	185	42327	974dfbf82049a6f79aef2f03b4d811ccdd55832733b40b02f2a24533fc65c969	predicate-570.ibk5.merkle	1	https://danbri.github.io/londat/kgx/graph/occupants.p03/bfc01dc435abb8e7	predicate-570.ibk5.lgi2	predicate-570.ibk5.gbi1	006b000000687474..008b000000687474	021b0000004d6172..024d000000506165	0
571	https://schema.org/openingHours	predicate-571.ibk5	9	2051	fdb9641b550062485eba01102ee753cf170dd2d93c28585419c1962f1cf53e2e	predicate-571.ibk5.merkle	1	https://danbri.github.io/londat/kgx/graph/occupants.p03/bfc01dc435abb8e7	predicate-571.ibk5.lgi2	predicate-571.ibk5.gbi1	006c000000687474..0080000000687474	020400000032342f..02540000004d6f2d	0
572	https://schema.org/sameAs	predicate-572.ibk5	46	8905	d36b46d30a81a067451a1bbaf88d3ea00d8eb9b0ab91d273a1666727ad5127bf	predicate-572.ibk5.merkle	1	https://danbri.github.io/londat/kgx/graph/occupants.p03/bfc01dc435abb8e7	predicate-572.ibk5.lgi2	predicate-572.ibk5.gbi1	006b000000687474..0083000000687474	002a000000687474..005d000000687474	0
573	https://schema.org/servesCuisine	predicate-573.ibk5	1	356	01a1b1669943c2598a572db53d1a42debd4f7a57c337f08df94ec1a06fa3cecc	predicate-573.ibk5.merkle	1	https://danbri.github.io/londat/kgx/graph/occupants.p03/bfc01dc435abb8e7	predicate-573.ibk5.lgi2	predicate-573.ibk5.gbi1	006c000000687474..006c000000687474	0206000000696e64..0206000000696e64	0
574	https://schema.org/url	predicate-574.ibk5	14	2885	a6f04cedeba74d99d0b0067d67e2174eea0f7db23f0d0cf48220c56af64c4ba7	predicate-574.ibk5.merkle	1	https://danbri.github.io/londat/kgx/graph/occupants.p03/bfc01dc435abb8e7	predicate-574.ibk5.lgi2	predicate-574.ibk5.gbi1	006c000000687474..008b000000687474	0015000000687474..006e000000687474	0
575	https://danbri.github.io/londat/kgx/vocab#odsCode	predicate-575.ibk5	40	8020	4e84374a60b17554e76e689ace410b20d54e3405a49c0211ff17e52afea4a832	predicate-575.ibk5.merkle	1	https://danbri.github.io/londat/kgx/graph/occupants.p03/bfc01dc435abb8e7	predicate-575.ibk5.lgi2	predicate-575.ibk5.gbi1	006c000000687474..0087000000687474	0203000000373131..0208000000454531	0
576	https://danbri.github.io/londat/kgx/vocab#level	predicate-576.ibk5	12	2174	b77a43364d792bf05b92b9f1fcaddfad09272a4d4cf5455b2e0411e2b41dd864	predicate-576.ibk5.merkle	1	https://danbri.github.io/londat/kgx/graph/occupants.p03/bfc01dc435abb8e7	predicate-576.ibk5.lgi2	predicate-576.ibk5.gbi1	006c000000687474..0080000000687474	0201000000302700..020e000000537472	0
577	https://danbri.github.io/londat/kgx/vocab#mall	predicate-577.ibk5	13	2409	a04744a08b67ea01ab61494d45c3a67240cdda7c0fcfc52afe8d62d04fa7d61f	predicate-577.ibk5.merkle	1	https://danbri.github.io/londat/kgx/graph/occupants.p03/bfc01dc435abb8e7	predicate-577.ibk5.lgi2	predicate-577.ibk5.gbi1	006c000000687474..007a000000687474	020b000000436162..0212000000436f6c	0
578	https://danbri.github.io/londat/kgx/vocab#webOpeningHours	predicate-578.ibk5	3	794	897d14d827a024756a162a790b4108a21c18379ef04c8b0eb44fc07dd7b6357e	predicate-578.ibk5.merkle	1	https://danbri.github.io/londat/kgx/graph/occupants.p03/bfc01dc435abb8e7	predicate-578.ibk5.lgi2	predicate-578.ibk5.gbi1	006d000000687474..006e000000687474	02110000004d6f2d..02110000004d6f2d	0
579	https://danbri.github.io/londat/kgx/vocab#cqcLocationId	predicate-579.ibk5	8	1809	ee2f4f8817f3d2487075849742bd85e63719c754749ad7541b9100daa03efa44	predicate-579.ibk5.merkle	1	https://danbri.github.io/londat/kgx/graph/occupants.p03/bfc01dc435abb8e7	predicate-579.ibk5.lgi2	predicate-579.ibk5.gbi1	006c000000687474..008b000000687474	0205000000525959..020d000000312d32	0
580	http://www.w3.org/1999/02/22-rdf-syntax-ns#type	predicate-580.ibk5	70	4712	dc426ef6a846bc0e40fa724a5b2c00f612decab52d4634b2a11b885dd7c53c1d	predicate-580.ibk5.merkle	1	https://danbri.github.io/londat/kgx/graph/photos-cwdock.p00/c92a4335eab7028a	predicate-580.ibk5.lgi2	predicate-580.ibk5.gbi1	003c000000687474..003f000000687474	0018000000687474..0041000000687474	0
581	https://danbri.github.io/londat/kgx/vocab#confidence	predicate-581.ibk5	25	2531	28048552063ec96d57bc429a20bf9d10ed63c6dba0e95ca8ab1d72ff6d6c894c	predicate-581.ibk5.merkle	1	https://danbri.github.io/londat/kgx/graph/photos-cwdock.p00/c92a4335eab7028a	predicate-581.ibk5.lgi2	predicate-581.ibk5.gbi1	003c000000687474..003f000000687474	0205000000677565..020800000070726f	0
582	https://danbri.github.io/londat/kgx/vocab#evidence	predicate-582.ibk5	43	8579	cfc66aaddd346911a0eb4c78c4a831c55757558c26f99e0308f6e88e744668aa	predicate-582.ibk5.merkle	1	https://danbri.github.io/londat/kgx/graph/photos-cwdock.p00/c92a4335eab7028a	predicate-582.ibk5.lgi2	predicate-582.ibk5.gbi1	003c000000687474..003f000000687474	0219000000746865..02f900000070686f	0
583	https://danbri.github.io/londat/kgx/vocab#facadeNote	predicate-583.ibk5	26	8008	cf3b47cf968ae32046d3fbfacb3f1154a108b4c62493f9e9a20d00f7ad69969a	predicate-583.ibk5.merkle	1	https://danbri.github.io/londat/kgx/graph/photos-cwdock.p00/c92a4335eab7028a	predicate-583.ibk5.lgi2	predicate-583.ibk5.gbi1	003d000000687474..003f000000687474	0223010000706174..02fc000000706174	0
584	https://danbri.github.io/londat/kgx/vocab#facadeNoteHow	predicate-584.ibk5	13	2572	545365fe2f5adf63c38195360855fbe5d3a8ca3b93d55035bf7c70362d81688b	predicate-584.ibk5.merkle	1	https://danbri.github.io/londat/kgx/graph/photos-cwdock.p00/c92a4335eab7028a	predicate-584.ibk5.lgi2	predicate-584.ibk5.gbi1	003d000000687474..003f000000687474	02140000006a7564..028f0000006a7564	0
585	https://danbri.github.io/londat/kgx/vocab#facadePatch	predicate-585.ibk5	7	1300	75fc0030752565fa695f72cc8e9292378c0878be03a8c1e1e360dc4099b4b064	predicate-585.ibk5.merkle	1	https://danbri.github.io/londat/kgx/graph/photos-cwdock.p00/c92a4335eab7028a	predicate-585.ibk5.lgi2	predicate-585.ibk5.gbi1	003e000000687474..003f000000687474	0047000000687474..0051000000687474	0
586	https://danbri.github.io/londat/kgx/vocab#footprintNote	predicate-586.ibk5	7	1871	d0bd571400b1cc188624841701cc91f72668a0f6415ea236f12f4d74d8b501a0	predicate-586.ibk5.merkle	1	https://danbri.github.io/londat/kgx/graph/photos-cwdock.p00/c92a4335eab7028a	predicate-586.ibk5.lgi2	predicate-586.ibk5.gbi1	003d000000687474..003f000000687474	0251000000363520..028a0000006c6f6e	0
587	https://danbri.github.io/londat/kgx/vocab#modelBaseMetresOD	predicate-587.ibk5	23	2936	5422f7c1f40980663266488698ba9a526a5b7aaf5b695017f40a553da50e7627	predicate-587.ibk5.merkle	1	https://danbri.github.io/londat/kgx/graph/photos-cwdock.p00/c92a4335eab7028a	predicate-587.ibk5.lgi2	predicate-587.ibk5.gbi1	003c000000687474..003f000000687474	0201000000352800..020400000031302e	0
588	https://danbri.github.io/londat/kgx/vocab#modelBuilt	predicate-588.ibk5	24	2334	6f967c4ec9c30a6c452f2bfac7ea7c58a5151ab562fb97618fcddcd954a3ff45	predicate-588.ibk5.merkle	1	https://danbri.github.io/londat/kgx/graph/photos-cwdock.p00/c92a4335eab7028a	predicate-588.ibk5.lgi2	predicate-588.ibk5.gbi1	003c000000687474..003f000000687474	020a000000323032..020a000000323032	0
589	https://danbri.github.io/londat/kgx/vocab#modelHeightMetres	predicate-589.ibk5	23	3377	f09052c1d77c6b9486a6b9fc1b4baf4f554927e53dd74adbf4f9278ffe7cecbf	predicate-589.ibk5.merkle	1	https://danbri.github.io/londat/kgx/graph/photos-cwdock.p00/c92a4335eab7028a	predicate-589.ibk5.lgi2	predicate-589.ibk5.gbi1	003c000000687474..003f000000687474	0201000000362800..0205000000323333	0
590	https://danbri.github.io/londat/kgx/vocab#modelHeightSource	predicate-590.ibk5	23	2512	cc6ebdc271b8d33333f90fe9e33a35fd250c7c76c17ebea3545a8a52bdf4b2fe	predicate-590.ibk5.merkle	1	https://danbri.github.io/londat/kgx/graph/photos-cwdock.p00/c92a4335eab7028a	predicate-590.ibk5.lgi2	predicate-590.ibk5.gbi1	003c000000687474..003f000000687474	0203000000746167..02320000006c6576	0
591	https://danbri.github.io/londat/kgx/vocab#modelIndex	predicate-591.ibk5	23	3443	189af26d4f25bbfc3e4aa59aee812bed426821cc6b5cb7fc0045229f441b6a6a	predicate-591.ibk5.merkle	1	https://danbri.github.io/londat/kgx/graph/photos-cwdock.p00/c92a4335eab7028a	predicate-591.ibk5.lgi2	predicate-591.ibk5.gbi1	003c000000687474..003f000000687474	0202000000363928..0205000000343032	0
592	https://danbri.github.io/londat/kgx/vocab#modelTopMetresOD	predicate-592.ibk5	23	3391	a2d4daaceebb565f324b524c9c8563fa20ac23ddde5279f4fab4cb449099faa5	predicate-592.ibk5.merkle	1	https://danbri.github.io/londat/kgx/graph/photos-cwdock.p00/c92a4335eab7028a	predicate-592.ibk5.lgi2	predicate-592.ibk5.gbi1	003c000000687474..003f000000687474	0202000000323528..0205000000323434	0
593	https://danbri.github.io/londat/kgx/vocab#osmTag	predicate-593.ibk5	77	7130	6c5f3415435ff4d6f5c829b157828b814260b3c013eb8b50f631fc59807827ff	predicate-593.ibk5.merkle	1	https://danbri.github.io/londat/kgx/graph/photos-cwdock.p00/c92a4335eab7028a	predicate-593.ibk5.lgi2	predicate-593.ibk5.gbi1	003c000000687474..003f000000687474	02090000006e616d..02240000006e616d	0
594	https://schema.org/name	predicate-594.ibk5	72	13123	7e9499e771043a6a8a823efcad890ef260256b2fd22f3b3bc0a0e91ff5338a2e	predicate-594.ibk5.merkle	1	https://danbri.github.io/londat/kgx/graph/photos-cwdock.p00/c92a4335eab7028a	predicate-594.ibk5.lgi2	predicate-594.ibk5.gbi1	003c000000687474..0048000000687474	0209000000446f63..028e00000050616e	0
595	https://schema.org/sameAs	predicate-595.ibk5	46	5399	407cf1caaaae9037094d46bcbd1ee4c468467f8c739e44739bebf4e77fb6a9ab	predicate-595.ibk5.merkle	1	https://danbri.github.io/londat/kgx/graph/photos-cwdock.p00/c92a4335eab7028a	predicate-595.ibk5.lgi2	predicate-595.ibk5.gbi1	003c000000687474..0047000000687474	0026000000687474..002f000000687474	0
596	https://danbri.github.io/londat/kgx/vocab#modelNote	predicate-596.ibk5	7	2000	e38979f314c9ec82afc6ae899f1a3e5c6df34585475cbbb71a0568e3d26eeac2	predicate-596.ibk5.merkle	1	https://danbri.github.io/londat/kgx/graph/photos-cwdock.p00/c92a4335eab7028a	predicate-596.ibk5.lgi2	predicate-596.ibk5.gbi1	003c000000687474..003f000000687474	02340000006e6f20..02c0000000746865	0
597	https://danbri.github.io/londat/kgx/vocab#role	predicate-597.ibk5	95	12377	ba213f457a831be4638d6eb886d6be9e229e8f9e0afd6888c665769c0903dd7a	predicate-597.ibk5.merkle	1	https://danbri.github.io/londat/kgx/graph/photos-cwdock.p00/c92a4335eab7028a	predicate-597.ibk5.lgi2	predicate-597.ibk5.gbi1	0047000000687474..0048000000687474	02040000006c6566..023b000000626568	0
598	https://danbri.github.io/londat/kgx/vocab#thing	predicate-598.ibk5	68	8387	f89ae9c08637576a93ab719a4f55e3fe86d982b9207bab47ad3c4bcd8ab8cef7	predicate-598.ibk5.merkle	1	https://danbri.github.io/londat/kgx/graph/photos-cwdock.p00/c92a4335eab7028a	predicate-598.ibk5.lgi2	predicate-598.ibk5.gbi1	0047000000687474..0047000000687474	003c000000687474..003f000000687474	0
599	https://danbri.github.io/londat/kgx/vocab#cameraNote	predicate-599.ibk5	20	5605	7c3939b7fe3966726c30f1782204e3de6761583f09d6eba4e1983ad3d5c0e16c	predicate-599.ibk5.merkle	1	https://danbri.github.io/londat/kgx/graph/photos-cwdock.p00/c92a4335eab7028a	predicate-599.ibk5.lgi2	predicate-599.ibk5.gbi1	003d000000687474..003d000000687474	02320000006a7564..02d20000006a7564	0
600	https://danbri.github.io/londat/kgx/vocab#depiction	predicate-600.ibk5	95	10633	8f1ad82d940c5f5245f2e267c0060362bff11af22180f90a2b84abae7d8fb8f8	predicate-600.ibk5.merkle	1	https://danbri.github.io/londat/kgx/graph/photos-cwdock.p00/c92a4335eab7028a	predicate-600.ibk5.lgi2	predicate-600.ibk5.gbi1	003d000000687474..003d000000687474	0047000000687474..0048000000687474	0
601	https://danbri.github.io/londat/kgx/vocab#sha256	predicate-601.ibk5	20	4168	b4a4e904970db2d727cee041ea71b43770dc644a5cf6d3f09d8713a6e73b68ab	predicate-601.ibk5.merkle	1	https://danbri.github.io/londat/kgx/graph/photos-cwdock.p00/c92a4335eab7028a	predicate-601.ibk5.lgi2	predicate-601.ibk5.gbi1	003d000000687474..003d000000687474	0240000000306230..0240000000666437	0
602	https://danbri.github.io/londat/kgx/vocab#timeNote	predicate-602.ibk5	20	2149	f2b95bda0fa78a4b3872396d244a2f8ec2e23a8ccd477ad1987c20df83eaf677	predicate-602.ibk5.merkle	1	https://danbri.github.io/londat/kgx/graph/photos-cwdock.p00/c92a4335eab7028a	predicate-602.ibk5.lgi2	predicate-602.ibk5.gbi1	003d000000687474..003d000000687474	02be00000061626f..02be00000061626f	0
603	https://schema.org/about	predicate-603.ibk5	68	4516	4c6d79014b699151a34b10cd31b7d167bc59c3760473066e28cb4029ce899465	predicate-603.ibk5.merkle	1	https://danbri.github.io/londat/kgx/graph/photos-cwdock.p00/c92a4335eab7028a	predicate-603.ibk5.lgi2	predicate-603.ibk5.gbi1	003d000000687474..003d000000687474	003c000000687474..003f000000687474	0
604	https://schema.org/contentUrl	predicate-604.ibk5	20	4387	60b73cfd643da7dc5531f15253792b59127cf69989a1ba625d4d0886eb3dd9a5	predicate-604.ibk5.merkle	1	https://danbri.github.io/londat/kgx/graph/photos-cwdock.p00/c92a4335eab7028a	predicate-604.ibk5.lgi2	predicate-604.ibk5.gbi1	003d000000687474..003d000000687474	006e000000687474..0083000000687474	0
605	https://schema.org/creator	predicate-605.ibk5	20	1957	edc12a12ad0701f664f7c3541c7cde16be0c38c064b0c3f6beb8358db98c61c5	predicate-605.ibk5.merkle	1	https://danbri.github.io/londat/kgx/graph/photos-cwdock.p00/c92a4335eab7028a	predicate-605.ibk5.lgi2	predicate-605.ibk5.gbi1	003d000000687474..003d000000687474	021600000064616e..021600000064616e	0
606	https://schema.org/dateCreated	predicate-606.ibk5	20	1947	d6f97406f1805eb3acb2e9b451bbb911d26cd57bf2fd7b87accc52e4157b1140	predicate-606.ibk5.merkle	1	https://danbri.github.io/londat/kgx/graph/photos-cwdock.p00/c92a4335eab7028a	predicate-606.ibk5.lgi2	predicate-606.ibk5.gbi1	003d000000687474..003d000000687474	020a000000323032..020a000000323032	0
607	https://schema.org/height	predicate-607.ibk5	20	2046	58bcc6733017b1671f3b7eb98561556be04ed35563daf72f5f698056b244641e	predicate-607.ibk5.merkle	1	https://danbri.github.io/londat/kgx/graph/photos-cwdock.p00/c92a4335eab7028a	predicate-607.ibk5.lgi2	predicate-607.ibk5.gbi1	003d000000687474..003d000000687474	0203000000353936..0204000000323537	0
608	https://schema.org/license	predicate-608.ibk5	20	1941	52a753dc0766d102175661bcafe6bb91bb44f91eae3768743d042163899470e3	predicate-608.ibk5.merkle	1	https://danbri.github.io/londat/kgx/graph/photos-cwdock.p00/c92a4335eab7028a	predicate-608.ibk5.lgi2	predicate-608.ibk5.gbi1	003d000000687474..003d000000687474	0032000000687474..0032000000687474	0
609	https://schema.org/width	predicate-609.ibk5	20	1992	ace8453dc768ac925ad13b29604a5ccc75e5b19ed2d01c2675c2ed3470a6b112	predicate-609.ibk5.merkle	1	https://danbri.github.io/londat/kgx/graph/photos-cwdock.p00/c92a4335eab7028a	predicate-609.ibk5.lgi2	predicate-609.ibk5.gbi1	003d000000687474..003d000000687474	0204000000313933..0204000000323537	0
610	http://www.w3.org/1999/02/22-rdf-syntax-ns#type	predicate-610.ibk5	18	1414	027e9e9f9a88f78e431e42d65c6ee0571ef50426eccad15fd9c0cbd2ce4464b4	predicate-610.ibk5.merkle	1	https://danbri.github.io/londat/kgx/graph/photos-cwlibrary.p00/606f3b1cfe73e6b0	predicate-610.ibk5.lgi2	predicate-610.ibk5.gbi1	003d000000687474..003f000000687474	0018000000687474..0041000000687474	0
611	https://danbri.github.io/londat/kgx/vocab#confidence	predicate-611.ibk5	7	915	519f5efe21d6cb5591ed9d048dcf1d557a8975d72392e7416b940535ba99e855	predicate-611.ibk5.merkle	1	https://danbri.github.io/londat/kgx/graph/photos-cwlibrary.p00/606f3b1cfe73e6b0	predicate-611.ibk5.lgi2	predicate-611.ibk5.gbi1	003d000000687474..003f000000687474	0207000000636572..020800000070726f	0
612	https://danbri.github.io/londat/kgx/vocab#evidence	predicate-612.ibk5	18	3358	2d90486523d27dec425680e4d9c12959000ed041bdaaa282c893316ec9c72234	predicate-612.ibk5.merkle	1	https://danbri.github.io/londat/kgx/graph/photos-cwlibrary.p00/606f3b1cfe73e6b0	predicate-612.ibk5.lgi2	predicate-612.ibk5.gbi1	003d000000687474..003f000000687474	0219000000746865..02ad000000746865	0
613	https://danbri.github.io/londat/kgx/vocab#facadeNote	predicate-613.ibk5	21	5095	5de412c0c00ce868810cb4119dbdc0a4161d9bce49569d24aeb54c975590ad30	predicate-613.ibk5.merkle	1	https://danbri.github.io/londat/kgx/graph/photos-cwlibrary.p00/606f3b1cfe73e6b0	predicate-613.ibk5.lgi2	predicate-613.ibk5.gbi1	003d000000687474..003f000000687474	021700000073616d..02f4000000766572	0
614	https://danbri.github.io/londat/kgx/vocab#facadeNoteHow	predicate-614.ibk5	7	1473	70b8f662027d371b97465928d1d4af4fb3e330ab784ec7dc568e86611d570dc8	predicate-614.ibk5.merkle	1	https://danbri.github.io/londat/kgx/graph/photos-cwlibrary.p00/606f3b1cfe73e6b0	predicate-614.ibk5.lgi2	predicate-614.ibk5.gbi1	003d000000687474..003f000000687474	02130000006a7564..02580000006a7564	0
615	https://danbri.github.io/londat/kgx/vocab#facadePatch	predicate-615.ibk5	5	1001	5e2cfac49456000eea8445e62046adc6d5ea7378d67addb717529fc5bc49b1dc	predicate-615.ibk5.merkle	1	https://danbri.github.io/londat/kgx/graph/photos-cwlibrary.p00/606f3b1cfe73e6b0	predicate-615.ibk5.lgi2	predicate-615.ibk5.gbi1	003d000000687474..003f000000687474	0050000000687474..0055000000687474	0
616	https://danbri.github.io/londat/kgx/vocab#modelBaseMetresOD	predicate-616.ibk5	5	846	8c0160cdaaa9d12a6bc0598e8ed6a50db5b7e955e4e98ad281492dfe00cb08a0	predicate-616.ibk5.merkle	1	https://danbri.github.io/londat/kgx/graph/photos-cwlibrary.p00/606f3b1cfe73e6b0	predicate-616.ibk5.lgi2	predicate-616.ibk5.gbi1	003d000000687474..003f000000687474	0201000000352800..0203000000352e37	0
617	https://danbri.github.io/londat/kgx/vocab#modelBuilt	predicate-617.ibk5	6	772	7b9c82ccbfb4de7d6443e29ae29725eed0e62038076256a7c02da5e2a20ec2ee	predicate-617.ibk5.merkle	1	https://danbri.github.io/londat/kgx/graph/photos-cwlibrary.p00/606f3b1cfe73e6b0	predicate-617.ibk5.lgi2	predicate-617.ibk5.gbi1	003d000000687474..003f000000687474	020a000000323032..020a000000323032	0
618	https://danbri.github.io/londat/kgx/vocab#modelHeightMetres	predicate-618.ibk5	5	849	164e832f129d6d0dd9fb165c963cd6c349637dc99de6cd589292e3f2a0f3eedd	predicate-618.ibk5.merkle	1	https://danbri.github.io/londat/kgx/graph/photos-cwlibrary.p00/606f3b1cfe73e6b0	predicate-618.ibk5.lgi2	predicate-618.ibk5.gbi1	003d000000687474..003f000000687474	0202000000323028..020400000038322e	0
619	https://danbri.github.io/londat/kgx/vocab#modelHeightSource	predicate-619.ibk5	5	922	e11d56c84063b9e3341a662865387df46b5e192122906b7e4d1da44c2f5fd5a4	predicate-619.ibk5.merkle	1	https://danbri.github.io/londat/kgx/graph/photos-cwlibrary.p00/606f3b1cfe73e6b0	predicate-619.ibk5.lgi2	predicate-619.ibk5.gbi1	003d000000687474..003f000000687474	02050000006c6964..02440000006c6964	0
620	https://danbri.github.io/londat/kgx/vocab#modelIndex	predicate-620.ibk5	5	898	6bb0c0a9c8d34649b6f70558c232f8f71ea1012fc7159cf1c66c7b818eff4045	predicate-620.ibk5.merkle	1	https://danbri.github.io/londat/kgx/graph/photos-cwlibrary.p00/606f3b1cfe73e6b0	predicate-620.ibk5.lgi2	predicate-620.ibk5.gbi1	003d000000687474..003f000000687474	0203000000373639..0205000000333632	0
621	https://danbri.github.io/londat/kgx/vocab#modelTopMetresOD	predicate-621.ibk5	5	850	9c1a1ac9cbfc788430583544e11d3d0e2e079372d9ae42be69f0663f03130aa0	predicate-621.ibk5.merkle	1	https://danbri.github.io/londat/kgx/graph/photos-cwlibrary.p00/606f3b1cfe73e6b0	predicate-621.ibk5.lgi2	predicate-621.ibk5.gbi1	003d000000687474..003f000000687474	0202000000323528..0205000000313131	0
622	https://danbri.github.io/londat/kgx/vocab#osmTag	predicate-622.ibk5	14	1458	37a32e1ba9c1c113513ea83742dbdea077df009cfeeb16dba698e0f50c73238d	predicate-622.ibk5.merkle	1	https://danbri.github.io/londat/kgx/graph/photos-cwlibrary.p00/606f3b1cfe73e6b0	predicate-622.ibk5.lgi2	predicate-622.ibk5.gbi1	003d000000687474..003f000000687474	02110000006e616d..021d000000616464	0
623	https://danbri.github.io/londat/kgx/vocab#publishedNote	predicate-623.ibk5	1	537	2a70fea52fded5a13eb2074a0faa51b538710cad0f0e53f2ee4974b601041ec9	predicate-623.ibk5.merkle	1	https://danbri.github.io/londat/kgx/graph/photos-cwlibrary.p00/606f3b1cfe73e6b0	predicate-623.ibk5.lgi2	predicate-623.ibk5.gbi1	003f000000687474..003f000000687474	02ca00000033352d..02ca00000033352d	0
624	https://schema.org/name	predicate-624.ibk5	18	3308	98a1f21ec65da02faff3dceedb5ddfc49fe74b426daa0c1b5d6a04683b3917b0	predicate-624.ibk5.merkle	1	https://danbri.github.io/londat/kgx/graph/photos-cwlibrary.p00/606f3b1cfe73e6b0	predicate-624.ibk5.lgi2	predicate-624.ibk5.gbi1	003d000000687474..0047000000687474	020b000000616e20..025f000000627269	0
625	https://schema.org/sameAs	predicate-625.ibk5	12	1594	6aff5a9530a26aee0cd854112a6333adb037d8f5bb1f99ad247de702e95acfef	predicate-625.ibk5.merkle	1	https://danbri.github.io/londat/kgx/graph/photos-cwlibrary.p00/606f3b1cfe73e6b0	predicate-625.ibk5.lgi2	predicate-625.ibk5.gbi1	003d000000687474..0047000000687474	0026000000687474..002f000000687474	0
626	https://danbri.github.io/londat/kgx/vocab#footprintNote	predicate-626.ibk5	2	744	2e01f81b563a7820b4f6761fe4efe2ff5637b2de7ff4c0632f4f4bad51f6b408	predicate-626.ibk5.merkle	1	https://danbri.github.io/londat/kgx/graph/photos-cwlibrary.p00/606f3b1cfe73e6b0	predicate-626.ibk5.lgi2	predicate-626.ibk5.gbi1	003e000000687474..003e000000687474	025d0000006e6561..02b50000006c6f6e	0
627	https://danbri.github.io/londat/kgx/vocab#modelNote	predicate-627.ibk5	1	425	df61cd991d00050aa2620d6b403ea1d1ef0fc5184b3c0ba4152c8cc87f1150a8	predicate-627.ibk5.merkle	1	https://danbri.github.io/londat/kgx/graph/photos-cwlibrary.p00/606f3b1cfe73e6b0	predicate-627.ibk5.lgi2	predicate-627.ibk5.gbi1	003d000000687474..003d000000687474	02600000006e6f20..02600000006e6f20	0
628	https://danbri.github.io/londat/kgx/vocab#role	predicate-628.ibk5	15	2241	c023bc78e20733f29c0ed4ee59e798a39e055b71933f08f1e3a4da3c2bb26aaf	predicate-628.ibk5.merkle	1	https://danbri.github.io/londat/kgx/graph/photos-cwlibrary.p00/606f3b1cfe73e6b0	predicate-628.ibk5.lgi2	predicate-628.ibk5.gbi1	0047000000687474..0047000000687474	0203000000736b79..023b000000626163	0
629	https://danbri.github.io/londat/kgx/vocab#thing	predicate-629.ibk5	8	1425	f9a95ebaddc2f094acea1db01a63b43b75f4f3bc62f1e28d1b7a8b446fa7c1b5	predicate-629.ibk5.merkle	1	https://danbri.github.io/londat/kgx/graph/photos-cwlibrary.p00/606f3b1cfe73e6b0	predicate-629.ibk5.lgi2	predicate-629.ibk5.gbi1	0047000000687474..0047000000687474	003d000000687474..003f000000687474	0
630	https://danbri.github.io/londat/kgx/vocab#cameraNote	predicate-630.ibk5	4	1055	aa58126e741f853b54661a9d5ca4e6546aa45a6c93e3eb226e95485388d5cfcb	predicate-630.ibk5.merkle	1	https://danbri.github.io/londat/kgx/graph/photos-cwlibrary.p00/606f3b1cfe73e6b0	predicate-630.ibk5.lgi2	predicate-630.ibk5.gbi1	003d000000687474..003d000000687474	02370000006a7564..02710000006a7564	0
631	https://danbri.github.io/londat/kgx/vocab#depiction	predicate-631.ibk5	15	1898	0c0c0cf24672cc4cf9837ae8494fbbd18415b17d83678c98f4bac1cbe8f90a64	predicate-631.ibk5.merkle	1	https://danbri.github.io/londat/kgx/graph/photos-cwlibrary.p00/606f3b1cfe73e6b0	predicate-631.ibk5.lgi2	predicate-631.ibk5.gbi1	003d000000687474..003d000000687474	0047000000687474..0047000000687474	0
632	https://danbri.github.io/londat/kgx/vocab#sha256	predicate-632.ibk5	4	987	7729f88fe70faa8c8368290b3a8948edf75c322c0df9aadfb70c82019e8f5c29	predicate-632.ibk5.merkle	1	https://danbri.github.io/londat/kgx/graph/photos-cwlibrary.p00/606f3b1cfe73e6b0	predicate-632.ibk5.lgi2	predicate-632.ibk5.gbi1	003d000000687474..003d000000687474	0240000000336166..0240000000666132	0
633	https://danbri.github.io/londat/kgx/vocab#timeNote	predicate-633.ibk5	4	659	05e40933962da81ad40ec134a73be236d1cad04fc3558b4065024f8c9daff900	predicate-633.ibk5.merkle	1	https://danbri.github.io/londat/kgx/graph/photos-cwlibrary.p00/606f3b1cfe73e6b0	predicate-633.ibk5.lgi2	predicate-633.ibk5.gbi1	003d000000687474..003d000000687474	024900000061626f..024900000061626f	0
634	https://schema.org/about	predicate-634.ibk5	8	1058	3c3bc5b1fb4729d58a0b7823f1ba63b7ce8da3f61438ebae2a1495fc7fa5e90c	predicate-634.ibk5.merkle	1	https://danbri.github.io/londat/kgx/graph/photos-cwlibrary.p00/606f3b1cfe73e6b0	predicate-634.ibk5.lgi2	predicate-634.ibk5.gbi1	003d000000687474..003d000000687474	003d000000687474..003f000000687474	0
635	https://schema.org/contentUrl	predicate-635.ibk5	4	1015	37a6d5cea3bce1cf34b1d60512f62e7197f739743ae27d1b5db82ea413685882	predicate-635.ibk5.merkle	1	https://danbri.github.io/londat/kgx/graph/photos-cwlibrary.p00/606f3b1cfe73e6b0	predicate-635.ibk5.lgi2	predicate-635.ibk5.gbi1	003d000000687474..003d000000687474	0072000000687474..007c000000687474	0
636	https://schema.org/creator	predicate-636.ibk5	4	584	f2ba8cba68da6b993fcb11765426095e2a4fe869ff6a77428cecc3411d1215c9	predicate-636.ibk5.merkle	1	https://danbri.github.io/londat/kgx/graph/photos-cwlibrary.p00/606f3b1cfe73e6b0	predicate-636.ibk5.lgi2	predicate-636.ibk5.gbi1	003d000000687474..003d000000687474	021600000064616e..021600000064616e	0
637	https://schema.org/dateCreated	predicate-637.ibk5	4	574	73dcd7f1a691d6c7f8647f6274e44160fe3d71add2b9b5aa44786e27abed0bd6	predicate-637.ibk5.merkle	1	https://danbri.github.io/londat/kgx/graph/photos-cwlibrary.p00/606f3b1cfe73e6b0	predicate-637.ibk5.lgi2	predicate-637.ibk5.gbi1	003d000000687474..003d000000687474	020a000000323032..020a000000323032	0
638	https://schema.org/height	predicate-638.ibk5	4	620	feb23d207147160992b959e510d5d0465658514070a4b88e963bc847aaff6236	predicate-638.ibk5.merkle	1	https://danbri.github.io/londat/kgx/graph/photos-cwlibrary.p00/606f3b1cfe73e6b0	predicate-638.ibk5.lgi2	predicate-638.ibk5.gbi1	003d000000687474..003d000000687474	0204000000313933..0204000000323537	0
639	https://schema.org/license	predicate-639.ibk5	4	568	94d1a8babf497fd28f642977dda3f4b997517a2f50eed7c5845b09c2ac452448	predicate-639.ibk5.merkle	1	https://danbri.github.io/londat/kgx/graph/photos-cwlibrary.p00/606f3b1cfe73e6b0	predicate-639.ibk5.lgi2	predicate-639.ibk5.gbi1	003d000000687474..003d000000687474	0032000000687474..0032000000687474	0
640	https://schema.org/width	predicate-640.ibk5	4	619	bcc985c3c941a7e67fbf3c02c7714752ab9dae8adee265ce03534aafcb9d8878	predicate-640.ibk5.merkle	1	https://danbri.github.io/londat/kgx/graph/photos-cwlibrary.p00/606f3b1cfe73e6b0	predicate-640.ibk5.lgi2	predicate-640.ibk5.gbi1	003d000000687474..003d000000687474	0204000000313933..0204000000323537	0
641	http://purl.org/dc/terms/description	predicate-641.ibk5	288	81939	6ecfdd485a2a1a26cf230e3e7b1a2cbd5baaa29ee03d56f0af24cd29132cea91	predicate-641.ibk5.merkle	1	https://danbri.github.io/londat/kgx/graph/pipeline.p00/c0e4591cd2a468dc	predicate-641.ibk5.lgi2	predicate-641.ibk5.gbi1	0057000000687474..005f000000687474	020101000072756e..02fc000000526561	0
642	http://www.w3.org/1999/02/22-rdf-syntax-ns#type	predicate-642.ibk5	641	44654	b5704c0a2209b6b515e11c16c6b7f27b008d7629f8ceff40e2ff281d57a4ffa4	predicate-642.ibk5.merkle	1	https://danbri.github.io/londat/kgx/graph/pipeline.p00/c0e4591cd2a468dc	predicate-642.ibk5.lgi2	predicate-642.ibk5.gbi1	004f000000687474..005f000000687474	0020000000687474..0026000000687474	0
643	http://www.w3.org/2000/01/rdf-schema#label	predicate-643.ibk5	7	1417	e474b2dadda543c719d28114088212dad29f2096d312cc5ca7badab594de945f	predicate-643.ibk5.merkle	1	https://danbri.github.io/londat/kgx/graph/pipeline.p00/c0e4591cd2a468dc	predicate-643.ibk5.lgi2	predicate-643.ibk5.gbi1	005e000000687474..005f000000687474	020800000066696e..0209000000666574	0
644	http://www.w3.org/ns/prov#used	predicate-644.ibk5	45	6934	45b6de95e21278202f0316532bf46f324ae23ae2c4954b45bb7742280b0ea7e3	predicate-644.ibk5.merkle	1	https://danbri.github.io/londat/kgx/graph/pipeline.p00/c0e4591cd2a468dc	predicate-644.ibk5.lgi2	predicate-644.ibk5.gbi1	005e000000687474..005f000000687474	004200000075726e..00ac000000687474	0
645	https://danbri.github.io/glitchcan-minigam/magpie/cwplans/data-register.json#vocab/after	predicate-645.ibk5	14	2384	bcf45d16ac2c982ea31e4f1508bfb8b664cc572a571ab0c67c818d237446cabb	predicate-645.ibk5.merkle	1	https://danbri.github.io/londat/kgx/graph/pipeline.p00/c0e4591cd2a468dc	predicate-645.ibk5.lgi2	predicate-645.ibk5.gbi1	005e000000687474..005f000000687474	005f000000687474..006c000000687474	0
646	https://danbri.github.io/glitchcan-minigam/magpie/cwplans/data-register.json#vocab/area	predicate-646.ibk5	7	1390	4d10e7efc01f90796634937178ba352663ae7b62837804e2f7d8259df6b00087	predicate-646.ibk5.merkle	1	https://danbri.github.io/londat/kgx/graph/pipeline.p00/c0e4591cd2a468dc	predicate-646.ibk5.lgi2	predicate-646.ibk5.gbi1	005e000000687474..005f000000687474	0203000000637767..020a000000737472	0
647	https://danbri.github.io/glitchcan-minigam/magpie/cwplans/data-register.json#vocab/command	predicate-647.ibk5	7	1904	8e46d2fb9b59f9836ec682ae131802d3f538069cfe81b7603b664d53ec1717ec	predicate-647.ibk5.merkle	1	https://danbri.github.io/londat/kgx/graph/pipeline.p00/c0e4591cd2a468dc	predicate-647.ibk5.lgi2	predicate-647.ibk5.gbi1	005e000000687474..005f000000687474	02260000006e6f64..02880000004e4f44	0
648	https://danbri.github.io/glitchcan-minigam/magpie/cwplans/data-register.json#vocab/deterministic	predicate-648.ibk5	7	1177	a2ad9eab38015f926fc03b76ed243aef77fc28903d13183a44e4cc827b90e067	predicate-648.ibk5.merkle	1	https://danbri.github.io/londat/kgx/graph/pipeline.p00/c0e4591cd2a468dc	predicate-648.ibk5.lgi2	predicate-648.ibk5.gbi1	005e000000687474..005f000000687474	0204000000747275..020500000066616c	0
649	https://danbri.github.io/glitchcan-minigam/magpie/cwplans/data-register.json#vocab/kind	predicate-649.ibk5	7	1274	ae4d52765b0148007fc6c53987ade5223170e7c26805bc457ed4af3ed2d350aa	predicate-649.ibk5.merkle	1	https://danbri.github.io/londat/kgx/graph/pipeline.p00/c0e4591cd2a468dc	predicate-649.ibk5.lgi2	predicate-649.ibk5.gbi1	005e000000687474..005f000000687474	0204000000636c69..0206000000646572	0
650	https://danbri.github.io/glitchcan-minigam/magpie/cwplans/data-register.json#vocab/network	predicate-650.ibk5	7	1171	4e7c765eb691558ee772c0e9f8a10924444c2ac4b042cc5b1038f5052b2f7a3a	predicate-650.ibk5.merkle	1	https://danbri.github.io/londat/kgx/graph/pipeline.p00/c0e4591cd2a468dc	predicate-650.ibk5.lgi2	predicate-650.ibk5.gbi1	005e000000687474..005f000000687474	0204000000747275..020500000066616c	0
651	https://danbri.github.io/glitchcan-minigam/magpie/cwplans/data-register.json#vocab/rule	predicate-651.ibk5	33	8350	f92e62701cd9e8f7541fa29d9bfa0d91da2808d0917167731149d17bd76412e9	predicate-651.ibk5.merkle	1	https://danbri.github.io/londat/kgx/graph/pipeline.p00/c0e4591cd2a468dc	predicate-651.ibk5.lgi2	predicate-651.ibk5.gbi1	005e000000687474..005f000000687474	0204010000506f73..02ea0000005a6f6e	0
652	https://danbri.github.io/glitchcan-minigam/magpie/cwplans/data-register.json#vocab/tool	predicate-652.ibk5	7	1769	5765696a6c5d82e90dd0aba6f37a3a92f5fb305aaf453cb4116b6c7bb0436c8f	predicate-652.ibk5.merkle	1	https://danbri.github.io/londat/kgx/graph/pipeline.p00/c0e4591cd2a468dc	predicate-652.ibk5.lgi2	predicate-652.ibk5.gbi1	005e000000687474..005f000000687474	0059000000687474..0072000000687474	0
653	http://www.w3.org/ns/prov#generated	predicate-653.ibk5	21	3264	ada682137bcf6b2f22116731d765ed73285bd4a3cfdbdeb20732cc6dfb7a5efa	predicate-653.ibk5.merkle	1	https://danbri.github.io/londat/kgx/graph/pipeline.p00/c0e4591cd2a468dc	predicate-653.ibk5.lgi2	predicate-653.ibk5.gbi1	005e000000687474..005f000000687474	001f00000075726e..0071000000687474	0
654	https://danbri.github.io/glitchcan-minigam/magpie/cwplans/data-register.json#vocab/judgement	predicate-654.ibk5	3	1653	9e8c4ace426aa8d63eefaadd6298e15e937366b060cab8bbfa5994691d63f914	predicate-654.ibk5.merkle	1	https://danbri.github.io/londat/kgx/graph/pipeline.p00/c0e4591cd2a468dc	predicate-654.ibk5.lgi2	predicate-654.ibk5.gbi1	005e000000687474..005f000000687474	025a0200004f776e..02be000000546865	0
655	https://danbri.github.io/glitchcan-minigam/magpie/cwplans/data-register.json#vocab/fault	predicate-655.ibk5	4	710	8789f9aeddc62596cb68cb5f9014dc55bf238cc07baf801bd440ef81eb8569cd	predicate-655.ibk5.merkle	1	https://danbri.github.io/londat/kgx/graph/pipeline.p00/c0e4591cd2a468dc	predicate-655.ibk5.lgi2	predicate-655.ibk5.gbi1	005e000000687474..005f000000687474	0203000000463134..0203000000463330	0
656	http://purl.org/dc/terms/license	predicate-656.ibk5	252	33627	6b5f5bbea7027b113ae6b1b29e9de6b756ad913d5ce52b00390502105ef89b93	predicate-656.ibk5.merkle	1	https://danbri.github.io/londat/kgx/graph/pipeline.p00/c0e4591cd2a468dc	predicate-656.ibk5.lgi2	predicate-656.ibk5.gbi1	0057000000687474..005e000000687474	0207000000434330..02d6000000c2a920	0
657	http://purl.org/dc/terms/title	predicate-657.ibk5	317	86486	138205542c0075f295e4779b66b97a036cd09d23688852e213dff6a57de972f9	predicate-657.ibk5.merkle	1	https://danbri.github.io/londat/kgx/graph/pipeline.p00/c0e4591cd2a468dc	predicate-657.ibk5.lgi2	predicate-657.ibk5.gbi1	004f000000687474..005e000000687474	0204010000636f64..02ee000000636f64	0
658	http://www.w3.org/ns/dcat#accessURL	predicate-658.ibk5	255	57728	848b6d48f4ba9f07269f93441a6d3eade38ef7ba4dde9fe9238c4c9438991a9f	predicate-658.ibk5.merkle	1	https://danbri.github.io/londat/kgx/graph/pipeline.p00/c0e4591cd2a468dc	predicate-658.ibk5.lgi2	predicate-658.ibk5.gbi1	0057000000687474..005e000000687474	021500000074776f..02ad000000687474	0
659	http://www.w3.org/ns/dcat#landingPage	predicate-659.ibk5	240	58978	ccb095bde4b7b7c85a1e46e52a1587c862d551a72f198c4a04462715fbfedee4	predicate-659.ibk5.merkle	1	https://danbri.github.io/londat/kgx/graph/pipeline.p00/c0e4591cd2a468dc	predicate-659.ibk5.lgi2	predicate-659.ibk5.gbi1	0057000000687474..005e000000687474	0217000000687474..0277000000687474	0
660	https://danbri.github.io/glitchcan-minigam/magpie/cwplans/data-register.json#vocab/attribution	predicate-660.ibk5	228	38383	28225ebea99ddb2cd150836448c46d16a3fe0a2531a6a481f7f2655f34e8b701	predicate-660.ibk5.merkle	1	https://danbri.github.io/londat/kgx/graph/pipeline.p00/c0e4591cd2a468dc	predicate-660.ibk5.lgi2	predicate-660.ibk5.gbi1	0057000000687474..005e000000687474	0215000000536f75..02eb000000436f6e	0
661	https://danbri.github.io/glitchcan-minigam/magpie/cwplans/data-register.json#vocab/pathPattern	predicate-661.ibk5	46	7520	e42dca96f91bb2c635bf62189fda69a427b8d55824522d85f5179681ed4045a2	predicate-661.ibk5.merkle	1	https://danbri.github.io/londat/kgx/graph/pipeline.p00/c0e4591cd2a468dc	predicate-661.ibk5.lgi2	predicate-661.ibk5.gbi1	003f000000687474..003f000000687474	02080000003c696e..027f000000646174	0
662	https://danbri.github.io/londat/kgx/vocab#contentAtBuild	predicate-662.ibk5	105	24999	a89698f889998ac01f9dd6ac30c0edfba9fd6a9f2de7d6945cf708c1702e7475	predicate-662.ibk5.merkle	1	https://danbri.github.io/londat/kgx/graph/pipeline.p00/c0e4591cd2a468dc	predicate-662.ibk5.lgi2	predicate-662.ibk5.gbi1	004f000000687474..005e000000687474	0074000000687474..0074000000687474	0
663	http://www.w3.org/ns/prov#wasDerivedFrom	predicate-663.ibk5	360	36449	6b0ced960be48e1697027f77ea0415370c4097f1c26860321a42b89e34dbfc0b	predicate-663.ibk5.merkle	1	https://danbri.github.io/londat/kgx/graph/pipeline.p00/c0e4591cd2a468dc	predicate-663.ibk5.lgi2	predicate-663.ibk5.gbi1	004f000000687474..005e000000687474	0057000000687474..009b000000687474	0
664	http://www.w3.org/ns/prov#wasGeneratedBy	predicate-664.ibk5	35	6412	817f75a1af7216658a616b0d2ef9227f243c319ec1686226f2369c753af1390a	predicate-664.ibk5.merkle	1	https://danbri.github.io/londat/kgx/graph/pipeline.p00/c0e4591cd2a468dc	predicate-664.ibk5.lgi2	predicate-664.ibk5.gbi1	0051000000687474..005e000000687474	005e000000687474..006f000000687474	0
665	https://danbri.github.io/glitchcan-minigam/magpie/cwplans/data-register.json#vocab/osmUse	predicate-665.ibk5	65	7948	b7ccaf03ab25f96c9925e8240cf82220722d2b188d7fb6a6b4ddcb4d8e94898d	predicate-665.ibk5.merkle	1	https://danbri.github.io/londat/kgx/graph/pipeline.p00/c0e4591cd2a468dc	predicate-665.ibk5.lgi2	predicate-665.ibk5.gbi1	004f000000687474..005e000000687474	0203000000696473..0207000000646572	0
666	https://danbri.github.io/glitchcan-minigam/magpie/cwplans/data-register.json#vocab/review	predicate-666.ibk5	9	3735	9998bae829ffbb06d8ec6fb33d8d50fcbdbd448e5389a263d61873bc24ce9bf8	predicate-666.ibk5.merkle	1	https://danbri.github.io/londat/kgx/graph/pipeline.p00/c0e4591cd2a468dc	predicate-666.ibk5.lgi2	predicate-666.ibk5.gbi1	0058000000687474..005e000000687474	0217000000617320..02df010000414953	0
667	http://purl.org/dc/terms/description	predicate-667.ibk5	132	47303	c0728df8ef2c74d0d5c2211e279757e8b02bd2b6fcb96f990d70d05d55ce748f	predicate-667.ibk5.merkle	1	https://danbri.github.io/londat/kgx/graph/pipeline.p01/3052b6b4198e7721	predicate-667.ibk5.lgi2	predicate-667.ibk5.gbi1	005f000000687474..0065000000687474	0200010000446f77..02fe0000004c6f61	0
668	http://www.w3.org/1999/02/22-rdf-syntax-ns#type	predicate-668.ibk5	330	27498	9106e2104da0e4aa9a214b5bef9016f737691f9ca427c983756ee74a18878ed9	predicate-668.ibk5.merkle	1	https://danbri.github.io/londat/kgx/graph/pipeline.p01/3052b6b4198e7721	predicate-668.ibk5.lgi2	predicate-668.ibk5.gbi1	005f000000687474..0065000000687474	0020000000687474..0026000000687474	0
669	http://www.w3.org/2000/01/rdf-schema#label	predicate-669.ibk5	70	13406	7ce82fc2b3ede9b447d22de73796840c8c7599260a9827338c3b0bbd80b570a8	predicate-669.ibk5.merkle	1	https://danbri.github.io/londat/kgx/graph/pipeline.p01/3052b6b4198e7721	predicate-669.ibk5.lgi2	predicate-669.ibk5.gbi1	005f000000687474..0065000000687474	0209000000666574..02480000004f7065	0
670	http://www.w3.org/ns/prov#generated	predicate-670.ibk5	339	53278	4ceafd13ed466b66073f998634e138286c21239404fab75d90984d164db0235c	predicate-670.ibk5.merkle	1	https://danbri.github.io/londat/kgx/graph/pipeline.p01/3052b6b4198e7721	predicate-670.ibk5.lgi2	predicate-670.ibk5.gbi1	005f000000687474..0065000000687474	002100000075726e..00e2000000687474	0
671	http://www.w3.org/ns/prov#used	predicate-671.ibk5	495	56973	3308210a14b47831ed4a1c8213da23749faf32941d110b53f7e502ff6a0abb86	predicate-671.ibk5.merkle	1	https://danbri.github.io/londat/kgx/graph/pipeline.p01/3052b6b4198e7721	predicate-671.ibk5.lgi2	predicate-671.ibk5.gbi1	005f000000687474..0065000000687474	002100000075726e..009b000000687474	0
672	https://danbri.github.io/glitchcan-minigam/magpie/cwplans/data-register.json#vocab/after	predicate-672.ibk5	118	11194	2e37532005f012649da15cab38de662fb67175e531cc2cb9ea6874472fb562a3	predicate-672.ibk5.merkle	1	https://danbri.github.io/londat/kgx/graph/pipeline.p01/3052b6b4198e7721	predicate-672.ibk5.lgi2	predicate-672.ibk5.gbi1	005f000000687474..0065000000687474	005e000000687474..006e000000687474	0
673	https://danbri.github.io/glitchcan-minigam/magpie/cwplans/data-register.json#vocab/area	predicate-673.ibk5	70	10037	c7cfffce0754fc1853dd0a493a3978536f1afcbcc35fc9bf66375bde309d2af0	predicate-673.ibk5.merkle	1	https://danbri.github.io/londat/kgx/graph/pipeline.p01/3052b6b4198e7721	predicate-673.ibk5.lgi2	predicate-673.ibk5.gbi1	005f000000687474..0065000000687474	0203000000736b79..020b000000756e64	0
674	https://danbri.github.io/glitchcan-minigam/magpie/cwplans/data-register.json#vocab/command	predicate-674.ibk5	63	16422	8fe39afa54f1bb96628cdeca7354cb89fb9c89b3626320f28677549f0425049f	predicate-674.ibk5.merkle	1	https://danbri.github.io/londat/kgx/graph/pipeline.p01/3052b6b4198e7721	predicate-674.ibk5.lgi2	predicate-674.ibk5.gbi1	005f000000687474..0065000000687474	0226000000626173..02e40000004e4f44	0
675	https://danbri.github.io/glitchcan-minigam/magpie/cwplans/data-register.json#vocab/deterministic	predicate-675.ibk5	63	8108	6273ca853fdfa24077f401785c1ab42a276e71ab811f2339bd2e40bdca522503	predicate-675.ibk5.merkle	1	https://danbri.github.io/londat/kgx/graph/pipeline.p01/3052b6b4198e7721	predicate-675.ibk5.lgi2	predicate-675.ibk5.gbi1	005f000000687474..0065000000687474	0204000000747275..020500000066616c	0
676	https://danbri.github.io/glitchcan-minigam/magpie/cwplans/data-register.json#vocab/fault	predicate-676.ibk5	59	4873	86a3dcb939d0f737c2d5db3a11e8b368c19eb3be22f5419e9c75952859120bc8	predicate-676.ibk5.merkle	1	https://danbri.github.io/londat/kgx/graph/pipeline.p01/3052b6b4198e7721	predicate-676.ibk5.lgi2	predicate-676.ibk5.gbi1	0060000000687474..0065000000687474	0202000000463127..0203000000463435	0
677	https://danbri.github.io/glitchcan-minigam/magpie/cwplans/data-register.json#vocab/judgement	predicate-677.ibk5	23	9073	10e8d05e8c83311e4f7bf093ca131d37a0ed4c68563fad2c1c957d4d1a886354	predicate-677.ibk5.merkle	1	https://danbri.github.io/londat/kgx/graph/pipeline.p01/3052b6b4198e7721	predicate-677.ibk5.lgi2	predicate-677.ibk5.gbi1	005f000000687474..0065000000687474	0216010000536f75..02c7000000546865	0
678	https://danbri.github.io/glitchcan-minigam/magpie/cwplans/data-register.json#vocab/kind	predicate-678.ibk5	70	9515	782d1f7419f52d3bebd7239aa4f2380ac80233efd05f1857b1fbe834ac432491	predicate-678.ibk5.merkle	1	https://danbri.github.io/londat/kgx/graph/pipeline.p01/3052b6b4198e7721	predicate-678.ibk5.lgi2	predicate-678.ibk5.gbi1	005f000000687474..0065000000687474	0204000000636c69..0209000000747261	0
679	https://danbri.github.io/glitchcan-minigam/magpie/cwplans/data-register.json#vocab/network	predicate-679.ibk5	63	8102	253c138b007f192163da1684b90a53179baf267fa33f4ac6b96096af9474445d	predicate-679.ibk5.merkle	1	https://danbri.github.io/londat/kgx/graph/pipeline.p01/3052b6b4198e7721	predicate-679.ibk5.lgi2	predicate-679.ibk5.gbi1	005f000000687474..0065000000687474	0204000000747275..020500000066616c	0
680	https://danbri.github.io/glitchcan-minigam/magpie/cwplans/data-register.json#vocab/rule	predicate-680.ibk5	349	89486	d1aaf62162c63d425fd3202edaa5ffa777b661a1457a81c4e373173b0934b925	predicate-680.ibk5.merkle	1	https://danbri.github.io/londat/kgx/graph/pipeline.p01/3052b6b4198e7721	predicate-680.ibk5.lgi2	predicate-680.ibk5.gbi1	005f000000687474..0065000000687474	0201010000436f6e..02fd010000546964	0
681	https://danbri.github.io/glitchcan-minigam/magpie/cwplans/data-register.json#vocab/tool	predicate-681.ibk5	63	14117	48368fd5a24cc15c1883fcaa02bce5ae0eaf34c44765549e265c8e3e4a75a64f	predicate-681.ibk5.merkle	1	https://danbri.github.io/londat/kgx/graph/pipeline.p01/3052b6b4198e7721	predicate-681.ibk5.lgi2	predicate-681.ibk5.gbi1	005f000000687474..0065000000687474	0059000000687474..0078000000687474	0
682	https://danbri.github.io/glitchcan-minigam/magpie/cwplans/data-register.json#vocab/by	predicate-682.ibk5	7	1629	ada0464f2431498c8bf15146b5925710410e24591a70b71505cc3307b498f6c5	predicate-682.ibk5.merkle	1	https://danbri.github.io/londat/kgx/graph/pipeline.p01/3052b6b4198e7721	predicate-682.ibk5.lgi2	predicate-682.ibk5.gbi1	0061000000687474..0065000000687474	020400000068616e..026500000068616e	0
683	https://danbri.github.io/glitchcan-minigam/magpie/cwplans/data-register.json#vocab/date	predicate-683.ibk5	7	1334	59c58d0d1b99d569f1f6cb40675545b81be0ec5a79b2407d0f0ac0ae8dd5fd0a	predicate-683.ibk5.merkle	1	https://danbri.github.io/londat/kgx/graph/pipeline.p01/3052b6b4198e7721	predicate-683.ibk5.lgi2	predicate-683.ibk5.gbi1	0061000000687474..0065000000687474	020a000000323032..020d000000323032	0
684	https://danbri.github.io/glitchcan-minigam/magpie/cwplans/data-register.json#vocab/decisionsRecordedIn	predicate-684.ibk5	11	2088	ffed1e396f0a49ee3de90bf6efe93789e238743d38aac04c5e69d718dd137fc3	predicate-684.ibk5.merkle	1	https://danbri.github.io/londat/kgx/graph/pipeline.p01/3052b6b4198e7721	predicate-684.ibk5.lgi2	predicate-684.ibk5.gbi1	0061000000687474..0065000000687474	0212000000646f63..024a000000666565	0
685	https://danbri.github.io/glitchcan-minigam/magpie/cwplans/data-register.json#vocab/gap	predicate-685.ibk5	3	1044	77b8b49958fc557c53fa0580832f02f418aff9a08551bbd9bd34098cf64c4f00	predicate-685.ibk5.merkle	1	https://danbri.github.io/londat/kgx/graph/pipeline.p01/3052b6b4198e7721	predicate-685.ibk5.lgi2	predicate-685.ibk5.gbi1	0061000000687474..0065000000687474	0241000000546865..028b000000546865	0
686	http://purl.org/dc/terms/license	predicate-686.ibk5	58	14191	195a692260fe211f8a19de80d0ed581529a150ffb202add260b70de8c035ce61	predicate-686.ibk5.merkle	1	https://danbri.github.io/londat/kgx/graph/pipeline.p01/3052b6b4198e7721	predicate-686.ibk5.lgi2	predicate-686.ibk5.gbi1	005f000000687474..0064000000687474	0207000000434330..02ff000000736974	0
687	http://purl.org/dc/terms/title	predicate-687.ibk5	130	39245	8fa8fcf755746f7a41186f8803cdff3baea85172c41abc4b8f9f949d72a40fe5	predicate-687.ibk5.merkle	1	https://danbri.github.io/londat/kgx/graph/pipeline.p01/3052b6b4198e7721	predicate-687.ibk5.lgi2	predicate-687.ibk5.gbi1	005f000000687474..0064000000687474	0208010000746965..02f600000038312c	0
688	http://www.w3.org/ns/dcat#accessURL	predicate-688.ibk5	61	13553	3bc56495c736dedc0bbaa5ba32fb02f91e1cc6a303b758a16c69630d4cd41f53	predicate-688.ibk5.merkle	1	https://danbri.github.io/londat/kgx/graph/pipeline.p01/3052b6b4198e7721	predicate-688.ibk5.lgi2	predicate-688.ibk5.gbi1	005f000000687474..0064000000687474	021f000000687474..02f0000000687474	0
689	http://www.w3.org/ns/dcat#landingPage	predicate-689.ibk5	43	9660	44f8fe9186a3396ba8ee081acad2819c741a852f4bb891f7905a921e0371e4a9	predicate-689.ibk5.merkle	1	https://danbri.github.io/londat/kgx/graph/pipeline.p01/3052b6b4198e7721	predicate-689.ibk5.lgi2	predicate-689.ibk5.gbi1	005f000000687474..0064000000687474	0215000000687474..026e000000687474	0
690	https://danbri.github.io/glitchcan-minigam/magpie/cwplans/data-register.json#vocab/attribution	predicate-690.ibk5	23	6039	47d716c55cf996680779acb35b7ccce69ad5190c30e28375bea953a500d11e8f	predicate-690.ibk5.merkle	1	https://danbri.github.io/londat/kgx/graph/pipeline.p01/3052b6b4198e7721	predicate-690.ibk5.lgi2	predicate-690.ibk5.gbi1	005f000000687474..0064000000687474	0214000000536f75..02d3000000436f6e	0
691	http://www.w3.org/ns/prov#wasDerivedFrom	predicate-691.ibk5	136	16879	5609bef14ec6c2a2192152b2d97a823a487a93c2e98b7e71169731c0df4d614f	predicate-691.ibk5.merkle	1	https://danbri.github.io/londat/kgx/graph/pipeline.p01/3052b6b4198e7721	predicate-691.ibk5.lgi2	predicate-691.ibk5.gbi1	005f000000687474..0064000000687474	0057000000687474..0073000000687474	0
692	http://www.w3.org/ns/prov#wasGeneratedBy	predicate-692.ibk5	49	8778	dc7c883721fadc12d1006224b0bb9737863af9bc3031a433ad5fd573653ba8ff	predicate-692.ibk5.merkle	1	https://danbri.github.io/londat/kgx/graph/pipeline.p01/3052b6b4198e7721	predicate-692.ibk5.lgi2	predicate-692.ibk5.gbi1	005f000000687474..0064000000687474	005e000000687474..006c000000687474	0
693	https://danbri.github.io/glitchcan-minigam/magpie/cwplans/data-register.json#vocab/osmUse	predicate-693.ibk5	72	9303	a820794e8a2a0b7afecce0f43a85bedabe86951d531dd7967d2dcb725fd6e822	predicate-693.ibk5.merkle	1	https://danbri.github.io/londat/kgx/graph/pipeline.p01/3052b6b4198e7721	predicate-693.ibk5.lgi2	predicate-693.ibk5.gbi1	005f000000687474..0064000000687474	0203000000696473..0207000000646572	0
694	https://danbri.github.io/glitchcan-minigam/magpie/cwplans/data-register.json#vocab/review	predicate-694.ibk5	9	3413	b2292d4cf7e73c55860e2f2c5a7a3c4e3f9b34571189efdefdf4bdc788479525	predicate-694.ibk5.merkle	1	https://danbri.github.io/londat/kgx/graph/pipeline.p01/3052b6b4198e7721	predicate-694.ibk5.lgi2	predicate-694.ibk5.gbi1	005f000000687474..0064000000687474	025400000071756f..02df010000414953	0
695	https://danbri.github.io/londat/kgx/vocab#contentAtBuild	predicate-695.ibk5	84	20617	208013e4405fbb320c0d6f57f804a6d40be3b99536eb87fba407bfcb976ab2b5	predicate-695.ibk5.merkle	1	https://danbri.github.io/londat/kgx/graph/pipeline.p01/3052b6b4198e7721	predicate-695.ibk5.lgi2	predicate-695.ibk5.gbi1	005f000000687474..0064000000687474	0074000000687474..0074000000687474	0
696	http://purl.org/dc/terms/description	predicate-696.ibk5	123	40954	6b9981e5927de5c013c3149fa4b23f6e75ca6a747b1bf61afca73d8198c5b5ce	predicate-696.ibk5.merkle	1	https://danbri.github.io/londat/kgx/graph/pipeline.p02/63d407f0b22ab75f	predicate-696.ibk5.lgi2	predicate-696.ibk5.gbi1	0065000000687474..0070000000687474	020800000048544d..02f8010000526561	0
697	http://www.w3.org/1999/02/22-rdf-syntax-ns#type	predicate-697.ibk5	417	34773	e7f89b1258f5e982fe85b80f5c493e2acccacc28ad769681a7955b1df849fddd	predicate-697.ibk5.merkle	1	https://danbri.github.io/londat/kgx/graph/pipeline.p02/63d407f0b22ab75f	predicate-697.ibk5.lgi2	predicate-697.ibk5.gbi1	0065000000687474..0070000000687474	0020000000687474..0026000000687474	0
698	http://www.w3.org/2000/01/rdf-schema#label	predicate-698.ibk5	53	10913	04032a0f55bf45e1dfbe8eb18c89161195942d38d1bd97d78a3e167e5f0c07de	predicate-698.ibk5.merkle	1	https://danbri.github.io/londat/kgx/graph/pipeline.p02/63d407f0b22ab75f	predicate-698.ibk5.lgi2	predicate-698.ibk5.gbi1	0065000000687474..0070000000687474	020f0000006d6174..023e00000043726f	0
699	http://www.w3.org/ns/prov#used	predicate-699.ibk5	398	47554	b3d8258863bd23ff4269dbf61fbbcd529ea02d603cdf10bdc39f5216011527fc	predicate-699.ibk5.merkle	1	https://danbri.github.io/londat/kgx/graph/pipeline.p02/63d407f0b22ab75f	predicate-699.ibk5.lgi2	predicate-699.ibk5.gbi1	0065000000687474..0070000000687474	002600000075726e..008d000000687474	0
700	https://danbri.github.io/glitchcan-minigam/magpie/cwplans/data-register.json#vocab/after	predicate-700.ibk5	44	6460	7fe9c1d98a1c5c1f73d3683a365a868b6dff8d94e91047a60afcf82c1e377f1d	predicate-700.ibk5.merkle	1	https://danbri.github.io/londat/kgx/graph/pipeline.p02/63d407f0b22ab75f	predicate-700.ibk5.lgi2	predicate-700.ibk5.gbi1	0065000000687474..006f000000687474	0060000000687474..006d000000687474	0
701	https://danbri.github.io/glitchcan-minigam/magpie/cwplans/data-register.json#vocab/area	predicate-701.ibk5	53	8132	87ca31591306c2402f6b3e48da62c9dd92e93252aadcb4823d7cd66048ba7184	predicate-701.ibk5.merkle	1	https://danbri.github.io/londat/kgx/graph/pipeline.p02/63d407f0b22ab75f	predicate-701.ibk5.lgi2	predicate-701.ibk5.gbi1	0065000000687474..0070000000687474	0203000000736b79..020c000000636f6e	0
702	https://danbri.github.io/glitchcan-minigam/magpie/cwplans/data-register.json#vocab/command	predicate-702.ibk5	45	12208	f548e720c2a958d1a3aae467a9018c981459de5e1ff4cef07dc62bd2a48f6100	predicate-702.ibk5.merkle	1	https://danbri.github.io/londat/kgx/graph/pipeline.p02/63d407f0b22ab75f	predicate-702.ibk5.lgi2	predicate-702.ibk5.gbi1	0065000000687474..0070000000687474	020a0200004e4f44..02de0000006e6f64	0
703	https://danbri.github.io/glitchcan-minigam/magpie/cwplans/data-register.json#vocab/deterministic	predicate-703.ibk5	45	6193	70802aa04c37728da739962c6f95beb3bcefcd2fc101c068b57d45e70d2c3b4c	predicate-703.ibk5.merkle	1	https://danbri.github.io/londat/kgx/graph/pipeline.p02/63d407f0b22ab75f	predicate-703.ibk5.lgi2	predicate-703.ibk5.gbi1	0065000000687474..0070000000687474	0204000000747275..020500000066616c	0
704	https://danbri.github.io/glitchcan-minigam/magpie/cwplans/data-register.json#vocab/kind	predicate-704.ibk5	53	7597	048628540941da29580dcef5ad6c6e67274edd605d0e4b251df2bbb0561973c9	predicate-704.ibk5.merkle	1	https://danbri.github.io/londat/kgx/graph/pipeline.p02/63d407f0b22ab75f	predicate-704.ibk5.lgi2	predicate-704.ibk5.gbi1	0065000000687474..0070000000687474	0204000000636c69..0206000000657870	0
705	https://danbri.github.io/glitchcan-minigam/magpie/cwplans/data-register.json#vocab/network	predicate-705.ibk5	45	6187	cb7778dd575665dfd37b082d9820d40a016be81707dde5c2d9c3734272bb58d1	predicate-705.ibk5.merkle	1	https://danbri.github.io/londat/kgx/graph/pipeline.p02/63d407f0b22ab75f	predicate-705.ibk5.lgi2	predicate-705.ibk5.gbi1	0065000000687474..0070000000687474	0204000000747275..020500000066616c	0
706	https://danbri.github.io/glitchcan-minigam/magpie/cwplans/data-register.json#vocab/rule	predicate-706.ibk5	275	71669	6072e128c91426341a10ab35f87fda369e244b8b58ed6b55620050200728c32e	predicate-706.ibk5.merkle	1	https://danbri.github.io/londat/kgx/graph/pipeline.p02/63d407f0b22ab75f	predicate-706.ibk5.lgi2	predicate-706.ibk5.gbi1	0065000000687474..0070000000687474	0203010000656475..02fb020000417265	0
707	https://danbri.github.io/glitchcan-minigam/magpie/cwplans/data-register.json#vocab/tool	predicate-707.ibk5	45	9895	1295dc2c584e75afc5fa0c9facbedcb1d86e083ae7295bbbf04d08081ecd1d74	predicate-707.ibk5.merkle	1	https://danbri.github.io/londat/kgx/graph/pipeline.p02/63d407f0b22ab75f	predicate-707.ibk5.lgi2	predicate-707.ibk5.gbi1	0065000000687474..0070000000687474	005a000000687474..007c000000687474	0
708	http://www.w3.org/ns/prov#generated	predicate-708.ibk5	335	62724	914599fc313aa76be33514af3aebcad48ca0cd051dbfc1acbe82d3a663ddefd3	predicate-708.ibk5.merkle	1	https://danbri.github.io/londat/kgx/graph/pipeline.p02/63d407f0b22ab75f	predicate-708.ibk5.lgi2	predicate-708.ibk5.gbi1	0065000000687474..0070000000687474	002800000075726e..00cd000000687474	0
709	https://danbri.github.io/glitchcan-minigam/magpie/cwplans/data-register.json#vocab/fault	predicate-709.ibk5	24	2450	b590af844e1faa0de14c5eade3080809691db045ff382d1b6e68f5fc0f37a90b	predicate-709.ibk5.merkle	1	https://danbri.github.io/londat/kgx/graph/pipeline.p02/63d407f0b22ab75f	predicate-709.ibk5.lgi2	predicate-709.ibk5.gbi1	0065000000687474..006e000000687474	0202000000463227..0203000000463431	0
710	https://danbri.github.io/glitchcan-minigam/magpie/cwplans/data-register.json#vocab/judgement	predicate-710.ibk5	13	5449	8f11257031983cd6d98e137ae2315dafa1350909ece6ef8413da0d58104a33ce	predicate-710.ibk5.merkle	1	https://danbri.github.io/londat/kgx/graph/pipeline.p02/63d407f0b22ab75f	predicate-710.ibk5.lgi2	predicate-710.ibk5.gbi1	0065000000687474..006e000000687474	0226010000546865..02cd010000546865	0
711	https://danbri.github.io/glitchcan-minigam/magpie/cwplans/data-register.json#vocab/by	predicate-711.ibk5	8	1617	a74a0f715a6e96d051304d658b7cd31d03fdede2cb49d91d6a1fe2ab99583a9e	predicate-711.ibk5.merkle	1	https://danbri.github.io/londat/kgx/graph/pipeline.p02/63d407f0b22ab75f	predicate-711.ibk5.lgi2	predicate-711.ibk5.gbi1	0066000000687474..006e000000687474	020400000068616e..022d00000068616e	0
712	https://danbri.github.io/glitchcan-minigam/magpie/cwplans/data-register.json#vocab/date	predicate-712.ibk5	8	1498	8a0057ee51567f8d1642611729eda70c6ab99479226b38ac473475c7a20c50c9	predicate-712.ibk5.merkle	1	https://danbri.github.io/londat/kgx/graph/pipeline.p02/63d407f0b22ab75f	predicate-712.ibk5.lgi2	predicate-712.ibk5.gbi1	0066000000687474..006e000000687474	020a000000323032..020d000000323032	0
713	https://danbri.github.io/glitchcan-minigam/magpie/cwplans/data-register.json#vocab/decisionsRecordedIn	predicate-713.ibk5	15	2663	52435515c4f56c2573ef7fb3c0e45158733a3e497cda337d70126f2f6abe1b82	predicate-713.ibk5.merkle	1	https://danbri.github.io/londat/kgx/graph/pipeline.p02/63d407f0b22ab75f	predicate-713.ibk5.lgi2	predicate-713.ibk5.gbi1	0066000000687474..006e000000687474	020d000000706970..0255000000726567	0
714	https://danbri.github.io/glitchcan-minigam/magpie/cwplans/data-register.json#vocab/gap	predicate-714.ibk5	3	1080	69e2fe081dc8ce60bbed36bb2aa9d949e3a94dabfe58d0c32b44875ee4e54f5d	predicate-714.ibk5.merkle	1	https://danbri.github.io/londat/kgx/graph/pipeline.p02/63d407f0b22ab75f	predicate-714.ibk5.lgi2	predicate-714.ibk5.gbi1	0069000000687474..006e000000687474	023e000000546865..02ae000000546865	0
715	http://purl.org/dc/terms/license	predicate-715.ibk5	74	13045	6cb9d1873c26ad9fdfcba9fa5b22b012b477a1a7a7f00f998a80c5df2e25dfd0	predicate-715.ibk5.merkle	1	https://danbri.github.io/londat/kgx/graph/pipeline.p02/63d407f0b22ab75f	predicate-715.ibk5.lgi2	predicate-715.ibk5.gbi1	0065000000687474..0070000000687474	02080000004f474c..02cf000000706572	0
716	http://purl.org/dc/terms/title	predicate-716.ibk5	182	55019	469e6a39c8d345eba14b7491ba2e16399e67c82005f728841601dc648640aaf1	predicate-716.ibk5.merkle	1	https://danbri.github.io/londat/kgx/graph/pipeline.p02/63d407f0b22ab75f	predicate-716.ibk5.lgi2	predicate-716.ibk5.gbi1	0065000000687474..0070000000687474	0207010000393435..02fa00000068616e	0
717	http://www.w3.org/ns/dcat#landingPage	predicate-717.ibk5	70	16006	29f9e9ef93b72b64c49fd3f19437290abe1550752ac192097645d8fdc1a7ff69	predicate-717.ibk5.merkle	1	https://danbri.github.io/londat/kgx/graph/pipeline.p02/63d407f0b22ab75f	predicate-717.ibk5.lgi2	predicate-717.ibk5.gbi1	0065000000687474..0070000000687474	0214000000687474..02c3000000687474	0
718	https://danbri.github.io/glitchcan-minigam/magpie/cwplans/data-register.json#vocab/attribution	predicate-718.ibk5	60	11787	e444f39c04b0bb99175e78423fcffb6472ee7968748494a71713d8f4b3e5cb8c	predicate-718.ibk5.merkle	1	https://danbri.github.io/londat/kgx/graph/pipeline.p02/63d407f0b22ab75f	predicate-718.ibk5.lgi2	predicate-718.ibk5.gbi1	0065000000687474..0070000000687474	021e000000436f6e..02af000000436f6e	0
719	http://www.w3.org/ns/dcat#accessURL	predicate-719.ibk5	69	18775	9f0499589ab59c1a01cdee8a9c7304b4561fb2cef9f68906b006b59242340710	predicate-719.ibk5.merkle	1	https://danbri.github.io/londat/kgx/graph/pipeline.p02/63d407f0b22ab75f	predicate-719.ibk5.lgi2	predicate-719.ibk5.gbi1	0065000000687474..0070000000687474	020c010000687474..02f8000000687474	0
720	https://danbri.github.io/londat/kgx/vocab#contentAtBuild	predicate-720.ibk5	95	24130	09c05cbf4865bc9da0089b738aa24f09aa06d5c8db2cfa011fdea42ac73ae559	predicate-720.ibk5.merkle	1	https://danbri.github.io/londat/kgx/graph/pipeline.p02/63d407f0b22ab75f	predicate-720.ibk5.lgi2	predicate-720.ibk5.gbi1	0065000000687474..006f000000687474	0074000000687474..0074000000687474	0
721	http://www.w3.org/ns/prov#wasDerivedFrom	predicate-721.ibk5	246	26356	ac1aae66d714255db2c41005ed1c8abd7b45e954ac54e7db52ee4edc1d2bd1af	predicate-721.ibk5.merkle	1	https://danbri.github.io/londat/kgx/graph/pipeline.p02/63d407f0b22ab75f	predicate-721.ibk5.lgi2	predicate-721.ibk5.gbi1	0065000000687474..006f000000687474	0057000000687474..007a000000687474	0
722	http://www.w3.org/ns/prov#wasGeneratedBy	predicate-722.ibk5	85	15673	3715434c5f2d78b514d970e532585e4df93792ccc1448bc1b79f3d03de6e1b49	predicate-722.ibk5.merkle	1	https://danbri.github.io/londat/kgx/graph/pipeline.p02/63d407f0b22ab75f	predicate-722.ibk5.lgi2	predicate-722.ibk5.gbi1	0065000000687474..006f000000687474	005e000000687474..0070000000687474	0
723	https://danbri.github.io/glitchcan-minigam/magpie/cwplans/data-register.json#vocab/osmUse	predicate-723.ibk5	108	14676	d95d9c9abf8f45846a4bb8ac38fcf5e50984dc6b16e6bcde07c3760f30ca1726	predicate-723.ibk5.merkle	1	https://danbri.github.io/londat/kgx/graph/pipeline.p02/63d407f0b22ab75f	predicate-723.ibk5.lgi2	predicate-723.ibk5.gbi1	0065000000687474..006f000000687474	0203000000696473..0207000000646572	0
724	https://danbri.github.io/glitchcan-minigam/magpie/cwplans/data-register.json#vocab/review	predicate-724.ibk5	15	3889	84c61cda202bb1bacff6865cf1384d514fa3e67af09eba90c7ecaf7c0e4528e6	predicate-724.ibk5.merkle	1	https://danbri.github.io/londat/kgx/graph/pipeline.p02/63d407f0b22ab75f	predicate-724.ibk5.lgi2	predicate-724.ibk5.gbi1	0065000000687474..006f000000687474	023100000043656c..02c1000000504c44	0
725	http://purl.org/dc/terms/description	predicate-725.ibk5	100	22971	39c842d2614368323bddfb9db3432386ed6a2863e91af242d2088eefb1fce7e7	predicate-725.ibk5.merkle	1	https://danbri.github.io/londat/kgx/graph/pipeline.p03/e92ca1ac8eaa9417	predicate-725.ibk5.lgi2	predicate-725.ibk5.gbi1	0070000000687474..0088000000687474	02210000006e6f6d..0252000000656e76	0
726	http://purl.org/dc/terms/license	predicate-726.ibk5	100	14568	b7e33b8b8d90ec0aa2423f6dcf9e878acf8e13a0d130975bea6f51b643080146	predicate-726.ibk5.merkle	1	https://danbri.github.io/londat/kgx/graph/pipeline.p03/e92ca1ac8eaa9417	predicate-726.ibk5.lgi2	predicate-726.ibk5.gbi1	0070000000687474..0088000000687474	021c0000004f7065..026c0000004f7065	0
727	http://purl.org/dc/terms/title	predicate-727.ibk5	311	98530	152461fefa03a4e66986cc46a1d78442e8c9bf9ce962f918ef726687c17b63fa	predicate-727.ibk5.merkle	1	https://danbri.github.io/londat/kgx/graph/pipeline.p03/e92ca1ac8eaa9417	predicate-727.ibk5.lgi2	predicate-727.ibk5.gbi1	0070000000687474..008f000000687474	02010100004d6574..02e700000062726f	0
728	http://www.w3.org/1999/02/22-rdf-syntax-ns#type	predicate-728.ibk5	622	53275	e2cf7fdbface3d209be8cc9add42e0c328c8ea1bb72e27e664ac674f64912639	predicate-728.ibk5.merkle	1	https://danbri.github.io/londat/kgx/graph/pipeline.p03/e92ca1ac8eaa9417	predicate-728.ibk5.lgi2	predicate-728.ibk5.gbi1	0070000000687474..008f000000687474	0020000000687474..0026000000687474	0
729	http://www.w3.org/ns/dcat#accessURL	predicate-729.ibk5	100	24958	299ca18346649069d7300781656f78763e4ca8e0ab2ffc162fffb714ce0bf1eb	predicate-729.ibk5.merkle	1	https://danbri.github.io/londat/kgx/graph/pipeline.p03/e92ca1ac8eaa9417	predicate-729.ibk5.lgi2	predicate-729.ibk5.gbi1	0070000000687474..0088000000687474	0233000000687474..02f8000000687474	0
730	http://www.w3.org/ns/dcat#landingPage	predicate-730.ibk5	100	20397	41aacddaf9a5e4d00c8171224390f13764a9dc44cc65d0a3cb5cb78e20c2d30f	predicate-730.ibk5.merkle	1	https://danbri.github.io/londat/kgx/graph/pipeline.p03/e92ca1ac8eaa9417	predicate-730.ibk5.lgi2	predicate-730.ibk5.gbi1	0070000000687474..0088000000687474	0222000000687474..0272000000687474	0
731	https://danbri.github.io/glitchcan-minigam/magpie/cwplans/data-register.json#vocab/attribution	predicate-731.ibk5	100	16413	5e09f173b6326847a3909d560e2790f0e21a9a0030627303257d3fe0b4426e99	predicate-731.ibk5.merkle	1	https://danbri.github.io/londat/kgx/graph/pipeline.p03/e92ca1ac8eaa9417	predicate-731.ibk5.lgi2	predicate-731.ibk5.gbi1	0070000000687474..0088000000687474	022a000000c2a920..0293000000536f75	0
732	https://danbri.github.io/londat/kgx/vocab#bytes	predicate-732.ibk5	377	74078	176ac0cd1922cc6f944849f78b1d02707baaed0ef76bf60954f6083733b2d06d	predicate-732.ibk5.merkle	1	https://danbri.github.io/londat/kgx/graph/pipeline.p03/e92ca1ac8eaa9417	predicate-732.ibk5.lgi2	predicate-732.ibk5.gbi1	0074000000687474..0074000000687474	0203000000323436..0207000000363338	0
733	https://danbri.github.io/londat/kgx/vocab#sha256	predicate-733.ibk5	377	95957	9037424fadb1ee2ca7c2ac91c2fc7f9d960d62b1e8e95364ba212a38cd9ab32f	predicate-733.ibk5.merkle	1	https://danbri.github.io/londat/kgx/graph/pipeline.p03/e92ca1ac8eaa9417	predicate-733.ibk5.lgi2	predicate-733.ibk5.gbi1	0074000000687474..0074000000687474	0240000000303038..0240000000666665	0
734	http://www.w3.org/ns/prov#wasDerivedFrom	predicate-734.ibk5	291	52259	542b57f2c921cad2ac2b75073373b8e87935d074c428d4fc4d4600b87bf5c211	predicate-734.ibk5.merkle	1	https://danbri.github.io/londat/kgx/graph/pipeline.p03/e92ca1ac8eaa9417	predicate-734.ibk5.lgi2	predicate-734.ibk5.gbi1	0070000000687474..008f000000687474	0057000000687474..0072000000687474	0
735	https://danbri.github.io/glitchcan-minigam/magpie/cwplans/data-register.json#vocab/osmUse	predicate-735.ibk5	211	33168	c48505bfd483dadad8ac20b488e8b24a4eaf7cd673c953435246c365b882b2f7	predicate-735.ibk5.merkle	1	https://danbri.github.io/londat/kgx/graph/pipeline.p03/e92ca1ac8eaa9417	predicate-735.ibk5.lgi2	predicate-735.ibk5.gbi1	0070000000687474..008f000000687474	0203000000696473..0207000000646572	0
736	https://danbri.github.io/londat/kgx/vocab#contentAtBuild	predicate-736.ibk5	91	24536	b00ffcd504102232fec13cd5ce70249d1a7b1dda0cd0f07376ba212d2aaf245c	predicate-736.ibk5.merkle	1	https://danbri.github.io/londat/kgx/graph/pipeline.p03/e92ca1ac8eaa9417	predicate-736.ibk5.lgi2	predicate-736.ibk5.gbi1	0070000000687474..008d000000687474	0074000000687474..0074000000687474	0
737	http://www.w3.org/ns/prov#wasGeneratedBy	predicate-737.ibk5	185	32719	04a0258e2061fc04b447ddb1e1dfb16868eb2a828ce86538901e17a1b91564b5	predicate-737.ibk5.merkle	1	https://danbri.github.io/londat/kgx/graph/pipeline.p03/e92ca1ac8eaa9417	predicate-737.ibk5.lgi2	predicate-737.ibk5.gbi1	0070000000687474..008f000000687474	005f000000687474..006e000000687474	0
738	https://danbri.github.io/glitchcan-minigam/magpie/cwplans/data-register.json#vocab/review	predicate-738.ibk5	38	7694	e1b7bbbd0fd6e2ddba2ef46c53a9e9b0de46e1dca3e2e29c51280b1b6c745f42	predicate-738.ibk5.merkle	1	https://danbri.github.io/londat/kgx/graph/pipeline.p03/e92ca1ac8eaa9417	predicate-738.ibk5.lgi2	predicate-738.ibk5.gbi1	0070000000687474..008d000000687474	024a000000666163..02ce000000666163	0
739	http://purl.org/dc/terms/description	predicate-739.ibk5	3	1052	b58fbe03f3f4a1fa183ba6c0d8cf7f0eac0f3a14693ee5bc6aea0e43d0dc8d8b	predicate-739.ibk5.merkle	1	https://danbri.github.io/londat/kgx/graph/pipeline.p04/a28f8e05ea56f3ab	predicate-739.ibk5.lgi2	predicate-739.ibk5.gbi1	0090000000687474..009b000000687474	0241000000646775..024c000000646775	0
740	http://purl.org/dc/terms/license	predicate-740.ibk5	3	767	5ccfddd44be4dca87356cdab5a33741aed84dcdadeea09e5d9290a452f35bb69	predicate-740.ibk5.merkle	1	https://danbri.github.io/londat/kgx/graph/pipeline.p04/a28f8e05ea56f3ab	predicate-740.ibk5.lgi2	predicate-740.ibk5.gbi1	0090000000687474..009b000000687474	021c0000004f7065..021c0000004f7065	0
741	http://purl.org/dc/terms/title	predicate-741.ibk5	252	105533	3d3416f29d562d58a018f71d2bf2250c3b4a0d4c003c4bdac753a2a6dcb7fe8a	predicate-741.ibk5.merkle	1	https://danbri.github.io/londat/kgx/graph/pipeline.p04/a28f8e05ea56f3ab	predicate-741.ibk5.lgi2	predicate-741.ibk5.gbi1	008f000000687474..00e2000000687474	022601000063756c..02f80000004c6f6e	0
742	http://www.w3.org/1999/02/22-rdf-syntax-ns#type	predicate-742.ibk5	504	55112	62562bfd9b526b53fe9bef60f22c50c5655abb9a77d32036ab109a4a8469fd08	predicate-742.ibk5.merkle	1	https://danbri.github.io/londat/kgx/graph/pipeline.p04/a28f8e05ea56f3ab	predicate-742.ibk5.lgi2	predicate-742.ibk5.gbi1	008f000000687474..00e2000000687474	0020000000687474..0026000000687474	0
743	http://www.w3.org/ns/dcat#accessURL	predicate-743.ibk5	3	1139	146d3e9a2afad4c6c18609f3294fa763b583d54fbb1696bab9be6998e27d2fc5	predicate-743.ibk5.merkle	1	https://danbri.github.io/londat/kgx/graph/pipeline.p04/a28f8e05ea56f3ab	predicate-743.ibk5.lgi2	predicate-743.ibk5.gbi1	0090000000687474..009b000000687474	025a000000687474..026c000000687474	0
744	http://www.w3.org/ns/dcat#landingPage	predicate-744.ibk5	3	1224	e190843df491a60b7cbb52fdf527606d2c41fe1c27d8cc15e7389f17aca8ad59	predicate-744.ibk5.merkle	1	https://danbri.github.io/londat/kgx/graph/pipeline.p04/a28f8e05ea56f3ab	predicate-744.ibk5.lgi2	predicate-744.ibk5.gbi1	0090000000687474..009b000000687474	027a000000687474..0285000000687474	0
745	https://danbri.github.io/glitchcan-minigam/magpie/cwplans/data-register.json#vocab/attribution	predicate-745.ibk5	3	1088	7a3ea124df5e1a9856bd0472405f359b7a7322ce59fdc400b3dfdffd88231c45	predicate-745.ibk5.merkle	1	https://danbri.github.io/londat/kgx/graph/pipeline.p04/a28f8e05ea56f3ab	predicate-745.ibk5.lgi2	predicate-745.ibk5.gbi1	0090000000687474..009b000000687474	0267000000436f6e..0287000000436f6e	0
746	http://www.w3.org/ns/prov#wasDerivedFrom	predicate-746.ibk5	377	77532	bb87cf8c9ed7970ff8e48530ed1742c36ecdd6905a15c25e8f86ad230ac5bb02	predicate-746.ibk5.merkle	1	https://danbri.github.io/londat/kgx/graph/pipeline.p04/a28f8e05ea56f3ab	predicate-746.ibk5.lgi2	predicate-746.ibk5.gbi1	008f000000687474..00e2000000687474	0057000000687474..009b000000687474	0
747	https://danbri.github.io/glitchcan-minigam/magpie/cwplans/data-register.json#vocab/osmUse	predicate-747.ibk5	249	49626	75f754960eabb8b3b8c7ebbba7b31481eba6312427e421a9e11b52a584724e86	predicate-747.ibk5.merkle	1	https://danbri.github.io/londat/kgx/graph/pipeline.p04/a28f8e05ea56f3ab	predicate-747.ibk5.lgi2	predicate-747.ibk5.gbi1	008f000000687474..00e2000000687474	0203000000696473..0207000000646572	0
748	https://danbri.github.io/glitchcan-minigam/magpie/cwplans/data-register.json#vocab/review	predicate-748.ibk5	2	708	ca0df93f1a7d4789df59679e910c20403d4ad63ebac66e6edf7fe5a40212e4c2	predicate-748.ibk5.merkle	1	https://danbri.github.io/londat/kgx/graph/pipeline.p04/a28f8e05ea56f3ab	predicate-748.ibk5.lgi2	predicate-748.ibk5.gbi1	0090000000687474..0091000000687474	0260000000434330..0260000000434330	0
749	https://danbri.github.io/londat/kgx/vocab#contentAtBuild	predicate-749.ibk5	2	772	ed8b21fe3d41679fc053d6a1912afa4ff4b40f5128150dfbb33b275301dcd269	predicate-749.ibk5.merkle	1	https://danbri.github.io/londat/kgx/graph/pipeline.p04/a28f8e05ea56f3ab	predicate-749.ibk5.lgi2	predicate-749.ibk5.gbi1	0090000000687474..0091000000687474	0074000000687474..0074000000687474	0
750	http://www.w3.org/ns/prov#wasGeneratedBy	predicate-750.ibk5	247	49501	c49c06e92954bd32cbcb538550e25b8c8137889ca56dec2d6d2003634671c585	predicate-750.ibk5.merkle	1	https://danbri.github.io/londat/kgx/graph/pipeline.p04/a28f8e05ea56f3ab	predicate-750.ibk5.lgi2	predicate-750.ibk5.gbi1	008f000000687474..00e2000000687474	0061000000687474..006b000000687474	0
751	http://www.w3.org/1999/02/22-rdf-syntax-ns#type	predicate-751.ibk5	337	37416	7797cc0452084bb9d1fe2fd07b17e11c5e14f86f15ff9c608e8bfbd199da0ddb	predicate-751.ibk5.merkle	1	https://danbri.github.io/londat/kgx/graph/storeguide.p00/425e4873fa512f16	predicate-751.ibk5.lgi2	predicate-751.ibk5.gbi1	004a000000687474..005b000000687474	0034000000687474..0034000000687474	0
752	https://danbri.github.io/londat/kgx/vocab#gridRef	predicate-752.ibk5	369	43820	dfb940b8ceb6fa892fbd4d07e1e3925a3255ae84147fe2c864bcc6039de61164	predicate-752.ibk5.merkle	1	https://danbri.github.io/londat/kgx/graph/storeguide.p00/425e4873fa512f16	predicate-752.ibk5.lgi2	predicate-752.ibk5.gbi1	004a000000687474..005b000000687474	0202000000314727..0203000000323244	0
753	https://danbri.github.io/londat/kgx/vocab#guideGroup	predicate-753.ibk5	337	37544	da74e3c29a07be2eca2f94d96fb51063eb18493c2fbb133a3833a1f9088bc7d3	predicate-753.ibk5.merkle	1	https://danbri.github.io/londat/kgx/graph/storeguide.p00/425e4873fa512f16	predicate-753.ibk5.lgi2	predicate-753.ibk5.gbi1	004a000000687474..005b000000687474	0206000000657374..020e00000073686f	0
754	https://danbri.github.io/londat/kgx/vocab#guidePage	predicate-754.ibk5	337	37465	5179f07ffd0fddb1ad7794ffa1f5417d23272322e376dcde287af5d958c82c7a	predicate-754.ibk5.merkle	1	https://danbri.github.io/londat/kgx/graph/storeguide.p00/425e4873fa512f16	predicate-754.ibk5.lgi2	predicate-754.ibk5.gbi1	004a000000687474..005b000000687474	0201000000312800..0201000000322800	0
755	https://danbri.github.io/londat/kgx/vocab#guideSection	predicate-755.ibk5	337	37845	e39804c0389b167e9f5e2d30e559b33216340739166b1c7e14accba847135249	predicate-755.ibk5.merkle	1	https://danbri.github.io/londat/kgx/graph/storeguide.p00/425e4873fa512f16	predicate-755.ibk5.lgi2	predicate-755.ibk5.gbi1	004a000000687474..005b000000687474	020500000073686f..020f0000006f6666	0
756	https://danbri.github.io/londat/kgx/vocab#ocrConfidence	predicate-756.ibk5	337	38355	8da064a192dd89c754f9d1fd8b3c92993dcd2a8b5912398603758752ea4977e0	predicate-756.ibk5.merkle	1	https://danbri.github.io/londat/kgx/graph/storeguide.p00/425e4873fa512f16	predicate-756.ibk5.lgi2	predicate-756.ibk5.gbi1	004a000000687474..005b000000687474	0202000000363328..0202000000393628	0
757	https://danbri.github.io/londat/kgx/vocab#ocrText	predicate-757.ibk5	337	58546	19a8477da0cef0bee3470c0e92bc581f860723ecc3eba2b7ccda9bef2bf68003	predicate-757.ibk5.merkle	1	https://danbri.github.io/londat/kgx/graph/storeguide.p00/425e4873fa512f16	predicate-757.ibk5.lgi2	predicate-757.ibk5.gbi1	004a000000687474..005b000000687474	0203000000435747..0243000000436974	0
758	https://schema.org/name	predicate-758.ibk5	337	53886	73fd30b717115a974b5b05bd962088464ed05917ade17cb99fb5e716ffff336a	predicate-758.ibk5.merkle	1	https://danbri.github.io/londat/kgx/graph/storeguide.p00/425e4873fa512f16	predicate-758.ibk5.lgi2	predicate-758.ibk5.gbi1	004a000000687474..005b000000687474	0202000000425027..0212000000546865	0
759	https://schema.org/sameAs	predicate-759.ibk5	198	31184	b93f67b1604e860e2436475cb6b8aeb6442b7c18a9bcf9b5fa15c939113f048e	predicate-759.ibk5.merkle	1	https://danbri.github.io/londat/kgx/graph/storeguide.p00/425e4873fa512f16	predicate-759.ibk5.lgi2	predicate-759.ibk5.gbi1	004a000000687474..005b000000687474	0027000000687474..0044000000687474	0
760	http://www.w3.org/2000/01/rdf-schema#comment	predicate-760.ibk5	27	4212	cc53f078737ad581e8bd4e8f1b03d06ee48d2e68ede4449d34f7b50dd6a0b0ad	predicate-760.ibk5.merkle	1	https://danbri.github.io/londat/kgx/graph/storeguide.p00/425e4873fa512f16	predicate-760.ibk5.lgi2	predicate-760.ibk5.gbi1	0052000000687474..005b000000687474	02080000006b696f..02320000006c6576	0
761	https://danbri.github.io/londat/kgx/vocab#levelText	predicate-761.ibk5	2	463	aee8e08f163d8019bda76074fe2a9ef86bc59abcdbaca3fd2875e2bc332ba59a	predicate-761.ibk5.merkle	1	https://danbri.github.io/londat/kgx/graph/storeguide.p00/425e4873fa512f16	predicate-761.ibk5.lgi2	predicate-761.ibk5.gbi1	0055000000687474..0058000000687474	02020000002d3328..02020000002d3328	0
762	https://danbri.github.io/londat/kgx/vocab#buildingText	predicate-762.ibk5	45	7479	feeaba42eabf1dcc80a37bbfbf2f29a8d72ea7f29fd1a583998670da44b858a0	predicate-762.ibk5.merkle	1	https://danbri.github.io/londat/kgx/graph/storeguide.p00/425e4873fa512f16	predicate-762.ibk5.lgi2	predicate-762.ibk5.gbi1	0053000000687474..005a000000687474	023b0000007b2261..02470000007b2261	0
763	http://www.w3.org/1999/02/22-rdf-syntax-ns#type	predicate-763.ibk5	317	39810	739af68be1e38d57fd327b7ddc950c73fffb5821b4531f3d5355301520bbe292	predicate-763.ibk5.merkle	1	https://danbri.github.io/londat/kgx/graph/storeguide.p01/2c82c2c2ed06c54e	predicate-763.ibk5.lgi2	predicate-763.ibk5.gbi1	005b000000687474..0088000000687474	0034000000687474..0034000000687474	0
764	https://danbri.github.io/londat/kgx/vocab#gridRef	predicate-764.ibk5	336	45179	091f9f122c7504027edad4f9b78117310fa3b6bb63df8a617869bfd7c21d0b28	predicate-764.ibk5.merkle	1	https://danbri.github.io/londat/kgx/graph/storeguide.p01/2c82c2c2ed06c54e	predicate-764.ibk5.lgi2	predicate-764.ibk5.gbi1	005b000000687474..0088000000687474	0202000000314727..0203000000323244	0
765	https://danbri.github.io/londat/kgx/vocab#guideGroup	predicate-765.ibk5	317	39938	283f148b65da31c6a069b6f193ecbccf782a5c303d1cc26b5592d1705c4f8bad	predicate-765.ibk5.merkle	1	https://danbri.github.io/londat/kgx/graph/storeguide.p01/2c82c2c2ed06c54e	predicate-765.ibk5.lgi2	predicate-765.ibk5.gbi1	005b000000687474..0088000000687474	0206000000657374..020e00000073686f	0
766	https://danbri.github.io/londat/kgx/vocab#guidePage	predicate-766.ibk5	317	39859	e8ba031c4ba0f43665edbd153b2d8877c3a98675bfd664cda4962c35df28f36e	predicate-766.ibk5.merkle	1	https://danbri.github.io/londat/kgx/graph/storeguide.p01/2c82c2c2ed06c54e	predicate-766.ibk5.lgi2	predicate-766.ibk5.gbi1	005b000000687474..0088000000687474	0201000000312800..0201000000322800	0
767	https://danbri.github.io/londat/kgx/vocab#guideSection	predicate-767.ibk5	317	40304	cdef61a29d09cac73076123bc0da2223218693167a4f63ab07e35a31b1f489f6	predicate-767.ibk5.merkle	1	https://danbri.github.io/londat/kgx/graph/storeguide.p01/2c82c2c2ed06c54e	predicate-767.ibk5.lgi2	predicate-767.ibk5.gbi1	005b000000687474..0088000000687474	020500000073686f..0210000000657374	0
768	https://danbri.github.io/londat/kgx/vocab#ocrConfidence	predicate-768.ibk5	317	40385	04a956b74990206b885d11461a9b15752749dcdf697af8fefb77c4202b98983a	predicate-768.ibk5.merkle	1	https://danbri.github.io/londat/kgx/graph/storeguide.p01/2c82c2c2ed06c54e	predicate-768.ibk5.lgi2	predicate-768.ibk5.gbi1	005b000000687474..0088000000687474	0202000000363328..0202000000393628	0
769	https://danbri.github.io/londat/kgx/vocab#ocrText	predicate-769.ibk5	317	63875	3cd6641373fda46f907b88710c0d415664b3cf642ee5f6002fd9e99043e56f92	predicate-769.ibk5.merkle	1	https://danbri.github.io/londat/kgx/graph/storeguide.p01/2c82c2c2ed06c54e	predicate-769.ibk5.lgi2	predicate-769.ibk5.gbi1	005b000000687474..0088000000687474	0209000000446174..024f000000414e5a	0
770	https://schema.org/name	predicate-770.ibk5	317	59278	10e303cbcf3bb1da66a1cde3fd2ee7473a6a6d2013021f88e0282cb884390116	predicate-770.ibk5.merkle	1	https://danbri.github.io/londat/kgx/graph/storeguide.p01/2c82c2c2ed06c54e	predicate-770.ibk5.lgi2	predicate-770.ibk5.gbi1	005b000000687474..0088000000687474	0209000000446174..023a000000427269	0
771	https://schema.org/sameAs	predicate-771.ibk5	78	13709	794696e82dc8ef047ac3186f5997bdb7147f8993fd2f601a6e8d3feb939a0c08	predicate-771.ibk5.merkle	1	https://danbri.github.io/londat/kgx/graph/storeguide.p01/2c82c2c2ed06c54e	predicate-771.ibk5.lgi2	predicate-771.ibk5.gbi1	005b000000687474..0087000000687474	002f000000687474..005d000000687474	0
772	http://www.w3.org/2000/01/rdf-schema#comment	predicate-772.ibk5	17	3478	f00c31a4faff2a81feabb526c151773ce3d444a08b5cded40ac6b2d8e206e14b	predicate-772.ibk5.merkle	1	https://danbri.github.io/londat/kgx/graph/storeguide.p01/2c82c2c2ed06c54e	predicate-772.ibk5.lgi2	predicate-772.ibk5.gbi1	005c000000687474..006d000000687474	02080000006b696f..022f000000323244	0
773	https://danbri.github.io/londat/kgx/vocab#levelText	predicate-773.ibk5	3	724	0236237b05927dca0505b1ef31e47c44f4c6a9acd15496bc1cd300844415aa9e	predicate-773.ibk5.merkle	1	https://danbri.github.io/londat/kgx/graph/storeguide.p01/2c82c2c2ed06c54e	predicate-773.ibk5.lgi2	predicate-773.ibk5.gbi1	005e000000687474..0075000000687474	02020000002d3128..02020000002d3428	0
774	https://danbri.github.io/londat/kgx/vocab#buildingText	predicate-774.ibk5	79	11830	dd26e5f526b084e9c26d0013edaaf8b4a7ef3446d345d14f08a4162b14ee82d5	predicate-774.ibk5.merkle	1	https://danbri.github.io/londat/kgx/graph/storeguide.p01/2c82c2c2ed06c54e	predicate-774.ibk5.lgi2	predicate-774.ibk5.gbi1	005b000000687474..0088000000687474	023a0000007b2261..02470000007b2261	0
775	http://www.w3.org/1999/02/22-rdf-syntax-ns#type	predicate-775.ibk5	1072	105635	3f988caed44a1d8f4854f0dadd47e10c53360bf90c235d3c2e8a2794a8063b65	predicate-775.ibk5.merkle	1	https://danbri.github.io/londat/kgx/graph/web.p00/3db8b9f63b5ac243	predicate-775.ibk5.lgi2	predicate-775.ibk5.gbi1	0010000000687474..0075000000687474	0016000000687474..002c000000687474	0
776	https://schema.org/url	predicate-776.ibk5	300	48397	e9f47fb8783844bd179e05c9c34d0d6a22e094766047884924f0a788f01cda40	predicate-776.ibk5.merkle	1	https://danbri.github.io/londat/kgx/graph/web.p00/3db8b9f63b5ac243	predicate-776.ibk5.lgi2	predicate-776.ibk5.gbi1	0014000000687474..0075000000687474	001e000000687474..0273000000687474	0
777	https://schema.org/logo	predicate-777.ibk5	102	16882	6353c20b7d93cca3e3dae12d861c42c7619432db197c77f68bc0a913cdc6c3b8	predicate-777.ibk5.merkle	1	https://danbri.github.io/londat/kgx/graph/web.p00/3db8b9f63b5ac243	predicate-777.ibk5.lgi2	predicate-777.ibk5.gbi1	0016000000687474..0075000000687474	001a000000687474..00a9000000687474	0
778	https://schema.org/name	predicate-778.ibk5	206	31054	5c5b524acdd141cf2be3e64c8afc65827ef2fe2da8bc06159ec7e766d6cb40f9	predicate-778.ibk5.merkle	1	https://danbri.github.io/londat/kgx/graph/web.p00/3db8b9f63b5ac243	predicate-778.ibk5.lgi2	predicate-778.ibk5.gbi1	0014000000687474..0075000000687474	0200000000270000..0251000000537465	0
779	https://schema.org/address	predicate-779.ibk5	107	21956	fe3cb1de868e8b7906e7def43ab320080d244fc897ad9ed8d816296f7c83fe3b	predicate-779.ibk5.merkle	1	https://danbri.github.io/londat/kgx/graph/web.p00/3db8b9f63b5ac243	predicate-779.ibk5.lgi2	predicate-779.ibk5.gbi1	0014000000687474..0075000000687474	003e000000687474..008b000000687474	0
780	https://schema.org/sameAs	predicate-780.ibk5	296	36079	eb673ba1b4ca8cb048bbe31009317eb693f39ae89aee5a519b071c1958f598b9	predicate-780.ibk5.merkle	1	https://danbri.github.io/londat/kgx/graph/web.p00/3db8b9f63b5ac243	predicate-780.ibk5.lgi2	predicate-780.ibk5.gbi1	0016000000687474..0075000000687474	0200000000270000..027c000000687474	0
781	https://schema.org/geo	predicate-781.ibk5	49	10318	433fbc9d53fbc131b03d472938485a90294f6d4a8258e5b71c99aa6b53bf1b2d	predicate-781.ibk5.merkle	1	https://danbri.github.io/londat/kgx/graph/web.p00/3db8b9f63b5ac243	predicate-781.ibk5.lgi2	predicate-781.ibk5.gbi1	0014000000687474..0075000000687474	0075000000687474..0075000000687474	0
782	https://schema.org/openingHoursSpecification	predicate-782.ibk5	210	32668	56bfbc273a817a36ef95416cde0f75f56c4cde4871274158899e01b556e2213e	predicate-782.ibk5.merkle	1	https://danbri.github.io/londat/kgx/graph/web.p00/3db8b9f63b5ac243	predicate-782.ibk5.lgi2	predicate-782.ibk5.gbi1	0014000000687474..0075000000687474	0075000000687474..0075000000687474	0
783	https://danbri.github.io/glitchcan-minigam/magpie/cwplans/data-register.json#vocab/hoursText	predicate-783.ibk5	77	7698	e75e0795777432321282619bc9fc27aac875d9e1dffba8f56ca5fa56cfac2eb0	predicate-783.ibk5.merkle	1	https://danbri.github.io/londat/kgx/graph/web.p00/3db8b9f63b5ac243	predicate-783.ibk5.lgi2	predicate-783.ibk5.gbi1	0022000000687474..0075000000687474	0209000000536120..02440000004d6f6e	0
784	https://schema.org/telephone	predicate-784.ibk5	65	10088	4bd47d1b167dcbba4635880d97f2ac83e6cf88df2736cdc0dddbcfc08811857a	predicate-784.ibk5.merkle	1	https://danbri.github.io/londat/kgx/graph/web.p00/3db8b9f63b5ac243	predicate-784.ibk5.lgi2	predicate-784.ibk5.gbi1	0014000000687474..0075000000687474	0200000000270000..020e0000002b3434	0
785	https://schema.org/closes	predicate-785.ibk5	97	15247	7b278b33a7eb9e7950a26917ecebae0c3f250e886848be9e042160473250051d	predicate-785.ibk5.merkle	1	https://danbri.github.io/londat/kgx/graph/web.p00/3db8b9f63b5ac243	predicate-785.ibk5.lgi2	predicate-785.ibk5.gbi1	0075000000687474..0075000000687474	020300000032706d..020800000032333a	0
786	https://schema.org/opens	predicate-786.ibk5	97	15088	c23911aa7ebe2468bfbd5095dd3a74b4fd4812c06d84a156898fefeacca7de5e	predicate-786.ibk5.merkle	1	https://danbri.github.io/londat/kgx/graph/web.p00/3db8b9f63b5ac243	predicate-786.ibk5.lgi2	predicate-786.ibk5.gbi1	0075000000687474..0075000000687474	0204000000313061..020800000031363a	0
787	https://schema.org/validFrom	predicate-787.ibk5	26	5403	e7695c80cf85bd42015680bcb47087517b54ddf7999a8792492eccfb588d6931	predicate-787.ibk5.merkle	1	https://danbri.github.io/londat/kgx/graph/web.p00/3db8b9f63b5ac243	predicate-787.ibk5.lgi2	predicate-787.ibk5.gbi1	0075000000687474..0075000000687474	020a00000031204d..020b000000333020	0
788	https://schema.org/validThrough	predicate-788.ibk5	26	5406	c3e884c4632056a7fe26303b550c6ded0a06efacde1330ee888ffb5e9b1f4bd3	predicate-788.ibk5.merkle	1	https://danbri.github.io/londat/kgx/graph/web.p00/3db8b9f63b5ac243	predicate-788.ibk5.lgi2	predicate-788.ibk5.gbi1	0075000000687474..0075000000687474	020a00000031204d..020b000000333020	0
789	https://schema.org/addressCountry	predicate-789.ibk5	27	3937	b287528bc05bf3d4db6f9b7c663c609ccfd414adfa73045a8a010cec2613281f	predicate-789.ibk5.merkle	1	https://danbri.github.io/londat/kgx/graph/web.p00/3db8b9f63b5ac243	predicate-789.ibk5.lgi2	predicate-789.ibk5.gbi1	003e000000687474..0075000000687474	0200000000270000..0202000000474227	0
790	https://schema.org/addressLocality	predicate-790.ibk5	33	5215	683dc66a03b111245f4aae4c665aeae7acf492b6ee777f4416ffa4a20e3f12f6	predicate-790.ibk5.merkle	1	https://danbri.github.io/londat/kgx/graph/web.p00/3db8b9f63b5ac243	predicate-790.ibk5.lgi2	predicate-790.ibk5.gbi1	003e000000687474..0075000000687474	0200000000270000..021400000043616e	0
791	https://schema.org/postalCode	predicate-791.ibk5	30	5645	40910fd14980c21dd50eaee851765b9820cea7605cf4f855232f65d9f73862b4	predicate-791.ibk5.merkle	1	https://danbri.github.io/londat/kgx/graph/web.p00/3db8b9f63b5ac243	predicate-791.ibk5.lgi2	predicate-791.ibk5.gbi1	003e000000687474..0075000000687474	0200000000270000..0208000000574331	0
792	https://schema.org/streetAddress	predicate-792.ibk5	33	7001	a6d3ca4174582eafbf9c0ffd7b1e57be4edcb8c5be3858938399a81655a5326e	predicate-792.ibk5.merkle	1	https://danbri.github.io/londat/kgx/graph/web.p00/3db8b9f63b5ac243	predicate-792.ibk5.lgi2	predicate-792.ibk5.gbi1	003e000000687474..0075000000687474	0200000000270000..023900000043726f	0
793	https://schema.org/dayOfWeek	predicate-793.ibk5	91	10980	63dd51cf04a3a700fe4f7b1dc25d6435d36b58ea504b5413d74e0b3cd57c8858	predicate-793.ibk5.merkle	1	https://danbri.github.io/londat/kgx/graph/web.p00/3db8b9f63b5ac243	predicate-793.ibk5.lgi2	predicate-793.ibk5.gbi1	0075000000687474..0075000000687474	0019000000687474..001c000000687474	0
794	https://schema.org/latitude	predicate-794.ibk5	14	3032	e3df7fd615a68034236384056de9a5f215e1807d6e697b976a31ddeca83d4515	predicate-794.ibk5.merkle	1	https://danbri.github.io/londat/kgx/graph/web.p00/3db8b9f63b5ac243	predicate-794.ibk5.lgi2	predicate-794.ibk5.gbi1	0075000000687474..0075000000687474	020900000035312e..0213000000352e33	0
795	https://schema.org/longitude	predicate-795.ibk5	14	3025	28a5b8911f525cc291256264c5cc09f5f232078090e1b2a7b987a5429c833597	predicate-795.ibk5.merkle	1	https://danbri.github.io/londat/kgx/graph/web.p00/3db8b9f63b5ac243	predicate-795.ibk5.lgi2	predicate-795.ibk5.gbi1	0075000000687474..0075000000687474	02090000002d302e..02150000002d372e	0
796	https://schema.org/parentOrganization	predicate-796.ibk5	18	2996	d074ffc88162a1dff1e96506ef3ce9ea74cb631fa4f6c1caf7b963adcda1582f	predicate-796.ibk5.merkle	1	https://danbri.github.io/londat/kgx/graph/web.p00/3db8b9f63b5ac243	predicate-796.ibk5.lgi2	predicate-796.ibk5.gbi1	0027000000687474..0075000000687474	0018000000687474..0075000000687474	0
797	https://danbri.github.io/glitchcan-minigam/magpie/cwplans/data-register.json#vocab/addressText	predicate-797.ibk5	1	415	aa6140baae4ed24dc2964f7ecc324df4306f10f65e1f5568e8c2a1dd6309f51b	predicate-797.ibk5.merkle	1	https://danbri.github.io/londat/kgx/graph/web.p00/3db8b9f63b5ac243	predicate-797.ibk5.lgi2	predicate-797.ibk5.gbi1	0075000000687474..0075000000687474	0200000000270000..0200000000270000	0
798	https://schema.org/brand	predicate-798.ibk5	5	1043	9326c7822dfddbe3616e490520c8c6962ddb7045c2e877cf7fb35f3159bc18c4	predicate-798.ibk5.merkle	1	https://danbri.github.io/londat/kgx/graph/web.p00/3db8b9f63b5ac243	predicate-798.ibk5.lgi2	predicate-798.ibk5.gbi1	002b000000687474..004e000000687474	002a000000687474..0075000000687474	0
799	https://schema.org/branchCode	predicate-799.ibk5	5	877	6e4fb2ca1069cf3d277af04b7d1d6ec123c8b92fa6ee128797b3e43da3075972	predicate-799.ibk5.merkle	1	https://danbri.github.io/londat/kgx/graph/web.p00/3db8b9f63b5ac243	predicate-799.ibk5.lgi2	predicate-799.ibk5.gbi1	003d000000687474..0057000000687474	0202000000333927..0205000000313035	0
800	http://www.w3.org/1999/02/22-rdf-syntax-ns#type	predicate-800.ibk5	530	75942	fedc2fbadccf1340b43b80512949303bdfc218543b8cfd2083403f51615111db	predicate-800.ibk5.merkle	1	https://danbri.github.io/londat/kgx/graph/web.p01/bd5735d50b15e1d8	predicate-800.ibk5.lgi2	predicate-800.ibk5.gbi1	0075000000687474..0075000000687474	0016000000687474..002c000000687474	0
801	https://schema.org/closes	predicate-801.ibk5	298	44179	693e626c562bcee15874907b53add713948a0e36af6822a549e6e6ec2ffff2c1	predicate-801.ibk5.merkle	1	https://danbri.github.io/londat/kgx/graph/web.p01/bd5735d50b15e1d8	predicate-801.ibk5.lgi2	predicate-801.ibk5.gbi1	0075000000687474..0075000000687474	0200000000270000..020800000032333a	0
802	https://schema.org/dayOfWeek	predicate-802.ibk5	296	34234	35b540563d6e53ab2d6c7f1ff2db3b75986fca3ce686e2758aa4decd0649cafd	predicate-802.ibk5.merkle	1	https://danbri.github.io/londat/kgx/graph/web.p01/bd5735d50b15e1d8	predicate-802.ibk5.lgi2	predicate-802.ibk5.gbi1	0075000000687474..0075000000687474	0019000000687474..001c000000687474	0
803	https://schema.org/opens	predicate-803.ibk5	298	44128	cc46851985c37753fa23e3904b27c1e73e73c1a337e146f739f8a65ca55898ff	predicate-803.ibk5.merkle	1	https://danbri.github.io/londat/kgx/graph/web.p01/bd5735d50b15e1d8	predicate-803.ibk5.lgi2	predicate-803.ibk5.gbi1	0075000000687474..0075000000687474	0200000000270000..020800000031373a	0
804	https://schema.org/latitude	predicate-804.ibk5	57	11242	08715ff7852362d8da2c96d46041310baeb2369738ea3fb15c97c5c8171d1495	predicate-804.ibk5.merkle	1	https://danbri.github.io/londat/kgx/graph/web.p01/bd5735d50b15e1d8	predicate-804.ibk5.lgi2	predicate-804.ibk5.gbi1	0075000000687474..0075000000687474	020700000035312e..0214000000352e31	0
805	https://schema.org/longitude	predicate-805.ibk5	57	11149	16be6cd563bc55fb3f0858e1e5a7d6abc12b39fec7d0c1d2339811069fcd1924	predicate-805.ibk5.merkle	1	https://danbri.github.io/londat/kgx/graph/web.p01/bd5735d50b15e1d8	predicate-805.ibk5.lgi2	predicate-805.ibk5.gbi1	0075000000687474..0075000000687474	02070000002d302e..02160000002d312e	0
806	https://schema.org/validFrom	predicate-806.ibk5	70	14273	8baea961d9967d977ad80ef36be584523e2d1327cd2de790ebf17775d92f2dab	predicate-806.ibk5.merkle	1	https://danbri.github.io/londat/kgx/graph/web.p01/bd5735d50b15e1d8	predicate-806.ibk5.lgi2	predicate-806.ibk5.gbi1	0075000000687474..0075000000687474	020a000000312041..020b000000333120	0
807	https://schema.org/validThrough	predicate-807.ibk5	70	14276	d0c8d0a8aac4e1c16373596f42e28c854329abb94ea8c477bd44fbcf6a953b22	predicate-807.ibk5.merkle	1	https://danbri.github.io/londat/kgx/graph/web.p01/bd5735d50b15e1d8	predicate-807.ibk5.lgi2	predicate-807.ibk5.gbi1	0075000000687474..0075000000687474	020a000000312041..020b000000333120	0
808	https://schema.org/address	predicate-808.ibk5	93	23882	9427fe3a28318e8a858605a1896bb3c8056aba92f0a491edff5f4038319b28ce	predicate-808.ibk5.merkle	1	https://danbri.github.io/londat/kgx/graph/web.p01/bd5735d50b15e1d8	predicate-808.ibk5.lgi2	predicate-808.ibk5.gbi1	0075000000687474..0075000000687474	0046000000687474..008b000000687474	0
809	https://schema.org/geo	predicate-809.ibk5	24	6488	adeddce528b9245fbd78782cbe5f4d19285315767f22deac8a0eae654e85c083	predicate-809.ibk5.merkle	1	https://danbri.github.io/londat/kgx/graph/web.p01/bd5735d50b15e1d8	predicate-809.ibk5.lgi2	predicate-809.ibk5.gbi1	0075000000687474..0075000000687474	0075000000687474..0075000000687474	0
810	https://schema.org/name	predicate-810.ibk5	171	32940	d1ad08be0cd5724b63215547559e0db23fec0f99460b47dfbf1fb005be4307ea	predicate-810.ibk5.merkle	1	https://danbri.github.io/londat/kgx/graph/web.p01/bd5735d50b15e1d8	predicate-810.ibk5.lgi2	predicate-810.ibk5.gbi1	0075000000687474..0075000000687474	0200000000270000..023c0000004b616e	0
811	https://schema.org/openingHoursSpecification	predicate-811.ibk5	103	16874	ebb418e0eb2a366975cc5892c387791687f6dfa260e95a40bf3fa5043ccbef5d	predicate-811.ibk5.merkle	1	https://danbri.github.io/londat/kgx/graph/web.p01/bd5735d50b15e1d8	predicate-811.ibk5.lgi2	predicate-811.ibk5.gbi1	0075000000687474..0075000000687474	0075000000687474..0075000000687474	0
812	https://schema.org/telephone	predicate-812.ibk5	43	8725	85f280cab4e7fdf485650fe2162e2d03730b07952a88a5ef417e3071b1809ead	predicate-812.ibk5.merkle	1	https://danbri.github.io/londat/kgx/graph/web.p01/bd5735d50b15e1d8	predicate-812.ibk5.lgi2	predicate-812.ibk5.gbi1	0075000000687474..0075000000687474	0200000000270000..020e0000002b3434	0
813	https://schema.org/url	predicate-813.ibk5	139	29000	863e716bf906b2cd423ccefd60e083878a0efb11ca5c39ad58d74562f384640e	predicate-813.ibk5.merkle	1	https://danbri.github.io/londat/kgx/graph/web.p01/bd5735d50b15e1d8	predicate-813.ibk5.lgi2	predicate-813.ibk5.gbi1	0075000000687474..0075000000687474	0014000000687474..0264000000687474	0
814	https://schema.org/addressCountry	predicate-814.ibk5	104	15476	c0464efb0cb7ff7326987143449f797d05e7ff7186d78a0deb81d9b4356f7617	predicate-814.ibk5.merkle	1	https://danbri.github.io/londat/kgx/graph/web.p01/bd5735d50b15e1d8	predicate-814.ibk5.lgi2	predicate-814.ibk5.gbi1	0075000000687474..0075000000687474	0200000000270000..0275000000687474	0
815	https://schema.org/addressLocality	predicate-815.ibk5	119	18539	64591cab2dba4506afe0b27c4f1cfa774d4347c891c8ffdc69733f24992015c2	predicate-815.ibk5.merkle	1	https://danbri.github.io/londat/kgx/graph/web.p01/bd5735d50b15e1d8	predicate-815.ibk5.lgi2	predicate-815.ibk5.gbi1	0075000000687474..0075000000687474	02050000004c6565..021c00000043616e	0
816	https://schema.org/postalCode	predicate-816.ibk5	108	18792	9f6fc098cc581dca218850395240b78a3b9b6023acce8e0a7e2a6a5c6cce6c89	predicate-816.ibk5.merkle	1	https://danbri.github.io/londat/kgx/graph/web.p01/bd5735d50b15e1d8	predicate-816.ibk5.lgi2	predicate-816.ibk5.gbi1	0075000000687474..0075000000687474	0203000000453134..0208000000574332	0
817	https://schema.org/streetAddress	predicate-817.ibk5	124	24825	5bc251509d9e2a84c1258295798e6f269d913b1c02456821254b98c3f09b7b58	predicate-817.ibk5.merkle	1	https://danbri.github.io/londat/kgx/graph/web.p01/bd5735d50b15e1d8	predicate-817.ibk5.lgi2	predicate-817.ibk5.gbi1	0075000000687474..0075000000687474	0206000000556e69..0241000000333420	0
818	https://danbri.github.io/glitchcan-minigam/magpie/cwplans/data-register.json#vocab/hoursText	predicate-818.ibk5	61	6951	267fa42f0c1680ee2e3ed551b9ac17ed5d581995581e19f16c1c7e545bb42095	predicate-818.ibk5.merkle	1	https://danbri.github.io/londat/kgx/graph/web.p01/bd5735d50b15e1d8	predicate-818.ibk5.lgi2	predicate-818.ibk5.gbi1	0075000000687474..0075000000687474	0200000000270000..026e0000004d6f20	0
819	https://schema.org/logo	predicate-819.ibk5	54	13001	e47c0c74617899bad740f2716024aa42012ebe37141a51948083ba2c3e8c8897	predicate-819.ibk5.merkle	1	https://danbri.github.io/londat/kgx/graph/web.p01/bd5735d50b15e1d8	predicate-819.ibk5.lgi2	predicate-819.ibk5.gbi1	0075000000687474..0075000000687474	0020000000687474..0097000000687474	0
820	https://schema.org/brand	predicate-820.ibk5	5	1113	1a2420daf087b98f098f96b989606d40e01735a6d9d45228ec0801ab9f905c00	predicate-820.ibk5.merkle	1	https://danbri.github.io/londat/kgx/graph/web.p01/bd5735d50b15e1d8	predicate-820.ibk5.lgi2	predicate-820.ibk5.gbi1	0075000000687474..0075000000687474	0075000000687474..0212000000427269	0
821	https://schema.org/sameAs	predicate-821.ibk5	152	19752	8900a22359f7ab70d7ee6eaac360fc3696c9d332eef6a76c31ff9932aa1fb450	predicate-821.ibk5.merkle	1	https://danbri.github.io/londat/kgx/graph/web.p01/bd5735d50b15e1d8	predicate-821.ibk5.lgi2	predicate-821.ibk5.gbi1	0075000000687474..0075000000687474	0200000000270000..026f000000687474	0
822	https://danbri.github.io/glitchcan-minigam/magpie/cwplans/data-register.json#vocab/addressText	predicate-822.ibk5	21	4446	9a9ce298b05b028f2b2bf617c68784895efdb4f667bb130b2059d9203aef36a8	predicate-822.ibk5.merkle	1	https://danbri.github.io/londat/kgx/graph/web.p01/bd5735d50b15e1d8	predicate-822.ibk5.lgi2	predicate-822.ibk5.gbi1	0075000000687474..0075000000687474	0200000000270000..023e000000313133	0
823	https://schema.org/parentOrganization	predicate-823.ibk5	3	959	53c46429ba23117ae18817ac243e0ccae7f760b884f0e59c776b4e87bd543791	predicate-823.ibk5.merkle	1	https://danbri.github.io/londat/kgx/graph/web.p01/bd5735d50b15e1d8	predicate-823.ibk5.lgi2	predicate-823.ibk5.gbi1	0075000000687474..0075000000687474	0075000000687474..0075000000687474	0
824	https://schema.org/branchCode	predicate-824.ibk5	1	352	ad0a489ded9b40b26670e6cdd7c6df35136bc664715f8983541d1ea105cacee0	predicate-824.ibk5.merkle	1	https://danbri.github.io/londat/kgx/graph/web.p01/bd5735d50b15e1d8	predicate-824.ibk5.lgi2	predicate-824.ibk5.gbi1	0075000000687474..0075000000687474	0202000000383827..0202000000383827	0
825	http://www.w3.org/1999/02/22-rdf-syntax-ns#type	predicate-825.ibk5	125	18473	e7e36eb3fc6746157f2895721135f960084b5348428f46d083d034955c91afa9	predicate-825.ibk5.merkle	1	https://danbri.github.io/londat/kgx/graph/web.p02/0ecbf18a09fc4e18	predicate-825.ibk5.lgi2	predicate-825.ibk5.gbi1	0075000000687474..00a9000000687474	0018000000687474..002c000000687474	0
826	https://schema.org/url	predicate-826.ibk5	39	8000	06df2846cef4d96ac5c2e289e868ef5b473397c1c59697327c4d0473c8b942a9	predicate-826.ibk5.merkle	1	https://danbri.github.io/londat/kgx/graph/web.p02/0ecbf18a09fc4e18	predicate-826.ibk5.lgi2	predicate-826.ibk5.gbi1	0075000000687474..00a9000000687474	0016000000687474..02510000002f7770	0
827	https://schema.org/closes	predicate-827.ibk5	65	10543	c4a2251a0aed0ac3eda627c699f180257674e47e0a1cc96d9fcef1f862ae6fad	predicate-827.ibk5.merkle	1	https://danbri.github.io/londat/kgx/graph/web.p02/0ecbf18a09fc4e18	predicate-827.ibk5.lgi2	predicate-827.ibk5.gbi1	0075000000687474..0075000000687474	020500000030303a..020800000032333a	0
828	https://schema.org/dayOfWeek	predicate-828.ibk5	55	7210	f6e94efdc6419cb63e07a0ca17f83209692e01a10d1eb9624ea586cbca412d6c	predicate-828.ibk5.merkle	1	https://danbri.github.io/londat/kgx/graph/web.p02/0ecbf18a09fc4e18	predicate-828.ibk5.lgi2	predicate-828.ibk5.gbi1	0075000000687474..0075000000687474	0019000000687474..001c000000687474	0
829	https://schema.org/opens	predicate-829.ibk5	65	10266	9e2a76b77f97a8779782d8130edaab24a0598201d935b58fd9fa22e028b2fa79	predicate-829.ibk5.merkle	1	https://danbri.github.io/londat/kgx/graph/web.p02/0ecbf18a09fc4e18	predicate-829.ibk5.lgi2	predicate-829.ibk5.gbi1	0075000000687474..0075000000687474	020500000030373a..020800000031363a	0
830	https://schema.org/address	predicate-830.ibk5	18	4952	6f9791bfbe0590f0524031702de24967233a6bb4ad4f3db46ec1f3adb13e363e	predicate-830.ibk5.merkle	1	https://danbri.github.io/londat/kgx/graph/web.p02/0ecbf18a09fc4e18	predicate-830.ibk5.lgi2	predicate-830.ibk5.gbi1	0075000000687474..0075000000687474	0075000000687474..008b000000687474	0
831	https://schema.org/name	predicate-831.ibk5	37	7621	5b9d0d269298a0b9a99d00fb39ee66636c35dc254063d51b55c56954ba956e3e	predicate-831.ibk5.merkle	1	https://danbri.github.io/londat/kgx/graph/web.p02/0ecbf18a09fc4e18	predicate-831.ibk5.lgi2	predicate-831.ibk5.gbi1	0075000000687474..0075000000687474	02040000004d6f73..022d000000517565	0
832	https://schema.org/sameAs	predicate-832.ibk5	34	5017	c62aee35204abaca019a6efd9af50f6667ee05eca4bfb4cb407faab0fe05d5d4	predicate-832.ibk5.merkle	1	https://danbri.github.io/londat/kgx/graph/web.p02/0ecbf18a09fc4e18	predicate-832.ibk5.lgi2	predicate-832.ibk5.gbi1	0075000000687474..0075000000687474	0200000000270000..0244000000687474	0
833	https://schema.org/logo	predicate-833.ibk5	12	3103	a5f8f23d7a14754ffab411ff4c51aa8646d29c3be0c1fbebd1a3a1a1a8980504	predicate-833.ibk5.merkle	1	https://danbri.github.io/londat/kgx/graph/web.p02/0ecbf18a09fc4e18	predicate-833.ibk5.lgi2	predicate-833.ibk5.gbi1	0075000000687474..0075000000687474	0039000000687474..0078000000687474	0
834	https://schema.org/telephone	predicate-834.ibk5	7	1573	d6c9b64709b5e4b6ec3d09387ef328c626e5c9fdecb25adec5d9e98dcbd6bd15	predicate-834.ibk5.merkle	1	https://danbri.github.io/londat/kgx/graph/web.p02/0ecbf18a09fc4e18	predicate-834.ibk5.lgi2	predicate-834.ibk5.gbi1	0075000000687474..0075000000687474	0200000000270000..020d0000002b3434	0
835	https://schema.org/addressCountry	predicate-835.ibk5	27	4214	6a781984d1da19bdc6bdcff74ad613f6fd7e99a989eec74fd5d1c5497ba5b50a	predicate-835.ibk5.merkle	1	https://danbri.github.io/londat/kgx/graph/web.p02/0ecbf18a09fc4e18	predicate-835.ibk5.lgi2	predicate-835.ibk5.gbi1	0075000000687474..0075000000687474	0202000000474227..0275000000687474	0
836	https://schema.org/addressLocality	predicate-836.ibk5	31	4975	b70b4cf571d7c86d9c94f6917af25b20f72c1cea15087229202f08e07ed5fb7e	predicate-836.ibk5.merkle	1	https://danbri.github.io/londat/kgx/graph/web.p02/0ecbf18a09fc4e18	predicate-836.ibk5.lgi2	predicate-836.ibk5.gbi1	0075000000687474..0075000000687474	02010000002d2700..021400000043616e	0
837	https://schema.org/postalCode	predicate-837.ibk5	42	8743	5646de2f0d07ee0735cb516471b8a862925a319cb23bb852fe265abbbe37efcd	predicate-837.ibk5.merkle	1	https://danbri.github.io/londat/kgx/graph/web.p02/0ecbf18a09fc4e18	predicate-837.ibk5.lgi2	predicate-837.ibk5.gbi1	0075000000687474..008b000000687474	0203000000453134..0230000000504945	0
838	https://schema.org/streetAddress	predicate-838.ibk5	31	6730	6f59b68a13a4db102e1f0f1fc0e5b591554042678b7855611582ccc1586660d1	predicate-838.ibk5.merkle	1	https://danbri.github.io/londat/kgx/graph/web.p02/0ecbf18a09fc4e18	predicate-838.ibk5.lgi2	predicate-838.ibk5.gbi1	0075000000687474..0075000000687474	02010000002d2700..0241000000333420	0
839	https://schema.org/validFrom	predicate-839.ibk5	18	3791	bbdc9c51e3ddd36477bb808231fac50fa593679598c58439edeb7c16e56c7387	predicate-839.ibk5.merkle	1	https://danbri.github.io/londat/kgx/graph/web.p02/0ecbf18a09fc4e18	predicate-839.ibk5.lgi2	predicate-839.ibk5.gbi1	0075000000687474..0075000000687474	020a000000322044..020b000000333020	0
840	https://schema.org/validThrough	predicate-840.ibk5	18	3794	e265d9f1734a96babb93d388a5f914e7509eaa4a587f29af9c63e22e1f655034	predicate-840.ibk5.merkle	1	https://danbri.github.io/londat/kgx/graph/web.p02/0ecbf18a09fc4e18	predicate-840.ibk5.lgi2	predicate-840.ibk5.gbi1	0075000000687474..0075000000687474	020a000000322044..020b000000333020	0
841	https://schema.org/latitude	predicate-841.ibk5	8	1796	570e0c269b7f51801b73366d02e0722c140b291bb59448e7ef2c1f1f9a1b330b	predicate-841.ibk5.merkle	1	https://danbri.github.io/londat/kgx/graph/web.p02/0ecbf18a09fc4e18	predicate-841.ibk5.lgi2	predicate-841.ibk5.gbi1	0075000000687474..0075000000687474	020a000000352e31..0213000000352e35	0
842	https://schema.org/longitude	predicate-842.ibk5	8	1786	f5d566f4b73e58431c33e90bd0e33e40ef22c73625a48bfba14e728b776d16d9	predicate-842.ibk5.merkle	1	https://danbri.github.io/londat/kgx/graph/web.p02/0ecbf18a09fc4e18	predicate-842.ibk5.lgi2	predicate-842.ibk5.gbi1	0075000000687474..0075000000687474	02080000002d302e..02120000002d302e	0
843	https://danbri.github.io/glitchcan-minigam/magpie/cwplans/data-register.json#vocab/addressText	predicate-843.ibk5	2	713	62a355ea511730d1a6a915fe639976cc8fdda051530752db8a99861020083e88	predicate-843.ibk5.merkle	1	https://danbri.github.io/londat/kgx/graph/web.p02/0ecbf18a09fc4e18	predicate-843.ibk5.lgi2	predicate-843.ibk5.gbi1	0075000000687474..0075000000687474	022d000000343320..023e000000323520	0
844	https://danbri.github.io/glitchcan-minigam/magpie/cwplans/data-register.json#vocab/hoursText	predicate-844.ibk5	4	1181	5b31cb490c9a4ab224945779c30599cec7bf97251b502887b732480c2bc77bd9	predicate-844.ibk5.merkle	1	https://danbri.github.io/londat/kgx/graph/web.p02/0ecbf18a09fc4e18	predicate-844.ibk5.lgi2	predicate-844.ibk5.gbi1	0075000000687474..0075000000687474	02110000004d6f2d..026e0000004d6f20	0
845	https://schema.org/geo	predicate-845.ibk5	6	1736	a6b77bc72f2bd29dda0f0b3b681769cde593a96c5a733e838cb0370eeda9f452	predicate-845.ibk5.merkle	1	https://danbri.github.io/londat/kgx/graph/web.p02/0ecbf18a09fc4e18	predicate-845.ibk5.lgi2	predicate-845.ibk5.gbi1	0075000000687474..0075000000687474	0075000000687474..0075000000687474	0
846	https://schema.org/openingHoursSpecification	predicate-846.ibk5	28	4638	ae970c17343b32831801801b62e10501b92f79813d5ed04b12faaf3a06c1a22d	predicate-846.ibk5.merkle	1	https://danbri.github.io/londat/kgx/graph/web.p02/0ecbf18a09fc4e18	predicate-846.ibk5.lgi2	predicate-846.ibk5.gbi1	0075000000687474..0075000000687474	0075000000687474..0075000000687474	0
