{"type":"FeatureCollection","meta":{
 "source": "London Datastore: Mapping Digital Exclusion - supporting data (LOTI)",
 "dataset": "206m8",
 "page": "https://data.london.gov.uk/dataset/mapping-digital-exclusion-supporting-data-206m8",
 "resources": [
  {
   "resource": "943398cf-2ca8-4b5f-9a34-3de5cf277f56",
   "file": "digital_exclusion_older_people_data.gpkg",
   "url": "https://data.london.gov.uk/download/206m8/943398cf-2ca8-4b5f-9a34-3de5cf277f56/digital_exclusion_older_people_data.gpkg",
   "size": 8470528,
   "resource_date": "2022-06-21",
   "fetched": "2026-10-04"
  }
 ],
 "licence": "Open Government Licence v3",
 "licence_url": "https://www.nationalarchives.gov.uk/doc/open-government-licence/version/3/",
 "attribution": "Contains public sector information licensed under the Open Government Licence v3 (LOTI). The GLA cannot warrant the quality or accuracy of the data (London Datastore terms).",
 "dataset_modified": "2022-12-19",
 "update_frequency": null,
 "geo": null,
 "theme": "people-housing",
 "layers": [
  {
   "table": "London_Boroughs",
   "srs": 27700
  },
  {
   "table": "GP_Surgery_Locations_20220331",
   "srs": 27700
  },
  {
   "table": "London_LSOAs_Generalised_inc_Attributes_Rev_20220331",
   "srs": 27700
  },
  {
   "table": "London_MSOAs_Generalised_inc_Attributes_Rev_20220331",
   "srs": 27700
  }
 ],
 "crs_source": "EPSG:27700",
 "crs_output": "EPSG:4326 (WGS84), 6 decimal places; BNG to WGS84 through the OS OSTN15 grid (lib.mjs bngProjector)",
 "method": "lds-harvest-auto.mjs run 206m8: resources chosen by the written rules (harvest-log.json meta.rules: formats, dedupe, caps); every feature read (GeoPackage, GeoJSON, shapefile, or table rows with coordinate columns as points, the CRS judged per row by value); a feature is kept when it meets the zone (the 3D model box, BNG E 532400-539900, N 176700-182300): a vertex inside, an edge crossing or the box inside a polygon; whole geometries kept, whole_in_zone and in_cw added; WGS84 6 decimals through OSTN15; contact fields dropped.",
 "counts": {
  "source_features": 7208,
  "no_geometry": 0,
  "in_zone": 430,
  "in_cw": 33
 },
 "attributes_in_source": "yes",
 "fields_dropped": [],
 "harvest_rules": "tools/lds-harvest-auto.mjs AUTO_RULES (feeds/london-datastore/harvest-log.json meta.rules)",
 "selection_notes": [
  "digital_exclusion_older_people_data.gpkg: 9 polygons with over 1000 vertices cut to the zone box plus 500 m (clipped_to_zone)"
 ]
},
"features":[
{"type":"Feature","properties":{"layer":"London_Boroughs","id":12,"OBJECTID":12,"NAME":"Southwark London Boro","AREA_CODE":"LBO","DESCRIPTIO":"London Borough","FILE_NAME":"GREATER_LONDON_AUTHORITY","NUMBER":303,"NUMBER0":303,"POLYGON_ID":51271,"UNIT_ID":11013,"CODE":"E09000028","HECTARES":2992.309,"AREA":104.539,"TYPE_CODE":"AA","DESCRIPT0":"CIVIL ADMINISTRATION AREA","TYPE_COD0":" ","DESCRIPT1":" ","Shape_Length":33659.69672549783,"Shape_Area":29923089.40181878,"clipped_to_zone":true,"in_cw":true,"whole_in_zone":false},"geometry":{"type":"Polygon","coordinates":[[[-0.100711,51.509764],[-0.100635,51.509759],[-0.100456,51.509746],[-0.100341,51.509739],[-0.100258,51.509733],[-0.100203,51.50973],[-0.100172,51.509728],[-0.100124,51.509724],[-0.100038,51.509719],[-0.099991,51.509715],[-0.099927,51.509711],[-0.09966,51.509693],[-0.099409,51.509676],[-0.099325,51.50967],[-0.099225,51.50966],[-0.098784,51.50963],[-0.09852,51.509607],[-0.097707,51.509535],[-0.096957,51.509461],[-0.096115,51.509346],[-0.095913,51.509312],[-0.095816,51.509295],[-0.09571,51.509276],[-0.095391,51.509209],[-0.095029,51.509129],[-0.094795,51.509076],[-0.094347,51.508976],[-0.09416,51.508934],[-0.094087,51.508918],[-0.09401,51.508899],[-0.093977,51.508891],[-0.093699,51.508811],[-0.093467,51.508747],[-0.093332,51.508709],[-0.093258,51.508688],[-0.093182,51.508666],[-0.093127,51.508651],[-0.093072,51.508635],[-0.093033,51.508624],[-0.093019,51.508621],[-0.093004,51.508617],[-0.09297,51.508608],[-0.092878,51.508584],[-0.092811,51.508568],[-0.092744,51.508549],[-0.092529,51.508491],[-0.092413,51.50846],[-0.092171,51.508403],[-0.092122,51.508391],[-0.091902,51.508359],[-0.091141,51.50827],[-0.0899,51.508124],[-0.089767,51.50811],[-0.089684,51.508101],[-0.089597,51.508091],[-0.089467,51.508077],[-0.089362,51.508065],[-0.089298,51.508058],[-0.089222,51.50805],[-0.089168,51.508044],[-0.089091,51.508036],[-0.089053,51.508032],[-0.089024,51.508028],[-0.088976,51.508023],[-0.088943,51.50802],[-0.088942,51.50802],[-0.0889,51.508016],[-0.088864,51.508012],[-0.088825,51.508008],[-0.088745,51.507999],[-0.088608,51.507984],[-0.08858,51.50798],[-0.0885,51.507972],[-0.088451,51.507966],[-0.088359,51.507955],[-0.088325,51.507951],[-0.088166,51.50793],[-0.088067,51.507922],[-0.087955,51.507907],[-0.087935,51.507905],[-0.08781,51.507892],[-0.087751,51.507887],[-0.087739,51.507886],[-0.087706,51.507883],[-0.087695,51.507882],[-0.087312,51.507851],[-0.086859,51.507818],[-0.086667,51.507801],[-0.086113,51.507759],[-0.086076,51.507755],[-0.086048,51.507754],[-0.085904,51.507743],[-0.085842,51.507739],[-0.085731,51.507731],[-0.085713,51.507729],[-0.085707,51.507729],[-0.085547,51.507716],[-0.085449,51.507709],[-0.085334,51.507701],[-0.085202,51.507692],[-0.085125,51.507686],[-0.085038,51.50768],[-0.084946,51.507674],[-0.084909,51.507667],[-0.084769,51.50764],[-0.084624,51.507612],[-0.084575,51.507602],[-0.084488,51.507584],[-0.084417,51.507571],[-0.084395,51.507567],[-0.084321,51.507553],[-0.084236,51.507538],[-0.084131,51.50752],[-0.084064,51.507508],[-0.084021,51.5075],[-0.083971,51.507491],[-0.083931,51.507485],[-0.08391,51.507481],[-0.083907,51.507481],[-0.08387,51.507474],[-0.083775,51.507463],[-0.083674,51.507451],[-0.083566,51.507437],[-0.083441,51.50742],[-0.083338,51.507407],[-0.083128,51.507379],[-0.083086,51.507372],[-0.082911,51.507349],[-0.08286,51.507341],[-0.082737,51.507322],[-0.082639,51.507306],[-0.082621,51.507303],[-0.082544,51.507293],[-0.082483,51.507283],[-0.082452,51.507278],[-0.082171,51.507235],[-0.081895,51.507195],[-0.081749,51.507171],[-0.081546,51.507142],[-0.081446,51.507126],[-0.081296,51.507096],[-0.081037,51.507049],[-0.080924,51.507028],[-0.080853,51.507014],[-0.080695,51.506982],[-0.080632,51.50697],[-0.080537,51.506953],[-0.080453,51.506931],[-0.080404,51.506922],[-0.080315,51.506904],[-0.08026,51.506892],[-0.080237,51.506887],[-0.080221,51.506883],[-0.080183,51.506872],[-0.080166,51.506868],[-0.080113,51.506855],[-0.080055,51.506837],[-0.079939,51.506803],[-0.079888,51.506785],[-0.07981,51.506759],[-0.079766,51.506745],[-0.079714,51.506727],[-0.079575,51.506685],[-0.079485,51.506655],[-0.079435,51.506638],[-0.079292,51.506599],[-0.079138,51.506559],[-0.079108,51.506553],[-0.078268,51.506329],[-0.078095,51.506284],[-0.07799,51.506257],[-0.077844,51.506218],[-0.077723,51.506181],[-0.077685,51.50617],[-0.077587,51.506143],[-0.07743,51.5061],[-0.077338,51.506075],[-0.077253,51.506051],[-0.077156,51.506023],[-0.077047,51.505992],[-0.076675,51.505884],[-0.076436,51.505813],[-0.076096,51.505715],[-0.075624,51.505581],[-0.075381,51.505515],[-0.075237,51.505476],[-0.075056,51.505425],[-0.074839,51.505377],[-0.074653,51.505342],[-0.074402,51.505292],[-0.074322,51.505272],[-0.07422,51.50525],[-0.074107,51.505222],[-0.073975,51.505188],[-0.073805,51.505142],[-0.073686,51.505109],[-0.07347,51.505047],[-0.073356,51.505012],[-0.073308,51.504999],[-0.073269,51.504986],[-0.073216,51.504968],[-0.073141,51.504943],[-0.073064,51.504917],[-0.073002,51.504896],[-0.072939,51.504874],[-0.072913,51.504864],[-0.072841,51.504837],[-0.07259,51.504741],[-0.072388,51.504653],[-0.072041,51.504512],[-0.071899,51.504457],[-0.071814,51.50442],[-0.071572,51.504306],[-0.071326,51.504181],[-0.071051,51.504046],[-0.070856,51.503953],[-0.07079,51.503922],[-0.070692,51.503883],[-0.070579,51.503848],[-0.070562,51.503841],[-0.070156,51.503709],[-0.069845,51.503607],[-0.069528,51.503506],[-0.069085,51.503377],[-0.068729,51.503275],[-0.06853,51.503222],[-0.068322,51.503167],[-0.068028,51.503087],[-0.067793,51.503021],[-0.067329,51.502887],[-0.066569,51.502677],[-0.065978,51.50251],[-0.065768,51.502455],[-0.065277,51.502355],[-0.064983,51.502301],[-0.064881,51.502281],[-0.064556,51.502226],[-0.064329,51.502185],[-0.064115,51.502149],[-0.063943,51.502121],[-0.063681,51.502084],[-0.063541,51.502062],[-0.063396,51.50204],[-0.063348,51.502032],[-0.063196,51.502006],[-0.062927,51.501961],[-0.062706,51.501929],[-0.062309,51.50188],[-0.061774,51.501816],[-0.061605,51.501797],[-0.061425,51.501776],[-0.061247,51.501757],[-0.061109,51.501741],[-0.060966,51.501726],[-0.060841,51.501712],[-0.060691,51.501698],[-0.060545,51.501685],[-0.060496,51.501681],[-0.060436,51.501678],[-0.060326,51.501675],[-0.060179,51.501671],[-0.060024,51.501672],[-0.059877,51.501673],[-0.059768,51.50168],[-0.059495,51.501701],[-0.059272,51.501724],[-0.059141,51.501739],[-0.058991,51.501762],[-0.058668,51.501812],[-0.058423,51.501849],[-0.058287,51.501872],[-0.058131,51.5019],[-0.057822,51.501955],[-0.057602,51.501994],[-0.05753,51.502006],[-0.05732,51.502043],[-0.057145,51.502075],[-0.056913,51.502134],[-0.05661,51.502227],[-0.05651,51.502252],[-0.056344,51.502297],[-0.056287,51.502306],[-0.056135,51.502343],[-0.056007,51.502375],[-0.055919,51.502401],[-0.055834,51.502423],[-0.055523,51.502523],[-0.055344,51.502586],[-0.055141,51.502666],[-0.054993,51.502727],[-0.054847,51.502796],[-0.054501,51.502979],[-0.053804,51.503369],[-0.053394,51.5036],[-0.052763,51.503953],[-0.052389,51.504167],[-0.052226,51.504249],[-0.051802,51.504465],[-0.051408,51.504674],[-0.05129,51.504744],[-0.050707,51.505058],[-0.049708,51.50567],[-0.049363,51.505892],[-0.04915,51.50602],[-0.048785,51.506251],[-0.048623,51.506344],[-0.048593,51.506359],[-0.048427,51.506449],[-0.048115,51.506613],[-0.047681,51.506841],[-0.047081,51.507143],[-0.046928,51.507225],[-0.046663,51.507371],[-0.046408,51.507495],[-0.046018,51.507685],[-0.045837,51.507775],[-0.045626,51.507878],[-0.04549,51.507944],[-0.045109,51.508083],[-0.044888,51.508166],[-0.044663,51.508233],[-0.044415,51.508293],[-0.04411,51.508346],[-0.043844,51.508385],[-0.043618,51.50843],[-0.043295,51.508467],[-0.042972,51.508496],[-0.042558,51.508553],[-0.042204,51.50861],[-0.042117,51.508619],[-0.041975,51.508624],[-0.041865,51.508624],[-0.041795,51.508623],[-0.041664,51.508622],[-0.041364,51.508623],[-0.04099,51.508627],[-0.040731,51.50863],[-0.040507,51.508631],[-0.040341,51.508632],[-0.040251,51.508632],[-0.040184,51.508632],[-0.040085,51.50863],[-0.039853,51.508627],[-0.039695,51.508626],[-0.039633,51.508625],[-0.039601,51.508624],[-0.039492,51.508623],[-0.039481,51.508622],[-0.039291,51.508618],[-0.039174,51.508615],[-0.038914,51.508608],[-0.038824,51.508601],[-0.038527,51.508582],[-0.038393,51.50857],[-0.038324,51.508564],[-0.038232,51.508555],[-0.038167,51.508549],[-0.038131,51.508545],[-0.038039,51.508527],[-0.037905,51.508506],[-0.037846,51.508496],[-0.037777,51.508484],[-0.037676,51.508467],[-0.037619,51.508455],[-0.037518,51.508436],[-0.03743,51.508419],[-0.037362,51.508407],[-0.03722,51.50837],[-0.037217,51.508369],[-0.037096,51.508338],[-0.036979,51.508307],[-0.036861,51.508275],[-0.036815,51.508263],[-0.036768,51.508251],[-0.03667,51.508227],[-0.036514,51.508195],[-0.036431,51.508178],[-0.036334,51.508159],[-0.036248,51.508141],[-0.036167,51.508124],[-0.036089,51.508106],[-0.036009,51.508086],[-0.035955,51.508072],[-0.035868,51.508049],[-0.03578,51.50802],[-0.035713,51.507996],[-0.035401,51.507877],[-0.03529,51.507831],[-0.035221,51.507801],[-0.035164,51.507787],[-0.035115,51.507775],[-0.035092,51.507769],[-0.035043,51.507756],[-0.034979,51.507738],[-0.034952,51.50773],[-0.034915,51.50772],[-0.03489,51.507712],[-0.034837,51.507696],[-0.034798,51.507683],[-0.034769,51.507674],[-0.034764,51.507673],[-0.03474,51.507664],[-0.034706,51.507653],[-0.034668,51.507641],[-0.034628,51.507627],[-0.034586,51.507613],[-0.03454,51.507598],[-0.034513,51.507589],[-0.034478,51.507577],[-0.034449,51.507568],[-0.034409,51.507555],[-0.034379,51.507546],[-0.034356,51.507539],[-0.034328,51.50753],[-0.034291,51.507519],[-0.034135,51.507468],[-0.034048,51.507442],[-0.03398,51.50742],[-0.0339,51.507395],[-0.033802,51.507364],[-0.033712,51.507337],[-0.033627,51.507311],[-0.03356,51.507291],[-0.033513,51.507279],[-0.033378,51.507241],[-0.033186,51.507189],[-0.033055,51.507156],[-0.032848,51.507105],[-0.032778,51.507087],[-0.032673,51.50706],[-0.032548,51.50703],[-0.032412,51.506998],[-0.032395,51.506992],[-0.032346,51.506964],[-0.032282,51.506929],[-0.03222,51.506896],[-0.032127,51.506844],[-0.032046,51.506797],[-0.031982,51.506765],[-0.031877,51.506711],[-0.03182,51.506682],[-0.031791,51.506666],[-0.03176,51.50665],[-0.031747,51.506644],[-0.031734,51.50663],[-0.031727,51.506622],[-0.031681,51.50658],[-0.031641,51.506538],[-0.03163,51.506528],[-0.031596,51.506498],[-0.031535,51.506453],[-0.031464,51.506409],[-0.031374,51.506363],[-0.031351,51.506351],[-0.031282,51.506315],[-0.031245,51.5063],[-0.03121,51.506287],[-0.03101,51.506224],[-0.030951,51.506212],[-0.030842,51.506179],[-0.030798,51.506142],[-0.030635,51.50601],[-0.030521,51.505891],[-0.030475,51.505837],[-0.030454,51.505818],[-0.030417,51.505774],[-0.030348,51.505708],[-0.030284,51.505644],[-0.030182,51.505548],[-0.03013,51.505489],[-0.030074,51.505394],[-0.029988,51.505238],[-0.029894,51.505079],[-0.029875,51.505034],[-0.029847,51.504974],[-0.029826,51.504922],[-0.029755,51.504766],[-0.029746,51.504738],[-0.029702,51.504643],[-0.029668,51.50457],[-0.029632,51.504492],[-0.029603,51.50443],[-0.029574,51.504366],[-0.029573,51.504363],[-0.02958,51.504337],[-0.029588,51.504304],[-0.029592,51.504296],[-0.02961,51.504262],[-0.029622,51.504203],[-0.029631,51.504166],[-0.029629,51.504109],[-0.029622,51.504003],[-0.029585,51.503746],[-0.029548,51.503539],[-0.029522,51.503421],[-0.029512,51.50336],[-0.029502,51.503303],[-0.029453,51.503083],[-0.029448,51.503042],[-0.029424,51.502949],[-0.02941,51.502884],[-0.029392,51.50282],[-0.029383,51.502778],[-0.029362,51.502683],[-0.029374,51.502625],[-0.02939,51.50255],[-0.029394,51.502518],[-0.029401,51.50246],[-0.029413,51.502372],[-0.029422,51.502235],[-0.029457,51.501841],[-0.029536,51.501119],[-0.029561,51.500935],[-0.029643,51.500488],[-0.029656,51.500374],[-0.029682,51.500204],[-0.029695,51.500114],[-0.029705,51.500054],[-0.029715,51.499995],[-0.02972,51.499966],[-0.029726,51.499937],[-0.029732,51.499904],[-0.029734,51.499898],[-0.029758,51.49979],[-0.029777,51.499702],[-0.029794,51.49963],[-0.029805,51.499582],[-0.029841,51.499436],[-0.029843,51.499423],[-0.029868,51.49931],[-0.02988,51.499215],[-0.0299,51.499116],[-0.029907,51.499055],[-0.029924,51.498933],[-0.029937,51.498848],[-0.029967,51.498593],[-0.029982,51.498498],[-0.029991,51.498417],[-0.029997,51.498381],[-0.030008,51.498245],[-0.030012,51.498147],[-0.03001,51.498088],[-0.030006,51.497994],[-0.030002,51.497885],[-0.03001,51.497819],[-0.030016,51.497755],[-0.030029,51.497625],[-0.030035,51.497579],[-0.030069,51.497336],[-0.030097,51.497063],[-0.030115,51.49685],[-0.030144,51.496578],[-0.030162,51.496412],[-0.030169,51.49634],[-0.030175,51.496269],[-0.030175,51.496241],[-0.030176,51.496164],[-0.03018,51.496104],[-0.03018,51.496013],[-0.030192,51.495741],[-0.030192,51.495718],[-0.030203,51.495613],[-0.030188,51.495488],[-0.030181,51.495334],[-0.030116,51.494672],[-0.030096,51.494424],[-0.030008,51.494088],[-0.02999,51.493985],[-0.029897,51.493569],[-0.02989,51.493534],[-0.029913,51.49353],[-0.030749,51.493379],[-0.031158,51.493306],[-0.031594,51.493228],[-0.031777,51.493195],[-0.031912,51.493171],[-0.031935,51.493167],[-0.032016,51.493108],[-0.03218,51.493083],[-0.032385,51.493053],[-0.032561,51.493022],[-0.032546,51.492992],[-0.032763,51.492948],[-0.032992,51.492903],[-0.033117,51.492877],[-0.033158,51.492868],[-0.03321,51.492857],[-0.033214,51.492862],[-0.033281,51.492987],[-0.033411,51.492971],[-0.033587,51.492946],[-0.033694,51.492931],[-0.033876,51.492899],[-0.034008,51.492873],[-0.034201,51.492835],[-0.034282,51.492816],[-0.034467,51.492771],[-0.034566,51.492745],[-0.034801,51.492702],[-0.035128,51.49264],[-0.035532,51.49256],[-0.035873,51.492492],[-0.03628,51.492412],[-0.036687,51.49233],[-0.036979,51.492272],[-0.037153,51.492238],[-0.037192,51.492232],[-0.037251,51.492224],[-0.037361,51.492217],[-0.037399,51.492217],[-0.037477,51.492219],[-0.03751,51.492221],[-0.037541,51.492224],[-0.037606,51.492232],[-0.037661,51.492241],[-0.037725,51.492253],[-0.037831,51.492281],[-0.037914,51.492307],[-0.038014,51.492342],[-0.038106,51.492379],[-0.038174,51.49241],[-0.03822,51.492433],[-0.038309,51.492487],[-0.038388,51.492541],[-0.038579,51.492674],[-0.038747,51.492786],[-0.038825,51.49284],[-0.038911,51.492875],[-0.039008,51.492908],[-0.039061,51.492925],[-0.039155,51.492949],[-0.039181,51.492955],[-0.039235,51.492966],[-0.039293,51.492975],[-0.039374,51.492984],[-0.03941,51.492986],[-0.039479,51.492989],[-0.039572,51.492992],[-0.039627,51.492992],[-0.039685,51.49299],[-0.039739,51.492985],[-0.0398,51.492977],[-0.039857,51.492967],[-0.039914,51.492956],[-0.040026,51.492931],[-0.040113,51.492909],[-0.040165,51.492895],[-0.040263,51.492861],[-0.040322,51.492842],[-0.040343,51.492836],[-0.040397,51.492822],[-0.040492,51.492797],[-0.040479,51.492779],[-0.040397,51.492671],[-0.040256,51.492484],[-0.040183,51.492387],[-0.04009,51.492263],[-0.040031,51.492182],[-0.040146,51.492143],[-0.04018,51.49213],[-0.040406,51.492048],[-0.040675,51.491955],[-0.040859,51.491889],[-0.040976,51.491847],[-0.041024,51.491831],[-0.040973,51.491773],[-0.040862,51.491654],[-0.040726,51.491508],[-0.040617,51.491394],[-0.040474,51.491243],[-0.040346,51.491114],[-0.040277,51.491045],[-0.040541,51.49095],[-0.040782,51.490863],[-0.041043,51.490769],[-0.041359,51.490655],[-0.041564,51.49058],[-0.041772,51.490508],[-0.041936,51.490449],[-0.041964,51.490438],[-0.042256,51.490332],[-0.042479,51.490251],[-0.042381,51.490182],[-0.042296,51.490119],[-0.042256,51.490089],[-0.04232,51.49006],[-0.042359,51.490044],[-0.042406,51.490027],[-0.042454,51.490009],[-0.042473,51.490004],[-0.042555,51.489999],[-0.042658,51.489996],[-0.042936,51.490007],[-0.043179,51.490019],[-0.04341,51.490031],[-0.043699,51.490047],[-0.043952,51.490059],[-0.04414,51.490068],[-0.044319,51.490078],[-0.044383,51.490082],[-0.044406,51.490085],[-0.044425,51.49009],[-0.044456,51.490101],[-0.044492,51.49012],[-0.04455,51.490168],[-0.044624,51.490244],[-0.044626,51.490246],[-0.044669,51.490292],[-0.044717,51.490337],[-0.04475,51.490396],[-0.044896,51.490373],[-0.045058,51.490354],[-0.045088,51.490351],[-0.045163,51.490342],[-0.045143,51.490304],[-0.045312,51.49028],[-0.045591,51.490239],[-0.045793,51.49021],[-0.045864,51.490235],[-0.046054,51.490305],[-0.046172,51.490349],[-0.046312,51.49035],[-0.046437,51.490349],[-0.046529,51.490348],[-0.046535,51.490524],[-0.046538,51.490598],[-0.046539,51.49063],[-0.046541,51.490669],[-0.046572,51.490662],[-0.046701,51.490634],[-0.046726,51.490628],[-0.046897,51.490587],[-0.047028,51.490555],[-0.047212,51.490511],[-0.047352,51.490478],[-0.047505,51.490441],[-0.047636,51.490409],[-0.047699,51.490394],[-0.047759,51.49038],[-0.047725,51.490327],[-0.047849,51.490298],[-0.047998,51.490263],[-0.048172,51.490223],[-0.048278,51.490198],[-0.048449,51.490158],[-0.048575,51.490129],[-0.048743,51.490089],[-0.048915,51.490048],[-0.049017,51.490023],[-0.049133,51.489996],[-0.049219,51.489976],[-0.049251,51.490027],[-0.049309,51.490013],[-0.049326,51.490009],[-0.049367,51.489999],[-0.04951,51.489965],[-0.049593,51.489946],[-0.049674,51.489927],[-0.049704,51.489921],[-0.049707,51.489914],[-0.049713,51.489895],[-0.049701,51.489853],[-0.049695,51.489835],[-0.049752,51.489825],[-0.049836,51.489809],[-0.049942,51.48979],[-0.049981,51.489783],[-0.05017,51.489749],[-0.050269,51.489731],[-0.05033,51.489722],[-0.050764,51.489655],[-0.050792,51.489648],[-0.050979,51.489603],[-0.051107,51.489572],[-0.051222,51.489544],[-0.051243,51.489539],[-0.051285,51.489526],[-0.051324,51.489511],[-0.05134,51.489504],[-0.051361,51.48949],[-0.051396,51.489468],[-0.05144,51.489441],[-0.051526,51.489387],[-0.051531,51.489384],[-0.051649,51.489306],[-0.051803,51.489203],[-0.051879,51.489153],[-0.051937,51.489115],[-0.051871,51.489078],[-0.051791,51.489032],[-0.05168,51.488986],[-0.051481,51.488905],[-0.051383,51.488865],[-0.051217,51.488796],[-0.051087,51.488744],[-0.050913,51.488674],[-0.050816,51.488635],[-0.0507,51.488589],[-0.050574,51.488537],[-0.050485,51.488501],[-0.050372,51.488456],[-0.050249,51.488406],[-0.050151,51.488365],[-0.050144,51.488362],[-0.050066,51.48833],[-0.050092,51.488304],[-0.050137,51.488261],[-0.050131,51.488258],[-0.050138,51.488251],[-0.050191,51.488202],[-0.05022,51.488174],[-0.050243,51.488152],[-0.050277,51.488169],[-0.050284,51.488161],[-0.050315,51.488132],[-0.050284,51.488117],[-0.050273,51.488111],[-0.050284,51.488101],[-0.050286,51.488099],[-0.05031,51.488078],[-0.05035,51.488042],[-0.050366,51.488028],[-0.050371,51.488023],[-0.05037,51.488008],[-0.050383,51.487995],[-0.050415,51.487966],[-0.050437,51.487946],[-0.050458,51.487927],[-0.050467,51.487919],[-0.050475,51.48792],[-0.050478,51.48792],[-0.050488,51.48792],[-0.050499,51.48792],[-0.050514,51.487918],[-0.050531,51.487913],[-0.050547,51.487908],[-0.050562,51.487902],[-0.050613,51.487879],[-0.050623,51.487885],[-0.050632,51.48788],[-0.050661,51.487896],[-0.050658,51.487899],[-0.050713,51.487931],[-0.050777,51.487907],[-0.050884,51.487866],[-0.050979,51.48783],[-0.051057,51.487816],[-0.051152,51.4878],[-0.051211,51.487792],[-0.051353,51.487772],[-0.0514,51.487777],[-0.051433,51.487779],[-0.051533,51.487786],[-0.051644,51.487793],[-0.051757,51.4878],[-0.051839,51.487805],[-0.051912,51.48781],[-0.052002,51.487816],[-0.052056,51.487819],[-0.052143,51.487813],[-0.052268,51.487805],[-0.052346,51.487801],[-0.05234,51.487798],[-0.052352,51.487789],[-0.052399,51.487754],[-0.052462,51.487705],[-0.05249,51.487672],[-0.052516,51.487641],[-0.052522,51.487643],[-0.052528,51.487635],[-0.052565,51.487586],[-0.052592,51.487552],[-0.052653,51.487569],[-0.052742,51.487594],[-0.052839,51.487622],[-0.052922,51.487645],[-0.053053,51.487682],[-0.053131,51.487704],[-0.053217,51.487728],[-0.053319,51.487757],[-0.053404,51.487781],[-0.053494,51.487806],[-0.053545,51.487821],[-0.05359,51.487833],[-0.053593,51.487829],[-0.053624,51.487844],[-0.053655,51.487859],[-0.053685,51.487869],[-0.053726,51.487881],[-0.053836,51.487911],[-0.053923,51.487934],[-0.053956,51.487942],[-0.053966,51.487945],[-0.05397,51.487941],[-0.053972,51.487938],[-0.05397,51.487937],[-0.053938,51.487905],[-0.053916,51.487881],[-0.053899,51.487864],[-0.053894,51.487855],[-0.053863,51.487804],[-0.053845,51.487769],[-0.053827,51.487734],[-0.053805,51.487692],[-0.053773,51.487631],[-0.053745,51.487583],[-0.053718,51.487535],[-0.053701,51.487503],[-0.053689,51.487486],[-0.05366,51.487444],[-0.053628,51.487398],[-0.053595,51.487354],[-0.053562,51.487313],[-0.053548,51.487297],[-0.053539,51.487283],[-0.05349,51.487219],[-0.053409,51.487115],[-0.053393,51.487096],[-0.053378,51.487079],[-0.053357,51.487058],[-0.053339,51.48704],[-0.05333,51.487031],[-0.053316,51.487018],[-0.053293,51.486999],[-0.053256,51.48697],[-0.05321,51.486937],[-0.053196,51.486938],[-0.053108,51.486945],[-0.053083,51.486925],[-0.053057,51.486905],[-0.053044,51.486894],[-0.053006,51.486863],[-0.052991,51.48685],[-0.052988,51.486847],[-0.052975,51.486832],[-0.052967,51.486825],[-0.052957,51.486812],[-0.052929,51.486775],[-0.052918,51.486755],[-0.052894,51.486711],[-0.052893,51.48671],[-0.052915,51.486678],[-0.052855,51.486684],[-0.052847,51.486645],[-0.052838,51.486596],[-0.052831,51.486554],[-0.052823,51.48651],[-0.052812,51.486457],[-0.052867,51.486453],[-0.052865,51.486437],[-0.05286,51.486408],[-0.052857,51.486393],[-0.052915,51.486391],[-0.052919,51.486368],[-0.052927,51.486326],[-0.052929,51.486318],[-0.052928,51.48631],[-0.052929,51.48629],[-0.052927,51.486278],[-0.052923,51.486234],[-0.05292,51.486206],[-0.052919,51.486195],[-0.052916,51.486181],[-0.052914,51.486168],[-0.052913,51.486164],[-0.052913,51.486153],[-0.052914,51.486117],[-0.052916,51.48609],[-0.052918,51.486061],[-0.052921,51.486033],[-0.052925,51.486004],[-0.052958,51.485999],[-0.053005,51.485991],[-0.053031,51.485986],[-0.053042,51.485984],[-0.053049,51.485982],[-0.053064,51.485978],[-0.053072,51.485976],[-0.053089,51.485971],[-0.053093,51.48597],[-0.05311,51.485964],[-0.053115,51.485963],[-0.05313,51.485958],[-0.053141,51.485955],[-0.053155,51.485953],[-0.053163,51.485951],[-0.053161,51.485949],[-0.053159,51.485941],[-0.053155,51.485928],[-0.053152,51.48592],[-0.053148,51.485912],[-0.053135,51.485878],[-0.053142,51.485876],[-0.053174,51.485871],[-0.053229,51.485863],[-0.053278,51.485856],[-0.053307,51.485851],[-0.053306,51.485845],[-0.053331,51.485839],[-0.053353,51.485833],[-0.053371,51.485828],[-0.053412,51.485818],[-0.053441,51.485812],[-0.053468,51.485807],[-0.053514,51.485799],[-0.053519,51.485776],[-0.053523,51.485753],[-0.053528,51.485725],[-0.053532,51.485706],[-0.053534,51.48568],[-0.053532,51.485649],[-0.05353,51.485633],[-0.05353,51.485624],[-0.053529,51.485618],[-0.053526,51.485601],[-0.053523,51.485585],[-0.053517,51.485548],[-0.053514,51.485522],[-0.053511,51.485501],[-0.053508,51.485478],[-0.0535,51.485479],[-0.053491,51.48546],[-0.053471,51.485425],[-0.05344,51.485374],[-0.053418,51.485336],[-0.053394,51.485297],[-0.053402,51.485296],[-0.053393,51.485281],[-0.053368,51.485281],[-0.053359,51.485272],[-0.053351,51.485266],[-0.053314,51.485241],[-0.053252,51.485197],[-0.053229,51.485199],[-0.053199,51.485197],[-0.053195,51.485189],[-0.053169,51.485187],[-0.053157,51.485186],[-0.053143,51.485184],[-0.053134,51.485181],[-0.053123,51.485178],[-0.053113,51.485173],[-0.053111,51.485171],[-0.0531,51.485163],[-0.053094,51.485157],[-0.053086,51.485146],[-0.053078,51.485125],[-0.053088,51.485124],[-0.053079,51.485098],[-0.053063,51.485037],[-0.053056,51.485038],[-0.053051,51.485015],[-0.053049,51.484986],[-0.053051,51.484977],[-0.053042,51.484921],[-0.053026,51.484819],[-0.05302,51.484786],[-0.053018,51.484759],[-0.053015,51.484752],[-0.053004,51.484721],[-0.053022,51.48472],[-0.053015,51.484689],[-0.052988,51.484685],[-0.052983,51.484654],[-0.052973,51.484609],[-0.052964,51.484568],[-0.052951,51.48451],[-0.052945,51.484487],[-0.052938,51.484461],[-0.052944,51.484462],[-0.052947,51.484445],[-0.052939,51.484444],[-0.052946,51.484427],[-0.052951,51.484419],[-0.052958,51.484411],[-0.052965,51.484404],[-0.052974,51.484397],[-0.052981,51.484393],[-0.05299,51.484388],[-0.053,51.484384],[-0.053011,51.48438],[-0.05302,51.484377],[-0.053027,51.484375],[-0.053034,51.484374],[-0.053037,51.484374],[-0.053045,51.484373],[-0.053053,51.484373],[-0.053051,51.484378],[-0.05307,51.484379],[-0.053072,51.484378],[-0.053094,51.484379],[-0.053083,51.484324],[-0.053069,51.484253],[-0.053057,51.484185],[-0.053046,51.484117],[-0.053034,51.484051],[-0.053023,51.483987],[-0.053014,51.483936],[-0.053001,51.483862],[-0.052992,51.483813],[-0.052987,51.483784],[-0.052975,51.483728],[-0.052973,51.483713],[-0.052963,51.483667],[-0.052956,51.483624],[-0.052947,51.483572],[-0.052949,51.48357],[-0.052945,51.483562],[-0.052943,51.483562],[-0.05294,51.483555],[-0.052794,51.483546],[-0.052789,51.483494],[-0.052786,51.483464],[-0.052902,51.483452],[-0.0529,51.483429],[-0.052898,51.48339],[-0.052957,51.483389],[-0.052951,51.483303],[-0.052941,51.483193],[-0.052929,51.482997],[-0.05293,51.482899],[-0.052933,51.482744],[-0.052782,51.482725],[-0.052786,51.482645],[-0.05286,51.482638],[-0.052875,51.482638],[-0.052897,51.482636],[-0.052912,51.482635],[-0.052934,51.482516],[-0.052934,51.482512],[-0.052944,51.482457],[-0.05295,51.482426],[-0.05297,51.482239],[-0.052979,51.482152],[-0.052983,51.482112],[-0.052985,51.4821],[-0.052986,51.482091],[-0.052988,51.482071],[-0.05299,51.482059],[-0.052991,51.482047],[-0.052984,51.482047],[-0.052986,51.482033],[-0.052991,51.482002],[-0.052997,51.481966],[-0.053002,51.481938],[-0.053006,51.481913],[-0.05301,51.48189],[-0.053014,51.481863],[-0.053019,51.481831],[-0.053024,51.481801],[-0.053027,51.481786],[-0.053032,51.481758],[-0.053037,51.481722],[-0.053043,51.48169],[-0.053047,51.481662],[-0.05305,51.481643],[-0.05305,51.481642],[-0.053055,51.481611],[-0.053059,51.481589],[-0.053063,51.481568],[-0.053065,51.481555],[-0.053067,51.481545],[-0.053075,51.48152],[-0.053085,51.481484],[-0.053093,51.481456],[-0.053102,51.481426],[-0.05311,51.481397],[-0.053111,51.481396],[-0.053118,51.481369],[-0.053127,51.48134],[-0.053133,51.481318],[-0.053141,51.481292],[-0.053148,51.481265],[-0.053156,51.48124],[-0.053166,51.481203],[-0.053177,51.481166],[-0.053181,51.481153],[-0.053196,51.481152],[-0.053197,51.481148],[-0.053206,51.481117],[-0.05322,51.481071],[-0.053223,51.481063],[-0.053229,51.481042],[-0.053236,51.481043],[-0.05323,51.481033],[-0.053204,51.481029],[-0.053137,51.481021],[-0.053123,51.481019],[-0.053076,51.481014],[-0.053088,51.480978],[-0.053097,51.48095],[-0.053106,51.480927],[-0.053099,51.480927],[-0.053106,51.480917],[-0.05311,51.480913],[-0.053123,51.480901],[-0.053138,51.480885],[-0.053158,51.480871],[-0.053189,51.480865],[-0.053254,51.480853],[-0.053253,51.480848],[-0.053249,51.480825],[-0.053261,51.480813],[-0.053278,51.480794],[-0.053282,51.480797],[-0.053318,51.480712],[-0.053349,51.480642],[-0.053409,51.480501],[-0.053494,51.480483],[-0.053488,51.480406],[-0.053482,51.480393],[-0.053477,51.480389],[-0.053449,51.480381],[-0.053387,51.48037],[-0.053327,51.48036],[-0.053337,51.480338],[-0.053352,51.480307],[-0.053421,51.480317],[-0.053488,51.480327],[-0.053502,51.480328],[-0.053507,51.480327],[-0.053516,51.480324],[-0.053518,51.480322],[-0.053523,51.480318],[-0.053528,51.480309],[-0.053536,51.480294],[-0.053539,51.480293],[-0.053552,51.480269],[-0.053541,51.48024],[-0.0535,51.480231],[-0.053484,51.480213],[-0.053471,51.480196],[-0.05346,51.48018],[-0.053454,51.48017],[-0.053448,51.480158],[-0.053445,51.480123],[-0.053451,51.480092],[-0.053473,51.48004],[-0.053495,51.479991],[-0.053576,51.47983],[-0.05359,51.479802],[-0.053593,51.479798],[-0.053657,51.479812],[-0.053762,51.479643],[-0.053851,51.479482],[-0.053843,51.47948],[-0.053874,51.479422],[-0.053896,51.47938],[-0.053924,51.479325],[-0.053934,51.479322],[-0.05394,51.479305],[-0.053953,51.479276],[-0.053975,51.479221],[-0.05393,51.479205],[-0.053976,51.47913],[-0.053983,51.479132],[-0.054032,51.479058],[-0.054139,51.478889],[-0.05425,51.478716],[-0.054309,51.478624],[-0.054295,51.478619],[-0.054235,51.478596],[-0.054123,51.478554],[-0.05408,51.478537],[-0.054016,51.478513],[-0.053496,51.478315],[-0.053173,51.478192],[-0.052688,51.478014],[-0.052688,51.477993],[-0.05269,51.477683],[-0.052689,51.477445],[-0.052694,51.477057],[-0.052696,51.476823],[-0.052699,51.476486],[-0.052703,51.476184],[-0.052705,51.47584],[-0.052706,51.47562],[-0.052705,51.475242],[-0.052708,51.474847],[-0.052713,51.474625],[-0.052717,51.474392],[-0.052716,51.474187],[-0.052714,51.47396],[-0.052716,51.473707],[-0.052716,51.473469],[-0.052716,51.473283],[-0.052714,51.473103],[-0.052713,51.473072],[-0.052728,51.473012],[-0.052737,51.472991],[-0.052742,51.47297],[-0.052727,51.472908],[-0.052682,51.472773],[-0.0526,51.472528],[-0.052533,51.472329],[-0.052459,51.472122],[-0.052408,51.471961],[-0.052378,51.471872],[-0.052378,51.471871],[-0.052345,51.471787],[-0.052275,51.471565],[-0.052188,51.471311],[-0.052123,51.471114],[-0.052057,51.470913],[-0.051992,51.470724],[-0.051955,51.47061],[-0.051802,51.470159],[-0.051738,51.469963],[-0.051688,51.469819],[-0.051672,51.469767],[-0.051661,51.469746],[-0.051658,51.469716],[-0.051667,51.469686],[-0.051743,51.469616],[-0.051759,51.469602],[-0.051974,51.469445],[-0.052116,51.46934],[-0.05227,51.469226],[-0.052112,51.469059],[-0.052015,51.468955],[-0.05178,51.468702],[-0.051663,51.46858],[-0.051654,51.46857],[-0.092369,51.46924],[-0.092387,51.469267],[-0.092497,51.46944],[-0.092552,51.469522],[-0.092667,51.469693],[-0.092719,51.46979],[-0.092757,51.469869],[-0.092792,51.469958],[-0.0928,51.469988],[-0.092836,51.470156],[-0.092879,51.470366],[-0.092929,51.470637],[-0.092948,51.470773],[-0.092951,51.470812],[-0.092952,51.470925],[-0.092969,51.471259],[-0.092982,51.471525],[-0.092993,51.471723],[-0.093012,51.471957],[-0.093015,51.472029],[-0.093016,51.472052],[-0.093023,51.472117],[-0.093046,51.472111],[-0.093119,51.472091],[-0.093158,51.47207],[-0.093195,51.47205],[-0.093234,51.472025],[-0.093284,51.471993],[-0.093319,51.471971],[-0.093351,51.471953],[-0.093374,51.471937],[-0.093402,51.471917],[-0.09344,51.471889],[-0.093493,51.471848],[-0.093529,51.47182],[-0.093546,51.471806],[-0.093572,51.471785],[-0.093589,51.47177],[-0.093611,51.471749],[-0.09362,51.471741],[-0.093626,51.471735],[-0.093629,51.47173],[-0.093653,51.471683],[-0.093677,51.471617],[-0.093735,51.47149],[-0.093769,51.471414],[-0.093808,51.471309],[-0.093842,51.47122],[-0.093897,51.471083],[-0.09391,51.471046],[-0.093949,51.470948],[-0.093964,51.470911],[-0.093987,51.470865],[-0.094006,51.47083],[-0.094023,51.470806],[-0.094048,51.470773],[-0.094087,51.470726],[-0.094116,51.470696],[-0.094143,51.470673],[-0.094202,51.470631],[-0.094366,51.470535],[-0.094459,51.470487],[-0.094564,51.470434],[-0.094721,51.470356],[-0.09487,51.470299],[-0.095101,51.470207],[-0.095657,51.46999],[-0.095975,51.469867],[-0.096122,51.469977],[-0.096436,51.470203],[-0.096619,51.470337],[-0.096795,51.470462],[-0.096984,51.470595],[-0.097116,51.470688],[-0.097231,51.470768],[-0.097288,51.470805],[-0.097507,51.470953],[-0.097653,51.47105],[-0.098005,51.471286],[-0.098341,51.471517],[-0.098592,51.471691],[-0.098829,51.471872],[-0.09891,51.471938],[-0.098989,51.472006],[-0.099031,51.472048],[-0.099087,51.472113],[-0.099132,51.47217],[-0.099147,51.472191],[-0.099167,51.472216],[-0.099194,51.472254],[-0.099231,51.472307],[-0.099245,51.472331],[-0.099254,51.472347],[-0.099286,51.472413],[-0.099315,51.472483],[-0.099339,51.472548],[-0.09936,51.472626],[-0.099362,51.472631],[-0.099365,51.472643],[-0.09937,51.472661],[-0.099389,51.472726],[-0.099396,51.472744],[-0.09942,51.47282],[-0.099441,51.472872],[-0.099476,51.472959],[-0.099494,51.47301],[-0.099516,51.473066],[-0.099558,51.473149],[-0.099599,51.473221],[-0.099618,51.473251],[-0.099657,51.473295],[-0.099693,51.473336],[-0.099792,51.473438],[-0.099971,51.473625],[-0.100032,51.473688],[-0.100069,51.473727],[-0.100155,51.473807],[-0.100228,51.473879],[-0.100259,51.473912],[-0.100263,51.473916],[-0.100313,51.473971],[-0.100362,51.474024],[-0.100417,51.474084],[-0.1005,51.474179],[-0.100539,51.474225],[-0.100554,51.474241],[-0.100572,51.474264],[-0.100582,51.474279],[-0.100604,51.474314],[-0.100613,51.474331],[-0.100625,51.474354],[-0.100632,51.474369],[-0.100637,51.474382],[-0.100639,51.474386],[-0.100642,51.474394],[-0.100648,51.474414],[-0.100652,51.474431],[-0.100654,51.474447],[-0.100655,51.474468],[-0.100656,51.474497],[-0.100653,51.474549],[-0.100645,51.474625],[-0.100631,51.474702],[-0.100603,51.474843],[-0.100572,51.474987],[-0.10054,51.475139],[-0.100524,51.475224],[-0.100498,51.475368],[-0.100465,51.475554],[-0.100443,51.475683],[-0.100418,51.475834],[-0.100398,51.475957],[-0.100364,51.476124],[-0.100336,51.476237],[-0.100316,51.476308],[-0.100277,51.476424],[-0.100265,51.476453],[-0.100235,51.47651],[-0.100207,51.476558],[-0.100135,51.476671],[-0.100098,51.476714],[-0.099972,51.476864],[-0.099978,51.476866],[-0.100108,51.476923],[-0.100164,51.476948],[-0.10022,51.476967],[-0.100327,51.477012],[-0.100603,51.477127],[-0.100978,51.477281],[-0.10145,51.477472],[-0.10158,51.477527],[-0.101847,51.477644],[-0.102042,51.477727],[-0.100711,51.509764]]]}},
{"type":"Feature","properties":{"layer":"London_Boroughs","id":13,"OBJECTID":13,"NAME":"Lewisham London Boro","AREA_CODE":"LBO","DESCRIPTIO":"London Borough","FILE_NAME":"GREATER_LONDON_AUTHORITY","NUMBER":304,"NUMBER0":304,"POLYGON_ID":51209,"UNIT_ID":11039,"CODE":"E09000023","HECTARES":3531.398,"AREA":16.786,"TYPE_CODE":"AA","DESCRIPT0":"CIVIL ADMINISTRATION AREA","TYPE_COD0":" ","DESCRIPT1":" ","Shape_Length":41053.30276327076,"Shape_Area":35313983.082628146,"clipped_to_zone":true,"in_cw":false,"whole_in_zone":false},"geometry":{"type":"Polygon","coordinates":[[[-0.029732,51.492876],[-0.029685,51.492796],[-0.029594,51.492642],[-0.029515,51.492509],[-0.02944,51.492381],[-0.029359,51.492243],[-0.029301,51.492145],[-0.029222,51.492009],[-0.029159,51.491905],[-0.029073,51.491765],[-0.028997,51.491644],[-0.028981,51.49162],[-0.028943,51.491573],[-0.028897,51.49151],[-0.028811,51.491399],[-0.028718,51.491274],[-0.028617,51.491137],[-0.028521,51.491006],[-0.028428,51.490879],[-0.028317,51.490732],[-0.028248,51.490638],[-0.028209,51.490585],[-0.028144,51.490496],[-0.028092,51.490423],[-0.028051,51.49038],[-0.02801,51.490325],[-0.027962,51.490252],[-0.027925,51.490196],[-0.027871,51.49012],[-0.027831,51.490067],[-0.027794,51.490023],[-0.027765,51.489988],[-0.027701,51.489914],[-0.02761,51.489813],[-0.027547,51.489745],[-0.027474,51.489667],[-0.0274,51.489588],[-0.027324,51.489508],[-0.027289,51.48947],[-0.027259,51.489435],[-0.026995,51.489198],[-0.026591,51.488855],[-0.026219,51.488583],[-0.025305,51.48792],[-0.024667,51.487485],[-0.02425,51.487232],[-0.023761,51.486962],[-0.023505,51.486841],[-0.02341,51.486803],[-0.023452,51.486769],[-0.023543,51.486697],[-0.023623,51.486634],[-0.023841,51.486462],[-0.024004,51.486333],[-0.02411,51.486249],[-0.02421,51.48617],[-0.024315,51.486087],[-0.024417,51.486007],[-0.024522,51.485924],[-0.024588,51.485872],[-0.024634,51.485807],[-0.024673,51.48575],[-0.024741,51.485649],[-0.0248,51.485563],[-0.024845,51.4855],[-0.024925,51.485392],[-0.024975,51.485326],[-0.025027,51.485247],[-0.025078,51.485167],[-0.025123,51.485095],[-0.025167,51.485023],[-0.025181,51.484969],[-0.025188,51.484944],[-0.025186,51.484916],[-0.025188,51.484903],[-0.025188,51.484893],[-0.025187,51.484854],[-0.025187,51.484853],[-0.025186,51.484835],[-0.025188,51.484823],[-0.025196,51.484781],[-0.025205,51.484728],[-0.025215,51.484667],[-0.025225,51.484606],[-0.025231,51.484569],[-0.025239,51.484519],[-0.025248,51.484464],[-0.025256,51.484415],[-0.025263,51.484372],[-0.02527,51.484332],[-0.02528,51.48427],[-0.025288,51.484223],[-0.0253,51.484153],[-0.025352,51.484005],[-0.025513,51.483562],[-0.025532,51.483488],[-0.025545,51.483439],[-0.025554,51.483408],[-0.02555,51.483374],[-0.02556,51.483252],[-0.025564,51.483224],[-0.025596,51.483145],[-0.025615,51.483038],[-0.02564,51.482897],[-0.025668,51.482737],[-0.025688,51.482624],[-0.025711,51.482477],[-0.025722,51.482395],[-0.025739,51.482326],[-0.025756,51.482206],[-0.025758,51.482178],[-0.025762,51.482151],[-0.025777,51.482108],[-0.025807,51.482054],[-0.025864,51.48197],[-0.025896,51.481925],[-0.025929,51.481892],[-0.02595,51.481873],[-0.025996,51.481837],[-0.026059,51.481788],[-0.026161,51.481711],[-0.026257,51.481634],[-0.026305,51.481585],[-0.026324,51.481562],[-0.026341,51.481541],[-0.026373,51.481496],[-0.026261,51.481476],[-0.026078,51.48144],[-0.025896,51.481404],[-0.025711,51.481368],[-0.025391,51.481302],[-0.025141,51.481248],[-0.02466,51.481137],[-0.024412,51.481077],[-0.023399,51.480829],[-0.023345,51.48081],[-0.023282,51.480781],[-0.023227,51.480744],[-0.023178,51.480699],[-0.023153,51.480667],[-0.023139,51.480597],[-0.023106,51.480383],[-0.02308,51.480209],[-0.023066,51.480119],[-0.023052,51.479982],[-0.023046,51.479867],[-0.02304,51.479688],[-0.02304,51.479665],[-0.022971,51.479669],[-0.022901,51.479676],[-0.022815,51.479683],[-0.02265,51.479698],[-0.022522,51.47971],[-0.022461,51.479716],[-0.022349,51.479726],[-0.02221,51.479738],[-0.02206,51.479751],[-0.021903,51.479765],[-0.021892,51.479766],[-0.021732,51.479781],[-0.021573,51.479796],[-0.021424,51.47981],[-0.02126,51.479826],[-0.021081,51.479843],[-0.020956,51.479855],[-0.020815,51.479869],[-0.020619,51.479886],[-0.020459,51.479901],[-0.020308,51.479914],[-0.020335,51.480001],[-0.02036,51.480084],[-0.020388,51.480175],[-0.020401,51.480219],[-0.020304,51.48025],[-0.020178,51.480291],[-0.020065,51.480326],[-0.01988,51.480386],[-0.019806,51.480409],[-0.019775,51.480418],[-0.019721,51.480436],[-0.019678,51.480449],[-0.019499,51.480507],[-0.019334,51.480561],[-0.019138,51.480624],[-0.018979,51.480676],[-0.018832,51.480724],[-0.018791,51.480737],[-0.01871,51.480761],[-0.018652,51.480774],[-0.01859,51.480788],[-0.018497,51.480802],[-0.018474,51.480806],[-0.018368,51.480818],[-0.018232,51.480832],[-0.017988,51.480856],[-0.017834,51.48087],[-0.017801,51.480873],[-0.017792,51.480864],[-0.017787,51.480859],[-0.017758,51.480839],[-0.017749,51.480829],[-0.01774,51.480817],[-0.017734,51.480803],[-0.017726,51.48079],[-0.017714,51.480777],[-0.017701,51.480768],[-0.017689,51.480762],[-0.017679,51.480756],[-0.017661,51.480748],[-0.017655,51.480744],[-0.017624,51.480727],[-0.017576,51.480698],[-0.01753,51.48067],[-0.017475,51.480637],[-0.017457,51.480625],[-0.017428,51.480608],[-0.017302,51.480532],[-0.017207,51.480475],[-0.017102,51.480411],[-0.016972,51.480331],[-0.016834,51.480246],[-0.016867,51.480208],[-0.016887,51.480186],[-0.01692,51.48015],[-0.016923,51.480148],[-0.016937,51.48013],[-0.016954,51.480112],[-0.016956,51.48011],[-0.016962,51.480104],[-0.016981,51.480091],[-0.016992,51.480083],[-0.017016,51.480069],[-0.017045,51.480052],[-0.017069,51.48004],[-0.017083,51.480034],[-0.017113,51.480022],[-0.01715,51.480009],[-0.017223,51.479989],[-0.017267,51.47998],[-0.017336,51.47997],[-0.017378,51.479964],[-0.017451,51.479956],[-0.017654,51.479939],[-0.017804,51.479926],[-0.017883,51.47992],[-0.018037,51.479906],[-0.018151,51.479896],[-0.018204,51.479894],[-0.018256,51.479888],[-0.018292,51.479881],[-0.018382,51.479856],[-0.018465,51.479818],[-0.018488,51.479807],[-0.018527,51.47978],[-0.018556,51.47976],[-0.018602,51.47973],[-0.018638,51.479707],[-0.018727,51.479648],[-0.01877,51.479615],[-0.018798,51.479581],[-0.018832,51.479544],[-0.018859,51.479518],[-0.018892,51.479483],[-0.018901,51.479475],[-0.018912,51.479461],[-0.018925,51.479448],[-0.018941,51.479432],[-0.018961,51.479391],[-0.018966,51.47936],[-0.018979,51.47932],[-0.01899,51.479296],[-0.019011,51.479272],[-0.019031,51.479251],[-0.019057,51.479213],[-0.019073,51.479193],[-0.019077,51.479161],[-0.019077,51.479125],[-0.019073,51.479062],[-0.019073,51.479045],[-0.019075,51.479033],[-0.019079,51.479024],[-0.019082,51.479008],[-0.01909,51.478983],[-0.019097,51.478963],[-0.019105,51.478937],[-0.019107,51.478907],[-0.019108,51.478899],[-0.019106,51.478869],[-0.019103,51.478845],[-0.019103,51.478809],[-0.019109,51.478772],[-0.019112,51.478741],[-0.019113,51.478702],[-0.019115,51.478687],[-0.019115,51.478655],[-0.019113,51.478602],[-0.019112,51.478564],[-0.019101,51.478519],[-0.019104,51.478464],[-0.0191,51.478417],[-0.0191,51.478412],[-0.019109,51.478349],[-0.019118,51.478299],[-0.019137,51.478213],[-0.019142,51.478192],[-0.019146,51.478171],[-0.01915,51.47815],[-0.019156,51.478131],[-0.019159,51.478109],[-0.019171,51.478067],[-0.019178,51.478013],[-0.019186,51.477973],[-0.019188,51.477941],[-0.019184,51.477917],[-0.019182,51.477878],[-0.019162,51.477812],[-0.019138,51.477737],[-0.019125,51.47769],[-0.019106,51.477616],[-0.019062,51.477487],[-0.019054,51.477433],[-0.019049,51.477404],[-0.019061,51.477337],[-0.019067,51.477312],[-0.019097,51.477252],[-0.019111,51.477237],[-0.019129,51.477219],[-0.019149,51.477205],[-0.01921,51.477177],[-0.019269,51.477158],[-0.019386,51.477127],[-0.019406,51.477123],[-0.019469,51.47711],[-0.019659,51.477081],[-0.019884,51.477038],[-0.019967,51.477016],[-0.020016,51.477001],[-0.020088,51.476976],[-0.020149,51.476952],[-0.020175,51.476942],[-0.020213,51.476923],[-0.02032,51.476867],[-0.02047,51.476795],[-0.02051,51.476775],[-0.020543,51.47675],[-0.020568,51.476733],[-0.020595,51.476709],[-0.020643,51.476656],[-0.020668,51.47663],[-0.0207,51.476591],[-0.020738,51.476534],[-0.020756,51.476479],[-0.020757,51.476437],[-0.020754,51.476418],[-0.020751,51.476365],[-0.020744,51.476321],[-0.020735,51.476285],[-0.020721,51.476233],[-0.020699,51.476165],[-0.020687,51.476133],[-0.020673,51.476083],[-0.020658,51.476045],[-0.020636,51.475955],[-0.02063,51.475924],[-0.020629,51.475906],[-0.020632,51.475901],[-0.020634,51.47587],[-0.020636,51.475864],[-0.020647,51.475839],[-0.020656,51.475807],[-0.020679,51.475776],[-0.020711,51.475716],[-0.020744,51.475673],[-0.020771,51.475634],[-0.020819,51.475599],[-0.020864,51.475574],[-0.020908,51.47555],[-0.020933,51.475542],[-0.020982,51.475532],[-0.02103,51.475528],[-0.021101,51.475521],[-0.021181,51.475519],[-0.021307,51.475511],[-0.021401,51.475505],[-0.021573,51.475499],[-0.021774,51.475491],[-0.021961,51.47548],[-0.022062,51.475471],[-0.022124,51.475458],[-0.022174,51.475444],[-0.022213,51.475428],[-0.022266,51.475408],[-0.022292,51.475399],[-0.022321,51.475393],[-0.022445,51.475369],[-0.022477,51.475367],[-0.022539,51.475365],[-0.022576,51.475368],[-0.022614,51.475368],[-0.022656,51.475368],[-0.0227,51.475365],[-0.022724,51.475361],[-0.022762,51.475356],[-0.022807,51.475343],[-0.022826,51.475335],[-0.022861,51.475312],[-0.0229,51.475264],[-0.022912,51.475232],[-0.022913,51.475164],[-0.02287,51.475056],[-0.022822,51.474926],[-0.022791,51.47483],[-0.022781,51.474802],[-0.02277,51.474747],[-0.022764,51.474721],[-0.02276,51.474677],[-0.022768,51.474608],[-0.022774,51.474557],[-0.022782,51.474515],[-0.022792,51.474466],[-0.022796,51.474446],[-0.0228,51.474381],[-0.022797,51.474359],[-0.022791,51.474336],[-0.022781,51.47431],[-0.022778,51.474305],[-0.022703,51.474298],[-0.022695,51.474276],[-0.022678,51.47425],[-0.022656,51.474223],[-0.02263,51.474193],[-0.022616,51.474173],[-0.0226,51.474146],[-0.022582,51.474112],[-0.022564,51.474111],[-0.022477,51.47411],[-0.022309,51.474094],[-0.022277,51.47409],[-0.022159,51.474071],[-0.022119,51.474061],[-0.022084,51.474048],[-0.02202,51.474028],[-0.021907,51.47399],[-0.021843,51.473968],[-0.021802,51.473997],[-0.021714,51.473957],[-0.021661,51.473938],[-0.021678,51.473911],[-0.021607,51.473886],[-0.021562,51.473872],[-0.021533,51.473864],[-0.021471,51.473842],[-0.021407,51.473819],[-0.021315,51.473789],[-0.021275,51.473776],[-0.021186,51.473732],[-0.021155,51.473718],[-0.021076,51.473678],[-0.021001,51.473639],[-0.020925,51.473599],[-0.020909,51.473589],[-0.020886,51.473573],[-0.020877,51.473557],[-0.020863,51.473538],[-0.02083,51.473491],[-0.020767,51.473397],[-0.020742,51.473349],[-0.020734,51.473333],[-0.020726,51.473314],[-0.020711,51.473259],[-0.020669,51.473202],[-0.020659,51.473192],[-0.020614,51.473189],[-0.020571,51.473182],[-0.020547,51.473179],[-0.020515,51.473177],[-0.02046,51.473177],[-0.020432,51.473177],[-0.020359,51.473179],[-0.020262,51.473173],[-0.020224,51.473157],[-0.020174,51.473134],[-0.020127,51.473108],[-0.020095,51.47309],[-0.020076,51.473078],[-0.020015,51.473034],[-0.019978,51.473006],[-0.019973,51.473002],[-0.019966,51.472992],[-0.019964,51.472951],[-0.019989,51.472899],[-0.019997,51.472845],[-0.020006,51.472805],[-0.020019,51.47277],[-0.020035,51.472745],[-0.020057,51.472714],[-0.02009,51.472678],[-0.020108,51.472658],[-0.020139,51.472624],[-0.020183,51.47258],[-0.020211,51.472549],[-0.020266,51.472497],[-0.020272,51.472491],[-0.020279,51.472478],[-0.020289,51.472465],[-0.020313,51.47242],[-0.02033,51.472397],[-0.02033,51.472385],[-0.020326,51.472371],[-0.020319,51.472344],[-0.020312,51.47232],[-0.020312,51.472305],[-0.020302,51.472295],[-0.020279,51.472273],[-0.020241,51.472237],[-0.020221,51.472216],[-0.020182,51.472179],[-0.020148,51.472147],[-0.020061,51.47209],[-0.020018,51.472068],[-0.019957,51.472053],[-0.019922,51.472045],[-0.01984,51.472037],[-0.019803,51.472037],[-0.019767,51.47204],[-0.019713,51.472042],[-0.019675,51.472045],[-0.01955,51.472056],[-0.019459,51.472061],[-0.019417,51.472065],[-0.019385,51.472065],[-0.019321,51.472047],[-0.019302,51.472036],[-0.019297,51.472021],[-0.019277,51.471973],[-0.019267,51.471949],[-0.019257,51.471911],[-0.019238,51.47185],[-0.019232,51.471821],[-0.019221,51.471791],[-0.019209,51.47176],[-0.0192,51.471708],[-0.019189,51.471638],[-0.019162,51.471509],[-0.019152,51.471445],[-0.01913,51.471352],[-0.019092,51.471257],[-0.019046,51.471202],[-0.019005,51.471159],[-0.018848,51.47121],[-0.018818,51.471169],[-0.018921,51.47113],[-0.018937,51.471077],[-0.018945,51.471075],[-0.018908,51.471024],[-0.018823,51.470907],[-0.018775,51.470839],[-0.018719,51.470765],[-0.018659,51.470686],[-0.018871,51.470605],[-0.018958,51.470572],[-0.019004,51.470633],[-0.019014,51.470646],[-0.019104,51.470601],[-0.019208,51.470546],[-0.019224,51.470533],[-0.019245,51.470507],[-0.019252,51.470485],[-0.019256,51.470447],[-0.019256,51.470435],[-0.019248,51.47041],[-0.019232,51.470377],[-0.019197,51.47032],[-0.01918,51.470295],[-0.019131,51.470234],[-0.019104,51.470203],[-0.019046,51.470138],[-0.018989,51.470073],[-0.019066,51.470033],[-0.019114,51.470009],[-0.019026,51.469954],[-0.018978,51.46993],[-0.018846,51.46986],[-0.018718,51.469793],[-0.018594,51.469728],[-0.018521,51.469699],[-0.018462,51.469678],[-0.018356,51.469643],[-0.018299,51.469628],[-0.018198,51.469601],[-0.018135,51.469583],[-0.018021,51.469548],[-0.017983,51.469539],[-0.017936,51.46953],[-0.017877,51.469522],[-0.017842,51.469518],[-0.017715,51.46951],[-0.017672,51.469505],[-0.017618,51.469493],[-0.017605,51.469491],[-0.01757,51.469487],[-0.017502,51.469481],[-0.017477,51.469478],[-0.017427,51.469469],[-0.017374,51.469459],[-0.017336,51.469451],[-0.017304,51.469442],[-0.017278,51.469429],[-0.01726,51.469416],[-0.017236,51.469395],[-0.017178,51.469343],[-0.017161,51.469328],[-0.017098,51.469268],[-0.017062,51.469234],[-0.016986,51.469161],[-0.016891,51.469072],[-0.01687,51.469083],[-0.016863,51.469086],[-0.016818,51.469108],[-0.016783,51.469128],[-0.016751,51.469147],[-0.016684,51.469189],[-0.016577,51.469251],[-0.016562,51.46926],[-0.016523,51.469195],[-0.016491,51.469146],[-0.016439,51.469063],[-0.016419,51.469036],[-0.016363,51.46897],[-0.016334,51.468937],[-0.016287,51.468889],[-0.016224,51.468826],[-0.01614,51.468736],[-0.016087,51.468686],[-0.016038,51.468643],[-0.015965,51.468589],[-0.015718,51.46843],[-0.015459,51.468272],[-0.015208,51.468119],[-0.015127,51.468072],[-0.015086,51.468053],[-0.015062,51.468044],[-0.014989,51.46805],[-0.014923,51.468086],[-0.014826,51.46814],[-0.014605,51.468259],[-0.014239,51.468429],[-0.01393,51.46857],[-0.013571,51.468733],[-0.013279,51.468867],[-0.013106,51.468939],[-0.013108,51.468941],[-0.013111,51.468945],[-0.013116,51.46895],[-0.013119,51.468955],[-0.013124,51.46896],[-0.01313,51.468967],[-0.013136,51.468974],[-0.01314,51.468979],[-0.013144,51.468984],[-0.013148,51.468989],[-0.013153,51.468994],[-0.013157,51.468999],[-0.013161,51.469004],[-0.013175,51.469021],[-0.013197,51.469049],[-0.013223,51.46908],[-0.013242,51.469104],[-0.013313,51.469192],[-0.013484,51.469403],[-0.013714,51.46967],[-0.013913,51.469904],[-0.013978,51.469989],[-0.014006,51.470026],[-0.014071,51.470127],[-0.014094,51.470165],[-0.014262,51.47043],[-0.014413,51.470662],[-0.014446,51.470715],[-0.014518,51.470855],[-0.014536,51.470889],[-0.014571,51.470949],[-0.014651,51.471103],[-0.014703,51.47119],[-0.014829,51.471377],[-0.014868,51.471426],[-0.014963,51.471541],[-0.015147,51.471749],[-0.015028,51.471793],[-0.014965,51.471825],[-0.014906,51.471844],[-0.014812,51.471871],[-0.014734,51.471885],[-0.014586,51.4719],[-0.014528,51.471903],[-0.014516,51.471945],[-0.014506,51.471973],[-0.014509,51.472023],[-0.014517,51.472129],[-0.014519,51.472162],[-0.014497,51.472173],[-0.014476,51.472193],[-0.014443,51.472228],[-0.014414,51.472258],[-0.014355,51.472318],[-0.014384,51.47233],[-0.01432,51.472404],[-0.014266,51.472466],[-0.014245,51.472491],[-0.014177,51.472553],[-0.014119,51.472606],[-0.014057,51.472661],[-0.014046,51.472671],[-0.013955,51.472631],[-0.013833,51.472577],[-0.013726,51.47253],[-0.013646,51.472493],[-0.013631,51.472488],[-0.013615,51.472481],[-0.01355,51.472458],[-0.013498,51.472443],[-0.013505,51.472428],[-0.013415,51.472408],[-0.013353,51.472396],[-0.01326,51.472381],[-0.013155,51.472369],[-0.01305,51.472358],[-0.012994,51.472353],[-0.01287,51.472348],[-0.012756,51.472346],[-0.012727,51.472348],[-0.012563,51.472343],[-0.012479,51.472346],[-0.012384,51.47235],[-0.012281,51.472356],[-0.011914,51.472377],[-0.01166,51.472394],[-0.01154,51.472407],[-0.01136,51.472429],[-0.010869,51.472492],[-0.0103,51.472568],[-0.009976,51.47261],[-0.009801,51.472633],[-0.009411,51.472684],[-0.009076,51.472723],[-0.008817,51.472747],[-0.00865,51.472756],[-0.008372,51.472761],[-0.008292,51.472762],[-0.00823,51.47276],[-0.008103,51.472747],[-0.007979,51.472726],[-0.007707,51.472683],[-0.007383,51.472634],[-0.007296,51.472621],[-0.007172,51.472603],[-0.006683,51.472551],[-0.006511,51.472529],[-0.006323,51.472502],[-0.005861,51.472438],[-0.005752,51.472422],[-0.005402,51.472374],[-0.005224,51.47235],[-0.005033,51.472323],[-0.004875,51.472301],[-0.004636,51.472267],[-0.004398,51.472233],[-0.004004,51.472178],[-0.003646,51.472128],[-0.003463,51.472102],[-0.003211,51.472066],[-0.002975,51.472034],[-0.002779,51.472007],[-0.002547,51.471975],[-0.002319,51.471944],[-0.001982,51.471898],[-0.001667,51.471856],[-0.001447,51.47183],[-0.001269,51.471816],[-0.001102,51.471808],[-0.000958,51.471803],[-0.000898,51.471803],[-0.000751,51.47181],[-0.000648,51.471816],[-0.000524,51.471822],[-0.000391,51.471829],[-0.000254,51.471834],[-0.000139,51.471837],[-0.000053,51.47184],[0.000243,51.471867],[0.000391,51.471879],[0.000428,51.471883],[0.000523,51.471892],[0.000644,51.471905],[0.000809,51.471924],[0.001044,51.47195],[0.001329,51.471983],[0.001575,51.47201],[0.001792,51.472035],[0.001903,51.472047],[0.002141,51.472074],[0.002492,51.472114],[0.002849,51.472154],[0.003162,51.47219],[0.003517,51.472229],[0.003669,51.472247],[0.003912,51.472274],[0.004139,51.4723],[0.004245,51.472312],[0.004369,51.472325],[0.004431,51.472332],[0.004516,51.472342],[0.004582,51.472349],[0.004672,51.472359],[0.004749,51.472368],[0.004863,51.47238],[0.004959,51.472391],[0.005013,51.472397],[0.005119,51.472409],[0.005168,51.472415],[0.005236,51.472422],[0.00532,51.472432],[0.005411,51.472442],[0.005473,51.472448],[0.005564,51.472459],[0.005649,51.472468],[0.00572,51.472476],[0.005807,51.472486],[0.005942,51.472501],[0.006185,51.472528],[0.006524,51.472565],[0.007133,51.472634],[0.007777,51.472705],[0.00853,51.472789],[0.009101,51.472852],[0.009804,51.472916],[0.010174,51.472949],[0.011041,51.473053],[0.011547,51.47311],[0.012113,51.473169],[0.012174,51.473176],[0.012326,51.473194],[0.01247,51.47321],[0.01261,51.473227],[0.012752,51.473243],[0.012865,51.473256],[0.012975,51.473269],[0.013115,51.473285],[0.013253,51.473301],[0.013376,51.473315],[0.013462,51.473325],[0.013593,51.47334],[0.014665,51.473463],[0.015487,51.473552],[0.01592,51.4736],[0.016376,51.473657],[0.017054,51.473741],[0.017963,51.47383],[0.017976,51.473763],[0.017976,51.473755],[0.017971,51.473748],[0.017956,51.47374],[0.01793,51.473733],[0.017799,51.473701],[0.017426,51.473616],[0.017042,51.473527],[0.016696,51.473448],[0.016206,51.473335],[0.015438,51.473159],[0.015323,51.473133],[0.015001,51.473081],[0.014979,51.472911],[0.01499,51.472777],[0.015019,51.47257],[0.015027,51.472547],[0.015044,51.472477],[0.015101,51.472323],[0.015174,51.472128],[0.01522,51.472019],[0.015272,51.471901],[0.015353,51.471709],[0.015453,51.471478],[0.01553,51.471316],[0.01563,51.471137],[0.015756,51.470911],[0.015878,51.470702],[0.015982,51.470521],[0.016094,51.470322],[0.016212,51.470114],[0.016222,51.47009],[0.016232,51.470066],[0.016236,51.470047],[0.016236,51.47003],[0.016233,51.470015],[0.016227,51.470003],[0.016285,51.469968],[0.016334,51.469939],[0.016419,51.469888],[0.016473,51.469856],[0.016499,51.469815],[0.016532,51.469767],[0.016578,51.4697],[0.016618,51.469642],[0.016661,51.469576],[0.016682,51.469547],[0.016686,51.469539],[0.016697,51.469516],[0.0167,51.469512],[0.016703,51.469504],[0.016704,51.469497],[0.016704,51.469489],[0.016702,51.469483],[0.016697,51.469475],[0.016691,51.469469],[0.016684,51.469464],[0.016679,51.46946],[0.016667,51.469454],[0.016658,51.46945],[0.016647,51.469447],[0.016644,51.469446],[0.016644,51.469437],[0.016643,51.469399],[0.016641,51.469395],[0.016641,51.46938],[0.016641,51.469368],[0.016638,51.469353],[0.016634,51.469332],[0.016628,51.46931],[0.016609,51.46927],[0.016586,51.469215],[0.016577,51.469196],[0.016565,51.469174],[0.016543,51.469129],[0.016505,51.469096],[0.016472,51.46907],[0.016453,51.469054],[0.016417,51.469024],[0.016358,51.468975],[0.016303,51.469008],[0.016207,51.469067],[0.01611,51.469127],[0.016065,51.469155],[0.016058,51.469159],[0.016046,51.469161],[0.016035,51.469163],[0.016025,51.469163],[0.016016,51.469162],[0.015989,51.469173],[0.015892,51.469212],[0.015866,51.469222],[0.01586,51.469231],[0.015852,51.469238],[0.015833,51.46925],[0.015807,51.469265],[0.015788,51.469276],[0.015778,51.469281],[0.015766,51.469286],[0.015735,51.469297],[0.015711,51.469306],[0.01569,51.469314],[0.015683,51.469317],[0.015664,51.469325],[0.015656,51.469328],[0.015631,51.469337],[0.015576,51.469359],[0.015546,51.469371],[0.015525,51.469378],[0.015481,51.469394],[0.015427,51.469414],[0.015379,51.469431],[0.015326,51.46945],[0.015283,51.469465],[0.015236,51.469482],[0.015192,51.469498],[0.015156,51.46951],[0.015125,51.469521],[0.015099,51.46953],[0.015052,51.469547],[0.015,51.469565],[0.01498,51.469572],[0.014931,51.469588],[0.01487,51.469608],[0.014858,51.469612],[0.014818,51.469624],[0.014784,51.469633],[0.014762,51.46964],[0.014741,51.469646],[0.014716,51.469654],[0.014671,51.469668],[0.014623,51.469683],[0.0146,51.469691],[0.014591,51.469694],[0.014577,51.469699],[0.014572,51.469701],[0.014557,51.469704],[0.014541,51.469708],[0.014519,51.469713],[0.014505,51.469716],[0.014489,51.46972],[0.014468,51.469725],[0.014467,51.469725],[0.01445,51.469729],[0.014437,51.469732],[0.014407,51.469738],[0.014383,51.469743],[0.014364,51.469747],[0.014344,51.46975],[0.0143,51.469757],[0.014256,51.469764],[0.014244,51.469767],[0.014218,51.469771],[0.014192,51.469775],[0.014171,51.469778],[0.014136,51.469784],[0.014093,51.46979],[0.014071,51.469793],[0.014035,51.469797],[0.014018,51.4698],[0.013995,51.469804],[0.013979,51.469806],[0.013944,51.46981],[0.013932,51.469811],[0.013902,51.469813],[0.013888,51.469815],[0.013855,51.469817],[0.013828,51.46982],[0.013784,51.469824],[0.013761,51.469825],[0.013742,51.469827],[0.013724,51.469827],[0.013698,51.469828],[0.01366,51.46983],[0.013654,51.46983],[0.013644,51.46983],[0.013629,51.469831],[0.013618,51.469831],[0.013603,51.46983],[0.013574,51.46983],[0.013537,51.469829],[0.013517,51.469829],[0.013515,51.469836],[0.01351,51.469853],[0.013505,51.469871],[0.013502,51.469883],[0.013501,51.469886],[0.013474,51.469884],[0.013439,51.469882],[0.013399,51.46988],[0.013357,51.469877],[0.013319,51.469875],[0.013262,51.469872],[0.013235,51.46987],[0.013209,51.469868],[0.013189,51.469867],[0.013123,51.469863],[0.013114,51.469863],[0.013084,51.46986],[0.013051,51.469857],[0.013017,51.469855],[0.01298,51.469851],[0.012969,51.469851],[0.012939,51.469847],[0.012905,51.469844],[0.012859,51.469839],[0.012827,51.469836],[0.012787,51.469831],[0.01275,51.469827],[0.012717,51.469823],[0.012677,51.469818],[0.012641,51.469813],[0.01261,51.469808],[0.012616,51.469789],[0.012623,51.46977],[0.012629,51.469751],[0.012635,51.469734],[0.012641,51.469716],[0.012646,51.469697],[0.012652,51.469678],[0.012656,51.469664],[0.012662,51.469645],[0.012667,51.469629],[0.012673,51.46961],[0.012678,51.469593],[0.012697,51.469532],[0.012716,51.469466],[0.012737,51.469398],[0.012757,51.469328],[0.01278,51.469253],[0.012794,51.469207],[0.012807,51.469162],[0.012825,51.469103],[0.012837,51.469065],[0.012859,51.468996],[0.012864,51.468976],[0.012903,51.468852],[0.012947,51.468703],[0.012952,51.468688],[0.013001,51.468525],[0.013059,51.468317],[0.013073,51.468258],[0.013084,51.468191],[0.013088,51.468147],[0.013086,51.468099],[0.013077,51.468026],[0.013069,51.468],[0.013055,51.467969],[0.01303,51.467933],[0.013013,51.467912],[0.012973,51.467877],[0.012942,51.46785],[0.012881,51.467793],[0.012822,51.467745],[0.012792,51.467715],[0.012754,51.467668],[0.01274,51.467644],[0.012718,51.467601],[0.012714,51.467591],[0.012696,51.467542],[0.012688,51.467488],[0.012689,51.467483],[-0.051654,51.46857],[-0.051663,51.46858],[-0.05178,51.468702],[-0.052015,51.468955],[-0.052112,51.469059],[-0.05227,51.469226],[-0.052116,51.46934],[-0.051974,51.469445],[-0.051759,51.469602],[-0.051743,51.469616],[-0.051667,51.469686],[-0.051658,51.469716],[-0.051661,51.469746],[-0.051672,51.469767],[-0.051688,51.469819],[-0.051738,51.469963],[-0.051802,51.470159],[-0.051955,51.47061],[-0.051992,51.470724],[-0.052057,51.470913],[-0.052123,51.471114],[-0.052188,51.471311],[-0.052275,51.471565],[-0.052345,51.471787],[-0.052378,51.471871],[-0.052378,51.471872],[-0.052408,51.471961],[-0.052459,51.472122],[-0.052533,51.472329],[-0.0526,51.472528],[-0.052682,51.472773],[-0.052727,51.472908],[-0.052742,51.47297],[-0.052737,51.472991],[-0.052728,51.473012],[-0.052713,51.473072],[-0.052714,51.473103],[-0.052716,51.473283],[-0.052716,51.473469],[-0.052716,51.473707],[-0.052714,51.47396],[-0.052716,51.474187],[-0.052717,51.474392],[-0.052713,51.474625],[-0.052708,51.474847],[-0.052705,51.475242],[-0.052706,51.47562],[-0.052705,51.47584],[-0.052703,51.476184],[-0.052699,51.476486],[-0.052696,51.476823],[-0.052694,51.477057],[-0.052689,51.477445],[-0.05269,51.477683],[-0.052688,51.477993],[-0.052688,51.478014],[-0.053173,51.478192],[-0.053496,51.478315],[-0.054016,51.478513],[-0.05408,51.478537],[-0.054123,51.478554],[-0.054235,51.478596],[-0.054295,51.478619],[-0.054309,51.478624],[-0.05425,51.478716],[-0.054139,51.478889],[-0.054032,51.479058],[-0.053983,51.479132],[-0.053976,51.47913],[-0.05393,51.479205],[-0.053975,51.479221],[-0.053953,51.479276],[-0.05394,51.479305],[-0.053934,51.479322],[-0.053924,51.479325],[-0.053896,51.47938],[-0.053874,51.479422],[-0.053843,51.47948],[-0.053851,51.479482],[-0.053762,51.479643],[-0.053657,51.479812],[-0.053593,51.479798],[-0.05359,51.479802],[-0.053576,51.47983],[-0.053495,51.479991],[-0.053473,51.48004],[-0.053451,51.480092],[-0.053445,51.480123],[-0.053448,51.480158],[-0.053454,51.48017],[-0.05346,51.48018],[-0.053471,51.480196],[-0.053484,51.480213],[-0.0535,51.480231],[-0.053541,51.48024],[-0.053552,51.480269],[-0.053539,51.480293],[-0.053536,51.480294],[-0.053528,51.480309],[-0.053523,51.480318],[-0.053518,51.480322],[-0.053516,51.480324],[-0.053507,51.480327],[-0.053502,51.480328],[-0.053488,51.480327],[-0.053421,51.480317],[-0.053352,51.480307],[-0.053337,51.480338],[-0.053327,51.48036],[-0.053387,51.48037],[-0.053449,51.480381],[-0.053477,51.480389],[-0.053482,51.480393],[-0.053488,51.480406],[-0.053494,51.480483],[-0.053409,51.480501],[-0.053349,51.480642],[-0.053318,51.480712],[-0.053282,51.480797],[-0.053278,51.480794],[-0.053261,51.480813],[-0.053249,51.480825],[-0.053253,51.480848],[-0.053254,51.480853],[-0.053189,51.480865],[-0.053158,51.480871],[-0.053138,51.480885],[-0.053123,51.480901],[-0.05311,51.480913],[-0.053106,51.480917],[-0.053099,51.480927],[-0.053106,51.480927],[-0.053097,51.48095],[-0.053088,51.480978],[-0.053076,51.481014],[-0.053123,51.481019],[-0.053137,51.481021],[-0.053204,51.481029],[-0.05323,51.481033],[-0.053236,51.481043],[-0.053229,51.481042],[-0.053223,51.481063],[-0.05322,51.481071],[-0.053206,51.481117],[-0.053197,51.481148],[-0.053196,51.481152],[-0.053181,51.481153],[-0.053177,51.481166],[-0.053166,51.481203],[-0.053156,51.48124],[-0.053148,51.481265],[-0.053141,51.481292],[-0.053133,51.481318],[-0.053127,51.48134],[-0.053118,51.481369],[-0.053111,51.481396],[-0.05311,51.481397],[-0.053102,51.481426],[-0.053093,51.481456],[-0.053085,51.481484],[-0.053075,51.48152],[-0.053067,51.481545],[-0.053065,51.481555],[-0.053063,51.481568],[-0.053059,51.481589],[-0.053055,51.481611],[-0.05305,51.481642],[-0.05305,51.481643],[-0.053047,51.481662],[-0.053043,51.48169],[-0.053037,51.481722],[-0.053032,51.481758],[-0.053027,51.481786],[-0.053024,51.481801],[-0.053019,51.481831],[-0.053014,51.481863],[-0.05301,51.48189],[-0.053006,51.481913],[-0.053002,51.481938],[-0.052997,51.481966],[-0.052991,51.482002],[-0.052986,51.482033],[-0.052984,51.482047],[-0.052991,51.482047],[-0.05299,51.482059],[-0.052988,51.482071],[-0.052986,51.482091],[-0.052985,51.4821],[-0.052983,51.482112],[-0.052979,51.482152],[-0.05297,51.482239],[-0.05295,51.482426],[-0.052944,51.482457],[-0.052934,51.482512],[-0.052934,51.482516],[-0.052912,51.482635],[-0.052897,51.482636],[-0.052875,51.482638],[-0.05286,51.482638],[-0.052786,51.482645],[-0.052782,51.482725],[-0.052933,51.482744],[-0.05293,51.482899],[-0.052929,51.482997],[-0.052941,51.483193],[-0.052951,51.483303],[-0.052957,51.483389],[-0.052898,51.48339],[-0.0529,51.483429],[-0.052902,51.483452],[-0.052786,51.483464],[-0.052789,51.483494],[-0.052794,51.483546],[-0.05294,51.483555],[-0.052943,51.483562],[-0.052945,51.483562],[-0.052949,51.48357],[-0.052947,51.483572],[-0.052956,51.483624],[-0.052963,51.483667],[-0.052973,51.483713],[-0.052975,51.483728],[-0.052987,51.483784],[-0.052992,51.483813],[-0.053001,51.483862],[-0.053014,51.483936],[-0.053023,51.483987],[-0.053034,51.484051],[-0.053046,51.484117],[-0.053057,51.484185],[-0.053069,51.484253],[-0.053083,51.484324],[-0.053094,51.484379],[-0.053072,51.484378],[-0.05307,51.484379],[-0.053051,51.484378],[-0.053053,51.484373],[-0.053045,51.484373],[-0.053037,51.484374],[-0.053034,51.484374],[-0.053027,51.484375],[-0.05302,51.484377],[-0.053011,51.48438],[-0.053,51.484384],[-0.05299,51.484388],[-0.052981,51.484393],[-0.052974,51.484397],[-0.052965,51.484404],[-0.052958,51.484411],[-0.052951,51.484419],[-0.052946,51.484427],[-0.052939,51.484444],[-0.052947,51.484445],[-0.052944,51.484462],[-0.052938,51.484461],[-0.052945,51.484487],[-0.052951,51.48451],[-0.052964,51.484568],[-0.052973,51.484609],[-0.052983,51.484654],[-0.052988,51.484685],[-0.053015,51.484689],[-0.053022,51.48472],[-0.053004,51.484721],[-0.053015,51.484752],[-0.053018,51.484759],[-0.05302,51.484786],[-0.053026,51.484819],[-0.053042,51.484921],[-0.053051,51.484977],[-0.053049,51.484986],[-0.053051,51.485015],[-0.053056,51.485038],[-0.053063,51.485037],[-0.053079,51.485098],[-0.053088,51.485124],[-0.053078,51.485125],[-0.053086,51.485146],[-0.053094,51.485157],[-0.0531,51.485163],[-0.053111,51.485171],[-0.053113,51.485173],[-0.053123,51.485178],[-0.053134,51.485181],[-0.053143,51.485184],[-0.053157,51.485186],[-0.053169,51.485187],[-0.053195,51.485189],[-0.053199,51.485197],[-0.053229,51.485199],[-0.053252,51.485197],[-0.053314,51.485241],[-0.053351,51.485266],[-0.053359,51.485272],[-0.053368,51.485281],[-0.053393,51.485281],[-0.053402,51.485296],[-0.053394,51.485297],[-0.053418,51.485336],[-0.05344,51.485374],[-0.053471,51.485425],[-0.053491,51.48546],[-0.0535,51.485479],[-0.053508,51.485478],[-0.053511,51.485501],[-0.053514,51.485522],[-0.053517,51.485548],[-0.053523,51.485585],[-0.053526,51.485601],[-0.053529,51.485618],[-0.05353,51.485624],[-0.05353,51.485633],[-0.053532,51.485649],[-0.053534,51.48568],[-0.053532,51.485706],[-0.053528,51.485725],[-0.053523,51.485753],[-0.053519,51.485776],[-0.053514,51.485799],[-0.053468,51.485807],[-0.053441,51.485812],[-0.053412,51.485818],[-0.053371,51.485828],[-0.053353,51.485833],[-0.053331,51.485839],[-0.053306,51.485845],[-0.053307,51.485851],[-0.053278,51.485856],[-0.053229,51.485863],[-0.053174,51.485871],[-0.053142,51.485876],[-0.053135,51.485878],[-0.053148,51.485912],[-0.053152,51.48592],[-0.053155,51.485928],[-0.053159,51.485941],[-0.053161,51.485949],[-0.053163,51.485951],[-0.053155,51.485953],[-0.053141,51.485955],[-0.05313,51.485958],[-0.053115,51.485963],[-0.05311,51.485964],[-0.053093,51.48597],[-0.053089,51.485971],[-0.053072,51.485976],[-0.053064,51.485978],[-0.053049,51.485982],[-0.053042,51.485984],[-0.053031,51.485986],[-0.053005,51.485991],[-0.052958,51.485999],[-0.052925,51.486004],[-0.052921,51.486033],[-0.052918,51.486061],[-0.052916,51.48609],[-0.052914,51.486117],[-0.052913,51.486153],[-0.052913,51.486164],[-0.052914,51.486168],[-0.052916,51.486181],[-0.052919,51.486195],[-0.05292,51.486206],[-0.052923,51.486234],[-0.052927,51.486278],[-0.052929,51.48629],[-0.052928,51.48631],[-0.052929,51.486318],[-0.052927,51.486326],[-0.052919,51.486368],[-0.052915,51.486391],[-0.052857,51.486393],[-0.05286,51.486408],[-0.052865,51.486437],[-0.052867,51.486453],[-0.052812,51.486457],[-0.052823,51.48651],[-0.052831,51.486554],[-0.052838,51.486596],[-0.052847,51.486645],[-0.052855,51.486684],[-0.052915,51.486678],[-0.052893,51.48671],[-0.052894,51.486711],[-0.052918,51.486755],[-0.052929,51.486775],[-0.052957,51.486812],[-0.052967,51.486825],[-0.052975,51.486832],[-0.052988,51.486847],[-0.052991,51.48685],[-0.053006,51.486863],[-0.053044,51.486894],[-0.053057,51.486905],[-0.053083,51.486925],[-0.053108,51.486945],[-0.053196,51.486938],[-0.05321,51.486937],[-0.053256,51.48697],[-0.053293,51.486999],[-0.053316,51.487018],[-0.05333,51.487031],[-0.053339,51.48704],[-0.053357,51.487058],[-0.053378,51.487079],[-0.053393,51.487096],[-0.053409,51.487115],[-0.05349,51.487219],[-0.053539,51.487283],[-0.053548,51.487297],[-0.053562,51.487313],[-0.053595,51.487354],[-0.053628,51.487398],[-0.05366,51.487444],[-0.053689,51.487486],[-0.053701,51.487503],[-0.053718,51.487535],[-0.053745,51.487583],[-0.053773,51.487631],[-0.053805,51.487692],[-0.053827,51.487734],[-0.053845,51.487769],[-0.053863,51.487804],[-0.053894,51.487855],[-0.053899,51.487864],[-0.053916,51.487881],[-0.053938,51.487905],[-0.05397,51.487937],[-0.053972,51.487938],[-0.05397,51.487941],[-0.053966,51.487945],[-0.053956,51.487942],[-0.053923,51.487934],[-0.053836,51.487911],[-0.053726,51.487881],[-0.053685,51.487869],[-0.053655,51.487859],[-0.053624,51.487844],[-0.053593,51.487829],[-0.05359,51.487833],[-0.053545,51.487821],[-0.053494,51.487806],[-0.053404,51.487781],[-0.053319,51.487757],[-0.053217,51.487728],[-0.053131,51.487704],[-0.053053,51.487682],[-0.052922,51.487645],[-0.052839,51.487622],[-0.052742,51.487594],[-0.052653,51.487569],[-0.052592,51.487552],[-0.052565,51.487586],[-0.052528,51.487635],[-0.052522,51.487643],[-0.052516,51.487641],[-0.05249,51.487672],[-0.052462,51.487705],[-0.052399,51.487754],[-0.052352,51.487789],[-0.05234,51.487798],[-0.052346,51.487801],[-0.052268,51.487805],[-0.052143,51.487813],[-0.052056,51.487819],[-0.052002,51.487816],[-0.051912,51.48781],[-0.051839,51.487805],[-0.051757,51.4878],[-0.051644,51.487793],[-0.051533,51.487786],[-0.051433,51.487779],[-0.0514,51.487777],[-0.051353,51.487772],[-0.051211,51.487792],[-0.051152,51.4878],[-0.051057,51.487816],[-0.050979,51.48783],[-0.050884,51.487866],[-0.050777,51.487907],[-0.050713,51.487931],[-0.050658,51.487899],[-0.050661,51.487896],[-0.050632,51.48788],[-0.050623,51.487885],[-0.050613,51.487879],[-0.050562,51.487902],[-0.050547,51.487908],[-0.050531,51.487913],[-0.050514,51.487918],[-0.050499,51.48792],[-0.050488,51.48792],[-0.050478,51.48792],[-0.050475,51.48792],[-0.050467,51.487919],[-0.050458,51.487927],[-0.050437,51.487946],[-0.050415,51.487966],[-0.050383,51.487995],[-0.05037,51.488008],[-0.050371,51.488023],[-0.050366,51.488028],[-0.05035,51.488042],[-0.05031,51.488078],[-0.050286,51.488099],[-0.050284,51.488101],[-0.050273,51.488111],[-0.050284,51.488117],[-0.050315,51.488132],[-0.050284,51.488161],[-0.050277,51.488169],[-0.050243,51.488152],[-0.05022,51.488174],[-0.050191,51.488202],[-0.050138,51.488251],[-0.050131,51.488258],[-0.050137,51.488261],[-0.050092,51.488304],[-0.050066,51.48833],[-0.050144,51.488362],[-0.050151,51.488365],[-0.050249,51.488406],[-0.050372,51.488456],[-0.050485,51.488501],[-0.050574,51.488537],[-0.0507,51.488589],[-0.050816,51.488635],[-0.050913,51.488674],[-0.051087,51.488744],[-0.051217,51.488796],[-0.051383,51.488865],[-0.051481,51.488905],[-0.05168,51.488986],[-0.051791,51.489032],[-0.051871,51.489078],[-0.051937,51.489115],[-0.051879,51.489153],[-0.051803,51.489203],[-0.051649,51.489306],[-0.051531,51.489384],[-0.051526,51.489387],[-0.05144,51.489441],[-0.051396,51.489468],[-0.051361,51.48949],[-0.05134,51.489504],[-0.051324,51.489511],[-0.051285,51.489526],[-0.051243,51.489539],[-0.051222,51.489544],[-0.051107,51.489572],[-0.050979,51.489603],[-0.050792,51.489648],[-0.050764,51.489655],[-0.05033,51.489722],[-0.050269,51.489731],[-0.05017,51.489749],[-0.049981,51.489783],[-0.049942,51.48979],[-0.049836,51.489809],[-0.049752,51.489825],[-0.049695,51.489835],[-0.049701,51.489853],[-0.049713,51.489895],[-0.049707,51.489914],[-0.049704,51.489921],[-0.049674,51.489927],[-0.049593,51.489946],[-0.04951,51.489965],[-0.049367,51.489999],[-0.049326,51.490009],[-0.049309,51.490013],[-0.049251,51.490027],[-0.049219,51.489976],[-0.049133,51.489996],[-0.049017,51.490023],[-0.048915,51.490048],[-0.048743,51.490089],[-0.048575,51.490129],[-0.048449,51.490158],[-0.048278,51.490198],[-0.048172,51.490223],[-0.047998,51.490263],[-0.047849,51.490298],[-0.047725,51.490327],[-0.047759,51.49038],[-0.047699,51.490394],[-0.047636,51.490409],[-0.047505,51.490441],[-0.047352,51.490478],[-0.047212,51.490511],[-0.047028,51.490555],[-0.046897,51.490587],[-0.046726,51.490628],[-0.046701,51.490634],[-0.046572,51.490662],[-0.046541,51.490669],[-0.046539,51.49063],[-0.046538,51.490598],[-0.046535,51.490524],[-0.046529,51.490348],[-0.046437,51.490349],[-0.046312,51.49035],[-0.046172,51.490349],[-0.046054,51.490305],[-0.045864,51.490235],[-0.045793,51.49021],[-0.045591,51.490239],[-0.045312,51.49028],[-0.045143,51.490304],[-0.045163,51.490342],[-0.045088,51.490351],[-0.045058,51.490354],[-0.044896,51.490373],[-0.04475,51.490396],[-0.044717,51.490337],[-0.044669,51.490292],[-0.044626,51.490246],[-0.044624,51.490244],[-0.04455,51.490168],[-0.044492,51.49012],[-0.044456,51.490101],[-0.044425,51.49009],[-0.044406,51.490085],[-0.044383,51.490082],[-0.044319,51.490078],[-0.04414,51.490068],[-0.043952,51.490059],[-0.043699,51.490047],[-0.04341,51.490031],[-0.043179,51.490019],[-0.042936,51.490007],[-0.042658,51.489996],[-0.042555,51.489999],[-0.042473,51.490004],[-0.042454,51.490009],[-0.042406,51.490027],[-0.042359,51.490044],[-0.04232,51.49006],[-0.042256,51.490089],[-0.042296,51.490119],[-0.042381,51.490182],[-0.042479,51.490251],[-0.042256,51.490332],[-0.041964,51.490438],[-0.041936,51.490449],[-0.041772,51.490508],[-0.041564,51.49058],[-0.041359,51.490655],[-0.041043,51.490769],[-0.040782,51.490863],[-0.040541,51.49095],[-0.040277,51.491045],[-0.040346,51.491114],[-0.040474,51.491243],[-0.040617,51.491394],[-0.040726,51.491508],[-0.040862,51.491654],[-0.040973,51.491773],[-0.041024,51.491831],[-0.040976,51.491847],[-0.040859,51.491889],[-0.040675,51.491955],[-0.040406,51.492048],[-0.04018,51.49213],[-0.040146,51.492143],[-0.040031,51.492182],[-0.04009,51.492263],[-0.040183,51.492387],[-0.040256,51.492484],[-0.040397,51.492671],[-0.040479,51.492779],[-0.040492,51.492797],[-0.040397,51.492822],[-0.040343,51.492836],[-0.040322,51.492842],[-0.040263,51.492861],[-0.040165,51.492895],[-0.040113,51.492909],[-0.040026,51.492931],[-0.039914,51.492956],[-0.039857,51.492967],[-0.0398,51.492977],[-0.039739,51.492985],[-0.039685,51.49299],[-0.039627,51.492992],[-0.039572,51.492992],[-0.039479,51.492989],[-0.03941,51.492986],[-0.039374,51.492984],[-0.039293,51.492975],[-0.039235,51.492966],[-0.039181,51.492955],[-0.039155,51.492949],[-0.039061,51.492925],[-0.039008,51.492908],[-0.038911,51.492875],[-0.038825,51.49284],[-0.038747,51.492786],[-0.038579,51.492674],[-0.038388,51.492541],[-0.038309,51.492487],[-0.03822,51.492433],[-0.038174,51.49241],[-0.038106,51.492379],[-0.038014,51.492342],[-0.037914,51.492307],[-0.037831,51.492281],[-0.037725,51.492253],[-0.037661,51.492241],[-0.037606,51.492232],[-0.037541,51.492224],[-0.03751,51.492221],[-0.037477,51.492219],[-0.037399,51.492217],[-0.037361,51.492217],[-0.037251,51.492224],[-0.037192,51.492232],[-0.037153,51.492238],[-0.036979,51.492272],[-0.036687,51.49233],[-0.03628,51.492412],[-0.035873,51.492492],[-0.035532,51.49256],[-0.035128,51.49264],[-0.034801,51.492702],[-0.034566,51.492745],[-0.034467,51.492771],[-0.034282,51.492816],[-0.034201,51.492835],[-0.034008,51.492873],[-0.033876,51.492899],[-0.033694,51.492931],[-0.033587,51.492946],[-0.033411,51.492971],[-0.033281,51.492987],[-0.033214,51.492862],[-0.03321,51.492857],[-0.033158,51.492868],[-0.033117,51.492877],[-0.032992,51.492903],[-0.032763,51.492948],[-0.032546,51.492992],[-0.032561,51.493022],[-0.032385,51.493053],[-0.03218,51.493083],[-0.032016,51.493108],[-0.031935,51.493167],[-0.031912,51.493171],[-0.031777,51.493195],[-0.031594,51.493228],[-0.031158,51.493306],[-0.030749,51.493379],[-0.02989,51.493534],[-0.029878,51.493473],[-0.029859,51.493392],[-0.029857,51.493366],[-0.029843,51.493284],[-0.029834,51.493246],[-0.029818,51.493151],[-0.02981,51.493116],[-0.029795,51.493041],[-0.029784,51.493011],[-0.029758,51.49294],[-0.029732,51.492876]]]}},
{"type":"Feature","properties":{"layer":"London_Boroughs","id":14,"OBJECTID":14,"NAME":"Greenwich London Boro","AREA_CODE":"LBO","DESCRIPTIO":"London Borough","FILE_NAME":"GREATER_LONDON_AUTHORITY","NUMBER":305,"NUMBER0":305,"POLYGON_ID":50909,"UNIT_ID":10777,"CODE":"E09000011","HECTARES":5044.693,"AREA":313.569,"TYPE_CODE":"AA","DESCRIPT0":"CIVIL ADMINISTRATION AREA","TYPE_COD0":" ","DESCRIPT1":" ","Shape_Length":45550.16983217726,"Shape_Area":50446926.07595681,"clipped_to_zone":true,"in_cw":false,"whole_in_zone":false},"geometry":{"type":"Polygon","coordinates":[[[0.019909,51.467359],[0.012689,51.467483],[0.012688,51.467488],[0.012696,51.467542],[0.012714,51.467591],[0.012718,51.467601],[0.01274,51.467644],[0.012754,51.467668],[0.012792,51.467715],[0.012822,51.467745],[0.012881,51.467793],[0.012942,51.46785],[0.012973,51.467877],[0.013013,51.467912],[0.01303,51.467933],[0.013055,51.467969],[0.013069,51.468],[0.013077,51.468026],[0.013086,51.468099],[0.013088,51.468147],[0.013084,51.468191],[0.013073,51.468258],[0.013059,51.468317],[0.013001,51.468525],[0.012952,51.468688],[0.012947,51.468703],[0.012903,51.468852],[0.012864,51.468976],[0.012859,51.468996],[0.012837,51.469065],[0.012825,51.469103],[0.012807,51.469162],[0.012794,51.469207],[0.01278,51.469253],[0.012757,51.469328],[0.012737,51.469398],[0.012716,51.469466],[0.012697,51.469532],[0.012678,51.469593],[0.012673,51.46961],[0.012667,51.469629],[0.012662,51.469645],[0.012656,51.469664],[0.012652,51.469678],[0.012646,51.469697],[0.012641,51.469716],[0.012635,51.469734],[0.012629,51.469751],[0.012623,51.46977],[0.012616,51.469789],[0.01261,51.469808],[0.012641,51.469813],[0.012677,51.469818],[0.012717,51.469823],[0.01275,51.469827],[0.012787,51.469831],[0.012827,51.469836],[0.012859,51.469839],[0.012905,51.469844],[0.012939,51.469847],[0.012969,51.469851],[0.01298,51.469851],[0.013017,51.469855],[0.013051,51.469857],[0.013084,51.46986],[0.013114,51.469863],[0.013123,51.469863],[0.013189,51.469867],[0.013209,51.469868],[0.013235,51.46987],[0.013262,51.469872],[0.013319,51.469875],[0.013357,51.469877],[0.013399,51.46988],[0.013439,51.469882],[0.013474,51.469884],[0.013501,51.469886],[0.013502,51.469883],[0.013505,51.469871],[0.01351,51.469853],[0.013515,51.469836],[0.013517,51.469829],[0.013537,51.469829],[0.013574,51.46983],[0.013603,51.46983],[0.013618,51.469831],[0.013629,51.469831],[0.013644,51.46983],[0.013654,51.46983],[0.01366,51.46983],[0.013698,51.469828],[0.013724,51.469827],[0.013742,51.469827],[0.013761,51.469825],[0.013784,51.469824],[0.013828,51.46982],[0.013855,51.469817],[0.013888,51.469815],[0.013902,51.469813],[0.013932,51.469811],[0.013944,51.46981],[0.013979,51.469806],[0.013995,51.469804],[0.014018,51.4698],[0.014035,51.469797],[0.014071,51.469793],[0.014093,51.46979],[0.014136,51.469784],[0.014171,51.469778],[0.014192,51.469775],[0.014218,51.469771],[0.014244,51.469767],[0.014256,51.469764],[0.0143,51.469757],[0.014344,51.46975],[0.014364,51.469747],[0.014383,51.469743],[0.014407,51.469738],[0.014437,51.469732],[0.01445,51.469729],[0.014467,51.469725],[0.014468,51.469725],[0.014489,51.46972],[0.014505,51.469716],[0.014519,51.469713],[0.014541,51.469708],[0.014557,51.469704],[0.014572,51.469701],[0.014577,51.469699],[0.014591,51.469694],[0.0146,51.469691],[0.014623,51.469683],[0.014671,51.469668],[0.014716,51.469654],[0.014741,51.469646],[0.014762,51.46964],[0.014784,51.469633],[0.014818,51.469624],[0.014858,51.469612],[0.01487,51.469608],[0.014931,51.469588],[0.01498,51.469572],[0.015,51.469565],[0.015052,51.469547],[0.015099,51.46953],[0.015125,51.469521],[0.015156,51.46951],[0.015192,51.469498],[0.015236,51.469482],[0.015283,51.469465],[0.015326,51.46945],[0.015379,51.469431],[0.015427,51.469414],[0.015481,51.469394],[0.015525,51.469378],[0.015546,51.469371],[0.015576,51.469359],[0.015631,51.469337],[0.015656,51.469328],[0.015664,51.469325],[0.015683,51.469317],[0.01569,51.469314],[0.015711,51.469306],[0.015735,51.469297],[0.015766,51.469286],[0.015778,51.469281],[0.015788,51.469276],[0.015807,51.469265],[0.015833,51.46925],[0.015852,51.469238],[0.01586,51.469231],[0.015866,51.469222],[0.015892,51.469212],[0.015989,51.469173],[0.016016,51.469162],[0.016025,51.469163],[0.016035,51.469163],[0.016046,51.469161],[0.016058,51.469159],[0.016065,51.469155],[0.01611,51.469127],[0.016207,51.469067],[0.016303,51.469008],[0.016358,51.468975],[0.016417,51.469024],[0.016453,51.469054],[0.016472,51.46907],[0.016505,51.469096],[0.016543,51.469129],[0.016565,51.469174],[0.016577,51.469196],[0.016586,51.469215],[0.016609,51.46927],[0.016628,51.46931],[0.016634,51.469332],[0.016638,51.469353],[0.016641,51.469368],[0.016641,51.46938],[0.016641,51.469395],[0.016643,51.469399],[0.016644,51.469437],[0.016644,51.469446],[0.016647,51.469447],[0.016658,51.46945],[0.016667,51.469454],[0.016679,51.46946],[0.016684,51.469464],[0.016691,51.469469],[0.016697,51.469475],[0.016702,51.469483],[0.016704,51.469489],[0.016704,51.469497],[0.016703,51.469504],[0.0167,51.469512],[0.016697,51.469516],[0.016686,51.469539],[0.016682,51.469547],[0.016661,51.469576],[0.016618,51.469642],[0.016578,51.4697],[0.016532,51.469767],[0.016499,51.469815],[0.016473,51.469856],[0.016419,51.469888],[0.016334,51.469939],[0.016285,51.469968],[0.016227,51.470003],[0.016233,51.470015],[0.016236,51.47003],[0.016236,51.470047],[0.016232,51.470066],[0.016222,51.47009],[0.016212,51.470114],[0.016094,51.470322],[0.015982,51.470521],[0.015878,51.470702],[0.015756,51.470911],[0.01563,51.471137],[0.01553,51.471316],[0.015453,51.471478],[0.015353,51.471709],[0.015272,51.471901],[0.01522,51.472019],[0.015174,51.472128],[0.015101,51.472323],[0.015044,51.472477],[0.015027,51.472547],[0.015019,51.47257],[0.01499,51.472777],[0.014979,51.472911],[0.015001,51.473081],[0.015323,51.473133],[0.015438,51.473159],[0.016206,51.473335],[0.016696,51.473448],[0.017042,51.473527],[0.017426,51.473616],[0.017799,51.473701],[0.01793,51.473733],[0.017956,51.47374],[0.017971,51.473748],[0.017976,51.473755],[0.017976,51.473763],[0.017963,51.47383],[0.017054,51.473741],[0.016376,51.473657],[0.01592,51.4736],[0.015487,51.473552],[0.014665,51.473463],[0.013593,51.47334],[0.013462,51.473325],[0.013376,51.473315],[0.013253,51.473301],[0.013115,51.473285],[0.012975,51.473269],[0.012865,51.473256],[0.012752,51.473243],[0.01261,51.473227],[0.01247,51.47321],[0.012326,51.473194],[0.012174,51.473176],[0.012113,51.473169],[0.011547,51.47311],[0.011041,51.473053],[0.010174,51.472949],[0.009804,51.472916],[0.009101,51.472852],[0.00853,51.472789],[0.007777,51.472705],[0.007133,51.472634],[0.006524,51.472565],[0.006185,51.472528],[0.005942,51.472501],[0.005807,51.472486],[0.00572,51.472476],[0.005649,51.472468],[0.005564,51.472459],[0.005473,51.472448],[0.005411,51.472442],[0.00532,51.472432],[0.005236,51.472422],[0.005168,51.472415],[0.005119,51.472409],[0.005013,51.472397],[0.004959,51.472391],[0.004863,51.47238],[0.004749,51.472368],[0.004672,51.472359],[0.004582,51.472349],[0.004516,51.472342],[0.004431,51.472332],[0.004369,51.472325],[0.004245,51.472312],[0.004139,51.4723],[0.003912,51.472274],[0.003669,51.472247],[0.003517,51.472229],[0.003162,51.47219],[0.002849,51.472154],[0.002492,51.472114],[0.002141,51.472074],[0.001903,51.472047],[0.001792,51.472035],[0.001575,51.47201],[0.001329,51.471983],[0.001044,51.47195],[0.000809,51.471924],[0.000644,51.471905],[0.000523,51.471892],[0.000428,51.471883],[0.000391,51.471879],[0.000243,51.471867],[-0.000053,51.47184],[-0.000139,51.471837],[-0.000254,51.471834],[-0.000391,51.471829],[-0.000524,51.471822],[-0.000648,51.471816],[-0.000751,51.47181],[-0.000898,51.471803],[-0.000958,51.471803],[-0.001102,51.471808],[-0.001269,51.471816],[-0.001447,51.47183],[-0.001667,51.471856],[-0.001982,51.471898],[-0.002319,51.471944],[-0.002547,51.471975],[-0.002779,51.472007],[-0.002975,51.472034],[-0.003211,51.472066],[-0.003463,51.472102],[-0.003646,51.472128],[-0.004004,51.472178],[-0.004398,51.472233],[-0.004636,51.472267],[-0.004875,51.472301],[-0.005033,51.472323],[-0.005224,51.47235],[-0.005402,51.472374],[-0.005752,51.472422],[-0.005861,51.472438],[-0.006323,51.472502],[-0.006511,51.472529],[-0.006683,51.472551],[-0.007172,51.472603],[-0.007296,51.472621],[-0.007383,51.472634],[-0.007707,51.472683],[-0.007979,51.472726],[-0.008103,51.472747],[-0.00823,51.47276],[-0.008292,51.472762],[-0.008372,51.472761],[-0.00865,51.472756],[-0.008817,51.472747],[-0.009076,51.472723],[-0.009411,51.472684],[-0.009801,51.472633],[-0.009976,51.47261],[-0.0103,51.472568],[-0.010869,51.472492],[-0.01136,51.472429],[-0.01154,51.472407],[-0.01166,51.472394],[-0.011914,51.472377],[-0.012281,51.472356],[-0.012384,51.47235],[-0.012479,51.472346],[-0.012563,51.472343],[-0.012727,51.472348],[-0.012756,51.472346],[-0.01287,51.472348],[-0.012994,51.472353],[-0.01305,51.472358],[-0.013155,51.472369],[-0.01326,51.472381],[-0.013353,51.472396],[-0.013415,51.472408],[-0.013505,51.472428],[-0.013498,51.472443],[-0.01355,51.472458],[-0.013615,51.472481],[-0.013631,51.472488],[-0.013646,51.472493],[-0.013726,51.47253],[-0.013833,51.472577],[-0.013955,51.472631],[-0.014046,51.472671],[-0.014057,51.472661],[-0.014119,51.472606],[-0.014177,51.472553],[-0.014245,51.472491],[-0.014266,51.472466],[-0.01432,51.472404],[-0.014384,51.47233],[-0.014355,51.472318],[-0.014414,51.472258],[-0.014443,51.472228],[-0.014476,51.472193],[-0.014497,51.472173],[-0.014519,51.472162],[-0.014517,51.472129],[-0.014509,51.472023],[-0.014506,51.471973],[-0.014516,51.471945],[-0.014528,51.471903],[-0.014586,51.4719],[-0.014734,51.471885],[-0.014812,51.471871],[-0.014906,51.471844],[-0.014965,51.471825],[-0.015028,51.471793],[-0.015147,51.471749],[-0.014963,51.471541],[-0.014868,51.471426],[-0.014829,51.471377],[-0.014703,51.47119],[-0.014651,51.471103],[-0.014571,51.470949],[-0.014536,51.470889],[-0.014518,51.470855],[-0.014446,51.470715],[-0.014413,51.470662],[-0.014262,51.47043],[-0.014094,51.470165],[-0.014071,51.470127],[-0.014006,51.470026],[-0.013978,51.469989],[-0.013913,51.469904],[-0.013714,51.46967],[-0.013484,51.469403],[-0.013313,51.469192],[-0.013242,51.469104],[-0.013223,51.46908],[-0.013197,51.469049],[-0.013175,51.469021],[-0.013161,51.469004],[-0.013157,51.468999],[-0.013153,51.468994],[-0.013148,51.468989],[-0.013144,51.468984],[-0.01314,51.468979],[-0.013136,51.468974],[-0.01313,51.468967],[-0.013124,51.46896],[-0.013119,51.468955],[-0.013116,51.46895],[-0.013111,51.468945],[-0.013108,51.468941],[-0.013106,51.468939],[-0.013279,51.468867],[-0.013571,51.468733],[-0.01393,51.46857],[-0.014239,51.468429],[-0.014605,51.468259],[-0.014826,51.46814],[-0.014923,51.468086],[-0.014989,51.46805],[-0.015062,51.468044],[-0.015086,51.468053],[-0.015127,51.468072],[-0.015208,51.468119],[-0.015459,51.468272],[-0.015718,51.46843],[-0.015965,51.468589],[-0.016038,51.468643],[-0.016087,51.468686],[-0.01614,51.468736],[-0.016224,51.468826],[-0.016287,51.468889],[-0.016334,51.468937],[-0.016363,51.46897],[-0.016419,51.469036],[-0.016439,51.469063],[-0.016491,51.469146],[-0.016523,51.469195],[-0.016562,51.46926],[-0.016577,51.469251],[-0.016684,51.469189],[-0.016751,51.469147],[-0.016783,51.469128],[-0.016818,51.469108],[-0.016863,51.469086],[-0.01687,51.469083],[-0.016891,51.469072],[-0.016986,51.469161],[-0.017062,51.469234],[-0.017098,51.469268],[-0.017161,51.469328],[-0.017178,51.469343],[-0.017236,51.469395],[-0.01726,51.469416],[-0.017278,51.469429],[-0.017304,51.469442],[-0.017336,51.469451],[-0.017374,51.469459],[-0.017427,51.469469],[-0.017477,51.469478],[-0.017502,51.469481],[-0.01757,51.469487],[-0.017605,51.469491],[-0.017618,51.469493],[-0.017672,51.469505],[-0.017715,51.46951],[-0.017842,51.469518],[-0.017877,51.469522],[-0.017936,51.46953],[-0.017983,51.469539],[-0.018021,51.469548],[-0.018135,51.469583],[-0.018198,51.469601],[-0.018299,51.469628],[-0.018356,51.469643],[-0.018462,51.469678],[-0.018521,51.469699],[-0.018594,51.469728],[-0.018718,51.469793],[-0.018846,51.46986],[-0.018978,51.46993],[-0.019026,51.469954],[-0.019114,51.470009],[-0.019066,51.470033],[-0.018989,51.470073],[-0.019046,51.470138],[-0.019104,51.470203],[-0.019131,51.470234],[-0.01918,51.470295],[-0.019197,51.47032],[-0.019232,51.470377],[-0.019248,51.47041],[-0.019256,51.470435],[-0.019256,51.470447],[-0.019252,51.470485],[-0.019245,51.470507],[-0.019224,51.470533],[-0.019208,51.470546],[-0.019104,51.470601],[-0.019014,51.470646],[-0.019004,51.470633],[-0.018958,51.470572],[-0.018871,51.470605],[-0.018659,51.470686],[-0.018719,51.470765],[-0.018775,51.470839],[-0.018823,51.470907],[-0.018908,51.471024],[-0.018945,51.471075],[-0.018937,51.471077],[-0.018921,51.47113],[-0.018818,51.471169],[-0.018848,51.47121],[-0.019005,51.471159],[-0.019046,51.471202],[-0.019092,51.471257],[-0.01913,51.471352],[-0.019152,51.471445],[-0.019162,51.471509],[-0.019189,51.471638],[-0.0192,51.471708],[-0.019209,51.47176],[-0.019221,51.471791],[-0.019232,51.471821],[-0.019238,51.47185],[-0.019257,51.471911],[-0.019267,51.471949],[-0.019277,51.471973],[-0.019297,51.472021],[-0.019302,51.472036],[-0.019321,51.472047],[-0.019385,51.472065],[-0.019417,51.472065],[-0.019459,51.472061],[-0.01955,51.472056],[-0.019675,51.472045],[-0.019713,51.472042],[-0.019767,51.47204],[-0.019803,51.472037],[-0.01984,51.472037],[-0.019922,51.472045],[-0.019957,51.472053],[-0.020018,51.472068],[-0.020061,51.47209],[-0.020148,51.472147],[-0.020182,51.472179],[-0.020221,51.472216],[-0.020241,51.472237],[-0.020279,51.472273],[-0.020302,51.472295],[-0.020312,51.472305],[-0.020312,51.47232],[-0.020319,51.472344],[-0.020326,51.472371],[-0.02033,51.472385],[-0.02033,51.472397],[-0.020313,51.47242],[-0.020289,51.472465],[-0.020279,51.472478],[-0.020272,51.472491],[-0.020266,51.472497],[-0.020211,51.472549],[-0.020183,51.47258],[-0.020139,51.472624],[-0.020108,51.472658],[-0.02009,51.472678],[-0.020057,51.472714],[-0.020035,51.472745],[-0.020019,51.47277],[-0.020006,51.472805],[-0.019997,51.472845],[-0.019989,51.472899],[-0.019964,51.472951],[-0.019966,51.472992],[-0.019973,51.473002],[-0.019978,51.473006],[-0.020015,51.473034],[-0.020076,51.473078],[-0.020095,51.47309],[-0.020127,51.473108],[-0.020174,51.473134],[-0.020224,51.473157],[-0.020262,51.473173],[-0.020359,51.473179],[-0.020432,51.473177],[-0.02046,51.473177],[-0.020515,51.473177],[-0.020547,51.473179],[-0.020571,51.473182],[-0.020614,51.473189],[-0.020659,51.473192],[-0.020669,51.473202],[-0.020711,51.473259],[-0.020726,51.473314],[-0.020734,51.473333],[-0.020742,51.473349],[-0.020767,51.473397],[-0.02083,51.473491],[-0.020863,51.473538],[-0.020877,51.473557],[-0.020886,51.473573],[-0.020909,51.473589],[-0.020925,51.473599],[-0.021001,51.473639],[-0.021076,51.473678],[-0.021155,51.473718],[-0.021186,51.473732],[-0.021275,51.473776],[-0.021315,51.473789],[-0.021407,51.473819],[-0.021471,51.473842],[-0.021533,51.473864],[-0.021562,51.473872],[-0.021607,51.473886],[-0.021678,51.473911],[-0.021661,51.473938],[-0.021714,51.473957],[-0.021802,51.473997],[-0.021843,51.473968],[-0.021907,51.47399],[-0.02202,51.474028],[-0.022084,51.474048],[-0.022119,51.474061],[-0.022159,51.474071],[-0.022277,51.47409],[-0.022309,51.474094],[-0.022477,51.47411],[-0.022564,51.474111],[-0.022582,51.474112],[-0.0226,51.474146],[-0.022616,51.474173],[-0.02263,51.474193],[-0.022656,51.474223],[-0.022678,51.47425],[-0.022695,51.474276],[-0.022703,51.474298],[-0.022778,51.474305],[-0.022781,51.47431],[-0.022791,51.474336],[-0.022797,51.474359],[-0.0228,51.474381],[-0.022796,51.474446],[-0.022792,51.474466],[-0.022782,51.474515],[-0.022774,51.474557],[-0.022768,51.474608],[-0.02276,51.474677],[-0.022764,51.474721],[-0.02277,51.474747],[-0.022781,51.474802],[-0.022791,51.47483],[-0.022822,51.474926],[-0.02287,51.475056],[-0.022913,51.475164],[-0.022912,51.475232],[-0.0229,51.475264],[-0.022861,51.475312],[-0.022826,51.475335],[-0.022807,51.475343],[-0.022762,51.475356],[-0.022724,51.475361],[-0.0227,51.475365],[-0.022656,51.475368],[-0.022614,51.475368],[-0.022576,51.475368],[-0.022539,51.475365],[-0.022477,51.475367],[-0.022445,51.475369],[-0.022321,51.475393],[-0.022292,51.475399],[-0.022266,51.475408],[-0.022213,51.475428],[-0.022174,51.475444],[-0.022124,51.475458],[-0.022062,51.475471],[-0.021961,51.47548],[-0.021774,51.475491],[-0.021573,51.475499],[-0.021401,51.475505],[-0.021307,51.475511],[-0.021181,51.475519],[-0.021101,51.475521],[-0.02103,51.475528],[-0.020982,51.475532],[-0.020933,51.475542],[-0.020908,51.47555],[-0.020864,51.475574],[-0.020819,51.475599],[-0.020771,51.475634],[-0.020744,51.475673],[-0.020711,51.475716],[-0.020679,51.475776],[-0.020656,51.475807],[-0.020647,51.475839],[-0.020636,51.475864],[-0.020634,51.47587],[-0.020632,51.475901],[-0.020629,51.475906],[-0.02063,51.475924],[-0.020636,51.475955],[-0.020658,51.476045],[-0.020673,51.476083],[-0.020687,51.476133],[-0.020699,51.476165],[-0.020721,51.476233],[-0.020735,51.476285],[-0.020744,51.476321],[-0.020751,51.476365],[-0.020754,51.476418],[-0.020757,51.476437],[-0.020756,51.476479],[-0.020738,51.476534],[-0.0207,51.476591],[-0.020668,51.47663],[-0.020643,51.476656],[-0.020595,51.476709],[-0.020568,51.476733],[-0.020543,51.47675],[-0.02051,51.476775],[-0.02047,51.476795],[-0.02032,51.476867],[-0.020213,51.476923],[-0.020175,51.476942],[-0.020149,51.476952],[-0.020088,51.476976],[-0.020016,51.477001],[-0.019967,51.477016],[-0.019884,51.477038],[-0.019659,51.477081],[-0.019469,51.47711],[-0.019406,51.477123],[-0.019386,51.477127],[-0.019269,51.477158],[-0.01921,51.477177],[-0.019149,51.477205],[-0.019129,51.477219],[-0.019111,51.477237],[-0.019097,51.477252],[-0.019067,51.477312],[-0.019061,51.477337],[-0.019049,51.477404],[-0.019054,51.477433],[-0.019062,51.477487],[-0.019106,51.477616],[-0.019125,51.47769],[-0.019138,51.477737],[-0.019162,51.477812],[-0.019182,51.477878],[-0.019184,51.477917],[-0.019188,51.477941],[-0.019186,51.477973],[-0.019178,51.478013],[-0.019171,51.478067],[-0.019159,51.478109],[-0.019156,51.478131],[-0.01915,51.47815],[-0.019146,51.478171],[-0.019142,51.478192],[-0.019137,51.478213],[-0.019118,51.478299],[-0.019109,51.478349],[-0.0191,51.478412],[-0.0191,51.478417],[-0.019104,51.478464],[-0.019101,51.478519],[-0.019112,51.478564],[-0.019113,51.478602],[-0.019115,51.478655],[-0.019115,51.478687],[-0.019113,51.478702],[-0.019112,51.478741],[-0.019109,51.478772],[-0.019103,51.478809],[-0.019103,51.478845],[-0.019106,51.478869],[-0.019108,51.478899],[-0.019107,51.478907],[-0.019105,51.478937],[-0.019097,51.478963],[-0.01909,51.478983],[-0.019082,51.479008],[-0.019079,51.479024],[-0.019075,51.479033],[-0.019073,51.479045],[-0.019073,51.479062],[-0.019077,51.479125],[-0.019077,51.479161],[-0.019073,51.479193],[-0.019057,51.479213],[-0.019031,51.479251],[-0.019011,51.479272],[-0.01899,51.479296],[-0.018979,51.47932],[-0.018966,51.47936],[-0.018961,51.479391],[-0.018941,51.479432],[-0.018925,51.479448],[-0.018912,51.479461],[-0.018901,51.479475],[-0.018892,51.479483],[-0.018859,51.479518],[-0.018832,51.479544],[-0.018798,51.479581],[-0.01877,51.479615],[-0.018727,51.479648],[-0.018638,51.479707],[-0.018602,51.47973],[-0.018556,51.47976],[-0.018527,51.47978],[-0.018488,51.479807],[-0.018465,51.479818],[-0.018382,51.479856],[-0.018292,51.479881],[-0.018256,51.479888],[-0.018204,51.479894],[-0.018151,51.479896],[-0.018037,51.479906],[-0.017883,51.47992],[-0.017804,51.479926],[-0.017654,51.479939],[-0.017451,51.479956],[-0.017378,51.479964],[-0.017336,51.47997],[-0.017267,51.47998],[-0.017223,51.479989],[-0.01715,51.480009],[-0.017113,51.480022],[-0.017083,51.480034],[-0.017069,51.48004],[-0.017045,51.480052],[-0.017016,51.480069],[-0.016992,51.480083],[-0.016981,51.480091],[-0.016962,51.480104],[-0.016956,51.48011],[-0.016954,51.480112],[-0.016937,51.48013],[-0.016923,51.480148],[-0.01692,51.48015],[-0.016887,51.480186],[-0.016867,51.480208],[-0.016834,51.480246],[-0.016972,51.480331],[-0.017102,51.480411],[-0.017207,51.480475],[-0.017302,51.480532],[-0.017428,51.480608],[-0.017457,51.480625],[-0.017475,51.480637],[-0.01753,51.48067],[-0.017576,51.480698],[-0.017624,51.480727],[-0.017655,51.480744],[-0.017661,51.480748],[-0.017679,51.480756],[-0.017689,51.480762],[-0.017701,51.480768],[-0.017714,51.480777],[-0.017726,51.48079],[-0.017734,51.480803],[-0.01774,51.480817],[-0.017749,51.480829],[-0.017758,51.480839],[-0.017787,51.480859],[-0.017792,51.480864],[-0.017801,51.480873],[-0.017834,51.48087],[-0.017988,51.480856],[-0.018232,51.480832],[-0.018368,51.480818],[-0.018474,51.480806],[-0.018497,51.480802],[-0.01859,51.480788],[-0.018652,51.480774],[-0.01871,51.480761],[-0.018791,51.480737],[-0.018832,51.480724],[-0.018979,51.480676],[-0.019138,51.480624],[-0.019334,51.480561],[-0.019499,51.480507],[-0.019678,51.480449],[-0.019721,51.480436],[-0.019775,51.480418],[-0.019806,51.480409],[-0.01988,51.480386],[-0.020065,51.480326],[-0.020178,51.480291],[-0.020304,51.48025],[-0.020401,51.480219],[-0.020388,51.480175],[-0.02036,51.480084],[-0.020335,51.480001],[-0.020308,51.479914],[-0.020459,51.479901],[-0.020619,51.479886],[-0.020815,51.479869],[-0.020956,51.479855],[-0.021081,51.479843],[-0.02126,51.479826],[-0.021424,51.47981],[-0.021573,51.479796],[-0.021732,51.479781],[-0.021892,51.479766],[-0.021903,51.479765],[-0.02206,51.479751],[-0.02221,51.479738],[-0.022349,51.479726],[-0.022461,51.479716],[-0.022522,51.47971],[-0.02265,51.479698],[-0.022815,51.479683],[-0.022901,51.479676],[-0.022971,51.479669],[-0.02304,51.479665],[-0.02304,51.479688],[-0.023046,51.479867],[-0.023052,51.479982],[-0.023066,51.480119],[-0.02308,51.480209],[-0.023106,51.480383],[-0.023139,51.480597],[-0.023153,51.480667],[-0.023178,51.480699],[-0.023227,51.480744],[-0.023282,51.480781],[-0.023345,51.48081],[-0.023399,51.480829],[-0.024412,51.481077],[-0.02466,51.481137],[-0.025141,51.481248],[-0.025391,51.481302],[-0.025711,51.481368],[-0.025896,51.481404],[-0.026078,51.48144],[-0.026261,51.481476],[-0.026373,51.481496],[-0.026341,51.481541],[-0.026324,51.481562],[-0.026305,51.481585],[-0.026257,51.481634],[-0.026161,51.481711],[-0.026059,51.481788],[-0.025996,51.481837],[-0.02595,51.481873],[-0.025929,51.481892],[-0.025896,51.481925],[-0.025864,51.48197],[-0.025807,51.482054],[-0.025777,51.482108],[-0.025762,51.482151],[-0.025758,51.482178],[-0.025756,51.482206],[-0.025739,51.482326],[-0.025722,51.482395],[-0.025711,51.482477],[-0.025688,51.482624],[-0.025668,51.482737],[-0.02564,51.482897],[-0.025615,51.483038],[-0.025596,51.483145],[-0.025564,51.483224],[-0.02556,51.483252],[-0.02555,51.483374],[-0.025554,51.483408],[-0.025545,51.483439],[-0.025532,51.483488],[-0.025513,51.483562],[-0.025352,51.484005],[-0.0253,51.484153],[-0.025288,51.484223],[-0.02528,51.48427],[-0.02527,51.484332],[-0.025263,51.484372],[-0.025256,51.484415],[-0.025248,51.484464],[-0.025239,51.484519],[-0.025231,51.484569],[-0.025225,51.484606],[-0.025215,51.484667],[-0.025205,51.484728],[-0.025196,51.484781],[-0.025188,51.484823],[-0.025186,51.484835],[-0.025187,51.484853],[-0.025187,51.484854],[-0.025188,51.484893],[-0.025188,51.484903],[-0.025186,51.484916],[-0.025188,51.484944],[-0.025181,51.484969],[-0.025167,51.485023],[-0.025123,51.485095],[-0.025078,51.485167],[-0.025027,51.485247],[-0.024975,51.485326],[-0.024925,51.485392],[-0.024845,51.4855],[-0.0248,51.485563],[-0.024741,51.485649],[-0.024673,51.48575],[-0.024634,51.485807],[-0.024588,51.485872],[-0.024522,51.485924],[-0.024417,51.486007],[-0.024315,51.486087],[-0.02421,51.48617],[-0.02411,51.486249],[-0.024004,51.486333],[-0.023841,51.486462],[-0.023623,51.486634],[-0.023543,51.486697],[-0.023452,51.486769],[-0.02341,51.486803],[-0.023404,51.4868],[-0.023345,51.486775],[-0.023222,51.486715],[-0.023143,51.486674],[-0.022947,51.486557],[-0.022732,51.486445],[-0.022348,51.486273],[-0.022155,51.4862],[-0.02187,51.486092],[-0.021558,51.485961],[-0.02124,51.485832],[-0.020744,51.485653],[-0.020073,51.485417],[-0.0196,51.485255],[-0.018887,51.485072],[-0.018788,51.485045],[-0.018005,51.484823],[-0.017958,51.484809],[-0.017888,51.484793],[-0.017834,51.484784],[-0.017799,51.484781],[-0.017741,51.48478],[-0.017678,51.48478],[-0.017607,51.484781],[-0.017495,51.484777],[-0.017211,51.484748],[-0.017031,51.484729],[-0.016944,51.484719],[-0.016884,51.484712],[-0.016797,51.484699],[-0.016748,51.48469],[-0.016638,51.484672],[-0.016565,51.484662],[-0.016495,51.484654],[-0.016458,51.484649],[-0.016444,51.484648],[-0.016378,51.484643],[-0.016336,51.48464],[-0.016317,51.484638],[-0.0163,51.484637],[-0.016273,51.484635],[-0.016219,51.484632],[-0.016178,51.48463],[-0.016096,51.484626],[-0.01606,51.484624],[-0.016022,51.484622],[-0.015981,51.48462],[-0.015957,51.484618],[-0.015916,51.484615],[-0.015749,51.484596],[-0.015639,51.484584],[-0.015569,51.484577],[-0.0155,51.484572],[-0.015424,51.484567],[-0.015302,51.48456],[-0.015242,51.484558],[-0.015107,51.484555],[-0.014936,51.484551],[-0.014848,51.484549],[-0.014718,51.484546],[-0.014652,51.484545],[-0.014601,51.484546],[-0.014537,51.484544],[-0.014433,51.484537],[-0.01432,51.48453],[-0.014245,51.484528],[-0.014075,51.484525],[-0.013898,51.484523],[-0.013776,51.484517],[-0.013586,51.484508],[-0.013403,51.4845],[-0.013299,51.484496],[-0.01322,51.484494],[-0.013123,51.484495],[-0.01304,51.484498],[-0.012972,51.484502],[-0.012824,51.484515],[-0.012733,51.484522],[-0.01252,51.484542],[-0.012069,51.484588],[-0.011275,51.484657],[-0.011086,51.484681],[-0.010963,51.484691],[-0.010707,51.484724],[-0.010609,51.48474],[-0.010221,51.484797],[-0.009906,51.484854],[-0.009455,51.484927],[-0.008678,51.485057],[-0.007932,51.485209],[-0.007439,51.48536],[-0.006941,51.485512],[-0.00671,51.485583],[-0.00666,51.485594],[-0.006303,51.485695],[-0.006043,51.485765],[-0.005777,51.485852],[-0.005545,51.485927],[-0.005445,51.48596],[-0.005407,51.485974],[-0.005342,51.485994],[-0.005282,51.486016],[-0.005225,51.486036],[-0.005169,51.486057],[-0.005058,51.486101],[-0.00495,51.48615],[-0.004811,51.486216],[-0.00476,51.486239],[-0.004676,51.486277],[-0.004538,51.486342],[-0.004487,51.486365],[-0.004358,51.486425],[-0.004235,51.486482],[-0.004133,51.48653],[-0.004084,51.486553],[-0.004035,51.486575],[-0.004008,51.48659],[-0.003982,51.486601],[-0.003964,51.48661],[-0.003908,51.48664],[-0.00384,51.486674],[-0.003763,51.486713],[-0.003693,51.486748],[-0.003643,51.486773],[-0.003622,51.486785],[-0.003565,51.486815],[-0.003479,51.48686],[-0.003386,51.486909],[-0.003192,51.487011],[-0.003084,51.487068],[-0.002869,51.487196],[-0.002497,51.487431],[-0.002323,51.487546],[-0.002242,51.487601],[-0.002164,51.487655],[-0.00207,51.487728],[-0.001956,51.487824],[-0.001837,51.487931],[-0.001752,51.488011],[-0.001517,51.488235],[-0.00145,51.488307],[-0.001276,51.488544],[-0.001213,51.488641],[-0.001168,51.48871],[-0.000829,51.489297],[-0.000715,51.489514],[-0.000614,51.489694],[-0.000578,51.489784],[-0.000516,51.49007],[-0.00048,51.490254],[-0.000441,51.490417],[-0.000431,51.490536],[-0.00044,51.490657],[-0.000451,51.490823],[-0.000451,51.490827],[-0.000449,51.490881],[-0.000444,51.490909],[-0.000411,51.491081],[-0.000397,51.491152],[-0.000392,51.491199],[-0.000388,51.491302],[-0.000389,51.49139],[-0.000454,51.49158],[-0.000525,51.491751],[-0.000587,51.491923],[-0.000672,51.492188],[-0.000729,51.492368],[-0.000771,51.492485],[-0.000788,51.49254],[-0.000873,51.492753],[-0.000942,51.492916],[-0.000989,51.493024],[-0.001016,51.493084],[-0.001119,51.493311],[-0.001188,51.493446],[-0.001221,51.49351],[-0.001243,51.493542],[-0.001327,51.493662],[-0.001377,51.493736],[-0.001407,51.493787],[-0.00148,51.493914],[-0.001523,51.493984],[-0.001572,51.494053],[-0.00161,51.494104],[-0.001646,51.494148],[-0.001687,51.494197],[-0.00172,51.494235],[-0.001766,51.494287],[-0.001869,51.494397],[-0.002003,51.49454],[-0.002153,51.494702],[-0.002443,51.495108],[-0.00273,51.495537],[-0.002853,51.495722],[-0.002951,51.495887],[-0.003014,51.495997],[-0.003244,51.496411],[-0.003337,51.496585],[-0.003428,51.49675],[-0.003526,51.496906],[-0.003668,51.497135],[-0.003844,51.497424],[-0.004058,51.49777],[-0.004137,51.497925],[-0.004305,51.498272],[-0.00435,51.498379],[-0.00445,51.498636],[-0.004577,51.499003],[-0.00492,51.500139],[-0.004968,51.500371],[-0.005056,51.500727],[-0.005153,51.500886],[-0.005169,51.500933],[-0.005171,51.500992],[-0.005149,51.501244],[-0.00511,51.501461],[-0.005101,51.501508],[-0.005089,51.501542],[-0.005071,51.501574],[-0.005009,51.501678],[-0.004975,51.501731],[-0.004922,51.501819],[-0.004902,51.501856],[-0.004885,51.501884],[-0.004872,51.501915],[-0.004849,51.501961],[-0.004805,51.502076],[-0.004795,51.502112],[-0.004641,51.502512],[-0.004535,51.50281],[-0.004494,51.502931],[-0.004481,51.502967],[-0.004462,51.503002],[-0.004374,51.503147],[-0.004323,51.503224],[-0.004229,51.503346],[-0.004159,51.50344],[-0.004132,51.503472],[-0.004052,51.503559],[-0.003975,51.503648],[-0.003882,51.503735],[-0.003804,51.503805],[-0.003744,51.503861],[-0.003726,51.503878],[-0.00369,51.503911],[-0.003671,51.50393],[-0.003646,51.50396],[-0.003611,51.504007],[-0.003571,51.504054],[-0.003533,51.504095],[-0.00349,51.504145],[-0.003452,51.504181],[-0.003378,51.504257],[-0.003336,51.504306],[-0.003202,51.504483],[-0.003074,51.504608],[-0.002797,51.504855],[-0.002739,51.504905],[-0.002651,51.504969],[-0.002427,51.505152],[-0.001973,51.505452],[-0.001291,51.50587],[-0.000892,51.506059],[-0.000776,51.506109],[-0.000661,51.506152],[-0.00053,51.506197],[-0.00037,51.506249],[-0.00013,51.506319],[0.000171,51.506396],[0.000368,51.506441],[0.000769,51.506522],[0.001115,51.506592],[0.001171,51.506608],[0.001234,51.506621],[0.001436,51.506661],[0.001509,51.506669],[0.001686,51.506694],[0.002045,51.506725],[0.002214,51.506735],[0.002325,51.506737],[0.002401,51.50674],[0.00263,51.506741],[0.002773,51.506739],[0.002887,51.506739],[0.002979,51.506739],[0.003085,51.506742],[0.003153,51.506747],[0.003196,51.506751],[0.003313,51.506757],[0.003362,51.506761],[0.003414,51.506764],[0.003456,51.506765],[0.003482,51.506766],[0.003522,51.506766],[0.00356,51.506767],[0.003585,51.506767],[0.003676,51.506767],[0.003779,51.506761],[0.003919,51.506743],[0.004056,51.506721],[0.004135,51.506703],[0.004167,51.506699],[0.004275,51.506678],[0.004376,51.506656],[0.004458,51.506639],[0.004571,51.506612],[0.00472,51.506572],[0.004811,51.506545],[0.004862,51.50653],[0.004926,51.506512],[0.005018,51.506484],[0.005092,51.506459],[0.00517,51.506433],[0.005255,51.506406],[0.00538,51.506369],[0.005992,51.506163],[0.00609,51.506125],[0.006367,51.506028],[0.006574,51.505949],[0.007087,51.505754],[0.007305,51.505665],[0.007604,51.505535],[0.007635,51.505521],[0.008023,51.50535],[0.008175,51.505279],[0.008323,51.505203],[0.008519,51.505089],[0.008613,51.505032],[0.008794,51.504899],[0.00885,51.504865],[0.009165,51.504641],[0.009388,51.504479],[0.00953,51.504369],[0.009729,51.50422],[0.01001,51.504003],[0.010142,51.503902],[0.010256,51.503809],[0.010342,51.50374],[0.010437,51.503656],[0.010476,51.503625],[0.010514,51.503591],[0.010585,51.503528],[0.010654,51.503469],[0.010737,51.503397],[0.010762,51.503372],[0.011248,51.50291],[0.012446,51.501871],[0.012843,51.50154],[0.013388,51.501084],[0.014152,51.500442],[0.015015,51.499686],[0.015366,51.499392],[0.015631,51.499189],[0.016242,51.498806],[0.017574,51.498084],[0.017576,51.498083],[0.018433,51.49767],[0.019217,51.497357],[0.019829,51.497156],[0.020712,51.49689],[0.021208,51.496742],[0.019909,51.467359]]]}},
{"type":"Feature","properties":{"layer":"London_Boroughs","id":27,"OBJECTID":27,"NAME":"Tower Hamlets London Boro","AREA_CODE":"LBO","DESCRIPTIO":"London Borough","FILE_NAME":"GREATER_LONDON_AUTHORITY","NUMBER":318,"NUMBER0":318,"POLYGON_ID":50746,"UNIT_ID":11185,"CODE":"E09000030","HECTARES":2157.691,"AREA":180.604,"TYPE_CODE":"AA","DESCRIPT0":"CIVIL ADMINISTRATION AREA","TYPE_COD0":" ","DESCRIPT1":" ","Shape_Length":26818.20089791531,"Shape_Area":21576909.40919486,"clipped_to_zone":true,"in_cw":true,"whole_in_zone":false},"geometry":{"type":"Polygon","coordinates":[[[-0.008425,51.527197],[-0.008409,51.527154],[-0.00837,51.527066],[-0.008368,51.52706],[-0.008354,51.527033],[-0.00835,51.527023],[-0.008342,51.527011],[-0.008341,51.527009],[-0.008274,51.526916],[-0.008243,51.526875],[-0.008187,51.526811],[-0.00814,51.526762],[-0.008105,51.526729],[-0.00806,51.526689],[-0.007998,51.526639],[-0.007911,51.526572],[-0.007902,51.526566],[-0.007781,51.526475],[-0.007724,51.526429],[-0.00767,51.526383],[-0.007612,51.526329],[-0.007595,51.526312],[-0.007563,51.526276],[-0.007548,51.526256],[-0.007534,51.526237],[-0.007521,51.526216],[-0.00751,51.526198],[-0.00749,51.52615],[-0.007483,51.526124],[-0.007477,51.526101],[-0.00747,51.526074],[-0.00746,51.526016],[-0.007455,51.525993],[-0.00745,51.525947],[-0.00745,51.525931],[-0.00745,51.525908],[-0.007452,51.525887],[-0.007459,51.525828],[-0.007467,51.525782],[-0.007482,51.525735],[-0.007493,51.525708],[-0.00751,51.525677],[-0.007534,51.525637],[-0.00756,51.525601],[-0.007582,51.525571],[-0.007592,51.525559],[-0.007607,51.525544],[-0.007628,51.525524],[-0.007696,51.525462],[-0.007763,51.525394],[-0.007808,51.525339],[-0.00782,51.525323],[-0.007871,51.525236],[-0.0079,51.525174],[-0.007917,51.525135],[-0.007937,51.52508],[-0.007968,51.524987],[-0.007984,51.524922],[-0.007999,51.524853],[-0.008008,51.524784],[-0.008027,51.524591],[-0.008034,51.524548],[-0.008038,51.524512],[-0.008042,51.524493],[-0.008054,51.524324],[-0.008054,51.524234],[-0.008059,51.524103],[-0.008065,51.524042],[-0.008071,51.523979],[-0.008078,51.523919],[-0.008081,51.52389],[-0.008086,51.523859],[-0.008091,51.523835],[-0.008113,51.523746],[-0.008124,51.523676],[-0.008127,51.523635],[-0.008129,51.523565],[-0.008125,51.52347],[-0.008124,51.523448],[-0.008116,51.523401],[-0.008103,51.523357],[-0.008088,51.523324],[-0.008071,51.523299],[-0.008048,51.523274],[-0.008034,51.523259],[-0.008022,51.523248],[-0.007976,51.523192],[-0.007885,51.52307],[-0.007861,51.523037],[-0.007845,51.523012],[-0.007821,51.522971],[-0.007805,51.522933],[-0.007802,51.522918],[-0.007799,51.522898],[-0.007798,51.522879],[-0.007799,51.522867],[-0.007801,51.522846],[-0.007806,51.522822],[-0.007814,51.522799],[-0.007846,51.522719],[-0.007872,51.522655],[-0.007904,51.522576],[-0.007942,51.522494],[-0.007972,51.522428],[-0.007986,51.522405],[-0.008003,51.522383],[-0.008016,51.522368],[-0.008053,51.522337],[-0.008071,51.522326],[-0.008095,51.522307],[-0.008107,51.522297],[-0.008122,51.522282],[-0.008137,51.52226],[-0.008146,51.522245],[-0.008157,51.522226],[-0.008168,51.5222],[-0.008191,51.522151],[-0.008247,51.522038],[-0.008321,51.521889],[-0.008401,51.521724],[-0.008446,51.521638],[-0.008472,51.521597],[-0.008487,51.521578],[-0.008511,51.521552],[-0.008534,51.52153],[-0.008562,51.52151],[-0.008573,51.521502],[-0.008592,51.521486],[-0.008609,51.521471],[-0.008619,51.521461],[-0.00863,51.52145],[-0.008648,51.521425],[-0.008681,51.521382],[-0.008696,51.521364],[-0.00873,51.52131],[-0.008807,51.521188],[-0.00886,51.521106],[-0.008874,51.521078],[-0.008898,51.521028],[-0.008932,51.52096],[-0.008964,51.520896],[-0.008986,51.52085],[-0.008992,51.520842],[-0.009003,51.52082],[-0.009015,51.520797],[-0.00902,51.520781],[-0.009029,51.52075],[-0.009032,51.520731],[-0.009033,51.5207],[-0.00903,51.520595],[-0.009017,51.520417],[-0.009008,51.52029],[-0.009,51.520245],[-0.008961,51.520013],[-0.008949,51.519998],[-0.0089,51.519905],[-0.008873,51.519869],[-0.008855,51.519847],[-0.008808,51.519803],[-0.00876,51.519767],[-0.008692,51.519725],[-0.008607,51.519678],[-0.008526,51.51964],[-0.008471,51.519611],[-0.008392,51.519577],[-0.008202,51.519498],[-0.008118,51.519465],[-0.008049,51.519436],[-0.007954,51.519398],[-0.007844,51.51935],[-0.00772,51.519295],[-0.007607,51.519241],[-0.007521,51.519197],[-0.007434,51.519154],[-0.007301,51.51908],[-0.00729,51.519074],[-0.007187,51.519014],[-0.007126,51.518978],[-0.007028,51.518918],[-0.006963,51.518875],[-0.006924,51.518849],[-0.006892,51.518825],[-0.006869,51.518808],[-0.006839,51.518781],[-0.006794,51.518739],[-0.006739,51.51869],[-0.006618,51.518579],[-0.006563,51.518522],[-0.006485,51.518432],[-0.006447,51.518383],[-0.006399,51.518322],[-0.006291,51.518188],[-0.006235,51.518119],[-0.006185,51.518059],[-0.006156,51.518021],[-0.006092,51.517928],[-0.00607,51.517896],[-0.006042,51.517856],[-0.006036,51.517843],[-0.005953,51.517717],[-0.005888,51.517617],[-0.005875,51.517591],[-0.005864,51.517552],[-0.005854,51.517503],[-0.005846,51.517435],[-0.005847,51.517348],[-0.005856,51.517213],[-0.005853,51.517174],[-0.005832,51.517037],[-0.005812,51.516961],[-0.0058,51.51692],[-0.005763,51.516866],[-0.005712,51.516811],[-0.0057,51.516794],[-0.005664,51.516764],[-0.00561,51.516726],[-0.005582,51.516704],[-0.005499,51.51665],[-0.00545,51.516627],[-0.005378,51.516604],[-0.005332,51.516596],[-0.005286,51.516587],[-0.005253,51.516579],[-0.005233,51.516575],[-0.005207,51.516572],[-0.005195,51.51657],[-0.005161,51.516569],[-0.005122,51.51657],[-0.005102,51.51657],[-0.005067,51.516573],[-0.005011,51.516579],[-0.004969,51.516585],[-0.004925,51.516592],[-0.004889,51.516598],[-0.004832,51.516611],[-0.004773,51.516629],[-0.004717,51.516648],[-0.004657,51.516672],[-0.004582,51.516708],[-0.004521,51.516744],[-0.004467,51.516776],[-0.00439,51.51685],[-0.004349,51.51689],[-0.004303,51.516941],[-0.004211,51.517057],[-0.004162,51.517121],[-0.004117,51.51719],[-0.004039,51.517322],[-0.003978,51.517422],[-0.003927,51.517496],[-0.0039,51.517542],[-0.003871,51.517581],[-0.003842,51.517617],[-0.0038,51.517659],[-0.003771,51.517685],[-0.003729,51.517714],[-0.003675,51.517746],[-0.003604,51.517781],[-0.003546,51.517805],[-0.003471,51.517833],[-0.003406,51.517852],[-0.003319,51.517875],[-0.003203,51.517904],[-0.003125,51.517922],[-0.003035,51.51794],[-0.002966,51.517953],[-0.002869,51.517968],[-0.002782,51.517978],[-0.002665,51.51799],[-0.002558,51.517998],[-0.002405,51.51801],[-0.002362,51.518012],[-0.002335,51.518011],[-0.002308,51.518009],[-0.002262,51.518006],[-0.002216,51.517999],[-0.002183,51.517989],[-0.002153,51.517977],[-0.002088,51.517941],[-0.001956,51.517863],[-0.001791,51.51777],[-0.001765,51.517754],[-0.001628,51.517678],[-0.001513,51.517624],[-0.001315,51.517531],[-0.001215,51.517478],[-0.001157,51.517449],[-0.001063,51.517398],[-0.000922,51.517318],[-0.000555,51.517119],[-0.000402,51.517045],[-0.000185,51.516944],[0.000012,51.516855],[0.000093,51.516818],[0.000257,51.516738],[0.000333,51.516702],[0.000416,51.516665],[0.000523,51.516624],[0.000612,51.516589],[0.000694,51.51656],[0.000876,51.516494],[0.001065,51.516431],[0.00138,51.51632],[0.001595,51.516242],[0.001758,51.516183],[0.001876,51.516143],[0.001892,51.516136],[0.002081,51.516069],[0.002202,51.516026],[0.002407,51.51595],[0.002417,51.515946],[0.002523,51.515904],[0.002579,51.51588],[0.002652,51.515848],[0.002687,51.515832],[0.002714,51.51582],[0.002751,51.515802],[0.002801,51.515778],[0.00285,51.515754],[0.002863,51.515747],[0.002993,51.515681],[0.003018,51.515669],[0.003065,51.515642],[0.003165,51.515585],[0.003309,51.515503],[0.003319,51.515496],[0.003427,51.515428],[0.003496,51.515382],[0.003573,51.515326],[0.003588,51.515314],[0.003608,51.515301],[0.003655,51.515261],[0.003683,51.515238],[0.00378,51.515144],[0.003888,51.515041],[0.003939,51.514985],[0.003987,51.514927],[0.004038,51.514855],[0.004062,51.514815],[0.004081,51.514781],[0.0041,51.514734],[0.004112,51.514698],[0.004122,51.51466],[0.004124,51.514648],[0.004127,51.514636],[0.004132,51.514588],[0.004133,51.514552],[0.00413,51.514516],[0.004127,51.514491],[0.004122,51.514465],[0.004114,51.514435],[0.004098,51.514385],[0.004059,51.514325],[0.004007,51.514244],[0.00394,51.514164],[0.003862,51.514066],[0.003757,51.51392],[0.003676,51.513801],[0.003613,51.51367],[0.003561,51.513557],[0.003533,51.513508],[0.003508,51.513466],[0.003456,51.513388],[0.00327,51.513111],[0.003242,51.513068],[0.003206,51.513002],[0.003094,51.512809],[0.003002,51.512659],[0.002906,51.512501],[0.002822,51.512371],[0.002719,51.512212],[0.002597,51.512019],[0.002419,51.511717],[0.002367,51.511615],[0.002306,51.511485],[0.002276,51.511401],[0.002255,51.511312],[0.002237,51.511213],[0.002231,51.511131],[0.002234,51.511041],[0.002234,51.511015],[0.002235,51.511005],[0.00224,51.51097],[0.002258,51.510895],[0.002278,51.510829],[0.002307,51.510792],[0.002332,51.510765],[0.002358,51.510745],[0.002379,51.510732],[0.002424,51.510695],[0.002465,51.510665],[0.002515,51.510637],[0.002575,51.510608],[0.00263,51.510586],[0.002667,51.510574],[0.002722,51.510559],[0.002786,51.510546],[0.002867,51.510533],[0.002944,51.510523],[0.003033,51.510515],[0.003067,51.510512],[0.003137,51.510513],[0.003197,51.510515],[0.00325,51.510519],[0.003317,51.510526],[0.003375,51.510533],[0.003429,51.51054],[0.003472,51.510547],[0.003583,51.510566],[0.003655,51.51058],[0.003713,51.510593],[0.003774,51.51061],[0.003804,51.51062],[0.003842,51.510637],[0.003911,51.510664],[0.003966,51.510693],[0.004008,51.510719],[0.004051,51.510745],[0.004132,51.510793],[0.004166,51.510816],[0.004219,51.510867],[0.00427,51.510924],[0.004295,51.510955],[0.004323,51.510994],[0.004351,51.511039],[0.004387,51.511107],[0.004417,51.51118],[0.00446,51.511286],[0.004505,51.511428],[0.00452,51.511486],[0.004561,51.511661],[0.004606,51.511859],[0.00462,51.51192],[0.004641,51.511989],[0.004652,51.512069],[0.004657,51.512128],[0.004654,51.512267],[0.00465,51.512379],[0.004644,51.512494],[0.004638,51.512562],[0.004637,51.512662],[0.004643,51.512771],[0.004647,51.51282],[0.004652,51.512859],[0.004658,51.512893],[0.004668,51.512956],[0.004684,51.513031],[0.004698,51.513081],[0.004707,51.51311],[0.004722,51.513156],[0.004745,51.513217],[0.004767,51.513271],[0.004791,51.513321],[0.004826,51.51339],[0.004842,51.513409],[0.004882,51.513455],[0.004899,51.513476],[0.0049,51.513483],[0.004906,51.513501],[0.004915,51.513531],[0.00493,51.51356],[0.004941,51.513581],[0.00497,51.513615],[0.004997,51.513645],[0.005025,51.513676],[0.00505,51.513705],[0.005081,51.513742],[0.005128,51.513791],[0.00515,51.513814],[0.005197,51.513844],[0.005228,51.513865],[0.005236,51.51387],[0.005245,51.513877],[0.00526,51.513888],[0.005272,51.513897],[0.005299,51.513917],[0.005312,51.513927],[0.005339,51.513954],[0.005354,51.51397],[0.005381,51.514],[0.005398,51.514019],[0.005433,51.514056],[0.005463,51.514086],[0.005506,51.514126],[0.005537,51.514148],[0.005547,51.514155],[0.005573,51.514168],[0.005577,51.51417],[0.005589,51.514174],[0.005606,51.514179],[0.005635,51.514188],[0.005698,51.514194],[0.005767,51.514202],[0.005871,51.514225],[0.005941,51.514242],[0.006027,51.514284],[0.006076,51.514311],[0.006119,51.51432],[0.006217,51.514328],[0.006275,51.514328],[0.006303,51.514332],[0.006338,51.514337],[0.006396,51.514343],[0.006517,51.514342],[0.006638,51.514336],[0.006722,51.51433],[0.006783,51.514323],[0.006867,51.514313],[0.006915,51.514309],[0.006942,51.514308],[0.006966,51.514306],[0.00706,51.514301],[0.007112,51.514285],[0.007223,51.514245],[0.00727,51.514213],[0.007332,51.514169],[0.007363,51.514142],[0.007377,51.514128],[0.007393,51.514096],[0.007427,51.514052],[0.007449,51.514008],[0.007502,51.513946],[0.007561,51.513881],[0.00757,51.513869],[0.007597,51.513839],[0.007613,51.513814],[0.007652,51.513772],[0.007659,51.513767],[0.007661,51.513765],[0.007707,51.513739],[0.007758,51.513703],[0.007831,51.513641],[0.007856,51.513614],[0.007875,51.513591],[0.007898,51.513533],[0.007899,51.513494],[0.007906,51.513413],[0.007915,51.513367],[0.007927,51.513349],[0.007943,51.513324],[0.007974,51.513275],[0.008007,51.51323],[0.008014,51.513159],[0.008023,51.51311],[0.008031,51.51308],[0.008034,51.513038],[0.008052,51.512959],[0.008056,51.51292],[0.008057,51.512902],[0.008047,51.51284],[0.008026,51.512776],[0.008007,51.512712],[0.007984,51.512632],[0.007971,51.512577],[0.007964,51.512547],[0.007954,51.512524],[0.007928,51.512461],[0.007911,51.512418],[0.007893,51.512359],[0.007864,51.512294],[0.007827,51.51226],[0.007751,51.512197],[0.007717,51.512169],[0.007682,51.512126],[0.007667,51.512108],[0.007661,51.5121],[0.007594,51.512032],[0.007537,51.511957],[0.007466,51.511873],[0.007429,51.511833],[0.007375,51.511794],[0.00734,51.511765],[0.007313,51.511736],[0.007245,51.511625],[0.007241,51.511615],[0.007192,51.511539],[0.007161,51.511493],[0.007117,51.511441],[0.0071,51.511414],[0.007085,51.511375],[0.007071,51.511351],[0.007059,51.511312],[0.00704,51.511275],[0.007023,51.511232],[0.006954,51.511144],[0.006921,51.511118],[0.006886,51.511085],[0.006759,51.510999],[0.006682,51.510954],[0.006641,51.51092],[0.006597,51.51088],[0.006514,51.510803],[0.006431,51.510756],[0.006338,51.510676],[0.006304,51.510646],[0.006277,51.51062],[0.00623,51.510573],[0.006219,51.510562],[0.006194,51.510529],[0.006187,51.510488],[0.006163,51.510443],[0.006133,51.510416],[0.006113,51.510383],[0.006107,51.510374],[0.006065,51.510317],[0.006059,51.510309],[0.006033,51.510252],[0.005961,51.510112],[0.005959,51.510094],[0.005959,51.510071],[0.005958,51.510033],[0.005948,51.509993],[0.005957,51.50994],[0.005993,51.509888],[0.00607,51.509838],[0.006129,51.509789],[0.00618,51.509752],[0.006271,51.509717],[0.00634,51.509691],[0.006406,51.509668],[0.006521,51.50963],[0.006623,51.509603],[0.006755,51.509571],[0.006765,51.509569],[0.006825,51.509555],[0.006885,51.509541],[0.00699,51.509522],[0.007105,51.509511],[0.007222,51.509496],[0.00733,51.509475],[0.007701,51.509435],[0.007821,51.509426],[0.007955,51.5094],[0.008055,51.509377],[0.008314,51.509329],[0.00841,51.509302],[0.008439,51.509294],[0.008605,51.509255],[0.008715,51.509227],[0.008784,51.509209],[0.008872,51.509184],[0.009094,51.509091],[0.009161,51.509053],[0.009315,51.508952],[0.009438,51.508875],[0.009481,51.508834],[0.009546,51.508786],[0.009617,51.508722],[0.00966,51.508673],[0.009684,51.50864],[0.009722,51.508574],[0.009786,51.508503],[0.009836,51.508429],[0.009855,51.508349],[0.009854,51.50827],[0.009844,51.508186],[0.009809,51.508048],[0.009738,51.5079],[0.00967,51.507757],[0.009562,51.50763],[0.009467,51.507465],[0.009465,51.507463],[0.009388,51.50733],[0.009266,51.507112],[0.009184,51.506961],[0.00903,51.506781],[0.008796,51.506578],[0.008306,51.506147],[0.007604,51.505535],[0.007305,51.505665],[0.007087,51.505754],[0.006574,51.505949],[0.006367,51.506028],[0.00609,51.506125],[0.005992,51.506163],[0.00538,51.506369],[0.005255,51.506406],[0.00517,51.506433],[0.005092,51.506459],[0.005018,51.506484],[0.004926,51.506512],[0.004862,51.50653],[0.004811,51.506545],[0.00472,51.506572],[0.004571,51.506612],[0.004458,51.506639],[0.004376,51.506656],[0.004275,51.506678],[0.004167,51.506699],[0.004135,51.506703],[0.004056,51.506721],[0.003919,51.506743],[0.003779,51.506761],[0.003676,51.506767],[0.003585,51.506767],[0.00356,51.506767],[0.003522,51.506766],[0.003482,51.506766],[0.003456,51.506765],[0.003414,51.506764],[0.003362,51.506761],[0.003313,51.506757],[0.003196,51.506751],[0.003153,51.506747],[0.003085,51.506742],[0.002979,51.506739],[0.002887,51.506739],[0.002773,51.506739],[0.00263,51.506741],[0.002401,51.50674],[0.002325,51.506737],[0.002214,51.506735],[0.002045,51.506725],[0.001686,51.506694],[0.001509,51.506669],[0.001436,51.506661],[0.001234,51.506621],[0.001171,51.506608],[0.001115,51.506592],[0.000769,51.506522],[0.000368,51.506441],[0.000171,51.506396],[-0.00013,51.506319],[-0.00037,51.506249],[-0.00053,51.506197],[-0.000661,51.506152],[-0.000776,51.506109],[-0.000892,51.506059],[-0.001291,51.50587],[-0.001973,51.505452],[-0.002427,51.505152],[-0.002651,51.504969],[-0.002739,51.504905],[-0.002797,51.504855],[-0.003074,51.504608],[-0.003202,51.504483],[-0.003336,51.504306],[-0.003378,51.504257],[-0.003452,51.504181],[-0.00349,51.504145],[-0.003533,51.504095],[-0.003571,51.504054],[-0.003611,51.504007],[-0.003646,51.50396],[-0.003671,51.50393],[-0.00369,51.503911],[-0.003726,51.503878],[-0.003744,51.503861],[-0.003804,51.503805],[-0.003882,51.503735],[-0.003975,51.503648],[-0.004052,51.503559],[-0.004132,51.503472],[-0.004159,51.50344],[-0.004229,51.503346],[-0.004323,51.503224],[-0.004374,51.503147],[-0.004462,51.503002],[-0.004481,51.502967],[-0.004494,51.502931],[-0.004535,51.50281],[-0.004641,51.502512],[-0.004795,51.502112],[-0.004805,51.502076],[-0.004849,51.501961],[-0.004872,51.501915],[-0.004885,51.501884],[-0.004902,51.501856],[-0.004922,51.501819],[-0.004975,51.501731],[-0.005009,51.501678],[-0.005071,51.501574],[-0.005089,51.501542],[-0.005101,51.501508],[-0.00511,51.501461],[-0.005149,51.501244],[-0.005171,51.500992],[-0.005169,51.500933],[-0.005153,51.500886],[-0.005056,51.500727],[-0.004968,51.500371],[-0.00492,51.500139],[-0.004577,51.499003],[-0.00445,51.498636],[-0.00435,51.498379],[-0.004305,51.498272],[-0.004137,51.497925],[-0.004058,51.49777],[-0.003844,51.497424],[-0.003668,51.497135],[-0.003526,51.496906],[-0.003428,51.49675],[-0.003337,51.496585],[-0.003244,51.496411],[-0.003014,51.495997],[-0.002951,51.495887],[-0.002853,51.495722],[-0.00273,51.495537],[-0.002443,51.495108],[-0.002153,51.494702],[-0.002003,51.49454],[-0.001869,51.494397],[-0.001766,51.494287],[-0.00172,51.494235],[-0.001687,51.494197],[-0.001646,51.494148],[-0.00161,51.494104],[-0.001572,51.494053],[-0.001523,51.493984],[-0.00148,51.493914],[-0.001407,51.493787],[-0.001377,51.493736],[-0.001327,51.493662],[-0.001243,51.493542],[-0.001221,51.49351],[-0.001188,51.493446],[-0.001119,51.493311],[-0.001016,51.493084],[-0.000989,51.493024],[-0.000942,51.492916],[-0.000873,51.492753],[-0.000788,51.49254],[-0.000771,51.492485],[-0.000729,51.492368],[-0.000672,51.492188],[-0.000587,51.491923],[-0.000525,51.491751],[-0.000454,51.49158],[-0.000389,51.49139],[-0.000388,51.491302],[-0.000392,51.491199],[-0.000397,51.491152],[-0.000411,51.491081],[-0.000444,51.490909],[-0.000449,51.490881],[-0.000451,51.490827],[-0.000451,51.490823],[-0.00044,51.490657],[-0.000431,51.490536],[-0.000441,51.490417],[-0.00048,51.490254],[-0.000516,51.49007],[-0.000578,51.489784],[-0.000614,51.489694],[-0.000715,51.489514],[-0.000829,51.489297],[-0.001168,51.48871],[-0.001213,51.488641],[-0.001276,51.488544],[-0.00145,51.488307],[-0.001517,51.488235],[-0.001752,51.488011],[-0.001837,51.487931],[-0.001956,51.487824],[-0.00207,51.487728],[-0.002164,51.487655],[-0.002242,51.487601],[-0.002323,51.487546],[-0.002497,51.487431],[-0.002869,51.487196],[-0.003084,51.487068],[-0.003192,51.487011],[-0.003386,51.486909],[-0.003479,51.48686],[-0.003565,51.486815],[-0.003622,51.486785],[-0.003643,51.486773],[-0.003693,51.486748],[-0.003763,51.486713],[-0.00384,51.486674],[-0.003908,51.48664],[-0.003964,51.48661],[-0.003982,51.486601],[-0.004008,51.48659],[-0.004035,51.486575],[-0.004084,51.486553],[-0.004133,51.48653],[-0.004235,51.486482],[-0.004358,51.486425],[-0.004487,51.486365],[-0.004538,51.486342],[-0.004676,51.486277],[-0.00476,51.486239],[-0.004811,51.486216],[-0.00495,51.48615],[-0.005058,51.486101],[-0.005169,51.486057],[-0.005225,51.486036],[-0.005282,51.486016],[-0.005342,51.485994],[-0.005407,51.485974],[-0.005445,51.48596],[-0.005545,51.485927],[-0.005777,51.485852],[-0.006043,51.485765],[-0.006303,51.485695],[-0.00666,51.485594],[-0.00671,51.485583],[-0.006941,51.485512],[-0.007439,51.48536],[-0.007932,51.485209],[-0.008678,51.485057],[-0.009455,51.484927],[-0.009906,51.484854],[-0.010221,51.484797],[-0.010609,51.48474],[-0.010707,51.484724],[-0.010963,51.484691],[-0.011086,51.484681],[-0.011275,51.484657],[-0.012069,51.484588],[-0.01252,51.484542],[-0.012733,51.484522],[-0.012824,51.484515],[-0.012972,51.484502],[-0.01304,51.484498],[-0.013123,51.484495],[-0.01322,51.484494],[-0.013299,51.484496],[-0.013403,51.4845],[-0.013586,51.484508],[-0.013776,51.484517],[-0.013898,51.484523],[-0.014075,51.484525],[-0.014245,51.484528],[-0.01432,51.48453],[-0.014433,51.484537],[-0.014537,51.484544],[-0.014601,51.484546],[-0.014652,51.484545],[-0.014718,51.484546],[-0.014848,51.484549],[-0.014936,51.484551],[-0.015107,51.484555],[-0.015242,51.484558],[-0.015302,51.48456],[-0.015424,51.484567],[-0.0155,51.484572],[-0.015569,51.484577],[-0.015639,51.484584],[-0.015749,51.484596],[-0.015916,51.484615],[-0.015957,51.484618],[-0.015981,51.48462],[-0.016022,51.484622],[-0.01606,51.484624],[-0.016096,51.484626],[-0.016178,51.48463],[-0.016219,51.484632],[-0.016273,51.484635],[-0.0163,51.484637],[-0.016317,51.484638],[-0.016336,51.48464],[-0.016378,51.484643],[-0.016444,51.484648],[-0.016458,51.484649],[-0.016495,51.484654],[-0.016565,51.484662],[-0.016638,51.484672],[-0.016748,51.48469],[-0.016797,51.484699],[-0.016884,51.484712],[-0.016944,51.484719],[-0.017031,51.484729],[-0.017211,51.484748],[-0.017495,51.484777],[-0.017607,51.484781],[-0.017678,51.48478],[-0.017741,51.48478],[-0.017799,51.484781],[-0.017834,51.484784],[-0.017888,51.484793],[-0.017958,51.484809],[-0.018005,51.484823],[-0.018788,51.485045],[-0.018887,51.485072],[-0.0196,51.485255],[-0.020073,51.485417],[-0.020744,51.485653],[-0.02124,51.485832],[-0.021558,51.485961],[-0.02187,51.486092],[-0.022155,51.4862],[-0.022348,51.486273],[-0.022732,51.486445],[-0.022947,51.486557],[-0.023143,51.486674],[-0.023222,51.486715],[-0.023345,51.486775],[-0.023404,51.4868],[-0.02341,51.486803],[-0.023505,51.486841],[-0.023761,51.486962],[-0.02425,51.487232],[-0.024667,51.487485],[-0.025305,51.48792],[-0.026219,51.488583],[-0.026591,51.488855],[-0.026995,51.489198],[-0.027259,51.489435],[-0.027289,51.48947],[-0.027324,51.489508],[-0.0274,51.489588],[-0.027474,51.489667],[-0.027547,51.489745],[-0.02761,51.489813],[-0.027701,51.489914],[-0.027765,51.489988],[-0.027794,51.490023],[-0.027831,51.490067],[-0.027871,51.49012],[-0.027925,51.490196],[-0.027962,51.490252],[-0.02801,51.490325],[-0.028051,51.49038],[-0.028092,51.490423],[-0.028144,51.490496],[-0.028209,51.490585],[-0.028248,51.490638],[-0.028317,51.490732],[-0.028428,51.490879],[-0.028521,51.491006],[-0.028617,51.491137],[-0.028718,51.491274],[-0.028811,51.491399],[-0.028897,51.49151],[-0.028943,51.491573],[-0.028981,51.49162],[-0.028997,51.491644],[-0.029073,51.491765],[-0.029159,51.491905],[-0.029222,51.492009],[-0.029301,51.492145],[-0.029359,51.492243],[-0.02944,51.492381],[-0.029515,51.492509],[-0.029594,51.492642],[-0.029685,51.492796],[-0.029732,51.492876],[-0.029758,51.49294],[-0.029784,51.493011],[-0.029795,51.493041],[-0.02981,51.493116],[-0.029818,51.493151],[-0.029834,51.493246],[-0.029843,51.493284],[-0.029857,51.493366],[-0.029859,51.493392],[-0.029878,51.493473],[-0.02989,51.493534],[-0.029897,51.493569],[-0.02999,51.493985],[-0.030008,51.494088],[-0.030096,51.494424],[-0.030116,51.494672],[-0.030181,51.495334],[-0.030188,51.495488],[-0.030203,51.495613],[-0.030192,51.495718],[-0.030192,51.495741],[-0.03018,51.496013],[-0.03018,51.496104],[-0.030176,51.496164],[-0.030175,51.496241],[-0.030175,51.496269],[-0.030169,51.49634],[-0.030162,51.496412],[-0.030144,51.496578],[-0.030115,51.49685],[-0.030097,51.497063],[-0.030069,51.497336],[-0.030035,51.497579],[-0.030029,51.497625],[-0.030016,51.497755],[-0.03001,51.497819],[-0.030002,51.497885],[-0.030006,51.497994],[-0.03001,51.498088],[-0.030012,51.498147],[-0.030008,51.498245],[-0.029997,51.498381],[-0.029991,51.498417],[-0.029982,51.498498],[-0.029967,51.498593],[-0.029937,51.498848],[-0.029924,51.498933],[-0.029907,51.499055],[-0.0299,51.499116],[-0.02988,51.499215],[-0.029868,51.49931],[-0.029843,51.499423],[-0.029841,51.499436],[-0.029805,51.499582],[-0.029794,51.49963],[-0.029777,51.499702],[-0.029758,51.49979],[-0.029734,51.499898],[-0.029732,51.499904],[-0.029726,51.499937],[-0.02972,51.499966],[-0.029715,51.499995],[-0.029705,51.500054],[-0.029695,51.500114],[-0.029682,51.500204],[-0.029656,51.500374],[-0.029643,51.500488],[-0.029561,51.500935],[-0.029536,51.501119],[-0.029457,51.501841],[-0.029422,51.502235],[-0.029413,51.502372],[-0.029401,51.50246],[-0.029394,51.502518],[-0.02939,51.50255],[-0.029374,51.502625],[-0.029362,51.502683],[-0.029383,51.502778],[-0.029392,51.50282],[-0.02941,51.502884],[-0.029424,51.502949],[-0.029448,51.503042],[-0.029453,51.503083],[-0.029502,51.503303],[-0.029512,51.50336],[-0.029522,51.503421],[-0.029548,51.503539],[-0.029585,51.503746],[-0.029622,51.504003],[-0.029629,51.504109],[-0.029631,51.504166],[-0.029622,51.504203],[-0.02961,51.504262],[-0.029592,51.504296],[-0.029588,51.504304],[-0.02958,51.504337],[-0.029573,51.504363],[-0.029574,51.504366],[-0.029603,51.50443],[-0.029632,51.504492],[-0.029668,51.50457],[-0.029702,51.504643],[-0.029746,51.504738],[-0.029755,51.504766],[-0.029826,51.504922],[-0.029847,51.504974],[-0.029875,51.505034],[-0.029894,51.505079],[-0.029988,51.505238],[-0.030074,51.505394],[-0.03013,51.505489],[-0.030182,51.505548],[-0.030284,51.505644],[-0.030348,51.505708],[-0.030417,51.505774],[-0.030454,51.505818],[-0.030475,51.505837],[-0.030521,51.505891],[-0.030635,51.50601],[-0.030798,51.506142],[-0.030842,51.506179],[-0.030951,51.506212],[-0.03101,51.506224],[-0.03121,51.506287],[-0.031245,51.5063],[-0.031282,51.506315],[-0.031351,51.506351],[-0.031374,51.506363],[-0.031464,51.506409],[-0.031535,51.506453],[-0.031596,51.506498],[-0.03163,51.506528],[-0.031641,51.506538],[-0.031681,51.50658],[-0.031727,51.506622],[-0.031734,51.50663],[-0.031747,51.506644],[-0.03176,51.50665],[-0.031791,51.506666],[-0.03182,51.506682],[-0.031877,51.506711],[-0.031982,51.506765],[-0.032046,51.506797],[-0.032127,51.506844],[-0.03222,51.506896],[-0.032282,51.506929],[-0.032346,51.506964],[-0.032395,51.506992],[-0.032412,51.506998],[-0.032548,51.50703],[-0.032673,51.50706],[-0.032778,51.507087],[-0.032848,51.507105],[-0.033055,51.507156],[-0.033186,51.507189],[-0.033378,51.507241],[-0.033513,51.507279],[-0.03356,51.507291],[-0.033627,51.507311],[-0.033712,51.507337],[-0.033802,51.507364],[-0.0339,51.507395],[-0.03398,51.50742],[-0.034048,51.507442],[-0.034135,51.507468],[-0.034291,51.507519],[-0.034328,51.50753],[-0.034356,51.507539],[-0.034379,51.507546],[-0.034409,51.507555],[-0.034449,51.507568],[-0.034478,51.507577],[-0.034513,51.507589],[-0.03454,51.507598],[-0.034586,51.507613],[-0.034628,51.507627],[-0.034668,51.507641],[-0.034706,51.507653],[-0.03474,51.507664],[-0.034764,51.507673],[-0.034769,51.507674],[-0.034798,51.507683],[-0.034837,51.507696],[-0.03489,51.507712],[-0.034915,51.50772],[-0.034952,51.50773],[-0.034979,51.507738],[-0.035043,51.507756],[-0.035092,51.507769],[-0.035115,51.507775],[-0.035164,51.507787],[-0.035221,51.507801],[-0.03529,51.507831],[-0.035401,51.507877],[-0.035713,51.507996],[-0.03578,51.50802],[-0.035868,51.508049],[-0.035955,51.508072],[-0.036009,51.508086],[-0.036089,51.508106],[-0.036167,51.508124],[-0.036248,51.508141],[-0.036334,51.508159],[-0.036431,51.508178],[-0.036514,51.508195],[-0.03667,51.508227],[-0.036768,51.508251],[-0.036815,51.508263],[-0.036861,51.508275],[-0.036979,51.508307],[-0.037096,51.508338],[-0.037217,51.508369],[-0.03722,51.50837],[-0.037362,51.508407],[-0.03743,51.508419],[-0.037518,51.508436],[-0.037619,51.508455],[-0.037676,51.508467],[-0.037777,51.508484],[-0.037846,51.508496],[-0.037905,51.508506],[-0.038039,51.508527],[-0.038131,51.508545],[-0.038167,51.508549],[-0.038232,51.508555],[-0.038324,51.508564],[-0.038393,51.50857],[-0.038527,51.508582],[-0.038824,51.508601],[-0.038914,51.508608],[-0.039174,51.508615],[-0.039291,51.508618],[-0.039481,51.508622],[-0.039492,51.508623],[-0.039601,51.508624],[-0.039633,51.508625],[-0.039695,51.508626],[-0.039853,51.508627],[-0.040085,51.50863],[-0.040184,51.508632],[-0.040251,51.508632],[-0.040341,51.508632],[-0.040507,51.508631],[-0.040731,51.50863],[-0.04099,51.508627],[-0.041364,51.508623],[-0.041664,51.508622],[-0.041795,51.508623],[-0.041865,51.508624],[-0.041975,51.508624],[-0.042117,51.508619],[-0.042204,51.50861],[-0.042558,51.508553],[-0.042972,51.508496],[-0.043295,51.508467],[-0.043618,51.50843],[-0.043844,51.508385],[-0.04411,51.508346],[-0.044415,51.508293],[-0.044663,51.508233],[-0.044888,51.508166],[-0.045109,51.508083],[-0.04549,51.507944],[-0.045626,51.507878],[-0.045837,51.507775],[-0.046018,51.507685],[-0.046408,51.507495],[-0.046663,51.507371],[-0.046928,51.507225],[-0.047081,51.507143],[-0.047681,51.506841],[-0.048115,51.506613],[-0.048427,51.506449],[-0.048593,51.506359],[-0.048623,51.506344],[-0.048785,51.506251],[-0.04915,51.50602],[-0.049363,51.505892],[-0.049708,51.50567],[-0.050707,51.505058],[-0.05129,51.504744],[-0.051408,51.504674],[-0.051802,51.504465],[-0.052226,51.504249],[-0.052389,51.504167],[-0.052763,51.503953],[-0.053394,51.5036],[-0.053804,51.503369],[-0.054501,51.502979],[-0.054847,51.502796],[-0.054993,51.502727],[-0.055141,51.502666],[-0.055344,51.502586],[-0.055523,51.502523],[-0.055834,51.502423],[-0.055919,51.502401],[-0.056007,51.502375],[-0.056135,51.502343],[-0.056287,51.502306],[-0.056344,51.502297],[-0.05651,51.502252],[-0.05661,51.502227],[-0.056913,51.502134],[-0.057145,51.502075],[-0.05732,51.502043],[-0.05753,51.502006],[-0.057602,51.501994],[-0.057822,51.501955],[-0.058131,51.5019],[-0.058287,51.501872],[-0.058423,51.501849],[-0.058668,51.501812],[-0.058991,51.501762],[-0.059141,51.501739],[-0.059272,51.501724],[-0.059495,51.501701],[-0.059768,51.50168],[-0.059877,51.501673],[-0.060024,51.501672],[-0.060179,51.501671],[-0.060326,51.501675],[-0.060436,51.501678],[-0.060496,51.501681],[-0.060545,51.501685],[-0.060691,51.501698],[-0.060841,51.501712],[-0.060966,51.501726],[-0.061109,51.501741],[-0.061247,51.501757],[-0.061425,51.501776],[-0.061605,51.501797],[-0.061774,51.501816],[-0.062309,51.50188],[-0.062706,51.501929],[-0.062927,51.501961],[-0.063196,51.502006],[-0.063348,51.502032],[-0.063396,51.50204],[-0.063541,51.502062],[-0.063681,51.502084],[-0.063943,51.502121],[-0.064115,51.502149],[-0.064329,51.502185],[-0.064556,51.502226],[-0.064881,51.502281],[-0.064983,51.502301],[-0.065277,51.502355],[-0.065768,51.502455],[-0.065978,51.50251],[-0.066569,51.502677],[-0.067329,51.502887],[-0.067793,51.503021],[-0.068028,51.503087],[-0.068322,51.503167],[-0.06853,51.503222],[-0.068729,51.503275],[-0.069085,51.503377],[-0.069528,51.503506],[-0.069845,51.503607],[-0.070156,51.503709],[-0.070562,51.503841],[-0.070579,51.503848],[-0.070692,51.503883],[-0.07079,51.503922],[-0.070856,51.503953],[-0.071051,51.504046],[-0.071326,51.504181],[-0.071572,51.504306],[-0.071814,51.50442],[-0.071899,51.504457],[-0.072041,51.504512],[-0.072388,51.504653],[-0.07259,51.504741],[-0.072841,51.504837],[-0.072913,51.504864],[-0.072939,51.504874],[-0.073002,51.504896],[-0.073064,51.504917],[-0.073141,51.504943],[-0.073216,51.504968],[-0.073269,51.504986],[-0.073308,51.504999],[-0.073356,51.505012],[-0.07347,51.505047],[-0.073686,51.505109],[-0.073805,51.505142],[-0.073975,51.505188],[-0.074107,51.505222],[-0.07422,51.50525],[-0.074322,51.505272],[-0.074402,51.505292],[-0.074653,51.505342],[-0.074839,51.505377],[-0.075056,51.505425],[-0.075237,51.505476],[-0.075381,51.505515],[-0.075624,51.505581],[-0.076096,51.505715],[-0.076436,51.505813],[-0.076675,51.505884],[-0.077047,51.505992],[-0.077156,51.506023],[-0.077253,51.506051],[-0.077338,51.506075],[-0.07743,51.5061],[-0.077587,51.506143],[-0.077685,51.50617],[-0.077723,51.506181],[-0.077844,51.506218],[-0.07799,51.506257],[-0.078095,51.506284],[-0.078268,51.506329],[-0.079108,51.506553],[-0.079138,51.506559],[-0.079292,51.506599],[-0.079435,51.506638],[-0.079485,51.506655],[-0.079575,51.506685],[-0.079714,51.506727],[-0.079766,51.506745],[-0.07981,51.506759],[-0.079888,51.506785],[-0.079939,51.506803],[-0.080055,51.506837],[-0.080113,51.506855],[-0.080166,51.506868],[-0.080183,51.506872],[-0.080181,51.506875],[-0.080151,51.506926],[-0.080079,51.507046],[-0.080008,51.507165],[-0.07994,51.50728],[-0.079755,51.507585],[-0.079513,51.507724],[-0.079394,51.507794],[-0.079374,51.507824],[-0.079317,51.507909],[-0.079273,51.507901],[-0.079222,51.507892],[-0.079215,51.507908],[-0.079203,51.507936],[-0.079187,51.50797],[-0.079151,51.50805],[-0.07912,51.508122],[-0.079059,51.508255],[-0.079113,51.508265],[-0.079111,51.508269],[-0.07913,51.508274],[-0.07915,51.508281],[-0.079149,51.508295],[-0.079104,51.508355],[-0.079075,51.508348],[-0.079011,51.508434],[-0.078898,51.508582],[-0.078845,51.508653],[-0.078805,51.508705],[-0.078763,51.508759],[-0.078705,51.508835],[-0.07876,51.508857],[-0.078773,51.508877],[-0.07874,51.50887],[-0.078725,51.508885],[-0.078715,51.508897],[-0.078702,51.508917],[-0.078692,51.508933],[-0.078769,51.50896],[-0.078868,51.508994],[-0.078965,51.509027],[-0.079072,51.509064],[-0.079045,51.509092],[-0.079043,51.509094],[-0.079017,51.509122],[-0.078977,51.509109],[-0.07897,51.50911],[-0.078963,51.509113],[-0.078954,51.509118],[-0.078944,51.509126],[-0.078938,51.509133],[-0.078934,51.509141],[-0.078927,51.509158],[-0.078918,51.509181],[-0.078911,51.509196],[-0.078925,51.509198],[-0.078911,51.509232],[-0.078899,51.509259],[-0.078855,51.509365],[-0.078815,51.509461],[-0.078708,51.509451],[-0.078667,51.509444],[-0.078554,51.509424],[-0.078508,51.50948],[-0.078471,51.509527],[-0.078431,51.509575],[-0.078392,51.509625],[-0.078365,51.509659],[-0.078347,51.509682],[-0.078326,51.509708],[-0.078289,51.509749],[-0.078264,51.509778],[-0.078225,51.509815],[-0.078205,51.509834],[-0.07813,51.509899],[-0.078068,51.509949],[-0.078042,51.509969],[-0.077962,51.510023],[-0.077917,51.510051],[-0.077856,51.510085],[-0.077807,51.510105],[-0.077742,51.510126],[-0.0777,51.510138],[-0.077643,51.510149],[-0.077586,51.510157],[-0.077524,51.51016],[-0.077458,51.510168],[-0.077416,51.510172],[-0.077334,51.510178],[-0.077259,51.510184],[-0.07712,51.510193],[-0.076902,51.510209],[-0.076886,51.510233],[-0.076876,51.510257],[-0.07686,51.510289],[-0.076852,51.510326],[-0.076857,51.510381],[-0.076862,51.510435],[-0.076867,51.51048],[-0.076791,51.51049],[-0.076568,51.510517],[-0.076459,51.510531],[-0.076448,51.510532],[-0.076429,51.510534],[-0.076397,51.510538],[-0.076212,51.51056],[-0.076189,51.510486],[-0.076146,51.510488],[-0.076137,51.510458],[-0.076125,51.5104],[-0.076117,51.510365],[-0.076112,51.510366],[-0.076099,51.510306],[-0.076081,51.510221],[-0.076056,51.510108],[-0.076056,51.510104],[-0.075894,51.510117],[-0.075853,51.51012],[-0.075768,51.510123],[-0.075762,51.510096],[-0.075756,51.510038],[-0.075753,51.509985],[-0.075748,51.509936],[-0.075728,51.509874],[-0.075704,51.509876],[-0.075682,51.509862],[-0.075629,51.509826],[-0.075634,51.509797],[-0.075518,51.509736],[-0.075466,51.509767],[-0.075409,51.509796],[-0.075379,51.509807],[-0.075302,51.509837],[-0.075133,51.509887],[-0.07504,51.509915],[-0.074961,51.509942],[-0.07481,51.509993],[-0.074737,51.509983],[-0.074596,51.509962],[-0.074545,51.509954],[-0.074461,51.509942],[-0.074445,51.509937],[-0.074432,51.509934],[-0.074408,51.509931],[-0.074385,51.509934],[-0.074349,51.509944],[-0.074308,51.50996],[-0.074271,51.509982],[-0.074235,51.509997],[-0.074207,51.51001],[-0.07414,51.510032],[-0.074058,51.510054],[-0.073974,51.51007],[-0.073911,51.510082],[-0.073871,51.51009],[-0.073817,51.510096],[-0.073779,51.510101],[-0.073648,51.510109],[-0.073619,51.510109],[-0.073518,51.510108],[-0.073475,51.510107],[-0.073436,51.510106],[-0.073383,51.510105],[-0.073233,51.5101],[-0.073097,51.510095],[-0.073034,51.510095],[-0.072992,51.510099],[-0.072979,51.510102],[-0.072951,51.510112],[-0.07292,51.510127],[-0.072906,51.510139],[-0.072878,51.510165],[-0.072862,51.51018],[-0.072857,51.510184],[-0.072835,51.510212],[-0.072813,51.510237],[-0.072796,51.510259],[-0.072776,51.510289],[-0.072765,51.510311],[-0.072753,51.510336],[-0.072742,51.51037],[-0.072737,51.510404],[-0.072736,51.510414],[-0.072738,51.51048],[-0.072741,51.510552],[-0.072746,51.510685],[-0.072749,51.510775],[-0.072751,51.510823],[-0.072752,51.510864],[-0.072753,51.510906],[-0.072755,51.51094],[-0.072761,51.51103],[-0.072775,51.511084],[-0.072786,51.511116],[-0.072803,51.51115],[-0.072838,51.511193],[-0.072856,51.511216],[-0.072901,51.511284],[-0.072909,51.511297],[-0.072947,51.51137],[-0.072981,51.511466],[-0.073004,51.511553],[-0.07303,51.511694],[-0.073048,51.511787],[-0.073052,51.511808],[-0.073061,51.511854],[-0.073088,51.511996],[-0.07314,51.512279],[-0.073167,51.512433],[-0.073195,51.512624],[-0.073213,51.512773],[-0.073224,51.512853],[-0.073228,51.51288],[-0.073233,51.512916],[-0.073241,51.512977],[-0.07325,51.513051],[-0.073265,51.513188],[-0.07329,51.513282],[-0.07334,51.513409],[-0.073384,51.513524],[-0.07344,51.513659],[-0.07347,51.513731],[-0.073532,51.513874],[-0.073544,51.51393],[-0.073555,51.514],[-0.073572,51.514047],[-0.073603,51.514092],[-0.073635,51.514126],[-0.07371,51.514203],[-0.073787,51.514284],[-0.073846,51.514334],[-0.073955,51.514436],[-0.07397,51.514448],[-0.074003,51.514478],[-0.074133,51.514572],[-0.074164,51.514593],[-0.074248,51.514656],[-0.074312,51.5147],[-0.074417,51.514768],[-0.074455,51.5148],[-0.074562,51.514879],[-0.07468,51.514985],[-0.074792,51.515096],[-0.074803,51.515113],[-0.074828,51.515142],[-0.074884,51.51519],[-0.074961,51.515234],[-0.075085,51.515317],[-0.075237,51.515419],[-0.075485,51.515586],[-0.07563,51.515681],[-0.075753,51.515759],[-0.075818,51.515807],[-0.075958,51.515899],[-0.07615,51.516037],[-0.076193,51.516063],[-0.076228,51.51608],[-0.076384,51.516185],[-0.076399,51.516195],[-0.076435,51.516217],[-0.076463,51.516237],[-0.076483,51.516251],[-0.076492,51.516247],[-0.076503,51.516257],[-0.07652,51.516276],[-0.076541,51.516296],[-0.076579,51.516333],[-0.076608,51.51636],[-0.076614,51.516366],[-0.076629,51.516381],[-0.076681,51.516431],[-0.076718,51.516469],[-0.076751,51.516503],[-0.076769,51.516522],[-0.076773,51.516526],[-0.07685,51.516603],[-0.076872,51.516625],[-0.076882,51.516635],[-0.0769,51.51665],[-0.076932,51.516688],[-0.076981,51.516754],[-0.077065,51.516861],[-0.077154,51.51699],[-0.077274,51.517185],[-0.077353,51.517305],[-0.077462,51.517507],[-0.07756,51.517684],[-0.077657,51.517865],[-0.077758,51.518055],[-0.077771,51.518081],[-0.077805,51.518121],[-0.077827,51.518137],[-0.077868,51.518169],[-0.077962,51.518238],[-0.078085,51.518369],[-0.078174,51.518471],[-0.078189,51.518506],[-0.078084,51.518519],[-0.078092,51.518697],[-0.078099,51.518979],[-0.078351,51.518961],[-0.078972,51.518919],[-0.079386,51.518889],[-0.079413,51.518885],[-0.079295,51.519158],[-0.079236,51.519314],[-0.079152,51.519543],[-0.079098,51.519693],[-0.079029,51.519888],[-0.079002,51.520009],[-0.078989,51.520069],[-0.078937,51.520428],[-0.078898,51.52073],[-0.07874,51.521077],[-0.078694,51.52119],[-0.078624,51.521338],[-0.078615,51.521356],[-0.078608,51.52137],[-0.078604,51.521381],[-0.0786,51.521391],[-0.078597,51.521396],[-0.078594,51.521403],[-0.078589,51.521415],[-0.078584,51.521426],[-0.078582,51.521429],[-0.078566,51.521457],[-0.078566,51.521458],[-0.07856,51.521468],[-0.078555,51.521477],[-0.078554,51.521479],[-0.078553,51.52148],[-0.078552,51.521481],[-0.078547,51.521488],[-0.078538,51.5215],[-0.078531,51.521509],[-0.078529,51.521512],[-0.078529,51.521512],[-0.078487,51.521558],[-0.078481,51.521564],[-0.07842,51.521642],[-0.078343,51.521756],[-0.078279,51.521847],[-0.078252,51.521903],[-0.07811,51.521883],[-0.078029,51.521868],[-0.077784,51.521944],[-0.077627,51.521989],[-0.077475,51.522029],[-0.077357,51.522061],[-0.077348,51.522063],[-0.077209,51.522096],[-0.077082,51.522117],[-0.076776,51.522165],[-0.076641,51.522185],[-0.076559,51.522122],[-0.076459,51.522046],[-0.076198,51.522184],[-0.07612,51.522369],[-0.076064,51.522496],[-0.075991,51.52265],[-0.075929,51.522812],[-0.075827,51.523083],[-0.07578,51.523081],[-0.075773,51.523197],[-0.075747,51.523556],[-0.075742,51.523681],[-0.07575,51.523725],[-0.075815,51.523961],[-0.075897,51.52424],[-0.075928,51.524339],[-0.076454,51.524308],[-0.07646,51.524318],[-0.076491,51.524551],[-0.076521,51.524805],[-0.076556,51.525068],[-0.076591,51.525405],[-0.076612,51.525628],[-0.076625,51.525722],[-0.07663,51.525824],[-0.076631,51.526114],[-0.076631,51.526202],[-0.076641,51.526347],[-0.076634,51.526404],[-0.076609,51.526449],[-0.076572,51.526482],[-0.076528,51.526533],[-0.076504,51.526565],[-0.076491,51.52659],[-0.07649,51.526609],[-0.076479,51.526652],[-0.076465,51.526697],[-0.076373,51.526934],[-0.076329,51.527046],[-0.076297,51.527142],[-0.076339,51.527148],[-0.076586,51.527188],[-0.076715,51.52721],[-0.076861,51.527234],[-0.076918,51.527245],[-0.076959,51.527253],[-0.077121,51.527281],[-0.077274,51.527305],[-0.07711,51.527377],[-0.077068,51.527399],[-0.076994,51.527439],[-0.076907,51.527484],[-0.076869,51.527508],[-0.076817,51.527535],[-0.076745,51.527579],[-0.076692,51.527613],[-0.076599,51.527678],[-0.076518,51.527735],[-0.076429,51.527804],[-0.076312,51.527899],[-0.076239,51.527961],[-0.0761,51.528073],[-0.076016,51.528134],[-0.075903,51.528213],[-0.075805,51.528286],[-0.075761,51.528321],[-0.008425,51.527197]]]}},
{"type":"Feature","properties":{"layer":"London_Boroughs","id":28,"OBJECTID":28,"NAME":"Islington London Boro","AREA_CODE":"LBO","DESCRIPTIO":"London Borough","FILE_NAME":"GREATER_LONDON_AUTHORITY","NUMBER":319,"NUMBER0":319,"POLYGON_ID":50581,"UNIT_ID":11281,"CODE":"E09000019","HECTARES":1485.804,"AREA":0,"TYPE_CODE":"AA","DESCRIPT0":"CIVIL ADMINISTRATION AREA","TYPE_COD0":" ","DESCRIPT1":" ","Shape_Length":20747.740080403226,"Shape_Area":14858041.719671654,"clipped_to_zone":true,"in_cw":false,"whole_in_zone":false},"geometry":{"type":"Polygon","coordinates":[[[-0.099922,51.528715],[-0.093016,51.528603],[-0.092552,51.528484],[-0.092144,51.528378],[-0.091828,51.528299],[-0.091242,51.528146],[-0.090973,51.528076],[-0.090919,51.528064],[-0.090635,51.527992],[-0.090392,51.527925],[-0.090224,51.52788],[-0.09,51.527825],[-0.089823,51.527782],[-0.089714,51.52775],[-0.089577,51.527712],[-0.08949,51.527686],[-0.089319,51.527643],[-0.089049,51.527567],[-0.088956,51.527537],[-0.088833,51.527495],[-0.088732,51.527452],[-0.088692,51.527431],[-0.088623,51.527384],[-0.088582,51.527354],[-0.088533,51.527317],[-0.088499,51.527286],[-0.088454,51.527246],[-0.088387,51.527179],[-0.088362,51.527156],[-0.088353,51.527146],[-0.088335,51.52712],[-0.088292,51.527063],[-0.088202,51.52694],[-0.088163,51.526889],[-0.088133,51.526842],[-0.088095,51.526785],[-0.088067,51.526742],[-0.088039,51.526699],[-0.088,51.526617],[-0.087963,51.526544],[-0.087919,51.526448],[-0.087905,51.526419],[-0.087854,51.526305],[-0.087832,51.526242],[-0.087797,51.526216],[-0.087749,51.52618],[-0.087704,51.526153],[-0.087639,51.526122],[-0.087553,51.526074],[-0.087523,51.526058],[-0.087465,51.526017],[-0.08743,51.526012],[-0.087149,51.525895],[-0.087117,51.525881],[-0.087057,51.52585],[-0.087025,51.525829],[-0.086999,51.525806],[-0.086979,51.52578],[-0.086977,51.525768],[-0.086826,51.525805],[-0.086759,51.525818],[-0.086658,51.525848],[-0.086484,51.5259],[-0.086262,51.525949],[-0.086082,51.525992],[-0.085851,51.52605],[-0.085561,51.526124],[-0.085261,51.52619],[-0.085111,51.526222],[-0.08501,51.526238],[-0.084997,51.526199],[-0.084993,51.52618],[-0.084993,51.526173],[-0.084971,51.526114],[-0.084935,51.526009],[-0.084895,51.52588],[-0.084882,51.52584],[-0.084859,51.525781],[-0.084839,51.525719],[-0.084809,51.525628],[-0.084791,51.525569],[-0.084745,51.525429],[-0.084787,51.525408],[-0.084838,51.525375],[-0.084901,51.525333],[-0.084969,51.525288],[-0.085026,51.525224],[-0.085046,51.525202],[-0.085086,51.52514],[-0.085133,51.525068],[-0.085236,51.52491],[-0.085332,51.524754],[-0.085408,51.52463],[-0.085464,51.524539],[-0.08537,51.524517],[-0.085251,51.524488],[-0.085119,51.524457],[-0.085126,51.524433],[-0.085129,51.524371],[-0.085132,51.524317],[-0.085152,51.524231],[-0.085169,51.524144],[-0.085184,51.524067],[-0.085202,51.523944],[-0.085112,51.523943],[-0.084617,51.523937],[-0.084214,51.52393],[-0.084266,51.523737],[-0.084303,51.523597],[-0.084392,51.523256],[-0.084405,51.523037],[-0.084425,51.522753],[-0.084434,51.522681],[-0.08446,51.522557],[-0.084515,51.522301],[-0.084534,51.522176],[-0.084543,51.522132],[-0.084587,51.521968],[-0.084603,51.521915],[-0.08469,51.521684],[-0.08475,51.521521],[-0.084849,51.521272],[-0.08488,51.521179],[-0.084956,51.520974],[-0.085022,51.520804],[-0.085095,51.520636],[-0.085152,51.520509],[-0.085233,51.520348],[-0.085316,51.520205],[-0.085443,51.520001],[-0.085615,51.519723],[-0.08574,51.519522],[-0.085849,51.519353],[-0.086019,51.519083],[-0.086162,51.51886],[-0.086178,51.518836],[-0.0862,51.518812],[-0.086248,51.518826],[-0.08632,51.518848],[-0.086412,51.518874],[-0.086485,51.518895],[-0.086596,51.518927],[-0.086653,51.518944],[-0.086716,51.518962],[-0.0868,51.518987],[-0.086901,51.519017],[-0.087262,51.51912],[-0.087526,51.519197],[-0.087765,51.519291],[-0.087771,51.519293],[-0.08784,51.519321],[-0.087932,51.519351],[-0.088031,51.519383],[-0.088104,51.519407],[-0.088227,51.519447],[-0.088305,51.519472],[-0.088397,51.519502],[-0.088459,51.519523],[-0.088577,51.519562],[-0.088613,51.519573],[-0.088878,51.519662],[-0.088965,51.519691],[-0.089042,51.519716],[-0.089137,51.519744],[-0.089232,51.519772],[-0.08932,51.519794],[-0.08968,51.519891],[-0.089754,51.519911],[-0.089978,51.519972],[-0.089983,51.519973],[-0.089936,51.520087],[-0.089857,51.520279],[-0.089719,51.52061],[-0.089674,51.520718],[-0.089674,51.520719],[-0.0897,51.520722],[-0.089731,51.520725],[-0.089839,51.520736],[-0.089988,51.520759],[-0.090115,51.52078],[-0.090248,51.520803],[-0.090416,51.520832],[-0.090524,51.520846],[-0.090643,51.520857],[-0.090689,51.520861],[-0.090839,51.520879],[-0.090944,51.520892],[-0.091181,51.520919],[-0.091346,51.520941],[-0.091521,51.520957],[-0.091803,51.520986],[-0.091971,51.521002],[-0.092085,51.521012],[-0.092159,51.521019],[-0.092273,51.521028],[-0.09235,51.521035],[-0.09236,51.521036],[-0.092372,51.521072],[-0.092385,51.521109],[-0.092396,51.521142],[-0.092408,51.521176],[-0.092423,51.521222],[-0.092447,51.521291],[-0.092469,51.521355],[-0.092499,51.521473],[-0.092587,51.521458],[-0.092755,51.521426],[-0.092891,51.521404],[-0.093276,51.521335],[-0.093303,51.521328],[-0.093409,51.52156],[-0.093512,51.521541],[-0.093527,51.521575],[-0.09354,51.521572],[-0.093546,51.521588],[-0.093588,51.52158],[-0.093741,51.521552],[-0.093912,51.521528],[-0.094068,51.521508],[-0.094163,51.521498],[-0.094319,51.521485],[-0.094341,51.521603],[-0.094359,51.521695],[-0.094376,51.521771],[-0.094412,51.521763],[-0.094459,51.521923],[-0.094481,51.521987],[-0.094561,51.522165],[-0.094581,51.522216],[-0.094658,51.522372],[-0.094701,51.522451],[-0.09478,51.522587],[-0.094859,51.522724],[-0.094938,51.522864],[-0.095003,51.522973],[-0.09509,51.523109],[-0.095467,51.523028],[-0.095699,51.522978],[-0.095987,51.522915],[-0.096008,51.522951],[-0.096416,51.522832],[-0.096502,51.522982],[-0.096538,51.52305],[-0.096546,51.523048],[-0.096572,51.523092],[-0.096544,51.523097],[-0.096572,51.523145],[-0.096605,51.523138],[-0.096635,51.523183],[-0.096676,51.523173],[-0.096688,51.523194],[-0.096702,51.523219],[-0.096759,51.523314],[-0.096869,51.523273],[-0.096964,51.523238],[-0.097084,51.523194],[-0.097256,51.52313],[-0.097386,51.523082],[-0.097534,51.523027],[-0.097702,51.522965],[-0.097829,51.522918],[-0.097942,51.522876],[-0.097946,51.522874],[-0.097929,51.522858],[-0.097914,51.522843],[-0.097878,51.522803],[-0.09784,51.522758],[-0.097778,51.522691],[-0.097762,51.522673],[-0.097739,51.522648],[-0.097718,51.522621],[-0.097702,51.522599],[-0.097676,51.522562],[-0.09766,51.522539],[-0.097632,51.522492],[-0.097601,51.522436],[-0.097574,51.522379],[-0.097558,51.522341],[-0.09751,51.522246],[-0.097498,51.522216],[-0.09748,51.522181],[-0.097472,51.522164],[-0.097453,51.522119],[-0.097437,51.522077],[-0.097428,51.522047],[-0.097418,51.522025],[-0.097412,51.521999],[-0.097396,51.52195],[-0.097373,51.521868],[-0.097363,51.521804],[-0.097358,51.52178],[-0.097356,51.521721],[-0.097363,51.521696],[-0.097367,51.521662],[-0.097375,51.521629],[-0.097384,51.521595],[-0.097387,51.521585],[-0.097468,51.521601],[-0.097501,51.521606],[-0.097514,51.521522],[-0.097518,51.521507],[-0.097525,51.521483],[-0.09754,51.521414],[-0.097547,51.521379],[-0.097556,51.521322],[-0.097557,51.521317],[-0.09756,51.521267],[-0.097561,51.521239],[-0.097562,51.521219],[-0.097573,51.521175],[-0.09758,51.521143],[-0.097602,51.521052],[-0.097605,51.521035],[-0.097625,51.520943],[-0.097625,51.520919],[-0.097637,51.520875],[-0.097654,51.520771],[-0.097663,51.520712],[-0.09779,51.520692],[-0.097998,51.520657],[-0.098084,51.520643],[-0.098274,51.52061],[-0.098417,51.520586],[-0.098491,51.520574],[-0.098726,51.520532],[-0.098795,51.520515],[-0.098905,51.520487],[-0.099044,51.52045],[-0.099428,51.520345],[-0.099581,51.520303],[-0.099636,51.520285],[-0.09968,51.520272],[-0.099721,51.520258],[-0.099772,51.520242],[-0.099825,51.520225],[-0.099841,51.52022],[-0.099887,51.520207],[-0.099943,51.52019],[-0.100077,51.520151],[-0.100096,51.520146],[-0.100159,51.520136],[-0.100241,51.520131],[-0.100252,51.520129],[-0.100272,51.520126],[-0.10028,51.520125],[-0.099922,51.528715]]]}},
{"type":"Feature","properties":{"layer":"London_Boroughs","id":29,"OBJECTID":29,"NAME":"Hackney London Boro","AREA_CODE":"LBO","DESCRIPTIO":"London Borough","FILE_NAME":"GREATER_LONDON_AUTHORITY","NUMBER":320,"NUMBER0":320,"POLYGON_ID":50673,"UNIT_ID":11199,"CODE":"E09000012","HECTARES":1904.388,"AREA":0,"TYPE_CODE":"AA","DESCRIPT0":"CIVIL ADMINISTRATION AREA","TYPE_COD0":" ","DESCRIPT1":" ","Shape_Length":25441.840602261822,"Shape_Area":19043878.120121792,"clipped_to_zone":true,"in_cw":false,"whole_in_zone":false},"geometry":{"type":"Polygon","coordinates":[[[-0.075761,51.528321],[-0.075805,51.528286],[-0.075903,51.528213],[-0.076016,51.528134],[-0.0761,51.528073],[-0.076239,51.527961],[-0.076312,51.527899],[-0.076429,51.527804],[-0.076518,51.527735],[-0.076599,51.527678],[-0.076692,51.527613],[-0.076745,51.527579],[-0.076817,51.527535],[-0.076869,51.527508],[-0.076907,51.527484],[-0.076994,51.527439],[-0.077068,51.527399],[-0.07711,51.527377],[-0.077274,51.527305],[-0.077121,51.527281],[-0.076959,51.527253],[-0.076918,51.527245],[-0.076861,51.527234],[-0.076715,51.52721],[-0.076586,51.527188],[-0.076339,51.527148],[-0.076297,51.527142],[-0.076329,51.527046],[-0.076373,51.526934],[-0.076465,51.526697],[-0.076479,51.526652],[-0.07649,51.526609],[-0.076491,51.52659],[-0.076504,51.526565],[-0.076528,51.526533],[-0.076572,51.526482],[-0.076609,51.526449],[-0.076634,51.526404],[-0.076641,51.526347],[-0.076631,51.526202],[-0.076631,51.526114],[-0.07663,51.525824],[-0.076625,51.525722],[-0.076612,51.525628],[-0.076591,51.525405],[-0.076556,51.525068],[-0.076521,51.524805],[-0.076491,51.524551],[-0.07646,51.524318],[-0.076454,51.524308],[-0.075928,51.524339],[-0.075897,51.52424],[-0.075815,51.523961],[-0.07575,51.523725],[-0.075742,51.523681],[-0.075747,51.523556],[-0.075773,51.523197],[-0.07578,51.523081],[-0.075827,51.523083],[-0.075929,51.522812],[-0.075991,51.52265],[-0.076064,51.522496],[-0.07612,51.522369],[-0.076198,51.522184],[-0.076459,51.522046],[-0.076559,51.522122],[-0.076641,51.522185],[-0.076776,51.522165],[-0.077082,51.522117],[-0.077209,51.522096],[-0.077348,51.522063],[-0.077357,51.522061],[-0.077475,51.522029],[-0.077627,51.521989],[-0.077784,51.521944],[-0.078029,51.521868],[-0.07811,51.521883],[-0.078252,51.521903],[-0.078279,51.521847],[-0.078343,51.521756],[-0.07842,51.521642],[-0.078481,51.521564],[-0.078487,51.521558],[-0.078529,51.521512],[-0.078568,51.521518],[-0.078653,51.52153],[-0.078807,51.521553],[-0.078927,51.52157],[-0.079175,51.521606],[-0.079527,51.521661],[-0.079826,51.521711],[-0.079968,51.521736],[-0.080019,51.521745],[-0.080036,51.521748],[-0.080092,51.521758],[-0.080159,51.52177],[-0.080182,51.521774],[-0.080244,51.521785],[-0.080277,51.521791],[-0.080331,51.5218],[-0.080437,51.521817],[-0.080529,51.521838],[-0.080662,51.521875],[-0.08071,51.521889],[-0.080775,51.521907],[-0.080815,51.521918],[-0.080833,51.521923],[-0.080845,51.521927],[-0.080857,51.52193],[-0.080867,51.521933],[-0.080905,51.521941],[-0.081,51.521963],[-0.081041,51.521973],[-0.081096,51.521859],[-0.081118,51.521813],[-0.081159,51.521728],[-0.081204,51.521634],[-0.08123,51.52158],[-0.081245,51.521551],[-0.081258,51.521524],[-0.081265,51.521511],[-0.081277,51.521489],[-0.081283,51.521477],[-0.081298,51.521448],[-0.081306,51.521432],[-0.081313,51.52142],[-0.081315,51.521416],[-0.081321,51.521405],[-0.081323,51.521401],[-0.081328,51.52139],[-0.081335,51.521379],[-0.081357,51.521338],[-0.081372,51.521311],[-0.081393,51.521273],[-0.081429,51.521214],[-0.081529,51.521045],[-0.081613,51.520929],[-0.081706,51.520815],[-0.081773,51.520745],[-0.081859,51.520671],[-0.081941,51.520605],[-0.082247,51.520404],[-0.082466,51.520261],[-0.082831,51.520017],[-0.082976,51.519931],[-0.083032,51.519901],[-0.083123,51.519852],[-0.083168,51.519837],[-0.08321,51.519827],[-0.083247,51.519822],[-0.08328,51.519819],[-0.083314,51.519819],[-0.083337,51.519822],[-0.083399,51.519829],[-0.083474,51.519844],[-0.083553,51.519864],[-0.083789,51.519935],[-0.085142,51.520323],[-0.085192,51.520336],[-0.085233,51.520348],[-0.085152,51.520509],[-0.085095,51.520636],[-0.085022,51.520804],[-0.084956,51.520974],[-0.08488,51.521179],[-0.084849,51.521272],[-0.08475,51.521521],[-0.08469,51.521684],[-0.084603,51.521915],[-0.084587,51.521968],[-0.084543,51.522132],[-0.084534,51.522176],[-0.084515,51.522301],[-0.08446,51.522557],[-0.084434,51.522681],[-0.084425,51.522753],[-0.084405,51.523037],[-0.084392,51.523256],[-0.084303,51.523597],[-0.084266,51.523737],[-0.084214,51.52393],[-0.084617,51.523937],[-0.085112,51.523943],[-0.085202,51.523944],[-0.085184,51.524067],[-0.085169,51.524144],[-0.085152,51.524231],[-0.085132,51.524317],[-0.085129,51.524371],[-0.085126,51.524433],[-0.085119,51.524457],[-0.085251,51.524488],[-0.08537,51.524517],[-0.085464,51.524539],[-0.085408,51.52463],[-0.085332,51.524754],[-0.085236,51.52491],[-0.085133,51.525068],[-0.085086,51.52514],[-0.085046,51.525202],[-0.085026,51.525224],[-0.084969,51.525288],[-0.084901,51.525333],[-0.084838,51.525375],[-0.084787,51.525408],[-0.084745,51.525429],[-0.084791,51.525569],[-0.084809,51.525628],[-0.084839,51.525719],[-0.084859,51.525781],[-0.084882,51.52584],[-0.084895,51.52588],[-0.084935,51.526009],[-0.084971,51.526114],[-0.084993,51.526173],[-0.084993,51.52618],[-0.084997,51.526199],[-0.08501,51.526238],[-0.085111,51.526222],[-0.085261,51.52619],[-0.085561,51.526124],[-0.085851,51.52605],[-0.086082,51.525992],[-0.086262,51.525949],[-0.086484,51.5259],[-0.086658,51.525848],[-0.086759,51.525818],[-0.086826,51.525805],[-0.086977,51.525768],[-0.086979,51.52578],[-0.086999,51.525806],[-0.087025,51.525829],[-0.087057,51.52585],[-0.087117,51.525881],[-0.087149,51.525895],[-0.08743,51.526012],[-0.087465,51.526017],[-0.087523,51.526058],[-0.087553,51.526074],[-0.087639,51.526122],[-0.087704,51.526153],[-0.087749,51.52618],[-0.087797,51.526216],[-0.087832,51.526242],[-0.087854,51.526305],[-0.087905,51.526419],[-0.087919,51.526448],[-0.087963,51.526544],[-0.088,51.526617],[-0.088039,51.526699],[-0.088067,51.526742],[-0.088095,51.526785],[-0.088133,51.526842],[-0.088163,51.526889],[-0.088202,51.52694],[-0.088292,51.527063],[-0.088335,51.52712],[-0.088353,51.527146],[-0.088362,51.527156],[-0.088387,51.527179],[-0.088454,51.527246],[-0.088499,51.527286],[-0.088533,51.527317],[-0.088582,51.527354],[-0.088623,51.527384],[-0.088692,51.527431],[-0.088732,51.527452],[-0.088833,51.527495],[-0.088956,51.527537],[-0.089049,51.527567],[-0.089319,51.527643],[-0.08949,51.527686],[-0.089577,51.527712],[-0.089714,51.52775],[-0.089823,51.527782],[-0.09,51.527825],[-0.090224,51.52788],[-0.090392,51.527925],[-0.090635,51.527992],[-0.090919,51.528064],[-0.090973,51.528076],[-0.091242,51.528146],[-0.091828,51.528299],[-0.092144,51.528378],[-0.092552,51.528484],[-0.093016,51.528603],[-0.075761,51.528321]]]}},
{"type":"Feature","properties":{"layer":"London_Boroughs","id":31,"OBJECTID":31,"NAME":"Newham London Boro","AREA_CODE":"LBO","DESCRIPTIO":"London Borough","FILE_NAME":"GREATER_LONDON_AUTHORITY","NUMBER":322,"NUMBER0":322,"POLYGON_ID":51363,"UNIT_ID":10929,"CODE":"E09000025","HECTARES":3857.582,"AREA":237.992,"TYPE_CODE":"AA","DESCRIPT0":"CIVIL ADMINISTRATION AREA","TYPE_COD0":" ","DESCRIPT1":" ","Shape_Length":31815.618192735306,"Shape_Area":38575818.97891682,"clipped_to_zone":true,"in_cw":false,"whole_in_zone":false},"geometry":{"type":"Polygon","coordinates":[[[0.022534,51.526667],[0.021208,51.496742],[0.020712,51.49689],[0.019829,51.497156],[0.019217,51.497357],[0.018433,51.49767],[0.017576,51.498083],[0.017574,51.498084],[0.016242,51.498806],[0.015631,51.499189],[0.015366,51.499392],[0.015015,51.499686],[0.014152,51.500442],[0.013388,51.501084],[0.012843,51.50154],[0.012446,51.501871],[0.011248,51.50291],[0.010762,51.503372],[0.010737,51.503397],[0.010654,51.503469],[0.010585,51.503528],[0.010514,51.503591],[0.010476,51.503625],[0.010437,51.503656],[0.010342,51.50374],[0.010256,51.503809],[0.010142,51.503902],[0.01001,51.504003],[0.009729,51.50422],[0.00953,51.504369],[0.009388,51.504479],[0.009165,51.504641],[0.00885,51.504865],[0.008794,51.504899],[0.008613,51.505032],[0.008519,51.505089],[0.008323,51.505203],[0.008175,51.505279],[0.008023,51.50535],[0.007635,51.505521],[0.007604,51.505535],[0.008306,51.506147],[0.008796,51.506578],[0.00903,51.506781],[0.009184,51.506961],[0.009266,51.507112],[0.009388,51.50733],[0.009465,51.507463],[0.009467,51.507465],[0.009562,51.50763],[0.00967,51.507757],[0.009738,51.5079],[0.009809,51.508048],[0.009844,51.508186],[0.009854,51.50827],[0.009855,51.508349],[0.009836,51.508429],[0.009786,51.508503],[0.009722,51.508574],[0.009684,51.50864],[0.00966,51.508673],[0.009617,51.508722],[0.009546,51.508786],[0.009481,51.508834],[0.009438,51.508875],[0.009315,51.508952],[0.009161,51.509053],[0.009094,51.509091],[0.008872,51.509184],[0.008784,51.509209],[0.008715,51.509227],[0.008605,51.509255],[0.008439,51.509294],[0.00841,51.509302],[0.008314,51.509329],[0.008055,51.509377],[0.007955,51.5094],[0.007821,51.509426],[0.007701,51.509435],[0.00733,51.509475],[0.007222,51.509496],[0.007105,51.509511],[0.00699,51.509522],[0.006885,51.509541],[0.006825,51.509555],[0.006765,51.509569],[0.006755,51.509571],[0.006623,51.509603],[0.006521,51.50963],[0.006406,51.509668],[0.00634,51.509691],[0.006271,51.509717],[0.00618,51.509752],[0.006129,51.509789],[0.00607,51.509838],[0.005993,51.509888],[0.005957,51.50994],[0.005948,51.509993],[0.005958,51.510033],[0.005959,51.510071],[0.005959,51.510094],[0.005961,51.510112],[0.006033,51.510252],[0.006059,51.510309],[0.006065,51.510317],[0.006107,51.510374],[0.006113,51.510383],[0.006133,51.510416],[0.006163,51.510443],[0.006187,51.510488],[0.006194,51.510529],[0.006219,51.510562],[0.00623,51.510573],[0.006277,51.51062],[0.006304,51.510646],[0.006338,51.510676],[0.006431,51.510756],[0.006514,51.510803],[0.006597,51.51088],[0.006641,51.51092],[0.006682,51.510954],[0.006759,51.510999],[0.006886,51.511085],[0.006921,51.511118],[0.006954,51.511144],[0.007023,51.511232],[0.00704,51.511275],[0.007059,51.511312],[0.007071,51.511351],[0.007085,51.511375],[0.0071,51.511414],[0.007117,51.511441],[0.007161,51.511493],[0.007192,51.511539],[0.007241,51.511615],[0.007245,51.511625],[0.007313,51.511736],[0.00734,51.511765],[0.007375,51.511794],[0.007429,51.511833],[0.007466,51.511873],[0.007537,51.511957],[0.007594,51.512032],[0.007661,51.5121],[0.007667,51.512108],[0.007682,51.512126],[0.007717,51.512169],[0.007751,51.512197],[0.007827,51.51226],[0.007864,51.512294],[0.007893,51.512359],[0.007911,51.512418],[0.007928,51.512461],[0.007954,51.512524],[0.007964,51.512547],[0.007971,51.512577],[0.007984,51.512632],[0.008007,51.512712],[0.008026,51.512776],[0.008047,51.51284],[0.008057,51.512902],[0.008056,51.51292],[0.008052,51.512959],[0.008034,51.513038],[0.008031,51.51308],[0.008023,51.51311],[0.008014,51.513159],[0.008007,51.51323],[0.007974,51.513275],[0.007943,51.513324],[0.007927,51.513349],[0.007915,51.513367],[0.007906,51.513413],[0.007899,51.513494],[0.007898,51.513533],[0.007875,51.513591],[0.007856,51.513614],[0.007831,51.513641],[0.007758,51.513703],[0.007707,51.513739],[0.007661,51.513765],[0.007659,51.513767],[0.007652,51.513772],[0.007613,51.513814],[0.007597,51.513839],[0.00757,51.513869],[0.007561,51.513881],[0.007502,51.513946],[0.007449,51.514008],[0.007427,51.514052],[0.007393,51.514096],[0.007377,51.514128],[0.007363,51.514142],[0.007332,51.514169],[0.00727,51.514213],[0.007223,51.514245],[0.007112,51.514285],[0.00706,51.514301],[0.006966,51.514306],[0.006942,51.514308],[0.006915,51.514309],[0.006867,51.514313],[0.006783,51.514323],[0.006722,51.51433],[0.006638,51.514336],[0.006517,51.514342],[0.006396,51.514343],[0.006338,51.514337],[0.006303,51.514332],[0.006275,51.514328],[0.006217,51.514328],[0.006119,51.51432],[0.006076,51.514311],[0.006027,51.514284],[0.005941,51.514242],[0.005871,51.514225],[0.005767,51.514202],[0.005698,51.514194],[0.005635,51.514188],[0.005606,51.514179],[0.005589,51.514174],[0.005577,51.51417],[0.005573,51.514168],[0.005547,51.514155],[0.005537,51.514148],[0.005506,51.514126],[0.005463,51.514086],[0.005433,51.514056],[0.005398,51.514019],[0.005381,51.514],[0.005354,51.51397],[0.005339,51.513954],[0.005312,51.513927],[0.005299,51.513917],[0.005272,51.513897],[0.00526,51.513888],[0.005245,51.513877],[0.005236,51.51387],[0.005228,51.513865],[0.005197,51.513844],[0.00515,51.513814],[0.005128,51.513791],[0.005081,51.513742],[0.00505,51.513705],[0.005025,51.513676],[0.004997,51.513645],[0.00497,51.513615],[0.004941,51.513581],[0.00493,51.51356],[0.004915,51.513531],[0.004906,51.513501],[0.0049,51.513483],[0.004899,51.513476],[0.004882,51.513455],[0.004842,51.513409],[0.004826,51.51339],[0.004791,51.513321],[0.004767,51.513271],[0.004745,51.513217],[0.004722,51.513156],[0.004707,51.51311],[0.004698,51.513081],[0.004684,51.513031],[0.004668,51.512956],[0.004658,51.512893],[0.004652,51.512859],[0.004647,51.51282],[0.004643,51.512771],[0.004637,51.512662],[0.004638,51.512562],[0.004644,51.512494],[0.00465,51.512379],[0.004654,51.512267],[0.004657,51.512128],[0.004652,51.512069],[0.004641,51.511989],[0.00462,51.51192],[0.004606,51.511859],[0.004561,51.511661],[0.00452,51.511486],[0.004505,51.511428],[0.00446,51.511286],[0.004417,51.51118],[0.004387,51.511107],[0.004351,51.511039],[0.004323,51.510994],[0.004295,51.510955],[0.00427,51.510924],[0.004219,51.510867],[0.004166,51.510816],[0.004132,51.510793],[0.004051,51.510745],[0.004008,51.510719],[0.003966,51.510693],[0.003911,51.510664],[0.003842,51.510637],[0.003804,51.51062],[0.003774,51.51061],[0.003713,51.510593],[0.003655,51.51058],[0.003583,51.510566],[0.003472,51.510547],[0.003429,51.51054],[0.003375,51.510533],[0.003317,51.510526],[0.00325,51.510519],[0.003197,51.510515],[0.003137,51.510513],[0.003067,51.510512],[0.003033,51.510515],[0.002944,51.510523],[0.002867,51.510533],[0.002786,51.510546],[0.002722,51.510559],[0.002667,51.510574],[0.00263,51.510586],[0.002575,51.510608],[0.002515,51.510637],[0.002465,51.510665],[0.002424,51.510695],[0.002379,51.510732],[0.002358,51.510745],[0.002332,51.510765],[0.002307,51.510792],[0.002278,51.510829],[0.002258,51.510895],[0.00224,51.51097],[0.002235,51.511005],[0.002234,51.511015],[0.002234,51.511041],[0.002231,51.511131],[0.002237,51.511213],[0.002255,51.511312],[0.002276,51.511401],[0.002306,51.511485],[0.002367,51.511615],[0.002419,51.511717],[0.002597,51.512019],[0.002719,51.512212],[0.002822,51.512371],[0.002906,51.512501],[0.003002,51.512659],[0.003094,51.512809],[0.003206,51.513002],[0.003242,51.513068],[0.00327,51.513111],[0.003456,51.513388],[0.003508,51.513466],[0.003533,51.513508],[0.003561,51.513557],[0.003613,51.51367],[0.003676,51.513801],[0.003757,51.51392],[0.003862,51.514066],[0.00394,51.514164],[0.004007,51.514244],[0.004059,51.514325],[0.004098,51.514385],[0.004114,51.514435],[0.004122,51.514465],[0.004127,51.514491],[0.00413,51.514516],[0.004133,51.514552],[0.004132,51.514588],[0.004127,51.514636],[0.004124,51.514648],[0.004122,51.51466],[0.004112,51.514698],[0.0041,51.514734],[0.004081,51.514781],[0.004062,51.514815],[0.004038,51.514855],[0.003987,51.514927],[0.003939,51.514985],[0.003888,51.515041],[0.00378,51.515144],[0.003683,51.515238],[0.003655,51.515261],[0.003608,51.515301],[0.003588,51.515314],[0.003573,51.515326],[0.003496,51.515382],[0.003427,51.515428],[0.003319,51.515496],[0.003309,51.515503],[0.003165,51.515585],[0.003065,51.515642],[0.003018,51.515669],[0.002993,51.515681],[0.002863,51.515747],[0.00285,51.515754],[0.002801,51.515778],[0.002751,51.515802],[0.002714,51.51582],[0.002687,51.515832],[0.002652,51.515848],[0.002579,51.51588],[0.002523,51.515904],[0.002417,51.515946],[0.002407,51.51595],[0.002202,51.516026],[0.002081,51.516069],[0.001892,51.516136],[0.001876,51.516143],[0.001758,51.516183],[0.001595,51.516242],[0.00138,51.51632],[0.001065,51.516431],[0.000876,51.516494],[0.000694,51.51656],[0.000612,51.516589],[0.000523,51.516624],[0.000416,51.516665],[0.000333,51.516702],[0.000257,51.516738],[0.000093,51.516818],[0.000012,51.516855],[-0.000185,51.516944],[-0.000402,51.517045],[-0.000555,51.517119],[-0.000922,51.517318],[-0.001063,51.517398],[-0.001157,51.517449],[-0.001215,51.517478],[-0.001315,51.517531],[-0.001513,51.517624],[-0.001628,51.517678],[-0.001765,51.517754],[-0.001791,51.51777],[-0.001956,51.517863],[-0.002088,51.517941],[-0.002153,51.517977],[-0.002183,51.517989],[-0.002216,51.517999],[-0.002262,51.518006],[-0.002308,51.518009],[-0.002335,51.518011],[-0.002362,51.518012],[-0.002405,51.51801],[-0.002558,51.517998],[-0.002665,51.51799],[-0.002782,51.517978],[-0.002869,51.517968],[-0.002966,51.517953],[-0.003035,51.51794],[-0.003125,51.517922],[-0.003203,51.517904],[-0.003319,51.517875],[-0.003406,51.517852],[-0.003471,51.517833],[-0.003546,51.517805],[-0.003604,51.517781],[-0.003675,51.517746],[-0.003729,51.517714],[-0.003771,51.517685],[-0.0038,51.517659],[-0.003842,51.517617],[-0.003871,51.517581],[-0.0039,51.517542],[-0.003927,51.517496],[-0.003978,51.517422],[-0.004039,51.517322],[-0.004117,51.51719],[-0.004162,51.517121],[-0.004211,51.517057],[-0.004303,51.516941],[-0.004349,51.51689],[-0.00439,51.51685],[-0.004467,51.516776],[-0.004521,51.516744],[-0.004582,51.516708],[-0.004657,51.516672],[-0.004717,51.516648],[-0.004773,51.516629],[-0.004832,51.516611],[-0.004889,51.516598],[-0.004925,51.516592],[-0.004969,51.516585],[-0.005011,51.516579],[-0.005067,51.516573],[-0.005102,51.51657],[-0.005122,51.51657],[-0.005161,51.516569],[-0.005195,51.51657],[-0.005207,51.516572],[-0.005233,51.516575],[-0.005253,51.516579],[-0.005286,51.516587],[-0.005332,51.516596],[-0.005378,51.516604],[-0.00545,51.516627],[-0.005499,51.51665],[-0.005582,51.516704],[-0.00561,51.516726],[-0.005664,51.516764],[-0.0057,51.516794],[-0.005712,51.516811],[-0.005763,51.516866],[-0.0058,51.51692],[-0.005812,51.516961],[-0.005832,51.517037],[-0.005853,51.517174],[-0.005856,51.517213],[-0.005847,51.517348],[-0.005846,51.517435],[-0.005854,51.517503],[-0.005864,51.517552],[-0.005875,51.517591],[-0.005888,51.517617],[-0.005953,51.517717],[-0.006036,51.517843],[-0.006042,51.517856],[-0.00607,51.517896],[-0.006092,51.517928],[-0.006156,51.518021],[-0.006185,51.518059],[-0.006235,51.518119],[-0.006291,51.518188],[-0.006399,51.518322],[-0.006447,51.518383],[-0.006485,51.518432],[-0.006563,51.518522],[-0.006618,51.518579],[-0.006739,51.51869],[-0.006794,51.518739],[-0.006839,51.518781],[-0.006869,51.518808],[-0.006892,51.518825],[-0.006924,51.518849],[-0.006963,51.518875],[-0.007028,51.518918],[-0.007126,51.518978],[-0.007187,51.519014],[-0.00729,51.519074],[-0.007301,51.51908],[-0.007434,51.519154],[-0.007521,51.519197],[-0.007607,51.519241],[-0.00772,51.519295],[-0.007844,51.51935],[-0.007954,51.519398],[-0.008049,51.519436],[-0.008118,51.519465],[-0.008202,51.519498],[-0.008392,51.519577],[-0.008471,51.519611],[-0.008526,51.51964],[-0.008607,51.519678],[-0.008692,51.519725],[-0.00876,51.519767],[-0.008808,51.519803],[-0.008855,51.519847],[-0.008873,51.519869],[-0.0089,51.519905],[-0.008949,51.519998],[-0.008961,51.520013],[-0.009,51.520245],[-0.009008,51.52029],[-0.009017,51.520417],[-0.00903,51.520595],[-0.009033,51.5207],[-0.009032,51.520731],[-0.009029,51.52075],[-0.00902,51.520781],[-0.009015,51.520797],[-0.009003,51.52082],[-0.008992,51.520842],[-0.008986,51.52085],[-0.008964,51.520896],[-0.008932,51.52096],[-0.008898,51.521028],[-0.008874,51.521078],[-0.00886,51.521106],[-0.008807,51.521188],[-0.00873,51.52131],[-0.008696,51.521364],[-0.008681,51.521382],[-0.008648,51.521425],[-0.00863,51.52145],[-0.008619,51.521461],[-0.008609,51.521471],[-0.008592,51.521486],[-0.008573,51.521502],[-0.008562,51.52151],[-0.008534,51.52153],[-0.008511,51.521552],[-0.008487,51.521578],[-0.008472,51.521597],[-0.008446,51.521638],[-0.008401,51.521724],[-0.008321,51.521889],[-0.008247,51.522038],[-0.008191,51.522151],[-0.008168,51.5222],[-0.008157,51.522226],[-0.008146,51.522245],[-0.008137,51.52226],[-0.008122,51.522282],[-0.008107,51.522297],[-0.008095,51.522307],[-0.008071,51.522326],[-0.008053,51.522337],[-0.008016,51.522368],[-0.008003,51.522383],[-0.007986,51.522405],[-0.007972,51.522428],[-0.007942,51.522494],[-0.007904,51.522576],[-0.007872,51.522655],[-0.007846,51.522719],[-0.007814,51.522799],[-0.007806,51.522822],[-0.007801,51.522846],[-0.007799,51.522867],[-0.007798,51.522879],[-0.007799,51.522898],[-0.007802,51.522918],[-0.007805,51.522933],[-0.007821,51.522971],[-0.007845,51.523012],[-0.007861,51.523037],[-0.007885,51.52307],[-0.007976,51.523192],[-0.008022,51.523248],[-0.008034,51.523259],[-0.008048,51.523274],[-0.008071,51.523299],[-0.008088,51.523324],[-0.008103,51.523357],[-0.008116,51.523401],[-0.008124,51.523448],[-0.008125,51.52347],[-0.008129,51.523565],[-0.008127,51.523635],[-0.008124,51.523676],[-0.008113,51.523746],[-0.008091,51.523835],[-0.008086,51.523859],[-0.008081,51.52389],[-0.008078,51.523919],[-0.008071,51.523979],[-0.008065,51.524042],[-0.008059,51.524103],[-0.008054,51.524234],[-0.008054,51.524324],[-0.008042,51.524493],[-0.008038,51.524512],[-0.008034,51.524548],[-0.008027,51.524591],[-0.008008,51.524784],[-0.007999,51.524853],[-0.007984,51.524922],[-0.007968,51.524987],[-0.007937,51.52508],[-0.007917,51.525135],[-0.0079,51.525174],[-0.007871,51.525236],[-0.00782,51.525323],[-0.007808,51.525339],[-0.007763,51.525394],[-0.007696,51.525462],[-0.007628,51.525524],[-0.007607,51.525544],[-0.007592,51.525559],[-0.007582,51.525571],[-0.00756,51.525601],[-0.007534,51.525637],[-0.00751,51.525677],[-0.007493,51.525708],[-0.007482,51.525735],[-0.007467,51.525782],[-0.007459,51.525828],[-0.007452,51.525887],[-0.00745,51.525908],[-0.00745,51.525931],[-0.00745,51.525947],[-0.007455,51.525993],[-0.00746,51.526016],[-0.00747,51.526074],[-0.007477,51.526101],[-0.007483,51.526124],[-0.00749,51.52615],[-0.00751,51.526198],[-0.007521,51.526216],[-0.007534,51.526237],[-0.007548,51.526256],[-0.007563,51.526276],[-0.007595,51.526312],[-0.007612,51.526329],[-0.00767,51.526383],[-0.007724,51.526429],[-0.007781,51.526475],[-0.007902,51.526566],[-0.007911,51.526572],[-0.007998,51.526639],[-0.00806,51.526689],[-0.008105,51.526729],[-0.00814,51.526762],[-0.008187,51.526811],[-0.008243,51.526875],[-0.008274,51.526916],[-0.008341,51.527009],[-0.008342,51.527011],[-0.00835,51.527023],[-0.008354,51.527033],[-0.008368,51.52706],[-0.00837,51.527066],[-0.008409,51.527154],[-0.008425,51.527197],[0.022534,51.526667]]]}},
{"type":"Feature","properties":{"layer":"London_Boroughs","id":33,"OBJECTID":33,"NAME":"City and County of the City of London","AREA_CODE":"LBO","DESCRIPTIO":"London Borough","FILE_NAME":"GREATER_LONDON_AUTHORITY","NUMBER":324,"NUMBER0":324,"POLYGON_ID":51187,"UNIT_ID":11105,"CODE":"E09000001","HECTARES":314.688,"AREA":25.72,"TYPE_CODE":"AA","DESCRIPT0":"CIVIL ADMINISTRATION AREA","TYPE_COD0":" ","DESCRIPT1":" ","Shape_Length":9644.099584230398,"Shape_Area":3146884.2262531146,"clipped_to_zone":true,"in_cw":false,"whole_in_zone":false},"geometry":{"type":"Polygon","coordinates":[[[-0.096688,51.523194],[-0.096676,51.523173],[-0.096635,51.523183],[-0.096605,51.523138],[-0.096572,51.523145],[-0.096544,51.523097],[-0.096572,51.523092],[-0.096546,51.523048],[-0.096538,51.52305],[-0.096502,51.522982],[-0.096416,51.522832],[-0.096008,51.522951],[-0.095987,51.522915],[-0.095699,51.522978],[-0.095467,51.523028],[-0.09509,51.523109],[-0.095003,51.522973],[-0.094938,51.522864],[-0.094859,51.522724],[-0.09478,51.522587],[-0.094701,51.522451],[-0.094658,51.522372],[-0.094581,51.522216],[-0.094561,51.522165],[-0.094481,51.521987],[-0.094459,51.521923],[-0.094412,51.521763],[-0.094376,51.521771],[-0.094359,51.521695],[-0.094341,51.521603],[-0.094319,51.521485],[-0.094163,51.521498],[-0.094068,51.521508],[-0.093912,51.521528],[-0.093741,51.521552],[-0.093588,51.52158],[-0.093546,51.521588],[-0.09354,51.521572],[-0.093527,51.521575],[-0.093512,51.521541],[-0.093409,51.52156],[-0.093303,51.521328],[-0.093276,51.521335],[-0.092891,51.521404],[-0.092755,51.521426],[-0.092587,51.521458],[-0.092499,51.521473],[-0.092469,51.521355],[-0.092447,51.521291],[-0.092423,51.521222],[-0.092408,51.521176],[-0.092396,51.521142],[-0.092385,51.521109],[-0.092372,51.521072],[-0.09236,51.521036],[-0.09235,51.521035],[-0.092273,51.521028],[-0.092159,51.521019],[-0.092085,51.521012],[-0.091971,51.521002],[-0.091803,51.520986],[-0.091521,51.520957],[-0.091346,51.520941],[-0.091181,51.520919],[-0.090944,51.520892],[-0.090839,51.520879],[-0.090689,51.520861],[-0.090643,51.520857],[-0.090524,51.520846],[-0.090416,51.520832],[-0.090248,51.520803],[-0.090115,51.52078],[-0.089988,51.520759],[-0.089839,51.520736],[-0.089731,51.520725],[-0.0897,51.520722],[-0.089674,51.520719],[-0.089674,51.520718],[-0.089719,51.52061],[-0.089857,51.520279],[-0.089936,51.520087],[-0.089983,51.519973],[-0.089978,51.519972],[-0.089754,51.519911],[-0.08968,51.519891],[-0.08932,51.519794],[-0.089232,51.519772],[-0.089137,51.519744],[-0.089042,51.519716],[-0.088965,51.519691],[-0.088878,51.519662],[-0.088613,51.519573],[-0.088577,51.519562],[-0.088459,51.519523],[-0.088397,51.519502],[-0.088305,51.519472],[-0.088227,51.519447],[-0.088104,51.519407],[-0.088031,51.519383],[-0.087932,51.519351],[-0.08784,51.519321],[-0.087771,51.519293],[-0.087765,51.519291],[-0.087526,51.519197],[-0.087262,51.51912],[-0.086901,51.519017],[-0.0868,51.518987],[-0.086716,51.518962],[-0.086653,51.518944],[-0.086596,51.518927],[-0.086485,51.518895],[-0.086412,51.518874],[-0.08632,51.518848],[-0.086248,51.518826],[-0.0862,51.518812],[-0.086178,51.518836],[-0.086162,51.51886],[-0.086019,51.519083],[-0.085849,51.519353],[-0.08574,51.519522],[-0.085615,51.519723],[-0.085443,51.520001],[-0.085316,51.520205],[-0.085233,51.520348],[-0.085192,51.520336],[-0.085142,51.520323],[-0.083789,51.519935],[-0.083553,51.519864],[-0.083474,51.519844],[-0.083399,51.519829],[-0.083337,51.519822],[-0.083314,51.519819],[-0.08328,51.519819],[-0.083247,51.519822],[-0.08321,51.519827],[-0.083168,51.519837],[-0.083123,51.519852],[-0.083032,51.519901],[-0.082976,51.519931],[-0.082831,51.520017],[-0.082466,51.520261],[-0.082247,51.520404],[-0.081941,51.520605],[-0.081859,51.520671],[-0.081773,51.520745],[-0.081706,51.520815],[-0.081613,51.520929],[-0.081529,51.521045],[-0.081429,51.521214],[-0.081393,51.521273],[-0.081372,51.521311],[-0.081357,51.521338],[-0.081335,51.521379],[-0.081328,51.52139],[-0.081323,51.521401],[-0.081321,51.521405],[-0.081315,51.521416],[-0.081313,51.52142],[-0.081306,51.521432],[-0.081298,51.521448],[-0.081283,51.521477],[-0.081277,51.521489],[-0.081265,51.521511],[-0.081258,51.521524],[-0.081245,51.521551],[-0.08123,51.52158],[-0.081204,51.521634],[-0.081159,51.521728],[-0.081118,51.521813],[-0.081096,51.521859],[-0.081041,51.521973],[-0.081,51.521963],[-0.080905,51.521941],[-0.080867,51.521933],[-0.080857,51.52193],[-0.080845,51.521927],[-0.080833,51.521923],[-0.080815,51.521918],[-0.080775,51.521907],[-0.08071,51.521889],[-0.080662,51.521875],[-0.080529,51.521838],[-0.080437,51.521817],[-0.080331,51.5218],[-0.080277,51.521791],[-0.080244,51.521785],[-0.080182,51.521774],[-0.080159,51.52177],[-0.080092,51.521758],[-0.080036,51.521748],[-0.080019,51.521745],[-0.079968,51.521736],[-0.079826,51.521711],[-0.079527,51.521661],[-0.079175,51.521606],[-0.078927,51.52157],[-0.078807,51.521553],[-0.078653,51.52153],[-0.078568,51.521518],[-0.078529,51.521512],[-0.078529,51.521512],[-0.078531,51.521509],[-0.078538,51.5215],[-0.078547,51.521488],[-0.078552,51.521481],[-0.078553,51.52148],[-0.078554,51.521479],[-0.078555,51.521477],[-0.07856,51.521468],[-0.078566,51.521458],[-0.078566,51.521457],[-0.078582,51.521429],[-0.078584,51.521426],[-0.078589,51.521415],[-0.078594,51.521403],[-0.078597,51.521396],[-0.0786,51.521391],[-0.078604,51.521381],[-0.078608,51.52137],[-0.078615,51.521356],[-0.078624,51.521338],[-0.078694,51.52119],[-0.07874,51.521077],[-0.078898,51.52073],[-0.078937,51.520428],[-0.078989,51.520069],[-0.079002,51.520009],[-0.079029,51.519888],[-0.079098,51.519693],[-0.079152,51.519543],[-0.079236,51.519314],[-0.079295,51.519158],[-0.079413,51.518885],[-0.079386,51.518889],[-0.078972,51.518919],[-0.078351,51.518961],[-0.078099,51.518979],[-0.078092,51.518697],[-0.078084,51.518519],[-0.078189,51.518506],[-0.078174,51.518471],[-0.078085,51.518369],[-0.077962,51.518238],[-0.077868,51.518169],[-0.077827,51.518137],[-0.077805,51.518121],[-0.077771,51.518081],[-0.077758,51.518055],[-0.077657,51.517865],[-0.07756,51.517684],[-0.077462,51.517507],[-0.077353,51.517305],[-0.077274,51.517185],[-0.077154,51.51699],[-0.077065,51.516861],[-0.076981,51.516754],[-0.076932,51.516688],[-0.0769,51.51665],[-0.076882,51.516635],[-0.076872,51.516625],[-0.07685,51.516603],[-0.076773,51.516526],[-0.076769,51.516522],[-0.076751,51.516503],[-0.076718,51.516469],[-0.076681,51.516431],[-0.076629,51.516381],[-0.076614,51.516366],[-0.076608,51.51636],[-0.076579,51.516333],[-0.076541,51.516296],[-0.07652,51.516276],[-0.076503,51.516257],[-0.076492,51.516247],[-0.076483,51.516251],[-0.076463,51.516237],[-0.076435,51.516217],[-0.076399,51.516195],[-0.076384,51.516185],[-0.076228,51.51608],[-0.076193,51.516063],[-0.07615,51.516037],[-0.075958,51.515899],[-0.075818,51.515807],[-0.075753,51.515759],[-0.07563,51.515681],[-0.075485,51.515586],[-0.075237,51.515419],[-0.075085,51.515317],[-0.074961,51.515234],[-0.074884,51.51519],[-0.074828,51.515142],[-0.074803,51.515113],[-0.074792,51.515096],[-0.07468,51.514985],[-0.074562,51.514879],[-0.074455,51.5148],[-0.074417,51.514768],[-0.074312,51.5147],[-0.074248,51.514656],[-0.074164,51.514593],[-0.074133,51.514572],[-0.074003,51.514478],[-0.07397,51.514448],[-0.073955,51.514436],[-0.073846,51.514334],[-0.073787,51.514284],[-0.07371,51.514203],[-0.073635,51.514126],[-0.073603,51.514092],[-0.073572,51.514047],[-0.073555,51.514],[-0.073544,51.51393],[-0.073532,51.513874],[-0.07347,51.513731],[-0.07344,51.513659],[-0.073384,51.513524],[-0.07334,51.513409],[-0.07329,51.513282],[-0.073265,51.513188],[-0.07325,51.513051],[-0.073241,51.512977],[-0.073233,51.512916],[-0.073228,51.51288],[-0.073224,51.512853],[-0.073213,51.512773],[-0.073195,51.512624],[-0.073167,51.512433],[-0.07314,51.512279],[-0.073088,51.511996],[-0.073061,51.511854],[-0.073052,51.511808],[-0.073048,51.511787],[-0.07303,51.511694],[-0.073004,51.511553],[-0.072981,51.511466],[-0.072947,51.51137],[-0.072909,51.511297],[-0.072901,51.511284],[-0.072856,51.511216],[-0.072838,51.511193],[-0.072803,51.51115],[-0.072786,51.511116],[-0.072775,51.511084],[-0.072761,51.51103],[-0.072755,51.51094],[-0.072753,51.510906],[-0.072752,51.510864],[-0.072751,51.510823],[-0.072749,51.510775],[-0.072746,51.510685],[-0.072741,51.510552],[-0.072738,51.51048],[-0.072736,51.510414],[-0.072737,51.510404],[-0.072742,51.51037],[-0.072753,51.510336],[-0.072765,51.510311],[-0.072776,51.510289],[-0.072796,51.510259],[-0.072813,51.510237],[-0.072835,51.510212],[-0.072857,51.510184],[-0.072862,51.51018],[-0.072878,51.510165],[-0.072906,51.510139],[-0.07292,51.510127],[-0.072951,51.510112],[-0.072979,51.510102],[-0.072992,51.510099],[-0.073034,51.510095],[-0.073097,51.510095],[-0.073233,51.5101],[-0.073383,51.510105],[-0.073436,51.510106],[-0.073475,51.510107],[-0.073518,51.510108],[-0.073619,51.510109],[-0.073648,51.510109],[-0.073779,51.510101],[-0.073817,51.510096],[-0.073871,51.51009],[-0.073911,51.510082],[-0.073974,51.51007],[-0.074058,51.510054],[-0.07414,51.510032],[-0.074207,51.51001],[-0.074235,51.509997],[-0.074271,51.509982],[-0.074308,51.50996],[-0.074349,51.509944],[-0.074385,51.509934],[-0.074408,51.509931],[-0.074432,51.509934],[-0.074445,51.509937],[-0.074461,51.509942],[-0.074545,51.509954],[-0.074596,51.509962],[-0.074737,51.509983],[-0.07481,51.509993],[-0.074961,51.509942],[-0.07504,51.509915],[-0.075133,51.509887],[-0.075302,51.509837],[-0.075379,51.509807],[-0.075409,51.509796],[-0.075466,51.509767],[-0.075518,51.509736],[-0.075634,51.509797],[-0.075629,51.509826],[-0.075682,51.509862],[-0.075704,51.509876],[-0.075728,51.509874],[-0.075748,51.509936],[-0.075753,51.509985],[-0.075756,51.510038],[-0.075762,51.510096],[-0.075768,51.510123],[-0.075853,51.51012],[-0.075894,51.510117],[-0.076056,51.510104],[-0.076056,51.510108],[-0.076081,51.510221],[-0.076099,51.510306],[-0.076112,51.510366],[-0.076117,51.510365],[-0.076125,51.5104],[-0.076137,51.510458],[-0.076146,51.510488],[-0.076189,51.510486],[-0.076212,51.51056],[-0.076397,51.510538],[-0.076429,51.510534],[-0.076448,51.510532],[-0.076459,51.510531],[-0.076568,51.510517],[-0.076791,51.51049],[-0.076867,51.51048],[-0.076862,51.510435],[-0.076857,51.510381],[-0.076852,51.510326],[-0.07686,51.510289],[-0.076876,51.510257],[-0.076886,51.510233],[-0.076902,51.510209],[-0.07712,51.510193],[-0.077259,51.510184],[-0.077334,51.510178],[-0.077416,51.510172],[-0.077458,51.510168],[-0.077524,51.51016],[-0.077586,51.510157],[-0.077643,51.510149],[-0.0777,51.510138],[-0.077742,51.510126],[-0.077807,51.510105],[-0.077856,51.510085],[-0.077917,51.510051],[-0.077962,51.510023],[-0.078042,51.509969],[-0.078068,51.509949],[-0.07813,51.509899],[-0.078205,51.509834],[-0.078225,51.509815],[-0.078264,51.509778],[-0.078289,51.509749],[-0.078326,51.509708],[-0.078347,51.509682],[-0.078365,51.509659],[-0.078392,51.509625],[-0.078431,51.509575],[-0.078471,51.509527],[-0.078508,51.50948],[-0.078554,51.509424],[-0.078667,51.509444],[-0.078708,51.509451],[-0.078815,51.509461],[-0.078855,51.509365],[-0.078899,51.509259],[-0.078911,51.509232],[-0.078925,51.509198],[-0.078911,51.509196],[-0.078918,51.509181],[-0.078927,51.509158],[-0.078934,51.509141],[-0.078938,51.509133],[-0.078944,51.509126],[-0.078954,51.509118],[-0.078963,51.509113],[-0.07897,51.50911],[-0.078977,51.509109],[-0.079017,51.509122],[-0.079043,51.509094],[-0.079045,51.509092],[-0.079072,51.509064],[-0.078965,51.509027],[-0.078868,51.508994],[-0.078769,51.50896],[-0.078692,51.508933],[-0.078702,51.508917],[-0.078715,51.508897],[-0.078725,51.508885],[-0.07874,51.50887],[-0.078773,51.508877],[-0.07876,51.508857],[-0.078705,51.508835],[-0.078763,51.508759],[-0.078805,51.508705],[-0.078845,51.508653],[-0.078898,51.508582],[-0.079011,51.508434],[-0.079075,51.508348],[-0.079104,51.508355],[-0.079149,51.508295],[-0.07915,51.508281],[-0.07913,51.508274],[-0.079111,51.508269],[-0.079113,51.508265],[-0.079059,51.508255],[-0.07912,51.508122],[-0.079151,51.50805],[-0.079187,51.50797],[-0.079203,51.507936],[-0.079215,51.507908],[-0.079222,51.507892],[-0.079273,51.507901],[-0.079317,51.507909],[-0.079374,51.507824],[-0.079394,51.507794],[-0.079513,51.507724],[-0.079755,51.507585],[-0.07994,51.50728],[-0.080008,51.507165],[-0.080079,51.507046],[-0.080151,51.506926],[-0.080181,51.506875],[-0.080183,51.506872],[-0.080221,51.506883],[-0.080237,51.506887],[-0.08026,51.506892],[-0.080315,51.506904],[-0.080404,51.506922],[-0.080453,51.506931],[-0.080537,51.506953],[-0.080632,51.50697],[-0.080695,51.506982],[-0.080853,51.507014],[-0.080924,51.507028],[-0.081037,51.507049],[-0.081296,51.507096],[-0.081446,51.507126],[-0.081546,51.507142],[-0.081749,51.507171],[-0.081895,51.507195],[-0.082171,51.507235],[-0.082452,51.507278],[-0.082483,51.507283],[-0.082544,51.507293],[-0.082621,51.507303],[-0.082639,51.507306],[-0.082737,51.507322],[-0.08286,51.507341],[-0.082911,51.507349],[-0.083086,51.507372],[-0.083128,51.507379],[-0.083338,51.507407],[-0.083441,51.50742],[-0.083566,51.507437],[-0.083674,51.507451],[-0.083775,51.507463],[-0.08387,51.507474],[-0.083907,51.507481],[-0.08391,51.507481],[-0.083931,51.507485],[-0.083971,51.507491],[-0.084021,51.5075],[-0.084064,51.507508],[-0.084131,51.50752],[-0.084236,51.507538],[-0.084321,51.507553],[-0.084395,51.507567],[-0.084417,51.507571],[-0.084488,51.507584],[-0.084575,51.507602],[-0.084624,51.507612],[-0.084769,51.50764],[-0.084909,51.507667],[-0.084946,51.507674],[-0.085038,51.50768],[-0.085125,51.507686],[-0.085202,51.507692],[-0.085334,51.507701],[-0.085449,51.507709],[-0.085547,51.507716],[-0.085707,51.507729],[-0.085713,51.507729],[-0.085731,51.507731],[-0.085842,51.507739],[-0.085904,51.507743],[-0.086048,51.507754],[-0.086076,51.507755],[-0.086113,51.507759],[-0.086667,51.507801],[-0.086859,51.507818],[-0.087312,51.507851],[-0.087695,51.507882],[-0.087706,51.507883],[-0.087739,51.507886],[-0.087751,51.507887],[-0.08781,51.507892],[-0.087935,51.507905],[-0.087955,51.507907],[-0.088067,51.507922],[-0.088166,51.50793],[-0.088325,51.507951],[-0.088359,51.507955],[-0.088451,51.507966],[-0.0885,51.507972],[-0.08858,51.50798],[-0.088608,51.507984],[-0.088745,51.507999],[-0.088825,51.508008],[-0.088864,51.508012],[-0.0889,51.508016],[-0.088942,51.50802],[-0.088943,51.50802],[-0.088976,51.508023],[-0.089024,51.508028],[-0.089053,51.508032],[-0.089091,51.508036],[-0.089168,51.508044],[-0.089222,51.50805],[-0.089298,51.508058],[-0.089362,51.508065],[-0.089467,51.508077],[-0.089597,51.508091],[-0.089684,51.508101],[-0.089767,51.50811],[-0.0899,51.508124],[-0.091141,51.50827],[-0.091902,51.508359],[-0.092122,51.508391],[-0.092171,51.508403],[-0.092413,51.50846],[-0.092529,51.508491],[-0.092744,51.508549],[-0.092811,51.508568],[-0.092878,51.508584],[-0.09297,51.508608],[-0.093004,51.508617],[-0.093019,51.508621],[-0.093033,51.508624],[-0.093072,51.508635],[-0.093127,51.508651],[-0.093182,51.508666],[-0.093258,51.508688],[-0.093332,51.508709],[-0.093467,51.508747],[-0.093699,51.508811],[-0.093977,51.508891],[-0.09401,51.508899],[-0.094087,51.508918],[-0.09416,51.508934],[-0.094347,51.508976],[-0.094795,51.509076],[-0.095029,51.509129],[-0.095391,51.509209],[-0.09571,51.509276],[-0.095816,51.509295],[-0.095913,51.509312],[-0.096115,51.509346],[-0.096957,51.509461],[-0.097707,51.509535],[-0.09852,51.509607],[-0.098784,51.50963],[-0.099225,51.50966],[-0.099325,51.50967],[-0.099409,51.509676],[-0.09966,51.509693],[-0.099927,51.509711],[-0.099991,51.509715],[-0.100038,51.509719],[-0.100124,51.509724],[-0.100172,51.509728],[-0.100203,51.50973],[-0.100258,51.509733],[-0.100341,51.509739],[-0.100456,51.509746],[-0.100635,51.509759],[-0.100711,51.509764],[-0.10028,51.520125],[-0.100272,51.520126],[-0.100252,51.520129],[-0.100241,51.520131],[-0.100159,51.520136],[-0.100096,51.520146],[-0.100077,51.520151],[-0.099943,51.52019],[-0.099887,51.520207],[-0.099841,51.52022],[-0.099825,51.520225],[-0.099772,51.520242],[-0.099721,51.520258],[-0.09968,51.520272],[-0.099636,51.520285],[-0.099581,51.520303],[-0.099428,51.520345],[-0.099044,51.52045],[-0.098905,51.520487],[-0.098795,51.520515],[-0.098726,51.520532],[-0.098491,51.520574],[-0.098417,51.520586],[-0.098274,51.52061],[-0.098084,51.520643],[-0.097998,51.520657],[-0.09779,51.520692],[-0.097663,51.520712],[-0.097654,51.520771],[-0.097637,51.520875],[-0.097625,51.520919],[-0.097625,51.520943],[-0.097605,51.521035],[-0.097602,51.521052],[-0.09758,51.521143],[-0.097573,51.521175],[-0.097562,51.521219],[-0.097561,51.521239],[-0.09756,51.521267],[-0.097557,51.521317],[-0.097556,51.521322],[-0.097547,51.521379],[-0.09754,51.521414],[-0.097525,51.521483],[-0.097518,51.521507],[-0.097514,51.521522],[-0.097501,51.521606],[-0.097468,51.521601],[-0.097387,51.521585],[-0.097384,51.521595],[-0.097375,51.521629],[-0.097367,51.521662],[-0.097363,51.521696],[-0.097356,51.521721],[-0.097358,51.52178],[-0.097363,51.521804],[-0.097373,51.521868],[-0.097396,51.52195],[-0.097412,51.521999],[-0.097418,51.522025],[-0.097428,51.522047],[-0.097437,51.522077],[-0.097453,51.522119],[-0.097472,51.522164],[-0.09748,51.522181],[-0.097498,51.522216],[-0.09751,51.522246],[-0.097558,51.522341],[-0.097574,51.522379],[-0.097601,51.522436],[-0.097632,51.522492],[-0.09766,51.522539],[-0.097676,51.522562],[-0.097702,51.522599],[-0.097718,51.522621],[-0.097739,51.522648],[-0.097762,51.522673],[-0.097778,51.522691],[-0.09784,51.522758],[-0.097878,51.522803],[-0.097914,51.522843],[-0.097929,51.522858],[-0.097946,51.522874],[-0.097942,51.522876],[-0.097829,51.522918],[-0.097702,51.522965],[-0.097534,51.523027],[-0.097386,51.523082],[-0.097256,51.52313],[-0.097084,51.523194],[-0.096964,51.523238],[-0.096869,51.523273],[-0.096759,51.523314],[-0.096702,51.523219],[-0.096688,51.523194]]]}},
{"type":"Feature","properties":{"layer":"GP_Surgery_Locations_20220331","id":491,"OBJECTID":491,"org_id":12695,"org_code":"F84012","org_type":"GP","org_name":"ALBION HEALTH CENTRE","PatientListSize":9650,"Total_Pat_Enbld":4273,"PercentOnline":44.27979274611399,"PercentOffline":55.720207253886,"in_cw":false,"whole_in_zone":true},"geometry":{"type":"MultiPoint","coordinates":[[-0.057644,51.520016]]}},
{"type":"Feature","properties":{"layer":"GP_Surgery_Locations_20220331","id":496,"OBJECTID":496,"org_id":12700,"org_code":"F84017","org_type":"GP","org_name":"Star Lane Medical Centre","PatientListSize":20624,"Total_Pat_Enbld":9220,"PercentOnline":44.70519782777347,"PercentOffline":55.2948021722265,"in_cw":false,"whole_in_zone":true},"geometry":{"type":"MultiPoint","coordinates":[[0.0107,51.519875]]}},
{"type":"Feature","properties":{"layer":"GP_Surgery_Locations_20220331","id":500,"OBJECTID":500,"org_id":12704,"org_code":"F84025","org_type":"GP","org_name":"Dr Nagappan Selvan","PatientListSize":11830,"Total_Pat_Enbld":3539,"PercentOnline":29.915469146238376,"PercentOffline":70.0845308537616,"in_cw":false,"whole_in_zone":true},"geometry":{"type":"MultiPoint","coordinates":[[-0.0126,51.510475]]}},
{"type":"Feature","properties":{"layer":"GP_Surgery_Locations_20220331","id":503,"OBJECTID":503,"org_id":12707,"org_code":"F84031","org_type":"GP","org_name":"JUBILEE STREET PRACTICE","PatientListSize":14318,"Total_Pat_Enbld":6730,"PercentOnline":47.00377147646319,"PercentOffline":52.9962285235368,"in_cw":false,"whole_in_zone":true},"geometry":{"type":"MultiPoint","coordinates":[[-0.0505,51.513596]]}},
{"type":"Feature","properties":{"layer":"GP_Surgery_Locations_20220331","id":509,"OBJECTID":509,"org_id":12716,"org_code":"F84039","org_type":"GP","org_name":"Whitechapel Health Centre","PatientListSize":28976,"Total_Pat_Enbld":9187,"PercentOnline":31.705549420209827,"PercentOffline":68.29445057979021,"in_cw":false,"whole_in_zone":true},"geometry":{"type":"MultiPoint","coordinates":[[-0.0625,51.514126]]}},
{"type":"Feature","properties":{"layer":"GP_Surgery_Locations_20220331","id":513,"OBJECTID":513,"org_id":12722,"org_code":"F84046","org_type":"GP","org_name":"Brayford Square Surgery","PatientListSize":null,"Total_Pat_Enbld":null,"PercentOnline":null,"PercentOffline":null,"in_cw":false,"whole_in_zone":true},"geometry":{"type":"MultiPoint","coordinates":[[-0.0504,51.514374]]}},
{"type":"Feature","properties":{"layer":"GP_Surgery_Locations_20220331","id":518,"OBJECTID":518,"org_id":12728,"org_code":"F84054","org_type":"GP","org_name":"The Limehouse Practice","PatientListSize":11933,"Total_Pat_Enbld":4535,"PercentOnline":38.0038548562809,"PercentOffline":61.9961451437191,"in_cw":false,"whole_in_zone":true},"geometry":{"type":"MultiPoint","coordinates":[[-0.0287,51.511253]]}},
{"type":"Feature","properties":{"layer":"GP_Surgery_Locations_20220331","id":521,"OBJECTID":521,"org_id":12731,"org_code":"F84062","org_type":"GP","org_name":"The Chrisp Street Hth Ctr","PatientListSize":15496,"Total_Pat_Enbld":8684,"PercentOnline":56.04026845637584,"PercentOffline":43.9597315436242,"in_cw":false,"whole_in_zone":true},"geometry":{"type":"MultiPoint","coordinates":[[-0.0143,51.51421]]}},
{"type":"Feature","properties":{"layer":"GP_Surgery_Locations_20220331","id":529,"OBJECTID":529,"org_id":12739,"org_code":"F84079","org_type":"GP","org_name":"The Wapping Group Practice","PatientListSize":11867,"Total_Pat_Enbld":6913,"PercentOnline":58.2539816297295,"PercentOffline":41.7460183702705,"in_cw":false,"whole_in_zone":true},"geometry":{"type":"MultiPoint","coordinates":[[-0.0585,51.505337]]}},
{"type":"Feature","properties":{"layer":"GP_Surgery_Locations_20220331","id":531,"OBJECTID":531,"org_id":12741,"org_code":"F84081","org_type":"GP","org_name":"The Spitalfields Practice","PatientListSize":14832,"Total_Pat_Enbld":7287,"PercentOnline":49.13025889967638,"PercentOffline":50.8697411003236,"in_cw":false,"whole_in_zone":true},"geometry":{"type":"MultiPoint","coordinates":[[-0.0696,51.517353]]}},
{"type":"Feature","properties":{"layer":"GP_Surgery_Locations_20220331","id":534,"OBJECTID":534,"org_id":12744,"org_code":"F84087","org_type":"GP","org_name":"HARFORD HEALTH CENTRE","PatientListSize":9949,"Total_Pat_Enbld":4348,"PercentOnline":43.702884712031356,"PercentOffline":56.2971152879686,"in_cw":false,"whole_in_zone":true},"geometry":{"type":"MultiPoint","coordinates":[[-0.0381,51.518387]]}},
{"type":"Feature","properties":{"layer":"GP_Surgery_Locations_20220331","id":543,"OBJECTID":543,"org_id":12754,"org_code":"F84114","org_type":"GP","org_name":"City Wellbeing Practice","PatientListSize":11558,"Total_Pat_Enbld":4749,"PercentOnline":41.08842360269943,"PercentOffline":58.9115763973006,"in_cw":false,"whole_in_zone":true},"geometry":{"type":"MultiPoint","coordinates":[[-0.0618,51.513359]]}},
{"type":"Feature","properties":{"layer":"GP_Surgery_Locations_20220331","id":563,"OBJECTID":563,"org_id":12777,"org_code":"F84647","org_type":"GP","org_name":"Roserton Street Surgery","PatientListSize":9165,"Total_Pat_Enbld":4015,"PercentOnline":43.80796508456083,"PercentOffline":56.1920349154392,"in_cw":true,"whole_in_zone":true},"geometry":{"type":"MultiPoint","coordinates":[[-0.01,51.498482]]}},
{"type":"Feature","properties":{"layer":"GP_Surgery_Locations_20220331","id":564,"OBJECTID":564,"org_id":12780,"org_code":"F84656","org_type":"GP","org_name":"DOCKLANDS MEDICAL CENTRE","PatientListSize":10019,"Total_Pat_Enbld":5234,"PercentOnline":52.240742589080746,"PercentOffline":47.7592574109193,"in_cw":false,"whole_in_zone":true},"geometry":{"type":"MultiPoint","coordinates":[[-0.0211,51.491154]]}},
{"type":"Feature","properties":{"layer":"GP_Surgery_Locations_20220331","id":568,"OBJECTID":568,"org_id":12785,"org_code":"F84666","org_type":"GP","org_name":"The Ruiz Medical Practice","PatientListSize":5855,"Total_Pat_Enbld":2631,"PercentOnline":44.93595217762596,"PercentOffline":55.064047822374,"in_cw":false,"whole_in_zone":true},"geometry":{"type":"MultiPoint","coordinates":[[0.0136,51.511929]]}},
{"type":"Feature","properties":{"layer":"GP_Surgery_Locations_20220331","id":578,"OBJECTID":578,"org_id":12796,"org_code":"F84682002","org_type":"GP","org_name":"Cable Street Surgery","PatientListSize":null,"Total_Pat_Enbld":null,"PercentOnline":null,"PercentOffline":null,"in_cw":false,"whole_in_zone":true},"geometry":{"type":"MultiPoint","coordinates":[[-0.0487,51.511368]]}},
{"type":"Feature","properties":{"layer":"GP_Surgery_Locations_20220331","id":579,"OBJECTID":579,"org_id":12797,"org_code":"F84682","org_type":"GP","org_name":"East One Health","PatientListSize":null,"Total_Pat_Enbld":null,"PercentOnline":null,"PercentOffline":null,"in_cw":false,"whole_in_zone":true},"geometry":{"type":"MultiPoint","coordinates":[[-0.0551,51.513599]]}},
{"type":"Feature","properties":{"layer":"GP_Surgery_Locations_20220331","id":585,"OBJECTID":585,"org_id":12804,"org_code":"F84698","org_type":"GP","org_name":"ABERFELDY PRACTICE","PatientListSize":11255,"Total_Pat_Enbld":6121,"PercentOnline":54.384717903154154,"PercentOffline":45.6152820968458,"in_cw":false,"whole_in_zone":true},"geometry":{"type":"MultiPoint","coordinates":[[-0.00491,51.514484]]}},
{"type":"Feature","properties":{"layer":"GP_Surgery_Locations_20220331","id":586,"OBJECTID":586,"org_id":12811,"org_code":"F84710","org_type":"GP","org_name":"ISLAND HEALTH","PatientListSize":15189,"Total_Pat_Enbld":9039,"PercentOnline":59.51017183488051,"PercentOffline":40.4898281651195,"in_cw":false,"whole_in_zone":true},"geometry":{"type":"MultiPoint","coordinates":[[-0.0135,51.495357]]}},
{"type":"Feature","properties":{"layer":"GP_Surgery_Locations_20220331","id":588,"OBJECTID":588,"org_id":12814,"org_code":"F84714","org_type":"GP","org_name":"ST PAULS WAY MEDICAL CENTRE","PatientListSize":16315,"Total_Pat_Enbld":9401,"PercentOnline":57.62182041066504,"PercentOffline":42.378179589335,"in_cw":false,"whole_in_zone":true},"geometry":{"type":"MultiPoint","coordinates":[[-0.0245,51.517864]]}},
{"type":"Feature","properties":{"layer":"GP_Surgery_Locations_20220331","id":597,"OBJECTID":597,"org_id":12824,"org_code":"F84731","org_type":"GP","org_name":"St. Katherine's Dock Practice","PatientListSize":2073,"Total_Pat_Enbld":1766,"PercentOnline":85.19054510371443,"PercentOffline":14.809454896285601,"in_cw":false,"whole_in_zone":true},"geometry":{"type":"MultiPoint","coordinates":[[-0.0683,51.506981]]}},
{"type":"Feature","properties":{"layer":"GP_Surgery_Locations_20220331","id":598,"OBJECTID":598,"org_id":12825,"org_code":"F84733","org_type":"GP","org_name":"Spitalfields Medical Centre - Health E1","PatientListSize":1109,"Total_Pat_Enbld":51,"PercentOnline":4.598737601442742,"PercentOffline":95.40126239855726,"in_cw":false,"whole_in_zone":true},"geometry":{"type":"MultiPoint","coordinates":[[-0.0715,51.518303]]}},
{"type":"Feature","properties":{"layer":"GP_Surgery_Locations_20220331","id":604,"OBJECTID":604,"org_id":12833,"org_code":"F84747","org_type":"GP","org_name":"The Barkantine Practice","PatientListSize":27153,"Total_Pat_Enbld":15613,"PercentOnline":57.50009207085773,"PercentOffline":42.4999079291423,"in_cw":true,"whole_in_zone":true},"geometry":{"type":"MultiPoint","coordinates":[[-0.025711,51.500805]]}},
{"type":"Feature","properties":{"layer":"GP_Surgery_Locations_20220331","id":758,"OBJECTID":758,"org_id":13638,"org_code":"G83021","org_type":"GP","org_name":"Vanbrugh Group Practice","PatientListSize":17953,"Total_Pat_Enbld":9191,"PercentOnline":51.19478638667631,"PercentOffline":48.8052136133237,"in_cw":false,"whole_in_zone":true},"geometry":{"type":"MultiPoint","coordinates":[[0.00857,51.486069]]}},
{"type":"Feature","properties":{"layer":"GP_Surgery_Locations_20220331","id":784,"OBJECTID":784,"org_id":13673,"org_code":"G83058","org_type":"GP","org_name":"Primecare Pms (South Street)","PatientListSize":9229,"Total_Pat_Enbld":1715,"PercentOnline":18.582728356268284,"PercentOffline":81.4172716437317,"in_cw":false,"whole_in_zone":true},"geometry":{"type":"MultiPoint","coordinates":[[-0.0125,51.476192]]}},
{"type":"Feature","properties":{"layer":"GP_Surgery_Locations_20220331","id":791,"OBJECTID":791,"org_id":13681,"org_code":"G83065","org_type":"GP","org_name":"Burney Street Pms","PatientListSize":16104,"Total_Pat_Enbld":5441,"PercentOnline":33.786636860407356,"PercentOffline":66.2133631395926,"in_cw":false,"whole_in_zone":true},"geometry":{"type":"MultiPoint","coordinates":[[-0.00915,51.479034]]}},
{"type":"Feature","properties":{"layer":"GP_Surgery_Locations_20220331","id":792,"OBJECTID":792,"org_id":13682,"org_code":"G83065002","org_type":"GP","org_name":"Wallace Health Centre","PatientListSize":null,"Total_Pat_Enbld":null,"PercentOnline":null,"PercentOffline":null,"in_cw":false,"whole_in_zone":true},"geometry":{"type":"MultiPoint","coordinates":[[-0.0188,51.481533]]}},
{"type":"Feature","properties":{"layer":"GP_Surgery_Locations_20220331","id":796,"OBJECTID":796,"org_id":13689,"org_code":"Y03755","org_type":"GP","org_name":"Greenwich Peninsula Practice","PatientListSize":10311,"Total_Pat_Enbld":4342,"PercentOnline":42.11036756861604,"PercentOffline":57.889632431384,"in_cw":false,"whole_in_zone":true},"geometry":{"type":"MultiPoint","coordinates":[[0.0121,51.493259]]}},
{"type":"Feature","properties":{"layer":"GP_Surgery_Locations_20220331","id":805,"OBJECTID":805,"org_id":13700,"org_code":"G83641","org_type":"GP","org_name":"Plumbridge Medical Centre","PatientListSize":2774,"Total_Pat_Enbld":345,"PercentOnline":12.43691420331651,"PercentOffline":87.5630857966835,"in_cw":false,"whole_in_zone":true},"geometry":{"type":"MultiPoint","coordinates":[[-0.014,51.473206]]}},
{"type":"Feature","properties":{"layer":"GP_Surgery_Locations_20220331","id":809,"OBJECTID":809,"org_id":13705,"org_code":"G83651","org_type":"GP","org_name":"Woodlands Surgery","PatientListSize":6320,"Total_Pat_Enbld":1946,"PercentOnline":30.791139240506325,"PercentOffline":69.2088607594937,"in_cw":false,"whole_in_zone":true},"geometry":{"type":"MultiPoint","coordinates":[[0.00462,51.484798]]}},
{"type":"Feature","properties":{"layer":"GP_Surgery_Locations_20220331","id":866,"OBJECTID":866,"org_id":13777,"org_code":"G85006","org_type":"GP","org_name":"The Acorn & Gaumont House Surgery","PatientListSize":8886,"Total_Pat_Enbld":2816,"PercentOnline":31.69029934728787,"PercentOffline":68.3097006527121,"in_cw":false,"whole_in_zone":true},"geometry":{"type":"MultiPoint","coordinates":[[-0.0665,51.474155]]}},
{"type":"Feature","properties":{"layer":"GP_Surgery_Locations_20220331","id":867,"OBJECTID":867,"org_id":13779,"org_code":"G85008","org_type":"GP","org_name":"Mornington Surgery","PatientListSize":null,"Total_Pat_Enbld":null,"PercentOnline":null,"PercentOffline":null,"in_cw":false,"whole_in_zone":true},"geometry":{"type":"MultiPoint","coordinates":[[-0.0306,51.475891]]}},
{"type":"Feature","properties":{"layer":"GP_Surgery_Locations_20220331","id":869,"OBJECTID":869,"org_id":13783,"org_code":"G85013","org_type":"GP","org_name":"Camberwell Green Surgery","PatientListSize":9290,"Total_Pat_Enbld":3473,"PercentOnline":37.3842841765339,"PercentOffline":62.6157158234661,"in_cw":false,"whole_in_zone":true},"geometry":{"type":"MultiPoint","coordinates":[[-0.0935,51.474617]]}},
{"type":"Feature","properties":{"layer":"GP_Surgery_Locations_20220331","id":871,"OBJECTID":871,"org_id":13785,"org_code":"G85015","org_type":"GP","org_name":"The Queens Road Partnership","PatientListSize":9075,"Total_Pat_Enbld":3925,"PercentOnline":43.25068870523416,"PercentOffline":56.7493112947658,"in_cw":false,"whole_in_zone":true},"geometry":{"type":"MultiPoint","coordinates":[[-0.0474,51.474262]]}},
{"type":"Feature","properties":{"layer":"GP_Surgery_Locations_20220331","id":873,"OBJECTID":873,"org_id":13787,"org_code":"G85019","org_type":"GP","org_name":"The Trafalgar Surgery","PatientListSize":3931,"Total_Pat_Enbld":1557,"PercentOnline":39.608242177562964,"PercentOffline":60.391757822437,"in_cw":false,"whole_in_zone":true},"geometry":{"type":"MultiPoint","coordinates":[[-0.0744,51.485672]]}},
{"type":"Feature","properties":{"layer":"GP_Surgery_Locations_20220331","id":874,"OBJECTID":874,"org_id":13788,"org_code":"G85020","org_type":"GP","org_name":"Kingfisher Medical Centre","PatientListSize":14180,"Total_Pat_Enbld":4961,"PercentOnline":34.98589562764457,"PercentOffline":65.0141043723554,"in_cw":false,"whole_in_zone":true},"geometry":{"type":"MultiPoint","coordinates":[[-0.0305,51.481876]]}},
{"type":"Feature","properties":{"layer":"GP_Surgery_Locations_20220331","id":875,"OBJECTID":875,"org_id":13789,"org_code":"G85020001","org_type":"GP","org_name":"Surrey Docks Health Centre","PatientListSize":null,"Total_Pat_Enbld":null,"PercentOnline":null,"PercentOffline":null,"in_cw":false,"whole_in_zone":true},"geometry":{"type":"MultiPoint","coordinates":[[-0.0366,51.500881]]}},
{"type":"Feature","properties":{"layer":"GP_Surgery_Locations_20220331","id":881,"OBJECTID":881,"org_id":13795,"org_code":"G85026","org_type":"GP","org_name":"Clifton Rise Family Practice","PatientListSize":4526,"Total_Pat_Enbld":2345,"PercentOnline":51.81175430844013,"PercentOffline":48.1882456915599,"in_cw":false,"whole_in_zone":true},"geometry":{"type":"MultiPoint","coordinates":[[-0.0319,51.476288]]}},
{"type":"Feature","properties":{"layer":"GP_Surgery_Locations_20220331","id":884,"OBJECTID":884,"org_id":13798,"org_code":"G85029","org_type":"GP","org_name":"Falmouth Road Group Practice","PatientListSize":15136,"Total_Pat_Enbld":6271,"PercentOnline":41.431025369978855,"PercentOffline":58.5689746300211,"in_cw":false,"whole_in_zone":true},"geometry":{"type":"MultiPoint","coordinates":[[-0.0931,51.496426]]}},
{"type":"Feature","properties":{"layer":"GP_Surgery_Locations_20220331","id":885,"OBJECTID":885,"org_id":13799,"org_code":"G85030","org_type":"GP","org_name":"Parkside Medical Centre","PatientListSize":6435,"Total_Pat_Enbld":2101,"PercentOnline":32.64957264957265,"PercentOffline":67.3504273504274,"in_cw":false,"whole_in_zone":true},"geometry":{"type":"MultiPoint","coordinates":[[-0.0926,51.475826]]}},
{"type":"Feature","properties":{"layer":"GP_Surgery_Locations_20220331","id":892,"OBJECTID":892,"org_id":13807,"org_code":"G85040","org_type":"GP","org_name":"Queens Road Surgery","PatientListSize":12875,"Total_Pat_Enbld":5634,"PercentOnline":43.75922330097087,"PercentOffline":56.2407766990291,"in_cw":false,"whole_in_zone":true},"geometry":{"type":"MultiPoint","coordinates":[[-0.064,51.475098]]}},
{"type":"Feature","properties":{"layer":"GP_Surgery_Locations_20220331","id":894,"OBJECTID":894,"org_id":13809,"org_code":"G85042","org_type":"GP","org_name":"St Giles Surgery (Dr Begley)","PatientListSize":5554,"Total_Pat_Enbld":2622,"PercentOnline":47.20921858120274,"PercentOffline":52.7907814187973,"in_cw":false,"whole_in_zone":true},"geometry":{"type":"MultiPoint","coordinates":[[-0.0842,51.474544]]}},
{"type":"Feature","properties":{"layer":"GP_Surgery_Locations_20220331","id":899,"OBJECTID":899,"org_id":13817,"org_code":"G85052","org_type":"GP","org_name":"Old Kent Road Surgery","PatientListSize":10488,"Total_Pat_Enbld":4271,"PercentOnline":40.72273073989321,"PercentOffline":59.2772692601068,"in_cw":false,"whole_in_zone":true},"geometry":{"type":"MultiPoint","coordinates":[[-0.0813,51.490543]]}},
{"type":"Feature","properties":{"layer":"GP_Surgery_Locations_20220331","id":907,"OBJECTID":907,"org_id":13826,"org_code":"G85076","org_type":"GP","org_name":"New Cross Health Centre","PatientListSize":10990,"Total_Pat_Enbld":4566,"PercentOnline":41.54686078252957,"PercentOffline":58.4531392174704,"in_cw":false,"whole_in_zone":true},"geometry":{"type":"MultiPoint","coordinates":[[-0.0315,51.477528]]}},
{"type":"Feature","properties":{"layer":"GP_Surgery_Locations_20220331","id":910,"OBJECTID":910,"org_id":13832,"org_code":"G85085","org_type":"GP","org_name":"Grove Medical Centre","PatientListSize":12374,"Total_Pat_Enbld":6488,"PercentOnline":52.432519799579765,"PercentOffline":47.5674802004202,"in_cw":false,"whole_in_zone":true},"geometry":{"type":"MultiPoint","coordinates":[[-0.035213,51.490257]]}},
{"type":"Feature","properties":{"layer":"GP_Surgery_Locations_20220331","id":912,"OBJECTID":912,"org_id":13834,"org_code":"G85087","org_type":"GP","org_name":"Silverlock Medical Centre","PatientListSize":14896,"Total_Pat_Enbld":6340,"PercentOnline":42.56176154672395,"PercentOffline":57.438238453276,"in_cw":false,"whole_in_zone":true},"geometry":{"type":"MultiPoint","coordinates":[[-0.0634,51.485912]]}},
{"type":"Feature","properties":{"layer":"GP_Surgery_Locations_20220331","id":915,"OBJECTID":915,"org_id":13838,"org_code":"G85034001","org_type":"GP","org_name":"Artesian Health Centre (Nexus Health Group)","PatientListSize":null,"Total_Pat_Enbld":null,"PercentOnline":null,"PercentOffline":null,"in_cw":false,"whole_in_zone":true},"geometry":{"type":"MultiPoint","coordinates":[[-0.0746,51.49395]]}},
{"type":"Feature","properties":{"layer":"GP_Surgery_Locations_20220331","id":916,"OBJECTID":916,"org_id":13839,"org_code":"G85034004","org_type":"GP","org_name":"Decima Street Surgery (Nexus Health Group)","PatientListSize":null,"Total_Pat_Enbld":null,"PercentOnline":null,"PercentOffline":null,"in_cw":false,"whole_in_zone":true},"geometry":{"type":"MultiPoint","coordinates":[[-0.0828,51.497211]]}},
{"type":"Feature","properties":{"layer":"GP_Surgery_Locations_20220331","id":929,"OBJECTID":929,"org_id":13859,"org_code":"G85125","org_type":"GP","org_name":"Park Medical Centre","PatientListSize":5921,"Total_Pat_Enbld":3697,"PercentOnline":62.43877723357541,"PercentOffline":37.5612227664246,"in_cw":false,"whole_in_zone":true},"geometry":{"type":"MultiPoint","coordinates":[[-0.0496,51.492401]]}},
{"type":"Feature","properties":{"layer":"GP_Surgery_Locations_20220331","id":934,"OBJECTID":934,"org_id":13865,"org_code":"G85134","org_type":"GP","org_name":"The Lister Primary Care Centre","PatientListSize":6378,"Total_Pat_Enbld":1999,"PercentOnline":31.34211351520853,"PercentOffline":68.6578864847915,"in_cw":false,"whole_in_zone":true},"geometry":{"type":"MultiPoint","coordinates":[[-0.0752,51.474438]]}},
{"type":"Feature","properties":{"layer":"GP_Surgery_Locations_20220331","id":938,"OBJECTID":938,"org_id":13869,"org_code":"G85138","org_type":"GP","org_name":"Albion Street Group Practice","PatientListSize":15208,"Total_Pat_Enbld":8800,"PercentOnline":57.86428195686481,"PercentOffline":42.1357180431352,"in_cw":false,"whole_in_zone":true},"geometry":{"type":"MultiPoint","coordinates":[[-0.0506,51.501007]]}},
{"type":"Feature","properties":{"layer":"GP_Surgery_Locations_20220331","id":939,"OBJECTID":939,"org_id":13871,"org_code":"G85623","org_type":"GP","org_name":"Bermondsey Spa Medical Centre","PatientListSize":11807,"Total_Pat_Enbld":4008,"PercentOnline":33.945964258490726,"PercentOffline":66.0540357415093,"in_cw":false,"whole_in_zone":true},"geometry":{"type":"MultiPoint","coordinates":[[-0.0691,51.497005]]}},
{"type":"Feature","properties":{"layer":"GP_Surgery_Locations_20220331","id":940,"OBJECTID":940,"org_id":13872,"org_code":"G85632","org_type":"GP","org_name":"The Villa Street Medical Centre","PatientListSize":8264,"Total_Pat_Enbld":4611,"PercentOnline":55.79622458857696,"PercentOffline":44.203775411423,"in_cw":false,"whole_in_zone":true},"geometry":{"type":"MultiPoint","coordinates":[[-0.0883,51.486565]]}},
{"type":"Feature","properties":{"layer":"GP_Surgery_Locations_20220331","id":952,"OBJECTID":952,"org_id":13890,"org_code":"G85034007","org_type":"GP","org_name":"Surrey Docks Health Centre (Nexus Health Group)","PatientListSize":null,"Total_Pat_Enbld":null,"PercentOnline":null,"PercentOffline":null,"in_cw":false,"whole_in_zone":true},"geometry":{"type":"MultiPoint","coordinates":[[-0.0366,51.500881]]}},
{"type":"Feature","properties":{"layer":"GP_Surgery_Locations_20220331","id":955,"OBJECTID":955,"org_id":13894,"org_code":"G85698","org_type":"GP","org_name":"Amersham Vale Practice","PatientListSize":14733,"Total_Pat_Enbld":7726,"PercentOnline":52.44010045476142,"PercentOffline":47.5598995452386,"in_cw":false,"whole_in_zone":true},"geometry":{"type":"MultiPoint","coordinates":[[-0.0319,51.476288]]}},
{"type":"Feature","properties":{"layer":"GP_Surgery_Locations_20220331","id":956,"OBJECTID":956,"org_id":13897,"org_code":"G85705","org_type":"GP","org_name":"The New Mill Street Surgery","PatientListSize":6297,"Total_Pat_Enbld":4144,"PercentOnline":65.80911545180244,"PercentOffline":34.1908845481976,"in_cw":false,"whole_in_zone":true},"geometry":{"type":"MultiPoint","coordinates":[[-0.0711,51.50071]]}},
{"type":"Feature","properties":{"layer":"GP_Surgery_Locations_20220331","id":959,"OBJECTID":959,"org_id":13901,"org_code":"G85711","org_type":"GP","org_name":"Deptford Surgery","PatientListSize":9757,"Total_Pat_Enbld":4864,"PercentOnline":49.85138874654094,"PercentOffline":50.1486112534591,"in_cw":false,"whole_in_zone":true},"geometry":{"type":"MultiPoint","coordinates":[[-0.0275,51.474937]]}},
{"type":"Feature","properties":{"layer":"GP_Surgery_Locations_20220331","id":960,"OBJECTID":960,"org_id":13904,"org_code":"G85715","org_type":"GP","org_name":"The Lister Practice","PatientListSize":12129,"Total_Pat_Enbld":3592,"PercentOnline":29.614972380245693,"PercentOffline":70.3850276197543,"in_cw":false,"whole_in_zone":true},"geometry":{"type":"MultiPoint","coordinates":[[-0.0752,51.474438]]}},
{"type":"Feature","properties":{"layer":"GP_Surgery_Locations_20220331","id":962,"OBJECTID":962,"org_id":13908,"org_code":"G85721","org_type":"GP","org_name":"Dr At Bradford's Practice","PatientListSize":7372,"Total_Pat_Enbld":2371,"PercentOnline":32.162235485621274,"PercentOffline":67.8377645143787,"in_cw":false,"whole_in_zone":true},"geometry":{"type":"MultiPoint","coordinates":[[-0.0824,51.490128]]}},
{"type":"Feature","properties":{"layer":"GP_Surgery_Locations_20220331","id":965,"OBJECTID":965,"org_id":13912,"org_code":"G85726","org_type":"GP","org_name":"St Giles Surgery  (Dr Rosemen)","PatientListSize":7167,"Total_Pat_Enbld":2786,"PercentOnline":38.87261057625227,"PercentOffline":61.1273894237477,"in_cw":false,"whole_in_zone":true},"geometry":{"type":"MultiPoint","coordinates":[[-0.0842,51.474544]]}},
{"type":"Feature","properties":{"layer":"GP_Surgery_Locations_20220331","id":967,"OBJECTID":967,"org_id":13915,"org_code":"G85736","org_type":"GP","org_name":"Deptford Medical Centre","PatientListSize":3728,"Total_Pat_Enbld":2122,"PercentOnline":56.9206008583691,"PercentOffline":43.0793991416309,"in_cw":false,"whole_in_zone":true},"geometry":{"type":"MultiPoint","coordinates":[[-0.0271,51.474533]]}},
{"type":"Feature","properties":{"layer":"GP_Surgery_Locations_20220331","id":1175,"OBJECTID":1175,"org_id":44456,"org_code":"G85034003","org_type":"GP","org_name":"Commercial Way Practice (Nexus Health Group)","PatientListSize":null,"Total_Pat_Enbld":null,"PercentOnline":null,"PercentOffline":null,"in_cw":false,"whole_in_zone":true},"geometry":{"type":"MultiPoint","coordinates":[[-0.0734,51.477303]]}},
{"type":"Feature","properties":{"layer":"GP_Surgery_Locations_20220331","id":1176,"OBJECTID":1176,"org_id":44457,"org_code":"G85034005","org_type":"GP","org_name":"Dun Cow Surgery (Nexus Health Group)","PatientListSize":null,"Total_Pat_Enbld":null,"PercentOnline":null,"PercentOffline":null,"in_cw":false,"whole_in_zone":true},"geometry":{"type":"MultiPoint","coordinates":[[-0.0789,51.489666]]}},
{"type":"Feature","properties":{"layer":"GP_Surgery_Locations_20220331","id":1177,"OBJECTID":1177,"org_id":44458,"org_code":"G85034002","org_type":"GP","org_name":"Aylesbury Medical Centre (Nexus Health Group)","PatientListSize":null,"Total_Pat_Enbld":null,"PercentOnline":null,"PercentOffline":null,"in_cw":false,"whole_in_zone":true},"geometry":{"type":"MultiPoint","coordinates":[[-0.0866,51.488354]]}},
{"type":"Feature","properties":{"layer":"GP_Surgery_Locations_20220331","id":1230,"OBJECTID":1230,"org_id":1819371,"org_code":"F84749002","org_type":"GP","org_name":"St. Luke's Practice","PatientListSize":null,"Total_Pat_Enbld":null,"PercentOnline":null,"PercentOffline":null,"in_cw":false,"whole_in_zone":true},"geometry":{"type":"MultiPoint","coordinates":[[0.0136,51.511929]]}},
{"type":"Feature","properties":{"layer":"GP_Surgery_Locations_20220331","id":1266,"OBJECTID":1266,"org_id":9653738,"org_code":"Y06113","org_type":"GP","org_name":"Southwark Care Homes-GP Practice","PatientListSize":349,"Total_Pat_Enbld":4,"PercentOnline":1.146131805157593,"PercentOffline":98.8538681948424,"in_cw":false,"whole_in_zone":true},"geometry":{"type":"MultiPoint","coordinates":[[-0.0691,51.497005]]}},
{"type":"Feature","properties":{"layer":"GP_Surgery_Locations_20220331","id":1268,"OBJECTID":1268,"org_id":10644175,"org_code":"G85006001","org_type":"GP","org_name":"Salau - Gaumont House Branch","PatientListSize":null,"Total_Pat_Enbld":null,"PercentOnline":null,"PercentOffline":null,"in_cw":false,"whole_in_zone":true},"geometry":{"type":"MultiPoint","coordinates":[[-0.0665,51.474155]]}},
{"type":"Feature","properties":{"layer":"GP_Surgery_Locations_20220331","id":1269,"OBJECTID":1269,"org_id":10644178,"org_code":"F84039001","org_type":"GP","org_name":"Whitechapel Health Centre Branch","PatientListSize":null,"Total_Pat_Enbld":null,"PercentOnline":null,"PercentOffline":null,"in_cw":false,"whole_in_zone":true},"geometry":{"type":"MultiPoint","coordinates":[[-0.0745,51.51392]]}},
{"type":"Feature","properties":{"layer":"GP_Surgery_Locations_20220331","id":1281,"OBJECTID":1281,"org_id":10644333,"org_code":"G85119002","org_type":"GP","org_name":"Camberwell Green Care Centre","PatientListSize":null,"Total_Pat_Enbld":null,"PercentOnline":null,"PercentOffline":null,"in_cw":false,"whole_in_zone":true},"geometry":{"type":"MultiPoint","coordinates":[[-0.093,51.475861]]}},
{"type":"Feature","properties":{"layer":"GP_Surgery_Locations_20220331","id":1282,"OBJECTID":1282,"org_id":10644334,"org_code":"G85119003","org_type":"GP","org_name":"Burgess Park Care Centre","PatientListSize":null,"Total_Pat_Enbld":null,"PercentOnline":null,"PercentOffline":null,"in_cw":false,"whole_in_zone":true},"geometry":{"type":"MultiPoint","coordinates":[[-0.0904,51.477581]]}},
{"type":"Feature","properties":{"layer":"GP_Surgery_Locations_20220331","id":1283,"OBJECTID":1283,"org_id":10644335,"org_code":"G85119004","org_type":"GP","org_name":"Queens Oak Care Centre","PatientListSize":null,"Total_Pat_Enbld":null,"PercentOnline":null,"PercentOffline":null,"in_cw":false,"whole_in_zone":true},"geometry":{"type":"MultiPoint","coordinates":[[-0.0603,51.473526]]}},
{"type":"Feature","properties":{"layer":"London_LSOAs_Generalised_inc_Attributes_Rev_20220331","id":2,"OBJECTID_12":2,"OBJECTID":2,"LSOA11CD":"E01000002","LSOA11NM":"City of London 001B","IUCN_2018_GRP_CD":2,"IUCN_2018_GRP_LABEL":"e-Professionals","Local_Authority_Name":"City of London","Paper_First":"No","HTC_digital":2,"HTC_willingness":2,"Online_share_of_returns":0.977,"Paper_share_of_returns":0.023,"Age_65_plus_number_mid2020":394,"Age_65_plus_PC_mid2020":23.5,"Age_75_plus_number_mid2020":198,"Age_75_plus_PC_mid2020":11.8,"IMD_2019_Rank":30379,"IMD_2019_Decile":10,"IDAOPI_2019_Rank":31938,"IDAOPI_2019_Decile":10,"Premises_Unable_30mbps_Ofcom":93,"Premises_below_USO":0,"Shape_Length":2488.086900366845,"Shape_Area":226210.01592960447,"in_cw":false,"whole_in_zone":false},"geometry":{"type":"MultiPolygon","coordinates":[[[[-0.089669,51.520689],[-0.08992,51.519984],[-0.088103,51.519412],[-0.089265,51.517518],[-0.090094,51.517479],[-0.090284,51.517081],[-0.09078,51.517264],[-0.090661,51.517541],[-0.091394,51.51765],[-0.09239,51.515832],[-0.094006,51.514095],[-0.094753,51.514239],[-0.094667,51.514529],[-0.095202,51.514592],[-0.095009,51.515279],[-0.095455,51.515442],[-0.094917,51.516588],[-0.095908,51.516754],[-0.095058,51.518239],[-0.095268,51.518927],[-0.094479,51.519761],[-0.094363,51.520665],[-0.094745,51.520596],[-0.093896,51.520777],[-0.094014,51.521034],[-0.092737,51.521389],[-0.092502,51.52143],[-0.092375,51.52102],[-0.090559,51.520819],[-0.089669,51.520689]]]]}},
{"type":"Feature","properties":{"layer":"London_LSOAs_Generalised_inc_Attributes_Rev_20220331","id":3,"OBJECTID_12":3,"OBJECTID":3,"LSOA11CD":"E01000003","LSOA11NM":"City of London 001C","IUCN_2018_GRP_CD":4,"IUCN_2018_GRP_LABEL":"Youthful Urban Fringe","Local_Authority_Name":"City of London","Paper_First":"No","HTC_digital":2,"HTC_willingness":3,"Online_share_of_returns":0.946,"Paper_share_of_returns":0.054000000000000006,"Age_65_plus_number_mid2020":429,"Age_65_plus_PC_mid2020":22.6,"Age_75_plus_number_mid2020":178,"Age_75_plus_PC_mid2020":9.4,"IMD_2019_Rank":14915,"IMD_2019_Decile":5,"IDAOPI_2019_Rank":16377,"IDAOPI_2019_Decile":5,"Premises_Unable_30mbps_Ofcom":43,"Premises_below_USO":0,"Shape_Length":1142.2422302965542,"Shape_Area":57285.32870041103,"in_cw":false,"whole_in_zone":false},"geometry":{"type":"MultiPolygon","coordinates":[[[[-0.09676,51.523251],[-0.096445,51.522823],[-0.095071,51.523055],[-0.094533,51.522048],[-0.094313,51.521463],[-0.092737,51.521389],[-0.094014,51.521034],[-0.093896,51.520777],[-0.094745,51.520596],[-0.095242,51.520504],[-0.09649,51.520276],[-0.097263,51.521579],[-0.097466,51.522173],[-0.097694,51.52292],[-0.09676,51.523251]]]]}},
{"type":"Feature","properties":{"layer":"London_LSOAs_Generalised_inc_Attributes_Rev_20220331","id":4,"OBJECTID_12":4,"OBJECTID":4,"LSOA11CD":"E01000005","LSOA11NM":"City of London 001E","IUCN_2018_GRP_CD":8,"IUCN_2018_GRP_LABEL":"Digital Seniors","Local_Authority_Name":"City of London","Paper_First":"No","HTC_digital":1,"HTC_willingness":5,"Online_share_of_returns":0.938,"Paper_share_of_returns":0.063,"Age_65_plus_number_mid2020":211,"Age_65_plus_PC_mid2020":9.7,"Age_75_plus_number_mid2020":91,"Age_75_plus_PC_mid2020":4.2,"IMD_2019_Rank":8678,"IMD_2019_Decile":3,"IDAOPI_2019_Rank":3885,"IDAOPI_2019_Decile":2,"Premises_Unable_30mbps_Ofcom":269,"Premises_below_USO":0,"Shape_Length":2167.872155564012,"Shape_Area":190747.4385142535,"in_cw":false,"whole_in_zone":true},"geometry":{"type":"MultiPolygon","coordinates":[[[[-0.073204,51.510004],[-0.075506,51.509737],[-0.076147,51.510478],[-0.076416,51.513433],[-0.08001,51.515675],[-0.079123,51.516323],[-0.078199,51.51749],[-0.077345,51.517398],[-0.075892,51.515896],[-0.075798,51.51583],[-0.073943,51.514454],[-0.073421,51.513549],[-0.073165,51.512572],[-0.072738,51.510806],[-0.072702,51.510189],[-0.073204,51.510004]]]]}},
{"type":"Feature","properties":{"layer":"London_LSOAs_Generalised_inc_Attributes_Rev_20220331","id":1557,"OBJECTID_12":1557,"OBJECTID":1557,"LSOA11CD":"E01001580","LSOA11NM":"Greenwich 021A","IUCN_2018_GRP_CD":2,"IUCN_2018_GRP_LABEL":"e-Professionals","Local_Authority_Name":"Greenwich","Paper_First":"No","HTC_digital":1,"HTC_willingness":4,"Online_share_of_returns":0.961,"Paper_share_of_returns":0.039,"Age_65_plus_number_mid2020":263,"Age_65_plus_PC_mid2020":15.2,"Age_75_plus_number_mid2020":124,"Age_75_plus_PC_mid2020":7.2,"IMD_2019_Rank":23584,"IMD_2019_Decile":8,"IDAOPI_2019_Rank":24830,"IDAOPI_2019_Decile":8,"Premises_Unable_30mbps_Ofcom":0,"Premises_below_USO":0,"Shape_Length":3643.0190107452554,"Shape_Area":301638.1231857549,"in_cw":false,"whole_in_zone":false},"geometry":{"type":"MultiPolygon","coordinates":[[[[0.016146,51.479777],[0.01629,51.478955],[0.016109,51.4772],[0.017477,51.477088],[0.017854,51.477584],[0.018736,51.477469],[0.018431,51.478307],[0.019176,51.478447],[0.019367,51.477878],[0.02047,51.478105],[0.020734,51.477894],[0.019432,51.477107],[0.020401,51.476948],[0.020236,51.476512],[0.019228,51.476336],[0.017293,51.476693],[0.01793,51.475703],[0.017939,51.47489],[0.018447,51.47473],[0.018906,51.475121],[0.020044,51.475061],[0.019917,51.474071],[0.018349,51.473913],[0.016289,51.473672],[0.012115,51.473174],[0.012123,51.473322],[0.008079,51.476971],[0.009112,51.476776],[0.012466,51.476876],[0.012447,51.477101],[0.01244,51.477304],[0.013237,51.477533],[0.013205,51.478204],[0.014091,51.478492],[0.014214,51.479182],[0.014743,51.479096],[0.016146,51.479777]]]]}},
{"type":"Feature","properties":{"layer":"London_LSOAs_Generalised_inc_Attributes_Rev_20220331","id":1562,"OBJECTID_12":1562,"OBJECTID":1562,"LSOA11CD":"E01001585","LSOA11NM":"Greenwich 016B","IUCN_2018_GRP_CD":3,"IUCN_2018_GRP_LABEL":"e-Veterans","Local_Authority_Name":"Greenwich","Paper_First":"No","HTC_digital":2,"HTC_willingness":3,"Online_share_of_returns":0.96,"Paper_share_of_returns":0.04,"Age_65_plus_number_mid2020":168,"Age_65_plus_PC_mid2020":11.6,"Age_75_plus_number_mid2020":80,"Age_75_plus_PC_mid2020":5.5,"IMD_2019_Rank":21113,"IMD_2019_Decile":7,"IDAOPI_2019_Rank":17763,"IDAOPI_2019_Decile":6,"Premises_Unable_30mbps_Ofcom":1,"Premises_below_USO":0,"Shape_Length":3507.9294484478783,"Shape_Area":182828.43509367653,"in_cw":false,"whole_in_zone":false},"geometry":{"type":"MultiPolygon","coordinates":[[[[0.019393,51.483628],[0.019022,51.48294],[0.019889,51.481363],[0.019194,51.480947],[0.019044,51.481267],[0.018155,51.480874],[0.017638,51.481237],[0.017961,51.481467],[0.017585,51.481541],[0.017422,51.483076],[0.016973,51.482043],[0.016316,51.482207],[0.017238,51.483502],[0.015559,51.483342],[0.016111,51.482975],[0.015754,51.482516],[0.014032,51.481549],[0.012656,51.480878],[0.011294,51.481202],[0.010725,51.481046],[0.010558,51.481471],[0.011367,51.482321],[0.010846,51.482567],[0.00935,51.480158],[0.008854,51.480278],[0.009314,51.482087],[0.008397,51.482593],[0.008422,51.483167],[0.011078,51.483477],[0.012028,51.48358],[0.012966,51.483682],[0.014,51.483802],[0.015878,51.484],[0.019806,51.484379],[0.019838,51.483683],[0.019393,51.483628]]]]}},
{"type":"Feature","properties":{"layer":"London_LSOAs_Generalised_inc_Attributes_Rev_20220331","id":1563,"OBJECTID_12":1563,"OBJECTID":1563,"LSOA11CD":"E01001586","LSOA11NM":"Greenwich 016C","IUCN_2018_GRP_CD":3,"IUCN_2018_GRP_LABEL":"e-Veterans","Local_Authority_Name":"Greenwich","Paper_First":"No","HTC_digital":2,"HTC_willingness":3,"Online_share_of_returns":0.9520000000000001,"Paper_share_of_returns":0.048,"Age_65_plus_number_mid2020":319,"Age_65_plus_PC_mid2020":23.1,"Age_75_plus_number_mid2020":157,"Age_75_plus_PC_mid2020":11.4,"IMD_2019_Rank":11294,"IMD_2019_Decile":4,"IDAOPI_2019_Rank":12432,"IDAOPI_2019_Decile":4,"Premises_Unable_30mbps_Ofcom":0,"Premises_below_USO":0,"Shape_Length":3582.4066149227638,"Shape_Area":211215.06107607877,"in_cw":false,"whole_in_zone":false},"geometry":{"type":"MultiPolygon","coordinates":[[[[0.016316,51.482207],[0.016973,51.482043],[0.017422,51.483076],[0.017585,51.481541],[0.017961,51.481467],[0.017638,51.481237],[0.018155,51.480874],[0.017725,51.479571],[0.018167,51.478886],[0.019198,51.478649],[0.019176,51.478447],[0.018431,51.478307],[0.018736,51.477469],[0.017854,51.477584],[0.017477,51.477088],[0.016109,51.4772],[0.01629,51.478955],[0.016146,51.479777],[0.014743,51.479096],[0.014214,51.479182],[0.014091,51.478492],[0.013205,51.478204],[0.013237,51.477533],[0.01244,51.477304],[0.012447,51.477101],[0.011553,51.477062],[0.011007,51.47775],[0.010573,51.477729],[0.010444,51.479024],[0.012272,51.478678],[0.01248,51.479117],[0.01152,51.479234],[0.011692,51.479804],[0.010926,51.480158],[0.011113,51.480434],[0.01025,51.480589],[0.010725,51.481046],[0.011294,51.481202],[0.012656,51.480878],[0.014032,51.481549],[0.015754,51.482516],[0.016111,51.482975],[0.015559,51.483342],[0.017238,51.483502],[0.016316,51.482207]]]]}},
{"type":"Feature","properties":{"layer":"London_LSOAs_Generalised_inc_Attributes_Rev_20220331","id":1564,"OBJECTID_12":1564,"OBJECTID":1564,"LSOA11CD":"E01001587","LSOA11NM":"Greenwich 016D","IUCN_2018_GRP_CD":2,"IUCN_2018_GRP_LABEL":"e-Professionals","Local_Authority_Name":"Greenwich","Paper_First":"No","HTC_digital":1,"HTC_willingness":3,"Online_share_of_returns":0.9670000000000001,"Paper_share_of_returns":0.033,"Age_65_plus_number_mid2020":287,"Age_65_plus_PC_mid2020":12.6,"Age_75_plus_number_mid2020":120,"Age_75_plus_PC_mid2020":5.3,"IMD_2019_Rank":22066,"IMD_2019_Decile":7,"IDAOPI_2019_Rank":15975,"IDAOPI_2019_Decile":5,"Premises_Unable_30mbps_Ofcom":1,"Premises_below_USO":0,"Shape_Length":3362.1937367994965,"Shape_Area":271061.81747105584,"in_cw":false,"whole_in_zone":true},"geometry":{"type":"MultiPolygon","coordinates":[[[[0.008397,51.482593],[0.009314,51.482087],[0.008854,51.480278],[0.00935,51.480158],[0.010846,51.482567],[0.011367,51.482321],[0.010558,51.481471],[0.010725,51.481046],[0.01025,51.480589],[0.011113,51.480434],[0.010926,51.480158],[0.011692,51.479804],[0.01152,51.479234],[0.01248,51.479117],[0.012272,51.478678],[0.010444,51.479024],[0.010573,51.477729],[0.011007,51.47775],[0.011553,51.477062],[0.012447,51.477101],[0.012466,51.476876],[0.009112,51.476776],[0.008079,51.476971],[0.005332,51.479496],[0.004817,51.479927],[0.002546,51.481301],[0.001413,51.482138],[0.001626,51.482715],[0.001977,51.482769],[0.004842,51.48265],[0.0059,51.482764],[0.006449,51.482853],[0.008366,51.483159],[0.008422,51.483167],[0.008397,51.482593]]]]}},
{"type":"Feature","properties":{"layer":"London_LSOAs_Generalised_inc_Attributes_Rev_20220331","id":1608,"OBJECTID_12":1608,"OBJECTID":1608,"LSOA11CD":"E01001638","LSOA11NM":"Greenwich 038A","IUCN_2018_GRP_CD":4,"IUCN_2018_GRP_LABEL":"Youthful Urban Fringe","Local_Authority_Name":"Greenwich","Paper_First":"No","HTC_digital":2,"HTC_willingness":4,"Online_share_of_returns":0.9590000000000001,"Paper_share_of_returns":0.040999999999999995,"Age_65_plus_number_mid2020":214,"Age_65_plus_PC_mid2020":10.3,"Age_75_plus_number_mid2020":107,"Age_75_plus_PC_mid2020":5.2,"IMD_2019_Rank":8986,"IMD_2019_Decile":3,"IDAOPI_2019_Rank":2785,"IDAOPI_2019_Decile":1,"Premises_Unable_30mbps_Ofcom":32,"Premises_below_USO":0,"Shape_Length":1906.4966261564684,"Shape_Area":106937.16122312527,"in_cw":false,"whole_in_zone":false},"geometry":{"type":"MultiPolygon","coordinates":[[[[-0.016349,51.472489],[-0.015926,51.471853],[-0.017002,51.471965],[-0.016311,51.470924],[-0.017264,51.470454],[-0.01721,51.47036],[-0.014819,51.470699],[-0.014469,51.470788],[-0.014014,51.470041],[-0.013815,51.469782],[-0.01362,51.469573],[-0.013268,51.469148],[-0.013105,51.468936],[-0.014017,51.468502],[-0.014611,51.468242],[-0.015065,51.468036],[-0.016079,51.468718],[-0.016533,51.469228],[-0.016924,51.469056],[-0.017115,51.469298],[-0.017859,51.469478],[-0.019094,51.469948],[-0.018818,51.471126],[-0.019224,51.471809],[-0.019244,51.471882],[-0.01855,51.471929],[-0.018959,51.472304],[-0.018589,51.472893],[-0.016349,51.472489]]]]}},
{"type":"Feature","properties":{"layer":"London_LSOAs_Generalised_inc_Attributes_Rev_20220331","id":1609,"OBJECTID_12":1609,"OBJECTID":1609,"LSOA11CD":"E01001640","LSOA11NM":"Greenwich 035A","IUCN_2018_GRP_CD":4,"IUCN_2018_GRP_LABEL":"Youthful Urban Fringe","Local_Authority_Name":"Greenwich","Paper_First":"No","HTC_digital":2,"HTC_willingness":4,"Online_share_of_returns":0.98,"Paper_share_of_returns":0.02,"Age_65_plus_number_mid2020":186,"Age_65_plus_PC_mid2020":4.9,"Age_75_plus_number_mid2020":66,"Age_75_plus_PC_mid2020":1.7,"IMD_2019_Rank":7763,"IMD_2019_Decile":3,"IDAOPI_2019_Rank":1728,"IDAOPI_2019_Decile":1,"Premises_Unable_30mbps_Ofcom":0,"Premises_below_USO":0,"Shape_Length":2397.723784535811,"Shape_Area":134973.16001312912,"in_cw":false,"whole_in_zone":true},"geometry":{"type":"MultiPolygon","coordinates":[[[[-0.009612,51.483661],[-0.009786,51.482834],[-0.00945,51.482286],[-0.01006,51.48175],[-0.009344,51.481514],[-0.009957,51.481284],[-0.010317,51.481437],[-0.010257,51.480971],[-0.011155,51.480735],[-0.011911,51.481037],[-0.012563,51.480561],[-0.013255,51.480802],[-0.014055,51.480784],[-0.014486,51.480584],[-0.014072,51.480299],[-0.013642,51.479821],[-0.015162,51.479343],[-0.01607,51.4797],[-0.01646,51.47986],[-0.01562,51.480736],[-0.014869,51.481128],[-0.014929,51.481407],[-0.01577,51.481411],[-0.015005,51.481773],[-0.017838,51.482525],[-0.017931,51.483181],[-0.016307,51.483236],[-0.016303,51.48296],[-0.015432,51.48282],[-0.01524,51.483128],[-0.013092,51.482938],[-0.012181,51.482947],[-0.011625,51.483093],[-0.01095,51.483076],[-0.011008,51.483312],[-0.009612,51.483661]]]]}},
{"type":"Feature","properties":{"layer":"London_LSOAs_Generalised_inc_Attributes_Rev_20220331","id":1610,"OBJECTID_12":1610,"OBJECTID":1610,"LSOA11CD":"E01001641","LSOA11NM":"Greenwich 038B","IUCN_2018_GRP_CD":2,"IUCN_2018_GRP_LABEL":"e-Professionals","Local_Authority_Name":"Greenwich","Paper_First":"No","HTC_digital":1,"HTC_willingness":3,"Online_share_of_returns":0.963,"Paper_share_of_returns":0.037000000000000005,"Age_65_plus_number_mid2020":185,"Age_65_plus_PC_mid2020":9.5,"Age_75_plus_number_mid2020":80,"Age_75_plus_PC_mid2020":4.1,"IMD_2019_Rank":17618,"IMD_2019_Decile":6,"IDAOPI_2019_Rank":12209,"IDAOPI_2019_Decile":4,"Premises_Unable_30mbps_Ofcom":3,"Premises_below_USO":0,"Shape_Length":4156.708104366514,"Shape_Area":367661.44804275595,"in_cw":false,"whole_in_zone":true},"geometry":{"type":"MultiPolygon","coordinates":[[[[-0.002153,51.481545],[-0.002407,51.481097],[-0.006798,51.479615],[-0.007053,51.479908],[-0.007922,51.479962],[-0.008197,51.47952],[-0.00858,51.479186],[-0.008298,51.478733],[-0.007543,51.478173],[-0.008048,51.47729],[-0.008976,51.477104],[-0.009449,51.476708],[-0.00927,51.476232],[-0.009556,51.476387],[-0.010156,51.475894],[-0.01047,51.476172],[-0.009926,51.477017],[-0.0102,51.477305],[-0.011244,51.477013],[-0.011251,51.475239],[-0.011738,51.475305],[-0.011719,51.477063],[-0.012104,51.476872],[-0.01202,51.477284],[-0.012359,51.477197],[-0.012171,51.477916],[-0.012255,51.477941],[-0.01283,51.478383],[-0.014485,51.478227],[-0.014988,51.478432],[-0.014523,51.478469],[-0.013978,51.479089],[-0.014882,51.479224],[-0.015162,51.479343],[-0.013642,51.479821],[-0.014072,51.480299],[-0.014486,51.480584],[-0.014055,51.480784],[-0.013255,51.480802],[-0.012563,51.480561],[-0.011911,51.481037],[-0.011155,51.480735],[-0.010257,51.480971],[-0.010317,51.481437],[-0.009957,51.481284],[-0.009344,51.481514],[-0.01006,51.48175],[-0.00945,51.482286],[-0.009786,51.482834],[-0.009612,51.483661],[-0.007241,51.483792],[-0.004629,51.48469],[-0.004356,51.484367],[-0.002838,51.482508],[-0.002153,51.481545]]]]}},
{"type":"Feature","properties":{"layer":"London_LSOAs_Generalised_inc_Attributes_Rev_20220331","id":1611,"OBJECTID_12":1611,"OBJECTID":1611,"LSOA11CD":"E01001642","LSOA11NM":"Greenwich 038C","IUCN_2018_GRP_CD":3,"IUCN_2018_GRP_LABEL":"e-Veterans","Local_Authority_Name":"Greenwich","Paper_First":"No","HTC_digital":1,"HTC_willingness":2,"Online_share_of_returns":0.9840000000000001,"Paper_share_of_returns":0.016,"Age_65_plus_number_mid2020":298,"Age_65_plus_PC_mid2020":16.6,"Age_75_plus_number_mid2020":138,"Age_75_plus_PC_mid2020":7.7,"IMD_2019_Rank":22742,"IMD_2019_Decile":7,"IDAOPI_2019_Rank":25719,"IDAOPI_2019_Decile":8,"Premises_Unable_30mbps_Ofcom":1,"Premises_below_USO":0,"Shape_Length":5287.984466086995,"Shape_Area":1194018.4598811315,"in_cw":false,"whole_in_zone":false},"geometry":{"type":"MultiPolygon","coordinates":[[[[0.001413,51.482138],[0.002546,51.481301],[0.004817,51.479927],[0.005332,51.479496],[0.008079,51.476971],[0.012123,51.473322],[0.012115,51.473174],[-0.000667,51.471809],[-0.002201,51.471903],[-0.005464,51.472367],[-0.00768,51.472633],[-0.008322,51.472685],[-0.012081,51.472375],[-0.012596,51.472876],[-0.011596,51.47394],[-0.010436,51.474209],[-0.009793,51.474394],[-0.010596,51.474999],[-0.011004,51.474907],[-0.011373,51.475167],[-0.011251,51.475239],[-0.011244,51.477013],[-0.0102,51.477305],[-0.009926,51.477017],[-0.01047,51.476172],[-0.010156,51.475894],[-0.009556,51.476387],[-0.00927,51.476232],[-0.009449,51.476708],[-0.008976,51.477104],[-0.008048,51.47729],[-0.007543,51.478173],[-0.008298,51.478733],[-0.00858,51.479186],[-0.008197,51.47952],[-0.007922,51.479962],[-0.007053,51.479908],[-0.006798,51.479615],[-0.002407,51.481097],[-0.002153,51.481545],[-0.001357,51.481448],[0.001413,51.482138]]]]}},
{"type":"Feature","properties":{"layer":"London_LSOAs_Generalised_inc_Attributes_Rev_20220331","id":1612,"OBJECTID_12":1612,"OBJECTID":1612,"LSOA11CD":"E01001644","LSOA11NM":"Greenwich 038D","IUCN_2018_GRP_CD":2,"IUCN_2018_GRP_LABEL":"e-Professionals","Local_Authority_Name":"Greenwich","Paper_First":"No","HTC_digital":1,"HTC_willingness":4,"Online_share_of_returns":0.977,"Paper_share_of_returns":0.023,"Age_65_plus_number_mid2020":164,"Age_65_plus_PC_mid2020":6.4,"Age_75_plus_number_mid2020":65,"Age_75_plus_PC_mid2020":2.5,"IMD_2019_Rank":16768,"IMD_2019_Decile":6,"IDAOPI_2019_Rank":8634,"IDAOPI_2019_Decile":3,"Premises_Unable_30mbps_Ofcom":131,"Premises_below_USO":0,"Shape_Length":3339.6842175106663,"Shape_Area":187769.22355529535,"in_cw":false,"whole_in_zone":false},"geometry":{"type":"MultiPolygon","coordinates":[[[[-0.015036,51.475072],[-0.014329,51.475013],[-0.013666,51.475472],[-0.013071,51.475432],[-0.013333,51.475088],[-0.014878,51.473453],[-0.014633,51.473289],[-0.014263,51.473737],[-0.013493,51.473342],[-0.013338,51.472882],[-0.012596,51.472876],[-0.012081,51.472375],[-0.012326,51.47235],[-0.013411,51.472399],[-0.014051,51.472638],[-0.014508,51.471904],[-0.01512,51.47173],[-0.014469,51.470788],[-0.014819,51.470699],[-0.01721,51.47036],[-0.017264,51.470454],[-0.016311,51.470924],[-0.017002,51.471965],[-0.015926,51.471853],[-0.016349,51.472489],[-0.018589,51.472893],[-0.018959,51.472304],[-0.01855,51.471929],[-0.019244,51.471882],[-0.019276,51.471961],[-0.020254,51.47225],[-0.019953,51.472921],[-0.020334,51.473173],[-0.020711,51.473355],[-0.020816,51.473523],[-0.020959,51.473619],[-0.021682,51.473994],[-0.022647,51.473985],[-0.022779,51.474464],[-0.022687,51.475284],[-0.021827,51.475221],[-0.021344,51.474274],[-0.020608,51.474028],[-0.019899,51.474431],[-0.020143,51.475075],[-0.018846,51.475424],[-0.018514,51.475736],[-0.017935,51.475514],[-0.017309,51.475291],[-0.015036,51.475072]]]]}},
{"type":"Feature","properties":{"layer":"London_LSOAs_Generalised_inc_Attributes_Rev_20220331","id":1630,"OBJECTID_12":1630,"OBJECTID":1630,"LSOA11CD":"E01001662","LSOA11NM":"Greenwich 037A","IUCN_2018_GRP_CD":2,"IUCN_2018_GRP_LABEL":"e-Professionals","Local_Authority_Name":"Greenwich","Paper_First":"No","HTC_digital":1,"HTC_willingness":3,"Online_share_of_returns":0.985,"Paper_share_of_returns":0.015,"Age_65_plus_number_mid2020":226,"Age_65_plus_PC_mid2020":6.7,"Age_75_plus_number_mid2020":75,"Age_75_plus_PC_mid2020":2.2,"IMD_2019_Rank":12724,"IMD_2019_Decile":4,"IDAOPI_2019_Rank":10926,"IDAOPI_2019_Decile":4,"Premises_Unable_30mbps_Ofcom":1,"Premises_below_USO":0,"Shape_Length":4245.6069607961,"Shape_Area":239183.52854943302,"in_cw":false,"whole_in_zone":true},"geometry":{"type":"MultiPolygon","coordinates":[[[[0.008665,51.489172],[0.008366,51.488772],[0.007488,51.488798],[0.007968,51.488488],[0.007652,51.487898],[0.007439,51.486928],[0.008042,51.486542],[0.008739,51.486708],[0.009379,51.4866],[0.009339,51.486318],[0.009554,51.486311],[0.009508,51.486053],[0.010593,51.486056],[0.010856,51.484533],[0.008394,51.484158],[0.008463,51.483954],[0.011331,51.484342],[0.012032,51.484324],[0.012028,51.48358],[0.011078,51.483477],[0.008422,51.483167],[0.008366,51.483159],[0.006449,51.482853],[0.006746,51.483043],[0.00642,51.483733],[0.007206,51.483931],[0.005956,51.483905],[0.005721,51.484379],[0.006079,51.484418],[0.005805,51.485093],[0.005473,51.484948],[0.005289,51.485281],[0.004271,51.485056],[0.004273,51.485435],[0.005645,51.485426],[0.005056,51.486535],[0.00431,51.486593],[0.004328,51.486874],[0.005562,51.486679],[0.006116,51.487524],[0.005918,51.487903],[0.005471,51.487797],[0.005491,51.487087],[0.004428,51.487171],[0.004844,51.487428],[0.004844,51.488276],[0.004553,51.488864],[0.004785,51.489903],[0.00441,51.489911],[0.003257,51.492333],[0.007127,51.490522],[0.007456,51.489475],[0.008665,51.489172]]]]}},
{"type":"Feature","properties":{"layer":"London_LSOAs_Generalised_inc_Attributes_Rev_20220331","id":1631,"OBJECTID_12":1631,"OBJECTID":1631,"LSOA11CD":"E01001664","LSOA11NM":"Greenwich 037B","IUCN_2018_GRP_CD":3,"IUCN_2018_GRP_LABEL":"e-Veterans","Local_Authority_Name":"Greenwich","Paper_First":"No","HTC_digital":1,"HTC_willingness":3,"Online_share_of_returns":0.968,"Paper_share_of_returns":0.032,"Age_65_plus_number_mid2020":212,"Age_65_plus_PC_mid2020":10.4,"Age_75_plus_number_mid2020":86,"Age_75_plus_PC_mid2020":4.2,"IMD_2019_Rank":13303,"IMD_2019_Decile":5,"IDAOPI_2019_Rank":6941,"IDAOPI_2019_Decile":3,"Premises_Unable_30mbps_Ofcom":41,"Premises_below_USO":0,"Shape_Length":2169.86544603005,"Shape_Area":154190.5039718677,"in_cw":false,"whole_in_zone":true},"geometry":{"type":"MultiPolygon","coordinates":[[[[0.005289,51.485281],[0.005473,51.484948],[0.005805,51.485093],[0.006079,51.484418],[0.005721,51.484379],[0.005956,51.483905],[0.007206,51.483931],[0.00642,51.483733],[0.006746,51.483043],[0.006449,51.482853],[0.0059,51.482764],[0.004842,51.48265],[0.001977,51.482769],[0.001626,51.482715],[0.001413,51.482138],[-0.001357,51.481448],[-0.002153,51.481545],[-0.002838,51.482508],[-0.00242,51.48254],[-0.002703,51.482994],[-0.001969,51.482786],[-0.001769,51.483233],[-0.000586,51.483478],[-0.001612,51.484067],[0.001592,51.484733],[0.001749,51.484555],[0.002611,51.485063],[0.004271,51.485056],[0.005289,51.485281]]]]}},
{"type":"Feature","properties":{"layer":"London_LSOAs_Generalised_inc_Attributes_Rev_20220331","id":1632,"OBJECTID_12":1632,"OBJECTID":1632,"LSOA11CD":"E01001665","LSOA11NM":"Greenwich 037C","IUCN_2018_GRP_CD":2,"IUCN_2018_GRP_LABEL":"e-Professionals","Local_Authority_Name":"Greenwich","Paper_First":"No","HTC_digital":1,"HTC_willingness":3,"Online_share_of_returns":0.971,"Paper_share_of_returns":0.028999999999999998,"Age_65_plus_number_mid2020":152,"Age_65_plus_PC_mid2020":7.3,"Age_75_plus_number_mid2020":63,"Age_75_plus_PC_mid2020":3,"IMD_2019_Rank":16860,"IMD_2019_Decile":6,"IDAOPI_2019_Rank":5929,"IDAOPI_2019_Decile":2,"Premises_Unable_30mbps_Ofcom":0,"Premises_below_USO":0,"Shape_Length":2611.913907161152,"Shape_Area":188251.35719643094,"in_cw":false,"whole_in_zone":false},"geometry":{"type":"MultiPolygon","coordinates":[[[[0.012289,51.488543],[0.012294,51.488152],[0.012907,51.488249],[0.013897,51.487866],[0.014385,51.488417],[0.017229,51.487558],[0.017761,51.486875],[0.017479,51.486691],[0.01815,51.486058],[0.017207,51.486287],[0.016704,51.486022],[0.01653,51.486365],[0.015739,51.485884],[0.015943,51.484429],[0.015878,51.484],[0.014,51.483802],[0.012966,51.483682],[0.012028,51.48358],[0.012032,51.484324],[0.011331,51.484342],[0.008463,51.483954],[0.008394,51.484158],[0.010856,51.484533],[0.010593,51.486056],[0.009508,51.486053],[0.009554,51.486311],[0.009969,51.486296],[0.011017,51.486223],[0.011607,51.488521],[0.011831,51.488294],[0.012289,51.488543]]]]}},
{"type":"Feature","properties":{"layer":"London_LSOAs_Generalised_inc_Attributes_Rev_20220331","id":1634,"OBJECTID_12":1634,"OBJECTID":1634,"LSOA11CD":"E01001667","LSOA11NM":"Greenwich 036B","IUCN_2018_GRP_CD":7,"IUCN_2018_GRP_LABEL":"Passive and Uncommitted Users","Local_Authority_Name":"Greenwich","Paper_First":"No","HTC_digital":2,"HTC_willingness":4,"Online_share_of_returns":0.972,"Paper_share_of_returns":0.027999999999999997,"Age_65_plus_number_mid2020":226,"Age_65_plus_PC_mid2020":7,"Age_75_plus_number_mid2020":93,"Age_75_plus_PC_mid2020":2.9,"IMD_2019_Rank":3574,"IMD_2019_Decile":2,"IDAOPI_2019_Rank":1859,"IDAOPI_2019_Decile":1,"Premises_Unable_30mbps_Ofcom":164,"Premises_below_USO":0,"Shape_Length":7218.437147635109,"Shape_Area":1360474.0895533697,"in_cw":false,"whole_in_zone":false},"geometry":{"type":"MultiPolygon","coordinates":[[[[0.010752,51.496631],[0.012744,51.49527],[0.01224,51.494946],[0.010956,51.494034],[0.009934,51.493628],[0.010542,51.492716],[0.013234,51.491026],[0.016698,51.490788],[0.018046,51.490719],[0.018163,51.490438],[0.0176,51.489108],[0.015483,51.489334],[0.014385,51.488417],[0.013897,51.487866],[0.012907,51.488249],[0.012294,51.488152],[0.012289,51.488543],[0.011831,51.488294],[0.011607,51.488521],[0.011017,51.486223],[0.009969,51.486296],[0.009554,51.486311],[0.009339,51.486318],[0.009379,51.4866],[0.008739,51.486708],[0.008042,51.486542],[0.007439,51.486928],[0.007652,51.487898],[0.007968,51.488488],[0.007488,51.488798],[0.008366,51.488772],[0.008665,51.489172],[0.007456,51.489475],[0.007127,51.490522],[0.003257,51.492333],[0.00441,51.489911],[0.002415,51.489958],[0.00239,51.493003],[0.001981,51.492914],[0.001585,51.494022],[0.000981,51.494412],[0.001269,51.494799],[0.000889,51.495497],[-0.00026,51.495234],[-0.002125,51.499491],[-0.002276,51.501299],[-0.001846,51.50131],[-0.001895,51.501906],[-0.001514,51.502042],[-0.002004,51.502274],[-0.001298,51.503337],[0.000358,51.504328],[0.001923,51.504793],[0.003545,51.504847],[0.004933,51.504423],[0.013067,51.497771],[0.010752,51.496631]]]]}},
{"type":"Feature","properties":{"layer":"London_LSOAs_Generalised_inc_Attributes_Rev_20220331","id":1635,"OBJECTID_12":1635,"OBJECTID":1635,"LSOA11CD":"E01001668","LSOA11NM":"Greenwich 036C","IUCN_2018_GRP_CD":4,"IUCN_2018_GRP_LABEL":"Youthful Urban Fringe","Local_Authority_Name":"Greenwich","Paper_First":"No","HTC_digital":2,"HTC_willingness":3,"Online_share_of_returns":0.9670000000000001,"Paper_share_of_returns":0.033,"Age_65_plus_number_mid2020":305,"Age_65_plus_PC_mid2020":8.1,"Age_75_plus_number_mid2020":131,"Age_75_plus_PC_mid2020":3.5,"IMD_2019_Rank":9655,"IMD_2019_Decile":3,"IDAOPI_2019_Rank":4812,"IDAOPI_2019_Decile":2,"Premises_Unable_30mbps_Ofcom":11,"Premises_below_USO":0,"Shape_Length":3262.551058187532,"Shape_Area":232956.08724811347,"in_cw":false,"whole_in_zone":true},"geometry":{"type":"MultiPolygon","coordinates":[[[[0.004428,51.487171],[0.005491,51.487087],[0.005471,51.487797],[0.005918,51.487903],[0.006116,51.487524],[0.005562,51.486679],[0.004328,51.486874],[0.00431,51.486593],[0.005056,51.486535],[0.005645,51.485426],[0.004273,51.485435],[0.004271,51.485056],[0.002611,51.485063],[0.001749,51.484555],[0.001592,51.484733],[-0.001612,51.484067],[-0.000586,51.483478],[-0.001769,51.483233],[-0.001969,51.482786],[-0.002703,51.482994],[-0.00242,51.48254],[-0.002838,51.482508],[-0.004356,51.484367],[-0.004629,51.48469],[-0.003339,51.484872],[-0.002019,51.485645],[-0.002284,51.485901],[-0.001662,51.486239],[-0.00167,51.485898],[-0.000078,51.486714],[0.001408,51.488151],[0.001989,51.488461],[0.001942,51.4888],[0.002415,51.489958],[0.00441,51.489911],[0.004785,51.489903],[0.004553,51.488864],[0.004844,51.488276],[0.004844,51.487428],[0.004428,51.487171]]]]}},
{"type":"Feature","properties":{"layer":"London_LSOAs_Generalised_inc_Attributes_Rev_20220331","id":2644,"OBJECTID_12":2644,"OBJECTID":2644,"LSOA11CD":"E01002704","LSOA11NM":"Islington 023D","IUCN_2018_GRP_CD":4,"IUCN_2018_GRP_LABEL":"Youthful Urban Fringe","Local_Authority_Name":"Islington","Paper_First":"No","HTC_digital":1,"HTC_willingness":4,"Online_share_of_returns":0.958,"Paper_share_of_returns":0.042,"Age_65_plus_number_mid2020":221,"Age_65_plus_PC_mid2020":8.3,"Age_75_plus_number_mid2020":113,"Age_75_plus_PC_mid2020":4.2,"IMD_2019_Rank":12549,"IMD_2019_Decile":4,"IDAOPI_2019_Rank":4636,"IDAOPI_2019_Decile":2,"Premises_Unable_30mbps_Ofcom":302,"Premises_below_USO":0,"Shape_Length":3022.9229309660586,"Shape_Area":333015.6024842428,"in_cw":false,"whole_in_zone":false},"geometry":{"type":"MultiPolygon","coordinates":[[[[-0.084995,51.526205],[-0.084732,51.525439],[-0.085417,51.524513],[-0.085113,51.523926],[-0.084197,51.523902],[-0.084494,51.522095],[-0.085192,51.520336],[-0.086161,51.518738],[-0.088103,51.519412],[-0.08992,51.519984],[-0.089669,51.520689],[-0.090559,51.520819],[-0.092375,51.52102],[-0.092502,51.52143],[-0.092737,51.521389],[-0.094313,51.521463],[-0.094533,51.522048],[-0.093282,51.522472],[-0.092709,51.522618],[-0.092951,51.523106],[-0.092573,51.523362],[-0.092693,51.523612],[-0.092114,51.52375],[-0.091603,51.523211],[-0.09079,51.523105],[-0.090632,51.523506],[-0.091123,51.523849],[-0.090347,51.524245],[-0.090466,51.524533],[-0.090477,51.524562],[-0.090752,51.525284],[-0.090937,51.526008],[-0.089823,51.525919],[-0.089558,51.52542],[-0.089076,51.525477],[-0.088023,51.525743],[-0.087556,51.526018],[-0.086769,51.525791],[-0.084995,51.526205]]]]}},
{"type":"Feature","properties":{"layer":"London_LSOAs_Generalised_inc_Attributes_Rev_20220331","id":2645,"OBJECTID_12":2645,"OBJECTID":2645,"LSOA11CD":"E01002706","LSOA11NM":"Islington 023E","IUCN_2018_GRP_CD":4,"IUCN_2018_GRP_LABEL":"Youthful Urban Fringe","Local_Authority_Name":"Islington","Paper_First":"No","HTC_digital":1,"HTC_willingness":4,"Online_share_of_returns":0.95,"Paper_share_of_returns":0.05,"Age_65_plus_number_mid2020":194,"Age_65_plus_PC_mid2020":7.4,"Age_75_plus_number_mid2020":97,"Age_75_plus_PC_mid2020":3.7,"IMD_2019_Rank":10815,"IMD_2019_Decile":4,"IDAOPI_2019_Rank":3634,"IDAOPI_2019_Decile":2,"Premises_Unable_30mbps_Ofcom":22,"Premises_below_USO":0,"Shape_Length":2026.6620910680258,"Shape_Area":137529.1612884886,"in_cw":false,"whole_in_zone":false},"geometry":{"type":"MultiPolygon","coordinates":[[[[-0.094396,51.52675],[-0.09424,51.526425],[-0.092819,51.526527],[-0.09263,51.526564],[-0.092512,51.525839],[-0.092121,51.525067],[-0.090752,51.525284],[-0.090477,51.524562],[-0.090466,51.524533],[-0.090347,51.524245],[-0.091123,51.523849],[-0.090632,51.523506],[-0.09079,51.523105],[-0.091603,51.523211],[-0.092114,51.52375],[-0.092693,51.523612],[-0.092573,51.523362],[-0.092951,51.523106],[-0.092709,51.522618],[-0.093282,51.522472],[-0.094533,51.522048],[-0.095071,51.523055],[-0.096445,51.522823],[-0.09676,51.523251],[-0.097305,51.523358],[-0.095431,51.523807],[-0.095817,51.524467],[-0.096156,51.525003],[-0.096343,51.52568],[-0.096457,51.526096],[-0.095387,51.526724],[-0.094396,51.52675]]]]}},
{"type":"Feature","properties":{"layer":"London_LSOAs_Generalised_inc_Attributes_Rev_20220331","id":3133,"OBJECTID_12":3133,"OBJECTID":3133,"LSOA11CD":"E01003200","LSOA11NM":"Lewisham 009B","IUCN_2018_GRP_CD":2,"IUCN_2018_GRP_LABEL":"e-Professionals","Local_Authority_Name":"Lewisham","Paper_First":"No","HTC_digital":1,"HTC_willingness":3,"Online_share_of_returns":0.9620000000000001,"Paper_share_of_returns":0.038,"Age_65_plus_number_mid2020":192,"Age_65_plus_PC_mid2020":11.4,"Age_75_plus_number_mid2020":95,"Age_75_plus_PC_mid2020":5.6,"IMD_2019_Rank":22667,"IMD_2019_Decile":7,"IDAOPI_2019_Rank":21353,"IDAOPI_2019_Decile":7,"Premises_Unable_30mbps_Ofcom":20,"Premises_below_USO":0,"Shape_Length":4462.933768882489,"Shape_Area":747204.9393525735,"in_cw":false,"whole_in_zone":false},"geometry":{"type":"MultiPolygon","coordinates":[[[[0.014929,51.472698],[0.016243,51.470033],[0.016675,51.469495],[0.016368,51.469054],[0.013575,51.469881],[0.012635,51.469778],[0.01307,51.468457],[0.012817,51.46768],[0.013301,51.466836],[0.012161,51.466524],[0.009967,51.466007],[0.009793,51.46598],[0.00914,51.465878],[0.008147,51.465732],[0.005217,51.4655],[0.005174,51.465627],[0.005217,51.465921],[0.003685,51.466018],[0.004008,51.466573],[0.002714,51.467138],[0.002087,51.467036],[0.00063,51.467338],[0.000331,51.467776],[-0.000081,51.469213],[-0.001384,51.469711],[-0.002221,51.469986],[-0.002201,51.471903],[-0.000667,51.471809],[0.012115,51.473174],[0.016289,51.473672],[0.018349,51.473913],[0.015625,51.473259],[0.014936,51.473093],[0.014929,51.472698]]]]}},
{"type":"Feature","properties":{"layer":"London_LSOAs_Generalised_inc_Attributes_Rev_20220331","id":3137,"OBJECTID_12":3137,"OBJECTID":3137,"LSOA11CD":"E01003204","LSOA11NM":"Lewisham 007C","IUCN_2018_GRP_CD":2,"IUCN_2018_GRP_LABEL":"e-Professionals","Local_Authority_Name":"Lewisham","Paper_First":"No","HTC_digital":1,"HTC_willingness":3,"Online_share_of_returns":0.977,"Paper_share_of_returns":0.023,"Age_65_plus_number_mid2020":138,"Age_65_plus_PC_mid2020":8,"Age_75_plus_number_mid2020":61,"Age_75_plus_PC_mid2020":3.5,"IMD_2019_Rank":13701,"IMD_2019_Decile":5,"IDAOPI_2019_Rank":9648,"IDAOPI_2019_Decile":3,"Premises_Unable_30mbps_Ofcom":63,"Premises_below_USO":0,"Shape_Length":2693.167583365234,"Shape_Area":255353.88673346222,"in_cw":false,"whole_in_zone":false},"geometry":{"type":"MultiPolygon","coordinates":[[[[-0.005464,51.472367],[-0.002201,51.471903],[-0.002221,51.469986],[-0.001384,51.469711],[-0.004037,51.468965],[-0.005971,51.468475],[-0.008596,51.467893],[-0.009378,51.467373],[-0.009783,51.467487],[-0.009522,51.468723],[-0.00921,51.469225],[-0.008648,51.469214],[-0.008676,51.469544],[-0.008977,51.470238],[-0.009394,51.470179],[-0.00973,51.470853],[-0.010361,51.470537],[-0.010315,51.471081],[-0.012036,51.47116],[-0.012159,51.471154],[-0.013271,51.471005],[-0.013385,51.47114],[-0.012945,51.471193],[-0.013411,51.472399],[-0.012326,51.47235],[-0.012081,51.472375],[-0.008322,51.472685],[-0.00768,51.472633],[-0.005464,51.472367]]]]}},
{"type":"Feature","properties":{"layer":"London_LSOAs_Generalised_inc_Attributes_Rev_20220331","id":3138,"OBJECTID_12":3138,"OBJECTID":3138,"LSOA11CD":"E01003205","LSOA11NM":"Lewisham 007D","IUCN_2018_GRP_CD":7,"IUCN_2018_GRP_LABEL":"Passive and Uncommitted Users","Local_Authority_Name":"Lewisham","Paper_First":"No","HTC_digital":4,"HTC_willingness":4,"Online_share_of_returns":0.963,"Paper_share_of_returns":0.037000000000000005,"Age_65_plus_number_mid2020":128,"Age_65_plus_PC_mid2020":9.1,"Age_75_plus_number_mid2020":63,"Age_75_plus_PC_mid2020":4.5,"IMD_2019_Rank":5441,"IMD_2019_Decile":2,"IDAOPI_2019_Rank":911,"IDAOPI_2019_Decile":1,"Premises_Unable_30mbps_Ofcom":0,"Premises_below_USO":0,"Shape_Length":1625.4437874090515,"Shape_Area":89316.28062865358,"in_cw":false,"whole_in_zone":false},"geometry":{"type":"MultiPolygon","coordinates":[[[[-0.013385,51.47114],[-0.013271,51.471005],[-0.012159,51.471154],[-0.012036,51.47116],[-0.010315,51.471081],[-0.010361,51.470537],[-0.00973,51.470853],[-0.009394,51.470179],[-0.010001,51.469532],[-0.009584,51.469609],[-0.0096,51.469203],[-0.010197,51.469318],[-0.011129,51.468968],[-0.012288,51.468119],[-0.013105,51.468936],[-0.013268,51.469148],[-0.01362,51.469573],[-0.013815,51.469782],[-0.014014,51.470041],[-0.014469,51.470788],[-0.01512,51.47173],[-0.014508,51.471904],[-0.014051,51.472638],[-0.013411,51.472399],[-0.012945,51.471193],[-0.013385,51.47114]]]]}},
{"type":"Feature","properties":{"layer":"London_LSOAs_Generalised_inc_Attributes_Rev_20220331","id":3140,"OBJECTID_12":3140,"OBJECTID":3140,"LSOA11CD":"E01003207","LSOA11NM":"Lewisham 005A","IUCN_2018_GRP_CD":4,"IUCN_2018_GRP_LABEL":"Youthful Urban Fringe","Local_Authority_Name":"Lewisham","Paper_First":"No","HTC_digital":2,"HTC_willingness":4,"Online_share_of_returns":0.958,"Paper_share_of_returns":0.042,"Age_65_plus_number_mid2020":179,"Age_65_plus_PC_mid2020":10.1,"Age_75_plus_number_mid2020":83,"Age_75_plus_PC_mid2020":4.7,"IMD_2019_Rank":5288,"IMD_2019_Decile":2,"IDAOPI_2019_Rank":1362,"IDAOPI_2019_Decile":1,"Premises_Unable_30mbps_Ofcom":76,"Premises_below_USO":0,"Shape_Length":2178.885186401184,"Shape_Area":121317.7538800571,"in_cw":false,"whole_in_zone":false},"geometry":{"type":"MultiPolygon","coordinates":[[[[-0.022779,51.474464],[-0.022647,51.473985],[-0.021682,51.473994],[-0.021879,51.473547],[-0.022795,51.47339],[-0.023465,51.472836],[-0.023793,51.472689],[-0.024192,51.472422],[-0.026188,51.473477],[-0.02557,51.472592],[-0.024399,51.472224],[-0.025512,51.471469],[-0.026496,51.473015],[-0.026945,51.47296],[-0.028468,51.472237],[-0.029548,51.473072],[-0.0301,51.473536],[-0.029298,51.474492],[-0.028621,51.47427],[-0.028077,51.474566],[-0.028922,51.475018],[-0.028744,51.475359],[-0.028112,51.47525],[-0.026296,51.474972],[-0.026181,51.474956],[-0.023502,51.474554],[-0.022779,51.474464]]]]}},
{"type":"Feature","properties":{"layer":"London_LSOAs_Generalised_inc_Attributes_Rev_20220331","id":3141,"OBJECTID_12":3141,"OBJECTID":3141,"LSOA11CD":"E01003209","LSOA11NM":"Lewisham 005B","IUCN_2018_GRP_CD":2,"IUCN_2018_GRP_LABEL":"e-Professionals","Local_Authority_Name":"Lewisham","Paper_First":"No","HTC_digital":2,"HTC_willingness":5,"Online_share_of_returns":0.966,"Paper_share_of_returns":0.034,"Age_65_plus_number_mid2020":142,"Age_65_plus_PC_mid2020":6.8,"Age_75_plus_number_mid2020":64,"Age_75_plus_PC_mid2020":3.1,"IMD_2019_Rank":10315,"IMD_2019_Decile":4,"IDAOPI_2019_Rank":5164,"IDAOPI_2019_Decile":2,"Premises_Unable_30mbps_Ofcom":4,"Premises_below_USO":0,"Shape_Length":1751.5708979546998,"Shape_Area":125707.26592122528,"in_cw":false,"whole_in_zone":false},"geometry":{"type":"MultiPolygon","coordinates":[[[[-0.033536,51.473654],[-0.03251,51.473134],[-0.032201,51.473348],[-0.031367,51.473077],[-0.031043,51.472503],[-0.031396,51.47226],[-0.031724,51.472051],[-0.031396,51.471514],[-0.032508,51.470749],[-0.032971,51.46987],[-0.033882,51.469793],[-0.035137,51.469766],[-0.035353,51.469167],[-0.035885,51.469236],[-0.035773,51.470595],[-0.036497,51.471675],[-0.036237,51.471863],[-0.037,51.472522],[-0.037845,51.472868],[-0.03719,51.473306],[-0.03549,51.472759],[-0.033907,51.473969],[-0.033536,51.473654]]]]}},
{"type":"Feature","properties":{"layer":"London_LSOAs_Generalised_inc_Attributes_Rev_20220331","id":3142,"OBJECTID_12":3142,"OBJECTID":3142,"LSOA11CD":"E01003210","LSOA11NM":"Lewisham 005C","IUCN_2018_GRP_CD":2,"IUCN_2018_GRP_LABEL":"e-Professionals","Local_Authority_Name":"Lewisham","Paper_First":"No","HTC_digital":1,"HTC_willingness":4,"Online_share_of_returns":0.976,"Paper_share_of_returns":0.024,"Age_65_plus_number_mid2020":106,"Age_65_plus_PC_mid2020":5.3,"Age_75_plus_number_mid2020":36,"Age_75_plus_PC_mid2020":1.8,"IMD_2019_Rank":12574,"IMD_2019_Decile":4,"IDAOPI_2019_Rank":4094,"IDAOPI_2019_Decile":2,"Premises_Unable_30mbps_Ofcom":7,"Premises_below_USO":0,"Shape_Length":2429.560811101519,"Shape_Area":192755.13789654785,"in_cw":false,"whole_in_zone":false},"geometry":{"type":"MultiPolygon","coordinates":[[[[-0.029548,51.473072],[-0.028468,51.472237],[-0.026945,51.47296],[-0.026496,51.473015],[-0.025512,51.471469],[-0.025542,51.471443],[-0.026302,51.470924],[-0.02655,51.470758],[-0.028049,51.469722],[-0.027888,51.469591],[-0.028704,51.468906],[-0.029365,51.467928],[-0.02992,51.468069],[-0.029934,51.468594],[-0.030421,51.468197],[-0.031363,51.466531],[-0.032053,51.466163],[-0.032822,51.466176],[-0.033137,51.466606],[-0.032156,51.468649],[-0.032939,51.468851],[-0.032772,51.469721],[-0.031688,51.470592],[-0.030901,51.47122],[-0.031396,51.471514],[-0.031724,51.472051],[-0.031396,51.47226],[-0.031043,51.472503],[-0.030167,51.472309],[-0.029548,51.473072]]]]}},
{"type":"Feature","properties":{"layer":"London_LSOAs_Generalised_inc_Attributes_Rev_20220331","id":3144,"OBJECTID_12":3144,"OBJECTID":3144,"LSOA11CD":"E01003212","LSOA11NM":"Lewisham 005D","IUCN_2018_GRP_CD":2,"IUCN_2018_GRP_LABEL":"e-Professionals","Local_Authority_Name":"Lewisham","Paper_First":"No","HTC_digital":1,"HTC_willingness":4,"Online_share_of_returns":0.955,"Paper_share_of_returns":0.045,"Age_65_plus_number_mid2020":190,"Age_65_plus_PC_mid2020":9.1,"Age_75_plus_number_mid2020":76,"Age_75_plus_PC_mid2020":3.6,"IMD_2019_Rank":12114,"IMD_2019_Decile":4,"IDAOPI_2019_Rank":7386,"IDAOPI_2019_Decile":3,"Premises_Unable_30mbps_Ofcom":1,"Premises_below_USO":0,"Shape_Length":3286.957994719245,"Shape_Area":223529.09215615413,"in_cw":false,"whole_in_zone":false},"geometry":{"type":"MultiPolygon","coordinates":[[[[-0.035885,51.469236],[-0.035353,51.469167],[-0.035137,51.469766],[-0.033882,51.469793],[-0.032971,51.46987],[-0.032508,51.470749],[-0.031396,51.471514],[-0.030901,51.47122],[-0.031688,51.470592],[-0.032772,51.469721],[-0.032939,51.468851],[-0.032156,51.468649],[-0.033137,51.466606],[-0.033465,51.466009],[-0.035399,51.465889],[-0.035929,51.46561],[-0.035718,51.465187],[-0.034174,51.465297],[-0.033926,51.464806],[-0.036474,51.464657],[-0.036511,51.465117],[-0.037535,51.465106],[-0.037507,51.465407],[-0.037583,51.467647],[-0.037754,51.468759],[-0.037904,51.469441],[-0.038365,51.470887],[-0.039023,51.472453],[-0.037845,51.472868],[-0.037,51.472522],[-0.036237,51.471863],[-0.036497,51.471675],[-0.035773,51.470595],[-0.035885,51.469236]]]]}},
{"type":"Feature","properties":{"layer":"London_LSOAs_Generalised_inc_Attributes_Rev_20220331","id":3147,"OBJECTID_12":3147,"OBJECTID":3147,"LSOA11CD":"E01003215","LSOA11NM":"Lewisham 005E","IUCN_2018_GRP_CD":2,"IUCN_2018_GRP_LABEL":"e-Professionals","Local_Authority_Name":"Lewisham","Paper_First":"No","HTC_digital":2,"HTC_willingness":5,"Online_share_of_returns":0.961,"Paper_share_of_returns":0.039,"Age_65_plus_number_mid2020":95,"Age_65_plus_PC_mid2020":4.4,"Age_75_plus_number_mid2020":29,"Age_75_plus_PC_mid2020":1.4,"IMD_2019_Rank":10868,"IMD_2019_Decile":4,"IDAOPI_2019_Rank":2499,"IDAOPI_2019_Decile":1,"Premises_Unable_30mbps_Ofcom":66,"Premises_below_USO":0,"Shape_Length":2438.1775726024825,"Shape_Area":209497.72460233027,"in_cw":false,"whole_in_zone":false},"geometry":{"type":"MultiPolygon","coordinates":[[[[-0.028077,51.474566],[-0.028621,51.47427],[-0.029298,51.474492],[-0.0301,51.473536],[-0.029548,51.473072],[-0.030167,51.472309],[-0.031043,51.472503],[-0.031367,51.473077],[-0.032201,51.473348],[-0.03251,51.473134],[-0.033536,51.473654],[-0.033907,51.473969],[-0.03549,51.472759],[-0.03719,51.473306],[-0.037845,51.472868],[-0.039023,51.472453],[-0.039209,51.47282],[-0.040249,51.474901],[-0.036369,51.475683],[-0.034137,51.475833],[-0.032546,51.475896],[-0.032262,51.475873],[-0.028744,51.475359],[-0.028922,51.475018],[-0.028077,51.474566]]]]}},
{"type":"Feature","properties":{"layer":"London_LSOAs_Generalised_inc_Attributes_Rev_20220331","id":3174,"OBJECTID_12":3174,"OBJECTID":3174,"LSOA11CD":"E01003244","LSOA11NM":"Lewisham 001A","IUCN_2018_GRP_CD":4,"IUCN_2018_GRP_LABEL":"Youthful Urban Fringe","Local_Authority_Name":"Lewisham","Paper_First":"No","HTC_digital":3,"HTC_willingness":4,"Online_share_of_returns":0.977,"Paper_share_of_returns":0.023,"Age_65_plus_number_mid2020":82,"Age_65_plus_PC_mid2020":4.9,"Age_75_plus_number_mid2020":50,"Age_75_plus_PC_mid2020":3,"IMD_2019_Rank":8412,"IMD_2019_Decile":3,"IDAOPI_2019_Rank":2457,"IDAOPI_2019_Decile":1,"Premises_Unable_30mbps_Ofcom":53,"Premises_below_USO":0,"Shape_Length":1331.7049589277053,"Shape_Area":63526.15981331261,"in_cw":false,"whole_in_zone":true},"geometry":{"type":"MultiPolygon","coordinates":[[[[-0.034457,51.490237],[-0.033315,51.489924],[-0.033256,51.489936],[-0.032776,51.489445],[-0.033361,51.489226],[-0.03273,51.488629],[-0.033032,51.488523],[-0.034359,51.488057],[-0.033099,51.486894],[-0.034,51.486465],[-0.034172,51.486364],[-0.036079,51.488589],[-0.036698,51.488398],[-0.036242,51.489163],[-0.036853,51.489681],[-0.034457,51.490237]]]]}},
{"type":"Feature","properties":{"layer":"London_LSOAs_Generalised_inc_Attributes_Rev_20220331","id":3175,"OBJECTID_12":3175,"OBJECTID":3175,"LSOA11CD":"E01003245","LSOA11NM":"Lewisham 001B","IUCN_2018_GRP_CD":4,"IUCN_2018_GRP_LABEL":"Youthful Urban Fringe","Local_Authority_Name":"Lewisham","Paper_First":"No","HTC_digital":2,"HTC_willingness":4,"Online_share_of_returns":0.9690000000000001,"Paper_share_of_returns":0.031,"Age_65_plus_number_mid2020":84,"Age_65_plus_PC_mid2020":4.5,"Age_75_plus_number_mid2020":22,"Age_75_plus_PC_mid2020":1.2,"IMD_2019_Rank":5786,"IMD_2019_Decile":2,"IDAOPI_2019_Rank":1566,"IDAOPI_2019_Decile":1,"Premises_Unable_30mbps_Ofcom":51,"Premises_below_USO":0,"Shape_Length":1900.1671813739906,"Shape_Area":108923.85580072142,"in_cw":false,"whole_in_zone":true},"geometry":{"type":"MultiPolygon","coordinates":[[[[-0.046539,51.490343],[-0.045806,51.490163],[-0.044768,51.490437],[-0.044543,51.49014],[-0.044565,51.489909],[-0.045734,51.489574],[-0.044918,51.488336],[-0.043957,51.487054],[-0.043743,51.486488],[-0.044554,51.486535],[-0.04558,51.487793],[-0.046351,51.488136],[-0.046724,51.48757],[-0.048492,51.488256],[-0.049135,51.487949],[-0.049822,51.488225],[-0.050028,51.488312],[-0.051934,51.489136],[-0.050121,51.489782],[-0.049924,51.489814],[-0.049234,51.490042],[-0.048697,51.490101],[-0.048613,51.49012],[-0.046547,51.490744],[-0.046539,51.490343]]]]}},
{"type":"Feature","properties":{"layer":"London_LSOAs_Generalised_inc_Attributes_Rev_20220331","id":3176,"OBJECTID_12":3176,"OBJECTID":3176,"LSOA11CD":"E01003246","LSOA11NM":"Lewisham 002A","IUCN_2018_GRP_CD":4,"IUCN_2018_GRP_LABEL":"Youthful Urban Fringe","Local_Authority_Name":"Lewisham","Paper_First":"No","HTC_digital":1,"HTC_willingness":4,"Online_share_of_returns":0.97,"Paper_share_of_returns":0.03,"Age_65_plus_number_mid2020":106,"Age_65_plus_PC_mid2020":5.5,"Age_75_plus_number_mid2020":52,"Age_75_plus_PC_mid2020":2.7,"IMD_2019_Rank":3988,"IMD_2019_Decile":2,"IDAOPI_2019_Rank":267,"IDAOPI_2019_Decile":1,"Premises_Unable_30mbps_Ofcom":7,"Premises_below_USO":0,"Shape_Length":3099.2942012630892,"Shape_Area":239248.25935311944,"in_cw":false,"whole_in_zone":true},"geometry":{"type":"MultiPolygon","coordinates":[[[[-0.034276,51.48549],[-0.035674,51.484883],[-0.035498,51.484542],[-0.034505,51.484444],[-0.033262,51.484704],[-0.032958,51.484457],[-0.03517,51.483478],[-0.034304,51.483057],[-0.034374,51.482598],[-0.032869,51.482206],[-0.033618,51.481893],[-0.03403,51.481657],[-0.031064,51.480562],[-0.031044,51.480533],[-0.034629,51.479242],[-0.036039,51.481327],[-0.037037,51.482051],[-0.038792,51.482242],[-0.04166,51.482779],[-0.043389,51.484073],[-0.043506,51.484289],[-0.042471,51.484317],[-0.042186,51.484915],[-0.041272,51.485061],[-0.040593,51.485134],[-0.03958,51.484678],[-0.037684,51.485199],[-0.037071,51.484912],[-0.034771,51.485852],[-0.034276,51.48549]]]]}},
{"type":"Feature","properties":{"layer":"London_LSOAs_Generalised_inc_Attributes_Rev_20220331","id":3177,"OBJECTID_12":3177,"OBJECTID":3177,"LSOA11CD":"E01003247","LSOA11NM":"Lewisham 001C","IUCN_2018_GRP_CD":2,"IUCN_2018_GRP_LABEL":"e-Professionals","Local_Authority_Name":"Lewisham","Paper_First":"No","HTC_digital":1,"HTC_willingness":4,"Online_share_of_returns":0.966,"Paper_share_of_returns":0.034,"Age_65_plus_number_mid2020":127,"Age_65_plus_PC_mid2020":5.5,"Age_75_plus_number_mid2020":60,"Age_75_plus_PC_mid2020":2.6,"IMD_2019_Rank":16096,"IMD_2019_Decile":5,"IDAOPI_2019_Rank":7163,"IDAOPI_2019_Decile":3,"Premises_Unable_30mbps_Ofcom":269,"Premises_below_USO":0,"Shape_Length":3084.2750201845965,"Shape_Area":196840.43912117137,"in_cw":false,"whole_in_zone":true},"geometry":{"type":"MultiPolygon","coordinates":[[[[-0.03912,51.487615],[-0.039637,51.486755],[-0.040926,51.48743],[-0.041871,51.487211],[-0.041299,51.485148],[-0.041272,51.485061],[-0.042186,51.484915],[-0.042471,51.484317],[-0.043506,51.484289],[-0.043719,51.485409],[-0.050223,51.488074],[-0.050028,51.488312],[-0.049822,51.488225],[-0.049135,51.487949],[-0.048492,51.488256],[-0.046724,51.48757],[-0.046351,51.488136],[-0.04558,51.487793],[-0.044554,51.486535],[-0.043743,51.486488],[-0.043957,51.487054],[-0.044918,51.488336],[-0.045734,51.489574],[-0.044565,51.489909],[-0.044543,51.49014],[-0.042201,51.490037],[-0.041818,51.489804],[-0.040496,51.489041],[-0.039342,51.488436],[-0.039696,51.488191],[-0.03912,51.487615]]]]}},
{"type":"Feature","properties":{"layer":"London_LSOAs_Generalised_inc_Attributes_Rev_20220331","id":3178,"OBJECTID_12":3178,"OBJECTID":3178,"LSOA11CD":"E01003248","LSOA11NM":"Lewisham 002B","IUCN_2018_GRP_CD":4,"IUCN_2018_GRP_LABEL":"Youthful Urban Fringe","Local_Authority_Name":"Lewisham","Paper_First":"No","HTC_digital":2,"HTC_willingness":3,"Online_share_of_returns":0.9670000000000001,"Paper_share_of_returns":0.033,"Age_65_plus_number_mid2020":83,"Age_65_plus_PC_mid2020":4.9,"Age_75_plus_number_mid2020":18,"Age_75_plus_PC_mid2020":1.1,"IMD_2019_Rank":7672,"IMD_2019_Decile":3,"IDAOPI_2019_Rank":2990,"IDAOPI_2019_Decile":1,"Premises_Unable_30mbps_Ofcom":34,"Premises_below_USO":0,"Shape_Length":3825.203586927918,"Shape_Area":258582.5997658892,"in_cw":false,"whole_in_zone":true},"geometry":{"type":"MultiPolygon","coordinates":[[[[-0.029159,51.488663],[-0.027535,51.487234],[-0.030362,51.486849],[-0.031758,51.485787],[-0.031111,51.485608],[-0.031127,51.484736],[-0.031792,51.484641],[-0.031811,51.485035],[-0.032703,51.485002],[-0.03311,51.485376],[-0.033699,51.485055],[-0.033262,51.484704],[-0.034505,51.484444],[-0.035498,51.484542],[-0.035674,51.484883],[-0.034276,51.48549],[-0.034771,51.485852],[-0.037071,51.484912],[-0.037684,51.485199],[-0.03958,51.484678],[-0.040593,51.485134],[-0.041272,51.485061],[-0.041299,51.485148],[-0.041871,51.487211],[-0.040926,51.48743],[-0.039637,51.486755],[-0.03912,51.487615],[-0.039696,51.488191],[-0.039342,51.488436],[-0.037761,51.487664],[-0.036698,51.488398],[-0.036079,51.488589],[-0.034172,51.486364],[-0.034,51.486465],[-0.033099,51.486894],[-0.034359,51.488057],[-0.033032,51.488523],[-0.03273,51.488629],[-0.032191,51.488018],[-0.031087,51.488403],[-0.030407,51.488141],[-0.029159,51.488663]]]]}},
{"type":"Feature","properties":{"layer":"London_LSOAs_Generalised_inc_Attributes_Rev_20220331","id":3179,"OBJECTID_12":3179,"OBJECTID":3179,"LSOA11CD":"E01003249","LSOA11NM":"Lewisham 001D","IUCN_2018_GRP_CD":4,"IUCN_2018_GRP_LABEL":"Youthful Urban Fringe","Local_Authority_Name":"Lewisham","Paper_First":"No","HTC_digital":2,"HTC_willingness":4,"Online_share_of_returns":0.965,"Paper_share_of_returns":0.035,"Age_65_plus_number_mid2020":145,"Age_65_plus_PC_mid2020":6.9,"Age_75_plus_number_mid2020":44,"Age_75_plus_PC_mid2020":2.1,"IMD_2019_Rank":11039,"IMD_2019_Decile":4,"IDAOPI_2019_Rank":1076,"IDAOPI_2019_Decile":1,"Premises_Unable_30mbps_Ofcom":36,"Premises_below_USO":0,"Shape_Length":1624.5642913452327,"Shape_Area":112961.23953596759,"in_cw":false,"whole_in_zone":true},"geometry":{"type":"MultiPolygon","coordinates":[[[[-0.030873,51.49072],[-0.029867,51.489473],[-0.029159,51.488663],[-0.030407,51.488141],[-0.031087,51.488403],[-0.032191,51.488018],[-0.03273,51.488629],[-0.033361,51.489226],[-0.032776,51.489445],[-0.033256,51.489936],[-0.033315,51.489924],[-0.034457,51.490237],[-0.034211,51.490826],[-0.03476,51.491051],[-0.034309,51.491344],[-0.034407,51.491926],[-0.03458,51.49276],[-0.032375,51.493026],[-0.032285,51.492914],[-0.032175,51.492906],[-0.032166,51.492879],[-0.032257,51.492818],[-0.032047,51.492525],[-0.030873,51.49072]]]]}},
{"type":"Feature","properties":{"layer":"London_LSOAs_Generalised_inc_Attributes_Rev_20220331","id":3180,"OBJECTID_12":3180,"OBJECTID":3180,"LSOA11CD":"E01003250","LSOA11NM":"Lewisham 001E","IUCN_2018_GRP_CD":4,"IUCN_2018_GRP_LABEL":"Youthful Urban Fringe","Local_Authority_Name":"Lewisham","Paper_First":"No","HTC_digital":2,"HTC_willingness":4,"Online_share_of_returns":0.98,"Paper_share_of_returns":0.02,"Age_65_plus_number_mid2020":192,"Age_65_plus_PC_mid2020":4.8,"Age_75_plus_number_mid2020":75,"Age_75_plus_PC_mid2020":1.9,"IMD_2019_Rank":7991,"IMD_2019_Decile":3,"IDAOPI_2019_Rank":488,"IDAOPI_2019_Decile":1,"Premises_Unable_30mbps_Ofcom":106,"Premises_below_USO":0,"Shape_Length":2076.4260887181144,"Shape_Area":189778.32603141826,"in_cw":false,"whole_in_zone":true},"geometry":{"type":"MultiPolygon","coordinates":[[[[-0.038101,51.492405],[-0.037325,51.492222],[-0.03458,51.49276],[-0.034407,51.491926],[-0.034309,51.491344],[-0.03476,51.491051],[-0.034211,51.490826],[-0.034457,51.490237],[-0.036853,51.489681],[-0.036242,51.489163],[-0.036698,51.488398],[-0.037761,51.487664],[-0.039342,51.488436],[-0.040496,51.489041],[-0.041818,51.489804],[-0.042201,51.490037],[-0.042479,51.490242],[-0.042415,51.490265],[-0.040318,51.491063],[-0.041029,51.491828],[-0.040045,51.492164],[-0.040521,51.492784],[-0.038882,51.492851],[-0.038101,51.492405]]]]}},
{"type":"Feature","properties":{"layer":"London_LSOAs_Generalised_inc_Attributes_Rev_20220331","id":3181,"OBJECTID_12":3181,"OBJECTID":3181,"LSOA11CD":"E01003251","LSOA11NM":"Lewisham 002C","IUCN_2018_GRP_CD":7,"IUCN_2018_GRP_LABEL":"Passive and Uncommitted Users","Local_Authority_Name":"Lewisham","Paper_First":"No","HTC_digital":4,"HTC_willingness":4,"Online_share_of_returns":0.9470000000000001,"Paper_share_of_returns":0.053,"Age_65_plus_number_mid2020":126,"Age_65_plus_PC_mid2020":5.7,"Age_75_plus_number_mid2020":48,"Age_75_plus_PC_mid2020":2.2,"IMD_2019_Rank":8929,"IMD_2019_Decile":3,"IDAOPI_2019_Rank":3484,"IDAOPI_2019_Decile":2,"Premises_Unable_30mbps_Ofcom":9,"Premises_below_USO":0,"Shape_Length":2401.422128746986,"Shape_Area":226245.46984545214,"in_cw":false,"whole_in_zone":true},"geometry":{"type":"MultiPolygon","coordinates":[[[[-0.025204,51.484864],[-0.025553,51.483435],[-0.026957,51.483346],[-0.026786,51.482447],[-0.027939,51.48199],[-0.027441,51.481807],[-0.02752,51.481673],[-0.028191,51.481452],[-0.030115,51.481259],[-0.030521,51.481482],[-0.031136,51.481759],[-0.030773,51.482449],[-0.030242,51.482734],[-0.031101,51.483135],[-0.030831,51.483346],[-0.032958,51.484457],[-0.033262,51.484704],[-0.033699,51.485055],[-0.03311,51.485376],[-0.032703,51.485002],[-0.031811,51.485035],[-0.031792,51.484641],[-0.031127,51.484736],[-0.031111,51.485608],[-0.031758,51.485787],[-0.030362,51.486849],[-0.027535,51.487234],[-0.027245,51.487037],[-0.024858,51.485554],[-0.025204,51.484864]]]]}},
{"type":"Feature","properties":{"layer":"London_LSOAs_Generalised_inc_Attributes_Rev_20220331","id":3182,"OBJECTID_12":3182,"OBJECTID":3182,"LSOA11CD":"E01003252","LSOA11NM":"Lewisham 002D","IUCN_2018_GRP_CD":7,"IUCN_2018_GRP_LABEL":"Passive and Uncommitted Users","Local_Authority_Name":"Lewisham","Paper_First":"No","HTC_digital":2,"HTC_willingness":3,"Online_share_of_returns":0.963,"Paper_share_of_returns":0.037000000000000005,"Age_65_plus_number_mid2020":107,"Age_65_plus_PC_mid2020":7.2,"Age_75_plus_number_mid2020":50,"Age_75_plus_PC_mid2020":3.4,"IMD_2019_Rank":4413,"IMD_2019_Decile":2,"IDAOPI_2019_Rank":250,"IDAOPI_2019_Decile":1,"Premises_Unable_30mbps_Ofcom":0,"Premises_below_USO":0,"Shape_Length":1398.3645186011981,"Shape_Area":72573.76510266971,"in_cw":false,"whole_in_zone":true},"geometry":{"type":"MultiPolygon","coordinates":[[[[-0.031494,51.481157],[-0.031064,51.480562],[-0.03403,51.481657],[-0.033618,51.481893],[-0.032869,51.482206],[-0.034374,51.482598],[-0.034304,51.483057],[-0.03517,51.483478],[-0.032958,51.484457],[-0.030831,51.483346],[-0.031101,51.483135],[-0.030242,51.482734],[-0.030773,51.482449],[-0.031136,51.481759],[-0.030521,51.481482],[-0.031494,51.481157]]]]}},
{"type":"Feature","properties":{"layer":"London_LSOAs_Generalised_inc_Attributes_Rev_20220331","id":3183,"OBJECTID_12":3183,"OBJECTID":3183,"LSOA11CD":"E01003253","LSOA11NM":"Lewisham 002E","IUCN_2018_GRP_CD":4,"IUCN_2018_GRP_LABEL":"Youthful Urban Fringe","Local_Authority_Name":"Lewisham","Paper_First":"No","HTC_digital":1,"HTC_willingness":4,"Online_share_of_returns":0.9440000000000001,"Paper_share_of_returns":0.055999999999999994,"Age_65_plus_number_mid2020":204,"Age_65_plus_PC_mid2020":13.3,"Age_75_plus_number_mid2020":96,"Age_75_plus_PC_mid2020":6.2,"IMD_2019_Rank":5562,"IMD_2019_Decile":2,"IDAOPI_2019_Rank":6000,"IDAOPI_2019_Decile":2,"Premises_Unable_30mbps_Ofcom":0,"Premises_below_USO":0,"Shape_Length":2057.210023057243,"Shape_Area":143613.14173276722,"in_cw":false,"whole_in_zone":true},"geometry":{"type":"MultiPolygon","coordinates":[[[[-0.024766,51.481211],[-0.023147,51.48074],[-0.023046,51.479629],[-0.023025,51.479288],[-0.022901,51.478507],[-0.02696,51.479086],[-0.028106,51.479471],[-0.028761,51.479708],[-0.029918,51.480112],[-0.030442,51.480305],[-0.031044,51.480533],[-0.031064,51.480562],[-0.031494,51.481157],[-0.030521,51.481482],[-0.030115,51.481259],[-0.028191,51.481452],[-0.02752,51.481673],[-0.027441,51.481807],[-0.027939,51.48199],[-0.026786,51.482447],[-0.026957,51.483346],[-0.025553,51.483435],[-0.02614,51.481745],[-0.026383,51.48151],[-0.025616,51.481368],[-0.024766,51.481211]]]]}},
{"type":"Feature","properties":{"layer":"London_LSOAs_Generalised_inc_Attributes_Rev_20220331","id":3225,"OBJECTID_12":3225,"OBJECTID":3225,"LSOA11CD":"E01003297","LSOA11NM":"Lewisham 003A","IUCN_2018_GRP_CD":3,"IUCN_2018_GRP_LABEL":"e-Veterans","Local_Authority_Name":"Lewisham","Paper_First":"No","HTC_digital":2,"HTC_willingness":4,"Online_share_of_returns":0.973,"Paper_share_of_returns":0.027000000000000003,"Age_65_plus_number_mid2020":43,"Age_65_plus_PC_mid2020":2.6,"Age_75_plus_number_mid2020":25,"Age_75_plus_PC_mid2020":1.5,"IMD_2019_Rank":8320,"IMD_2019_Decile":3,"IDAOPI_2019_Rank":675,"IDAOPI_2019_Decile":1,"Premises_Unable_30mbps_Ofcom":632,"Premises_below_USO":0,"Shape_Length":3476.4497460004873,"Shape_Area":374394.538369854,"in_cw":false,"whole_in_zone":true},"geometry":{"type":"MultiPolygon","coordinates":[[[[-0.050223,51.488074],[-0.043719,51.485409],[-0.043506,51.484289],[-0.043389,51.484073],[-0.045984,51.484007],[-0.04403,51.481546],[-0.045883,51.481162],[-0.04654,51.48133],[-0.04756,51.481216],[-0.047673,51.480878],[-0.048091,51.480803],[-0.048235,51.480383],[-0.049576,51.480643],[-0.0499,51.48034],[-0.050138,51.479933],[-0.050707,51.480021],[-0.050518,51.480659],[-0.051037,51.4812],[-0.050739,51.481316],[-0.05045,51.481535],[-0.050035,51.481971],[-0.049787,51.482371],[-0.049444,51.483491],[-0.050631,51.483526],[-0.050173,51.483088],[-0.051331,51.482763],[-0.052832,51.482687],[-0.053008,51.484569],[-0.053162,51.48508],[-0.053514,51.485776],[-0.05301,51.485858],[-0.052866,51.486663],[-0.05399,51.48797],[-0.052548,51.487548],[-0.052116,51.487821],[-0.050573,51.487833],[-0.050223,51.488074]]]]}},
{"type":"Feature","properties":{"layer":"London_LSOAs_Generalised_inc_Attributes_Rev_20220331","id":3226,"OBJECTID_12":3226,"OBJECTID":3226,"LSOA11CD":"E01003298","LSOA11NM":"Lewisham 039A","IUCN_2018_GRP_CD":4,"IUCN_2018_GRP_LABEL":"Youthful Urban Fringe","Local_Authority_Name":"Lewisham","Paper_First":"No","HTC_digital":1,"HTC_willingness":4,"Online_share_of_returns":0.965,"Paper_share_of_returns":0.035,"Age_65_plus_number_mid2020":106,"Age_65_plus_PC_mid2020":8.4,"Age_75_plus_number_mid2020":25,"Age_75_plus_PC_mid2020":2,"IMD_2019_Rank":7030,"IMD_2019_Decile":3,"IDAOPI_2019_Rank":827,"IDAOPI_2019_Decile":1,"Premises_Unable_30mbps_Ofcom":1,"Premises_below_USO":0,"Shape_Length":2461.749273734323,"Shape_Area":137519.74211735732,"in_cw":false,"whole_in_zone":true},"geometry":{"type":"MultiPolygon","coordinates":[[[[-0.037037,51.482051],[-0.037742,51.481417],[-0.037207,51.481539],[-0.037163,51.481255],[-0.037462,51.481084],[-0.038268,51.481367],[-0.038575,51.481014],[-0.038848,51.481059],[-0.038615,51.480649],[-0.039203,51.480231],[-0.03854,51.48],[-0.039171,51.479433],[-0.040273,51.479017],[-0.040731,51.479785],[-0.04045,51.48004],[-0.041058,51.480049],[-0.04139,51.480885],[-0.041606,51.48124],[-0.042145,51.481155],[-0.041965,51.480333],[-0.042657,51.479775],[-0.042707,51.481627],[-0.04403,51.481546],[-0.045984,51.484007],[-0.043389,51.484073],[-0.04166,51.482779],[-0.038792,51.482242],[-0.037037,51.482051]]]]}},
{"type":"Feature","properties":{"layer":"London_LSOAs_Generalised_inc_Attributes_Rev_20220331","id":3227,"OBJECTID_12":3227,"OBJECTID":3227,"LSOA11CD":"E01003299","LSOA11NM":"Lewisham 003B","IUCN_2018_GRP_CD":4,"IUCN_2018_GRP_LABEL":"Youthful Urban Fringe","Local_Authority_Name":"Lewisham","Paper_First":"No","HTC_digital":1,"HTC_willingness":4,"Online_share_of_returns":0.965,"Paper_share_of_returns":0.035,"Age_65_plus_number_mid2020":114,"Age_65_plus_PC_mid2020":6.7,"Age_75_plus_number_mid2020":57,"Age_75_plus_PC_mid2020":3.4,"IMD_2019_Rank":6679,"IMD_2019_Decile":3,"IDAOPI_2019_Rank":2920,"IDAOPI_2019_Decile":1,"Premises_Unable_30mbps_Ofcom":69,"Premises_below_USO":0,"Shape_Length":1794.296319772079,"Shape_Area":152745.0253529948,"in_cw":false,"whole_in_zone":true},"geometry":{"type":"MultiPolygon","coordinates":[[[[-0.043408,51.477198],[-0.042163,51.476744],[-0.040979,51.475737],[-0.040592,51.474822],[-0.043012,51.474339],[-0.045414,51.474295],[-0.045954,51.47431],[-0.045995,51.47433],[-0.046822,51.475244],[-0.046872,51.475326],[-0.048911,51.476501],[-0.047769,51.477304],[-0.046881,51.477549],[-0.045704,51.477203],[-0.045891,51.477669],[-0.04434,51.478143],[-0.04468,51.478514],[-0.044287,51.478655],[-0.043909,51.478823],[-0.043408,51.477198]]]]}},
{"type":"Feature","properties":{"layer":"London_LSOAs_Generalised_inc_Attributes_Rev_20220331","id":3228,"OBJECTID_12":3228,"OBJECTID":3228,"LSOA11CD":"E01003300","LSOA11NM":"Lewisham 039B","IUCN_2018_GRP_CD":7,"IUCN_2018_GRP_LABEL":"Passive and Uncommitted Users","Local_Authority_Name":"Lewisham","Paper_First":"No","HTC_digital":1,"HTC_willingness":4,"Online_share_of_returns":0.96,"Paper_share_of_returns":0.04,"Age_65_plus_number_mid2020":135,"Age_65_plus_PC_mid2020":10.3,"Age_75_plus_number_mid2020":57,"Age_75_plus_PC_mid2020":4.4,"IMD_2019_Rank":6321,"IMD_2019_Decile":2,"IDAOPI_2019_Rank":1892,"IDAOPI_2019_Decile":1,"Premises_Unable_30mbps_Ofcom":4,"Premises_below_USO":0,"Shape_Length":1945.0320989370543,"Shape_Area":115406.70405993066,"in_cw":false,"whole_in_zone":true},"geometry":{"type":"MultiPolygon","coordinates":[[[[-0.037037,51.482051],[-0.036039,51.481327],[-0.034629,51.479242],[-0.034771,51.479192],[-0.034029,51.478357],[-0.037397,51.477939],[-0.037521,51.478388],[-0.03798,51.478302],[-0.037847,51.477928],[-0.038426,51.477868],[-0.037904,51.477318],[-0.038732,51.477229],[-0.039682,51.478059],[-0.040064,51.477981],[-0.040272,51.478156],[-0.039691,51.478605],[-0.040273,51.479017],[-0.039171,51.479433],[-0.03854,51.48],[-0.039203,51.480231],[-0.038615,51.480649],[-0.038848,51.481059],[-0.038575,51.481014],[-0.038268,51.481367],[-0.037462,51.481084],[-0.037163,51.481255],[-0.037207,51.481539],[-0.037742,51.481417],[-0.037037,51.482051]]]]}},
{"type":"Feature","properties":{"layer":"London_LSOAs_Generalised_inc_Attributes_Rev_20220331","id":3229,"OBJECTID_12":3229,"OBJECTID":3229,"LSOA11CD":"E01003301","LSOA11NM":"Lewisham 003C","IUCN_2018_GRP_CD":2,"IUCN_2018_GRP_LABEL":"e-Professionals","Local_Authority_Name":"Lewisham","Paper_First":"No","HTC_digital":1,"HTC_willingness":4,"Online_share_of_returns":0.98,"Paper_share_of_returns":0.02,"Age_65_plus_number_mid2020":88,"Age_65_plus_PC_mid2020":3.7,"Age_75_plus_number_mid2020":30,"Age_75_plus_PC_mid2020":1.2,"IMD_2019_Rank":10338,"IMD_2019_Decile":4,"IDAOPI_2019_Rank":1880,"IDAOPI_2019_Decile":1,"Premises_Unable_30mbps_Ofcom":112,"Premises_below_USO":0,"Shape_Length":3044.996405529149,"Shape_Area":216368.52001881145,"in_cw":false,"whole_in_zone":true},"geometry":{"type":"MultiPolygon","coordinates":[[[[-0.042707,51.481627],[-0.042657,51.479775],[-0.041965,51.480333],[-0.042145,51.481155],[-0.041606,51.48124],[-0.04139,51.480885],[-0.041058,51.480049],[-0.04045,51.48004],[-0.040731,51.479785],[-0.040273,51.479017],[-0.039691,51.478605],[-0.040272,51.478156],[-0.040064,51.477981],[-0.039682,51.478059],[-0.038732,51.477229],[-0.037904,51.477318],[-0.037511,51.476738],[-0.037086,51.476771],[-0.036985,51.476239],[-0.03949,51.475913],[-0.039605,51.476287],[-0.040979,51.475737],[-0.042163,51.476744],[-0.043408,51.477198],[-0.043909,51.478823],[-0.044287,51.478655],[-0.04468,51.478514],[-0.04434,51.478143],[-0.045891,51.477669],[-0.04636,51.478248],[-0.046237,51.479363],[-0.046188,51.479568],[-0.046145,51.479889],[-0.046638,51.480004],[-0.046488,51.480486],[-0.047673,51.480878],[-0.04756,51.481216],[-0.04654,51.48133],[-0.045883,51.481162],[-0.04403,51.481546],[-0.042707,51.481627]]]]}},
{"type":"Feature","properties":{"layer":"London_LSOAs_Generalised_inc_Attributes_Rev_20220331","id":3230,"OBJECTID_12":3230,"OBJECTID":3230,"LSOA11CD":"E01003302","LSOA11NM":"Lewisham 003D","IUCN_2018_GRP_CD":4,"IUCN_2018_GRP_LABEL":"Youthful Urban Fringe","Local_Authority_Name":"Lewisham","Paper_First":"No","HTC_digital":2,"HTC_willingness":4,"Online_share_of_returns":0.956,"Paper_share_of_returns":0.044000000000000004,"Age_65_plus_number_mid2020":156,"Age_65_plus_PC_mid2020":9.7,"Age_75_plus_number_mid2020":64,"Age_75_plus_PC_mid2020":4,"IMD_2019_Rank":7226,"IMD_2019_Decile":3,"IDAOPI_2019_Rank":2566,"IDAOPI_2019_Decile":1,"Premises_Unable_30mbps_Ofcom":141,"Premises_below_USO":0,"Shape_Length":2020.1727289481903,"Shape_Area":124020.40750390764,"in_cw":false,"whole_in_zone":true},"geometry":{"type":"MultiPolygon","coordinates":[[[[-0.050707,51.480021],[-0.050138,51.479933],[-0.0499,51.48034],[-0.049798,51.48032],[-0.050326,51.479077],[-0.050449,51.478763],[-0.050619,51.478337],[-0.050886,51.477878],[-0.050387,51.477122],[-0.052675,51.478009],[-0.054311,51.478609],[-0.053994,51.479103],[-0.053386,51.480322],[-0.053468,51.480462],[-0.053321,51.4808],[-0.052832,51.482687],[-0.051331,51.482763],[-0.050173,51.483088],[-0.050631,51.483526],[-0.049444,51.483491],[-0.049787,51.482371],[-0.050035,51.481971],[-0.05045,51.481535],[-0.050739,51.481316],[-0.051037,51.4812],[-0.050518,51.480659],[-0.050707,51.480021]]]]}},
{"type":"Feature","properties":{"layer":"London_LSOAs_Generalised_inc_Attributes_Rev_20220331","id":3231,"OBJECTID_12":3231,"OBJECTID":3231,"LSOA11CD":"E01003303","LSOA11NM":"Lewisham 039C","IUCN_2018_GRP_CD":4,"IUCN_2018_GRP_LABEL":"Youthful Urban Fringe","Local_Authority_Name":"Lewisham","Paper_First":"No","HTC_digital":1,"HTC_willingness":4,"Online_share_of_returns":0.955,"Paper_share_of_returns":0.045,"Age_65_plus_number_mid2020":118,"Age_65_plus_PC_mid2020":7.6,"Age_75_plus_number_mid2020":40,"Age_75_plus_PC_mid2020":2.6,"IMD_2019_Rank":4228,"IMD_2019_Decile":2,"IDAOPI_2019_Rank":641,"IDAOPI_2019_Decile":1,"Premises_Unable_30mbps_Ofcom":6,"Premises_below_USO":0,"Shape_Length":3284.6192557900795,"Shape_Area":225937.2877584245,"in_cw":false,"whole_in_zone":true},"geometry":{"type":"MultiPolygon","coordinates":[[[[-0.029987,51.479216],[-0.030112,51.477601],[-0.03113,51.477776],[-0.031496,51.477584],[-0.030826,51.477211],[-0.030195,51.477256],[-0.030435,51.476586],[-0.029733,51.476169],[-0.028112,51.47525],[-0.028744,51.475359],[-0.032262,51.475873],[-0.032546,51.475896],[-0.034137,51.475833],[-0.036369,51.475683],[-0.040249,51.474901],[-0.040592,51.474822],[-0.040979,51.475737],[-0.039605,51.476287],[-0.03949,51.475913],[-0.036985,51.476239],[-0.037086,51.476771],[-0.037511,51.476738],[-0.037904,51.477318],[-0.038426,51.477868],[-0.037847,51.477928],[-0.03798,51.478302],[-0.037521,51.478388],[-0.037397,51.477939],[-0.034029,51.478357],[-0.034771,51.479192],[-0.034629,51.479242],[-0.031044,51.480533],[-0.030442,51.480305],[-0.030042,51.479774],[-0.030503,51.479639],[-0.03045,51.479266],[-0.029987,51.479216]]]]}},
{"type":"Feature","properties":{"layer":"London_LSOAs_Generalised_inc_Attributes_Rev_20220331","id":3232,"OBJECTID_12":3232,"OBJECTID":3232,"LSOA11CD":"E01003304","LSOA11NM":"Lewisham 039D","IUCN_2018_GRP_CD":4,"IUCN_2018_GRP_LABEL":"Youthful Urban Fringe","Local_Authority_Name":"Lewisham","Paper_First":"No","HTC_digital":1,"HTC_willingness":4,"Online_share_of_returns":0.971,"Paper_share_of_returns":0.028999999999999998,"Age_65_plus_number_mid2020":131,"Age_65_plus_PC_mid2020":5.9,"Age_75_plus_number_mid2020":53,"Age_75_plus_PC_mid2020":2.4,"IMD_2019_Rank":5552,"IMD_2019_Decile":2,"IDAOPI_2019_Rank":1646,"IDAOPI_2019_Decile":1,"Premises_Unable_30mbps_Ofcom":15,"Premises_below_USO":0,"Shape_Length":2213.4562611174542,"Shape_Area":173490.8147881187,"in_cw":false,"whole_in_zone":true},"geometry":{"type":"MultiPolygon","coordinates":[[[[-0.025255,51.477607],[-0.024786,51.476938],[-0.025232,51.476276],[-0.025328,51.475932],[-0.025887,51.476049],[-0.026181,51.474956],[-0.026296,51.474972],[-0.028112,51.47525],[-0.029733,51.476169],[-0.030435,51.476586],[-0.030195,51.477256],[-0.030826,51.477211],[-0.031496,51.477584],[-0.03113,51.477776],[-0.030112,51.477601],[-0.029987,51.479216],[-0.03045,51.479266],[-0.030503,51.479639],[-0.030042,51.479774],[-0.030442,51.480305],[-0.029918,51.480112],[-0.028761,51.479708],[-0.028106,51.479471],[-0.02696,51.479086],[-0.022901,51.478507],[-0.022692,51.477952],[-0.022609,51.477652],[-0.025255,51.477607]]]]}},
{"type":"Feature","properties":{"layer":"London_LSOAs_Generalised_inc_Attributes_Rev_20220331","id":3233,"OBJECTID_12":3233,"OBJECTID":3233,"LSOA11CD":"E01003305","LSOA11NM":"Lewisham 003E","IUCN_2018_GRP_CD":4,"IUCN_2018_GRP_LABEL":"Youthful Urban Fringe","Local_Authority_Name":"Lewisham","Paper_First":"No","HTC_digital":1,"HTC_willingness":4,"Online_share_of_returns":0.966,"Paper_share_of_returns":0.034,"Age_65_plus_number_mid2020":194,"Age_65_plus_PC_mid2020":9.9,"Age_75_plus_number_mid2020":100,"Age_75_plus_PC_mid2020":5.1,"IMD_2019_Rank":3393,"IMD_2019_Decile":2,"IDAOPI_2019_Rank":6350,"IDAOPI_2019_Decile":2,"Premises_Unable_30mbps_Ofcom":1,"Premises_below_USO":0,"Shape_Length":1490.5501646701662,"Shape_Area":112501.55067333663,"in_cw":false,"whole_in_zone":true},"geometry":{"type":"MultiPolygon","coordinates":[[[[-0.046488,51.480486],[-0.046638,51.480004],[-0.046145,51.479889],[-0.046188,51.479568],[-0.046237,51.479363],[-0.04636,51.478248],[-0.045891,51.477669],[-0.045704,51.477203],[-0.046881,51.477549],[-0.047769,51.477304],[-0.048911,51.476501],[-0.050073,51.476996],[-0.050387,51.477122],[-0.050886,51.477878],[-0.050619,51.478337],[-0.050449,51.478763],[-0.050326,51.479077],[-0.049798,51.48032],[-0.0499,51.48034],[-0.049576,51.480643],[-0.048235,51.480383],[-0.048091,51.480803],[-0.047673,51.480878],[-0.046488,51.480486]]]]}},
{"type":"Feature","properties":{"layer":"London_LSOAs_Generalised_inc_Attributes_Rev_20220331","id":3265,"OBJECTID_12":3265,"OBJECTID":3265,"LSOA11CD":"E01003338","LSOA11NM":"Lewisham 006A","IUCN_2018_GRP_CD":7,"IUCN_2018_GRP_LABEL":"Passive and Uncommitted Users","Local_Authority_Name":"Lewisham","Paper_First":"No","HTC_digital":2,"HTC_willingness":4,"Online_share_of_returns":0.9540000000000001,"Paper_share_of_returns":0.046,"Age_65_plus_number_mid2020":199,"Age_65_plus_PC_mid2020":9.5,"Age_75_plus_number_mid2020":98,"Age_75_plus_PC_mid2020":4.7,"IMD_2019_Rank":6016,"IMD_2019_Decile":2,"IDAOPI_2019_Rank":2397,"IDAOPI_2019_Decile":1,"Premises_Unable_30mbps_Ofcom":15,"Premises_below_USO":0,"Shape_Length":1679.6743619876245,"Shape_Area":139450.35807471533,"in_cw":false,"whole_in_zone":true},"geometry":{"type":"MultiPolygon","coordinates":[[[[-0.049036,51.473923],[-0.050514,51.473562],[-0.051323,51.473279],[-0.051213,51.473801],[-0.052736,51.47359],[-0.052729,51.475241],[-0.052728,51.475386],[-0.052727,51.475587],[-0.052723,51.476076],[-0.052713,51.476628],[-0.052675,51.478009],[-0.050387,51.477122],[-0.050073,51.476996],[-0.048911,51.476501],[-0.046872,51.475326],[-0.046822,51.475244],[-0.045995,51.47433],[-0.04813,51.473993],[-0.049036,51.473923]]]]}},
{"type":"Feature","properties":{"layer":"London_LSOAs_Generalised_inc_Attributes_Rev_20220331","id":3266,"OBJECTID_12":3266,"OBJECTID":3266,"LSOA11CD":"E01003339","LSOA11NM":"Lewisham 006B","IUCN_2018_GRP_CD":3,"IUCN_2018_GRP_LABEL":"e-Veterans","Local_Authority_Name":"Lewisham","Paper_First":"No","HTC_digital":2,"HTC_willingness":4,"Online_share_of_returns":0.965,"Paper_share_of_returns":0.035,"Age_65_plus_number_mid2020":176,"Age_65_plus_PC_mid2020":10.1,"Age_75_plus_number_mid2020":77,"Age_75_plus_PC_mid2020":4.4,"IMD_2019_Rank":9904,"IMD_2019_Decile":4,"IDAOPI_2019_Rank":7812,"IDAOPI_2019_Decile":3,"Premises_Unable_30mbps_Ofcom":22,"Premises_below_USO":0,"Shape_Length":1960.48326770291,"Shape_Area":149434.05720005956,"in_cw":false,"whole_in_zone":false},"geometry":{"type":"MultiPolygon","coordinates":[[[[-0.045782,51.473855],[-0.045073,51.471964],[-0.046783,51.471727],[-0.047607,51.471609],[-0.047713,51.471896],[-0.04893,51.471445],[-0.049077,51.470444],[-0.049173,51.470326],[-0.050256,51.469842],[-0.050805,51.469893],[-0.051019,51.470348],[-0.050337,51.470638],[-0.051912,51.471034],[-0.051554,51.471404],[-0.052287,51.471523],[-0.052608,51.47254],[-0.052735,51.473354],[-0.052736,51.47359],[-0.051213,51.473801],[-0.051323,51.473279],[-0.050514,51.473562],[-0.049036,51.473923],[-0.04813,51.473993],[-0.045995,51.47433],[-0.045954,51.47431],[-0.045782,51.473855]]]]}},
{"type":"Feature","properties":{"layer":"London_LSOAs_Generalised_inc_Attributes_Rev_20220331","id":3267,"OBJECTID_12":3267,"OBJECTID":3267,"LSOA11CD":"E01003340","LSOA11NM":"Lewisham 006C","IUCN_2018_GRP_CD":2,"IUCN_2018_GRP_LABEL":"e-Professionals","Local_Authority_Name":"Lewisham","Paper_First":"No","HTC_digital":1,"HTC_willingness":5,"Online_share_of_returns":0.973,"Paper_share_of_returns":0.027000000000000003,"Age_65_plus_number_mid2020":135,"Age_65_plus_PC_mid2020":7,"Age_75_plus_number_mid2020":40,"Age_75_plus_PC_mid2020":2.1,"IMD_2019_Rank":15279,"IMD_2019_Decile":5,"IDAOPI_2019_Rank":7395,"IDAOPI_2019_Decile":3,"Premises_Unable_30mbps_Ofcom":33,"Premises_below_USO":0,"Shape_Length":2036.7118849172055,"Shape_Area":177631.01533538918,"in_cw":false,"whole_in_zone":false},"geometry":{"type":"MultiPolygon","coordinates":[[[[-0.040249,51.474901],[-0.039209,51.47282],[-0.039023,51.472453],[-0.038365,51.470887],[-0.039888,51.470896],[-0.040579,51.470218],[-0.041291,51.47052],[-0.042148,51.469763],[-0.042889,51.470096],[-0.041639,51.47115],[-0.043948,51.470983],[-0.044188,51.471376],[-0.044828,51.471298],[-0.045073,51.471964],[-0.045782,51.473855],[-0.045954,51.47431],[-0.045414,51.474295],[-0.043012,51.474339],[-0.040592,51.474822],[-0.040249,51.474901]]]]}},
{"type":"Feature","properties":{"layer":"London_LSOAs_Generalised_inc_Attributes_Rev_20220331","id":3424,"OBJECTID_12":3424,"OBJECTID":3424,"LSOA11CD":"E01003497","LSOA11NM":"Newham 034A","IUCN_2018_GRP_CD":7,"IUCN_2018_GRP_LABEL":"Passive and Uncommitted Users","Local_Authority_Name":"Newham","Paper_First":"No","HTC_digital":1,"HTC_willingness":3,"Online_share_of_returns":0.9440000000000001,"Paper_share_of_returns":0.055999999999999994,"Age_65_plus_number_mid2020":202,"Age_65_plus_PC_mid2020":11.3,"Age_75_plus_number_mid2020":78,"Age_75_plus_PC_mid2020":4.4,"IMD_2019_Rank":6552,"IMD_2019_Decile":2,"IDAOPI_2019_Rank":3364,"IDAOPI_2019_Decile":2,"Premises_Unable_30mbps_Ofcom":85,"Premises_below_USO":0,"Shape_Length":5480.137903488894,"Shape_Area":680729.0247536997,"in_cw":false,"whole_in_zone":false},"geometry":{"type":"MultiPolygon","coordinates":[[[[-0.007627,51.523928],[-0.007826,51.523105],[-0.008095,51.523739],[-0.008071,51.523936],[-0.007627,51.523928]]],[[[-0.003694,51.521613],[0.003794,51.520784],[0.003744,51.521921],[0.005166,51.522156],[0.007329,51.521788],[0.007563,51.521165],[0.007894,51.521069],[0.007656,51.521848],[0.008722,51.522562],[0.009873,51.522667],[0.010037,51.52181],[0.010053,51.521063],[0.010476,51.52096],[0.010424,51.520567],[0.011416,51.520322],[0.010904,51.519845],[0.009932,51.519649],[0.009838,51.518335],[0.01034,51.518147],[0.009727,51.518157],[0.009316,51.517756],[0.009145,51.517932],[0.009087,51.518865],[0.007604,51.518929],[0.007981,51.517269],[0.006538,51.517334],[0.007559,51.516592],[0.007737,51.515373],[0.004493,51.51472],[0.003609,51.515591],[0.000133,51.5171],[-0.002616,51.518561],[-0.002393,51.518205],[-0.003997,51.517983],[-0.005136,51.516928],[-0.006392,51.518799],[-0.008437,51.519962],[-0.008608,51.52083],[-0.007179,51.522883],[-0.007091,51.523906],[-0.005541,51.523893],[-0.004824,51.522487],[-0.003694,51.521613]]]]}},
{"type":"Feature","properties":{"layer":"London_LSOAs_Generalised_inc_Attributes_Rev_20220331","id":3427,"OBJECTID_12":3427,"OBJECTID":3427,"LSOA11CD":"E01003500","LSOA11NM":"Newham 027C","IUCN_2018_GRP_CD":4,"IUCN_2018_GRP_LABEL":"Youthful Urban Fringe","Local_Authority_Name":"Newham","Paper_First":"No","HTC_digital":2,"HTC_willingness":3,"Online_share_of_returns":0.978,"Paper_share_of_returns":0.022000000000000002,"Age_65_plus_number_mid2020":220,"Age_65_plus_PC_mid2020":9.8,"Age_75_plus_number_mid2020":74,"Age_75_plus_PC_mid2020":3.3,"IMD_2019_Rank":6133,"IMD_2019_Decile":2,"IDAOPI_2019_Rank":1934,"IDAOPI_2019_Decile":1,"Premises_Unable_30mbps_Ofcom":105,"Premises_below_USO":0,"Shape_Length":5800.061079798484,"Shape_Area":733589.2981423931,"in_cw":false,"whole_in_zone":false},"geometry":{"type":"MultiPolygon","coordinates":[[[[-0.007627,51.523928],[-0.008071,51.523936],[-0.008023,51.52421],[-0.007579,51.525409],[-0.007078,51.525537],[-0.007627,51.523928]]],[[[0.004859,51.525479],[0.005687,51.525257],[0.006618,51.525335],[0.006977,51.525823],[0.007311,51.525707],[0.009026,51.52655],[0.009249,51.526514],[0.012921,51.527721],[0.013028,51.527535],[0.014222,51.527799],[0.014878,51.525528],[0.012184,51.52539],[0.009673,51.525323],[0.009664,51.525089],[0.009635,51.524789],[0.0103,51.524976],[0.010125,51.524529],[0.012577,51.524601],[0.012553,51.524281],[0.011764,51.524038],[0.011744,51.523579],[0.012277,51.523561],[0.012313,51.522766],[0.011701,51.522485],[0.011634,51.521732],[0.010689,51.521802],[0.010037,51.52181],[0.009873,51.522667],[0.008722,51.522562],[0.007656,51.521848],[0.007894,51.521069],[0.007563,51.521165],[0.007329,51.521788],[0.005166,51.522156],[0.003744,51.521921],[0.003794,51.520784],[-0.003694,51.521613],[-0.004824,51.522487],[-0.005541,51.523893],[-0.007091,51.523906],[-0.006444,51.52568],[0.000715,51.527351],[0.004764,51.5283],[0.00481,51.52831],[0.004831,51.526914],[0.004859,51.525479]]]]}},
{"type":"Feature","properties":{"layer":"London_LSOAs_Generalised_inc_Attributes_Rev_20220331","id":3428,"OBJECTID_12":3428,"OBJECTID":3428,"LSOA11CD":"E01003501","LSOA11NM":"Newham 030B","IUCN_2018_GRP_CD":7,"IUCN_2018_GRP_LABEL":"Passive and Uncommitted Users","Local_Authority_Name":"Newham","Paper_First":"No","HTC_digital":1,"HTC_willingness":3,"Online_share_of_returns":0.9670000000000001,"Paper_share_of_returns":0.033,"Age_65_plus_number_mid2020":220,"Age_65_plus_PC_mid2020":8.9,"Age_75_plus_number_mid2020":80,"Age_75_plus_PC_mid2020":3.2,"IMD_2019_Rank":5437,"IMD_2019_Decile":2,"IDAOPI_2019_Rank":1832,"IDAOPI_2019_Decile":1,"Premises_Unable_30mbps_Ofcom":0,"Premises_below_USO":0,"Shape_Length":2506.287727725312,"Shape_Area":156582.4467138433,"in_cw":false,"whole_in_zone":false},"geometry":{"type":"MultiPolygon","coordinates":[[[[0.019542,51.524481],[0.018756,51.523939],[0.019608,51.523944],[0.019795,51.524213],[0.020709,51.523814],[0.020409,51.523601],[0.01992,51.523791],[0.018168,51.523184],[0.018146,51.522333],[0.017799,51.522071],[0.018634,51.521578],[0.019353,51.521775],[0.019669,51.521377],[0.020024,51.521099],[0.019228,51.520731],[0.019057,51.520652],[0.016847,51.519658],[0.016458,51.519972],[0.017575,51.520394],[0.016191,51.520437],[0.016168,51.520735],[0.015531,51.520708],[0.012365,51.520988],[0.012326,51.521708],[0.011634,51.521732],[0.011701,51.522485],[0.012313,51.522766],[0.014886,51.522914],[0.016015,51.52365],[0.016914,51.523778],[0.016743,51.524402],[0.01881,51.524495],[0.019542,51.524481]]]]}},
{"type":"Feature","properties":{"layer":"London_LSOAs_Generalised_inc_Attributes_Rev_20220331","id":3429,"OBJECTID_12":3429,"OBJECTID":3429,"LSOA11CD":"E01003502","LSOA11NM":"Newham 030C","IUCN_2018_GRP_CD":7,"IUCN_2018_GRP_LABEL":"Passive and Uncommitted Users","Local_Authority_Name":"Newham","Paper_First":"No","HTC_digital":1,"HTC_willingness":4,"Online_share_of_returns":0.96,"Paper_share_of_returns":0.04,"Age_65_plus_number_mid2020":182,"Age_65_plus_PC_mid2020":7.9,"Age_75_plus_number_mid2020":67,"Age_75_plus_PC_mid2020":2.9,"IMD_2019_Rank":5384,"IMD_2019_Decile":2,"IDAOPI_2019_Rank":1014,"IDAOPI_2019_Decile":1,"Premises_Unable_30mbps_Ofcom":0,"Premises_below_USO":0,"Shape_Length":3282.172846060367,"Shape_Area":154629.88390428352,"in_cw":false,"whole_in_zone":false},"geometry":{"type":"MultiPolygon","coordinates":[[[[0.012365,51.520988],[0.015531,51.520708],[0.016168,51.520735],[0.016191,51.520437],[0.017575,51.520394],[0.016458,51.519972],[0.016847,51.519658],[0.017674,51.51873],[0.016892,51.517994],[0.017353,51.517296],[0.017095,51.517099],[0.01532,51.516812],[0.014798,51.516715],[0.014332,51.517223],[0.013742,51.51722],[0.013952,51.517791],[0.011881,51.516868],[0.010731,51.516952],[0.010637,51.517782],[0.010619,51.518131],[0.011117,51.518237],[0.011512,51.519016],[0.012486,51.51916],[0.012904,51.518662],[0.013621,51.518988],[0.015272,51.51761],[0.015638,51.517772],[0.015947,51.518729],[0.014539,51.519628],[0.014554,51.51997],[0.012899,51.520025],[0.012871,51.51979],[0.012189,51.519606],[0.011882,51.519615],[0.010601,51.519658],[0.010904,51.519845],[0.011416,51.520322],[0.010424,51.520567],[0.010476,51.52096],[0.010053,51.521063],[0.010037,51.52181],[0.010689,51.521802],[0.011634,51.521732],[0.012326,51.521708],[0.012365,51.520988]]]]}},
{"type":"Feature","properties":{"layer":"London_LSOAs_Generalised_inc_Attributes_Rev_20220331","id":3430,"OBJECTID_12":3430,"OBJECTID":3430,"LSOA11CD":"E01003503","LSOA11NM":"Newham 030D","IUCN_2018_GRP_CD":7,"IUCN_2018_GRP_LABEL":"Passive and Uncommitted Users","Local_Authority_Name":"Newham","Paper_First":"No","HTC_digital":2,"HTC_willingness":4,"Online_share_of_returns":0.981,"Paper_share_of_returns":0.019,"Age_65_plus_number_mid2020":200,"Age_65_plus_PC_mid2020":7.1,"Age_75_plus_number_mid2020":78,"Age_75_plus_PC_mid2020":2.8,"IMD_2019_Rank":4459,"IMD_2019_Decile":2,"IDAOPI_2019_Rank":2041,"IDAOPI_2019_Decile":1,"Premises_Unable_30mbps_Ofcom":0,"Premises_below_USO":0,"Shape_Length":3349.9778882566993,"Shape_Area":147424.63709320797,"in_cw":false,"whole_in_zone":false},"geometry":{"type":"MultiPolygon","coordinates":[[[[0.014539,51.519628],[0.015947,51.518729],[0.015638,51.517772],[0.015272,51.51761],[0.013621,51.518988],[0.012904,51.518662],[0.012486,51.51916],[0.011512,51.519016],[0.011117,51.518237],[0.010619,51.518131],[0.010637,51.517782],[0.010731,51.516952],[0.011881,51.516868],[0.013952,51.517791],[0.013742,51.51722],[0.014332,51.517223],[0.014798,51.516715],[0.013075,51.516388],[0.01225,51.516232],[0.007737,51.515373],[0.007559,51.516592],[0.006538,51.517334],[0.007981,51.517269],[0.007604,51.518929],[0.009087,51.518865],[0.009145,51.517932],[0.009316,51.517756],[0.009727,51.518157],[0.01034,51.518147],[0.009838,51.518335],[0.009932,51.519649],[0.010904,51.519845],[0.010601,51.519658],[0.011882,51.519615],[0.012189,51.519606],[0.012871,51.51979],[0.012899,51.520025],[0.014554,51.51997],[0.014539,51.519628]]]]}},
{"type":"Feature","properties":{"layer":"London_LSOAs_Generalised_inc_Attributes_Rev_20220331","id":3826,"OBJECTID_12":3826,"OBJECTID":3826,"LSOA11CD":"E01003911","LSOA11NM":"Southwark 020A","IUCN_2018_GRP_CD":4,"IUCN_2018_GRP_LABEL":"Youthful Urban Fringe","Local_Authority_Name":"Southwark","Paper_First":"No","HTC_digital":2,"HTC_willingness":4,"Online_share_of_returns":0.968,"Paper_share_of_returns":0.032,"Age_65_plus_number_mid2020":116,"Age_65_plus_PC_mid2020":6.1,"Age_75_plus_number_mid2020":54,"Age_75_plus_PC_mid2020":2.9,"IMD_2019_Rank":8105,"IMD_2019_Decile":3,"IDAOPI_2019_Rank":1597,"IDAOPI_2019_Decile":1,"Premises_Unable_30mbps_Ofcom":104,"Premises_below_USO":0,"Shape_Length":1993.6041378778207,"Shape_Area":113013.38791461446,"in_cw":false,"whole_in_zone":false},"geometry":{"type":"MultiPolygon","coordinates":[[[[-0.08481,51.47525],[-0.083901,51.474723],[-0.083063,51.474815],[-0.082284,51.474621],[-0.082482,51.474126],[-0.083286,51.47375],[-0.083169,51.473038],[-0.08357,51.473085],[-0.083496,51.472508],[-0.084354,51.472393],[-0.084689,51.472895],[-0.085143,51.472786],[-0.085258,51.472995],[-0.086382,51.473072],[-0.085089,51.471169],[-0.08572,51.470993],[-0.086151,51.471649],[-0.086883,51.471946],[-0.086805,51.472268],[-0.08757,51.472189],[-0.087761,51.472748],[-0.087228,51.472975],[-0.087156,51.47349],[-0.087788,51.473536],[-0.087775,51.473844],[-0.088344,51.473989],[-0.088526,51.474881],[-0.088651,51.475277],[-0.087994,51.475414],[-0.085111,51.475599],[-0.08481,51.47525]]]]}},
{"type":"Feature","properties":{"layer":"London_LSOAs_Generalised_inc_Attributes_Rev_20220331","id":3827,"OBJECTID_12":3827,"OBJECTID":3827,"LSOA11CD":"E01003912","LSOA11NM":"Southwark 019A","IUCN_2018_GRP_CD":7,"IUCN_2018_GRP_LABEL":"Passive and Uncommitted Users","Local_Authority_Name":"Southwark","Paper_First":"No","HTC_digital":3,"HTC_willingness":4,"Online_share_of_returns":0.9890000000000001,"Paper_share_of_returns":0.011000000000000001,"Age_65_plus_number_mid2020":103,"Age_65_plus_PC_mid2020":6.4,"Age_75_plus_number_mid2020":51,"Age_75_plus_PC_mid2020":3.2,"IMD_2019_Rank":4076,"IMD_2019_Decile":2,"IDAOPI_2019_Rank":731,"IDAOPI_2019_Decile":1,"Premises_Unable_30mbps_Ofcom":4,"Premises_below_USO":0,"Shape_Length":1354.50506822653,"Shape_Area":80017.58839808838,"in_cw":false,"whole_in_zone":true},"geometry":{"type":"MultiPolygon","coordinates":[[[[-0.080431,51.477136],[-0.079367,51.476507],[-0.078589,51.476061],[-0.078441,51.47592],[-0.077408,51.474254],[-0.078347,51.474164],[-0.078829,51.474112],[-0.079411,51.474532],[-0.082482,51.474126],[-0.082284,51.474621],[-0.083063,51.474815],[-0.083189,51.475385],[-0.08263,51.475754],[-0.082088,51.475538],[-0.082188,51.47591],[-0.081754,51.475947],[-0.081937,51.476609],[-0.08177,51.476601],[-0.080961,51.476703],[-0.081193,51.476887],[-0.080431,51.477136]]]]}},
{"type":"Feature","properties":{"layer":"London_LSOAs_Generalised_inc_Attributes_Rev_20220331","id":3828,"OBJECTID_12":3828,"OBJECTID":3828,"LSOA11CD":"E01003913","LSOA11NM":"Southwark 024A","IUCN_2018_GRP_CD":2,"IUCN_2018_GRP_LABEL":"e-Professionals","Local_Authority_Name":"Southwark","Paper_First":"No","HTC_digital":1,"HTC_willingness":4,"Online_share_of_returns":0.9670000000000001,"Paper_share_of_returns":0.033,"Age_65_plus_number_mid2020":224,"Age_65_plus_PC_mid2020":11.5,"Age_75_plus_number_mid2020":82,"Age_75_plus_PC_mid2020":4.2,"IMD_2019_Rank":15082,"IMD_2019_Decile":5,"IDAOPI_2019_Rank":10401,"IDAOPI_2019_Decile":4,"Premises_Unable_30mbps_Ofcom":37,"Premises_below_USO":0,"Shape_Length":2387.65304987688,"Shape_Area":233679.33584757452,"in_cw":false,"whole_in_zone":false},"geometry":{"type":"MultiPolygon","coordinates":[[[[-0.087761,51.472748],[-0.08757,51.472189],[-0.086805,51.472268],[-0.086883,51.471946],[-0.086599,51.471228],[-0.087054,51.471068],[-0.085641,51.469282],[-0.086492,51.4695],[-0.087166,51.46911],[-0.086994,51.468843],[-0.088117,51.468502],[-0.09112,51.467614],[-0.092276,51.46914],[-0.092891,51.470662],[-0.092995,51.471969],[-0.092998,51.472015],[-0.091161,51.472675],[-0.090015,51.473266],[-0.090451,51.474342],[-0.089603,51.474354],[-0.088905,51.474395],[-0.088932,51.474998],[-0.088526,51.474881],[-0.088344,51.473989],[-0.087775,51.473844],[-0.087788,51.473536],[-0.087156,51.47349],[-0.087228,51.472975],[-0.087761,51.472748]]]]}},
{"type":"Feature","properties":{"layer":"London_LSOAs_Generalised_inc_Attributes_Rev_20220331","id":3829,"OBJECTID_12":3829,"OBJECTID":3829,"LSOA11CD":"E01003914","LSOA11NM":"Southwark 024B","IUCN_2018_GRP_CD":2,"IUCN_2018_GRP_LABEL":"e-Professionals","Local_Authority_Name":"Southwark","Paper_First":"No","HTC_digital":1,"HTC_willingness":5,"Online_share_of_returns":0.9590000000000001,"Paper_share_of_returns":0.040999999999999995,"Age_65_plus_number_mid2020":185,"Age_65_plus_PC_mid2020":8.6,"Age_75_plus_number_mid2020":107,"Age_75_plus_PC_mid2020":5,"IMD_2019_Rank":13168,"IMD_2019_Decile":5,"IDAOPI_2019_Rank":3372,"IDAOPI_2019_Decile":2,"Premises_Unable_30mbps_Ofcom":61,"Premises_below_USO":0,"Shape_Length":1906.790159177247,"Shape_Area":146908.53894943258,"in_cw":false,"whole_in_zone":false},"geometry":{"type":"MultiPolygon","coordinates":[[[[-0.078294,51.470957],[-0.077906,51.470099],[-0.078798,51.47008],[-0.0785,51.469365],[-0.079534,51.469525],[-0.08082,51.469619],[-0.081276,51.469626],[-0.083058,51.46957],[-0.083195,51.47007],[-0.083173,51.470077],[-0.082551,51.470583],[-0.081792,51.470277],[-0.083169,51.473038],[-0.083286,51.47375],[-0.082482,51.474126],[-0.079411,51.474532],[-0.078829,51.474112],[-0.078927,51.474095],[-0.079596,51.473944],[-0.078294,51.470957]]]]}},
{"type":"Feature","properties":{"layer":"London_LSOAs_Generalised_inc_Attributes_Rev_20220331","id":3831,"OBJECTID_12":3831,"OBJECTID":3831,"LSOA11CD":"E01003916","LSOA11NM":"Southwark 020B","IUCN_2018_GRP_CD":2,"IUCN_2018_GRP_LABEL":"e-Professionals","Local_Authority_Name":"Southwark","Paper_First":"No","HTC_digital":1,"HTC_willingness":4,"Online_share_of_returns":0.9740000000000001,"Paper_share_of_returns":0.026000000000000002,"Age_65_plus_number_mid2020":191,"Age_65_plus_PC_mid2020":8.6,"Age_75_plus_number_mid2020":83,"Age_75_plus_PC_mid2020":3.7,"IMD_2019_Rank":10919,"IMD_2019_Decile":4,"IDAOPI_2019_Rank":2421,"IDAOPI_2019_Decile":1,"Premises_Unable_30mbps_Ofcom":23,"Premises_below_USO":0,"Shape_Length":2175.0049143221695,"Shape_Area":149482.6524050203,"in_cw":false,"whole_in_zone":true},"geometry":{"type":"MultiPolygon","coordinates":[[[[-0.082594,51.480514],[-0.082153,51.479894],[-0.082511,51.479415],[-0.081852,51.479437],[-0.081758,51.479294],[-0.081372,51.47868],[-0.081294,51.478553],[-0.080931,51.477963],[-0.080431,51.477136],[-0.081193,51.476887],[-0.080961,51.476703],[-0.08177,51.476601],[-0.081937,51.476609],[-0.081754,51.475947],[-0.082188,51.47591],[-0.082439,51.476648],[-0.083139,51.476532],[-0.083706,51.478083],[-0.084999,51.478247],[-0.085153,51.477262],[-0.085774,51.477156],[-0.085934,51.47776],[-0.086598,51.478141],[-0.086935,51.478424],[-0.087207,51.478699],[-0.086772,51.478934],[-0.088249,51.479934],[-0.086904,51.480851],[-0.08544,51.480437],[-0.085426,51.480907],[-0.084001,51.480837],[-0.082594,51.480514]]]]}},
{"type":"Feature","properties":{"layer":"London_LSOAs_Generalised_inc_Attributes_Rev_20220331","id":3832,"OBJECTID_12":3832,"OBJECTID":3832,"LSOA11CD":"E01003917","LSOA11NM":"Southwark 020C","IUCN_2018_GRP_CD":4,"IUCN_2018_GRP_LABEL":"Youthful Urban Fringe","Local_Authority_Name":"Southwark","Paper_First":"No","HTC_digital":1,"HTC_willingness":4,"Online_share_of_returns":0.941,"Paper_share_of_returns":0.059000000000000004,"Age_65_plus_number_mid2020":196,"Age_65_plus_PC_mid2020":10.5,"Age_75_plus_number_mid2020":86,"Age_75_plus_PC_mid2020":4.6,"IMD_2019_Rank":7948,"IMD_2019_Decile":3,"IDAOPI_2019_Rank":900,"IDAOPI_2019_Decile":1,"Premises_Unable_30mbps_Ofcom":31,"Premises_below_USO":0,"Shape_Length":1937.097822557464,"Shape_Area":111151.84537345222,"in_cw":false,"whole_in_zone":true},"geometry":{"type":"MultiPolygon","coordinates":[[[[-0.083706,51.478083],[-0.083139,51.476532],[-0.082439,51.476648],[-0.082188,51.47591],[-0.082088,51.475538],[-0.08263,51.475754],[-0.083189,51.475385],[-0.083063,51.474815],[-0.083901,51.474723],[-0.08481,51.47525],[-0.085111,51.475599],[-0.087994,51.475414],[-0.088651,51.475277],[-0.088526,51.474881],[-0.088932,51.474998],[-0.088905,51.474395],[-0.089603,51.474354],[-0.089843,51.476175],[-0.089976,51.476504],[-0.089025,51.47667],[-0.087273,51.476931],[-0.087201,51.476941],[-0.085938,51.47713],[-0.085774,51.477156],[-0.085153,51.477262],[-0.084999,51.478247],[-0.083706,51.478083]]]]}},
{"type":"Feature","properties":{"layer":"London_LSOAs_Generalised_inc_Attributes_Rev_20220331","id":3833,"OBJECTID_12":3833,"OBJECTID":3833,"LSOA11CD":"E01003918","LSOA11NM":"Southwark 020D","IUCN_2018_GRP_CD":7,"IUCN_2018_GRP_LABEL":"Passive and Uncommitted Users","Local_Authority_Name":"Southwark","Paper_First":"No","HTC_digital":4,"HTC_willingness":4,"Online_share_of_returns":0.93,"Paper_share_of_returns":0.07,"Age_65_plus_number_mid2020":190,"Age_65_plus_PC_mid2020":13.3,"Age_75_plus_number_mid2020":83,"Age_75_plus_PC_mid2020":5.8,"IMD_2019_Rank":6042,"IMD_2019_Decile":2,"IDAOPI_2019_Rank":1294,"IDAOPI_2019_Decile":1,"Premises_Unable_30mbps_Ofcom":19,"Premises_below_USO":0,"Shape_Length":2078.3300869567356,"Shape_Area":87570.017928673,"in_cw":false,"whole_in_zone":true},"geometry":{"type":"MultiPolygon","coordinates":[[[[-0.085934,51.47776],[-0.085774,51.477156],[-0.085938,51.47713],[-0.087201,51.476941],[-0.087273,51.476931],[-0.089025,51.47667],[-0.089976,51.476504],[-0.089843,51.476175],[-0.089603,51.474354],[-0.090451,51.474342],[-0.090487,51.474812],[-0.091176,51.474658],[-0.091504,51.474508],[-0.091707,51.474872],[-0.091141,51.475123],[-0.090319,51.475331],[-0.090401,51.475773],[-0.092298,51.475525],[-0.093107,51.476095],[-0.092736,51.47645],[-0.092207,51.477016],[-0.091089,51.476888],[-0.090713,51.477222],[-0.09129,51.477265],[-0.091389,51.477941],[-0.091046,51.477967],[-0.090578,51.478003],[-0.090535,51.477745],[-0.089575,51.477972],[-0.088157,51.477742],[-0.087757,51.478401],[-0.086935,51.478424],[-0.086598,51.478141],[-0.085934,51.47776]]]]}},
{"type":"Feature","properties":{"layer":"London_LSOAs_Generalised_inc_Attributes_Rev_20220331","id":3834,"OBJECTID_12":3834,"OBJECTID":3834,"LSOA11CD":"E01003919","LSOA11NM":"Southwark 021A","IUCN_2018_GRP_CD":3,"IUCN_2018_GRP_LABEL":"e-Veterans","Local_Authority_Name":"Southwark","Paper_First":"No","HTC_digital":1,"HTC_willingness":4,"Online_share_of_returns":0.966,"Paper_share_of_returns":0.034,"Age_65_plus_number_mid2020":169,"Age_65_plus_PC_mid2020":9.2,"Age_75_plus_number_mid2020":74,"Age_75_plus_PC_mid2020":4,"IMD_2019_Rank":11638,"IMD_2019_Decile":4,"IDAOPI_2019_Rank":5055,"IDAOPI_2019_Decile":2,"Premises_Unable_30mbps_Ofcom":77,"Premises_below_USO":0,"Shape_Length":2854.3059775124107,"Shape_Area":146927.37703082437,"in_cw":false,"whole_in_zone":false},"geometry":{"type":"MultiPolygon","coordinates":[[[[-0.098488,51.479989],[-0.098131,51.478911],[-0.098006,51.478541],[-0.098857,51.477898],[-0.09864,51.477587],[-0.098992,51.477465],[-0.09949,51.477223],[-0.098709,51.477232],[-0.098963,51.476855],[-0.098,51.47641],[-0.097738,51.476657],[-0.097373,51.476507],[-0.096262,51.47648],[-0.096295,51.476031],[-0.095975,51.476053],[-0.095404,51.476076],[-0.094366,51.47495],[-0.092917,51.474141],[-0.09604,51.475235],[-0.096225,51.475012],[-0.097706,51.473385],[-0.099299,51.472481],[-0.099352,51.472623],[-0.100499,51.474161],[-0.100413,51.475684],[-0.100409,51.475712],[-0.099967,51.476877],[-0.101476,51.477523],[-0.101123,51.477674],[-0.101382,51.477936],[-0.099404,51.478296],[-0.098714,51.478462],[-0.098781,51.478931],[-0.099345,51.478877],[-0.099465,51.47924],[-0.098908,51.479758],[-0.098488,51.479989]]]]}},
{"type":"Feature","properties":{"layer":"London_LSOAs_Generalised_inc_Attributes_Rev_20220331","id":3835,"OBJECTID_12":3835,"OBJECTID":3835,"LSOA11CD":"E01003920","LSOA11NM":"Southwark 021B","IUCN_2018_GRP_CD":7,"IUCN_2018_GRP_LABEL":"Passive and Uncommitted Users","Local_Authority_Name":"Southwark","Paper_First":"No","HTC_digital":2,"HTC_willingness":4,"Online_share_of_returns":0.946,"Paper_share_of_returns":0.054000000000000006,"Age_65_plus_number_mid2020":168,"Age_65_plus_PC_mid2020":8.8,"Age_75_plus_number_mid2020":61,"Age_75_plus_PC_mid2020":3.2,"IMD_2019_Rank":6969,"IMD_2019_Decile":3,"IDAOPI_2019_Rank":279,"IDAOPI_2019_Decile":1,"Premises_Unable_30mbps_Ofcom":47,"Premises_below_USO":0,"Shape_Length":2140.933761339902,"Shape_Area":86837.71464198045,"in_cw":false,"whole_in_zone":false},"geometry":{"type":"MultiPolygon","coordinates":[[[[-0.092996,51.478903],[-0.09295,51.478117],[-0.091944,51.478145],[-0.091887,51.477902],[-0.091389,51.477941],[-0.09129,51.477265],[-0.090713,51.477222],[-0.091089,51.476888],[-0.092207,51.477016],[-0.092736,51.47645],[-0.093324,51.476529],[-0.09329,51.477295],[-0.094344,51.477375],[-0.095709,51.476959],[-0.095975,51.476053],[-0.096295,51.476031],[-0.096262,51.47648],[-0.097373,51.476507],[-0.097738,51.476657],[-0.098,51.47641],[-0.098963,51.476855],[-0.098709,51.477232],[-0.09949,51.477223],[-0.098992,51.477465],[-0.09864,51.477587],[-0.097569,51.477582],[-0.096535,51.478096],[-0.096543,51.478706],[-0.09582,51.478799],[-0.09479,51.478923],[-0.094688,51.478668],[-0.095377,51.478467],[-0.094286,51.477985],[-0.094125,51.479001],[-0.093561,51.47909],[-0.092996,51.478903]]]]}},
{"type":"Feature","properties":{"layer":"London_LSOAs_Generalised_inc_Attributes_Rev_20220331","id":3836,"OBJECTID_12":3836,"OBJECTID":3836,"LSOA11CD":"E01003921","LSOA11NM":"Southwark 021C","IUCN_2018_GRP_CD":7,"IUCN_2018_GRP_LABEL":"Passive and Uncommitted Users","Local_Authority_Name":"Southwark","Paper_First":"No","HTC_digital":2,"HTC_willingness":4,"Online_share_of_returns":0.972,"Paper_share_of_returns":0.027999999999999997,"Age_65_plus_number_mid2020":136,"Age_65_plus_PC_mid2020":7.2,"Age_75_plus_number_mid2020":21,"Age_75_plus_PC_mid2020":1.1,"IMD_2019_Rank":4355,"IMD_2019_Decile":2,"IDAOPI_2019_Rank":2530,"IDAOPI_2019_Decile":1,"Premises_Unable_30mbps_Ofcom":136,"Premises_below_USO":0,"Shape_Length":2488.252090226669,"Shape_Area":125569.04643827223,"in_cw":false,"whole_in_zone":false},"geometry":{"type":"MultiPolygon","coordinates":[[[[-0.093107,51.476095],[-0.092298,51.475525],[-0.090401,51.475773],[-0.090319,51.475331],[-0.091141,51.475123],[-0.091707,51.474872],[-0.091504,51.474508],[-0.091176,51.474658],[-0.090487,51.474812],[-0.090451,51.474342],[-0.090015,51.473266],[-0.091161,51.472675],[-0.093143,51.472868],[-0.09313,51.473526],[-0.093926,51.473374],[-0.094677,51.473018],[-0.095339,51.473683],[-0.09488,51.473953],[-0.094932,51.474248],[-0.095491,51.474093],[-0.096225,51.475012],[-0.09604,51.475235],[-0.092917,51.474141],[-0.094366,51.47495],[-0.095404,51.476076],[-0.095975,51.476053],[-0.095709,51.476959],[-0.094344,51.477375],[-0.09329,51.477295],[-0.093324,51.476529],[-0.092736,51.47645],[-0.093107,51.476095]]]]}},
{"type":"Feature","properties":{"layer":"London_LSOAs_Generalised_inc_Attributes_Rev_20220331","id":3837,"OBJECTID_12":3837,"OBJECTID":3837,"LSOA11CD":"E01003922","LSOA11NM":"Southwark 021D","IUCN_2018_GRP_CD":4,"IUCN_2018_GRP_LABEL":"Youthful Urban Fringe","Local_Authority_Name":"Southwark","Paper_First":"No","HTC_digital":1,"HTC_willingness":4,"Online_share_of_returns":0.9590000000000001,"Paper_share_of_returns":0.040999999999999995,"Age_65_plus_number_mid2020":169,"Age_65_plus_PC_mid2020":7.8,"Age_75_plus_number_mid2020":70,"Age_75_plus_PC_mid2020":3.2,"IMD_2019_Rank":7717,"IMD_2019_Decile":3,"IDAOPI_2019_Rank":1119,"IDAOPI_2019_Decile":1,"Premises_Unable_30mbps_Ofcom":0,"Premises_below_USO":0,"Shape_Length":1860.0848078850108,"Shape_Area":134099.89846409086,"in_cw":false,"whole_in_zone":false},"geometry":{"type":"MultiPolygon","coordinates":[[[[-0.096225,51.475012],[-0.095491,51.474093],[-0.094932,51.474248],[-0.09488,51.473953],[-0.095339,51.473683],[-0.094677,51.473018],[-0.093926,51.473374],[-0.09313,51.473526],[-0.093143,51.472868],[-0.091161,51.472675],[-0.092998,51.472015],[-0.093599,51.471768],[-0.093889,51.471104],[-0.094074,51.470748],[-0.096007,51.469906],[-0.096955,51.470582],[-0.099299,51.472481],[-0.097706,51.473385],[-0.096225,51.475012]]]]}},
{"type":"Feature","properties":{"layer":"London_LSOAs_Generalised_inc_Attributes_Rev_20220331","id":3838,"OBJECTID_12":3838,"OBJECTID":3838,"LSOA11CD":"E01003923","LSOA11NM":"Southwark 017A","IUCN_2018_GRP_CD":3,"IUCN_2018_GRP_LABEL":"e-Veterans","Local_Authority_Name":"Southwark","Paper_First":"No","HTC_digital":1,"HTC_willingness":5,"Online_share_of_returns":0.955,"Paper_share_of_returns":0.045,"Age_65_plus_number_mid2020":141,"Age_65_plus_PC_mid2020":8,"Age_75_plus_number_mid2020":60,"Age_75_plus_PC_mid2020":3.4,"IMD_2019_Rank":9783,"IMD_2019_Decile":3,"IDAOPI_2019_Rank":1785,"IDAOPI_2019_Decile":1,"Premises_Unable_30mbps_Ofcom":115,"Premises_below_USO":0,"Shape_Length":1527.8148260990822,"Shape_Area":119714.073650021,"in_cw":false,"whole_in_zone":false},"geometry":{"type":"MultiPolygon","coordinates":[[[[-0.094363,51.480882],[-0.095538,51.480712],[-0.09655,51.480512],[-0.096941,51.480758],[-0.097234,51.480533],[-0.098519,51.480632],[-0.100077,51.480315],[-0.100991,51.480495],[-0.10193,51.480987],[-0.100851,51.481489],[-0.098519,51.482621],[-0.095802,51.483705],[-0.095668,51.483754],[-0.094704,51.4837],[-0.0942,51.483638],[-0.094465,51.482315],[-0.094363,51.480882]]]]}},
{"type":"Feature","properties":{"layer":"London_LSOAs_Generalised_inc_Attributes_Rev_20220331","id":3839,"OBJECTID_12":3839,"OBJECTID":3839,"LSOA11CD":"E01003924","LSOA11NM":"Southwark 021E","IUCN_2018_GRP_CD":7,"IUCN_2018_GRP_LABEL":"Passive and Uncommitted Users","Local_Authority_Name":"Southwark","Paper_First":"No","HTC_digital":3,"HTC_willingness":4,"Online_share_of_returns":0.946,"Paper_share_of_returns":0.054000000000000006,"Age_65_plus_number_mid2020":160,"Age_65_plus_PC_mid2020":8,"Age_75_plus_number_mid2020":68,"Age_75_plus_PC_mid2020":3.4,"IMD_2019_Rank":7459,"IMD_2019_Decile":3,"IDAOPI_2019_Rank":1239,"IDAOPI_2019_Decile":1,"Premises_Unable_30mbps_Ofcom":1,"Premises_below_USO":0,"Shape_Length":1543.3199487570741,"Shape_Area":78880.82898559487,"in_cw":false,"whole_in_zone":false},"geometry":{"type":"MultiPolygon","coordinates":[[[[-0.094363,51.480882],[-0.094125,51.479001],[-0.094286,51.477985],[-0.095377,51.478467],[-0.094688,51.478668],[-0.09479,51.478923],[-0.09582,51.478799],[-0.096543,51.478706],[-0.096535,51.478096],[-0.097569,51.477582],[-0.09864,51.477587],[-0.098857,51.477898],[-0.098006,51.478541],[-0.098131,51.478911],[-0.098488,51.479989],[-0.098386,51.480287],[-0.098519,51.480632],[-0.097234,51.480533],[-0.096941,51.480758],[-0.09655,51.480512],[-0.095538,51.480712],[-0.094363,51.480882]]]]}},
{"type":"Feature","properties":{"layer":"London_LSOAs_Generalised_inc_Attributes_Rev_20220331","id":3840,"OBJECTID_12":3840,"OBJECTID":3840,"LSOA11CD":"E01003925","LSOA11NM":"Southwark 020E","IUCN_2018_GRP_CD":7,"IUCN_2018_GRP_LABEL":"Passive and Uncommitted Users","Local_Authority_Name":"Southwark","Paper_First":"No","HTC_digital":1,"HTC_willingness":4,"Online_share_of_returns":0.958,"Paper_share_of_returns":0.042,"Age_65_plus_number_mid2020":167,"Age_65_plus_PC_mid2020":8.6,"Age_75_plus_number_mid2020":74,"Age_75_plus_PC_mid2020":3.8,"IMD_2019_Rank":6790,"IMD_2019_Decile":3,"IDAOPI_2019_Rank":3177,"IDAOPI_2019_Decile":1,"Premises_Unable_30mbps_Ofcom":65,"Premises_below_USO":0,"Shape_Length":1315.2596803765023,"Shape_Area":87768.13281182594,"in_cw":false,"whole_in_zone":true},"geometry":{"type":"MultiPolygon","coordinates":[[[[-0.087757,51.478401],[-0.088157,51.477742],[-0.089575,51.477972],[-0.090535,51.477745],[-0.090578,51.478003],[-0.091046,51.477967],[-0.091389,51.477941],[-0.091887,51.477902],[-0.091944,51.478145],[-0.09295,51.478117],[-0.092996,51.478903],[-0.093561,51.47909],[-0.092465,51.479467],[-0.092085,51.479605],[-0.090767,51.480222],[-0.090305,51.480475],[-0.088639,51.480037],[-0.088249,51.479934],[-0.086772,51.478934],[-0.087207,51.478699],[-0.086935,51.478424],[-0.087757,51.478401]]]]}},
{"type":"Feature","properties":{"layer":"London_LSOAs_Generalised_inc_Attributes_Rev_20220331","id":3843,"OBJECTID_12":3843,"OBJECTID":3843,"LSOA11CD":"E01003929","LSOA11NM":"Southwark 002B","IUCN_2018_GRP_CD":2,"IUCN_2018_GRP_LABEL":"e-Professionals","Local_Authority_Name":"Southwark","Paper_First":"No","HTC_digital":1,"HTC_willingness":4,"Online_share_of_returns":0.9740000000000001,"Paper_share_of_returns":0.026000000000000002,"Age_65_plus_number_mid2020":150,"Age_65_plus_PC_mid2020":6.1,"Age_75_plus_number_mid2020":73,"Age_75_plus_PC_mid2020":3,"IMD_2019_Rank":12077,"IMD_2019_Decile":4,"IDAOPI_2019_Rank":5560,"IDAOPI_2019_Decile":2,"Premises_Unable_30mbps_Ofcom":459,"Premises_below_USO":0,"Shape_Length":3734.6349060649545,"Shape_Area":235356.15350963053,"in_cw":false,"whole_in_zone":false},"geometry":{"type":"MultiPolygon","coordinates":[[[[-0.090346,51.507044],[-0.090386,51.506623],[-0.090135,51.507022],[-0.088026,51.506828],[-0.08839,51.506093],[-0.089437,51.505188],[-0.09131,51.503688],[-0.09226,51.502499],[-0.093158,51.501313],[-0.093181,51.501289],[-0.09422,51.500556],[-0.095042,51.500188],[-0.095109,51.500159],[-0.096165,51.500926],[-0.097065,51.500989],[-0.097077,51.501511],[-0.096635,51.501414],[-0.0957,51.502436],[-0.096158,51.502854],[-0.096801,51.503173],[-0.09741,51.503835],[-0.096561,51.503868],[-0.097185,51.505146],[-0.096798,51.505083],[-0.096992,51.505697],[-0.095482,51.505445],[-0.094779,51.50483],[-0.095645,51.504932],[-0.095696,51.504231],[-0.094571,51.503916],[-0.093959,51.50477],[-0.092996,51.504709],[-0.092807,51.504967],[-0.093362,51.505156],[-0.092139,51.50531],[-0.09198,51.505587],[-0.092397,51.506742],[-0.094134,51.50697],[-0.093881,51.506273],[-0.094931,51.506565],[-0.095148,51.506601],[-0.094959,51.507284],[-0.094594,51.508013],[-0.090346,51.507044]]]]}},
{"type":"Feature","properties":{"layer":"London_LSOAs_Generalised_inc_Attributes_Rev_20220331","id":3848,"OBJECTID_12":3848,"OBJECTID":3848,"LSOA11CD":"E01003935","LSOA11NM":"Southwark 002D","IUCN_2018_GRP_CD":2,"IUCN_2018_GRP_LABEL":"e-Professionals","Local_Authority_Name":"Southwark","Paper_First":"No","HTC_digital":1,"HTC_willingness":4,"Online_share_of_returns":0.9570000000000001,"Paper_share_of_returns":0.043,"Age_65_plus_number_mid2020":103,"Age_65_plus_PC_mid2020":7.7,"Age_75_plus_number_mid2020":40,"Age_75_plus_PC_mid2020":3,"IMD_2019_Rank":13553,"IMD_2019_Decile":5,"IDAOPI_2019_Rank":333,"IDAOPI_2019_Decile":1,"Premises_Unable_30mbps_Ofcom":206,"Premises_below_USO":0,"Shape_Length":2367.7816621216566,"Shape_Area":140093.15036662392,"in_cw":false,"whole_in_zone":false},"geometry":{"type":"MultiPolygon","coordinates":[[[[-0.095148,51.506601],[-0.094931,51.506565],[-0.093881,51.506273],[-0.094134,51.50697],[-0.092397,51.506742],[-0.09198,51.505587],[-0.092139,51.50531],[-0.093362,51.505156],[-0.092807,51.504967],[-0.092996,51.504709],[-0.093959,51.50477],[-0.094571,51.503916],[-0.095696,51.504231],[-0.095645,51.504932],[-0.094779,51.50483],[-0.095482,51.505445],[-0.096992,51.505697],[-0.096798,51.505083],[-0.097185,51.505146],[-0.09767,51.506139],[-0.097677,51.506152],[-0.099261,51.506169],[-0.099255,51.506663],[-0.100033,51.506603],[-0.099407,51.507492],[-0.099383,51.508474],[-0.095518,51.508321],[-0.094594,51.508013],[-0.094959,51.507284],[-0.095148,51.506601]]]]}},
{"type":"Feature","properties":{"layer":"London_LSOAs_Generalised_inc_Attributes_Rev_20220331","id":3849,"OBJECTID_12":3849,"OBJECTID":3849,"LSOA11CD":"E01003936","LSOA11NM":"Southwark 009A","IUCN_2018_GRP_CD":2,"IUCN_2018_GRP_LABEL":"e-Professionals","Local_Authority_Name":"Southwark","Paper_First":"No","HTC_digital":1,"HTC_willingness":5,"Online_share_of_returns":0.9890000000000001,"Paper_share_of_returns":0.011000000000000001,"Age_65_plus_number_mid2020":78,"Age_65_plus_PC_mid2020":2.2,"Age_75_plus_number_mid2020":45,"Age_75_plus_PC_mid2020":1.3,"IMD_2019_Rank":19694,"IMD_2019_Decile":6,"IDAOPI_2019_Rank":10126,"IDAOPI_2019_Decile":4,"Premises_Unable_30mbps_Ofcom":225,"Premises_below_USO":0,"Shape_Length":1540.740484469502,"Shape_Area":96259.72721924579,"in_cw":false,"whole_in_zone":false},"geometry":{"type":"MultiPolygon","coordinates":[[[[-0.092014,51.499087],[-0.090654,51.498368],[-0.089849,51.498633],[-0.089313,51.498133],[-0.088765,51.497624],[-0.089451,51.497105],[-0.090319,51.496984],[-0.090948,51.496474],[-0.091797,51.496947],[-0.092073,51.497147],[-0.093384,51.496451],[-0.09432,51.49715],[-0.094434,51.497237],[-0.093674,51.497667],[-0.095011,51.498385],[-0.094256,51.499331],[-0.094386,51.499372],[-0.092585,51.500413],[-0.091639,51.499246],[-0.092014,51.499087]]]]}},
{"type":"Feature","properties":{"layer":"London_LSOAs_Generalised_inc_Attributes_Rev_20220331","id":3850,"OBJECTID_12":3850,"OBJECTID":3850,"LSOA11CD":"E01003937","LSOA11NM":"Southwark 009B","IUCN_2018_GRP_CD":2,"IUCN_2018_GRP_LABEL":"e-Professionals","Local_Authority_Name":"Southwark","Paper_First":"No","HTC_digital":1,"HTC_willingness":4,"Online_share_of_returns":0.982,"Paper_share_of_returns":0.018000000000000002,"Age_65_plus_number_mid2020":86,"Age_65_plus_PC_mid2020":5.8,"Age_75_plus_number_mid2020":40,"Age_75_plus_PC_mid2020":2.7,"IMD_2019_Rank":11190,"IMD_2019_Decile":4,"IDAOPI_2019_Rank":8861,"IDAOPI_2019_Decile":3,"Premises_Unable_30mbps_Ofcom":4,"Premises_below_USO":0,"Shape_Length":1690.3780456594836,"Shape_Area":91663.38844735935,"in_cw":false,"whole_in_zone":false},"geometry":{"type":"MultiPolygon","coordinates":[[[[-0.09432,51.49715],[-0.094898,51.496663],[-0.096548,51.496628],[-0.096889,51.496843],[-0.098207,51.49708],[-0.098934,51.496379],[-0.09854,51.49626],[-0.098326,51.496161],[-0.09837,51.495634],[-0.098406,51.495634],[-0.100042,51.49564],[-0.099937,51.496157],[-0.099716,51.49658],[-0.09966,51.49668],[-0.096934,51.499117],[-0.096544,51.499347],[-0.095601,51.499905],[-0.095109,51.500159],[-0.095042,51.500188],[-0.094386,51.499372],[-0.094256,51.499331],[-0.095011,51.498385],[-0.093674,51.497667],[-0.094434,51.497237],[-0.09432,51.49715]]]]}},
{"type":"Feature","properties":{"layer":"London_LSOAs_Generalised_inc_Attributes_Rev_20220331","id":3851,"OBJECTID_12":3851,"OBJECTID":3851,"LSOA11CD":"E01003938","LSOA11NM":"Southwark 006A","IUCN_2018_GRP_CD":3,"IUCN_2018_GRP_LABEL":"e-Veterans","Local_Authority_Name":"Southwark","Paper_First":"No","HTC_digital":2,"HTC_willingness":4,"Online_share_of_returns":0.9590000000000001,"Paper_share_of_returns":0.040999999999999995,"Age_65_plus_number_mid2020":112,"Age_65_plus_PC_mid2020":7.4,"Age_75_plus_number_mid2020":37,"Age_75_plus_PC_mid2020":2.5,"IMD_2019_Rank":7465,"IMD_2019_Decile":3,"IDAOPI_2019_Rank":1342,"IDAOPI_2019_Decile":1,"Premises_Unable_30mbps_Ofcom":23,"Premises_below_USO":0,"Shape_Length":1360.6779232127772,"Shape_Area":77683.73776229216,"in_cw":false,"whole_in_zone":true},"geometry":{"type":"MultiPolygon","coordinates":[[[[-0.088364,51.497594],[-0.088596,51.497465],[-0.088765,51.497624],[-0.089313,51.498133],[-0.089849,51.498633],[-0.090305,51.499054],[-0.090876,51.499576],[-0.091087,51.499858],[-0.091258,51.500108],[-0.090424,51.500463],[-0.089987,51.500926],[-0.090671,51.501029],[-0.090655,51.501757],[-0.089848,51.501762],[-0.089085,51.501022],[-0.089243,51.500727],[-0.088772,51.500552],[-0.087322,51.49995],[-0.087163,51.49988],[-0.086019,51.49934],[-0.086851,51.498995],[-0.086763,51.498624],[-0.088364,51.497594]]]]}},
{"type":"Feature","properties":{"layer":"London_LSOAs_Generalised_inc_Attributes_Rev_20220331","id":3852,"OBJECTID_12":3852,"OBJECTID":3852,"LSOA11CD":"E01003939","LSOA11NM":"Southwark 002E","IUCN_2018_GRP_CD":2,"IUCN_2018_GRP_LABEL":"e-Professionals","Local_Authority_Name":"Southwark","Paper_First":"No","HTC_digital":1,"HTC_willingness":4,"Online_share_of_returns":0.9790000000000001,"Paper_share_of_returns":0.021,"Age_65_plus_number_mid2020":83,"Age_65_plus_PC_mid2020":4.2,"Age_75_plus_number_mid2020":40,"Age_75_plus_PC_mid2020":2,"IMD_2019_Rank":13960,"IMD_2019_Decile":5,"IDAOPI_2019_Rank":5456,"IDAOPI_2019_Decile":2,"Premises_Unable_30mbps_Ofcom":166,"Premises_below_USO":0,"Shape_Length":2514.7496185594014,"Shape_Area":152525.2907897043,"in_cw":false,"whole_in_zone":false},"geometry":{"type":"MultiPolygon","coordinates":[[[[-0.088065,51.502211],[-0.088985,51.501246],[-0.089085,51.501022],[-0.089848,51.501762],[-0.090655,51.501757],[-0.090671,51.501029],[-0.089987,51.500926],[-0.090424,51.500463],[-0.091258,51.500108],[-0.091087,51.499858],[-0.090876,51.499576],[-0.090305,51.499054],[-0.089849,51.498633],[-0.090654,51.498368],[-0.092014,51.499087],[-0.091639,51.499246],[-0.092585,51.500413],[-0.094386,51.499372],[-0.095042,51.500188],[-0.09422,51.500556],[-0.093181,51.501289],[-0.093158,51.501313],[-0.09226,51.502499],[-0.09131,51.503688],[-0.089437,51.505188],[-0.087132,51.504271],[-0.088119,51.503049],[-0.088065,51.502211]]]]}},
{"type":"Feature","properties":{"layer":"London_LSOAs_Generalised_inc_Attributes_Rev_20220331","id":3853,"OBJECTID_12":3853,"OBJECTID":3853,"LSOA11CD":"E01003940","LSOA11NM":"Southwark 006B","IUCN_2018_GRP_CD":4,"IUCN_2018_GRP_LABEL":"Youthful Urban Fringe","Local_Authority_Name":"Southwark","Paper_First":"No","HTC_digital":2,"HTC_willingness":4,"Online_share_of_returns":0.9390000000000001,"Paper_share_of_returns":0.061,"Age_65_plus_number_mid2020":136,"Age_65_plus_PC_mid2020":9.9,"Age_75_plus_number_mid2020":48,"Age_75_plus_PC_mid2020":3.5,"IMD_2019_Rank":6510,"IMD_2019_Decile":2,"IDAOPI_2019_Rank":1061,"IDAOPI_2019_Decile":1,"Premises_Unable_30mbps_Ofcom":0,"Premises_below_USO":0,"Shape_Length":1168.6980833111438,"Shape_Area":54390.55949871961,"in_cw":false,"whole_in_zone":true},"geometry":{"type":"MultiPolygon","coordinates":[[[[-0.085249,51.497371],[-0.084777,51.497029],[-0.084846,51.496655],[-0.085453,51.496885],[-0.086143,51.496632],[-0.086025,51.497068],[-0.08646,51.497079],[-0.086416,51.496556],[-0.086887,51.496389],[-0.087351,51.496253],[-0.087767,51.496695],[-0.087784,51.49671],[-0.088596,51.497465],[-0.088364,51.497594],[-0.086763,51.498624],[-0.086851,51.498995],[-0.086019,51.49934],[-0.085772,51.499229],[-0.084682,51.498744],[-0.084902,51.498435],[-0.084341,51.498068],[-0.085249,51.497371]]]]}},
{"type":"Feature","properties":{"layer":"London_LSOAs_Generalised_inc_Attributes_Rev_20220331","id":3854,"OBJECTID_12":3854,"OBJECTID":3854,"LSOA11CD":"E01003941","LSOA11NM":"Southwark 006C","IUCN_2018_GRP_CD":2,"IUCN_2018_GRP_LABEL":"e-Professionals","Local_Authority_Name":"Southwark","Paper_First":"No","HTC_digital":1,"HTC_willingness":4,"Online_share_of_returns":0.9570000000000001,"Paper_share_of_returns":0.043,"Age_65_plus_number_mid2020":138,"Age_65_plus_PC_mid2020":6.5,"Age_75_plus_number_mid2020":60,"Age_75_plus_PC_mid2020":2.8,"IMD_2019_Rank":15923,"IMD_2019_Decile":5,"IDAOPI_2019_Rank":4682,"IDAOPI_2019_Decile":2,"Premises_Unable_30mbps_Ofcom":38,"Premises_below_USO":0,"Shape_Length":1650.4188932183783,"Shape_Area":96032.61276679333,"in_cw":false,"whole_in_zone":true},"geometry":{"type":"MultiPolygon","coordinates":[[[[-0.084281,51.495008],[-0.085283,51.493956],[-0.086355,51.494174],[-0.086412,51.49518],[-0.086514,51.495377],[-0.085649,51.495589],[-0.085597,51.496427],[-0.085046,51.496561],[-0.084846,51.496655],[-0.084777,51.497029],[-0.085249,51.497371],[-0.084341,51.498068],[-0.084902,51.498435],[-0.084682,51.498744],[-0.084436,51.498647],[-0.082901,51.498179],[-0.082347,51.498101],[-0.081389,51.497943],[-0.079775,51.497722],[-0.079789,51.497704],[-0.080699,51.497195],[-0.081173,51.49699],[-0.081817,51.496712],[-0.084281,51.495008]]]]}},
{"type":"Feature","properties":{"layer":"London_LSOAs_Generalised_inc_Attributes_Rev_20220331","id":3855,"OBJECTID_12":3855,"OBJECTID":3855,"LSOA11CD":"E01003942","LSOA11NM":"Southwark 006D","IUCN_2018_GRP_CD":4,"IUCN_2018_GRP_LABEL":"Youthful Urban Fringe","Local_Authority_Name":"Southwark","Paper_First":"No","HTC_digital":2,"HTC_willingness":4,"Online_share_of_returns":0.968,"Paper_share_of_returns":0.032,"Age_65_plus_number_mid2020":144,"Age_65_plus_PC_mid2020":9.2,"Age_75_plus_number_mid2020":68,"Age_75_plus_PC_mid2020":4.4,"IMD_2019_Rank":7382,"IMD_2019_Decile":3,"IDAOPI_2019_Rank":3273,"IDAOPI_2019_Decile":1,"Premises_Unable_30mbps_Ofcom":9,"Premises_below_USO":0,"Shape_Length":1897.2554999046658,"Shape_Area":119252.91142146097,"in_cw":false,"whole_in_zone":true},"geometry":{"type":"MultiPolygon","coordinates":[[[[-0.087767,51.496695],[-0.087351,51.496253],[-0.086887,51.496389],[-0.086416,51.496556],[-0.08646,51.497079],[-0.086025,51.497068],[-0.086143,51.496632],[-0.085453,51.496885],[-0.084846,51.496655],[-0.085046,51.496561],[-0.085597,51.496427],[-0.085649,51.495589],[-0.086514,51.495377],[-0.086412,51.49518],[-0.086355,51.494174],[-0.088933,51.494213],[-0.090305,51.494196],[-0.090572,51.495332],[-0.092638,51.495345],[-0.093016,51.496156],[-0.091797,51.496947],[-0.090948,51.496474],[-0.090319,51.496984],[-0.089451,51.497105],[-0.088765,51.497624],[-0.088596,51.497465],[-0.087784,51.49671],[-0.087767,51.496695]]]]}},
{"type":"Feature","properties":{"layer":"London_LSOAs_Generalised_inc_Attributes_Rev_20220331","id":3856,"OBJECTID_12":3856,"OBJECTID":3856,"LSOA11CD":"E01003943","LSOA11NM":"Southwark 009C","IUCN_2018_GRP_CD":4,"IUCN_2018_GRP_LABEL":"Youthful Urban Fringe","Local_Authority_Name":"Southwark","Paper_First":"No","HTC_digital":3,"HTC_willingness":4,"Online_share_of_returns":0.9440000000000001,"Paper_share_of_returns":0.055999999999999994,"Age_65_plus_number_mid2020":96,"Age_65_plus_PC_mid2020":8.5,"Age_75_plus_number_mid2020":46,"Age_75_plus_PC_mid2020":4.1,"IMD_2019_Rank":4225,"IMD_2019_Decile":2,"IDAOPI_2019_Rank":875,"IDAOPI_2019_Decile":1,"Premises_Unable_30mbps_Ofcom":2,"Premises_below_USO":0,"Shape_Length":1466.8903668255343,"Shape_Area":63957.92771850903,"in_cw":false,"whole_in_zone":false},"geometry":{"type":"MultiPolygon","coordinates":[[[[-0.091797,51.496947],[-0.093016,51.496156],[-0.093467,51.49601],[-0.093821,51.496215],[-0.094613,51.495679],[-0.093821,51.495438],[-0.094199,51.495155],[-0.094968,51.494742],[-0.095255,51.494935],[-0.095862,51.494973],[-0.09837,51.495634],[-0.098326,51.496161],[-0.09854,51.49626],[-0.098934,51.496379],[-0.098207,51.49708],[-0.096889,51.496843],[-0.096548,51.496628],[-0.094898,51.496663],[-0.09432,51.49715],[-0.093384,51.496451],[-0.092073,51.497147],[-0.091797,51.496947]]]]}},
{"type":"Feature","properties":{"layer":"London_LSOAs_Generalised_inc_Attributes_Rev_20220331","id":3871,"OBJECTID_12":3871,"OBJECTID":3871,"LSOA11CD":"E01003960","LSOA11NM":"Southwark 012A","IUCN_2018_GRP_CD":2,"IUCN_2018_GRP_LABEL":"e-Professionals","Local_Authority_Name":"Southwark","Paper_First":"No","HTC_digital":1,"HTC_willingness":4,"Online_share_of_returns":0.96,"Paper_share_of_returns":0.04,"Age_65_plus_number_mid2020":149,"Age_65_plus_PC_mid2020":7.4,"Age_75_plus_number_mid2020":61,"Age_75_plus_PC_mid2020":3,"IMD_2019_Rank":9373,"IMD_2019_Decile":3,"IDAOPI_2019_Rank":3073,"IDAOPI_2019_Decile":1,"Premises_Unable_30mbps_Ofcom":52,"Premises_below_USO":0,"Shape_Length":1997.0990206480221,"Shape_Area":124630.32753092502,"in_cw":false,"whole_in_zone":true},"geometry":{"type":"MultiPolygon","coordinates":[[[[-0.085283,51.493956],[-0.083946,51.492989],[-0.083544,51.492676],[-0.082533,51.491889],[-0.083496,51.491417],[-0.085069,51.492368],[-0.084781,51.492543],[-0.085299,51.492733],[-0.08625,51.492396],[-0.087151,51.491862],[-0.087566,51.492273],[-0.088152,51.49204],[-0.087672,51.491602],[-0.089,51.491227],[-0.089628,51.492059],[-0.090726,51.491792],[-0.090988,51.492068],[-0.091247,51.492443],[-0.091313,51.492497],[-0.091185,51.492764],[-0.091012,51.493694],[-0.091699,51.49369],[-0.091807,51.494171],[-0.090305,51.494196],[-0.088933,51.494213],[-0.086355,51.494174],[-0.085283,51.493956]]]]}},
{"type":"Feature","properties":{"layer":"London_LSOAs_Generalised_inc_Attributes_Rev_20220331","id":3872,"OBJECTID_12":3872,"OBJECTID":3872,"LSOA11CD":"E01003961","LSOA11NM":"Southwark 012B","IUCN_2018_GRP_CD":7,"IUCN_2018_GRP_LABEL":"Passive and Uncommitted Users","Local_Authority_Name":"Southwark","Paper_First":"No","HTC_digital":2,"HTC_willingness":4,"Online_share_of_returns":0.937,"Paper_share_of_returns":0.063,"Age_65_plus_number_mid2020":293,"Age_65_plus_PC_mid2020":14,"Age_75_plus_number_mid2020":132,"Age_75_plus_PC_mid2020":6.3,"IMD_2019_Rank":4927,"IMD_2019_Decile":2,"IDAOPI_2019_Rank":1537,"IDAOPI_2019_Decile":1,"Premises_Unable_30mbps_Ofcom":6,"Premises_below_USO":0,"Shape_Length":2285.3812545272144,"Shape_Area":122236.57555682371,"in_cw":false,"whole_in_zone":true},"geometry":{"type":"MultiPolygon","coordinates":[[[[-0.085069,51.492368],[-0.083496,51.491417],[-0.082533,51.491889],[-0.082421,51.491801],[-0.081538,51.491114],[-0.081104,51.490775],[-0.081516,51.490593],[-0.082848,51.490131],[-0.083522,51.490834],[-0.083725,51.490935],[-0.084179,51.490957],[-0.084137,51.490577],[-0.084635,51.490364],[-0.085115,51.490588],[-0.085783,51.490122],[-0.084911,51.489676],[-0.085205,51.489622],[-0.086569,51.489275],[-0.088982,51.489545],[-0.089257,51.490043],[-0.088595,51.490234],[-0.089497,51.490961],[-0.090322,51.490997],[-0.090726,51.491792],[-0.089628,51.492059],[-0.089,51.491227],[-0.087672,51.491602],[-0.088152,51.49204],[-0.087566,51.492273],[-0.087151,51.491862],[-0.08625,51.492396],[-0.085299,51.492733],[-0.084781,51.492543],[-0.085069,51.492368]]]]}},
{"type":"Feature","properties":{"layer":"London_LSOAs_Generalised_inc_Attributes_Rev_20220331","id":3873,"OBJECTID_12":3873,"OBJECTID":3873,"LSOA11CD":"E01003963","LSOA11NM":"Southwark 016A","IUCN_2018_GRP_CD":7,"IUCN_2018_GRP_LABEL":"Passive and Uncommitted Users","Local_Authority_Name":"Southwark","Paper_First":"No","HTC_digital":2,"HTC_willingness":4,"Online_share_of_returns":0.9590000000000001,"Paper_share_of_returns":0.040999999999999995,"Age_65_plus_number_mid2020":126,"Age_65_plus_PC_mid2020":7.6,"Age_75_plus_number_mid2020":51,"Age_75_plus_PC_mid2020":3.1,"IMD_2019_Rank":4510,"IMD_2019_Decile":2,"IDAOPI_2019_Rank":1105,"IDAOPI_2019_Decile":1,"Premises_Unable_30mbps_Ofcom":3,"Premises_below_USO":0,"Shape_Length":1410.9833391397583,"Shape_Area":60572.46649406483,"in_cw":false,"whole_in_zone":false},"geometry":{"type":"MultiPolygon","coordinates":[[[[-0.089257,51.490043],[-0.088982,51.489545],[-0.090378,51.489266],[-0.091421,51.489014],[-0.09206,51.488822],[-0.092085,51.488814],[-0.093553,51.488304],[-0.094328,51.488034],[-0.094775,51.488659],[-0.094399,51.489192],[-0.09458,51.489503],[-0.093761,51.489593],[-0.094174,51.489908],[-0.093246,51.490533],[-0.092453,51.49034],[-0.092062,51.489815],[-0.090027,51.490263],[-0.090322,51.490997],[-0.089497,51.490961],[-0.088595,51.490234],[-0.089257,51.490043]]]]}},
{"type":"Feature","properties":{"layer":"London_LSOAs_Generalised_inc_Attributes_Rev_20220331","id":3874,"OBJECTID_12":3874,"OBJECTID":3874,"LSOA11CD":"E01003964","LSOA11NM":"Southwark 015A","IUCN_2018_GRP_CD":4,"IUCN_2018_GRP_LABEL":"Youthful Urban Fringe","Local_Authority_Name":"Southwark","Paper_First":"No","HTC_digital":1,"HTC_willingness":4,"Online_share_of_returns":0.9540000000000001,"Paper_share_of_returns":0.046,"Age_65_plus_number_mid2020":198,"Age_65_plus_PC_mid2020":8.4,"Age_75_plus_number_mid2020":61,"Age_75_plus_PC_mid2020":2.6,"IMD_2019_Rank":5759,"IMD_2019_Decile":2,"IDAOPI_2019_Rank":3034,"IDAOPI_2019_Decile":1,"Premises_Unable_30mbps_Ofcom":295,"Premises_below_USO":0,"Shape_Length":4253.009740015574,"Shape_Area":449286.5169124464,"in_cw":false,"whole_in_zone":true},"geometry":{"type":"MultiPolygon","coordinates":[[[[-0.083505,51.489948],[-0.082855,51.489079],[-0.081385,51.489716],[-0.080985,51.489477],[-0.082528,51.488755],[-0.081928,51.488278],[-0.081016,51.4887],[-0.081302,51.488361],[-0.080289,51.487856],[-0.079764,51.487782],[-0.079305,51.487354],[-0.078347,51.488158],[-0.077924,51.487893],[-0.078045,51.486976],[-0.07625,51.488014],[-0.075154,51.487406],[-0.073528,51.486721],[-0.072411,51.486296],[-0.07161,51.486013],[-0.070358,51.485572],[-0.068581,51.484924],[-0.067715,51.484573],[-0.068694,51.48389],[-0.070654,51.48372],[-0.070683,51.483082],[-0.072927,51.482724],[-0.073962,51.482531],[-0.074029,51.482259],[-0.075328,51.482179],[-0.077026,51.482075],[-0.07802,51.482015],[-0.079692,51.48191],[-0.081009,51.481823],[-0.081158,51.482972],[-0.079709,51.48303],[-0.080697,51.484331],[-0.081019,51.485589],[-0.080142,51.485889],[-0.081656,51.487248],[-0.081897,51.487462],[-0.082833,51.487046],[-0.083648,51.488199],[-0.083688,51.488268],[-0.084093,51.488724],[-0.084441,51.489038],[-0.084148,51.489828],[-0.083505,51.489948]]]]}},
{"type":"Feature","properties":{"layer":"London_LSOAs_Generalised_inc_Attributes_Rev_20220331","id":3875,"OBJECTID_12":3875,"OBJECTID":3875,"LSOA11CD":"E01003966","LSOA11NM":"Southwark 015B","IUCN_2018_GRP_CD":4,"IUCN_2018_GRP_LABEL":"Youthful Urban Fringe","Local_Authority_Name":"Southwark","Paper_First":"No","HTC_digital":1,"HTC_willingness":4,"Online_share_of_returns":0.9520000000000001,"Paper_share_of_returns":0.048,"Age_65_plus_number_mid2020":221,"Age_65_plus_PC_mid2020":12,"Age_75_plus_number_mid2020":111,"Age_75_plus_PC_mid2020":6,"IMD_2019_Rank":6529,"IMD_2019_Decile":2,"IDAOPI_2019_Rank":1028,"IDAOPI_2019_Decile":1,"Premises_Unable_30mbps_Ofcom":67,"Premises_below_USO":0,"Shape_Length":2456.3228327637003,"Shape_Area":101202.01573801984,"in_cw":false,"whole_in_zone":true},"geometry":{"type":"MultiPolygon","coordinates":[[[[-0.083522,51.490834],[-0.082848,51.490131],[-0.081516,51.490593],[-0.081104,51.490775],[-0.07805,51.488933],[-0.077981,51.488896],[-0.07625,51.488014],[-0.078045,51.486976],[-0.077924,51.487893],[-0.078347,51.488158],[-0.079305,51.487354],[-0.079764,51.487782],[-0.080289,51.487856],[-0.081302,51.488361],[-0.081016,51.4887],[-0.081928,51.488278],[-0.082528,51.488755],[-0.080985,51.489477],[-0.081385,51.489716],[-0.082855,51.489079],[-0.083505,51.489948],[-0.084148,51.489828],[-0.084441,51.489038],[-0.085205,51.489622],[-0.084911,51.489676],[-0.085783,51.490122],[-0.085115,51.490588],[-0.084635,51.490364],[-0.084137,51.490577],[-0.084179,51.490957],[-0.083725,51.490935],[-0.083522,51.490834]]]]}},
{"type":"Feature","properties":{"layer":"London_LSOAs_Generalised_inc_Attributes_Rev_20220331","id":3876,"OBJECTID_12":3876,"OBJECTID":3876,"LSOA11CD":"E01003967","LSOA11NM":"Southwark 016B","IUCN_2018_GRP_CD":7,"IUCN_2018_GRP_LABEL":"Passive and Uncommitted Users","Local_Authority_Name":"Southwark","Paper_First":"No","HTC_digital":3,"HTC_willingness":4,"Online_share_of_returns":0.968,"Paper_share_of_returns":0.032,"Age_65_plus_number_mid2020":67,"Age_65_plus_PC_mid2020":7.5,"Age_75_plus_number_mid2020":29,"Age_75_plus_PC_mid2020":3.3,"IMD_2019_Rank":7376,"IMD_2019_Decile":3,"IDAOPI_2019_Rank":4962,"IDAOPI_2019_Decile":2,"Premises_Unable_30mbps_Ofcom":0,"Premises_below_USO":0,"Shape_Length":1445.794031391196,"Shape_Area":56756.24853053071,"in_cw":false,"whole_in_zone":true},"geometry":{"type":"MultiPolygon","coordinates":[[[[-0.090854,51.485139],[-0.090609,51.484495],[-0.090018,51.484348],[-0.089099,51.48463],[-0.088986,51.484476],[-0.089264,51.484419],[-0.088802,51.48368],[-0.08917,51.483633],[-0.08844,51.483536],[-0.088276,51.483742],[-0.087997,51.48337],[-0.090064,51.482818],[-0.091889,51.48256],[-0.092122,51.483871],[-0.091834,51.484094],[-0.091778,51.484354],[-0.092406,51.48431],[-0.092515,51.484974],[-0.09308,51.484823],[-0.093231,51.485302],[-0.092607,51.485534],[-0.091652,51.485838],[-0.091623,51.485737],[-0.091997,51.485472],[-0.091746,51.485219],[-0.090854,51.485139]]]]}},
{"type":"Feature","properties":{"layer":"London_LSOAs_Generalised_inc_Attributes_Rev_20220331","id":3877,"OBJECTID_12":3877,"OBJECTID":3877,"LSOA11CD":"E01003968","LSOA11NM":"Southwark 015C","IUCN_2018_GRP_CD":7,"IUCN_2018_GRP_LABEL":"Passive and Uncommitted Users","Local_Authority_Name":"Southwark","Paper_First":"No","HTC_digital":4,"HTC_willingness":4,"Online_share_of_returns":0.95,"Paper_share_of_returns":0.05,"Age_65_plus_number_mid2020":121,"Age_65_plus_PC_mid2020":10.6,"Age_75_plus_number_mid2020":45,"Age_75_plus_PC_mid2020":4,"IMD_2019_Rank":2741,"IMD_2019_Decile":1,"IDAOPI_2019_Rank":1038,"IDAOPI_2019_Decile":1,"Premises_Unable_30mbps_Ofcom":0,"Premises_below_USO":0,"Shape_Length":1040.2976803343136,"Shape_Area":54798.351047002114,"in_cw":false,"whole_in_zone":true},"geometry":{"type":"MultiPolygon","coordinates":[[[[-0.083738,51.486675],[-0.083056,51.486145],[-0.082585,51.486284],[-0.081587,51.485422],[-0.082346,51.485165],[-0.085819,51.48394],[-0.085912,51.484643],[-0.085643,51.485128],[-0.086234,51.485338],[-0.085921,51.48548],[-0.085714,51.485571],[-0.085767,51.485715],[-0.085592,51.486479],[-0.083921,51.486828],[-0.083738,51.486675]]]]}},
{"type":"Feature","properties":{"layer":"London_LSOAs_Generalised_inc_Attributes_Rev_20220331","id":3878,"OBJECTID_12":3878,"OBJECTID":3878,"LSOA11CD":"E01003969","LSOA11NM":"Southwark 017B","IUCN_2018_GRP_CD":2,"IUCN_2018_GRP_LABEL":"e-Professionals","Local_Authority_Name":"Southwark","Paper_First":"No","HTC_digital":1,"HTC_willingness":4,"Online_share_of_returns":0.966,"Paper_share_of_returns":0.034,"Age_65_plus_number_mid2020":214,"Age_65_plus_PC_mid2020":8,"Age_75_plus_number_mid2020":79,"Age_75_plus_PC_mid2020":2.9,"IMD_2019_Rank":11322,"IMD_2019_Decile":4,"IDAOPI_2019_Rank":6976,"IDAOPI_2019_Decile":3,"Premises_Unable_30mbps_Ofcom":63,"Premises_below_USO":0,"Shape_Length":3429.985704790084,"Shape_Area":285579.7475023098,"in_cw":false,"whole_in_zone":false},"geometry":{"type":"MultiPolygon","coordinates":[[[[-0.093231,51.485302],[-0.09308,51.484823],[-0.092515,51.484974],[-0.092406,51.48431],[-0.091778,51.484354],[-0.091834,51.484094],[-0.092122,51.483871],[-0.091889,51.48256],[-0.090064,51.482818],[-0.087997,51.48337],[-0.086187,51.483906],[-0.085677,51.481982],[-0.085426,51.480907],[-0.08544,51.480437],[-0.086904,51.480851],[-0.088249,51.479934],[-0.088639,51.480037],[-0.090305,51.480475],[-0.090767,51.480222],[-0.092085,51.479605],[-0.092465,51.479467],[-0.093561,51.47909],[-0.094125,51.479001],[-0.094363,51.480882],[-0.094465,51.482315],[-0.0942,51.483638],[-0.094704,51.4837],[-0.095668,51.483754],[-0.095802,51.485127],[-0.094411,51.485382],[-0.093941,51.485453],[-0.094336,51.486023],[-0.094369,51.48607],[-0.094663,51.486419],[-0.093367,51.486885],[-0.091752,51.486492],[-0.09125,51.486122],[-0.091652,51.485838],[-0.092607,51.485534],[-0.093231,51.485302]]]]}},
{"type":"Feature","properties":{"layer":"London_LSOAs_Generalised_inc_Attributes_Rev_20220331","id":3879,"OBJECTID_12":3879,"OBJECTID":3879,"LSOA11CD":"E01003970","LSOA11NM":"Southwark 016C","IUCN_2018_GRP_CD":7,"IUCN_2018_GRP_LABEL":"Passive and Uncommitted Users","Local_Authority_Name":"Southwark","Paper_First":"No","HTC_digital":2,"HTC_willingness":4,"Online_share_of_returns":0.971,"Paper_share_of_returns":0.028999999999999998,"Age_65_plus_number_mid2020":105,"Age_65_plus_PC_mid2020":8.8,"Age_75_plus_number_mid2020":39,"Age_75_plus_PC_mid2020":3.3,"IMD_2019_Rank":4575,"IMD_2019_Decile":2,"IDAOPI_2019_Rank":1278,"IDAOPI_2019_Decile":1,"Premises_Unable_30mbps_Ofcom":0,"Premises_below_USO":0,"Shape_Length":3215.809502303124,"Shape_Area":197371.75879982053,"in_cw":false,"whole_in_zone":true},"geometry":{"type":"MultiPolygon","coordinates":[[[[-0.088083,51.486226],[-0.087101,51.485512],[-0.086702,51.485168],[-0.086234,51.485338],[-0.085643,51.485128],[-0.085912,51.484643],[-0.085819,51.48394],[-0.082346,51.485165],[-0.081587,51.485422],[-0.081019,51.485589],[-0.080697,51.484331],[-0.079709,51.48303],[-0.081158,51.482972],[-0.081009,51.481823],[-0.084079,51.481686],[-0.084225,51.482045],[-0.085677,51.481982],[-0.086187,51.483906],[-0.087997,51.48337],[-0.088276,51.483742],[-0.08844,51.483536],[-0.08917,51.483633],[-0.088802,51.48368],[-0.089264,51.484419],[-0.088986,51.484476],[-0.089099,51.48463],[-0.090018,51.484348],[-0.090609,51.484495],[-0.090854,51.485139],[-0.091746,51.485219],[-0.091997,51.485472],[-0.091623,51.485737],[-0.089923,51.486007],[-0.089478,51.485226],[-0.089124,51.485291],[-0.08968,51.486373],[-0.08916,51.48614],[-0.088333,51.486451],[-0.087288,51.486577],[-0.088083,51.486226]]]]}},
{"type":"Feature","properties":{"layer":"London_LSOAs_Generalised_inc_Attributes_Rev_20220331","id":3880,"OBJECTID_12":3880,"OBJECTID":3880,"LSOA11CD":"E01003971","LSOA11NM":"Southwark 015D","IUCN_2018_GRP_CD":7,"IUCN_2018_GRP_LABEL":"Passive and Uncommitted Users","Local_Authority_Name":"Southwark","Paper_First":"No","HTC_digital":5,"HTC_willingness":4,"Online_share_of_returns":0.963,"Paper_share_of_returns":0.037000000000000005,"Age_65_plus_number_mid2020":76,"Age_65_plus_PC_mid2020":6.6,"Age_75_plus_number_mid2020":29,"Age_75_plus_PC_mid2020":2.5,"IMD_2019_Rank":2115,"IMD_2019_Decile":1,"IDAOPI_2019_Rank":849,"IDAOPI_2019_Decile":1,"Premises_Unable_30mbps_Ofcom":0,"Premises_below_USO":0,"Shape_Length":1492.3854345206398,"Shape_Area":62481.067009320686,"in_cw":false,"whole_in_zone":true},"geometry":{"type":"MultiPolygon","coordinates":[[[[-0.083648,51.488199],[-0.082833,51.487046],[-0.081897,51.487462],[-0.081656,51.487248],[-0.080142,51.485889],[-0.081019,51.485589],[-0.081587,51.485422],[-0.082585,51.486284],[-0.083056,51.486145],[-0.083738,51.486675],[-0.083921,51.486828],[-0.084924,51.487599],[-0.084608,51.487748],[-0.084974,51.488007],[-0.085472,51.487797],[-0.085929,51.488348],[-0.086035,51.488579],[-0.086506,51.489149],[-0.086569,51.489275],[-0.085205,51.489622],[-0.084441,51.489038],[-0.084093,51.488724],[-0.083688,51.488268],[-0.083648,51.488199]]]]}},
{"type":"Feature","properties":{"layer":"London_LSOAs_Generalised_inc_Attributes_Rev_20220331","id":3881,"OBJECTID_12":3881,"OBJECTID":3881,"LSOA11CD":"E01003972","LSOA11NM":"Southwark 016D","IUCN_2018_GRP_CD":4,"IUCN_2018_GRP_LABEL":"Youthful Urban Fringe","Local_Authority_Name":"Southwark","Paper_First":"No","HTC_digital":2,"HTC_willingness":4,"Online_share_of_returns":0.9590000000000001,"Paper_share_of_returns":0.040999999999999995,"Age_65_plus_number_mid2020":117,"Age_65_plus_PC_mid2020":7.1,"Age_75_plus_number_mid2020":52,"Age_75_plus_PC_mid2020":3.1,"IMD_2019_Rank":9184,"IMD_2019_Decile":3,"IDAOPI_2019_Rank":2737,"IDAOPI_2019_Decile":1,"Premises_Unable_30mbps_Ofcom":2,"Premises_below_USO":0,"Shape_Length":1278.3367182206773,"Shape_Area":71699.33675343604,"in_cw":false,"whole_in_zone":true},"geometry":{"type":"MultiPolygon","coordinates":[[[[-0.086272,51.488124],[-0.086828,51.487637],[-0.086673,51.487457],[-0.08715,51.487643],[-0.088689,51.487454],[-0.089038,51.487369],[-0.088586,51.487206],[-0.088333,51.486451],[-0.08916,51.48614],[-0.08968,51.486373],[-0.090019,51.486847],[-0.090438,51.487479],[-0.090474,51.487531],[-0.090688,51.4879],[-0.089984,51.488261],[-0.090378,51.489266],[-0.088982,51.489545],[-0.086569,51.489275],[-0.086506,51.489149],[-0.086035,51.488579],[-0.085929,51.488348],[-0.086272,51.488124]]]]}},
{"type":"Feature","properties":{"layer":"London_LSOAs_Generalised_inc_Attributes_Rev_20220331","id":3882,"OBJECTID_12":3882,"OBJECTID":3882,"LSOA11CD":"E01003973","LSOA11NM":"Southwark 016E","IUCN_2018_GRP_CD":4,"IUCN_2018_GRP_LABEL":"Youthful Urban Fringe","Local_Authority_Name":"Southwark","Paper_First":"No","HTC_digital":1,"HTC_willingness":4,"Online_share_of_returns":0.9570000000000001,"Paper_share_of_returns":0.043,"Age_65_plus_number_mid2020":109,"Age_65_plus_PC_mid2020":6.5,"Age_75_plus_number_mid2020":55,"Age_75_plus_PC_mid2020":3.3,"IMD_2019_Rank":8110,"IMD_2019_Decile":3,"IDAOPI_2019_Rank":1689,"IDAOPI_2019_Decile":1,"Premises_Unable_30mbps_Ofcom":0,"Premises_below_USO":0,"Shape_Length":1610.3612891412274,"Shape_Area":85828.74603507876,"in_cw":false,"whole_in_zone":false},"geometry":{"type":"MultiPolygon","coordinates":[[[[-0.090019,51.486847],[-0.08968,51.486373],[-0.089124,51.485291],[-0.089478,51.485226],[-0.089923,51.486007],[-0.091623,51.485737],[-0.091652,51.485838],[-0.09125,51.486122],[-0.091752,51.486492],[-0.093367,51.486885],[-0.094663,51.486419],[-0.095463,51.487752],[-0.094328,51.488034],[-0.093553,51.488304],[-0.092085,51.488814],[-0.09206,51.488822],[-0.091421,51.489014],[-0.090378,51.489266],[-0.089984,51.488261],[-0.090688,51.4879],[-0.090474,51.487531],[-0.090438,51.487479],[-0.090019,51.486847]]]]}},
{"type":"Feature","properties":{"layer":"London_LSOAs_Generalised_inc_Attributes_Rev_20220331","id":3883,"OBJECTID_12":3883,"OBJECTID":3883,"LSOA11CD":"E01003974","LSOA11NM":"Southwark 015E","IUCN_2018_GRP_CD":7,"IUCN_2018_GRP_LABEL":"Passive and Uncommitted Users","Local_Authority_Name":"Southwark","Paper_First":"No","HTC_digital":3,"HTC_willingness":3,"Online_share_of_returns":0.965,"Paper_share_of_returns":0.035,"Age_65_plus_number_mid2020":119,"Age_65_plus_PC_mid2020":8.6,"Age_75_plus_number_mid2020":62,"Age_75_plus_PC_mid2020":4.5,"IMD_2019_Rank":5766,"IMD_2019_Decile":2,"IDAOPI_2019_Rank":4268,"IDAOPI_2019_Decile":2,"Premises_Unable_30mbps_Ofcom":0,"Premises_below_USO":0,"Shape_Length":1307.321859212261,"Shape_Area":56738.339467660335,"in_cw":false,"whole_in_zone":true},"geometry":{"type":"MultiPolygon","coordinates":[[[[-0.085929,51.488348],[-0.085472,51.487797],[-0.084974,51.488007],[-0.084608,51.487748],[-0.084924,51.487599],[-0.083921,51.486828],[-0.085592,51.486479],[-0.085767,51.485715],[-0.085714,51.485571],[-0.085921,51.48548],[-0.086234,51.485338],[-0.086702,51.485168],[-0.087101,51.485512],[-0.088083,51.486226],[-0.087288,51.486577],[-0.088333,51.486451],[-0.088586,51.487206],[-0.089038,51.487369],[-0.088689,51.487454],[-0.08715,51.487643],[-0.086673,51.487457],[-0.086828,51.487637],[-0.086272,51.488124],[-0.085929,51.488348]]]]}},
{"type":"Feature","properties":{"layer":"London_LSOAs_Generalised_inc_Attributes_Rev_20220331","id":3884,"OBJECTID_12":3884,"OBJECTID":3884,"LSOA11CD":"E01003975","LSOA11NM":"Southwark 004A","IUCN_2018_GRP_CD":4,"IUCN_2018_GRP_LABEL":"Youthful Urban Fringe","Local_Authority_Name":"Southwark","Paper_First":"No","HTC_digital":2,"HTC_willingness":4,"Online_share_of_returns":0.956,"Paper_share_of_returns":0.044000000000000004,"Age_65_plus_number_mid2020":130,"Age_65_plus_PC_mid2020":6.5,"Age_75_plus_number_mid2020":53,"Age_75_plus_PC_mid2020":2.7,"IMD_2019_Rank":7524,"IMD_2019_Decile":3,"IDAOPI_2019_Rank":2624,"IDAOPI_2019_Decile":1,"Premises_Unable_30mbps_Ofcom":1,"Premises_below_USO":0,"Shape_Length":1466.4178374362345,"Shape_Area":82034.36988846648,"in_cw":false,"whole_in_zone":true},"geometry":{"type":"MultiPolygon","coordinates":[[[[-0.071982,51.497668],[-0.069873,51.496653],[-0.069989,51.496059],[-0.070869,51.495952],[-0.073188,51.495761],[-0.073276,51.495955],[-0.073587,51.496695],[-0.074872,51.496439],[-0.075393,51.4969],[-0.076154,51.496802],[-0.076807,51.497279],[-0.076121,51.497474],[-0.076332,51.497713],[-0.075605,51.497833],[-0.074888,51.4981],[-0.075172,51.498451],[-0.074533,51.498696],[-0.075009,51.498974],[-0.074593,51.499058],[-0.073769,51.498619],[-0.072834,51.498122],[-0.071982,51.497668]]]]}},
{"type":"Feature","properties":{"layer":"London_LSOAs_Generalised_inc_Attributes_Rev_20220331","id":3885,"OBJECTID_12":3885,"OBJECTID":3885,"LSOA11CD":"E01003976","LSOA11NM":"Southwark 003A","IUCN_2018_GRP_CD":3,"IUCN_2018_GRP_LABEL":"e-Veterans","Local_Authority_Name":"Southwark","Paper_First":"No","HTC_digital":1,"HTC_willingness":4,"Online_share_of_returns":0.97,"Paper_share_of_returns":0.03,"Age_65_plus_number_mid2020":93,"Age_65_plus_PC_mid2020":3.8,"Age_75_plus_number_mid2020":28,"Age_75_plus_PC_mid2020":1.1,"IMD_2019_Rank":7826,"IMD_2019_Decile":3,"IDAOPI_2019_Rank":1130,"IDAOPI_2019_Decile":1,"Premises_Unable_30mbps_Ofcom":3,"Premises_below_USO":0,"Shape_Length":1932.5363624068068,"Shape_Area":121687.64792701442,"in_cw":false,"whole_in_zone":true},"geometry":{"type":"MultiPolygon","coordinates":[[[[-0.077019,51.500362],[-0.07633,51.499991],[-0.074593,51.499058],[-0.075009,51.498974],[-0.074533,51.498696],[-0.075172,51.498451],[-0.074888,51.4981],[-0.075605,51.497833],[-0.076332,51.497713],[-0.076121,51.497474],[-0.076807,51.497279],[-0.077327,51.497664],[-0.07722,51.497122],[-0.07767,51.49704],[-0.077295,51.496499],[-0.078137,51.496625],[-0.078787,51.495817],[-0.081348,51.496587],[-0.081173,51.49699],[-0.080699,51.497195],[-0.079789,51.497704],[-0.079775,51.497722],[-0.079443,51.49831],[-0.07895,51.499441],[-0.079256,51.49958],[-0.080086,51.499884],[-0.080421,51.500391],[-0.078368,51.500077],[-0.077019,51.500362]]]]}},
{"type":"Feature","properties":{"layer":"London_LSOAs_Generalised_inc_Attributes_Rev_20220331","id":3886,"OBJECTID_12":3886,"OBJECTID":3886,"LSOA11CD":"E01003977","LSOA11NM":"Southwark 010A","IUCN_2018_GRP_CD":7,"IUCN_2018_GRP_LABEL":"Passive and Uncommitted Users","Local_Authority_Name":"Southwark","Paper_First":"No","HTC_digital":3,"HTC_willingness":3,"Online_share_of_returns":0.94,"Paper_share_of_returns":0.06,"Age_65_plus_number_mid2020":234,"Age_65_plus_PC_mid2020":10.3,"Age_75_plus_number_mid2020":88,"Age_75_plus_PC_mid2020":3.9,"IMD_2019_Rank":9324,"IMD_2019_Decile":3,"IDAOPI_2019_Rank":6522,"IDAOPI_2019_Decile":2,"Premises_Unable_30mbps_Ofcom":1,"Premises_below_USO":0,"Shape_Length":1842.9703591535313,"Shape_Area":130943.33049954749,"in_cw":false,"whole_in_zone":true},"geometry":{"type":"MultiPolygon","coordinates":[[[[-0.06653,51.495062],[-0.067243,51.494575],[-0.067417,51.493791],[-0.06663,51.493722],[-0.066823,51.492392],[-0.068654,51.492644],[-0.069117,51.492718],[-0.069796,51.49277],[-0.071069,51.492726],[-0.071983,51.492648],[-0.072919,51.492742],[-0.07372,51.493241],[-0.073576,51.493566],[-0.07234,51.493958],[-0.072779,51.494378],[-0.072161,51.494694],[-0.070887,51.49495],[-0.070165,51.494711],[-0.070431,51.495746],[-0.070869,51.495952],[-0.069989,51.496059],[-0.069873,51.496653],[-0.068943,51.496194],[-0.068095,51.495773],[-0.06653,51.495062]]]]}},
{"type":"Feature","properties":{"layer":"London_LSOAs_Generalised_inc_Attributes_Rev_20220331","id":3887,"OBJECTID_12":3887,"OBJECTID":3887,"LSOA11CD":"E01003978","LSOA11NM":"Southwark 004B","IUCN_2018_GRP_CD":2,"IUCN_2018_GRP_LABEL":"e-Professionals","Local_Authority_Name":"Southwark","Paper_First":"No","HTC_digital":1,"HTC_willingness":4,"Online_share_of_returns":0.977,"Paper_share_of_returns":0.023,"Age_65_plus_number_mid2020":145,"Age_65_plus_PC_mid2020":4.9,"Age_75_plus_number_mid2020":51,"Age_75_plus_PC_mid2020":1.7,"IMD_2019_Rank":12106,"IMD_2019_Decile":4,"IDAOPI_2019_Rank":2557,"IDAOPI_2019_Decile":1,"Premises_Unable_30mbps_Ofcom":22,"Premises_below_USO":0,"Shape_Length":2206.630226589859,"Shape_Area":134834.6546255167,"in_cw":false,"whole_in_zone":true},"geometry":{"type":"MultiPolygon","coordinates":[[[[-0.076807,51.497279],[-0.076154,51.496802],[-0.075393,51.4969],[-0.074872,51.496439],[-0.073587,51.496695],[-0.073276,51.495955],[-0.073188,51.495761],[-0.070869,51.495952],[-0.070431,51.495746],[-0.070165,51.494711],[-0.070887,51.49495],[-0.072161,51.494694],[-0.072779,51.494378],[-0.07234,51.493958],[-0.073576,51.493566],[-0.07372,51.493241],[-0.07396,51.493049],[-0.07446,51.493196],[-0.075057,51.493326],[-0.074809,51.493504],[-0.075517,51.493656],[-0.075635,51.493997],[-0.076866,51.494403],[-0.077035,51.494154],[-0.07743,51.49421],[-0.077769,51.494678],[-0.076739,51.494728],[-0.076458,51.495002],[-0.07738,51.495334],[-0.078787,51.495817],[-0.078137,51.496625],[-0.077295,51.496499],[-0.07767,51.49704],[-0.07722,51.497122],[-0.077327,51.497664],[-0.076807,51.497279]]]]}},
{"type":"Feature","properties":{"layer":"London_LSOAs_Generalised_inc_Attributes_Rev_20220331","id":3888,"OBJECTID_12":3888,"OBJECTID":3888,"LSOA11CD":"E01003979","LSOA11NM":"Southwark 006E","IUCN_2018_GRP_CD":3,"IUCN_2018_GRP_LABEL":"e-Veterans","Local_Authority_Name":"Southwark","Paper_First":"No","HTC_digital":1,"HTC_willingness":4,"Online_share_of_returns":0.966,"Paper_share_of_returns":0.034,"Age_65_plus_number_mid2020":244,"Age_65_plus_PC_mid2020":12.7,"Age_75_plus_number_mid2020":162,"Age_75_plus_PC_mid2020":8.4,"IMD_2019_Rank":8253,"IMD_2019_Decile":3,"IDAOPI_2019_Rank":1882,"IDAOPI_2019_Decile":1,"Premises_Unable_30mbps_Ofcom":9,"Premises_below_USO":0,"Shape_Length":1950.9540571608352,"Shape_Area":168249.48212683425,"in_cw":false,"whole_in_zone":true},"geometry":{"type":"MultiPolygon","coordinates":[[[[-0.07826,51.493004],[-0.079805,51.492174],[-0.081164,51.492753],[-0.082677,51.492862],[-0.083544,51.492676],[-0.083946,51.492989],[-0.085283,51.493956],[-0.084281,51.495008],[-0.081817,51.496712],[-0.081173,51.49699],[-0.081348,51.496587],[-0.078787,51.495817],[-0.07738,51.495334],[-0.076458,51.495002],[-0.076739,51.494728],[-0.077769,51.494678],[-0.07743,51.49421],[-0.079329,51.49416],[-0.079555,51.493914],[-0.07826,51.493004]]]]}},
{"type":"Feature","properties":{"layer":"London_LSOAs_Generalised_inc_Attributes_Rev_20220331","id":3889,"OBJECTID_12":3889,"OBJECTID":3889,"LSOA11CD":"E01003980","LSOA11NM":"Southwark 013A","IUCN_2018_GRP_CD":4,"IUCN_2018_GRP_LABEL":"Youthful Urban Fringe","Local_Authority_Name":"Southwark","Paper_First":"No","HTC_digital":1,"HTC_willingness":4,"Online_share_of_returns":0.9359999999999999,"Paper_share_of_returns":0.064,"Age_65_plus_number_mid2020":185,"Age_65_plus_PC_mid2020":9.5,"Age_75_plus_number_mid2020":82,"Age_75_plus_PC_mid2020":4.2,"IMD_2019_Rank":6731,"IMD_2019_Decile":3,"IDAOPI_2019_Rank":1157,"IDAOPI_2019_Decile":1,"Premises_Unable_30mbps_Ofcom":7,"Premises_below_USO":0,"Shape_Length":2192.149451571637,"Shape_Area":191512.46435805925,"in_cw":false,"whole_in_zone":true},"geometry":{"type":"MultiPolygon","coordinates":[[[[-0.076866,51.494403],[-0.075635,51.493997],[-0.075517,51.493656],[-0.074809,51.493504],[-0.075057,51.493326],[-0.07446,51.493196],[-0.07396,51.493049],[-0.074673,51.492134],[-0.075443,51.491191],[-0.076243,51.490348],[-0.077981,51.488896],[-0.07805,51.488933],[-0.081104,51.490775],[-0.081538,51.491114],[-0.082421,51.491801],[-0.082533,51.491889],[-0.083544,51.492676],[-0.082677,51.492862],[-0.081164,51.492753],[-0.079805,51.492174],[-0.07826,51.493004],[-0.079555,51.493914],[-0.079329,51.49416],[-0.07743,51.49421],[-0.077035,51.494154],[-0.076866,51.494403]]]]}},
{"type":"Feature","properties":{"layer":"London_LSOAs_Generalised_inc_Attributes_Rev_20220331","id":3890,"OBJECTID_12":3890,"OBJECTID":3890,"LSOA11CD":"E01003981","LSOA11NM":"Southwark 006F","IUCN_2018_GRP_CD":2,"IUCN_2018_GRP_LABEL":"e-Professionals","Local_Authority_Name":"Southwark","Paper_First":"No","HTC_digital":1,"HTC_willingness":5,"Online_share_of_returns":0.9540000000000001,"Paper_share_of_returns":0.046,"Age_65_plus_number_mid2020":139,"Age_65_plus_PC_mid2020":6.1,"Age_75_plus_number_mid2020":50,"Age_75_plus_PC_mid2020":2.2,"IMD_2019_Rank":9885,"IMD_2019_Decile":4,"IDAOPI_2019_Rank":3124,"IDAOPI_2019_Decile":1,"Premises_Unable_30mbps_Ofcom":196,"Premises_below_USO":0,"Shape_Length":2433.152739549082,"Shape_Area":189827.9876320483,"in_cw":false,"whole_in_zone":true},"geometry":{"type":"MultiPolygon","coordinates":[[[[-0.081425,51.502734],[-0.081857,51.502306],[-0.082599,51.502489],[-0.083375,51.502205],[-0.083328,51.501252],[-0.083753,51.500788],[-0.085041,51.500767],[-0.08537,51.500762],[-0.085527,51.501035],[-0.086101,51.501019],[-0.086094,51.500447],[-0.085176,51.500338],[-0.085376,51.499699],[-0.085772,51.499229],[-0.086019,51.49934],[-0.087163,51.49988],[-0.087322,51.49995],[-0.088772,51.500552],[-0.089243,51.500727],[-0.089085,51.501022],[-0.088985,51.501246],[-0.088065,51.502211],[-0.088119,51.503049],[-0.087132,51.504271],[-0.089437,51.505188],[-0.08839,51.506093],[-0.081425,51.502734]]]]}},
{"type":"Feature","properties":{"layer":"London_LSOAs_Generalised_inc_Attributes_Rev_20220331","id":3891,"OBJECTID_12":3891,"OBJECTID":3891,"LSOA11CD":"E01003983","LSOA11NM":"Southwark 018A","IUCN_2018_GRP_CD":7,"IUCN_2018_GRP_LABEL":"Passive and Uncommitted Users","Local_Authority_Name":"Southwark","Paper_First":"No","HTC_digital":2,"HTC_willingness":4,"Online_share_of_returns":0.946,"Paper_share_of_returns":0.054000000000000006,"Age_65_plus_number_mid2020":193,"Age_65_plus_PC_mid2020":10.2,"Age_75_plus_number_mid2020":88,"Age_75_plus_PC_mid2020":4.7,"IMD_2019_Rank":7479,"IMD_2019_Decile":3,"IDAOPI_2019_Rank":3939,"IDAOPI_2019_Decile":2,"Premises_Unable_30mbps_Ofcom":58,"Premises_below_USO":0,"Shape_Length":2502.949194397031,"Shape_Area":118189.14579203086,"in_cw":false,"whole_in_zone":true},"geometry":{"type":"MultiPolygon","coordinates":[[[[-0.066841,51.48202],[-0.066307,51.481655],[-0.066158,51.481847],[-0.065925,51.481776],[-0.06614,51.481063],[-0.065725,51.479721],[-0.06381,51.48004],[-0.064124,51.480621],[-0.063017,51.480909],[-0.061564,51.481729],[-0.060782,51.481159],[-0.06303,51.479271],[-0.063047,51.479251],[-0.064908,51.478771],[-0.065369,51.478701],[-0.066625,51.47851],[-0.067193,51.47842],[-0.068465,51.478217],[-0.069418,51.477915],[-0.069736,51.478519],[-0.069409,51.479173],[-0.069043,51.479069],[-0.068994,51.478285],[-0.068577,51.47903],[-0.068035,51.479066],[-0.067623,51.479779],[-0.06878,51.480015],[-0.069139,51.480828],[-0.06789,51.4809],[-0.068322,51.481559],[-0.066841,51.48202]]]]}},
{"type":"Feature","properties":{"layer":"London_LSOAs_Generalised_inc_Attributes_Rev_20220331","id":3892,"OBJECTID_12":3892,"OBJECTID":3892,"LSOA11CD":"E01003984","LSOA11NM":"Southwark 023A","IUCN_2018_GRP_CD":4,"IUCN_2018_GRP_LABEL":"Youthful Urban Fringe","Local_Authority_Name":"Southwark","Paper_First":"No","HTC_digital":1,"HTC_willingness":5,"Online_share_of_returns":0.943,"Paper_share_of_returns":0.057,"Age_65_plus_number_mid2020":249,"Age_65_plus_PC_mid2020":12,"Age_75_plus_number_mid2020":92,"Age_75_plus_PC_mid2020":4.4,"IMD_2019_Rank":5815,"IMD_2019_Decile":2,"IDAOPI_2019_Rank":1279,"IDAOPI_2019_Decile":1,"Premises_Unable_30mbps_Ofcom":15,"Premises_below_USO":0,"Shape_Length":2651.166036084469,"Shape_Area":166087.6095520968,"in_cw":false,"whole_in_zone":true},"geometry":{"type":"MultiPolygon","coordinates":[[[[-0.056446,51.47945],[-0.055959,51.479264],[-0.055547,51.479747],[-0.053994,51.479103],[-0.054311,51.478609],[-0.055114,51.47891],[-0.055629,51.478257],[-0.056843,51.47831],[-0.05897,51.47814],[-0.058514,51.477396],[-0.058423,51.477175],[-0.057906,51.475337],[-0.057772,51.47415],[-0.05789,51.473405],[-0.059037,51.473621],[-0.059569,51.47377],[-0.060643,51.473937],[-0.060387,51.475249],[-0.060783,51.475319],[-0.060473,51.475671],[-0.061022,51.47623],[-0.06098,51.476578],[-0.060987,51.476658],[-0.061086,51.477005],[-0.061597,51.477557],[-0.06102,51.477694],[-0.061369,51.478047],[-0.060181,51.478306],[-0.060508,51.478496],[-0.060783,51.47925],[-0.059775,51.479635],[-0.059991,51.480795],[-0.058361,51.480166],[-0.056446,51.47945]]]]}},
{"type":"Feature","properties":{"layer":"London_LSOAs_Generalised_inc_Attributes_Rev_20220331","id":3893,"OBJECTID_12":3893,"OBJECTID":3893,"LSOA11CD":"E01003986","LSOA11NM":"Southwark 011A","IUCN_2018_GRP_CD":10,"IUCN_2018_GRP_LABEL":"e-Withdrawn","Local_Authority_Name":"Southwark","Paper_First":"No","HTC_digital":2,"HTC_willingness":4,"Online_share_of_returns":0.9309999999999999,"Paper_share_of_returns":0.069,"Age_65_plus_number_mid2020":203,"Age_65_plus_PC_mid2020":12.2,"Age_75_plus_number_mid2020":95,"Age_75_plus_PC_mid2020":5.7,"IMD_2019_Rank":4827,"IMD_2019_Decile":2,"IDAOPI_2019_Rank":1670,"IDAOPI_2019_Decile":1,"Premises_Unable_30mbps_Ofcom":92,"Premises_below_USO":0,"Shape_Length":2535.67066859104,"Shape_Area":182850.0698949335,"in_cw":false,"whole_in_zone":true},"geometry":{"type":"MultiPolygon","coordinates":[[[[-0.050223,51.488074],[-0.050573,51.487833],[-0.052116,51.487821],[-0.052548,51.487548],[-0.05399,51.48797],[-0.052866,51.486663],[-0.054384,51.486341],[-0.054568,51.485758],[-0.056586,51.486359],[-0.056254,51.487127],[-0.05484,51.487195],[-0.054998,51.487457],[-0.05629,51.487362],[-0.056402,51.487968],[-0.057889,51.488004],[-0.058194,51.488119],[-0.057801,51.488504],[-0.057606,51.488762],[-0.056858,51.489265],[-0.055449,51.490045],[-0.055291,51.490162],[-0.054833,51.490406],[-0.052564,51.49106],[-0.051163,51.491057],[-0.04983,51.491066],[-0.049234,51.490042],[-0.049924,51.489814],[-0.050121,51.489782],[-0.051934,51.489136],[-0.050028,51.488312],[-0.050223,51.488074]]]]}},
{"type":"Feature","properties":{"layer":"London_LSOAs_Generalised_inc_Attributes_Rev_20220331","id":3894,"OBJECTID_12":3894,"OBJECTID":3894,"LSOA11CD":"E01003987","LSOA11NM":"Southwark 011B","IUCN_2018_GRP_CD":7,"IUCN_2018_GRP_LABEL":"Passive and Uncommitted Users","Local_Authority_Name":"Southwark","Paper_First":"No","HTC_digital":2,"HTC_willingness":4,"Online_share_of_returns":0.9309999999999999,"Paper_share_of_returns":0.069,"Age_65_plus_number_mid2020":210,"Age_65_plus_PC_mid2020":11.1,"Age_75_plus_number_mid2020":95,"Age_75_plus_PC_mid2020":5,"IMD_2019_Rank":6166,"IMD_2019_Decile":2,"IDAOPI_2019_Rank":2584,"IDAOPI_2019_Decile":1,"Premises_Unable_30mbps_Ofcom":6,"Premises_below_USO":0,"Shape_Length":2450.5641184229316,"Shape_Area":136419.0483627771,"in_cw":false,"whole_in_zone":true},"geometry":{"type":"MultiPolygon","coordinates":[[[[-0.056402,51.487968],[-0.05629,51.487362],[-0.054998,51.487457],[-0.05484,51.487195],[-0.056254,51.487127],[-0.056586,51.486359],[-0.054568,51.485758],[-0.054384,51.486341],[-0.052866,51.486663],[-0.05301,51.485858],[-0.053514,51.485776],[-0.053162,51.48508],[-0.053762,51.485017],[-0.05391,51.484389],[-0.055516,51.484466],[-0.055978,51.484552],[-0.055951,51.484204],[-0.057855,51.484316],[-0.058168,51.485032],[-0.0589,51.485289],[-0.058133,51.4856],[-0.058236,51.486171],[-0.05875,51.486267],[-0.059699,51.486526],[-0.05987,51.48614],[-0.061577,51.486176],[-0.061471,51.486477],[-0.062033,51.486552],[-0.061686,51.487144],[-0.061863,51.487132],[-0.061617,51.48727],[-0.059757,51.487745],[-0.058194,51.488119],[-0.057889,51.488004],[-0.056402,51.487968]]]]}},
{"type":"Feature","properties":{"layer":"London_LSOAs_Generalised_inc_Attributes_Rev_20220331","id":3895,"OBJECTID_12":3895,"OBJECTID":3895,"LSOA11CD":"E01003988","LSOA11NM":"Southwark 018B","IUCN_2018_GRP_CD":7,"IUCN_2018_GRP_LABEL":"Passive and Uncommitted Users","Local_Authority_Name":"Southwark","Paper_First":"No","HTC_digital":3,"HTC_willingness":4,"Online_share_of_returns":0.919,"Paper_share_of_returns":0.081,"Age_65_plus_number_mid2020":268,"Age_65_plus_PC_mid2020":11.1,"Age_75_plus_number_mid2020":109,"Age_75_plus_PC_mid2020":4.5,"IMD_2019_Rank":7224,"IMD_2019_Decile":3,"IDAOPI_2019_Rank":3676,"IDAOPI_2019_Decile":2,"Premises_Unable_30mbps_Ofcom":151,"Premises_below_USO":0,"Shape_Length":3763.8076246096184,"Shape_Area":386242.54637047794,"in_cw":false,"whole_in_zone":true},"geometry":{"type":"MultiPolygon","coordinates":[[[[-0.053008,51.484569],[-0.052832,51.482687],[-0.053321,51.4808],[-0.053468,51.480462],[-0.053386,51.480322],[-0.053994,51.479103],[-0.055547,51.479747],[-0.055959,51.479264],[-0.056446,51.47945],[-0.058361,51.480166],[-0.059991,51.480795],[-0.059775,51.479635],[-0.060783,51.47925],[-0.060508,51.478496],[-0.060181,51.478306],[-0.061369,51.478047],[-0.06102,51.477694],[-0.061597,51.477557],[-0.062576,51.478746],[-0.063047,51.479251],[-0.06303,51.479271],[-0.060782,51.481159],[-0.061564,51.481729],[-0.063017,51.480909],[-0.063221,51.481305],[-0.064586,51.481166],[-0.064834,51.481456],[-0.064343,51.481722],[-0.064616,51.482015],[-0.063784,51.482993],[-0.064224,51.483203],[-0.063413,51.48399],[-0.061816,51.483928],[-0.060696,51.484465],[-0.057855,51.484316],[-0.055951,51.484204],[-0.055978,51.484552],[-0.055516,51.484466],[-0.05391,51.484389],[-0.053762,51.485017],[-0.053162,51.48508],[-0.053008,51.484569]]]]}},
{"type":"Feature","properties":{"layer":"London_LSOAs_Generalised_inc_Attributes_Rev_20220331","id":3896,"OBJECTID_12":3896,"OBJECTID":3896,"LSOA11CD":"E01003989","LSOA11NM":"Southwark 018C","IUCN_2018_GRP_CD":4,"IUCN_2018_GRP_LABEL":"Youthful Urban Fringe","Local_Authority_Name":"Southwark","Paper_First":"No","HTC_digital":2,"HTC_willingness":4,"Online_share_of_returns":0.9540000000000001,"Paper_share_of_returns":0.046,"Age_65_plus_number_mid2020":134,"Age_65_plus_PC_mid2020":6.3,"Age_75_plus_number_mid2020":67,"Age_75_plus_PC_mid2020":3.1,"IMD_2019_Rank":8567,"IMD_2019_Decile":3,"IDAOPI_2019_Rank":712,"IDAOPI_2019_Decile":1,"Premises_Unable_30mbps_Ofcom":41,"Premises_below_USO":0,"Shape_Length":3524.4866732150986,"Shape_Area":249219.51638407347,"in_cw":false,"whole_in_zone":true},"geometry":{"type":"MultiPolygon","coordinates":[[[[-0.061577,51.486176],[-0.05987,51.48614],[-0.059699,51.486526],[-0.05875,51.486267],[-0.058236,51.486171],[-0.058133,51.4856],[-0.0589,51.485289],[-0.058168,51.485032],[-0.057855,51.484316],[-0.060696,51.484465],[-0.061816,51.483928],[-0.063413,51.48399],[-0.064224,51.483203],[-0.063784,51.482993],[-0.064616,51.482015],[-0.064343,51.481722],[-0.064834,51.481456],[-0.064586,51.481166],[-0.063221,51.481305],[-0.063017,51.480909],[-0.064124,51.480621],[-0.06381,51.48004],[-0.065725,51.479721],[-0.06614,51.481063],[-0.065925,51.481776],[-0.066158,51.481847],[-0.066307,51.481655],[-0.066841,51.48202],[-0.067144,51.482432],[-0.069374,51.48191],[-0.069826,51.482056],[-0.06986,51.482073],[-0.070683,51.483082],[-0.070654,51.48372],[-0.068694,51.48389],[-0.067715,51.484573],[-0.066242,51.484068],[-0.065721,51.484961],[-0.063574,51.486123],[-0.061863,51.487132],[-0.061686,51.487144],[-0.062033,51.486552],[-0.061471,51.486477],[-0.061577,51.486176]]]]}},
{"type":"Feature","properties":{"layer":"London_LSOAs_Generalised_inc_Attributes_Rev_20220331","id":3897,"OBJECTID_12":3897,"OBJECTID":3897,"LSOA11CD":"E01003990","LSOA11NM":"Southwark 018D","IUCN_2018_GRP_CD":4,"IUCN_2018_GRP_LABEL":"Youthful Urban Fringe","Local_Authority_Name":"Southwark","Paper_First":"No","HTC_digital":1,"HTC_willingness":4,"Online_share_of_returns":0.956,"Paper_share_of_returns":0.044000000000000004,"Age_65_plus_number_mid2020":183,"Age_65_plus_PC_mid2020":8.5,"Age_75_plus_number_mid2020":69,"Age_75_plus_PC_mid2020":3.2,"IMD_2019_Rank":7510,"IMD_2019_Decile":3,"IDAOPI_2019_Rank":1733,"IDAOPI_2019_Decile":1,"Premises_Unable_30mbps_Ofcom":36,"Premises_below_USO":0,"Shape_Length":2202.485630048544,"Shape_Area":139922.30222601802,"in_cw":false,"whole_in_zone":true},"geometry":{"type":"MultiPolygon","coordinates":[[[[-0.069826,51.482056],[-0.069374,51.48191],[-0.067144,51.482432],[-0.066841,51.48202],[-0.068322,51.481559],[-0.06789,51.4809],[-0.069139,51.480828],[-0.06878,51.480015],[-0.067623,51.479779],[-0.068035,51.479066],[-0.068577,51.47903],[-0.068994,51.478285],[-0.069043,51.479069],[-0.069409,51.479173],[-0.069736,51.478519],[-0.069418,51.477915],[-0.070239,51.477608],[-0.070685,51.477527],[-0.071032,51.477471],[-0.071444,51.478441],[-0.072128,51.479951],[-0.072598,51.48093],[-0.073132,51.482176],[-0.072927,51.482724],[-0.070683,51.483082],[-0.06986,51.482073],[-0.069826,51.482056]]]]}},
{"type":"Feature","properties":{"layer":"London_LSOAs_Generalised_inc_Attributes_Rev_20220331","id":3901,"OBJECTID_12":3901,"OBJECTID":3901,"LSOA11CD":"E01003994","LSOA11NM":"Southwark 012E","IUCN_2018_GRP_CD":4,"IUCN_2018_GRP_LABEL":"Youthful Urban Fringe","Local_Authority_Name":"Southwark","Paper_First":"No","HTC_digital":1,"HTC_willingness":4,"Online_share_of_returns":0.9640000000000001,"Paper_share_of_returns":0.036000000000000004,"Age_65_plus_number_mid2020":153,"Age_65_plus_PC_mid2020":9.4,"Age_75_plus_number_mid2020":65,"Age_75_plus_PC_mid2020":4,"IMD_2019_Rank":5652,"IMD_2019_Decile":2,"IDAOPI_2019_Rank":1295,"IDAOPI_2019_Decile":1,"Premises_Unable_30mbps_Ofcom":78,"Premises_below_USO":0,"Shape_Length":2129.38441242395,"Shape_Area":141919.04512809188,"in_cw":false,"whole_in_zone":false},"geometry":{"type":"MultiPolygon","coordinates":[[[[-0.096468,51.489514],[-0.095463,51.487752],[-0.094663,51.486419],[-0.094369,51.48607],[-0.094972,51.485942],[-0.095145,51.486145],[-0.095084,51.486505],[-0.095924,51.486841],[-0.096558,51.48671],[-0.096835,51.487212],[-0.097595,51.486959],[-0.097225,51.4869],[-0.097371,51.486306],[-0.098233,51.485847],[-0.098384,51.486062],[-0.100408,51.48518],[-0.10103,51.48559],[-0.10048,51.486067],[-0.101137,51.486397],[-0.102232,51.486676],[-0.102698,51.486954],[-0.102287,51.487263],[-0.10269,51.487575],[-0.102647,51.487643],[-0.101786,51.487993],[-0.100929,51.488979],[-0.100242,51.488611],[-0.09901,51.489067],[-0.099117,51.48883],[-0.098111,51.488816],[-0.096468,51.489514]]]]}},
{"type":"Feature","properties":{"layer":"London_LSOAs_Generalised_inc_Attributes_Rev_20220331","id":3903,"OBJECTID_12":3903,"OBJECTID":3903,"LSOA11CD":"E01003997","LSOA11NM":"Southwark 017E","IUCN_2018_GRP_CD":4,"IUCN_2018_GRP_LABEL":"Youthful Urban Fringe","Local_Authority_Name":"Southwark","Paper_First":"No","HTC_digital":1,"HTC_willingness":4,"Online_share_of_returns":0.9690000000000001,"Paper_share_of_returns":0.031,"Age_65_plus_number_mid2020":123,"Age_65_plus_PC_mid2020":10.1,"Age_75_plus_number_mid2020":47,"Age_75_plus_PC_mid2020":3.8,"IMD_2019_Rank":7905,"IMD_2019_Decile":3,"IDAOPI_2019_Rank":2826,"IDAOPI_2019_Decile":1,"Premises_Unable_30mbps_Ofcom":26,"Premises_below_USO":0,"Shape_Length":1750.0805737149299,"Shape_Area":75532.37274144,"in_cw":false,"whole_in_zone":false},"geometry":{"type":"MultiPolygon","coordinates":[[[[-0.096835,51.487212],[-0.096558,51.48671],[-0.095924,51.486841],[-0.095084,51.486505],[-0.095145,51.486145],[-0.094972,51.485942],[-0.094369,51.48607],[-0.094336,51.486023],[-0.093941,51.485453],[-0.094411,51.485382],[-0.095802,51.485127],[-0.097118,51.484974],[-0.097708,51.485325],[-0.09788,51.485346],[-0.098872,51.484355],[-0.098623,51.484117],[-0.099978,51.483513],[-0.100694,51.4832],[-0.101102,51.483429],[-0.100717,51.484335],[-0.101365,51.484419],[-0.100098,51.484986],[-0.100408,51.48518],[-0.098384,51.486062],[-0.098233,51.485847],[-0.097371,51.486306],[-0.097225,51.4869],[-0.097595,51.486959],[-0.096835,51.487212]]]]}},
{"type":"Feature","properties":{"layer":"London_LSOAs_Generalised_inc_Attributes_Rev_20220331","id":3909,"OBJECTID_12":3909,"OBJECTID":3909,"LSOA11CD":"E01004003","LSOA11NM":"Southwark 023B","IUCN_2018_GRP_CD":7,"IUCN_2018_GRP_LABEL":"Passive and Uncommitted Users","Local_Authority_Name":"Southwark","Paper_First":"No","HTC_digital":1,"HTC_willingness":4,"Online_share_of_returns":0.9440000000000001,"Paper_share_of_returns":0.055999999999999994,"Age_65_plus_number_mid2020":194,"Age_65_plus_PC_mid2020":9.5,"Age_75_plus_number_mid2020":89,"Age_75_plus_PC_mid2020":4.4,"IMD_2019_Rank":5683,"IMD_2019_Decile":2,"IDAOPI_2019_Rank":1397,"IDAOPI_2019_Decile":1,"Premises_Unable_30mbps_Ofcom":3,"Premises_below_USO":0,"Shape_Length":1646.3570150474297,"Shape_Area":126302.77209415642,"in_cw":false,"whole_in_zone":true},"geometry":{"type":"MultiPolygon","coordinates":[[[[-0.054311,51.478609],[-0.052675,51.478009],[-0.052713,51.476628],[-0.052723,51.476076],[-0.052727,51.475587],[-0.052728,51.475386],[-0.053214,51.475395],[-0.05356,51.475876],[-0.053849,51.475363],[-0.055705,51.475375],[-0.055627,51.475732],[-0.056124,51.475863],[-0.056386,51.475463],[-0.05715,51.47559],[-0.057906,51.475337],[-0.058423,51.477175],[-0.058514,51.477396],[-0.05897,51.47814],[-0.056843,51.47831],[-0.055629,51.478257],[-0.055114,51.47891],[-0.054311,51.478609]]]]}},
{"type":"Feature","properties":{"layer":"London_LSOAs_Generalised_inc_Attributes_Rev_20220331","id":3910,"OBJECTID_12":3910,"OBJECTID":3910,"LSOA11CD":"E01004004","LSOA11NM":"Southwark 023C","IUCN_2018_GRP_CD":4,"IUCN_2018_GRP_LABEL":"Youthful Urban Fringe","Local_Authority_Name":"Southwark","Paper_First":"No","HTC_digital":1,"HTC_willingness":4,"Online_share_of_returns":0.963,"Paper_share_of_returns":0.037000000000000005,"Age_65_plus_number_mid2020":182,"Age_65_plus_PC_mid2020":6.6,"Age_75_plus_number_mid2020":84,"Age_75_plus_PC_mid2020":3,"IMD_2019_Rank":7230,"IMD_2019_Decile":3,"IDAOPI_2019_Rank":1266,"IDAOPI_2019_Decile":1,"Premises_Unable_30mbps_Ofcom":48,"Premises_below_USO":0,"Shape_Length":2881.469116902391,"Shape_Area":198609.50993288145,"in_cw":false,"whole_in_zone":false},"geometry":{"type":"MultiPolygon","coordinates":[[[[-0.052728,51.475386],[-0.052729,51.475241],[-0.052736,51.47359],[-0.052735,51.473354],[-0.052608,51.47254],[-0.052287,51.471523],[-0.052259,51.471433],[-0.05334,51.471732],[-0.053707,51.471464],[-0.053333,51.470285],[-0.052883,51.469244],[-0.053162,51.468676],[-0.053107,51.468469],[-0.053851,51.468392],[-0.054501,51.470188],[-0.055071,51.470428],[-0.055791,51.470232],[-0.056327,51.470087],[-0.056182,51.469756],[-0.056605,51.469699],[-0.057445,51.470673],[-0.057664,51.4717],[-0.057372,51.472271],[-0.058404,51.471803],[-0.058988,51.472174],[-0.05813,51.472831],[-0.057187,51.473029],[-0.057375,51.473402],[-0.055896,51.473258],[-0.055739,51.473555],[-0.056204,51.473398],[-0.057204,51.474175],[-0.056386,51.475463],[-0.056124,51.475863],[-0.055627,51.475732],[-0.055705,51.475375],[-0.053849,51.475363],[-0.05356,51.475876],[-0.053214,51.475395],[-0.052728,51.475386]]]]}},
{"type":"Feature","properties":{"layer":"London_LSOAs_Generalised_inc_Attributes_Rev_20220331","id":3911,"OBJECTID_12":3911,"OBJECTID":3911,"LSOA11CD":"E01004005","LSOA11NM":"Southwark 023D","IUCN_2018_GRP_CD":7,"IUCN_2018_GRP_LABEL":"Passive and Uncommitted Users","Local_Authority_Name":"Southwark","Paper_First":"No","HTC_digital":2,"HTC_willingness":4,"Online_share_of_returns":0.9570000000000001,"Paper_share_of_returns":0.043,"Age_65_plus_number_mid2020":244,"Age_65_plus_PC_mid2020":10,"Age_75_plus_number_mid2020":104,"Age_75_plus_PC_mid2020":4.3,"IMD_2019_Rank":3029,"IMD_2019_Decile":1,"IDAOPI_2019_Rank":450,"IDAOPI_2019_Decile":1,"Premises_Unable_30mbps_Ofcom":1,"Premises_below_USO":0,"Shape_Length":2607.567684019071,"Shape_Area":152698.50236239383,"in_cw":false,"whole_in_zone":false},"geometry":{"type":"MultiPolygon","coordinates":[[[[-0.057204,51.474175],[-0.056204,51.473398],[-0.055739,51.473555],[-0.055896,51.473258],[-0.057375,51.473402],[-0.057187,51.473029],[-0.05813,51.472831],[-0.05848,51.473189],[-0.059384,51.473195],[-0.059656,51.472481],[-0.060577,51.471639],[-0.060645,51.471255],[-0.061276,51.47102],[-0.060484,51.469689],[-0.060598,51.469227],[-0.06115,51.469091],[-0.063795,51.470174],[-0.063875,51.470418],[-0.064148,51.471055],[-0.063929,51.472694],[-0.063851,51.474013],[-0.061905,51.474009],[-0.060643,51.473937],[-0.059569,51.47377],[-0.059037,51.473621],[-0.05789,51.473405],[-0.057772,51.47415],[-0.057906,51.475337],[-0.05715,51.47559],[-0.056386,51.475463],[-0.057204,51.474175]]]]}},
{"type":"Feature","properties":{"layer":"London_LSOAs_Generalised_inc_Attributes_Rev_20220331","id":3912,"OBJECTID_12":3912,"OBJECTID":3912,"LSOA11CD":"E01004006","LSOA11NM":"Southwark 023E","IUCN_2018_GRP_CD":4,"IUCN_2018_GRP_LABEL":"Youthful Urban Fringe","Local_Authority_Name":"Southwark","Paper_First":"No","HTC_digital":1,"HTC_willingness":4,"Online_share_of_returns":0.94,"Paper_share_of_returns":0.06,"Age_65_plus_number_mid2020":168,"Age_65_plus_PC_mid2020":7.7,"Age_75_plus_number_mid2020":99,"Age_75_plus_PC_mid2020":4.5,"IMD_2019_Rank":9908,"IMD_2019_Decile":4,"IDAOPI_2019_Rank":3228,"IDAOPI_2019_Decile":1,"Premises_Unable_30mbps_Ofcom":0,"Premises_below_USO":0,"Shape_Length":2474.7185597029825,"Shape_Area":149248.85469019006,"in_cw":false,"whole_in_zone":false},"geometry":{"type":"MultiPolygon","coordinates":[[[[-0.058988,51.472174],[-0.058404,51.471803],[-0.057372,51.472271],[-0.057664,51.4717],[-0.057445,51.470673],[-0.056605,51.469699],[-0.056182,51.469756],[-0.056327,51.470087],[-0.055791,51.470232],[-0.055071,51.470428],[-0.054501,51.470188],[-0.053851,51.468392],[-0.05412,51.467811],[-0.055436,51.468345],[-0.055794,51.468224],[-0.056524,51.469347],[-0.057011,51.4694],[-0.056629,51.468325],[-0.057817,51.467856],[-0.059456,51.468438],[-0.06115,51.469091],[-0.060598,51.469227],[-0.060484,51.469689],[-0.061276,51.47102],[-0.060645,51.471255],[-0.060577,51.471639],[-0.059656,51.472481],[-0.059384,51.473195],[-0.05848,51.473189],[-0.05813,51.472831],[-0.058988,51.472174]]]]}},
{"type":"Feature","properties":{"layer":"London_LSOAs_Generalised_inc_Attributes_Rev_20220331","id":3913,"OBJECTID_12":3913,"OBJECTID":3913,"LSOA11CD":"E01004007","LSOA11NM":"Southwark 018E","IUCN_2018_GRP_CD":7,"IUCN_2018_GRP_LABEL":"Passive and Uncommitted Users","Local_Authority_Name":"Southwark","Paper_First":"No","HTC_digital":1,"HTC_willingness":4,"Online_share_of_returns":0.9520000000000001,"Paper_share_of_returns":0.048,"Age_65_plus_number_mid2020":172,"Age_65_plus_PC_mid2020":12.9,"Age_75_plus_number_mid2020":64,"Age_75_plus_PC_mid2020":4.8,"IMD_2019_Rank":4448,"IMD_2019_Decile":2,"IDAOPI_2019_Rank":798,"IDAOPI_2019_Decile":1,"Premises_Unable_30mbps_Ofcom":1,"Premises_below_USO":0,"Shape_Length":1498.2111320329686,"Shape_Area":78557.5573550623,"in_cw":false,"whole_in_zone":true},"geometry":{"type":"MultiPolygon","coordinates":[[[[-0.072128,51.479951],[-0.071444,51.478441],[-0.071032,51.477471],[-0.073148,51.47719],[-0.073449,51.476874],[-0.074321,51.477021],[-0.074851,51.47845],[-0.076142,51.478431],[-0.076206,51.478735],[-0.075118,51.479295],[-0.074471,51.478737],[-0.074567,51.47934],[-0.074035,51.479363],[-0.073466,51.480266],[-0.074084,51.480695],[-0.072598,51.48093],[-0.072128,51.479951]]]]}},
{"type":"Feature","properties":{"layer":"London_LSOAs_Generalised_inc_Attributes_Rev_20220331","id":3914,"OBJECTID_12":3914,"OBJECTID":3914,"LSOA11CD":"E01004008","LSOA11NM":"Southwark 022B","IUCN_2018_GRP_CD":4,"IUCN_2018_GRP_LABEL":"Youthful Urban Fringe","Local_Authority_Name":"Southwark","Paper_First":"No","HTC_digital":1,"HTC_willingness":4,"Online_share_of_returns":0.961,"Paper_share_of_returns":0.039,"Age_65_plus_number_mid2020":180,"Age_65_plus_PC_mid2020":8.9,"Age_75_plus_number_mid2020":58,"Age_75_plus_PC_mid2020":2.9,"IMD_2019_Rank":5948,"IMD_2019_Decile":2,"IDAOPI_2019_Rank":2683,"IDAOPI_2019_Decile":1,"Premises_Unable_30mbps_Ofcom":67,"Premises_below_USO":0,"Shape_Length":1756.328031649567,"Shape_Area":100012.55126985072,"in_cw":false,"whole_in_zone":true},"geometry":{"type":"MultiPolygon","coordinates":[[[[-0.066665,51.477419],[-0.066585,51.477209],[-0.065051,51.477253],[-0.065402,51.476011],[-0.064733,51.475692],[-0.065746,51.475571],[-0.065848,51.473983],[-0.066508,51.473992],[-0.066993,51.473995],[-0.067908,51.47395],[-0.067538,51.474612],[-0.067903,51.475304],[-0.068917,51.475061],[-0.069465,51.476175],[-0.069513,51.476455],[-0.068938,51.476626],[-0.069315,51.477226],[-0.068876,51.477363],[-0.068465,51.478217],[-0.067193,51.47842],[-0.066625,51.47851],[-0.066341,51.477652],[-0.065361,51.477495],[-0.066665,51.477419]]]]}},
{"type":"Feature","properties":{"layer":"London_LSOAs_Generalised_inc_Attributes_Rev_20220331","id":3915,"OBJECTID_12":3915,"OBJECTID":3915,"LSOA11CD":"E01004010","LSOA11NM":"Southwark 022D","IUCN_2018_GRP_CD":4,"IUCN_2018_GRP_LABEL":"Youthful Urban Fringe","Local_Authority_Name":"Southwark","Paper_First":"No","HTC_digital":1,"HTC_willingness":4,"Online_share_of_returns":0.9570000000000001,"Paper_share_of_returns":0.043,"Age_65_plus_number_mid2020":150,"Age_65_plus_PC_mid2020":9.1,"Age_75_plus_number_mid2020":88,"Age_75_plus_PC_mid2020":5.3,"IMD_2019_Rank":6961,"IMD_2019_Decile":3,"IDAOPI_2019_Rank":1519,"IDAOPI_2019_Decile":1,"Premises_Unable_30mbps_Ofcom":21,"Premises_below_USO":0,"Shape_Length":2085.8607646464793,"Shape_Area":128872.76859991564,"in_cw":false,"whole_in_zone":false},"geometry":{"type":"MultiPolygon","coordinates":[[[[-0.069465,51.476175],[-0.068917,51.475061],[-0.067903,51.475304],[-0.067538,51.474612],[-0.067908,51.47395],[-0.070478,51.473345],[-0.072754,51.473658],[-0.074264,51.474059],[-0.073141,51.474635],[-0.072688,51.474165],[-0.072001,51.474051],[-0.07144,51.474379],[-0.072013,51.474384],[-0.072444,51.475434],[-0.073148,51.47719],[-0.071032,51.477471],[-0.070685,51.477527],[-0.070239,51.477608],[-0.069418,51.477915],[-0.068465,51.478217],[-0.068876,51.477363],[-0.069315,51.477226],[-0.068938,51.476626],[-0.069513,51.476455],[-0.069465,51.476175]]]]}},
{"type":"Feature","properties":{"layer":"London_LSOAs_Generalised_inc_Attributes_Rev_20220331","id":3916,"OBJECTID_12":3916,"OBJECTID":3916,"LSOA11CD":"E01004011","LSOA11NM":"Southwark 019B","IUCN_2018_GRP_CD":4,"IUCN_2018_GRP_LABEL":"Youthful Urban Fringe","Local_Authority_Name":"Southwark","Paper_First":"No","HTC_digital":2,"HTC_willingness":4,"Online_share_of_returns":0.956,"Paper_share_of_returns":0.044000000000000004,"Age_65_plus_number_mid2020":193,"Age_65_plus_PC_mid2020":8.6,"Age_75_plus_number_mid2020":76,"Age_75_plus_PC_mid2020":3.4,"IMD_2019_Rank":7560,"IMD_2019_Decile":3,"IDAOPI_2019_Rank":1056,"IDAOPI_2019_Decile":1,"Premises_Unable_30mbps_Ofcom":20,"Premises_below_USO":0,"Shape_Length":2043.938977626004,"Shape_Area":113926.88188422633,"in_cw":false,"whole_in_zone":true},"geometry":{"type":"MultiPolygon","coordinates":[[[[-0.0786,51.47977],[-0.078353,51.479464],[-0.077665,51.479505],[-0.077371,51.479212],[-0.076487,51.479164],[-0.076997,51.478737],[-0.076206,51.478735],[-0.076142,51.478431],[-0.074851,51.47845],[-0.074321,51.477021],[-0.075365,51.476867],[-0.07612,51.477623],[-0.076645,51.47763],[-0.076074,51.47606],[-0.077525,51.475695],[-0.078,51.476166],[-0.076959,51.476444],[-0.077529,51.476509],[-0.078224,51.476269],[-0.078589,51.476061],[-0.079367,51.476507],[-0.080431,51.477136],[-0.080931,51.477963],[-0.080207,51.478424],[-0.079555,51.478057],[-0.079709,51.478756],[-0.079731,51.478859],[-0.079856,51.479427],[-0.079165,51.480011],[-0.0786,51.47977]]]]}},
{"type":"Feature","properties":{"layer":"London_LSOAs_Generalised_inc_Attributes_Rev_20220331","id":3917,"OBJECTID_12":3917,"OBJECTID":3917,"LSOA11CD":"E01004012","LSOA11NM":"Southwark 019C","IUCN_2018_GRP_CD":4,"IUCN_2018_GRP_LABEL":"Youthful Urban Fringe","Local_Authority_Name":"Southwark","Paper_First":"No","HTC_digital":1,"HTC_willingness":4,"Online_share_of_returns":0.972,"Paper_share_of_returns":0.027999999999999997,"Age_65_plus_number_mid2020":132,"Age_65_plus_PC_mid2020":5.4,"Age_75_plus_number_mid2020":57,"Age_75_plus_PC_mid2020":2.4,"IMD_2019_Rank":9413,"IMD_2019_Decile":3,"IDAOPI_2019_Rank":562,"IDAOPI_2019_Decile":1,"Premises_Unable_30mbps_Ofcom":29,"Premises_below_USO":0,"Shape_Length":2201.340977962271,"Shape_Area":140516.94911472665,"in_cw":false,"whole_in_zone":true},"geometry":{"type":"MultiPolygon","coordinates":[[[[-0.077026,51.482075],[-0.077184,51.480854],[-0.076174,51.4809],[-0.076099,51.480592],[-0.076036,51.480333],[-0.076931,51.480237],[-0.077514,51.479806],[-0.0786,51.47977],[-0.079165,51.480011],[-0.079856,51.479427],[-0.079731,51.478859],[-0.079709,51.478756],[-0.079555,51.478057],[-0.080207,51.478424],[-0.080931,51.477963],[-0.081294,51.478553],[-0.081372,51.47868],[-0.081758,51.479294],[-0.081852,51.479437],[-0.082511,51.479415],[-0.082153,51.479894],[-0.082594,51.480514],[-0.084001,51.480837],[-0.085426,51.480907],[-0.085677,51.481982],[-0.084225,51.482045],[-0.084079,51.481686],[-0.081009,51.481823],[-0.079692,51.48191],[-0.07802,51.482015],[-0.077026,51.482075]]]]}},
{"type":"Feature","properties":{"layer":"London_LSOAs_Generalised_inc_Attributes_Rev_20220331","id":3918,"OBJECTID_12":3918,"OBJECTID":3918,"LSOA11CD":"E01004013","LSOA11NM":"Southwark 019D","IUCN_2018_GRP_CD":7,"IUCN_2018_GRP_LABEL":"Passive and Uncommitted Users","Local_Authority_Name":"Southwark","Paper_First":"No","HTC_digital":1,"HTC_willingness":4,"Online_share_of_returns":0.966,"Paper_share_of_returns":0.034,"Age_65_plus_number_mid2020":138,"Age_65_plus_PC_mid2020":9.9,"Age_75_plus_number_mid2020":50,"Age_75_plus_PC_mid2020":3.6,"IMD_2019_Rank":4531,"IMD_2019_Decile":2,"IDAOPI_2019_Rank":886,"IDAOPI_2019_Decile":1,"Premises_Unable_30mbps_Ofcom":2,"Premises_below_USO":0,"Shape_Length":1937.6216241386433,"Shape_Area":106165.90705516729,"in_cw":false,"whole_in_zone":true},"geometry":{"type":"MultiPolygon","coordinates":[[[[-0.07612,51.477623],[-0.075365,51.476867],[-0.074321,51.477021],[-0.073449,51.476874],[-0.073148,51.47719],[-0.072444,51.475434],[-0.072013,51.474384],[-0.07144,51.474379],[-0.072001,51.474051],[-0.072688,51.474165],[-0.073141,51.474635],[-0.074264,51.474059],[-0.075115,51.474247],[-0.077408,51.474254],[-0.078441,51.47592],[-0.078589,51.476061],[-0.078224,51.476269],[-0.077529,51.476509],[-0.076959,51.476444],[-0.078,51.476166],[-0.077525,51.475695],[-0.076074,51.47606],[-0.076645,51.47763],[-0.07612,51.477623]]]]}},
{"type":"Feature","properties":{"layer":"London_LSOAs_Generalised_inc_Attributes_Rev_20220331","id":3919,"OBJECTID_12":3919,"OBJECTID":3919,"LSOA11CD":"E01004014","LSOA11NM":"Southwark 019E","IUCN_2018_GRP_CD":7,"IUCN_2018_GRP_LABEL":"Passive and Uncommitted Users","Local_Authority_Name":"Southwark","Paper_First":"No","HTC_digital":2,"HTC_willingness":4,"Online_share_of_returns":0.97,"Paper_share_of_returns":0.03,"Age_65_plus_number_mid2020":174,"Age_65_plus_PC_mid2020":9.5,"Age_75_plus_number_mid2020":97,"Age_75_plus_PC_mid2020":5.3,"IMD_2019_Rank":6313,"IMD_2019_Decile":2,"IDAOPI_2019_Rank":1489,"IDAOPI_2019_Decile":1,"Premises_Unable_30mbps_Ofcom":1,"Premises_below_USO":0,"Shape_Length":1850.7758900944914,"Shape_Area":92540.47648979005,"in_cw":false,"whole_in_zone":true},"geometry":{"type":"MultiPolygon","coordinates":[[[[-0.072598,51.48093],[-0.074084,51.480695],[-0.073466,51.480266],[-0.074035,51.479363],[-0.074567,51.47934],[-0.074471,51.478737],[-0.075118,51.479295],[-0.076206,51.478735],[-0.076997,51.478737],[-0.076487,51.479164],[-0.077371,51.479212],[-0.077665,51.479505],[-0.078353,51.479464],[-0.0786,51.47977],[-0.077514,51.479806],[-0.076931,51.480237],[-0.076036,51.480333],[-0.076099,51.480592],[-0.076174,51.4809],[-0.077184,51.480854],[-0.077026,51.482075],[-0.075328,51.482179],[-0.074029,51.482259],[-0.073962,51.482531],[-0.072927,51.482724],[-0.073132,51.482176],[-0.072598,51.48093]]]]}},
{"type":"Feature","properties":{"layer":"London_LSOAs_Generalised_inc_Attributes_Rev_20220331","id":3927,"OBJECTID_12":3927,"OBJECTID":3927,"LSOA11CD":"E01004022","LSOA11NM":"Southwark 004C","IUCN_2018_GRP_CD":4,"IUCN_2018_GRP_LABEL":"Youthful Urban Fringe","Local_Authority_Name":"Southwark","Paper_First":"No","HTC_digital":2,"HTC_willingness":3,"Online_share_of_returns":0.9570000000000001,"Paper_share_of_returns":0.043,"Age_65_plus_number_mid2020":310,"Age_65_plus_PC_mid2020":8.1,"Age_75_plus_number_mid2020":122,"Age_75_plus_PC_mid2020":3.2,"IMD_2019_Rank":11006,"IMD_2019_Decile":4,"IDAOPI_2019_Rank":5263,"IDAOPI_2019_Decile":2,"Premises_Unable_30mbps_Ofcom":29,"Premises_below_USO":0,"Shape_Length":3033.2598160100197,"Shape_Area":226634.65864470715,"in_cw":false,"whole_in_zone":true},"geometry":{"type":"MultiPolygon","coordinates":[[[[-0.065105,51.499792],[-0.065477,51.499466],[-0.065919,51.499081],[-0.065156,51.498587],[-0.064881,51.498694],[-0.065178,51.498065],[-0.064546,51.498131],[-0.064167,51.497813],[-0.065147,51.497706],[-0.065535,51.497369],[-0.064096,51.497558],[-0.063979,51.497139],[-0.063184,51.497222],[-0.061914,51.497239],[-0.061791,51.496738],[-0.061459,51.495396],[-0.062039,51.495344],[-0.063134,51.493565],[-0.064496,51.494149],[-0.06653,51.495062],[-0.068095,51.495773],[-0.068943,51.496194],[-0.069873,51.496653],[-0.069669,51.497151],[-0.069254,51.497774],[-0.068817,51.497694],[-0.068198,51.498155],[-0.069195,51.498492],[-0.069039,51.498777],[-0.067507,51.498678],[-0.067279,51.499668],[-0.06812,51.49952],[-0.067986,51.499821],[-0.068893,51.499918],[-0.068036,51.500326],[-0.066829,51.500424],[-0.066508,51.500855],[-0.066281,51.501254],[-0.064898,51.500777],[-0.065557,51.500006],[-0.065105,51.499792]]]]}},
{"type":"Feature","properties":{"layer":"London_LSOAs_Generalised_inc_Attributes_Rev_20220331","id":3928,"OBJECTID_12":3928,"OBJECTID":3928,"LSOA11CD":"E01004023","LSOA11NM":"Southwark 004D","IUCN_2018_GRP_CD":4,"IUCN_2018_GRP_LABEL":"Youthful Urban Fringe","Local_Authority_Name":"Southwark","Paper_First":"No","HTC_digital":1,"HTC_willingness":4,"Online_share_of_returns":0.9329999999999999,"Paper_share_of_returns":0.067,"Age_65_plus_number_mid2020":209,"Age_65_plus_PC_mid2020":10.6,"Age_75_plus_number_mid2020":98,"Age_75_plus_PC_mid2020":5,"IMD_2019_Rank":8739,"IMD_2019_Decile":3,"IDAOPI_2019_Rank":2713,"IDAOPI_2019_Decile":1,"Premises_Unable_30mbps_Ofcom":4,"Premises_below_USO":0,"Shape_Length":1913.8943828049519,"Shape_Area":113516.83937063799,"in_cw":false,"whole_in_zone":true},"geometry":{"type":"MultiPolygon","coordinates":[[[[-0.064784,51.500818],[-0.063804,51.500733],[-0.063772,51.500633],[-0.063769,51.500617],[-0.063708,51.500613],[-0.059175,51.500706],[-0.059115,51.50052],[-0.06099,51.500503],[-0.060948,51.500261],[-0.060539,51.499292],[-0.060635,51.498646],[-0.060633,51.498556],[-0.060557,51.498119],[-0.062061,51.497864],[-0.061914,51.497239],[-0.063184,51.497222],[-0.063979,51.497139],[-0.064096,51.497558],[-0.065535,51.497369],[-0.065147,51.497706],[-0.064167,51.497813],[-0.064546,51.498131],[-0.065178,51.498065],[-0.064881,51.498694],[-0.065156,51.498587],[-0.065919,51.499081],[-0.065477,51.499466],[-0.065105,51.499792],[-0.065557,51.500006],[-0.064898,51.500777],[-0.064837,51.500774],[-0.064784,51.500818]]]]}},
{"type":"Feature","properties":{"layer":"London_LSOAs_Generalised_inc_Attributes_Rev_20220331","id":3929,"OBJECTID_12":3929,"OBJECTID":3929,"LSOA11CD":"E01004024","LSOA11NM":"Southwark 011C","IUCN_2018_GRP_CD":4,"IUCN_2018_GRP_LABEL":"Youthful Urban Fringe","Local_Authority_Name":"Southwark","Paper_First":"No","HTC_digital":2,"HTC_willingness":4,"Online_share_of_returns":0.9440000000000001,"Paper_share_of_returns":0.055999999999999994,"Age_65_plus_number_mid2020":230,"Age_65_plus_PC_mid2020":10.7,"Age_75_plus_number_mid2020":113,"Age_75_plus_PC_mid2020":5.3,"IMD_2019_Rank":7463,"IMD_2019_Decile":3,"IDAOPI_2019_Rank":1680,"IDAOPI_2019_Decile":1,"Premises_Unable_30mbps_Ofcom":2,"Premises_below_USO":0,"Shape_Length":1717.2028824269908,"Shape_Area":120018.3969283989,"in_cw":false,"whole_in_zone":true},"geometry":{"type":"MultiPolygon","coordinates":[[[[-0.059964,51.492369],[-0.06012,51.49225],[-0.060237,51.492301],[-0.063134,51.493565],[-0.062039,51.495344],[-0.061459,51.495396],[-0.061791,51.496738],[-0.061914,51.497239],[-0.062061,51.497864],[-0.060557,51.498119],[-0.060455,51.49769],[-0.060301,51.496861],[-0.060252,51.496566],[-0.059912,51.49555],[-0.059598,51.495152],[-0.059487,51.495055],[-0.057635,51.494094],[-0.058084,51.492794],[-0.059964,51.492369]]]]}},
{"type":"Feature","properties":{"layer":"London_LSOAs_Generalised_inc_Attributes_Rev_20220331","id":3930,"OBJECTID_12":3930,"OBJECTID":3930,"LSOA11CD":"E01004027","LSOA11NM":"Southwark 003E","IUCN_2018_GRP_CD":2,"IUCN_2018_GRP_LABEL":"e-Professionals","Local_Authority_Name":"Southwark","Paper_First":"No","HTC_digital":1,"HTC_willingness":4,"Online_share_of_returns":0.972,"Paper_share_of_returns":0.027999999999999997,"Age_65_plus_number_mid2020":118,"Age_65_plus_PC_mid2020":4.2,"Age_75_plus_number_mid2020":32,"Age_75_plus_PC_mid2020":1.2,"IMD_2019_Rank":14772,"IMD_2019_Decile":5,"IDAOPI_2019_Rank":2367,"IDAOPI_2019_Decile":1,"Premises_Unable_30mbps_Ofcom":481,"Premises_below_USO":0,"Shape_Length":3437.4025465268874,"Shape_Area":296474.9018195342,"in_cw":false,"whole_in_zone":true},"geometry":{"type":"MultiPolygon","coordinates":[[[[-0.07598,51.501956],[-0.076259,51.501648],[-0.075334,51.501721],[-0.075702,51.50132],[-0.075181,51.501025],[-0.074774,51.500822],[-0.073794,51.500644],[-0.073907,51.500495],[-0.072514,51.500058],[-0.071698,51.499404],[-0.072068,51.499126],[-0.073065,51.499048],[-0.072987,51.499812],[-0.074073,51.499766],[-0.074593,51.499058],[-0.07633,51.499991],[-0.077019,51.500362],[-0.077131,51.500423],[-0.079574,51.501716],[-0.080125,51.502008],[-0.080707,51.502349],[-0.081425,51.502734],[-0.08839,51.506093],[-0.088026,51.506828],[-0.081038,51.505891],[-0.076117,51.504402],[-0.077242,51.502806],[-0.076869,51.502719],[-0.076215,51.50251],[-0.076402,51.502144],[-0.07598,51.501956]]]]}},
{"type":"Feature","properties":{"layer":"London_LSOAs_Generalised_inc_Attributes_Rev_20220331","id":3931,"OBJECTID_12":3931,"OBJECTID":3931,"LSOA11CD":"E01004028","LSOA11NM":"Southwark 004E","IUCN_2018_GRP_CD":4,"IUCN_2018_GRP_LABEL":"Youthful Urban Fringe","Local_Authority_Name":"Southwark","Paper_First":"No","HTC_digital":1,"HTC_willingness":4,"Online_share_of_returns":0.9540000000000001,"Paper_share_of_returns":0.046,"Age_65_plus_number_mid2020":169,"Age_65_plus_PC_mid2020":6,"Age_75_plus_number_mid2020":47,"Age_75_plus_PC_mid2020":1.7,"IMD_2019_Rank":9929,"IMD_2019_Decile":4,"IDAOPI_2019_Rank":1924,"IDAOPI_2019_Decile":1,"Premises_Unable_30mbps_Ofcom":8,"Premises_below_USO":0,"Shape_Length":2196.8635901104585,"Shape_Area":123404.50554307364,"in_cw":false,"whole_in_zone":true},"geometry":{"type":"MultiPolygon","coordinates":[[[[-0.066829,51.500424],[-0.068036,51.500326],[-0.068893,51.499918],[-0.067986,51.499821],[-0.06812,51.49952],[-0.067279,51.499668],[-0.067507,51.498678],[-0.069039,51.498777],[-0.069195,51.498492],[-0.068198,51.498155],[-0.068817,51.497694],[-0.069254,51.497774],[-0.069669,51.497151],[-0.069873,51.496653],[-0.071982,51.497668],[-0.072834,51.498122],[-0.073769,51.498619],[-0.074593,51.499058],[-0.074073,51.499766],[-0.072987,51.499812],[-0.073065,51.499048],[-0.072068,51.499126],[-0.071698,51.499404],[-0.072514,51.500058],[-0.070896,51.500507],[-0.070384,51.500476],[-0.069865,51.500913],[-0.068442,51.500948],[-0.066829,51.500424]]]]}},
{"type":"Feature","properties":{"layer":"London_LSOAs_Generalised_inc_Attributes_Rev_20220331","id":3932,"OBJECTID_12":3932,"OBJECTID":3932,"LSOA11CD":"E01004029","LSOA11NM":"Southwark 001A","IUCN_2018_GRP_CD":2,"IUCN_2018_GRP_LABEL":"e-Professionals","Local_Authority_Name":"Southwark","Paper_First":"No","HTC_digital":2,"HTC_willingness":3,"Online_share_of_returns":0.9890000000000001,"Paper_share_of_returns":0.011000000000000001,"Age_65_plus_number_mid2020":107,"Age_65_plus_PC_mid2020":4.4,"Age_75_plus_number_mid2020":26,"Age_75_plus_PC_mid2020":1.1,"IMD_2019_Rank":21736,"IMD_2019_Decile":7,"IDAOPI_2019_Rank":9024,"IDAOPI_2019_Decile":3,"Premises_Unable_30mbps_Ofcom":18,"Premises_below_USO":0,"Shape_Length":2052.765882048827,"Shape_Area":109407.58004330505,"in_cw":false,"whole_in_zone":true},"geometry":{"type":"MultiPolygon","coordinates":[[[[-0.047768,51.501047],[-0.047232,51.500813],[-0.046626,51.500938],[-0.046857,51.500583],[-0.046133,51.500546],[-0.045553,51.500075],[-0.046358,51.499397],[-0.046784,51.499597],[-0.046917,51.4991],[-0.046241,51.498785],[-0.045872,51.49829],[-0.046099,51.498173],[-0.047155,51.498721],[-0.048347,51.49883],[-0.048183,51.499475],[-0.04873,51.499644],[-0.048764,51.500055],[-0.04881,51.500151],[-0.048266,51.500532],[-0.049552,51.500738],[-0.049969,51.501672],[-0.050108,51.501782],[-0.051249,51.502695],[-0.04885,51.504039],[-0.049091,51.504232],[-0.048579,51.504517],[-0.047949,51.504134],[-0.047385,51.503467],[-0.047485,51.503397],[-0.047174,51.501936],[-0.047768,51.501047]]]]}},
{"type":"Feature","properties":{"layer":"London_LSOAs_Generalised_inc_Attributes_Rev_20220331","id":3933,"OBJECTID_12":3933,"OBJECTID":3933,"LSOA11CD":"E01004030","LSOA11NM":"Southwark 007A","IUCN_2018_GRP_CD":3,"IUCN_2018_GRP_LABEL":"e-Veterans","Local_Authority_Name":"Southwark","Paper_First":"No","HTC_digital":1,"HTC_willingness":3,"Online_share_of_returns":0.9540000000000001,"Paper_share_of_returns":0.046,"Age_65_plus_number_mid2020":172,"Age_65_plus_PC_mid2020":11.4,"Age_75_plus_number_mid2020":54,"Age_75_plus_PC_mid2020":3.6,"IMD_2019_Rank":10804,"IMD_2019_Decile":4,"IDAOPI_2019_Rank":4846,"IDAOPI_2019_Decile":2,"Premises_Unable_30mbps_Ofcom":27,"Premises_below_USO":0,"Shape_Length":1881.9217222351435,"Shape_Area":94528.39002196927,"in_cw":false,"whole_in_zone":true},"geometry":{"type":"MultiPolygon","coordinates":[[[[-0.051449,51.500411],[-0.051959,51.500136],[-0.051253,51.499678],[-0.052092,51.499493],[-0.052422,51.499887],[-0.052749,51.50026],[-0.053887,51.499651],[-0.053602,51.500443],[-0.054688,51.500408],[-0.054274,51.500053],[-0.054821,51.499711],[-0.055377,51.500199],[-0.056041,51.499993],[-0.057236,51.50011],[-0.057925,51.499887],[-0.058238,51.500794],[-0.055833,51.501175],[-0.052016,51.502439],[-0.051249,51.502695],[-0.050108,51.501782],[-0.050775,51.501316],[-0.050387,51.500978],[-0.051449,51.500411]]]]}},
{"type":"Feature","properties":{"layer":"London_LSOAs_Generalised_inc_Attributes_Rev_20220331","id":3934,"OBJECTID_12":3934,"OBJECTID":3934,"LSOA11CD":"E01004031","LSOA11NM":"Southwark 007B","IUCN_2018_GRP_CD":3,"IUCN_2018_GRP_LABEL":"e-Veterans","Local_Authority_Name":"Southwark","Paper_First":"No","HTC_digital":1,"HTC_willingness":4,"Online_share_of_returns":0.9670000000000001,"Paper_share_of_returns":0.033,"Age_65_plus_number_mid2020":147,"Age_65_plus_PC_mid2020":5.7,"Age_75_plus_number_mid2020":68,"Age_75_plus_PC_mid2020":2.6,"IMD_2019_Rank":10212,"IMD_2019_Decile":4,"IDAOPI_2019_Rank":4180,"IDAOPI_2019_Decile":2,"Premises_Unable_30mbps_Ofcom":159,"Premises_below_USO":0,"Shape_Length":4039.764908117493,"Shape_Area":424531.19932018145,"in_cw":false,"whole_in_zone":true},"geometry":{"type":"MultiPolygon","coordinates":[[[[-0.054206,51.498261],[-0.053276,51.497933],[-0.05295,51.498348],[-0.052099,51.498103],[-0.052292,51.497407],[-0.051053,51.497648],[-0.050272,51.497979],[-0.049441,51.497869],[-0.048715,51.498748],[-0.048347,51.49883],[-0.047155,51.498721],[-0.046099,51.498173],[-0.046053,51.498115],[-0.04574,51.497327],[-0.045982,51.495798],[-0.045561,51.495273],[-0.044425,51.494814],[-0.045427,51.493829],[-0.047012,51.49311],[-0.046958,51.49308],[-0.04762,51.492687],[-0.048014,51.493189],[-0.048846,51.492649],[-0.048819,51.492344],[-0.048031,51.492443],[-0.047958,51.491959],[-0.048955,51.491971],[-0.049647,51.491544],[-0.050563,51.491883],[-0.048758,51.493288],[-0.050302,51.493592],[-0.052354,51.493107],[-0.055066,51.494431],[-0.055551,51.494505],[-0.05639,51.495277],[-0.057532,51.494921],[-0.057866,51.495329],[-0.058503,51.495118],[-0.058779,51.496226],[-0.058197,51.496381],[-0.058418,51.497081],[-0.057487,51.49717],[-0.057267,51.497778],[-0.05724,51.497797],[-0.054713,51.497183],[-0.053811,51.497399],[-0.055065,51.498726],[-0.054664,51.499019],[-0.054206,51.498261]]]]}},
{"type":"Feature","properties":{"layer":"London_LSOAs_Generalised_inc_Attributes_Rev_20220331","id":3935,"OBJECTID_12":3935,"OBJECTID":3935,"LSOA11CD":"E01004032","LSOA11NM":"Southwark 001B","IUCN_2018_GRP_CD":2,"IUCN_2018_GRP_LABEL":"e-Professionals","Local_Authority_Name":"Southwark","Paper_First":"No","HTC_digital":1,"HTC_willingness":3,"Online_share_of_returns":0.983,"Paper_share_of_returns":0.017,"Age_65_plus_number_mid2020":127,"Age_65_plus_PC_mid2020":6.3,"Age_75_plus_number_mid2020":41,"Age_75_plus_PC_mid2020":2,"IMD_2019_Rank":26745,"IMD_2019_Decile":9,"IDAOPI_2019_Rank":20374,"IDAOPI_2019_Decile":7,"Premises_Unable_30mbps_Ofcom":8,"Premises_below_USO":0,"Shape_Length":1990.8185698166797,"Shape_Area":137449.3994925124,"in_cw":false,"whole_in_zone":true},"geometry":{"type":"MultiPolygon","coordinates":[[[[-0.041006,51.501126],[-0.041736,51.500508],[-0.04221,51.500046],[-0.04182,51.499888],[-0.042856,51.498848],[-0.044724,51.499554],[-0.045872,51.49829],[-0.046241,51.498785],[-0.046917,51.4991],[-0.046784,51.499597],[-0.046358,51.499397],[-0.045553,51.500075],[-0.046133,51.500546],[-0.046857,51.500583],[-0.046626,51.500938],[-0.047232,51.500813],[-0.047768,51.501047],[-0.047174,51.501936],[-0.047485,51.503397],[-0.047385,51.503467],[-0.04578,51.503183],[-0.045271,51.502753],[-0.044012,51.502324],[-0.041284,51.501386],[-0.041006,51.501126]]]]}},
{"type":"Feature","properties":{"layer":"London_LSOAs_Generalised_inc_Attributes_Rev_20220331","id":3936,"OBJECTID_12":3936,"OBJECTID":3936,"LSOA11CD":"E01004033","LSOA11NM":"Southwark 007C","IUCN_2018_GRP_CD":4,"IUCN_2018_GRP_LABEL":"Youthful Urban Fringe","Local_Authority_Name":"Southwark","Paper_First":"No","HTC_digital":2,"HTC_willingness":4,"Online_share_of_returns":0.9690000000000001,"Paper_share_of_returns":0.031,"Age_65_plus_number_mid2020":229,"Age_65_plus_PC_mid2020":8.1,"Age_75_plus_number_mid2020":80,"Age_75_plus_PC_mid2020":2.8,"IMD_2019_Rank":9550,"IMD_2019_Decile":3,"IDAOPI_2019_Rank":2965,"IDAOPI_2019_Decile":1,"Premises_Unable_30mbps_Ofcom":24,"Premises_below_USO":0,"Shape_Length":2929.842162022347,"Shape_Area":145841.95188345684,"in_cw":false,"whole_in_zone":true},"geometry":{"type":"MultiPolygon","coordinates":[[[[-0.048183,51.499475],[-0.048347,51.49883],[-0.048715,51.498748],[-0.049441,51.497869],[-0.050272,51.497979],[-0.051053,51.497648],[-0.052292,51.497407],[-0.052099,51.498103],[-0.05295,51.498348],[-0.053276,51.497933],[-0.054206,51.498261],[-0.054664,51.499019],[-0.055065,51.498726],[-0.053811,51.497399],[-0.054713,51.497183],[-0.05724,51.497797],[-0.055707,51.498651],[-0.055698,51.499078],[-0.055461,51.499911],[-0.056041,51.499993],[-0.055377,51.500199],[-0.054821,51.499711],[-0.054274,51.500053],[-0.054688,51.500408],[-0.053602,51.500443],[-0.053887,51.499651],[-0.052749,51.50026],[-0.052422,51.499887],[-0.052092,51.499493],[-0.051253,51.499678],[-0.051959,51.500136],[-0.051449,51.500411],[-0.050387,51.500978],[-0.050775,51.501316],[-0.050108,51.501782],[-0.049969,51.501672],[-0.049552,51.500738],[-0.048266,51.500532],[-0.04881,51.500151],[-0.048764,51.500055],[-0.04873,51.499644],[-0.048183,51.499475]]]]}},
{"type":"Feature","properties":{"layer":"London_LSOAs_Generalised_inc_Attributes_Rev_20220331","id":3937,"OBJECTID_12":3937,"OBJECTID":3937,"LSOA11CD":"E01004034","LSOA11NM":"Southwark 007D","IUCN_2018_GRP_CD":4,"IUCN_2018_GRP_LABEL":"Youthful Urban Fringe","Local_Authority_Name":"Southwark","Paper_First":"No","HTC_digital":2,"HTC_willingness":3,"Online_share_of_returns":0.961,"Paper_share_of_returns":0.039,"Age_65_plus_number_mid2020":130,"Age_65_plus_PC_mid2020":7.4,"Age_75_plus_number_mid2020":56,"Age_75_plus_PC_mid2020":3.2,"IMD_2019_Rank":10360,"IMD_2019_Decile":4,"IDAOPI_2019_Rank":5565,"IDAOPI_2019_Decile":2,"Premises_Unable_30mbps_Ofcom":0,"Premises_below_USO":0,"Shape_Length":1859.7513714277065,"Shape_Area":133003.12332568306,"in_cw":false,"whole_in_zone":true},"geometry":{"type":"MultiPolygon","coordinates":[[[[-0.058238,51.500794],[-0.057925,51.499887],[-0.057236,51.50011],[-0.056041,51.499993],[-0.055461,51.499911],[-0.055698,51.499078],[-0.055707,51.498651],[-0.05724,51.497797],[-0.057267,51.497778],[-0.057487,51.49717],[-0.058418,51.497081],[-0.058197,51.496381],[-0.058779,51.496226],[-0.058503,51.495118],[-0.059487,51.495055],[-0.059598,51.495152],[-0.059912,51.49555],[-0.060252,51.496566],[-0.060301,51.496861],[-0.060455,51.49769],[-0.060557,51.498119],[-0.060633,51.498556],[-0.060635,51.498646],[-0.060539,51.499292],[-0.060948,51.500261],[-0.06099,51.500503],[-0.059115,51.50052],[-0.059175,51.500706],[-0.058238,51.500794]]]]}},
{"type":"Feature","properties":{"layer":"London_LSOAs_Generalised_inc_Attributes_Rev_20220331","id":3938,"OBJECTID_12":3938,"OBJECTID":3938,"LSOA11CD":"E01004035","LSOA11NM":"Southwark 011D","IUCN_2018_GRP_CD":7,"IUCN_2018_GRP_LABEL":"Passive and Uncommitted Users","Local_Authority_Name":"Southwark","Paper_First":"No","HTC_digital":3,"HTC_willingness":3,"Online_share_of_returns":0.9420000000000001,"Paper_share_of_returns":0.057999999999999996,"Age_65_plus_number_mid2020":196,"Age_65_plus_PC_mid2020":13.1,"Age_75_plus_number_mid2020":98,"Age_75_plus_PC_mid2020":6.5,"IMD_2019_Rank":5462,"IMD_2019_Decile":2,"IDAOPI_2019_Rank":2507,"IDAOPI_2019_Decile":1,"Premises_Unable_30mbps_Ofcom":148,"Premises_below_USO":0,"Shape_Length":2523.363960488406,"Shape_Area":224364.26079498828,"in_cw":false,"whole_in_zone":true},"geometry":{"type":"MultiPolygon","coordinates":[[[[-0.057866,51.495329],[-0.057532,51.494921],[-0.05639,51.495277],[-0.055551,51.494505],[-0.055066,51.494431],[-0.052354,51.493107],[-0.050302,51.493592],[-0.048758,51.493288],[-0.050563,51.491883],[-0.049647,51.491544],[-0.049628,51.4911],[-0.04983,51.491066],[-0.051163,51.491057],[-0.052564,51.49106],[-0.054833,51.490406],[-0.055291,51.490162],[-0.056946,51.490877],[-0.057522,51.49111],[-0.059127,51.491822],[-0.06012,51.49225],[-0.059964,51.492369],[-0.058084,51.492794],[-0.057635,51.494094],[-0.059487,51.495055],[-0.058503,51.495118],[-0.057866,51.495329]]]]}},
{"type":"Feature","properties":{"layer":"London_LSOAs_Generalised_inc_Attributes_Rev_20220331","id":3939,"OBJECTID_12":3939,"OBJECTID":3939,"LSOA11CD":"E01004036","LSOA11NM":"Southwark 007E","IUCN_2018_GRP_CD":4,"IUCN_2018_GRP_LABEL":"Youthful Urban Fringe","Local_Authority_Name":"Southwark","Paper_First":"No","HTC_digital":2,"HTC_willingness":4,"Online_share_of_returns":0.958,"Paper_share_of_returns":0.042,"Age_65_plus_number_mid2020":161,"Age_65_plus_PC_mid2020":7,"Age_75_plus_number_mid2020":82,"Age_75_plus_PC_mid2020":3.5,"IMD_2019_Rank":7294,"IMD_2019_Decile":3,"IDAOPI_2019_Rank":4615,"IDAOPI_2019_Decile":2,"Premises_Unable_30mbps_Ofcom":30,"Premises_below_USO":0,"Shape_Length":1729.0528411588914,"Shape_Area":96607.66757912775,"in_cw":false,"whole_in_zone":true},"geometry":{"type":"MultiPolygon","coordinates":[[[[-0.048014,51.493189],[-0.04762,51.492687],[-0.046958,51.49308],[-0.044902,51.491916],[-0.044763,51.491826],[-0.043553,51.490988],[-0.042479,51.490242],[-0.042201,51.490037],[-0.044543,51.49014],[-0.044768,51.490437],[-0.045806,51.490163],[-0.046539,51.490343],[-0.046547,51.490744],[-0.048613,51.49012],[-0.048697,51.490101],[-0.049234,51.490042],[-0.04983,51.491066],[-0.049628,51.4911],[-0.049647,51.491544],[-0.048955,51.491971],[-0.047958,51.491959],[-0.048031,51.492443],[-0.048819,51.492344],[-0.048846,51.492649],[-0.048014,51.493189]]]]}},
{"type":"Feature","properties":{"layer":"London_LSOAs_Generalised_inc_Attributes_Rev_20220331","id":3940,"OBJECTID_12":3940,"OBJECTID":3940,"LSOA11CD":"E01004037","LSOA11NM":"Southwark 010B","IUCN_2018_GRP_CD":4,"IUCN_2018_GRP_LABEL":"Youthful Urban Fringe","Local_Authority_Name":"Southwark","Paper_First":"No","HTC_digital":1,"HTC_willingness":3,"Online_share_of_returns":0.972,"Paper_share_of_returns":0.027999999999999997,"Age_65_plus_number_mid2020":114,"Age_65_plus_PC_mid2020":5.3,"Age_75_plus_number_mid2020":48,"Age_75_plus_PC_mid2020":2.2,"IMD_2019_Rank":10262,"IMD_2019_Decile":4,"IDAOPI_2019_Rank":3431,"IDAOPI_2019_Decile":2,"Premises_Unable_30mbps_Ofcom":395,"Premises_below_USO":0,"Shape_Length":2032.3915904359028,"Shape_Area":149203.58178314895,"in_cw":false,"whole_in_zone":true},"geometry":{"type":"MultiPolygon","coordinates":[[[[-0.056946,51.490877],[-0.055291,51.490162],[-0.055449,51.490045],[-0.056858,51.489265],[-0.057606,51.488762],[-0.057801,51.488504],[-0.058194,51.488119],[-0.059757,51.487745],[-0.061617,51.48727],[-0.06268,51.487354],[-0.062462,51.488059],[-0.061888,51.488127],[-0.061835,51.488586],[-0.061927,51.488853],[-0.060521,51.489279],[-0.06118,51.489975],[-0.061995,51.489752],[-0.062679,51.489786],[-0.062661,51.490288],[-0.06237,51.490546],[-0.061828,51.490439],[-0.061961,51.491044],[-0.060365,51.491305],[-0.060949,51.492151],[-0.060237,51.492301],[-0.06012,51.49225],[-0.059127,51.491822],[-0.057522,51.49111],[-0.056946,51.490877]]]]}},
{"type":"Feature","properties":{"layer":"London_LSOAs_Generalised_inc_Attributes_Rev_20220331","id":3941,"OBJECTID_12":3941,"OBJECTID":3941,"LSOA11CD":"E01004038","LSOA11NM":"Southwark 010C","IUCN_2018_GRP_CD":4,"IUCN_2018_GRP_LABEL":"Youthful Urban Fringe","Local_Authority_Name":"Southwark","Paper_First":"No","HTC_digital":1,"HTC_willingness":3,"Online_share_of_returns":0.988,"Paper_share_of_returns":0.012,"Age_65_plus_number_mid2020":129,"Age_65_plus_PC_mid2020":4.4,"Age_75_plus_number_mid2020":34,"Age_75_plus_PC_mid2020":1.2,"IMD_2019_Rank":12539,"IMD_2019_Decile":4,"IDAOPI_2019_Rank":6483,"IDAOPI_2019_Decile":2,"Premises_Unable_30mbps_Ofcom":149,"Premises_below_USO":0,"Shape_Length":2545.5765837652866,"Shape_Area":215069.1266129442,"in_cw":false,"whole_in_zone":true},"geometry":{"type":"MultiPolygon","coordinates":[[[[-0.062679,51.489786],[-0.061995,51.489752],[-0.06118,51.489975],[-0.060521,51.489279],[-0.061927,51.488853],[-0.061835,51.488586],[-0.061888,51.488127],[-0.062462,51.488059],[-0.06268,51.487354],[-0.061617,51.48727],[-0.061863,51.487132],[-0.063574,51.486123],[-0.065721,51.484961],[-0.066242,51.484068],[-0.067715,51.484573],[-0.068581,51.484924],[-0.06807,51.486066],[-0.068864,51.486624],[-0.068661,51.487621],[-0.068089,51.487947],[-0.067837,51.487337],[-0.067475,51.487717],[-0.068013,51.487951],[-0.067557,51.48851],[-0.06831,51.488627],[-0.067926,51.489637],[-0.065465,51.489528],[-0.065425,51.489527],[-0.063922,51.489514],[-0.063423,51.489512],[-0.063408,51.490202],[-0.062661,51.490288],[-0.062679,51.489786]]]]}},
{"type":"Feature","properties":{"layer":"London_LSOAs_Generalised_inc_Attributes_Rev_20220331","id":3942,"OBJECTID_12":3942,"OBJECTID":3942,"LSOA11CD":"E01004039","LSOA11NM":"Southwark 013B","IUCN_2018_GRP_CD":2,"IUCN_2018_GRP_LABEL":"e-Professionals","Local_Authority_Name":"Southwark","Paper_First":"No","HTC_digital":1,"HTC_willingness":4,"Online_share_of_returns":0.98,"Paper_share_of_returns":0.02,"Age_65_plus_number_mid2020":69,"Age_65_plus_PC_mid2020":4,"Age_75_plus_number_mid2020":21,"Age_75_plus_PC_mid2020":1.2,"IMD_2019_Rank":12335,"IMD_2019_Decile":4,"IDAOPI_2019_Rank":8335,"IDAOPI_2019_Decile":3,"Premises_Unable_30mbps_Ofcom":12,"Premises_below_USO":0,"Shape_Length":2203.8862386637306,"Shape_Area":85603.89927359749,"in_cw":false,"whole_in_zone":true},"geometry":{"type":"MultiPolygon","coordinates":[[[[-0.07164,51.490183],[-0.070609,51.490038],[-0.070532,51.490266],[-0.0694,51.490269],[-0.06921,51.490511],[-0.068298,51.490412],[-0.068816,51.490009],[-0.068493,51.489773],[-0.06843,51.489991],[-0.067865,51.489871],[-0.067926,51.489637],[-0.069293,51.489818],[-0.069793,51.488989],[-0.071745,51.489297],[-0.073083,51.489626],[-0.073382,51.489338],[-0.071613,51.488637],[-0.072114,51.488138],[-0.072675,51.487591],[-0.074534,51.487799],[-0.073878,51.488044],[-0.074408,51.488344],[-0.073753,51.488818],[-0.073529,51.488977],[-0.074918,51.489189],[-0.075024,51.489596],[-0.076243,51.490348],[-0.075443,51.491191],[-0.073543,51.490489],[-0.073078,51.490384],[-0.07164,51.490183]]]]}},
{"type":"Feature","properties":{"layer":"London_LSOAs_Generalised_inc_Attributes_Rev_20220331","id":3943,"OBJECTID_12":3943,"OBJECTID":3943,"LSOA11CD":"E01004040","LSOA11NM":"Southwark 013C","IUCN_2018_GRP_CD":7,"IUCN_2018_GRP_LABEL":"Passive and Uncommitted Users","Local_Authority_Name":"Southwark","Paper_First":"No","HTC_digital":2,"HTC_willingness":4,"Online_share_of_returns":0.934,"Paper_share_of_returns":0.066,"Age_65_plus_number_mid2020":163,"Age_65_plus_PC_mid2020":8.4,"Age_75_plus_number_mid2020":79,"Age_75_plus_PC_mid2020":4.1,"IMD_2019_Rank":4297,"IMD_2019_Decile":2,"IDAOPI_2019_Rank":1326,"IDAOPI_2019_Decile":1,"Premises_Unable_30mbps_Ofcom":230,"Premises_below_USO":0,"Shape_Length":2312.2640490569747,"Shape_Area":108239.46513443423,"in_cw":false,"whole_in_zone":true},"geometry":{"type":"MultiPolygon","coordinates":[[[[-0.074534,51.487799],[-0.072675,51.487591],[-0.072114,51.488138],[-0.071074,51.487926],[-0.070728,51.488053],[-0.070803,51.487709],[-0.069928,51.48762],[-0.070177,51.487954],[-0.069219,51.487832],[-0.069024,51.487452],[-0.069491,51.486669],[-0.070327,51.487191],[-0.070885,51.487088],[-0.070873,51.486949],[-0.069633,51.486407],[-0.070358,51.485572],[-0.07161,51.486013],[-0.072411,51.486296],[-0.073528,51.486721],[-0.075154,51.487406],[-0.07625,51.488014],[-0.077981,51.488896],[-0.076243,51.490348],[-0.075024,51.489596],[-0.074918,51.489189],[-0.073529,51.488977],[-0.073753,51.488818],[-0.074408,51.488344],[-0.073878,51.488044],[-0.074534,51.487799]]]]}},
{"type":"Feature","properties":{"layer":"London_LSOAs_Generalised_inc_Attributes_Rev_20220331","id":3944,"OBJECTID_12":3944,"OBJECTID":3944,"LSOA11CD":"E01004041","LSOA11NM":"Southwark 013D","IUCN_2018_GRP_CD":7,"IUCN_2018_GRP_LABEL":"Passive and Uncommitted Users","Local_Authority_Name":"Southwark","Paper_First":"No","HTC_digital":2,"HTC_willingness":4,"Online_share_of_returns":0.948,"Paper_share_of_returns":0.052000000000000005,"Age_65_plus_number_mid2020":155,"Age_65_plus_PC_mid2020":8.9,"Age_75_plus_number_mid2020":59,"Age_75_plus_PC_mid2020":3.4,"IMD_2019_Rank":9349,"IMD_2019_Decile":3,"IDAOPI_2019_Rank":3153,"IDAOPI_2019_Decile":1,"Premises_Unable_30mbps_Ofcom":1,"Premises_below_USO":0,"Shape_Length":2411.1827223121572,"Shape_Area":78110.79457247136,"in_cw":false,"whole_in_zone":true},"geometry":{"type":"MultiPolygon","coordinates":[[[[-0.067926,51.489637],[-0.06831,51.488627],[-0.067557,51.48851],[-0.068013,51.487951],[-0.067475,51.487717],[-0.067837,51.487337],[-0.068089,51.487947],[-0.068661,51.487621],[-0.068864,51.486624],[-0.06807,51.486066],[-0.068581,51.484924],[-0.070358,51.485572],[-0.069633,51.486407],[-0.070873,51.486949],[-0.070885,51.487088],[-0.070327,51.487191],[-0.069491,51.486669],[-0.069024,51.487452],[-0.069219,51.487832],[-0.070177,51.487954],[-0.069928,51.48762],[-0.070803,51.487709],[-0.070728,51.488053],[-0.071074,51.487926],[-0.072114,51.488138],[-0.071613,51.488637],[-0.073382,51.489338],[-0.073083,51.489626],[-0.071745,51.489297],[-0.069793,51.488989],[-0.069293,51.489818],[-0.067926,51.489637]]]]}},
{"type":"Feature","properties":{"layer":"London_LSOAs_Generalised_inc_Attributes_Rev_20220331","id":3945,"OBJECTID_12":3945,"OBJECTID":3945,"LSOA11CD":"E01004042","LSOA11NM":"Southwark 010D","IUCN_2018_GRP_CD":7,"IUCN_2018_GRP_LABEL":"Passive and Uncommitted Users","Local_Authority_Name":"Southwark","Paper_First":"No","HTC_digital":1,"HTC_willingness":4,"Online_share_of_returns":0.9490000000000001,"Paper_share_of_returns":0.051,"Age_65_plus_number_mid2020":218,"Age_65_plus_PC_mid2020":11.8,"Age_75_plus_number_mid2020":103,"Age_75_plus_PC_mid2020":5.6,"IMD_2019_Rank":2987,"IMD_2019_Decile":1,"IDAOPI_2019_Rank":1545,"IDAOPI_2019_Decile":1,"Premises_Unable_30mbps_Ofcom":91,"Premises_below_USO":0,"Shape_Length":2076.735323406582,"Shape_Area":147303.29803891393,"in_cw":false,"whole_in_zone":true},"geometry":{"type":"MultiPolygon","coordinates":[[[[-0.061961,51.491044],[-0.061828,51.490439],[-0.06237,51.490546],[-0.062661,51.490288],[-0.063408,51.490202],[-0.063423,51.489512],[-0.063922,51.489514],[-0.065425,51.489527],[-0.065465,51.489528],[-0.065648,51.490016],[-0.065301,51.491099],[-0.064473,51.491077],[-0.065132,51.492267],[-0.065208,51.492275],[-0.066823,51.492392],[-0.06663,51.493722],[-0.067417,51.493791],[-0.067243,51.494575],[-0.06653,51.495062],[-0.064496,51.494149],[-0.063134,51.493565],[-0.060237,51.492301],[-0.060949,51.492151],[-0.060365,51.491305],[-0.061961,51.491044]]]]}},
{"type":"Feature","properties":{"layer":"London_LSOAs_Generalised_inc_Attributes_Rev_20220331","id":3946,"OBJECTID_12":3946,"OBJECTID":3946,"LSOA11CD":"E01004043","LSOA11NM":"Southwark 010E","IUCN_2018_GRP_CD":4,"IUCN_2018_GRP_LABEL":"Youthful Urban Fringe","Local_Authority_Name":"Southwark","Paper_First":"No","HTC_digital":1,"HTC_willingness":3,"Online_share_of_returns":0.955,"Paper_share_of_returns":0.045,"Age_65_plus_number_mid2020":187,"Age_65_plus_PC_mid2020":12.6,"Age_75_plus_number_mid2020":82,"Age_75_plus_PC_mid2020":5.5,"IMD_2019_Rank":9939,"IMD_2019_Decile":4,"IDAOPI_2019_Rank":8539,"IDAOPI_2019_Decile":3,"Premises_Unable_30mbps_Ofcom":3,"Premises_below_USO":0,"Shape_Length":1894.2284735616893,"Shape_Area":118723.0079671158,"in_cw":false,"whole_in_zone":true},"geometry":{"type":"MultiPolygon","coordinates":[[[[-0.065132,51.492267],[-0.064473,51.491077],[-0.065301,51.491099],[-0.065648,51.490016],[-0.065465,51.489528],[-0.067926,51.489637],[-0.067865,51.489871],[-0.06843,51.489991],[-0.068493,51.489773],[-0.068816,51.490009],[-0.068298,51.490412],[-0.06921,51.490511],[-0.068919,51.491413],[-0.069656,51.491495],[-0.069785,51.491011],[-0.071303,51.491225],[-0.071349,51.491083],[-0.071421,51.490897],[-0.072626,51.491186],[-0.072067,51.491858],[-0.071983,51.492648],[-0.071069,51.492726],[-0.069796,51.49277],[-0.069117,51.492718],[-0.068654,51.492644],[-0.066823,51.492392],[-0.065208,51.492275],[-0.065132,51.492267]]]]}},
{"type":"Feature","properties":{"layer":"London_LSOAs_Generalised_inc_Attributes_Rev_20220331","id":3947,"OBJECTID_12":3947,"OBJECTID":3947,"LSOA11CD":"E01004044","LSOA11NM":"Southwark 013E","IUCN_2018_GRP_CD":7,"IUCN_2018_GRP_LABEL":"Passive and Uncommitted Users","Local_Authority_Name":"Southwark","Paper_First":"No","HTC_digital":2,"HTC_willingness":4,"Online_share_of_returns":0.946,"Paper_share_of_returns":0.054000000000000006,"Age_65_plus_number_mid2020":171,"Age_65_plus_PC_mid2020":11.7,"Age_75_plus_number_mid2020":78,"Age_75_plus_PC_mid2020":5.4,"IMD_2019_Rank":7490,"IMD_2019_Decile":3,"IDAOPI_2019_Rank":2900,"IDAOPI_2019_Decile":1,"Premises_Unable_30mbps_Ofcom":0,"Premises_below_USO":0,"Shape_Length":1516.6029690599973,"Shape_Area":70141.63018727806,"in_cw":false,"whole_in_zone":true},"geometry":{"type":"MultiPolygon","coordinates":[[[[-0.072626,51.491186],[-0.071421,51.490897],[-0.071349,51.491083],[-0.071303,51.491225],[-0.069785,51.491011],[-0.069656,51.491495],[-0.068919,51.491413],[-0.06921,51.490511],[-0.0694,51.490269],[-0.070532,51.490266],[-0.070609,51.490038],[-0.07164,51.490183],[-0.073078,51.490384],[-0.073543,51.490489],[-0.075443,51.491191],[-0.074673,51.492134],[-0.07396,51.493049],[-0.07372,51.493241],[-0.072919,51.492742],[-0.071983,51.492648],[-0.072067,51.491858],[-0.072626,51.491186]]]]}},
{"type":"Feature","properties":{"layer":"London_LSOAs_Generalised_inc_Attributes_Rev_20220331","id":3956,"OBJECTID_12":3956,"OBJECTID":3956,"LSOA11CD":"E01004053","LSOA11NM":"Southwark 001C","IUCN_2018_GRP_CD":2,"IUCN_2018_GRP_LABEL":"e-Professionals","Local_Authority_Name":"Southwark","Paper_First":"No","HTC_digital":2,"HTC_willingness":3,"Online_share_of_returns":0.985,"Paper_share_of_returns":0.015,"Age_65_plus_number_mid2020":145,"Age_65_plus_PC_mid2020":7,"Age_75_plus_number_mid2020":45,"Age_75_plus_PC_mid2020":2.2,"IMD_2019_Rank":26189,"IMD_2019_Decile":8,"IDAOPI_2019_Rank":16322,"IDAOPI_2019_Decile":5,"Premises_Unable_30mbps_Ofcom":32,"Premises_below_USO":0,"Shape_Length":2479.384585846983,"Shape_Area":146599.6933270492,"in_cw":false,"whole_in_zone":true},"geometry":{"type":"MultiPolygon","coordinates":[[[[-0.042937,51.506375],[-0.043781,51.506182],[-0.043989,51.506384],[-0.044984,51.50569],[-0.045346,51.505116],[-0.044988,51.504729],[-0.04259,51.505398],[-0.042275,51.505108],[-0.042933,51.504618],[-0.041337,51.50365],[-0.040573,51.501526],[-0.041284,51.501386],[-0.044012,51.502324],[-0.045271,51.502753],[-0.04578,51.503183],[-0.047385,51.503467],[-0.047949,51.504134],[-0.047567,51.504978],[-0.047014,51.505357],[-0.046129,51.505104],[-0.046346,51.505574],[-0.046013,51.505764],[-0.045571,51.506016],[-0.045282,51.50582],[-0.045167,51.506425],[-0.043836,51.507058],[-0.042872,51.507233],[-0.042016,51.507345],[-0.041852,51.506884],[-0.04206,51.50686],[-0.042815,51.506692],[-0.042937,51.506375]]]]}},
{"type":"Feature","properties":{"layer":"London_LSOAs_Generalised_inc_Attributes_Rev_20220331","id":3957,"OBJECTID_12":3957,"OBJECTID":3957,"LSOA11CD":"E01004054","LSOA11NM":"Southwark 001D","IUCN_2018_GRP_CD":2,"IUCN_2018_GRP_LABEL":"e-Professionals","Local_Authority_Name":"Southwark","Paper_First":"Yes","HTC_digital":4,"HTC_willingness":3,"Online_share_of_returns":0.691,"Paper_share_of_returns":0.309,"Age_65_plus_number_mid2020":128,"Age_65_plus_PC_mid2020":7.5,"Age_75_plus_number_mid2020":41,"Age_75_plus_PC_mid2020":2.4,"IMD_2019_Rank":26623,"IMD_2019_Decile":9,"IDAOPI_2019_Rank":21972,"IDAOPI_2019_Decile":7,"Premises_Unable_30mbps_Ofcom":7,"Premises_below_USO":0,"Shape_Length":1628.047143627727,"Shape_Area":120957.45200455593,"in_cw":false,"whole_in_zone":true},"geometry":{"type":"MultiPolygon","coordinates":[[[[-0.034328,51.506384],[-0.033035,51.505124],[-0.032982,51.504623],[-0.036407,51.504502],[-0.036777,51.50486],[-0.03809,51.505485],[-0.039625,51.505663],[-0.040022,51.505662],[-0.040157,51.506177],[-0.041449,51.506099],[-0.04206,51.50686],[-0.041852,51.506884],[-0.042016,51.507345],[-0.041032,51.507474],[-0.039843,51.507482],[-0.03837,51.507395],[-0.037217,51.507224],[-0.036415,51.507065],[-0.036351,51.507057],[-0.034328,51.506384]]]]}},
{"type":"Feature","properties":{"layer":"London_LSOAs_Generalised_inc_Attributes_Rev_20220331","id":3958,"OBJECTID_12":3958,"OBJECTID":3958,"LSOA11CD":"E01004055","LSOA11NM":"Southwark 001E","IUCN_2018_GRP_CD":7,"IUCN_2018_GRP_LABEL":"Passive and Uncommitted Users","Local_Authority_Name":"Southwark","Paper_First":"No","HTC_digital":2,"HTC_willingness":3,"Online_share_of_returns":0.937,"Paper_share_of_returns":0.063,"Age_65_plus_number_mid2020":255,"Age_65_plus_PC_mid2020":18.8,"Age_75_plus_number_mid2020":120,"Age_75_plus_PC_mid2020":8.8,"IMD_2019_Rank":4596,"IMD_2019_Decile":2,"IDAOPI_2019_Rank":2088,"IDAOPI_2019_Decile":1,"Premises_Unable_30mbps_Ofcom":1,"Premises_below_USO":0,"Shape_Length":2281.6378765291115,"Shape_Area":193084.21279614235,"in_cw":false,"whole_in_zone":true},"geometry":{"type":"MultiPolygon","coordinates":[[[[-0.04206,51.50686],[-0.041449,51.506099],[-0.040157,51.506177],[-0.040022,51.505662],[-0.039625,51.505663],[-0.03809,51.505485],[-0.036777,51.50486],[-0.036407,51.504502],[-0.036266,51.504323],[-0.035936,51.503317],[-0.036892,51.503053],[-0.036857,51.50142],[-0.040573,51.501526],[-0.041337,51.50365],[-0.042933,51.504618],[-0.042275,51.505108],[-0.04259,51.505398],[-0.044988,51.504729],[-0.045346,51.505116],[-0.044984,51.50569],[-0.043989,51.506384],[-0.043781,51.506182],[-0.042937,51.506375],[-0.042815,51.506692],[-0.04206,51.50686]]]]}},
{"type":"Feature","properties":{"layer":"London_LSOAs_Generalised_inc_Attributes_Rev_20220331","id":3959,"OBJECTID_12":3959,"OBJECTID":3959,"LSOA11CD":"E01004056","LSOA11NM":"Southwark 008A","IUCN_2018_GRP_CD":2,"IUCN_2018_GRP_LABEL":"e-Professionals","Local_Authority_Name":"Southwark","Paper_First":"No","HTC_digital":2,"HTC_willingness":3,"Online_share_of_returns":0.963,"Paper_share_of_returns":0.037000000000000005,"Age_65_plus_number_mid2020":214,"Age_65_plus_PC_mid2020":9.6,"Age_75_plus_number_mid2020":77,"Age_75_plus_PC_mid2020":3.5,"IMD_2019_Rank":14645,"IMD_2019_Decile":5,"IDAOPI_2019_Rank":1585,"IDAOPI_2019_Decile":1,"Premises_Unable_30mbps_Ofcom":21,"Premises_below_USO":0,"Shape_Length":2416.5599119085314,"Shape_Area":187333.11170295588,"in_cw":false,"whole_in_zone":true},"geometry":{"type":"MultiPolygon","coordinates":[[[[-0.032298,51.502811],[-0.032302,51.500825],[-0.032516,51.500106],[-0.032864,51.497602],[-0.033742,51.497858],[-0.033719,51.498244],[-0.034191,51.498308],[-0.034497,51.498145],[-0.035555,51.497979],[-0.035321,51.497172],[-0.035779,51.497234],[-0.036368,51.498452],[-0.035792,51.498978],[-0.035342,51.500353],[-0.035364,51.500538],[-0.03556,51.501556],[-0.036857,51.50142],[-0.036892,51.503053],[-0.035936,51.503317],[-0.036266,51.504323],[-0.036407,51.504502],[-0.032982,51.504623],[-0.032947,51.50436],[-0.032328,51.504318],[-0.032298,51.502811]]]]}},
{"type":"Feature","properties":{"layer":"London_LSOAs_Generalised_inc_Attributes_Rev_20220331","id":3960,"OBJECTID_12":3960,"OBJECTID":3960,"LSOA11CD":"E01004057","LSOA11NM":"Southwark 008B","IUCN_2018_GRP_CD":3,"IUCN_2018_GRP_LABEL":"e-Veterans","Local_Authority_Name":"Southwark","Paper_First":"No","HTC_digital":1,"HTC_willingness":3,"Online_share_of_returns":0.982,"Paper_share_of_returns":0.018000000000000002,"Age_65_plus_number_mid2020":156,"Age_65_plus_PC_mid2020":7.1,"Age_75_plus_number_mid2020":51,"Age_75_plus_PC_mid2020":2.3,"IMD_2019_Rank":13026,"IMD_2019_Decile":4,"IDAOPI_2019_Rank":8466,"IDAOPI_2019_Decile":3,"Premises_Unable_30mbps_Ofcom":27,"Premises_below_USO":0,"Shape_Length":3618.803387746998,"Shape_Area":246870.52758645857,"in_cw":false,"whole_in_zone":true},"geometry":{"type":"MultiPolygon","coordinates":[[[[-0.03556,51.501556],[-0.035364,51.500538],[-0.035342,51.500353],[-0.035792,51.498978],[-0.036368,51.498452],[-0.035779,51.497234],[-0.035321,51.497172],[-0.035555,51.497979],[-0.034497,51.498145],[-0.034965,51.497386],[-0.034526,51.497102],[-0.033824,51.497149],[-0.033923,51.496784],[-0.034569,51.49678],[-0.034434,51.496445],[-0.034289,51.496084],[-0.036377,51.495669],[-0.036393,51.495707],[-0.036539,51.496029],[-0.036753,51.495983],[-0.037134,51.49724],[-0.037629,51.497151],[-0.039135,51.495924],[-0.039467,51.496578],[-0.039307,51.498687],[-0.039362,51.498965],[-0.040957,51.498918],[-0.04169,51.498344],[-0.041475,51.49781],[-0.046053,51.498115],[-0.046099,51.498173],[-0.045872,51.49829],[-0.044724,51.499554],[-0.042856,51.498848],[-0.04182,51.499888],[-0.04221,51.500046],[-0.041736,51.500508],[-0.041006,51.501126],[-0.041284,51.501386],[-0.040573,51.501526],[-0.036857,51.50142],[-0.03556,51.501556]]]]}},
{"type":"Feature","properties":{"layer":"London_LSOAs_Generalised_inc_Attributes_Rev_20220331","id":3961,"OBJECTID_12":3961,"OBJECTID":3961,"LSOA11CD":"E01004058","LSOA11NM":"Southwark 008C","IUCN_2018_GRP_CD":2,"IUCN_2018_GRP_LABEL":"e-Professionals","Local_Authority_Name":"Southwark","Paper_First":"No","HTC_digital":2,"HTC_willingness":3,"Online_share_of_returns":0.9940000000000001,"Paper_share_of_returns":0.006,"Age_65_plus_number_mid2020":147,"Age_65_plus_PC_mid2020":7.6,"Age_75_plus_number_mid2020":88,"Age_75_plus_PC_mid2020":4.6,"IMD_2019_Rank":26547,"IMD_2019_Decile":9,"IDAOPI_2019_Rank":19228,"IDAOPI_2019_Decile":6,"Premises_Unable_30mbps_Ofcom":12,"Premises_below_USO":0,"Shape_Length":2226.231611034785,"Shape_Area":140400.52247533933,"in_cw":false,"whole_in_zone":true},"geometry":{"type":"MultiPolygon","coordinates":[[[[-0.032864,51.497602],[-0.032791,51.49694],[-0.032627,51.496908],[-0.032574,51.496481],[-0.032906,51.495874],[-0.032543,51.49565],[-0.032686,51.494393],[-0.03313,51.494279],[-0.033007,51.494104],[-0.032604,51.494122],[-0.032566,51.493752],[-0.032591,51.493698],[-0.032375,51.493026],[-0.03458,51.49276],[-0.037325,51.492222],[-0.038101,51.492405],[-0.038882,51.492851],[-0.038294,51.493033],[-0.037856,51.492938],[-0.037013,51.493406],[-0.037307,51.493812],[-0.03754,51.494373],[-0.036637,51.494539],[-0.036271,51.494615],[-0.036377,51.495669],[-0.034289,51.496084],[-0.034434,51.496445],[-0.034569,51.49678],[-0.033923,51.496784],[-0.033824,51.497149],[-0.034526,51.497102],[-0.034965,51.497386],[-0.034497,51.498145],[-0.034191,51.498308],[-0.033719,51.498244],[-0.033742,51.497858],[-0.032864,51.497602]]]]}},
{"type":"Feature","properties":{"layer":"London_LSOAs_Generalised_inc_Attributes_Rev_20220331","id":3962,"OBJECTID_12":3962,"OBJECTID":3962,"LSOA11CD":"E01004059","LSOA11NM":"Southwark 008D","IUCN_2018_GRP_CD":2,"IUCN_2018_GRP_LABEL":"e-Professionals","Local_Authority_Name":"Southwark","Paper_First":"No","HTC_digital":1,"HTC_willingness":4,"Online_share_of_returns":0.992,"Paper_share_of_returns":0.008,"Age_65_plus_number_mid2020":64,"Age_65_plus_PC_mid2020":3.3,"Age_75_plus_number_mid2020":22,"Age_75_plus_PC_mid2020":1.1,"IMD_2019_Rank":16765,"IMD_2019_Decile":6,"IDAOPI_2019_Rank":11442,"IDAOPI_2019_Decile":4,"Premises_Unable_30mbps_Ofcom":88,"Premises_below_USO":0,"Shape_Length":2840.2271522151136,"Shape_Area":309819.18431718583,"in_cw":false,"whole_in_zone":true},"geometry":{"type":"MultiPolygon","coordinates":[[[[-0.039307,51.498687],[-0.039467,51.496578],[-0.039135,51.495924],[-0.037629,51.497151],[-0.037134,51.49724],[-0.036753,51.495983],[-0.036539,51.496029],[-0.036393,51.495707],[-0.036377,51.495669],[-0.036271,51.494615],[-0.036637,51.494539],[-0.03754,51.494373],[-0.037307,51.493812],[-0.038574,51.49355],[-0.039529,51.493816],[-0.039943,51.493132],[-0.043453,51.49267],[-0.044021,51.492719],[-0.045427,51.493829],[-0.044425,51.494814],[-0.045561,51.495273],[-0.045982,51.495798],[-0.04574,51.497327],[-0.046053,51.498115],[-0.041475,51.49781],[-0.04169,51.498344],[-0.040957,51.498918],[-0.039362,51.498965],[-0.039307,51.498687]]]]}},
{"type":"Feature","properties":{"layer":"London_LSOAs_Generalised_inc_Attributes_Rev_20220331","id":3963,"OBJECTID_12":3963,"OBJECTID":3963,"LSOA11CD":"E01004060","LSOA11NM":"Southwark 008E","IUCN_2018_GRP_CD":4,"IUCN_2018_GRP_LABEL":"Youthful Urban Fringe","Local_Authority_Name":"Southwark","Paper_First":"No","HTC_digital":2,"HTC_willingness":4,"Online_share_of_returns":0.96,"Paper_share_of_returns":0.04,"Age_65_plus_number_mid2020":200,"Age_65_plus_PC_mid2020":8.6,"Age_75_plus_number_mid2020":75,"Age_75_plus_PC_mid2020":3.2,"IMD_2019_Rank":7088,"IMD_2019_Decile":3,"IDAOPI_2019_Rank":3779,"IDAOPI_2019_Decile":2,"Premises_Unable_30mbps_Ofcom":307,"Premises_below_USO":0,"Shape_Length":2026.0179451464194,"Shape_Area":100979.24353120726,"in_cw":false,"whole_in_zone":true},"geometry":{"type":"MultiPolygon","coordinates":[[[[-0.037307,51.493812],[-0.037013,51.493406],[-0.037856,51.492938],[-0.038294,51.493033],[-0.038882,51.492851],[-0.040521,51.492784],[-0.040045,51.492164],[-0.041029,51.491828],[-0.040318,51.491063],[-0.042415,51.490265],[-0.042479,51.490242],[-0.043553,51.490988],[-0.044763,51.491826],[-0.044902,51.491916],[-0.046958,51.49308],[-0.047012,51.49311],[-0.045427,51.493829],[-0.044021,51.492719],[-0.043453,51.49267],[-0.039943,51.493132],[-0.039529,51.493816],[-0.038574,51.49355],[-0.037307,51.493812]]]]}},
{"type":"Feature","properties":{"layer":"London_LSOAs_Generalised_inc_Attributes_Rev_20220331","id":3969,"OBJECTID_12":3969,"OBJECTID":3969,"LSOA11CD":"E01004066","LSOA11NM":"Southwark 025E","IUCN_2018_GRP_CD":3,"IUCN_2018_GRP_LABEL":"e-Veterans","Local_Authority_Name":"Southwark","Paper_First":"No","HTC_digital":2,"HTC_willingness":4,"Online_share_of_returns":0.95,"Paper_share_of_returns":0.05,"Age_65_plus_number_mid2020":197,"Age_65_plus_PC_mid2020":9.3,"Age_75_plus_number_mid2020":59,"Age_75_plus_PC_mid2020":2.8,"IMD_2019_Rank":11418,"IMD_2019_Decile":4,"IDAOPI_2019_Rank":5360,"IDAOPI_2019_Decile":2,"Premises_Unable_30mbps_Ofcom":0,"Premises_below_USO":0,"Shape_Length":2147.1573469094255,"Shape_Area":141046.13561093362,"in_cw":false,"whole_in_zone":false},"geometry":{"type":"MultiPolygon","coordinates":[[[[-0.073133,51.473274],[-0.072145,51.473081],[-0.072222,51.472763],[-0.073644,51.472769],[-0.073837,51.473129],[-0.074365,51.473191],[-0.074701,51.473083],[-0.07438,51.472201],[-0.074269,51.471085],[-0.074056,51.470317],[-0.07459,51.470254],[-0.07509,51.47133],[-0.076044,51.47167],[-0.075656,51.470568],[-0.077252,51.47002],[-0.077906,51.470099],[-0.078294,51.470957],[-0.079596,51.473944],[-0.078927,51.474095],[-0.078829,51.474112],[-0.078347,51.474164],[-0.077408,51.474254],[-0.075115,51.474247],[-0.074264,51.474059],[-0.072754,51.473658],[-0.073133,51.473274]]]]}},
{"type":"Feature","properties":{"layer":"London_LSOAs_Generalised_inc_Attributes_Rev_20220331","id":3970,"OBJECTID_12":3970,"OBJECTID":3970,"LSOA11CD":"E01004067","LSOA11NM":"Southwark 022E","IUCN_2018_GRP_CD":7,"IUCN_2018_GRP_LABEL":"Passive and Uncommitted Users","Local_Authority_Name":"Southwark","Paper_First":"No","HTC_digital":1,"HTC_willingness":4,"Online_share_of_returns":0.968,"Paper_share_of_returns":0.032,"Age_65_plus_number_mid2020":166,"Age_65_plus_PC_mid2020":7.3,"Age_75_plus_number_mid2020":61,"Age_75_plus_PC_mid2020":2.7,"IMD_2019_Rank":5696,"IMD_2019_Decile":2,"IDAOPI_2019_Rank":4322,"IDAOPI_2019_Decile":2,"Premises_Unable_30mbps_Ofcom":305,"Premises_below_USO":0,"Shape_Length":2708.7831651250985,"Shape_Area":233176.2018172479,"in_cw":false,"whole_in_zone":false},"geometry":{"type":"MultiPolygon","coordinates":[[[[-0.063851,51.474013],[-0.063929,51.472694],[-0.064148,51.471055],[-0.063875,51.470418],[-0.063795,51.470174],[-0.063992,51.470034],[-0.065771,51.470385],[-0.067169,51.470061],[-0.067774,51.470353],[-0.067928,51.470959],[-0.069137,51.470785],[-0.068949,51.470547],[-0.069538,51.470403],[-0.069658,51.470612],[-0.07017,51.470514],[-0.070041,51.470784],[-0.072161,51.471227],[-0.07212,51.471789],[-0.072885,51.471795],[-0.072848,51.471304],[-0.074269,51.471085],[-0.07438,51.472201],[-0.074701,51.473083],[-0.074365,51.473191],[-0.073837,51.473129],[-0.073644,51.472769],[-0.072222,51.472763],[-0.072145,51.473081],[-0.073133,51.473274],[-0.072754,51.473658],[-0.070478,51.473345],[-0.067908,51.47395],[-0.066993,51.473995],[-0.066508,51.473992],[-0.065848,51.473983],[-0.064665,51.473981],[-0.063851,51.474013]]]]}},
{"type":"Feature","properties":{"layer":"London_LSOAs_Generalised_inc_Attributes_Rev_20220331","id":4107,"OBJECTID_12":4107,"OBJECTID":4107,"LSOA11CD":"E01004205","LSOA11NM":"Tower Hamlets 013A","IUCN_2018_GRP_CD":7,"IUCN_2018_GRP_LABEL":"Passive and Uncommitted Users","Local_Authority_Name":"Tower Hamlets","Paper_First":"No","HTC_digital":2,"HTC_willingness":4,"Online_share_of_returns":0.977,"Paper_share_of_returns":0.023,"Age_65_plus_number_mid2020":103,"Age_65_plus_PC_mid2020":4.3,"Age_75_plus_number_mid2020":33,"Age_75_plus_PC_mid2020":1.4,"IMD_2019_Rank":4905,"IMD_2019_Decile":2,"IDAOPI_2019_Rank":20,"IDAOPI_2019_Decile":1,"Premises_Unable_30mbps_Ofcom":117,"Premises_below_USO":0,"Shape_Length":2249.357043291478,"Shape_Area":136002.0109439497,"in_cw":false,"whole_in_zone":false},"geometry":{"type":"MultiPolygon","coordinates":[[[[-0.059327,51.524219],[-0.059239,51.52357],[-0.058611,51.523621],[-0.058774,51.523129],[-0.059134,51.522086],[-0.058099,51.522008],[-0.058033,51.521761],[-0.059513,51.521542],[-0.058734,51.52054],[-0.060374,51.52009],[-0.061936,51.519473],[-0.063116,51.51913],[-0.063383,51.519664],[-0.063591,51.519983],[-0.064283,51.521539],[-0.064339,51.522033],[-0.064073,51.523248],[-0.063933,51.523795],[-0.063295,51.523835],[-0.063712,51.5225],[-0.06274,51.521902],[-0.062316,51.522135],[-0.062365,51.52266],[-0.06199,51.522696],[-0.062079,51.523181],[-0.060539,51.523117],[-0.060373,51.524012],[-0.059327,51.524219]]]]}},
{"type":"Feature","properties":{"layer":"London_LSOAs_Generalised_inc_Attributes_Rev_20220331","id":4108,"OBJECTID_12":4108,"OBJECTID":4108,"LSOA11CD":"E01004206","LSOA11NM":"Tower Hamlets 013B","IUCN_2018_GRP_CD":7,"IUCN_2018_GRP_LABEL":"Passive and Uncommitted Users","Local_Authority_Name":"Tower Hamlets","Paper_First":"No","HTC_digital":2,"HTC_willingness":4,"Online_share_of_returns":0.9570000000000001,"Paper_share_of_returns":0.043,"Age_65_plus_number_mid2020":128,"Age_65_plus_PC_mid2020":8.4,"Age_75_plus_number_mid2020":45,"Age_75_plus_PC_mid2020":3,"IMD_2019_Rank":3446,"IMD_2019_Decile":2,"IDAOPI_2019_Rank":64,"IDAOPI_2019_Decile":1,"Premises_Unable_30mbps_Ofcom":82,"Premises_below_USO":0,"Shape_Length":1887.4668514233435,"Shape_Area":77332.07951155074,"in_cw":false,"whole_in_zone":false},"geometry":{"type":"MultiPolygon","coordinates":[[[[-0.058566,51.524611],[-0.058448,51.524205],[-0.056488,51.524523],[-0.05654,51.523302],[-0.058148,51.522805],[-0.055862,51.522835],[-0.05512,51.522683],[-0.055143,51.522621],[-0.054822,51.52226],[-0.053853,51.52242],[-0.053627,51.52228],[-0.053787,51.521967],[-0.052852,51.521475],[-0.054044,51.521132],[-0.056143,51.520999],[-0.055788,51.521581],[-0.056814,51.521482],[-0.056775,51.521748],[-0.057488,51.521803],[-0.057608,51.522115],[-0.058099,51.522008],[-0.059134,51.522086],[-0.058774,51.523129],[-0.058611,51.523621],[-0.059239,51.52357],[-0.059327,51.524219],[-0.058566,51.524611]]]]}},
{"type":"Feature","properties":{"layer":"London_LSOAs_Generalised_inc_Attributes_Rev_20220331","id":4109,"OBJECTID_12":4109,"OBJECTID":4109,"LSOA11CD":"E01004207","LSOA11NM":"Tower Hamlets 011A","IUCN_2018_GRP_CD":4,"IUCN_2018_GRP_LABEL":"Youthful Urban Fringe","Local_Authority_Name":"Tower Hamlets","Paper_First":"No","HTC_digital":2,"HTC_willingness":4,"Online_share_of_returns":0.961,"Paper_share_of_returns":0.039,"Age_65_plus_number_mid2020":142,"Age_65_plus_PC_mid2020":9.3,"Age_75_plus_number_mid2020":66,"Age_75_plus_PC_mid2020":4.3,"IMD_2019_Rank":5973,"IMD_2019_Decile":2,"IDAOPI_2019_Rank":2051,"IDAOPI_2019_Decile":1,"Premises_Unable_30mbps_Ofcom":18,"Premises_below_USO":0,"Shape_Length":1556.0420053075666,"Shape_Area":69658.82815858295,"in_cw":false,"whole_in_zone":false},"geometry":{"type":"MultiPolygon","coordinates":[[[[-0.047114,51.5228],[-0.046203,51.521874],[-0.048377,51.52144],[-0.049017,51.521307],[-0.049189,51.522446],[-0.050023,51.522379],[-0.050059,51.522762],[-0.051007,51.522451],[-0.051456,51.522805],[-0.052673,51.522282],[-0.053314,51.522581],[-0.052917,51.522822],[-0.051589,51.523124],[-0.050732,51.523624],[-0.049025,51.524131],[-0.049436,51.524518],[-0.048917,51.524886],[-0.047654,51.523407],[-0.047547,51.523286],[-0.047114,51.5228]]]]}},
{"type":"Feature","properties":{"layer":"London_LSOAs_Generalised_inc_Attributes_Rev_20220331","id":4110,"OBJECTID_12":4110,"OBJECTID":4110,"LSOA11CD":"E01004208","LSOA11NM":"Tower Hamlets 013C","IUCN_2018_GRP_CD":2,"IUCN_2018_GRP_LABEL":"e-Professionals","Local_Authority_Name":"Tower Hamlets","Paper_First":"No","HTC_digital":1,"HTC_willingness":4,"Online_share_of_returns":0.986,"Paper_share_of_returns":0.013999999999999999,"Age_65_plus_number_mid2020":79,"Age_65_plus_PC_mid2020":2.9,"Age_75_plus_number_mid2020":35,"Age_75_plus_PC_mid2020":1.3,"IMD_2019_Rank":10715,"IMD_2019_Decile":4,"IDAOPI_2019_Rank":4706,"IDAOPI_2019_Decile":2,"Premises_Unable_30mbps_Ofcom":73,"Premises_below_USO":0,"Shape_Length":3059.8736167879756,"Shape_Area":161045.9039359606,"in_cw":false,"whole_in_zone":true},"geometry":{"type":"MultiPolygon","coordinates":[[[[-0.051456,51.522805],[-0.051007,51.522451],[-0.050059,51.522762],[-0.050023,51.522379],[-0.049189,51.522446],[-0.049017,51.521307],[-0.050043,51.521088],[-0.050317,51.521025],[-0.052959,51.520454],[-0.053061,51.520433],[-0.054491,51.520153],[-0.057195,51.519657],[-0.057739,51.519544],[-0.058,51.519489],[-0.062725,51.518426],[-0.063116,51.51913],[-0.061936,51.519473],[-0.060374,51.52009],[-0.058734,51.52054],[-0.059513,51.521542],[-0.058033,51.521761],[-0.058099,51.522008],[-0.057608,51.522115],[-0.057488,51.521803],[-0.056775,51.521748],[-0.056814,51.521482],[-0.055788,51.521581],[-0.056143,51.520999],[-0.054044,51.521132],[-0.052852,51.521475],[-0.053787,51.521967],[-0.053627,51.52228],[-0.053853,51.52242],[-0.054312,51.522798],[-0.052917,51.522822],[-0.053314,51.522581],[-0.052673,51.522282],[-0.051456,51.522805]]]]}},
{"type":"Feature","properties":{"layer":"London_LSOAs_Generalised_inc_Attributes_Rev_20220331","id":4111,"OBJECTID_12":4111,"OBJECTID":4111,"LSOA11CD":"E01004209","LSOA11NM":"Tower Hamlets 011B","IUCN_2018_GRP_CD":7,"IUCN_2018_GRP_LABEL":"Passive and Uncommitted Users","Local_Authority_Name":"Tower Hamlets","Paper_First":"No","HTC_digital":3,"HTC_willingness":4,"Online_share_of_returns":0.953,"Paper_share_of_returns":0.047,"Age_65_plus_number_mid2020":87,"Age_65_plus_PC_mid2020":5.9,"Age_75_plus_number_mid2020":51,"Age_75_plus_PC_mid2020":3.5,"IMD_2019_Rank":3602,"IMD_2019_Decile":2,"IDAOPI_2019_Rank":168,"IDAOPI_2019_Decile":1,"Premises_Unable_30mbps_Ofcom":11,"Premises_below_USO":0,"Shape_Length":1716.017315117085,"Shape_Area":82473.2724230222,"in_cw":false,"whole_in_zone":false},"geometry":{"type":"MultiPolygon","coordinates":[[[[-0.052987,51.52673],[-0.05261,51.526692],[-0.052083,51.527014],[-0.05179,51.526685],[-0.051944,51.526362],[-0.052503,51.52603],[-0.053045,51.524807],[-0.053073,51.524737],[-0.053208,51.52436],[-0.053077,51.523387],[-0.053066,51.523161],[-0.053981,51.523132],[-0.053993,51.523487],[-0.054505,51.523719],[-0.054312,51.522798],[-0.053853,51.52242],[-0.054822,51.52226],[-0.055143,51.522621],[-0.05512,51.522683],[-0.055105,51.525525],[-0.055232,51.525932],[-0.055346,51.526302],[-0.055288,51.52732],[-0.053325,51.527579],[-0.052987,51.52673]]]]}},
{"type":"Feature","properties":{"layer":"London_LSOAs_Generalised_inc_Attributes_Rev_20220331","id":4112,"OBJECTID_12":4112,"OBJECTID":4112,"LSOA11CD":"E01004211","LSOA11NM":"Tower Hamlets 013D","IUCN_2018_GRP_CD":2,"IUCN_2018_GRP_LABEL":"e-Professionals","Local_Authority_Name":"Tower Hamlets","Paper_First":"No","HTC_digital":1,"HTC_willingness":4,"Online_share_of_returns":0.97,"Paper_share_of_returns":0.03,"Age_65_plus_number_mid2020":115,"Age_65_plus_PC_mid2020":6.6,"Age_75_plus_number_mid2020":41,"Age_75_plus_PC_mid2020":2.4,"IMD_2019_Rank":7276,"IMD_2019_Decile":3,"IDAOPI_2019_Rank":406,"IDAOPI_2019_Decile":1,"Premises_Unable_30mbps_Ofcom":76,"Premises_below_USO":0,"Shape_Length":2252.3349189497585,"Shape_Area":165233.56895792767,"in_cw":false,"whole_in_zone":false},"geometry":{"type":"MultiPolygon","coordinates":[[[[-0.055713,51.527495],[-0.05635,51.526984],[-0.056911,51.527154],[-0.056921,51.526575],[-0.057768,51.526474],[-0.057857,51.526239],[-0.058352,51.526186],[-0.058241,51.525779],[-0.058852,51.52556],[-0.058566,51.524611],[-0.059327,51.524219],[-0.060373,51.524012],[-0.060539,51.523117],[-0.062079,51.523181],[-0.06199,51.522696],[-0.062365,51.52266],[-0.062316,51.522135],[-0.06274,51.521902],[-0.063712,51.5225],[-0.063295,51.523835],[-0.063933,51.523795],[-0.064277,51.525339],[-0.064527,51.526169],[-0.064606,51.526443],[-0.06461,51.526458],[-0.060958,51.526864],[-0.059161,51.527063],[-0.055713,51.527495]]]]}},
{"type":"Feature","properties":{"layer":"London_LSOAs_Generalised_inc_Attributes_Rev_20220331","id":4113,"OBJECTID_12":4113,"OBJECTID":4113,"LSOA11CD":"E01004212","LSOA11NM":"Tower Hamlets 011D","IUCN_2018_GRP_CD":4,"IUCN_2018_GRP_LABEL":"Youthful Urban Fringe","Local_Authority_Name":"Tower Hamlets","Paper_First":"No","HTC_digital":3,"HTC_willingness":4,"Online_share_of_returns":0.9740000000000001,"Paper_share_of_returns":0.026000000000000002,"Age_65_plus_number_mid2020":111,"Age_65_plus_PC_mid2020":4.1,"Age_75_plus_number_mid2020":29,"Age_75_plus_PC_mid2020":1.1,"IMD_2019_Rank":10838,"IMD_2019_Decile":4,"IDAOPI_2019_Rank":1437,"IDAOPI_2019_Decile":1,"Premises_Unable_30mbps_Ofcom":62,"Premises_below_USO":0,"Shape_Length":1730.3381701559201,"Shape_Area":83855.03081178186,"in_cw":false,"whole_in_zone":false},"geometry":{"type":"MultiPolygon","coordinates":[[[[-0.055288,51.52732],[-0.055346,51.526302],[-0.055232,51.525932],[-0.055105,51.525525],[-0.05512,51.522683],[-0.055862,51.522835],[-0.058148,51.522805],[-0.05654,51.523302],[-0.056488,51.524523],[-0.058448,51.524205],[-0.058566,51.524611],[-0.058852,51.52556],[-0.058241,51.525779],[-0.058352,51.526186],[-0.057857,51.526239],[-0.057768,51.526474],[-0.056921,51.526575],[-0.056911,51.527154],[-0.05635,51.526984],[-0.055713,51.527495],[-0.055368,51.527541],[-0.055288,51.52732]]]]}},
{"type":"Feature","properties":{"layer":"London_LSOAs_Generalised_inc_Attributes_Rev_20220331","id":4114,"OBJECTID_12":4114,"OBJECTID":4114,"LSOA11CD":"E01004214","LSOA11NM":"Tower Hamlets 030A","IUCN_2018_GRP_CD":7,"IUCN_2018_GRP_LABEL":"Passive and Uncommitted Users","Local_Authority_Name":"Tower Hamlets","Paper_First":"No","HTC_digital":5,"HTC_willingness":4,"Online_share_of_returns":0.9570000000000001,"Paper_share_of_returns":0.043,"Age_65_plus_number_mid2020":144,"Age_65_plus_PC_mid2020":8.1,"Age_75_plus_number_mid2020":53,"Age_75_plus_PC_mid2020":3,"IMD_2019_Rank":5686,"IMD_2019_Decile":2,"IDAOPI_2019_Rank":521,"IDAOPI_2019_Decile":1,"Premises_Unable_30mbps_Ofcom":0,"Premises_below_USO":0,"Shape_Length":1323.383465319161,"Shape_Area":67902.10437673813,"in_cw":true,"whole_in_zone":true},"geometry":{"type":"MultiPolygon","coordinates":[[[[-0.008603,51.498656],[-0.008498,51.498079],[-0.007275,51.498304],[-0.00671,51.497618],[-0.006391,51.496975],[-0.005608,51.495844],[-0.006163,51.495697],[-0.005982,51.495499],[-0.006552,51.495483],[-0.00693,51.495399],[-0.008813,51.494948],[-0.009071,51.495653],[-0.008144,51.495898],[-0.008149,51.496287],[-0.008641,51.496139],[-0.009467,51.496827],[-0.009604,51.497513],[-0.009574,51.497764],[-0.009436,51.498724],[-0.008603,51.498656]]]]}},
{"type":"Feature","properties":{"layer":"London_LSOAs_Generalised_inc_Attributes_Rev_20220331","id":4115,"OBJECTID_12":4115,"OBJECTID":4115,"LSOA11CD":"E01004215","LSOA11NM":"Tower Hamlets 028A","IUCN_2018_GRP_CD":2,"IUCN_2018_GRP_LABEL":"e-Professionals","Local_Authority_Name":"Tower Hamlets","Paper_First":"No","HTC_digital":3,"HTC_willingness":4,"Online_share_of_returns":0.986,"Paper_share_of_returns":0.013999999999999999,"Age_65_plus_number_mid2020":208,"Age_65_plus_PC_mid2020":4.4,"Age_75_plus_number_mid2020":75,"Age_75_plus_PC_mid2020":1.6,"IMD_2019_Rank":16624,"IMD_2019_Decile":6,"IDAOPI_2019_Rank":1064,"IDAOPI_2019_Decile":1,"Premises_Unable_30mbps_Ofcom":102,"Premises_below_USO":0,"Shape_Length":3602.463134063399,"Shape_Area":299718.6001232916,"in_cw":true,"whole_in_zone":true},"geometry":{"type":"MultiPolygon","coordinates":[[[[-0.013501,51.498288],[-0.012795,51.498052],[-0.011479,51.498698],[-0.012268,51.497873],[-0.012002,51.497707],[-0.011418,51.498071],[-0.010924,51.497879],[-0.010263,51.498333],[-0.009927,51.498107],[-0.010167,51.497629],[-0.009604,51.497513],[-0.009467,51.496827],[-0.008641,51.496139],[-0.008149,51.496287],[-0.008144,51.495898],[-0.009071,51.495653],[-0.008813,51.494948],[-0.00693,51.495399],[-0.007344,51.494914],[-0.008038,51.494976],[-0.007205,51.493893],[-0.006956,51.493423],[-0.007322,51.493319],[-0.008208,51.49418],[-0.008586,51.494552],[-0.009308,51.494528],[-0.009621,51.49514],[-0.013288,51.4938],[-0.014284,51.494544],[-0.014739,51.493411],[-0.017329,51.493515],[-0.017276,51.493904],[-0.017111,51.49511],[-0.016869,51.496989],[-0.016849,51.497167],[-0.016691,51.498526],[-0.016524,51.499968],[-0.016161,51.500167],[-0.013394,51.499825],[-0.013674,51.498301],[-0.013501,51.498288]]]]}},
{"type":"Feature","properties":{"layer":"London_LSOAs_Generalised_inc_Attributes_Rev_20220331","id":4116,"OBJECTID_12":4116,"OBJECTID":4116,"LSOA11CD":"E01004216","LSOA11NM":"Tower Hamlets 030B","IUCN_2018_GRP_CD":2,"IUCN_2018_GRP_LABEL":"e-Professionals","Local_Authority_Name":"Tower Hamlets","Paper_First":"No","HTC_digital":2,"HTC_willingness":3,"Online_share_of_returns":0.971,"Paper_share_of_returns":0.028999999999999998,"Age_65_plus_number_mid2020":145,"Age_65_plus_PC_mid2020":7.1,"Age_75_plus_number_mid2020":64,"Age_75_plus_PC_mid2020":3.1,"IMD_2019_Rank":19837,"IMD_2019_Decile":7,"IDAOPI_2019_Rank":3004,"IDAOPI_2019_Decile":1,"Premises_Unable_30mbps_Ofcom":0,"Premises_below_USO":0,"Shape_Length":1856.4998088786722,"Shape_Area":89625.03784313166,"in_cw":false,"whole_in_zone":true},"geometry":{"type":"MultiPolygon","coordinates":[[[[-0.005982,51.495499],[-0.005423,51.49465],[-0.005064,51.4946],[-0.003674,51.492873],[-0.004113,51.492756],[-0.006177,51.492611],[-0.006466,51.492487],[-0.006065,51.49209],[-0.005671,51.491706],[-0.005856,51.490948],[-0.008011,51.491289],[-0.008324,51.491502],[-0.007952,51.492369],[-0.007207,51.492485],[-0.007663,51.492971],[-0.008357,51.493016],[-0.00894,51.493882],[-0.008208,51.49418],[-0.007322,51.493319],[-0.006956,51.493423],[-0.007205,51.493893],[-0.008038,51.494976],[-0.007344,51.494914],[-0.00693,51.495399],[-0.006552,51.495483],[-0.005982,51.495499]]]]}},
{"type":"Feature","properties":{"layer":"London_LSOAs_Generalised_inc_Attributes_Rev_20220331","id":4117,"OBJECTID_12":4117,"OBJECTID":4117,"LSOA11CD":"E01004217","LSOA11NM":"Tower Hamlets 030C","IUCN_2018_GRP_CD":4,"IUCN_2018_GRP_LABEL":"Youthful Urban Fringe","Local_Authority_Name":"Tower Hamlets","Paper_First":"No","HTC_digital":2,"HTC_willingness":3,"Online_share_of_returns":0.9670000000000001,"Paper_share_of_returns":0.033,"Age_65_plus_number_mid2020":207,"Age_65_plus_PC_mid2020":9,"Age_75_plus_number_mid2020":73,"Age_75_plus_PC_mid2020":3.2,"IMD_2019_Rank":12388,"IMD_2019_Decile":4,"IDAOPI_2019_Rank":4449,"IDAOPI_2019_Decile":2,"Premises_Unable_30mbps_Ofcom":0,"Premises_below_USO":0,"Shape_Length":3282.6117452922413,"Shape_Area":410041.8889518807,"in_cw":false,"whole_in_zone":true},"geometry":{"type":"MultiPolygon","coordinates":[[[[-0.009621,51.49514],[-0.009308,51.494528],[-0.008586,51.494552],[-0.008208,51.49418],[-0.00894,51.493882],[-0.008357,51.493016],[-0.007663,51.492971],[-0.007207,51.492485],[-0.007952,51.492369],[-0.008324,51.491502],[-0.008011,51.491289],[-0.008474,51.490381],[-0.008714,51.489844],[-0.008336,51.489783],[-0.007873,51.490528],[-0.006315,51.489977],[-0.005799,51.489846],[-0.006012,51.489242],[-0.006802,51.488961],[-0.00786,51.488443],[-0.007348,51.487882],[-0.007679,51.487482],[-0.00992,51.48706],[-0.009938,51.486442],[-0.010667,51.486233],[-0.012987,51.48601],[-0.013163,51.486209],[-0.013147,51.486399],[-0.013309,51.487197],[-0.013314,51.487245],[-0.013945,51.489193],[-0.014475,51.48961],[-0.015608,51.490736],[-0.014739,51.493411],[-0.014284,51.494544],[-0.013288,51.4938],[-0.009621,51.49514]]]]}},
{"type":"Feature","properties":{"layer":"London_LSOAs_Generalised_inc_Attributes_Rev_20220331","id":4118,"OBJECTID_12":4118,"OBJECTID":4118,"LSOA11CD":"E01004218","LSOA11NM":"Tower Hamlets 030D","IUCN_2018_GRP_CD":2,"IUCN_2018_GRP_LABEL":"e-Professionals","Local_Authority_Name":"Tower Hamlets","Paper_First":"No","HTC_digital":2,"HTC_willingness":3,"Online_share_of_returns":0.976,"Paper_share_of_returns":0.024,"Age_65_plus_number_mid2020":184,"Age_65_plus_PC_mid2020":9.1,"Age_75_plus_number_mid2020":40,"Age_75_plus_PC_mid2020":2,"IMD_2019_Rank":21427,"IMD_2019_Decile":7,"IDAOPI_2019_Rank":10125,"IDAOPI_2019_Decile":4,"Premises_Unable_30mbps_Ofcom":0,"Premises_below_USO":0,"Shape_Length":2655.4278735597204,"Shape_Area":143597.28329095867,"in_cw":false,"whole_in_zone":true},"geometry":{"type":"MultiPolygon","coordinates":[[[[-0.003091,51.491519],[-0.003584,51.489187],[-0.00448,51.488255],[-0.005294,51.488483],[-0.004625,51.488141],[-0.005644,51.487513],[-0.008194,51.486641],[-0.009938,51.486442],[-0.00992,51.48706],[-0.007679,51.487482],[-0.007348,51.487882],[-0.00786,51.488443],[-0.006802,51.488961],[-0.006012,51.489242],[-0.005799,51.489846],[-0.006315,51.489977],[-0.007873,51.490528],[-0.008336,51.489783],[-0.008714,51.489844],[-0.008474,51.490381],[-0.008011,51.491289],[-0.005856,51.490948],[-0.005671,51.491706],[-0.006065,51.49209],[-0.006466,51.492487],[-0.006177,51.492611],[-0.004113,51.492756],[-0.003674,51.492873],[-0.003228,51.492025],[-0.003091,51.491519]]]]}},
{"type":"Feature","properties":{"layer":"London_LSOAs_Generalised_inc_Attributes_Rev_20220331","id":4119,"OBJECTID_12":4119,"OBJECTID":4119,"LSOA11CD":"E01004219","LSOA11NM":"Tower Hamlets 028B","IUCN_2018_GRP_CD":4,"IUCN_2018_GRP_LABEL":"Youthful Urban Fringe","Local_Authority_Name":"Tower Hamlets","Paper_First":"No","HTC_digital":4,"HTC_willingness":4,"Online_share_of_returns":0.9840000000000001,"Paper_share_of_returns":0.016,"Age_65_plus_number_mid2020":87,"Age_65_plus_PC_mid2020":3.5,"Age_75_plus_number_mid2020":43,"Age_75_plus_PC_mid2020":1.7,"IMD_2019_Rank":6380,"IMD_2019_Decile":2,"IDAOPI_2019_Rank":157,"IDAOPI_2019_Decile":1,"Premises_Unable_30mbps_Ofcom":15,"Premises_below_USO":0,"Shape_Length":2528.9553007628747,"Shape_Area":200595.97589101072,"in_cw":true,"whole_in_zone":true},"geometry":{"type":"MultiPolygon","coordinates":[[[[-0.004436,51.511257],[-0.004118,51.510604],[-0.005497,51.510336],[-0.005431,51.510692],[-0.00705,51.510848],[-0.006866,51.509838],[-0.00767,51.509837],[-0.007641,51.509025],[-0.006409,51.508915],[-0.005428,51.508],[-0.005359,51.507927],[-0.005278,51.507853],[-0.007584,51.507803],[-0.00747,51.507441],[-0.008163,51.507093],[-0.010886,51.507384],[-0.012122,51.507309],[-0.012047,51.507584],[-0.01184,51.508262],[-0.012277,51.508854],[-0.012828,51.509965],[-0.013145,51.511195],[-0.012468,51.511215],[-0.011219,51.511268],[-0.009629,51.511366],[-0.007733,51.511478],[-0.004293,51.512056],[-0.004646,51.511728],[-0.004436,51.511257]]]]}},
{"type":"Feature","properties":{"layer":"London_LSOAs_Generalised_inc_Attributes_Rev_20220331","id":4120,"OBJECTID_12":4120,"OBJECTID":4120,"LSOA11CD":"E01004221","LSOA11NM":"Tower Hamlets 028D","IUCN_2018_GRP_CD":2,"IUCN_2018_GRP_LABEL":"e-Professionals","Local_Authority_Name":"Tower Hamlets","Paper_First":"No","HTC_digital":2,"HTC_willingness":3,"Online_share_of_returns":0.98,"Paper_share_of_returns":0.02,"Age_65_plus_number_mid2020":116,"Age_65_plus_PC_mid2020":5.1,"Age_75_plus_number_mid2020":40,"Age_75_plus_PC_mid2020":1.8,"IMD_2019_Rank":15260,"IMD_2019_Decile":5,"IDAOPI_2019_Rank":2813,"IDAOPI_2019_Decile":1,"Premises_Unable_30mbps_Ofcom":1,"Premises_below_USO":0,"Shape_Length":2977.953295740626,"Shape_Area":135061.18618227998,"in_cw":true,"whole_in_zone":true},"geometry":{"type":"MultiPolygon","coordinates":[[[[-0.006437,51.503619],[-0.006389,51.503357],[-0.006579,51.50359],[-0.006896,51.50347],[-0.007335,51.502888],[-0.007655,51.50149],[-0.008649,51.501272],[-0.007774,51.500802],[-0.007761,51.500219],[-0.007275,51.498304],[-0.008498,51.498079],[-0.008603,51.498656],[-0.009436,51.498724],[-0.009574,51.497764],[-0.009604,51.497513],[-0.010167,51.497629],[-0.009927,51.498107],[-0.010263,51.498333],[-0.010924,51.497879],[-0.011418,51.498071],[-0.012002,51.497707],[-0.012268,51.497873],[-0.011479,51.498698],[-0.012795,51.498052],[-0.013501,51.498288],[-0.013674,51.498301],[-0.013394,51.499825],[-0.010576,51.499661],[-0.010271,51.501367],[-0.008714,51.501717],[-0.007269,51.505114],[-0.006335,51.504103],[-0.006779,51.503836],[-0.006437,51.503619]]]]}},
{"type":"Feature","properties":{"layer":"London_LSOAs_Generalised_inc_Attributes_Rev_20220331","id":4136,"OBJECTID_12":4136,"OBJECTID":4136,"LSOA11CD":"E01004238","LSOA11NM":"Tower Hamlets 008D","IUCN_2018_GRP_CD":4,"IUCN_2018_GRP_LABEL":"Youthful Urban Fringe","Local_Authority_Name":"Tower Hamlets","Paper_First":"No","HTC_digital":3,"HTC_willingness":4,"Online_share_of_returns":0.987,"Paper_share_of_returns":0.013000000000000001,"Age_65_plus_number_mid2020":215,"Age_65_plus_PC_mid2020":4,"Age_75_plus_number_mid2020":68,"Age_75_plus_PC_mid2020":1.3,"IMD_2019_Rank":7688,"IMD_2019_Decile":3,"IDAOPI_2019_Rank":154,"IDAOPI_2019_Decile":1,"Premises_Unable_30mbps_Ofcom":126,"Premises_below_USO":0,"Shape_Length":3255.830217981024,"Shape_Area":355139.7816214359,"in_cw":false,"whole_in_zone":false},"geometry":{"type":"MultiPolygon","coordinates":[[[[-0.007512,51.526307],[-0.007579,51.525409],[-0.008023,51.52421],[-0.008071,51.523936],[-0.008095,51.523739],[-0.009054,51.522376],[-0.01185,51.520576],[-0.013473,51.519941],[-0.013826,51.519787],[-0.015413,51.520866],[-0.016065,51.522057],[-0.016036,51.522893],[-0.01492,51.523018],[-0.015032,51.523637],[-0.015185,51.52456],[-0.014292,51.524554],[-0.014811,51.525192],[-0.014713,51.525554],[-0.014433,51.526372],[-0.012691,51.526504],[-0.012655,51.526086],[-0.01202,51.526215],[-0.011381,51.525798],[-0.010715,51.52657],[-0.010747,51.527137],[-0.01246,51.528788],[-0.013092,51.528922],[-0.013709,51.52981],[-0.01362,51.529841],[-0.013589,51.529832],[-0.010549,51.529172],[-0.010235,51.528497],[-0.00869,51.527661],[-0.007512,51.526307]]]]}},
{"type":"Feature","properties":{"layer":"London_LSOAs_Generalised_inc_Attributes_Rev_20220331","id":4137,"OBJECTID_12":4137,"OBJECTID":4137,"LSOA11CD":"E01004239","LSOA11NM":"Tower Hamlets 008E","IUCN_2018_GRP_CD":7,"IUCN_2018_GRP_LABEL":"Passive and Uncommitted Users","Local_Authority_Name":"Tower Hamlets","Paper_First":"No","HTC_digital":2,"HTC_willingness":4,"Online_share_of_returns":0.9590000000000001,"Paper_share_of_returns":0.040999999999999995,"Age_65_plus_number_mid2020":182,"Age_65_plus_PC_mid2020":10.3,"Age_75_plus_number_mid2020":80,"Age_75_plus_PC_mid2020":4.5,"IMD_2019_Rank":3901,"IMD_2019_Decile":2,"IDAOPI_2019_Rank":907,"IDAOPI_2019_Decile":1,"Premises_Unable_30mbps_Ofcom":74,"Premises_below_USO":0,"Shape_Length":1914.3369221461217,"Shape_Area":108196.26789213759,"in_cw":false,"whole_in_zone":false},"geometry":{"type":"MultiPolygon","coordinates":[[[[-0.016634,51.526374],[-0.015745,51.525262],[-0.016542,51.525012],[-0.016011,51.524584],[-0.015185,51.52456],[-0.015032,51.523637],[-0.01492,51.523018],[-0.016036,51.522893],[-0.016065,51.522057],[-0.016245,51.521793],[-0.01808,51.522356],[-0.018857,51.521568],[-0.018987,51.521315],[-0.020065,51.521186],[-0.019461,51.522163],[-0.018838,51.522292],[-0.019277,51.522992],[-0.01865,51.523031],[-0.019263,51.524174],[-0.01948,51.524537],[-0.018758,51.524521],[-0.018848,51.524662],[-0.018269,51.525101],[-0.018907,51.525866],[-0.018487,51.52607],[-0.017437,51.526289],[-0.017296,51.526203],[-0.016634,51.526374]]]]}},
{"type":"Feature","properties":{"layer":"London_LSOAs_Generalised_inc_Attributes_Rev_20220331","id":4138,"OBJECTID_12":4138,"OBJECTID":4138,"LSOA11CD":"E01004240","LSOA11NM":"Tower Hamlets 012A","IUCN_2018_GRP_CD":7,"IUCN_2018_GRP_LABEL":"Passive and Uncommitted Users","Local_Authority_Name":"Tower Hamlets","Paper_First":"No","HTC_digital":3,"HTC_willingness":4,"Online_share_of_returns":0.9640000000000001,"Paper_share_of_returns":0.036000000000000004,"Age_65_plus_number_mid2020":163,"Age_65_plus_PC_mid2020":8.6,"Age_75_plus_number_mid2020":40,"Age_75_plus_PC_mid2020":2.1,"IMD_2019_Rank":7203,"IMD_2019_Decile":3,"IDAOPI_2019_Rank":1562,"IDAOPI_2019_Decile":1,"Premises_Unable_30mbps_Ofcom":0,"Premises_below_USO":0,"Shape_Length":1489.152799787114,"Shape_Area":83817.48870380201,"in_cw":false,"whole_in_zone":false},"geometry":{"type":"MultiPolygon","coordinates":[[[[-0.019277,51.522992],[-0.018838,51.522292],[-0.019461,51.522163],[-0.020341,51.522301],[-0.020731,51.521754],[-0.021082,51.522256],[-0.021327,51.522377],[-0.021879,51.521919],[-0.022374,51.521949],[-0.022346,51.522478],[-0.022841,51.522382],[-0.022831,51.521781],[-0.023147,51.521547],[-0.023787,51.521665],[-0.024415,51.521908],[-0.023934,51.522203],[-0.024388,51.522792],[-0.023685,51.523406],[-0.023281,51.523719],[-0.021242,51.524464],[-0.020555,51.524538],[-0.01948,51.524537],[-0.019263,51.524174],[-0.01865,51.523031],[-0.019277,51.522992]]]]}},
{"type":"Feature","properties":{"layer":"London_LSOAs_Generalised_inc_Attributes_Rev_20220331","id":4139,"OBJECTID_12":4139,"OBJECTID":4139,"LSOA11CD":"E01004241","LSOA11NM":"Tower Hamlets 012B","IUCN_2018_GRP_CD":7,"IUCN_2018_GRP_LABEL":"Passive and Uncommitted Users","Local_Authority_Name":"Tower Hamlets","Paper_First":"No","HTC_digital":3,"HTC_willingness":4,"Online_share_of_returns":0.981,"Paper_share_of_returns":0.019,"Age_65_plus_number_mid2020":136,"Age_65_plus_PC_mid2020":7.4,"Age_75_plus_number_mid2020":64,"Age_75_plus_PC_mid2020":3.5,"IMD_2019_Rank":5227,"IMD_2019_Decile":2,"IDAOPI_2019_Rank":512,"IDAOPI_2019_Decile":1,"Premises_Unable_30mbps_Ofcom":3,"Premises_below_USO":0,"Shape_Length":2172.188358157873,"Shape_Area":118825.64490096632,"in_cw":false,"whole_in_zone":true},"geometry":{"type":"MultiPolygon","coordinates":[[[[-0.023787,51.521665],[-0.023147,51.521547],[-0.022831,51.521781],[-0.022841,51.522382],[-0.022346,51.522478],[-0.022374,51.521949],[-0.021879,51.521919],[-0.021327,51.522377],[-0.021082,51.522256],[-0.020731,51.521754],[-0.020341,51.522301],[-0.019461,51.522163],[-0.020065,51.521186],[-0.01967,51.520713],[-0.02046,51.520623],[-0.020428,51.520362],[-0.021335,51.52051],[-0.021242,51.520012],[-0.02271,51.519849],[-0.022843,51.519586],[-0.022179,51.519143],[-0.021628,51.519157],[-0.022196,51.518797],[-0.023116,51.518522],[-0.024087,51.519493],[-0.024744,51.519771],[-0.027354,51.520756],[-0.025874,51.521745],[-0.024388,51.522792],[-0.023934,51.522203],[-0.024415,51.521908],[-0.023787,51.521665]]]]}},
{"type":"Feature","properties":{"layer":"London_LSOAs_Generalised_inc_Attributes_Rev_20220331","id":4140,"OBJECTID_12":4140,"OBJECTID":4140,"LSOA11CD":"E01004242","LSOA11NM":"Tower Hamlets 012C","IUCN_2018_GRP_CD":4,"IUCN_2018_GRP_LABEL":"Youthful Urban Fringe","Local_Authority_Name":"Tower Hamlets","Paper_First":"No","HTC_digital":2,"HTC_willingness":4,"Online_share_of_returns":0.988,"Paper_share_of_returns":0.012,"Age_65_plus_number_mid2020":185,"Age_65_plus_PC_mid2020":3.1,"Age_75_plus_number_mid2020":63,"Age_75_plus_PC_mid2020":1.1,"IMD_2019_Rank":9768,"IMD_2019_Decile":3,"IDAOPI_2019_Rank":499,"IDAOPI_2019_Decile":1,"Premises_Unable_30mbps_Ofcom":3,"Premises_below_USO":0,"Shape_Length":2203.628012443097,"Shape_Area":201983.9146587819,"in_cw":false,"whole_in_zone":true},"geometry":{"type":"MultiPolygon","coordinates":[[[[-0.01808,51.522356],[-0.016245,51.521793],[-0.016065,51.522057],[-0.015413,51.520866],[-0.013826,51.519787],[-0.014229,51.519613],[-0.015372,51.519129],[-0.016599,51.518627],[-0.018466,51.517864],[-0.019862,51.517294],[-0.021617,51.516597],[-0.02198,51.51687],[-0.023116,51.518522],[-0.022196,51.518797],[-0.021628,51.519157],[-0.022179,51.519143],[-0.022843,51.519586],[-0.02271,51.519849],[-0.021242,51.520012],[-0.021335,51.52051],[-0.020428,51.520362],[-0.02046,51.520623],[-0.01967,51.520713],[-0.020065,51.521186],[-0.018987,51.521315],[-0.018857,51.521568],[-0.01808,51.522356]]]]}},
{"type":"Feature","properties":{"layer":"London_LSOAs_Generalised_inc_Attributes_Rev_20220331","id":4141,"OBJECTID_12":4141,"OBJECTID":4141,"LSOA11CD":"E01004243","LSOA11NM":"Tower Hamlets 020A","IUCN_2018_GRP_CD":7,"IUCN_2018_GRP_LABEL":"Passive and Uncommitted Users","Local_Authority_Name":"Tower Hamlets","Paper_First":"Yes","HTC_digital":5,"HTC_willingness":3,"Online_share_of_returns":0.733,"Paper_share_of_returns":0.267,"Age_65_plus_number_mid2020":101,"Age_65_plus_PC_mid2020":7.8,"Age_75_plus_number_mid2020":43,"Age_75_plus_PC_mid2020":3.3,"IMD_2019_Rank":5485,"IMD_2019_Decile":2,"IDAOPI_2019_Rank":1104,"IDAOPI_2019_Decile":1,"Premises_Unable_30mbps_Ofcom":0,"Premises_below_USO":0,"Shape_Length":1701.4626320031296,"Shape_Area":114303.15817297784,"in_cw":false,"whole_in_zone":true},"geometry":{"type":"MultiPolygon","coordinates":[[[[-0.002966,51.51302],[-0.002594,51.512368],[-0.003335,51.512232],[-0.004293,51.512056],[-0.007733,51.511478],[-0.007932,51.511721],[-0.007396,51.511775],[-0.00775,51.513044],[-0.008277,51.512411],[-0.008911,51.512631],[-0.009844,51.513674],[-0.009473,51.513731],[-0.008119,51.514017],[-0.006364,51.51418],[-0.006933,51.514749],[-0.006275,51.514874],[-0.006222,51.515226],[-0.005268,51.514967],[-0.003616,51.514516],[-0.002966,51.51302]]]]}},
{"type":"Feature","properties":{"layer":"London_LSOAs_Generalised_inc_Attributes_Rev_20220331","id":4142,"OBJECTID_12":4142,"OBJECTID":4142,"LSOA11CD":"E01004244","LSOA11NM":"Tower Hamlets 020B","IUCN_2018_GRP_CD":10,"IUCN_2018_GRP_LABEL":"e-Withdrawn","Local_Authority_Name":"Tower Hamlets","Paper_First":"No","HTC_digital":3,"HTC_willingness":4,"Online_share_of_returns":0.9540000000000001,"Paper_share_of_returns":0.046,"Age_65_plus_number_mid2020":247,"Age_65_plus_PC_mid2020":11.1,"Age_75_plus_number_mid2020":119,"Age_75_plus_PC_mid2020":5.4,"IMD_2019_Rank":3416,"IMD_2019_Decile":2,"IDAOPI_2019_Rank":507,"IDAOPI_2019_Decile":1,"Premises_Unable_30mbps_Ofcom":0,"Premises_below_USO":0,"Shape_Length":1718.8946363755572,"Shape_Area":135171.9034185272,"in_cw":false,"whole_in_zone":true},"geometry":{"type":"MultiPolygon","coordinates":[[[[-0.018006,51.514529],[-0.017763,51.51401],[-0.016641,51.514314],[-0.016155,51.513839],[-0.016031,51.513363],[-0.014998,51.513433],[-0.014955,51.512253],[-0.013848,51.512281],[-0.014586,51.511842],[-0.014361,51.511527],[-0.014496,51.511116],[-0.014911,51.511094],[-0.014998,51.51109],[-0.017535,51.510947],[-0.020946,51.510815],[-0.020558,51.511465],[-0.02001,51.512113],[-0.019998,51.512923],[-0.020065,51.514278],[-0.019557,51.514744],[-0.018006,51.514529]]]]}},
{"type":"Feature","properties":{"layer":"London_LSOAs_Generalised_inc_Attributes_Rev_20220331","id":4143,"OBJECTID_12":4143,"OBJECTID":4143,"LSOA11CD":"E01004245","LSOA11NM":"Tower Hamlets 018A","IUCN_2018_GRP_CD":7,"IUCN_2018_GRP_LABEL":"Passive and Uncommitted Users","Local_Authority_Name":"Tower Hamlets","Paper_First":"No","HTC_digital":2,"HTC_willingness":4,"Online_share_of_returns":0.98,"Paper_share_of_returns":0.02,"Age_65_plus_number_mid2020":101,"Age_65_plus_PC_mid2020":4.6,"Age_75_plus_number_mid2020":31,"Age_75_plus_PC_mid2020":1.4,"IMD_2019_Rank":2763,"IMD_2019_Decile":1,"IDAOPI_2019_Rank":1025,"IDAOPI_2019_Decile":1,"Premises_Unable_30mbps_Ofcom":4,"Premises_below_USO":0,"Shape_Length":2143.3996967165713,"Shape_Area":213327.92843282665,"in_cw":false,"whole_in_zone":true},"geometry":{"type":"MultiPolygon","coordinates":[[[[0.000573,51.51628],[0.002771,51.515475],[0.003654,51.51454],[0.000463,51.51312],[-0.000671,51.512735],[-0.002594,51.512368],[-0.002966,51.51302],[-0.003616,51.514516],[-0.005268,51.514967],[-0.004946,51.515393],[-0.007254,51.516026],[-0.006866,51.516296],[-0.006187,51.516715],[-0.005463,51.516232],[-0.004288,51.516409],[-0.003409,51.517567],[-0.00265,51.517774],[0.000573,51.51628]]]]}},
{"type":"Feature","properties":{"layer":"London_LSOAs_Generalised_inc_Attributes_Rev_20220331","id":4144,"OBJECTID_12":4144,"OBJECTID":4144,"LSOA11CD":"E01004246","LSOA11NM":"Tower Hamlets 018B","IUCN_2018_GRP_CD":4,"IUCN_2018_GRP_LABEL":"Youthful Urban Fringe","Local_Authority_Name":"Tower Hamlets","Paper_First":"No","HTC_digital":2,"HTC_willingness":4,"Online_share_of_returns":0.98,"Paper_share_of_returns":0.02,"Age_65_plus_number_mid2020":196,"Age_65_plus_PC_mid2020":6,"Age_75_plus_number_mid2020":77,"Age_75_plus_PC_mid2020":2.3,"IMD_2019_Rank":8057,"IMD_2019_Decile":3,"IDAOPI_2019_Rank":4895,"IDAOPI_2019_Decile":2,"Premises_Unable_30mbps_Ofcom":54,"Premises_below_USO":0,"Shape_Length":3527.682117503836,"Shape_Area":202284.73207664173,"in_cw":false,"whole_in_zone":true},"geometry":{"type":"MultiPolygon","coordinates":[[[[-0.014229,51.519613],[-0.013832,51.519195],[-0.01167,51.519536],[-0.01159,51.519049],[-0.012351,51.519003],[-0.012176,51.518532],[-0.013593,51.518444],[-0.011644,51.517819],[-0.011665,51.517554],[-0.013364,51.51738],[-0.01392,51.517438],[-0.013909,51.517767],[-0.014719,51.517397],[-0.014047,51.515099],[-0.013846,51.515165],[-0.013913,51.515357],[-0.01174,51.515949],[-0.011388,51.515754],[-0.011122,51.515529],[-0.009067,51.516049],[-0.008441,51.514913],[-0.010157,51.514232],[-0.009983,51.513932],[-0.010322,51.513872],[-0.010878,51.51384],[-0.011035,51.514203],[-0.01342,51.513765],[-0.013295,51.513332],[-0.014137,51.513193],[-0.014276,51.513564],[-0.014998,51.513433],[-0.016031,51.513363],[-0.016155,51.513839],[-0.016641,51.514314],[-0.016422,51.514784],[-0.016841,51.514745],[-0.017086,51.515544],[-0.017793,51.515434],[-0.017965,51.515996],[-0.017054,51.516451],[-0.015815,51.516079],[-0.016055,51.517191],[-0.016219,51.517924],[-0.016599,51.518627],[-0.015372,51.519129],[-0.014229,51.519613]]]]}},
{"type":"Feature","properties":{"layer":"London_LSOAs_Generalised_inc_Attributes_Rev_20220331","id":4145,"OBJECTID_12":4145,"OBJECTID":4145,"LSOA11CD":"E01004247","LSOA11NM":"Tower Hamlets 020C","IUCN_2018_GRP_CD":7,"IUCN_2018_GRP_LABEL":"Passive and Uncommitted Users","Local_Authority_Name":"Tower Hamlets","Paper_First":"No","HTC_digital":2,"HTC_willingness":4,"Online_share_of_returns":0.975,"Paper_share_of_returns":0.025,"Age_65_plus_number_mid2020":194,"Age_65_plus_PC_mid2020":7,"Age_75_plus_number_mid2020":72,"Age_75_plus_PC_mid2020":2.6,"IMD_2019_Rank":3824,"IMD_2019_Decile":2,"IDAOPI_2019_Rank":269,"IDAOPI_2019_Decile":1,"Premises_Unable_30mbps_Ofcom":22,"Premises_below_USO":0,"Shape_Length":1821.120225373544,"Shape_Area":120532.83046136728,"in_cw":false,"whole_in_zone":true},"geometry":{"type":"MultiPolygon","coordinates":[[[[-0.011035,51.514203],[-0.010878,51.51384],[-0.010322,51.513872],[-0.009983,51.513932],[-0.009844,51.513674],[-0.008911,51.512631],[-0.008277,51.512411],[-0.00775,51.513044],[-0.007396,51.511775],[-0.007932,51.511721],[-0.007733,51.511478],[-0.009629,51.511366],[-0.011219,51.511268],[-0.012468,51.511215],[-0.013145,51.511195],[-0.014496,51.511116],[-0.014361,51.511527],[-0.014586,51.511842],[-0.013848,51.512281],[-0.014955,51.512253],[-0.014998,51.513433],[-0.014276,51.513564],[-0.014137,51.513193],[-0.013295,51.513332],[-0.01342,51.513765],[-0.011035,51.514203]]]]}},
{"type":"Feature","properties":{"layer":"London_LSOAs_Generalised_inc_Attributes_Rev_20220331","id":4146,"OBJECTID_12":4146,"OBJECTID":4146,"LSOA11CD":"E01004248","LSOA11NM":"Tower Hamlets 018C","IUCN_2018_GRP_CD":10,"IUCN_2018_GRP_LABEL":"e-Withdrawn","Local_Authority_Name":"Tower Hamlets","Paper_First":"No","HTC_digital":5,"HTC_willingness":4,"Online_share_of_returns":0.9690000000000001,"Paper_share_of_returns":0.031,"Age_65_plus_number_mid2020":131,"Age_65_plus_PC_mid2020":6.9,"Age_75_plus_number_mid2020":62,"Age_75_plus_PC_mid2020":3.2,"IMD_2019_Rank":3465,"IMD_2019_Decile":2,"IDAOPI_2019_Rank":766,"IDAOPI_2019_Decile":1,"Premises_Unable_30mbps_Ofcom":0,"Premises_below_USO":0,"Shape_Length":2579.886216569127,"Shape_Area":106024.63219938133,"in_cw":false,"whole_in_zone":false},"geometry":{"type":"MultiPolygon","coordinates":[[[[-0.009169,51.51986],[-0.008428,51.519379],[-0.010094,51.51914],[-0.009882,51.518562],[-0.009503,51.517665],[-0.011297,51.517261],[-0.011352,51.517258],[-0.012952,51.517086],[-0.013364,51.51738],[-0.011665,51.517554],[-0.011644,51.517819],[-0.013593,51.518444],[-0.012176,51.518532],[-0.012351,51.519003],[-0.01159,51.519049],[-0.01167,51.519536],[-0.013832,51.519195],[-0.014229,51.519613],[-0.013826,51.519787],[-0.013473,51.519941],[-0.01185,51.520576],[-0.009054,51.522376],[-0.008095,51.523739],[-0.007826,51.523105],[-0.007876,51.522803],[-0.008312,51.522782],[-0.008558,51.5218],[-0.009289,51.521799],[-0.009169,51.51986]]]]}},
{"type":"Feature","properties":{"layer":"London_LSOAs_Generalised_inc_Attributes_Rev_20220331","id":4147,"OBJECTID_12":4147,"OBJECTID":4147,"LSOA11CD":"E01004249","LSOA11NM":"Tower Hamlets 018D","IUCN_2018_GRP_CD":7,"IUCN_2018_GRP_LABEL":"Passive and Uncommitted Users","Local_Authority_Name":"Tower Hamlets","Paper_First":"No","HTC_digital":2,"HTC_willingness":4,"Online_share_of_returns":0.96,"Paper_share_of_returns":0.04,"Age_65_plus_number_mid2020":171,"Age_65_plus_PC_mid2020":6.6,"Age_75_plus_number_mid2020":74,"Age_75_plus_PC_mid2020":2.9,"IMD_2019_Rank":3447,"IMD_2019_Decile":2,"IDAOPI_2019_Rank":1459,"IDAOPI_2019_Decile":1,"Premises_Unable_30mbps_Ofcom":23,"Premises_below_USO":0,"Shape_Length":2911.918034848737,"Shape_Area":183087.58576598953,"in_cw":false,"whole_in_zone":true},"geometry":{"type":"MultiPolygon","coordinates":[[[[-0.006639,51.51823],[-0.006187,51.516715],[-0.006866,51.516296],[-0.007254,51.516026],[-0.004946,51.515393],[-0.005268,51.514967],[-0.006222,51.515226],[-0.006275,51.514874],[-0.006933,51.514749],[-0.006364,51.51418],[-0.008119,51.514017],[-0.009473,51.513731],[-0.009844,51.513674],[-0.009983,51.513932],[-0.010157,51.514232],[-0.008441,51.514913],[-0.009067,51.516049],[-0.011122,51.515529],[-0.011388,51.515754],[-0.01174,51.515949],[-0.013913,51.515357],[-0.013846,51.515165],[-0.014047,51.515099],[-0.014719,51.517397],[-0.013909,51.517767],[-0.01392,51.517438],[-0.013364,51.51738],[-0.012952,51.517086],[-0.011352,51.517258],[-0.011297,51.517261],[-0.009503,51.517665],[-0.009882,51.518562],[-0.010094,51.51914],[-0.008428,51.519379],[-0.006639,51.51823]]]]}},
{"type":"Feature","properties":{"layer":"London_LSOAs_Generalised_inc_Attributes_Rev_20220331","id":4148,"OBJECTID_12":4148,"OBJECTID":4148,"LSOA11CD":"E01004250","LSOA11NM":"Tower Hamlets 020D","IUCN_2018_GRP_CD":7,"IUCN_2018_GRP_LABEL":"Passive and Uncommitted Users","Local_Authority_Name":"Tower Hamlets","Paper_First":"Yes","HTC_digital":4,"HTC_willingness":3,"Online_share_of_returns":0.722,"Paper_share_of_returns":0.278,"Age_65_plus_number_mid2020":196,"Age_65_plus_PC_mid2020":6.8,"Age_75_plus_number_mid2020":80,"Age_75_plus_PC_mid2020":2.8,"IMD_2019_Rank":4393,"IMD_2019_Decile":2,"IDAOPI_2019_Rank":711,"IDAOPI_2019_Decile":1,"Premises_Unable_30mbps_Ofcom":0,"Premises_below_USO":0,"Shape_Length":1677.6729183793746,"Shape_Area":100508.9388427445,"in_cw":false,"whole_in_zone":true},"geometry":{"type":"MultiPolygon","coordinates":[[[[-0.016055,51.517191],[-0.015815,51.516079],[-0.017054,51.516451],[-0.017965,51.515996],[-0.017793,51.515434],[-0.017086,51.515544],[-0.016841,51.514745],[-0.016422,51.514784],[-0.016641,51.514314],[-0.017763,51.51401],[-0.018006,51.514529],[-0.019557,51.514744],[-0.019586,51.514823],[-0.020452,51.515751],[-0.020557,51.515838],[-0.021617,51.516597],[-0.019862,51.517294],[-0.018466,51.517864],[-0.016599,51.518627],[-0.016219,51.517924],[-0.016055,51.517191]]]]}},
{"type":"Feature","properties":{"layer":"London_LSOAs_Generalised_inc_Attributes_Rev_20220331","id":4149,"OBJECTID_12":4149,"OBJECTID":4149,"LSOA11CD":"E01004251","LSOA11NM":"Tower Hamlets 023A","IUCN_2018_GRP_CD":7,"IUCN_2018_GRP_LABEL":"Passive and Uncommitted Users","Local_Authority_Name":"Tower Hamlets","Paper_First":"No","HTC_digital":4,"HTC_willingness":4,"Online_share_of_returns":0.9640000000000001,"Paper_share_of_returns":0.036000000000000004,"Age_65_plus_number_mid2020":195,"Age_65_plus_PC_mid2020":7.2,"Age_75_plus_number_mid2020":101,"Age_75_plus_PC_mid2020":3.7,"IMD_2019_Rank":8675,"IMD_2019_Decile":3,"IDAOPI_2019_Rank":1291,"IDAOPI_2019_Decile":1,"Premises_Unable_30mbps_Ofcom":0,"Premises_below_USO":0,"Shape_Length":1756.5934916983456,"Shape_Area":129027.8793964945,"in_cw":false,"whole_in_zone":true},"geometry":{"type":"MultiPolygon","coordinates":[[[[-0.033335,51.516607],[-0.033066,51.516025],[-0.032068,51.51605],[-0.029275,51.516321],[-0.028909,51.515645],[-0.028888,51.515605],[-0.028396,51.514667],[-0.02823,51.514338],[-0.029162,51.514118],[-0.029063,51.513052],[-0.029975,51.512795],[-0.03022,51.513067],[-0.03164,51.512377],[-0.03216,51.512696],[-0.032773,51.513183],[-0.032361,51.513374],[-0.033136,51.514319],[-0.033348,51.514487],[-0.035269,51.514106],[-0.035523,51.514095],[-0.03529,51.514366],[-0.033835,51.516273],[-0.033335,51.516607]]]]}},
{"type":"Feature","properties":{"layer":"London_LSOAs_Generalised_inc_Attributes_Rev_20220331","id":4150,"OBJECTID_12":4150,"OBJECTID":4150,"LSOA11CD":"E01004252","LSOA11NM":"Tower Hamlets 024A","IUCN_2018_GRP_CD":4,"IUCN_2018_GRP_LABEL":"Youthful Urban Fringe","Local_Authority_Name":"Tower Hamlets","Paper_First":"No","HTC_digital":2,"HTC_willingness":4,"Online_share_of_returns":0.976,"Paper_share_of_returns":0.024,"Age_65_plus_number_mid2020":164,"Age_65_plus_PC_mid2020":4.6,"Age_75_plus_number_mid2020":57,"Age_75_plus_PC_mid2020":1.6,"IMD_2019_Rank":5828,"IMD_2019_Decile":2,"IDAOPI_2019_Rank":227,"IDAOPI_2019_Decile":1,"Premises_Unable_30mbps_Ofcom":11,"Premises_below_USO":0,"Shape_Length":3056.1169992333744,"Shape_Area":159968.9175481502,"in_cw":true,"whole_in_zone":true},"geometry":{"type":"MultiPolygon","coordinates":[[[[-0.022383,51.515329],[-0.023385,51.513782],[-0.021359,51.513781],[-0.021238,51.513438],[-0.024675,51.513268],[-0.024635,51.512705],[-0.025007,51.512932],[-0.025809,51.512587],[-0.025504,51.512285],[-0.025211,51.512653],[-0.024804,51.512418],[-0.024757,51.512196],[-0.025319,51.512139],[-0.024756,51.511728],[-0.024864,51.511363],[-0.025568,51.511467],[-0.025422,51.510527],[-0.026531,51.510501],[-0.026405,51.510118],[-0.026836,51.510459],[-0.027521,51.511028],[-0.027894,51.510815],[-0.028556,51.511766],[-0.028113,51.511954],[-0.027129,51.511704],[-0.027281,51.512173],[-0.027626,51.512548],[-0.027978,51.512186],[-0.028751,51.512115],[-0.02859,51.512531],[-0.029063,51.513052],[-0.029162,51.514118],[-0.02823,51.514338],[-0.028025,51.513974],[-0.026288,51.51468],[-0.024689,51.515345],[-0.022782,51.516107],[-0.021617,51.516597],[-0.020557,51.515838],[-0.022383,51.515329]]]]}},
{"type":"Feature","properties":{"layer":"London_LSOAs_Generalised_inc_Attributes_Rev_20220331","id":4151,"OBJECTID_12":4151,"OBJECTID":4151,"LSOA11CD":"E01004253","LSOA11NM":"Tower Hamlets 024B","IUCN_2018_GRP_CD":7,"IUCN_2018_GRP_LABEL":"Passive and Uncommitted Users","Local_Authority_Name":"Tower Hamlets","Paper_First":"No","HTC_digital":4,"HTC_willingness":4,"Online_share_of_returns":0.9590000000000001,"Paper_share_of_returns":0.040999999999999995,"Age_65_plus_number_mid2020":201,"Age_65_plus_PC_mid2020":5.5,"Age_75_plus_number_mid2020":70,"Age_75_plus_PC_mid2020":1.9,"IMD_2019_Rank":8904,"IMD_2019_Decile":3,"IDAOPI_2019_Rank":1236,"IDAOPI_2019_Decile":1,"Premises_Unable_30mbps_Ofcom":0,"Premises_below_USO":0,"Shape_Length":2446.1322759357035,"Shape_Area":152002.98276301954,"in_cw":true,"whole_in_zone":true},"geometry":{"type":"MultiPolygon","coordinates":[[[[-0.020065,51.514278],[-0.019998,51.512923],[-0.02001,51.512113],[-0.020558,51.511465],[-0.020946,51.510815],[-0.021043,51.51081],[-0.022459,51.511013],[-0.022898,51.511077],[-0.023504,51.510078],[-0.023689,51.509641],[-0.024382,51.509914],[-0.025465,51.510126],[-0.025422,51.510527],[-0.025568,51.511467],[-0.024864,51.511363],[-0.024756,51.511728],[-0.025319,51.512139],[-0.024757,51.512196],[-0.024804,51.512418],[-0.025211,51.512653],[-0.025504,51.512285],[-0.025809,51.512587],[-0.025007,51.512932],[-0.024635,51.512705],[-0.024675,51.513268],[-0.021238,51.513438],[-0.021359,51.513781],[-0.023385,51.513782],[-0.022383,51.515329],[-0.020557,51.515838],[-0.020452,51.515751],[-0.019586,51.514823],[-0.019557,51.514744],[-0.020065,51.514278]]]]}},
{"type":"Feature","properties":{"layer":"London_LSOAs_Generalised_inc_Attributes_Rev_20220331","id":4152,"OBJECTID_12":4152,"OBJECTID":4152,"LSOA11CD":"E01004254","LSOA11NM":"Tower Hamlets 023B","IUCN_2018_GRP_CD":2,"IUCN_2018_GRP_LABEL":"e-Professionals","Local_Authority_Name":"Tower Hamlets","Paper_First":"No","HTC_digital":1,"HTC_willingness":4,"Online_share_of_returns":0.992,"Paper_share_of_returns":0.008,"Age_65_plus_number_mid2020":123,"Age_65_plus_PC_mid2020":3.5,"Age_75_plus_number_mid2020":41,"Age_75_plus_PC_mid2020":1.2,"IMD_2019_Rank":15458,"IMD_2019_Decile":5,"IDAOPI_2019_Rank":10462,"IDAOPI_2019_Decile":4,"Premises_Unable_30mbps_Ofcom":32,"Premises_below_USO":0,"Shape_Length":2823.2127043467917,"Shape_Area":167462.83532099164,"in_cw":false,"whole_in_zone":true},"geometry":{"type":"MultiPolygon","coordinates":[[[[-0.03216,51.512696],[-0.03164,51.512377],[-0.03022,51.513067],[-0.029975,51.512795],[-0.029063,51.513052],[-0.02859,51.512531],[-0.028751,51.512115],[-0.027978,51.512186],[-0.027626,51.512548],[-0.027281,51.512173],[-0.027129,51.511704],[-0.028113,51.511954],[-0.028556,51.511766],[-0.029174,51.511817],[-0.028975,51.512004],[-0.029655,51.512286],[-0.030231,51.510973],[-0.032192,51.51142],[-0.032462,51.511143],[-0.032702,51.510872],[-0.033358,51.510566],[-0.033242,51.510162],[-0.034049,51.510053],[-0.034408,51.509126],[-0.035328,51.509344],[-0.036438,51.509553],[-0.036326,51.509262],[-0.03745,51.509416],[-0.036852,51.509979],[-0.036225,51.510423],[-0.036022,51.510573],[-0.034866,51.511334],[-0.03674,51.511751],[-0.036429,51.512597],[-0.035523,51.514095],[-0.035269,51.514106],[-0.033348,51.514487],[-0.033136,51.514319],[-0.032361,51.513374],[-0.032773,51.513183],[-0.03216,51.512696]]]]}},
{"type":"Feature","properties":{"layer":"London_LSOAs_Generalised_inc_Attributes_Rev_20220331","id":4153,"OBJECTID_12":4153,"OBJECTID":4153,"LSOA11CD":"E01004255","LSOA11NM":"Tower Hamlets 023C","IUCN_2018_GRP_CD":4,"IUCN_2018_GRP_LABEL":"Youthful Urban Fringe","Local_Authority_Name":"Tower Hamlets","Paper_First":"No","HTC_digital":2,"HTC_willingness":4,"Online_share_of_returns":0.976,"Paper_share_of_returns":0.024,"Age_65_plus_number_mid2020":130,"Age_65_plus_PC_mid2020":7.1,"Age_75_plus_number_mid2020":34,"Age_75_plus_PC_mid2020":1.9,"IMD_2019_Rank":5983,"IMD_2019_Decile":2,"IDAOPI_2019_Rank":439,"IDAOPI_2019_Decile":1,"Premises_Unable_30mbps_Ofcom":0,"Premises_below_USO":0,"Shape_Length":1700.3925715087182,"Shape_Area":95380.92416977427,"in_cw":true,"whole_in_zone":true},"geometry":{"type":"MultiPolygon","coordinates":[[[[-0.028556,51.511766],[-0.027894,51.510815],[-0.027521,51.511028],[-0.026836,51.510459],[-0.026405,51.510118],[-0.026531,51.510501],[-0.025422,51.510527],[-0.025465,51.510126],[-0.024382,51.509914],[-0.024463,51.509545],[-0.025151,51.509514],[-0.02551,51.509779],[-0.026365,51.509293],[-0.027173,51.508208],[-0.027267,51.507906],[-0.029229,51.507871],[-0.028946,51.508839],[-0.029863,51.509142],[-0.029961,51.509458],[-0.030295,51.509971],[-0.030231,51.510973],[-0.029655,51.512286],[-0.028975,51.512004],[-0.029174,51.511817],[-0.028556,51.511766]]]]}},
{"type":"Feature","properties":{"layer":"London_LSOAs_Generalised_inc_Attributes_Rev_20220331","id":4154,"OBJECTID_12":4154,"OBJECTID":4154,"LSOA11CD":"E01004256","LSOA11NM":"Tower Hamlets 024C","IUCN_2018_GRP_CD":7,"IUCN_2018_GRP_LABEL":"Passive and Uncommitted Users","Local_Authority_Name":"Tower Hamlets","Paper_First":"No","HTC_digital":4,"HTC_willingness":4,"Online_share_of_returns":0.958,"Paper_share_of_returns":0.042,"Age_65_plus_number_mid2020":180,"Age_65_plus_PC_mid2020":9.2,"Age_75_plus_number_mid2020":77,"Age_75_plus_PC_mid2020":3.9,"IMD_2019_Rank":5676,"IMD_2019_Decile":2,"IDAOPI_2019_Rank":271,"IDAOPI_2019_Decile":1,"Premises_Unable_30mbps_Ofcom":0,"Premises_below_USO":0,"Shape_Length":2285.0820875024983,"Shape_Area":141976.61921351595,"in_cw":true,"whole_in_zone":true},"geometry":{"type":"MultiPolygon","coordinates":[[[[-0.021116,51.510476],[-0.020539,51.510399],[-0.019002,51.510576],[-0.019082,51.510225],[-0.018375,51.510188],[-0.01857,51.509671],[-0.019245,51.509593],[-0.019441,51.5092],[-0.017664,51.508963],[-0.017042,51.508939],[-0.014526,51.508901],[-0.013884,51.508755],[-0.013363,51.507407],[-0.017121,51.507599],[-0.023598,51.508874],[-0.023918,51.50893],[-0.025151,51.509514],[-0.024463,51.509545],[-0.024382,51.509914],[-0.023689,51.509641],[-0.023504,51.510078],[-0.022898,51.511077],[-0.022459,51.511013],[-0.021043,51.51081],[-0.021116,51.510476]]]]}},
{"type":"Feature","properties":{"layer":"London_LSOAs_Generalised_inc_Attributes_Rev_20220331","id":4155,"OBJECTID_12":4155,"OBJECTID":4155,"LSOA11CD":"E01004257","LSOA11NM":"Tower Hamlets 024D","IUCN_2018_GRP_CD":7,"IUCN_2018_GRP_LABEL":"Passive and Uncommitted Users","Local_Authority_Name":"Tower Hamlets","Paper_First":"No","HTC_digital":4,"HTC_willingness":4,"Online_share_of_returns":0.968,"Paper_share_of_returns":0.032,"Age_65_plus_number_mid2020":161,"Age_65_plus_PC_mid2020":6.7,"Age_75_plus_number_mid2020":52,"Age_75_plus_PC_mid2020":2.2,"IMD_2019_Rank":6674,"IMD_2019_Decile":3,"IDAOPI_2019_Rank":1896,"IDAOPI_2019_Decile":1,"Premises_Unable_30mbps_Ofcom":1,"Premises_below_USO":0,"Shape_Length":2034.4931810635946,"Shape_Area":123869.37062306952,"in_cw":true,"whole_in_zone":true},"geometry":{"type":"MultiPolygon","coordinates":[[[[-0.013145,51.511195],[-0.012828,51.509965],[-0.012277,51.508854],[-0.01184,51.508262],[-0.012047,51.507584],[-0.013363,51.507407],[-0.013884,51.508755],[-0.014526,51.508901],[-0.017042,51.508939],[-0.017664,51.508963],[-0.019441,51.5092],[-0.019245,51.509593],[-0.01857,51.509671],[-0.018375,51.510188],[-0.019082,51.510225],[-0.019002,51.510576],[-0.020539,51.510399],[-0.021116,51.510476],[-0.021043,51.51081],[-0.020946,51.510815],[-0.017535,51.510947],[-0.014998,51.51109],[-0.014911,51.511094],[-0.014496,51.511116],[-0.013145,51.511195]]]]}},
{"type":"Feature","properties":{"layer":"London_LSOAs_Generalised_inc_Attributes_Rev_20220331","id":4156,"OBJECTID_12":4156,"OBJECTID":4156,"LSOA11CD":"E01004258","LSOA11NM":"Tower Hamlets 023D","IUCN_2018_GRP_CD":2,"IUCN_2018_GRP_LABEL":"e-Professionals","Local_Authority_Name":"Tower Hamlets","Paper_First":"No","HTC_digital":1,"HTC_willingness":3,"Online_share_of_returns":0.98,"Paper_share_of_returns":0.02,"Age_65_plus_number_mid2020":212,"Age_65_plus_PC_mid2020":12.5,"Age_75_plus_number_mid2020":58,"Age_75_plus_PC_mid2020":3.4,"IMD_2019_Rank":12802,"IMD_2019_Decile":4,"IDAOPI_2019_Rank":5942,"IDAOPI_2019_Decile":2,"Premises_Unable_30mbps_Ofcom":0,"Premises_below_USO":0,"Shape_Length":1922.4699369252846,"Shape_Area":99566.45122077985,"in_cw":true,"whole_in_zone":true},"geometry":{"type":"MultiPolygon","coordinates":[[[[-0.029863,51.509142],[-0.028946,51.508839],[-0.029229,51.507871],[-0.030172,51.507383],[-0.030409,51.507245],[-0.031412,51.507947],[-0.030423,51.508539],[-0.029886,51.508864],[-0.030872,51.508569],[-0.031864,51.508219],[-0.033188,51.508451],[-0.035903,51.50913],[-0.0361,51.509405],[-0.036326,51.509262],[-0.036438,51.509553],[-0.035328,51.509344],[-0.034408,51.509126],[-0.034049,51.510053],[-0.033242,51.510162],[-0.033358,51.510566],[-0.032702,51.510872],[-0.032462,51.511143],[-0.032192,51.51142],[-0.030231,51.510973],[-0.030295,51.509971],[-0.029961,51.509458],[-0.029863,51.509142]]]]}},
{"type":"Feature","properties":{"layer":"London_LSOAs_Generalised_inc_Attributes_Rev_20220331","id":4159,"OBJECTID_12":4159,"OBJECTID":4159,"LSOA11CD":"E01004261","LSOA11NM":"Tower Hamlets 010A","IUCN_2018_GRP_CD":4,"IUCN_2018_GRP_LABEL":"Youthful Urban Fringe","Local_Authority_Name":"Tower Hamlets","Paper_First":"No","HTC_digital":4,"HTC_willingness":5,"Online_share_of_returns":0.9640000000000001,"Paper_share_of_returns":0.036000000000000004,"Age_65_plus_number_mid2020":143,"Age_65_plus_PC_mid2020":4.4,"Age_75_plus_number_mid2020":69,"Age_75_plus_PC_mid2020":2.1,"IMD_2019_Rank":10280,"IMD_2019_Decile":4,"IDAOPI_2019_Rank":382,"IDAOPI_2019_Decile":1,"Premises_Unable_30mbps_Ofcom":46,"Premises_below_USO":0,"Shape_Length":2789.2655606142603,"Shape_Area":167190.17139963296,"in_cw":false,"whole_in_zone":false},"geometry":{"type":"MultiPolygon","coordinates":[[[[-0.039737,51.526997],[-0.037069,51.524238],[-0.036519,51.522925],[-0.036477,51.521968],[-0.037759,51.522379],[-0.039373,51.52226],[-0.039989,51.521907],[-0.040579,51.522321],[-0.04123,51.521864],[-0.041024,51.521249],[-0.041943,51.521586],[-0.043336,51.521299],[-0.043971,51.521168],[-0.044265,51.522481],[-0.044797,51.522385],[-0.045485,51.522723],[-0.044883,51.523296],[-0.043548,51.522962],[-0.043134,51.522292],[-0.042098,51.522489],[-0.041013,51.522674],[-0.0416,51.52343],[-0.041147,51.523566],[-0.04138,51.523996],[-0.042316,51.52406],[-0.041924,51.524289],[-0.042356,51.524629],[-0.043065,51.52456],[-0.043214,51.52491],[-0.042586,51.525197],[-0.042135,51.525267],[-0.041709,51.524933],[-0.041083,51.525254],[-0.039737,51.526997]]]]}},
{"type":"Feature","properties":{"layer":"London_LSOAs_Generalised_inc_Attributes_Rev_20220331","id":4160,"OBJECTID_12":4160,"OBJECTID":4160,"LSOA11CD":"E01004262","LSOA11NM":"Tower Hamlets 010B","IUCN_2018_GRP_CD":4,"IUCN_2018_GRP_LABEL":"Youthful Urban Fringe","Local_Authority_Name":"Tower Hamlets","Paper_First":"No","HTC_digital":2,"HTC_willingness":5,"Online_share_of_returns":0.938,"Paper_share_of_returns":0.063,"Age_65_plus_number_mid2020":147,"Age_65_plus_PC_mid2020":6.7,"Age_75_plus_number_mid2020":71,"Age_75_plus_PC_mid2020":3.3,"IMD_2019_Rank":8367,"IMD_2019_Decile":3,"IDAOPI_2019_Rank":723,"IDAOPI_2019_Decile":1,"Premises_Unable_30mbps_Ofcom":9,"Premises_below_USO":0,"Shape_Length":2975.7483638911726,"Shape_Area":146132.76421174014,"in_cw":false,"whole_in_zone":false},"geometry":{"type":"MultiPolygon","coordinates":[[[[-0.039737,51.526997],[-0.041083,51.525254],[-0.041709,51.524933],[-0.042135,51.525267],[-0.042586,51.525197],[-0.043214,51.52491],[-0.043065,51.52456],[-0.042356,51.524629],[-0.041924,51.524289],[-0.042316,51.52406],[-0.04138,51.523996],[-0.041147,51.523566],[-0.0416,51.52343],[-0.041013,51.522674],[-0.042098,51.522489],[-0.043134,51.522292],[-0.043548,51.522962],[-0.044883,51.523296],[-0.045485,51.522723],[-0.044797,51.522385],[-0.044265,51.522481],[-0.043971,51.521168],[-0.04492,51.520976],[-0.045857,51.521946],[-0.046203,51.521874],[-0.047114,51.5228],[-0.046911,51.523144],[-0.046666,51.522919],[-0.044164,51.523671],[-0.043802,51.523844],[-0.044484,51.524431],[-0.044217,51.524612],[-0.045717,51.526269],[-0.04615,51.526189],[-0.046122,51.526461],[-0.044521,51.526728],[-0.043519,51.526895],[-0.041513,51.527125],[-0.039939,51.527306],[-0.039737,51.526997]]]]}},
{"type":"Feature","properties":{"layer":"London_LSOAs_Generalised_inc_Attributes_Rev_20220331","id":4161,"OBJECTID_12":4161,"OBJECTID":4161,"LSOA11CD":"E01004263","LSOA11NM":"Tower Hamlets 007C","IUCN_2018_GRP_CD":7,"IUCN_2018_GRP_LABEL":"Passive and Uncommitted Users","Local_Authority_Name":"Tower Hamlets","Paper_First":"No","HTC_digital":2,"HTC_willingness":4,"Online_share_of_returns":0.935,"Paper_share_of_returns":0.065,"Age_65_plus_number_mid2020":170,"Age_65_plus_PC_mid2020":10.9,"Age_75_plus_number_mid2020":70,"Age_75_plus_PC_mid2020":4.5,"IMD_2019_Rank":6689,"IMD_2019_Decile":3,"IDAOPI_2019_Rank":3362,"IDAOPI_2019_Decile":2,"Premises_Unable_30mbps_Ofcom":21,"Premises_below_USO":0,"Shape_Length":1182.2833810338643,"Shape_Area":82486.91308383735,"in_cw":false,"whole_in_zone":false},"geometry":{"type":"MultiPolygon","coordinates":[[[[-0.044164,51.523671],[-0.046666,51.522919],[-0.046911,51.523144],[-0.047114,51.5228],[-0.047547,51.523286],[-0.047654,51.523407],[-0.048917,51.524886],[-0.049141,51.525093],[-0.047416,51.52594],[-0.04615,51.526189],[-0.045717,51.526269],[-0.044217,51.524612],[-0.044484,51.524431],[-0.043802,51.523844],[-0.044164,51.523671]]]]}},
{"type":"Feature","properties":{"layer":"London_LSOAs_Generalised_inc_Attributes_Rev_20220331","id":4162,"OBJECTID_12":4162,"OBJECTID":4162,"LSOA11CD":"E01004264","LSOA11NM":"Tower Hamlets 010C","IUCN_2018_GRP_CD":7,"IUCN_2018_GRP_LABEL":"Passive and Uncommitted Users","Local_Authority_Name":"Tower Hamlets","Paper_First":"No","HTC_digital":3,"HTC_willingness":4,"Online_share_of_returns":0.958,"Paper_share_of_returns":0.042,"Age_65_plus_number_mid2020":109,"Age_65_plus_PC_mid2020":6.8,"Age_75_plus_number_mid2020":59,"Age_75_plus_PC_mid2020":3.7,"IMD_2019_Rank":6140,"IMD_2019_Decile":2,"IDAOPI_2019_Rank":367,"IDAOPI_2019_Decile":1,"Premises_Unable_30mbps_Ofcom":1,"Premises_below_USO":0,"Shape_Length":1472.5607165320762,"Shape_Area":61534.77978696539,"in_cw":false,"whole_in_zone":true},"geometry":{"type":"MultiPolygon","coordinates":[[[[-0.036477,51.521968],[-0.036442,51.521467],[-0.038449,51.521281],[-0.040218,51.520931],[-0.041252,51.520716],[-0.042388,51.520482],[-0.044058,51.520187],[-0.04492,51.520976],[-0.043971,51.521168],[-0.043336,51.521299],[-0.041943,51.521586],[-0.041024,51.521249],[-0.04123,51.521864],[-0.040579,51.522321],[-0.039989,51.521907],[-0.039373,51.52226],[-0.037759,51.522379],[-0.036477,51.521968]]]]}},
{"type":"Feature","properties":{"layer":"London_LSOAs_Generalised_inc_Attributes_Rev_20220331","id":4164,"OBJECTID_12":4164,"OBJECTID":4164,"LSOA11CD":"E01004267","LSOA11NM":"Tower Hamlets 012D","IUCN_2018_GRP_CD":2,"IUCN_2018_GRP_LABEL":"e-Professionals","Local_Authority_Name":"Tower Hamlets","Paper_First":"No","HTC_digital":2,"HTC_willingness":4,"Online_share_of_returns":0.977,"Paper_share_of_returns":0.023,"Age_65_plus_number_mid2020":140,"Age_65_plus_PC_mid2020":6,"Age_75_plus_number_mid2020":36,"Age_75_plus_PC_mid2020":1.5,"IMD_2019_Rank":6672,"IMD_2019_Decile":3,"IDAOPI_2019_Rank":780,"IDAOPI_2019_Decile":1,"Premises_Unable_30mbps_Ofcom":0,"Premises_below_USO":0,"Shape_Length":2514.772830652501,"Shape_Area":211707.6790676066,"in_cw":false,"whole_in_zone":false},"geometry":{"type":"MultiPolygon","coordinates":[[[[-0.018848,51.524662],[-0.018758,51.524521],[-0.01948,51.524537],[-0.020555,51.524538],[-0.021242,51.524464],[-0.023281,51.523719],[-0.023685,51.523406],[-0.024388,51.522792],[-0.025874,51.521745],[-0.027354,51.520756],[-0.027472,51.520783],[-0.027304,51.521329],[-0.028308,51.522785],[-0.028267,51.523404],[-0.027167,51.523503],[-0.025848,51.524125],[-0.025223,51.524114],[-0.024993,51.524437],[-0.026087,51.52478],[-0.026013,51.524877],[-0.025411,51.525101],[-0.024764,51.525277],[-0.02506,51.525886],[-0.025278,51.526264],[-0.025714,51.52703],[-0.025512,51.527074],[-0.024047,51.527377],[-0.022674,51.527662],[-0.021007,51.527929],[-0.019759,51.526203],[-0.018848,51.524662]]]]}},
{"type":"Feature","properties":{"layer":"London_LSOAs_Generalised_inc_Attributes_Rev_20220331","id":4166,"OBJECTID_12":4166,"OBJECTID":4166,"LSOA11CD":"E01004269","LSOA11NM":"Tower Hamlets 014A","IUCN_2018_GRP_CD":4,"IUCN_2018_GRP_LABEL":"Youthful Urban Fringe","Local_Authority_Name":"Tower Hamlets","Paper_First":"No","HTC_digital":2,"HTC_willingness":4,"Online_share_of_returns":0.97,"Paper_share_of_returns":0.03,"Age_65_plus_number_mid2020":211,"Age_65_plus_PC_mid2020":7.4,"Age_75_plus_number_mid2020":107,"Age_75_plus_PC_mid2020":3.7,"IMD_2019_Rank":6988,"IMD_2019_Decile":3,"IDAOPI_2019_Rank":1799,"IDAOPI_2019_Decile":1,"Premises_Unable_30mbps_Ofcom":113,"Premises_below_USO":0,"Shape_Length":2366.5844159435783,"Shape_Area":154746.21034645496,"in_cw":false,"whole_in_zone":false},"geometry":{"type":"MultiPolygon","coordinates":[[[[-0.028509,51.525477],[-0.027837,51.524341],[-0.026952,51.524542],[-0.026087,51.52478],[-0.024993,51.524437],[-0.025223,51.524114],[-0.025848,51.524125],[-0.027167,51.523503],[-0.028267,51.523404],[-0.029458,51.523182],[-0.030242,51.523725],[-0.030721,51.523652],[-0.029936,51.521823],[-0.0315,51.521966],[-0.030927,51.522599],[-0.031868,51.523095],[-0.033809,51.523022],[-0.034252,51.523246],[-0.034895,51.524996],[-0.034462,51.525102],[-0.033959,51.525229],[-0.030564,51.525994],[-0.029802,51.526165],[-0.027953,51.526545],[-0.027823,51.526329],[-0.028801,51.526048],[-0.028509,51.525477]]]]}},
{"type":"Feature","properties":{"layer":"London_LSOAs_Generalised_inc_Attributes_Rev_20220331","id":4167,"OBJECTID_12":4167,"OBJECTID":4167,"LSOA11CD":"E01004270","LSOA11NM":"Tower Hamlets 014B","IUCN_2018_GRP_CD":2,"IUCN_2018_GRP_LABEL":"e-Professionals","Local_Authority_Name":"Tower Hamlets","Paper_First":"No","HTC_digital":1,"HTC_willingness":4,"Online_share_of_returns":0.973,"Paper_share_of_returns":0.027000000000000003,"Age_65_plus_number_mid2020":113,"Age_65_plus_PC_mid2020":3.8,"Age_75_plus_number_mid2020":37,"Age_75_plus_PC_mid2020":1.3,"IMD_2019_Rank":12534,"IMD_2019_Decile":4,"IDAOPI_2019_Rank":1455,"IDAOPI_2019_Decile":1,"Premises_Unable_30mbps_Ofcom":3,"Premises_below_USO":0,"Shape_Length":3436.435086356365,"Shape_Area":291073.0269177526,"in_cw":false,"whole_in_zone":false},"geometry":{"type":"MultiPolygon","coordinates":[[[[-0.034252,51.523246],[-0.033809,51.523022],[-0.031868,51.523095],[-0.030927,51.522599],[-0.0315,51.521966],[-0.029936,51.521823],[-0.030721,51.523652],[-0.030242,51.523725],[-0.029458,51.523182],[-0.028267,51.523404],[-0.028308,51.522785],[-0.027304,51.521329],[-0.027472,51.520783],[-0.028476,51.52006],[-0.02861,51.520165],[-0.028912,51.520475],[-0.028222,51.52088],[-0.028999,51.521068],[-0.030473,51.521382],[-0.030741,51.521136],[-0.030609,51.520568],[-0.031034,51.520432],[-0.030507,51.520443],[-0.030567,51.51948],[-0.03097,51.519379],[-0.030532,51.518686],[-0.030512,51.518653],[-0.032438,51.517434],[-0.035279,51.518567],[-0.035645,51.518452],[-0.036264,51.519513],[-0.036442,51.521467],[-0.036477,51.521968],[-0.036519,51.522925],[-0.037069,51.524238],[-0.034895,51.524996],[-0.034252,51.523246]]]]}},
{"type":"Feature","properties":{"layer":"London_LSOAs_Generalised_inc_Attributes_Rev_20220331","id":4168,"OBJECTID_12":4168,"OBJECTID":4168,"LSOA11CD":"E01004271","LSOA11NM":"Tower Hamlets 014C","IUCN_2018_GRP_CD":7,"IUCN_2018_GRP_LABEL":"Passive and Uncommitted Users","Local_Authority_Name":"Tower Hamlets","Paper_First":"No","HTC_digital":3,"HTC_willingness":4,"Online_share_of_returns":0.9740000000000001,"Paper_share_of_returns":0.026000000000000002,"Age_65_plus_number_mid2020":120,"Age_65_plus_PC_mid2020":5.2,"Age_75_plus_number_mid2020":50,"Age_75_plus_PC_mid2020":2.2,"IMD_2019_Rank":7538,"IMD_2019_Decile":3,"IDAOPI_2019_Rank":833,"IDAOPI_2019_Decile":1,"Premises_Unable_30mbps_Ofcom":12,"Premises_below_USO":0,"Shape_Length":1835.6302108600366,"Shape_Area":97536.57563937556,"in_cw":false,"whole_in_zone":true},"geometry":{"type":"MultiPolygon","coordinates":[[[[-0.028912,51.520475],[-0.02861,51.520165],[-0.028476,51.52006],[-0.027472,51.520783],[-0.027354,51.520756],[-0.024744,51.519771],[-0.025261,51.519054],[-0.02769,51.519414],[-0.02723,51.519124],[-0.027801,51.518748],[-0.0283,51.518626],[-0.027632,51.517746],[-0.028668,51.517449],[-0.029772,51.517261],[-0.030512,51.518653],[-0.030532,51.518686],[-0.03097,51.519379],[-0.030567,51.51948],[-0.030507,51.520443],[-0.031034,51.520432],[-0.030609,51.520568],[-0.030741,51.521136],[-0.030473,51.521382],[-0.028999,51.521068],[-0.028222,51.52088],[-0.028912,51.520475]]]]}},
{"type":"Feature","properties":{"layer":"London_LSOAs_Generalised_inc_Attributes_Rev_20220331","id":4169,"OBJECTID_12":4169,"OBJECTID":4169,"LSOA11CD":"E01004272","LSOA11NM":"Tower Hamlets 014D","IUCN_2018_GRP_CD":10,"IUCN_2018_GRP_LABEL":"e-Withdrawn","Local_Authority_Name":"Tower Hamlets","Paper_First":"No","HTC_digital":4,"HTC_willingness":4,"Online_share_of_returns":0.978,"Paper_share_of_returns":0.022000000000000002,"Age_65_plus_number_mid2020":159,"Age_65_plus_PC_mid2020":6.1,"Age_75_plus_number_mid2020":67,"Age_75_plus_PC_mid2020":2.6,"IMD_2019_Rank":5842,"IMD_2019_Decile":2,"IDAOPI_2019_Rank":162,"IDAOPI_2019_Decile":1,"Premises_Unable_30mbps_Ofcom":0,"Premises_below_USO":0,"Shape_Length":1673.403014881348,"Shape_Area":92855.2560417263,"in_cw":false,"whole_in_zone":true},"geometry":{"type":"MultiPolygon","coordinates":[[[[-0.024087,51.519493],[-0.023116,51.518522],[-0.02198,51.51687],[-0.022295,51.517171],[-0.023424,51.516718],[-0.024023,51.516474],[-0.02475,51.5165],[-0.025186,51.517013],[-0.025067,51.516373],[-0.02618,51.516319],[-0.025292,51.51652],[-0.025599,51.517101],[-0.025802,51.517059],[-0.026758,51.516856],[-0.027632,51.517746],[-0.0283,51.518626],[-0.027801,51.518748],[-0.02723,51.519124],[-0.02769,51.519414],[-0.025261,51.519054],[-0.024744,51.519771],[-0.024087,51.519493]]]]}},
{"type":"Feature","properties":{"layer":"London_LSOAs_Generalised_inc_Attributes_Rev_20220331","id":4170,"OBJECTID_12":4170,"OBJECTID":4170,"LSOA11CD":"E01004273","LSOA11NM":"Tower Hamlets 014E","IUCN_2018_GRP_CD":7,"IUCN_2018_GRP_LABEL":"Passive and Uncommitted Users","Local_Authority_Name":"Tower Hamlets","Paper_First":"No","HTC_digital":2,"HTC_willingness":4,"Online_share_of_returns":0.9840000000000001,"Paper_share_of_returns":0.016,"Age_65_plus_number_mid2020":179,"Age_65_plus_PC_mid2020":6.2,"Age_75_plus_number_mid2020":80,"Age_75_plus_PC_mid2020":2.8,"IMD_2019_Rank":5279,"IMD_2019_Decile":2,"IDAOPI_2019_Rank":375,"IDAOPI_2019_Decile":1,"Premises_Unable_30mbps_Ofcom":26,"Premises_below_USO":0,"Shape_Length":3065.9698808275934,"Shape_Area":170745.60611601634,"in_cw":false,"whole_in_zone":true},"geometry":{"type":"MultiPolygon","coordinates":[[[[-0.030512,51.518653],[-0.029772,51.517261],[-0.028668,51.517449],[-0.027632,51.517746],[-0.026758,51.516856],[-0.025802,51.517059],[-0.025599,51.517101],[-0.025292,51.51652],[-0.02618,51.516319],[-0.025067,51.516373],[-0.025186,51.517013],[-0.02475,51.5165],[-0.024023,51.516474],[-0.023424,51.516718],[-0.022295,51.517171],[-0.02198,51.51687],[-0.021617,51.516597],[-0.022782,51.516107],[-0.024689,51.515345],[-0.026288,51.51468],[-0.028025,51.513974],[-0.02823,51.514338],[-0.028396,51.514667],[-0.028888,51.515605],[-0.028909,51.515645],[-0.029275,51.516321],[-0.032068,51.51605],[-0.033066,51.516025],[-0.033335,51.516607],[-0.033835,51.516273],[-0.0338,51.516475],[-0.034595,51.517633],[-0.035645,51.518452],[-0.035279,51.518567],[-0.032438,51.517434],[-0.030512,51.518653]]]]}},
{"type":"Feature","properties":{"layer":"London_LSOAs_Generalised_inc_Attributes_Rev_20220331","id":4171,"OBJECTID_12":4171,"OBJECTID":4171,"LSOA11CD":"E01004274","LSOA11NM":"Tower Hamlets 031A","IUCN_2018_GRP_CD":4,"IUCN_2018_GRP_LABEL":"Youthful Urban Fringe","Local_Authority_Name":"Tower Hamlets","Paper_First":"No","HTC_digital":2,"HTC_willingness":4,"Online_share_of_returns":0.9740000000000001,"Paper_share_of_returns":0.026000000000000002,"Age_65_plus_number_mid2020":157,"Age_65_plus_PC_mid2020":7.2,"Age_75_plus_number_mid2020":49,"Age_75_plus_PC_mid2020":2.2,"IMD_2019_Rank":11260,"IMD_2019_Decile":4,"IDAOPI_2019_Rank":355,"IDAOPI_2019_Decile":1,"Premises_Unable_30mbps_Ofcom":0,"Premises_below_USO":0,"Shape_Length":1845.3786725720922,"Shape_Area":83720.7873193284,"in_cw":false,"whole_in_zone":true},"geometry":{"type":"MultiPolygon","coordinates":[[[[-0.020706,51.492482],[-0.020266,51.491908],[-0.020188,51.491523],[-0.020859,51.491005],[-0.021378,51.490647],[-0.021288,51.490236],[-0.020774,51.490183],[-0.019905,51.490668],[-0.019538,51.490439],[-0.020014,51.489731],[-0.020714,51.489179],[-0.020035,51.488859],[-0.02022,51.488428],[-0.021573,51.487673],[-0.022949,51.488431],[-0.022558,51.489096],[-0.023564,51.489402],[-0.023906,51.48974],[-0.023625,51.490068],[-0.023131,51.4896],[-0.022278,51.490033],[-0.02374,51.491195],[-0.022909,51.491557],[-0.023342,51.491732],[-0.022437,51.491999],[-0.021564,51.491953],[-0.020763,51.492557],[-0.020706,51.492482]]]]}},
{"type":"Feature","properties":{"layer":"London_LSOAs_Generalised_inc_Attributes_Rev_20220331","id":4172,"OBJECTID_12":4172,"OBJECTID":4172,"LSOA11CD":"E01004275","LSOA11NM":"Tower Hamlets 031B","IUCN_2018_GRP_CD":2,"IUCN_2018_GRP_LABEL":"e-Professionals","Local_Authority_Name":"Tower Hamlets","Paper_First":"No","HTC_digital":2,"HTC_willingness":3,"Online_share_of_returns":0.966,"Paper_share_of_returns":0.034,"Age_65_plus_number_mid2020":166,"Age_65_plus_PC_mid2020":6.7,"Age_75_plus_number_mid2020":69,"Age_75_plus_PC_mid2020":2.8,"IMD_2019_Rank":20159,"IMD_2019_Decile":7,"IDAOPI_2019_Rank":6229,"IDAOPI_2019_Decile":2,"Premises_Unable_30mbps_Ofcom":43,"Premises_below_USO":0,"Shape_Length":1611.8305848456828,"Shape_Area":136048.81272790613,"in_cw":false,"whole_in_zone":true},"geometry":{"type":"MultiPolygon","coordinates":[[[[-0.015608,51.490736],[-0.014475,51.48961],[-0.013945,51.489193],[-0.013314,51.487245],[-0.013309,51.487197],[-0.013968,51.487302],[-0.016435,51.48743],[-0.016869,51.487575],[-0.017348,51.487743],[-0.017493,51.487551],[-0.01888,51.487926],[-0.019288,51.488524],[-0.020035,51.488859],[-0.020714,51.489179],[-0.020014,51.489731],[-0.019538,51.490439],[-0.019268,51.490897],[-0.018599,51.490493],[-0.018274,51.490614],[-0.018227,51.490288],[-0.01752,51.490894],[-0.016694,51.490846],[-0.016363,51.490828],[-0.015608,51.490736]]]]}},
{"type":"Feature","properties":{"layer":"London_LSOAs_Generalised_inc_Attributes_Rev_20220331","id":4173,"OBJECTID_12":4173,"OBJECTID":4173,"LSOA11CD":"E01004276","LSOA11NM":"Tower Hamlets 031C","IUCN_2018_GRP_CD":2,"IUCN_2018_GRP_LABEL":"e-Professionals","Local_Authority_Name":"Tower Hamlets","Paper_First":"No","HTC_digital":3,"HTC_willingness":3,"Online_share_of_returns":0.995,"Paper_share_of_returns":0.005,"Age_65_plus_number_mid2020":96,"Age_65_plus_PC_mid2020":3.7,"Age_75_plus_number_mid2020":32,"Age_75_plus_PC_mid2020":1.2,"IMD_2019_Rank":30144,"IMD_2019_Decile":10,"IDAOPI_2019_Rank":26180,"IDAOPI_2019_Decile":8,"Premises_Unable_30mbps_Ofcom":0,"Premises_below_USO":0,"Shape_Length":1498.6324453193556,"Shape_Area":78753.82913850124,"in_cw":false,"whole_in_zone":true},"geometry":{"type":"MultiPolygon","coordinates":[[[[-0.01888,51.487926],[-0.017493,51.487551],[-0.017348,51.487743],[-0.016869,51.487575],[-0.016435,51.48743],[-0.013968,51.487302],[-0.013309,51.487197],[-0.013147,51.486399],[-0.013163,51.486209],[-0.01318,51.486004],[-0.016884,51.486267],[-0.018898,51.486658],[-0.020075,51.487045],[-0.021656,51.487611],[-0.021573,51.487673],[-0.02022,51.488428],[-0.020035,51.488859],[-0.019288,51.488524],[-0.01888,51.487926]]]]}},
{"type":"Feature","properties":{"layer":"London_LSOAs_Generalised_inc_Attributes_Rev_20220331","id":4174,"OBJECTID_12":4174,"OBJECTID":4174,"LSOA11CD":"E01004277","LSOA11NM":"Tower Hamlets 033A","IUCN_2018_GRP_CD":2,"IUCN_2018_GRP_LABEL":"e-Professionals","Local_Authority_Name":"Tower Hamlets","Paper_First":"No","HTC_digital":1,"HTC_willingness":3,"Online_share_of_returns":0.9990000000000001,"Paper_share_of_returns":0.001,"Age_65_plus_number_mid2020":87,"Age_65_plus_PC_mid2020":4.7,"Age_75_plus_number_mid2020":29,"Age_75_plus_PC_mid2020":1.6,"IMD_2019_Rank":27157,"IMD_2019_Decile":9,"IDAOPI_2019_Rank":18533,"IDAOPI_2019_Decile":6,"Premises_Unable_30mbps_Ofcom":226,"Premises_below_USO":0,"Shape_Length":4297.753245348016,"Shape_Area":439526.7124585073,"in_cw":true,"whole_in_zone":true},"geometry":{"type":"MultiPolygon","coordinates":[[[[-0.017121,51.507599],[-0.013363,51.507407],[-0.012047,51.507584],[-0.012122,51.507309],[-0.012314,51.506604],[-0.013298,51.50597],[-0.012892,51.505925],[-0.013129,51.50499],[-0.012391,51.504687],[-0.01488,51.504887],[-0.015058,51.50445],[-0.017055,51.504677],[-0.018421,51.504812],[-0.018463,51.505181],[-0.021188,51.505479],[-0.023239,51.505703],[-0.023927,51.50536],[-0.024011,51.505086],[-0.025846,51.504815],[-0.025556,51.503763],[-0.025898,51.502185],[-0.025953,51.501576],[-0.02682,51.501624],[-0.027414,51.501699],[-0.027208,51.502198],[-0.027289,51.502185],[-0.027051,51.502853],[-0.026918,51.502904],[-0.026736,51.503346],[-0.028439,51.505652],[-0.02843,51.505043],[-0.028928,51.505392],[-0.028583,51.505286],[-0.028468,51.505789],[-0.02955,51.506953],[-0.030172,51.507383],[-0.029229,51.507871],[-0.027267,51.507906],[-0.027173,51.508208],[-0.026365,51.509293],[-0.02551,51.509779],[-0.025151,51.509514],[-0.023918,51.50893],[-0.023598,51.508874],[-0.017121,51.507599]]]]}},
{"type":"Feature","properties":{"layer":"London_LSOAs_Generalised_inc_Attributes_Rev_20220331","id":4175,"OBJECTID_12":4175,"OBJECTID":4175,"LSOA11CD":"E01004280","LSOA11NM":"Tower Hamlets 032A","IUCN_2018_GRP_CD":3,"IUCN_2018_GRP_LABEL":"e-Veterans","Local_Authority_Name":"Tower Hamlets","Paper_First":"Yes","HTC_digital":4,"HTC_willingness":3,"Online_share_of_returns":0.725,"Paper_share_of_returns":0.275,"Age_65_plus_number_mid2020":175,"Age_65_plus_PC_mid2020":8.2,"Age_75_plus_number_mid2020":70,"Age_75_plus_PC_mid2020":3.3,"IMD_2019_Rank":10692,"IMD_2019_Decile":4,"IDAOPI_2019_Rank":817,"IDAOPI_2019_Decile":1,"Premises_Unable_30mbps_Ofcom":4,"Premises_below_USO":0,"Shape_Length":2636.746098119819,"Shape_Area":137890.07871486395,"in_cw":true,"whole_in_zone":true},"geometry":{"type":"MultiPolygon","coordinates":[[[[-0.025885,51.498166],[-0.025864,51.497977],[-0.024483,51.498083],[-0.024683,51.497695],[-0.024629,51.497499],[-0.02285,51.497472],[-0.022828,51.497149],[-0.023088,51.497369],[-0.024256,51.49722],[-0.024338,51.49689],[-0.023026,51.496913],[-0.022781,51.496638],[-0.022778,51.496387],[-0.021444,51.49642],[-0.02142,51.495605],[-0.02398,51.495562],[-0.023907,51.494914],[-0.024701,51.494537],[-0.024134,51.494447],[-0.024378,51.493565],[-0.024623,51.493995],[-0.024875,51.493238],[-0.026303,51.492543],[-0.026303,51.493141],[-0.026302,51.493871],[-0.027032,51.493861],[-0.026233,51.493906],[-0.026218,51.49413],[-0.027017,51.494175],[-0.026589,51.494911],[-0.027807,51.495464],[-0.02757,51.497143],[-0.027454,51.497869],[-0.02664,51.497861],[-0.026718,51.49817],[-0.027234,51.498263],[-0.026912,51.498633],[-0.026173,51.498397],[-0.026317,51.498205],[-0.025885,51.498166]]]]}},
{"type":"Feature","properties":{"layer":"London_LSOAs_Generalised_inc_Attributes_Rev_20220331","id":4176,"OBJECTID_12":4176,"OBJECTID":4176,"LSOA11CD":"E01004281","LSOA11NM":"Tower Hamlets 031D","IUCN_2018_GRP_CD":2,"IUCN_2018_GRP_LABEL":"e-Professionals","Local_Authority_Name":"Tower Hamlets","Paper_First":"No","HTC_digital":2,"HTC_willingness":3,"Online_share_of_returns":0.991,"Paper_share_of_returns":0.009000000000000001,"Age_65_plus_number_mid2020":87,"Age_65_plus_PC_mid2020":4.1,"Age_75_plus_number_mid2020":22,"Age_75_plus_PC_mid2020":1,"IMD_2019_Rank":26798,"IMD_2019_Decile":9,"IDAOPI_2019_Rank":12452,"IDAOPI_2019_Decile":4,"Premises_Unable_30mbps_Ofcom":0,"Premises_below_USO":0,"Shape_Length":2165.169284107927,"Shape_Area":124562.67027265107,"in_cw":false,"whole_in_zone":true},"geometry":{"type":"MultiPolygon","coordinates":[[[[-0.014739,51.493411],[-0.015608,51.490736],[-0.016363,51.490828],[-0.016694,51.490846],[-0.01752,51.490894],[-0.018227,51.490288],[-0.018274,51.490614],[-0.018599,51.490493],[-0.019268,51.490897],[-0.019538,51.490439],[-0.019905,51.490668],[-0.020774,51.490183],[-0.021288,51.490236],[-0.021378,51.490647],[-0.020859,51.491005],[-0.020188,51.491523],[-0.020266,51.491908],[-0.020706,51.492482],[-0.020763,51.492557],[-0.021564,51.491953],[-0.022437,51.491999],[-0.022518,51.4923],[-0.021895,51.492859],[-0.022485,51.493411],[-0.02076,51.493305],[-0.018063,51.492902],[-0.017669,51.49289],[-0.017276,51.493904],[-0.017329,51.493515],[-0.014739,51.493411]]]]}},
{"type":"Feature","properties":{"layer":"London_LSOAs_Generalised_inc_Attributes_Rev_20220331","id":4177,"OBJECTID_12":4177,"OBJECTID":4177,"LSOA11CD":"E01004283","LSOA11NM":"Tower Hamlets 016A","IUCN_2018_GRP_CD":7,"IUCN_2018_GRP_LABEL":"Passive and Uncommitted Users","Local_Authority_Name":"Tower Hamlets","Paper_First":"No","HTC_digital":3,"HTC_willingness":4,"Online_share_of_returns":0.9620000000000001,"Paper_share_of_returns":0.038,"Age_65_plus_number_mid2020":255,"Age_65_plus_PC_mid2020":9.6,"Age_75_plus_number_mid2020":142,"Age_75_plus_PC_mid2020":5.4,"IMD_2019_Rank":8223,"IMD_2019_Decile":3,"IDAOPI_2019_Rank":2002,"IDAOPI_2019_Decile":1,"Premises_Unable_30mbps_Ofcom":21,"Premises_below_USO":0,"Shape_Length":1871.581578880744,"Shape_Area":150902.29225177958,"in_cw":false,"whole_in_zone":true},"geometry":{"type":"MultiPolygon","coordinates":[[[[-0.048959,51.520567],[-0.047986,51.519996],[-0.047327,51.520126],[-0.04605,51.519502],[-0.045763,51.519592],[-0.045494,51.519209],[-0.045151,51.518488],[-0.045291,51.518335],[-0.044378,51.518144],[-0.044514,51.516653],[-0.045577,51.516743],[-0.045532,51.516287],[-0.046037,51.516032],[-0.046857,51.516146],[-0.04709,51.515444],[-0.047536,51.515714],[-0.048505,51.516273],[-0.048763,51.516864],[-0.049812,51.516867],[-0.04972,51.517741],[-0.049639,51.518439],[-0.050615,51.518817],[-0.050477,51.519303],[-0.051174,51.519345],[-0.051213,51.519782],[-0.049905,51.520393],[-0.049413,51.520096],[-0.048959,51.520567]]]]}},
{"type":"Feature","properties":{"layer":"London_LSOAs_Generalised_inc_Attributes_Rev_20220331","id":4178,"OBJECTID_12":4178,"OBJECTID":4178,"LSOA11CD":"E01004284","LSOA11NM":"Tower Hamlets 019A","IUCN_2018_GRP_CD":4,"IUCN_2018_GRP_LABEL":"Youthful Urban Fringe","Local_Authority_Name":"Tower Hamlets","Paper_First":"No","HTC_digital":2,"HTC_willingness":4,"Online_share_of_returns":0.976,"Paper_share_of_returns":0.024,"Age_65_plus_number_mid2020":206,"Age_65_plus_PC_mid2020":5.3,"Age_75_plus_number_mid2020":81,"Age_75_plus_PC_mid2020":2.1,"IMD_2019_Rank":7366,"IMD_2019_Decile":3,"IDAOPI_2019_Rank":122,"IDAOPI_2019_Decile":1,"Premises_Unable_30mbps_Ofcom":22,"Premises_below_USO":0,"Shape_Length":2447.067036056696,"Shape_Area":192723.13525308963,"in_cw":false,"whole_in_zone":true},"geometry":{"type":"MultiPolygon","coordinates":[[[[-0.036264,51.519513],[-0.035645,51.518452],[-0.037438,51.518216],[-0.03783,51.518189],[-0.038556,51.518118],[-0.038639,51.518492],[-0.03948,51.518432],[-0.03894,51.518073],[-0.042694,51.517765],[-0.042607,51.516765],[-0.042777,51.516752],[-0.044514,51.516653],[-0.044378,51.518144],[-0.045291,51.518335],[-0.045151,51.518488],[-0.045494,51.519209],[-0.044639,51.519452],[-0.043782,51.518737],[-0.044129,51.519694],[-0.042553,51.519696],[-0.042388,51.520482],[-0.041252,51.520716],[-0.040218,51.520931],[-0.038449,51.521281],[-0.036442,51.521467],[-0.036264,51.519513]]]]}},
{"type":"Feature","properties":{"layer":"London_LSOAs_Generalised_inc_Attributes_Rev_20220331","id":4179,"OBJECTID_12":4179,"OBJECTID":4179,"LSOA11CD":"E01004285","LSOA11NM":"Tower Hamlets 019B","IUCN_2018_GRP_CD":10,"IUCN_2018_GRP_LABEL":"e-Withdrawn","Local_Authority_Name":"Tower Hamlets","Paper_First":"No","HTC_digital":4,"HTC_willingness":4,"Online_share_of_returns":0.975,"Paper_share_of_returns":0.025,"Age_65_plus_number_mid2020":128,"Age_65_plus_PC_mid2020":5,"Age_75_plus_number_mid2020":56,"Age_75_plus_PC_mid2020":2.2,"IMD_2019_Rank":4342,"IMD_2019_Decile":2,"IDAOPI_2019_Rank":248,"IDAOPI_2019_Decile":1,"Premises_Unable_30mbps_Ofcom":25,"Premises_below_USO":0,"Shape_Length":1970.7089428806603,"Shape_Area":123837.31813573996,"in_cw":false,"whole_in_zone":true},"geometry":{"type":"MultiPolygon","coordinates":[[[[-0.035645,51.518452],[-0.034595,51.517633],[-0.0338,51.516475],[-0.034951,51.515755],[-0.034912,51.516376],[-0.035561,51.516378],[-0.035868,51.516884],[-0.036355,51.516823],[-0.036424,51.51641],[-0.036785,51.516425],[-0.036809,51.516194],[-0.037416,51.51625],[-0.03796,51.515335],[-0.03867,51.515333],[-0.038926,51.515644],[-0.039668,51.515827],[-0.040244,51.51639],[-0.042138,51.5166],[-0.042194,51.516477],[-0.042607,51.516765],[-0.042694,51.517765],[-0.03894,51.518073],[-0.03948,51.518432],[-0.038639,51.518492],[-0.038556,51.518118],[-0.03783,51.518189],[-0.037438,51.518216],[-0.035645,51.518452]]]]}},
{"type":"Feature","properties":{"layer":"London_LSOAs_Generalised_inc_Attributes_Rev_20220331","id":4180,"OBJECTID_12":4180,"OBJECTID":4180,"LSOA11CD":"E01004286","LSOA11NM":"Tower Hamlets 019C","IUCN_2018_GRP_CD":7,"IUCN_2018_GRP_LABEL":"Passive and Uncommitted Users","Local_Authority_Name":"Tower Hamlets","Paper_First":"No","HTC_digital":2,"HTC_willingness":4,"Online_share_of_returns":0.9490000000000001,"Paper_share_of_returns":0.051,"Age_65_plus_number_mid2020":254,"Age_65_plus_PC_mid2020":9.7,"Age_75_plus_number_mid2020":101,"Age_75_plus_PC_mid2020":3.9,"IMD_2019_Rank":5381,"IMD_2019_Decile":2,"IDAOPI_2019_Rank":1176,"IDAOPI_2019_Decile":1,"Premises_Unable_30mbps_Ofcom":13,"Premises_below_USO":0,"Shape_Length":2502.2906692594934,"Shape_Area":156062.3101803954,"in_cw":false,"whole_in_zone":true},"geometry":{"type":"MultiPolygon","coordinates":[[[[-0.035868,51.516884],[-0.035561,51.516378],[-0.034912,51.516376],[-0.034951,51.515755],[-0.0338,51.516475],[-0.033835,51.516273],[-0.03529,51.514366],[-0.035523,51.514095],[-0.036429,51.512597],[-0.037538,51.512643],[-0.03875,51.512691],[-0.041207,51.512846],[-0.041018,51.51316],[-0.041643,51.513298],[-0.041573,51.513599],[-0.040693,51.514185],[-0.041173,51.514581],[-0.039635,51.51434],[-0.039643,51.51463],[-0.040992,51.514797],[-0.040971,51.515352],[-0.040578,51.51567],[-0.041469,51.515748],[-0.042194,51.516477],[-0.042138,51.5166],[-0.040244,51.51639],[-0.039668,51.515827],[-0.038926,51.515644],[-0.03867,51.515333],[-0.03796,51.515335],[-0.037416,51.51625],[-0.036809,51.516194],[-0.036785,51.516425],[-0.036424,51.51641],[-0.036355,51.516823],[-0.035868,51.516884]]]]}},
{"type":"Feature","properties":{"layer":"London_LSOAs_Generalised_inc_Attributes_Rev_20220331","id":4181,"OBJECTID_12":4181,"OBJECTID":4181,"LSOA11CD":"E01004287","LSOA11NM":"Tower Hamlets 016B","IUCN_2018_GRP_CD":7,"IUCN_2018_GRP_LABEL":"Passive and Uncommitted Users","Local_Authority_Name":"Tower Hamlets","Paper_First":"No","HTC_digital":4,"HTC_willingness":4,"Online_share_of_returns":0.925,"Paper_share_of_returns":0.075,"Age_65_plus_number_mid2020":271,"Age_65_plus_PC_mid2020":11,"Age_75_plus_number_mid2020":126,"Age_75_plus_PC_mid2020":5.1,"IMD_2019_Rank":8047,"IMD_2019_Decile":3,"IDAOPI_2019_Rank":340,"IDAOPI_2019_Decile":1,"Premises_Unable_30mbps_Ofcom":38,"Premises_below_USO":0,"Shape_Length":1271.0808007623048,"Shape_Area":85231.4871027871,"in_cw":false,"whole_in_zone":true},"geometry":{"type":"MultiPolygon","coordinates":[[[[-0.049369,51.513802],[-0.049451,51.513623],[-0.051548,51.513974],[-0.051825,51.514022],[-0.053217,51.514131],[-0.053173,51.514729],[-0.053161,51.51488],[-0.053107,51.515425],[-0.053015,51.516343],[-0.053002,51.5165],[-0.052955,51.51715],[-0.051963,51.517061],[-0.051727,51.51704],[-0.049812,51.516867],[-0.049834,51.516583],[-0.049354,51.516561],[-0.049143,51.515655],[-0.049505,51.515589],[-0.049436,51.514833],[-0.050043,51.514557],[-0.049369,51.513802]]]]}},
{"type":"Feature","properties":{"layer":"London_LSOAs_Generalised_inc_Attributes_Rev_20220331","id":4182,"OBJECTID_12":4182,"OBJECTID":4182,"LSOA11CD":"E01004288","LSOA11NM":"Tower Hamlets 019D","IUCN_2018_GRP_CD":10,"IUCN_2018_GRP_LABEL":"e-Withdrawn","Local_Authority_Name":"Tower Hamlets","Paper_First":"No","HTC_digital":3,"HTC_willingness":4,"Online_share_of_returns":0.965,"Paper_share_of_returns":0.035,"Age_65_plus_number_mid2020":178,"Age_65_plus_PC_mid2020":9.7,"Age_75_plus_number_mid2020":98,"Age_75_plus_PC_mid2020":5.3,"IMD_2019_Rank":4874,"IMD_2019_Decile":2,"IDAOPI_2019_Rank":957,"IDAOPI_2019_Decile":1,"Premises_Unable_30mbps_Ofcom":0,"Premises_below_USO":0,"Shape_Length":1904.1860930701412,"Shape_Area":101904.59734960395,"in_cw":false,"whole_in_zone":true},"geometry":{"type":"MultiPolygon","coordinates":[[[[-0.042607,51.516765],[-0.042194,51.516477],[-0.041469,51.515748],[-0.040578,51.51567],[-0.040971,51.515352],[-0.040992,51.514797],[-0.039643,51.51463],[-0.039635,51.51434],[-0.041173,51.514581],[-0.040693,51.514185],[-0.041573,51.513599],[-0.041643,51.513298],[-0.041018,51.51316],[-0.041207,51.512846],[-0.043683,51.513173],[-0.043576,51.513661],[-0.044143,51.513668],[-0.044069,51.513963],[-0.04463,51.513957],[-0.044675,51.514255],[-0.043592,51.5143],[-0.043603,51.514541],[-0.04513,51.514592],[-0.045116,51.514912],[-0.045444,51.51489],[-0.045507,51.514904],[-0.04503,51.515499],[-0.045503,51.515516],[-0.045532,51.516287],[-0.045577,51.516743],[-0.044514,51.516653],[-0.042777,51.516752],[-0.042607,51.516765]]]]}},
{"type":"Feature","properties":{"layer":"London_LSOAs_Generalised_inc_Attributes_Rev_20220331","id":4183,"OBJECTID_12":4183,"OBJECTID":4183,"LSOA11CD":"E01004289","LSOA11NM":"Tower Hamlets 016C","IUCN_2018_GRP_CD":4,"IUCN_2018_GRP_LABEL":"Youthful Urban Fringe","Local_Authority_Name":"Tower Hamlets","Paper_First":"No","HTC_digital":2,"HTC_willingness":4,"Online_share_of_returns":0.9520000000000001,"Paper_share_of_returns":0.048,"Age_65_plus_number_mid2020":212,"Age_65_plus_PC_mid2020":9.7,"Age_75_plus_number_mid2020":104,"Age_75_plus_PC_mid2020":4.8,"IMD_2019_Rank":6032,"IMD_2019_Decile":2,"IDAOPI_2019_Rank":888,"IDAOPI_2019_Decile":1,"Premises_Unable_30mbps_Ofcom":153,"Premises_below_USO":0,"Shape_Length":1973.961569108963,"Shape_Area":105637.87693031177,"in_cw":false,"whole_in_zone":true},"geometry":{"type":"MultiPolygon","coordinates":[[[[-0.047536,51.515714],[-0.04709,51.515444],[-0.046857,51.516146],[-0.046037,51.516032],[-0.045532,51.516287],[-0.045503,51.515516],[-0.04503,51.515499],[-0.045507,51.514904],[-0.045444,51.51489],[-0.045116,51.514912],[-0.04513,51.514592],[-0.043603,51.514541],[-0.043592,51.5143],[-0.044675,51.514255],[-0.04463,51.513957],[-0.044069,51.513963],[-0.044143,51.513668],[-0.043576,51.513661],[-0.043683,51.513173],[-0.044316,51.513172],[-0.045116,51.513167],[-0.047553,51.513327],[-0.049451,51.513623],[-0.049369,51.513802],[-0.050043,51.514557],[-0.049436,51.514833],[-0.049505,51.515589],[-0.049143,51.515655],[-0.049354,51.516561],[-0.049834,51.516583],[-0.049812,51.516867],[-0.048763,51.516864],[-0.048505,51.516273],[-0.047536,51.515714]]]]}},
{"type":"Feature","properties":{"layer":"London_LSOAs_Generalised_inc_Attributes_Rev_20220331","id":4184,"OBJECTID_12":4184,"OBJECTID":4184,"LSOA11CD":"E01004290","LSOA11NM":"Tower Hamlets 016D","IUCN_2018_GRP_CD":4,"IUCN_2018_GRP_LABEL":"Youthful Urban Fringe","Local_Authority_Name":"Tower Hamlets","Paper_First":"No","HTC_digital":2,"HTC_willingness":4,"Online_share_of_returns":0.963,"Paper_share_of_returns":0.037000000000000005,"Age_65_plus_number_mid2020":220,"Age_65_plus_PC_mid2020":10.5,"Age_75_plus_number_mid2020":121,"Age_75_plus_PC_mid2020":5.8,"IMD_2019_Rank":8732,"IMD_2019_Decile":3,"IDAOPI_2019_Rank":3355,"IDAOPI_2019_Decile":2,"Premises_Unable_30mbps_Ofcom":98,"Premises_below_USO":0,"Shape_Length":2170.6390327751797,"Shape_Area":99753.34409135432,"in_cw":false,"whole_in_zone":true},"geometry":{"type":"MultiPolygon","coordinates":[[[[-0.04492,51.520976],[-0.044058,51.520187],[-0.042388,51.520482],[-0.042553,51.519696],[-0.044129,51.519694],[-0.043782,51.518737],[-0.044639,51.519452],[-0.045494,51.519209],[-0.045763,51.519592],[-0.04605,51.519502],[-0.047327,51.520126],[-0.047986,51.519996],[-0.048959,51.520567],[-0.049413,51.520096],[-0.049905,51.520393],[-0.051213,51.519782],[-0.051174,51.519345],[-0.051693,51.519366],[-0.051645,51.519777],[-0.052716,51.519774],[-0.052828,51.52011],[-0.052959,51.520454],[-0.050317,51.521025],[-0.050043,51.521088],[-0.049017,51.521307],[-0.048377,51.52144],[-0.046203,51.521874],[-0.045857,51.521946],[-0.04492,51.520976]]]]}},
{"type":"Feature","properties":{"layer":"London_LSOAs_Generalised_inc_Attributes_Rev_20220331","id":4185,"OBJECTID_12":4185,"OBJECTID":4185,"LSOA11CD":"E01004291","LSOA11NM":"Tower Hamlets 027A","IUCN_2018_GRP_CD":2,"IUCN_2018_GRP_LABEL":"e-Professionals","Local_Authority_Name":"Tower Hamlets","Paper_First":"No","HTC_digital":1,"HTC_willingness":3,"Online_share_of_returns":0.977,"Paper_share_of_returns":0.023,"Age_65_plus_number_mid2020":218,"Age_65_plus_PC_mid2020":9.1,"Age_75_plus_number_mid2020":63,"Age_75_plus_PC_mid2020":2.6,"IMD_2019_Rank":24676,"IMD_2019_Decile":8,"IDAOPI_2019_Rank":13015,"IDAOPI_2019_Decile":4,"Premises_Unable_30mbps_Ofcom":299,"Premises_below_USO":0,"Shape_Length":1918.1761300945486,"Shape_Area":114840.31308829381,"in_cw":false,"whole_in_zone":true},"geometry":{"type":"MultiPolygon","coordinates":[[[[-0.057117,51.504902],[-0.056908,51.504821],[-0.056145,51.505165],[-0.055642,51.504797],[-0.05506,51.505136],[-0.05475,51.504853],[-0.056246,51.503795],[-0.059388,51.502867],[-0.061911,51.503039],[-0.064386,51.503499],[-0.064205,51.503887],[-0.063253,51.503709],[-0.063107,51.504426],[-0.061392,51.504164],[-0.061405,51.504713],[-0.061388,51.505234],[-0.059296,51.505289],[-0.059386,51.506217],[-0.058607,51.506249],[-0.057738,51.505002],[-0.057117,51.504902]]]]}},
{"type":"Feature","properties":{"layer":"London_LSOAs_Generalised_inc_Attributes_Rev_20220331","id":4186,"OBJECTID_12":4186,"OBJECTID":4186,"LSOA11CD":"E01004292","LSOA11NM":"Tower Hamlets 026A","IUCN_2018_GRP_CD":2,"IUCN_2018_GRP_LABEL":"e-Professionals","Local_Authority_Name":"Tower Hamlets","Paper_First":"No","HTC_digital":1,"HTC_willingness":3,"Online_share_of_returns":0.986,"Paper_share_of_returns":0.013999999999999999,"Age_65_plus_number_mid2020":193,"Age_65_plus_PC_mid2020":9.3,"Age_75_plus_number_mid2020":59,"Age_75_plus_PC_mid2020":2.9,"IMD_2019_Rank":27385,"IMD_2019_Decile":9,"IDAOPI_2019_Rank":14628,"IDAOPI_2019_Decile":5,"Premises_Unable_30mbps_Ofcom":50,"Premises_below_USO":0,"Shape_Length":2174.7215519786755,"Shape_Area":149310.89735047458,"in_cw":false,"whole_in_zone":true},"geometry":{"type":"MultiPolygon","coordinates":[[[[-0.060303,51.507192],[-0.060858,51.506153],[-0.059481,51.506216],[-0.059386,51.506217],[-0.059296,51.505289],[-0.061388,51.505234],[-0.061405,51.504713],[-0.061392,51.504164],[-0.063107,51.504426],[-0.063253,51.503709],[-0.064205,51.503887],[-0.063985,51.504818],[-0.06479,51.504821],[-0.064964,51.505158],[-0.065968,51.505721],[-0.066279,51.505909],[-0.066721,51.506554],[-0.066104,51.50636],[-0.065693,51.506726],[-0.065024,51.506744],[-0.065227,51.507454],[-0.063625,51.507578],[-0.063067,51.508337],[-0.063755,51.508712],[-0.060895,51.508784],[-0.06065,51.507631],[-0.060862,51.507208],[-0.060303,51.507192]]]]}},
{"type":"Feature","properties":{"layer":"London_LSOAs_Generalised_inc_Attributes_Rev_20220331","id":4187,"OBJECTID_12":4187,"OBJECTID":4187,"LSOA11CD":"E01004293","LSOA11NM":"Tower Hamlets 027B","IUCN_2018_GRP_CD":2,"IUCN_2018_GRP_LABEL":"e-Professionals","Local_Authority_Name":"Tower Hamlets","Paper_First":"No","HTC_digital":1,"HTC_willingness":3,"Online_share_of_returns":0.973,"Paper_share_of_returns":0.027000000000000003,"Age_65_plus_number_mid2020":307,"Age_65_plus_PC_mid2020":12.8,"Age_75_plus_number_mid2020":97,"Age_75_plus_PC_mid2020":4,"IMD_2019_Rank":26059,"IMD_2019_Decile":8,"IDAOPI_2019_Rank":14518,"IDAOPI_2019_Decile":5,"Premises_Unable_30mbps_Ofcom":339,"Premises_below_USO":0,"Shape_Length":3577.0315080509245,"Shape_Area":334934.8968642371,"in_cw":false,"whole_in_zone":true},"geometry":{"type":"MultiPolygon","coordinates":[[[[-0.076147,51.510478],[-0.075506,51.509737],[-0.073204,51.510004],[-0.073762,51.509421],[-0.073132,51.508866],[-0.071531,51.508324],[-0.070398,51.508423],[-0.070248,51.507561],[-0.069057,51.50833],[-0.068361,51.507672],[-0.066878,51.508182],[-0.066639,51.507479],[-0.065227,51.507454],[-0.065024,51.506744],[-0.065693,51.506726],[-0.066104,51.50636],[-0.066721,51.506554],[-0.066279,51.505909],[-0.065968,51.505721],[-0.064964,51.505158],[-0.06479,51.504821],[-0.063985,51.504818],[-0.064205,51.503887],[-0.064386,51.503499],[-0.066083,51.503966],[-0.06798,51.504446],[-0.06795,51.504959],[-0.068664,51.504538],[-0.071314,51.505314],[-0.07238,51.506044],[-0.072628,51.505903],[-0.079248,51.507832],[-0.078643,51.508793],[-0.079076,51.50904],[-0.078819,51.509413],[-0.077876,51.509994],[-0.076825,51.510155],[-0.076885,51.510469],[-0.076147,51.510478]]]]}},
{"type":"Feature","properties":{"layer":"London_LSOAs_Generalised_inc_Attributes_Rev_20220331","id":4188,"OBJECTID_12":4188,"OBJECTID":4188,"LSOA11CD":"E01004294","LSOA11NM":"Tower Hamlets 026B","IUCN_2018_GRP_CD":2,"IUCN_2018_GRP_LABEL":"e-Professionals","Local_Authority_Name":"Tower Hamlets","Paper_First":"No","HTC_digital":1,"HTC_willingness":4,"Online_share_of_returns":0.98,"Paper_share_of_returns":0.02,"Age_65_plus_number_mid2020":157,"Age_65_plus_PC_mid2020":6.4,"Age_75_plus_number_mid2020":62,"Age_75_plus_PC_mid2020":2.5,"IMD_2019_Rank":15535,"IMD_2019_Decile":5,"IDAOPI_2019_Rank":3952,"IDAOPI_2019_Decile":2,"Premises_Unable_30mbps_Ofcom":336,"Premises_below_USO":0,"Shape_Length":2716.471259035416,"Shape_Area":214735.55165076518,"in_cw":false,"whole_in_zone":true},"geometry":{"type":"MultiPolygon","coordinates":[[[[-0.065726,51.510279],[-0.065781,51.509362],[-0.062339,51.50934],[-0.060488,51.509445],[-0.060157,51.509476],[-0.060008,51.50888],[-0.060895,51.508784],[-0.063755,51.508712],[-0.063067,51.508337],[-0.063625,51.507578],[-0.065227,51.507454],[-0.066639,51.507479],[-0.066878,51.508182],[-0.068361,51.507672],[-0.069057,51.50833],[-0.070248,51.507561],[-0.070398,51.508423],[-0.071531,51.508324],[-0.073132,51.508866],[-0.073762,51.509421],[-0.073204,51.510004],[-0.072702,51.510189],[-0.072738,51.510806],[-0.071046,51.510912],[-0.06888,51.511044],[-0.068585,51.511064],[-0.06739,51.511147],[-0.066854,51.511185],[-0.0663,51.511224],[-0.065726,51.510279]]]]}},
{"type":"Feature","properties":{"layer":"London_LSOAs_Generalised_inc_Attributes_Rev_20220331","id":4189,"OBJECTID_12":4189,"OBJECTID":4189,"LSOA11CD":"E01004295","LSOA11NM":"Tower Hamlets 026C","IUCN_2018_GRP_CD":7,"IUCN_2018_GRP_LABEL":"Passive and Uncommitted Users","Local_Authority_Name":"Tower Hamlets","Paper_First":"No","HTC_digital":4,"HTC_willingness":4,"Online_share_of_returns":0.977,"Paper_share_of_returns":0.023,"Age_65_plus_number_mid2020":125,"Age_65_plus_PC_mid2020":6.3,"Age_75_plus_number_mid2020":53,"Age_75_plus_PC_mid2020":2.7,"IMD_2019_Rank":7506,"IMD_2019_Decile":3,"IDAOPI_2019_Rank":807,"IDAOPI_2019_Decile":1,"Premises_Unable_30mbps_Ofcom":58,"Premises_below_USO":0,"Shape_Length":1183.298954127603,"Shape_Area":80172.19503817684,"in_cw":false,"whole_in_zone":true},"geometry":{"type":"MultiPolygon","coordinates":[[[[-0.062339,51.50934],[-0.065781,51.509362],[-0.065726,51.510279],[-0.0663,51.511224],[-0.065374,51.511285],[-0.063417,51.51139],[-0.062031,51.511488],[-0.061092,51.511546],[-0.060995,51.511111],[-0.060982,51.511054],[-0.060488,51.509445],[-0.062339,51.50934]]]]}},
{"type":"Feature","properties":{"layer":"London_LSOAs_Generalised_inc_Attributes_Rev_20220331","id":4190,"OBJECTID_12":4190,"OBJECTID":4190,"LSOA11CD":"E01004296","LSOA11NM":"Tower Hamlets 026D","IUCN_2018_GRP_CD":4,"IUCN_2018_GRP_LABEL":"Youthful Urban Fringe","Local_Authority_Name":"Tower Hamlets","Paper_First":"No","HTC_digital":2,"HTC_willingness":4,"Online_share_of_returns":0.963,"Paper_share_of_returns":0.037000000000000005,"Age_65_plus_number_mid2020":182,"Age_65_plus_PC_mid2020":6.9,"Age_75_plus_number_mid2020":49,"Age_75_plus_PC_mid2020":1.9,"IMD_2019_Rank":10142,"IMD_2019_Decile":4,"IDAOPI_2019_Rank":1206,"IDAOPI_2019_Decile":1,"Premises_Unable_30mbps_Ofcom":68,"Premises_below_USO":0,"Shape_Length":1759.9881122537452,"Shape_Area":133695.13013426718,"in_cw":false,"whole_in_zone":true},"geometry":{"type":"MultiPolygon","coordinates":[[[[-0.05571,51.506436],[-0.05591,51.505678],[-0.055415,51.505224],[-0.056145,51.505165],[-0.056908,51.504821],[-0.057117,51.504902],[-0.057738,51.505002],[-0.058607,51.506249],[-0.059386,51.506217],[-0.059481,51.506216],[-0.060858,51.506153],[-0.060303,51.507192],[-0.060862,51.507208],[-0.06065,51.507631],[-0.060895,51.508784],[-0.060008,51.50888],[-0.060157,51.509476],[-0.058395,51.50965],[-0.05681,51.50973],[-0.056771,51.507773],[-0.055239,51.506871],[-0.055437,51.506565],[-0.05571,51.506436]]]]}},
{"type":"Feature","properties":{"layer":"London_LSOAs_Generalised_inc_Attributes_Rev_20220331","id":4191,"OBJECTID_12":4191,"OBJECTID":4191,"LSOA11CD":"E01004297","LSOA11NM":"Tower Hamlets 027C","IUCN_2018_GRP_CD":2,"IUCN_2018_GRP_LABEL":"e-Professionals","Local_Authority_Name":"Tower Hamlets","Paper_First":"No","HTC_digital":1,"HTC_willingness":3,"Online_share_of_returns":0.9840000000000001,"Paper_share_of_returns":0.016,"Age_65_plus_number_mid2020":204,"Age_65_plus_PC_mid2020":9.9,"Age_75_plus_number_mid2020":80,"Age_75_plus_PC_mid2020":3.9,"IMD_2019_Rank":25393,"IMD_2019_Decile":8,"IDAOPI_2019_Rank":9911,"IDAOPI_2019_Decile":4,"Premises_Unable_30mbps_Ofcom":155,"Premises_below_USO":0,"Shape_Length":1948.687403716883,"Shape_Area":115812.22522461004,"in_cw":false,"whole_in_zone":true},"geometry":{"type":"MultiPolygon","coordinates":[[[[-0.055211,51.509169],[-0.055062,51.508123],[-0.052771,51.508131],[-0.049761,51.507905],[-0.049387,51.507836],[-0.050408,51.507607],[-0.050991,51.506988],[-0.053193,51.505714],[-0.053427,51.505583],[-0.053543,51.505519],[-0.053817,51.505365],[-0.05475,51.504853],[-0.05506,51.505136],[-0.055642,51.504797],[-0.056145,51.505165],[-0.055415,51.505224],[-0.05591,51.505678],[-0.05571,51.506436],[-0.055437,51.506565],[-0.055239,51.506871],[-0.056771,51.507773],[-0.05681,51.50973],[-0.056788,51.50973],[-0.055264,51.509615],[-0.055211,51.509169]]]]}},
{"type":"Feature","properties":{"layer":"London_LSOAs_Generalised_inc_Attributes_Rev_20220331","id":4192,"OBJECTID_12":4192,"OBJECTID":4192,"LSOA11CD":"E01004298","LSOA11NM":"Tower Hamlets 022A","IUCN_2018_GRP_CD":7,"IUCN_2018_GRP_LABEL":"Passive and Uncommitted Users","Local_Authority_Name":"Tower Hamlets","Paper_First":"No","HTC_digital":2,"HTC_willingness":4,"Online_share_of_returns":0.953,"Paper_share_of_returns":0.047,"Age_65_plus_number_mid2020":164,"Age_65_plus_PC_mid2020":9.4,"Age_75_plus_number_mid2020":80,"Age_75_plus_PC_mid2020":4.6,"IMD_2019_Rank":3911,"IMD_2019_Decile":2,"IDAOPI_2019_Rank":42,"IDAOPI_2019_Decile":1,"Premises_Unable_30mbps_Ofcom":123,"Premises_below_USO":0,"Shape_Length":1563.0670479780497,"Shape_Area":92082.6100013426,"in_cw":false,"whole_in_zone":true},"geometry":{"type":"MultiPolygon","coordinates":[[[[-0.051548,51.513974],[-0.051715,51.513006],[-0.050819,51.513152],[-0.04984,51.512629],[-0.049942,51.51209],[-0.050348,51.512072],[-0.050822,51.511429],[-0.050983,51.512045],[-0.051904,51.512004],[-0.05361,51.511885],[-0.053617,51.512074],[-0.054997,51.51206],[-0.055526,51.512053],[-0.05537,51.512962],[-0.056679,51.513036],[-0.056851,51.513017],[-0.056888,51.513037],[-0.056713,51.51444],[-0.053217,51.514131],[-0.051825,51.514022],[-0.051548,51.513974]]]]}},
{"type":"Feature","properties":{"layer":"London_LSOAs_Generalised_inc_Attributes_Rev_20220331","id":4193,"OBJECTID_12":4193,"OBJECTID":4193,"LSOA11CD":"E01004300","LSOA11NM":"Tower Hamlets 022B","IUCN_2018_GRP_CD":7,"IUCN_2018_GRP_LABEL":"Passive and Uncommitted Users","Local_Authority_Name":"Tower Hamlets","Paper_First":"No","HTC_digital":3,"HTC_willingness":4,"Online_share_of_returns":0.937,"Paper_share_of_returns":0.063,"Age_65_plus_number_mid2020":186,"Age_65_plus_PC_mid2020":11.8,"Age_75_plus_number_mid2020":84,"Age_75_plus_PC_mid2020":5.3,"IMD_2019_Rank":5313,"IMD_2019_Decile":2,"IDAOPI_2019_Rank":1221,"IDAOPI_2019_Decile":1,"Premises_Unable_30mbps_Ofcom":178,"Premises_below_USO":0,"Shape_Length":1306.9236532674936,"Shape_Area":49218.037005470775,"in_cw":false,"whole_in_zone":true},"geometry":{"type":"MultiPolygon","coordinates":[[[[-0.050983,51.512045],[-0.050822,51.511429],[-0.050231,51.511433],[-0.050179,51.511184],[-0.050333,51.510749],[-0.047799,51.511148],[-0.047704,51.510953],[-0.047624,51.510778],[-0.047393,51.510238],[-0.04688,51.509938],[-0.050603,51.509767],[-0.052591,51.509787],[-0.052235,51.510042],[-0.05161,51.509881],[-0.051807,51.510648],[-0.051773,51.510721],[-0.051904,51.512004],[-0.050983,51.512045]]]]}},
{"type":"Feature","properties":{"layer":"London_LSOAs_Generalised_inc_Attributes_Rev_20220331","id":4194,"OBJECTID_12":4194,"OBJECTID":4194,"LSOA11CD":"E01004301","LSOA11NM":"Tower Hamlets 025B","IUCN_2018_GRP_CD":4,"IUCN_2018_GRP_LABEL":"Youthful Urban Fringe","Local_Authority_Name":"Tower Hamlets","Paper_First":"No","HTC_digital":2,"HTC_willingness":4,"Online_share_of_returns":0.966,"Paper_share_of_returns":0.034,"Age_65_plus_number_mid2020":111,"Age_65_plus_PC_mid2020":8.2,"Age_75_plus_number_mid2020":65,"Age_75_plus_PC_mid2020":4.8,"IMD_2019_Rank":5604,"IMD_2019_Decile":2,"IDAOPI_2019_Rank":21,"IDAOPI_2019_Decile":1,"Premises_Unable_30mbps_Ofcom":7,"Premises_below_USO":0,"Shape_Length":1819.7724635992852,"Shape_Area":82996.04733022315,"in_cw":false,"whole_in_zone":true},"geometry":{"type":"MultiPolygon","coordinates":[[[[-0.057179,51.511563],[-0.057132,51.511134],[-0.056208,51.511128],[-0.056632,51.510584],[-0.056173,51.510548],[-0.056267,51.510092],[-0.055577,51.510072],[-0.055563,51.510806],[-0.05497,51.510769],[-0.055221,51.510083],[-0.054599,51.510523],[-0.05452,51.509666],[-0.055264,51.509615],[-0.056788,51.50973],[-0.05681,51.50973],[-0.058395,51.50965],[-0.060157,51.509476],[-0.060488,51.509445],[-0.060982,51.511054],[-0.060995,51.511111],[-0.059564,51.511467],[-0.059605,51.511739],[-0.057987,51.51181],[-0.057938,51.512397],[-0.056735,51.512648],[-0.056623,51.51189],[-0.057179,51.511563]]]]}},
{"type":"Feature","properties":{"layer":"London_LSOAs_Generalised_inc_Attributes_Rev_20220331","id":4195,"OBJECTID_12":4195,"OBJECTID":4195,"LSOA11CD":"E01004302","LSOA11NM":"Tower Hamlets 025C","IUCN_2018_GRP_CD":7,"IUCN_2018_GRP_LABEL":"Passive and Uncommitted Users","Local_Authority_Name":"Tower Hamlets","Paper_First":"Yes","HTC_digital":4,"HTC_willingness":3,"Online_share_of_returns":0.732,"Paper_share_of_returns":0.268,"Age_65_plus_number_mid2020":128,"Age_65_plus_PC_mid2020":5.4,"Age_75_plus_number_mid2020":60,"Age_75_plus_PC_mid2020":2.5,"IMD_2019_Rank":10599,"IMD_2019_Decile":4,"IDAOPI_2019_Rank":902,"IDAOPI_2019_Decile":1,"Premises_Unable_30mbps_Ofcom":13,"Premises_below_USO":0,"Shape_Length":1489.8120486317875,"Shape_Area":48552.85484895971,"in_cw":false,"whole_in_zone":true},"geometry":{"type":"MultiPolygon","coordinates":[[[[-0.05537,51.512962],[-0.055526,51.512053],[-0.054997,51.51206],[-0.053617,51.512074],[-0.05361,51.511885],[-0.053021,51.511455],[-0.053128,51.510993],[-0.052534,51.510839],[-0.053625,51.510878],[-0.054652,51.511096],[-0.054599,51.510523],[-0.055221,51.510083],[-0.05497,51.510769],[-0.055563,51.510806],[-0.055577,51.510072],[-0.056267,51.510092],[-0.056173,51.510548],[-0.056632,51.510584],[-0.056208,51.511128],[-0.057132,51.511134],[-0.057179,51.511563],[-0.056623,51.51189],[-0.056735,51.512648],[-0.056851,51.513017],[-0.056679,51.513036],[-0.05537,51.512962]]]]}},
{"type":"Feature","properties":{"layer":"London_LSOAs_Generalised_inc_Attributes_Rev_20220331","id":4196,"OBJECTID_12":4196,"OBJECTID":4196,"LSOA11CD":"E01004303","LSOA11NM":"Tower Hamlets 025D","IUCN_2018_GRP_CD":4,"IUCN_2018_GRP_LABEL":"Youthful Urban Fringe","Local_Authority_Name":"Tower Hamlets","Paper_First":"No","HTC_digital":4,"HTC_willingness":4,"Online_share_of_returns":0.9670000000000001,"Paper_share_of_returns":0.033,"Age_65_plus_number_mid2020":201,"Age_65_plus_PC_mid2020":6.2,"Age_75_plus_number_mid2020":64,"Age_75_plus_PC_mid2020":2,"IMD_2019_Rank":11397,"IMD_2019_Decile":4,"IDAOPI_2019_Rank":3841,"IDAOPI_2019_Decile":2,"Premises_Unable_30mbps_Ofcom":126,"Premises_below_USO":0,"Shape_Length":3650.8232985184,"Shape_Area":223315.75752063718,"in_cw":false,"whole_in_zone":true},"geometry":{"type":"MultiPolygon","coordinates":[[[[-0.043683,51.513173],[-0.043679,51.512472],[-0.043,51.512458],[-0.0429,51.511599],[-0.042084,51.511487],[-0.042072,51.510749],[-0.042231,51.510734],[-0.043227,51.510596],[-0.045435,51.510302],[-0.045228,51.50952],[-0.046826,51.508998],[-0.049761,51.507905],[-0.052771,51.508131],[-0.055062,51.508123],[-0.055211,51.509169],[-0.055264,51.509615],[-0.05452,51.509666],[-0.054599,51.510523],[-0.054652,51.511096],[-0.053625,51.510878],[-0.052534,51.510839],[-0.053128,51.510993],[-0.053021,51.511455],[-0.05361,51.511885],[-0.051904,51.512004],[-0.051773,51.510721],[-0.051807,51.510648],[-0.05161,51.509881],[-0.052235,51.510042],[-0.052591,51.509787],[-0.050603,51.509767],[-0.04688,51.509938],[-0.047393,51.510238],[-0.047624,51.510778],[-0.047704,51.510953],[-0.047799,51.511148],[-0.047892,51.511353],[-0.046374,51.511485],[-0.046265,51.511486],[-0.046586,51.512029],[-0.046037,51.512056],[-0.045101,51.512032],[-0.045134,51.512805],[-0.044317,51.512671],[-0.044316,51.513172],[-0.043683,51.513173]]]]}},
{"type":"Feature","properties":{"layer":"London_LSOAs_Generalised_inc_Attributes_Rev_20220331","id":4197,"OBJECTID_12":4197,"OBJECTID":4197,"LSOA11CD":"E01004304","LSOA11NM":"Tower Hamlets 022C","IUCN_2018_GRP_CD":7,"IUCN_2018_GRP_LABEL":"Passive and Uncommitted Users","Local_Authority_Name":"Tower Hamlets","Paper_First":"No","HTC_digital":2,"HTC_willingness":4,"Online_share_of_returns":0.9690000000000001,"Paper_share_of_returns":0.031,"Age_65_plus_number_mid2020":214,"Age_65_plus_PC_mid2020":9.7,"Age_75_plus_number_mid2020":93,"Age_75_plus_PC_mid2020":4.2,"IMD_2019_Rank":4740,"IMD_2019_Decile":2,"IDAOPI_2019_Rank":480,"IDAOPI_2019_Decile":1,"Premises_Unable_30mbps_Ofcom":151,"Premises_below_USO":0,"Shape_Length":1374.1788588039478,"Shape_Area":102481.58741748214,"in_cw":false,"whole_in_zone":true},"geometry":{"type":"MultiPolygon","coordinates":[[[[-0.059564,51.511467],[-0.060995,51.511111],[-0.061092,51.511546],[-0.061421,51.512878],[-0.061878,51.514742],[-0.060285,51.51469],[-0.058567,51.514598],[-0.056713,51.51444],[-0.056888,51.513037],[-0.056851,51.513017],[-0.056735,51.512648],[-0.057938,51.512397],[-0.057987,51.51181],[-0.059605,51.511739],[-0.059564,51.511467]]]]}},
{"type":"Feature","properties":{"layer":"London_LSOAs_Generalised_inc_Attributes_Rev_20220331","id":4198,"OBJECTID_12":4198,"OBJECTID":4198,"LSOA11CD":"E01004305","LSOA11NM":"Tower Hamlets 022D","IUCN_2018_GRP_CD":7,"IUCN_2018_GRP_LABEL":"Passive and Uncommitted Users","Local_Authority_Name":"Tower Hamlets","Paper_First":"No","HTC_digital":4,"HTC_willingness":4,"Online_share_of_returns":0.946,"Paper_share_of_returns":0.054000000000000006,"Age_65_plus_number_mid2020":238,"Age_65_plus_PC_mid2020":10.8,"Age_75_plus_number_mid2020":123,"Age_75_plus_PC_mid2020":5.6,"IMD_2019_Rank":7611,"IMD_2019_Decile":3,"IDAOPI_2019_Rank":2535,"IDAOPI_2019_Decile":1,"Premises_Unable_30mbps_Ofcom":19,"Premises_below_USO":0,"Shape_Length":1747.2525262836325,"Shape_Area":92044.76697619006,"in_cw":false,"whole_in_zone":true},"geometry":{"type":"MultiPolygon","coordinates":[[[[-0.047553,51.513327],[-0.045116,51.513167],[-0.044316,51.513172],[-0.044317,51.512671],[-0.045134,51.512805],[-0.045101,51.512032],[-0.046037,51.512056],[-0.046586,51.512029],[-0.046265,51.511486],[-0.046374,51.511485],[-0.047892,51.511353],[-0.047799,51.511148],[-0.050333,51.510749],[-0.050179,51.511184],[-0.050231,51.511433],[-0.050822,51.511429],[-0.050348,51.512072],[-0.049942,51.51209],[-0.04984,51.512629],[-0.050819,51.513152],[-0.051715,51.513006],[-0.051548,51.513974],[-0.049451,51.513623],[-0.047553,51.513327]]]]}},
{"type":"Feature","properties":{"layer":"London_LSOAs_Generalised_inc_Attributes_Rev_20220331","id":4199,"OBJECTID_12":4199,"OBJECTID":4199,"LSOA11CD":"E01004306","LSOA11NM":"Tower Hamlets 015A","IUCN_2018_GRP_CD":2,"IUCN_2018_GRP_LABEL":"e-Professionals","Local_Authority_Name":"Tower Hamlets","Paper_First":"No","HTC_digital":1,"HTC_willingness":5,"Online_share_of_returns":0.975,"Paper_share_of_returns":0.025,"Age_65_plus_number_mid2020":182,"Age_65_plus_PC_mid2020":11.4,"Age_75_plus_number_mid2020":68,"Age_75_plus_PC_mid2020":4.3,"IMD_2019_Rank":5304,"IMD_2019_Decile":2,"IDAOPI_2019_Rank":319,"IDAOPI_2019_Decile":1,"Premises_Unable_30mbps_Ofcom":165,"Premises_below_USO":0,"Shape_Length":2132.8776763281144,"Shape_Area":120255.3148892727,"in_cw":false,"whole_in_zone":true},"geometry":{"type":"MultiPolygon","coordinates":[[[[-0.069398,51.520092],[-0.069389,51.519331],[-0.068463,51.518195],[-0.068029,51.51787],[-0.070503,51.517299],[-0.070194,51.516902],[-0.069896,51.516441],[-0.070697,51.51651],[-0.071551,51.517374],[-0.070936,51.517717],[-0.071982,51.518168],[-0.071401,51.518473],[-0.071618,51.51885],[-0.074022,51.518947],[-0.07449,51.519095],[-0.074485,51.519484],[-0.073899,51.519788],[-0.073948,51.520298],[-0.072253,51.520046],[-0.072176,51.519773],[-0.071826,51.519777],[-0.071862,51.520298],[-0.071689,51.521998],[-0.07144,51.521977],[-0.069046,51.521791],[-0.069219,51.520195],[-0.069398,51.520092]]]]}},
{"type":"Feature","properties":{"layer":"London_LSOAs_Generalised_inc_Attributes_Rev_20220331","id":4200,"OBJECTID_12":4200,"OBJECTID":4200,"LSOA11CD":"E01004307","LSOA11NM":"Tower Hamlets 015B","IUCN_2018_GRP_CD":2,"IUCN_2018_GRP_LABEL":"e-Professionals","Local_Authority_Name":"Tower Hamlets","Paper_First":"No","HTC_digital":1,"HTC_willingness":5,"Online_share_of_returns":0.985,"Paper_share_of_returns":0.015,"Age_65_plus_number_mid2020":114,"Age_65_plus_PC_mid2020":3.1,"Age_75_plus_number_mid2020":44,"Age_75_plus_PC_mid2020":1.2,"IMD_2019_Rank":19910,"IMD_2019_Decile":7,"IDAOPI_2019_Rank":4147,"IDAOPI_2019_Decile":2,"Premises_Unable_30mbps_Ofcom":558,"Premises_below_USO":0,"Shape_Length":2845.807805037974,"Shape_Area":211576.8376650964,"in_cw":false,"whole_in_zone":true},"geometry":{"type":"MultiPolygon","coordinates":[[[[-0.071862,51.520298],[-0.071826,51.519777],[-0.072176,51.519773],[-0.072253,51.520046],[-0.073948,51.520298],[-0.073899,51.519788],[-0.074485,51.519484],[-0.07449,51.519095],[-0.074022,51.518947],[-0.071618,51.51885],[-0.071401,51.518473],[-0.071982,51.518168],[-0.072819,51.518093],[-0.072827,51.517562],[-0.073678,51.517514],[-0.074267,51.518279],[-0.074852,51.518173],[-0.075076,51.518301],[-0.076043,51.517717],[-0.075504,51.517013],[-0.076027,51.516878],[-0.075664,51.516312],[-0.075394,51.516046],[-0.075892,51.515896],[-0.077345,51.517398],[-0.077869,51.51819],[-0.078087,51.518966],[-0.079403,51.518846],[-0.078445,51.521511],[-0.078211,51.521855],[-0.076536,51.522094],[-0.076162,51.522153],[-0.074101,51.522123],[-0.071689,51.521998],[-0.071862,51.520298]]]]}},
{"type":"Feature","properties":{"layer":"London_LSOAs_Generalised_inc_Attributes_Rev_20220331","id":4201,"OBJECTID_12":4201,"OBJECTID":4201,"LSOA11CD":"E01004308","LSOA11NM":"Tower Hamlets 015C","IUCN_2018_GRP_CD":4,"IUCN_2018_GRP_LABEL":"Youthful Urban Fringe","Local_Authority_Name":"Tower Hamlets","Paper_First":"No","HTC_digital":1,"HTC_willingness":4,"Online_share_of_returns":0.9690000000000001,"Paper_share_of_returns":0.031,"Age_65_plus_number_mid2020":180,"Age_65_plus_PC_mid2020":11.7,"Age_75_plus_number_mid2020":103,"Age_75_plus_PC_mid2020":6.7,"IMD_2019_Rank":8621,"IMD_2019_Decile":3,"IDAOPI_2019_Rank":464,"IDAOPI_2019_Decile":1,"Premises_Unable_30mbps_Ofcom":27,"Premises_below_USO":0,"Shape_Length":1767.9455215594019,"Shape_Area":83538.63747478841,"in_cw":false,"whole_in_zone":true},"geometry":{"type":"MultiPolygon","coordinates":[[[[-0.064283,51.521539],[-0.063591,51.519983],[-0.064667,51.520509],[-0.065529,51.520341],[-0.065549,51.520002],[-0.065226,51.520164],[-0.064671,51.51978],[-0.064865,51.519135],[-0.065434,51.518897],[-0.064885,51.518478],[-0.065363,51.518274],[-0.065859,51.518725],[-0.066501,51.518445],[-0.066297,51.518922],[-0.066841,51.519026],[-0.067811,51.519146],[-0.067784,51.51966],[-0.067355,51.520274],[-0.067376,51.520341],[-0.068597,51.520465],[-0.06866,51.520165],[-0.069219,51.520195],[-0.069046,51.521791],[-0.067712,51.5217],[-0.066681,51.52163],[-0.064283,51.521539]]]]}},
{"type":"Feature","properties":{"layer":"London_LSOAs_Generalised_inc_Attributes_Rev_20220331","id":4202,"OBJECTID_12":4202,"OBJECTID":4202,"LSOA11CD":"E01004309","LSOA11NM":"Tower Hamlets 015D","IUCN_2018_GRP_CD":4,"IUCN_2018_GRP_LABEL":"Youthful Urban Fringe","Local_Authority_Name":"Tower Hamlets","Paper_First":"No","HTC_digital":1,"HTC_willingness":5,"Online_share_of_returns":0.9670000000000001,"Paper_share_of_returns":0.033,"Age_65_plus_number_mid2020":226,"Age_65_plus_PC_mid2020":6.5,"Age_75_plus_number_mid2020":92,"Age_75_plus_PC_mid2020":2.7,"IMD_2019_Rank":4749,"IMD_2019_Decile":2,"IDAOPI_2019_Rank":43,"IDAOPI_2019_Decile":1,"Premises_Unable_30mbps_Ofcom":157,"Premises_below_USO":0,"Shape_Length":3049.878279594942,"Shape_Area":130293.25878181512,"in_cw":false,"whole_in_zone":true},"geometry":{"type":"MultiPolygon","coordinates":[[[[-0.064667,51.520509],[-0.063591,51.519983],[-0.063383,51.519664],[-0.063116,51.51913],[-0.062725,51.518426],[-0.06291,51.518382],[-0.06559,51.517657],[-0.065926,51.517565],[-0.068623,51.516502],[-0.07192,51.515205],[-0.072799,51.514875],[-0.073441,51.515666],[-0.072955,51.515803],[-0.072391,51.515955],[-0.07222,51.51576],[-0.071922,51.516215],[-0.071233,51.51638],[-0.070697,51.51651],[-0.069896,51.516441],[-0.070194,51.516902],[-0.070503,51.517299],[-0.068029,51.51787],[-0.068463,51.518195],[-0.069389,51.519331],[-0.069398,51.520092],[-0.069219,51.520195],[-0.06866,51.520165],[-0.068597,51.520465],[-0.067376,51.520341],[-0.067355,51.520274],[-0.067784,51.51966],[-0.067811,51.519146],[-0.066841,51.519026],[-0.066297,51.518922],[-0.066501,51.518445],[-0.065859,51.518725],[-0.065363,51.518274],[-0.064885,51.518478],[-0.065434,51.518897],[-0.064865,51.519135],[-0.064671,51.51978],[-0.065226,51.520164],[-0.065549,51.520002],[-0.065529,51.520341],[-0.064667,51.520509]]]]}},
{"type":"Feature","properties":{"layer":"London_LSOAs_Generalised_inc_Attributes_Rev_20220331","id":4203,"OBJECTID_12":4203,"OBJECTID":4203,"LSOA11CD":"E01004310","LSOA11NM":"Tower Hamlets 015E","IUCN_2018_GRP_CD":4,"IUCN_2018_GRP_LABEL":"Youthful Urban Fringe","Local_Authority_Name":"Tower Hamlets","Paper_First":"No","HTC_digital":2,"HTC_willingness":5,"Online_share_of_returns":0.983,"Paper_share_of_returns":0.017,"Age_65_plus_number_mid2020":160,"Age_65_plus_PC_mid2020":8,"Age_75_plus_number_mid2020":73,"Age_75_plus_PC_mid2020":3.6,"IMD_2019_Rank":5125,"IMD_2019_Decile":2,"IDAOPI_2019_Rank":150,"IDAOPI_2019_Decile":1,"Premises_Unable_30mbps_Ofcom":196,"Premises_below_USO":0,"Shape_Length":1604.618477872104,"Shape_Area":90938.12627444665,"in_cw":false,"whole_in_zone":true},"geometry":{"type":"MultiPolygon","coordinates":[[[[-0.075076,51.518301],[-0.074852,51.518173],[-0.074267,51.518279],[-0.073678,51.517514],[-0.072827,51.517562],[-0.072819,51.518093],[-0.071982,51.518168],[-0.070936,51.517717],[-0.071551,51.517374],[-0.070697,51.51651],[-0.071233,51.51638],[-0.071922,51.516215],[-0.07222,51.51576],[-0.072391,51.515955],[-0.072955,51.515803],[-0.073441,51.515666],[-0.072799,51.514875],[-0.073943,51.514454],[-0.075798,51.51583],[-0.075892,51.515896],[-0.075394,51.516046],[-0.075664,51.516312],[-0.076027,51.516878],[-0.075504,51.517013],[-0.076043,51.517717],[-0.075076,51.518301]]]]}},
{"type":"Feature","properties":{"layer":"London_LSOAs_Generalised_inc_Attributes_Rev_20220331","id":4206,"OBJECTID_12":4206,"OBJECTID":4206,"LSOA11CD":"E01004313","LSOA11NM":"Tower Hamlets 009B","IUCN_2018_GRP_CD":4,"IUCN_2018_GRP_LABEL":"Youthful Urban Fringe","Local_Authority_Name":"Tower Hamlets","Paper_First":"No","HTC_digital":2,"HTC_willingness":4,"Online_share_of_returns":0.9670000000000001,"Paper_share_of_returns":0.033,"Age_65_plus_number_mid2020":138,"Age_65_plus_PC_mid2020":5.8,"Age_75_plus_number_mid2020":61,"Age_75_plus_PC_mid2020":2.6,"IMD_2019_Rank":11032,"IMD_2019_Decile":4,"IDAOPI_2019_Rank":1327,"IDAOPI_2019_Decile":1,"Premises_Unable_30mbps_Ofcom":0,"Premises_below_USO":0,"Shape_Length":1826.797144682637,"Shape_Area":81752.749907727,"in_cw":false,"whole_in_zone":false},"geometry":{"type":"MultiPolygon","coordinates":[[[[-0.065187,51.528319],[-0.064967,51.527577],[-0.064789,51.527035],[-0.06461,51.526458],[-0.064606,51.526443],[-0.064527,51.526169],[-0.064277,51.525339],[-0.063933,51.523795],[-0.064073,51.523248],[-0.06472,51.52338],[-0.064288,51.52386],[-0.064831,51.523941],[-0.064953,51.524807],[-0.065458,51.524764],[-0.065759,51.525244],[-0.067084,51.525261],[-0.06693,51.525564],[-0.067943,51.525803],[-0.06823,51.526003],[-0.068557,51.52659],[-0.067604,51.52697],[-0.066775,51.52703],[-0.067015,51.527686],[-0.066085,51.527833],[-0.066182,51.528127],[-0.067098,51.527945],[-0.06729,51.528505],[-0.065579,51.528729],[-0.065187,51.528319]]]]}},
{"type":"Feature","properties":{"layer":"London_LSOAs_Generalised_inc_Attributes_Rev_20220331","id":4210,"OBJECTID_12":4210,"OBJECTID":4210,"LSOA11CD":"E01004317","LSOA11NM":"Tower Hamlets 009D","IUCN_2018_GRP_CD":2,"IUCN_2018_GRP_LABEL":"e-Professionals","Local_Authority_Name":"Tower Hamlets","Paper_First":"No","HTC_digital":1,"HTC_willingness":4,"Online_share_of_returns":0.985,"Paper_share_of_returns":0.015,"Age_65_plus_number_mid2020":128,"Age_65_plus_PC_mid2020":3.3,"Age_75_plus_number_mid2020":63,"Age_75_plus_PC_mid2020":1.6,"IMD_2019_Rank":9244,"IMD_2019_Decile":3,"IDAOPI_2019_Rank":170,"IDAOPI_2019_Decile":1,"Premises_Unable_30mbps_Ofcom":279,"Premises_below_USO":0,"Shape_Length":2670.576754387705,"Shape_Area":274286.4186636158,"in_cw":false,"whole_in_zone":false},"geometry":{"type":"MultiPolygon","coordinates":[[[[-0.06693,51.525564],[-0.067084,51.525261],[-0.065759,51.525244],[-0.065458,51.524764],[-0.064953,51.524807],[-0.064831,51.523941],[-0.064288,51.52386],[-0.06472,51.52338],[-0.064073,51.523248],[-0.064339,51.522033],[-0.064283,51.521539],[-0.066681,51.52163],[-0.067712,51.5217],[-0.069046,51.521791],[-0.07144,51.521977],[-0.071689,51.521998],[-0.074101,51.522123],[-0.076162,51.522153],[-0.075724,51.523327],[-0.075923,51.52432],[-0.072772,51.524691],[-0.072715,51.5247],[-0.072392,51.52475],[-0.070442,51.525455],[-0.069546,51.525393],[-0.069525,51.525098],[-0.070117,51.524958],[-0.069575,51.524733],[-0.06941,51.525008],[-0.067751,51.524985],[-0.068499,51.525426],[-0.067943,51.525803],[-0.06693,51.525564]]]]}},
{"type":"Feature","properties":{"layer":"London_LSOAs_Generalised_inc_Attributes_Rev_20220331","id":4212,"OBJECTID_12":4212,"OBJECTID":4212,"LSOA11CD":"E01004319","LSOA11NM":"Tower Hamlets 021A","IUCN_2018_GRP_CD":7,"IUCN_2018_GRP_LABEL":"Passive and Uncommitted Users","Local_Authority_Name":"Tower Hamlets","Paper_First":"No","HTC_digital":2,"HTC_willingness":5,"Online_share_of_returns":0.98,"Paper_share_of_returns":0.02,"Age_65_plus_number_mid2020":191,"Age_65_plus_PC_mid2020":8.7,"Age_75_plus_number_mid2020":84,"Age_75_plus_PC_mid2020":3.8,"IMD_2019_Rank":6845,"IMD_2019_Decile":3,"IDAOPI_2019_Rank":17,"IDAOPI_2019_Decile":1,"Premises_Unable_30mbps_Ofcom":272,"Premises_below_USO":0,"Shape_Length":1997.1364878119093,"Shape_Area":90898.23781674977,"in_cw":false,"whole_in_zone":true},"geometry":{"type":"MultiPolygon","coordinates":[[[[-0.061878,51.514742],[-0.061421,51.512878],[-0.061092,51.511546],[-0.062031,51.511488],[-0.063417,51.51139],[-0.065374,51.511285],[-0.0663,51.511224],[-0.066854,51.511185],[-0.066903,51.511773],[-0.066291,51.51161],[-0.06667,51.512565],[-0.06673,51.512831],[-0.066037,51.512935],[-0.065338,51.512997],[-0.065422,51.513306],[-0.065846,51.513184],[-0.065465,51.51396],[-0.064805,51.514194],[-0.064696,51.51359],[-0.064187,51.513625],[-0.064172,51.513999],[-0.063663,51.51394],[-0.063653,51.513401],[-0.062789,51.513276],[-0.063478,51.513097],[-0.061884,51.513208],[-0.062424,51.514082],[-0.062309,51.514763],[-0.061878,51.514742]]]]}},
{"type":"Feature","properties":{"layer":"London_LSOAs_Generalised_inc_Attributes_Rev_20220331","id":4213,"OBJECTID_12":4213,"OBJECTID":4213,"LSOA11CD":"E01004321","LSOA11NM":"Tower Hamlets 021C","IUCN_2018_GRP_CD":4,"IUCN_2018_GRP_LABEL":"Youthful Urban Fringe","Local_Authority_Name":"Tower Hamlets","Paper_First":"No","HTC_digital":1,"HTC_willingness":4,"Online_share_of_returns":0.968,"Paper_share_of_returns":0.032,"Age_65_plus_number_mid2020":188,"Age_65_plus_PC_mid2020":8.9,"Age_75_plus_number_mid2020":98,"Age_75_plus_PC_mid2020":4.6,"IMD_2019_Rank":6345,"IMD_2019_Decile":2,"IDAOPI_2019_Rank":112,"IDAOPI_2019_Decile":1,"Premises_Unable_30mbps_Ofcom":229,"Premises_below_USO":0,"Shape_Length":2562.0571282065725,"Shape_Area":105245.31588362646,"in_cw":false,"whole_in_zone":true},"geometry":{"type":"MultiPolygon","coordinates":[[[[-0.062591,51.517707],[-0.062378,51.516869],[-0.060873,51.517006],[-0.06097,51.51743],[-0.059237,51.517593],[-0.059186,51.516735],[-0.059113,51.516345],[-0.059769,51.516274],[-0.059561,51.515371],[-0.060483,51.515326],[-0.060285,51.51469],[-0.061878,51.514742],[-0.062309,51.514763],[-0.062424,51.514082],[-0.061884,51.513208],[-0.063478,51.513097],[-0.062789,51.513276],[-0.063653,51.513401],[-0.063663,51.51394],[-0.064172,51.513999],[-0.064187,51.513625],[-0.064696,51.51359],[-0.064805,51.514194],[-0.065465,51.51396],[-0.065549,51.514826],[-0.065117,51.514819],[-0.063489,51.514801],[-0.063031,51.514807],[-0.063204,51.515721],[-0.06333,51.515073],[-0.0637,51.515063],[-0.06439,51.51595],[-0.064092,51.516164],[-0.063003,51.516006],[-0.063059,51.516255],[-0.063533,51.517166],[-0.062785,51.517251],[-0.062591,51.517707]]]]}},
{"type":"Feature","properties":{"layer":"London_LSOAs_Generalised_inc_Attributes_Rev_20220331","id":4214,"OBJECTID_12":4214,"OBJECTID":4214,"LSOA11CD":"E01004322","LSOA11NM":"Tower Hamlets 017A","IUCN_2018_GRP_CD":4,"IUCN_2018_GRP_LABEL":"Youthful Urban Fringe","Local_Authority_Name":"Tower Hamlets","Paper_First":"No","HTC_digital":1,"HTC_willingness":4,"Online_share_of_returns":0.9590000000000001,"Paper_share_of_returns":0.040999999999999995,"Age_65_plus_number_mid2020":117,"Age_65_plus_PC_mid2020":7.5,"Age_75_plus_number_mid2020":51,"Age_75_plus_PC_mid2020":3.3,"IMD_2019_Rank":6983,"IMD_2019_Decile":3,"IDAOPI_2019_Rank":320,"IDAOPI_2019_Decile":1,"Premises_Unable_30mbps_Ofcom":128,"Premises_below_USO":0,"Shape_Length":2519.7045751800642,"Shape_Area":139923.70253650536,"in_cw":false,"whole_in_zone":true},"geometry":{"type":"MultiPolygon","coordinates":[[[[-0.053568,51.519607],[-0.05336,51.519019],[-0.053958,51.519012],[-0.05526,51.518884],[-0.055509,51.519311],[-0.055849,51.519252],[-0.055587,51.5186],[-0.053627,51.518795],[-0.053852,51.517978],[-0.053993,51.517811],[-0.054618,51.518153],[-0.055383,51.518088],[-0.055195,51.51765],[-0.056606,51.51769],[-0.057269,51.517701],[-0.057202,51.516918],[-0.05844,51.516804],[-0.059186,51.516735],[-0.059237,51.517593],[-0.06097,51.51743],[-0.060873,51.517006],[-0.062378,51.516869],[-0.062591,51.517707],[-0.06291,51.518382],[-0.062725,51.518426],[-0.058,51.519489],[-0.057739,51.519544],[-0.057195,51.519657],[-0.054491,51.520153],[-0.053061,51.520433],[-0.052959,51.520454],[-0.052828,51.52011],[-0.053568,51.519607]]]]}},
{"type":"Feature","properties":{"layer":"London_LSOAs_Generalised_inc_Attributes_Rev_20220331","id":4215,"OBJECTID_12":4215,"OBJECTID":4215,"LSOA11CD":"E01004323","LSOA11NM":"Tower Hamlets 017B","IUCN_2018_GRP_CD":4,"IUCN_2018_GRP_LABEL":"Youthful Urban Fringe","Local_Authority_Name":"Tower Hamlets","Paper_First":"No","HTC_digital":1,"HTC_willingness":4,"Online_share_of_returns":0.976,"Paper_share_of_returns":0.024,"Age_65_plus_number_mid2020":111,"Age_65_plus_PC_mid2020":7.1,"Age_75_plus_number_mid2020":57,"Age_75_plus_PC_mid2020":3.6,"IMD_2019_Rank":9137,"IMD_2019_Decile":3,"IDAOPI_2019_Rank":57,"IDAOPI_2019_Decile":1,"Premises_Unable_30mbps_Ofcom":172,"Premises_below_USO":0,"Shape_Length":1320.4147722156272,"Shape_Area":70405.0869079449,"in_cw":false,"whole_in_zone":true},"geometry":{"type":"MultiPolygon","coordinates":[[[[-0.053993,51.517811],[-0.053406,51.517286],[-0.052955,51.51715],[-0.053002,51.5165],[-0.053015,51.516343],[-0.053107,51.515425],[-0.054571,51.515732],[-0.054921,51.515297],[-0.055447,51.515341],[-0.055876,51.515519],[-0.055977,51.516062],[-0.057139,51.516083],[-0.057152,51.516485],[-0.058057,51.516346],[-0.05844,51.516804],[-0.057202,51.516918],[-0.057269,51.517701],[-0.056606,51.51769],[-0.055195,51.51765],[-0.055383,51.518088],[-0.054618,51.518153],[-0.053993,51.517811]]]]}},
{"type":"Feature","properties":{"layer":"London_LSOAs_Generalised_inc_Attributes_Rev_20220331","id":4216,"OBJECTID_12":4216,"OBJECTID":4216,"LSOA11CD":"E01004324","LSOA11NM":"Tower Hamlets 017C","IUCN_2018_GRP_CD":7,"IUCN_2018_GRP_LABEL":"Passive and Uncommitted Users","Local_Authority_Name":"Tower Hamlets","Paper_First":"No","HTC_digital":2,"HTC_willingness":4,"Online_share_of_returns":0.966,"Paper_share_of_returns":0.034,"Age_65_plus_number_mid2020":118,"Age_65_plus_PC_mid2020":7.3,"Age_75_plus_number_mid2020":45,"Age_75_plus_PC_mid2020":2.8,"IMD_2019_Rank":5052,"IMD_2019_Decile":2,"IDAOPI_2019_Rank":24,"IDAOPI_2019_Decile":1,"Premises_Unable_30mbps_Ofcom":2,"Premises_below_USO":0,"Shape_Length":1556.0155167159323,"Shape_Area":77532.96711895562,"in_cw":false,"whole_in_zone":true},"geometry":{"type":"MultiPolygon","coordinates":[[[[-0.052828,51.52011],[-0.052716,51.519774],[-0.051645,51.519777],[-0.051693,51.519366],[-0.051174,51.519345],[-0.050477,51.519303],[-0.050615,51.518817],[-0.049639,51.518439],[-0.04972,51.517741],[-0.049812,51.516867],[-0.051727,51.51704],[-0.051963,51.517061],[-0.052955,51.51715],[-0.053406,51.517286],[-0.053993,51.517811],[-0.053852,51.517978],[-0.053627,51.518795],[-0.055587,51.5186],[-0.055849,51.519252],[-0.055509,51.519311],[-0.05526,51.518884],[-0.053958,51.519012],[-0.05336,51.519019],[-0.053568,51.519607],[-0.052828,51.52011]]]]}},
{"type":"Feature","properties":{"layer":"London_LSOAs_Generalised_inc_Attributes_Rev_20220331","id":4217,"OBJECTID_12":4217,"OBJECTID":4217,"LSOA11CD":"E01004325","LSOA11NM":"Tower Hamlets 021D","IUCN_2018_GRP_CD":2,"IUCN_2018_GRP_LABEL":"e-Professionals","Local_Authority_Name":"Tower Hamlets","Paper_First":"No","HTC_digital":1,"HTC_willingness":5,"Online_share_of_returns":0.987,"Paper_share_of_returns":0.013000000000000001,"Age_65_plus_number_mid2020":145,"Age_65_plus_PC_mid2020":3.7,"Age_75_plus_number_mid2020":64,"Age_75_plus_PC_mid2020":1.6,"IMD_2019_Rank":11050,"IMD_2019_Decile":4,"IDAOPI_2019_Rank":276,"IDAOPI_2019_Decile":1,"Premises_Unable_30mbps_Ofcom":253,"Premises_below_USO":0,"Shape_Length":2187.708975979534,"Shape_Area":135435.15752672477,"in_cw":false,"whole_in_zone":true},"geometry":{"type":"MultiPolygon","coordinates":[[[[-0.063059,51.516255],[-0.063003,51.516006],[-0.064092,51.516164],[-0.06439,51.51595],[-0.0637,51.515063],[-0.06333,51.515073],[-0.063204,51.515721],[-0.063031,51.514807],[-0.063489,51.514801],[-0.065117,51.514819],[-0.065549,51.514826],[-0.066429,51.514843],[-0.067057,51.514905],[-0.069171,51.51502],[-0.069623,51.514436],[-0.070886,51.514856],[-0.071276,51.514713],[-0.071613,51.514584],[-0.07192,51.515205],[-0.068623,51.516502],[-0.065926,51.517565],[-0.06559,51.517657],[-0.06291,51.518382],[-0.062591,51.517707],[-0.062785,51.517251],[-0.063533,51.517166],[-0.063059,51.516255]]]]}},
{"type":"Feature","properties":{"layer":"London_LSOAs_Generalised_inc_Attributes_Rev_20220331","id":4218,"OBJECTID_12":4218,"OBJECTID":4218,"LSOA11CD":"E01004326","LSOA11NM":"Tower Hamlets 017D","IUCN_2018_GRP_CD":4,"IUCN_2018_GRP_LABEL":"Youthful Urban Fringe","Local_Authority_Name":"Tower Hamlets","Paper_First":"No","HTC_digital":1,"HTC_willingness":4,"Online_share_of_returns":0.97,"Paper_share_of_returns":0.03,"Age_65_plus_number_mid2020":137,"Age_65_plus_PC_mid2020":6.8,"Age_75_plus_number_mid2020":63,"Age_75_plus_PC_mid2020":3.1,"IMD_2019_Rank":10008,"IMD_2019_Decile":4,"IDAOPI_2019_Rank":1327,"IDAOPI_2019_Decile":1,"Premises_Unable_30mbps_Ofcom":201,"Premises_below_USO":0,"Shape_Length":1560.757117034396,"Shape_Area":83694.23437377244,"in_cw":false,"whole_in_zone":true},"geometry":{"type":"MultiPolygon","coordinates":[[[[-0.05844,51.516804],[-0.058057,51.516346],[-0.057152,51.516485],[-0.057139,51.516083],[-0.055977,51.516062],[-0.055876,51.515519],[-0.055447,51.515341],[-0.054921,51.515297],[-0.054571,51.515732],[-0.053107,51.515425],[-0.053161,51.51488],[-0.053173,51.514729],[-0.053217,51.514131],[-0.056713,51.51444],[-0.058567,51.514598],[-0.060285,51.51469],[-0.060483,51.515326],[-0.059561,51.515371],[-0.059769,51.516274],[-0.059113,51.516345],[-0.059186,51.516735],[-0.05844,51.516804]]]]}},
{"type":"Feature","properties":{"layer":"London_LSOAs_Generalised_inc_Attributes_Rev_20220331","id":4660,"OBJECTID_12":4660,"OBJECTID":31765,"LSOA11CD":"E01032579","LSOA11NM":"Lewisham 039E","IUCN_2018_GRP_CD":4,"IUCN_2018_GRP_LABEL":"Youthful Urban Fringe","Local_Authority_Name":"Lewisham","Paper_First":"No","HTC_digital":1,"HTC_willingness":4,"Online_share_of_returns":0.9690000000000001,"Paper_share_of_returns":0.031,"Age_65_plus_number_mid2020":75,"Age_65_plus_PC_mid2020":3.9,"Age_75_plus_number_mid2020":28,"Age_75_plus_PC_mid2020":1.4,"IMD_2019_Rank":5514,"IMD_2019_Decile":2,"IDAOPI_2019_Rank":1448,"IDAOPI_2019_Decile":1,"Premises_Unable_30mbps_Ofcom":83,"Premises_below_USO":0,"Shape_Length":2645.845058749507,"Shape_Area":173961.9737652058,"in_cw":false,"whole_in_zone":true},"geometry":{"type":"MultiPolygon","coordinates":[[[[-0.021067,51.476262],[-0.022788,51.475877],[-0.020896,51.4761],[-0.020939,51.475686],[-0.022747,51.475328],[-0.022687,51.475284],[-0.022779,51.474464],[-0.023502,51.474554],[-0.026181,51.474956],[-0.025887,51.476049],[-0.025328,51.475932],[-0.025232,51.476276],[-0.024786,51.476938],[-0.025255,51.477607],[-0.022609,51.477652],[-0.022692,51.477952],[-0.022901,51.478507],[-0.023025,51.479288],[-0.023046,51.479629],[-0.020342,51.479936],[-0.020072,51.480338],[-0.019458,51.480543],[-0.018701,51.480784],[-0.017849,51.48088],[-0.01709,51.48041],[-0.019048,51.47983],[-0.019589,51.47792],[-0.019349,51.477213],[-0.019997,51.477139],[-0.021067,51.476262]]]]}},
{"type":"Feature","properties":{"layer":"London_LSOAs_Generalised_inc_Attributes_Rev_20220331","id":4667,"OBJECTID_12":4667,"OBJECTID":31823,"LSOA11CD":"E01032637","LSOA11NM":"Southwark 003F","IUCN_2018_GRP_CD":2,"IUCN_2018_GRP_LABEL":"e-Professionals","Local_Authority_Name":"Southwark","Paper_First":"No","HTC_digital":1,"HTC_willingness":4,"Online_share_of_returns":0.99,"Paper_share_of_returns":0.01,"Age_65_plus_number_mid2020":54,"Age_65_plus_PC_mid2020":3.3,"Age_75_plus_number_mid2020":20,"Age_75_plus_PC_mid2020":1.2,"IMD_2019_Rank":24490,"IMD_2019_Decile":8,"IDAOPI_2019_Rank":20281,"IDAOPI_2019_Decile":7,"Premises_Unable_30mbps_Ofcom":58,"Premises_below_USO":0,"Shape_Length":1039.7583455523206,"Shape_Area":38808.669585746706,"in_cw":false,"whole_in_zone":true},"geometry":{"type":"MultiPolygon","coordinates":[[[[-0.074915,51.502762],[-0.074615,51.501917],[-0.074517,51.502007],[-0.073744,51.5027],[-0.07372,51.502721],[-0.073187,51.502524],[-0.071827,51.502681],[-0.072423,51.501881],[-0.072468,51.50173],[-0.073308,51.501092],[-0.073794,51.500644],[-0.074774,51.500822],[-0.075181,51.501025],[-0.075702,51.50132],[-0.075334,51.501721],[-0.076259,51.501648],[-0.07598,51.501956],[-0.075663,51.502281],[-0.074915,51.502762]]]]}},
{"type":"Feature","properties":{"layer":"London_LSOAs_Generalised_inc_Attributes_Rev_20220331","id":4668,"OBJECTID_12":4668,"OBJECTID":31824,"LSOA11CD":"E01032638","LSOA11NM":"Southwark 003G","IUCN_2018_GRP_CD":2,"IUCN_2018_GRP_LABEL":"e-Professionals","Local_Authority_Name":"Southwark","Paper_First":"No","HTC_digital":1,"HTC_willingness":3,"Online_share_of_returns":0.992,"Paper_share_of_returns":0.008,"Age_65_plus_number_mid2020":105,"Age_65_plus_PC_mid2020":6.9,"Age_75_plus_number_mid2020":26,"Age_75_plus_PC_mid2020":1.7,"IMD_2019_Rank":29878,"IMD_2019_Decile":10,"IDAOPI_2019_Rank":27618,"IDAOPI_2019_Decile":9,"Premises_Unable_30mbps_Ofcom":15,"Premises_below_USO":0,"Shape_Length":1003.7899384231716,"Shape_Area":40814.1063447008,"in_cw":false,"whole_in_zone":true},"geometry":{"type":"MultiPolygon","coordinates":[[[[-0.066281,51.501254],[-0.066508,51.500855],[-0.066829,51.500424],[-0.068442,51.500948],[-0.069865,51.500913],[-0.070384,51.500476],[-0.070896,51.500507],[-0.071767,51.500896],[-0.07206,51.501298],[-0.07181,51.501531],[-0.071401,51.501817],[-0.070464,51.501942],[-0.070335,51.502098],[-0.068831,51.501802],[-0.067593,51.501409],[-0.067302,51.501341],[-0.066281,51.501254]]]]}},
{"type":"Feature","properties":{"layer":"London_LSOAs_Generalised_inc_Attributes_Rev_20220331","id":4670,"OBJECTID_12":4670,"OBJECTID":31826,"LSOA11CD":"E01032640","LSOA11NM":"Southwark 003H","IUCN_2018_GRP_CD":2,"IUCN_2018_GRP_LABEL":"e-Professionals","Local_Authority_Name":"Southwark","Paper_First":"No","HTC_digital":1,"HTC_willingness":3,"Online_share_of_returns":0.9990000000000001,"Paper_share_of_returns":0.001,"Age_65_plus_number_mid2020":92,"Age_65_plus_PC_mid2020":5.9,"Age_75_plus_number_mid2020":36,"Age_75_plus_PC_mid2020":2.3,"IMD_2019_Rank":24817,"IMD_2019_Decile":8,"IDAOPI_2019_Rank":27919,"IDAOPI_2019_Decile":9,"Premises_Unable_30mbps_Ofcom":58,"Premises_below_USO":0,"Shape_Length":1013.6549356503247,"Shape_Area":44708.03123728949,"in_cw":false,"whole_in_zone":true},"geometry":{"type":"MultiPolygon","coordinates":[[[[-0.073274,51.503105],[-0.07372,51.502721],[-0.073744,51.5027],[-0.074517,51.502007],[-0.074615,51.501917],[-0.074915,51.502762],[-0.075663,51.502281],[-0.07598,51.501956],[-0.076402,51.502144],[-0.076215,51.50251],[-0.076869,51.502719],[-0.077242,51.502806],[-0.076117,51.504402],[-0.074287,51.503933],[-0.073053,51.503579],[-0.073113,51.50328],[-0.073274,51.503105]]]]}},
{"type":"Feature","properties":{"layer":"London_LSOAs_Generalised_inc_Attributes_Rev_20220331","id":4671,"OBJECTID_12":4671,"OBJECTID":31832,"LSOA11CD":"E01032646","LSOA11NM":"Southwark 003I","IUCN_2018_GRP_CD":2,"IUCN_2018_GRP_LABEL":"e-Professionals","Local_Authority_Name":"Southwark","Paper_First":"No","HTC_digital":1,"HTC_willingness":4,"Online_share_of_returns":0.983,"Paper_share_of_returns":0.017,"Age_65_plus_number_mid2020":88,"Age_65_plus_PC_mid2020":5.1,"Age_75_plus_number_mid2020":22,"Age_75_plus_PC_mid2020":1.3,"IMD_2019_Rank":19949,"IMD_2019_Decile":7,"IDAOPI_2019_Rank":5537,"IDAOPI_2019_Decile":2,"Premises_Unable_30mbps_Ofcom":93,"Premises_below_USO":0,"Shape_Length":2118.9940998471507,"Shape_Area":121215.37487501052,"in_cw":false,"whole_in_zone":true},"geometry":{"type":"MultiPolygon","coordinates":[[[[-0.080707,51.502349],[-0.080125,51.502008],[-0.079574,51.501716],[-0.077131,51.500423],[-0.077019,51.500362],[-0.078368,51.500077],[-0.080421,51.500391],[-0.080086,51.499884],[-0.079256,51.49958],[-0.07895,51.499441],[-0.079443,51.49831],[-0.079775,51.497722],[-0.081389,51.497943],[-0.082347,51.498101],[-0.082901,51.498179],[-0.082448,51.498689],[-0.081227,51.499223],[-0.08126,51.4993],[-0.081445,51.499763],[-0.082156,51.499781],[-0.082152,51.50044],[-0.083275,51.500399],[-0.082957,51.500937],[-0.083753,51.500788],[-0.083328,51.501252],[-0.083375,51.502205],[-0.082599,51.502489],[-0.081857,51.502306],[-0.081425,51.502734],[-0.080707,51.502349]]]]}},
{"type":"Feature","properties":{"layer":"London_LSOAs_Generalised_inc_Attributes_Rev_20220331","id":4673,"OBJECTID_12":4673,"OBJECTID":31905,"LSOA11CD":"E01032720","LSOA11NM":"Southwark 009F","IUCN_2018_GRP_CD":4,"IUCN_2018_GRP_LABEL":"Youthful Urban Fringe","Local_Authority_Name":"Southwark","Paper_First":"No","HTC_digital":1,"HTC_willingness":4,"Online_share_of_returns":0.9790000000000001,"Paper_share_of_returns":0.021,"Age_65_plus_number_mid2020":96,"Age_65_plus_PC_mid2020":6,"Age_75_plus_number_mid2020":63,"Age_75_plus_PC_mid2020":4,"IMD_2019_Rank":2298,"IMD_2019_Decile":1,"IDAOPI_2019_Rank":528,"IDAOPI_2019_Decile":1,"Premises_Unable_30mbps_Ofcom":710,"Premises_below_USO":0,"Shape_Length":2294.35572702204,"Shape_Area":165927.49341378544,"in_cw":false,"whole_in_zone":false},"geometry":{"type":"MultiPolygon","coordinates":[[[[-0.093821,51.496215],[-0.093467,51.49601],[-0.093016,51.496156],[-0.092638,51.495345],[-0.090572,51.495332],[-0.090305,51.494196],[-0.091807,51.494171],[-0.092871,51.494154],[-0.093629,51.494143],[-0.094281,51.494147],[-0.094698,51.493742],[-0.094417,51.493078],[-0.096221,51.492328],[-0.09804,51.491916],[-0.098424,51.492458],[-0.098626,51.492759],[-0.099339,51.493211],[-0.100368,51.49334],[-0.10066,51.494697],[-0.099763,51.495071],[-0.100042,51.49564],[-0.098406,51.495634],[-0.09837,51.495634],[-0.095862,51.494973],[-0.095255,51.494935],[-0.094968,51.494742],[-0.094199,51.495155],[-0.093821,51.495438],[-0.094613,51.495679],[-0.093821,51.496215]]]]}},
{"type":"Feature","properties":{"layer":"London_LSOAs_Generalised_inc_Attributes_Rev_20220331","id":4674,"OBJECTID_12":4674,"OBJECTID":31906,"LSOA11CD":"E01032722","LSOA11NM":"Southwark 012F","IUCN_2018_GRP_CD":4,"IUCN_2018_GRP_LABEL":"Youthful Urban Fringe","Local_Authority_Name":"Southwark","Paper_First":"No","HTC_digital":1,"HTC_willingness":5,"Online_share_of_returns":0.975,"Paper_share_of_returns":0.025,"Age_65_plus_number_mid2020":243,"Age_65_plus_PC_mid2020":8.1,"Age_75_plus_number_mid2020":90,"Age_75_plus_PC_mid2020":3,"IMD_2019_Rank":5242,"IMD_2019_Decile":2,"IDAOPI_2019_Rank":2174,"IDAOPI_2019_Decile":1,"Premises_Unable_30mbps_Ofcom":86,"Premises_below_USO":0,"Shape_Length":2319.713651485749,"Shape_Area":197302.1709219922,"in_cw":false,"whole_in_zone":false},"geometry":{"type":"MultiPolygon","coordinates":[[[[-0.091807,51.494171],[-0.091699,51.49369],[-0.091012,51.493694],[-0.091185,51.492764],[-0.091313,51.492497],[-0.091247,51.492443],[-0.090988,51.492068],[-0.090726,51.491792],[-0.090322,51.490997],[-0.090027,51.490263],[-0.092062,51.489815],[-0.092453,51.49034],[-0.093246,51.490533],[-0.094174,51.489908],[-0.093761,51.489593],[-0.09458,51.489503],[-0.094399,51.489192],[-0.094775,51.488659],[-0.094328,51.488034],[-0.095463,51.487752],[-0.096468,51.489514],[-0.096489,51.489556],[-0.097727,51.491455],[-0.09804,51.491916],[-0.096221,51.492328],[-0.094417,51.493078],[-0.094698,51.493742],[-0.094281,51.494147],[-0.093629,51.494143],[-0.092871,51.494154],[-0.091807,51.494171]]]]}},
{"type":"Feature","properties":{"layer":"London_LSOAs_Generalised_inc_Attributes_Rev_20220331","id":4675,"OBJECTID_12":4675,"OBJECTID":31921,"LSOA11CD":"E01032739","LSOA11NM":"City of London 001F","IUCN_2018_GRP_CD":2,"IUCN_2018_GRP_LABEL":"e-Professionals","Local_Authority_Name":"City of London","Paper_First":"No","HTC_digital":1,"HTC_willingness":4,"Online_share_of_returns":0.978,"Paper_share_of_returns":0.022000000000000002,"Age_65_plus_number_mid2020":69,"Age_65_plus_PC_mid2020":4.1,"Age_75_plus_number_mid2020":19,"Age_75_plus_PC_mid2020":1.1,"IMD_2019_Rank":20391,"IMD_2019_Decile":7,"IDAOPI_2019_Rank":31389,"IDAOPI_2019_Decile":10,"Premises_Unable_30mbps_Ofcom":2795,"Premises_below_USO":1,"Shape_Length":7353.915051524866,"Shape_Area":1659270.144310977,"in_cw":false,"whole_in_zone":false},"geometry":{"type":"MultiPolygon","coordinates":[[[[-0.078445,51.521511],[-0.079403,51.518846],[-0.078087,51.518966],[-0.077869,51.51819],[-0.077345,51.517398],[-0.078199,51.51749],[-0.079123,51.516323],[-0.08001,51.515675],[-0.076416,51.513433],[-0.076147,51.510478],[-0.076885,51.510469],[-0.076825,51.510155],[-0.077876,51.509994],[-0.078819,51.509413],[-0.079076,51.50904],[-0.078643,51.508793],[-0.079248,51.507832],[-0.079412,51.507802],[-0.079436,51.507794],[-0.081505,51.508391],[-0.086104,51.508658],[-0.090034,51.508992],[-0.092447,51.509502],[-0.095297,51.510136],[-0.095214,51.510562],[-0.096124,51.510213],[-0.098999,51.510722],[-0.104623,51.510788],[-0.104269,51.511304],[-0.104281,51.513585],[-0.102205,51.513756],[-0.101559,51.516247],[-0.099723,51.516769],[-0.097828,51.516602],[-0.097957,51.515539],[-0.096563,51.514843],[-0.095771,51.514969],[-0.095455,51.515442],[-0.095009,51.515279],[-0.095202,51.514592],[-0.094667,51.514529],[-0.094753,51.514239],[-0.094006,51.514095],[-0.09239,51.515832],[-0.091394,51.51765],[-0.090661,51.517541],[-0.09078,51.517264],[-0.090284,51.517081],[-0.090094,51.517479],[-0.089265,51.517518],[-0.088103,51.519412],[-0.086161,51.518738],[-0.085192,51.520336],[-0.0833,51.519816],[-0.081397,51.521219],[-0.081024,51.521955],[-0.078445,51.521511]]]]}},
{"type":"Feature","properties":{"layer":"London_LSOAs_Generalised_inc_Attributes_Rev_20220331","id":4683,"OBJECTID_12":4683,"OBJECTID":31941,"LSOA11CD":"E01032766","LSOA11NM":"Tower Hamlets 021E","IUCN_2018_GRP_CD":2,"IUCN_2018_GRP_LABEL":"e-Professionals","Local_Authority_Name":"Tower Hamlets","Paper_First":"No","HTC_digital":2,"HTC_willingness":4,"Online_share_of_returns":0.996,"Paper_share_of_returns":0.004,"Age_65_plus_number_mid2020":64,"Age_65_plus_PC_mid2020":2.1,"Age_75_plus_number_mid2020":18,"Age_75_plus_PC_mid2020":0.6,"IMD_2019_Rank":14542,"IMD_2019_Decile":5,"IDAOPI_2019_Rank":1515,"IDAOPI_2019_Decile":1,"Premises_Unable_30mbps_Ofcom":109,"Premises_below_USO":0,"Shape_Length":1339.8296452306624,"Shape_Area":79883.75236412857,"in_cw":false,"whole_in_zone":true},"geometry":{"type":"MultiPolygon","coordinates":[[[[-0.065549,51.514826],[-0.065465,51.51396],[-0.065846,51.513184],[-0.065422,51.513306],[-0.065338,51.512997],[-0.066037,51.512935],[-0.06673,51.512831],[-0.06667,51.512565],[-0.067016,51.512521],[-0.067587,51.512306],[-0.06763,51.512543],[-0.068682,51.512665],[-0.070019,51.513171],[-0.070367,51.514029],[-0.070675,51.513912],[-0.071276,51.514713],[-0.070886,51.514856],[-0.069623,51.514436],[-0.069171,51.51502],[-0.067057,51.514905],[-0.066429,51.514843],[-0.065549,51.514826]]]]}},
{"type":"Feature","properties":{"layer":"London_LSOAs_Generalised_inc_Attributes_Rev_20220331","id":4684,"OBJECTID_12":4684,"OBJECTID":31942,"LSOA11CD":"E01032767","LSOA11NM":"Tower Hamlets 021F","IUCN_2018_GRP_CD":2,"IUCN_2018_GRP_LABEL":"e-Professionals","Local_Authority_Name":"Tower Hamlets","Paper_First":"No","HTC_digital":1,"HTC_willingness":5,"Online_share_of_returns":0.996,"Paper_share_of_returns":0.004,"Age_65_plus_number_mid2020":52,"Age_65_plus_PC_mid2020":1.6,"Age_75_plus_number_mid2020":30,"Age_75_plus_PC_mid2020":0.9,"IMD_2019_Rank":22328,"IMD_2019_Decile":7,"IDAOPI_2019_Rank":5599,"IDAOPI_2019_Decile":2,"Premises_Unable_30mbps_Ofcom":183,"Premises_below_USO":0,"Shape_Length":1812.7105507480474,"Shape_Area":133661.87589587053,"in_cw":false,"whole_in_zone":true},"geometry":{"type":"MultiPolygon","coordinates":[[[[-0.07192,51.515205],[-0.071613,51.514584],[-0.071276,51.514713],[-0.070675,51.513912],[-0.070367,51.514029],[-0.070019,51.513171],[-0.068682,51.512665],[-0.06763,51.512543],[-0.067587,51.512306],[-0.067016,51.512521],[-0.06667,51.512565],[-0.066291,51.51161],[-0.066903,51.511773],[-0.066854,51.511185],[-0.06739,51.511147],[-0.068585,51.511064],[-0.06888,51.511044],[-0.071046,51.510912],[-0.072738,51.510806],[-0.073165,51.512572],[-0.073421,51.513549],[-0.073943,51.514454],[-0.072799,51.514875],[-0.07192,51.515205]]]]}},
{"type":"Feature","properties":{"layer":"London_LSOAs_Generalised_inc_Attributes_Rev_20220331","id":4685,"OBJECTID_12":4685,"OBJECTID":31943,"LSOA11CD":"E01032768","LSOA11NM":"Tower Hamlets 025E","IUCN_2018_GRP_CD":2,"IUCN_2018_GRP_LABEL":"e-Professionals","Local_Authority_Name":"Tower Hamlets","Paper_First":"No","HTC_digital":1,"HTC_willingness":3,"Online_share_of_returns":0.997,"Paper_share_of_returns":0.003,"Age_65_plus_number_mid2020":71,"Age_65_plus_PC_mid2020":3.7,"Age_75_plus_number_mid2020":41,"Age_75_plus_PC_mid2020":2.1,"IMD_2019_Rank":21107,"IMD_2019_Decile":7,"IDAOPI_2019_Rank":18362,"IDAOPI_2019_Decile":6,"Premises_Unable_30mbps_Ofcom":101,"Premises_below_USO":0,"Shape_Length":1212.9233052096222,"Shape_Area":70286.41248986228,"in_cw":false,"whole_in_zone":true},"geometry":{"type":"MultiPolygon","coordinates":[[[[-0.036852,51.509979],[-0.037812,51.509471],[-0.039602,51.509726],[-0.039599,51.509888],[-0.039709,51.510894],[-0.039248,51.51108],[-0.039228,51.511214],[-0.038379,51.51158],[-0.039065,51.512176],[-0.03875,51.512691],[-0.037538,51.512643],[-0.036429,51.512597],[-0.03674,51.511751],[-0.034866,51.511334],[-0.036022,51.510573],[-0.036225,51.510423],[-0.036852,51.509979]]]]}},
{"type":"Feature","properties":{"layer":"London_LSOAs_Generalised_inc_Attributes_Rev_20220331","id":4686,"OBJECTID_12":4686,"OBJECTID":31944,"LSOA11CD":"E01032769","LSOA11NM":"Tower Hamlets 025F","IUCN_2018_GRP_CD":2,"IUCN_2018_GRP_LABEL":"e-Professionals","Local_Authority_Name":"Tower Hamlets","Paper_First":"No","HTC_digital":1,"HTC_willingness":4,"Online_share_of_returns":0.995,"Paper_share_of_returns":0.005,"Age_65_plus_number_mid2020":88,"Age_65_plus_PC_mid2020":5.5,"Age_75_plus_number_mid2020":31,"Age_75_plus_PC_mid2020":1.9,"IMD_2019_Rank":16124,"IMD_2019_Decile":5,"IDAOPI_2019_Rank":3393,"IDAOPI_2019_Decile":2,"Premises_Unable_30mbps_Ofcom":143,"Premises_below_USO":0,"Shape_Length":1825.31935235303,"Shape_Area":104749.63670417236,"in_cw":false,"whole_in_zone":true},"geometry":{"type":"MultiPolygon","coordinates":[[[[-0.039599,51.509888],[-0.039602,51.509726],[-0.041666,51.509782],[-0.044593,51.509549],[-0.045228,51.50952],[-0.045435,51.510302],[-0.043227,51.510596],[-0.042231,51.510734],[-0.042072,51.510749],[-0.042084,51.511487],[-0.0429,51.511599],[-0.043,51.512458],[-0.043679,51.512472],[-0.043683,51.513173],[-0.041207,51.512846],[-0.03875,51.512691],[-0.039065,51.512176],[-0.038379,51.51158],[-0.039228,51.511214],[-0.039248,51.51108],[-0.039709,51.510894],[-0.039599,51.509888]]]]}},
{"type":"Feature","properties":{"layer":"London_LSOAs_Generalised_inc_Attributes_Rev_20220331","id":4687,"OBJECTID_12":4687,"OBJECTID":31945,"LSOA11CD":"E01032770","LSOA11NM":"Tower Hamlets 032B","IUCN_2018_GRP_CD":2,"IUCN_2018_GRP_LABEL":"e-Professionals","Local_Authority_Name":"Tower Hamlets","Paper_First":"No","HTC_digital":4,"HTC_willingness":4,"Online_share_of_returns":0.983,"Paper_share_of_returns":0.017,"Age_65_plus_number_mid2020":95,"Age_65_plus_PC_mid2020":4.2,"Age_75_plus_number_mid2020":53,"Age_75_plus_PC_mid2020":2.3,"IMD_2019_Rank":17320,"IMD_2019_Decile":6,"IDAOPI_2019_Rank":639,"IDAOPI_2019_Decile":1,"Premises_Unable_30mbps_Ofcom":3,"Premises_below_USO":0,"Shape_Length":1487.542900129381,"Shape_Area":43909.85005136797,"in_cw":true,"whole_in_zone":true},"geometry":{"type":"MultiPolygon","coordinates":[[[[-0.018792,51.498919],[-0.018888,51.498381],[-0.020645,51.498514],[-0.021306,51.497902],[-0.021466,51.497779],[-0.021578,51.497261],[-0.021576,51.496951],[-0.022781,51.496638],[-0.023026,51.496913],[-0.024338,51.49689],[-0.024256,51.49722],[-0.023088,51.497369],[-0.022828,51.497149],[-0.02285,51.497472],[-0.024629,51.497499],[-0.024683,51.497695],[-0.024483,51.498083],[-0.024295,51.498166],[-0.02329,51.497828],[-0.023245,51.498684],[-0.022895,51.498471],[-0.021363,51.498803],[-0.019755,51.498985],[-0.019381,51.498959],[-0.018792,51.498919]]]]}},
{"type":"Feature","properties":{"layer":"London_LSOAs_Generalised_inc_Attributes_Rev_20220331","id":4688,"OBJECTID_12":4688,"OBJECTID":31946,"LSOA11CD":"E01032771","LSOA11NM":"Tower Hamlets 033B","IUCN_2018_GRP_CD":2,"IUCN_2018_GRP_LABEL":"e-Professionals","Local_Authority_Name":"Tower Hamlets","Paper_First":"No","HTC_digital":1,"HTC_willingness":3,"Online_share_of_returns":0.996,"Paper_share_of_returns":0.004,"Age_65_plus_number_mid2020":75,"Age_65_plus_PC_mid2020":4,"Age_75_plus_number_mid2020":19,"Age_75_plus_PC_mid2020":1,"IMD_2019_Rank":20860,"IMD_2019_Decile":7,"IDAOPI_2019_Rank":7234,"IDAOPI_2019_Decile":3,"Premises_Unable_30mbps_Ofcom":94,"Premises_below_USO":0,"Shape_Length":3562.0495429301195,"Shape_Area":353143.95189857896,"in_cw":true,"whole_in_zone":true},"geometry":{"type":"MultiPolygon","coordinates":[[[[-0.013497,51.503813],[-0.013806,51.502747],[-0.014762,51.502839],[-0.015362,51.501916],[-0.016161,51.500167],[-0.016524,51.499968],[-0.016691,51.498526],[-0.016814,51.498562],[-0.018738,51.499259],[-0.018638,51.499839],[-0.018036,51.499804],[-0.017839,51.50034],[-0.018896,51.50044],[-0.020872,51.500798],[-0.020978,51.500161],[-0.021552,51.500181],[-0.021771,51.499388],[-0.02249,51.499896],[-0.022959,51.499946],[-0.022982,51.500533],[-0.024389,51.500528],[-0.023274,51.501348],[-0.02237,51.501129],[-0.021872,51.501349],[-0.021444,51.502666],[-0.024607,51.502994],[-0.025171,51.503059],[-0.025556,51.503763],[-0.025846,51.504815],[-0.024011,51.505086],[-0.023927,51.50536],[-0.023239,51.505703],[-0.021188,51.505479],[-0.018463,51.505181],[-0.018421,51.504812],[-0.017055,51.504677],[-0.015058,51.50445],[-0.015124,51.503999],[-0.013497,51.503813]]]]}},
{"type":"Feature","properties":{"layer":"London_LSOAs_Generalised_inc_Attributes_Rev_20220331","id":4689,"OBJECTID_12":4689,"OBJECTID":31947,"LSOA11CD":"E01032772","LSOA11NM":"Tower Hamlets 032C","IUCN_2018_GRP_CD":4,"IUCN_2018_GRP_LABEL":"Youthful Urban Fringe","Local_Authority_Name":"Tower Hamlets","Paper_First":"No","HTC_digital":1,"HTC_willingness":4,"Online_share_of_returns":0.987,"Paper_share_of_returns":0.013000000000000001,"Age_65_plus_number_mid2020":84,"Age_65_plus_PC_mid2020":4.4,"Age_75_plus_number_mid2020":37,"Age_75_plus_PC_mid2020":2,"IMD_2019_Rank":11466,"IMD_2019_Decile":4,"IDAOPI_2019_Rank":233,"IDAOPI_2019_Decile":1,"Premises_Unable_30mbps_Ofcom":14,"Premises_below_USO":0,"Shape_Length":1779.8971852439847,"Shape_Area":83047.68499558636,"in_cw":true,"whole_in_zone":true},"geometry":{"type":"MultiPolygon","coordinates":[[[[-0.017839,51.50034],[-0.018036,51.499804],[-0.018638,51.499839],[-0.018738,51.499259],[-0.019417,51.499311],[-0.019381,51.498959],[-0.019755,51.498985],[-0.021363,51.498803],[-0.022895,51.498471],[-0.023245,51.498684],[-0.02329,51.497828],[-0.024295,51.498166],[-0.024202,51.498788],[-0.024805,51.498786],[-0.024772,51.499509],[-0.025432,51.499754],[-0.025138,51.500078],[-0.024923,51.500523],[-0.024389,51.500528],[-0.022982,51.500533],[-0.022959,51.499946],[-0.02249,51.499896],[-0.021771,51.499388],[-0.021552,51.500181],[-0.020978,51.500161],[-0.020872,51.500798],[-0.018896,51.50044],[-0.017839,51.50034]]]]}},
{"type":"Feature","properties":{"layer":"London_LSOAs_Generalised_inc_Attributes_Rev_20220331","id":4690,"OBJECTID_12":4690,"OBJECTID":31948,"LSOA11CD":"E01032773","LSOA11NM":"Tower Hamlets 032D","IUCN_2018_GRP_CD":2,"IUCN_2018_GRP_LABEL":"e-Professionals","Local_Authority_Name":"Tower Hamlets","Paper_First":"No","HTC_digital":2,"HTC_willingness":4,"Online_share_of_returns":0.9940000000000001,"Paper_share_of_returns":0.006,"Age_65_plus_number_mid2020":95,"Age_65_plus_PC_mid2020":2.6,"Age_75_plus_number_mid2020":33,"Age_75_plus_PC_mid2020":0.9,"IMD_2019_Rank":19572,"IMD_2019_Decile":6,"IDAOPI_2019_Rank":6987,"IDAOPI_2019_Decile":3,"Premises_Unable_30mbps_Ofcom":4,"Premises_below_USO":0,"Shape_Length":1048.4715129556482,"Shape_Area":32872.88119804754,"in_cw":true,"whole_in_zone":true},"geometry":{"type":"MultiPolygon","coordinates":[[[[-0.016814,51.498562],[-0.01893,51.498029],[-0.019109,51.496962],[-0.019566,51.497156],[-0.021103,51.497214],[-0.021306,51.497902],[-0.020645,51.498514],[-0.018888,51.498381],[-0.018792,51.498919],[-0.019381,51.498959],[-0.019417,51.499311],[-0.018738,51.499259],[-0.016814,51.498562]]]]}},
{"type":"Feature","properties":{"layer":"London_LSOAs_Generalised_inc_Attributes_Rev_20220331","id":4691,"OBJECTID_12":4691,"OBJECTID":31949,"LSOA11CD":"E01032774","LSOA11NM":"Tower Hamlets 032E","IUCN_2018_GRP_CD":4,"IUCN_2018_GRP_LABEL":"Youthful Urban Fringe","Local_Authority_Name":"Tower Hamlets","Paper_First":"No","HTC_digital":2,"HTC_willingness":3,"Online_share_of_returns":0.986,"Paper_share_of_returns":0.013999999999999999,"Age_65_plus_number_mid2020":86,"Age_65_plus_PC_mid2020":5.2,"Age_75_plus_number_mid2020":38,"Age_75_plus_PC_mid2020":2.3,"IMD_2019_Rank":7916,"IMD_2019_Decile":3,"IDAOPI_2019_Rank":449,"IDAOPI_2019_Decile":1,"Premises_Unable_30mbps_Ofcom":6,"Premises_below_USO":0,"Shape_Length":2486.780438307668,"Shape_Area":205340.07739453495,"in_cw":true,"whole_in_zone":true},"geometry":{"type":"MultiPolygon","coordinates":[[[[-0.016869,51.496989],[-0.017111,51.49511],[-0.017276,51.493904],[-0.017669,51.49289],[-0.018063,51.492902],[-0.02076,51.493305],[-0.022485,51.493411],[-0.023665,51.493496],[-0.024378,51.493565],[-0.024134,51.494447],[-0.024701,51.494537],[-0.023907,51.494914],[-0.02398,51.495562],[-0.02142,51.495605],[-0.021444,51.49642],[-0.022778,51.496387],[-0.022781,51.496638],[-0.021576,51.496951],[-0.021578,51.497261],[-0.021466,51.497779],[-0.021306,51.497902],[-0.021103,51.497214],[-0.019566,51.497156],[-0.019109,51.496962],[-0.01893,51.498029],[-0.016814,51.498562],[-0.016691,51.498526],[-0.016849,51.497167],[-0.016869,51.496989]]]]}},
{"type":"Feature","properties":{"layer":"London_LSOAs_Generalised_inc_Attributes_Rev_20220331","id":4692,"OBJECTID_12":4692,"OBJECTID":31950,"LSOA11CD":"E01032775","LSOA11NM":"Tower Hamlets 031F","IUCN_2018_GRP_CD":2,"IUCN_2018_GRP_LABEL":"e-Professionals","Local_Authority_Name":"Tower Hamlets","Paper_First":"Yes","HTC_digital":4,"HTC_willingness":3,"Online_share_of_returns":0.8220000000000001,"Paper_share_of_returns":0.17800000000000002,"Age_65_plus_number_mid2020":84,"Age_65_plus_PC_mid2020":6,"Age_75_plus_number_mid2020":27,"Age_75_plus_PC_mid2020":1.9,"IMD_2019_Rank":25292,"IMD_2019_Decile":8,"IDAOPI_2019_Rank":15382,"IDAOPI_2019_Decile":5,"Premises_Unable_30mbps_Ofcom":0,"Premises_below_USO":0,"Shape_Length":1336.6010832549553,"Shape_Area":32962.62773215604,"in_cw":false,"whole_in_zone":true},"geometry":{"type":"MultiPolygon","coordinates":[[[[-0.024281,51.490859],[-0.025449,51.490363],[-0.026366,51.491703],[-0.026397,51.491764],[-0.027105,51.493112],[-0.027399,51.493771],[-0.027032,51.493861],[-0.026302,51.493871],[-0.026303,51.493141],[-0.026303,51.492543],[-0.025701,51.492225],[-0.025161,51.491539],[-0.024281,51.490859]]],[[[-0.026589,51.494911],[-0.027017,51.494175],[-0.027786,51.494346],[-0.027807,51.495464],[-0.026589,51.494911]]]]}},
{"type":"Feature","properties":{"layer":"London_LSOAs_Generalised_inc_Attributes_Rev_20220331","id":4693,"OBJECTID_12":4693,"OBJECTID":31951,"LSOA11CD":"E01032776","LSOA11NM":"Tower Hamlets 028E","IUCN_2018_GRP_CD":2,"IUCN_2018_GRP_LABEL":"e-Professionals","Local_Authority_Name":"Tower Hamlets","Paper_First":"No","HTC_digital":3,"HTC_willingness":4,"Online_share_of_returns":0.992,"Paper_share_of_returns":0.008,"Age_65_plus_number_mid2020":54,"Age_65_plus_PC_mid2020":1.8,"Age_75_plus_number_mid2020":25,"Age_75_plus_PC_mid2020":0.8,"IMD_2019_Rank":24799,"IMD_2019_Decile":8,"IDAOPI_2019_Rank":14430,"IDAOPI_2019_Decile":5,"Premises_Unable_30mbps_Ofcom":4,"Premises_below_USO":0,"Shape_Length":1516.2697330218364,"Shape_Area":81363.1400218126,"in_cw":true,"whole_in_zone":true},"geometry":{"type":"MultiPolygon","coordinates":[[[[-0.002869,51.509219],[-0.002376,51.5083],[-0.001482,51.508467],[-0.001226,51.508463],[-0.001098,51.508203],[-0.000894,51.507878],[0.000238,51.508065],[0.000391,51.507791],[-0.002046,51.507343],[-0.003624,51.506337],[-0.003892,51.506558],[-0.004852,51.506472],[-0.004705,51.505977],[-0.005459,51.505962],[-0.005582,51.506045],[-0.006218,51.506089],[-0.007174,51.507301],[-0.005661,51.507641],[-0.005278,51.507853],[-0.005359,51.507927],[-0.005428,51.508],[-0.003463,51.509169],[-0.002869,51.509219]]]]}},
{"type":"Feature","properties":{"layer":"London_LSOAs_Generalised_inc_Attributes_Rev_20220331","id":4694,"OBJECTID_12":4694,"OBJECTID":31952,"LSOA11CD":"E01032777","LSOA11NM":"Tower Hamlets 028F","IUCN_2018_GRP_CD":2,"IUCN_2018_GRP_LABEL":"e-Professionals","Local_Authority_Name":"Tower Hamlets","Paper_First":"No","HTC_digital":2,"HTC_willingness":4,"Online_share_of_returns":0.986,"Paper_share_of_returns":0.013999999999999999,"Age_65_plus_number_mid2020":57,"Age_65_plus_PC_mid2020":3.4,"Age_75_plus_number_mid2020":27,"Age_75_plus_PC_mid2020":1.6,"IMD_2019_Rank":15657,"IMD_2019_Decile":5,"IDAOPI_2019_Rank":7778,"IDAOPI_2019_Decile":3,"Premises_Unable_30mbps_Ofcom":54,"Premises_below_USO":0,"Shape_Length":1893.0670322122362,"Shape_Area":113420.31864128498,"in_cw":true,"whole_in_zone":true},"geometry":{"type":"MultiPolygon","coordinates":[[[[-0.001726,51.510364],[-0.0006,51.509626],[-0.000551,51.509605],[0.000342,51.508752],[0.000235,51.508417],[-0.001098,51.508203],[-0.001226,51.508463],[-0.001482,51.508467],[-0.002376,51.5083],[-0.002869,51.509219],[-0.003463,51.509169],[-0.005428,51.508],[-0.006409,51.508915],[-0.007641,51.509025],[-0.00767,51.509837],[-0.006866,51.509838],[-0.00705,51.510848],[-0.005431,51.510692],[-0.005497,51.510336],[-0.004118,51.510604],[-0.004436,51.511257],[-0.002895,51.511545],[-0.002522,51.510614],[-0.001726,51.510364]]]]}},
{"type":"Feature","properties":{"layer":"London_LSOAs_Generalised_inc_Attributes_Rev_20220331","id":4695,"OBJECTID_12":4695,"OBJECTID":31953,"LSOA11CD":"E01032778","LSOA11NM":"Tower Hamlets 028G","IUCN_2018_GRP_CD":2,"IUCN_2018_GRP_LABEL":"e-Professionals","Local_Authority_Name":"Tower Hamlets","Paper_First":"No","HTC_digital":4,"HTC_willingness":4,"Online_share_of_returns":0.9940000000000001,"Paper_share_of_returns":0.006,"Age_65_plus_number_mid2020":82,"Age_65_plus_PC_mid2020":2.4,"Age_75_plus_number_mid2020":33,"Age_75_plus_PC_mid2020":1,"IMD_2019_Rank":16614,"IMD_2019_Decile":6,"IDAOPI_2019_Rank":19788,"IDAOPI_2019_Decile":7,"Premises_Unable_30mbps_Ofcom":158,"Premises_below_USO":0,"Shape_Length":4157.047525308445,"Shape_Area":312575.6898738763,"in_cw":false,"whole_in_zone":true},"geometry":{"type":"MultiPolygon","coordinates":[[[[0.003654,51.51454],[0.001714,51.510964],[0.002108,51.510545],[0.002911,51.510385],[0.004423,51.510621],[0.005606,51.513596],[0.006193,51.513918],[0.006837,51.513817],[0.007384,51.512656],[0.005587,51.510018],[0.006408,51.509357],[0.008958,51.508851],[0.00923,51.508314],[0.008784,51.507318],[0.005861,51.5082],[0.003949,51.508365],[0.003457,51.507983],[0.003129,51.508226],[0.000391,51.507791],[0.000238,51.508065],[-0.000894,51.507878],[-0.001098,51.508203],[0.000235,51.508417],[0.000342,51.508752],[-0.000551,51.509605],[-0.0006,51.509626],[-0.001726,51.510364],[-0.002522,51.510614],[-0.002895,51.511545],[-0.004436,51.511257],[-0.004646,51.511728],[-0.004293,51.512056],[-0.003335,51.512232],[-0.002594,51.512368],[-0.000671,51.512735],[0.000463,51.51312],[0.003654,51.51454]]]]}},
{"type":"Feature","properties":{"layer":"London_LSOAs_Generalised_inc_Attributes_Rev_20220331","id":4696,"OBJECTID_12":4696,"OBJECTID":31954,"LSOA11CD":"E01032779","LSOA11NM":"Tower Hamlets 028H","IUCN_2018_GRP_CD":2,"IUCN_2018_GRP_LABEL":"e-Professionals","Local_Authority_Name":"Tower Hamlets","Paper_First":"No","HTC_digital":2,"HTC_willingness":4,"Online_share_of_returns":0.988,"Paper_share_of_returns":0.012,"Age_65_plus_number_mid2020":71,"Age_65_plus_PC_mid2020":3.5,"Age_75_plus_number_mid2020":23,"Age_75_plus_PC_mid2020":1.1,"IMD_2019_Rank":16738,"IMD_2019_Decile":6,"IDAOPI_2019_Rank":16408,"IDAOPI_2019_Decile":5,"Premises_Unable_30mbps_Ofcom":0,"Premises_below_USO":0,"Shape_Length":1013.4619550973553,"Shape_Area":27359.59441458034,"in_cw":true,"whole_in_zone":true},"geometry":{"type":"MultiPolygon","coordinates":[[[[-0.003624,51.506337],[-0.004357,51.505784],[-0.005408,51.505028],[-0.00571,51.505204],[-0.005875,51.504433],[-0.006335,51.504103],[-0.007269,51.505114],[-0.007426,51.505157],[-0.0075,51.505993],[-0.006832,51.505451],[-0.006584,51.505588],[-0.006218,51.506089],[-0.005582,51.506045],[-0.005459,51.505962],[-0.004705,51.505977],[-0.004852,51.506472],[-0.003892,51.506558],[-0.003624,51.506337]]]]}},
{"type":"Feature","properties":{"layer":"London_LSOAs_Generalised_inc_Attributes_Rev_20220331","id":4697,"OBJECTID_12":4697,"OBJECTID":31955,"LSOA11CD":"E01032780","LSOA11NM":"Tower Hamlets 028I","IUCN_2018_GRP_CD":2,"IUCN_2018_GRP_LABEL":"e-Professionals","Local_Authority_Name":"Tower Hamlets","Paper_First":"No","HTC_digital":2,"HTC_willingness":4,"Online_share_of_returns":0.995,"Paper_share_of_returns":0.005,"Age_65_plus_number_mid2020":91,"Age_65_plus_PC_mid2020":4.8,"Age_75_plus_number_mid2020":47,"Age_75_plus_PC_mid2020":2.5,"IMD_2019_Rank":17778,"IMD_2019_Decile":6,"IDAOPI_2019_Rank":8460,"IDAOPI_2019_Decile":3,"Premises_Unable_30mbps_Ofcom":9,"Premises_below_USO":0,"Shape_Length":3456.128343012608,"Shape_Area":353051.9382447477,"in_cw":true,"whole_in_zone":true},"geometry":{"type":"MultiPolygon","coordinates":[[[[-0.007174,51.507301],[-0.006218,51.506089],[-0.006584,51.505588],[-0.006832,51.505451],[-0.0075,51.505993],[-0.007426,51.505157],[-0.007269,51.505114],[-0.008714,51.501717],[-0.010271,51.501367],[-0.010576,51.499661],[-0.013394,51.499825],[-0.016161,51.500167],[-0.015362,51.501916],[-0.014762,51.502839],[-0.013806,51.502747],[-0.013497,51.503813],[-0.015124,51.503999],[-0.015058,51.50445],[-0.01488,51.504887],[-0.012391,51.504687],[-0.013129,51.50499],[-0.012892,51.505925],[-0.013298,51.50597],[-0.012314,51.506604],[-0.012122,51.507309],[-0.010886,51.507384],[-0.008163,51.507093],[-0.00747,51.507441],[-0.007584,51.507803],[-0.005278,51.507853],[-0.005661,51.507641],[-0.007174,51.507301]]]]}},
{"type":"Feature","properties":{"layer":"London_LSOAs_Generalised_inc_Attributes_Rev_20220331","id":4698,"OBJECTID_12":4698,"OBJECTID":31956,"LSOA11CD":"E01032781","LSOA11NM":"Tower Hamlets 033C","IUCN_2018_GRP_CD":2,"IUCN_2018_GRP_LABEL":"e-Professionals","Local_Authority_Name":"Tower Hamlets","Paper_First":"No","HTC_digital":1,"HTC_willingness":3,"Online_share_of_returns":0.993,"Paper_share_of_returns":0.006999999999999999,"Age_65_plus_number_mid2020":120,"Age_65_plus_PC_mid2020":6.2,"Age_75_plus_number_mid2020":55,"Age_75_plus_PC_mid2020":2.8,"IMD_2019_Rank":21416,"IMD_2019_Decile":7,"IDAOPI_2019_Rank":4771,"IDAOPI_2019_Decile":2,"Premises_Unable_30mbps_Ofcom":30,"Premises_below_USO":0,"Shape_Length":1916.738031476869,"Shape_Area":53074.28413474799,"in_cw":true,"whole_in_zone":true},"geometry":{"type":"MultiPolygon","coordinates":[[[[-0.026487,51.499821],[-0.02665,51.499221],[-0.025969,51.49922],[-0.025894,51.498292],[-0.025329,51.498364],[-0.025432,51.499754],[-0.024772,51.499509],[-0.024805,51.498786],[-0.024202,51.498788],[-0.024295,51.498166],[-0.024483,51.498083],[-0.025864,51.497977],[-0.025885,51.498166],[-0.026317,51.498205],[-0.026173,51.498397],[-0.026912,51.498633],[-0.027234,51.498263],[-0.026718,51.49817],[-0.02664,51.497861],[-0.027454,51.497869],[-0.027468,51.49895],[-0.027437,51.499756],[-0.027442,51.500652],[-0.027414,51.501699],[-0.02682,51.501624],[-0.025953,51.501576],[-0.025374,51.501549],[-0.025091,51.501294],[-0.025413,51.500582],[-0.026043,51.500507],[-0.026009,51.499837],[-0.026487,51.499821]]]]}},
{"type":"Feature","properties":{"layer":"London_LSOAs_Generalised_inc_Attributes_Rev_20220331","id":4699,"OBJECTID_12":4699,"OBJECTID":31957,"LSOA11CD":"E01032782","LSOA11NM":"Tower Hamlets 033D","IUCN_2018_GRP_CD":2,"IUCN_2018_GRP_LABEL":"e-Professionals","Local_Authority_Name":"Tower Hamlets","Paper_First":"No","HTC_digital":1,"HTC_willingness":4,"Online_share_of_returns":0.9890000000000001,"Paper_share_of_returns":0.011000000000000001,"Age_65_plus_number_mid2020":62,"Age_65_plus_PC_mid2020":2.3,"Age_75_plus_number_mid2020":15,"Age_75_plus_PC_mid2020":0.6,"IMD_2019_Rank":14749,"IMD_2019_Decile":5,"IDAOPI_2019_Rank":8460,"IDAOPI_2019_Decile":3,"Premises_Unable_30mbps_Ofcom":31,"Premises_below_USO":0,"Shape_Length":1821.8766146702972,"Shape_Area":75507.13357182126,"in_cw":true,"whole_in_zone":true},"geometry":{"type":"MultiPolygon","coordinates":[[[[-0.021872,51.501349],[-0.02237,51.501129],[-0.023274,51.501348],[-0.024389,51.500528],[-0.024923,51.500523],[-0.025138,51.500078],[-0.025432,51.499754],[-0.025329,51.498364],[-0.025894,51.498292],[-0.025969,51.49922],[-0.02665,51.499221],[-0.026487,51.499821],[-0.026009,51.499837],[-0.026043,51.500507],[-0.025413,51.500582],[-0.025091,51.501294],[-0.025374,51.501549],[-0.025953,51.501576],[-0.025898,51.502185],[-0.025556,51.503763],[-0.025171,51.503059],[-0.024607,51.502994],[-0.021444,51.502666],[-0.021872,51.501349]]]]}},
{"type":"Feature","properties":{"layer":"London_LSOAs_Generalised_inc_Attributes_Rev_20220331","id":4700,"OBJECTID_12":4700,"OBJECTID":31958,"LSOA11CD":"E01032783","LSOA11NM":"Tower Hamlets 031G","IUCN_2018_GRP_CD":2,"IUCN_2018_GRP_LABEL":"e-Professionals","Local_Authority_Name":"Tower Hamlets","Paper_First":"No","HTC_digital":2,"HTC_willingness":4,"Online_share_of_returns":0.972,"Paper_share_of_returns":0.027999999999999997,"Age_65_plus_number_mid2020":146,"Age_65_plus_PC_mid2020":9,"Age_75_plus_number_mid2020":57,"Age_75_plus_PC_mid2020":3.5,"IMD_2019_Rank":16421,"IMD_2019_Decile":5,"IDAOPI_2019_Rank":334,"IDAOPI_2019_Decile":1,"Premises_Unable_30mbps_Ofcom":21,"Premises_below_USO":0,"Shape_Length":2176.6426567185904,"Shape_Area":82189.62899331114,"in_cw":false,"whole_in_zone":true},"geometry":{"type":"MultiPolygon","coordinates":[[[[-0.02374,51.491195],[-0.022278,51.490033],[-0.023131,51.4896],[-0.023625,51.490068],[-0.023906,51.48974],[-0.023564,51.489402],[-0.022558,51.489096],[-0.022949,51.488431],[-0.021573,51.487673],[-0.021656,51.487611],[-0.024101,51.489134],[-0.025449,51.490363],[-0.024281,51.490859],[-0.025161,51.491539],[-0.025701,51.492225],[-0.026303,51.492543],[-0.024875,51.493238],[-0.024623,51.493995],[-0.024378,51.493565],[-0.023665,51.493496],[-0.022485,51.493411],[-0.021895,51.492859],[-0.022518,51.4923],[-0.022437,51.491999],[-0.023342,51.491732],[-0.022909,51.491557],[-0.02374,51.491195]]]]}},
{"type":"Feature","properties":{"layer":"London_LSOAs_Generalised_inc_Attributes_Rev_20220331","id":4704,"OBJECTID_12":4704,"OBJECTID":31962,"LSOA11CD":"E01032787","LSOA11NM":"Tower Hamlets 011F","IUCN_2018_GRP_CD":7,"IUCN_2018_GRP_LABEL":"Passive and Uncommitted Users","Local_Authority_Name":"Tower Hamlets","Paper_First":"No","HTC_digital":2,"HTC_willingness":4,"Online_share_of_returns":0.963,"Paper_share_of_returns":0.037000000000000005,"Age_65_plus_number_mid2020":150,"Age_65_plus_PC_mid2020":5.8,"Age_75_plus_number_mid2020":58,"Age_75_plus_PC_mid2020":2.2,"IMD_2019_Rank":6192,"IMD_2019_Decile":2,"IDAOPI_2019_Rank":432,"IDAOPI_2019_Decile":1,"Premises_Unable_30mbps_Ofcom":14,"Premises_below_USO":0,"Shape_Length":1924.0066030122807,"Shape_Area":107729.71172845825,"in_cw":false,"whole_in_zone":false},"geometry":{"type":"MultiPolygon","coordinates":[[[[-0.050711,51.527101],[-0.049141,51.525093],[-0.048917,51.524886],[-0.049436,51.524518],[-0.049025,51.524131],[-0.050732,51.523624],[-0.051589,51.523124],[-0.052917,51.522822],[-0.054312,51.522798],[-0.054505,51.523719],[-0.053993,51.523487],[-0.053981,51.523132],[-0.053066,51.523161],[-0.053077,51.523387],[-0.053208,51.52436],[-0.053073,51.524737],[-0.053045,51.524807],[-0.052503,51.52603],[-0.051944,51.526362],[-0.05179,51.526685],[-0.052083,51.527014],[-0.05261,51.526692],[-0.052987,51.52673],[-0.053325,51.527579],[-0.051131,51.5279],[-0.051035,51.527719],[-0.050792,51.527261],[-0.050711,51.527101]]]]}},
{"type":"Feature","properties":{"layer":"London_LSOAs_Generalised_inc_Attributes_Rev_20220331","id":4708,"OBJECTID_12":4708,"OBJECTID":31974,"LSOA11CD":"E01032803","LSOA11NM":"Southwark 003J","IUCN_2018_GRP_CD":2,"IUCN_2018_GRP_LABEL":"e-Professionals","Local_Authority_Name":"Southwark","Paper_First":"No","HTC_digital":1,"HTC_willingness":4,"Online_share_of_returns":0.987,"Paper_share_of_returns":0.013000000000000001,"Age_65_plus_number_mid2020":47,"Age_65_plus_PC_mid2020":3.2,"Age_75_plus_number_mid2020":24,"Age_75_plus_PC_mid2020":1.7,"IMD_2019_Rank":17880,"IMD_2019_Decile":6,"IDAOPI_2019_Rank":242,"IDAOPI_2019_Decile":1,"Premises_Unable_30mbps_Ofcom":82,"Premises_below_USO":0,"Shape_Length":1228.9792406199947,"Shape_Area":61220.234832934526,"in_cw":false,"whole_in_zone":true},"geometry":{"type":"MultiPolygon","coordinates":[[[[-0.085527,51.501035],[-0.08537,51.500762],[-0.085041,51.500767],[-0.083753,51.500788],[-0.082957,51.500937],[-0.083275,51.500399],[-0.082152,51.50044],[-0.082156,51.499781],[-0.081445,51.499763],[-0.08126,51.4993],[-0.081227,51.499223],[-0.082448,51.498689],[-0.082901,51.498179],[-0.084436,51.498647],[-0.084682,51.498744],[-0.085772,51.499229],[-0.085376,51.499699],[-0.085176,51.500338],[-0.086094,51.500447],[-0.086101,51.501019],[-0.085527,51.501035]]]]}},
{"type":"Feature","properties":{"layer":"London_LSOAs_Generalised_inc_Attributes_Rev_20220331","id":4709,"OBJECTID_12":4709,"OBJECTID":31975,"LSOA11CD":"E01032805","LSOA11NM":"Southwark 022F","IUCN_2018_GRP_CD":4,"IUCN_2018_GRP_LABEL":"Youthful Urban Fringe","Local_Authority_Name":"Southwark","Paper_First":"No","HTC_digital":1,"HTC_willingness":4,"Online_share_of_returns":0.963,"Paper_share_of_returns":0.037000000000000005,"Age_65_plus_number_mid2020":243,"Age_65_plus_PC_mid2020":9,"Age_75_plus_number_mid2020":103,"Age_75_plus_PC_mid2020":3.8,"IMD_2019_Rank":4985,"IMD_2019_Decile":2,"IDAOPI_2019_Rank":1849,"IDAOPI_2019_Decile":1,"Premises_Unable_30mbps_Ofcom":67,"Premises_below_USO":0,"Shape_Length":2126.078808261648,"Shape_Area":174860.9028269204,"in_cw":false,"whole_in_zone":true},"geometry":{"type":"MultiPolygon","coordinates":[[[[-0.061597,51.477557],[-0.061086,51.477005],[-0.060987,51.476658],[-0.06098,51.476578],[-0.061022,51.47623],[-0.060473,51.475671],[-0.060783,51.475319],[-0.060387,51.475249],[-0.060643,51.473937],[-0.061905,51.474009],[-0.063851,51.474013],[-0.064665,51.473981],[-0.065848,51.473983],[-0.065746,51.475571],[-0.064733,51.475692],[-0.065402,51.476011],[-0.065051,51.477253],[-0.066585,51.477209],[-0.066665,51.477419],[-0.065361,51.477495],[-0.066341,51.477652],[-0.066625,51.47851],[-0.065369,51.478701],[-0.064908,51.478771],[-0.063047,51.479251],[-0.062576,51.478746],[-0.061597,51.477557]]]]}},
{"type":"Feature","properties":{"layer":"London_LSOAs_Generalised_inc_Attributes_Rev_20220331","id":4710,"OBJECTID_12":4710,"OBJECTID":32003,"LSOA11CD":"E01032834","LSOA11NM":"Southwark 003K","IUCN_2018_GRP_CD":2,"IUCN_2018_GRP_LABEL":"e-Professionals","Local_Authority_Name":"Southwark","Paper_First":"No","HTC_digital":1,"HTC_willingness":3,"Online_share_of_returns":0.9890000000000001,"Paper_share_of_returns":0.011000000000000001,"Age_65_plus_number_mid2020":118,"Age_65_plus_PC_mid2020":8.5,"Age_75_plus_number_mid2020":34,"Age_75_plus_PC_mid2020":2.4,"IMD_2019_Rank":25667,"IMD_2019_Decile":8,"IDAOPI_2019_Rank":25200,"IDAOPI_2019_Decile":8,"Premises_Unable_30mbps_Ofcom":25,"Premises_below_USO":0,"Shape_Length":1697.4618655093666,"Shape_Area":34141.885458416604,"in_cw":false,"whole_in_zone":true},"geometry":{"type":"MultiPolygon","coordinates":[[[[-0.070464,51.501942],[-0.071401,51.501817],[-0.070792,51.502212],[-0.070335,51.502098],[-0.070464,51.501942]]],[[[-0.071206,51.502789],[-0.070834,51.502517],[-0.071679,51.502037],[-0.071945,51.50178],[-0.073075,51.500871],[-0.073514,51.500464],[-0.072547,51.501047],[-0.07206,51.501298],[-0.071767,51.500896],[-0.070896,51.500507],[-0.072514,51.500058],[-0.073907,51.500495],[-0.073794,51.500644],[-0.073308,51.501092],[-0.072468,51.50173],[-0.072423,51.501881],[-0.071827,51.502681],[-0.073187,51.502524],[-0.07372,51.502721],[-0.073274,51.503105],[-0.073113,51.50328],[-0.073053,51.503579],[-0.071206,51.502789]]]]}},
{"type":"Feature","properties":{"layer":"London_LSOAs_Generalised_inc_Attributes_Rev_20220331","id":4736,"OBJECTID_12":4736,"OBJECTID":32441,"LSOA11CD":"E01033324","LSOA11NM":"Lewisham 008E","IUCN_2018_GRP_CD":4,"IUCN_2018_GRP_LABEL":"Youthful Urban Fringe","Local_Authority_Name":"Lewisham","Paper_First":"No","HTC_digital":2,"HTC_willingness":4,"Online_share_of_returns":0.938,"Paper_share_of_returns":0.062,"Age_65_plus_number_mid2020":197,"Age_65_plus_PC_mid2020":12.3,"Age_75_plus_number_mid2020":90,"Age_75_plus_PC_mid2020":5.6,"IMD_2019_Rank":6828,"IMD_2019_Decile":3,"IDAOPI_2019_Rank":1110,"IDAOPI_2019_Decile":1,"Premises_Unable_30mbps_Ofcom":0,"Premises_below_USO":0,"Shape_Length":2808.0257193877574,"Shape_Area":178064.2904451964,"in_cw":false,"whole_in_zone":false},"geometry":{"type":"MultiPolygon","coordinates":[[[[-0.026188,51.473477],[-0.024192,51.472422],[-0.023793,51.472689],[-0.023465,51.472836],[-0.022705,51.472064],[-0.022562,51.471718],[-0.021725,51.470803],[-0.020899,51.470265],[-0.020119,51.470663],[-0.01994,51.4716],[-0.019224,51.471809],[-0.018818,51.471126],[-0.019094,51.469948],[-0.017859,51.469478],[-0.017115,51.469298],[-0.019965,51.468311],[-0.019833,51.468053],[-0.020741,51.468019],[-0.022987,51.469215],[-0.024024,51.469863],[-0.024024,51.469271],[-0.024875,51.468791],[-0.027381,51.469822],[-0.027888,51.469591],[-0.028049,51.469722],[-0.02655,51.470758],[-0.026302,51.470924],[-0.025542,51.471443],[-0.025512,51.471469],[-0.024399,51.472224],[-0.02557,51.472592],[-0.026188,51.473477]]]]}},
{"type":"Feature","properties":{"layer":"London_LSOAs_Generalised_inc_Attributes_Rev_20220331","id":4737,"OBJECTID_12":4737,"OBJECTID":32442,"LSOA11CD":"E01033325","LSOA11NM":"Lewisham 008F","IUCN_2018_GRP_CD":2,"IUCN_2018_GRP_LABEL":"e-Professionals","Local_Authority_Name":"Lewisham","Paper_First":"No","HTC_digital":1,"HTC_willingness":3,"Online_share_of_returns":1,"Paper_share_of_returns":0,"Age_65_plus_number_mid2020":46,"Age_65_plus_PC_mid2020":2.8,"Age_75_plus_number_mid2020":23,"Age_75_plus_PC_mid2020":1.4,"IMD_2019_Rank":14504,"IMD_2019_Decile":5,"IDAOPI_2019_Rank":15968,"IDAOPI_2019_Decile":5,"Premises_Unable_30mbps_Ofcom":20,"Premises_below_USO":0,"Shape_Length":1106.9973961558364,"Shape_Area":61714.14961917334,"in_cw":false,"whole_in_zone":false},"geometry":{"type":"MultiPolygon","coordinates":[[[[-0.020119,51.470663],[-0.020899,51.470265],[-0.021725,51.470803],[-0.022562,51.471718],[-0.022705,51.472064],[-0.023465,51.472836],[-0.022795,51.47339],[-0.021879,51.473547],[-0.021682,51.473994],[-0.020959,51.473619],[-0.020816,51.473523],[-0.020711,51.473355],[-0.020334,51.473173],[-0.019953,51.472921],[-0.020254,51.47225],[-0.019276,51.471961],[-0.019244,51.471882],[-0.019224,51.471809],[-0.01994,51.4716],[-0.020119,51.470663]]]]}},
{"type":"Feature","properties":{"layer":"London_LSOAs_Generalised_inc_Attributes_Rev_20220331","id":4762,"OBJECTID_12":4762,"OBJECTID":32650,"LSOA11CD":"E01033574","LSOA11NM":"Newham 034F","IUCN_2018_GRP_CD":2,"IUCN_2018_GRP_LABEL":"e-Professionals","Local_Authority_Name":"Newham","Paper_First":"No","HTC_digital":2,"HTC_willingness":3,"Online_share_of_returns":0.998,"Paper_share_of_returns":0.002,"Age_65_plus_number_mid2020":40,"Age_65_plus_PC_mid2020":2.4,"Age_75_plus_number_mid2020":25,"Age_75_plus_PC_mid2020":1.5,"IMD_2019_Rank":16967,"IMD_2019_Decile":6,"IDAOPI_2019_Rank":8788,"IDAOPI_2019_Decile":3,"Premises_Unable_30mbps_Ofcom":2,"Premises_below_USO":0,"Shape_Length":1721.2504848332396,"Shape_Area":136397.862839942,"in_cw":false,"whole_in_zone":false},"geometry":{"type":"MultiPolygon","coordinates":[[[[0.020746,51.50922],[0.020906,51.508074],[0.02091,51.507769],[0.021849,51.507702],[0.021071,51.505435],[0.020544,51.505424],[0.018818,51.505393],[0.018293,51.505885],[0.016048,51.506018],[0.01544,51.505989],[0.014306,51.506914],[0.014822,51.507351],[0.014258,51.508023],[0.015709,51.508127],[0.016064,51.508393],[0.016597,51.508068],[0.018118,51.508045],[0.018211,51.508399],[0.018837,51.508543],[0.018965,51.508504],[0.020746,51.50922]]]]}},
{"type":"Feature","properties":{"layer":"London_LSOAs_Generalised_inc_Attributes_Rev_20220331","id":4764,"OBJECTID_12":4764,"OBJECTID":32652,"LSOA11CD":"E01033576","LSOA11NM":"Newham 034H","IUCN_2018_GRP_CD":2,"IUCN_2018_GRP_LABEL":"e-Professionals","Local_Authority_Name":"Newham","Paper_First":"No","HTC_digital":2,"HTC_willingness":4,"Online_share_of_returns":0.987,"Paper_share_of_returns":0.013000000000000001,"Age_65_plus_number_mid2020":159,"Age_65_plus_PC_mid2020":4.4,"Age_75_plus_number_mid2020":60,"Age_75_plus_PC_mid2020":1.7,"IMD_2019_Rank":11093,"IMD_2019_Decile":4,"IDAOPI_2019_Rank":2172,"IDAOPI_2019_Decile":1,"Premises_Unable_30mbps_Ofcom":16,"Premises_below_USO":0,"Shape_Length":3992.1143760976934,"Shape_Area":379743.59969213424,"in_cw":false,"whole_in_zone":false},"geometry":{"type":"MultiPolygon","coordinates":[[[[0.008978,51.513474],[0.009768,51.512408],[0.010407,51.512628],[0.011024,51.511811],[0.011601,51.511504],[0.012292,51.512455],[0.012869,51.512423],[0.013424,51.512318],[0.013164,51.511639],[0.013979,51.511499],[0.014072,51.511202],[0.015949,51.510794],[0.016521,51.510426],[0.016183,51.510113],[0.016477,51.50924],[0.017359,51.509391],[0.018925,51.509573],[0.021035,51.509724],[0.020746,51.50922],[0.018965,51.508504],[0.018837,51.508543],[0.018211,51.508399],[0.018118,51.508045],[0.016597,51.508068],[0.016064,51.508393],[0.015709,51.508127],[0.014258,51.508023],[0.014822,51.507351],[0.014306,51.506914],[0.01544,51.505989],[0.015509,51.505941],[0.013422,51.505229],[0.013405,51.504924],[0.01207,51.505242],[0.009708,51.506799],[0.010545,51.508565],[0.00994,51.509139],[0.006571,51.510026],[0.008226,51.512597],[0.007598,51.514049],[0.009074,51.514214],[0.009441,51.513891],[0.008978,51.513474]]]]}},
{"type":"Feature","properties":{"layer":"London_LSOAs_Generalised_inc_Attributes_Rev_20220331","id":4765,"OBJECTID_12":4765,"OBJECTID":32653,"LSOA11CD":"E01033577","LSOA11NM":"Newham 037E","IUCN_2018_GRP_CD":2,"IUCN_2018_GRP_LABEL":"e-Professionals","Local_Authority_Name":"Newham","Paper_First":"No","HTC_digital":3,"HTC_willingness":4,"Online_share_of_returns":0.9890000000000001,"Paper_share_of_returns":0.011000000000000001,"Age_65_plus_number_mid2020":118,"Age_65_plus_PC_mid2020":2.2,"Age_75_plus_number_mid2020":46,"Age_75_plus_PC_mid2020":0.8,"IMD_2019_Rank":15262,"IMD_2019_Decile":5,"IDAOPI_2019_Rank":9734,"IDAOPI_2019_Decile":3,"Premises_Unable_30mbps_Ofcom":159,"Premises_below_USO":0,"Shape_Length":4802.978455966304,"Shape_Area":654998.0123944096,"in_cw":false,"whole_in_zone":false},"geometry":{"type":"MultiPolygon","coordinates":[[[[0.016048,51.506018],[0.017821,51.504889],[0.020604,51.50505],[0.020244,51.504566],[0.020717,51.504679],[0.020762,51.504231],[0.021459,51.504278],[0.021478,51.504023],[0.021867,51.504133],[0.021918,51.504793],[0.022437,51.504799],[0.024125,51.504614],[0.024876,51.504618],[0.024892,51.504211],[0.02577,51.504039],[0.025178,51.504022],[0.024781,51.50349],[0.025332,51.503537],[0.025483,51.503266],[0.024996,51.502539],[0.026373,51.502315],[0.031131,51.502368],[0.031659,51.502031],[0.031674,51.501393],[0.035414,51.500763],[0.036556,51.500291],[0.037249,51.500757],[0.037292,51.500388],[0.037378,51.499813],[0.031595,51.499061],[0.024579,51.49871],[0.024441,51.498307],[0.023689,51.498395],[0.02366,51.498984],[0.021253,51.499157],[0.018354,51.500276],[0.016057,51.501808],[0.015528,51.5026],[0.015208,51.502491],[0.014629,51.503015],[0.0149,51.50322],[0.014543,51.503104],[0.013852,51.5037],[0.013135,51.504418],[0.013405,51.504924],[0.013422,51.505229],[0.015509,51.505941],[0.01544,51.505989],[0.016048,51.506018]]]]}},
{"type":"Feature","properties":{"layer":"London_LSOAs_Generalised_inc_Attributes_Rev_20220331","id":4772,"OBJECTID_12":4772,"OBJECTID":32660,"LSOA11CD":"E01033584","LSOA11NM":"Newham 034I","IUCN_2018_GRP_CD":7,"IUCN_2018_GRP_LABEL":"Passive and Uncommitted Users","Local_Authority_Name":"Newham","Paper_First":"No","HTC_digital":2,"HTC_willingness":3,"Online_share_of_returns":0.9670000000000001,"Paper_share_of_returns":0.033,"Age_65_plus_number_mid2020":149,"Age_65_plus_PC_mid2020":9.8,"Age_75_plus_number_mid2020":68,"Age_75_plus_PC_mid2020":4.5,"IMD_2019_Rank":3844,"IMD_2019_Decile":2,"IDAOPI_2019_Rank":848,"IDAOPI_2019_Decile":1,"Premises_Unable_30mbps_Ofcom":0,"Premises_below_USO":0,"Shape_Length":2366.312561019633,"Shape_Area":149441.55874393095,"in_cw":false,"whole_in_zone":false},"geometry":{"type":"MultiPolygon","coordinates":[[[[0.021601,51.513574],[0.020348,51.512269],[0.02204,51.51224],[0.021943,51.511817],[0.02006,51.511868],[0.018628,51.511234],[0.018674,51.511113],[0.018512,51.51083],[0.017092,51.510516],[0.017359,51.509391],[0.016477,51.50924],[0.016183,51.510113],[0.016521,51.510426],[0.015949,51.510794],[0.014072,51.511202],[0.013979,51.511499],[0.014673,51.512541],[0.014146,51.51309],[0.015608,51.513596],[0.016632,51.514406],[0.01737,51.513834],[0.017845,51.51384],[0.017729,51.513385],[0.017715,51.513141],[0.019055,51.513005],[0.019236,51.513761],[0.019335,51.51438],[0.020667,51.514068],[0.020984,51.513957],[0.02172,51.513698],[0.021601,51.513574]]]]}},
{"type":"Feature","properties":{"layer":"London_LSOAs_Generalised_inc_Attributes_Rev_20220331","id":4773,"OBJECTID_12":4773,"OBJECTID":32661,"LSOA11CD":"E01033585","LSOA11NM":"Newham 034J","IUCN_2018_GRP_CD":4,"IUCN_2018_GRP_LABEL":"Youthful Urban Fringe","Local_Authority_Name":"Newham","Paper_First":"No","HTC_digital":2,"HTC_willingness":4,"Online_share_of_returns":0.9670000000000001,"Paper_share_of_returns":0.033,"Age_65_plus_number_mid2020":199,"Age_65_plus_PC_mid2020":7.2,"Age_75_plus_number_mid2020":74,"Age_75_plus_PC_mid2020":2.7,"IMD_2019_Rank":3823,"IMD_2019_Decile":2,"IDAOPI_2019_Rank":824,"IDAOPI_2019_Decile":1,"Premises_Unable_30mbps_Ofcom":6,"Premises_below_USO":0,"Shape_Length":3879.9743756287266,"Shape_Area":295130.84722203057,"in_cw":false,"whole_in_zone":false},"geometry":{"type":"MultiPolygon","coordinates":[[[[0.017383,51.514822],[0.017354,51.514467],[0.016838,51.514612],[0.016632,51.514406],[0.015608,51.513596],[0.014146,51.51309],[0.014673,51.512541],[0.013979,51.511499],[0.013164,51.511639],[0.013424,51.512318],[0.012869,51.512423],[0.012292,51.512455],[0.011601,51.511504],[0.011024,51.511811],[0.010407,51.512628],[0.009768,51.512408],[0.008978,51.513474],[0.009441,51.513891],[0.009074,51.514214],[0.007598,51.514049],[0.006477,51.514579],[0.005247,51.514173],[0.004223,51.513224],[0.003754,51.511018],[0.002841,51.510822],[0.002679,51.511439],[0.004493,51.51472],[0.007737,51.515373],[0.01225,51.516232],[0.013075,51.516388],[0.014798,51.516715],[0.01532,51.516812],[0.017095,51.517099],[0.017353,51.517296],[0.018125,51.517273],[0.018453,51.515874],[0.01716,51.515869],[0.017141,51.515598],[0.016936,51.514918],[0.017383,51.514822]]]]}},
{"type":"Feature","properties":{"layer":"London_LSOAs_Generalised_inc_Attributes_Rev_20220331","id":4807,"OBJECTID_12":4807,"OBJECTID":32784,"LSOA11CD":"E01033708","LSOA11NM":"Hackney 027G","IUCN_2018_GRP_CD":2,"IUCN_2018_GRP_LABEL":"e-Professionals","Local_Authority_Name":"Hackney","Paper_First":"No","HTC_digital":1,"HTC_willingness":5,"Online_share_of_returns":0.99,"Paper_share_of_returns":0.01,"Age_65_plus_number_mid2020":55,"Age_65_plus_PC_mid2020":2.3,"Age_75_plus_number_mid2020":37,"Age_75_plus_PC_mid2020":1.5,"IMD_2019_Rank":14243,"IMD_2019_Decile":5,"IDAOPI_2019_Rank":5489,"IDAOPI_2019_Decile":2,"Premises_Unable_30mbps_Ofcom":309,"Premises_below_USO":0,"Shape_Length":3678.4646433209364,"Shape_Area":354924.6282203823,"in_cw":false,"whole_in_zone":false},"geometry":{"type":"MultiPolygon","coordinates":[[[[-0.080335,51.526108],[-0.080412,51.525835],[-0.080852,51.525882],[-0.080742,51.525256],[-0.081107,51.52501],[-0.08031,51.524777],[-0.080334,51.524472],[-0.080323,51.52446],[-0.079411,51.524487],[-0.079406,51.525313],[-0.079693,51.526228],[-0.078038,51.526281],[-0.077222,51.526874],[-0.077763,51.525755],[-0.077471,51.525363],[-0.0773,51.524707],[-0.076449,51.524573],[-0.076416,51.524289],[-0.075923,51.52432],[-0.075724,51.523327],[-0.076162,51.522153],[-0.076536,51.522094],[-0.078211,51.521855],[-0.078445,51.521511],[-0.081024,51.521955],[-0.081397,51.521219],[-0.0833,51.519816],[-0.085192,51.520336],[-0.084494,51.522095],[-0.084197,51.523902],[-0.085113,51.523926],[-0.085417,51.524513],[-0.084732,51.525439],[-0.084995,51.526205],[-0.085029,51.526326],[-0.083716,51.526555],[-0.083649,51.526886],[-0.083602,51.528072],[-0.082209,51.528077],[-0.081852,51.528074],[-0.080576,51.528149],[-0.080143,51.527986],[-0.080076,51.527178],[-0.081029,51.526826],[-0.080335,51.526172],[-0.080335,51.526108]]]]}},
{"type":"Feature","properties":{"layer":"London_LSOAs_Generalised_inc_Attributes_Rev_20220331","id":4816,"OBJECTID_12":4816,"OBJECTID":32803,"LSOA11CD":"E01033727","LSOA11NM":"Greenwich 035B","IUCN_2018_GRP_CD":1,"IUCN_2018_GRP_LABEL":"e-Cultural Creators","Local_Authority_Name":"Greenwich","Paper_First":"No","HTC_digital":2,"HTC_willingness":4,"Online_share_of_returns":0.9690000000000001,"Paper_share_of_returns":0.031,"Age_65_plus_number_mid2020":112,"Age_65_plus_PC_mid2020":3.3,"Age_75_plus_number_mid2020":25,"Age_75_plus_PC_mid2020":0.7,"IMD_2019_Rank":14786,"IMD_2019_Decile":5,"IDAOPI_2019_Rank":1353,"IDAOPI_2019_Decile":1,"Premises_Unable_30mbps_Ofcom":79,"Premises_below_USO":0,"Shape_Length":1824.0486138884592,"Shape_Area":159118.83257138415,"in_cw":false,"whole_in_zone":true},"geometry":{"type":"MultiPolygon","coordinates":[[[[-0.021577,51.483612],[-0.021659,51.482487],[-0.020941,51.482588],[-0.019725,51.482109],[-0.019295,51.481602],[-0.018701,51.480784],[-0.019458,51.480543],[-0.020072,51.480338],[-0.020342,51.479936],[-0.023046,51.479629],[-0.023147,51.48074],[-0.024766,51.481211],[-0.025616,51.481368],[-0.026383,51.48151],[-0.02614,51.481745],[-0.025553,51.483435],[-0.025204,51.484864],[-0.023883,51.484377],[-0.021577,51.483612]]]]}},
{"type":"Feature","properties":{"layer":"London_LSOAs_Generalised_inc_Attributes_Rev_20220331","id":4817,"OBJECTID_12":4817,"OBJECTID":32804,"LSOA11CD":"E01033728","LSOA11NM":"Greenwich 035C","IUCN_2018_GRP_CD":2,"IUCN_2018_GRP_LABEL":"e-Professionals","Local_Authority_Name":"Greenwich","Paper_First":"No","HTC_digital":1,"HTC_willingness":3,"Online_share_of_returns":0.9940000000000001,"Paper_share_of_returns":0.006,"Age_65_plus_number_mid2020":76,"Age_65_plus_PC_mid2020":3.8,"Age_75_plus_number_mid2020":21,"Age_75_plus_PC_mid2020":1.1,"IMD_2019_Rank":25444,"IMD_2019_Decile":8,"IDAOPI_2019_Rank":24649,"IDAOPI_2019_Decile":8,"Premises_Unable_30mbps_Ofcom":10,"Premises_below_USO":0,"Shape_Length":1808.7841187264291,"Shape_Area":76172.12209911665,"in_cw":false,"whole_in_zone":true},"geometry":{"type":"MultiPolygon","coordinates":[[[[-0.018782,51.483472],[-0.018461,51.482363],[-0.017931,51.481881],[-0.016496,51.481639],[-0.016482,51.481336],[-0.017627,51.481322],[-0.017849,51.48088],[-0.018701,51.480784],[-0.019295,51.481602],[-0.019725,51.482109],[-0.020941,51.482588],[-0.021659,51.482487],[-0.021577,51.483612],[-0.023883,51.484377],[-0.025204,51.484864],[-0.024858,51.485554],[-0.020047,51.483824],[-0.018782,51.483472]]]]}},
{"type":"Feature","properties":{"layer":"London_LSOAs_Generalised_inc_Attributes_Rev_20220331","id":4819,"OBJECTID_12":4819,"OBJECTID":32806,"LSOA11CD":"E01033730","LSOA11NM":"Greenwich 035D","IUCN_2018_GRP_CD":2,"IUCN_2018_GRP_LABEL":"e-Professionals","Local_Authority_Name":"Greenwich","Paper_First":"No","HTC_digital":1,"HTC_willingness":4,"Online_share_of_returns":0.985,"Paper_share_of_returns":0.015,"Age_65_plus_number_mid2020":129,"Age_65_plus_PC_mid2020":3.7,"Age_75_plus_number_mid2020":51,"Age_75_plus_PC_mid2020":1.4,"IMD_2019_Rank":16644,"IMD_2019_Decile":6,"IDAOPI_2019_Rank":3553,"IDAOPI_2019_Decile":2,"Premises_Unable_30mbps_Ofcom":15,"Premises_below_USO":0,"Shape_Length":3293.1860351989967,"Shape_Area":170311.22349699796,"in_cw":false,"whole_in_zone":true},"geometry":{"type":"MultiPolygon","coordinates":[[[[-0.016482,51.481336],[-0.01709,51.48041],[-0.017849,51.48088],[-0.017627,51.481322],[-0.016482,51.481336]]],[[[-0.014988,51.478432],[-0.014485,51.478227],[-0.01283,51.478383],[-0.012255,51.477941],[-0.012171,51.477916],[-0.013874,51.477572],[-0.013575,51.477275],[-0.014114,51.477507],[-0.015424,51.47713],[-0.01517,51.476678],[-0.017088,51.476589],[-0.017111,51.476575],[-0.017093,51.476318],[-0.016421,51.476307],[-0.016511,51.476016],[-0.017136,51.476003],[-0.017309,51.475291],[-0.017935,51.475514],[-0.018514,51.475736],[-0.018846,51.475424],[-0.020143,51.475075],[-0.019899,51.474431],[-0.020608,51.474028],[-0.021344,51.474274],[-0.021827,51.475221],[-0.021128,51.475238],[-0.020365,51.475756],[-0.020498,51.476549],[-0.018975,51.477068],[-0.018959,51.478182],[-0.018396,51.479319],[-0.016861,51.480066],[-0.01577,51.481411],[-0.014929,51.481407],[-0.014869,51.481128],[-0.01562,51.480736],[-0.01646,51.47986],[-0.01607,51.4797],[-0.015162,51.479343],[-0.014882,51.479224],[-0.013978,51.479089],[-0.014523,51.478469],[-0.014988,51.478432]]]]}},
{"type":"Feature","properties":{"layer":"London_LSOAs_Generalised_inc_Attributes_Rev_20220331","id":4821,"OBJECTID_12":4821,"OBJECTID":32808,"LSOA11CD":"E01033732","LSOA11NM":"Greenwich 036D","IUCN_2018_GRP_CD":2,"IUCN_2018_GRP_LABEL":"e-Professionals","Local_Authority_Name":"Greenwich","Paper_First":"No","HTC_digital":3,"HTC_willingness":3,"Online_share_of_returns":0.991,"Paper_share_of_returns":0.009000000000000001,"Age_65_plus_number_mid2020":32,"Age_65_plus_PC_mid2020":2.8,"Age_75_plus_number_mid2020":16,"Age_75_plus_PC_mid2020":1.4,"IMD_2019_Rank":10335,"IMD_2019_Decile":4,"IDAOPI_2019_Rank":2834,"IDAOPI_2019_Decile":1,"Premises_Unable_30mbps_Ofcom":2,"Premises_below_USO":0,"Shape_Length":2109.854245756765,"Shape_Area":100622.33201000198,"in_cw":false,"whole_in_zone":false},"geometry":{"type":"MultiPolygon","coordinates":[[[[0.012411,51.493251],[0.013909,51.492281],[0.014041,51.49273],[0.013585,51.493082],[0.014274,51.493063],[0.014142,51.492768],[0.016308,51.491981],[0.016698,51.490788],[0.013234,51.491026],[0.010542,51.492716],[0.009934,51.493628],[0.010956,51.494034],[0.01224,51.494946],[0.012744,51.49527],[0.01408,51.496108],[0.013157,51.494601],[0.012955,51.494576],[0.013423,51.494066],[0.012918,51.493744],[0.013437,51.493604],[0.01338,51.493308],[0.012411,51.493251]]]]}},
{"type":"Feature","properties":{"layer":"London_LSOAs_Generalised_inc_Attributes_Rev_20220331","id":4822,"OBJECTID_12":4822,"OBJECTID":32809,"LSOA11CD":"E01033733","LSOA11NM":"Greenwich 036E","IUCN_2018_GRP_CD":2,"IUCN_2018_GRP_LABEL":"e-Professionals","Local_Authority_Name":"Greenwich","Paper_First":"No","HTC_digital":5,"HTC_willingness":4,"Online_share_of_returns":0.992,"Paper_share_of_returns":0.008,"Age_65_plus_number_mid2020":96,"Age_65_plus_PC_mid2020":2.4,"Age_75_plus_number_mid2020":70,"Age_75_plus_PC_mid2020":1.7,"IMD_2019_Rank":19291,"IMD_2019_Decile":6,"IDAOPI_2019_Rank":11925,"IDAOPI_2019_Decile":4,"Premises_Unable_30mbps_Ofcom":28,"Premises_below_USO":0,"Shape_Length":4317.350942507316,"Shape_Area":421839.9070113102,"in_cw":false,"whole_in_zone":false},"geometry":{"type":"MultiPolygon","coordinates":[[[[0.014563,51.496498],[0.016186,51.495779],[0.018542,51.494983],[0.021729,51.494455],[0.021603,51.494015],[0.022006,51.493946],[0.02233,51.494297],[0.024405,51.493863],[0.029045,51.493917],[0.029218,51.493701],[0.026764,51.493374],[0.024418,51.493433],[0.025058,51.490319],[0.025015,51.489996],[0.024641,51.490012],[0.023764,51.490019],[0.023145,51.490023],[0.019734,51.490119],[0.018163,51.490438],[0.018046,51.490719],[0.016698,51.490788],[0.016308,51.491981],[0.014142,51.492768],[0.014274,51.493063],[0.013585,51.493082],[0.014041,51.49273],[0.013909,51.492281],[0.012411,51.493251],[0.01338,51.493308],[0.013437,51.493604],[0.012918,51.493744],[0.013423,51.494066],[0.012955,51.494576],[0.013157,51.494601],[0.01408,51.496108],[0.012744,51.49527],[0.010752,51.496631],[0.013067,51.497771],[0.014563,51.496498]]]]}},
{"type":"Feature","properties":{"layer":"London_LSOAs_Generalised_inc_Attributes_Rev_20220331","id":4835,"OBJECTID_12":4835,"OBJECTID":32822,"LSOA11CD":"E01033746","LSOA11NM":"Greenwich 038E","IUCN_2018_GRP_CD":3,"IUCN_2018_GRP_LABEL":"e-Veterans","Local_Authority_Name":"Greenwich","Paper_First":"No","HTC_digital":2,"HTC_willingness":2,"Online_share_of_returns":0.9440000000000001,"Paper_share_of_returns":0.055999999999999994,"Age_65_plus_number_mid2020":264,"Age_65_plus_PC_mid2020":19,"Age_75_plus_number_mid2020":124,"Age_75_plus_PC_mid2020":8.9,"IMD_2019_Rank":12902,"IMD_2019_Decile":4,"IDAOPI_2019_Rank":7329,"IDAOPI_2019_Decile":3,"Premises_Unable_30mbps_Ofcom":0,"Premises_below_USO":0,"Shape_Length":2414.733114825911,"Shape_Area":129216.36950090615,"in_cw":false,"whole_in_zone":true},"geometry":{"type":"MultiPolygon","coordinates":[[[[-0.012171,51.477916],[-0.012359,51.477197],[-0.01202,51.477284],[-0.012104,51.476872],[-0.011719,51.477063],[-0.011738,51.475305],[-0.011251,51.475239],[-0.011373,51.475167],[-0.011004,51.474907],[-0.010596,51.474999],[-0.009793,51.474394],[-0.010436,51.474209],[-0.011596,51.47394],[-0.012596,51.472876],[-0.013338,51.472882],[-0.013493,51.473342],[-0.014263,51.473737],[-0.014633,51.473289],[-0.014878,51.473453],[-0.013333,51.475088],[-0.013071,51.475432],[-0.013666,51.475472],[-0.014329,51.475013],[-0.015036,51.475072],[-0.017309,51.475291],[-0.017136,51.476003],[-0.016511,51.476016],[-0.016421,51.476307],[-0.017093,51.476318],[-0.017111,51.476575],[-0.017088,51.476589],[-0.01517,51.476678],[-0.015424,51.47713],[-0.014114,51.477507],[-0.013575,51.477275],[-0.013874,51.477572],[-0.012171,51.477916]]]]}},
{"type":"Feature","properties":{"layer":"London_MSOAs_Generalised_inc_Attributes_Rev_20220331","id":1,"OBJECTID_1":1,"objectid":1,"msoa11cd":"E02000001","msoa11nm":"City of London 001","Age_65plus_with_LTHC":435,"Age_65plus_with_LTHC_PC":42.0289855072464,"Shape_Length":9024.212675533834,"Shape_Area":2905505.4823219627,"MSOA_HCLName":"City of London","in_cw":false,"whole_in_zone":false},"geometry":{"type":"MultiPolygon","coordinates":[[[[-0.096734,51.523253],[-0.096419,51.522825],[-0.095045,51.523057],[-0.094507,51.522051],[-0.094287,51.521464],[-0.092711,51.521391],[-0.092476,51.521432],[-0.092349,51.521021],[-0.090533,51.520821],[-0.089642,51.520691],[-0.089893,51.519986],[-0.088077,51.519414],[-0.086135,51.518739],[-0.085166,51.520337],[-0.083274,51.519818],[-0.081547,51.520962],[-0.081401,51.521222],[-0.080998,51.521956],[-0.078419,51.521513],[-0.079377,51.518848],[-0.07806,51.518968],[-0.077843,51.518191],[-0.077319,51.517399],[-0.075866,51.515898],[-0.075772,51.515832],[-0.073917,51.514456],[-0.073394,51.51355],[-0.073139,51.512573],[-0.072712,51.510808],[-0.072675,51.510191],[-0.073179,51.510005],[-0.07548,51.509738],[-0.07612,51.51048],[-0.076859,51.510471],[-0.076799,51.510157],[-0.077849,51.509996],[-0.078793,51.509414],[-0.07905,51.509041],[-0.078617,51.508794],[-0.079221,51.507833],[-0.079359,51.507847],[-0.07941,51.507795],[-0.081479,51.508393],[-0.086078,51.508659],[-0.090008,51.508993],[-0.092421,51.509504],[-0.095271,51.510137],[-0.095188,51.510563],[-0.096098,51.510215],[-0.098973,51.510723],[-0.104597,51.510789],[-0.111523,51.510758],[-0.111452,51.511657],[-0.11246,51.512646],[-0.111671,51.513165],[-0.111876,51.513661],[-0.111005,51.51383],[-0.111502,51.515226],[-0.11379,51.51812],[-0.111024,51.518137],[-0.110621,51.518098],[-0.109355,51.517908],[-0.107403,51.517832],[-0.10578,51.518379],[-0.105294,51.518546],[-0.10423,51.518856],[-0.101769,51.519615],[-0.098472,51.520542],[-0.097594,51.520692],[-0.097237,51.521581],[-0.09744,51.522175],[-0.097668,51.522922],[-0.096734,51.523253]]],[[[-0.10409,51.508416],[-0.104385,51.508402],[-0.104678,51.508461],[-0.10409,51.508416]]]]}},
{"type":"Feature","properties":{"layer":"London_MSOAs_Generalised_inc_Attributes_Rev_20220331","id":318,"OBJECTID_1":318,"objectid":318,"msoa11cd":"E02000328","msoa11nm":"Greenwich 016","Age_65plus_with_LTHC":446,"Age_65plus_with_LTHC_PC":49.8881431767338,"Shape_Length":5922.94571626352,"Shape_Area":871577.8149518382,"MSOA_HCLName":"Westcombe Park & Maze Hill","in_cw":false,"whole_in_zone":false},"geometry":{"type":"MultiPolygon","coordinates":[[[[0.020205,51.48441],[0.021066,51.481175],[0.021445,51.480544],[0.022263,51.478974],[0.022433,51.478647],[0.023096,51.477407],[0.023233,51.477151],[0.023252,51.477115],[0.023592,51.47644],[0.024073,51.475602],[0.022312,51.475689],[0.021087,51.475426],[0.020825,51.475007],[0.020069,51.475061],[0.018932,51.475122],[0.018472,51.47473],[0.017965,51.47489],[0.017955,51.475703],[0.017319,51.476694],[0.019253,51.476336],[0.020262,51.476512],[0.020427,51.476948],[0.019458,51.477107],[0.019655,51.477337],[0.019972,51.477516],[0.02076,51.477894],[0.020495,51.478106],[0.019393,51.477879],[0.019201,51.478447],[0.018457,51.478308],[0.018761,51.47747],[0.01788,51.477584],[0.017506,51.477088],[0.017104,51.477127],[0.017009,51.477136],[0.016135,51.4772],[0.016315,51.478955],[0.016171,51.479777],[0.014769,51.479097],[0.01424,51.479182],[0.014117,51.478492],[0.013231,51.478204],[0.013263,51.477533],[0.012466,51.477304],[0.012473,51.477101],[0.012492,51.476876],[0.009138,51.476777],[0.008105,51.476971],[0.007508,51.477519],[0.007343,51.477669],[0.005358,51.479496],[0.004843,51.479928],[0.002572,51.481302],[0.001439,51.482138],[0.001652,51.482715],[0.002003,51.482769],[0.004868,51.48265],[0.005926,51.482765],[0.00649,51.482859],[0.008392,51.48316],[0.008448,51.483167],[0.011104,51.483478],[0.012054,51.48358],[0.012992,51.483682],[0.014026,51.483802],[0.015904,51.484],[0.019831,51.484379],[0.020205,51.48441]]]]}},
{"type":"Feature","properties":{"layer":"London_MSOAs_Generalised_inc_Attributes_Rev_20220331","id":322,"OBJECTID_1":322,"objectid":322,"msoa11cd":"E02000333","msoa11nm":"Greenwich 021","Age_65plus_with_LTHC":355,"Age_65plus_with_LTHC_PC":42.0118343195266,"Shape_Length":8252.620543495237,"Shape_Area":1261622.4895897924,"MSOA_HCLName":"Blackheath Standard & Village","in_cw":false,"whole_in_zone":false},"geometry":{"type":"MultiPolygon","coordinates":[[[[0.016171,51.479777],[0.016315,51.478955],[0.016135,51.4772],[0.017009,51.477136],[0.017104,51.477127],[0.017506,51.477088],[0.01788,51.477584],[0.018761,51.47747],[0.018457,51.478308],[0.019201,51.478447],[0.019393,51.477879],[0.020495,51.478106],[0.02076,51.477894],[0.019972,51.477516],[0.019655,51.477337],[0.019458,51.477107],[0.020427,51.476948],[0.020262,51.476512],[0.019253,51.476336],[0.017319,51.476694],[0.017955,51.475703],[0.017965,51.47489],[0.018472,51.47473],[0.018932,51.475122],[0.020069,51.475061],[0.020825,51.475007],[0.021087,51.475426],[0.022312,51.475689],[0.024073,51.475602],[0.024353,51.475102],[0.024744,51.474444],[0.025222,51.47368],[0.025785,51.472897],[0.026487,51.471964],[0.027099,51.471123],[0.028735,51.46829],[0.029002,51.467823],[0.028104,51.467659],[0.028478,51.467029],[0.027903,51.466511],[0.027356,51.466453],[0.026713,51.466875],[0.026437,51.46705],[0.021774,51.464512],[0.02014,51.466058],[0.016229,51.46489],[0.015743,51.464806],[0.014217,51.46454],[0.011975,51.464308],[0.009369,51.46403],[0.00916,51.464585],[0.009166,51.465878],[0.009818,51.46598],[0.009993,51.466007],[0.012187,51.466525],[0.013326,51.466837],[0.012842,51.46768],[0.013095,51.468457],[0.012661,51.469779],[0.0136,51.469881],[0.016393,51.469055],[0.016701,51.469495],[0.016268,51.470033],[0.014955,51.472698],[0.014961,51.473093],[0.015651,51.473259],[0.018063,51.473838],[0.016315,51.473672],[0.012142,51.473174],[0.012149,51.473322],[0.008105,51.476971],[0.009138,51.476777],[0.012492,51.476876],[0.012473,51.477101],[0.012466,51.477304],[0.013263,51.477533],[0.013231,51.478204],[0.014117,51.478492],[0.01424,51.479182],[0.014769,51.479097],[0.016171,51.479777]]]]}},
{"type":"Feature","properties":{"layer":"London_MSOAs_Generalised_inc_Attributes_Rev_20220331","id":357,"OBJECTID_1":357,"objectid":357,"msoa11cd":"E02000371","msoa11nm":"Hackney 027","Age_65plus_with_LTHC":303,"Age_65plus_with_LTHC_PC":53.4391534391534,"Shape_Length":6495.1147696496055,"Shape_Area":996709.6331852439,"MSOA_HCLName":"Shoreditch","in_cw":false,"whole_in_zone":false},"geometry":{"type":"MultiPolygon","coordinates":[[[[-0.07588,51.53271],[-0.075863,51.53176],[-0.073694,51.531773],[-0.073582,51.53183],[-0.072281,51.531902],[-0.072347,51.530806],[-0.072835,51.531069],[-0.073785,51.530925],[-0.074369,51.531421],[-0.0747,51.531423],[-0.074688,51.530671],[-0.074176,51.530669],[-0.074223,51.530434],[-0.073927,51.530247],[-0.074826,51.52949],[-0.075659,51.528373],[-0.07642,51.527794],[-0.076528,51.527719],[-0.0772,51.5273],[-0.076416,51.527174],[-0.076265,51.527146],[-0.076544,51.525674],[-0.076514,51.525381],[-0.076435,51.524688],[-0.076423,51.524575],[-0.07639,51.52429],[-0.075896,51.524321],[-0.075698,51.523328],[-0.076136,51.522155],[-0.076509,51.522095],[-0.078185,51.521857],[-0.078419,51.521513],[-0.080998,51.521956],[-0.081401,51.521222],[-0.081547,51.520962],[-0.083274,51.519818],[-0.085166,51.520337],[-0.084468,51.522097],[-0.08417,51.523904],[-0.085087,51.523928],[-0.085391,51.524514],[-0.084706,51.525441],[-0.084968,51.526206],[-0.086743,51.525792],[-0.087529,51.526019],[-0.088038,51.526739],[-0.088548,51.527357],[-0.089788,51.527769],[-0.090613,51.527991],[-0.090231,51.528488],[-0.090357,51.529263],[-0.090995,51.529193],[-0.091165,51.529669],[-0.09065,51.529812],[-0.089905,51.529934],[-0.089535,51.529925],[-0.08892,51.530019],[-0.08879,51.529637],[-0.087724,51.529841],[-0.087981,51.530136],[-0.088162,51.530596],[-0.086723,51.530782],[-0.086536,51.531191],[-0.087789,51.531038],[-0.08801,51.531492],[-0.08849,51.531308],[-0.088878,51.531899],[-0.088439,51.532095],[-0.088565,51.532397],[-0.088165,51.532606],[-0.087832,51.532222],[-0.087947,51.532013],[-0.086785,51.53209],[-0.086522,51.531683],[-0.085944,51.531724],[-0.086212,51.532147],[-0.085551,51.53222],[-0.085538,51.531748],[-0.085379,51.531051],[-0.084271,51.531008],[-0.084006,51.531226],[-0.083819,51.531223],[-0.083421,51.531894],[-0.082968,51.531968],[-0.083003,51.532518],[-0.083002,51.532579],[-0.082577,51.532609],[-0.080122,51.532736],[-0.080112,51.532791],[-0.080058,51.533191],[-0.077664,51.533306],[-0.077098,51.533364],[-0.077125,51.532941],[-0.07712,51.532803],[-0.07588,51.53271]]]]}},
{"type":"Feature","properties":{"layer":"London_MSOAs_Generalised_inc_Attributes_Rev_20220331","id":556,"OBJECTID_1":556,"objectid":556,"msoa11cd":"E02000576","msoa11nm":"Islington 023","Age_65plus_with_LTHC":528,"Age_65plus_with_LTHC_PC":61.9718309859155,"Shape_Length":4984.40677299054,"Shape_Area":755984.6754638408,"MSOA_HCLName":"Old Street & St Luke's","in_cw":false,"whole_in_zone":false},"geometry":{"type":"MultiPolygon","coordinates":[[[[-0.087529,51.526019],[-0.086743,51.525792],[-0.084968,51.526206],[-0.084706,51.525441],[-0.085391,51.524514],[-0.085087,51.523928],[-0.08417,51.523904],[-0.084468,51.522097],[-0.085166,51.520337],[-0.086135,51.518739],[-0.088077,51.519414],[-0.089893,51.519986],[-0.089642,51.520691],[-0.090533,51.520821],[-0.092349,51.521021],[-0.092476,51.521432],[-0.092711,51.521391],[-0.094287,51.521464],[-0.094507,51.522051],[-0.095045,51.523057],[-0.096419,51.522825],[-0.096734,51.523253],[-0.097279,51.52336],[-0.095405,51.523809],[-0.095791,51.524469],[-0.096129,51.525005],[-0.096317,51.525682],[-0.097949,51.525449],[-0.098477,51.525795],[-0.099468,51.525832],[-0.099388,51.524891],[-0.100311,51.525007],[-0.100971,51.524662],[-0.101507,51.525002],[-0.102161,51.524813],[-0.102838,51.524547],[-0.103262,51.525421],[-0.103469,51.525873],[-0.102305,51.526089],[-0.101517,51.526235],[-0.10119,51.526298],[-0.100083,51.526536],[-0.100519,51.52752],[-0.099605,51.527761],[-0.098429,51.527981],[-0.098594,51.528452],[-0.09906,51.529028],[-0.098754,51.529121],[-0.09736,51.529723],[-0.095671,51.52928],[-0.095355,51.529197],[-0.092614,51.528494],[-0.091884,51.528307],[-0.090613,51.527991],[-0.089788,51.527769],[-0.088548,51.527357],[-0.088038,51.526739],[-0.087529,51.526019]]]]}},
{"type":"Feature","properties":{"layer":"London_MSOAs_Generalised_inc_Attributes_Rev_20220331","id":632,"OBJECTID_1":632,"objectid":632,"msoa11cd":"E02000653","msoa11nm":"Lewisham 001","Age_65plus_with_LTHC":275,"Age_65plus_with_LTHC_PC":61.7977528089888,"Shape_Length":5492.378641087899,"Shape_Area":680741.4192883794,"MSOA_HCLName":"Silwood & Pepys","in_cw":false,"whole_in_zone":true},"geometry":{"type":"MultiPolygon","coordinates":[[[[-0.032021,51.492525],[-0.030847,51.49072],[-0.029841,51.489474],[-0.029132,51.488663],[-0.030381,51.488142],[-0.03106,51.488404],[-0.032165,51.488019],[-0.032704,51.48863],[-0.033006,51.488524],[-0.034333,51.488058],[-0.033072,51.486894],[-0.033974,51.486466],[-0.034146,51.486364],[-0.036286,51.488391],[-0.03531,51.488676],[-0.036671,51.488399],[-0.037735,51.487665],[-0.039316,51.488437],[-0.03967,51.488192],[-0.039094,51.487616],[-0.039611,51.486756],[-0.0409,51.487431],[-0.041845,51.487212],[-0.041272,51.485148],[-0.041246,51.485062],[-0.04216,51.484915],[-0.042445,51.484317],[-0.043481,51.48429],[-0.04372,51.485279],[-0.050197,51.488075],[-0.050002,51.488312],[-0.051908,51.489136],[-0.050487,51.489695],[-0.050095,51.489783],[-0.049208,51.490043],[-0.048671,51.490102],[-0.048587,51.490121],[-0.047306,51.490516],[-0.046521,51.490745],[-0.046515,51.490343],[-0.045781,51.490163],[-0.044741,51.490437],[-0.044517,51.490142],[-0.042284,51.490031],[-0.042452,51.490242],[-0.042389,51.490266],[-0.042101,51.490375],[-0.041917,51.490445],[-0.040292,51.491063],[-0.041001,51.49183],[-0.040018,51.492164],[-0.040495,51.492785],[-0.039602,51.492988],[-0.038762,51.492814],[-0.038055,51.492396],[-0.037299,51.492223],[-0.034554,51.492761],[-0.032348,51.493027],[-0.032259,51.492915],[-0.032149,51.492907],[-0.03214,51.49288],[-0.03223,51.492819],[-0.032021,51.492525]]]]}},
{"type":"Feature","properties":{"layer":"London_MSOAs_Generalised_inc_Attributes_Rev_20220331","id":633,"OBJECTID_1":633,"objectid":633,"msoa11cd":"E02000654","msoa11nm":"Lewisham 002","Age_65plus_with_LTHC":356,"Age_65plus_with_LTHC_PC":64.4927536231884,"Shape_Length":5469.672747033498,"Shape_Area":937015.2063399325,"MSOA_HCLName":"Deptford North","in_cw":false,"whole_in_zone":true},"geometry":{"type":"MultiPolygon","coordinates":[[[[-0.029132,51.488663],[-0.027509,51.487234],[-0.027219,51.487037],[-0.024831,51.485554],[-0.025166,51.484864],[-0.025292,51.484226],[-0.025526,51.483435],[-0.026114,51.481745],[-0.026358,51.481511],[-0.025589,51.481368],[-0.02474,51.481211],[-0.023121,51.48074],[-0.023022,51.479661],[-0.023022,51.479629],[-0.022874,51.478507],[-0.027088,51.479131],[-0.02808,51.479472],[-0.028734,51.479709],[-0.029892,51.480113],[-0.030416,51.480306],[-0.031018,51.480533],[-0.034603,51.479243],[-0.036013,51.481328],[-0.037011,51.482052],[-0.038766,51.482242],[-0.041634,51.48278],[-0.043363,51.484074],[-0.043481,51.48429],[-0.042445,51.484317],[-0.04216,51.484915],[-0.041246,51.485062],[-0.041272,51.485148],[-0.041845,51.487212],[-0.0409,51.487431],[-0.039611,51.486756],[-0.039094,51.487616],[-0.03967,51.488192],[-0.039316,51.488437],[-0.037735,51.487665],[-0.036671,51.488399],[-0.03531,51.488676],[-0.036286,51.488391],[-0.034146,51.486364],[-0.033974,51.486466],[-0.033072,51.486894],[-0.034333,51.488058],[-0.033006,51.488524],[-0.032704,51.48863],[-0.032165,51.488019],[-0.03106,51.488404],[-0.030381,51.488142],[-0.029132,51.488663]]]]}},
{"type":"Feature","properties":{"layer":"London_MSOAs_Generalised_inc_Attributes_Rev_20220331","id":634,"OBJECTID_1":634,"objectid":634,"msoa11cd":"E02000655","msoa11nm":"Lewisham 003","Age_65plus_with_LTHC":248,"Age_65plus_with_LTHC_PC":60.4878048780488,"Shape_Length":5482.521581874675,"Shape_Area":976300.4341188716,"MSOA_HCLName":"New Cross Gate","in_cw":false,"whole_in_zone":true},"geometry":{"type":"MultiPolygon","coordinates":[[[[-0.050197,51.488075],[-0.04372,51.485279],[-0.043481,51.48429],[-0.043363,51.484074],[-0.045958,51.484007],[-0.044004,51.481547],[-0.042681,51.481628],[-0.042631,51.479776],[-0.041939,51.480334],[-0.042119,51.481155],[-0.04158,51.481241],[-0.041364,51.480885],[-0.041032,51.48005],[-0.040423,51.48004],[-0.040705,51.479786],[-0.040247,51.479018],[-0.039665,51.478605],[-0.040246,51.478156],[-0.040038,51.477982],[-0.039656,51.478059],[-0.038706,51.47723],[-0.037878,51.477318],[-0.037485,51.476739],[-0.03706,51.476771],[-0.036959,51.476239],[-0.039464,51.475913],[-0.039579,51.476287],[-0.040954,51.475738],[-0.040566,51.474822],[-0.042986,51.474339],[-0.045388,51.474295],[-0.045928,51.47431],[-0.045969,51.474331],[-0.046796,51.475244],[-0.046846,51.475326],[-0.048886,51.476501],[-0.050047,51.476996],[-0.050362,51.477123],[-0.052649,51.478009],[-0.054285,51.47861],[-0.053969,51.479103],[-0.053372,51.480302],[-0.053442,51.480462],[-0.053296,51.4808],[-0.052806,51.482689],[-0.052983,51.48457],[-0.053136,51.485081],[-0.053488,51.485777],[-0.052984,51.485859],[-0.05284,51.486664],[-0.053964,51.48797],[-0.052523,51.487549],[-0.05209,51.487821],[-0.050547,51.487834],[-0.050197,51.488075]]]]}},
{"type":"Feature","properties":{"layer":"London_MSOAs_Generalised_inc_Attributes_Rev_20220331","id":635,"OBJECTID_1":635,"objectid":635,"msoa11cd":"E02000657","msoa11nm":"Lewisham 005","Age_65plus_with_LTHC":338,"Age_65plus_with_LTHC_PC":55.2287581699346,"Shape_Length":5075.416821484904,"Shape_Area":873832.8898129115,"MSOA_HCLName":"New Cross South","in_cw":false,"whole_in_zone":false},"geometry":{"type":"MultiPolygon","coordinates":[[[[-0.022753,51.474464],[-0.022621,51.473985],[-0.021656,51.473995],[-0.021853,51.473548],[-0.022769,51.47339],[-0.023439,51.472836],[-0.023767,51.472689],[-0.024166,51.472422],[-0.026162,51.473477],[-0.025544,51.472591],[-0.024373,51.472224],[-0.025486,51.471469],[-0.025516,51.471443],[-0.026276,51.470925],[-0.026525,51.470758],[-0.028024,51.469722],[-0.027862,51.469591],[-0.028678,51.468906],[-0.02934,51.467928],[-0.029894,51.468069],[-0.029909,51.468595],[-0.030395,51.468197],[-0.031337,51.466531],[-0.032027,51.466163],[-0.032798,51.466176],[-0.033111,51.466606],[-0.033439,51.466009],[-0.035108,51.465717],[-0.03494,51.46601],[-0.035373,51.465889],[-0.035904,51.46561],[-0.035692,51.465188],[-0.034149,51.465297],[-0.033901,51.464806],[-0.036448,51.464657],[-0.036485,51.465117],[-0.03751,51.465108],[-0.037482,51.465408],[-0.037558,51.467647],[-0.037729,51.468759],[-0.037878,51.469442],[-0.038339,51.470888],[-0.038998,51.472453],[-0.039183,51.47282],[-0.040223,51.474901],[-0.036343,51.475684],[-0.034111,51.475833],[-0.03252,51.475897],[-0.032236,51.475873],[-0.028718,51.475359],[-0.028086,51.47525],[-0.026251,51.47497],[-0.026155,51.474956],[-0.023475,51.474554],[-0.022753,51.474464]]]]}},
{"type":"Feature","properties":{"layer":"London_MSOAs_Generalised_inc_Attributes_Rev_20220331","id":636,"OBJECTID_1":636,"objectid":636,"msoa11cd":"E02000658","msoa11nm":"Lewisham 006","Age_65plus_with_LTHC":377,"Age_65plus_with_LTHC_PC":57.6452599388379,"Shape_Length":4278.180671635242,"Shape_Area":774739.226965247,"MSOA_HCLName":"Telegraph Hill","in_cw":false,"whole_in_zone":false},"geometry":{"type":"MultiPolygon","coordinates":[[[[-0.045928,51.47431],[-0.045388,51.474295],[-0.042986,51.474339],[-0.040566,51.474822],[-0.040223,51.474901],[-0.039183,51.47282],[-0.038998,51.472453],[-0.038339,51.470888],[-0.039862,51.470896],[-0.040553,51.470219],[-0.041265,51.47052],[-0.042122,51.469763],[-0.042863,51.470096],[-0.043248,51.469957],[-0.043736,51.468286],[-0.04398,51.468299],[-0.04444,51.46812],[-0.044208,51.466357],[-0.045481,51.466358],[-0.046275,51.465738],[-0.048137,51.466108],[-0.048319,51.465939],[-0.048968,51.466216],[-0.050905,51.46662],[-0.050574,51.466748],[-0.051263,51.467369],[-0.050896,51.467558],[-0.052232,51.469214],[-0.051697,51.469655],[-0.051668,51.469716],[-0.052233,51.471433],[-0.052261,51.471523],[-0.052581,51.472541],[-0.052709,51.473355],[-0.052711,51.473591],[-0.052704,51.475242],[-0.052703,51.475387],[-0.052701,51.475587],[-0.052698,51.476077],[-0.052687,51.476628],[-0.052649,51.478009],[-0.050362,51.477123],[-0.050047,51.476996],[-0.048886,51.476501],[-0.046846,51.475326],[-0.046796,51.475244],[-0.045969,51.474331],[-0.045928,51.47431]]]]}},
{"type":"Feature","properties":{"layer":"London_MSOAs_Generalised_inc_Attributes_Rev_20220331","id":637,"OBJECTID_1":637,"objectid":637,"msoa11cd":"E02000659","msoa11nm":"Lewisham 007","Age_65plus_with_LTHC":302,"Age_65plus_with_LTHC_PC":48.2428115015974,"Shape_Length":5303.60404888834,"Shape_Area":1024321.410156869,"MSOA_HCLName":"Blackheath West","in_cw":false,"whole_in_zone":false},"geometry":{"type":"MultiPolygon","coordinates":[[[[0.001111,51.460616],[0.00032,51.462147],[-0.001811,51.461592],[-0.002881,51.461842],[-0.003345,51.461947],[-0.004908,51.462056],[-0.004957,51.462075],[-0.007365,51.462573],[-0.008437,51.462235],[-0.01016,51.462731],[-0.010494,51.463257],[-0.011198,51.465014],[-0.011063,51.46539],[-0.010923,51.465987],[-0.012083,51.467948],[-0.012242,51.4681],[-0.013079,51.468936],[-0.013242,51.469148],[-0.013594,51.469574],[-0.013873,51.469889],[-0.013988,51.470041],[-0.014443,51.470788],[-0.015095,51.47173],[-0.014482,51.471904],[-0.014026,51.472639],[-0.013522,51.472432],[-0.013385,51.472399],[-0.0123,51.47235],[-0.012055,51.472375],[-0.008297,51.472685],[-0.007653,51.472633],[-0.005438,51.472367],[-0.002176,51.471903],[-0.002196,51.469987],[-0.001358,51.469712],[-0.000055,51.469213],[0.000357,51.467776],[0.000656,51.467338],[0.002113,51.467036],[0.002435,51.466425],[0.001548,51.466285],[0.001493,51.465895],[0.000857,51.465926],[0.001243,51.465351],[0.00247,51.46543],[0.002895,51.465266],[0.002521,51.464548],[0.000684,51.46434],[0.001467,51.463207],[0.00172,51.46276],[0.002131,51.462786],[0.002255,51.462023],[0.003062,51.461198],[0.00321,51.461075],[0.001111,51.460616]]],[[[-0.000864,51.460345],[0.001111,51.460616],[0.001325,51.460175],[-0.00061,51.459998],[-0.000757,51.460031],[-0.000864,51.460345]]]]}},
{"type":"Feature","properties":{"layer":"London_MSOAs_Generalised_inc_Attributes_Rev_20220331","id":638,"OBJECTID_1":638,"objectid":638,"msoa11cd":"E02000660","msoa11nm":"Lewisham 008","Age_65plus_with_LTHC":272,"Age_65plus_with_LTHC_PC":56.5488565488565,"Shape_Length":5878.563041546935,"Shape_Area":816314.4174518635,"MSOA_HCLName":"Brockley East & St Johns","in_cw":false,"whole_in_zone":false},"geometry":{"type":"MultiPolygon","coordinates":[[[[-0.019927,51.472921],[-0.020228,51.47225],[-0.01925,51.471961],[-0.019218,51.471882],[-0.019198,51.471809],[-0.018792,51.471126],[-0.019068,51.469948],[-0.017834,51.469478],[-0.017089,51.469298],[-0.019941,51.468311],[-0.019807,51.468053],[-0.020716,51.468019],[-0.022782,51.467482],[-0.023143,51.467599],[-0.024417,51.46502],[-0.024469,51.464825],[-0.024761,51.463069],[-0.026568,51.463273],[-0.028008,51.46285],[-0.028345,51.462885],[-0.029579,51.463267],[-0.030547,51.462438],[-0.032382,51.461338],[-0.034112,51.461044],[-0.034386,51.460723],[-0.034949,51.461147],[-0.035356,51.460989],[-0.036573,51.461595],[-0.03709,51.461246],[-0.038348,51.46175],[-0.03751,51.465108],[-0.036485,51.465117],[-0.036448,51.464657],[-0.033901,51.464806],[-0.034149,51.465297],[-0.035692,51.465188],[-0.035904,51.46561],[-0.035373,51.465889],[-0.03494,51.46601],[-0.035108,51.465717],[-0.033439,51.466009],[-0.033111,51.466606],[-0.032798,51.466176],[-0.032027,51.466163],[-0.031337,51.466531],[-0.030395,51.468197],[-0.029909,51.468595],[-0.029894,51.468069],[-0.02934,51.467928],[-0.028678,51.468906],[-0.027862,51.469591],[-0.028024,51.469722],[-0.026525,51.470758],[-0.026276,51.470925],[-0.025516,51.471443],[-0.025486,51.471469],[-0.024373,51.472224],[-0.025544,51.472591],[-0.026162,51.473477],[-0.024166,51.472422],[-0.023767,51.472689],[-0.023439,51.472836],[-0.022769,51.47339],[-0.021853,51.473548],[-0.021656,51.473995],[-0.020933,51.473619],[-0.02079,51.473524],[-0.020686,51.473355],[-0.020308,51.473173],[-0.019927,51.472921]]]]}},
{"type":"Feature","properties":{"layer":"London_MSOAs_Generalised_inc_Attributes_Rev_20220331","id":639,"OBJECTID_1":639,"objectid":639,"msoa11cd":"E02000661","msoa11nm":"Lewisham 009","Age_65plus_with_LTHC":370,"Age_65plus_with_LTHC_PC":46.8354430379747,"Shape_Length":7660.5499214947395,"Shape_Area":1287849.1591020252,"MSOA_HCLName":"Blackheath Village","in_cw":false,"whole_in_zone":false},"geometry":{"type":"MultiPolygon","coordinates":[[[[0.014955,51.472698],[0.016268,51.470033],[0.016701,51.469495],[0.016393,51.469055],[0.0136,51.469881],[0.012661,51.469779],[0.013095,51.468457],[0.012842,51.46768],[0.013326,51.466837],[0.012187,51.466525],[0.009993,51.466007],[0.009818,51.46598],[0.009166,51.465878],[0.00916,51.464585],[0.009369,51.46403],[0.009899,51.461504],[0.009883,51.460733],[0.010102,51.459248],[0.010128,51.459162],[0.011434,51.456676],[0.009741,51.456628],[0.009553,51.456721],[0.008165,51.457992],[0.006721,51.458592],[0.006142,51.458664],[0.005919,51.458674],[0.00306,51.458615],[0.001943,51.458612],[-0.000148,51.458589],[-0.001751,51.458694],[-0.003103,51.459103],[-0.003731,51.459601],[-0.002099,51.460119],[-0.000864,51.460345],[-0.000757,51.460031],[-0.00061,51.459998],[0.001325,51.460175],[0.001111,51.460616],[0.00321,51.461075],[0.003062,51.461198],[0.002255,51.462023],[0.002131,51.462786],[0.00172,51.46276],[0.001467,51.463207],[0.000684,51.46434],[0.002521,51.464548],[0.002895,51.465266],[0.00247,51.46543],[0.001243,51.465351],[0.000857,51.465926],[0.001493,51.465895],[0.001548,51.466285],[0.002435,51.466425],[0.002113,51.467036],[0.000656,51.467338],[0.000357,51.467776],[-0.000055,51.469213],[-0.001358,51.469712],[-0.002196,51.469987],[-0.002176,51.471903],[-0.000641,51.471809],[0.012142,51.473174],[0.016315,51.473672],[0.018063,51.473838],[0.015651,51.473259],[0.014961,51.473093],[0.014955,51.472698]]]]}},
{"type":"Feature","properties":{"layer":"London_MSOAs_Generalised_inc_Attributes_Rev_20220331","id":716,"OBJECTID_1":716,"objectid":716,"msoa11cd":"E02000740","msoa11nm":"Newham 027","Age_65plus_with_LTHC":251,"Age_65plus_with_LTHC_PC":66.4021164021164,"Shape_Length":6300.595013380895,"Shape_Area":1263480.5587120396,"MSOA_HCLName":"Canning Town North","in_cw":false,"whole_in_zone":false},"geometry":{"type":"MultiPolygon","coordinates":[[[[0.021251,51.526056],[0.021247,51.525329],[0.019337,51.525483],[0.019249,51.525227],[0.020163,51.525158],[0.019955,51.524393],[0.01957,51.524482],[0.018837,51.524496],[0.016771,51.524403],[0.016941,51.523779],[0.016042,51.523651],[0.014914,51.522915],[0.012341,51.522767],[0.011964,51.52278],[0.011359,51.521749],[0.010716,51.521804],[0.010065,51.521811],[0.009901,51.522669],[0.00875,51.522564],[0.007683,51.52185],[0.007922,51.521071],[0.007591,51.521167],[0.007357,51.521789],[0.005193,51.522157],[0.003772,51.521922],[0.003821,51.520785],[-0.003667,51.521615],[-0.004796,51.522488],[-0.005513,51.523894],[-0.007064,51.523907],[-0.006417,51.525682],[0.000743,51.527353],[0.004791,51.528301],[0.004837,51.528312],[0.007473,51.528943],[0.011987,51.530001],[0.01392,51.530481],[0.016713,51.531154],[0.017971,51.531405],[0.018405,51.531229],[0.019321,51.531032],[0.019225,51.530794],[0.018393,51.529222],[0.018094,51.528585],[0.017608,51.527579],[0.017741,51.527533],[0.019944,51.526562],[0.020724,51.526248],[0.021251,51.526056]]],[[[-0.0076,51.52393],[-0.008043,51.523937],[-0.007996,51.524211],[-0.007552,51.52541],[-0.00705,51.525538],[-0.0076,51.52393]]]]}},
{"type":"Feature","properties":{"layer":"London_MSOAs_Generalised_inc_Attributes_Rev_20220331","id":719,"OBJECTID_1":719,"objectid":719,"msoa11cd":"E02000743","msoa11nm":"Newham 030","Age_65plus_with_LTHC":460,"Age_65plus_with_LTHC_PC":66.4739884393064,"Shape_Length":5203.072066122657,"Shape_Area":629369.9228338005,"MSOA_HCLName":"Canning Town Central","in_cw":false,"whole_in_zone":false},"geometry":{"type":"MultiPolygon","coordinates":[[[[0.023135,51.52549],[0.024701,51.525216],[0.024763,51.525197],[0.02568,51.525016],[0.02736,51.524798],[0.025552,51.52368],[0.02253,51.522337],[0.02003,51.521089],[0.019095,51.520648],[0.016875,51.519659],[0.017701,51.518731],[0.016919,51.517994],[0.01738,51.517297],[0.017122,51.517101],[0.015348,51.516813],[0.014826,51.516716],[0.013103,51.516389],[0.012278,51.516233],[0.00698,51.515222],[0.007722,51.515421],[0.007755,51.516167],[0.007368,51.516866],[0.006463,51.517398],[0.008008,51.517271],[0.007632,51.51893],[0.009115,51.518867],[0.009172,51.517933],[0.009344,51.517757],[0.009754,51.518159],[0.010368,51.518148],[0.009866,51.518337],[0.00996,51.51965],[0.010931,51.519846],[0.011443,51.520323],[0.010451,51.520569],[0.010503,51.520961],[0.010081,51.521064],[0.010065,51.521811],[0.010716,51.521804],[0.011359,51.521749],[0.011964,51.52278],[0.012341,51.522767],[0.014914,51.522915],[0.016042,51.523651],[0.016941,51.523779],[0.016771,51.524403],[0.018837,51.524496],[0.01957,51.524482],[0.019955,51.524393],[0.020163,51.525158],[0.019249,51.525227],[0.019337,51.525483],[0.021247,51.525329],[0.021251,51.526056],[0.023135,51.52549]]]]}},
{"type":"Feature","properties":{"layer":"London_MSOAs_Generalised_inc_Attributes_Rev_20220331","id":723,"OBJECTID_1":723,"objectid":723,"msoa11cd":"E02000747","msoa11nm":"Newham 034","Age_65plus_with_LTHC":477,"Age_65plus_with_LTHC_PC":68.7319884726225,"Shape_Length":12015.775095977599,"Shape_Area":1897589.9270828236,"MSOA_HCLName":"Canning Town South & Bow Creek","in_cw":false,"whole_in_zone":false},"geometry":{"type":"MultiPolygon","coordinates":[[[[-0.003667,51.521615],[0.003821,51.520785],[0.003772,51.521922],[0.005193,51.522157],[0.007357,51.521789],[0.007591,51.521167],[0.007922,51.521071],[0.007683,51.52185],[0.00875,51.522564],[0.009901,51.522669],[0.010065,51.521811],[0.010081,51.521064],[0.010503,51.520961],[0.010451,51.520569],[0.011443,51.520323],[0.010931,51.519846],[0.00996,51.51965],[0.009866,51.518337],[0.010368,51.518148],[0.009754,51.518159],[0.009344,51.517757],[0.009172,51.517933],[0.009115,51.518867],[0.007632,51.51893],[0.008008,51.517271],[0.006463,51.517398],[0.007368,51.516866],[0.007755,51.516167],[0.007722,51.515421],[0.00698,51.515222],[0.012278,51.516233],[0.013103,51.516389],[0.014826,51.516716],[0.015348,51.516813],[0.017122,51.517101],[0.01738,51.517297],[0.018153,51.517275],[0.01848,51.515875],[0.017187,51.51587],[0.017172,51.515455],[0.016963,51.514919],[0.017411,51.514823],[0.017382,51.514468],[0.016867,51.514613],[0.016661,51.514407],[0.017398,51.513835],[0.017873,51.513842],[0.017756,51.513386],[0.017742,51.513142],[0.019082,51.513005],[0.019264,51.513762],[0.019363,51.514381],[0.020694,51.514069],[0.021012,51.513957],[0.021747,51.513699],[0.021629,51.513575],[0.020376,51.51227],[0.022069,51.512239],[0.02197,51.511818],[0.021915,51.51118],[0.024441,51.511191],[0.025614,51.511133],[0.026064,51.51034],[0.026281,51.509949],[0.02685,51.509577],[0.025528,51.509545],[0.025699,51.508012],[0.02549,51.505605],[0.024949,51.505566],[0.023204,51.505496],[0.021098,51.505436],[0.020571,51.505425],[0.018846,51.505393],[0.01832,51.505885],[0.016075,51.506018],[0.015536,51.505942],[0.013449,51.505229],[0.013432,51.504925],[0.012097,51.505243],[0.009735,51.5068],[0.010572,51.508566],[0.009968,51.50914],[0.006599,51.510027],[0.008254,51.512598],[0.007626,51.51405],[0.006505,51.514581],[0.005275,51.514175],[0.00425,51.513225],[0.003782,51.511019],[0.002868,51.510823],[0.002706,51.51144],[0.004521,51.514721],[0.003637,51.515592],[0.000161,51.517102],[-0.002588,51.518563],[-0.002366,51.518207],[-0.00397,51.517985],[-0.005108,51.516929],[-0.006364,51.518801],[-0.008409,51.519963],[-0.00858,51.520832],[-0.007152,51.522884],[-0.007064,51.523907],[-0.005513,51.523894],[-0.004796,51.522488],[-0.003667,51.521615]]],[[[-0.0076,51.52393],[-0.007798,51.523106],[-0.008067,51.523744],[-0.008043,51.523937],[-0.0076,51.52393]]]]}},
{"type":"Feature","properties":{"layer":"London_MSOAs_Generalised_inc_Attributes_Rev_20220331","id":726,"OBJECTID_1":726,"objectid":726,"msoa11cd":"E02000750","msoa11nm":"Newham 037","Age_65plus_with_LTHC":241,"Age_65plus_with_LTHC_PC":55.9164733178654,"Shape_Length":10328.428125108097,"Shape_Area":3320240.6272543464,"MSOA_HCLName":"Royal Docks & North Woolwich","in_cw":false,"whole_in_zone":false},"geometry":{"type":"MultiPolygon","coordinates":[[[[0.077103,51.504886],[0.077835,51.504564],[0.076963,51.50381],[0.076339,51.503817],[0.076805,51.503525],[0.075396,51.502264],[0.074043,51.502116],[0.074784,51.501584],[0.074186,51.50083],[0.072799,51.500145],[0.071004,51.499562],[0.07065,51.499711],[0.07065,51.499452],[0.069,51.499132],[0.068636,51.499333],[0.068688,51.499087],[0.06359,51.498698],[0.058908,51.498385],[0.045897,51.499841],[0.037405,51.499814],[0.031622,51.499062],[0.024605,51.498711],[0.024468,51.498308],[0.023715,51.498395],[0.023687,51.498985],[0.02128,51.499158],[0.018381,51.500276],[0.016361,51.501594],[0.015727,51.502468],[0.014656,51.503016],[0.014927,51.50322],[0.014553,51.503114],[0.013162,51.504419],[0.013432,51.504925],[0.013449,51.505229],[0.015536,51.505942],[0.016075,51.506018],[0.01832,51.505885],[0.018846,51.505393],[0.020571,51.505425],[0.021098,51.505436],[0.023204,51.505496],[0.024949,51.505566],[0.02549,51.505605],[0.029917,51.505726],[0.039512,51.505459],[0.039234,51.506416],[0.039863,51.50663],[0.040514,51.507108],[0.042606,51.50758],[0.047303,51.507432],[0.067409,51.506853],[0.068166,51.506604],[0.071312,51.506204],[0.072719,51.50616],[0.074124,51.506116],[0.074251,51.505294],[0.076013,51.505063],[0.076734,51.504902],[0.077103,51.504886]]]]}},
{"type":"Feature","properties":{"layer":"London_MSOAs_Generalised_inc_Attributes_Rev_20220331","id":778,"OBJECTID_1":778,"objectid":778,"msoa11cd":"E02000807","msoa11nm":"Southwark 001","Age_65plus_with_LTHC":208,"Age_65plus_with_LTHC_PC":53.6082474226804,"Shape_Length":4208.606472625315,"Shape_Area":707031.3806164832,"MSOA_HCLName":"Rotherhithe","in_cw":false,"whole_in_zone":true},"geometry":{"type":"MultiPolygon","coordinates":[[[[-0.034301,51.506385],[-0.033008,51.505125],[-0.032955,51.504624],[-0.03638,51.504503],[-0.036204,51.504268],[-0.035909,51.503318],[-0.036865,51.503055],[-0.036831,51.501421],[-0.040547,51.501527],[-0.041258,51.501388],[-0.040978,51.501128],[-0.041708,51.500509],[-0.042183,51.500047],[-0.041794,51.499889],[-0.04283,51.498849],[-0.044698,51.499555],[-0.045845,51.498291],[-0.046072,51.498173],[-0.047129,51.498722],[-0.04832,51.498831],[-0.048156,51.499476],[-0.048704,51.499645],[-0.048737,51.500056],[-0.048783,51.500152],[-0.04824,51.500534],[-0.049525,51.500738],[-0.049942,51.501673],[-0.050081,51.501783],[-0.051222,51.502696],[-0.048824,51.50404],[-0.049065,51.504233],[-0.048552,51.504518],[-0.047922,51.504136],[-0.04754,51.504979],[-0.046988,51.505358],[-0.046102,51.505106],[-0.04632,51.505575],[-0.045986,51.505765],[-0.045544,51.506017],[-0.045256,51.505821],[-0.04514,51.506426],[-0.04381,51.507059],[-0.042846,51.507235],[-0.04199,51.507346],[-0.039816,51.507484],[-0.038606,51.50742],[-0.03719,51.507225],[-0.036324,51.507058],[-0.034301,51.506385]]]]}},
{"type":"Feature","properties":{"layer":"London_MSOAs_Generalised_inc_Attributes_Rev_20220331","id":779,"OBJECTID_1":779,"objectid":779,"msoa11cd":"E02000808","msoa11nm":"Southwark 002","Age_65plus_with_LTHC":355,"Age_65plus_with_LTHC_PC":54.4478527607362,"Shape_Length":6152.626628608175,"Shape_Area":1046680.0195467183,"MSOA_HCLName":"Borough & Southwark Street","in_cw":false,"whole_in_zone":false},"geometry":{"type":"MultiPolygon","coordinates":[[[[-0.104678,51.508461],[-0.104385,51.508402],[-0.10409,51.508416],[-0.104082,51.508483],[-0.099357,51.508476],[-0.095492,51.508322],[-0.094568,51.508014],[-0.09032,51.507046],[-0.09036,51.506625],[-0.09011,51.507024],[-0.088,51.506829],[-0.088363,51.506095],[-0.089412,51.505189],[-0.087107,51.504272],[-0.088094,51.50305],[-0.08804,51.502212],[-0.088959,51.501247],[-0.089059,51.501023],[-0.089852,51.501712],[-0.089827,51.501763],[-0.09063,51.501759],[-0.090646,51.50103],[-0.089962,51.500928],[-0.090398,51.500465],[-0.091225,51.500098],[-0.091058,51.49987],[-0.09085,51.499577],[-0.090279,51.499056],[-0.089824,51.498634],[-0.090628,51.498369],[-0.091988,51.499088],[-0.091613,51.499248],[-0.092559,51.500414],[-0.09436,51.499373],[-0.095016,51.50019],[-0.095083,51.500161],[-0.095575,51.499906],[-0.096518,51.499348],[-0.096909,51.499119],[-0.099634,51.496681],[-0.100243,51.497193],[-0.099834,51.499057],[-0.100352,51.49902],[-0.100668,51.500181],[-0.101525,51.501009],[-0.101142,51.501219],[-0.101579,51.501579],[-0.100553,51.501841],[-0.101292,51.502779],[-0.102183,51.503147],[-0.103521,51.503227],[-0.103754,51.503662],[-0.102755,51.503646],[-0.102813,51.504339],[-0.104498,51.504376],[-0.104463,51.505211],[-0.106449,51.505065],[-0.106947,51.506224],[-0.106979,51.506297],[-0.107312,51.50707],[-0.108135,51.506926],[-0.108755,51.507739],[-0.108786,51.507925],[-0.108875,51.508443],[-0.105857,51.508621],[-0.105538,51.508623],[-0.104674,51.508606],[-0.10475,51.508536],[-0.104699,51.508491],[-0.104678,51.508461]]]]}},
{"type":"Feature","properties":{"layer":"London_MSOAs_Generalised_inc_Attributes_Rev_20220331","id":780,"OBJECTID_1":780,"objectid":780,"msoa11cd":"E02000809","msoa11nm":"Southwark 003","Age_65plus_with_LTHC":174,"Age_65plus_with_LTHC_PC":43.5,"Shape_Length":6265.968962802193,"Shape_Area":758447.0097901754,"MSOA_HCLName":"Bermondsey North","in_cw":false,"whole_in_zone":true},"geometry":{"type":"MultiPolygon","coordinates":[[[[-0.070808,51.502518],[-0.071653,51.502038],[-0.071919,51.501781],[-0.073049,51.500872],[-0.073488,51.500465],[-0.072521,51.501048],[-0.072034,51.5013],[-0.071783,51.501533],[-0.071375,51.501818],[-0.070766,51.502213],[-0.070309,51.5021],[-0.068805,51.501803],[-0.067567,51.50141],[-0.067276,51.501343],[-0.066254,51.501255],[-0.066481,51.500857],[-0.066803,51.500425],[-0.068416,51.500949],[-0.069839,51.500914],[-0.070358,51.500477],[-0.07087,51.500509],[-0.072488,51.500059],[-0.071672,51.499405],[-0.072042,51.499127],[-0.073039,51.499049],[-0.072961,51.499813],[-0.074047,51.499767],[-0.074568,51.499059],[-0.074983,51.498976],[-0.074506,51.498698],[-0.075146,51.498452],[-0.074862,51.498101],[-0.075579,51.497834],[-0.076307,51.497714],[-0.076095,51.497475],[-0.076781,51.49728],[-0.077301,51.497665],[-0.077194,51.497123],[-0.077644,51.497041],[-0.077269,51.4965],[-0.078111,51.496626],[-0.078762,51.495818],[-0.081323,51.496589],[-0.081083,51.497019],[-0.080672,51.497197],[-0.079757,51.497714],[-0.081364,51.497944],[-0.082321,51.498102],[-0.082875,51.49818],[-0.08441,51.498648],[-0.084656,51.498746],[-0.085745,51.49923],[-0.085351,51.4997],[-0.08509,51.500472],[-0.086068,51.500448],[-0.086075,51.501021],[-0.085501,51.501037],[-0.085291,51.500695],[-0.085015,51.500769],[-0.083728,51.500789],[-0.083302,51.501253],[-0.083349,51.502206],[-0.082573,51.50249],[-0.081831,51.502307],[-0.081399,51.502736],[-0.088363,51.506095],[-0.088,51.506829],[-0.081012,51.505892],[-0.076091,51.504403],[-0.074261,51.503934],[-0.073027,51.50358],[-0.07118,51.50279],[-0.070808,51.502518]]]]}},
{"type":"Feature","properties":{"layer":"London_MSOAs_Generalised_inc_Attributes_Rev_20220331","id":781,"OBJECTID_1":781,"objectid":781,"msoa11cd":"E02000810","msoa11nm":"Southwark 004","Age_65plus_with_LTHC":421,"Age_65plus_with_LTHC_PC":61.1918604651163,"Shape_Length":5318.607919518873,"Shape_Area":680649.3736842703,"MSOA_HCLName":"Bermondsey East","in_cw":false,"whole_in_zone":true},"geometry":{"type":"MultiPolygon","coordinates":[[[[-0.064872,51.500778],[-0.064811,51.500775],[-0.064758,51.500819],[-0.063778,51.500735],[-0.063744,51.500626],[-0.063681,51.500614],[-0.059148,51.500707],[-0.059089,51.500522],[-0.060964,51.500505],[-0.060922,51.500262],[-0.060512,51.499293],[-0.060609,51.498648],[-0.060607,51.498557],[-0.06053,51.49812],[-0.062035,51.497865],[-0.061888,51.49724],[-0.061764,51.496739],[-0.061433,51.495397],[-0.062013,51.495345],[-0.063108,51.493566],[-0.06447,51.49415],[-0.066504,51.495063],[-0.068069,51.495773],[-0.068918,51.496195],[-0.069847,51.496653],[-0.069963,51.49606],[-0.070843,51.495953],[-0.070405,51.495747],[-0.070139,51.494713],[-0.070861,51.494951],[-0.072137,51.494695],[-0.072753,51.494379],[-0.072314,51.493959],[-0.07355,51.493567],[-0.073695,51.493242],[-0.073932,51.49305],[-0.074434,51.493197],[-0.075121,51.493263],[-0.074782,51.493505],[-0.075491,51.493657],[-0.075609,51.493998],[-0.07684,51.494404],[-0.077009,51.494155],[-0.077404,51.494211],[-0.077743,51.49468],[-0.076713,51.494729],[-0.076432,51.495003],[-0.077354,51.495335],[-0.078762,51.495818],[-0.078111,51.496626],[-0.077269,51.4965],[-0.077644,51.497041],[-0.077194,51.497123],[-0.077301,51.497665],[-0.076781,51.49728],[-0.076095,51.497475],[-0.076307,51.497714],[-0.075579,51.497834],[-0.074862,51.498101],[-0.075146,51.498452],[-0.074506,51.498698],[-0.074983,51.498976],[-0.074568,51.499059],[-0.074047,51.499767],[-0.072961,51.499813],[-0.073039,51.499049],[-0.072042,51.499127],[-0.071672,51.499405],[-0.072488,51.500059],[-0.07087,51.500509],[-0.070358,51.500477],[-0.069839,51.500914],[-0.068416,51.500949],[-0.066803,51.500425],[-0.066481,51.500857],[-0.066254,51.501255],[-0.064872,51.500778]]]]}},
{"type":"Feature","properties":{"layer":"London_MSOAs_Generalised_inc_Attributes_Rev_20220331","id":782,"OBJECTID_1":782,"objectid":782,"msoa11cd":"E02000812","msoa11nm":"Southwark 006","Age_65plus_with_LTHC":390,"Age_65plus_with_LTHC_PC":60.8424336973479,"Shape_Length":6079.507423076144,"Shape_Area":705536.9269857346,"MSOA_HCLName":"London Bridge & Bermondsey West","in_cw":false,"whole_in_zone":true},"geometry":{"type":"MultiPolygon","coordinates":[[[[-0.081399,51.502736],[-0.081831,51.502307],[-0.082573,51.50249],[-0.083349,51.502206],[-0.083302,51.501253],[-0.083728,51.500789],[-0.085015,51.500769],[-0.085291,51.500695],[-0.085501,51.501037],[-0.086075,51.501021],[-0.086068,51.500448],[-0.08509,51.500472],[-0.085351,51.4997],[-0.085745,51.49923],[-0.084656,51.498746],[-0.08441,51.498648],[-0.082875,51.49818],[-0.082321,51.498102],[-0.081364,51.497944],[-0.079757,51.497714],[-0.080672,51.497197],[-0.081083,51.497019],[-0.081323,51.496589],[-0.078762,51.495818],[-0.077354,51.495335],[-0.076432,51.495003],[-0.076713,51.494729],[-0.077743,51.49468],[-0.077404,51.494211],[-0.079303,51.494161],[-0.079529,51.493915],[-0.078234,51.493005],[-0.079779,51.492175],[-0.081138,51.492755],[-0.082651,51.492863],[-0.083564,51.492713],[-0.083921,51.492991],[-0.085256,51.493957],[-0.086329,51.494175],[-0.088907,51.494214],[-0.090279,51.494197],[-0.090547,51.495333],[-0.092612,51.495346],[-0.092991,51.496157],[-0.091771,51.496948],[-0.091124,51.496479],[-0.090655,51.496717],[-0.090294,51.496986],[-0.089425,51.497106],[-0.088739,51.497625],[-0.089491,51.498325],[-0.089824,51.498634],[-0.090279,51.499056],[-0.09085,51.499577],[-0.091058,51.49987],[-0.091225,51.500098],[-0.090398,51.500465],[-0.089962,51.500928],[-0.090646,51.50103],[-0.09063,51.501759],[-0.089827,51.501763],[-0.089852,51.501712],[-0.089059,51.501023],[-0.088959,51.501247],[-0.08804,51.502212],[-0.088094,51.50305],[-0.087107,51.504272],[-0.089412,51.505189],[-0.088363,51.506095],[-0.081399,51.502736]]]]}},
{"type":"Feature","properties":{"layer":"London_MSOAs_Generalised_inc_Attributes_Rev_20220331","id":783,"OBJECTID_1":783,"objectid":783,"msoa11cd":"E02000813","msoa11nm":"Southwark 007","Age_65plus_with_LTHC":445,"Age_65plus_with_LTHC_PC":62.5,"Shape_Length":5282.974214534495,"Shape_Area":895070.1688657933,"MSOA_HCLName":"Canada Water","in_cw":false,"whole_in_zone":true},"geometry":{"type":"MultiPolygon","coordinates":[[[[-0.045534,51.495274],[-0.044399,51.494815],[-0.045401,51.49383],[-0.046551,51.493307],[-0.046932,51.493081],[-0.044876,51.491917],[-0.044782,51.491858],[-0.043527,51.490988],[-0.042452,51.490242],[-0.042284,51.490031],[-0.044517,51.490142],[-0.044741,51.490437],[-0.045781,51.490163],[-0.046515,51.490343],[-0.046521,51.490745],[-0.047306,51.490516],[-0.048587,51.490121],[-0.048671,51.490102],[-0.049208,51.490043],[-0.049804,51.491066],[-0.049245,51.491159],[-0.049743,51.491143],[-0.04962,51.491545],[-0.050537,51.491884],[-0.04873,51.493288],[-0.050276,51.493593],[-0.052328,51.493108],[-0.05504,51.494432],[-0.055525,51.494506],[-0.056364,51.495278],[-0.057506,51.494922],[-0.057839,51.49533],[-0.058477,51.495119],[-0.059338,51.494966],[-0.059572,51.495153],[-0.059886,51.495551],[-0.060226,51.496567],[-0.060275,51.496862],[-0.060429,51.497691],[-0.06053,51.49812],[-0.060607,51.498557],[-0.060609,51.498648],[-0.060512,51.499293],[-0.060922,51.500262],[-0.060964,51.500505],[-0.059089,51.500522],[-0.059148,51.500707],[-0.058212,51.500795],[-0.055807,51.501176],[-0.05199,51.50244],[-0.051222,51.502696],[-0.050081,51.501783],[-0.049942,51.501673],[-0.049525,51.500738],[-0.04824,51.500534],[-0.048783,51.500152],[-0.048737,51.500056],[-0.048704,51.499645],[-0.048156,51.499476],[-0.04832,51.498831],[-0.047129,51.498722],[-0.046072,51.498173],[-0.046027,51.498117],[-0.045714,51.497328],[-0.045956,51.495799],[-0.045534,51.495274]]]]}},
{"type":"Feature","properties":{"layer":"London_MSOAs_Generalised_inc_Attributes_Rev_20220331","id":784,"OBJECTID_1":784,"objectid":784,"msoa11cd":"E02000814","msoa11nm":"Southwark 008","Age_65plus_with_LTHC":212,"Age_65plus_with_LTHC_PC":53.2663316582915,"Shape_Length":5202.68861399516,"Shape_Area":984252.8949870208,"MSOA_HCLName":"Surrey Quays","in_cw":false,"whole_in_zone":true},"geometry":{"type":"MultiPolygon","coordinates":[[[[-0.032271,51.502812],[-0.032276,51.500826],[-0.03249,51.500107],[-0.032837,51.497603],[-0.032764,51.496942],[-0.0326,51.496909],[-0.032548,51.496482],[-0.03288,51.495875],[-0.032516,51.495651],[-0.03266,51.494394],[-0.033103,51.494279],[-0.03298,51.494105],[-0.032578,51.494123],[-0.032539,51.493753],[-0.032564,51.493699],[-0.032348,51.493027],[-0.034554,51.492761],[-0.037299,51.492223],[-0.038055,51.492396],[-0.038762,51.492814],[-0.039602,51.492988],[-0.040495,51.492785],[-0.040018,51.492164],[-0.041001,51.49183],[-0.040292,51.491063],[-0.041917,51.490445],[-0.042101,51.490375],[-0.042389,51.490266],[-0.042452,51.490242],[-0.043527,51.490988],[-0.044782,51.491858],[-0.044876,51.491917],[-0.046932,51.493081],[-0.046551,51.493307],[-0.045401,51.49383],[-0.044399,51.494815],[-0.045534,51.495274],[-0.045956,51.495799],[-0.045714,51.497328],[-0.046027,51.498117],[-0.046072,51.498173],[-0.045845,51.498291],[-0.044698,51.499555],[-0.04283,51.498849],[-0.041794,51.499889],[-0.042183,51.500047],[-0.041708,51.500509],[-0.040978,51.501128],[-0.041258,51.501388],[-0.040547,51.501527],[-0.036831,51.501421],[-0.036865,51.503055],[-0.035909,51.503318],[-0.036204,51.504268],[-0.03638,51.504503],[-0.032955,51.504624],[-0.03292,51.504361],[-0.032301,51.504319],[-0.032271,51.502812]]]]}},
{"type":"Feature","properties":{"layer":"London_MSOAs_Generalised_inc_Attributes_Rev_20220331","id":785,"OBJECTID_1":785,"objectid":785,"msoa11cd":"E02000815","msoa11nm":"Southwark 009","Age_65plus_with_LTHC":172,"Age_65plus_with_LTHC_PC":60.7773851590106,"Shape_Length":3402.3212285835107,"Shape_Area":418003.23748313606,"MSOA_HCLName":"Elephant & Castle","in_cw":false,"whole_in_zone":false},"geometry":{"type":"MultiPolygon","coordinates":[[[[-0.092559,51.500414],[-0.091613,51.499248],[-0.091988,51.499088],[-0.090628,51.498369],[-0.089824,51.498634],[-0.089491,51.498325],[-0.088739,51.497625],[-0.089425,51.497106],[-0.090294,51.496986],[-0.090655,51.496717],[-0.091124,51.496479],[-0.091771,51.496948],[-0.092991,51.496157],[-0.092612,51.495346],[-0.090547,51.495333],[-0.090279,51.494197],[-0.091781,51.494173],[-0.092845,51.494155],[-0.093603,51.494144],[-0.094255,51.494149],[-0.094673,51.493743],[-0.094392,51.493079],[-0.096196,51.492329],[-0.098015,51.491917],[-0.098399,51.492459],[-0.098601,51.492761],[-0.099314,51.493212],[-0.100343,51.493341],[-0.100635,51.494698],[-0.099737,51.495072],[-0.099877,51.495263],[-0.099993,51.495587],[-0.099997,51.49563],[-0.099911,51.496158],[-0.09969,51.496581],[-0.099634,51.496681],[-0.096909,51.499119],[-0.096518,51.499348],[-0.095575,51.499906],[-0.095083,51.500161],[-0.095016,51.50019],[-0.09436,51.499373],[-0.092559,51.500414]]]]}},
{"type":"Feature","properties":{"layer":"London_MSOAs_Generalised_inc_Attributes_Rev_20220331","id":786,"OBJECTID_1":786,"objectid":786,"msoa11cd":"E02000816","msoa11nm":"Southwark 010","Age_65plus_with_LTHC":431,"Age_65plus_with_LTHC_PC":58.1646423751687,"Shape_Length":4947.287103923585,"Shape_Area":760424.4752193433,"MSOA_HCLName":"South Bermondsey Central","in_cw":false,"whole_in_zone":true},"geometry":{"type":"MultiPolygon","coordinates":[[[[-0.066504,51.495063],[-0.06447,51.49415],[-0.063108,51.493566],[-0.06021,51.492302],[-0.060094,51.492251],[-0.059101,51.491823],[-0.057496,51.491111],[-0.056919,51.490878],[-0.056561,51.490733],[-0.056318,51.490627],[-0.055276,51.490157],[-0.056832,51.489265],[-0.05758,51.488763],[-0.057775,51.488505],[-0.058168,51.48812],[-0.059731,51.487746],[-0.061656,51.487233],[-0.061729,51.487192],[-0.063548,51.486124],[-0.065695,51.484962],[-0.066216,51.484068],[-0.067689,51.484574],[-0.06841,51.484866],[-0.068044,51.486067],[-0.068838,51.486625],[-0.068636,51.487622],[-0.068063,51.487948],[-0.067811,51.487338],[-0.067449,51.487718],[-0.067987,51.487952],[-0.067531,51.488511],[-0.068284,51.488628],[-0.0679,51.489638],[-0.06784,51.489872],[-0.068404,51.489992],[-0.068467,51.489774],[-0.06879,51.49001],[-0.068272,51.490413],[-0.069184,51.490512],[-0.068893,51.491414],[-0.06963,51.491496],[-0.069759,51.491012],[-0.071279,51.491218],[-0.071395,51.490898],[-0.072601,51.491187],[-0.072094,51.491668],[-0.071957,51.49265],[-0.072894,51.492743],[-0.073695,51.493242],[-0.07355,51.493567],[-0.072314,51.493959],[-0.072753,51.494379],[-0.072137,51.494695],[-0.070861,51.494951],[-0.070139,51.494713],[-0.070405,51.495747],[-0.070843,51.495953],[-0.069963,51.49606],[-0.069847,51.496653],[-0.068918,51.496195],[-0.068069,51.495773],[-0.066504,51.495063]]]]}},
{"type":"Feature","properties":{"layer":"London_MSOAs_Generalised_inc_Attributes_Rev_20220331","id":787,"OBJECTID_1":787,"objectid":787,"msoa11cd":"E02000817","msoa11nm":"Southwark 011","Age_65plus_with_LTHC":488,"Age_65plus_with_LTHC_PC":67.4965421853389,"Shape_Length":5846.493451227063,"Shape_Area":662661.1354992351,"MSOA_HCLName":"South Bermondsey East","in_cw":false,"whole_in_zone":true},"geometry":{"type":"MultiPolygon","coordinates":[[[[-0.059572,51.495153],[-0.059338,51.494966],[-0.058477,51.495119],[-0.057839,51.49533],[-0.057506,51.494922],[-0.056364,51.495278],[-0.055525,51.494506],[-0.05504,51.494432],[-0.052328,51.493108],[-0.050276,51.493593],[-0.04873,51.493288],[-0.050537,51.491884],[-0.04962,51.491545],[-0.049743,51.491143],[-0.049245,51.491159],[-0.049804,51.491066],[-0.049208,51.490043],[-0.050095,51.489783],[-0.050487,51.489695],[-0.051908,51.489136],[-0.050002,51.488312],[-0.050197,51.488075],[-0.050547,51.487834],[-0.05209,51.487821],[-0.052523,51.487549],[-0.053964,51.48797],[-0.05284,51.486664],[-0.052984,51.485859],[-0.053488,51.485777],[-0.053136,51.485081],[-0.053736,51.485018],[-0.053884,51.484389],[-0.05549,51.484466],[-0.055952,51.484553],[-0.055925,51.484205],[-0.057829,51.484317],[-0.058143,51.485033],[-0.058874,51.48529],[-0.058107,51.485601],[-0.05821,51.486172],[-0.058724,51.486268],[-0.059673,51.486527],[-0.059844,51.48614],[-0.061551,51.486177],[-0.061445,51.486478],[-0.062007,51.486553],[-0.06166,51.487144],[-0.061729,51.487192],[-0.061656,51.487233],[-0.059731,51.487746],[-0.058168,51.48812],[-0.057775,51.488505],[-0.05758,51.488763],[-0.056832,51.489265],[-0.055276,51.490157],[-0.056318,51.490627],[-0.056561,51.490733],[-0.056919,51.490878],[-0.057496,51.491111],[-0.059101,51.491823],[-0.060094,51.492251],[-0.06021,51.492302],[-0.063108,51.493566],[-0.062013,51.495345],[-0.061433,51.495397],[-0.061764,51.496739],[-0.061888,51.49724],[-0.062035,51.497865],[-0.06053,51.49812],[-0.060429,51.497691],[-0.060275,51.496862],[-0.060226,51.496567],[-0.059886,51.495551],[-0.059572,51.495153]]]]}},
{"type":"Feature","properties":{"layer":"London_MSOAs_Generalised_inc_Attributes_Rev_20220331","id":788,"OBJECTID_1":788,"objectid":788,"msoa11cd":"E02000818","msoa11nm":"Southwark 012","Age_65plus_with_LTHC":450,"Age_65plus_with_LTHC_PC":63.5593220338983,"Shape_Length":5740.658443043087,"Shape_Area":586073.8048501598,"MSOA_HCLName":"Walworth North","in_cw":false,"whole_in_zone":false},"geometry":{"type":"MultiPolygon","coordinates":[[[[-0.081513,51.491114],[-0.081078,51.490776],[-0.081491,51.490594],[-0.082074,51.49036],[-0.082974,51.490234],[-0.083496,51.490835],[-0.083699,51.490936],[-0.084154,51.490958],[-0.08411,51.490578],[-0.084609,51.490365],[-0.08509,51.490589],[-0.085757,51.490123],[-0.084885,51.489678],[-0.085228,51.489614],[-0.086599,51.489322],[-0.088956,51.489546],[-0.089232,51.490045],[-0.088569,51.490235],[-0.089471,51.490962],[-0.090297,51.490998],[-0.089952,51.490088],[-0.091087,51.490129],[-0.092036,51.489816],[-0.092428,51.490341],[-0.09322,51.490534],[-0.094148,51.489909],[-0.093735,51.489594],[-0.094554,51.489504],[-0.094373,51.489193],[-0.09475,51.48866],[-0.094183,51.488072],[-0.095437,51.487753],[-0.094638,51.48642],[-0.094344,51.486071],[-0.094946,51.485943],[-0.095119,51.486146],[-0.095059,51.486506],[-0.095899,51.486842],[-0.096533,51.486711],[-0.09714,51.487485],[-0.096944,51.487167],[-0.09757,51.48696],[-0.097199,51.486901],[-0.097346,51.486307],[-0.097991,51.4858],[-0.098359,51.486063],[-0.100382,51.485181],[-0.101005,51.485591],[-0.100455,51.486068],[-0.101111,51.486398],[-0.102207,51.486678],[-0.102673,51.486954],[-0.102262,51.487264],[-0.102664,51.487576],[-0.102622,51.487644],[-0.10176,51.487994],[-0.100895,51.488987],[-0.100217,51.488612],[-0.098985,51.489069],[-0.099092,51.488831],[-0.098085,51.488817],[-0.096442,51.489515],[-0.096464,51.489557],[-0.097701,51.491456],[-0.098015,51.491917],[-0.096196,51.492329],[-0.094392,51.493079],[-0.094673,51.493743],[-0.094255,51.494149],[-0.093603,51.494144],[-0.092845,51.494155],[-0.091781,51.494173],[-0.090279,51.494197],[-0.088907,51.494214],[-0.086329,51.494175],[-0.085256,51.493957],[-0.083921,51.492991],[-0.083564,51.492713],[-0.082508,51.49189],[-0.082396,51.491802],[-0.081513,51.491114]]]]}},
{"type":"Feature","properties":{"layer":"London_MSOAs_Generalised_inc_Attributes_Rev_20220331","id":789,"OBJECTID_1":789,"objectid":789,"msoa11cd":"E02000819","msoa11nm":"Southwark 013","Age_65plus_with_LTHC":365,"Age_65plus_with_LTHC_PC":60.7321131447587,"Shape_Length":4299.99303405251,"Shape_Area":534520.0735050637,"MSOA_HCLName":"South Bermondsey West","in_cw":false,"whole_in_zone":true},"geometry":{"type":"MultiPolygon","coordinates":[[[[-0.07684,51.494404],[-0.075609,51.493998],[-0.075491,51.493657],[-0.074782,51.493505],[-0.075121,51.493263],[-0.074434,51.493197],[-0.073932,51.49305],[-0.073695,51.493242],[-0.072894,51.492743],[-0.071957,51.49265],[-0.072094,51.491668],[-0.072601,51.491187],[-0.071395,51.490898],[-0.071279,51.491218],[-0.069759,51.491012],[-0.06963,51.491496],[-0.068893,51.491414],[-0.069184,51.490512],[-0.068272,51.490413],[-0.06879,51.49001],[-0.068467,51.489774],[-0.068404,51.489992],[-0.06784,51.489872],[-0.0679,51.489638],[-0.068284,51.488628],[-0.067531,51.488511],[-0.067987,51.487952],[-0.067449,51.487718],[-0.067811,51.487338],[-0.068063,51.487948],[-0.068636,51.487622],[-0.068838,51.486625],[-0.068044,51.486067],[-0.06841,51.484866],[-0.070333,51.485573],[-0.071584,51.486014],[-0.072385,51.486297],[-0.073503,51.486722],[-0.075128,51.487407],[-0.076224,51.488015],[-0.077955,51.488897],[-0.078024,51.488934],[-0.081078,51.490776],[-0.081513,51.491114],[-0.082396,51.491802],[-0.082508,51.49189],[-0.083564,51.492713],[-0.082651,51.492863],[-0.081138,51.492755],[-0.079779,51.492175],[-0.078234,51.493005],[-0.079529,51.493915],[-0.079303,51.494161],[-0.077404,51.494211],[-0.077009,51.494155],[-0.07684,51.494404]]]]}},
{"type":"Feature","properties":{"layer":"London_MSOAs_Generalised_inc_Attributes_Rev_20220331","id":791,"OBJECTID_1":791,"objectid":791,"msoa11cd":"E02000821","msoa11nm":"Southwark 015","Age_65plus_with_LTHC":370,"Age_65plus_with_LTHC_PC":58.6370839936609,"Shape_Length":4884.804760275088,"Shape_Area":724756.627805574,"MSOA_HCLName":"Burgess Park","in_cw":false,"whole_in_zone":true},"geometry":{"type":"MultiPolygon","coordinates":[[[[-0.083496,51.490835],[-0.082974,51.490234],[-0.082074,51.49036],[-0.081491,51.490594],[-0.081078,51.490776],[-0.078024,51.488934],[-0.077955,51.488897],[-0.076224,51.488015],[-0.075128,51.487407],[-0.073503,51.486722],[-0.072385,51.486297],[-0.071584,51.486014],[-0.070333,51.485573],[-0.06841,51.484866],[-0.067689,51.484574],[-0.068668,51.483891],[-0.070629,51.483721],[-0.070656,51.483083],[-0.0729,51.482725],[-0.073936,51.482532],[-0.074003,51.48226],[-0.075302,51.48218],[-0.075782,51.48243],[-0.075738,51.48216],[-0.076624,51.482101],[-0.077994,51.482016],[-0.079667,51.481911],[-0.080983,51.481823],[-0.081133,51.482973],[-0.079684,51.483031],[-0.080671,51.484332],[-0.080993,51.48559],[-0.081562,51.485423],[-0.082321,51.485166],[-0.085793,51.483941],[-0.085886,51.484644],[-0.085617,51.485129],[-0.086209,51.485339],[-0.086676,51.485169],[-0.087075,51.485513],[-0.088058,51.486227],[-0.087262,51.486578],[-0.088307,51.486453],[-0.088827,51.487417],[-0.087125,51.487644],[-0.086648,51.487458],[-0.086802,51.487638],[-0.086247,51.488125],[-0.085903,51.48835],[-0.085956,51.488484],[-0.086481,51.48915],[-0.086599,51.489322],[-0.085228,51.489614],[-0.084885,51.489678],[-0.085757,51.490123],[-0.08509,51.490589],[-0.084609,51.490365],[-0.08411,51.490578],[-0.084154,51.490958],[-0.083699,51.490936],[-0.083496,51.490835]]]]}},
{"type":"Feature","properties":{"layer":"London_MSOAs_Generalised_inc_Attributes_Rev_20220331","id":792,"OBJECTID_1":792,"objectid":792,"msoa11cd":"E02000822","msoa11nm":"Southwark 016","Age_65plus_with_LTHC":345,"Age_65plus_with_LTHC_PC":64.8496240601504,"Shape_Length":5352.319160370929,"Shape_Area":472165.102270941,"MSOA_HCLName":"Walworth South","in_cw":false,"whole_in_zone":false},"geometry":{"type":"MultiPolygon","coordinates":[[[[-0.088569,51.490235],[-0.089232,51.490045],[-0.088956,51.489546],[-0.086599,51.489322],[-0.086481,51.48915],[-0.085956,51.488484],[-0.085903,51.48835],[-0.086247,51.488125],[-0.086802,51.487638],[-0.086648,51.487458],[-0.087125,51.487644],[-0.088827,51.487417],[-0.088307,51.486453],[-0.087262,51.486578],[-0.088058,51.486227],[-0.087075,51.485513],[-0.086676,51.485169],[-0.086209,51.485339],[-0.085617,51.485129],[-0.085886,51.484644],[-0.085793,51.483941],[-0.082321,51.485166],[-0.081562,51.485423],[-0.080993,51.48559],[-0.080671,51.484332],[-0.079684,51.483031],[-0.081133,51.482973],[-0.080983,51.481823],[-0.084053,51.481687],[-0.0842,51.482046],[-0.085618,51.481976],[-0.085524,51.481522],[-0.086162,51.483907],[-0.08797,51.48337],[-0.089922,51.482841],[-0.091864,51.482561],[-0.092097,51.483872],[-0.091808,51.484096],[-0.091753,51.484355],[-0.09238,51.484311],[-0.092489,51.484975],[-0.093054,51.484824],[-0.093205,51.485304],[-0.092864,51.485438],[-0.091626,51.485839],[-0.091224,51.486123],[-0.091725,51.486493],[-0.093342,51.486886],[-0.094638,51.48642],[-0.095437,51.487753],[-0.094183,51.488072],[-0.09475,51.48866],[-0.094373,51.489193],[-0.094554,51.489504],[-0.093735,51.489594],[-0.094148,51.489909],[-0.09322,51.490534],[-0.092428,51.490341],[-0.092036,51.489816],[-0.091087,51.490129],[-0.089952,51.490088],[-0.090297,51.490998],[-0.089471,51.490962],[-0.088569,51.490235]]]]}},
{"type":"Feature","properties":{"layer":"London_MSOAs_Generalised_inc_Attributes_Rev_20220331","id":793,"OBJECTID_1":793,"objectid":793,"msoa11cd":"E02000823","msoa11nm":"Southwark 017","Age_65plus_with_LTHC":391,"Age_65plus_with_LTHC_PC":61.4779874213837,"Shape_Length":5940.483594949875,"Shape_Area":646217.979403611,"MSOA_HCLName":"Burgess Park West & John Ruskin Street","in_cw":false,"whole_in_zone":false},"geometry":{"type":"MultiPolygon","coordinates":[[[[-0.09714,51.487485],[-0.096533,51.486711],[-0.095899,51.486842],[-0.095059,51.486506],[-0.095119,51.486146],[-0.094946,51.485943],[-0.094344,51.486071],[-0.094638,51.48642],[-0.093342,51.486886],[-0.091725,51.486493],[-0.091224,51.486123],[-0.091626,51.485839],[-0.092864,51.485438],[-0.093205,51.485304],[-0.093054,51.484824],[-0.092489,51.484975],[-0.09238,51.484311],[-0.091753,51.484355],[-0.091808,51.484096],[-0.092097,51.483872],[-0.091864,51.482561],[-0.089922,51.482841],[-0.08797,51.48337],[-0.086162,51.483907],[-0.085524,51.481522],[-0.0854,51.480908],[-0.085414,51.480438],[-0.086878,51.480852],[-0.088222,51.479935],[-0.088614,51.480038],[-0.090279,51.480476],[-0.090695,51.480249],[-0.09202,51.479621],[-0.09243,51.479471],[-0.093536,51.47909],[-0.094099,51.479002],[-0.094337,51.480883],[-0.095512,51.480713],[-0.096524,51.480513],[-0.096915,51.480759],[-0.097209,51.480534],[-0.098493,51.480633],[-0.100052,51.480316],[-0.100966,51.480496],[-0.101905,51.480988],[-0.10303,51.480443],[-0.103176,51.48037],[-0.104284,51.479858],[-0.104853,51.479552],[-0.105503,51.479149],[-0.108304,51.480316],[-0.104043,51.480855],[-0.104447,51.481288],[-0.105453,51.482265],[-0.105594,51.482469],[-0.104914,51.482711],[-0.104278,51.482437],[-0.104033,51.482688],[-0.103871,51.483067],[-0.102881,51.483205],[-0.101963,51.48249],[-0.101777,51.482705],[-0.101035,51.482698],[-0.101268,51.48292],[-0.100655,51.483207],[-0.101077,51.48343],[-0.100691,51.484336],[-0.101339,51.48442],[-0.100073,51.484987],[-0.100382,51.485181],[-0.098359,51.486063],[-0.097991,51.4858],[-0.097346,51.486307],[-0.097199,51.486901],[-0.09757,51.48696],[-0.096944,51.487167],[-0.09714,51.487485]]]]}},
{"type":"Feature","properties":{"layer":"London_MSOAs_Generalised_inc_Attributes_Rev_20220331","id":794,"OBJECTID_1":794,"objectid":794,"msoa11cd":"E02000824","msoa11nm":"Southwark 018","Age_65plus_with_LTHC":466,"Age_65plus_with_LTHC_PC":63.8356164383562,"Shape_Length":6108.534395292744,"Shape_Area":972506.1163055202,"MSOA_HCLName":"Peckham Park Road","in_cw":false,"whole_in_zone":true},"geometry":{"type":"MultiPolygon","coordinates":[[[[-0.061551,51.486177],[-0.059844,51.48614],[-0.059673,51.486527],[-0.058724,51.486268],[-0.05821,51.486172],[-0.058107,51.485601],[-0.058874,51.48529],[-0.058143,51.485033],[-0.057829,51.484317],[-0.055925,51.484205],[-0.055952,51.484553],[-0.05549,51.484466],[-0.053884,51.484389],[-0.053736,51.485018],[-0.053136,51.485081],[-0.052983,51.48457],[-0.052806,51.482689],[-0.053296,51.4808],[-0.053442,51.480462],[-0.053372,51.480302],[-0.053969,51.479103],[-0.055521,51.479747],[-0.055933,51.479265],[-0.056421,51.479451],[-0.058335,51.480166],[-0.059965,51.480796],[-0.059749,51.479636],[-0.060757,51.479251],[-0.060657,51.478639],[-0.059744,51.478647],[-0.060483,51.478496],[-0.060155,51.478306],[-0.060783,51.478026],[-0.061343,51.478048],[-0.060994,51.477695],[-0.061562,51.477547],[-0.062634,51.478904],[-0.063013,51.479262],[-0.064882,51.478772],[-0.065343,51.478702],[-0.066599,51.478512],[-0.067168,51.478421],[-0.068439,51.478218],[-0.069392,51.477916],[-0.070214,51.477609],[-0.070932,51.477482],[-0.073122,51.477191],[-0.073423,51.476875],[-0.074295,51.477021],[-0.074826,51.478451],[-0.076116,51.478432],[-0.07618,51.478735],[-0.075092,51.479295],[-0.074435,51.478729],[-0.074541,51.479341],[-0.07401,51.479364],[-0.07344,51.480267],[-0.074058,51.480696],[-0.072572,51.480931],[-0.073106,51.482177],[-0.0729,51.482725],[-0.070656,51.483083],[-0.070629,51.483721],[-0.068668,51.483891],[-0.067689,51.484574],[-0.066216,51.484068],[-0.065695,51.484962],[-0.063548,51.486124],[-0.061729,51.487192],[-0.06166,51.487144],[-0.062007,51.486553],[-0.061445,51.486478],[-0.061551,51.486177]]]]}},
{"type":"Feature","properties":{"layer":"London_MSOAs_Generalised_inc_Attributes_Rev_20220331","id":795,"OBJECTID_1":795,"objectid":795,"msoa11cd":"E02000825","msoa11nm":"Southwark 019","Age_65plus_with_LTHC":311,"Age_65plus_with_LTHC_PC":59.5785440613027,"Shape_Length":4860.44227277373,"Shape_Area":533899.0082412105,"MSOA_HCLName":"Peckham North West","in_cw":false,"whole_in_zone":true},"geometry":{"type":"MultiPolygon","coordinates":[[[[-0.073106,51.482177],[-0.072572,51.480931],[-0.074058,51.480696],[-0.07344,51.480267],[-0.07401,51.479364],[-0.074541,51.479341],[-0.074435,51.478729],[-0.075092,51.479295],[-0.07618,51.478735],[-0.076116,51.478432],[-0.074826,51.478451],[-0.074295,51.477021],[-0.073423,51.476875],[-0.073122,51.477191],[-0.072418,51.475435],[-0.071987,51.474384],[-0.071414,51.47438],[-0.071975,51.474052],[-0.072662,51.474165],[-0.073116,51.474636],[-0.074239,51.474059],[-0.075089,51.474248],[-0.077382,51.474255],[-0.078231,51.474172],[-0.078804,51.474112],[-0.079386,51.474533],[-0.082457,51.474127],[-0.082258,51.474622],[-0.083037,51.474816],[-0.083163,51.475386],[-0.082605,51.475755],[-0.082062,51.475539],[-0.082162,51.475909],[-0.081728,51.475947],[-0.082064,51.477203],[-0.081744,51.476602],[-0.080935,51.476704],[-0.081167,51.476888],[-0.080406,51.477136],[-0.080906,51.477963],[-0.081268,51.478554],[-0.081346,51.478681],[-0.081733,51.479295],[-0.081826,51.479438],[-0.082485,51.479416],[-0.082127,51.479895],[-0.082568,51.480515],[-0.083975,51.480838],[-0.0854,51.480908],[-0.085524,51.481522],[-0.085618,51.481976],[-0.0842,51.482046],[-0.084053,51.481687],[-0.080983,51.481823],[-0.079667,51.481911],[-0.077994,51.482016],[-0.076624,51.482101],[-0.075738,51.48216],[-0.075782,51.48243],[-0.075302,51.48218],[-0.074003,51.48226],[-0.073936,51.482532],[-0.0729,51.482725],[-0.073106,51.482177]]]]}},
{"type":"Feature","properties":{"layer":"London_MSOAs_Generalised_inc_Attributes_Rev_20220331","id":796,"OBJECTID_1":796,"objectid":796,"msoa11cd":"E02000826","msoa11nm":"Southwark 020","Age_65plus_with_LTHC":360,"Age_65plus_with_LTHC_PC":58.5365853658537,"Shape_Length":4875.927012115379,"Shape_Area":548666.1063209043,"MSOA_HCLName":"Camberwell North","in_cw":false,"whole_in_zone":false},"geometry":{"type":"MultiPolygon","coordinates":[[[[-0.082568,51.480515],[-0.082127,51.479895],[-0.082485,51.479416],[-0.081826,51.479438],[-0.081733,51.479295],[-0.081346,51.478681],[-0.081268,51.478554],[-0.080906,51.477963],[-0.080406,51.477136],[-0.081167,51.476888],[-0.080935,51.476704],[-0.081744,51.476602],[-0.082064,51.477203],[-0.081728,51.475947],[-0.082162,51.475909],[-0.082062,51.475539],[-0.082605,51.475755],[-0.083163,51.475386],[-0.083037,51.474816],[-0.082258,51.474622],[-0.082457,51.474127],[-0.08326,51.473751],[-0.083144,51.473039],[-0.083544,51.473086],[-0.08347,51.472509],[-0.084328,51.472394],[-0.084663,51.472896],[-0.085117,51.472787],[-0.085232,51.472996],[-0.086356,51.473072],[-0.085063,51.471169],[-0.085694,51.470994],[-0.086125,51.47165],[-0.086857,51.471947],[-0.086779,51.472269],[-0.087544,51.47219],[-0.087735,51.472749],[-0.087202,51.472976],[-0.08713,51.473491],[-0.087762,51.473537],[-0.087749,51.473845],[-0.088318,51.47399],[-0.0885,51.474882],[-0.088906,51.474999],[-0.088879,51.474396],[-0.089584,51.474353],[-0.090424,51.474343],[-0.090461,51.474812],[-0.09115,51.474658],[-0.091477,51.474507],[-0.091682,51.474872],[-0.091115,51.475125],[-0.090293,51.475332],[-0.090376,51.475774],[-0.092272,51.475526],[-0.093081,51.476096],[-0.09271,51.476451],[-0.092181,51.477017],[-0.091064,51.476888],[-0.090687,51.477223],[-0.091264,51.477265],[-0.091363,51.477942],[-0.091863,51.477903],[-0.091918,51.478146],[-0.092925,51.478118],[-0.09297,51.478904],[-0.093536,51.47909],[-0.09243,51.479471],[-0.09202,51.479621],[-0.090695,51.480249],[-0.090279,51.480476],[-0.088614,51.480038],[-0.088222,51.479935],[-0.086878,51.480852],[-0.085414,51.480438],[-0.0854,51.480908],[-0.083975,51.480838],[-0.082568,51.480515]]]]}},
{"type":"Feature","properties":{"layer":"London_MSOAs_Generalised_inc_Attributes_Rev_20220331","id":797,"OBJECTID_1":797,"objectid":797,"msoa11cd":"E02000827","msoa11nm":"Southwark 021","Age_65plus_with_LTHC":378,"Age_65plus_with_LTHC_PC":55.0218340611354,"Shape_Length":4370.547445627195,"Shape_Area":679187.3291396231,"MSOA_HCLName":"Camberwell Green","in_cw":false,"whole_in_zone":false},"geometry":{"type":"MultiPolygon","coordinates":[[[[-0.094337,51.480883],[-0.094099,51.479002],[-0.093536,51.47909],[-0.09297,51.478904],[-0.092925,51.478118],[-0.091918,51.478146],[-0.091863,51.477903],[-0.091363,51.477942],[-0.091264,51.477265],[-0.090687,51.477223],[-0.091064,51.476888],[-0.092181,51.477017],[-0.09271,51.476451],[-0.093081,51.476096],[-0.092272,51.475526],[-0.090376,51.475774],[-0.090293,51.475332],[-0.091115,51.475125],[-0.091682,51.474872],[-0.091477,51.474507],[-0.09115,51.474658],[-0.090461,51.474812],[-0.090424,51.474343],[-0.089991,51.473266],[-0.091136,51.472676],[-0.092972,51.472016],[-0.093573,51.471769],[-0.093863,51.471105],[-0.094049,51.470749],[-0.095981,51.469907],[-0.096929,51.470583],[-0.099273,51.472482],[-0.099325,51.472625],[-0.100474,51.474162],[-0.100388,51.475685],[-0.100383,51.475713],[-0.100138,51.476956],[-0.101451,51.477524],[-0.10331,51.478242],[-0.103573,51.478344],[-0.105503,51.479149],[-0.104853,51.479552],[-0.104284,51.479858],[-0.103176,51.48037],[-0.10303,51.480443],[-0.101905,51.480988],[-0.100966,51.480496],[-0.100052,51.480316],[-0.098493,51.480633],[-0.097209,51.480534],[-0.096915,51.480759],[-0.096524,51.480513],[-0.095512,51.480713],[-0.094337,51.480883]]]]}},
{"type":"Feature","properties":{"layer":"London_MSOAs_Generalised_inc_Attributes_Rev_20220331","id":798,"OBJECTID_1":798,"objectid":798,"msoa11cd":"E02000828","msoa11nm":"Southwark 022","Age_65plus_with_LTHC":335,"Age_65plus_with_LTHC_PC":59.2920353982301,"Shape_Length":4447.044317294884,"Shape_Area":636979.3947043387,"MSOA_HCLName":"Peckham North","in_cw":false,"whole_in_zone":false},"geometry":{"type":"MultiPolygon","coordinates":[[[[-0.060363,51.475249],[-0.060617,51.473938],[-0.061879,51.474009],[-0.063825,51.474013],[-0.063903,51.472695],[-0.064167,51.471235],[-0.063856,51.470418],[-0.063774,51.470191],[-0.063966,51.470034],[-0.065745,51.470386],[-0.067143,51.470062],[-0.067748,51.470353],[-0.067902,51.47096],[-0.069111,51.470785],[-0.068924,51.470548],[-0.069513,51.470403],[-0.069632,51.470613],[-0.070144,51.470515],[-0.070015,51.470784],[-0.072135,51.471227],[-0.072094,51.471789],[-0.072859,51.471796],[-0.072823,51.471305],[-0.074243,51.471085],[-0.074354,51.472202],[-0.074675,51.473084],[-0.074339,51.473192],[-0.073812,51.47313],[-0.073618,51.47277],[-0.072196,51.472764],[-0.07212,51.473082],[-0.073107,51.473275],[-0.072728,51.473659],[-0.074239,51.474059],[-0.073116,51.474636],[-0.072662,51.474165],[-0.071975,51.474052],[-0.071414,51.47438],[-0.071987,51.474384],[-0.072418,51.475435],[-0.073122,51.477191],[-0.070932,51.477482],[-0.070214,51.477609],[-0.069392,51.477916],[-0.068439,51.478218],[-0.067168,51.478421],[-0.066599,51.478512],[-0.065343,51.478702],[-0.064882,51.478772],[-0.063013,51.479262],[-0.062634,51.478904],[-0.061562,51.477547],[-0.06106,51.477005],[-0.060955,51.47666],[-0.060954,51.476578],[-0.060997,51.476231],[-0.060447,51.475672],[-0.060757,51.47532],[-0.060363,51.475249]]]]}},
{"type":"Feature","properties":{"layer":"London_MSOAs_Generalised_inc_Attributes_Rev_20220331","id":799,"OBJECTID_1":799,"objectid":799,"msoa11cd":"E02000829","msoa11nm":"Southwark 023","Age_65plus_with_LTHC":525,"Age_65plus_with_LTHC_PC":62.874251497006,"Shape_Length":4757.153924985426,"Shape_Area":792357.9254400766,"MSOA_HCLName":"Queens Road Peckham","in_cw":false,"whole_in_zone":false},"geometry":{"type":"MultiPolygon","coordinates":[[[[-0.056421,51.479451],[-0.055933,51.479265],[-0.055521,51.479747],[-0.053969,51.479103],[-0.054285,51.47861],[-0.052649,51.478009],[-0.052687,51.476628],[-0.052698,51.476077],[-0.052701,51.475587],[-0.052703,51.475387],[-0.052704,51.475242],[-0.052711,51.473591],[-0.052709,51.473355],[-0.052581,51.472541],[-0.052261,51.471523],[-0.052233,51.471433],[-0.053314,51.471732],[-0.053681,51.471465],[-0.053307,51.470285],[-0.052857,51.469244],[-0.053136,51.468677],[-0.053081,51.46847],[-0.053826,51.468393],[-0.054094,51.467811],[-0.055411,51.468346],[-0.055768,51.468224],[-0.056498,51.469348],[-0.056985,51.4694],[-0.056603,51.468326],[-0.057791,51.467856],[-0.05943,51.468439],[-0.061125,51.469091],[-0.063774,51.470191],[-0.063856,51.470418],[-0.064167,51.471235],[-0.063903,51.472695],[-0.063825,51.474013],[-0.061879,51.474009],[-0.060617,51.473938],[-0.060363,51.475249],[-0.060757,51.47532],[-0.060447,51.475672],[-0.060997,51.476231],[-0.060954,51.476578],[-0.060955,51.47666],[-0.06106,51.477005],[-0.061562,51.477547],[-0.060994,51.477695],[-0.061343,51.478048],[-0.060783,51.478026],[-0.060155,51.478306],[-0.060483,51.478496],[-0.059744,51.478647],[-0.060657,51.478639],[-0.060757,51.479251],[-0.059749,51.479636],[-0.059965,51.480796],[-0.058335,51.480166],[-0.056421,51.479451]]]]}},
{"type":"Feature","properties":{"layer":"London_MSOAs_Generalised_inc_Attributes_Rev_20220331","id":800,"OBJECTID_1":800,"objectid":800,"msoa11cd":"E02000830","msoa11nm":"Southwark 024","Age_65plus_with_LTHC":382,"Age_65plus_with_LTHC_PC":52.9085872576177,"Shape_Length":8006.437783931348,"Shape_Area":842191.8221481465,"MSOA_HCLName":"Camberwell South","in_cw":false,"whole_in_zone":false},"geometry":{"type":"MultiPolygon","coordinates":[[[[-0.087735,51.472749],[-0.087544,51.47219],[-0.086779,51.472269],[-0.086857,51.471947],[-0.086125,51.47165],[-0.085694,51.470994],[-0.085063,51.471169],[-0.086356,51.473072],[-0.085232,51.472996],[-0.085117,51.472787],[-0.084663,51.472896],[-0.084328,51.472394],[-0.08347,51.472509],[-0.083544,51.473086],[-0.083144,51.473039],[-0.08326,51.473751],[-0.082457,51.474127],[-0.079386,51.474533],[-0.078804,51.474112],[-0.078901,51.474095],[-0.07957,51.473944],[-0.078268,51.470958],[-0.07788,51.4701],[-0.078773,51.470081],[-0.078474,51.469366],[-0.074179,51.468971],[-0.073935,51.46896],[-0.075844,51.468582],[-0.077329,51.467838],[-0.07758,51.467617],[-0.078296,51.466779],[-0.078593,51.465377],[-0.077578,51.465376],[-0.077611,51.465124],[-0.076952,51.464983],[-0.074899,51.465364],[-0.076684,51.464064],[-0.075578,51.464165],[-0.075306,51.463635],[-0.077126,51.463212],[-0.077217,51.461988],[-0.076938,51.46215],[-0.075914,51.461806],[-0.075318,51.461581],[-0.075927,51.461263],[-0.077056,51.461789],[-0.078702,51.461425],[-0.079701,51.461515],[-0.080179,51.461766],[-0.080401,51.461502],[-0.082681,51.462623],[-0.082128,51.462968],[-0.080791,51.462115],[-0.080335,51.462599],[-0.080528,51.462345],[-0.079894,51.46212],[-0.078726,51.463981],[-0.079602,51.464427],[-0.07925,51.464647],[-0.079768,51.46494],[-0.079771,51.465361],[-0.080421,51.46571],[-0.080738,51.465484],[-0.081403,51.465713],[-0.081566,51.46519],[-0.082282,51.465285],[-0.08271,51.464959],[-0.083941,51.465057],[-0.083425,51.465308],[-0.083911,51.46584],[-0.084511,51.467004],[-0.085573,51.466666],[-0.086598,51.468302],[-0.087874,51.468202],[-0.088091,51.468502],[-0.091094,51.467615],[-0.09225,51.469141],[-0.092866,51.470662],[-0.092969,51.47197],[-0.092972,51.472016],[-0.091136,51.472676],[-0.089991,51.473266],[-0.090424,51.474343],[-0.089584,51.474353],[-0.088879,51.474396],[-0.088906,51.474999],[-0.0885,51.474882],[-0.088318,51.47399],[-0.087749,51.473845],[-0.087762,51.473537],[-0.08713,51.473491],[-0.087202,51.472976],[-0.087735,51.472749]]]]}},
{"type":"Feature","properties":{"layer":"London_MSOAs_Generalised_inc_Attributes_Rev_20220331","id":801,"OBJECTID_1":801,"objectid":801,"msoa11cd":"E02000831","msoa11nm":"Southwark 025","Age_65plus_with_LTHC":417,"Age_65plus_with_LTHC_PC":58.1589958158996,"Shape_Length":7398.522796562585,"Shape_Area":798708.1473821928,"MSOA_HCLName":"Peckham Rye","in_cw":false,"whole_in_zone":false},"geometry":{"type":"MultiPolygon","coordinates":[[[[-0.073107,51.473275],[-0.07212,51.473082],[-0.072196,51.472764],[-0.073618,51.47277],[-0.073812,51.47313],[-0.074339,51.473192],[-0.074675,51.473084],[-0.074354,51.472202],[-0.074243,51.471085],[-0.072823,51.471305],[-0.072859,51.471796],[-0.072094,51.471789],[-0.072135,51.471227],[-0.070015,51.470784],[-0.070144,51.470515],[-0.069632,51.470613],[-0.069513,51.470403],[-0.068924,51.470548],[-0.069111,51.470785],[-0.067902,51.47096],[-0.067748,51.470353],[-0.067143,51.470062],[-0.065745,51.470386],[-0.063966,51.470034],[-0.064772,51.469985],[-0.065109,51.469496],[-0.06571,51.469402],[-0.065695,51.469051],[-0.064957,51.468889],[-0.065548,51.46876],[-0.06543,51.468173],[-0.066367,51.467852],[-0.065162,51.467259],[-0.06527,51.467052],[-0.065063,51.466963],[-0.06484,51.466384],[-0.064097,51.465972],[-0.063821,51.466199],[-0.064251,51.466452],[-0.062882,51.467199],[-0.062782,51.466503],[-0.062066,51.465839],[-0.062596,51.465587],[-0.063018,51.465846],[-0.06364,51.465411],[-0.064134,51.465725],[-0.064088,51.465232],[-0.064721,51.465065],[-0.0655,51.465311],[-0.065292,51.464987],[-0.065893,51.464931],[-0.066054,51.465204],[-0.066494,51.464991],[-0.066487,51.4645],[-0.066505,51.463614],[-0.066933,51.463652],[-0.067121,51.463162],[-0.067726,51.463442],[-0.06758,51.462795],[-0.06811,51.462589],[-0.068714,51.464258],[-0.069171,51.464188],[-0.069028,51.462787],[-0.068171,51.462184],[-0.069958,51.461734],[-0.07138,51.461417],[-0.07152,51.462069],[-0.071563,51.462265],[-0.072139,51.463113],[-0.073558,51.465168],[-0.072845,51.465703],[-0.072403,51.465796],[-0.072775,51.466485],[-0.072958,51.466661],[-0.073979,51.465953],[-0.077263,51.46539],[-0.077578,51.465376],[-0.078593,51.465377],[-0.078296,51.466779],[-0.07758,51.467617],[-0.077329,51.467838],[-0.075844,51.468582],[-0.073935,51.46896],[-0.074179,51.468971],[-0.078474,51.469366],[-0.078773,51.470081],[-0.07788,51.4701],[-0.078268,51.470958],[-0.07957,51.473944],[-0.078901,51.474095],[-0.078804,51.474112],[-0.078231,51.474172],[-0.077382,51.474255],[-0.075089,51.474248],[-0.074239,51.474059],[-0.072728,51.473659],[-0.073107,51.473275]]]]}},
{"type":"Feature","properties":{"layer":"London_MSOAs_Generalised_inc_Attributes_Rev_20220331","id":839,"OBJECTID_1":839,"objectid":839,"msoa11cd":"E02000870","msoa11nm":"Tower Hamlets 007","Age_65plus_with_LTHC":324,"Age_65plus_with_LTHC_PC":64.5418326693227,"Shape_Length":3820.1727982514567,"Shape_Area":395473.750686855,"MSOA_HCLName":"Bethnal Green East","in_cw":false,"whole_in_zone":false},"geometry":{"type":"MultiPolygon","coordinates":[[[[-0.04631,51.530632],[-0.047112,51.529979],[-0.047806,51.530118],[-0.047654,51.52952],[-0.047332,51.529025],[-0.046716,51.528513],[-0.04637,51.528639],[-0.046645,51.529199],[-0.046161,51.529029],[-0.045243,51.529439],[-0.044829,51.529624],[-0.043388,51.528477],[-0.04337,51.528425],[-0.043288,51.528165],[-0.043132,51.527523],[-0.043539,51.527023],[-0.043492,51.526896],[-0.044494,51.526729],[-0.046095,51.526462],[-0.046123,51.52619],[-0.04569,51.52627],[-0.04419,51.524613],[-0.044456,51.524432],[-0.043775,51.523845],[-0.044137,51.523673],[-0.046639,51.52292],[-0.046885,51.523146],[-0.047087,51.522801],[-0.04752,51.523287],[-0.047627,51.523408],[-0.04889,51.524887],[-0.049114,51.525094],[-0.050684,51.527102],[-0.050765,51.527262],[-0.051007,51.52772],[-0.051088,51.527872],[-0.053298,51.52758],[-0.055261,51.527321],[-0.055341,51.527543],[-0.05577,51.529229],[-0.055106,51.529515],[-0.053801,51.5299],[-0.053433,51.530007],[-0.052163,51.530335],[-0.051477,51.530533],[-0.051354,51.530568],[-0.04782,51.531061],[-0.045333,51.531443],[-0.04631,51.530632]]]]}},
{"type":"Feature","properties":{"layer":"London_MSOAs_Generalised_inc_Attributes_Rev_20220331","id":840,"OBJECTID_1":840,"objectid":840,"msoa11cd":"E02000871","msoa11nm":"Tower Hamlets 008","Age_65plus_with_LTHC":338,"Age_65plus_with_LTHC_PC":63.2958801498127,"Shape_Length":3672.2823759872845,"Shape_Area":668932.0772307338,"MSOA_HCLName":"Bromley-by-Bow East","in_cw":false,"whole_in_zone":false},"geometry":{"type":"MultiPolygon","coordinates":[[[[-0.009026,51.522378],[-0.011775,51.520599],[-0.013445,51.519943],[-0.013799,51.519788],[-0.015386,51.520868],[-0.016037,51.522059],[-0.016218,51.521794],[-0.018052,51.522357],[-0.01883,51.52157],[-0.01896,51.521316],[-0.020038,51.521188],[-0.019433,51.522165],[-0.01881,51.522293],[-0.01925,51.522993],[-0.018622,51.523037],[-0.019453,51.524538],[-0.01882,51.524664],[-0.019732,51.526204],[-0.020979,51.527931],[-0.019446,51.528097],[-0.019005,51.52814],[-0.017769,51.52832],[-0.016352,51.528704],[-0.015925,51.528862],[-0.015541,51.52906],[-0.01434,51.52958],[-0.014235,51.529617],[-0.013682,51.529811],[-0.013576,51.529838],[-0.010522,51.529174],[-0.010207,51.528499],[-0.008581,51.527595],[-0.007337,51.526044],[-0.007321,51.525967],[-0.007552,51.52541],[-0.007996,51.524211],[-0.008043,51.523937],[-0.008067,51.523744],[-0.009026,51.522378]]]]}},
{"type":"Feature","properties":{"layer":"London_MSOAs_Generalised_inc_Attributes_Rev_20220331","id":841,"OBJECTID_1":841,"objectid":841,"msoa11cd":"E02000872","msoa11nm":"Tower Hamlets 009","Age_65plus_with_LTHC":293,"Age_65plus_with_LTHC_PC":67.8240740740741,"Shape_Length":4163.196514566012,"Shape_Area":458659.66406346567,"MSOA_HCLName":"Brick Lane North","in_cw":false,"whole_in_zone":false},"geometry":{"type":"MultiPolygon","coordinates":[[[[-0.065553,51.52873],[-0.065311,51.528295],[-0.06496,51.528361],[-0.06494,51.527578],[-0.064762,51.527037],[-0.064581,51.526452],[-0.064501,51.526171],[-0.06425,51.525341],[-0.063907,51.523796],[-0.064046,51.523249],[-0.064312,51.522034],[-0.064256,51.52154],[-0.066654,51.521631],[-0.067685,51.521701],[-0.069019,51.521793],[-0.071414,51.521979],[-0.071663,51.522],[-0.074075,51.522124],[-0.076136,51.522155],[-0.075698,51.523328],[-0.075896,51.524321],[-0.07639,51.52429],[-0.076423,51.524575],[-0.076435,51.524688],[-0.076514,51.525381],[-0.075539,51.525774],[-0.075151,51.52554],[-0.074747,51.525761],[-0.074553,51.525354],[-0.073881,51.525297],[-0.073668,51.525532],[-0.07353,51.52519],[-0.073707,51.52639],[-0.07412,51.526276],[-0.074246,51.526497],[-0.073448,51.526698],[-0.07283,51.525055],[-0.072687,51.524702],[-0.072365,51.524752],[-0.070415,51.525457],[-0.069519,51.525394],[-0.06918,51.525796],[-0.07047,51.526287],[-0.070885,51.526732],[-0.071108,51.526915],[-0.071015,51.527792],[-0.07172,51.527961],[-0.07114,51.528211],[-0.06931,51.528172],[-0.069289,51.527812],[-0.068695,51.527839],[-0.067996,51.52788],[-0.068161,51.528414],[-0.067547,51.528469],[-0.067071,51.527946],[-0.067263,51.528507],[-0.065553,51.52873]]]]}},
{"type":"Feature","properties":{"layer":"London_MSOAs_Generalised_inc_Attributes_Rev_20220331","id":842,"OBJECTID_1":842,"objectid":842,"msoa11cd":"E02000873","msoa11nm":"Tower Hamlets 010","Age_65plus_with_LTHC":329,"Age_65plus_with_LTHC_PC":68.8284518828452,"Shape_Length":4227.068517854156,"Shape_Area":503250.82571422175,"MSOA_HCLName":"Mile End West","in_cw":false,"whole_in_zone":false},"geometry":{"type":"MultiPolygon","coordinates":[[[[-0.042176,51.530389],[-0.040996,51.528834],[-0.039912,51.527307],[-0.03971,51.526998],[-0.037041,51.524239],[-0.036492,51.522927],[-0.036449,51.521969],[-0.036415,51.521468],[-0.038422,51.521282],[-0.040191,51.520932],[-0.041225,51.520717],[-0.042361,51.520483],[-0.044031,51.520188],[-0.044893,51.520977],[-0.04583,51.521948],[-0.046174,51.521873],[-0.047087,51.522801],[-0.046885,51.523146],[-0.046639,51.52292],[-0.044137,51.523673],[-0.043775,51.523845],[-0.044456,51.524432],[-0.04419,51.524613],[-0.04569,51.52627],[-0.046123,51.52619],[-0.046095,51.526462],[-0.044494,51.526729],[-0.043492,51.526896],[-0.043539,51.527023],[-0.043132,51.527523],[-0.043288,51.528165],[-0.04337,51.528425],[-0.043388,51.528477],[-0.044829,51.529624],[-0.045243,51.529439],[-0.046161,51.529029],[-0.046645,51.529199],[-0.04637,51.528639],[-0.046716,51.528513],[-0.047332,51.529025],[-0.047654,51.52952],[-0.047806,51.530118],[-0.047112,51.529979],[-0.04631,51.530632],[-0.045333,51.531443],[-0.04475,51.531651],[-0.044464,51.531857],[-0.043957,51.531617],[-0.042176,51.530389]]]]}},
{"type":"Feature","properties":{"layer":"London_MSOAs_Generalised_inc_Attributes_Rev_20220331","id":843,"OBJECTID_1":843,"objectid":843,"msoa11cd":"E02000874","msoa11nm":"Tower Hamlets 011","Age_65plus_with_LTHC":277,"Age_65plus_with_LTHC_PC":66.109785202864,"Shape_Length":3302.632289026754,"Shape_Area":344291.5009249595,"MSOA_HCLName":"Bethnal Green Central","in_cw":false,"whole_in_zone":false},"geometry":{"type":"MultiPolygon","coordinates":[[[[-0.050765,51.527262],[-0.050684,51.527102],[-0.049114,51.525094],[-0.04889,51.524887],[-0.047627,51.523408],[-0.04752,51.523287],[-0.047087,51.522801],[-0.046174,51.521873],[-0.04824,51.521464],[-0.04899,51.521308],[-0.049162,51.522447],[-0.049996,51.52238],[-0.050032,51.522764],[-0.05098,51.522453],[-0.051429,51.522806],[-0.052646,51.522283],[-0.053287,51.522583],[-0.05289,51.522823],[-0.054285,51.522799],[-0.053826,51.522421],[-0.054795,51.522262],[-0.055116,51.522623],[-0.055093,51.522685],[-0.055833,51.522836],[-0.058121,51.522806],[-0.056513,51.523302],[-0.056461,51.524524],[-0.058421,51.524206],[-0.058539,51.524612],[-0.059006,51.525582],[-0.058215,51.52578],[-0.058326,51.526187],[-0.05783,51.52624],[-0.057741,51.526476],[-0.056894,51.526577],[-0.056884,51.527156],[-0.056323,51.526985],[-0.055686,51.527496],[-0.055341,51.527543],[-0.055261,51.527321],[-0.053298,51.52758],[-0.051088,51.527872],[-0.051007,51.52772],[-0.050765,51.527262]]]]}},
{"type":"Feature","properties":{"layer":"London_MSOAs_Generalised_inc_Attributes_Rev_20220331","id":844,"OBJECTID_1":844,"objectid":844,"msoa11cd":"E02000875","msoa11nm":"Tower Hamlets 012","Age_65plus_with_LTHC":295,"Age_65plus_with_LTHC_PC":63.8528138528139,"Shape_Length":4485.849637460782,"Shape_Area":667014.1545943305,"MSOA_HCLName":"Bromley-by-Bow West","in_cw":false,"whole_in_zone":false},"geometry":{"type":"MultiPolygon","coordinates":[[[[-0.01882,51.524664],[-0.019453,51.524538],[-0.018622,51.523037],[-0.01925,51.522993],[-0.01881,51.522293],[-0.019433,51.522165],[-0.020038,51.521188],[-0.01896,51.521316],[-0.01883,51.52157],[-0.018052,51.522357],[-0.016218,51.521794],[-0.016037,51.522059],[-0.015386,51.520868],[-0.013799,51.519788],[-0.014202,51.519615],[-0.015344,51.51913],[-0.016572,51.518629],[-0.01845,51.517861],[-0.019834,51.517295],[-0.02159,51.516598],[-0.021952,51.516871],[-0.023089,51.518523],[-0.024059,51.519494],[-0.024717,51.519773],[-0.027326,51.520758],[-0.027444,51.520785],[-0.027277,51.52133],[-0.02828,51.522786],[-0.028239,51.523406],[-0.027139,51.523504],[-0.02582,51.524127],[-0.025196,51.524115],[-0.024965,51.524439],[-0.02606,51.524781],[-0.026924,51.524543],[-0.02781,51.524343],[-0.028481,51.525478],[-0.028774,51.52605],[-0.027796,51.52633],[-0.027926,51.526546],[-0.026856,51.526778],[-0.025687,51.527032],[-0.025485,51.527075],[-0.024019,51.527378],[-0.022645,51.527664],[-0.020979,51.527931],[-0.019732,51.526204],[-0.01882,51.524664]]]]}},
{"type":"Feature","properties":{"layer":"London_MSOAs_Generalised_inc_Attributes_Rev_20220331","id":845,"OBJECTID_1":845,"objectid":845,"msoa11cd":"E02000876","msoa11nm":"Tower Hamlets 013","Age_65plus_with_LTHC":237,"Age_65plus_with_LTHC_PC":70.9580838323353,"Shape_Length":4548.057288082079,"Shape_Area":538640.492547679,"MSOA_HCLName":"Bethnal Green South","in_cw":false,"whole_in_zone":false},"geometry":{"type":"MultiPolygon","coordinates":[[[[-0.055686,51.527496],[-0.056323,51.526985],[-0.056884,51.527156],[-0.056894,51.526577],[-0.057741,51.526476],[-0.05783,51.52624],[-0.058326,51.526187],[-0.058215,51.52578],[-0.059006,51.525582],[-0.058539,51.524612],[-0.058421,51.524206],[-0.056461,51.524524],[-0.056513,51.523302],[-0.058121,51.522806],[-0.055833,51.522836],[-0.055093,51.522685],[-0.055116,51.522623],[-0.054795,51.522262],[-0.053826,51.522421],[-0.054285,51.522799],[-0.05289,51.522823],[-0.053287,51.522583],[-0.052646,51.522283],[-0.051429,51.522806],[-0.05098,51.522453],[-0.050032,51.522764],[-0.049996,51.52238],[-0.049162,51.522447],[-0.04899,51.521308],[-0.05006,51.52108],[-0.052932,51.520456],[-0.053034,51.520434],[-0.054465,51.520154],[-0.057169,51.519659],[-0.057712,51.519545],[-0.057973,51.519491],[-0.062699,51.518427],[-0.063089,51.519131],[-0.063364,51.519681],[-0.063553,51.519966],[-0.064256,51.52154],[-0.064312,51.522034],[-0.064046,51.523249],[-0.063907,51.523796],[-0.06425,51.525341],[-0.064501,51.526171],[-0.064581,51.526452],[-0.060932,51.526866],[-0.060789,51.526881],[-0.060624,51.526899],[-0.059135,51.527065],[-0.055686,51.527496]]]]}},
{"type":"Feature","properties":{"layer":"London_MSOAs_Generalised_inc_Attributes_Rev_20220331","id":846,"OBJECTID_1":846,"objectid":846,"msoa11cd":"E02000877","msoa11nm":"Tower Hamlets 014","Age_65plus_with_LTHC":382,"Age_65plus_with_LTHC_PC":67.7304964539007,"Shape_Length":4534.1183898497375,"Shape_Area":806303.2186958967,"MSOA_HCLName":"Mile End East & Burdett Estate","in_cw":false,"whole_in_zone":false},"geometry":{"type":"MultiPolygon","coordinates":[[[[-0.028481,51.525478],[-0.02781,51.524343],[-0.026924,51.524543],[-0.02606,51.524781],[-0.024965,51.524439],[-0.025196,51.524115],[-0.02582,51.524127],[-0.027139,51.523504],[-0.028239,51.523406],[-0.02828,51.522786],[-0.027277,51.52133],[-0.027444,51.520785],[-0.027326,51.520758],[-0.024717,51.519773],[-0.024059,51.519494],[-0.023089,51.518523],[-0.021952,51.516871],[-0.02159,51.516598],[-0.022755,51.516108],[-0.024661,51.515346],[-0.02626,51.514681],[-0.027787,51.514065],[-0.028202,51.51434],[-0.028369,51.514668],[-0.028861,51.515606],[-0.028882,51.515646],[-0.029248,51.516322],[-0.032041,51.516052],[-0.033039,51.516027],[-0.033308,51.516608],[-0.033808,51.516274],[-0.033772,51.516476],[-0.034568,51.517634],[-0.035618,51.518453],[-0.036237,51.519514],[-0.036415,51.521468],[-0.036449,51.521969],[-0.036492,51.522927],[-0.037041,51.524239],[-0.034867,51.524997],[-0.034714,51.525034],[-0.030536,51.525996],[-0.029774,51.526167],[-0.028884,51.526348],[-0.02874,51.526378],[-0.027926,51.526546],[-0.027796,51.52633],[-0.028774,51.52605],[-0.028481,51.525478]]]]}},
{"type":"Feature","properties":{"layer":"London_MSOAs_Generalised_inc_Attributes_Rev_20220331","id":847,"OBJECTID_1":847,"objectid":847,"msoa11cd":"E02000878","msoa11nm":"Tower Hamlets 015","Age_65plus_with_LTHC":379,"Age_65plus_with_LTHC_PC":66.6080843585237,"Shape_Length":3259.702495582315,"Shape_Area":636647.0148714966,"MSOA_HCLName":"Spitalfields","in_cw":false,"whole_in_zone":true},"geometry":{"type":"MultiPolygon","coordinates":[[[[-0.063089,51.519131],[-0.062699,51.518427],[-0.062883,51.518384],[-0.065564,51.517658],[-0.0659,51.517567],[-0.068597,51.516504],[-0.071894,51.515206],[-0.072773,51.514876],[-0.073917,51.514456],[-0.075772,51.515832],[-0.075866,51.515898],[-0.077319,51.517399],[-0.077843,51.518191],[-0.07806,51.518968],[-0.079377,51.518848],[-0.078419,51.521513],[-0.078185,51.521857],[-0.076509,51.522095],[-0.076136,51.522155],[-0.074075,51.522124],[-0.071663,51.522],[-0.071414,51.521979],[-0.069019,51.521793],[-0.067685,51.521701],[-0.066654,51.521631],[-0.064256,51.52154],[-0.063553,51.519966],[-0.063364,51.519681],[-0.063089,51.519131]]]]}},
{"type":"Feature","properties":{"layer":"London_MSOAs_Generalised_inc_Attributes_Rev_20220331","id":848,"OBJECTID_1":848,"objectid":848,"msoa11cd":"E02000879","msoa11nm":"Tower Hamlets 016","Age_65plus_with_LTHC":440,"Age_65plus_with_LTHC_PC":65.1851851851852,"Shape_Length":4294.406145108943,"Shape_Area":442495.62784947373,"MSOA_HCLName":"Stepney Green","in_cw":false,"whole_in_zone":true},"geometry":{"type":"MultiPolygon","coordinates":[[[[-0.044893,51.520977],[-0.044031,51.520188],[-0.042361,51.520483],[-0.042525,51.519697],[-0.044102,51.519695],[-0.043755,51.518739],[-0.044612,51.519453],[-0.045467,51.51921],[-0.044962,51.518744],[-0.045223,51.518382],[-0.045264,51.518336],[-0.044351,51.518145],[-0.044487,51.516654],[-0.04555,51.516744],[-0.045505,51.516288],[-0.045476,51.515517],[-0.045003,51.5155],[-0.04548,51.514905],[-0.045417,51.514891],[-0.045089,51.514913],[-0.045103,51.514593],[-0.043576,51.514542],[-0.043565,51.514301],[-0.044648,51.514256],[-0.044603,51.513958],[-0.044042,51.513964],[-0.044116,51.51367],[-0.043549,51.513662],[-0.043656,51.513174],[-0.044289,51.513174],[-0.045089,51.513168],[-0.047526,51.513328],[-0.049424,51.513624],[-0.051521,51.513975],[-0.051798,51.514023],[-0.053191,51.514132],[-0.053146,51.51473],[-0.053135,51.514882],[-0.05308,51.515426],[-0.052988,51.516344],[-0.052975,51.516501],[-0.052928,51.517139],[-0.051936,51.517062],[-0.0517,51.517041],[-0.049843,51.516874],[-0.049693,51.517742],[-0.049614,51.51844],[-0.050588,51.518818],[-0.05045,51.519305],[-0.051245,51.51935],[-0.051666,51.51937],[-0.051618,51.519779],[-0.052689,51.519776],[-0.052801,51.520111],[-0.052932,51.520456],[-0.05006,51.52108],[-0.04899,51.521308],[-0.04824,51.521464],[-0.046174,51.521873],[-0.04583,51.521948],[-0.044893,51.520977]]]]}},
{"type":"Feature","properties":{"layer":"London_MSOAs_Generalised_inc_Attributes_Rev_20220331","id":849,"OBJECTID_1":849,"objectid":849,"msoa11cd":"E02000880","msoa11nm":"Tower Hamlets 017","Age_65plus_with_LTHC":286,"Age_65plus_with_LTHC_PC":69.7560975609756,"Shape_Length":3236.2064274834515,"Shape_Area":371552.02354490483,"MSOA_HCLName":"Whitechapel","in_cw":false,"whole_in_zone":true},"geometry":{"type":"MultiPolygon","coordinates":[[[[-0.052801,51.520111],[-0.052689,51.519776],[-0.051618,51.519779],[-0.051666,51.51937],[-0.051245,51.51935],[-0.05045,51.519305],[-0.050588,51.518818],[-0.049614,51.51844],[-0.049693,51.517742],[-0.049843,51.516874],[-0.0517,51.517041],[-0.051936,51.517062],[-0.052928,51.517139],[-0.052975,51.516501],[-0.052988,51.516344],[-0.05308,51.515426],[-0.053135,51.514882],[-0.053146,51.51473],[-0.053191,51.514132],[-0.055731,51.514345],[-0.055811,51.514355],[-0.056686,51.514442],[-0.058541,51.5146],[-0.060258,51.514691],[-0.060457,51.515328],[-0.059535,51.515372],[-0.059742,51.516275],[-0.059087,51.516347],[-0.059159,51.516736],[-0.059211,51.517594],[-0.060944,51.517431],[-0.060846,51.517007],[-0.062351,51.51687],[-0.062564,51.517708],[-0.062883,51.518384],[-0.062699,51.518427],[-0.057973,51.519491],[-0.057712,51.519545],[-0.057169,51.519659],[-0.054465,51.520154],[-0.053034,51.520434],[-0.052932,51.520456],[-0.052801,51.520111]]]]}},
{"type":"Feature","properties":{"layer":"London_MSOAs_Generalised_inc_Attributes_Rev_20220331","id":850,"OBJECTID_1":850,"objectid":850,"msoa11cd":"E02000881","msoa11nm":"Tower Hamlets 018","Age_65plus_with_LTHC":252,"Age_65plus_with_LTHC_PC":63.9593908629442,"Shape_Length":5530.617701068893,"Shape_Area":704891.4292700295,"MSOA_HCLName":"Poplar Leaside","in_cw":false,"whole_in_zone":false},"geometry":{"type":"MultiPolygon","coordinates":[[[[-0.006159,51.516716],[-0.005436,51.516233],[-0.00426,51.51641],[-0.003381,51.517568],[-0.002622,51.517776],[0.000601,51.516281],[0.002798,51.515476],[0.003681,51.514541],[0.000491,51.513121],[-0.000643,51.512736],[-0.002642,51.512355],[-0.002938,51.513021],[-0.003588,51.514518],[-0.00524,51.514968],[-0.006195,51.515227],[-0.006248,51.514876],[-0.006905,51.51475],[-0.006337,51.514181],[-0.008092,51.514018],[-0.009446,51.513732],[-0.009816,51.513675],[-0.009955,51.513933],[-0.010295,51.513873],[-0.01085,51.513841],[-0.011008,51.514204],[-0.013393,51.513767],[-0.013268,51.513333],[-0.01411,51.513194],[-0.014248,51.513566],[-0.01497,51.513434],[-0.016004,51.513365],[-0.016128,51.51384],[-0.016613,51.514315],[-0.016394,51.514785],[-0.016814,51.514747],[-0.017059,51.515545],[-0.017766,51.515435],[-0.017937,51.515998],[-0.017027,51.516453],[-0.015788,51.51608],[-0.016028,51.517193],[-0.016191,51.517925],[-0.016572,51.518629],[-0.015344,51.51913],[-0.014202,51.519615],[-0.013799,51.519788],[-0.013445,51.519943],[-0.011775,51.520599],[-0.009026,51.522378],[-0.008067,51.523744],[-0.007798,51.523106],[-0.007848,51.522804],[-0.008285,51.522784],[-0.008531,51.521802],[-0.009262,51.5218],[-0.009142,51.519861],[-0.008401,51.51938],[-0.006611,51.518231],[-0.006159,51.516716]]]]}},
{"type":"Feature","properties":{"layer":"London_MSOAs_Generalised_inc_Attributes_Rev_20220331","id":851,"OBJECTID_1":851,"objectid":851,"msoa11cd":"E02000882","msoa11nm":"Tower Hamlets 019","Age_65plus_with_LTHC":397,"Age_65plus_with_LTHC_PC":72.7106227106227,"Shape_Length":3615.088216612864,"Shape_Area":574038.0671974431,"MSOA_HCLName":"Limehouse North & Stepney East","in_cw":false,"whole_in_zone":true},"geometry":{"type":"MultiPolygon","coordinates":[[[[-0.036237,51.519514],[-0.035618,51.518453],[-0.034568,51.517634],[-0.033772,51.516476],[-0.033808,51.516274],[-0.035263,51.514367],[-0.035496,51.514096],[-0.036402,51.512598],[-0.036411,51.512571],[-0.038721,51.512693],[-0.041183,51.512846],[-0.043656,51.513174],[-0.043549,51.513662],[-0.044116,51.51367],[-0.044042,51.513964],[-0.044603,51.513958],[-0.044648,51.514256],[-0.043565,51.514301],[-0.043576,51.514542],[-0.045103,51.514593],[-0.045089,51.514913],[-0.045417,51.514891],[-0.04548,51.514905],[-0.045003,51.5155],[-0.045476,51.515517],[-0.045505,51.516288],[-0.04555,51.516744],[-0.044487,51.516654],[-0.044351,51.518145],[-0.045264,51.518336],[-0.045223,51.518382],[-0.044962,51.518744],[-0.045467,51.51921],[-0.044612,51.519453],[-0.043755,51.518739],[-0.044102,51.519695],[-0.042525,51.519697],[-0.042361,51.520483],[-0.041225,51.520717],[-0.040191,51.520932],[-0.038422,51.521282],[-0.036415,51.521468],[-0.036237,51.519514]]]]}},
{"type":"Feature","properties":{"layer":"London_MSOAs_Generalised_inc_Attributes_Rev_20220331","id":852,"OBJECTID_1":852,"objectid":852,"msoa11cd":"E02000883","msoa11nm":"Tower Hamlets 020","Age_65plus_with_LTHC":423,"Age_65plus_with_LTHC_PC":69.344262295082,"Shape_Length":4727.112858960618,"Shape_Area":470345.9223579913,"MSOA_HCLName":"Poplar Central","in_cw":false,"whole_in_zone":true},"geometry":{"type":"MultiPolygon","coordinates":[[[[-0.016028,51.517193],[-0.015788,51.51608],[-0.017027,51.516453],[-0.017937,51.515998],[-0.017766,51.515435],[-0.017059,51.515545],[-0.016814,51.514747],[-0.016394,51.514785],[-0.016613,51.514315],[-0.016128,51.51384],[-0.016004,51.513365],[-0.01497,51.513434],[-0.014248,51.513566],[-0.01411,51.513194],[-0.013268,51.513333],[-0.013393,51.513767],[-0.011008,51.514204],[-0.01085,51.513841],[-0.010295,51.513873],[-0.009955,51.513933],[-0.009816,51.513675],[-0.009446,51.513732],[-0.008092,51.514018],[-0.006337,51.514181],[-0.006905,51.51475],[-0.006248,51.514876],[-0.006195,51.515227],[-0.00524,51.514968],[-0.003588,51.514518],[-0.002938,51.513021],[-0.002642,51.512355],[-0.003307,51.512233],[-0.004266,51.512057],[-0.007705,51.511479],[-0.009602,51.511367],[-0.011192,51.511269],[-0.012441,51.511216],[-0.013118,51.511196],[-0.014469,51.511117],[-0.014884,51.511096],[-0.014971,51.511091],[-0.017508,51.510948],[-0.020918,51.510816],[-0.020531,51.511466],[-0.019983,51.512113],[-0.019971,51.512925],[-0.020037,51.51428],[-0.019529,51.514745],[-0.019559,51.514824],[-0.020425,51.515752],[-0.020529,51.515839],[-0.02159,51.516598],[-0.019834,51.517295],[-0.01845,51.517861],[-0.016572,51.518629],[-0.016191,51.517925],[-0.016028,51.517193]]]]}},
{"type":"Feature","properties":{"layer":"London_MSOAs_Generalised_inc_Attributes_Rev_20220331","id":853,"OBJECTID_1":853,"objectid":853,"msoa11cd":"E02000884","msoa11nm":"Tower Hamlets 021","Age_65plus_with_LTHC":305,"Age_65plus_with_LTHC_PC":73.1414868105516,"Shape_Length":3452.8984972916733,"Shape_Area":545150.4254701184,"MSOA_HCLName":"Aldgate","in_cw":false,"whole_in_zone":true},"geometry":{"type":"MultiPolygon","coordinates":[[[[-0.062564,51.517708],[-0.062351,51.51687],[-0.060846,51.517007],[-0.060944,51.517431],[-0.059211,51.517594],[-0.059159,51.516736],[-0.059087,51.516347],[-0.059742,51.516275],[-0.059535,51.515372],[-0.060457,51.515328],[-0.060258,51.514691],[-0.061851,51.514743],[-0.061394,51.51288],[-0.061065,51.511548],[-0.062005,51.51149],[-0.063391,51.511391],[-0.065347,51.511286],[-0.066273,51.511225],[-0.066829,51.511187],[-0.067364,51.511148],[-0.06856,51.511066],[-0.068854,51.511045],[-0.07102,51.510914],[-0.072712,51.510808],[-0.073139,51.512573],[-0.073394,51.51355],[-0.073917,51.514456],[-0.072773,51.514876],[-0.071894,51.515206],[-0.068597,51.516504],[-0.0659,51.517567],[-0.065564,51.517658],[-0.062883,51.518384],[-0.062564,51.517708]]]]}},
{"type":"Feature","properties":{"layer":"London_MSOAs_Generalised_inc_Attributes_Rev_20220331","id":854,"OBJECTID_1":854,"objectid":854,"msoa11cd":"E02000885","msoa11nm":"Tower Hamlets 022","Age_65plus_with_LTHC":399,"Age_65plus_with_LTHC_PC":69.5121951219512,"Shape_Length":3992.4403885484644,"Shape_Area":334921.4168725534,"MSOA_HCLName":"Shadwell North","in_cw":false,"whole_in_zone":true},"geometry":{"type":"MultiPolygon","coordinates":[[[[-0.047526,51.513328],[-0.045089,51.513168],[-0.044289,51.513174],[-0.04429,51.512672],[-0.045108,51.512806],[-0.045075,51.512033],[-0.04601,51.512057],[-0.046559,51.51203],[-0.046237,51.511491],[-0.046347,51.511487],[-0.047044,51.511456],[-0.047865,51.511354],[-0.047773,51.511149],[-0.047677,51.510954],[-0.047597,51.510779],[-0.047367,51.510239],[-0.046853,51.509939],[-0.050576,51.509768],[-0.052565,51.509788],[-0.052208,51.510043],[-0.051584,51.509882],[-0.05178,51.510649],[-0.051746,51.510722],[-0.051877,51.512006],[-0.053584,51.511886],[-0.05359,51.512075],[-0.054971,51.51206],[-0.0554,51.512086],[-0.055345,51.512935],[-0.054907,51.512964],[-0.056652,51.513037],[-0.056822,51.513019],[-0.056708,51.512649],[-0.057911,51.512398],[-0.057961,51.511811],[-0.059579,51.511741],[-0.059535,51.511468],[-0.060968,51.511112],[-0.061065,51.511548],[-0.061394,51.51288],[-0.061851,51.514743],[-0.060258,51.514691],[-0.058541,51.5146],[-0.056686,51.514442],[-0.055811,51.514355],[-0.055731,51.514345],[-0.053191,51.514132],[-0.051798,51.514023],[-0.051521,51.513975],[-0.049424,51.513624],[-0.047526,51.513328]]]]}},
{"type":"Feature","properties":{"layer":"London_MSOAs_Generalised_inc_Attributes_Rev_20220331","id":855,"OBJECTID_1":855,"objectid":855,"msoa11cd":"E02000886","msoa11nm":"Tower Hamlets 023","Age_65plus_with_LTHC":262,"Age_65plus_with_LTHC_PC":64.2156862745098,"Shape_Length":4170.178150533673,"Shape_Area":490918.1856252666,"MSOA_HCLName":"Limehouse East","in_cw":true,"whole_in_zone":true},"geometry":{"type":"MultiPolygon","coordinates":[[[[-0.033308,51.516608],[-0.033039,51.516027],[-0.032041,51.516052],[-0.029248,51.516322],[-0.028882,51.515646],[-0.028861,51.515606],[-0.028369,51.514668],[-0.028202,51.51434],[-0.029135,51.51412],[-0.029036,51.513053],[-0.028563,51.512532],[-0.028724,51.512116],[-0.027951,51.512188],[-0.027599,51.51255],[-0.027254,51.512175],[-0.027102,51.511705],[-0.028086,51.511955],[-0.028529,51.511767],[-0.027867,51.510816],[-0.027494,51.51103],[-0.026809,51.51046],[-0.026378,51.510119],[-0.026503,51.510502],[-0.025395,51.510529],[-0.025439,51.510128],[-0.024355,51.509915],[-0.024436,51.509546],[-0.025125,51.509515],[-0.025483,51.50978],[-0.026338,51.509294],[-0.027146,51.508209],[-0.02724,51.507907],[-0.029202,51.507872],[-0.029972,51.507448],[-0.03036,51.507235],[-0.031385,51.507948],[-0.030396,51.508541],[-0.029859,51.508865],[-0.030845,51.50857],[-0.031837,51.50822],[-0.033161,51.508453],[-0.035876,51.509131],[-0.036073,51.509406],[-0.036299,51.509263],[-0.037426,51.509559],[-0.036198,51.510425],[-0.035995,51.510575],[-0.034839,51.511335],[-0.035649,51.511575],[-0.036713,51.511752],[-0.036411,51.512571],[-0.036402,51.512598],[-0.035496,51.514096],[-0.035263,51.514367],[-0.033808,51.516274],[-0.033308,51.516608]]]]}},
{"type":"Feature","properties":{"layer":"London_MSOAs_Generalised_inc_Attributes_Rev_20220331","id":856,"OBJECTID_1":856,"objectid":856,"msoa11cd":"E02000887","msoa11nm":"Tower Hamlets 024","Age_65plus_with_LTHC":372,"Age_65plus_with_LTHC_PC":63.6986301369863,"Shape_Length":4416.06740990351,"Shape_Area":578237.8725840129,"MSOA_HCLName":"Poplar West","in_cw":true,"whole_in_zone":true},"geometry":{"type":"MultiPolygon","coordinates":[[[[-0.020037,51.51428],[-0.019971,51.512925],[-0.019983,51.512113],[-0.020531,51.511466],[-0.020918,51.510816],[-0.017508,51.510948],[-0.014971,51.511091],[-0.014884,51.511096],[-0.014469,51.511117],[-0.013118,51.511196],[-0.0128,51.509966],[-0.01225,51.508854],[-0.011813,51.508263],[-0.012019,51.507585],[-0.013336,51.507408],[-0.017094,51.5076],[-0.023571,51.508875],[-0.02389,51.508931],[-0.025125,51.509515],[-0.024436,51.509546],[-0.024355,51.509915],[-0.025439,51.510128],[-0.025395,51.510529],[-0.026503,51.510502],[-0.026378,51.510119],[-0.026809,51.51046],[-0.027494,51.51103],[-0.027867,51.510816],[-0.028529,51.511767],[-0.028086,51.511955],[-0.027102,51.511705],[-0.027254,51.512175],[-0.027599,51.51255],[-0.027951,51.512188],[-0.028724,51.512116],[-0.028563,51.512532],[-0.029036,51.513053],[-0.029135,51.51412],[-0.028202,51.51434],[-0.027787,51.514065],[-0.02626,51.514681],[-0.024661,51.515346],[-0.022755,51.516108],[-0.02159,51.516598],[-0.020529,51.515839],[-0.020425,51.515752],[-0.019559,51.514824],[-0.019529,51.514745],[-0.020037,51.51428]]]]}},
{"type":"Feature","properties":{"layer":"London_MSOAs_Generalised_inc_Attributes_Rev_20220331","id":857,"OBJECTID_1":857,"objectid":857,"msoa11cd":"E02000888","msoa11nm":"Tower Hamlets 025","Age_65plus_with_LTHC":212,"Age_65plus_with_LTHC_PC":56.989247311828,"Shape_Length":5412.06441062933,"Shape_Area":531906.9510833969,"MSOA_HCLName":"Shadwell Basin & Ratcliffe","in_cw":false,"whole_in_zone":true},"geometry":{"type":"MultiPolygon","coordinates":[[[[-0.036411,51.512571],[-0.036713,51.511752],[-0.035649,51.511575],[-0.034839,51.511335],[-0.035995,51.510575],[-0.036198,51.510425],[-0.037426,51.509559],[-0.039575,51.509727],[-0.041511,51.510013],[-0.041639,51.509783],[-0.044559,51.509515],[-0.045159,51.509378],[-0.046784,51.508937],[-0.049677,51.507899],[-0.052745,51.508132],[-0.055034,51.508124],[-0.055221,51.509317],[-0.055237,51.509598],[-0.055932,51.509666],[-0.056772,51.509732],[-0.058368,51.509651],[-0.0602,51.509471],[-0.060461,51.509447],[-0.060955,51.511055],[-0.060968,51.511112],[-0.059535,51.511468],[-0.059579,51.511741],[-0.057961,51.511811],[-0.057911,51.512398],[-0.056708,51.512649],[-0.056822,51.513019],[-0.056652,51.513037],[-0.054907,51.512964],[-0.055345,51.512935],[-0.0554,51.512086],[-0.054971,51.51206],[-0.05359,51.512075],[-0.053584,51.511886],[-0.051877,51.512006],[-0.051746,51.510722],[-0.05178,51.510649],[-0.051584,51.509882],[-0.052208,51.510043],[-0.052565,51.509788],[-0.050576,51.509768],[-0.046853,51.509939],[-0.047367,51.510239],[-0.047597,51.510779],[-0.047677,51.510954],[-0.047773,51.511149],[-0.047865,51.511354],[-0.047044,51.511456],[-0.046347,51.511487],[-0.046237,51.511491],[-0.046559,51.51203],[-0.04601,51.512057],[-0.045075,51.512033],[-0.045108,51.512806],[-0.04429,51.512672],[-0.044289,51.513174],[-0.043656,51.513174],[-0.041183,51.512846],[-0.038721,51.512693],[-0.036411,51.512571]]]]}},
{"type":"Feature","properties":{"layer":"London_MSOAs_Generalised_inc_Attributes_Rev_20220331","id":858,"OBJECTID_1":858,"objectid":858,"msoa11cd":"E02000889","msoa11nm":"Tower Hamlets 026","Age_65plus_with_LTHC":203,"Age_65plus_with_LTHC_PC":57.5070821529745,"Shape_Length":4624.141807605839,"Shape_Area":578602.3766164675,"MSOA_HCLName":"St George in the East & Wapping North","in_cw":false,"whole_in_zone":true},"geometry":{"type":"MultiPolygon","coordinates":[[[[-0.060955,51.511055],[-0.060461,51.509447],[-0.0602,51.509471],[-0.058368,51.509651],[-0.056772,51.509732],[-0.056745,51.507774],[-0.056035,51.507367],[-0.055981,51.507322],[-0.055213,51.506872],[-0.055411,51.506566],[-0.055684,51.506437],[-0.055883,51.505679],[-0.055388,51.505226],[-0.056119,51.505166],[-0.056881,51.504822],[-0.05709,51.504903],[-0.057713,51.505003],[-0.05858,51.50625],[-0.05936,51.506218],[-0.059269,51.50529],[-0.061361,51.505235],[-0.061379,51.504714],[-0.061365,51.504165],[-0.062559,51.504185],[-0.06322,51.504526],[-0.063227,51.50371],[-0.064178,51.503888],[-0.063958,51.504819],[-0.064764,51.504822],[-0.064938,51.505159],[-0.065942,51.505722],[-0.066252,51.505911],[-0.066695,51.506555],[-0.066077,51.506361],[-0.065666,51.506727],[-0.064998,51.506745],[-0.065201,51.507456],[-0.066612,51.50748],[-0.066852,51.508183],[-0.068335,51.507673],[-0.06903,51.508332],[-0.070222,51.507562],[-0.070371,51.508424],[-0.071505,51.508325],[-0.073106,51.508867],[-0.073736,51.509423],[-0.073179,51.510005],[-0.072675,51.510191],[-0.072712,51.510808],[-0.07102,51.510914],[-0.068854,51.511045],[-0.06856,51.511066],[-0.067364,51.511148],[-0.066829,51.511187],[-0.066273,51.511225],[-0.065347,51.511286],[-0.063391,51.511391],[-0.062005,51.51149],[-0.061065,51.511548],[-0.060968,51.511112],[-0.060955,51.511055]]]]}},
{"type":"Feature","properties":{"layer":"London_MSOAs_Generalised_inc_Attributes_Rev_20220331","id":859,"OBJECTID_1":859,"objectid":859,"msoa11cd":"E02000890","msoa11nm":"Tower Hamlets 027","Age_65plus_with_LTHC":187,"Age_65plus_with_LTHC_PC":46.5174129353234,"Shape_Length":7095.337899046692,"Shape_Area":557657.7844842927,"MSOA_HCLName":"Tower Hill & Wapping South","in_cw":false,"whole_in_zone":true},"geometry":{"type":"MultiPolygon","coordinates":[[[[-0.07612,51.51048],[-0.07548,51.509738],[-0.073179,51.510005],[-0.073736,51.509423],[-0.073106,51.508867],[-0.071505,51.508325],[-0.070371,51.508424],[-0.070222,51.507562],[-0.06903,51.508332],[-0.068335,51.507673],[-0.066852,51.508183],[-0.066612,51.50748],[-0.065201,51.507456],[-0.064998,51.506745],[-0.065666,51.506727],[-0.066077,51.506361],[-0.066695,51.506555],[-0.066252,51.505911],[-0.065942,51.505722],[-0.064938,51.505159],[-0.064764,51.504822],[-0.063958,51.504819],[-0.064178,51.503888],[-0.063227,51.50371],[-0.06322,51.504526],[-0.062559,51.504185],[-0.061365,51.504165],[-0.061379,51.504714],[-0.061361,51.505235],[-0.059269,51.50529],[-0.05936,51.506218],[-0.05858,51.50625],[-0.057713,51.505003],[-0.05709,51.504903],[-0.056881,51.504822],[-0.056119,51.505166],[-0.055388,51.505226],[-0.055883,51.505679],[-0.055684,51.506437],[-0.055411,51.506566],[-0.055213,51.506872],[-0.055981,51.507322],[-0.056035,51.507367],[-0.056745,51.507774],[-0.056772,51.509732],[-0.055932,51.509666],[-0.055237,51.509598],[-0.055221,51.509317],[-0.055034,51.508124],[-0.052745,51.508132],[-0.049677,51.507899],[-0.049346,51.507603],[-0.050965,51.506989],[-0.053167,51.505716],[-0.053401,51.505584],[-0.053516,51.50552],[-0.053957,51.505474],[-0.054688,51.504821],[-0.056219,51.503796],[-0.059362,51.502868],[-0.061884,51.50304],[-0.064289,51.503636],[-0.066039,51.503999],[-0.067954,51.504447],[-0.067924,51.50496],[-0.068406,51.504569],[-0.071076,51.505562],[-0.07135,51.506021],[-0.072602,51.505904],[-0.079221,51.507833],[-0.078617,51.508794],[-0.07905,51.509041],[-0.078793,51.509414],[-0.077849,51.509996],[-0.076799,51.510157],[-0.076859,51.510471],[-0.07612,51.51048]]]]}},
{"type":"Feature","properties":{"layer":"London_MSOAs_Generalised_inc_Attributes_Rev_20220331","id":860,"OBJECTID_1":860,"objectid":860,"msoa11cd":"E02000891","msoa11nm":"Tower Hamlets 028","Age_65plus_with_LTHC":255,"Age_65plus_with_LTHC_PC":60.4265402843602,"Shape_Length":10094.51541595403,"Shape_Area":1522706.8254107444,"MSOA_HCLName":"Blackwall & Leamouth","in_cw":true,"whole_in_zone":true},"geometry":{"type":"MultiPolygon","coordinates":[[[[0.002135,51.510546],[0.002938,51.510386],[0.00445,51.510622],[0.005633,51.513597],[0.006221,51.513919],[0.006865,51.513818],[0.007412,51.512657],[0.005614,51.510019],[0.006435,51.509357],[0.008985,51.508852],[0.009257,51.508314],[0.008811,51.507318],[0.005888,51.5082],[0.003976,51.508366],[0.003484,51.507983],[0.003156,51.508227],[0.000419,51.507792],[-0.002019,51.507344],[-0.003596,51.506338],[-0.00433,51.505785],[-0.005305,51.505037],[-0.005695,51.505099],[-0.005466,51.504832],[-0.005862,51.504463],[-0.006322,51.504111],[-0.007628,51.501491],[-0.008718,51.501353],[-0.008852,51.501126],[-0.007748,51.500803],[-0.007734,51.50022],[-0.007248,51.498305],[-0.008472,51.49808],[-0.008576,51.498657],[-0.009409,51.498725],[-0.009547,51.497765],[-0.009577,51.497514],[-0.009441,51.496827],[-0.008614,51.49614],[-0.008122,51.496287],[-0.008117,51.495899],[-0.009044,51.495653],[-0.008786,51.494949],[-0.006892,51.495401],[-0.007317,51.494915],[-0.008011,51.494977],[-0.007178,51.493894],[-0.00693,51.493423],[-0.007295,51.493319],[-0.008181,51.494181],[-0.008559,51.494552],[-0.009282,51.494528],[-0.009595,51.49514],[-0.013261,51.493801],[-0.014259,51.494545],[-0.014452,51.493405],[-0.015167,51.493424],[-0.017303,51.493516],[-0.017249,51.493905],[-0.017084,51.495111],[-0.016843,51.49699],[-0.016822,51.497168],[-0.016664,51.498527],[-0.016497,51.499969],[-0.016135,51.500168],[-0.015335,51.501916],[-0.014735,51.50284],[-0.013779,51.502748],[-0.01347,51.503813],[-0.015097,51.504],[-0.015031,51.50445],[-0.014853,51.504888],[-0.012364,51.504688],[-0.013101,51.504991],[-0.012864,51.505926],[-0.013271,51.505971],[-0.013208,51.506203],[-0.012757,51.506155],[-0.012621,51.506645],[-0.012287,51.506605],[-0.012095,51.50731],[-0.012019,51.507585],[-0.011813,51.508263],[-0.01225,51.508854],[-0.0128,51.509966],[-0.013118,51.511196],[-0.012441,51.511216],[-0.011192,51.511269],[-0.009602,51.511367],[-0.007705,51.511479],[-0.004266,51.512057],[-0.003307,51.512233],[-0.002642,51.512355],[-0.000643,51.512736],[0.000491,51.513121],[0.003681,51.514541],[0.001451,51.511117],[0.002135,51.510546]]]]}},
{"type":"Feature","properties":{"layer":"London_MSOAs_Generalised_inc_Attributes_Rev_20220331","id":861,"OBJECTID_1":861,"objectid":861,"msoa11cd":"E02000893","msoa11nm":"Tower Hamlets 030","Age_65plus_with_LTHC":301,"Age_65plus_with_LTHC_PC":61.3034623217923,"Shape_Length":4997.877089365631,"Shape_Area":710682.6517083712,"MSOA_HCLName":"Mudchute","in_cw":true,"whole_in_zone":true},"geometry":{"type":"MultiPolygon","coordinates":[[[[-0.008576,51.498657],[-0.008472,51.49808],[-0.007248,51.498305],[-0.006683,51.497618],[-0.006364,51.496976],[-0.005604,51.495856],[-0.006114,51.495724],[-0.005886,51.495513],[-0.00533,51.494666],[-0.005038,51.4946],[-0.003648,51.492874],[-0.003201,51.492025],[-0.003065,51.49152],[-0.003557,51.489188],[-0.004454,51.488255],[-0.005272,51.48845],[-0.004616,51.488104],[-0.005618,51.487513],[-0.0084,51.486585],[-0.009945,51.486484],[-0.01064,51.48623],[-0.01315,51.485991],[-0.013121,51.486399],[-0.013282,51.487197],[-0.013288,51.487245],[-0.013918,51.489194],[-0.014448,51.48961],[-0.015582,51.490736],[-0.01475,51.493397],[-0.015167,51.493424],[-0.014452,51.493405],[-0.014259,51.494545],[-0.013261,51.493801],[-0.009595,51.49514],[-0.009282,51.494528],[-0.008559,51.494552],[-0.008181,51.494181],[-0.007295,51.493319],[-0.00693,51.493423],[-0.007178,51.493894],[-0.008011,51.494977],[-0.007317,51.494915],[-0.006892,51.495401],[-0.008786,51.494949],[-0.009044,51.495653],[-0.008117,51.495899],[-0.008122,51.496287],[-0.008614,51.49614],[-0.009441,51.496827],[-0.009577,51.497514],[-0.009547,51.497765],[-0.009409,51.498725],[-0.008576,51.498657]]]]}},
{"type":"Feature","properties":{"layer":"London_MSOAs_Generalised_inc_Attributes_Rev_20220331","id":862,"OBJECTID_1":862,"objectid":862,"msoa11cd":"E02000894","msoa11nm":"Tower Hamlets 031","Age_65plus_with_LTHC":208,"Age_65plus_with_LTHC_PC":56.986301369863,"Shape_Length":3974.8770543478154,"Shape_Area":537985.7205325725,"MSOA_HCLName":"Millwall South","in_cw":false,"whole_in_zone":true},"geometry":{"type":"MultiPolygon","coordinates":[[[[-0.01475,51.493397],[-0.015582,51.490736],[-0.014448,51.48961],[-0.013918,51.489194],[-0.013288,51.487245],[-0.013282,51.487197],[-0.013121,51.486399],[-0.01315,51.485991],[-0.016858,51.486268],[-0.018872,51.486658],[-0.020049,51.487045],[-0.02163,51.487612],[-0.022929,51.488428],[-0.024075,51.489135],[-0.025423,51.490364],[-0.02634,51.491704],[-0.026371,51.491764],[-0.027079,51.493112],[-0.027372,51.493772],[-0.027074,51.493859],[-0.026276,51.493871],[-0.026276,51.493142],[-0.026276,51.492544],[-0.024849,51.493238],[-0.024597,51.493996],[-0.024351,51.493566],[-0.023638,51.493497],[-0.022459,51.493412],[-0.020733,51.493306],[-0.018036,51.492902],[-0.017642,51.49289],[-0.017249,51.493905],[-0.017303,51.493516],[-0.015167,51.493424],[-0.01475,51.493397]]],[[[-0.026563,51.494912],[-0.02699,51.494177],[-0.027759,51.494347],[-0.02778,51.495465],[-0.026563,51.494912]]]]}},
{"type":"Feature","properties":{"layer":"London_MSOAs_Generalised_inc_Attributes_Rev_20220331","id":966,"OBJECTID_1":966,"objectid":6656,"msoa11cd":"E02006798","msoa11nm":"Lewisham 039","Age_65plus_with_LTHC":283,"Age_65plus_with_LTHC_PC":61.925601750547,"Shape_Length":7057.57819836239,"Shape_Area":826599.0346621813,"MSOA_HCLName":"New Cross & Deptford South","in_cw":false,"whole_in_zone":true},"geometry":{"type":"MultiPolygon","coordinates":[[[[-0.037011,51.482052],[-0.036013,51.481328],[-0.034603,51.479243],[-0.031018,51.480533],[-0.030416,51.480306],[-0.029892,51.480113],[-0.028734,51.479709],[-0.02808,51.479472],[-0.027088,51.479131],[-0.022874,51.478507],[-0.023022,51.479629],[-0.020316,51.479936],[-0.020046,51.480338],[-0.019432,51.480544],[-0.018673,51.480785],[-0.017823,51.480881],[-0.017064,51.48041],[-0.019022,51.47983],[-0.019563,51.47792],[-0.019323,51.477213],[-0.019971,51.477139],[-0.02104,51.476262],[-0.022762,51.475878],[-0.02087,51.4761],[-0.020913,51.475686],[-0.022721,51.475328],[-0.022661,51.475284],[-0.022753,51.474464],[-0.023475,51.474554],[-0.026155,51.474956],[-0.026251,51.47497],[-0.028086,51.47525],[-0.028718,51.475359],[-0.032236,51.475873],[-0.03252,51.475897],[-0.034111,51.475833],[-0.036343,51.475684],[-0.040223,51.474901],[-0.040566,51.474822],[-0.040954,51.475738],[-0.039579,51.476287],[-0.039464,51.475913],[-0.036959,51.476239],[-0.03706,51.476771],[-0.037485,51.476739],[-0.037878,51.477318],[-0.038706,51.47723],[-0.039656,51.478059],[-0.040038,51.477982],[-0.040246,51.478156],[-0.039665,51.478605],[-0.040247,51.479018],[-0.040705,51.479786],[-0.040423,51.48004],[-0.041032,51.48005],[-0.041364,51.480885],[-0.04158,51.481241],[-0.042119,51.481155],[-0.041939,51.480334],[-0.042631,51.479776],[-0.042681,51.481628],[-0.044004,51.481547],[-0.045958,51.484007],[-0.043363,51.484074],[-0.041634,51.48278],[-0.038766,51.482242],[-0.037011,51.482052]]]]}},
{"type":"Feature","properties":{"layer":"London_MSOAs_Generalised_inc_Attributes_Rev_20220331","id":972,"OBJECTID_1":972,"objectid":6711,"msoa11cd":"E02006853","msoa11nm":"Tower Hamlets 032","Age_65plus_with_LTHC":190,"Age_65plus_with_LTHC_PC":63.758389261745,"Shape_Length":4092.9726613050266,"Shape_Area":500926.1741370168,"MSOA_HCLName":"Millwall North","in_cw":true,"whole_in_zone":true},"geometry":{"type":"MultiPolygon","coordinates":[[[[-0.017812,51.500341],[-0.018009,51.499805],[-0.018611,51.49984],[-0.018711,51.49926],[-0.016787,51.498563],[-0.016664,51.498527],[-0.016822,51.497168],[-0.016843,51.49699],[-0.017084,51.495111],[-0.017249,51.493905],[-0.017642,51.49289],[-0.018036,51.492902],[-0.020733,51.493306],[-0.022459,51.493412],[-0.023638,51.493497],[-0.024351,51.493566],[-0.024597,51.493996],[-0.024849,51.493238],[-0.026276,51.492544],[-0.026276,51.493142],[-0.026276,51.493871],[-0.027074,51.493859],[-0.025462,51.493932],[-0.025524,51.494128],[-0.02699,51.494177],[-0.026563,51.494912],[-0.02778,51.495465],[-0.027491,51.49714],[-0.027427,51.49787],[-0.026613,51.497862],[-0.026691,51.498171],[-0.027208,51.498264],[-0.026885,51.498633],[-0.026146,51.498398],[-0.02629,51.498206],[-0.025858,51.498167],[-0.025837,51.497912],[-0.024456,51.498084],[-0.024268,51.498167],[-0.024176,51.498789],[-0.024778,51.498787],[-0.024745,51.49951],[-0.025405,51.499755],[-0.025111,51.500079],[-0.024896,51.500524],[-0.024362,51.500529],[-0.022955,51.500534],[-0.022932,51.499946],[-0.022463,51.499896],[-0.021745,51.499388],[-0.021525,51.500182],[-0.02095,51.500161],[-0.020845,51.500798],[-0.018869,51.500441],[-0.017812,51.500341]]]]}},
{"type":"Feature","properties":{"layer":"London_MSOAs_Generalised_inc_Attributes_Rev_20220331","id":973,"OBJECTID_1":973,"objectid":6712,"msoa11cd":"E02006854","msoa11nm":"Tower Hamlets 033","Age_65plus_with_LTHC":80,"Age_65plus_with_LTHC_PC":56.7375886524823,"Shape_Length":6235.921174298718,"Shape_Area":917375.1308550338,"MSOA_HCLName":"Canary Wharf","in_cw":true,"whole_in_zone":true},"geometry":{"type":"MultiPolygon","coordinates":[[[[-0.017094,51.5076],[-0.013336,51.507408],[-0.012019,51.507585],[-0.012095,51.50731],[-0.012287,51.506605],[-0.012621,51.506645],[-0.012757,51.506155],[-0.013208,51.506203],[-0.013271,51.505971],[-0.012864,51.505926],[-0.013101,51.504991],[-0.012364,51.504688],[-0.014853,51.504888],[-0.015031,51.50445],[-0.015097,51.504],[-0.01347,51.503813],[-0.013779,51.502748],[-0.014735,51.50284],[-0.015335,51.501916],[-0.016135,51.500168],[-0.016497,51.499969],[-0.016664,51.498527],[-0.016787,51.498563],[-0.018711,51.49926],[-0.018611,51.49984],[-0.018009,51.499805],[-0.017812,51.500341],[-0.018869,51.500441],[-0.020845,51.500798],[-0.02095,51.500161],[-0.021525,51.500182],[-0.021745,51.499388],[-0.022463,51.499896],[-0.022932,51.499946],[-0.022955,51.500534],[-0.024362,51.500529],[-0.024896,51.500524],[-0.025111,51.500079],[-0.025405,51.499755],[-0.024745,51.49951],[-0.024778,51.498787],[-0.024176,51.498789],[-0.024268,51.498167],[-0.024456,51.498084],[-0.025837,51.497912],[-0.025858,51.498167],[-0.02629,51.498206],[-0.026146,51.498398],[-0.026885,51.498633],[-0.027208,51.498264],[-0.026691,51.498171],[-0.026613,51.497862],[-0.027427,51.49787],[-0.027441,51.498951],[-0.027711,51.499753],[-0.02741,51.499756],[-0.027415,51.500653],[-0.027387,51.5017],[-0.027341,51.502178],[-0.027028,51.502842],[-0.026944,51.503114],[-0.025742,51.503197],[-0.027168,51.503658],[-0.028037,51.505358],[-0.027713,51.505647],[-0.028322,51.505847],[-0.02882,51.506317],[-0.027961,51.506709],[-0.029026,51.506477],[-0.029527,51.506951],[-0.029972,51.507448],[-0.029202,51.507872],[-0.02724,51.507907],[-0.027146,51.508209],[-0.026338,51.509294],[-0.025483,51.50978],[-0.025125,51.509515],[-0.02389,51.508931],[-0.023571,51.508875],[-0.017094,51.5076]]]]}},
{"type":"Feature","properties":{"layer":"London_MSOAs_Generalised_inc_Attributes_Rev_20220331","id":980,"OBJECTID_1":980,"objectid":6785,"msoa11cd":"E02006928","msoa11nm":"Greenwich 035","Age_65plus_with_LTHC":123,"Age_65plus_with_LTHC_PC":45.0549450549451,"Shape_Length":6801.6032159662,"Shape_Area":540610.1039544248,"MSOA_HCLName":"Greenwich & Deptford Creekside","in_cw":false,"whole_in_zone":true},"geometry":{"type":"MultiPolygon","coordinates":[[[[-0.009585,51.483661],[-0.009759,51.482835],[-0.009423,51.482286],[-0.010034,51.481751],[-0.009318,51.481514],[-0.009931,51.481284],[-0.010291,51.481437],[-0.010231,51.480971],[-0.011129,51.480735],[-0.011885,51.481037],[-0.012537,51.480562],[-0.01323,51.480802],[-0.014029,51.480784],[-0.014459,51.480585],[-0.014046,51.480299],[-0.013618,51.479821],[-0.015136,51.479343],[-0.014856,51.479224],[-0.013952,51.479089],[-0.014497,51.478469],[-0.014962,51.478432],[-0.014459,51.478228],[-0.012804,51.478383],[-0.012229,51.477941],[-0.012145,51.477917],[-0.013848,51.477572],[-0.013548,51.477275],[-0.014088,51.477507],[-0.015398,51.477131],[-0.015145,51.476679],[-0.017074,51.476582],[-0.017068,51.476318],[-0.016591,51.47631],[-0.017283,51.475291],[-0.017909,51.475514],[-0.018488,51.475737],[-0.01882,51.475424],[-0.020113,51.475078],[-0.019873,51.474431],[-0.020582,51.474028],[-0.021318,51.474274],[-0.021801,51.475221],[-0.021102,51.475238],[-0.020339,51.475757],[-0.020472,51.476549],[-0.018949,51.477069],[-0.018933,51.478182],[-0.018369,51.479319],[-0.016834,51.480066],[-0.015744,51.481412],[-0.014979,51.481773],[-0.017812,51.482525],[-0.017904,51.483182],[-0.01628,51.483237],[-0.016277,51.482961],[-0.015406,51.48282],[-0.015214,51.483128],[-0.013066,51.482939],[-0.012155,51.482947],[-0.011599,51.483093],[-0.010924,51.483077],[-0.010981,51.483313],[-0.009585,51.483661]]],[[[-0.016455,51.481336],[-0.017064,51.48041],[-0.017823,51.480881],[-0.018673,51.480785],[-0.019432,51.480544],[-0.020046,51.480338],[-0.020316,51.479936],[-0.023022,51.479629],[-0.023022,51.479661],[-0.023121,51.48074],[-0.02474,51.481211],[-0.025589,51.481368],[-0.026358,51.481511],[-0.026114,51.481745],[-0.025526,51.483435],[-0.025292,51.484226],[-0.025166,51.484864],[-0.024831,51.485554],[-0.02002,51.483824],[-0.018755,51.483473],[-0.018434,51.482363],[-0.017905,51.481881],[-0.016469,51.481639],[-0.016455,51.481336]]]]}},
{"type":"Feature","properties":{"layer":"London_MSOAs_Generalised_inc_Attributes_Rev_20220331","id":981,"OBJECTID_1":981,"objectid":6786,"msoa11cd":"E02006929","msoa11nm":"Greenwich 036","Age_65plus_with_LTHC":361,"Age_65plus_with_LTHC_PC":58.2258064516129,"Shape_Length":13327.399253227211,"Shape_Area":2546634.6785153546,"MSOA_HCLName":"Greenwich Peninsula","in_cw":false,"whole_in_zone":false},"geometry":{"type":"MultiPolygon","coordinates":[[[[0.016212,51.49578],[0.018569,51.494984],[0.021756,51.494455],[0.021629,51.494016],[0.022033,51.493947],[0.022356,51.494297],[0.024432,51.493863],[0.029071,51.493918],[0.029245,51.493702],[0.030081,51.491248],[0.029891,51.490184],[0.031142,51.488031],[0.031246,51.487885],[0.034231,51.488472],[0.035123,51.487738],[0.033311,51.487206],[0.031962,51.486944],[0.03162,51.486886],[0.027276,51.485926],[0.026068,51.48541],[0.025789,51.485277],[0.024354,51.484801],[0.02334,51.484691],[0.023264,51.485804],[0.021481,51.485724],[0.022339,51.486644],[0.023223,51.488863],[0.023171,51.490023],[0.024667,51.490012],[0.019545,51.490145],[0.018189,51.490439],[0.017626,51.489108],[0.017454,51.48912],[0.01551,51.489334],[0.014411,51.488417],[0.013923,51.487867],[0.012933,51.48825],[0.01232,51.488152],[0.012315,51.488544],[0.011857,51.488295],[0.011633,51.488522],[0.011043,51.486223],[0.009996,51.486296],[0.00958,51.486311],[0.009365,51.486318],[0.009405,51.4866],[0.008765,51.486709],[0.008068,51.486542],[0.007466,51.486928],[0.007678,51.487899],[0.007996,51.488488],[0.007514,51.488798],[0.008393,51.488772],[0.008691,51.489172],[0.007482,51.489475],[0.007153,51.490523],[0.003283,51.492334],[0.004437,51.489912],[0.004812,51.489903],[0.00458,51.488864],[0.004871,51.488277],[0.00487,51.487429],[0.004453,51.487172],[0.005518,51.487087],[0.005497,51.487798],[0.005945,51.487904],[0.006142,51.487525],[0.005588,51.48668],[0.004354,51.486874],[0.004336,51.486593],[0.005082,51.486536],[0.005671,51.485426],[0.004299,51.485435],[0.004297,51.485056],[0.002637,51.485063],[0.001775,51.484555],[0.001618,51.484733],[-0.001586,51.484067],[-0.00056,51.483478],[-0.001743,51.483234],[-0.001943,51.482787],[-0.002677,51.482995],[-0.002394,51.48254],[-0.002812,51.482508],[-0.00433,51.484367],[-0.004603,51.484691],[-0.003313,51.484873],[-0.001993,51.485645],[-0.002258,51.485902],[-0.001636,51.486239],[-0.001643,51.485898],[-0.000052,51.486715],[0.001434,51.488151],[0.002015,51.488461],[0.001968,51.488801],[0.002441,51.489958],[0.002416,51.493004],[0.002008,51.492915],[0.001611,51.494022],[0.001007,51.494413],[0.001295,51.4948],[0.000915,51.495497],[-0.000233,51.495234],[-0.002098,51.499492],[-0.002249,51.501299],[-0.001819,51.501311],[-0.001868,51.501906],[-0.001487,51.502043],[-0.001977,51.502275],[-0.001271,51.503338],[0.000385,51.504328],[0.00195,51.504794],[0.003572,51.504848],[0.00496,51.504424],[0.013093,51.497772],[0.014589,51.496499],[0.016212,51.49578]]]]}},
{"type":"Feature","properties":{"layer":"London_MSOAs_Generalised_inc_Attributes_Rev_20220331","id":982,"OBJECTID_1":982,"objectid":6787,"msoa11cd":"E02006930","msoa11nm":"Greenwich 037","Age_65plus_with_LTHC":285,"Age_65plus_with_LTHC_PC":52.1978021978022,"Shape_Length":7693.127192106456,"Shape_Area":867882.3296447253,"MSOA_HCLName":"Greenwich East","in_cw":false,"whole_in_zone":false},"geometry":{"type":"MultiPolygon","coordinates":[[[[0.008691,51.489172],[0.008393,51.488772],[0.007514,51.488798],[0.007996,51.488488],[0.007678,51.487899],[0.007466,51.486928],[0.008068,51.486542],[0.008765,51.486709],[0.009405,51.4866],[0.009365,51.486318],[0.00958,51.486311],[0.009996,51.486296],[0.011043,51.486223],[0.011633,51.488522],[0.011857,51.488295],[0.012315,51.488544],[0.01232,51.488152],[0.012933,51.48825],[0.013923,51.487867],[0.014411,51.488417],[0.01551,51.489334],[0.017454,51.48912],[0.017626,51.489108],[0.018189,51.490439],[0.019545,51.490145],[0.024667,51.490012],[0.023171,51.490023],[0.023223,51.488863],[0.022339,51.486644],[0.021481,51.485724],[0.023264,51.485804],[0.02334,51.484691],[0.021514,51.484528],[0.020324,51.48442],[0.020205,51.48441],[0.019831,51.484379],[0.015904,51.484],[0.014026,51.483802],[0.012992,51.483682],[0.012054,51.48358],[0.011104,51.483478],[0.008448,51.483167],[0.008392,51.48316],[0.00649,51.482859],[0.005926,51.482765],[0.004868,51.48265],[0.002003,51.482769],[0.001652,51.482715],[0.001439,51.482138],[-0.00133,51.481448],[-0.001981,51.481555],[-0.002812,51.482508],[-0.002394,51.48254],[-0.002677,51.482995],[-0.001943,51.482787],[-0.001743,51.483234],[-0.00056,51.483478],[-0.001586,51.484067],[0.001618,51.484733],[0.001775,51.484555],[0.002637,51.485063],[0.004297,51.485056],[0.004299,51.485435],[0.005671,51.485426],[0.005082,51.486536],[0.004336,51.486593],[0.004354,51.486874],[0.005588,51.48668],[0.006142,51.487525],[0.005945,51.487904],[0.005497,51.487798],[0.005518,51.487087],[0.004453,51.487172],[0.00487,51.487429],[0.004871,51.488277],[0.00458,51.488864],[0.004812,51.489903],[0.004437,51.489912],[0.003283,51.492334],[0.007153,51.490523],[0.007482,51.489475],[0.008691,51.489172]]]]}},
{"type":"Feature","properties":{"layer":"London_MSOAs_Generalised_inc_Attributes_Rev_20220331","id":983,"OBJECTID_1":983,"objectid":6788,"msoa11cd":"E02006931","msoa11nm":"Greenwich 038","Age_65plus_with_LTHC":460,"Age_65plus_with_LTHC_PC":50.7726269315673,"Shape_Length":8625.942308861991,"Shape_Area":1986060.994248952,"MSOA_HCLName":"Greenwich Town & Park","in_cw":false,"whole_in_zone":false},"geometry":{"type":"MultiPolygon","coordinates":[[[[-0.001981,51.481555],[-0.00133,51.481448],[0.001439,51.482138],[0.002572,51.481302],[0.004843,51.479928],[0.005358,51.479496],[0.007343,51.477669],[0.007508,51.477519],[0.008105,51.476971],[0.012149,51.473322],[0.012142,51.473174],[-0.000641,51.471809],[-0.002176,51.471903],[-0.005438,51.472367],[-0.007653,51.472633],[-0.008297,51.472685],[-0.012055,51.472375],[-0.0123,51.47235],[-0.013385,51.472399],[-0.013522,51.472432],[-0.014026,51.472639],[-0.014482,51.471904],[-0.015095,51.47173],[-0.014443,51.470788],[-0.013988,51.470041],[-0.013873,51.469889],[-0.013594,51.469574],[-0.013242,51.469148],[-0.013079,51.468936],[-0.013991,51.468502],[-0.014585,51.468242],[-0.015039,51.468036],[-0.016071,51.468716],[-0.016507,51.469228],[-0.016898,51.469056],[-0.017089,51.469298],[-0.017834,51.469478],[-0.019068,51.469948],[-0.018792,51.471126],[-0.019198,51.471809],[-0.019218,51.471882],[-0.01925,51.471961],[-0.020228,51.47225],[-0.019927,51.472921],[-0.020308,51.473173],[-0.020686,51.473355],[-0.02079,51.473524],[-0.020933,51.473619],[-0.021656,51.473995],[-0.022621,51.473985],[-0.022753,51.474464],[-0.022661,51.475284],[-0.021801,51.475221],[-0.021318,51.474274],[-0.020582,51.474028],[-0.019873,51.474431],[-0.020113,51.475078],[-0.01882,51.475424],[-0.018488,51.475737],[-0.017909,51.475514],[-0.017283,51.475291],[-0.016591,51.47631],[-0.017068,51.476318],[-0.017074,51.476582],[-0.015145,51.476679],[-0.015398,51.477131],[-0.014088,51.477507],[-0.013548,51.477275],[-0.013848,51.477572],[-0.012145,51.477917],[-0.012229,51.477941],[-0.012804,51.478383],[-0.014459,51.478228],[-0.014962,51.478432],[-0.014497,51.478469],[-0.013952,51.479089],[-0.014856,51.479224],[-0.015136,51.479343],[-0.013618,51.479821],[-0.014046,51.480299],[-0.014459,51.480585],[-0.014029,51.480784],[-0.01323,51.480802],[-0.012537,51.480562],[-0.011885,51.481037],[-0.011129,51.480735],[-0.010231,51.480971],[-0.010291,51.481437],[-0.009931,51.481284],[-0.009318,51.481514],[-0.010034,51.481751],[-0.009423,51.482286],[-0.009759,51.482835],[-0.009585,51.483661],[-0.007214,51.483793],[-0.004603,51.484691],[-0.00433,51.484367],[-0.002812,51.482508],[-0.001981,51.481555]]]]}}
]}
