pc,sector,status,tier,introduced,terminated,large_user,ward,ward_name,in_cw_ward,in_cw_box,lat,lon,m_from_one_canada_sq,osm_features,osm_streets
E14 0AA,E14 0,live,cw-box-other-ward,198001,,false,E05009328,Poplar,false,true,51.509979,-0.014983,646,1,Cottage Street
E14 0AB,E14 0,terminated,terminated-cw,198301,200409,true,E05009328,Poplar,false,true,51.508620,-0.010128,771,,
E14 0AD,E14 0,live,cw-box-other-ward,198001,,false,E05009328,Poplar,false,true,51.509953,-0.015561,625,6,Woodstock Terrace
E14 0AE,E14 0,live,cw-box-other-ward,198001,,false,E05009328,Poplar,false,true,51.508996,-0.015357,539,13,Poplar High Street
E14 0AF,E14 0,live,cw-box-other-ward,198001,,true,E05009328,Poplar,false,true,51.508546,-0.016948,442,2,Poplar High Street
E14 0AG,E14 0,live,cw-box-other-ward,198001,,false,E05009328,Poplar,false,true,51.508635,-0.015834,487,1,Poplar High Street
E14 0AH,E14 0,live,cw-box-other-ward,198001,,false,E05009328,Poplar,false,true,51.508517,-0.015234,499,1,Simpson's Road
E14 0AJ,E14 0,live,cw-box-other-ward,198001,,false,E05009328,Poplar,false,true,51.508375,-0.015312,483,1,Simpson's Road
E14 0AL,E14 0,live,cw-box-other-ward,198001,,false,E05009328,Poplar,false,true,51.508543,-0.015694,483,1,Simpson's Road
E14 0AN,E14 0,live,cw-box-other-ward,198001,,false,E05009328,Poplar,false,true,51.508348,-0.014794,504,1,Simpson's Road
E14 0AP,E14 0,live,cw-box-other-ward,198001,,false,E05009328,Poplar,false,true,51.508447,-0.014257,536,1,Poplar High Street
E14 0AQ,E14 0,live,cw-box-other-ward,198001,,false,E05009328,Poplar,false,true,51.508762,-0.015324,518,1,Poplar High Street
E14 0AR,E14 0,live,cw-box-other-ward,198001,,false,E05009328,Poplar,false,true,51.508463,-0.013637,568,1,Poplar High Street
E14 0AS,E14 0,live,cw-box-other-ward,198001,,false,E05009328,Poplar,false,true,51.508782,-0.013349,607,1,Poplar High Street
E14 0AT,E14 0,live,cw-box-other-ward,198001,,false,E05009328,Poplar,false,true,51.508508,-0.013073,600,1,Harrow Lane
E14 0AU,E14 0,live,cw-box-other-ward,200402,,false,E05009328,Poplar,false,true,51.508964,-0.019307,452,1,Poplar High Street
E14 0AW,E14 0,live,cw-box-other-ward,198001,,false,E05009328,Poplar,false,true,51.508763,-0.014877,536,1,Poplar High Street
E14 0AX,E14 0,live,cw-box-other-ward,198001,,false,E05009328,Poplar,false,true,51.509001,-0.011941,695,1,Newby Place
E14 0AY,E14 0,live,cw-box-other-ward,198001,,false,E05009328,Poplar,false,true,51.509234,-0.011888,715,1,Newby Place
E14 0AZ,E14 0,live,cw-box-other-ward,198001,,false,E05009328,Poplar,false,true,51.508964,-0.011367,723,1,Poplar High Street
E14 0BA,E14 0,live,cw-box-other-ward,198001,,false,E05009328,Poplar,false,true,51.508896,-0.011067,735,1,Poplar High Street
E14 0BB,E14 0,live,cw-box-other-ward,198001,,false,E05009328,Poplar,false,true,51.508606,-0.010936,723,11,Poplar High Street
E14 0BD,E14 0,live,e14-other,200405,,false,E05009325,Lansbury,false,false,51.513531,-0.001727,1563,1,Blair Street
E14 0BE,E14 0,live,cw-box-other-ward,198001,,false,E05009328,Poplar,false,true,51.508932,-0.009970,799,9,Poplar High Street
E14 0BF,E14 0,live,cw-box-other-ward,200501,,false,E05009328,Poplar,false,true,51.509519,-0.017554,531,1,Hale Street
E14 0BG,E14 0,live,cw-box-other-ward,199812,,false,E05009328,Poplar,false,true,51.508635,-0.011583,689,1,Poplar High Street
E14 0BH,E14 0,live,cw-box-other-ward,198001,,false,E05009328,Poplar,false,true,51.509072,-0.014014,600,1,Landon Walk
E14 0BJ,E14 0,terminated,terminated-cw,200501,200501,false,E05009328,Poplar,false,true,51.508645,-0.018024,429,,
E14 0BL,E14 0,live,cw-box-other-ward,199109,,false,E05009328,Poplar,false,true,51.507796,-0.015107,443,1,Castor Lane
E14 0BN,E14 0,live,cw-box-other-ward,200811,,false,E05009328,Poplar,false,true,51.508654,-0.009521,809,1,Poplar High Street
E14 0BP,E14 0,live,e14-other,198001,,false,E05009328,Poplar,false,false,51.510881,-0.015679,716,2,East India Dock Road
E14 0BQ,E14 0,live,cw-box-other-ward,200904,,false,E05009328,Poplar,false,true,51.508584,-0.010129,769,1,Poplar High Street
E14 0BS,E14 0,live,e14-other,198001,,false,E05009328,Poplar,false,false,51.510502,-0.017713,635,4,Hale Street
E14 0BT,E14 0,live,cw-box-other-ward,198001,,false,E05009328,Poplar,false,true,51.509710,-0.018208,542,1,Hale Street
E14 0BU,E14 0,live,cw-box-other-ward,198001,,false,E05009328,Poplar,false,true,51.509710,-0.018208,542,1,Hale Street
E14 0BW,E14 0,live,e14-other,201105,,false,E05009325,Lansbury,false,false,51.516012,-0.007485,1491,1,Oakes Mews
E14 0BX,E14 0,live,cw-box-other-ward,198001,,false,E05009328,Poplar,false,true,51.509159,-0.018103,483,1,Hale Street
E14 0BY,E14 0,live,cw-box-other-ward,199606,,false,E05009328,Poplar,false,true,51.508300,-0.018875,380,5,Stoneyard Lane
E14 0BZ,E14 0,live,e14-other,202110,,false,E05009318,Blackwall & Cubitt Town,false,false,51.511184,0.005102,1845,1,Hope Street
E14 0DA,E14 0,live,cw-box-other-ward,198001,,false,E05009328,Poplar,false,true,51.509310,-0.019033,491,1,Wade's Place
E14 0DB,E14 0,live,cw-box-other-ward,198001,,false,E05009328,Poplar,false,true,51.509780,-0.018666,546,1,Wade's Place
E14 0DD,E14 0,live,cw-box-other-ward,198001,,false,E05009328,Poplar,false,true,51.509780,-0.018666,546,1,Wade's Place
E14 0DE,E14 0,live,cw-box-other-ward,198001,,false,E05009328,Poplar,false,true,51.509941,-0.019683,561,2,Wade's Place
E14 0DF,E14 0,live,e14-other,198001,,false,E05009328,Poplar,false,false,51.510449,-0.019387,617,1,Wade's Place
E14 0DG,E14 0,live,e14-other,198001,,false,E05009328,Poplar,false,false,51.510633,-0.020172,639,2,East India Dock Road
E14 0DH,E14 0,live,e14-other,198001,,false,E05009328,Poplar,false,false,51.510213,-0.020334,594,2,Saltwell Street
E14 0DJ,E14 0,live,cw-box-other-ward,198001,,false,E05009328,Poplar,false,true,51.509310,-0.019033,491,5,Poplar High Street
E14 0DL,E14 0,live,cw-box-other-ward,198001,,false,E05009328,Poplar,false,true,51.509081,-0.020412,469,3,Poplar High Street
E14 0DN,E14 0,live,cw-box-other-ward,198001,,false,E05009328,Poplar,false,true,51.508819,-0.020322,439,1,Dingle Gardens
E14 0DP,E14 0,terminated,terminated-cw,198001,199606,false,E05009328,Poplar,false,true,51.508533,-0.021502,427,,
E14 0DQ,E14 0,live,e14-other,198001,,false,E05009328,Poplar,false,false,51.510383,-0.021364,623,2,Saltwell Street
E14 0DR,E14 0,live,cw-box-other-ward,198001,,false,E05009328,Poplar,false,true,51.509005,-0.019075,457,1,Poplar High Street
E14 0DS,E14 0,terminated,terminated-cw,199706,201701,true,E05009328,Poplar,false,true,51.507796,-0.015107,443,,
E14 0DT,E14 0,live,cw-box-other-ward,199606,,false,E05009328,Poplar,false,true,51.508638,-0.019192,416,2,Dolphin Lane
E14 0DU,E14 0,terminated,terminated-cw,199208,199501,true,E05009328,Poplar,false,true,51.509432,-0.021463,522,,
E14 0DW,E14 0,terminated,terminated-cw,199002,199706,true,E05009328,Poplar,false,true,51.509310,-0.019033,491,,
E14 0DX,E14 0,terminated,terminated-other,200402,200611,true,E05009327,Mile End,false,false,51.513198,-0.028275,1106,,
E14 0DY,E14 0,live,cw-box-other-ward,198001,,false,E05009328,Poplar,false,true,51.509703,-0.020471,538,3,Saltwell Street
E14 0DZ,E14 0,live,cw-box-other-ward,198001,,false,E05009328,Poplar,false,true,51.509720,-0.022027,564,4,Saltwell Street
E14 0EA,E14 0,live,e14-other,198001,,false,E05009325,Lansbury,false,false,51.511396,-0.013682,827,8,East India Dock Road
E14 0EB,E14 0,terminated,terminated-other,198001,202401,true,E05009325,Lansbury,false,false,51.511384,-0.015138,782,,
E14 0ED,E14 0,live,e14-other,198001,,false,E05009325,Lansbury,false,false,51.511435,-0.011735,905,15,East India Dock Road
E14 0EE,E14 0,terminated,terminated-other,199501,199512,true,E05009328,Poplar,false,false,51.510184,-0.012783,750,,
E14 0EF,E14 0,live,e14-other,200311,,false,E05009325,Lansbury,false,false,51.511400,-0.012875,857,1,East India Dock Road
E14 0EG,E14 0,live,e14-other,198001,,false,E05009325,Lansbury,false,false,51.511549,-0.010015,990,18,East India Dock Road
E14 0EH,E14 0,live,e14-other,198001,,false,E05009328,Poplar,false,false,51.510760,-0.013868,760,3,East India Dock Road
E14 0EJ,E14 0,terminated,terminated-other,199501,201012,false,E05009328,Poplar,false,false,51.510571,-0.010100,907,,
E14 0EL,E14 0,live,e14-other,198001,,false,E05009328,Poplar,false,false,51.510754,-0.010842,886,2,Cotton Street
E14 0EN,E14 0,live,e14-other,198001,,false,E05009328,Poplar,false,false,51.510283,-0.007966,1000,,
E14 0EP,E14 0,terminated,terminated-other,198001,201607,false,E05009328,Poplar,false,false,51.510114,-0.009140,924,,
E14 0EQ,E14 0,terminated,terminated-other,198001,199112,false,E05009328,Poplar,false,false,51.510136,-0.009903,885,,
E14 0ER,E14 0,live,e14-other,198001,,false,E05009328,Poplar,false,false,51.511007,-0.009318,980,7,Bullivant Street
E14 0ES,E14 0,live,cw-box-other-ward,198001,,false,E05009328,Poplar,false,true,51.509796,-0.010567,825,3,Bazely Street
E14 0ET,E14 0,live,cw-box-other-ward,198001,,false,E05009328,Poplar,false,true,51.509356,-0.011119,764,1,Bazely Street
E14 0EU,E14 0,live,cw-box-other-ward,198001,,false,E05009328,Poplar,false,true,51.509242,-0.010216,805,1,Bazely Street
E14 0EW,E14 0,live,e14-other,198001,,false,E05009328,Poplar,false,false,51.510260,-0.008759,954,1,Woolmore Street
E14 0EX,E14 0,live,cw-box-other-ward,198001,,false,E05009328,Poplar,false,true,51.509727,-0.011290,783,2,Mountague Place
E14 0EY,E14 0,live,e14-other,198001,,false,E05009328,Poplar,false,false,51.510478,-0.012598,784,4,Newby Place
E14 0EZ,E14 0,live,cw-box-other-ward,198001,,false,E05009328,Poplar,false,true,51.509557,-0.011831,743,1,Newby Place
E14 0FA,E14 0,live,e14-other,201401,,false,E05009325,Lansbury,false,false,51.516395,-0.003043,1714,,
E14 0FB,E14 0,live,e14-other,201012,,false,E05009325,Lansbury,false,false,51.514922,0.001591,1840,1,Portree Street
E14 0FD,E14 0,live,e14-other,201105,,false,E05009325,Lansbury,false,false,51.514380,0.001711,1811,1,Lanrick Road
E14 0FE,E14 0,live,e14-other,201012,,false,E05009325,Lansbury,false,false,51.514538,0.001949,1834,2,Lanrick Road
E14 0FF,E14 0,live,e14-other,201105,,false,E05009325,Lansbury,false,false,51.514756,0.001843,1843,1,Lanrick Road
E14 0FG,E14 0,live,e14-other,201202,,false,E05009318,Blackwall & Cubitt Town,false,false,51.508257,0.008489,1978,2,Trinity Buoy Wharf
E14 0FH,E14 0,live,e14-other,201202,,false,E05009318,Blackwall & Cubitt Town,false,false,51.508493,0.008889,2011,1,Trinity Buoy Wharf
E14 0FJ,E14 0,live,e14-other,201202,,false,E05009318,Blackwall & Cubitt Town,false,false,51.507840,0.008702,1985,2,Trinity Buoy Wharf
E14 0FL,E14 0,live,e14-other,201202,,false,E05009318,Blackwall & Cubitt Town,false,false,51.507822,0.008153,1947,1,Trinity Buoy Wharf
E14 0FN,E14 0,live,e14-other,201202,,false,E05009318,Blackwall & Cubitt Town,false,false,51.508165,0.008082,1949,1,Trinity Buoy Wharf
E14 0FP,E14 0,live,e14-other,201202,,false,E05009318,Blackwall & Cubitt Town,false,false,51.507825,0.007447,1899,1,Trinity Buoy Wharf
E14 0FQ,E14 0,live,e14-other,201506,,false,E05009328,Poplar,false,false,51.510579,-0.010071,909,2,Cotton Street
E14 0FR,E14 0,live,e14-other,201203,,false,E05009318,Blackwall & Cubitt Town,false,false,51.508175,0.007520,1911,1,Trinity Buoy Wharf
E14 0FS,E14 0,live,e14-other,201307,,false,E05009325,Lansbury,false,false,51.513698,-0.013149,1073,,
E14 0FT,E14 0,live,cw-box-other-ward,201208,,false,E05009328,Poplar,false,true,51.509526,-0.021171,527,1,Saltwell Street
E14 0FU,E14 0,live,e14-other,201511,,false,E05009328,Poplar,false,false,51.510646,-0.020906,646,1,Saltwell Street
E14 0FX,E14 0,live,e14-other,201506,,false,E05009328,Poplar,false,false,51.510922,-0.010114,934,3,Pomfret Place
E14 0FY,E14 0,live,cw-box-other-ward,201407,,false,E05009328,Poplar,false,true,51.509071,-0.015022,558,1,Finchs Court Mews
E14 0FZ,E14 0,live,e14-other,201506,,false,E05009328,Poplar,false,false,51.510948,-0.010070,938,3,Webber Path
E14 0GA,E14 0,live,e14-other,200211,,false,E05009325,Lansbury,false,false,51.515660,-0.006362,1504,1,Darnaway Place
E14 0GB,E14 0,live,e14-other,201506,,false,E05009328,Poplar,false,false,51.510479,-0.010004,905,1,Oliphant Street
E14 0GD,E14 0,live,e14-other,201508,,false,E05009325,Lansbury,false,false,51.513560,-0.000818,1615,1,Abbott Road
E14 0GE,E14 0,live,e14-other,201510,,false,E05009325,Lansbury,false,false,51.513673,-0.001101,1607,1,Blair Street
E14 0GF,E14 0,terminated,terminated-other,201502,201503,false,E05009325,Lansbury,false,false,51.514454,-0.002091,1609,,
E14 0GG,E14 0,live,e14-other,201705,,false,E05009325,Lansbury,false,false,51.513314,-0.002213,1522,2,Deauville Close
E14 0GH,E14 0,live,e14-other,201508,,false,E05009325,Lansbury,false,false,51.513082,-0.000724,1589,1,New Village Avenue
E14 0GJ,E14 0,live,e14-other,201509,,false,E05009325,Lansbury,false,false,51.513253,-0.001812,1540,2,New Village Avenue
E14 0GL,E14 0,live,e14-other,201506,,false,E05009325,Lansbury,false,false,51.512899,-0.001582,1529,1,New Village Avenue
E14 0GN,E14 0,live,e14-other,201509,,false,E05009325,Lansbury,false,false,51.512780,-0.001472,1528,1,New Village Avenue
E14 0GP,E14 0,live,e14-other,200207,,false,E05009325,Lansbury,false,false,51.514269,-0.002315,1584,22,Abbott Road
E14 0GQ,E14 0,live,e14-other,200303,,false,E05009325,Lansbury,false,false,51.514454,-0.002091,1609,22,Leven Road
E14 0GR,E14 0,live,e14-other,200210,,false,E05009325,Lansbury,false,false,51.514738,-0.000262,1726,16,Oban Street
E14 0GS,E14 0,live,e14-other,200301,,false,E05009325,Lansbury,false,false,51.514721,0.000184,1749,13,Fortrose Close
E14 0GU,E14 0,live,e14-other,201510,,false,E05009325,Lansbury,false,false,51.515942,-0.006018,1544,2,St Ives Place
E14 0GW,E14 0,live,e14-other,200903,,false,E05009325,Lansbury,false,false,51.516137,-0.007436,1504,1,Leven Road
E14 0GX,E14 0,live,e14-other,200903,,false,E05009325,Lansbury,false,false,51.516587,-0.007460,1545,1,Leven Road
E14 0GY,E14 0,live,e14-other,200903,,false,E05009325,Lansbury,false,false,51.516813,-0.007493,1565,1,Leven Road
E14 0GZ,E14 0,live,e14-other,200906,,false,E05009325,Lansbury,false,false,51.516976,-0.007587,1577,1,Leven Road
E14 0HA,E14 0,live,cw-box-other-ward,198001,,false,E05009328,Poplar,false,true,51.509709,-0.012314,731,1,Newby Place
E14 0HB,E14 0,live,e14-other,198001,,false,E05009328,Poplar,false,false,51.510034,-0.013439,709,1,Woodall Close
E14 0HD,E14 0,live,cw-box-other-ward,198001,,false,E05009328,Poplar,false,true,51.509833,-0.013779,677,1,Smythe Street
E14 0HE,E14 0,live,e14-other,198001,,false,E05009328,Poplar,false,false,51.510180,-0.014628,677,1,Cottage Street
E14 0HF,E14 0,live,cw-box-other-ward,198001,,false,E05009328,Poplar,false,true,51.509461,-0.013636,650,3,Smythe Street
E14 0HG,E14 0,live,cw-box-other-ward,198001,,false,E05009328,Poplar,false,true,51.509388,-0.007731,957,,
E14 0HH,E14 0,live,e14-other,198001,,false,E05009325,Lansbury,false,false,51.511651,-0.014953,814,1,East India Dock Road
E14 0HJ,E14 0,terminated,terminated-other,199612,199912,true,E05009325,Lansbury,false,false,51.511624,-0.010199,988,,
E14 0HL,E14 0,terminated,terminated-cw,199201,199405,true,E05009318,Blackwall & Cubitt Town,false,true,51.504719,-0.008699,750,,
E14 0HN,E14 0,terminated,terminated-cw,198001,201607,false,E05009328,Poplar,false,true,51.509486,-0.009240,876,,
E14 0HP,E14 0,terminated,terminated-other,200112,200806,true,E05009327,Mile End,false,false,51.513198,-0.028275,1106,,
E14 0HQ,E14 0,live,cw-box-other-ward,198001,,false,E05009328,Poplar,false,true,51.509388,-0.007731,957,,
E14 0HR,E14 0,terminated,terminated-other,198001,201105,false,E05009325,Lansbury,false,false,51.513112,-0.000391,1610,,
E14 0HS,E14 0,terminated,terminated-other,198001,199212,false,E05009328,Poplar,false,false,51.510985,-0.006984,1101,,
E14 0HT,E14 0,live,e14-other,198001,,false,E05009325,Lansbury,false,false,51.514274,0.001072,1768,30,Portree Street
E14 0HU,E14 0,live,e14-other,198001,,false,E05009325,Lansbury,false,false,51.513892,0.000321,1701,2,Portree Street
E14 0HW,E14 0,terminated,terminated-cw,198001,201607,false,E05009328,Poplar,false,true,51.509486,-0.009240,876,,
E14 0HX,E14 0,live,e14-other,201510,,false,E05009325,Lansbury,false,false,51.516092,-0.005838,1565,1,St Ives Place
E14 0HY,E14 0,live,e14-other,201509,,false,E05009325,Lansbury,false,false,51.513209,-0.004999,1366,1,Blair Street
E14 0HZ,E14 0,live,e14-other,198001,,false,E05009325,Lansbury,false,false,51.513981,-0.000180,1679,1,Oban Street
E14 0JA,E14 0,live,e14-other,198001,,false,E05009325,Lansbury,false,false,51.514843,-0.000618,1715,25,Oban Street
E14 0JB,E14 0,live,e14-other,198001,,false,E05009325,Lansbury,false,false,51.515219,0.000552,1804,1,Oban Street
E14 0JD,E14 0,terminated,terminated-other,199002,199212,true,E05013907,Canning Town South,false,false,51.512611,0.003176,1792,,
E14 0JE,E14 0,terminated,terminated-other,199002,199501,true,E05009318,Blackwall & Cubitt Town,false,false,51.509890,0.004497,1756,,
E14 0JF,E14 0,live,e14-other,198001,,false,E05009325,Lansbury,false,false,51.515277,0.002413,1909,1,Lanrick Road
E14 0JG,E14 0,terminated,terminated-other,201003,201701,false,E05009328,Poplar,false,false,51.511667,0.001059,1613,,
E14 0JH,E14 0,terminated,terminated-other,198001,200903,false,E05009318,Blackwall & Cubitt Town,false,false,51.512461,0.005648,1937,,
E14 0JJ,E14 0,live,e14-other,202210,,false,E05009328,Poplar,false,false,51.512791,0.002074,1736,2,Silvocea Way
E14 0JL,E14 0,live,e14-other,201704,,false,E05009325,Lansbury,false,false,51.513366,-0.002599,1504,4,Blair Street
E14 0JN,E14 0,terminated,terminated-other,198001,199112,true,E05009318,Blackwall & Cubitt Town,false,false,51.508068,0.005858,1795,,
E14 0JP,E14 0,live,e14-other,198001,,false,E05009325,Lansbury,false,false,51.515901,0.001115,1883,16,Lanrick Road
E14 0JQ,E14 0,live,e14-other,201704,,false,E05009325,Lansbury,false,false,51.513106,-0.003158,1456,1,Valencia Close
E14 0JR,E14 0,terminated,terminated-other,198704,200806,true,E05009327,Mile End,false,false,51.513198,-0.028275,1106,,
E14 0JS,E14 0,terminated,terminated-other,199412,199501,true,E05009318,Blackwall & Cubitt Town,false,false,51.509890,0.004497,1756,,
E14 0JT,E14 0,live,e14-other,201612,,false,E05009325,Lansbury,false,false,51.512755,-0.002093,1491,1,Deauville Close
E14 0JU,E14 0,live,e14-other,200012,,false,E05009318,Blackwall & Cubitt Town,false,false,51.509475,0.005646,1818,2,Orchard Place
E14 0JW,E14 0,live,e14-other,198001,,false,E05009318,Blackwall & Cubitt Town,false,false,51.508660,0.007527,1922,4,Orchard Place
E14 0JX,E14 0,terminated,terminated-other,199405,199507,true,E05009318,Blackwall & Cubitt Town,false,false,51.509890,0.004497,1756,,
E14 0JY,E14 0,live,e14-other,200012,,false,E05009318,Blackwall & Cubitt Town,false,false,51.508118,0.008195,1955,1,Trinity Buoy Wharf
E14 0JZ,E14 0,live,e14-other,200308,,false,E05009318,Blackwall & Cubitt Town,false,false,51.508044,0.007298,1893,,
E14 0LA,E14 0,live,e14-other,201207,,false,E05009325,Lansbury,false,false,51.517699,-0.006763,1676,2,Lochnagar Street
E14 0LB,E14 0,live,e14-other,201701,,false,E05009325,Lansbury,false,false,51.512639,-0.002703,1449,1,Valencia Close
E14 0LD,E14 0,live,e14-other,201702,,false,E05009325,Lansbury,false,false,51.512765,-0.002179,1487,6,New Village Avenue
E14 0LE,E14 0,live,e14-other,198001,,false,E05009325,Lansbury,false,false,51.517902,-0.007547,1667,,
E14 0LF,E14 0,live,e14-other,198001,,false,E05009325,Lansbury,false,false,51.517298,-0.008005,1593,1,Bromley Hall Road
E14 0LG,E14 0,live,e14-other,201607,,false,E05009318,Blackwall & Cubitt Town,false,false,51.511424,0.005271,1866,3,Botanic Square
E14 0LH,E14 0,live,e14-other,201609,,false,E05009318,Blackwall & Cubitt Town,false,false,51.511215,0.005925,1899,1,Botanic Square
E14 0LJ,E14 0,live,e14-other,198001,,false,E05009325,Lansbury,false,false,51.516933,-0.008223,1550,1,Leven Road
E14 0LL,E14 0,live,e14-other,198001,,false,E05009325,Lansbury,false,false,51.515672,-0.005496,1543,4,Leven Road
E14 0LN,E14 0,live,e14-other,198001,,false,E05009325,Lansbury,false,false,51.515660,-0.006362,1504,18,Leven Road
E14 0LP,E14 0,terminated,terminated-other,198001,201307,true,E05009325,Lansbury,false,false,51.515889,-0.005026,1582,,
E14 0LQ,E14 0,live,e14-other,198001,,false,E05009325,Lansbury,false,false,51.516452,-0.007970,1514,4,Nairn Street
E14 0LR,E14 0,live,e14-other,198001,,false,E05009325,Lansbury,false,false,51.513706,0.000111,1677,2,Abbott Road
E14 0LS,E14 0,terminated,terminated-other,198001,200910,false,E05009325,Lansbury,false,false,51.513444,-0.000304,1636,,
E14 0LT,E14 0,terminated,terminated-other,198001,200910,false,E05009325,Lansbury,false,false,51.513379,-0.001259,1579,,
E14 0LU,E14 0,live,e14-other,201609,,false,E05009318,Blackwall & Cubitt Town,false,false,51.511512,0.006399,1942,1,Botanic Square
E14 0LW,E14 0,live,e14-other,201610,,false,E05009318,Blackwall & Cubitt Town,false,false,51.511780,0.006512,1961,1,Botanic Square
E14 0LX,E14 0,terminated,terminated-other,198001,200910,false,E05009325,Lansbury,false,false,51.513379,-0.001259,1579,,
E14 0LY,E14 0,terminated,terminated-other,198001,200405,false,E05009325,Lansbury,false,false,51.513738,-0.002799,1520,,
E14 0LZ,E14 0,terminated,terminated-other,198001,200311,false,E05009325,Lansbury,false,false,51.513738,-0.002799,1520,,
E14 0NA,E14 0,live,e14-other,198001,,false,E05009325,Lansbury,false,false,51.514016,-0.001202,1625,2,Abbott Road
E14 0NB,E14 0,live,e14-other,198001,,false,E05009325,Lansbury,false,false,51.514499,-0.004178,1507,9,Abbott Road
E14 0ND,E14 0,live,e14-other,201410,,false,E05009325,Lansbury,false,false,51.513289,-0.000182,1633,6,New Village Avenue
E14 0NE,E14 0,live,e14-other,198001,,false,E05009325,Lansbury,false,false,51.515448,-0.006573,1477,28,Abbott Road
E14 0NF,E14 0,live,e14-other,198001,,false,E05009325,Lansbury,false,false,51.515581,-0.008037,1430,2,Abbott Road
E14 0NG,E14 0,live,e14-other,198001,,false,E05009325,Lansbury,false,false,51.516207,-0.008356,1476,2,Abbott Road
E14 0NH,E14 0,live,e14-other,201410,,false,E05009325,Lansbury,false,false,51.513289,-0.000182,1633,1,New Village Avenue
E14 0NJ,E14 0,live,e14-other,201610,,false,E05009318,Blackwall & Cubitt Town,false,false,51.511780,0.006512,1961,1,Botanic Square
E14 0NL,E14 0,live,e14-other,200411,,false,E05009325,Lansbury,false,false,51.512170,-0.005260,1277,1,Aberfeldy Street
E14 0NN,E14 0,live,e14-other,201706,,false,E05009325,Lansbury,false,false,51.512508,-0.003444,1399,1,Blair Street
E14 0NP,E14 0,live,e14-other,199002,,false,E05009325,Lansbury,false,false,51.512249,-0.006727,1206,44,Athol Square
E14 0NQ,E14 0,live,e14-other,200411,,false,E05009325,Lansbury,false,false,51.513756,-0.005436,1387,1,Aberfeldy Street
E14 0NR,E14 0,live,e14-other,200505,,false,E05009325,Lansbury,false,false,51.513943,-0.003237,1512,22,Benledi Road
E14 0NS,E14 0,terminated,terminated-other,198001,201705,false,E05009325,Lansbury,false,false,51.512431,-0.004730,1324,,
E14 0NT,E14 0,terminated,terminated-other,198001,201705,false,E05009325,Lansbury,false,false,51.512484,-0.004180,1357,,
E14 0NU,E14 0,live,e14-other,198001,,false,E05009325,Lansbury,false,false,51.513401,-0.005740,1344,15,Aberfeldy Street
E14 0NW,E14 0,terminated,terminated-other,198001,199912,false,E05009325,Lansbury,false,false,51.512783,-0.006905,1238,,
E14 0NX,E14 0,terminated,terminated-other,198001,201705,false,E05009325,Lansbury,false,false,51.512739,-0.005927,1283,,
E14 0NY,E14 0,live,e14-other,202106,,false,E05009325,Lansbury,false,false,51.512782,-0.005810,1293,2,Blair Street
E14 0NZ,E14 0,live,e14-other,200206,,false,E05009325,Lansbury,false,false,51.515029,-0.007297,1409,35,Balmore Close
E14 0PA,E14 0,terminated,terminated-other,198001,201705,false,E05009325,Lansbury,false,false,51.512782,-0.003706,1404,,
E14 0PB,E14 0,live,e14-other,200206,,false,E05009325,Lansbury,false,false,51.514636,-0.006925,1391,3,Findhorn Street
E14 0PD,E14 0,live,e14-other,198001,,false,E05009325,Lansbury,false,false,51.513830,-0.007710,1287,1,Dee Street
E14 0PE,E14 0,live,e14-other,198001,,false,E05009325,Lansbury,false,false,51.513930,-0.007216,1317,1,Dee Street
E14 0PF,E14 0,live,e14-other,198001,,false,E05009325,Lansbury,false,false,51.514050,-0.006879,1343,1,Dee Street
E14 0PG,E14 0,terminated,terminated-other,198001,201705,false,E05009325,Lansbury,false,false,51.512969,-0.004620,1368,,
E14 0PH,E14 0,terminated,terminated-other,198001,201705,false,E05009325,Lansbury,false,false,51.513161,-0.003776,1427,,
E14 0PJ,E14 0,live,e14-other,198001,,false,E05009325,Lansbury,false,false,51.513632,-0.004490,1424,14,Wooster Gardens
E14 0PL,E14 0,live,e14-other,198001,,false,E05009325,Lansbury,false,false,51.513660,-0.004042,1449,15,Ada Gardens
E14 0PN,E14 0,live,e14-other,198001,,false,E05009325,Lansbury,false,false,51.513842,-0.003616,1485,21,Goodway Gardens
E14 0PP,E14 0,terminated,terminated-other,198001,201503,false,E05009325,Lansbury,false,false,51.512769,-0.002957,1444,,
E14 0PQ,E14 0,live,e14-other,198001,,false,E05009325,Lansbury,false,false,51.513549,-0.004912,1397,6,Lansbury Gardens
E14 0PR,E14 0,terminated,terminated-other,198001,201503,false,E05009325,Lansbury,false,false,51.512788,-0.002481,1471,,
E14 0PS,E14 0,terminated,terminated-other,198001,201504,false,E05009325,Lansbury,false,false,51.512942,-0.001998,1508,,
E14 0PT,E14 0,live,e14-other,198001,,false,E05009325,Lansbury,false,false,51.514225,-0.004983,1446,10,Dee Street
E14 0PU,E14 0,live,e14-other,198001,,false,E05009325,Lansbury,false,false,51.514484,-0.004900,1471,9,Ettrick Street
E14 0PW,E14 0,terminated,terminated-other,198001,201503,false,E05009325,Lansbury,false,false,51.513273,-0.002978,1477,,
E14 0PX,E14 0,live,e14-other,198001,,false,E05009325,Lansbury,false,false,51.514283,-0.007344,1342,1,Findhorn Street
E14 0PY,E14 0,live,e14-other,200206,,false,E05009325,Lansbury,false,false,51.514139,-0.004165,1479,1,Dee Street
E14 0PZ,E14 0,live,e14-other,202111,,false,E05009325,Lansbury,false,false,51.512981,-0.004836,1358,2,Blair Street
E14 0QA,E14 0,terminated,terminated-other,198001,201705,false,E05009325,Lansbury,false,false,51.512575,-0.005286,1305,,
E14 0QB,E14 0,live,e14-other,198001,,false,E05009325,Lansbury,false,false,51.514734,-0.006359,1424,1,Aberfeldy Street
E14 0QD,E14 0,live,e14-other,198001,,false,E05009325,Lansbury,false,false,51.514199,-0.005561,1416,1,Aberfeldy Street
E14 0QE,E14 0,live,e14-other,201703,,false,E05009318,Blackwall & Cubitt Town,false,false,51.511073,0.005774,1884,1,City Island Way
E14 0QF,E14 0,live,e14-other,201704,,false,E05009318,Blackwall & Cubitt Town,false,false,51.511073,0.005774,1884,1,City Island Way
E14 0QG,E14 0,live,e14-other,201606,,false,E05009318,Blackwall & Cubitt Town,false,false,51.512111,0.005604,1918,2,Hope Street
E14 0QH,E14 0,terminated,terminated-other,198001,199806,false,E05009325,Lansbury,false,false,51.513640,-0.003395,1481,,
E14 0QJ,E14 0,terminated,terminated-other,199308,199412,true,E05009325,Lansbury,false,false,51.512783,-0.006905,1238,,
E14 0QL,E14 0,live,e14-other,201608,,false,E05009318,Blackwall & Cubitt Town,false,false,51.512111,0.005604,1918,1,Hope Street
E14 0QN,E14 0,live,e14-other,201605,,false,E05009328,Poplar,false,false,51.510341,-0.013540,733,1,Woodall Close
E14 0QP,E14 0,terminated,terminated-other,199109,199405,true,E05009325,Lansbury,false,false,51.512832,-0.009786,1110,,
E14 0QQ,E14 0,live,cw-box-other-ward,202002,,false,E05009328,Poplar,false,true,51.508223,-0.007955,882,1,Arniston Way
E14 0QR,E14 0,terminated,terminated-other,198001,201811,false,E05009325,Lansbury,false,false,51.513580,-0.008859,1215,,
E14 0QS,E14 0,terminated,terminated-other,198001,201811,false,E05009325,Lansbury,false,false,51.513580,-0.008859,1215,,
E14 0QT,E14 0,terminated,terminated-other,198001,201811,false,E05009325,Lansbury,false,false,51.513580,-0.008859,1215,,
E14 0QU,E14 0,live,e14-other,198001,,false,E05009325,Lansbury,false,false,51.513080,-0.009054,1163,3,St Leonard's Road
E14 0QW,E14 0,live,cw-box-other-ward,202002,,false,E05009328,Poplar,false,true,51.508223,-0.007955,882,1,Arniston Way
E14 0QX,E14 0,live,e14-other,198001,,false,E05009325,Lansbury,false,false,51.512920,-0.009724,1121,1,St Leonard's Road
E14 0QY,E14 0,live,e14-other,198001,,false,E05009325,Lansbury,false,false,51.513202,-0.009870,1140,2,St Leonard's Road
E14 0QZ,E14 0,live,e14-other,198001,,false,E05009325,Lansbury,false,false,51.515257,-0.010718,1303,2,St Leonard's Road
E14 0RA,E14 0,live,e14-other,198001,,false,E05009325,Lansbury,false,false,51.514746,-0.010279,1268,1,St Leonard's Road
E14 0RB,E14 0,terminated,terminated-other,198710,199806,true,E05009325,Lansbury,false,false,51.511616,-0.010213,986,,
E14 0RD,E14 0,live,e14-other,199007,,false,E05009325,Lansbury,false,false,51.515450,-0.009873,1350,8,Joshua Street
E14 0RE,E14 0,live,cw-box-other-ward,202002,,false,E05009328,Poplar,false,true,51.508478,-0.008174,881,2,Arniston Way
E14 0RF,E14 0,live,cw-box-other-ward,201907,,false,E05009328,Poplar,false,true,51.508553,-0.008344,874,1,Arniston Way
E14 0RG,E14 0,live,cw-box-other-ward,202010,,false,E05009328,Poplar,false,true,51.508632,-0.007663,920,1,Goddard Way
E14 0RH,E14 0,live,e14-other,199101,,false,E05009325,Lansbury,false,false,51.515490,-0.010102,1346,3,Mills Grove
E14 0RJ,E14 0,live,cw-box-other-ward,201912,,false,E05009328,Poplar,false,true,51.508670,-0.007777,915,1,Arniston Way
E14 0RL,E14 0,live,e14-other,201707,,false,E05009325,Lansbury,false,false,51.515294,-0.011264,1290,1,Byron Street
E14 0RN,E14 0,live,e14-other,199007,,false,E05009325,Lansbury,false,false,51.515998,-0.009821,1405,2,Dewberry Street
E14 0RP,E14 0,live,e14-other,201809,,false,E05009318,Blackwall & Cubitt Town,false,false,51.512229,0.006056,1952,1,Lyell Street
E14 0RQ,E14 0,live,e14-other,201809,,false,E05009318,Blackwall & Cubitt Town,false,false,51.512555,0.005926,1959,1,Lyell Street
E14 0RR,E14 0,live,e14-other,201809,,false,E05009318,Blackwall & Cubitt Town,false,false,51.512555,0.005926,1959,1,Lyell Street
E14 0RS,E14 0,live,e14-other,198001,,false,E05009325,Lansbury,false,false,51.515294,-0.011278,1289,4,St Leonard's Road
E14 0RT,E14 0,live,e14-other,198106,,false,E05009325,Lansbury,false,false,51.515901,-0.012592,1314,1,Bright Street
E14 0RU,E14 0,terminated,terminated-other,199208,199412,true,E05009325,Lansbury,false,false,51.514678,-0.012588,1188,,
E14 0RW,E14 0,live,e14-other,198001,,false,E05009325,Lansbury,false,false,51.516246,-0.010689,1402,6,Dewberry Street
E14 0RX,E14 0,terminated,terminated-other,199405,199501,true,E05009325,Lansbury,false,false,51.514678,-0.012588,1188,,
E14 0RY,E14 0,terminated,terminated-other,198001,201706,false,E05009325,Lansbury,false,false,51.515527,-0.011772,1298,,
E14 0RZ,E14 0,live,e14-other,198001,,true,E05009325,Lansbury,false,false,51.514787,-0.012122,1213,1,Bright Street
E14 0SA,E14 0,terminated,terminated-other,199501,199512,true,E05009325,Lansbury,false,false,51.513779,-0.012627,1097,,
E14 0SB,E14 0,terminated,terminated-other,199606,200403,true,E05009327,Mile End,false,false,51.513198,-0.028275,1106,,
E14 0SD,E14 0,terminated,terminated-other,199606,200007,true,E05009325,Lansbury,false,false,51.511624,-0.010199,988,,
E14 0SE,E14 0,terminated,terminated-other,199612,199906,true,E05009325,Lansbury,false,false,51.511624,-0.010199,988,,
E14 0SF,E14 0,terminated,terminated-other,199612,200603,true,E05009327,Mile End,false,false,51.513198,-0.028275,1106,,
E14 0SG,E14 0,terminated,terminated-other,199706,199812,true,E05009325,Lansbury,false,false,51.511624,-0.010199,988,,
E14 0SH,E14 0,live,e14-other,198001,,false,E05009325,Lansbury,false,false,51.513765,-0.011777,1122,6,Burcham Street
E14 0SJ,E14 0,terminated,terminated-other,198001,199212,false,E05009325,Lansbury,false,false,51.513803,-0.014067,1059,,
E14 0SL,E14 0,live,e14-other,198001,,false,E05009325,Lansbury,false,false,51.514025,-0.010714,1184,1,Burcham Street
E14 0SN,E14 0,live,e14-other,201406,,false,E05009325,Lansbury,false,false,51.514087,-0.009601,1231,1,St Leonard's Road
E14 0SP,E14 0,live,e14-other,198001,,false,E05009325,Lansbury,false,false,51.516715,-0.010207,1464,3,Brion Place
E14 0SQ,E14 0,terminated,terminated-other,199712,200603,true,E05009327,Mile End,false,false,51.513198,-0.028275,1106,,
E14 0SR,E14 0,live,e14-other,198001,,false,E05009325,Lansbury,false,false,51.517069,-0.010927,1478,4,Brion Place
E14 0SS,E14 0,live,e14-other,201808,,false,E05009318,Blackwall & Cubitt Town,false,false,51.513134,0.005735,1976,1,Lyell Street
E14 0ST,E14 0,live,e14-other,201807,,false,E05009318,Blackwall & Cubitt Town,false,false,51.513134,0.005735,1976,1,Lyell Street
E14 0SU,E14 0,live,e14-other,201809,,false,E05009318,Blackwall & Cubitt Town,false,false,51.512925,0.005827,1972,1,Lyell Street
E14 0SW,E14 0,live,e14-other,201405,,false,E05009325,Lansbury,false,false,51.514087,-0.009601,1231,1,St Leonard's Road
E14 0SX,E14 0,live,e14-other,201901,,false,E05009318,Blackwall & Cubitt Town,false,false,51.513045,0.005659,1967,7,Lookout Lane
E14 0SY,E14 0,live,e14-other,201907,,false,E05009318,Blackwall & Cubitt Town,false,false,51.513468,0.006672,2051,7,Hopewell Square
E14 0SZ,E14 0,live,e14-other,202001,,false,E05009318,Blackwall & Cubitt Town,false,false,51.512521,0.006299,1981,4,Lyell Street
E14 0TA,E14 0,live,e14-other,201906,,false,E05009325,Lansbury,false,false,51.512355,-0.003984,1359,1,Accra Close
E14 0TB,E14 0,live,e14-other,202108,,false,E05009325,Lansbury,false,false,51.512706,-0.004545,1353,2,New Village Avenue
E14 0TD,E14 0,live,e14-other,201904,,false,E05009325,Lansbury,false,false,51.513167,-0.003603,1436,1,Blair Street
E14 0TE,E14 0,live,e14-other,201907,,false,E05009325,Lansbury,false,false,51.512376,-0.004156,1351,2,New Village Avenue
E14 0TF,E14 0,terminated,terminated-other,202208,202504,false,E05009325,Lansbury,false,false,51.512321,-0.004634,1321,,
E14 0TG,E14 0,live,e14-other,201907,,false,E05009318,Blackwall & Cubitt Town,false,false,51.513818,0.006212,2042,1,Lookout Lane
E14 0TH,E14 0,live,e14-other,201906,,false,E05009318,Blackwall & Cubitt Town,false,false,51.513818,0.006212,2042,1,Lookout Lane
E14 0TJ,E14 0,live,e14-other,201906,,false,E05009318,Blackwall & Cubitt Town,false,false,51.513818,0.006212,2042,1,Lookout Lane
E14 0TL,E14 0,live,e14-other,201908,,false,E05009318,Blackwall & Cubitt Town,false,false,51.513438,0.006844,2060,1,City Island Way
E14 0TN,E14 0,live,e14-other,201908,,false,E05009318,Blackwall & Cubitt Town,false,false,51.513438,0.006844,2060,1,City Island Way
E14 0TP,E14 0,live,e14-other,201909,,false,E05009318,Blackwall & Cubitt Town,false,false,51.513438,0.006844,2060,1,City Island Way
E14 0TQ,E14 0,live,e14-other,202004,,false,E05009318,Blackwall & Cubitt Town,false,false,51.513438,0.006844,2060,1,City Island Way
E14 0TR,E14 0,live,e14-other,198001,,false,E05009328,Poplar,false,false,51.510558,-0.018373,634,1,Malam Gardens
E14 0TS,E14 0,live,e14-other,202005,,false,E05009318,Blackwall & Cubitt Town,false,false,51.512660,0.007141,2041,9,City Island Way
E14 0TT,E14 0,live,e14-other,201909,,false,E05009318,Blackwall & Cubitt Town,false,false,51.512288,0.006779,2001,1,City Island Way
E14 0TU,E14 0,live,e14-other,202001,,false,E05009318,Blackwall & Cubitt Town,false,false,51.512968,0.006982,2045,1,City Island Way
E14 0TW,E14 0,live,e14-other,202004,,false,E05009318,Blackwall & Cubitt Town,false,false,51.512968,0.006982,2045,1,City Island Way
E14 0TX,E14 0,live,e14-other,202002,,false,E05009318,Blackwall & Cubitt Town,false,false,51.512968,0.006982,2045,1,City Island Way
E14 0TY,E14 0,live,e14-other,202109,,false,E05009328,Poplar,false,false,51.511687,0.001420,1637,1,Silvocea Way
E14 0TZ,E14 0,live,e14-other,202112,,false,E05009328,Poplar,false,false,51.511687,0.001420,1637,1,Silvocea Way
E14 0UA,E14 0,terminated,terminated-other,199501,199512,true,E05009328,Poplar,false,false,51.510306,-0.019984,602,,
E14 0UB,E14 0,terminated,terminated-other,199806,200007,true,E05009325,Lansbury,false,false,51.511624,-0.010199,988,,
E14 0UD,E14 0,terminated,terminated-other,199812,200110,true,E05009327,Mile End,false,false,51.513198,-0.028275,1106,,
E14 0UE,E14 0,terminated,terminated-other,199906,200009,true,E05009325,Lansbury,false,false,51.511624,-0.010199,988,,
E14 0UF,E14 0,terminated,terminated-other,199906,200603,true,E05009327,Mile End,false,false,51.513198,-0.028275,1106,,
E14 0UG,E14 0,terminated,terminated-other,199906,200806,true,E05009327,Mile End,false,false,51.513198,-0.028275,1106,,
E14 0UH,E14 0,terminated,terminated-other,200006,200104,true,E05009325,Lansbury,false,false,51.511624,-0.010199,988,,
E14 0UJ,E14 0,terminated,terminated-other,200006,200309,true,E05009327,Mile End,false,false,51.513198,-0.028275,1106,,
E14 0UL,E14 0,terminated,terminated-other,200012,200108,true,E05009327,Mile End,false,false,51.513198,-0.028275,1106,,
E14 0UN,E14 0,terminated,terminated-other,200008,200011,true,E05009328,Poplar,false,false,51.510558,-0.018373,634,,
E14 0UP,E14 0,live,e14-other,202109,,false,E05009328,Poplar,false,false,51.511227,0.001025,1589,1,Leamouth Road
E14 0UQ,E14 0,terminated,terminated-other,199906,201812,true,E05009327,Mile End,false,false,51.513162,-0.028291,1103,,
E14 0UR,E14 0,live,e14-other,202109,,false,E05009328,Poplar,false,false,51.511482,0.000806,1588,,
E14 0US,E14 0,live,e14-other,202109,,false,E05009328,Poplar,false,false,51.511410,0.000817,1585,1,Leamouth Road
E14 0UT,E14 0,live,e14-other,202109,,false,E05009328,Poplar,false,false,51.511770,0.000818,1604,1,Mercury Walk
E14 0UU,E14 0,live,e14-other,202109,,false,E05009328,Poplar,false,false,51.511786,0.000891,1609,,
E14 0UW,E14 0,terminated,terminated-other,200106,200509,true,E05009327,Mile End,false,false,51.513198,-0.028275,1106,,
E14 0UX,E14 0,live,e14-other,202009,,false,E05009325,Lansbury,false,false,51.516737,-0.008895,1508,2,Abbott Road
E14 0UY,E14 0,live,e14-other,202112,,false,E05009325,Lansbury,false,false,51.513580,-0.008859,1215,1,St Leonard's Road
E14 0UZ,E14 0,terminated,terminated-other,202411,202501,false,E05009328,Poplar,false,false,51.511227,0.001025,1589,,
E14 0WA,E14 0,terminated,terminated-other,200404,200510,true,E05009327,Mile End,false,false,51.513198,-0.028275,1106,,
E14 0WB,E14 0,terminated,terminated-other,200212,200806,true,E05009327,Mile End,false,false,51.513198,-0.028275,1106,,
E14 0WD,E14 0,terminated,terminated-cw,202307,202309,false,E05009328,Poplar,false,true,51.508984,-0.008815,870,,
E14 0WF,E14 0,terminated,terminated-cw,202303,202601,false,E05009328,Poplar,false,true,51.508984,-0.008815,870,,
E14 0WG,E14 0,live,cw-box-other-ward,202301,,false,E05009328,Poplar,false,true,51.509405,-0.009229,871,2,Escapade Place
E14 0WH,E14 0,live,cw-box-other-ward,202301,,false,E05009328,Poplar,false,true,51.509390,-0.009446,858,6,Cotton Street
E14 0WJ,E14 0,live,cw-box-other-ward,202301,,false,E05009328,Poplar,false,true,51.509168,-0.009038,867,1,Escapade Place
E14 0WL,E14 0,live,cw-box-other-ward,202301,,false,E05009328,Poplar,false,true,51.509398,-0.009373,863,1,Escapade Place
E14 0WN,E14 0,live,cw-box-other-ward,202301,,false,E05009328,Poplar,false,true,51.509555,-0.009612,860,1,Escapade Place
E14 0WP,E14 0,live,cw-box-other-ward,202409,,false,E05009328,Poplar,false,true,51.509837,-0.009815,868,1,Escapade Place
E14 0WQ,E14 0,live,e14-other,202412,,false,E05009328,Poplar,false,false,51.510117,-0.009328,914,1,Escapade Place
E14 0WR,E14 0,live,e14-other,202412,,false,E05009328,Poplar,false,false,51.510172,-0.008850,943,1,Escapade Place
E14 0WS,E14 0,live,e14-other,202409,,false,E05009328,Poplar,false,false,51.510046,-0.009907,878,1,Woolmore Street
E14 0WT,E14 0,live,cw-box-other-ward,202301,,false,E05009328,Poplar,false,true,51.508984,-0.008815,870,1,Poplar High Street
E14 0WU,E14 0,live,e14-other,202009,,false,E05009318,Blackwall & Cubitt Town,false,false,51.508268,0.006775,1862,1,Orchard Place
E14 0WW,E14 0,live,e14-other,202007,,false,E05009318,Blackwall & Cubitt Town,false,false,51.508268,0.006775,1862,1,Orchard Place
E14 0WX,E14 0,live,e14-other,202006,,false,E05009318,Blackwall & Cubitt Town,false,false,51.508268,0.006775,1862,1,Orchard Place
E14 0WY,E14 0,terminated,terminated-other,200606,200607,true,E05009327,Mile End,false,false,51.513198,-0.028275,1106,,
E14 0WZ,E14 0,terminated,terminated-other,200406,200607,true,E05009327,Mile End,false,false,51.513198,-0.028275,1106,,
E14 0XA,E14 0,live,e14-other,202111,,false,E05009325,Lansbury,false,false,51.512639,-0.005312,1308,3,Aberfeldy Square
E14 0XB,E14 0,live,e14-other,202111,,false,E05009318,Blackwall & Cubitt Town,false,false,51.509187,0.005677,1811,,
E14 0XD,E14 0,live,e14-other,202202,,false,E05009318,Blackwall & Cubitt Town,false,false,51.509143,0.006136,1841,1,Goodluck Hope Walk
E14 0XE,E14 0,live,e14-other,202202,,false,E05009318,Blackwall & Cubitt Town,false,false,51.509143,0.006136,1841,1,Goodluck Hope Walk
E14 0XF,E14 0,live,e14-other,202112,,false,E05009318,Blackwall & Cubitt Town,false,false,51.509106,0.006711,1879,1,Goodluck Hope Walk
E14 0XG,E14 0,live,e14-other,202108,,false,E05009318,Blackwall & Cubitt Town,false,false,51.509024,0.007284,1915,1,Goodluck Hope Walk
E14 0XH,E14 0,live,e14-other,202109,,false,E05009318,Blackwall & Cubitt Town,false,false,51.509024,0.007284,1915,1,Goodluck Hope Walk
E14 0XJ,E14 0,live,e14-other,202108,,false,E05009318,Blackwall & Cubitt Town,false,false,51.508954,0.007713,1942,1,Goodluck Hope Walk
E14 0XL,E14 0,live,e14-other,202101,,false,E05009318,Blackwall & Cubitt Town,false,false,51.508881,0.008272,1978,1,Goodluck Hope Walk
E14 0XN,E14 0,live,e14-other,202103,,false,E05009318,Blackwall & Cubitt Town,false,false,51.508881,0.008272,1978,1,Goodluck Hope Walk
E14 0XP,E14 0,live,e14-other,202108,,false,E05009318,Blackwall & Cubitt Town,false,false,51.508723,0.008582,1995,1,Goodluck Hope Walk
E14 0XQ,E14 0,live,e14-other,202210,,false,E05009318,Blackwall & Cubitt Town,false,false,51.508374,0.007414,1908,1,Orchard Place
E14 0XR,E14 0,live,e14-other,202207,,false,E05009318,Blackwall & Cubitt Town,false,false,51.508108,0.007243,1890,1,Orchard Place
E14 0XS,E14 0,live,e14-other,202109,,false,E05009325,Lansbury,false,false,51.516009,-0.005208,1584,1,Leven Road
E14 0XT,E14 0,live,e14-other,202109,,false,E05009325,Lansbury,false,false,51.516009,-0.005208,1584,1,Leven Road
E14 0XU,E14 0,live,e14-other,202112,,false,E05009325,Lansbury,false,false,51.513580,-0.008859,1215,1,St Leonard's Road
E14 0XW,E14 0,live,e14-other,202507,,false,E05009325,Lansbury,false,false,51.516136,-0.003660,1664,1,Hemlock Street
E14 0XX,E14 0,live,e14-other,202606,,false,E05009325,Lansbury,false,false,51.516034,-0.002958,1689,,
E14 0XY,E14 0,live,e14-other,202311,,false,E05009325,Lansbury,false,false,51.515653,-0.003278,1642,1,Hemlock Street
E14 0XZ,E14 0,live,e14-other,202307,,false,E05009325,Lansbury,false,false,51.515269,-0.003482,1602,1,Hawser Lane
E14 0YA,E14 0,live,e14-other,202307,,false,E05009325,Lansbury,false,false,51.515269,-0.003482,1602,1,Hawser Lane
E14 0YB,E14 0,live,e14-other,202311,,false,E05009325,Lansbury,false,false,51.515497,-0.004149,1589,1,Wimhurst Street
E14 0YD,E14 0,live,e14-other,202409,,false,E05009325,Lansbury,false,false,51.515862,-0.004494,1603,1,Hemlock Street
E14 0YE,E14 0,live,e14-other,202412,,false,E05009325,Lansbury,false,false,51.515754,-0.003922,1620,1,Hemlock Street
E14 0YF,E14 0,live,e14-other,202401,,false,E05009325,Lansbury,false,false,51.515728,-0.003491,1639,,
E14 0YH,E14 0,live,e14-other,202404,,false,E05009325,Lansbury,false,false,51.515569,-0.004723,1568,1,William Murdoch Road
E14 0YN,E14 0,live,e14-other,202601,,false,E05009325,Lansbury,false,false,51.515715,-0.012225,1304,,
E14 0YP,E14 0,live,e14-other,202508,,false,E05009325,Lansbury,false,false,51.515505,-0.012033,1288,,
E14 0YQ,E14 0,terminated,terminated-other,200207,200308,true,E05009327,Mile End,false,false,51.513198,-0.028275,1106,,
E14 0YR,E14 0,live,e14-other,202508,,false,E05009325,Lansbury,false,false,51.515365,-0.011779,1281,,
E14 0YS,E14 0,live,e14-other,202311,,false,E05009325,Lansbury,false,false,51.515441,-0.011459,1298,,
E14 0YT,E14 0,live,e14-other,202601,,false,E05009325,Lansbury,false,false,51.517211,-0.007116,1617,,
E14 0YU,E14 0,terminated,terminated-other,202601,202604,false,E05009325,Lansbury,false,false,51.516986,-0.007097,1596,,
E14 0YW,E14 0,live,e14-other,202502,,false,E05009325,Lansbury,false,false,51.516251,-0.004116,1653,1,Hemlock Street
E14 0YY,E14 0,live,e14-other,202601,,false,E05009325,Lansbury,false,false,51.517200,-0.006482,1639,,
E14 0YZ,E14 0,terminated,terminated-other,202601,202604,false,E05009325,Lansbury,false,false,51.516849,-0.006454,1608,,
E14 0ZB,E14 0,terminated,terminated-other,202601,202604,false,E05009325,Lansbury,false,false,51.516581,-0.007114,1558,,
E14 0ZD,E14 0,terminated,terminated-other,202601,202604,false,E05009325,Lansbury,false,false,51.516140,-0.007090,1518,,
E14 0ZE,E14 0,terminated,terminated-other,202601,202604,false,E05009325,Lansbury,false,false,51.516121,-0.006486,1541,,
E14 0ZF,E14 0,terminated,terminated-other,202601,202604,false,E05009325,Lansbury,false,false,51.516414,-0.006257,1576,,
E14 0ZG,E14 0,terminated,terminated-other,202601,202604,false,E05009325,Lansbury,false,false,51.516414,-0.006257,1576,,
E14 1AA,E14 1,terminated,terminated-other,202304,202308,true,E05009327,Mile End,false,false,51.513162,-0.028291,1103,,
E14 1AB,E14 1,terminated,terminated-other,200505,201007,true,E05009327,Mile End,false,false,51.513198,-0.028275,1106,,
E14 1AD,E14 1,live,e14-other,202305,,true,E05009327,Mile End,false,false,51.513162,-0.028291,1103,,
E14 1AE,E14 1,terminated,terminated-other,202312,202506,true,E05009327,Mile End,false,false,51.513162,-0.028291,1103,,
E14 1AF,E14 1,terminated,terminated-other,202305,202309,true,E05009327,Mile End,false,false,51.513162,-0.028291,1103,,
E14 1AG,E14 1,terminated,terminated-other,202305,202310,true,E05009327,Mile End,false,false,51.513162,-0.028291,1103,,
E14 1AH,E14 1,terminated,terminated-other,202306,202406,true,E05009327,Mile End,false,false,51.513162,-0.028291,1103,,
E14 1AJ,E14 1,terminated,terminated-other,200507,200707,true,E05009327,Mile End,false,false,51.513198,-0.028275,1106,,
E14 1AL,E14 1,terminated,terminated-other,202306,202401,true,E05009327,Mile End,false,false,51.513162,-0.028291,1103,,
E14 1AN,E14 1,live,e14-other,202307,,true,E05009327,Mile End,false,false,51.513162,-0.028291,1103,,
E14 1AP,E14 1,live,e14-other,200507,,true,E05009327,Mile End,false,false,51.513162,-0.028291,1103,,
E14 1AQ,E14 1,terminated,terminated-other,202307,202401,true,E05009327,Mile End,false,false,51.513162,-0.028291,1103,,
E14 1AR,E14 1,terminated,terminated-other,202307,202409,true,E05009327,Mile End,false,false,51.513162,-0.028291,1103,,
E14 1AS,E14 1,terminated,terminated-other,202309,202410,true,E05009327,Mile End,false,false,51.513162,-0.028291,1103,,
E14 1AT,E14 1,terminated,terminated-other,202412,202511,true,E05009327,Mile End,false,false,51.513162,-0.028291,1103,,
E14 1AU,E14 1,terminated,terminated-other,202310,202405,true,E05009327,Mile End,false,false,51.513162,-0.028291,1103,,
E14 1AW,E14 1,terminated,terminated-other,202311,202401,true,E05009327,Mile End,false,false,51.513162,-0.028291,1103,,
E14 1AX,E14 1,live,e14-other,202311,,true,E05009327,Mile End,false,false,51.513162,-0.028291,1103,,
E14 1AY,E14 1,terminated,terminated-other,202401,202407,true,E05009327,Mile End,false,false,51.513162,-0.028291,1103,,
E14 1AZ,E14 1,live,e14-other,202401,,true,E05009327,Mile End,false,false,51.513162,-0.028291,1103,,
E14 1BA,E14 1,terminated,terminated-other,202401,202502,true,E05009327,Mile End,false,false,51.513162,-0.028291,1103,,
E14 1BB,E14 1,terminated,terminated-other,202402,202503,true,E05009327,Mile End,false,false,51.513162,-0.028291,1103,,
E14 1BD,E14 1,terminated,terminated-other,202402,202406,true,E05009327,Mile End,false,false,51.513162,-0.028291,1103,,
E14 1BE,E14 1,live,e14-other,202511,,true,E05009327,Mile End,false,false,51.513162,-0.028291,1103,,
E14 1BF,E14 1,live,e14-other,202404,,true,E05009327,Mile End,false,false,51.513162,-0.028291,1103,,
E14 1BG,E14 1,terminated,terminated-other,202406,202505,true,E05009327,Mile End,false,false,51.513162,-0.028291,1103,,
E14 1BH,E14 1,terminated,terminated-other,202405,202408,true,E05009327,Mile End,false,false,51.513162,-0.028291,1103,,
E14 1BJ,E14 1,terminated,terminated-other,202406,202410,true,E05009327,Mile End,false,false,51.513162,-0.028291,1103,,
E14 1BL,E14 1,terminated,terminated-other,202406,202501,true,E05009327,Mile End,false,false,51.513162,-0.028291,1103,,
E14 1BN,E14 1,terminated,terminated-other,202412,202502,true,E05009327,Mile End,false,false,51.513162,-0.028291,1103,,
E14 1BP,E14 1,terminated,terminated-other,200601,200902,true,E05009327,Mile End,false,false,51.513198,-0.028275,1106,,
E14 1BQ,E14 1,terminated,terminated-other,202408,202501,true,E05009327,Mile End,false,false,51.513162,-0.028291,1103,,
E14 1BR,E14 1,terminated,terminated-other,200602,201103,true,E05009327,Mile End,false,false,51.513198,-0.028275,1106,,
E14 1BS,E14 1,terminated,terminated-other,202408,202501,true,E05009327,Mile End,false,false,51.513162,-0.028291,1103,,
E14 1BT,E14 1,terminated,terminated-other,200803,202104,true,E05009327,Mile End,false,false,51.513162,-0.028291,1103,,
E14 1BU,E14 1,terminated,terminated-other,202409,202501,true,E05009327,Mile End,false,false,51.513162,-0.028291,1103,,
E14 1BW,E14 1,terminated,terminated-other,200603,200904,true,E05009327,Mile End,false,false,51.513198,-0.028275,1106,,
E14 1BX,E14 1,terminated,terminated-other,202409,202504,true,E05009327,Mile End,false,false,51.513162,-0.028291,1103,,
E14 1BY,E14 1,terminated,terminated-other,200603,201204,true,E05009327,Mile End,false,false,51.513198,-0.028275,1106,,
E14 1BZ,E14 1,terminated,terminated-other,202409,202410,true,E05009327,Mile End,false,false,51.513162,-0.028291,1103,,
E14 1DA,E14 1,live,e14-other,202411,,true,E05009327,Mile End,false,false,51.513162,-0.028291,1103,,
E14 1DB,E14 1,live,e14-other,201705,,true,E05009327,Mile End,false,false,51.513162,-0.028291,1103,,
E14 1DD,E14 1,live,e14-other,201705,,true,E05009327,Mile End,false,false,51.513162,-0.028291,1103,,
E14 1DE,E14 1,terminated,terminated-other,202412,202504,true,E05009327,Mile End,false,false,51.513162,-0.028291,1103,,
E14 1DF,E14 1,terminated,terminated-other,202501,202506,true,E05009327,Mile End,false,false,51.513162,-0.028291,1103,,
E14 1DG,E14 1,terminated,terminated-other,200607,200908,true,E05009327,Mile End,false,false,51.513198,-0.028275,1106,,
E14 1DH,E14 1,terminated,terminated-other,202501,202505,true,E05009327,Mile End,false,false,51.513162,-0.028291,1103,,
E14 1DJ,E14 1,terminated,terminated-other,200607,201307,true,E05009327,Mile End,false,false,51.513198,-0.028275,1106,,
E14 1DL,E14 1,terminated,terminated-other,200609,200810,true,E05009327,Mile End,false,false,51.513198,-0.028275,1106,,
E14 1DN,E14 1,terminated,terminated-other,200609,201110,true,E05009327,Mile End,false,false,51.513198,-0.028275,1106,,
E14 1DP,E14 1,terminated,terminated-other,201612,201808,true,E05009327,Mile End,false,false,51.513162,-0.028291,1103,,
E14 1DQ,E14 1,terminated,terminated-other,200901,201810,true,E05009327,Mile End,false,false,51.513162,-0.028291,1103,,
E14 1DR,E14 1,live,e14-other,202502,,true,E05009327,Mile End,false,false,51.513162,-0.028291,1103,,
E14 1DS,E14 1,terminated,terminated-other,200610,201812,true,E05009327,Mile End,false,false,51.513162,-0.028291,1103,,
E14 1DT,E14 1,terminated,terminated-other,200610,200806,true,E05009327,Mile End,false,false,51.513198,-0.028275,1106,,
E14 1DU,E14 1,terminated,terminated-other,200711,201111,true,E05009327,Mile End,false,false,51.513198,-0.028275,1106,,
E14 1DW,E14 1,terminated,terminated-other,202502,202603,true,E05009327,Mile End,false,false,51.513162,-0.028291,1103,,
E14 1DX,E14 1,terminated,terminated-other,200611,200901,true,E05009327,Mile End,false,false,51.513198,-0.028275,1106,,
E14 1DY,E14 1,terminated,terminated-other,200611,200809,true,E05009327,Mile End,false,false,51.513198,-0.028275,1106,,
E14 1DZ,E14 1,terminated,terminated-other,202503,202510,true,E05009327,Mile End,false,false,51.513162,-0.028291,1103,,
E14 1EA,E14 1,terminated,terminated-other,202503,202508,true,E05009327,Mile End,false,false,51.513162,-0.028291,1103,,
E14 1EB,E14 1,terminated,terminated-other,202503,202505,true,E05009327,Mile End,false,false,51.513162,-0.028291,1103,,
E14 1ED,E14 1,terminated,terminated-other,202508,202602,true,E05009327,Mile End,false,false,51.513162,-0.028291,1103,,
E14 1EE,E14 1,live,e14-other,202508,,true,E05009327,Mile End,false,false,51.513162,-0.028291,1103,,
E14 1EF,E14 1,terminated,terminated-other,202509,202604,true,E05009327,Mile End,false,false,51.513162,-0.028291,1103,,
E14 1EG,E14 1,terminated,terminated-other,202510,202605,true,E05009327,Mile End,false,false,51.513162,-0.028291,1103,,
E14 1EH,E14 1,live,e14-other,202603,,true,E05009327,Mile End,false,false,51.513162,-0.028291,1103,,
E14 1EJ,E14 1,live,e14-other,202603,,true,E05009327,Mile End,false,false,51.513162,-0.028291,1103,,
E14 1EL,E14 1,live,e14-other,202606,,true,E05009327,Mile End,false,false,51.513162,-0.028291,1103,,
E14 1EN,E14 1,live,e14-other,202607,,true,E05009327,Mile End,false,false,51.513162,-0.028291,1103,,
E14 1EP,E14 1,terminated,terminated-other,200704,201402,true,E05009327,Mile End,false,false,51.513198,-0.028275,1106,,
E14 1EQ,E14 1,terminated,terminated-other,200704,200806,true,E05009327,Mile End,false,false,51.513198,-0.028275,1106,,
E14 1ER,E14 1,terminated,terminated-other,200705,200906,true,E05009327,Mile End,false,false,51.513198,-0.028275,1106,,
E14 1ES,E14 1,terminated,terminated-other,201008,201307,true,E05009327,Mile End,false,false,51.513198,-0.028275,1106,,
E14 1ET,E14 1,terminated,terminated-other,200707,200808,true,E05009327,Mile End,false,false,51.513198,-0.028275,1106,,
E14 1EU,E14 1,terminated,terminated-other,200707,200709,true,E05009327,Mile End,false,false,51.513198,-0.028275,1106,,
E14 1EW,E14 1,terminated,terminated-other,200707,200808,true,E05009327,Mile End,false,false,51.513198,-0.028275,1106,,
E14 1EX,E14 1,terminated,terminated-other,200708,200803,true,E05009327,Mile End,false,false,51.513198,-0.028275,1106,,
E14 1EY,E14 1,terminated,terminated-other,200708,201107,true,E05009327,Mile End,false,false,51.513198,-0.028275,1106,,
E14 1EZ,E14 1,terminated,terminated-other,200708,200809,true,E05009327,Mile End,false,false,51.513198,-0.028275,1106,,
E14 1FA,E14 1,terminated,terminated-other,200810,201812,true,E05009327,Mile End,false,false,51.513162,-0.028291,1103,,
E14 1FB,E14 1,terminated,terminated-other,200709,200810,true,E05009327,Mile End,false,false,51.513198,-0.028275,1106,,
E14 1FD,E14 1,terminated,terminated-other,200709,201010,true,E05009327,Mile End,false,false,51.513198,-0.028275,1106,,
E14 1FE,E14 1,terminated,terminated-other,200709,200812,true,E05009327,Mile End,false,false,51.513198,-0.028275,1106,,
E14 1FF,E14 1,terminated,terminated-other,200712,200801,true,E05009327,Mile End,false,false,51.513198,-0.028275,1106,,
E14 1FG,E14 1,terminated,terminated-other,200710,200812,true,E05009327,Mile End,false,false,51.513198,-0.028275,1106,,
E14 1FH,E14 1,terminated,terminated-other,200711,200901,true,E05009327,Mile End,false,false,51.513198,-0.028275,1106,,
E14 1FJ,E14 1,terminated,terminated-other,200711,200912,true,E05009327,Mile End,false,false,51.513198,-0.028275,1106,,
E14 1FL,E14 1,terminated,terminated-other,200711,201112,true,E05009327,Mile End,false,false,51.513198,-0.028275,1106,,
E14 1FN,E14 1,terminated,terminated-other,200711,201412,true,E05009327,Mile End,false,false,51.513198,-0.028275,1106,,
E14 1FP,E14 1,terminated,terminated-other,200711,200912,true,E05009327,Mile End,false,false,51.513198,-0.028275,1106,,
E14 1FQ,E14 1,terminated,terminated-other,200801,201101,true,E05009327,Mile End,false,false,51.513198,-0.028275,1106,,
E14 1FR,E14 1,terminated,terminated-other,200801,201202,true,E05009327,Mile End,false,false,51.513198,-0.028275,1106,,
E14 1FS,E14 1,terminated,terminated-other,200802,200809,true,E05009327,Mile End,false,false,51.513198,-0.028275,1106,,
E14 1FT,E14 1,terminated,terminated-other,200802,201009,true,E05009327,Mile End,false,false,51.513198,-0.028275,1106,,
E14 1FU,E14 1,terminated,terminated-other,200803,200904,true,E05009327,Mile End,false,false,51.513198,-0.028275,1106,,
E14 1FW,E14 1,terminated,terminated-other,200803,201204,true,E05009327,Mile End,false,false,51.513198,-0.028275,1106,,
E14 1FX,E14 1,terminated,terminated-other,200803,201812,true,E05009327,Mile End,false,false,51.513162,-0.028291,1103,,
E14 1FY,E14 1,terminated,terminated-other,200803,200905,true,E05009327,Mile End,false,false,51.513198,-0.028275,1106,,
E14 1FZ,E14 1,terminated,terminated-other,200803,200808,true,E05009327,Mile End,false,false,51.513198,-0.028275,1106,,
E14 1GA,E14 1,terminated,terminated-other,200803,201305,true,E05009327,Mile End,false,false,51.513198,-0.028275,1106,,
E14 1GB,E14 1,terminated,terminated-other,200804,200905,true,E05009327,Mile End,false,false,51.513198,-0.028275,1106,,
E14 1GD,E14 1,terminated,terminated-other,200804,200905,true,E05009327,Mile End,false,false,51.513198,-0.028275,1106,,
E14 1GE,E14 1,terminated,terminated-other,200804,201005,true,E05009327,Mile End,false,false,51.513198,-0.028275,1106,,
E14 1GF,E14 1,terminated,terminated-other,200804,200904,true,E05009327,Mile End,false,false,51.513198,-0.028275,1106,,
E14 1GG,E14 1,terminated,terminated-other,200908,201009,true,E05009327,Mile End,false,false,51.513198,-0.028275,1106,,
E14 1GH,E14 1,terminated,terminated-other,200908,201812,true,E05009327,Mile End,false,false,51.513162,-0.028291,1103,,
E14 1GJ,E14 1,terminated,terminated-other,200909,201110,true,E05009327,Mile End,false,false,51.513198,-0.028275,1106,,
E14 1GL,E14 1,terminated,terminated-other,200909,201005,true,E05009327,Mile End,false,false,51.513198,-0.028275,1106,,
E14 1GN,E14 1,terminated,terminated-other,200910,201010,true,E05009327,Mile End,false,false,51.513198,-0.028275,1106,,
E14 1GP,E14 1,terminated,terminated-other,200910,201812,true,E05009327,Mile End,false,false,51.513162,-0.028291,1103,,
E14 1GQ,E14 1,terminated,terminated-other,201012,201311,true,E05009327,Mile End,false,false,51.513198,-0.028275,1106,,
E14 1GR,E14 1,terminated,terminated-other,200911,201012,true,E05009327,Mile End,false,false,51.513198,-0.028275,1106,,
E14 1GS,E14 1,terminated,terminated-other,201002,201812,true,E05009327,Mile End,false,false,51.513162,-0.028291,1103,,
E14 1GT,E14 1,terminated,terminated-other,200911,201012,true,E05009327,Mile End,false,false,51.513198,-0.028275,1106,,
E14 1GU,E14 1,live,e14-other,200912,,true,E05009327,Mile End,false,false,51.513162,-0.028291,1103,,
E14 1GW,E14 1,terminated,terminated-other,201001,201812,true,E05009327,Mile End,false,false,51.513162,-0.028291,1103,,
E14 1GX,E14 1,terminated,terminated-other,201002,201403,true,E05009327,Mile End,false,false,51.513198,-0.028275,1106,,
E14 1GY,E14 1,terminated,terminated-other,201003,201105,true,E05009327,Mile End,false,false,51.513198,-0.028275,1106,,
E14 1GZ,E14 1,terminated,terminated-other,201003,201106,true,E05009327,Mile End,false,false,51.513198,-0.028275,1106,,
E14 1HA,E14 1,terminated,terminated-other,200805,200906,true,E05009327,Mile End,false,false,51.513198,-0.028275,1106,,
E14 1HB,E14 1,terminated,terminated-other,200805,200906,true,E05009327,Mile End,false,false,51.513198,-0.028275,1106,,
E14 1HD,E14 1,terminated,terminated-other,200805,201106,true,E05009327,Mile End,false,false,51.513198,-0.028275,1106,,
E14 1HE,E14 1,terminated,terminated-other,200805,201606,true,E05009327,Mile End,false,false,51.513162,-0.028291,1103,,
E14 1HF,E14 1,terminated,terminated-other,200805,201106,true,E05009327,Mile End,false,false,51.513198,-0.028275,1106,,
E14 1HG,E14 1,terminated,terminated-other,201309,201407,true,E05009327,Mile End,false,false,51.513198,-0.028275,1106,,
E14 1HH,E14 1,terminated,terminated-other,201710,201807,true,E05009327,Mile End,false,false,51.513162,-0.028291,1103,,
E14 1HJ,E14 1,terminated,terminated-other,200806,200908,true,E05009327,Mile End,false,false,51.513198,-0.028275,1106,,
E14 1HL,E14 1,terminated,terminated-other,201410,201509,true,E05009327,Mile End,false,false,51.513198,-0.028275,1106,,
E14 1HN,E14 1,terminated,terminated-other,200808,201307,true,E05009327,Mile End,false,false,51.513198,-0.028275,1106,,
E14 1HP,E14 1,terminated,terminated-other,200809,200910,true,E05009327,Mile End,false,false,51.513198,-0.028275,1106,,
E14 1HQ,E14 1,terminated,terminated-other,200809,200910,true,E05009327,Mile End,false,false,51.513198,-0.028275,1106,,
E14 1HR,E14 1,terminated,terminated-other,200809,200910,true,E05009327,Mile End,false,false,51.513198,-0.028275,1106,,
E14 1HS,E14 1,terminated,terminated-other,200809,200910,true,E05009327,Mile End,false,false,51.513198,-0.028275,1106,,
E14 1HT,E14 1,terminated,terminated-other,200809,200910,true,E05009327,Mile End,false,false,51.513198,-0.028275,1106,,
E14 1HU,E14 1,terminated,terminated-other,200809,200910,true,E05009327,Mile End,false,false,51.513198,-0.028275,1106,,
E14 1HW,E14 1,terminated,terminated-other,200809,201210,true,E05009327,Mile End,false,false,51.513198,-0.028275,1106,,
E14 1HX,E14 1,terminated,terminated-other,200810,201111,true,E05009327,Mile End,false,false,51.513198,-0.028275,1106,,
E14 1HY,E14 1,terminated,terminated-other,201103,201401,true,E05009327,Mile End,false,false,51.513198,-0.028275,1106,,
E14 1HZ,E14 1,terminated,terminated-other,200811,201012,true,E05009327,Mile End,false,false,51.513198,-0.028275,1106,,
E14 1JA,E14 1,terminated,terminated-other,200811,201812,true,E05009327,Mile End,false,false,51.513162,-0.028291,1103,,
E14 1JB,E14 1,terminated,terminated-other,200811,200901,true,E05009327,Mile End,false,false,51.513198,-0.028275,1106,,
E14 1JD,E14 1,terminated,terminated-other,200812,201812,true,E05009327,Mile End,false,false,51.513162,-0.028291,1103,,
E14 1JE,E14 1,live,e14-other,200812,,true,E05009327,Mile End,false,false,51.513162,-0.028291,1103,,
E14 1JF,E14 1,terminated,terminated-other,200812,200904,true,E05009327,Mile End,false,false,51.513198,-0.028275,1106,,
E14 1JG,E14 1,terminated,terminated-other,200901,200912,true,E05009327,Mile End,false,false,51.513198,-0.028275,1106,,
E14 1JH,E14 1,terminated,terminated-other,200902,201002,true,E05009327,Mile End,false,false,51.513198,-0.028275,1106,,
E14 1JJ,E14 1,live,e14-other,200902,,true,E05009327,Mile End,false,false,51.513162,-0.028291,1103,,
E14 1JL,E14 1,terminated,terminated-other,200902,200909,true,E05009327,Mile End,false,false,51.513198,-0.028275,1106,,
E14 1JN,E14 1,terminated,terminated-other,201208,201304,true,E05009327,Mile End,false,false,51.513198,-0.028275,1106,,
E14 1JP,E14 1,terminated,terminated-other,201004,201105,true,E05009327,Mile End,false,false,51.513198,-0.028275,1106,,
E14 1JQ,E14 1,terminated,terminated-other,200905,201405,true,E05009327,Mile End,false,false,51.513198,-0.028275,1106,,
E14 1JR,E14 1,terminated,terminated-other,200905,201007,true,E05009327,Mile End,false,false,51.513198,-0.028275,1106,,
E14 1JS,E14 1,terminated,terminated-other,200907,201008,true,E05009327,Mile End,false,false,51.513198,-0.028275,1106,,
E14 1JT,E14 1,terminated,terminated-other,200907,201308,true,E05009327,Mile End,false,false,51.513198,-0.028275,1106,,
E14 1JU,E14 1,terminated,terminated-other,200907,201308,true,E05009327,Mile End,false,false,51.513198,-0.028275,1106,,
E14 1JW,E14 1,terminated,terminated-other,200908,201008,true,E05009327,Mile End,false,false,51.513198,-0.028275,1106,,
E14 1JX,E14 1,terminated,terminated-other,200908,200910,true,E05009327,Mile End,false,false,51.513198,-0.028275,1106,,
E14 1JY,E14 1,terminated,terminated-other,201207,202108,true,E05009327,Mile End,false,false,51.513162,-0.028291,1103,,
E14 1JZ,E14 1,terminated,terminated-other,200908,200909,true,E05009327,Mile End,false,false,51.513198,-0.028275,1106,,
E14 1LA,E14 1,terminated,terminated-other,201606,201812,true,E05009327,Mile End,false,false,51.513162,-0.028291,1103,,
E14 1LB,E14 1,terminated,terminated-other,201006,201301,true,E05009327,Mile End,false,false,51.513198,-0.028275,1106,,
E14 1LD,E14 1,terminated,terminated-other,201006,201101,true,E05009327,Mile End,false,false,51.513198,-0.028275,1106,,
E14 1LE,E14 1,terminated,terminated-other,201006,201012,true,E05009327,Mile End,false,false,51.513198,-0.028275,1106,,
E14 1LF,E14 1,terminated,terminated-other,201006,201307,true,E05009327,Mile End,false,false,51.513198,-0.028275,1106,,
E14 1LG,E14 1,terminated,terminated-other,201007,201102,true,E05009327,Mile End,false,false,51.513198,-0.028275,1106,,
E14 1LH,E14 1,terminated,terminated-other,201007,201109,true,E05009327,Mile End,false,false,51.513198,-0.028275,1106,,
E14 1LJ,E14 1,terminated,terminated-other,201509,201609,true,E05009327,Mile End,false,false,51.513162,-0.028291,1103,,
E14 1LL,E14 1,terminated,terminated-other,201008,201108,true,E05009327,Mile End,false,false,51.513198,-0.028275,1106,,
E14 1LN,E14 1,terminated,terminated-other,201008,201309,true,E05009327,Mile End,false,false,51.513198,-0.028275,1106,,
E14 1LP,E14 1,terminated,terminated-other,201008,201812,true,E05009327,Mile End,false,false,51.513162,-0.028291,1103,,
E14 1LQ,E14 1,terminated,terminated-other,201009,201403,true,E05009327,Mile End,false,false,51.513198,-0.028275,1106,,
E14 1LR,E14 1,terminated,terminated-other,201009,201210,true,E05009327,Mile End,false,false,51.513198,-0.028275,1106,,
E14 1LS,E14 1,terminated,terminated-other,201009,201609,true,E05009327,Mile End,false,false,51.513162,-0.028291,1103,,
E14 1LT,E14 1,terminated,terminated-other,201009,201812,true,E05009327,Mile End,false,false,51.513162,-0.028291,1103,,
E14 1LU,E14 1,terminated,terminated-other,201010,201111,true,E05009327,Mile End,false,false,51.513198,-0.028275,1106,,
E14 1LW,E14 1,terminated,terminated-other,201102,201812,true,E05009327,Mile End,false,false,51.513162,-0.028291,1103,,
E14 1LX,E14 1,terminated,terminated-other,201301,201401,true,E05009327,Mile End,false,false,51.513198,-0.028275,1106,,
E14 1LY,E14 1,terminated,terminated-other,201011,201111,true,E05009327,Mile End,false,false,51.513198,-0.028275,1106,,
E14 1LZ,E14 1,terminated,terminated-other,201011,201202,true,E05009327,Mile End,false,false,51.513198,-0.028275,1106,,
E14 1NA,E14 1,terminated,terminated-other,201012,201112,true,E05009327,Mile End,false,false,51.513198,-0.028275,1106,,
E14 1NB,E14 1,terminated,terminated-other,201101,201302,true,E05009327,Mile End,false,false,51.513198,-0.028275,1106,,
E14 1ND,E14 1,live,e14-other,201101,,true,E05009327,Mile End,false,false,51.513162,-0.028291,1103,,
E14 1NE,E14 1,terminated,terminated-other,201102,201402,true,E05009327,Mile End,false,false,51.513198,-0.028275,1106,,
E14 1NF,E14 1,terminated,terminated-other,201106,201503,true,E05009327,Mile End,false,false,51.513198,-0.028275,1106,,
E14 1NG,E14 1,terminated,terminated-other,201105,201206,true,E05009327,Mile End,false,false,51.513198,-0.028275,1106,,
E14 1NH,E14 1,terminated,terminated-other,201106,201107,true,E05009327,Mile End,false,false,51.513198,-0.028275,1106,,
E14 1NJ,E14 1,terminated,terminated-other,201602,201604,true,E05009327,Mile End,false,false,51.513162,-0.028291,1103,,
E14 1NL,E14 1,terminated,terminated-other,201602,201604,true,E05009327,Mile End,false,false,51.513162,-0.028291,1103,,
E14 1NN,E14 1,terminated,terminated-other,201108,201202,true,E05009327,Mile End,false,false,51.513198,-0.028275,1106,,
E14 1NP,E14 1,terminated,terminated-other,201111,201310,true,E05009327,Mile End,false,false,51.513198,-0.028275,1106,,
E14 1NQ,E14 1,terminated,terminated-other,201110,201206,true,E05009327,Mile End,false,false,51.513198,-0.028275,1106,,
E14 1NR,E14 1,terminated,terminated-other,201111,201202,true,E05009327,Mile End,false,false,51.513198,-0.028275,1106,,
E14 1NS,E14 1,terminated,terminated-other,201111,201412,true,E05009327,Mile End,false,false,51.513198,-0.028275,1106,,
E14 1NT,E14 1,terminated,terminated-other,201111,201206,true,E05009327,Mile End,false,false,51.513198,-0.028275,1106,,
E14 1NU,E14 1,terminated,terminated-other,201402,201407,true,E05009327,Mile End,false,false,51.513198,-0.028275,1106,,
E14 1NX,E14 1,terminated,terminated-other,201202,201304,true,E05009327,Mile End,false,false,51.513198,-0.028275,1106,,
E14 1NZ,E14 1,terminated,terminated-other,201204,201505,true,E05009327,Mile End,false,false,51.513198,-0.028275,1106,,
E14 1PA,E14 1,terminated,terminated-other,201206,201301,true,E05009327,Mile End,false,false,51.513198,-0.028275,1106,,
E14 1PB,E14 1,terminated,terminated-other,201206,201608,true,E05009327,Mile End,false,false,51.513162,-0.028291,1103,,
E14 1PD,E14 1,terminated,terminated-other,201208,201509,true,E05009327,Mile End,false,false,51.513198,-0.028275,1106,,
E14 1PE,E14 1,terminated,terminated-other,201208,201309,true,E05009327,Mile End,false,false,51.513198,-0.028275,1106,,
E14 1PF,E14 1,terminated,terminated-other,201211,201307,true,E05009327,Mile End,false,false,51.513198,-0.028275,1106,,
E14 1PG,E14 1,terminated,terminated-other,201302,201509,true,E05009327,Mile End,false,false,51.513198,-0.028275,1106,,
E14 1PH,E14 1,terminated,terminated-other,201302,201404,true,E05009327,Mile End,false,false,51.513198,-0.028275,1106,,
E14 1PJ,E14 1,terminated,terminated-other,201303,201304,true,E05009327,Mile End,false,false,51.513198,-0.028275,1106,,
E14 1PL,E14 1,terminated,terminated-other,201304,201804,true,E05009327,Mile End,false,false,51.513162,-0.028291,1103,,
E14 1PN,E14 1,terminated,terminated-other,201305,201307,true,E05009327,Mile End,false,false,51.513198,-0.028275,1106,,
E14 1PP,E14 1,terminated,terminated-other,201305,201406,true,E05009327,Mile End,false,false,51.513198,-0.028275,1106,,
E14 1PQ,E14 1,terminated,terminated-other,201307,201605,true,E05009327,Mile End,false,false,51.513162,-0.028291,1103,,
E14 1PR,E14 1,live,e14-other,201307,,true,E05009327,Mile End,false,false,51.513162,-0.028291,1103,,
E14 1PS,E14 1,terminated,terminated-other,201307,201812,true,E05009327,Mile End,false,false,51.513162,-0.028291,1103,,
E14 1PT,E14 1,terminated,terminated-other,201403,201701,true,E05009327,Mile End,false,false,51.513162,-0.028291,1103,,
E14 1PU,E14 1,terminated,terminated-other,201307,201308,true,E05009327,Mile End,false,false,51.513198,-0.028275,1106,,
E14 1PW,E14 1,terminated,terminated-other,201308,201310,true,E05009327,Mile End,false,false,51.513198,-0.028275,1106,,
E14 1PX,E14 1,terminated,terminated-other,201310,201312,true,E05009327,Mile End,false,false,51.513198,-0.028275,1106,,
E14 1PY,E14 1,live,e14-other,202005,,true,E05009327,Mile End,false,false,51.513162,-0.028291,1103,,
E14 1QA,E14 1,terminated,terminated-other,201804,202004,true,E05009327,Mile End,false,false,51.513162,-0.028291,1103,,
E14 1QB,E14 1,terminated,terminated-other,201401,201502,true,E05009327,Mile End,false,false,51.513198,-0.028275,1106,,
E14 1QD,E14 1,terminated,terminated-other,201401,201502,true,E05009327,Mile End,false,false,51.513198,-0.028275,1106,,
E14 1QE,E14 1,terminated,terminated-other,201809,202010,true,E05009327,Mile End,false,false,51.513162,-0.028291,1103,,
E14 1QF,E14 1,terminated,terminated-other,201404,201803,true,E05009327,Mile End,false,false,51.513162,-0.028291,1103,,
E14 1QG,E14 1,terminated,terminated-other,201405,201812,true,E05009327,Mile End,false,false,51.513162,-0.028291,1103,,
E14 1QH,E14 1,terminated,terminated-other,201409,201504,true,E05009327,Mile End,false,false,51.513198,-0.028275,1106,,
E14 1QJ,E14 1,terminated,terminated-other,201412,201508,true,E05009327,Mile End,false,false,51.513198,-0.028275,1106,,
E14 1QL,E14 1,live,e14-other,201501,,true,E05009327,Mile End,false,false,51.513162,-0.028291,1103,,
E14 1QN,E14 1,terminated,terminated-other,201502,201508,true,E05009327,Mile End,false,false,51.513198,-0.028275,1106,,
E14 1QP,E14 1,terminated,terminated-other,201505,202603,true,E05009327,Mile End,false,false,51.513162,-0.028291,1103,,
E14 1QQ,E14 1,live,e14-other,201502,,true,E05009327,Mile End,false,false,51.513162,-0.028291,1103,,
E14 1QR,E14 1,live,e14-other,201604,,true,E05009327,Mile End,false,false,51.513162,-0.028291,1103,,
E14 1QS,E14 1,terminated,terminated-other,201503,201907,true,E05009327,Mile End,false,false,51.513162,-0.028291,1103,,
E14 1QU,E14 1,terminated,terminated-other,201504,201605,true,E05009327,Mile End,false,false,51.513162,-0.028291,1103,,
E14 1QW,E14 1,live,e14-other,201504,,true,E05009327,Mile End,false,false,51.513162,-0.028291,1103,,
E14 1QX,E14 1,live,e14-other,202507,,true,E05009327,Mile End,false,false,51.513162,-0.028291,1103,,
E14 1QY,E14 1,terminated,terminated-other,201505,201706,true,E05009327,Mile End,false,false,51.513162,-0.028291,1103,,
E14 1QZ,E14 1,live,e14-other,201506,,true,E05009327,Mile End,false,false,51.513162,-0.028291,1103,,
E14 1RA,E14 1,terminated,terminated-other,201506,201602,true,E05009327,Mile End,false,false,51.513162,-0.028291,1103,,
E14 1RB,E14 1,terminated,terminated-other,201508,201609,true,E05009327,Mile End,false,false,51.513162,-0.028291,1103,,
E14 1RD,E14 1,terminated,terminated-other,201512,201607,true,E05009327,Mile End,false,false,51.513162,-0.028291,1103,,
E14 1RE,E14 1,terminated,terminated-other,201601,201701,true,E05009327,Mile End,false,false,51.513162,-0.028291,1103,,
E14 1RF,E14 1,live,e14-other,201602,,true,E05009327,Mile End,false,false,51.513162,-0.028291,1103,,
E14 1RG,E14 1,terminated,terminated-other,201603,201704,true,E05009327,Mile End,false,false,51.513162,-0.028291,1103,,
E14 1RH,E14 1,terminated,terminated-other,202105,202305,true,E05009327,Mile End,false,false,51.513162,-0.028291,1103,,
E14 1RJ,E14 1,terminated,terminated-other,201603,201610,true,E05009327,Mile End,false,false,51.513162,-0.028291,1103,,
E14 1RL,E14 1,terminated,terminated-other,201604,201611,true,E05009327,Mile End,false,false,51.513162,-0.028291,1103,,
E14 1RN,E14 1,live,e14-other,201604,,true,E05009327,Mile End,false,false,51.513162,-0.028291,1103,,
E14 1RP,E14 1,live,e14-other,201604,,true,E05009327,Mile End,false,false,51.513162,-0.028291,1103,,
E14 1RQ,E14 1,terminated,terminated-other,201605,201808,true,E05009327,Mile End,false,false,51.513162,-0.028291,1103,,
E14 1RR,E14 1,terminated,terminated-other,201606,201807,true,E05009327,Mile End,false,false,51.513162,-0.028291,1103,,
E14 1RS,E14 1,terminated,terminated-other,201607,201703,true,E05009327,Mile End,false,false,51.513162,-0.028291,1103,,
E14 1RT,E14 1,terminated,terminated-other,201607,201701,true,E05009327,Mile End,false,false,51.513162,-0.028291,1103,,
E14 1RU,E14 1,terminated,terminated-other,201607,201709,true,E05009327,Mile End,false,false,51.513162,-0.028291,1103,,
E14 1RW,E14 1,terminated,terminated-other,201608,201809,true,E05009327,Mile End,false,false,51.513162,-0.028291,1103,,
E14 1RX,E14 1,terminated,terminated-other,201610,201711,true,E05009327,Mile End,false,false,51.513162,-0.028291,1103,,
E14 1RY,E14 1,terminated,terminated-other,201610,201705,true,E05009327,Mile End,false,false,51.513162,-0.028291,1103,,
E14 1RZ,E14 1,terminated,terminated-other,201611,201706,true,E05009327,Mile End,false,false,51.513162,-0.028291,1103,,
E14 1SA,E14 1,terminated,terminated-cw,200502,202303,true,E05009328,Poplar,false,true,51.510000,-0.006148,1086,,
E14 1SB,E14 1,terminated,terminated-cw,200502,202303,true,E05009328,Poplar,false,true,51.510000,-0.006148,1086,,
E14 1SD,E14 1,terminated,terminated-other,201611,201705,true,E05009327,Mile End,false,false,51.513162,-0.028291,1103,,
E14 1SE,E14 1,terminated,terminated-other,201611,201711,true,E05009327,Mile End,false,false,51.513162,-0.028291,1103,,
E14 1SF,E14 1,terminated,terminated-other,201611,201804,true,E05009327,Mile End,false,false,51.513162,-0.028291,1103,,
E14 1SG,E14 1,terminated,terminated-other,201612,201704,true,E05009327,Mile End,false,false,51.513162,-0.028291,1103,,
E14 1SH,E14 1,terminated,terminated-other,201701,201707,true,E05009327,Mile End,false,false,51.513162,-0.028291,1103,,
E14 1SJ,E14 1,live,e14-other,201702,,true,E05009327,Mile End,false,false,51.513162,-0.028291,1103,,
E14 1SL,E14 1,terminated,terminated-other,201703,201710,true,E05009327,Mile End,false,false,51.513162,-0.028291,1103,,
E14 1SN,E14 1,terminated,terminated-other,201703,201710,true,E05009327,Mile End,false,false,51.513162,-0.028291,1103,,
E14 1SP,E14 1,terminated,terminated-other,201704,201711,true,E05009327,Mile End,false,false,51.513162,-0.028291,1103,,
E14 1SQ,E14 1,terminated,terminated-other,201705,202401,true,E05009327,Mile End,false,false,51.513162,-0.028291,1103,,
E14 1SR,E14 1,terminated,terminated-other,201706,201806,true,E05009327,Mile End,false,false,51.513162,-0.028291,1103,,
E14 1SS,E14 1,terminated,terminated-other,201809,201906,true,E05009327,Mile End,false,false,51.513162,-0.028291,1103,,
E14 1ST,E14 1,terminated,terminated-other,201709,201810,true,E05009327,Mile End,false,false,51.513162,-0.028291,1103,,
E14 1SU,E14 1,terminated,terminated-other,201710,201805,true,E05009327,Mile End,false,false,51.513162,-0.028291,1103,,
E14 1SW,E14 1,terminated,terminated-other,201710,201805,true,E05009327,Mile End,false,false,51.513162,-0.028291,1103,,
E14 1SX,E14 1,terminated,terminated-other,201710,202011,true,E05009327,Mile End,false,false,51.513162,-0.028291,1103,,
E14 1SY,E14 1,terminated,terminated-other,201712,201807,true,E05009327,Mile End,false,false,51.513162,-0.028291,1103,,
E14 1SZ,E14 1,terminated,terminated-other,201712,201807,true,E05009327,Mile End,false,false,51.513162,-0.028291,1103,,
E14 1TA,E14 1,live,e14-other,201801,,true,E05009327,Mile End,false,false,51.513162,-0.028291,1103,,
E14 1TB,E14 1,terminated,terminated-other,201801,202101,true,E05009327,Mile End,false,false,51.513162,-0.028291,1103,,
E14 1TD,E14 1,terminated,terminated-cw,201802,202303,true,E05009328,Poplar,false,true,51.510000,-0.006148,1086,,
E14 1TE,E14 1,terminated,terminated-cw,201802,202303,true,E05009328,Poplar,false,true,51.510000,-0.006148,1086,,
E14 1TF,E14 1,terminated,terminated-cw,201802,202303,true,E05009328,Poplar,false,true,51.510000,-0.006148,1086,,
E14 1TG,E14 1,terminated,terminated-cw,201802,202303,true,E05009328,Poplar,false,true,51.510000,-0.006148,1086,,
E14 1TH,E14 1,terminated,terminated-cw,201802,202303,true,E05009328,Poplar,false,true,51.510000,-0.006148,1086,,
E14 1TJ,E14 1,terminated,terminated-cw,201802,202303,true,E05009328,Poplar,false,true,51.510000,-0.006148,1086,,
E14 1TL,E14 1,terminated,terminated-cw,201802,202303,true,E05009328,Poplar,false,true,51.510000,-0.006148,1086,,
E14 1TN,E14 1,terminated,terminated-cw,201802,202303,true,E05009328,Poplar,false,true,51.510000,-0.006148,1086,,
E14 1TP,E14 1,terminated,terminated-cw,201802,202303,true,E05009328,Poplar,false,true,51.510000,-0.006148,1086,,
E14 1TQ,E14 1,terminated,terminated-cw,201802,202303,true,E05009328,Poplar,false,true,51.510000,-0.006148,1086,,
E14 1TR,E14 1,terminated,terminated-cw,201802,202303,true,E05009328,Poplar,false,true,51.510000,-0.006148,1086,,
E14 1TS,E14 1,terminated,terminated-cw,201802,202303,true,E05009328,Poplar,false,true,51.510000,-0.006148,1086,,
E14 1TT,E14 1,terminated,terminated-cw,201802,202303,true,E05009328,Poplar,false,true,51.510000,-0.006148,1086,,
E14 1TU,E14 1,terminated,terminated-cw,201802,202303,true,E05009328,Poplar,false,true,51.510000,-0.006148,1086,,
E14 1TW,E14 1,terminated,terminated-cw,201802,202303,true,E05009328,Poplar,false,true,51.510000,-0.006148,1086,,
E14 1TX,E14 1,terminated,terminated-cw,201802,202303,true,E05009328,Poplar,false,true,51.510000,-0.006148,1086,,
E14 1TY,E14 1,terminated,terminated-cw,201802,202303,true,E05009328,Poplar,false,true,51.510000,-0.006148,1086,,
E14 1TZ,E14 1,terminated,terminated-cw,201802,202303,true,E05009328,Poplar,false,true,51.510000,-0.006148,1086,,
E14 1UA,E14 1,terminated,terminated-cw,201802,202303,true,E05009328,Poplar,false,true,51.510000,-0.006148,1086,,
E14 1UB,E14 1,terminated,terminated-cw,201802,202303,true,E05009328,Poplar,false,true,51.510000,-0.006148,1086,,
E14 1UD,E14 1,terminated,terminated-other,201802,201809,true,E05009327,Mile End,false,false,51.513162,-0.028291,1103,,
E14 1UE,E14 1,terminated,terminated-other,201802,201809,true,E05009327,Mile End,false,false,51.513162,-0.028291,1103,,
E14 1UF,E14 1,terminated,terminated-other,201803,201810,true,E05009327,Mile End,false,false,51.513162,-0.028291,1103,,
E14 1UG,E14 1,live,e14-other,201804,,true,E05009327,Mile End,false,false,51.513162,-0.028291,1103,,
E14 1UH,E14 1,terminated,terminated-other,201807,201902,true,E05009327,Mile End,false,false,51.513162,-0.028291,1103,,
E14 1UJ,E14 1,terminated,terminated-other,201808,201809,true,E05009327,Mile End,false,false,51.513162,-0.028291,1103,,
E14 1UL,E14 1,terminated,terminated-other,201809,201904,true,E05009327,Mile End,false,false,51.513162,-0.028291,1103,,
E14 1UN,E14 1,terminated,terminated-other,201810,202007,true,E05009327,Mile End,false,false,51.513162,-0.028291,1103,,
E14 1UP,E14 1,live,e14-other,201812,,true,E05009327,Mile End,false,false,51.513162,-0.028291,1103,,
E14 1UQ,E14 1,terminated,terminated-other,201902,201909,true,E05009327,Mile End,false,false,51.513162,-0.028291,1103,,
E14 1UR,E14 1,terminated,terminated-other,201902,201909,true,E05009327,Mile End,false,false,51.513162,-0.028291,1103,,
E14 1US,E14 1,terminated,terminated-other,201903,202006,true,E05009327,Mile End,false,false,51.513162,-0.028291,1103,,
E14 1UT,E14 1,terminated,terminated-other,201905,202203,true,E05009327,Mile End,false,false,51.513162,-0.028291,1103,,
E14 1UU,E14 1,terminated,terminated-other,201906,202007,true,E05009327,Mile End,false,false,51.513162,-0.028291,1103,,
E14 1UW,E14 1,terminated,terminated-other,201909,202110,true,E05009327,Mile End,false,false,51.513162,-0.028291,1103,,
E14 1UX,E14 1,terminated,terminated-other,201910,202005,true,E05009327,Mile End,false,false,51.513162,-0.028291,1103,,
E14 1UY,E14 1,terminated,terminated-other,201912,202007,true,E05009327,Mile End,false,false,51.513162,-0.028291,1103,,
E14 1UZ,E14 1,terminated,terminated-other,202002,202009,true,E05009327,Mile End,false,false,51.513162,-0.028291,1103,,
E14 1WA,E14 1,terminated,terminated-other,202301,202304,true,E05009327,Mile End,false,false,51.513162,-0.028291,1103,,
E14 1WB,E14 1,terminated,terminated-other,202004,202010,true,E05009327,Mile End,false,false,51.513162,-0.028291,1103,,
E14 1WD,E14 1,terminated,terminated-other,202004,202010,true,E05009327,Mile End,false,false,51.513162,-0.028291,1103,,
E14 1WE,E14 1,terminated,terminated-other,202005,202105,true,E05009327,Mile End,false,false,51.513162,-0.028291,1103,,
E14 1WF,E14 1,terminated,terminated-other,202005,202112,true,E05009327,Mile End,false,false,51.513162,-0.028291,1103,,
E14 1WG,E14 1,terminated,terminated-other,202006,202101,true,E05009327,Mile End,false,false,51.513162,-0.028291,1103,,
E14 1WH,E14 1,terminated,terminated-other,202008,202308,true,E05009327,Mile End,false,false,51.513162,-0.028291,1103,,
E14 1WJ,E14 1,terminated,terminated-other,202008,202109,true,E05009327,Mile End,false,false,51.513162,-0.028291,1103,,
E14 1WL,E14 1,terminated,terminated-other,202008,202103,true,E05009327,Mile End,false,false,51.513162,-0.028291,1103,,
E14 1WN,E14 1,terminated,terminated-other,202008,202101,true,E05009327,Mile End,false,false,51.513162,-0.028291,1103,,
E14 1WP,E14 1,live,e14-other,202011,,true,E05009327,Mile End,false,false,51.513162,-0.028291,1103,,
E14 1WQ,E14 1,terminated,terminated-other,202012,202205,true,E05009327,Mile End,false,false,51.513162,-0.028291,1103,,
E14 1WR,E14 1,terminated,terminated-other,202012,202104,true,E05009327,Mile End,false,false,51.513162,-0.028291,1103,,
E14 1WS,E14 1,terminated,terminated-other,202012,202207,true,E05009327,Mile End,false,false,51.513162,-0.028291,1103,,
E14 1WT,E14 1,terminated,terminated-other,202012,202107,true,E05009327,Mile End,false,false,51.513162,-0.028291,1103,,
E14 1WU,E14 1,terminated,terminated-other,202012,202104,true,E05009327,Mile End,false,false,51.513162,-0.028291,1103,,
E14 1WW,E14 1,terminated,terminated-other,202012,202106,true,E05009327,Mile End,false,false,51.513162,-0.028291,1103,,
E14 1WX,E14 1,terminated,terminated-other,202104,202111,true,E05009327,Mile End,false,false,51.513162,-0.028291,1103,,
E14 1WY,E14 1,terminated,terminated-other,202105,202301,true,E05009327,Mile End,false,false,51.513162,-0.028291,1103,,
E14 1WZ,E14 1,terminated,terminated-other,202105,202209,true,E05009327,Mile End,false,false,51.513162,-0.028291,1103,,
E14 1XA,E14 1,terminated,terminated-other,202309,202507,true,E05009327,Mile End,false,false,51.513162,-0.028291,1103,,
E14 1XB,E14 1,terminated,terminated-other,202106,202207,true,E05009327,Mile End,false,false,51.513162,-0.028291,1103,,
E14 1XD,E14 1,live,e14-other,202108,,true,E05009327,Mile End,false,false,51.513162,-0.028291,1103,,
E14 1XE,E14 1,live,e14-other,202108,,true,E05009327,Mile End,false,false,51.513162,-0.028291,1103,,
E14 1XF,E14 1,terminated,terminated-other,202108,202206,true,E05009327,Mile End,false,false,51.513162,-0.028291,1103,,
E14 1XG,E14 1,terminated,terminated-other,202109,202203,true,E05009327,Mile End,false,false,51.513162,-0.028291,1103,,
E14 1XH,E14 1,terminated,terminated-other,202109,202205,true,E05009327,Mile End,false,false,51.513162,-0.028291,1103,,
E14 1XJ,E14 1,terminated,terminated-other,202109,202208,true,E05009327,Mile End,false,false,51.513162,-0.028291,1103,,
E14 1XL,E14 1,terminated,terminated-other,202112,202207,true,E05009327,Mile End,false,false,51.513162,-0.028291,1103,,
E14 1XN,E14 1,terminated,terminated-other,202202,202408,true,E05009327,Mile End,false,false,51.513162,-0.028291,1103,,
E14 1XP,E14 1,terminated,terminated-other,202202,202303,true,E05009327,Mile End,false,false,51.513162,-0.028291,1103,,
E14 1XQ,E14 1,terminated,terminated-other,202202,202301,true,E05009327,Mile End,false,false,51.513162,-0.028291,1103,,
E14 1XR,E14 1,terminated,terminated-other,202203,202507,true,E05009327,Mile End,false,false,51.513162,-0.028291,1103,,
E14 1XS,E14 1,live,e14-other,202203,,true,E05009327,Mile End,false,false,51.513162,-0.028291,1103,,
E14 1XT,E14 1,terminated,terminated-other,202203,202305,true,E05009327,Mile End,false,false,51.513162,-0.028291,1103,,
E14 1XU,E14 1,terminated,terminated-other,202206,202211,true,E05009327,Mile End,false,false,51.513162,-0.028291,1103,,
E14 1XW,E14 1,terminated,terminated-other,202206,202210,true,E05009327,Mile End,false,false,51.513162,-0.028291,1103,,
E14 1XX,E14 1,terminated,terminated-other,202206,202210,true,E05009327,Mile End,false,false,51.513162,-0.028291,1103,,
E14 1XY,E14 1,terminated,terminated-other,202207,202305,true,E05009327,Mile End,false,false,51.513162,-0.028291,1103,,
E14 1YA,E14 1,live,e14-other,202208,,true,E05009327,Mile End,false,false,51.513162,-0.028291,1103,,
E14 1YB,E14 1,terminated,terminated-other,202209,202301,true,E05009327,Mile End,false,false,51.513162,-0.028291,1103,,
E14 1YD,E14 1,terminated,terminated-other,202209,202301,true,E05009327,Mile End,false,false,51.513162,-0.028291,1103,,
E14 1YE,E14 1,terminated,terminated-other,202209,202310,true,E05009327,Mile End,false,false,51.513162,-0.028291,1103,,
E14 1YF,E14 1,terminated,terminated-other,202210,202305,true,E05009327,Mile End,false,false,51.513162,-0.028291,1103,,
E14 1YG,E14 1,terminated,terminated-other,202210,202302,true,E05009327,Mile End,false,false,51.513162,-0.028291,1103,,
E14 1YH,E14 1,terminated,terminated-other,202309,202504,true,E05009327,Mile End,false,false,51.513162,-0.028291,1103,,
E14 1YJ,E14 1,terminated,terminated-other,202211,202304,true,E05009327,Mile End,false,false,51.513162,-0.028291,1103,,
E14 1YL,E14 1,terminated,terminated-other,202211,202303,true,E05009327,Mile End,false,false,51.513162,-0.028291,1103,,
E14 1YN,E14 1,terminated,terminated-other,202212,202304,true,E05009327,Mile End,false,false,51.513162,-0.028291,1103,,
E14 1YP,E14 1,live,e14-other,202212,,true,E05009327,Mile End,false,false,51.513162,-0.028291,1103,,
E14 1YR,E14 1,terminated,terminated-other,202301,202304,true,E05009327,Mile End,false,false,51.513162,-0.028291,1103,,
E14 1YS,E14 1,terminated,terminated-other,202301,202308,true,E05009327,Mile End,false,false,51.513162,-0.028291,1103,,
E14 1YT,E14 1,terminated,terminated-other,202301,202305,true,E05009327,Mile End,false,false,51.513162,-0.028291,1103,,
E14 1YU,E14 1,terminated,terminated-other,202504,202602,true,E05009327,Mile End,false,false,51.513162,-0.028291,1103,,
E14 1YW,E14 1,terminated,terminated-other,202302,202310,true,E05009327,Mile End,false,false,51.513162,-0.028291,1103,,
E14 1YX,E14 1,terminated,terminated-other,202302,202403,true,E05009327,Mile End,false,false,51.513162,-0.028291,1103,,
E14 1YY,E14 1,live,e14-other,202303,,true,E05009327,Mile End,false,false,51.513162,-0.028291,1103,,
E14 1YZ,E14 1,terminated,terminated-other,202303,202307,true,E05009327,Mile End,false,false,51.513162,-0.028291,1103,,
E14 1ZZ,E14 1,terminated,terminated-other,201603,202303,true,E05009327,Mile End,false,false,51.513198,-0.028275,1106,,
E14 2AA,E14 2,live,e14-other,199109,,false,E05009328,Poplar,false,false,51.512070,-0.002022,1452,5,Coriander Avenue
E14 2AB,E14 2,live,e14-other,201006,,false,E05009318,Blackwall & Cubitt Town,false,false,51.507650,-0.001250,1303,1,Prime Meridian Walk
E14 2AE,E14 2,live,e14-other,202111,,false,E05009328,Poplar,false,false,51.511333,-0.000483,1501,1,Oregano Drive
E14 2AH,E14 2,terminated,terminated-other,200012,200111,false,E05009328,Poplar,false,false,51.511590,-0.000746,1499,,
E14 2AX,E14 2,live,e14-other,200205,,false,E05009328,Poplar,false,false,51.510943,-0.003455,1301,2,Nutmeg Lane
E14 2BA,E14 2,live,e14-other,201905,,false,E05009328,Poplar,false,false,51.509743,-0.004804,1153,2,Clove Crescent
E14 2BB,E14 2,live,cw-box-other-ward,199201,,false,E05009328,Poplar,false,true,51.509516,-0.005722,1085,3,Clove Crescent
E14 2BD,E14 2,live,e14-other,199201,,false,E05009328,Poplar,false,false,51.510315,-0.006192,1103,1,Clove Crescent
E14 2BE,E14 2,live,e14-other,201806,,false,E05009328,Poplar,false,false,51.510185,-0.004900,1171,7,Clove Crescent
E14 2BG,E14 2,live,cw-box-other-ward,199308,,true,E05009328,Poplar,false,true,51.510000,-0.006148,1086,1,Clove Crescent
E14 2BH,E14 2,terminated,terminated-other,199812,201605,true,E05009328,Poplar,false,false,51.509622,-0.004579,1161,,
E14 2DA,E14 2,live,e14-other,199806,,false,E05009318,Blackwall & Cubitt Town,false,false,51.508209,-0.001355,1312,1,Prime Meridian Walk
E14 2DB,E14 2,live,e14-other,199806,,false,E05009318,Blackwall & Cubitt Town,false,false,51.508209,-0.001355,1312,1,Jamestown Way
E14 2DD,E14 2,live,e14-other,199806,,false,E05009318,Blackwall & Cubitt Town,false,false,51.507738,-0.000612,1348,1,Jamestown Way
E14 2DE,E14 2,live,e14-other,199806,,false,E05009318,Blackwall & Cubitt Town,false,false,51.508261,0.000362,1428,4,Jamestown Way
E14 2DF,E14 2,live,e14-other,199806,,false,E05009318,Blackwall & Cubitt Town,false,false,51.508643,0.001719,1531,1,Jamestown Way
E14 2DG,E14 2,live,e14-other,200207,,false,E05009318,Blackwall & Cubitt Town,false,false,51.509169,0.000920,1495,1,Newport Avenue
E14 2DH,E14 2,live,e14-other,199806,,false,E05009318,Blackwall & Cubitt Town,false,false,51.508138,0.001264,1486,1,Jamestown Way
E14 2DJ,E14 2,live,e14-other,199806,,false,E05009318,Blackwall & Cubitt Town,false,false,51.509413,0.001364,1533,1,Pilgrims Mews
E14 2DL,E14 2,live,e14-other,199806,,false,E05009318,Blackwall & Cubitt Town,false,false,51.508685,0.000827,1472,1,Newport Avenue
E14 2DN,E14 2,live,e14-other,199806,,false,E05009318,Blackwall & Cubitt Town,false,false,51.508537,0.000028,1415,1,Newport Avenue
E14 2DP,E14 2,live,e14-other,200206,,false,E05009318,Blackwall & Cubitt Town,false,false,51.508685,-0.002343,1263,1,John Smith Mews
E14 2DQ,E14 2,live,e14-other,200212,,false,E05009318,Blackwall & Cubitt Town,false,false,51.509223,0.000361,1460,1,Newport Avenue
E14 2DR,E14 2,live,e14-other,200208,,false,E05009318,Blackwall & Cubitt Town,false,false,51.508311,-0.002028,1271,1,Newport Avenue
E14 2DS,E14 2,live,e14-other,200305,,false,E05009318,Blackwall & Cubitt Town,false,false,51.509131,-0.000032,1431,1,Newport Avenue
E14 2DT,E14 2,live,e14-other,200306,,false,E05009318,Blackwall & Cubitt Town,false,false,51.509102,-0.000437,1403,1,Newport Avenue
E14 2DU,E14 2,live,e14-other,200308,,false,E05009318,Blackwall & Cubitt Town,false,false,51.509055,-0.000857,1374,1,Newport Avenue
E14 2DW,E14 2,live,e14-other,199806,,false,E05009318,Blackwall & Cubitt Town,false,false,51.508397,-0.000742,1359,1,Newport Avenue
E14 2DY,E14 2,live,e14-other,201502,,false,E05009318,Blackwall & Cubitt Town,false,false,51.507923,-0.001944,1264,1,Prime Meridian Walk
E14 2EA,E14 2,live,e14-other,200607,,false,E05009318,Blackwall & Cubitt Town,false,false,51.509154,-0.001876,1312,1,Newport Avenue
E14 2EB,E14 2,live,e14-other,200610,,false,E05009318,Blackwall & Cubitt Town,false,false,51.509154,-0.001876,1312,1,Newport Avenue
E14 2ED,E14 2,live,e14-other,200610,,false,E05009318,Blackwall & Cubitt Town,false,false,51.509011,-0.001969,1300,3,Newport Avenue
E14 2EH,E14 2,live,e14-other,200012,,false,E05009318,Blackwall & Cubitt Town,false,false,51.507269,-0.003702,1128,1,Paul Julius Close
E14 2NX,E14 2,terminated,terminated-other,201203,201409,true,E05009327,Mile End,false,false,51.513198,-0.028275,1106,,
E14 2QT,E14 2,terminated,terminated-other,201503,202005,true,E05009327,Mile End,false,false,51.513162,-0.028291,1103,,
E14 2WA,E14 2,live,e14-other,201910,,true,E05009327,Mile End,false,false,51.513162,-0.028291,1103,,
E14 2WB,E14 2,terminated,terminated-other,200401,200507,true,E05009318,Blackwall & Cubitt Town,false,false,51.507131,-0.003478,1139,,
E14 2WH,E14 2,terminated,terminated-other,200205,200505,true,E05009318,Blackwall & Cubitt Town,false,false,51.507131,-0.003478,1139,,
E14 2WT,E14 2,terminated,terminated-other,200206,200304,true,E05009318,Blackwall & Cubitt Town,false,false,51.507131,-0.003478,1139,,
E14 2WY,E14 2,terminated,terminated-other,200502,200604,true,E05009327,Mile End,false,false,51.513198,-0.028275,1106,,
E14 2WZ,E14 2,terminated,terminated-other,200604,200710,true,E05009327,Mile End,false,false,51.513198,-0.028275,1106,,
E14 2XA,E14 2,terminated,terminated-other,200307,201007,true,E05009327,Mile End,false,false,51.513198,-0.028275,1106,,
E14 2XG,E14 2,live,e14-other,200206,,true,E05009327,Mile End,false,false,51.513162,-0.028291,1103,,
E14 2ZH,E14 2,terminated,terminated-other,201910,202302,true,E05009327,Mile End,false,false,51.513162,-0.028291,1103,,
E14 2ZU,E14 2,terminated,terminated-cw,200503,202303,true,E05009328,Poplar,false,true,51.510000,-0.006148,1086,,
E14 2ZZ,E14 2,terminated,terminated-other,199812,201811,true,E05009327,Mile End,false,false,51.513162,-0.028291,1103,,
E14 3AA,E14 3,live,e14-other,199101,,false,E05009324,Island Gardens,false,false,51.489866,-0.018969,1673,39,Harbinger Road
E14 3AB,E14 3,live,e14-other,199101,,false,E05009324,Island Gardens,false,false,51.489596,-0.017338,1709,69,Hesperus Crescent
E14 3AD,E14 3,live,e14-other,199101,,false,E05009324,Island Gardens,false,false,51.489850,-0.017486,1680,31,Hesperus Crescent
E14 3AE,E14 3,live,e14-other,199101,,false,E05009324,Island Gardens,false,false,51.488666,-0.018733,1807,5,Westferry Road
E14 3AF,E14 3,live,e14-other,199101,,false,E05009324,Island Gardens,false,false,51.487633,-0.018259,1923,19,Wynan Road
E14 3AG,E14 3,live,e14-other,199101,,false,E05009324,Island Gardens,false,false,51.488061,-0.018601,1874,21,Westferry Road
E14 3AH,E14 3,live,e14-other,199101,,false,E05009324,Island Gardens,false,false,51.487638,-0.014816,1948,27,Lockesfield Place
E14 3AJ,E14 3,live,e14-other,199101,,false,E05009324,Island Gardens,false,false,51.488161,-0.014405,1896,42,Lockesfield Place
E14 3AL,E14 3,live,e14-other,200303,,false,E05009324,Island Gardens,false,false,51.493137,-0.025742,1379,17,Gaverick Mews
E14 3AN,E14 3,live,e14-other,199101,,false,E05009324,Island Gardens,false,false,51.487591,-0.016331,1938,9,Westferry Road
E14 3AP,E14 3,live,e14-other,199101,,false,E05009324,Island Gardens,false,false,51.487082,-0.018139,1985,34,Pointers Close
E14 3AQ,E14 3,live,e14-other,199101,,false,E05009324,Island Gardens,false,false,51.488465,-0.018036,1831,22,Transom Square
E14 3AR,E14 3,live,e14-other,199101,,false,E05009324,Island Gardens,false,false,51.487229,-0.018824,1967,20,Rainbow Avenue
E14 3AS,E14 3,live,e14-other,199101,,false,E05009324,Island Gardens,false,false,51.488582,-0.016403,1828,51,Chapel House Street
E14 3AT,E14 3,live,e14-other,199101,,false,E05009324,Island Gardens,false,false,51.488196,-0.016477,1870,8,Julian Place
E14 3AU,E14 3,live,e14-other,199101,,false,E05009324,Island Gardens,false,false,51.489504,-0.015614,1734,22,Macquarie Way
E14 3AW,E14 3,live,e14-other,199101,,false,E05009324,Island Gardens,false,false,51.487889,-0.018536,1894,2,Maconochies Road
E14 3AX,E14 3,live,e14-other,199101,,false,E05009324,Island Gardens,false,false,51.489908,-0.016115,1684,54,Thermopylae Gate
E14 3AY,E14 3,live,e14-other,199101,,false,E05009324,Island Gardens,false,false,51.488428,-0.013716,1876,33,East Ferry Road
E14 3AZ,E14 3,live,e14-other,199806,,false,E05009324,Island Gardens,false,false,51.490808,-0.004523,1881,7,Observatory Mews
E14 3BA,E14 3,live,e14-other,199712,,false,E05009324,Island Gardens,false,false,51.489181,-0.013582,1796,1,East Ferry Road
E14 3BB,E14 3,live,e14-other,199101,,false,E05009324,Island Gardens,false,false,51.487655,-0.013173,1968,8,East Ferry Road
E14 3BD,E14 3,live,e14-other,199101,,false,E05009324,Island Gardens,false,false,51.487496,-0.012316,1999,18,Manchester Road
E14 3BE,E14 3,live,e14-other,199101,,false,E05009324,Island Gardens,false,false,51.487283,-0.011936,2029,13,Manchester Road
E14 3BF,E14 3,live,e14-other,199806,,false,E05009324,Island Gardens,false,false,51.490750,-0.003200,1939,1,Storers Quay
E14 3BG,E14 3,live,e14-other,199101,,false,E05009324,Island Gardens,false,false,51.487888,-0.012069,1962,52,Manchester Grove
E14 3BH,E14 3,live,e14-other,199109,,false,E05009324,Island Gardens,false,false,51.487789,-0.005749,2130,1,Cumberland Mills Square
E14 3BJ,E14 3,live,e14-other,199109,,false,E05009324,Island Gardens,false,false,51.488295,-0.005353,2092,2,Cumberland Mills Square
E14 3BL,E14 3,live,e14-other,199612,,false,E05009324,Island Gardens,false,false,51.488698,-0.006848,2005,1,Manchester Road
E14 3BN,E14 3,live,e14-other,199101,,false,E05009324,Island Gardens,false,false,51.489292,-0.006318,1963,3,Manchester Road
E14 3BP,E14 3,live,e14-other,199101,,false,E05009324,Island Gardens,false,false,51.489303,-0.008002,1910,2,Glengarnock Avenue
E14 3BQ,E14 3,live,e14-other,199201,,true,E05009318,Blackwall & Cubitt Town,false,false,51.495358,-0.013486,1141,2,East Ferry Road
E14 3BS,E14 3,live,e14-other,199101,,false,E05009324,Island Gardens,false,false,51.486228,-0.012299,2137,4,Felstead Gardens
E14 3BT,E14 3,live,e14-other,199101,,true,E05009318,Blackwall & Cubitt Town,false,false,51.494254,-0.013592,1254,7,East Ferry Road
E14 3BU,E14 3,live,e14-other,199101,,false,E05009324,Island Gardens,false,false,51.486914,-0.012975,2052,1,Ferry Street
E14 3BW,E14 3,live,e14-other,199101,,false,E05009324,Island Gardens,false,false,51.488736,-0.006385,2016,8,Glenaffric Avenue
E14 3BX,E14 3,live,e14-other,199101,,false,E05009324,Island Gardens,false,false,51.490589,-0.008033,1780,13,Stebondale Street
E14 3BY,E14 3,live,e14-other,199101,,false,E05009324,Island Gardens,false,false,51.487695,-0.005984,2132,1,Saunders Ness Road
E14 3BZ,E14 3,live,e14-other,199101,,false,E05009324,Island Gardens,false,false,51.490427,-0.003805,1944,14,Storers Quay
E14 3DA,E14 3,live,e14-other,199101,,false,E05009324,Island Gardens,false,false,51.490300,-0.007412,1828,27,Billson Street
E14 3DB,E14 3,live,e14-other,199101,,false,E05009324,Island Gardens,false,false,51.489561,-0.007890,1887,26,Parsonage Street
E14 3DD,E14 3,live,e14-other,199101,,false,E05009324,Island Gardens,false,false,51.490538,-0.007142,1814,29,Kingfield Street
E14 3DE,E14 3,live,e14-other,199101,,false,E05009318,Blackwall & Cubitt Town,false,false,51.491192,-0.005428,1811,1,Francis Close
E14 3DF,E14 3,terminated,terminated-other,199101,201207,false,E05009324,Island Gardens,false,false,51.489017,-0.008634,1921,,
E14 3DG,E14 3,live,e14-other,199101,,false,E05009324,Island Gardens,false,false,51.488500,-0.008959,1966,1,Stebondale Street
E14 3DH,E14 3,live,e14-other,199101,,false,E05009324,Island Gardens,false,false,51.488439,-0.008501,1984,1,Manchester Road
E14 3DJ,E14 3,live,e14-other,199101,,false,E05009324,Island Gardens,false,false,51.488956,-0.008248,1938,1,Glengarnock Avenue
E14 3DL,E14 3,live,e14-other,199101,,false,E05009324,Island Gardens,false,false,51.488956,-0.008248,1938,1,Glengarnock Avenue
E14 3DN,E14 3,live,e14-other,199101,,false,E05009324,Island Gardens,false,false,51.488710,-0.008072,1968,14,Manchester Road
E14 3DP,E14 3,live,e14-other,199101,,false,E05009324,Island Gardens,false,false,51.490498,-0.006351,1844,1,Manchester Road
E14 3DQ,E14 3,live,e14-other,199101,,false,E05009324,Island Gardens,false,false,51.488206,-0.009116,1992,1,Manchester Road
E14 3DR,E14 3,live,e14-other,199101,,false,E05009324,Island Gardens,false,false,51.489544,-0.006840,1921,8,Manchester Road
E14 3DS,E14 3,live,e14-other,199101,,false,E05009324,Island Gardens,false,false,51.486974,-0.012281,2056,1,Ferry Street
E14 3DT,E14 3,live,e14-other,199101,,false,E05009324,Island Gardens,false,false,51.486412,-0.012536,2113,31,Ferry Street
E14 3DU,E14 3,live,e14-other,199101,,false,E05009318,Blackwall & Cubitt Town,false,false,51.492292,-0.005567,1704,2,Blyth Close
E14 3DW,E14 3,live,e14-other,199101,,true,E05009324,Island Gardens,false,false,51.488127,-0.007607,2041,1,Manchester Road
E14 3DX,E14 3,live,e14-other,199101,,false,E05009318,Blackwall & Cubitt Town,false,false,51.491611,-0.004156,1822,35,Sextant Avenue
E14 3DY,E14 3,live,e14-other,199101,,false,E05009324,Island Gardens,false,false,51.486254,-0.011708,2144,2,Livingstone Place
E14 3DZ,E14 3,live,e14-other,199101,,false,E05009324,Island Gardens,false,false,51.486333,-0.011070,2147,2,Midland Place
E14 3EA,E14 3,live,e14-other,199101,,false,E05009324,Island Gardens,false,false,51.489629,-0.004992,1975,20,Saunders Ness Road
E14 3EB,E14 3,live,e14-other,199101,,false,E05009324,Island Gardens,false,false,51.489593,-0.005512,1960,21,Saunders Ness Road
E14 3ED,E14 3,live,e14-other,200112,,false,E05009324,Island Gardens,false,false,51.492831,-0.025193,1400,5,Westferry Road
E14 3EE,E14 3,live,e14-other,199101,,false,E05009324,Island Gardens,false,false,51.489177,-0.004320,2042,13,Empire Wharf Road
E14 3EF,E14 3,live,e14-other,199101,,false,E05009324,Island Gardens,false,false,51.488886,-0.004650,2058,23,Grosvenor Wharf Road
E14 3EG,E14 3,live,e14-other,199101,,false,E05009318,Blackwall & Cubitt Town,false,false,51.492364,-0.004527,1740,18,Chichester Way
E14 3EH,E14 3,live,e14-other,199101,,false,E05009324,Island Gardens,false,false,51.490975,-0.006950,1777,1,Seyssel Street
E14 3EJ,E14 3,terminated,terminated-other,199101,200111,true,E05009327,Mile End,false,false,51.513198,-0.028275,1106,,
E14 3EL,E14 3,live,e14-other,199101,,false,E05009318,Blackwall & Cubitt Town,false,false,51.491391,-0.003921,1852,22,Plymouth Wharf
E14 3EN,E14 3,live,e14-other,199101,,false,E05009324,Island Gardens,false,false,51.489604,-0.003524,2031,14,Caledonian Wharf
E14 3EP,E14 3,live,e14-other,199101,,false,E05009324,Island Gardens,false,false,51.486899,-0.011031,2087,8,Horseshoe Close
E14 3EQ,E14 3,live,e14-other,199101,,false,E05009318,Blackwall & Cubitt Town,false,false,51.492376,-0.003662,1775,18,Mariners Mews
E14 3ER,E14 3,live,e14-other,199101,,false,E05009324,Island Gardens,false,false,51.489144,-0.008701,1907,2,Glengarnock Avenue
E14 3ES,E14 3,live,cw-box-other-ward,199101,,false,E05009318,Blackwall & Cubitt Town,false,true,51.499571,-0.008952,942,7,Manchester Road
E14 3ET,E14 3,live,cw-box-other-ward,199101,,false,E05009318,Blackwall & Cubitt Town,false,true,51.499126,-0.008712,987,1,Manchester Road
E14 3EU,E14 3,live,cw-box-other-ward,199101,,false,E05009318,Blackwall & Cubitt Town,false,true,51.498595,-0.007611,1083,5,Capstan Square
E14 3EW,E14 3,live,e14-other,199101,,false,E05009324,Island Gardens,false,false,51.489816,-0.004336,1981,24,Caledonian Wharf
E14 3EX,E14 3,live,cw-box-other-ward,199606,,false,E05009318,Blackwall & Cubitt Town,false,true,51.499870,-0.008046,972,1,Stewart Street
E14 3EY,E14 3,terminated,terminated-other,199101,201711,false,E05009318,Blackwall & Cubitt Town,false,false,51.497939,-0.008173,1104,,
E14 3EZ,E14 3,terminated,terminated-other,199101,201711,false,E05009318,Blackwall & Cubitt Town,false,false,51.497940,-0.007726,1126,,
E14 3FA,E14 3,live,e14-other,200607,,false,E05009324,Island Gardens,false,false,51.487344,-0.010220,2057,2,Ferry Street
E14 3FB,E14 3,live,cw-box-other-ward,199806,,false,E05009318,Blackwall & Cubitt Town,false,true,51.500605,-0.007898,937,1,Manchester Road
E14 3FD,E14 3,live,cw-box-other-ward,199806,,false,E05009318,Blackwall & Cubitt Town,false,true,51.500211,-0.008521,924,1,Manchester Road
E14 3FE,E14 3,terminated,terminated-other,200012,201108,true,E05009327,Mile End,false,false,51.513198,-0.028275,1106,,
E14 3FF,E14 3,terminated,terminated-other,200006,200108,true,E05009327,Mile End,false,false,51.513198,-0.028275,1106,,
E14 3FG,E14 3,terminated,terminated-other,200006,200602,true,E05009327,Mile End,false,false,51.513198,-0.028275,1106,,
E14 3FH,E14 3,terminated,terminated-other,200006,200011,true,E05009324,Island Gardens,false,false,51.490642,-0.014844,1619,,
E14 3FJ,E14 3,terminated,terminated-other,200006,200106,true,E05009324,Island Gardens,false,false,51.490642,-0.014844,1619,,
E14 3FL,E14 3,terminated,terminated-other,200006,200111,true,E05009327,Mile End,false,false,51.513198,-0.028275,1106,,
E14 3FN,E14 3,terminated,terminated-other,199912,200205,true,E05009327,Mile End,false,false,51.513198,-0.028275,1106,,
E14 3FP,E14 3,terminated,terminated-other,199912,200103,true,E05009324,Island Gardens,false,false,51.490642,-0.014844,1619,,
E14 3FQ,E14 3,terminated,terminated-other,200006,200101,true,E05009324,Island Gardens,false,false,51.490642,-0.014844,1619,,
E14 3FR,E14 3,terminated,terminated-other,199912,200006,true,E05009324,Island Gardens,false,false,51.491462,-0.009666,1644,,
E14 3FS,E14 3,terminated,terminated-other,199912,200006,true,E05009324,Island Gardens,false,false,51.491462,-0.009666,1644,,
E14 3FT,E14 3,terminated,terminated-other,199908,200009,true,E05009324,Island Gardens,false,false,51.491462,-0.009666,1644,,
E14 3FU,E14 3,live,e14-other,201904,,false,E05009318,Blackwall & Cubitt Town,false,false,51.497147,-0.013481,958,2,East Ferry Road
E14 3FW,E14 3,terminated,terminated-other,199912,200205,true,E05009327,Mile End,false,false,51.513198,-0.028275,1106,,
E14 3FX,E14 3,terminated,terminated-other,199912,200201,true,E05009327,Mile End,false,false,51.513198,-0.028275,1106,,
E14 3FY,E14 3,terminated,terminated-other,200606,200607,true,E05009327,Mile End,false,false,51.513198,-0.028275,1106,,
E14 3FZ,E14 3,terminated,terminated-other,199906,200104,true,E05009324,Island Gardens,false,false,51.490642,-0.014844,1619,,
E14 3GA,E14 3,live,e14-other,199806,,false,E05009318,Blackwall & Cubitt Town,false,false,51.492551,-0.006017,1662,1,Millennium Drive
E14 3GB,E14 3,live,e14-other,199806,,false,E05009318,Blackwall & Cubitt Town,false,false,51.492703,-0.005420,1672,1,Millennium Drive
E14 3GD,E14 3,live,e14-other,199806,,false,E05009318,Blackwall & Cubitt Town,false,false,51.492819,-0.004867,1685,3,Millennium Drive
E14 3GE,E14 3,live,e14-other,199806,,false,E05009318,Blackwall & Cubitt Town,false,false,51.493003,-0.004038,1704,1,Millennium Drive
E14 3GF,E14 3,live,e14-other,199806,,false,E05009318,Blackwall & Cubitt Town,false,false,51.493294,-0.004241,1670,1,Millennium Drive
E14 3GG,E14 3,live,e14-other,199812,,false,E05009318,Blackwall & Cubitt Town,false,false,51.493404,-0.005922,1589,14,Schooner Close
E14 3GH,E14 3,live,e14-other,199806,,false,E05009318,Blackwall & Cubitt Town,false,false,51.493877,-0.004648,1602,6,Millennium Drive
E14 3GJ,E14 3,live,e14-other,199806,,false,E05009318,Blackwall & Cubitt Town,false,false,51.493624,-0.005120,1603,3,Millennium Drive
E14 3GL,E14 3,live,e14-other,199806,,false,E05009318,Blackwall & Cubitt Town,false,false,51.492986,-0.006747,1594,9,Manchester Road
E14 3GN,E14 3,terminated,terminated-other,200706,200707,false,E05009318,Blackwall & Cubitt Town,false,false,51.492986,-0.006747,1594,,
E14 3GP,E14 3,live,e14-other,200912,,false,E05009324,Island Gardens,false,false,51.492525,-0.025206,1433,1,Crews Street
E14 3GQ,E14 3,live,e14-other,199812,,false,E05009318,Blackwall & Cubitt Town,false,false,51.493838,-0.006047,1545,1,Schooner Close
E14 3GR,E14 3,live,e14-other,200604,,false,E05009324,Island Gardens,false,false,51.487204,-0.009923,2078,3,Douglas Path
E14 3GS,E14 3,live,e14-other,200903,,false,E05009324,Island Gardens,false,false,51.487554,-0.013581,1973,1,Bartlett Mews
E14 3GT,E14 3,live,e14-other,200806,,false,E05009324,Island Gardens,false,false,51.487470,-0.013959,1977,1,Bartlett Mews
E14 3GU,E14 3,live,e14-other,200903,,false,E05009324,Island Gardens,false,false,51.488861,-0.019603,1784,2,Forge Square
E14 3GW,E14 3,live,e14-other,200902,,false,E05009324,Island Gardens,false,false,51.488988,-0.018632,1771,1,Forge Square
E14 3GX,E14 3,live,e14-other,200910,,false,E05009324,Island Gardens,false,false,51.488561,-0.018910,1818,1,Forge Square
E14 3GY,E14 3,live,e14-other,200902,,false,E05009324,Island Gardens,false,false,51.489136,-0.018871,1754,2,Forge Square
E14 3GZ,E14 3,live,e14-other,200911,,false,E05009324,Island Gardens,false,false,51.489444,-0.021681,1726,1,Deptford Ferry Road
E14 3HA,E14 3,live,cw-box-other-ward,199101,,false,E05009318,Blackwall & Cubitt Town,false,true,51.498547,-0.009040,1013,1,Stewart Street
E14 3HB,E14 3,live,e14-other,199101,,false,E05009318,Blackwall & Cubitt Town,false,false,51.495996,-0.008704,1242,1,Manchester Road
E14 3HD,E14 3,live,e14-other,199101,,false,E05009318,Blackwall & Cubitt Town,false,false,51.495526,-0.008019,1313,1,Manchester Road
E14 3HE,E14 3,live,e14-other,199101,,false,E05009318,Blackwall & Cubitt Town,false,false,51.496581,-0.010321,1124,2,Galbraith Street
E14 3HF,E14 3,live,e14-other,199101,,false,E05009318,Blackwall & Cubitt Town,false,false,51.496403,-0.010977,1115,1,Strattondale Street
E14 3HG,E14 3,live,e14-other,199101,,false,E05009318,Blackwall & Cubitt Town,false,false,51.495904,-0.011201,1155,16,Strattondale Street
E14 3HH,E14 3,live,e14-other,199101,,false,E05009318,Blackwall & Cubitt Town,false,false,51.495997,-0.010347,1177,2,Marshfield Street
E14 3HJ,E14 3,live,e14-other,199101,,false,E05009318,Blackwall & Cubitt Town,false,false,51.495926,-0.009874,1201,1,Marshfield Street
E14 3HL,E14 3,live,cw-box-other-ward,201803,,false,E05009318,Blackwall & Cubitt Town,false,true,51.498112,-0.007287,1135,1,River Barge Close
E14 3HN,E14 3,live,e14-other,199101,,false,E05009318,Blackwall & Cubitt Town,false,false,51.493153,-0.007546,1548,7,Manchester Road
E14 3HP,E14 3,live,e14-other,199101,,false,E05009324,Island Gardens,false,false,51.491462,-0.009666,1644,5,Pier Street
E14 3HQ,E14 3,live,e14-other,199101,,false,E05009318,Blackwall & Cubitt Town,false,false,51.495710,-0.010936,1183,5,Marshfield Street
E14 3HR,E14 3,live,e14-other,199806,,false,E05009324,Island Gardens,false,false,51.492311,-0.007742,1621,23,Pier Street
E14 3HS,E14 3,terminated,terminated-other,199101,201506,false,E05009324,Island Gardens,false,false,51.492265,-0.007715,1626,,
E14 3HT,E14 3,live,e14-other,199101,,false,E05009324,Island Gardens,false,false,51.491658,-0.007957,1677,2,Seyssel Street
E14 3HU,E14 3,live,e14-other,199101,,false,E05009324,Island Gardens,false,false,51.491811,-0.006913,1698,1,Pier Street
E14 3HW,E14 3,live,e14-other,199101,,false,E05009318,Blackwall & Cubitt Town,false,false,51.494246,-0.007844,1435,32,Manchester Road
E14 3HX,E14 3,live,e14-other,199101,,false,E05009324,Island Gardens,false,false,51.492266,-0.006706,1663,1,Pier Street
E14 3HY,E14 3,live,e14-other,199101,,false,E05009324,Island Gardens,false,false,51.491716,-0.006068,1738,1,Manchester Road
E14 3HZ,E14 3,live,e14-other,199101,,false,E05009324,Island Gardens,false,false,51.491355,-0.006559,1754,6,Seyssel Street
E14 3JA,E14 3,live,e14-other,199101,,false,E05009318,Blackwall & Cubitt Town,false,false,51.494435,-0.007303,1440,19,Rotterdam Drive
E14 3JB,E14 3,live,e14-other,199101,,false,E05009318,Blackwall & Cubitt Town,false,false,51.495059,-0.007521,1375,3,Amsterdam Road
E14 3JD,E14 3,live,e14-other,199101,,false,E05009318,Blackwall & Cubitt Town,false,false,51.496674,-0.008877,1175,1,Manchester Road
E14 3JE,E14 3,live,e14-other,199101,,false,E05009318,Blackwall & Cubitt Town,false,false,51.496834,-0.008279,1188,2,Stewart Street
E14 3JF,E14 3,live,e14-other,199101,,false,E05009318,Blackwall & Cubitt Town,false,false,51.496237,-0.007527,1273,1,Manchester Road
E14 3JG,E14 3,live,e14-other,199101,,false,E05009318,Blackwall & Cubitt Town,false,false,51.496237,-0.007527,1273,1,Manchester Road
E14 3JH,E14 3,terminated,terminated-other,200210,201801,false,E05009318,Blackwall & Cubitt Town,false,false,51.496403,-0.008312,1224,,
E14 3JJ,E14 3,live,e14-other,199101,,false,E05009318,Blackwall & Cubitt Town,false,false,51.494570,-0.006822,1448,17,Leerdam Drive
E14 3JL,E14 3,live,e14-other,199101,,false,E05009318,Blackwall & Cubitt Town,false,false,51.496359,-0.006773,1298,1,Stewart Street
E14 3JN,E14 3,live,e14-other,199101,,false,E05009318,Blackwall & Cubitt Town,false,false,51.496359,-0.006773,1298,1,Stewart Street
E14 3JP,E14 3,live,e14-other,199101,,false,E05009318,Blackwall & Cubitt Town,false,false,51.497507,-0.008682,1114,1,Stewart Street
E14 3JQ,E14 3,live,e14-other,199101,,false,E05009318,Blackwall & Cubitt Town,false,false,51.496359,-0.006773,1298,1,Stewart Street
E14 3JR,E14 3,live,e14-other,199101,,false,E05009318,Blackwall & Cubitt Town,false,false,51.497905,-0.008823,1075,1,Stewart Street
E14 3JS,E14 3,terminated,terminated-other,199101,202008,false,E05009318,Blackwall & Cubitt Town,false,false,51.497359,-0.006859,1214,,
E14 3JT,E14 3,terminated,terminated-other,199101,202008,false,E05009318,Blackwall & Cubitt Town,false,false,51.497158,-0.007761,1186,,
E14 3JU,E14 3,terminated,terminated-other,199101,201502,false,E05009318,Blackwall & Cubitt Town,false,false,51.497167,-0.007227,1211,,
E14 3JW,E14 3,live,e14-other,199101,,false,E05009318,Blackwall & Cubitt Town,false,false,51.497065,-0.009162,1129,1,Manchester Road
E14 3JX,E14 3,terminated,terminated-other,199101,202008,false,E05009318,Blackwall & Cubitt Town,false,false,51.497655,-0.007350,1167,,
E14 3JY,E14 3,live,e14-other,199101,,false,E05009318,Blackwall & Cubitt Town,false,false,51.493993,-0.010420,1367,33,Friars Mead
E14 3JZ,E14 3,live,e14-other,199101,,false,E05009318,Blackwall & Cubitt Town,false,false,51.493988,-0.009628,1394,20,Friars Mead
E14 3LA,E14 3,live,cw-box-other-ward,199101,,false,E05009318,Blackwall & Cubitt Town,false,true,51.499234,-0.010307,897,10,East Ferry Road
E14 3LB,E14 3,live,cw-box-other-ward,199101,,false,E05009318,Blackwall & Cubitt Town,false,true,51.499126,-0.009807,930,1,East Ferry Road
E14 3LD,E14 3,live,cw-box-other-ward,199101,,false,E05009318,Blackwall & Cubitt Town,false,true,51.499020,-0.010964,883,7,Chipka Street
E14 3LE,E14 3,live,cw-box-other-ward,199101,,false,E05009318,Blackwall & Cubitt Town,false,true,51.498781,-0.011176,893,1,Chipka Street
E14 3LF,E14 3,live,cw-box-other-ward,199101,,false,E05009318,Blackwall & Cubitt Town,false,true,51.498537,-0.011086,918,1,East Ferry Road
E14 3LG,E14 3,terminated,terminated-other,199101,199405,false,E05009318,Blackwall & Cubitt Town,false,false,51.497579,-0.011891,971,,
E14 3LH,E14 3,live,e14-other,199512,,false,E05009318,Blackwall & Cubitt Town,false,false,51.496373,-0.013947,1024,1,East Ferry Road
E14 3LJ,E14 3,live,cw-box-other-ward,199101,,false,E05009318,Blackwall & Cubitt Town,false,true,51.498133,-0.011694,928,1,East Ferry Road
E14 3LL,E14 3,live,e14-other,199101,,false,E05009318,Blackwall & Cubitt Town,false,false,51.497634,-0.012465,945,8,East Ferry Road
E14 3LN,E14 3,live,e14-other,199101,,false,E05009318,Blackwall & Cubitt Town,false,false,51.497609,-0.011516,983,12,Cardale Street
E14 3LP,E14 3,live,e14-other,199101,,false,E05009318,Blackwall & Cubitt Town,false,false,51.496878,-0.011360,1056,3,Galbraith Street
E14 3LQ,E14 3,terminated,terminated-cw,199101,199112,false,E05009318,Blackwall & Cubitt Town,false,true,51.498502,-0.013292,832,,
E14 3LR,E14 3,live,e14-other,199101,,false,E05009318,Blackwall & Cubitt Town,false,false,51.496578,-0.011200,1091,1,Galbraith Street
E14 3LS,E14 3,live,e14-other,199101,,false,E05009318,Blackwall & Cubitt Town,false,false,51.496351,-0.011570,1099,1,Galbraith Street
E14 3LT,E14 3,live,e14-other,199101,,false,E05009318,Blackwall & Cubitt Town,false,false,51.496882,-0.012657,1011,6,Launch Street
E14 3LU,E14 3,live,e14-other,199101,,false,E05009318,Blackwall & Cubitt Town,false,false,51.496440,-0.012575,1057,1,Launch Street
E14 3LW,E14 3,live,e14-other,199101,,false,E05009318,Blackwall & Cubitt Town,false,false,51.497065,-0.012360,1003,12,Hickin Street
E14 3LX,E14 3,live,e14-other,199101,,false,E05009318,Blackwall & Cubitt Town,false,false,51.496522,-0.013191,1030,1,Glengall Grove
E14 3LY,E14 3,live,e14-other,199101,,false,E05009318,Blackwall & Cubitt Town,false,false,51.496053,-0.012030,1113,1,Galbraith Street
E14 3LZ,E14 3,terminated,terminated-other,200106,200205,true,E05009327,Mile End,false,false,51.513198,-0.028275,1106,,
E14 3NA,E14 3,live,e14-other,199101,,false,E05009318,Blackwall & Cubitt Town,false,false,51.495800,-0.013554,1093,1,Glengall Grove
E14 3NB,E14 3,live,e14-other,199101,,false,E05009318,Blackwall & Cubitt Town,false,false,51.496052,-0.013053,1081,1,Glengall Grove
E14 3ND,E14 3,live,e14-other,199101,,false,E05009318,Blackwall & Cubitt Town,false,false,51.495709,-0.011944,1149,20,Glengall Grove
E14 3NE,E14 3,live,e14-other,199101,,false,E05009318,Blackwall & Cubitt Town,false,false,51.495321,-0.011860,1190,11,Glengall Grove; Manchester Road
E14 3NF,E14 3,live,e14-other,201505,,false,E05009324,Island Gardens,false,false,51.488954,-0.007629,1956,1,Parkside Square
E14 3NG,E14 3,live,cw-box-other-ward,200207,,true,E05009318,Blackwall & Cubitt Town,false,true,51.498448,-0.010658,945,1,Castalia Square
E14 3NH,E14 3,live,cw-box-other-ward,199412,,false,E05009318,Blackwall & Cubitt Town,false,true,51.498053,-0.012779,893,26,Roffey Street
E14 3NJ,E14 3,live,cw-box-other-ward,199412,,false,E05009318,Blackwall & Cubitt Town,false,true,51.498552,-0.012512,857,26,Aste Street
E14 3NL,E14 3,live,e14-other,200012,,false,E05009318,Blackwall & Cubitt Town,false,false,51.493725,-0.006830,1523,8,Olliffe Street
E14 3NN,E14 3,live,e14-other,199109,,false,E05009318,Blackwall & Cubitt Town,false,false,51.494380,-0.008833,1385,1,Manchester Road
E14 3NP,E14 3,terminated,terminated-other,201312,201608,false,E05009318,Blackwall & Cubitt Town,false,false,51.495254,-0.013203,1159,,
E14 3NQ,E14 3,live,e14-other,201504,,false,E05009324,Island Gardens,false,false,51.488957,-0.008853,1922,2,Stebondale Street
E14 3NR,E14 3,live,e14-other,201508,,false,E05009318,Blackwall & Cubitt Town,false,false,51.496813,-0.007545,1224,1,New Union Close
E14 3NS,E14 3,live,e14-other,201508,,false,E05009318,Blackwall & Cubitt Town,false,false,51.496905,-0.007166,1235,1,New Union Close
E14 3NT,E14 3,live,cw-box-other-ward,200106,,false,E05009318,Blackwall & Cubitt Town,false,true,51.499965,-0.009410,890,1,Manchester Road
E14 3NU,E14 3,live,cw-box-other-ward,199101,,false,E05009318,Blackwall & Cubitt Town,false,true,51.500468,-0.009388,858,19,Manchester Road
E14 3NW,E14 3,live,e14-other,201812,,false,E05009318,Blackwall & Cubitt Town,false,false,51.497147,-0.013481,958,2,East Ferry Road
E14 3NX,E14 3,live,cw-box-other-ward,199101,,false,E05009318,Blackwall & Cubitt Town,false,true,51.498244,-0.009716,1005,3,Manchester Road
E14 3NY,E14 3,live,cw-box-other-ward,200410,,false,E05009318,Blackwall & Cubitt Town,false,true,51.499410,-0.009550,922,2,East Ferry Road
E14 3NZ,E14 3,live,e14-other,200610,,false,E05009318,Blackwall & Cubitt Town,false,false,51.494204,-0.008523,1413,1,Manchester Road
E14 3PA,E14 3,live,cw-box-other-ward,199101,,false,E05009318,Blackwall & Cubitt Town,false,true,51.498603,-0.009729,975,1,Manchester Road
E14 3PB,E14 3,live,e14-other,199101,,false,E05009318,Blackwall & Cubitt Town,false,false,51.497913,-0.009831,1027,1,Manchester Road
E14 3PD,E14 3,live,e14-other,199101,,false,E05009318,Blackwall & Cubitt Town,false,false,51.497768,-0.010284,1019,1,Plevna Street
E14 3PE,E14 3,live,e14-other,199101,,false,E05009318,Blackwall & Cubitt Town,false,false,51.497899,-0.010595,994,1,Plevna Street
E14 3PF,E14 3,live,cw-box-other-ward,199101,,false,E05009318,Blackwall & Cubitt Town,false,true,51.498064,-0.010242,996,1,Plevna Street
E14 3PG,E14 3,live,cw-box-other-ward,199101,,false,E05009318,Blackwall & Cubitt Town,false,true,51.498483,-0.010022,971,4,Roserton Street
E14 3PH,E14 3,terminated,terminated-other,199101,200711,false,E05009318,Blackwall & Cubitt Town,false,false,51.497756,-0.011192,982,,
E14 3PJ,E14 3,live,cw-box-other-ward,201711,,false,E05009318,Blackwall & Cubitt Town,false,true,51.498099,-0.008094,1095,9,River Barge Close
E14 3PL,E14 3,terminated,terminated-other,200106,200306,true,E05009327,Mile End,false,false,51.513198,-0.028275,1106,,
E14 3PN,E14 3,live,e14-other,201810,,false,E05009318,Blackwall & Cubitt Town,false,false,51.497660,-0.008171,1126,13,Stewart Street
E14 3PP,E14 3,live,e14-other,201901,,false,E05009318,Blackwall & Cubitt Town,false,false,51.497868,-0.007197,1158,1,Ovex Close
E14 3PQ,E14 3,live,cw-box-other-ward,199109,,false,E05009318,Blackwall & Cubitt Town,false,true,51.498210,-0.010899,954,13,Castalia Square
E14 3PR,E14 3,live,e14-other,201802,,false,E05009318,Blackwall & Cubitt Town,false,false,51.497749,-0.007619,1146,15,Ovex Close
E14 3PS,E14 3,live,e14-other,201906,,false,E05009324,Island Gardens,false,false,51.486896,-0.009793,2113,3,Saunders Ness Road
E14 3PT,E14 3,live,e14-other,201904,,false,E05009318,Blackwall & Cubitt Town,false,false,51.497147,-0.013481,958,2,East Ferry Road
E14 3PU,E14 3,live,e14-other,201911,,false,E05009324,Island Gardens,false,false,51.487953,-0.015926,1902,24,Sark Mews
E14 3PW,E14 3,live,e14-other,201909,,false,E05009324,Island Gardens,false,false,51.487791,-0.015371,1925,14,Sark Mews
E14 3PX,E14 3,terminated,terminated-other,199501,199606,true,E05009318,Blackwall & Cubitt Town,false,false,51.496680,-0.011931,1055,,
E14 3PY,E14 3,live,e14-other,202107,,false,E05009318,Blackwall & Cubitt Town,false,false,51.497178,-0.007327,1205,11,New Union Close
E14 3PZ,E14 3,live,e14-other,202107,,false,E05009318,Blackwall & Cubitt Town,false,false,51.496998,-0.006788,1246,1,New Union Close
E14 3QA,E14 3,live,e14-other,200411,,false,E05009324,Island Gardens,false,false,51.492349,-0.024897,1446,3,Westferry Road
E14 3QB,E14 3,live,e14-other,199806,,false,E05009324,Island Gardens,false,false,51.488301,-0.021082,1850,17,Napier Avenue
E14 3QD,E14 3,live,e14-other,199812,,false,E05009324,Island Gardens,false,false,51.488716,-0.021151,1804,7,Mercator Place
E14 3QE,E14 3,live,e14-other,199912,,false,E05009324,Island Gardens,false,false,51.488171,-0.021909,1869,1,Maritime Quay
E14 3QF,E14 3,live,e14-other,200006,,false,E05009324,Island Gardens,false,false,51.488524,-0.022542,1834,1,Maritime Quay
E14 3QG,E14 3,live,e14-other,199906,,false,E05009324,Island Gardens,false,false,51.488222,-0.021734,1862,8,Bering Square
E14 3QH,E14 3,live,e14-other,200006,,false,E05009324,Island Gardens,false,false,51.488745,-0.022892,1813,1,Maritime Quay
E14 3QJ,E14 3,live,e14-other,200006,,false,E05009324,Island Gardens,false,false,51.489015,-0.020749,1769,3,Westferry Road
E14 3QL,E14 3,live,e14-other,200302,,false,E05009324,Island Gardens,false,false,51.487093,-0.013443,2025,1,Westferry Road
E14 3QN,E14 3,live,e14-other,199906,,false,E05009324,Island Gardens,false,false,51.488822,-0.022658,1802,8,Torres Square
E14 3QP,E14 3,live,e14-other,199906,,false,E05009324,Island Gardens,false,false,51.489309,-0.020088,1735,1,Cahir Street
E14 3QQ,E14 3,live,e14-other,199812,,false,E05009324,Island Gardens,false,false,51.488673,-0.021801,1812,11,De Gama Place
E14 3QR,E14 3,live,e14-other,199101,,false,E05009324,Island Gardens,false,false,51.490201,-0.019084,1636,40,Cahir Street
E14 3QS,E14 3,live,cw-ward,199405,,false,E05009323,Canary Wharf,true,false,51.494323,-0.024624,1229,2,Westferry Road
E14 3QT,E14 3,live,e14-other,199101,,false,E05009324,Island Gardens,false,false,51.490606,-0.019628,1590,1,Cahir Street
E14 3QU,E14 3,live,e14-other,199101,,false,E05009324,Island Gardens,false,false,51.490228,-0.019616,1632,1,Cahir Street
E14 3QW,E14 3,live,e14-other,199906,,false,E05009324,Island Gardens,false,false,51.488786,-0.022113,1802,11,Magellan Place
E14 3QX,E14 3,live,e14-other,199101,,false,E05009324,Island Gardens,false,false,51.490415,-0.020054,1612,1,Cahir Street
E14 3QY,E14 3,live,e14-other,199101,,false,E05009324,Island Gardens,false,false,51.490052,-0.019868,1652,1,Cahir Street
E14 3QZ,E14 3,live,e14-other,199101,,false,E05009324,Island Gardens,false,false,51.489833,-0.020209,1677,1,Cahir Street
E14 3RA,E14 3,live,e14-other,199101,,false,E05009324,Island Gardens,false,false,51.490020,-0.020648,1657,1,Cahir Street
E14 3RB,E14 3,live,e14-other,199101,,false,E05009324,Island Gardens,false,false,51.489604,-0.020478,1703,1,Cahir Street
E14 3RD,E14 3,live,e14-other,199101,,false,E05009324,Island Gardens,false,false,51.489420,-0.020803,1725,1,Cahir Street
E14 3RE,E14 3,live,e14-other,199301,,false,E05009324,Island Gardens,false,false,51.489057,-0.023253,1782,1,Mast House Terrace
E14 3RF,E14 3,live,e14-other,199301,,false,E05009324,Island Gardens,false,false,51.489057,-0.023253,1782,1,Mast House Terrace
E14 3RG,E14 3,live,e14-other,199201,,false,E05009324,Island Gardens,false,false,51.489490,-0.022241,1725,2,Britannia Road
E14 3RH,E14 3,live,e14-other,199101,,false,E05009324,Island Gardens,false,false,51.489534,-0.021130,1713,4,Westferry Road
E14 3RJ,E14 3,live,e14-other,199201,,false,E05009324,Island Gardens,false,false,51.489154,-0.021549,1758,37,Vulcan Square
E14 3RL,E14 3,live,e14-other,199201,,false,E05009324,Island Gardens,false,false,51.489694,-0.022621,1706,27,Cutlers Square
E14 3RN,E14 3,live,e14-other,199301,,false,E05009324,Island Gardens,false,false,51.489608,-0.023388,1723,17,Mast House Terrace
E14 3RP,E14 3,live,cw-ward,199612,,false,E05009323,Canary Wharf,true,false,51.495317,-0.026526,1173,1,Arnhem Place
E14 3RQ,E14 3,live,e14-other,199101,,false,E05009324,Island Gardens,false,false,51.489451,-0.021565,1725,2,Westferry Road
E14 3RR,E14 3,live,e14-other,199512,,false,E05009324,Island Gardens,false,false,51.490533,-0.023290,1620,1,Westferry Road
E14 3RS,E14 3,live,e14-other,199101,,false,E05009324,Island Gardens,false,false,51.492167,-0.024199,1454,27,Westferry Road
E14 3RT,E14 3,live,e14-other,199512,,false,E05009324,Island Gardens,false,false,51.490872,-0.023693,1588,1,Westferry Road
E14 3RU,E14 3,live,cw-ward,199712,,false,E05009323,Canary Wharf,true,false,51.495012,-0.027606,1236,1,Arnhem Place
E14 3RW,E14 3,live,e14-other,199606,,false,E05009324,Island Gardens,false,false,51.490615,-0.023935,1619,25,Mast House Terrace
E14 3RX,E14 3,live,e14-other,199501,,false,E05009324,Island Gardens,false,false,51.491978,-0.023703,1467,11,Thames Circle
E14 3RY,E14 3,live,e14-other,199101,,false,E05009324,Island Gardens,false,false,51.491904,-0.024614,1489,4,Westferry Road
E14 3RZ,E14 3,terminated,terminated-other,199101,200308,true,E05009324,Island Gardens,false,false,51.491367,-0.024263,1542,,
E14 3SA,E14 3,live,e14-other,200006,,false,E05009324,Island Gardens,false,false,51.490321,-0.022997,1640,1,Westferry Road
E14 3SB,E14 3,live,e14-other,199101,,false,E05009324,Island Gardens,false,false,51.493518,-0.025408,1331,1,Westferry Road
E14 3SD,E14 3,live,e14-other,199101,,false,E05009324,Island Gardens,false,false,51.493450,-0.026737,1369,1,Westferry Road
E14 3SE,E14 3,live,e14-other,199101,,false,E05009324,Island Gardens,false,false,51.493445,-0.025873,1349,1,Westferry Road
E14 3SF,E14 3,live,e14-other,200505,,false,E05009324,Island Gardens,false,false,51.492168,-0.024833,1464,1,Westferry Road
E14 3SG,E14 3,live,cw-ward,199101,,true,E05009323,Canary Wharf,true,false,51.494792,-0.025757,1206,1,Westferry Road
E14 3SH,E14 3,live,e14-other,199612,,false,E05009324,Island Gardens,false,false,51.489612,-0.024166,1731,10,Ferguson Close
E14 3SJ,E14 3,live,e14-other,199612,,false,E05009324,Island Gardens,false,false,51.490182,-0.024890,1680,9,Ferguson Close
E14 3SL,E14 3,terminated,terminated-other,200112,200210,true,E05009327,Mile End,false,false,51.513198,-0.028275,1106,,
E14 3SN,E14 3,live,cw-ward,199712,,false,E05009323,Canary Wharf,true,false,51.494560,-0.025363,1220,11,Wateridge Close
E14 3SP,E14 3,live,e14-other,200401,,false,E05009324,Island Gardens,false,false,51.492116,-0.025440,1481,1,Crews Street
E14 3SQ,E14 3,live,e14-other,202107,,false,E05009318,Blackwall & Cubitt Town,false,false,51.497397,-0.008053,1153,2,Ovex Close
E14 3SR,E14 3,terminated,terminated-cw,199109,199507,true,E05009323,Canary Wharf,true,true,51.500518,-0.026172,673,,
E14 3SS,E14 3,live,cw-ward,200106,,false,E05009323,Canary Wharf,true,false,51.496093,-0.026680,1099,1,Arnhem Place
E14 3ST,E14 3,live,cw-ward,200106,,false,E05009323,Canary Wharf,true,false,51.496093,-0.026680,1099,1,Arnhem Place
E14 3SU,E14 3,live,e14-other,202107,,false,E05009318,Blackwall & Cubitt Town,false,false,51.497015,-0.007810,1195,2,Stewart Street
E14 3SW,E14 3,live,cw-ward,199712,,false,E05009323,Canary Wharf,true,false,51.494378,-0.026250,1261,17,Old Bellgate Place
E14 3SX,E14 3,live,cw-ward,200106,,false,E05009323,Canary Wharf,true,false,51.494241,-0.025593,1259,1,Old Bellgate Place
E14 3SY,E14 3,live,cw-ward,200106,,false,E05009323,Canary Wharf,true,false,51.494337,-0.027044,1287,1,Old Bellgate Place
E14 3SZ,E14 3,live,e14-other,202107,,false,E05009318,Blackwall & Cubitt Town,false,false,51.497583,-0.006849,1198,1,Ovex Close
E14 3TA,E14 3,live,e14-other,199201,,false,E05009324,Island Gardens,false,false,51.487429,-0.020573,1945,1,Burrells Wharf Square
E14 3TB,E14 3,live,e14-other,199201,,false,E05009324,Island Gardens,false,false,51.487429,-0.020573,1945,1,Burrells Wharf Square
E14 3TD,E14 3,live,e14-other,199201,,false,E05009324,Island Gardens,false,false,51.487911,-0.020364,1891,1,Burrells Wharf Square
E14 3TE,E14 3,terminated,terminated-other,200508,200609,true,E05009327,Mile End,false,false,51.513198,-0.028275,1106,,
E14 3TF,E14 3,terminated,terminated-other,200505,200605,true,E05009327,Mile End,false,false,51.513198,-0.028275,1106,,
E14 3TG,E14 3,live,e14-other,199501,,false,E05009324,Island Gardens,false,false,51.487861,-0.020064,1896,1,Burrells Wharf Square
E14 3TH,E14 3,live,e14-other,199201,,false,E05009324,Island Gardens,false,false,51.488111,-0.019434,1868,1,Burrells Wharf Square
E14 3TJ,E14 3,live,e14-other,199201,,false,E05009324,Island Gardens,false,false,51.487624,-0.019325,1922,2,Burrells Wharf Square
E14 3TL,E14 3,live,e14-other,199201,,false,E05009324,Island Gardens,false,false,51.487316,-0.019180,1956,1,Burrells Wharf Square
E14 3TN,E14 3,live,e14-other,199201,,false,E05009324,Island Gardens,false,false,51.487143,-0.019605,1976,1,Burrells Wharf Square
E14 3TP,E14 3,live,e14-other,199301,,false,E05009324,Island Gardens,false,false,51.488040,-0.018933,1876,1,Scott Russell Place
E14 3TQ,E14 3,live,e14-other,199109,,false,E05009324,Island Gardens,false,false,51.488291,-0.018331,1850,1,Transom Square
E14 3TR,E14 3,live,e14-other,199301,,false,E05009324,Island Gardens,false,false,51.488567,-0.019774,1817,1,Burrells Wharf Square
E14 3TS,E14 3,live,e14-other,200208,,false,E05009324,Island Gardens,false,false,51.492399,-0.026220,1467,1,Newton Place
E14 3TT,E14 3,live,e14-other,200206,,false,E05009324,Island Gardens,false,false,51.492820,-0.026678,1433,1,Newton Place
E14 3TU,E14 3,live,e14-other,200410,,false,E05009324,Island Gardens,false,false,51.491802,-0.026030,1526,1,Crews Street
E14 3TW,E14 3,live,e14-other,199201,,false,E05009324,Island Gardens,false,false,51.487143,-0.019605,1976,1,Burrells Wharf Square
E14 3TX,E14 3,live,e14-other,200411,,false,E05009324,Island Gardens,false,false,51.491802,-0.026030,1526,1,Crews Street
E14 3TY,E14 3,terminated,terminated-other,200504,200605,true,E05009327,Mile End,false,false,51.513198,-0.028275,1106,,
E14 3TZ,E14 3,terminated,terminated-other,200404,200705,true,E05009327,Mile End,false,false,51.513198,-0.028275,1106,,
E14 3UA,E14 3,live,e14-other,199101,,false,E05009324,Island Gardens,false,false,51.491556,-0.024802,1530,5,Cyclops Mews
E14 3UB,E14 3,live,e14-other,199101,,false,E05009324,Island Gardens,false,false,51.491415,-0.025499,1557,1,Homer Drive
E14 3UD,E14 3,live,e14-other,199101,,false,E05009324,Island Gardens,false,false,51.491710,-0.025386,1523,1,Homer Drive
E14 3UE,E14 3,live,e14-other,199101,,false,E05009324,Island Gardens,false,false,51.491415,-0.025499,1557,1,Homer Drive
E14 3UF,E14 3,live,e14-other,199101,,false,E05009324,Island Gardens,false,false,51.491415,-0.025499,1557,1,Homer Drive
E14 3UG,E14 3,live,e14-other,199101,,false,E05009324,Island Gardens,false,false,51.491415,-0.025499,1557,1,Homer Drive
E14 3UH,E14 3,live,e14-other,199101,,false,E05009324,Island Gardens,false,false,51.491415,-0.025499,1557,1,Homer Drive
E14 3UJ,E14 3,live,e14-other,199101,,false,E05009324,Island Gardens,false,false,51.491415,-0.025499,1557,1,Homer Drive
E14 3UL,E14 3,live,e14-other,199101,,false,E05009324,Island Gardens,false,false,51.491415,-0.025499,1557,1,Homer Drive
E14 3UN,E14 3,terminated,terminated-other,199201,199212,true,E05009324,Island Gardens,false,false,51.493183,-0.017845,1309,,
E14 3UP,E14 3,terminated,terminated-other,200504,201206,true,E05009327,Mile End,false,false,51.513198,-0.028275,1106,,
E14 3UQ,E14 3,live,e14-other,199101,,false,E05009324,Island Gardens,false,false,51.491415,-0.025499,1557,1,Homer Drive
E14 3UR,E14 3,terminated,terminated-other,199405,199501,true,E05009318,Blackwall & Cubitt Town,false,false,51.494834,-0.009130,1331,,
E14 3US,E14 3,terminated,terminated-other,200504,201812,true,E05009327,Mile End,false,false,51.513162,-0.028291,1103,,
E14 3UT,E14 3,terminated,terminated-other,200510,200603,true,E05009327,Mile End,false,false,51.513198,-0.028275,1106,,
E14 3UU,E14 3,live,e14-other,199101,,false,E05009318,Blackwall & Cubitt Town,false,false,51.495418,-0.007491,1345,6,Amsterdam Road
E14 3UW,E14 3,terminated,terminated-other,200311,201007,true,E05009327,Mile End,false,false,51.513198,-0.028275,1106,,
E14 3UX,E14 3,live,e14-other,199101,,false,E05009318,Blackwall & Cubitt Town,false,false,51.495206,-0.006650,1400,1,Amsterdam Road
E14 3UY,E14 3,live,e14-other,199101,,false,E05009318,Blackwall & Cubitt Town,false,false,51.494695,-0.006197,1464,1,Amsterdam Road
E14 3UZ,E14 3,live,e14-other,199101,,false,E05009318,Blackwall & Cubitt Town,false,false,51.494423,-0.005589,1514,2,Rembrandt Close
E14 3WA,E14 3,live,e14-other,199812,,false,E05009324,Island Gardens,false,false,51.486201,-0.013885,2117,3,St. Davids Square
E14 3WB,E14 3,live,e14-other,199812,,false,E05009324,Island Gardens,false,false,51.486786,-0.013946,2052,1,St. Davids Square
E14 3WD,E14 3,live,e14-other,199812,,false,E05009324,Island Gardens,false,false,51.486611,-0.014760,2061,1,St. Davids Square
E14 3WE,E14 3,live,e14-other,199812,,false,E05009324,Island Gardens,false,false,51.486194,-0.015585,2099,2,St. Davids Square
E14 3WF,E14 3,live,e14-other,199812,,false,E05009324,Island Gardens,false,false,51.486677,-0.015477,2046,1,St. Davids Square
E14 3WG,E14 3,live,e14-other,199812,,false,E05009324,Island Gardens,false,false,51.486806,-0.016178,2026,1,St. Davids Square
E14 3WH,E14 3,live,e14-other,199812,,false,E05009324,Island Gardens,false,false,51.487131,-0.015688,1995,1,St. Davids Square
E14 3WJ,E14 3,live,e14-other,200302,,false,E05009324,Island Gardens,false,false,51.487132,-0.013643,2018,1,St. Davids Square
E14 3WL,E14 3,terminated,terminated-other,200112,200201,true,E05009324,Island Gardens,false,false,51.487258,-0.016835,1971,,
E14 3WN,E14 3,live,e14-other,200006,,false,E05009324,Island Gardens,false,false,51.486956,-0.017064,2003,7,Langbourne Place
E14 3WP,E14 3,terminated,terminated-other,200112,200302,true,E05009327,Mile End,false,false,51.513198,-0.028275,1106,,
E14 3WQ,E14 3,live,e14-other,199812,,false,E05009324,Island Gardens,false,false,51.486352,-0.016457,2074,1,St. Davids Square
E14 3WR,E14 3,terminated,terminated-other,200112,200302,true,E05009327,Mile End,false,false,51.513198,-0.028275,1106,,
E14 3WS,E14 3,terminated,terminated-other,200112,202512,true,E05009327,Mile End,false,false,51.513162,-0.028291,1103,,
E14 3WT,E14 3,terminated,terminated-other,200206,200305,true,E05009327,Mile End,false,false,51.513198,-0.028275,1106,,
E14 3WU,E14 3,terminated,terminated-other,200206,200806,true,E05009327,Mile End,false,false,51.513198,-0.028275,1106,,
E14 3WW,E14 3,live,e14-other,200006,,false,E05009324,Island Gardens,false,false,51.487007,-0.017408,1996,6,Langbourne Place
E14 3WX,E14 3,terminated,terminated-other,200206,200709,true,E05009327,Mile End,false,false,51.513198,-0.028275,1106,,
E14 3WY,E14 3,terminated,terminated-other,200206,201005,true,E05009327,Mile End,false,false,51.513198,-0.028275,1106,,
E14 3WZ,E14 3,terminated,terminated-other,200206,200303,true,E05009327,Mile End,false,false,51.513198,-0.028275,1106,,
E14 3XA,E14 3,live,e14-other,199101,,false,E05009318,Blackwall & Cubitt Town,false,false,51.494423,-0.005589,1514,1,Rembrandt Close
E14 3XB,E14 3,live,e14-other,199101,,false,E05009318,Blackwall & Cubitt Town,false,false,51.493441,-0.008614,1482,8,Isambard Mews
E14 3XD,E14 3,live,e14-other,199101,,false,E05009318,Blackwall & Cubitt Town,false,false,51.493093,-0.009350,1491,6,St. James Mews
E14 3XE,E14 3,terminated,terminated-other,200106,200607,true,E05009327,Mile End,false,false,51.513198,-0.028275,1106,,
E14 3XF,E14 3,terminated,terminated-other,199612,200603,true,E05009327,Mile End,false,false,51.513198,-0.028275,1106,,
E14 3XG,E14 3,terminated,terminated-other,200405,200507,true,E05009327,Mile End,false,false,51.513198,-0.028275,1106,,
E14 3XH,E14 3,terminated,terminated-other,200309,200310,true,E05009327,Mile End,false,false,51.513198,-0.028275,1106,,
E14 3XJ,E14 3,terminated,terminated-other,200106,200205,true,E05009327,Mile End,false,false,51.513198,-0.028275,1106,,
E14 3XL,E14 3,terminated,terminated-other,200306,200509,true,E05009324,Island Gardens,false,false,51.490642,-0.014844,1619,,
E14 3XN,E14 3,terminated,terminated-other,200208,200308,true,E05009327,Mile End,false,false,51.513198,-0.028275,1106,,
E14 3XP,E14 3,terminated,terminated-other,200402,200604,true,E05009327,Mile End,false,false,51.513198,-0.028275,1106,,
E14 3XQ,E14 3,terminated,terminated-other,200207,200602,true,E05009327,Mile End,false,false,51.513198,-0.028275,1106,,
E14 3XR,E14 3,terminated,terminated-other,200212,201202,true,E05009327,Mile End,false,false,51.513198,-0.028275,1106,,
E14 3XS,E14 3,terminated,terminated-other,200304,201812,true,E05009327,Mile End,false,false,51.513162,-0.028291,1103,,
E14 3XT,E14 3,terminated,terminated-other,200205,200307,true,E05009327,Mile End,false,false,51.513198,-0.028275,1106,,
E14 3XU,E14 3,terminated,terminated-other,200605,200610,true,E05009327,Mile End,false,false,51.513198,-0.028275,1106,,
E14 3XW,E14 3,terminated,terminated-other,199606,200603,true,E05009327,Mile End,false,false,51.513198,-0.028275,1106,,
E14 3XX,E14 3,terminated,terminated-other,199706,200007,true,E05009324,Island Gardens,false,false,51.490642,-0.014844,1619,,
E14 3XY,E14 3,terminated,terminated-other,200401,200607,true,E05009327,Mile End,false,false,51.513198,-0.028275,1106,,
E14 3XZ,E14 3,terminated,terminated-other,200207,200308,true,E05009327,Mile End,false,false,51.513198,-0.028275,1106,,
E14 3YA,E14 3,terminated,terminated-other,200210,200311,true,E05009327,Mile End,false,false,51.513198,-0.028275,1106,,
E14 3YB,E14 3,terminated,terminated-other,199706,200603,true,E05009327,Mile End,false,false,51.513198,-0.028275,1106,,
E14 3YD,E14 3,terminated,terminated-other,200501,200601,true,E05009327,Mile End,false,false,51.513198,-0.028275,1106,,
E14 3YE,E14 3,terminated,terminated-other,199706,200603,true,E05009327,Mile End,false,false,51.513198,-0.028275,1106,,
E14 3YF,E14 3,terminated,terminated-other,200206,200803,true,E05009327,Mile End,false,false,51.513198,-0.028275,1106,,
E14 3YG,E14 3,terminated,terminated-other,199706,200603,true,E05009327,Mile End,false,false,51.513198,-0.028275,1106,,
E14 3YH,E14 3,live,cw-box-other-ward,199101,,false,E05009318,Blackwall & Cubitt Town,false,true,51.499108,-0.007647,1045,2,Folly Wall
E14 3YJ,E14 3,terminated,terminated-cw,200402,200507,true,E05009323,Canary Wharf,true,true,51.506153,-0.017959,175,,
E14 3YL,E14 3,terminated,terminated-other,199712,200403,true,E05009327,Mile End,false,false,51.513198,-0.028275,1106,,
E14 3YN,E14 3,terminated,terminated-other,199712,199912,true,E05009318,Blackwall & Cubitt Town,false,false,51.494254,-0.013592,1254,,
E14 3YP,E14 3,terminated,terminated-other,200302,200403,true,E05009327,Mile End,false,false,51.513198,-0.028275,1106,,
E14 3YQ,E14 3,terminated,terminated-other,200211,200603,true,E05009327,Mile End,false,false,51.513198,-0.028275,1106,,
E14 3YR,E14 3,terminated,terminated-other,199806,200702,true,E05009327,Mile End,false,false,51.513198,-0.028275,1106,,
E14 3YS,E14 3,terminated,terminated-other,199806,200101,true,E05009324,Island Gardens,false,false,51.490642,-0.014844,1619,,
E14 3YT,E14 3,terminated,terminated-other,200212,200603,true,E05009327,Mile End,false,false,51.513198,-0.028275,1106,,
E14 3YU,E14 3,terminated,terminated-other,200701,200810,true,E05009327,Mile End,false,false,51.513198,-0.028275,1106,,
E14 3YW,E14 3,terminated,terminated-other,200207,200305,true,E05009327,Mile End,false,false,51.513198,-0.028275,1106,,
E14 3YX,E14 3,terminated,terminated-other,199906,200603,true,E05009327,Mile End,false,false,51.513198,-0.028275,1106,,
E14 3YY,E14 3,terminated,terminated-other,200407,200509,true,E05009327,Mile End,false,false,51.513198,-0.028275,1106,,
E14 3YZ,E14 3,terminated,terminated-other,200207,200603,true,E05009327,Mile End,false,false,51.513198,-0.028275,1106,,
E14 3ZA,E14 3,terminated,terminated-other,200407,200602,true,E05009327,Mile End,false,false,51.513198,-0.028275,1106,,
E14 3ZB,E14 3,terminated,terminated-other,200006,200205,true,E05009327,Mile End,false,false,51.513198,-0.028275,1106,,
E14 3ZD,E14 3,terminated,terminated-other,200012,200210,true,E05009327,Mile End,false,false,51.513198,-0.028275,1106,,
E14 3ZE,E14 3,terminated,terminated-other,200012,200205,true,E05009327,Mile End,false,false,51.513198,-0.028275,1106,,
E14 3ZF,E14 3,terminated,terminated-other,200012,200205,true,E05009327,Mile End,false,false,51.513198,-0.028275,1106,,
E14 3ZG,E14 3,terminated,terminated-other,200012,200108,true,E05009327,Mile End,false,false,51.513198,-0.028275,1106,,
E14 3ZH,E14 3,terminated,terminated-other,200012,200603,true,E05009327,Mile End,false,false,51.513198,-0.028275,1106,,
E14 3ZJ,E14 3,terminated,terminated-other,200012,200205,true,E05009327,Mile End,false,false,51.513198,-0.028275,1106,,
E14 3ZL,E14 3,terminated,terminated-other,200106,200111,true,E05009327,Mile End,false,false,51.513198,-0.028275,1106,,
E14 3ZN,E14 3,terminated,terminated-other,200402,200507,true,E05009327,Mile End,false,false,51.513198,-0.028275,1106,,
E14 3ZP,E14 3,terminated,terminated-other,200112,200309,true,E05009327,Mile End,false,false,51.513198,-0.028275,1106,,
E14 3ZQ,E14 3,terminated,terminated-other,200012,200212,true,E05009327,Mile End,false,false,51.513198,-0.028275,1106,,
E14 3ZR,E14 3,terminated,terminated-other,200408,201007,true,E05009327,Mile End,false,false,51.513198,-0.028275,1106,,
E14 3ZS,E14 3,live,e14-other,202107,,false,E05009318,Blackwall & Cubitt Town,false,false,51.497269,-0.006862,1221,1,New Union Close
E14 3ZT,E14 3,live,cw-box-other-ward,202412,,false,E05009318,Blackwall & Cubitt Town,false,true,51.498211,-0.008853,1049,1,Stewart Street
E14 3ZU,E14 3,terminated,terminated-other,200502,200604,true,E05009327,Mile End,false,false,51.513198,-0.028275,1106,,
E14 3ZZ,E14 3,terminated,terminated-other,200409,200607,true,E05009327,Mile End,false,false,51.513198,-0.028275,1106,,
E14 4AA,E14 4,terminated,terminated-cw,199101,201307,true,E05009323,Canary Wharf,true,true,51.507210,-0.024600,437,,
E14 4AB,E14 4,terminated,terminated-cw,199101,201108,true,E05009323,Canary Wharf,true,true,51.507210,-0.024600,437,,
E14 4AD,E14 4,live,cw-core,200506,,false,E05009323,Canary Wharf,true,true,51.502985,-0.022088,279,1,Bank Street
E14 4AE,E14 4,live,cw-core,199912,,false,E05009323,Canary Wharf,true,true,51.507538,-0.022741,370,5,Hertsmere Road
E14 4AF,E14 4,live,cw-core,199912,,false,E05009323,Canary Wharf,true,true,51.507518,-0.022612,362,3,Hertsmere Road
E14 4AG,E14 4,terminated,terminated-cw,200907,201707,false,E05009323,Canary Wharf,true,true,51.504761,-0.023913,307,,
E14 4AH,E14 4,terminated,terminated-cw,199308,200103,true,E05009323,Canary Wharf,true,true,51.506022,-0.023484,303,,
E14 4AJ,E14 4,terminated,terminated-cw,200206,200509,true,E05009323,Canary Wharf,true,true,51.507210,-0.024600,437,,
E14 4AL,E14 4,live,cw-core,199201,,false,E05009323,Canary Wharf,true,true,51.507613,-0.024539,462,6,Hertsmere Road
E14 4AN,E14 4,live,cw-core,199906,,false,E05009323,Canary Wharf,true,true,51.507890,-0.022812,404,3,Hertsmere Road
E14 4AP,E14 4,live,cw-core,199712,,false,E05009323,Canary Wharf,true,true,51.505437,-0.024014,319,1,Westferry Circus
E14 4AQ,E14 4,terminated,terminated-cw,199412,199512,true,E05009323,Canary Wharf,true,true,51.506809,-0.025900,492,,
E14 4AR,E14 4,terminated,terminated-other,199501,200603,true,E05009327,Mile End,false,false,51.513198,-0.028275,1106,,
E14 4AS,E14 4,live,cw-core,199109,,false,E05009323,Canary Wharf,true,true,51.507627,-0.026441,569,3,Cannon Drive
E14 4AT,E14 4,terminated,terminated-cw,199101,199405,true,E05009318,Blackwall & Cubitt Town,false,true,51.499401,-0.013253,750,,
E14 4AU,E14 4,terminated,terminated-cw,199405,199412,true,E05009323,Canary Wharf,true,true,51.506809,-0.025900,492,,
E14 4AW,E14 4,live,cw-core,200106,,false,E05009323,Canary Wharf,true,true,51.507759,-0.021463,346,2,Hertsmere Road
E14 4AX,E14 4,live,cw-core,199912,,false,E05009323,Canary Wharf,true,true,51.507518,-0.022612,362,1,Hertsmere Road
E14 4AY,E14 4,live,cw-core,200006,,false,E05009323,Canary Wharf,true,true,51.507518,-0.022612,362,2,Hertsmere Road
E14 4AZ,E14 4,live,cw-core,200006,,false,E05009323,Canary Wharf,true,true,51.507518,-0.022612,362,,
E14 4BA,E14 4,terminated,terminated-cw,200402,201701,true,E05009323,Canary Wharf,true,true,51.505910,-0.021688,189,,
E14 4BB,E14 4,live,cw-core,199706,,true,E05009323,Canary Wharf,true,true,51.504640,-0.013558,413,1,North Colonnade
E14 4BD,E14 4,terminated,terminated-cw,200608,200903,false,E05009323,Canary Wharf,true,true,51.507210,-0.024600,437,,
E14 4BE,E14 4,terminated,terminated-cw,200811,201212,false,E05009323,Canary Wharf,true,true,51.505127,-0.024820,370,,
E14 4BF,E14 4,live,cw-core,201504,,false,E05009323,Canary Wharf,true,true,51.505910,-0.021688,189,2,Hertsmere Road West
E14 4BG,E14 4,live,cw-core,201711,,false,E05009323,Canary Wharf,true,true,51.503452,-0.024172,362,2,Bank Street
E14 4BH,E14 4,live,cw-core,202108,,false,E05009323,Canary Wharf,true,true,51.504455,-0.024993,385,1,Newfoundland Place
E14 4BJ,E14 4,live,cw-core,202107,,false,E05009323,Canary Wharf,true,true,51.504087,-0.025038,395,1,Newfoundland Place
E14 4BL,E14 4,live,cw-core,202109,,false,E05009323,Canary Wharf,true,true,51.504087,-0.025038,395,1,Newfoundland Place
E14 4BN,E14 4,live,cw-core,202107,,false,E05009323,Canary Wharf,true,true,51.504087,-0.025038,395,1,Newfoundland Place
E14 4BP,E14 4,live,cw-core,202107,,false,E05009323,Canary Wharf,true,true,51.504087,-0.025038,395,1,Newfoundland Place
E14 4BQ,E14 4,live,cw-core,202109,,false,E05009323,Canary Wharf,true,true,51.504087,-0.025038,395,1,Newfoundland Place
E14 4BS,E14 4,live,cw-core,202107,,false,E05009323,Canary Wharf,true,true,51.504087,-0.025038,395,1,Newfoundland Place
E14 4BT,E14 4,terminated,terminated-cw,199606,199906,true,E05009323,Canary Wharf,true,true,51.506022,-0.023484,303,,
E14 4BU,E14 4,terminated,terminated-cw,199606,199912,true,E05009323,Canary Wharf,true,true,51.506022,-0.023484,303,,
E14 4BW,E14 4,live,cw-core,202107,,false,E05009323,Canary Wharf,true,true,51.504087,-0.025038,395,1,Newfoundland Place
E14 4BX,E14 4,terminated,terminated-cw,199606,199906,true,E05009323,Canary Wharf,true,true,51.506022,-0.023484,303,,
E14 4BY,E14 4,terminated,terminated-cw,199606,200006,true,E05009323,Canary Wharf,true,true,51.506022,-0.023484,303,,
E14 4BZ,E14 4,terminated,terminated-cw,199606,199906,true,E05009323,Canary Wharf,true,true,51.506022,-0.023484,303,,
E14 4DA,E14 4,live,cw-core,199606,,false,E05009323,Canary Wharf,true,true,51.505929,-0.025462,430,4,Columbus Courtyard
E14 4DB,E14 4,live,cw-core,202110,,false,E05009323,Canary Wharf,true,true,51.504087,-0.025038,395,1,Newfoundland Place
E14 4DD,E14 4,live,cw-core,202510,,false,E05009323,Canary Wharf,true,true,51.503904,-0.023230,282,4,Bank Street
E14 4DE,E14 4,live,cw-core,201803,,false,E05009323,Canary Wharf,true,true,51.503448,-0.023365,313,,
E14 4DF,E14 4,terminated,terminated-cw,202207,202208,false,E05009323,Canary Wharf,true,true,51.503079,-0.021248,236,,
E14 4DH,E14 4,live,cw-core,199201,,false,E05009323,Canary Wharf,true,true,51.505911,-0.021702,190,2,Fisherman's Walk
E14 4DL,E14 4,terminated,terminated-cw,200207,201701,true,E05009323,Canary Wharf,true,true,51.505911,-0.021702,190,,
E14 4EB,E14 4,live,cw-core,199507,,false,E05009323,Canary Wharf,true,true,51.505182,-0.021676,154,1,Cabot Square
E14 4ED,E14 4,live,cw-core,200112,,false,E05009323,Canary Wharf,true,true,51.507109,-0.021290,275,2,Hertsmere Road
E14 4EE,E14 4,live,cw-core,199208,,false,E05009323,Canary Wharf,true,true,51.505871,-0.020954,148,2,Frobisher Passage
E14 4EF,E14 4,live,cw-core,200409,,false,E05009323,Canary Wharf,true,true,51.507248,-0.021010,281,2,Hertsmere Road
E14 4EG,E14 4,live,cw-core,200609,,false,E05009323,Canary Wharf,true,true,51.507121,-0.020958,267,2,Hertsmere Road
E14 4ER,E14 4,terminated,terminated-cw,199507,199706,true,E05009323,Canary Wharf,true,true,51.504841,-0.015898,250,,
E14 4EU,E14 4,live,cw-core,199501,,false,E05009323,Canary Wharf,true,true,51.505308,-0.021181,125,1,North Colonnade
E14 4EY,E14 4,live,cw-core,199201,,false,E05009323,Canary Wharf,true,true,51.505910,-0.021688,189,1,Cabot Square
E14 4GB,E14 4,terminated,terminated-cw,200106,201701,true,E05009323,Canary Wharf,true,true,51.505910,-0.021688,189,,
E14 4HA,E14 4,live,cw-core,201802,,true,E05009323,Canary Wharf,true,true,51.506569,-0.026083,493,1,Westferry Circus
E14 4HB,E14 4,terminated,terminated-cw,199501,202402,true,E05009323,Canary Wharf,true,true,51.506578,-0.026068,493,,
E14 4HD,E14 4,live,cw-core,199501,,false,E05009323,Canary Wharf,true,true,51.505921,-0.025535,434,15,Westferry Circus
E14 4HE,E14 4,live,cw-core,201310,,false,E05009323,Canary Wharf,true,true,51.505921,-0.025535,434,1,Westferry Circus
E14 4HH,E14 4,terminated,terminated-cw,199712,201211,true,E05009323,Canary Wharf,true,true,51.505929,-0.025477,431,,
E14 4HJ,E14 4,terminated,terminated-cw,199101,200805,true,E05009323,Canary Wharf,true,true,51.505127,-0.024820,370,,
E14 4HL,E14 4,terminated,terminated-cw,200012,200106,true,E05009323,Canary Wharf,true,true,51.505929,-0.025477,431,,
E14 4HR,E14 4,terminated,terminated-cw,200006,202607,true,E05009323,Canary Wharf,true,true,51.506578,-0.026068,493,1,Westferry Circus
E14 4HZ,E14 4,terminated,terminated-other,200801,200908,true,E05009327,Mile End,false,false,51.513198,-0.028275,1106,,
E14 4JA,E14 4,terminated,terminated-cw,199101,200904,false,E05009323,Canary Wharf,true,true,51.504064,-0.024693,373,,
E14 4JB,E14 4,terminated,terminated-cw,199101,201811,false,E05009323,Canary Wharf,true,true,51.503364,-0.023715,339,,
E14 4JD,E14 4,terminated,terminated-cw,199906,201012,true,E05009323,Canary Wharf,true,true,51.504064,-0.024693,373,,
E14 4JE,E14 4,terminated,terminated-cw,199109,200006,true,E05009323,Canary Wharf,true,true,51.503855,-0.022987,269,,
E14 4JF,E14 4,terminated,terminated-cw,199301,199812,true,E05009323,Canary Wharf,true,true,51.503863,-0.023477,299,,
E14 4JH,E14 4,terminated,terminated-cw,199501,200805,false,E05009323,Canary Wharf,true,true,51.503387,-0.021927,238,,
E14 4JL,E14 4,terminated,terminated-cw,199512,200308,true,E05009323,Canary Wharf,true,true,51.503855,-0.022987,269,,
E14 4JP,E14 4,terminated,terminated-cw,199906,201108,true,E05009323,Canary Wharf,true,true,51.503652,-0.024840,396,,
E14 4JU,E14 4,terminated,terminated-cw,199501,199612,true,E05009323,Canary Wharf,true,true,51.503166,-0.023176,320,,
E14 4JX,E14 4,terminated,terminated-cw,199405,200010,true,E05009323,Canary Wharf,true,true,51.504064,-0.024693,373,,
E14 4PA,E14 4,live,cw-core,199109,,false,E05009323,Canary Wharf,true,true,51.504458,-0.020886,108,2,Chancellor Passage
E14 4PH,E14 4,live,cw-core,199208,,false,E05009323,Canary Wharf,true,true,51.504514,-0.022051,182,3,Mackenzie Walk
E14 4PR,E14 4,terminated,terminated-cw,199301,199405,true,E05009323,Canary Wharf,true,true,51.504963,-0.023098,250,,
E14 4PS,E14 4,terminated,terminated-cw,199301,199405,true,E05009323,Canary Wharf,true,true,51.504963,-0.023098,250,,
E14 4PT,E14 4,terminated,terminated-cw,199301,199405,true,E05009323,Canary Wharf,true,true,51.504963,-0.023098,250,,
E14 4PU,E14 4,live,cw-core,201909,,false,E05009323,Canary Wharf,true,true,51.504532,-0.022079,184,1,South Colonnade
E14 4PX,E14 4,live,cw-core,199501,,false,E05009323,Canary Wharf,true,true,51.505182,-0.021662,153,,
E14 4PZ,E14 4,live,cw-core,199301,,false,E05009323,Canary Wharf,true,true,51.504514,-0.022051,182,4,South Colonnade
E14 4QA,E14 4,live,cw-core,199109,,true,E05009323,Canary Wharf,true,true,51.504805,-0.023854,303,4,Cabot Square
E14 4QB,E14 4,terminated,terminated-cw,199201,201701,true,E05009323,Canary Wharf,true,true,51.505911,-0.021702,190,,
E14 4QD,E14 4,terminated,terminated-cw,199606,202512,true,E05009323,Canary Wharf,true,true,51.504761,-0.023913,307,,
E14 4QF,E14 4,terminated,terminated-cw,199507,200304,false,E05009323,Canary Wharf,true,true,51.505181,-0.021633,151,,
E14 4QH,E14 4,terminated,terminated-cw,199201,199507,true,E05009323,Canary Wharf,true,true,51.502340,-0.027534,626,,
E14 4QJ,E14 4,terminated,terminated-cw,199201,202512,true,E05009323,Canary Wharf,true,true,51.505960,-0.023544,305,3,Cabot Square; North Quay Dock Footbridge
E14 4QL,E14 4,terminated,terminated-cw,199208,199512,true,E05009323,Canary Wharf,true,true,51.503214,-0.026055,492,,
E14 4QP,E14 4,terminated,terminated-cw,199501,201012,true,E05009323,Canary Wharf,true,true,51.506578,-0.026068,493,,
E14 4QQ,E14 4,live,cw-core,199806,,false,E05009323,Canary Wharf,true,true,51.504805,-0.023854,303,1,Cabot Square
E14 4QR,E14 4,terminated,terminated-cw,199501,202512,true,E05009323,Canary Wharf,true,true,51.505960,-0.023544,305,,
E14 4QS,E14 4,live,cw-core,199606,,false,E05009323,Canary Wharf,true,true,51.505182,-0.021662,153,6,Cabot Square
E14 4QT,E14 4,live,cw-core,199201,,false,E05009323,Canary Wharf,true,true,51.505088,-0.020931,102,25,Cabot Square
E14 4QU,E14 4,terminated,terminated-cw,199208,199212,true,E05009323,Canary Wharf,true,true,51.503214,-0.026055,492,,
E14 4QW,E14 4,live,cw-core,199706,,false,E05009323,Canary Wharf,true,true,51.504805,-0.023854,303,2,Cabot Square
E14 4QZ,E14 4,live,cw-core,199507,,false,E05009323,Canary Wharf,true,true,51.504805,-0.023854,303,,
E14 4SG,E14 4,live,cw-core,201804,,true,E05009323,Canary Wharf,true,true,51.503386,-0.024520,387,1,Bank Street
E14 4UA,E14 4,terminated,terminated-other,199612,200603,true,E05009327,Mile End,false,false,51.513198,-0.028275,1106,,
E14 4UB,E14 4,terminated,terminated-other,199612,200603,true,E05009327,Mile End,false,false,51.513198,-0.028275,1106,,
E14 4UD,E14 4,terminated,terminated-cw,199706,199812,true,E05009323,Canary Wharf,true,true,51.506022,-0.023484,303,,
E14 4UE,E14 4,terminated,terminated-other,199712,200603,true,E05009327,Mile End,false,false,51.513198,-0.028275,1106,,
E14 4UH,E14 4,terminated,terminated-other,199906,201007,true,E05009327,Mile End,false,false,51.513198,-0.028275,1106,,
E14 4UJ,E14 4,terminated,terminated-other,200006,200205,true,E05009327,Mile End,false,false,51.513198,-0.028275,1106,,
E14 4UL,E14 4,terminated,terminated-other,200006,200405,true,E05009327,Mile End,false,false,51.513198,-0.028275,1106,,
E14 4UN,E14 4,terminated,terminated-other,200012,200111,true,E05009327,Mile End,false,false,51.513198,-0.028275,1106,,
E14 4WA,E14 4,live,e14-other,200112,,true,E05009327,Mile End,false,false,51.513162,-0.028291,1103,,
E14 4WJ,E14 4,terminated,terminated-other,200207,201812,true,E05009327,Mile End,false,false,51.513162,-0.028291,1103,,
E14 4WQ,E14 4,terminated,terminated-other,200112,200806,true,E05009327,Mile End,false,false,51.513198,-0.028275,1106,,
E14 4WX,E14 4,live,e14-other,202108,,true,E05009327,Mile End,false,false,51.513162,-0.028291,1103,,
E14 4WY,E14 4,terminated,terminated-other,200408,200609,true,E05009327,Mile End,false,false,51.513198,-0.028275,1106,,
E14 4WZ,E14 4,terminated,terminated-other,200405,200408,true,E05009327,Mile End,false,false,51.513198,-0.028275,1106,,
E14 5AA,E14 5,live,cw-core,199201,,false,E05009323,Canary Wharf,true,true,51.504938,-0.019496,4,3,Canada Square
E14 5AB,E14 5,live,cw-core,199606,,true,E05009323,Canary Wharf,true,true,51.504938,-0.019496,4,6,Canada Square; Canada Place
E14 5AD,E14 5,terminated,terminated-cw,199109,201108,true,E05009323,Canary Wharf,true,true,51.504955,-0.019424,8,,
E14 5AE,E14 5,live,cw-core,199201,,true,E05009323,Canary Wharf,true,true,51.504938,-0.019496,4,,
E14 5AF,E14 5,terminated,terminated-cw,199201,201008,true,E05009323,Canary Wharf,true,true,51.504955,-0.019424,8,,
E14 5AG,E14 5,terminated,terminated-cw,199706,201301,true,E05009323,Canary Wharf,true,true,51.504955,-0.019424,8,,
E14 5AH,E14 5,live,cw-core,200006,,false,E05009323,Canary Wharf,true,true,51.504454,-0.017428,152,10,Canada Square; Canada Place
E14 5AJ,E14 5,live,cw-core,200205,,false,E05009323,Canary Wharf,true,true,51.504219,-0.019484,76,6,Reuters Plaza
E14 5AL,E14 5,live,cw-core,199812,,true,E05009323,Canary Wharf,true,true,51.504938,-0.019496,4,,
E14 5AN,E14 5,live,e14-other,202104,,true,E05009327,Mile End,false,false,51.513162,-0.028291,1103,,
E14 5AP,E14 5,live,cw-core,199405,,true,E05009323,Canary Wharf,true,true,51.504938,-0.019496,4,,
E14 5AQ,E14 5,live,cw-core,200207,,false,E05009323,Canary Wharf,true,true,51.505641,-0.018529,106,1,Canada Square
E14 5AR,E14 5,live,cw-core,201601,,false,E05009323,Canary Wharf,true,true,51.506133,-0.017816,180,17,Crossrail Place
E14 5AS,E14 5,live,cw-core,202211,,false,E05009323,Canary Wharf,true,true,51.505914,-0.016601,230,,
E14 5AT,E14 5,terminated,terminated-cw,199405,200905,true,E05009323,Canary Wharf,true,true,51.504955,-0.019424,8,,
E14 5AU,E14 5,terminated,terminated-cw,199405,201108,true,E05009323,Canary Wharf,true,true,51.504955,-0.019424,8,,
E14 5AW,E14 5,live,e14-other,199507,,true,E05009327,Mile End,false,false,51.513162,-0.028291,1103,,
E14 5AX,E14 5,live,cw-core,199906,,false,E05009323,Canary Wharf,true,true,51.504937,-0.019439,6,5,Canada Square
E14 5AY,E14 5,terminated,terminated-cw,199405,201108,true,E05009323,Canary Wharf,true,true,51.504955,-0.019424,8,,
E14 5AZ,E14 5,terminated,terminated-cw,199507,201108,true,E05009323,Canary Wharf,true,true,51.504955,-0.019424,8,,
E14 5BA,E14 5,terminated,terminated-other,202104,202602,true,E05009327,Mile End,false,false,51.513162,-0.028291,1103,,
E14 5BB,E14 5,terminated,terminated-other,199412,201502,true,E05009327,Mile End,false,false,51.513198,-0.028275,1106,,
E14 5BD,E14 5,terminated,terminated-other,202104,202602,true,E05009327,Mile End,false,false,51.513162,-0.028291,1103,,
E14 5BE,E14 5,terminated,terminated-other,199412,201502,true,E05009327,Mile End,false,false,51.513198,-0.028275,1106,,
E14 5BF,E14 5,live,cw-core,200508,,true,E05009323,Canary Wharf,true,true,51.502592,-0.016904,314,,
E14 5BG,E14 5,live,e14-other,199412,,true,E05009327,Mile End,false,false,51.513162,-0.028291,1103,,
E14 5BH,E14 5,terminated,terminated-other,199412,201811,true,E05009327,Mile End,false,false,51.513162,-0.028291,1103,,
E14 5BJ,E14 5,terminated,terminated-other,202002,202401,true,E05009327,Mile End,false,false,51.513162,-0.028291,1103,,
E14 5BL,E14 5,terminated,terminated-other,199412,201502,true,E05009327,Mile End,false,false,51.513198,-0.028275,1106,,
E14 5BN,E14 5,terminated,terminated-other,199412,201502,true,E05009327,Mile End,false,false,51.513198,-0.028275,1106,,
E14 5BP,E14 5,terminated,terminated-other,199501,200603,true,E05009327,Mile End,false,false,51.513198,-0.028275,1106,,
E14 5BQ,E14 5,live,e14-other,199412,,true,E05009327,Mile End,false,false,51.513162,-0.028291,1103,,
E14 5BS,E14 5,terminated,terminated-other,199507,201811,true,E05009327,Mile End,false,false,51.513162,-0.028291,1103,,
E14 5BT,E14 5,terminated,terminated-other,202008,202101,true,E05009327,Mile End,false,false,51.513162,-0.028291,1103,,
E14 5BU,E14 5,terminated,terminated-other,199501,201406,true,E05009327,Mile End,false,false,51.513198,-0.028275,1106,,
E14 5BW,E14 5,terminated,terminated-other,199412,201502,true,E05009327,Mile End,false,false,51.513198,-0.028275,1106,,
E14 5BX,E14 5,terminated,terminated-other,199501,201811,true,E05009327,Mile End,false,false,51.513162,-0.028291,1103,,
E14 5BY,E14 5,terminated,terminated-other,199501,201811,true,E05009327,Mile End,false,false,51.513162,-0.028291,1103,,
E14 5BZ,E14 5,terminated,terminated-other,199501,201812,true,E05009327,Mile End,false,false,51.513162,-0.028291,1103,,
E14 5DA,E14 5,live,cw-core,200604,,true,E05009323,Canary Wharf,true,true,51.502535,-0.019384,263,1,Bank Street
E14 5DB,E14 5,terminated,terminated-cw,200206,200311,true,E05009323,Canary Wharf,true,true,51.504027,-0.018801,109,,
E14 5DD,E14 5,terminated,terminated-other,199507,202607,true,E05009327,Mile End,false,false,51.513162,-0.028291,1103,,
E14 5DE,E14 5,terminated,terminated-other,199507,201007,true,E05009327,Mile End,false,false,51.513198,-0.028275,1106,,
E14 5DF,E14 5,terminated,terminated-other,199507,202607,true,E05009327,Mile End,false,false,51.513162,-0.028291,1103,,
E14 5DG,E14 5,terminated,terminated-other,199507,202607,true,E05009327,Mile End,false,false,51.513162,-0.028291,1103,,
E14 5DH,E14 5,terminated,terminated-cw,199512,199708,true,E05009328,Poplar,false,true,51.509076,-0.023842,554,,
E14 5DJ,E14 5,terminated,terminated-cw,199501,200402,true,E05009323,Canary Wharf,true,true,51.504955,-0.019424,8,,
E14 5DL,E14 5,terminated,terminated-cw,199501,200409,true,E05009323,Canary Wharf,true,true,51.504955,-0.019424,8,,
E14 5DN,E14 5,terminated,terminated-cw,200610,201301,true,E05009323,Canary Wharf,true,true,51.504143,-0.018234,122,,
E14 5DP,E14 5,terminated,terminated-cw,199507,200608,true,E05009323,Canary Wharf,true,true,51.504955,-0.019424,8,,
E14 5DQ,E14 5,terminated,terminated-other,199507,202607,true,E05009327,Mile End,false,false,51.513162,-0.028291,1103,,
E14 5DR,E14 5,terminated,terminated-cw,199806,201604,true,E05009323,Canary Wharf,true,true,51.504938,-0.019496,4,,
E14 5DS,E14 5,live,cw-core,199706,,true,E05009323,Canary Wharf,true,true,51.502714,-0.019348,244,,
E14 5DT,E14 5,terminated,terminated-cw,199308,201108,true,E05009323,Canary Wharf,true,true,51.504955,-0.019424,8,,
E14 5DU,E14 5,terminated,terminated-cw,200604,201211,true,E05009323,Canary Wharf,true,true,51.502552,-0.019340,262,,
E14 5DW,E14 5,terminated,terminated-cw,200704,202401,true,E05009323,Canary Wharf,true,true,51.502552,-0.019340,262,,
E14 5DX,E14 5,live,cw-core,199512,,true,E05009323,Canary Wharf,true,true,51.504938,-0.019496,4,,
E14 5DY,E14 5,live,cw-core,199706,,true,E05009323,Canary Wharf,true,true,51.504938,-0.019496,4,,
E14 5DZ,E14 5,terminated,terminated-cw,199712,200408,true,E05009323,Canary Wharf,true,true,51.504955,-0.019424,8,,
E14 5EA,E14 5,live,cw-core,199109,,false,E05009323,Canary Wharf,true,true,51.504438,-0.021305,136,2,Chancellor Passage
E14 5EB,E14 5,live,cw-core,201005,,false,E05009323,Canary Wharf,true,true,51.502552,-0.019340,262,,
E14 5ED,E14 5,terminated,terminated-cw,201005,202205,false,E05009323,Canary Wharf,true,true,51.502406,-0.018136,293,,
E14 5EE,E14 5,live,cw-core,200502,,false,E05009323,Canary Wharf,true,true,51.502669,-0.017174,296,1,Bank Street
E14 5EF,E14 5,terminated,terminated-cw,200511,201012,true,E05009323,Canary Wharf,true,true,51.505147,-0.014328,360,,
E14 5EG,E14 5,live,cw-core,200701,,true,E05009323,Canary Wharf,true,true,51.502714,-0.019348,244,,
E14 5EH,E14 5,live,cw-core,199208,,false,E05009323,Canary Wharf,true,true,51.504326,-0.020503,95,1,Mackenzie Walk
E14 5EJ,E14 5,live,cw-core,200702,,true,E05009323,Canary Wharf,true,true,51.502535,-0.019384,263,,
E14 5EL,E14 5,terminated,terminated-cw,200707,201402,true,E05009323,Canary Wharf,true,true,51.506796,-0.019805,212,,
E14 5EN,E14 5,terminated,terminated-cw,200801,202401,true,E05009323,Canary Wharf,true,true,51.502535,-0.019384,263,,
E14 5EP,E14 5,terminated,terminated-cw,200407,202308,true,E05009323,Canary Wharf,true,true,51.504351,-0.020430,89,,
E14 5EQ,E14 5,live,cw-core,200212,,false,E05009323,Canary Wharf,true,true,51.504623,-0.016268,226,6,Canada Square
E14 5ER,E14 5,live,cw-core,200112,,true,E05009323,Canary Wharf,true,true,51.504577,-0.016227,230,2,Canada Square
E14 5ES,E14 5,terminated,terminated-other,199501,200203,true,E05009327,Mile End,false,false,51.513198,-0.028275,1106,,
E14 5ET,E14 5,terminated,terminated-cw,199412,200806,true,E05009323,Canary Wharf,true,true,51.504326,-0.020503,95,,
E14 5EU,E14 5,live,cw-box-other-ward,201403,,true,E05009318,Blackwall & Cubitt Town,false,true,51.503757,-0.015066,333,2,Churchill Place
E14 5EW,E14 5,live,cw-core,200112,,true,E05009323,Canary Wharf,true,true,51.504577,-0.016227,230,8,Canada Square
E14 5EX,E14 5,terminated,terminated-cw,201005,201008,false,E05009323,Canary Wharf,true,true,51.504326,-0.020503,95,,
E14 5EY,E14 5,live,cw-box-other-ward,201505,,true,E05009318,Blackwall & Cubitt Town,false,true,51.503706,-0.014679,360,2,Churchill Place
E14 5EZ,E14 5,live,cw-core,199712,,false,E05009323,Canary Wharf,true,true,51.504316,-0.020446,93,6,South Colonnade; Mackenzie Walk
E14 5FA,E14 5,live,cw-core,200908,,true,E05009323,Canary Wharf,true,true,51.504938,-0.019496,4,,
E14 5FB,E14 5,terminated,terminated-other,199906,200709,true,E05009327,Mile End,false,false,51.513198,-0.028275,1106,,
E14 5FD,E14 5,terminated,terminated-other,199906,200709,true,E05009327,Mile End,false,false,51.513198,-0.028275,1106,,
E14 5FE,E14 5,terminated,terminated-other,199906,200709,true,E05009327,Mile End,false,false,51.513198,-0.028275,1106,,
E14 5FF,E14 5,terminated,terminated-other,199906,200709,true,E05009327,Mile End,false,false,51.513198,-0.028275,1106,,
E14 5FG,E14 5,terminated,terminated-other,199906,200709,true,E05009327,Mile End,false,false,51.513198,-0.028275,1106,,
E14 5FH,E14 5,terminated,terminated-other,199906,200603,true,E05009327,Mile End,false,false,51.513198,-0.028275,1106,,
E14 5FJ,E14 5,terminated,terminated-other,200106,200203,true,E05009327,Mile End,false,false,51.513198,-0.028275,1106,,
E14 5FL,E14 5,terminated,terminated-other,200006,200603,true,E05009327,Mile End,false,false,51.513198,-0.028275,1106,,
E14 5FN,E14 5,terminated,terminated-other,200012,200201,true,E05009327,Mile End,false,false,51.513198,-0.028275,1106,,
E14 5FP,E14 5,terminated,terminated-other,199912,200806,true,E05009327,Mile End,false,false,51.513198,-0.028275,1106,,
E14 5FQ,E14 5,terminated,terminated-other,199906,200709,true,E05009327,Mile End,false,false,51.513198,-0.028275,1106,,
E14 5FR,E14 5,terminated,terminated-other,199912,200806,true,E05009327,Mile End,false,false,51.513198,-0.028275,1106,,
E14 5FS,E14 5,terminated,terminated-other,199912,200806,true,E05009327,Mile End,false,false,51.513198,-0.028275,1106,,
E14 5FT,E14 5,terminated,terminated-other,199906,200603,true,E05009327,Mile End,false,false,51.513198,-0.028275,1106,,
E14 5FU,E14 5,live,cw-core,201502,,false,E05009323,Canary Wharf,true,true,51.505448,-0.016650,207,,
E14 5FW,E14 5,live,cw-core,200908,,false,E05009323,Canary Wharf,true,true,51.504864,-0.018822,47,7,Canada Square
E14 5FX,E14 5,terminated,terminated-other,199906,200603,true,E05009327,Mile End,false,false,51.513198,-0.028275,1106,,
E14 5FY,E14 5,terminated,terminated-other,200012,201812,true,E05009327,Mile End,false,false,51.513162,-0.028291,1103,,
E14 5FZ,E14 5,terminated,terminated-other,200012,201812,true,E05009327,Mile End,false,false,51.513162,-0.028291,1103,,
E14 5GA,E14 5,live,cw-box-other-ward,200205,,false,E05009318,Blackwall & Cubitt Town,false,true,51.505552,-0.010060,659,1,Boardwalk Place
E14 5GB,E14 5,live,cw-box-other-ward,200205,,false,E05009318,Blackwall & Cubitt Town,false,true,51.505502,-0.009760,679,1,Boardwalk Place
E14 5GD,E14 5,live,cw-box-other-ward,200205,,false,E05009318,Blackwall & Cubitt Town,false,true,51.505653,-0.009695,686,1,Boardwalk Place
E14 5GE,E14 5,live,cw-box-other-ward,200205,,false,E05009318,Blackwall & Cubitt Town,false,true,51.505703,-0.009981,667,1,Boardwalk Place
E14 5GH,E14 5,terminated,terminated-cw,200812,201301,true,E05009323,Canary Wharf,true,true,51.502619,-0.016902,311,,
E14 5GJ,E14 5,terminated,terminated-cw,200906,201703,false,E05009323,Canary Wharf,true,true,51.507088,-0.016867,304,,
E14 5GL,E14 5,live,cw-core,200905,,true,E05009323,Canary Wharf,true,true,51.505396,-0.016249,232,1,Canada Square
E14 5GN,E14 5,live,cw-core,201002,,true,E05009323,Canary Wharf,true,true,51.505338,-0.016021,246,1,North Colonnade
E14 5GP,E14 5,live,cw-core,201702,,false,E05009323,Canary Wharf,true,true,51.504577,-0.016227,230,,
E14 5GQ,E14 5,live,cw-core,201508,,false,E05009323,Canary Wharf,true,true,51.506739,-0.016997,268,,
E14 5GR,E14 5,live,cw-core,201405,,false,E05009323,Canary Wharf,true,true,51.507047,-0.017099,291,1,Upper Bank Street
E14 5GS,E14 5,live,cw-core,201408,,true,E05009323,Canary Wharf,true,true,51.504955,-0.019424,8,,
E14 5GT,E14 5,live,cw-core,201709,,false,E05009323,Canary Wharf,true,true,51.505047,-0.016912,180,29,Myers Walk
E14 5GU,E14 5,terminated,terminated-cw,201505,202401,true,E05009323,Canary Wharf,true,true,51.504413,-0.014519,350,,
E14 5GW,E14 5,live,cw-core,201609,,true,E05009323,Canary Wharf,true,true,51.502583,-0.016904,315,1,Upper Bank Street
E14 5GX,E14 5,live,cw-box-other-ward,201910,,false,E05009318,Blackwall & Cubitt Town,false,true,51.502783,-0.014907,396,13,Water Street
E14 5GY,E14 5,live,cw-box-other-ward,201809,,false,E05009318,Blackwall & Cubitt Town,false,true,51.503810,-0.013940,405,,
E14 5GZ,E14 5,live,cw-box-other-ward,202311,,false,E05009318,Blackwall & Cubitt Town,false,true,51.503116,-0.012803,505,1,Charter Street
E14 5HA,E14 5,live,cw-core,199109,,false,E05009323,Canary Wharf,true,true,51.505782,-0.020468,119,1,Frobisher Passage
E14 5HB,E14 5,terminated,terminated-cw,201005,201402,true,E05009323,Canary Wharf,true,true,51.505147,-0.014328,360,,
E14 5HD,E14 5,live,cw-core,199912,,false,E05009323,Canary Wharf,true,true,51.505703,-0.020083,98,1,North Colonnade
E14 5HE,E14 5,live,cw-box-other-ward,202109,,false,E05009318,Blackwall & Cubitt Town,false,true,51.502794,-0.015007,390,1,Water Street
E14 5HF,E14 5,live,cw-box-other-ward,202508,,false,E05009318,Blackwall & Cubitt Town,false,true,51.503872,-0.012842,476,1,Cartier Circle
E14 5HG,E14 5,terminated,terminated-cw,202207,202208,false,E05009318,Blackwall & Cubitt Town,false,true,51.504322,-0.012318,503,,
E14 5HH,E14 5,terminated,terminated-cw,200207,201207,true,E05009323,Canary Wharf,true,true,51.504955,-0.019424,8,,
E14 5HJ,E14 5,live,cw-box-other-ward,200904,,true,E05009318,Blackwall & Cubitt Town,false,true,51.503819,-0.013940,404,1,Churchill Place
E14 5HL,E14 5,live,cw-core,202304,,false,E05009323,Canary Wharf,true,true,51.503597,-0.019425,145,8,Bank Street
E14 5HN,E14 5,terminated,terminated-cw,201005,202403,true,E05009323,Canary Wharf,true,true,51.505147,-0.014328,360,,
E14 5HP,E14 5,live,cw-core,200501,,true,E05009323,Canary Wharf,true,true,51.504924,-0.014381,355,1,Churchill Place
E14 5HQ,E14 5,live,cw-core,200205,,true,E05009323,Canary Wharf,true,true,51.505532,-0.017395,162,1,Canada Square
E14 5HR,E14 5,terminated,terminated-cw,200706,200707,false,E05009323,Canary Wharf,true,true,51.505459,-0.017312,164,,
E14 5HS,E14 5,live,cw-core,199806,,true,E05009323,Canary Wharf,true,true,51.505761,-0.020296,110,2,North Colonnade
E14 5HT,E14 5,live,cw-core,201608,,false,E05009323,Canary Wharf,true,true,51.504733,-0.017488,141,,
E14 5HU,E14 5,live,cw-core,201106,,false,E05009323,Canary Wharf,true,true,51.504691,-0.013369,426,1,Churchill Place
E14 5HX,E14 5,live,cw-core,200511,,false,E05009323,Canary Wharf,true,true,51.505703,-0.020068,98,8,North Colonnade; South Colonnade; Mackenzie Walk
E14 5HY,E14 5,live,cw-core,201608,,false,E05009323,Canary Wharf,true,true,51.504577,-0.016227,230,,
E14 5HZ,E14 5,live,cw-core,200106,,false,E05009323,Canary Wharf,true,true,51.505761,-0.020296,110,1,North Colonnade
E14 5JA,E14 5,live,cw-box-other-ward,202508,,false,E05009318,Blackwall & Cubitt Town,false,true,51.507004,-0.009276,747,,
E14 5JB,E14 5,live,cw-box-other-ward,202508,,false,E05009318,Blackwall & Cubitt Town,false,true,51.507004,-0.009276,747,,
E14 5JD,E14 5,live,cw-box-other-ward,202508,,false,E05009318,Blackwall & Cubitt Town,false,true,51.507004,-0.009276,747,,
E14 5JE,E14 5,live,cw-box-other-ward,202508,,false,E05009318,Blackwall & Cubitt Town,false,true,51.507004,-0.009276,747,,
E14 5JF,E14 5,live,cw-box-other-ward,202508,,false,E05009318,Blackwall & Cubitt Town,false,true,51.507020,-0.010183,688,,
E14 5JG,E14 5,live,cw-box-other-ward,202607,,false,E05009318,Blackwall & Cubitt Town,false,true,51.507020,-0.010183,688,,
E14 5JJ,E14 5,live,cw-core,200309,,true,E05009323,Canary Wharf,true,true,51.502592,-0.016904,314,1,Upper Bank Street
E14 5JP,E14 5,live,cw-core,201108,,true,E05009323,Canary Wharf,true,true,51.502937,-0.020808,237,1,Bank Street
E14 5LB,E14 5,live,cw-core,200604,,true,E05009323,Canary Wharf,true,true,51.504065,-0.018410,120,2,Canada Square
E14 5LE,E14 5,terminated,terminated-cw,200310,201207,true,E05009323,Canary Wharf,true,true,51.502901,-0.020795,240,,
E14 5LG,E14 5,terminated,terminated-cw,200403,200404,false,E05009323,Canary Wharf,true,true,51.504027,-0.018801,109,,
E14 5LH,E14 5,live,cw-core,200304,,true,E05009323,Canary Wharf,true,true,51.503872,-0.016560,234,1,Canada Square
E14 5LJ,E14 5,live,cw-core,201804,,false,E05009323,Canary Wharf,true,true,51.503978,-0.017463,175,,
E14 5LL,E14 5,terminated,terminated-cw,200610,202401,true,E05009323,Canary Wharf,true,true,51.504083,-0.018366,120,,
E14 5LN,E14 5,terminated,terminated-cw,200601,201403,true,E05009323,Canary Wharf,true,true,51.505147,-0.014328,360,,
E14 5LP,E14 5,terminated,terminated-cw,200701,200701,false,E05009323,Canary Wharf,true,true,51.505147,-0.014328,360,,
E14 5LQ,E14 5,live,cw-core,200205,,false,E05009323,Canary Wharf,true,true,51.504143,-0.018234,122,1,Canada Square
E14 5LS,E14 5,terminated,terminated-cw,200811,201211,true,E05009323,Canary Wharf,true,true,51.502901,-0.020795,240,,
E14 5LT,E14 5,terminated,terminated-cw,200610,200701,true,E05009323,Canary Wharf,true,true,51.505147,-0.014328,360,,
E14 5NJ,E14 5,live,cw-core,200404,,true,E05009323,Canary Wharf,true,true,51.504057,-0.016840,207,,
E14 5NL,E14 5,terminated,terminated-cw,201005,201008,false,E05009323,Canary Wharf,true,true,51.503891,-0.016573,232,,
E14 5NN,E14 5,live,cw-core,200501,,false,E05009323,Canary Wharf,true,true,51.504067,-0.016883,204,4,Canada Square
E14 5NP,E14 5,live,cw-core,200309,,false,E05009323,Canary Wharf,true,true,51.502592,-0.016904,314,,
E14 5NQ,E14 5,terminated,terminated-cw,201301,201307,false,E05009323,Canary Wharf,true,true,51.502901,-0.020795,240,,
E14 5NR,E14 5,live,cw-core,200711,,false,E05009323,Canary Wharf,true,true,51.502714,-0.019348,244,3,Bank Street
E14 5NS,E14 5,live,cw-core,200304,,false,E05009323,Canary Wharf,true,true,51.502406,-0.018151,293,1,Bank Street
E14 5NT,E14 5,live,cw-core,200206,,true,E05009323,Canary Wharf,true,true,51.502388,-0.018123,296,1,Bank Street
E14 5NU,E14 5,terminated,terminated-cw,200705,201804,true,E05009323,Canary Wharf,true,true,51.502901,-0.020795,240,,
E14 5NW,E14 5,live,cw-core,201108,,false,E05009323,Canary Wharf,true,true,51.502647,-0.020143,255,2,Bank Street
E14 5NX,E14 5,terminated,terminated-cw,200907,201008,false,E05009323,Canary Wharf,true,true,51.502578,-0.018705,264,,
E14 5NY,E14 5,live,cw-core,200309,,false,E05009323,Canary Wharf,true,true,51.503070,-0.018583,213,34,Bank Street
E14 5NZ,E14 5,terminated,terminated-cw,200402,201012,true,E05009323,Canary Wharf,true,true,51.504955,-0.019424,8,,
E14 5RA,E14 5,terminated,terminated-cw,199812,200610,false,E05009323,Canary Wharf,true,true,51.504458,-0.013436,424,,
E14 5RB,E14 5,live,cw-core,200501,,false,E05009323,Canary Wharf,true,true,51.504413,-0.014519,350,8,Churchill Place
E14 5RD,E14 5,live,cw-core,200603,,true,E05009323,Canary Wharf,true,true,51.505088,-0.014518,346,1,Churchill Place
E14 5RE,E14 5,live,cw-box-other-ward,201406,,false,E05009318,Blackwall & Cubitt Town,false,true,51.503691,-0.014911,346,2,Churchill Place
E14 5RT,E14 5,terminated,terminated-other,200205,201812,true,E05009327,Mile End,false,false,51.513162,-0.028291,1103,,
E14 5SA,E14 5,terminated,terminated-cw,199101,199212,true,E05009323,Canary Wharf,true,true,51.505740,-0.015859,269,,
E14 5SE,E14 5,live,cw-box-other-ward,199812,,false,E05009318,Blackwall & Cubitt Town,false,true,51.505712,-0.010500,631,5,Boardwalk Place
E14 5SF,E14 5,live,cw-box-other-ward,200112,,false,E05009318,Blackwall & Cubitt Town,false,true,51.505074,-0.011075,585,2,Boardwalk Place
E14 5SG,E14 5,live,cw-box-other-ward,200012,,false,E05009318,Blackwall & Cubitt Town,false,true,51.504968,-0.009581,688,1,Boardwalk Place
E14 5SH,E14 5,live,cw-box-other-ward,199812,,false,E05009318,Blackwall & Cubitt Town,false,true,51.505978,-0.009768,686,9,Boardwalk Place
E14 5SP,E14 5,live,cw-box-other-ward,199507,,false,E05009318,Blackwall & Cubitt Town,false,true,51.507067,-0.009288,749,2,Trafalgar Way
E14 5SQ,E14 5,live,cw-box-other-ward,200012,,false,E05009318,Blackwall & Cubitt Town,false,true,51.505044,-0.010356,635,2,Boardwalk Place
E14 5ST,E14 5,live,cw-core,199109,,false,E05009323,Canary Wharf,true,true,51.506327,-0.013341,456,2,Trafalgar Way
E14 5SU,E14 5,terminated,terminated-cw,199101,201512,true,E05009323,Canary Wharf,true,true,51.506639,-0.014768,381,,
E14 5SW,E14 5,live,cw-core,201212,,false,E05009323,Canary Wharf,true,true,51.506327,-0.013341,456,1,Trafalgar Way
E14 5SX,E14 5,terminated,terminated-cw,199101,201212,true,E05009323,Canary Wharf,true,true,51.506324,-0.014767,365,,
E14 5SY,E14 5,terminated,terminated-cw,199208,199507,true,E05009323,Canary Wharf,true,true,51.507683,-0.024421,461,,
E14 5TA,E14 5,terminated,terminated-cw,199101,201804,true,E05009323,Canary Wharf,true,true,51.506336,-0.013326,457,,
E14 5TB,E14 5,terminated,terminated-cw,199101,199507,true,E05009323,Canary Wharf,true,true,51.507683,-0.024421,461,,
E14 5TD,E14 5,live,cw-core,199101,,true,E05009323,Canary Wharf,true,true,51.506327,-0.013341,456,1,Trafalgar Way
E14 5TE,E14 5,terminated,terminated-cw,199101,201212,true,E05009323,Canary Wharf,true,true,51.506324,-0.014767,365,,
E14 5TG,E14 5,terminated,terminated-cw,199101,201007,true,E05009323,Canary Wharf,true,true,51.506279,-0.011051,606,,
E14 5TH,E14 5,terminated,terminated-cw,199101,199507,true,E05009323,Canary Wharf,true,true,51.507683,-0.024421,461,,
E14 5TJ,E14 5,terminated,terminated-cw,199101,200108,true,E05009323,Canary Wharf,true,true,51.506324,-0.014767,365,,
E14 5TN,E14 5,terminated,terminated-cw,199101,202301,true,E05009323,Canary Wharf,true,true,51.506639,-0.014768,381,,
E14 5TQ,E14 5,live,cw-core,199101,,true,E05009323,Canary Wharf,true,true,51.506327,-0.013341,456,1,Trafalgar Way
E14 5UA,E14 5,terminated,terminated-other,199612,200305,true,E05009327,Mile End,false,false,51.513198,-0.028275,1106,,
E14 5UD,E14 5,terminated,terminated-other,199806,200704,true,E05009327,Mile End,false,false,51.513198,-0.028275,1106,,
E14 5UE,E14 5,terminated,terminated-other,199806,200203,true,E05009327,Mile End,false,false,51.513198,-0.028275,1106,,
E14 5UG,E14 5,terminated,terminated-other,199812,201302,true,E05009327,Mile End,false,false,51.513198,-0.028275,1106,,
E14 5UT,E14 5,terminated,terminated-other,199906,200709,true,E05009327,Mile End,false,false,51.513198,-0.028275,1106,,
E14 5UU,E14 5,terminated,terminated-other,199906,200611,true,E05009327,Mile End,false,false,51.513198,-0.028275,1106,,
E14 5UX,E14 5,terminated,terminated-other,199906,200611,true,E05009327,Mile End,false,false,51.513198,-0.028275,1106,,
E14 5UY,E14 5,terminated,terminated-other,199906,200611,true,E05009327,Mile End,false,false,51.513198,-0.028275,1106,,
E14 5UZ,E14 5,terminated,terminated-other,199906,200709,true,E05009327,Mile End,false,false,51.513198,-0.028275,1106,,
E14 5WA,E14 5,terminated,terminated-other,200911,201210,true,E05009327,Mile End,false,false,51.513198,-0.028275,1106,,
E14 5WB,E14 5,terminated,terminated-other,200310,200603,true,E05009327,Mile End,false,false,51.513198,-0.028275,1106,,
E14 5WD,E14 5,terminated,terminated-other,200311,201007,true,E05009327,Mile End,false,false,51.513198,-0.028275,1106,,
E14 5WE,E14 5,terminated,terminated-other,200705,200905,true,E05009327,Mile End,false,false,51.513198,-0.028275,1106,,
E14 5WF,E14 5,terminated,terminated-other,200403,201812,true,E05009327,Mile End,false,false,51.513162,-0.028291,1103,,
E14 5WG,E14 5,terminated,terminated-other,200407,201812,true,E05009327,Mile End,false,false,51.513162,-0.028291,1103,,
E14 5WJ,E14 5,terminated,terminated-other,200309,201409,true,E05009327,Mile End,false,false,51.513198,-0.028275,1106,,
E14 5WL,E14 5,terminated,terminated-other,200303,200806,true,E05009327,Mile End,false,false,51.513198,-0.028275,1106,,
E14 5WP,E14 5,terminated,terminated-other,200206,201812,true,E05009327,Mile End,false,false,51.513162,-0.028291,1103,,
E14 5WQ,E14 5,terminated,terminated-other,201504,201605,true,E05009327,Mile End,false,false,51.513162,-0.028291,1103,,
E14 5WR,E14 5,terminated,terminated-other,201607,201705,true,E05009327,Mile End,false,false,51.513162,-0.028291,1103,,
E14 5WS,E14 5,terminated,terminated-other,200704,200905,true,E05009327,Mile End,false,false,51.513198,-0.028275,1106,,
E14 5WT,E14 5,terminated,terminated-other,200502,200603,true,E05009327,Mile End,false,false,51.513198,-0.028275,1106,,
E14 5WU,E14 5,terminated,terminated-other,201402,201702,true,E05009327,Mile End,false,false,51.513162,-0.028291,1103,,
E14 5WW,E14 5,terminated,terminated-other,200501,200511,true,E05009327,Mile End,false,false,51.513198,-0.028275,1106,,
E14 5WX,E14 5,terminated,terminated-other,200409,200710,true,E05009327,Mile End,false,false,51.513198,-0.028275,1106,,
E14 5WY,E14 5,terminated,terminated-other,200408,200701,true,E05009327,Mile End,false,false,51.513198,-0.028275,1106,,
E14 5WZ,E14 5,terminated,terminated-other,200209,200404,true,E05009327,Mile End,false,false,51.513198,-0.028275,1106,,
E14 5XF,E14 5,live,e14-other,200305,,true,E05009327,Mile End,false,false,51.513162,-0.028291,1103,,
E14 5XL,E14 5,terminated,terminated-other,200205,200701,true,E05009327,Mile End,false,false,51.513198,-0.028275,1106,,
E14 5XT,E14 5,terminated,terminated-other,200407,201812,true,E05009327,Mile End,false,false,51.513162,-0.028291,1103,,
E14 5YB,E14 5,terminated,terminated-other,200311,200603,true,E05009327,Mile End,false,false,51.513198,-0.028275,1106,,
E14 5YF,E14 5,terminated,terminated-other,200407,201007,true,E05009327,Mile End,false,false,51.513198,-0.028275,1106,,
E14 6AA,E14 6,terminated,terminated-other,198001,199212,true,E05009325,Lansbury,false,false,51.512929,-0.015546,934,,
E14 6AB,E14 6,live,e14-other,198001,,true,E05009325,Lansbury,false,false,51.512090,-0.015381,849,2,Market Square
E14 6AD,E14 6,live,e14-other,198001,,false,E05009325,Lansbury,false,false,51.512391,-0.015627,875,1,Grundy Street
E14 6AE,E14 6,live,e14-other,198001,,false,E05009325,Lansbury,false,false,51.512284,-0.016742,843,1,Grundy Street
E14 6AF,E14 6,live,e14-other,200703,,false,E05009325,Lansbury,false,false,51.516109,-0.016374,1265,1,Godalming Road
E14 6AG,E14 6,terminated,terminated-other,198001,199806,false,E05009325,Lansbury,false,false,51.512437,-0.014617,904,,
E14 6AH,E14 6,live,e14-other,198001,,false,E05009325,Lansbury,false,false,51.513191,-0.015103,971,13,Market Way
E14 6AJ,E14 6,live,e14-other,198001,,false,E05009325,Lansbury,false,false,51.511674,-0.015788,796,1,Kerbey Street
E14 6AL,E14 6,live,e14-other,198001,,false,E05009325,Lansbury,false,false,51.513449,-0.017066,966,,
E14 6AN,E14 6,live,e14-other,198001,,false,E05009325,Lansbury,false,false,51.512555,-0.016312,880,3,Chilcot Close
E14 6AP,E14 6,terminated,terminated-other,198001,202106,false,E05009325,Lansbury,false,false,51.513571,-0.015735,999,,
E14 6AQ,E14 6,live,e14-other,198001,,false,E05009325,Lansbury,false,false,51.512868,-0.014612,949,9,Market Square
E14 6AR,E14 6,terminated,terminated-other,198001,202106,false,E05009325,Lansbury,false,false,51.513608,-0.015286,1012,,
E14 6AS,E14 6,live,e14-other,198001,,false,E05009325,Lansbury,false,false,51.513838,-0.018764,995,,
E14 6AT,E14 6,live,e14-other,198001,,false,E05009325,Lansbury,false,false,51.514077,-0.015857,1051,1,Cordelia Street
E14 6AU,E14 6,live,e14-other,198001,,false,E05009325,Lansbury,false,false,51.514655,-0.016581,1104,1,Carmen Street
E14 6AW,E14 6,live,e14-other,198001,,false,E05009325,Lansbury,false,false,51.512720,-0.015383,915,2,Kerbey Street
E14 6AX,E14 6,live,e14-other,198001,,false,E05009325,Lansbury,false,false,51.515216,-0.016744,1163,4,Carmen Street
E14 6AY,E14 6,live,e14-other,198001,,false,E05009325,Lansbury,false,false,51.515378,-0.017285,1175,1,Hobday Street
E14 6AZ,E14 6,live,e14-other,198001,,false,E05009325,Lansbury,false,false,51.515788,-0.017598,1218,1,Hobday Street
E14 6BA,E14 6,live,e14-other,198001,,false,E05009325,Lansbury,false,false,51.515247,-0.018573,1152,8,Ellesmere Street
E14 6BB,E14 6,live,e14-other,198001,,false,E05009325,Lansbury,false,false,51.516377,-0.017328,1285,1,Chrisp Street
E14 6BD,E14 6,terminated,terminated-other,198001,200203,false,E05009325,Lansbury,false,false,51.517355,-0.016694,1399,,
E14 6BE,E14 6,live,e14-other,198001,,false,E05009325,Lansbury,false,false,51.517884,-0.016614,1458,2,Barchester Street
E14 6BF,E14 6,live,e14-other,200601,,false,E05009325,Lansbury,false,false,51.517679,-0.018295,1424,2,Pioneer Close
E14 6BG,E14 6,live,e14-other,199712,,false,E05009325,Lansbury,false,false,51.517955,-0.017043,1462,6,Balladier Walk
E14 6BH,E14 6,live,e14-other,200501,,false,E05009325,Lansbury,false,false,51.517323,-0.019074,1382,1,Locksons Close
E14 6BJ,E14 6,terminated,terminated-other,198001,200702,false,E05009325,Lansbury,false,false,51.516115,-0.016244,1268,,
E14 6BL,E14 6,live,e14-other,198001,,false,E05009325,Lansbury,false,false,51.516552,-0.018142,1299,7,Brabazon Street
E14 6BN,E14 6,live,e14-other,198001,,false,E05009325,Lansbury,false,false,51.515873,-0.018416,1223,22,Brabazon Street
E14 6BP,E14 6,live,e14-other,198001,,false,E05009325,Lansbury,false,false,51.511496,-0.013750,835,1,Vesey Path
E14 6BQ,E14 6,live,e14-other,198001,,false,E05009325,Lansbury,false,false,51.516467,-0.018924,1287,6,Broomfield Street
E14 6BS,E14 6,live,e14-other,198001,,false,E05009325,Lansbury,false,false,51.511604,-0.015359,799,1,Market Square
E14 6BT,E14 6,live,e14-other,198001,,false,E05009325,Lansbury,false,false,51.511725,-0.014547,833,8,Vesey Path
E14 6BU,E14 6,live,e14-other,198001,,false,E05009325,Lansbury,false,false,51.512138,-0.014500,876,1,Market Square
E14 6BW,E14 6,live,e14-other,198001,,false,E05009325,Lansbury,false,false,51.511889,-0.014107,863,1,Vesey Path
E14 6BX,E14 6,live,e14-other,200410,,false,E05009325,Lansbury,false,false,51.517150,-0.018909,1363,7,Broomfield Street
E14 6BY,E14 6,terminated,terminated-other,198001,200108,true,E05009325,Lansbury,false,false,51.511834,-0.014081,858,,
E14 6BZ,E14 6,live,e14-other,198001,,false,E05009325,Lansbury,false,false,51.515723,-0.018048,1208,2,Alton Street
E14 6DA,E14 6,live,e14-other,198001,,false,E05009325,Lansbury,false,false,51.511361,-0.016422,750,3,East India Dock Road
E14 6DB,E14 6,live,e14-other,198402,,false,E05009325,Lansbury,false,false,51.511563,-0.016110,777,8,Sturry Street
E14 6DD,E14 6,terminated,terminated-other,199002,199612,true,E05009328,Poplar,false,false,51.510306,-0.019984,602,,
E14 6DE,E14 6,live,e14-other,198001,,false,E05009325,Lansbury,false,false,51.511159,-0.018275,701,2,East India Dock Road
E14 6DF,E14 6,live,e14-other,198001,,true,E05009325,Lansbury,false,false,51.511377,-0.018943,721,5,East India Dock Road
E14 6DG,E14 6,terminated,terminated-other,201002,201101,true,E05009327,Mile End,false,false,51.513198,-0.028275,1106,,
E14 6DH,E14 6,live,e14-other,198001,,false,E05009325,Lansbury,false,false,51.511401,-0.018236,728,1,Jeremiah Street
E14 6DJ,E14 6,live,e14-other,198001,,false,E05009325,Lansbury,false,false,51.511588,-0.018141,750,5,Rigden Street
E14 6DL,E14 6,live,e14-other,198001,,false,E05009325,Lansbury,false,false,51.511817,-0.017857,778,4,Duff Street
E14 6DN,E14 6,live,e14-other,198001,,false,E05009325,Lansbury,false,false,51.512515,-0.018159,852,2,Bygrove Street
E14 6DP,E14 6,live,e14-other,201103,,false,E05009325,Lansbury,false,false,51.511897,-0.019410,778,1,Annabel Close
E14 6DQ,E14 6,live,e14-other,200908,,false,E05009327,Mile End,false,false,51.511697,-0.024607,835,2,East India Dock Road
E14 6DR,E14 6,live,e14-other,198001,,false,E05009325,Lansbury,false,false,51.512032,-0.017819,802,17,Grundy Street
E14 6DS,E14 6,terminated,terminated-other,198001,199507,false,E05009325,Lansbury,false,false,51.511205,-0.019945,702,,
E14 6DT,E14 6,live,e14-other,198001,,false,E05009325,Lansbury,false,false,51.514682,-0.019780,1088,2,Upper North Street
E14 6DU,E14 6,live,e14-other,198001,,false,E05009325,Lansbury,false,false,51.511588,-0.020289,746,8,Upper North Street
E14 6DW,E14 6,live,e14-other,198001,,false,E05009325,Lansbury,false,false,51.512568,-0.017565,863,3,Elizabeth Close
E14 6DX,E14 6,live,e14-other,200711,,false,E05009325,Lansbury,false,false,51.513097,-0.019070,912,2,Flora Close
E14 6DY,E14 6,live,e14-other,198001,,false,E05009325,Lansbury,false,false,51.514240,-0.019165,1039,1,Augusta Street
E14 6DZ,E14 6,live,e14-other,198001,,false,E05009325,Lansbury,false,false,51.513522,-0.019253,959,6,Cordelia Street
E14 6EA,E14 6,live,e14-other,198001,,false,E05009325,Lansbury,false,false,51.514317,-0.018383,1050,1,Giraud Street
E14 6EB,E14 6,live,e14-other,198001,,false,E05009325,Lansbury,false,false,51.514842,-0.018029,1110,1,Giraud Street
E14 6ED,E14 6,live,e14-other,198001,,false,E05009325,Lansbury,false,false,51.513852,-0.017481,1005,2,Cordelia Street
E14 6EE,E14 6,live,e14-other,198001,,false,E05009325,Lansbury,false,false,51.514690,-0.017545,1097,1,Giraud Street
E14 6EF,E14 6,live,e14-other,198001,,false,E05009325,Lansbury,false,false,51.514195,-0.017538,1043,1,Giraud Street
E14 6EG,E14 6,live,e14-other,198001,,false,E05009325,Lansbury,false,false,51.513269,-0.018616,933,1,Ricardo Street
E14 6EH,E14 6,live,e14-other,199712,,false,E05009325,Lansbury,false,false,51.512441,-0.019675,839,1,Upper North Street
E14 6EJ,E14 6,live,e14-other,198307,,false,E05009325,Lansbury,false,false,51.511519,-0.017222,753,22,Plimsoll Close
E14 6EL,E14 6,live,e14-other,199405,,false,E05009325,Lansbury,false,false,51.515136,-0.019500,1138,3,Upper North Street
E14 6EN,E14 6,live,e14-other,200801,,false,E05009325,Lansbury,false,false,51.513279,-0.019725,932,5,Upper North Street
E14 6EP,E14 6,live,e14-other,198001,,false,E05009327,Mile End,false,false,51.512191,-0.021358,821,1,Canton Street
E14 6EQ,E14 6,live,e14-other,198001,,false,E05009325,Lansbury,false,false,51.512767,-0.017672,884,4,Ricardo Street
E14 6ER,E14 6,terminated,terminated-other,198001,200508,true,E05009325,Lansbury,false,false,51.513091,-0.020843,916,,
E14 6ES,E14 6,live,e14-other,198001,,false,E05009327,Mile End,false,false,51.512062,-0.024361,865,1,Canton Street
E14 6ET,E14 6,live,e14-other,200911,,false,E05009325,Lansbury,false,false,51.514808,-0.014427,1157,1,Chrisp Street
E14 6EU,E14 6,live,e14-other,198001,,false,E05009327,Mile End,false,false,51.511147,-0.021302,706,1,Upper North Street
E14 6EW,E14 6,live,e14-other,200801,,false,E05009325,Lansbury,false,false,51.513181,-0.019830,921,1,Upper North Street
E14 6EX,E14 6,live,e14-other,198001,,false,E05009327,Mile End,false,false,51.512031,-0.022028,812,1,Saracen Street
E14 6EY,E14 6,live,e14-other,198001,,false,E05009327,Mile End,false,false,51.511629,-0.022146,770,1,Saracen Street
E14 6EZ,E14 6,live,e14-other,198001,,false,E05009327,Mile End,false,false,51.511898,-0.021053,786,3,Pekin Street
E14 6FA,E14 6,live,e14-other,201307,,false,E05009325,Lansbury,false,false,51.513652,-0.013065,1071,1,Hay Currie Street
E14 6FB,E14 6,live,e14-other,201111,,false,E05009325,Lansbury,false,false,51.518638,-0.009633,1674,4,Wellspring Close
E14 6FD,E14 6,live,e14-other,201002,,false,E05009325,Lansbury,false,false,51.516961,-0.015717,1367,1,Fawe Street
E14 6FE,E14 6,live,e14-other,201003,,false,E05009325,Lansbury,false,false,51.517154,-0.015435,1392,3,Fawe Street
E14 6FF,E14 6,live,e14-other,201509,,false,E05009325,Lansbury,false,false,51.516276,-0.015603,1294,2,Morris Road
E14 6FG,E14 6,live,e14-other,201003,,false,E05009325,Lansbury,false,false,51.516757,-0.015351,1350,4,Rifle Street
E14 6FH,E14 6,live,e14-other,201003,,false,E05009325,Lansbury,false,false,51.516921,-0.014955,1374,1,Rifle Street
E14 6FL,E14 6,live,e14-other,201206,,false,E05009325,Lansbury,false,false,51.512484,-0.021143,851,7,Canton Street
E14 6FN,E14 6,live,e14-other,201206,,false,E05009325,Lansbury,false,false,51.512773,-0.021750,889,3,Edward Mills Way
E14 6FP,E14 6,terminated,terminated-other,201206,201301,false,E05009325,Lansbury,false,false,51.513044,-0.021811,920,,
E14 6FQ,E14 6,live,e14-other,201206,,false,E05009325,Lansbury,false,false,51.513142,-0.021763,930,1,New Festival Avenue
E14 6FR,E14 6,terminated,terminated-other,202503,202505,false,E05009325,Lansbury,false,false,51.513127,-0.021375,924,,
E14 6FS,E14 6,live,e14-other,201403,,false,E05009325,Lansbury,false,false,51.513131,-0.021086,922,1,New Festival Avenue
E14 6FT,E14 6,live,e14-other,201206,,false,E05009325,Lansbury,false,false,51.512897,-0.021111,896,1,New Festival Avenue
E14 6FU,E14 6,live,e14-other,201509,,false,E05009325,Lansbury,false,false,51.513885,-0.024196,1051,1,Lindfield Street
E14 6FW,E14 6,live,e14-other,201206,,false,E05009325,Lansbury,false,false,51.512664,-0.021135,871,1,New Festival Avenue
E14 6FX,E14 6,live,e14-other,201506,,false,E05009325,Lansbury,false,false,51.513093,-0.020425,913,1,Epstein Square
E14 6FY,E14 6,live,e14-other,201205,,false,E05009325,Lansbury,false,false,51.512713,-0.020341,871,3,Upper North Street
E14 6FZ,E14 6,live,e14-other,201205,,false,E05009325,Lansbury,false,false,51.519432,-0.014024,1660,2,Brushwood Close
E14 6GA,E14 6,live,e14-other,201205,,false,E05009325,Lansbury,false,false,51.519547,-0.013341,1684,1,Mallory Close
E14 6GB,E14 6,live,e14-other,201205,,false,E05009325,Lansbury,false,false,51.519373,-0.013681,1660,4,Uamvar Street
E14 6GD,E14 6,live,e14-other,200802,,false,E05009325,Lansbury,false,false,51.513097,-0.019603,912,4,Ricardo Street
E14 6GE,E14 6,live,e14-other,201205,,false,E05009325,Lansbury,false,false,51.519641,-0.013597,1690,1,Hilary Mews
E14 6GF,E14 6,live,e14-other,201307,,false,E05009325,Lansbury,false,false,51.513652,-0.013065,1071,1,Hay Currie Street
E14 6GG,E14 6,live,e14-other,201309,,false,E05009325,Lansbury,false,false,51.514391,-0.014777,1105,3,Chrisp Street
E14 6GH,E14 6,live,e14-other,201301,,false,E05009325,Lansbury,false,false,51.514193,-0.014771,1084,1,Cordelia Street
E14 6GJ,E14 6,live,e14-other,201209,,false,E05009325,Lansbury,false,false,51.514113,-0.015351,1064,10,Equinox Square
E14 6GL,E14 6,live,e14-other,201303,,false,E05009325,Lansbury,false,false,51.515906,-0.020317,1225,1,Broomfield Street
E14 6GN,E14 6,live,e14-other,201402,,false,E05009325,Lansbury,false,false,51.515053,-0.013508,1203,3,Hay Currie Street
E14 6GP,E14 6,live,e14-other,201402,,false,E05009325,Lansbury,false,false,51.513537,-0.021703,973,1,Lindfield Street
E14 6GQ,E14 6,live,e14-other,200304,,false,E05009325,Lansbury,false,false,51.518907,-0.014321,1599,1,Uamvar Street
E14 6GR,E14 6,live,e14-other,200304,,false,E05009325,Lansbury,false,false,51.519109,-0.014557,1617,1,Brushwood Close
E14 6GS,E14 6,live,e14-other,201401,,false,E05009325,Lansbury,false,false,51.513558,-0.021356,971,1,Jonzen Walk
E14 6GT,E14 6,live,e14-other,201411,,false,E05009325,Lansbury,false,false,51.513487,-0.020869,960,1,Lindfield Street
E14 6GU,E14 6,live,e14-other,201505,,false,E05009325,Lansbury,false,false,51.513343,-0.020342,941,1,Upper North Street
E14 6GW,E14 6,live,e14-other,201504,,false,E05009325,Lansbury,false,false,51.513524,-0.020392,961,1,Upper North Street
E14 6GX,E14 6,live,e14-other,201408,,false,E05009325,Lansbury,false,false,51.515058,-0.015396,1165,1,Chrisp Street
E14 6GY,E14 6,live,e14-other,201412,,false,E05009325,Lansbury,false,false,51.515297,-0.016236,1178,1,Bowen Street
E14 6GZ,E14 6,live,e14-other,201409,,false,E05009325,Lansbury,false,false,51.515236,-0.015835,1177,1,Carter Square
E14 6HA,E14 6,live,e14-other,198001,,false,E05009327,Mile End,false,false,51.511664,-0.021582,766,8,Pekin Close
E14 6HB,E14 6,live,e14-other,198001,,false,E05009327,Mile End,false,false,51.511330,-0.020963,722,1,Upper North Street
E14 6HD,E14 6,live,e14-other,198001,,false,E05009327,Mile End,false,false,51.511388,-0.021738,738,1,Saracen Street
E14 6HE,E14 6,live,e14-other,198001,,false,E05009327,Mile End,false,false,51.511314,-0.022145,737,1,Saracen Street
E14 6HF,E14 6,live,e14-other,198001,,false,E05009327,Mile End,false,false,51.511382,-0.022964,760,1,East India Dock Road
E14 6HG,E14 6,live,e14-other,198001,,false,E05009327,Mile End,false,false,51.511663,-0.022577,782,1,Saracen Street
E14 6HH,E14 6,live,e14-other,198001,,false,E05009327,Mile End,false,false,51.511555,-0.024167,808,1,East India Dock Road
E14 6HJ,E14 6,live,e14-other,198001,,false,E05009327,Mile End,false,false,51.512161,-0.022800,839,1,Saracen Street
E14 6HL,E14 6,live,e14-other,198001,,false,E05009327,Mile End,false,false,51.512109,-0.023408,846,1,Canton Street
E14 6HN,E14 6,live,e14-other,198001,,false,E05009327,Mile End,false,false,51.512506,-0.024054,903,1,Gough Walk
E14 6HP,E14 6,live,e14-other,198001,,false,E05009327,Mile End,false,false,51.513021,-0.023109,937,3,Hind Grove
E14 6HQ,E14 6,live,e14-other,198001,,false,E05009327,Mile End,false,false,51.511678,-0.023470,803,1,East India Dock Road
E14 6HR,E14 6,live,e14-other,198001,,false,E05009327,Mile End,false,false,51.512685,-0.022907,897,1,Gough Walk
E14 6HS,E14 6,live,e14-other,198001,,false,E05009327,Mile End,false,false,51.513618,-0.023876,1016,1,Lindfield Street
E14 6HT,E14 6,live,e14-other,198001,,false,E05009327,Mile End,false,false,51.513531,-0.022986,990,2,Hind Grove
E14 6HU,E14 6,live,e14-other,198001,,false,E05009327,Mile End,false,false,51.513002,-0.024104,956,1,Hind Grove
E14 6HW,E14 6,live,e14-other,198001,,false,E05009327,Mile End,false,false,51.512743,-0.022112,891,1,Saracen Street
E14 6HX,E14 6,terminated,terminated-other,199405,200806,false,E05009327,Mile End,false,false,51.511750,-0.024548,839,,
E14 6HY,E14 6,live,e14-other,201408,,false,E05009325,Lansbury,false,false,51.515258,-0.015503,1185,1,Chrisp Street
E14 6HZ,E14 6,live,e14-other,201410,,false,E05009325,Lansbury,false,false,51.513091,-0.012369,1037,8,Cawdor Walk
E14 6JA,E14 6,live,e14-other,200504,,false,E05009327,Mile End,false,false,51.514660,-0.023759,1125,1,Stainsby Road
E14 6JB,E14 6,live,e14-other,200504,,false,E05009327,Mile End,false,false,51.514847,-0.023650,1143,1,Stainsby Road
E14 6JD,E14 6,live,e14-other,200504,,false,E05009327,Mile End,false,false,51.515025,-0.023541,1160,1,Stainsby Road
E14 6JE,E14 6,live,e14-other,198001,,false,E05009328,Poplar,false,false,51.511078,-0.024663,775,5,East India Dock Road
E14 6JF,E14 6,live,e14-other,200504,,false,E05009327,Mile End,false,false,51.515203,-0.023461,1178,1,Stainsby Road
E14 6JG,E14 6,live,e14-other,198001,,false,E05009327,Mile End,false,false,51.512291,-0.025720,929,3,Canton Street
E14 6JH,E14 6,live,e14-other,198001,,false,E05009328,Poplar,false,false,51.510998,-0.023672,737,1,East India Dock Road
E14 6JJ,E14 6,live,e14-other,198001,,false,E05009328,Poplar,false,false,51.511461,-0.026607,881,3,East India Dock Road
E14 6JL,E14 6,live,e14-other,200504,,false,E05009327,Mile End,false,false,51.515426,-0.023870,1209,1,Stainsby Road
E14 6JN,E14 6,live,e14-other,200504,,false,E05009327,Mile End,false,false,51.515408,-0.023856,1207,1,Stainsby Road
E14 6JP,E14 6,live,e14-other,198001,,false,E05009327,Mile End,false,false,51.513858,-0.024730,1060,12,Stainsby Road
E14 6JQ,E14 6,live,e14-other,198001,,false,E05009328,Poplar,false,false,51.510744,-0.021968,672,1,East India Dock Road
E14 6JR,E14 6,live,e14-other,201507,,false,E05009325,Lansbury,false,false,51.514116,-0.024056,1073,2,Stainsby Road
E14 6JS,E14 6,live,e14-other,200504,,false,E05009327,Mile End,false,false,51.515046,-0.024794,1187,2,Stainsby Road
E14 6JT,E14 6,terminated,terminated-other,198001,200305,true,E05009327,Mile End,false,false,51.515253,-0.024281,1198,,
E14 6JW,E14 6,live,e14-other,198001,,false,E05009327,Mile End,false,false,51.511925,-0.025347,880,1,Canton Street
E14 6JX,E14 6,terminated,terminated-other,198001,201005,false,E05009325,Lansbury,false,false,51.515590,-0.022954,1213,,
E14 6JY,E14 6,terminated,terminated-other,198001,201005,false,E05009325,Lansbury,false,false,51.515806,-0.022441,1230,,
E14 6JZ,E14 6,live,e14-other,200411,,false,E05009327,Mile End,false,false,51.514472,-0.023853,1107,1,Stainsby Road
E14 6LA,E14 6,live,e14-other,198001,,false,E05009325,Lansbury,false,false,51.515728,-0.019907,1205,1,Brabazon Street
E14 6LB,E14 6,live,e14-other,198001,,false,E05009325,Lansbury,false,false,51.515627,-0.018715,1194,1,Ellesmere Street
E14 6LD,E14 6,live,e14-other,198001,,false,E05009325,Lansbury,false,false,51.514834,-0.019153,1105,1,Giraud Street
E14 6LE,E14 6,live,e14-other,198001,,false,E05009325,Lansbury,false,false,51.515003,-0.018526,1126,1,Giraud Street
E14 6LF,E14 6,live,e14-other,198001,,false,E05009325,Lansbury,false,false,51.514880,-0.020852,1114,1,Arcadia Street
E14 6LG,E14 6,live,e14-other,200302,,false,E05009325,Lansbury,false,false,51.511492,-0.010349,970,1,Follett Street
E14 6LH,E14 6,live,e14-other,198803,,false,E05009325,Lansbury,false,false,51.514652,-0.021698,1095,34,Bartlett Close
E14 6LJ,E14 6,live,e14-other,199308,,true,E05009327,Mile End,false,false,51.513162,-0.028291,1103,,
E14 6LL,E14 6,live,e14-other,200206,,false,E05009325,Lansbury,false,false,51.511913,-0.013443,886,3,Chrisp Street
E14 6LN,E14 6,live,e14-other,199806,,false,E05009325,Lansbury,false,false,51.512274,-0.009767,1062,2,St. Frideswides Mews
E14 6LP,E14 6,live,e14-other,198001,,false,E05009325,Lansbury,false,false,51.512970,-0.014233,969,3,Chrisp Street
E14 6LQ,E14 6,live,e14-other,200404,,false,E05009325,Lansbury,false,false,51.511535,-0.009669,1005,1,Follett Street
E14 6LR,E14 6,live,e14-other,198001,,false,E05009325,Lansbury,false,false,51.513333,-0.013900,1015,2,Chrisp Street
E14 6LS,E14 6,live,e14-other,198001,,false,E05009325,Lansbury,false,false,51.511960,-0.011957,944,14,Susannah Street
E14 6LT,E14 6,live,e14-other,198001,,false,E05009325,Lansbury,false,false,51.512016,-0.011536,965,7,Ida Street
E14 6LU,E14 6,live,e14-other,198001,,false,E05009325,Lansbury,false,false,51.512016,-0.011003,987,5,Ida Street
E14 6LW,E14 6,live,e14-other,199512,,false,E05009325,Lansbury,false,false,51.512060,-0.009906,1038,1,Lodore Street
E14 6LX,E14 6,live,e14-other,198001,,false,E05009325,Lansbury,false,false,51.511721,-0.010065,1002,5,Follett Street
E14 6LY,E14 6,live,e14-other,198001,,false,E05009325,Lansbury,false,false,51.512279,-0.010631,1026,4,Lodore Street
E14 6LZ,E14 6,live,e14-other,198001,,false,E05009325,Lansbury,false,false,51.512458,-0.010061,1066,1,Adderley Street
E14 6NA,E14 6,live,e14-other,200404,,false,E05009325,Lansbury,false,false,51.511759,-0.009660,1024,1,Follett Street
E14 6NB,E14 6,live,e14-other,198001,,false,E05009325,Lansbury,false,false,51.513541,-0.011297,1117,2,Willis Street
E14 6ND,E14 6,live,e14-other,198001,,false,E05009325,Lansbury,false,false,51.513016,-0.011104,1074,2,Brownfield Street
E14 6NE,E14 6,live,e14-other,198001,,false,E05009325,Lansbury,false,false,51.512771,-0.012570,999,1,Brownfield Street
E14 6NF,E14 6,live,e14-other,198001,,false,E05009325,Lansbury,false,false,51.512543,-0.011874,1001,11,Brownfield Street
E14 6NG,E14 6,live,e14-other,198001,,false,E05009325,Lansbury,false,false,51.513446,-0.011532,1100,1,Ida Street
E14 6NH,E14 6,live,e14-other,198001,,false,E05009325,Lansbury,false,false,51.515613,-0.015804,1219,1,Chrisp Street
E14 6NJ,E14 6,live,e14-other,199101,,false,E05009325,Lansbury,false,false,51.518227,-0.015604,1507,1,Morris Road
E14 6NL,E14 6,live,e14-other,198001,,false,E05009325,Lansbury,false,false,51.514808,-0.014427,1157,2,Chrisp Street
E14 6NN,E14 6,live,e14-other,198001,,false,E05009325,Lansbury,false,false,51.514495,-0.016141,1092,1,Carron Close
E14 6NP,E14 6,terminated,terminated-other,198001,200203,false,E05009325,Lansbury,false,false,51.516669,-0.016508,1325,,
E14 6NQ,E14 6,live,e14-other,199002,,false,E05009325,Lansbury,false,false,51.518689,-0.015829,1555,1,Morris Road
E14 6NR,E14 6,live,e14-other,201811,,false,E05009325,Lansbury,false,false,51.515890,-0.015144,1259,5,Cording Street
E14 6NS,E14 6,terminated,terminated-other,202212,202405,false,E05009325,Lansbury,false,false,51.512963,-0.013830,979,,
E14 6NT,E14 6,live,e14-other,200206,,false,E05009325,Lansbury,false,false,51.511886,-0.013416,884,2,Chrisp Street
E14 6NU,E14 6,live,e14-other,198001,,false,E05009325,Lansbury,false,false,51.517741,-0.015568,1454,1,Morris Road
E14 6NW,E14 6,live,e14-other,198001,,false,E05009325,Lansbury,false,false,51.514707,-0.015411,1127,1,Carmen Street
E14 6NX,E14 6,live,e14-other,198001,,false,E05009325,Lansbury,false,false,51.517631,-0.015962,1437,13,Morris Road
E14 6NY,E14 6,live,e14-other,200012,,false,E05009325,Lansbury,false,false,51.517122,-0.017814,1364,2,Chrisp Street
E14 6NZ,E14 6,live,e14-other,200206,,false,E05009325,Lansbury,false,false,51.512085,-0.013465,902,2,Chrisp Street
E14 6PA,E14 6,live,e14-other,199101,,false,E05009325,Lansbury,false,false,51.518390,-0.016217,1518,1,Morris Road
E14 6PB,E14 6,live,e14-other,201802,,false,E05009325,Lansbury,false,false,51.516485,-0.015233,1322,1,Rifle Street
E14 6PD,E14 6,live,e14-other,198001,,false,E05009325,Lansbury,false,false,51.517644,-0.015154,1449,3,Fawe Street
E14 6PE,E14 6,terminated,terminated-other,199101,199507,true,E05009325,Lansbury,false,false,51.517422,-0.015351,1422,,
E14 6PF,E14 6,live,e14-other,199201,,false,E05009325,Lansbury,false,false,51.518080,-0.016461,1481,5,Morris Road
E14 6PG,E14 6,live,e14-other,199002,,true,E05009325,Lansbury,false,false,51.514212,-0.014309,1096,1,Chrisp Street
E14 6PH,E14 6,live,e14-other,198001,,false,E05009325,Lansbury,false,false,51.515966,-0.012200,1331,5,St Leonard's Road
E14 6PJ,E14 6,live,e14-other,199806,,false,E05009325,Lansbury,false,false,51.515785,-0.011069,1345,1,St Leonard's Road
E14 6PL,E14 6,terminated,terminated-other,199208,199405,true,E05009325,Lansbury,false,false,51.516475,-0.012509,1376,,
E14 6PN,E14 6,live,e14-other,198001,,false,E05009325,Lansbury,false,false,51.516992,-0.012256,1436,4,Ullin Street
E14 6PP,E14 6,live,e14-other,198001,,false,E05009325,Lansbury,false,false,51.516953,-0.011537,1450,6,Spey Street
E14 6PQ,E14 6,live,e14-other,200701,,false,E05009325,Lansbury,false,false,51.516125,-0.016258,1268,1,Chrisp Street
E14 6PR,E14 6,live,e14-other,198001,,false,E05009325,Lansbury,false,false,51.517261,-0.012187,1465,6,Zetland Street
E14 6PS,E14 6,live,e14-other,198704,,false,E05009325,Lansbury,false,false,51.516378,-0.011548,1391,1,St Leonard's Road
E14 6PT,E14 6,terminated,terminated-other,198001,199712,false,E05009325,Lansbury,false,false,51.518080,-0.011690,1563,,
E14 6PU,E14 6,terminated,terminated-other,198001,199712,false,E05009325,Lansbury,false,false,51.518080,-0.011690,1563,,
E14 6PW,E14 6,live,e14-other,198001,,false,E05009325,Lansbury,false,false,51.516896,-0.012433,1421,1,St Leonard's Road
E14 6PX,E14 6,live,e14-other,198001,,false,E05009325,Lansbury,false,false,51.517893,-0.011280,1554,1,Teviot Street
E14 6PY,E14 6,live,e14-other,198001,,false,E05009325,Lansbury,false,false,51.518442,-0.011862,1597,2,Teviot Street
E14 6PZ,E14 6,live,e14-other,198001,,false,E05009325,Lansbury,false,false,51.516610,-0.010932,1432,9,Spey Street
E14 6QA,E14 6,live,e14-other,198001,,false,E05009325,Lansbury,false,false,51.519138,-0.012033,1666,12,Venue Street
E14 6QB,E14 6,live,e14-other,198001,,false,E05009325,Lansbury,false,false,51.518847,-0.012911,1617,24,Celtic Street
E14 6QD,E14 6,live,e14-other,198001,,false,E05009325,Lansbury,false,false,51.518634,-0.013597,1581,2,Wyvis Street
E14 6QE,E14 6,live,e14-other,198001,,false,E05009325,Lansbury,false,false,51.519385,-0.012282,1687,10,Uamvar Street
E14 6QF,E14 6,terminated,terminated-other,198001,200311,false,E05009325,Lansbury,false,false,51.520001,-0.012024,1758,,
E14 6QG,E14 6,terminated,terminated-other,198001,200311,false,E05009325,Lansbury,false,false,51.519739,-0.013002,1711,,
E14 6QH,E14 6,terminated,terminated-other,198001,200105,false,E05009325,Lansbury,false,false,51.519256,-0.014219,1638,,
E14 6QJ,E14 6,live,e14-other,198001,,false,E05009325,Lansbury,false,false,51.518823,-0.014685,1584,2,Passfield Drive
E14 6QL,E14 6,live,e14-other,198001,,false,E05009325,Lansbury,false,false,51.518000,-0.014403,1499,2,Daniel Bolt Close
E14 6QN,E14 6,live,e14-other,198001,,false,E05009325,Lansbury,false,false,51.517727,-0.014242,1473,3,Clutton Street
E14 6QP,E14 6,live,e14-other,198001,,false,E05009325,Lansbury,false,false,51.517131,-0.013547,1422,5,Chadbourn Street
E14 6QQ,E14 6,terminated,terminated-other,198001,200311,false,E05009325,Lansbury,false,false,51.519541,-0.013529,1680,,
E14 6QR,E14 6,live,e14-other,198001,,false,E05009325,Lansbury,false,false,51.518261,-0.010688,1607,1,Teviot Street
E14 6QS,E14 6,live,e14-other,198001,,false,E05009325,Lansbury,false,false,51.519247,-0.011048,1700,1,Teviot Street
E14 6QT,E14 6,live,e14-other,198001,,false,E05009325,Lansbury,false,false,51.519940,-0.011076,1772,1,Teviot Street
E14 6QU,E14 6,live,e14-other,198001,,false,E05009325,Lansbury,false,false,51.520225,-0.011467,1793,1,Teviot Street
E14 6QW,E14 6,live,e14-other,198001,,false,E05009325,Lansbury,false,false,51.517504,-0.013791,1457,1,Chadbourn Street
E14 6QX,E14 6,terminated,terminated-other,199301,199501,true,E05009325,Lansbury,false,false,51.519171,-0.012392,1662,,
E14 6QY,E14 6,live,e14-other,200507,,false,E05009325,Lansbury,false,false,51.519612,-0.012416,1709,2,Uamvar Street
E14 6QZ,E14 6,live,e14-other,200507,,false,E05009325,Lansbury,false,false,51.519901,-0.011971,1748,3,Teviot Street
E14 6RA,E14 6,terminated,terminated-other,198001,200507,false,E05009325,Lansbury,false,false,51.517349,-0.011030,1504,,
E14 6RB,E14 6,live,e14-other,198106,,false,E05009325,Lansbury,false,false,51.517649,-0.012271,1504,1,Zetland Street
E14 6RD,E14 6,live,e14-other,200409,,false,E05009325,Lansbury,false,false,51.517228,-0.017161,1381,1,Barchester Street
E14 6RE,E14 6,terminated,terminated-other,198001,201008,false,E05009325,Lansbury,false,false,51.520844,-0.010849,1872,,
E14 6RF,E14 6,live,e14-other,200506,,false,E05009325,Lansbury,false,false,51.517351,-0.016954,1396,1,Barchester Street
E14 6RG,E14 6,live,e14-other,200409,,false,E05009325,Lansbury,false,false,51.517516,-0.016630,1417,1,Barchester Street
E14 6RH,E14 6,live,e14-other,198001,,false,E05009325,Lansbury,false,false,51.519631,-0.009821,1771,3,Gillender Street
E14 6RJ,E14 6,live,e14-other,200410,,false,E05009325,Lansbury,false,false,51.517062,-0.016909,1365,1,Brabazon Street
E14 6RL,E14 6,live,e14-other,200410,,false,E05009325,Lansbury,false,false,51.517229,-0.016671,1385,1,Brabazon Street
E14 6RN,E14 6,live,e14-other,198001,,false,E05009325,Lansbury,false,false,51.518889,-0.009579,1701,3,Gillender Street
E14 6RP,E14 6,live,e14-other,200405,,false,E05009325,Lansbury,false,false,51.519183,-0.009379,1737,1,Gillender Street
E14 6RQ,E14 6,live,e14-other,200503,,false,E05009325,Lansbury,false,false,51.517377,-0.016405,1404,1,Brabazon Street
E14 6RR,E14 6,live,e14-other,200503,,false,E05009325,Lansbury,false,false,51.517530,-0.016427,1421,1,Morris Road
E14 6RS,E14 6,live,e14-other,200504,,false,E05009325,Lansbury,false,false,51.516500,-0.016112,1311,1,Chrisp Street
E14 6RT,E14 6,live,e14-other,200502,,false,E05009325,Lansbury,false,false,51.516595,-0.016410,1318,1,Chrisp Street
E14 6RU,E14 6,live,e14-other,200501,,false,E05009325,Lansbury,false,false,51.516716,-0.016650,1329,4,Chrisp Street
E14 6RW,E14 6,live,e14-other,200502,,false,E05009325,Lansbury,false,false,51.516950,-0.016654,1355,6,Brabazon Street
E14 6RX,E14 6,live,e14-other,200503,,false,E05009325,Lansbury,false,false,51.516880,-0.016239,1351,4,Morris Road
E14 6RY,E14 6,live,e14-other,200502,,false,E05009325,Lansbury,false,false,51.516913,-0.016627,1351,14,St. Gabriels Close
E14 6SA,E14 6,terminated,terminated-other,199501,200006,true,E05009325,Lansbury,false,false,51.514908,-0.016657,1130,,
E14 6SB,E14 6,terminated,terminated-other,199512,199712,true,E05009325,Lansbury,false,false,51.514908,-0.016657,1130,,
E14 6SE,E14 6,terminated,terminated-other,199606,200603,true,E05009327,Mile End,false,false,51.513198,-0.028275,1106,,
E14 6SF,E14 6,terminated,terminated-other,199606,199712,true,E05009325,Lansbury,false,false,51.514908,-0.016657,1130,,
E14 6SG,E14 6,terminated,terminated-other,199606,199806,true,E05009325,Lansbury,false,false,51.514908,-0.016657,1130,,
E14 6SH,E14 6,terminated,terminated-other,199712,202605,true,E05009327,Mile End,false,false,51.513162,-0.028291,1103,,
E14 6SJ,E14 6,terminated,terminated-other,199712,199906,true,E05009325,Lansbury,false,false,51.514855,-0.016673,1124,,
E14 6SL,E14 6,terminated,terminated-other,199712,200009,true,E05009325,Lansbury,false,false,51.514908,-0.016657,1130,,
E14 6SN,E14 6,terminated,terminated-other,199712,200604,true,E05009327,Mile End,false,false,51.513198,-0.028275,1106,,
E14 6SP,E14 6,terminated,terminated-other,199806,199912,true,E05009325,Lansbury,false,false,51.514855,-0.016673,1124,,
E14 6SQ,E14 6,terminated,terminated-other,199706,200603,true,E05009327,Mile End,false,false,51.513198,-0.028275,1106,,
E14 6SR,E14 6,terminated,terminated-other,200106,200603,true,E05009327,Mile End,false,false,51.513198,-0.028275,1106,,
E14 6SS,E14 6,terminated,terminated-other,199912,200105,true,E05009325,Lansbury,false,false,51.514908,-0.016657,1130,,
E14 6ST,E14 6,terminated,terminated-other,199806,200806,true,E05009327,Mile End,false,false,51.513198,-0.028275,1106,,
E14 6SU,E14 6,terminated,terminated-other,199806,200405,true,E05009327,Mile End,false,false,51.513198,-0.028275,1106,,
E14 6SW,E14 6,terminated,terminated-other,199712,200603,true,E05009327,Mile End,false,false,51.513198,-0.028275,1106,,
E14 6SX,E14 6,terminated,terminated-other,199806,200806,true,E05009327,Mile End,false,false,51.513198,-0.028275,1106,,
E14 6SY,E14 6,terminated,terminated-other,199912,200603,true,E05009327,Mile End,false,false,51.513198,-0.028275,1106,,
E14 6SZ,E14 6,terminated,terminated-other,199912,200602,true,E05009327,Mile End,false,false,51.513198,-0.028275,1106,,
E14 6TA,E14 6,live,e14-other,199912,,false,E05009325,Lansbury,false,false,51.516973,-0.020141,1343,20,Metropolitan Close
E14 6TB,E14 6,live,e14-other,199912,,false,E05009325,Lansbury,false,false,51.516562,-0.019813,1297,14,Warner Terrace
E14 6TH,E14 6,live,e14-other,200507,,false,E05009325,Lansbury,false,false,51.519974,-0.012559,1744,2,Mallory Close
E14 6TJ,E14 6,live,e14-other,201506,,false,E05009325,Lansbury,false,false,51.515461,-0.023263,1203,1,Stainsby Road
E14 6TL,E14 6,live,e14-other,201506,,false,E05009325,Lansbury,false,false,51.515643,-0.022880,1218,2,Cotall Street
E14 6TN,E14 6,live,e14-other,201502,,false,E05009325,Lansbury,false,false,51.520602,-0.010845,1847,2,Teviot Street
E14 6TP,E14 6,live,e14-other,201502,,false,E05009325,Lansbury,false,false,51.520826,-0.010850,1870,1,Tweed Walk
E14 6TQ,E14 6,live,e14-other,201802,,false,E05009325,Lansbury,false,false,51.516262,-0.014796,1305,1,Madeira Street
E14 6TR,E14 6,live,e14-other,201807,,false,E05009325,Lansbury,false,false,51.516089,-0.014703,1288,1,Madeira Street
E14 6TS,E14 6,live,e14-other,201807,,false,E05009325,Lansbury,false,false,51.516433,-0.014832,1323,1,Madeira Street
E14 6TT,E14 6,live,e14-other,201712,,false,E05009325,Lansbury,false,false,51.515947,-0.015329,1262,1,Cording Street
E14 6TU,E14 6,live,e14-other,201910,,false,E05009325,Lansbury,false,false,51.516229,-0.020837,1263,1,Upper North Street
E14 6TW,E14 6,live,e14-other,201808,,false,E05009325,Lansbury,false,false,51.516321,-0.020977,1274,1,Upper North Street
E14 6TX,E14 6,live,e14-other,201812,,false,E05009325,Lansbury,false,false,51.516479,-0.021244,1293,1,Upper North Street
E14 6TY,E14 6,live,e14-other,200507,,false,E05009325,Lansbury,false,false,51.519899,-0.012360,1740,2,Irvine Close
E14 6TZ,E14 6,live,e14-other,201404,,false,E05009325,Lansbury,false,false,51.513444,-0.010379,1142,1,Tapley Close
E14 6UA,E14 6,live,e14-other,201909,,false,E05009325,Lansbury,false,false,51.515366,-0.014979,1205,1,Radial Avenue
E14 6UB,E14 6,live,e14-other,201910,,false,E05009325,Lansbury,false,false,51.515641,-0.014751,1239,1,Radial Avenue
E14 6UD,E14 6,live,e14-other,201909,,false,E05009325,Lansbury,false,false,51.515125,-0.014600,1187,1,Radial Avenue
E14 6UE,E14 6,live,e14-other,201910,,false,E05009325,Lansbury,false,false,51.515125,-0.014600,1187,1,Radial Avenue
E14 6UF,E14 6,live,e14-other,201910,,false,E05009325,Lansbury,false,false,51.515612,-0.015199,1228,1,Chrisp Street
E14 6UG,E14 6,live,e14-other,201804,,false,E05009325,Lansbury,false,false,51.516636,-0.020978,1309,2,Guthridge Close
E14 6UH,E14 6,live,e14-other,201910,,false,E05009325,Lansbury,false,false,51.516247,-0.020331,1263,1,Broomfield Street
E14 6UJ,E14 6,live,e14-other,202006,,false,E05009325,Lansbury,false,false,51.518722,-0.010321,1664,1,Teviot Street
E14 6UL,E14 6,live,e14-other,202103,,false,E05009325,Lansbury,false,false,51.517343,-0.017574,1390,1,Barchester Street
E14 6UN,E14 6,live,e14-other,202103,,false,E05009325,Lansbury,false,false,51.517633,-0.017187,1425,1,Balladier Walk
E14 6UP,E14 6,live,e14-other,202103,,false,E05009325,Lansbury,false,false,51.517909,-0.017550,1453,1,Balladier Walk
E14 6UQ,E14 6,live,e14-other,201911,,false,E05009325,Lansbury,false,false,51.516344,-0.020212,1274,1,Broomfield Street
E14 6UR,E14 6,live,e14-other,202202,,false,E05009325,Lansbury,false,false,51.514858,-0.020608,1110,1,Arcadia Street
E14 6US,E14 6,live,e14-other,202110,,false,E05009325,Lansbury,false,false,51.514745,-0.021348,1102,1,Bartlett Close
E14 6WA,E14 6,terminated,terminated-other,200201,200205,true,E05009325,Lansbury,false,false,51.516571,-0.019813,1298,,
E14 6WB,E14 6,terminated,terminated-other,200304,201005,true,E05009327,Mile End,false,false,51.513198,-0.028275,1106,,
E14 6WD,E14 6,terminated,terminated-other,200401,200508,true,E05009325,Lansbury,false,false,51.516571,-0.019813,1298,,
E14 6WE,E14 6,terminated,terminated-other,200404,200507,true,E05009325,Lansbury,false,false,51.516571,-0.019813,1298,,
E14 6WF,E14 6,terminated,terminated-other,200405,200806,true,E05009327,Mile End,false,false,51.513198,-0.028275,1106,,
E14 6WG,E14 6,terminated,terminated-other,202108,202208,true,E05009327,Mile End,false,false,51.513162,-0.028291,1103,,
E14 6WJ,E14 6,terminated,terminated-other,200301,200402,true,E05009325,Lansbury,false,false,51.516571,-0.019813,1298,,
E14 6WP,E14 6,terminated,terminated-other,200401,200401,true,E05009325,Lansbury,false,false,51.516571,-0.019813,1298,,
E14 6WQ,E14 6,terminated,terminated-other,200112,200603,true,E05009327,Mile End,false,false,51.513198,-0.028275,1106,,
E14 6WY,E14 6,terminated,terminated-other,200502,200703,true,E05009327,Mile End,false,false,51.513198,-0.028275,1106,,
E14 6WZ,E14 6,terminated,terminated-other,200502,200703,true,E05009327,Mile End,false,false,51.513198,-0.028275,1106,,
E14 6XA,E14 6,terminated,terminated-other,201606,201705,true,E05009327,Mile End,false,false,51.513162,-0.028291,1103,,
E14 6XB,E14 6,terminated,terminated-other,200012,200603,true,E05009327,Mile End,false,false,51.513198,-0.028275,1106,,
E14 6XD,E14 6,terminated,terminated-other,201409,201507,true,E05009327,Mile End,false,false,51.513198,-0.028275,1106,,
E14 6XE,E14 6,terminated,terminated-other,200012,200203,true,E05009327,Mile End,false,false,51.513198,-0.028275,1106,,
E14 6XF,E14 6,terminated,terminated-other,200012,200211,true,E05009327,Mile End,false,false,51.513198,-0.028275,1106,,
E14 6XG,E14 6,terminated,terminated-other,200012,200111,true,E05009327,Mile End,false,false,51.513198,-0.028275,1106,,
E14 6XH,E14 6,terminated,terminated-other,200505,201007,true,E05009327,Mile End,false,false,51.513198,-0.028275,1106,,
E14 6XQ,E14 6,terminated,terminated-other,200106,201812,true,E05009327,Mile End,false,false,51.513162,-0.028291,1103,,
E14 6XZ,E14 6,terminated,terminated-other,200212,201007,true,E05009327,Mile End,false,false,51.513198,-0.028275,1106,,
E14 6YA,E14 6,terminated,terminated-other,200206,200602,true,E05009327,Mile End,false,false,51.513198,-0.028275,1106,,
E14 6YN,E14 6,terminated,terminated-other,200207,200307,true,E05009327,Mile End,false,false,51.513198,-0.028275,1106,,
E14 6YQ,E14 6,terminated,terminated-other,200302,200603,true,E05009327,Mile End,false,false,51.513198,-0.028275,1106,,
E14 6YX,E14 6,terminated,terminated-other,200402,200806,true,E05009327,Mile End,false,false,51.513198,-0.028275,1106,,
E14 6YZ,E14 6,terminated,terminated-other,200302,201204,true,E05009327,Mile End,false,false,51.513198,-0.028275,1106,,
E14 6ZQ,E14 6,terminated,terminated-other,200112,200401,true,E05009327,Mile End,false,false,51.513198,-0.028275,1106,,
E14 7AA,E14 7,terminated,terminated-other,198001,201003,false,E05009327,Mile End,false,false,51.515176,-0.027743,1278,,
E14 7AB,E14 7,live,e14-other,198001,,false,E05009327,Mile End,false,false,51.515482,-0.028292,1326,2,Burdett Road
E14 7AD,E14 7,live,e14-other,198001,,false,E05009327,Mile End,false,false,51.516790,-0.025843,1394,1,Wallwood Street
E14 7AE,E14 7,live,e14-other,199201,,true,E05009327,Mile End,false,false,51.513162,-0.028291,1103,1,Burdett Road
E14 7AF,E14 7,live,e14-other,200206,,false,E05009327,Mile End,false,false,51.514530,-0.027267,1199,1,Thomas Road
E14 7AG,E14 7,live,e14-other,198001,,false,E05009327,Mile End,false,false,51.517145,-0.028263,1492,1,Wallwood Street
E14 7AH,E14 7,live,e14-other,198001,,false,E05009327,Mile End,false,false,51.517053,-0.027590,1464,1,Wallwood Street
E14 7AJ,E14 7,live,e14-other,198001,,false,E05009327,Mile End,false,false,51.516246,-0.027697,1384,1,Wallwood Street
E14 7AL,E14 7,live,e14-other,198001,,false,E05009327,Mile End,false,false,51.515921,-0.027639,1350,1,Wallwood Street
E14 7AN,E14 7,live,e14-other,198001,,false,E05009327,Mile End,false,false,51.515764,-0.026867,1312,1,Thomas Road
E14 7AP,E14 7,live,e14-other,198001,,false,E05009327,Mile End,false,false,51.516404,-0.025355,1342,1,Thomas Road
E14 7AQ,E14 7,terminated,terminated-other,198001,201707,false,E05009327,Mile End,false,false,51.517548,-0.027583,1514,,
E14 7AR,E14 7,live,e14-other,198001,,false,E05009327,Mile End,false,false,51.516770,-0.025209,1378,1,Burgess Street
E14 7AS,E14 7,live,e14-other,198001,,false,E05009327,Mile End,false,false,51.517263,-0.026154,1451,1,St Paul's Way
E14 7AT,E14 7,live,e14-other,198001,,false,E05009327,Mile End,false,false,51.517606,-0.025692,1477,1,Burgess Street
E14 7AU,E14 7,live,e14-other,198001,,false,E05009327,Mile End,false,false,51.517151,-0.024861,1413,1,Burgess Street
E14 7AW,E14 7,live,e14-other,198001,,false,E05009327,Mile End,false,false,51.516063,-0.026984,1346,1,Thomas Road
E14 7AX,E14 7,live,e14-other,198001,,false,E05009327,Mile End,false,false,51.517631,-0.025028,1467,1,Burgess Street
E14 7AY,E14 7,live,e14-other,198001,,false,E05009327,Mile End,false,false,51.517544,-0.023619,1435,6,Celandine Close
E14 7AZ,E14 7,live,e14-other,198001,,false,E05009327,Mile End,false,false,51.517112,-0.024114,1395,2,Selsey Street
E14 7BA,E14 7,live,e14-other,198001,,false,E05009327,Mile End,false,false,51.516874,-0.024441,1375,1,Selsey Street
E14 7BB,E14 7,live,e14-other,198001,,false,E05009327,Mile End,false,false,51.516632,-0.024480,1350,1,Burgess Street
E14 7BD,E14 7,live,e14-other,198001,,false,E05009327,Mile End,false,false,51.517144,-0.023363,1388,1,Kilner Street
E14 7BE,E14 7,live,e14-other,198001,,false,E05009327,Mile End,false,false,51.516132,-0.025237,1311,7,Thomas Road
E14 7BF,E14 7,live,e14-other,200112,,false,E05009329,St Dunstan's,false,false,51.515862,-0.034819,1618,15,Shaw Crescent
E14 7BG,E14 7,live,e14-other,200210,,false,E05009327,Mile End,false,false,51.517620,-0.024394,1455,2,Selsey Street
E14 7BH,E14 7,live,e14-other,200112,,false,E05009329,St Dunstan's,false,false,51.515432,-0.036020,1639,8,Repton Street
E14 7BJ,E14 7,live,e14-other,198001,,false,E05009327,Mile End,false,false,51.515101,-0.027040,1250,1,Thomas Road
E14 7BL,E14 7,live,e14-other,200301,,false,E05009327,Mile End,false,false,51.516799,-0.024761,1373,1,Burgess Street
E14 7BN,E14 7,live,e14-other,198410,,false,E05009327,Mile End,false,false,51.516006,-0.024147,1277,15,Thomas Road Industrial Estate
E14 7BP,E14 7,live,e14-other,200401,,false,E05009329,St Dunstan's,false,false,51.517127,-0.037921,1867,18,Coltman Street
E14 7BQ,E14 7,live,e14-other,200311,,false,E05009329,St Dunstan's,false,false,51.517612,-0.037872,1904,1,Halley Street
E14 7BS,E14 7,live,e14-other,200610,,false,E05009329,St Dunstan's,false,false,51.516616,-0.038001,1830,1,Maroon Street
E14 7BT,E14 7,live,e14-other,200611,,false,E05009327,Mile End,false,false,51.518001,-0.025675,1519,1,Burgess Street
E14 7BU,E14 7,live,e14-other,200402,,false,E05009329,St Dunstan's,false,false,51.515935,-0.037627,1758,13,Hearnshaw Street
E14 7BW,E14 7,live,e14-other,198303,,false,E05009327,Mile End,false,false,51.516519,-0.028463,1434,5,Wallwood Street; Masjid Lane
E14 7BX,E14 7,live,e14-other,200403,,false,E05009329,St Dunstan's,false,false,51.515467,-0.037603,1721,1,Repton Street
E14 7BY,E14 7,live,e14-other,200609,,false,E05009327,Mile End,false,false,51.514906,-0.028259,1268,1,Burdett Road
E14 7BZ,E14 7,live,e14-other,200801,,false,E05009329,St Dunstan's,false,false,51.514513,-0.035915,1563,1,Blount Street
E14 7DA,E14 7,live,e14-other,198001,,false,E05009327,Mile End,false,false,51.513461,-0.030556,1223,2,Copenhagen Place
E14 7DB,E14 7,live,e14-other,198203,,false,E05009327,Mile End,false,false,51.512372,-0.026783,973,1,Kildare Walk
E14 7DD,E14 7,live,e14-other,198001,,false,E05009327,Mile End,false,false,51.514178,-0.030395,1279,1,Southwater Close
E14 7DE,E14 7,live,e14-other,198001,,false,E05009327,Mile End,false,false,51.514999,-0.030042,1341,15,Copenhagen Place
E14 7DF,E14 7,live,e14-other,198001,,false,E05009327,Mile End,false,false,51.514920,-0.029613,1317,9,Pixley Street
E14 7DG,E14 7,live,e14-other,198001,,false,E05009327,Mile End,false,false,51.515360,-0.029580,1358,6,Agnes Street
E14 7DH,E14 7,live,e14-other,200012,,false,E05009327,Mile End,false,false,51.513154,-0.025683,1013,10,Piggott Street
E14 7DJ,E14 7,live,e14-other,200106,,false,E05009327,Mile End,false,false,51.513530,-0.025595,1049,1,Old School Square
E14 7DL,E14 7,live,e14-other,198001,,false,E05009327,Mile End,false,false,51.512476,-0.028148,1035,11,Burdett Road
E14 7DN,E14 7,live,e14-other,198203,,false,E05009327,Mile End,false,false,51.512828,-0.026591,1010,1,Pigott Street
E14 7DP,E14 7,live,e14-other,198402,,false,E05009327,Mile End,false,false,51.516765,-0.029188,1481,4,Booker Close
E14 7DQ,E14 7,live,e14-other,198001,,false,E05009327,Mile End,false,false,51.515225,-0.029038,1326,10,Burdett Road
E14 7DR,E14 7,terminated,terminated-other,198001,201212,true,E05009327,Mile End,false,false,51.513681,-0.027591,1127,,
E14 7DS,E14 7,live,e14-other,198203,,false,E05009327,Mile End,false,false,51.512584,-0.025491,950,1,Kildare Walk
E14 7DT,E14 7,live,e14-other,200106,,false,E05009327,Mile End,false,false,51.513370,-0.025126,1020,1,Pelling Street
E14 7DU,E14 7,live,e14-other,198001,,false,E05009327,Mile End,false,false,51.513159,-0.026475,1038,8,Farrance Street
E14 7DW,E14 7,live,e14-other,198203,,false,E05009327,Mile End,false,false,51.512935,-0.025462,985,4,Pigott Street
E14 7DX,E14 7,live,e14-other,200401,,false,E05009327,Mile End,false,false,51.513621,-0.029352,1187,1,Copenhagen Place
E14 7DY,E14 7,live,e14-other,198001,,false,E05009327,Mile End,false,false,51.514085,-0.025398,1100,1,Dod Street
E14 7DZ,E14 7,live,e14-other,198001,,false,E05009327,Mile End,false,false,51.513937,-0.025736,1094,1,Dod Street
E14 7EA,E14 7,live,e14-other,198001,,false,E05009327,Mile End,false,false,51.513791,-0.026117,1090,1,Dod Street
E14 7EB,E14 7,live,e14-other,198001,,false,E05009327,Mile End,false,false,51.513644,-0.026483,1087,1,Dod Street
E14 7ED,E14 7,live,e14-other,198001,,false,E05009327,Mile End,false,false,51.513155,-0.027355,1068,1,Dod Street
E14 7EE,E14 7,live,e14-other,198001,,false,E05009327,Mile End,false,false,51.513422,-0.027156,1087,1,Dod Street
E14 7EF,E14 7,live,e14-other,198001,,false,E05009327,Mile End,false,false,51.514149,-0.024934,1096,1,Dod Street
E14 7EG,E14 7,live,e14-other,199812,,false,E05009327,Mile End,false,false,51.514040,-0.026495,1127,3,Dod Street
E14 7EH,E14 7,live,e14-other,198001,,false,E05009327,Mile End,false,false,51.515943,-0.031083,1468,1,Clemence Street
E14 7EJ,E14 7,live,e14-other,198001,,false,E05009327,Mile End,false,false,51.516639,-0.031283,1541,11,Locksley Street
E14 7EL,E14 7,live,e14-other,200802,,false,E05009327,Mile End,false,false,51.513780,-0.027602,1137,2,Burdett Road
E14 7EN,E14 7,live,e14-other,200401,,false,E05009327,Mile End,false,false,51.513034,-0.026005,1011,1,Pelling Street
E14 7EP,E14 7,terminated,terminated-other,198001,202401,true,E05009327,Mile End,false,false,51.514511,-0.026158,1165,,
E14 7EQ,E14 7,terminated,terminated-other,198001,201602,false,E05009327,Mile End,false,false,51.514058,-0.026509,1129,,
E14 7ER,E14 7,live,e14-other,198410,,false,E05009327,Mile End,false,false,51.516320,-0.028890,1428,4,Tunley Green
E14 7ES,E14 7,live,e14-other,200401,,false,E05009327,Mile End,false,false,51.513773,-0.025051,1059,1,Farrance Street
E14 7ET,E14 7,live,e14-other,200607,,false,E05009327,Mile End,false,false,51.514601,-0.024539,1134,1,Dod Street
E14 7EU,E14 7,live,e14-other,198001,,false,E05009327,Mile End,false,false,51.512894,-0.032122,1248,1,Copenhagen Place
E14 7EW,E14 7,live,e14-other,198402,,false,E05009327,Mile End,false,false,51.515867,-0.028693,1377,5,Callingham Close
E14 7EX,E14 7,live,e14-other,198001,,false,E05009327,Mile End,false,false,51.513227,-0.031647,1253,1,Copenhagen Place
E14 7EY,E14 7,live,e14-other,198001,,false,E05009327,Mile End,false,false,51.513014,-0.031281,1218,2,Copenhagen Place
E14 7EZ,E14 7,live,e14-other,198001,,false,E05009327,Mile End,false,false,51.513086,-0.030730,1199,1,Copenhagen Place
E14 7FA,E14 7,live,e14-other,201606,,false,E05009326,Limehouse,false,false,51.512313,-0.035577,1388,1,Rolling Mills Mews
E14 7FB,E14 7,live,e14-other,200707,,false,E05009326,Limehouse,false,false,51.512011,-0.034178,1290,1,Mill Place
E14 7FD,E14 7,live,e14-other,200704,,false,E05009329,St Dunstan's,false,false,51.514448,-0.035817,1553,1,Carr Street
E14 7FE,E14 7,live,e14-other,200805,,false,E05009327,Mile End,false,false,51.514031,-0.029162,1217,4,Copenhagen Place
E14 7FF,E14 7,live,e14-other,200805,,false,E05009327,Mile End,false,false,51.513979,-0.029798,1237,1,Copenhagen Place
E14 7FG,E14 7,live,e14-other,200912,,false,E05009327,Mile End,false,false,51.516470,-0.024992,1342,1,Burgess Street
E14 7FH,E14 7,live,e14-other,200904,,false,E05009327,Mile End,false,false,51.513492,-0.024890,1026,1,Pelling Street
E14 7FJ,E14 7,live,e14-other,200907,,false,E05009326,Limehouse,false,false,51.511346,-0.029379,992,1,Gill Street
E14 7FL,E14 7,live,e14-other,200908,,false,E05009326,Limehouse,false,false,51.512066,-0.029448,1055,1,Commercial Road
E14 7FN,E14 7,live,e14-other,201002,,false,E05009329,St Dunstan's,false,false,51.514935,-0.035320,1566,3,Parnham Street
E14 7FP,E14 7,live,e14-other,201003,,false,E05009327,Mile End,false,false,51.514333,-0.027880,1200,1,Frances Wharf
E14 7FQ,E14 7,live,e14-other,201607,,false,E05009326,Limehouse,false,false,51.512160,-0.035555,1376,2,Rolling Mills Mews
E14 7FR,E14 7,live,e14-other,201002,,false,E05009329,St Dunstan's,false,false,51.515172,-0.035007,1570,2,Repton Street
E14 7FS,E14 7,live,e14-other,201003,,false,E05009327,Mile End,false,false,51.516687,-0.022921,1332,1,Thomas Road
E14 7FT,E14 7,live,e14-other,201003,,false,E05009327,Mile End,false,false,51.516781,-0.022629,1339,2,Thomas Road
E14 7FU,E14 7,live,e14-other,201511,,false,E05009329,St Dunstan's,false,false,51.515491,-0.034720,1582,1,Repton Street
E14 7FW,E14 7,live,e14-other,201003,,false,E05009327,Mile End,false,false,51.516430,-0.022601,1300,2,Ursula Gould Way
E14 7FX,E14 7,live,e14-other,201003,,false,E05009327,Mile End,false,false,51.516429,-0.022586,1300,1,Ursula Gould Way
E14 7FY,E14 7,live,e14-other,201003,,false,E05009327,Mile End,false,false,51.516800,-0.022152,1336,1,Ursula Gould Way
E14 7FZ,E14 7,live,e14-other,201003,,false,E05009327,Mile End,false,false,51.516900,-0.022249,1348,1,Ursula Gould Way
E14 7GA,E14 7,live,e14-other,201003,,false,E05009327,Mile End,false,false,51.514641,-0.028026,1235,1,Frances Wharf
E14 7GB,E14 7,live,e14-other,201003,,false,E05009327,Mile End,false,false,51.512578,-0.029412,1097,1,St. Anne's Row
E14 7GD,E14 7,terminated,terminated-other,200106,200603,true,E05009327,Mile End,false,false,51.513198,-0.028275,1106,,
E14 7GE,E14 7,live,e14-other,201003,,false,E05009327,Mile End,false,false,51.512667,-0.028817,1079,1,St. Anne's Row
E14 7GF,E14 7,live,e14-other,201108,,false,E05009327,Mile End,false,false,51.513192,-0.034905,1412,6,Ross Way
E14 7GG,E14 7,live,e14-other,201203,,false,E05009327,Mile End,false,false,51.513095,-0.033944,1355,1,Ross Way
E14 7GH,E14 7,live,e14-other,201205,,false,E05009327,Mile End,false,false,51.512984,-0.033199,1309,1,Ross Way
E14 7GJ,E14 7,live,e14-other,201110,,false,E05009327,Mile End,false,false,51.512793,-0.034187,1345,1,Salton Square
E14 7GL,E14 7,live,e14-other,201205,,false,E05009327,Mile End,false,false,51.512645,-0.033358,1291,1,Salton Square
E14 7GN,E14 7,live,e14-other,201206,,false,E05009327,Mile End,false,false,51.512645,-0.033358,1291,1,Salton Square
E14 7GP,E14 7,live,e14-other,201103,,false,E05009327,Mile End,false,false,51.512277,-0.028632,1037,1,Chusan Place
E14 7GQ,E14 7,live,e14-other,201204,,false,E05009326,Limehouse,false,false,51.512315,-0.036240,1425,2,John Nash Mews
E14 7GR,E14 7,live,e14-other,201202,,false,E05009327,Mile End,false,false,51.515712,-0.028023,1340,1,Lovat Close
E14 7GS,E14 7,live,e14-other,201206,,false,E05009327,Mile End,false,false,51.515193,-0.027685,1278,2,Wallwood Street
E14 7GT,E14 7,live,e14-other,201204,,false,E05009326,Limehouse,false,false,51.512194,-0.035957,1401,2,Basin Approach
E14 7GU,E14 7,live,e14-other,201207,,false,E05009327,Mile End,false,false,51.513309,-0.030072,1189,1,Tivoli Mews
E14 7GW,E14 7,terminated,terminated-other,200112,200210,true,E05009327,Mile End,false,false,51.513198,-0.028275,1106,,
E14 7GX,E14 7,live,e14-other,201108,,false,E05009329,St Dunstan's,false,false,51.516277,-0.034383,1634,1,Maroon Street
E14 7GY,E14 7,live,e14-other,200112,,false,E05009329,St Dunstan's,false,false,51.516245,-0.035177,1666,14,Maroon Street
E14 7GZ,E14 7,live,e14-other,201710,,false,E05009327,Mile End,false,false,51.512634,-0.028977,1083,1,St. Anne's Row
E14 7HA,E14 7,live,e14-other,198001,,false,E05009326,Limehouse,false,false,51.511559,-0.028706,978,6,Commercial Road
E14 7HB,E14 7,live,e14-other,200006,,false,E05009326,Limehouse,false,false,51.511763,-0.029044,1011,1,Commercial Road
E14 7HD,E14 7,terminated,terminated-other,198001,199812,true,E05009326,Limehouse,false,false,51.511974,-0.029308,1040,,
E14 7HE,E14 7,terminated,terminated-other,198001,199507,true,E05009326,Limehouse,false,false,51.511375,-0.030026,1026,,
E14 7HF,E14 7,live,e14-other,200006,,false,E05009326,Limehouse,false,false,51.511493,-0.029026,987,1,Gill Street
E14 7HG,E14 7,live,e14-other,198001,,false,E05009327,Mile End,false,false,51.512327,-0.028904,1053,6,Commercial Road
E14 7HH,E14 7,live,e14-other,201802,,false,E05009327,Mile End,false,false,51.513363,-0.030589,1216,2,Canoe Walk
E14 7HJ,E14 7,terminated,terminated-other,198001,200703,false,E05009327,Mile End,false,false,51.513001,-0.029927,1156,,
E14 7HL,E14 7,terminated,terminated-other,198301,199405,true,E05009326,Limehouse,false,false,51.512273,-0.029987,1097,,
E14 7HN,E14 7,live,e14-other,201002,,false,E05009327,Mile End,false,false,51.512679,-0.028990,1087,1,St. Anne's Row
E14 7HP,E14 7,live,e14-other,198001,,false,E05009326,Limehouse,false,false,51.511522,-0.031331,1103,11,Newell Street
E14 7HQ,E14 7,live,e14-other,198410,,false,E05009326,Limehouse,false,false,51.511920,-0.031415,1137,1,Newell Street
E14 7HR,E14 7,live,e14-other,198001,,false,E05009326,Limehouse,false,false,51.511945,-0.031846,1161,4,Newell Street
E14 7HS,E14 7,live,e14-other,198001,,false,E05009326,Limehouse,false,false,51.512299,-0.034713,1339,13,Commercial Road
E14 7HT,E14 7,live,e14-other,198001,,false,E05009326,Limehouse,false,false,51.511885,-0.033665,1253,1,Norway Place
E14 7HU,E14 7,live,e14-other,199806,,false,E05009326,Limehouse,false,false,51.511141,-0.033264,1181,14,Island Row
E14 7HW,E14 7,live,e14-other,200604,,false,E05009326,Limehouse,false,false,51.511815,-0.032716,1197,4,Wharf Lane
E14 7HX,E14 7,live,e14-other,198001,,false,E05009326,Limehouse,false,false,51.511968,-0.033762,1264,3,Island Row
E14 7HY,E14 7,live,e14-other,198001,,false,E05009326,Limehouse,false,false,51.511801,-0.034000,1266,1,Island Row
E14 7HZ,E14 7,live,e14-other,198001,,false,E05009326,Limehouse,false,false,51.512199,-0.034703,1332,1,Mill Place
E14 7JA,E14 7,live,e14-other,200106,,false,E05009326,Limehouse,false,false,51.511858,-0.035813,1372,2,Basin Approach
E14 7JB,E14 7,live,e14-other,200106,,false,E05009326,Limehouse,false,false,51.511760,-0.035313,1337,2,Basin Approach
E14 7JD,E14 7,live,e14-other,198001,,false,E05009332,Shadwell,false,false,51.512626,-0.040291,1680,11,Commercial Road
E14 7JE,E14 7,live,e14-other,198001,,false,E05009332,Shadwell,false,false,51.512313,-0.039353,1606,2,Ratcliffe Lane
E14 7JF,E14 7,live,e14-other,198001,,false,E05009332,Shadwell,false,false,51.512068,-0.039739,1615,1,Ratcliffe Lane
E14 7JG,E14 7,live,e14-other,200305,,false,E05009326,Limehouse,false,false,51.511580,-0.034211,1263,2,Basin Approach
E14 7JH,E14 7,live,e14-other,200205,,false,E05009332,Shadwell,false,false,51.512079,-0.040387,1655,2,Ratcliffe Lane
E14 7JJ,E14 7,live,e14-other,200302,,false,E05009326,Limehouse,false,false,51.511292,-0.034194,1243,3,Basin Approach
E14 7JL,E14 7,live,e14-other,198001,,false,E05009326,Limehouse,false,false,51.511334,-0.039424,1557,1,Branch Road
E14 7JN,E14 7,live,e14-other,200302,,false,E05009326,Limehouse,false,false,51.510835,-0.033753,1189,6,Basin Approach
E14 7JP,E14 7,live,e14-other,198001,,false,E05009326,Limehouse,false,false,51.510963,-0.031744,1085,1,Newell Street
E14 7JQ,E14 7,live,e14-other,198001,,false,E05009332,Shadwell,false,false,51.511697,-0.040158,1621,21,Bekesbourne Street
E14 7JR,E14 7,live,e14-other,200705,,false,E05009326,Limehouse,false,false,51.512503,-0.037817,1527,5,Commercial Road
E14 7JS,E14 7,live,e14-other,200212,,false,E05009326,Limehouse,false,false,51.510870,-0.033161,1158,1,Basin Approach
E14 7JT,E14 7,live,e14-other,199906,,false,E05009326,Limehouse,false,false,51.510819,-0.038178,1454,2,Branch Road
E14 7JU,E14 7,live,e14-other,201509,,false,E05009326,Limehouse,false,false,51.511058,-0.038528,1488,,
E14 7JW,E14 7,live,e14-other,200404,,false,E05009326,Limehouse,false,false,51.511545,-0.031575,1118,1,Newell Street
E14 7JX,E14 7,live,e14-other,199906,,false,E05009326,Limehouse,false,false,51.511298,-0.038878,1522,2,Branch Road
E14 7JY,E14 7,live,e14-other,200006,,false,E05009326,Limehouse,false,false,51.511837,-0.038855,1549,3,Branch Road
E14 7JZ,E14 7,live,e14-other,200012,,false,E05009326,Limehouse,false,false,51.512035,-0.038299,1527,2,Branch Road
E14 7LA,E14 7,live,e14-other,198001,,false,E05009327,Mile End,false,false,51.512660,-0.034265,1340,8,Commercial Road
E14 7LB,E14 7,live,e14-other,200704,,false,E05009326,Limehouse,false,false,51.512389,-0.036900,1467,2,Commercial Road
E14 7LD,E14 7,terminated,terminated-other,198001,199507,true,E05009326,Limehouse,false,false,51.512346,-0.034308,1320,,
E14 7LE,E14 7,live,e14-other,199412,,false,E05009327,Mile End,false,false,51.512620,-0.032422,1242,1,Commercial Road
E14 7LF,E14 7,live,e14-other,198001,,false,E05009327,Mile End,false,false,51.512717,-0.035517,1411,5,Commercial Road
E14 7LG,E14 7,live,e14-other,200604,,false,E05009327,Mile End,false,false,51.513091,-0.035846,1455,1,Commercial Road
E14 7LH,E14 7,live,e14-other,200604,,false,E05009327,Mile End,false,false,51.513598,-0.035508,1473,1,Commercial Road
E14 7LJ,E14 7,live,e14-other,201209,,false,E05009327,Mile End,false,false,51.517864,-0.024456,1482,2,Selsey Street
E14 7LL,E14 7,live,e14-other,198001,,false,E05009329,St Dunstan's,false,false,51.513185,-0.037716,1565,10,Brunton Place
E14 7LN,E14 7,live,e14-other,201304,,false,E05009329,St Dunstan's,false,false,51.517110,-0.037432,1842,21,Greaves Cottages
E14 7LP,E14 7,live,e14-other,200006,,false,E05009329,St Dunstan's,false,false,51.513130,-0.038151,1586,1,Yorkshire Road
E14 7LQ,E14 7,live,e14-other,201511,,false,E05009329,St Dunstan's,false,false,51.515631,-0.034483,1583,2,Frank Whipple Place
E14 7LR,E14 7,live,e14-other,198001,,false,E05009329,St Dunstan's,false,false,51.513318,-0.038143,1597,1,Yorkshire Road
E14 7LS,E14 7,live,e14-other,198001,,false,E05009329,St Dunstan's,false,false,51.513680,-0.038833,1660,26,Flamborough Street
E14 7LT,E14 7,terminated,terminated-other,198001,200007,false,E05009329,St Dunstan's,false,false,51.512928,-0.039010,1622,,
E14 7LU,E14 7,live,e14-other,198001,,false,E05009329,St Dunstan's,false,false,51.513384,-0.039394,1673,16,York Square
E14 7LW,E14 7,live,e14-other,198001,,false,E05009329,St Dunstan's,false,false,51.512919,-0.037915,1559,13,Commercial Road
E14 7LX,E14 7,live,e14-other,198001,,false,E05009329,St Dunstan's,false,false,51.513655,-0.038388,1633,14,Chaseley Street
E14 7LY,E14 7,live,e14-other,200012,,false,E05009329,St Dunstan's,false,false,51.513434,-0.038628,1632,7,Flamborough Walk
E14 7LZ,E14 7,live,e14-other,198001,,false,E05009329,St Dunstan's,false,false,51.514345,-0.038790,1702,19,Salmon Lane
E14 7NA,E14 7,live,e14-other,198001,,false,E05009329,St Dunstan's,false,false,51.514493,-0.038481,1695,31,Salmon Lane
E14 7NB,E14 7,live,e14-other,198001,,false,E05009329,St Dunstan's,false,false,51.515036,-0.037089,1662,9,Camdenhurst Street
E14 7ND,E14 7,live,e14-other,198001,,false,E05009329,St Dunstan's,false,false,51.514620,-0.038000,1679,6,Conder Street
E14 7NE,E14 7,live,e14-other,198001,,false,E05009329,St Dunstan's,false,false,51.515057,-0.038846,1755,15,Aston Street
E14 7NF,E14 7,live,e14-other,198001,,false,E05009329,St Dunstan's,false,false,51.514969,-0.038446,1727,17,Aston Street
E14 7NG,E14 7,live,e14-other,198001,,false,E05009329,St Dunstan's,false,false,51.516155,-0.038367,1812,13,Aston Street
E14 7NH,E14 7,terminated,terminated-other,198001,201503,false,E05009329,St Dunstan's,false,false,51.517287,-0.039385,1950,,
E14 7NJ,E14 7,terminated,terminated-other,198001,201503,false,E05009329,St Dunstan's,false,false,51.516678,-0.039022,1885,,
E14 7NL,E14 7,terminated,terminated-other,198001,201503,false,E05009329,St Dunstan's,false,false,51.515789,-0.039103,1822,,
E14 7NN,E14 7,live,e14-other,198001,,false,E05009329,St Dunstan's,false,false,51.515472,-0.039477,1818,30,Matlock Street
E14 7NP,E14 7,live,e14-other,198001,,false,E05009329,St Dunstan's,false,false,51.514222,-0.039473,1731,19,Barnes Street
E14 7NQ,E14 7,live,e14-other,198001,,false,E05009329,St Dunstan's,false,false,51.517132,-0.038181,1879,19,Aston Street
E14 7NR,E14 7,live,e14-other,198001,,false,E05009329,St Dunstan's,false,false,51.514425,-0.039796,1763,1,Barnes Street
E14 7NS,E14 7,live,e14-other,198001,,false,E05009329,St Dunstan's,false,false,51.513643,-0.040377,1745,4,Wakeling Street
E14 7NT,E14 7,live,e14-other,198001,,false,E05009329,St Dunstan's,false,false,51.512898,-0.039371,1641,13,Commercial Road
E14 7NU,E14 7,live,e14-other,198001,,false,E05009329,St Dunstan's,false,false,51.514830,-0.037141,1649,1,Camdenhurst Street
E14 7NW,E14 7,live,e14-other,198001,,false,E05009329,St Dunstan's,false,false,51.513913,-0.039847,1732,28,Barnes Street
E14 7NX,E14 7,terminated,terminated-other,199412,199501,true,E05009329,St Dunstan's,false,false,51.514215,-0.038551,1680,,
E14 7NZ,E14 7,live,e14-other,201511,,false,E05009329,St Dunstan's,false,false,51.515897,-0.034241,1595,1,Frank Whipple Place
E14 7PA,E14 7,live,e14-other,201802,,false,E05009327,Mile End,false,false,51.513233,-0.030378,1196,1,Canoe Walk
E14 7PB,E14 7,live,e14-other,201307,,false,E05009326,Limehouse,false,false,51.512360,-0.037305,1489,1,Pinnacle Way
E14 7PD,E14 7,live,e14-other,201603,,false,E05009326,Limehouse,false,false,51.512238,-0.033246,1256,3,Wharf Lane
E14 7PE,E14 7,live,e14-other,201608,,false,E05009327,Mile End,false,false,51.514890,-0.026761,1220,1,Coalmakers Wharf
E14 7PF,E14 7,live,e14-other,201702,,false,E05009327,Mile End,false,false,51.512780,-0.029648,1124,1,St. Anne Street
E14 7PG,E14 7,live,e14-other,198001,,false,E05009327,Mile End,false,false,51.513454,-0.032833,1327,10,Salmon Lane
E14 7PH,E14 7,live,e14-other,198001,,false,E05009327,Mile End,false,false,51.514057,-0.033398,1403,1,Salmon Lane
E14 7PJ,E14 7,live,e14-other,201812,,false,E05009327,Mile End,false,false,51.513825,-0.034013,1414,1,Salmon Street
E14 7PL,E14 7,live,e14-other,198001,,false,E05009329,St Dunstan's,false,false,51.513860,-0.036635,1552,1,Salmon Lane
E14 7PN,E14 7,live,e14-other,198001,,false,E05009329,St Dunstan's,false,false,51.513525,-0.036505,1521,1,Salmon Lane
E14 7PP,E14 7,terminated,terminated-other,199812,201003,false,E05009327,Mile End,false,false,51.513840,-0.026922,1120,,
E14 7PQ,E14 7,live,e14-other,198001,,false,E05009327,Mile End,false,false,51.513730,-0.033758,1394,18,Salmon Lane
E14 7PR,E14 7,live,e14-other,198001,,false,E05009329,St Dunstan's,false,false,51.514218,-0.036533,1572,1,Salmon Lane
E14 7PS,E14 7,live,e14-other,198001,,false,E05009327,Mile End,false,false,51.513127,-0.035312,1429,2,Lowell Street
E14 7PT,E14 7,live,e14-other,201612,,false,E05009327,Mile End,false,false,51.512980,-0.029784,1148,1,St. Anne Street
E14 7PU,E14 7,live,e14-other,198001,,false,E05009329,St Dunstan's,false,false,51.514338,-0.036773,1594,1,Brenton Street
E14 7PW,E14 7,live,e14-other,198001,,false,E05009329,St Dunstan's,false,false,51.513862,-0.036217,1530,2,Salmon Lane
E14 7PX,E14 7,live,e14-other,199812,,false,E05009329,St Dunstan's,false,false,51.515245,-0.036676,1657,18,Repton Street
E14 7PY,E14 7,live,e14-other,199812,,false,E05009329,St Dunstan's,false,false,51.514651,-0.036630,1609,6,Brenton Street
E14 7PZ,E14 7,live,e14-other,200505,,false,E05009329,St Dunstan's,false,false,51.515285,-0.035824,1618,1,Repton Street
E14 7QA,E14 7,live,e14-other,201701,,false,E05009327,Mile End,false,false,51.512565,-0.029686,1108,1,St. Anne Street
E14 7QB,E14 7,live,e14-other,201701,,false,E05009327,Mile End,false,false,51.513187,-0.029270,1144,1,St. Anne Street
E14 7QD,E14 7,terminated,terminated-other,198001,200203,false,E05009329,St Dunstan's,false,false,51.515630,-0.035521,1631,,
E14 7QE,E14 7,terminated,terminated-other,198001,200203,false,E05009329,St Dunstan's,false,false,51.515832,-0.035181,1632,,
E14 7QF,E14 7,terminated,terminated-other,198001,200203,false,E05009329,St Dunstan's,false,false,51.516173,-0.035152,1659,,
E14 7QG,E14 7,terminated,terminated-other,198001,200203,false,E05009329,St Dunstan's,false,false,51.516282,-0.035752,1696,,
E14 7QH,E14 7,terminated,terminated-other,198001,200203,false,E05009329,St Dunstan's,false,false,51.515580,-0.036273,1663,,
E14 7QJ,E14 7,terminated,terminated-other,198001,200203,false,E05009329,St Dunstan's,false,false,51.515885,-0.036245,1686,,
E14 7QL,E14 7,terminated,terminated-other,198001,200203,false,E05009329,St Dunstan's,false,false,51.516074,-0.036237,1701,,
E14 7QN,E14 7,live,e14-other,198001,,false,E05009329,St Dunstan's,false,false,51.515902,-0.036677,1709,17,Causton Cottages
E14 7QP,E14 7,live,e14-other,198001,,false,E05009329,St Dunstan's,false,false,51.516124,-0.037085,1746,6,Batten Cottages
E14 7QQ,E14 7,terminated,terminated-other,198001,200203,false,E05009329,St Dunstan's,false,false,51.515851,-0.035814,1663,,
E14 7QR,E14 7,live,e14-other,198001,,false,E05009329,St Dunstan's,false,false,51.515722,-0.037203,1720,6,Berry Cottages
E14 7QS,E14 7,live,e14-other,198001,,false,E05009329,St Dunstan's,false,false,51.515506,-0.037227,1705,6,Bradshaw Cottages
E14 7QT,E14 7,terminated,terminated-other,198001,200203,false,E05009329,St Dunstan's,false,false,51.515613,-0.037698,1737,,
E14 7QU,E14 7,terminated,terminated-other,198001,200203,false,E05009329,St Dunstan's,false,false,51.516107,-0.037662,1773,,
E14 7QW,E14 7,live,e14-other,198001,,false,E05009329,St Dunstan's,false,false,51.516350,-0.037133,1766,6,Bailey Cottages
E14 7QX,E14 7,terminated,terminated-other,198001,200203,false,E05009329,St Dunstan's,false,false,51.516287,-0.037655,1787,,
E14 7QY,E14 7,live,e14-other,198001,,false,E05009329,St Dunstan's,false,false,51.516150,-0.038064,1796,10,Ames Cottages
E14 7QZ,E14 7,live,e14-other,201701,,false,E05009327,Mile End,false,false,51.513370,-0.028902,1146,1,Keymer Place
E14 7RA,E14 7,live,e14-other,200106,,false,E05009329,St Dunstan's,false,false,51.516692,-0.036109,1746,36,Galsworthy Avenue
E14 7RB,E14 7,live,e14-other,201701,,false,E05009327,Mile End,false,false,51.513109,-0.028884,1122,1,Keymer Place
E14 7RD,E14 7,live,e14-other,201702,,false,E05009327,Mile End,false,false,51.512877,-0.028981,1105,1,St. Anne's Row
E14 7RE,E14 7,live,e14-other,200112,,false,E05009329,St Dunstan's,false,false,51.516996,-0.034929,1720,20,Eastfield Street
E14 7RF,E14 7,live,e14-other,200112,,false,E05009329,St Dunstan's,false,false,51.517020,-0.034207,1691,17,Jamuna Close
E14 7RG,E14 7,live,e14-other,200112,,false,E05009329,St Dunstan's,false,false,51.516555,-0.035942,1727,6,Maroon Street
E14 7RH,E14 7,live,e14-other,198001,,false,E05009329,St Dunstan's,false,false,51.515620,-0.035435,1626,11,Carr Street
E14 7RJ,E14 7,terminated,terminated-other,198001,200704,false,E05009329,St Dunstan's,false,false,51.515244,-0.035509,1600,,
E14 7RL,E14 7,live,e14-other,198001,,false,E05009329,St Dunstan's,false,false,51.514960,-0.036271,1615,15,Blount Street
E14 7RN,E14 7,terminated,terminated-other,200705,200909,true,E05009329,St Dunstan's,false,false,51.514829,-0.036017,1592,,
E14 7RP,E14 7,terminated,terminated-other,198001,200203,false,E05009329,St Dunstan's,false,false,51.516166,-0.034734,1640,,
E14 7RQ,E14 7,live,e14-other,200112,,false,E05009329,St Dunstan's,false,false,51.516537,-0.034905,1679,11,Maroon Street
E14 7RR,E14 7,terminated,terminated-other,198001,199912,false,E05009329,St Dunstan's,false,false,51.516508,-0.034734,1669,,
E14 7RS,E14 7,live,e14-other,198001,,false,E05009329,St Dunstan's,false,false,51.516646,-0.037077,1788,7,Maroon Street
E14 7RT,E14 7,terminated,terminated-other,198001,199912,false,E05009329,St Dunstan's,false,false,51.516670,-0.034237,1661,,
E14 7RU,E14 7,terminated,terminated-other,198001,199912,false,E05009329,St Dunstan's,false,false,51.517055,-0.034148,1692,,
E14 7RW,E14 7,terminated,terminated-other,198307,201502,false,E05009329,St Dunstan's,false,false,51.515460,-0.035024,1594,,
E14 7RX,E14 7,terminated,terminated-other,198307,199912,false,E05009329,St Dunstan's,false,false,51.517214,-0.035006,1742,,
E14 7RY,E14 7,terminated,terminated-other,198001,199912,false,E05009329,St Dunstan's,false,false,51.517074,-0.035271,1741,,
E14 7RZ,E14 7,terminated,terminated-other,198001,199912,false,E05009329,St Dunstan's,false,false,51.516813,-0.035268,1719,,
E14 7SA,E14 7,terminated,terminated-other,198001,199912,false,E05009329,St Dunstan's,false,false,51.516590,-0.035350,1703,,
E14 7SB,E14 7,terminated,terminated-other,198001,199912,false,E05009329,St Dunstan's,false,false,51.516695,-0.035749,1730,,
E14 7SD,E14 7,terminated,terminated-other,198001,199912,false,E05009329,St Dunstan's,false,false,51.516984,-0.035780,1756,,
E14 7SE,E14 7,terminated,terminated-other,198001,199912,false,E05009329,St Dunstan's,false,false,51.517261,-0.035710,1777,,
E14 7SF,E14 7,terminated,terminated-other,198001,199912,false,E05009329,St Dunstan's,false,false,51.517663,-0.036082,1828,,
E14 7SG,E14 7,terminated,terminated-other,198001,199912,false,E05009329,St Dunstan's,false,false,51.517277,-0.036113,1796,,
E14 7SH,E14 7,live,e14-other,198001,,false,E05009329,St Dunstan's,false,false,51.517096,-0.036597,1802,23,Donoghue Cottages
E14 7SJ,E14 7,live,e14-other,198001,,false,E05009329,St Dunstan's,false,false,51.517614,-0.036891,1859,6,Elsa Cottages
E14 7SL,E14 7,live,e14-other,198001,,false,E05009329,St Dunstan's,false,false,51.517408,-0.036929,1844,6,Burroughs Cottages
E14 7SN,E14 7,live,e14-other,198001,,false,E05009329,St Dunstan's,false,false,51.516616,-0.038001,1830,2,Maroon Street
E14 7SP,E14 7,terminated,terminated-other,200106,200203,false,E05009329,St Dunstan's,false,false,51.516460,-0.035658,1706,,
E14 7SQ,E14 7,terminated,terminated-other,198001,199912,false,E05009329,St Dunstan's,false,false,51.516685,-0.036182,1749,,
E14 7SR,E14 7,terminated,terminated-other,200106,200203,false,E05009329,St Dunstan's,false,false,51.516506,-0.035714,1713,,
E14 7SS,E14 7,live,e14-other,198001,,false,E05009329,St Dunstan's,false,false,51.517707,-0.036008,1828,3,Halley Street
E14 7ST,E14 7,terminated,terminated-other,199712,199812,true,E05009327,Mile End,false,false,51.515098,-0.032200,1437,,
E14 7SU,E14 7,live,e14-other,198001,,false,E05009329,St Dunstan's,false,false,51.517010,-0.035735,1756,46,Carr Street
E14 7SW,E14 7,terminated,terminated-other,200106,200203,false,E05009329,St Dunstan's,false,false,51.517468,-0.037849,1891,,
E14 7SX,E14 7,live,e14-other,198001,,false,E05009329,St Dunstan's,false,false,51.517733,-0.035430,1806,1,Carr Street
E14 7SY,E14 7,live,e14-other,200112,,false,E05009329,St Dunstan's,false,false,51.516885,-0.035280,1725,11,Carr Street
E14 7SZ,E14 7,live,e14-other,201607,,false,E05009327,Mile End,false,false,51.513800,-0.027168,1124,1,Clyde Square
E14 7TA,E14 7,live,e14-other,201607,,false,E05009327,Mile End,false,false,51.514061,-0.027186,1150,1,Clyde Square
E14 7TB,E14 7,live,e14-other,201607,,false,E05009327,Mile End,false,false,51.514289,-0.026859,1163,1,Clyde Square
E14 7TD,E14 7,live,e14-other,201607,,false,E05009327,Mile End,false,false,51.513996,-0.026555,1124,1,Clyde Square
E14 7TE,E14 7,live,e14-other,198001,,false,E05009327,Mile End,false,false,51.513744,-0.030832,1260,1,Southwater Close
E14 7TF,E14 7,live,e14-other,198001,,false,E05009327,Mile End,false,false,51.513940,-0.031760,1317,2,Norbiton Road
E14 7TG,E14 7,live,e14-other,198001,,false,E05009327,Mile End,false,false,51.514254,-0.031184,1319,1,Norbiton Road
E14 7TH,E14 7,live,e14-other,198001,,false,E05009327,Mile End,false,false,51.514943,-0.032596,1440,2,Carbis Road
E14 7TJ,E14 7,live,e14-other,198001,,false,E05009327,Mile End,false,false,51.514487,-0.032731,1407,1,Norbiton Road
E14 7TL,E14 7,live,e14-other,198001,,false,E05009327,Mile End,false,false,51.515690,-0.033688,1552,4,Rhodeswell Road
E14 7TN,E14 7,live,e14-other,198001,,false,E05009327,Mile End,false,false,51.516673,-0.033314,1623,1,Rhodeswell Road
E14 7TP,E14 7,live,e14-other,198001,,false,E05009327,Mile End,false,false,51.515266,-0.032034,1444,5,Dora Street
E14 7TQ,E14 7,live,e14-other,198001,,false,E05009327,Mile End,false,false,51.514590,-0.031934,1381,1,Norbiton Road
E14 7TR,E14 7,live,e14-other,198001,,false,E05009327,Mile End,false,false,51.516197,-0.031749,1517,20,Clemence Street
E14 7TS,E14 7,live,e14-other,198001,,false,E05009327,Mile End,false,false,51.515878,-0.032556,1521,1,Clemence Street
E14 7TT,E14 7,live,e14-other,198001,,false,E05009327,Mile End,false,false,51.515401,-0.033124,1503,1,Rhodeswell Road
E14 7TU,E14 7,live,e14-other,202109,,false,E05009327,Mile End,false,false,51.513925,-0.033029,1375,1,Lydbrook Place
E14 7TW,E14 7,live,e14-other,198001,,false,E05009327,Mile End,false,false,51.514913,-0.032972,1454,12,Rhodeswell Road
E14 7TX,E14 7,live,e14-other,198001,,false,E05009327,Mile End,false,false,51.514439,-0.034693,1496,1,Parnham Street
E14 7TY,E14 7,live,e14-other,201805,,false,E05009327,Mile End,false,false,51.513858,-0.026892,1121,1,Clyde Square
E14 7TZ,E14 7,live,e14-other,198001,,false,E05009327,Mile End,false,false,51.514763,-0.034708,1522,1,Tomlin's Terrace
E14 7UA,E14 7,live,e14-other,201909,,false,E05009327,Mile End,false,false,51.516912,-0.027236,1440,2,Masjid Lane
E14 7UB,E14 7,terminated,terminated-other,198001,200911,false,E05009327,Mile End,false,false,51.513244,-0.034269,1383,,
E14 7UD,E14 7,live,e14-other,201804,,false,E05009327,Mile End,false,false,51.517089,-0.026522,1441,1,Masjid Lane
E14 7UE,E14 7,live,e14-other,198001,,false,E05009327,Mile End,false,false,51.514962,-0.033719,1492,1,Rhodeswell Road
E14 7UF,E14 7,live,e14-other,198001,,false,E05009327,Mile End,false,false,51.514568,-0.034356,1490,2,Rhodeswell Road
E14 7UJ,E14 7,live,e14-other,201902,,false,E05009329,St Dunstan's,false,false,51.516862,-0.038740,1885,1,Aston Street
E14 7UL,E14 7,live,e14-other,201906,,false,E05009329,St Dunstan's,false,false,51.516752,-0.039119,1895,1,Pechora Way
E14 7UN,E14 7,live,e14-other,201906,,false,E05009329,St Dunstan's,false,false,51.516362,-0.038934,1856,1,Pechora Way
E14 7UP,E14 7,live,e14-other,201906,,false,E05009329,St Dunstan's,false,false,51.516028,-0.038848,1826,1,Aston Street
E14 7UQ,E14 7,live,e14-other,201809,,false,E05009329,St Dunstan's,false,false,51.516145,-0.038872,1836,1,Aston Street
E14 7UR,E14 7,live,e14-other,201812,,false,E05009329,St Dunstan's,false,false,51.515736,-0.039134,1819,4,Oman Way
E14 7UT,E14 7,live,e14-other,202008,,false,E05009327,Mile End,false,false,51.515098,-0.026276,1228,1,Thomas Road
E14 7UU,E14 7,live,e14-other,202008,,false,E05009327,Mile End,false,false,51.515098,-0.026276,1228,1,Thomas Road
E14 7UW,E14 7,live,e14-other,201907,,false,E05009327,Mile End,false,false,51.515440,-0.026334,1265,1,Thomas Road
E14 7UX,E14 7,live,e14-other,201908,,false,E05009327,Mile End,false,false,51.515498,-0.026043,1263,1,Thomas Road
E14 7UY,E14 7,live,e14-other,202110,,false,E05009327,Mile End,false,false,51.513738,-0.027272,1121,1,Dod Street
E14 7UZ,E14 7,terminated,terminated-other,200707,200801,true,E05009327,Mile End,false,false,51.514568,-0.034356,1490,,
E14 7WA,E14 7,terminated,terminated-other,200112,200310,true,E05009327,Mile End,false,false,51.514568,-0.034356,1490,,
E14 7WB,E14 7,terminated,terminated-other,200112,201010,true,E05009327,Mile End,false,false,51.513198,-0.028275,1106,,
E14 7WD,E14 7,terminated,terminated-other,200206,200305,true,E05009327,Mile End,false,false,51.514568,-0.034356,1490,,
E14 7WE,E14 7,terminated,terminated-other,200302,200403,true,E05009327,Mile End,false,false,51.514568,-0.034356,1490,,
E14 7WF,E14 7,terminated,terminated-other,200303,201007,true,E05009327,Mile End,false,false,51.513198,-0.028275,1106,,
E14 7WG,E14 7,terminated,terminated-other,200303,200405,true,E05009327,Mile End,false,false,51.514568,-0.034356,1490,,
E14 7WH,E14 7,terminated,terminated-other,200307,200601,true,E05009327,Mile End,false,false,51.513198,-0.028275,1106,,
E14 7WJ,E14 7,terminated,terminated-other,200309,200808,true,E05009327,Mile End,false,false,51.513198,-0.028275,1106,,
E14 7WL,E14 7,terminated,terminated-other,200309,200810,true,E05009327,Mile End,false,false,51.513198,-0.028275,1106,,
E14 7WN,E14 7,terminated,terminated-other,200310,200704,true,E05009327,Mile End,false,false,51.513198,-0.028275,1106,,
E14 7WP,E14 7,terminated,terminated-other,201409,201710,true,E05009327,Mile End,false,false,51.513162,-0.028291,1103,,
E14 7WQ,E14 7,terminated,terminated-other,200207,200603,true,E05009327,Mile End,false,false,51.513198,-0.028275,1106,,
E14 7WR,E14 7,terminated,terminated-other,200307,200601,true,E05009327,Mile End,false,false,51.513198,-0.028275,1106,,
E14 7WS,E14 7,terminated,terminated-other,200303,201007,true,E05009327,Mile End,false,false,51.513198,-0.028275,1106,,
E14 7WT,E14 7,terminated,terminated-other,200206,200603,true,E05009327,Mile End,false,false,51.513198,-0.028275,1106,,
E14 7WU,E14 7,terminated,terminated-other,200405,200605,true,E05009327,Mile End,false,false,51.513198,-0.028275,1106,,
E14 7WW,E14 7,terminated,terminated-other,200410,200709,true,E05009327,Mile End,false,false,51.513198,-0.028275,1106,,
E14 7WX,E14 7,terminated,terminated-other,200410,200603,true,E05009327,Mile End,false,false,51.513198,-0.028275,1106,,
E14 7WY,E14 7,terminated,terminated-other,200611,200911,true,E05009327,Mile End,false,false,51.513198,-0.028275,1106,,
E14 7WZ,E14 7,terminated,terminated-other,200207,200309,true,E05009327,Mile End,false,false,51.514568,-0.034356,1490,,
E14 7XA,E14 7,terminated,terminated-other,200311,200806,true,E05009327,Mile End,false,false,51.513198,-0.028275,1106,,
E14 7XB,E14 7,terminated,terminated-other,199806,201002,true,E05009327,Mile End,false,false,51.513198,-0.028275,1106,,
E14 7XD,E14 7,terminated,terminated-other,199806,199812,true,E05009327,Mile End,false,false,51.515098,-0.032200,1437,,
E14 7XE,E14 7,terminated,terminated-other,199806,199912,true,E05009327,Mile End,false,false,51.514997,-0.032608,1445,,
E14 7XF,E14 7,terminated,terminated-other,200307,200601,true,E05009327,Mile End,false,false,51.513198,-0.028275,1106,,
E14 7XG,E14 7,terminated,terminated-other,199806,199912,true,E05009327,Mile End,false,false,51.514997,-0.032608,1445,,
E14 7XH,E14 7,terminated,terminated-other,199806,199912,true,E05009327,Mile End,false,false,51.514997,-0.032608,1445,,
E14 7XJ,E14 7,live,e14-other,199906,,true,E05009327,Mile End,false,false,51.513162,-0.028291,1103,,
E14 7XL,E14 7,terminated,terminated-other,199904,200009,true,E05009327,Mile End,false,false,51.514143,-0.034230,1450,,
E14 7XN,E14 7,terminated,terminated-other,199912,200101,true,E05009327,Mile End,false,false,51.514753,-0.032546,1422,,
E14 7XP,E14 7,terminated,terminated-other,200106,200205,true,E05009327,Mile End,false,false,51.513198,-0.028275,1106,,
E14 7XQ,E14 7,terminated,terminated-other,199806,199912,true,E05009327,Mile End,false,false,51.514997,-0.032608,1445,,
E14 7XR,E14 7,terminated,terminated-other,200106,200207,true,E05009327,Mile End,false,false,51.513198,-0.028275,1106,,
E14 7XS,E14 7,terminated,terminated-other,200106,200603,true,E05009327,Mile End,false,false,51.513198,-0.028275,1106,,
E14 7XT,E14 7,terminated,terminated-other,200411,200701,true,E05009327,Mile End,false,false,51.513198,-0.028275,1106,,
E14 7XU,E14 7,live,e14-other,202307,,false,E05009327,Mile End,false,false,51.514239,-0.035120,1502,1,Salmon Lane
E14 7XW,E14 7,terminated,terminated-other,200006,200111,true,E05009327,Mile End,false,false,51.513198,-0.028275,1106,,
E14 7XY,E14 7,live,e14-other,202304,,false,E05009329,St Dunstan's,false,false,51.513140,-0.040413,1717,4,Krupa Mews
E14 7XZ,E14 7,terminated,terminated-other,200212,200701,true,E05009327,Mile End,false,false,51.513198,-0.028275,1106,,
E14 7YA,E14 7,live,e14-other,202605,,false,E05009326,Limehouse,false,false,51.511740,-0.031408,1123,,
E14 7YB,E14 7,terminated,terminated-other,200205,200308,true,E05009327,Mile End,false,false,51.513198,-0.028275,1106,,
E14 7YD,E14 7,live,e14-other,202601,,false,E05009327,Mile End,false,false,51.512540,-0.030350,1136,,
E14 7YE,E14 7,live,e14-other,202601,,false,E05009327,Mile End,false,false,51.512466,-0.030743,1148,,
E14 7YF,E14 7,live,e14-other,202601,,false,E05009327,Mile End,false,false,51.512451,-0.030945,1156,,
E14 7YG,E14 7,live,e14-other,202601,,false,E05009327,Mile End,false,false,51.512499,-0.030554,1142,,
E14 7YQ,E14 7,terminated,terminated-other,200301,200604,true,E05009327,Mile End,false,false,51.513198,-0.028275,1106,,
E14 7YT,E14 7,terminated,terminated-other,200407,200608,true,E05009327,Mile End,false,false,51.513198,-0.028275,1106,,
E14 7YX,E14 7,live,e14-other,202001,,false,E05009327,Mile End,false,false,51.515322,-0.025704,1237,1,Thomas Road
E14 7YZ,E14 7,terminated,terminated-other,200303,200408,true,E05009327,Mile End,false,false,51.513198,-0.028275,1106,,
E14 8AA,E14 8,live,cw-box-other-ward,199208,,false,E05009326,Limehouse,false,true,51.509694,-0.027418,766,2,Trinidad Street
E14 8AB,E14 8,live,cw-box-other-ward,198001,,false,E05009326,Limehouse,false,true,51.509611,-0.027263,752,7,Trinidad Street
E14 8AD,E14 8,live,cw-box-other-ward,198001,,false,E05009326,Limehouse,false,true,51.509569,-0.028014,787,1,Limehouse Causeway
E14 8AE,E14 8,live,e14-other,198001,,false,E05009326,Limehouse,false,false,51.510113,-0.028250,840,4,Stocks Place
E14 8AF,E14 8,live,cw-box-other-ward,198001,,false,E05009326,Limehouse,false,true,51.509732,-0.028584,829,1,Gill Street
E14 8AG,E14 8,live,cw-box-other-ward,198001,,false,E05009326,Limehouse,false,true,51.509492,-0.029286,850,1,Limehouse Causeway
E14 8AH,E14 8,live,cw-box-other-ward,198001,,false,E05009326,Limehouse,false,true,51.509937,-0.029540,894,1,Three Colt Street
E14 8AJ,E14 8,live,cw-box-other-ward,198001,,false,E05009326,Limehouse,false,true,51.509937,-0.029540,894,1,Three Colt Street
E14 8AL,E14 8,live,e14-other,199812,,false,E05009326,Limehouse,false,false,51.510609,-0.027277,833,1,Rich Street
E14 8AN,E14 8,live,e14-other,200805,,false,E05009326,Limehouse,false,false,51.510053,-0.028411,843,1,Gill Street
E14 8AP,E14 8,live,cw-box-other-ward,198001,,false,E05009326,Limehouse,false,true,51.508547,-0.029816,823,12,Three Colt Street
E14 8AQ,E14 8,live,e14-other,198001,,false,E05009326,Limehouse,false,false,51.510365,-0.029882,943,2,Limehouse Causeway
E14 8AR,E14 8,terminated,terminated-other,198001,199405,false,E05009326,Limehouse,false,false,51.508679,-0.030142,850,,
E14 8AS,E14 8,live,cw-box-other-ward,199906,,false,E05009326,Limehouse,false,true,51.508843,-0.027051,683,1,Milligan Street
E14 8AT,E14 8,live,cw-box-other-ward,199606,,false,E05009326,Limehouse,false,true,51.508449,-0.028783,756,12,Milligan Street
E14 8AU,E14 8,live,cw-box-other-ward,199612,,false,E05009326,Limehouse,false,true,51.508123,-0.028105,697,25,Milligan Street
E14 8AW,E14 8,terminated,terminated-other,198001,199405,false,E05009326,Limehouse,false,false,51.507780,-0.030181,808,,
E14 8AX,E14 8,live,e14-other,199706,,false,E05009326,Limehouse,false,false,51.507738,-0.030370,818,2,Three Colt Street
E14 8AY,E14 8,live,e14-other,199706,,false,E05009326,Limehouse,false,false,51.508000,-0.030935,866,1,Three Colt Street
E14 8AZ,E14 8,live,cw-box-other-ward,199706,,false,E05009326,Limehouse,false,true,51.508015,-0.029724,790,1,Three Colt Street
E14 8BA,E14 8,live,e14-other,199906,,false,E05009326,Limehouse,false,false,51.510108,-0.027948,824,2,Rich Street
E14 8BB,E14 8,live,e14-other,199706,,false,E05009326,Limehouse,false,false,51.508459,-0.032054,957,1,Narrow Street
E14 8BD,E14 8,live,e14-other,199706,,false,E05009326,Limehouse,false,false,51.508633,-0.031167,910,1,Narrow Street
E14 8BE,E14 8,terminated,terminated-cw,198001,200808,false,E05009326,Limehouse,false,true,51.509852,-0.026676,743,,
E14 8BF,E14 8,live,e14-other,200012,,false,E05009326,Limehouse,false,false,51.509005,-0.034581,1142,16,Blyths Wharf
E14 8BG,E14 8,live,e14-other,199612,,false,E05009326,Limehouse,false,false,51.510597,-0.035132,1257,4,Victory Place
E14 8BH,E14 8,terminated,terminated-cw,198001,201308,false,E05009326,Limehouse,false,true,51.509859,-0.027051,761,,
E14 8BJ,E14 8,live,e14-other,199612,,false,E05009326,Limehouse,false,false,51.510272,-0.035031,1233,3,Victory Place
E14 8BL,E14 8,live,cw-box-other-ward,202307,,false,E05009326,Limehouse,false,true,51.509211,-0.027021,709,1,Salter Street
E14 8BN,E14 8,live,cw-box-other-ward,198001,,false,E05009326,Limehouse,false,true,51.509185,-0.029241,827,1,Saunders Close
E14 8BP,E14 8,live,e14-other,198001,,false,E05009326,Limehouse,false,false,51.508547,-0.032987,1020,24,Narrow Street
E14 8BQ,E14 8,live,e14-other,199612,,false,E05009326,Limehouse,false,false,51.510385,-0.034277,1194,4,Victory Place
E14 8BS,E14 8,live,e14-other,198001,,false,E05009326,Limehouse,false,false,51.510247,-0.031977,1051,1,Oak Lane
E14 8BT,E14 8,live,e14-other,198001,,false,E05009326,Limehouse,false,false,51.509954,-0.034310,1172,8,Northey Street
E14 8BU,E14 8,live,e14-other,200406,,false,E05009326,Limehouse,false,false,51.508468,-0.032572,991,1,Narrow Street
E14 8BW,E14 8,terminated,terminated-other,200501,200501,false,E05009326,Limehouse,false,false,51.508650,-0.032737,1009,,
E14 8BX,E14 8,live,e14-other,198001,,false,E05009326,Limehouse,false,false,51.509174,-0.033392,1075,12,Ropemakers Fields
E14 8BY,E14 8,live,e14-other,198803,,false,E05009326,Limehouse,false,false,51.509655,-0.034741,1183,4,Roy Square
E14 8BZ,E14 8,live,e14-other,199002,,false,E05009326,Limehouse,false,false,51.509221,-0.035638,1219,1,Narrow Street
E14 8DA,E14 8,live,e14-other,198001,,false,E05009326,Limehouse,false,false,51.509496,-0.033321,1087,1,Brightlingsea Place
E14 8DB,E14 8,live,e14-other,199812,,false,E05009326,Limehouse,false,false,51.509389,-0.033902,1118,19,Brightlingsea Place
E14 8DD,E14 8,live,e14-other,199712,,false,E05009326,Limehouse,false,false,51.509401,-0.036769,1299,1,Narrow Street
E14 8DE,E14 8,live,e14-other,198001,,false,E05009326,Limehouse,false,false,51.509317,-0.030662,918,2,Barleycorn Way
E14 8DF,E14 8,live,e14-other,200301,,false,E05009326,Limehouse,false,false,51.510306,-0.038690,1462,1,Horseferry Road
E14 8DG,E14 8,live,e14-other,199606,,false,E05009326,Limehouse,false,false,51.509881,-0.039112,1470,1,Narrow Street
E14 8DH,E14 8,live,e14-other,198710,,false,E05009326,Limehouse,false,false,51.509966,-0.042019,1662,1,Narrow Street
E14 8DJ,E14 8,live,e14-other,199706,,false,E05009326,Limehouse,false,false,51.509706,-0.038312,1411,2,Narrow Street
E14 8DL,E14 8,live,e14-other,199002,,false,E05009326,Limehouse,false,false,51.510445,-0.041120,1623,11,St. George's Square
E14 8DN,E14 8,live,e14-other,200208,,false,E05009326,Limehouse,false,false,51.510306,-0.038690,1462,5,Narrow Street
E14 8DP,E14 8,live,e14-other,198001,,false,E05009326,Limehouse,false,false,51.510074,-0.039896,1528,13,Narrow Street
E14 8DQ,E14 8,live,e14-other,198001,,false,E05009326,Limehouse,false,false,51.509968,-0.041083,1601,7,Narrow Street
E14 8DR,E14 8,terminated,terminated-other,198001,201803,false,E05009326,Limehouse,false,false,51.509960,-0.030937,973,,
E14 8DS,E14 8,live,e14-other,198001,,true,E05009332,Shadwell,false,false,51.511594,-0.041488,1698,5,Butcher Row
E14 8DT,E14 8,live,e14-other,200006,,false,E05009328,Poplar,false,false,51.511175,-0.026201,839,6,Berber Place
E14 8DU,E14 8,terminated,terminated-other,198001,200306,false,E05009326,Limehouse,false,false,51.510810,-0.041435,1659,,
E14 8DW,E14 8,live,e14-other,200206,,false,E05009326,Limehouse,false,false,51.510319,-0.039482,1512,1,Narrow Street
E14 8DX,E14 8,live,e14-other,200206,,false,E05009326,Limehouse,false,false,51.510319,-0.039482,1512,3,Narrow Street
E14 8DY,E14 8,live,e14-other,199101,,false,E05009326,Limehouse,false,false,51.510241,-0.038030,1417,4,Horseferry Road
E14 8DZ,E14 8,live,e14-other,198001,,false,E05009326,Limehouse,false,false,51.510538,-0.040179,1567,1,Horseferry Road
E14 8EA,E14 8,live,e14-other,200301,,false,E05009326,Limehouse,false,false,51.510306,-0.038690,1462,1,Horseferry Road
E14 8EB,E14 8,live,e14-other,198001,,false,E05009326,Limehouse,false,false,51.510376,-0.040229,1563,1,Spert Street
E14 8ED,E14 8,live,e14-other,200006,,false,E05009328,Poplar,false,false,51.511050,-0.025702,808,1,Birchfield Street
E14 8EE,E14 8,terminated,terminated-other,198001,200108,false,E05009332,Shadwell,false,false,51.510693,-0.043026,1756,,
E14 8EF,E14 8,terminated,terminated-other,199201,199212,true,E05009326,Limehouse,false,false,51.511519,-0.038667,1521,,
E14 8EG,E14 8,live,e14-other,199007,,false,E05009326,Limehouse,false,false,51.510468,-0.037646,1404,11,Goodhart Place
E14 8EH,E14 8,live,e14-other,199712,,false,E05009326,Limehouse,false,false,51.509706,-0.035617,1240,9,Albert Mews
E14 8EJ,E14 8,live,e14-other,199712,,false,E05009326,Limehouse,false,false,51.509744,-0.035198,1216,1,Narrow Street
E14 8EL,E14 8,live,e14-other,198001,,false,E05009328,Poplar,false,false,51.510276,-0.021931,621,2,Morant Street
E14 8EN,E14 8,live,e14-other,199712,,false,E05009326,Limehouse,false,false,51.509772,-0.036350,1289,2,Narrow Street
E14 8EP,E14 8,live,cw-box-other-ward,198001,,false,E05009328,Poplar,false,true,51.509878,-0.023908,633,1,Rosefield Gardens
E14 8EQ,E14 8,live,e14-other,199007,,false,E05009326,Limehouse,false,false,51.510045,-0.037102,1349,6,Goodhart Place
E14 8ER,E14 8,live,e14-other,198001,,false,E05009328,Poplar,false,false,51.510441,-0.023725,682,3,Rosefield Gardens
E14 8ES,E14 8,live,e14-other,198001,,false,E05009328,Poplar,false,false,51.510553,-0.024498,718,10,Pinefield Close
E14 8ET,E14 8,live,e14-other,198001,,false,E05009328,Poplar,false,false,51.510990,-0.025344,790,8,Birchfield Street
E14 8EU,E14 8,live,e14-other,200301,,false,E05009326,Limehouse,false,false,51.510306,-0.038690,1462,1,Narrow Street
E14 8EW,E14 8,live,cw-box-other-ward,198001,,false,E05009328,Poplar,false,true,51.509878,-0.023908,633,1,Rosefield Gardens
E14 8EX,E14 8,terminated,terminated-other,198001,201212,true,E05009328,Poplar,false,false,51.510645,-0.025662,769,,
E14 8EY,E14 8,live,e14-other,198001,,false,E05009328,Poplar,false,false,51.510242,-0.025218,714,1,Birchfield Street
E14 8EZ,E14 8,live,e14-other,198001,,false,E05009328,Poplar,false,false,51.511406,-0.027603,917,7,West India Dock Road
E14 8FA,E14 8,live,cw-core,201807,,false,E05009323,Canary Wharf,true,true,51.499753,-0.023424,634,1,Havannah Street
E14 8FB,E14 8,terminated,terminated-other,199812,200603,true,E05009327,Mile End,false,false,51.513198,-0.028275,1106,,
E14 8FD,E14 8,live,cw-core,201710,,false,E05009323,Canary Wharf,true,true,51.501427,-0.025657,576,1,Cuba Street
E14 8FE,E14 8,terminated,terminated-cw,199906,200007,true,E05009323,Canary Wharf,true,true,51.502864,-0.026056,509,,
E14 8FF,E14 8,terminated,terminated-other,200012,200602,true,E05009327,Mile End,false,false,51.513198,-0.028275,1106,,
E14 8FG,E14 8,terminated,terminated-other,199906,200303,true,E05009327,Mile End,false,false,51.513198,-0.028275,1106,,
E14 8FH,E14 8,terminated,terminated-other,199912,200603,true,E05009327,Mile End,false,false,51.513198,-0.028275,1106,,
E14 8FJ,E14 8,terminated,terminated-other,199912,200010,true,E05009326,Limehouse,false,false,51.510428,-0.027184,814,,
E14 8FL,E14 8,terminated,terminated-cw,199912,200011,true,E05009323,Canary Wharf,true,true,51.502864,-0.026056,509,,
E14 8FN,E14 8,live,e14-other,200407,,false,E05009328,Poplar,false,false,51.511260,-0.025347,816,1,Birchfield Street
E14 8FP,E14 8,terminated,terminated-other,200006,200602,true,E05009327,Mile End,false,false,51.513198,-0.028275,1106,,
E14 8FQ,E14 8,live,cw-core,201812,,false,E05009323,Canary Wharf,true,true,51.502848,-0.025639,484,1,Westferry Road
E14 8FR,E14 8,terminated,terminated-other,200006,200109,true,E05009327,Mile End,false,false,51.513198,-0.028275,1106,,
E14 8FS,E14 8,terminated,terminated-other,200006,200205,true,E05009327,Mile End,false,false,51.513198,-0.028275,1106,,
E14 8FT,E14 8,terminated,terminated-other,200006,200306,true,E05009327,Mile End,false,false,51.513198,-0.028275,1106,,
E14 8FU,E14 8,live,cw-box-other-ward,202302,,false,E05009326,Limehouse,false,true,51.509710,-0.026754,735,2,Salter Street
E14 8FW,E14 8,terminated,terminated-cw,199912,200006,true,E05009326,Limehouse,false,true,51.507921,-0.028936,736,,
E14 8FX,E14 8,terminated,terminated-other,200012,200205,true,E05009327,Mile End,false,false,51.513198,-0.028275,1106,,
E14 8FY,E14 8,terminated,terminated-other,200007,200010,true,E05009328,Poplar,false,false,51.511091,-0.026536,844,,
E14 8FZ,E14 8,terminated,terminated-other,200106,200205,true,E05009327,Mile End,false,false,51.513198,-0.028275,1106,,
E14 8GA,E14 8,terminated,terminated-other,200106,200509,true,E05009327,Mile End,false,false,51.513198,-0.028275,1106,,
E14 8GB,E14 8,live,cw-core,200605,,false,E05009323,Canary Wharf,true,true,51.500995,-0.025647,609,1,Manilla Street
E14 8GD,E14 8,live,cw-core,200511,,false,E05009323,Canary Wharf,true,true,51.500981,-0.025316,595,1,Manilla Street
E14 8GE,E14 8,live,cw-core,200507,,false,E05009323,Canary Wharf,true,true,51.500974,-0.024899,576,1,Manilla Street
E14 8GF,E14 8,live,cw-core,200605,,false,E05009323,Canary Wharf,true,true,51.500626,-0.025648,639,1,Byng Street
E14 8GG,E14 8,live,cw-core,200512,,false,E05009323,Canary Wharf,true,true,51.500646,-0.025215,618,1,Byng Street
E14 8GH,E14 8,live,cw-core,200506,,false,E05009323,Canary Wharf,true,true,51.500658,-0.024869,602,1,Byng Street
E14 8GJ,E14 8,terminated,terminated-cw,200808,200910,false,E05009323,Canary Wharf,true,true,51.500669,-0.024998,606,,
E14 8GL,E14 8,live,e14-other,200908,,false,E05009326,Limehouse,false,false,51.511449,-0.029634,1013,1,Three Colt Street
E14 8GN,E14 8,live,e14-other,200908,,false,E05009326,Limehouse,false,false,51.511619,-0.029597,1025,1,Three Colt Street
E14 8GP,E14 8,live,e14-other,200906,,false,E05009326,Limehouse,false,false,51.511798,-0.029518,1035,1,Three Colt Street
E14 8GQ,E14 8,live,e14-other,200908,,false,E05009326,Limehouse,false,false,51.512023,-0.029551,1056,1,Three Colt Street
E14 8GR,E14 8,live,cw-core,201001,,false,E05009323,Canary Wharf,true,true,51.508303,-0.025965,587,1,Garford Street
E14 8GS,E14 8,live,cw-core,200912,,false,E05009323,Canary Wharf,true,true,51.508165,-0.025769,567,2,Stonehouse Mews
E14 8GT,E14 8,live,cw-core,201105,,false,E05009323,Canary Wharf,true,true,51.499850,-0.023881,639,1,St. Lukes Mews
E14 8GU,E14 8,live,cw-ward,201402,,false,E05009323,Canary Wharf,true,false,51.496559,-0.020667,932,4,Tiller Road
E14 8GW,E14 8,live,cw-core,200909,,false,E05009323,Canary Wharf,true,true,51.501911,-0.025579,537,1,Westferry Road
E14 8GX,E14 8,terminated,terminated-other,200112,200210,true,E05009327,Mile End,false,false,51.513198,-0.028275,1106,,
E14 8GY,E14 8,terminated,terminated-other,200610,201105,false,E05009326,Limehouse,false,false,51.510828,-0.030122,989,,
E14 8GZ,E14 8,live,cw-core,200911,,false,E05009323,Canary Wharf,true,true,51.501658,-0.024941,523,1,Cuba Street
E14 8HA,E14 8,terminated,terminated-other,199201,199507,true,E05009326,Limehouse,false,false,51.510428,-0.027184,814,,
E14 8HB,E14 8,live,e14-other,198001,,false,E05009328,Poplar,false,false,51.511238,-0.027221,886,1,West India Dock Road
E14 8HD,E14 8,live,e14-other,198001,,false,E05009326,Limehouse,false,false,51.511230,-0.028375,936,2,Beccles Street
E14 8HE,E14 8,live,e14-other,198001,,false,E05009326,Limehouse,false,false,51.510751,-0.028741,914,1,Beccles Street
E14 8HF,E14 8,live,e14-other,198001,,false,E05009326,Limehouse,false,false,51.510751,-0.028741,914,1,Beccles Street
E14 8HG,E14 8,live,e14-other,198001,,false,E05009326,Limehouse,false,false,51.510824,-0.029372,951,2,Gill Street
E14 8HH,E14 8,live,e14-other,198001,,false,E05009326,Limehouse,false,false,51.511190,-0.029731,997,7,Three Colt Street
E14 8HJ,E14 8,live,e14-other,198001,,false,E05009326,Limehouse,false,false,51.510459,-0.030671,992,1,Three Colt Street
E14 8HL,E14 8,live,e14-other,199706,,false,E05009326,Limehouse,false,false,51.510287,-0.027392,812,1,Grenade Street
E14 8HN,E14 8,live,cw-box-other-ward,198001,,false,E05009328,Poplar,false,true,51.509864,-0.025220,680,6,West India Dock Road
E14 8HP,E14 8,live,cw-box-other-ward,198001,,false,E05009328,Poplar,false,true,51.509701,-0.024607,641,7,Pennyfields
E14 8HQ,E14 8,live,e14-other,198001,,false,E05009326,Limehouse,false,false,51.511254,-0.028720,953,1,Gill Street
E14 8HR,E14 8,terminated,terminated-cw,198001,199806,false,E05009323,Canary Wharf,true,true,51.508582,-0.024382,532,,
E14 8HS,E14 8,live,cw-box-other-ward,198001,,false,E05009328,Poplar,false,true,51.509337,-0.023312,560,2,Pennyfields
E14 8HT,E14 8,live,cw-box-other-ward,198001,,false,E05009328,Poplar,false,true,51.508996,-0.021741,481,6,Ming Street
E14 8HU,E14 8,live,e14-other,198001,,false,E05009326,Limehouse,false,false,51.509998,-0.031051,982,1,Three Colt Street
E14 8HW,E14 8,live,cw-box-other-ward,198001,,false,E05009328,Poplar,false,true,51.509763,-0.025109,666,1,Pennyfields
E14 8HX,E14 8,live,e14-other,199812,,false,E05009326,Limehouse,false,false,51.510262,-0.028042,841,1,Grenade Street
E14 8HY,E14 8,live,e14-other,198001,,false,E05009328,Poplar,false,false,51.510525,-0.022842,667,3,Kemps Drive
E14 8HZ,E14 8,live,e14-other,198001,,false,E05009326,Limehouse,false,false,51.510804,-0.030843,1025,1,Three Colt Street
E14 8JA,E14 8,live,e14-other,198001,,false,E05009326,Limehouse,false,false,51.511244,-0.028144,926,3,West India Dock Road
E14 8JB,E14 8,terminated,terminated-cw,198307,200610,false,E05009323,Canary Wharf,true,true,51.508289,-0.025663,570,,
E14 8JD,E14 8,terminated,terminated-cw,198001,200808,false,E05009326,Limehouse,false,true,51.509639,-0.026296,707,,
E14 8JE,E14 8,live,cw-core,200006,,false,E05009323,Canary Wharf,true,true,51.498268,-0.026039,867,2,Westferry Road
E14 8JF,E14 8,live,cw-core,200006,,false,E05009323,Canary Wharf,true,true,51.498373,-0.026394,870,1,Westferry Road
E14 8JG,E14 8,live,cw-core,198001,,false,E05009323,Canary Wharf,true,true,51.508639,-0.025619,594,19,Garford Street
E14 8JH,E14 8,live,cw-core,198001,,false,E05009323,Canary Wharf,true,true,51.500807,-0.025698,627,13,Westferry Road; Tobago Street
E14 8JJ,E14 8,live,cw-core,199301,,false,E05009323,Canary Wharf,true,true,51.508195,-0.024399,500,2,Hertsmere Road
E14 8JL,E14 8,live,cw-core,199002,,false,E05009323,Canary Wharf,true,true,51.502456,-0.026981,586,1,Westferry Road
E14 8JN,E14 8,live,cw-core,199002,,false,E05009323,Canary Wharf,true,true,51.502456,-0.026981,586,1,Westferry Road
E14 8JP,E14 8,live,cw-core,200602,,false,E05009323,Canary Wharf,true,true,51.499405,-0.026292,772,1,Hutchings Street
E14 8JQ,E14 8,live,cw-core,199806,,false,E05009323,Canary Wharf,true,true,51.508253,-0.026745,626,2,Garford Street
E14 8JR,E14 8,live,cw-core,200309,,false,E05009323,Canary Wharf,true,true,51.499303,-0.027147,819,1,Hutchings Street
E14 8JS,E14 8,live,cw-core,200006,,false,E05009323,Canary Wharf,true,true,51.498472,-0.026923,882,1,Westferry Road
E14 8JT,E14 8,live,cw-core,198001,,false,E05009323,Canary Wharf,true,true,51.502864,-0.026056,509,4,Westferry Road
E14 8JU,E14 8,terminated,terminated-cw,199812,200311,false,E05009323,Canary Wharf,true,true,51.506988,-0.028010,635,,
E14 8JW,E14 8,live,cw-core,199002,,false,E05009323,Canary Wharf,true,true,51.502456,-0.026981,586,1,Westferry Road
E14 8JX,E14 8,live,cw-core,200407,,false,E05009323,Canary Wharf,true,true,51.499680,-0.027116,786,1,Hutchings Street
E14 8JY,E14 8,live,cw-core,199812,,false,E05009323,Canary Wharf,true,true,51.498923,-0.026471,823,1,Hutchings Street
E14 8JZ,E14 8,live,cw-core,200106,,false,E05009323,Canary Wharf,true,true,51.501266,-0.025693,590,3,Manilla Street
E14 8LA,E14 8,live,cw-core,199007,,false,E05009323,Canary Wharf,true,true,51.502104,-0.026348,568,11,Chandlers Mews
E14 8LB,E14 8,live,cw-core,198001,,false,E05009323,Canary Wharf,true,true,51.501696,-0.026150,583,2,Cuba Street
E14 8LD,E14 8,live,cw-core,198001,,false,E05009323,Canary Wharf,true,true,51.501289,-0.023848,503,2,Cuba Street
E14 8LE,E14 8,live,cw-core,200402,,false,E05009323,Canary Wharf,true,true,51.499303,-0.027147,819,1,Hutchings Street
E14 8LF,E14 8,terminated,terminated-cw,198001,200801,true,E05009323,Canary Wharf,true,true,51.501423,-0.024346,513,,
E14 8LG,E14 8,live,cw-core,198001,,false,E05009323,Canary Wharf,true,true,51.500912,-0.023360,519,2,Manilla Street
E14 8LH,E14 8,live,cw-core,198001,,false,E05009323,Canary Wharf,true,true,51.499137,-0.023710,705,42,Alpha Grove
E14 8LJ,E14 8,terminated,terminated-cw,200508,200602,false,E05009323,Canary Wharf,true,true,51.499303,-0.027147,819,,
E14 8LL,E14 8,terminated,terminated-cw,198001,199912,false,E05009323,Canary Wharf,true,true,51.498994,-0.022722,694,,
E14 8LN,E14 8,live,cw-ward,199806,,false,E05009323,Canary Wharf,true,false,51.497999,-0.027188,935,2,Westferry Road
E14 8LP,E14 8,live,cw-core,198001,,false,E05009323,Canary Wharf,true,true,51.500224,-0.024196,614,1,Byng Street
E14 8LQ,E14 8,live,cw-core,198001,,false,E05009323,Canary Wharf,true,true,51.500358,-0.025170,641,1,Byng Street
E14 8LR,E14 8,live,cw-core,199806,,false,E05009323,Canary Wharf,true,true,51.501328,-0.026180,611,1,Westferry Road
E14 8LS,E14 8,live,cw-core,199806,,false,E05009323,Canary Wharf,true,true,51.500844,-0.026302,653,1,Westferry Road
E14 8LT,E14 8,live,cw-core,198510,,false,E05009323,Canary Wharf,true,true,51.499980,-0.024120,635,3,Strafford Street
E14 8LU,E14 8,live,cw-core,199806,,false,E05009323,Canary Wharf,true,true,51.500186,-0.026201,701,1,Westferry Road
E14 8LW,E14 8,live,cw-core,198001,,false,E05009323,Canary Wharf,true,true,51.499017,-0.026222,804,11,Westferry Road
E14 8LX,E14 8,live,cw-core,198001,,false,E05009323,Canary Wharf,true,true,51.500230,-0.023476,589,1,Strafford Street
E14 8LY,E14 8,live,cw-core,198001,,false,E05009323,Canary Wharf,true,true,51.498379,-0.023584,779,3,Malabar Street
E14 8LZ,E14 8,live,cw-core,199906,,false,E05009323,Canary Wharf,true,true,51.500236,-0.027049,738,1,Westferry Road
E14 8NA,E14 8,live,cw-core,198001,,false,E05009323,Canary Wharf,true,true,51.499692,-0.024075,661,7,Havannah Street
E14 8NB,E14 8,terminated,terminated-cw,199812,202506,false,E05009323,Canary Wharf,true,true,51.500825,-0.024617,576,,
E14 8ND,E14 8,terminated,terminated-cw,198001,199806,false,E05009323,Canary Wharf,true,false,51.497847,-0.027728,971,,
E14 8NE,E14 8,live,cw-core,199007,,false,E05009323,Canary Wharf,true,true,51.501945,-0.027061,620,1,Cuba Street
E14 8NF,E14 8,live,cw-core,199007,,false,E05009323,Canary Wharf,true,true,51.501945,-0.027061,620,1,Cuba Street
E14 8NG,E14 8,live,cw-core,199912,,false,E05009323,Canary Wharf,true,true,51.501485,-0.026966,643,1,Westferry Road
E14 8NH,E14 8,live,cw-core,198001,,false,E05009323,Canary Wharf,true,true,51.498133,-0.025526,861,1,Westferry Road
E14 8NJ,E14 8,live,cw-ward,198510,,false,E05009323,Canary Wharf,true,false,51.495959,-0.022969,1024,51,Claire Place
E14 8NL,E14 8,terminated,terminated-cw,199201,199507,false,E05009323,Canary Wharf,true,false,51.496025,-0.026366,1097,,
E14 8NN,E14 8,live,cw-ward,198510,,false,E05009323,Canary Wharf,true,false,51.496278,-0.023214,993,28,Tiller Road
E14 8NP,E14 8,live,cw-ward,198001,,false,E05009323,Canary Wharf,true,false,51.496766,-0.024951,981,1,Mellish Street
E14 8NQ,E14 8,live,cw-core,199906,,false,E05009323,Canary Wharf,true,true,51.500859,-0.027151,696,1,Westferry Road
E14 8NR,E14 8,live,cw-ward,200401,,false,E05009323,Canary Wharf,true,false,51.495753,-0.021955,1032,2,Tiller Road
E14 8NS,E14 8,live,cw-ward,198001,,false,E05009323,Canary Wharf,true,false,51.496989,-0.023774,929,3,Mellish Street
E14 8NT,E14 8,live,cw-ward,198001,,false,E05009323,Canary Wharf,true,false,51.496970,-0.025346,971,1,Westferry Road
E14 8NU,E14 8,live,cw-ward,198001,,false,E05009323,Canary Wharf,true,false,51.496970,-0.025346,971,1,Westferry Road
E14 8NW,E14 8,live,cw-box-other-ward,201402,,false,E05009326,Limehouse,false,true,51.509832,-0.027066,759,5,Salter Street
E14 8NX,E14 8,terminated,terminated-cw,198704,201909,true,E05009323,Canary Wharf,true,false,51.494925,-0.021948,1123,,
E14 8NY,E14 8,live,cw-core,199912,,false,E05009323,Canary Wharf,true,true,51.500333,-0.022664,554,6,Bosun Close
E14 8NZ,E14 8,live,cw-core,199912,,false,E05009323,Canary Wharf,true,true,51.499193,-0.022771,675,29,Alpha Grove
E14 8PA,E14 8,terminated,terminated-cw,198001,199507,false,E05009323,Canary Wharf,true,false,51.495977,-0.023487,1031,,
E14 8PB,E14 8,live,cw-ward,198001,,false,E05009323,Canary Wharf,true,false,51.497420,-0.023741,883,1,Janet Street
E14 8PD,E14 8,live,cw-ward,199507,,false,E05009323,Canary Wharf,true,false,51.495994,-0.025561,1077,5,Caravel Close
E14 8PE,E14 8,live,cw-ward,198001,,false,E05009323,Canary Wharf,true,false,51.495861,-0.020870,1010,1,Starboard Way
E14 8PF,E14 8,live,cw-ward,198001,,false,E05009323,Canary Wharf,true,false,51.496132,-0.020440,978,1,Tiller Road
E14 8PG,E14 8,live,cw-ward,198001,,false,E05009323,Canary Wharf,true,false,51.497949,-0.023099,813,1,Alpha Grove
E14 8PH,E14 8,live,cw-ward,198001,,false,E05009323,Canary Wharf,true,false,51.497090,-0.022300,891,2,Mellish Street
E14 8PJ,E14 8,live,cw-ward,198001,,false,E05009323,Canary Wharf,true,false,51.496849,-0.020294,898,27,Mellish Street
E14 8PL,E14 8,live,cw-ward,198001,,false,E05009323,Canary Wharf,true,false,51.497099,-0.021263,877,1,Mellish Street
E14 8PN,E14 8,live,cw-ward,198001,,false,E05009323,Canary Wharf,true,false,51.497109,-0.020268,869,16,Mellish Street
E14 8PP,E14 8,live,cw-ward,199507,,false,E05009323,Canary Wharf,true,false,51.495949,-0.019699,996,2,Omega Close
E14 8PQ,E14 8,live,cw-ward,198307,,false,E05009323,Canary Wharf,true,false,51.497761,-0.022660,824,30,Alpha Grove
E14 8PR,E14 8,live,cw-ward,199507,,false,E05009323,Canary Wharf,true,false,51.496744,-0.023670,953,3,Mellish Street
E14 8PS,E14 8,live,cw-ward,198307,,false,E05009323,Canary Wharf,true,false,51.496216,-0.021128,973,1,Tiller Road
E14 8PT,E14 8,live,cw-ward,198001,,false,E05009323,Canary Wharf,true,false,51.496555,-0.021517,939,1,Tiller Road
E14 8PU,E14 8,live,cw-ward,198001,,false,E05009323,Canary Wharf,true,false,51.496542,-0.022324,951,1,Tiller Road
E14 8PW,E14 8,terminated,terminated-cw,198001,201210,false,E05009323,Canary Wharf,true,false,51.496559,-0.020177,929,,
E14 8PX,E14 8,live,cw-ward,198001,,false,E05009323,Canary Wharf,true,false,51.496112,-0.024576,1039,10,Tiller Road
E14 8PY,E14 8,live,cw-ward,198001,,false,E05009323,Canary Wharf,true,false,51.496476,-0.024315,995,11,Tiller Road
E14 8PZ,E14 8,live,cw-ward,198001,,false,E05009323,Canary Wharf,true,false,51.496474,-0.024157,992,1,Tiller Road
E14 8QA,E14 8,terminated,terminated-cw,198001,199012,false,E05009323,Canary Wharf,true,false,51.495127,-0.026405,1188,,
E14 8QB,E14 8,live,cw-core,198001,,false,E05009323,Canary Wharf,true,true,51.498039,-0.026308,898,1,Westferry Road
E14 8QD,E14 8,terminated,terminated-cw,199412,199507,true,E05009323,Canary Wharf,true,false,51.496025,-0.026366,1097,,
E14 8QE,E14 8,live,cw-ward,198001,,false,E05009323,Canary Wharf,true,false,51.497331,-0.024883,921,1,Cheval Street
E14 8QF,E14 8,live,cw-ward,198001,,false,E05009323,Canary Wharf,true,false,51.497690,-0.023787,856,1,Janet Street
E14 8QG,E14 8,live,cw-box-other-ward,202302,,false,E05009326,Limehouse,false,true,51.509710,-0.026754,735,2,Salter Street
E14 8QJ,E14 8,terminated,terminated-other,199109,199212,true,E05009324,Island Gardens,false,false,51.489613,-0.019441,1701,,
E14 8QL,E14 8,terminated,terminated-other,199208,199507,true,E05009324,Island Gardens,false,false,51.490512,-0.019402,1601,,
E14 8QN,E14 8,live,cw-box-other-ward,202208,,false,E05009326,Limehouse,false,true,51.509631,-0.026354,709,1,Limehouse Causeway
E14 8QP,E14 8,terminated,terminated-other,200112,200207,true,E05009327,Mile End,false,false,51.513198,-0.028275,1106,,
E14 8QQ,E14 8,live,cw-ward,202312,,false,E05009323,Canary Wharf,true,false,51.496802,-0.021751,915,1,Mellish Street
E14 8QR,E14 8,terminated,terminated-other,198001,199012,false,E05009324,Island Gardens,false,false,51.490512,-0.019402,1601,,
E14 8QS,E14 8,live,cw-core,202312,,false,E05009323,Canary Wharf,true,true,51.500928,-0.023791,533,1,Manilla Street
E14 8QT,E14 8,terminated,terminated-other,198001,199012,false,E05009324,Island Gardens,false,false,51.490536,-0.020841,1601,,
E14 8QU,E14 8,terminated,terminated-other,198001,199012,false,E05009324,Island Gardens,false,false,51.490536,-0.020841,1601,,
E14 8QW,E14 8,live,cw-core,202312,,false,E05009323,Canary Wharf,true,true,51.500928,-0.023791,533,1,Manilla Street
E14 8QX,E14 8,terminated,terminated-other,198001,199012,false,E05009324,Island Gardens,false,false,51.489638,-0.020880,1701,,
E14 8QY,E14 8,terminated,terminated-other,198001,199012,false,E05009324,Island Gardens,false,false,51.489638,-0.020880,1701,,
E14 8QZ,E14 8,terminated,terminated-other,198001,199012,false,E05009324,Island Gardens,false,false,51.489638,-0.020880,1701,,
E14 8RA,E14 8,terminated,terminated-other,198001,199012,false,E05009324,Island Gardens,false,false,51.489638,-0.020880,1701,,
E14 8RB,E14 8,terminated,terminated-other,198001,199012,false,E05009324,Island Gardens,false,false,51.489638,-0.020880,1701,,
E14 8RD,E14 8,terminated,terminated-other,198001,199012,false,E05009324,Island Gardens,false,false,51.488739,-0.020919,1801,,
E14 8RE,E14 8,terminated,terminated-other,202302,202307,false,E05009328,Poplar,false,false,51.511502,-0.027441,918,,
E14 8RF,E14 8,terminated,terminated-other,200112,200602,true,E05009327,Mile End,false,false,51.513198,-0.028275,1106,,
E14 8RG,E14 8,terminated,terminated-other,198001,199012,false,E05009324,Island Gardens,false,false,51.488763,-0.022359,1806,,
E14 8RH,E14 8,live,cw-core,200006,,false,E05009323,Canary Wharf,true,true,51.506164,-0.028219,621,1,Westferry Circus
E14 8RJ,E14 8,live,cw-core,200006,,false,E05009323,Canary Wharf,true,true,51.507150,-0.029070,710,1,Westferry Circus
E14 8RL,E14 8,live,cw-core,200006,,false,E05009323,Canary Wharf,true,true,51.507150,-0.029070,710,1,Westferry Circus
E14 8RN,E14 8,live,cw-core,200006,,false,E05009323,Canary Wharf,true,true,51.507232,-0.028043,647,1,Westferry Circus
E14 8RP,E14 8,live,cw-core,200006,,false,E05009323,Canary Wharf,true,true,51.506372,-0.027734,595,1,Westferry Circus
E14 8RQ,E14 8,terminated,terminated-other,198001,199012,false,E05009324,Island Gardens,false,false,51.490512,-0.019402,1601,,
E14 8RR,E14 8,live,cw-core,200006,,false,E05009323,Canary Wharf,true,true,51.506089,-0.028035,607,7,Westferry Circus
E14 8RS,E14 8,live,cw-core,199912,,true,E05009323,Canary Wharf,true,true,51.506690,-0.027951,620,1,Westferry Circus
E14 8RT,E14 8,terminated,terminated-cw,199912,201901,true,E05009323,Canary Wharf,true,true,51.506227,-0.027683,587,,
E14 8RU,E14 8,terminated,terminated-other,198001,199012,false,E05009324,Island Gardens,false,false,51.492431,-0.026521,1471,,
E14 8RW,E14 8,live,cw-core,200106,,false,E05009323,Canary Wharf,true,true,51.507232,-0.028043,647,1,Westferry Circus
E14 8RX,E14 8,live,cw-box-other-ward,202405,,false,E05009326,Limehouse,false,true,51.509027,-0.027836,739,1,Limehouse Causeway
E14 8RY,E14 8,terminated,terminated-other,198001,199012,false,E05009324,Island Gardens,false,false,51.490609,-0.025160,1638,,
E14 8RZ,E14 8,terminated,terminated-other,198001,199012,true,E05009324,Island Gardens,false,false,51.491508,-0.025121,1540,,
E14 8SA,E14 8,live,cw-core,199512,,false,E05009323,Canary Wharf,true,true,51.508468,-0.026707,639,1,Premiere Place
E14 8SB,E14 8,live,cw-core,199512,,false,E05009323,Canary Wharf,true,true,51.508834,-0.026533,656,1,Premiere Place
E14 8SD,E14 8,live,cw-core,199512,,false,E05009323,Canary Wharf,true,true,51.508965,-0.026297,653,1,Premiere Place
E14 8SE,E14 8,live,cw-core,199512,,false,E05009323,Canary Wharf,true,true,51.508938,-0.025765,625,1,Premiere Place
E14 8SF,E14 8,live,cw-core,199512,,false,E05009323,Canary Wharf,true,true,51.508872,-0.025594,612,1,Premiere Place
E14 8SG,E14 8,terminated,terminated-cw,198001,199012,true,E05009323,Canary Wharf,true,false,51.494228,-0.026444,1282,,
E14 8SH,E14 8,live,cw-core,198001,,false,E05009323,Canary Wharf,true,true,51.498809,-0.025079,781,5,The Quarterdeck
E14 8SJ,E14 8,live,cw-ward,198001,,false,E05009323,Canary Wharf,true,false,51.497920,-0.024584,853,3,The Quarterdeck
E14 8SL,E14 8,live,cw-core,198001,,false,E05009323,Canary Wharf,true,true,51.499787,-0.024907,682,1,The Quarterdeck
E14 8SN,E14 8,live,cw-core,198001,,false,E05009323,Canary Wharf,true,true,51.499787,-0.024907,682,1,The Quarterdeck
E14 8SP,E14 8,live,cw-core,198001,,false,E05009323,Canary Wharf,true,true,51.498746,-0.024534,769,1,The Quarterdeck
E14 8SQ,E14 8,live,cw-core,202502,,false,E05009323,Canary Wharf,true,true,51.501342,-0.024378,521,1,Cuba Street
E14 8SR,E14 8,live,cw-ward,198001,,false,E05009323,Canary Wharf,true,false,51.497892,-0.025090,871,1,The Quarterdeck
E14 8SS,E14 8,live,cw-ward,198001,,false,E05009323,Canary Wharf,true,false,51.497892,-0.025090,871,1,The Quarterdeck
E14 8ST,E14 8,terminated,terminated-cw,198402,199012,false,E05009323,Canary Wharf,true,true,51.506833,-0.027340,585,,
E14 8SU,E14 8,terminated,terminated-cw,198301,199012,true,E05009323,Canary Wharf,true,true,51.507683,-0.024421,461,,
E14 8SW,E14 8,live,cw-core,198001,,false,E05009323,Canary Wharf,true,true,51.498746,-0.024534,769,1,The Quarterdeck
E14 8SX,E14 8,terminated,terminated-cw,198301,199012,true,E05009323,Canary Wharf,true,true,51.507683,-0.024421,461,,
E14 8SY,E14 8,terminated,terminated-cw,202502,202503,false,E05009323,Canary Wharf,true,true,51.498746,-0.024534,769,,
E14 8SZ,E14 8,terminated,terminated-cw,199002,199112,true,E05009323,Canary Wharf,true,true,51.507683,-0.024421,461,,
E14 8TA,E14 8,terminated,terminated-cw,198303,199012,true,E05009323,Canary Wharf,true,true,51.507683,-0.024421,461,,
E14 8TB,E14 8,terminated,terminated-cw,198301,199012,true,E05009323,Canary Wharf,true,true,51.507683,-0.024421,461,,
E14 8TD,E14 8,terminated,terminated-cw,198303,199012,true,E05009323,Canary Wharf,true,true,51.507683,-0.024421,461,,
E14 8TE,E14 8,terminated,terminated-cw,198303,199012,true,E05009323,Canary Wharf,true,true,51.507683,-0.024421,461,,
E14 8TF,E14 8,terminated,terminated-cw,202502,202503,false,E05009323,Canary Wharf,true,true,51.498746,-0.024534,769,,
E14 8TG,E14 8,terminated,terminated-cw,198303,199012,true,E05009323,Canary Wharf,true,true,51.507683,-0.024421,461,,
E14 8TH,E14 8,terminated,terminated-cw,198307,199012,true,E05009323,Canary Wharf,true,true,51.507683,-0.024421,461,,
E14 8TJ,E14 8,terminated,terminated-cw,198303,199012,true,E05009323,Canary Wharf,true,true,51.507683,-0.024421,461,,
E14 8TL,E14 8,terminated,terminated-cw,202502,202503,false,E05009323,Canary Wharf,true,true,51.498746,-0.024534,769,,
E14 8TN,E14 8,terminated,terminated-cw,198303,199012,true,E05009323,Canary Wharf,true,true,51.507683,-0.024421,461,,
E14 8TP,E14 8,terminated,terminated-cw,202502,202503,false,E05009323,Canary Wharf,true,true,51.498746,-0.024534,769,,
E14 8TQ,E14 8,terminated,terminated-cw,198303,199012,true,E05009323,Canary Wharf,true,true,51.507683,-0.024421,461,,
E14 8TR,E14 8,live,cw-core,202508,,false,E05009323,Canary Wharf,true,true,51.500804,-0.024445,571,1,Manilla Street
E14 8TT,E14 8,live,cw-core,202508,,false,E05009323,Canary Wharf,true,true,51.500804,-0.024445,571,1,Manilla Street
E14 8TW,E14 8,terminated,terminated-cw,198303,199012,true,E05009323,Canary Wharf,true,true,51.507683,-0.024421,461,,
E14 8UA,E14 8,terminated,terminated-other,199002,199012,false,E05009324,Island Gardens,false,false,51.491508,-0.025121,1540,,
E14 8UB,E14 8,terminated,terminated-other,199002,199012,false,E05009324,Island Gardens,false,false,51.491508,-0.025121,1540,,
E14 8UD,E14 8,terminated,terminated-other,199002,199012,false,E05009324,Island Gardens,false,false,51.491508,-0.025121,1540,,
E14 8UE,E14 8,terminated,terminated-other,199002,199012,false,E05009324,Island Gardens,false,false,51.491508,-0.025121,1540,,
E14 8UF,E14 8,terminated,terminated-other,199002,199012,false,E05009324,Island Gardens,false,false,51.491508,-0.025121,1540,,
E14 8UG,E14 8,terminated,terminated-other,199002,199012,false,E05009324,Island Gardens,false,false,51.491508,-0.025121,1540,,
E14 8UH,E14 8,terminated,terminated-other,199002,199012,false,E05009324,Island Gardens,false,false,51.491532,-0.026560,1566,,
E14 8UJ,E14 8,terminated,terminated-other,199002,199012,false,E05009324,Island Gardens,false,false,51.491532,-0.026560,1566,,
E14 8UL,E14 8,terminated,terminated-other,199002,199012,false,E05009324,Island Gardens,false,false,51.491532,-0.026560,1566,,
E14 8UQ,E14 8,terminated,terminated-other,200207,200809,true,E05009327,Mile End,false,false,51.513198,-0.028275,1106,,
E14 8UZ,E14 8,terminated,terminated-other,200704,200905,true,E05009327,Mile End,false,false,51.513198,-0.028275,1106,,
E14 8WA,E14 8,terminated,terminated-cw,200112,200211,true,E05009323,Canary Wharf,true,true,51.498746,-0.024534,769,,
E14 8WB,E14 8,terminated,terminated-cw,200206,200306,true,E05009323,Canary Wharf,true,true,51.498746,-0.024534,769,,
E14 8WD,E14 8,terminated,terminated-cw,200205,200310,true,E05009323,Canary Wharf,true,true,51.498746,-0.024534,769,,
E14 8WE,E14 8,terminated,terminated-cw,200205,200306,true,E05009323,Canary Wharf,true,true,51.498746,-0.024534,769,,
E14 8WF,E14 8,terminated,terminated-other,200304,200805,true,E05009327,Mile End,false,false,51.513198,-0.028275,1106,,
E14 8WG,E14 8,terminated,terminated-cw,200206,200507,true,E05009323,Canary Wharf,true,true,51.498746,-0.024534,769,,
E14 8WH,E14 8,terminated,terminated-cw,200212,200403,true,E05009323,Canary Wharf,true,true,51.498746,-0.024534,769,,
E14 8WJ,E14 8,terminated,terminated-other,200304,200806,true,E05009327,Mile End,false,false,51.513198,-0.028275,1106,,
E14 8WL,E14 8,terminated,terminated-other,200206,200806,true,E05009327,Mile End,false,false,51.513198,-0.028275,1106,,
E14 8WN,E14 8,terminated,terminated-other,200610,200809,true,E05009327,Mile End,false,false,51.513198,-0.028275,1106,,
E14 8WP,E14 8,terminated,terminated-cw,200501,200501,true,E05009323,Canary Wharf,true,true,51.498746,-0.024534,769,,
E14 8WQ,E14 8,terminated,terminated-other,200401,200604,true,E05009327,Mile End,false,false,51.513198,-0.028275,1106,,
E14 8WR,E14 8,terminated,terminated-other,200403,201404,true,E05009327,Mile End,false,false,51.513198,-0.028275,1106,,
E14 8WS,E14 8,terminated,terminated-cw,200304,200407,true,E05009323,Canary Wharf,true,true,51.498746,-0.024534,769,,
E14 8WT,E14 8,terminated,terminated-other,200406,200601,true,E05009327,Mile End,false,false,51.513198,-0.028275,1106,,
E14 8WU,E14 8,terminated,terminated-cw,200502,200506,true,E05009323,Canary Wharf,true,true,51.498746,-0.024534,769,,
E14 8WW,E14 8,terminated,terminated-other,200501,200604,true,E05009327,Mile End,false,false,51.513198,-0.028275,1106,,
E14 8WX,E14 8,terminated,terminated-other,200410,200602,true,E05009327,Mile End,false,false,51.513198,-0.028275,1106,,
E14 8WY,E14 8,terminated,terminated-other,200407,200601,true,E05009327,Mile End,false,false,51.513198,-0.028275,1106,,
E14 8WZ,E14 8,terminated,terminated-cw,200410,200509,true,E05009323,Canary Wharf,true,true,51.498746,-0.024534,769,,
E14 8XA,E14 8,terminated,terminated-other,200210,200311,true,E05009327,Mile End,false,false,51.513198,-0.028275,1106,,
E14 8XB,E14 8,terminated,terminated-other,200403,200507,true,E05009327,Mile End,false,false,51.513198,-0.028275,1106,,
E14 8XD,E14 8,terminated,terminated-cw,199512,199912,true,E05009326,Limehouse,false,true,51.507921,-0.028936,736,,
E14 8XE,E14 8,terminated,terminated-cw,199612,199806,true,E05009323,Canary Wharf,true,true,51.502864,-0.026070,510,,
E14 8XF,E14 8,terminated,terminated-other,199612,200306,true,E05009327,Mile End,false,false,51.513198,-0.028275,1106,,
E14 8XH,E14 8,terminated,terminated-other,200803,201203,true,E05009327,Mile End,false,false,51.513198,-0.028275,1106,,
E14 8XJ,E14 8,terminated,terminated-cw,199706,199912,true,E05009326,Limehouse,false,true,51.507921,-0.028936,736,,
E14 8XL,E14 8,terminated,terminated-cw,199712,199812,true,E05009326,Limehouse,false,true,51.507921,-0.028936,736,,
E14 8XN,E14 8,terminated,terminated-cw,199712,199812,true,E05009326,Limehouse,false,true,51.507921,-0.028936,736,,
E14 8XP,E14 8,terminated,terminated-cw,199712,199912,true,E05009326,Limehouse,false,true,51.507921,-0.028936,736,,
E14 8XQ,E14 8,terminated,terminated-other,200311,200406,true,E05009327,Mile End,false,false,51.513198,-0.028275,1106,,
E14 8XR,E14 8,terminated,terminated-cw,199712,200007,true,E05009323,Canary Wharf,true,true,51.502864,-0.026056,509,,
E14 8XS,E14 8,terminated,terminated-cw,199806,200007,true,E05009323,Canary Wharf,true,true,51.502864,-0.026056,509,,
E14 8XT,E14 8,terminated,terminated-other,200303,200406,true,E05009327,Mile End,false,false,51.513198,-0.028275,1106,,
E14 8XU,E14 8,terminated,terminated-cw,199806,199912,true,E05009323,Canary Wharf,true,true,51.502864,-0.026056,509,,
E14 8XW,E14 8,terminated,terminated-cw,199712,200009,true,E05009323,Canary Wharf,true,true,51.502864,-0.026056,509,,
E14 8XX,E14 8,terminated,terminated-other,200503,200604,true,E05009327,Mile End,false,false,51.513198,-0.028275,1106,,
E14 8XY,E14 8,terminated,terminated-other,199806,200603,true,E05009327,Mile End,false,false,51.513198,-0.028275,1106,,
E14 8XZ,E14 8,terminated,terminated-other,199809,200009,true,E05009324,Island Gardens,false,false,51.491532,-0.026560,1566,,
E14 8YB,E14 8,terminated,terminated-other,200207,200806,true,E05009327,Mile End,false,false,51.513198,-0.028275,1106,,
E14 8YE,E14 8,terminated,terminated-other,200209,200602,true,E05009327,Mile End,false,false,51.513198,-0.028275,1106,,
E14 8YF,E14 8,terminated,terminated-other,200303,200507,true,E05009327,Mile End,false,false,51.513198,-0.028275,1106,,
E14 8YG,E14 8,terminated,terminated-other,200206,201301,true,E05009327,Mile End,false,false,51.513198,-0.028275,1106,,
E14 8YH,E14 8,terminated,terminated-other,200308,200408,true,E05009327,Mile End,false,false,51.513198,-0.028275,1106,,
E14 8YP,E14 8,terminated,terminated-other,200112,200902,true,E05009327,Mile End,false,false,51.513198,-0.028275,1106,,
E14 8YQ,E14 8,terminated,terminated-other,200208,200508,true,E05009327,Mile End,false,false,51.513198,-0.028275,1106,,
E14 8YT,E14 8,terminated,terminated-other,200206,200603,true,E05009327,Mile End,false,false,51.513198,-0.028275,1106,,
E14 8YW,E14 8,terminated,terminated-other,200307,200603,true,E05009327,Mile End,false,false,51.513198,-0.028275,1106,,
E14 8YX,E14 8,terminated,terminated-other,200406,200601,true,E05009327,Mile End,false,false,51.513198,-0.028275,1106,,
E14 8YZ,E14 8,terminated,terminated-other,200207,200310,true,E05009327,Mile End,false,false,51.513198,-0.028275,1106,,
E14 8ZR,E14 8,terminated,terminated-other,199308,199501,true,E05009324,Island Gardens,false,false,51.491532,-0.026560,1566,,
E14 8ZZ,E14 8,terminated,terminated-other,200504,200605,true,E05009327,Mile End,false,false,51.513198,-0.028275,1106,,
E14 9AA,E14 9,live,cw-box-other-ward,201601,,false,E05009318,Blackwall & Cubitt Town,false,true,51.506406,-0.005844,963,1,Blackwall Way
E14 9AB,E14 9,live,cw-core,200912,,false,E05009323,Canary Wharf,true,true,51.502095,-0.024720,479,2,Landmark Square
E14 9AD,E14 9,live,cw-box-other-ward,201611,,false,E05009318,Blackwall & Cubitt Town,false,true,51.500724,-0.010155,798,1,Dollar Bay Place
E14 9AE,E14 9,live,cw-core,200911,,false,E05009323,Canary Wharf,true,true,51.500363,-0.021741,528,1,Byng Street
E14 9AF,E14 9,live,cw-core,200911,,false,E05009323,Canary Wharf,true,true,51.502277,-0.025419,504,1,Marsh Wall
E14 9AG,E14 9,live,e14-other,199712,,true,E05009327,Mile End,false,false,51.513162,-0.028291,1103,,
E14 9AH,E14 9,live,cw-core,200911,,false,E05009323,Canary Wharf,true,true,51.502277,-0.025419,504,1,Marsh Wall
E14 9AJ,E14 9,live,cw-core,202010,,false,E05009323,Canary Wharf,true,true,51.500327,-0.021209,523,1,Mastmaker Road
E14 9AL,E14 9,live,cw-core,200909,,false,E05009323,Canary Wharf,true,true,51.502277,-0.025419,504,1,Marsh Wall
E14 9AN,E14 9,live,cw-core,201511,,false,E05009323,Canary Wharf,true,true,51.498815,-0.020065,678,2,Indescon Square
E14 9AP,E14 9,terminated,terminated-cw,201612,202401,true,E05009323,Canary Wharf,true,true,51.502458,-0.023883,408,,
E14 9AQ,E14 9,live,e14-other,201003,,false,E05009318,Blackwall & Cubitt Town,false,false,51.497207,-0.015380,903,2,Baltimore Wharf
E14 9AR,E14 9,live,cw-core,200907,,false,E05009323,Canary Wharf,true,true,51.500300,-0.021758,535,3,Byng Street
E14 9AS,E14 9,terminated,terminated-cw,202006,202008,false,E05009323,Canary Wharf,true,true,51.501773,-0.022155,394,,
E14 9AT,E14 9,live,cw-box-other-ward,202110,,false,E05009318,Blackwall & Cubitt Town,false,true,51.502111,-0.015037,439,1,Park Drive
E14 9AU,E14 9,live,cw-box-other-ward,201512,,false,E05009318,Blackwall & Cubitt Town,false,true,51.506990,-0.006308,945,1,Biscayne Avenue
E14 9AW,E14 9,live,cw-core,200912,,false,E05009323,Canary Wharf,true,true,51.500076,-0.021278,551,1,Mastmaker Road
E14 9AX,E14 9,live,cw-core,201004,,false,E05009323,Canary Wharf,true,true,51.501942,-0.024741,491,1,Marsh Wall
E14 9AY,E14 9,live,cw-box-other-ward,201605,,false,E05009318,Blackwall & Cubitt Town,false,true,51.506823,-0.005480,996,1,Biscayne Avenue
E14 9AZ,E14 9,live,cw-core,202009,,false,E05009323,Canary Wharf,true,true,51.501773,-0.022155,394,1,Wards Place
E14 9BA,E14 9,live,cw-box-other-ward,201203,,false,E05009318,Blackwall & Cubitt Town,false,true,51.506752,-0.006607,918,1,Blackwall Way
E14 9BB,E14 9,live,cw-box-other-ward,202110,,false,E05009318,Blackwall & Cubitt Town,false,true,51.502111,-0.015037,439,1,Park Drive
E14 9BD,E14 9,live,cw-core,201601,,false,E05009323,Canary Wharf,true,true,51.498458,-0.019187,717,2,Lincoln Plaza
E14 9BE,E14 9,live,cw-box-other-ward,201606,,false,E05009318,Blackwall & Cubitt Town,false,true,51.506823,-0.005480,996,1,Biscayne Avenue
E14 9BF,E14 9,live,cw-box-other-ward,201606,,false,E05009318,Blackwall & Cubitt Town,false,true,51.506823,-0.005480,996,1,Biscayne Avenue
E14 9BG,E14 9,live,cw-box-other-ward,201606,,false,E05009318,Blackwall & Cubitt Town,false,true,51.506823,-0.005480,996,1,Biscayne Avenue
E14 9BH,E14 9,live,cw-box-other-ward,201608,,false,E05009318,Blackwall & Cubitt Town,false,true,51.505039,-0.006855,878,1,Yabsley Street
E14 9BJ,E14 9,live,cw-core,201002,,false,E05009323,Canary Wharf,true,true,51.498203,-0.021128,754,1,Cassilis Road
E14 9BL,E14 9,live,cw-core,201512,,false,E05009323,Canary Wharf,true,true,51.498465,-0.019619,716,1,Lincoln Plaza
E14 9BN,E14 9,live,cw-core,201602,,false,E05009323,Canary Wharf,true,true,51.498465,-0.019619,716,1,Lincoln Plaza
E14 9BP,E14 9,live,cw-core,201606,,false,E05009323,Canary Wharf,true,true,51.498726,-0.019607,687,1,Lincoln Plaza
E14 9BQ,E14 9,live,cw-box-other-ward,201606,,false,E05009318,Blackwall & Cubitt Town,false,true,51.506823,-0.005480,996,1,Biscayne Avenue
E14 9BS,E14 9,live,cw-core,201002,,false,E05009323,Canary Wharf,true,true,51.498183,-0.021000,755,1,Cassilis Road
E14 9BT,E14 9,live,cw-core,200912,,false,E05009323,Canary Wharf,true,true,51.502014,-0.024738,485,1,Marsh Wall
E14 9BU,E14 9,live,cw-core,201605,,false,E05009323,Canary Wharf,true,true,51.498726,-0.019607,687,2,Lincoln Plaza
E14 9BW,E14 9,live,cw-core,201507,,false,E05009323,Canary Wharf,true,true,51.498075,-0.019419,759,1,Lanterns Way
E14 9BX,E14 9,live,cw-box-other-ward,201611,,false,E05009318,Blackwall & Cubitt Town,false,true,51.500724,-0.010155,798,1,Dollar Bay Place
E14 9BY,E14 9,terminated,terminated-other,198504,199012,false,E05009324,Island Gardens,false,false,51.486747,-0.009482,2136,,
E14 9BZ,E14 9,terminated,terminated-other,198607,199012,false,E05009324,Island Gardens,false,false,51.488495,-0.006525,2035,,
E14 9DA,E14 9,live,cw-core,202010,,false,E05009323,Canary Wharf,true,true,51.501773,-0.022155,394,1,Wards Place
E14 9DB,E14 9,live,cw-core,200912,,false,E05009323,Canary Wharf,true,true,51.502014,-0.024738,485,1,Marsh Wall
E14 9DD,E14 9,live,cw-core,202005,,false,E05009323,Canary Wharf,true,true,51.499265,-0.020117,629,1,Harbour Way
E14 9DE,E14 9,live,cw-box-other-ward,201105,,false,E05009318,Blackwall & Cubitt Town,false,true,51.506346,-0.006509,916,2,Blackwall Way
E14 9DF,E14 9,live,cw-core,200906,,false,E05009323,Canary Wharf,true,true,51.498332,-0.018126,737,1,Millharbour
E14 9DG,E14 9,live,cw-core,201003,,false,E05009323,Canary Wharf,true,true,51.498167,-0.020611,753,1,Indescon Square
E14 9DH,E14 9,live,cw-ward,200912,,false,E05009323,Canary Wharf,true,false,51.497731,-0.017648,808,1,West Quay Walk
E14 9DJ,E14 9,live,cw-ward,201106,,false,E05009323,Canary Wharf,true,false,51.497291,-0.019281,847,1,Millharbour
E14 9DL,E14 9,live,cw-core,200907,,false,E05009323,Canary Wharf,true,true,51.498332,-0.018126,737,1,Millharbour
E14 9DN,E14 9,live,cw-core,202005,,false,E05009323,Canary Wharf,true,true,51.499265,-0.020117,629,1,Harbour Way
E14 9DP,E14 9,live,cw-core,202005,,false,E05009323,Canary Wharf,true,true,51.499265,-0.020117,629,1,Harbour Way
E14 9DQ,E14 9,live,cw-core,201005,,false,E05009323,Canary Wharf,true,true,51.498770,-0.020614,687,3,Indescon Square
E14 9DR,E14 9,live,cw-core,200909,,false,E05009323,Canary Wharf,true,true,51.498178,-0.020150,749,1,Indescon Square
E14 9DS,E14 9,live,cw-core,201812,,false,E05009323,Canary Wharf,true,true,51.498400,-0.021077,732,1,Indescon Square
E14 9DT,E14 9,live,cw-core,200906,,false,E05009323,Canary Wharf,true,true,51.498268,-0.018575,741,1,Millharbour
E14 9DU,E14 9,live,cw-core,202010,,false,E05009323,Canary Wharf,true,true,51.501773,-0.022155,394,1,Wards Place
E14 9DW,E14 9,live,cw-box-other-ward,201106,,false,E05009318,Blackwall & Cubitt Town,false,true,51.506664,-0.006697,910,1,Province Square
E14 9DX,E14 9,live,cw-core,201912,,false,E05009323,Canary Wharf,true,true,51.499265,-0.020117,629,1,Harbour Way
E14 9DY,E14 9,live,cw-core,202010,,false,E05009323,Canary Wharf,true,true,51.501773,-0.022155,394,1,Wards Place
E14 9DZ,E14 9,live,e14-other,201005,,false,E05009318,Blackwall & Cubitt Town,false,false,51.496315,-0.015332,998,3,Westward Parade
E14 9EA,E14 9,live,e14-other,201005,,false,E05009318,Blackwall & Cubitt Town,false,false,51.496640,-0.015894,953,3,Oakland Quay
E14 9EB,E14 9,live,cw-core,200912,,false,E05009323,Canary Wharf,true,true,51.502014,-0.024738,485,1,Marsh Wall
E14 9ED,E14 9,live,cw-core,202010,,false,E05009323,Canary Wharf,true,true,51.501773,-0.022155,394,1,Wards Place
E14 9EE,E14 9,terminated,terminated-other,200607,200707,true,E05009327,Mile End,false,false,51.513198,-0.028275,1106,,
E14 9EF,E14 9,terminated,terminated-other,202510,202601,false,E05009318,Blackwall & Cubitt Town,false,false,51.506920,-0.004827,1043,,
E14 9EG,E14 9,live,cw-core,200912,,false,E05009323,Canary Wharf,true,true,51.502014,-0.024738,485,1,Marsh Wall
E14 9EH,E14 9,live,cw-box-other-ward,201105,,false,E05009318,Blackwall & Cubitt Town,false,true,51.505929,-0.006311,923,1,Blackwall Way
E14 9EJ,E14 9,live,cw-core,202010,,false,E05009323,Canary Wharf,true,true,51.501773,-0.022155,394,1,Wards Place
E14 9EL,E14 9,live,cw-box-other-ward,200902,,false,E05009328,Poplar,false,true,51.508217,-0.009180,806,1,Prestons Road
E14 9EN,E14 9,live,cw-box-other-ward,202410,,false,E05009318,Blackwall & Cubitt Town,false,true,51.499929,-0.012077,756,1,Marsh Wall
E14 9EP,E14 9,live,e14-other,201005,,false,E05009318,Blackwall & Cubitt Town,false,false,51.496839,-0.015425,941,2,Baltimore Wharf
E14 9EQ,E14 9,live,e14-other,201002,,false,E05009318,Blackwall & Cubitt Town,false,false,51.497172,-0.014920,917,2,Baltimore Wharf
E14 9ER,E14 9,live,e14-other,201708,,false,E05009318,Blackwall & Cubitt Town,false,false,51.497298,-0.014439,916,2,Baltimore Wharf
E14 9ES,E14 9,live,cw-box-other-ward,202012,,false,E05009318,Blackwall & Cubitt Town,false,true,51.499975,-0.013718,679,2,Marsh Wall
E14 9ET,E14 9,live,e14-other,201005,,false,E05009318,Blackwall & Cubitt Town,false,false,51.496646,-0.014655,978,1,East Ferry Road
E14 9EU,E14 9,live,e14-other,201004,,false,E05009318,Blackwall & Cubitt Town,false,false,51.496315,-0.015332,998,1,Alexia Square
E14 9EW,E14 9,live,cw-core,201605,,false,E05009323,Canary Wharf,true,true,51.498726,-0.019607,687,1,Lincoln Plaza
E14 9EX,E14 9,live,cw-box-other-ward,200902,,false,E05009328,Poplar,false,true,51.508217,-0.009180,806,2,Prestons Road
E14 9EY,E14 9,live,e14-other,201005,,false,E05009318,Blackwall & Cubitt Town,false,false,51.496837,-0.015857,932,1,Baltimore Wharf
E14 9EZ,E14 9,live,cw-core,200909,,false,E05009323,Canary Wharf,true,true,51.498832,-0.021072,684,1,Indescon Square
E14 9FA,E14 9,live,e14-other,201004,,false,E05009318,Blackwall & Cubitt Town,false,false,51.496640,-0.015894,953,1,Alexia Square
E14 9FB,E14 9,live,e14-other,200902,,false,E05009318,Blackwall & Cubitt Town,false,false,51.496859,-0.015568,935,1,Baltimore Wharf
E14 9FD,E14 9,live,e14-other,201004,,false,E05009318,Blackwall & Cubitt Town,false,false,51.496641,-0.014929,972,1,Alexia Square
E14 9FE,E14 9,live,cw-box-other-ward,199712,,false,E05009318,Blackwall & Cubitt Town,false,true,51.500559,-0.012612,680,2,Meridian Place
E14 9FF,E14 9,live,cw-box-other-ward,199712,,false,E05009318,Blackwall & Cubitt Town,false,true,51.500652,-0.013328,638,4,Meridian Place
E14 9FG,E14 9,live,e14-other,201005,,false,E05009318,Blackwall & Cubitt Town,false,false,51.497240,-0.015753,891,1,Baltimore Wharf
E14 9FH,E14 9,live,e14-other,202109,,false,E05009318,Blackwall & Cubitt Town,false,false,51.495511,-0.015598,1079,1,Selsdon Way
E14 9FJ,E14 9,live,cw-box-other-ward,199002,,false,E05009318,Blackwall & Cubitt Town,false,true,51.500566,-0.011459,738,8,Marsh Wall
E14 9FL,E14 9,live,cw-core,201507,,false,E05009323,Canary Wharf,true,true,51.498075,-0.019419,759,1,Lanterns Way
E14 9FN,E14 9,live,cw-box-other-ward,201507,,false,E05009318,Blackwall & Cubitt Town,false,true,51.507198,-0.005867,980,1,Dominion Walk
E14 9FP,E14 9,live,e14-other,201005,,false,E05009318,Blackwall & Cubitt Town,false,false,51.496646,-0.014655,978,2,East Ferry Road
E14 9FQ,E14 9,live,cw-core,200905,,false,E05009323,Canary Wharf,true,true,51.498268,-0.018575,741,1,Millharbour
E14 9FR,E14 9,live,cw-core,202110,,false,E05009323,Canary Wharf,true,true,51.502736,-0.025428,477,1,Marsh Wall
E14 9FS,E14 9,live,e14-other,201005,,false,E05009318,Blackwall & Cubitt Town,false,false,51.496793,-0.014850,958,1,Baltimore Wharf
E14 9FT,E14 9,live,e14-other,201005,,false,E05009318,Blackwall & Cubitt Town,false,false,51.497240,-0.015753,891,2,Baltimore Wharf
E14 9FU,E14 9,live,cw-box-other-ward,201607,,false,E05009318,Blackwall & Cubitt Town,false,true,51.504613,-0.007205,854,1,Prestons Road
E14 9FW,E14 9,live,cw-box-other-ward,202511,,false,E05009318,Blackwall & Cubitt Town,false,true,51.501922,-0.010261,722,,
E14 9FX,E14 9,live,cw-box-other-ward,201506,,false,E05009318,Blackwall & Cubitt Town,false,true,51.507198,-0.005867,980,2,Dominion Walk
E14 9FY,E14 9,live,cw-core,202110,,false,E05009323,Canary Wharf,true,true,51.502736,-0.025428,477,1,Marsh Wall
E14 9FZ,E14 9,live,cw-core,201806,,false,E05009323,Canary Wharf,true,true,51.498080,-0.019174,759,1,Millharbour
E14 9GA,E14 9,live,e14-other,200411,,false,E05009324,Island Gardens,false,false,51.491417,-0.022949,1519,1,Sherwood Gardens
E14 9GB,E14 9,live,e14-other,200806,,false,E05009318,Blackwall & Cubitt Town,false,false,51.509790,-0.001762,1346,2,Blackwall Way
E14 9GD,E14 9,live,cw-box-other-ward,202110,,false,E05009318,Blackwall & Cubitt Town,false,true,51.502472,-0.014041,465,1,Park Drive
E14 9GE,E14 9,live,cw-box-other-ward,199002,,false,E05009318,Blackwall & Cubitt Town,false,true,51.498934,-0.015953,708,18,Harbour Exchange Square
E14 9GF,E14 9,live,e14-other,200806,,false,E05009318,Blackwall & Cubitt Town,false,false,51.509790,-0.001762,1346,1,Blackwall Way
E14 9GG,E14 9,live,cw-box-other-ward,202105,,false,E05009318,Blackwall & Cubitt Town,false,true,51.502111,-0.015037,439,4,Park Drive
E14 9GH,E14 9,live,e14-other,201707,,false,E05009318,Blackwall & Cubitt Town,false,false,51.495954,-0.015780,1028,1,Turnberry Quay
E14 9GJ,E14 9,live,e14-other,201707,,false,E05009318,Blackwall & Cubitt Town,false,false,51.495750,-0.015904,1048,1,Turnberry Quay
E14 9GL,E14 9,live,e14-other,199007,,false,E05009318,Blackwall & Cubitt Town,false,false,51.494500,-0.014864,1201,9,Selsdon Way
E14 9GN,E14 9,live,e14-other,200802,,false,E05009318,Blackwall & Cubitt Town,false,false,51.509742,-0.001029,1391,1,Blackwall Way
E14 9GP,E14 9,live,e14-other,200802,,false,E05009318,Blackwall & Cubitt Town,false,false,51.509742,-0.001029,1391,1,Blackwall Way
E14 9GQ,E14 9,terminated,terminated-cw,199002,201908,true,E05009318,Blackwall & Cubitt Town,false,true,51.499400,-0.015875,662,,
E14 9GR,E14 9,live,e14-other,199806,,false,E05009318,Blackwall & Cubitt Town,false,false,51.494311,-0.015938,1204,1,Selsdon Way
E14 9GS,E14 9,live,cw-core,202405,,false,E05009323,Canary Wharf,true,true,51.500825,-0.018767,456,1,Marsh Wall
E14 9GT,E14 9,live,e14-other,200801,,false,E05009318,Blackwall & Cubitt Town,false,false,51.509848,-0.000376,1437,1,Blackwall Way
E14 9GU,E14 9,live,cw-core,201909,,false,E05009323,Canary Wharf,true,true,51.502736,-0.025428,477,1,Marsh Wall
E14 9GW,E14 9,live,e14-other,200802,,false,E05009318,Blackwall & Cubitt Town,false,false,51.509848,-0.000376,1437,1,Blackwall Way
E14 9GX,E14 9,live,cw-core,202012,,false,E05009323,Canary Wharf,true,true,51.500961,-0.017234,466,1,Marsh Wall
E14 9GY,E14 9,live,e14-other,201707,,false,E05009318,Blackwall & Cubitt Town,false,false,51.495745,-0.016149,1045,2,Turnberry Quay
E14 9GZ,E14 9,live,e14-other,201004,,false,E05009318,Blackwall & Cubitt Town,false,false,51.496641,-0.014929,972,1,Alexia Square
E14 9HA,E14 9,live,cw-core,200905,,false,E05009323,Canary Wharf,true,true,51.500066,-0.018051,547,1,Pan Peninsula Square
E14 9HB,E14 9,live,cw-core,200906,,false,E05009323,Canary Wharf,true,true,51.498332,-0.018126,737,1,Millharbour
E14 9HD,E14 9,live,cw-core,200906,,false,E05009323,Canary Wharf,true,true,51.500066,-0.018051,547,1,Pan Peninsula Square
E14 9HE,E14 9,live,cw-box-other-ward,199812,,false,E05009318,Blackwall & Cubitt Town,false,true,51.498108,-0.014433,834,1,Harbour Exchange Square
E14 9HF,E14 9,live,cw-box-other-ward,199912,,false,E05009318,Blackwall & Cubitt Town,false,true,51.498187,-0.015380,800,1,Harbour Exchange Square
E14 9HG,E14 9,live,cw-core,200907,,false,E05009323,Canary Wharf,true,true,51.500066,-0.018051,547,1,Pan Peninsula Square
E14 9HH,E14 9,live,cw-core,202405,,false,E05009323,Canary Wharf,true,true,51.500825,-0.018767,456,1,Marsh Wall
E14 9HJ,E14 9,live,cw-core,200907,,false,E05009323,Canary Wharf,true,true,51.500066,-0.018051,547,1,Pan Peninsula Square
E14 9HL,E14 9,live,cw-core,200907,,false,E05009323,Canary Wharf,true,true,51.500066,-0.018051,547,1,Pan Peninsula Square
E14 9HN,E14 9,live,cw-core,200902,,false,E05009323,Canary Wharf,true,true,51.499803,-0.017342,587,2,Pan Peninsula Square
E14 9HP,E14 9,live,cw-core,200905,,false,E05009323,Canary Wharf,true,true,51.499803,-0.017342,587,1,Pan Peninsula Square
E14 9HQ,E14 9,live,cw-core,200906,,false,E05009323,Canary Wharf,true,true,51.499803,-0.017342,587,2,Pan Peninsula Square
E14 9HR,E14 9,live,cw-core,200909,,false,E05009323,Canary Wharf,true,true,51.499803,-0.017342,587,1,Pan Peninsula Square
E14 9HS,E14 9,live,e14-other,200301,,true,E05009326,Limehouse,false,false,51.511024,-0.038054,1457,1,Branch Road
E14 9HT,E14 9,live,cw-ward,201308,,false,E05009323,Canary Wharf,true,false,51.497492,-0.021102,832,1,Larson Walk
E14 9HU,E14 9,live,cw-ward,201107,,false,E05009323,Canary Wharf,true,false,51.497612,-0.019684,811,1,Barton Mews
E14 9HW,E14 9,live,cw-core,200906,,false,E05009323,Canary Wharf,true,true,51.498332,-0.018126,737,1,Millharbour
E14 9HX,E14 9,live,cw-ward,202404,,false,E05009323,Canary Wharf,true,false,51.497588,-0.019340,814,,
E14 9HY,E14 9,live,cw-ward,201308,,false,E05009323,Canary Wharf,true,false,51.497605,-0.019238,812,2,Millharbour; Larson Walk
E14 9HZ,E14 9,live,cw-ward,201105,,false,E05009323,Canary Wharf,true,false,51.497371,-0.020343,840,5,Larson Walk
E14 9JA,E14 9,live,e14-other,200707,,false,E05009318,Blackwall & Cubitt Town,false,false,51.506981,-0.004709,1052,1,Fairmont Avenue
E14 9JB,E14 9,live,e14-other,200712,,false,E05009318,Blackwall & Cubitt Town,false,false,51.506981,-0.004709,1052,2,Fairmont Avenue
E14 9JD,E14 9,live,e14-other,200708,,false,E05009318,Blackwall & Cubitt Town,false,false,51.506981,-0.004709,1052,1,Fairmont Avenue
E14 9JE,E14 9,live,cw-core,201702,,false,E05009323,Canary Wharf,true,true,51.499159,-0.019171,639,1,Lightermans Road
E14 9JF,E14 9,live,cw-core,202011,,false,E05009323,Canary Wharf,true,true,51.501477,-0.022744,443,1,Erebus Gardens
E14 9JG,E14 9,live,cw-ward,201011,,false,E05009323,Canary Wharf,true,false,51.497861,-0.020596,787,1,Lanterns Way
E14 9JH,E14 9,live,cw-ward,201012,,false,E05009323,Canary Wharf,true,false,51.497861,-0.020596,787,1,Lanterns Way
E14 9JJ,E14 9,live,cw-ward,201011,,false,E05009323,Canary Wharf,true,false,51.497861,-0.020596,787,1,Lanterns Way
E14 9JL,E14 9,live,cw-ward,201012,,false,E05009323,Canary Wharf,true,false,51.497861,-0.020596,787,1,Lanterns Way
E14 9JN,E14 9,live,cw-ward,201102,,false,E05009323,Canary Wharf,true,false,51.497861,-0.020596,787,1,Lanterns Way
E14 9JP,E14 9,live,cw-ward,201604,,false,E05009323,Canary Wharf,true,false,51.497799,-0.019561,790,,
E14 9JQ,E14 9,live,cw-core,202110,,false,E05009323,Canary Wharf,true,true,51.502736,-0.025428,477,1,Marsh Wall
E14 9JR,E14 9,terminated,terminated-cw,202012,202102,false,E05009323,Canary Wharf,true,true,51.500579,-0.017539,500,,
E14 9JS,E14 9,live,cw-ward,201506,,false,E05009323,Canary Wharf,true,false,51.497667,-0.019235,805,2,Millharbour
E14 9JT,E14 9,live,cw-ward,201106,,false,E05009323,Canary Wharf,true,false,51.497738,-0.019146,797,1,Millharbour
E14 9JU,E14 9,live,cw-ward,201106,,false,E05009323,Canary Wharf,true,false,51.497738,-0.019146,797,1,Millharbour
E14 9JW,E14 9,live,cw-ward,201106,,false,E05009323,Canary Wharf,true,false,51.497622,-0.019727,810,1,Quadrant Walk
E14 9JX,E14 9,live,cw-box-other-ward,202110,,false,E05009318,Blackwall & Cubitt Town,false,true,51.502472,-0.014041,465,1,Park Drive
E14 9JY,E14 9,terminated,terminated-cw,200006,201908,true,E05009318,Blackwall & Cubitt Town,false,true,51.498205,-0.015380,798,,
E14 9JZ,E14 9,live,e14-other,200210,,false,E05009328,Poplar,false,false,51.509203,-0.004252,1161,1,Naval Row
E14 9LA,E14 9,terminated,terminated-other,199912,201804,true,E05009318,Blackwall & Cubitt Town,false,false,51.495524,-0.015885,1073,,
E14 9LB,E14 9,live,cw-ward,200402,,false,E05009323,Canary Wharf,true,false,51.497421,-0.022214,853,1,Cassilis Road
E14 9LD,E14 9,live,cw-ward,200401,,false,E05009323,Canary Wharf,true,false,51.497370,-0.021885,854,1,Cassilis Road
E14 9LE,E14 9,live,cw-core,202010,,false,E05009323,Canary Wharf,true,true,51.501477,-0.022744,443,1,Wards Place
E14 9LF,E14 9,live,cw-ward,200402,,false,E05009323,Canary Wharf,true,false,51.497473,-0.021549,839,1,Cassilis Road
E14 9LG,E14 9,live,cw-ward,200402,,false,E05009323,Canary Wharf,true,false,51.497327,-0.021455,854,1,Cassilis Road
E14 9LH,E14 9,live,cw-ward,200403,,false,E05009323,Canary Wharf,true,false,51.497842,-0.021576,799,1,Cassilis Road
E14 9LJ,E14 9,live,cw-ward,200407,,false,E05009323,Canary Wharf,true,false,51.497843,-0.022153,807,1,Cassilis Road
E14 9LL,E14 9,live,cw-core,200408,,false,E05009323,Canary Wharf,true,true,51.498410,-0.022229,747,1,Cassilis Road
E14 9LN,E14 9,live,cw-core,200407,,false,E05009323,Canary Wharf,true,true,51.498409,-0.021581,737,1,Cassilis Road
E14 9LP,E14 9,live,cw-ward,200407,,false,E05009323,Canary Wharf,true,false,51.497719,-0.022288,822,1,Cassilis Road
E14 9LQ,E14 9,live,cw-core,200411,,false,E05009323,Canary Wharf,true,true,51.498664,-0.021786,712,4,Cassilis Road
E14 9LR,E14 9,live,cw-core,200501,,false,E05009323,Canary Wharf,true,true,51.498664,-0.021786,712,1,Cassilis Road
E14 9LS,E14 9,live,e14-other,200702,,false,E05009318,Blackwall & Cubitt Town,false,false,51.497677,-0.013429,907,4,Limeharbour
E14 9LT,E14 9,live,cw-core,200510,,false,E05009323,Canary Wharf,true,true,51.501432,-0.019029,387,1,South Quay Square
E14 9LU,E14 9,live,e14-other,200704,,false,E05009318,Blackwall & Cubitt Town,false,false,51.497677,-0.013429,907,1,Limeharbour
E14 9LW,E14 9,live,cw-core,202012,,false,E05009323,Canary Wharf,true,true,51.500961,-0.017234,466,1,Marsh Wall
E14 9LX,E14 9,live,cw-box-other-ward,202110,,false,E05009318,Blackwall & Cubitt Town,false,true,51.502111,-0.015037,439,1,Park Drive
E14 9LY,E14 9,live,cw-box-other-ward,202110,,false,E05009318,Blackwall & Cubitt Town,false,true,51.500068,-0.013382,685,2,Marsh Wall
E14 9LZ,E14 9,live,cw-box-other-ward,202211,,false,E05009318,Blackwall & Cubitt Town,false,true,51.499929,-0.012077,756,1,Marsh Wall
E14 9NA,E14 9,live,cw-ward,200503,,false,E05009323,Canary Wharf,true,false,51.497785,-0.018193,797,1,Millharbour
E14 9NB,E14 9,live,cw-ward,200504,,false,E05009323,Canary Wharf,true,false,51.497785,-0.018193,797,1,Millharbour
E14 9ND,E14 9,live,cw-ward,200504,,false,E05009323,Canary Wharf,true,false,51.497785,-0.018193,797,1,Millharbour
E14 9NE,E14 9,live,cw-ward,200502,,false,E05009323,Canary Wharf,true,false,51.497785,-0.018193,797,1,Millharbour
E14 9NF,E14 9,live,cw-box-other-ward,202307,,false,E05009318,Blackwall & Cubitt Town,false,true,51.499849,-0.012095,762,1,Marsh Wall
E14 9NG,E14 9,live,cw-ward,201810,,false,E05009323,Canary Wharf,true,false,51.497214,-0.017944,862,2,Watergate Walk
E14 9NH,E14 9,live,cw-ward,200507,,false,E05009323,Canary Wharf,true,false,51.497719,-0.018052,805,2,Millharbour
E14 9NJ,E14 9,live,cw-box-other-ward,202108,,false,E05009318,Blackwall & Cubitt Town,false,true,51.502897,-0.010464,666,1,Harbord Square
E14 9NL,E14 9,live,cw-box-other-ward,199912,,false,E05009318,Blackwall & Cubitt Town,false,true,51.503702,-0.007071,873,2,Cold Harbour
E14 9NN,E14 9,live,cw-ward,199208,,false,E05009323,Canary Wharf,true,false,51.494694,-0.018342,1138,5,Greenwich View Place
E14 9NP,E14 9,live,cw-box-other-ward,199712,,false,E05009318,Blackwall & Cubitt Town,false,true,51.502331,-0.008385,823,5,Prestons Road
E14 9NQ,E14 9,live,e14-other,201101,,false,E05009318,Blackwall & Cubitt Town,false,false,51.497203,-0.013565,950,1,Limeharbour
E14 9NR,E14 9,live,cw-box-other-ward,200610,,false,E05009318,Blackwall & Cubitt Town,false,true,51.505612,-0.006195,927,1,Blackwall Way
E14 9NS,E14 9,live,cw-box-other-ward,198001,,false,E05009318,Blackwall & Cubitt Town,false,true,51.502415,-0.007531,876,32,Cold Harbour
E14 9NT,E14 9,live,cw-box-other-ward,200306,,false,E05009318,Blackwall & Cubitt Town,false,true,51.502208,-0.008016,852,1,Cold Harbour
E14 9NU,E14 9,live,cw-box-other-ward,199806,,false,E05009318,Blackwall & Cubitt Town,false,true,51.502228,-0.007611,877,1,Cold Harbour
E14 9NW,E14 9,live,cw-box-other-ward,201710,,false,E05009328,Poplar,false,true,51.507795,-0.011331,652,2,Williamsburg Plaza
E14 9NX,E14 9,live,cw-box-other-ward,199712,,false,E05009318,Blackwall & Cubitt Town,false,true,51.502556,-0.007856,849,3,Horatio Place
E14 9NY,E14 9,live,cw-box-other-ward,199806,,false,E05009318,Blackwall & Cubitt Town,false,true,51.502884,-0.008159,819,5,Vantage Mews
E14 9NZ,E14 9,live,cw-box-other-ward,200502,,false,E05009318,Blackwall & Cubitt Town,false,true,51.505478,-0.006273,920,1,Blackwall Way
E14 9PA,E14 9,live,cw-box-other-ward,200305,,false,E05009318,Blackwall & Cubitt Town,false,true,51.505738,-0.005167,999,2,Fairmont Avenue
E14 9PB,E14 9,live,cw-box-other-ward,200309,,false,E05009318,Blackwall & Cubitt Town,false,true,51.505738,-0.005167,999,1,Fairmont Avenue
E14 9PD,E14 9,live,cw-core,202005,,false,E05009323,Canary Wharf,true,true,51.499549,-0.019341,596,1,Harbour Way
E14 9PE,E14 9,live,cw-box-other-ward,199906,,false,E05009318,Blackwall & Cubitt Town,false,true,51.507121,-0.007138,893,2,Baffin Way
E14 9PF,E14 9,live,cw-box-other-ward,200311,,false,E05009318,Blackwall & Cubitt Town,false,true,51.506197,-0.005190,1004,1,Fairmont Avenue
E14 9PG,E14 9,live,cw-core,202110,,false,E05009323,Canary Wharf,true,true,51.502736,-0.025428,477,1,Marsh Wall
E14 9PH,E14 9,live,cw-box-other-ward,202411,,false,E05009318,Blackwall & Cubitt Town,false,true,51.499929,-0.012077,756,1,Marsh Wall
E14 9PJ,E14 9,live,cw-box-other-ward,200311,,false,E05009318,Blackwall & Cubitt Town,false,true,51.506197,-0.005190,1004,2,Fairmont Avenue
E14 9PL,E14 9,live,e14-other,200401,,false,E05009318,Blackwall & Cubitt Town,false,false,51.506292,-0.004379,1061,1,Fairmont Avenue
E14 9PN,E14 9,live,e14-other,199912,,false,E05009328,Poplar,false,false,51.511044,-0.008869,1006,14,Indigo Mews
E14 9PP,E14 9,live,e14-other,199906,,false,E05009328,Poplar,false,false,51.511137,-0.007986,1058,1,Ashton Street
E14 9PQ,E14 9,live,e14-other,200708,,false,E05009318,Blackwall & Cubitt Town,false,false,51.506857,-0.004297,1077,1,Fairmont Avenue
E14 9PR,E14 9,live,cw-core,202110,,false,E05009323,Canary Wharf,true,true,51.502736,-0.025428,477,1,Marsh Wall
E14 9PS,E14 9,live,e14-other,198001,,false,E05009328,Poplar,false,false,51.509083,-0.004617,1133,5,Naval Row
E14 9PT,E14 9,live,cw-box-other-ward,198704,,false,E05009318,Blackwall & Cubitt Town,false,true,51.503381,-0.008829,760,9,Lancaster Drive
E14 9PU,E14 9,terminated,terminated-cw,198001,201909,false,E05009328,Poplar,false,true,51.508948,-0.005127,1094,,
E14 9PW,E14 9,live,e14-other,200405,,false,E05009318,Blackwall & Cubitt Town,false,false,51.506292,-0.004379,1061,2,Fairmont Avenue
E14 9PX,E14 9,live,e14-other,200408,,false,E05009318,Blackwall & Cubitt Town,false,false,51.506292,-0.004379,1061,1,Fairmont Avenue
E14 9PY,E14 9,live,cw-box-other-ward,199002,,false,E05009318,Blackwall & Cubitt Town,false,true,51.503284,-0.009424,722,12,Lovegrove Walk
E14 9PZ,E14 9,terminated,terminated-cw,199002,202108,false,E05009318,Blackwall & Cubitt Town,false,true,51.502894,-0.009758,712,,
E14 9QA,E14 9,live,cw-core,202012,,false,E05009323,Canary Wharf,true,true,51.500961,-0.017234,466,1,Marsh Wall
E14 9QB,E14 9,live,cw-box-other-ward,198001,,false,E05009318,Blackwall & Cubitt Town,false,true,51.507425,-0.007024,910,1,Blackwall Way
E14 9QD,E14 9,live,e14-other,199201,,false,E05009318,Blackwall & Cubitt Town,false,false,51.495841,-0.014906,1057,3,Lanark Square
E14 9QE,E14 9,live,cw-box-other-ward,198001,,false,E05009328,Poplar,false,true,51.508524,-0.006630,980,9,Prestage Way
E14 9QF,E14 9,live,cw-core,201908,,false,E05009323,Canary Wharf,true,true,51.499311,-0.019121,622,1,Harbour Way
E14 9QG,E14 9,live,cw-box-other-ward,202002,,false,E05009318,Blackwall & Cubitt Town,false,true,51.502181,-0.013362,523,12,George Street
E14 9QH,E14 9,live,cw-box-other-ward,202107,,false,E05009318,Blackwall & Cubitt Town,false,true,51.501966,-0.009698,755,3,Harbord Square
E14 9QJ,E14 9,live,e14-other,200408,,false,E05009318,Blackwall & Cubitt Town,false,false,51.506292,-0.004379,1061,1,Fairmont Avenue
E14 9QL,E14 9,live,cw-box-other-ward,202110,,false,E05009318,Blackwall & Cubitt Town,false,true,51.502181,-0.013362,523,1,George Street
E14 9QN,E14 9,live,e14-other,201105,,false,E05009318,Blackwall & Cubitt Town,false,false,51.509429,-0.002181,1303,1,Blackwall Way
E14 9QP,E14 9,terminated,terminated-cw,202211,202303,false,E05009318,Blackwall & Cubitt Town,false,true,51.505007,-0.007620,825,2,East Lane
E14 9QQ,E14 9,live,cw-box-other-ward,198704,,false,E05009318,Blackwall & Cubitt Town,false,true,51.504616,-0.008458,767,2,Landons Close
E14 9QR,E14 9,live,cw-box-other-ward,198001,,false,E05009318,Blackwall & Cubitt Town,false,true,51.505910,-0.006773,890,2,St. Lawrence Street
E14 9QS,E14 9,live,e14-other,200311,,false,E05009318,Blackwall & Cubitt Town,false,false,51.510125,0.000213,1487,1,Blackwall Way
E14 9QT,E14 9,live,cw-box-other-ward,200408,,false,E05009318,Blackwall & Cubitt Town,false,true,51.506406,-0.005815,965,2,Biscayne Avenue
E14 9QU,E14 9,live,cw-box-other-ward,200501,,false,E05009318,Blackwall & Cubitt Town,false,true,51.506281,-0.005892,957,1,Blackwall Way
E14 9QW,E14 9,live,cw-box-other-ward,198607,,false,E05009318,Blackwall & Cubitt Town,false,true,51.504104,-0.008466,771,2,Bridge House Quay
E14 9QX,E14 9,live,cw-box-other-ward,200501,,false,E05009318,Blackwall & Cubitt Town,false,true,51.505813,-0.005855,953,1,Blackwall Way
E14 9QY,E14 9,live,cw-box-other-ward,202110,,false,E05009318,Blackwall & Cubitt Town,false,true,51.502472,-0.014041,465,1,Park Drive
E14 9QZ,E14 9,live,cw-box-other-ward,199712,,false,E05009318,Blackwall & Cubitt Town,false,true,51.506474,-0.007167,874,2,Gaselee Street
E14 9RA,E14 9,live,cw-core,202012,,false,E05009323,Canary Wharf,true,true,51.500961,-0.017234,466,1,Marsh Wall
E14 9RB,E14 9,live,e14-other,199002,,false,E05009318,Blackwall & Cubitt Town,false,false,51.496343,-0.016426,976,5,Pepper Street
E14 9RD,E14 9,live,e14-other,199002,,false,E05009318,Blackwall & Cubitt Town,false,false,51.496018,-0.015849,1020,1,Turnberry Quay
E14 9RE,E14 9,live,e14-other,199002,,false,E05009318,Blackwall & Cubitt Town,false,false,51.496040,-0.015560,1023,1,Lanark Square
E14 9RF,E14 9,live,cw-box-other-ward,200501,,false,E05009318,Blackwall & Cubitt Town,false,true,51.505813,-0.005855,953,2,Blackwall Way
E14 9RG,E14 9,live,cw-box-other-ward,201609,,false,E05009318,Blackwall & Cubitt Town,false,true,51.505039,-0.006855,878,3,Yabsley Street
E14 9RH,E14 9,live,e14-other,199412,,false,E05009318,Blackwall & Cubitt Town,false,false,51.497198,-0.014357,928,1,Limeharbour
E14 9RJ,E14 9,live,cw-core,202012,,false,E05009323,Canary Wharf,true,true,51.500961,-0.017234,466,1,Marsh Wall
E14 9RL,E14 9,live,cw-box-other-ward,199002,,false,E05009328,Poplar,false,true,51.508085,-0.009906,754,3,Prestons Road
E14 9RN,E14 9,live,cw-box-other-ward,199912,,false,E05009318,Blackwall & Cubitt Town,false,true,51.504120,-0.007284,852,1,Raleana Road
E14 9RP,E14 9,live,cw-ward,199208,,false,E05009323,Canary Wharf,true,false,51.496390,-0.017620,956,10,Pepper Street
E14 9RQ,E14 9,live,cw-box-other-ward,198001,,false,E05009318,Blackwall & Cubitt Town,false,true,51.504534,-0.006271,919,1,Raleana Road
E14 9RR,E14 9,live,cw-core,201105,,false,E05009323,Canary Wharf,true,true,51.500976,-0.018645,441,1,South Quay Square
E14 9RS,E14 9,live,cw-box-other-ward,202110,,false,E05009318,Blackwall & Cubitt Town,false,true,51.502181,-0.013362,523,1,George Street
E14 9RT,E14 9,live,cw-core,200607,,false,E05009323,Canary Wharf,true,true,51.501432,-0.019029,387,4,South Quay Square
E14 9RU,E14 9,live,cw-core,200506,,false,E05009323,Canary Wharf,true,true,51.501291,-0.018142,413,3,South Quay Square
E14 9RW,E14 9,live,cw-core,202012,,false,E05009323,Canary Wharf,true,true,51.500961,-0.017234,466,1,Marsh Wall
E14 9RX,E14 9,live,cw-box-other-ward,200411,,false,E05009318,Blackwall & Cubitt Town,false,true,51.505446,-0.006462,907,1,Yabsley Street
E14 9RY,E14 9,live,cw-box-other-ward,198001,,false,E05009328,Poplar,false,true,51.509395,-0.006520,1030,1,Naval Row
E14 9RZ,E14 9,live,cw-core,200509,,false,E05009323,Canary Wharf,true,true,51.501291,-0.018142,413,1,South Quay Square
E14 9SA,E14 9,live,cw-box-other-ward,200502,,false,E05009318,Blackwall & Cubitt Town,false,true,51.505413,-0.006680,892,1,Yabsley Street
E14 9SB,E14 9,live,cw-box-other-ward,202110,,false,E05009318,Blackwall & Cubitt Town,false,true,51.502111,-0.015037,439,1,Park Drive
E14 9SD,E14 9,live,cw-box-other-ward,200106,,false,E05009318,Blackwall & Cubitt Town,false,true,51.499832,-0.011116,810,1,Marsh Wall
E14 9SE,E14 9,live,cw-box-other-ward,202108,,false,E05009318,Blackwall & Cubitt Town,false,true,51.500068,-0.013382,685,2,Marsh Wall
E14 9SF,E14 9,terminated,terminated-cw,202407,202409,false,E05009318,Blackwall & Cubitt Town,false,true,51.501680,-0.009768,765,,
E14 9SG,E14 9,live,cw-box-other-ward,199002,,false,E05009318,Blackwall & Cubitt Town,false,true,51.500729,-0.014146,595,7,Marsh Wall; Thames Quay
E14 9SH,E14 9,live,cw-core,199002,,false,E05009323,Canary Wharf,true,true,51.500726,-0.016610,506,13,Marsh Wall
E14 9SJ,E14 9,live,cw-core,199201,,false,E05009323,Canary Wharf,true,true,51.502458,-0.023883,408,2,Marsh Wall
E14 9SL,E14 9,live,cw-core,198001,,false,E05009323,Canary Wharf,true,true,51.499982,-0.017824,560,3,Marsh Wall
E14 9SN,E14 9,live,cw-core,198301,,false,E05009323,Canary Wharf,true,true,51.501485,-0.020064,382,8,Admirals Way
E14 9SP,E14 9,live,cw-core,200610,,true,E05009323,Canary Wharf,true,true,51.501177,-0.019371,414,1,Admirals Way
E14 9SQ,E14 9,live,cw-box-other-ward,202110,,false,E05009318,Blackwall & Cubitt Town,false,true,51.502111,-0.015037,439,1,Park Drive
E14 9SR,E14 9,live,cw-core,200006,,true,E05009323,Canary Wharf,true,true,51.500989,-0.017290,462,1,Harbour Exchange Square
E14 9SS,E14 9,live,e14-other,201702,,false,E05009318,Blackwall & Cubitt Town,false,false,51.497722,-0.015545,845,1,Crossharbour Plaza
E14 9ST,E14 9,live,cw-box-other-ward,199712,,false,E05009318,Blackwall & Cubitt Town,false,true,51.500940,-0.008546,879,1,Manchester Road
E14 9SU,E14 9,live,cw-box-other-ward,200504,,false,E05009318,Blackwall & Cubitt Town,false,true,51.505383,-0.007012,868,1,Prestons Road
E14 9SW,E14 9,live,cw-core,202405,,false,E05009323,Canary Wharf,true,true,51.500825,-0.018767,456,1,Marsh Wall
E14 9SX,E14 9,live,cw-box-other-ward,201707,,false,E05009328,Poplar,false,true,51.508055,-0.011334,666,6,Williamsburg Plaza
E14 9SY,E14 9,terminated,terminated-cw,200610,201605,false,E05009318,Blackwall & Cubitt Town,false,true,51.501734,-0.009232,795,,
E14 9SZ,E14 9,live,cw-ward,199201,,false,E05009323,Canary Wharf,true,false,51.496789,-0.018337,906,2,Muirfield Crescent
E14 9TA,E14 9,live,e14-other,201702,,false,E05009318,Blackwall & Cubitt Town,false,false,51.497722,-0.015545,845,1,Crossharbour Plaza
E14 9TB,E14 9,live,cw-core,202110,,false,E05009323,Canary Wharf,true,true,51.502736,-0.025428,477,1,Marsh Wall
E14 9TD,E14 9,live,cw-ward,199208,,false,E05009323,Canary Wharf,true,false,51.496312,-0.018848,957,2,Millharbour
E14 9TE,E14 9,live,cw-core,199201,,false,E05009323,Canary Wharf,true,true,51.498600,-0.018014,709,1,Millharbour
E14 9TF,E14 9,live,cw-box-other-ward,201904,,false,E05009328,Poplar,false,true,51.507877,-0.011414,651,4,Astoria Way
E14 9TG,E14 9,live,e14-other,202111,,false,E05009318,Blackwall & Cubitt Town,false,false,51.495511,-0.015598,1079,1,Selsdon Way
E14 9TH,E14 9,live,cw-box-other-ward,202107,,false,E05009318,Blackwall & Cubitt Town,false,true,51.502897,-0.010464,666,2,Harbord Square
E14 9TJ,E14 9,live,cw-box-other-ward,202106,,false,E05009318,Blackwall & Cubitt Town,false,true,51.502606,-0.009771,722,1,Harbord Square
E14 9TL,E14 9,live,cw-box-other-ward,202601,,false,E05009318,Blackwall & Cubitt Town,false,true,51.500608,-0.010189,804,,
E14 9TN,E14 9,live,cw-core,202110,,false,E05009323,Canary Wharf,true,true,51.502736,-0.025428,477,1,Marsh Wall
E14 9TP,E14 9,live,cw-core,198710,,false,E05009323,Canary Wharf,true,true,51.500879,-0.021935,478,5,Marsh Wall
E14 9TQ,E14 9,live,cw-box-other-ward,201506,,true,E05009318,Blackwall & Cubitt Town,false,true,51.499508,-0.014271,701,1,Harbour Exchange Square
E14 9TR,E14 9,live,cw-ward,198504,,false,E05009323,Canary Wharf,true,false,51.497229,-0.018275,858,1,Millharbour
E14 9TS,E14 9,live,cw-box-other-ward,198504,,false,E05009318,Blackwall & Cubitt Town,false,true,51.499196,-0.012830,786,71,Skylines Village
E14 9TT,E14 9,live,cw-core,202012,,false,E05009323,Canary Wharf,true,true,51.500961,-0.017234,466,1,Marsh Wall
E14 9TU,E14 9,terminated,terminated-cw,198803,201005,false,E05009323,Canary Wharf,true,false,51.497687,-0.020373,805,,
E14 9TW,E14 9,live,cw-box-other-ward,202110,,false,E05009318,Blackwall & Cubitt Town,false,true,51.500068,-0.013382,685,2,Marsh Wall
E14 9TX,E14 9,live,cw-core,200909,,false,E05009323,Canary Wharf,true,true,51.498336,-0.017838,739,3,Millharbour
E14 9TY,E14 9,live,cw-core,201812,,false,E05009323,Canary Wharf,true,true,51.499534,-0.019558,597,1,Harbour Way
E14 9TZ,E14 9,live,cw-core,202010,,false,E05009323,Canary Wharf,true,true,51.501477,-0.022744,443,1,Wards Place
E14 9UA,E14 9,live,cw-core,201908,,false,E05009323,Canary Wharf,true,true,51.499311,-0.019121,622,1,Harbour Way
E14 9UB,E14 9,live,cw-core,198510,,false,E05009323,Canary Wharf,true,true,51.499498,-0.021649,619,9,Mastmaker Road
E14 9UD,E14 9,live,cw-core,198607,,false,E05009323,Canary Wharf,true,true,51.501756,-0.021147,368,1,Admirals Way
E14 9UE,E14 9,live,e14-other,201704,,false,E05009318,Blackwall & Cubitt Town,false,false,51.497722,-0.015545,845,1,Crossharbour Plaza
E14 9UF,E14 9,live,cw-core,198607,,false,E05009323,Canary Wharf,true,true,51.501663,-0.020964,374,1,Admirals Way
E14 9UG,E14 9,live,cw-core,198607,,false,E05009323,Canary Wharf,true,true,51.501704,-0.020746,366,1,Admirals Way
E14 9UH,E14 9,live,cw-core,198607,,false,E05009323,Canary Wharf,true,true,51.501572,-0.020392,376,1,Admirals Way
E14 9UJ,E14 9,live,cw-core,198607,,false,E05009323,Canary Wharf,true,true,51.501516,-0.020264,380,1,Admirals Way
E14 9UL,E14 9,live,e14-other,198604,,false,E05009324,Island Gardens,false,false,51.491141,-0.016695,1543,2,Spindrift Avenue
E14 9UN,E14 9,live,e14-other,198604,,false,E05009324,Island Gardens,false,false,51.492187,-0.017961,1418,30,Taeping Street
E14 9UP,E14 9,live,e14-other,198604,,false,E05009324,Island Gardens,false,false,51.491941,-0.016185,1460,19,Falcon Way
E14 9UQ,E14 9,live,cw-core,198607,,false,E05009323,Canary Wharf,true,true,51.501656,-0.020575,369,1,Admirals Way
E14 9UR,E14 9,live,e14-other,198604,,false,E05009324,Island Gardens,false,false,51.491999,-0.016932,1446,19,Whiteadder Way
E14 9US,E14 9,live,e14-other,199712,,false,E05009324,Island Gardens,false,false,51.489878,-0.014906,1701,10,Spindrift Avenue
E14 9UT,E14 9,live,e14-other,198604,,false,E05009324,Island Gardens,false,false,51.491551,-0.017570,1491,25,Taeping Street
E14 9UU,E14 9,live,e14-other,199706,,false,E05009324,Island Gardens,false,false,51.493113,-0.020081,1312,14,Wheat Sheaf Close
E14 9UW,E14 9,live,e14-other,198604,,false,E05009324,Island Gardens,false,false,51.492406,-0.015473,1418,20,Undine Road
E14 9UX,E14 9,live,e14-other,199109,,false,E05009324,Island Gardens,false,false,51.490728,-0.018341,1579,17,Ambassador Square
E14 9UY,E14 9,live,e14-other,199806,,false,E05009324,Island Gardens,false,false,51.492847,-0.019200,1341,11,Wheat Sheaf Close
E14 9UZ,E14 9,live,e14-other,199706,,false,E05009324,Island Gardens,false,false,51.492313,-0.019554,1400,16,Wheat Sheaf Close
E14 9WA,E14 9,live,e14-other,199002,,false,E05009324,Island Gardens,false,false,51.493315,-0.022983,1311,12,Arden Crescent
E14 9WB,E14 9,live,e14-other,199002,,false,E05009324,Island Gardens,false,false,51.493380,-0.024175,1322,1,Dockers Tanner Road
E14 9WD,E14 9,live,e14-other,199002,,false,E05009324,Island Gardens,false,false,51.492463,-0.023624,1413,41,Charnwood Gardens
E14 9WE,E14 9,live,e14-other,199002,,false,E05009324,Island Gardens,false,false,51.492814,-0.023105,1368,29,Severnake Close
E14 9WF,E14 9,live,e14-other,199002,,false,E05009324,Island Gardens,false,false,51.492516,-0.023046,1400,18,Dartmoor Walk
E14 9WG,E14 9,live,e14-other,199002,,false,E05009324,Island Gardens,false,false,51.491823,-0.022457,1469,8,Epping Close
E14 9WH,E14 9,live,e14-other,199002,,false,E05009324,Island Gardens,false,false,51.492259,-0.021703,1415,10,Ashdown Walk
E14 9WJ,E14 9,live,e14-other,199002,,false,E05009324,Island Gardens,false,false,51.492259,-0.021703,1415,5,Radnor Walk
E14 9WL,E14 9,live,e14-other,199002,,false,E05009324,Island Gardens,false,false,51.492710,-0.021222,1362,17,Inglewood Close
E14 9WN,E14 9,live,e14-other,199002,,false,E05009324,Island Gardens,false,false,51.491563,-0.021474,1490,23,Sherwood Gardens
E14 9WP,E14 9,live,e14-other,199002,,false,E05009324,Island Gardens,false,false,51.492083,-0.021350,1432,6,Copeland Drive
E14 9WQ,E14 9,live,e14-other,199002,,false,E05009324,Island Gardens,false,false,51.492322,-0.022233,1412,5,Rothsay Walk
E14 9WR,E14 9,live,e14-other,199002,,false,E05009324,Island Gardens,false,false,51.491825,-0.020987,1458,39,Barnsdale Avenue
E14 9WS,E14 9,live,cw-core,202011,,false,E05009323,Canary Wharf,true,true,51.500961,-0.017234,466,2,Marsh Wall
E14 9WT,E14 9,live,cw-core,199208,,false,E05009323,Canary Wharf,true,true,51.499927,-0.020449,557,1,Mastmaker Road
E14 9WU,E14 9,live,e14-other,199201,,false,E05009324,Island Gardens,false,false,51.491152,-0.021117,1534,3,Spindrift Avenue
E14 9WW,E14 9,live,e14-other,199002,,false,E05009324,Island Gardens,false,false,51.491505,-0.022297,1503,2,Sherwood Gardens
E14 9WX,E14 9,live,cw-core,201912,,false,E05009323,Canary Wharf,true,true,51.499331,-0.020820,627,1,Mastmaker Road
E14 9WY,E14 9,live,e14-other,199405,,false,E05009324,Island Gardens,false,false,51.492959,-0.022119,1341,4,Ringwood Gardens
E14 9WZ,E14 9,live,e14-other,199405,,false,E05009324,Island Gardens,false,false,51.493163,-0.021433,1313,6,Ringwood Gardens
E14 9XA,E14 9,live,e14-other,199706,,false,E05009324,Island Gardens,false,false,51.491289,-0.020160,1515,19,Telegraph Place
E14 9XB,E14 9,live,e14-other,199806,,false,E05009324,Island Gardens,false,false,51.492125,-0.019591,1421,14,Telegraph Place
E14 9XD,E14 9,live,e14-other,199712,,false,E05009324,Island Gardens,false,false,51.491598,-0.018735,1481,34,Telegraph Place
E14 9XE,E14 9,live,e14-other,199812,,false,E05009324,Island Gardens,false,false,51.492286,-0.019022,1404,1,Telegraph Place
E14 9XF,E14 9,live,cw-core,202412,,false,E05009323,Canary Wharf,true,true,51.500825,-0.018767,456,1,Marsh Wall
E14 9XG,E14 9,live,cw-core,198803,,false,E05009323,Canary Wharf,true,true,51.501791,-0.021636,377,1,Admirals Way
E14 9XH,E14 9,live,cw-ward,201901,,false,E05009323,Canary Wharf,true,false,51.497244,-0.018649,854,1,Watergate Walk
E14 9XJ,E14 9,live,cw-core,202010,,false,E05009323,Canary Wharf,true,true,51.501477,-0.022744,443,1,Wards Place
E14 9XL,E14 9,live,cw-core,199101,,false,E05009323,Canary Wharf,true,true,51.501148,-0.020324,422,2,Admirals Way
E14 9XN,E14 9,live,e14-other,201705,,false,E05009318,Blackwall & Cubitt Town,false,false,51.497298,-0.014439,916,3,Crossharbour Plaza
E14 9XP,E14 9,live,cw-core,198803,,false,E05009323,Canary Wharf,true,true,51.498627,-0.018041,705,6,Millharbour
E14 9XQ,E14 9,live,cw-core,199002,,false,E05009323,Canary Wharf,true,true,51.501295,-0.021038,415,1,Admirals Way
E14 9XR,E14 9,live,cw-ward,201812,,false,E05009323,Canary Wharf,true,false,51.497231,-0.018404,857,1,Watergate Walk
E14 9XS,E14 9,live,cw-core,201912,,false,E05009323,Canary Wharf,true,true,51.499528,-0.020797,605,2,Mastmaker Road
E14 9XT,E14 9,live,cw-box-other-ward,201710,,false,E05009328,Poplar,false,true,51.508219,-0.011442,670,2,Williamsburg Plaza
E14 9XU,E14 9,live,cw-box-other-ward,202204,,false,E05009318,Blackwall & Cubitt Town,false,true,51.502015,-0.013082,549,1,Harbour Quay
E14 9XW,E14 9,terminated,terminated-cw,198710,199112,true,E05009323,Canary Wharf,true,true,51.501344,-0.021814,427,,
E14 9XX,E14 9,live,cw-box-other-ward,201710,,false,E05009328,Poplar,false,true,51.507993,-0.011366,661,2,Williamsburg Plaza
E14 9XY,E14 9,live,cw-core,201912,,false,E05009323,Canary Wharf,true,true,51.499528,-0.020797,605,1,Mastmaker Road
E14 9XZ,E14 9,live,cw-core,202110,,false,E05009323,Canary Wharf,true,true,51.502736,-0.025428,477,1,Marsh Wall
E14 9YA,E14 9,live,e14-other,198710,,false,E05009324,Island Gardens,false,false,51.490479,-0.020671,1606,30,Barnfield Place
E14 9YB,E14 9,live,e14-other,198710,,false,E05009324,Island Gardens,false,false,51.490135,-0.021579,1649,25,Barnfield Place
E14 9YD,E14 9,live,e14-other,198710,,false,E05009324,Island Gardens,false,false,51.490735,-0.021985,1585,39,Ironmongers Place
E14 9YE,E14 9,live,cw-core,202502,,false,E05009323,Canary Wharf,true,true,51.500730,-0.018454,470,,
E14 9YF,E14 9,live,e14-other,201704,,false,E05009318,Blackwall & Cubitt Town,false,false,51.497722,-0.015545,845,2,Crossharbour Plaza
E14 9YG,E14 9,live,cw-box-other-ward,199912,,false,E05009318,Blackwall & Cubitt Town,false,true,51.500472,-0.010670,786,1,Lawn House Close
E14 9YH,E14 9,live,cw-box-other-ward,202106,,false,E05009318,Blackwall & Cubitt Town,false,true,51.502187,-0.009976,727,1,Harbord Square
E14 9YJ,E14 9,terminated,terminated-cw,199712,201409,false,E05009318,Blackwall & Cubitt Town,false,true,51.500679,-0.010128,802,,
E14 9YL,E14 9,live,cw-box-other-ward,202110,,false,E05009318,Blackwall & Cubitt Town,false,true,51.502181,-0.013362,523,1,George Street
E14 9YN,E14 9,live,cw-core,201906,,false,E05009323,Canary Wharf,true,true,51.499428,-0.020153,611,1,Harbour Way
E14 9YP,E14 9,terminated,terminated-cw,199002,199405,true,E05009323,Canary Wharf,true,true,51.502316,-0.026094,541,,
E14 9YQ,E14 9,live,cw-box-other-ward,199101,,true,E05009318,Blackwall & Cubitt Town,false,true,51.500168,-0.010251,830,2,Lawn House Close
E14 9YR,E14 9,terminated,terminated-cw,199002,202607,true,E05009323,Canary Wharf,true,true,51.501286,-0.021038,416,1,Admirals Way
E14 9YS,E14 9,live,cw-core,199002,,true,E05009323,Canary Wharf,true,true,51.501286,-0.021038,416,1,Admirals Way
E14 9YT,E14 9,terminated,terminated-cw,199002,201804,false,E05009318,Blackwall & Cubitt Town,false,true,51.499965,-0.013099,706,,
E14 9YU,E14 9,live,e14-other,200112,,true,E05009327,Mile End,false,false,51.513162,-0.028291,1103,,
E14 9YW,E14 9,terminated,terminated-cw,199002,199405,true,E05009323,Canary Wharf,true,true,51.502316,-0.026094,541,,
E14 9YX,E14 9,live,cw-core,202005,,false,E05009323,Canary Wharf,true,true,51.499562,-0.019038,595,2,Dockyard Lane
E14 9YY,E14 9,live,e14-other,199002,,false,E05009328,Poplar,false,false,51.511149,-0.006054,1164,1,East India Dock Road
E14 9YZ,E14 9,terminated,terminated-cw,199002,199612,true,E05009323,Canary Wharf,true,true,51.500446,-0.021852,522,,
E14 9ZA,E14 9,live,cw-core,201908,,false,E05009323,Canary Wharf,true,true,51.499311,-0.019121,622,1,Harbour Way
E14 9ZB,E14 9,live,cw-core,202406,,false,E05009323,Canary Wharf,true,true,51.500825,-0.018767,456,1,Marsh Wall
E14 9ZD,E14 9,live,cw-core,202010,,false,E05009323,Canary Wharf,true,true,51.501477,-0.022744,443,1,Wards Place
E14 9ZE,E14 9,live,cw-core,201905,,false,E05009323,Canary Wharf,true,true,51.499547,-0.019240,596,1,Harbour Way
E14 9ZF,E14 9,live,cw-core,201904,,false,E05009323,Canary Wharf,true,true,51.499600,-0.020218,592,3,Dockyard Lane
E14 9ZG,E14 9,terminated,terminated-cw,199308,199412,true,E05009323,Canary Wharf,true,true,51.500446,-0.021852,522,,
E14 9ZH,E14 9,live,cw-box-other-ward,202012,,false,E05009318,Blackwall & Cubitt Town,false,true,51.499975,-0.013718,679,2,Marsh Wall
E14 9ZJ,E14 9,live,e14-other,201702,,false,E05009318,Blackwall & Cubitt Town,false,false,51.497722,-0.015545,845,1,Crossharbour Plaza
E14 9ZN,E14 9,live,cw-box-other-ward,202108,,false,E05009318,Blackwall & Cubitt Town,false,true,51.500068,-0.013382,685,2,Marsh Wall
E14 9ZP,E14 9,live,cw-core,201702,,false,E05009323,Canary Wharf,true,true,51.499534,-0.019558,597,2,Harbour Way
E14 9ZQ,E14 9,terminated,terminated-cw,202407,202409,false,E05009318,Blackwall & Cubitt Town,false,true,51.501680,-0.009768,765,,
E14 9ZR,E14 9,live,cw-box-other-ward,202305,,false,E05009318,Blackwall & Cubitt Town,false,true,51.503257,-0.010477,652,1,Brannan Street
E14 9ZS,E14 9,live,cw-core,202012,,false,E05009323,Canary Wharf,true,true,51.500961,-0.017234,466,1,Marsh Wall
E14 9ZT,E14 9,live,e14-other,201605,,false,E05009324,Island Gardens,false,false,51.491133,-0.015687,1554,2,Nauticus Walk
E14 9ZU,E14 9,terminated,terminated-other,199208,199906,true,E05009318,Blackwall & Cubitt Town,false,false,51.496157,-0.016592,994,,
E14 9ZW,E14 9,live,cw-box-other-ward,202007,,false,E05009318,Blackwall & Cubitt Town,false,true,51.502472,-0.014041,465,4,Park Drive
E14 9ZX,E14 9,live,cw-core,201912,,false,E05009323,Canary Wharf,true,true,51.499311,-0.019121,622,,
E14 9ZY,E14 9,terminated,terminated-cw,202407,202409,false,E05009318,Blackwall & Cubitt Town,false,true,51.501680,-0.009768,765,,
E14 9ZZ,E14 9,terminated,terminated-other,199208,199906,true,E05009318,Blackwall & Cubitt Town,false,false,51.496157,-0.016592,994,,
