# index	predicate	file	rows	bytes	sha256	merkle-leaves	graphs	graph-set	literal-index	geo-index	subject-zone	object-zone	blobs
0	http://www.opengis.net/ont/geosparql#hasGeometry	predicate-0.ibk5	224	22128	a9a849a5fc5da2f5bd7c49c5d19fcf51a2545b9b8bf57623fa2303bb9911366c	predicate-0.ibk5.merkle	1	https://kgx.foaf.tv/id/graphbuildingsp0057b0be09685645c3	predicate-0.ibk5.lgi2	predicate-0.ibk5.gbi1	001e000000687474..001e000000687474	0026000000687474..0026000000687474	0
1	http://www.w3.org/1999/02/22-rdf-syntax-ns#type	predicate-1.ibk5	448	17051	7119314248d6699a7e2ac21f9425642ffd383f01bf917e774de8a2980d66a0f1	predicate-1.ibk5.merkle	1	https://kgx.foaf.tv/id/graphbuildingsp0057b0be09685645c3	predicate-1.ibk5.lgi2	predicate-1.ibk5.gbi1	001e000000687474..001e000000687474	0018000000687474..0032000000687474	0
2	https://danbri.github.io/londat/kgx/vocab#buildingTag	predicate-2.ibk5	224	13629	e592b197f69396ba3c389fd6d0c8c0b716f5b883b6221f53f809059c88429029	predicate-2.ibk5.merkle	1	https://kgx.foaf.tv/id/graphbuildingsp0057b0be09685645c3	predicate-2.ibk5.lgi2	predicate-2.ibk5.gbi1	001e000000687474..001e000000687474	0203000000796573..020d000000747261	0
3	https://danbri.github.io/londat/kgx/vocab#footprintAreaM2	predicate-3.ibk5	224	22167	985602bf0e2e14e48732cb73f25b007c5605a83fcb7c5a88d113d7d2cca335ab	predicate-3.ibk5.merkle	1	https://kgx.foaf.tv/id/graphbuildingsp0057b0be09685645c3	predicate-3.ibk5.lgi2	predicate-3.ibk5.gbi1	001e000000687474..001e000000687474	0201000000352800..0204000000333631	0
4	https://danbri.github.io/londat/kgx/vocab#houseName	predicate-4.ibk5	35	4301	bde7a328abd8873c25e11193f9be8ce29830c61fc8c9fdfd0da17d7e14d332ca	predicate-4.ibk5.merkle	1	https://kgx.foaf.tv/id/graphbuildingsp0057b0be09685645c3	predicate-4.ibk5.lgi2	predicate-4.ibk5.gbi1	001e000000687474..001e000000687474	020b000000437275..0217000000546865	0
5	https://danbri.github.io/londat/kgx/vocab#levels	predicate-5.ibk5	114	6952	130b119e29105a22b223b3bcf54be0fc25dae1999975595ace867fafe26a11ae	predicate-5.ibk5.merkle	1	https://kgx.foaf.tv/id/graphbuildingsp0057b0be09685645c3	predicate-5.ibk5.lgi2	predicate-5.ibk5.gbi1	001e000000687474..001e000000687474	0201000000312800..0202000000333028	0
6	https://danbri.github.io/londat/kgx/vocab#toid	predicate-6.ibk5	414	41592	285fa51a1f41095689f9a127bcfe16e9289f2659eb9daca6a62fbc155a2569f3	predicate-6.ibk5.merkle	1	https://kgx.foaf.tv/id/graphbuildingsp0057b0be09685645c3	predicate-6.ibk5.lgi2	predicate-6.ibk5.gbi1	001e000000687474..001e000000687474	02110000006f7367..02140000006f7367	0
7	https://danbri.github.io/londat/kgx/vocab#uprnCount	predicate-7.ibk5	173	12017	9fd20f318d6d404e98c4ae75192a98b2b7acf5662f0eed515d55e1b73cfebb0f	predicate-7.ibk5.merkle	1	https://kgx.foaf.tv/id/graphbuildingsp0057b0be09685645c3	predicate-7.ibk5.lgi2	predicate-7.ibk5.gbi1	001e000000687474..001e000000687474	0201000000312800..0202000000393328	0
8	https://schema.org/identifier	predicate-8.ibk5	224	25245	b7cb99a598b64f2c283913e740a34def20b26ead940eaf6ee832f69c2998b018	predicate-8.ibk5.merkle	1	https://kgx.foaf.tv/id/graphbuildingsp0057b0be09685645c3	predicate-8.ibk5.lgi2	predicate-8.ibk5.gbi1	001e000000687474..001e000000687474	0208000000637762..0208000000637762	0
9	https://schema.org/latitude	predicate-9.ibk5	224	24787	b97514d69060308ab1c6ba75ac973553b2f5d38f78d9358cfd9f800cd9d6cf36	predicate-9.ibk5.merkle	1	https://kgx.foaf.tv/id/graphbuildingsp0057b0be09685645c3	predicate-9.ibk5.lgi2	predicate-9.ibk5.gbi1	001e000000687474..001e000000687474	020700000035312e..020900000035312e	0
10	https://schema.org/longitude	predicate-10.ibk5	224	25665	edc617b8236a2f0867fb53a6d35b52ddaf49fc1b5f83f0100ee139e23189cf39	predicate-10.ibk5.merkle	1	https://kgx.foaf.tv/id/graphbuildingsp0057b0be09685645c3	predicate-10.ibk5.lgi2	predicate-10.ibk5.gbi1	001e000000687474..001e000000687474	02080000002d302e..02090000002d302e	0
11	https://schema.org/name	predicate-11.ibk5	60	7427	2915c3f7a97dad1d31dbf27bf00739b78db5b102a8f28eb96b8ed11539d3ca41	predicate-11.ibk5.merkle	1	https://kgx.foaf.tv/id/graphbuildingsp0057b0be09685645c3	predicate-11.ibk5.lgi2	predicate-11.ibk5.gbi1	001e000000687474..001e000000687474	02050000004c5354..0237000000332050	0
12	https://schema.org/postalCode	predicate-12.ibk5	179	14502	9cc51a47a7c25f7681c400d533fdd406d4bdaa4e8c4da0b0fe44e28e4ecea410	predicate-12.ibk5.merkle	1	https://kgx.foaf.tv/id/graphbuildingsp0057b0be09685645c3	predicate-12.ibk5.lgi2	predicate-12.ibk5.gbi1	001e000000687474..001e000000687474	0207000000453134..0207000000453134	0
13	https://schema.org/sameAs	predicate-13.ibk5	224	23264	e5e3d90aab4d13776ed31fc1f307b9abb2d871c4c09ae4903a5b1e14bf3a2051	predicate-13.ibk5.merkle	1	https://kgx.foaf.tv/id/graphbuildingsp0057b0be09685645c3	predicate-13.ibk5.lgi2	predicate-13.ibk5.gbi1	001e000000687474..001e000000687474	002a000000687474..002e000000687474	0
14	http://www.w3.org/2002/07/owl#sameAs	predicate-14.ibk5	10	1154	3eda1b174e12cb722d5fb60edc2a2aadc28a3d8bf57cf82164439583fc8b29b2	predicate-14.ibk5.merkle	1	https://kgx.foaf.tv/id/graphbuildingsp0057b0be09685645c3	predicate-14.ibk5.lgi2	predicate-14.ibk5.gbi1	001e000000687474..001e000000687474	0026000000687474..0029000000687474	0
15	https://schema.org/alternateName	predicate-15.ibk5	3	532	b322e45e52cd4d59a253307205e19ee7865f88913bad95ed1c16ed95d35ca695	predicate-15.ibk5.merkle	1	https://kgx.foaf.tv/id/graphbuildingsp0057b0be09685645c3	predicate-15.ibk5.lgi2	predicate-15.ibk5.gbi1	001e000000687474..001e000000687474	020e000000436f72..021f000000536169	0
16	https://danbri.github.io/londat/kgx/vocab#heightMetres	predicate-16.ibk5	5	500	9fd010aeca64e055272177d3ac54e687a0f064ddc19ae7770d661a2b9ad8f8c5	predicate-16.ibk5.merkle	1	https://kgx.foaf.tv/id/graphbuildingsp0057b0be09685645c3	predicate-16.ibk5.lgi2	predicate-16.ibk5.gbi1	001e000000687474..001e000000687474	0201000000372800..0201000000372800	0
17	http://www.opengis.net/ont/geosparql#hasGeometry	predicate-17.ibk5	231	22814	dd1800a8198e2474f71f38b61544085e8a4e5641b6dac0a948f8560b06fe5650	predicate-17.ibk5.merkle	1	https://kgx.foaf.tv/id/graphbuildingsp01970f5362aa381d6d	predicate-17.ibk5.lgi2	predicate-17.ibk5.gbi1	001e000000687474..001e000000687474	0026000000687474..0026000000687474	0
18	http://www.w3.org/1999/02/22-rdf-syntax-ns#type	predicate-18.ibk5	462	17576	06dc5c8497c1605abcbddfa2cb2975078a9ff1e888c1b62d304a874cbe600309	predicate-18.ibk5.merkle	1	https://kgx.foaf.tv/id/graphbuildingsp01970f5362aa381d6d	predicate-18.ibk5.lgi2	predicate-18.ibk5.gbi1	001e000000687474..001e000000687474	0018000000687474..0032000000687474	0
19	https://danbri.github.io/londat/kgx/vocab#buildingTag	predicate-19.ibk5	231	14143	c25f7f2a17a99a4573e52c7d91b2b28c1d0899cc223c97d87fa4d0e05602c1e8	predicate-19.ibk5.merkle	1	https://kgx.foaf.tv/id/graphbuildingsp01970f5362aa381d6d	predicate-19.ibk5.lgi2	predicate-19.ibk5.gbi1	001e000000687474..001e000000687474	0203000000796573..020e000000796573	0
20	https://danbri.github.io/londat/kgx/vocab#footprintAreaM2	predicate-20.ibk5	231	23389	ba01885efecbd182ee9c4bb4f3e6d03e25c34141cafaaace66adcb8c21e57e6b	predicate-20.ibk5.merkle	1	https://kgx.foaf.tv/id/graphbuildingsp01970f5362aa381d6d	predicate-20.ibk5.lgi2	predicate-20.ibk5.gbi1	001e000000687474..001e000000687474	0201000000362800..0205000000313130	0
21	https://danbri.github.io/londat/kgx/vocab#levels	predicate-21.ibk5	104	7231	4d125fcbe84cd02052e816ffbc9b2c836a405d30352e661d26d6bd4f60f63f34	predicate-21.ibk5.merkle	1	https://kgx.foaf.tv/id/graphbuildingsp01970f5362aa381d6d	predicate-21.ibk5.lgi2	predicate-21.ibk5.gbi1	001e000000687474..001e000000687474	0201000000312800..0202000000353828	0
22	https://danbri.github.io/londat/kgx/vocab#toid	predicate-22.ibk5	246	25770	bd6cfbdfa3ce0777cdb2b3a9e4f2fdfa9b14cce3ba654f3e326d6ac6d58da251	predicate-22.ibk5.merkle	1	https://kgx.foaf.tv/id/graphbuildingsp01970f5362aa381d6d	predicate-22.ibk5.lgi2	predicate-22.ibk5.gbi1	001e000000687474..001e000000687474	02110000006f7367..02140000006f7367	0
23	https://danbri.github.io/londat/kgx/vocab#uprnCount	predicate-23.ibk5	150	11444	0ef1a7d00db97d539aa7676a546fc201500af91b5659df640f87a23141ebf278	predicate-23.ibk5.merkle	1	https://kgx.foaf.tv/id/graphbuildingsp01970f5362aa381d6d	predicate-23.ibk5.lgi2	predicate-23.ibk5.gbi1	001e000000687474..001e000000687474	0201000000312800..0203000000363431	0
24	https://schema.org/identifier	predicate-24.ibk5	231	26029	747c2361ca10db9dcadb44833284be87c0658aef14714982fc57fc9027d77f60	predicate-24.ibk5.merkle	1	https://kgx.foaf.tv/id/graphbuildingsp01970f5362aa381d6d	predicate-24.ibk5.lgi2	predicate-24.ibk5.gbi1	001e000000687474..001e000000687474	0208000000637762..0208000000637762	0
25	https://schema.org/latitude	predicate-25.ibk5	231	26232	5c8b8eaf63c5c6f68c878fdaadd3d3d4c8e8fea6b7dc81a5d5189427659b76a3	predicate-25.ibk5.merkle	1	https://kgx.foaf.tv/id/graphbuildingsp01970f5362aa381d6d	predicate-25.ibk5.lgi2	predicate-25.ibk5.gbi1	001e000000687474..001e000000687474	020800000035312e..020900000035312e	0
26	https://schema.org/longitude	predicate-26.ibk5	231	26467	68486c8d823ec403f33bf44b78405b478f119888f0cc56d7b6e70494260dc18a	predicate-26.ibk5.merkle	1	https://kgx.foaf.tv/id/graphbuildingsp01970f5362aa381d6d	predicate-26.ibk5.lgi2	predicate-26.ibk5.gbi1	001e000000687474..001e000000687474	02080000002d302e..02090000002d302e	0
27	https://schema.org/postalCode	predicate-27.ibk5	226	17382	9ec07c554fc447c651ee392bb4e41d091b709896c5d1871c37b292a534d6caf3	predicate-27.ibk5.merkle	1	https://kgx.foaf.tv/id/graphbuildingsp01970f5362aa381d6d	predicate-27.ibk5.lgi2	predicate-27.ibk5.gbi1	001e000000687474..001e000000687474	0207000000453134..0207000000453134	0
28	https://schema.org/sameAs	predicate-28.ibk5	231	23993	df5733d9660f4849c26abdf6798ceb869269cf197941e708f0f937938911d7e4	predicate-28.ibk5.merkle	1	https://kgx.foaf.tv/id/graphbuildingsp01970f5362aa381d6d	predicate-28.ibk5.lgi2	predicate-28.ibk5.gbi1	001e000000687474..001e000000687474	0029000000687474..002f000000687474	0
29	https://danbri.github.io/londat/kgx/vocab#houseName	predicate-29.ibk5	32	3844	f09d497c7a3b5c8106b76a2cf14cd35bd31a67c7888129801a8699280d63199d	predicate-29.ibk5.merkle	1	https://kgx.foaf.tv/id/graphbuildingsp01970f5362aa381d6d	predicate-29.ibk5.lgi2	predicate-29.ibk5.gbi1	001e000000687474..001e000000687474	02070000004d5620..0216000000546865	0
30	http://www.w3.org/2002/07/owl#sameAs	predicate-30.ibk5	34	3448	e5d4d0f0241fbdbac29f0c0d6a6c92b3ff99593bc4a1115fc183fcc610f25214	predicate-30.ibk5.merkle	1	https://kgx.foaf.tv/id/graphbuildingsp01970f5362aa381d6d	predicate-30.ibk5.lgi2	predicate-30.ibk5.gbi1	001e000000687474..001e000000687474	0026000000687474..0029000000687474	0
31	https://schema.org/name	predicate-31.ibk5	109	13121	7a09571d311dea021a96ab8c2afd3d20c711f864f4170fc9382555f119decafd	predicate-31.ibk5.merkle	1	https://kgx.foaf.tv/id/graphbuildingsp01970f5362aa381d6d	predicate-31.ibk5.lgi2	predicate-31.ibk5.gbi1	001e000000687474..001e000000687474	02040000004b504d..0231000000416363	0
32	https://danbri.github.io/londat/kgx/vocab#heightMetres	predicate-32.ibk5	15	1686	b16f029eb757ecf33c253faa8c26056b6b243b92787e3a00b7f041d5e3e87f27	predicate-32.ibk5.merkle	1	https://kgx.foaf.tv/id/graphbuildingsp01970f5362aa381d6d	predicate-32.ibk5.lgi2	predicate-32.ibk5.gbi1	001e000000687474..001e000000687474	0201000000362800..0205000000313939	0
33	https://schema.org/alternateName	predicate-33.ibk5	13	1701	61d4e84d7b84b23358ed19a22c91c531bec1c6687bdd726e8ff6fb7953d96aab	predicate-33.ibk5.merkle	1	https://kgx.foaf.tv/id/graphbuildingsp01970f5362aa381d6d	predicate-33.ibk5.lgi2	predicate-33.ibk5.gbi1	001e000000687474..001e000000687474	0207000000485342..021d0000004d6172	0
34	http://www.opengis.net/ont/geosparql#hasGeometry	predicate-34.ibk5	226	22324	6521c557fdc36e79efd0bf919ea1729cddd59f5358182a9f0df89dfd051a1375	predicate-34.ibk5.merkle	1	https://kgx.foaf.tv/id/graphbuildingsp02be5dfa45f5650fbe	predicate-34.ibk5.lgi2	predicate-34.ibk5.gbi1	001e000000687474..001e000000687474	0026000000687474..0026000000687474	0
35	http://www.w3.org/1999/02/22-rdf-syntax-ns#type	predicate-35.ibk5	452	17201	41f91cfb52ff261c12c897bc3d168dd7dec513e820c7b69c927450ec58074cba	predicate-35.ibk5.merkle	1	https://kgx.foaf.tv/id/graphbuildingsp02be5dfa45f5650fbe	predicate-35.ibk5.lgi2	predicate-35.ibk5.gbi1	001e000000687474..001e000000687474	0018000000687474..0032000000687474	0
36	https://danbri.github.io/londat/kgx/vocab#buildingTag	predicate-36.ibk5	226	13906	d87711730911ad6452dd1cd268b959854e90dfac279b33f161dce47aa914a7b0	predicate-36.ibk5.merkle	1	https://kgx.foaf.tv/id/graphbuildingsp02be5dfa45f5650fbe	predicate-36.ibk5.lgi2	predicate-36.ibk5.gbi1	001e000000687474..001e000000687474	0203000000687574..020d000000747261	0
37	https://danbri.github.io/londat/kgx/vocab#footprintAreaM2	predicate-37.ibk5	226	21732	74a9d94f68e1194f5d2dbe0dd97cb5594f649f5fb013a6d896abab44bb108a06	predicate-37.ibk5.merkle	1	https://kgx.foaf.tv/id/graphbuildingsp02be5dfa45f5650fbe	predicate-37.ibk5.lgi2	predicate-37.ibk5.gbi1	001e000000687474..001e000000687474	0202000000313728..0204000000373136	0
38	https://schema.org/identifier	predicate-38.ibk5	226	25469	7efa66a36d3168dc77b0477be0030af19bb98454988ecaa2ccd9b5079ff62879	predicate-38.ibk5.merkle	1	https://kgx.foaf.tv/id/graphbuildingsp02be5dfa45f5650fbe	predicate-38.ibk5.lgi2	predicate-38.ibk5.gbi1	001e000000687474..001e000000687474	0208000000637762..0208000000637762	0
39	https://schema.org/latitude	predicate-39.ibk5	226	25013	093f8fa80260db54da2c9b3d64f61562164852558f805d19d0e0e69720bef165	predicate-39.ibk5.merkle	1	https://kgx.foaf.tv/id/graphbuildingsp02be5dfa45f5650fbe	predicate-39.ibk5.lgi2	predicate-39.ibk5.gbi1	001e000000687474..001e000000687474	020700000035312e..020900000035312e	0
40	https://schema.org/longitude	predicate-40.ibk5	226	25836	83e569f0b73cbb7a1af7e6911b9d43a5b97cb75318363115a52870015fe04430	predicate-40.ibk5.merkle	1	https://kgx.foaf.tv/id/graphbuildingsp02be5dfa45f5650fbe	predicate-40.ibk5.lgi2	predicate-40.ibk5.gbi1	001e000000687474..001e000000687474	02060000002d302e..02090000002d302e	0
41	https://schema.org/postalCode	predicate-41.ibk5	270	20117	733a8c89e53003f711563c1bb70ca26b51e8453732728cf766bcf4790ca650ef	predicate-41.ibk5.merkle	1	https://kgx.foaf.tv/id/graphbuildingsp02be5dfa45f5650fbe	predicate-41.ibk5.lgi2	predicate-41.ibk5.gbi1	001e000000687474..001e000000687474	0207000000453134..0207000000453232	0
42	https://schema.org/sameAs	predicate-42.ibk5	226	23465	1a9f4316945970f39062e46b0df98b1d9b28452308990e53fbd36135a4e72253	predicate-42.ibk5.merkle	1	https://kgx.foaf.tv/id/graphbuildingsp02be5dfa45f5650fbe	predicate-42.ibk5.lgi2	predicate-42.ibk5.gbi1	001e000000687474..001e000000687474	002a000000687474..002c000000687474	0
43	https://danbri.github.io/londat/kgx/vocab#toid	predicate-43.ibk5	199	22163	84df47e854316a957fc4586e2c8dad5e85e245ed89c4c1b91822553e1f67e6a3	predicate-43.ibk5.merkle	1	https://kgx.foaf.tv/id/graphbuildingsp02be5dfa45f5650fbe	predicate-43.ibk5.lgi2	predicate-43.ibk5.gbi1	001e000000687474..001e000000687474	02110000006f7367..02140000006f7367	0
44	https://danbri.github.io/londat/kgx/vocab#uprnCount	predicate-44.ibk5	159	11783	ba4b06039c5db608ff1443e26450b16aedd6c86b9efe98373e497aebac42fc62	predicate-44.ibk5.merkle	1	https://kgx.foaf.tv/id/graphbuildingsp02be5dfa45f5650fbe	predicate-44.ibk5.lgi2	predicate-44.ibk5.gbi1	001e000000687474..001e000000687474	0201000000312800..0203000000393936	0
45	http://www.w3.org/2002/07/owl#sameAs	predicate-45.ibk5	28	2942	de1d6104f281c2c8152f2601bf7de0a481d4a1b2120613b7f8d853087d5c3e7d	predicate-45.ibk5.merkle	1	https://kgx.foaf.tv/id/graphbuildingsp02be5dfa45f5650fbe	predicate-45.ibk5.lgi2	predicate-45.ibk5.gbi1	001e000000687474..001e000000687474	0026000000687474..0029000000687474	0
46	https://danbri.github.io/londat/kgx/vocab#heightMetres	predicate-46.ibk5	40	3319	aecfa510fae3a230d88e00feb67025523c216b33c6dd44de198e088a61359733	predicate-46.ibk5.merkle	1	https://kgx.foaf.tv/id/graphbuildingsp02be5dfa45f5650fbe	predicate-46.ibk5.lgi2	predicate-46.ibk5.gbi1	001e000000687474..001e000000687474	0201000000342800..020500000037302e	0
47	https://danbri.github.io/londat/kgx/vocab#levels	predicate-47.ibk5	136	9407	cf864f531a4bdf629220b44291ebade3afb48de0eafe5ce7a790f52bcd1cc044	predicate-47.ibk5.merkle	1	https://kgx.foaf.tv/id/graphbuildingsp02be5dfa45f5650fbe	predicate-47.ibk5.lgi2	predicate-47.ibk5.gbi1	001e000000687474..001e000000687474	0201000000312800..0202000000373528	0
48	https://schema.org/alternateName	predicate-48.ibk5	11	1433	07aa5bfdcdeca5e3f498df1207043c1b065870f80d7ece9e0a700baa224099e2	predicate-48.ibk5.merkle	1	https://kgx.foaf.tv/id/graphbuildingsp02be5dfa45f5650fbe	predicate-48.ibk5.lgi2	predicate-48.ibk5.gbi1	001e000000687474..001e000000687474	0204000000436974..021e000000486f62	0
49	https://schema.org/name	predicate-49.ibk5	82	10241	d5915b967bc70650b53e9bd6ec77d70e1aa79aa9414b4162ef169d37d30d3a17	predicate-49.ibk5.merkle	1	https://kgx.foaf.tv/id/graphbuildingsp02be5dfa45f5650fbe	predicate-49.ibk5.lgi2	predicate-49.ibk5.gbi1	001e000000687474..001e000000687474	0207000000416e69..0235000000416363	0
50	https://danbri.github.io/londat/kgx/vocab#houseName	predicate-50.ibk5	41	5329	c10bf93f146a74ad2fbf3f2cef12a84a42b2b84f2a6050665b763026755f0030	predicate-50.ibk5.merkle	1	https://kgx.foaf.tv/id/graphbuildingsp02be5dfa45f5650fbe	predicate-50.ibk5.lgi2	predicate-50.ibk5.gbi1	001e000000687474..001e000000687474	020b000000416172..021d000000427269	0
51	https://danbri.github.io/londat/kgx/vocab#levelsUnderground	predicate-51.ibk5	2	340	00d8c174c6b23d55f35f35c9ba41d714fb966bef3cda5fb08a6152017fea4faf	predicate-51.ibk5.merkle	1	https://kgx.foaf.tv/id/graphbuildingsp02be5dfa45f5650fbe	predicate-51.ibk5.lgi2	predicate-51.ibk5.gbi1	001e000000687474..001e000000687474	0201000000322800..0201000000322800	0
52	http://www.opengis.net/ont/geosparql#hasGeometry	predicate-52.ibk5	231	22814	5e4e25b8670582262ea9b0a9d276857edf53d5eaabe7cffb5f167692733de937	predicate-52.ibk5.merkle	1	https://kgx.foaf.tv/id/graphbuildingsp03fe4f5c3c603e648a	predicate-52.ibk5.lgi2	predicate-52.ibk5.gbi1	001e000000687474..001e000000687474	0026000000687474..0026000000687474	0
53	http://www.w3.org/1999/02/22-rdf-syntax-ns#type	predicate-53.ibk5	462	17576	a246e5783d757bd6348d9e7343f02e2092f62ddb363b38bbdc7a50be0983c9e0	predicate-53.ibk5.merkle	1	https://kgx.foaf.tv/id/graphbuildingsp03fe4f5c3c603e648a	predicate-53.ibk5.lgi2	predicate-53.ibk5.gbi1	001e000000687474..001e000000687474	0018000000687474..0032000000687474	0
54	https://danbri.github.io/londat/kgx/vocab#buildingTag	predicate-54.ibk5	231	13895	fc178c35780ea0ab19e379dd5b6762d4e614ea020c3cd440d47223bb521cb9be	predicate-54.ibk5.merkle	1	https://kgx.foaf.tv/id/graphbuildingsp03fe4f5c3c603e648a	predicate-54.ibk5.lgi2	predicate-54.ibk5.gbi1	001e000000687474..001e000000687474	0203000000687574..020e000000747261	0
55	https://danbri.github.io/londat/kgx/vocab#footprintAreaM2	predicate-55.ibk5	231	21295	04cb467e253b008e2b47cde39633f1c98136f919ca0c2ecbcd5bdac68708baec	predicate-55.ibk5.merkle	1	https://kgx.foaf.tv/id/graphbuildingsp03fe4f5c3c603e648a	predicate-55.ibk5.lgi2	predicate-55.ibk5.gbi1	001e000000687474..001e000000687474	0201000000372800..0204000000333839	0
56	https://danbri.github.io/londat/kgx/vocab#houseName	predicate-56.ibk5	37	4527	0b54ba60b59bfd1aeefa4c9e44541a81796411427800296356ecd0237294c8d8	predicate-56.ibk5.merkle	1	https://kgx.foaf.tv/id/graphbuildingsp03fe4f5c3c603e648a	predicate-56.ibk5.lgi2	predicate-56.ibk5.gbi1	001e000000687474..001e000000687474	020a000000446f6c..021e000000446973	0
57	https://danbri.github.io/londat/kgx/vocab#levels	predicate-57.ibk5	138	9050	2c119d08710204c30dd3aad9972be74d9b3f3c9a3407204cda63e8c0d0d69f68	predicate-57.ibk5.merkle	1	https://kgx.foaf.tv/id/graphbuildingsp03fe4f5c3c603e648a	predicate-57.ibk5.lgi2	predicate-57.ibk5.gbi1	001e000000687474..001e000000687474	0201000000312800..0203000000322e35	0
58	https://schema.org/identifier	predicate-58.ibk5	231	26029	6981409ee848b69781057d9a08adf0ab98ca653616011b34c86f5b9eccb961f2	predicate-58.ibk5.merkle	1	https://kgx.foaf.tv/id/graphbuildingsp03fe4f5c3c603e648a	predicate-58.ibk5.lgi2	predicate-58.ibk5.gbi1	001e000000687474..001e000000687474	0208000000637762..0208000000637762	0
59	https://schema.org/latitude	predicate-59.ibk5	231	25874	3cf21b373e81bf520353a3622702a0c4a4384612143ceab96e4617be70ee46ea	predicate-59.ibk5.merkle	1	https://kgx.foaf.tv/id/graphbuildingsp03fe4f5c3c603e648a	predicate-59.ibk5.lgi2	predicate-59.ibk5.gbi1	001e000000687474..001e000000687474	020700000035312e..020900000035312e	0
60	https://schema.org/longitude	predicate-60.ibk5	231	26475	b988c3cc4f122c38ec741864dedbe4ba3fba7faea78a7375e80024624821b843	predicate-60.ibk5.merkle	1	https://kgx.foaf.tv/id/graphbuildingsp03fe4f5c3c603e648a	predicate-60.ibk5.lgi2	predicate-60.ibk5.gbi1	001e000000687474..001e000000687474	02070000002d302e..02090000002d302e	0
61	https://schema.org/postalCode	predicate-61.ibk5	240	18362	646bcf25f6c73f1006b883104acdd6a59e825822704101bed69c4c2928a7e6ab	predicate-61.ibk5.merkle	1	https://kgx.foaf.tv/id/graphbuildingsp03fe4f5c3c603e648a	predicate-61.ibk5.lgi2	predicate-61.ibk5.gbi1	001e000000687474..001e000000687474	0207000000453134..0207000000453232	0
62	https://schema.org/sameAs	predicate-62.ibk5	231	23973	e1177bd9445c763def9c239551838461825960b9a67985c3c579167ad8336d04	predicate-62.ibk5.merkle	1	https://kgx.foaf.tv/id/graphbuildingsp03fe4f5c3c603e648a	predicate-62.ibk5.lgi2	predicate-62.ibk5.gbi1	001e000000687474..001e000000687474	002a000000687474..002c000000687474	0
63	https://danbri.github.io/londat/kgx/vocab#toid	predicate-63.ibk5	261	28422	fa3771326fd3ad374b74623564458a6b39d14614a7e23050db14c1f16ec777f1	predicate-63.ibk5.merkle	1	https://kgx.foaf.tv/id/graphbuildingsp03fe4f5c3c603e648a	predicate-63.ibk5.lgi2	predicate-63.ibk5.gbi1	001e000000687474..001e000000687474	02110000006f7367..02140000006f7367	0
64	https://danbri.github.io/londat/kgx/vocab#uprnCount	predicate-64.ibk5	186	13531	44ed07ce56507f3b2ed0d8f8af1911cedcc518075e7d26bae43b778c9a9821ac	predicate-64.ibk5.merkle	1	https://kgx.foaf.tv/id/graphbuildingsp03fe4f5c3c603e648a	predicate-64.ibk5.lgi2	predicate-64.ibk5.gbi1	001e000000687474..001e000000687474	0201000000312800..0203000000373939	0
65	https://schema.org/name	predicate-65.ibk5	42	5271	8dd9504d9523fd5e65faad8089afd60ea0f219351f46d412bb0d50020057861f	predicate-65.ibk5.merkle	1	https://kgx.foaf.tv/id/graphbuildingsp03fe4f5c3c603e648a	predicate-65.ibk5.lgi2	predicate-65.ibk5.gbi1	001e000000687474..001e000000687474	020a00000041636f..0222000000556e69	0
66	http://www.w3.org/2002/07/owl#sameAs	predicate-66.ibk5	14	1558	e25b399fb4d3f96a00db0935a27ccea0b1aa9073179206672536ac342408a6ca	predicate-66.ibk5.merkle	1	https://kgx.foaf.tv/id/graphbuildingsp03fe4f5c3c603e648a	predicate-66.ibk5.lgi2	predicate-66.ibk5.gbi1	001e000000687474..001e000000687474	0027000000687474..0029000000687474	0
67	https://danbri.github.io/londat/kgx/vocab#heightMetres	predicate-67.ibk5	5	712	71ff03eaa8cd616cde541b00440fab7b5b6d395fe4d6f00d928455715570b10d	predicate-67.ibk5.merkle	1	https://kgx.foaf.tv/id/graphbuildingsp03fe4f5c3c603e648a	predicate-67.ibk5.lgi2	predicate-67.ibk5.gbi1	001e000000687474..001e000000687474	0201000000362800..020500000032372e	0
68	http://www.opengis.net/ont/geosparql#asWKT	predicate-68.ibk5	66	24888	8fb287f21d118d5cbbd36a2e153a7c5ae3a61143b609e78029a92b1f9f0c38b8	predicate-68.ibk5.merkle	1	https://kgx.foaf.tv/id/graphbuildingsp040b2bf85e97f63d42	predicate-68.ibk5.lgi2	predicate-68.ibk5.gbi1	0026000000687474..0026000000687474	0205010000504f4c..02fd020000504f4c	0
69	http://www.w3.org/1999/02/22-rdf-syntax-ns#type	predicate-69.ibk5	500	20742	c1ca82d08ecd7140152950cf8a0fdb9bfc52c823717e20adedbbb7bf57594748	predicate-69.ibk5.merkle	1	https://kgx.foaf.tv/id/graphbuildingsp040b2bf85e97f63d42	predicate-69.ibk5.lgi2	predicate-69.ibk5.gbi1	001e000000687474..0026000000687474	0018000000687474..0032000000687474	0
70	http://www.opengis.net/ont/geosparql#hasGeometry	predicate-70.ibk5	217	21442	cff8ed40712e5288ece11818173fd10daed649bb2c4d94b52beaa4ca9b15af8e	predicate-70.ibk5.merkle	1	https://kgx.foaf.tv/id/graphbuildingsp040b2bf85e97f63d42	predicate-70.ibk5.lgi2	predicate-70.ibk5.gbi1	001e000000687474..001e000000687474	0026000000687474..0026000000687474	0
71	https://danbri.github.io/londat/kgx/vocab#buildingTag	predicate-71.ibk5	217	12842	f86266f6fbb8edff8e531d33f99befa2ec1237172692a3966ffbb2466f736c3f	predicate-71.ibk5.merkle	1	https://kgx.foaf.tv/id/graphbuildingsp040b2bf85e97f63d42	predicate-71.ibk5.lgi2	predicate-71.ibk5.gbi1	001e000000687474..001e000000687474	0203000000796573..020b000000726573	0
72	https://danbri.github.io/londat/kgx/vocab#footprintAreaM2	predicate-72.ibk5	217	18704	7624197104f04d45ca0236e578b0043a0d2295ed6bee4132168a6adb4cdd83c6	predicate-72.ibk5.merkle	1	https://kgx.foaf.tv/id/graphbuildingsp040b2bf85e97f63d42	predicate-72.ibk5.lgi2	predicate-72.ibk5.gbi1	001e000000687474..001e000000687474	0201000000362800..0204000000333139	0
73	https://danbri.github.io/londat/kgx/vocab#levels	predicate-73.ibk5	141	8746	220f90ca0e7938cac5f37732c6462adf15ceabed033934c95e1da6592051f033	predicate-73.ibk5.merkle	1	https://kgx.foaf.tv/id/graphbuildingsp040b2bf85e97f63d42	predicate-73.ibk5.lgi2	predicate-73.ibk5.gbi1	001e000000687474..001e000000687474	0201000000312800..0202000000343128	0
74	https://danbri.github.io/londat/kgx/vocab#toid	predicate-74.ibk5	292	31782	fb8090d2b91550148c66c9229fb2226b54e533771a8459c9a0837025ee1267a5	predicate-74.ibk5.merkle	1	https://kgx.foaf.tv/id/graphbuildingsp040b2bf85e97f63d42	predicate-74.ibk5.lgi2	predicate-74.ibk5.gbi1	001e000000687474..001e000000687474	02110000006f7367..02140000006f7367	0
75	https://danbri.github.io/londat/kgx/vocab#uprnCount	predicate-75.ibk5	200	13408	ced6d0c844e587a49947681ffbbaccf9f05bc5611c450588f817f08f854f665a	predicate-75.ibk5.merkle	1	https://kgx.foaf.tv/id/graphbuildingsp040b2bf85e97f63d42	predicate-75.ibk5.lgi2	predicate-75.ibk5.gbi1	001e000000687474..001e000000687474	0201000000312800..0203000000353238	0
76	https://schema.org/identifier	predicate-76.ibk5	217	24461	8c0e10c1d17f9bb5bda48d2f31f5a9e890d4e5cf0929ae8fde4a7ebe56632d34	predicate-76.ibk5.merkle	1	https://kgx.foaf.tv/id/graphbuildingsp040b2bf85e97f63d42	predicate-76.ibk5.lgi2	predicate-76.ibk5.gbi1	001e000000687474..001e000000687474	0208000000637762..0208000000637762	0
77	https://schema.org/latitude	predicate-77.ibk5	217	23861	4e89f27b0b2dd2401eeca0ff18aebd84eebf30bbed9ab32dd6e640adb41238ed	predicate-77.ibk5.merkle	1	https://kgx.foaf.tv/id/graphbuildingsp040b2bf85e97f63d42	predicate-77.ibk5.lgi2	predicate-77.ibk5.gbi1	001e000000687474..001e000000687474	020600000035312e..020900000035312e	0
78	https://schema.org/longitude	predicate-78.ibk5	217	24632	56d3d04a5244f9402ab82ce9cb617fe11a7cf7831d97a99c333e382e5fd4f618	predicate-78.ibk5.merkle	1	https://kgx.foaf.tv/id/graphbuildingsp040b2bf85e97f63d42	predicate-78.ibk5.lgi2	predicate-78.ibk5.gbi1	001e000000687474..001e000000687474	02070000002d302e..02090000002d302e	0
79	https://schema.org/postalCode	predicate-79.ibk5	231	16579	89e7488a56d81b52178d9f800ad5d223ab93115f4cf52384a45a5e661c43265b	predicate-79.ibk5.merkle	1	https://kgx.foaf.tv/id/graphbuildingsp040b2bf85e97f63d42	predicate-79.ibk5.lgi2	predicate-79.ibk5.gbi1	001e000000687474..001e000000687474	0207000000453134..0207000000453134	0
80	https://schema.org/sameAs	predicate-80.ibk5	217	22570	88e9b84c39fac826fc93dc72a6bbba15b03b941bbe1c51bc942ab3bdd3c5c7dc	predicate-80.ibk5.merkle	1	https://kgx.foaf.tv/id/graphbuildingsp040b2bf85e97f63d42	predicate-80.ibk5.lgi2	predicate-80.ibk5.gbi1	001e000000687474..001e000000687474	002a000000687474..002c000000687474	0
81	https://schema.org/name	predicate-81.ibk5	22	2817	f8bc19e5774cd59779cc3b2edcdcbce44af668f9da9d782f8561d5ad47744964	predicate-81.ibk5.merkle	1	https://kgx.foaf.tv/id/graphbuildingsp040b2bf85e97f63d42	predicate-81.ibk5.lgi2	predicate-81.ibk5.gbi1	001e000000687474..001e000000687474	0208000000546563..0223000000506172	0
82	https://danbri.github.io/londat/kgx/vocab#houseName	predicate-82.ibk5	25	3036	6fdf9685baeaaeb458cc3349ae8d717f1020fb2b754bcc723414f1da80e1eeb2	predicate-82.ibk5.merkle	1	https://kgx.foaf.tv/id/graphbuildingsp040b2bf85e97f63d42	predicate-82.ibk5.lgi2	predicate-82.ibk5.gbi1	001e000000687474..001e000000687474	0209000000417368..0217000000546f6f	0
83	http://www.w3.org/2002/07/owl#sameAs	predicate-83.ibk5	3	456	dcffec6853f60e41488fe766209768665436c75aa3a6d50b5cd51a73e7763b30	predicate-83.ibk5.merkle	1	https://kgx.foaf.tv/id/graphbuildingsp040b2bf85e97f63d42	predicate-83.ibk5.lgi2	predicate-83.ibk5.gbi1	001e000000687474..001e000000687474	0028000000687474..0028000000687474	0
84	https://danbri.github.io/londat/kgx/vocab#heightMetres	predicate-84.ibk5	2	388	7b65018285cdd39f59fa0390e5fd97c9e509525ed75a384026c781be27f01b79	predicate-84.ibk5.merkle	1	https://kgx.foaf.tv/id/graphbuildingsp040b2bf85e97f63d42	predicate-84.ibk5.lgi2	predicate-84.ibk5.gbi1	001e000000687474..001e000000687474	0202000000333428..0202000000333928	0
85	http://www.opengis.net/ont/geosparql#asWKT	predicate-85.ibk5	1063	356492	2922e99f2ec23e53952e51d3043f8798b997bbe27090adb76d6f726d2a47f142	predicate-85.ibk5.merkle	1	https://kgx.foaf.tv/id/graphbuildingsp05724dfcab950355a0	predicate-85.ibk5.lgi2	predicate-85.ibk5.gbi1	0026000000687474..0026000000687474	0201020000504f4c..02fd020000504f4c	0
86	http://www.w3.org/1999/02/22-rdf-syntax-ns#type	predicate-86.ibk5	1063	67218	6dabb7d4b7078106e952245c2b64a488ab9b79d275f026bdaf848939cb8091c0	predicate-86.ibk5.merkle	1	https://kgx.foaf.tv/id/graphbuildingsp05724dfcab950355a0	predicate-86.ibk5.lgi2	predicate-86.ibk5.gbi1	0026000000687474..0026000000687474	002d000000687474..002d000000687474	0
87	https://danbri.github.io/londat/kgx/vocab#descriptionKind	predicate-87.ibk5	427	31034	67a88b1ddbd220b181b0365aeb7fcbd145fa44b08ce2a0c6bb89593be7e4b6b5	predicate-87.ibk5.merkle	1	https://kgx.foaf.tv/id/graphcorefirip00e95df2b1b42f52a4	predicate-87.ibk5.lgi2	predicate-87.ibk5.gbi1	002f000000687474..002f000000687474	02030000006f7267..0205000000706c61	0
88	https://schema.org/name	predicate-88.ibk5	425	32471	7b6d7f68a76ce2ca0e10e874c540f3404a6c691cf2e6b4c99afae66e834053d7	predicate-88.ibk5.merkle	1	https://kgx.foaf.tv/id/graphcorefirip00e95df2b1b42f52a4	predicate-88.ibk5.lgi2	predicate-88.ibk5.gbi1	002f000000687474..002f000000687474	0203000000444d52..021e000000497461	0
89	https://schema.org/subjectOf	predicate-89.ibk5	427	68881	170c0f3c217fa08f06de26e68e2e350cc9d9363b94367ae548504b568ff26fb1	predicate-89.ibk5.merkle	1	https://kgx.foaf.tv/id/graphcorefirip00e95df2b1b42f52a4	predicate-89.ibk5.lgi2	predicate-89.ibk5.gbi1	002f000000687474..002f000000687474	0014000000687474..0081000000687474	0
90	http://www.w3.org/2002/07/owl#sameAs	predicate-90.ibk5	397	30307	d9aa79cd856ca62ac4a7db334dd3494662857ee8ae6fc49754eb2e16bd0b059c	predicate-90.ibk5.merkle	1	https://kgx.foaf.tv/id/graphcorefirip00e95df2b1b42f52a4	predicate-90.ibk5.lgi2	predicate-90.ibk5.gbi1	002f000000687474..002f000000687474	002f000000687474..002f000000687474	0
91	https://danbri.github.io/londat/kgx/vocab#descriptionKind	predicate-91.ibk5	84	6287	846bb7d8f319dbc01e80cf6f7f5a99bfc5749193d841504b1e3f3ec84822a4d1	predicate-91.ibk5.merkle	1	https://kgx.foaf.tv/id/graphcorefpostcodenamep00bd4dbab0715a5dd5	predicate-91.ibk5.lgi2	predicate-91.ibk5.gbi1	002f000000687474..002f000000687474	0205000000706c61..0205000000706c61	0
92	https://schema.org/name	predicate-92.ibk5	84	8454	4a832874151182ce9d172ebaab94074faf482173f124ad26d6384a5b7a0e07ff	predicate-92.ibk5.merkle	1	https://kgx.foaf.tv/id/graphcorefpostcodenamep00bd4dbab0715a5dd5	predicate-92.ibk5.lgi2	predicate-92.ibk5.gbi1	002f000000687474..002f000000687474	02040000004d6f73..022d000000517565	0
93	https://schema.org/subjectOf	predicate-93.ibk5	84	8619	c2a33f4264d09c393751209beb938e5add78bbe5d99c1ab775cc759fe86a930d	predicate-93.ibk5.merkle	1	https://kgx.foaf.tv/id/graphcorefpostcodenamep00bd4dbab0715a5dd5	predicate-93.ibk5.lgi2	predicate-93.ibk5.gbi1	002f000000687474..002f000000687474	0013000000687474..0047000000687474	0
94	http://www.w3.org/2002/07/owl#sameAs	predicate-94.ibk5	49	5512	20732fdf8383bfbfaa13a2019425b628f8c3dce2c943e890a498d885df6941dd	predicate-94.ibk5.merkle	1	https://kgx.foaf.tv/id/graphcorefpostcodenamep00bd4dbab0715a5dd5	predicate-94.ibk5.lgi2	predicate-94.ibk5.gbi1	002f000000687474..002f000000687474	002f000000687474..002f000000687474	0
95	https://danbri.github.io/londat/kgx/vocab#descriptionKind	predicate-95.ibk5	427	31037	fe77897208f268d36b517970ccd156edc9356c37bbed575d6d444900b50ec4df	predicate-95.ibk5.merkle	1	https://kgx.foaf.tv/id/graphcorefsameasp00cfd223dc4dde605a	predicate-95.ibk5.lgi2	predicate-95.ibk5.gbi1	002f000000687474..002f000000687474	02030000006f7267..0205000000706c61	0
96	https://schema.org/name	predicate-96.ibk5	426	32534	96d5eb0c112192dd256235adc640e3c33da8180139697fa13a355e912b1c5106	predicate-96.ibk5.merkle	1	https://kgx.foaf.tv/id/graphcorefsameasp00cfd223dc4dde605a	predicate-96.ibk5.lgi2	predicate-96.ibk5.gbi1	002f000000687474..002f000000687474	0203000000444d52..021a000000546f72	0
97	https://schema.org/subjectOf	predicate-97.ibk5	427	68913	87ff469dfb7bb7f0a1ccf097a8ba947414f75df70bdca56c0b0adad02a68e831	predicate-97.ibk5.merkle	1	https://kgx.foaf.tv/id/graphcorefsameasp00cfd223dc4dde605a	predicate-97.ibk5.lgi2	predicate-97.ibk5.gbi1	002f000000687474..002f000000687474	0013000000687474..0081000000687474	0
98	http://www.w3.org/2002/07/owl#sameAs	predicate-98.ibk5	400	30370	a717b75085b5541e57c63406f6ff8fec8385577b824e06b39249008d74cd86a2	predicate-98.ibk5.merkle	1	https://kgx.foaf.tv/id/graphcorefsameasp00cfd223dc4dde605a	predicate-98.ibk5.lgi2	predicate-98.ibk5.gbi1	002f000000687474..002f000000687474	002f000000687474..002f000000687474	0
99	https://danbri.github.io/londat/kgx/vocab#descriptionKind	predicate-99.ibk5	162	11951	faf553ec52c1f9a1f6634e7e010f4562ebcc4cf51fef8c7a53d56d69e611e294	predicate-99.ibk5.merkle	1	https://kgx.foaf.tv/id/graphcorefsitenamep00e924f82eb7624615	predicate-99.ibk5.lgi2	predicate-99.ibk5.gbi1	002f000000687474..002f000000687474	02030000006f7267..0205000000706c61	0
100	https://schema.org/name	predicate-100.ibk5	162	15349	1bac18f49960525c07d2083cc4fb46ad174f032569f240b427f770ed49e82f78	predicate-100.ibk5.merkle	1	https://kgx.foaf.tv/id/graphcorefsitenamep00e924f82eb7624615	predicate-100.ibk5.lgi2	predicate-100.ibk5.gbi1	002f000000687474..002f000000687474	0203000000444d52..022d000000517565	0
101	https://schema.org/subjectOf	predicate-101.ibk5	162	15348	c3fcd6d4658d49b7f6f5a598ade2f83f84fe2960eed7d18425fafe68e16ae15c	predicate-101.ibk5.merkle	1	https://kgx.foaf.tv/id/graphcorefsitenamep00e924f82eb7624615	predicate-101.ibk5.lgi2	predicate-101.ibk5.gbi1	002f000000687474..002f000000687474	0013000000687474..0067000000687474	0
102	http://www.w3.org/2002/07/owl#sameAs	predicate-102.ibk5	107	10724	5bf2b80c633fc2f63a0ec762a8aa30b6805149c6944799d9ca23a10232080d6c	predicate-102.ibk5.merkle	1	https://kgx.foaf.tv/id/graphcorefsitenamep00e924f82eb7624615	predicate-102.ibk5.lgi2	predicate-102.ibk5.gbi1	002f000000687474..002f000000687474	002f000000687474..002f000000687474	0
103	https://danbri.github.io/londat/kgx/vocab#descriptionKind	predicate-103.ibk5	47	3672	87ab93d6c095834b62af6bbc5eee3cca1b0e25cc30aaff0cd812d3f7ae5b9324	predicate-103.ibk5.merkle	1	https://kgx.foaf.tv/id/graphcoreftelephonep0082590f00effa6849	predicate-103.ibk5.lgi2	predicate-103.ibk5.gbi1	002f000000687474..002f000000687474	02030000006f7267..0205000000706c61	0
104	https://schema.org/name	predicate-104.ibk5	47	4702	be328f744e519ba383026c1157c99544d4f7d42a016e1422271240c2e0d76a1c	predicate-104.ibk5.merkle	1	https://kgx.foaf.tv/id/graphcoreftelephonep0082590f00effa6849	predicate-104.ibk5.lgi2	predicate-104.ibk5.gbi1	002f000000687474..002f000000687474	02040000004d6f73..021a000000446972	0
105	https://schema.org/subjectOf	predicate-105.ibk5	47	5023	c2bde8c20867cfe00d2f58afe1216660392b6ac2250ba3aed5eaf682b02f0d79	predicate-105.ibk5.merkle	1	https://kgx.foaf.tv/id/graphcoreftelephonep0082590f00effa6849	predicate-105.ibk5.lgi2	predicate-105.ibk5.gbi1	002f000000687474..002f000000687474	0013000000687474..0047000000687474	0
106	http://www.w3.org/2002/07/owl#sameAs	predicate-106.ibk5	26	3125	2495f885a1422f978b5e97e5d3f13404596f7b479afebbcd1cbbe6ba105f033b	predicate-106.ibk5.merkle	1	https://kgx.foaf.tv/id/graphcoreftelephonep0082590f00effa6849	predicate-106.ibk5.lgi2	predicate-106.ibk5.gbi1	002f000000687474..002f000000687474	002f000000687474..002f000000687474	0
107	http://www.opengis.net/ont/geosparql#hasGeometry	predicate-107.ibk5	12	1708	60c4d0ead665f20e1060b18243e5e785c481e6dfbf0780d57024322ff55c6581	predicate-107.ibk5.merkle	1	https://kgx.foaf.tv/id/graphcoverageimageryp00773bad3b03358d79	predicate-107.ibk5.lgi2	predicate-107.ibk5.gbi1	001f000000687474..0032000000687474	0027000000687474..003a000000687474	0
108	http://www.w3.org/1999/02/22-rdf-syntax-ns#type	predicate-108.ibk5	36	3088	4e3eabe196bac98ba0953dfe845f3c00bb618375d1fe177ab93a358474f6e28b	predicate-108.ibk5.merkle	1	https://kgx.foaf.tv/id/graphcoverageimageryp00773bad3b03358d79	predicate-108.ibk5.lgi2	predicate-108.ibk5.gbi1	001f000000687474..003e000000687474	0033000000687474..0037000000687474	0
109	http://www.w3.org/2000/01/rdf-schema#label	predicate-109.ibk5	182	20967	d94ae1864ccd744f6b51d4862501abd5b0feaec5955a256fd092603fdbbf1eb5	predicate-109.ibk5.merkle	1	https://kgx.foaf.tv/id/graphcoverageimageryp00773bad3b03358d79	predicate-109.ibk5.lgi2	predicate-109.ibk5.gbi1	001f000000687474..0067000000687474	02090000004c696d..0241000000526f74	0
110	http://www.opengis.net/ont/geosparql#asWKT	predicate-110.ibk5	12	2944	29bd1e77eb70571ecb49f9cacf0f0a018b318ab2aa782dbe92109034bba912ca	predicate-110.ibk5.merkle	1	https://kgx.foaf.tv/id/graphcoverageimageryp00773bad3b03358d79	predicate-110.ibk5.lgi2	predicate-110.ibk5.gbi1	0027000000687474..003a000000687474	024e000000504f4c..026e000000504f4c	0
111	http://purl.org/dc/terms/date	predicate-111.ibk5	19	1731	135d4ff90f30224b134a1d33f1b31101e2802c1f7e35b0d6a208a84330142504	predicate-111.ibk5.merkle	1	https://kgx.foaf.tv/id/graphcoverageimageryp00773bad3b03358d79	predicate-111.ibk5.lgi2	predicate-111.ibk5.gbi1	002e000000687474..003e000000687474	020a000000323032..020a000000323032	0
112	https://danbri.github.io/londat/kgx/vocab#area	predicate-112.ibk5	19	1905	b657ce974e68af590f3f138ab96cce60a193ad3397e86e2b69e312d58eeda9a8	predicate-112.ibk5.merkle	1	https://kgx.foaf.tv/id/graphcoverageimageryp00773bad3b03358d79	predicate-112.ibk5.lgi2	predicate-112.ibk5.gbi1	002e000000687474..003e000000687474	001f000000687474..002a000000687474	0
113	https://danbri.github.io/londat/kgx/vocab#count	predicate-113.ibk5	110	11620	e42ae3e06f7d08a47edcee87af3b3bf658a8548b2ca880970380750ab7d2f8ca	predicate-113.ibk5.merkle	1	https://kgx.foaf.tv/id/graphcoverageimageryp00773bad3b03358d79	predicate-113.ibk5.lgi2	predicate-113.ibk5.gbi1	002e000000687474..004b000000687474	0201000000302800..0204000000353231	0
114	https://danbri.github.io/londat/kgx/vocab#firstDate	predicate-114.ibk5	16	2072	85803e14d08b97365875b0b50de959e4c58e6e622f45c395a9960c99c3ceb1c4	predicate-114.ibk5.merkle	1	https://kgx.foaf.tv/id/graphcoverageimageryp00773bad3b03358d79	predicate-114.ibk5.lgi2	predicate-114.ibk5.gbi1	002e000000687474..003e000000687474	020a000000313939..020a000000323032	0
115	https://danbri.github.io/londat/kgx/vocab#inYear	predicate-115.ibk5	84	8360	095dc6d71267ff579f19e854c0146a902c257b405d830260c115ddf19b39d1a1	predicate-115.ibk5.merkle	1	https://kgx.foaf.tv/id/graphcoverageimageryp00773bad3b03358d79	predicate-115.ibk5.lgi2	predicate-115.ibk5.gbi1	002e000000687474..003e000000687474	0036000000687474..0046000000687474	0
116	https://danbri.github.io/londat/kgx/vocab#lastDate	predicate-116.ibk5	16	2071	6391bda08fe46721c0b0249916380c2c77677d2cb3499f65132d324a1049d64a	predicate-116.ibk5.merkle	1	https://kgx.foaf.tv/id/graphcoverageimageryp00773bad3b03358d79	predicate-116.ibk5.lgi2	predicate-116.ibk5.gbi1	002e000000687474..003e000000687474	020a000000323032..020a000000323032	0
117	https://danbri.github.io/londat/kgx/vocab#product	predicate-117.ibk5	172	18670	c29bda35174080ac504a6a8af317a87c91e1d7e1e77e9fe37b7baf6ac0450af1	predicate-117.ibk5.merkle	1	https://kgx.foaf.tv/id/graphcoverageimageryp00773bad3b03358d79	predicate-117.ibk5.lgi2	predicate-117.ibk5.gbi1	002e000000687474..0039000000687474	0041000000687474..0067000000687474	0
118	https://danbri.github.io/londat/kgx/vocab#request	predicate-118.ibk5	19	3901	ee125737273aae580ba2de6e0854c1edc6bd3d7cb687204c1938616758b67967	predicate-118.ibk5.merkle	1	https://kgx.foaf.tv/id/graphcoverageimageryp00773bad3b03358d79	predicate-118.ibk5.lgi2	predicate-118.ibk5.gbi1	002e000000687474..003e000000687474	0242000000687474..027b000000504f53	0
119	https://danbri.github.io/londat/kgx/vocab#source	predicate-119.ibk5	19	1872	fde73c8c6e14c8a4ab557c6ff8ed17d1d3f8ec49743fb077c349af5939954cd1	predicate-119.ibk5.merkle	1	https://kgx.foaf.tv/id/graphcoverageimageryp00773bad3b03358d79	predicate-119.ibk5.lgi2	predicate-119.ibk5.gbi1	002e000000687474..003e000000687474	0026000000687474..002b000000687474	0
120	https://danbri.github.io/londat/kgx/vocab#resolution	predicate-120.ibk5	172	18697	5d464c001b7dc2f6f0223d400283ae3c72312611c764d42ea677ae15ce1f32f8	predicate-120.ibk5.merkle	1	https://kgx.foaf.tv/id/graphcoverageimageryp00773bad3b03358d79	predicate-120.ibk5.lgi2	predicate-120.ibk5.gbi1	0041000000687474..0067000000687474	0202000000316d27..0204000000302e35	0
121	https://danbri.github.io/londat/kgx/vocab#tiles	predicate-121.ibk5	172	18634	6346ec3e47cfa6093a7df1e6a3cf2400c87e0354c698401f07fb7dd07eabe684	predicate-121.ibk5.merkle	1	https://kgx.foaf.tv/id/graphcoverageimageryp00773bad3b03358d79	predicate-121.ibk5.lgi2	predicate-121.ibk5.gbi1	0041000000687474..0067000000687474	0201000000312800..0201000000352800	0
122	https://danbri.github.io/londat/kgx/vocab#year	predicate-122.ibk5	256	26560	1696964a20663e65962a6e747925a18e45b5599cebfae4e325d5b203979f301a	predicate-122.ibk5.merkle	1	https://kgx.foaf.tv/id/graphcoverageimageryp00773bad3b03358d79	predicate-122.ibk5.lgi2	predicate-122.ibk5.gbi1	0036000000687474..0067000000687474	0204000000313939..0204000000323032	0
123	https://danbri.github.io/londat/kgx/vocab#requests	predicate-123.ibk5	4	707	583767b2da9e646c699254705acee21bd607eb6f98dbab62ddd50a7bfc83d134	predicate-123.ibk5.merkle	1	https://kgx.foaf.tv/id/graphcoverageimageryp00773bad3b03358d79	predicate-123.ibk5.lgi2	predicate-123.ibk5.gbi1	0034000000687474..003a000000687474	0202000000333028..0203000000313038	0
124	https://danbri.github.io/londat/kgx/vocab#sequences	predicate-124.ibk5	4	705	3b56f1490f2456f5bcc79be0d73daf8b900c830404f22e39256564340bc98bf9	predicate-124.ibk5.merkle	1	https://kgx.foaf.tv/id/graphcoverageimageryp00773bad3b03358d79	predicate-124.ibk5.lgi2	predicate-124.ibk5.gbi1	0034000000687474..003a000000687474	0201000000372800..0202000000313528	0
125	https://danbri.github.io/londat/kgx/vocab#byLicence	predicate-125.ibk5	7	1252	9c9d5d068308bc9a056a00b066a9508e79249789735d6184fb5eacb1c8a00125	predicate-125.ibk5.merkle	1	https://kgx.foaf.tv/id/graphcoverageimageryp00773bad3b03358d79	predicate-125.ibk5.lgi2	predicate-125.ibk5.gbi1	002f000000687474..003e000000687474	003e000000687474..004b000000687474	0
126	https://schema.org/license	predicate-126.ibk5	19	2032	c33e13b07bf0dacd6959aa2849d78345ad5941f62722d972962d64863e85895c	predicate-126.ibk5.merkle	1	https://kgx.foaf.tv/id/graphcoverageimageryp00773bad3b03358d79	predicate-126.ibk5.lgi2	predicate-126.ibk5.gbi1	0026000000687474..004b000000687474	02080000004f474c..021e000000706572	0
127	https://danbri.github.io/londat/kgx/vocab#collections	predicate-127.ibk5	5	778	e4f63d6e2a1142bb86ef2df9bef0b5d38ef1a9df01b3f01c769dd97411539093	predicate-127.ibk5.merkle	1	https://kgx.foaf.tv/id/graphcoverageimageryp00773bad3b03358d79	predicate-127.ibk5.lgi2	predicate-127.ibk5.gbi1	002f000000687474..003a000000687474	0201000000322800..0202000000363928	0
128	https://danbri.github.io/londat/kgx/vocab#withSemantics	predicate-128.ibk5	5	780	99c0471d952d60e1b0e22071f156b245684f585756248016fb20422751d09535	predicate-128.ibk5.merkle	1	https://kgx.foaf.tv/id/graphcoverageimageryp00773bad3b03358d79	predicate-128.ibk5.lgi2	predicate-128.ibk5.gbi1	002f000000687474..003a000000687474	0201000000302800..0202000000363628	0
129	https://danbri.github.io/londat/kgx/vocab#status	predicate-129.ibk5	1	349	5e0a7788bf87daf155d9f46ff3dcee1d9bead5ef8d17726dda294c7fc0a6a87e	predicate-129.ibk5.merkle	1	https://kgx.foaf.tv/id/graphcoverageimageryp00773bad3b03358d79	predicate-129.ibk5.lgi2	predicate-129.ibk5.gbi1	0027000000687474..0027000000687474	023e000000736b69..023e000000736b69	0
130	https://danbri.github.io/londat/kgx/vocab#gsdMetres	predicate-130.ibk5	7	1178	9e67327eaf8d5d1f5d04f0ed9468b5c3190448c8d6fe8ababb9f3715b3dceb8e	predicate-130.ibk5.merkle	1	https://kgx.foaf.tv/id/graphcoverageimageryp00773bad3b03358d79	predicate-130.ibk5.lgi2	predicate-130.ibk5.gbi1	0032000000687474..0032000000687474	020f000000302e30..0214000000302e30	0
131	https://danbri.github.io/londat/kgx/vocab#inArea	predicate-131.ibk5	11	862	45817750502ae787a6fa2f12c86d8636dc3c45b86afbbd7c8af53f5ff1b37efb	predicate-131.ibk5.merkle	1	https://kgx.foaf.tv/id/graphcoverageimageryp00773bad3b03358d79	predicate-131.ibk5.lgi2	predicate-131.ibk5.gbi1	0032000000687474..0032000000687474	001f000000687474..002a000000687474	0
132	https://danbri.github.io/londat/kgx/vocab#platform	predicate-132.ibk5	7	753	748b9924e05f9b51a4612ec0f40415a24a7e7d6f8db8653f2fdc54155c2ab43d	predicate-132.ibk5.merkle	1	https://kgx.foaf.tv/id/graphcoverageimageryp00773bad3b03358d79	predicate-132.ibk5.lgi2	predicate-132.ibk5.gbi1	0032000000687474..0032000000687474	0203000000756176..0203000000756176	0
133	https://schema.org/contentUrl	predicate-133.ibk5	7	1437	5cddf138a92d08937e2686b3bf65ba6ca7788656faee5b98394d1f263fc975d7	predicate-133.ibk5.merkle	1	https://kgx.foaf.tv/id/graphcoverageimageryp00773bad3b03358d79	predicate-133.ibk5.lgi2	predicate-133.ibk5.gbi1	0032000000687474..0032000000687474	0060000000687474..006a000000687474	0
134	https://schema.org/dateCreated	predicate-134.ibk5	7	1192	18c3cf96ba8a365a4e1f02e55e8a95f32a483859be0f6dbecb71efaa6425505e	predicate-134.ibk5.merkle	1	https://kgx.foaf.tv/id/graphcoverageimageryp00773bad3b03358d79	predicate-134.ibk5.lgi2	predicate-134.ibk5.gbi1	0032000000687474..0032000000687474	0218000000323032..0218000000323032	0
135	https://schema.org/name	predicate-135.ibk5	7	1091	1834ff4b7cb2628341adf4de187f4db988f0abe96e803918211f51063d2e9f89	predicate-135.ibk5.merkle	1	https://kgx.foaf.tv/id/graphcoverageimageryp00773bad3b03358d79	predicate-135.ibk5.lgi2	predicate-135.ibk5.gbi1	0032000000687474..0032000000687474	020d00000043616e..022300000043616e	0
136	https://schema.org/dateModified	predicate-136.ibk5	173	24425	061d686ff1e54bc009113634e1c4578d76fe06c306fbbc3f566334b5321aa9ac	predicate-136.ibk5.merkle	1	https://kgx.foaf.tv/id/graphcwgp0088fb533628789de8	predicate-136.ibk5.lgi2	predicate-136.ibk5.gbi1	0020000000687474..002f000000687474	0219000000323032..0219000000323032	0
137	https://schema.org/datePublished	predicate-137.ibk5	179	23407	990365877d0fc14bdcfc409ddf5089251ff5463f3612e5e78d5bb3ca9de151cf	predicate-137.ibk5.merkle	1	https://kgx.foaf.tv/id/graphcwgp0088fb533628789de8	predicate-137.ibk5.lgi2	predicate-137.ibk5.gbi1	0020000000687474..002f000000687474	0219000000323031..0219000000323032	0
138	http://www.w3.org/1999/02/22-rdf-syntax-ns#type	predicate-138.ibk5	272	19800	665391007aa0e9d164167ef98c445e8edee778b37b31fea973269e00f661ad86	predicate-138.ibk5.merkle	1	https://kgx.foaf.tv/id/graphcwgp0088fb533628789de8	predicate-138.ibk5.lgi2	predicate-138.ibk5.gbi1	0023000000687474..002f000000687474	0018000000687474..002c000000687474	0
139	https://danbri.github.io/londat/kgx/vocab#hoursAsOf	predicate-139.ibk5	63	5328	aa0465fb75dd0143a8a7a62761e281a4a1df638da3c32e65bfb0f1b650166d9c	predicate-139.ibk5.merkle	1	https://kgx.foaf.tv/id/graphcwgp0088fb533628789de8	predicate-139.ibk5.lgi2	predicate-139.ibk5.gbi1	0027000000687474..002f000000687474	020a000000323032..020a000000323032	0
140	https://danbri.github.io/londat/kgx/vocab#levelText	predicate-140.ibk5	53	4504	dc27528a54b7c00d84c7db77e4894b7f18bc0b1b279ba4c3d2fb689a3e107d5b	predicate-140.ibk5.merkle	1	https://kgx.foaf.tv/id/graphcwgp0088fb533628789de8	predicate-140.ibk5.lgi2	predicate-140.ibk5.gbi1	0027000000687474..002f000000687474	02080000004c6576..020f0000004d616c	0
141	https://danbri.github.io/londat/kgx/vocab#registryBuilding	predicate-141.ibk5	65	5398	ef04b85f731bb5cd2216f4fe2c682fd3f80b8804f5109efd97dd265eee54a3cb	predicate-141.ibk5.merkle	1	https://kgx.foaf.tv/id/graphcwgp0088fb533628789de8	predicate-141.ibk5.lgi2	predicate-141.ibk5.gbi1	0027000000687474..002f000000687474	001e000000687474..001e000000687474	0
142	https://schema.org/address	predicate-142.ibk5	71	8135	146734c8700518100952af8d0ce291a09a2fa7b7e5d17566e914f0dcf17192d9	predicate-142.ibk5.merkle	1	https://kgx.foaf.tv/id/graphcwgp0088fb533628789de8	predicate-142.ibk5.lgi2	predicate-142.ibk5.gbi1	0027000000687474..002f000000687474	0021000000687474..0029000000687474	0
143	https://schema.org/containedInPlace	predicate-143.ibk5	141	8409	2cb7e713ce3e272ee971823ae1f4fa0f827b20ab5afba544171c5becfd6871fa	predicate-143.ibk5.merkle	1	https://kgx.foaf.tv/id/graphcwgp0088fb533628789de8	predicate-143.ibk5.lgi2	predicate-143.ibk5.gbi1	0027000000687474..002f000000687474	0023000000687474..0212000000466973	0
144	https://schema.org/name	predicate-144.ibk5	105	14141	0d0fa97ab4cd98296bee832881c7dc956e8a3e5135c4e8cce805f1821ad7d2f4	predicate-144.ibk5.merkle	1	https://kgx.foaf.tv/id/graphcwgp0088fb533628789de8	predicate-144.ibk5.lgi2	predicate-144.ibk5.gbi1	0023000000687474..002f000000687474	0203000000417263..0248000000426172	0
145	https://schema.org/openingHours	predicate-145.ibk5	63	8651	9153a00a69279ab24de4997bee8ab538b2f838cd1c9ed7c31c2af1f9638e7b12	predicate-145.ibk5.merkle	1	https://kgx.foaf.tv/id/graphcwgp0088fb533628789de8	predicate-145.ibk5.lgi2	predicate-145.ibk5.gbi1	0027000000687474..002f000000687474	020400000032342f..024c0000004d6f2c	0
146	https://schema.org/openingHoursSpecification	predicate-146.ibk5	429	34245	05d5e5c7094f9f94d58b1845fd96a19df1cbd8dbf7409decea60dfbf667c9085	predicate-146.ibk5.merkle	1	https://kgx.foaf.tv/id/graphcwgp0088fb533628789de8	predicate-146.ibk5.lgi2	predicate-146.ibk5.gbi1	0027000000687474..002f000000687474	0029000000687474..0034000000687474	0
147	https://schema.org/subjectOf	predicate-147.ibk5	73	8305	420b07ef37df78d7269bb7a1e43e98ff68caa47c627c3d46fe04dbd3b502cf35	predicate-147.ibk5.merkle	1	https://kgx.foaf.tv/id/graphcwgp0088fb533628789de8	predicate-147.ibk5.lgi2	predicate-147.ibk5.gbi1	0027000000687474..002f000000687474	0020000000687474..0028000000687474	0
148	https://schema.org/url	predicate-148.ibk5	58	6372	628a3ad6b6c948d6e7b0e143e9f2640c5bb98c99bf068e93c88a10b01e4407d5	predicate-148.ibk5.merkle	1	https://kgx.foaf.tv/id/graphcwgp0088fb533628789de8	predicate-148.ibk5.lgi2	predicate-148.ibk5.gbi1	0027000000687474..002f000000687474	0010000000687474..006b000000687474	0
149	https://schema.org/servesCuisine	predicate-149.ibk5	3	413	27c535251f3984b8c8dab4c45dc3de96b1017a631811ea454aabc4210719d2b2	predicate-149.ibk5.merkle	1	https://kgx.foaf.tv/id/graphcwgp0088fb533628789de8	predicate-149.ibk5.lgi2	predicate-149.ibk5.gbi1	002d000000687474..002f000000687474	0205000000417369..0205000000417369	0
150	https://danbri.github.io/londat/kgx/vocab#status	predicate-150.ibk5	2	362	17c8c9b5a94ede57d279f5ff6d6965dbb69e7058e81fc29c337b3df4f870436f	predicate-150.ibk5.merkle	1	https://kgx.foaf.tv/id/graphcwgp0088fb533628789de8	predicate-150.ibk5.lgi2	predicate-150.ibk5.gbi1	002c000000687474..002e000000687474	020b000000636f6d..020b000000636f6d	0
151	https://schema.org/addressCountry	predicate-151.ibk5	183	12447	4d961dcd5f9ef3cfd66bf1c7ccef1b976a777767c229e620142cb55da6625b56	predicate-151.ibk5.merkle	1	https://kgx.foaf.tv/id/graphcwgp0088fb533628789de8	predicate-151.ibk5.lgi2	predicate-151.ibk5.gbi1	0021000000687474..002f000000687474	0202000000474227..0202000000474227	0
152	https://schema.org/postalCode	predicate-152.ibk5	174	14066	84c60da0e3275b5e11b32650879f0f2a6afa95b1f194429309984977916b9930	predicate-152.ibk5.merkle	1	https://kgx.foaf.tv/id/graphcwgp0088fb533628789de8	predicate-152.ibk5.lgi2	predicate-152.ibk5.gbi1	0021000000687474..002f000000687474	0207000000453134..0207000000453232	0
153	https://schema.org/streetAddress	predicate-153.ibk5	59	6810	bb7e4834de8039e13a6f55b29cc71b2cccb17d3b9f2e1b141d7fc017f2750d16	predicate-153.ibk5.merkle	1	https://kgx.foaf.tv/id/graphcwgp0088fb533628789de8	predicate-153.ibk5.lgi2	predicate-153.ibk5.gbi1	0021000000687474..002f000000687474	020a000000352057..021800000032352d	0
154	https://danbri.github.io/londat/kgx/vocab#closesMinute	predicate-154.ibk5	167	12563	d8ea883145f05ff03f21fd79834755c2bf5a4c9f82de6fc1e90178759bab3445	predicate-154.ibk5.merkle	1	https://kgx.foaf.tv/id/graphcwgp0088fb533628789de8	predicate-154.ibk5.lgi2	predicate-154.ibk5.gbi1	0029000000687474..002f000000687474	0203000000373230..0204000000313434	0
155	https://danbri.github.io/londat/kgx/vocab#opensMinute	predicate-155.ibk5	167	12285	347b855a1110b368f41b8fdb271125d0b1e7f46abd54d27ac021ba22ca27e837	predicate-155.ibk5.merkle	1	https://kgx.foaf.tv/id/graphcwgp0088fb533628789de8	predicate-155.ibk5.lgi2	predicate-155.ibk5.gbi1	0029000000687474..002f000000687474	0201000000302800..0203000000373230	0
156	https://schema.org/closes	predicate-156.ibk5	167	12538	513ea37970cd6a5894b131dedbcd13516d33df33f34a21c0079240b26b6a62f7	predicate-156.ibk5.merkle	1	https://kgx.foaf.tv/id/graphcwgp0088fb533628789de8	predicate-156.ibk5.lgi2	predicate-156.ibk5.gbi1	0029000000687474..002f000000687474	020500000030303a..020500000032333a	0
157	https://schema.org/dayOfWeek	predicate-157.ibk5	167	12003	5abfd441f1adece287b9ff76e0bb5b0a54a0ad1f95071b6cf58a27ed916e3037	predicate-157.ibk5.merkle	1	https://kgx.foaf.tv/id/graphcwgp0088fb533628789de8	predicate-157.ibk5.lgi2	predicate-157.ibk5.gbi1	0029000000687474..002f000000687474	0019000000687474..001c000000687474	0
158	https://schema.org/opens	predicate-158.ibk5	167	12267	ed734c0b004d1a601fc65a8df2e6732703fda0bfbee9bf6a6438ac221a443a6d	predicate-158.ibk5.merkle	1	https://kgx.foaf.tv/id/graphcwgp0088fb533628789de8	predicate-158.ibk5.lgi2	predicate-158.ibk5.gbi1	0029000000687474..002f000000687474	020500000030303a..020500000031323a	0
159	http://www.w3.org/1999/02/22-rdf-syntax-ns#type	predicate-159.ibk5	366	28028	c586ad1ec2c6cdce4464791328be4e69112d89bd3baedaa76028e14efa5699da	predicate-159.ibk5.merkle	1	https://kgx.foaf.tv/id/graphcwgp017020fd88af50555d	predicate-159.ibk5.lgi2	predicate-159.ibk5.gbi1	002f000000687474..0033000000687474	0018000000687474..002c000000687474	0
160	https://danbri.github.io/londat/kgx/vocab#hoursAsOf	predicate-160.ibk5	56	4837	0e1926989010c5a99c2c9ef6e4be40532bc39950267eb166145a6afd77c7231e	predicate-160.ibk5.merkle	1	https://kgx.foaf.tv/id/graphcwgp017020fd88af50555d	predicate-160.ibk5.lgi2	predicate-160.ibk5.gbi1	0030000000687474..0033000000687474	020a000000323032..020a000000323032	0
161	https://schema.org/containedInPlace	predicate-161.ibk5	119	7785	41786679af4a536a2691e809bb55a67639a240a58f05cf983bdbf7d98cbf8bbb	predicate-161.ibk5.merkle	1	https://kgx.foaf.tv/id/graphcwgp017020fd88af50555d	predicate-161.ibk5.lgi2	predicate-161.ibk5.gbi1	0030000000687474..0033000000687474	0023000000687474..0211000000576573	0
162	https://schema.org/name	predicate-162.ibk5	63	9175	c61adb9660616cc902c27e8601c6bde29c62ca2a6100af5ee740bfa3ff115337	predicate-162.ibk5.merkle	1	https://kgx.foaf.tv/id/graphcwgp017020fd88af50555d	predicate-162.ibk5.lgi2	predicate-162.ibk5.gbi1	0030000000687474..0033000000687474	0206000000484559..0261000000496e74	0
163	https://schema.org/openingHours	predicate-163.ibk5	56	8785	9a9bd24939ca5812182f81dac287be8e53b53a99241ac6657bafef6e0e1cb305	predicate-163.ibk5.merkle	1	https://kgx.foaf.tv/id/graphcwgp017020fd88af50555d	predicate-163.ibk5.lgi2	predicate-163.ibk5.gbi1	0030000000687474..0033000000687474	02110000004d6f2d..02540000004d6f2c	0
164	https://schema.org/openingHoursSpecification	predicate-164.ibk5	364	31177	fd842d28f104fdb2c9c0b11ba3273b4d1cba9967b9e3c062871e575010e635f0	predicate-164.ibk5.merkle	1	https://kgx.foaf.tv/id/graphcwgp017020fd88af50555d	predicate-164.ibk5.lgi2	predicate-164.ibk5.gbi1	0030000000687474..0033000000687474	0030000000687474..0038000000687474	0
165	https://schema.org/subjectOf	predicate-165.ibk5	63	7803	b0db58eeebf850d20e008855726a53dc66df5df83c4a9fcbb61e8b29aeb5af69	predicate-165.ibk5.merkle	1	https://kgx.foaf.tv/id/graphcwgp017020fd88af50555d	predicate-165.ibk5.lgi2	predicate-165.ibk5.gbi1	0030000000687474..0033000000687474	0029000000687474..002c000000687474	0
166	https://schema.org/url	predicate-166.ibk5	54	6099	42c3e2f9d25f29b83820cd117300c5f8b9d5b17da73baa7783e4e1f5e34db2ab	predicate-166.ibk5.merkle	1	https://kgx.foaf.tv/id/graphcwgp017020fd88af50555d	predicate-166.ibk5.lgi2	predicate-166.ibk5.gbi1	0030000000687474..0033000000687474	0014000000687474..0040000000687474	0
167	https://schema.org/datePublished	predicate-167.ibk5	53	7990	a35bcb2fd3c58ffb6c82076f55dce4e2aca600c26f5fd79186eb8d00a3813502	predicate-167.ibk5.merkle	1	https://kgx.foaf.tv/id/graphcwgp017020fd88af50555d	predicate-167.ibk5.lgi2	predicate-167.ibk5.gbi1	0030000000687474..0033000000687474	0219000000323031..0219000000323032	0
168	https://schema.org/dateModified	predicate-168.ibk5	50	7543	a22231dd88434519b1719098a436e020047a5a71e2ed920ef504f42398d3f23d	predicate-168.ibk5.merkle	1	https://kgx.foaf.tv/id/graphcwgp017020fd88af50555d	predicate-168.ibk5.lgi2	predicate-168.ibk5.gbi1	0030000000687474..0033000000687474	0219000000323032..0219000000323032	0
169	https://danbri.github.io/londat/kgx/vocab#registryBuilding	predicate-169.ibk5	55	4934	9c80ff9a5f56a3fc8233736bfd70eaaa2bb784c89cf04e25b300e9343806c554	predicate-169.ibk5.merkle	1	https://kgx.foaf.tv/id/graphcwgp017020fd88af50555d	predicate-169.ibk5.lgi2	predicate-169.ibk5.gbi1	0030000000687474..0033000000687474	001e000000687474..001e000000687474	0
170	https://schema.org/address	predicate-170.ibk5	55	6846	46b8edf4664aaed148ae2e20ba0d629a54f9329cef67c287b1cde52a3cc36dbc	predicate-170.ibk5.merkle	1	https://kgx.foaf.tv/id/graphcwgp017020fd88af50555d	predicate-170.ibk5.lgi2	predicate-170.ibk5.gbi1	0030000000687474..0033000000687474	0028000000687474..002d000000687474	0
171	https://danbri.github.io/londat/kgx/vocab#levelText	predicate-171.ibk5	41	3696	7b1bb33e4c06f2428c74d0ff974d11e0ae9fd8728e5e8361ced509866478d143	predicate-171.ibk5.merkle	1	https://kgx.foaf.tv/id/graphcwgp017020fd88af50555d	predicate-171.ibk5.lgi2	predicate-171.ibk5.gbi1	0030000000687474..0033000000687474	02080000004c6576..020e000000537472	0
172	https://schema.org/servesCuisine	predicate-172.ibk5	14	1631	4642588e2d70a9dd1877704de99e04aa4c947e8a3838151ccfc9f2f4cd47c2d0	predicate-172.ibk5.merkle	1	https://kgx.foaf.tv/id/graphcwgp017020fd88af50555d	predicate-172.ibk5.lgi2	predicate-172.ibk5.gbi1	0030000000687474..0033000000687474	0204000000546861..02080000004a6170	0
173	https://danbri.github.io/londat/kgx/vocab#status	predicate-173.ibk5	1	297	fd98461a24a3f7c87f07c53d49201f9e36fcde5c5926fec1addfc91e69de8712	predicate-173.ibk5.merkle	1	https://kgx.foaf.tv/id/graphcwgp017020fd88af50555d	predicate-173.ibk5.lgi2	predicate-173.ibk5.gbi1	0032000000687474..0032000000687474	020b000000636f6d..020b000000636f6d	0
174	https://schema.org/addressCountry	predicate-174.ibk5	37	2929	6c737e72fb80639942eb5e7e5f5b2f108a060035689533abf48bcd3d0e9dcd5a	predicate-174.ibk5.merkle	1	https://kgx.foaf.tv/id/graphcwgp017020fd88af50555d	predicate-174.ibk5.lgi2	predicate-174.ibk5.gbi1	0030000000687474..0032000000687474	0202000000474227..0202000000474227	0
175	https://schema.org/postalCode	predicate-175.ibk5	37	3938	da454a144bf7af77af801d9b5b8d1a2a269caa8469e942c7c8a763b7e62f4392	predicate-175.ibk5.merkle	1	https://kgx.foaf.tv/id/graphcwgp017020fd88af50555d	predicate-175.ibk5.lgi2	predicate-175.ibk5.gbi1	0030000000687474..0032000000687474	0207000000453134..0207000000453232	0
176	https://schema.org/streetAddress	predicate-176.ibk5	13	1884	b39ad5bcd76d1f29cba6a13ce553c8c2e7dadc158c88964674178ca2589e3b26	predicate-176.ibk5.merkle	1	https://kgx.foaf.tv/id/graphcwgp017020fd88af50555d	predicate-176.ibk5.lgi2	predicate-176.ibk5.gbi1	0030000000687474..0032000000687474	020e000000312057..021400000031382d	0
177	https://danbri.github.io/londat/kgx/vocab#closesMinute	predicate-177.ibk5	303	23422	f309f011752b3b4597422f6d251e3947792ba350dfdeae1821133bdba41e64cb	predicate-177.ibk5.merkle	1	https://kgx.foaf.tv/id/graphcwgp017020fd88af50555d	predicate-177.ibk5.lgi2	predicate-177.ibk5.gbi1	002f000000687474..0032000000687474	0203000000373830..0204000000313530	0
178	https://danbri.github.io/londat/kgx/vocab#opensMinute	predicate-178.ibk5	303	23302	d74d5160848e565acc295f2a5c2a93a860d3e67db67c275dd0fc2939888734ba	predicate-178.ibk5.merkle	1	https://kgx.foaf.tv/id/graphcwgp017020fd88af50555d	predicate-178.ibk5.lgi2	predicate-178.ibk5.gbi1	002f000000687474..0032000000687474	0201000000302800..0204000000313032	0
179	https://schema.org/closes	predicate-179.ibk5	303	23398	104d2664b92df4564b816e3092872a1c82ce6598a60e47a4527c0248d612675c	predicate-179.ibk5.merkle	1	https://kgx.foaf.tv/id/graphcwgp017020fd88af50555d	predicate-179.ibk5.lgi2	predicate-179.ibk5.gbi1	002f000000687474..0032000000687474	020500000030303a..020500000032333a	0
180	https://schema.org/dayOfWeek	predicate-180.ibk5	303	22701	fb5fdcd537fda8d93b9741e21f0d8835576d2781e133dc2cfb079a5821dbe670	predicate-180.ibk5.merkle	1	https://kgx.foaf.tv/id/graphcwgp017020fd88af50555d	predicate-180.ibk5.lgi2	predicate-180.ibk5.gbi1	002f000000687474..0032000000687474	0019000000687474..001c000000687474	0
181	https://schema.org/opens	predicate-181.ibk5	303	23289	db075faa878461bd20194ddaa534a26e84427e3ea24edb9222952c9dec64f94c	predicate-181.ibk5.merkle	1	https://kgx.foaf.tv/id/graphcwgp017020fd88af50555d	predicate-181.ibk5.lgi2	predicate-181.ibk5.gbi1	002f000000687474..0032000000687474	020500000030303a..020500000031373a	0
182	https://schema.org/dateModified	predicate-182.ibk5	27	4247	aa64d0dc817d31155a30edf9f899c78e8a1e926f0fd2515c8b5fd96c14e76872	predicate-182.ibk5.merkle	1	https://kgx.foaf.tv/id/graphcwgp0205a1e2eed09c327e	predicate-182.ibk5.lgi2	predicate-182.ibk5.gbi1	0033000000687474..0036000000687474	0219000000323032..0219000000323032	0
183	https://schema.org/datePublished	predicate-183.ibk5	27	4248	ed24ff5f1b93a2b81edcd6b23bf9cbd03a655366ed559bc24d8668030ea560c1	predicate-183.ibk5.merkle	1	https://kgx.foaf.tv/id/graphcwgp0205a1e2eed09c327e	predicate-183.ibk5.lgi2	predicate-183.ibk5.gbi1	0033000000687474..0036000000687474	0219000000323031..0219000000323032	0
184	http://www.w3.org/1999/02/22-rdf-syntax-ns#type	predicate-184.ibk5	391	31090	c017e0ca084b6f2f3155a78338daaac262c6b10bd6f47b7b922a0719d664215c	predicate-184.ibk5.merkle	1	https://kgx.foaf.tv/id/graphcwgp0205a1e2eed09c327e	predicate-184.ibk5.lgi2	predicate-184.ibk5.gbi1	0033000000687474..0036000000687474	0018000000687474..002c000000687474	0
185	https://danbri.github.io/londat/kgx/vocab#hoursAsOf	predicate-185.ibk5	45	4467	4549c0142b391ff05dc3a5aafeca5d4758dfb2ab3771e827c2fd0fa0cec885c7	predicate-185.ibk5.merkle	1	https://kgx.foaf.tv/id/graphcwgp0205a1e2eed09c327e	predicate-185.ibk5.lgi2	predicate-185.ibk5.gbi1	0033000000687474..0036000000687474	020a000000323032..020a000000323032	0
186	https://schema.org/address	predicate-186.ibk5	47	6190	67ff7fc810afe2442e580eeed52119a03e7bd3d3f8a5f95a05d554bbd9ead918	predicate-186.ibk5.merkle	1	https://kgx.foaf.tv/id/graphcwgp0205a1e2eed09c327e	predicate-186.ibk5.lgi2	predicate-186.ibk5.gbi1	0033000000687474..0036000000687474	002b000000687474..002f000000687474	0
187	https://schema.org/containedInPlace	predicate-187.ibk5	99	6637	8e82c833cf02967f8e096c2789b6f0222bb0f65250119357970826bcd96d3a89	predicate-187.ibk5.merkle	1	https://kgx.foaf.tv/id/graphcwgp0205a1e2eed09c327e	predicate-187.ibk5.lgi2	predicate-187.ibk5.gbi1	0033000000687474..0036000000687474	0024000000687474..0212000000436861	0
188	https://schema.org/name	predicate-188.ibk5	51	7597	fe00f5f9ffa377d0af96b621934ac51db1203f73d36ddb14ea10576010d4a43a	predicate-188.ibk5.merkle	1	https://kgx.foaf.tv/id/graphcwgp0205a1e2eed09c327e	predicate-188.ibk5.lgi2	predicate-188.ibk5.gbi1	0033000000687474..0036000000687474	0209000000426c61..0239000000436f6d	0
189	https://schema.org/openingHours	predicate-189.ibk5	45	7495	0e9402139a29e6a3194299ee05adc2564ff3abfcfde2430434a021c3c9af686e	predicate-189.ibk5.merkle	1	https://kgx.foaf.tv/id/graphcwgp0205a1e2eed09c327e	predicate-189.ibk5.lgi2	predicate-189.ibk5.gbi1	0033000000687474..0036000000687474	02110000004d6f2d..02440000004d6f2c	0
190	https://schema.org/openingHoursSpecification	predicate-190.ibk5	306	27213	0804341868a73b3146a31534d19b28c8446e04063160b59f8279e74806e0fe1c	predicate-190.ibk5.merkle	1	https://kgx.foaf.tv/id/graphcwgp0205a1e2eed09c327e	predicate-190.ibk5.lgi2	predicate-190.ibk5.gbi1	0033000000687474..0036000000687474	0033000000687474..003b000000687474	0
191	https://schema.org/subjectOf	predicate-191.ibk5	51	6713	c4cd195cc2bbfcba33aeb4a15433f389c50cfd7cc7c2161ff5c8fc183ea46548	predicate-191.ibk5.merkle	1	https://kgx.foaf.tv/id/graphcwgp0205a1e2eed09c327e	predicate-191.ibk5.lgi2	predicate-191.ibk5.gbi1	0033000000687474..0036000000687474	002c000000687474..002f000000687474	0
192	https://schema.org/url	predicate-192.ibk5	40	4857	3ee2fd46d3d3d8dd1dd3ab514ddf7acd84e59830b87a7fa002c29912fbacfcb6	predicate-192.ibk5.merkle	1	https://kgx.foaf.tv/id/graphcwgp0205a1e2eed09c327e	predicate-192.ibk5.lgi2	predicate-192.ibk5.gbi1	0033000000687474..0036000000687474	0016000000687474..0065000000687474	0
193	https://danbri.github.io/londat/kgx/vocab#registryBuilding	predicate-193.ibk5	42	4074	c8dadd5b2ece069e2e699773facead7ccae33be1c558d808fda2ac89a5e062a8	predicate-193.ibk5.merkle	1	https://kgx.foaf.tv/id/graphcwgp0205a1e2eed09c327e	predicate-193.ibk5.lgi2	predicate-193.ibk5.gbi1	0033000000687474..0036000000687474	001e000000687474..001e000000687474	0
194	https://danbri.github.io/londat/kgx/vocab#levelText	predicate-194.ibk5	31	3088	7c020a2559060a1c96dfac4ad14ac87f4b7bcff4bff70cd1ccab8331d10a5883	predicate-194.ibk5.merkle	1	https://kgx.foaf.tv/id/graphcwgp0205a1e2eed09c327e	predicate-194.ibk5.lgi2	predicate-194.ibk5.gbi1	0033000000687474..0036000000687474	02080000004c6576..021d000000417472	0
195	https://schema.org/servesCuisine	predicate-195.ibk5	9	1123	ad97543c546b809cf9edd10aa1e046e47c7b08fb34a8f1016c19a4c213692a3d	predicate-195.ibk5.merkle	1	https://kgx.foaf.tv/id/graphcwgp0205a1e2eed09c327e	predicate-195.ibk5.lgi2	predicate-195.ibk5.gbi1	0034000000687474..0036000000687474	0205000000417369..02080000004a6170	0
196	https://schema.org/addressCountry	predicate-196.ibk5	38	3140	401072fcc67011426c6af4e857867a8f2a17bb933ae664ec2302e89c356d7981	predicate-196.ibk5.merkle	1	https://kgx.foaf.tv/id/graphcwgp0205a1e2eed09c327e	predicate-196.ibk5.lgi2	predicate-196.ibk5.gbi1	0033000000687474..0036000000687474	0202000000474227..0202000000474227	0
197	https://schema.org/postalCode	predicate-197.ibk5	35	3920	1df988d7b00ef2960d47b2e0ecc909b7fc6eeb99713512c8a030ba7ff549d232	predicate-197.ibk5.merkle	1	https://kgx.foaf.tv/id/graphcwgp0205a1e2eed09c327e	predicate-197.ibk5.lgi2	predicate-197.ibk5.gbi1	0033000000687474..0036000000687474	0207000000453134..0207000000453134	0
198	https://schema.org/streetAddress	predicate-198.ibk5	16	2243	dd472fb0f7993228d7f6d413b6c20585bf9f8fb7248d6132c1f654b3d8973ac3	predicate-198.ibk5.merkle	1	https://kgx.foaf.tv/id/graphcwgp0205a1e2eed09c327e	predicate-198.ibk5.lgi2	predicate-198.ibk5.gbi1	0033000000687474..0036000000687474	020c000000382050..0214000000352043	0
199	https://danbri.github.io/londat/kgx/vocab#closesMinute	predicate-199.ibk5	340	27508	5ab8a9f10aeb39f65d86b97b9763126168b393dbb43a87e44d04e06f159c9422	predicate-199.ibk5.merkle	1	https://kgx.foaf.tv/id/graphcwgp0205a1e2eed09c327e	predicate-199.ibk5.lgi2	predicate-199.ibk5.gbi1	0033000000687474..0036000000687474	0203000000383430..0204000000313536	0
200	https://danbri.github.io/londat/kgx/vocab#opensMinute	predicate-200.ibk5	340	27174	747d8ed627f9c787dc20ffb3f5ed45e3f9a71de2d67874cbca204d9b7c6ca188	predicate-200.ibk5.merkle	1	https://kgx.foaf.tv/id/graphcwgp0205a1e2eed09c327e	predicate-200.ibk5.lgi2	predicate-200.ibk5.gbi1	0033000000687474..0036000000687474	0203000000333330..0204000000313032	0
201	https://schema.org/closes	predicate-201.ibk5	340	27484	375ebdbb31b87c7c866d007d8fd00a97454e8e648ff601726838d51d22ded0b9	predicate-201.ibk5.merkle	1	https://kgx.foaf.tv/id/graphcwgp0205a1e2eed09c327e	predicate-201.ibk5.lgi2	predicate-201.ibk5.gbi1	0033000000687474..0036000000687474	020500000030303a..020500000032333a	0
202	https://schema.org/dayOfWeek	predicate-202.ibk5	340	26571	9645dd32964e6f799ee3553beaed38b14e2f226cd572b34cc111b4b87a78dfeb	predicate-202.ibk5.merkle	1	https://kgx.foaf.tv/id/graphcwgp0205a1e2eed09c327e	predicate-202.ibk5.lgi2	predicate-202.ibk5.gbi1	0033000000687474..0036000000687474	0019000000687474..001c000000687474	0
203	https://schema.org/opens	predicate-203.ibk5	340	27159	1a4de9b4a8087d118314b12e3dea7fcb873d178b9d3573489ec0694a1bbaa1b6	predicate-203.ibk5.merkle	1	https://kgx.foaf.tv/id/graphcwgp0205a1e2eed09c327e	predicate-203.ibk5.lgi2	predicate-203.ibk5.gbi1	0033000000687474..0036000000687474	020500000030353a..020500000031373a	0
204	https://schema.org/dateModified	predicate-204.ibk5	24	3864	c1fe6575e32f392e223cc1d8addcc38ad947d2beb7c2a11b0617d954d60a5b01	predicate-204.ibk5.merkle	1	https://kgx.foaf.tv/id/graphcwgp037501056b2fef188e	predicate-204.ibk5.lgi2	predicate-204.ibk5.gbi1	0037000000687474..0039000000687474	0219000000323032..0219000000323032	0
205	https://schema.org/datePublished	predicate-205.ibk5	25	4020	9bc5ebd9a31205c2fdade6ad40c5718c381340e1303084851e6444f7ce46b73c	predicate-205.ibk5.merkle	1	https://kgx.foaf.tv/id/graphcwgp037501056b2fef188e	predicate-205.ibk5.lgi2	predicate-205.ibk5.gbi1	0037000000687474..0039000000687474	0219000000323031..0219000000323032	0
206	http://www.w3.org/1999/02/22-rdf-syntax-ns#type	predicate-206.ibk5	402	33192	c984947b4f5058386156ac67ae4ae2df6c76f122798b7ced653e8fe9c2636264	predicate-206.ibk5.merkle	1	https://kgx.foaf.tv/id/graphcwgp037501056b2fef188e	predicate-206.ibk5.lgi2	predicate-206.ibk5.gbi1	0036000000687474..0039000000687474	0018000000687474..002c000000687474	0
207	https://danbri.github.io/londat/kgx/vocab#registryBuilding	predicate-207.ibk5	42	4346	2829487850c28d70c4ad52c9df707627f8c08302abc2a89808bb379cd2df5c7e	predicate-207.ibk5.merkle	1	https://kgx.foaf.tv/id/graphcwgp037501056b2fef188e	predicate-207.ibk5.lgi2	predicate-207.ibk5.gbi1	0037000000687474..0039000000687474	001e000000687474..001e000000687474	0
208	https://danbri.github.io/londat/kgx/vocab#status	predicate-208.ibk5	1	303	0a9de108c0c8449b3f16ddf554277799c678fabaa3b6086c180f89dc60aa5d8c	predicate-208.ibk5.merkle	1	https://kgx.foaf.tv/id/graphcwgp037501056b2fef188e	predicate-208.ibk5.lgi2	predicate-208.ibk5.gbi1	0038000000687474..0038000000687474	020b000000636f6d..020b000000636f6d	0
209	https://schema.org/address	predicate-209.ibk5	44	6042	9874b40b65dbda9429377b3283e30c77e78675ffaa446c468c92e6f53fca36cc	predicate-209.ibk5.merkle	1	https://kgx.foaf.tv/id/graphcwgp037501056b2fef188e	predicate-209.ibk5.lgi2	predicate-209.ibk5.gbi1	0037000000687474..0039000000687474	002f000000687474..0032000000687474	0
210	https://schema.org/containedInPlace	predicate-210.ibk5	93	6470	52f00cb6a288989611dc2d4cab893ac0cb87b4965503de791be6be2c1aac0c9d	predicate-210.ibk5.merkle	1	https://kgx.foaf.tv/id/graphcwgp037501056b2fef188e	predicate-210.ibk5.lgi2	predicate-210.ibk5.gbi1	0037000000687474..0039000000687474	0024000000687474..02110000004f6e65	0
211	https://schema.org/name	predicate-211.ibk5	50	7700	a50aa1ded3ca1005ebed98d4cb272f15cf8fcbe0e62b11dd77d6513f6b444c0a	predicate-211.ibk5.merkle	1	https://kgx.foaf.tv/id/graphcwgp037501056b2fef188e	predicate-211.ibk5.lgi2	predicate-211.ibk5.gbi1	0037000000687474..0039000000687474	02080000004c6f63..022d000000486561	0
212	https://schema.org/servesCuisine	predicate-212.ibk5	10	1284	cac316fab31c5e46a13d28ecd1461fa8d390cf7d7d462b21e8f57755dc1f693b	predicate-212.ibk5.merkle	1	https://kgx.foaf.tv/id/graphcwgp037501056b2fef188e	predicate-212.ibk5.lgi2	predicate-212.ibk5.gbi1	0037000000687474..0038000000687474	0205000000417369..02080000004a6170	0
213	https://schema.org/subjectOf	predicate-213.ibk5	50	6872	d814d11e76ebb55bc26529c53e7ab430a873ad5f41c89d275c7f333202cf82b2	predicate-213.ibk5.merkle	1	https://kgx.foaf.tv/id/graphcwgp037501056b2fef188e	predicate-213.ibk5.lgi2	predicate-213.ibk5.gbi1	0037000000687474..0039000000687474	0030000000687474..0032000000687474	0
214	https://schema.org/url	predicate-214.ibk5	39	4736	3018dfe1f2a80eb40dd8c2e2f096887166d426eed8a80bdfd3a1ba82463daceb	predicate-214.ibk5.merkle	1	https://kgx.foaf.tv/id/graphcwgp037501056b2fef188e	predicate-214.ibk5.lgi2	predicate-214.ibk5.gbi1	0037000000687474..0039000000687474	0015000000687474..0040000000687474	0
215	https://danbri.github.io/londat/kgx/vocab#hoursAsOf	predicate-215.ibk5	42	3953	6626b05a29256293a8b90c4ddf63590256f741c8c145b9e4d73421c5a01b928e	predicate-215.ibk5.merkle	1	https://kgx.foaf.tv/id/graphcwgp037501056b2fef188e	predicate-215.ibk5.lgi2	predicate-215.ibk5.gbi1	0037000000687474..0039000000687474	020a000000323032..020a000000323032	0
216	https://schema.org/openingHours	predicate-216.ibk5	42	7065	01e8664d939865a82c672ee2548f7ddde772fbf807d851a7433bbabb80895902	predicate-216.ibk5.merkle	1	https://kgx.foaf.tv/id/graphcwgp037501056b2fef188e	predicate-216.ibk5.lgi2	predicate-216.ibk5.gbi1	0037000000687474..0039000000687474	020400000032342f..02540000004d6f2c	0
217	https://schema.org/openingHoursSpecification	predicate-217.ibk5	277	25506	c499ffc5f7658b1efd1395bdfe274b4fd0af3bf1a13a94d067de7d0d4fdb96b7	predicate-217.ibk5.merkle	1	https://kgx.foaf.tv/id/graphcwgp037501056b2fef188e	predicate-217.ibk5.lgi2	predicate-217.ibk5.gbi1	0037000000687474..0039000000687474	0037000000687474..003d000000687474	0
218	https://danbri.github.io/londat/kgx/vocab#levelText	predicate-218.ibk5	26	2697	645182fb696e7b6eb69332b84aa73152406c3d1ae94079ccc624dc071e9a83e1	predicate-218.ibk5.merkle	1	https://kgx.foaf.tv/id/graphcwgp037501056b2fef188e	predicate-218.ibk5.lgi2	predicate-218.ibk5.gbi1	0037000000687474..0039000000687474	02080000004c6576..020e000000537472	0
219	https://schema.org/addressCountry	predicate-219.ibk5	28	2461	58c7e182b648dde6c9aba818f9344b93cd71841db8047ca6a5b36e42a18e5cf3	predicate-219.ibk5.merkle	1	https://kgx.foaf.tv/id/graphcwgp037501056b2fef188e	predicate-219.ibk5.lgi2	predicate-219.ibk5.gbi1	0037000000687474..0039000000687474	0202000000474227..0202000000474227	0
220	https://schema.org/postalCode	predicate-220.ibk5	28	2966	3afda0e63a2c4aa388c6a7f40c44bb1d63f478a29adbc284ecafec52c745a6f9	predicate-220.ibk5.merkle	1	https://kgx.foaf.tv/id/graphcwgp037501056b2fef188e	predicate-220.ibk5.lgi2	predicate-220.ibk5.gbi1	0037000000687474..0039000000687474	0207000000453134..0207000000453134	0
221	https://schema.org/streetAddress	predicate-221.ibk5	8	1243	94541eb17da27d8d7533b7773b207edec01ebb2c61ba0e41ce0028ea7d55e2f8	predicate-221.ibk5.merkle	1	https://kgx.foaf.tv/id/graphcwgp037501056b2fef188e	predicate-221.ibk5.lgi2	predicate-221.ibk5.gbi1	0037000000687474..0039000000687474	020e000000312057..02110000004f6e65	0
222	https://danbri.github.io/londat/kgx/vocab#closesMinute	predicate-222.ibk5	356	29856	b7f66cdf1a032e80ce87b1989acb1f14ac81b567372f35c6f3c70263a31b48a3	predicate-222.ibk5.merkle	1	https://kgx.foaf.tv/id/graphcwgp037501056b2fef188e	predicate-222.ibk5.lgi2	predicate-222.ibk5.gbi1	0036000000687474..0039000000687474	0203000000373830..0204000000313635	0
223	https://danbri.github.io/londat/kgx/vocab#opensMinute	predicate-223.ibk5	354	29425	eeb64a131773acfe02faec438b1435926935f40a2d48571aba4a28ac32b5d9aa	predicate-223.ibk5.merkle	1	https://kgx.foaf.tv/id/graphcwgp037501056b2fef188e	predicate-223.ibk5.lgi2	predicate-223.ibk5.gbi1	0036000000687474..0039000000687474	0201000000302800..0204000000313032	0
224	https://schema.org/closes	predicate-224.ibk5	356	29834	0cb15a2ac02b620974790baebc23f7d8458fc0615521eeea39f11ee57c1d2946	predicate-224.ibk5.merkle	1	https://kgx.foaf.tv/id/graphcwgp037501056b2fef188e	predicate-224.ibk5.lgi2	predicate-224.ibk5.gbi1	0036000000687474..0039000000687474	020500000030303a..020500000032333a	0
225	https://schema.org/dayOfWeek	predicate-225.ibk5	352	28625	2e85e05039eb9846d4467d8bc2470f1f203963dc35c82f82c82e88ccb46983c8	predicate-225.ibk5.merkle	1	https://kgx.foaf.tv/id/graphcwgp037501056b2fef188e	predicate-225.ibk5.lgi2	predicate-225.ibk5.gbi1	0036000000687474..0039000000687474	0019000000687474..001c000000687474	0
226	https://schema.org/opens	predicate-226.ibk5	354	29415	17d7e1bc4883271049808eb31f042aa7487c4c815e6b19756f286382f77da132	predicate-226.ibk5.merkle	1	https://kgx.foaf.tv/id/graphcwgp037501056b2fef188e	predicate-226.ibk5.lgi2	predicate-226.ibk5.gbi1	0036000000687474..0039000000687474	020500000030303a..020500000031373a	0
227	http://www.w3.org/1999/02/22-rdf-syntax-ns#type	predicate-227.ibk5	404	34819	2ed5de4bf39072bbbb6b34eea27081fe5013ec3031de3ff492f3cf7a27c5482c	predicate-227.ibk5.merkle	1	https://kgx.foaf.tv/id/graphcwgp04216310d1749423d2	predicate-227.ibk5.lgi2	predicate-227.ibk5.gbi1	0039000000687474..003e000000687474	0018000000687474..002c000000687474	0
228	https://danbri.github.io/londat/kgx/vocab#hoursAsOf	predicate-228.ibk5	38	3738	8a02870f9c763cca3e1d47582feb374f262b170f9e7dfbc83125499f71a0298b	predicate-228.ibk5.merkle	1	https://kgx.foaf.tv/id/graphcwgp04216310d1749423d2	predicate-228.ibk5.lgi2	predicate-228.ibk5.gbi1	003a000000687474..003e000000687474	020a000000323032..020a000000323032	0
229	https://danbri.github.io/londat/kgx/vocab#registryBuilding	predicate-229.ibk5	35	3715	9cce6d96c659de14398c747db9e9a642df2e316ce45ccc7c0a8ad0ec9d717c06	predicate-229.ibk5.merkle	1	https://kgx.foaf.tv/id/graphcwgp04216310d1749423d2	predicate-229.ibk5.lgi2	predicate-229.ibk5.gbi1	003a000000687474..003e000000687474	001e000000687474..001e000000687474	0
230	https://schema.org/address	predicate-230.ibk5	36	5262	e54224782321832bc9d21e6b86b425ba74db55ed516ddd64339b4caca6b3e4f9	predicate-230.ibk5.merkle	1	https://kgx.foaf.tv/id/graphcwgp04216310d1749423d2	predicate-230.ibk5.lgi2	predicate-230.ibk5.gbi1	003a000000687474..003e000000687474	0032000000687474..0036000000687474	0
231	https://schema.org/containedInPlace	predicate-231.ibk5	80	5961	089106ac4cea0a69c376d6c1933074073657bc2dc1c70436fd77ff87dc79241b	predicate-231.ibk5.merkle	1	https://kgx.foaf.tv/id/graphcwgp04216310d1749423d2	predicate-231.ibk5.lgi2	predicate-231.ibk5.gbi1	003a000000687474..003e000000687474	0024000000687474..0212000000436861	0
232	https://schema.org/name	predicate-232.ibk5	44	7220	adf0e8ab33823c6319ade361dfe9dd869824bd4aee1d30adfa461e97c1b644f7	predicate-232.ibk5.merkle	1	https://kgx.foaf.tv/id/graphcwgp04216310d1749423d2	predicate-232.ibk5.lgi2	predicate-232.ibk5.gbi1	003a000000687474..003e000000687474	020b000000416363..02300000004a656e	0
233	https://schema.org/openingHours	predicate-233.ibk5	38	6845	c3eeed26aea9d52fbf782d1410e49bde3bd0270dad49aa0b973234ded0fc8f9b	predicate-233.ibk5.merkle	1	https://kgx.foaf.tv/id/graphcwgp04216310d1749423d2	predicate-233.ibk5.lgi2	predicate-233.ibk5.gbi1	003a000000687474..003e000000687474	02110000004d6f2d..02490000004d6f20	0
234	https://schema.org/openingHoursSpecification	predicate-234.ibk5	243	23565	934ca8af3a77305c003b95e11a6a8fe77e97f819fbd04c8962a71fa8e8da64dc	predicate-234.ibk5.merkle	1	https://kgx.foaf.tv/id/graphcwgp04216310d1749423d2	predicate-234.ibk5.lgi2	predicate-234.ibk5.gbi1	003a000000687474..003e000000687474	003a000000687474..0041000000687474	0
235	https://schema.org/subjectOf	predicate-235.ibk5	44	6444	31d991a806af1dbfabeaccaee44a9cd38a886f12b8adf2d4774b45c04408f561	predicate-235.ibk5.merkle	1	https://kgx.foaf.tv/id/graphcwgp04216310d1749423d2	predicate-235.ibk5.lgi2	predicate-235.ibk5.gbi1	003a000000687474..003e000000687474	0033000000687474..0037000000687474	0
236	https://schema.org/url	predicate-236.ibk5	35	4360	0883f04940723bdde7882d88b902a454b654b275c5082b9ce8ac506961e897df	predicate-236.ibk5.merkle	1	https://kgx.foaf.tv/id/graphcwgp04216310d1749423d2	predicate-236.ibk5.lgi2	predicate-236.ibk5.gbi1	003a000000687474..003e000000687474	0013000000687474..0055000000687474	0
237	https://danbri.github.io/londat/kgx/vocab#levelText	predicate-237.ibk5	21	2385	b6cfff6c37d996b586cbe4962c0d8ae326a92acc7058f0eba13d3b9dcb7e04a9	predicate-237.ibk5.merkle	1	https://kgx.foaf.tv/id/graphcwgp04216310d1749423d2	predicate-237.ibk5.lgi2	predicate-237.ibk5.gbi1	003a000000687474..003e000000687474	02090000002d2031..020e000000537472	0
238	https://schema.org/servesCuisine	predicate-238.ibk5	7	1023	939fc326316ef5f9416c6fa61a0139515a9a698261fa2a3db30f7597bc49d4bc	predicate-238.ibk5.merkle	1	https://kgx.foaf.tv/id/graphcwgp04216310d1749423d2	predicate-238.ibk5.lgi2	predicate-238.ibk5.gbi1	003a000000687474..003e000000687474	0205000000537573..02090000004d616c	0
239	https://schema.org/dateModified	predicate-239.ibk5	38	6188	764eefef21dc44c6461352668db1907da4b25a5febf5681a3e922144e4a3475f	predicate-239.ibk5.merkle	1	https://kgx.foaf.tv/id/graphcwgp04216310d1749423d2	predicate-239.ibk5.lgi2	predicate-239.ibk5.gbi1	003a000000687474..003e000000687474	0219000000323032..0219000000323032	0
240	https://schema.org/datePublished	predicate-240.ibk5	38	6115	b0ffccc2b63d361b83efbc83c831e0d7728e5ce7716c79f7936671024c82389b	predicate-240.ibk5.merkle	1	https://kgx.foaf.tv/id/graphcwgp04216310d1749423d2	predicate-240.ibk5.lgi2	predicate-240.ibk5.gbi1	003a000000687474..003e000000687474	0219000000323031..0219000000323032	0
241	https://danbri.github.io/londat/kgx/vocab#status	predicate-241.ibk5	1	305	57298acd3430e474b47a8a206bf2fef8361a6f9bc36b431f80b1dba5889ab082	predicate-241.ibk5.merkle	1	https://kgx.foaf.tv/id/graphcwgp04216310d1749423d2	predicate-241.ibk5.lgi2	predicate-241.ibk5.gbi1	003a000000687474..003a000000687474	020b000000636f6d..020b000000636f6d	0
242	https://schema.org/addressCountry	predicate-242.ibk5	41	3662	39c32622e11fad5246b868e8bcae8f2d8b960829613bfc6bf4fca9e01e714c8e	predicate-242.ibk5.merkle	1	https://kgx.foaf.tv/id/graphcwgp04216310d1749423d2	predicate-242.ibk5.lgi2	predicate-242.ibk5.gbi1	003a000000687474..003e000000687474	0202000000474227..0202000000474227	0
243	https://schema.org/postalCode	predicate-243.ibk5	41	4503	fb7ea4eda4c21a4298eb05c068143a2a7bb3b0da3829e7b336708b712328cd0b	predicate-243.ibk5.merkle	1	https://kgx.foaf.tv/id/graphcwgp04216310d1749423d2	predicate-243.ibk5.lgi2	predicate-243.ibk5.gbi1	003a000000687474..003e000000687474	0207000000453134..0207000000453134	0
244	https://schema.org/streetAddress	predicate-244.ibk5	8	1222	60cff2cfcb1e776a4eec5255da39123e9548272835ced6cc998aa2cf77295c0f	predicate-244.ibk5.merkle	1	https://kgx.foaf.tv/id/graphcwgp04216310d1749423d2	predicate-244.ibk5.lgi2	predicate-244.ibk5.gbi1	003b000000687474..003e000000687474	020e000000313220..0214000000352043	0
245	https://danbri.github.io/londat/kgx/vocab#closesMinute	predicate-245.ibk5	363	31944	8c91a34a4d1a83580a7994b8b4ac130903f9452984cee540dd7f1646fda2497d	predicate-245.ibk5.merkle	1	https://kgx.foaf.tv/id/graphcwgp04216310d1749423d2	predicate-245.ibk5.lgi2	predicate-245.ibk5.gbi1	0039000000687474..003e000000687474	0203000000373830..0204000000313635	0
246	https://danbri.github.io/londat/kgx/vocab#opensMinute	predicate-246.ibk5	362	31585	c0beb53afd49d339ee8feb9f77303333a25060d675f9d75066353002f502e22b	predicate-246.ibk5.merkle	1	https://kgx.foaf.tv/id/graphcwgp04216310d1749423d2	predicate-246.ibk5.lgi2	predicate-246.ibk5.gbi1	0039000000687474..003e000000687474	0201000000302800..0204000000313038	0
247	https://schema.org/closes	predicate-247.ibk5	363	31922	32e6b39da3acffb4cb41f8d472ec9232fe047baa3d24cb63a675865468978391	predicate-247.ibk5.merkle	1	https://kgx.foaf.tv/id/graphcwgp04216310d1749423d2	predicate-247.ibk5.lgi2	predicate-247.ibk5.gbi1	0039000000687474..003e000000687474	020500000030303a..020500000032333a	0
248	https://schema.org/dayOfWeek	predicate-248.ibk5	360	30625	be133a517a31b75f373fb14702b95994fe76d1a69735124c3bd90269ab564b04	predicate-248.ibk5.merkle	1	https://kgx.foaf.tv/id/graphcwgp04216310d1749423d2	predicate-248.ibk5.lgi2	predicate-248.ibk5.gbi1	0039000000687474..003e000000687474	0019000000687474..001c000000687474	0
249	https://schema.org/opens	predicate-249.ibk5	362	31577	8bca9af187095d40c432473e167ee6678de62ec541a4099aa492c7222c83de61	predicate-249.ibk5.merkle	1	https://kgx.foaf.tv/id/graphcwgp04216310d1749423d2	predicate-249.ibk5.lgi2	predicate-249.ibk5.gbi1	0039000000687474..003e000000687474	020500000030303a..020500000031383a	0
250	http://www.w3.org/1999/02/22-rdf-syntax-ns#type	predicate-250.ibk5	418	38227	c0617c392adc97b1fc8340dae35d94d61113d0d9379de04fbac4f8be6a1d7d38	predicate-250.ibk5.merkle	1	https://kgx.foaf.tv/id/graphcwgp05056e6bf36f1a1884	predicate-250.ibk5.lgi2	predicate-250.ibk5.gbi1	003e000000687474..0043000000687474	0018000000687474..002c000000687474	0
251	https://danbri.github.io/londat/kgx/vocab#hoursAsOf	predicate-251.ibk5	38	4207	c1af6af6f868ee6bc2aa06ba48bac875066fbc2f114f3a41ffeeea6b28accbc0	predicate-251.ibk5.merkle	1	https://kgx.foaf.tv/id/graphcwgp05056e6bf36f1a1884	predicate-251.ibk5.lgi2	predicate-251.ibk5.gbi1	003f000000687474..0043000000687474	020a000000323032..020a000000323032	0
252	https://danbri.github.io/londat/kgx/vocab#registryBuilding	predicate-252.ibk5	35	3879	7234b3086eb7301f007e8ea680043d79918b1e8fe3163cfca7e6ac74a7da1868	predicate-252.ibk5.merkle	1	https://kgx.foaf.tv/id/graphcwgp05056e6bf36f1a1884	predicate-252.ibk5.lgi2	predicate-252.ibk5.gbi1	003f000000687474..0043000000687474	001e000000687474..001e000000687474	0
253	https://schema.org/containedInPlace	predicate-253.ibk5	80	5818	9b87d5abafe6f789239a9d90a1cb718d6e89993bee623782008d90f7abadd850	predicate-253.ibk5.merkle	1	https://kgx.foaf.tv/id/graphcwgp05056e6bf36f1a1884	predicate-253.ibk5.lgi2	predicate-253.ibk5.gbi1	003f000000687474..0043000000687474	0024000000687474..02110000004f6e65	0
254	https://schema.org/name	predicate-254.ibk5	40	6856	130041fe23720b1c2f4f18d9efb0f05ab210cc900a53620fd9079d62b44c5b99	predicate-254.ibk5.merkle	1	https://kgx.foaf.tv/id/graphcwgp05056e6bf36f1a1884	predicate-254.ibk5.lgi2	predicate-254.ibk5.gbi1	003f000000687474..0043000000687474	020e00000050686f..022e000000497461	0
255	https://schema.org/openingHours	predicate-255.ibk5	38	6672	9a823cf63e6a6d9f97d1a656100115a4375ed8157b78bb610d57388c8a20f10d	predicate-255.ibk5.merkle	1	https://kgx.foaf.tv/id/graphcwgp05056e6bf36f1a1884	predicate-255.ibk5.lgi2	predicate-255.ibk5.gbi1	003f000000687474..0043000000687474	020400000032342f..02590000004d6f20	0
256	https://schema.org/openingHoursSpecification	predicate-256.ibk5	253	25618	9e16229354ea54f99a5700494fea92291e4bfce4cf4deb81698e23f8eebe5751	predicate-256.ibk5.merkle	1	https://kgx.foaf.tv/id/graphcwgp05056e6bf36f1a1884	predicate-256.ibk5.lgi2	predicate-256.ibk5.gbi1	003f000000687474..0043000000687474	003d000000687474..0045000000687474	0
257	https://schema.org/subjectOf	predicate-257.ibk5	40	6246	38d2762524878b2f4ea1730f5a57fc3ed76026095cf2a33b2a839caae5afade8	predicate-257.ibk5.merkle	1	https://kgx.foaf.tv/id/graphcwgp05056e6bf36f1a1884	predicate-257.ibk5.lgi2	predicate-257.ibk5.gbi1	003f000000687474..0043000000687474	0038000000687474..003c000000687474	0
258	https://schema.org/url	predicate-258.ibk5	35	4358	44b813babc8b0a52e069d8d32a98bdad504a09fa67799f111fa92fb223b3c784	predicate-258.ibk5.merkle	1	https://kgx.foaf.tv/id/graphcwgp05056e6bf36f1a1884	predicate-258.ibk5.lgi2	predicate-258.ibk5.gbi1	003f000000687474..0043000000687474	0014000000687474..0032000000687474	0
259	https://danbri.github.io/londat/kgx/vocab#levelText	predicate-259.ibk5	30	3363	2f90a43dd1a20d8e486431e3047cbfda8458b953a074df001c60466bbfd69818	predicate-259.ibk5.merkle	1	https://kgx.foaf.tv/id/graphcwgp05056e6bf36f1a1884	predicate-259.ibk5.lgi2	predicate-259.ibk5.gbi1	003f000000687474..0043000000687474	02090000004d657a..020e000000537472	0
260	https://schema.org/address	predicate-260.ibk5	39	6018	f819aef9a579012c52332519b8faf177c7ce0f28d667e4ca3b119dd3c898501f	predicate-260.ibk5.merkle	1	https://kgx.foaf.tv/id/graphcwgp05056e6bf36f1a1884	predicate-260.ibk5.lgi2	predicate-260.ibk5.gbi1	003f000000687474..0043000000687474	0035000000687474..003a000000687474	0
261	https://schema.org/servesCuisine	predicate-261.ibk5	4	672	1dc057bd29719a822283fd54e5a89d544898112d917ae49302a0f9a79cc0465f	predicate-261.ibk5.merkle	1	https://kgx.foaf.tv/id/graphcwgp05056e6bf36f1a1884	predicate-261.ibk5.lgi2	predicate-261.ibk5.gbi1	003f000000687474..0043000000687474	0205000000417369..0208000000416d65	0
262	https://schema.org/dateModified	predicate-262.ibk5	20	3419	a3c96b49cc1c1b569e8931983b3cc0c003e35fc2e7f7b0ad765b1d2c3f8ae931	predicate-262.ibk5.merkle	1	https://kgx.foaf.tv/id/graphcwgp05056e6bf36f1a1884	predicate-262.ibk5.lgi2	predicate-262.ibk5.gbi1	003f000000687474..0043000000687474	0219000000323032..0219000000323032	0
263	https://schema.org/datePublished	predicate-263.ibk5	23	3910	e1783305e50c709330b67cec8264b06aace7310b63a3f2de28d7271747f1b199	predicate-263.ibk5.merkle	1	https://kgx.foaf.tv/id/graphcwgp05056e6bf36f1a1884	predicate-263.ibk5.lgi2	predicate-263.ibk5.gbi1	003f000000687474..0043000000687474	0219000000323031..0219000000323032	0
264	https://schema.org/addressCountry	predicate-264.ibk5	9	1003	247c758d9c5a225524074987988b2a322765cea6d3c4db4c4e184344c93d24c8	predicate-264.ibk5.merkle	1	https://kgx.foaf.tv/id/graphcwgp05056e6bf36f1a1884	predicate-264.ibk5.lgi2	predicate-264.ibk5.gbi1	003f000000687474..0043000000687474	0202000000474227..0202000000474227	0
265	https://schema.org/postalCode	predicate-265.ibk5	8	1248	b44cc3d4bc0cb78045830a2dabb447e50bad15aff5be2927e4e644ae8d4b4323	predicate-265.ibk5.merkle	1	https://kgx.foaf.tv/id/graphcwgp05056e6bf36f1a1884	predicate-265.ibk5.lgi2	predicate-265.ibk5.gbi1	003f000000687474..0042000000687474	0207000000453134..0207000000453134	0
266	https://schema.org/streetAddress	predicate-266.ibk5	4	773	461bbcf11864b259744936c5ebb360c0bbfa32d8df2177faddde39d2f21d426b	predicate-266.ibk5.merkle	1	https://kgx.foaf.tv/id/graphcwgp05056e6bf36f1a1884	predicate-266.ibk5.lgi2	predicate-266.ibk5.gbi1	003f000000687474..0043000000687474	0211000000382053..0215000000313420	0
267	https://danbri.github.io/londat/kgx/vocab#closesMinute	predicate-267.ibk5	378	35146	780aa69922c27271a27deec4033f64067d7f982ef83312336ccaaa83d80c0e42	predicate-267.ibk5.merkle	1	https://kgx.foaf.tv/id/graphcwgp05056e6bf36f1a1884	predicate-267.ibk5.lgi2	predicate-267.ibk5.gbi1	003e000000687474..0043000000687474	0203000000383430..0204000000313536	0
268	https://danbri.github.io/londat/kgx/vocab#opensMinute	predicate-268.ibk5	378	34915	5350646aa8bd51fd097625b6384fcd1a932954806504ca98931966636d33c62f	predicate-268.ibk5.merkle	1	https://kgx.foaf.tv/id/graphcwgp05056e6bf36f1a1884	predicate-268.ibk5.lgi2	predicate-268.ibk5.gbi1	003e000000687474..0043000000687474	0201000000302800..0204000000313032	0
269	https://schema.org/closes	predicate-269.ibk5	378	35121	659d4b94dac073db93ea4a3489234f12ec4b303805742094e06c5d18d8684ef3	predicate-269.ibk5.merkle	1	https://kgx.foaf.tv/id/graphcwgp05056e6bf36f1a1884	predicate-269.ibk5.lgi2	predicate-269.ibk5.gbi1	003e000000687474..0043000000687474	020500000030303a..020500000032333a	0
270	https://schema.org/dayOfWeek	predicate-270.ibk5	378	34208	d26557bfade04de8946c3b6ea066e205245b0897f25d53eaea11dbf908e401f5	predicate-270.ibk5.merkle	1	https://kgx.foaf.tv/id/graphcwgp05056e6bf36f1a1884	predicate-270.ibk5.lgi2	predicate-270.ibk5.gbi1	003e000000687474..0043000000687474	0019000000687474..001c000000687474	0
271	https://schema.org/opens	predicate-271.ibk5	378	34904	6f1068d60fb420aa7bc05c239b351c93dafcf21f44bef902ed82b32ce36d9a6d	predicate-271.ibk5.merkle	1	https://kgx.foaf.tv/id/graphcwgp05056e6bf36f1a1884	predicate-271.ibk5.lgi2	predicate-271.ibk5.gbi1	003e000000687474..0043000000687474	020500000030303a..020500000031373a	0
272	http://www.w3.org/1999/02/22-rdf-syntax-ns#type	predicate-272.ibk5	336	33698	efd1d15be47f430f74ef112e7406a0f79dad1413ff845b8746bf37042e26d8b7	predicate-272.ibk5.merkle	1	https://kgx.foaf.tv/id/graphcwgp066f22780f717e6708	predicate-272.ibk5.lgi2	predicate-272.ibk5.gbi1	0044000000687474..005d000000687474	0018000000687474..002c000000687474	0
273	https://danbri.github.io/londat/kgx/vocab#hoursAsOf	predicate-273.ibk5	50	5572	402d4631a24363e0f5da5f7cdb1469fb0e0a69d59c6f13bdd73899231417b623	predicate-273.ibk5.merkle	1	https://kgx.foaf.tv/id/graphcwgp066f22780f717e6708	predicate-273.ibk5.lgi2	predicate-273.ibk5.gbi1	0044000000687474..005d000000687474	020a000000323032..020a000000323032	0
274	https://danbri.github.io/londat/kgx/vocab#levelText	predicate-274.ibk5	40	4750	d1513777922e8a6bb8a9625a3ee2c92cecce062ae0005a6a9b7e5d621eacc707	predicate-274.ibk5.merkle	1	https://kgx.foaf.tv/id/graphcwgp066f22780f717e6708	predicate-274.ibk5.lgi2	predicate-274.ibk5.gbi1	0044000000687474..005d000000687474	02070000004c6576..020e000000537472	0
275	https://danbri.github.io/londat/kgx/vocab#registryBuilding	predicate-275.ibk5	48	5548	7fe660c61edc3f92dc5c5371c4c9beab1756bc942345986a7130132bf11a9fc3	predicate-275.ibk5.merkle	1	https://kgx.foaf.tv/id/graphcwgp066f22780f717e6708	predicate-275.ibk5.lgi2	predicate-275.ibk5.gbi1	0044000000687474..005d000000687474	001e000000687474..001e000000687474	0
276	https://schema.org/containedInPlace	predicate-276.ibk5	105	7996	5baab756cf7f131103834a37ed1d9fa33fdc1e134671eeb3f07cc1d06afb277c	predicate-276.ibk5.merkle	1	https://kgx.foaf.tv/id/graphcwgp066f22780f717e6708	predicate-276.ibk5.lgi2	predicate-276.ibk5.gbi1	0044000000687474..005d000000687474	0024000000687474..0212000000436f6c	0
277	https://schema.org/name	predicate-277.ibk5	53	9479	29007a31b50a4f34b4f5e96542fb7e0a33672d9063f686628956cb3622b00401	predicate-277.ibk5.merkle	1	https://kgx.foaf.tv/id/graphcwgp066f22780f717e6708	predicate-277.ibk5.lgi2	predicate-277.ibk5.gbi1	0044000000687474..005d000000687474	020d000000436861..022e0000004e6f74	0
278	https://schema.org/openingHours	predicate-278.ibk5	50	8589	4711ef4d89d15d32175aaff5dfcea51448817f06917c2c2266124b6e24ed603d	predicate-278.ibk5.merkle	1	https://kgx.foaf.tv/id/graphcwgp066f22780f717e6708	predicate-278.ibk5.lgi2	predicate-278.ibk5.gbi1	0044000000687474..005d000000687474	020400000032342f..02470000004d6f2c	0
279	https://schema.org/openingHoursSpecification	predicate-279.ibk5	311	34117	9e54cdf2686e1a9ff67eab39aad56a2f4e4a8a2ddb0835ce5fb70e7be67aa911	predicate-279.ibk5.merkle	1	https://kgx.foaf.tv/id/graphcwgp066f22780f717e6708	predicate-279.ibk5.lgi2	predicate-279.ibk5.gbi1	0044000000687474..005d000000687474	0041000000687474..005c000000687474	0
280	https://schema.org/subjectOf	predicate-280.ibk5	53	9083	4b4d326c3b7e4189799152f336c01633828328f44be804caee1609654986ff26	predicate-280.ibk5.merkle	1	https://kgx.foaf.tv/id/graphcwgp066f22780f717e6708	predicate-280.ibk5.lgi2	predicate-280.ibk5.gbi1	0044000000687474..005d000000687474	003d000000687474..0056000000687474	0
281	https://schema.org/url	predicate-281.ibk5	51	6765	a15cf23bbb788bafe9ef21a666a0754bd3c06a1179dae0b250d82cfbdb0b0211	predicate-281.ibk5.merkle	1	https://kgx.foaf.tv/id/graphcwgp066f22780f717e6708	predicate-281.ibk5.lgi2	predicate-281.ibk5.gbi1	0044000000687474..005d000000687474	0013000000687474..0061000000687474	0
282	https://schema.org/address	predicate-282.ibk5	52	8749	958ecb2bff15a07c75eaba3b2b2eb436430f5b27662e8c8cf065a5bb4a0db03c	predicate-282.ibk5.merkle	1	https://kgx.foaf.tv/id/graphcwgp066f22780f717e6708	predicate-282.ibk5.lgi2	predicate-282.ibk5.gbi1	0044000000687474..005d000000687474	0039000000687474..0051000000687474	0
283	https://schema.org/dateModified	predicate-283.ibk5	12	2232	ae8276921fec4578e09d0646f3f8eb0e35480dbc91a960fc8cdc2c6c3810abfc	predicate-283.ibk5.merkle	1	https://kgx.foaf.tv/id/graphcwgp066f22780f717e6708	predicate-283.ibk5.lgi2	predicate-283.ibk5.gbi1	0044000000687474..0056000000687474	0219000000323032..0219000000323032	0
284	https://schema.org/datePublished	predicate-284.ibk5	12	2085	5c114c5f9cf86814e266f18d11e1fa99d21c6ba1654f1c43dd31c1914c530814	predicate-284.ibk5.merkle	1	https://kgx.foaf.tv/id/graphcwgp066f22780f717e6708	predicate-284.ibk5.lgi2	predicate-284.ibk5.gbi1	0044000000687474..0056000000687474	0219000000323031..0219000000323032	0
285	https://schema.org/servesCuisine	predicate-285.ibk5	5	913	9b1b3d0b6414eec993be79a44d2e35c1e63fdb8db5a18a26365baa8138f09fa4	predicate-285.ibk5.merkle	1	https://kgx.foaf.tv/id/graphcwgp066f22780f717e6708	predicate-285.ibk5.lgi2	predicate-285.ibk5.gbi1	0044000000687474..0055000000687474	0205000000417369..0208000000416d65	0
286	https://danbri.github.io/londat/kgx/vocab#status	predicate-286.ibk5	1	320	e46bc501cce4179aa40787f680b538405f1fc65ed3379cb277a7a8a76ea576f6	predicate-286.ibk5.merkle	1	https://kgx.foaf.tv/id/graphcwgp066f22780f717e6708	predicate-286.ibk5.lgi2	predicate-286.ibk5.gbi1	0049000000687474..0049000000687474	020b000000636f6d..020b000000636f6d	0
287	https://schema.org/addressCountry	predicate-287.ibk5	8	985	2d786f732d6172e79c0df5d8f6020bd8f9429c1b45d9e3b419a6d1520a6fe6e5	predicate-287.ibk5.merkle	1	https://kgx.foaf.tv/id/graphcwgp066f22780f717e6708	predicate-287.ibk5.lgi2	predicate-287.ibk5.gbi1	0044000000687474..0051000000687474	0202000000474227..0202000000474227	0
288	https://schema.org/postalCode	predicate-288.ibk5	8	1322	f5a47c59557bd545a61bf4233a8a23c527eb8aeb3530e6eb933e1c035cf2f39c	predicate-288.ibk5.merkle	1	https://kgx.foaf.tv/id/graphcwgp066f22780f717e6708	predicate-288.ibk5.lgi2	predicate-288.ibk5.gbi1	0044000000687474..0051000000687474	0207000000453134..0207000000453134	0
289	https://schema.org/streetAddress	predicate-289.ibk5	5	976	d0de67540065cb54e3177723348cf69ab38919298c99ece53fa0802d69abde7f	predicate-289.ibk5.merkle	1	https://kgx.foaf.tv/id/graphcwgp066f22780f717e6708	predicate-289.ibk5.lgi2	predicate-289.ibk5.gbi1	0045000000687474..0051000000687474	020e000000353020..0215000000313320	0
290	https://danbri.github.io/londat/kgx/vocab#closesMinute	predicate-290.ibk5	283	28901	132503d3eda31ae069d3f6fce3bcc486872963c5b8aeeb019045119c36257203	predicate-290.ibk5.merkle	1	https://kgx.foaf.tv/id/graphcwgp066f22780f717e6708	predicate-290.ibk5.lgi2	predicate-290.ibk5.gbi1	0044000000687474..005c000000687474	0203000000383430..0204000000313536	0
291	https://danbri.github.io/londat/kgx/vocab#opensMinute	predicate-291.ibk5	283	28458	9d47e4017c73e5f34e00a32323cc0cdc52e3b88a0608399fcb94a81aa03d4c1f	predicate-291.ibk5.merkle	1	https://kgx.foaf.tv/id/graphcwgp066f22780f717e6708	predicate-291.ibk5.lgi2	predicate-291.ibk5.gbi1	0044000000687474..005c000000687474	0201000000302800..0203000000373230	0
292	https://schema.org/closes	predicate-292.ibk5	283	28878	e853c651886a12098d28001a1e470a5636fb1d20820d496a6e7fcc85dc6e4474	predicate-292.ibk5.merkle	1	https://kgx.foaf.tv/id/graphcwgp066f22780f717e6708	predicate-292.ibk5.lgi2	predicate-292.ibk5.gbi1	0044000000687474..005c000000687474	020500000030303a..020500000032333a	0
293	https://schema.org/dayOfWeek	predicate-293.ibk5	283	27911	53621095a7ba5c2bf997c20d0fc57eabd6370b57616385fad8f072a3122058cd	predicate-293.ibk5.merkle	1	https://kgx.foaf.tv/id/graphcwgp066f22780f717e6708	predicate-293.ibk5.lgi2	predicate-293.ibk5.gbi1	0044000000687474..005c000000687474	0019000000687474..001c000000687474	0
294	https://schema.org/opens	predicate-294.ibk5	283	28445	346e0c247f2fedd3d4a56a309783d7f8f0163e7926455f9d7928c2da8862f721	predicate-294.ibk5.merkle	1	https://kgx.foaf.tv/id/graphcwgp066f22780f717e6708	predicate-294.ibk5.lgi2	predicate-294.ibk5.gbi1	0044000000687474..005c000000687474	020500000030303a..020500000031323a	0
295	https://danbri.github.io/londat/kgx/vocab#file	predicate-295.ibk5	1	324	511a7eef00ec31f5b77508e53c6b5330ce77a99ecea259dbe147f5d4059d93bf	predicate-295.ibk5.merkle	1	https://kgx.foaf.tv/id/graphfacadeatlasp00391fa2aa04fb9513	predicate-295.ibk5.lgi2	predicate-295.ibk5.gbi1	0025000000687474..0025000000687474	022d0000006d6167..022d0000006d6167	0
296	https://danbri.github.io/londat/kgx/vocab#sha256	predicate-296.ibk5	1	345	173248c784b636bed20007b2e07748f8e16d702124cbabf192b4ec0a2955330a	predicate-296.ibk5.merkle	1	https://kgx.foaf.tv/id/graphfacadeatlasp00391fa2aa04fb9513	predicate-296.ibk5.lgi2	predicate-296.ibk5.gbi1	0025000000687474..0025000000687474	0240000000323162..0240000000323162	0
297	https://danbri.github.io/londat/kgx/vocab#slotsMax	predicate-297.ibk5	1	286	8d4e580e558b91a5d26c2e44d6875f19e83768764041a161fb771822bf81a040	predicate-297.ibk5.merkle	1	https://kgx.foaf.tv/id/graphfacadeatlasp00391fa2aa04fb9513	predicate-297.ibk5.lgi2	predicate-297.ibk5.gbi1	0025000000687474..0025000000687474	0202000000333228..0202000000333228	0
298	https://danbri.github.io/londat/kgx/vocab#slotsUsed	predicate-298.ibk5	1	287	d511d5ef7c12670407c2c2e0fe4a96bfb6d6d2bd2c587959b5d4d75461eed430	predicate-298.ibk5.merkle	1	https://kgx.foaf.tv/id/graphfacadeatlasp00391fa2aa04fb9513	predicate-298.ibk5.lgi2	predicate-298.ibk5.gbi1	0025000000687474..0025000000687474	0202000000323328..0202000000323328	0
299	https://danbri.github.io/londat/kgx/vocab#facadeSlot	predicate-299.ibk5	8	1026	e43f0daf1a860ca9ef472136d21f6f10b016510bafa3b0742b73235686d3cc0b	predicate-299.ibk5.merkle	1	https://kgx.foaf.tv/id/graphfacadeatlasp00391fa2aa04fb9513	predicate-299.ibk5.lgi2	predicate-299.ibk5.gbi1	0023000000687474..0025000000687474	0202000000313628..0202000000323228	0
300	https://danbri.github.io/londat/kgx/vocab#atlasSlot	predicate-300.ibk5	7	1044	4b1d5b2005dc07b6f09e2e34c5456cc604f43c7a0a7562df1e0c7f24adfa16bc	predicate-300.ibk5.merkle	1	https://kgx.foaf.tv/id/graphfacadeatlasp00391fa2aa04fb9513	predicate-300.ibk5.lgi2	predicate-300.ibk5.gbi1	0029000000687474..0037000000687474	0202000000313628..0202000000323228	0
301	https://danbri.github.io/londat/kgx/vocab#inAtlas	predicate-301.ibk5	7	720	e1a977cb3ad92e8ff034f81a31a1857d651ffb95def869de0d7a5b04717a7f50	predicate-301.ibk5.merkle	1	https://kgx.foaf.tv/id/graphfacadeatlasp00391fa2aa04fb9513	predicate-301.ibk5.lgi2	predicate-301.ibk5.gbi1	0029000000687474..0037000000687474	0025000000687474..0025000000687474	0
302	http://www.w3.org/1999/02/22-rdf-syntax-ns#type	predicate-302.ibk5	7	748	c6cc5ae54bdadcddd10175c666daca831b06617b5c2f3ca6518e46bf6a1fbb84	predicate-302.ibk5.merkle	1	https://kgx.foaf.tv/id/graphfacadepatchescwdockp0041f7db8bc828e3a1	predicate-302.ibk5.lgi2	predicate-302.ibk5.gbi1	002c000000687474..0035000000687474	0035000000687474..0035000000687474	0
303	http://www.w3.org/2000/01/rdf-schema#comment	predicate-303.ibk5	7	1615	ff8dd9d1e6ae67643121ad2e4911cb7ddef4ff21f17de303326299cff83f5f37	predicate-303.ibk5.merkle	1	https://kgx.foaf.tv/id/graphfacadepatchescwdockp0041f7db8bc828e3a1	predicate-303.ibk5.lgi2	predicate-303.ibk5.gbi1	002c000000687474..0035000000687474	0224000000746865..029b000000746872	0
304	http://www.w3.org/2000/01/rdf-schema#label	predicate-304.ibk5	7	1327	dd53cff5f4be90a2c76d33830d9a41433cfcec81cb4d9fd76cbdec5528801fc9	predicate-304.ibk5.merkle	1	https://kgx.foaf.tv/id/graphfacadepatchescwdockp0041f7db8bc828e3a1	predicate-304.ibk5.lgi2	predicate-304.ibk5.gbi1	002c000000687474..0035000000687474	021e000000646f63..0238000000746865	0
305	https://danbri.github.io/londat/kgx/vocab#bayAutocorrelation	predicate-305.ibk5	7	1027	50cecd18ca633ba206e17373291cfb945ebe5eaf5523d33d14d41f1871b9a46f	predicate-305.ibk5.merkle	1	https://kgx.foaf.tv/id/graphfacadepatchescwdockp0041f7db8bc828e3a1	predicate-305.ibk5.lgi2	predicate-305.ibk5.gbi1	002c000000687474..0035000000687474	0204000000302e32..0204000000302e35	0
306	https://danbri.github.io/londat/kgx/vocab#bayPeriodPx	predicate-306.ibk5	7	1075	5b92ca43e8665f864d065b2892906b90e5d1d29c7a8b1ac229803fa3e51fa876	predicate-306.ibk5.merkle	1	https://kgx.foaf.tv/id/graphfacadepatchescwdockp0041f7db8bc828e3a1	predicate-306.ibk5.lgi2	predicate-306.ibk5.gbi1	002c000000687474..0035000000687474	0202000000313828..0206000000313436	0
307	https://danbri.github.io/londat/kgx/vocab#box	predicate-307.ibk5	7	1127	1cb24e3089ed66d348031b25a0b6998454d272a7eaf62be420553702d83d2e4f	predicate-307.ibk5.merkle	1	https://kgx.foaf.tv/id/graphfacadepatchescwdockp0041f7db8bc828e3a1	predicate-307.ibk5.lgi2	predicate-307.ibk5.gbi1	002c000000687474..0035000000687474	020c000000302030..0210000000313535	0
308	https://danbri.github.io/londat/kgx/vocab#building	predicate-308.ibk5	7	942	93e20524f036f1ba50b4e9db84727ffccdf5b1cde76f30bff574c70b06fabed9	predicate-308.ibk5.merkle	1	https://kgx.foaf.tv/id/graphfacadepatchescwdockp0041f7db8bc828e3a1	predicate-308.ibk5.lgi2	predicate-308.ibk5.gbi1	002c000000687474..0035000000687474	0024000000687474..0025000000687474	0
309	https://danbri.github.io/londat/kgx/vocab#colour	predicate-309.ibk5	21	2237	d53773a79fafbf83c6fc6efd6a4f7f04332ed69b7050945b93abe2b1a08965d8	predicate-309.ibk5.merkle	1	https://kgx.foaf.tv/id/graphfacadepatchescwdockp0041f7db8bc828e3a1	predicate-309.ibk5.lgi2	predicate-309.ibk5.gbi1	002c000000687474..0035000000687474	0033000000687474..003c000000687474	0
310	https://danbri.github.io/londat/kgx/vocab#face	predicate-310.ibk5	7	1161	a3a7e0d67c05927918a8d554f2a2b225ed8e70c2396bcbc45183d497497e95b4	predicate-310.ibk5.merkle	1	https://kgx.foaf.tv/id/graphfacadepatchescwdockp0041f7db8bc828e3a1	predicate-310.ibk5.lgi2	predicate-310.ibk5.gbi1	002c000000687474..0035000000687474	020a0000006e6f72..021f000000656173	0
311	https://danbri.github.io/londat/kgx/vocab#faceWidthMetres	predicate-311.ibk5	3	568	cb983f0f81f22fefb7b3c7a343a3412bd805f53ba37cb635892cefd9f615d918	predicate-311.ibk5.merkle	1	https://kgx.foaf.tv/id/graphfacadepatchescwdockp0041f7db8bc828e3a1	predicate-311.ibk5.lgi2	predicate-311.ibk5.gbi1	002c000000687474..0035000000687474	020400000032372e..020400000036332e	0
312	https://danbri.github.io/londat/kgx/vocab#floorAutocorrelation	predicate-312.ibk5	7	1029	b473c0a204514f8221b41ca71b0171e19eda99703f7a55c2a7f9a12907b6a839	predicate-312.ibk5.merkle	1	https://kgx.foaf.tv/id/graphfacadepatchescwdockp0041f7db8bc828e3a1	predicate-312.ibk5.lgi2	predicate-312.ibk5.gbi1	002c000000687474..0035000000687474	0204000000302e31..0204000000302e37	0
313	https://danbri.github.io/londat/kgx/vocab#floorPeriodPx	predicate-313.ibk5	7	1081	5875032481de04b5a0784f94d8d25e6285cde4ce0863e956873c48d6c6f13ec1	predicate-313.ibk5.merkle	1	https://kgx.foaf.tv/id/graphfacadepatchescwdockp0041f7db8bc828e3a1	predicate-313.ibk5.lgi2	predicate-313.ibk5.gbi1	002c000000687474..0035000000687474	0204000000362e39..0206000000313132	0
314	https://danbri.github.io/londat/kgx/vocab#fromPhoto	predicate-314.ibk5	7	988	7f720c0ee43d15ed90946943dd1c07b984b23ba599d8a53a8d2b4dd5139f2955	predicate-314.ibk5.merkle	1	https://kgx.foaf.tv/id/graphfacadepatchescwdockp0041f7db8bc828e3a1	predicate-314.ibk5.lgi2	predicate-314.ibk5.gbi1	002c000000687474..0035000000687474	002c000000687474..002c000000687474	0
315	https://danbri.github.io/londat/kgx/vocab#patchHeightPx	predicate-315.ibk5	7	1072	859634bf3ad3084ed86516c04de5018385e982352aecce23ede5555a04e14246	predicate-315.ibk5.merkle	1	https://kgx.foaf.tv/id/graphfacadepatchescwdockp0041f7db8bc828e3a1	predicate-315.ibk5.lgi2	predicate-315.ibk5.gbi1	002c000000687474..0035000000687474	0203000000333830..0204000000323034	0
316	https://danbri.github.io/londat/kgx/vocab#patchWidthPx	predicate-316.ibk5	7	1071	a1106196ea37b583c2f143372fa61fb452a50eccaf571dd440ecbccdfa9ca542	predicate-316.ibk5.merkle	1	https://kgx.foaf.tv/id/graphfacadepatchescwdockp0041f7db8bc828e3a1	predicate-316.ibk5.lgi2	predicate-316.ibk5.gbi1	002c000000687474..0035000000687474	0203000000323731..0204000000313639	0
317	https://danbri.github.io/londat/kgx/vocab#roi	predicate-317.ibk5	7	1150	0fa9732fee5437fa9199043826386c24f28c21764c5432f5a91af48d9727b307	predicate-317.ibk5.merkle	1	https://kgx.foaf.tv/id/graphfacadepatchescwdockp0041f7db8bc828e3a1	predicate-317.ibk5.lgi2	predicate-317.ibk5.gbi1	002c000000687474..0035000000687474	0210000000333330..0212000000313132	0
318	https://danbri.github.io/londat/kgx/vocab#sha256	predicate-318.ibk5	7	1482	0bcb6acfbb30c03e5f0ecf85c56f9dbc97806bc71f5d7d27a25c63b7c675362f	predicate-318.ibk5.merkle	1	https://kgx.foaf.tv/id/graphfacadepatchescwdockp0041f7db8bc828e3a1	predicate-318.ibk5.lgi2	predicate-318.ibk5.gbi1	002c000000687474..0035000000687474	0240000000303034..0240000000666436	0
319	https://danbri.github.io/londat/kgx/vocab#vanishingPointHorizontal	predicate-319.ibk5	7	1160	ce25bb8b48a591583623c50f10ae9a824267d11ed13b4a47cf2534ef76c7c0d5	predicate-319.ibk5.merkle	1	https://kgx.foaf.tv/id/graphfacadepatchescwdockp0041f7db8bc828e3a1	predicate-319.ibk5.lgi2	predicate-319.ibk5.gbi1	002c000000687474..0035000000687474	020c0000005b2d31..02110000005b2d33	0
320	https://danbri.github.io/londat/kgx/vocab#vanishingPointVertical	predicate-320.ibk5	7	1169	1e77d2b836f70513cb7b8a6b942098532b0037ea9d5a0fb6b32495e21f38def0	predicate-320.ibk5.merkle	1	https://kgx.foaf.tv/id/graphfacadepatchescwdockp0041f7db8bc828e3a1	predicate-320.ibk5.lgi2	predicate-320.ibk5.gbi1	002c000000687474..0035000000687474	020f0000005b3731..02140000005b2d31	0
321	https://schema.org/contentUrl	predicate-321.ibk5	7	1444	0714791db6a9c7fc7ae697feb8080a0f7f018af93e1c67790db17a3d7a1aa91f	predicate-321.ibk5.merkle	1	https://kgx.foaf.tv/id/graphfacadepatchescwdockp0041f7db8bc828e3a1	predicate-321.ibk5.lgi2	predicate-321.ibk5.gbi1	002c000000687474..0035000000687474	0065000000687474..006f000000687474	0
322	https://schema.org/license	predicate-322.ibk5	7	724	cd24a4f19f74c25137ef2bf3237e23f4cf731c56aa761ee6779445ae71cfecac	predicate-322.ibk5.merkle	1	https://kgx.foaf.tv/id/graphfacadepatchescwdockp0041f7db8bc828e3a1	predicate-322.ibk5.lgi2	predicate-322.ibk5.gbi1	002c000000687474..0035000000687474	0032000000687474..0032000000687474	0
323	https://danbri.github.io/londat/kgx/vocab#hex	predicate-323.ibk5	21	3037	332aad63cc215badfe5224d513cd22b65acf724bec446c462841e1b6e3fcef56	predicate-323.ibk5.merkle	1	https://kgx.foaf.tv/id/graphfacadepatchescwdockp0041f7db8bc828e3a1	predicate-323.ibk5.lgi2	predicate-323.ibk5.gbi1	0033000000687474..003c000000687474	0207000000233139..0207000000236536	0
324	https://danbri.github.io/londat/kgx/vocab#lightness	predicate-324.ibk5	21	2998	f9c1c1a6a9924170984f25e4e9ecb5edfcd84191653a44c778acb332a962abd0	predicate-324.ibk5.merkle	1	https://kgx.foaf.tv/id/graphfacadepatchescwdockp0041f7db8bc828e3a1	predicate-324.ibk5.lgi2	predicate-324.ibk5.gbi1	0033000000687474..003c000000687474	0202000000373028..020400000039322e	0
325	https://danbri.github.io/londat/kgx/vocab#rank	predicate-325.ibk5	21	2015	ae032998618932f729463552bd1b43b5c5dfee08f933522b5d79b11a15aad236	predicate-325.ibk5.merkle	1	https://kgx.foaf.tv/id/graphfacadepatchescwdockp0041f7db8bc828e3a1	predicate-325.ibk5.lgi2	predicate-325.ibk5.gbi1	0033000000687474..003c000000687474	0201000000302800..0201000000322800	0
326	https://danbri.github.io/londat/kgx/vocab#share	predicate-326.ibk5	21	3015	88e2cae5081a232a15362acb764ae0c438445349630ac38576506e6969acc00f	predicate-326.ibk5.merkle	1	https://kgx.foaf.tv/id/graphfacadepatchescwdockp0041f7db8bc828e3a1	predicate-326.ibk5.lgi2	predicate-326.ibk5.gbi1	0033000000687474..003c000000687474	0204000000302e31..0205000000302e35	0
327	http://www.w3.org/1999/02/22-rdf-syntax-ns#type	predicate-327.ibk5	5	637	ff90297b64d76c32d48a34a50d3ef0de658d518627feb851dbfade2c59757e9e	predicate-327.ibk5.merkle	1	https://kgx.foaf.tv/id/graphfacadepatchescwlibraryp006b7d3f00e42917e2	predicate-327.ibk5.lgi2	predicate-327.ibk5.gbi1	0035000000687474..0039000000687474	0035000000687474..0035000000687474	0
328	http://www.w3.org/2000/01/rdf-schema#comment	predicate-328.ibk5	5	989	f34da00f827764e8480246610b8460cb4306a3fb6ac90d8d3c023183acf32fc1	predicate-328.ibk5.merkle	1	https://kgx.foaf.tv/id/graphfacadepatchescwlibraryp006b7d3f00e42917e2	predicate-328.ibk5.lgi2	predicate-328.ibk5.gbi1	0035000000687474..0039000000687474	0207000000626163..02400000006c6566	0
329	http://www.w3.org/2000/01/rdf-schema#label	predicate-329.ibk5	5	1009	6911fbdbc1cb97888315ba689aa910445deee9626e63f0f5e4f4fd200f598b6a	predicate-329.ibk5.merkle	1	https://kgx.foaf.tv/id/graphfacadepatchescwlibraryp006b7d3f00e42917e2	predicate-329.ibk5.lgi2	predicate-329.ibk5.gbi1	0035000000687474..0039000000687474	021f0000006c6962..022b000000746865	0
330	https://danbri.github.io/londat/kgx/vocab#bayAutocorrelation	predicate-330.ibk5	5	862	c43653558dcf9ebf038961ea3110efdd37b4b54998e036412231edb547c51290	predicate-330.ibk5.merkle	1	https://kgx.foaf.tv/id/graphfacadepatchescwlibraryp006b7d3f00e42917e2	predicate-330.ibk5.lgi2	predicate-330.ibk5.gbi1	0035000000687474..0039000000687474	0204000000302e31..0204000000302e36	0
331	https://danbri.github.io/londat/kgx/vocab#bayPeriodPx	predicate-331.ibk5	5	861	0166efbaa314b14e9b7308c083a6cdbdf345c4671d0c9e50a9464a4923089fa5	predicate-331.ibk5.merkle	1	https://kgx.foaf.tv/id/graphfacadepatchescwlibraryp006b7d3f00e42917e2	predicate-331.ibk5.lgi2	predicate-331.ibk5.gbi1	0035000000687474..0039000000687474	020500000031312e..0206000000313134	0
332	https://danbri.github.io/londat/kgx/vocab#box	predicate-332.ibk5	5	894	f6c53104853be1f8096e95b279eb23d3467cc9ab4a46551af4e68cc73b809a6b	predicate-332.ibk5.merkle	1	https://kgx.foaf.tv/id/graphfacadepatchescwlibraryp006b7d3f00e42917e2	predicate-332.ibk5.lgi2	predicate-332.ibk5.gbi1	0035000000687474..0039000000687474	020c000000302035..0210000000323630	0
333	https://danbri.github.io/londat/kgx/vocab#building	predicate-333.ibk5	5	746	9fc941d95bf1a6f9d265f5e12982e7df3196bc4329c9ca1bcb0415e11d02827f	predicate-333.ibk5.merkle	1	https://kgx.foaf.tv/id/graphfacadepatchescwlibraryp006b7d3f00e42917e2	predicate-333.ibk5.lgi2	predicate-333.ibk5.gbi1	0035000000687474..0039000000687474	0023000000687474..0025000000687474	0
334	https://danbri.github.io/londat/kgx/vocab#colour	predicate-334.ibk5	15	1782	9ac4fe4b13a38107ebe176cd5fef07ac75d355b76f084c26ffff6086459ba1de	predicate-334.ibk5.merkle	1	https://kgx.foaf.tv/id/graphfacadepatchescwlibraryp006b7d3f00e42917e2	predicate-334.ibk5.lgi2	predicate-334.ibk5.gbi1	0035000000687474..0039000000687474	003c000000687474..0040000000687474	0
335	https://danbri.github.io/londat/kgx/vocab#face	predicate-335.ibk5	5	812	deec9f4213cc8910f82f841aed5424b6719348492f5df390e9b506989cfd229c	predicate-335.ibk5.merkle	1	https://kgx.foaf.tv/id/graphfacadepatchescwlibraryp006b7d3f00e42917e2	predicate-335.ibk5.lgi2	predicate-335.ibk5.gbi1	0035000000687474..0039000000687474	02050000006e6f72..020d000000656173	0
336	https://danbri.github.io/londat/kgx/vocab#floorAutocorrelation	predicate-336.ibk5	5	863	8f20ef468f67662614253a8f6fcffcfb069e89d3ebd1c053a310a110ca198fbc	predicate-336.ibk5.merkle	1	https://kgx.foaf.tv/id/graphfacadepatchescwlibraryp006b7d3f00e42917e2	predicate-336.ibk5.lgi2	predicate-336.ibk5.gbi1	0035000000687474..0039000000687474	0203000000302e37..0204000000302e35	0
337	https://danbri.github.io/londat/kgx/vocab#floorPeriodPx	predicate-337.ibk5	5	860	b16cdfc629972c5932cbc16c3ccf0e208d732f94ea9d740b2a1007c79acd7248	predicate-337.ibk5.merkle	1	https://kgx.foaf.tv/id/graphfacadepatchescwlibraryp006b7d3f00e42917e2	predicate-337.ibk5.lgi2	predicate-337.ibk5.gbi1	0035000000687474..0039000000687474	0204000000352e30..020500000039342e	0
338	https://danbri.github.io/londat/kgx/vocab#fromPhoto	predicate-338.ibk5	5	779	622969664d0c22f61a50491150199844c31edacd08dbd52a09b47fdff52987ab	predicate-338.ibk5.merkle	1	https://kgx.foaf.tv/id/graphfacadepatchescwlibraryp006b7d3f00e42917e2	predicate-338.ibk5.lgi2	predicate-338.ibk5.gbi1	0035000000687474..0039000000687474	002c000000687474..002c000000687474	0
339	https://danbri.github.io/londat/kgx/vocab#patchHeightPx	predicate-339.ibk5	5	854	7649cd84f25c8cc30f748dbd49954cba4dd82ab658ffd50d4ec9ddce9b0ab806	predicate-339.ibk5.merkle	1	https://kgx.foaf.tv/id/graphfacadepatchescwlibraryp006b7d3f00e42917e2	predicate-339.ibk5.lgi2	predicate-339.ibk5.gbi1	0035000000687474..0039000000687474	0203000000343030..0204000000323237	0
340	https://danbri.github.io/londat/kgx/vocab#patchWidthPx	predicate-340.ibk5	5	851	985f8a03a404b5c30bf28c758b1b1d5d2711b1cd8c9eebf6c28227423d0cac4e	predicate-340.ibk5.merkle	1	https://kgx.foaf.tv/id/graphfacadepatchescwlibraryp006b7d3f00e42917e2	predicate-340.ibk5.lgi2	predicate-340.ibk5.gbi1	0035000000687474..0039000000687474	0203000000333030..0203000000363730	0
341	https://danbri.github.io/londat/kgx/vocab#roi	predicate-341.ibk5	5	903	143af8a571c2b0ba45446db54a6fe311879d1c520dda8a3769cb8fb0e43525d3	predicate-341.ibk5.merkle	1	https://kgx.foaf.tv/id/graphfacadepatchescwlibraryp006b7d3f00e42917e2	predicate-341.ibk5.lgi2	predicate-341.ibk5.gbi1	0035000000687474..0039000000687474	020f000000313130..0211000000353930	0
342	https://danbri.github.io/londat/kgx/vocab#sha256	predicate-342.ibk5	5	1145	d1d768cd61447a949c6e888c5cc7b73ba86d2d5dc10373efa5a2593fdb78dfe1	predicate-342.ibk5.merkle	1	https://kgx.foaf.tv/id/graphfacadepatchescwlibraryp006b7d3f00e42917e2	predicate-342.ibk5.lgi2	predicate-342.ibk5.gbi1	0035000000687474..0039000000687474	0240000000333566..0240000000643733	0
343	https://danbri.github.io/londat/kgx/vocab#vanishingPointHorizontal	predicate-343.ibk5	5	918	9e06484405270976c227d5e4a4740e05ba287faa07d5f347cb2426ec6f5fde42	predicate-343.ibk5.merkle	1	https://kgx.foaf.tv/id/graphfacadepatchescwlibraryp006b7d3f00e42917e2	predicate-343.ibk5.lgi2	predicate-343.ibk5.gbi1	0035000000687474..0039000000687474	020e0000005b2d33..02100000005b3130	0
344	https://danbri.github.io/londat/kgx/vocab#vanishingPointVertical	predicate-344.ibk5	5	916	b3591602ba1bfae52ecdd6e3288a4d54194b7ff2626e0ab0d6d2c452e932bf0c	predicate-344.ibk5.merkle	1	https://kgx.foaf.tv/id/graphfacadepatchescwlibraryp006b7d3f00e42917e2	predicate-344.ibk5.lgi2	predicate-344.ibk5.gbi1	0035000000687474..0039000000687474	020e0000005b3135..02100000005b3132	0
345	https://schema.org/contentUrl	predicate-345.ibk5	5	1148	ae5579420e1be9b27f6dfb41280358428f977ae4e09d5186f32bace3e15e3606	predicate-345.ibk5.merkle	1	https://kgx.foaf.tv/id/graphfacadepatchescwlibraryp006b7d3f00e42917e2	predicate-345.ibk5.lgi2	predicate-345.ibk5.gbi1	0035000000687474..0039000000687474	006e000000687474..0073000000687474	0
346	https://schema.org/license	predicate-346.ibk5	5	613	fb15be66eafb753c45083c2d5646037426fb391e43fe1fb07a9a78ff3d0fd3ee	predicate-346.ibk5.merkle	1	https://kgx.foaf.tv/id/graphfacadepatchescwlibraryp006b7d3f00e42917e2	predicate-346.ibk5.lgi2	predicate-346.ibk5.gbi1	0035000000687474..0039000000687474	0032000000687474..0032000000687474	0
347	https://danbri.github.io/londat/kgx/vocab#hex	predicate-347.ibk5	15	2320	5d1d6bd2f562e71bd5036f1575e215f73c0fca10e293f228a22f6859288c2cc2	predicate-347.ibk5.merkle	1	https://kgx.foaf.tv/id/graphfacadepatchescwlibraryp006b7d3f00e42917e2	predicate-347.ibk5.lgi2	predicate-347.ibk5.gbi1	003c000000687474..0040000000687474	0207000000233133..0207000000236135	0
348	https://danbri.github.io/londat/kgx/vocab#lightness	predicate-348.ibk5	15	2236	3ac985b09913d67d6f9f8a1d968955d18d4a628c7384d8167c969929d0a986f5	predicate-348.ibk5.merkle	1	https://kgx.foaf.tv/id/graphfacadepatchescwlibraryp006b7d3f00e42917e2	predicate-348.ibk5.lgi2	predicate-348.ibk5.gbi1	003c000000687474..0040000000687474	0202000000323428..020400000037302e	0
349	https://danbri.github.io/londat/kgx/vocab#rank	predicate-349.ibk5	15	1634	32c28ea4547fb5389766731b97d338049a87a8f35ae37a674714181f2bb09f8d	predicate-349.ibk5.merkle	1	https://kgx.foaf.tv/id/graphfacadepatchescwlibraryp006b7d3f00e42917e2	predicate-349.ibk5.lgi2	predicate-349.ibk5.gbi1	003c000000687474..0040000000687474	0201000000302800..0201000000322800	0
350	https://danbri.github.io/londat/kgx/vocab#share	predicate-350.ibk5	15	2306	d02f85e77d092206264b01dc663afc1cc0efd27f840d0ae01f173494132ecb6d	predicate-350.ibk5.merkle	1	https://kgx.foaf.tv/id/graphfacadepatchescwlibraryp006b7d3f00e42917e2	predicate-350.ibk5.lgi2	predicate-350.ibk5.gbi1	003c000000687474..0040000000687474	0204000000302e31..0205000000302e35	0
351	https://danbri.github.io/londat/kgx/vocab#faceWidthMetres	predicate-351.ibk5	1	321	b6db3b37562a2e958cfc7f462d517d28c82a16bbdae16bb64478f26cd4510f70	predicate-351.ibk5.merkle	1	https://kgx.foaf.tv/id/graphfacadepatchescwlibraryp006b7d3f00e42917e2	predicate-351.ibk5.lgi2	predicate-351.ibk5.gbi1	0036000000687474..0036000000687474	0202000000323428..0202000000323428	0
352	http://www.w3.org/1999/02/22-rdf-syntax-ns#type	predicate-352.ibk5	3	435	c721a14f37a2e31dd1a85f45820f0b5029b6a814dca380da45a62495d9be141d	predicate-352.ibk5.merkle	1	https://kgx.foaf.tv/id/graphfacadetilescwdockp00d82f7700fd8662c9	predicate-352.ibk5.lgi2	predicate-352.ibk5.gbi1	0029000000687474..002d000000687474	0034000000687474..0034000000687474	0
353	http://www.w3.org/2000/01/rdf-schema#comment	predicate-353.ibk5	3	1971	e1cf54c1323a3b238c5e7266ef152c7289918fa27f7fe1a4eaa3485adb99de34	predicate-353.ibk5.merkle	1	https://kgx.foaf.tv/id/graphfacadetilescwdockp00d82f7700fd8662c9	predicate-353.ibk5.lgi2	predicate-353.ibk5.gbi1	0029000000687474..002d000000687474	02290200004c6566..02ea01000054776f	0
354	https://danbri.github.io/londat/kgx/vocab#crop	predicate-354.ibk5	3	567	a18b2bb0fcf359df9919457d6880b85e27ba678022374b8d33a1cb1ac9e11720	predicate-354.ibk5.merkle	1	https://kgx.foaf.tv/id/graphfacadetilescwdockp00d82f7700fd8662c9	predicate-354.ibk5.lgi2	predicate-354.ibk5.gbi1	0029000000687474..002d000000687474	020d000000302031..020f000000333335	0
355	https://danbri.github.io/londat/kgx/vocab#file	predicate-355.ibk5	3	667	d0cb0fdf592137efe676870acecc1a1e8d449055804d747c9d6daa4b5bf436ea	predicate-355.ibk5.merkle	1	https://kgx.foaf.tv/id/graphfacadetilescwdockp00d82f7700fd8662c9	predicate-355.ibk5.lgi2	predicate-355.ibk5.gbi1	0029000000687474..002d000000687474	022e000000646174..0233000000646174	0
356	https://danbri.github.io/londat/kgx/vocab#forBuilding	predicate-356.ibk5	3	508	5d6a470f229798b16573c8e17e10c8b3eae73595faaf3091e5425ac273fa8b67	predicate-356.ibk5.merkle	1	https://kgx.foaf.tv/id/graphfacadetilescwdockp00d82f7700fd8662c9	predicate-356.ibk5.lgi2	predicate-356.ibk5.gbi1	0029000000687474..002d000000687474	0024000000687474..0025000000687474	0
357	https://danbri.github.io/londat/kgx/vocab#heightMetres	predicate-357.ibk5	3	546	591176ef8486d76c98a45f29d65b7a62b6c2ca1a09c79a423a55384c19124ed3	predicate-357.ibk5.merkle	1	https://kgx.foaf.tv/id/graphfacadetilescwdockp00d82f7700fd8662c9	predicate-357.ibk5.lgi2	predicate-357.ibk5.gbi1	0029000000687474..002d000000687474	0203000000362e31..0204000000332e31	0
358	https://danbri.github.io/londat/kgx/vocab#method	predicate-358.ibk5	3	433	5dc810787c2784cbe44c3824e9fa6a02cdd34157cd359b9e4d581da4bfae92bb	predicate-358.ibk5.merkle	1	https://kgx.foaf.tv/id/graphfacadetilescwdockp00d82f7700fd8662c9	predicate-358.ibk5.lgi2	predicate-358.ibk5.gbi1	0029000000687474..002d000000687474	020500000070686f..020500000070686f	0
359	https://danbri.github.io/londat/kgx/vocab#mirroredHalf	predicate-359.ibk5	1	306	cce6f3a9e5e02f457ab472e6b9639ee594014849d5cf8a14c8d89197d5ef2884	predicate-359.ibk5.merkle	1	https://kgx.foaf.tv/id/graphfacadetilescwdockp00d82f7700fd8662c9	predicate-359.ibk5.lgi2	predicate-359.ibk5.gbi1	002d000000687474..002d000000687474	0204000000747275..0204000000747275	0
360	https://danbri.github.io/londat/kgx/vocab#page	predicate-360.ibk5	3	495	7299f4adf161916d72835e979ac16c7d03bc0703e295a3f5ba630e96c363d559	predicate-360.ibk5.merkle	1	https://kgx.foaf.tv/id/graphfacadetilescwdockp00d82f7700fd8662c9	predicate-360.ibk5.lgi2	predicate-360.ibk5.gbi1	0029000000687474..002d000000687474	0245000000687474..0245000000687474	0
361	https://danbri.github.io/londat/kgx/vocab#placement	predicate-361.ibk5	3	563	6dd9308b926bd514868d24d84510848e6e9361797b8f4c70bb3b818b132457f0	predicate-361.ibk5.merkle	1	https://kgx.foaf.tv/id/graphfacadetilescwdockp00d82f7700fd8662c9	predicate-361.ibk5.lgi2	predicate-361.ibk5.gbi1	0029000000687474..002d000000687474	0034000000687474..003c000000687474	0
362	https://danbri.github.io/londat/kgx/vocab#sha256	predicate-362.ibk5	3	718	34df6aff49aeda2b1a089f35c67a36ec0cc601d56d5ddc3d26af8e3459f67768	predicate-362.ibk5.merkle	1	https://kgx.foaf.tv/id/graphfacadetilescwdockp00d82f7700fd8662c9	predicate-362.ibk5.lgi2	predicate-362.ibk5.gbi1	0029000000687474..002d000000687474	0240000000336539..0240000000393166	0
363	https://danbri.github.io/londat/kgx/vocab#widthMetres	predicate-363.ibk5	3	542	04e14efa07596cfdd94527d23b41d8bbfd1343aaf1d9705742673d037571881c	predicate-363.ibk5.merkle	1	https://kgx.foaf.tv/id/graphfacadetilescwdockp00d82f7700fd8662c9	predicate-363.ibk5.lgi2	predicate-363.ibk5.gbi1	0029000000687474..002d000000687474	0202000000313028..020400000031322e	0
364	https://schema.org/contentUrl	predicate-364.ibk5	3	677	48f74b4d8f5a17aee0d35073d99cd5f76e85e4bc47993123434d74c41299a04a	predicate-364.ibk5.merkle	1	https://kgx.foaf.tv/id/graphfacadetilescwdockp00d82f7700fd8662c9	predicate-364.ibk5.lgi2	predicate-364.ibk5.gbi1	0029000000687474..002d000000687474	0063000000687474..0068000000687474	0
365	https://schema.org/isBasedOn	predicate-365.ibk5	3	511	f8e613752e8c92af8facf246b5e22f5930d345230ff7d0b3801f2667326dfd5a	predicate-365.ibk5.merkle	1	https://kgx.foaf.tv/id/graphfacadetilescwdockp00d82f7700fd8662c9	predicate-365.ibk5.lgi2	predicate-365.ibk5.gbi1	0029000000687474..002d000000687474	002c000000687474..002f000000687474	0
366	https://schema.org/license	predicate-366.ibk5	3	412	fc32491eaa03fc7220e154c1d44546c6e22391e50f301c354e5e7f1e735d4df4	predicate-366.ibk5.merkle	1	https://kgx.foaf.tv/id/graphfacadetilescwdockp00d82f7700fd8662c9	predicate-366.ibk5.lgi2	predicate-366.ibk5.gbi1	0029000000687474..002d000000687474	0032000000687474..0032000000687474	0
367	https://schema.org/name	predicate-367.ibk5	3	823	bbfdebbd72a21dcac1e500dcc885e3f73d4f90d3f2db9dc0c386b995be4fec82	predicate-367.ibk5.merkle	1	https://kgx.foaf.tv/id/graphfacadetilescwdockp00d82f7700fd8662c9	predicate-367.ibk5.lgi2	predicate-367.ibk5.gbi1	0029000000687474..002d000000687474	025b000000446563..027e000000446f63	0
368	https://danbri.github.io/londat/kgx/vocab#at	predicate-368.ibk5	3	617	b4ca7dad89dabeb1318c3943352315271ce09433ce1805b247e6dee83ff141ea	predicate-368.ibk5.merkle	1	https://kgx.foaf.tv/id/graphfacadetilescwdockp00d82f7700fd8662c9	predicate-368.ibk5.lgi2	predicate-368.ibk5.gbi1	0034000000687474..003c000000687474	02130000002d302e..02130000002d302e	0
369	https://danbri.github.io/londat/kgx/vocab#building	predicate-369.ibk5	3	543	1329b9484f1b228f97a8d809e069d28f342d5ff8a6d7793370bfc18a205d8576	predicate-369.ibk5.merkle	1	https://kgx.foaf.tv/id/graphfacadetilescwdockp00d82f7700fd8662c9	predicate-369.ibk5.lgi2	predicate-369.ibk5.gbi1	0034000000687474..003c000000687474	0024000000687474..0025000000687474	0
370	http://www.w3.org/1999/02/22-rdf-syntax-ns#type	predicate-370.ibk5	4	539	531b4c4fe7012b95b11efd884478912392acebe6cebe7f1247b5fdeadf30708e	predicate-370.ibk5.merkle	1	https://kgx.foaf.tv/id/graphfacadetilescwlibraryp00098ee7e176e96ebc	predicate-370.ibk5.lgi2	predicate-370.ibk5.gbi1	002f000000687474..0037000000687474	0034000000687474..0034000000687474	0
371	http://www.w3.org/2000/01/rdf-schema#comment	predicate-371.ibk5	4	2404	0e9b5f9a6f717a9cd7307ea076985bde7967708785f15f74518e6cf21d1079c6	predicate-371.ibk5.merkle	1	https://kgx.foaf.tv/id/graphfacadetilescwlibraryp00098ee7e176e96ebc	predicate-371.ibk5.lgi2	predicate-371.ibk5.gbi1	002f000000687474..0037000000687474	02050100004d6573..026d01000054776f	0
372	https://danbri.github.io/londat/kgx/vocab#crop	predicate-372.ibk5	3	587	13413deb568f61e9f092b35c42a1a9d6a2b7885635f5072b992fcf7d23e52cb8	predicate-372.ibk5.merkle	1	https://kgx.foaf.tv/id/graphfacadetilescwlibraryp00098ee7e176e96ebc	predicate-372.ibk5.lgi2	predicate-372.ibk5.gbi1	002f000000687474..0036000000687474	020c000000302039..020e000000363020	0
373	https://danbri.github.io/londat/kgx/vocab#file	predicate-373.ibk5	4	903	cbd0f95248392af0840b7f6b9adf06d6d34cd3fdfecc22629f4389b535888e9d	predicate-373.ibk5.merkle	1	https://kgx.foaf.tv/id/graphfacadetilescwlibraryp00098ee7e176e96ebc	predicate-373.ibk5.lgi2	predicate-373.ibk5.gbi1	002f000000687474..0037000000687474	0234000000646174..023d000000646174	0
374	https://danbri.github.io/londat/kgx/vocab#forBuilding	predicate-374.ibk5	5	712	8dac8cdec3771b78bd15ea6b848ea095cddbc0dd55cc2a68a9748472c23ce54b	predicate-374.ibk5.merkle	1	https://kgx.foaf.tv/id/graphfacadetilescwlibraryp00098ee7e176e96ebc	predicate-374.ibk5.lgi2	predicate-374.ibk5.gbi1	002f000000687474..0037000000687474	0023000000687474..0025000000687474	0
375	https://danbri.github.io/londat/kgx/vocab#heightMetres	predicate-375.ibk5	4	702	1171800684ba46a9082b715aa4c30298a89e702eff1a517a5c4b75a02e9a83ba	predicate-375.ibk5.merkle	1	https://kgx.foaf.tv/id/graphfacadetilescwlibraryp00098ee7e176e96ebc	predicate-375.ibk5.lgi2	predicate-375.ibk5.gbi1	002f000000687474..0037000000687474	0202000000313228..0204000000332e30	0
376	https://danbri.github.io/londat/kgx/vocab#method	predicate-376.ibk5	4	593	c568d99221d76a058167d629c4ea4840a0be5cf8db48d120bd93e5caf6ebcf59	predicate-376.ibk5.merkle	1	https://kgx.foaf.tv/id/graphfacadetilescwlibraryp00098ee7e176e96ebc	predicate-376.ibk5.lgi2	predicate-376.ibk5.gbi1	002f000000687474..0037000000687474	020500000070686f..0207000000706174	0
377	https://danbri.github.io/londat/kgx/vocab#page	predicate-377.ibk5	4	602	fe79d472d22f12fc29c1aa79118be8023d3a89412fe9a61e3acf6b6695bdf7fd	predicate-377.ibk5.merkle	1	https://kgx.foaf.tv/id/graphfacadetilescwlibraryp00098ee7e176e96ebc	predicate-377.ibk5.lgi2	predicate-377.ibk5.gbi1	002f000000687474..0037000000687474	0248000000687474..0248000000687474	0
378	https://danbri.github.io/londat/kgx/vocab#placement	predicate-378.ibk5	5	870	adefa22fdb6bbd0be407007ab30c129d7d23814e24314f19486fb346fb4ffee2	predicate-378.ibk5.merkle	1	https://kgx.foaf.tv/id/graphfacadetilescwlibraryp00098ee7e176e96ebc	predicate-378.ibk5.lgi2	predicate-378.ibk5.gbi1	002f000000687474..0037000000687474	003d000000687474..004b000000687474	0
379	https://danbri.github.io/londat/kgx/vocab#sha256	predicate-379.ibk5	4	935	b43a5b43639b1de1625cf9138a290f87ea8d16489ec1869b8f6d6bfa2532ba73	predicate-379.ibk5.merkle	1	https://kgx.foaf.tv/id/graphfacadetilescwlibraryp00098ee7e176e96ebc	predicate-379.ibk5.lgi2	predicate-379.ibk5.gbi1	002f000000687474..0037000000687474	0240000000366337..0240000000646166	0
380	https://danbri.github.io/londat/kgx/vocab#widthMetres	predicate-380.ibk5	4	697	fe8c6bd7042b7ecbde45ee4f6158cd6f028eaac76d58cf88c94b14011f90d1df	predicate-380.ibk5.merkle	1	https://kgx.foaf.tv/id/graphfacadetilescwlibraryp00098ee7e176e96ebc	predicate-380.ibk5.lgi2	predicate-380.ibk5.gbi1	002f000000687474..0037000000687474	0201000000332800..0203000000362e35	0
381	https://schema.org/contentUrl	predicate-381.ibk5	4	922	12592969009e173683f53a0285e421e481deedfc8ae77e74b96f8c29507b3c1c	predicate-381.ibk5.merkle	1	https://kgx.foaf.tv/id/graphfacadetilescwlibraryp00098ee7e176e96ebc	predicate-381.ibk5.lgi2	predicate-381.ibk5.gbi1	002f000000687474..0037000000687474	0069000000687474..0072000000687474	0
382	https://schema.org/isBasedOn	predicate-382.ibk5	3	561	b7c7a41814e35490dbcdc97edd7a2afd584d5c7efbc9e855471a0e0a928522cc	predicate-382.ibk5.merkle	1	https://kgx.foaf.tv/id/graphfacadetilescwlibraryp00098ee7e176e96ebc	predicate-382.ibk5.lgi2	predicate-382.ibk5.gbi1	002f000000687474..0036000000687474	0035000000687474..0038000000687474	0
383	https://schema.org/license	predicate-383.ibk5	4	516	9bff3e678657a942a60dcdb37f1d857e9c3285f17a9b84e2b441c07e375a55c6	predicate-383.ibk5.merkle	1	https://kgx.foaf.tv/id/graphfacadetilescwlibraryp00098ee7e176e96ebc	predicate-383.ibk5.lgi2	predicate-383.ibk5.gbi1	002f000000687474..0037000000687474	0032000000687474..0032000000687474	0
384	https://schema.org/name	predicate-384.ibk5	4	923	51f028d90e0c7061d7f144b25fa2e8441e2885f94276abfc82dac24e2263eb91	predicate-384.ibk5.merkle	1	https://kgx.foaf.tv/id/graphfacadetilescwlibraryp00098ee7e176e96ebc	predicate-384.ibk5.lgi2	predicate-384.ibk5.gbi1	002f000000687474..0037000000687474	0233000000746865..0256000000612076	0
385	https://danbri.github.io/londat/kgx/vocab#at	predicate-385.ibk5	5	978	d859e953aa84d5a1dd34865152670c47b713629a9f394b26036d5d6ed49de874	predicate-385.ibk5.merkle	1	https://kgx.foaf.tv/id/graphfacadetilescwlibraryp00098ee7e176e96ebc	predicate-385.ibk5.lgi2	predicate-385.ibk5.gbi1	003d000000687474..004b000000687474	02120000002d302e..02130000002d302e	0
386	https://danbri.github.io/londat/kgx/vocab#building	predicate-386.ibk5	5	849	010e62c45a355abbd47950f69119fb055f3a404a4d7edcd74e81cd96abf164ca	predicate-386.ibk5.merkle	1	https://kgx.foaf.tv/id/graphfacadetilescwlibraryp00098ee7e176e96ebc	predicate-386.ibk5.lgi2	predicate-386.ibk5.gbi1	003d000000687474..004b000000687474	0023000000687474..0025000000687474	0
387	https://danbri.github.io/londat/kgx/vocab#judgedColour	predicate-387.ibk5	4	605	abd75a1e92aa9bf4d61434d1dd67f235dfe85f44d962b2585c6f43e334ee424c	predicate-387.ibk5.merkle	1	https://kgx.foaf.tv/id/graphfacadetilescwlibraryp00098ee7e176e96ebc	predicate-387.ibk5.lgi2	predicate-387.ibk5.gbi1	0037000000687474..0037000000687474	020d000000676c61..021c000000637265	0
388	https://danbri.github.io/londat/kgx/vocab#svgSha256	predicate-388.ibk5	1	375	aa4735ed61842a9c8e28475e017a25403f6025e693219f6a1314bea97fbfdcdc	predicate-388.ibk5.merkle	1	https://kgx.foaf.tv/id/graphfacadetilescwlibraryp00098ee7e176e96ebc	predicate-388.ibk5.lgi2	predicate-388.ibk5.gbi1	0037000000687474..0037000000687474	0240000000333030..0240000000333030	0
389	https://danbri.github.io/londat/kgx/vocab#vectorSource	predicate-389.ibk5	1	384	d69c4d64cd56e23d420d0dcad6c86680fe5b4c8b73d1f993edff043e29dfdf2e	predicate-389.ibk5.merkle	1	https://kgx.foaf.tv/id/graphfacadetilescwlibraryp00098ee7e176e96ebc	predicate-389.ibk5.lgi2	predicate-389.ibk5.gbi1	0037000000687474..0037000000687474	0072000000687474..0072000000687474	0
390	https://danbri.github.io/londat/kgx/vocab#mirroredHalf	predicate-390.ibk5	1	312	67bc4747ec0009fd4ba017b296e77f7522e8ecb5d44b532e0d32b62be75278fb	predicate-390.ibk5.merkle	1	https://kgx.foaf.tv/id/graphfacadetilescwlibraryp00098ee7e176e96ebc	predicate-390.ibk5.lgi2	predicate-390.ibk5.gbi1	0030000000687474..0030000000687474	0204000000747275..0204000000747275	0
391	http://www.w3.org/2000/01/rdf-schema#label	predicate-391.ibk5	77	9220	26e2e2c4b448db9467ce50c073bba160a1b688271aa0be5f4d8944399a21400c	predicate-391.ibk5.merkle	1	https://kgx.foaf.tv/id/graphfactsp00b1db41fe7aa4ae06	predicate-391.ibk5.lgi2	predicate-391.ibk5.gbi1	0026000000687474..0027000000687474	020d00000043616e..023c000000576573	0
392	http://purl.org/dc/terms/date	predicate-392.ibk5	319	20626	eb61c812ae239eba9a1c63873c6f84a553c8869aeb561ae8cf50e70b3b732c16	predicate-392.ibk5.merkle	1	https://kgx.foaf.tv/id/graphfactsp00b1db41fe7aa4ae06	predicate-392.ibk5.lgi2	predicate-392.ibk5.gbi1	0027000000687474..0027000000687474	020a000000323032..020a000000323032	0
393	http://www.w3.org/1999/02/22-rdf-syntax-ns#type	predicate-393.ibk5	319	20643	615d1640f3bd507e2d30fb21398c3db020e176eeb6c540e9a921a4eb6df4e8df	predicate-393.ibk5.merkle	1	https://kgx.foaf.tv/id/graphfactsp00b1db41fe7aa4ae06	predicate-393.ibk5.lgi2	predicate-393.ibk5.gbi1	0027000000687474..0027000000687474	0033000000687474..0033000000687474	0
394	https://danbri.github.io/londat/kgx/vocab#about	predicate-394.ibk5	319	24521	b8c8cb67bf5b2b278b380744da53ef9ce7044236951c4d8ca50c6dbe9dd748f6	predicate-394.ibk5.merkle	1	https://kgx.foaf.tv/id/graphfactsp00b1db41fe7aa4ae06	predicate-394.ibk5.lgi2	predicate-394.ibk5.gbi1	0027000000687474..0027000000687474	0026000000687474..0050000000687474	0
395	https://danbri.github.io/londat/kgx/vocab#quote	predicate-395.ibk5	319	49593	fc2105c2225174fb38773bf705918bd381bf40060281e11efdd07e30ce435bf6	predicate-395.ibk5.merkle	1	https://kgx.foaf.tv/id/graphfactsp00b1db41fe7aa4ae06	predicate-395.ibk5.lgi2	predicate-395.ibk5.gbi1	0027000000687474..0027000000687474	020c00000039382e..02ae000000546865	0
396	https://danbri.github.io/londat/kgx/vocab#referenceLevel	predicate-396.ibk5	283	22688	85a69d27b56762719773ea3311541091a9d758adc53f53b65955df02fc4908ab	predicate-396.ibk5.merkle	1	https://kgx.foaf.tv/id/graphfactsp00b1db41fe7aa4ae06	predicate-396.ibk5.lgi2	predicate-396.ibk5.gbi1	0027000000687474..0027000000687474	02020000004f4427..025c00000053534c	0
397	https://schema.org/citation	predicate-397.ibk5	319	26233	7d1211a7812501263e9b3f57f81878676bce082dc14a8224514fcf1d76db38ec	predicate-397.ibk5.merkle	1	https://kgx.foaf.tv/id/graphfactsp00b1db41fe7aa4ae06	predicate-397.ibk5.lgi2	predicate-397.ibk5.gbi1	0027000000687474..0027000000687474	0020000000687474..00e4000000687474	0
398	https://schema.org/propertyID	predicate-398.ibk5	319	31915	7407df54044e2bfe7ca23b395ff7ed217a7d57a90cffe06c43d1e3c4487841dd	predicate-398.ibk5.merkle	1	https://kgx.foaf.tv/id/graphfactsp00b1db41fe7aa4ae06	predicate-398.ibk5.lgi2	predicate-398.ibk5.gbi1	0027000000687474..0027000000687474	0204000000617265..0236000000737461	0
399	https://schema.org/unitText	predicate-399.ibk5	293	19973	5af581918640eab18328afbf9da0780db95d522c4938db377dbfcf26c182fdd2	predicate-399.ibk5.merkle	1	https://kgx.foaf.tv/id/graphfactsp00b1db41fe7aa4ae06	predicate-399.ibk5.lgi2	predicate-399.ibk5.gbi1	0027000000687474..0027000000687474	02010000006d2700..02090000006b696c	0
400	https://schema.org/value	predicate-400.ibk5	319	32750	30b0ec8eeda3beb84d9f7a8408068266ee9bd9ef7b731c2541692c2295b12e31	predicate-400.ibk5.merkle	1	https://kgx.foaf.tv/id/graphfactsp00b1db41fe7aa4ae06	predicate-400.ibk5.lgi2	predicate-400.ibk5.gbi1	0027000000687474..0027000000687474	0201000000312800..0236000000616273	0
401	http://www.w3.org/2000/01/rdf-schema#comment	predicate-401.ibk5	120	11277	36d64511c15573eab7c40af0879d7b3cdc8e2b6b8742d780898701c82d320891	predicate-401.ibk5.merkle	1	https://kgx.foaf.tv/id/graphfactsp00b1db41fe7aa4ae06	predicate-401.ibk5.lgi2	predicate-401.ibk5.gbi1	0027000000687474..0027000000687474	020f000000466967..0285000000526f77	0
402	http://www.w3.org/2000/01/rdf-schema#label	predicate-402.ibk5	65	9782	7d1940e8346d075e4eed301c0bf980f3e25db34ffca5dc0cf450886bf2eaaa94	predicate-402.ibk5.merkle	1	https://kgx.foaf.tv/id/graphfactsp017001d8642416aaa0	predicate-402.ibk5.lgi2	predicate-402.ibk5.gbi1	0028000000687474..0050000000687474	020a000000446f6c..025a00000047726f	0
403	http://purl.org/dc/terms/date	predicate-403.ibk5	41	2826	cd69792f56fccd27976f1b114160a6cc86533d9fb16e3dad89b049fe58fd15e7	predicate-403.ibk5.merkle	1	https://kgx.foaf.tv/id/graphfactsp017001d8642416aaa0	predicate-403.ibk5.lgi2	predicate-403.ibk5.gbi1	0027000000687474..0027000000687474	020a000000323032..020a000000323032	0
404	http://www.w3.org/1999/02/22-rdf-syntax-ns#type	predicate-404.ibk5	41	2843	8e1504c8eb7f2649b836845c0eb7d6303b7007f6649a768c025cddcf0cff5e2f	predicate-404.ibk5.merkle	1	https://kgx.foaf.tv/id/graphfactsp017001d8642416aaa0	predicate-404.ibk5.lgi2	predicate-404.ibk5.gbi1	0027000000687474..0027000000687474	0033000000687474..0033000000687474	0
405	https://danbri.github.io/londat/kgx/vocab#about	predicate-405.ibk5	41	4126	c1437c80d0c2f2829f37a6c50a847966260f5f156f951761d8555449b2111be8	predicate-405.ibk5.merkle	1	https://kgx.foaf.tv/id/graphfactsp017001d8642416aaa0	predicate-405.ibk5.lgi2	predicate-405.ibk5.gbi1	0027000000687474..0027000000687474	0026000000687474..0050000000687474	0
406	https://danbri.github.io/londat/kgx/vocab#quote	predicate-406.ibk5	41	7055	55295e3e8f988a956f1e072aae34d316366becf5558c9c2b6a6456b52b370c96	predicate-406.ibk5.merkle	1	https://kgx.foaf.tv/id/graphfactsp017001d8642416aaa0	predicate-406.ibk5.lgi2	predicate-406.ibk5.gbi1	0027000000687474..0027000000687474	02120000007c2046..02970000004a7562	0
407	https://danbri.github.io/londat/kgx/vocab#referenceLevel	predicate-407.ibk5	40	3715	cac6efaf0658a27edc5e3e7604d93c8574792791bef6166e1de0671787158e2d	predicate-407.ibk5.merkle	1	https://kgx.foaf.tv/id/graphfactsp017001d8642416aaa0	predicate-407.ibk5.lgi2	predicate-407.ibk5.gbi1	0027000000687474..0027000000687474	020a000000686f72..023a0000004f444e	0
408	https://schema.org/citation	predicate-408.ibk5	41	4720	02415eb3e4783cd1e71c325b826b43161e5889b93d8c464631c6df9c0689997c	predicate-408.ibk5.merkle	1	https://kgx.foaf.tv/id/graphfactsp017001d8642416aaa0	predicate-408.ibk5.lgi2	predicate-408.ibk5.gbi1	0027000000687474..0027000000687474	0020000000687474..00e4000000687474	0
409	https://schema.org/propertyID	predicate-409.ibk5	41	4882	97062c748135e312dcf9d6f7bdd74fefc2ecd7559ed0151afe8b4ad3e311ad40	predicate-409.ibk5.merkle	1	https://kgx.foaf.tv/id/graphfactsp017001d8642416aaa0	predicate-409.ibk5.lgi2	predicate-409.ibk5.gbi1	0027000000687474..0027000000687474	0204000000617265..0224000000666c6f	0
410	https://schema.org/unitText	predicate-410.ibk5	39	2951	324aed85526e9aff649b727b5b87474b0dfe9f0118b65f49c1ee4b3bd84cb9bc	predicate-410.ibk5.merkle	1	https://kgx.foaf.tv/id/graphfactsp017001d8642416aaa0	predicate-410.ibk5.lgi2	predicate-410.ibk5.gbi1	0027000000687474..0027000000687474	02010000006d2700..0206000000666c6f	0
411	https://schema.org/value	predicate-411.ibk5	41	5030	067860618803e6521bffe8762eba719e934041b4eee609492dc8336e8c2accdc	predicate-411.ibk5.merkle	1	https://kgx.foaf.tv/id/graphfactsp017001d8642416aaa0	predicate-411.ibk5.lgi2	predicate-411.ibk5.gbi1	0027000000687474..0027000000687474	0201000000322800..025b0000004d6164	0
412	http://www.w3.org/2000/01/rdf-schema#comment	predicate-412.ibk5	15	1997	d9db2180a3d5c2cfaa3224ab897f9cdc0b9d2a5454b7643f05c5529896cbdfbf	predicate-412.ibk5.merkle	1	https://kgx.foaf.tv/id/graphfactsp017001d8642416aaa0	predicate-412.ibk5.lgi2	predicate-412.ibk5.gbi1	0027000000687474..0027000000687474	021c00000057696b..0285000000526f77	0
413	http://www.w3.org/1999/02/22-rdf-syntax-ns#type	predicate-413.ibk5	935	104029	d44f69b781aff6d219fa284cf0342c7e7f3bfd0898af43e241903fe369e2a7ab	predicate-413.ibk5.merkle	1	https://kgx.foaf.tv/id/graphlog6b62c71710af950f	predicate-413.ibk5.lgi2	predicate-413.ibk5.gbi1	0022000000687474..005d000000687474	0022000000687474..0033000000687474	0
414	http://www.w3.org/ns/prov#endedAtTime	predicate-414.ibk5	112	15902	d8f7c70fdc2d039b53d8aeecf310d7a2f4dceedeaca56320ed6aa3f9b2ede4f5	predicate-414.ibk5.merkle	1	https://kgx.foaf.tv/id/graphlog6b62c71710af950f	predicate-414.ibk5.lgi2	predicate-414.ibk5.gbi1	002a000000687474..002a000000687474	0218000000323032..0218000000323032	0
415	http://www.w3.org/ns/prov#generated	predicate-415.ibk5	204	21441	76a881cd4f12a800d348d25007b17afa85522987522b9e1c3d927cc2eea70faf	predicate-415.ibk5.merkle	1	https://kgx.foaf.tv/id/graphlog6b62c71710af950f	predicate-415.ibk5.lgi2	predicate-415.ibk5.gbi1	002a000000687474..002a000000687474	002f000000687474..0045000000687474	0
416	http://www.w3.org/ns/prov#startedAtTime	predicate-416.ibk5	112	15979	abd48b9d1cbbc0fca612a32e3c4106e4bc6a079f2618c9c7ea4ca9d99cb28380	predicate-416.ibk5.merkle	1	https://kgx.foaf.tv/id/graphlog6b62c71710af950f	predicate-416.ibk5.lgi2	predicate-416.ibk5.gbi1	002a000000687474..002a000000687474	0218000000323032..0218000000323032	0
417	http://www.w3.org/ns/prov#used	predicate-417.ibk5	4654	214764	ce66abf24f006db92b458f029818b172a81a4fac5ba42301a6227dbafb4729d6	predicate-417.ibk5.merkle	1	https://kgx.foaf.tv/id/graphlog6b62c71710af950f	predicate-417.ibk5.lgi2	predicate-417.ibk5.gbi1	002a000000687474..002a000000687474	002f000000687474..005d000000687474	0
418	https://danbri.github.io/londat/kgx/vocab#operation	predicate-418.ibk5	112	8509	80d034aa32710358dbf3c973e69dd0476764b46fb835885cd7397beb607ffc51	predicate-418.ibk5.merkle	1	https://kgx.foaf.tv/id/graphlog6b62c71710af950f	predicate-418.ibk5.lgi2	predicate-418.ibk5.gbi1	002a000000687474..002a000000687474	0022000000687474..002f000000687474	0
419	https://danbri.github.io/londat/kgx/vocab#operationVersion	predicate-419.ibk5	112	7826	ace20a1b8e24f11b3f799f1c21535d5af47358ca21cb4215603de9fab40bd0ba	predicate-419.ibk5.merkle	1	https://kgx.foaf.tv/id/graphlog6b62c71710af950f	predicate-419.ibk5.lgi2	predicate-419.ibk5.gbi1	002a000000687474..002a000000687474	0201000000312800..0201000000342800	0
420	https://danbri.github.io/londat/kgx/vocab#params	predicate-420.ibk5	78	30313	126f8703b530def90440a7bc530b6436b43b346c65e8a53bc42fc7947da5cd39	predicate-420.ibk5.merkle	1	https://kgx.foaf.tv/id/graphlog6b62c71710af950f	predicate-420.ibk5.lgi2	predicate-420.ibk5.gbi1	002a000000687474..002a000000687474	02020000007b7d27..02f90100007b2272	0
421	http://www.w3.org/2000/01/rdf-schema#comment	predicate-421.ibk5	19	6035	9853f6359002db9ee6dd4bbd4cd7a4a1eb5a1e751f7aa2b680a139c7a8a8c627	predicate-421.ibk5.merkle	1	https://kgx.foaf.tv/id/graphlog6b62c71710af950f	predicate-421.ibk5.lgi2	predicate-421.ibk5.gbi1	0022000000687474..002f000000687474	021301000053706c..02f900000070686f	0
422	http://www.w3.org/2000/01/rdf-schema#label	predicate-422.ibk5	823	190796	1341229abb51bfbd0278181e30ed5f150827594b6b4de460d896c693beeebdb0	predicate-422.ibk5.merkle	1	https://kgx.foaf.tv/id/graphlog6b62c71710af950f	predicate-422.ibk5.lgi2	predicate-422.ibk5.gbi1	0022000000687474..005d000000687474	020a0000006c6966..02a3000000637770	0
423	https://danbri.github.io/londat/kgx/vocab#skill	predicate-423.ibk5	18	1624	68e18e9286de1c966af2f5026b02c466ff0a2b97dc3c82c290b9414e7f2ad827	predicate-423.ibk5.merkle	1	https://kgx.foaf.tv/id/graphlog6b62c71710af950f	predicate-423.ibk5.lgi2	predicate-423.ibk5.gbi1	0022000000687474..002f000000687474	020b000000637770..0217000000646f63	0
424	https://danbri.github.io/londat/kgx/vocab#tool	predicate-424.ibk5	29	2614	c6e737503cd88c8a792af427fdf99db4cb2fc5302ba7ada6f29871acf8b6bbd7	predicate-424.ibk5.merkle	1	https://kgx.foaf.tv/id/graphlog6b62c71710af950f	predicate-424.ibk5.lgi2	predicate-424.ibk5.gbi1	0022000000687474..002f000000687474	0219000000637770..0242000000637770	0
425	https://danbri.github.io/londat/kgx/vocab#bytes	predicate-425.ibk5	805	139622	d041de9be98d341696eb96553dc63be8a393489cfe4f681f56da5c0aa8fce3cf	predicate-425.ibk5.merkle	1	https://kgx.foaf.tv/id/graphlog6b62c71710af950f	predicate-425.ibk5.lgi2	predicate-425.ibk5.gbi1	005d000000687474..005d000000687474	0203000000323436..0208000000333830	0
426	https://danbri.github.io/londat/kgx/vocab#sha256	predicate-426.ibk5	805	186162	ba2f0cef9c336a72ecd78da53cf22e5adfe14c57d4bdf883fd36b75977e11d7b	predicate-426.ibk5.merkle	1	https://kgx.foaf.tv/id/graphlog6b62c71710af950f	predicate-426.ibk5.lgi2	predicate-426.ibk5.gbi1	005d000000687474..005d000000687474	0240000000303031..0240000000666639	0
427	http://www.opengis.net/ont/geosparql#hasGeometry	predicate-427.ibk5	266	30250	88f703f56d0855f891cef13ba013ef161bb80f4a58d40973edecca89e10f0b86	predicate-427.ibk5.merkle	1	https://kgx.foaf.tv/id/graphmallmapp0041f36be62bce7f02	predicate-427.ibk5.lgi2	predicate-427.ibk5.gbi1	0024000000687474..0026000000687474	002c000000687474..002e000000687474	0
428	http://www.w3.org/1999/02/22-rdf-syntax-ns#type	predicate-428.ibk5	266	16913	a9cecd44506262f8c32235815383b52e46178e281b6341230c781d5d6105e116	predicate-428.ibk5.merkle	1	https://kgx.foaf.tv/id/graphmallmapp0041f36be62bce7f02	predicate-428.ibk5.lgi2	predicate-428.ibk5.gbi1	0024000000687474..0026000000687474	0032000000687474..0032000000687474	0
429	https://danbri.github.io/londat/kgx/vocab#floorLevel	predicate-429.ibk5	266	17223	792c4c33be25bedda1df2dbf267aa29ac89285a3884995903694bc60fca368f5	predicate-429.ibk5.merkle	1	https://kgx.foaf.tv/id/graphmallmapp0041f36be62bce7f02	predicate-429.ibk5.lgi2	predicate-429.ibk5.gbi1	0024000000687474..0026000000687474	0201000000302800..02040000002d302e	0
430	https://danbri.github.io/londat/kgx/vocab#floorName	predicate-430.ibk5	266	17261	7def32762fdf869df371ef4d814b123f7fde9bfe567af2b7f36fef280211231d	predicate-430.ibk5.merkle	1	https://kgx.foaf.tv/id/graphmallmapp0041f36be62bce7f02	predicate-430.ibk5.lgi2	predicate-430.ibk5.gbi1	0024000000687474..0026000000687474	02070000004c6576..02090000004c6576	0
431	https://danbri.github.io/londat/kgx/vocab#mall	predicate-431.ibk5	266	17450	538f3908d477aacc30d4ddca2b8261c4d18fadd5c872464f33af2454ff0298d3	predicate-431.ibk5.merkle	1	https://kgx.foaf.tv/id/graphmallmapp0041f36be62bce7f02	predicate-431.ibk5.lgi2	predicate-431.ibk5.gbi1	0024000000687474..0026000000687474	020b000000436162..021d000000546865	0
432	https://danbri.github.io/londat/kgx/vocab#unitClass	predicate-432.ibk5	266	17737	497c0b2d70a6297a25d3ec96557a0690baa063cf5f4e96778a91d6957fe2b10e	predicate-432.ibk5.merkle	1	https://kgx.foaf.tv/id/graphmallmapp0041f36be62bce7f02	predicate-432.ibk5.lgi2	predicate-432.ibk5.gbi1	0024000000687474..0026000000687474	02050000006f7468..020f0000006f7574	0
433	https://danbri.github.io/londat/kgx/vocab#unitType	predicate-433.ibk5	266	19810	2e6b9268e994eb5093ba8437c808a4790e237faa1917c2f62dce9ec6c94df64a	predicate-433.ibk5.merkle	1	https://kgx.foaf.tv/id/graphmallmapp0041f36be62bce7f02	predicate-433.ibk5.lgi2	predicate-433.ibk5.gbi1	0024000000687474..0026000000687474	020300000061746d..0210000000646570	0
434	https://schema.org/latitude	predicate-434.ibk5	266	32181	68dd5ce1d918559c1e48847b7ab17aa3d2a9166e124df3b9b4a87b6d8816d4cb	predicate-434.ibk5.merkle	1	https://kgx.foaf.tv/id/graphmallmapp0041f36be62bce7f02	predicate-434.ibk5.lgi2	predicate-434.ibk5.gbi1	0024000000687474..0026000000687474	020600000035312e..020a00000035312e	0
435	https://schema.org/longitude	predicate-435.ibk5	266	32248	6346976c9b4ef3031f4192056e6cfa5dcbb592dc0ae525fe64aacade2c29817d	predicate-435.ibk5.merkle	1	https://kgx.foaf.tv/id/graphmallmapp0041f36be62bce7f02	predicate-435.ibk5.lgi2	predicate-435.ibk5.gbi1	0024000000687474..0026000000687474	02080000002d302e..020a0000002d302e	0
436	https://schema.org/name	predicate-436.ibk5	183	21322	d061583b6dc1db981325183537d1e7fb69d36c505b4d08ed6536bb649abdd6c6	predicate-436.ibk5.merkle	1	https://kgx.foaf.tv/id/graphmallmapp0041f36be62bce7f02	predicate-436.ibk5.lgi2	predicate-436.ibk5.gbi1	0024000000687474..0026000000687474	0203000000425944..023c000000427269	0
437	https://danbri.github.io/londat/kgx/vocab#openingTimesText	predicate-437.ibk5	119	24499	42bfcae007a7f4ef112ecb980f85ff9d0b861ca1bfc69ee38911e384676b665d	predicate-437.ibk5.merkle	1	https://kgx.foaf.tv/id/graphmallmapp0041f36be62bce7f02	predicate-437.ibk5.lgi2	predicate-437.ibk5.gbi1	0024000000687474..0026000000687474	02620000006d6f6e..028a0000006d6f6e	0
438	https://schema.org/address	predicate-438.ibk5	144	16435	1608c3f737ade024c58f9244c24534e9ad00a954422b974ca3cecb725fdfe8e6	predicate-438.ibk5.merkle	1	https://kgx.foaf.tv/id/graphmallmapp0041f36be62bce7f02	predicate-438.ibk5.lgi2	predicate-438.ibk5.gbi1	0024000000687474..0026000000687474	020b000000436162..025000000043616e	0
439	https://schema.org/telephone	predicate-439.ibk5	62	7482	2f2f0770294a1cdfe3f6f9b96cc8ae9ca130514455905bae4cd984109e1a83d3	predicate-439.ibk5.merkle	1	https://kgx.foaf.tv/id/graphmallmapp0041f36be62bce7f02	predicate-439.ibk5.lgi2	predicate-439.ibk5.gbi1	0024000000687474..0026000000687474	020b000000303230..020d000000303737	0
440	https://schema.org/url	predicate-440.ibk5	106	10407	8635e11b3118e10c93a2fdd7d42baceeccd4a93b243219b1dc9bf7d5f96cf101	predicate-440.ibk5.merkle	1	https://kgx.foaf.tv/id/graphmallmapp0041f36be62bce7f02	predicate-440.ibk5.lgi2	predicate-440.ibk5.gbi1	0024000000687474..0026000000687474	0013000000687474..005b000000687474	0
441	http://www.opengis.net/ont/geosparql#hasGeometry	predicate-441.ibk5	272	31190	25f5039d394ebd53bd1812de9d36f1ecf7f227196daf9720e085f0e203aae3e1	predicate-441.ibk5.merkle	1	https://kgx.foaf.tv/id/graphmallmapp01a3f4983566df73e3	predicate-441.ibk5.lgi2	predicate-441.ibk5.gbi1	0026000000687474..0026000000687474	002e000000687474..002e000000687474	0
442	http://www.w3.org/1999/02/22-rdf-syntax-ns#type	predicate-442.ibk5	272	17364	e33f4bb54f5225eeba6386235782b721c1ffd9a43538701a61bd4b3d66c6da97	predicate-442.ibk5.merkle	1	https://kgx.foaf.tv/id/graphmallmapp01a3f4983566df73e3	predicate-442.ibk5.lgi2	predicate-442.ibk5.gbi1	0026000000687474..0026000000687474	0032000000687474..0032000000687474	0
443	https://danbri.github.io/londat/kgx/vocab#floorLevel	predicate-443.ibk5	272	17782	d75bc40a9aeade519a7307beb9f001488562648680766612fd00df531d59e2c9	predicate-443.ibk5.merkle	1	https://kgx.foaf.tv/id/graphmallmapp01a3f4983566df73e3	predicate-443.ibk5.lgi2	predicate-443.ibk5.gbi1	0026000000687474..0026000000687474	0201000000302800..02040000002d302e	0
444	https://danbri.github.io/londat/kgx/vocab#floorName	predicate-444.ibk5	272	17823	9d32c1dcdb26aaa21e480ff0ca6c578cfbcb2c25874145aa4e5097cf389a4b3f	predicate-444.ibk5.merkle	1	https://kgx.foaf.tv/id/graphmallmapp01a3f4983566df73e3	predicate-444.ibk5.lgi2	predicate-444.ibk5.gbi1	0026000000687474..0026000000687474	02070000004c6576..02090000004c6576	0
445	https://danbri.github.io/londat/kgx/vocab#mall	predicate-445.ibk5	272	17956	47849735bcc59aec7785a09ce733debb901f1ee61eacf607120ad575348a8c8d	predicate-445.ibk5.merkle	1	https://kgx.foaf.tv/id/graphmallmapp01a3f4983566df73e3	predicate-445.ibk5.lgi2	predicate-445.ibk5.gbi1	0026000000687474..0026000000687474	020b000000436162..021d000000546865	0
446	https://danbri.github.io/londat/kgx/vocab#openingTimesText	predicate-446.ibk5	109	22464	d1edc723902f7fd4e4798ce3bca6082efbc2653799e301f85c4b8d4668858a6e	predicate-446.ibk5.merkle	1	https://kgx.foaf.tv/id/graphmallmapp01a3f4983566df73e3	predicate-446.ibk5.lgi2	predicate-446.ibk5.gbi1	0026000000687474..0026000000687474	024e000000747565..028a0000006d6f6e	0
447	https://danbri.github.io/londat/kgx/vocab#unitClass	predicate-447.ibk5	272	18068	8fc5f13a4b5401efe2dc62bdb4146aaf18c3b40820cf7ebc422e0ee1028b2c69	predicate-447.ibk5.merkle	1	https://kgx.foaf.tv/id/graphmallmapp01a3f4983566df73e3	predicate-447.ibk5.lgi2	predicate-447.ibk5.gbi1	0026000000687474..0026000000687474	02050000006f7468..020e000000666f6f	0
448	https://danbri.github.io/londat/kgx/vocab#unitType	predicate-448.ibk5	272	20429	94134a1134bccc1a618d608495e50b6dc0285c5f7fe1d7de4152857166700b4f	predicate-448.ibk5.merkle	1	https://kgx.foaf.tv/id/graphmallmapp01a3f4983566df73e3	predicate-448.ibk5.lgi2	predicate-448.ibk5.gbi1	0026000000687474..0026000000687474	020300000061746d..0210000000646570	0
449	https://schema.org/address	predicate-449.ibk5	137	15665	2c4abafde4744f609bab4a78413f00b874c74a425e5f33052532ac5fdcb6de52	predicate-449.ibk5.merkle	1	https://kgx.foaf.tv/id/graphmallmapp01a3f4983566df73e3	predicate-449.ibk5.lgi2	predicate-449.ibk5.gbi1	0026000000687474..0026000000687474	02080000002d3120..0251000000436162	0
450	https://schema.org/latitude	predicate-450.ibk5	272	32151	8dd25aa4ab3395748afdc9744d85180c57cd620cbeb06a3d74a402c90e24f618	predicate-450.ibk5.merkle	1	https://kgx.foaf.tv/id/graphmallmapp01a3f4983566df73e3	predicate-450.ibk5.lgi2	predicate-450.ibk5.gbi1	0026000000687474..0026000000687474	020600000035312e..020a00000035312e	0
451	https://schema.org/longitude	predicate-451.ibk5	272	32153	9682c9a3a914ed7739e4675ddb2fed6d5c85c9709ba4bf80791aa55a50b33c06	predicate-451.ibk5.merkle	1	https://kgx.foaf.tv/id/graphmallmapp01a3f4983566df73e3	predicate-451.ibk5.lgi2	predicate-451.ibk5.gbi1	0026000000687474..0026000000687474	02080000002d302e..020a0000002d302e	0
452	https://schema.org/name	predicate-452.ibk5	168	20612	6ab150f2db8e09bc8f8c67fefd7e923a192a03cc0d7a5cd4894187ec431da654	predicate-452.ibk5.merkle	1	https://kgx.foaf.tv/id/graphmallmapp01a3f4983566df73e3	predicate-452.ibk5.lgi2	predicate-452.ibk5.gbi1	0026000000687474..0026000000687474	0203000000434f53..0232000000546f69	0
453	https://schema.org/url	predicate-453.ibk5	89	8768	9f0d61370c876f0b25cdc61f3ebd7a488c5702178d6cb7cd72636a35b3b95199	predicate-453.ibk5.merkle	1	https://kgx.foaf.tv/id/graphmallmapp01a3f4983566df73e3	predicate-453.ibk5.lgi2	predicate-453.ibk5.gbi1	0026000000687474..0026000000687474	0013000000687474..003d000000687474	0
454	https://schema.org/telephone	predicate-454.ibk5	50	6205	d92735fb6001871dec0691a0f6af3db1fb6cf6ff235c803fb37ec513f4725c00	predicate-454.ibk5.merkle	1	https://kgx.foaf.tv/id/graphmallmapp01a3f4983566df73e3	predicate-454.ibk5.lgi2	predicate-454.ibk5.gbi1	0026000000687474..0026000000687474	020b000000303230..02100000002b3434	0
455	http://www.opengis.net/ont/geosparql#hasGeometry	predicate-455.ibk5	270	30962	0af38ebb04c02d915cf441c00de8b9186a57b618d43fad02fff6a5bc6e2f7895	predicate-455.ibk5.merkle	1	https://kgx.foaf.tv/id/graphmallmapp02d2eb173d10539a11	predicate-455.ibk5.lgi2	predicate-455.ibk5.gbi1	0026000000687474..0026000000687474	002e000000687474..002e000000687474	0
456	http://www.w3.org/1999/02/22-rdf-syntax-ns#type	predicate-456.ibk5	270	17238	12a1a9a5200743f641bbdc390ee2ef7508179936da3bf648078449932372f2e9	predicate-456.ibk5.merkle	1	https://kgx.foaf.tv/id/graphmallmapp02d2eb173d10539a11	predicate-456.ibk5.lgi2	predicate-456.ibk5.gbi1	0026000000687474..0026000000687474	0032000000687474..0032000000687474	0
457	https://danbri.github.io/londat/kgx/vocab#floorLevel	predicate-457.ibk5	270	17656	8298a2fb86ba3c0838a82a2965d708a333495f541498f1dba12112a5d661839e	predicate-457.ibk5.merkle	1	https://kgx.foaf.tv/id/graphmallmapp02d2eb173d10539a11	predicate-457.ibk5.lgi2	predicate-457.ibk5.gbi1	0026000000687474..0026000000687474	0201000000302800..02040000002d302e	0
458	https://danbri.github.io/londat/kgx/vocab#floorName	predicate-458.ibk5	270	17697	846a7916eaaeb6204a992623919104fa440008409b4138d74f6ef70c5a7fb854	predicate-458.ibk5.merkle	1	https://kgx.foaf.tv/id/graphmallmapp02d2eb173d10539a11	predicate-458.ibk5.lgi2	predicate-458.ibk5.gbi1	0026000000687474..0026000000687474	02070000004c6576..02090000004c6576	0
459	https://danbri.github.io/londat/kgx/vocab#mall	predicate-459.ibk5	270	17830	49b42a42697f2e872da7acd65bbedabc2efdfb4bee4a62968602d7f1bc36243d	predicate-459.ibk5.merkle	1	https://kgx.foaf.tv/id/graphmallmapp02d2eb173d10539a11	predicate-459.ibk5.lgi2	predicate-459.ibk5.gbi1	0026000000687474..0026000000687474	020b000000436162..021d000000546865	0
460	https://danbri.github.io/londat/kgx/vocab#unitClass	predicate-460.ibk5	270	17998	f2c9cea829ce85481a9b817c59a5336efd8b3ea4ff718af03f38ebdc7a509302	predicate-460.ibk5.merkle	1	https://kgx.foaf.tv/id/graphmallmapp02d2eb173d10539a11	predicate-460.ibk5.lgi2	predicate-460.ibk5.gbi1	0026000000687474..0026000000687474	02050000006f7468..020e000000666f6f	0
461	https://danbri.github.io/londat/kgx/vocab#unitType	predicate-461.ibk5	270	20275	c689f7e4e85db869f17f36689d8eb9a67a2c28a21fbfee8d195903d098feb404	predicate-461.ibk5.merkle	1	https://kgx.foaf.tv/id/graphmallmapp02d2eb173d10539a11	predicate-461.ibk5.lgi2	predicate-461.ibk5.gbi1	0026000000687474..0026000000687474	020300000061746d..0210000000627572	0
462	https://schema.org/latitude	predicate-462.ibk5	270	32506	d6617d8a16f9524ab291809e0084dad1fa2312fe408b5e30b5e570ea5cb4784c	predicate-462.ibk5.merkle	1	https://kgx.foaf.tv/id/graphmallmapp02d2eb173d10539a11	predicate-462.ibk5.lgi2	predicate-462.ibk5.gbi1	0026000000687474..0026000000687474	020800000035312e..020a00000035312e	0
463	https://schema.org/longitude	predicate-463.ibk5	270	32386	163be2d8e62b2598bd3aef7692b81df448d8b08897872bcf4d300a7ef0a3848a	predicate-463.ibk5.merkle	1	https://kgx.foaf.tv/id/graphmallmapp02d2eb173d10539a11	predicate-463.ibk5.lgi2	predicate-463.ibk5.gbi1	0026000000687474..0026000000687474	02090000002d302e..020a0000002d302e	0
464	https://schema.org/name	predicate-464.ibk5	175	21349	0da2b1752d68506c2986fe02977f435f7fec3fd855e88ffaf269e836c6b19f9c	predicate-464.ibk5.merkle	1	https://kgx.foaf.tv/id/graphmallmapp02d2eb173d10539a11	predicate-464.ibk5.lgi2	predicate-464.ibk5.gbi1	0026000000687474..0026000000687474	0202000000454527..023c000000427269	0
465	https://schema.org/address	predicate-465.ibk5	142	16535	09416733cedefefdd739540d9c81d39529e60e4d2ccfd90615e9ba04157ed69e	predicate-465.ibk5.merkle	1	https://kgx.foaf.tv/id/graphmallmapp02d2eb173d10539a11	predicate-465.ibk5.lgi2	predicate-465.ibk5.gbi1	0026000000687474..0026000000687474	020b000000436162..0248000000416363	0
466	https://danbri.github.io/londat/kgx/vocab#openingTimesText	predicate-466.ibk5	115	22609	89ef4b10d67fe395db10288e8a5c467a27f283bc1b056f2e7799094a482c2658	predicate-466.ibk5.merkle	1	https://kgx.foaf.tv/id/graphmallmapp02d2eb173d10539a11	predicate-466.ibk5.lgi2	predicate-466.ibk5.gbi1	0026000000687474..0026000000687474	02620000006d6f6e..028a0000006d6f6e	0
467	https://schema.org/telephone	predicate-467.ibk5	57	7201	d29145e215631303905ceefbb123570eb3bbde02a6378106bd781f32e90fc912	predicate-467.ibk5.merkle	1	https://kgx.foaf.tv/id/graphmallmapp02d2eb173d10539a11	predicate-467.ibk5.lgi2	predicate-467.ibk5.gbi1	0026000000687474..0026000000687474	020b000000303230..020e000000303230	0
468	https://schema.org/url	predicate-468.ibk5	86	8530	8613a7bf45a299b6bbb69ecbe8a98e685767b760b2c2b3f248ce0fcf25138406	predicate-468.ibk5.merkle	1	https://kgx.foaf.tv/id/graphmallmapp02d2eb173d10539a11	predicate-468.ibk5.lgi2	predicate-468.ibk5.gbi1	0026000000687474..0026000000687474	0013000000687474..005b000000687474	0
469	http://www.opengis.net/ont/geosparql#hasGeometry	predicate-469.ibk5	248	28446	636907c2c5452b0c0fb3c0f71d92e67b4e864472919cf78e1a01c333835a09cf	predicate-469.ibk5.merkle	1	https://kgx.foaf.tv/id/graphmallmapp037930055519e786a3	predicate-469.ibk5.lgi2	predicate-469.ibk5.gbi1	0026000000687474..0026000000687474	002e000000687474..002e000000687474	0
470	http://www.w3.org/1999/02/22-rdf-syntax-ns#type	predicate-470.ibk5	248	15899	b416a1edf629f2d1347a6eb3c91e3932736e3a9ac3a16c200be9d4c82a7657d4	predicate-470.ibk5.merkle	1	https://kgx.foaf.tv/id/graphmallmapp037930055519e786a3	predicate-470.ibk5.lgi2	predicate-470.ibk5.gbi1	0026000000687474..0026000000687474	0032000000687474..0032000000687474	0
471	https://danbri.github.io/londat/kgx/vocab#floorLevel	predicate-471.ibk5	248	16217	b9501ca976f92c0e0a2f274a3bcde925c8b1ab239f9ef9d3e5b76abbf8f800ea	predicate-471.ibk5.merkle	1	https://kgx.foaf.tv/id/graphmallmapp037930055519e786a3	predicate-471.ibk5.lgi2	predicate-471.ibk5.gbi1	0026000000687474..0026000000687474	0201000000302800..02040000002d302e	0
472	https://danbri.github.io/londat/kgx/vocab#floorName	predicate-472.ibk5	248	16255	86c379911d170abf56d7e0caf5d4b8bc1514da10cb67a188aafb9d3cab275e8d	predicate-472.ibk5.merkle	1	https://kgx.foaf.tv/id/graphmallmapp037930055519e786a3	predicate-472.ibk5.lgi2	predicate-472.ibk5.gbi1	0026000000687474..0026000000687474	02070000004c6576..02090000004c6576	0
473	https://danbri.github.io/londat/kgx/vocab#mall	predicate-473.ibk5	248	16378	6558112c4b846938038537507599a7bc6d8a4168d26e00874bc996ea495b91e2	predicate-473.ibk5.merkle	1	https://kgx.foaf.tv/id/graphmallmapp037930055519e786a3	predicate-473.ibk5.lgi2	predicate-473.ibk5.gbi1	0026000000687474..0026000000687474	020b000000436162..021d000000546865	0
474	https://danbri.github.io/londat/kgx/vocab#openingTimesText	predicate-474.ibk5	154	28781	490e47512dd75c4dd129129bddd462351f56c04450f490cb6e4a7b87248c7635	predicate-474.ibk5.merkle	1	https://kgx.foaf.tv/id/graphmallmapp037930055519e786a3	predicate-474.ibk5.lgi2	predicate-474.ibk5.gbi1	0026000000687474..0026000000687474	021200000073756e..028a0000006d6f6e	0
475	https://danbri.github.io/londat/kgx/vocab#unitClass	predicate-475.ibk5	248	16609	8873929cf4bae5bde3d706e554fbc3574a5372f8950876abc1275040abefa98b	predicate-475.ibk5.merkle	1	https://kgx.foaf.tv/id/graphmallmapp037930055519e786a3	predicate-475.ibk5.lgi2	predicate-475.ibk5.gbi1	0026000000687474..0026000000687474	02050000006f7468..020e000000666f6f	0
476	https://danbri.github.io/londat/kgx/vocab#unitType	predicate-476.ibk5	248	18684	fc595a8925eeeec156b89d2f79915bc23b19d37711b2a02c750c7faec30c6be7	predicate-476.ibk5.merkle	1	https://kgx.foaf.tv/id/graphmallmapp037930055519e786a3	predicate-476.ibk5.lgi2	predicate-476.ibk5.gbi1	0026000000687474..0026000000687474	0203000000626172..0210000000627572	0
477	https://schema.org/address	predicate-477.ibk5	191	20406	bc0be9a510f2164dda3665bdca8ead4c9f18ff3782ce5609f231a3446a06439b	predicate-477.ibk5.merkle	1	https://kgx.foaf.tv/id/graphmallmapp037930055519e786a3	predicate-477.ibk5.lgi2	predicate-477.ibk5.gbi1	0026000000687474..0026000000687474	020d0000004a7562..025000000043616e	0
478	https://schema.org/latitude	predicate-478.ibk5	248	30508	7b8f651327d473c2abf34a81589e2e6390ca4700b281cb860a075575ce4491a1	predicate-478.ibk5.merkle	1	https://kgx.foaf.tv/id/graphmallmapp037930055519e786a3	predicate-478.ibk5.lgi2	predicate-478.ibk5.gbi1	0026000000687474..0026000000687474	020700000035312e..020a00000035312e	0
479	https://schema.org/longitude	predicate-479.ibk5	248	30444	265957198df3583e393b5a7473fd46e7bde39813354701c1bb15f3dbdbf2cc39	predicate-479.ibk5.merkle	1	https://kgx.foaf.tv/id/graphmallmapp037930055519e786a3	predicate-479.ibk5.lgi2	predicate-479.ibk5.gbi1	0026000000687474..0026000000687474	02080000002d302e..020a0000002d302e	0
480	https://schema.org/name	predicate-480.ibk5	227	25532	62fe4effaf78daa89a648eb89ac921a96260573995e36b02c8cb8360c247cb08	predicate-480.ibk5.merkle	1	https://kgx.foaf.tv/id/graphmallmapp037930055519e786a3	predicate-480.ibk5.lgi2	predicate-480.ibk5.gbi1	0026000000687474..0026000000687474	0203000000484341..0237000000427269	0
481	https://schema.org/telephone	predicate-481.ibk5	75	8769	8e6d0e2dd21c6843684aef6faf17a43435e9bf69637ca6385e0850d1dee70323	predicate-481.ibk5.merkle	1	https://kgx.foaf.tv/id/graphmallmapp037930055519e786a3	predicate-481.ibk5.lgi2	predicate-481.ibk5.gbi1	0026000000687474..0026000000687474	020b000000303230..02100000002b3434	0
482	https://schema.org/url	predicate-482.ibk5	128	12061	c13a76993d846af73544f3862708a83127c07859904fa6a95de0eeb4ffeb8722	predicate-482.ibk5.merkle	1	https://kgx.foaf.tv/id/graphmallmapp037930055519e786a3	predicate-482.ibk5.lgi2	predicate-482.ibk5.gbi1	0026000000687474..0026000000687474	0013000000687474..0055000000687474	0
483	http://www.opengis.net/ont/geosparql#hasGeometry	predicate-483.ibk5	240	27534	468bb5baa989d8242574e78951ee27233a5a667c2dd32c0949a4a4a208cc3a1d	predicate-483.ibk5.merkle	1	https://kgx.foaf.tv/id/graphmallmapp0458c73921b359fb52	predicate-483.ibk5.lgi2	predicate-483.ibk5.gbi1	0026000000687474..0026000000687474	002e000000687474..002e000000687474	0
484	http://www.w3.org/1999/02/22-rdf-syntax-ns#type	predicate-484.ibk5	240	15340	1c7cfd08826edca4f7c07ab5c036cda9e883084f6f769fa20f51e91a2e314ef2	predicate-484.ibk5.merkle	1	https://kgx.foaf.tv/id/graphmallmapp0458c73921b359fb52	predicate-484.ibk5.lgi2	predicate-484.ibk5.gbi1	0026000000687474..0026000000687474	0032000000687474..0032000000687474	0
485	https://danbri.github.io/londat/kgx/vocab#floorLevel	predicate-485.ibk5	240	15758	e9c8e902b94b344080ac3b5016cb862998611bb20cf3470fc87b60a7472e5803	predicate-485.ibk5.merkle	1	https://kgx.foaf.tv/id/graphmallmapp0458c73921b359fb52	predicate-485.ibk5.lgi2	predicate-485.ibk5.gbi1	0026000000687474..0026000000687474	0201000000302800..02040000002d302e	0
486	https://danbri.github.io/londat/kgx/vocab#floorName	predicate-486.ibk5	240	15799	e3e14daec7a5bf9287b72701079ea148911a13404f61b369f0b86eb8e5fa1989	predicate-486.ibk5.merkle	1	https://kgx.foaf.tv/id/graphmallmapp0458c73921b359fb52	predicate-486.ibk5.lgi2	predicate-486.ibk5.gbi1	0026000000687474..0026000000687474	02070000004c6576..02090000004c6576	0
487	https://danbri.github.io/londat/kgx/vocab#mall	predicate-487.ibk5	240	15932	220bb8b13f9a5c9cacd2445302d74623b3e496c45043ae40627b1869a0bc504d	predicate-487.ibk5.merkle	1	https://kgx.foaf.tv/id/graphmallmapp0458c73921b359fb52	predicate-487.ibk5.lgi2	predicate-487.ibk5.gbi1	0026000000687474..0026000000687474	020b000000436162..021d000000546865	0
488	https://danbri.github.io/londat/kgx/vocab#openingTimesText	predicate-488.ibk5	167	33893	11c4d655e02bb7e51bf5ed548d8baa48ef416e47e52844adf5948aa4939ba8f4	predicate-488.ibk5.merkle	1	https://kgx.foaf.tv/id/graphmallmapp0458c73921b359fb52	predicate-488.ibk5.lgi2	predicate-488.ibk5.gbi1	0026000000687474..0026000000687474	021200000073756e..028a0000006d6f6e	0
489	https://danbri.github.io/londat/kgx/vocab#unitClass	predicate-489.ibk5	240	15923	4fbeea4576f90ebc049024b8c603022cd79f48b5648b867f84ef701254f7c2d3	predicate-489.ibk5.merkle	1	https://kgx.foaf.tv/id/graphmallmapp0458c73921b359fb52	predicate-489.ibk5.lgi2	predicate-489.ibk5.gbi1	0026000000687474..0026000000687474	02050000006f7468..020e000000666f6f	0
490	https://danbri.github.io/londat/kgx/vocab#unitType	predicate-490.ibk5	240	17531	456dd8f2fdc7611e622c6df42b45799bdb33203c2856c904c3112025c478fff4	predicate-490.ibk5.merkle	1	https://kgx.foaf.tv/id/graphmallmapp0458c73921b359fb52	predicate-490.ibk5.lgi2	predicate-490.ibk5.gbi1	0026000000687474..0026000000687474	0203000000626172..0210000000627572	0
491	https://schema.org/address	predicate-491.ibk5	199	20712	1201f496e2c266a1f577a328be4fb23e5b7db1f2e08481bb4a41e129c7741f7a	predicate-491.ibk5.merkle	1	https://kgx.foaf.tv/id/graphmallmapp0458c73921b359fb52	predicate-491.ibk5.lgi2	predicate-491.ibk5.gbi1	0026000000687474..0026000000687474	02080000002d3120..023d0000004d616c	0
492	https://schema.org/latitude	predicate-492.ibk5	240	29230	fc6eef7933660923e8e5f25329920c46cdf1032554678fd0cea8bc92316e5aa0	predicate-492.ibk5.merkle	1	https://kgx.foaf.tv/id/graphmallmapp0458c73921b359fb52	predicate-492.ibk5.lgi2	predicate-492.ibk5.gbi1	0026000000687474..0026000000687474	020800000035312e..020a00000035312e	0
493	https://schema.org/longitude	predicate-493.ibk5	240	29238	920821bef347f13d2d49e20e08eec093cd888df5d583b1de917d6adc77cfd46d	predicate-493.ibk5.merkle	1	https://kgx.foaf.tv/id/graphmallmapp0458c73921b359fb52	predicate-493.ibk5.lgi2	predicate-493.ibk5.gbi1	0026000000687474..0026000000687474	02090000002d302e..020a0000002d302e	0
494	https://schema.org/name	predicate-494.ibk5	240	28123	a6f302feaa8c4cb934891ff52aeb85e9b4ae8c38c437caeefd8d415d4bc3dddb	predicate-494.ibk5.merkle	1	https://kgx.foaf.tv/id/graphmallmapp0458c73921b359fb52	predicate-494.ibk5.lgi2	predicate-494.ibk5.gbi1	0026000000687474..0026000000687474	0202000000454527..0237000000427269	0
495	https://schema.org/url	predicate-495.ibk5	145	14021	8b3283f9ee487b9675977d6419b5889113f900eca5f4aec52ea6bd77d70930e8	predicate-495.ibk5.merkle	1	https://kgx.foaf.tv/id/graphmallmapp0458c73921b359fb52	predicate-495.ibk5.lgi2	predicate-495.ibk5.gbi1	0026000000687474..0026000000687474	0013000000687474..0055000000687474	0
496	https://schema.org/telephone	predicate-496.ibk5	93	11448	a769d12caa52bf03137dedd4984ef5c789e9e387f0873345573a0fb936950ee4	predicate-496.ibk5.merkle	1	https://kgx.foaf.tv/id/graphmallmapp0458c73921b359fb52	predicate-496.ibk5.lgi2	predicate-496.ibk5.gbi1	0026000000687474..0026000000687474	020b000000303230..020f000000343420	0
497	http://www.opengis.net/ont/geosparql#hasGeometry	predicate-497.ibk5	119	13944	1b09efa120207025995b3f38b4ab7ac038e62a09ef97777a3902acbc1a4138e7	predicate-497.ibk5.merkle	1	https://kgx.foaf.tv/id/graphmallmapp05ac5ecffd204e0db5	predicate-497.ibk5.lgi2	predicate-497.ibk5.gbi1	0026000000687474..0027000000687474	002e000000687474..002f000000687474	0
498	http://www.w3.org/1999/02/22-rdf-syntax-ns#type	predicate-498.ibk5	922	64837	a795814cfbacb903d8e0c109d4a346c8efbdc9a5091482a65bc27fdcf0518537	predicate-498.ibk5.merkle	1	https://kgx.foaf.tv/id/graphmallmapp05ac5ecffd204e0db5	predicate-498.ibk5.lgi2	predicate-498.ibk5.gbi1	0026000000687474..002e000000687474	002d000000687474..0032000000687474	0
499	https://danbri.github.io/londat/kgx/vocab#floorLevel	predicate-499.ibk5	119	8188	6f664bf3263b70c7a66d6fbbf88d41d3d663df3ce4a8f8d32281e7284e628b1c	predicate-499.ibk5.merkle	1	https://kgx.foaf.tv/id/graphmallmapp05ac5ecffd204e0db5	predicate-499.ibk5.lgi2	predicate-499.ibk5.gbi1	0026000000687474..0027000000687474	0201000000302800..02040000002d302e	0
500	https://danbri.github.io/londat/kgx/vocab#floorName	predicate-500.ibk5	119	8226	d0324a93858e66183555ed5a554645ed3fa45cb676e2a7878f94080c6a97d4de	predicate-500.ibk5.merkle	1	https://kgx.foaf.tv/id/graphmallmapp05ac5ecffd204e0db5	predicate-500.ibk5.lgi2	predicate-500.ibk5.gbi1	0026000000687474..0027000000687474	02070000004c6576..02090000004c6576	0
501	https://danbri.github.io/londat/kgx/vocab#mall	predicate-501.ibk5	119	8271	015d0cdc13a8c90d127ca509c61360494eb0199ba6fb4645a1933f5e1e6e301f	predicate-501.ibk5.merkle	1	https://kgx.foaf.tv/id/graphmallmapp05ac5ecffd204e0db5	predicate-501.ibk5.lgi2	predicate-501.ibk5.gbi1	0026000000687474..0027000000687474	020b000000436162..0211000000576573	0
502	https://danbri.github.io/londat/kgx/vocab#unitClass	predicate-502.ibk5	119	8347	92ca6a5dd46f83551df64808d11a7c4039743ae1af1b6734675cbf25f9a85599	predicate-502.ibk5.merkle	1	https://kgx.foaf.tv/id/graphmallmapp05ac5ecffd204e0db5	predicate-502.ibk5.lgi2	predicate-502.ibk5.gbi1	0026000000687474..0027000000687474	02050000006f7468..020e000000666f6f	0
503	https://danbri.github.io/londat/kgx/vocab#unitType	predicate-503.ibk5	119	9619	d845959d34dc4dda8236bb3f48f54e7e2a144b7d5f4e2602511460e5d7464e43	predicate-503.ibk5.merkle	1	https://kgx.foaf.tv/id/graphmallmapp05ac5ecffd204e0db5	predicate-503.ibk5.lgi2	predicate-503.ibk5.gbi1	0026000000687474..0027000000687474	020300000067796d..0210000000646570	0
504	https://schema.org/latitude	predicate-504.ibk5	119	14688	4ce8849ef55181318b9e8bf63cc9b27db6734b54f961811405766ad714ea9ad5	predicate-504.ibk5.merkle	1	https://kgx.foaf.tv/id/graphmallmapp05ac5ecffd204e0db5	predicate-504.ibk5.lgi2	predicate-504.ibk5.gbi1	0026000000687474..0027000000687474	020800000035312e..020a00000035312e	0
505	https://schema.org/longitude	predicate-505.ibk5	119	14696	4542a15c181f3f91935cf5dd73245e7750202f22ccb94cae26fd3a7090179bcf	predicate-505.ibk5.merkle	1	https://kgx.foaf.tv/id/graphmallmapp05ac5ecffd204e0db5	predicate-505.ibk5.lgi2	predicate-505.ibk5.gbi1	0026000000687474..0027000000687474	02080000002d302e..020a0000002d302e	0
506	https://schema.org/name	predicate-506.ibk5	93	11386	c2dc731c292c2949db49e6785c9c85791788f3fd5daa394ce9a8815c25fafc22	predicate-506.ibk5.merkle	1	https://kgx.foaf.tv/id/graphmallmapp05ac5ecffd204e0db5	predicate-506.ibk5.lgi2	predicate-506.ibk5.gbi1	0026000000687474..0027000000687474	0203000000425944..023700000043616e	0
507	https://danbri.github.io/londat/kgx/vocab#openingTimesText	predicate-507.ibk5	66	12772	bbfb980de332f065fac742dd6d264d7ce29e8fa04fd4e127c1bc966170cd7ffb	predicate-507.ibk5.merkle	1	https://kgx.foaf.tv/id/graphmallmapp05ac5ecffd204e0db5	predicate-507.ibk5.lgi2	predicate-507.ibk5.gbi1	0026000000687474..0027000000687474	02620000006d6f6e..028a0000006d6f6e	0
508	https://schema.org/address	predicate-508.ibk5	74	8186	35e8a97b3163cb99af7304d70e39dcbd28da73f1985f4588c95ac30ceebacf5e	predicate-508.ibk5.merkle	1	https://kgx.foaf.tv/id/graphmallmapp05ac5ecffd204e0db5	predicate-508.ibk5.lgi2	predicate-508.ibk5.gbi1	0026000000687474..0027000000687474	02140000002d3120..023f0000004d616c	0
509	https://schema.org/telephone	predicate-509.ibk5	33	4115	c8f32bc23f41dfd16dbc8a06aefb0aee12fd7add4a5161c08006eb06e9dd5df3	predicate-509.ibk5.merkle	1	https://kgx.foaf.tv/id/graphmallmapp05ac5ecffd204e0db5	predicate-509.ibk5.lgi2	predicate-509.ibk5.gbi1	0026000000687474..0027000000687474	020d000000303230..020d000000303337	0
510	https://schema.org/url	predicate-510.ibk5	58	5547	f89d5a6e777e2d75fd50d88ee6d2cb276b8a3722b200fc3c4bd63c8eff88c8f3	predicate-510.ibk5.merkle	1	https://kgx.foaf.tv/id/graphmallmapp05ac5ecffd204e0db5	predicate-510.ibk5.lgi2	predicate-510.ibk5.gbi1	0026000000687474..0027000000687474	0013000000687474..0057000000687474	0
511	http://www.opengis.net/ont/geosparql#asWKT	predicate-511.ibk5	803	148483	9c62b70583f38d5cfd8b4e07ad8755cd5dfbfc894aa58cfd02acef1f22eb263c	predicate-511.ibk5.merkle	1	https://kgx.foaf.tv/id/graphmallmapp05ac5ecffd204e0db5	predicate-511.ibk5.lgi2	predicate-511.ibk5.gbi1	002c000000687474..002e000000687474	0203020000504f4c..02fd030000504f4c	0
512	http://www.opengis.net/ont/geosparql#asWKT	predicate-512.ibk5	612	400262	0e4579c2ef93df392b8c0d6afc537e5584a18b8a3de5f6f573c64438fa3398eb	predicate-512.ibk5.merkle	1	https://kgx.foaf.tv/id/graphmallmapp06d5cdd7c79dc08497	predicate-512.ibk5.lgi2	predicate-512.ibk5.gbi1	002e000000687474..002f000000687474	0200030000504f4c..02fd1a0000504f4c	0
513	http://www.w3.org/1999/02/22-rdf-syntax-ns#type	predicate-513.ibk5	612	43789	3bb9dd4fa83b637238c1344627568ad43ef45607f0786b39c8e8f56fa0443e63	predicate-513.ibk5.merkle	1	https://kgx.foaf.tv/id/graphmallmapp06d5cdd7c79dc08497	predicate-513.ibk5.lgi2	predicate-513.ibk5.gbi1	002e000000687474..002f000000687474	002d000000687474..002d000000687474	0
514	http://purl.org/dc/terms/license	predicate-514.ibk5	22	3855	57b335685729f70a5f7b79075a87cf210038e8f29048a1e8b0eade9b714f4b6f	predicate-514.ibk5.merkle	1	https://kgx.foaf.tv/id/graphmetad4f2c3554b72051c	predicate-514.ibk5.lgi2	predicate-514.ibk5.gbi1	002f000000687474..0042000000687474	0203000000434330..029c0000006a6f69	0
515	http://purl.org/dc/terms/rights	predicate-515.ibk5	5	679	2234356b1fdaade94cec311be15d6583bf8853c0dde179b4b6e1c091168c9cc6	predicate-515.ibk5.merkle	1	https://kgx.foaf.tv/id/graphmetad4f2c3554b72051c	predicate-515.ibk5.lgi2	predicate-515.ibk5.gbi1	0035000000687474..003d000000687474	0250000000c2a920..0250000000c2a920	0
516	http://purl.org/dc/terms/title	predicate-516.ibk5	22	5530	ff888ecc648bfaf5a7947e5d689f996afbdb612eef2a2709ba24979b967246fb	predicate-516.ibk5.merkle	1	https://kgx.foaf.tv/id/graphmetad4f2c3554b72051c	predicate-516.ibk5.lgi2	predicate-516.ibk5.gbi1	002f000000687474..0042000000687474	023b000000436974..02b100000043616e	0
517	http://rdfs.org/ns/void#triples	predicate-517.ibk5	71	8202	3a5d15ea1c3778887eecb71956320b60a1e3919ca678771cdb0a9e13713e8496	predicate-517.ibk5.merkle	1	https://kgx.foaf.tv/id/graphmetad4f2c3554b72051c	predicate-517.ibk5.lgi2	predicate-517.ibk5.gbi1	002f000000687474..0045000000687474	0202000000323628..0206000000313833	0
518	http://www.w3.org/1999/02/22-rdf-syntax-ns#type	predicate-518.ibk5	164	8883	55777e2f62be0a86c38a387654ac5e12dc9df546b7a77730ae853e5e015f21fa	predicate-518.ibk5.merkle	1	https://kgx.foaf.tv/id/graphmetad4f2c3554b72051c	predicate-518.ibk5.lgi2	predicate-518.ibk5.gbi1	001f000000687474..0045000000687474	001f000000687474..0033000000687474	0
519	http://www.w3.org/ns/prov#wasGeneratedBy	predicate-519.ibk5	71	7729	291668e783fe0af29da13c6fee956c7f625c1e729723c7b3c0e5687eeed52723	predicate-519.ibk5.merkle	1	https://kgx.foaf.tv/id/graphmetad4f2c3554b72051c	predicate-519.ibk5.lgi2	predicate-519.ibk5.gbi1	002f000000687474..0045000000687474	002a000000687474..002a000000687474	0
520	https://danbri.github.io/londat/kgx/vocab#file	predicate-520.ibk5	71	12445	a2073fd537a2138a0e46ce003d456cdc1cd9c17f5f629ab4f4c0e91c2840b407	predicate-520.ibk5.merkle	1	https://kgx.foaf.tv/id/graphmetad4f2c3554b72051c	predicate-520.ibk5.lgi2	predicate-520.ibk5.gbi1	002f000000687474..0045000000687474	0221000000677261..023a000000677261	0
521	https://danbri.github.io/londat/kgx/vocab#graphName	predicate-521.ibk5	71	9095	d2e598eea03f99c7907c0ac873618d693e75f17df6e5c45ee4b21dac983fae46	predicate-521.ibk5.merkle	1	https://kgx.foaf.tv/id/graphmetad4f2c3554b72051c	predicate-521.ibk5.lgi2	predicate-521.ibk5.gbi1	002f000000687474..0045000000687474	001f000000687474..0035000000687474	0
522	https://danbri.github.io/londat/kgx/vocab#rdfc10Sha256	predicate-522.ibk5	71	12464	bb526470b0cc822f7c083b3f0c0e358aa60ff09506c69dc6a198c2e45c1b570d	predicate-522.ibk5.merkle	1	https://kgx.foaf.tv/id/graphmetad4f2c3554b72051c	predicate-522.ibk5.lgi2	predicate-522.ibk5.gbi1	002f000000687474..0045000000687474	0240000000303233..0240000000666534	0
523	http://www.w3.org/2000/01/rdf-schema#label	predicate-523.ibk5	22	2949	1ec4276379bbb5ad3ff024ec92ef507f18f2b8327468d67992d84c4e700b9440	predicate-523.ibk5.merkle	1	https://kgx.foaf.tv/id/graphmetad4f2c3554b72051c	predicate-523.ibk5.lgi2	predicate-523.ibk5.gbi1	001f000000687474..0032000000687474	0203000000637767..0218000000666163	0
524	https://danbri.github.io/londat/kgx/vocab#current	predicate-524.ibk5	22	2935	7f6fbf4eebd922c23017a84354d00a3dab419455ca05c06c7ab90ca1be024025	predicate-524.ibk5.merkle	1	https://kgx.foaf.tv/id/graphmetad4f2c3554b72051c	predicate-524.ibk5.lgi2	predicate-524.ibk5.gbi1	001f000000687474..0032000000687474	002f000000687474..0042000000687474	0
525	http://purl.org/dc/terms/isPartOf	predicate-525.ibk5	49	5383	3b17836a1e4aa41a74bc5c82492653bc4c2ff75c3c6e53f3b8e701324953fec4	predicate-525.ibk5.merkle	1	https://kgx.foaf.tv/id/graphmetad4f2c3554b72051c	predicate-525.ibk5.lgi2	predicate-525.ibk5.gbi1	0032000000687474..0045000000687474	002f000000687474..0042000000687474	0
526	https://danbri.github.io/londat/kgx/vocab#part	predicate-526.ibk5	49	4476	2db0eaea643a704e5c0a27e0cd65ae20b9f99c9c75c71cd7f1a598ce03a731ce	predicate-526.ibk5.merkle	1	https://kgx.foaf.tv/id/graphmetad4f2c3554b72051c	predicate-526.ibk5.lgi2	predicate-526.ibk5.gbi1	0032000000687474..0045000000687474	0201000000302800..0201000000362800	0
527	http://www.w3.org/1999/02/22-rdf-syntax-ns#type	predicate-527.ibk5	400	32881	9be07317a14374bc9a0ed60e1166e5779fa3c95a9f2f603bb36e2ec922967bfd	predicate-527.ibk5.merkle	1	https://kgx.foaf.tv/id/graphoccupantsp005ef974c632afb3cc	predicate-527.ibk5.lgi2	predicate-527.ibk5.gbi1	0033000000687474..003b000000687474	0018000000687474..0024000000687474	0
528	https://danbri.github.io/londat/kgx/vocab#role	predicate-528.ibk5	400	35472	085e4bae78dc534a58975adebcca94d69e8111cbdf2542a5daf50a3e55caf72a	predicate-528.ibk5.merkle	1	https://kgx.foaf.tv/id/graphoccupantsp005ef974c632afb3cc	predicate-528.ibk5.lgi2	predicate-528.ibk5.gbi1	0033000000687474..003b000000687474	020400000073686f..021c000000686561	0
529	https://danbri.github.io/londat/kgx/vocab#sourceKind	predicate-529.ibk5	400	33341	0c679cf71ff65e3b35797606534e6fdc8794879ec2ef668d0fad9a0e87b94de5	predicate-529.ibk5.merkle	1	https://kgx.foaf.tv/id/graphoccupantsp005ef974c632afb3cc	predicate-529.ibk5.lgi2	predicate-529.ibk5.gbi1	0033000000687474..003b000000687474	0203000000637163..02100000006f736d	0
530	https://schema.org/brand	predicate-530.ibk5	118	14134	54f2a072d5e8bc8f7602bfbaa1ce1ba2d6558c8dae336f0d01de43895ba957c5	predicate-530.ibk5.merkle	1	https://kgx.foaf.tv/id/graphoccupantsp005ef974c632afb3cc	predicate-530.ibk5.lgi2	predicate-530.ibk5.gbi1	0034000000687474..003b000000687474	0025000000687474..0029000000687474	0
531	https://schema.org/containedInPlace	predicate-531.ibk5	400	37355	65e1635d712bacabfc49f70dde80d168b0ce61d56e4cbcb243a1ec541eca1555	predicate-531.ibk5.merkle	1	https://kgx.foaf.tv/id/graphoccupantsp005ef974c632afb3cc	predicate-531.ibk5.lgi2	predicate-531.ibk5.gbi1	0033000000687474..003b000000687474	001e000000687474..001e000000687474	0
532	https://schema.org/name	predicate-532.ibk5	398	50419	0bc34552c67f8dc1dfd2a507acbf04fd0091959de590161829168aa7dd06a206	predicate-532.ibk5.merkle	1	https://kgx.foaf.tv/id/graphoccupantsp005ef974c632afb3cc	predicate-532.ibk5.lgi2	predicate-532.ibk5.gbi1	0034000000687474..003b000000687474	0202000000425027..020c000000543420	0
533	https://schema.org/sameAs	predicate-533.ibk5	360	42670	bf760525ed7ef606711e5bc01fa06d52f2ca62a9f8ddad8fca40adfa00f83bd1	predicate-533.ibk5.merkle	1	https://kgx.foaf.tv/id/graphoccupantsp005ef974c632afb3cc	predicate-533.ibk5.lgi2	predicate-533.ibk5.gbi1	0034000000687474..003b000000687474	0027000000687474..0050000000687474	0
534	https://schema.org/servesCuisine	predicate-534.ibk5	64	7325	e70024898d1988c40b883c410fa3ac3212ce964ae45643ae12eadd6c9e945059	predicate-534.ibk5.merkle	1	https://kgx.foaf.tv/id/graphoccupantsp005ef974c632afb3cc	predicate-534.ibk5.lgi2	predicate-534.ibk5.gbi1	0036000000687474..003b000000687474	0205000000617369..021a000000636f66	0
535	https://schema.org/url	predicate-535.ibk5	97	12615	6ca1f1e94241258bd7e382a97ab4f81570995e03758d44c51f753d195ef27777	predicate-535.ibk5.merkle	1	https://kgx.foaf.tv/id/graphoccupantsp005ef974c632afb3cc	predicate-535.ibk5.lgi2	predicate-535.ibk5.gbi1	0034000000687474..003b000000687474	0011000000687474..0084000000687474	0
536	https://schema.org/openingHours	predicate-536.ibk5	59	9353	93f55ecd40c1fa4377557a2e9edb3dd6db8e2401463c6083589e5ea3afae6d42	predicate-536.ibk5.merkle	1	https://kgx.foaf.tv/id/graphoccupantsp005ef974c632afb3cc	predicate-536.ibk5.lgi2	predicate-536.ibk5.gbi1	0036000000687474..003b000000687474	020400000032342f..02540000004d6f20	0
537	https://danbri.github.io/londat/kgx/vocab#level	predicate-537.ibk5	150	13468	e600f7836f8b15a003b2c93b9484e9f38d37a81af82b98a9936b5fde4a43f7a5	predicate-537.ibk5.merkle	1	https://kgx.foaf.tv/id/graphoccupantsp005ef974c632afb3cc	predicate-537.ibk5.lgi2	predicate-537.ibk5.gbi1	0034000000687474..003b000000687474	0201000000302700..020e000000537472	0
538	https://danbri.github.io/londat/kgx/vocab#webOpeningHours	predicate-538.ibk5	26	4110	03af470b2e072867d0f3e87eb9accd9439a7605957fcd2c4851d34153423740e	predicate-538.ibk5.merkle	1	https://kgx.foaf.tv/id/graphoccupantsp005ef974c632afb3cc	predicate-538.ibk5.lgi2	predicate-538.ibk5.gbi1	0036000000687474..003b000000687474	02110000004d6f2d..02510000004d6f20	0
539	https://danbri.github.io/londat/kgx/vocab#odsCode	predicate-539.ibk5	14	2064	f0dc7a1c2f018664900e36fed30aa3fcb1e88b5612109c0cdcf0d62718183819	predicate-539.ibk5.merkle	1	https://kgx.foaf.tv/id/graphoccupantsp005ef974c632afb3cc	predicate-539.ibk5.lgi2	predicate-539.ibk5.gbi1	0035000000687474..003b000000687474	0205000000384a38..0206000000563832	0
540	https://danbri.github.io/londat/kgx/vocab#mall	predicate-540.ibk5	111	9763	a8ec51ade01bcd66d5bac49d5e88b3961587980d660e5e580be4ebbb35b16908	predicate-540.ibk5.merkle	1	https://kgx.foaf.tv/id/graphoccupantsp005ef974c632afb3cc	predicate-540.ibk5.lgi2	predicate-540.ibk5.gbi1	0034000000687474..003b000000687474	020a000000576f6f..0211000000546865	0
541	https://danbri.github.io/londat/kgx/vocab#brandName	predicate-541.ibk5	1	317	c2837a255c51a65be08533903bab9e4ef8437e16cca7974add4936e8a1186f90	predicate-541.ibk5.merkle	1	https://kgx.foaf.tv/id/graphoccupantsp005ef974c632afb3cc	predicate-541.ibk5.lgi2	predicate-541.ibk5.gbi1	0037000000687474..0037000000687474	0211000000546865..0211000000546865	0
542	https://danbri.github.io/londat/kgx/vocab#cqcLocationId	predicate-542.ibk5	4	747	29bd0157e2382c2bd9197456b1da5a7f43bbe2af50beca7237b0ea1a55e61ccb	predicate-542.ibk5.merkle	1	https://kgx.foaf.tv/id/graphoccupantsp005ef974c632afb3cc	predicate-542.ibk5.lgi2	predicate-542.ibk5.gbi1	0037000000687474..003a000000687474	020b000000312d33..020d000000312d32	0
543	http://www.w3.org/1999/02/22-rdf-syntax-ns#type	predicate-543.ibk5	430	37658	cf81cb29e33a15eb2f3b9d66a073fab53445f91c96a1bd67e8d6fafc3887a8fa	predicate-543.ibk5.merkle	1	https://kgx.foaf.tv/id/graphoccupantsp0159c1968f6bbdbf39	predicate-543.ibk5.lgi2	predicate-543.ibk5.gbi1	003b000000687474..0041000000687474	0018000000687474..0024000000687474	0
544	https://danbri.github.io/londat/kgx/vocab#cqcLocationId	predicate-544.ibk5	7	1222	d78d423becd87b51be89d5c3084f88dcb3cbd242b68de730637dd384318a34f8	predicate-544.ibk5.merkle	1	https://kgx.foaf.tv/id/graphoccupantsp0159c1968f6bbdbf39	predicate-544.ibk5.lgi2	predicate-544.ibk5.gbi1	003e000000687474..0041000000687474	020b000000312d33..020d000000312d32	0
545	https://danbri.github.io/londat/kgx/vocab#odsCode	predicate-545.ibk5	25	3673	201cce73e55e32cf5f66072e6752e98dbffc3830f5c8e6a90bc5f0b76cd54a79	predicate-545.ibk5.merkle	1	https://kgx.foaf.tv/id/graphoccupantsp0159c1968f6bbdbf39	predicate-545.ibk5.lgi2	predicate-545.ibk5.gbi1	003c000000687474..0041000000687474	0205000000384a33..0208000000454531	0
546	https://danbri.github.io/londat/kgx/vocab#role	predicate-546.ibk5	430	40769	9f0923d9c817175f4804d0c8928592b05bee711add810d93401bd47ae99d2ef1	predicate-546.ibk5.merkle	1	https://kgx.foaf.tv/id/graphoccupantsp0159c1968f6bbdbf39	predicate-546.ibk5.lgi2	predicate-546.ibk5.gbi1	003b000000687474..0041000000687474	020400000073686f..021c000000686561	0
547	https://danbri.github.io/londat/kgx/vocab#sourceKind	predicate-547.ibk5	430	38336	80f75e4839370a67e47b67e2da55fcaf00f8109c369dbee4fbfa5b157ab2707f	predicate-547.ibk5.merkle	1	https://kgx.foaf.tv/id/graphoccupantsp0159c1968f6bbdbf39	predicate-547.ibk5.lgi2	predicate-547.ibk5.gbi1	003b000000687474..0041000000687474	0203000000637163..02100000006f6673	0
548	https://schema.org/containedInPlace	predicate-548.ibk5	430	43112	b4103bf4895771f5f02ea305d892ddf23bae4eced90af5b5e2e6ddae4434afe2	predicate-548.ibk5.merkle	1	https://kgx.foaf.tv/id/graphoccupantsp0159c1968f6bbdbf39	predicate-548.ibk5.lgi2	predicate-548.ibk5.gbi1	003b000000687474..0041000000687474	001e000000687474..001e000000687474	0
549	https://schema.org/name	predicate-549.ibk5	430	59862	1c89e8c6b47856b0089fea24fad2440fa49f54146174f38b96da8b644856da2f	predicate-549.ibk5.merkle	1	https://kgx.foaf.tv/id/graphoccupantsp0159c1968f6bbdbf39	predicate-549.ibk5.lgi2	predicate-549.ibk5.gbi1	003b000000687474..0041000000687474	0209000000417474..0215000000546564	0
550	https://schema.org/openingHours	predicate-550.ibk5	42	7224	7dc90b379a9066942e179691d678dadae242126d39788f1765522442b8c2e07c	predicate-550.ibk5.merkle	1	https://kgx.foaf.tv/id/graphoccupantsp0159c1968f6bbdbf39	predicate-550.ibk5.lgi2	predicate-550.ibk5.gbi1	003b000000687474..0041000000687474	020400000032342f..02510000004d6f2d	0
551	https://schema.org/sameAs	predicate-551.ibk5	324	41838	ecc8be97669cf5749aa5421f2b1225c5363884a8b8ca72b0fdf77ceb2f4c5902	predicate-551.ibk5.merkle	1	https://kgx.foaf.tv/id/graphoccupantsp0159c1968f6bbdbf39	predicate-551.ibk5.lgi2	predicate-551.ibk5.gbi1	003b000000687474..0041000000687474	002b000000687474..004c000000687474	0
552	https://schema.org/url	predicate-552.ibk5	71	9890	2516f9839e84de60801d66c4ac8d2f1d7b85fe2d3a650e340049176367e5a1ae	predicate-552.ibk5.merkle	1	https://kgx.foaf.tv/id/graphoccupantsp0159c1968f6bbdbf39	predicate-552.ibk5.lgi2	predicate-552.ibk5.gbi1	003b000000687474..0041000000687474	0017000000687474..0073000000687474	0
553	https://danbri.github.io/londat/kgx/vocab#level	predicate-553.ibk5	134	13037	4a4c31ba975b46aa6ff4e366e2696f4891f3705857b1ee8d4a095644bfe08a9c	predicate-553.ibk5.merkle	1	https://kgx.foaf.tv/id/graphoccupantsp0159c1968f6bbdbf39	predicate-553.ibk5.lgi2	predicate-553.ibk5.gbi1	003b000000687474..0041000000687474	0201000000302700..020e000000537472	0
554	https://schema.org/brand	predicate-554.ibk5	88	10787	2f2dd35aea78d79825e2136b6098861b79561064d7b30cd41e3bd6a6edbb262f	predicate-554.ibk5.merkle	1	https://kgx.foaf.tv/id/graphoccupantsp0159c1968f6bbdbf39	predicate-554.ibk5.lgi2	predicate-554.ibk5.gbi1	003b000000687474..0041000000687474	0025000000687474..0029000000687474	0
555	https://danbri.github.io/londat/kgx/vocab#webOpeningHours	predicate-555.ibk5	22	3872	e8ce435744a9d1c59e63a7a32aadcdaa9b5abddff001cfd1e6626f58061c7c88	predicate-555.ibk5.merkle	1	https://kgx.foaf.tv/id/graphoccupantsp0159c1968f6bbdbf39	predicate-555.ibk5.lgi2	predicate-555.ibk5.gbi1	003c000000687474..003f000000687474	02110000004d6f2d..02470000004d6f2c	0
556	https://schema.org/servesCuisine	predicate-556.ibk5	43	5222	c1f0bba7577585413ff459a2983200c9762b914f9e56ea42f45406ad9fa678d0	predicate-556.ibk5.merkle	1	https://kgx.foaf.tv/id/graphoccupantsp0159c1968f6bbdbf39	predicate-556.ibk5.lgi2	predicate-556.ibk5.gbi1	003b000000687474..0041000000687474	0205000000617369..0211000000746169	0
557	https://danbri.github.io/londat/kgx/vocab#mall	predicate-557.ibk5	98	9298	e62a4bb48a0c50e9d9640142aa3c61ad67fa013f4a96d0440d07c7cd5c51b42c	predicate-557.ibk5.merkle	1	https://kgx.foaf.tv/id/graphoccupantsp0159c1968f6bbdbf39	predicate-557.ibk5.lgi2	predicate-557.ibk5.gbi1	003b000000687474..0041000000687474	020a000000576f6f..0212000000436f6c	0
558	http://www.w3.org/1999/02/22-rdf-syntax-ns#type	predicate-558.ibk5	470	44476	f527fd69ed1c25cb89eb93c93025290f5a6c7b4077b0f8b3e51ba5840d4e6c3e	predicate-558.ibk5.merkle	1	https://kgx.foaf.tv/id/graphoccupantsp02023af4a6d38aadcf	predicate-558.ibk5.lgi2	predicate-558.ibk5.gbi1	0041000000687474..004b000000687474	0018000000687474..0024000000687474	0
559	https://danbri.github.io/londat/kgx/vocab#role	predicate-559.ibk5	470	47882	292c09b4f0945fd19ad04a81b5ec7c0354dec532ffd2a9732ce50cda4ada7a11	predicate-559.ibk5.merkle	1	https://kgx.foaf.tv/id/graphoccupantsp02023af4a6d38aadcf	predicate-559.ibk5.lgi2	predicate-559.ibk5.gbi1	0041000000687474..004b000000687474	020400000073686f..021c000000686561	0
560	https://danbri.github.io/londat/kgx/vocab#sourceKind	predicate-560.ibk5	470	45060	205ab66b114c8a25f5762e78a704081e7b843a623a4c08fe9acceacbbc985d3a	predicate-560.ibk5.merkle	1	https://kgx.foaf.tv/id/graphoccupantsp02023af4a6d38aadcf	predicate-560.ibk5.lgi2	predicate-560.ibk5.gbi1	0041000000687474..004b000000687474	0203000000637163..02190000006f736d	0
561	https://schema.org/containedInPlace	predicate-561.ibk5	470	50000	82279fd081ee0ceffb44c4d4e729b5e670be6eaf9c427acc0a8ad3749f488dad	predicate-561.ibk5.merkle	1	https://kgx.foaf.tv/id/graphoccupantsp02023af4a6d38aadcf	predicate-561.ibk5.lgi2	predicate-561.ibk5.gbi1	0041000000687474..004b000000687474	001e000000687474..001e000000687474	0
562	https://schema.org/name	predicate-562.ibk5	470	75245	bd0961e94b9b8fd75fc331dfc60ddcd49d1963213224ed7afabe5304a96652f4	predicate-562.ibk5.merkle	1	https://kgx.foaf.tv/id/graphoccupantsp02023af4a6d38aadcf	predicate-562.ibk5.lgi2	predicate-562.ibk5.gbi1	0041000000687474..004b000000687474	020f000000427265..02200000004a616d	0
563	https://schema.org/sameAs	predicate-563.ibk5	237	33801	055fc3ff93773a47c775c16ceebf21952bfb1c8c2fa800b8057cad7639570cc8	predicate-563.ibk5.merkle	1	https://kgx.foaf.tv/id/graphoccupantsp02023af4a6d38aadcf	predicate-563.ibk5.lgi2	predicate-563.ibk5.gbi1	0041000000687474..004b000000687474	002b000000687474..0058000000687474	0
564	https://danbri.github.io/londat/kgx/vocab#level	predicate-564.ibk5	101	10850	1a94d3993f7f4e3ddc09f243be0c6c00f713e0e47910f412cb5deebf1c94a66f	predicate-564.ibk5.merkle	1	https://kgx.foaf.tv/id/graphoccupantsp02023af4a6d38aadcf	predicate-564.ibk5.lgi2	predicate-564.ibk5.gbi1	0041000000687474..004b000000687474	0201000000302700..020f0000004d616c	0
565	https://danbri.github.io/londat/kgx/vocab#odsCode	predicate-565.ibk5	67	9868	e752215d579fbb17c0d57e73ce0a72b9e61d9951e7a542d7c6079cc763b0be52	predicate-565.ibk5.merkle	1	https://kgx.foaf.tv/id/graphoccupantsp02023af4a6d38aadcf	predicate-565.ibk5.lgi2	predicate-565.ibk5.gbi1	0041000000687474..004b000000687474	0203000000444c46..0208000000454531	0
566	https://schema.org/brand	predicate-566.ibk5	44	5832	69c4f422baed3f2a688884cbe0a18e86690d5bf44d20917956d4f4e154586dff	predicate-566.ibk5.merkle	1	https://kgx.foaf.tv/id/graphoccupantsp02023af4a6d38aadcf	predicate-566.ibk5.lgi2	predicate-566.ibk5.gbi1	0041000000687474..004b000000687474	0025000000687474..0029000000687474	0
567	https://schema.org/url	predicate-567.ibk5	42	6304	8f2d13a7cbcc6ebe7aac3af00c6ab45dbe5fca4bf9eead3d8920671170951c60	predicate-567.ibk5.merkle	1	https://kgx.foaf.tv/id/graphoccupantsp02023af4a6d38aadcf	predicate-567.ibk5.lgi2	predicate-567.ibk5.gbi1	0041000000687474..004b000000687474	0014000000687474..0065000000687474	0
568	https://danbri.github.io/londat/kgx/vocab#webOpeningHours	predicate-568.ibk5	19	6094	be7ceeb4fd5bcd5ebba7f37f9103eb35f0676b67e52264c807a1f6c21d96af2d	predicate-568.ibk5.merkle	1	https://kgx.foaf.tv/id/graphoccupantsp02023af4a6d38aadcf	predicate-568.ibk5.lgi2	predicate-568.ibk5.gbi1	0041000000687474..004b000000687474	02110000004d6f2d..02660b00004d6f2c	0
569	https://schema.org/openingHours	predicate-569.ibk5	21	3817	80fdb800a47e7b9d806a7c041f81544b2b139ac72ac490de6d8f319f96f61eb2	predicate-569.ibk5.merkle	1	https://kgx.foaf.tv/id/graphoccupantsp02023af4a6d38aadcf	predicate-569.ibk5.lgi2	predicate-569.ibk5.gbi1	0041000000687474..004a000000687474	020400000032342f..02460000004d6f2d	0
570	https://schema.org/servesCuisine	predicate-570.ibk5	20	2783	acd2cf01c627aeaa29e926741f3c27ca3f41768f0b87f5afb1e69363d5e41af9	predicate-570.ibk5.merkle	1	https://kgx.foaf.tv/id/graphoccupantsp02023af4a6d38aadcf	predicate-570.ibk5.lgi2	predicate-570.ibk5.gbi1	0041000000687474..0047000000687474	0205000000617369..020e0000006c6562	0
571	https://danbri.github.io/londat/kgx/vocab#cqcLocationId	predicate-571.ibk5	21	3396	b471f290e8e3722650e4ab02d2a87d1906684219c06852b8ace17cd1831f08a7	predicate-571.ibk5.merkle	1	https://kgx.foaf.tv/id/graphoccupantsp02023af4a6d38aadcf	predicate-571.ibk5.lgi2	predicate-571.ibk5.gbi1	0041000000687474..004b000000687474	0205000000523148..020d000000312d32	0
572	https://danbri.github.io/londat/kgx/vocab#mall	predicate-572.ibk5	78	8049	e4cd1473b0738f89d12b52ee7f1832ff9499ce9b79db40584bfa57458139038a	predicate-572.ibk5.merkle	1	https://kgx.foaf.tv/id/graphoccupantsp02023af4a6d38aadcf	predicate-572.ibk5.lgi2	predicate-572.ibk5.gbi1	0041000000687474..004b000000687474	020a000000576f6f..0211000000546865	0
573	http://www.w3.org/1999/02/22-rdf-syntax-ns#type	predicate-573.ibk5	186	20372	f7ee4a570d03d5d3d739e845ed876d840321a09eb86f85c4212b5d1c8499e4e6	predicate-573.ibk5.merkle	1	https://kgx.foaf.tv/id/graphoccupantsp03dd93057e98da07ca	predicate-573.ibk5.lgi2	predicate-573.ibk5.gbi1	004b000000687474..0067000000687474	0018000000687474..0024000000687474	0
574	https://danbri.github.io/londat/kgx/vocab#role	predicate-574.ibk5	186	22532	31c1fdd721403aade413f75276b20f7906da29aeed15bb732386b03a0f542053	predicate-574.ibk5.merkle	1	https://kgx.foaf.tv/id/graphoccupantsp03dd93057e98da07ca	predicate-574.ibk5.lgi2	predicate-574.ibk5.gbi1	004b000000687474..0067000000687474	020400000073686f..021c000000686561	0
575	https://danbri.github.io/londat/kgx/vocab#sourceKind	predicate-575.ibk5	186	20942	6492a290bc01b36bf623e23491329102613fe4295a5b9f82af5c3c946d6ac313	predicate-575.ibk5.merkle	1	https://kgx.foaf.tv/id/graphoccupantsp03dd93057e98da07ca	predicate-575.ibk5.lgi2	predicate-575.ibk5.gbi1	004b000000687474..0067000000687474	0203000000637163..02100000006f6673	0
576	https://schema.org/brand	predicate-576.ibk5	10	1659	773a75ad0ea4909379937ca671b1fcc0be28f3b2c242716930a50ecf09f3b6aa	predicate-576.ibk5.merkle	1	https://kgx.foaf.tv/id/graphoccupantsp03dd93057e98da07ca	predicate-576.ibk5.lgi2	predicate-576.ibk5.gbi1	004b000000687474..0060000000687474	0026000000687474..0029000000687474	0
577	https://schema.org/containedInPlace	predicate-577.ibk5	186	23796	cca0e462cb2456208e40f43bea92eee2fc345f010b82d9b1fdaa4271417d844e	predicate-577.ibk5.merkle	1	https://kgx.foaf.tv/id/graphoccupantsp03dd93057e98da07ca	predicate-577.ibk5.lgi2	predicate-577.ibk5.gbi1	004b000000687474..0067000000687474	001e000000687474..001e000000687474	0
578	https://schema.org/name	predicate-578.ibk5	186	36283	7598032684b57e1780a98d0a5fd9da70e203ffa1b2a855f91f236295b92a1310	predicate-578.ibk5.merkle	1	https://kgx.foaf.tv/id/graphoccupantsp03dd93057e98da07ca	predicate-578.ibk5.lgi2	predicate-578.ibk5.gbi1	004b000000687474..0067000000687474	021b000000417374..024d000000506165	0
579	https://schema.org/openingHours	predicate-579.ibk5	9	1736	61146109710e8a337084a8c505325ababc78235c278d6093a26cbd52d7a8cf3e	predicate-579.ibk5.merkle	1	https://kgx.foaf.tv/id/graphoccupantsp03dd93057e98da07ca	predicate-579.ibk5.lgi2	predicate-579.ibk5.gbi1	004b000000687474..005c000000687474	020400000032342f..02540000004d6f2d	0
580	https://schema.org/sameAs	predicate-580.ibk5	45	7321	4ff03a81a97191bcaa6278ac002ca1e13678d88188446a3c90f536df454e5b86	predicate-580.ibk5.merkle	1	https://kgx.foaf.tv/id/graphoccupantsp03dd93057e98da07ca	predicate-580.ibk5.lgi2	predicate-580.ibk5.gbi1	004b000000687474..0060000000687474	002a000000687474..005d000000687474	0
581	https://schema.org/servesCuisine	predicate-581.ibk5	1	308	f5ed807d62ce289c7dc6ff4aef311f3e9a0d15efb47ca1c6c12c690fe9faca47	predicate-581.ibk5.merkle	1	https://kgx.foaf.tv/id/graphoccupantsp03dd93057e98da07ca	predicate-581.ibk5.lgi2	predicate-581.ibk5.gbi1	004c000000687474..004c000000687474	0206000000696e64..0206000000696e64	0
582	https://schema.org/url	predicate-582.ibk5	14	2356	e57ee091a3fc196a8c1f628f7e5e286e94701a46df78b42ef6560b62983e752e	predicate-582.ibk5.merkle	1	https://kgx.foaf.tv/id/graphoccupantsp03dd93057e98da07ca	predicate-582.ibk5.lgi2	predicate-582.ibk5.gbi1	004b000000687474..0066000000687474	0015000000687474..006e000000687474	0
583	https://danbri.github.io/londat/kgx/vocab#odsCode	predicate-583.ibk5	41	6822	b3b842f7d7427878778e29778ccb705906fffd8a929b58b18f01147d540fa079	predicate-583.ibk5.merkle	1	https://kgx.foaf.tv/id/graphoccupantsp03dd93057e98da07ca	predicate-583.ibk5.lgi2	predicate-583.ibk5.gbi1	004b000000687474..0064000000687474	0203000000373131..0208000000454531	0
584	https://danbri.github.io/londat/kgx/vocab#level	predicate-584.ibk5	12	1759	da3d274175d05ab80d944522ffdb66bbad9ae7ee02158fa6cd15f674a9027501	predicate-584.ibk5.merkle	1	https://kgx.foaf.tv/id/graphoccupantsp03dd93057e98da07ca	predicate-584.ibk5.lgi2	predicate-584.ibk5.gbi1	004b000000687474..005c000000687474	0201000000302700..020e000000537472	0
585	https://danbri.github.io/londat/kgx/vocab#mall	predicate-585.ibk5	14	1997	5b7dd82ab2e1ca5f04177d20fbe2a0df2d3b6e1df6dfb8c5fc9ceb873aaa02d5	predicate-585.ibk5.merkle	1	https://kgx.foaf.tv/id/graphoccupantsp03dd93057e98da07ca	predicate-585.ibk5.lgi2	predicate-585.ibk5.gbi1	004b000000687474..0057000000687474	020b000000436162..0212000000436f6c	0
586	https://danbri.github.io/londat/kgx/vocab#webOpeningHours	predicate-586.ibk5	3	680	d9c759c845296ffc0b48c983e7c0177ba481d0b0e93f8624f01e90ecfdd7ddb5	predicate-586.ibk5.merkle	1	https://kgx.foaf.tv/id/graphoccupantsp03dd93057e98da07ca	predicate-586.ibk5.lgi2	predicate-586.ibk5.gbi1	004c000000687474..004d000000687474	02110000004d6f2d..02110000004d6f2d	0
587	https://danbri.github.io/londat/kgx/vocab#cqcLocationId	predicate-587.ibk5	7	1361	b9c41fd478fd47cfbffb5cbdef225490921fb430c5d032ffa6ba0c5cc78ca3a8	predicate-587.ibk5.merkle	1	https://kgx.foaf.tv/id/graphoccupantsp03dd93057e98da07ca	predicate-587.ibk5.lgi2	predicate-587.ibk5.gbi1	004b000000687474..0067000000687474	0205000000525959..020d000000312d32	0
588	http://www.w3.org/1999/02/22-rdf-syntax-ns#type	predicate-588.ibk5	70	3705	52e7324c16c9edcc2c9b41c1c82ff7c7f436fa5e259543bab86f519b3593fd5b	predicate-588.ibk5.merkle	1	https://kgx.foaf.tv/id/graphphotoscwdockp003999dfbfd65d9edc	predicate-588.ibk5.lgi2	predicate-588.ibk5.gbi1	0022000000687474..002c000000687474	0018000000687474..0041000000687474	0
589	https://danbri.github.io/londat/kgx/vocab#confidence	predicate-589.ibk5	25	1864	83d356a2a44ed51cc0472426410655e6b6095d789797991460034ce448a0840f	predicate-589.ibk5.merkle	1	https://kgx.foaf.tv/id/graphphotoscwdockp003999dfbfd65d9edc	predicate-589.ibk5.lgi2	predicate-589.ibk5.gbi1	0022000000687474..0025000000687474	0205000000677565..020800000070726f	0
590	https://danbri.github.io/londat/kgx/vocab#evidence	predicate-590.ibk5	43	7912	8366bc9e323f101add21ba4452004edf0378b7c08d76d34dd8f757dff2c61032	predicate-590.ibk5.merkle	1	https://kgx.foaf.tv/id/graphphotoscwdockp003999dfbfd65d9edc	predicate-590.ibk5.lgi2	predicate-590.ibk5.gbi1	0022000000687474..0025000000687474	0219000000746865..02f900000070686f	0
591	https://danbri.github.io/londat/kgx/vocab#facadeNote	predicate-591.ibk5	26	7653	96fe98287391a18f823a902ce0861a5088de27179eb4b2bac28d8546f00870da	predicate-591.ibk5.merkle	1	https://kgx.foaf.tv/id/graphphotoscwdockp003999dfbfd65d9edc	predicate-591.ibk5.lgi2	predicate-591.ibk5.gbi1	0023000000687474..0025000000687474	0223010000706174..02fc000000706174	0
592	https://danbri.github.io/londat/kgx/vocab#facadeNoteHow	predicate-592.ibk5	13	2217	27a9577a95378ac416d250dee4d57ddd4ae1874baad8fad69e68d750143f1e2b	predicate-592.ibk5.merkle	1	https://kgx.foaf.tv/id/graphphotoscwdockp003999dfbfd65d9edc	predicate-592.ibk5.lgi2	predicate-592.ibk5.gbi1	0023000000687474..0025000000687474	02140000006a7564..028f0000006a7564	0
593	https://danbri.github.io/londat/kgx/vocab#facadePatch	predicate-593.ibk5	7	938	ec364d115ebe3bad08fa4e092ab58dac88b1e0145469c379ac4c19ef83d3e874	predicate-593.ibk5.merkle	1	https://kgx.foaf.tv/id/graphphotoscwdockp003999dfbfd65d9edc	predicate-593.ibk5.lgi2	predicate-593.ibk5.gbi1	0024000000687474..0025000000687474	002c000000687474..0035000000687474	0
594	https://danbri.github.io/londat/kgx/vocab#footprintNote	predicate-594.ibk5	7	1672	b468c70a9b4a4d14602e3f1c2f7cf4776e00c4fffb104243c5b319b451d9ebe8	predicate-594.ibk5.merkle	1	https://kgx.foaf.tv/id/graphphotoscwdockp003999dfbfd65d9edc	predicate-594.ibk5.lgi2	predicate-594.ibk5.gbi1	0023000000687474..0025000000687474	0251000000363520..028a0000006c6f6e	0
595	https://danbri.github.io/londat/kgx/vocab#modelBaseMetresOD	predicate-595.ibk5	23	2321	000b201260b394211b38b0210cef1677dffccb4405147f2d3455828a2500a748	predicate-595.ibk5.merkle	1	https://kgx.foaf.tv/id/graphphotoscwdockp003999dfbfd65d9edc	predicate-595.ibk5.lgi2	predicate-595.ibk5.gbi1	0022000000687474..0025000000687474	0201000000352800..020400000031302e	0
596	https://danbri.github.io/londat/kgx/vocab#modelBuilt	predicate-596.ibk5	24	1693	1531813c543dbea252ef143df7e3d8e47f0b7fd40d6f441961b34e976d03e515	predicate-596.ibk5.merkle	1	https://kgx.foaf.tv/id/graphphotoscwdockp003999dfbfd65d9edc	predicate-596.ibk5.lgi2	predicate-596.ibk5.gbi1	0022000000687474..0025000000687474	020a000000323032..020a000000323032	0
597	https://danbri.github.io/londat/kgx/vocab#modelHeightMetres	predicate-597.ibk5	23	2762	709f466abbbd4e244c5fb57955de55f8569ee2d73813921e06cff0ec0ba57656	predicate-597.ibk5.merkle	1	https://kgx.foaf.tv/id/graphphotoscwdockp003999dfbfd65d9edc	predicate-597.ibk5.lgi2	predicate-597.ibk5.gbi1	0022000000687474..0025000000687474	0201000000362800..0205000000323333	0
598	https://danbri.github.io/londat/kgx/vocab#modelHeightSource	predicate-598.ibk5	23	1897	d55109931549849e3ccd6f46b3769365066183f7c340801c0e8d3cc0632e99b6	predicate-598.ibk5.merkle	1	https://kgx.foaf.tv/id/graphphotoscwdockp003999dfbfd65d9edc	predicate-598.ibk5.lgi2	predicate-598.ibk5.gbi1	0022000000687474..0025000000687474	0203000000746167..02320000006c6576	0
599	https://danbri.github.io/londat/kgx/vocab#modelIndex	predicate-599.ibk5	23	2828	1c07f5eedffc397a6078b13407b2bf884c4d502ce2a020aa4c47db4d4a7b1bd8	predicate-599.ibk5.merkle	1	https://kgx.foaf.tv/id/graphphotoscwdockp003999dfbfd65d9edc	predicate-599.ibk5.lgi2	predicate-599.ibk5.gbi1	0022000000687474..0025000000687474	0202000000363928..0205000000343032	0
600	https://danbri.github.io/londat/kgx/vocab#modelTopMetresOD	predicate-600.ibk5	23	2776	93d971841825a9ba9279427d2fbcc72b61bb98e01109901ae7cd2273bef2c6b3	predicate-600.ibk5.merkle	1	https://kgx.foaf.tv/id/graphphotoscwdockp003999dfbfd65d9edc	predicate-600.ibk5.lgi2	predicate-600.ibk5.gbi1	0022000000687474..0025000000687474	0202000000323528..0205000000323434	0
601	https://danbri.github.io/londat/kgx/vocab#osmTag	predicate-601.ibk5	77	6541	600f59283d744c7f859c38f97e68d5681d19546ae0c67d6219c4a11c7a79c982	predicate-601.ibk5.merkle	1	https://kgx.foaf.tv/id/graphphotoscwdockp003999dfbfd65d9edc	predicate-601.ibk5.lgi2	predicate-601.ibk5.gbi1	0022000000687474..0025000000687474	02090000006e616d..02240000006e616d	0
602	https://schema.org/name	predicate-602.ibk5	72	11603	3497a885e0f526730a2446f47b2d9e75e995ea01793255ea89731e656942cb5e	predicate-602.ibk5.merkle	1	https://kgx.foaf.tv/id/graphphotoscwdockp003999dfbfd65d9edc	predicate-602.ibk5.lgi2	predicate-602.ibk5.gbi1	0022000000687474..0035000000687474	0209000000446f63..028e00000050616e	0
603	https://schema.org/sameAs	predicate-603.ibk5	46	4542	b8f20f8c52159d0c0e62090e80813006a4116e0c994b8cae347a2f156c7e116d	predicate-603.ibk5.merkle	1	https://kgx.foaf.tv/id/graphphotoscwdockp003999dfbfd65d9edc	predicate-603.ibk5.lgi2	predicate-603.ibk5.gbi1	0022000000687474..0034000000687474	0026000000687474..002f000000687474	0
604	https://danbri.github.io/londat/kgx/vocab#modelNote	predicate-604.ibk5	7	1801	b0dd3eb54e788a0c75d760fbc1e90a4421ed0a3ca0e96458618cb63767e82bae	predicate-604.ibk5.merkle	1	https://kgx.foaf.tv/id/graphphotoscwdockp003999dfbfd65d9edc	predicate-604.ibk5.lgi2	predicate-604.ibk5.gbi1	0022000000687474..0025000000687474	02340000006e6f20..02c0000000746865	0
605	https://danbri.github.io/londat/kgx/vocab#cameraNote	predicate-605.ibk5	20	5248	bcb6c3836652c8edcec233c166246d8a55b1c70314702a2d3f38aed862ed57df	predicate-605.ibk5.merkle	1	https://kgx.foaf.tv/id/graphphotoscwdockp003999dfbfd65d9edc	predicate-605.ibk5.lgi2	predicate-605.ibk5.gbi1	002c000000687474..002c000000687474	02320000006a7564..02d20000006a7564	0
606	https://danbri.github.io/londat/kgx/vocab#depiction	predicate-606.ibk5	95	8471	15a810197f09a92f883b35e7f404e28e1374b6f1265b45bc859180091fe4dfce	predicate-606.ibk5.merkle	1	https://kgx.foaf.tv/id/graphphotoscwdockp003999dfbfd65d9edc	predicate-606.ibk5.lgi2	predicate-606.ibk5.gbi1	002c000000687474..002c000000687474	0034000000687474..0035000000687474	0
607	https://danbri.github.io/londat/kgx/vocab#sha256	predicate-607.ibk5	20	3811	84b8390e6bfdf27a60424694351800e26b985d346bdcc5a2ad48e75395de506b	predicate-607.ibk5.merkle	1	https://kgx.foaf.tv/id/graphphotoscwdockp003999dfbfd65d9edc	predicate-607.ibk5.lgi2	predicate-607.ibk5.gbi1	002c000000687474..002c000000687474	0240000000306230..0240000000666437	0
608	https://danbri.github.io/londat/kgx/vocab#timeNote	predicate-608.ibk5	20	1792	c7ac92f8d3612dc3a25abbbd6e07ab4af762151e5407f31c3dbea0e9648d8be6	predicate-608.ibk5.merkle	1	https://kgx.foaf.tv/id/graphphotoscwdockp003999dfbfd65d9edc	predicate-608.ibk5.lgi2	predicate-608.ibk5.gbi1	002c000000687474..002c000000687474	02be00000061626f..02be00000061626f	0
609	https://schema.org/about	predicate-609.ibk5	68	3509	261fd05d7868321a38611e45b61af3ab7747decb67e1a2b4ef4272edd6b6b67a	predicate-609.ibk5.merkle	1	https://kgx.foaf.tv/id/graphphotoscwdockp003999dfbfd65d9edc	predicate-609.ibk5.lgi2	predicate-609.ibk5.gbi1	002c000000687474..002c000000687474	0022000000687474..0025000000687474	0
610	https://schema.org/contentUrl	predicate-610.ibk5	20	4030	95e9807888d6bf218c939b4146fa967391282e3d5661c34ad11b5f5cdec63b4f	predicate-610.ibk5.merkle	1	https://kgx.foaf.tv/id/graphphotoscwdockp003999dfbfd65d9edc	predicate-610.ibk5.lgi2	predicate-610.ibk5.gbi1	002c000000687474..002c000000687474	006e000000687474..0083000000687474	0
611	https://schema.org/creator	predicate-611.ibk5	20	1600	f31657c40d98084a33986448af90b6e654bac9bfc87c6aad9994e823bc174234	predicate-611.ibk5.merkle	1	https://kgx.foaf.tv/id/graphphotoscwdockp003999dfbfd65d9edc	predicate-611.ibk5.lgi2	predicate-611.ibk5.gbi1	002c000000687474..002c000000687474	021600000064616e..021600000064616e	0
612	https://schema.org/dateCreated	predicate-612.ibk5	20	1590	10040bad847538feb5e066bd8916cd26ce8185ae58cab0afe13ad9ae3a706c18	predicate-612.ibk5.merkle	1	https://kgx.foaf.tv/id/graphphotoscwdockp003999dfbfd65d9edc	predicate-612.ibk5.lgi2	predicate-612.ibk5.gbi1	002c000000687474..002c000000687474	020a000000323032..020a000000323032	0
613	https://schema.org/height	predicate-613.ibk5	20	1689	0440a8d8756bd83e233d1d82469b0d17da646e225a1fbc506017b102e6e0e75e	predicate-613.ibk5.merkle	1	https://kgx.foaf.tv/id/graphphotoscwdockp003999dfbfd65d9edc	predicate-613.ibk5.lgi2	predicate-613.ibk5.gbi1	002c000000687474..002c000000687474	0203000000353936..0204000000323537	0
614	https://schema.org/license	predicate-614.ibk5	20	1584	0b9e0c053efbdc9f60e7d3261b2c77c2c0708c6f15c332e358e0eca403466ef0	predicate-614.ibk5.merkle	1	https://kgx.foaf.tv/id/graphphotoscwdockp003999dfbfd65d9edc	predicate-614.ibk5.lgi2	predicate-614.ibk5.gbi1	002c000000687474..002c000000687474	0032000000687474..0032000000687474	0
615	https://schema.org/width	predicate-615.ibk5	20	1635	35bbf5c8bf443d569bde46775cd7d879fbeae33ebc283fe5b34bb2085d5b5fea	predicate-615.ibk5.merkle	1	https://kgx.foaf.tv/id/graphphotoscwdockp003999dfbfd65d9edc	predicate-615.ibk5.lgi2	predicate-615.ibk5.gbi1	002c000000687474..002c000000687474	0204000000313933..0204000000323537	0
616	https://danbri.github.io/londat/kgx/vocab#role	predicate-616.ibk5	95	10555	d05d9c05b5ab2a7cc3e6fa1a3493f188ff782547980256e641cbcd5ef84404ca	predicate-616.ibk5.merkle	1	https://kgx.foaf.tv/id/graphphotoscwdockp003999dfbfd65d9edc	predicate-616.ibk5.lgi2	predicate-616.ibk5.gbi1	0034000000687474..0035000000687474	02040000006c6566..023b000000626568	0
617	https://danbri.github.io/londat/kgx/vocab#thing	predicate-617.ibk5	68	6428	7d77fe31e0123506f2f48bcdbda52bcf8ae87adde1a1ce324167556e7ed33cfc	predicate-617.ibk5.merkle	1	https://kgx.foaf.tv/id/graphphotoscwdockp003999dfbfd65d9edc	predicate-617.ibk5.lgi2	predicate-617.ibk5.gbi1	0034000000687474..0034000000687474	0022000000687474..0025000000687474	0
618	http://www.w3.org/1999/02/22-rdf-syntax-ns#type	predicate-618.ibk5	18	1147	55b4c6ddc88de9ee4e35cb22bda08d274a4ac6586b62fa9f8987f056c0fd233d	predicate-618.ibk5.merkle	1	https://kgx.foaf.tv/id/graphphotoscwlibraryp0019f38d3e7559e168	predicate-618.ibk5.lgi2	predicate-618.ibk5.gbi1	0023000000687474..002c000000687474	0018000000687474..0041000000687474	0
619	https://danbri.github.io/londat/kgx/vocab#confidence	predicate-619.ibk5	7	716	835c4067711a7426fa3a83f39a75da7691c263c97777473a7677c134a5ca21c3	predicate-619.ibk5.merkle	1	https://kgx.foaf.tv/id/graphphotoscwlibraryp0019f38d3e7559e168	predicate-619.ibk5.lgi2	predicate-619.ibk5.gbi1	0023000000687474..0025000000687474	0207000000636572..020800000070726f	0
620	https://danbri.github.io/londat/kgx/vocab#evidence	predicate-620.ibk5	18	3159	f1fb1c8418d55ae8f313c55d5ced1e9ca7efbb2643f2f0b03647f7ef03ca4d05	predicate-620.ibk5.merkle	1	https://kgx.foaf.tv/id/graphphotoscwlibraryp0019f38d3e7559e168	predicate-620.ibk5.lgi2	predicate-620.ibk5.gbi1	0023000000687474..0025000000687474	0219000000746865..02ad000000746865	0
621	https://danbri.github.io/londat/kgx/vocab#facadeNote	predicate-621.ibk5	21	4896	6430215da69bc34c896312f489058dda275ac2f6c907f897827b93d6cb9362c8	predicate-621.ibk5.merkle	1	https://kgx.foaf.tv/id/graphphotoscwlibraryp0019f38d3e7559e168	predicate-621.ibk5.lgi2	predicate-621.ibk5.gbi1	0023000000687474..0025000000687474	021700000073616d..02f4000000766572	0
622	https://danbri.github.io/londat/kgx/vocab#facadeNoteHow	predicate-622.ibk5	7	1274	f4af36c73caf1e9eba35f7fa89cf110a9b0ac430d33b13908b1830da90d7d884	predicate-622.ibk5.merkle	1	https://kgx.foaf.tv/id/graphphotoscwlibraryp0019f38d3e7559e168	predicate-622.ibk5.lgi2	predicate-622.ibk5.gbi1	0023000000687474..0025000000687474	02130000006a7564..02580000006a7564	0
623	https://danbri.github.io/londat/kgx/vocab#facadePatch	predicate-623.ibk5	5	742	8d54d6682f5879fe4e0209072824a7f4c9837fe372688d28a360aac6ee3e277e	predicate-623.ibk5.merkle	1	https://kgx.foaf.tv/id/graphphotoscwlibraryp0019f38d3e7559e168	predicate-623.ibk5.lgi2	predicate-623.ibk5.gbi1	0023000000687474..0025000000687474	0035000000687474..0039000000687474	0
624	https://danbri.github.io/londat/kgx/vocab#modelBaseMetresOD	predicate-624.ibk5	5	699	2f4710bcb7e6539a04bce16ee44ca53a0f63279f62ee6fa41d69a21cdc7ddbff	predicate-624.ibk5.merkle	1	https://kgx.foaf.tv/id/graphphotoscwlibraryp0019f38d3e7559e168	predicate-624.ibk5.lgi2	predicate-624.ibk5.gbi1	0023000000687474..0025000000687474	0201000000352800..0203000000352e37	0
625	https://danbri.github.io/londat/kgx/vocab#modelBuilt	predicate-625.ibk5	6	599	c834f465aa7620470e408ab844050ce30689518aff7282f5ddf4bfb861a4e1d8	predicate-625.ibk5.merkle	1	https://kgx.foaf.tv/id/graphphotoscwlibraryp0019f38d3e7559e168	predicate-625.ibk5.lgi2	predicate-625.ibk5.gbi1	0023000000687474..0025000000687474	020a000000323032..020a000000323032	0
626	https://danbri.github.io/londat/kgx/vocab#modelHeightMetres	predicate-626.ibk5	5	702	7ab04361fcd8e0a5e240d29ad221201d964a6435c738c0e626226aceb1b9ba15	predicate-626.ibk5.merkle	1	https://kgx.foaf.tv/id/graphphotoscwlibraryp0019f38d3e7559e168	predicate-626.ibk5.lgi2	predicate-626.ibk5.gbi1	0023000000687474..0025000000687474	0202000000323028..020400000038322e	0
627	https://danbri.github.io/londat/kgx/vocab#modelHeightSource	predicate-627.ibk5	5	775	4ccfc7f9adfb50cdfb1b249fe55eb98f254717d6076baff77e8e03f225d8b52e	predicate-627.ibk5.merkle	1	https://kgx.foaf.tv/id/graphphotoscwlibraryp0019f38d3e7559e168	predicate-627.ibk5.lgi2	predicate-627.ibk5.gbi1	0023000000687474..0025000000687474	02050000006c6964..02440000006c6964	0
628	https://danbri.github.io/londat/kgx/vocab#modelIndex	predicate-628.ibk5	5	751	b552d3cea2851168f08e8e1e76d2445d1ea5404f6ea5bb3553daf9d0e54a2b3a	predicate-628.ibk5.merkle	1	https://kgx.foaf.tv/id/graphphotoscwlibraryp0019f38d3e7559e168	predicate-628.ibk5.lgi2	predicate-628.ibk5.gbi1	0023000000687474..0025000000687474	0203000000373639..0205000000333632	0
629	https://danbri.github.io/londat/kgx/vocab#modelTopMetresOD	predicate-629.ibk5	5	703	d69eb4ad1e0b8ddb55b15489a3b2262f29afd40a6638b4f38c9161c2caba8a03	predicate-629.ibk5.merkle	1	https://kgx.foaf.tv/id/graphphotoscwlibraryp0019f38d3e7559e168	predicate-629.ibk5.lgi2	predicate-629.ibk5.gbi1	0023000000687474..0025000000687474	0202000000323528..0205000000313131	0
630	https://danbri.github.io/londat/kgx/vocab#osmTag	predicate-630.ibk5	14	1337	3785563525f868d91bdb9b8ef956a82d1a536736e5fbc38fd350bfccde148a25	predicate-630.ibk5.merkle	1	https://kgx.foaf.tv/id/graphphotoscwlibraryp0019f38d3e7559e168	predicate-630.ibk5.lgi2	predicate-630.ibk5.gbi1	0023000000687474..0025000000687474	02110000006e616d..021d000000616464	0
631	https://danbri.github.io/londat/kgx/vocab#publishedNote	predicate-631.ibk5	1	494	d3d4282257e337782c5a2c8f89b831995532876fde89b9f4765740abba222a4f	predicate-631.ibk5.merkle	1	https://kgx.foaf.tv/id/graphphotoscwlibraryp0019f38d3e7559e168	predicate-631.ibk5.lgi2	predicate-631.ibk5.gbi1	0025000000687474..0025000000687474	02ca00000033352d..02ca00000033352d	0
632	https://schema.org/name	predicate-632.ibk5	18	2908	a5aebe08ad49a0d94ca831b32833ee53f0afff6d684555d21e8ce7d7e0cd3dc4	predicate-632.ibk5.merkle	1	https://kgx.foaf.tv/id/graphphotoscwlibraryp0019f38d3e7559e168	predicate-632.ibk5.lgi2	predicate-632.ibk5.gbi1	0023000000687474..0034000000687474	020b000000616e20..025f000000627269	0
633	https://schema.org/sameAs	predicate-633.ibk5	12	1357	8feca0f46a09b38098c02bd8111b318a6bf304dade50f25fa26c70db9dc54149	predicate-633.ibk5.merkle	1	https://kgx.foaf.tv/id/graphphotoscwlibraryp0019f38d3e7559e168	predicate-633.ibk5.lgi2	predicate-633.ibk5.gbi1	0023000000687474..0034000000687474	0026000000687474..002f000000687474	0
634	https://danbri.github.io/londat/kgx/vocab#footprintNote	predicate-634.ibk5	2	675	83de1b15f925f4f58308322362f599e5b5b57c54082254168abf9a22f9510af5	predicate-634.ibk5.merkle	1	https://kgx.foaf.tv/id/graphphotoscwlibraryp0019f38d3e7559e168	predicate-634.ibk5.lgi2	predicate-634.ibk5.gbi1	0024000000687474..0024000000687474	025d0000006e6561..02b50000006c6f6e	0
635	https://danbri.github.io/londat/kgx/vocab#modelNote	predicate-635.ibk5	1	382	0b3e2ce8a2fef79bf855859ae7a946d8765010226d5a0e8cc639b993571e0ad0	predicate-635.ibk5.merkle	1	https://kgx.foaf.tv/id/graphphotoscwlibraryp0019f38d3e7559e168	predicate-635.ibk5.lgi2	predicate-635.ibk5.gbi1	0023000000687474..0023000000687474	02600000006e6f20..02600000006e6f20	0
636	https://danbri.github.io/londat/kgx/vocab#cameraNote	predicate-636.ibk5	4	970	f8dd08be065a397efb09930420530ef1027537ce0c9e546727ed2d7503f4aef2	predicate-636.ibk5.merkle	1	https://kgx.foaf.tv/id/graphphotoscwlibraryp0019f38d3e7559e168	predicate-636.ibk5.lgi2	predicate-636.ibk5.gbi1	002c000000687474..002c000000687474	02370000006a7564..02710000006a7564	0
637	https://danbri.github.io/londat/kgx/vocab#depiction	predicate-637.ibk5	15	1528	3b4667b50af96a2277faf7f957287caf929216aa8853c9a0056dbcce31266699	predicate-637.ibk5.merkle	1	https://kgx.foaf.tv/id/graphphotoscwlibraryp0019f38d3e7559e168	predicate-637.ibk5.lgi2	predicate-637.ibk5.gbi1	002c000000687474..002c000000687474	0034000000687474..0034000000687474	0
638	https://danbri.github.io/londat/kgx/vocab#sha256	predicate-638.ibk5	4	902	eeae6290e1698d9236d91d529b672e7edd569f7fb33fb82c2307ed8e2380877a	predicate-638.ibk5.merkle	1	https://kgx.foaf.tv/id/graphphotoscwlibraryp0019f38d3e7559e168	predicate-638.ibk5.lgi2	predicate-638.ibk5.gbi1	002c000000687474..002c000000687474	0240000000336166..0240000000666132	0
639	https://danbri.github.io/londat/kgx/vocab#timeNote	predicate-639.ibk5	4	574	68b7e70a6bc0a5a24d353c7be6709fe8376e8ab304ae2e12eee92d154c457ec4	predicate-639.ibk5.merkle	1	https://kgx.foaf.tv/id/graphphotoscwlibraryp0019f38d3e7559e168	predicate-639.ibk5.lgi2	predicate-639.ibk5.gbi1	002c000000687474..002c000000687474	024900000061626f..024900000061626f	0
640	https://schema.org/about	predicate-640.ibk5	8	791	d735241044368a0163296ab641afe9597adc92d5ca70d73bf9b7d978dcb80b63	predicate-640.ibk5.merkle	1	https://kgx.foaf.tv/id/graphphotoscwlibraryp0019f38d3e7559e168	predicate-640.ibk5.lgi2	predicate-640.ibk5.gbi1	002c000000687474..002c000000687474	0023000000687474..0025000000687474	0
641	https://schema.org/contentUrl	predicate-641.ibk5	4	930	8019109c2c94a1598f691d661b5751e4579352de92f46764eee9f88e0dc29eca	predicate-641.ibk5.merkle	1	https://kgx.foaf.tv/id/graphphotoscwlibraryp0019f38d3e7559e168	predicate-641.ibk5.lgi2	predicate-641.ibk5.gbi1	002c000000687474..002c000000687474	0072000000687474..007c000000687474	0
642	https://schema.org/creator	predicate-642.ibk5	4	499	bd79f60ac7d6454c461c3eee53eaf1f9df2bb85e07717fa98bbf0ac7bd5380ba	predicate-642.ibk5.merkle	1	https://kgx.foaf.tv/id/graphphotoscwlibraryp0019f38d3e7559e168	predicate-642.ibk5.lgi2	predicate-642.ibk5.gbi1	002c000000687474..002c000000687474	021600000064616e..021600000064616e	0
643	https://schema.org/dateCreated	predicate-643.ibk5	4	489	5c5e00c22a879e34f00961528af35e5acad0568cfd4e361fc4592a049a492fd0	predicate-643.ibk5.merkle	1	https://kgx.foaf.tv/id/graphphotoscwlibraryp0019f38d3e7559e168	predicate-643.ibk5.lgi2	predicate-643.ibk5.gbi1	002c000000687474..002c000000687474	020a000000323032..020a000000323032	0
644	https://schema.org/height	predicate-644.ibk5	4	535	651d289025e712583c08ef79ff9690c6bb85f7129a78571ae2241a77a5db8289	predicate-644.ibk5.merkle	1	https://kgx.foaf.tv/id/graphphotoscwlibraryp0019f38d3e7559e168	predicate-644.ibk5.lgi2	predicate-644.ibk5.gbi1	002c000000687474..002c000000687474	0204000000313933..0204000000323537	0
645	https://schema.org/license	predicate-645.ibk5	4	483	75a8f84cd21e4f7ca414deadbc4df65cf932a2924489db164d1352ad396f20a2	predicate-645.ibk5.merkle	1	https://kgx.foaf.tv/id/graphphotoscwlibraryp0019f38d3e7559e168	predicate-645.ibk5.lgi2	predicate-645.ibk5.gbi1	002c000000687474..002c000000687474	0032000000687474..0032000000687474	0
646	https://schema.org/width	predicate-646.ibk5	4	534	bae94468f6f192da0a77c2a1680dd6911f19b32dda3a7190a80d72deed0e91fe	predicate-646.ibk5.merkle	1	https://kgx.foaf.tv/id/graphphotoscwlibraryp0019f38d3e7559e168	predicate-646.ibk5.lgi2	predicate-646.ibk5.gbi1	002c000000687474..002c000000687474	0204000000313933..0204000000323537	0
647	https://danbri.github.io/londat/kgx/vocab#role	predicate-647.ibk5	15	1939	8ed5e93c6f8e2fab32a2fe031e2b8c062f1029f61c7c15da98dc04f4670e901c	predicate-647.ibk5.merkle	1	https://kgx.foaf.tv/id/graphphotoscwlibraryp0019f38d3e7559e168	predicate-647.ibk5.lgi2	predicate-647.ibk5.gbi1	0034000000687474..0034000000687474	0203000000736b79..023b000000626163	0
648	https://danbri.github.io/londat/kgx/vocab#thing	predicate-648.ibk5	8	1074	ff32076d0ee152cf5d5903332f64958b1f30735b9245407308dc333bc6bdb610	predicate-648.ibk5.merkle	1	https://kgx.foaf.tv/id/graphphotoscwlibraryp0019f38d3e7559e168	predicate-648.ibk5.lgi2	predicate-648.ibk5.gbi1	0034000000687474..0034000000687474	0023000000687474..0025000000687474	0
649	http://purl.org/dc/terms/description	predicate-649.ibk5	340	82276	b23db209281306c9a814731fff8b25e23e94e2c6775149818315ab2b6b8d910b	predicate-649.ibk5.merkle	1	https://kgx.foaf.tv/id/graphpipelinep0049072e88ac28ee10	predicate-649.ibk5.lgi2	predicate-649.ibk5.gbi1	001d000000687474..0026000000687474	020101000072756e..02fc000000526561	0
650	http://purl.org/dc/terms/license	predicate-650.ibk5	282	24247	dbf57676a172771ebabcc3a04e0fe53953b26c129e416f73e20c0354cbc86753	predicate-650.ibk5.merkle	1	https://kgx.foaf.tv/id/graphpipelinep0049072e88ac28ee10	predicate-650.ibk5.lgi2	predicate-650.ibk5.gbi1	001d000000687474..0026000000687474	0207000000434330..02ff000000736974	0
651	http://purl.org/dc/terms/title	predicate-651.ibk5	282	57881	a4d1e9bab8db33c7b0d73875ad3ae9a5fa19b6d730840f88ccd3f53c6f4d9d7f	predicate-651.ibk5.merkle	1	https://kgx.foaf.tv/id/graphpipelinep0049072e88ac28ee10	predicate-651.ibk5.lgi2	predicate-651.ibk5.gbi1	001d000000687474..0026000000687474	020a010000707562..02a70000004c6f6e	0
652	http://www.w3.org/1999/02/22-rdf-syntax-ns#type	predicate-652.ibk5	593	24374	b7ab973e8a2383d2211bbee62aab29150d7daeba17c481f6d089a0b912c42c60	predicate-652.ibk5.merkle	1	https://kgx.foaf.tv/id/graphpipelinep0049072e88ac28ee10	predicate-652.ibk5.lgi2	predicate-652.ibk5.gbi1	001d000000687474..0026000000687474	0020000000687474..0022000000687474	0
653	http://www.w3.org/ns/dcat#accessURL	predicate-653.ibk5	285	49260	b0de2eb28e0d16affbcbaef9c7853383c92b89dc4f26e7597b71a75296339390	predicate-653.ibk5.merkle	1	https://kgx.foaf.tv/id/graphpipelinep0049072e88ac28ee10	predicate-653.ibk5.lgi2	predicate-653.ibk5.gbi1	001d000000687474..0026000000687474	021500000074776f..02f0000000687474	0
654	http://www.w3.org/ns/dcat#landingPage	predicate-654.ibk5	264	48660	0609c91cc6105f21c34f117afc61c452052494c3db80e513da908a82284280f9	predicate-654.ibk5.merkle	1	https://kgx.foaf.tv/id/graphpipelinep0049072e88ac28ee10	predicate-654.ibk5.lgi2	predicate-654.ibk5.gbi1	001d000000687474..0026000000687474	0215000000687474..0277000000687474	0
655	https://danbri.github.io/glitchcan-minigam/magpie/cwplans/data-register.json#vocab/attribution	predicate-655.ibk5	241	27362	feb5110be4646fbc279b504a77d10276efbfe77ade6b4084dee240a6b1ec8d97	predicate-655.ibk5.merkle	1	https://kgx.foaf.tv/id/graphpipelinep0049072e88ac28ee10	predicate-655.ibk5.lgi2	predicate-655.ibk5.gbi1	001d000000687474..0026000000687474	0214000000536f75..02eb000000436f6e	0
656	http://www.w3.org/2000/01/rdf-schema#label	predicate-656.ibk5	29	3674	1831b291aa12bd41b107477f05c1ad118ac6d17c5889ae2462eecff3e1bb9397	predicate-656.ibk5.merkle	1	https://kgx.foaf.tv/id/graphpipelinep0049072e88ac28ee10	predicate-656.ibk5.lgi2	predicate-656.ibk5.gbi1	0022000000687474..0025000000687474	020800000066696e..0230000000506978	0
657	http://www.w3.org/ns/prov#generated	predicate-657.ibk5	95	10909	7f8a361818974791473df61cc9ee990953bdbd23a57d7ce5bc905a092b313972	predicate-657.ibk5.merkle	1	https://kgx.foaf.tv/id/graphpipelinep0049072e88ac28ee10	predicate-657.ibk5.lgi2	predicate-657.ibk5.gbi1	0022000000687474..0025000000687474	0026000000687474..008e000000687474	0
658	http://www.w3.org/ns/prov#used	predicate-658.ibk5	183	15609	5af5d76c358de2fb6a2a371fde4d8ac87435958c8c4e887cb69a6b14c8b4b87b	predicate-658.ibk5.merkle	1	https://kgx.foaf.tv/id/graphpipelinep0049072e88ac28ee10	predicate-658.ibk5.lgi2	predicate-658.ibk5.gbi1	0022000000687474..0025000000687474	001d000000687474..0098000000687474	0
659	https://danbri.github.io/glitchcan-minigam/magpie/cwplans/data-register.json#vocab/after	predicate-659.ibk5	50	3473	d5bab2f77b63caf6ea3d2fd7322cc868c3c3e178fe3b8af8d6d0d1a01e7abafe	predicate-659.ibk5.merkle	1	https://kgx.foaf.tv/id/graphpipelinep0049072e88ac28ee10	predicate-659.ibk5.lgi2	predicate-659.ibk5.gbi1	0022000000687474..0025000000687474	0022000000687474..0031000000687474	0
660	https://danbri.github.io/glitchcan-minigam/magpie/cwplans/data-register.json#vocab/area	predicate-660.ibk5	29	2742	aaa341cc6153637809c797a8d8d02db85a4bb68c723c947e51afb97e669a9d81	predicate-660.ibk5.merkle	1	https://kgx.foaf.tv/id/graphpipelinep0049072e88ac28ee10	predicate-660.ibk5.lgi2	predicate-660.ibk5.gbi1	0022000000687474..0025000000687474	0203000000637767..020a000000737472	0
661	https://danbri.github.io/glitchcan-minigam/magpie/cwplans/data-register.json#vocab/command	predicate-661.ibk5	28	5625	1b9869e57644f51070f92f9f6a2391fb41c478992f1e497647d61bc556eff58c	predicate-661.ibk5.merkle	1	https://kgx.foaf.tv/id/graphpipelinep0049072e88ac28ee10	predicate-661.ibk5.lgi2	predicate-661.ibk5.gbi1	0022000000687474..0025000000687474	021f000000626173..02dd0000004e4f44	0
662	https://danbri.github.io/glitchcan-minigam/magpie/cwplans/data-register.json#vocab/deterministic	predicate-662.ibk5	28	2028	a9ce595f404b520c54d897908dc9f18fd1562c10de2b04b6ccb2103a7f84e671	predicate-662.ibk5.merkle	1	https://kgx.foaf.tv/id/graphpipelinep0049072e88ac28ee10	predicate-662.ibk5.lgi2	predicate-662.ibk5.gbi1	0022000000687474..0025000000687474	0204000000747275..020500000066616c	0
663	https://danbri.github.io/glitchcan-minigam/magpie/cwplans/data-register.json#vocab/fault	predicate-663.ibk5	12	1254	ebcf6b3e690eeb81b82dd76fd69437a9a3724a4c9e41f442bc316f8cf230691e	predicate-663.ibk5.merkle	1	https://kgx.foaf.tv/id/graphpipelinep0049072e88ac28ee10	predicate-663.ibk5.lgi2	predicate-663.ibk5.gbi1	0022000000687474..0025000000687474	0202000000463527..0203000000463330	0
664	https://danbri.github.io/glitchcan-minigam/magpie/cwplans/data-register.json#vocab/judgement	predicate-664.ibk5	12	4593	975eeb598cc86f1404c20bba8872d8ffc33d38a86d4308cee4a1d60437003c32	predicate-664.ibk5.merkle	1	https://kgx.foaf.tv/id/graphpipelinep0049072e88ac28ee10	predicate-664.ibk5.lgi2	predicate-664.ibk5.gbi1	0022000000687474..0025000000687474	0216010000536f75..02be000000546865	0
665	https://danbri.github.io/glitchcan-minigam/magpie/cwplans/data-register.json#vocab/kind	predicate-665.ibk5	29	2407	d61cf3e10f4e1bc1241115edef5f828d4c902e71bd5126108442bf2506eeede9	predicate-665.ibk5.merkle	1	https://kgx.foaf.tv/id/graphpipelinep0049072e88ac28ee10	predicate-665.ibk5.lgi2	predicate-665.ibk5.gbi1	0022000000687474..0025000000687474	0204000000636c69..0209000000747261	0
666	https://danbri.github.io/glitchcan-minigam/magpie/cwplans/data-register.json#vocab/network	predicate-666.ibk5	28	2022	a617146d0b0829d9af6d551a178d555f2822381d8a8433de18a58515f0b00a04	predicate-666.ibk5.merkle	1	https://kgx.foaf.tv/id/graphpipelinep0049072e88ac28ee10	predicate-666.ibk5.lgi2	predicate-666.ibk5.gbi1	0022000000687474..0025000000687474	0204000000747275..020500000066616c	0
667	https://danbri.github.io/glitchcan-minigam/magpie/cwplans/data-register.json#vocab/rule	predicate-667.ibk5	161	42148	8545787cba7af70477c08aea89f19f993a975f233167994fba5d54bc09b7db9f	predicate-667.ibk5.merkle	1	https://kgx.foaf.tv/id/graphpipelinep0049072e88ac28ee10	predicate-667.ibk5.lgi2	predicate-667.ibk5.gbi1	0022000000687474..0025000000687474	0201010000436f6e..02fd010000546964	0
668	https://danbri.github.io/glitchcan-minigam/magpie/cwplans/data-register.json#vocab/tool	predicate-668.ibk5	28	4053	d296e5bf0aa149f61e9a09644b82c1d576b5e1a28528d6ecf2ff614b2a4b30f3	predicate-668.ibk5.merkle	1	https://kgx.foaf.tv/id/graphpipelinep0049072e88ac28ee10	predicate-668.ibk5.lgi2	predicate-668.ibk5.gbi1	0022000000687474..0025000000687474	0045000000687474..005e000000687474	0
669	https://danbri.github.io/glitchcan-minigam/magpie/cwplans/data-register.json#vocab/by	predicate-669.ibk5	1	319	bdc7cdadca43ac6807bcb01d28051dea3a998288f3ad7bdf8b49e73da9438d2f	predicate-669.ibk5.merkle	1	https://kgx.foaf.tv/id/graphpipelinep0049072e88ac28ee10	predicate-669.ibk5.lgi2	predicate-669.ibk5.gbi1	0025000000687474..0025000000687474	020400000068616e..020400000068616e	0
670	https://danbri.github.io/glitchcan-minigam/magpie/cwplans/data-register.json#vocab/date	predicate-670.ibk5	1	327	47d9c7ba6845773f663f0a044622509b672dee468c88ab443e4586cb63a83e62	predicate-670.ibk5.merkle	1	https://kgx.foaf.tv/id/graphpipelinep0049072e88ac28ee10	predicate-670.ibk5.lgi2	predicate-670.ibk5.gbi1	0025000000687474..0025000000687474	020a000000323032..020a000000323032	0
671	https://danbri.github.io/glitchcan-minigam/magpie/cwplans/data-register.json#vocab/decisionsRecordedIn	predicate-671.ibk5	2	459	6a2991cbd28f42a615655c5a3dd094aea75f7f1eb9e8b2ba5f9696a2996be58c	predicate-671.ibk5.merkle	1	https://kgx.foaf.tv/id/graphpipelinep0049072e88ac28ee10	predicate-671.ibk5.lgi2	predicate-671.ibk5.gbi1	0025000000687474..0025000000687474	0219000000646f63..0221000000646f63	0
672	https://danbri.github.io/glitchcan-minigam/magpie/cwplans/data-register.json#vocab/gap	predicate-672.ibk5	1	381	fe4699bf47dd898111fc4b9a046d3d5c5af52b688ca22b0c6c97b0378ef6cd99	predicate-672.ibk5.merkle	1	https://kgx.foaf.tv/id/graphpipelinep0049072e88ac28ee10	predicate-672.ibk5.lgi2	predicate-672.ibk5.gbi1	0025000000687474..0025000000687474	0241000000546865..0241000000546865	0
673	http://purl.org/dc/terms/license	predicate-673.ibk5	66	9962	ef57519006639967d0382293b6d59a457112fdf0791e07c9ccdee22034b90f1b	predicate-673.ibk5.merkle	1	https://kgx.foaf.tv/id/graphpipelinep017c49a1800847ef28	predicate-673.ibk5.lgi2	predicate-673.ibk5.gbi1	0026000000687474..002d000000687474	0207000000434330..02cf000000706572	0
674	http://purl.org/dc/terms/title	predicate-674.ibk5	66	14645	20d004c94f527313ada56944ef362637799bf9c144da377d703b04d200e9e28c	predicate-674.ibk5.merkle	1	https://kgx.foaf.tv/id/graphpipelinep017c49a1800847ef28	predicate-674.ibk5.lgi2	predicate-674.ibk5.gbi1	0026000000687474..002d000000687474	02170000004f5320..02e000000076656e	0
675	http://www.w3.org/1999/02/22-rdf-syntax-ns#type	predicate-675.ibk5	215	11436	c873289a257856d6539ca8b0a6d0fa3d16bb0f0a589e7e6feab0c1e4986c7c19	predicate-675.ibk5.merkle	1	https://kgx.foaf.tv/id/graphpipelinep017c49a1800847ef28	predicate-675.ibk5.lgi2	predicate-675.ibk5.gbi1	0026000000687474..002d000000687474	0020000000687474..0022000000687474	0
676	http://www.w3.org/ns/dcat#landingPage	predicate-676.ibk5	54	9517	826210c4420d0b6def8c758b769901592c82700164caa7dded7ebff3b1ca7a02	predicate-676.ibk5.merkle	1	https://kgx.foaf.tv/id/graphpipelinep017c49a1800847ef28	predicate-676.ibk5.lgi2	predicate-676.ibk5.gbi1	0026000000687474..002d000000687474	0216000000687474..02c3000000687474	0
677	https://danbri.github.io/glitchcan-minigam/magpie/cwplans/data-register.json#vocab/attribution	predicate-677.ibk5	37	6632	02f653dac0620105cbce45912e09d156ab4d81abbbe8b0e1e40d912c863b084f	predicate-677.ibk5.merkle	1	https://kgx.foaf.tv/id/graphpipelinep017c49a1800847ef28	predicate-677.ibk5.lgi2	predicate-677.ibk5.gbi1	0026000000687474..002d000000687474	0218000000506f77..02af000000436f6e	0
678	http://purl.org/dc/terms/description	predicate-678.ibk5	151	45830	e26681be138d728151e0daba346c409b2f8f0c42db2517883c040fd71435add1	predicate-678.ibk5.merkle	1	https://kgx.foaf.tv/id/graphpipelinep017c49a1800847ef28	predicate-678.ibk5.lgi2	predicate-678.ibk5.gbi1	0026000000687474..002d000000687474	0200010000446f77..02fe0000004c6f61	0
679	http://www.w3.org/ns/dcat#accessURL	predicate-679.ibk5	67	13639	d7c6c93a8fe3dc5f4b973b093f0b9581e622d92dff36d6dfab6ef68928467465	predicate-679.ibk5.merkle	1	https://kgx.foaf.tv/id/graphpipelinep017c49a1800847ef28	predicate-679.ibk5.lgi2	predicate-679.ibk5.gbi1	0026000000687474..002d000000687474	021f000000687474..02f8000000687474	0
680	http://www.w3.org/2000/01/rdf-schema#label	predicate-680.ibk5	83	11337	5f7ade71ab25d55e7a9120e24f35168193a360321643588592ecaf1b7a482c6c	predicate-680.ibk5.merkle	1	https://kgx.foaf.tv/id/graphpipelinep017c49a1800847ef28	predicate-680.ibk5.lgi2	predicate-680.ibk5.gbi1	0026000000687474..002d000000687474	020c000000627569..02480000004f7065	0
681	http://www.w3.org/ns/prov#used	predicate-681.ibk5	645	46664	47013e62a9b416fffe6594e94257f8ff5a338456e8485c3ab23ad6d960c85b02	predicate-681.ibk5.merkle	1	https://kgx.foaf.tv/id/graphpipelinep017c49a1800847ef28	predicate-681.ibk5.lgi2	predicate-681.ibk5.gbi1	0026000000687474..002d000000687474	001d000000687474..0075000000687474	0
682	https://danbri.github.io/glitchcan-minigam/magpie/cwplans/data-register.json#vocab/after	predicate-682.ibk5	114	6129	70587beabf9273b6c32c36d5f655a14de7803c4d28d6ca1eb62094434cef8a69	predicate-682.ibk5.merkle	1	https://kgx.foaf.tv/id/graphpipelinep017c49a1800847ef28	predicate-682.ibk5.lgi2	predicate-682.ibk5.gbi1	0026000000687474..002d000000687474	0023000000687474..0031000000687474	0
683	https://danbri.github.io/glitchcan-minigam/magpie/cwplans/data-register.json#vocab/area	predicate-683.ibk5	83	6720	09f816f7b69329fc753faeaf57df7c824b4e8a9c31bbff2240084ea772fd0747	predicate-683.ibk5.merkle	1	https://kgx.foaf.tv/id/graphpipelinep017c49a1800847ef28	predicate-683.ibk5.lgi2	predicate-683.ibk5.gbi1	0026000000687474..002d000000687474	0203000000736b79..020b000000756e64	0
684	https://danbri.github.io/glitchcan-minigam/magpie/cwplans/data-register.json#vocab/command	predicate-684.ibk5	72	13397	a57b8ae5c0e5c0d7289607f4f999fa3cc0ea6f885f5fa1cf835c189bae3b1e7e	predicate-684.ibk5.merkle	1	https://kgx.foaf.tv/id/graphpipelinep017c49a1800847ef28	predicate-684.ibk5.lgi2	predicate-684.ibk5.gbi1	0026000000687474..002d000000687474	02230000006e6f64..02c90000006e6f64	0
685	https://danbri.github.io/glitchcan-minigam/magpie/cwplans/data-register.json#vocab/deterministic	predicate-685.ibk5	72	5039	a822e4510a2d0c6fc61a2681c9f2501d35840c7fefb8ab856b570222ab5b9948	predicate-685.ibk5.merkle	1	https://kgx.foaf.tv/id/graphpipelinep017c49a1800847ef28	predicate-685.ibk5.lgi2	predicate-685.ibk5.gbi1	0026000000687474..002d000000687474	0204000000747275..020500000066616c	0
686	https://danbri.github.io/glitchcan-minigam/magpie/cwplans/data-register.json#vocab/kind	predicate-686.ibk5	83	6243	18885cf2adc9d11fdafebc7f36d645fe41aeb55f5050d7be73ec6c751007112d	predicate-686.ibk5.merkle	1	https://kgx.foaf.tv/id/graphpipelinep017c49a1800847ef28	predicate-686.ibk5.lgi2	predicate-686.ibk5.gbi1	0026000000687474..002d000000687474	0204000000636c69..020600000072656e	0
687	https://danbri.github.io/glitchcan-minigam/magpie/cwplans/data-register.json#vocab/network	predicate-687.ibk5	72	5033	c1872e40a8f0cfd63063fef32eb34ab5d52de61cdeb0cdd522aa94a7038a875b	predicate-687.ibk5.merkle	1	https://kgx.foaf.tv/id/graphpipelinep017c49a1800847ef28	predicate-687.ibk5.lgi2	predicate-687.ibk5.gbi1	0026000000687474..002d000000687474	0204000000747275..020500000066616c	0
688	https://danbri.github.io/glitchcan-minigam/magpie/cwplans/data-register.json#vocab/rule	predicate-688.ibk5	412	95447	42721ad2fc6308a1165b2ef36fd9457d29b7799188a697aa5b34785c8591b311	predicate-688.ibk5.merkle	1	https://kgx.foaf.tv/id/graphpipelinep017c49a1800847ef28	predicate-688.ibk5.lgi2	predicate-688.ibk5.gbi1	0026000000687474..002d000000687474	0203010000656475..02fd0000004b6579	0
689	https://danbri.github.io/glitchcan-minigam/magpie/cwplans/data-register.json#vocab/tool	predicate-689.ibk5	72	10420	a95c8b39ce2c61c96c3270617bce998c690bf0a0c025a382fbf988be2f29ad10	predicate-689.ibk5.merkle	1	https://kgx.foaf.tv/id/graphpipelinep017c49a1800847ef28	predicate-689.ibk5.lgi2	predicate-689.ibk5.gbi1	0026000000687474..002d000000687474	0046000000687474..0068000000687474	0
690	http://www.w3.org/ns/prov#generated	predicate-690.ibk5	519	77665	dcf30d9e3debb37afdd6c78650a88209f89038ea5417e41c4d63976df2594873	predicate-690.ibk5.merkle	1	https://kgx.foaf.tv/id/graphpipelinep017c49a1800847ef28	predicate-690.ibk5.lgi2	predicate-690.ibk5.gbi1	0026000000687474..002d000000687474	001d000000687474..00ce000000687474	0
691	https://danbri.github.io/glitchcan-minigam/magpie/cwplans/data-register.json#vocab/fault	predicate-691.ibk5	63	3917	741a3a358977b6b80d1c46abe7efd194056d4793a92944c52e2c58ac197c98a8	predicate-691.ibk5.merkle	1	https://kgx.foaf.tv/id/graphpipelinep017c49a1800847ef28	predicate-691.ibk5.lgi2	predicate-691.ibk5.gbi1	0026000000687474..002b000000687474	0202000000463127..0203000000463435	0
692	https://danbri.github.io/glitchcan-minigam/magpie/cwplans/data-register.json#vocab/judgement	predicate-692.ibk5	22	7040	3f495c333d6ba2265c724af7eaba13da303fabf5310717a93ee387e9fdc8b870	predicate-692.ibk5.merkle	1	https://kgx.foaf.tv/id/graphpipelinep017c49a1800847ef28	predicate-692.ibk5.lgi2	predicate-692.ibk5.gbi1	0026000000687474..002b000000687474	021a010000546865..02cd010000546865	0
693	https://danbri.github.io/glitchcan-minigam/magpie/cwplans/data-register.json#vocab/by	predicate-693.ibk5	11	1630	6620ccede1e9d015145469eb07fbee55c8327fc863ff5cec96d17b057fa9f267	predicate-693.ibk5.merkle	1	https://kgx.foaf.tv/id/graphpipelinep017c49a1800847ef28	predicate-693.ibk5.lgi2	predicate-693.ibk5.gbi1	0026000000687474..002c000000687474	020400000068616e..026500000068616e	0
694	https://danbri.github.io/glitchcan-minigam/magpie/cwplans/data-register.json#vocab/date	predicate-694.ibk5	11	1173	0b2ef1a3c3e08146fde7bf34c9e1adf88adb9b3f8ae39719fc1da49e8193f9cc	predicate-694.ibk5.merkle	1	https://kgx.foaf.tv/id/graphpipelinep017c49a1800847ef28	predicate-694.ibk5.lgi2	predicate-694.ibk5.gbi1	0026000000687474..002c000000687474	020a000000323032..020d000000323032	0
695	https://danbri.github.io/glitchcan-minigam/magpie/cwplans/data-register.json#vocab/decisionsRecordedIn	predicate-695.ibk5	20	2775	80b17c5322e18ada7f7763c533d6e2695f454dad2eaefe6bac77d8686f226e55	predicate-695.ibk5.merkle	1	https://kgx.foaf.tv/id/graphpipelinep017c49a1800847ef28	predicate-695.ibk5.lgi2	predicate-695.ibk5.gbi1	0027000000687474..002c000000687474	020d000000706970..024a000000666565	0
696	https://danbri.github.io/glitchcan-minigam/magpie/cwplans/data-register.json#vocab/gap	predicate-696.ibk5	3	869	78105bc630c12585c5fb01c1027b5977735bd106f593ce7eb1e494e70cec9e4d	predicate-696.ibk5.merkle	1	https://kgx.foaf.tv/id/graphpipelinep017c49a1800847ef28	predicate-696.ibk5.lgi2	predicate-696.ibk5.gbi1	0029000000687474..002c000000687474	024f000000546865..028b000000546865	0
697	https://danbri.github.io/londat/kgx/vocab#contentAtBuild	predicate-697.ibk5	206	40682	2b5f91f46f6cb60294854079af5f760bf60e2c2ee7b26a3cb39dfc1b9ae6929d	predicate-697.ibk5.merkle	1	https://kgx.foaf.tv/id/graphpipelinep02dc83930bde12e4d8	predicate-697.ibk5.lgi2	predicate-697.ibk5.gbi1	003b000000687474..0051000000687474	005d000000687474..005d000000687474	0
698	http://purl.org/dc/terms/title	predicate-698.ibk5	279	69600	3f3cbcd00d6b39d1a8d5b111da3f89812e46d69703a9366c0ce7ffbd13be73a2	predicate-698.ibk5.merkle	1	https://kgx.foaf.tv/id/graphpipelinep02dc83930bde12e4d8	predicate-698.ibk5.lgi2	predicate-698.ibk5.gbi1	002f000000687474..0051000000687474	0204010000636f64..02f600000038312c	0
699	http://www.w3.org/1999/02/22-rdf-syntax-ns#type	predicate-699.ibk5	577	31922	61ad828560c93a32d91e8ac1dc03da5eb5d273c27eacd325a5aa205f0bbd3203	predicate-699.ibk5.merkle	1	https://kgx.foaf.tv/id/graphpipelinep02dc83930bde12e4d8	predicate-699.ibk5.lgi2	predicate-699.ibk5.gbi1	002d000000687474..0051000000687474	0020000000687474..0026000000687474	0
700	http://www.w3.org/ns/prov#wasDerivedFrom	predicate-700.ibk5	501	32129	33e1cfaed11aeb0755a676e1cf1fc87f531cd508897390acd63d836accef1fad	predicate-700.ibk5.merkle	1	https://kgx.foaf.tv/id/graphpipelinep02dc83930bde12e4d8	predicate-700.ibk5.lgi2	predicate-700.ibk5.gbi1	003b000000687474..0051000000687474	001d000000687474..0058000000687474	0
701	http://www.w3.org/ns/prov#wasGeneratedBy	predicate-701.ibk5	87	10670	3afe07ecf8a4815e3bae1e7bce06931d5a32e29cc992125f220875dee1234ed9	predicate-701.ibk5.merkle	1	https://kgx.foaf.tv/id/graphpipelinep02dc83930bde12e4d8	predicate-701.ibk5.lgi2	predicate-701.ibk5.gbi1	003d000000687474..0051000000687474	0022000000687474..0031000000687474	0
702	https://danbri.github.io/glitchcan-minigam/magpie/cwplans/data-register.json#vocab/osmUse	predicate-702.ibk5	141	14473	eb5e79c7d2828eecc97896500e2e2ec9d17ae43271ded3d3aed76e57e5525c04	predicate-702.ibk5.merkle	1	https://kgx.foaf.tv/id/graphpipelinep02dc83930bde12e4d8	predicate-702.ibk5.lgi2	predicate-702.ibk5.gbi1	003b000000687474..0051000000687474	0203000000696473..0207000000646572	0
703	https://danbri.github.io/glitchcan-minigam/magpie/cwplans/data-register.json#vocab/review	predicate-703.ibk5	19	6294	d6dd37eddc86f8c1b1a4992cb107c6d7a8e6e5aec9acd9220f58adde0da3e863	predicate-703.ibk5.merkle	1	https://kgx.foaf.tv/id/graphpipelinep02dc83930bde12e4d8	predicate-703.ibk5.lgi2	predicate-703.ibk5.gbi1	0044000000687474..0051000000687474	0217000000617320..02df010000414953	0
704	https://danbri.github.io/glitchcan-minigam/magpie/cwplans/data-register.json#vocab/pathPattern	predicate-704.ibk5	46	6814	b736dae65bb8fbc8c0fdb14c002f7b5fc91ecab42f70f47fc38dc7682254bdeb	predicate-704.ibk5.merkle	1	https://kgx.foaf.tv/id/graphpipelinep02dc83930bde12e4d8	predicate-704.ibk5.lgi2	predicate-704.ibk5.gbi1	0030000000687474..0030000000687474	02080000003c696e..027f000000646174	0
705	http://purl.org/dc/terms/license	predicate-705.ibk5	138	12067	a9c2d4bbda320ea0c9501ab3e64fa92cd82d19fce2056d6c3dfc6d8002b9ba6d	predicate-705.ibk5.merkle	1	https://kgx.foaf.tv/id/graphpipelinep02dc83930bde12e4d8	predicate-705.ibk5.lgi2	predicate-705.ibk5.gbi1	002f000000687474..004f000000687474	02080000004f474c..02a70000004f474c	0
706	http://www.w3.org/ns/dcat#landingPage	predicate-706.ibk5	137	19668	4b989041a541854ec8f34b375930a95be04785a6e29381d4da6756cc35fe6c07	predicate-706.ibk5.merkle	1	https://kgx.foaf.tv/id/graphpipelinep02dc83930bde12e4d8	predicate-706.ibk5.lgi2	predicate-706.ibk5.gbi1	002f000000687474..004f000000687474	0214000000687474..027f000000687474	0
707	https://danbri.github.io/glitchcan-minigam/magpie/cwplans/data-register.json#vocab/attribution	predicate-707.ibk5	135	13230	c5a6bd43151ceae34ade817d4ae9e0a7b7b9af63eb29a64de6a81411e758b196	predicate-707.ibk5.merkle	1	https://kgx.foaf.tv/id/graphpipelinep02dc83930bde12e4d8	predicate-707.ibk5.lgi2	predicate-707.ibk5.gbi1	002f000000687474..004f000000687474	021e000000436f6e..0293000000536f75	0
708	http://purl.org/dc/terms/description	predicate-708.ibk5	155	30746	29daef14c42c075cb605cccde12628a89b83441d94c2bf9fa6c64d5fa32f3c9a	predicate-708.ibk5.merkle	1	https://kgx.foaf.tv/id/graphpipelinep02dc83930bde12e4d8	predicate-708.ibk5.lgi2	predicate-708.ibk5.gbi1	002d000000687474..004f000000687474	021502000057616c..02f30000006f6e65	0
709	http://www.w3.org/ns/dcat#accessURL	predicate-709.ibk5	135	25183	2368b0d3bf1871a923226b99e1a272e6ace59915593476a7c2fb50ca6de878f7	predicate-709.ibk5.merkle	1	https://kgx.foaf.tv/id/graphpipelinep02dc83930bde12e4d8	predicate-709.ibk5.lgi2	predicate-709.ibk5.gbi1	002f000000687474..004f000000687474	020c010000687474..02f8000000687474	0
710	http://www.w3.org/2000/01/rdf-schema#label	predicate-710.ibk5	19	2958	c258172a8ada3112f68b186a090e08eaf87ebb9eb88041605b53352d79556fa3	predicate-710.ibk5.merkle	1	https://kgx.foaf.tv/id/graphpipelinep02dc83930bde12e4d8	predicate-710.ibk5.lgi2	predicate-710.ibk5.gbi1	002d000000687474..0033000000687474	0214000000666163..023e00000043726f	0
711	http://www.w3.org/ns/prov#generated	predicate-711.ibk5	81	11066	d497f85ac0e077b63064da33207b9ec913051bc2d3c4e9a3ad7569e5047384f6	predicate-711.ibk5.merkle	1	https://kgx.foaf.tv/id/graphpipelinep02dc83930bde12e4d8	predicate-711.ibk5.lgi2	predicate-711.ibk5.gbi1	002d000000687474..0033000000687474	001d000000687474..009b000000687474	0
712	http://www.w3.org/ns/prov#used	predicate-712.ibk5	114	9491	1e994dfaf0cc2083b72cc7e4c505fb35b334e32b0aa8f7dd45e9bba1e04182c0	predicate-712.ibk5.merkle	1	https://kgx.foaf.tv/id/graphpipelinep02dc83930bde12e4d8	predicate-712.ibk5.lgi2	predicate-712.ibk5.gbi1	002d000000687474..0033000000687474	001d000000687474..0079000000687474	0
713	https://danbri.github.io/glitchcan-minigam/magpie/cwplans/data-register.json#vocab/after	predicate-713.ibk5	12	1302	22bc8e74236cb022c12d983eaed52580122f46fab8de48a7013d583ef321ab2c	predicate-713.ibk5.merkle	1	https://kgx.foaf.tv/id/graphpipelinep02dc83930bde12e4d8	predicate-713.ibk5.lgi2	predicate-713.ibk5.gbi1	002e000000687474..0031000000687474	0024000000687474..002f000000687474	0
714	https://danbri.github.io/glitchcan-minigam/magpie/cwplans/data-register.json#vocab/area	predicate-714.ibk5	19	2377	86d0806c764d85463ce21d49c238b638ba557a012caa78726a06eb783d6a84cb	predicate-714.ibk5.merkle	1	https://kgx.foaf.tv/id/graphpipelinep02dc83930bde12e4d8	predicate-714.ibk5.lgi2	predicate-714.ibk5.gbi1	002d000000687474..0033000000687474	0205000000666565..020c000000636f6e	0
715	https://danbri.github.io/glitchcan-minigam/magpie/cwplans/data-register.json#vocab/command	predicate-715.ibk5	16	3770	2e1b1011b2f61b80a049be4793a9e952223d3498f0b781edce8a2dbda89966ff	predicate-715.ibk5.merkle	1	https://kgx.foaf.tv/id/graphpipelinep02dc83930bde12e4d8	predicate-715.ibk5.lgi2	predicate-715.ibk5.gbi1	002d000000687474..0033000000687474	022c0000006e6f64..02e00100004e4f44	0
716	https://danbri.github.io/glitchcan-minigam/magpie/cwplans/data-register.json#vocab/deterministic	predicate-716.ibk5	16	1482	f3b1906f9a09134e61adf8b46e356430c5fa5155b82923b86256a80e33f51fd7	predicate-716.ibk5.merkle	1	https://kgx.foaf.tv/id/graphpipelinep02dc83930bde12e4d8	predicate-716.ibk5.lgi2	predicate-716.ibk5.gbi1	002d000000687474..0033000000687474	0204000000747275..020500000066616c	0
717	https://danbri.github.io/glitchcan-minigam/magpie/cwplans/data-register.json#vocab/kind	predicate-717.ibk5	19	1851	d5c0a48d100a96e81dac4836fcd2d7034e256197769ca1516766c0ee2897f40d	predicate-717.ibk5.merkle	1	https://kgx.foaf.tv/id/graphpipelinep02dc83930bde12e4d8	predicate-717.ibk5.lgi2	predicate-717.ibk5.gbi1	002d000000687474..0033000000687474	020400000068616e..0206000000657870	0
718	https://danbri.github.io/glitchcan-minigam/magpie/cwplans/data-register.json#vocab/network	predicate-718.ibk5	16	1476	e87c0fea3bc357b8913c6d4b8d34d7c00b5038c992e3cccd4c4bc34248625f6c	predicate-718.ibk5.merkle	1	https://kgx.foaf.tv/id/graphpipelinep02dc83930bde12e4d8	predicate-718.ibk5.lgi2	predicate-718.ibk5.gbi1	002d000000687474..0033000000687474	0204000000747275..020500000066616c	0
719	https://danbri.github.io/glitchcan-minigam/magpie/cwplans/data-register.json#vocab/rule	predicate-719.ibk5	88	25237	01b11e5cbd4407420d7786ae92690011ea1eb6b5a3235a3bd72ebc8d78f1dff1	predicate-719.ibk5.merkle	1	https://kgx.foaf.tv/id/graphpipelinep02dc83930bde12e4d8	predicate-719.ibk5.lgi2	predicate-719.ibk5.gbi1	002d000000687474..0033000000687474	0208010000466f6f..02fc000000436f6d	0
720	https://danbri.github.io/glitchcan-minigam/magpie/cwplans/data-register.json#vocab/tool	predicate-720.ibk5	16	2492	5c9cc0838620fcde33dca35e15c5c25b5e91bf4784bb3ea2dbe6ac0dea023dd1	predicate-720.ibk5.merkle	1	https://kgx.foaf.tv/id/graphpipelinep02dc83930bde12e4d8	predicate-720.ibk5.lgi2	predicate-720.ibk5.gbi1	002d000000687474..0033000000687474	0048000000687474..005c000000687474	0
721	https://danbri.github.io/glitchcan-minigam/magpie/cwplans/data-register.json#vocab/fault	predicate-721.ibk5	12	1124	f53bf2e73344bd19d4d172f3f335f1bcf83307c8ce50a7ed3e97a4c0aafade0a	predicate-721.ibk5.merkle	1	https://kgx.foaf.tv/id/graphpipelinep02dc83930bde12e4d8	predicate-721.ibk5.lgi2	predicate-721.ibk5.gbi1	002e000000687474..0031000000687474	0203000000463232..0203000000463335	0
722	https://danbri.github.io/glitchcan-minigam/magpie/cwplans/data-register.json#vocab/judgement	predicate-722.ibk5	5	2143	d7420c3d431c816eb316570909d7c048df4e784436707c5b9729a289702e9eb3	predicate-722.ibk5.merkle	1	https://kgx.foaf.tv/id/graphpipelinep02dc83930bde12e4d8	predicate-722.ibk5.lgi2	predicate-722.ibk5.gbi1	002d000000687474..0031000000687474	0226010000546865..02ca020000546865	0
723	https://danbri.github.io/glitchcan-minigam/magpie/cwplans/data-register.json#vocab/by	predicate-723.ibk5	3	618	b5b39aece65c1d61df6a95020e8ec0ca618b71967f1fbf7ee764dd62cd5d7407	predicate-723.ibk5.merkle	1	https://kgx.foaf.tv/id/graphpipelinep02dc83930bde12e4d8	predicate-723.ibk5.lgi2	predicate-723.ibk5.gbi1	002d000000687474..0031000000687474	020400000068616e..021b00000068616e	0
724	https://danbri.github.io/glitchcan-minigam/magpie/cwplans/data-register.json#vocab/date	predicate-724.ibk5	3	602	848c66cf9bb0f3170d5074475357e443e20f343c3f4cd96dad9c33eeb9fd08fc	predicate-724.ibk5.merkle	1	https://kgx.foaf.tv/id/graphpipelinep02dc83930bde12e4d8	predicate-724.ibk5.lgi2	predicate-724.ibk5.gbi1	002d000000687474..0031000000687474	020a000000323032..020d000000323032	0
725	https://danbri.github.io/glitchcan-minigam/magpie/cwplans/data-register.json#vocab/decisionsRecordedIn	predicate-725.ibk5	4	863	f77f6aab674bb03f017f227f2051b8cdaaba08c0e8eb50482202d4dd51d16cab	predicate-725.ibk5.merkle	1	https://kgx.foaf.tv/id/graphpipelinep02dc83930bde12e4d8	predicate-725.ibk5.lgi2	predicate-725.ibk5.gbi1	002d000000687474..0031000000687474	0221000000666565..0255000000726567	0
726	https://danbri.github.io/glitchcan-minigam/magpie/cwplans/data-register.json#vocab/gap	predicate-726.ibk5	2	685	5858ee5539c8604b840ac910739d2ef1e7a09eece07bdbcd3383bb65f4b857fa	predicate-726.ibk5.merkle	1	https://kgx.foaf.tv/id/graphpipelinep02dc83930bde12e4d8	predicate-726.ibk5.lgi2	predicate-726.ibk5.gbi1	002f000000687474..0031000000687474	023e000000546865..02ae000000546865	0
727	http://purl.org/dc/terms/title	predicate-727.ibk5	173	53379	75d96087a43f02a80af947257099e17533524b38057e60a9ada113534d25de9f	predicate-727.ibk5.merkle	1	https://kgx.foaf.tv/id/graphpipelinep0333c0f1b417679432	predicate-727.ibk5.lgi2	predicate-727.ibk5.gbi1	0051000000687474..006b000000687474	02010100004d6574..02fa00000068616e	0
728	http://www.w3.org/1999/02/22-rdf-syntax-ns#type	predicate-728.ibk5	346	23709	2edffcda289960a75a371152b84087d0b67ced5a12aa03d3acd958afe2c44b83	predicate-728.ibk5.merkle	1	https://kgx.foaf.tv/id/graphpipelinep0333c0f1b417679432	predicate-728.ibk5.lgi2	predicate-728.ibk5.gbi1	0051000000687474..006b000000687474	0020000000687474..0026000000687474	0
729	http://www.w3.org/ns/prov#wasDerivedFrom	predicate-729.ibk5	354	28330	8f786ce7e35b9b18f9343dc2b8247ff2e9e6db5193d7f14dba47417e4e7b5f6c	predicate-729.ibk5.merkle	1	https://kgx.foaf.tv/id/graphpipelinep0333c0f1b417679432	predicate-729.ibk5.lgi2	predicate-729.ibk5.gbi1	0051000000687474..006b000000687474	001d000000687474..003a000000687474	0
730	https://danbri.github.io/glitchcan-minigam/magpie/cwplans/data-register.json#vocab/osmUse	predicate-730.ibk5	172	20382	622da123e858d2e16251ddba3abd66fe268118d533bf2ad2c33c64e210222d04	predicate-730.ibk5.merkle	1	https://kgx.foaf.tv/id/graphpipelinep0333c0f1b417679432	predicate-730.ibk5.lgi2	predicate-730.ibk5.gbi1	0051000000687474..006b000000687474	0203000000696473..0207000000646572	0
731	https://danbri.github.io/londat/kgx/vocab#contentAtBuild	predicate-731.ibk5	196	42017	7e2b43f0065181ace89fd35650235f778a7a77bad3714199abdae3cdf0d6984d	predicate-731.ibk5.merkle	1	https://kgx.foaf.tv/id/graphpipelinep0333c0f1b417679432	predicate-731.ibk5.lgi2	predicate-731.ibk5.gbi1	0051000000687474..006b000000687474	005d000000687474..005d000000687474	0
732	http://www.w3.org/ns/prov#wasGeneratedBy	predicate-732.ibk5	137	18764	ab223ece414a40511032352394dfdc5b3a07158ae42fd5536910538727f54844	predicate-732.ibk5.merkle	1	https://kgx.foaf.tv/id/graphpipelinep0333c0f1b417679432	predicate-732.ibk5.lgi2	predicate-732.ibk5.gbi1	0051000000687474..006b000000687474	0022000000687474..0033000000687474	0
733	https://danbri.github.io/glitchcan-minigam/magpie/cwplans/data-register.json#vocab/review	predicate-733.ibk5	31	6758	f05cb3aa0a737210bbb2116f08475829c3fce6d958f107002112f5f67419b894	predicate-733.ibk5.merkle	1	https://kgx.foaf.tv/id/graphpipelinep0333c0f1b417679432	predicate-733.ibk5.lgi2	predicate-733.ibk5.gbi1	0051000000687474..006b000000687474	023100000043656c..02ce000000666163	0
734	https://danbri.github.io/londat/kgx/vocab#bytes	predicate-734.ibk5	795	137891	57009c8bffe669fae7e6bd1c01052334c260d2bdd32386fedc44b4851ae165be	predicate-734.ibk5.merkle	1	https://kgx.foaf.tv/id/graphpipelinep0333c0f1b417679432	predicate-734.ibk5.lgi2	predicate-734.ibk5.gbi1	005d000000687474..005d000000687474	0203000000323436..0208000000333830	0
735	https://danbri.github.io/londat/kgx/vocab#sha256	predicate-735.ibk5	795	183860	371b2b0ed8411dbf21b9db78d49a5f8f2ea852a7ef49a7d3570bbbd1198ac16f	predicate-735.ibk5.merkle	1	https://kgx.foaf.tv/id/graphpipelinep0333c0f1b417679432	predicate-735.ibk5.lgi2	predicate-735.ibk5.gbi1	005d000000687474..005d000000687474	0240000000303031..0240000000666639	0
736	http://purl.org/dc/terms/description	predicate-736.ibk5	1	393	781afcf066e680447c44c98e8927c2cd40d838fff82105ba9f54b3a55722c3ed	predicate-736.ibk5.merkle	1	https://kgx.foaf.tv/id/graphpipelinep0333c0f1b417679432	predicate-736.ibk5.lgi2	predicate-736.ibk5.gbi1	0058000000687474..0058000000687474	024c000000646775..024c000000646775	0
737	http://purl.org/dc/terms/license	predicate-737.ibk5	1	341	00da78801933767ab721e81902c8a38465bbc488f0f67f26837ca95350d0d5da	predicate-737.ibk5.merkle	1	https://kgx.foaf.tv/id/graphpipelinep0333c0f1b417679432	predicate-737.ibk5.lgi2	predicate-737.ibk5.gbi1	0058000000687474..0058000000687474	021c0000004f7065..021c0000004f7065	0
738	http://www.w3.org/ns/dcat#accessURL	predicate-738.ibk5	1	406	cdae093387ba686b0e35456bdd6ea562aa34ffdb031b8973b2d3bb1c50a22f86	predicate-738.ibk5.merkle	1	https://kgx.foaf.tv/id/graphpipelinep0333c0f1b417679432	predicate-738.ibk5.lgi2	predicate-738.ibk5.gbi1	0058000000687474..0058000000687474	025a000000687474..025a000000687474	0
739	http://www.w3.org/ns/dcat#landingPage	predicate-739.ibk5	1	451	444c2083ee19cdfe70aae449986abd78153eef448c66727086b4aa356a31e164	predicate-739.ibk5.merkle	1	https://kgx.foaf.tv/id/graphpipelinep0333c0f1b417679432	predicate-739.ibk5.lgi2	predicate-739.ibk5.gbi1	0058000000687474..0058000000687474	0285000000687474..0285000000687474	0
740	https://danbri.github.io/glitchcan-minigam/magpie/cwplans/data-register.json#vocab/attribution	predicate-740.ibk5	1	478	f68b9338132ad52974eb534083a2db6926cd67e8dfe02f20ac545226d7946109	predicate-740.ibk5.merkle	1	https://kgx.foaf.tv/id/graphpipelinep0333c0f1b417679432	predicate-740.ibk5.lgi2	predicate-740.ibk5.gbi1	0058000000687474..0058000000687474	0267000000436f6e..0267000000436f6e	0
741	http://purl.org/dc/terms/title	predicate-741.ibk5	393	146553	c28bb038b75d4b5a52a233d53c345a9fb8a3c5979c0e0a83c19ac01bcf31b096	predicate-741.ibk5.merkle	1	https://kgx.foaf.tv/id/graphpipelinep0457bb6af0812d19a4	predicate-741.ibk5.lgi2	predicate-741.ibk5.gbi1	006b000000687474..00ce000000687474	0216000000546861..02f80000004c6f6e	0
742	http://www.w3.org/1999/02/22-rdf-syntax-ns#type	predicate-742.ibk5	786	72587	7c7fc8b6ac2fe9f388ecdd61c3d192dbf5a537b046109f5e614d53bff9d346b0	predicate-742.ibk5.merkle	1	https://kgx.foaf.tv/id/graphpipelinep0457bb6af0812d19a4	predicate-742.ibk5.lgi2	predicate-742.ibk5.gbi1	006b000000687474..00ce000000687474	0020000000687474..0026000000687474	0
743	http://www.w3.org/ns/prov#wasDerivedFrom	predicate-743.ibk5	556	84818	b68dd8f613e08be3b86784ef0ae62e528d9daf869fde7aa54311cd3bb2994d1a	predicate-743.ibk5.merkle	1	https://kgx.foaf.tv/id/graphpipelinep0457bb6af0812d19a4	predicate-743.ibk5.lgi2	predicate-743.ibk5.gbi1	006b000000687474..00ce000000687474	001d000000687474..0058000000687474	0
744	http://www.w3.org/ns/prov#wasGeneratedBy	predicate-744.ibk5	377	62842	d943cfbef981acf7328cf8df5a7599685bb0d6656679aa22f01d98eb66ebf82d	predicate-744.ibk5.merkle	1	https://kgx.foaf.tv/id/graphpipelinep0457bb6af0812d19a4	predicate-744.ibk5.lgi2	predicate-744.ibk5.gbi1	006b000000687474..00ce000000687474	0023000000687474..002e000000687474	0
745	https://danbri.github.io/glitchcan-minigam/magpie/cwplans/data-register.json#vocab/osmUse	predicate-745.ibk5	393	64850	f3f7ebf1c008b0cc8f631423629731a5761a8671c5465eb6e6081594246a9eab	predicate-745.ibk5.merkle	1	https://kgx.foaf.tv/id/graphpipelinep0457bb6af0812d19a4	predicate-745.ibk5.lgi2	predicate-745.ibk5.gbi1	006b000000687474..00ce000000687474	0203000000696473..0207000000646572	0
746	https://danbri.github.io/glitchcan-minigam/magpie/cwplans/data-register.json#vocab/review	predicate-746.ibk5	23	4212	263d2d3fddf4c22e0d9f1c84fd8cb6037b8a4a96be0a280fbb7d614b4cdf7c69	predicate-746.ibk5.merkle	1	https://kgx.foaf.tv/id/graphpipelinep0457bb6af0812d19a4	predicate-746.ibk5.lgi2	predicate-746.ibk5.gbi1	006c000000687474..007d000000687474	024b000000746865..02a90000006f776e	0
747	https://danbri.github.io/londat/kgx/vocab#contentAtBuild	predicate-747.ibk5	393	103186	1ee91597bf3cada7ee14c5ad37b74306439057d91cc504d66d402838f86febce	predicate-747.ibk5.merkle	1	https://kgx.foaf.tv/id/graphpipelinep0457bb6af0812d19a4	predicate-747.ibk5.lgi2	predicate-747.ibk5.gbi1	006b000000687474..00ce000000687474	005d000000687474..005d000000687474	0
748	http://www.w3.org/1999/02/22-rdf-syntax-ns#type	predicate-748.ibk5	338	27720	cac49ef1834e3019c9815d27f8d133f58eaea24df44dc58683ce330ed821767a	predicate-748.ibk5.merkle	1	https://kgx.foaf.tv/id/graphstoreguidep0009d48401a01fca53	predicate-748.ibk5.lgi2	predicate-748.ibk5.gbi1	002e000000687474..003d000000687474	0034000000687474..0034000000687474	0
749	https://danbri.github.io/londat/kgx/vocab#gridRef	predicate-749.ibk5	372	34164	cf2df7a31ed04a3a48bdc3f64651b6a05d55143212259e88700716f7f6432d51	predicate-749.ibk5.merkle	1	https://kgx.foaf.tv/id/graphstoreguidep0009d48401a01fca53	predicate-749.ibk5.lgi2	predicate-749.ibk5.gbi1	002e000000687474..003d000000687474	0202000000314727..0203000000323244	0
750	https://danbri.github.io/londat/kgx/vocab#guideGroup	predicate-750.ibk5	338	27848	cf1bf573493cf066bc6b56283e9e9d5781337d7da733e1b58b277f0d977c8a55	predicate-750.ibk5.merkle	1	https://kgx.foaf.tv/id/graphstoreguidep0009d48401a01fca53	predicate-750.ibk5.lgi2	predicate-750.ibk5.gbi1	002e000000687474..003d000000687474	0206000000657374..020e00000073686f	0
751	https://danbri.github.io/londat/kgx/vocab#guidePage	predicate-751.ibk5	338	27769	8158ffd9067612cbae55631824bf58cea3d3bdb33e58e183d6d2dd8dbae6aadc	predicate-751.ibk5.merkle	1	https://kgx.foaf.tv/id/graphstoreguidep0009d48401a01fca53	predicate-751.ibk5.lgi2	predicate-751.ibk5.gbi1	002e000000687474..003d000000687474	0201000000312800..0201000000322800	0
752	https://danbri.github.io/londat/kgx/vocab#guideSection	predicate-752.ibk5	338	28149	562468c5005c658d1a23ac8517e3c6ebe68f2c9473f075c5f2454741bbcbf4d6	predicate-752.ibk5.merkle	1	https://kgx.foaf.tv/id/graphstoreguidep0009d48401a01fca53	predicate-752.ibk5.lgi2	predicate-752.ibk5.gbi1	002e000000687474..003d000000687474	020500000073686f..020f0000006f6666	0
753	https://danbri.github.io/londat/kgx/vocab#ocrConfidence	predicate-753.ibk5	338	28659	dec02ebb340ed1a73aaa5359dd93a168b43125893f48d3a3c80623f78cf91235	predicate-753.ibk5.merkle	1	https://kgx.foaf.tv/id/graphstoreguidep0009d48401a01fca53	predicate-753.ibk5.lgi2	predicate-753.ibk5.gbi1	002e000000687474..003d000000687474	0202000000363328..0202000000393628	0
754	https://danbri.github.io/londat/kgx/vocab#ocrText	predicate-754.ibk5	338	49061	f674cca6947c41fa10b0250773203cfc43683712e3f03951bee54e19f9bd66b3	predicate-754.ibk5.merkle	1	https://kgx.foaf.tv/id/graphstoreguidep0009d48401a01fca53	predicate-754.ibk5.lgi2	predicate-754.ibk5.gbi1	002e000000687474..003d000000687474	0203000000435747..0243000000436974	0
755	https://schema.org/name	predicate-755.ibk5	338	44447	9b11be9890838a023b40239188ffa2c14aa455ac72f5226d8561099b332d45f5	predicate-755.ibk5.merkle	1	https://kgx.foaf.tv/id/graphstoreguidep0009d48401a01fca53	predicate-755.ibk5.lgi2	predicate-755.ibk5.gbi1	002e000000687474..003d000000687474	0202000000425027..0214000000486f74	0
756	https://schema.org/sameAs	predicate-756.ibk5	196	25342	cb77e7ccda4cbfa5f4f766f66e9a868f4adb290aff247b78f9157e0b1d51c265	predicate-756.ibk5.merkle	1	https://kgx.foaf.tv/id/graphstoreguidep0009d48401a01fca53	predicate-756.ibk5.lgi2	predicate-756.ibk5.gbi1	002e000000687474..003d000000687474	0027000000687474..0044000000687474	0
757	http://www.w3.org/2000/01/rdf-schema#comment	predicate-757.ibk5	26	3328	925695a7a6607421ee378c7734635fcefb66e2dd8c61e20f933fc190235c2630	predicate-757.ibk5.merkle	1	https://kgx.foaf.tv/id/graphstoreguidep0009d48401a01fca53	predicate-757.ibk5.lgi2	predicate-757.ibk5.gbi1	0036000000687474..003d000000687474	02080000006b696f..02320000006c6576	0
758	https://danbri.github.io/londat/kgx/vocab#levelText	predicate-758.ibk5	2	387	32cfc0d5d367a64b5896a38d604b944427c945f4aee1dda0395749926c3d9789	predicate-758.ibk5.merkle	1	https://kgx.foaf.tv/id/graphstoreguidep0009d48401a01fca53	predicate-758.ibk5.lgi2	predicate-758.ibk5.gbi1	0037000000687474..003a000000687474	02020000002d3328..02020000002d3328	0
759	https://danbri.github.io/londat/kgx/vocab#buildingText	predicate-759.ibk5	46	6457	90f6219b377179d970c42218dca9de1f67720d5fc4345dddab08b2b7937dc78a	predicate-759.ibk5.merkle	1	https://kgx.foaf.tv/id/graphstoreguidep0009d48401a01fca53	predicate-759.ibk5.lgi2	predicate-759.ibk5.gbi1	0036000000687474..003d000000687474	023b0000007b2261..02470000007b2261	0
760	http://www.w3.org/1999/02/22-rdf-syntax-ns#type	predicate-760.ibk5	316	29924	9ca25a9b908d3edbd404e6a954964ec76913132d6522b49613f06dfc63ee0ffb	predicate-760.ibk5.merkle	1	https://kgx.foaf.tv/id/graphstoreguidep01ecfc7055da556fd4	predicate-760.ibk5.lgi2	predicate-760.ibk5.gbi1	003d000000687474..0064000000687474	0034000000687474..0034000000687474	0
761	https://danbri.github.io/londat/kgx/vocab#gridRef	predicate-761.ibk5	333	35337	1a9ea122d574a7dedea73152340275c75076c06a63c129f444f7a41a7be824fa	predicate-761.ibk5.merkle	1	https://kgx.foaf.tv/id/graphstoreguidep01ecfc7055da556fd4	predicate-761.ibk5.lgi2	predicate-761.ibk5.gbi1	003d000000687474..0064000000687474	0202000000314727..0203000000323244	0
762	https://danbri.github.io/londat/kgx/vocab#guideGroup	predicate-762.ibk5	316	30052	992a65b3b9d9fe3f52a910f835832e444d8d49dffa2397f694d7a9bb9506b8c6	predicate-762.ibk5.merkle	1	https://kgx.foaf.tv/id/graphstoreguidep01ecfc7055da556fd4	predicate-762.ibk5.lgi2	predicate-762.ibk5.gbi1	003d000000687474..0064000000687474	0206000000657374..020e00000073686f	0
763	https://danbri.github.io/londat/kgx/vocab#guidePage	predicate-763.ibk5	316	29973	b4d167d4c71c43865b0005a32e406e5aa95b36ab068c1eb77943a9cac2c2f863	predicate-763.ibk5.merkle	1	https://kgx.foaf.tv/id/graphstoreguidep01ecfc7055da556fd4	predicate-763.ibk5.lgi2	predicate-763.ibk5.gbi1	003d000000687474..0064000000687474	0201000000312800..0201000000322800	0
764	https://danbri.github.io/londat/kgx/vocab#guideSection	predicate-764.ibk5	316	30418	82f36b310d15411795b1c696bb5f6f064302225ac0ea9557cfca241162242fbd	predicate-764.ibk5.merkle	1	https://kgx.foaf.tv/id/graphstoreguidep01ecfc7055da556fd4	predicate-764.ibk5.lgi2	predicate-764.ibk5.gbi1	003d000000687474..0064000000687474	020500000073686f..0210000000657374	0
765	https://danbri.github.io/londat/kgx/vocab#ocrConfidence	predicate-765.ibk5	316	30499	a3f5a4700912fe7763a56a53672d13b42e47371de6a39f69dc3aa50ecb04556a	predicate-765.ibk5.merkle	1	https://kgx.foaf.tv/id/graphstoreguidep01ecfc7055da556fd4	predicate-765.ibk5.lgi2	predicate-765.ibk5.gbi1	003d000000687474..0064000000687474	0202000000363328..0202000000393628	0
766	https://danbri.github.io/londat/kgx/vocab#ocrText	predicate-766.ibk5	316	53977	82775b980f8cb466e035ecab0c1de41d3b8a9452e36eb3aadd1ee6c15fd66f7d	predicate-766.ibk5.merkle	1	https://kgx.foaf.tv/id/graphstoreguidep01ecfc7055da556fd4	predicate-766.ibk5.lgi2	predicate-766.ibk5.gbi1	003d000000687474..0064000000687474	0209000000446174..024f000000414e5a	0
767	https://schema.org/name	predicate-767.ibk5	316	49387	9a82be98eb8aec6d6f3eb3ec5dcf9c0059d6f67fa651c6e7d64dd112b9917cbc	predicate-767.ibk5.merkle	1	https://kgx.foaf.tv/id/graphstoreguidep01ecfc7055da556fd4	predicate-767.ibk5.lgi2	predicate-767.ibk5.gbi1	003d000000687474..0064000000687474	0209000000446174..023a000000427269	0
768	https://schema.org/sameAs	predicate-768.ibk5	80	11655	4682e0c0176fc7c7415852da614527355952ed63f86bf0fb59188f4fa8eeddc3	predicate-768.ibk5.merkle	1	https://kgx.foaf.tv/id/graphstoreguidep01ecfc7055da556fd4	predicate-768.ibk5.lgi2	predicate-768.ibk5.gbi1	003d000000687474..0064000000687474	0030000000687474..005d000000687474	0
769	http://www.w3.org/2000/01/rdf-schema#comment	predicate-769.ibk5	18	3026	036c710eca99b2b5a8708d2c994333f3a7b8821d117536c2018188d6cf445022	predicate-769.ibk5.merkle	1	https://kgx.foaf.tv/id/graphstoreguidep01ecfc7055da556fd4	predicate-769.ibk5.lgi2	predicate-769.ibk5.gbi1	003e000000687474..004d000000687474	02080000006b696f..022f000000323244	0
770	https://danbri.github.io/londat/kgx/vocab#levelText	predicate-770.ibk5	3	613	6bcbf2ee208f869bf721b193214b2e7fc590432a0fcc2aa53533520bcac26754	predicate-770.ibk5.merkle	1	https://kgx.foaf.tv/id/graphstoreguidep01ecfc7055da556fd4	predicate-770.ibk5.lgi2	predicate-770.ibk5.gbi1	0040000000687474..0052000000687474	02020000002d3128..02020000002d3428	0
771	https://danbri.github.io/londat/kgx/vocab#buildingText	predicate-771.ibk5	78	9669	a8329d23617dfc710c8bb18f3cf98392bd637af9671b6420a77cb7ef5d4958d7	predicate-771.ibk5.merkle	1	https://kgx.foaf.tv/id/graphstoreguidep01ecfc7055da556fd4	predicate-771.ibk5.lgi2	predicate-771.ibk5.gbi1	003d000000687474..0064000000687474	023a0000007b2261..02470000007b2261	0
772	http://www.w3.org/1999/02/22-rdf-syntax-ns#type	predicate-772.ibk5	714	48054	ef557903d7b0db408e65899042dd3d91eaa379a2204cb4b6435f273bdf1c185a	predicate-772.ibk5.merkle	1	https://kgx.foaf.tv/id/graphwebp006a62e17697cf1008	predicate-772.ibk5.lgi2	predicate-772.ibk5.gbi1	0010000000687474..0030000000687474	0016000000687474..002c000000687474	0
773	https://schema.org/url	predicate-773.ibk5	245	35110	ba1197833083cdce51b273316296028e00b174c578af1c2013c98d47a0298f93	predicate-773.ibk5.merkle	1	https://kgx.foaf.tv/id/graphwebp006a62e17697cf1008	predicate-773.ibk5.lgi2	predicate-773.ibk5.gbi1	0014000000687474..0030000000687474	0018000000687474..0273000000687474	0
774	https://schema.org/logo	predicate-774.ibk5	117	15414	0750dbc7a4ac470e35bb4644ad941c385c7767b4a0d428722bc4164840e34d09	predicate-774.ibk5.merkle	1	https://kgx.foaf.tv/id/graphwebp006a62e17697cf1008	predicate-774.ibk5.lgi2	predicate-774.ibk5.gbi1	0016000000687474..0030000000687474	001a000000687474..00a9000000687474	0
775	https://schema.org/name	predicate-775.ibk5	219	27575	59aadb30eae8d2c4525146208355c16458b185c38a9af00326bbd4f58427df10	predicate-775.ibk5.merkle	1	https://kgx.foaf.tv/id/graphwebp006a62e17697cf1008	predicate-775.ibk5.lgi2	predicate-775.ibk5.gbi1	0014000000687474..0030000000687474	0200000000270000..0251000000537465	0
776	https://schema.org/address	predicate-776.ibk5	95	11434	d073a7ce09e105865356fbe121820e19c9c38151cd0ee65d316efd670c1fa525	predicate-776.ibk5.merkle	1	https://kgx.foaf.tv/id/graphwebp006a62e17697cf1008	predicate-776.ibk5.lgi2	predicate-776.ibk5.gbi1	0014000000687474..0030000000687474	0030000000687474..004a000000687474	0
777	https://schema.org/sameAs	predicate-777.ibk5	324	37193	3b16fcd87997a2e22d898d8521c0ad4b00d85eec5f0801358d9773f013f5453b	predicate-777.ibk5.merkle	1	https://kgx.foaf.tv/id/graphwebp006a62e17697cf1008	predicate-777.ibk5.lgi2	predicate-777.ibk5.gbi1	0016000000687474..0030000000687474	0200000000270000..027c000000687474	0
778	https://schema.org/geo	predicate-778.ibk5	29	3631	db554730949dae47857caf9ebcdf724dc5cdf0e6743d1ae38d5579272ccb7579	predicate-778.ibk5.merkle	1	https://kgx.foaf.tv/id/graphwebp006a62e17697cf1008	predicate-778.ibk5.lgi2	predicate-778.ibk5.gbi1	0014000000687474..0030000000687474	0030000000687474..0030000000687474	0
779	https://schema.org/openingHoursSpecification	predicate-779.ibk5	128	10767	694b003400b1fe5d3c668e794c4cc4b33abd1907e290f350c6af1c8c2a649d3f	predicate-779.ibk5.merkle	1	https://kgx.foaf.tv/id/graphwebp006a62e17697cf1008	predicate-779.ibk5.lgi2	predicate-779.ibk5.gbi1	0014000000687474..0030000000687474	0030000000687474..0030000000687474	0
780	https://danbri.github.io/glitchcan-minigam/magpie/cwplans/data-register.json#vocab/hoursText	predicate-780.ibk5	72	7080	4ef2e0a7e189366b45a711189f35bdeebd7eb5e5b941a19ae1cf3ffcfe906404	predicate-780.ibk5.merkle	1	https://kgx.foaf.tv/id/graphwebp006a62e17697cf1008	predicate-780.ibk5.lgi2	predicate-780.ibk5.gbi1	0022000000687474..0030000000687474	0200000000270000..026e0000004d6f20	0
781	https://schema.org/closes	predicate-781.ibk5	200	16437	e5fb4c97a0058cd1f9ee34cb8a0a5c38d381a9ed70b4016189f73e480669f10a	predicate-781.ibk5.merkle	1	https://kgx.foaf.tv/id/graphwebp006a62e17697cf1008	predicate-781.ibk5.lgi2	predicate-781.ibk5.gbi1	0030000000687474..0030000000687474	0200000000270000..020800000032333a	0
782	https://schema.org/opens	predicate-782.ibk5	200	16223	ac610b626df093beaf1da9b79450c0ffc7cef3ec6ff1deb0f6da6a6f231b29dd	predicate-782.ibk5.merkle	1	https://kgx.foaf.tv/id/graphwebp006a62e17697cf1008	predicate-782.ibk5.lgi2	predicate-782.ibk5.gbi1	0030000000687474..0030000000687474	0200000000270000..020800000031373a	0
783	https://schema.org/validFrom	predicate-783.ibk5	42	5717	6b3df81ce6a9cbd1aa7688f760b54e7770a7a914ad3e087a2a21f26bb21ba62a	predicate-783.ibk5.merkle	1	https://kgx.foaf.tv/id/graphwebp006a62e17697cf1008	predicate-783.ibk5.lgi2	predicate-783.ibk5.gbi1	0030000000687474..0030000000687474	020a00000031204d..020b000000333120	0
784	https://schema.org/validThrough	predicate-784.ibk5	42	5720	5e57e2a7ce051a754cc5a46eea5d291e933d11563e8696ed4d65cc79f78dad71	predicate-784.ibk5.merkle	1	https://kgx.foaf.tv/id/graphwebp006a62e17697cf1008	predicate-784.ibk5.lgi2	predicate-784.ibk5.gbi1	0030000000687474..0030000000687474	020a00000031204d..020b000000333120	0
785	https://schema.org/addressCountry	predicate-785.ibk5	61	4751	7fa4cd8621d3ec72beb452ad38ab8716f60e0dc6dd543515c07978091a001176	predicate-785.ibk5.merkle	1	https://kgx.foaf.tv/id/graphwebp006a62e17697cf1008	predicate-785.ibk5.lgi2	predicate-785.ibk5.gbi1	0030000000687474..0030000000687474	0200000000270000..0202000000474227	0
786	https://schema.org/addressLocality	predicate-786.ibk5	70	6064	5a0cf788378811919c6b9784fa00bd976f1819153252da2701fd2d4f46021b55	predicate-786.ibk5.merkle	1	https://kgx.foaf.tv/id/graphwebp006a62e17697cf1008	predicate-786.ibk5.lgi2	predicate-786.ibk5.gbi1	0030000000687474..0030000000687474	0200000000270000..021400000043616e	0
787	https://schema.org/postalCode	predicate-787.ibk5	57	6417	3861032ddbfc762d161c49854d8bb3d36778a2c4c1ea68a7430b854c27378d0c	predicate-787.ibk5.merkle	1	https://kgx.foaf.tv/id/graphwebp006a62e17697cf1008	predicate-787.ibk5.lgi2	predicate-787.ibk5.gbi1	0030000000687474..0030000000687474	0200000000270000..0208000000574331	0
788	https://schema.org/streetAddress	predicate-788.ibk5	71	9589	003598430409812a4bb93b9e12af5ffe8758f8b57e6b81d170c9e29c7a1770cb	predicate-788.ibk5.merkle	1	https://kgx.foaf.tv/id/graphwebp006a62e17697cf1008	predicate-788.ibk5.lgi2	predicate-788.ibk5.gbi1	0030000000687474..0030000000687474	0200000000270000..0241000000333420	0
789	https://schema.org/dayOfWeek	predicate-789.ibk5	193	12647	b974653b993fb9088c4b0328d868db54fe89fe6832b441b23c15ebac4f337b7c	predicate-789.ibk5.merkle	1	https://kgx.foaf.tv/id/graphwebp006a62e17697cf1008	predicate-789.ibk5.lgi2	predicate-789.ibk5.gbi1	0030000000687474..0030000000687474	0019000000687474..001c000000687474	0
790	https://schema.org/latitude	predicate-790.ibk5	31	4292	a83c9dba7d2c4057f557b779a84d855e922a0ab2cab02dd3a9849c439e820551	predicate-790.ibk5.merkle	1	https://kgx.foaf.tv/id/graphwebp006a62e17697cf1008	predicate-790.ibk5.lgi2	predicate-790.ibk5.gbi1	0030000000687474..0030000000687474	0208000000352e31..0213000000352e33	0
791	https://schema.org/longitude	predicate-791.ibk5	31	4281	8e7880bfec1fd460d4d23bd68746cca20e0b712cad121fa4e899c99d7eb85d61	predicate-791.ibk5.merkle	1	https://kgx.foaf.tv/id/graphwebp006a62e17697cf1008	predicate-791.ibk5.lgi2	predicate-791.ibk5.gbi1	0030000000687474..0030000000687474	02070000002d312e..02160000002d312e	0
792	https://schema.org/parentOrganization	predicate-792.ibk5	6	875	c60cb601aad285dd910bc2870c109efa73cce633be2d8b3b27c4e85e9ad17ad0	predicate-792.ibk5.merkle	1	https://kgx.foaf.tv/id/graphwebp006a62e17697cf1008	predicate-792.ibk5.lgi2	predicate-792.ibk5.gbi1	0027000000687474..0030000000687474	0024000000687474..0030000000687474	0
793	https://schema.org/telephone	predicate-793.ibk5	49	6273	58348ee84d5bd1ef31606b29b573556a3ddbb2177b0c9d57c8bc098f8bc2d2da	predicate-793.ibk5.merkle	1	https://kgx.foaf.tv/id/graphwebp006a62e17697cf1008	predicate-793.ibk5.lgi2	predicate-793.ibk5.gbi1	0014000000687474..0030000000687474	0200000000270000..020e0000002b3434	0
794	https://danbri.github.io/glitchcan-minigam/magpie/cwplans/data-register.json#vocab/addressText	predicate-794.ibk5	9	1318	0bb2cd0b10f2fad96b77921ac2055c6b4a931fa4e8cbc586be0b7cef2aa7c189	predicate-794.ibk5.merkle	1	https://kgx.foaf.tv/id/graphwebp006a62e17697cf1008	predicate-794.ibk5.lgi2	predicate-794.ibk5.gbi1	0030000000687474..0030000000687474	0200000000270000..023b000000363436	0
795	https://schema.org/brand	predicate-795.ibk5	5	725	5a6c43382278a5ca3a91c3b30a7256c42e5741572f7f2354f2eb3a563df60bcd	predicate-795.ibk5.merkle	1	https://kgx.foaf.tv/id/graphwebp006a62e17697cf1008	predicate-795.ibk5.lgi2	predicate-795.ibk5.gbi1	002b000000687474..0030000000687474	002a000000687474..0212000000427269	0
796	https://schema.org/branchCode	predicate-796.ibk5	1	267	d472af1bf5eafc479ff86778c989aa39808e4237c8eefcb5fc4dc36b0dcb1aa8	predicate-796.ibk5.merkle	1	https://kgx.foaf.tv/id/graphwebp006a62e17697cf1008	predicate-796.ibk5.lgi2	predicate-796.ibk5.gbi1	0030000000687474..0030000000687474	0202000000383827..0202000000383827	0
797	http://www.w3.org/1999/02/22-rdf-syntax-ns#type	predicate-797.ibk5	573	43377	199aaf55f42f1b5f402e48414499191a9342fe57363b108ec634f6310f2d7044	predicate-797.ibk5.merkle	1	https://kgx.foaf.tv/id/graphwebp0142523566c8a8a949	predicate-797.ibk5.lgi2	predicate-797.ibk5.gbi1	0030000000687474..0045000000687474	0018000000687474..002c000000687474	0
798	https://schema.org/url	predicate-798.ibk5	174	25233	c171929fcc9d80e17b8b7d1944c9e35f022b14acda5767684180a44a91c3fe8f	predicate-798.ibk5.merkle	1	https://kgx.foaf.tv/id/graphwebp0142523566c8a8a949	predicate-798.ibk5.lgi2	predicate-798.ibk5.gbi1	0030000000687474..0045000000687474	0014000000687474..0268000000687474	0
799	https://schema.org/logo	predicate-799.ibk5	51	7431	6fdc76a3381195fa6c3e7b2944190e74f4723eb264de7757a0abda37a4fffcc7	predicate-799.ibk5.merkle	1	https://kgx.foaf.tv/id/graphwebp0142523566c8a8a949	predicate-799.ibk5.lgi2	predicate-799.ibk5.gbi1	0030000000687474..0042000000687474	0020000000687474..0091000000687474	0
800	https://schema.org/name	predicate-800.ibk5	176	22102	85d23f6a9797414fc7d73f036a76f537360e6ff143832f54569ee472d237de2e	predicate-800.ibk5.merkle	1	https://kgx.foaf.tv/id/graphwebp0142523566c8a8a949	predicate-800.ibk5.lgi2	predicate-800.ibk5.gbi1	0030000000687474..0045000000687474	0200000000270000..024f000000486177	0
801	https://schema.org/sameAs	predicate-801.ibk5	158	17444	960866f0a03a15c81c623daaccf500103b717038c910384a13c1a140fb869e52	predicate-801.ibk5.merkle	1	https://kgx.foaf.tv/id/graphwebp0142523566c8a8a949	predicate-801.ibk5.lgi2	predicate-801.ibk5.gbi1	0030000000687474..0042000000687474	0200000000270000..024a000000687474	0
802	https://schema.org/address	predicate-802.ibk5	102	12825	42e2b6a930da35f4dbdf7c6b8c07ff02e51a6e9d6fd4f3144f4a4a293daea0e6	predicate-802.ibk5.merkle	1	https://kgx.foaf.tv/id/graphwebp0142523566c8a8a949	predicate-802.ibk5.lgi2	predicate-802.ibk5.gbi1	0030000000687474..0045000000687474	0030000000687474..004a000000687474	0
803	https://schema.org/geo	predicate-803.ibk5	35	4560	9ae9d218fa213ba94eece27a745cbc7ea94ce1c88357daeec7c0085ba0b1e896	predicate-803.ibk5.merkle	1	https://kgx.foaf.tv/id/graphwebp0142523566c8a8a949	predicate-803.ibk5.lgi2	predicate-803.ibk5.gbi1	0030000000687474..0042000000687474	0030000000687474..0030000000687474	0
804	https://schema.org/openingHoursSpecification	predicate-804.ibk5	168	13874	2d044cebdb8b6120c0001d10fcc4519ba5f8cd18923b1a9e399822a1a96c7a88	predicate-804.ibk5.merkle	1	https://kgx.foaf.tv/id/graphwebp0142523566c8a8a949	predicate-804.ibk5.lgi2	predicate-804.ibk5.gbi1	0030000000687474..0042000000687474	0030000000687474..0030000000687474	0
805	https://schema.org/telephone	predicate-805.ibk5	51	6869	292af4e664ca2d07c5563fc92cab259940a8abc2f228e2e5614c0a107f513332	predicate-805.ibk5.merkle	1	https://kgx.foaf.tv/id/graphwebp0142523566c8a8a949	predicate-805.ibk5.lgi2	predicate-805.ibk5.gbi1	0030000000687474..0045000000687474	0200000000270000..020e0000002b3434	0
806	https://schema.org/parentOrganization	predicate-806.ibk5	12	1658	7851dce16135885172723dfc75cc9cbe6d99c02b9c981f8c7f73b99586d86a06	predicate-806.ibk5.merkle	1	https://kgx.foaf.tv/id/graphwebp0142523566c8a8a949	predicate-806.ibk5.lgi2	predicate-806.ibk5.gbi1	0030000000687474..0044000000687474	0018000000687474..0030000000687474	0
807	https://schema.org/addressCountry	predicate-807.ibk5	97	7937	959e61e38f7b8215aae255f9512ecfea9f23f53b8444f770277a9a4eb8403d20	predicate-807.ibk5.merkle	1	https://kgx.foaf.tv/id/graphwebp0142523566c8a8a949	predicate-807.ibk5.lgi2	predicate-807.ibk5.gbi1	0030000000687474..0042000000687474	0202000000444b27..0275000000687474	0
808	https://schema.org/addressLocality	predicate-808.ibk5	113	9814	0e83a1285636244f3fb271b7bdd7f675a3b78baaa0824dece07cebda4d221d57	predicate-808.ibk5.merkle	1	https://kgx.foaf.tv/id/graphwebp0142523566c8a8a949	predicate-808.ibk5.lgi2	predicate-808.ibk5.gbi1	0030000000687474..0042000000687474	02010000002d2700..021c00000043616e	0
809	https://schema.org/postalCode	predicate-809.ibk5	109	11390	cd95e68373d35f76cef8685912f5928be46ad140691df12f12a58f8ba36760f4	predicate-809.ibk5.merkle	1	https://kgx.foaf.tv/id/graphwebp0142523566c8a8a949	predicate-809.ibk5.lgi2	predicate-809.ibk5.gbi1	0030000000687474..0042000000687474	0203000000453134..0208000000574332	0
810	https://schema.org/streetAddress	predicate-810.ibk5	117	15455	5f725a32b4c03767a94b146be5dce161c534d2c5b7a4c39df9301d4eb88625b1	predicate-810.ibk5.merkle	1	https://kgx.foaf.tv/id/graphwebp0142523566c8a8a949	predicate-810.ibk5.lgi2	predicate-810.ibk5.gbi1	0030000000687474..0042000000687474	02010000002d2700..0241000000333420	0
811	https://schema.org/closes	predicate-811.ibk5	260	20666	dde098ab5bd2ab58ac5bbc422f8765fd5b3fd29bc9a21e3e535c068aadd85386	predicate-811.ibk5.merkle	1	https://kgx.foaf.tv/id/graphwebp0142523566c8a8a949	predicate-811.ibk5.lgi2	predicate-811.ibk5.gbi1	0030000000687474..0030000000687474	020300000036706d..020800000032333a	0
812	https://schema.org/dayOfWeek	predicate-812.ibk5	249	15357	bda080b58739f639dcc0bb036b99bcb0a932d8e485585f301ff2921e1ecc39a9	predicate-812.ibk5.merkle	1	https://kgx.foaf.tv/id/graphwebp0142523566c8a8a949	predicate-812.ibk5.lgi2	predicate-812.ibk5.gbi1	0030000000687474..0030000000687474	0019000000687474..001c000000687474	0
813	https://schema.org/opens	predicate-813.ibk5	260	20562	029d3628d0c7e9b23396d77cacb366f210b4c37e74fd2521fc7b4fb6b85ac75e	predicate-813.ibk5.merkle	1	https://kgx.foaf.tv/id/graphwebp0142523566c8a8a949	predicate-813.ibk5.lgi2	predicate-813.ibk5.gbi1	0030000000687474..0030000000687474	0204000000383a30..020800000031373a	0
814	https://danbri.github.io/glitchcan-minigam/magpie/cwplans/data-register.json#vocab/addressText	predicate-814.ibk5	15	2344	12d73e15819258f90f3e5f3d100a1c75bf95a3695403ba2ba0334ee7ae02ea0a	predicate-814.ibk5.merkle	1	https://kgx.foaf.tv/id/graphwebp0142523566c8a8a949	predicate-814.ibk5.lgi2	predicate-814.ibk5.gbi1	0030000000687474..0030000000687474	0200000000270000..023e000000323520	0
815	https://schema.org/validFrom	predicate-815.ibk5	72	9694	fdcbd94561621f2c685e419462e2caf3b7513d4e11af57d2bb9f9c792e95a854	predicate-815.ibk5.merkle	1	https://kgx.foaf.tv/id/graphwebp0142523566c8a8a949	predicate-815.ibk5.lgi2	predicate-815.ibk5.gbi1	0030000000687474..0030000000687474	020a000000312041..020b000000333120	0
816	https://schema.org/validThrough	predicate-816.ibk5	72	9697	750d05b0e5415a7df7f15d4461ec0c4edf2c46a4c63037f8b1178a297431e95c	predicate-816.ibk5.merkle	1	https://kgx.foaf.tv/id/graphwebp0142523566c8a8a949	predicate-816.ibk5.lgi2	predicate-816.ibk5.gbi1	0030000000687474..0030000000687474	020a000000312041..020b000000333120	0
817	https://schema.org/latitude	predicate-817.ibk5	48	6277	336f4af8246f530bc6f5a54f7dc8434b59a58e5210bc757766a694374112f4d2	predicate-817.ibk5.merkle	1	https://kgx.foaf.tv/id/graphwebp0142523566c8a8a949	predicate-817.ibk5.lgi2	predicate-817.ibk5.gbi1	0030000000687474..0030000000687474	020700000035312e..0214000000352e31	0
818	https://schema.org/longitude	predicate-818.ibk5	48	6187	93d111a993a7e12927f81285c7cc87bd1053c1c51f1666b3226760c3b2d3830e	predicate-818.ibk5.merkle	1	https://kgx.foaf.tv/id/graphwebp0142523566c8a8a949	predicate-818.ibk5.lgi2	predicate-818.ibk5.gbi1	0030000000687474..0030000000687474	02070000002d302e..02160000002d312e	0
819	https://danbri.github.io/glitchcan-minigam/magpie/cwplans/data-register.json#vocab/hoursText	predicate-819.ibk5	42	4698	d1d7b12549adcfd49c71e60f0ad8004b2d96e05b6d219a025407ac7b6afc84d4	predicate-819.ibk5.merkle	1	https://kgx.foaf.tv/id/graphwebp0142523566c8a8a949	predicate-819.ibk5.lgi2	predicate-819.ibk5.gbi1	0030000000687474..003d000000687474	0200000000270000..026e0000004d6f20	0
820	https://schema.org/brand	predicate-820.ibk5	2	416	84b71e69be24af7cf0bda02c331c220c294f55de332315ee47f3042d290e8339	predicate-820.ibk5.merkle	1	https://kgx.foaf.tv/id/graphwebp0142523566c8a8a949	predicate-820.ibk5.lgi2	predicate-820.ibk5.gbi1	0030000000687474..003c000000687474	0030000000687474..0212000000427269	0
821	https://schema.org/branchCode	predicate-821.ibk5	1	281	aad10df8bf3620bc382ed1c9df2c178da4d00023ec12a6393eb6cb2c85fc94ec	predicate-821.ibk5.merkle	1	https://kgx.foaf.tv/id/graphwebp0142523566c8a8a949	predicate-821.ibk5.lgi2	predicate-821.ibk5.gbi1	003d000000687474..003d000000687474	0203000000313935..0203000000313935	0
822	http://www.w3.org/1999/02/22-rdf-syntax-ns#type	predicate-822.ibk5	440	52098	b9d3cf46180e637766a74caa5f019c0d47a35830f90f8a2bb6d05a0f385cec15	predicate-822.ibk5.merkle	1	https://kgx.foaf.tv/id/graphwebp029b5c65ba8a06957e	predicate-822.ibk5.lgi2	predicate-822.ibk5.gbi1	0045000000687474..00a9000000687474	0018000000687474..0025000000687474	0
823	https://schema.org/address	predicate-823.ibk5	21	2949	fea63e2a9f001eb7909a831cc62f0d9b28ae999c7753ce2e5125612c2ef690fb	predicate-823.ibk5.merkle	1	https://kgx.foaf.tv/id/graphwebp029b5c65ba8a06957e	predicate-823.ibk5.lgi2	predicate-823.ibk5.gbi1	0047000000687474..0069000000687474	0030000000687474..0030000000687474	0
824	https://schema.org/geo	predicate-824.ibk5	15	2161	a234f9e0170d6f1c51b61331e32b3368afe368baf7fe3ef2e19d659b9fe6b08f	predicate-824.ibk5.merkle	1	https://kgx.foaf.tv/id/graphwebp029b5c65ba8a06957e	predicate-824.ibk5.lgi2	predicate-824.ibk5.gbi1	0047000000687474..005d000000687474	0030000000687474..0030000000687474	0
825	https://schema.org/name	predicate-825.ibk5	19	3260	97ae7c3d1c5e81105ee11adc3f3bb46db581269ec198649c15ad9bc29db861d8	predicate-825.ibk5.merkle	1	https://kgx.foaf.tv/id/graphwebp029b5c65ba8a06957e	predicate-825.ibk5.lgi2	predicate-825.ibk5.gbi1	0047000000687474..0069000000687474	020c0000004b696e..0230000000566973	0
826	https://schema.org/openingHoursSpecification	predicate-826.ibk5	45	4030	9461acd1f138cef6a7eceeb5e78b739659dd46484ac5e62621b54d453f7835e9	predicate-826.ibk5.merkle	1	https://kgx.foaf.tv/id/graphwebp029b5c65ba8a06957e	predicate-826.ibk5.lgi2	predicate-826.ibk5.gbi1	0048000000687474..005d000000687474	0030000000687474..0030000000687474	0
827	https://schema.org/telephone	predicate-827.ibk5	15	2648	575e6771ee774bee143c64d0eeb1d275b548edb27617be702a91275d934558fd	predicate-827.ibk5.merkle	1	https://kgx.foaf.tv/id/graphwebp029b5c65ba8a06957e	predicate-827.ibk5.lgi2	predicate-827.ibk5.gbi1	0047000000687474..0069000000687474	020d0000002b3434..020d0000002b3434	0
828	https://schema.org/url	predicate-828.ibk5	59	9033	cd0fad6cb25d28c68252f4e33066535c86cac29f9459d0bda4d080b2f73d2811	predicate-828.ibk5.merkle	1	https://kgx.foaf.tv/id/graphwebp029b5c65ba8a06957e	predicate-828.ibk5.lgi2	predicate-828.ibk5.gbi1	0045000000687474..00a9000000687474	0045000000687474..025e000000687474	0
829	https://danbri.github.io/glitchcan-minigam/magpie/cwplans/data-register.json#vocab/hoursText	predicate-829.ibk5	28	2990	c3ee8a01d9a1f2e9bfa4dc4d2148468955a045a964fcb47531dda12d8041ce84	predicate-829.ibk5.merkle	1	https://kgx.foaf.tv/id/graphwebp029b5c65ba8a06957e	predicate-829.ibk5.lgi2	predicate-829.ibk5.gbi1	004e000000687474..0069000000687474	020e000000467220..021100000054682d	0
830	https://schema.org/postalCode	predicate-830.ibk5	14	2615	3cd0701e6e5508a9a29802f092ef895b7d7ee579d3c933b4909d09e815756328	predicate-830.ibk5.merkle	1	https://kgx.foaf.tv/id/graphwebp029b5c65ba8a06957e	predicate-830.ibk5.lgi2	predicate-830.ibk5.gbi1	004a000000687474..004a000000687474	0207000000453134..0230000000504945	0
831	https://schema.org/parentOrganization	predicate-831.ibk5	3	549	bd5db69e87dc58e41fe690b6d3e4e7be03bd9dded662665d84d0984068ec4a62	predicate-831.ibk5.merkle	1	https://kgx.foaf.tv/id/graphwebp029b5c65ba8a06957e	predicate-831.ibk5.lgi2	predicate-831.ibk5.gbi1	0049000000687474..004c000000687474	0026000000687474..0033000000687474	0
832	https://schema.org/brand	predicate-832.ibk5	3	636	ae9954b5e10e7e1fdac2d872bebc624018536c335c5568fc7fcc1c24fd9fecab	predicate-832.ibk5.merkle	1	https://kgx.foaf.tv/id/graphwebp029b5c65ba8a06957e	predicate-832.ibk5.lgi2	predicate-832.ibk5.gbi1	0048000000687474..004e000000687474	0030000000687474..0045000000687474	0
833	https://schema.org/branchCode	predicate-833.ibk5	4	775	121199cd26f3be58a71b8606ee8f79628b855f677dbe53629fa63546b9c389de	predicate-833.ibk5.merkle	1	https://kgx.foaf.tv/id/graphwebp029b5c65ba8a06957e	predicate-833.ibk5.lgi2	predicate-833.ibk5.gbi1	004e000000687474..0057000000687474	0202000000333927..0205000000313035	0
