# index	predicate	file	rows	bytes	sha256	merkle-leaves	graphs	graph-set	literal-index	geo-index	subject-zone	object-zone	blobs
0	http://www.opengis.net/ont/geosparql#hasGeometry	predicate-0.ibk5	224	34016	4a65e215860eedd6df3d0b91ca7bd6d28526dc8d4751dd250aaebfe929fed645	predicate-0.ibk5.merkle	1	https://danbri.github.io/londat/kgx/graph/buildings.p00/3fa086f639aa1bdc	predicate-0.ibk5.lgi2	predicate-0.ibk5.gbi1	0038000000687474..0038000000687474	0041000000687474..0041000000687474	0
1	http://www.w3.org/1999/02/22-rdf-syntax-ns#type	predicate-1.ibk5	448	22891	7d337b5b91979fd3e1a356067e1c6dd73efca790252c6de73f81a3b934cf0d6f	predicate-1.ibk5.merkle	1	https://danbri.github.io/londat/kgx/graph/buildings.p00/3fa086f639aa1bdc	predicate-1.ibk5.lgi2	predicate-1.ibk5.gbi1	0038000000687474..0038000000687474	0018000000687474..0032000000687474	0
2	https://danbri.github.io/londat/kgx/vocab#buildingTag	predicate-2.ibk5	224	19469	ef4a9ab45d3b4ccc3e1143a4303012eaac5d491d704e8ddf5a2fe10c919af647	predicate-2.ibk5.merkle	1	https://danbri.github.io/londat/kgx/graph/buildings.p00/3fa086f639aa1bdc	predicate-2.ibk5.lgi2	predicate-2.ibk5.gbi1	0038000000687474..0038000000687474	0203000000796573..020d000000747261	0
3	https://danbri.github.io/londat/kgx/vocab#footprintAreaM2	predicate-3.ibk5	224	28007	9e13577266877a9d8bf7fd501543e5fae13b4ebf2857b9af789d3573bcab0864	predicate-3.ibk5.merkle	1	https://danbri.github.io/londat/kgx/graph/buildings.p00/3fa086f639aa1bdc	predicate-3.ibk5.lgi2	predicate-3.ibk5.gbi1	0038000000687474..0038000000687474	0201000000352800..0204000000333631	0
4	https://danbri.github.io/londat/kgx/vocab#houseName	predicate-4.ibk5	35	5227	56d758d6458e04297a8d4c9c8dd7fbad4aced6bcfc2ddf26b60a3a54125413ae	predicate-4.ibk5.merkle	1	https://danbri.github.io/londat/kgx/graph/buildings.p00/3fa086f639aa1bdc	predicate-4.ibk5.lgi2	predicate-4.ibk5.gbi1	0038000000687474..0038000000687474	020b000000437275..0217000000546865	0
5	https://danbri.github.io/londat/kgx/vocab#levels	predicate-5.ibk5	114	9932	bf499be65aa714fb92b0665e50275b9d1a0a3afc375c8cb145a9901f07f0316f	predicate-5.ibk5.merkle	1	https://danbri.github.io/londat/kgx/graph/buildings.p00/3fa086f639aa1bdc	predicate-5.ibk5.lgi2	predicate-5.ibk5.gbi1	0038000000687474..0038000000687474	0201000000312800..0202000000333028	0
6	https://danbri.github.io/londat/kgx/vocab#toid	predicate-6.ibk5	414	46106	6171504292076e0b1886c88f68e9e80aefe626228daca854b355eca9be8f0dff	predicate-6.ibk5.merkle	1	https://danbri.github.io/londat/kgx/graph/buildings.p00/3fa086f639aa1bdc	predicate-6.ibk5.lgi2	predicate-6.ibk5.gbi1	0038000000687474..0038000000687474	02110000006f7367..02140000006f7367	0
7	https://danbri.github.io/londat/kgx/vocab#uprnCount	predicate-7.ibk5	173	16531	3fd3f7944f211027875aadc30234b2d733ba544d3c70ca63b9bf8cd21e3cecb9	predicate-7.ibk5.merkle	1	https://danbri.github.io/londat/kgx/graph/buildings.p00/3fa086f639aa1bdc	predicate-7.ibk5.lgi2	predicate-7.ibk5.gbi1	0038000000687474..0038000000687474	0201000000312800..0202000000393328	0
8	https://schema.org/identifier	predicate-8.ibk5	224	31085	c11b1c74de85724c5da9c0e9c00cf2bfb98e64d05607309b28a2836f800c10b2	predicate-8.ibk5.merkle	1	https://danbri.github.io/londat/kgx/graph/buildings.p00/3fa086f639aa1bdc	predicate-8.ibk5.lgi2	predicate-8.ibk5.gbi1	0038000000687474..0038000000687474	0208000000637762..0208000000637762	0
9	https://schema.org/latitude	predicate-9.ibk5	224	30627	7cb4ca3aed6b4addf0a6fc6cf19e529467745e36db3004b83c866add3c9b330d	predicate-9.ibk5.merkle	1	https://danbri.github.io/londat/kgx/graph/buildings.p00/3fa086f639aa1bdc	predicate-9.ibk5.lgi2	predicate-9.ibk5.gbi1	0038000000687474..0038000000687474	020700000035312e..020900000035312e	0
10	https://schema.org/longitude	predicate-10.ibk5	224	31505	f562acfa64f800a2c6257a1dd7b8a2fc9dc567ba71691e0b9f8182ca7912d10c	predicate-10.ibk5.merkle	1	https://danbri.github.io/londat/kgx/graph/buildings.p00/3fa086f639aa1bdc	predicate-10.ibk5.lgi2	predicate-10.ibk5.gbi1	0038000000687474..0038000000687474	02080000002d302e..02090000002d302e	0
11	https://schema.org/name	predicate-11.ibk5	60	9003	889746387ce91625f8c40f47430abbe46dd014bcf0a57a8cc482100873fde57d	predicate-11.ibk5.merkle	1	https://danbri.github.io/londat/kgx/graph/buildings.p00/3fa086f639aa1bdc	predicate-11.ibk5.lgi2	predicate-11.ibk5.gbi1	0038000000687474..0038000000687474	02050000004c5354..0237000000332050	0
12	https://schema.org/postalCode	predicate-12.ibk5	179	18652	21bac1b2ac469f29a51c42ab0651efb31f36f2594e9f7197b0d26da3e422c6af	predicate-12.ibk5.merkle	1	https://danbri.github.io/londat/kgx/graph/buildings.p00/3fa086f639aa1bdc	predicate-12.ibk5.lgi2	predicate-12.ibk5.gbi1	0038000000687474..0038000000687474	0207000000453134..0207000000453134	0
13	https://schema.org/sameAs	predicate-13.ibk5	224	29104	b5763b381dd40fb85b9c676fcbca6fd0482115c72a893464586536b3f6ee43f6	predicate-13.ibk5.merkle	1	https://danbri.github.io/londat/kgx/graph/buildings.p00/3fa086f639aa1bdc	predicate-13.ibk5.lgi2	predicate-13.ibk5.gbi1	0038000000687474..0038000000687474	002a000000687474..002e000000687474	0
14	http://www.w3.org/2002/07/owl#sameAs	predicate-14.ibk5	10	1430	4de2541bde599ba8ea3ec13d4c014ddc36a1f895d1b23ff58b0880eb1ab4841a	predicate-14.ibk5.merkle	1	https://danbri.github.io/londat/kgx/graph/buildings.p00/3fa086f639aa1bdc	predicate-14.ibk5.lgi2	predicate-14.ibk5.gbi1	0038000000687474..0038000000687474	0026000000687474..0029000000687474	0
15	https://schema.org/alternateName	predicate-15.ibk5	3	626	ac0750ce1a274831da009e13c7dc2c64125c0c78b4f759b767c693ded14e863e	predicate-15.ibk5.merkle	1	https://danbri.github.io/londat/kgx/graph/buildings.p00/3fa086f639aa1bdc	predicate-15.ibk5.lgi2	predicate-15.ibk5.gbi1	0038000000687474..0038000000687474	020e000000436f72..021f000000536169	0
16	https://danbri.github.io/londat/kgx/vocab#heightMetres	predicate-16.ibk5	5	646	2f658a6b8113776fc8ebcd87dddacb838e1b0cbfd10e82a8750d6d8a3494f0bc	predicate-16.ibk5.merkle	1	https://danbri.github.io/londat/kgx/graph/buildings.p00/3fa086f639aa1bdc	predicate-16.ibk5.lgi2	predicate-16.ibk5.gbi1	0038000000687474..0038000000687474	0201000000372800..0201000000372800	0
17	http://www.opengis.net/ont/geosparql#hasGeometry	predicate-17.ibk5	231	35073	975adbe7df76b1efa5fb26e317520dea84aae145eae16336bfb9fd2be631867c	predicate-17.ibk5.merkle	1	https://danbri.github.io/londat/kgx/graph/buildings.p01/ac4fcc1934b3e786	predicate-17.ibk5.lgi2	predicate-17.ibk5.gbi1	0038000000687474..0038000000687474	0041000000687474..0041000000687474	0
18	http://www.w3.org/1999/02/22-rdf-syntax-ns#type	predicate-18.ibk5	462	23598	62fc492c1f38951ea504233cd6ce3bc6a371c7f6cb70374ad78195be0f563f2d	predicate-18.ibk5.merkle	1	https://danbri.github.io/londat/kgx/graph/buildings.p01/ac4fcc1934b3e786	predicate-18.ibk5.lgi2	predicate-18.ibk5.gbi1	0038000000687474..0038000000687474	0018000000687474..0032000000687474	0
19	https://danbri.github.io/londat/kgx/vocab#buildingTag	predicate-19.ibk5	231	20165	486cbd0562cf41dc6a404826517eb05ccf23997a68bbec976c795b47b750f792	predicate-19.ibk5.merkle	1	https://danbri.github.io/londat/kgx/graph/buildings.p01/ac4fcc1934b3e786	predicate-19.ibk5.lgi2	predicate-19.ibk5.gbi1	0038000000687474..0038000000687474	0203000000796573..020e000000796573	0
20	https://danbri.github.io/londat/kgx/vocab#footprintAreaM2	predicate-20.ibk5	231	29411	fb420e90101c576586db9a9e66132ce813d80f7147f946a43070d13e5ed66fa1	predicate-20.ibk5.merkle	1	https://danbri.github.io/londat/kgx/graph/buildings.p01/ac4fcc1934b3e786	predicate-20.ibk5.lgi2	predicate-20.ibk5.gbi1	0038000000687474..0038000000687474	0201000000362800..0205000000313130	0
21	https://danbri.github.io/londat/kgx/vocab#levels	predicate-21.ibk5	104	9951	ee86cfd03b37e7ec20e9d8d0003c9b7fa6fbf5312d8bdf2fd3d06e95abf896a6	predicate-21.ibk5.merkle	1	https://danbri.github.io/londat/kgx/graph/buildings.p01/ac4fcc1934b3e786	predicate-21.ibk5.lgi2	predicate-21.ibk5.gbi1	0038000000687474..0038000000687474	0201000000312800..0202000000353828	0
22	https://danbri.github.io/londat/kgx/vocab#toid	predicate-22.ibk5	246	29686	c1eb04683e324eb23e313007f08bdad46ac71f1e65515aaf46afadbae900fa9d	predicate-22.ibk5.merkle	1	https://danbri.github.io/londat/kgx/graph/buildings.p01/ac4fcc1934b3e786	predicate-22.ibk5.lgi2	predicate-22.ibk5.gbi1	0038000000687474..0038000000687474	02110000006f7367..02140000006f7367	0
23	https://danbri.github.io/londat/kgx/vocab#uprnCount	predicate-23.ibk5	150	15360	ef7d95a0e9c36b95fb646d0e6c6b09acea984d74eae8bb4f536e2eaf1530ae1f	predicate-23.ibk5.merkle	1	https://danbri.github.io/londat/kgx/graph/buildings.p01/ac4fcc1934b3e786	predicate-23.ibk5.lgi2	predicate-23.ibk5.gbi1	0038000000687474..0038000000687474	0201000000312800..0203000000363431	0
24	https://schema.org/identifier	predicate-24.ibk5	231	32051	224fbb8080524eb25d7f2527bc27f27404866f9e4bada43c06ddabc8809e1489	predicate-24.ibk5.merkle	1	https://danbri.github.io/londat/kgx/graph/buildings.p01/ac4fcc1934b3e786	predicate-24.ibk5.lgi2	predicate-24.ibk5.gbi1	0038000000687474..0038000000687474	0208000000637762..0208000000637762	0
25	https://schema.org/latitude	predicate-25.ibk5	231	32254	94078e8a317c33eb60d7c3c67f5657843047c9a595e7de8b7f6df210b915c4e9	predicate-25.ibk5.merkle	1	https://danbri.github.io/londat/kgx/graph/buildings.p01/ac4fcc1934b3e786	predicate-25.ibk5.lgi2	predicate-25.ibk5.gbi1	0038000000687474..0038000000687474	020800000035312e..020900000035312e	0
26	https://schema.org/longitude	predicate-26.ibk5	231	32489	0b800b5b0e2b31fc4df7782c29a58f764650155165265055276a8814b5c8462b	predicate-26.ibk5.merkle	1	https://danbri.github.io/londat/kgx/graph/buildings.p01/ac4fcc1934b3e786	predicate-26.ibk5.lgi2	predicate-26.ibk5.gbi1	0038000000687474..0038000000687474	02080000002d302e..02090000002d302e	0
27	https://schema.org/postalCode	predicate-27.ibk5	226	21220	4642e4907fc105d978d4e8dcdfba98effb433e911288beb4993d9f5575bba9f8	predicate-27.ibk5.merkle	1	https://danbri.github.io/londat/kgx/graph/buildings.p01/ac4fcc1934b3e786	predicate-27.ibk5.lgi2	predicate-27.ibk5.gbi1	0038000000687474..0038000000687474	0207000000453134..0207000000453134	0
28	https://schema.org/sameAs	predicate-28.ibk5	231	30015	dce07ad7aa21760cdb1d6618f5a99c39b4caa072ae18c7cfc9c46a0d7445eba7	predicate-28.ibk5.merkle	1	https://danbri.github.io/londat/kgx/graph/buildings.p01/ac4fcc1934b3e786	predicate-28.ibk5.lgi2	predicate-28.ibk5.gbi1	0038000000687474..0038000000687474	0029000000687474..002f000000687474	0
29	https://danbri.github.io/londat/kgx/vocab#houseName	predicate-29.ibk5	32	4692	94f19ced1681624beb75b4aea3e74d2b48862d8b5de100c5ecf2c63c7af14581	predicate-29.ibk5.merkle	1	https://danbri.github.io/londat/kgx/graph/buildings.p01/ac4fcc1934b3e786	predicate-29.ibk5.lgi2	predicate-29.ibk5.gbi1	0038000000687474..0038000000687474	02070000004d5620..0216000000546865	0
30	http://www.w3.org/2002/07/owl#sameAs	predicate-30.ibk5	34	4348	6e4e1f42f713b7d53b6c79ff17b87c60bf3e33ccf3310dd8971ac524f93550ac	predicate-30.ibk5.merkle	1	https://danbri.github.io/londat/kgx/graph/buildings.p01/ac4fcc1934b3e786	predicate-30.ibk5.lgi2	predicate-30.ibk5.gbi1	0038000000687474..0038000000687474	0026000000687474..0029000000687474	0
31	https://schema.org/name	predicate-31.ibk5	109	15971	48eb86cb58dbccf14c714837cb04623b850a1c1f489a5245fd87132729249734	predicate-31.ibk5.merkle	1	https://danbri.github.io/londat/kgx/graph/buildings.p01/ac4fcc1934b3e786	predicate-31.ibk5.lgi2	predicate-31.ibk5.gbi1	0038000000687474..0038000000687474	02040000004b504d..0231000000416363	0
32	https://danbri.github.io/londat/kgx/vocab#heightMetres	predicate-32.ibk5	15	2092	be41af6fec475d09b54d9159db6a66324ae94bdbac393dfa211294be47289aa0	predicate-32.ibk5.merkle	1	https://danbri.github.io/londat/kgx/graph/buildings.p01/ac4fcc1934b3e786	predicate-32.ibk5.lgi2	predicate-32.ibk5.gbi1	0038000000687474..0038000000687474	0201000000362800..0205000000313939	0
33	https://schema.org/alternateName	predicate-33.ibk5	13	2055	1eca3c9cf35d978229cb3b2293fe13a2d93872e8bbd7046e1edbc0e98905357f	predicate-33.ibk5.merkle	1	https://danbri.github.io/londat/kgx/graph/buildings.p01/ac4fcc1934b3e786	predicate-33.ibk5.lgi2	predicate-33.ibk5.gbi1	0038000000687474..0038000000687474	0207000000485342..021d0000004d6172	0
34	http://www.opengis.net/ont/geosparql#hasGeometry	predicate-34.ibk5	226	34318	c3e430e3ce432d421e481cde7936280e09680a365e86195a9488c4dce9b038b7	predicate-34.ibk5.merkle	1	https://danbri.github.io/londat/kgx/graph/buildings.p02/4e1c64e70af12ffc	predicate-34.ibk5.lgi2	predicate-34.ibk5.gbi1	0038000000687474..0038000000687474	0041000000687474..0041000000687474	0
35	http://www.w3.org/1999/02/22-rdf-syntax-ns#type	predicate-35.ibk5	452	23093	eb91d9e677b9d4cac4f76104dd6ad04aa54dc721870f77bf125666da3342d68f	predicate-35.ibk5.merkle	1	https://danbri.github.io/londat/kgx/graph/buildings.p02/4e1c64e70af12ffc	predicate-35.ibk5.lgi2	predicate-35.ibk5.gbi1	0038000000687474..0038000000687474	0018000000687474..0032000000687474	0
36	https://danbri.github.io/londat/kgx/vocab#buildingTag	predicate-36.ibk5	226	19798	700948cb0f756f96e8ba0ae74fb4de5d96fff56a47e0708515f4583cdf920352	predicate-36.ibk5.merkle	1	https://danbri.github.io/londat/kgx/graph/buildings.p02/4e1c64e70af12ffc	predicate-36.ibk5.lgi2	predicate-36.ibk5.gbi1	0038000000687474..0038000000687474	0203000000687574..020d000000747261	0
37	https://danbri.github.io/londat/kgx/vocab#footprintAreaM2	predicate-37.ibk5	226	27624	93babf5997fb326fb7cd662a362f922db4e1a050e87e654ba947e69546219f12	predicate-37.ibk5.merkle	1	https://danbri.github.io/londat/kgx/graph/buildings.p02/4e1c64e70af12ffc	predicate-37.ibk5.lgi2	predicate-37.ibk5.gbi1	0038000000687474..0038000000687474	0202000000313728..0204000000373136	0
38	https://schema.org/identifier	predicate-38.ibk5	226	31361	727a936c0e5ad12f043f8cc1cec2b2aeb670149fa924bfa6adc94a573179d141	predicate-38.ibk5.merkle	1	https://danbri.github.io/londat/kgx/graph/buildings.p02/4e1c64e70af12ffc	predicate-38.ibk5.lgi2	predicate-38.ibk5.gbi1	0038000000687474..0038000000687474	0208000000637762..0208000000637762	0
39	https://schema.org/latitude	predicate-39.ibk5	226	30905	c7da3496aad2e240ae907ee3fc6f74526e569d48bbe5348f97a63504056cbfac	predicate-39.ibk5.merkle	1	https://danbri.github.io/londat/kgx/graph/buildings.p02/4e1c64e70af12ffc	predicate-39.ibk5.lgi2	predicate-39.ibk5.gbi1	0038000000687474..0038000000687474	020700000035312e..020900000035312e	0
40	https://schema.org/longitude	predicate-40.ibk5	226	31728	65a2e7cbf1dee3bbfee52f5fec25746344782741b737e42927f63df343359214	predicate-40.ibk5.merkle	1	https://danbri.github.io/londat/kgx/graph/buildings.p02/4e1c64e70af12ffc	predicate-40.ibk5.lgi2	predicate-40.ibk5.gbi1	0038000000687474..0038000000687474	02060000002d302e..02090000002d302e	0
41	https://schema.org/postalCode	predicate-41.ibk5	270	24917	abc1725b77c5b32d84bb3894715cc30b1364949bbab7caeca239347389ecfb98	predicate-41.ibk5.merkle	1	https://danbri.github.io/londat/kgx/graph/buildings.p02/4e1c64e70af12ffc	predicate-41.ibk5.lgi2	predicate-41.ibk5.gbi1	0038000000687474..0038000000687474	0207000000453134..0207000000453232	0
42	https://schema.org/sameAs	predicate-42.ibk5	226	29357	3dffa93067948f6735d092de261d586d9741edb4fa5da9dcde4e5889b319a5d8	predicate-42.ibk5.merkle	1	https://danbri.github.io/londat/kgx/graph/buildings.p02/4e1c64e70af12ffc	predicate-42.ibk5.lgi2	predicate-42.ibk5.gbi1	0038000000687474..0038000000687474	002a000000687474..002c000000687474	0
43	https://danbri.github.io/londat/kgx/vocab#toid	predicate-43.ibk5	199	26313	b255064ca3086cbdcd05124989c543df2663b91fec83591d4e5bf85eec98426c	predicate-43.ibk5.merkle	1	https://danbri.github.io/londat/kgx/graph/buildings.p02/4e1c64e70af12ffc	predicate-43.ibk5.lgi2	predicate-43.ibk5.gbi1	0038000000687474..0038000000687474	02110000006f7367..02140000006f7367	0
44	https://danbri.github.io/londat/kgx/vocab#uprnCount	predicate-44.ibk5	159	15933	1ebf35d970bed7a7876f978be23b7e032950cdeddf46b582e85e0dfe79680819	predicate-44.ibk5.merkle	1	https://danbri.github.io/londat/kgx/graph/buildings.p02/4e1c64e70af12ffc	predicate-44.ibk5.lgi2	predicate-44.ibk5.gbi1	0038000000687474..0038000000687474	0201000000312800..0203000000393936	0
45	http://www.w3.org/2002/07/owl#sameAs	predicate-45.ibk5	28	3686	93554db228cc432c454d92cb0c2849085cd554a138c03b5ce04ed2fa766d62ac	predicate-45.ibk5.merkle	1	https://danbri.github.io/londat/kgx/graph/buildings.p02/4e1c64e70af12ffc	predicate-45.ibk5.lgi2	predicate-45.ibk5.gbi1	0038000000687474..0038000000687474	0026000000687474..0029000000687474	0
46	https://danbri.github.io/londat/kgx/vocab#heightMetres	predicate-46.ibk5	40	4375	3aa83bcad53ec561ac3f54946904bbda4bc0b994ea1e11aa7aa6b4457c92306f	predicate-46.ibk5.merkle	1	https://danbri.github.io/londat/kgx/graph/buildings.p02/4e1c64e70af12ffc	predicate-46.ibk5.lgi2	predicate-46.ibk5.gbi1	0038000000687474..0038000000687474	0201000000342800..020500000037302e	0
47	https://danbri.github.io/londat/kgx/vocab#levels	predicate-47.ibk5	136	12959	98d80e4d71fa4706750b4576f5ff8a6bad7e2ea1204b146dc0daf53b8d94f821	predicate-47.ibk5.merkle	1	https://danbri.github.io/londat/kgx/graph/buildings.p02/4e1c64e70af12ffc	predicate-47.ibk5.lgi2	predicate-47.ibk5.gbi1	0038000000687474..0038000000687474	0201000000312800..0202000000373528	0
48	https://schema.org/alternateName	predicate-48.ibk5	11	1735	60bf0708e2b58716189adba8c0ffaadb8db55ad19ffa8ea67f453abab9bd2904	predicate-48.ibk5.merkle	1	https://danbri.github.io/londat/kgx/graph/buildings.p02/4e1c64e70af12ffc	predicate-48.ibk5.lgi2	predicate-48.ibk5.gbi1	0038000000687474..0038000000687474	0204000000436974..021e000000486f62	0
49	https://schema.org/name	predicate-49.ibk5	82	12389	57f747c770f4468dce1a3a2ac9253415ca5a7c2635711d5117d11b9d3f3943b8	predicate-49.ibk5.merkle	1	https://danbri.github.io/londat/kgx/graph/buildings.p02/4e1c64e70af12ffc	predicate-49.ibk5.lgi2	predicate-49.ibk5.gbi1	0038000000687474..0038000000687474	0207000000416e69..0235000000416363	0
50	https://danbri.github.io/londat/kgx/vocab#houseName	predicate-50.ibk5	41	6411	44c420c182a92db422ef5f947ec0b6afb2f3c8e9b0c1ecd702bceaec87e8ca24	predicate-50.ibk5.merkle	1	https://danbri.github.io/londat/kgx/graph/buildings.p02/4e1c64e70af12ffc	predicate-50.ibk5.lgi2	predicate-50.ibk5.gbi1	0038000000687474..0038000000687474	020b000000416172..021d000000427269	0
51	https://danbri.github.io/londat/kgx/vocab#levelsUnderground	predicate-51.ibk5	2	408	1d825ab0ac253339a84e09bb6e564dd83df25596f6a399f8e474f0b19c7beb8a	predicate-51.ibk5.merkle	1	https://danbri.github.io/londat/kgx/graph/buildings.p02/4e1c64e70af12ffc	predicate-51.ibk5.lgi2	predicate-51.ibk5.gbi1	0038000000687474..0038000000687474	0201000000322800..0201000000322800	0
52	http://www.opengis.net/ont/geosparql#hasGeometry	predicate-52.ibk5	231	35073	342e5ff1530562c3c388926799d247b50abbd52c5e240e94b9e8cb246383be3d	predicate-52.ibk5.merkle	1	https://danbri.github.io/londat/kgx/graph/buildings.p03/d0ff8f12846a91c6	predicate-52.ibk5.lgi2	predicate-52.ibk5.gbi1	0038000000687474..0038000000687474	0041000000687474..0041000000687474	0
53	http://www.w3.org/1999/02/22-rdf-syntax-ns#type	predicate-53.ibk5	462	23598	04b69dce6cc3e05467f67e00d641a8c0948f48f09bef72d1b20dee7f87359a50	predicate-53.ibk5.merkle	1	https://danbri.github.io/londat/kgx/graph/buildings.p03/d0ff8f12846a91c6	predicate-53.ibk5.lgi2	predicate-53.ibk5.gbi1	0038000000687474..0038000000687474	0018000000687474..0032000000687474	0
54	https://danbri.github.io/londat/kgx/vocab#buildingTag	predicate-54.ibk5	231	19917	58491ee2fe12e68cd0239622cf6eda5f8872d57f63d6ad145ab086e71f2a32a9	predicate-54.ibk5.merkle	1	https://danbri.github.io/londat/kgx/graph/buildings.p03/d0ff8f12846a91c6	predicate-54.ibk5.lgi2	predicate-54.ibk5.gbi1	0038000000687474..0038000000687474	0203000000687574..020e000000747261	0
55	https://danbri.github.io/londat/kgx/vocab#footprintAreaM2	predicate-55.ibk5	231	27317	eed3b59819ba6871d3579bfe108fc9153f7c6edef10d152c9f8690a6fbf042a0	predicate-55.ibk5.merkle	1	https://danbri.github.io/londat/kgx/graph/buildings.p03/d0ff8f12846a91c6	predicate-55.ibk5.lgi2	predicate-55.ibk5.gbi1	0038000000687474..0038000000687474	0201000000372800..0204000000333839	0
56	https://danbri.github.io/londat/kgx/vocab#houseName	predicate-56.ibk5	37	5505	0af5e99899f1fbed66e36f207deda43b7c26e6fb3213e6172f88d8f4a3d0e5b7	predicate-56.ibk5.merkle	1	https://danbri.github.io/londat/kgx/graph/buildings.p03/d0ff8f12846a91c6	predicate-56.ibk5.lgi2	predicate-56.ibk5.gbi1	0038000000687474..0038000000687474	020a000000446f6c..021e000000446973	0
57	https://danbri.github.io/londat/kgx/vocab#levels	predicate-57.ibk5	138	12654	f43d9f458b4e3e9346e2e479c479b42c7623e3f6fbbfcf76d2fb1e3e32272f46	predicate-57.ibk5.merkle	1	https://danbri.github.io/londat/kgx/graph/buildings.p03/d0ff8f12846a91c6	predicate-57.ibk5.lgi2	predicate-57.ibk5.gbi1	0038000000687474..0038000000687474	0201000000312800..0203000000322e35	0
58	https://schema.org/identifier	predicate-58.ibk5	231	32051	31e3a6d3bdbf7062266689c2387f5ba653dc8aa028d6b7f6a7f342b81e7ba324	predicate-58.ibk5.merkle	1	https://danbri.github.io/londat/kgx/graph/buildings.p03/d0ff8f12846a91c6	predicate-58.ibk5.lgi2	predicate-58.ibk5.gbi1	0038000000687474..0038000000687474	0208000000637762..0208000000637762	0
59	https://schema.org/latitude	predicate-59.ibk5	231	31896	582a720dbb4870420c68dfb3410ff2adceb9d0c0ad5034cc6b38fe15fe72cf1a	predicate-59.ibk5.merkle	1	https://danbri.github.io/londat/kgx/graph/buildings.p03/d0ff8f12846a91c6	predicate-59.ibk5.lgi2	predicate-59.ibk5.gbi1	0038000000687474..0038000000687474	020700000035312e..020900000035312e	0
60	https://schema.org/longitude	predicate-60.ibk5	231	32497	ab080dfd924e371cc01c708321ee0467e3967641b5b442dfaa60662555ec611c	predicate-60.ibk5.merkle	1	https://danbri.github.io/londat/kgx/graph/buildings.p03/d0ff8f12846a91c6	predicate-60.ibk5.lgi2	predicate-60.ibk5.gbi1	0038000000687474..0038000000687474	02070000002d302e..02090000002d302e	0
61	https://schema.org/postalCode	predicate-61.ibk5	240	23344	c29f0c5d636d41c84752e7db3342787ca3cc391e7c352b318adf3846c307e8de	predicate-61.ibk5.merkle	1	https://danbri.github.io/londat/kgx/graph/buildings.p03/d0ff8f12846a91c6	predicate-61.ibk5.lgi2	predicate-61.ibk5.gbi1	0038000000687474..0038000000687474	0207000000453134..0207000000453232	0
62	https://schema.org/sameAs	predicate-62.ibk5	231	29995	98156a5b98897c6021b2302333346fd2b161054f742148b69425b5bd8e554d17	predicate-62.ibk5.merkle	1	https://danbri.github.io/londat/kgx/graph/buildings.p03/d0ff8f12846a91c6	predicate-62.ibk5.lgi2	predicate-62.ibk5.gbi1	0038000000687474..0038000000687474	002a000000687474..002c000000687474	0
63	https://danbri.github.io/londat/kgx/vocab#toid	predicate-63.ibk5	261	33274	a5a2e93732a963734baa1c8b040b12d48f57ad01c87b948532b1e6f1c6666627	predicate-63.ibk5.merkle	1	https://danbri.github.io/londat/kgx/graph/buildings.p03/d0ff8f12846a91c6	predicate-63.ibk5.lgi2	predicate-63.ibk5.gbi1	0038000000687474..0038000000687474	02110000006f7367..02140000006f7367	0
64	https://danbri.github.io/londat/kgx/vocab#uprnCount	predicate-64.ibk5	186	18383	95a9a8a4d0c90e12a1a77f1a46edff223a9b85553bd9930d6709396380a0f019	predicate-64.ibk5.merkle	1	https://danbri.github.io/londat/kgx/graph/buildings.p03/d0ff8f12846a91c6	predicate-64.ibk5.lgi2	predicate-64.ibk5.gbi1	0038000000687474..0038000000687474	0201000000312800..0203000000373939	0
65	https://schema.org/name	predicate-65.ibk5	42	6379	3111c07dfdcde4891345aa52c335cae09ea5bdaaffb9ee544e44d12c1632b46b	predicate-65.ibk5.merkle	1	https://danbri.github.io/londat/kgx/graph/buildings.p03/d0ff8f12846a91c6	predicate-65.ibk5.lgi2	predicate-65.ibk5.gbi1	0038000000687474..0038000000687474	020a00000041636f..0222000000556e69	0
66	http://www.w3.org/2002/07/owl#sameAs	predicate-66.ibk5	14	1938	7e107dc477cc5bcd9cbb4aacb46bb78a7aac1e9be41fef95b16cee7d9adbe130	predicate-66.ibk5.merkle	1	https://danbri.github.io/londat/kgx/graph/buildings.p03/d0ff8f12846a91c6	predicate-66.ibk5.lgi2	predicate-66.ibk5.gbi1	0038000000687474..0038000000687474	0027000000687474..0029000000687474	0
67	https://danbri.github.io/londat/kgx/vocab#heightMetres	predicate-67.ibk5	5	858	a5b48db2390109750f2fd9576051a8a48d97fb0d2786bb10026ab38a85847443	predicate-67.ibk5.merkle	1	https://danbri.github.io/londat/kgx/graph/buildings.p03/d0ff8f12846a91c6	predicate-67.ibk5.lgi2	predicate-67.ibk5.gbi1	0038000000687474..0038000000687474	0201000000362800..020500000032372e	0
68	http://www.opengis.net/ont/geosparql#asWKT	predicate-68.ibk5	66	26686	f14ba64d469248eae22345bb84c89471b2447bae3a956a59e257746740f3440e	predicate-68.ibk5.merkle	1	https://danbri.github.io/londat/kgx/graph/buildings.p04/b8e93f38612598cd	predicate-68.ibk5.lgi2	predicate-68.ibk5.gbi1	0041000000687474..0041000000687474	0205010000504f4c..02fd020000504f4c	0
69	http://www.w3.org/1999/02/22-rdf-syntax-ns#type	predicate-69.ibk5	500	28182	48635e5a2945b9fb88eebd20adf46440776080e9a74fcbadfb5d8fd07af31647	predicate-69.ibk5.merkle	1	https://danbri.github.io/londat/kgx/graph/buildings.p04/b8e93f38612598cd	predicate-69.ibk5.lgi2	predicate-69.ibk5.gbi1	0038000000687474..0041000000687474	0018000000687474..0032000000687474	0
70	http://www.opengis.net/ont/geosparql#hasGeometry	predicate-70.ibk5	217	32959	8d8c8e02fa014109c2eeab741e06a5b15384450a105da0737c5ddadcf64fd221	predicate-70.ibk5.merkle	1	https://danbri.github.io/londat/kgx/graph/buildings.p04/b8e93f38612598cd	predicate-70.ibk5.lgi2	predicate-70.ibk5.gbi1	0038000000687474..0038000000687474	0041000000687474..0041000000687474	0
71	https://danbri.github.io/londat/kgx/vocab#buildingTag	predicate-71.ibk5	217	18500	6a1fecf8c0a5d7c8812fe6d7beff1312ecfc2f7f275dd7608992390ee6165672	predicate-71.ibk5.merkle	1	https://danbri.github.io/londat/kgx/graph/buildings.p04/b8e93f38612598cd	predicate-71.ibk5.lgi2	predicate-71.ibk5.gbi1	0038000000687474..0038000000687474	0203000000796573..020b000000726573	0
72	https://danbri.github.io/londat/kgx/vocab#footprintAreaM2	predicate-72.ibk5	217	24362	a44ac0e44fe67581c57af5a999f828b1ae9feff51e159d488d44e3d67a634914	predicate-72.ibk5.merkle	1	https://danbri.github.io/londat/kgx/graph/buildings.p04/b8e93f38612598cd	predicate-72.ibk5.lgi2	predicate-72.ibk5.gbi1	0038000000687474..0038000000687474	0201000000362800..0204000000333139	0
73	https://danbri.github.io/londat/kgx/vocab#levels	predicate-73.ibk5	141	12428	e6d597acd98b7f8f5cbcb577752d84331a368b427082cf2b9f2dae75849e755e	predicate-73.ibk5.merkle	1	https://danbri.github.io/londat/kgx/graph/buildings.p04/b8e93f38612598cd	predicate-73.ibk5.lgi2	predicate-73.ibk5.gbi1	0038000000687474..0038000000687474	0201000000312800..0202000000343128	0
74	https://danbri.github.io/londat/kgx/vocab#toid	predicate-74.ibk5	292	36998	6f10fc54f73463ad0e39be941f8114501f4ffd0ac548cc60b117c995103ffab2	predicate-74.ibk5.merkle	1	https://danbri.github.io/londat/kgx/graph/buildings.p04/b8e93f38612598cd	predicate-74.ibk5.lgi2	predicate-74.ibk5.gbi1	0038000000687474..0038000000687474	02110000006f7367..02140000006f7367	0
75	https://danbri.github.io/londat/kgx/vocab#uprnCount	predicate-75.ibk5	200	18624	010fb24334fb2fe12d9bbc7bfe7264558ff4c17de1ab9c193a08ae7ba2d1e5f2	predicate-75.ibk5.merkle	1	https://danbri.github.io/londat/kgx/graph/buildings.p04/b8e93f38612598cd	predicate-75.ibk5.lgi2	predicate-75.ibk5.gbi1	0038000000687474..0038000000687474	0201000000312800..0203000000353238	0
76	https://schema.org/identifier	predicate-76.ibk5	217	30119	613343c96866e14a6666f6fdf9a9cfdfffdbd032719e9b9f334dad9d3e6be1da	predicate-76.ibk5.merkle	1	https://danbri.github.io/londat/kgx/graph/buildings.p04/b8e93f38612598cd	predicate-76.ibk5.lgi2	predicate-76.ibk5.gbi1	0038000000687474..0038000000687474	0208000000637762..0208000000637762	0
77	https://schema.org/latitude	predicate-77.ibk5	217	29519	cc3ec624b63ccdac270fabe0f71d04e614bca6e3ba3b1e911f7e2bb267e4ab36	predicate-77.ibk5.merkle	1	https://danbri.github.io/londat/kgx/graph/buildings.p04/b8e93f38612598cd	predicate-77.ibk5.lgi2	predicate-77.ibk5.gbi1	0038000000687474..0038000000687474	020600000035312e..020900000035312e	0
78	https://schema.org/longitude	predicate-78.ibk5	217	30290	4e9861c89198cddfa6bfb58e3eb4912c58baa5f75f3e81e6808462d1856a4158	predicate-78.ibk5.merkle	1	https://danbri.github.io/londat/kgx/graph/buildings.p04/b8e93f38612598cd	predicate-78.ibk5.lgi2	predicate-78.ibk5.gbi1	0038000000687474..0038000000687474	02070000002d302e..02090000002d302e	0
79	https://schema.org/postalCode	predicate-79.ibk5	231	21951	9911329cb248e1eb289963687d8351105477add63c7c96962ee8113bc1baa089	predicate-79.ibk5.merkle	1	https://danbri.github.io/londat/kgx/graph/buildings.p04/b8e93f38612598cd	predicate-79.ibk5.lgi2	predicate-79.ibk5.gbi1	0038000000687474..0038000000687474	0207000000453134..0207000000453134	0
80	https://schema.org/sameAs	predicate-80.ibk5	217	28228	f12ba60836d8b8de48f04a069f36959b798dcfa3ae4a826a620a0a4bb5cdaac9	predicate-80.ibk5.merkle	1	https://danbri.github.io/londat/kgx/graph/buildings.p04/b8e93f38612598cd	predicate-80.ibk5.lgi2	predicate-80.ibk5.gbi1	0038000000687474..0038000000687474	002a000000687474..002c000000687474	0
81	https://schema.org/name	predicate-81.ibk5	22	3405	2aa7c4d2d3457493092e9c3ac26cdaf2318f1a669427680eb3abe89c0068997d	predicate-81.ibk5.merkle	1	https://danbri.github.io/londat/kgx/graph/buildings.p04/b8e93f38612598cd	predicate-81.ibk5.lgi2	predicate-81.ibk5.gbi1	0038000000687474..0038000000687474	0208000000546563..0223000000506172	0
82	https://danbri.github.io/londat/kgx/vocab#houseName	predicate-82.ibk5	25	3702	2b493a4c7242c7b68e940e70404f1f701d18bf8a7641c7e17ed8c5bb462a6af9	predicate-82.ibk5.merkle	1	https://danbri.github.io/londat/kgx/graph/buildings.p04/b8e93f38612598cd	predicate-82.ibk5.lgi2	predicate-82.ibk5.gbi1	0038000000687474..0038000000687474	0209000000417368..0217000000546f6f	0
83	http://www.w3.org/2002/07/owl#sameAs	predicate-83.ibk5	3	550	1596f63790eea8ddf68c9a85f35b6471cc80082a2cde273fd9a6b4bee5c5a1c3	predicate-83.ibk5.merkle	1	https://danbri.github.io/londat/kgx/graph/buildings.p04/b8e93f38612598cd	predicate-83.ibk5.lgi2	predicate-83.ibk5.gbi1	0038000000687474..0038000000687474	0028000000687474..0028000000687474	0
84	https://danbri.github.io/londat/kgx/vocab#heightMetres	predicate-84.ibk5	2	456	ea0d6f1a9f2721f7a9c80fd7e23fa75c1c84a66a5ab9b730d1fcea6e9a1efc20	predicate-84.ibk5.merkle	1	https://danbri.github.io/londat/kgx/graph/buildings.p04/b8e93f38612598cd	predicate-84.ibk5.lgi2	predicate-84.ibk5.gbi1	0038000000687474..0038000000687474	0202000000333428..0202000000333928	0
85	http://www.opengis.net/ont/geosparql#asWKT	predicate-85.ibk5	1063	385209	4dcacba3edbd6aecb6d71a6980fd83db6ed5299f0cc0da71c0a7da85cc527a66	predicate-85.ibk5.merkle	1	https://danbri.github.io/londat/kgx/graph/buildings.p05/6bd2246a750ed380	predicate-85.ibk5.lgi2	predicate-85.ibk5.gbi1	0041000000687474..0041000000687474	0201020000504f4c..02fd020000504f4c	0
86	http://www.w3.org/1999/02/22-rdf-syntax-ns#type	predicate-86.ibk5	1063	95935	983896b13b8fc4e0641e69437ffbd45833d03fcc72498cdbc44f18bd63864b3b	predicate-86.ibk5.merkle	1	https://danbri.github.io/londat/kgx/graph/buildings.p05/6bd2246a750ed380	predicate-86.ibk5.lgi2	predicate-86.ibk5.gbi1	0041000000687474..0041000000687474	002d000000687474..002d000000687474	0
87	https://danbri.github.io/londat/kgx/vocab#descriptionKind	predicate-87.ibk5	427	55390	fb32789bcea2763b97e884d0bdec2e1d918e0b6198e9f26b3a08e521cc0f5677	predicate-87.ibk5.merkle	1	https://danbri.github.io/londat/kgx/graph/coref-iri.p00/25bfbdb2f6b9d434	predicate-87.ibk5.lgi2	predicate-87.ibk5.gbi1	0068000000687474..0068000000687474	02030000006f7267..0205000000706c61	0
88	https://schema.org/name	predicate-88.ibk5	425	56713	83dd3046b85e3140d2ae336e278022009229e8766121e8755c627c4b7e722166	predicate-88.ibk5.merkle	1	https://danbri.github.io/londat/kgx/graph/coref-iri.p00/25bfbdb2f6b9d434	predicate-88.ibk5.lgi2	predicate-88.ibk5.gbi1	0068000000687474..0068000000687474	0203000000444d52..021e000000497461	0
89	https://schema.org/subjectOf	predicate-89.ibk5	427	93237	d9ca58d4120b56ea4d665d8bc92c0d4e917a27fca858bff84183c76b5578100c	predicate-89.ibk5.merkle	1	https://danbri.github.io/londat/kgx/graph/coref-iri.p00/25bfbdb2f6b9d434	predicate-89.ibk5.lgi2	predicate-89.ibk5.gbi1	0068000000687474..0068000000687474	0014000000687474..0081000000687474	0
90	http://www.w3.org/2002/07/owl#sameAs	predicate-90.ibk5	397	54663	fdb388be0878b7480e21a2322947abd95c73d3c673355eb24ecf34c256093d21	predicate-90.ibk5.merkle	1	https://danbri.github.io/londat/kgx/graph/coref-iri.p00/25bfbdb2f6b9d434	predicate-90.ibk5.lgi2	predicate-90.ibk5.gbi1	0068000000687474..0068000000687474	0068000000687474..0068000000687474	0
91	https://danbri.github.io/londat/kgx/vocab#descriptionKind	predicate-91.ibk5	84	11093	cdb7b7577d3c219e2f92515b34eba6905f5072d96533bd141738ee966d8a38c7	predicate-91.ibk5.merkle	1	https://danbri.github.io/londat/kgx/graph/coref-postcode-name.p00/70fa8d3ca6d17dea	predicate-91.ibk5.lgi2	predicate-91.ibk5.gbi1	0068000000687474..0068000000687474	0205000000706c61..0205000000706c61	0
92	https://schema.org/name	predicate-92.ibk5	84	13260	5aa9716a2f0e53820b9fb46de0029d166fe1af5ec034271e09e03cb9a4673d80	predicate-92.ibk5.merkle	1	https://danbri.github.io/londat/kgx/graph/coref-postcode-name.p00/70fa8d3ca6d17dea	predicate-92.ibk5.lgi2	predicate-92.ibk5.gbi1	0068000000687474..0068000000687474	02040000004d6f73..022d000000517565	0
93	https://schema.org/subjectOf	predicate-93.ibk5	84	13425	7c251ca34b180d92a7f3d82baca336ef1423841df7f73450f07304e1d7b6b062	predicate-93.ibk5.merkle	1	https://danbri.github.io/londat/kgx/graph/coref-postcode-name.p00/70fa8d3ca6d17dea	predicate-93.ibk5.lgi2	predicate-93.ibk5.gbi1	0068000000687474..0068000000687474	0013000000687474..0047000000687474	0
94	http://www.w3.org/2002/07/owl#sameAs	predicate-94.ibk5	49	10318	2cfa629ec561fbdd01601f36e3529e564ef0eaa0f0d6441126418b3d8c1655d5	predicate-94.ibk5.merkle	1	https://danbri.github.io/londat/kgx/graph/coref-postcode-name.p00/70fa8d3ca6d17dea	predicate-94.ibk5.lgi2	predicate-94.ibk5.gbi1	0068000000687474..0068000000687474	0068000000687474..0068000000687474	0
95	https://danbri.github.io/londat/kgx/vocab#descriptionKind	predicate-95.ibk5	427	55393	d50d1c47d3a7bccf152234abf81778229d7afbc5b046bf43d761b9d50cc48986	predicate-95.ibk5.merkle	1	https://danbri.github.io/londat/kgx/graph/coref-sameAs.p00/041226af9602ae32	predicate-95.ibk5.lgi2	predicate-95.ibk5.gbi1	0068000000687474..0068000000687474	02030000006f7267..0205000000706c61	0
96	https://schema.org/name	predicate-96.ibk5	426	56833	ba7cd01c50b6677b264969e6c4b009246b903b5cf995ff5ff129716cadafbc20	predicate-96.ibk5.merkle	1	https://danbri.github.io/londat/kgx/graph/coref-sameAs.p00/041226af9602ae32	predicate-96.ibk5.lgi2	predicate-96.ibk5.gbi1	0068000000687474..0068000000687474	0203000000444d52..021a000000546f72	0
97	https://schema.org/subjectOf	predicate-97.ibk5	427	93269	56556c1f079523aad7b30edafef286d856e6ddfa4953a24f5633f8c84e61cdaa	predicate-97.ibk5.merkle	1	https://danbri.github.io/londat/kgx/graph/coref-sameAs.p00/041226af9602ae32	predicate-97.ibk5.lgi2	predicate-97.ibk5.gbi1	0068000000687474..0068000000687474	0013000000687474..0081000000687474	0
98	http://www.w3.org/2002/07/owl#sameAs	predicate-98.ibk5	400	54726	f007fa4bd1dba66e7860632f0b2be40cdced9bf9839d4bb4d40eafac1e1f09ca	predicate-98.ibk5.merkle	1	https://danbri.github.io/londat/kgx/graph/coref-sameAs.p00/041226af9602ae32	predicate-98.ibk5.lgi2	predicate-98.ibk5.gbi1	0068000000687474..0068000000687474	0068000000687474..0068000000687474	0
99	https://danbri.github.io/londat/kgx/vocab#descriptionKind	predicate-99.ibk5	162	21203	fe6bec0968a8dba6c3c68635ae9b9fdfcb0c30009f9257767a591d01842fc692	predicate-99.ibk5.merkle	1	https://danbri.github.io/londat/kgx/graph/coref-site-name.p00/b5b031a4b3141c7e	predicate-99.ibk5.lgi2	predicate-99.ibk5.gbi1	0068000000687474..0068000000687474	02030000006f7267..0205000000706c61	0
100	https://schema.org/name	predicate-100.ibk5	162	24601	712fea4ee92ac37194929fbcb108b9db925df0bf8a0045c4bae7f586faed14f6	predicate-100.ibk5.merkle	1	https://danbri.github.io/londat/kgx/graph/coref-site-name.p00/b5b031a4b3141c7e	predicate-100.ibk5.lgi2	predicate-100.ibk5.gbi1	0068000000687474..0068000000687474	0203000000444d52..022d000000517565	0
101	https://schema.org/subjectOf	predicate-101.ibk5	162	24600	bf6470c745f5e4e1ed16af6e216392464c23f844fb36968390d7f2105e9848be	predicate-101.ibk5.merkle	1	https://danbri.github.io/londat/kgx/graph/coref-site-name.p00/b5b031a4b3141c7e	predicate-101.ibk5.lgi2	predicate-101.ibk5.gbi1	0068000000687474..0068000000687474	0013000000687474..0067000000687474	0
102	http://www.w3.org/2002/07/owl#sameAs	predicate-102.ibk5	107	19976	ed12e464e0ae1504ede1c3470bc8ce1701a94d8247afccedab9c49fb16f3efb0	predicate-102.ibk5.merkle	1	https://danbri.github.io/londat/kgx/graph/coref-site-name.p00/b5b031a4b3141c7e	predicate-102.ibk5.lgi2	predicate-102.ibk5.gbi1	0068000000687474..0068000000687474	0068000000687474..0068000000687474	0
103	https://danbri.github.io/londat/kgx/vocab#descriptionKind	predicate-103.ibk5	47	6368	38922e36915f76e430a5f5d5a608448464f94a7c510fa505951d9b616d7a376b	predicate-103.ibk5.merkle	1	https://danbri.github.io/londat/kgx/graph/coref-telephone.p00/980586e88e281dff	predicate-103.ibk5.lgi2	predicate-103.ibk5.gbi1	0068000000687474..0068000000687474	02030000006f7267..0205000000706c61	0
104	https://schema.org/name	predicate-104.ibk5	47	7398	bdd245ba384538309eccc7f72d4b28b10e8325e8c9862a625f4e524cba7c36a9	predicate-104.ibk5.merkle	1	https://danbri.github.io/londat/kgx/graph/coref-telephone.p00/980586e88e281dff	predicate-104.ibk5.lgi2	predicate-104.ibk5.gbi1	0068000000687474..0068000000687474	02040000004d6f73..021a000000446972	0
105	https://schema.org/subjectOf	predicate-105.ibk5	47	7719	f4fdd010c8cb45995ce52d25e272f3039cd0b4cfd2df7023b4f9f3e14adfab12	predicate-105.ibk5.merkle	1	https://danbri.github.io/londat/kgx/graph/coref-telephone.p00/980586e88e281dff	predicate-105.ibk5.lgi2	predicate-105.ibk5.gbi1	0068000000687474..0068000000687474	0013000000687474..0047000000687474	0
106	http://www.w3.org/2002/07/owl#sameAs	predicate-106.ibk5	26	5821	a4ee972af831c77644e236279006c956ff4f801ef4871fb8fabc3f5d7021771f	predicate-106.ibk5.merkle	1	https://danbri.github.io/londat/kgx/graph/coref-telephone.p00/980586e88e281dff	predicate-106.ibk5.lgi2	predicate-106.ibk5.gbi1	0068000000687474..0068000000687474	0068000000687474..0068000000687474	0
107	http://www.opengis.net/ont/geosparql#asWKT	predicate-107.ibk5	12	3182	f6893033ed6ada843e58cc1022eb99ce1b398012c6cb576153093a18a39fe96f	predicate-107.ibk5.merkle	1	https://danbri.github.io/londat/kgx/graph/coverage-imagery.p00/625642ff1fe69ec6	predicate-107.ibk5.lgi2	predicate-107.ibk5.gbi1	0039000000687474..004c000000687474	024e000000504f4c..026e000000504f4c	0
108	http://www.opengis.net/ont/geosparql#hasGeometry	predicate-108.ibk5	12	2155	160017ac8e01458b8ed7608b9daa7e0139c501d03fc551077cd3099f254f4dd4	predicate-108.ibk5.merkle	1	https://danbri.github.io/londat/kgx/graph/coverage-imagery.p00/625642ff1fe69ec6	predicate-108.ibk5.lgi2	predicate-108.ibk5.gbi1	0030000000687474..0043000000687474	0039000000687474..004c000000687474	0
109	http://www.w3.org/1999/02/22-rdf-syntax-ns#type	predicate-109.ibk5	36	3954	7053ea5ea5b43691f656ed88a8c8f1bd4ae2967d4bbfa66d4e452d811f3d37d6	predicate-109.ibk5.merkle	1	https://danbri.github.io/londat/kgx/graph/coverage-imagery.p00/625642ff1fe69ec6	predicate-109.ibk5.lgi2	predicate-109.ibk5.gbi1	0030000000687474..005b000000687474	0033000000687474..0037000000687474	0
110	http://www.w3.org/2000/01/rdf-schema#label	predicate-110.ibk5	182	27057	9a2f4371f22487bc4d61f6053f49ba963c07f71235a9455751092867773352f7	predicate-110.ibk5.merkle	1	https://danbri.github.io/londat/kgx/graph/coverage-imagery.p00/625642ff1fe69ec6	predicate-110.ibk5.lgi2	predicate-110.ibk5.gbi1	0030000000687474..008e000000687474	02090000004c696d..0241000000526f74	0
111	https://danbri.github.io/londat/kgx/vocab#resolution	predicate-111.ibk5	172	24576	f12e2ba85680aab7f859caf4c6f765c5a7357e919f0c543c798c0d90cc599057	predicate-111.ibk5.merkle	1	https://danbri.github.io/londat/kgx/graph/coverage-imagery.p00/625642ff1fe69ec6	predicate-111.ibk5.lgi2	predicate-111.ibk5.gbi1	0061000000687474..008e000000687474	0202000000316d27..0204000000302e35	0
112	https://danbri.github.io/londat/kgx/vocab#tiles	predicate-112.ibk5	172	24513	a2d40d1d4faf8ec6c845d3278400004a4ede8b1c4c5cd752a6f93495d2649f47	predicate-112.ibk5.merkle	1	https://danbri.github.io/londat/kgx/graph/coverage-imagery.p00/625642ff1fe69ec6	predicate-112.ibk5.lgi2	predicate-112.ibk5.gbi1	0061000000687474..008e000000687474	0201000000312800..0201000000352800	0
113	https://danbri.github.io/londat/kgx/vocab#year	predicate-113.ibk5	256	34910	2ec50852f5fbbc659673bd98e894b2428434f4cd9f375f7af04ef8b7288e6787	predicate-113.ibk5.merkle	1	https://danbri.github.io/londat/kgx/graph/coverage-imagery.p00/625642ff1fe69ec6	predicate-113.ibk5.lgi2	predicate-113.ibk5.gbi1	0053000000687474..008e000000687474	0204000000313939..0204000000323032	0
114	https://danbri.github.io/londat/kgx/vocab#count	predicate-114.ibk5	110	14855	a9b6c80eadb568c839fd899db279d14f9d2ebd28bf9854dbce8814b44b42477c	predicate-114.ibk5.merkle	1	https://danbri.github.io/londat/kgx/graph/coverage-imagery.p00/625642ff1fe69ec6	predicate-114.ibk5.lgi2	predicate-114.ibk5.gbi1	0049000000687474..006c000000687474	0201000000302800..0204000000353231	0
115	http://purl.org/dc/terms/date	predicate-115.ibk5	19	2267	225b3bd8f0bf31d945ab796b377d7d55c0a6407550e4885a4a66cba927398f81	predicate-115.ibk5.merkle	1	https://danbri.github.io/londat/kgx/graph/coverage-imagery.p00/625642ff1fe69ec6	predicate-115.ibk5.lgi2	predicate-115.ibk5.gbi1	0049000000687474..005b000000687474	020a000000323032..020a000000323032	0
116	https://danbri.github.io/londat/kgx/vocab#area	predicate-116.ibk5	19	2531	bfc00f3a811d6ae651d808648d56187de2c1df1114fd8e6d58bfb662c3bd8716	predicate-116.ibk5.merkle	1	https://danbri.github.io/londat/kgx/graph/coverage-imagery.p00/625642ff1fe69ec6	predicate-116.ibk5.lgi2	predicate-116.ibk5.gbi1	0049000000687474..005b000000687474	0030000000687474..003e000000687474	0
117	https://danbri.github.io/londat/kgx/vocab#firstDate	predicate-117.ibk5	16	2526	d0799dd6747d2b4fe06f0ddd9fd1789a47079879c4707b524660ac67663e4c6a	predicate-117.ibk5.merkle	1	https://danbri.github.io/londat/kgx/graph/coverage-imagery.p00/625642ff1fe69ec6	predicate-117.ibk5.lgi2	predicate-117.ibk5.gbi1	0049000000687474..0059000000687474	020a000000313939..020a000000323032	0
118	https://danbri.github.io/londat/kgx/vocab#inYear	predicate-118.ibk5	84	11285	510d27669a40de5e6e9a50892435ac19d92c8dc7b13a0ffca4fc003fbda64794	predicate-118.ibk5.merkle	1	https://danbri.github.io/londat/kgx/graph/coverage-imagery.p00/625642ff1fe69ec6	predicate-118.ibk5.lgi2	predicate-118.ibk5.gbi1	0049000000687474..0059000000687474	0053000000687474..0063000000687474	0
119	https://danbri.github.io/londat/kgx/vocab#lastDate	predicate-119.ibk5	16	2525	cdf0265eca58e57603270bde1b307f2fce844b3f6291b3b804f5d725f388e7e8	predicate-119.ibk5.merkle	1	https://danbri.github.io/londat/kgx/graph/coverage-imagery.p00/625642ff1fe69ec6	predicate-119.ibk5.lgi2	predicate-119.ibk5.gbi1	0049000000687474..0059000000687474	020a000000323032..020a000000323032	0
120	https://danbri.github.io/londat/kgx/vocab#product	predicate-120.ibk5	172	24689	8705360d8aad86886f35ed944e20f8e0b235b12d60c1e723228d5227a9c6ee24	predicate-120.ibk5.merkle	1	https://danbri.github.io/londat/kgx/graph/coverage-imagery.p00/625642ff1fe69ec6	predicate-120.ibk5.lgi2	predicate-120.ibk5.gbi1	0049000000687474..0057000000687474	0061000000687474..008e000000687474	0
121	https://danbri.github.io/londat/kgx/vocab#request	predicate-121.ibk5	19	4437	9f63594087742722895c576ad1b97b1f9a0218eb9281c49d7ad7abbaa26fbfe9	predicate-121.ibk5.merkle	1	https://danbri.github.io/londat/kgx/graph/coverage-imagery.p00/625642ff1fe69ec6	predicate-121.ibk5.lgi2	predicate-121.ibk5.gbi1	0049000000687474..005b000000687474	0242000000687474..027b000000504f53	0
122	https://danbri.github.io/londat/kgx/vocab#source	predicate-122.ibk5	19	2505	ed0f484b98f04e1e472e451178a5240754cbcfda08095b0d9bf4009c6cf793ed	predicate-122.ibk5.merkle	1	https://danbri.github.io/londat/kgx/graph/coverage-imagery.p00/625642ff1fe69ec6	predicate-122.ibk5.lgi2	predicate-122.ibk5.gbi1	0049000000687474..005b000000687474	003f000000687474..0043000000687474	0
123	https://danbri.github.io/londat/kgx/vocab#requests	predicate-123.ibk5	4	833	ed380927086b8b49bf671a4c757f57e9d4cbcde24f448f1dce014607ec40c878	predicate-123.ibk5.merkle	1	https://danbri.github.io/londat/kgx/graph/coverage-imagery.p00/625642ff1fe69ec6	predicate-123.ibk5.lgi2	predicate-123.ibk5.gbi1	004e000000687474..0057000000687474	0202000000333028..0203000000313038	0
124	https://danbri.github.io/londat/kgx/vocab#sequences	predicate-124.ibk5	4	831	4644335fc73b0086a93c424234d62271e3408b1494d7183f916d678b05f122ad	predicate-124.ibk5.merkle	1	https://danbri.github.io/londat/kgx/graph/coverage-imagery.p00/625642ff1fe69ec6	predicate-124.ibk5.lgi2	predicate-124.ibk5.gbi1	004e000000687474..0057000000687474	0201000000372800..0202000000313528	0
125	https://schema.org/license	predicate-125.ibk5	19	2517	22e45933be8ce8c715a750f6d4ce64ebd52468a7c96902b02cb6c666145fd479	predicate-125.ibk5.merkle	1	https://danbri.github.io/londat/kgx/graph/coverage-imagery.p00/625642ff1fe69ec6	predicate-125.ibk5.lgi2	predicate-125.ibk5.gbi1	003f000000687474..006c000000687474	02080000004f474c..021e000000706572	0
126	https://danbri.github.io/londat/kgx/vocab#byLicence	predicate-126.ibk5	7	1685	955f927e9aa0ccfab6791783a95ee9136de3425c623af5cbca252eff954c130a	predicate-126.ibk5.merkle	1	https://danbri.github.io/londat/kgx/graph/coverage-imagery.p00/625642ff1fe69ec6	predicate-126.ibk5.lgi2	predicate-126.ibk5.gbi1	0049000000687474..0059000000687474	005e000000687474..006c000000687474	0
127	https://danbri.github.io/londat/kgx/vocab#collections	predicate-127.ibk5	5	930	9e9a80e803946baeca95524a6ff2a43ec68ed6d28bc74c57adc8b9d73eee6de0	predicate-127.ibk5.merkle	1	https://danbri.github.io/londat/kgx/graph/coverage-imagery.p00/625642ff1fe69ec6	predicate-127.ibk5.lgi2	predicate-127.ibk5.gbi1	0049000000687474..0057000000687474	0201000000322800..0202000000363928	0
128	https://danbri.github.io/londat/kgx/vocab#withSemantics	predicate-128.ibk5	5	932	a8ad9c340d02d358fc93b0186e1c4523ff7c13582d12a542faed764b98f88447	predicate-128.ibk5.merkle	1	https://danbri.github.io/londat/kgx/graph/coverage-imagery.p00/625642ff1fe69ec6	predicate-128.ibk5.lgi2	predicate-128.ibk5.gbi1	0049000000687474..0057000000687474	0201000000302800..0202000000363628	0
129	https://danbri.github.io/londat/kgx/vocab#status	predicate-129.ibk5	1	390	ad9b2744da3627367d14ae8dcd1c5a8eac4ab896dbf75796d7de80f381d3ffca	predicate-129.ibk5.merkle	1	https://danbri.github.io/londat/kgx/graph/coverage-imagery.p00/625642ff1fe69ec6	predicate-129.ibk5.lgi2	predicate-129.ibk5.gbi1	003f000000687474..003f000000687474	023e000000736b69..023e000000736b69	0
130	https://danbri.github.io/londat/kgx/vocab#gsdMetres	predicate-130.ibk5	7	1314	c37ecb9bdc66bdb73e2f939c73e0c38e0450790d0c83a3e5d50dba81bee36073	predicate-130.ibk5.merkle	1	https://danbri.github.io/londat/kgx/graph/coverage-imagery.p00/625642ff1fe69ec6	predicate-130.ibk5.lgi2	predicate-130.ibk5.gbi1	0043000000687474..0043000000687474	020f000000302e30..0214000000302e30	0
131	https://danbri.github.io/londat/kgx/vocab#inArea	predicate-131.ibk5	11	1033	5ca9da9799cbcf78927519fd98536b3d37ba045f1444325b016385ad6dcbbf69	predicate-131.ibk5.merkle	1	https://danbri.github.io/londat/kgx/graph/coverage-imagery.p00/625642ff1fe69ec6	predicate-131.ibk5.lgi2	predicate-131.ibk5.gbi1	0043000000687474..0043000000687474	0030000000687474..003c000000687474	0
132	https://danbri.github.io/londat/kgx/vocab#platform	predicate-132.ibk5	7	889	7b756f0490c6be0c66a7099e8a203aa7670bf92d52e9f9c31100a28cb0a899d1	predicate-132.ibk5.merkle	1	https://danbri.github.io/londat/kgx/graph/coverage-imagery.p00/625642ff1fe69ec6	predicate-132.ibk5.lgi2	predicate-132.ibk5.gbi1	0043000000687474..0043000000687474	0203000000756176..0203000000756176	0
133	https://schema.org/contentUrl	predicate-133.ibk5	7	1573	9b37132cd046ba8b576adbef59d68d4fa6a8fd3747918c5f54572b6ebcd9c076	predicate-133.ibk5.merkle	1	https://danbri.github.io/londat/kgx/graph/coverage-imagery.p00/625642ff1fe69ec6	predicate-133.ibk5.lgi2	predicate-133.ibk5.gbi1	0043000000687474..0043000000687474	0060000000687474..006a000000687474	0
134	https://schema.org/dateCreated	predicate-134.ibk5	7	1328	ca027709fac04154c2f509b98d6e206d15fd7064c3b5c6a725ba8f600432437d	predicate-134.ibk5.merkle	1	https://danbri.github.io/londat/kgx/graph/coverage-imagery.p00/625642ff1fe69ec6	predicate-134.ibk5.lgi2	predicate-134.ibk5.gbi1	0043000000687474..0043000000687474	0218000000323032..0218000000323032	0
135	https://schema.org/name	predicate-135.ibk5	7	1227	44341b50cf21630155e957d81bcf24712050bd5357ca81c3d0f09d285d4db1bc	predicate-135.ibk5.merkle	1	https://danbri.github.io/londat/kgx/graph/coverage-imagery.p00/625642ff1fe69ec6	predicate-135.ibk5.lgi2	predicate-135.ibk5.gbi1	0043000000687474..0043000000687474	020d00000043616e..022300000043616e	0
136	http://www.w3.org/1999/02/22-rdf-syntax-ns#type	predicate-136.ibk5	142	11324	f17806c02006b1f0c2e5433e2df4ee0102b5dd0ffba2a082e0e51e758756a6b5	predicate-136.ibk5.merkle	1	https://danbri.github.io/londat/kgx/graph/cwg.p00/f2845958efbb9b26	predicate-136.ibk5.lgi2	predicate-136.ibk5.gbi1	0027000000687474..0034000000687474	0018000000687474..002a000000687474	0
137	https://danbri.github.io/londat/kgx/vocab#hoursAsOf	predicate-137.ibk5	125	10018	37a36c5bbe8a151ab305d82b7e93388e0fecc27ebde9e9e03cf28c49625ec6b1	predicate-137.ibk5.merkle	1	https://danbri.github.io/londat/kgx/graph/cwg.p00/f2845958efbb9b26	predicate-137.ibk5.lgi2	predicate-137.ibk5.gbi1	0027000000687474..0034000000687474	020a000000323032..020a000000323032	0
138	https://schema.org/containedInPlace	predicate-138.ibk5	272	15669	c35217bb4acab5ddc68af37b18913b3d7f29273e26c8992347f6377932d1a338	predicate-138.ibk5.merkle	1	https://danbri.github.io/londat/kgx/graph/cwg.p00/f2845958efbb9b26	predicate-138.ibk5.lgi2	predicate-138.ibk5.gbi1	0027000000687474..0034000000687474	0035000000687474..0212000000466973	0
139	https://schema.org/name	predicate-139.ibk5	142	19927	7073aac524d0756f7f77b0a9ddb79f9b9377e230a54c66b625c4eb5e89a73f64	predicate-139.ibk5.merkle	1	https://danbri.github.io/londat/kgx/graph/cwg.p00/f2845958efbb9b26	predicate-139.ibk5.lgi2	predicate-139.ibk5.gbi1	0027000000687474..0034000000687474	0203000000417263..0261000000496e74	0
140	https://schema.org/openingHours	predicate-140.ibk5	125	17612	92f5f6d499d3c3eb7f13e184e460f62a674a94c057bca750f402115098feb3b1	predicate-140.ibk5.merkle	1	https://danbri.github.io/londat/kgx/graph/cwg.p00/f2845958efbb9b26	predicate-140.ibk5.lgi2	predicate-140.ibk5.gbi1	0027000000687474..0034000000687474	020400000032342f..02540000004d6f2c	0
141	https://schema.org/openingHoursSpecification	predicate-141.ibk5	835	80139	734a059da782732708b9490844e6d4fb3231922dee13e712e93f5e02572cecec	predicate-141.ibk5.merkle	1	https://danbri.github.io/londat/kgx/graph/cwg.p00/f2845958efbb9b26	predicate-141.ibk5.lgi2	predicate-141.ibk5.gbi1	0027000000687474..0034000000687474	0036000000687474..0046000000687474	0
142	https://schema.org/subjectOf	predicate-142.ibk5	142	16744	22d53d0069749cab0db792a2a4d908182b9094a2c620adf37aa51897dbaf2b95	predicate-142.ibk5.merkle	1	https://danbri.github.io/londat/kgx/graph/cwg.p00/f2845958efbb9b26	predicate-142.ibk5.lgi2	predicate-142.ibk5.gbi1	0027000000687474..0034000000687474	0020000000687474..002d000000687474	0
143	https://schema.org/url	predicate-143.ibk5	117	12901	dcbb36549e9aade8f556e62d9a12dd6fe85f3bd7ea068d5b9e79bc9f45f59cae	predicate-143.ibk5.merkle	1	https://danbri.github.io/londat/kgx/graph/cwg.p00/f2845958efbb9b26	predicate-143.ibk5.lgi2	predicate-143.ibk5.gbi1	0027000000687474..0034000000687474	0010000000687474..006b000000687474	0
144	https://schema.org/dateModified	predicate-144.ibk5	225	32140	b43d7067b85135eb2dd7aa908444b82a056a94543909a66da7a37662ae4d3411	predicate-144.ibk5.merkle	1	https://danbri.github.io/londat/kgx/graph/cwg.p00/f2845958efbb9b26	predicate-144.ibk5.lgi2	predicate-144.ibk5.gbi1	0020000000687474..0034000000687474	0219000000323032..0219000000323032	0
145	https://schema.org/datePublished	predicate-145.ibk5	234	31272	871f107541aa374454999826c9442e62d9980ed5b2652cab4822503f5a41c6de	predicate-145.ibk5.merkle	1	https://danbri.github.io/londat/kgx/graph/cwg.p00/f2845958efbb9b26	predicate-145.ibk5.lgi2	predicate-145.ibk5.gbi1	0020000000687474..0034000000687474	0219000000323031..0219000000323032	0
146	https://schema.org/addressCountry	predicate-146.ibk5	118	8742	e553de0b7b5ab361ddb737fb35875980db1edf2dc0284ae4e338dfbb774501b3	predicate-146.ibk5.merkle	1	https://danbri.github.io/londat/kgx/graph/cwg.p00/f2845958efbb9b26	predicate-146.ibk5.lgi2	predicate-146.ibk5.gbi1	0028000000687474..0034000000687474	0202000000474227..0202000000474227	0
147	https://schema.org/postalCode	predicate-147.ibk5	115	10254	cc5c8209210675ff1b3cd8edf993a59f2f84b3e016a253315da66e6ff0567bc2	predicate-147.ibk5.merkle	1	https://danbri.github.io/londat/kgx/graph/cwg.p00/f2845958efbb9b26	predicate-147.ibk5.lgi2	predicate-147.ibk5.gbi1	0028000000687474..0034000000687474	0207000000453134..0207000000453232	0
148	https://danbri.github.io/londat/kgx/vocab#levelText	predicate-148.ibk5	98	8106	4c05c5c71b06dda6e2f8ff35d51fda0a2cddaedb2c7a795e9a9187fdfa832b0a	predicate-148.ibk5.merkle	1	https://danbri.github.io/londat/kgx/graph/cwg.p00/f2845958efbb9b26	predicate-148.ibk5.lgi2	predicate-148.ibk5.gbi1	0027000000687474..0033000000687474	02080000004c6576..020f0000004d616c	0
149	https://danbri.github.io/londat/kgx/vocab#registryBuilding	predicate-149.ibk5	126	11159	f0a5d5db9823d626f3615c2488d9b7ce10c9282947a568b7fa8f814eeded7f54	predicate-149.ibk5.merkle	1	https://danbri.github.io/londat/kgx/graph/cwg.p00/f2845958efbb9b26	predicate-149.ibk5.lgi2	predicate-149.ibk5.gbi1	0027000000687474..0034000000687474	0038000000687474..0038000000687474	0
150	https://schema.org/address	predicate-150.ibk5	131	16475	545da053338f065515bd1548105ec361b7520ca232281cd1e21b9b053c3cac80	predicate-150.ibk5.merkle	1	https://danbri.github.io/londat/kgx/graph/cwg.p00/f2845958efbb9b26	predicate-150.ibk5.lgi2	predicate-150.ibk5.gbi1	0027000000687474..0034000000687474	0028000000687474..0035000000687474	0
151	https://schema.org/servesCuisine	predicate-151.ibk5	18	1937	a8a2429187c3bebe0a191773568f74f2a07890a6b4009f222d7e47f741c025e2	predicate-151.ibk5.merkle	1	https://danbri.github.io/londat/kgx/graph/cwg.p00/f2845958efbb9b26	predicate-151.ibk5.lgi2	predicate-151.ibk5.gbi1	002d000000687474..0034000000687474	0204000000546861..02080000004a6170	0
152	https://schema.org/streetAddress	predicate-152.ibk5	33	4062	6419b729050160048d25d665b9d613fe2fcca0ccbb95e244642db27ed1def620	predicate-152.ibk5.merkle	1	https://danbri.github.io/londat/kgx/graph/cwg.p00/f2845958efbb9b26	predicate-152.ibk5.lgi2	predicate-152.ibk5.gbi1	0028000000687474..0033000000687474	020b000000332057..021800000032352d	0
153	https://danbri.github.io/londat/kgx/vocab#status	predicate-153.ibk5	3	453	0bc92ca42687eb3fd844c3976a15937b03a22cc89410d338165b5fd8e59f4a66	predicate-153.ibk5.merkle	1	https://danbri.github.io/londat/kgx/graph/cwg.p00/f2845958efbb9b26	predicate-153.ibk5.lgi2	predicate-153.ibk5.gbi1	002c000000687474..0032000000687474	020b000000636f6d..020b000000636f6d	0
154	https://schema.org/dateModified	predicate-154.ibk5	67	10522	4bea2fcc1124201435563351f10ff847003312e632234530e4c564124b29abea	predicate-154.ibk5.merkle	1	https://danbri.github.io/londat/kgx/graph/cwg.p01/2de67502f202c9be	predicate-154.ibk5.lgi2	predicate-154.ibk5.gbi1	0034000000687474..003c000000687474	0219000000323032..0219000000323032	0
155	https://schema.org/datePublished	predicate-155.ibk5	68	10604	ff31120933a41120420fa4c64788f3bcab3fc4f64e32e836bdb38dac69982944	predicate-155.ibk5.merkle	1	https://danbri.github.io/londat/kgx/graph/cwg.p01/2de67502f202c9be	predicate-155.ibk5.lgi2	predicate-155.ibk5.gbi1	0034000000687474..003c000000687474	0219000000323031..0219000000323032	0
156	https://schema.org/addressCountry	predicate-156.ibk5	105	8647	0f88869e3dec43b296bdc62565d766af16a7a806939fb1dc9bb0e5e4f1d485b1	predicate-156.ibk5.merkle	1	https://danbri.github.io/londat/kgx/graph/cwg.p01/2de67502f202c9be	predicate-156.ibk5.lgi2	predicate-156.ibk5.gbi1	0034000000687474..003c000000687474	0202000000474227..0202000000474227	0
157	https://schema.org/postalCode	predicate-157.ibk5	99	10194	7d6717d090d2b39e59b9a3320bc12f57dc423a3783a54afe68a84a66b3293d30	predicate-157.ibk5.merkle	1	https://danbri.github.io/londat/kgx/graph/cwg.p01/2de67502f202c9be	predicate-157.ibk5.lgi2	predicate-157.ibk5.gbi1	0034000000687474..003c000000687474	0207000000453134..0207000000453232	0
158	https://schema.org/streetAddress	predicate-158.ibk5	42	5810	7e0ae40634c4509a556a63f487afc627452a8716b40a1007dc52bd7da3e88d59	predicate-158.ibk5.merkle	1	https://danbri.github.io/londat/kgx/graph/cwg.p01/2de67502f202c9be	predicate-158.ibk5.lgi2	predicate-158.ibk5.gbi1	0034000000687474..003c000000687474	020a000000352057..0214000000362043	0
159	http://www.w3.org/1999/02/22-rdf-syntax-ns#type	predicate-159.ibk5	277	23731	5a50f58825c1298319094678b837150df24f51ccfeb04169eecfa807c87e27cd	predicate-159.ibk5.merkle	1	https://danbri.github.io/londat/kgx/graph/cwg.p01/2de67502f202c9be	predicate-159.ibk5.lgi2	predicate-159.ibk5.gbi1	0034000000687474..003c000000687474	0018000000687474..002c000000687474	0
160	https://danbri.github.io/londat/kgx/vocab#registryBuilding	predicate-160.ibk5	91	9562	53651d539dafbe913aa7ee1d4ce419808e2618126dfc1f9641556a2fa8814ee5	predicate-160.ibk5.merkle	1	https://danbri.github.io/londat/kgx/graph/cwg.p01/2de67502f202c9be	predicate-160.ibk5.lgi2	predicate-160.ibk5.gbi1	0034000000687474..003c000000687474	0038000000687474..0038000000687474	0
161	https://danbri.github.io/londat/kgx/vocab#status	predicate-161.ibk5	2	402	e325c4af2138e3beb955b8e1a130310a3af69feca4224819d6adbc350a6e66c7	predicate-161.ibk5.merkle	1	https://danbri.github.io/londat/kgx/graph/cwg.p01/2de67502f202c9be	predicate-161.ibk5.lgi2	predicate-161.ibk5.gbi1	0038000000687474..003a000000687474	020b000000636f6d..020b000000636f6d	0
162	https://schema.org/address	predicate-162.ibk5	100	14280	a8d791e5e1e69eb9c480dbbff91ede9b4df84146eb463d38ea3b67ff418821bd	predicate-162.ibk5.merkle	1	https://danbri.github.io/londat/kgx/graph/cwg.p01/2de67502f202c9be	predicate-162.ibk5.lgi2	predicate-162.ibk5.gbi1	0034000000687474..003c000000687474	0035000000687474..003d000000687474	0
163	https://schema.org/containedInPlace	predicate-163.ibk5	210	13374	ec686d3ec33410fc75ec802cd98a85b828e5549b9aa29d368e4ca3391c145c54	predicate-163.ibk5.merkle	1	https://danbri.github.io/londat/kgx/graph/cwg.p01/2de67502f202c9be	predicate-163.ibk5.lgi2	predicate-163.ibk5.gbi1	0034000000687474..003c000000687474	0036000000687474..0212000000436861	0
164	https://schema.org/name	predicate-164.ibk5	134	20206	263a94118bd2a5d5ed4444c3edd33fa4965bbd19a990a6c302f8382b01a4ed32	predicate-164.ibk5.merkle	1	https://danbri.github.io/londat/kgx/graph/cwg.p01/2de67502f202c9be	predicate-164.ibk5.lgi2	predicate-164.ibk5.gbi1	0034000000687474..003c000000687474	02080000004c6f63..0239000000436f6d	0
165	https://schema.org/servesCuisine	predicate-165.ibk5	22	2315	c5361e4daccaca4714c1d4e89e5ed0c8ebb10bb265971bef8bb194e81f7b7079	predicate-165.ibk5.merkle	1	https://danbri.github.io/londat/kgx/graph/cwg.p01/2de67502f202c9be	predicate-165.ibk5.lgi2	predicate-165.ibk5.gbi1	0034000000687474..003c000000687474	0205000000417369..02090000004d616c	0
166	https://schema.org/subjectOf	predicate-166.ibk5	112	15094	c53d72f1df0e7456bfb1c05eae0b320fa99eb1ce565965f5faf2ef3f11a18b9f	predicate-166.ibk5.merkle	1	https://danbri.github.io/londat/kgx/graph/cwg.p01/2de67502f202c9be	predicate-166.ibk5.lgi2	predicate-166.ibk5.gbi1	0034000000687474..003c000000687474	002d000000687474..0035000000687474	0
167	https://schema.org/url	predicate-167.ibk5	86	10223	fd060beffc726de9509b545c5188305b7dc105cf5ffb303acccb1640c0492709	predicate-167.ibk5.merkle	1	https://danbri.github.io/londat/kgx/graph/cwg.p01/2de67502f202c9be	predicate-167.ibk5.lgi2	predicate-167.ibk5.gbi1	0034000000687474..003c000000687474	0013000000687474..0065000000687474	0
168	https://danbri.github.io/londat/kgx/vocab#hoursAsOf	predicate-168.ibk5	94	8562	453a3e0a691a501458de5e45070133be8667f7909082a4d729359268ba8d184c	predicate-168.ibk5.merkle	1	https://danbri.github.io/londat/kgx/graph/cwg.p01/2de67502f202c9be	predicate-168.ibk5.lgi2	predicate-168.ibk5.gbi1	0034000000687474..003c000000687474	020a000000323032..020a000000323032	0
169	https://schema.org/openingHours	predicate-169.ibk5	94	15539	ed26cb5b236f14ded946185a1c6b8d4732ab98ebd9cf05f108fe0d2d4c82c8a8	predicate-169.ibk5.merkle	1	https://danbri.github.io/londat/kgx/graph/cwg.p01/2de67502f202c9be	predicate-169.ibk5.lgi2	predicate-169.ibk5.gbi1	0034000000687474..003c000000687474	020400000032342f..02540000004d6f2c	0
170	https://schema.org/openingHoursSpecification	predicate-170.ibk5	625	65930	73066ad94789a1fe0bb6ca54bb2d9cac74d68d79b62132ce3feecf09baa0f5fd	predicate-170.ibk5.merkle	1	https://danbri.github.io/londat/kgx/graph/cwg.p01/2de67502f202c9be	predicate-170.ibk5.lgi2	predicate-170.ibk5.gbi1	0034000000687474..003c000000687474	0043000000687474..004e000000687474	0
171	https://danbri.github.io/londat/kgx/vocab#levelText	predicate-171.ibk5	59	5592	c9f29614a3e61b31e60ddbf7bacbbcd74e606e188c74baff0d7e15c049147f8e	predicate-171.ibk5.merkle	1	https://danbri.github.io/londat/kgx/graph/cwg.p01/2de67502f202c9be	predicate-171.ibk5.lgi2	predicate-171.ibk5.gbi1	0034000000687474..003c000000687474	02080000004c6576..021d000000417472	0
172	https://danbri.github.io/londat/kgx/vocab#closesMinute	predicate-172.ibk5	143	12678	f00f12fd994a956e7a1db20454ace8a253e688b8933b565dca4d47cfc8bdc0a6	predicate-172.ibk5.merkle	1	https://danbri.github.io/londat/kgx/graph/cwg.p01/2de67502f202c9be	predicate-172.ibk5.lgi2	predicate-172.ibk5.gbi1	0036000000687474..003b000000687474	0203000000373230..0204000000313434	0
173	https://danbri.github.io/londat/kgx/vocab#opensMinute	predicate-173.ibk5	143	12453	df152cfb8821e6924aa030391db55e7f0e5e0fe0547f28bdf11d2cf6b626b3b6	predicate-173.ibk5.merkle	1	https://danbri.github.io/londat/kgx/graph/cwg.p01/2de67502f202c9be	predicate-173.ibk5.lgi2	predicate-173.ibk5.gbi1	0036000000687474..003b000000687474	0201000000302800..0203000000373230	0
174	https://schema.org/closes	predicate-174.ibk5	143	12652	2241e10033dbb7363232b827c9b3e927f21f1979a3459eb627a3a975c8065aaf	predicate-174.ibk5.merkle	1	https://danbri.github.io/londat/kgx/graph/cwg.p01/2de67502f202c9be	predicate-174.ibk5.lgi2	predicate-174.ibk5.gbi1	0036000000687474..003b000000687474	020500000030303a..020500000032333a	0
175	https://schema.org/dayOfWeek	predicate-175.ibk5	143	12171	ce4707070b522580d09ae2a96c46798e74cacbac72e7696a7d5980438f9a7fd6	predicate-175.ibk5.merkle	1	https://danbri.github.io/londat/kgx/graph/cwg.p01/2de67502f202c9be	predicate-175.ibk5.lgi2	predicate-175.ibk5.gbi1	0036000000687474..003b000000687474	0019000000687474..001c000000687474	0
176	https://schema.org/opens	predicate-176.ibk5	143	12435	98813aadca5538f3506890dd9829b9fab8ddd9d5d85ff29f91038901b1617287	predicate-176.ibk5.merkle	1	https://danbri.github.io/londat/kgx/graph/cwg.p01/2de67502f202c9be	predicate-176.ibk5.lgi2	predicate-176.ibk5.gbi1	0036000000687474..003b000000687474	020500000030303a..020500000031323a	0
177	http://www.w3.org/1999/02/22-rdf-syntax-ns#type	predicate-177.ibk5	413	36723	0485f240553471201106ae980e169147fe3078542ad0270f178282344badd602	predicate-177.ibk5.merkle	1	https://danbri.github.io/londat/kgx/graph/cwg.p02/d42e0102d6e27369	predicate-177.ibk5.lgi2	predicate-177.ibk5.gbi1	003c000000687474..0040000000687474	0018000000687474..002c000000687474	0
178	https://danbri.github.io/londat/kgx/vocab#hoursAsOf	predicate-178.ibk5	39	4070	f26adc54b000edff7fce8ef4313bd8d2c4449fc6ab728b06a9c5d406c047a3ca	predicate-178.ibk5.merkle	1	https://danbri.github.io/londat/kgx/graph/cwg.p02/d42e0102d6e27369	predicate-178.ibk5.lgi2	predicate-178.ibk5.gbi1	003c000000687474..0040000000687474	020a000000323032..020a000000323032	0
179	https://danbri.github.io/londat/kgx/vocab#registryBuilding	predicate-179.ibk5	35	4265	45b23672dbb0f484453195732de280f8325b98ec325c4628e977f683319fa05d	predicate-179.ibk5.merkle	1	https://danbri.github.io/londat/kgx/graph/cwg.p02/d42e0102d6e27369	predicate-179.ibk5.lgi2	predicate-179.ibk5.gbi1	003c000000687474..0040000000687474	0038000000687474..0038000000687474	0
180	https://schema.org/containedInPlace	predicate-180.ibk5	82	6292	1553636bb2c7724836243a2596879d7b51c3a97c84791bbd2d52bfbe2487d4a5	predicate-180.ibk5.merkle	1	https://danbri.github.io/londat/kgx/graph/cwg.p02/d42e0102d6e27369	predicate-180.ibk5.lgi2	predicate-180.ibk5.gbi1	003c000000687474..0040000000687474	0036000000687474..02110000004f6e65	0
181	https://schema.org/name	predicate-181.ibk5	53	8702	fa20f48c8dc3f609e7474681f7e81582c50e0fed3c8bde6daa98c524a6c8d806	predicate-181.ibk5.merkle	1	https://danbri.github.io/londat/kgx/graph/cwg.p02/d42e0102d6e27369	predicate-181.ibk5.lgi2	predicate-181.ibk5.gbi1	003c000000687474..0040000000687474	020b000000416363..022f0000004c6976	0
182	https://schema.org/openingHours	predicate-182.ibk5	39	7072	961db9cbaf5e5a16904e368ac10c95b967fc9413ae1b6e9311a7b70d2ecbff01	predicate-182.ibk5.merkle	1	https://danbri.github.io/londat/kgx/graph/cwg.p02/d42e0102d6e27369	predicate-182.ibk5.lgi2	predicate-182.ibk5.gbi1	003c000000687474..0040000000687474	02110000004d6f2d..02490000004d6f20	0
183	https://schema.org/openingHoursSpecification	predicate-183.ibk5	251	28568	adf36aab503cd2193ecfd8256ec441e50b3a04f8ade824fabc0980bdee7efb56	predicate-183.ibk5.merkle	1	https://danbri.github.io/londat/kgx/graph/cwg.p02/d42e0102d6e27369	predicate-183.ibk5.lgi2	predicate-183.ibk5.gbi1	003c000000687474..0040000000687474	004b000000687474..0052000000687474	0
184	https://schema.org/subjectOf	predicate-184.ibk5	43	6465	3e358a41360751fc199f64392520c5f48d22e3ace80fcd352f0a25308de19239	predicate-184.ibk5.merkle	1	https://danbri.github.io/londat/kgx/graph/cwg.p02/d42e0102d6e27369	predicate-184.ibk5.lgi2	predicate-184.ibk5.gbi1	003c000000687474..0040000000687474	0035000000687474..0039000000687474	0
185	https://schema.org/url	predicate-185.ibk5	37	4814	6aa16b0caa70c1dc7c6cc34d398d174f78533bce98b9b805d38d03e449cae85a	predicate-185.ibk5.merkle	1	https://danbri.github.io/londat/kgx/graph/cwg.p02/d42e0102d6e27369	predicate-185.ibk5.lgi2	predicate-185.ibk5.gbi1	003c000000687474..0040000000687474	0013000000687474..0055000000687474	0
186	https://schema.org/addressCountry	predicate-186.ibk5	40	3701	e45e26f8c84a6ff24868e6ef41f5212bfe41ff2df5669337d9a6b1a8b515f2e1	predicate-186.ibk5.merkle	1	https://danbri.github.io/londat/kgx/graph/cwg.p02/d42e0102d6e27369	predicate-186.ibk5.lgi2	predicate-186.ibk5.gbi1	003c000000687474..0040000000687474	0202000000474227..0202000000474227	0
187	https://schema.org/postalCode	predicate-187.ibk5	37	4340	a05c1236aa3548546df81b38a57addfcaee3a9932fd3205464500ab955d6fb63	predicate-187.ibk5.merkle	1	https://danbri.github.io/londat/kgx/graph/cwg.p02/d42e0102d6e27369	predicate-187.ibk5.lgi2	predicate-187.ibk5.gbi1	003c000000687474..0040000000687474	0207000000453134..0207000000453134	0
188	https://danbri.github.io/londat/kgx/vocab#closesMinute	predicate-188.ibk5	360	32490	5d04b91b7aa1a03edcb2fca1e689d22182a000860fa3e1277412146f7067b607	predicate-188.ibk5.merkle	1	https://danbri.github.io/londat/kgx/graph/cwg.p02/d42e0102d6e27369	predicate-188.ibk5.lgi2	predicate-188.ibk5.gbi1	003c000000687474..0040000000687474	0203000000373830..0204000000313530	0
189	https://danbri.github.io/londat/kgx/vocab#opensMinute	predicate-189.ibk5	360	32476	bc31f788c5c7481eca82df566bb22523cfbfbc50548dcd776991e311a62711fb	predicate-189.ibk5.merkle	1	https://danbri.github.io/londat/kgx/graph/cwg.p02/d42e0102d6e27369	predicate-189.ibk5.lgi2	predicate-189.ibk5.gbi1	003c000000687474..0040000000687474	0201000000302800..0204000000313032	0
190	https://schema.org/closes	predicate-190.ibk5	360	32466	2ed4afdfbd067eb8e726347d4a0fa35c06dcf74d089786aee9f807c65fb6d683	predicate-190.ibk5.merkle	1	https://danbri.github.io/londat/kgx/graph/cwg.p02/d42e0102d6e27369	predicate-190.ibk5.lgi2	predicate-190.ibk5.gbi1	003c000000687474..0040000000687474	020500000030303a..020500000032333a	0
191	https://schema.org/dayOfWeek	predicate-191.ibk5	360	31769	52d4714a49822e4486ce48e40b384ddabc7b12fff01e9136d7014dfe42678434	predicate-191.ibk5.merkle	1	https://danbri.github.io/londat/kgx/graph/cwg.p02/d42e0102d6e27369	predicate-191.ibk5.lgi2	predicate-191.ibk5.gbi1	003c000000687474..0040000000687474	0019000000687474..001c000000687474	0
192	https://schema.org/opens	predicate-192.ibk5	360	32465	1d0eee0a3f8509c582d29b8efacd555a571c2eba69edd2a294d716d47338a042	predicate-192.ibk5.merkle	1	https://danbri.github.io/londat/kgx/graph/cwg.p02/d42e0102d6e27369	predicate-192.ibk5.lgi2	predicate-192.ibk5.gbi1	003c000000687474..0040000000687474	020500000030303a..020500000031373a	0
193	https://schema.org/dateModified	predicate-193.ibk5	27	4500	1caf66bc69a90ecba4ce4fb3c37bc6c2e183925d4508b6409224c2febbaf3a9c	predicate-193.ibk5.merkle	1	https://danbri.github.io/londat/kgx/graph/cwg.p02/d42e0102d6e27369	predicate-193.ibk5.lgi2	predicate-193.ibk5.gbi1	003c000000687474..0040000000687474	0219000000323032..0219000000323032	0
194	https://schema.org/datePublished	predicate-194.ibk5	29	4826	3743e8ce6b6767fcffc407502c705d2615caa8387bbf99276bb7a5243af7c4ff	predicate-194.ibk5.merkle	1	https://danbri.github.io/londat/kgx/graph/cwg.p02/d42e0102d6e27369	predicate-194.ibk5.lgi2	predicate-194.ibk5.gbi1	003c000000687474..0040000000687474	0219000000323031..0219000000323032	0
195	https://danbri.github.io/londat/kgx/vocab#levelText	predicate-195.ibk5	23	2545	518fb75fb273c742e144e5b876a58b186def669ee611e6d9da0f8dd3128c85e9	predicate-195.ibk5.merkle	1	https://danbri.github.io/londat/kgx/graph/cwg.p02/d42e0102d6e27369	predicate-195.ibk5.lgi2	predicate-195.ibk5.gbi1	003c000000687474..0040000000687474	02090000002d2031..020e000000537472	0
196	https://schema.org/address	predicate-196.ibk5	37	5889	ad3f36301813448b3fca927b8ce525e1f131c67e075a33d9e11b47b4e85d2afa	predicate-196.ibk5.merkle	1	https://danbri.github.io/londat/kgx/graph/cwg.p02/d42e0102d6e27369	predicate-196.ibk5.lgi2	predicate-196.ibk5.gbi1	003c000000687474..0040000000687474	003d000000687474..0041000000687474	0
197	https://schema.org/streetAddress	predicate-197.ibk5	15	2261	35cc9a165839cdc81fe3b974d62258c34129944f334d93416b09c6ebf17cc678	predicate-197.ibk5.merkle	1	https://danbri.github.io/londat/kgx/graph/cwg.p02/d42e0102d6e27369	predicate-197.ibk5.lgi2	predicate-197.ibk5.gbi1	003c000000687474..0040000000687474	020c000000382050..021400000032392d	0
198	https://schema.org/servesCuisine	predicate-198.ibk5	5	879	9e0add264159230907d8a43517e3a966200b45ea0a0878e21babc37300c6b8ad	predicate-198.ibk5.merkle	1	https://danbri.github.io/londat/kgx/graph/cwg.p02/d42e0102d6e27369	predicate-198.ibk5.lgi2	predicate-198.ibk5.gbi1	003c000000687474..0040000000687474	0205000000537573..0209000000436172	0
199	http://www.w3.org/1999/02/22-rdf-syntax-ns#type	predicate-199.ibk5	418	38950	d393b72271a3bcc68527ded86f3f576d76d4a360ca6b5ff02d04ab7dcc3a58f6	predicate-199.ibk5.merkle	1	https://danbri.github.io/londat/kgx/graph/cwg.p03/afadf67ca7f54001	predicate-199.ibk5.lgi2	predicate-199.ibk5.gbi1	0040000000687474..0044000000687474	0018000000687474..002c000000687474	0
200	https://danbri.github.io/londat/kgx/vocab#closesMinute	predicate-200.ibk5	383	36336	58a6368bc676dc1bbbd44bdac188ffffe9674c9e0941df5515766080c9785714	predicate-200.ibk5.merkle	1	https://danbri.github.io/londat/kgx/graph/cwg.p03/afadf67ca7f54001	predicate-200.ibk5.lgi2	predicate-200.ibk5.gbi1	0040000000687474..0044000000687474	0203000000383430..0204000000313536	0
201	https://danbri.github.io/londat/kgx/vocab#opensMinute	predicate-201.ibk5	383	36002	e6cf2c348645005e8462bf19b37b4d4d65818f45b09fe5237c2b92de09444629	predicate-201.ibk5.merkle	1	https://danbri.github.io/londat/kgx/graph/cwg.p03/afadf67ca7f54001	predicate-201.ibk5.lgi2	predicate-201.ibk5.gbi1	0040000000687474..0044000000687474	0203000000333330..0204000000313032	0
202	https://schema.org/closes	predicate-202.ibk5	383	36313	6f20a9423e76d068c848471b91b3aa2e576bdcc5af596d54c3dcdc94a117acc1	predicate-202.ibk5.merkle	1	https://danbri.github.io/londat/kgx/graph/cwg.p03/afadf67ca7f54001	predicate-202.ibk5.lgi2	predicate-202.ibk5.gbi1	0040000000687474..0044000000687474	020500000030303a..020500000032333a	0
203	https://schema.org/dayOfWeek	predicate-203.ibk5	383	35346	d24e6cb7cb7906ca4d99a6db17b26bb6c8329e6db487593634ceb4d6dc3ac994	predicate-203.ibk5.merkle	1	https://danbri.github.io/londat/kgx/graph/cwg.p03/afadf67ca7f54001	predicate-203.ibk5.lgi2	predicate-203.ibk5.gbi1	0040000000687474..0044000000687474	0019000000687474..001c000000687474	0
204	https://schema.org/opens	predicate-204.ibk5	383	35988	3f6ee696cdac14532f1ce1be72f9403315b3cebd67bf69941e4247a1be68d485	predicate-204.ibk5.merkle	1	https://danbri.github.io/londat/kgx/graph/cwg.p03/afadf67ca7f54001	predicate-204.ibk5.lgi2	predicate-204.ibk5.gbi1	0040000000687474..0044000000687474	020500000030353a..020500000031373a	0
205	https://schema.org/addressCountry	predicate-205.ibk5	29	2867	74a5ecfaf3764cf30f3be987226edc1c7b23e46fc26de54404d3c0d29cdde331	predicate-205.ibk5.merkle	1	https://danbri.github.io/londat/kgx/graph/cwg.p03/afadf67ca7f54001	predicate-205.ibk5.lgi2	predicate-205.ibk5.gbi1	0041000000687474..0044000000687474	0202000000474227..0202000000474227	0
206	https://schema.org/postalCode	predicate-206.ibk5	29	3372	fa8ea3c4106197b961852e4f31a55b72bf9e6d84912fb9ab55bbf231bef01873	predicate-206.ibk5.merkle	1	https://danbri.github.io/londat/kgx/graph/cwg.p03/afadf67ca7f54001	predicate-206.ibk5.lgi2	predicate-206.ibk5.gbi1	0041000000687474..0044000000687474	0207000000453134..0207000000453134	0
207	https://danbri.github.io/londat/kgx/vocab#hoursAsOf	predicate-207.ibk5	35	3896	64f5cce9fd46ffcf10e6b864ea528eadb47367bb10d3cdc69585316843b492aa	predicate-207.ibk5.merkle	1	https://danbri.github.io/londat/kgx/graph/cwg.p03/afadf67ca7f54001	predicate-207.ibk5.lgi2	predicate-207.ibk5.gbi1	0040000000687474..0044000000687474	020a000000323032..020a000000323032	0
208	https://danbri.github.io/londat/kgx/vocab#levelText	predicate-208.ibk5	32	3541	7ea5bd5fa2bf62814ff41eca9630366bc40d96d752d57aa75147f10994455982	predicate-208.ibk5.merkle	1	https://danbri.github.io/londat/kgx/graph/cwg.p03/afadf67ca7f54001	predicate-208.ibk5.lgi2	predicate-208.ibk5.gbi1	0040000000687474..0044000000687474	02090000004d657a..020e000000537472	0
209	https://schema.org/address	predicate-209.ibk5	35	5895	8e82599576321034138fd8690e87cb100c19fbf9a6a2978c266dfc3142cd8648	predicate-209.ibk5.merkle	1	https://danbri.github.io/londat/kgx/graph/cwg.p03/afadf67ca7f54001	predicate-209.ibk5.lgi2	predicate-209.ibk5.gbi1	0040000000687474..0044000000687474	0041000000687474..0045000000687474	0
210	https://schema.org/containedInPlace	predicate-210.ibk5	70	5189	511c9c1081681b27c9eb2e4246bfcf2b6536bf423a8d529f44c37f5670620f23	predicate-210.ibk5.merkle	1	https://danbri.github.io/londat/kgx/graph/cwg.p03/afadf67ca7f54001	predicate-210.ibk5.lgi2	predicate-210.ibk5.gbi1	0040000000687474..0044000000687474	0036000000687474..02110000004f6e65	0
211	https://schema.org/name	predicate-211.ibk5	35	6115	5a901662e82e656ad4a50ab2b1a67aec6829b19a2e1c993382803a8a6a79ab6f	predicate-211.ibk5.merkle	1	https://danbri.github.io/londat/kgx/graph/cwg.p03/afadf67ca7f54001	predicate-211.ibk5.lgi2	predicate-211.ibk5.gbi1	0040000000687474..0044000000687474	020e00000050686f..022e0000004e6f74	0
212	https://schema.org/openingHours	predicate-212.ibk5	35	6141	c738a97413662bd749520baaa5464e4e0a69cf88b099bd0fce3026a82c8a9c7c	predicate-212.ibk5.merkle	1	https://danbri.github.io/londat/kgx/graph/cwg.p03/afadf67ca7f54001	predicate-212.ibk5.lgi2	predicate-212.ibk5.gbi1	0040000000687474..0044000000687474	020400000032342f..02590000004d6f20	0
213	https://schema.org/openingHoursSpecification	predicate-213.ibk5	234	27874	8e3d8b41177cdfe1f2faf9833ff1e9599fc0adb3c8f1dbfa54ca6d6949eabb86	predicate-213.ibk5.merkle	1	https://danbri.github.io/londat/kgx/graph/cwg.p03/afadf67ca7f54001	predicate-213.ibk5.lgi2	predicate-213.ibk5.gbi1	0040000000687474..0044000000687474	004f000000687474..0056000000687474	0
214	https://schema.org/servesCuisine	predicate-214.ibk5	3	548	79e84849dbd452e618743fd917aa615c549073f50d873a1e30046360e0fad650	predicate-214.ibk5.merkle	1	https://danbri.github.io/londat/kgx/graph/cwg.p03/afadf67ca7f54001	predicate-214.ibk5.lgi2	predicate-214.ibk5.gbi1	0041000000687474..0044000000687474	0205000000417369..0208000000416d65	0
215	https://schema.org/subjectOf	predicate-215.ibk5	35	5617	502f401622c7669ad4f26d14e268ac898d8736e8aa7c5f76885bd50257b28de9	predicate-215.ibk5.merkle	1	https://danbri.github.io/londat/kgx/graph/cwg.p03/afadf67ca7f54001	predicate-215.ibk5.lgi2	predicate-215.ibk5.gbi1	0040000000687474..0044000000687474	0039000000687474..003d000000687474	0
216	https://danbri.github.io/londat/kgx/vocab#registryBuilding	predicate-216.ibk5	33	4003	7e044624139dcbf74c249bd386d0b2c22ad74bf02d06c4cd29f501e73f70cd7e	predicate-216.ibk5.merkle	1	https://danbri.github.io/londat/kgx/graph/cwg.p03/afadf67ca7f54001	predicate-216.ibk5.lgi2	predicate-216.ibk5.gbi1	0040000000687474..0044000000687474	0038000000687474..0038000000687474	0
217	https://schema.org/url	predicate-217.ibk5	32	3993	3b31302dd2180f8c2193adc30d6046533ef9b297ea2d98d43bd71788151f0ee5	predicate-217.ibk5.merkle	1	https://danbri.github.io/londat/kgx/graph/cwg.p03/afadf67ca7f54001	predicate-217.ibk5.lgi2	predicate-217.ibk5.gbi1	0040000000687474..0044000000687474	0013000000687474..0032000000687474	0
218	https://schema.org/streetAddress	predicate-218.ibk5	6	1029	5bd06fd5fdc1e1b146a88ab6ab661ad564e759873fb7d277a153f3b953467bf0	predicate-218.ibk5.merkle	1	https://danbri.github.io/londat/kgx/graph/cwg.p03/afadf67ca7f54001	predicate-218.ibk5.lgi2	predicate-218.ibk5.gbi1	0041000000687474..0042000000687474	020f000000313420..02110000004f6e65	0
219	https://schema.org/dateModified	predicate-219.ibk5	14	2465	e6dfb2cca3097ffb8a9edd8ed6faf649c0739ef24ef4ef94a39e2ba43e6ea1fa	predicate-219.ibk5.merkle	1	https://danbri.github.io/londat/kgx/graph/cwg.p03/afadf67ca7f54001	predicate-219.ibk5.lgi2	predicate-219.ibk5.gbi1	0040000000687474..0044000000687474	0219000000323032..0219000000323032	0
220	https://schema.org/datePublished	predicate-220.ibk5	15	2631	3e00367dbedccadde9b39ed82e9255c10d7ba8b9b0fb3815485d20e11341371f	predicate-220.ibk5.merkle	1	https://danbri.github.io/londat/kgx/graph/cwg.p03/afadf67ca7f54001	predicate-220.ibk5.lgi2	predicate-220.ibk5.gbi1	0040000000687474..0044000000687474	0219000000323031..0219000000323032	0
221	http://www.w3.org/1999/02/22-rdf-syntax-ns#type	predicate-221.ibk5	445	43210	c813a10a1f1e80aece671b5f8f02e3885a5eddf5d9a9a2873e99619f52254c44	predicate-221.ibk5.merkle	1	https://danbri.github.io/londat/kgx/graph/cwg.p04/fd5f337c15034712	predicate-221.ibk5.lgi2	predicate-221.ibk5.gbi1	0044000000687474..0049000000687474	0018000000687474..002c000000687474	0
222	https://danbri.github.io/londat/kgx/vocab#closesMinute	predicate-222.ibk5	429	42072	e82aceef59f36845567877a57e25ca0320f17242cc96b3fb439b79d1bc4b8fb3	predicate-222.ibk5.merkle	1	https://danbri.github.io/londat/kgx/graph/cwg.p04/fd5f337c15034712	predicate-222.ibk5.lgi2	predicate-222.ibk5.gbi1	0044000000687474..0049000000687474	0203000000373830..0204000000313635	0
223	https://danbri.github.io/londat/kgx/vocab#opensMinute	predicate-223.ibk5	425	41599	52d26bda9bb7b6e4c38ea765ba2c0b237dde8cb9b51afc90a468c29fbec96e0d	predicate-223.ibk5.merkle	1	https://danbri.github.io/londat/kgx/graph/cwg.p04/fd5f337c15034712	predicate-223.ibk5.lgi2	predicate-223.ibk5.gbi1	0044000000687474..0049000000687474	0201000000302800..0204000000313032	0
224	https://schema.org/closes	predicate-224.ibk5	429	42049	1aaf09a206ea4c09322ab4dbb51b8cc22332f23a5f23348482cca399272becc8	predicate-224.ibk5.merkle	1	https://danbri.github.io/londat/kgx/graph/cwg.p04/fd5f337c15034712	predicate-224.ibk5.lgi2	predicate-224.ibk5.gbi1	0044000000687474..0049000000687474	020500000030303a..020500000032333a	0
225	https://schema.org/dayOfWeek	predicate-225.ibk5	422	40726	62950fddbf61a1905585e6f2be4ad123b28ba52a189f88be928a2395a78f88aa	predicate-225.ibk5.merkle	1	https://danbri.github.io/londat/kgx/graph/cwg.p04/fd5f337c15034712	predicate-225.ibk5.lgi2	predicate-225.ibk5.gbi1	0044000000687474..0049000000687474	0019000000687474..001c000000687474	0
226	https://schema.org/opens	predicate-226.ibk5	425	41590	304450ea1f3922711d29b1e0ab5404d6a40c5ba0f440c50f2baeb4e96037df18	predicate-226.ibk5.merkle	1	https://danbri.github.io/londat/kgx/graph/cwg.p04/fd5f337c15034712	predicate-226.ibk5.lgi2	predicate-226.ibk5.gbi1	0044000000687474..0049000000687474	020500000030303a..020500000031373a	0
227	https://danbri.github.io/londat/kgx/vocab#hoursAsOf	predicate-227.ibk5	22	2619	acc5f2d84c937b7b2be1eb8d5cb59e2e2c25a14f901fcd7a1c88bf31c739642a	predicate-227.ibk5.merkle	1	https://danbri.github.io/londat/kgx/graph/cwg.p04/fd5f337c15034712	predicate-227.ibk5.lgi2	predicate-227.ibk5.gbi1	0044000000687474..0048000000687474	020a000000323032..020a000000323032	0
228	https://danbri.github.io/londat/kgx/vocab#levelText	predicate-228.ibk5	17	2289	601d2e6432e13a44549f70b90c8adcb92c90b41e95776f0e60b62fba3cd6d24c	predicate-228.ibk5.merkle	1	https://danbri.github.io/londat/kgx/graph/cwg.p04/fd5f337c15034712	predicate-228.ibk5.lgi2	predicate-228.ibk5.gbi1	0045000000687474..0048000000687474	02070000004c6576..020e000000537472	0
229	https://danbri.github.io/londat/kgx/vocab#registryBuilding	predicate-229.ibk5	19	2735	0ca157f72d5fcb78e7715fc9cff0f43458b6184573b2372e962561ac2c08aab1	predicate-229.ibk5.merkle	1	https://danbri.github.io/londat/kgx/graph/cwg.p04/fd5f337c15034712	predicate-229.ibk5.lgi2	predicate-229.ibk5.gbi1	0045000000687474..0048000000687474	0038000000687474..0038000000687474	0
230	https://schema.org/containedInPlace	predicate-230.ibk5	45	4240	31e0a486bb41a54a256317f61405e32f747fc50713aeaa6273a2618d38ef8e6e	predicate-230.ibk5.merkle	1	https://danbri.github.io/londat/kgx/graph/cwg.p04/fd5f337c15034712	predicate-230.ibk5.lgi2	predicate-230.ibk5.gbi1	0044000000687474..0048000000687474	0036000000687474..0212000000436861	0
231	https://schema.org/name	predicate-231.ibk5	23	4180	10b8f4aa99288f88f47ad10a7c2fcb08da2658237a99555044254b4e4f0a1757	predicate-231.ibk5.merkle	1	https://danbri.github.io/londat/kgx/graph/cwg.p04/fd5f337c15034712	predicate-231.ibk5.lgi2	predicate-231.ibk5.gbi1	0044000000687474..0048000000687474	020d000000436861..022a000000416461	0
232	https://schema.org/openingHours	predicate-232.ibk5	22	3878	bd2bdf7b50532741442da6e7a8521934436a6e5ad3feff584ed43b638267762f	predicate-232.ibk5.merkle	1	https://danbri.github.io/londat/kgx/graph/cwg.p04/fd5f337c15034712	predicate-232.ibk5.lgi2	predicate-232.ibk5.gbi1	0044000000687474..0048000000687474	02110000004d6f2d..02470000004d6f2c	0
233	https://schema.org/openingHoursSpecification	predicate-233.ibk5	138	17208	f967dccd006e4de070f1fbd4aefe4b6839598bf77f89e14ee66c52b01475fcd7	predicate-233.ibk5.merkle	1	https://danbri.github.io/londat/kgx/graph/cwg.p04/fd5f337c15034712	predicate-233.ibk5.lgi2	predicate-233.ibk5.gbi1	0044000000687474..0048000000687474	0053000000687474..005a000000687474	0
234	https://schema.org/subjectOf	predicate-234.ibk5	23	3921	077c56918def5d8d70327a53bdf98e17c55be180060d01cc91f9b32424ec6e5d	predicate-234.ibk5.merkle	1	https://danbri.github.io/londat/kgx/graph/cwg.p04/fd5f337c15034712	predicate-234.ibk5.lgi2	predicate-234.ibk5.gbi1	0044000000687474..0048000000687474	003d000000687474..0041000000687474	0
235	https://schema.org/url	predicate-235.ibk5	22	2848	15f59f194f07efd9bd3b04d03ca78b2e35a9c6e9534454a8c5fc3eb8fa97f2da	predicate-235.ibk5.merkle	1	https://danbri.github.io/londat/kgx/graph/cwg.p04/fd5f337c15034712	predicate-235.ibk5.lgi2	predicate-235.ibk5.gbi1	0044000000687474..0048000000687474	0014000000687474..0034000000687474	0
236	https://schema.org/dateModified	predicate-236.ibk5	4	837	dfda4a350809ab10a4e68bce2cd24c6da020728e7b40115d292ec2c58953fd2e	predicate-236.ibk5.merkle	1	https://danbri.github.io/londat/kgx/graph/cwg.p04/fd5f337c15034712	predicate-236.ibk5.lgi2	predicate-236.ibk5.gbi1	0045000000687474..0047000000687474	0219000000323032..0219000000323032	0
237	https://schema.org/datePublished	predicate-237.ibk5	4	838	4fae9d26c6a5572de338815d1d516bbf4a6c6fa797164f51eaa03e365489904a	predicate-237.ibk5.merkle	1	https://danbri.github.io/londat/kgx/graph/cwg.p04/fd5f337c15034712	predicate-237.ibk5.lgi2	predicate-237.ibk5.gbi1	0045000000687474..0047000000687474	0219000000323031..0219000000323031	0
238	https://schema.org/addressCountry	predicate-238.ibk5	29	2976	248172a6215974f131daf8a29cf6d181587ca2d04a866a8b029e566448bda79a	predicate-238.ibk5.merkle	1	https://danbri.github.io/londat/kgx/graph/cwg.p04/fd5f337c15034712	predicate-238.ibk5.lgi2	predicate-238.ibk5.gbi1	0045000000687474..0048000000687474	0202000000474227..0202000000474227	0
239	https://schema.org/postalCode	predicate-239.ibk5	29	3761	b5f3f38aaeb9dd50dcbe0760edefcdac3e0264a00db26b1e10be38465f606d71	predicate-239.ibk5.merkle	1	https://danbri.github.io/londat/kgx/graph/cwg.p04/fd5f337c15034712	predicate-239.ibk5.lgi2	predicate-239.ibk5.gbi1	0045000000687474..0048000000687474	0207000000453134..0207000000453134	0
240	https://schema.org/address	predicate-240.ibk5	22	3934	38ee24cd27884a952ae4a216c4f7e4e8323970402137021cf6bb1e42a434ebb3	predicate-240.ibk5.merkle	1	https://danbri.github.io/londat/kgx/graph/cwg.p04/fd5f337c15034712	predicate-240.ibk5.lgi2	predicate-240.ibk5.gbi1	0044000000687474..0048000000687474	0045000000687474..0049000000687474	0
241	https://schema.org/streetAddress	predicate-241.ibk5	5	970	c742590e0e518809d6ce67d3ad7ec16a236757d4126609e1063b44aa92683686	predicate-241.ibk5.merkle	1	https://danbri.github.io/londat/kgx/graph/cwg.p04/fd5f337c15034712	predicate-241.ibk5.lgi2	predicate-241.ibk5.gbi1	0045000000687474..0048000000687474	020e000000343020..0214000000352043	0
242	https://schema.org/servesCuisine	predicate-242.ibk5	2	461	eadce2ff97d080c5ea158d15ec6790e591a032665f26d3505bbe8b71fae10320	predicate-242.ibk5.merkle	1	https://danbri.github.io/londat/kgx/graph/cwg.p04/fd5f337c15034712	predicate-242.ibk5.lgi2	predicate-242.ibk5.gbi1	0045000000687474..0046000000687474	0205000000477265..0207000000436869	0
243	http://www.w3.org/1999/02/22-rdf-syntax-ns#type	predicate-243.ibk5	471	48652	209a32b3852d69702376d6e4fd49ef9793ecc15c4b25a4fe48bf121d3235f1c4	predicate-243.ibk5.merkle	1	https://danbri.github.io/londat/kgx/graph/cwg.p05/998072694de1136b	predicate-243.ibk5.lgi2	predicate-243.ibk5.gbi1	0049000000687474..0051000000687474	0019000000687474..002c000000687474	0
244	https://danbri.github.io/londat/kgx/vocab#closesMinute	predicate-244.ibk5	458	48245	73fc67c9b637ed8eccfff53a77c6843f72d61ede14ca634a19c9c2af04bf7513	predicate-244.ibk5.merkle	1	https://danbri.github.io/londat/kgx/graph/cwg.p05/998072694de1136b	predicate-244.ibk5.lgi2	predicate-244.ibk5.gbi1	0049000000687474..0051000000687474	0203000000373830..0204000000313536	0
245	https://danbri.github.io/londat/kgx/vocab#opensMinute	predicate-245.ibk5	459	48141	811e217e6d881b82bd598c0533e2e0bada2420a305ead23212b69e0f19a61360	predicate-245.ibk5.merkle	1	https://danbri.github.io/londat/kgx/graph/cwg.p05/998072694de1136b	predicate-245.ibk5.lgi2	predicate-245.ibk5.gbi1	0049000000687474..0051000000687474	0201000000302800..0204000000313038	0
246	https://schema.org/closes	predicate-246.ibk5	458	48223	7d2d00ea74de25e408dcfd95ccfebbc449022f66f49a0e0cded15ffba7dbc9c6	predicate-246.ibk5.merkle	1	https://danbri.github.io/londat/kgx/graph/cwg.p05/998072694de1136b	predicate-246.ibk5.lgi2	predicate-246.ibk5.gbi1	0049000000687474..0051000000687474	020500000030303a..020500000032333a	0
247	https://schema.org/dayOfWeek	predicate-247.ibk5	458	47148	09eaa61c1c590b0743b1a372f2c952cddfcc21f3f43f644e68da9d740ffefa97	predicate-247.ibk5.merkle	1	https://danbri.github.io/londat/kgx/graph/cwg.p05/998072694de1136b	predicate-247.ibk5.lgi2	predicate-247.ibk5.gbi1	0049000000687474..0051000000687474	0019000000687474..001c000000687474	0
248	https://schema.org/opens	predicate-248.ibk5	459	48134	2fd7a512652188626e3a1520c26ea3ddeefbd64b9d4e499645cebb496ce17cbb	predicate-248.ibk5.merkle	1	https://danbri.github.io/londat/kgx/graph/cwg.p05/998072694de1136b	predicate-248.ibk5.lgi2	predicate-248.ibk5.gbi1	0049000000687474..0051000000687474	020500000030303a..020500000031383a	0
249	https://schema.org/addressCountry	predicate-249.ibk5	17	1920	add9e2e06d74d80cd4b5fdb9d3e1797f763f7bb1d793b59d011a6a992ce9611f	predicate-249.ibk5.merkle	1	https://danbri.github.io/londat/kgx/graph/cwg.p05/998072694de1136b	predicate-249.ibk5.lgi2	predicate-249.ibk5.gbi1	0049000000687474..0051000000687474	0202000000474227..0202000000474227	0
250	https://schema.org/postalCode	predicate-250.ibk5	16	2378	92d421f9f4f14dfa760ff33d674fb0a92e2ef974eeb17572c675b3ef4985280c	predicate-250.ibk5.merkle	1	https://danbri.github.io/londat/kgx/graph/cwg.p05/998072694de1136b	predicate-250.ibk5.lgi2	predicate-250.ibk5.gbi1	0049000000687474..0051000000687474	0207000000453134..0207000000453134	0
251	https://danbri.github.io/londat/kgx/vocab#hoursAsOf	predicate-251.ibk5	11	1571	d5f82bc556ae9ff6662ccb3d45f749aaba9f7ed39ec13635a6eb41d315e769ae	predicate-251.ibk5.merkle	1	https://danbri.github.io/londat/kgx/graph/cwg.p05/998072694de1136b	predicate-251.ibk5.lgi2	predicate-251.ibk5.gbi1	0049000000687474..0050000000687474	020a000000323032..020a000000323032	0
252	https://danbri.github.io/londat/kgx/vocab#levelText	predicate-252.ibk5	8	1173	8d073312aed28b88a4a65de4d202bec20898fc5f4f1ff307d880193e9816121b	predicate-252.ibk5.merkle	1	https://danbri.github.io/londat/kgx/graph/cwg.p05/998072694de1136b	predicate-252.ibk5.lgi2	predicate-252.ibk5.gbi1	0049000000687474..0050000000687474	020c0000004d616c..020d0000004d616c	0
253	https://danbri.github.io/londat/kgx/vocab#registryBuilding	predicate-253.ibk5	12	1940	9da3f1fde0b6551255f72437bf456c2b587e667d0e16af25c55eec475996479c	predicate-253.ibk5.merkle	1	https://danbri.github.io/londat/kgx/graph/cwg.p05/998072694de1136b	predicate-253.ibk5.lgi2	predicate-253.ibk5.gbi1	0049000000687474..0050000000687474	0038000000687474..0038000000687474	0
254	https://schema.org/address	predicate-254.ibk5	13	2511	e8ef5855a3d8ca81a5ec05b7b804fc3b36cc7c3264ee3629837595b09e2d5d4b	predicate-254.ibk5.merkle	1	https://danbri.github.io/londat/kgx/graph/cwg.p05/998072694de1136b	predicate-254.ibk5.lgi2	predicate-254.ibk5.gbi1	0049000000687474..0050000000687474	004a000000687474..0051000000687474	0
255	https://schema.org/containedInPlace	predicate-255.ibk5	26	2994	37a88a044d8293310e15ea75a494c466fdc7885de4993f87aa3bfc6c6939767a	predicate-255.ibk5.merkle	1	https://danbri.github.io/londat/kgx/graph/cwg.p05/998072694de1136b	predicate-255.ibk5.lgi2	predicate-255.ibk5.gbi1	0049000000687474..0050000000687474	0037000000687474..0212000000436f6c	0
256	https://schema.org/name	predicate-256.ibk5	13	2510	f8d7baee9066c757d4f87807a6b828788752778070d0ae75fc542c1924376efc	predicate-256.ibk5.merkle	1	https://danbri.github.io/londat/kgx/graph/cwg.p05/998072694de1136b	predicate-256.ibk5.lgi2	predicate-256.ibk5.gbi1	0049000000687474..0050000000687474	0212000000427570..022d00000044696e	0
257	https://schema.org/openingHours	predicate-257.ibk5	11	2186	25396d42af38f0839ddc36968e9f3baf994749f27fd52dd2aac1bf6756600c7c	predicate-257.ibk5.merkle	1	https://danbri.github.io/londat/kgx/graph/cwg.p05/998072694de1136b	predicate-257.ibk5.lgi2	predicate-257.ibk5.gbi1	0049000000687474..0050000000687474	02110000004d6f2d..02310000004d6f2d	0
258	https://schema.org/openingHoursSpecification	predicate-258.ibk5	65	8657	58361fa4bfa8babf52056ab283b9a87b31a824f8c8197ef0c228a7799b312ab7	predicate-258.ibk5.merkle	1	https://danbri.github.io/londat/kgx/graph/cwg.p05/998072694de1136b	predicate-258.ibk5.lgi2	predicate-258.ibk5.gbi1	0049000000687474..0050000000687474	0058000000687474..0062000000687474	0
259	https://schema.org/subjectOf	predicate-259.ibk5	13	2409	01ad74ee82e748798e94d0617aadf675adccdb9b46d4f111b870a1ac1b2a1d7d	predicate-259.ibk5.merkle	1	https://danbri.github.io/londat/kgx/graph/cwg.p05/998072694de1136b	predicate-259.ibk5.lgi2	predicate-259.ibk5.gbi1	0049000000687474..0050000000687474	0042000000687474..0049000000687474	0
260	https://schema.org/url	predicate-260.ibk5	12	1696	ea70b860ad175dafee52ee05b9356d3ba8f6d3ca1929b6c4ddde8270b7dcaf6a	predicate-260.ibk5.merkle	1	https://danbri.github.io/londat/kgx/graph/cwg.p05/998072694de1136b	predicate-260.ibk5.lgi2	predicate-260.ibk5.gbi1	0049000000687474..0050000000687474	0019000000687474..0053000000687474	0
261	https://schema.org/streetAddress	predicate-261.ibk5	8	1365	05265f1e36764f2735f3aefe6425b18f39720ac7d73079fd96fef3dd1229adf5	predicate-261.ibk5.merkle	1	https://danbri.github.io/londat/kgx/graph/cwg.p05/998072694de1136b	predicate-261.ibk5.lgi2	predicate-261.ibk5.gbi1	0049000000687474..0051000000687474	020e000000313220..0215000000313420	0
262	https://danbri.github.io/londat/kgx/vocab#status	predicate-262.ibk5	1	336	42d8ac3a123ce7405ddb341edb0c75be05951fe8554f8f0310bf4d9fc2f3e991	predicate-262.ibk5.merkle	1	https://danbri.github.io/londat/kgx/graph/cwg.p05/998072694de1136b	predicate-262.ibk5.lgi2	predicate-262.ibk5.gbi1	0049000000687474..0049000000687474	020b000000636f6d..020b000000636f6d	0
263	https://schema.org/dateModified	predicate-263.ibk5	6	1220	b05c08f05f40802b04f3869ad1242f8b66569b8222b13a557fcd7ac13f737b07	predicate-263.ibk5.merkle	1	https://danbri.github.io/londat/kgx/graph/cwg.p05/998072694de1136b	predicate-263.ibk5.lgi2	predicate-263.ibk5.gbi1	0049000000687474..0051000000687474	0219000000323032..0219000000323032	0
264	https://schema.org/datePublished	predicate-264.ibk5	6	1073	93cedeb5f381a9aa7b53b98fb9d5737527f9e6273c5b7bc1b8df30aab2f9b9c4	predicate-264.ibk5.merkle	1	https://danbri.github.io/londat/kgx/graph/cwg.p05/998072694de1136b	predicate-264.ibk5.lgi2	predicate-264.ibk5.gbi1	0049000000687474..0051000000687474	0219000000323031..0219000000323032	0
265	https://schema.org/servesCuisine	predicate-265.ibk5	1	316	cc80ff1728e104cc8153b2a2168693ef0e1a9196cca11dccaa2d915fe69cb539	predicate-265.ibk5.merkle	1	https://danbri.github.io/londat/kgx/graph/cwg.p05/998072694de1136b	predicate-265.ibk5.lgi2	predicate-265.ibk5.gbi1	0049000000687474..0049000000687474	02070000004d6578..02070000004d6578	0
266	http://www.w3.org/1999/02/22-rdf-syntax-ns#type	predicate-266.ibk5	423	47898	59fbf4c1887cc710a8306716d5d121e5dac5db5acbc29b168d3ab2c837a086af	predicate-266.ibk5.merkle	1	https://danbri.github.io/londat/kgx/graph/cwg.p06/88469498d1fa5526	predicate-266.ibk5.lgi2	predicate-266.ibk5.gbi1	0051000000687474..006f000000687474	001c000000687474..002c000000687474	0
267	https://danbri.github.io/londat/kgx/vocab#closesMinute	predicate-267.ibk5	417	48269	3df0288bc903965bc13b3f5ebaab680e46291aeaa2289765fb198e678f4ea941	predicate-267.ibk5.merkle	1	https://danbri.github.io/londat/kgx/graph/cwg.p06/88469498d1fa5526	predicate-267.ibk5.lgi2	predicate-267.ibk5.gbi1	0051000000687474..006f000000687474	0203000000383430..0204000000313536	0
268	https://danbri.github.io/londat/kgx/vocab#opensMinute	predicate-268.ibk5	417	47826	4da638a74bafa528236530e7a9fd1eba6d4ba04de3d6b171ed7f0ec1104d749e	predicate-268.ibk5.merkle	1	https://danbri.github.io/londat/kgx/graph/cwg.p06/88469498d1fa5526	predicate-268.ibk5.lgi2	predicate-268.ibk5.gbi1	0051000000687474..006f000000687474	0201000000302800..0204000000313032	0
269	https://schema.org/closes	predicate-269.ibk5	417	48246	bf2c112385a816323e281be63a452c109ef6749d2a50de0659b09fca9eeb2e6d	predicate-269.ibk5.merkle	1	https://danbri.github.io/londat/kgx/graph/cwg.p06/88469498d1fa5526	predicate-269.ibk5.lgi2	predicate-269.ibk5.gbi1	0051000000687474..006f000000687474	020500000030303a..020500000032333a	0
270	https://schema.org/dayOfWeek	predicate-270.ibk5	417	47225	c1e9f5ca63e7f3ea00403b1dfa31b2ba207da1f3ab9de01e78f1068dab31517c	predicate-270.ibk5.merkle	1	https://danbri.github.io/londat/kgx/graph/cwg.p06/88469498d1fa5526	predicate-270.ibk5.lgi2	predicate-270.ibk5.gbi1	0051000000687474..006f000000687474	0019000000687474..001c000000687474	0
271	https://schema.org/opens	predicate-271.ibk5	417	47813	134dade1803fec4f2c25aef60325d0031ec0e3aaa206a5db4023f12b84ccea17	predicate-271.ibk5.merkle	1	https://danbri.github.io/londat/kgx/graph/cwg.p06/88469498d1fa5526	predicate-271.ibk5.lgi2	predicate-271.ibk5.gbi1	0051000000687474..006f000000687474	020500000030303a..020500000031373a	0
272	https://schema.org/addressCountry	predicate-272.ibk5	6	890	ac2e90f532dcaee82fc613d74b2df8d0e2a9f9c1bac0d02be92413f3422850f6	predicate-272.ibk5.merkle	1	https://danbri.github.io/londat/kgx/graph/cwg.p06/88469498d1fa5526	predicate-272.ibk5.lgi2	predicate-272.ibk5.gbi1	0053000000687474..005e000000687474	0202000000474227..0202000000474227	0
273	https://schema.org/postalCode	predicate-273.ibk5	6	1115	e866d9c19f0222b5a75430bb81246267460cd0173c25b3d64a8654f8cf697149	predicate-273.ibk5.merkle	1	https://danbri.github.io/londat/kgx/graph/cwg.p06/88469498d1fa5526	predicate-273.ibk5.lgi2	predicate-273.ibk5.gbi1	0053000000687474..005e000000687474	0207000000453134..0207000000453134	0
274	https://danbri.github.io/londat/kgx/vocab#hoursAsOf	predicate-274.ibk5	6	1022	cc1080359906e8779aad3d88e3b5ddd8196c47ea9a988989c1ed52186317a863	predicate-274.ibk5.merkle	1	https://danbri.github.io/londat/kgx/graph/cwg.p06/88469498d1fa5526	predicate-274.ibk5.lgi2	predicate-274.ibk5.gbi1	0052000000687474..005d000000687474	020a000000323032..020a000000323032	0
275	https://danbri.github.io/londat/kgx/vocab#levelText	predicate-275.ibk5	5	988	973a7d0b1370b01a03416e9508b3e935c93983148165331f087c00b9fd5f7460	predicate-275.ibk5.merkle	1	https://danbri.github.io/londat/kgx/graph/cwg.p06/88469498d1fa5526	predicate-275.ibk5.lgi2	predicate-275.ibk5.gbi1	0052000000687474..005d000000687474	020c0000004d616c..020e000000537472	0
276	https://danbri.github.io/londat/kgx/vocab#registryBuilding	predicate-276.ibk5	6	1224	6c6a184ffb319a410231739f1e8f9f6f746989926511be22d0fcd76fbf77c2d2	predicate-276.ibk5.merkle	1	https://danbri.github.io/londat/kgx/graph/cwg.p06/88469498d1fa5526	predicate-276.ibk5.lgi2	predicate-276.ibk5.gbi1	0052000000687474..005d000000687474	0038000000687474..0038000000687474	0
277	https://schema.org/address	predicate-277.ibk5	6	1382	3c5b06227a59bd9f0840bf094c59350262618d72350b7a518e7edda034ef4cce	predicate-277.ibk5.merkle	1	https://danbri.github.io/londat/kgx/graph/cwg.p06/88469498d1fa5526	predicate-277.ibk5.lgi2	predicate-277.ibk5.gbi1	0052000000687474..005d000000687474	0053000000687474..005e000000687474	0
278	https://schema.org/containedInPlace	predicate-278.ibk5	12	1711	ab4441b173c452f6e4c51f56f18f2ccdfd9e96ca472ae726237dc73c42aa69bf	predicate-278.ibk5.merkle	1	https://danbri.github.io/londat/kgx/graph/cwg.p06/88469498d1fa5526	predicate-278.ibk5.lgi2	predicate-278.ibk5.gbi1	0052000000687474..005d000000687474	0037000000687474..0212000000436f6c	0
279	https://schema.org/name	predicate-279.ibk5	6	1320	d379ee3e29fb68880ca68192e11c16fa3b87ba4beccd5067f55dd8d5c7f89969	predicate-279.ibk5.merkle	1	https://danbri.github.io/londat/kgx/graph/cwg.p06/88469498d1fa5526	predicate-279.ibk5.lgi2	predicate-279.ibk5.gbi1	0052000000687474..005d000000687474	021d000000427269..022a000000546875	0
280	https://schema.org/openingHours	predicate-280.ibk5	6	1210	2f102be0356e03272ea70229bde665895010ce3a0a5051bbb3781df6217ad4a8	predicate-280.ibk5.merkle	1	https://danbri.github.io/londat/kgx/graph/cwg.p06/88469498d1fa5526	predicate-280.ibk5.lgi2	predicate-280.ibk5.gbi1	0052000000687474..005d000000687474	020400000032342f..02290000004d6f2d	0
281	https://schema.org/openingHoursSpecification	predicate-281.ibk5	35	5190	104038895e3c8027203077a8317cd6480432bc1489586aee1d4f221712386866	predicate-281.ibk5.merkle	1	https://danbri.github.io/londat/kgx/graph/cwg.p06/88469498d1fa5526	predicate-281.ibk5.lgi2	predicate-281.ibk5.gbi1	0052000000687474..005d000000687474	0061000000687474..006f000000687474	0
282	https://schema.org/servesCuisine	predicate-282.ibk5	1	329	f64028c245dd1a1c093288d21548156faa91e4e4ffc13cf8c82f42e508764dd2	predicate-282.ibk5.merkle	1	https://danbri.github.io/londat/kgx/graph/cwg.p06/88469498d1fa5526	predicate-282.ibk5.lgi2	predicate-282.ibk5.gbi1	0055000000687474..0055000000687474	0208000000416d65..0208000000416d65	0
283	https://schema.org/subjectOf	predicate-283.ibk5	6	1336	b862c33b0ccd98165d847834184d14560edd4afc2b7d47e9e63d47e6caf90644	predicate-283.ibk5.merkle	1	https://danbri.github.io/londat/kgx/graph/cwg.p06/88469498d1fa5526	predicate-283.ibk5.lgi2	predicate-283.ibk5.gbi1	0052000000687474..005d000000687474	004b000000687474..0056000000687474	0
284	https://schema.org/url	predicate-284.ibk5	6	1322	7105bd8611b7a338ccf4d0efbe513cf04ae8eaa382686412e16ec2ba6c660a09	predicate-284.ibk5.merkle	1	https://danbri.github.io/londat/kgx/graph/cwg.p06/88469498d1fa5526	predicate-284.ibk5.lgi2	predicate-284.ibk5.gbi1	0052000000687474..005d000000687474	001d000000687474..0061000000687474	0
285	https://schema.org/streetAddress	predicate-285.ibk5	4	883	75145cd0cb624acea03639d2fa289ce9a4b312bbe856db310c143c17094d7d62	predicate-285.ibk5.merkle	1	https://danbri.github.io/londat/kgx/graph/cwg.p06/88469498d1fa5526	predicate-285.ibk5.lgi2	predicate-285.ibk5.gbi1	0057000000687474..005e000000687474	020e000000353020..0215000000313320	0
286	https://schema.org/dateModified	predicate-286.ibk5	1	346	d047beb1dcbb69b5ecd3f7422e99c17a8823b7d7547134c6e6d32eab9c1ffdcc	predicate-286.ibk5.merkle	1	https://danbri.github.io/londat/kgx/graph/cwg.p06/88469498d1fa5526	predicate-286.ibk5.lgi2	predicate-286.ibk5.gbi1	0056000000687474..0056000000687474	0219000000323032..0219000000323032	0
287	https://schema.org/datePublished	predicate-287.ibk5	1	347	ed1194cb64178796c700c62ede54d72008a651bd52f4ed9f732cd41255bcf698	predicate-287.ibk5.merkle	1	https://danbri.github.io/londat/kgx/graph/cwg.p06/88469498d1fa5526	predicate-287.ibk5.lgi2	predicate-287.ibk5.gbi1	0056000000687474..0056000000687474	0219000000323031..0219000000323031	0
288	https://danbri.github.io/londat/kgx/vocab#hex	predicate-288.ibk5	15	2782	58d310ff0af6585bcec34b749a4fde9d10f4b89853a4c01c5e069cbc2610ceb7	predicate-288.ibk5.merkle	1	https://danbri.github.io/londat/kgx/graph/facade-patches-cwlibrary.p00/a9ec39f5e86dd130	predicate-288.ibk5.lgi2	predicate-288.ibk5.gbi1	0059000000687474..005e000000687474	0207000000233133..0207000000236135	0
289	https://danbri.github.io/londat/kgx/vocab#lightness	predicate-289.ibk5	15	2698	0690188df981f86bdff31f0d0338a506024fa5e53207de01d3673700cc60741e	predicate-289.ibk5.merkle	1	https://danbri.github.io/londat/kgx/graph/facade-patches-cwlibrary.p00/a9ec39f5e86dd130	predicate-289.ibk5.lgi2	predicate-289.ibk5.gbi1	0059000000687474..005e000000687474	0202000000323428..020400000037302e	0
290	https://danbri.github.io/londat/kgx/vocab#rank	predicate-290.ibk5	15	2096	2ea026d0c2809d21a12abd0dd699e67b757c4ebd3a6d567855c18be44c0d2cf1	predicate-290.ibk5.merkle	1	https://danbri.github.io/londat/kgx/graph/facade-patches-cwlibrary.p00/a9ec39f5e86dd130	predicate-290.ibk5.lgi2	predicate-290.ibk5.gbi1	0059000000687474..005e000000687474	0201000000302800..0201000000322800	0
291	https://danbri.github.io/londat/kgx/vocab#share	predicate-291.ibk5	15	2768	5041916655964038b5b522741283817cf35b3afe6e55995431394ed8adac515c	predicate-291.ibk5.merkle	1	https://danbri.github.io/londat/kgx/graph/facade-patches-cwlibrary.p00/a9ec39f5e86dd130	predicate-291.ibk5.lgi2	predicate-291.ibk5.gbi1	0059000000687474..005e000000687474	0204000000302e31..0205000000302e35	0
292	http://www.w3.org/1999/02/22-rdf-syntax-ns#type	predicate-292.ibk5	5	793	782e54ca3491f16e3318e5f8f56b517e09b27ad20ee6f8d1dafdce345ee40f46	predicate-292.ibk5.merkle	1	https://danbri.github.io/londat/kgx/graph/facade-patches-cwlibrary.p00/a9ec39f5e86dd130	predicate-292.ibk5.lgi2	predicate-292.ibk5.gbi1	0050000000687474..0055000000687474	0035000000687474..0035000000687474	0
293	http://www.w3.org/2000/01/rdf-schema#comment	predicate-293.ibk5	5	1145	68d73453f4f07659042ddb1d7580aa66ac04aa3a5ae2dbc2a042c642771c68c7	predicate-293.ibk5.merkle	1	https://danbri.github.io/londat/kgx/graph/facade-patches-cwlibrary.p00/a9ec39f5e86dd130	predicate-293.ibk5.lgi2	predicate-293.ibk5.gbi1	0050000000687474..0055000000687474	0207000000626163..02400000006c6566	0
294	http://www.w3.org/2000/01/rdf-schema#label	predicate-294.ibk5	5	1165	7a04d4751e6a12c8282ddb3ad1a4aa0b35cca6ee80b1ebacec4ad9af327fbb4b	predicate-294.ibk5.merkle	1	https://danbri.github.io/londat/kgx/graph/facade-patches-cwlibrary.p00/a9ec39f5e86dd130	predicate-294.ibk5.lgi2	predicate-294.ibk5.gbi1	0050000000687474..0055000000687474	021f0000006c6962..022b000000746865	0
295	https://danbri.github.io/londat/kgx/vocab#bayAutocorrelation	predicate-295.ibk5	5	1018	32a1f9476410a8b94c8f08d2c06b98ba217ad32984e13fa4165b6286db64bbca	predicate-295.ibk5.merkle	1	https://danbri.github.io/londat/kgx/graph/facade-patches-cwlibrary.p00/a9ec39f5e86dd130	predicate-295.ibk5.lgi2	predicate-295.ibk5.gbi1	0050000000687474..0055000000687474	0204000000302e31..0204000000302e36	0
296	https://danbri.github.io/londat/kgx/vocab#bayPeriodPx	predicate-296.ibk5	5	1017	e489f4f9e4089bf208dd2782f146bca5840a978e601b9ea2a2ae481d59a27e48	predicate-296.ibk5.merkle	1	https://danbri.github.io/londat/kgx/graph/facade-patches-cwlibrary.p00/a9ec39f5e86dd130	predicate-296.ibk5.lgi2	predicate-296.ibk5.gbi1	0050000000687474..0055000000687474	020500000031312e..0206000000313134	0
297	https://danbri.github.io/londat/kgx/vocab#box	predicate-297.ibk5	5	1050	e973d6b548fff7b31d61c079514b94d3b39610329e07f165d3406ffa0f61495a	predicate-297.ibk5.merkle	1	https://danbri.github.io/londat/kgx/graph/facade-patches-cwlibrary.p00/a9ec39f5e86dd130	predicate-297.ibk5.lgi2	predicate-297.ibk5.gbi1	0050000000687474..0055000000687474	020c000000302035..0210000000323630	0
298	https://danbri.github.io/londat/kgx/vocab#building	predicate-298.ibk5	5	1006	fb5e7c3dc7bed612931e078d0d88586b9969da20723067002409e4f165aab688	predicate-298.ibk5.merkle	1	https://danbri.github.io/londat/kgx/graph/facade-patches-cwlibrary.p00/a9ec39f5e86dd130	predicate-298.ibk5.lgi2	predicate-298.ibk5.gbi1	0050000000687474..0055000000687474	003d000000687474..003f000000687474	0
299	https://danbri.github.io/londat/kgx/vocab#colour	predicate-299.ibk5	15	2382	33e9b281519635c061805a8c4995ac2b67b53c4af1e6c81bee707d673f4c0912	predicate-299.ibk5.merkle	1	https://danbri.github.io/londat/kgx/graph/facade-patches-cwlibrary.p00/a9ec39f5e86dd130	predicate-299.ibk5.lgi2	predicate-299.ibk5.gbi1	0050000000687474..0055000000687474	0059000000687474..005e000000687474	0
300	https://danbri.github.io/londat/kgx/vocab#face	predicate-300.ibk5	5	968	cc14ea812d968bb3fb907013c3dbe05ed206cadbcdab14931fd63fcd326626c9	predicate-300.ibk5.merkle	1	https://danbri.github.io/londat/kgx/graph/facade-patches-cwlibrary.p00/a9ec39f5e86dd130	predicate-300.ibk5.lgi2	predicate-300.ibk5.gbi1	0050000000687474..0055000000687474	02050000006e6f72..020d000000656173	0
301	https://danbri.github.io/londat/kgx/vocab#floorAutocorrelation	predicate-301.ibk5	5	1019	b45b43de00e3c2db4d6aec151560b853b97bb251e5abd80ee8f3b48c404aaf7f	predicate-301.ibk5.merkle	1	https://danbri.github.io/londat/kgx/graph/facade-patches-cwlibrary.p00/a9ec39f5e86dd130	predicate-301.ibk5.lgi2	predicate-301.ibk5.gbi1	0050000000687474..0055000000687474	0203000000302e37..0204000000302e35	0
302	https://danbri.github.io/londat/kgx/vocab#floorPeriodPx	predicate-302.ibk5	5	1016	54f9dabb661e6dda7a7cef99c697f6230050fa485060a0c13df97f6415990ff1	predicate-302.ibk5.merkle	1	https://danbri.github.io/londat/kgx/graph/facade-patches-cwlibrary.p00/a9ec39f5e86dd130	predicate-302.ibk5.lgi2	predicate-302.ibk5.gbi1	0050000000687474..0055000000687474	0204000000352e30..020500000039342e	0
303	https://danbri.github.io/londat/kgx/vocab#fromPhoto	predicate-303.ibk5	5	1003	3705d173c861a7225eb71613883e502a754601ce460bdbd7bbbe7ad714970f77	predicate-303.ibk5.merkle	1	https://danbri.github.io/londat/kgx/graph/facade-patches-cwlibrary.p00/a9ec39f5e86dd130	predicate-303.ibk5.lgi2	predicate-303.ibk5.gbi1	0050000000687474..0055000000687474	003d000000687474..003d000000687474	0
304	https://danbri.github.io/londat/kgx/vocab#patchHeightPx	predicate-304.ibk5	5	1010	eff999ed01530ddce189e2f0b8efac6378f1b403eeec2adae1fc3dfd16b7c35e	predicate-304.ibk5.merkle	1	https://danbri.github.io/londat/kgx/graph/facade-patches-cwlibrary.p00/a9ec39f5e86dd130	predicate-304.ibk5.lgi2	predicate-304.ibk5.gbi1	0050000000687474..0055000000687474	0203000000343030..0204000000323237	0
305	https://danbri.github.io/londat/kgx/vocab#patchWidthPx	predicate-305.ibk5	5	1007	f03e146ff0ec78e88f9151c39c8628a838c3eb1a4fbb8f8d7067da09d0e0e22b	predicate-305.ibk5.merkle	1	https://danbri.github.io/londat/kgx/graph/facade-patches-cwlibrary.p00/a9ec39f5e86dd130	predicate-305.ibk5.lgi2	predicate-305.ibk5.gbi1	0050000000687474..0055000000687474	0203000000333030..0203000000363730	0
306	https://danbri.github.io/londat/kgx/vocab#roi	predicate-306.ibk5	5	1059	ae6f1f14ad61f963755346883739f8274e12ff7669041145e24a75d486d8cbba	predicate-306.ibk5.merkle	1	https://danbri.github.io/londat/kgx/graph/facade-patches-cwlibrary.p00/a9ec39f5e86dd130	predicate-306.ibk5.lgi2	predicate-306.ibk5.gbi1	0050000000687474..0055000000687474	020f000000313130..0211000000353930	0
307	https://danbri.github.io/londat/kgx/vocab#sha256	predicate-307.ibk5	5	1301	d4ba50f0d5972d43120a89b3ba69ef4f456a92cb9597b3ac8742669f5a7049d7	predicate-307.ibk5.merkle	1	https://danbri.github.io/londat/kgx/graph/facade-patches-cwlibrary.p00/a9ec39f5e86dd130	predicate-307.ibk5.lgi2	predicate-307.ibk5.gbi1	0050000000687474..0055000000687474	0240000000333566..0240000000643733	0
308	https://danbri.github.io/londat/kgx/vocab#vanishingPointHorizontal	predicate-308.ibk5	5	1074	15c3fe8aea1e038e574c02a0b1df871ea3773d4f00535e7e09bccac177c7d821	predicate-308.ibk5.merkle	1	https://danbri.github.io/londat/kgx/graph/facade-patches-cwlibrary.p00/a9ec39f5e86dd130	predicate-308.ibk5.lgi2	predicate-308.ibk5.gbi1	0050000000687474..0055000000687474	020e0000005b2d33..02100000005b3130	0
309	https://danbri.github.io/londat/kgx/vocab#vanishingPointVertical	predicate-309.ibk5	5	1072	e340d85b26bf6bb158e8dcc6561a41159364480254ecdc474a702da8c1dc935c	predicate-309.ibk5.merkle	1	https://danbri.github.io/londat/kgx/graph/facade-patches-cwlibrary.p00/a9ec39f5e86dd130	predicate-309.ibk5.lgi2	predicate-309.ibk5.gbi1	0050000000687474..0055000000687474	020e0000005b3135..02100000005b3132	0
310	https://schema.org/contentUrl	predicate-310.ibk5	5	1304	108a5b25036fbee32ffa5b3df48c1b4bdf9458925fdd3a96ab154b6e8d629e10	predicate-310.ibk5.merkle	1	https://danbri.github.io/londat/kgx/graph/facade-patches-cwlibrary.p00/a9ec39f5e86dd130	predicate-310.ibk5.lgi2	predicate-310.ibk5.gbi1	0050000000687474..0055000000687474	006e000000687474..0073000000687474	0
311	https://schema.org/license	predicate-311.ibk5	5	769	e86ed1b8b963d2b5fd4b91ff688395e5dfb4ec1c167a14b513e41067cf1e3be4	predicate-311.ibk5.merkle	1	https://danbri.github.io/londat/kgx/graph/facade-patches-cwlibrary.p00/a9ec39f5e86dd130	predicate-311.ibk5.lgi2	predicate-311.ibk5.gbi1	0050000000687474..0055000000687474	0032000000687474..0032000000687474	0
312	https://danbri.github.io/londat/kgx/vocab#faceWidthMetres	predicate-312.ibk5	1	367	b2789a314ce50094c4cac035f5290b84072972ab20967a0645adc0f36f852a2d	predicate-312.ibk5.merkle	1	https://danbri.github.io/londat/kgx/graph/facade-patches-cwlibrary.p00/a9ec39f5e86dd130	predicate-312.ibk5.lgi2	predicate-312.ibk5.gbi1	0052000000687474..0052000000687474	0202000000323428..0202000000323428	0
313	http://www.w3.org/2000/01/rdf-schema#label	predicate-313.ibk5	114	13836	4752cad12e48aa2e7d43910332d4e5587b9b1b924470cd3f9b87e8faee82b160	predicate-313.ibk5.merkle	1	https://danbri.github.io/londat/kgx/graph/facts.p00/d63a393b0630965b	predicate-313.ibk5.lgi2	predicate-313.ibk5.gbi1	0026000000687474..0029000000687474	020a000000446f6c..025500000047726f	0
314	http://purl.org/dc/terms/date	predicate-314.ibk5	315	25741	7d0da368cc72fa497d084cec3a1044914c78bfec054e2e22949b7f846fc16a91	predicate-314.ibk5.merkle	1	https://danbri.github.io/londat/kgx/graph/facts.p00/d63a393b0630965b	predicate-314.ibk5.lgi2	predicate-314.ibk5.gbi1	0038000000687474..0038000000687474	020a000000323032..020a000000323032	0
315	http://www.w3.org/1999/02/22-rdf-syntax-ns#type	predicate-315.ibk5	315	25758	3ec427311eceabc561c88689c996b7e328e4fe04aa25ab8f9ccd76ed7d5fbdaa	predicate-315.ibk5.merkle	1	https://danbri.github.io/londat/kgx/graph/facts.p00/d63a393b0630965b	predicate-315.ibk5.lgi2	predicate-315.ibk5.gbi1	0038000000687474..0038000000687474	0033000000687474..0033000000687474	0
316	https://danbri.github.io/londat/kgx/vocab#about	predicate-316.ibk5	315	30239	322270d29b05c7410927a49accfcdd3a7f3e8ebac132876deb3660a12b6cc83c	predicate-316.ibk5.merkle	1	https://danbri.github.io/londat/kgx/graph/facts.p00/d63a393b0630965b	predicate-316.ibk5.lgi2	predicate-316.ibk5.gbi1	0038000000687474..0038000000687474	0026000000687474..0069000000687474	0
317	https://danbri.github.io/londat/kgx/vocab#quote	predicate-317.ibk5	315	54291	a835f874a3bac24181f40d764ad0c260a9c2b522b0b803146897e1d720a92473	predicate-317.ibk5.merkle	1	https://danbri.github.io/londat/kgx/graph/facts.p00/d63a393b0630965b	predicate-317.ibk5.lgi2	predicate-317.ibk5.gbi1	0038000000687474..0038000000687474	020c00000039382e..02ae000000546865	0
318	https://danbri.github.io/londat/kgx/vocab#referenceLevel	predicate-318.ibk5	279	27191	92577f621d618890087ff6fd08771eefcb73b5834974006b6a1276e159ef62e5	predicate-318.ibk5.merkle	1	https://danbri.github.io/londat/kgx/graph/facts.p00/d63a393b0630965b	predicate-318.ibk5.lgi2	predicate-318.ibk5.gbi1	0038000000687474..0038000000687474	02020000004f4427..025c00000053534c	0
319	https://schema.org/citation	predicate-319.ibk5	315	31348	6e064603bfae78033002dee53de76413d7bc406d117170622e67d933d35a58cd	predicate-319.ibk5.merkle	1	https://danbri.github.io/londat/kgx/graph/facts.p00/d63a393b0630965b	predicate-319.ibk5.lgi2	predicate-319.ibk5.gbi1	0038000000687474..0038000000687474	0020000000687474..00e4000000687474	0
320	https://schema.org/propertyID	predicate-320.ibk5	315	36907	fa30263a26dbcec22692799fa6fce3e2dc2484d2eac7a1ade0354d12fec3beb4	predicate-320.ibk5.merkle	1	https://danbri.github.io/londat/kgx/graph/facts.p00/d63a393b0630965b	predicate-320.ibk5.lgi2	predicate-320.ibk5.gbi1	0038000000687474..0038000000687474	0204000000617265..0236000000737461	0
321	https://schema.org/unitText	predicate-321.ibk5	289	24646	7200387cd9a3d78704a308ee98c98a389377f24576f6869dc25dc05fdd92ce5b	predicate-321.ibk5.merkle	1	https://danbri.github.io/londat/kgx/graph/facts.p00/d63a393b0630965b	predicate-321.ibk5.lgi2	predicate-321.ibk5.gbi1	0038000000687474..0038000000687474	02010000006d2700..02090000006b696c	0
322	https://schema.org/value	predicate-322.ibk5	315	37865	126ded77097ce12d6340490127bb672ec85bd91276012e69e1aaa9f53cdd7250	predicate-322.ibk5.merkle	1	https://danbri.github.io/londat/kgx/graph/facts.p00/d63a393b0630965b	predicate-322.ibk5.lgi2	predicate-322.ibk5.gbi1	0038000000687474..0038000000687474	0201000000312800..0236000000616273	0
323	http://www.w3.org/2000/01/rdf-schema#comment	predicate-323.ibk5	118	13171	4b1562052fdef3df02a09ec317640a521cf27cf673f2c0e4df6280c1901203b0	predicate-323.ibk5.merkle	1	https://danbri.github.io/londat/kgx/graph/facts.p00/d63a393b0630965b	predicate-323.ibk5.lgi2	predicate-323.ibk5.gbi1	0038000000687474..0038000000687474	020f000000466967..0285000000526f77	0
324	http://purl.org/dc/terms/date	predicate-324.ibk5	45	3863	7a9be9ca4e768b36068776d380f909221908842c8fa16ba985cdb9183ec5264e	predicate-324.ibk5.merkle	1	https://danbri.github.io/londat/kgx/graph/facts.p01/49434be26764262c	predicate-324.ibk5.lgi2	predicate-324.ibk5.gbi1	0038000000687474..0038000000687474	020a000000323032..020a000000323032	0
325	http://www.w3.org/1999/02/22-rdf-syntax-ns#type	predicate-325.ibk5	45	3880	5541bae2b11e6f2750f54a07804c64b57341bc10a7a01dcdb765628e66de9065	predicate-325.ibk5.merkle	1	https://danbri.github.io/londat/kgx/graph/facts.p01/49434be26764262c	predicate-325.ibk5.lgi2	predicate-325.ibk5.gbi1	0038000000687474..0038000000687474	0033000000687474..0033000000687474	0
326	http://www.w3.org/2000/01/rdf-schema#comment	predicate-326.ibk5	17	2430	5619d4f3a51a30cbd7c84f569c79978fd2d5e3e619af6a32d3afd64550c170c0	predicate-326.ibk5.merkle	1	https://danbri.github.io/londat/kgx/graph/facts.p01/49434be26764262c	predicate-326.ibk5.lgi2	predicate-326.ibk5.gbi1	0038000000687474..0038000000687474	021c00000057696b..0285000000526f77	0
327	https://danbri.github.io/londat/kgx/vocab#about	predicate-327.ibk5	45	5393	ce3e0e9bab393f0e6c8a6ec4b1d9af1c6da6650180b4007bf57ec939829b9d03	predicate-327.ibk5.merkle	1	https://danbri.github.io/londat/kgx/graph/facts.p01/49434be26764262c	predicate-327.ibk5.lgi2	predicate-327.ibk5.gbi1	0038000000687474..0038000000687474	0026000000687474..0069000000687474	0
328	https://danbri.github.io/londat/kgx/vocab#quote	predicate-328.ibk5	45	8509	7b288acddae8eb2124f7ed0b59b7832d5e3df401be9041941031481299c43117	predicate-328.ibk5.merkle	1	https://danbri.github.io/londat/kgx/graph/facts.p01/49434be26764262c	predicate-328.ibk5.lgi2	predicate-328.ibk5.gbi1	0038000000687474..0038000000687474	02120000007c2046..02970000004a7562	0
329	https://danbri.github.io/londat/kgx/vocab#referenceLevel	predicate-329.ibk5	44	4735	3f6c39550459b94ff247cd72c705bd7956d90ac259478bddd96421068f9e4e74	predicate-329.ibk5.merkle	1	https://danbri.github.io/londat/kgx/graph/facts.p01/49434be26764262c	predicate-329.ibk5.lgi2	predicate-329.ibk5.gbi1	0038000000687474..0038000000687474	020a000000686f72..023a0000004f444e	0
330	https://schema.org/citation	predicate-330.ibk5	45	5979	5419ce6b75802d012a6d21cad50ca80206847061c157c7125a2047e98a38dedb	predicate-330.ibk5.merkle	1	https://danbri.github.io/londat/kgx/graph/facts.p01/49434be26764262c	predicate-330.ibk5.lgi2	predicate-330.ibk5.gbi1	0038000000687474..0038000000687474	0020000000687474..00e4000000687474	0
331	https://schema.org/propertyID	predicate-331.ibk5	45	6042	58cf641a92eeaa8f529db106a42edb50c120783e7469f022aa7f2f267e759276	predicate-331.ibk5.merkle	1	https://danbri.github.io/londat/kgx/graph/facts.p01/49434be26764262c	predicate-331.ibk5.lgi2	predicate-331.ibk5.gbi1	0038000000687474..0038000000687474	0204000000617265..0224000000666c6f	0
332	https://schema.org/unitText	predicate-332.ibk5	43	4065	200162cf1460b95deeeb5127c6db39115b5ff7663231d80a2ea015a219ba5d11	predicate-332.ibk5.merkle	1	https://danbri.github.io/londat/kgx/graph/facts.p01/49434be26764262c	predicate-332.ibk5.lgi2	predicate-332.ibk5.gbi1	0038000000687474..0038000000687474	02010000006d2700..020700000073746f	0
333	https://schema.org/value	predicate-333.ibk5	45	6171	91b9ed60e9f2d6516161acc82e52cd5243ada3ad3e9bf273136c7fe40ad6a833	predicate-333.ibk5.merkle	1	https://danbri.github.io/londat/kgx/graph/facts.p01/49434be26764262c	predicate-333.ibk5.lgi2	predicate-333.ibk5.gbi1	0038000000687474..0038000000687474	0201000000322800..025b0000004d6164	0
334	http://www.w3.org/2000/01/rdf-schema#label	predicate-334.ibk5	28	5828	632d293e578cd286cde198246f7386d56d878cd4d8eb182b185b4f88ff827242	predicate-334.ibk5.merkle	1	https://danbri.github.io/londat/kgx/graph/facts.p01/49434be26764262c	predicate-334.ibk5.lgi2	predicate-334.ibk5.gbi1	003a000000687474..0069000000687474	020d0000004a7562..025a00000047726f	0
335	http://www.w3.org/1999/02/22-rdf-syntax-ns#type	predicate-335.ibk5	438	58958	42c49b2f3f6817b55b6f2591e423000436fccdd90296e54974f5a6d2a8bf706b	predicate-335.ibk5.merkle	1	https://danbri.github.io/londat/kgx/graph/log/4eb99eb79e46b873	predicate-335.ibk5.lgi2	predicate-335.ibk5.gbi1	0038000000687474..0074000000687474	0022000000687474..0033000000687474	0
336	http://www.w3.org/ns/prov#endedAtTime	predicate-336.ibk5	44	7247	cf5bb28853cc72b3d021b669d917cb1ee1dcc7883ce601fa778c0be52f0d5709	predicate-336.ibk5.merkle	1	https://danbri.github.io/londat/kgx/graph/log/4eb99eb79e46b873	predicate-336.ibk5.lgi2	predicate-336.ibk5.gbi1	003d000000687474..003d000000687474	0218000000323032..0218000000323032	0
337	http://www.w3.org/ns/prov#generated	predicate-337.ibk5	96	12062	39024a1c978afab4a42fc99eb9493942b33127af76dd81ae6f58c085cd0975d9	predicate-337.ibk5.merkle	1	https://danbri.github.io/londat/kgx/graph/log/4eb99eb79e46b873	predicate-337.ibk5.lgi2	predicate-337.ibk5.gbi1	003d000000687474..003d000000687474	003e000000687474..0057000000687474	0
338	http://www.w3.org/ns/prov#startedAtTime	predicate-338.ibk5	44	7249	f1cad4bc348273446e898f1b4579a8df75d4e9f4972b7ee99217b36107382c99	predicate-338.ibk5.merkle	1	https://danbri.github.io/londat/kgx/graph/log/4eb99eb79e46b873	predicate-338.ibk5.lgi2	predicate-338.ibk5.gbi1	003d000000687474..003d000000687474	0218000000323032..0218000000323032	0
339	http://www.w3.org/ns/prov#used	predicate-339.ibk5	2619	114276	57f1fc6299c2b144e98e61eb5855cc5a178d980bc0f99b4ab2387dc3fe7707b5	predicate-339.ibk5.merkle	1	https://danbri.github.io/londat/kgx/graph/log/4eb99eb79e46b873	predicate-339.ibk5.lgi2	predicate-339.ibk5.gbi1	003d000000687474..003d000000687474	003e000000687474..0074000000687474	0
340	https://danbri.github.io/londat/kgx/vocab#operation	predicate-340.ibk5	44	4944	32f57cba119e48b425bc98e97d74d4b05eb5eaf3694e3444dc4ae63c1f870d92	predicate-340.ibk5.merkle	1	https://danbri.github.io/londat/kgx/graph/log/4eb99eb79e46b873	predicate-340.ibk5.lgi2	predicate-340.ibk5.gbi1	003d000000687474..003d000000687474	0038000000687474..0046000000687474	0
341	https://danbri.github.io/londat/kgx/vocab#operationVersion	predicate-341.ibk5	44	4070	3399adbf7d565b53f6941b06eed19c97445c89211f184b77179a13083a8655b1	predicate-341.ibk5.merkle	1	https://danbri.github.io/londat/kgx/graph/log/4eb99eb79e46b873	predicate-341.ibk5.lgi2	predicate-341.ibk5.gbi1	003d000000687474..003d000000687474	0201000000312800..0201000000342800	0
342	https://danbri.github.io/londat/kgx/vocab#params	predicate-342.ibk5	30	17321	ff5ea41dbc01052c43533ea588c830fed3d510ad514442c22cf8bf026fdd3280	predicate-342.ibk5.merkle	1	https://danbri.github.io/londat/kgx/graph/log/4eb99eb79e46b873	predicate-342.ibk5.lgi2	predicate-342.ibk5.gbi1	003d000000687474..003d000000687474	02020600007b2273..02f90100007b2272	0
343	http://www.w3.org/2000/01/rdf-schema#label	predicate-343.ibk5	380	90404	72d6b2c8dba801a706ec4e080b8837b883e91fa9ea67a1bab9d20599eb8ad3a3	predicate-343.ibk5.merkle	1	https://danbri.github.io/londat/kgx/graph/log/4eb99eb79e46b873	predicate-343.ibk5.lgi2	predicate-343.ibk5.gbi1	0074000000687474..0074000000687474	02170000006d6167..02590000006d6167	0
344	https://danbri.github.io/londat/kgx/vocab#bytes	predicate-344.ibk5	380	74666	27e8e12bfea10a1c78f73e1145dd8f22672616f233c6d6de3dc83573926beb16	predicate-344.ibk5.merkle	1	https://danbri.github.io/londat/kgx/graph/log/4eb99eb79e46b873	predicate-344.ibk5.lgi2	predicate-344.ibk5.gbi1	0074000000687474..0074000000687474	0203000000323436..0207000000363338	0
345	https://danbri.github.io/londat/kgx/vocab#sha256	predicate-345.ibk5	380	96710	6e2053a5dca9773ac01cf60ca2aefe4480f2812fe074704b7d4e63987816fca2	predicate-345.ibk5.merkle	1	https://danbri.github.io/londat/kgx/graph/log/4eb99eb79e46b873	predicate-345.ibk5.lgi2	predicate-345.ibk5.gbi1	0074000000687474..0074000000687474	0240000000303038..0240000000666665	0
346	http://www.w3.org/2000/01/rdf-schema#comment	predicate-346.ibk5	14	4571	597c58b46bf1dc2b23cb7c5ccad907b5606d6d75ce1a4b260fbf2f3b7b2aa549	predicate-346.ibk5.merkle	1	https://danbri.github.io/londat/kgx/graph/log/4eb99eb79e46b873	predicate-346.ibk5.lgi2	predicate-346.ibk5.gbi1	0038000000687474..0046000000687474	021301000053706c..02d200000070686f	0
347	https://danbri.github.io/londat/kgx/vocab#skill	predicate-347.ibk5	14	1633	04713f7bedb8f71eb8223811afacf2a27081371cf0cfc932f1c3ac002e159dfe	predicate-347.ibk5.merkle	1	https://danbri.github.io/londat/kgx/graph/log/4eb99eb79e46b873	predicate-347.ibk5.lgi2	predicate-347.ibk5.gbi1	0038000000687474..0046000000687474	020b000000637770..0217000000646f63	0
348	https://danbri.github.io/londat/kgx/vocab#tool	predicate-348.ibk5	14	1895	9db4d497b42d541d4edd1180fe00700be0732ebdbe7ea7e64b355638709353e0	predicate-348.ibk5.merkle	1	https://danbri.github.io/londat/kgx/graph/log/4eb99eb79e46b873	predicate-348.ibk5.lgi2	predicate-348.ibk5.gbi1	0038000000687474..0046000000687474	02200000006d6167..023f0000006d6167	0
349	http://www.opengis.net/ont/geosparql#hasGeometry	predicate-349.ibk5	242	36638	e7fe5180ea809ff0c07763c36a097d3c6d9e640598e30a52c6c6d95ab59a9339	predicate-349.ibk5.merkle	1	https://danbri.github.io/londat/kgx/graph/mallmap.p00/35032c4fea53e248	predicate-349.ibk5.lgi2	predicate-349.ibk5.gbi1	0036000000687474..0038000000687474	003f000000687474..0041000000687474	0
350	http://www.w3.org/1999/02/22-rdf-syntax-ns#type	predicate-350.ibk5	242	19791	1225f7203916dc5dbf51afb27f4e57f0c304862b4f082963168b86f34c072ffa	predicate-350.ibk5.merkle	1	https://danbri.github.io/londat/kgx/graph/mallmap.p00/35032c4fea53e248	predicate-350.ibk5.lgi2	predicate-350.ibk5.gbi1	0036000000687474..0038000000687474	0032000000687474..0032000000687474	0
351	https://danbri.github.io/londat/kgx/vocab#floorLevel	predicate-351.ibk5	242	20156	b1660eae89902e2cc23d13038eab129b88ee3244f3524fd7df1c1cc481cdf71b	predicate-351.ibk5.merkle	1	https://danbri.github.io/londat/kgx/graph/mallmap.p00/35032c4fea53e248	predicate-351.ibk5.lgi2	predicate-351.ibk5.gbi1	0036000000687474..0038000000687474	0201000000302800..02040000002d302e	0
352	https://danbri.github.io/londat/kgx/vocab#floorName	predicate-352.ibk5	242	20194	c215f4b6f310b7a3fcea75c78d0abaedf1c95b94cbf43b8b92258331790ece4a	predicate-352.ibk5.merkle	1	https://danbri.github.io/londat/kgx/graph/mallmap.p00/35032c4fea53e248	predicate-352.ibk5.lgi2	predicate-352.ibk5.gbi1	0036000000687474..0038000000687474	02070000004c6576..02090000004c6576	0
353	https://danbri.github.io/londat/kgx/vocab#mall	predicate-353.ibk5	242	20383	1b2c40e9cc6a48acfada255c7a6a83aec297c32c53752e7ab463937977258877	predicate-353.ibk5.merkle	1	https://danbri.github.io/londat/kgx/graph/mallmap.p00/35032c4fea53e248	predicate-353.ibk5.lgi2	predicate-353.ibk5.gbi1	0036000000687474..0038000000687474	020b000000436162..021d000000546865	0
354	https://danbri.github.io/londat/kgx/vocab#unitClass	predicate-354.ibk5	242	20430	73773b82f4a52667a8a02fd5ee821cb25301c6ede7534bff42c5a1eaf2cc1a6f	predicate-354.ibk5.merkle	1	https://danbri.github.io/londat/kgx/graph/mallmap.p00/35032c4fea53e248	predicate-354.ibk5.lgi2	predicate-354.ibk5.gbi1	0036000000687474..0038000000687474	02050000006f7468..020e000000666f6f	0
355	https://danbri.github.io/londat/kgx/vocab#unitType	predicate-355.ibk5	242	22339	c6797ea3b617e460a0c0e2a1f7f7aa8e01e78485be36956dc1ee2e53f47515aa	predicate-355.ibk5.merkle	1	https://danbri.github.io/londat/kgx/graph/mallmap.p00/35032c4fea53e248	predicate-355.ibk5.lgi2	predicate-355.ibk5.gbi1	0036000000687474..0038000000687474	0203000000626172..0210000000646570	0
356	https://schema.org/address	predicate-356.ibk5	197	25025	1ca4dbdf2c3fe170415ed477573398306b8cbf1f59e74c7c80a49eada136317d	predicate-356.ibk5.merkle	1	https://danbri.github.io/londat/kgx/graph/mallmap.p00/35032c4fea53e248	predicate-356.ibk5.lgi2	predicate-356.ibk5.gbi1	0036000000687474..0038000000687474	021200000031382d..025000000043616e	0
357	https://schema.org/latitude	predicate-357.ibk5	242	33739	436347394d1057952dd9d709ffdea183762f93654e7cdccf04126ebb9da354a1	predicate-357.ibk5.merkle	1	https://danbri.github.io/londat/kgx/graph/mallmap.p00/35032c4fea53e248	predicate-357.ibk5.lgi2	predicate-357.ibk5.gbi1	0036000000687474..0038000000687474	020700000035312e..020a00000035312e	0
358	https://schema.org/longitude	predicate-358.ibk5	242	33737	d139f17f641dfcf5bffd337651e9ef2c1c9c0ee1400f3d1d571b020e50c02f9a	predicate-358.ibk5.merkle	1	https://danbri.github.io/londat/kgx/graph/mallmap.p00/35032c4fea53e248	predicate-358.ibk5.lgi2	predicate-358.ibk5.gbi1	0036000000687474..0038000000687474	02090000002d302e..020a0000002d302e	0
359	https://schema.org/name	predicate-359.ibk5	242	32467	e83abb93396119845db854c3522d137a978f49f9119b2dd3389e94580f88e976	predicate-359.ibk5.merkle	1	https://danbri.github.io/londat/kgx/graph/mallmap.p00/35032c4fea53e248	predicate-359.ibk5.lgi2	predicate-359.ibk5.gbi1	0036000000687474..0038000000687474	0203000000484341..023c000000427269	0
360	https://danbri.github.io/londat/kgx/vocab#openingTimesText	predicate-360.ibk5	162	36191	a26a479257e38b2a3101feba167deec4a7357c7043434384aa13634e8d765d4c	predicate-360.ibk5.merkle	1	https://danbri.github.io/londat/kgx/graph/mallmap.p00/35032c4fea53e248	predicate-360.ibk5.lgi2	predicate-360.ibk5.gbi1	0036000000687474..0038000000687474	02620000006d6f6e..028a0000006d6f6e	0
361	https://schema.org/url	predicate-361.ibk5	137	15984	347f29515f8b5a774cbd75c5092c2e3e54ea011b838fb9bc39665114a4005e5c	predicate-361.ibk5.merkle	1	https://danbri.github.io/londat/kgx/graph/mallmap.p00/35032c4fea53e248	predicate-361.ibk5.lgi2	predicate-361.ibk5.gbi1	0036000000687474..0038000000687474	0013000000687474..005b000000687474	0
362	https://schema.org/telephone	predicate-362.ibk5	84	11774	0a58f091f8c5fa7854532aeaa88882dafba2ae4e9526133284d0894b30bc857c	predicate-362.ibk5.merkle	1	https://danbri.github.io/londat/kgx/graph/mallmap.p00/35032c4fea53e248	predicate-362.ibk5.lgi2	predicate-362.ibk5.gbi1	0036000000687474..0038000000687474	020b000000303230..02100000002b3434	0
363	http://www.opengis.net/ont/geosparql#hasGeometry	predicate-363.ibk5	240	36458	6af58797871286b108b712d51450172d2f4bfd80b6bf89096af9e94b5d1a4c1f	predicate-363.ibk5.merkle	1	https://danbri.github.io/londat/kgx/graph/mallmap.p01/34f2625dead70162	predicate-363.ibk5.lgi2	predicate-363.ibk5.gbi1	0038000000687474..0039000000687474	0041000000687474..0042000000687474	0
364	http://www.w3.org/1999/02/22-rdf-syntax-ns#type	predicate-364.ibk5	240	19690	5747228128b3b463ab47a04afc032a0043d37298c1cf0099fd64cbf307a540fe	predicate-364.ibk5.merkle	1	https://danbri.github.io/londat/kgx/graph/mallmap.p01/34f2625dead70162	predicate-364.ibk5.lgi2	predicate-364.ibk5.gbi1	0038000000687474..0039000000687474	0032000000687474..0032000000687474	0
365	https://danbri.github.io/londat/kgx/vocab#floorLevel	predicate-365.ibk5	240	20108	1d68fb21188add338b0222b199289cea58c8fb20398b2fc94b579793cd01c950	predicate-365.ibk5.merkle	1	https://danbri.github.io/londat/kgx/graph/mallmap.p01/34f2625dead70162	predicate-365.ibk5.lgi2	predicate-365.ibk5.gbi1	0038000000687474..0039000000687474	0201000000302800..02040000002d302e	0
366	https://danbri.github.io/londat/kgx/vocab#floorName	predicate-366.ibk5	240	20149	1867a43d7277afb2eacec773c43034f194e3e8846af6c8c92841a4c8203d5f6c	predicate-366.ibk5.merkle	1	https://danbri.github.io/londat/kgx/graph/mallmap.p01/34f2625dead70162	predicate-366.ibk5.lgi2	predicate-366.ibk5.gbi1	0038000000687474..0039000000687474	02070000004c6576..02090000004c6576	0
367	https://danbri.github.io/londat/kgx/vocab#mall	predicate-367.ibk5	240	20282	461132d8003d1f2e29cf68df784826b3e19511dde56f34ae9015c5507a7799cf	predicate-367.ibk5.merkle	1	https://danbri.github.io/londat/kgx/graph/mallmap.p01/34f2625dead70162	predicate-367.ibk5.lgi2	predicate-367.ibk5.gbi1	0038000000687474..0039000000687474	020b000000436162..021d000000546865	0
368	https://danbri.github.io/londat/kgx/vocab#openingTimesText	predicate-368.ibk5	168	36654	79e5a830a402842f8f675cfe1b4c09c455b09b0868ed0e172823dca404920fe2	predicate-368.ibk5.merkle	1	https://danbri.github.io/londat/kgx/graph/mallmap.p01/34f2625dead70162	predicate-368.ibk5.lgi2	predicate-368.ibk5.gbi1	0038000000687474..0039000000687474	021200000073756e..028a0000006d6f6e	0
369	https://danbri.github.io/londat/kgx/vocab#unitClass	predicate-369.ibk5	240	20218	42ef32d9dde3eb640a016e071662670c68f6fc9f9e2f08feee15b52b453ba626	predicate-369.ibk5.merkle	1	https://danbri.github.io/londat/kgx/graph/mallmap.p01/34f2625dead70162	predicate-369.ibk5.lgi2	predicate-369.ibk5.gbi1	0038000000687474..0039000000687474	02050000006f7468..020e000000666f6f	0
370	https://danbri.github.io/londat/kgx/vocab#unitType	predicate-370.ibk5	240	21883	009b59cf35d0ffd76f397b8805c7cd7bfc7df9b3090085e41c9173e9e701f5b0	predicate-370.ibk5.merkle	1	https://danbri.github.io/londat/kgx/graph/mallmap.p01/34f2625dead70162	predicate-370.ibk5.lgi2	predicate-370.ibk5.gbi1	0038000000687474..0039000000687474	0203000000626172..0210000000627572	0
371	https://schema.org/address	predicate-371.ibk5	199	24544	4bba6649f56f41ec7af237a893865e1abf63c750f38ea8afd53672fec6ff415b	predicate-371.ibk5.merkle	1	https://danbri.github.io/londat/kgx/graph/mallmap.p01/34f2625dead70162	predicate-371.ibk5.lgi2	predicate-371.ibk5.gbi1	0038000000687474..0039000000687474	02080000002d3120..023d0000004d616c	0
372	https://schema.org/latitude	predicate-372.ibk5	240	33458	4124b0f223ba66405d9c67439021d4341ef1195c641f83e49b4d9d64197c7452	predicate-372.ibk5.merkle	1	https://danbri.github.io/londat/kgx/graph/mallmap.p01/34f2625dead70162	predicate-372.ibk5.lgi2	predicate-372.ibk5.gbi1	0038000000687474..0039000000687474	020800000035312e..020a00000035312e	0
373	https://schema.org/longitude	predicate-373.ibk5	240	33526	d13d366036be9425de53e1f27915841df562a98e74279f1ae2f424a060b95c95	predicate-373.ibk5.merkle	1	https://danbri.github.io/londat/kgx/graph/mallmap.p01/34f2625dead70162	predicate-373.ibk5.lgi2	predicate-373.ibk5.gbi1	0038000000687474..0039000000687474	02090000002d302e..020a0000002d302e	0
374	https://schema.org/name	predicate-374.ibk5	240	32428	55a8f276accdfdc7e0cdb091f5f1117279fcc090451c75fab3f909274228b7fe	predicate-374.ibk5.merkle	1	https://danbri.github.io/londat/kgx/graph/mallmap.p01/34f2625dead70162	predicate-374.ibk5.lgi2	predicate-374.ibk5.gbi1	0038000000687474..0039000000687474	0202000000454527..0232000000546f69	0
375	https://schema.org/url	predicate-375.ibk5	147	16837	7f2cd73203082b5233c4342814c853d429a6c68b2020037dcb07f6122a8460ff	predicate-375.ibk5.merkle	1	https://danbri.github.io/londat/kgx/graph/mallmap.p01/34f2625dead70162	predicate-375.ibk5.lgi2	predicate-375.ibk5.gbi1	0038000000687474..0039000000687474	0013000000687474..0040000000687474	0
376	https://schema.org/telephone	predicate-376.ibk5	88	12490	1cd6ed4d5ed4a5fed73d13c76a6de6526cab7a198664c808db061ff8b6354e68	predicate-376.ibk5.merkle	1	https://danbri.github.io/londat/kgx/graph/mallmap.p01/34f2625dead70162	predicate-376.ibk5.lgi2	predicate-376.ibk5.gbi1	0038000000687474..0039000000687474	020b000000303230..020f000000343420	0
377	http://www.opengis.net/ont/geosparql#hasGeometry	predicate-377.ibk5	269	42711	08f7d0b02c2a986e83ec639cd6e25bc6794ea94858499ecd5b400cd903503e9d	predicate-377.ibk5.merkle	1	https://danbri.github.io/londat/kgx/graph/mallmap.p02/caf4672f24841957	predicate-377.ibk5.lgi2	predicate-377.ibk5.gbi1	0039000000687474..003c000000687474	0042000000687474..0045000000687474	0
378	http://www.w3.org/1999/02/22-rdf-syntax-ns#type	predicate-378.ibk5	269	23035	60b4484573d142265acc20246287bcdadc4d318b57934cc2b65a30a26c1371f6	predicate-378.ibk5.merkle	1	https://danbri.github.io/londat/kgx/graph/mallmap.p02/caf4672f24841957	predicate-378.ibk5.lgi2	predicate-378.ibk5.gbi1	0039000000687474..003c000000687474	0032000000687474..0032000000687474	0
379	https://danbri.github.io/londat/kgx/vocab#floorLevel	predicate-379.ibk5	269	23398	128db0e6f875c0c546f987c613edace89ef40317c21d4391c38bc224397aa6a6	predicate-379.ibk5.merkle	1	https://danbri.github.io/londat/kgx/graph/mallmap.p02/caf4672f24841957	predicate-379.ibk5.lgi2	predicate-379.ibk5.gbi1	0039000000687474..003c000000687474	0201000000302800..02040000002d302e	0
380	https://danbri.github.io/londat/kgx/vocab#floorName	predicate-380.ibk5	269	23439	1e10fd3f78e8500ac8540cb9eb396984a715f52cad58534f282dc20eb054c0ac	predicate-380.ibk5.merkle	1	https://danbri.github.io/londat/kgx/graph/mallmap.p02/caf4672f24841957	predicate-380.ibk5.lgi2	predicate-380.ibk5.gbi1	0039000000687474..003c000000687474	02070000004c6576..02090000004c6576	0
381	https://danbri.github.io/londat/kgx/vocab#mall	predicate-381.ibk5	269	23506	dfb05da0279a39cb4e3a4924c44b2c480485d8a26d509964d50106600eaabe17	predicate-381.ibk5.merkle	1	https://danbri.github.io/londat/kgx/graph/mallmap.p02/caf4672f24841957	predicate-381.ibk5.lgi2	predicate-381.ibk5.gbi1	0039000000687474..003c000000687474	020b000000436162..021d000000546865	0
382	https://danbri.github.io/londat/kgx/vocab#unitClass	predicate-382.ibk5	269	23746	8c71cc3a5837c51b7a99742249848f3c061cb7e9d9679c964ab492e009cc0f5c	predicate-382.ibk5.merkle	1	https://danbri.github.io/londat/kgx/graph/mallmap.p02/caf4672f24841957	predicate-382.ibk5.lgi2	predicate-382.ibk5.gbi1	0039000000687474..003c000000687474	02050000006f7468..020f0000006f7574	0
383	https://danbri.github.io/londat/kgx/vocab#unitType	predicate-383.ibk5	269	25997	667263f600903b151a64153f711faf3020c0b0cd3e6a59d49065b9977626a9b3	predicate-383.ibk5.merkle	1	https://danbri.github.io/londat/kgx/graph/mallmap.p02/caf4672f24841957	predicate-383.ibk5.lgi2	predicate-383.ibk5.gbi1	0039000000687474..003c000000687474	020300000061746d..0210000000646570	0
384	https://schema.org/latitude	predicate-384.ibk5	269	38239	cc398c777d823053c919303175f6e6599ae031ed30508ff60f37d9af819503ea	predicate-384.ibk5.merkle	1	https://danbri.github.io/londat/kgx/graph/mallmap.p02/caf4672f24841957	predicate-384.ibk5.lgi2	predicate-384.ibk5.gbi1	0039000000687474..003c000000687474	020600000035312e..020a00000035312e	0
385	https://schema.org/longitude	predicate-385.ibk5	269	38245	7660588c1489d85f48f9c976276d534bdf6f8b47289de308496722a80f787ca2	predicate-385.ibk5.merkle	1	https://danbri.github.io/londat/kgx/graph/mallmap.p02/caf4672f24841957	predicate-385.ibk5.lgi2	predicate-385.ibk5.gbi1	0039000000687474..003c000000687474	02080000002d302e..020a0000002d302e	0
386	https://schema.org/name	predicate-386.ibk5	174	24663	70adeaddf281e2797aef6293c90ebac68f8d13835ee46b74d68f681e422a459e	predicate-386.ibk5.merkle	1	https://danbri.github.io/londat/kgx/graph/mallmap.p02/caf4672f24841957	predicate-386.ibk5.lgi2	predicate-386.ibk5.gbi1	0039000000687474..003c000000687474	0203000000425944..023700000043616e	0
387	https://danbri.github.io/londat/kgx/vocab#openingTimesText	predicate-387.ibk5	114	26174	2bfc125c878e130a630b29b0bcc4e309dc4ab2001d1ccc17cc9d0e59c034e4ed	predicate-387.ibk5.merkle	1	https://danbri.github.io/londat/kgx/graph/mallmap.p02/caf4672f24841957	predicate-387.ibk5.lgi2	predicate-387.ibk5.gbi1	0039000000687474..003c000000687474	02620000006d6f6e..028a0000006d6f6e	0
388	https://schema.org/address	predicate-388.ibk5	139	19171	ce1066cbdbd7f970c55a680ec88c1ae306dfcec3900c4ed303eca36dd1ce67b9	predicate-388.ibk5.merkle	1	https://danbri.github.io/londat/kgx/graph/mallmap.p02/caf4672f24841957	predicate-388.ibk5.lgi2	predicate-388.ibk5.gbi1	0039000000687474..003c000000687474	020b000000436162..025000000043616e	0
389	https://schema.org/telephone	predicate-389.ibk5	57	8244	82004e90fb9b3e567547174cfd1e829fa85f97349c0384b15b03dce602f1c34d	predicate-389.ibk5.merkle	1	https://danbri.github.io/londat/kgx/graph/mallmap.p02/caf4672f24841957	predicate-389.ibk5.lgi2	predicate-389.ibk5.gbi1	0039000000687474..003c000000687474	020b000000303230..020d000000303737	0
390	https://schema.org/url	predicate-390.ibk5	100	11980	e335d6560703b17a2b0352d468210ef780351c56d74677ec1bc947fc78a28bbc	predicate-390.ibk5.merkle	1	https://danbri.github.io/londat/kgx/graph/mallmap.p02/caf4672f24841957	predicate-390.ibk5.lgi2	predicate-390.ibk5.gbi1	0039000000687474..003c000000687474	0013000000687474..0057000000687474	0
391	http://www.opengis.net/ont/geosparql#hasGeometry	predicate-391.ibk5	272	43446	06c9b9fe8a78fb1b077b9b8365a460354c5e0e897407ab3fb105e23eb61de863	predicate-391.ibk5.merkle	1	https://danbri.github.io/londat/kgx/graph/mallmap.p03/a4ef506cc906eb54	predicate-391.ibk5.lgi2	predicate-391.ibk5.gbi1	003c000000687474..003c000000687474	0045000000687474..0045000000687474	0
392	http://www.w3.org/1999/02/22-rdf-syntax-ns#type	predicate-392.ibk5	272	23364	05e9a7382830515a6b74b16db15c5c74691a1fcf5b7428833333ce6b96bcc465	predicate-392.ibk5.merkle	1	https://danbri.github.io/londat/kgx/graph/mallmap.p03/a4ef506cc906eb54	predicate-392.ibk5.lgi2	predicate-392.ibk5.gbi1	003c000000687474..003c000000687474	0032000000687474..0032000000687474	0
393	https://danbri.github.io/londat/kgx/vocab#floorLevel	predicate-393.ibk5	272	23729	95e1d1f6bbad1ab921645616a059b4202a7df53c9cc9c13a5c1390032a2b0076	predicate-393.ibk5.merkle	1	https://danbri.github.io/londat/kgx/graph/mallmap.p03/a4ef506cc906eb54	predicate-393.ibk5.lgi2	predicate-393.ibk5.gbi1	003c000000687474..003c000000687474	0201000000302800..02040000002d302e	0
394	https://danbri.github.io/londat/kgx/vocab#floorName	predicate-394.ibk5	272	23767	1692a3e50829f59f97537c3106e0be1ebdac34c070bcb52159a086a26474962b	predicate-394.ibk5.merkle	1	https://danbri.github.io/londat/kgx/graph/mallmap.p03/a4ef506cc906eb54	predicate-394.ibk5.lgi2	predicate-394.ibk5.gbi1	003c000000687474..003c000000687474	02070000004c6576..02090000004c6576	0
395	https://danbri.github.io/londat/kgx/vocab#mall	predicate-395.ibk5	272	23956	ac68cd95d1070ac8b206c1b547be491bb973bd9d8158fa5995fac408b3261a80	predicate-395.ibk5.merkle	1	https://danbri.github.io/londat/kgx/graph/mallmap.p03/a4ef506cc906eb54	predicate-395.ibk5.lgi2	predicate-395.ibk5.gbi1	003c000000687474..003c000000687474	020b000000436162..021d000000546865	0
396	https://danbri.github.io/londat/kgx/vocab#openingTimesText	predicate-396.ibk5	112	24966	c3f7fa00327dc46b42e0ae42207d57783ac5b47fdc7e2b0cb32ed55c3df48674	predicate-396.ibk5.merkle	1	https://danbri.github.io/londat/kgx/graph/mallmap.p03/a4ef506cc906eb54	predicate-396.ibk5.lgi2	predicate-396.ibk5.gbi1	003c000000687474..003c000000687474	024e000000747565..028a0000006d6f6e	0
397	https://danbri.github.io/londat/kgx/vocab#unitClass	predicate-397.ibk5	272	24068	d3be9a66e19000fa979126d0fa82f9c1c85ab763fe99c9d2e1788097363aa57b	predicate-397.ibk5.merkle	1	https://danbri.github.io/londat/kgx/graph/mallmap.p03/a4ef506cc906eb54	predicate-397.ibk5.lgi2	predicate-397.ibk5.gbi1	003c000000687474..003c000000687474	02050000006f7468..020e000000666f6f	0
398	https://danbri.github.io/londat/kgx/vocab#unitType	predicate-398.ibk5	272	26372	745804354002bb334b50ffad044a0d5024b46f30bb90cf80e6a5cbac2a041ee0	predicate-398.ibk5.merkle	1	https://danbri.github.io/londat/kgx/graph/mallmap.p03/a4ef506cc906eb54	predicate-398.ibk5.lgi2	predicate-398.ibk5.gbi1	003c000000687474..003c000000687474	020300000061746d..0210000000646570	0
399	https://schema.org/address	predicate-399.ibk5	138	18783	6019e7c09dc80713d204c4cf770041172a115a443863fa85e28ae1056ca25050	predicate-399.ibk5.merkle	1	https://danbri.github.io/londat/kgx/graph/mallmap.p03/a4ef506cc906eb54	predicate-399.ibk5.lgi2	predicate-399.ibk5.gbi1	003c000000687474..003c000000687474	02080000002d3120..0251000000436162	0
400	https://schema.org/latitude	predicate-400.ibk5	272	38268	0c79598ab3cae0f14cb64c00327cccaa2e792835151f260122805e8fa4a05efc	predicate-400.ibk5.merkle	1	https://danbri.github.io/londat/kgx/graph/mallmap.p03/a4ef506cc906eb54	predicate-400.ibk5.lgi2	predicate-400.ibk5.gbi1	003c000000687474..003c000000687474	020600000035312e..020a00000035312e	0
401	https://schema.org/longitude	predicate-401.ibk5	272	38274	4888aa907a8f9a3744936f447d45e0617274dc50b43b1add9b72a47e9f95d128	predicate-401.ibk5.merkle	1	https://danbri.github.io/londat/kgx/graph/mallmap.p03/a4ef506cc906eb54	predicate-401.ibk5.lgi2	predicate-401.ibk5.gbi1	003c000000687474..003c000000687474	02080000002d302e..020a0000002d302e	0
402	https://schema.org/name	predicate-402.ibk5	169	24315	5da8da5774c73e37b940a9f09b3352a127d65a44724d3324f4b8c5386ee2d9dd	predicate-402.ibk5.merkle	1	https://danbri.github.io/londat/kgx/graph/mallmap.p03/a4ef506cc906eb54	predicate-402.ibk5.lgi2	predicate-402.ibk5.gbi1	003c000000687474..003c000000687474	0203000000434f53..0232000000546f69	0
403	https://schema.org/telephone	predicate-403.ibk5	52	7553	6540d8242f6e79a9d48fbaeac32dfdaa764a5d5c7627d336ae1e67c1504a4631	predicate-403.ibk5.merkle	1	https://danbri.github.io/londat/kgx/graph/mallmap.p03/a4ef506cc906eb54	predicate-403.ibk5.lgi2	predicate-403.ibk5.gbi1	003c000000687474..003c000000687474	020b000000303230..02100000002b3434	0
404	https://schema.org/url	predicate-404.ibk5	89	10745	691b5202199722e0feff5494e490ed9f7cbb45844affbeeb55727454d71749fd	predicate-404.ibk5.merkle	1	https://danbri.github.io/londat/kgx/graph/mallmap.p03/a4ef506cc906eb54	predicate-404.ibk5.lgi2	predicate-404.ibk5.gbi1	003c000000687474..003c000000687474	0013000000687474..003d000000687474	0
405	http://www.opengis.net/ont/geosparql#hasGeometry	predicate-405.ibk5	269	42969	21d5837fe55d447b2d70afc168df457db7643039fbfcd6f4ff10fe87025342e5	predicate-405.ibk5.merkle	1	https://danbri.github.io/londat/kgx/graph/mallmap.p04/0ba0b1d789d001f8	predicate-405.ibk5.lgi2	predicate-405.ibk5.gbi1	003c000000687474..003c000000687474	0045000000687474..0045000000687474	0
406	http://www.w3.org/1999/02/22-rdf-syntax-ns#type	predicate-406.ibk5	269	23109	67b8d467e9b4fa8ea346202c61f5a939a752d9a846e39404bead837c5c1348dd	predicate-406.ibk5.merkle	1	https://danbri.github.io/londat/kgx/graph/mallmap.p04/0ba0b1d789d001f8	predicate-406.ibk5.lgi2	predicate-406.ibk5.gbi1	003c000000687474..003c000000687474	0032000000687474..0032000000687474	0
407	https://danbri.github.io/londat/kgx/vocab#floorLevel	predicate-407.ibk5	269	23527	a11786c691fce90be050eae33450f2337e562f9e57a7e30b8c0ba0e8b8741601	predicate-407.ibk5.merkle	1	https://danbri.github.io/londat/kgx/graph/mallmap.p04/0ba0b1d789d001f8	predicate-407.ibk5.lgi2	predicate-407.ibk5.gbi1	003c000000687474..003c000000687474	0201000000302800..02040000002d302e	0
408	https://danbri.github.io/londat/kgx/vocab#floorName	predicate-408.ibk5	269	23568	44c4c36cd77c4cf6209c582692cb314026d5a2129899c423d1c580a0c2f3efb0	predicate-408.ibk5.merkle	1	https://danbri.github.io/londat/kgx/graph/mallmap.p04/0ba0b1d789d001f8	predicate-408.ibk5.lgi2	predicate-408.ibk5.gbi1	003c000000687474..003c000000687474	02070000004c6576..02090000004c6576	0
409	https://danbri.github.io/londat/kgx/vocab#mall	predicate-409.ibk5	269	23701	1e3a181fcc4174f8a510732cf56b951771c85a87f28a1302c4ed758470fecfbe	predicate-409.ibk5.merkle	1	https://danbri.github.io/londat/kgx/graph/mallmap.p04/0ba0b1d789d001f8	predicate-409.ibk5.lgi2	predicate-409.ibk5.gbi1	003c000000687474..003c000000687474	020b000000436162..021d000000546865	0
410	https://danbri.github.io/londat/kgx/vocab#unitClass	predicate-410.ibk5	269	23869	00271097b874047c484f159a7401a37c3de6f24eeaa01f9673b8448752a4da7f	predicate-410.ibk5.merkle	1	https://danbri.github.io/londat/kgx/graph/mallmap.p04/0ba0b1d789d001f8	predicate-410.ibk5.lgi2	predicate-410.ibk5.gbi1	003c000000687474..003c000000687474	02050000006f7468..020e000000666f6f	0
411	https://danbri.github.io/londat/kgx/vocab#unitType	predicate-411.ibk5	269	26086	e2bbcb12f7e83e0861060cb645d2440f35246546096a3b439d83209d1eab1809	predicate-411.ibk5.merkle	1	https://danbri.github.io/londat/kgx/graph/mallmap.p04/0ba0b1d789d001f8	predicate-411.ibk5.lgi2	predicate-411.ibk5.gbi1	003c000000687474..003c000000687474	020300000061746d..0210000000627572	0
412	https://schema.org/latitude	predicate-412.ibk5	269	38257	a21435c8e3245d090a53e3c03b4cf96a63f93fca22836bbc66c606c349a064fe	predicate-412.ibk5.merkle	1	https://danbri.github.io/londat/kgx/graph/mallmap.p04/0ba0b1d789d001f8	predicate-412.ibk5.lgi2	predicate-412.ibk5.gbi1	003c000000687474..003c000000687474	020900000035312e..020a00000035312e	0
413	https://schema.org/longitude	predicate-413.ibk5	269	38256	bf32ce76512c3585c2c379f01e5a1eaf7502cd5d98785abd12cc951792564f63	predicate-413.ibk5.merkle	1	https://danbri.github.io/londat/kgx/graph/mallmap.p04/0ba0b1d789d001f8	predicate-413.ibk5.lgi2	predicate-413.ibk5.gbi1	003c000000687474..003c000000687474	02080000002d302e..020a0000002d302e	0
414	https://schema.org/name	predicate-414.ibk5	177	25536	3ef36d270cc7430c3ad43f640531217bb592191668132d6f650d875bb36a9e82	predicate-414.ibk5.merkle	1	https://danbri.github.io/londat/kgx/graph/mallmap.p04/0ba0b1d789d001f8	predicate-414.ibk5.lgi2	predicate-414.ibk5.gbi1	003c000000687474..003c000000687474	0202000000454527..023c000000427269	0
415	https://danbri.github.io/londat/kgx/vocab#openingTimesText	predicate-415.ibk5	117	25365	29f3860a228244d44d8ef1228ec1824160354874c651fe3cf734783035f1a94f	predicate-415.ibk5.merkle	1	https://danbri.github.io/londat/kgx/graph/mallmap.p04/0ba0b1d789d001f8	predicate-415.ibk5.lgi2	predicate-415.ibk5.gbi1	003c000000687474..003c000000687474	02620000006d6f6e..028a0000006d6f6e	0
416	https://schema.org/address	predicate-416.ibk5	147	19906	b487dd15232b18b5cbda0fc742842e45878bac0a30e6565088f81be6cb7f44cf	predicate-416.ibk5.merkle	1	https://danbri.github.io/londat/kgx/graph/mallmap.p04/0ba0b1d789d001f8	predicate-416.ibk5.lgi2	predicate-416.ibk5.gbi1	003c000000687474..003c000000687474	020b000000436162..0248000000416363	0
417	https://schema.org/telephone	predicate-417.ibk5	58	8618	b1d6aa486399720fb79e97b3b63e9432fb37fa5f2436c227d5ece069f1e341a2	predicate-417.ibk5.merkle	1	https://danbri.github.io/londat/kgx/graph/mallmap.p04/0ba0b1d789d001f8	predicate-417.ibk5.lgi2	predicate-417.ibk5.gbi1	003c000000687474..003c000000687474	020b000000303230..020e000000303230	0
418	https://schema.org/url	predicate-418.ibk5	90	10915	efaed6fe7913934617b90e1d3491fd0c63ad7e3b0935966026568aa95bb49947	predicate-418.ibk5.merkle	1	https://danbri.github.io/londat/kgx/graph/mallmap.p04/0ba0b1d789d001f8	predicate-418.ibk5.lgi2	predicate-418.ibk5.gbi1	003c000000687474..003c000000687474	0013000000687474..005b000000687474	0
419	http://www.opengis.net/ont/geosparql#hasGeometry	predicate-419.ibk5	123	19891	bf46af617a2b873d409485c12bf7ce9623e6814e1024a3c356fbf5d799482b09	predicate-419.ibk5.merkle	1	https://danbri.github.io/londat/kgx/graph/mallmap.p05/86727a6a4915addf	predicate-419.ibk5.lgi2	predicate-419.ibk5.gbi1	003c000000687474..003d000000687474	0045000000687474..0046000000687474	0
420	http://www.w3.org/1999/02/22-rdf-syntax-ns#type	predicate-420.ibk5	926	84233	89d5aa0882fbbe20b144cdebb0dc0115dca0897475d87a1e577c271bafe54a1c	predicate-420.ibk5.merkle	1	https://danbri.github.io/londat/kgx/graph/mallmap.p05/86727a6a4915addf	predicate-420.ibk5.lgi2	predicate-420.ibk5.gbi1	003c000000687474..0045000000687474	002d000000687474..0032000000687474	0
421	https://danbri.github.io/londat/kgx/vocab#floorLevel	predicate-421.ibk5	123	11132	927988f19ddc9aa30b46fbe35a1a499b91809626cd72ead504e42eb9309c0c1f	predicate-421.ibk5.merkle	1	https://danbri.github.io/londat/kgx/graph/mallmap.p05/86727a6a4915addf	predicate-421.ibk5.lgi2	predicate-421.ibk5.gbi1	003c000000687474..003d000000687474	0201000000302800..02040000002d302e	0
422	https://danbri.github.io/londat/kgx/vocab#floorName	predicate-422.ibk5	123	11170	a817a9e1add981eef6ff256c9e449f96420de433c9e97ff0e2328b006a56dc53	predicate-422.ibk5.merkle	1	https://danbri.github.io/londat/kgx/graph/mallmap.p05/86727a6a4915addf	predicate-422.ibk5.lgi2	predicate-422.ibk5.gbi1	003c000000687474..003d000000687474	02070000004c6576..02090000004c6576	0
423	https://danbri.github.io/londat/kgx/vocab#mall	predicate-423.ibk5	123	11215	4d14918d46ea22b420fe904239fbe14f89e5183266043adc247fc070b6a1ab98	predicate-423.ibk5.merkle	1	https://danbri.github.io/londat/kgx/graph/mallmap.p05/86727a6a4915addf	predicate-423.ibk5.lgi2	predicate-423.ibk5.gbi1	003c000000687474..003d000000687474	020b000000436162..0211000000576573	0
424	https://danbri.github.io/londat/kgx/vocab#unitClass	predicate-424.ibk5	123	11527	3306eb795c559e91ba58e5059527ca57dc5f6499a63134c161f1f0e158e8fb23	predicate-424.ibk5.merkle	1	https://danbri.github.io/londat/kgx/graph/mallmap.p05/86727a6a4915addf	predicate-424.ibk5.lgi2	predicate-424.ibk5.gbi1	003c000000687474..003d000000687474	02050000006f7468..020e000000666f6f	0
425	https://danbri.github.io/londat/kgx/vocab#unitType	predicate-425.ibk5	123	12674	352bb7dc0125e82e95677043ce22bc2a5ed23b68c11889ea51faa90254cfe525	predicate-425.ibk5.merkle	1	https://danbri.github.io/londat/kgx/graph/mallmap.p05/86727a6a4915addf	predicate-425.ibk5.lgi2	predicate-425.ibk5.gbi1	003c000000687474..003d000000687474	020300000067796d..0210000000646570	0
426	https://schema.org/latitude	predicate-426.ibk5	123	17698	31a025de1a3ceeb061a765c95a7e3fef46a4ef6592381d1c0f59f5ba8a166054	predicate-426.ibk5.merkle	1	https://danbri.github.io/londat/kgx/graph/mallmap.p05/86727a6a4915addf	predicate-426.ibk5.lgi2	predicate-426.ibk5.gbi1	003c000000687474..003d000000687474	020800000035312e..020a00000035312e	0
427	https://schema.org/longitude	predicate-427.ibk5	123	17700	8c3d9d5e7c78074e41fde15bd858cdec4d1c1d8325bbf10be8dd6abbcaafedbc	predicate-427.ibk5.merkle	1	https://danbri.github.io/londat/kgx/graph/mallmap.p05/86727a6a4915addf	predicate-427.ibk5.lgi2	predicate-427.ibk5.gbi1	003c000000687474..003d000000687474	02080000002d302e..020a0000002d302e	0
428	https://schema.org/name	predicate-428.ibk5	84	12532	75e854303bc7ec9af2b3263a93a86dd788c2106fec6834e195698a8fb8941841	predicate-428.ibk5.merkle	1	https://danbri.github.io/londat/kgx/graph/mallmap.p05/86727a6a4915addf	predicate-428.ibk5.lgi2	predicate-428.ibk5.gbi1	003c000000687474..003d000000687474	0203000000526f65..023700000043616e	0
429	https://danbri.github.io/londat/kgx/vocab#openingTimesText	predicate-429.ibk5	57	13376	e3523df812c492d5acf1bb9b6fe51d91f1bab867705747133d49e7ab114c7b11	predicate-429.ibk5.merkle	1	https://danbri.github.io/londat/kgx/graph/mallmap.p05/86727a6a4915addf	predicate-429.ibk5.lgi2	predicate-429.ibk5.gbi1	003c000000687474..003d000000687474	021200000073756e..028a0000006d6f6e	0
430	https://schema.org/address	predicate-430.ibk5	67	9538	94bff10205243ddf7a385f7aacd65f77dd836d64a18463ca3102bb6e0ebedfc0	predicate-430.ibk5.merkle	1	https://danbri.github.io/londat/kgx/graph/mallmap.p05/86727a6a4915addf	predicate-430.ibk5.lgi2	predicate-430.ibk5.gbi1	003c000000687474..003d000000687474	020d0000004a7562..023f0000004d616c	0
431	https://schema.org/telephone	predicate-431.ibk5	31	4671	ade2d59e425944badcff5c283501190049eb29838484fa623de39da5007d3b00	predicate-431.ibk5.merkle	1	https://danbri.github.io/londat/kgx/graph/mallmap.p05/86727a6a4915addf	predicate-431.ibk5.lgi2	predicate-431.ibk5.gbi1	003c000000687474..003d000000687474	020b000000303230..020d000000303333	0
432	https://schema.org/url	predicate-432.ibk5	49	6121	3bb2c573d5a9c8d749a69d247e4579777db1b4627b2c2904a2ad2593db89e99e	predicate-432.ibk5.merkle	1	https://danbri.github.io/londat/kgx/graph/mallmap.p05/86727a6a4915addf	predicate-432.ibk5.lgi2	predicate-432.ibk5.gbi1	003c000000687474..003d000000687474	0013000000687474..0057000000687474	0
433	http://www.opengis.net/ont/geosparql#asWKT	predicate-433.ibk5	803	467459	511c45abf8867d29a7d11ced01a20ef2298b33950f114799ff1b2adbf599fe72	predicate-433.ibk5.merkle	1	https://danbri.github.io/londat/kgx/graph/mallmap.p05/86727a6a4915addf	predicate-433.ibk5.lgi2	predicate-433.ibk5.gbi1	003f000000687474..0045000000687474	0200030000504f4c..02fd1a0000504f4c	0
434	http://www.opengis.net/ont/geosparql#asWKT	predicate-434.ibk5	612	104392	ed40cc52ab4ea3345bdafa022087d4893ee9d3a1c60747dc450ad15774ed47c5	predicate-434.ibk5.merkle	1	https://danbri.github.io/londat/kgx/graph/mallmap.p06/eb7a540383783a52	predicate-434.ibk5.lgi2	predicate-434.ibk5.gbi1	0045000000687474..0046000000687474	021c000000504f49..021c000000504f49	0
435	http://www.w3.org/1999/02/22-rdf-syntax-ns#type	predicate-435.ibk5	612	57851	5b40d83d4d6f3b881b5aa03edc302897cf15dca3233d4f6f6c35ce9609210de0	predicate-435.ibk5.merkle	1	https://danbri.github.io/londat/kgx/graph/mallmap.p06/eb7a540383783a52	predicate-435.ibk5.lgi2	predicate-435.ibk5.gbi1	0045000000687474..0046000000687474	002d000000687474..002d000000687474	0
436	http://purl.org/dc/terms/isPartOf	predicate-436.ibk5	44	5601	f7df747f84b4eee7c582ff1c40d17729e6fdb8c0b0e769445c0c673f3e2569d8	predicate-436.ibk5.merkle	1	https://danbri.github.io/londat/kgx/graph/meta/23b9769bd8224aec	predicate-436.ibk5.lgi2	predicate-436.ibk5.gbi1	0042000000687474..0057000000687474	003e000000687474..0053000000687474	0
437	http://rdfs.org/ns/void#triples	predicate-437.ibk5	60	7753	9340d5073ae2eeaf9ade892a8d8315cd15a940c54d2059035ce0691ae59c48de	predicate-437.ibk5.merkle	1	https://danbri.github.io/londat/kgx/graph/meta/23b9769bd8224aec	predicate-437.ibk5.lgi2	predicate-437.ibk5.gbi1	003e000000687474..0057000000687474	0203000000313637..0205000000323036	0
438	http://www.w3.org/1999/02/22-rdf-syntax-ns#type	predicate-438.ibk5	136	8516	f0a104b10638386fab904e642a2683e215b91289f38489b62ad04ffcd4902774	predicate-438.ibk5.merkle	1	https://danbri.github.io/londat/kgx/graph/meta/23b9769bd8224aec	predicate-438.ibk5.lgi2	predicate-438.ibk5.gbi1	002d000000687474..0057000000687474	001f000000687474..0033000000687474	0
439	http://www.w3.org/ns/prov#wasGeneratedBy	predicate-439.ibk5	60	7776	d14d0ffab8d4823935f6746a6c564cbea43669a3d238935e80068b1d0f86d54b	predicate-439.ibk5.merkle	1	https://danbri.github.io/londat/kgx/graph/meta/23b9769bd8224aec	predicate-439.ibk5.lgi2	predicate-439.ibk5.gbi1	003e000000687474..0057000000687474	003d000000687474..003d000000687474	0
440	https://danbri.github.io/londat/kgx/vocab#file	predicate-440.ibk5	60	11395	62951bde62b5c846d0fbb9fb082eb9a48533f21571b7da95f96bb859233ae9e0	predicate-440.ibk5.merkle	1	https://danbri.github.io/londat/kgx/graph/meta/23b9769bd8224aec	predicate-440.ibk5.lgi2	predicate-440.ibk5.gbi1	003e000000687474..0057000000687474	0221000000677261..023a000000677261	0
441	https://danbri.github.io/londat/kgx/vocab#graphName	predicate-441.ibk5	60	9480	8cd069d209fb8a1258f60658d5f21e0b6c21365a463740505556537bee02f93f	predicate-441.ibk5.merkle	1	https://danbri.github.io/londat/kgx/graph/meta/23b9769bd8224aec	predicate-441.ibk5.lgi2	predicate-441.ibk5.gbi1	003e000000687474..0057000000687474	002d000000687474..0046000000687474	0
442	https://danbri.github.io/londat/kgx/vocab#part	predicate-442.ibk5	44	4767	2147908bf24063139b82f010bbbc8d412e24f4cbcc192ed8df1f39f8877ddc7d	predicate-442.ibk5.merkle	1	https://danbri.github.io/londat/kgx/graph/meta/23b9769bd8224aec	predicate-442.ibk5.lgi2	predicate-442.ibk5.gbi1	0042000000687474..0057000000687474	0201000000302800..0201000000362800	0
443	https://danbri.github.io/londat/kgx/vocab#rdfc10Sha256	predicate-443.ibk5	60	11818	eddff5e522d0053d83cc06fb5d74a4ee0f8102fcc3463e4a1014e31e944d7ab3	predicate-443.ibk5.merkle	1	https://danbri.github.io/londat/kgx/graph/meta/23b9769bd8224aec	predicate-443.ibk5.lgi2	predicate-443.ibk5.gbi1	003e000000687474..0057000000687474	0240000000303165..0240000000666435	0
444	http://purl.org/dc/terms/license	predicate-444.ibk5	16	3342	8a8a899a11d0d17c18d71be1cecd816bf83b5bbc52f85f4430a9632d1ba5464f	predicate-444.ibk5.merkle	1	https://danbri.github.io/londat/kgx/graph/meta/23b9769bd8224aec	predicate-444.ibk5.lgi2	predicate-444.ibk5.gbi1	003e000000687474..0053000000687474	0221000000434330..029c0000006a6f69	0
445	http://purl.org/dc/terms/rights	predicate-445.ibk5	3	573	047e27e11eafc88c97d9773d32c8ac3be03ce08617ad74402bcbac05905aaef1	predicate-445.ibk5.merkle	1	https://danbri.github.io/londat/kgx/graph/meta/23b9769bd8224aec	predicate-445.ibk5.lgi2	predicate-445.ibk5.gbi1	0044000000687474..004b000000687474	0250000000c2a920..0250000000c2a920	0
446	http://purl.org/dc/terms/title	predicate-446.ibk5	16	4319	fe72c4d23071019178d12b16eca4ef1ac11812d9cce972487dd98eae7339ade4	predicate-446.ibk5.merkle	1	https://danbri.github.io/londat/kgx/graph/meta/23b9769bd8224aec	predicate-446.ibk5.lgi2	predicate-446.ibk5.gbi1	003e000000687474..0053000000687474	023b000000436974..02b100000043616e	0
447	https://danbri.github.io/londat/kgx/vocab#current	predicate-447.ibk5	16	2632	66d0b6c94c2bb099514f2e726be39711d1ddddfb93f5ffb754cd0c2fc7cc50e0	predicate-447.ibk5.merkle	1	https://danbri.github.io/londat/kgx/graph/meta/23b9769bd8224aec	predicate-447.ibk5.lgi2	predicate-447.ibk5.gbi1	002d000000687474..0042000000687474	003e000000687474..0053000000687474	0
448	http://www.w3.org/1999/02/22-rdf-syntax-ns#type	predicate-448.ibk5	401	44738	1986e3a5b7fc3222c47f6c5a1dcb6664c719338a8e661f08f3dd12527441da1f	predicate-448.ibk5.merkle	1	https://danbri.github.io/londat/kgx/graph/occupants.p00/d7cbf619fd260f4a	predicate-448.ibk5.lgi2	predicate-448.ibk5.gbi1	0050000000687474..0059000000687474	0018000000687474..0024000000687474	0
449	https://danbri.github.io/londat/kgx/vocab#role	predicate-449.ibk5	401	47268	358daaf9879211a55c43c579022f80f806b333a699e4e3087c0fe2b3ae83d811	predicate-449.ibk5.merkle	1	https://danbri.github.io/londat/kgx/graph/occupants.p00/d7cbf619fd260f4a	predicate-449.ibk5.lgi2	predicate-449.ibk5.gbi1	0050000000687474..0059000000687474	020400000073686f..021c000000686561	0
450	https://danbri.github.io/londat/kgx/vocab#sourceKind	predicate-450.ibk5	401	45260	c82f41b76c87efef90b558a0d9886b3d4291399972dd96e7294d088c29d24b0b	predicate-450.ibk5.merkle	1	https://danbri.github.io/londat/kgx/graph/occupants.p00/d7cbf619fd260f4a	predicate-450.ibk5.lgi2	predicate-450.ibk5.gbi1	0050000000687474..0059000000687474	0203000000637163..02100000006f736d	0
451	https://schema.org/brand	predicate-451.ibk5	116	17329	dc9186b36a2a95bfbc52c24fec4b9fc832e227946c30f6a33d4753d5466e1d9b	predicate-451.ibk5.merkle	1	https://danbri.github.io/londat/kgx/graph/occupants.p00/d7cbf619fd260f4a	predicate-451.ibk5.lgi2	predicate-451.ibk5.gbi1	0051000000687474..0059000000687474	0025000000687474..0029000000687474	0
452	https://schema.org/containedInPlace	predicate-452.ibk5	401	52679	11cb5058e5bbbe76266f0a7c3a806da2f8d7d22ff43039e885cd276f7e25f513	predicate-452.ibk5.merkle	1	https://danbri.github.io/londat/kgx/graph/occupants.p00/d7cbf619fd260f4a	predicate-452.ibk5.lgi2	predicate-452.ibk5.gbi1	0050000000687474..0059000000687474	0038000000687474..0038000000687474	0
453	https://schema.org/name	predicate-453.ibk5	399	62147	fcb6bfbe05293ad60d5b1f2f519566dca809878fe3aea6445728f90063911ef4	predicate-453.ibk5.merkle	1	https://danbri.github.io/londat/kgx/graph/occupants.p00/d7cbf619fd260f4a	predicate-453.ibk5.lgi2	predicate-453.ibk5.gbi1	0051000000687474..0059000000687474	0202000000425027..020a000000576178	0
454	https://schema.org/sameAs	predicate-454.ibk5	359	50666	22b17405eb939849a1318babea9d07b50720185080bab0c2ae57358d95299e0a	predicate-454.ibk5.merkle	1	https://danbri.github.io/londat/kgx/graph/occupants.p00/d7cbf619fd260f4a	predicate-454.ibk5.lgi2	predicate-454.ibk5.gbi1	0051000000687474..0059000000687474	0027000000687474..0050000000687474	0
455	https://schema.org/servesCuisine	predicate-455.ibk5	65	9265	50eb425f3eaf494388fcbdc04ed56106ffbac0b6b3ac6930eb0309696052f621	predicate-455.ibk5.merkle	1	https://danbri.github.io/londat/kgx/graph/occupants.p00/d7cbf619fd260f4a	predicate-455.ibk5.lgi2	predicate-455.ibk5.gbi1	0053000000687474..0059000000687474	0205000000617369..021a000000636f66	0
456	https://schema.org/url	predicate-456.ibk5	97	15504	a73243c8bb551dca0ca956d26645ce730c0b88dca632983e18e23dbc323cab09	predicate-456.ibk5.merkle	1	https://danbri.github.io/londat/kgx/graph/occupants.p00/d7cbf619fd260f4a	predicate-456.ibk5.lgi2	predicate-456.ibk5.gbi1	0051000000687474..0059000000687474	0011000000687474..0084000000687474	0
457	https://schema.org/openingHours	predicate-457.ibk5	57	10672	cbadb6e581eb477871f5488210dc7d88f98e6f1c42dd373d3653e427aad1c8b3	predicate-457.ibk5.merkle	1	https://danbri.github.io/londat/kgx/graph/occupants.p00/d7cbf619fd260f4a	predicate-457.ibk5.lgi2	predicate-457.ibk5.gbi1	0053000000687474..0059000000687474	020400000032342f..02540000004d6f20	0
458	https://danbri.github.io/londat/kgx/vocab#level	predicate-458.ibk5	149	17776	a05ee53ed34f1221caa2740f80064a23a8f3e04ef2ff58953fb73d9dc0f2c6e4	predicate-458.ibk5.merkle	1	https://danbri.github.io/londat/kgx/graph/occupants.p00/d7cbf619fd260f4a	predicate-458.ibk5.lgi2	predicate-458.ibk5.gbi1	0051000000687474..0059000000687474	0201000000302700..020e000000537472	0
459	https://danbri.github.io/londat/kgx/vocab#webOpeningHours	predicate-459.ibk5	28	5281	77de7f06ae2a35e1acfc877d15c3482801eb92224602def235dd85d729501f2f	predicate-459.ibk5.merkle	1	https://danbri.github.io/londat/kgx/graph/occupants.p00/d7cbf619fd260f4a	predicate-459.ibk5.lgi2	predicate-459.ibk5.gbi1	0053000000687474..0059000000687474	02110000004d6f2d..02510000004d6f20	0
460	https://danbri.github.io/londat/kgx/vocab#mall	predicate-460.ibk5	110	12912	219594c0a69ffe5c0430ebed04c3d05e2e141536dca70e3bd26aba3287a223da	predicate-460.ibk5.merkle	1	https://danbri.github.io/londat/kgx/graph/occupants.p00/d7cbf619fd260f4a	predicate-460.ibk5.lgi2	predicate-460.ibk5.gbi1	0051000000687474..0059000000687474	020a000000576f6f..0211000000546865	0
461	https://danbri.github.io/londat/kgx/vocab#odsCode	predicate-461.ibk5	13	2327	d548be807e917d977f1f9a9625cdfff08366ce23dad5a1a46d5513e7bde44232	predicate-461.ibk5.merkle	1	https://danbri.github.io/londat/kgx/graph/occupants.p00/d7cbf619fd260f4a	predicate-461.ibk5.lgi2	predicate-461.ibk5.gbi1	0052000000687474..0058000000687474	0205000000384a38..0206000000563832	0
462	https://danbri.github.io/londat/kgx/vocab#brandName	predicate-462.ibk5	1	362	9778c99b8489177b826ae87c411484a32cbe0cc6b5beebf0023e0ffecbaa208a	predicate-462.ibk5.merkle	1	https://danbri.github.io/londat/kgx/graph/occupants.p00/d7cbf619fd260f4a	predicate-462.ibk5.lgi2	predicate-462.ibk5.gbi1	0054000000687474..0054000000687474	0211000000546865..0211000000546865	0
463	https://danbri.github.io/londat/kgx/vocab#cqcLocationId	predicate-463.ibk5	4	881	fe1bc3c974f3a1167109921a7173e4c77d4fa46ee99c4fe6e11d9511f24e21ed	predicate-463.ibk5.merkle	1	https://danbri.github.io/londat/kgx/graph/occupants.p00/d7cbf619fd260f4a	predicate-463.ibk5.lgi2	predicate-463.ibk5.gbi1	0054000000687474..0058000000687474	020b000000312d33..020d000000312d32	0
464	http://www.w3.org/1999/02/22-rdf-syntax-ns#type	predicate-464.ibk5	431	50818	492d3e6726f474620c4568343b94236979226db012cc7ec2a7fc27bd1ea60b8d	predicate-464.ibk5.merkle	1	https://danbri.github.io/londat/kgx/graph/occupants.p01/221fea1b577c9c8f	predicate-464.ibk5.lgi2	predicate-464.ibk5.gbi1	0059000000687474..005f000000687474	0018000000687474..0024000000687474	0
465	https://danbri.github.io/londat/kgx/vocab#role	predicate-465.ibk5	431	53993	c36986cfa764214df3f34e58ba4724bc1bad986ba86051b38063c9c52ef7bf7e	predicate-465.ibk5.merkle	1	https://danbri.github.io/londat/kgx/graph/occupants.p01/221fea1b577c9c8f	predicate-465.ibk5.lgi2	predicate-465.ibk5.gbi1	0059000000687474..005f000000687474	020400000073686f..021c000000686561	0
466	https://danbri.github.io/londat/kgx/vocab#sourceKind	predicate-466.ibk5	431	51377	fc47c3db7fbf698226f9024b6d0957fbe1ab5dc225459653967564b48a821b6c	predicate-466.ibk5.merkle	1	https://danbri.github.io/londat/kgx/graph/occupants.p01/221fea1b577c9c8f	predicate-466.ibk5.lgi2	predicate-466.ibk5.gbi1	0059000000687474..005f000000687474	0203000000637163..02100000006f6673	0
467	https://schema.org/containedInPlace	predicate-467.ibk5	431	60772	d7974682d73ddc064d5b1bdb175425cf9a38db0217eefbf1066ae8a1aba849de	predicate-467.ibk5.merkle	1	https://danbri.github.io/londat/kgx/graph/occupants.p01/221fea1b577c9c8f	predicate-467.ibk5.lgi2	predicate-467.ibk5.gbi1	0059000000687474..005f000000687474	0038000000687474..0038000000687474	0
468	https://schema.org/name	predicate-468.ibk5	431	73151	53127e5d7c51d8856aed21a1f42f55a6d44b55299d82eac4a7430844e5eaadff	predicate-468.ibk5.merkle	1	https://danbri.github.io/londat/kgx/graph/occupants.p01/221fea1b577c9c8f	predicate-468.ibk5.lgi2	predicate-468.ibk5.gbi1	0059000000687474..005f000000687474	020a000000417765..0212000000426178	0
469	https://schema.org/sameAs	predicate-469.ibk5	324	49795	b671853282f2f259b28e5bb59126463f2b8328deaadc0c579e815bb5e3273f7e	predicate-469.ibk5.merkle	1	https://danbri.github.io/londat/kgx/graph/occupants.p01/221fea1b577c9c8f	predicate-469.ibk5.lgi2	predicate-469.ibk5.gbi1	0059000000687474..005f000000687474	002b000000687474..004a000000687474	0
470	https://schema.org/url	predicate-470.ibk5	73	12348	9c0059c5bb17be0fb39770344bcb74c4ea5b978e12181ae9ab991658ebec208a	predicate-470.ibk5.merkle	1	https://danbri.github.io/londat/kgx/graph/occupants.p01/221fea1b577c9c8f	predicate-470.ibk5.lgi2	predicate-470.ibk5.gbi1	0059000000687474..005f000000687474	0017000000687474..0065000000687474	0
471	https://schema.org/openingHours	predicate-471.ibk5	44	8916	240de787c6629a169e01611f7c9ddd214c559a4099a67dd6d54249019c263081	predicate-471.ibk5.merkle	1	https://danbri.github.io/londat/kgx/graph/occupants.p01/221fea1b577c9c8f	predicate-471.ibk5.lgi2	predicate-471.ibk5.gbi1	0059000000687474..005f000000687474	020400000032342f..02510000004d6f2d	0
472	https://danbri.github.io/londat/kgx/vocab#level	predicate-472.ibk5	127	16320	331e37eca1defc16c3c480a864129365f44cca2b7110179e613e0af74afea65d	predicate-472.ibk5.merkle	1	https://danbri.github.io/londat/kgx/graph/occupants.p01/221fea1b577c9c8f	predicate-472.ibk5.lgi2	predicate-472.ibk5.gbi1	0059000000687474..005f000000687474	0201000000302700..020e000000537472	0
473	https://danbri.github.io/londat/kgx/vocab#odsCode	predicate-473.ibk5	29	5140	2e5dcbe0eeeed966bbb96d4d91ef089f69d10fd528c9d8faa37c7918906e8a46	predicate-473.ibk5.merkle	1	https://danbri.github.io/londat/kgx/graph/occupants.p01/221fea1b577c9c8f	predicate-473.ibk5.lgi2	predicate-473.ibk5.gbi1	005a000000687474..005f000000687474	020400000041574a..0208000000454531	0
474	https://schema.org/brand	predicate-474.ibk5	87	13294	006c1f17fcacccc7ba12f0de922a2f47e817ec6284d3cdd3b2d845ace32ee017	predicate-474.ibk5.merkle	1	https://danbri.github.io/londat/kgx/graph/occupants.p01/221fea1b577c9c8f	predicate-474.ibk5.lgi2	predicate-474.ibk5.gbi1	0059000000687474..005f000000687474	0025000000687474..0029000000687474	0
475	https://danbri.github.io/londat/kgx/vocab#webOpeningHours	predicate-475.ibk5	21	4394	268f3f6a81c567517c01ca7cbcb28c14ab140020505d2cceee301f7e46195708	predicate-475.ibk5.merkle	1	https://danbri.github.io/londat/kgx/graph/occupants.p01/221fea1b577c9c8f	predicate-475.ibk5.lgi2	predicate-475.ibk5.gbi1	005a000000687474..005f000000687474	02110000004d6f2d..02470000004d6f2c	0
476	https://schema.org/servesCuisine	predicate-476.ibk5	43	6729	1b407cfc16c04bd18650d83016053d8f36603bbc3f04972bc49e3ad648cb517a	predicate-476.ibk5.merkle	1	https://danbri.github.io/londat/kgx/graph/occupants.p01/221fea1b577c9c8f	predicate-476.ibk5.lgi2	predicate-476.ibk5.gbi1	0059000000687474..005f000000687474	0205000000617369..0211000000746169	0
477	https://danbri.github.io/londat/kgx/vocab#cqcLocationId	predicate-477.ibk5	7	1450	8e25e4c323eb9a69c26090378ec5937dff3af734ad7bf5b3b4955b8305a8d43a	predicate-477.ibk5.merkle	1	https://danbri.github.io/londat/kgx/graph/occupants.p01/221fea1b577c9c8f	predicate-477.ibk5.lgi2	predicate-477.ibk5.gbi1	005c000000687474..005f000000687474	020b000000312d33..020d000000312d32	0
478	https://danbri.github.io/londat/kgx/vocab#mall	predicate-478.ibk5	94	11804	e2ed2a7d56d91363987d4a17bcf6ac8b252a531fb22566a4a0ce460a651004db	predicate-478.ibk5.merkle	1	https://danbri.github.io/londat/kgx/graph/occupants.p01/221fea1b577c9c8f	predicate-478.ibk5.lgi2	predicate-478.ibk5.gbi1	0059000000687474..005f000000687474	020a000000576f6f..0212000000436f6c	0
479	http://www.w3.org/1999/02/22-rdf-syntax-ns#type	predicate-479.ibk5	469	59141	fa999a90c357b9f7719bbac678258f54c3222b8f7202676bc54dd0fa5fb01b2f	predicate-479.ibk5.merkle	1	https://danbri.github.io/londat/kgx/graph/occupants.p02/0d768b0fdac1ef47	predicate-479.ibk5.lgi2	predicate-479.ibk5.gbi1	005f000000687474..006b000000687474	0018000000687474..0024000000687474	0
480	https://danbri.github.io/londat/kgx/vocab#cqcLocationId	predicate-480.ibk5	20	3879	dae237f96d125baa6430b488380767c0cfe58ad6b88b0eef0f0ef6f85931a3e5	predicate-480.ibk5.merkle	1	https://danbri.github.io/londat/kgx/graph/occupants.p02/0d768b0fdac1ef47	predicate-480.ibk5.lgi2	predicate-480.ibk5.gbi1	0060000000687474..006a000000687474	0205000000523148..020d000000312d32	0
481	https://danbri.github.io/londat/kgx/vocab#odsCode	predicate-481.ibk5	65	11638	4ca55e8a4576a92d02efee1e08538e1c6d67b1b9b692b85c14a98dd4910265c5	predicate-481.ibk5.merkle	1	https://danbri.github.io/londat/kgx/graph/occupants.p02/0d768b0fdac1ef47	predicate-481.ibk5.lgi2	predicate-481.ibk5.gbi1	0060000000687474..006b000000687474	0203000000444c46..0208000000454531	0
482	https://danbri.github.io/londat/kgx/vocab#role	predicate-482.ibk5	469	62608	afe5d565ad20d9443568a3905600c538cb74b5f6885611f8c436de55a482c48e	predicate-482.ibk5.merkle	1	https://danbri.github.io/londat/kgx/graph/occupants.p02/0d768b0fdac1ef47	predicate-482.ibk5.lgi2	predicate-482.ibk5.gbi1	005f000000687474..006b000000687474	020400000073686f..021c000000686561	0
483	https://danbri.github.io/londat/kgx/vocab#sourceKind	predicate-483.ibk5	469	59725	19ac64790bb2d892a4481c329a20f5306002ec02ac26df0cc3fd42ebd15aba4e	predicate-483.ibk5.merkle	1	https://danbri.github.io/londat/kgx/graph/occupants.p02/0d768b0fdac1ef47	predicate-483.ibk5.lgi2	predicate-483.ibk5.gbi1	005f000000687474..006b000000687474	0203000000637163..02190000006f736d	0
484	https://schema.org/containedInPlace	predicate-484.ibk5	469	68668	17d160558c5a017507114f4d8e1b3fa562b6986bcf7cf0f26bf489d6afc68c4b	predicate-484.ibk5.merkle	1	https://danbri.github.io/londat/kgx/graph/occupants.p02/0d768b0fdac1ef47	predicate-484.ibk5.lgi2	predicate-484.ibk5.gbi1	005f000000687474..006b000000687474	0038000000687474..0038000000687474	0
485	https://schema.org/name	predicate-485.ibk5	469	89790	e1f447ac2641957675038cfbb0989b8c925210e61f033e672cc8ade4bbdf9f98	predicate-485.ibk5.merkle	1	https://danbri.github.io/londat/kgx/graph/occupants.p02/0d768b0fdac1ef47	predicate-485.ibk5.lgi2	predicate-485.ibk5.gbi1	005f000000687474..006b000000687474	020f000000427265..02200000004a616d	0
486	https://schema.org/openingHours	predicate-486.ibk5	21	4504	346a303b4857f531f1f3c478950818f9c8df0f8f7e20179853b05df2acc51671	predicate-486.ibk5.merkle	1	https://danbri.github.io/londat/kgx/graph/occupants.p02/0d768b0fdac1ef47	predicate-486.ibk5.lgi2	predicate-486.ibk5.gbi1	0060000000687474..006a000000687474	020400000032342f..02460000004d6f2d	0
487	https://schema.org/sameAs	predicate-487.ibk5	237	40650	5d1f50d85e869ce0d2aa6625c834d81e376b3083eac79cdd950c4f7778718d02	predicate-487.ibk5.merkle	1	https://danbri.github.io/londat/kgx/graph/occupants.p02/0d768b0fdac1ef47	predicate-487.ibk5.lgi2	predicate-487.ibk5.gbi1	005f000000687474..006b000000687474	002b000000687474..0058000000687474	0
488	https://danbri.github.io/londat/kgx/vocab#level	predicate-488.ibk5	109	15008	17ead12e303ece42c32cdff811ca7568f7eccbb2f246ec48fa68d3caa383f641	predicate-488.ibk5.merkle	1	https://danbri.github.io/londat/kgx/graph/occupants.p02/0d768b0fdac1ef47	predicate-488.ibk5.lgi2	predicate-488.ibk5.gbi1	0060000000687474..006b000000687474	0201000000302700..020f0000004d616c	0
489	https://schema.org/brand	predicate-489.ibk5	46	7515	369eb02df66bcf7712c4a7fc3670bc50d015eb006aa10f0d22e3c7adffbecd82	predicate-489.ibk5.merkle	1	https://danbri.github.io/londat/kgx/graph/occupants.p02/0d768b0fdac1ef47	predicate-489.ibk5.lgi2	predicate-489.ibk5.gbi1	0060000000687474..006b000000687474	0025000000687474..0029000000687474	0
490	https://schema.org/url	predicate-490.ibk5	40	7255	aa7835281550c4dd4e3dbf31d6ba60e9ab24d3e7fae0622b376d180137461ae0	predicate-490.ibk5.merkle	1	https://danbri.github.io/londat/kgx/graph/occupants.p02/0d768b0fdac1ef47	predicate-490.ibk5.lgi2	predicate-490.ibk5.gbi1	005f000000687474..006a000000687474	0014000000687474..0065000000687474	0
491	https://danbri.github.io/londat/kgx/vocab#webOpeningHours	predicate-491.ibk5	18	6476	1af3c3924b85942e23dc82d1663f625c0af0606f815930ad90aa889fb264424b	predicate-491.ibk5.merkle	1	https://danbri.github.io/londat/kgx/graph/occupants.p02/0d768b0fdac1ef47	predicate-491.ibk5.lgi2	predicate-491.ibk5.gbi1	0060000000687474..006b000000687474	02110000004d6f2d..02660b00004d6f2c	0
492	https://schema.org/servesCuisine	predicate-492.ibk5	19	3242	8351d09123a2fbf11bc4c62d50f6a866e1ae17993384ce018d7104bfda47d2f6	predicate-492.ibk5.merkle	1	https://danbri.github.io/londat/kgx/graph/occupants.p02/0d768b0fdac1ef47	predicate-492.ibk5.lgi2	predicate-492.ibk5.gbi1	0060000000687474..0066000000687474	0205000000617369..020e0000006c6562	0
493	https://danbri.github.io/londat/kgx/vocab#mall	predicate-493.ibk5	84	11261	5a18b83b6f719d289f3c6fc84de90b1f1d90c2eec1bc3e4ecbfb1515e98a3022	predicate-493.ibk5.merkle	1	https://danbri.github.io/londat/kgx/graph/occupants.p02/0d768b0fdac1ef47	predicate-493.ibk5.lgi2	predicate-493.ibk5.gbi1	0060000000687474..006b000000687474	020a000000576f6f..0211000000546865	0
494	http://www.w3.org/1999/02/22-rdf-syntax-ns#type	predicate-494.ibk5	185	26487	af517d74ca41f26f1598e2759944ec8a59a40d8dfea3d66e786c89dd687aeb2d	predicate-494.ibk5.merkle	1	https://danbri.github.io/londat/kgx/graph/occupants.p03/bfc01dc435abb8e7	predicate-494.ibk5.lgi2	predicate-494.ibk5.gbi1	006b000000687474..008b000000687474	0018000000687474..0024000000687474	0
495	https://danbri.github.io/londat/kgx/vocab#role	predicate-495.ibk5	185	28647	797412f5476a8ada48d3ae2269c2c9761d4f5df45372d12e61e76448474f978a	predicate-495.ibk5.merkle	1	https://danbri.github.io/londat/kgx/graph/occupants.p03/bfc01dc435abb8e7	predicate-495.ibk5.lgi2	predicate-495.ibk5.gbi1	006b000000687474..008b000000687474	020400000073686f..021c000000686561	0
496	https://danbri.github.io/londat/kgx/vocab#sourceKind	predicate-496.ibk5	185	27057	7623aa17c33680d845e7f162da9e24e30c332036364be221a51d463c21c65a14	predicate-496.ibk5.merkle	1	https://danbri.github.io/londat/kgx/graph/occupants.p03/bfc01dc435abb8e7	predicate-496.ibk5.lgi2	predicate-496.ibk5.gbi1	006b000000687474..008b000000687474	0203000000637163..02100000006f6673	0
497	https://schema.org/brand	predicate-497.ibk5	11	2181	32203afd61db4d6dd2b5fbc32b3ab9a4d7a74ea14c506e206bf28f5fc77ca88f	predicate-497.ibk5.merkle	1	https://danbri.github.io/londat/kgx/graph/occupants.p03/bfc01dc435abb8e7	predicate-497.ibk5.lgi2	predicate-497.ibk5.gbi1	006c000000687474..0083000000687474	0026000000687474..0029000000687474	0
498	https://schema.org/containedInPlace	predicate-498.ibk5	185	32720	120c501c797ea56a14030ef804c3888ef7ce372cded4c95515f111d705cd0800	predicate-498.ibk5.merkle	1	https://danbri.github.io/londat/kgx/graph/occupants.p03/bfc01dc435abb8e7	predicate-498.ibk5.lgi2	predicate-498.ibk5.gbi1	006b000000687474..008b000000687474	0038000000687474..0038000000687474	0
499	https://schema.org/name	predicate-499.ibk5	185	42327	974dfbf82049a6f79aef2f03b4d811ccdd55832733b40b02f2a24533fc65c969	predicate-499.ibk5.merkle	1	https://danbri.github.io/londat/kgx/graph/occupants.p03/bfc01dc435abb8e7	predicate-499.ibk5.lgi2	predicate-499.ibk5.gbi1	006b000000687474..008b000000687474	021b0000004d6172..024d000000506165	0
500	https://schema.org/openingHours	predicate-500.ibk5	9	2051	fdb9641b550062485eba01102ee753cf170dd2d93c28585419c1962f1cf53e2e	predicate-500.ibk5.merkle	1	https://danbri.github.io/londat/kgx/graph/occupants.p03/bfc01dc435abb8e7	predicate-500.ibk5.lgi2	predicate-500.ibk5.gbi1	006c000000687474..0080000000687474	020400000032342f..02540000004d6f2d	0
501	https://schema.org/sameAs	predicate-501.ibk5	46	8905	d36b46d30a81a067451a1bbaf88d3ea00d8eb9b0ab91d273a1666727ad5127bf	predicate-501.ibk5.merkle	1	https://danbri.github.io/londat/kgx/graph/occupants.p03/bfc01dc435abb8e7	predicate-501.ibk5.lgi2	predicate-501.ibk5.gbi1	006b000000687474..0083000000687474	002a000000687474..005d000000687474	0
502	https://schema.org/servesCuisine	predicate-502.ibk5	1	356	01a1b1669943c2598a572db53d1a42debd4f7a57c337f08df94ec1a06fa3cecc	predicate-502.ibk5.merkle	1	https://danbri.github.io/londat/kgx/graph/occupants.p03/bfc01dc435abb8e7	predicate-502.ibk5.lgi2	predicate-502.ibk5.gbi1	006c000000687474..006c000000687474	0206000000696e64..0206000000696e64	0
503	https://schema.org/url	predicate-503.ibk5	14	2885	a6f04cedeba74d99d0b0067d67e2174eea0f7db23f0d0cf48220c56af64c4ba7	predicate-503.ibk5.merkle	1	https://danbri.github.io/londat/kgx/graph/occupants.p03/bfc01dc435abb8e7	predicate-503.ibk5.lgi2	predicate-503.ibk5.gbi1	006c000000687474..008b000000687474	0015000000687474..006e000000687474	0
504	https://danbri.github.io/londat/kgx/vocab#odsCode	predicate-504.ibk5	40	8020	4e84374a60b17554e76e689ace410b20d54e3405a49c0211ff17e52afea4a832	predicate-504.ibk5.merkle	1	https://danbri.github.io/londat/kgx/graph/occupants.p03/bfc01dc435abb8e7	predicate-504.ibk5.lgi2	predicate-504.ibk5.gbi1	006c000000687474..0087000000687474	0203000000373131..0208000000454531	0
505	https://danbri.github.io/londat/kgx/vocab#level	predicate-505.ibk5	12	2174	b77a43364d792bf05b92b9f1fcaddfad09272a4d4cf5455b2e0411e2b41dd864	predicate-505.ibk5.merkle	1	https://danbri.github.io/londat/kgx/graph/occupants.p03/bfc01dc435abb8e7	predicate-505.ibk5.lgi2	predicate-505.ibk5.gbi1	006c000000687474..0080000000687474	0201000000302700..020e000000537472	0
506	https://danbri.github.io/londat/kgx/vocab#mall	predicate-506.ibk5	13	2409	a04744a08b67ea01ab61494d45c3a67240cdda7c0fcfc52afe8d62d04fa7d61f	predicate-506.ibk5.merkle	1	https://danbri.github.io/londat/kgx/graph/occupants.p03/bfc01dc435abb8e7	predicate-506.ibk5.lgi2	predicate-506.ibk5.gbi1	006c000000687474..007a000000687474	020b000000436162..0212000000436f6c	0
507	https://danbri.github.io/londat/kgx/vocab#webOpeningHours	predicate-507.ibk5	3	794	897d14d827a024756a162a790b4108a21c18379ef04c8b0eb44fc07dd7b6357e	predicate-507.ibk5.merkle	1	https://danbri.github.io/londat/kgx/graph/occupants.p03/bfc01dc435abb8e7	predicate-507.ibk5.lgi2	predicate-507.ibk5.gbi1	006d000000687474..006e000000687474	02110000004d6f2d..02110000004d6f2d	0
508	https://danbri.github.io/londat/kgx/vocab#cqcLocationId	predicate-508.ibk5	8	1809	ee2f4f8817f3d2487075849742bd85e63719c754749ad7541b9100daa03efa44	predicate-508.ibk5.merkle	1	https://danbri.github.io/londat/kgx/graph/occupants.p03/bfc01dc435abb8e7	predicate-508.ibk5.lgi2	predicate-508.ibk5.gbi1	006c000000687474..008b000000687474	0205000000525959..020d000000312d32	0
509	http://www.w3.org/1999/02/22-rdf-syntax-ns#type	predicate-509.ibk5	18	1414	889e7f1ec5bc274ac00880f5852632a8554e8ba411ea88f1bcb8fbb96f1f3120	predicate-509.ibk5.merkle	1	https://danbri.github.io/londat/kgx/graph/photos-cwlibrary.p00/9200b27affb8a9c6	predicate-509.ibk5.lgi2	predicate-509.ibk5.gbi1	003d000000687474..003f000000687474	0018000000687474..0041000000687474	0
510	https://danbri.github.io/londat/kgx/vocab#confidence	predicate-510.ibk5	7	915	af7184e236713e3980853bfe426e32e122658ade8690a47045a55af507ac6b49	predicate-510.ibk5.merkle	1	https://danbri.github.io/londat/kgx/graph/photos-cwlibrary.p00/9200b27affb8a9c6	predicate-510.ibk5.lgi2	predicate-510.ibk5.gbi1	003d000000687474..003f000000687474	0207000000636572..020800000070726f	0
511	https://danbri.github.io/londat/kgx/vocab#evidence	predicate-511.ibk5	18	3325	fe417018ac0842f0f9c30ac67ee57d3722daf3217c4fdf116ed4cb210a3d0fb0	predicate-511.ibk5.merkle	1	https://danbri.github.io/londat/kgx/graph/photos-cwlibrary.p00/9200b27affb8a9c6	predicate-511.ibk5.lgi2	predicate-511.ibk5.gbi1	003d000000687474..003f000000687474	0219000000746865..02ad000000746865	0
512	https://danbri.github.io/londat/kgx/vocab#facadeNote	predicate-512.ibk5	21	5041	08ad9d731dbf57e16cfc7da12b6a38f6401b1d2dcc44c670740fed912f385f34	predicate-512.ibk5.merkle	1	https://danbri.github.io/londat/kgx/graph/photos-cwlibrary.p00/9200b27affb8a9c6	predicate-512.ibk5.lgi2	predicate-512.ibk5.gbi1	003d000000687474..003f000000687474	021700000073616d..02c70000006d6169	0
513	https://danbri.github.io/londat/kgx/vocab#facadeNoteHow	predicate-513.ibk5	7	1473	b0117442218da503a3757afce55cee081dda30f891e7c2e5b4f487b8f43e44b8	predicate-513.ibk5.merkle	1	https://danbri.github.io/londat/kgx/graph/photos-cwlibrary.p00/9200b27affb8a9c6	predicate-513.ibk5.lgi2	predicate-513.ibk5.gbi1	003d000000687474..003f000000687474	02130000006a7564..02580000006a7564	0
514	https://danbri.github.io/londat/kgx/vocab#facadePatch	predicate-514.ibk5	5	1001	2a5342298128a4148a63bbb778608207d254a15c5e43e1ab2af32284336cf86c	predicate-514.ibk5.merkle	1	https://danbri.github.io/londat/kgx/graph/photos-cwlibrary.p00/9200b27affb8a9c6	predicate-514.ibk5.lgi2	predicate-514.ibk5.gbi1	003d000000687474..003f000000687474	0050000000687474..0055000000687474	0
515	https://danbri.github.io/londat/kgx/vocab#modelBaseMetresOD	predicate-515.ibk5	5	846	1541d0f69724fb97903e72671ca0e5cda74f82c7c1d17ad4b9553ea2c29d9dfa	predicate-515.ibk5.merkle	1	https://danbri.github.io/londat/kgx/graph/photos-cwlibrary.p00/9200b27affb8a9c6	predicate-515.ibk5.lgi2	predicate-515.ibk5.gbi1	003d000000687474..003f000000687474	0201000000352800..0203000000352e37	0
516	https://danbri.github.io/londat/kgx/vocab#modelBuilt	predicate-516.ibk5	6	772	bfd779402ef905fc55512669af7d0d45ea6e49abaef7e9c1c2505bb74d34340f	predicate-516.ibk5.merkle	1	https://danbri.github.io/londat/kgx/graph/photos-cwlibrary.p00/9200b27affb8a9c6	predicate-516.ibk5.lgi2	predicate-516.ibk5.gbi1	003d000000687474..003f000000687474	020a000000323032..020a000000323032	0
517	https://danbri.github.io/londat/kgx/vocab#modelHeightSource	predicate-517.ibk5	5	789	a385925e14ddc0078aa4f2173fde1ac9f0d3048893e0092e29fb16b21c7428fb	predicate-517.ibk5.merkle	1	https://danbri.github.io/londat/kgx/graph/photos-cwlibrary.p00/9200b27affb8a9c6	predicate-517.ibk5.lgi2	predicate-517.ibk5.gbi1	003d000000687474..003f000000687474	02050000006c6964..02320000006c6576	0
518	https://danbri.github.io/londat/kgx/vocab#modelIndex	predicate-518.ibk5	5	898	62a7301d7caa3d6287a6516cd47fe2d8e6372bce89c41540f2888ee5fedbe384	predicate-518.ibk5.merkle	1	https://danbri.github.io/londat/kgx/graph/photos-cwlibrary.p00/9200b27affb8a9c6	predicate-518.ibk5.lgi2	predicate-518.ibk5.gbi1	003d000000687474..003f000000687474	0203000000373639..0205000000333632	0
519	https://danbri.github.io/londat/kgx/vocab#modelTopMetresOD	predicate-519.ibk5	5	848	41e1ade22f7f06c8a8e624c92dd4f40544c5f514db5a5fe0c1993946fc589c18	predicate-519.ibk5.merkle	1	https://danbri.github.io/londat/kgx/graph/photos-cwlibrary.p00/9200b27affb8a9c6	predicate-519.ibk5.lgi2	predicate-519.ibk5.gbi1	003d000000687474..003f000000687474	0202000000323028..020400000038322e	0
520	https://danbri.github.io/londat/kgx/vocab#osmTag	predicate-520.ibk5	14	1458	85b71997bec6508f72f02cbe95aca55027f8fc10043ec4dde7faf12627d9b2a6	predicate-520.ibk5.merkle	1	https://danbri.github.io/londat/kgx/graph/photos-cwlibrary.p00/9200b27affb8a9c6	predicate-520.ibk5.lgi2	predicate-520.ibk5.gbi1	003d000000687474..003f000000687474	02110000006e616d..021d000000616464	0
521	https://danbri.github.io/londat/kgx/vocab#publishedNote	predicate-521.ibk5	1	537	17c185515f57877f01f898c4163f0f77486409b064032b218bcd1093b71e22c2	predicate-521.ibk5.merkle	1	https://danbri.github.io/londat/kgx/graph/photos-cwlibrary.p00/9200b27affb8a9c6	predicate-521.ibk5.lgi2	predicate-521.ibk5.gbi1	003f000000687474..003f000000687474	02ca00000033352d..02ca00000033352d	0
522	https://schema.org/name	predicate-522.ibk5	18	3308	8dd3a1d688ab46ced579871ab78ce6627d7ab1db98028806091ce935748f7030	predicate-522.ibk5.merkle	1	https://danbri.github.io/londat/kgx/graph/photos-cwlibrary.p00/9200b27affb8a9c6	predicate-522.ibk5.lgi2	predicate-522.ibk5.gbi1	003d000000687474..0047000000687474	020b000000616e20..025f000000627269	0
523	https://schema.org/sameAs	predicate-523.ibk5	12	1594	79316d99d2ee77d5b88530acd2989195d22e0cfccf8d18d75fdcfe64c85db276	predicate-523.ibk5.merkle	1	https://danbri.github.io/londat/kgx/graph/photos-cwlibrary.p00/9200b27affb8a9c6	predicate-523.ibk5.lgi2	predicate-523.ibk5.gbi1	003d000000687474..0047000000687474	0026000000687474..002f000000687474	0
524	https://danbri.github.io/londat/kgx/vocab#footprintNote	predicate-524.ibk5	2	744	6bd2b715531191a0f9c06cdcea1955188b530de6f95ac10fcfea9cafc933a5a7	predicate-524.ibk5.merkle	1	https://danbri.github.io/londat/kgx/graph/photos-cwlibrary.p00/9200b27affb8a9c6	predicate-524.ibk5.lgi2	predicate-524.ibk5.gbi1	003e000000687474..003e000000687474	025d0000006e6561..02b50000006c6f6e	0
525	https://danbri.github.io/londat/kgx/vocab#modelNote	predicate-525.ibk5	1	425	fc50364730964c0b213d6c4517bd0357bdf192c5428dde4865071de72b3f722b	predicate-525.ibk5.merkle	1	https://danbri.github.io/londat/kgx/graph/photos-cwlibrary.p00/9200b27affb8a9c6	predicate-525.ibk5.lgi2	predicate-525.ibk5.gbi1	003d000000687474..003d000000687474	02600000006e6f20..02600000006e6f20	0
526	https://danbri.github.io/londat/kgx/vocab#role	predicate-526.ibk5	15	2241	004c6c6ec6b7937dcd8cd06310a65c676563a99575226df367cae0c20be5ea09	predicate-526.ibk5.merkle	1	https://danbri.github.io/londat/kgx/graph/photos-cwlibrary.p00/9200b27affb8a9c6	predicate-526.ibk5.lgi2	predicate-526.ibk5.gbi1	0047000000687474..0047000000687474	0203000000736b79..023b000000626163	0
527	https://danbri.github.io/londat/kgx/vocab#thing	predicate-527.ibk5	8	1425	d350d989ba2f1d2552561594842e3d6c53cadc8f9c44564bd9852614a506f191	predicate-527.ibk5.merkle	1	https://danbri.github.io/londat/kgx/graph/photos-cwlibrary.p00/9200b27affb8a9c6	predicate-527.ibk5.lgi2	predicate-527.ibk5.gbi1	0047000000687474..0047000000687474	003d000000687474..003f000000687474	0
528	https://danbri.github.io/londat/kgx/vocab#cameraNote	predicate-528.ibk5	4	1055	07df04d682ec347e6eabb981968b2d8a58a5608149fe425e6ba1e89f6b9d1b6d	predicate-528.ibk5.merkle	1	https://danbri.github.io/londat/kgx/graph/photos-cwlibrary.p00/9200b27affb8a9c6	predicate-528.ibk5.lgi2	predicate-528.ibk5.gbi1	003d000000687474..003d000000687474	02370000006a7564..02710000006a7564	0
529	https://danbri.github.io/londat/kgx/vocab#depiction	predicate-529.ibk5	15	1898	ad6dc0a5c9028f09ecc252983e3fc6fc1115cd65a62eaa62efa25fecac4aac4b	predicate-529.ibk5.merkle	1	https://danbri.github.io/londat/kgx/graph/photos-cwlibrary.p00/9200b27affb8a9c6	predicate-529.ibk5.lgi2	predicate-529.ibk5.gbi1	003d000000687474..003d000000687474	0047000000687474..0047000000687474	0
530	https://danbri.github.io/londat/kgx/vocab#sha256	predicate-530.ibk5	4	987	5873109d9e7f601f6fa8342e350798709f6729462e42b3290bb8c3e2d83e530a	predicate-530.ibk5.merkle	1	https://danbri.github.io/londat/kgx/graph/photos-cwlibrary.p00/9200b27affb8a9c6	predicate-530.ibk5.lgi2	predicate-530.ibk5.gbi1	003d000000687474..003d000000687474	0240000000336166..0240000000666132	0
531	https://danbri.github.io/londat/kgx/vocab#timeNote	predicate-531.ibk5	4	659	2ca2ed6f8bd7f6478e0cde3dbdb676bb257576fb7aa93986ca619db90039af8c	predicate-531.ibk5.merkle	1	https://danbri.github.io/londat/kgx/graph/photos-cwlibrary.p00/9200b27affb8a9c6	predicate-531.ibk5.lgi2	predicate-531.ibk5.gbi1	003d000000687474..003d000000687474	024900000061626f..024900000061626f	0
532	https://schema.org/about	predicate-532.ibk5	8	1058	9b98dcedb04ced6340a32c04213ebe78785ee24b2f15e69eddcc37815ff02d6e	predicate-532.ibk5.merkle	1	https://danbri.github.io/londat/kgx/graph/photos-cwlibrary.p00/9200b27affb8a9c6	predicate-532.ibk5.lgi2	predicate-532.ibk5.gbi1	003d000000687474..003d000000687474	003d000000687474..003f000000687474	0
533	https://schema.org/contentUrl	predicate-533.ibk5	4	1015	53655d54e2f3b6cc4f50ad8a2beef0dadeb76d1c7edd2cafa67cb99e23f5c98e	predicate-533.ibk5.merkle	1	https://danbri.github.io/londat/kgx/graph/photos-cwlibrary.p00/9200b27affb8a9c6	predicate-533.ibk5.lgi2	predicate-533.ibk5.gbi1	003d000000687474..003d000000687474	0072000000687474..007c000000687474	0
534	https://schema.org/creator	predicate-534.ibk5	4	584	9a35778ce5908383018c5a5818d80c9904989039cbefea01e6b0b9b6dfbaaff6	predicate-534.ibk5.merkle	1	https://danbri.github.io/londat/kgx/graph/photos-cwlibrary.p00/9200b27affb8a9c6	predicate-534.ibk5.lgi2	predicate-534.ibk5.gbi1	003d000000687474..003d000000687474	021600000064616e..021600000064616e	0
535	https://schema.org/dateCreated	predicate-535.ibk5	4	574	0b6b422c6df509545ec359d744772ad6823bb3439961ef1b4b6aadd67abf914e	predicate-535.ibk5.merkle	1	https://danbri.github.io/londat/kgx/graph/photos-cwlibrary.p00/9200b27affb8a9c6	predicate-535.ibk5.lgi2	predicate-535.ibk5.gbi1	003d000000687474..003d000000687474	020a000000323032..020a000000323032	0
536	https://schema.org/height	predicate-536.ibk5	4	620	76fed15792f1174dd71cd704dc7b459436d3c0075dd1b9748fe6d41d403e769f	predicate-536.ibk5.merkle	1	https://danbri.github.io/londat/kgx/graph/photos-cwlibrary.p00/9200b27affb8a9c6	predicate-536.ibk5.lgi2	predicate-536.ibk5.gbi1	003d000000687474..003d000000687474	0204000000313933..0204000000323537	0
537	https://schema.org/license	predicate-537.ibk5	4	568	635e35bd491cb26489a182feec1c83c0d594cce056648a11297334b428153460	predicate-537.ibk5.merkle	1	https://danbri.github.io/londat/kgx/graph/photos-cwlibrary.p00/9200b27affb8a9c6	predicate-537.ibk5.lgi2	predicate-537.ibk5.gbi1	003d000000687474..003d000000687474	0032000000687474..0032000000687474	0
538	https://schema.org/width	predicate-538.ibk5	4	619	4bb043cc4effbb77efeb4e19f7cd1d6336fcf0eaf9d54c0ec335d58fdd9890db	predicate-538.ibk5.merkle	1	https://danbri.github.io/londat/kgx/graph/photos-cwlibrary.p00/9200b27affb8a9c6	predicate-538.ibk5.lgi2	predicate-538.ibk5.gbi1	003d000000687474..003d000000687474	0204000000313933..0204000000323537	0
539	http://purl.org/dc/terms/description	predicate-539.ibk5	288	81939	74245197af4553d9e085b681033456f6690b1367dd454d53298e8aeeb4313136	predicate-539.ibk5.merkle	1	https://danbri.github.io/londat/kgx/graph/pipeline.p00/efa39aab2f1e0b40	predicate-539.ibk5.lgi2	predicate-539.ibk5.gbi1	0057000000687474..005f000000687474	020101000072756e..02fc000000526561	0
540	http://www.w3.org/1999/02/22-rdf-syntax-ns#type	predicate-540.ibk5	639	44518	9a6903c3cb6ed3bdd6307432958780a21c05d39fb9f67d090b2cc7add01082ea	predicate-540.ibk5.merkle	1	https://danbri.github.io/londat/kgx/graph/pipeline.p00/efa39aab2f1e0b40	predicate-540.ibk5.lgi2	predicate-540.ibk5.gbi1	004f000000687474..005f000000687474	0020000000687474..0026000000687474	0
541	http://www.w3.org/2000/01/rdf-schema#label	predicate-541.ibk5	7	1417	c92f9c36b30fe677af142e2c0e19bedd3445ab451d529fb619a1ea34d35095c2	predicate-541.ibk5.merkle	1	https://danbri.github.io/londat/kgx/graph/pipeline.p00/efa39aab2f1e0b40	predicate-541.ibk5.lgi2	predicate-541.ibk5.gbi1	005e000000687474..005f000000687474	020800000066696e..0209000000666574	0
542	http://www.w3.org/ns/prov#used	predicate-542.ibk5	45	6934	6b6a6d2cd79c62c156e37122316f2eb7dc2905024bf23dedf1af0c3f4e51a663	predicate-542.ibk5.merkle	1	https://danbri.github.io/londat/kgx/graph/pipeline.p00/efa39aab2f1e0b40	predicate-542.ibk5.lgi2	predicate-542.ibk5.gbi1	005e000000687474..005f000000687474	004200000075726e..00ac000000687474	0
543	https://danbri.github.io/glitchcan-minigam/magpie/cwplans/data-register.json#vocab/after	predicate-543.ibk5	12	2123	9b880ba4bada8997daff4eecd8738c13acdcbbd9e335478928f9e7c007b6d797	predicate-543.ibk5.merkle	1	https://danbri.github.io/londat/kgx/graph/pipeline.p00/efa39aab2f1e0b40	predicate-543.ibk5.lgi2	predicate-543.ibk5.gbi1	005e000000687474..005f000000687474	005f000000687474..006c000000687474	0
544	https://danbri.github.io/glitchcan-minigam/magpie/cwplans/data-register.json#vocab/area	predicate-544.ibk5	7	1390	a6855e795f3de904e3c29554368b5599a7016dba1db110e99ec4516b97635883	predicate-544.ibk5.merkle	1	https://danbri.github.io/londat/kgx/graph/pipeline.p00/efa39aab2f1e0b40	predicate-544.ibk5.lgi2	predicate-544.ibk5.gbi1	005e000000687474..005f000000687474	0203000000637767..020a000000737472	0
545	https://danbri.github.io/glitchcan-minigam/magpie/cwplans/data-register.json#vocab/command	predicate-545.ibk5	7	1904	e644ed2ebb45dd3ad65af191c1741a3c3fee43beb7c5916bf36e4adad5997b6f	predicate-545.ibk5.merkle	1	https://danbri.github.io/londat/kgx/graph/pipeline.p00/efa39aab2f1e0b40	predicate-545.ibk5.lgi2	predicate-545.ibk5.gbi1	005e000000687474..005f000000687474	02260000006e6f64..02880000004e4f44	0
546	https://danbri.github.io/glitchcan-minigam/magpie/cwplans/data-register.json#vocab/deterministic	predicate-546.ibk5	7	1177	6e04b34315e3b788c2c52dd5ef333210db01774e8fd5507f53492293a26bc0c4	predicate-546.ibk5.merkle	1	https://danbri.github.io/londat/kgx/graph/pipeline.p00/efa39aab2f1e0b40	predicate-546.ibk5.lgi2	predicate-546.ibk5.gbi1	005e000000687474..005f000000687474	0204000000747275..020500000066616c	0
547	https://danbri.github.io/glitchcan-minigam/magpie/cwplans/data-register.json#vocab/kind	predicate-547.ibk5	7	1274	f849ade9c51a466860f3b5cb240252d86219d400b06fef8f40809bad5cea2583	predicate-547.ibk5.merkle	1	https://danbri.github.io/londat/kgx/graph/pipeline.p00/efa39aab2f1e0b40	predicate-547.ibk5.lgi2	predicate-547.ibk5.gbi1	005e000000687474..005f000000687474	0204000000636c69..0206000000646572	0
548	https://danbri.github.io/glitchcan-minigam/magpie/cwplans/data-register.json#vocab/network	predicate-548.ibk5	7	1171	8eb6f92526fb7da0c0836a56f7a65b486985cae58099332e7ac9f5e64f605379	predicate-548.ibk5.merkle	1	https://danbri.github.io/londat/kgx/graph/pipeline.p00/efa39aab2f1e0b40	predicate-548.ibk5.lgi2	predicate-548.ibk5.gbi1	005e000000687474..005f000000687474	0204000000747275..020500000066616c	0
549	https://danbri.github.io/glitchcan-minigam/magpie/cwplans/data-register.json#vocab/rule	predicate-549.ibk5	33	8350	6efcb3a0fd6965f661453fa3d2eec45cd1e6bcbbe3ad3154789241c5fb336179	predicate-549.ibk5.merkle	1	https://danbri.github.io/londat/kgx/graph/pipeline.p00/efa39aab2f1e0b40	predicate-549.ibk5.lgi2	predicate-549.ibk5.gbi1	005e000000687474..005f000000687474	0204010000506f73..02ea0000005a6f6e	0
550	https://danbri.github.io/glitchcan-minigam/magpie/cwplans/data-register.json#vocab/tool	predicate-550.ibk5	7	1769	5223c1c1a966801cabe2b510a90d036dce72feabf0d2fe7f9d5d860b1845b85f	predicate-550.ibk5.merkle	1	https://danbri.github.io/londat/kgx/graph/pipeline.p00/efa39aab2f1e0b40	predicate-550.ibk5.lgi2	predicate-550.ibk5.gbi1	005e000000687474..005f000000687474	0059000000687474..0072000000687474	0
551	http://www.w3.org/ns/prov#generated	predicate-551.ibk5	21	3264	7bbaa7cef1bf6d32cb70a0c57af9a93e9ccf0d336b5ffe04f85d237ef0afbc73	predicate-551.ibk5.merkle	1	https://danbri.github.io/londat/kgx/graph/pipeline.p00/efa39aab2f1e0b40	predicate-551.ibk5.lgi2	predicate-551.ibk5.gbi1	005e000000687474..005f000000687474	001f00000075726e..0071000000687474	0
552	https://danbri.github.io/glitchcan-minigam/magpie/cwplans/data-register.json#vocab/judgement	predicate-552.ibk5	3	1653	cb964347746105afaa3107e7468bfbb8bb67ed97440460f4ce541566ab68fe48	predicate-552.ibk5.merkle	1	https://danbri.github.io/londat/kgx/graph/pipeline.p00/efa39aab2f1e0b40	predicate-552.ibk5.lgi2	predicate-552.ibk5.gbi1	005e000000687474..005f000000687474	025a0200004f776e..02be000000546865	0
553	https://danbri.github.io/glitchcan-minigam/magpie/cwplans/data-register.json#vocab/fault	predicate-553.ibk5	4	710	fcf1bc66fda3c93c049f2596f8b3588ae62a237424d0686af791c79595ed3f1d	predicate-553.ibk5.merkle	1	https://danbri.github.io/londat/kgx/graph/pipeline.p00/efa39aab2f1e0b40	predicate-553.ibk5.lgi2	predicate-553.ibk5.gbi1	005e000000687474..005f000000687474	0203000000463134..0203000000463330	0
554	http://purl.org/dc/terms/license	predicate-554.ibk5	252	33627	92542b5a4cd3d9476ad6634d3fa67d8becab8750a47b826c9196f67878d99e1d	predicate-554.ibk5.merkle	1	https://danbri.github.io/londat/kgx/graph/pipeline.p00/efa39aab2f1e0b40	predicate-554.ibk5.lgi2	predicate-554.ibk5.gbi1	0057000000687474..005e000000687474	0207000000434330..02d6000000c2a920	0
555	http://purl.org/dc/terms/title	predicate-555.ibk5	316	86189	365786a7a995d69890851c45427375c658b704c9c2f71246935b7a5087cc2c3a	predicate-555.ibk5.merkle	1	https://danbri.github.io/londat/kgx/graph/pipeline.p00/efa39aab2f1e0b40	predicate-555.ibk5.lgi2	predicate-555.ibk5.gbi1	004f000000687474..005e000000687474	0204010000636f64..02ee000000636f64	0
556	http://www.w3.org/ns/dcat#accessURL	predicate-556.ibk5	255	57728	1622ca2caae45e84ad1884fcce78eb49b84455ae431968e3ebe42c081d06d39f	predicate-556.ibk5.merkle	1	https://danbri.github.io/londat/kgx/graph/pipeline.p00/efa39aab2f1e0b40	predicate-556.ibk5.lgi2	predicate-556.ibk5.gbi1	0057000000687474..005e000000687474	021500000074776f..02ad000000687474	0
557	http://www.w3.org/ns/dcat#landingPage	predicate-557.ibk5	240	58978	2ce7715d9e68f3485e812d71abd76972c5309a1369c56396f84fee6c164663f3	predicate-557.ibk5.merkle	1	https://danbri.github.io/londat/kgx/graph/pipeline.p00/efa39aab2f1e0b40	predicate-557.ibk5.lgi2	predicate-557.ibk5.gbi1	0057000000687474..005e000000687474	0217000000687474..0277000000687474	0
558	https://danbri.github.io/glitchcan-minigam/magpie/cwplans/data-register.json#vocab/attribution	predicate-558.ibk5	228	38383	367d328531c8f85c833b88a6b214decbc27a611d5156818ece5ee65e3062a7ac	predicate-558.ibk5.merkle	1	https://danbri.github.io/londat/kgx/graph/pipeline.p00/efa39aab2f1e0b40	predicate-558.ibk5.lgi2	predicate-558.ibk5.gbi1	0057000000687474..005e000000687474	0215000000536f75..02eb000000436f6e	0
559	https://danbri.github.io/glitchcan-minigam/magpie/cwplans/data-register.json#vocab/pathPattern	predicate-559.ibk5	46	7520	bc4e1768b4721e01817628dcd17074b7ffac2e892be7e8b05b0efd7f8c550977	predicate-559.ibk5.merkle	1	https://danbri.github.io/londat/kgx/graph/pipeline.p00/efa39aab2f1e0b40	predicate-559.ibk5.lgi2	predicate-559.ibk5.gbi1	003f000000687474..003f000000687474	02080000003c696e..027f000000646174	0
560	https://danbri.github.io/londat/kgx/vocab#contentAtBuild	predicate-560.ibk5	104	24762	0821cd7c274e15455167d9f4445e05346935642a6de4c7e7560d8b2c03f86f08	predicate-560.ibk5.merkle	1	https://danbri.github.io/londat/kgx/graph/pipeline.p00/efa39aab2f1e0b40	predicate-560.ibk5.lgi2	predicate-560.ibk5.gbi1	004f000000687474..005e000000687474	0074000000687474..0074000000687474	0
561	http://www.w3.org/ns/prov#wasDerivedFrom	predicate-561.ibk5	359	36333	6a1662109700be20a3856dfe3398efaf64ad22f599bcf7ec0bc60b1f502a6dec	predicate-561.ibk5.merkle	1	https://danbri.github.io/londat/kgx/graph/pipeline.p00/efa39aab2f1e0b40	predicate-561.ibk5.lgi2	predicate-561.ibk5.gbi1	004f000000687474..005e000000687474	0057000000687474..009b000000687474	0
562	http://www.w3.org/ns/prov#wasGeneratedBy	predicate-562.ibk5	35	6412	e3d0197e1f9395e026eafe1f6ff0273cbde7ff94501332cb1a9a456999294cd9	predicate-562.ibk5.merkle	1	https://danbri.github.io/londat/kgx/graph/pipeline.p00/efa39aab2f1e0b40	predicate-562.ibk5.lgi2	predicate-562.ibk5.gbi1	0051000000687474..005e000000687474	005e000000687474..006f000000687474	0
563	https://danbri.github.io/glitchcan-minigam/magpie/cwplans/data-register.json#vocab/osmUse	predicate-563.ibk5	64	7832	a8be58b762d98f0275c987a0db1d311b0218a4715099fc9f09879b0eaaf07aaa	predicate-563.ibk5.merkle	1	https://danbri.github.io/londat/kgx/graph/pipeline.p00/efa39aab2f1e0b40	predicate-563.ibk5.lgi2	predicate-563.ibk5.gbi1	004f000000687474..005e000000687474	0203000000696473..0207000000646572	0
564	https://danbri.github.io/glitchcan-minigam/magpie/cwplans/data-register.json#vocab/review	predicate-564.ibk5	9	3735	e6031db8eae8056cc94d5ec5302cc847cac6d85e6359c0c71ff37408d392ea62	predicate-564.ibk5.merkle	1	https://danbri.github.io/londat/kgx/graph/pipeline.p00/efa39aab2f1e0b40	predicate-564.ibk5.lgi2	predicate-564.ibk5.gbi1	0058000000687474..005e000000687474	0217000000617320..02df010000414953	0
565	http://purl.org/dc/terms/description	predicate-565.ibk5	133	47123	d52afb803ba03d9bde53005e9ea489524c86d10c1e04830a9d4ca3eba557c381	predicate-565.ibk5.merkle	1	https://danbri.github.io/londat/kgx/graph/pipeline.p01/668b2a4aa280579a	predicate-565.ibk5.lgi2	predicate-565.ibk5.gbi1	005f000000687474..0065000000687474	0200010000446f77..02fe0000004c6f61	0
566	http://www.w3.org/1999/02/22-rdf-syntax-ns#type	predicate-566.ibk5	327	27337	688c140312f6848a1d0e664540d84b30f6f05f48e68ad84072b28702d626353b	predicate-566.ibk5.merkle	1	https://danbri.github.io/londat/kgx/graph/pipeline.p01/668b2a4aa280579a	predicate-566.ibk5.lgi2	predicate-566.ibk5.gbi1	005f000000687474..0065000000687474	0020000000687474..0026000000687474	0
567	http://www.w3.org/2000/01/rdf-schema#label	predicate-567.ibk5	71	13596	2a873e4c7d291edc9987bb7273390f110dcf9ca8729a9058c2835100ff04e260	predicate-567.ibk5.merkle	1	https://danbri.github.io/londat/kgx/graph/pipeline.p01/668b2a4aa280579a	predicate-567.ibk5.lgi2	predicate-567.ibk5.gbi1	005f000000687474..0065000000687474	0209000000666574..02480000004f7065	0
568	http://www.w3.org/ns/prov#generated	predicate-568.ibk5	341	53492	c93eb2767b0db8bb1c5186ece3959d2217754b827b4075535779d0073a90c0f4	predicate-568.ibk5.merkle	1	https://danbri.github.io/londat/kgx/graph/pipeline.p01/668b2a4aa280579a	predicate-568.ibk5.lgi2	predicate-568.ibk5.gbi1	005f000000687474..0065000000687474	002100000075726e..00e2000000687474	0
569	http://www.w3.org/ns/prov#used	predicate-569.ibk5	501	57199	cf775172d58bee474eac7098929929f713d78207e3bb11a9834ffcea2cb0b282	predicate-569.ibk5.merkle	1	https://danbri.github.io/londat/kgx/graph/pipeline.p01/668b2a4aa280579a	predicate-569.ibk5.lgi2	predicate-569.ibk5.gbi1	005f000000687474..0065000000687474	002100000075726e..009b000000687474	0
570	https://danbri.github.io/glitchcan-minigam/magpie/cwplans/data-register.json#vocab/after	predicate-570.ibk5	121	11254	45ae6370eecf5a9e0c32b44fac528a2ae4506acf8b35b0554b47bce800db2e11	predicate-570.ibk5.merkle	1	https://danbri.github.io/londat/kgx/graph/pipeline.p01/668b2a4aa280579a	predicate-570.ibk5.lgi2	predicate-570.ibk5.gbi1	005f000000687474..0065000000687474	005e000000687474..006e000000687474	0
571	https://danbri.github.io/glitchcan-minigam/magpie/cwplans/data-register.json#vocab/area	predicate-571.ibk5	71	10163	91513727ec04753df607c4a35a555be4b3b5da0c4293a901f516ef1139764dc4	predicate-571.ibk5.merkle	1	https://danbri.github.io/londat/kgx/graph/pipeline.p01/668b2a4aa280579a	predicate-571.ibk5.lgi2	predicate-571.ibk5.gbi1	005f000000687474..0065000000687474	0203000000736b79..020b000000756e64	0
572	https://danbri.github.io/glitchcan-minigam/magpie/cwplans/data-register.json#vocab/command	predicate-572.ibk5	64	16689	2fd083366a2c30325ba9a22ec57fe6c199fe6d833a47fc6149cf987e7568f01d	predicate-572.ibk5.merkle	1	https://danbri.github.io/londat/kgx/graph/pipeline.p01/668b2a4aa280579a	predicate-572.ibk5.lgi2	predicate-572.ibk5.gbi1	005f000000687474..0065000000687474	0226000000626173..02e40000004e4f44	0
573	https://danbri.github.io/glitchcan-minigam/magpie/cwplans/data-register.json#vocab/deterministic	predicate-573.ibk5	64	8234	b3c379e0fe41d367fac0f5ef6d34583af83952dd62fc02ea4d8b03ddb633293c	predicate-573.ibk5.merkle	1	https://danbri.github.io/londat/kgx/graph/pipeline.p01/668b2a4aa280579a	predicate-573.ibk5.lgi2	predicate-573.ibk5.gbi1	005f000000687474..0065000000687474	0204000000747275..020500000066616c	0
574	https://danbri.github.io/glitchcan-minigam/magpie/cwplans/data-register.json#vocab/fault	predicate-574.ibk5	59	4873	105fb18e7203584acd05b211f006c7479a1be1457ffdaa7824a71313c38dfc6a	predicate-574.ibk5.merkle	1	https://danbri.github.io/londat/kgx/graph/pipeline.p01/668b2a4aa280579a	predicate-574.ibk5.lgi2	predicate-574.ibk5.gbi1	0060000000687474..0065000000687474	0202000000463127..0203000000463435	0
575	https://danbri.github.io/glitchcan-minigam/magpie/cwplans/data-register.json#vocab/judgement	predicate-575.ibk5	24	9404	ccde828c7f9e169d691f461e8629b9e6158a6d87f3270bdddfd912e04ab74e39	predicate-575.ibk5.merkle	1	https://danbri.github.io/londat/kgx/graph/pipeline.p01/668b2a4aa280579a	predicate-575.ibk5.lgi2	predicate-575.ibk5.gbi1	005f000000687474..0065000000687474	0216010000536f75..02c7000000546865	0
576	https://danbri.github.io/glitchcan-minigam/magpie/cwplans/data-register.json#vocab/kind	predicate-576.ibk5	71	9641	420abde36206296d2592006da033856fcb8d51b59d20f0a3fa2e1bc350414dc0	predicate-576.ibk5.merkle	1	https://danbri.github.io/londat/kgx/graph/pipeline.p01/668b2a4aa280579a	predicate-576.ibk5.lgi2	predicate-576.ibk5.gbi1	005f000000687474..0065000000687474	0204000000636c69..0209000000747261	0
577	https://danbri.github.io/glitchcan-minigam/magpie/cwplans/data-register.json#vocab/network	predicate-577.ibk5	64	8228	f2407b360b869b6a306cbeb1a13d8e4c9c006c0dcba632adb2f5708115c7e665	predicate-577.ibk5.merkle	1	https://danbri.github.io/londat/kgx/graph/pipeline.p01/668b2a4aa280579a	predicate-577.ibk5.lgi2	predicate-577.ibk5.gbi1	005f000000687474..0065000000687474	0204000000747275..020500000066616c	0
578	https://danbri.github.io/glitchcan-minigam/magpie/cwplans/data-register.json#vocab/rule	predicate-578.ibk5	355	90617	59785708855cd7c2a2c539e4cd6fb18595185615d05fc291da9e49494d5fb221	predicate-578.ibk5.merkle	1	https://danbri.github.io/londat/kgx/graph/pipeline.p01/668b2a4aa280579a	predicate-578.ibk5.lgi2	predicate-578.ibk5.gbi1	005f000000687474..0065000000687474	0201010000436f6e..02fd010000546964	0
579	https://danbri.github.io/glitchcan-minigam/magpie/cwplans/data-register.json#vocab/tool	predicate-579.ibk5	64	14243	76e020c95208593bdd008a024108fa3bc4b5e451411248ec97885ba762f52e21	predicate-579.ibk5.merkle	1	https://danbri.github.io/londat/kgx/graph/pipeline.p01/668b2a4aa280579a	predicate-579.ibk5.lgi2	predicate-579.ibk5.gbi1	005f000000687474..0065000000687474	0059000000687474..0078000000687474	0
580	https://danbri.github.io/glitchcan-minigam/magpie/cwplans/data-register.json#vocab/by	predicate-580.ibk5	7	1629	e86999699e60d82c26d00f1b9c80199ed1968bce8ebfabd2bc7ac00c626a4f40	predicate-580.ibk5.merkle	1	https://danbri.github.io/londat/kgx/graph/pipeline.p01/668b2a4aa280579a	predicate-580.ibk5.lgi2	predicate-580.ibk5.gbi1	0061000000687474..0065000000687474	020400000068616e..026500000068616e	0
581	https://danbri.github.io/glitchcan-minigam/magpie/cwplans/data-register.json#vocab/date	predicate-581.ibk5	7	1334	cae8c1eae0a64559eeecf0ed96a4ee635e1a30e441cd6b9a608b572263f3c69b	predicate-581.ibk5.merkle	1	https://danbri.github.io/londat/kgx/graph/pipeline.p01/668b2a4aa280579a	predicate-581.ibk5.lgi2	predicate-581.ibk5.gbi1	0061000000687474..0065000000687474	020a000000323032..020d000000323032	0
582	https://danbri.github.io/glitchcan-minigam/magpie/cwplans/data-register.json#vocab/decisionsRecordedIn	predicate-582.ibk5	11	2088	20ea5848afb3086a85667e563a4c3c796c60751d4437759e8f03ec3c9b397ac5	predicate-582.ibk5.merkle	1	https://danbri.github.io/londat/kgx/graph/pipeline.p01/668b2a4aa280579a	predicate-582.ibk5.lgi2	predicate-582.ibk5.gbi1	0061000000687474..0065000000687474	0212000000646f63..024a000000666565	0
583	https://danbri.github.io/glitchcan-minigam/magpie/cwplans/data-register.json#vocab/gap	predicate-583.ibk5	3	1044	5fd0e9b66c5282950912281db86adcf802eca89a283d90b767878f8ffbacc176	predicate-583.ibk5.merkle	1	https://danbri.github.io/londat/kgx/graph/pipeline.p01/668b2a4aa280579a	predicate-583.ibk5.lgi2	predicate-583.ibk5.gbi1	0061000000687474..0065000000687474	0241000000546865..028b000000546865	0
584	http://purl.org/dc/terms/license	predicate-584.ibk5	58	14191	0098519b23b148dd4985874d852ca3506ac7bc28e6e904b6d57dcbe00c19da8e	predicate-584.ibk5.merkle	1	https://danbri.github.io/londat/kgx/graph/pipeline.p01/668b2a4aa280579a	predicate-584.ibk5.lgi2	predicate-584.ibk5.gbi1	005f000000687474..0064000000687474	0207000000434330..02ff000000736974	0
585	http://purl.org/dc/terms/title	predicate-585.ibk5	128	38379	7abb69d83ee512e0552626ea22b1b474854324677682cab158b17a592940bf1e	predicate-585.ibk5.merkle	1	https://danbri.github.io/londat/kgx/graph/pipeline.p01/668b2a4aa280579a	predicate-585.ibk5.lgi2	predicate-585.ibk5.gbi1	005f000000687474..0064000000687474	0208010000746965..02f600000038312c	0
586	http://www.w3.org/ns/dcat#accessURL	predicate-586.ibk5	61	13553	b6190287eb20b0023adef8fc83b3711cfc28bb5ebd5d3775332f0a5da536a797	predicate-586.ibk5.merkle	1	https://danbri.github.io/londat/kgx/graph/pipeline.p01/668b2a4aa280579a	predicate-586.ibk5.lgi2	predicate-586.ibk5.gbi1	005f000000687474..0064000000687474	021f000000687474..02f0000000687474	0
587	http://www.w3.org/ns/dcat#landingPage	predicate-587.ibk5	43	9660	d7a1c5bb721c7e33ec2c280a43f1c4db7e53b15d3f5c2ab70cd8d284f8f12fdb	predicate-587.ibk5.merkle	1	https://danbri.github.io/londat/kgx/graph/pipeline.p01/668b2a4aa280579a	predicate-587.ibk5.lgi2	predicate-587.ibk5.gbi1	005f000000687474..0064000000687474	0215000000687474..026e000000687474	0
588	https://danbri.github.io/glitchcan-minigam/magpie/cwplans/data-register.json#vocab/attribution	predicate-588.ibk5	23	6039	863064a7ffb6b618c9b62c0df654dbdea7f353040be921d40eb6e71d972d3bcc	predicate-588.ibk5.merkle	1	https://danbri.github.io/londat/kgx/graph/pipeline.p01/668b2a4aa280579a	predicate-588.ibk5.lgi2	predicate-588.ibk5.gbi1	005f000000687474..0064000000687474	0214000000536f75..02d3000000436f6e	0
589	http://www.w3.org/ns/prov#wasDerivedFrom	predicate-589.ibk5	134	16632	43cac583856b8a1546b6c951e812df167377f3812fd8cbe77e1842b2b3e61b11	predicate-589.ibk5.merkle	1	https://danbri.github.io/londat/kgx/graph/pipeline.p01/668b2a4aa280579a	predicate-589.ibk5.lgi2	predicate-589.ibk5.gbi1	005f000000687474..0064000000687474	0057000000687474..0073000000687474	0
590	http://www.w3.org/ns/prov#wasGeneratedBy	predicate-590.ibk5	49	8778	b68fe8ec0f707b4fb5cc6764c10fa404c57451584cfd963fcfb16162236cb755	predicate-590.ibk5.merkle	1	https://danbri.github.io/londat/kgx/graph/pipeline.p01/668b2a4aa280579a	predicate-590.ibk5.lgi2	predicate-590.ibk5.gbi1	005f000000687474..0064000000687474	005e000000687474..006c000000687474	0
591	https://danbri.github.io/glitchcan-minigam/magpie/cwplans/data-register.json#vocab/osmUse	predicate-591.ibk5	70	9056	910cb16785028f85a477d5d3c38791227942f426cb2ab0ddc336ca2033b05066	predicate-591.ibk5.merkle	1	https://danbri.github.io/londat/kgx/graph/pipeline.p01/668b2a4aa280579a	predicate-591.ibk5.lgi2	predicate-591.ibk5.gbi1	005f000000687474..0064000000687474	0203000000696473..0207000000646572	0
592	https://danbri.github.io/glitchcan-minigam/magpie/cwplans/data-register.json#vocab/review	predicate-592.ibk5	8	2848	33aa60b8aab5e48ac0c190d59951f04bbd3ab9c38bb34b31a281aa95ca97ae7c	predicate-592.ibk5.merkle	1	https://danbri.github.io/londat/kgx/graph/pipeline.p01/668b2a4aa280579a	predicate-592.ibk5.lgi2	predicate-592.ibk5.gbi1	005f000000687474..0064000000687474	025400000071756f..02df010000414953	0
593	https://danbri.github.io/londat/kgx/vocab#contentAtBuild	predicate-593.ibk5	82	20128	50b33785aa9546b96e284ee36c0cbf033ecc5f79692e0bd45fb8a2d66614e9df	predicate-593.ibk5.merkle	1	https://danbri.github.io/londat/kgx/graph/pipeline.p01/668b2a4aa280579a	predicate-593.ibk5.lgi2	predicate-593.ibk5.gbi1	005f000000687474..0064000000687474	0074000000687474..0074000000687474	0
594	http://purl.org/dc/terms/description	predicate-594.ibk5	133	41907	346addf509a69b7c812383e0b7556f8e7f7450f8532b585a974f699e051e40ae	predicate-594.ibk5.merkle	1	https://danbri.github.io/londat/kgx/graph/pipeline.p02/01e545ce067adb5e	predicate-594.ibk5.lgi2	predicate-594.ibk5.gbi1	0065000000687474..0070000000687474	020800000048544d..02f8010000526561	0
595	http://www.w3.org/1999/02/22-rdf-syntax-ns#type	predicate-595.ibk5	432	35821	3f7f53e35772b9b6ca98f6bf043692baff93892c4421d92608dff08fc3c05b94	predicate-595.ibk5.merkle	1	https://danbri.github.io/londat/kgx/graph/pipeline.p02/01e545ce067adb5e	predicate-595.ibk5.lgi2	predicate-595.ibk5.gbi1	0065000000687474..0070000000687474	0020000000687474..0026000000687474	0
596	http://www.w3.org/2000/01/rdf-schema#label	predicate-596.ibk5	50	10325	31717d38d695dae1f6cf2aa9d172bc373cedc479d93d64db56a6bdf07d28da7d	predicate-596.ibk5.merkle	1	https://danbri.github.io/londat/kgx/graph/pipeline.p02/01e545ce067adb5e	predicate-596.ibk5.lgi2	predicate-596.ibk5.gbi1	0065000000687474..0070000000687474	020f000000706f73..023e00000043726f	0
597	http://www.w3.org/ns/prov#used	predicate-597.ibk5	380	45758	af59b5736173d98edf57309711dacca179078e0b8f5809a83149396093c3f6c2	predicate-597.ibk5.merkle	1	https://danbri.github.io/londat/kgx/graph/pipeline.p02/01e545ce067adb5e	predicate-597.ibk5.lgi2	predicate-597.ibk5.gbi1	0065000000687474..0070000000687474	002600000075726e..008d000000687474	0
598	https://danbri.github.io/glitchcan-minigam/magpie/cwplans/data-register.json#vocab/after	predicate-598.ibk5	36	5766	58fefee29448cfd4ef4887369d901c022de3825ee126d13829f2e3b6e4ce1f6a	predicate-598.ibk5.merkle	1	https://danbri.github.io/londat/kgx/graph/pipeline.p02/01e545ce067adb5e	predicate-598.ibk5.lgi2	predicate-598.ibk5.gbi1	0065000000687474..006f000000687474	0060000000687474..006d000000687474	0
599	https://danbri.github.io/glitchcan-minigam/magpie/cwplans/data-register.json#vocab/area	predicate-599.ibk5	50	7745	114726ae2db344aac967e8458a36fe2d4db3223f67817b7b7b32194486742f05	predicate-599.ibk5.merkle	1	https://danbri.github.io/londat/kgx/graph/pipeline.p02/01e545ce067adb5e	predicate-599.ibk5.lgi2	predicate-599.ibk5.gbi1	0065000000687474..0070000000687474	0203000000736b79..020c000000636f6e	0
600	https://danbri.github.io/glitchcan-minigam/magpie/cwplans/data-register.json#vocab/command	predicate-600.ibk5	42	11426	797e48511a102006e8c7d27c805c1039380e6122f96cef83c2fa481aebfd791a	predicate-600.ibk5.merkle	1	https://danbri.github.io/londat/kgx/graph/pipeline.p02/01e545ce067adb5e	predicate-600.ibk5.lgi2	predicate-600.ibk5.gbi1	0065000000687474..0070000000687474	020a0200004e4f44..02de0000006e6f64	0
601	https://danbri.github.io/glitchcan-minigam/magpie/cwplans/data-register.json#vocab/deterministic	predicate-601.ibk5	42	5806	d1a7bc6797b0fd5cf862cb7713794921191f2f388654cd23a2ab599dcd0b570c	predicate-601.ibk5.merkle	1	https://danbri.github.io/londat/kgx/graph/pipeline.p02/01e545ce067adb5e	predicate-601.ibk5.lgi2	predicate-601.ibk5.gbi1	0065000000687474..0070000000687474	0204000000747275..020500000066616c	0
602	https://danbri.github.io/glitchcan-minigam/magpie/cwplans/data-register.json#vocab/kind	predicate-602.ibk5	50	7210	d1878bbe3d6cbdca5f2d41d7e3e87fc4cdc963d8f73983cba69f768218d80345	predicate-602.ibk5.merkle	1	https://danbri.github.io/londat/kgx/graph/pipeline.p02/01e545ce067adb5e	predicate-602.ibk5.lgi2	predicate-602.ibk5.gbi1	0065000000687474..0070000000687474	0204000000636c69..0206000000657870	0
603	https://danbri.github.io/glitchcan-minigam/magpie/cwplans/data-register.json#vocab/network	predicate-603.ibk5	42	5800	2da2de9e3170cc939c71b0b501eb2c071c25a7fe1d7e0ab708d20a4c9bc457a1	predicate-603.ibk5.merkle	1	https://danbri.github.io/londat/kgx/graph/pipeline.p02/01e545ce067adb5e	predicate-603.ibk5.lgi2	predicate-603.ibk5.gbi1	0065000000687474..0070000000687474	0204000000747275..020500000066616c	0
604	https://danbri.github.io/glitchcan-minigam/magpie/cwplans/data-register.json#vocab/rule	predicate-604.ibk5	265	69643	cdcfcd7a58e36750adeac742a730959ffee5b2ea6961b72d90a2f341990a48b4	predicate-604.ibk5.merkle	1	https://danbri.github.io/londat/kgx/graph/pipeline.p02/01e545ce067adb5e	predicate-604.ibk5.lgi2	predicate-604.ibk5.gbi1	0065000000687474..0070000000687474	0203010000656475..02fb020000417265	0
605	https://danbri.github.io/glitchcan-minigam/magpie/cwplans/data-register.json#vocab/tool	predicate-605.ibk5	42	9178	f91c20af63216ae8858177632b039baac0370535cf208fed1f56b69b4c36a927	predicate-605.ibk5.merkle	1	https://danbri.github.io/londat/kgx/graph/pipeline.p02/01e545ce067adb5e	predicate-605.ibk5.lgi2	predicate-605.ibk5.gbi1	0065000000687474..0070000000687474	005a000000687474..007c000000687474	0
606	http://www.w3.org/ns/prov#generated	predicate-606.ibk5	328	61791	1aff92285ba694701b5ddbb40cfd7ba7262f52974522adfccc08813d0f343b82	predicate-606.ibk5.merkle	1	https://danbri.github.io/londat/kgx/graph/pipeline.p02/01e545ce067adb5e	predicate-606.ibk5.lgi2	predicate-606.ibk5.gbi1	0065000000687474..0070000000687474	002800000075726e..00cd000000687474	0
607	https://danbri.github.io/glitchcan-minigam/magpie/cwplans/data-register.json#vocab/fault	predicate-607.ibk5	24	2450	e2fef85dec0fdb2f60eab94420b61a87aaf0ddae9ce0f5c054dd309f3c734ed8	predicate-607.ibk5.merkle	1	https://danbri.github.io/londat/kgx/graph/pipeline.p02/01e545ce067adb5e	predicate-607.ibk5.lgi2	predicate-607.ibk5.gbi1	0065000000687474..006e000000687474	0202000000463227..0203000000463431	0
608	https://danbri.github.io/glitchcan-minigam/magpie/cwplans/data-register.json#vocab/judgement	predicate-608.ibk5	12	5118	76d14e1ea2addf0ec36c80de037fc779ab699f6ee432f293f49907062e29f0e2	predicate-608.ibk5.merkle	1	https://danbri.github.io/londat/kgx/graph/pipeline.p02/01e545ce067adb5e	predicate-608.ibk5.lgi2	predicate-608.ibk5.gbi1	0065000000687474..006e000000687474	0226010000546865..02cd010000546865	0
609	https://danbri.github.io/glitchcan-minigam/magpie/cwplans/data-register.json#vocab/by	predicate-609.ibk5	8	1617	58198f97f9cba6eaf346507993424abd34ad266e928c47d8c32fbf8cbcb37f30	predicate-609.ibk5.merkle	1	https://danbri.github.io/londat/kgx/graph/pipeline.p02/01e545ce067adb5e	predicate-609.ibk5.lgi2	predicate-609.ibk5.gbi1	0066000000687474..006e000000687474	020400000068616e..022d00000068616e	0
610	https://danbri.github.io/glitchcan-minigam/magpie/cwplans/data-register.json#vocab/date	predicate-610.ibk5	8	1498	b175a14662087efc35e69bc39c38735b60d79972634807fa0ea989a082e8cfa7	predicate-610.ibk5.merkle	1	https://danbri.github.io/londat/kgx/graph/pipeline.p02/01e545ce067adb5e	predicate-610.ibk5.lgi2	predicate-610.ibk5.gbi1	0066000000687474..006e000000687474	020a000000323032..020d000000323032	0
611	https://danbri.github.io/glitchcan-minigam/magpie/cwplans/data-register.json#vocab/decisionsRecordedIn	predicate-611.ibk5	15	2663	cc0cd26425889d30a60b8074df10ed278e23c413daad1c4962eceae949bf433e	predicate-611.ibk5.merkle	1	https://danbri.github.io/londat/kgx/graph/pipeline.p02/01e545ce067adb5e	predicate-611.ibk5.lgi2	predicate-611.ibk5.gbi1	0066000000687474..006e000000687474	020d000000706970..0255000000726567	0
612	https://danbri.github.io/glitchcan-minigam/magpie/cwplans/data-register.json#vocab/gap	predicate-612.ibk5	3	1080	5b35b05e72afc84e47d44cfe0fa37db1df3448a5636a8ab27bc39fe9079f4a5f	predicate-612.ibk5.merkle	1	https://danbri.github.io/londat/kgx/graph/pipeline.p02/01e545ce067adb5e	predicate-612.ibk5.lgi2	predicate-612.ibk5.gbi1	0069000000687474..006e000000687474	023e000000546865..02ae000000546865	0
613	http://purl.org/dc/terms/license	predicate-613.ibk5	87	14826	8aee56077d79756c250d75b4ac46d37bbb643e3be04b85a2b0bf4ccf649e8c99	predicate-613.ibk5.merkle	1	https://danbri.github.io/londat/kgx/graph/pipeline.p02/01e545ce067adb5e	predicate-613.ibk5.lgi2	predicate-613.ibk5.gbi1	0065000000687474..0070000000687474	02080000004f474c..02cf000000706572	0
614	http://purl.org/dc/terms/title	predicate-614.ibk5	191	56671	b10d684f184f1a8e68d8e5a2c6fb37bceed5aa0f268c3306c0c4da61a58be3af	predicate-614.ibk5.merkle	1	https://danbri.github.io/londat/kgx/graph/pipeline.p02/01e545ce067adb5e	predicate-614.ibk5.lgi2	predicate-614.ibk5.gbi1	0065000000687474..0070000000687474	0207010000393435..02fa00000068616e	0
615	http://www.w3.org/ns/dcat#landingPage	predicate-615.ibk5	83	17787	5e94d2b3608c62f700d5cc99af295e0627477d9d658f4e2bbd8d75e5a1fe4834	predicate-615.ibk5.merkle	1	https://danbri.github.io/londat/kgx/graph/pipeline.p02/01e545ce067adb5e	predicate-615.ibk5.lgi2	predicate-615.ibk5.gbi1	0065000000687474..0070000000687474	0214000000687474..02c3000000687474	0
616	https://danbri.github.io/glitchcan-minigam/magpie/cwplans/data-register.json#vocab/attribution	predicate-616.ibk5	73	13568	a6996852d1c5d8990ed786deadc6894aac6fec8e63bd96cefee348fd322ded8f	predicate-616.ibk5.merkle	1	https://danbri.github.io/londat/kgx/graph/pipeline.p02/01e545ce067adb5e	predicate-616.ibk5.lgi2	predicate-616.ibk5.gbi1	0065000000687474..0070000000687474	021e000000436f6e..02af000000436f6e	0
617	http://www.w3.org/ns/dcat#accessURL	predicate-617.ibk5	82	20556	3fec1e4ec60602cf9688c47a5f11211a7d0abfd03d43a217d6b4a8160d21a9cb	predicate-617.ibk5.merkle	1	https://danbri.github.io/londat/kgx/graph/pipeline.p02/01e545ce067adb5e	predicate-617.ibk5.lgi2	predicate-617.ibk5.gbi1	0065000000687474..0070000000687474	020c010000687474..02f8000000687474	0
618	https://danbri.github.io/londat/kgx/vocab#contentAtBuild	predicate-618.ibk5	91	23120	67742a278236b21cb15db2c934fc082942070d2edccff5bb6de318c6a04166a5	predicate-618.ibk5.merkle	1	https://danbri.github.io/londat/kgx/graph/pipeline.p02/01e545ce067adb5e	predicate-618.ibk5.lgi2	predicate-618.ibk5.gbi1	0065000000687474..006f000000687474	0074000000687474..0074000000687474	0
619	http://www.w3.org/ns/prov#wasDerivedFrom	predicate-619.ibk5	237	25627	33637a8165aa41fa7bf146e27c14830375e52e452415d7221a09dd54067e20bd	predicate-619.ibk5.merkle	1	https://danbri.github.io/londat/kgx/graph/pipeline.p02/01e545ce067adb5e	predicate-619.ibk5.lgi2	predicate-619.ibk5.gbi1	0065000000687474..006f000000687474	0057000000687474..007a000000687474	0
620	http://www.w3.org/ns/prov#wasGeneratedBy	predicate-620.ibk5	82	15052	89e8f3821c6877b66301f75085125d88567646d016a007f6fb978fcd8d1ccca1	predicate-620.ibk5.merkle	1	https://danbri.github.io/londat/kgx/graph/pipeline.p02/01e545ce067adb5e	predicate-620.ibk5.lgi2	predicate-620.ibk5.gbi1	0065000000687474..006f000000687474	005e000000687474..0070000000687474	0
621	https://danbri.github.io/glitchcan-minigam/magpie/cwplans/data-register.json#vocab/osmUse	predicate-621.ibk5	104	14150	e1d941d9986e63e330e709bb70063bde60f335712839eb0102671422fd368ff7	predicate-621.ibk5.merkle	1	https://danbri.github.io/londat/kgx/graph/pipeline.p02/01e545ce067adb5e	predicate-621.ibk5.lgi2	predicate-621.ibk5.gbi1	0065000000687474..006f000000687474	0203000000696473..0207000000646572	0
622	https://danbri.github.io/glitchcan-minigam/magpie/cwplans/data-register.json#vocab/review	predicate-622.ibk5	14	3586	02f6a3cc37422c0c1bf249aeaf01ef4f3de3acbc8fed9f89d64bae747cf80565	predicate-622.ibk5.merkle	1	https://danbri.github.io/londat/kgx/graph/pipeline.p02/01e545ce067adb5e	predicate-622.ibk5.lgi2	predicate-622.ibk5.gbi1	0065000000687474..006f000000687474	023100000043656c..02c1000000504c44	0
623	http://purl.org/dc/terms/description	predicate-623.ibk5	88	20407	c6f9cd552196b4ce49300ba21de827b3631208933126020ec8c6b7a56e8de0a9	predicate-623.ibk5.merkle	1	https://danbri.github.io/londat/kgx/graph/pipeline.p03/4a525e5eef6086c2	predicate-623.ibk5.lgi2	predicate-623.ibk5.gbi1	0070000000687474..0090000000687474	02210000006e6f6d..0252000000656e76	0
624	http://purl.org/dc/terms/license	predicate-624.ibk5	88	12956	0ae464e128cc18b45931200de5a5ef95167e3dc1d036a9957fac91919da54a04	predicate-624.ibk5.merkle	1	https://danbri.github.io/londat/kgx/graph/pipeline.p03/4a525e5eef6086c2	predicate-624.ibk5.lgi2	predicate-624.ibk5.gbi1	0070000000687474..0090000000687474	021c0000004f7065..026c0000004f7065	0
625	http://purl.org/dc/terms/title	predicate-625.ibk5	315	101460	8cc9c6bb12b31edce2c2f9e324cebde1e8c3f0672cf50c1bc2d5ee7648d36935	predicate-625.ibk5.merkle	1	https://danbri.github.io/londat/kgx/graph/pipeline.p03/4a525e5eef6086c2	predicate-625.ibk5.lgi2	predicate-625.ibk5.gbi1	0070000000687474..0092000000687474	02010100004d6574..02f80000004c6f6e	0
626	http://www.w3.org/1999/02/22-rdf-syntax-ns#type	predicate-626.ibk5	630	54460	532f45ad03fe496cbab047f8651f6b65aaeed3af0182f041ff420967009e4587	predicate-626.ibk5.merkle	1	https://danbri.github.io/londat/kgx/graph/pipeline.p03/4a525e5eef6086c2	predicate-626.ibk5.lgi2	predicate-626.ibk5.gbi1	0070000000687474..0092000000687474	0020000000687474..0026000000687474	0
627	http://www.w3.org/ns/dcat#accessURL	predicate-627.ibk5	88	23496	5823c084f8bb13f1732d9a286ca553a0b7ec05913bac181ef8ce699a96265d49	predicate-627.ibk5.merkle	1	https://danbri.github.io/londat/kgx/graph/pipeline.p03/4a525e5eef6086c2	predicate-627.ibk5.lgi2	predicate-627.ibk5.gbi1	0070000000687474..0090000000687474	0233000000687474..02f8000000687474	0
628	http://www.w3.org/ns/dcat#landingPage	predicate-628.ibk5	88	18956	412f46c47fe05c17583422794dcaa8a39435ab9f5d3f56295f60dadf5acc0bc1	predicate-628.ibk5.merkle	1	https://danbri.github.io/londat/kgx/graph/pipeline.p03/4a525e5eef6086c2	predicate-628.ibk5.lgi2	predicate-628.ibk5.gbi1	0070000000687474..0090000000687474	0222000000687474..027a000000687474	0
629	https://danbri.github.io/glitchcan-minigam/magpie/cwplans/data-register.json#vocab/attribution	predicate-629.ibk5	88	14801	9f0582a7fa0ebf569a759accf83180ee9800532cc88c44cf6ad1b56dc4c7f98e	predicate-629.ibk5.merkle	1	https://danbri.github.io/londat/kgx/graph/pipeline.p03/4a525e5eef6086c2	predicate-629.ibk5.lgi2	predicate-629.ibk5.gbi1	0070000000687474..0090000000687474	022a000000c2a920..0293000000536f75	0
630	https://danbri.github.io/londat/kgx/vocab#bytes	predicate-630.ibk5	370	72706	a59e17675329f49aba0a9b2cc2e422f096b3f09d8b819996f1a632ce7191877b	predicate-630.ibk5.merkle	1	https://danbri.github.io/londat/kgx/graph/pipeline.p03/4a525e5eef6086c2	predicate-630.ibk5.lgi2	predicate-630.ibk5.gbi1	0074000000687474..0074000000687474	0203000000323436..0207000000363338	0
631	https://danbri.github.io/londat/kgx/vocab#sha256	predicate-631.ibk5	370	94179	1e68c26d45a906dd6ffb031cb3c19c49b5397e9b403e49ff5b0c181784c9b960	predicate-631.ibk5.merkle	1	https://danbri.github.io/londat/kgx/graph/pipeline.p03/4a525e5eef6086c2	predicate-631.ibk5.lgi2	predicate-631.ibk5.gbi1	0074000000687474..0074000000687474	0240000000303038..0240000000666665	0
632	http://www.w3.org/ns/prov#wasDerivedFrom	predicate-632.ibk5	317	56410	21faa66bbf9a7d0bb0a2b797264dfa862e03cd17acee4f469b130afeb6b4ee21	predicate-632.ibk5.merkle	1	https://danbri.github.io/londat/kgx/graph/pipeline.p03/4a525e5eef6086c2	predicate-632.ibk5.lgi2	predicate-632.ibk5.gbi1	0070000000687474..0092000000687474	0057000000687474..0072000000687474	0
633	https://danbri.github.io/glitchcan-minigam/magpie/cwplans/data-register.json#vocab/osmUse	predicate-633.ibk5	227	35885	444094fd98ad261ab679db469d0d3560a626fa3b9d95cfad19228e8e00c71524	predicate-633.ibk5.merkle	1	https://danbri.github.io/londat/kgx/graph/pipeline.p03/4a525e5eef6086c2	predicate-633.ibk5.lgi2	predicate-633.ibk5.gbi1	0070000000687474..0092000000687474	0203000000696473..0207000000646572	0
634	https://danbri.github.io/londat/kgx/vocab#contentAtBuild	predicate-634.ibk5	93	25117	6577d8a8ca981e086e0c8318b3c2b8ae6affcbc04cbf3b5e4a54ca253c5ae0f0	predicate-634.ibk5.merkle	1	https://danbri.github.io/londat/kgx/graph/pipeline.p03/4a525e5eef6086c2	predicate-634.ibk5.lgi2	predicate-634.ibk5.gbi1	0070000000687474..0091000000687474	0074000000687474..0074000000687474	0
635	http://www.w3.org/ns/prov#wasGeneratedBy	predicate-635.ibk5	199	35097	bc2d5b1622f46a33d73b638cd50befe02ce4aac1ad93b68dadc79986fa6d45ea	predicate-635.ibk5.merkle	1	https://danbri.github.io/londat/kgx/graph/pipeline.p03/4a525e5eef6086c2	predicate-635.ibk5.lgi2	predicate-635.ibk5.gbi1	0070000000687474..0092000000687474	005f000000687474..006e000000687474	0
636	https://danbri.github.io/glitchcan-minigam/magpie/cwplans/data-register.json#vocab/review	predicate-636.ibk5	40	8033	c836614ed24a3fdb6ae077e05f8d9a64c86b3e74849b796802529c98618ddcce	predicate-636.ibk5.merkle	1	https://danbri.github.io/londat/kgx/graph/pipeline.p03/4a525e5eef6086c2	predicate-636.ibk5.lgi2	predicate-636.ibk5.gbi1	0070000000687474..0091000000687474	024a000000666163..02ce000000666163	0
637	http://purl.org/dc/terms/description	predicate-637.ibk5	2	769	2cdb127c425369f438afe7cf07f8c3167552a227c46430168bfbcdfed3dc0acb	predicate-637.ibk5.merkle	1	https://danbri.github.io/londat/kgx/graph/pipeline.p04/25d39b5af09af590	predicate-637.ibk5.lgi2	predicate-637.ibk5.gbi1	0095000000687474..009b000000687474	0246000000646775..024c000000646775	0
638	http://purl.org/dc/terms/license	predicate-638.ibk5	2	598	fc16854c3a8ceecc937b71f49db84dabdfe59e5e027378a3d6356463cced39ab	predicate-638.ibk5.merkle	1	https://danbri.github.io/londat/kgx/graph/pipeline.p04/25d39b5af09af590	predicate-638.ibk5.lgi2	predicate-638.ibk5.gbi1	0095000000687474..009b000000687474	021c0000004f7065..021c0000004f7065	0
639	http://purl.org/dc/terms/title	predicate-639.ibk5	235	99272	df1c23c61421b47c06c65afc5d7c0003aa3ea3efe99929c3b47a438f7ae7f871	predicate-639.ibk5.merkle	1	https://danbri.github.io/londat/kgx/graph/pipeline.p04/25d39b5af09af590	predicate-639.ibk5.lgi2	predicate-639.ibk5.gbi1	0092000000687474..00e2000000687474	022601000063756c..02f3000000536368	0
640	http://www.w3.org/1999/02/22-rdf-syntax-ns#type	predicate-640.ibk5	470	51878	0712cdb55a0c7987f6b31b4dd8cb37a4f6553302acced6deb8f432f8eb1991e2	predicate-640.ibk5.merkle	1	https://danbri.github.io/londat/kgx/graph/pipeline.p04/25d39b5af09af590	predicate-640.ibk5.lgi2	predicate-640.ibk5.gbi1	0092000000687474..00e2000000687474	0020000000687474..0026000000687474	0
641	http://www.w3.org/ns/dcat#accessURL	predicate-641.ibk5	2	820	79a36e5bc7cbe6e9fd86028b9b859f8c7a599e7f236f5e445987f4af2d306516	predicate-641.ibk5.merkle	1	https://danbri.github.io/londat/kgx/graph/pipeline.p04/25d39b5af09af590	predicate-641.ibk5.lgi2	predicate-641.ibk5.gbi1	0095000000687474..009b000000687474	025a000000687474..026c000000687474	0
642	http://www.w3.org/ns/dcat#landingPage	predicate-642.ibk5	2	884	5a0586b61e6683dfa270b4a4a0ea2533b23993549181a128b07d4fee52cc0418	predicate-642.ibk5.merkle	1	https://danbri.github.io/londat/kgx/graph/pipeline.p04/25d39b5af09af590	predicate-642.ibk5.lgi2	predicate-642.ibk5.gbi1	0095000000687474..009b000000687474	027f000000687474..0285000000687474	0
643	https://danbri.github.io/glitchcan-minigam/magpie/cwplans/data-register.json#vocab/attribution	predicate-643.ibk5	2	735	2651365c6c9ea8f1e75c71a963d3f9753f3ad21bbdf2c5b2f1760510b24c52d7	predicate-643.ibk5.merkle	1	https://danbri.github.io/londat/kgx/graph/pipeline.p04/25d39b5af09af590	predicate-643.ibk5.lgi2	predicate-643.ibk5.gbi1	0095000000687474..009b000000687474	0267000000436f6e..0267000000436f6e	0
644	http://www.w3.org/ns/prov#wasDerivedFrom	predicate-644.ibk5	351	72977	6695f7ea32c6220d391c7395f18974733c0a98cfa7488fa1829972f1bf46334f	predicate-644.ibk5.merkle	1	https://danbri.github.io/londat/kgx/graph/pipeline.p04/25d39b5af09af590	predicate-644.ibk5.lgi2	predicate-644.ibk5.gbi1	0092000000687474..00e2000000687474	0057000000687474..009b000000687474	0
645	http://www.w3.org/ns/prov#wasGeneratedBy	predicate-645.ibk5	233	47123	605493334081da4a7b88fce7d609a99546bda746ee62d7d3ed9d3feca0664dfc	predicate-645.ibk5.merkle	1	https://danbri.github.io/londat/kgx/graph/pipeline.p04/25d39b5af09af590	predicate-645.ibk5.lgi2	predicate-645.ibk5.gbi1	0092000000687474..00e2000000687474	0061000000687474..006b000000687474	0
646	https://danbri.github.io/glitchcan-minigam/magpie/cwplans/data-register.json#vocab/osmUse	predicate-646.ibk5	233	46909	c37c95a5600000a055bdfc63f48bb37fb955ddfd2f82a7a17c9e4e305258724b	predicate-646.ibk5.merkle	1	https://danbri.github.io/londat/kgx/graph/pipeline.p04/25d39b5af09af590	predicate-646.ibk5.lgi2	predicate-646.ibk5.gbi1	0092000000687474..00e2000000687474	0203000000696473..0207000000646572	0
647	http://www.w3.org/1999/02/22-rdf-syntax-ns#type	predicate-647.ibk5	337	37416	7797cc0452084bb9d1fe2fd07b17e11c5e14f86f15ff9c608e8bfbd199da0ddb	predicate-647.ibk5.merkle	1	https://danbri.github.io/londat/kgx/graph/storeguide.p00/425e4873fa512f16	predicate-647.ibk5.lgi2	predicate-647.ibk5.gbi1	004a000000687474..005b000000687474	0034000000687474..0034000000687474	0
648	https://danbri.github.io/londat/kgx/vocab#gridRef	predicate-648.ibk5	369	43820	dfb940b8ceb6fa892fbd4d07e1e3925a3255ae84147fe2c864bcc6039de61164	predicate-648.ibk5.merkle	1	https://danbri.github.io/londat/kgx/graph/storeguide.p00/425e4873fa512f16	predicate-648.ibk5.lgi2	predicate-648.ibk5.gbi1	004a000000687474..005b000000687474	0202000000314727..0203000000323244	0
649	https://danbri.github.io/londat/kgx/vocab#guideGroup	predicate-649.ibk5	337	37544	da74e3c29a07be2eca2f94d96fb51063eb18493c2fbb133a3833a1f9088bc7d3	predicate-649.ibk5.merkle	1	https://danbri.github.io/londat/kgx/graph/storeguide.p00/425e4873fa512f16	predicate-649.ibk5.lgi2	predicate-649.ibk5.gbi1	004a000000687474..005b000000687474	0206000000657374..020e00000073686f	0
650	https://danbri.github.io/londat/kgx/vocab#guidePage	predicate-650.ibk5	337	37465	5179f07ffd0fddb1ad7794ffa1f5417d23272322e376dcde287af5d958c82c7a	predicate-650.ibk5.merkle	1	https://danbri.github.io/londat/kgx/graph/storeguide.p00/425e4873fa512f16	predicate-650.ibk5.lgi2	predicate-650.ibk5.gbi1	004a000000687474..005b000000687474	0201000000312800..0201000000322800	0
651	https://danbri.github.io/londat/kgx/vocab#guideSection	predicate-651.ibk5	337	37845	e39804c0389b167e9f5e2d30e559b33216340739166b1c7e14accba847135249	predicate-651.ibk5.merkle	1	https://danbri.github.io/londat/kgx/graph/storeguide.p00/425e4873fa512f16	predicate-651.ibk5.lgi2	predicate-651.ibk5.gbi1	004a000000687474..005b000000687474	020500000073686f..020f0000006f6666	0
652	https://danbri.github.io/londat/kgx/vocab#ocrConfidence	predicate-652.ibk5	337	38355	8da064a192dd89c754f9d1fd8b3c92993dcd2a8b5912398603758752ea4977e0	predicate-652.ibk5.merkle	1	https://danbri.github.io/londat/kgx/graph/storeguide.p00/425e4873fa512f16	predicate-652.ibk5.lgi2	predicate-652.ibk5.gbi1	004a000000687474..005b000000687474	0202000000363328..0202000000393628	0
653	https://danbri.github.io/londat/kgx/vocab#ocrText	predicate-653.ibk5	337	58546	19a8477da0cef0bee3470c0e92bc581f860723ecc3eba2b7ccda9bef2bf68003	predicate-653.ibk5.merkle	1	https://danbri.github.io/londat/kgx/graph/storeguide.p00/425e4873fa512f16	predicate-653.ibk5.lgi2	predicate-653.ibk5.gbi1	004a000000687474..005b000000687474	0203000000435747..0243000000436974	0
654	https://schema.org/name	predicate-654.ibk5	337	53886	73fd30b717115a974b5b05bd962088464ed05917ade17cb99fb5e716ffff336a	predicate-654.ibk5.merkle	1	https://danbri.github.io/londat/kgx/graph/storeguide.p00/425e4873fa512f16	predicate-654.ibk5.lgi2	predicate-654.ibk5.gbi1	004a000000687474..005b000000687474	0202000000425027..0212000000546865	0
655	https://schema.org/sameAs	predicate-655.ibk5	198	31184	b93f67b1604e860e2436475cb6b8aeb6442b7c18a9bcf9b5fa15c939113f048e	predicate-655.ibk5.merkle	1	https://danbri.github.io/londat/kgx/graph/storeguide.p00/425e4873fa512f16	predicate-655.ibk5.lgi2	predicate-655.ibk5.gbi1	004a000000687474..005b000000687474	0027000000687474..0044000000687474	0
656	http://www.w3.org/2000/01/rdf-schema#comment	predicate-656.ibk5	27	4212	cc53f078737ad581e8bd4e8f1b03d06ee48d2e68ede4449d34f7b50dd6a0b0ad	predicate-656.ibk5.merkle	1	https://danbri.github.io/londat/kgx/graph/storeguide.p00/425e4873fa512f16	predicate-656.ibk5.lgi2	predicate-656.ibk5.gbi1	0052000000687474..005b000000687474	02080000006b696f..02320000006c6576	0
657	https://danbri.github.io/londat/kgx/vocab#levelText	predicate-657.ibk5	2	463	aee8e08f163d8019bda76074fe2a9ef86bc59abcdbaca3fd2875e2bc332ba59a	predicate-657.ibk5.merkle	1	https://danbri.github.io/londat/kgx/graph/storeguide.p00/425e4873fa512f16	predicate-657.ibk5.lgi2	predicate-657.ibk5.gbi1	0055000000687474..0058000000687474	02020000002d3328..02020000002d3328	0
658	https://danbri.github.io/londat/kgx/vocab#buildingText	predicate-658.ibk5	45	7479	feeaba42eabf1dcc80a37bbfbf2f29a8d72ea7f29fd1a583998670da44b858a0	predicate-658.ibk5.merkle	1	https://danbri.github.io/londat/kgx/graph/storeguide.p00/425e4873fa512f16	predicate-658.ibk5.lgi2	predicate-658.ibk5.gbi1	0053000000687474..005a000000687474	023b0000007b2261..02470000007b2261	0
659	http://www.w3.org/1999/02/22-rdf-syntax-ns#type	predicate-659.ibk5	317	39810	739af68be1e38d57fd327b7ddc950c73fffb5821b4531f3d5355301520bbe292	predicate-659.ibk5.merkle	1	https://danbri.github.io/londat/kgx/graph/storeguide.p01/2c82c2c2ed06c54e	predicate-659.ibk5.lgi2	predicate-659.ibk5.gbi1	005b000000687474..0088000000687474	0034000000687474..0034000000687474	0
660	https://danbri.github.io/londat/kgx/vocab#gridRef	predicate-660.ibk5	336	45179	091f9f122c7504027edad4f9b78117310fa3b6bb63df8a617869bfd7c21d0b28	predicate-660.ibk5.merkle	1	https://danbri.github.io/londat/kgx/graph/storeguide.p01/2c82c2c2ed06c54e	predicate-660.ibk5.lgi2	predicate-660.ibk5.gbi1	005b000000687474..0088000000687474	0202000000314727..0203000000323244	0
661	https://danbri.github.io/londat/kgx/vocab#guideGroup	predicate-661.ibk5	317	39938	283f148b65da31c6a069b6f193ecbccf782a5c303d1cc26b5592d1705c4f8bad	predicate-661.ibk5.merkle	1	https://danbri.github.io/londat/kgx/graph/storeguide.p01/2c82c2c2ed06c54e	predicate-661.ibk5.lgi2	predicate-661.ibk5.gbi1	005b000000687474..0088000000687474	0206000000657374..020e00000073686f	0
662	https://danbri.github.io/londat/kgx/vocab#guidePage	predicate-662.ibk5	317	39859	e8ba031c4ba0f43665edbd153b2d8877c3a98675bfd664cda4962c35df28f36e	predicate-662.ibk5.merkle	1	https://danbri.github.io/londat/kgx/graph/storeguide.p01/2c82c2c2ed06c54e	predicate-662.ibk5.lgi2	predicate-662.ibk5.gbi1	005b000000687474..0088000000687474	0201000000312800..0201000000322800	0
663	https://danbri.github.io/londat/kgx/vocab#guideSection	predicate-663.ibk5	317	40304	cdef61a29d09cac73076123bc0da2223218693167a4f63ab07e35a31b1f489f6	predicate-663.ibk5.merkle	1	https://danbri.github.io/londat/kgx/graph/storeguide.p01/2c82c2c2ed06c54e	predicate-663.ibk5.lgi2	predicate-663.ibk5.gbi1	005b000000687474..0088000000687474	020500000073686f..0210000000657374	0
664	https://danbri.github.io/londat/kgx/vocab#ocrConfidence	predicate-664.ibk5	317	40385	04a956b74990206b885d11461a9b15752749dcdf697af8fefb77c4202b98983a	predicate-664.ibk5.merkle	1	https://danbri.github.io/londat/kgx/graph/storeguide.p01/2c82c2c2ed06c54e	predicate-664.ibk5.lgi2	predicate-664.ibk5.gbi1	005b000000687474..0088000000687474	0202000000363328..0202000000393628	0
665	https://danbri.github.io/londat/kgx/vocab#ocrText	predicate-665.ibk5	317	63875	3cd6641373fda46f907b88710c0d415664b3cf642ee5f6002fd9e99043e56f92	predicate-665.ibk5.merkle	1	https://danbri.github.io/londat/kgx/graph/storeguide.p01/2c82c2c2ed06c54e	predicate-665.ibk5.lgi2	predicate-665.ibk5.gbi1	005b000000687474..0088000000687474	0209000000446174..024f000000414e5a	0
666	https://schema.org/name	predicate-666.ibk5	317	59278	10e303cbcf3bb1da66a1cde3fd2ee7473a6a6d2013021f88e0282cb884390116	predicate-666.ibk5.merkle	1	https://danbri.github.io/londat/kgx/graph/storeguide.p01/2c82c2c2ed06c54e	predicate-666.ibk5.lgi2	predicate-666.ibk5.gbi1	005b000000687474..0088000000687474	0209000000446174..023a000000427269	0
667	https://schema.org/sameAs	predicate-667.ibk5	78	13709	794696e82dc8ef047ac3186f5997bdb7147f8993fd2f601a6e8d3feb939a0c08	predicate-667.ibk5.merkle	1	https://danbri.github.io/londat/kgx/graph/storeguide.p01/2c82c2c2ed06c54e	predicate-667.ibk5.lgi2	predicate-667.ibk5.gbi1	005b000000687474..0087000000687474	002f000000687474..005d000000687474	0
668	http://www.w3.org/2000/01/rdf-schema#comment	predicate-668.ibk5	17	3478	f00c31a4faff2a81feabb526c151773ce3d444a08b5cded40ac6b2d8e206e14b	predicate-668.ibk5.merkle	1	https://danbri.github.io/londat/kgx/graph/storeguide.p01/2c82c2c2ed06c54e	predicate-668.ibk5.lgi2	predicate-668.ibk5.gbi1	005c000000687474..006d000000687474	02080000006b696f..022f000000323244	0
669	https://danbri.github.io/londat/kgx/vocab#levelText	predicate-669.ibk5	3	724	0236237b05927dca0505b1ef31e47c44f4c6a9acd15496bc1cd300844415aa9e	predicate-669.ibk5.merkle	1	https://danbri.github.io/londat/kgx/graph/storeguide.p01/2c82c2c2ed06c54e	predicate-669.ibk5.lgi2	predicate-669.ibk5.gbi1	005e000000687474..0075000000687474	02020000002d3128..02020000002d3428	0
670	https://danbri.github.io/londat/kgx/vocab#buildingText	predicate-670.ibk5	79	11830	dd26e5f526b084e9c26d0013edaaf8b4a7ef3446d345d14f08a4162b14ee82d5	predicate-670.ibk5.merkle	1	https://danbri.github.io/londat/kgx/graph/storeguide.p01/2c82c2c2ed06c54e	predicate-670.ibk5.lgi2	predicate-670.ibk5.gbi1	005b000000687474..0088000000687474	023a0000007b2261..02470000007b2261	0
671	http://www.w3.org/1999/02/22-rdf-syntax-ns#type	predicate-671.ibk5	1072	105635	3f988caed44a1d8f4854f0dadd47e10c53360bf90c235d3c2e8a2794a8063b65	predicate-671.ibk5.merkle	1	https://danbri.github.io/londat/kgx/graph/web.p00/3db8b9f63b5ac243	predicate-671.ibk5.lgi2	predicate-671.ibk5.gbi1	0010000000687474..0075000000687474	0016000000687474..002c000000687474	0
672	https://schema.org/url	predicate-672.ibk5	300	48397	e9f47fb8783844bd179e05c9c34d0d6a22e094766047884924f0a788f01cda40	predicate-672.ibk5.merkle	1	https://danbri.github.io/londat/kgx/graph/web.p00/3db8b9f63b5ac243	predicate-672.ibk5.lgi2	predicate-672.ibk5.gbi1	0014000000687474..0075000000687474	001e000000687474..0273000000687474	0
673	https://schema.org/logo	predicate-673.ibk5	102	16882	6353c20b7d93cca3e3dae12d861c42c7619432db197c77f68bc0a913cdc6c3b8	predicate-673.ibk5.merkle	1	https://danbri.github.io/londat/kgx/graph/web.p00/3db8b9f63b5ac243	predicate-673.ibk5.lgi2	predicate-673.ibk5.gbi1	0016000000687474..0075000000687474	001a000000687474..00a9000000687474	0
674	https://schema.org/name	predicate-674.ibk5	206	31054	5c5b524acdd141cf2be3e64c8afc65827ef2fe2da8bc06159ec7e766d6cb40f9	predicate-674.ibk5.merkle	1	https://danbri.github.io/londat/kgx/graph/web.p00/3db8b9f63b5ac243	predicate-674.ibk5.lgi2	predicate-674.ibk5.gbi1	0014000000687474..0075000000687474	0200000000270000..0251000000537465	0
675	https://schema.org/address	predicate-675.ibk5	107	21956	fe3cb1de868e8b7906e7def43ab320080d244fc897ad9ed8d816296f7c83fe3b	predicate-675.ibk5.merkle	1	https://danbri.github.io/londat/kgx/graph/web.p00/3db8b9f63b5ac243	predicate-675.ibk5.lgi2	predicate-675.ibk5.gbi1	0014000000687474..0075000000687474	003e000000687474..008b000000687474	0
676	https://schema.org/sameAs	predicate-676.ibk5	296	36079	eb673ba1b4ca8cb048bbe31009317eb693f39ae89aee5a519b071c1958f598b9	predicate-676.ibk5.merkle	1	https://danbri.github.io/londat/kgx/graph/web.p00/3db8b9f63b5ac243	predicate-676.ibk5.lgi2	predicate-676.ibk5.gbi1	0016000000687474..0075000000687474	0200000000270000..027c000000687474	0
677	https://schema.org/geo	predicate-677.ibk5	49	10318	433fbc9d53fbc131b03d472938485a90294f6d4a8258e5b71c99aa6b53bf1b2d	predicate-677.ibk5.merkle	1	https://danbri.github.io/londat/kgx/graph/web.p00/3db8b9f63b5ac243	predicate-677.ibk5.lgi2	predicate-677.ibk5.gbi1	0014000000687474..0075000000687474	0075000000687474..0075000000687474	0
678	https://schema.org/openingHoursSpecification	predicate-678.ibk5	210	32668	56bfbc273a817a36ef95416cde0f75f56c4cde4871274158899e01b556e2213e	predicate-678.ibk5.merkle	1	https://danbri.github.io/londat/kgx/graph/web.p00/3db8b9f63b5ac243	predicate-678.ibk5.lgi2	predicate-678.ibk5.gbi1	0014000000687474..0075000000687474	0075000000687474..0075000000687474	0
679	https://danbri.github.io/glitchcan-minigam/magpie/cwplans/data-register.json#vocab/hoursText	predicate-679.ibk5	77	7698	e75e0795777432321282619bc9fc27aac875d9e1dffba8f56ca5fa56cfac2eb0	predicate-679.ibk5.merkle	1	https://danbri.github.io/londat/kgx/graph/web.p00/3db8b9f63b5ac243	predicate-679.ibk5.lgi2	predicate-679.ibk5.gbi1	0022000000687474..0075000000687474	0209000000536120..02440000004d6f6e	0
680	https://schema.org/telephone	predicate-680.ibk5	65	10088	4bd47d1b167dcbba4635880d97f2ac83e6cf88df2736cdc0dddbcfc08811857a	predicate-680.ibk5.merkle	1	https://danbri.github.io/londat/kgx/graph/web.p00/3db8b9f63b5ac243	predicate-680.ibk5.lgi2	predicate-680.ibk5.gbi1	0014000000687474..0075000000687474	0200000000270000..020e0000002b3434	0
681	https://schema.org/closes	predicate-681.ibk5	97	15247	7b278b33a7eb9e7950a26917ecebae0c3f250e886848be9e042160473250051d	predicate-681.ibk5.merkle	1	https://danbri.github.io/londat/kgx/graph/web.p00/3db8b9f63b5ac243	predicate-681.ibk5.lgi2	predicate-681.ibk5.gbi1	0075000000687474..0075000000687474	020300000032706d..020800000032333a	0
682	https://schema.org/opens	predicate-682.ibk5	97	15088	c23911aa7ebe2468bfbd5095dd3a74b4fd4812c06d84a156898fefeacca7de5e	predicate-682.ibk5.merkle	1	https://danbri.github.io/londat/kgx/graph/web.p00/3db8b9f63b5ac243	predicate-682.ibk5.lgi2	predicate-682.ibk5.gbi1	0075000000687474..0075000000687474	0204000000313061..020800000031363a	0
683	https://schema.org/validFrom	predicate-683.ibk5	26	5403	e7695c80cf85bd42015680bcb47087517b54ddf7999a8792492eccfb588d6931	predicate-683.ibk5.merkle	1	https://danbri.github.io/londat/kgx/graph/web.p00/3db8b9f63b5ac243	predicate-683.ibk5.lgi2	predicate-683.ibk5.gbi1	0075000000687474..0075000000687474	020a00000031204d..020b000000333020	0
684	https://schema.org/validThrough	predicate-684.ibk5	26	5406	c3e884c4632056a7fe26303b550c6ded0a06efacde1330ee888ffb5e9b1f4bd3	predicate-684.ibk5.merkle	1	https://danbri.github.io/londat/kgx/graph/web.p00/3db8b9f63b5ac243	predicate-684.ibk5.lgi2	predicate-684.ibk5.gbi1	0075000000687474..0075000000687474	020a00000031204d..020b000000333020	0
685	https://schema.org/addressCountry	predicate-685.ibk5	27	3937	b287528bc05bf3d4db6f9b7c663c609ccfd414adfa73045a8a010cec2613281f	predicate-685.ibk5.merkle	1	https://danbri.github.io/londat/kgx/graph/web.p00/3db8b9f63b5ac243	predicate-685.ibk5.lgi2	predicate-685.ibk5.gbi1	003e000000687474..0075000000687474	0200000000270000..0202000000474227	0
686	https://schema.org/addressLocality	predicate-686.ibk5	33	5215	683dc66a03b111245f4aae4c665aeae7acf492b6ee777f4416ffa4a20e3f12f6	predicate-686.ibk5.merkle	1	https://danbri.github.io/londat/kgx/graph/web.p00/3db8b9f63b5ac243	predicate-686.ibk5.lgi2	predicate-686.ibk5.gbi1	003e000000687474..0075000000687474	0200000000270000..021400000043616e	0
687	https://schema.org/postalCode	predicate-687.ibk5	30	5645	40910fd14980c21dd50eaee851765b9820cea7605cf4f855232f65d9f73862b4	predicate-687.ibk5.merkle	1	https://danbri.github.io/londat/kgx/graph/web.p00/3db8b9f63b5ac243	predicate-687.ibk5.lgi2	predicate-687.ibk5.gbi1	003e000000687474..0075000000687474	0200000000270000..0208000000574331	0
688	https://schema.org/streetAddress	predicate-688.ibk5	33	7001	a6d3ca4174582eafbf9c0ffd7b1e57be4edcb8c5be3858938399a81655a5326e	predicate-688.ibk5.merkle	1	https://danbri.github.io/londat/kgx/graph/web.p00/3db8b9f63b5ac243	predicate-688.ibk5.lgi2	predicate-688.ibk5.gbi1	003e000000687474..0075000000687474	0200000000270000..023900000043726f	0
689	https://schema.org/dayOfWeek	predicate-689.ibk5	91	10980	63dd51cf04a3a700fe4f7b1dc25d6435d36b58ea504b5413d74e0b3cd57c8858	predicate-689.ibk5.merkle	1	https://danbri.github.io/londat/kgx/graph/web.p00/3db8b9f63b5ac243	predicate-689.ibk5.lgi2	predicate-689.ibk5.gbi1	0075000000687474..0075000000687474	0019000000687474..001c000000687474	0
690	https://schema.org/latitude	predicate-690.ibk5	14	3032	e3df7fd615a68034236384056de9a5f215e1807d6e697b976a31ddeca83d4515	predicate-690.ibk5.merkle	1	https://danbri.github.io/londat/kgx/graph/web.p00/3db8b9f63b5ac243	predicate-690.ibk5.lgi2	predicate-690.ibk5.gbi1	0075000000687474..0075000000687474	020900000035312e..0213000000352e33	0
691	https://schema.org/longitude	predicate-691.ibk5	14	3025	28a5b8911f525cc291256264c5cc09f5f232078090e1b2a7b987a5429c833597	predicate-691.ibk5.merkle	1	https://danbri.github.io/londat/kgx/graph/web.p00/3db8b9f63b5ac243	predicate-691.ibk5.lgi2	predicate-691.ibk5.gbi1	0075000000687474..0075000000687474	02090000002d302e..02150000002d372e	0
692	https://schema.org/parentOrganization	predicate-692.ibk5	18	2996	d074ffc88162a1dff1e96506ef3ce9ea74cb631fa4f6c1caf7b963adcda1582f	predicate-692.ibk5.merkle	1	https://danbri.github.io/londat/kgx/graph/web.p00/3db8b9f63b5ac243	predicate-692.ibk5.lgi2	predicate-692.ibk5.gbi1	0027000000687474..0075000000687474	0018000000687474..0075000000687474	0
693	https://danbri.github.io/glitchcan-minigam/magpie/cwplans/data-register.json#vocab/addressText	predicate-693.ibk5	1	415	aa6140baae4ed24dc2964f7ecc324df4306f10f65e1f5568e8c2a1dd6309f51b	predicate-693.ibk5.merkle	1	https://danbri.github.io/londat/kgx/graph/web.p00/3db8b9f63b5ac243	predicate-693.ibk5.lgi2	predicate-693.ibk5.gbi1	0075000000687474..0075000000687474	0200000000270000..0200000000270000	0
694	https://schema.org/brand	predicate-694.ibk5	5	1043	9326c7822dfddbe3616e490520c8c6962ddb7045c2e877cf7fb35f3159bc18c4	predicate-694.ibk5.merkle	1	https://danbri.github.io/londat/kgx/graph/web.p00/3db8b9f63b5ac243	predicate-694.ibk5.lgi2	predicate-694.ibk5.gbi1	002b000000687474..004e000000687474	002a000000687474..0075000000687474	0
695	https://schema.org/branchCode	predicate-695.ibk5	5	877	6e4fb2ca1069cf3d277af04b7d1d6ec123c8b92fa6ee128797b3e43da3075972	predicate-695.ibk5.merkle	1	https://danbri.github.io/londat/kgx/graph/web.p00/3db8b9f63b5ac243	predicate-695.ibk5.lgi2	predicate-695.ibk5.gbi1	003d000000687474..0057000000687474	0202000000333927..0205000000313035	0
696	http://www.w3.org/1999/02/22-rdf-syntax-ns#type	predicate-696.ibk5	530	75942	fedc2fbadccf1340b43b80512949303bdfc218543b8cfd2083403f51615111db	predicate-696.ibk5.merkle	1	https://danbri.github.io/londat/kgx/graph/web.p01/bd5735d50b15e1d8	predicate-696.ibk5.lgi2	predicate-696.ibk5.gbi1	0075000000687474..0075000000687474	0016000000687474..002c000000687474	0
697	https://schema.org/closes	predicate-697.ibk5	298	44179	693e626c562bcee15874907b53add713948a0e36af6822a549e6e6ec2ffff2c1	predicate-697.ibk5.merkle	1	https://danbri.github.io/londat/kgx/graph/web.p01/bd5735d50b15e1d8	predicate-697.ibk5.lgi2	predicate-697.ibk5.gbi1	0075000000687474..0075000000687474	0200000000270000..020800000032333a	0
698	https://schema.org/dayOfWeek	predicate-698.ibk5	296	34234	35b540563d6e53ab2d6c7f1ff2db3b75986fca3ce686e2758aa4decd0649cafd	predicate-698.ibk5.merkle	1	https://danbri.github.io/londat/kgx/graph/web.p01/bd5735d50b15e1d8	predicate-698.ibk5.lgi2	predicate-698.ibk5.gbi1	0075000000687474..0075000000687474	0019000000687474..001c000000687474	0
699	https://schema.org/opens	predicate-699.ibk5	298	44128	cc46851985c37753fa23e3904b27c1e73e73c1a337e146f739f8a65ca55898ff	predicate-699.ibk5.merkle	1	https://danbri.github.io/londat/kgx/graph/web.p01/bd5735d50b15e1d8	predicate-699.ibk5.lgi2	predicate-699.ibk5.gbi1	0075000000687474..0075000000687474	0200000000270000..020800000031373a	0
700	https://schema.org/latitude	predicate-700.ibk5	57	11242	08715ff7852362d8da2c96d46041310baeb2369738ea3fb15c97c5c8171d1495	predicate-700.ibk5.merkle	1	https://danbri.github.io/londat/kgx/graph/web.p01/bd5735d50b15e1d8	predicate-700.ibk5.lgi2	predicate-700.ibk5.gbi1	0075000000687474..0075000000687474	020700000035312e..0214000000352e31	0
701	https://schema.org/longitude	predicate-701.ibk5	57	11149	16be6cd563bc55fb3f0858e1e5a7d6abc12b39fec7d0c1d2339811069fcd1924	predicate-701.ibk5.merkle	1	https://danbri.github.io/londat/kgx/graph/web.p01/bd5735d50b15e1d8	predicate-701.ibk5.lgi2	predicate-701.ibk5.gbi1	0075000000687474..0075000000687474	02070000002d302e..02160000002d312e	0
702	https://schema.org/validFrom	predicate-702.ibk5	70	14273	8baea961d9967d977ad80ef36be584523e2d1327cd2de790ebf17775d92f2dab	predicate-702.ibk5.merkle	1	https://danbri.github.io/londat/kgx/graph/web.p01/bd5735d50b15e1d8	predicate-702.ibk5.lgi2	predicate-702.ibk5.gbi1	0075000000687474..0075000000687474	020a000000312041..020b000000333120	0
703	https://schema.org/validThrough	predicate-703.ibk5	70	14276	d0c8d0a8aac4e1c16373596f42e28c854329abb94ea8c477bd44fbcf6a953b22	predicate-703.ibk5.merkle	1	https://danbri.github.io/londat/kgx/graph/web.p01/bd5735d50b15e1d8	predicate-703.ibk5.lgi2	predicate-703.ibk5.gbi1	0075000000687474..0075000000687474	020a000000312041..020b000000333120	0
704	https://schema.org/address	predicate-704.ibk5	93	23882	9427fe3a28318e8a858605a1896bb3c8056aba92f0a491edff5f4038319b28ce	predicate-704.ibk5.merkle	1	https://danbri.github.io/londat/kgx/graph/web.p01/bd5735d50b15e1d8	predicate-704.ibk5.lgi2	predicate-704.ibk5.gbi1	0075000000687474..0075000000687474	0046000000687474..008b000000687474	0
705	https://schema.org/geo	predicate-705.ibk5	24	6488	adeddce528b9245fbd78782cbe5f4d19285315767f22deac8a0eae654e85c083	predicate-705.ibk5.merkle	1	https://danbri.github.io/londat/kgx/graph/web.p01/bd5735d50b15e1d8	predicate-705.ibk5.lgi2	predicate-705.ibk5.gbi1	0075000000687474..0075000000687474	0075000000687474..0075000000687474	0
706	https://schema.org/name	predicate-706.ibk5	171	32940	d1ad08be0cd5724b63215547559e0db23fec0f99460b47dfbf1fb005be4307ea	predicate-706.ibk5.merkle	1	https://danbri.github.io/londat/kgx/graph/web.p01/bd5735d50b15e1d8	predicate-706.ibk5.lgi2	predicate-706.ibk5.gbi1	0075000000687474..0075000000687474	0200000000270000..023c0000004b616e	0
707	https://schema.org/openingHoursSpecification	predicate-707.ibk5	103	16874	ebb418e0eb2a366975cc5892c387791687f6dfa260e95a40bf3fa5043ccbef5d	predicate-707.ibk5.merkle	1	https://danbri.github.io/londat/kgx/graph/web.p01/bd5735d50b15e1d8	predicate-707.ibk5.lgi2	predicate-707.ibk5.gbi1	0075000000687474..0075000000687474	0075000000687474..0075000000687474	0
708	https://schema.org/telephone	predicate-708.ibk5	43	8725	85f280cab4e7fdf485650fe2162e2d03730b07952a88a5ef417e3071b1809ead	predicate-708.ibk5.merkle	1	https://danbri.github.io/londat/kgx/graph/web.p01/bd5735d50b15e1d8	predicate-708.ibk5.lgi2	predicate-708.ibk5.gbi1	0075000000687474..0075000000687474	0200000000270000..020e0000002b3434	0
709	https://schema.org/url	predicate-709.ibk5	139	29000	863e716bf906b2cd423ccefd60e083878a0efb11ca5c39ad58d74562f384640e	predicate-709.ibk5.merkle	1	https://danbri.github.io/londat/kgx/graph/web.p01/bd5735d50b15e1d8	predicate-709.ibk5.lgi2	predicate-709.ibk5.gbi1	0075000000687474..0075000000687474	0014000000687474..0264000000687474	0
710	https://schema.org/addressCountry	predicate-710.ibk5	104	15476	c0464efb0cb7ff7326987143449f797d05e7ff7186d78a0deb81d9b4356f7617	predicate-710.ibk5.merkle	1	https://danbri.github.io/londat/kgx/graph/web.p01/bd5735d50b15e1d8	predicate-710.ibk5.lgi2	predicate-710.ibk5.gbi1	0075000000687474..0075000000687474	0200000000270000..0275000000687474	0
711	https://schema.org/addressLocality	predicate-711.ibk5	119	18539	64591cab2dba4506afe0b27c4f1cfa774d4347c891c8ffdc69733f24992015c2	predicate-711.ibk5.merkle	1	https://danbri.github.io/londat/kgx/graph/web.p01/bd5735d50b15e1d8	predicate-711.ibk5.lgi2	predicate-711.ibk5.gbi1	0075000000687474..0075000000687474	02050000004c6565..021c00000043616e	0
712	https://schema.org/postalCode	predicate-712.ibk5	108	18792	9f6fc098cc581dca218850395240b78a3b9b6023acce8e0a7e2a6a5c6cce6c89	predicate-712.ibk5.merkle	1	https://danbri.github.io/londat/kgx/graph/web.p01/bd5735d50b15e1d8	predicate-712.ibk5.lgi2	predicate-712.ibk5.gbi1	0075000000687474..0075000000687474	0203000000453134..0208000000574332	0
713	https://schema.org/streetAddress	predicate-713.ibk5	124	24825	5bc251509d9e2a84c1258295798e6f269d913b1c02456821254b98c3f09b7b58	predicate-713.ibk5.merkle	1	https://danbri.github.io/londat/kgx/graph/web.p01/bd5735d50b15e1d8	predicate-713.ibk5.lgi2	predicate-713.ibk5.gbi1	0075000000687474..0075000000687474	0206000000556e69..0241000000333420	0
714	https://danbri.github.io/glitchcan-minigam/magpie/cwplans/data-register.json#vocab/hoursText	predicate-714.ibk5	61	6951	267fa42f0c1680ee2e3ed551b9ac17ed5d581995581e19f16c1c7e545bb42095	predicate-714.ibk5.merkle	1	https://danbri.github.io/londat/kgx/graph/web.p01/bd5735d50b15e1d8	predicate-714.ibk5.lgi2	predicate-714.ibk5.gbi1	0075000000687474..0075000000687474	0200000000270000..026e0000004d6f20	0
715	https://schema.org/logo	predicate-715.ibk5	54	13001	e47c0c74617899bad740f2716024aa42012ebe37141a51948083ba2c3e8c8897	predicate-715.ibk5.merkle	1	https://danbri.github.io/londat/kgx/graph/web.p01/bd5735d50b15e1d8	predicate-715.ibk5.lgi2	predicate-715.ibk5.gbi1	0075000000687474..0075000000687474	0020000000687474..0097000000687474	0
716	https://schema.org/brand	predicate-716.ibk5	5	1113	1a2420daf087b98f098f96b989606d40e01735a6d9d45228ec0801ab9f905c00	predicate-716.ibk5.merkle	1	https://danbri.github.io/londat/kgx/graph/web.p01/bd5735d50b15e1d8	predicate-716.ibk5.lgi2	predicate-716.ibk5.gbi1	0075000000687474..0075000000687474	0075000000687474..0212000000427269	0
717	https://schema.org/sameAs	predicate-717.ibk5	152	19752	8900a22359f7ab70d7ee6eaac360fc3696c9d332eef6a76c31ff9932aa1fb450	predicate-717.ibk5.merkle	1	https://danbri.github.io/londat/kgx/graph/web.p01/bd5735d50b15e1d8	predicate-717.ibk5.lgi2	predicate-717.ibk5.gbi1	0075000000687474..0075000000687474	0200000000270000..026f000000687474	0
718	https://danbri.github.io/glitchcan-minigam/magpie/cwplans/data-register.json#vocab/addressText	predicate-718.ibk5	21	4446	9a9ce298b05b028f2b2bf617c68784895efdb4f667bb130b2059d9203aef36a8	predicate-718.ibk5.merkle	1	https://danbri.github.io/londat/kgx/graph/web.p01/bd5735d50b15e1d8	predicate-718.ibk5.lgi2	predicate-718.ibk5.gbi1	0075000000687474..0075000000687474	0200000000270000..023e000000313133	0
719	https://schema.org/parentOrganization	predicate-719.ibk5	3	959	53c46429ba23117ae18817ac243e0ccae7f760b884f0e59c776b4e87bd543791	predicate-719.ibk5.merkle	1	https://danbri.github.io/londat/kgx/graph/web.p01/bd5735d50b15e1d8	predicate-719.ibk5.lgi2	predicate-719.ibk5.gbi1	0075000000687474..0075000000687474	0075000000687474..0075000000687474	0
720	https://schema.org/branchCode	predicate-720.ibk5	1	352	ad0a489ded9b40b26670e6cdd7c6df35136bc664715f8983541d1ea105cacee0	predicate-720.ibk5.merkle	1	https://danbri.github.io/londat/kgx/graph/web.p01/bd5735d50b15e1d8	predicate-720.ibk5.lgi2	predicate-720.ibk5.gbi1	0075000000687474..0075000000687474	0202000000383827..0202000000383827	0
721	http://www.w3.org/1999/02/22-rdf-syntax-ns#type	predicate-721.ibk5	125	18473	e7e36eb3fc6746157f2895721135f960084b5348428f46d083d034955c91afa9	predicate-721.ibk5.merkle	1	https://danbri.github.io/londat/kgx/graph/web.p02/0ecbf18a09fc4e18	predicate-721.ibk5.lgi2	predicate-721.ibk5.gbi1	0075000000687474..00a9000000687474	0018000000687474..002c000000687474	0
722	https://schema.org/url	predicate-722.ibk5	39	8000	06df2846cef4d96ac5c2e289e868ef5b473397c1c59697327c4d0473c8b942a9	predicate-722.ibk5.merkle	1	https://danbri.github.io/londat/kgx/graph/web.p02/0ecbf18a09fc4e18	predicate-722.ibk5.lgi2	predicate-722.ibk5.gbi1	0075000000687474..00a9000000687474	0016000000687474..02510000002f7770	0
723	https://schema.org/closes	predicate-723.ibk5	65	10543	c4a2251a0aed0ac3eda627c699f180257674e47e0a1cc96d9fcef1f862ae6fad	predicate-723.ibk5.merkle	1	https://danbri.github.io/londat/kgx/graph/web.p02/0ecbf18a09fc4e18	predicate-723.ibk5.lgi2	predicate-723.ibk5.gbi1	0075000000687474..0075000000687474	020500000030303a..020800000032333a	0
724	https://schema.org/dayOfWeek	predicate-724.ibk5	55	7210	f6e94efdc6419cb63e07a0ca17f83209692e01a10d1eb9624ea586cbca412d6c	predicate-724.ibk5.merkle	1	https://danbri.github.io/londat/kgx/graph/web.p02/0ecbf18a09fc4e18	predicate-724.ibk5.lgi2	predicate-724.ibk5.gbi1	0075000000687474..0075000000687474	0019000000687474..001c000000687474	0
725	https://schema.org/opens	predicate-725.ibk5	65	10266	9e2a76b77f97a8779782d8130edaab24a0598201d935b58fd9fa22e028b2fa79	predicate-725.ibk5.merkle	1	https://danbri.github.io/londat/kgx/graph/web.p02/0ecbf18a09fc4e18	predicate-725.ibk5.lgi2	predicate-725.ibk5.gbi1	0075000000687474..0075000000687474	020500000030373a..020800000031363a	0
726	https://schema.org/address	predicate-726.ibk5	18	4952	6f9791bfbe0590f0524031702de24967233a6bb4ad4f3db46ec1f3adb13e363e	predicate-726.ibk5.merkle	1	https://danbri.github.io/londat/kgx/graph/web.p02/0ecbf18a09fc4e18	predicate-726.ibk5.lgi2	predicate-726.ibk5.gbi1	0075000000687474..0075000000687474	0075000000687474..008b000000687474	0
727	https://schema.org/name	predicate-727.ibk5	37	7621	5b9d0d269298a0b9a99d00fb39ee66636c35dc254063d51b55c56954ba956e3e	predicate-727.ibk5.merkle	1	https://danbri.github.io/londat/kgx/graph/web.p02/0ecbf18a09fc4e18	predicate-727.ibk5.lgi2	predicate-727.ibk5.gbi1	0075000000687474..0075000000687474	02040000004d6f73..022d000000517565	0
728	https://schema.org/sameAs	predicate-728.ibk5	34	5017	c62aee35204abaca019a6efd9af50f6667ee05eca4bfb4cb407faab0fe05d5d4	predicate-728.ibk5.merkle	1	https://danbri.github.io/londat/kgx/graph/web.p02/0ecbf18a09fc4e18	predicate-728.ibk5.lgi2	predicate-728.ibk5.gbi1	0075000000687474..0075000000687474	0200000000270000..0244000000687474	0
729	https://schema.org/logo	predicate-729.ibk5	12	3103	a5f8f23d7a14754ffab411ff4c51aa8646d29c3be0c1fbebd1a3a1a1a8980504	predicate-729.ibk5.merkle	1	https://danbri.github.io/londat/kgx/graph/web.p02/0ecbf18a09fc4e18	predicate-729.ibk5.lgi2	predicate-729.ibk5.gbi1	0075000000687474..0075000000687474	0039000000687474..0078000000687474	0
730	https://schema.org/telephone	predicate-730.ibk5	7	1573	d6c9b64709b5e4b6ec3d09387ef328c626e5c9fdecb25adec5d9e98dcbd6bd15	predicate-730.ibk5.merkle	1	https://danbri.github.io/londat/kgx/graph/web.p02/0ecbf18a09fc4e18	predicate-730.ibk5.lgi2	predicate-730.ibk5.gbi1	0075000000687474..0075000000687474	0200000000270000..020d0000002b3434	0
731	https://schema.org/addressCountry	predicate-731.ibk5	27	4214	6a781984d1da19bdc6bdcff74ad613f6fd7e99a989eec74fd5d1c5497ba5b50a	predicate-731.ibk5.merkle	1	https://danbri.github.io/londat/kgx/graph/web.p02/0ecbf18a09fc4e18	predicate-731.ibk5.lgi2	predicate-731.ibk5.gbi1	0075000000687474..0075000000687474	0202000000474227..0275000000687474	0
732	https://schema.org/addressLocality	predicate-732.ibk5	31	4975	b70b4cf571d7c86d9c94f6917af25b20f72c1cea15087229202f08e07ed5fb7e	predicate-732.ibk5.merkle	1	https://danbri.github.io/londat/kgx/graph/web.p02/0ecbf18a09fc4e18	predicate-732.ibk5.lgi2	predicate-732.ibk5.gbi1	0075000000687474..0075000000687474	02010000002d2700..021400000043616e	0
733	https://schema.org/postalCode	predicate-733.ibk5	42	8743	5646de2f0d07ee0735cb516471b8a862925a319cb23bb852fe265abbbe37efcd	predicate-733.ibk5.merkle	1	https://danbri.github.io/londat/kgx/graph/web.p02/0ecbf18a09fc4e18	predicate-733.ibk5.lgi2	predicate-733.ibk5.gbi1	0075000000687474..008b000000687474	0203000000453134..0230000000504945	0
734	https://schema.org/streetAddress	predicate-734.ibk5	31	6730	6f59b68a13a4db102e1f0f1fc0e5b591554042678b7855611582ccc1586660d1	predicate-734.ibk5.merkle	1	https://danbri.github.io/londat/kgx/graph/web.p02/0ecbf18a09fc4e18	predicate-734.ibk5.lgi2	predicate-734.ibk5.gbi1	0075000000687474..0075000000687474	02010000002d2700..0241000000333420	0
735	https://schema.org/validFrom	predicate-735.ibk5	18	3791	bbdc9c51e3ddd36477bb808231fac50fa593679598c58439edeb7c16e56c7387	predicate-735.ibk5.merkle	1	https://danbri.github.io/londat/kgx/graph/web.p02/0ecbf18a09fc4e18	predicate-735.ibk5.lgi2	predicate-735.ibk5.gbi1	0075000000687474..0075000000687474	020a000000322044..020b000000333020	0
736	https://schema.org/validThrough	predicate-736.ibk5	18	3794	e265d9f1734a96babb93d388a5f914e7509eaa4a587f29af9c63e22e1f655034	predicate-736.ibk5.merkle	1	https://danbri.github.io/londat/kgx/graph/web.p02/0ecbf18a09fc4e18	predicate-736.ibk5.lgi2	predicate-736.ibk5.gbi1	0075000000687474..0075000000687474	020a000000322044..020b000000333020	0
737	https://schema.org/latitude	predicate-737.ibk5	8	1796	570e0c269b7f51801b73366d02e0722c140b291bb59448e7ef2c1f1f9a1b330b	predicate-737.ibk5.merkle	1	https://danbri.github.io/londat/kgx/graph/web.p02/0ecbf18a09fc4e18	predicate-737.ibk5.lgi2	predicate-737.ibk5.gbi1	0075000000687474..0075000000687474	020a000000352e31..0213000000352e35	0
738	https://schema.org/longitude	predicate-738.ibk5	8	1786	f5d566f4b73e58431c33e90bd0e33e40ef22c73625a48bfba14e728b776d16d9	predicate-738.ibk5.merkle	1	https://danbri.github.io/londat/kgx/graph/web.p02/0ecbf18a09fc4e18	predicate-738.ibk5.lgi2	predicate-738.ibk5.gbi1	0075000000687474..0075000000687474	02080000002d302e..02120000002d302e	0
739	https://danbri.github.io/glitchcan-minigam/magpie/cwplans/data-register.json#vocab/addressText	predicate-739.ibk5	2	713	62a355ea511730d1a6a915fe639976cc8fdda051530752db8a99861020083e88	predicate-739.ibk5.merkle	1	https://danbri.github.io/londat/kgx/graph/web.p02/0ecbf18a09fc4e18	predicate-739.ibk5.lgi2	predicate-739.ibk5.gbi1	0075000000687474..0075000000687474	022d000000343320..023e000000323520	0
740	https://danbri.github.io/glitchcan-minigam/magpie/cwplans/data-register.json#vocab/hoursText	predicate-740.ibk5	4	1181	5b31cb490c9a4ab224945779c30599cec7bf97251b502887b732480c2bc77bd9	predicate-740.ibk5.merkle	1	https://danbri.github.io/londat/kgx/graph/web.p02/0ecbf18a09fc4e18	predicate-740.ibk5.lgi2	predicate-740.ibk5.gbi1	0075000000687474..0075000000687474	02110000004d6f2d..026e0000004d6f20	0
741	https://schema.org/geo	predicate-741.ibk5	6	1736	a6b77bc72f2bd29dda0f0b3b681769cde593a96c5a733e838cb0370eeda9f452	predicate-741.ibk5.merkle	1	https://danbri.github.io/londat/kgx/graph/web.p02/0ecbf18a09fc4e18	predicate-741.ibk5.lgi2	predicate-741.ibk5.gbi1	0075000000687474..0075000000687474	0075000000687474..0075000000687474	0
742	https://schema.org/openingHoursSpecification	predicate-742.ibk5	28	4638	ae970c17343b32831801801b62e10501b92f79813d5ed04b12faaf3a06c1a22d	predicate-742.ibk5.merkle	1	https://danbri.github.io/londat/kgx/graph/web.p02/0ecbf18a09fc4e18	predicate-742.ibk5.lgi2	predicate-742.ibk5.gbi1	0075000000687474..0075000000687474	0075000000687474..0075000000687474	0
