{"type":"FeatureCollection","meta":{
 "source": "London Datastore: London Boroughs (Greater London Authority)",
 "dataset": "e55pw",
 "page": "https://data.london.gov.uk/dataset/london-boroughs-e55pw",
 "resources": [
  {
   "resource": "9502cdec-5df0-46e3-8aa1-2b5c5233a31f",
   "file": "London_Boroughs.gpkg",
   "url": "https://data.london.gov.uk/download/e55pw/9502cdec-5df0-46e3-8aa1-2b5c5233a31f/London_Boroughs.gpkg",
   "size": 856064,
   "resource_date": "2019-07-10",
   "fetched": "2026-10-04"
  }
 ],
 "licence": "Open Government Licence v3",
 "licence_url": "https://www.nationalarchives.gov.uk/doc/open-government-licence/version/3/",
 "attribution": "Contains public sector information licensed under the Open Government Licence v3 (Greater London Authority). The GLA cannot warrant the quality or accuracy of the data (London Datastore terms).",
 "dataset_modified": "2025-05-19",
 "update_frequency": "Monthly",
 "geo": "Local Authority",
 "theme": "buildings-places",
 "layers": [
  {
   "table": "london_boroughs",
   "srs": 27700
  }
 ],
 "crs_source": "EPSG:27700",
 "crs_output": "EPSG:4326 (WGS84), 6 decimal places; BNG to WGS84 through the OS OSTN15 grid (lib.mjs bngProjector)",
 "method": "lds-harvest-auto.mjs run e55pw: resources chosen by the written rules (harvest-log.json meta.rules: formats, dedupe, caps); every feature read (GeoPackage, GeoJSON, shapefile, or table rows with coordinate columns as points, the CRS judged per row by value); a feature is kept when it meets the zone (the 3D model box, BNG E 532400-539900, N 176700-182300): a vertex inside, an edge crossing or the box inside a polygon; whole geometries kept, whole_in_zone and in_cw added; WGS84 6 decimals through OSTN15; contact fields dropped.",
 "counts": {
  "source_features": 33,
  "no_geometry": 0,
  "in_zone": 8,
  "in_cw": 2
 },
 "attributes_in_source": "yes",
 "fields_dropped": [],
 "harvest_rules": "tools/lds-harvest-auto.mjs AUTO_RULES (feeds/london-datastore/harvest-log.json meta.rules)",
 "selection_notes": [
  "London_Boroughs.gpkg: 5 polygons with over 1000 vertices cut to the zone box plus 500 m (clipped_to_zone)"
 ]
},
"features":[
{"type":"Feature","properties":{"fid":11,"objectid":11,"name":"Lewisham","gss_code":"E09000023","hectares":3531.706,"nonld_area":16.795,"ons_inner":"T","sub_2011":"East","clipped_to_zone":true,"in_cw":false,"whole_in_zone":false},"geometry":{"type":"Polygon","coordinates":[[[-0.051658,51.46857],[-0.051659,51.468571],[-0.052015,51.468955],[-0.052256,51.469214],[-0.052126,51.469338],[-0.051757,51.469614],[-0.051661,51.469702],[-0.051661,51.469758],[-0.051776,51.47008],[-0.051955,51.47061],[-0.052148,51.471211],[-0.052731,51.472934],[-0.052737,51.47384],[-0.052722,51.476302],[-0.052674,51.478009],[-0.054303,51.478606],[-0.053922,51.479206],[-0.053927,51.479208],[-0.053993,51.479225],[-0.053974,51.479258],[-0.053682,51.479787],[-0.05367,51.479812],[-0.053628,51.479801],[-0.053596,51.479792],[-0.053496,51.479966],[-0.053452,51.480078],[-0.053445,51.480162],[-0.053495,51.480238],[-0.053548,51.480246],[-0.053548,51.480274],[-0.053548,51.480343],[-0.053387,51.480318],[-0.053333,51.480309],[-0.053331,51.480357],[-0.053363,51.480362],[-0.053481,51.480382],[-0.053489,51.48048],[-0.053464,51.48049],[-0.053402,51.480516],[-0.05328,51.480771],[-0.053243,51.480839],[-0.053193,51.480923],[-0.053162,51.480979],[-0.053131,51.481032],[-0.053143,51.481031],[-0.053235,51.481031],[-0.053225,51.481056],[-0.053093,51.481448],[-0.053027,51.481748],[-0.052992,51.481966],[-0.052949,51.482402],[-0.052917,51.482641],[-0.052786,51.482645],[-0.052787,51.482671],[-0.052793,51.482745],[-0.052832,51.482747],[-0.052934,51.482749],[-0.05293,51.482803],[-0.052924,51.48292],[-0.052953,51.483385],[-0.052896,51.483409],[-0.052897,51.483458],[-0.052775,51.483467],[-0.052807,51.483567],[-0.052864,51.483568],[-0.052957,51.483569],[-0.052959,51.483581],[-0.053092,51.484375],[-0.052988,51.484389],[-0.052939,51.484397],[-0.052974,51.48461],[-0.052975,51.484615],[-0.053015,51.484832],[-0.053072,51.485164],[-0.053143,51.48517],[-0.05317,51.485219],[-0.053224,51.485214],[-0.053289,51.485232],[-0.053397,51.485294],[-0.053526,51.485517],[-0.053534,51.485796],[-0.053114,51.485849],[-0.053155,51.485967],[-0.053054,51.485984],[-0.052923,51.486005],[-0.052921,51.486103],[-0.052915,51.486276],[-0.052895,51.486344],[-0.052868,51.486387],[-0.052831,51.48645],[-0.052818,51.486471],[-0.052855,51.486602],[-0.052876,51.48668],[-0.052908,51.486735],[-0.052968,51.486841],[-0.053005,51.486868],[-0.05313,51.486964],[-0.05316,51.48697],[-0.053229,51.486985],[-0.053296,51.487027],[-0.05338,51.487079],[-0.05349,51.487219],[-0.053539,51.487283],[-0.053703,51.487518],[-0.053952,51.487936],[-0.052864,51.487635],[-0.052605,51.487553],[-0.052596,51.487563],[-0.052475,51.487712],[-0.052387,51.487775],[-0.052149,51.487814],[-0.052094,51.487823],[-0.051724,51.487808],[-0.051283,51.487799],[-0.05109,51.487826],[-0.050744,51.487928],[-0.050712,51.487934],[-0.050618,51.487872],[-0.050438,51.487934],[-0.050359,51.488018],[-0.050283,51.4881],[-0.050318,51.488118],[-0.050083,51.488336],[-0.050144,51.488362],[-0.051933,51.489136],[-0.05144,51.489439],[-0.051126,51.489551],[-0.050792,51.489618],[-0.050319,51.489748],[-0.049631,51.489865],[-0.049687,51.489946],[-0.049332,51.490022],[-0.049235,51.490043],[-0.049194,51.489986],[-0.047524,51.490371],[-0.04757,51.490447],[-0.046541,51.490745],[-0.04654,51.490473],[-0.046541,51.490342],[-0.046138,51.490367],[-0.045901,51.49022],[-0.045806,51.490163],[-0.045496,51.490236],[-0.04509,51.490333],[-0.045109,51.490378],[-0.044732,51.490443],[-0.044711,51.490363],[-0.04455,51.490143],[-0.044527,51.490127],[-0.044473,51.490107],[-0.042715,51.490022],[-0.042331,51.490029],[-0.0422,51.490036],[-0.042482,51.490241],[-0.040318,51.491063],[-0.04103,51.491829],[-0.040044,51.492164],[-0.040537,51.492795],[-0.040527,51.492801],[-0.040344,51.492831],[-0.03994,51.492946],[-0.039908,51.492953],[-0.039876,51.49296],[-0.039844,51.492965],[-0.039811,51.492971],[-0.039777,51.492975],[-0.039746,51.492979],[-0.039711,51.492983],[-0.039678,51.492985],[-0.039662,51.492986],[-0.039629,51.492987],[-0.039594,51.492988],[-0.039561,51.492988],[-0.039528,51.492986],[-0.039493,51.492985],[-0.03946,51.492982],[-0.039427,51.492979],[-0.039394,51.492976],[-0.03936,51.492972],[-0.039327,51.492967],[-0.039294,51.492962],[-0.039261,51.492956],[-0.03923,51.49295],[-0.039197,51.492943],[-0.039165,51.492936],[-0.039148,51.492933],[-0.039107,51.492923],[-0.039067,51.492913],[-0.039026,51.492901],[-0.038987,51.492889],[-0.038948,51.492876],[-0.038909,51.492863],[-0.038872,51.492848],[-0.038834,51.492833],[-0.038797,51.492817],[-0.038762,51.492802],[-0.038725,51.492785],[-0.038691,51.492768],[-0.038682,51.492763],[-0.038641,51.492743],[-0.038601,51.492722],[-0.038563,51.492698],[-0.038525,51.492676],[-0.038488,51.492652],[-0.038453,51.492627],[-0.038418,51.492602],[-0.038384,51.492578],[-0.038361,51.492557],[-0.038209,51.492469],[-0.038098,51.492403],[-0.038065,51.492387],[-0.038031,51.492372],[-0.037997,51.492357],[-0.037964,51.492343],[-0.037928,51.492329],[-0.037891,51.492317],[-0.037857,51.492305],[-0.03782,51.492293],[-0.037783,51.492282],[-0.037745,51.492272],[-0.037706,51.492262],[-0.037668,51.492254],[-0.037628,51.492248],[-0.037625,51.492247],[-0.037595,51.492242],[-0.037565,51.492239],[-0.037534,51.492237],[-0.037504,51.492235],[-0.037474,51.492232],[-0.03745,51.492231],[-0.037351,51.492224],[-0.037289,51.49222],[-0.035212,51.492634],[-0.033301,51.492997],[-0.033278,51.493001],[-0.033221,51.49287],[-0.032885,51.492931],[-0.032524,51.493008],[-0.032555,51.493028],[-0.032387,51.493056],[-0.032038,51.493116],[-0.031912,51.493177],[-0.031035,51.493337],[-0.030409,51.493452],[-0.029921,51.493564],[-0.029789,51.493031],[-0.029743,51.492925],[-0.029603,51.492686],[-0.029307,51.492182],[-0.028981,51.491627],[-0.028361,51.490806],[-0.028143,51.490502],[-0.02782,51.490056],[-0.027491,51.489704],[-0.027259,51.489435],[-0.027078,51.489295],[-0.026771,51.489018],[-0.026572,51.488854],[-0.025955,51.488396],[-0.025096,51.487785],[-0.024817,51.487597],[-0.024667,51.487485],[-0.024373,51.487321],[-0.024117,51.487172],[-0.023798,51.486982],[-0.023528,51.486841],[-0.023491,51.486823],[-0.023418,51.486787],[-0.024176,51.486187],[-0.024586,51.485862],[-0.024708,51.485706],[-0.024734,51.485668],[-0.024821,51.485547],[-0.025004,51.485291],[-0.025175,51.485022],[-0.025181,51.484985],[-0.025196,51.484638],[-0.025263,51.484344],[-0.02527,51.484197],[-0.025552,51.483435],[-0.025713,51.482573],[-0.025793,51.482189],[-0.025857,51.482044],[-0.025926,51.481944],[-0.026039,51.481829],[-0.026342,51.481577],[-0.026383,51.48151],[-0.024694,51.481197],[-0.023135,51.480738],[-0.023095,51.480242],[-0.023045,51.479629],[-0.022497,51.4797],[-0.020341,51.479936],[-0.020392,51.480231],[-0.019989,51.480366],[-0.018909,51.480727],[-0.018702,51.480784],[-0.018558,51.480817],[-0.018375,51.480849],[-0.018135,51.480859],[-0.017849,51.48088],[-0.017619,51.48072],[-0.01709,51.48041],[-0.017041,51.480381],[-0.016834,51.480288],[-0.016834,51.48028],[-0.016884,51.480183],[-0.016936,51.480126],[-0.017001,51.480076],[-0.01708,51.480032],[-0.017205,51.479985],[-0.017438,51.479944],[-0.017618,51.479926],[-0.017743,51.479919],[-0.017926,51.479917],[-0.018266,51.479895],[-0.018351,51.479878],[-0.018418,51.479855],[-0.018492,51.479817],[-0.018547,51.479778],[-0.018607,51.479713],[-0.018872,51.479517],[-0.018938,51.479452],[-0.018972,51.479406],[-0.019003,51.479343],[-0.019036,51.479194],[-0.019105,51.478947],[-0.019102,51.478784],[-0.019113,51.478596],[-0.019093,51.478476],[-0.019108,51.478323],[-0.019141,51.478167],[-0.019176,51.477955],[-0.01914,51.477786],[-0.01907,51.477578],[-0.019056,51.477519],[-0.019042,51.477397],[-0.019072,51.477333],[-0.019092,51.477252],[-0.019139,51.477203],[-0.019236,51.477167],[-0.019386,51.477127],[-0.019535,51.477101],[-0.019684,51.477093],[-0.019869,51.477042],[-0.02002,51.47699],[-0.020187,51.476928],[-0.020311,51.476886],[-0.020428,51.476818],[-0.020552,51.476727],[-0.020644,51.476631],[-0.020735,51.476545],[-0.020749,51.476506],[-0.020766,51.476458],[-0.020764,51.476454],[-0.020743,51.47636],[-0.020731,51.476235],[-0.020727,51.476216],[-0.020701,51.476115],[-0.020675,51.47593],[-0.020627,51.475847],[-0.020682,51.475772],[-0.02072,51.47568],[-0.020821,51.475589],[-0.020918,51.475536],[-0.02105,51.475523],[-0.021364,51.475506],[-0.021573,51.475499],[-0.021774,51.475491],[-0.022,51.475478],[-0.022133,51.475448],[-0.022292,51.475391],[-0.022502,51.475367],[-0.022737,51.475355],[-0.022742,51.475354],[-0.022861,51.475319],[-0.022899,51.475254],[-0.022893,51.475195],[-0.022905,51.475082],[-0.022805,51.474731],[-0.022776,51.474533],[-0.022777,51.474464],[-0.022785,51.474283],[-0.02262,51.474271],[-0.022586,51.4741],[-0.022592,51.474088],[-0.022647,51.473986],[-0.022481,51.473967],[-0.022424,51.474087],[-0.022316,51.474086],[-0.022163,51.474061],[-0.022076,51.47404],[-0.022006,51.474016],[-0.021859,51.473953],[-0.021845,51.473948],[-0.021747,51.474026],[-0.021552,51.473934],[-0.021619,51.473876],[-0.021437,51.473818],[-0.021209,51.473744],[-0.021115,51.473706],[-0.021026,51.473662],[-0.020909,51.473589],[-0.020811,51.473521],[-0.020771,51.473483],[-0.020742,51.473445],[-0.020725,51.473411],[-0.02071,51.473348],[-0.02064,51.473214],[-0.020622,51.473198],[-0.020595,51.473184],[-0.020528,51.47317],[-0.020302,51.473174],[-0.0202,51.47316],[-0.020092,51.473124],[-0.020025,51.473083],[-0.019979,51.473018],[-0.019964,51.472988],[-0.019953,51.472922],[-0.019957,51.472848],[-0.01998,51.472782],[-0.020016,51.472725],[-0.020057,51.472677],[-0.02013,51.472613],[-0.020311,51.472417],[-0.020302,51.472371],[-0.020274,51.472287],[-0.020219,51.472185],[-0.020119,51.472098],[-0.020084,51.472079],[-0.020026,51.472056],[-0.019974,51.472042],[-0.019868,51.472028],[-0.019373,51.472047],[-0.01932,51.472011],[-0.019293,51.471986],[-0.019259,51.471938],[-0.019127,51.471468],[-0.019084,51.471229],[-0.018998,51.471138],[-0.018859,51.47119],[-0.018802,51.471102],[-0.018933,51.471069],[-0.018956,51.471064],[-0.018919,51.470879],[-0.018767,51.470748],[-0.018646,51.470646],[-0.018912,51.470525],[-0.019006,51.470611],[-0.019065,51.470587],[-0.019174,51.47055],[-0.019247,51.4705],[-0.019141,51.470251],[-0.018995,51.470062],[-0.018992,51.47006],[-0.019092,51.469949],[-0.018675,51.469713],[-0.018448,51.469605],[-0.018175,51.469526],[-0.017861,51.469478],[-0.017718,51.469462],[-0.017483,51.469433],[-0.017248,51.469411],[-0.017136,51.469342],[-0.017136,51.46934],[-0.017115,51.469299],[-0.017088,51.469248],[-0.016924,51.469056],[-0.016533,51.469228],[-0.016442,51.469049],[-0.016391,51.468996],[-0.016244,51.46886],[-0.015879,51.468549],[-0.015781,51.46848],[-0.015534,51.46833],[-0.015431,51.468262],[-0.015276,51.468151],[-0.015065,51.468036],[-0.015001,51.46804],[-0.014627,51.468234],[-0.014468,51.468308],[-0.014082,51.468472],[-0.013451,51.468767],[-0.013103,51.468937],[-0.013448,51.46938],[-0.013691,51.469656],[-0.013815,51.469782],[-0.014021,51.47005],[-0.014071,51.470118],[-0.014397,51.470672],[-0.014835,51.471399],[-0.015159,51.471769],[-0.014729,51.471887],[-0.014509,51.471917],[-0.014503,51.471918],[-0.014515,51.472131],[-0.014517,51.472152],[-0.014232,51.472522],[-0.014044,51.472676],[-0.013646,51.472493],[-0.013337,51.472394],[-0.013118,51.47237],[-0.012848,51.472352],[-0.012493,51.472341],[-0.011653,51.472389],[-0.010297,51.472553],[-0.010052,51.472608],[-0.009046,51.472735],[-0.00887,51.47274],[-0.008589,51.472755],[-0.008118,51.472757],[-0.007337,51.472629],[-0.006929,51.472579],[-0.006664,51.472555],[-0.005605,51.472401],[-0.003572,51.472118],[-0.002324,51.471953],[-0.001471,51.471837],[-0.001299,51.471822],[-0.001167,51.471816],[-0.000958,51.471812],[-0.000334,51.471835],[0.00002,51.471848],[0.000391,51.471879],[0.000904,51.471938],[0.001662,51.472024],[0.002868,51.472152],[0.003785,51.472261],[0.00457,51.472349],[0.005437,51.472447],[0.007515,51.472682],[0.009244,51.472872],[0.010174,51.472955],[0.012114,51.473173],[0.013589,51.473341],[0.014382,51.473434],[0.015277,51.473533],[0.017066,51.473743],[0.018067,51.473845],[0.018149,51.473854],[0.017806,51.473716],[0.016578,51.473432],[0.01622,51.473349],[0.016055,51.473314],[0.01501,51.47308],[0.014979,51.472817],[0.015021,51.47253],[0.015104,51.472275],[0.015238,51.471913],[0.015383,51.47157],[0.015541,51.471273],[0.015919,51.47062],[0.016169,51.470167],[0.016222,51.47008],[0.016225,51.470053],[0.016231,51.470001],[0.016317,51.469952],[0.016373,51.469919],[0.016489,51.469851],[0.016631,51.469635],[0.01672,51.469491],[0.016649,51.469446],[0.016638,51.469324],[0.016559,51.469132],[0.016356,51.468982],[0.016137,51.469117],[0.016067,51.46916],[0.016056,51.469161],[0.015986,51.46917],[0.015875,51.469215],[0.015857,51.469255],[0.015554,51.469366],[0.015288,51.469457],[0.015013,51.469572],[0.014571,51.469702],[0.014384,51.469745],[0.014051,51.469794],[0.013782,51.46983],[0.013613,51.46983],[0.013522,51.469831],[0.013512,51.469879],[0.013507,51.469897],[0.013018,51.469853],[0.012627,51.469807],[0.012915,51.468797],[0.013039,51.468432],[0.013077,51.468286],[0.013094,51.468122],[0.013079,51.467992],[0.013002,51.467893],[0.012805,51.467739],[0.012718,51.467625],[0.012692,51.467491],[0.012694,51.467483],[-0.051658,51.46857]]]}},
{"type":"Feature","properties":{"fid":12,"objectid":12,"name":"Greenwich","gss_code":"E09000011","hectares":5044.19,"nonld_area":310.785,"ons_inner":"F","sub_2011":"East","clipped_to_zone":true,"in_cw":false,"whole_in_zone":false},"geometry":{"type":"Polygon","coordinates":[[[-0.013103,51.468937],[-0.013451,51.468767],[-0.014082,51.468472],[-0.014468,51.468308],[-0.014627,51.468234],[-0.015001,51.46804],[-0.015065,51.468036],[-0.015276,51.468151],[-0.015431,51.468262],[-0.015534,51.46833],[-0.015781,51.46848],[-0.015879,51.468549],[-0.016244,51.46886],[-0.016391,51.468996],[-0.016442,51.469049],[-0.016533,51.469228],[-0.016924,51.469056],[-0.017088,51.469248],[-0.017115,51.469299],[-0.017136,51.46934],[-0.017136,51.469342],[-0.017248,51.469411],[-0.017483,51.469433],[-0.017718,51.469462],[-0.017861,51.469478],[-0.018175,51.469526],[-0.018448,51.469605],[-0.018675,51.469713],[-0.019092,51.469949],[-0.018992,51.47006],[-0.018995,51.470062],[-0.019141,51.470251],[-0.019247,51.4705],[-0.019174,51.47055],[-0.019065,51.470587],[-0.019006,51.470611],[-0.018912,51.470525],[-0.018646,51.470646],[-0.018767,51.470748],[-0.018919,51.470879],[-0.018956,51.471064],[-0.018933,51.471069],[-0.018802,51.471102],[-0.018859,51.47119],[-0.018998,51.471138],[-0.019084,51.471229],[-0.019127,51.471468],[-0.019259,51.471938],[-0.019293,51.471986],[-0.01932,51.472011],[-0.019373,51.472047],[-0.019868,51.472028],[-0.019974,51.472042],[-0.020026,51.472056],[-0.020084,51.472079],[-0.020119,51.472098],[-0.020219,51.472185],[-0.020274,51.472287],[-0.020302,51.472371],[-0.020311,51.472417],[-0.02013,51.472613],[-0.020057,51.472677],[-0.020016,51.472725],[-0.01998,51.472782],[-0.019957,51.472848],[-0.019953,51.472922],[-0.019964,51.472988],[-0.019979,51.473018],[-0.020025,51.473083],[-0.020092,51.473124],[-0.0202,51.47316],[-0.020302,51.473174],[-0.020528,51.47317],[-0.020595,51.473184],[-0.020622,51.473198],[-0.02064,51.473214],[-0.02071,51.473348],[-0.020725,51.473411],[-0.020742,51.473445],[-0.020771,51.473483],[-0.020811,51.473521],[-0.020909,51.473589],[-0.021026,51.473662],[-0.021115,51.473706],[-0.021209,51.473744],[-0.021437,51.473818],[-0.021619,51.473876],[-0.021552,51.473934],[-0.021747,51.474026],[-0.021845,51.473948],[-0.021859,51.473953],[-0.022006,51.474016],[-0.022076,51.47404],[-0.022163,51.474061],[-0.022316,51.474086],[-0.022424,51.474087],[-0.022481,51.473967],[-0.022647,51.473986],[-0.022592,51.474088],[-0.022586,51.4741],[-0.02262,51.474271],[-0.022785,51.474283],[-0.022777,51.474464],[-0.022776,51.474533],[-0.022805,51.474731],[-0.022905,51.475082],[-0.022893,51.475195],[-0.022899,51.475254],[-0.022861,51.475319],[-0.022742,51.475354],[-0.022737,51.475355],[-0.022502,51.475367],[-0.022292,51.475391],[-0.022133,51.475448],[-0.022,51.475478],[-0.021774,51.475491],[-0.021573,51.475499],[-0.021364,51.475506],[-0.02105,51.475523],[-0.020918,51.475536],[-0.020821,51.475589],[-0.02072,51.47568],[-0.020682,51.475772],[-0.020627,51.475847],[-0.020675,51.47593],[-0.020701,51.476115],[-0.020727,51.476216],[-0.020731,51.476235],[-0.020743,51.47636],[-0.020764,51.476454],[-0.020766,51.476458],[-0.020749,51.476506],[-0.020735,51.476545],[-0.020644,51.476631],[-0.020552,51.476727],[-0.020428,51.476818],[-0.020311,51.476886],[-0.020187,51.476928],[-0.02002,51.47699],[-0.019869,51.477042],[-0.019684,51.477093],[-0.019535,51.477101],[-0.019386,51.477127],[-0.019236,51.477167],[-0.019139,51.477203],[-0.019092,51.477252],[-0.019072,51.477333],[-0.019042,51.477397],[-0.019056,51.477519],[-0.01907,51.477578],[-0.01914,51.477786],[-0.019176,51.477955],[-0.019141,51.478167],[-0.019108,51.478323],[-0.019093,51.478476],[-0.019113,51.478596],[-0.019102,51.478784],[-0.019105,51.478947],[-0.019036,51.479194],[-0.019003,51.479343],[-0.018972,51.479406],[-0.018938,51.479452],[-0.018872,51.479517],[-0.018607,51.479713],[-0.018547,51.479778],[-0.018492,51.479817],[-0.018418,51.479855],[-0.018351,51.479878],[-0.018266,51.479895],[-0.017926,51.479917],[-0.017743,51.479919],[-0.017618,51.479926],[-0.017438,51.479944],[-0.017205,51.479985],[-0.01708,51.480032],[-0.017001,51.480076],[-0.016936,51.480126],[-0.016884,51.480183],[-0.016834,51.48028],[-0.016834,51.480288],[-0.017041,51.480381],[-0.01709,51.48041],[-0.017619,51.48072],[-0.017849,51.48088],[-0.018135,51.480859],[-0.018375,51.480849],[-0.018558,51.480817],[-0.018702,51.480784],[-0.018909,51.480727],[-0.019989,51.480366],[-0.020392,51.480231],[-0.020341,51.479936],[-0.022497,51.4797],[-0.023045,51.479629],[-0.023095,51.480242],[-0.023135,51.480738],[-0.024694,51.481197],[-0.026383,51.48151],[-0.026342,51.481577],[-0.026039,51.481829],[-0.025926,51.481944],[-0.025857,51.482044],[-0.025793,51.482189],[-0.025713,51.482573],[-0.025552,51.483435],[-0.02527,51.484197],[-0.025263,51.484344],[-0.025196,51.484638],[-0.025181,51.484985],[-0.025175,51.485022],[-0.025004,51.485291],[-0.024821,51.485547],[-0.024734,51.485668],[-0.024708,51.485706],[-0.024586,51.485862],[-0.024176,51.486187],[-0.023418,51.486787],[-0.022992,51.486576],[-0.021858,51.486092],[-0.021365,51.485894],[-0.021055,51.485775],[-0.019994,51.485388],[-0.019447,51.485224],[-0.018943,51.485087],[-0.018788,51.485045],[-0.018005,51.484823],[-0.017624,51.484773],[-0.017425,51.484779],[-0.017402,51.484779],[-0.01676,51.484696],[-0.01656,51.484669],[-0.01652,51.484664],[-0.016336,51.48464],[-0.015907,51.484617],[-0.015636,51.484586],[-0.015448,51.48458],[-0.015108,51.484569],[-0.014776,51.484553],[-0.014531,51.484555],[-0.013776,51.484522],[-0.013167,51.484503],[-0.012861,51.484508],[-0.012759,51.484527],[-0.011032,51.484679],[-0.010806,51.484705],[-0.01058,51.484733],[-0.007932,51.485209],[-0.007439,51.48536],[-0.006941,51.485512],[-0.00671,51.485583],[-0.006218,51.485697],[-0.005901,51.485782],[-0.005624,51.485872],[-0.005529,51.485906],[-0.005355,51.48597],[-0.005117,51.486081],[-0.004719,51.486257],[-0.004529,51.486324],[-0.003384,51.486903],[-0.002927,51.487145],[-0.002149,51.487643],[-0.001719,51.488016],[-0.00145,51.488307],[-0.001152,51.488713],[-0.000915,51.489112],[-0.000678,51.489534],[-0.000555,51.489844],[-0.000484,51.490078],[-0.000449,51.490306],[-0.000421,51.490663],[-0.000423,51.490823],[-0.000423,51.490914],[-0.000389,51.49139],[-0.000651,51.492161],[-0.000776,51.492556],[-0.000998,51.493075],[-0.001055,51.493315],[-0.001187,51.49349],[-0.001415,51.493859],[-0.001575,51.49409],[-0.001994,51.494553],[-0.002085,51.494661],[-0.002116,51.494692],[-0.002184,51.494777],[-0.002282,51.4949],[-0.002443,51.495108],[-0.002798,51.495669],[-0.003632,51.497123],[-0.003979,51.497615],[-0.004137,51.497925],[-0.004305,51.498272],[-0.00435,51.498379],[-0.00445,51.498636],[-0.004577,51.499003],[-0.00492,51.500139],[-0.004968,51.500372],[-0.005056,51.500727],[-0.005153,51.500886],[-0.005151,51.50095],[-0.005151,51.501023],[-0.00515,51.501072],[-0.005149,51.501244],[-0.00511,51.501461],[-0.005054,51.501574],[-0.005009,51.501678],[-0.004911,51.50183],[-0.004836,51.501961],[-0.004795,51.502112],[-0.004641,51.502512],[-0.004536,51.50281],[-0.004484,51.502942],[-0.004299,51.503239],[-0.004007,51.503617],[-0.00369,51.503916],[-0.003528,51.504112],[-0.003336,51.504306],[-0.003202,51.504483],[-0.003022,51.504659],[-0.002848,51.50482],[-0.002636,51.504967],[-0.002427,51.505152],[-0.001973,51.505452],[-0.001291,51.50587],[-0.000892,51.506059],[-0.00013,51.506319],[0.000171,51.506396],[0.000674,51.506512],[0.000981,51.506575],[0.001392,51.506668],[0.002209,51.506739],[0.002725,51.506741],[0.003183,51.506752],[0.003637,51.506769],[0.003898,51.506754],[0.003982,51.506746],[0.004173,51.506712],[0.005201,51.506429],[0.005992,51.506163],[0.007348,51.505631],[0.007625,51.505511],[0.008224,51.505232],[0.008607,51.505014],[0.00885,51.504865],[0.009166,51.504652],[0.009675,51.504282],[0.009951,51.504079],[0.010266,51.503812],[0.010587,51.503539],[0.011248,51.50291],[0.012446,51.501871],[0.012843,51.50154],[0.013388,51.501084],[0.014152,51.500442],[0.015015,51.499686],[0.015366,51.499392],[0.015631,51.499189],[0.016242,51.498806],[0.017573,51.498084],[0.017576,51.498083],[0.018433,51.49767],[0.019217,51.497357],[0.019829,51.497156],[0.020712,51.49689],[0.021208,51.496742],[0.019909,51.467359],[0.012694,51.467483],[0.012692,51.467491],[0.012718,51.467625],[0.012805,51.467739],[0.013002,51.467893],[0.013079,51.467992],[0.013094,51.468122],[0.013077,51.468286],[0.013039,51.468432],[0.012915,51.468797],[0.012627,51.469807],[0.013018,51.469853],[0.013507,51.469897],[0.013512,51.469879],[0.013522,51.469831],[0.013613,51.46983],[0.013782,51.46983],[0.014051,51.469794],[0.014384,51.469745],[0.014571,51.469702],[0.015013,51.469572],[0.015288,51.469457],[0.015554,51.469366],[0.015857,51.469255],[0.015875,51.469215],[0.015986,51.46917],[0.016056,51.469161],[0.016067,51.46916],[0.016137,51.469117],[0.016356,51.468982],[0.016559,51.469132],[0.016638,51.469324],[0.016649,51.469446],[0.01672,51.469491],[0.016631,51.469635],[0.016489,51.469851],[0.016373,51.469919],[0.016317,51.469952],[0.016231,51.470001],[0.016225,51.470053],[0.016222,51.47008],[0.016169,51.470167],[0.015919,51.47062],[0.015541,51.471273],[0.015383,51.47157],[0.015238,51.471913],[0.015104,51.472275],[0.015021,51.47253],[0.014979,51.472817],[0.01501,51.47308],[0.016055,51.473314],[0.01622,51.473349],[0.016578,51.473432],[0.017806,51.473716],[0.018149,51.473854],[0.018067,51.473845],[0.017066,51.473743],[0.015277,51.473533],[0.014382,51.473434],[0.013589,51.473341],[0.012114,51.473173],[0.010174,51.472955],[0.009244,51.472872],[0.007515,51.472682],[0.005437,51.472447],[0.00457,51.472349],[0.003785,51.472261],[0.002868,51.472152],[0.001662,51.472024],[0.000904,51.471938],[0.000391,51.471879],[0.00002,51.471848],[-0.000334,51.471835],[-0.000958,51.471812],[-0.001167,51.471816],[-0.001299,51.471822],[-0.001471,51.471837],[-0.002324,51.471953],[-0.003572,51.472118],[-0.005605,51.472401],[-0.006664,51.472555],[-0.006929,51.472579],[-0.007337,51.472629],[-0.008118,51.472757],[-0.008589,51.472755],[-0.00887,51.47274],[-0.009046,51.472735],[-0.010052,51.472608],[-0.010297,51.472553],[-0.011653,51.472389],[-0.012493,51.472341],[-0.012848,51.472352],[-0.013118,51.47237],[-0.013337,51.472394],[-0.013646,51.472493],[-0.014044,51.472676],[-0.014232,51.472522],[-0.014517,51.472152],[-0.014515,51.472131],[-0.014503,51.471918],[-0.014509,51.471917],[-0.014729,51.471887],[-0.015159,51.471769],[-0.014835,51.471399],[-0.014397,51.470672],[-0.014071,51.470118],[-0.014021,51.47005],[-0.013815,51.469782],[-0.013691,51.469656],[-0.013448,51.46938],[-0.013103,51.468937]]]}},
{"type":"Feature","properties":{"fid":23,"objectid":19,"name":"Southwark","gss_code":"E09000028","hectares":2991.34,"nonld_area":105.139,"ons_inner":"T","sub_2011":"Central","clipped_to_zone":true,"in_cw":true,"whole_in_zone":false},"geometry":{"type":"Polygon","coordinates":[[[-0.092339,51.46924],[-0.092692,51.469775],[-0.092715,51.469822],[-0.092756,51.469925],[-0.092823,51.470146],[-0.092903,51.470753],[-0.092921,51.47095],[-0.092999,51.472016],[-0.093005,51.47203],[-0.093055,51.472128],[-0.093461,51.471906],[-0.093598,51.471768],[-0.093638,51.471719],[-0.093701,51.471604],[-0.093974,51.470877],[-0.09404,51.470781],[-0.09408,51.470742],[-0.094175,51.470673],[-0.094298,51.470602],[-0.094427,51.470529],[-0.094772,51.470354],[-0.095044,51.470201],[-0.095972,51.469882],[-0.09711,51.470693],[-0.098892,51.471934],[-0.099152,51.472189],[-0.099222,51.472267],[-0.09935,51.472624],[-0.099517,51.473057],[-0.09975,51.473425],[-0.100342,51.473992],[-0.100548,51.474212],[-0.100594,51.474278],[-0.100629,51.474347],[-0.100657,51.474459],[-0.100566,51.474785],[-0.100312,51.476278],[-0.100144,51.476647],[-0.100086,51.476732],[-0.099972,51.476874],[-0.101486,51.477528],[-0.102042,51.477742],[-0.100711,51.509758],[-0.100185,51.509728],[-0.099926,51.509714],[-0.099291,51.509674],[-0.098958,51.509645],[-0.09852,51.509607],[-0.097707,51.509535],[-0.096824,51.509448],[-0.09599,51.509334],[-0.095704,51.509286],[-0.095279,51.509196],[-0.094923,51.509109],[-0.093988,51.508897],[-0.093145,51.508657],[-0.092798,51.508556],[-0.092625,51.508512],[-0.092335,51.508447],[-0.091902,51.508359],[-0.091079,51.508263],[-0.090484,51.508185],[-0.090301,51.508161],[-0.089477,51.508086],[-0.089038,51.508031],[-0.088944,51.508019],[-0.088598,51.507987],[-0.088073,51.507927],[-0.087732,51.507885],[-0.087724,51.507884],[-0.087634,51.507878],[-0.086742,51.507816],[-0.086076,51.507755],[-0.085751,51.507737],[-0.085712,51.507734],[-0.08565,51.50773],[-0.085162,51.507692],[-0.084865,51.507648],[-0.084181,51.507532],[-0.08391,51.507481],[-0.083441,51.507426],[-0.082643,51.507305],[-0.081895,51.507195],[-0.081372,51.507109],[-0.081101,51.507063],[-0.081034,51.507052],[-0.080751,51.507001],[-0.080269,51.506899],[-0.080164,51.506871],[-0.079959,51.506806],[-0.079796,51.506752],[-0.079231,51.50658],[-0.078924,51.506511],[-0.078481,51.506393],[-0.078225,51.506316],[-0.078193,51.506308],[-0.078079,51.506275],[-0.077219,51.506039],[-0.076312,51.505775],[-0.075215,51.505454],[-0.07403,51.505188],[-0.073733,51.505114],[-0.073175,51.504953],[-0.072692,51.504785],[-0.071821,51.504407],[-0.071251,51.504148],[-0.070895,51.503977],[-0.07052,51.503824],[-0.070454,51.503797],[-0.070192,51.503702],[-0.070074,51.503659],[-0.069839,51.503586],[-0.069112,51.503367],[-0.068181,51.503116],[-0.067882,51.503032],[-0.067692,51.503009],[-0.067691,51.503009],[-0.066929,51.502796],[-0.066501,51.502697],[-0.066155,51.502595],[-0.065892,51.502525],[-0.064636,51.502259],[-0.064206,51.502172],[-0.063584,51.502076],[-0.063081,51.502004],[-0.062366,51.501915],[-0.060877,51.501714],[-0.06042,51.501695],[-0.060179,51.501671],[-0.060039,51.501665],[-0.059866,51.501666],[-0.059501,51.501716],[-0.058795,51.501814],[-0.058273,51.501895],[-0.057678,51.501992],[-0.057199,51.502083],[-0.056941,51.502153],[-0.056354,51.502303],[-0.056352,51.502304],[-0.055954,51.502392],[-0.055553,51.502518],[-0.05514,51.502676],[-0.054848,51.502796],[-0.054847,51.502796],[-0.053626,51.503441],[-0.052763,51.503953],[-0.052389,51.504167],[-0.052226,51.504249],[-0.051802,51.504465],[-0.051408,51.504674],[-0.049426,51.505836],[-0.04862,51.506298],[-0.04812,51.506584],[-0.046928,51.507225],[-0.046542,51.507411],[-0.046369,51.507498],[-0.045954,51.507709],[-0.045469,51.507935],[-0.045125,51.508054],[-0.0443,51.508274],[-0.043905,51.508372],[-0.043585,51.508437],[-0.043322,51.508481],[-0.042689,51.508543],[-0.042077,51.50859],[-0.04186,51.5086],[-0.041312,51.508626],[-0.040903,51.508636],[-0.040556,51.508637],[-0.040208,51.508629],[-0.039591,51.508626],[-0.038824,51.508601],[-0.038167,51.508558],[-0.037846,51.508499],[-0.037458,51.508432],[-0.03722,51.50837],[-0.03668,51.508225],[-0.035934,51.508074],[-0.035559,51.507942],[-0.03494,51.507724],[-0.034312,51.507524],[-0.033516,51.507272],[-0.033022,51.507161],[-0.032743,51.507081],[-0.032404,51.507001],[-0.032177,51.506882],[-0.031781,51.506664],[-0.031715,51.506628],[-0.031628,51.506547],[-0.031525,51.506468],[-0.031398,51.506389],[-0.031258,51.506308],[-0.031025,51.506245],[-0.030813,51.506151],[-0.030732,51.506104],[-0.030632,51.506021],[-0.030586,51.505968],[-0.030566,51.505944],[-0.030475,51.505837],[-0.030291,51.505671],[-0.030054,51.505404],[-0.029971,51.505224],[-0.029882,51.505098],[-0.029811,51.504912],[-0.029688,51.50464],[-0.029575,51.5044],[-0.02956,51.504371],[-0.029567,51.504356],[-0.02961,51.504253],[-0.029635,51.504061],[-0.02958,51.503819],[-0.029524,51.503496],[-0.029428,51.50303],[-0.029357,51.502735],[-0.029346,51.50269],[-0.029362,51.502629],[-0.029395,51.502487],[-0.029405,51.50235],[-0.029429,51.502095],[-0.029536,51.501119],[-0.029669,51.500145],[-0.029826,51.499545],[-0.029864,51.49927],[-0.029912,51.498945],[-0.029996,51.498409],[-0.030004,51.498055],[-0.030016,51.497549],[-0.030084,51.497146],[-0.030097,51.497063],[-0.030178,51.496068],[-0.030192,51.495742],[-0.030188,51.495488],[-0.030181,51.495334],[-0.030116,51.494672],[-0.030008,51.494088],[-0.02999,51.493985],[-0.029921,51.493564],[-0.030409,51.493452],[-0.031035,51.493337],[-0.031912,51.493177],[-0.032038,51.493116],[-0.032387,51.493056],[-0.032555,51.493028],[-0.032524,51.493008],[-0.032885,51.492931],[-0.033221,51.49287],[-0.033278,51.493001],[-0.033301,51.492997],[-0.035212,51.492634],[-0.037289,51.49222],[-0.037351,51.492224],[-0.03745,51.492231],[-0.037474,51.492232],[-0.037504,51.492235],[-0.037534,51.492237],[-0.037565,51.492239],[-0.037595,51.492242],[-0.037625,51.492247],[-0.037628,51.492248],[-0.037668,51.492254],[-0.037706,51.492262],[-0.037745,51.492272],[-0.037783,51.492282],[-0.03782,51.492293],[-0.037857,51.492305],[-0.037891,51.492317],[-0.037928,51.492329],[-0.037964,51.492343],[-0.037997,51.492357],[-0.038031,51.492372],[-0.038065,51.492387],[-0.038098,51.492403],[-0.038209,51.492469],[-0.038361,51.492557],[-0.038384,51.492578],[-0.038418,51.492602],[-0.038453,51.492627],[-0.038488,51.492652],[-0.038525,51.492676],[-0.038563,51.492698],[-0.038601,51.492722],[-0.038641,51.492743],[-0.038682,51.492763],[-0.038691,51.492768],[-0.038725,51.492785],[-0.038762,51.492802],[-0.038797,51.492817],[-0.038834,51.492833],[-0.038872,51.492848],[-0.038909,51.492863],[-0.038948,51.492876],[-0.038987,51.492889],[-0.039026,51.492901],[-0.039067,51.492913],[-0.039107,51.492923],[-0.039148,51.492933],[-0.039165,51.492936],[-0.039197,51.492943],[-0.03923,51.49295],[-0.039261,51.492956],[-0.039294,51.492962],[-0.039327,51.492967],[-0.03936,51.492972],[-0.039394,51.492976],[-0.039427,51.492979],[-0.03946,51.492982],[-0.039493,51.492985],[-0.039528,51.492986],[-0.039561,51.492988],[-0.039594,51.492988],[-0.039629,51.492987],[-0.039662,51.492986],[-0.039678,51.492985],[-0.039711,51.492983],[-0.039746,51.492979],[-0.039777,51.492975],[-0.039811,51.492971],[-0.039844,51.492965],[-0.039876,51.49296],[-0.039908,51.492953],[-0.03994,51.492946],[-0.040344,51.492831],[-0.040527,51.492801],[-0.040537,51.492795],[-0.040044,51.492164],[-0.04103,51.491829],[-0.040318,51.491063],[-0.042482,51.490241],[-0.0422,51.490036],[-0.042331,51.490029],[-0.042715,51.490022],[-0.044473,51.490107],[-0.044527,51.490127],[-0.04455,51.490143],[-0.044711,51.490363],[-0.044732,51.490443],[-0.045109,51.490378],[-0.04509,51.490333],[-0.045496,51.490236],[-0.045806,51.490163],[-0.045901,51.49022],[-0.046138,51.490367],[-0.046541,51.490342],[-0.04654,51.490473],[-0.046541,51.490745],[-0.04757,51.490447],[-0.047524,51.490371],[-0.049194,51.489986],[-0.049235,51.490043],[-0.049332,51.490022],[-0.049687,51.489946],[-0.049631,51.489865],[-0.050319,51.489748],[-0.050792,51.489618],[-0.051126,51.489551],[-0.05144,51.489439],[-0.051933,51.489136],[-0.050144,51.488362],[-0.050083,51.488336],[-0.050318,51.488118],[-0.050283,51.4881],[-0.050359,51.488018],[-0.050438,51.487934],[-0.050618,51.487872],[-0.050712,51.487934],[-0.050744,51.487928],[-0.05109,51.487826],[-0.051283,51.487799],[-0.051724,51.487808],[-0.052094,51.487823],[-0.052149,51.487814],[-0.052387,51.487775],[-0.052475,51.487712],[-0.052596,51.487563],[-0.052605,51.487553],[-0.052864,51.487635],[-0.053952,51.487936],[-0.053703,51.487518],[-0.053539,51.487283],[-0.05349,51.487219],[-0.05338,51.487079],[-0.053296,51.487027],[-0.053229,51.486985],[-0.05316,51.48697],[-0.05313,51.486964],[-0.053005,51.486868],[-0.052968,51.486841],[-0.052908,51.486735],[-0.052876,51.48668],[-0.052855,51.486602],[-0.052818,51.486471],[-0.052831,51.48645],[-0.052868,51.486387],[-0.052895,51.486344],[-0.052915,51.486276],[-0.052921,51.486103],[-0.052923,51.486005],[-0.053054,51.485984],[-0.053155,51.485967],[-0.053114,51.485849],[-0.053534,51.485796],[-0.053526,51.485517],[-0.053397,51.485294],[-0.053289,51.485232],[-0.053224,51.485214],[-0.05317,51.485219],[-0.053143,51.48517],[-0.053072,51.485164],[-0.053015,51.484832],[-0.052975,51.484615],[-0.052974,51.48461],[-0.052939,51.484397],[-0.052988,51.484389],[-0.053092,51.484375],[-0.052959,51.483581],[-0.052957,51.483569],[-0.052864,51.483568],[-0.052807,51.483567],[-0.052775,51.483467],[-0.052897,51.483458],[-0.052896,51.483409],[-0.052953,51.483385],[-0.052924,51.48292],[-0.05293,51.482803],[-0.052934,51.482749],[-0.052832,51.482747],[-0.052793,51.482745],[-0.052787,51.482671],[-0.052786,51.482645],[-0.052917,51.482641],[-0.052949,51.482402],[-0.052992,51.481966],[-0.053027,51.481748],[-0.053093,51.481448],[-0.053225,51.481056],[-0.053235,51.481031],[-0.053143,51.481031],[-0.053131,51.481032],[-0.053162,51.480979],[-0.053193,51.480923],[-0.053243,51.480839],[-0.05328,51.480771],[-0.053402,51.480516],[-0.053464,51.48049],[-0.053489,51.48048],[-0.053481,51.480382],[-0.053363,51.480362],[-0.053331,51.480357],[-0.053333,51.480309],[-0.053387,51.480318],[-0.053548,51.480343],[-0.053548,51.480274],[-0.053548,51.480246],[-0.053495,51.480238],[-0.053445,51.480162],[-0.053452,51.480078],[-0.053496,51.479966],[-0.053596,51.479792],[-0.053628,51.479801],[-0.05367,51.479812],[-0.053682,51.479787],[-0.053974,51.479258],[-0.053993,51.479225],[-0.053927,51.479208],[-0.053922,51.479206],[-0.054303,51.478606],[-0.052674,51.478009],[-0.052722,51.476302],[-0.052737,51.47384],[-0.052731,51.472934],[-0.052148,51.471211],[-0.051955,51.47061],[-0.051776,51.47008],[-0.051661,51.469758],[-0.051661,51.469702],[-0.051757,51.469614],[-0.052126,51.469338],[-0.052256,51.469214],[-0.052015,51.468955],[-0.051659,51.468571],[-0.051658,51.46857],[-0.092339,51.46924]]]}},
{"type":"Feature","properties":{"fid":25,"objectid":25,"name":"City of London","gss_code":"E09000001","hectares":314.942,"nonld_area":24.546,"ons_inner":"T","sub_2011":"Central","in_cw":false,"whole_in_zone":false},"geometry":{"type":"Polygon","coordinates":[[[-0.111581,51.51534],[-0.111843,51.515802],[-0.112108,51.516201],[-0.112128,51.516225],[-0.112835,51.517044],[-0.113423,51.517645],[-0.113694,51.517936],[-0.113717,51.517965],[-0.113761,51.518108],[-0.113787,51.518221],[-0.113795,51.518259],[-0.113004,51.518293],[-0.112314,51.518264],[-0.111601,51.51821],[-0.11045,51.518077],[-0.109507,51.517929],[-0.109008,51.517887],[-0.108166,51.517793],[-0.107801,51.517767],[-0.107566,51.517844],[-0.107381,51.517896],[-0.107024,51.518022],[-0.106505,51.518178],[-0.106174,51.518276],[-0.105812,51.518398],[-0.105324,51.518543],[-0.105315,51.518546],[-0.10473,51.51875],[-0.103231,51.519209],[-0.102058,51.519577],[-0.101795,51.519667],[-0.101549,51.519751],[-0.101047,51.519911],[-0.100777,51.519989],[-0.100404,51.520111],[-0.100275,51.52013],[-0.100232,51.520137],[-0.100084,51.520143],[-0.099629,51.520285],[-0.099323,51.52037],[-0.098876,51.520499],[-0.098425,51.520588],[-0.097644,51.520724],[-0.097598,51.521034],[-0.097542,51.521305],[-0.097491,51.521605],[-0.097377,51.521595],[-0.097367,51.52163],[-0.097349,51.521729],[-0.097358,51.521856],[-0.097486,51.522233],[-0.097614,51.522484],[-0.097675,51.522576],[-0.097761,51.522688],[-0.097876,51.522812],[-0.097908,51.522844],[-0.097947,51.522879],[-0.09676,51.523323],[-0.096688,51.523194],[-0.096672,51.523165],[-0.096659,51.523168],[-0.096598,51.523178],[-0.096444,51.522823],[-0.095991,51.522956],[-0.095962,51.522911],[-0.095063,51.523139],[-0.094903,51.522856],[-0.094597,51.522315],[-0.094384,51.521747],[-0.094319,51.521485],[-0.093849,51.521541],[-0.093589,51.521587],[-0.093567,51.521497],[-0.093389,51.521526],[-0.093276,51.521335],[-0.092491,51.521488],[-0.092349,51.521029],[-0.09215,51.521016],[-0.091796,51.520982],[-0.091346,51.520941],[-0.0909,51.520881],[-0.090238,51.520802],[-0.089667,51.520717],[-0.089679,51.520691],[-0.089978,51.519972],[-0.089755,51.519911],[-0.08968,51.519891],[-0.089277,51.519782],[-0.088613,51.519573],[-0.088103,51.519412],[-0.087517,51.519201],[-0.086331,51.518846],[-0.086201,51.51881],[-0.085879,51.519291],[-0.085788,51.519429],[-0.08553,51.519833],[-0.08535,51.52013],[-0.085192,51.520336],[-0.083299,51.519816],[-0.082708,51.52007],[-0.0823,51.520316],[-0.081991,51.520557],[-0.081769,51.520734],[-0.081736,51.520759],[-0.081523,51.521023],[-0.081258,51.521434],[-0.081024,51.521955],[-0.080733,51.521891],[-0.079743,51.521672],[-0.078445,51.521512],[-0.078704,51.521041],[-0.078785,51.52074],[-0.078817,51.520658],[-0.078814,51.520654],[-0.078964,51.520116],[-0.079147,51.519453],[-0.079404,51.518847],[-0.078308,51.518947],[-0.078056,51.518969],[-0.078022,51.518487],[-0.078121,51.51847],[-0.07794,51.518252],[-0.077777,51.51811],[-0.077708,51.518038],[-0.07766,51.517975],[-0.077626,51.51789],[-0.077617,51.517867],[-0.077377,51.517447],[-0.077344,51.517397],[-0.076892,51.516708],[-0.076851,51.51666],[-0.076831,51.516638],[-0.076793,51.516593],[-0.076408,51.516259],[-0.07512,51.515356],[-0.074788,51.515101],[-0.074416,51.514792],[-0.07428,51.514689],[-0.073943,51.514455],[-0.073638,51.514132],[-0.073461,51.513677],[-0.073366,51.513378],[-0.073363,51.513373],[-0.073241,51.512946],[-0.073117,51.512342],[-0.073037,51.51181],[-0.073018,51.511683],[-0.072957,51.511443],[-0.07289,51.511255],[-0.072801,51.511085],[-0.072745,51.510874],[-0.072738,51.510806],[-0.072735,51.510775],[-0.072723,51.510642],[-0.072734,51.510361],[-0.072755,51.5103],[-0.072809,51.510241],[-0.072888,51.510149],[-0.072965,51.510106],[-0.073115,51.510109],[-0.073495,51.510109],[-0.073807,51.510095],[-0.074024,51.510052],[-0.074171,51.51001],[-0.074395,51.509947],[-0.074525,51.50996],[-0.074592,51.509967],[-0.074808,51.509995],[-0.075386,51.509802],[-0.075541,51.509756],[-0.075558,51.509751],[-0.075595,51.509789],[-0.075615,51.509806],[-0.075668,51.509855],[-0.075673,51.509858],[-0.075732,51.509887],[-0.07575,51.510083],[-0.075755,51.51013],[-0.076056,51.510108],[-0.076125,51.510458],[-0.076146,51.510458],[-0.07625,51.510455],[-0.07626,51.510545],[-0.076533,51.510527],[-0.076869,51.510506],[-0.076868,51.510472],[-0.07686,51.510341],[-0.076857,51.510261],[-0.076893,51.510215],[-0.077052,51.510205],[-0.077552,51.510173],[-0.077763,51.510116],[-0.077937,51.510027],[-0.078141,51.509883],[-0.078372,51.509657],[-0.078476,51.509513],[-0.078489,51.509445],[-0.078518,51.509442],[-0.078857,51.509413],[-0.078937,51.509123],[-0.079023,51.509118],[-0.079073,51.509059],[-0.079063,51.509056],[-0.078722,51.50894],[-0.078765,51.508852],[-0.078711,51.508834],[-0.078695,51.508829],[-0.07871,51.508811],[-0.078845,51.508653],[-0.079021,51.508414],[-0.079029,51.508333],[-0.079077,51.508222],[-0.079217,51.507895],[-0.079319,51.507908],[-0.079354,51.507844],[-0.079379,51.507794],[-0.079524,51.507727],[-0.079731,51.5076],[-0.079755,51.507585],[-0.080164,51.506871],[-0.080269,51.506899],[-0.080751,51.507001],[-0.081034,51.507052],[-0.081101,51.507063],[-0.081372,51.507109],[-0.081895,51.507195],[-0.082643,51.507305],[-0.083441,51.507426],[-0.08391,51.507481],[-0.084181,51.507532],[-0.084865,51.507648],[-0.085162,51.507692],[-0.08565,51.50773],[-0.085712,51.507734],[-0.085751,51.507737],[-0.086076,51.507755],[-0.086742,51.507816],[-0.087634,51.507878],[-0.087724,51.507884],[-0.087732,51.507885],[-0.088073,51.507927],[-0.088598,51.507987],[-0.088944,51.508019],[-0.089038,51.508031],[-0.089477,51.508086],[-0.090301,51.508161],[-0.090484,51.508185],[-0.091079,51.508263],[-0.091902,51.508359],[-0.092335,51.508447],[-0.092625,51.508512],[-0.092798,51.508556],[-0.093145,51.508657],[-0.093988,51.508897],[-0.094923,51.509109],[-0.095279,51.509196],[-0.095704,51.509286],[-0.09599,51.509334],[-0.096824,51.509448],[-0.097707,51.509535],[-0.09852,51.509607],[-0.098958,51.509645],[-0.099291,51.509674],[-0.099926,51.509714],[-0.100185,51.509728],[-0.101562,51.509808],[-0.103275,51.509819],[-0.103588,51.509854],[-0.104154,51.509855],[-0.104158,51.509671],[-0.104012,51.509643],[-0.104033,51.509631],[-0.104179,51.509581],[-0.104171,51.50914],[-0.104064,51.509089],[-0.104188,51.509047],[-0.104198,51.508806],[-0.10421,51.508623],[-0.10418,51.508499],[-0.104179,51.508425],[-0.104662,51.508411],[-0.104709,51.508476],[-0.104716,51.508571],[-0.104677,51.508625],[-0.104659,51.509018],[-0.104657,51.509063],[-0.104718,51.509096],[-0.104739,51.509108],[-0.104663,51.509118],[-0.104632,51.509465],[-0.104634,51.509607],[-0.104718,51.509611],[-0.104725,51.509619],[-0.104747,51.509645],[-0.104636,51.509672],[-0.104632,51.509673],[-0.104615,51.509876],[-0.105154,51.509876],[-0.105562,51.509888],[-0.106487,51.509909],[-0.106961,51.509911],[-0.107334,51.509906],[-0.107896,51.509904],[-0.108469,51.509888],[-0.109163,51.509873],[-0.109914,51.509842],[-0.110357,51.509825],[-0.110592,51.509822],[-0.111048,51.509801],[-0.111438,51.509771],[-0.111549,51.510756],[-0.111561,51.510911],[-0.111549,51.511318],[-0.111532,51.511445],[-0.111505,51.511644],[-0.111542,51.511732],[-0.111685,51.511955],[-0.111745,51.512003],[-0.111862,51.511968],[-0.112132,51.512267],[-0.112142,51.512279],[-0.112164,51.512309],[-0.112033,51.512332],[-0.112175,51.512516],[-0.112389,51.512771],[-0.112322,51.512799],[-0.112349,51.512831],[-0.112188,51.51289],[-0.112312,51.513038],[-0.111713,51.513197],[-0.111833,51.513475],[-0.111955,51.513687],[-0.111307,51.513793],[-0.111076,51.513827],[-0.111112,51.513962],[-0.111385,51.514796],[-0.111527,51.515225],[-0.11155,51.515285],[-0.111581,51.51534]]]}},
{"type":"Feature","properties":{"fid":28,"objectid":28,"name":"Tower Hamlets","gss_code":"E09000030","hectares":2157.501,"nonld_area":178.867,"ons_inner":"T","sub_2011":"East","in_cw":true,"whole_in_zone":false},"geometry":{"type":"Polygon","coordinates":[[[-0.030008,51.494088],[-0.030116,51.494672],[-0.030181,51.495334],[-0.030188,51.495488],[-0.030192,51.495742],[-0.030178,51.496068],[-0.030097,51.497063],[-0.030084,51.497146],[-0.030016,51.497549],[-0.030004,51.498055],[-0.029996,51.498409],[-0.029912,51.498945],[-0.029864,51.49927],[-0.029826,51.499545],[-0.029669,51.500145],[-0.029536,51.501119],[-0.029429,51.502095],[-0.029405,51.50235],[-0.029395,51.502487],[-0.029362,51.502629],[-0.029346,51.50269],[-0.029357,51.502735],[-0.029428,51.50303],[-0.029524,51.503496],[-0.02958,51.503819],[-0.029635,51.504061],[-0.02961,51.504253],[-0.029567,51.504356],[-0.02956,51.504371],[-0.029575,51.5044],[-0.029688,51.50464],[-0.029811,51.504912],[-0.029882,51.505098],[-0.029971,51.505224],[-0.030054,51.505404],[-0.030291,51.505671],[-0.030475,51.505837],[-0.030566,51.505944],[-0.030586,51.505968],[-0.030632,51.506021],[-0.030732,51.506104],[-0.030813,51.506151],[-0.031025,51.506245],[-0.031258,51.506308],[-0.031398,51.506389],[-0.031525,51.506468],[-0.031628,51.506547],[-0.031715,51.506628],[-0.031781,51.506664],[-0.032177,51.506882],[-0.032404,51.507001],[-0.032743,51.507081],[-0.033022,51.507161],[-0.033516,51.507272],[-0.034312,51.507524],[-0.03494,51.507724],[-0.035559,51.507942],[-0.035934,51.508074],[-0.03668,51.508225],[-0.03722,51.50837],[-0.037458,51.508432],[-0.037846,51.508499],[-0.038167,51.508558],[-0.038824,51.508601],[-0.039591,51.508626],[-0.040208,51.508629],[-0.040556,51.508637],[-0.040903,51.508636],[-0.041312,51.508626],[-0.04186,51.5086],[-0.042077,51.50859],[-0.042689,51.508543],[-0.043322,51.508481],[-0.043585,51.508437],[-0.043905,51.508372],[-0.0443,51.508274],[-0.045125,51.508054],[-0.045469,51.507935],[-0.045954,51.507709],[-0.046369,51.507498],[-0.046542,51.507411],[-0.046928,51.507225],[-0.04812,51.506584],[-0.04862,51.506298],[-0.049426,51.505836],[-0.051408,51.504674],[-0.051802,51.504465],[-0.052226,51.504249],[-0.052389,51.504167],[-0.052763,51.503953],[-0.053626,51.503441],[-0.054847,51.502796],[-0.054848,51.502796],[-0.05514,51.502676],[-0.055553,51.502518],[-0.055954,51.502392],[-0.056352,51.502304],[-0.056354,51.502303],[-0.056941,51.502153],[-0.057199,51.502083],[-0.057678,51.501992],[-0.058273,51.501895],[-0.058795,51.501814],[-0.059501,51.501716],[-0.059866,51.501666],[-0.060039,51.501665],[-0.060179,51.501671],[-0.06042,51.501695],[-0.060877,51.501714],[-0.062366,51.501915],[-0.063081,51.502004],[-0.063584,51.502076],[-0.064206,51.502172],[-0.064636,51.502259],[-0.065892,51.502525],[-0.066155,51.502595],[-0.066501,51.502697],[-0.066929,51.502796],[-0.067691,51.503009],[-0.067692,51.503009],[-0.067882,51.503032],[-0.068181,51.503116],[-0.069112,51.503367],[-0.069839,51.503586],[-0.070074,51.503659],[-0.070192,51.503702],[-0.070454,51.503797],[-0.07052,51.503824],[-0.070895,51.503977],[-0.071251,51.504148],[-0.071821,51.504407],[-0.072692,51.504785],[-0.073175,51.504953],[-0.073733,51.505114],[-0.07403,51.505188],[-0.075215,51.505454],[-0.076312,51.505775],[-0.077219,51.506039],[-0.078079,51.506275],[-0.078193,51.506308],[-0.078225,51.506316],[-0.078481,51.506393],[-0.078924,51.506511],[-0.079231,51.50658],[-0.079796,51.506752],[-0.079959,51.506806],[-0.080164,51.506871],[-0.079755,51.507585],[-0.079731,51.5076],[-0.079524,51.507727],[-0.079379,51.507794],[-0.079354,51.507844],[-0.079319,51.507908],[-0.079217,51.507895],[-0.079077,51.508222],[-0.079029,51.508333],[-0.079021,51.508414],[-0.078845,51.508653],[-0.07871,51.508811],[-0.078695,51.508829],[-0.078711,51.508834],[-0.078765,51.508852],[-0.078722,51.50894],[-0.079063,51.509056],[-0.079073,51.509059],[-0.079023,51.509118],[-0.078937,51.509123],[-0.078857,51.509413],[-0.078518,51.509442],[-0.078489,51.509445],[-0.078476,51.509513],[-0.078372,51.509657],[-0.078141,51.509883],[-0.077937,51.510027],[-0.077763,51.510116],[-0.077552,51.510173],[-0.077052,51.510205],[-0.076893,51.510215],[-0.076857,51.510261],[-0.07686,51.510341],[-0.076868,51.510472],[-0.076869,51.510506],[-0.076533,51.510527],[-0.07626,51.510545],[-0.07625,51.510455],[-0.076146,51.510458],[-0.076125,51.510458],[-0.076056,51.510108],[-0.075755,51.51013],[-0.07575,51.510083],[-0.075732,51.509887],[-0.075673,51.509858],[-0.075668,51.509855],[-0.075615,51.509806],[-0.075595,51.509789],[-0.075558,51.509751],[-0.075541,51.509756],[-0.075386,51.509802],[-0.074808,51.509995],[-0.074592,51.509967],[-0.074525,51.50996],[-0.074395,51.509947],[-0.074171,51.51001],[-0.074024,51.510052],[-0.073807,51.510095],[-0.073495,51.510109],[-0.073115,51.510109],[-0.072965,51.510106],[-0.072888,51.510149],[-0.072809,51.510241],[-0.072755,51.5103],[-0.072734,51.510361],[-0.072723,51.510642],[-0.072735,51.510775],[-0.072738,51.510806],[-0.072745,51.510874],[-0.072801,51.511085],[-0.07289,51.511255],[-0.072957,51.511443],[-0.073018,51.511683],[-0.073037,51.51181],[-0.073117,51.512342],[-0.073241,51.512946],[-0.073363,51.513373],[-0.073366,51.513378],[-0.073461,51.513677],[-0.073638,51.514132],[-0.073943,51.514455],[-0.07428,51.514689],[-0.074416,51.514792],[-0.074788,51.515101],[-0.07512,51.515356],[-0.076408,51.516259],[-0.076793,51.516593],[-0.076831,51.516638],[-0.076851,51.51666],[-0.076892,51.516708],[-0.077344,51.517397],[-0.077377,51.517447],[-0.077617,51.517867],[-0.077626,51.51789],[-0.07766,51.517975],[-0.077708,51.518038],[-0.077777,51.51811],[-0.07794,51.518252],[-0.078121,51.51847],[-0.078022,51.518487],[-0.078056,51.518969],[-0.078308,51.518947],[-0.079404,51.518847],[-0.079147,51.519453],[-0.078964,51.520116],[-0.078814,51.520654],[-0.078817,51.520658],[-0.078785,51.52074],[-0.078704,51.521041],[-0.078445,51.521512],[-0.078427,51.521545],[-0.07821,51.521855],[-0.077897,51.521943],[-0.077105,51.522116],[-0.076692,51.522213],[-0.076428,51.522014],[-0.076161,51.522153],[-0.076137,51.522202],[-0.076053,51.52238],[-0.075988,51.522553],[-0.075837,51.522897],[-0.075812,51.52297],[-0.075789,51.523041],[-0.075744,51.52318],[-0.075701,51.523486],[-0.075692,51.523589],[-0.07575,51.523858],[-0.075889,51.524323],[-0.076417,51.524289],[-0.076534,51.525333],[-0.076575,51.525733],[-0.076603,51.525994],[-0.076616,51.526158],[-0.076614,51.526276],[-0.076609,51.52639],[-0.076513,51.526512],[-0.076331,51.526873],[-0.076289,51.527148],[-0.077227,51.527298],[-0.076862,51.527504],[-0.076323,51.527877],[-0.076013,51.528125],[-0.075708,51.528354],[-0.075654,51.528395],[-0.075609,51.528437],[-0.075452,51.528601],[-0.075292,51.528807],[-0.074906,51.529417],[-0.074623,51.529793],[-0.074347,51.530014],[-0.074144,51.530144],[-0.074019,51.530215],[-0.073746,51.530342],[-0.073123,51.530571],[-0.072896,51.530648],[-0.072761,51.530692],[-0.072239,51.530841],[-0.0719,51.530878],[-0.071607,51.530924],[-0.071206,51.530959],[-0.070505,51.531004],[-0.069888,51.531028],[-0.069269,51.531032],[-0.067969,51.531095],[-0.067282,51.531142],[-0.066287,51.531228],[-0.066152,51.531505],[-0.065869,51.532019],[-0.065597,51.532463],[-0.065337,51.532938],[-0.065113,51.533219],[-0.065084,51.533177],[-0.064954,51.532902],[-0.063236,51.53308],[-0.062648,51.533186],[-0.062211,51.533249],[-0.062287,51.533391],[-0.062431,51.533614],[-0.062544,51.533791],[-0.06269,51.5341],[-0.062727,51.534235],[-0.062811,51.534636],[-0.062823,51.534992],[-0.06277,51.535101],[-0.062637,51.535301],[-0.062444,51.535518],[-0.062068,51.535458],[-0.061675,51.535288],[-0.061314,51.535016],[-0.060912,51.534681],[-0.060656,51.534448],[-0.060628,51.53443],[-0.060434,51.534329],[-0.060344,51.53429],[-0.060172,51.534233],[-0.059883,51.534158],[-0.059658,51.534125],[-0.059329,51.534096],[-0.059036,51.53409],[-0.058727,51.534113],[-0.058086,51.534203],[-0.057539,51.534343],[-0.057273,51.534428],[-0.056788,51.534607],[-0.056185,51.53482],[-0.055621,51.534985],[-0.055398,51.535044],[-0.05522,51.535086],[-0.055213,51.535086],[-0.055199,51.535089],[-0.055012,51.535112],[-0.054837,51.535123],[-0.054677,51.53516],[-0.054363,51.535178],[-0.054114,51.535164],[-0.05383,51.535136],[-0.05344,51.535083],[-0.052989,51.534973],[-0.052809,51.53493],[-0.052783,51.535171],[-0.052684,51.535532],[-0.052555,51.535721],[-0.052368,51.535915],[-0.052115,51.536086],[-0.051853,51.536221],[-0.051738,51.536271],[-0.051577,51.536331],[-0.051402,51.536386],[-0.05093,51.536458],[-0.050782,51.536472],[-0.050628,51.536476],[-0.050472,51.536474],[-0.050331,51.536465],[-0.050222,51.536453],[-0.049891,51.536398],[-0.049598,51.536332],[-0.049524,51.536312],[-0.049272,51.5362],[-0.048875,51.535992],[-0.048559,51.53578],[-0.048488,51.535738],[-0.048401,51.535697],[-0.048284,51.535653],[-0.04816,51.535621],[-0.048052,51.535602],[-0.047965,51.535592],[-0.047826,51.535585],[-0.047548,51.53553],[-0.047301,51.535507],[-0.047132,51.535497],[-0.046896,51.535492],[-0.045955,51.535605],[-0.044899,51.535793],[-0.044834,51.535809],[-0.044762,51.535834],[-0.044679,51.535871],[-0.044616,51.535907],[-0.044273,51.536142],[-0.043943,51.536425],[-0.043805,51.536485],[-0.043702,51.5365],[-0.04355,51.536463],[-0.043443,51.536502],[-0.042364,51.537002],[-0.04141,51.537462],[-0.041075,51.537764],[-0.040708,51.538103],[-0.040128,51.5387],[-0.039084,51.539642],[-0.038629,51.540097],[-0.037922,51.540766],[-0.037524,51.541147],[-0.037507,51.541214],[-0.037441,51.541262],[-0.037417,51.54128],[-0.037352,51.541331],[-0.037238,51.54135],[-0.037143,51.541422],[-0.037129,51.541433],[-0.037735,51.541796],[-0.036758,51.542464],[-0.035845,51.543017],[-0.035122,51.543364],[-0.03451,51.543657],[-0.034043,51.544057],[-0.033857,51.544215],[-0.033752,51.544308],[-0.033626,51.54442],[-0.033399,51.5446],[-0.03336,51.544629],[-0.033236,51.544676],[-0.033146,51.544687],[-0.033035,51.544677],[-0.032893,51.544629],[-0.031967,51.544085],[-0.031487,51.543799],[-0.031038,51.543542],[-0.030923,51.543484],[-0.030489,51.543382],[-0.029898,51.54324],[-0.029625,51.543131],[-0.029447,51.543031],[-0.029359,51.542877],[-0.029128,51.542571],[-0.028989,51.542295],[-0.028979,51.542276],[-0.02869,51.542334],[-0.028359,51.542407],[-0.027816,51.54254],[-0.02735,51.542665],[-0.027024,51.54275],[-0.026479,51.542901],[-0.025831,51.543123],[-0.025735,51.54316],[-0.02568,51.543201],[-0.025632,51.543247],[-0.025585,51.543363],[-0.025515,51.543342],[-0.025478,51.543272],[-0.025321,51.543235],[-0.023836,51.543326],[-0.023043,51.54335],[-0.023056,51.543386],[-0.022982,51.54339],[-0.022725,51.543394],[-0.022526,51.543405],[-0.022344,51.543407],[-0.022327,51.543425],[-0.02227,51.543489],[-0.021429,51.543519],[-0.020325,51.543585],[-0.019866,51.543587],[-0.019201,51.543596],[-0.018528,51.543569],[-0.017757,51.543467],[-0.017393,51.543431],[-0.017023,51.543396],[-0.016796,51.543348],[-0.016737,51.543396],[-0.016544,51.543366],[-0.016541,51.543311],[-0.016513,51.54319],[-0.016474,51.543073],[-0.016427,51.543],[-0.016285,51.542827],[-0.016065,51.542541],[-0.016087,51.54244],[-0.016168,51.542355],[-0.01618,51.542343],[-0.016314,51.542143],[-0.016409,51.541761],[-0.016488,51.541509],[-0.016607,51.541377],[-0.01676,51.541259],[-0.016977,51.5412],[-0.017206,51.541136],[-0.017434,51.541081],[-0.017595,51.541016],[-0.017724,51.540933],[-0.017774,51.540808],[-0.017742,51.540525],[-0.017784,51.54031],[-0.017852,51.540181],[-0.017918,51.54008],[-0.018079,51.539931],[-0.018283,51.539777],[-0.018619,51.539588],[-0.018783,51.539467],[-0.018889,51.539352],[-0.019001,51.539125],[-0.01912,51.538771],[-0.019207,51.538539],[-0.019399,51.538286],[-0.019469,51.538248],[-0.019473,51.538244],[-0.019481,51.538235],[-0.019644,51.538129],[-0.01974,51.538074],[-0.019876,51.538005],[-0.019977,51.53796],[-0.020175,51.537889],[-0.020531,51.53773],[-0.020556,51.537714],[-0.020573,51.537705],[-0.020798,51.537565],[-0.021062,51.537348],[-0.021218,51.537143],[-0.021237,51.537022],[-0.021215,51.536925],[-0.021193,51.536863],[-0.021148,51.536683],[-0.021143,51.536524],[-0.020948,51.536302],[-0.02084,51.536219],[-0.020571,51.536141],[-0.020412,51.536088],[-0.020115,51.535988],[-0.01989,51.535815],[-0.019677,51.535636],[-0.019528,51.535457],[-0.019319,51.535196],[-0.019137,51.534942],[-0.019055,51.534751],[-0.01901,51.534613],[-0.019004,51.534376],[-0.018976,51.534227],[-0.018936,51.534121],[-0.018849,51.534032],[-0.018641,51.53388],[-0.018348,51.533699],[-0.018163,51.533554],[-0.018098,51.533479],[-0.01796,51.533272],[-0.017959,51.533265],[-0.017945,51.533086],[-0.017983,51.533008],[-0.018014,51.532965],[-0.018151,51.532772],[-0.01821,51.53261],[-0.018205,51.532454],[-0.01817,51.532366],[-0.018006,51.532226],[-0.017751,51.531974],[-0.017519,51.531583],[-0.017425,51.531498],[-0.017416,51.53149],[-0.017157,51.531323],[-0.016831,51.531149],[-0.016445,51.530994],[-0.015485,51.53065],[-0.014931,51.530514],[-0.014551,51.530402],[-0.014253,51.530266],[-0.014148,51.530166],[-0.014056,51.530056],[-0.01404,51.530029],[-0.014021,51.530006],[-0.013939,51.529936],[-0.013651,51.529851],[-0.01362,51.529842],[-0.013147,51.529704],[-0.012648,51.529637],[-0.011848,51.529551],[-0.011151,51.529457],[-0.010901,51.529402],[-0.010759,51.529319],[-0.010609,51.529196],[-0.010541,51.529058],[-0.01046,51.528812],[-0.010404,51.528639],[-0.010326,51.528535],[-0.010185,51.5284],[-0.010024,51.528318],[-0.009407,51.527965],[-0.008905,51.527722],[-0.008699,51.527598],[-0.008559,51.527476],[-0.008431,51.527229],[-0.008341,51.527009],[-0.008202,51.526836],[-0.008017,51.526644],[-0.007733,51.526451],[-0.007609,51.526334],[-0.007497,51.526201],[-0.007441,51.526],[-0.007478,51.525778],[-0.007521,51.525641],[-0.007666,51.525467],[-0.007762,51.525378],[-0.0078,51.525344],[-0.007809,51.525325],[-0.007869,51.525202],[-0.007954,51.524958],[-0.008055,51.52413],[-0.008084,51.523823],[-0.008126,51.523589],[-0.008116,51.52342],[-0.008085,51.523327],[-0.00783,51.523011],[-0.007805,51.522981],[-0.007785,51.522834],[-0.007901,51.522564],[-0.008015,51.522371],[-0.008148,51.52228],[-0.00821,51.522097],[-0.008446,51.521638],[-0.008476,51.52158],[-0.008497,51.521563],[-0.008646,51.521448],[-0.00887,51.521093],[-0.009016,51.520754],[-0.009034,51.520537],[-0.009011,51.520282],[-0.008895,51.519891],[-0.008822,51.519788],[-0.008572,51.519649],[-0.007901,51.519365],[-0.007711,51.51928],[-0.007526,51.519194],[-0.007165,51.519011],[-0.006945,51.518874],[-0.006786,51.518748],[-0.006707,51.518671],[-0.00635,51.518302],[-0.006002,51.51782],[-0.005873,51.517616],[-0.005793,51.517427],[-0.00577,51.516937],[-0.005756,51.516885],[-0.005731,51.516836],[-0.0057,51.516794],[-0.00566,51.516754],[-0.005594,51.51671],[-0.005348,51.51659],[-0.005285,51.516577],[-0.005153,51.516563],[-0.005041,51.516559],[-0.00497,51.516561],[-0.004828,51.516584],[-0.004653,51.516634],[-0.004579,51.516667],[-0.004529,51.516698],[-0.004451,51.51676],[-0.004193,51.517035],[-0.004104,51.517132],[-0.003972,51.517343],[-0.003775,51.517623],[-0.003676,51.517704],[-0.003622,51.517736],[-0.003446,51.517805],[-0.003225,51.517876],[-0.002504,51.517974],[-0.002402,51.517977],[-0.002333,51.517974],[-0.002267,51.517965],[-0.00219,51.517948],[-0.002054,51.517898],[-0.001427,51.517569],[-0.000635,51.517175],[0.000599,51.516587],[0.001739,51.516205],[0.00198,51.516115],[0.002338,51.515979],[0.002573,51.515881],[0.002693,51.515829],[0.00301,51.515678],[0.003205,51.515573],[0.003642,51.51528],[0.003835,51.515131],[0.003925,51.51504],[0.004027,51.514893],[0.004075,51.514808],[0.004139,51.514638],[0.004117,51.514488],[0.004085,51.514386],[0.004051,51.514307],[0.004008,51.514231],[0.003834,51.513981],[0.003637,51.513675],[0.003522,51.513484],[0.003313,51.513105],[0.002789,51.512313],[0.002509,51.511799],[0.002381,51.51155],[0.002331,51.511432],[0.002281,51.511284],[0.00226,51.5112],[0.00225,51.511019],[0.002286,51.510884],[0.002334,51.510797],[0.00241,51.510703],[0.00248,51.51066],[0.00253,51.510638],[0.002617,51.510612],[0.003096,51.510545],[0.003313,51.510544],[0.003566,51.510548],[0.003739,51.510567],[0.003896,51.510608],[0.003965,51.510637],[0.00403,51.510669],[0.004107,51.510721],[0.004285,51.510905],[0.004347,51.510988],[0.004408,51.5111],[0.004458,51.511252],[0.004551,51.51148],[0.004647,51.511923],[0.004691,51.512209],[0.004652,51.512531],[0.004642,51.512799],[0.004709,51.513098],[0.004782,51.513285],[0.004848,51.513423],[0.004905,51.513489],[0.004945,51.513589],[0.005104,51.513787],[0.00528,51.513898],[0.005505,51.514132],[0.005586,51.514174],[0.006134,51.514334],[0.006302,51.514333],[0.006431,51.514351],[0.006675,51.514344],[0.006937,51.514313],[0.007131,51.51427],[0.00732,51.514194],[0.00739,51.514117],[0.00746,51.51401],[0.00757,51.513869],[0.007661,51.513765],[0.007875,51.51358],[0.007914,51.513499],[0.007924,51.513357],[0.008018,51.51323],[0.008056,51.512988],[0.008017,51.512714],[0.007882,51.51231],[0.007718,51.512174],[0.007667,51.512108],[0.0076,51.512021],[0.007433,51.511828],[0.007301,51.511751],[0.00722,51.511568],[0.006941,51.511123],[0.006662,51.510932],[0.006239,51.510589],[0.006204,51.510526],[0.006196,51.510467],[0.006136,51.510413],[0.006027,51.510226],[0.005963,51.510078],[0.005959,51.509989],[0.006023,51.509882],[0.006168,51.509773],[0.006267,51.509723],[0.00651,51.509639],[0.006803,51.509561],[0.007277,51.50949],[0.007677,51.50944],[0.007716,51.509438],[0.007851,51.509431],[0.008082,51.509382],[0.008482,51.509294],[0.008869,51.509189],[0.009077,51.509106],[0.009232,51.50903],[0.009438,51.508895],[0.009617,51.508722],[0.009692,51.508636],[0.009762,51.508548],[0.009842,51.508432],[0.00989,51.508328],[0.009891,51.508212],[0.009842,51.508085],[0.009675,51.50776],[0.009553,51.507633],[0.009373,51.507282],[0.009205,51.506978],[0.009077,51.506822],[0.008796,51.506578],[0.008306,51.506147],[0.007625,51.505511],[0.007348,51.505631],[0.005992,51.506163],[0.005201,51.506429],[0.004173,51.506712],[0.003982,51.506746],[0.003898,51.506754],[0.003637,51.506769],[0.003183,51.506752],[0.002725,51.506741],[0.002209,51.506739],[0.001392,51.506668],[0.000981,51.506575],[0.000674,51.506512],[0.000171,51.506396],[-0.00013,51.506319],[-0.000892,51.506059],[-0.001291,51.50587],[-0.001973,51.505452],[-0.002427,51.505152],[-0.002636,51.504967],[-0.002848,51.50482],[-0.003022,51.504659],[-0.003202,51.504483],[-0.003336,51.504306],[-0.003528,51.504112],[-0.00369,51.503916],[-0.004007,51.503617],[-0.004299,51.503239],[-0.004484,51.502942],[-0.004536,51.50281],[-0.004641,51.502512],[-0.004795,51.502112],[-0.004836,51.501961],[-0.004911,51.50183],[-0.005009,51.501678],[-0.005054,51.501574],[-0.00511,51.501461],[-0.005149,51.501244],[-0.00515,51.501072],[-0.005151,51.501023],[-0.005151,51.50095],[-0.005153,51.500886],[-0.005056,51.500727],[-0.004968,51.500372],[-0.00492,51.500139],[-0.004577,51.499003],[-0.00445,51.498636],[-0.00435,51.498379],[-0.004305,51.498272],[-0.004137,51.497925],[-0.003979,51.497615],[-0.003632,51.497123],[-0.002798,51.495669],[-0.002443,51.495108],[-0.002282,51.4949],[-0.002184,51.494777],[-0.002116,51.494692],[-0.002085,51.494661],[-0.001994,51.494553],[-0.001575,51.49409],[-0.001415,51.493859],[-0.001187,51.49349],[-0.001055,51.493315],[-0.000998,51.493075],[-0.000776,51.492556],[-0.000651,51.492161],[-0.000389,51.49139],[-0.000423,51.490914],[-0.000423,51.490823],[-0.000421,51.490663],[-0.000449,51.490306],[-0.000484,51.490078],[-0.000555,51.489844],[-0.000678,51.489534],[-0.000915,51.489112],[-0.001152,51.488713],[-0.00145,51.488307],[-0.001719,51.488016],[-0.002149,51.487643],[-0.002927,51.487145],[-0.003384,51.486903],[-0.004529,51.486324],[-0.004719,51.486257],[-0.005117,51.486081],[-0.005355,51.48597],[-0.005529,51.485906],[-0.005624,51.485872],[-0.005901,51.485782],[-0.006218,51.485697],[-0.00671,51.485583],[-0.006941,51.485512],[-0.007439,51.48536],[-0.007932,51.485209],[-0.01058,51.484733],[-0.010806,51.484705],[-0.011032,51.484679],[-0.012759,51.484527],[-0.012861,51.484508],[-0.013167,51.484503],[-0.013776,51.484522],[-0.014531,51.484555],[-0.014776,51.484553],[-0.015108,51.484569],[-0.015448,51.48458],[-0.015636,51.484586],[-0.015907,51.484617],[-0.016336,51.48464],[-0.01652,51.484664],[-0.01656,51.484669],[-0.01676,51.484696],[-0.017402,51.484779],[-0.017425,51.484779],[-0.017624,51.484773],[-0.018005,51.484823],[-0.018788,51.485045],[-0.018943,51.485087],[-0.019447,51.485224],[-0.019994,51.485388],[-0.021055,51.485775],[-0.021365,51.485894],[-0.021858,51.486092],[-0.022992,51.486576],[-0.023418,51.486787],[-0.023491,51.486823],[-0.023528,51.486841],[-0.023798,51.486982],[-0.024117,51.487172],[-0.024373,51.487321],[-0.024667,51.487485],[-0.024817,51.487597],[-0.025096,51.487785],[-0.025955,51.488396],[-0.026572,51.488854],[-0.026771,51.489018],[-0.027078,51.489295],[-0.027259,51.489435],[-0.027491,51.489704],[-0.02782,51.490056],[-0.028143,51.490502],[-0.028361,51.490806],[-0.028981,51.491627],[-0.029307,51.492182],[-0.029603,51.492686],[-0.029743,51.492925],[-0.029789,51.493031],[-0.029921,51.493564],[-0.02999,51.493985],[-0.030008,51.494088]]]}},
{"type":"Feature","properties":{"fid":29,"objectid":29,"name":"Islington","gss_code":"E09000019","hectares":1485.664,"nonld_area":0,"ons_inner":"T","sub_2011":"Central","in_cw":false,"whole_in_zone":false},"geometry":{"type":"Polygon","coordinates":[[[-0.138369,51.556862],[-0.138489,51.557011],[-0.139242,51.558013],[-0.139425,51.558259],[-0.139667,51.558587],[-0.140503,51.559806],[-0.140676,51.559983],[-0.140778,51.560068],[-0.140858,51.560152],[-0.140912,51.56022],[-0.14098,51.560354],[-0.141006,51.560432],[-0.141031,51.560531],[-0.141052,51.560713],[-0.141006,51.561055],[-0.141017,51.561172],[-0.141017,51.561242],[-0.140992,51.5614],[-0.140971,51.561468],[-0.140779,51.561913],[-0.140673,51.562111],[-0.140633,51.562209],[-0.140613,51.56228],[-0.140572,51.56255],[-0.140567,51.562845],[-0.140597,51.563067],[-0.140693,51.563255],[-0.140729,51.56335],[-0.140777,51.563528],[-0.140791,51.563636],[-0.140791,51.563856],[-0.140657,51.564249],[-0.140647,51.564308],[-0.140642,51.564374],[-0.140645,51.564465],[-0.140656,51.564555],[-0.140664,51.56459],[-0.14101,51.565163],[-0.141086,51.565329],[-0.14112,51.565419],[-0.141171,51.565674],[-0.141176,51.565698],[-0.141278,51.566113],[-0.141516,51.567283],[-0.141645,51.567692],[-0.141864,51.56832],[-0.142199,51.568685],[-0.142511,51.568925],[-0.142475,51.569016],[-0.14239,51.569123],[-0.142145,51.56915],[-0.141562,51.569264],[-0.14089,51.569354],[-0.14068,51.5694],[-0.140495,51.56948],[-0.139464,51.570003],[-0.139069,51.570213],[-0.138831,51.570339],[-0.138651,51.570463],[-0.138422,51.570559],[-0.138403,51.570569],[-0.138318,51.570603],[-0.138047,51.570715],[-0.13757,51.570944],[-0.137259,51.571055],[-0.136867,51.571185],[-0.136678,51.571258],[-0.136525,51.57133],[-0.136145,51.571531],[-0.135879,51.571634],[-0.135577,51.571743],[-0.135232,51.571887],[-0.135165,51.571916],[-0.134199,51.572443],[-0.133401,51.572869],[-0.13337,51.572886],[-0.133086,51.573019],[-0.132951,51.573073],[-0.132776,51.573132],[-0.132656,51.573169],[-0.132328,51.573252],[-0.13189,51.573378],[-0.131707,51.573439],[-0.131586,51.573493],[-0.131364,51.573566],[-0.131172,51.573607],[-0.130999,51.573632],[-0.130504,51.573703],[-0.129726,51.57381],[-0.129349,51.57385],[-0.12873,51.573935],[-0.127471,51.574156],[-0.127098,51.574119],[-0.126752,51.574131],[-0.126674,51.574127],[-0.126504,51.574107],[-0.126207,51.574049],[-0.12613,51.574025],[-0.125452,51.574045],[-0.125451,51.574045],[-0.12508,51.574077],[-0.124855,51.5741],[-0.124688,51.574133],[-0.124597,51.574157],[-0.124552,51.574273],[-0.124528,51.574364],[-0.124481,51.57436],[-0.124379,51.574351],[-0.124258,51.574345],[-0.124094,51.574407],[-0.123935,51.574519],[-0.123819,51.574615],[-0.123797,51.574632],[-0.12375,51.574665],[-0.123583,51.574672],[-0.12341,51.574683],[-0.123248,51.574687],[-0.122382,51.574972],[-0.122345,51.574912],[-0.121769,51.575062],[-0.12175,51.575068],[-0.121733,51.575029],[-0.119903,51.57546],[-0.119625,51.575508],[-0.119543,51.575511],[-0.119514,51.575511],[-0.119368,51.57526],[-0.119213,51.574996],[-0.119238,51.574981],[-0.119115,51.5749],[-0.118864,51.574736],[-0.118873,51.574733],[-0.119462,51.574428],[-0.119541,51.574387],[-0.119038,51.574372],[-0.118842,51.574366],[-0.118209,51.574262],[-0.117774,51.574191],[-0.11756,51.574151],[-0.117425,51.574043],[-0.117159,51.573828],[-0.116561,51.573375],[-0.115793,51.572826],[-0.11556,51.572575],[-0.116102,51.572193],[-0.116074,51.572182],[-0.115723,51.572036],[-0.11538,51.571894],[-0.115576,51.571625],[-0.11558,51.571621],[-0.115482,51.571559],[-0.115174,51.571435],[-0.115117,51.571413],[-0.115113,51.571322],[-0.115134,51.570833],[-0.11514,51.570675],[-0.115068,51.57065],[-0.115022,51.570636],[-0.11502,51.570614],[-0.115017,51.570577],[-0.111595,51.569056],[-0.110682,51.568608],[-0.110646,51.568591],[-0.110311,51.568423],[-0.109283,51.567795],[-0.10903,51.567654],[-0.108835,51.567536],[-0.10879,51.567509],[-0.108589,51.567378],[-0.108397,51.56724],[-0.108295,51.567161],[-0.107818,51.566792],[-0.107744,51.566725],[-0.107585,51.566553],[-0.107304,51.566334],[-0.106996,51.566126],[-0.106878,51.566039],[-0.106608,51.56583],[-0.106179,51.565541],[-0.104846,51.564638],[-0.104578,51.564767],[-0.104438,51.564835],[-0.104376,51.564783],[-0.104365,51.564774],[-0.104485,51.564708],[-0.103768,51.564324],[-0.102139,51.563291],[-0.10206,51.563237],[-0.101904,51.563104],[-0.10149,51.562796],[-0.101391,51.562732],[-0.101304,51.562683],[-0.101076,51.562583],[-0.100973,51.56252],[-0.100935,51.562496],[-0.100839,51.562419],[-0.099454,51.561487],[-0.098562,51.56084],[-0.096006,51.561229],[-0.095733,51.561177],[-0.094799,51.560967],[-0.094473,51.560872],[-0.094265,51.560799],[-0.09373,51.560554],[-0.093609,51.560517],[-0.093315,51.560491],[-0.0931,51.560481],[-0.092959,51.560468],[-0.092742,51.56044],[-0.092256,51.560298],[-0.092142,51.560279],[-0.091677,51.560224],[-0.091565,51.560162],[-0.09153,51.560065],[-0.091485,51.559968],[-0.091224,51.559562],[-0.091021,51.559264],[-0.090858,51.559],[-0.090745,51.558777],[-0.090532,51.558319],[-0.090349,51.55792],[-0.090285,51.557825],[-0.090266,51.557796],[-0.090357,51.557728],[-0.090394,51.557674],[-0.090294,51.556695],[-0.09024,51.555804],[-0.090282,51.555363],[-0.090307,51.554935],[-0.090367,51.554425],[-0.090377,51.554152],[-0.090232,51.554148],[-0.090011,51.554141],[-0.089847,51.554075],[-0.089727,51.554032],[-0.08962,51.55398],[-0.089503,51.553913],[-0.089273,51.553743],[-0.089024,51.553815],[-0.088562,51.55395],[-0.087719,51.552947],[-0.08763,51.552898],[-0.087526,51.552825],[-0.08733,51.552745],[-0.086967,51.552669],[-0.086763,51.552626],[-0.086483,51.552575],[-0.086325,51.552536],[-0.086244,51.552507],[-0.086053,51.552429],[-0.085613,51.552206],[-0.085478,51.552164],[-0.085378,51.552141],[-0.085275,51.552125],[-0.085154,51.552115],[-0.084672,51.552048],[-0.084606,51.552043],[-0.084486,51.552047],[-0.084353,51.552069],[-0.083688,51.552131],[-0.083191,51.552141],[-0.081095,51.551978],[-0.080261,51.551911],[-0.079937,51.551871],[-0.079698,51.551814],[-0.079553,51.55174],[-0.079483,51.551695],[-0.079435,51.551667],[-0.079307,51.55159],[-0.079015,51.551336],[-0.078842,51.551146],[-0.078777,51.551065],[-0.078658,51.550944],[-0.077879,51.549675],[-0.077723,51.549466],[-0.077692,51.549422],[-0.077064,51.548679],[-0.07689,51.548432],[-0.076731,51.54816],[-0.076702,51.54812],[-0.076609,51.547936],[-0.076415,51.547319],[-0.076389,51.546976],[-0.076347,51.546655],[-0.076331,51.546424],[-0.076351,51.546354],[-0.076813,51.546081],[-0.078294,51.546243],[-0.079693,51.546351],[-0.083139,51.546578],[-0.083812,51.546605],[-0.083603,51.545226],[-0.083634,51.545066],[-0.08406,51.543931],[-0.084663,51.542384],[-0.085468,51.540378],[-0.085656,51.539783],[-0.08601,51.538736],[-0.086378,51.537734],[-0.086436,51.537553],[-0.086544,51.537404],[-0.086591,51.537257],[-0.086789,51.53727],[-0.08706,51.537222],[-0.087383,51.53714],[-0.087675,51.537027],[-0.088173,51.536781],[-0.088635,51.536549],[-0.089113,51.536295],[-0.089664,51.53601],[-0.089692,51.535995],[-0.090231,51.53576],[-0.090747,51.535505],[-0.091349,51.535244],[-0.091562,51.535139],[-0.091955,51.534946],[-0.092522,51.53467],[-0.093258,51.534336],[-0.093753,51.534127],[-0.09396,51.53404],[-0.094458,51.533857],[-0.094527,51.533894],[-0.095024,51.533707],[-0.095019,51.533635],[-0.095986,51.533285],[-0.096138,51.533235],[-0.096526,51.533112],[-0.097008,51.532984],[-0.096235,51.531863],[-0.095869,51.531311],[-0.095499,51.530788],[-0.095292,51.530466],[-0.095087,51.530054],[-0.095057,51.529928],[-0.095056,51.529862],[-0.095067,51.529794],[-0.095116,51.529669],[-0.095379,51.529195],[-0.089575,51.527706],[-0.089151,51.527585],[-0.089024,51.527549],[-0.088754,51.527445],[-0.088637,51.527392],[-0.088572,51.527355],[-0.088526,51.527318],[-0.088459,51.527241],[-0.088284,51.527071],[-0.088106,51.526819],[-0.087812,51.526234],[-0.087778,51.526109],[-0.087414,51.52596],[-0.087268,51.525921],[-0.087006,51.525851],[-0.086769,51.525791],[-0.08643,51.525866],[-0.086273,51.525903],[-0.084994,51.526205],[-0.084883,51.525879],[-0.084725,51.525417],[-0.085005,51.525207],[-0.085245,51.52485],[-0.085384,51.524595],[-0.085417,51.524513],[-0.085085,51.524429],[-0.085113,51.523927],[-0.084502,51.523899],[-0.084197,51.523903],[-0.084289,51.523603],[-0.084312,51.523403],[-0.084415,51.522492],[-0.084498,51.522073],[-0.084677,51.521608],[-0.08488,51.520995],[-0.085041,51.520631],[-0.085192,51.520336],[-0.08535,51.52013],[-0.08553,51.519833],[-0.085788,51.519429],[-0.085879,51.519291],[-0.086201,51.51881],[-0.086331,51.518846],[-0.087517,51.519201],[-0.088103,51.519412],[-0.088613,51.519573],[-0.089277,51.519782],[-0.08968,51.519891],[-0.089755,51.519911],[-0.089978,51.519972],[-0.089679,51.520691],[-0.089667,51.520717],[-0.090238,51.520802],[-0.0909,51.520881],[-0.091346,51.520941],[-0.091796,51.520982],[-0.09215,51.521016],[-0.092349,51.521029],[-0.092491,51.521488],[-0.093276,51.521335],[-0.093389,51.521526],[-0.093567,51.521497],[-0.093589,51.521587],[-0.093849,51.521541],[-0.094319,51.521485],[-0.094384,51.521747],[-0.094597,51.522315],[-0.094903,51.522856],[-0.095063,51.523139],[-0.095962,51.522911],[-0.095991,51.522956],[-0.096444,51.522823],[-0.096598,51.523178],[-0.096659,51.523168],[-0.096672,51.523165],[-0.096688,51.523194],[-0.09676,51.523323],[-0.097947,51.522879],[-0.097908,51.522844],[-0.097876,51.522812],[-0.097761,51.522688],[-0.097675,51.522576],[-0.097614,51.522484],[-0.097486,51.522233],[-0.097358,51.521856],[-0.097349,51.521729],[-0.097367,51.52163],[-0.097377,51.521595],[-0.097491,51.521605],[-0.097542,51.521305],[-0.097598,51.521034],[-0.097644,51.520724],[-0.098425,51.520588],[-0.098876,51.520499],[-0.099323,51.52037],[-0.099629,51.520285],[-0.100084,51.520143],[-0.100232,51.520137],[-0.100275,51.52013],[-0.100404,51.520111],[-0.100777,51.519989],[-0.101047,51.519911],[-0.101549,51.519751],[-0.101795,51.519667],[-0.102058,51.519577],[-0.103231,51.519209],[-0.10473,51.51875],[-0.105315,51.518546],[-0.105324,51.518543],[-0.105464,51.519138],[-0.105859,51.520286],[-0.106011,51.520686],[-0.106139,51.520922],[-0.106327,51.521268],[-0.106476,51.521496],[-0.106622,51.521691],[-0.106995,51.522191],[-0.108249,51.522092],[-0.10826,51.522097],[-0.108311,51.522148],[-0.108576,51.522462],[-0.108733,51.522694],[-0.108941,51.522987],[-0.108966,51.523021],[-0.109219,51.522929],[-0.109296,51.522945],[-0.109456,51.523017],[-0.109579,51.523073],[-0.109784,51.523101],[-0.109959,51.523143],[-0.110577,51.523273],[-0.111176,51.523399],[-0.111859,51.523563],[-0.112169,51.523651],[-0.112332,51.523702],[-0.112537,51.523796],[-0.113186,51.524239],[-0.113481,51.524433],[-0.113586,51.524536],[-0.113654,51.524612],[-0.113855,51.524907],[-0.114077,51.525283],[-0.114181,51.525461],[-0.114228,51.525519],[-0.11371,51.525881],[-0.113199,51.526238],[-0.112924,51.526411],[-0.113412,51.526525],[-0.1136,51.526589],[-0.113735,51.526635],[-0.113799,51.52668],[-0.114469,51.527073],[-0.11468,51.527204],[-0.115278,51.527598],[-0.115407,51.527724],[-0.11545,51.527783],[-0.115503,51.52787],[-0.115544,51.527959],[-0.115655,51.528321],[-0.115701,51.528727],[-0.115758,51.529456],[-0.115781,51.529546],[-0.115815,51.529628],[-0.115854,51.529692],[-0.115918,51.529771],[-0.115991,51.529845],[-0.116027,51.529875],[-0.116507,51.530097],[-0.117077,51.530284],[-0.117532,51.530409],[-0.118115,51.53056],[-0.118986,51.530748],[-0.11987,51.530939],[-0.121193,51.53085],[-0.12197,51.530791],[-0.12253,51.530728],[-0.122528,51.530832],[-0.122538,51.53111],[-0.122439,51.532739],[-0.122335,51.534045],[-0.122315,51.534568],[-0.122315,51.534588],[-0.122313,51.535521],[-0.122303,51.535824],[-0.122315,51.53607],[-0.122327,51.536311],[-0.122348,51.536572],[-0.122375,51.536887],[-0.122495,51.537364],[-0.122581,51.537621],[-0.122699,51.537921],[-0.12305,51.5385],[-0.12315,51.538645],[-0.123352,51.538893],[-0.123709,51.53924],[-0.124025,51.539517],[-0.124272,51.539816],[-0.124835,51.540596],[-0.124983,51.540859],[-0.12506,51.541118],[-0.125067,51.541194],[-0.125241,51.541461],[-0.125454,51.541761],[-0.125664,51.542113],[-0.125715,51.542482],[-0.125801,51.542739],[-0.125875,51.542919],[-0.125913,51.543049],[-0.125884,51.543188],[-0.125968,51.543557],[-0.126129,51.544195],[-0.126336,51.545063],[-0.12637,51.545191],[-0.126484,51.545617],[-0.126628,51.546107],[-0.126862,51.546998],[-0.127063,51.547456],[-0.127113,51.54753],[-0.127147,51.547611],[-0.127178,51.547665],[-0.127243,51.547744],[-0.127584,51.548039],[-0.127674,51.548106],[-0.127756,51.548174],[-0.127946,51.548308],[-0.12821,51.548429],[-0.129112,51.548841],[-0.129321,51.548972],[-0.129324,51.548972],[-0.129809,51.549322],[-0.13,51.549487],[-0.130137,51.54962],[-0.130319,51.549895],[-0.130689,51.55066],[-0.130736,51.550873],[-0.130788,51.55122],[-0.130811,51.551287],[-0.130853,51.55136],[-0.1309,51.551421],[-0.131001,51.551514],[-0.131219,51.551653],[-0.131329,51.551716],[-0.131815,51.551969],[-0.132136,51.552123],[-0.133225,51.552838],[-0.133979,51.553362],[-0.134354,51.553623],[-0.134614,51.553862],[-0.134697,51.55395],[-0.134858,51.554141],[-0.135063,51.554434],[-0.135121,51.554499],[-0.135178,51.554551],[-0.13523,51.55459],[-0.135312,51.55464],[-0.135449,51.554706],[-0.135887,51.55486],[-0.136518,51.555048],[-0.136992,51.555292],[-0.137153,51.555399],[-0.137247,51.555478],[-0.137358,51.555599],[-0.13742,51.555687],[-0.138369,51.556862]]]}},
{"type":"Feature","properties":{"fid":30,"objectid":30,"name":"Hackney","gss_code":"E09000012","hectares":1904.902,"nonld_area":0,"ons_inner":"T","sub_2011":"East","in_cw":false,"whole_in_zone":false},"geometry":{"type":"Polygon","coordinates":[[[-0.097639,51.573655],[-0.097533,51.573679],[-0.097316,51.573743],[-0.097276,51.573751],[-0.0972,51.573764],[-0.097125,51.573776],[-0.097049,51.573787],[-0.096974,51.573796],[-0.096924,51.573801],[-0.096877,51.573807],[-0.096829,51.57381],[-0.096782,51.573814],[-0.096752,51.573815],[-0.096706,51.573817],[-0.096661,51.573818],[-0.096616,51.573818],[-0.096587,51.573817],[-0.096543,51.573816],[-0.096498,51.573814],[-0.096102,51.57373],[-0.09554,51.573646],[-0.095514,51.573643],[-0.095418,51.573634],[-0.095321,51.573626],[-0.095225,51.57362],[-0.095128,51.573615],[-0.095098,51.573613],[-0.095069,51.573612],[-0.09504,51.57361],[-0.095012,51.573608],[-0.094983,51.573607],[-0.094954,51.573606],[-0.094925,51.573604],[-0.094896,51.573604],[-0.094868,51.573604],[-0.094685,51.573591],[-0.09455,51.573632],[-0.094277,51.573747],[-0.093801,51.573918],[-0.093699,51.573948],[-0.093557,51.573977],[-0.093515,51.573982],[-0.093221,51.57402],[-0.093125,51.57403],[-0.09304,51.574038],[-0.093021,51.574038],[-0.092939,51.574039],[-0.092858,51.574039],[-0.092776,51.574037],[-0.092694,51.574034],[-0.092655,51.574029],[-0.092487,51.574011],[-0.092317,51.573997],[-0.092149,51.573985],[-0.09213,51.573984],[-0.09209,51.573981],[-0.092049,51.573977],[-0.092008,51.573975],[-0.091967,51.573972],[-0.091927,51.573971],[-0.091885,51.573971],[-0.091861,51.573972],[-0.091819,51.573973],[-0.091775,51.573975],[-0.091733,51.573978],[-0.091606,51.573982],[-0.091563,51.573986],[-0.091521,51.57399],[-0.091463,51.573996],[-0.091364,51.574006],[-0.091239,51.574032],[-0.090972,51.574105],[-0.090635,51.574221],[-0.090326,51.574322],[-0.090271,51.574344],[-0.090163,51.574359],[-0.090122,51.574367],[-0.090067,51.574376],[-0.089956,51.574388],[-0.089811,51.574396],[-0.089518,51.574392],[-0.089396,51.574384],[-0.089328,51.574381],[-0.089262,51.574374],[-0.089194,51.57437],[-0.089128,51.574365],[-0.088992,51.574349],[-0.08896,51.574347],[-0.088813,51.574336],[-0.088613,51.574322],[-0.088388,51.574335],[-0.088077,51.574384],[-0.087971,51.574396],[-0.087875,51.574402],[-0.087766,51.574403],[-0.087688,51.574403],[-0.087581,51.574397],[-0.087396,51.574384],[-0.086847,51.574295],[-0.08684,51.574374],[-0.086929,51.574458],[-0.087018,51.574504],[-0.087148,51.574496],[-0.087155,51.57452],[-0.087206,51.574703],[-0.086638,51.574756],[-0.086063,51.574845],[-0.08603,51.57485],[-0.085828,51.574879],[-0.085664,51.57504],[-0.08488,51.575122],[-0.083796,51.575186],[-0.083586,51.575192],[-0.082775,51.575313],[-0.082209,51.575366],[-0.081822,51.575455],[-0.080851,51.575643],[-0.080836,51.575589],[-0.079811,51.575535],[-0.079815,51.575501],[-0.079323,51.575478],[-0.078933,51.575437],[-0.078443,51.575364],[-0.078043,51.575298],[-0.077999,51.57529],[-0.078004,51.575269],[-0.078006,51.575261],[-0.077543,51.57518],[-0.07752,51.575236],[-0.077496,51.575231],[-0.077027,51.575137],[-0.077068,51.57508],[-0.077031,51.575074],[-0.076221,51.574934],[-0.075948,51.575255],[-0.075873,51.57535],[-0.075759,51.575494],[-0.075728,51.575483],[-0.075405,51.575368],[-0.075349,51.575346],[-0.075298,51.575327],[-0.07518,51.575333],[-0.07515,51.575556],[-0.074409,51.57561],[-0.07441,51.575615],[-0.074423,51.575684],[-0.074368,51.575687],[-0.074349,51.57562],[-0.07421,51.575631],[-0.073974,51.575651],[-0.073737,51.575671],[-0.073737,51.575707],[-0.073615,51.575712],[-0.073603,51.575651],[-0.073599,51.575626],[-0.073519,51.575629],[-0.07352,51.575604],[-0.073018,51.575643],[-0.072743,51.575656],[-0.072488,51.575614],[-0.072353,51.575634],[-0.072341,51.575633],[-0.072296,51.575642],[-0.071895,51.575702],[-0.071868,51.575706],[-0.071832,51.575619],[-0.071827,51.575607],[-0.070909,51.575692],[-0.070462,51.575804],[-0.069951,51.575882],[-0.069705,51.575927],[-0.069464,51.575966],[-0.069305,51.575992],[-0.068724,51.576095],[-0.068306,51.576143],[-0.067969,51.576195],[-0.067405,51.576266],[-0.067347,51.57627],[-0.067209,51.576282],[-0.067064,51.576303],[-0.066712,51.576359],[-0.066758,51.576621],[-0.066103,51.576732],[-0.065447,51.576864],[-0.064596,51.577021],[-0.064208,51.577153],[-0.063741,51.577247],[-0.062691,51.577469],[-0.061159,51.577786],[-0.060969,51.577422],[-0.060665,51.57684],[-0.060308,51.576164],[-0.060058,51.575604],[-0.059979,51.575425],[-0.059716,51.575024],[-0.059661,51.574939],[-0.059347,51.574433],[-0.059054,51.574071],[-0.058839,51.573757],[-0.058722,51.573516],[-0.058717,51.573505],[-0.058568,51.573206],[-0.058507,51.572941],[-0.058471,51.572716],[-0.058425,51.572581],[-0.058405,51.572527],[-0.0582,51.572326],[-0.057565,51.571899],[-0.05708,51.571612],[-0.056745,51.571357],[-0.056596,51.570995],[-0.056373,51.570796],[-0.056146,51.570673],[-0.055985,51.57061],[-0.055844,51.57056],[-0.055755,51.57055],[-0.05555,51.570539],[-0.055265,51.57054],[-0.054954,51.570501],[-0.054766,51.570459],[-0.054653,51.570421],[-0.05453,51.570364],[-0.054413,51.5703],[-0.054266,51.570198],[-0.05415,51.570075],[-0.053509,51.569007],[-0.053358,51.568745],[-0.053268,51.568664],[-0.053133,51.568575],[-0.052799,51.568395],[-0.051908,51.567993],[-0.051157,51.567726],[-0.051149,51.567723],[-0.050827,51.567578],[-0.050762,51.56754],[-0.050663,51.567468],[-0.050421,51.567216],[-0.049826,51.566855],[-0.049124,51.566394],[-0.049028,51.566319],[-0.048933,51.56623],[-0.048541,51.565914],[-0.048407,51.565808],[-0.04828,51.565715],[-0.048213,51.565668],[-0.04764,51.565325],[-0.047521,51.56524],[-0.047457,51.565185],[-0.04681,51.564519],[-0.046774,51.564458],[-0.046744,51.56442],[-0.046701,51.564381],[-0.046675,51.564311],[-0.04666,51.564285],[-0.046647,51.564259],[-0.046637,51.564232],[-0.046626,51.564206],[-0.046617,51.564179],[-0.046612,51.564161],[-0.046605,51.564134],[-0.046599,51.564107],[-0.046594,51.56408],[-0.046591,51.564052],[-0.046589,51.564025],[-0.046589,51.563998],[-0.046591,51.56397],[-0.046593,51.563965],[-0.046597,51.563945],[-0.046602,51.563926],[-0.046609,51.563906],[-0.046617,51.563888],[-0.046625,51.563869],[-0.046634,51.56385],[-0.046644,51.563831],[-0.046654,51.563813],[-0.046667,51.563795],[-0.046679,51.563776],[-0.046691,51.563758],[-0.046699,51.563749],[-0.046716,51.563726],[-0.046736,51.563703],[-0.046755,51.563681],[-0.046776,51.56366],[-0.046798,51.563639],[-0.046822,51.563618],[-0.046828,51.563613],[-0.047002,51.563418],[-0.047174,51.563246],[-0.04719,51.563228],[-0.047205,51.563211],[-0.047219,51.563194],[-0.047233,51.563175],[-0.047245,51.563157],[-0.047256,51.563138],[-0.047267,51.56312],[-0.047273,51.563108],[-0.047277,51.563101],[-0.047285,51.563081],[-0.04729,51.563068],[-0.047296,51.563048],[-0.047303,51.563029],[-0.047306,51.56301],[-0.047312,51.562989],[-0.047314,51.56297],[-0.047315,51.56295],[-0.047316,51.56293],[-0.047315,51.56291],[-0.047313,51.56289],[-0.047311,51.562871],[-0.047306,51.562851],[-0.047305,51.562845],[-0.047298,51.562828],[-0.047292,51.56281],[-0.047285,51.562793],[-0.047276,51.562775],[-0.047268,51.562759],[-0.047257,51.562742],[-0.047246,51.562725],[-0.047234,51.562709],[-0.047222,51.562693],[-0.047208,51.562677],[-0.047193,51.562662],[-0.047178,51.562647],[-0.047161,51.562632],[-0.04716,51.562631],[-0.047141,51.562617],[-0.047125,51.562603],[-0.047106,51.562591],[-0.047087,51.562579],[-0.047066,51.562567],[-0.047046,51.562556],[-0.047025,51.562545],[-0.047002,51.562533],[-0.04698,51.562523],[-0.046957,51.562513],[-0.046934,51.562504],[-0.046912,51.562494],[-0.046887,51.562485],[-0.046877,51.562481],[-0.046845,51.562468],[-0.046809,51.562456],[-0.046775,51.562444],[-0.04674,51.562434],[-0.046702,51.562423],[-0.046667,51.562414],[-0.04663,51.562405],[-0.046591,51.562397],[-0.046554,51.56239],[-0.046542,51.562387],[-0.046038,51.562313],[-0.0457,51.562252],[-0.045679,51.562234],[-0.045328,51.561934],[-0.045077,51.56176],[-0.044714,51.561691],[-0.044448,51.561704],[-0.044338,51.561716],[-0.044119,51.561738],[-0.043708,51.561721],[-0.043347,51.561603],[-0.042767,51.56144],[-0.042685,51.561419],[-0.042512,51.561381],[-0.042363,51.561368],[-0.042166,51.561383],[-0.041862,51.561416],[-0.041687,51.561444],[-0.041052,51.561615],[-0.040715,51.561718],[-0.040584,51.561745],[-0.04045,51.561765],[-0.040288,51.561781],[-0.040165,51.561789],[-0.04005,51.56178],[-0.039884,51.561714],[-0.039698,51.561628],[-0.039348,51.561416],[-0.039207,51.561315],[-0.039082,51.56123],[-0.038956,51.561175],[-0.038811,51.561162],[-0.0387,51.561168],[-0.038459,51.561164],[-0.03834,51.56117],[-0.038111,51.561192],[-0.037923,51.561218],[-0.037656,51.56127],[-0.037214,51.561422],[-0.03706,51.561458],[-0.036937,51.56148],[-0.036788,51.5615],[-0.036665,51.56151],[-0.036581,51.561513],[-0.036389,51.561506],[-0.035988,51.561456],[-0.035236,51.561281],[-0.035,51.561208],[-0.034881,51.56116],[-0.034701,51.561073],[-0.03424,51.560869],[-0.033851,51.560721],[-0.033644,51.560669],[-0.033489,51.560642],[-0.033281,51.560623],[-0.032848,51.560631],[-0.032542,51.56068],[-0.032151,51.560765],[-0.031664,51.560919],[-0.03117,51.561114],[-0.031119,51.561137],[-0.031066,51.561158],[-0.031012,51.561177],[-0.030956,51.561196],[-0.030901,51.561214],[-0.030845,51.561231],[-0.030811,51.561241],[-0.030754,51.561257],[-0.030696,51.561271],[-0.030638,51.561284],[-0.030578,51.561297],[-0.030519,51.561309],[-0.030459,51.561319],[-0.030398,51.561329],[-0.030337,51.561337],[-0.030275,51.561344],[-0.030264,51.561346],[-0.030204,51.561352],[-0.030143,51.561357],[-0.030091,51.561362],[-0.030082,51.561362],[-0.030021,51.561366],[-0.029766,51.56136],[-0.029729,51.561356],[-0.029693,51.56135],[-0.029562,51.56134],[-0.029349,51.561325],[-0.029143,51.561285],[-0.028525,51.561074],[-0.0281,51.56091],[-0.027864,51.56081],[-0.027504,51.560678],[-0.026825,51.560369],[-0.026479,51.560205],[-0.026344,51.560144],[-0.026173,51.560067],[-0.025863,51.559925],[-0.025507,51.559694],[-0.025111,51.559399],[-0.024922,51.55924],[-0.024732,51.559074],[-0.024629,51.558984],[-0.024518,51.55888],[-0.02442,51.55875],[-0.02435,51.558658],[-0.024251,51.558488],[-0.024177,51.558299],[-0.024044,51.557929],[-0.023955,51.557621],[-0.023941,51.557374],[-0.023892,51.55737],[-0.023526,51.557334],[-0.023067,51.557281],[-0.023006,51.557272],[-0.02253,51.557054],[-0.021906,51.556759],[-0.020747,51.556241],[-0.020385,51.556074],[-0.019132,51.555494],[-0.0188,51.555342],[-0.018444,51.555177],[-0.018048,51.554088],[-0.017923,51.554213],[-0.017772,51.553966],[-0.017648,51.553728],[-0.017477,51.553394],[-0.017279,51.552389],[-0.017162,51.551711],[-0.017156,51.551676],[-0.017142,51.551594],[-0.01714,51.551577],[-0.018055,51.551577],[-0.018968,51.551604],[-0.018945,51.551542],[-0.01886,51.551426],[-0.018817,51.551303],[-0.018828,51.551144],[-0.018875,51.550982],[-0.018894,51.550843],[-0.018921,51.55066],[-0.018914,51.550484],[-0.018848,51.550288],[-0.018697,51.550043],[-0.018314,51.549402],[-0.018165,51.548949],[-0.017903,51.548391],[-0.017594,51.547918],[-0.017481,51.547655],[-0.017431,51.547539],[-0.017315,51.547132],[-0.017198,51.546798],[-0.017024,51.546222],[-0.016958,51.545956],[-0.01688,51.54555],[-0.016858,51.545275],[-0.016848,51.545097],[-0.016811,51.544961],[-0.016815,51.544859],[-0.016721,51.544538],[-0.016593,51.544322],[-0.0165,51.543888],[-0.016506,51.543645],[-0.016545,51.543385],[-0.016544,51.543366],[-0.016737,51.543396],[-0.016796,51.543348],[-0.017023,51.543396],[-0.017393,51.543431],[-0.017757,51.543467],[-0.018528,51.543569],[-0.019201,51.543596],[-0.019866,51.543587],[-0.020325,51.543585],[-0.021429,51.543519],[-0.02227,51.543489],[-0.022327,51.543425],[-0.022344,51.543407],[-0.022526,51.543405],[-0.022725,51.543394],[-0.022982,51.54339],[-0.023056,51.543386],[-0.023043,51.54335],[-0.023836,51.543326],[-0.025321,51.543235],[-0.025478,51.543272],[-0.025515,51.543342],[-0.025585,51.543363],[-0.025632,51.543247],[-0.02568,51.543201],[-0.025735,51.54316],[-0.025831,51.543123],[-0.026479,51.542901],[-0.027024,51.54275],[-0.02735,51.542665],[-0.027816,51.54254],[-0.028359,51.542407],[-0.02869,51.542334],[-0.028979,51.542276],[-0.028989,51.542295],[-0.029128,51.542571],[-0.029359,51.542877],[-0.029447,51.543031],[-0.029625,51.543131],[-0.029898,51.54324],[-0.030489,51.543382],[-0.030923,51.543484],[-0.031038,51.543542],[-0.031487,51.543799],[-0.031967,51.544085],[-0.032893,51.544629],[-0.033035,51.544677],[-0.033146,51.544687],[-0.033236,51.544676],[-0.03336,51.544629],[-0.033399,51.5446],[-0.033626,51.54442],[-0.033752,51.544308],[-0.033857,51.544215],[-0.034043,51.544057],[-0.03451,51.543657],[-0.035122,51.543364],[-0.035845,51.543017],[-0.036758,51.542464],[-0.037735,51.541796],[-0.037129,51.541433],[-0.037143,51.541422],[-0.037238,51.54135],[-0.037352,51.541331],[-0.037417,51.54128],[-0.037441,51.541262],[-0.037507,51.541214],[-0.037524,51.541147],[-0.037922,51.540766],[-0.038629,51.540097],[-0.039084,51.539642],[-0.040128,51.5387],[-0.040708,51.538103],[-0.041075,51.537764],[-0.04141,51.537462],[-0.042364,51.537002],[-0.043443,51.536502],[-0.04355,51.536463],[-0.043702,51.5365],[-0.043805,51.536485],[-0.043943,51.536425],[-0.044273,51.536142],[-0.044616,51.535907],[-0.044679,51.535871],[-0.044762,51.535834],[-0.044834,51.535809],[-0.044899,51.535793],[-0.045955,51.535605],[-0.046896,51.535492],[-0.047132,51.535497],[-0.047301,51.535507],[-0.047548,51.53553],[-0.047826,51.535585],[-0.047965,51.535592],[-0.048052,51.535602],[-0.04816,51.535621],[-0.048284,51.535653],[-0.048401,51.535697],[-0.048488,51.535738],[-0.048559,51.53578],[-0.048875,51.535992],[-0.049272,51.5362],[-0.049524,51.536312],[-0.049598,51.536332],[-0.049891,51.536398],[-0.050222,51.536453],[-0.050331,51.536465],[-0.050472,51.536474],[-0.050628,51.536476],[-0.050782,51.536472],[-0.05093,51.536458],[-0.051402,51.536386],[-0.051577,51.536331],[-0.051738,51.536271],[-0.051853,51.536221],[-0.052115,51.536086],[-0.052368,51.535915],[-0.052555,51.535721],[-0.052684,51.535532],[-0.052783,51.535171],[-0.052809,51.53493],[-0.052989,51.534973],[-0.05344,51.535083],[-0.05383,51.535136],[-0.054114,51.535164],[-0.054363,51.535178],[-0.054677,51.53516],[-0.054837,51.535123],[-0.055012,51.535112],[-0.055199,51.535089],[-0.055213,51.535086],[-0.05522,51.535086],[-0.055398,51.535044],[-0.055621,51.534985],[-0.056185,51.53482],[-0.056788,51.534607],[-0.057273,51.534428],[-0.057539,51.534343],[-0.058086,51.534203],[-0.058727,51.534113],[-0.059036,51.53409],[-0.059329,51.534096],[-0.059658,51.534125],[-0.059883,51.534158],[-0.060172,51.534233],[-0.060344,51.53429],[-0.060434,51.534329],[-0.060628,51.53443],[-0.060656,51.534448],[-0.060912,51.534681],[-0.061314,51.535016],[-0.061675,51.535288],[-0.062068,51.535458],[-0.062444,51.535518],[-0.062637,51.535301],[-0.06277,51.535101],[-0.062823,51.534992],[-0.062811,51.534636],[-0.062727,51.534235],[-0.06269,51.5341],[-0.062544,51.533791],[-0.062431,51.533614],[-0.062287,51.533391],[-0.062211,51.533249],[-0.062648,51.533186],[-0.063236,51.53308],[-0.064954,51.532902],[-0.065084,51.533177],[-0.065113,51.533219],[-0.065337,51.532938],[-0.065597,51.532463],[-0.065869,51.532019],[-0.066152,51.531505],[-0.066287,51.531228],[-0.067282,51.531142],[-0.067969,51.531095],[-0.069269,51.531032],[-0.069888,51.531028],[-0.070505,51.531004],[-0.071206,51.530959],[-0.071607,51.530924],[-0.0719,51.530878],[-0.072239,51.530841],[-0.072761,51.530692],[-0.072896,51.530648],[-0.073123,51.530571],[-0.073746,51.530342],[-0.074019,51.530215],[-0.074144,51.530144],[-0.074347,51.530014],[-0.074623,51.529793],[-0.074906,51.529417],[-0.075292,51.528807],[-0.075452,51.528601],[-0.075609,51.528437],[-0.075654,51.528395],[-0.075708,51.528354],[-0.076013,51.528125],[-0.076323,51.527877],[-0.076862,51.527504],[-0.077227,51.527298],[-0.076289,51.527148],[-0.076331,51.526873],[-0.076513,51.526512],[-0.076609,51.52639],[-0.076614,51.526276],[-0.076616,51.526158],[-0.076603,51.525994],[-0.076575,51.525733],[-0.076534,51.525333],[-0.076417,51.524289],[-0.075889,51.524323],[-0.07575,51.523858],[-0.075692,51.523589],[-0.075701,51.523486],[-0.075744,51.52318],[-0.075789,51.523041],[-0.075812,51.52297],[-0.075837,51.522897],[-0.075988,51.522553],[-0.076053,51.52238],[-0.076137,51.522202],[-0.076161,51.522153],[-0.076428,51.522014],[-0.076692,51.522213],[-0.077105,51.522116],[-0.077897,51.521943],[-0.07821,51.521855],[-0.078427,51.521545],[-0.078445,51.521512],[-0.079743,51.521672],[-0.080733,51.521891],[-0.081024,51.521955],[-0.081258,51.521434],[-0.081523,51.521023],[-0.081736,51.520759],[-0.081769,51.520734],[-0.081991,51.520557],[-0.0823,51.520316],[-0.082708,51.52007],[-0.083299,51.519816],[-0.085192,51.520336],[-0.085041,51.520631],[-0.08488,51.520995],[-0.084677,51.521608],[-0.084498,51.522073],[-0.084415,51.522492],[-0.084312,51.523403],[-0.084289,51.523603],[-0.084197,51.523903],[-0.084502,51.523899],[-0.085113,51.523927],[-0.085085,51.524429],[-0.085417,51.524513],[-0.085384,51.524595],[-0.085245,51.52485],[-0.085005,51.525207],[-0.084725,51.525417],[-0.084883,51.525879],[-0.084994,51.526205],[-0.086273,51.525903],[-0.08643,51.525866],[-0.086769,51.525791],[-0.087006,51.525851],[-0.087268,51.525921],[-0.087414,51.52596],[-0.087778,51.526109],[-0.087812,51.526234],[-0.088106,51.526819],[-0.088284,51.527071],[-0.088459,51.527241],[-0.088526,51.527318],[-0.088572,51.527355],[-0.088637,51.527392],[-0.088754,51.527445],[-0.089024,51.527549],[-0.089151,51.527585],[-0.089575,51.527706],[-0.095379,51.529195],[-0.095116,51.529669],[-0.095067,51.529794],[-0.095056,51.529862],[-0.095057,51.529928],[-0.095087,51.530054],[-0.095292,51.530466],[-0.095499,51.530788],[-0.095869,51.531311],[-0.096235,51.531863],[-0.097008,51.532984],[-0.096526,51.533112],[-0.096138,51.533235],[-0.095986,51.533285],[-0.095019,51.533635],[-0.095024,51.533707],[-0.094527,51.533894],[-0.094458,51.533857],[-0.09396,51.53404],[-0.093753,51.534127],[-0.093258,51.534336],[-0.092522,51.53467],[-0.091955,51.534946],[-0.091562,51.535139],[-0.091349,51.535244],[-0.090747,51.535505],[-0.090231,51.53576],[-0.089692,51.535995],[-0.089664,51.53601],[-0.089113,51.536295],[-0.088635,51.536549],[-0.088173,51.536781],[-0.087675,51.537027],[-0.087383,51.53714],[-0.08706,51.537222],[-0.086789,51.53727],[-0.086591,51.537257],[-0.086544,51.537404],[-0.086436,51.537553],[-0.086378,51.537734],[-0.08601,51.538736],[-0.085656,51.539783],[-0.085468,51.540378],[-0.084663,51.542384],[-0.08406,51.543931],[-0.083634,51.545066],[-0.083603,51.545226],[-0.083812,51.546605],[-0.083139,51.546578],[-0.079693,51.546351],[-0.078294,51.546243],[-0.076813,51.546081],[-0.076351,51.546354],[-0.076331,51.546424],[-0.076347,51.546655],[-0.076389,51.546976],[-0.076415,51.547319],[-0.076609,51.547936],[-0.076702,51.54812],[-0.076731,51.54816],[-0.07689,51.548432],[-0.077064,51.548679],[-0.077692,51.549422],[-0.077723,51.549466],[-0.077879,51.549675],[-0.078658,51.550944],[-0.078777,51.551065],[-0.078842,51.551146],[-0.079015,51.551336],[-0.079307,51.55159],[-0.079435,51.551667],[-0.079483,51.551695],[-0.079553,51.55174],[-0.079698,51.551814],[-0.079937,51.551871],[-0.080261,51.551911],[-0.081095,51.551978],[-0.083191,51.552141],[-0.083688,51.552131],[-0.084353,51.552069],[-0.084486,51.552047],[-0.084606,51.552043],[-0.084672,51.552048],[-0.085154,51.552115],[-0.085275,51.552125],[-0.085378,51.552141],[-0.085478,51.552164],[-0.085613,51.552206],[-0.086053,51.552429],[-0.086244,51.552507],[-0.086325,51.552536],[-0.086483,51.552575],[-0.086763,51.552626],[-0.086967,51.552669],[-0.08733,51.552745],[-0.087526,51.552825],[-0.08763,51.552898],[-0.087719,51.552947],[-0.088562,51.55395],[-0.089024,51.553815],[-0.089273,51.553743],[-0.089503,51.553913],[-0.08962,51.55398],[-0.089727,51.554032],[-0.089847,51.554075],[-0.090011,51.554141],[-0.090232,51.554148],[-0.090377,51.554152],[-0.090367,51.554425],[-0.090307,51.554935],[-0.090282,51.555363],[-0.09024,51.555804],[-0.090294,51.556695],[-0.090394,51.557674],[-0.090357,51.557728],[-0.090266,51.557796],[-0.090285,51.557825],[-0.090349,51.55792],[-0.090532,51.558319],[-0.090745,51.558777],[-0.090858,51.559],[-0.091021,51.559264],[-0.091224,51.559562],[-0.091485,51.559968],[-0.09153,51.560065],[-0.091565,51.560162],[-0.091677,51.560224],[-0.092142,51.560279],[-0.092256,51.560298],[-0.092742,51.56044],[-0.092959,51.560468],[-0.0931,51.560481],[-0.093315,51.560491],[-0.093609,51.560517],[-0.09373,51.560554],[-0.094265,51.560799],[-0.094473,51.560872],[-0.094799,51.560967],[-0.095733,51.561177],[-0.096006,51.561229],[-0.098562,51.56084],[-0.099454,51.561487],[-0.100839,51.562419],[-0.100935,51.562496],[-0.100973,51.56252],[-0.101076,51.562583],[-0.101304,51.562683],[-0.101391,51.562732],[-0.10149,51.562796],[-0.101904,51.563104],[-0.10206,51.563237],[-0.102139,51.563291],[-0.103768,51.564324],[-0.104485,51.564708],[-0.104365,51.564774],[-0.104281,51.564815],[-0.10307,51.565569],[-0.101355,51.566664],[-0.100675,51.567128],[-0.099016,51.568383],[-0.098715,51.568616],[-0.09808,51.569101],[-0.096327,51.570436],[-0.09603,51.570656],[-0.09609,51.570701],[-0.096192,51.570812],[-0.096342,51.570989],[-0.096417,51.571096],[-0.096579,51.571397],[-0.096667,51.571508],[-0.096736,51.571597],[-0.096839,51.571832],[-0.096887,51.571942],[-0.097428,51.57297],[-0.097773,51.573619],[-0.097639,51.573655]]]}},
{"type":"Feature","properties":{"fid":32,"objectid":32,"name":"Newham","gss_code":"E09000025","hectares":3857.806,"nonld_area":237.637,"ons_inner":"T","sub_2011":"East","clipped_to_zone":true,"in_cw":false,"whole_in_zone":false},"geometry":{"type":"Polygon","coordinates":[[[0.022534,51.526667],[0.021208,51.496742],[0.020712,51.49689],[0.019829,51.497156],[0.019217,51.497357],[0.018433,51.49767],[0.017576,51.498083],[0.017573,51.498084],[0.016242,51.498806],[0.015631,51.499189],[0.015366,51.499392],[0.015015,51.499686],[0.014152,51.500442],[0.013388,51.501084],[0.012843,51.50154],[0.012446,51.501871],[0.011248,51.50291],[0.010587,51.503539],[0.010266,51.503812],[0.009951,51.504079],[0.009675,51.504282],[0.009166,51.504652],[0.00885,51.504865],[0.008607,51.505014],[0.008224,51.505232],[0.007625,51.505511],[0.008306,51.506147],[0.008796,51.506578],[0.009077,51.506822],[0.009205,51.506978],[0.009373,51.507282],[0.009553,51.507633],[0.009675,51.50776],[0.009842,51.508085],[0.009891,51.508212],[0.00989,51.508328],[0.009842,51.508432],[0.009762,51.508548],[0.009692,51.508636],[0.009617,51.508722],[0.009438,51.508895],[0.009232,51.50903],[0.009077,51.509106],[0.008869,51.509189],[0.008482,51.509294],[0.008082,51.509382],[0.007851,51.509431],[0.007716,51.509438],[0.007677,51.50944],[0.007277,51.50949],[0.006803,51.509561],[0.00651,51.509639],[0.006267,51.509723],[0.006168,51.509773],[0.006023,51.509882],[0.005959,51.509989],[0.005963,51.510078],[0.006027,51.510226],[0.006136,51.510413],[0.006196,51.510467],[0.006204,51.510526],[0.006239,51.510589],[0.006662,51.510932],[0.006941,51.511123],[0.00722,51.511568],[0.007301,51.511751],[0.007433,51.511828],[0.0076,51.512021],[0.007667,51.512108],[0.007718,51.512174],[0.007882,51.51231],[0.008017,51.512714],[0.008056,51.512988],[0.008018,51.51323],[0.007924,51.513357],[0.007914,51.513499],[0.007875,51.51358],[0.007661,51.513765],[0.00757,51.513869],[0.00746,51.51401],[0.00739,51.514117],[0.00732,51.514194],[0.007131,51.51427],[0.006937,51.514313],[0.006675,51.514344],[0.006431,51.514351],[0.006302,51.514333],[0.006134,51.514334],[0.005586,51.514174],[0.005505,51.514132],[0.00528,51.513898],[0.005104,51.513787],[0.004945,51.513589],[0.004905,51.513489],[0.004848,51.513423],[0.004782,51.513285],[0.004709,51.513098],[0.004642,51.512799],[0.004652,51.512531],[0.004691,51.512209],[0.004647,51.511923],[0.004551,51.51148],[0.004458,51.511252],[0.004408,51.5111],[0.004347,51.510988],[0.004285,51.510905],[0.004107,51.510721],[0.00403,51.510669],[0.003965,51.510637],[0.003896,51.510608],[0.003739,51.510567],[0.003566,51.510548],[0.003313,51.510544],[0.003096,51.510545],[0.002617,51.510612],[0.00253,51.510638],[0.00248,51.51066],[0.00241,51.510703],[0.002334,51.510797],[0.002286,51.510884],[0.00225,51.511019],[0.00226,51.5112],[0.002281,51.511284],[0.002331,51.511432],[0.002381,51.51155],[0.002509,51.511799],[0.002789,51.512313],[0.003313,51.513105],[0.003522,51.513484],[0.003637,51.513675],[0.003834,51.513981],[0.004008,51.514231],[0.004051,51.514307],[0.004085,51.514386],[0.004117,51.514488],[0.004139,51.514638],[0.004075,51.514808],[0.004027,51.514893],[0.003925,51.51504],[0.003835,51.515131],[0.003642,51.51528],[0.003205,51.515573],[0.00301,51.515678],[0.002693,51.515829],[0.002573,51.515881],[0.002338,51.515979],[0.00198,51.516115],[0.001739,51.516205],[0.000599,51.516587],[-0.000635,51.517175],[-0.001427,51.517569],[-0.002054,51.517898],[-0.00219,51.517948],[-0.002267,51.517965],[-0.002333,51.517974],[-0.002402,51.517977],[-0.002504,51.517974],[-0.003225,51.517876],[-0.003446,51.517805],[-0.003622,51.517736],[-0.003676,51.517704],[-0.003775,51.517623],[-0.003972,51.517343],[-0.004104,51.517132],[-0.004193,51.517035],[-0.004451,51.51676],[-0.004529,51.516698],[-0.004579,51.516667],[-0.004653,51.516634],[-0.004828,51.516584],[-0.00497,51.516561],[-0.005041,51.516559],[-0.005153,51.516563],[-0.005285,51.516577],[-0.005348,51.51659],[-0.005594,51.51671],[-0.00566,51.516754],[-0.0057,51.516794],[-0.005731,51.516836],[-0.005756,51.516885],[-0.00577,51.516937],[-0.005793,51.517427],[-0.005873,51.517616],[-0.006002,51.51782],[-0.00635,51.518302],[-0.006707,51.518671],[-0.006786,51.518748],[-0.006945,51.518874],[-0.007165,51.519011],[-0.007526,51.519194],[-0.007711,51.51928],[-0.007901,51.519365],[-0.008572,51.519649],[-0.008822,51.519788],[-0.008895,51.519891],[-0.009011,51.520282],[-0.009034,51.520537],[-0.009016,51.520754],[-0.00887,51.521093],[-0.008646,51.521448],[-0.008497,51.521563],[-0.008476,51.52158],[-0.008446,51.521638],[-0.00821,51.522097],[-0.008148,51.52228],[-0.008015,51.522371],[-0.007901,51.522564],[-0.007785,51.522834],[-0.007805,51.522981],[-0.00783,51.523011],[-0.008085,51.523327],[-0.008116,51.52342],[-0.008126,51.523589],[-0.008084,51.523823],[-0.008055,51.52413],[-0.007954,51.524958],[-0.007869,51.525202],[-0.007809,51.525325],[-0.0078,51.525344],[-0.007762,51.525378],[-0.007666,51.525467],[-0.007521,51.525641],[-0.007478,51.525778],[-0.007441,51.526],[-0.007497,51.526201],[-0.007609,51.526334],[-0.007733,51.526451],[-0.008017,51.526644],[-0.008202,51.526836],[-0.008341,51.527009],[-0.008418,51.527197],[0.022534,51.526667]]]}}
]}
