<?xml version="1.0" encoding="UTF-8"?>
<kml xmlns="http://www.opengis.net/kml/2.2" xmlns:gx="http://www.google.com/kml/ext/2.2">
<Document>
  <name>TfL Cycle Routes (Cycleways, Quietways, Superhighways) in the zone</name>
  <open>1</open>
  <description>TfL Cycle Routes (Cycleways, Quietways, Superhighways) in the zone. Source: Transport for London (GIS Open Data Hub), https://gis-tfl.opendata.arcgis.com/datasets/cycle-routes. Licence: Open Government Licence (item licence: https://www.nationalarchives.gov.uk/doc/open-government-licence/version/3/). Attribution: Contains Transport for London data licensed under the Open Government Licence v3.0. Powered by TfL Open Data. Fetched 2026-10-05 from https://services1.arcgis.com/YswvgzOodUvqkoCN/arcgis/rest/services/Cycle_Routes/FeatureServer/11/query?where=1%3D1&amp;geometry=-0.095,51.47,0.08,51.53&amp;geometryType=esriGeometryEnvelope&amp;inSR=4326&amp;spatialRel=esriSpatialRelIntersects&amp;outFields=*&amp;outSR=4326&amp;f=geojson&amp;resultRecordCount=4000; clipped to WGS84 -0.095, 51.47, 0.08, 51.53 (features that meet the box; lines cut at the edge) by magpie/cwplans/tools/find-kml.mjs for https://danbri.github.io/glitchcan-minigam/magpie/cwplans/docklands/ .</description>
  <Style id="layer"><LineStyle><color>ffff731a</color><width>3</width></LineStyle></Style>
  <Placemark><name>C4 Cycleway 4</name><styleUrl>#layer</styleUrl><ExtendedData><Data name="Label"><displayName>Label</displayName><value>C4</value></Data><Data name="Route_Name"><displayName>Route_Name</displayName><value>Cycleway 4</value></Data><Data name="Status"><displayName>Status</displayName><value>Open</value></Data><Data name="Programme"><displayName>Programme</displayName><value>Cycleways</value></Data></ExtendedData><LineString><tessellate>1</tessellate><coordinates>0.0015802,51.4847779,0 0.0024557,51.4853655,0 0.0043013,51.4850822,0 0.0055357,51.4853129,0 0.0084149,51.4862618,0 0.0093987,51.4863619,0 0.0148596,51.4860794,0 0.0200624,51.4867992,0 0.0226627,51.4866465,0 0.0240827,51.4871615,0 0.0313764,51.4879257,0</coordinates></LineString></Placemark>
  <Placemark><name>C10 Cycleway 10</name><styleUrl>#layer</styleUrl><ExtendedData><Data name="Label"><displayName>Label</displayName><value>C10</value></Data><Data name="Route_Name"><displayName>Route_Name</displayName><value>Cycleway 10</value></Data><Data name="Status"><displayName>Status</displayName><value>Open</value></Data><Data name="Programme"><displayName>Programme</displayName><value>Cycleways</value></Data></ExtendedData><MultiGeometry><LineString><tessellate>1</tessellate><coordinates>-0.0069346,51.47977,0 -0.0081283,51.4794756,0 -0.0092133,51.4800246,0 -0.0097606,51.4800249,0 -0.0114978,51.4794878,0 -0.0130997,51.4784178,0 -0.0136636,51.4783644,0 -0.0152291,51.4784629,0 -0.0171639,51.479341,0 -0.0176248,51.479007,0 -0.0176751,51.4778478,0 -0.0181675,51.4777842,0 -0.0210025,51.4781648,0 -0.0204902,51.4793522,0 -0.0229476,51.4791419,0 -0.0230853,51.4792881,0 -0.0245135,51.4792312,0 -0.0261763,51.4797449,0 -0.026221,51.4800424,0 -0.0269869,51.4799834,0 -0.0280134,51.4802255,0 -0.0281885,51.4808399,0 -0.0307766,51.4806047,0 -0.0311477,51.4810156,0 -0.0383784,51.4836818,0 -0.0389659,51.4830801,0 -0.0396987,51.4827866,0 -0.0407786,51.4831285,0 -0.0422636,51.4844393,0 -0.0426451,51.4842748,0 -0.0494526,51.4843973,0 -0.0492909,51.48515,0 -0.0488326,51.4857629,0 -0.0500877,51.486728,0 -0.0512742,51.4872783,0 -0.054987,51.4883742,0 -0.0550204,51.4882668,0 -0.0586476,51.4886687,0 -0.0595329,51.4885125,0 -0.0609507,51.4887068,0 -0.0626187,51.4884376,0 -0.0640854,51.4884978,0 -0.0647696,51.4883293,0 -0.0662529,51.4883358,0 -0.0700243,51.4887397,0 -0.0743533,51.4895842,0 -0.0745165,51.4898118,0 -0.0739203,51.4906293,0 -0.0753769,51.4912737,0 -0.0783558,51.4930582,0 -0.0804396,51.4945492,0 -0.0814027,51.4949426,0 -0.0853772,51.4973907,0</coordinates></LineString><LineString><tessellate>1</tessellate><coordinates>-0.0853631,51.4973815,0 -0.0859269,51.4973367,0 -0.0862513,51.4975039,0 -0.0877688,51.4967013,0 -0.0908759,51.4995756,0 -0.0925696,51.4986949,0 -0.0988566,51.5009912,0</coordinates></LineString></MultiGeometry></Placemark>
  <Placemark><name>C35 Cycleway 35</name><styleUrl>#layer</styleUrl><ExtendedData><Data name="Label"><displayName>Label</displayName><value>C35</value></Data><Data name="Route_Name"><displayName>Route_Name</displayName><value>Cycleway 35</value></Data><Data name="Status"><displayName>Status</displayName><value>Open</value></Data><Data name="Programme"><displayName>Programme</displayName><value>Cycleways</value></Data></ExtendedData><LineString><tessellate>1</tessellate><coordinates>-0.0724414,51.4891481,0 -0.0726145,51.4888003,0 -0.071583,51.4886664,0 -0.0729669,51.4872773,0 -0.071932,51.4868826,0 -0.072512,51.4861097,0 -0.0727317,51.4843148,0 -0.0723079,51.4830938,0 -0.0729366,51.4828703,0 -0.0740418,51.4829604,0 -0.074038,51.4792913,0 -0.0720127,51.4743839,0 -0.0702919,51.4745534,0</coordinates></LineString></Placemark>
  <Placemark><name>C Cycleway</name><styleUrl>#layer</styleUrl><ExtendedData><Data name="Label"><displayName>Label</displayName><value>C</value></Data><Data name="Route_Name"><displayName>Route_Name</displayName><value>Cycleway</value></Data><Data name="Status"><displayName>Status</displayName><value>Open</value></Data><Data name="Programme"><displayName>Programme</displayName><value>Cycleways</value></Data></ExtendedData><LineString><tessellate>1</tessellate><coordinates>-0.0729255,51.5101092,0 -0.0727242,51.5104386,0 -0.0729046,51.5112869,0 -0.0732831,51.5132445,0 -0.0739676,51.5144428,0</coordinates></LineString></Placemark>
  <Placemark><name>C1 Cycleway 1</name><styleUrl>#layer</styleUrl><ExtendedData><Data name="Label"><displayName>Label</displayName><value>C1</value></Data><Data name="Route_Name"><displayName>Route_Name</displayName><value>Cycleway 1</value></Data><Data name="Status"><displayName>Status</displayName><value>Open</value></Data><Data name="Programme"><displayName>Programme</displayName><value>Cycleways</value></Data></ExtendedData><MultiGeometry><LineString><tessellate>1</tessellate><coordinates>-0.0930117,51.5108783,0 -0.0921287,51.5151085,0 -0.0945964,51.5157242,0 -0.0930814,51.5185233,0 -0.0911829,51.5180787,0 -0.0901857,51.5195193,0 -0.0896884,51.5207252,0</coordinates></LineString><LineString><tessellate>1</tessellate><coordinates>-0.0896884,51.5207252,0 -0.0899466,51.5207564,0</coordinates></LineString><LineString><tessellate>1</tessellate><coordinates>-0.0829182,51.5305606,0 -0.0835992,51.5287642,0 -0.0836388,51.5271372,0 -0.0839642,51.5259105,0 -0.0837947,51.5258268,0 -0.0845927,51.521928,0 -0.0850459,51.5207484,0 -0.0852361,51.5203378,0 -0.0896884,51.5207252,0</coordinates></LineString></MultiGeometry></Placemark>
  <Placemark><name>C14 Cycleway 14</name><styleUrl>#layer</styleUrl><ExtendedData><Data name="Label"><displayName>Label</displayName><value>C14</value></Data><Data name="Route_Name"><displayName>Route_Name</displayName><value>Cycleway 14</value></Data><Data name="Status"><displayName>Status</displayName><value>Open</value></Data><Data name="Programme"><displayName>Programme</displayName><value>Cycleways</value></Data></ExtendedData><LineString><tessellate>1</tessellate><coordinates>-0.0302285,51.4896423,0 -0.0322322,51.4926166,0 -0.0329874,51.4944819,0 -0.033168,51.4946378,0 -0.033473,51.4945799,0 -0.0344155,51.4964483,0 -0.0354002,51.4963299,0 -0.0364596,51.498497,0 -0.0369675,51.4987483,0 -0.039579,51.4989988,0 -0.0404888,51.4992838,0 -0.0410826,51.4992128,0 -0.0412955,51.4992883,0 -0.0411225,51.4996271,0 -0.0423675,51.5001605,0 -0.04428,51.4999137,0 -0.0453873,51.5003008,0 -0.0464624,51.4994195,0 -0.0476211,51.4999514,0 -0.0483087,51.4993693,0 -0.0503869,51.5009776,0 -0.0512123,51.5005417,0 -0.0524812,51.501534,0 -0.0546261,51.5009042,0 -0.054819,51.5007725,0 -0.0547188,51.5004201,0 -0.0557287,51.5000501,0 -0.0578897,51.4997173,0 -0.058341,51.500624,0 -0.0599033,51.500479,0 -0.0624203,51.5005836,0 -0.0631922,51.5003895,0 -0.0644612,51.5003655,0 -0.065105,51.4997916,0 -0.0686836,51.5010287,0 -0.0690493,51.5005581,0 -0.0705653,51.5004841,0 -0.0725421,51.500076,0 -0.0739073,51.5005031,0 -0.0748894,51.5004473,0 -0.0773386,51.4997681,0 -0.0786186,51.5001668,0 -0.0817192,51.5004424,0 -0.0817423,51.5005777,0 -0.08358,51.5003919,0 -0.0851873,51.5005441,0 -0.0856437,51.5013429,0 -0.0872333,51.5015756,0 -0.0872752,51.5022957,0 -0.0883468,51.5021693,0 -0.0916862,51.5032849,0 -0.0949415,51.5040032,0 -0.098772,51.5037147,0</coordinates></LineString></Placemark>
  <Placemark><name>C17 Cycleway 17</name><styleUrl>#layer</styleUrl><ExtendedData><Data name="Label"><displayName>Label</displayName><value>C17</value></Data><Data name="Route_Name"><displayName>Route_Name</displayName><value>Cycleway 17</value></Data><Data name="Status"><displayName>Status</displayName><value>Open</value></Data><Data name="Programme"><displayName>Programme</displayName><value>Cycleways</value></Data></ExtendedData><MultiGeometry><LineString><tessellate>1</tessellate><coordinates>-0.0857193,51.4709934,0 -0.085079,51.4711538,0 -0.0867879,51.4736728,0 -0.0872731,51.4775656,0 -0.0877566,51.4784008,0 -0.0913402,51.4805275,0 -0.088311,51.4816742,0 -0.0883001,51.4819348,0</coordinates></LineString><LineString><tessellate>1</tessellate><coordinates>-0.0856094,51.4815312,0 -0.0872745,51.482008,0 -0.0883001,51.4819348,0</coordinates></LineString><LineString><tessellate>1</tessellate><coordinates>-0.0883001,51.4819348,0 -0.0885331,51.4832516,0 -0.0880226,51.4834051,0 -0.0913902,51.4889905,0 -0.0939456,51.4923055,0 -0.0933918,51.4924583,0 -0.0939239,51.4928267,0 -0.0942018,51.4941082,0 -0.0956021,51.4943827,0 -0.0946116,51.4956796,0 -0.0907113,51.4979992,0 -0.0925696,51.4986949,0</coordinates></LineString></MultiGeometry></Placemark>
  <Placemark><name>C2 Cycleway 2</name><styleUrl>#layer</styleUrl><ExtendedData><Data name="Label"><displayName>Label</displayName><value>C2</value></Data><Data name="Route_Name"><displayName>Route_Name</displayName><value>Cycleway 2</value></Data><Data name="Status"><displayName>Status</displayName><value>Open</value></Data><Data name="Programme"><displayName>Programme</displayName><value>Cycleways</value></Data></ExtendedData><LineString><tessellate>1</tessellate><coordinates>-0.0739676,51.5144428,0 -0.0705282,51.5156812,0 -0.0669437,51.5172768,0 -0.0638194,51.5182144,0 -0.0482714,51.5214727,0 -0.0407352,51.5227499,0 -0.0341546,51.5252567,0 -0.0251035,51.5272001,0 -0.0183355,51.5283451,0 -0.0133863,51.5300959,0</coordinates></LineString></Placemark>
  <Placemark><name>C4 Cycleway 4</name><styleUrl>#layer</styleUrl><ExtendedData><Data name="Label"><displayName>Label</displayName><value>C4</value></Data><Data name="Route_Name"><displayName>Route_Name</displayName><value>Cycleway 4</value></Data><Data name="Status"><displayName>Status</displayName><value>Open</value></Data><Data name="Programme"><displayName>Programme</displayName><value>Cycleways</value></Data></ExtendedData><LineString><tessellate>1</tessellate><coordinates>-0.0421683,51.4900223,0 -0.045402,51.4922165,0 -0.0476666,51.4934953,0 -0.0501391,51.4946336,0 -0.055267,51.4987116,0</coordinates></LineString></Placemark>
  <Placemark><name>C3 Cycleway 3</name><styleUrl>#layer</styleUrl><ExtendedData><Data name="Label"><displayName>Label</displayName><value>C3</value></Data><Data name="Route_Name"><displayName>Route_Name</displayName><value>Cycleway 3</value></Data><Data name="Status"><displayName>Status</displayName><value>Open</value></Data><Data name="Programme"><displayName>Programme</displayName><value>Cycleways</value></Data></ExtendedData><LineString><tessellate>1</tessellate><coordinates>0.0811899,51.5278078,0 0.0772539,51.5265376,0 0.0748404,51.5254562,0 0.064675,51.5222273,0 0.0604267,51.5204045,0 0.0576981,51.51967,0 0.0551754,51.5193455,0 0.0469906,51.5200462,0 0.0438623,51.5200378,0 0.0416857,51.5197161,0 0.0396436,51.5191761,0 0.0360756,51.5177093,0 0.0338576,51.5171003,0 0.0287559,51.5167931,0 0.0249997,51.5172448,0 0.0179742,51.5171052,0 0.0161055,51.5168946,0 0.0080545,51.5153961,0 0.0025598,51.5140062,0 0.0013043,51.5129845,0 -0.0001516,51.5126496,0 0.0001077,51.5119887,0 -0.0000921,51.5117043,0 -0.0007749,51.5115811,0 -0.0004973,51.5110098,0 -0.0039857,51.5103318,0 -0.0035039,51.5094872,0 -0.0050157,51.5091892,0 -0.0062572,51.5091384,0 -0.0069587,51.5089165,0 -0.0105102,51.50877,0 -0.017348,51.5089398,0 -0.0212641,51.5093567,0 -0.0236745,51.5089387,0 -0.0242311,51.5090649,0 -0.0245343,51.5087193,0 -0.0248974,51.5086535,0 -0.0268828,51.5093974,0 -0.0291075,51.5092729,0 -0.0321319,51.5086492,0 -0.037875,51.5098156,0 -0.037899,51.5105984,0 -0.0394975,51.5106251,0 -0.0401543,51.5111037,0 -0.0407522,51.5112756,0 -0.041524,51.5110906,0 -0.0421546,51.5111731,0 -0.0421096,51.51155,0 -0.0426401,51.5116128,0 -0.0467826,51.5114661,0 -0.0527047,51.5108182,0 -0.0548539,51.5111146,0 -0.064885,51.5111008,0 -0.0694122,51.5107168,0 -0.0714326,51.5103094,0 -0.0739942,51.5100548,0 -0.0763807,51.5095095,0 -0.0778397,51.5094255,0 -0.0798647,51.5095936,0 -0.0810921,51.509191,0 -0.0820191,51.5090803,0 -0.0881417,51.5098188,0 -0.0930117,51.5108783,0 -0.0963807,51.5113018,0</coordinates></LineString></Placemark>
  <Placemark><name>CS7 Cycle Superhighway 7</name><styleUrl>#layer</styleUrl><ExtendedData><Data name="Label"><displayName>Label</displayName><value>CS7</value></Data><Data name="Route_Name"><displayName>Route_Name</displayName><value>Cycle Superhighway 7</value></Data><Data name="Status"><displayName>Status</displayName><value>Open</value></Data><Data name="Programme"><displayName>Programme</displayName><value>Cycle Superhighways</value></Data></ExtendedData><LineString><tessellate>1</tessellate><coordinates>-0.0930545,51.510888,0 -0.0949468,51.5073307,0 -0.0959941,51.5029502,0</coordinates></LineString></Placemark>
  <Placemark><name>C Cycleway</name><styleUrl>#layer</styleUrl><ExtendedData><Data name="Label"><displayName>Label</displayName><value>C</value></Data><Data name="Route_Name"><displayName>Route_Name</displayName><value>Cycleway</value></Data><Data name="Status"><displayName>Status</displayName><value>Open</value></Data><Data name="Programme"><displayName>Programme</displayName><value>Cycleways</value></Data></ExtendedData><LineString><tessellate>1</tessellate><coordinates>0.0293029,51.4665317,0 0.0258846,51.4722473,0</coordinates></LineString></Placemark>
  <Placemark><name>C11 Cycleway 11</name><styleUrl>#layer</styleUrl><ExtendedData><Data name="Label"><displayName>Label</displayName><value>C11</value></Data><Data name="Route_Name"><displayName>Route_Name</displayName><value>Cycleway 11</value></Data><Data name="Status"><displayName>Status</displayName><value>Open</value></Data><Data name="Programme"><displayName>Programme</displayName><value>Cycleways</value></Data></ExtendedData><LineString><tessellate>1</tessellate><coordinates>-0.0929346,51.5320369,0 -0.0905885,51.5247057,0 -0.0898051,51.5231012,0 -0.0899466,51.5207564,0 -0.0903192,51.5208074,0</coordinates></LineString></Placemark>
  <Placemark><name>C33 Cycleway 33</name><styleUrl>#layer</styleUrl><ExtendedData><Data name="Label"><displayName>Label</displayName><value>C33</value></Data><Data name="Route_Name"><displayName>Route_Name</displayName><value>Cycleway 33</value></Data><Data name="Status"><displayName>Status</displayName><value>Open</value></Data><Data name="Programme"><displayName>Programme</displayName><value>Cycleways</value></Data></ExtendedData><MultiGeometry><LineString><tessellate>1</tessellate><coordinates>0.0666241,51.4821746,0 0.0665112,51.4819068,0 0.0670169,51.4819429,0 0.0664991,51.4813225,0 0.0655995,51.480538,0 0.0647166,51.4801219,0 0.0641721,51.479547,0 0.0633904,51.4791381,0 0.0628247,51.4790491,0 0.0618986,51.4792722,0 0.0615425,51.4787209,0 0.057986,51.4787385,0 0.0544213,51.4782524,0 0.0523334,51.4789005,0</coordinates></LineString><LineString><tessellate>1</tessellate><coordinates>0.0672934,51.4886916,0 0.0670142,51.4879322,0 0.0670931,51.4855387,0 0.0665053,51.4836875,0 0.0666243,51.4824984,0 0.0664603,51.4823754,0 0.0665229,51.4821674,0 0.0666689,51.4822098,0</coordinates></LineString></MultiGeometry></Placemark>
  <Placemark><name>C13 Cycleway 13</name><styleUrl>#layer</styleUrl><ExtendedData><Data name="Label"><displayName>Label</displayName><value>C13</value></Data><Data name="Route_Name"><displayName>Route_Name</displayName><value>Cycleway 13</value></Data><Data name="Status"><displayName>Status</displayName><value>Open</value></Data><Data name="Programme"><displayName>Programme</displayName><value>Cycleways</value></Data></ExtendedData><MultiGeometry><LineString><tessellate>1</tessellate><coordinates>-0.0905088,51.5245425,0 -0.0853864,51.5246568,0 -0.0849263,51.5253147,0 -0.0839642,51.5259105,0</coordinates></LineString><LineString><tessellate>1</tessellate><coordinates>-0.0837947,51.5258268,0 -0.0832075,51.526078,0 -0.0814791,51.5260407,0 -0.0780382,51.5262721,0 -0.0779867,51.5264691,0 -0.0766385,51.5263031,0 -0.0765433,51.5265083,0 -0.0733454,51.527472,0 -0.0734564,51.5282561,0 -0.071011,51.5284677,0 -0.0702606,51.528824,0 -0.0672919,51.5308344,0</coordinates></LineString></MultiGeometry></Placemark>
  <Placemark><name>C22 Cycleway 22</name><styleUrl>#layer</styleUrl><ExtendedData><Data name="Label"><displayName>Label</displayName><value>C22</value></Data><Data name="Route_Name"><displayName>Route_Name</displayName><value>Cycleway 22</value></Data><Data name="Status"><displayName>Status</displayName><value>Open</value></Data><Data name="Programme"><displayName>Programme</displayName><value>Cycleways</value></Data></ExtendedData><LineString><tessellate>1</tessellate><coordinates>0.0592863,51.5200468,0 0.0586993,51.5207765,0 0.0232569,51.5254045,0 0.0200999,51.5263852,0 0.0115291,51.5301388,0 0.0108839,51.5302218,0 0.0054797,51.5299457,0 0.0001014,51.5309189,0</coordinates></LineString></Placemark>
  <Placemark><name>C37 Cycleway 37</name><styleUrl>#layer</styleUrl><ExtendedData><Data name="Label"><displayName>Label</displayName><value>C37</value></Data><Data name="Route_Name"><displayName>Route_Name</displayName><value>Cycleway 37</value></Data><Data name="Status"><displayName>Status</displayName><value>Open</value></Data><Data name="Programme"><displayName>Programme</displayName><value>Cycleways</value></Data></ExtendedData><LineString><tessellate>1</tessellate><coordinates>-0.0336044,51.5216325,0 -0.0347674,51.5250872,0</coordinates></LineString></Placemark>
  <Placemark><name>C14 Cycleway 14</name><styleUrl>#layer</styleUrl><ExtendedData><Data name="Label"><displayName>Label</displayName><value>C14</value></Data><Data name="Route_Name"><displayName>Route_Name</displayName><value>Cycleway 14</value></Data><Data name="Status"><displayName>Status</displayName><value>Open</value></Data><Data name="Programme"><displayName>Programme</displayName><value>Cycleways</value></Data></ExtendedData><LineString><tessellate>1</tessellate><coordinates>-0.0302285,51.4896423,0 -0.0297195,51.4890852,0 -0.0297985,51.4889246,0 -0.0317419,51.4882828,0 -0.0334596,51.4871965,0 -0.0317516,51.48572,0 -0.0318372,51.4840668,0 -0.0306426,51.4840467,0 -0.0305694,51.483407,0 -0.0255569,51.4834125,0 -0.0251917,51.4848632,0 -0.024504,51.4847797,0 -0.0243437,51.4844892,0 -0.0227325,51.4841113,0 -0.0219996,51.4844047,0 -0.0193133,51.483577,0 -0.0192942,51.4833518,0 -0.0188411,51.4831733,0 -0.0187454,51.482722,0 -0.0178356,51.4827786,0 -0.0178204,51.4831291,0 -0.0175746,51.4831519,0 -0.0150377,51.4828662,0 -0.0122422,51.4828997,0 -0.0108551,51.4830021,0 -0.0107309,51.4832068,0 -0.01017,51.4831883,0 -0.0095681,51.4833598,0 -0.0093588,51.4830152,0 -0.0085217,51.4832702,0 -0.0069467,51.483827,0 -0.0057597,51.4842118,0 -0.0045867,51.484592,0 -0.0036036,51.4834904,0 -0.0007742,51.4842965,0 0.0014891,51.4846716,0 0.0015802,51.4847779,0 0.0005015,51.4854708,0 0.0022889,51.4868162,0 0.0040519,51.4889174,0 0.0059611,51.4887679,0 0.0082249,51.4888191,0 0.0081811,51.4884781,0 0.0104937,51.4883305,0 0.0104222,51.4889972,0 0.0113711,51.4896105,0 0.0111659,51.4898568,0 0.0119006,51.4901859,0 0.011751,51.4903863,0 0.0119556,51.4907785,0 0.0147885,51.4926274,0 0.0160056,51.4927863,0 0.0163397,51.4935,0 0.0163182,51.4943187,0 0.017515,51.4946668,0 0.0188938,51.4942474,0 0.0193367,51.4948153,0 0.0216825,51.4944331,0 0.0214882,51.4939509,0 0.0244185,51.4934327,0 0.0261451,51.4933849,0 0.0289089,51.4936608,0 0.0356148,51.4947856,0 0.0370667,51.4947154,0 0.0374121,51.4940619,0 0.0401749,51.4943106,0 0.0447898,51.4940953,0 0.0447544,51.4945906,0 0.0467742,51.4946542,0 0.04672,51.4950509,0 0.0549212,51.4944937,0 0.0595097,51.4943323,0 0.0611749,51.4945188,0 0.0612943,51.4942919,0 0.0619752,51.4940551,0 0.0624226,51.4940742,0 0.0623624,51.4943361,0 0.0642361,51.4946718,0 0.0709634,51.4949758,0 0.0708696,51.4951304,0 0.0766101,51.4962249,0 0.0819952,51.4986833,0</coordinates></LineString></Placemark>
  <Placemark><name>C11 Cycleway 11</name><styleUrl>#layer</styleUrl><ExtendedData><Data name="Label"><displayName>Label</displayName><value>C11</value></Data><Data name="Route_Name"><displayName>Route_Name</displayName><value>Cycleway 11</value></Data><Data name="Status"><displayName>Status</displayName><value>Open</value></Data><Data name="Programme"><displayName>Programme</displayName><value>Cycleways</value></Data></ExtendedData><LineString><tessellate>1</tessellate><coordinates>-0.0903192,51.5208074,0 -0.0923716,51.5210207,0 -0.0972958,51.5201205,0</coordinates></LineString></Placemark>
  <Placemark><name>C4 Cycleway 4</name><styleUrl>#layer</styleUrl><ExtendedData><Data name="Label"><displayName>Label</displayName><value>C4</value></Data><Data name="Route_Name"><displayName>Route_Name</displayName><value>Cycleway 4</value></Data><Data name="Status"><displayName>Status</displayName><value>Open</value></Data><Data name="Programme"><displayName>Programme</displayName><value>Cycleways</value></Data></ExtendedData><LineString><tessellate>1</tessellate><coordinates>-0.0148703,51.4814155,0 -0.0233789,51.4808218,0 -0.0278389,51.4819312,0 -0.032425,51.4841306,0 -0.0363951,51.486931,0 -0.0402588,51.4888662,0 -0.0421683,51.4900223,0</coordinates></LineString></Placemark>
  <Placemark><name>C Cycleway</name><styleUrl>#layer</styleUrl><ExtendedData><Data name="Label"><displayName>Label</displayName><value>C</value></Data><Data name="Route_Name"><displayName>Route_Name</displayName><value>Cycleway</value></Data><Data name="Status"><displayName>Status</displayName><value>Open</value></Data><Data name="Programme"><displayName>Programme</displayName><value>Cycleways</value></Data></ExtendedData><LineString><tessellate>1</tessellate><coordinates>-0.0852361,51.5203378,0 -0.0832989,51.5197846,0 -0.0816058,51.5209709,0 -0.0788885,51.5204588,0</coordinates></LineString></Placemark>
  <Placemark><name>C4 Cycleway 4</name><styleUrl>#layer</styleUrl><ExtendedData><Data name="Label"><displayName>Label</displayName><value>C4</value></Data><Data name="Route_Name"><displayName>Route_Name</displayName><value>Cycleway 4</value></Data><Data name="Status"><displayName>Status</displayName><value>Open</value></Data><Data name="Programme"><displayName>Programme</displayName><value>Cycleways</value></Data></ExtendedData><MultiGeometry><LineString><tessellate>1</tessellate><coordinates>-0.0725421,51.500076,0 -0.0697338,51.4986809,0 -0.0685824,51.4983112,0 -0.0667214,51.4980287,0 -0.0649614,51.4980806,0 -0.0554635,51.4991735,0 -0.0550077,51.499049,0 -0.0550204,51.4987524,0 -0.0555675,51.4987615,0 -0.0556981,51.4990784,0</coordinates></LineString><LineString><tessellate>1</tessellate><coordinates>-0.0739073,51.5005031,0 -0.0759579,51.5014181,0 -0.078515,51.5029708,0 -0.0820797,51.5042073,0 -0.084152,51.5050369,0 -0.0849675,51.505392,0 -0.0856729,51.5056744,0 -0.0859926,51.5057737,0 -0.0869723,51.5059326,0 -0.0880511,51.5060957,0</coordinates></LineString></MultiGeometry></Placemark>
  <Placemark><name>C Cycleway</name><styleUrl>#layer</styleUrl><ExtendedData><Data name="Label"><displayName>Label</displayName><value>C</value></Data><Data name="Route_Name"><displayName>Route_Name</displayName><value>Cycleway</value></Data><Data name="Status"><displayName>Status</displayName><value>Open</value></Data><Data name="Programme"><displayName>Programme</displayName><value>Cycleways</value></Data></ExtendedData><LineString><tessellate>1</tessellate><coordinates>-0.0209939,51.4780298,0 -0.0211126,51.4766199,0 -0.0223732,51.4763177,0 -0.0227905,51.4762961,0 -0.0233733,51.4755135,0 -0.0236954,51.4750534,0 -0.0239875,51.4746362,0 -0.0227872,51.4744518,0 -0.0225847,51.4738839,0 -0.0221009,51.4737498,0 -0.0219201,51.4726047,0 -0.0225481,51.4720667,0 -0.022295,51.4715948,0 -0.0206753,51.4700926,0 -0.0194248,51.4693791,0</coordinates></LineString></Placemark>
  <Placemark><name>C Cycleway</name><styleUrl>#layer</styleUrl><ExtendedData><Data name="Label"><displayName>Label</displayName><value>C</value></Data><Data name="Route_Name"><displayName>Route_Name</displayName><value>Cycleway</value></Data><Data name="Status"><displayName>Status</displayName><value>Open</value></Data><Data name="Programme"><displayName>Programme</displayName><value>Cycleways</value></Data></ExtendedData><LineString><tessellate>1</tessellate><coordinates>-0.0319713,51.4759394,0 -0.0323119,51.477393,0 -0.036704,51.4767292,0 -0.0370428,51.4768878,0 -0.0376762,51.4789038,0 -0.0389587,51.4812365,0 -0.0398183,51.482348,0 -0.0396987,51.4827866,0</coordinates></LineString></Placemark>
  <Placemark><name>C18 Cycleway 18</name><styleUrl>#layer</styleUrl><ExtendedData><Data name="Label"><displayName>Label</displayName><value>C18</value></Data><Data name="Route_Name"><displayName>Route_Name</displayName><value>Cycleway 18</value></Data><Data name="Status"><displayName>Status</displayName><value>Open</value></Data><Data name="Programme"><displayName>Programme</displayName><value>Cycleways</value></Data></ExtendedData><LineString><tessellate>1</tessellate><coordinates>-0.0227831,51.4762996,0 -0.0225438,51.4768448,0 -0.0225496,51.477215,0 -0.0227281,51.4778953,0 -0.0228606,51.4784005,0 -0.0230118,51.4792011,0 -0.0231711,51.4808114,0</coordinates></LineString></Placemark>
  <Placemark><name>C4 Cycleway 4</name><styleUrl>#layer</styleUrl><ExtendedData><Data name="Label"><displayName>Label</displayName><value>C4</value></Data><Data name="Route_Name"><displayName>Route_Name</displayName><value>Cycleway 4</value></Data><Data name="Status"><displayName>Status</displayName><value>Open</value></Data><Data name="Programme"><displayName>Programme</displayName><value>Cycleways</value></Data></ExtendedData><LineString><tessellate>1</tessellate><coordinates>0.0015802,51.4847779,0 0.0024557,51.4853655,0 0.0043013,51.4850822,0 0.0055357,51.4853129,0 0.0084149,51.4862618,0 0.0093987,51.4863619,0 0.0148596,51.4860794,0 0.0200624,51.4867992,0 0.0226627,51.4866465,0 0.0240827,51.4871615,0 0.0313764,51.4879257,0</coordinates></LineString></Placemark>
  <Placemark><name>C10 Cycleway 10</name><styleUrl>#layer</styleUrl><ExtendedData><Data name="Label"><displayName>Label</displayName><value>C10</value></Data><Data name="Route_Name"><displayName>Route_Name</displayName><value>Cycleway 10</value></Data><Data name="Status"><displayName>Status</displayName><value>Open</value></Data><Data name="Programme"><displayName>Programme</displayName><value>Cycleways</value></Data></ExtendedData><MultiGeometry><LineString><tessellate>1</tessellate><coordinates>-0.0069346,51.47977,0 -0.0081283,51.4794756,0 -0.0092133,51.4800246,0 -0.0097606,51.4800249,0 -0.0114978,51.4794878,0 -0.0130997,51.4784178,0 -0.0136636,51.4783644,0 -0.0152291,51.4784629,0 -0.0171639,51.479341,0 -0.0176248,51.479007,0 -0.0176751,51.4778478,0 -0.0181675,51.4777842,0 -0.0210025,51.4781648,0 -0.0204902,51.4793522,0 -0.0229476,51.4791419,0 -0.0230853,51.4792881,0 -0.0245135,51.4792312,0 -0.0261763,51.4797449,0 -0.026221,51.4800424,0 -0.0269869,51.4799834,0 -0.0280134,51.4802255,0 -0.0281885,51.4808399,0 -0.0307766,51.4806047,0 -0.0311477,51.4810156,0 -0.0383784,51.4836818,0 -0.0389659,51.4830801,0 -0.0396987,51.4827866,0 -0.0407786,51.4831285,0 -0.0422636,51.4844393,0 -0.0426451,51.4842748,0 -0.0494526,51.4843973,0 -0.0492909,51.48515,0 -0.0488326,51.4857629,0 -0.0500877,51.486728,0 -0.0512742,51.4872783,0 -0.054987,51.4883742,0 -0.0550204,51.4882668,0 -0.0586476,51.4886687,0 -0.0595329,51.4885125,0 -0.0609507,51.4887068,0 -0.0626187,51.4884376,0 -0.0640854,51.4884978,0 -0.0647696,51.4883293,0 -0.0662529,51.4883358,0 -0.0700243,51.4887397,0 -0.0743533,51.4895842,0 -0.0745165,51.4898118,0 -0.0739203,51.4906293,0 -0.0753769,51.4912737,0 -0.0783558,51.4930582,0 -0.0804396,51.4945492,0 -0.0814027,51.4949426,0 -0.0853772,51.4973907,0</coordinates></LineString><LineString><tessellate>1</tessellate><coordinates>-0.0853631,51.4973815,0 -0.0859269,51.4973367,0 -0.0862513,51.4975039,0 -0.0877688,51.4967013,0 -0.0908759,51.4995756,0 -0.0925696,51.4986949,0 -0.0988566,51.5009912,0</coordinates></LineString></MultiGeometry></Placemark>
  <Placemark><name>C35 Cycleway 35</name><styleUrl>#layer</styleUrl><ExtendedData><Data name="Label"><displayName>Label</displayName><value>C35</value></Data><Data name="Route_Name"><displayName>Route_Name</displayName><value>Cycleway 35</value></Data><Data name="Status"><displayName>Status</displayName><value>Open</value></Data><Data name="Programme"><displayName>Programme</displayName><value>Cycleways</value></Data></ExtendedData><LineString><tessellate>1</tessellate><coordinates>-0.0724414,51.4891481,0 -0.0726145,51.4888003,0 -0.071583,51.4886664,0 -0.0729669,51.4872773,0 -0.071932,51.4868826,0 -0.072512,51.4861097,0 -0.0727317,51.4843148,0 -0.0723079,51.4830938,0 -0.0729366,51.4828703,0 -0.0740418,51.4829604,0 -0.074038,51.4792913,0 -0.0720127,51.4743839,0 -0.0702919,51.4745534,0</coordinates></LineString></Placemark>
  <Placemark><name>C Cycleway</name><styleUrl>#layer</styleUrl><ExtendedData><Data name="Label"><displayName>Label</displayName><value>C</value></Data><Data name="Route_Name"><displayName>Route_Name</displayName><value>Cycleway</value></Data><Data name="Status"><displayName>Status</displayName><value>Open</value></Data><Data name="Programme"><displayName>Programme</displayName><value>Cycleways</value></Data></ExtendedData><LineString><tessellate>1</tessellate><coordinates>-0.0729255,51.5101092,0 -0.0727242,51.5104386,0 -0.0729046,51.5112869,0 -0.0732831,51.5132445,0 -0.0739676,51.5144428,0</coordinates></LineString></Placemark>
  <Placemark><name>C1 Cycleway 1</name><styleUrl>#layer</styleUrl><ExtendedData><Data name="Label"><displayName>Label</displayName><value>C1</value></Data><Data name="Route_Name"><displayName>Route_Name</displayName><value>Cycleway 1</value></Data><Data name="Status"><displayName>Status</displayName><value>Open</value></Data><Data name="Programme"><displayName>Programme</displayName><value>Cycleways</value></Data></ExtendedData><MultiGeometry><LineString><tessellate>1</tessellate><coordinates>-0.0930117,51.5108783,0 -0.0921287,51.5151085,0 -0.0945964,51.5157242,0 -0.0930814,51.5185233,0 -0.0911829,51.5180787,0 -0.0901857,51.5195193,0 -0.0896884,51.5207252,0</coordinates></LineString><LineString><tessellate>1</tessellate><coordinates>-0.0896884,51.5207252,0 -0.0899466,51.5207564,0</coordinates></LineString><LineString><tessellate>1</tessellate><coordinates>-0.0829182,51.5305606,0 -0.0835992,51.5287642,0 -0.0836388,51.5271372,0 -0.0839642,51.5259105,0 -0.0837947,51.5258268,0 -0.0845927,51.521928,0 -0.0850459,51.5207484,0 -0.0852361,51.5203378,0 -0.0896884,51.5207252,0</coordinates></LineString></MultiGeometry></Placemark>
  <Placemark><name>C14 Cycleway 14</name><styleUrl>#layer</styleUrl><ExtendedData><Data name="Label"><displayName>Label</displayName><value>C14</value></Data><Data name="Route_Name"><displayName>Route_Name</displayName><value>Cycleway 14</value></Data><Data name="Status"><displayName>Status</displayName><value>Open</value></Data><Data name="Programme"><displayName>Programme</displayName><value>Cycleways</value></Data></ExtendedData><LineString><tessellate>1</tessellate><coordinates>-0.0302285,51.4896423,0 -0.0322322,51.4926166,0 -0.0329874,51.4944819,0 -0.033168,51.4946378,0 -0.033473,51.4945799,0 -0.0344155,51.4964483,0 -0.0354002,51.4963299,0 -0.0364596,51.498497,0 -0.0369675,51.4987483,0 -0.039579,51.4989988,0 -0.0404888,51.4992838,0 -0.0410826,51.4992128,0 -0.0412955,51.4992883,0 -0.0411225,51.4996271,0 -0.0423675,51.5001605,0 -0.04428,51.4999137,0 -0.0453873,51.5003008,0 -0.0464624,51.4994195,0 -0.0476211,51.4999514,0 -0.0483087,51.4993693,0 -0.0503869,51.5009776,0 -0.0512123,51.5005417,0 -0.0524812,51.501534,0 -0.0546261,51.5009042,0 -0.054819,51.5007725,0 -0.0547188,51.5004201,0 -0.0557287,51.5000501,0 -0.0578897,51.4997173,0 -0.058341,51.500624,0 -0.0599033,51.500479,0 -0.0624203,51.5005836,0 -0.0631922,51.5003895,0 -0.0644612,51.5003655,0 -0.065105,51.4997916,0 -0.0686836,51.5010287,0 -0.0690493,51.5005581,0 -0.0705653,51.5004841,0 -0.0725421,51.500076,0 -0.0739073,51.5005031,0 -0.0748894,51.5004473,0 -0.0773386,51.4997681,0 -0.0786186,51.5001668,0 -0.0817192,51.5004424,0 -0.0817423,51.5005777,0 -0.08358,51.5003919,0 -0.0851873,51.5005441,0 -0.0856437,51.5013429,0 -0.0872333,51.5015756,0 -0.0872752,51.5022957,0 -0.0883468,51.5021693,0 -0.0916862,51.5032849,0 -0.0949415,51.5040032,0 -0.098772,51.5037147,0</coordinates></LineString></Placemark>
  <Placemark><name>C17 Cycleway 17</name><styleUrl>#layer</styleUrl><ExtendedData><Data name="Label"><displayName>Label</displayName><value>C17</value></Data><Data name="Route_Name"><displayName>Route_Name</displayName><value>Cycleway 17</value></Data><Data name="Status"><displayName>Status</displayName><value>Open</value></Data><Data name="Programme"><displayName>Programme</displayName><value>Cycleways</value></Data></ExtendedData><MultiGeometry><LineString><tessellate>1</tessellate><coordinates>-0.0857193,51.4709934,0 -0.085079,51.4711538,0 -0.0867879,51.4736728,0 -0.0872731,51.4775656,0 -0.0877566,51.4784008,0 -0.0913402,51.4805275,0 -0.088311,51.4816742,0 -0.0883001,51.4819348,0</coordinates></LineString><LineString><tessellate>1</tessellate><coordinates>-0.0856094,51.4815312,0 -0.0872745,51.482008,0 -0.0883001,51.4819348,0</coordinates></LineString><LineString><tessellate>1</tessellate><coordinates>-0.0883001,51.4819348,0 -0.0885331,51.4832516,0 -0.0880226,51.4834051,0 -0.0913902,51.4889905,0 -0.0939456,51.4923055,0 -0.0933918,51.4924583,0 -0.0939239,51.4928267,0 -0.0942018,51.4941082,0 -0.0956021,51.4943827,0 -0.0946116,51.4956796,0 -0.0907113,51.4979992,0 -0.0925696,51.4986949,0</coordinates></LineString></MultiGeometry></Placemark>
  <Placemark><name>C2 Cycleway 2</name><styleUrl>#layer</styleUrl><ExtendedData><Data name="Label"><displayName>Label</displayName><value>C2</value></Data><Data name="Route_Name"><displayName>Route_Name</displayName><value>Cycleway 2</value></Data><Data name="Status"><displayName>Status</displayName><value>Open</value></Data><Data name="Programme"><displayName>Programme</displayName><value>Cycleways</value></Data></ExtendedData><LineString><tessellate>1</tessellate><coordinates>-0.0739676,51.5144428,0 -0.0705282,51.5156812,0 -0.0669437,51.5172768,0 -0.0638194,51.5182144,0 -0.0482714,51.5214727,0 -0.0407352,51.5227499,0 -0.0341546,51.5252567,0 -0.0251035,51.5272001,0 -0.0183355,51.5283451,0 -0.0133863,51.5300959,0</coordinates></LineString></Placemark>
  <Placemark><name>C4 Cycleway 4</name><styleUrl>#layer</styleUrl><ExtendedData><Data name="Label"><displayName>Label</displayName><value>C4</value></Data><Data name="Route_Name"><displayName>Route_Name</displayName><value>Cycleway 4</value></Data><Data name="Status"><displayName>Status</displayName><value>Open</value></Data><Data name="Programme"><displayName>Programme</displayName><value>Cycleways</value></Data></ExtendedData><LineString><tessellate>1</tessellate><coordinates>-0.0421683,51.4900223,0 -0.045402,51.4922165,0 -0.0476666,51.4934953,0 -0.0501391,51.4946336,0 -0.055267,51.4987116,0</coordinates></LineString></Placemark>
  <Placemark><name>C3 Cycleway 3</name><styleUrl>#layer</styleUrl><ExtendedData><Data name="Label"><displayName>Label</displayName><value>C3</value></Data><Data name="Route_Name"><displayName>Route_Name</displayName><value>Cycleway 3</value></Data><Data name="Status"><displayName>Status</displayName><value>Open</value></Data><Data name="Programme"><displayName>Programme</displayName><value>Cycleways</value></Data></ExtendedData><LineString><tessellate>1</tessellate><coordinates>0.0811899,51.5278078,0 0.0772539,51.5265376,0 0.0748404,51.5254562,0 0.064675,51.5222273,0 0.0604267,51.5204045,0 0.0576981,51.51967,0 0.0551754,51.5193455,0 0.0469906,51.5200462,0 0.0438623,51.5200378,0 0.0416857,51.5197161,0 0.0396436,51.5191761,0 0.0360756,51.5177093,0 0.0338576,51.5171003,0 0.0287559,51.5167931,0 0.0249997,51.5172448,0 0.0179742,51.5171052,0 0.0161055,51.5168946,0 0.0080545,51.5153961,0 0.0025598,51.5140062,0 0.0013043,51.5129845,0 -0.0001516,51.5126496,0 0.0001077,51.5119887,0 -0.0000921,51.5117043,0 -0.0007749,51.5115811,0 -0.0004973,51.5110098,0 -0.0039857,51.5103318,0 -0.0035039,51.5094872,0 -0.0050157,51.5091892,0 -0.0062572,51.5091384,0 -0.0069587,51.5089165,0 -0.0105102,51.50877,0 -0.017348,51.5089398,0 -0.0212641,51.5093567,0 -0.0236745,51.5089387,0 -0.0242311,51.5090649,0 -0.0245343,51.5087193,0 -0.0248974,51.5086535,0 -0.0268828,51.5093974,0 -0.0291075,51.5092729,0 -0.0321319,51.5086492,0 -0.037875,51.5098156,0 -0.037899,51.5105984,0 -0.0394975,51.5106251,0 -0.0401543,51.5111037,0 -0.0407522,51.5112756,0 -0.041524,51.5110906,0 -0.0421546,51.5111731,0 -0.0421096,51.51155,0 -0.0426401,51.5116128,0 -0.0467826,51.5114661,0 -0.0527047,51.5108182,0 -0.0548539,51.5111146,0 -0.064885,51.5111008,0 -0.0694122,51.5107168,0 -0.0714326,51.5103094,0 -0.0739942,51.5100548,0 -0.0763807,51.5095095,0 -0.0778397,51.5094255,0 -0.0798647,51.5095936,0 -0.0810921,51.509191,0 -0.0820191,51.5090803,0 -0.0881417,51.5098188,0 -0.0930117,51.5108783,0 -0.0963807,51.5113018,0</coordinates></LineString></Placemark>
  <Placemark><name>CS7 Cycle Superhighway 7</name><styleUrl>#layer</styleUrl><ExtendedData><Data name="Label"><displayName>Label</displayName><value>CS7</value></Data><Data name="Route_Name"><displayName>Route_Name</displayName><value>Cycle Superhighway 7</value></Data><Data name="Status"><displayName>Status</displayName><value>Open</value></Data><Data name="Programme"><displayName>Programme</displayName><value>Cycle Superhighways</value></Data></ExtendedData><LineString><tessellate>1</tessellate><coordinates>-0.0930545,51.510888,0 -0.0949468,51.5073307,0 -0.0959941,51.5029502,0</coordinates></LineString></Placemark>
  <Placemark><name>C Cycleway</name><styleUrl>#layer</styleUrl><ExtendedData><Data name="Label"><displayName>Label</displayName><value>C</value></Data><Data name="Route_Name"><displayName>Route_Name</displayName><value>Cycleway</value></Data><Data name="Status"><displayName>Status</displayName><value>Open</value></Data><Data name="Programme"><displayName>Programme</displayName><value>Cycleways</value></Data></ExtendedData><LineString><tessellate>1</tessellate><coordinates>0.0293029,51.4665317,0 0.0258846,51.4722473,0</coordinates></LineString></Placemark>
  <Placemark><name>C11 Cycleway 11</name><styleUrl>#layer</styleUrl><ExtendedData><Data name="Label"><displayName>Label</displayName><value>C11</value></Data><Data name="Route_Name"><displayName>Route_Name</displayName><value>Cycleway 11</value></Data><Data name="Status"><displayName>Status</displayName><value>Open</value></Data><Data name="Programme"><displayName>Programme</displayName><value>Cycleways</value></Data></ExtendedData><LineString><tessellate>1</tessellate><coordinates>-0.0929346,51.5320369,0 -0.0905885,51.5247057,0 -0.0898051,51.5231012,0 -0.0899466,51.5207564,0 -0.0903192,51.5208074,0</coordinates></LineString></Placemark>
  <Placemark><name>C33 Cycleway 33</name><styleUrl>#layer</styleUrl><ExtendedData><Data name="Label"><displayName>Label</displayName><value>C33</value></Data><Data name="Route_Name"><displayName>Route_Name</displayName><value>Cycleway 33</value></Data><Data name="Status"><displayName>Status</displayName><value>Open</value></Data><Data name="Programme"><displayName>Programme</displayName><value>Cycleways</value></Data></ExtendedData><MultiGeometry><LineString><tessellate>1</tessellate><coordinates>0.0666241,51.4821746,0 0.0665112,51.4819068,0 0.0670169,51.4819429,0 0.0664991,51.4813225,0 0.0655995,51.480538,0 0.0647166,51.4801219,0 0.0641721,51.479547,0 0.0633904,51.4791381,0 0.0628247,51.4790491,0 0.0618986,51.4792722,0 0.0615425,51.4787209,0 0.057986,51.4787385,0 0.0544213,51.4782524,0 0.0523334,51.4789005,0</coordinates></LineString><LineString><tessellate>1</tessellate><coordinates>0.0672934,51.4886916,0 0.0670142,51.4879322,0 0.0670931,51.4855387,0 0.0665053,51.4836875,0 0.0666243,51.4824984,0 0.0664603,51.4823754,0 0.0665229,51.4821674,0 0.0666689,51.4822098,0</coordinates></LineString></MultiGeometry></Placemark>
  <Placemark><name>C13 Cycleway 13</name><styleUrl>#layer</styleUrl><ExtendedData><Data name="Label"><displayName>Label</displayName><value>C13</value></Data><Data name="Route_Name"><displayName>Route_Name</displayName><value>Cycleway 13</value></Data><Data name="Status"><displayName>Status</displayName><value>Open</value></Data><Data name="Programme"><displayName>Programme</displayName><value>Cycleways</value></Data></ExtendedData><MultiGeometry><LineString><tessellate>1</tessellate><coordinates>-0.0905088,51.5245425,0 -0.0853864,51.5246568,0 -0.0849263,51.5253147,0 -0.0839642,51.5259105,0</coordinates></LineString><LineString><tessellate>1</tessellate><coordinates>-0.0837947,51.5258268,0 -0.0832075,51.526078,0 -0.0814791,51.5260407,0 -0.0780382,51.5262721,0 -0.0779867,51.5264691,0 -0.0766385,51.5263031,0 -0.0765433,51.5265083,0 -0.0733454,51.527472,0 -0.0734564,51.5282561,0 -0.071011,51.5284677,0 -0.0702606,51.528824,0 -0.0672919,51.5308344,0</coordinates></LineString></MultiGeometry></Placemark>
  <Placemark><name>C22 Cycleway 22</name><styleUrl>#layer</styleUrl><ExtendedData><Data name="Label"><displayName>Label</displayName><value>C22</value></Data><Data name="Route_Name"><displayName>Route_Name</displayName><value>Cycleway 22</value></Data><Data name="Status"><displayName>Status</displayName><value>Open</value></Data><Data name="Programme"><displayName>Programme</displayName><value>Cycleways</value></Data></ExtendedData><LineString><tessellate>1</tessellate><coordinates>0.0592863,51.5200468,0 0.0586993,51.5207765,0 0.0232569,51.5254045,0 0.0200999,51.5263852,0 0.0115291,51.5301388,0 0.0108839,51.5302218,0 0.0054797,51.5299457,0 0.0001014,51.5309189,0</coordinates></LineString></Placemark>
  <Placemark><name>C37 Cycleway 37</name><styleUrl>#layer</styleUrl><ExtendedData><Data name="Label"><displayName>Label</displayName><value>C37</value></Data><Data name="Route_Name"><displayName>Route_Name</displayName><value>Cycleway 37</value></Data><Data name="Status"><displayName>Status</displayName><value>Open</value></Data><Data name="Programme"><displayName>Programme</displayName><value>Cycleways</value></Data></ExtendedData><LineString><tessellate>1</tessellate><coordinates>-0.0336044,51.5216325,0 -0.0347674,51.5250872,0</coordinates></LineString></Placemark>
  <Placemark><name>C14 Cycleway 14</name><styleUrl>#layer</styleUrl><ExtendedData><Data name="Label"><displayName>Label</displayName><value>C14</value></Data><Data name="Route_Name"><displayName>Route_Name</displayName><value>Cycleway 14</value></Data><Data name="Status"><displayName>Status</displayName><value>Open</value></Data><Data name="Programme"><displayName>Programme</displayName><value>Cycleways</value></Data></ExtendedData><LineString><tessellate>1</tessellate><coordinates>-0.0302285,51.4896423,0 -0.0297195,51.4890852,0 -0.0297985,51.4889246,0 -0.0317419,51.4882828,0 -0.0334596,51.4871965,0 -0.0317516,51.48572,0 -0.0318372,51.4840668,0 -0.0306426,51.4840467,0 -0.0305694,51.483407,0 -0.0255569,51.4834125,0 -0.0251917,51.4848632,0 -0.024504,51.4847797,0 -0.0243437,51.4844892,0 -0.0227325,51.4841113,0 -0.0219996,51.4844047,0 -0.0193133,51.483577,0 -0.0192942,51.4833518,0 -0.0188411,51.4831733,0 -0.0187454,51.482722,0 -0.0178356,51.4827786,0 -0.0178204,51.4831291,0 -0.0175746,51.4831519,0 -0.0150377,51.4828662,0 -0.0122422,51.4828997,0 -0.0108551,51.4830021,0 -0.0107309,51.4832068,0 -0.01017,51.4831883,0 -0.0095681,51.4833598,0 -0.0093588,51.4830152,0 -0.0085217,51.4832702,0 -0.0069467,51.483827,0 -0.0057597,51.4842118,0 -0.0045867,51.484592,0 -0.0036036,51.4834904,0 -0.0007742,51.4842965,0 0.0014891,51.4846716,0 0.0015802,51.4847779,0 0.0005015,51.4854708,0 0.0022889,51.4868162,0 0.0040519,51.4889174,0 0.0059611,51.4887679,0 0.0082249,51.4888191,0 0.0081811,51.4884781,0 0.0104937,51.4883305,0 0.0104222,51.4889972,0 0.0113711,51.4896105,0 0.0111659,51.4898568,0 0.0119006,51.4901859,0 0.011751,51.4903863,0 0.0119556,51.4907785,0 0.0147885,51.4926274,0 0.0160056,51.4927863,0 0.0163397,51.4935,0 0.0163182,51.4943187,0 0.017515,51.4946668,0 0.0188938,51.4942474,0 0.0193367,51.4948153,0 0.0216825,51.4944331,0 0.0214882,51.4939509,0 0.0244185,51.4934327,0 0.0261451,51.4933849,0 0.0289089,51.4936608,0 0.0356148,51.4947856,0 0.0370667,51.4947154,0 0.0374121,51.4940619,0 0.0401749,51.4943106,0 0.0447898,51.4940953,0 0.0447544,51.4945906,0 0.0467742,51.4946542,0 0.04672,51.4950509,0 0.0549212,51.4944937,0 0.0595097,51.4943323,0 0.0611749,51.4945188,0 0.0612943,51.4942919,0 0.0619752,51.4940551,0 0.0624226,51.4940742,0 0.0623624,51.4943361,0 0.0642361,51.4946718,0 0.0709634,51.4949758,0 0.0708696,51.4951304,0 0.0766101,51.4962249,0 0.0819952,51.4986833,0</coordinates></LineString></Placemark>
  <Placemark><name>C11 Cycleway 11</name><styleUrl>#layer</styleUrl><ExtendedData><Data name="Label"><displayName>Label</displayName><value>C11</value></Data><Data name="Route_Name"><displayName>Route_Name</displayName><value>Cycleway 11</value></Data><Data name="Status"><displayName>Status</displayName><value>Open</value></Data><Data name="Programme"><displayName>Programme</displayName><value>Cycleways</value></Data></ExtendedData><LineString><tessellate>1</tessellate><coordinates>-0.0903192,51.5208074,0 -0.0923716,51.5210207,0 -0.0972958,51.5201205,0</coordinates></LineString></Placemark>
  <Placemark><name>C4 Cycleway 4</name><styleUrl>#layer</styleUrl><ExtendedData><Data name="Label"><displayName>Label</displayName><value>C4</value></Data><Data name="Route_Name"><displayName>Route_Name</displayName><value>Cycleway 4</value></Data><Data name="Status"><displayName>Status</displayName><value>Open</value></Data><Data name="Programme"><displayName>Programme</displayName><value>Cycleways</value></Data></ExtendedData><LineString><tessellate>1</tessellate><coordinates>-0.0148703,51.4814155,0 -0.0233789,51.4808218,0 -0.0278389,51.4819312,0 -0.032425,51.4841306,0 -0.0363951,51.486931,0 -0.0402588,51.4888662,0 -0.0421683,51.4900223,0</coordinates></LineString></Placemark>
  <Placemark><name>C Cycleway</name><styleUrl>#layer</styleUrl><ExtendedData><Data name="Label"><displayName>Label</displayName><value>C</value></Data><Data name="Route_Name"><displayName>Route_Name</displayName><value>Cycleway</value></Data><Data name="Status"><displayName>Status</displayName><value>Open</value></Data><Data name="Programme"><displayName>Programme</displayName><value>Cycleways</value></Data></ExtendedData><LineString><tessellate>1</tessellate><coordinates>-0.0852361,51.5203378,0 -0.0832989,51.5197846,0 -0.0816058,51.5209709,0 -0.0788885,51.5204588,0</coordinates></LineString></Placemark>
  <Placemark><name>C4 Cycleway 4</name><styleUrl>#layer</styleUrl><ExtendedData><Data name="Label"><displayName>Label</displayName><value>C4</value></Data><Data name="Route_Name"><displayName>Route_Name</displayName><value>Cycleway 4</value></Data><Data name="Status"><displayName>Status</displayName><value>Open</value></Data><Data name="Programme"><displayName>Programme</displayName><value>Cycleways</value></Data></ExtendedData><MultiGeometry><LineString><tessellate>1</tessellate><coordinates>-0.0725421,51.500076,0 -0.0697338,51.4986809,0 -0.0685824,51.4983112,0 -0.0667214,51.4980287,0 -0.0649614,51.4980806,0 -0.0554635,51.4991735,0 -0.0550077,51.499049,0 -0.0550204,51.4987524,0 -0.0555675,51.4987615,0 -0.0556981,51.4990784,0</coordinates></LineString><LineString><tessellate>1</tessellate><coordinates>-0.0739073,51.5005031,0 -0.0759579,51.5014181,0 -0.078515,51.5029708,0 -0.0820797,51.5042073,0 -0.084152,51.5050369,0 -0.0849675,51.505392,0 -0.0856729,51.5056744,0 -0.0859926,51.5057737,0 -0.0869723,51.5059326,0 -0.0880511,51.5060957,0</coordinates></LineString></MultiGeometry></Placemark>
  <Placemark><name>C Cycleway</name><styleUrl>#layer</styleUrl><ExtendedData><Data name="Label"><displayName>Label</displayName><value>C</value></Data><Data name="Route_Name"><displayName>Route_Name</displayName><value>Cycleway</value></Data><Data name="Status"><displayName>Status</displayName><value>Open</value></Data><Data name="Programme"><displayName>Programme</displayName><value>Cycleways</value></Data></ExtendedData><LineString><tessellate>1</tessellate><coordinates>-0.0209939,51.4780298,0 -0.0211126,51.4766199,0 -0.0223732,51.4763177,0 -0.0227905,51.4762961,0 -0.0233733,51.4755135,0 -0.0236954,51.4750534,0 -0.0239875,51.4746362,0 -0.0227872,51.4744518,0 -0.0225847,51.4738839,0 -0.0221009,51.4737498,0 -0.0219201,51.4726047,0 -0.0225481,51.4720667,0 -0.022295,51.4715948,0 -0.0206753,51.4700926,0 -0.0194248,51.4693791,0</coordinates></LineString></Placemark>
  <Placemark><name>C Cycleway</name><styleUrl>#layer</styleUrl><ExtendedData><Data name="Label"><displayName>Label</displayName><value>C</value></Data><Data name="Route_Name"><displayName>Route_Name</displayName><value>Cycleway</value></Data><Data name="Status"><displayName>Status</displayName><value>Open</value></Data><Data name="Programme"><displayName>Programme</displayName><value>Cycleways</value></Data></ExtendedData><LineString><tessellate>1</tessellate><coordinates>-0.0319713,51.4759394,0 -0.0323119,51.477393,0 -0.036704,51.4767292,0 -0.0370428,51.4768878,0 -0.0376762,51.4789038,0 -0.0389587,51.4812365,0 -0.0398183,51.482348,0 -0.0396987,51.4827866,0</coordinates></LineString></Placemark>
  <Placemark><name>C18 Cycleway 18</name><styleUrl>#layer</styleUrl><ExtendedData><Data name="Label"><displayName>Label</displayName><value>C18</value></Data><Data name="Route_Name"><displayName>Route_Name</displayName><value>Cycleway 18</value></Data><Data name="Status"><displayName>Status</displayName><value>Open</value></Data><Data name="Programme"><displayName>Programme</displayName><value>Cycleways</value></Data></ExtendedData><LineString><tessellate>1</tessellate><coordinates>-0.0227831,51.4762996,0 -0.0225438,51.4768448,0 -0.0225496,51.477215,0 -0.0227281,51.4778953,0 -0.0228606,51.4784005,0 -0.0230118,51.4792011,0 -0.0231711,51.4808114,0</coordinates></LineString></Placemark>
  <Placemark><name>C4 Cycleway 4</name><styleUrl>#layer</styleUrl><ExtendedData><Data name="Label"><displayName>Label</displayName><value>C4</value></Data><Data name="Route_Name"><displayName>Route_Name</displayName><value>Cycleway 4</value></Data><Data name="Status"><displayName>Status</displayName><value>Open</value></Data><Data name="Programme"><displayName>Programme</displayName><value>Cycleways</value></Data></ExtendedData><LineString><tessellate>1</tessellate><coordinates>0.0015802,51.4847779,0 0.0024557,51.4853655,0 0.0043013,51.4850822,0 0.0055357,51.4853129,0 0.0084149,51.4862618,0 0.0093987,51.4863619,0 0.0148596,51.4860794,0 0.0200624,51.4867992,0 0.0226627,51.4866465,0 0.0240827,51.4871615,0 0.0313764,51.4879257,0</coordinates></LineString></Placemark>
  <Placemark><name>C10 Cycleway 10</name><styleUrl>#layer</styleUrl><ExtendedData><Data name="Label"><displayName>Label</displayName><value>C10</value></Data><Data name="Route_Name"><displayName>Route_Name</displayName><value>Cycleway 10</value></Data><Data name="Status"><displayName>Status</displayName><value>Open</value></Data><Data name="Programme"><displayName>Programme</displayName><value>Cycleways</value></Data></ExtendedData><MultiGeometry><LineString><tessellate>1</tessellate><coordinates>-0.0069346,51.47977,0 -0.0081283,51.4794756,0 -0.0092133,51.4800246,0 -0.0097606,51.4800249,0 -0.0114978,51.4794878,0 -0.0130997,51.4784178,0 -0.0136636,51.4783644,0 -0.0152291,51.4784629,0 -0.0171639,51.479341,0 -0.0176248,51.479007,0 -0.0176751,51.4778478,0 -0.0181675,51.4777842,0 -0.0210025,51.4781648,0 -0.0204902,51.4793522,0 -0.0229476,51.4791419,0 -0.0230853,51.4792881,0 -0.0245135,51.4792312,0 -0.0261763,51.4797449,0 -0.026221,51.4800424,0 -0.0269869,51.4799834,0 -0.0280134,51.4802255,0 -0.0281885,51.4808399,0 -0.0307766,51.4806047,0 -0.0311477,51.4810156,0 -0.0383784,51.4836818,0 -0.0389659,51.4830801,0 -0.0396987,51.4827866,0 -0.0407786,51.4831285,0 -0.0422636,51.4844393,0 -0.0426451,51.4842748,0 -0.0494526,51.4843973,0 -0.0492909,51.48515,0 -0.0488326,51.4857629,0 -0.0500877,51.486728,0 -0.0512742,51.4872783,0 -0.054987,51.4883742,0 -0.0550204,51.4882668,0 -0.0586476,51.4886687,0 -0.0595329,51.4885125,0 -0.0609507,51.4887068,0 -0.0626187,51.4884376,0 -0.0640854,51.4884978,0 -0.0647696,51.4883293,0 -0.0662529,51.4883358,0 -0.0700243,51.4887397,0 -0.0743533,51.4895842,0 -0.0745165,51.4898118,0 -0.0739203,51.4906293,0 -0.0753769,51.4912737,0 -0.0783558,51.4930582,0 -0.0804396,51.4945492,0 -0.0814027,51.4949426,0 -0.0853772,51.4973907,0</coordinates></LineString><LineString><tessellate>1</tessellate><coordinates>-0.0853631,51.4973815,0 -0.0859269,51.4973367,0 -0.0862513,51.4975039,0 -0.0877688,51.4967013,0 -0.0908759,51.4995756,0 -0.0925696,51.4986949,0 -0.0988566,51.5009912,0</coordinates></LineString></MultiGeometry></Placemark>
  <Placemark><name>C35 Cycleway 35</name><styleUrl>#layer</styleUrl><ExtendedData><Data name="Label"><displayName>Label</displayName><value>C35</value></Data><Data name="Route_Name"><displayName>Route_Name</displayName><value>Cycleway 35</value></Data><Data name="Status"><displayName>Status</displayName><value>Open</value></Data><Data name="Programme"><displayName>Programme</displayName><value>Cycleways</value></Data></ExtendedData><LineString><tessellate>1</tessellate><coordinates>-0.0724414,51.4891481,0 -0.0726145,51.4888003,0 -0.071583,51.4886664,0 -0.0729669,51.4872773,0 -0.071932,51.4868826,0 -0.072512,51.4861097,0 -0.0727317,51.4843148,0 -0.0723079,51.4830938,0 -0.0729366,51.4828703,0 -0.0740418,51.4829604,0 -0.074038,51.4792913,0 -0.0720127,51.4743839,0 -0.0702919,51.4745534,0</coordinates></LineString></Placemark>
  <Placemark><name>C Cycleway</name><styleUrl>#layer</styleUrl><ExtendedData><Data name="Label"><displayName>Label</displayName><value>C</value></Data><Data name="Route_Name"><displayName>Route_Name</displayName><value>Cycleway</value></Data><Data name="Status"><displayName>Status</displayName><value>Open</value></Data><Data name="Programme"><displayName>Programme</displayName><value>Cycleways</value></Data></ExtendedData><LineString><tessellate>1</tessellate><coordinates>-0.0729255,51.5101092,0 -0.0727242,51.5104386,0 -0.0729046,51.5112869,0 -0.0732831,51.5132445,0 -0.0739676,51.5144428,0</coordinates></LineString></Placemark>
  <Placemark><name>C1 Cycleway 1</name><styleUrl>#layer</styleUrl><ExtendedData><Data name="Label"><displayName>Label</displayName><value>C1</value></Data><Data name="Route_Name"><displayName>Route_Name</displayName><value>Cycleway 1</value></Data><Data name="Status"><displayName>Status</displayName><value>Open</value></Data><Data name="Programme"><displayName>Programme</displayName><value>Cycleways</value></Data></ExtendedData><MultiGeometry><LineString><tessellate>1</tessellate><coordinates>-0.0930117,51.5108783,0 -0.0921287,51.5151085,0 -0.0945964,51.5157242,0 -0.0930814,51.5185233,0 -0.0911829,51.5180787,0 -0.0901857,51.5195193,0 -0.0896884,51.5207252,0</coordinates></LineString><LineString><tessellate>1</tessellate><coordinates>-0.0896884,51.5207252,0 -0.0899466,51.5207564,0</coordinates></LineString><LineString><tessellate>1</tessellate><coordinates>-0.0829182,51.5305606,0 -0.0835992,51.5287642,0 -0.0836388,51.5271372,0 -0.0839642,51.5259105,0 -0.0837947,51.5258268,0 -0.0845927,51.521928,0 -0.0850459,51.5207484,0 -0.0852361,51.5203378,0 -0.0896884,51.5207252,0</coordinates></LineString></MultiGeometry></Placemark>
  <Placemark><name>C14 Cycleway 14</name><styleUrl>#layer</styleUrl><ExtendedData><Data name="Label"><displayName>Label</displayName><value>C14</value></Data><Data name="Route_Name"><displayName>Route_Name</displayName><value>Cycleway 14</value></Data><Data name="Status"><displayName>Status</displayName><value>Open</value></Data><Data name="Programme"><displayName>Programme</displayName><value>Cycleways</value></Data></ExtendedData><LineString><tessellate>1</tessellate><coordinates>-0.0302285,51.4896423,0 -0.0322322,51.4926166,0 -0.0329874,51.4944819,0 -0.033168,51.4946378,0 -0.033473,51.4945799,0 -0.0344155,51.4964483,0 -0.0354002,51.4963299,0 -0.0364596,51.498497,0 -0.0369675,51.4987483,0 -0.039579,51.4989988,0 -0.0404888,51.4992838,0 -0.0410826,51.4992128,0 -0.0412955,51.4992883,0 -0.0411225,51.4996271,0 -0.0423675,51.5001605,0 -0.04428,51.4999137,0 -0.0453873,51.5003008,0 -0.0464624,51.4994195,0 -0.0476211,51.4999514,0 -0.0483087,51.4993693,0 -0.0503869,51.5009776,0 -0.0512123,51.5005417,0 -0.0524812,51.501534,0 -0.0546261,51.5009042,0 -0.054819,51.5007725,0 -0.0547188,51.5004201,0 -0.0557287,51.5000501,0 -0.0578897,51.4997173,0 -0.058341,51.500624,0 -0.0599033,51.500479,0 -0.0624203,51.5005836,0 -0.0631922,51.5003895,0 -0.0644612,51.5003655,0 -0.065105,51.4997916,0 -0.0686836,51.5010287,0 -0.0690493,51.5005581,0 -0.0705653,51.5004841,0 -0.0725421,51.500076,0 -0.0739073,51.5005031,0 -0.0748894,51.5004473,0 -0.0773386,51.4997681,0 -0.0786186,51.5001668,0 -0.0817192,51.5004424,0 -0.0817423,51.5005777,0 -0.08358,51.5003919,0 -0.0851873,51.5005441,0 -0.0856437,51.5013429,0 -0.0872333,51.5015756,0 -0.0872752,51.5022957,0 -0.0883468,51.5021693,0 -0.0916862,51.5032849,0 -0.0949415,51.5040032,0 -0.098772,51.5037147,0</coordinates></LineString></Placemark>
  <Placemark><name>C17 Cycleway 17</name><styleUrl>#layer</styleUrl><ExtendedData><Data name="Label"><displayName>Label</displayName><value>C17</value></Data><Data name="Route_Name"><displayName>Route_Name</displayName><value>Cycleway 17</value></Data><Data name="Status"><displayName>Status</displayName><value>Open</value></Data><Data name="Programme"><displayName>Programme</displayName><value>Cycleways</value></Data></ExtendedData><MultiGeometry><LineString><tessellate>1</tessellate><coordinates>-0.0857193,51.4709934,0 -0.085079,51.4711538,0 -0.0867879,51.4736728,0 -0.0872731,51.4775656,0 -0.0877566,51.4784008,0 -0.0913402,51.4805275,0 -0.088311,51.4816742,0 -0.0883001,51.4819348,0</coordinates></LineString><LineString><tessellate>1</tessellate><coordinates>-0.0856094,51.4815312,0 -0.0872745,51.482008,0 -0.0883001,51.4819348,0</coordinates></LineString><LineString><tessellate>1</tessellate><coordinates>-0.0883001,51.4819348,0 -0.0885331,51.4832516,0 -0.0880226,51.4834051,0 -0.0913902,51.4889905,0 -0.0939456,51.4923055,0 -0.0933918,51.4924583,0 -0.0939239,51.4928267,0 -0.0942018,51.4941082,0 -0.0956021,51.4943827,0 -0.0946116,51.4956796,0 -0.0907113,51.4979992,0 -0.0925696,51.4986949,0</coordinates></LineString></MultiGeometry></Placemark>
  <Placemark><name>C2 Cycleway 2</name><styleUrl>#layer</styleUrl><ExtendedData><Data name="Label"><displayName>Label</displayName><value>C2</value></Data><Data name="Route_Name"><displayName>Route_Name</displayName><value>Cycleway 2</value></Data><Data name="Status"><displayName>Status</displayName><value>Open</value></Data><Data name="Programme"><displayName>Programme</displayName><value>Cycleways</value></Data></ExtendedData><LineString><tessellate>1</tessellate><coordinates>-0.0739676,51.5144428,0 -0.0705282,51.5156812,0 -0.0669437,51.5172768,0 -0.0638194,51.5182144,0 -0.0482714,51.5214727,0 -0.0407352,51.5227499,0 -0.0341546,51.5252567,0 -0.0251035,51.5272001,0 -0.0183355,51.5283451,0 -0.0133863,51.5300959,0</coordinates></LineString></Placemark>
  <Placemark><name>C4 Cycleway 4</name><styleUrl>#layer</styleUrl><ExtendedData><Data name="Label"><displayName>Label</displayName><value>C4</value></Data><Data name="Route_Name"><displayName>Route_Name</displayName><value>Cycleway 4</value></Data><Data name="Status"><displayName>Status</displayName><value>Open</value></Data><Data name="Programme"><displayName>Programme</displayName><value>Cycleways</value></Data></ExtendedData><LineString><tessellate>1</tessellate><coordinates>-0.0421683,51.4900223,0 -0.045402,51.4922165,0 -0.0476666,51.4934953,0 -0.0501391,51.4946336,0 -0.055267,51.4987116,0</coordinates></LineString></Placemark>
  <Placemark><name>C3 Cycleway 3</name><styleUrl>#layer</styleUrl><ExtendedData><Data name="Label"><displayName>Label</displayName><value>C3</value></Data><Data name="Route_Name"><displayName>Route_Name</displayName><value>Cycleway 3</value></Data><Data name="Status"><displayName>Status</displayName><value>Open</value></Data><Data name="Programme"><displayName>Programme</displayName><value>Cycleways</value></Data></ExtendedData><LineString><tessellate>1</tessellate><coordinates>0.0811899,51.5278078,0 0.0772539,51.5265376,0 0.0748404,51.5254562,0 0.064675,51.5222273,0 0.0604267,51.5204045,0 0.0576981,51.51967,0 0.0551754,51.5193455,0 0.0469906,51.5200462,0 0.0438623,51.5200378,0 0.0416857,51.5197161,0 0.0396436,51.5191761,0 0.0360756,51.5177093,0 0.0338576,51.5171003,0 0.0287559,51.5167931,0 0.0249997,51.5172448,0 0.0179742,51.5171052,0 0.0161055,51.5168946,0 0.0080545,51.5153961,0 0.0025598,51.5140062,0 0.0013043,51.5129845,0 -0.0001516,51.5126496,0 0.0001077,51.5119887,0 -0.0000921,51.5117043,0 -0.0007749,51.5115811,0 -0.0004973,51.5110098,0 -0.0039857,51.5103318,0 -0.0035039,51.5094872,0 -0.0050157,51.5091892,0 -0.0062572,51.5091384,0 -0.0069587,51.5089165,0 -0.0105102,51.50877,0 -0.017348,51.5089398,0 -0.0212641,51.5093567,0 -0.0236745,51.5089387,0 -0.0242311,51.5090649,0 -0.0245343,51.5087193,0 -0.0248974,51.5086535,0 -0.0268828,51.5093974,0 -0.0291075,51.5092729,0 -0.0321319,51.5086492,0 -0.037875,51.5098156,0 -0.037899,51.5105984,0 -0.0394975,51.5106251,0 -0.0401543,51.5111037,0 -0.0407522,51.5112756,0 -0.041524,51.5110906,0 -0.0421546,51.5111731,0 -0.0421096,51.51155,0 -0.0426401,51.5116128,0 -0.0467826,51.5114661,0 -0.0527047,51.5108182,0 -0.0548539,51.5111146,0 -0.064885,51.5111008,0 -0.0694122,51.5107168,0 -0.0714326,51.5103094,0 -0.0739942,51.5100548,0 -0.0763807,51.5095095,0 -0.0778397,51.5094255,0 -0.0798647,51.5095936,0 -0.0810921,51.509191,0 -0.0820191,51.5090803,0 -0.0881417,51.5098188,0 -0.0930117,51.5108783,0 -0.0963807,51.5113018,0</coordinates></LineString></Placemark>
  <Placemark><name>CS7 Cycle Superhighway 7</name><styleUrl>#layer</styleUrl><ExtendedData><Data name="Label"><displayName>Label</displayName><value>CS7</value></Data><Data name="Route_Name"><displayName>Route_Name</displayName><value>Cycle Superhighway 7</value></Data><Data name="Status"><displayName>Status</displayName><value>Open</value></Data><Data name="Programme"><displayName>Programme</displayName><value>Cycle Superhighways</value></Data></ExtendedData><LineString><tessellate>1</tessellate><coordinates>-0.0930545,51.510888,0 -0.0949468,51.5073307,0 -0.0959941,51.5029502,0</coordinates></LineString></Placemark>
  <Placemark><name>C Cycleway</name><styleUrl>#layer</styleUrl><ExtendedData><Data name="Label"><displayName>Label</displayName><value>C</value></Data><Data name="Route_Name"><displayName>Route_Name</displayName><value>Cycleway</value></Data><Data name="Status"><displayName>Status</displayName><value>Open</value></Data><Data name="Programme"><displayName>Programme</displayName><value>Cycleways</value></Data></ExtendedData><LineString><tessellate>1</tessellate><coordinates>0.0293029,51.4665317,0 0.0258846,51.4722473,0</coordinates></LineString></Placemark>
  <Placemark><name>C11 Cycleway 11</name><styleUrl>#layer</styleUrl><ExtendedData><Data name="Label"><displayName>Label</displayName><value>C11</value></Data><Data name="Route_Name"><displayName>Route_Name</displayName><value>Cycleway 11</value></Data><Data name="Status"><displayName>Status</displayName><value>Open</value></Data><Data name="Programme"><displayName>Programme</displayName><value>Cycleways</value></Data></ExtendedData><LineString><tessellate>1</tessellate><coordinates>-0.0929346,51.5320369,0 -0.0905885,51.5247057,0 -0.0898051,51.5231012,0 -0.0899466,51.5207564,0 -0.0903192,51.5208074,0</coordinates></LineString></Placemark>
  <Placemark><name>C33 Cycleway 33</name><styleUrl>#layer</styleUrl><ExtendedData><Data name="Label"><displayName>Label</displayName><value>C33</value></Data><Data name="Route_Name"><displayName>Route_Name</displayName><value>Cycleway 33</value></Data><Data name="Status"><displayName>Status</displayName><value>Open</value></Data><Data name="Programme"><displayName>Programme</displayName><value>Cycleways</value></Data></ExtendedData><MultiGeometry><LineString><tessellate>1</tessellate><coordinates>0.0666241,51.4821746,0 0.0665112,51.4819068,0 0.0670169,51.4819429,0 0.0664991,51.4813225,0 0.0655995,51.480538,0 0.0647166,51.4801219,0 0.0641721,51.479547,0 0.0633904,51.4791381,0 0.0628247,51.4790491,0 0.0618986,51.4792722,0 0.0615425,51.4787209,0 0.057986,51.4787385,0 0.0544213,51.4782524,0 0.0523334,51.4789005,0</coordinates></LineString><LineString><tessellate>1</tessellate><coordinates>0.0672934,51.4886916,0 0.0670142,51.4879322,0 0.0670931,51.4855387,0 0.0665053,51.4836875,0 0.0666243,51.4824984,0 0.0664603,51.4823754,0 0.0665229,51.4821674,0 0.0666689,51.4822098,0</coordinates></LineString></MultiGeometry></Placemark>
  <Placemark><name>C13 Cycleway 13</name><styleUrl>#layer</styleUrl><ExtendedData><Data name="Label"><displayName>Label</displayName><value>C13</value></Data><Data name="Route_Name"><displayName>Route_Name</displayName><value>Cycleway 13</value></Data><Data name="Status"><displayName>Status</displayName><value>Open</value></Data><Data name="Programme"><displayName>Programme</displayName><value>Cycleways</value></Data></ExtendedData><MultiGeometry><LineString><tessellate>1</tessellate><coordinates>-0.0905088,51.5245425,0 -0.0853864,51.5246568,0 -0.0849263,51.5253147,0 -0.0839642,51.5259105,0</coordinates></LineString><LineString><tessellate>1</tessellate><coordinates>-0.0837947,51.5258268,0 -0.0832075,51.526078,0 -0.0814791,51.5260407,0 -0.0780382,51.5262721,0 -0.0779867,51.5264691,0 -0.0766385,51.5263031,0 -0.0765433,51.5265083,0 -0.0733454,51.527472,0 -0.0734564,51.5282561,0 -0.071011,51.5284677,0 -0.0702606,51.528824,0 -0.0672919,51.5308344,0</coordinates></LineString></MultiGeometry></Placemark>
  <Placemark><name>C22 Cycleway 22</name><styleUrl>#layer</styleUrl><ExtendedData><Data name="Label"><displayName>Label</displayName><value>C22</value></Data><Data name="Route_Name"><displayName>Route_Name</displayName><value>Cycleway 22</value></Data><Data name="Status"><displayName>Status</displayName><value>Open</value></Data><Data name="Programme"><displayName>Programme</displayName><value>Cycleways</value></Data></ExtendedData><LineString><tessellate>1</tessellate><coordinates>0.0592863,51.5200468,0 0.0586993,51.5207765,0 0.0232569,51.5254045,0 0.0200999,51.5263852,0 0.0115291,51.5301388,0 0.0108839,51.5302218,0 0.0054797,51.5299457,0 0.0001014,51.5309189,0</coordinates></LineString></Placemark>
  <Placemark><name>C37 Cycleway 37</name><styleUrl>#layer</styleUrl><ExtendedData><Data name="Label"><displayName>Label</displayName><value>C37</value></Data><Data name="Route_Name"><displayName>Route_Name</displayName><value>Cycleway 37</value></Data><Data name="Status"><displayName>Status</displayName><value>Open</value></Data><Data name="Programme"><displayName>Programme</displayName><value>Cycleways</value></Data></ExtendedData><LineString><tessellate>1</tessellate><coordinates>-0.0336044,51.5216325,0 -0.0347674,51.5250872,0</coordinates></LineString></Placemark>
  <Placemark><name>C14 Cycleway 14</name><styleUrl>#layer</styleUrl><ExtendedData><Data name="Label"><displayName>Label</displayName><value>C14</value></Data><Data name="Route_Name"><displayName>Route_Name</displayName><value>Cycleway 14</value></Data><Data name="Status"><displayName>Status</displayName><value>Open</value></Data><Data name="Programme"><displayName>Programme</displayName><value>Cycleways</value></Data></ExtendedData><LineString><tessellate>1</tessellate><coordinates>-0.0302285,51.4896423,0 -0.0297195,51.4890852,0 -0.0297985,51.4889246,0 -0.0317419,51.4882828,0 -0.0334596,51.4871965,0 -0.0317516,51.48572,0 -0.0318372,51.4840668,0 -0.0306426,51.4840467,0 -0.0305694,51.483407,0 -0.0255569,51.4834125,0 -0.0251917,51.4848632,0 -0.024504,51.4847797,0 -0.0243437,51.4844892,0 -0.0227325,51.4841113,0 -0.0219996,51.4844047,0 -0.0193133,51.483577,0 -0.0192942,51.4833518,0 -0.0188411,51.4831733,0 -0.0187454,51.482722,0 -0.0178356,51.4827786,0 -0.0178204,51.4831291,0 -0.0175746,51.4831519,0 -0.0150377,51.4828662,0 -0.0122422,51.4828997,0 -0.0108551,51.4830021,0 -0.0107309,51.4832068,0 -0.01017,51.4831883,0 -0.0095681,51.4833598,0 -0.0093588,51.4830152,0 -0.0085217,51.4832702,0 -0.0069467,51.483827,0 -0.0057597,51.4842118,0 -0.0045867,51.484592,0 -0.0036036,51.4834904,0 -0.0007742,51.4842965,0 0.0014891,51.4846716,0 0.0015802,51.4847779,0 0.0005015,51.4854708,0 0.0022889,51.4868162,0 0.0040519,51.4889174,0 0.0059611,51.4887679,0 0.0082249,51.4888191,0 0.0081811,51.4884781,0 0.0104937,51.4883305,0 0.0104222,51.4889972,0 0.0113711,51.4896105,0 0.0111659,51.4898568,0 0.0119006,51.4901859,0 0.011751,51.4903863,0 0.0119556,51.4907785,0 0.0147885,51.4926274,0 0.0160056,51.4927863,0 0.0163397,51.4935,0 0.0163182,51.4943187,0 0.017515,51.4946668,0 0.0188938,51.4942474,0 0.0193367,51.4948153,0 0.0216825,51.4944331,0 0.0214882,51.4939509,0 0.0244185,51.4934327,0 0.0261451,51.4933849,0 0.0289089,51.4936608,0 0.0356148,51.4947856,0 0.0370667,51.4947154,0 0.0374121,51.4940619,0 0.0401749,51.4943106,0 0.0447898,51.4940953,0 0.0447544,51.4945906,0 0.0467742,51.4946542,0 0.04672,51.4950509,0 0.0549212,51.4944937,0 0.0595097,51.4943323,0 0.0611749,51.4945188,0 0.0612943,51.4942919,0 0.0619752,51.4940551,0 0.0624226,51.4940742,0 0.0623624,51.4943361,0 0.0642361,51.4946718,0 0.0709634,51.4949758,0 0.0708696,51.4951304,0 0.0766101,51.4962249,0 0.0819952,51.4986833,0</coordinates></LineString></Placemark>
  <Placemark><name>C11 Cycleway 11</name><styleUrl>#layer</styleUrl><ExtendedData><Data name="Label"><displayName>Label</displayName><value>C11</value></Data><Data name="Route_Name"><displayName>Route_Name</displayName><value>Cycleway 11</value></Data><Data name="Status"><displayName>Status</displayName><value>Open</value></Data><Data name="Programme"><displayName>Programme</displayName><value>Cycleways</value></Data></ExtendedData><LineString><tessellate>1</tessellate><coordinates>-0.0903192,51.5208074,0 -0.0923716,51.5210207,0 -0.0972958,51.5201205,0</coordinates></LineString></Placemark>
  <Placemark><name>C4 Cycleway 4</name><styleUrl>#layer</styleUrl><ExtendedData><Data name="Label"><displayName>Label</displayName><value>C4</value></Data><Data name="Route_Name"><displayName>Route_Name</displayName><value>Cycleway 4</value></Data><Data name="Status"><displayName>Status</displayName><value>Open</value></Data><Data name="Programme"><displayName>Programme</displayName><value>Cycleways</value></Data></ExtendedData><LineString><tessellate>1</tessellate><coordinates>-0.0148703,51.4814155,0 -0.0233789,51.4808218,0 -0.0278389,51.4819312,0 -0.032425,51.4841306,0 -0.0363951,51.486931,0 -0.0402588,51.4888662,0 -0.0421683,51.4900223,0</coordinates></LineString></Placemark>
  <Placemark><name>C Cycleway</name><styleUrl>#layer</styleUrl><ExtendedData><Data name="Label"><displayName>Label</displayName><value>C</value></Data><Data name="Route_Name"><displayName>Route_Name</displayName><value>Cycleway</value></Data><Data name="Status"><displayName>Status</displayName><value>Open</value></Data><Data name="Programme"><displayName>Programme</displayName><value>Cycleways</value></Data></ExtendedData><LineString><tessellate>1</tessellate><coordinates>-0.0852361,51.5203378,0 -0.0832989,51.5197846,0 -0.0816058,51.5209709,0 -0.0788885,51.5204588,0</coordinates></LineString></Placemark>
  <Placemark><name>C4 Cycleway 4</name><styleUrl>#layer</styleUrl><ExtendedData><Data name="Label"><displayName>Label</displayName><value>C4</value></Data><Data name="Route_Name"><displayName>Route_Name</displayName><value>Cycleway 4</value></Data><Data name="Status"><displayName>Status</displayName><value>Open</value></Data><Data name="Programme"><displayName>Programme</displayName><value>Cycleways</value></Data></ExtendedData><MultiGeometry><LineString><tessellate>1</tessellate><coordinates>-0.0725421,51.500076,0 -0.0697338,51.4986809,0 -0.0685824,51.4983112,0 -0.0667214,51.4980287,0 -0.0649614,51.4980806,0 -0.0554635,51.4991735,0 -0.0550077,51.499049,0 -0.0550204,51.4987524,0 -0.0555675,51.4987615,0 -0.0556981,51.4990784,0</coordinates></LineString><LineString><tessellate>1</tessellate><coordinates>-0.0739073,51.5005031,0 -0.0759579,51.5014181,0 -0.078515,51.5029708,0 -0.0820797,51.5042073,0 -0.084152,51.5050369,0 -0.0849675,51.505392,0 -0.0856729,51.5056744,0 -0.0859926,51.5057737,0 -0.0869723,51.5059326,0 -0.0880511,51.5060957,0</coordinates></LineString></MultiGeometry></Placemark>
  <Placemark><name>C Cycleway</name><styleUrl>#layer</styleUrl><ExtendedData><Data name="Label"><displayName>Label</displayName><value>C</value></Data><Data name="Route_Name"><displayName>Route_Name</displayName><value>Cycleway</value></Data><Data name="Status"><displayName>Status</displayName><value>Open</value></Data><Data name="Programme"><displayName>Programme</displayName><value>Cycleways</value></Data></ExtendedData><LineString><tessellate>1</tessellate><coordinates>-0.0209939,51.4780298,0 -0.0211126,51.4766199,0 -0.0223732,51.4763177,0 -0.0227905,51.4762961,0 -0.0233733,51.4755135,0 -0.0236954,51.4750534,0 -0.0239875,51.4746362,0 -0.0227872,51.4744518,0 -0.0225847,51.4738839,0 -0.0221009,51.4737498,0 -0.0219201,51.4726047,0 -0.0225481,51.4720667,0 -0.022295,51.4715948,0 -0.0206753,51.4700926,0 -0.0194248,51.4693791,0</coordinates></LineString></Placemark>
  <Placemark><name>C Cycleway</name><styleUrl>#layer</styleUrl><ExtendedData><Data name="Label"><displayName>Label</displayName><value>C</value></Data><Data name="Route_Name"><displayName>Route_Name</displayName><value>Cycleway</value></Data><Data name="Status"><displayName>Status</displayName><value>Open</value></Data><Data name="Programme"><displayName>Programme</displayName><value>Cycleways</value></Data></ExtendedData><LineString><tessellate>1</tessellate><coordinates>-0.0319713,51.4759394,0 -0.0323119,51.477393,0 -0.036704,51.4767292,0 -0.0370428,51.4768878,0 -0.0376762,51.4789038,0 -0.0389587,51.4812365,0 -0.0398183,51.482348,0 -0.0396987,51.4827866,0</coordinates></LineString></Placemark>
  <Placemark><name>C18 Cycleway 18</name><styleUrl>#layer</styleUrl><ExtendedData><Data name="Label"><displayName>Label</displayName><value>C18</value></Data><Data name="Route_Name"><displayName>Route_Name</displayName><value>Cycleway 18</value></Data><Data name="Status"><displayName>Status</displayName><value>Open</value></Data><Data name="Programme"><displayName>Programme</displayName><value>Cycleways</value></Data></ExtendedData><LineString><tessellate>1</tessellate><coordinates>-0.0227831,51.4762996,0 -0.0225438,51.4768448,0 -0.0225496,51.477215,0 -0.0227281,51.4778953,0 -0.0228606,51.4784005,0 -0.0230118,51.4792011,0 -0.0231711,51.4808114,0</coordinates></LineString></Placemark>
  <Placemark><name>C4 Cycleway 4</name><styleUrl>#layer</styleUrl><ExtendedData><Data name="Label"><displayName>Label</displayName><value>C4</value></Data><Data name="Route_Name"><displayName>Route_Name</displayName><value>Cycleway 4</value></Data><Data name="Status"><displayName>Status</displayName><value>Open</value></Data><Data name="Programme"><displayName>Programme</displayName><value>Cycleways</value></Data></ExtendedData><LineString><tessellate>1</tessellate><coordinates>0.0015802,51.4847779,0 0.0024557,51.4853655,0 0.0043013,51.4850822,0 0.0055357,51.4853129,0 0.0084149,51.4862618,0 0.0093987,51.4863619,0 0.0148596,51.4860794,0 0.0200624,51.4867992,0 0.0226627,51.4866465,0 0.0240827,51.4871615,0 0.0313764,51.4879257,0</coordinates></LineString></Placemark>
  <Placemark><name>C10 Cycleway 10</name><styleUrl>#layer</styleUrl><ExtendedData><Data name="Label"><displayName>Label</displayName><value>C10</value></Data><Data name="Route_Name"><displayName>Route_Name</displayName><value>Cycleway 10</value></Data><Data name="Status"><displayName>Status</displayName><value>Open</value></Data><Data name="Programme"><displayName>Programme</displayName><value>Cycleways</value></Data></ExtendedData><MultiGeometry><LineString><tessellate>1</tessellate><coordinates>-0.0069346,51.47977,0 -0.0081283,51.4794756,0 -0.0092133,51.4800246,0 -0.0097606,51.4800249,0 -0.0114978,51.4794878,0 -0.0130997,51.4784178,0 -0.0136636,51.4783644,0 -0.0152291,51.4784629,0 -0.0171639,51.479341,0 -0.0176248,51.479007,0 -0.0176751,51.4778478,0 -0.0181675,51.4777842,0 -0.0210025,51.4781648,0 -0.0204902,51.4793522,0 -0.0229476,51.4791419,0 -0.0230853,51.4792881,0 -0.0245135,51.4792312,0 -0.0261763,51.4797449,0 -0.026221,51.4800424,0 -0.0269869,51.4799834,0 -0.0280134,51.4802255,0 -0.0281885,51.4808399,0 -0.0307766,51.4806047,0 -0.0311477,51.4810156,0 -0.0383784,51.4836818,0 -0.0389659,51.4830801,0 -0.0396987,51.4827866,0 -0.0407786,51.4831285,0 -0.0422636,51.4844393,0 -0.0426451,51.4842748,0 -0.0494526,51.4843973,0 -0.0492909,51.48515,0 -0.0488326,51.4857629,0 -0.0500877,51.486728,0 -0.0512742,51.4872783,0 -0.054987,51.4883742,0 -0.0550204,51.4882668,0 -0.0586476,51.4886687,0 -0.0595329,51.4885125,0 -0.0609507,51.4887068,0 -0.0626187,51.4884376,0 -0.0640854,51.4884978,0 -0.0647696,51.4883293,0 -0.0662529,51.4883358,0 -0.0700243,51.4887397,0 -0.0743533,51.4895842,0 -0.0745165,51.4898118,0 -0.0739203,51.4906293,0 -0.0753769,51.4912737,0 -0.0783558,51.4930582,0 -0.0804396,51.4945492,0 -0.0814027,51.4949426,0 -0.0853772,51.4973907,0</coordinates></LineString><LineString><tessellate>1</tessellate><coordinates>-0.0853631,51.4973815,0 -0.0859269,51.4973367,0 -0.0862513,51.4975039,0 -0.0877688,51.4967013,0 -0.0908759,51.4995756,0 -0.0925696,51.4986949,0 -0.0988566,51.5009912,0</coordinates></LineString></MultiGeometry></Placemark>
  <Placemark><name>C35 Cycleway 35</name><styleUrl>#layer</styleUrl><ExtendedData><Data name="Label"><displayName>Label</displayName><value>C35</value></Data><Data name="Route_Name"><displayName>Route_Name</displayName><value>Cycleway 35</value></Data><Data name="Status"><displayName>Status</displayName><value>Open</value></Data><Data name="Programme"><displayName>Programme</displayName><value>Cycleways</value></Data></ExtendedData><LineString><tessellate>1</tessellate><coordinates>-0.0724414,51.4891481,0 -0.0726145,51.4888003,0 -0.071583,51.4886664,0 -0.0729669,51.4872773,0 -0.071932,51.4868826,0 -0.072512,51.4861097,0 -0.0727317,51.4843148,0 -0.0723079,51.4830938,0 -0.0729366,51.4828703,0 -0.0740418,51.4829604,0 -0.074038,51.4792913,0 -0.0720127,51.4743839,0 -0.0702919,51.4745534,0</coordinates></LineString></Placemark>
  <Placemark><name>C Cycleway</name><styleUrl>#layer</styleUrl><ExtendedData><Data name="Label"><displayName>Label</displayName><value>C</value></Data><Data name="Route_Name"><displayName>Route_Name</displayName><value>Cycleway</value></Data><Data name="Status"><displayName>Status</displayName><value>Open</value></Data><Data name="Programme"><displayName>Programme</displayName><value>Cycleways</value></Data></ExtendedData><LineString><tessellate>1</tessellate><coordinates>-0.0729255,51.5101092,0 -0.0727242,51.5104386,0 -0.0729046,51.5112869,0 -0.0732831,51.5132445,0 -0.0739676,51.5144428,0</coordinates></LineString></Placemark>
  <Placemark><name>C1 Cycleway 1</name><styleUrl>#layer</styleUrl><ExtendedData><Data name="Label"><displayName>Label</displayName><value>C1</value></Data><Data name="Route_Name"><displayName>Route_Name</displayName><value>Cycleway 1</value></Data><Data name="Status"><displayName>Status</displayName><value>Open</value></Data><Data name="Programme"><displayName>Programme</displayName><value>Cycleways</value></Data></ExtendedData><MultiGeometry><LineString><tessellate>1</tessellate><coordinates>-0.0930117,51.5108783,0 -0.0921287,51.5151085,0 -0.0945964,51.5157242,0 -0.0930814,51.5185233,0 -0.0911829,51.5180787,0 -0.0901857,51.5195193,0 -0.0896884,51.5207252,0</coordinates></LineString><LineString><tessellate>1</tessellate><coordinates>-0.0896884,51.5207252,0 -0.0899466,51.5207564,0</coordinates></LineString><LineString><tessellate>1</tessellate><coordinates>-0.0829182,51.5305606,0 -0.0835992,51.5287642,0 -0.0836388,51.5271372,0 -0.0839642,51.5259105,0 -0.0837947,51.5258268,0 -0.0845927,51.521928,0 -0.0850459,51.5207484,0 -0.0852361,51.5203378,0 -0.0896884,51.5207252,0</coordinates></LineString></MultiGeometry></Placemark>
  <Placemark><name>C14 Cycleway 14</name><styleUrl>#layer</styleUrl><ExtendedData><Data name="Label"><displayName>Label</displayName><value>C14</value></Data><Data name="Route_Name"><displayName>Route_Name</displayName><value>Cycleway 14</value></Data><Data name="Status"><displayName>Status</displayName><value>Open</value></Data><Data name="Programme"><displayName>Programme</displayName><value>Cycleways</value></Data></ExtendedData><LineString><tessellate>1</tessellate><coordinates>-0.0302285,51.4896423,0 -0.0322322,51.4926166,0 -0.0329874,51.4944819,0 -0.033168,51.4946378,0 -0.033473,51.4945799,0 -0.0344155,51.4964483,0 -0.0354002,51.4963299,0 -0.0364596,51.498497,0 -0.0369675,51.4987483,0 -0.039579,51.4989988,0 -0.0404888,51.4992838,0 -0.0410826,51.4992128,0 -0.0412955,51.4992883,0 -0.0411225,51.4996271,0 -0.0423675,51.5001605,0 -0.04428,51.4999137,0 -0.0453873,51.5003008,0 -0.0464624,51.4994195,0 -0.0476211,51.4999514,0 -0.0483087,51.4993693,0 -0.0503869,51.5009776,0 -0.0512123,51.5005417,0 -0.0524812,51.501534,0 -0.0546261,51.5009042,0 -0.054819,51.5007725,0 -0.0547188,51.5004201,0 -0.0557287,51.5000501,0 -0.0578897,51.4997173,0 -0.058341,51.500624,0 -0.0599033,51.500479,0 -0.0624203,51.5005836,0 -0.0631922,51.5003895,0 -0.0644612,51.5003655,0 -0.065105,51.4997916,0 -0.0686836,51.5010287,0 -0.0690493,51.5005581,0 -0.0705653,51.5004841,0 -0.0725421,51.500076,0 -0.0739073,51.5005031,0 -0.0748894,51.5004473,0 -0.0773386,51.4997681,0 -0.0786186,51.5001668,0 -0.0817192,51.5004424,0 -0.0817423,51.5005777,0 -0.08358,51.5003919,0 -0.0851873,51.5005441,0 -0.0856437,51.5013429,0 -0.0872333,51.5015756,0 -0.0872752,51.5022957,0 -0.0883468,51.5021693,0 -0.0916862,51.5032849,0 -0.0949415,51.5040032,0 -0.098772,51.5037147,0</coordinates></LineString></Placemark>
  <Placemark><name>C17 Cycleway 17</name><styleUrl>#layer</styleUrl><ExtendedData><Data name="Label"><displayName>Label</displayName><value>C17</value></Data><Data name="Route_Name"><displayName>Route_Name</displayName><value>Cycleway 17</value></Data><Data name="Status"><displayName>Status</displayName><value>Open</value></Data><Data name="Programme"><displayName>Programme</displayName><value>Cycleways</value></Data></ExtendedData><MultiGeometry><LineString><tessellate>1</tessellate><coordinates>-0.0857193,51.4709934,0 -0.085079,51.4711538,0 -0.0867879,51.4736728,0 -0.0872731,51.4775656,0 -0.0877566,51.4784008,0 -0.0913402,51.4805275,0 -0.088311,51.4816742,0 -0.0883001,51.4819348,0</coordinates></LineString><LineString><tessellate>1</tessellate><coordinates>-0.0856094,51.4815312,0 -0.0872745,51.482008,0 -0.0883001,51.4819348,0</coordinates></LineString><LineString><tessellate>1</tessellate><coordinates>-0.0883001,51.4819348,0 -0.0885331,51.4832516,0 -0.0880226,51.4834051,0 -0.0913902,51.4889905,0 -0.0939456,51.4923055,0 -0.0933918,51.4924583,0 -0.0939239,51.4928267,0 -0.0942018,51.4941082,0 -0.0956021,51.4943827,0 -0.0946116,51.4956796,0 -0.0907113,51.4979992,0 -0.0925696,51.4986949,0</coordinates></LineString></MultiGeometry></Placemark>
  <Placemark><name>C2 Cycleway 2</name><styleUrl>#layer</styleUrl><ExtendedData><Data name="Label"><displayName>Label</displayName><value>C2</value></Data><Data name="Route_Name"><displayName>Route_Name</displayName><value>Cycleway 2</value></Data><Data name="Status"><displayName>Status</displayName><value>Open</value></Data><Data name="Programme"><displayName>Programme</displayName><value>Cycleways</value></Data></ExtendedData><LineString><tessellate>1</tessellate><coordinates>-0.0739676,51.5144428,0 -0.0705282,51.5156812,0 -0.0669437,51.5172768,0 -0.0638194,51.5182144,0 -0.0482714,51.5214727,0 -0.0407352,51.5227499,0 -0.0341546,51.5252567,0 -0.0251035,51.5272001,0 -0.0183355,51.5283451,0 -0.0133863,51.5300959,0</coordinates></LineString></Placemark>
  <Placemark><name>C4 Cycleway 4</name><styleUrl>#layer</styleUrl><ExtendedData><Data name="Label"><displayName>Label</displayName><value>C4</value></Data><Data name="Route_Name"><displayName>Route_Name</displayName><value>Cycleway 4</value></Data><Data name="Status"><displayName>Status</displayName><value>Open</value></Data><Data name="Programme"><displayName>Programme</displayName><value>Cycleways</value></Data></ExtendedData><LineString><tessellate>1</tessellate><coordinates>-0.0421683,51.4900223,0 -0.045402,51.4922165,0 -0.0476666,51.4934953,0 -0.0501391,51.4946336,0 -0.055267,51.4987116,0</coordinates></LineString></Placemark>
  <Placemark><name>C3 Cycleway 3</name><styleUrl>#layer</styleUrl><ExtendedData><Data name="Label"><displayName>Label</displayName><value>C3</value></Data><Data name="Route_Name"><displayName>Route_Name</displayName><value>Cycleway 3</value></Data><Data name="Status"><displayName>Status</displayName><value>Open</value></Data><Data name="Programme"><displayName>Programme</displayName><value>Cycleways</value></Data></ExtendedData><LineString><tessellate>1</tessellate><coordinates>0.0811899,51.5278078,0 0.0772539,51.5265376,0 0.0748404,51.5254562,0 0.064675,51.5222273,0 0.0604267,51.5204045,0 0.0576981,51.51967,0 0.0551754,51.5193455,0 0.0469906,51.5200462,0 0.0438623,51.5200378,0 0.0416857,51.5197161,0 0.0396436,51.5191761,0 0.0360756,51.5177093,0 0.0338576,51.5171003,0 0.0287559,51.5167931,0 0.0249997,51.5172448,0 0.0179742,51.5171052,0 0.0161055,51.5168946,0 0.0080545,51.5153961,0 0.0025598,51.5140062,0 0.0013043,51.5129845,0 -0.0001516,51.5126496,0 0.0001077,51.5119887,0 -0.0000921,51.5117043,0 -0.0007749,51.5115811,0 -0.0004973,51.5110098,0 -0.0039857,51.5103318,0 -0.0035039,51.5094872,0 -0.0050157,51.5091892,0 -0.0062572,51.5091384,0 -0.0069587,51.5089165,0 -0.0105102,51.50877,0 -0.017348,51.5089398,0 -0.0212641,51.5093567,0 -0.0236745,51.5089387,0 -0.0242311,51.5090649,0 -0.0245343,51.5087193,0 -0.0248974,51.5086535,0 -0.0268828,51.5093974,0 -0.0291075,51.5092729,0 -0.0321319,51.5086492,0 -0.037875,51.5098156,0 -0.037899,51.5105984,0 -0.0394975,51.5106251,0 -0.0401543,51.5111037,0 -0.0407522,51.5112756,0 -0.041524,51.5110906,0 -0.0421546,51.5111731,0 -0.0421096,51.51155,0 -0.0426401,51.5116128,0 -0.0467826,51.5114661,0 -0.0527047,51.5108182,0 -0.0548539,51.5111146,0 -0.064885,51.5111008,0 -0.0694122,51.5107168,0 -0.0714326,51.5103094,0 -0.0739942,51.5100548,0 -0.0763807,51.5095095,0 -0.0778397,51.5094255,0 -0.0798647,51.5095936,0 -0.0810921,51.509191,0 -0.0820191,51.5090803,0 -0.0881417,51.5098188,0 -0.0930117,51.5108783,0 -0.0963807,51.5113018,0</coordinates></LineString></Placemark>
  <Placemark><name>CS7 Cycle Superhighway 7</name><styleUrl>#layer</styleUrl><ExtendedData><Data name="Label"><displayName>Label</displayName><value>CS7</value></Data><Data name="Route_Name"><displayName>Route_Name</displayName><value>Cycle Superhighway 7</value></Data><Data name="Status"><displayName>Status</displayName><value>Open</value></Data><Data name="Programme"><displayName>Programme</displayName><value>Cycle Superhighways</value></Data></ExtendedData><LineString><tessellate>1</tessellate><coordinates>-0.0930545,51.510888,0 -0.0949468,51.5073307,0 -0.0959941,51.5029502,0</coordinates></LineString></Placemark>
  <Placemark><name>C Cycleway</name><styleUrl>#layer</styleUrl><ExtendedData><Data name="Label"><displayName>Label</displayName><value>C</value></Data><Data name="Route_Name"><displayName>Route_Name</displayName><value>Cycleway</value></Data><Data name="Status"><displayName>Status</displayName><value>Open</value></Data><Data name="Programme"><displayName>Programme</displayName><value>Cycleways</value></Data></ExtendedData><LineString><tessellate>1</tessellate><coordinates>0.0293029,51.4665317,0 0.0258846,51.4722473,0</coordinates></LineString></Placemark>
  <Placemark><name>C11 Cycleway 11</name><styleUrl>#layer</styleUrl><ExtendedData><Data name="Label"><displayName>Label</displayName><value>C11</value></Data><Data name="Route_Name"><displayName>Route_Name</displayName><value>Cycleway 11</value></Data><Data name="Status"><displayName>Status</displayName><value>Open</value></Data><Data name="Programme"><displayName>Programme</displayName><value>Cycleways</value></Data></ExtendedData><LineString><tessellate>1</tessellate><coordinates>-0.0929346,51.5320369,0 -0.0905885,51.5247057,0 -0.0898051,51.5231012,0 -0.0899466,51.5207564,0 -0.0903192,51.5208074,0</coordinates></LineString></Placemark>
  <Placemark><name>C33 Cycleway 33</name><styleUrl>#layer</styleUrl><ExtendedData><Data name="Label"><displayName>Label</displayName><value>C33</value></Data><Data name="Route_Name"><displayName>Route_Name</displayName><value>Cycleway 33</value></Data><Data name="Status"><displayName>Status</displayName><value>Open</value></Data><Data name="Programme"><displayName>Programme</displayName><value>Cycleways</value></Data></ExtendedData><MultiGeometry><LineString><tessellate>1</tessellate><coordinates>0.0666241,51.4821746,0 0.0665112,51.4819068,0 0.0670169,51.4819429,0 0.0664991,51.4813225,0 0.0655995,51.480538,0 0.0647166,51.4801219,0 0.0641721,51.479547,0 0.0633904,51.4791381,0 0.0628247,51.4790491,0 0.0618986,51.4792722,0 0.0615425,51.4787209,0 0.057986,51.4787385,0 0.0544213,51.4782524,0 0.0523334,51.4789005,0</coordinates></LineString><LineString><tessellate>1</tessellate><coordinates>0.0672934,51.4886916,0 0.0670142,51.4879322,0 0.0670931,51.4855387,0 0.0665053,51.4836875,0 0.0666243,51.4824984,0 0.0664603,51.4823754,0 0.0665229,51.4821674,0 0.0666689,51.4822098,0</coordinates></LineString></MultiGeometry></Placemark>
  <Placemark><name>C13 Cycleway 13</name><styleUrl>#layer</styleUrl><ExtendedData><Data name="Label"><displayName>Label</displayName><value>C13</value></Data><Data name="Route_Name"><displayName>Route_Name</displayName><value>Cycleway 13</value></Data><Data name="Status"><displayName>Status</displayName><value>Open</value></Data><Data name="Programme"><displayName>Programme</displayName><value>Cycleways</value></Data></ExtendedData><MultiGeometry><LineString><tessellate>1</tessellate><coordinates>-0.0905088,51.5245425,0 -0.0853864,51.5246568,0 -0.0849263,51.5253147,0 -0.0839642,51.5259105,0</coordinates></LineString><LineString><tessellate>1</tessellate><coordinates>-0.0837947,51.5258268,0 -0.0832075,51.526078,0 -0.0814791,51.5260407,0 -0.0780382,51.5262721,0 -0.0779867,51.5264691,0 -0.0766385,51.5263031,0 -0.0765433,51.5265083,0 -0.0733454,51.527472,0 -0.0734564,51.5282561,0 -0.071011,51.5284677,0 -0.0702606,51.528824,0 -0.0672919,51.5308344,0</coordinates></LineString></MultiGeometry></Placemark>
  <Placemark><name>C22 Cycleway 22</name><styleUrl>#layer</styleUrl><ExtendedData><Data name="Label"><displayName>Label</displayName><value>C22</value></Data><Data name="Route_Name"><displayName>Route_Name</displayName><value>Cycleway 22</value></Data><Data name="Status"><displayName>Status</displayName><value>Open</value></Data><Data name="Programme"><displayName>Programme</displayName><value>Cycleways</value></Data></ExtendedData><LineString><tessellate>1</tessellate><coordinates>0.0592863,51.5200468,0 0.0586993,51.5207765,0 0.0232569,51.5254045,0 0.0200999,51.5263852,0 0.0115291,51.5301388,0 0.0108839,51.5302218,0 0.0054797,51.5299457,0 0.0001014,51.5309189,0</coordinates></LineString></Placemark>
  <Placemark><name>C37 Cycleway 37</name><styleUrl>#layer</styleUrl><ExtendedData><Data name="Label"><displayName>Label</displayName><value>C37</value></Data><Data name="Route_Name"><displayName>Route_Name</displayName><value>Cycleway 37</value></Data><Data name="Status"><displayName>Status</displayName><value>Open</value></Data><Data name="Programme"><displayName>Programme</displayName><value>Cycleways</value></Data></ExtendedData><LineString><tessellate>1</tessellate><coordinates>-0.0336044,51.5216325,0 -0.0347674,51.5250872,0</coordinates></LineString></Placemark>
  <Placemark><name>C14 Cycleway 14</name><styleUrl>#layer</styleUrl><ExtendedData><Data name="Label"><displayName>Label</displayName><value>C14</value></Data><Data name="Route_Name"><displayName>Route_Name</displayName><value>Cycleway 14</value></Data><Data name="Status"><displayName>Status</displayName><value>Open</value></Data><Data name="Programme"><displayName>Programme</displayName><value>Cycleways</value></Data></ExtendedData><LineString><tessellate>1</tessellate><coordinates>-0.0302285,51.4896423,0 -0.0297195,51.4890852,0 -0.0297985,51.4889246,0 -0.0317419,51.4882828,0 -0.0334596,51.4871965,0 -0.0317516,51.48572,0 -0.0318372,51.4840668,0 -0.0306426,51.4840467,0 -0.0305694,51.483407,0 -0.0255569,51.4834125,0 -0.0251917,51.4848632,0 -0.024504,51.4847797,0 -0.0243437,51.4844892,0 -0.0227325,51.4841113,0 -0.0219996,51.4844047,0 -0.0193133,51.483577,0 -0.0192942,51.4833518,0 -0.0188411,51.4831733,0 -0.0187454,51.482722,0 -0.0178356,51.4827786,0 -0.0178204,51.4831291,0 -0.0175746,51.4831519,0 -0.0150377,51.4828662,0 -0.0122422,51.4828997,0 -0.0108551,51.4830021,0 -0.0107309,51.4832068,0 -0.01017,51.4831883,0 -0.0095681,51.4833598,0 -0.0093588,51.4830152,0 -0.0085217,51.4832702,0 -0.0069467,51.483827,0 -0.0057597,51.4842118,0 -0.0045867,51.484592,0 -0.0036036,51.4834904,0 -0.0007742,51.4842965,0 0.0014891,51.4846716,0 0.0015802,51.4847779,0 0.0005015,51.4854708,0 0.0022889,51.4868162,0 0.0040519,51.4889174,0 0.0059611,51.4887679,0 0.0082249,51.4888191,0 0.0081811,51.4884781,0 0.0104937,51.4883305,0 0.0104222,51.4889972,0 0.0113711,51.4896105,0 0.0111659,51.4898568,0 0.0119006,51.4901859,0 0.011751,51.4903863,0 0.0119556,51.4907785,0 0.0147885,51.4926274,0 0.0160056,51.4927863,0 0.0163397,51.4935,0 0.0163182,51.4943187,0 0.017515,51.4946668,0 0.0188938,51.4942474,0 0.0193367,51.4948153,0 0.0216825,51.4944331,0 0.0214882,51.4939509,0 0.0244185,51.4934327,0 0.0261451,51.4933849,0 0.0289089,51.4936608,0 0.0356148,51.4947856,0 0.0370667,51.4947154,0 0.0374121,51.4940619,0 0.0401749,51.4943106,0 0.0447898,51.4940953,0 0.0447544,51.4945906,0 0.0467742,51.4946542,0 0.04672,51.4950509,0 0.0549212,51.4944937,0 0.0595097,51.4943323,0 0.0611749,51.4945188,0 0.0612943,51.4942919,0 0.0619752,51.4940551,0 0.0624226,51.4940742,0 0.0623624,51.4943361,0 0.0642361,51.4946718,0 0.0709634,51.4949758,0 0.0708696,51.4951304,0 0.0766101,51.4962249,0 0.0819952,51.4986833,0</coordinates></LineString></Placemark>
  <Placemark><name>C11 Cycleway 11</name><styleUrl>#layer</styleUrl><ExtendedData><Data name="Label"><displayName>Label</displayName><value>C11</value></Data><Data name="Route_Name"><displayName>Route_Name</displayName><value>Cycleway 11</value></Data><Data name="Status"><displayName>Status</displayName><value>Open</value></Data><Data name="Programme"><displayName>Programme</displayName><value>Cycleways</value></Data></ExtendedData><LineString><tessellate>1</tessellate><coordinates>-0.0903192,51.5208074,0 -0.0923716,51.5210207,0 -0.0972958,51.5201205,0</coordinates></LineString></Placemark>
  <Placemark><name>C4 Cycleway 4</name><styleUrl>#layer</styleUrl><ExtendedData><Data name="Label"><displayName>Label</displayName><value>C4</value></Data><Data name="Route_Name"><displayName>Route_Name</displayName><value>Cycleway 4</value></Data><Data name="Status"><displayName>Status</displayName><value>Open</value></Data><Data name="Programme"><displayName>Programme</displayName><value>Cycleways</value></Data></ExtendedData><LineString><tessellate>1</tessellate><coordinates>-0.0148703,51.4814155,0 -0.0233789,51.4808218,0 -0.0278389,51.4819312,0 -0.032425,51.4841306,0 -0.0363951,51.486931,0 -0.0402588,51.4888662,0 -0.0421683,51.4900223,0</coordinates></LineString></Placemark>
  <Placemark><name>C Cycleway</name><styleUrl>#layer</styleUrl><ExtendedData><Data name="Label"><displayName>Label</displayName><value>C</value></Data><Data name="Route_Name"><displayName>Route_Name</displayName><value>Cycleway</value></Data><Data name="Status"><displayName>Status</displayName><value>Open</value></Data><Data name="Programme"><displayName>Programme</displayName><value>Cycleways</value></Data></ExtendedData><LineString><tessellate>1</tessellate><coordinates>-0.0852361,51.5203378,0 -0.0832989,51.5197846,0 -0.0816058,51.5209709,0 -0.0788885,51.5204588,0</coordinates></LineString></Placemark>
  <Placemark><name>C4 Cycleway 4</name><styleUrl>#layer</styleUrl><ExtendedData><Data name="Label"><displayName>Label</displayName><value>C4</value></Data><Data name="Route_Name"><displayName>Route_Name</displayName><value>Cycleway 4</value></Data><Data name="Status"><displayName>Status</displayName><value>Open</value></Data><Data name="Programme"><displayName>Programme</displayName><value>Cycleways</value></Data></ExtendedData><MultiGeometry><LineString><tessellate>1</tessellate><coordinates>-0.0725421,51.500076,0 -0.0697338,51.4986809,0 -0.0685824,51.4983112,0 -0.0667214,51.4980287,0 -0.0649614,51.4980806,0 -0.0554635,51.4991735,0 -0.0550077,51.499049,0 -0.0550204,51.4987524,0 -0.0555675,51.4987615,0 -0.0556981,51.4990784,0</coordinates></LineString><LineString><tessellate>1</tessellate><coordinates>-0.0739073,51.5005031,0 -0.0759579,51.5014181,0 -0.078515,51.5029708,0 -0.0820797,51.5042073,0 -0.084152,51.5050369,0 -0.0849675,51.505392,0 -0.0856729,51.5056744,0 -0.0859926,51.5057737,0 -0.0869723,51.5059326,0 -0.0880511,51.5060957,0</coordinates></LineString></MultiGeometry></Placemark>
  <Placemark><name>C Cycleway</name><styleUrl>#layer</styleUrl><ExtendedData><Data name="Label"><displayName>Label</displayName><value>C</value></Data><Data name="Route_Name"><displayName>Route_Name</displayName><value>Cycleway</value></Data><Data name="Status"><displayName>Status</displayName><value>Open</value></Data><Data name="Programme"><displayName>Programme</displayName><value>Cycleways</value></Data></ExtendedData><LineString><tessellate>1</tessellate><coordinates>-0.0209939,51.4780298,0 -0.0211126,51.4766199,0 -0.0223732,51.4763177,0 -0.0227905,51.4762961,0 -0.0233733,51.4755135,0 -0.0236954,51.4750534,0 -0.0239875,51.4746362,0 -0.0227872,51.4744518,0 -0.0225847,51.4738839,0 -0.0221009,51.4737498,0 -0.0219201,51.4726047,0 -0.0225481,51.4720667,0 -0.022295,51.4715948,0 -0.0206753,51.4700926,0 -0.0194248,51.4693791,0</coordinates></LineString></Placemark>
  <Placemark><name>C Cycleway</name><styleUrl>#layer</styleUrl><ExtendedData><Data name="Label"><displayName>Label</displayName><value>C</value></Data><Data name="Route_Name"><displayName>Route_Name</displayName><value>Cycleway</value></Data><Data name="Status"><displayName>Status</displayName><value>Open</value></Data><Data name="Programme"><displayName>Programme</displayName><value>Cycleways</value></Data></ExtendedData><LineString><tessellate>1</tessellate><coordinates>-0.0319713,51.4759394,0 -0.0323119,51.477393,0 -0.036704,51.4767292,0 -0.0370428,51.4768878,0 -0.0376762,51.4789038,0 -0.0389587,51.4812365,0 -0.0398183,51.482348,0 -0.0396987,51.4827866,0</coordinates></LineString></Placemark>
  <Placemark><name>C18 Cycleway 18</name><styleUrl>#layer</styleUrl><ExtendedData><Data name="Label"><displayName>Label</displayName><value>C18</value></Data><Data name="Route_Name"><displayName>Route_Name</displayName><value>Cycleway 18</value></Data><Data name="Status"><displayName>Status</displayName><value>Open</value></Data><Data name="Programme"><displayName>Programme</displayName><value>Cycleways</value></Data></ExtendedData><LineString><tessellate>1</tessellate><coordinates>-0.0227831,51.4762996,0 -0.0225438,51.4768448,0 -0.0225496,51.477215,0 -0.0227281,51.4778953,0 -0.0228606,51.4784005,0 -0.0230118,51.4792011,0 -0.0231711,51.4808114,0</coordinates></LineString></Placemark>
  <Placemark><name>C4 Cycleway 4</name><styleUrl>#layer</styleUrl><ExtendedData><Data name="Label"><displayName>Label</displayName><value>C4</value></Data><Data name="Route_Name"><displayName>Route_Name</displayName><value>Cycleway 4</value></Data><Data name="Status"><displayName>Status</displayName><value>Open</value></Data><Data name="Programme"><displayName>Programme</displayName><value>Cycleways</value></Data></ExtendedData><LineString><tessellate>1</tessellate><coordinates>0.0015802,51.4847779,0 0.0024557,51.4853655,0 0.0043013,51.4850822,0 0.0055357,51.4853129,0 0.0084149,51.4862618,0 0.0093987,51.4863619,0 0.0148596,51.4860794,0 0.0200624,51.4867992,0 0.0226627,51.4866465,0 0.0240827,51.4871615,0 0.0313764,51.4879257,0</coordinates></LineString></Placemark>
  <Placemark><name>C10 Cycleway 10</name><styleUrl>#layer</styleUrl><ExtendedData><Data name="Label"><displayName>Label</displayName><value>C10</value></Data><Data name="Route_Name"><displayName>Route_Name</displayName><value>Cycleway 10</value></Data><Data name="Status"><displayName>Status</displayName><value>Open</value></Data><Data name="Programme"><displayName>Programme</displayName><value>Cycleways</value></Data></ExtendedData><MultiGeometry><LineString><tessellate>1</tessellate><coordinates>-0.0069346,51.47977,0 -0.0081283,51.4794756,0 -0.0092133,51.4800246,0 -0.0097606,51.4800249,0 -0.0114978,51.4794878,0 -0.0130997,51.4784178,0 -0.0136636,51.4783644,0 -0.0152291,51.4784629,0 -0.0171639,51.479341,0 -0.0176248,51.479007,0 -0.0176751,51.4778478,0 -0.0181675,51.4777842,0 -0.0210025,51.4781648,0 -0.0204902,51.4793522,0 -0.0229476,51.4791419,0 -0.0230853,51.4792881,0 -0.0245135,51.4792312,0 -0.0261763,51.4797449,0 -0.026221,51.4800424,0 -0.0269869,51.4799834,0 -0.0280134,51.4802255,0 -0.0281885,51.4808399,0 -0.0307766,51.4806047,0 -0.0311477,51.4810156,0 -0.0383784,51.4836818,0 -0.0389659,51.4830801,0 -0.0396987,51.4827866,0 -0.0407786,51.4831285,0 -0.0422636,51.4844393,0 -0.0426451,51.4842748,0 -0.0494526,51.4843973,0 -0.0492909,51.48515,0 -0.0488326,51.4857629,0 -0.0500877,51.486728,0 -0.0512742,51.4872783,0 -0.054987,51.4883742,0 -0.0550204,51.4882668,0 -0.0586476,51.4886687,0 -0.0595329,51.4885125,0 -0.0609507,51.4887068,0 -0.0626187,51.4884376,0 -0.0640854,51.4884978,0 -0.0647696,51.4883293,0 -0.0662529,51.4883358,0 -0.0700243,51.4887397,0 -0.0743533,51.4895842,0 -0.0745165,51.4898118,0 -0.0739203,51.4906293,0 -0.0753769,51.4912737,0 -0.0783558,51.4930582,0 -0.0804396,51.4945492,0 -0.0814027,51.4949426,0 -0.0853772,51.4973907,0</coordinates></LineString><LineString><tessellate>1</tessellate><coordinates>-0.0853631,51.4973815,0 -0.0859269,51.4973367,0 -0.0862513,51.4975039,0 -0.0877688,51.4967013,0 -0.0908759,51.4995756,0 -0.0925696,51.4986949,0 -0.0988566,51.5009912,0</coordinates></LineString></MultiGeometry></Placemark>
  <Placemark><name>C35 Cycleway 35</name><styleUrl>#layer</styleUrl><ExtendedData><Data name="Label"><displayName>Label</displayName><value>C35</value></Data><Data name="Route_Name"><displayName>Route_Name</displayName><value>Cycleway 35</value></Data><Data name="Status"><displayName>Status</displayName><value>Open</value></Data><Data name="Programme"><displayName>Programme</displayName><value>Cycleways</value></Data></ExtendedData><LineString><tessellate>1</tessellate><coordinates>-0.0724414,51.4891481,0 -0.0726145,51.4888003,0 -0.071583,51.4886664,0 -0.0729669,51.4872773,0 -0.071932,51.4868826,0 -0.072512,51.4861097,0 -0.0727317,51.4843148,0 -0.0723079,51.4830938,0 -0.0729366,51.4828703,0 -0.0740418,51.4829604,0 -0.074038,51.4792913,0 -0.0720127,51.4743839,0 -0.0702919,51.4745534,0</coordinates></LineString></Placemark>
  <Placemark><name>C Cycleway</name><styleUrl>#layer</styleUrl><ExtendedData><Data name="Label"><displayName>Label</displayName><value>C</value></Data><Data name="Route_Name"><displayName>Route_Name</displayName><value>Cycleway</value></Data><Data name="Status"><displayName>Status</displayName><value>Open</value></Data><Data name="Programme"><displayName>Programme</displayName><value>Cycleways</value></Data></ExtendedData><LineString><tessellate>1</tessellate><coordinates>-0.0729255,51.5101092,0 -0.0727242,51.5104386,0 -0.0729046,51.5112869,0 -0.0732831,51.5132445,0 -0.0739676,51.5144428,0</coordinates></LineString></Placemark>
  <Placemark><name>C1 Cycleway 1</name><styleUrl>#layer</styleUrl><ExtendedData><Data name="Label"><displayName>Label</displayName><value>C1</value></Data><Data name="Route_Name"><displayName>Route_Name</displayName><value>Cycleway 1</value></Data><Data name="Status"><displayName>Status</displayName><value>Open</value></Data><Data name="Programme"><displayName>Programme</displayName><value>Cycleways</value></Data></ExtendedData><MultiGeometry><LineString><tessellate>1</tessellate><coordinates>-0.0930117,51.5108783,0 -0.0921287,51.5151085,0 -0.0945964,51.5157242,0 -0.0930814,51.5185233,0 -0.0911829,51.5180787,0 -0.0901857,51.5195193,0 -0.0896884,51.5207252,0</coordinates></LineString><LineString><tessellate>1</tessellate><coordinates>-0.0896884,51.5207252,0 -0.0899466,51.5207564,0</coordinates></LineString><LineString><tessellate>1</tessellate><coordinates>-0.0829182,51.5305606,0 -0.0835992,51.5287642,0 -0.0836388,51.5271372,0 -0.0839642,51.5259105,0 -0.0837947,51.5258268,0 -0.0845927,51.521928,0 -0.0850459,51.5207484,0 -0.0852361,51.5203378,0 -0.0896884,51.5207252,0</coordinates></LineString></MultiGeometry></Placemark>
  <Placemark><name>C14 Cycleway 14</name><styleUrl>#layer</styleUrl><ExtendedData><Data name="Label"><displayName>Label</displayName><value>C14</value></Data><Data name="Route_Name"><displayName>Route_Name</displayName><value>Cycleway 14</value></Data><Data name="Status"><displayName>Status</displayName><value>Open</value></Data><Data name="Programme"><displayName>Programme</displayName><value>Cycleways</value></Data></ExtendedData><LineString><tessellate>1</tessellate><coordinates>-0.0302285,51.4896423,0 -0.0322322,51.4926166,0 -0.0329874,51.4944819,0 -0.033168,51.4946378,0 -0.033473,51.4945799,0 -0.0344155,51.4964483,0 -0.0354002,51.4963299,0 -0.0364596,51.498497,0 -0.0369675,51.4987483,0 -0.039579,51.4989988,0 -0.0404888,51.4992838,0 -0.0410826,51.4992128,0 -0.0412955,51.4992883,0 -0.0411225,51.4996271,0 -0.0423675,51.5001605,0 -0.04428,51.4999137,0 -0.0453873,51.5003008,0 -0.0464624,51.4994195,0 -0.0476211,51.4999514,0 -0.0483087,51.4993693,0 -0.0503869,51.5009776,0 -0.0512123,51.5005417,0 -0.0524812,51.501534,0 -0.0546261,51.5009042,0 -0.054819,51.5007725,0 -0.0547188,51.5004201,0 -0.0557287,51.5000501,0 -0.0578897,51.4997173,0 -0.058341,51.500624,0 -0.0599033,51.500479,0 -0.0624203,51.5005836,0 -0.0631922,51.5003895,0 -0.0644612,51.5003655,0 -0.065105,51.4997916,0 -0.0686836,51.5010287,0 -0.0690493,51.5005581,0 -0.0705653,51.5004841,0 -0.0725421,51.500076,0 -0.0739073,51.5005031,0 -0.0748894,51.5004473,0 -0.0773386,51.4997681,0 -0.0786186,51.5001668,0 -0.0817192,51.5004424,0 -0.0817423,51.5005777,0 -0.08358,51.5003919,0 -0.0851873,51.5005441,0 -0.0856437,51.5013429,0 -0.0872333,51.5015756,0 -0.0872752,51.5022957,0 -0.0883468,51.5021693,0 -0.0916862,51.5032849,0 -0.0949415,51.5040032,0 -0.098772,51.5037147,0</coordinates></LineString></Placemark>
  <Placemark><name>C17 Cycleway 17</name><styleUrl>#layer</styleUrl><ExtendedData><Data name="Label"><displayName>Label</displayName><value>C17</value></Data><Data name="Route_Name"><displayName>Route_Name</displayName><value>Cycleway 17</value></Data><Data name="Status"><displayName>Status</displayName><value>Open</value></Data><Data name="Programme"><displayName>Programme</displayName><value>Cycleways</value></Data></ExtendedData><MultiGeometry><LineString><tessellate>1</tessellate><coordinates>-0.0857193,51.4709934,0 -0.085079,51.4711538,0 -0.0867879,51.4736728,0 -0.0872731,51.4775656,0 -0.0877566,51.4784008,0 -0.0913402,51.4805275,0 -0.088311,51.4816742,0 -0.0883001,51.4819348,0</coordinates></LineString><LineString><tessellate>1</tessellate><coordinates>-0.0856094,51.4815312,0 -0.0872745,51.482008,0 -0.0883001,51.4819348,0</coordinates></LineString><LineString><tessellate>1</tessellate><coordinates>-0.0883001,51.4819348,0 -0.0885331,51.4832516,0 -0.0880226,51.4834051,0 -0.0913902,51.4889905,0 -0.0939456,51.4923055,0 -0.0933918,51.4924583,0 -0.0939239,51.4928267,0 -0.0942018,51.4941082,0 -0.0956021,51.4943827,0 -0.0946116,51.4956796,0 -0.0907113,51.4979992,0 -0.0925696,51.4986949,0</coordinates></LineString></MultiGeometry></Placemark>
  <Placemark><name>C2 Cycleway 2</name><styleUrl>#layer</styleUrl><ExtendedData><Data name="Label"><displayName>Label</displayName><value>C2</value></Data><Data name="Route_Name"><displayName>Route_Name</displayName><value>Cycleway 2</value></Data><Data name="Status"><displayName>Status</displayName><value>Open</value></Data><Data name="Programme"><displayName>Programme</displayName><value>Cycleways</value></Data></ExtendedData><LineString><tessellate>1</tessellate><coordinates>-0.0739676,51.5144428,0 -0.0705282,51.5156812,0 -0.0669437,51.5172768,0 -0.0638194,51.5182144,0 -0.0482714,51.5214727,0 -0.0407352,51.5227499,0 -0.0341546,51.5252567,0 -0.0251035,51.5272001,0 -0.0183355,51.5283451,0 -0.0133863,51.5300959,0</coordinates></LineString></Placemark>
  <Placemark><name>C4 Cycleway 4</name><styleUrl>#layer</styleUrl><ExtendedData><Data name="Label"><displayName>Label</displayName><value>C4</value></Data><Data name="Route_Name"><displayName>Route_Name</displayName><value>Cycleway 4</value></Data><Data name="Status"><displayName>Status</displayName><value>Open</value></Data><Data name="Programme"><displayName>Programme</displayName><value>Cycleways</value></Data></ExtendedData><LineString><tessellate>1</tessellate><coordinates>-0.0421683,51.4900223,0 -0.045402,51.4922165,0 -0.0476666,51.4934953,0 -0.0501391,51.4946336,0 -0.055267,51.4987116,0</coordinates></LineString></Placemark>
  <Placemark><name>C3 Cycleway 3</name><styleUrl>#layer</styleUrl><ExtendedData><Data name="Label"><displayName>Label</displayName><value>C3</value></Data><Data name="Route_Name"><displayName>Route_Name</displayName><value>Cycleway 3</value></Data><Data name="Status"><displayName>Status</displayName><value>Open</value></Data><Data name="Programme"><displayName>Programme</displayName><value>Cycleways</value></Data></ExtendedData><LineString><tessellate>1</tessellate><coordinates>0.0811899,51.5278078,0 0.0772539,51.5265376,0 0.0748404,51.5254562,0 0.064675,51.5222273,0 0.0604267,51.5204045,0 0.0576981,51.51967,0 0.0551754,51.5193455,0 0.0469906,51.5200462,0 0.0438623,51.5200378,0 0.0416857,51.5197161,0 0.0396436,51.5191761,0 0.0360756,51.5177093,0 0.0338576,51.5171003,0 0.0287559,51.5167931,0 0.0249997,51.5172448,0 0.0179742,51.5171052,0 0.0161055,51.5168946,0 0.0080545,51.5153961,0 0.0025598,51.5140062,0 0.0013043,51.5129845,0 -0.0001516,51.5126496,0 0.0001077,51.5119887,0 -0.0000921,51.5117043,0 -0.0007749,51.5115811,0 -0.0004973,51.5110098,0 -0.0039857,51.5103318,0 -0.0035039,51.5094872,0 -0.0050157,51.5091892,0 -0.0062572,51.5091384,0 -0.0069587,51.5089165,0 -0.0105102,51.50877,0 -0.017348,51.5089398,0 -0.0212641,51.5093567,0 -0.0236745,51.5089387,0 -0.0242311,51.5090649,0 -0.0245343,51.5087193,0 -0.0248974,51.5086535,0 -0.0268828,51.5093974,0 -0.0291075,51.5092729,0 -0.0321319,51.5086492,0 -0.037875,51.5098156,0 -0.037899,51.5105984,0 -0.0394975,51.5106251,0 -0.0401543,51.5111037,0 -0.0407522,51.5112756,0 -0.041524,51.5110906,0 -0.0421546,51.5111731,0 -0.0421096,51.51155,0 -0.0426401,51.5116128,0 -0.0467826,51.5114661,0 -0.0527047,51.5108182,0 -0.0548539,51.5111146,0 -0.064885,51.5111008,0 -0.0694122,51.5107168,0 -0.0714326,51.5103094,0 -0.0739942,51.5100548,0 -0.0763807,51.5095095,0 -0.0778397,51.5094255,0 -0.0798647,51.5095936,0 -0.0810921,51.509191,0 -0.0820191,51.5090803,0 -0.0881417,51.5098188,0 -0.0930117,51.5108783,0 -0.0963807,51.5113018,0</coordinates></LineString></Placemark>
  <Placemark><name>CS7 Cycle Superhighway 7</name><styleUrl>#layer</styleUrl><ExtendedData><Data name="Label"><displayName>Label</displayName><value>CS7</value></Data><Data name="Route_Name"><displayName>Route_Name</displayName><value>Cycle Superhighway 7</value></Data><Data name="Status"><displayName>Status</displayName><value>Open</value></Data><Data name="Programme"><displayName>Programme</displayName><value>Cycle Superhighways</value></Data></ExtendedData><LineString><tessellate>1</tessellate><coordinates>-0.0930545,51.510888,0 -0.0949468,51.5073307,0 -0.0959941,51.5029502,0</coordinates></LineString></Placemark>
  <Placemark><name>C Cycleway</name><styleUrl>#layer</styleUrl><ExtendedData><Data name="Label"><displayName>Label</displayName><value>C</value></Data><Data name="Route_Name"><displayName>Route_Name</displayName><value>Cycleway</value></Data><Data name="Status"><displayName>Status</displayName><value>Open</value></Data><Data name="Programme"><displayName>Programme</displayName><value>Cycleways</value></Data></ExtendedData><LineString><tessellate>1</tessellate><coordinates>0.0293029,51.4665317,0 0.0258846,51.4722473,0</coordinates></LineString></Placemark>
  <Placemark><name>C11 Cycleway 11</name><styleUrl>#layer</styleUrl><ExtendedData><Data name="Label"><displayName>Label</displayName><value>C11</value></Data><Data name="Route_Name"><displayName>Route_Name</displayName><value>Cycleway 11</value></Data><Data name="Status"><displayName>Status</displayName><value>Open</value></Data><Data name="Programme"><displayName>Programme</displayName><value>Cycleways</value></Data></ExtendedData><LineString><tessellate>1</tessellate><coordinates>-0.0929346,51.5320369,0 -0.0905885,51.5247057,0 -0.0898051,51.5231012,0 -0.0899466,51.5207564,0 -0.0903192,51.5208074,0</coordinates></LineString></Placemark>
  <Placemark><name>C33 Cycleway 33</name><styleUrl>#layer</styleUrl><ExtendedData><Data name="Label"><displayName>Label</displayName><value>C33</value></Data><Data name="Route_Name"><displayName>Route_Name</displayName><value>Cycleway 33</value></Data><Data name="Status"><displayName>Status</displayName><value>Open</value></Data><Data name="Programme"><displayName>Programme</displayName><value>Cycleways</value></Data></ExtendedData><MultiGeometry><LineString><tessellate>1</tessellate><coordinates>0.0666241,51.4821746,0 0.0665112,51.4819068,0 0.0670169,51.4819429,0 0.0664991,51.4813225,0 0.0655995,51.480538,0 0.0647166,51.4801219,0 0.0641721,51.479547,0 0.0633904,51.4791381,0 0.0628247,51.4790491,0 0.0618986,51.4792722,0 0.0615425,51.4787209,0 0.057986,51.4787385,0 0.0544213,51.4782524,0 0.0523334,51.4789005,0</coordinates></LineString><LineString><tessellate>1</tessellate><coordinates>0.0672934,51.4886916,0 0.0670142,51.4879322,0 0.0670931,51.4855387,0 0.0665053,51.4836875,0 0.0666243,51.4824984,0 0.0664603,51.4823754,0 0.0665229,51.4821674,0 0.0666689,51.4822098,0</coordinates></LineString></MultiGeometry></Placemark>
  <Placemark><name>C13 Cycleway 13</name><styleUrl>#layer</styleUrl><ExtendedData><Data name="Label"><displayName>Label</displayName><value>C13</value></Data><Data name="Route_Name"><displayName>Route_Name</displayName><value>Cycleway 13</value></Data><Data name="Status"><displayName>Status</displayName><value>Open</value></Data><Data name="Programme"><displayName>Programme</displayName><value>Cycleways</value></Data></ExtendedData><MultiGeometry><LineString><tessellate>1</tessellate><coordinates>-0.0905088,51.5245425,0 -0.0853864,51.5246568,0 -0.0849263,51.5253147,0 -0.0839642,51.5259105,0</coordinates></LineString><LineString><tessellate>1</tessellate><coordinates>-0.0837947,51.5258268,0 -0.0832075,51.526078,0 -0.0814791,51.5260407,0 -0.0780382,51.5262721,0 -0.0779867,51.5264691,0 -0.0766385,51.5263031,0 -0.0765433,51.5265083,0 -0.0733454,51.527472,0 -0.0734564,51.5282561,0 -0.071011,51.5284677,0 -0.0702606,51.528824,0 -0.0672919,51.5308344,0</coordinates></LineString></MultiGeometry></Placemark>
  <Placemark><name>C22 Cycleway 22</name><styleUrl>#layer</styleUrl><ExtendedData><Data name="Label"><displayName>Label</displayName><value>C22</value></Data><Data name="Route_Name"><displayName>Route_Name</displayName><value>Cycleway 22</value></Data><Data name="Status"><displayName>Status</displayName><value>Open</value></Data><Data name="Programme"><displayName>Programme</displayName><value>Cycleways</value></Data></ExtendedData><LineString><tessellate>1</tessellate><coordinates>0.0592863,51.5200468,0 0.0586993,51.5207765,0 0.0232569,51.5254045,0 0.0200999,51.5263852,0 0.0115291,51.5301388,0 0.0108839,51.5302218,0 0.0054797,51.5299457,0 0.0001014,51.5309189,0</coordinates></LineString></Placemark>
  <Placemark><name>C37 Cycleway 37</name><styleUrl>#layer</styleUrl><ExtendedData><Data name="Label"><displayName>Label</displayName><value>C37</value></Data><Data name="Route_Name"><displayName>Route_Name</displayName><value>Cycleway 37</value></Data><Data name="Status"><displayName>Status</displayName><value>Open</value></Data><Data name="Programme"><displayName>Programme</displayName><value>Cycleways</value></Data></ExtendedData><LineString><tessellate>1</tessellate><coordinates>-0.0336044,51.5216325,0 -0.0347674,51.5250872,0</coordinates></LineString></Placemark>
  <Placemark><name>C14 Cycleway 14</name><styleUrl>#layer</styleUrl><ExtendedData><Data name="Label"><displayName>Label</displayName><value>C14</value></Data><Data name="Route_Name"><displayName>Route_Name</displayName><value>Cycleway 14</value></Data><Data name="Status"><displayName>Status</displayName><value>Open</value></Data><Data name="Programme"><displayName>Programme</displayName><value>Cycleways</value></Data></ExtendedData><LineString><tessellate>1</tessellate><coordinates>-0.0302285,51.4896423,0 -0.0297195,51.4890852,0 -0.0297985,51.4889246,0 -0.0317419,51.4882828,0 -0.0334596,51.4871965,0 -0.0317516,51.48572,0 -0.0318372,51.4840668,0 -0.0306426,51.4840467,0 -0.0305694,51.483407,0 -0.0255569,51.4834125,0 -0.0251917,51.4848632,0 -0.024504,51.4847797,0 -0.0243437,51.4844892,0 -0.0227325,51.4841113,0 -0.0219996,51.4844047,0 -0.0193133,51.483577,0 -0.0192942,51.4833518,0 -0.0188411,51.4831733,0 -0.0187454,51.482722,0 -0.0178356,51.4827786,0 -0.0178204,51.4831291,0 -0.0175746,51.4831519,0 -0.0150377,51.4828662,0 -0.0122422,51.4828997,0 -0.0108551,51.4830021,0 -0.0107309,51.4832068,0 -0.01017,51.4831883,0 -0.0095681,51.4833598,0 -0.0093588,51.4830152,0 -0.0085217,51.4832702,0 -0.0069467,51.483827,0 -0.0057597,51.4842118,0 -0.0045867,51.484592,0 -0.0036036,51.4834904,0 -0.0007742,51.4842965,0 0.0014891,51.4846716,0 0.0015802,51.4847779,0 0.0005015,51.4854708,0 0.0022889,51.4868162,0 0.0040519,51.4889174,0 0.0059611,51.4887679,0 0.0082249,51.4888191,0 0.0081811,51.4884781,0 0.0104937,51.4883305,0 0.0104222,51.4889972,0 0.0113711,51.4896105,0 0.0111659,51.4898568,0 0.0119006,51.4901859,0 0.011751,51.4903863,0 0.0119556,51.4907785,0 0.0147885,51.4926274,0 0.0160056,51.4927863,0 0.0163397,51.4935,0 0.0163182,51.4943187,0 0.017515,51.4946668,0 0.0188938,51.4942474,0 0.0193367,51.4948153,0 0.0216825,51.4944331,0 0.0214882,51.4939509,0 0.0244185,51.4934327,0 0.0261451,51.4933849,0 0.0289089,51.4936608,0 0.0356148,51.4947856,0 0.0370667,51.4947154,0 0.0374121,51.4940619,0 0.0401749,51.4943106,0 0.0447898,51.4940953,0 0.0447544,51.4945906,0 0.0467742,51.4946542,0 0.04672,51.4950509,0 0.0549212,51.4944937,0 0.0595097,51.4943323,0 0.0611749,51.4945188,0 0.0612943,51.4942919,0 0.0619752,51.4940551,0 0.0624226,51.4940742,0 0.0623624,51.4943361,0 0.0642361,51.4946718,0 0.0709634,51.4949758,0 0.0708696,51.4951304,0 0.0766101,51.4962249,0 0.0819952,51.4986833,0</coordinates></LineString></Placemark>
  <Placemark><name>C11 Cycleway 11</name><styleUrl>#layer</styleUrl><ExtendedData><Data name="Label"><displayName>Label</displayName><value>C11</value></Data><Data name="Route_Name"><displayName>Route_Name</displayName><value>Cycleway 11</value></Data><Data name="Status"><displayName>Status</displayName><value>Open</value></Data><Data name="Programme"><displayName>Programme</displayName><value>Cycleways</value></Data></ExtendedData><LineString><tessellate>1</tessellate><coordinates>-0.0903192,51.5208074,0 -0.0923716,51.5210207,0 -0.0972958,51.5201205,0</coordinates></LineString></Placemark>
  <Placemark><name>C4 Cycleway 4</name><styleUrl>#layer</styleUrl><ExtendedData><Data name="Label"><displayName>Label</displayName><value>C4</value></Data><Data name="Route_Name"><displayName>Route_Name</displayName><value>Cycleway 4</value></Data><Data name="Status"><displayName>Status</displayName><value>Open</value></Data><Data name="Programme"><displayName>Programme</displayName><value>Cycleways</value></Data></ExtendedData><LineString><tessellate>1</tessellate><coordinates>-0.0148703,51.4814155,0 -0.0233789,51.4808218,0 -0.0278389,51.4819312,0 -0.032425,51.4841306,0 -0.0363951,51.486931,0 -0.0402588,51.4888662,0 -0.0421683,51.4900223,0</coordinates></LineString></Placemark>
  <Placemark><name>C Cycleway</name><styleUrl>#layer</styleUrl><ExtendedData><Data name="Label"><displayName>Label</displayName><value>C</value></Data><Data name="Route_Name"><displayName>Route_Name</displayName><value>Cycleway</value></Data><Data name="Status"><displayName>Status</displayName><value>Open</value></Data><Data name="Programme"><displayName>Programme</displayName><value>Cycleways</value></Data></ExtendedData><LineString><tessellate>1</tessellate><coordinates>-0.0852361,51.5203378,0 -0.0832989,51.5197846,0 -0.0816058,51.5209709,0 -0.0788885,51.5204588,0</coordinates></LineString></Placemark>
  <Placemark><name>C4 Cycleway 4</name><styleUrl>#layer</styleUrl><ExtendedData><Data name="Label"><displayName>Label</displayName><value>C4</value></Data><Data name="Route_Name"><displayName>Route_Name</displayName><value>Cycleway 4</value></Data><Data name="Status"><displayName>Status</displayName><value>Open</value></Data><Data name="Programme"><displayName>Programme</displayName><value>Cycleways</value></Data></ExtendedData><MultiGeometry><LineString><tessellate>1</tessellate><coordinates>-0.0725421,51.500076,0 -0.0697338,51.4986809,0 -0.0685824,51.4983112,0 -0.0667214,51.4980287,0 -0.0649614,51.4980806,0 -0.0554635,51.4991735,0 -0.0550077,51.499049,0 -0.0550204,51.4987524,0 -0.0555675,51.4987615,0 -0.0556981,51.4990784,0</coordinates></LineString><LineString><tessellate>1</tessellate><coordinates>-0.0739073,51.5005031,0 -0.0759579,51.5014181,0 -0.078515,51.5029708,0 -0.0820797,51.5042073,0 -0.084152,51.5050369,0 -0.0849675,51.505392,0 -0.0856729,51.5056744,0 -0.0859926,51.5057737,0 -0.0869723,51.5059326,0 -0.0880511,51.5060957,0</coordinates></LineString></MultiGeometry></Placemark>
  <Placemark><name>C Cycleway</name><styleUrl>#layer</styleUrl><ExtendedData><Data name="Label"><displayName>Label</displayName><value>C</value></Data><Data name="Route_Name"><displayName>Route_Name</displayName><value>Cycleway</value></Data><Data name="Status"><displayName>Status</displayName><value>Open</value></Data><Data name="Programme"><displayName>Programme</displayName><value>Cycleways</value></Data></ExtendedData><LineString><tessellate>1</tessellate><coordinates>-0.0209939,51.4780298,0 -0.0211126,51.4766199,0 -0.0223732,51.4763177,0 -0.0227905,51.4762961,0 -0.0233733,51.4755135,0 -0.0236954,51.4750534,0 -0.0239875,51.4746362,0 -0.0227872,51.4744518,0 -0.0225847,51.4738839,0 -0.0221009,51.4737498,0 -0.0219201,51.4726047,0 -0.0225481,51.4720667,0 -0.022295,51.4715948,0 -0.0206753,51.4700926,0 -0.0194248,51.4693791,0</coordinates></LineString></Placemark>
  <Placemark><name>C Cycleway</name><styleUrl>#layer</styleUrl><ExtendedData><Data name="Label"><displayName>Label</displayName><value>C</value></Data><Data name="Route_Name"><displayName>Route_Name</displayName><value>Cycleway</value></Data><Data name="Status"><displayName>Status</displayName><value>Open</value></Data><Data name="Programme"><displayName>Programme</displayName><value>Cycleways</value></Data></ExtendedData><LineString><tessellate>1</tessellate><coordinates>-0.0319713,51.4759394,0 -0.0323119,51.477393,0 -0.036704,51.4767292,0 -0.0370428,51.4768878,0 -0.0376762,51.4789038,0 -0.0389587,51.4812365,0 -0.0398183,51.482348,0 -0.0396987,51.4827866,0</coordinates></LineString></Placemark>
  <Placemark><name>C18 Cycleway 18</name><styleUrl>#layer</styleUrl><ExtendedData><Data name="Label"><displayName>Label</displayName><value>C18</value></Data><Data name="Route_Name"><displayName>Route_Name</displayName><value>Cycleway 18</value></Data><Data name="Status"><displayName>Status</displayName><value>Open</value></Data><Data name="Programme"><displayName>Programme</displayName><value>Cycleways</value></Data></ExtendedData><LineString><tessellate>1</tessellate><coordinates>-0.0227831,51.4762996,0 -0.0225438,51.4768448,0 -0.0225496,51.477215,0 -0.0227281,51.4778953,0 -0.0228606,51.4784005,0 -0.0230118,51.4792011,0 -0.0231711,51.4808114,0</coordinates></LineString></Placemark>
  <Placemark><name>C4 Cycleway 4</name><styleUrl>#layer</styleUrl><ExtendedData><Data name="Label"><displayName>Label</displayName><value>C4</value></Data><Data name="Route_Name"><displayName>Route_Name</displayName><value>Cycleway 4</value></Data><Data name="Status"><displayName>Status</displayName><value>Open</value></Data><Data name="Programme"><displayName>Programme</displayName><value>Cycleways</value></Data></ExtendedData><LineString><tessellate>1</tessellate><coordinates>0.0015802,51.4847779,0 0.0024557,51.4853655,0 0.0043013,51.4850822,0 0.0055357,51.4853129,0 0.0084149,51.4862618,0 0.0093987,51.4863619,0 0.0148596,51.4860794,0 0.0200624,51.4867992,0 0.0226627,51.4866465,0 0.0240827,51.4871615,0 0.0313764,51.4879257,0</coordinates></LineString></Placemark>
  <Placemark><name>C10 Cycleway 10</name><styleUrl>#layer</styleUrl><ExtendedData><Data name="Label"><displayName>Label</displayName><value>C10</value></Data><Data name="Route_Name"><displayName>Route_Name</displayName><value>Cycleway 10</value></Data><Data name="Status"><displayName>Status</displayName><value>Open</value></Data><Data name="Programme"><displayName>Programme</displayName><value>Cycleways</value></Data></ExtendedData><MultiGeometry><LineString><tessellate>1</tessellate><coordinates>-0.0069346,51.47977,0 -0.0081283,51.4794756,0 -0.0092133,51.4800246,0 -0.0097606,51.4800249,0 -0.0114978,51.4794878,0 -0.0130997,51.4784178,0 -0.0136636,51.4783644,0 -0.0152291,51.4784629,0 -0.0171639,51.479341,0 -0.0176248,51.479007,0 -0.0176751,51.4778478,0 -0.0181675,51.4777842,0 -0.0210025,51.4781648,0 -0.0204902,51.4793522,0 -0.0229476,51.4791419,0 -0.0230853,51.4792881,0 -0.0245135,51.4792312,0 -0.0261763,51.4797449,0 -0.026221,51.4800424,0 -0.0269869,51.4799834,0 -0.0280134,51.4802255,0 -0.0281885,51.4808399,0 -0.0307766,51.4806047,0 -0.0311477,51.4810156,0 -0.0383784,51.4836818,0 -0.0389659,51.4830801,0 -0.0396987,51.4827866,0 -0.0407786,51.4831285,0 -0.0422636,51.4844393,0 -0.0426451,51.4842748,0 -0.0494526,51.4843973,0 -0.0492909,51.48515,0 -0.0488326,51.4857629,0 -0.0500877,51.486728,0 -0.0512742,51.4872783,0 -0.054987,51.4883742,0 -0.0550204,51.4882668,0 -0.0586476,51.4886687,0 -0.0595329,51.4885125,0 -0.0609507,51.4887068,0 -0.0626187,51.4884376,0 -0.0640854,51.4884978,0 -0.0647696,51.4883293,0 -0.0662529,51.4883358,0 -0.0700243,51.4887397,0 -0.0743533,51.4895842,0 -0.0745165,51.4898118,0 -0.0739203,51.4906293,0 -0.0753769,51.4912737,0 -0.0783558,51.4930582,0 -0.0804396,51.4945492,0 -0.0814027,51.4949426,0 -0.0853772,51.4973907,0</coordinates></LineString><LineString><tessellate>1</tessellate><coordinates>-0.0853631,51.4973815,0 -0.0859269,51.4973367,0 -0.0862513,51.4975039,0 -0.0877688,51.4967013,0 -0.0908759,51.4995756,0 -0.0925696,51.4986949,0 -0.0988566,51.5009912,0</coordinates></LineString></MultiGeometry></Placemark>
  <Placemark><name>C35 Cycleway 35</name><styleUrl>#layer</styleUrl><ExtendedData><Data name="Label"><displayName>Label</displayName><value>C35</value></Data><Data name="Route_Name"><displayName>Route_Name</displayName><value>Cycleway 35</value></Data><Data name="Status"><displayName>Status</displayName><value>Open</value></Data><Data name="Programme"><displayName>Programme</displayName><value>Cycleways</value></Data></ExtendedData><LineString><tessellate>1</tessellate><coordinates>-0.0724414,51.4891481,0 -0.0726145,51.4888003,0 -0.071583,51.4886664,0 -0.0729669,51.4872773,0 -0.071932,51.4868826,0 -0.072512,51.4861097,0 -0.0727317,51.4843148,0 -0.0723079,51.4830938,0 -0.0729366,51.4828703,0 -0.0740418,51.4829604,0 -0.074038,51.4792913,0 -0.0720127,51.4743839,0 -0.0702919,51.4745534,0</coordinates></LineString></Placemark>
  <Placemark><name>C Cycleway</name><styleUrl>#layer</styleUrl><ExtendedData><Data name="Label"><displayName>Label</displayName><value>C</value></Data><Data name="Route_Name"><displayName>Route_Name</displayName><value>Cycleway</value></Data><Data name="Status"><displayName>Status</displayName><value>Open</value></Data><Data name="Programme"><displayName>Programme</displayName><value>Cycleways</value></Data></ExtendedData><LineString><tessellate>1</tessellate><coordinates>-0.0729255,51.5101092,0 -0.0727242,51.5104386,0 -0.0729046,51.5112869,0 -0.0732831,51.5132445,0 -0.0739676,51.5144428,0</coordinates></LineString></Placemark>
  <Placemark><name>C1 Cycleway 1</name><styleUrl>#layer</styleUrl><ExtendedData><Data name="Label"><displayName>Label</displayName><value>C1</value></Data><Data name="Route_Name"><displayName>Route_Name</displayName><value>Cycleway 1</value></Data><Data name="Status"><displayName>Status</displayName><value>Open</value></Data><Data name="Programme"><displayName>Programme</displayName><value>Cycleways</value></Data></ExtendedData><MultiGeometry><LineString><tessellate>1</tessellate><coordinates>-0.0930117,51.5108783,0 -0.0921287,51.5151085,0 -0.0945964,51.5157242,0 -0.0930814,51.5185233,0 -0.0911829,51.5180787,0 -0.0901857,51.5195193,0 -0.0896884,51.5207252,0</coordinates></LineString><LineString><tessellate>1</tessellate><coordinates>-0.0896884,51.5207252,0 -0.0899466,51.5207564,0</coordinates></LineString><LineString><tessellate>1</tessellate><coordinates>-0.0829182,51.5305606,0 -0.0835992,51.5287642,0 -0.0836388,51.5271372,0 -0.0839642,51.5259105,0 -0.0837947,51.5258268,0 -0.0845927,51.521928,0 -0.0850459,51.5207484,0 -0.0852361,51.5203378,0 -0.0896884,51.5207252,0</coordinates></LineString></MultiGeometry></Placemark>
  <Placemark><name>C14 Cycleway 14</name><styleUrl>#layer</styleUrl><ExtendedData><Data name="Label"><displayName>Label</displayName><value>C14</value></Data><Data name="Route_Name"><displayName>Route_Name</displayName><value>Cycleway 14</value></Data><Data name="Status"><displayName>Status</displayName><value>Open</value></Data><Data name="Programme"><displayName>Programme</displayName><value>Cycleways</value></Data></ExtendedData><LineString><tessellate>1</tessellate><coordinates>-0.0302285,51.4896423,0 -0.0322322,51.4926166,0 -0.0329874,51.4944819,0 -0.033168,51.4946378,0 -0.033473,51.4945799,0 -0.0344155,51.4964483,0 -0.0354002,51.4963299,0 -0.0364596,51.498497,0 -0.0369675,51.4987483,0 -0.039579,51.4989988,0 -0.0404888,51.4992838,0 -0.0410826,51.4992128,0 -0.0412955,51.4992883,0 -0.0411225,51.4996271,0 -0.0423675,51.5001605,0 -0.04428,51.4999137,0 -0.0453873,51.5003008,0 -0.0464624,51.4994195,0 -0.0476211,51.4999514,0 -0.0483087,51.4993693,0 -0.0503869,51.5009776,0 -0.0512123,51.5005417,0 -0.0524812,51.501534,0 -0.0546261,51.5009042,0 -0.054819,51.5007725,0 -0.0547188,51.5004201,0 -0.0557287,51.5000501,0 -0.0578897,51.4997173,0 -0.058341,51.500624,0 -0.0599033,51.500479,0 -0.0624203,51.5005836,0 -0.0631922,51.5003895,0 -0.0644612,51.5003655,0 -0.065105,51.4997916,0 -0.0686836,51.5010287,0 -0.0690493,51.5005581,0 -0.0705653,51.5004841,0 -0.0725421,51.500076,0 -0.0739073,51.5005031,0 -0.0748894,51.5004473,0 -0.0773386,51.4997681,0 -0.0786186,51.5001668,0 -0.0817192,51.5004424,0 -0.0817423,51.5005777,0 -0.08358,51.5003919,0 -0.0851873,51.5005441,0 -0.0856437,51.5013429,0 -0.0872333,51.5015756,0 -0.0872752,51.5022957,0 -0.0883468,51.5021693,0 -0.0916862,51.5032849,0 -0.0949415,51.5040032,0 -0.098772,51.5037147,0</coordinates></LineString></Placemark>
  <Placemark><name>C17 Cycleway 17</name><styleUrl>#layer</styleUrl><ExtendedData><Data name="Label"><displayName>Label</displayName><value>C17</value></Data><Data name="Route_Name"><displayName>Route_Name</displayName><value>Cycleway 17</value></Data><Data name="Status"><displayName>Status</displayName><value>Open</value></Data><Data name="Programme"><displayName>Programme</displayName><value>Cycleways</value></Data></ExtendedData><MultiGeometry><LineString><tessellate>1</tessellate><coordinates>-0.0857193,51.4709934,0 -0.085079,51.4711538,0 -0.0867879,51.4736728,0 -0.0872731,51.4775656,0 -0.0877566,51.4784008,0 -0.0913402,51.4805275,0 -0.088311,51.4816742,0 -0.0883001,51.4819348,0</coordinates></LineString><LineString><tessellate>1</tessellate><coordinates>-0.0856094,51.4815312,0 -0.0872745,51.482008,0 -0.0883001,51.4819348,0</coordinates></LineString><LineString><tessellate>1</tessellate><coordinates>-0.0883001,51.4819348,0 -0.0885331,51.4832516,0 -0.0880226,51.4834051,0 -0.0913902,51.4889905,0 -0.0939456,51.4923055,0 -0.0933918,51.4924583,0 -0.0939239,51.4928267,0 -0.0942018,51.4941082,0 -0.0956021,51.4943827,0 -0.0946116,51.4956796,0 -0.0907113,51.4979992,0 -0.0925696,51.4986949,0</coordinates></LineString></MultiGeometry></Placemark>
  <Placemark><name>C2 Cycleway 2</name><styleUrl>#layer</styleUrl><ExtendedData><Data name="Label"><displayName>Label</displayName><value>C2</value></Data><Data name="Route_Name"><displayName>Route_Name</displayName><value>Cycleway 2</value></Data><Data name="Status"><displayName>Status</displayName><value>Open</value></Data><Data name="Programme"><displayName>Programme</displayName><value>Cycleways</value></Data></ExtendedData><LineString><tessellate>1</tessellate><coordinates>-0.0739676,51.5144428,0 -0.0705282,51.5156812,0 -0.0669437,51.5172768,0 -0.0638194,51.5182144,0 -0.0482714,51.5214727,0 -0.0407352,51.5227499,0 -0.0341546,51.5252567,0 -0.0251035,51.5272001,0 -0.0183355,51.5283451,0 -0.0133863,51.5300959,0</coordinates></LineString></Placemark>
  <Placemark><name>C4 Cycleway 4</name><styleUrl>#layer</styleUrl><ExtendedData><Data name="Label"><displayName>Label</displayName><value>C4</value></Data><Data name="Route_Name"><displayName>Route_Name</displayName><value>Cycleway 4</value></Data><Data name="Status"><displayName>Status</displayName><value>Open</value></Data><Data name="Programme"><displayName>Programme</displayName><value>Cycleways</value></Data></ExtendedData><LineString><tessellate>1</tessellate><coordinates>-0.0421683,51.4900223,0 -0.045402,51.4922165,0 -0.0476666,51.4934953,0 -0.0501391,51.4946336,0 -0.055267,51.4987116,0</coordinates></LineString></Placemark>
  <Placemark><name>C3 Cycleway 3</name><styleUrl>#layer</styleUrl><ExtendedData><Data name="Label"><displayName>Label</displayName><value>C3</value></Data><Data name="Route_Name"><displayName>Route_Name</displayName><value>Cycleway 3</value></Data><Data name="Status"><displayName>Status</displayName><value>Open</value></Data><Data name="Programme"><displayName>Programme</displayName><value>Cycleways</value></Data></ExtendedData><LineString><tessellate>1</tessellate><coordinates>0.0811899,51.5278078,0 0.0772539,51.5265376,0 0.0748404,51.5254562,0 0.064675,51.5222273,0 0.0604267,51.5204045,0 0.0576981,51.51967,0 0.0551754,51.5193455,0 0.0469906,51.5200462,0 0.0438623,51.5200378,0 0.0416857,51.5197161,0 0.0396436,51.5191761,0 0.0360756,51.5177093,0 0.0338576,51.5171003,0 0.0287559,51.5167931,0 0.0249997,51.5172448,0 0.0179742,51.5171052,0 0.0161055,51.5168946,0 0.0080545,51.5153961,0 0.0025598,51.5140062,0 0.0013043,51.5129845,0 -0.0001516,51.5126496,0 0.0001077,51.5119887,0 -0.0000921,51.5117043,0 -0.0007749,51.5115811,0 -0.0004973,51.5110098,0 -0.0039857,51.5103318,0 -0.0035039,51.5094872,0 -0.0050157,51.5091892,0 -0.0062572,51.5091384,0 -0.0069587,51.5089165,0 -0.0105102,51.50877,0 -0.017348,51.5089398,0 -0.0212641,51.5093567,0 -0.0236745,51.5089387,0 -0.0242311,51.5090649,0 -0.0245343,51.5087193,0 -0.0248974,51.5086535,0 -0.0268828,51.5093974,0 -0.0291075,51.5092729,0 -0.0321319,51.5086492,0 -0.037875,51.5098156,0 -0.037899,51.5105984,0 -0.0394975,51.5106251,0 -0.0401543,51.5111037,0 -0.0407522,51.5112756,0 -0.041524,51.5110906,0 -0.0421546,51.5111731,0 -0.0421096,51.51155,0 -0.0426401,51.5116128,0 -0.0467826,51.5114661,0 -0.0527047,51.5108182,0 -0.0548539,51.5111146,0 -0.064885,51.5111008,0 -0.0694122,51.5107168,0 -0.0714326,51.5103094,0 -0.0739942,51.5100548,0 -0.0763807,51.5095095,0 -0.0778397,51.5094255,0 -0.0798647,51.5095936,0 -0.0810921,51.509191,0 -0.0820191,51.5090803,0 -0.0881417,51.5098188,0 -0.0930117,51.5108783,0 -0.0963807,51.5113018,0</coordinates></LineString></Placemark>
  <Placemark><name>CS7 Cycle Superhighway 7</name><styleUrl>#layer</styleUrl><ExtendedData><Data name="Label"><displayName>Label</displayName><value>CS7</value></Data><Data name="Route_Name"><displayName>Route_Name</displayName><value>Cycle Superhighway 7</value></Data><Data name="Status"><displayName>Status</displayName><value>Open</value></Data><Data name="Programme"><displayName>Programme</displayName><value>Cycle Superhighways</value></Data></ExtendedData><LineString><tessellate>1</tessellate><coordinates>-0.0930545,51.510888,0 -0.0949468,51.5073307,0 -0.0959941,51.5029502,0</coordinates></LineString></Placemark>
  <Placemark><name>C Cycleway</name><styleUrl>#layer</styleUrl><ExtendedData><Data name="Label"><displayName>Label</displayName><value>C</value></Data><Data name="Route_Name"><displayName>Route_Name</displayName><value>Cycleway</value></Data><Data name="Status"><displayName>Status</displayName><value>Open</value></Data><Data name="Programme"><displayName>Programme</displayName><value>Cycleways</value></Data></ExtendedData><LineString><tessellate>1</tessellate><coordinates>0.0293029,51.4665317,0 0.0258846,51.4722473,0</coordinates></LineString></Placemark>
  <Placemark><name>C11 Cycleway 11</name><styleUrl>#layer</styleUrl><ExtendedData><Data name="Label"><displayName>Label</displayName><value>C11</value></Data><Data name="Route_Name"><displayName>Route_Name</displayName><value>Cycleway 11</value></Data><Data name="Status"><displayName>Status</displayName><value>Open</value></Data><Data name="Programme"><displayName>Programme</displayName><value>Cycleways</value></Data></ExtendedData><LineString><tessellate>1</tessellate><coordinates>-0.0929346,51.5320369,0 -0.0905885,51.5247057,0 -0.0898051,51.5231012,0 -0.0899466,51.5207564,0 -0.0903192,51.5208074,0</coordinates></LineString></Placemark>
  <Placemark><name>C33 Cycleway 33</name><styleUrl>#layer</styleUrl><ExtendedData><Data name="Label"><displayName>Label</displayName><value>C33</value></Data><Data name="Route_Name"><displayName>Route_Name</displayName><value>Cycleway 33</value></Data><Data name="Status"><displayName>Status</displayName><value>Open</value></Data><Data name="Programme"><displayName>Programme</displayName><value>Cycleways</value></Data></ExtendedData><MultiGeometry><LineString><tessellate>1</tessellate><coordinates>0.0666241,51.4821746,0 0.0665112,51.4819068,0 0.0670169,51.4819429,0 0.0664991,51.4813225,0 0.0655995,51.480538,0 0.0647166,51.4801219,0 0.0641721,51.479547,0 0.0633904,51.4791381,0 0.0628247,51.4790491,0 0.0618986,51.4792722,0 0.0615425,51.4787209,0 0.057986,51.4787385,0 0.0544213,51.4782524,0 0.0523334,51.4789005,0</coordinates></LineString><LineString><tessellate>1</tessellate><coordinates>0.0672934,51.4886916,0 0.0670142,51.4879322,0 0.0670931,51.4855387,0 0.0665053,51.4836875,0 0.0666243,51.4824984,0 0.0664603,51.4823754,0 0.0665229,51.4821674,0 0.0666689,51.4822098,0</coordinates></LineString></MultiGeometry></Placemark>
  <Placemark><name>C13 Cycleway 13</name><styleUrl>#layer</styleUrl><ExtendedData><Data name="Label"><displayName>Label</displayName><value>C13</value></Data><Data name="Route_Name"><displayName>Route_Name</displayName><value>Cycleway 13</value></Data><Data name="Status"><displayName>Status</displayName><value>Open</value></Data><Data name="Programme"><displayName>Programme</displayName><value>Cycleways</value></Data></ExtendedData><MultiGeometry><LineString><tessellate>1</tessellate><coordinates>-0.0905088,51.5245425,0 -0.0853864,51.5246568,0 -0.0849263,51.5253147,0 -0.0839642,51.5259105,0</coordinates></LineString><LineString><tessellate>1</tessellate><coordinates>-0.0837947,51.5258268,0 -0.0832075,51.526078,0 -0.0814791,51.5260407,0 -0.0780382,51.5262721,0 -0.0779867,51.5264691,0 -0.0766385,51.5263031,0 -0.0765433,51.5265083,0 -0.0733454,51.527472,0 -0.0734564,51.5282561,0 -0.071011,51.5284677,0 -0.0702606,51.528824,0 -0.0672919,51.5308344,0</coordinates></LineString></MultiGeometry></Placemark>
  <Placemark><name>C22 Cycleway 22</name><styleUrl>#layer</styleUrl><ExtendedData><Data name="Label"><displayName>Label</displayName><value>C22</value></Data><Data name="Route_Name"><displayName>Route_Name</displayName><value>Cycleway 22</value></Data><Data name="Status"><displayName>Status</displayName><value>Open</value></Data><Data name="Programme"><displayName>Programme</displayName><value>Cycleways</value></Data></ExtendedData><LineString><tessellate>1</tessellate><coordinates>0.0592863,51.5200468,0 0.0586993,51.5207765,0 0.0232569,51.5254045,0 0.0200999,51.5263852,0 0.0115291,51.5301388,0 0.0108839,51.5302218,0 0.0054797,51.5299457,0 0.0001014,51.5309189,0</coordinates></LineString></Placemark>
  <Placemark><name>C37 Cycleway 37</name><styleUrl>#layer</styleUrl><ExtendedData><Data name="Label"><displayName>Label</displayName><value>C37</value></Data><Data name="Route_Name"><displayName>Route_Name</displayName><value>Cycleway 37</value></Data><Data name="Status"><displayName>Status</displayName><value>Open</value></Data><Data name="Programme"><displayName>Programme</displayName><value>Cycleways</value></Data></ExtendedData><LineString><tessellate>1</tessellate><coordinates>-0.0336044,51.5216325,0 -0.0347674,51.5250872,0</coordinates></LineString></Placemark>
  <Placemark><name>C14 Cycleway 14</name><styleUrl>#layer</styleUrl><ExtendedData><Data name="Label"><displayName>Label</displayName><value>C14</value></Data><Data name="Route_Name"><displayName>Route_Name</displayName><value>Cycleway 14</value></Data><Data name="Status"><displayName>Status</displayName><value>Open</value></Data><Data name="Programme"><displayName>Programme</displayName><value>Cycleways</value></Data></ExtendedData><LineString><tessellate>1</tessellate><coordinates>-0.0302285,51.4896423,0 -0.0297195,51.4890852,0 -0.0297985,51.4889246,0 -0.0317419,51.4882828,0 -0.0334596,51.4871965,0 -0.0317516,51.48572,0 -0.0318372,51.4840668,0 -0.0306426,51.4840467,0 -0.0305694,51.483407,0 -0.0255569,51.4834125,0 -0.0251917,51.4848632,0 -0.024504,51.4847797,0 -0.0243437,51.4844892,0 -0.0227325,51.4841113,0 -0.0219996,51.4844047,0 -0.0193133,51.483577,0 -0.0192942,51.4833518,0 -0.0188411,51.4831733,0 -0.0187454,51.482722,0 -0.0178356,51.4827786,0 -0.0178204,51.4831291,0 -0.0175746,51.4831519,0 -0.0150377,51.4828662,0 -0.0122422,51.4828997,0 -0.0108551,51.4830021,0 -0.0107309,51.4832068,0 -0.01017,51.4831883,0 -0.0095681,51.4833598,0 -0.0093588,51.4830152,0 -0.0085217,51.4832702,0 -0.0069467,51.483827,0 -0.0057597,51.4842118,0 -0.0045867,51.484592,0 -0.0036036,51.4834904,0 -0.0007742,51.4842965,0 0.0014891,51.4846716,0 0.0015802,51.4847779,0 0.0005015,51.4854708,0 0.0022889,51.4868162,0 0.0040519,51.4889174,0 0.0059611,51.4887679,0 0.0082249,51.4888191,0 0.0081811,51.4884781,0 0.0104937,51.4883305,0 0.0104222,51.4889972,0 0.0113711,51.4896105,0 0.0111659,51.4898568,0 0.0119006,51.4901859,0 0.011751,51.4903863,0 0.0119556,51.4907785,0 0.0147885,51.4926274,0 0.0160056,51.4927863,0 0.0163397,51.4935,0 0.0163182,51.4943187,0 0.017515,51.4946668,0 0.0188938,51.4942474,0 0.0193367,51.4948153,0 0.0216825,51.4944331,0 0.0214882,51.4939509,0 0.0244185,51.4934327,0 0.0261451,51.4933849,0 0.0289089,51.4936608,0 0.0356148,51.4947856,0 0.0370667,51.4947154,0 0.0374121,51.4940619,0 0.0401749,51.4943106,0 0.0447898,51.4940953,0 0.0447544,51.4945906,0 0.0467742,51.4946542,0 0.04672,51.4950509,0 0.0549212,51.4944937,0 0.0595097,51.4943323,0 0.0611749,51.4945188,0 0.0612943,51.4942919,0 0.0619752,51.4940551,0 0.0624226,51.4940742,0 0.0623624,51.4943361,0 0.0642361,51.4946718,0 0.0709634,51.4949758,0 0.0708696,51.4951304,0 0.0766101,51.4962249,0 0.0819952,51.4986833,0</coordinates></LineString></Placemark>
  <Placemark><name>C11 Cycleway 11</name><styleUrl>#layer</styleUrl><ExtendedData><Data name="Label"><displayName>Label</displayName><value>C11</value></Data><Data name="Route_Name"><displayName>Route_Name</displayName><value>Cycleway 11</value></Data><Data name="Status"><displayName>Status</displayName><value>Open</value></Data><Data name="Programme"><displayName>Programme</displayName><value>Cycleways</value></Data></ExtendedData><LineString><tessellate>1</tessellate><coordinates>-0.0903192,51.5208074,0 -0.0923716,51.5210207,0 -0.0972958,51.5201205,0</coordinates></LineString></Placemark>
  <Placemark><name>C4 Cycleway 4</name><styleUrl>#layer</styleUrl><ExtendedData><Data name="Label"><displayName>Label</displayName><value>C4</value></Data><Data name="Route_Name"><displayName>Route_Name</displayName><value>Cycleway 4</value></Data><Data name="Status"><displayName>Status</displayName><value>Open</value></Data><Data name="Programme"><displayName>Programme</displayName><value>Cycleways</value></Data></ExtendedData><LineString><tessellate>1</tessellate><coordinates>-0.0148703,51.4814155,0 -0.0233789,51.4808218,0 -0.0278389,51.4819312,0 -0.032425,51.4841306,0 -0.0363951,51.486931,0 -0.0402588,51.4888662,0 -0.0421683,51.4900223,0</coordinates></LineString></Placemark>
  <Placemark><name>C Cycleway</name><styleUrl>#layer</styleUrl><ExtendedData><Data name="Label"><displayName>Label</displayName><value>C</value></Data><Data name="Route_Name"><displayName>Route_Name</displayName><value>Cycleway</value></Data><Data name="Status"><displayName>Status</displayName><value>Open</value></Data><Data name="Programme"><displayName>Programme</displayName><value>Cycleways</value></Data></ExtendedData><LineString><tessellate>1</tessellate><coordinates>-0.0852361,51.5203378,0 -0.0832989,51.5197846,0 -0.0816058,51.5209709,0 -0.0788885,51.5204588,0</coordinates></LineString></Placemark>
  <Placemark><name>C4 Cycleway 4</name><styleUrl>#layer</styleUrl><ExtendedData><Data name="Label"><displayName>Label</displayName><value>C4</value></Data><Data name="Route_Name"><displayName>Route_Name</displayName><value>Cycleway 4</value></Data><Data name="Status"><displayName>Status</displayName><value>Open</value></Data><Data name="Programme"><displayName>Programme</displayName><value>Cycleways</value></Data></ExtendedData><MultiGeometry><LineString><tessellate>1</tessellate><coordinates>-0.0725421,51.500076,0 -0.0697338,51.4986809,0 -0.0685824,51.4983112,0 -0.0667214,51.4980287,0 -0.0649614,51.4980806,0 -0.0554635,51.4991735,0 -0.0550077,51.499049,0 -0.0550204,51.4987524,0 -0.0555675,51.4987615,0 -0.0556981,51.4990784,0</coordinates></LineString><LineString><tessellate>1</tessellate><coordinates>-0.0739073,51.5005031,0 -0.0759579,51.5014181,0 -0.078515,51.5029708,0 -0.0820797,51.5042073,0 -0.084152,51.5050369,0 -0.0849675,51.505392,0 -0.0856729,51.5056744,0 -0.0859926,51.5057737,0 -0.0869723,51.5059326,0 -0.0880511,51.5060957,0</coordinates></LineString></MultiGeometry></Placemark>
  <Placemark><name>C Cycleway</name><styleUrl>#layer</styleUrl><ExtendedData><Data name="Label"><displayName>Label</displayName><value>C</value></Data><Data name="Route_Name"><displayName>Route_Name</displayName><value>Cycleway</value></Data><Data name="Status"><displayName>Status</displayName><value>Open</value></Data><Data name="Programme"><displayName>Programme</displayName><value>Cycleways</value></Data></ExtendedData><LineString><tessellate>1</tessellate><coordinates>-0.0209939,51.4780298,0 -0.0211126,51.4766199,0 -0.0223732,51.4763177,0 -0.0227905,51.4762961,0 -0.0233733,51.4755135,0 -0.0236954,51.4750534,0 -0.0239875,51.4746362,0 -0.0227872,51.4744518,0 -0.0225847,51.4738839,0 -0.0221009,51.4737498,0 -0.0219201,51.4726047,0 -0.0225481,51.4720667,0 -0.022295,51.4715948,0 -0.0206753,51.4700926,0 -0.0194248,51.4693791,0</coordinates></LineString></Placemark>
  <Placemark><name>C Cycleway</name><styleUrl>#layer</styleUrl><ExtendedData><Data name="Label"><displayName>Label</displayName><value>C</value></Data><Data name="Route_Name"><displayName>Route_Name</displayName><value>Cycleway</value></Data><Data name="Status"><displayName>Status</displayName><value>Open</value></Data><Data name="Programme"><displayName>Programme</displayName><value>Cycleways</value></Data></ExtendedData><LineString><tessellate>1</tessellate><coordinates>-0.0319713,51.4759394,0 -0.0323119,51.477393,0 -0.036704,51.4767292,0 -0.0370428,51.4768878,0 -0.0376762,51.4789038,0 -0.0389587,51.4812365,0 -0.0398183,51.482348,0 -0.0396987,51.4827866,0</coordinates></LineString></Placemark>
  <Placemark><name>C18 Cycleway 18</name><styleUrl>#layer</styleUrl><ExtendedData><Data name="Label"><displayName>Label</displayName><value>C18</value></Data><Data name="Route_Name"><displayName>Route_Name</displayName><value>Cycleway 18</value></Data><Data name="Status"><displayName>Status</displayName><value>Open</value></Data><Data name="Programme"><displayName>Programme</displayName><value>Cycleways</value></Data></ExtendedData><LineString><tessellate>1</tessellate><coordinates>-0.0227831,51.4762996,0 -0.0225438,51.4768448,0 -0.0225496,51.477215,0 -0.0227281,51.4778953,0 -0.0228606,51.4784005,0 -0.0230118,51.4792011,0 -0.0231711,51.4808114,0</coordinates></LineString></Placemark>
  <Placemark><name></name><styleUrl>#layer</styleUrl><LineString><tessellate>1</tessellate><coordinates>0.0081642,51.5153859,0 0.012928,51.5097072,0 0.0146639,51.5076377,0 0.0155093,51.5066297,0 0.015949,51.5061054,0 0.0163447,51.5056673,0 0.017896,51.5048677,0 0.0183892,51.5046135,0 0.0201328,51.5039043,0 0.0224447,51.5031663,0 0.0234774,51.502876,0 0.0238917,51.5027369,0 0.0246405,51.5025541,0 0.0247882,51.5025264,0 0.0260626,51.5023376,0 0.0271142,51.5022208,0 0.0296893,51.5022298,0 0.0331336,51.5025276,0 0.0348356,51.5026244,0 0.0372326,51.5026841,0 0.0383377,51.5027116,0 0.0390606,51.5028102,0 0.0393254,51.5030464,0 0.0394353,51.5033229,0 0.0394968,51.5036155,0 0.0396417,51.5044138,0</coordinates></LineString></Placemark>
  <Placemark><name></name><styleUrl>#layer</styleUrl><LineString><tessellate>1</tessellate><coordinates>0.0016061,51.4847784,0 0.0024817,51.485366,0 0.0043272,51.4850826,0 0.0055616,51.4853134,0 0.0084408,51.4862623,0 0.0094246,51.4863624,0 0.0148854,51.4860799,0 0.0200882,51.4867997,0 0.0226885,51.486647,0 0.0241085,51.4871621,0 0.0314022,51.4879262,0</coordinates></LineString></Placemark>
  <Placemark><name></name><styleUrl>#layer</styleUrl><MultiGeometry><LineString><tessellate>1</tessellate><coordinates>-0.0069087,51.4797703,0 -0.0081025,51.4794759,0 -0.0091874,51.4800249,0 -0.0097346,51.4800252,0 -0.0114718,51.4794881,0 -0.0130737,51.4784181,0 -0.0136377,51.4783647,0 -0.0152031,51.4784631,0 -0.0171379,51.4793412,0 -0.0175988,51.4790073,0 -0.0176363,51.4779463,0 -0.0180062,51.4779609,0 -0.0187824,51.4779932,0 -0.0189853,51.4779835,0 -0.0196862,51.4780753,0 -0.0209944,51.4781737,0 -0.0208305,51.4786481,0 -0.0204642,51.4793525,0 -0.0229216,51.4791422,0 -0.0230593,51.4792884,0 -0.0244875,51.4792316,0 -0.0261503,51.4797452,0 -0.026195,51.4800428,0 -0.0269609,51.4799837,0 -0.0279874,51.4802258,0 -0.0281625,51.4808403,0 -0.0307506,51.4806051,0 -0.0311218,51.481016,0 -0.0383524,51.4836824,0 -0.03894,51.4830807,0 -0.0396728,51.4827872,0 -0.0407527,51.483129,0 -0.0422376,51.4844399,0 -0.0426192,51.4842754,0 -0.0494268,51.484398,0 -0.049265,51.4851507,0 -0.0488067,51.4857636,0 -0.0500618,51.4867288,0 -0.0512483,51.4872791,0 -0.0549611,51.488375,0 -0.0549945,51.4882677,0 -0.0586218,51.4886696,0 -0.0595071,51.4885134,0 -0.0609249,51.4887077,0 -0.0625929,51.4884386,0 -0.0640596,51.4884988,0 -0.0647438,51.4883302,0 -0.0662272,51.4883367,0 -0.0667904,51.488449,0 -0.0671005,51.488462,0 -0.0679727,51.4885802,0 -0.0688566,51.4887172,0 -0.0692328,51.4887273,0 -0.0695065,51.4887113,0 -0.0699986,51.4887407,0 -0.0724035,51.4891479,0 -0.0743276,51.4895853,0 -0.0744924,51.4896985,0 -0.0744909,51.4898128,0 -0.0738946,51.4906303,0 -0.0753512,51.4912748,0 -0.0752788,51.491369,0 -0.0759443,51.4917384,0 -0.0767264,51.4921705,0 -0.0783301,51.4930593,0 -0.0804139,51.4945503,0 -0.0813771,51.4949438,0 -0.0821118,51.4954681,0 -0.082872,51.4959782,0 -0.0829624,51.495917,0 -0.0841602,51.4966948,0 -0.0853516,51.497392,0</coordinates></LineString><LineString><tessellate>1</tessellate><coordinates>-0.0853375,51.4973827,0 -0.0856183,51.4973299,0 -0.0858781,51.4973459,0 -0.0860093,51.4974362,0 -0.086178,51.4975291,0 -0.0869303,51.4971064,0 -0.087332,51.4968837,0 -0.0877433,51.4967025,0 -0.0908503,51.4995769,0 -0.0917734,51.4991387,0 -0.0922948,51.4989062,0 -0.0925441,51.4986962,0 -0.0937283,51.4991548,0 -0.0948305,51.4995214,0 -0.0956724,51.4999583,0</coordinates></LineString></MultiGeometry></Placemark>
  <Placemark><name></name><styleUrl>#layer</styleUrl><LineString><tessellate>1</tessellate><coordinates>-0.0724157,51.4891492,0 -0.0725888,51.4888013,0 -0.0715574,51.4886674,0 -0.0729412,51.4872783,0 -0.0719064,51.4868835,0 -0.0724863,51.4861107,0 -0.0727061,51.4843157,0 -0.0722823,51.4830947,0 -0.072911,51.4828712,0 -0.0740162,51.4829613,0 -0.0740124,51.4792921,0 -0.0719871,51.4743845,0 -0.0702663,51.474554,0</coordinates></LineString></Placemark>
  <Placemark><name></name><styleUrl>#layer</styleUrl><LineString><tessellate>1</tessellate><coordinates>-0.0728994,51.5101105,0 -0.0726981,51.5104399,0 -0.0728784,51.5112882,0 -0.0732569,51.5132459,0 -0.0739414,51.5144442,0</coordinates></LineString></Placemark>
  <Placemark><name></name><styleUrl>#layer</styleUrl><MultiGeometry><LineString><tessellate>1</tessellate><coordinates>-0.0929859,51.5108798,0 -0.0927815,51.5118364,0 -0.0924799,51.5127212,0 -0.0923406,51.5135846,0 -0.0920876,51.5150822,0 -0.0928245,51.515207,0 -0.0932445,51.5154252,0 -0.094504,51.5157053,0 -0.0938344,51.5170593,0 -0.0935348,51.5176644,0 -0.0930073,51.5185261,0 -0.0911679,51.5181204,0 -0.0901598,51.519521,0 -0.0896624,51.5207269,0</coordinates></LineString><LineString><tessellate>1</tessellate><coordinates>-0.0896624,51.5207269,0 -0.0899206,51.5207581,0</coordinates></LineString><LineString><tessellate>1</tessellate><coordinates>-0.0829645,51.5300963,0 -0.0832056,51.529803,0 -0.0835729,51.5287659,0 -0.0836125,51.5271389,0 -0.0836588,51.5265375,0 -0.0837467,51.5263245,0 -0.083837,51.5261034,0 -0.0839042,51.5259296,0 -0.0837707,51.5258191,0 -0.0845666,51.5219297,0 -0.0850198,51.52075,0 -0.08521,51.5203395,0 -0.0896624,51.5207269,0</coordinates></LineString></MultiGeometry></Placemark>
  <Placemark><name></name><styleUrl>#layer</styleUrl><LineString><tessellate>1</tessellate><coordinates>-0.0302022,51.4896429,0 -0.0322059,51.4926174,0 -0.0329611,51.4944827,0 -0.0331416,51.4946386,0 -0.0334467,51.4945807,0 -0.0343891,51.4964491,0 -0.0353739,51.4963308,0 -0.0364332,51.4984979,0 -0.0369411,51.4987492,0 -0.0395526,51.4989998,0 -0.0404625,51.4992848,0 -0.0410562,51.4992138,0 -0.0412691,51.4992893,0 -0.0410961,51.4996281,0 -0.0423411,51.5001615,0 -0.0442536,51.4999147,0 -0.0453609,51.5003019,0 -0.0464361,51.4994205,0 -0.0475948,51.4999524,0 -0.0482825,51.4993703,0 -0.0503606,51.5009787,0 -0.0511861,51.5005428,0 -0.0524549,51.5015351,0 -0.0545999,51.5009052,0 -0.0547928,51.5007736,0 -0.0546926,51.5004212,0 -0.0557026,51.5000512,0 -0.0578636,51.4997184,0 -0.0583149,51.5006251,0 -0.0598772,51.5004801,0 -0.0623943,51.5005847,0 -0.0631662,51.5003906,0 -0.0644351,51.5003666,0 -0.065079,51.4997927,0 -0.0686576,51.5010298,0 -0.0690233,51.5005592,0 -0.0705394,51.5004853,0 -0.0725162,51.5000772,0 -0.0738814,51.5005043,0 -0.0748635,51.5004485,0 -0.0773128,51.4997693,0 -0.0785928,51.500168,0 -0.0816935,51.5004437,0 -0.0817166,51.500579,0 -0.0835543,51.5003932,0 -0.0851617,51.5005454,0 -0.0856181,51.5013442,0 -0.0872077,51.501577,0 -0.0872495,51.5022971,0 -0.0883211,51.5021707,0 -0.0916606,51.5032862,0 -0.0949159,51.5040046,0 -0.0987465,51.503716,0</coordinates></LineString></Placemark>
  <Placemark><name></name><styleUrl>#layer</styleUrl><MultiGeometry><LineString><tessellate>1</tessellate><coordinates>-0.0856937,51.4709941,0 -0.0850534,51.4711545,0 -0.0867623,51.4736735,0 -0.0872475,51.4775664,0 -0.087731,51.4784017,0 -0.0913147,51.4805285,0 -0.0882855,51.4816752,0 -0.0882746,51.4819358,0</coordinates></LineString><LineString><tessellate>1</tessellate><coordinates>-0.0855838,51.4815322,0 -0.0872489,51.482009,0 -0.0882746,51.4819358,0</coordinates></LineString><LineString><tessellate>1</tessellate><coordinates>-0.0882746,51.4819358,0 -0.0885076,51.4832526,0 -0.0879971,51.4834061,0 -0.0913647,51.4889916,0 -0.0939202,51.4923066,0 -0.0933664,51.4924594,0 -0.0938985,51.4928278,0 -0.0941763,51.4941093,0 -0.0955767,51.4943839,0 -0.0945862,51.4956808,0 -0.0906857,51.4980005,0 -0.0925441,51.4986962,0</coordinates></LineString></MultiGeometry></Placemark>
  <Placemark><name></name><styleUrl>#layer</styleUrl><LineString><tessellate>1</tessellate><coordinates>-0.0739414,51.5144442,0 -0.0705019,51.5156825,0 -0.0669174,51.5172781,0 -0.063793,51.5182157,0 -0.0482446,51.5214739,0 -0.0407082,51.5227512,0 -0.0341274,51.5252581,0 -0.0250762,51.5272016,0 -0.0183081,51.5283466,0 -0.0133588,51.5300975,0</coordinates></LineString></Placemark>
  <Placemark><name></name><styleUrl>#layer</styleUrl><LineString><tessellate>1</tessellate><coordinates>-0.0421422,51.490023,0 -0.0453759,51.4922174,0 -0.0476405,51.4934962,0 -0.050113,51.4946345,0 -0.0552409,51.4987126,0</coordinates></LineString></Placemark>
  <Placemark><name></name><styleUrl>#layer</styleUrl><LineString><tessellate>1</tessellate><coordinates>0.081217,51.5278087,0 0.077281,51.5265385,0 0.0748675,51.5254571,0 0.0647021,51.5222281,0 0.0604538,51.5204052,0 0.0577252,51.5196707,0 0.0552024,51.5193462,0 0.0470176,51.5200469,0 0.0438894,51.5200386,0 0.0417128,51.5197168,0 0.0396707,51.5191768,0 0.0361027,51.5177101,0 0.0338847,51.5171011,0 0.0287831,51.516794,0 0.0250269,51.5172457,0 0.0180015,51.5171063,0 0.0161329,51.5168957,0 0.0080818,51.5153973,0 0.0025871,51.5140074,0 0.0013316,51.5129856,0 -0.0001243,51.5126508,0 0.0001349,51.5119898,0 -0.0000649,51.5117054,0 -0.0007477,51.5115822,0 -0.0004701,51.5110108,0 -0.0039586,51.5103328,0 -0.0034768,51.5094882,0 -0.0049886,51.5091902,0 -0.0062302,51.5091394,0 -0.0069316,51.5089175,0 -0.0104831,51.508771,0 -0.017321,51.5089409,0 -0.0212372,51.5093578,0 -0.0236476,51.5089398,0 -0.0242042,51.509066,0 -0.0245074,51.5087204,0 -0.0248705,51.5086546,0 -0.0268559,51.5093985,0 -0.0290806,51.509274,0 -0.0321051,51.5086503,0 -0.0378483,51.5098167,0 -0.0378722,51.5105995,0 -0.0394708,51.5106263,0 -0.0401276,51.5111049,0 -0.0407255,51.5112767,0 -0.0414973,51.5110918,0 -0.0421279,51.5111743,0 -0.0420829,51.5115512,0 -0.0426134,51.511614,0 -0.046756,51.5114672,0 -0.0526782,51.5108193,0 -0.0548274,51.5111158,0 -0.0648588,51.511102,0 -0.069386,51.5107181,0 -0.0714065,51.5103107,0 -0.0739681,51.5100561,0 -0.0763547,51.5095108,0 -0.0778138,51.5094269,0 -0.0798387,51.509595,0 -0.0810662,51.5091925,0 -0.0819932,51.5090818,0 -0.0881159,51.5098203,0 -0.0929859,51.5108798,0 -0.096355,51.5113033,0</coordinates></LineString></Placemark>
  <Placemark><name></name><styleUrl>#layer</styleUrl><LineString><tessellate>1</tessellate><coordinates>-0.0930288,51.5108895,0 -0.0949211,51.5073321,0 -0.0959685,51.5029515,0</coordinates></LineString></Placemark>
  <Placemark><name></name><styleUrl>#layer</styleUrl><LineString><tessellate>1</tessellate><coordinates>0.0293286,51.4665321,0 0.0259102,51.4722477,0</coordinates></LineString></Placemark>
  <Placemark><name></name><styleUrl>#layer</styleUrl><LineString><tessellate>1</tessellate><coordinates>-0.0929084,51.5320388,0 -0.0905625,51.5247074,0 -0.0897791,51.5231029,0 -0.0899206,51.5207581,0 -0.0902932,51.5208091,0</coordinates></LineString></Placemark>
  <Placemark><name></name><styleUrl>#layer</styleUrl><MultiGeometry><LineString><tessellate>1</tessellate><coordinates>0.0666507,51.482175,0 0.0665378,51.4819072,0 0.0670435,51.4819432,0 0.0665258,51.4813228,0 0.0656262,51.4805383,0 0.0647432,51.4801222,0 0.0641987,51.4795473,0 0.0634169,51.4791384,0 0.0628512,51.4790494,0 0.0619251,51.4792726,0 0.061569,51.4787213,0 0.0580125,51.4787388,0 0.0544477,51.4782528,0 0.0523597,51.4789009,0</coordinates></LineString><LineString><tessellate>1</tessellate><coordinates>0.0673201,51.488692,0 0.0670409,51.4879325,0 0.0671198,51.485539,0 0.0665319,51.4836879,0 0.066651,51.4824987,0 0.066487,51.4823757,0 0.0665496,51.4821677,0 0.0666955,51.4822101,0</coordinates></LineString></MultiGeometry></Placemark>
  <Placemark><name></name><styleUrl>#layer</styleUrl><MultiGeometry><LineString><tessellate>1</tessellate><coordinates>-0.0904828,51.5245443,0 -0.0853602,51.5246585,0 -0.0849001,51.5253164,0 -0.0839013,51.5259346,0</coordinates></LineString><LineString><tessellate>1</tessellate><coordinates>-0.08377,51.5258195,0 -0.0831813,51.5260797,0 -0.0814528,51.5260424,0 -0.0780119,51.5262737,0 -0.0779603,51.5264707,0 -0.0766121,51.5263047,0 -0.076517,51.5265099,0 -0.0733189,51.5274735,0 -0.0734299,51.5282577,0 -0.0709844,51.5284692,0 -0.070234,51.5288255,0 -0.0672652,51.5308358,0</coordinates></LineString></MultiGeometry></Placemark>
  <Placemark><name></name><styleUrl>#layer</styleUrl><LineString><tessellate>1</tessellate><coordinates>0.0593133,51.5200476,0 0.0587264,51.5207773,0 0.0232841,51.5254056,0 0.0201272,51.5263865,0 0.0115564,51.5301403,0 0.0109113,51.5302233,0 0.0055071,51.5299473,0 0.0001289,51.5309205,0</coordinates></LineString></Placemark>
  <Placemark><name></name><styleUrl>#layer</styleUrl><LineString><tessellate>1</tessellate><coordinates>-0.0335773,51.5216338,0 -0.0347402,51.5250885,0</coordinates></LineString></Placemark>
  <Placemark><name></name><styleUrl>#layer</styleUrl><LineString><tessellate>1</tessellate><coordinates>-0.0302022,51.4896429,0 -0.0296933,51.4890858,0 -0.0297722,51.4889252,0 -0.0317158,51.4882834,0 -0.0334335,51.4871972,0 -0.0317255,51.4857206,0 -0.0318111,51.4840673,0 -0.0306165,51.4840472,0 -0.0305433,51.4834074,0 -0.0255308,51.483413,0 -0.0251656,51.4848637,0 -0.0244778,51.4847802,0 -0.0243175,51.4844897,0 -0.0227063,51.4841117,0 -0.0219734,51.4844051,0 -0.0192871,51.4835773,0 -0.0192681,51.4833522,0 -0.0188149,51.4831736,0 -0.0187193,51.4827224,0 -0.0178095,51.4827789,0 -0.0177942,51.4831294,0 -0.0175484,51.4831522,0 -0.0150116,51.4828665,0 -0.0122161,51.4829001,0 -0.010829,51.4830025,0 -0.0107049,51.4832072,0 -0.010144,51.4831887,0 -0.009542,51.4833602,0 -0.0093328,51.4830156,0 -0.0084956,51.4832705,0 -0.0069207,51.4838274,0 -0.0057337,51.4842122,0 -0.0045607,51.4845924,0 -0.0035776,51.4834908,0 -0.0007482,51.4842969,0 0.001515,51.484672,0 0.0016061,51.4847784,0 0.0005275,51.4854712,0 0.0023149,51.4868167,0 0.004078,51.4889179,0 0.0059872,51.4887684,0 0.0082509,51.4888196,0 0.0082071,51.4884786,0 0.0105196,51.4883311,0 0.0104482,51.4889978,0 0.0113971,51.489611,0 0.0111919,51.4898573,0 0.0119266,51.4901865,0 0.011777,51.4903869,0 0.0119816,51.4907791,0 0.0148146,51.4926279,0 0.0160317,51.4927869,0 0.0163659,51.4935005,0 0.0163445,51.4943193,0 0.0175412,51.4946674,0 0.01892,51.494248,0 0.019363,51.4948159,0 0.0217087,51.4944337,0 0.0215144,51.4939515,0 0.0244446,51.4934333,0 0.0261712,51.4933855,0 0.028935,51.4936614,0 0.0356411,51.4947861,0 0.037093,51.4947159,0 0.0374384,51.4940624,0 0.0402012,51.4943111,0 0.0448162,51.4940958,0 0.0447808,51.494591,0 0.0468006,51.4946547,0 0.0467464,51.4950513,0 0.0549478,51.4944941,0 0.0595364,51.4943327,0 0.0612016,51.4945192,0 0.061321,51.4942923,0 0.0620018,51.4940555,0 0.0624493,51.4940746,0 0.0623891,51.4943365,0 0.0642628,51.4946722,0 0.0709903,51.4949762,0 0.0708964,51.4951308,0 0.0766371,51.4962253,0 0.0820223,51.4986837,0</coordinates></LineString></Placemark>
  <Placemark><name></name><styleUrl>#layer</styleUrl><LineString><tessellate>1</tessellate><coordinates>-0.0902932,51.5208091,0 -0.0923457,51.5210224,0 -0.0972699,51.5201223,0</coordinates></LineString></Placemark>
  <Placemark><name></name><styleUrl>#layer</styleUrl><LineString><tessellate>1</tessellate><coordinates>-0.0148443,51.4814158,0 -0.0233529,51.4808222,0 -0.0278129,51.4819316,0 -0.0323989,51.4841311,0 -0.036369,51.4869317,0 -0.0402327,51.4888669,0 -0.0421422,51.490023,0</coordinates></LineString></Placemark>
  <Placemark><name></name><styleUrl>#layer</styleUrl><LineString><tessellate>1</tessellate><coordinates>-0.08521,51.5203395,0 -0.0832728,51.5197862,0 -0.0815796,51.5209725,0 -0.0788623,51.5204603,0</coordinates></LineString></Placemark>
  <Placemark><name></name><styleUrl>#layer</styleUrl><MultiGeometry><LineString><tessellate>1</tessellate><coordinates>-0.0725162,51.5000772,0 -0.0697079,51.498682,0 -0.0685565,51.4983123,0 -0.0666954,51.4980298,0 -0.0649355,51.4980817,0 -0.0554373,51.4991745,0 -0.0549816,51.4990501,0 -0.0549942,51.4987535,0 -0.0555413,51.4987626,0 -0.0556719,51.4990795,0</coordinates></LineString><LineString><tessellate>1</tessellate><coordinates>-0.0738814,51.5005043,0 -0.0759321,51.5014193,0 -0.0784891,51.5029721,0 -0.0820539,51.5042086,0 -0.0841263,51.5050383,0 -0.0849417,51.5053935,0 -0.0856471,51.5056758,0 -0.0859669,51.5057751,0 -0.0869466,51.5059341,0 -0.0880254,51.5060971,0</coordinates></LineString></MultiGeometry></Placemark>
  <Placemark><name></name><styleUrl>#layer</styleUrl><LineString><tessellate>1</tessellate><coordinates>-0.0209965,51.478169,0 -0.0210867,51.4766201,0 -0.0223473,51.476318,0 -0.0227646,51.4762964,0 -0.0233474,51.4755138,0 -0.0236696,51.4750536,0 -0.0239617,51.4746364,0 -0.0227614,51.474452,0 -0.0225589,51.4738841,0 -0.0220751,51.47375,0 -0.0218943,51.4726049,0 -0.0225224,51.4720669,0 -0.0222692,51.471595,0 -0.0206496,51.4700927,0 -0.0193991,51.4693791,0</coordinates></LineString></Placemark>
  <Placemark><name></name><styleUrl>#layer</styleUrl><LineString><tessellate>1</tessellate><coordinates>-0.0319455,51.4759397,0 -0.0322861,51.4773934,0 -0.0366782,51.4767296,0 -0.037017,51.4768882,0 -0.0376504,51.4789043,0 -0.0389328,51.481237,0 -0.0397924,51.4823486,0 -0.0396728,51.4827872,0</coordinates></LineString></Placemark>
  <Placemark><name></name><styleUrl>#layer</styleUrl><LineString><tessellate>1</tessellate><coordinates>-0.0227572,51.4762999,0 -0.0225179,51.4768451,0 -0.0225236,51.4772153,0 -0.0227021,51.4778956,0 -0.0228347,51.4784008,0 -0.0229858,51.4792014,0 -0.0231451,51.4808118,0</coordinates></LineString></Placemark>
  <Placemark><name></name><styleUrl>#layer</styleUrl><LineString><tessellate>1</tessellate><coordinates>-0.015306,51.477651,0 -0.015306,51.477651,0 -0.0157888,51.4774889,0 -0.0163148,51.4773321,0 -0.0168881,51.4772131,0 -0.0172005,51.4771199,0 -0.0174399,51.4773313,0 -0.0175545,51.4776506,0 -0.0176388,51.4779463,0</coordinates></LineString></Placemark>
  <Placemark><name>C54 Cycleways 54</name><styleUrl>#layer</styleUrl><ExtendedData><Data name="Label"><displayName>Label</displayName><value>C54</value></Data><Data name="Route_Name"><displayName>Route_Name</displayName><value>Cycleways 54</value></Data><Data name="Status"><displayName>Status</displayName><value>Open</value></Data><Data name="Programme"><displayName>Programme</displayName><value>Cycleways</value></Data></ExtendedData><LineString><tessellate>1</tessellate><coordinates>0.0081642,51.5153859,0 0.012928,51.5097072,0 0.0146639,51.5076377,0 0.0155093,51.5066297,0 0.015949,51.5061054,0 0.0163447,51.5056673,0 0.017896,51.5048677,0 0.0183892,51.5046135,0 0.0201328,51.5039043,0 0.0224447,51.5031663,0 0.0234774,51.502876,0 0.0238917,51.5027369,0 0.0246405,51.5025541,0 0.0247882,51.5025264,0 0.0260626,51.5023376,0 0.0271142,51.5022208,0 0.0296893,51.5022298,0 0.0331336,51.5025276,0 0.0348356,51.5026244,0 0.0372326,51.5026841,0 0.0383377,51.5027116,0 0.0390606,51.5028102,0 0.0393254,51.5030464,0 0.0394353,51.5033229,0 0.0394968,51.5036155,0 0.0396417,51.5044138,0</coordinates></LineString></Placemark>
  <Placemark><name>C4 Cycleway 4</name><styleUrl>#layer</styleUrl><ExtendedData><Data name="Label"><displayName>Label</displayName><value>C4</value></Data><Data name="Route_Name"><displayName>Route_Name</displayName><value>Cycleway 4</value></Data><Data name="Status"><displayName>Status</displayName><value>Open</value></Data><Data name="Programme"><displayName>Programme</displayName><value>Cycleways</value></Data></ExtendedData><LineString><tessellate>1</tessellate><coordinates>0.0016061,51.4847784,0 0.0024817,51.485366,0 0.0043272,51.4850826,0 0.0055616,51.4853134,0 0.0084408,51.4862623,0 0.0094246,51.4863624,0 0.0148854,51.4860799,0 0.0200882,51.4867997,0 0.0226885,51.486647,0 0.0241085,51.4871621,0 0.0314022,51.4879262,0</coordinates></LineString></Placemark>
  <Placemark><name>C10 Cycleway 10</name><styleUrl>#layer</styleUrl><ExtendedData><Data name="Label"><displayName>Label</displayName><value>C10</value></Data><Data name="Route_Name"><displayName>Route_Name</displayName><value>Cycleway 10</value></Data><Data name="Status"><displayName>Status</displayName><value>Open</value></Data><Data name="Programme"><displayName>Programme</displayName><value>Cycleways</value></Data></ExtendedData><MultiGeometry><LineString><tessellate>1</tessellate><coordinates>-0.0069087,51.4797703,0 -0.0081025,51.4794759,0 -0.0091874,51.4800249,0 -0.0097346,51.4800252,0 -0.0114718,51.4794881,0 -0.0130737,51.4784181,0 -0.0136377,51.4783647,0 -0.0152031,51.4784631,0 -0.0171379,51.4793412,0 -0.0175988,51.4790073,0 -0.0176363,51.4779463,0 -0.0180062,51.4779609,0 -0.0187824,51.4779932,0 -0.0189853,51.4779835,0 -0.0196862,51.4780753,0 -0.0209944,51.4781737,0 -0.0208305,51.4786481,0 -0.0204642,51.4793525,0 -0.0229216,51.4791422,0 -0.0230593,51.4792884,0 -0.0244875,51.4792316,0 -0.0261503,51.4797452,0 -0.026195,51.4800428,0 -0.0269609,51.4799837,0 -0.0279874,51.4802258,0 -0.0281625,51.4808403,0 -0.0307506,51.4806051,0 -0.0311218,51.481016,0 -0.0383524,51.4836824,0 -0.03894,51.4830807,0 -0.0396728,51.4827872,0 -0.0407527,51.483129,0 -0.0422376,51.4844399,0 -0.0426192,51.4842754,0 -0.0494268,51.484398,0 -0.049265,51.4851507,0 -0.0488067,51.4857636,0 -0.0500618,51.4867288,0 -0.0512483,51.4872791,0 -0.0549611,51.488375,0 -0.0549945,51.4882677,0 -0.0586218,51.4886696,0 -0.0595071,51.4885134,0 -0.0609249,51.4887077,0 -0.0625929,51.4884386,0 -0.0640596,51.4884988,0 -0.0647438,51.4883302,0 -0.0662272,51.4883367,0 -0.0667904,51.488449,0 -0.0671005,51.488462,0 -0.0679727,51.4885802,0 -0.0688566,51.4887172,0 -0.0692328,51.4887273,0 -0.0695065,51.4887113,0 -0.0699986,51.4887407,0 -0.0724035,51.4891479,0 -0.0743276,51.4895853,0 -0.0744924,51.4896985,0 -0.0744909,51.4898128,0 -0.0738946,51.4906303,0 -0.0753512,51.4912748,0 -0.0752788,51.491369,0 -0.0759443,51.4917384,0 -0.0767264,51.4921705,0 -0.0783301,51.4930593,0 -0.0804139,51.4945503,0 -0.0813771,51.4949438,0 -0.0821118,51.4954681,0 -0.082872,51.4959782,0 -0.0829624,51.495917,0 -0.0841602,51.4966948,0 -0.0853516,51.497392,0</coordinates></LineString><LineString><tessellate>1</tessellate><coordinates>-0.0853375,51.4973827,0 -0.0856183,51.4973299,0 -0.0858781,51.4973459,0 -0.0860093,51.4974362,0 -0.086178,51.4975291,0 -0.0869303,51.4971064,0 -0.087332,51.4968837,0 -0.0877433,51.4967025,0 -0.0908503,51.4995769,0 -0.0917734,51.4991387,0 -0.0922948,51.4989062,0 -0.0925441,51.4986962,0 -0.0937283,51.4991548,0 -0.0948305,51.4995214,0 -0.0956724,51.4999583,0</coordinates></LineString></MultiGeometry></Placemark>
  <Placemark><name>C35 Cycleway 35</name><styleUrl>#layer</styleUrl><ExtendedData><Data name="Label"><displayName>Label</displayName><value>C35</value></Data><Data name="Route_Name"><displayName>Route_Name</displayName><value>Cycleway 35</value></Data><Data name="Status"><displayName>Status</displayName><value>Open</value></Data><Data name="Programme"><displayName>Programme</displayName><value>Cycleways</value></Data></ExtendedData><LineString><tessellate>1</tessellate><coordinates>-0.0724157,51.4891492,0 -0.0725888,51.4888013,0 -0.0715574,51.4886674,0 -0.0729412,51.4872783,0 -0.0719064,51.4868835,0 -0.0724863,51.4861107,0 -0.0727061,51.4843157,0 -0.0722823,51.4830947,0 -0.072911,51.4828712,0 -0.0740162,51.4829613,0 -0.0740124,51.4792921,0 -0.0719871,51.4743845,0 -0.0702663,51.474554,0</coordinates></LineString></Placemark>
  <Placemark><name>C Cycleway</name><styleUrl>#layer</styleUrl><ExtendedData><Data name="Label"><displayName>Label</displayName><value>C</value></Data><Data name="Route_Name"><displayName>Route_Name</displayName><value>Cycleway</value></Data><Data name="Status"><displayName>Status</displayName><value>Open</value></Data><Data name="Programme"><displayName>Programme</displayName><value>Cycleways</value></Data></ExtendedData><LineString><tessellate>1</tessellate><coordinates>-0.0728994,51.5101105,0 -0.0726981,51.5104399,0 -0.0728784,51.5112882,0 -0.0732569,51.5132459,0 -0.0739414,51.5144442,0</coordinates></LineString></Placemark>
  <Placemark><name>C1 Cycleway 1</name><styleUrl>#layer</styleUrl><ExtendedData><Data name="Label"><displayName>Label</displayName><value>C1</value></Data><Data name="Route_Name"><displayName>Route_Name</displayName><value>Cycleway 1</value></Data><Data name="Status"><displayName>Status</displayName><value>Open</value></Data><Data name="Programme"><displayName>Programme</displayName><value>Cycleways</value></Data></ExtendedData><MultiGeometry><LineString><tessellate>1</tessellate><coordinates>-0.0929859,51.5108798,0 -0.0927815,51.5118364,0 -0.0924799,51.5127212,0 -0.0923406,51.5135846,0 -0.0920876,51.5150822,0 -0.0928245,51.515207,0 -0.0932445,51.5154252,0 -0.094504,51.5157053,0 -0.0938344,51.5170593,0 -0.0935348,51.5176644,0 -0.0930073,51.5185261,0 -0.0911679,51.5181204,0 -0.0901598,51.519521,0 -0.0896624,51.5207269,0</coordinates></LineString><LineString><tessellate>1</tessellate><coordinates>-0.0896624,51.5207269,0 -0.0899206,51.5207581,0</coordinates></LineString><LineString><tessellate>1</tessellate><coordinates>-0.0829645,51.5300963,0 -0.0832056,51.529803,0 -0.0835729,51.5287659,0 -0.0836125,51.5271389,0 -0.0836588,51.5265375,0 -0.0837467,51.5263245,0 -0.083837,51.5261034,0 -0.0839042,51.5259296,0 -0.0837707,51.5258191,0 -0.0845666,51.5219297,0 -0.0850198,51.52075,0 -0.08521,51.5203395,0 -0.0896624,51.5207269,0</coordinates></LineString></MultiGeometry></Placemark>
  <Placemark><name>C14 Cycleway 14</name><styleUrl>#layer</styleUrl><ExtendedData><Data name="Label"><displayName>Label</displayName><value>C14</value></Data><Data name="Route_Name"><displayName>Route_Name</displayName><value>Cycleway 14</value></Data><Data name="Status"><displayName>Status</displayName><value>Open</value></Data><Data name="Programme"><displayName>Programme</displayName><value>Cycleways</value></Data></ExtendedData><LineString><tessellate>1</tessellate><coordinates>-0.0302022,51.4896429,0 -0.0322059,51.4926174,0 -0.0329611,51.4944827,0 -0.0331416,51.4946386,0 -0.0334467,51.4945807,0 -0.0343891,51.4964491,0 -0.0353739,51.4963308,0 -0.0364332,51.4984979,0 -0.0369411,51.4987492,0 -0.0395526,51.4989998,0 -0.0404625,51.4992848,0 -0.0410562,51.4992138,0 -0.0412691,51.4992893,0 -0.0410961,51.4996281,0 -0.0423411,51.5001615,0 -0.0442536,51.4999147,0 -0.0453609,51.5003019,0 -0.0464361,51.4994205,0 -0.0475948,51.4999524,0 -0.0482825,51.4993703,0 -0.0503606,51.5009787,0 -0.0511861,51.5005428,0 -0.0524549,51.5015351,0 -0.0545999,51.5009052,0 -0.0547928,51.5007736,0 -0.0546926,51.5004212,0 -0.0557026,51.5000512,0 -0.0578636,51.4997184,0 -0.0583149,51.5006251,0 -0.0598772,51.5004801,0 -0.0623943,51.5005847,0 -0.0631662,51.5003906,0 -0.0644351,51.5003666,0 -0.065079,51.4997927,0 -0.0686576,51.5010298,0 -0.0690233,51.5005592,0 -0.0705394,51.5004853,0 -0.0725162,51.5000772,0 -0.0738814,51.5005043,0 -0.0748635,51.5004485,0 -0.0773128,51.4997693,0 -0.0785928,51.500168,0 -0.0816935,51.5004437,0 -0.0817166,51.500579,0 -0.0835543,51.5003932,0 -0.0851617,51.5005454,0 -0.0856181,51.5013442,0 -0.0872077,51.501577,0 -0.0872495,51.5022971,0 -0.0883211,51.5021707,0 -0.0916606,51.5032862,0 -0.0949159,51.5040046,0 -0.0987465,51.503716,0</coordinates></LineString></Placemark>
  <Placemark><name>C17 Cycleway 17</name><styleUrl>#layer</styleUrl><ExtendedData><Data name="Label"><displayName>Label</displayName><value>C17</value></Data><Data name="Route_Name"><displayName>Route_Name</displayName><value>Cycleway 17</value></Data><Data name="Status"><displayName>Status</displayName><value>Open</value></Data><Data name="Programme"><displayName>Programme</displayName><value>Cycleways</value></Data></ExtendedData><MultiGeometry><LineString><tessellate>1</tessellate><coordinates>-0.0856937,51.4709941,0 -0.0850534,51.4711545,0 -0.0867623,51.4736735,0 -0.0872475,51.4775664,0 -0.087731,51.4784017,0 -0.0913147,51.4805285,0 -0.0882855,51.4816752,0 -0.0882746,51.4819358,0</coordinates></LineString><LineString><tessellate>1</tessellate><coordinates>-0.0855838,51.4815322,0 -0.0872489,51.482009,0 -0.0882746,51.4819358,0</coordinates></LineString><LineString><tessellate>1</tessellate><coordinates>-0.0882746,51.4819358,0 -0.0885076,51.4832526,0 -0.0879971,51.4834061,0 -0.0913647,51.4889916,0 -0.0939202,51.4923066,0 -0.0933664,51.4924594,0 -0.0938985,51.4928278,0 -0.0941763,51.4941093,0 -0.0955767,51.4943839,0 -0.0945862,51.4956808,0 -0.0906857,51.4980005,0 -0.0925441,51.4986962,0</coordinates></LineString></MultiGeometry></Placemark>
  <Placemark><name>C2 Cycleway 2</name><styleUrl>#layer</styleUrl><ExtendedData><Data name="Label"><displayName>Label</displayName><value>C2</value></Data><Data name="Route_Name"><displayName>Route_Name</displayName><value>Cycleway 2</value></Data><Data name="Status"><displayName>Status</displayName><value>Open</value></Data><Data name="Programme"><displayName>Programme</displayName><value>Cycleways</value></Data></ExtendedData><LineString><tessellate>1</tessellate><coordinates>-0.0739414,51.5144442,0 -0.0705019,51.5156825,0 -0.0669174,51.5172781,0 -0.063793,51.5182157,0 -0.0482446,51.5214739,0 -0.0407082,51.5227512,0 -0.0341274,51.5252581,0 -0.0250762,51.5272016,0 -0.0183081,51.5283466,0 -0.0133588,51.5300975,0</coordinates></LineString></Placemark>
  <Placemark><name>C4 Cycleway 4</name><styleUrl>#layer</styleUrl><ExtendedData><Data name="Label"><displayName>Label</displayName><value>C4</value></Data><Data name="Route_Name"><displayName>Route_Name</displayName><value>Cycleway 4</value></Data><Data name="Status"><displayName>Status</displayName><value>Open</value></Data><Data name="Programme"><displayName>Programme</displayName><value>Cycleways</value></Data></ExtendedData><LineString><tessellate>1</tessellate><coordinates>-0.0421422,51.490023,0 -0.0453759,51.4922174,0 -0.0476405,51.4934962,0 -0.050113,51.4946345,0 -0.0552409,51.4987126,0</coordinates></LineString></Placemark>
  <Placemark><name>C3 Cycleway 3</name><styleUrl>#layer</styleUrl><ExtendedData><Data name="Label"><displayName>Label</displayName><value>C3</value></Data><Data name="Route_Name"><displayName>Route_Name</displayName><value>Cycleway 3</value></Data><Data name="Status"><displayName>Status</displayName><value>Open</value></Data><Data name="Programme"><displayName>Programme</displayName><value>Cycleways</value></Data></ExtendedData><LineString><tessellate>1</tessellate><coordinates>0.081217,51.5278087,0 0.077281,51.5265385,0 0.0748675,51.5254571,0 0.0647021,51.5222281,0 0.0604538,51.5204052,0 0.0577252,51.5196707,0 0.0552024,51.5193462,0 0.0470176,51.5200469,0 0.0438894,51.5200386,0 0.0417128,51.5197168,0 0.0396707,51.5191768,0 0.0361027,51.5177101,0 0.0338847,51.5171011,0 0.0287831,51.516794,0 0.0250269,51.5172457,0 0.0180015,51.5171063,0 0.0161329,51.5168957,0 0.0080818,51.5153973,0 0.0025871,51.5140074,0 0.0013316,51.5129856,0 -0.0001243,51.5126508,0 0.0001349,51.5119898,0 -0.0000649,51.5117054,0 -0.0007477,51.5115822,0 -0.0004701,51.5110108,0 -0.0039586,51.5103328,0 -0.0034768,51.5094882,0 -0.0049886,51.5091902,0 -0.0062302,51.5091394,0 -0.0069316,51.5089175,0 -0.0104831,51.508771,0 -0.017321,51.5089409,0 -0.0212372,51.5093578,0 -0.0236476,51.5089398,0 -0.0242042,51.509066,0 -0.0245074,51.5087204,0 -0.0248705,51.5086546,0 -0.0268559,51.5093985,0 -0.0290806,51.509274,0 -0.0321051,51.5086503,0 -0.0378483,51.5098167,0 -0.0378722,51.5105995,0 -0.0394708,51.5106263,0 -0.0401276,51.5111049,0 -0.0407255,51.5112767,0 -0.0414973,51.5110918,0 -0.0421279,51.5111743,0 -0.0420829,51.5115512,0 -0.0426134,51.511614,0 -0.046756,51.5114672,0 -0.0526782,51.5108193,0 -0.0548274,51.5111158,0 -0.0648588,51.511102,0 -0.069386,51.5107181,0 -0.0714065,51.5103107,0 -0.0739681,51.5100561,0 -0.0763547,51.5095108,0 -0.0778138,51.5094269,0 -0.0798387,51.509595,0 -0.0810662,51.5091925,0 -0.0819932,51.5090818,0 -0.0881159,51.5098203,0 -0.0929859,51.5108798,0 -0.096355,51.5113033,0</coordinates></LineString></Placemark>
  <Placemark><name>CS7 Cycle Superhighway 7</name><styleUrl>#layer</styleUrl><ExtendedData><Data name="Label"><displayName>Label</displayName><value>CS7</value></Data><Data name="Route_Name"><displayName>Route_Name</displayName><value>Cycle Superhighway 7</value></Data><Data name="Status"><displayName>Status</displayName><value>Open</value></Data><Data name="Programme"><displayName>Programme</displayName><value>Cycle Superhighways</value></Data></ExtendedData><LineString><tessellate>1</tessellate><coordinates>-0.0930288,51.5108895,0 -0.0949211,51.5073321,0 -0.0959685,51.5029515,0</coordinates></LineString></Placemark>
  <Placemark><name>C Cycleway</name><styleUrl>#layer</styleUrl><ExtendedData><Data name="Label"><displayName>Label</displayName><value>C</value></Data><Data name="Route_Name"><displayName>Route_Name</displayName><value>Cycleway</value></Data><Data name="Status"><displayName>Status</displayName><value>Open</value></Data><Data name="Programme"><displayName>Programme</displayName><value>Cycleways</value></Data></ExtendedData><LineString><tessellate>1</tessellate><coordinates>0.0293286,51.4665321,0 0.0259102,51.4722477,0</coordinates></LineString></Placemark>
  <Placemark><name>C11 Cycleway 11</name><styleUrl>#layer</styleUrl><ExtendedData><Data name="Label"><displayName>Label</displayName><value>C11</value></Data><Data name="Route_Name"><displayName>Route_Name</displayName><value>Cycleway 11</value></Data><Data name="Status"><displayName>Status</displayName><value>Open</value></Data><Data name="Programme"><displayName>Programme</displayName><value>Cycleways</value></Data></ExtendedData><LineString><tessellate>1</tessellate><coordinates>-0.0929084,51.5320388,0 -0.0905625,51.5247074,0 -0.0897791,51.5231029,0 -0.0899206,51.5207581,0 -0.0902932,51.5208091,0</coordinates></LineString></Placemark>
  <Placemark><name>C33 Cycleway 33</name><styleUrl>#layer</styleUrl><ExtendedData><Data name="Label"><displayName>Label</displayName><value>C33</value></Data><Data name="Route_Name"><displayName>Route_Name</displayName><value>Cycleway 33</value></Data><Data name="Status"><displayName>Status</displayName><value>Open</value></Data><Data name="Programme"><displayName>Programme</displayName><value>Cycleways</value></Data></ExtendedData><MultiGeometry><LineString><tessellate>1</tessellate><coordinates>0.0666507,51.482175,0 0.0665378,51.4819072,0 0.0670435,51.4819432,0 0.0665258,51.4813228,0 0.0656262,51.4805383,0 0.0647432,51.4801222,0 0.0641987,51.4795473,0 0.0634169,51.4791384,0 0.0628512,51.4790494,0 0.0619251,51.4792726,0 0.061569,51.4787213,0 0.0580125,51.4787388,0 0.0544477,51.4782528,0 0.0523597,51.4789009,0</coordinates></LineString><LineString><tessellate>1</tessellate><coordinates>0.0673201,51.488692,0 0.0670409,51.4879325,0 0.0671198,51.485539,0 0.0665319,51.4836879,0 0.066651,51.4824987,0 0.066487,51.4823757,0 0.0665496,51.4821677,0 0.0666955,51.4822101,0</coordinates></LineString></MultiGeometry></Placemark>
  <Placemark><name>C13 Cycleway 13</name><styleUrl>#layer</styleUrl><ExtendedData><Data name="Label"><displayName>Label</displayName><value>C13</value></Data><Data name="Route_Name"><displayName>Route_Name</displayName><value>Cycleway 13</value></Data><Data name="Status"><displayName>Status</displayName><value>Open</value></Data><Data name="Programme"><displayName>Programme</displayName><value>Cycleways</value></Data></ExtendedData><MultiGeometry><LineString><tessellate>1</tessellate><coordinates>-0.0904828,51.5245443,0 -0.0853602,51.5246585,0 -0.0849001,51.5253164,0 -0.0839013,51.5259346,0</coordinates></LineString><LineString><tessellate>1</tessellate><coordinates>-0.08377,51.5258195,0 -0.0831813,51.5260797,0 -0.0814528,51.5260424,0 -0.0780119,51.5262737,0 -0.0779603,51.5264707,0 -0.0766121,51.5263047,0 -0.076517,51.5265099,0 -0.0733189,51.5274735,0 -0.0734299,51.5282577,0 -0.0709844,51.5284692,0 -0.070234,51.5288255,0 -0.0672652,51.5308358,0</coordinates></LineString></MultiGeometry></Placemark>
  <Placemark><name>C22 Cycleway 22</name><styleUrl>#layer</styleUrl><ExtendedData><Data name="Label"><displayName>Label</displayName><value>C22</value></Data><Data name="Route_Name"><displayName>Route_Name</displayName><value>Cycleway 22</value></Data><Data name="Status"><displayName>Status</displayName><value>Open</value></Data><Data name="Programme"><displayName>Programme</displayName><value>Cycleways</value></Data></ExtendedData><LineString><tessellate>1</tessellate><coordinates>0.0593133,51.5200476,0 0.0587264,51.5207773,0 0.0232841,51.5254056,0 0.0201272,51.5263865,0 0.0115564,51.5301403,0 0.0109113,51.5302233,0 0.0055071,51.5299473,0 0.0001289,51.5309205,0</coordinates></LineString></Placemark>
  <Placemark><name>C37 Cycleway 37</name><styleUrl>#layer</styleUrl><ExtendedData><Data name="Label"><displayName>Label</displayName><value>C37</value></Data><Data name="Route_Name"><displayName>Route_Name</displayName><value>Cycleway 37</value></Data><Data name="Status"><displayName>Status</displayName><value>Open</value></Data><Data name="Programme"><displayName>Programme</displayName><value>Cycleways</value></Data></ExtendedData><LineString><tessellate>1</tessellate><coordinates>-0.0335773,51.5216338,0 -0.0347402,51.5250885,0</coordinates></LineString></Placemark>
  <Placemark><name>C14 Cycleway 14</name><styleUrl>#layer</styleUrl><ExtendedData><Data name="Label"><displayName>Label</displayName><value>C14</value></Data><Data name="Route_Name"><displayName>Route_Name</displayName><value>Cycleway 14</value></Data><Data name="Status"><displayName>Status</displayName><value>Open</value></Data><Data name="Programme"><displayName>Programme</displayName><value>Cycleways</value></Data></ExtendedData><LineString><tessellate>1</tessellate><coordinates>-0.0302022,51.4896429,0 -0.0296933,51.4890858,0 -0.0297722,51.4889252,0 -0.0317158,51.4882834,0 -0.0334335,51.4871972,0 -0.0317255,51.4857206,0 -0.0318111,51.4840673,0 -0.0306165,51.4840472,0 -0.0305433,51.4834074,0 -0.0255308,51.483413,0 -0.0251656,51.4848637,0 -0.0244778,51.4847802,0 -0.0243175,51.4844897,0 -0.0227063,51.4841117,0 -0.0219734,51.4844051,0 -0.0192871,51.4835773,0 -0.0192681,51.4833522,0 -0.0188149,51.4831736,0 -0.0187193,51.4827224,0 -0.0178095,51.4827789,0 -0.0177942,51.4831294,0 -0.0175484,51.4831522,0 -0.0150116,51.4828665,0 -0.0122161,51.4829001,0 -0.010829,51.4830025,0 -0.0107049,51.4832072,0 -0.010144,51.4831887,0 -0.009542,51.4833602,0 -0.0093328,51.4830156,0 -0.0084956,51.4832705,0 -0.0069207,51.4838274,0 -0.0057337,51.4842122,0 -0.0045607,51.4845924,0 -0.0035776,51.4834908,0 -0.0007482,51.4842969,0 0.001515,51.484672,0 0.0016061,51.4847784,0 0.0005275,51.4854712,0 0.0023149,51.4868167,0 0.004078,51.4889179,0 0.0059872,51.4887684,0 0.0082509,51.4888196,0 0.0082071,51.4884786,0 0.0105196,51.4883311,0 0.0104482,51.4889978,0 0.0113971,51.489611,0 0.0111919,51.4898573,0 0.0119266,51.4901865,0 0.011777,51.4903869,0 0.0119816,51.4907791,0 0.0148146,51.4926279,0 0.0160317,51.4927869,0 0.0163659,51.4935005,0 0.0163445,51.4943193,0 0.0175412,51.4946674,0 0.01892,51.494248,0 0.019363,51.4948159,0 0.0217087,51.4944337,0 0.0215144,51.4939515,0 0.0244446,51.4934333,0 0.0261712,51.4933855,0 0.028935,51.4936614,0 0.0356411,51.4947861,0 0.037093,51.4947159,0 0.0374384,51.4940624,0 0.0402012,51.4943111,0 0.0448162,51.4940958,0 0.0447808,51.494591,0 0.0468006,51.4946547,0 0.0467464,51.4950513,0 0.0549478,51.4944941,0 0.0595364,51.4943327,0 0.0612016,51.4945192,0 0.061321,51.4942923,0 0.0620018,51.4940555,0 0.0624493,51.4940746,0 0.0623891,51.4943365,0 0.0642628,51.4946722,0 0.0709903,51.4949762,0 0.0708964,51.4951308,0 0.0766371,51.4962253,0 0.0820223,51.4986837,0</coordinates></LineString></Placemark>
  <Placemark><name>C11 Cycleway 11</name><styleUrl>#layer</styleUrl><ExtendedData><Data name="Label"><displayName>Label</displayName><value>C11</value></Data><Data name="Route_Name"><displayName>Route_Name</displayName><value>Cycleway 11</value></Data><Data name="Status"><displayName>Status</displayName><value>Open</value></Data><Data name="Programme"><displayName>Programme</displayName><value>Cycleways</value></Data></ExtendedData><LineString><tessellate>1</tessellate><coordinates>-0.0902932,51.5208091,0 -0.0923457,51.5210224,0 -0.0972699,51.5201223,0</coordinates></LineString></Placemark>
  <Placemark><name>C4 Cycleway 4</name><styleUrl>#layer</styleUrl><ExtendedData><Data name="Label"><displayName>Label</displayName><value>C4</value></Data><Data name="Route_Name"><displayName>Route_Name</displayName><value>Cycleway 4</value></Data><Data name="Status"><displayName>Status</displayName><value>Open</value></Data><Data name="Programme"><displayName>Programme</displayName><value>Cycleways</value></Data></ExtendedData><LineString><tessellate>1</tessellate><coordinates>-0.0148443,51.4814158,0 -0.0233529,51.4808222,0 -0.0278129,51.4819316,0 -0.0323989,51.4841311,0 -0.036369,51.4869317,0 -0.0402327,51.4888669,0 -0.0421422,51.490023,0</coordinates></LineString></Placemark>
  <Placemark><name>C Cycleway</name><styleUrl>#layer</styleUrl><ExtendedData><Data name="Label"><displayName>Label</displayName><value>C</value></Data><Data name="Route_Name"><displayName>Route_Name</displayName><value>Cycleway</value></Data><Data name="Status"><displayName>Status</displayName><value>Open</value></Data><Data name="Programme"><displayName>Programme</displayName><value>Cycleways</value></Data></ExtendedData><LineString><tessellate>1</tessellate><coordinates>-0.08521,51.5203395,0 -0.0832728,51.5197862,0 -0.0815796,51.5209725,0 -0.0788623,51.5204603,0</coordinates></LineString></Placemark>
  <Placemark><name>C4 Cycleway 4</name><styleUrl>#layer</styleUrl><ExtendedData><Data name="Label"><displayName>Label</displayName><value>C4</value></Data><Data name="Route_Name"><displayName>Route_Name</displayName><value>Cycleway 4</value></Data><Data name="Status"><displayName>Status</displayName><value>Open</value></Data><Data name="Programme"><displayName>Programme</displayName><value>Cycleways</value></Data></ExtendedData><MultiGeometry><LineString><tessellate>1</tessellate><coordinates>-0.0725162,51.5000772,0 -0.0697079,51.498682,0 -0.0685565,51.4983123,0 -0.0666954,51.4980298,0 -0.0649355,51.4980817,0 -0.0554373,51.4991745,0 -0.0549816,51.4990501,0 -0.0549942,51.4987535,0 -0.0555413,51.4987626,0 -0.0556719,51.4990795,0</coordinates></LineString><LineString><tessellate>1</tessellate><coordinates>-0.0738814,51.5005043,0 -0.0759321,51.5014193,0 -0.0784891,51.5029721,0 -0.0820539,51.5042086,0 -0.0841263,51.5050383,0 -0.0849417,51.5053935,0 -0.0856471,51.5056758,0 -0.0859669,51.5057751,0 -0.0869466,51.5059341,0 -0.0880254,51.5060971,0</coordinates></LineString></MultiGeometry></Placemark>
  <Placemark><name>C Cycleway</name><styleUrl>#layer</styleUrl><ExtendedData><Data name="Label"><displayName>Label</displayName><value>C</value></Data><Data name="Route_Name"><displayName>Route_Name</displayName><value>Cycleway</value></Data><Data name="Status"><displayName>Status</displayName><value>Open</value></Data><Data name="Programme"><displayName>Programme</displayName><value>Cycleways</value></Data></ExtendedData><LineString><tessellate>1</tessellate><coordinates>-0.0209965,51.478169,0 -0.0210867,51.4766201,0 -0.0223473,51.476318,0 -0.0227646,51.4762964,0 -0.0233474,51.4755138,0 -0.0236696,51.4750536,0 -0.0239617,51.4746364,0 -0.0227614,51.474452,0 -0.0225589,51.4738841,0 -0.0220751,51.47375,0 -0.0218943,51.4726049,0 -0.0225224,51.4720669,0 -0.0222692,51.471595,0 -0.0206496,51.4700927,0 -0.0193991,51.4693791,0</coordinates></LineString></Placemark>
  <Placemark><name>C Cycleway</name><styleUrl>#layer</styleUrl><ExtendedData><Data name="Label"><displayName>Label</displayName><value>C</value></Data><Data name="Route_Name"><displayName>Route_Name</displayName><value>Cycleway</value></Data><Data name="Status"><displayName>Status</displayName><value>Open</value></Data><Data name="Programme"><displayName>Programme</displayName><value>Cycleways</value></Data></ExtendedData><LineString><tessellate>1</tessellate><coordinates>-0.0319455,51.4759397,0 -0.0322861,51.4773934,0 -0.0366782,51.4767296,0 -0.037017,51.4768882,0 -0.0376504,51.4789043,0 -0.0389328,51.481237,0 -0.0397924,51.4823486,0 -0.0396728,51.4827872,0</coordinates></LineString></Placemark>
  <Placemark><name>C18 Cycleway 18</name><styleUrl>#layer</styleUrl><ExtendedData><Data name="Label"><displayName>Label</displayName><value>C18</value></Data><Data name="Route_Name"><displayName>Route_Name</displayName><value>Cycleway 18</value></Data><Data name="Status"><displayName>Status</displayName><value>Open</value></Data><Data name="Programme"><displayName>Programme</displayName><value>Cycleways</value></Data></ExtendedData><LineString><tessellate>1</tessellate><coordinates>-0.0227572,51.4762999,0 -0.0225179,51.4768451,0 -0.0225236,51.4772153,0 -0.0227021,51.4778956,0 -0.0228347,51.4784008,0 -0.0229858,51.4792014,0 -0.0231451,51.4808118,0</coordinates></LineString></Placemark>
  <Placemark><name>C10 Cycleway 10</name><styleUrl>#layer</styleUrl><ExtendedData><Data name="Label"><displayName>Label</displayName><value>C10</value></Data><Data name="Route_Name"><displayName>Route_Name</displayName><value>Cycleway 10</value></Data><Data name="Status"><displayName>Status</displayName><value>Open</value></Data><Data name="Programme"><displayName>Programme</displayName><value>Cycleways</value></Data></ExtendedData><LineString><tessellate>1</tessellate><coordinates>-0.015306,51.477651,0 -0.015306,51.477651,0 -0.0157888,51.4774889,0 -0.0163148,51.4773321,0 -0.0168881,51.4772131,0 -0.0172005,51.4771199,0 -0.0174399,51.4773313,0 -0.0175545,51.4776506,0 -0.0176388,51.4779463,0</coordinates></LineString></Placemark>
  <Placemark><name>C54 Cycleways 54</name><styleUrl>#layer</styleUrl><ExtendedData><Data name="Label"><displayName>Label</displayName><value>C54</value></Data><Data name="Route_Name"><displayName>Route_Name</displayName><value>Cycleways 54</value></Data><Data name="Status"><displayName>Status</displayName><value>Open</value></Data><Data name="Programme"><displayName>Programme</displayName><value>Cycleways</value></Data></ExtendedData><LineString><tessellate>1</tessellate><coordinates>0.0081642,51.5153859,0 0.012928,51.5097072,0 0.0146639,51.5076377,0 0.0155093,51.5066297,0 0.015949,51.5061054,0 0.0163447,51.5056673,0 0.017896,51.5048677,0 0.0183892,51.5046135,0 0.0201328,51.5039043,0 0.0224447,51.5031663,0 0.0234774,51.502876,0 0.0238917,51.5027369,0 0.0246405,51.5025541,0 0.0247882,51.5025264,0 0.0260626,51.5023376,0 0.0271142,51.5022208,0 0.0296893,51.5022298,0 0.0331336,51.5025276,0 0.0348356,51.5026244,0 0.0372326,51.5026841,0 0.0383377,51.5027116,0 0.0390606,51.5028102,0 0.0393254,51.5030464,0 0.0394353,51.5033229,0 0.0394968,51.5036155,0 0.0396417,51.5044138,0</coordinates></LineString></Placemark>
  <Placemark><name>C4 Cycleway 4</name><styleUrl>#layer</styleUrl><ExtendedData><Data name="Label"><displayName>Label</displayName><value>C4</value></Data><Data name="Route_Name"><displayName>Route_Name</displayName><value>Cycleway 4</value></Data><Data name="Status"><displayName>Status</displayName><value>Open</value></Data><Data name="Programme"><displayName>Programme</displayName><value>Cycleways</value></Data></ExtendedData><LineString><tessellate>1</tessellate><coordinates>0.0016061,51.4847784,0 0.0024817,51.485366,0 0.0043272,51.4850826,0 0.0055616,51.4853134,0 0.0084408,51.4862623,0 0.0094246,51.4863624,0 0.0148854,51.4860799,0 0.0200882,51.4867997,0 0.0226885,51.486647,0 0.0241085,51.4871621,0 0.0314022,51.4879262,0</coordinates></LineString></Placemark>
  <Placemark><name>C10 Cycleway 10</name><styleUrl>#layer</styleUrl><ExtendedData><Data name="Label"><displayName>Label</displayName><value>C10</value></Data><Data name="Route_Name"><displayName>Route_Name</displayName><value>Cycleway 10</value></Data><Data name="Status"><displayName>Status</displayName><value>Open</value></Data><Data name="Programme"><displayName>Programme</displayName><value>Cycleways</value></Data></ExtendedData><MultiGeometry><LineString><tessellate>1</tessellate><coordinates>-0.0069087,51.4797703,0 -0.0081025,51.4794759,0 -0.0091874,51.4800249,0 -0.0097346,51.4800252,0 -0.0114718,51.4794881,0 -0.0130737,51.4784181,0 -0.0136377,51.4783647,0 -0.0152031,51.4784631,0 -0.0171379,51.4793412,0 -0.0175988,51.4790073,0 -0.0176363,51.4779463,0 -0.0180062,51.4779609,0 -0.0187824,51.4779932,0 -0.0189853,51.4779835,0 -0.0196862,51.4780753,0 -0.0209944,51.4781737,0 -0.0208305,51.4786481,0 -0.0204642,51.4793525,0 -0.0229216,51.4791422,0 -0.0230593,51.4792884,0 -0.0244875,51.4792316,0 -0.0261503,51.4797452,0 -0.026195,51.4800428,0 -0.0269609,51.4799837,0 -0.0279874,51.4802258,0 -0.0281625,51.4808403,0 -0.0307506,51.4806051,0 -0.0311218,51.481016,0 -0.0383524,51.4836824,0 -0.03894,51.4830807,0 -0.0396728,51.4827872,0 -0.0407527,51.483129,0 -0.0422376,51.4844399,0 -0.0426192,51.4842754,0 -0.0494268,51.484398,0 -0.049265,51.4851507,0 -0.0488067,51.4857636,0 -0.0500618,51.4867288,0 -0.0512483,51.4872791,0 -0.0549611,51.488375,0 -0.0549945,51.4882677,0 -0.0586218,51.4886696,0 -0.0595071,51.4885134,0 -0.0609249,51.4887077,0 -0.0625929,51.4884386,0 -0.0640596,51.4884988,0 -0.0647438,51.4883302,0 -0.0662272,51.4883367,0 -0.0667904,51.488449,0 -0.0671005,51.488462,0 -0.0679727,51.4885802,0 -0.0688566,51.4887172,0 -0.0692328,51.4887273,0 -0.0695065,51.4887113,0 -0.0699986,51.4887407,0 -0.0724035,51.4891479,0 -0.0743276,51.4895853,0 -0.0744924,51.4896985,0 -0.0744909,51.4898128,0 -0.0738946,51.4906303,0 -0.0753512,51.4912748,0 -0.0752788,51.491369,0 -0.0759443,51.4917384,0 -0.0767264,51.4921705,0 -0.0783301,51.4930593,0 -0.0804139,51.4945503,0 -0.0813771,51.4949438,0 -0.0821118,51.4954681,0 -0.082872,51.4959782,0 -0.0829624,51.495917,0 -0.0841602,51.4966948,0 -0.0853516,51.497392,0</coordinates></LineString><LineString><tessellate>1</tessellate><coordinates>-0.0853375,51.4973827,0 -0.0856183,51.4973299,0 -0.0858781,51.4973459,0 -0.0860093,51.4974362,0 -0.086178,51.4975291,0 -0.0869303,51.4971064,0 -0.087332,51.4968837,0 -0.0877433,51.4967025,0 -0.0908503,51.4995769,0 -0.0917734,51.4991387,0 -0.0922948,51.4989062,0 -0.0925441,51.4986962,0 -0.0937283,51.4991548,0 -0.0948305,51.4995214,0 -0.0956724,51.4999583,0</coordinates></LineString></MultiGeometry></Placemark>
  <Placemark><name>C35 Cycleway 35</name><styleUrl>#layer</styleUrl><ExtendedData><Data name="Label"><displayName>Label</displayName><value>C35</value></Data><Data name="Route_Name"><displayName>Route_Name</displayName><value>Cycleway 35</value></Data><Data name="Status"><displayName>Status</displayName><value>Open</value></Data><Data name="Programme"><displayName>Programme</displayName><value>Cycleways</value></Data></ExtendedData><LineString><tessellate>1</tessellate><coordinates>-0.0724157,51.4891492,0 -0.0725888,51.4888013,0 -0.0715574,51.4886674,0 -0.0729412,51.4872783,0 -0.0719064,51.4868835,0 -0.0724863,51.4861107,0 -0.0727061,51.4843157,0 -0.0722823,51.4830947,0 -0.072911,51.4828712,0 -0.0740162,51.4829613,0 -0.0740124,51.4792921,0 -0.0719871,51.4743845,0 -0.0702663,51.474554,0</coordinates></LineString></Placemark>
  <Placemark><name>C Cycleway</name><styleUrl>#layer</styleUrl><ExtendedData><Data name="Label"><displayName>Label</displayName><value>C</value></Data><Data name="Route_Name"><displayName>Route_Name</displayName><value>Cycleway</value></Data><Data name="Status"><displayName>Status</displayName><value>Open</value></Data><Data name="Programme"><displayName>Programme</displayName><value>Cycleways</value></Data></ExtendedData><LineString><tessellate>1</tessellate><coordinates>-0.0728994,51.5101105,0 -0.0726981,51.5104399,0 -0.0728784,51.5112882,0 -0.0732569,51.5132459,0 -0.0739414,51.5144442,0</coordinates></LineString></Placemark>
  <Placemark><name>C1 Cycleway 1</name><styleUrl>#layer</styleUrl><ExtendedData><Data name="Label"><displayName>Label</displayName><value>C1</value></Data><Data name="Route_Name"><displayName>Route_Name</displayName><value>Cycleway 1</value></Data><Data name="Status"><displayName>Status</displayName><value>Open</value></Data><Data name="Programme"><displayName>Programme</displayName><value>Cycleways</value></Data></ExtendedData><MultiGeometry><LineString><tessellate>1</tessellate><coordinates>-0.0929859,51.5108798,0 -0.0927815,51.5118364,0 -0.0924799,51.5127212,0 -0.0923406,51.5135846,0 -0.0920876,51.5150822,0 -0.0928245,51.515207,0 -0.0932445,51.5154252,0 -0.094504,51.5157053,0 -0.0938344,51.5170593,0 -0.0935348,51.5176644,0 -0.0930073,51.5185261,0 -0.0911679,51.5181204,0 -0.0901598,51.519521,0 -0.0896624,51.5207269,0</coordinates></LineString><LineString><tessellate>1</tessellate><coordinates>-0.0896624,51.5207269,0 -0.0899206,51.5207581,0</coordinates></LineString><LineString><tessellate>1</tessellate><coordinates>-0.0829645,51.5300963,0 -0.0832056,51.529803,0 -0.0835729,51.5287659,0 -0.0836125,51.5271389,0 -0.0836588,51.5265375,0 -0.0837467,51.5263245,0 -0.083837,51.5261034,0 -0.0839042,51.5259296,0 -0.0837707,51.5258191,0 -0.0845666,51.5219297,0 -0.0850198,51.52075,0 -0.08521,51.5203395,0 -0.0896624,51.5207269,0</coordinates></LineString></MultiGeometry></Placemark>
  <Placemark><name>C14 Cycleway 14</name><styleUrl>#layer</styleUrl><ExtendedData><Data name="Label"><displayName>Label</displayName><value>C14</value></Data><Data name="Route_Name"><displayName>Route_Name</displayName><value>Cycleway 14</value></Data><Data name="Status"><displayName>Status</displayName><value>Open</value></Data><Data name="Programme"><displayName>Programme</displayName><value>Cycleways</value></Data></ExtendedData><LineString><tessellate>1</tessellate><coordinates>-0.0302022,51.4896429,0 -0.0322059,51.4926174,0 -0.0329611,51.4944827,0 -0.0331416,51.4946386,0 -0.0334467,51.4945807,0 -0.0343891,51.4964491,0 -0.0353739,51.4963308,0 -0.0364332,51.4984979,0 -0.0369411,51.4987492,0 -0.0395526,51.4989998,0 -0.0404625,51.4992848,0 -0.0410562,51.4992138,0 -0.0412691,51.4992893,0 -0.0410961,51.4996281,0 -0.0423411,51.5001615,0 -0.0442536,51.4999147,0 -0.0453609,51.5003019,0 -0.0464361,51.4994205,0 -0.0475948,51.4999524,0 -0.0482825,51.4993703,0 -0.0503606,51.5009787,0 -0.0511861,51.5005428,0 -0.0524549,51.5015351,0 -0.0545999,51.5009052,0 -0.0547928,51.5007736,0 -0.0546926,51.5004212,0 -0.0557026,51.5000512,0 -0.0578636,51.4997184,0 -0.0583149,51.5006251,0 -0.0598772,51.5004801,0 -0.0623943,51.5005847,0 -0.0631662,51.5003906,0 -0.0644351,51.5003666,0 -0.065079,51.4997927,0 -0.0686576,51.5010298,0 -0.0690233,51.5005592,0 -0.0705394,51.5004853,0 -0.0725162,51.5000772,0 -0.0738814,51.5005043,0 -0.0748635,51.5004485,0 -0.0773128,51.4997693,0 -0.0785928,51.500168,0 -0.0816935,51.5004437,0 -0.0817166,51.500579,0 -0.0835543,51.5003932,0 -0.0851617,51.5005454,0 -0.0856181,51.5013442,0 -0.0872077,51.501577,0 -0.0872495,51.5022971,0 -0.0883211,51.5021707,0 -0.0916606,51.5032862,0 -0.0949159,51.5040046,0 -0.0987465,51.503716,0</coordinates></LineString></Placemark>
  <Placemark><name>C17 Cycleway 17</name><styleUrl>#layer</styleUrl><ExtendedData><Data name="Label"><displayName>Label</displayName><value>C17</value></Data><Data name="Route_Name"><displayName>Route_Name</displayName><value>Cycleway 17</value></Data><Data name="Status"><displayName>Status</displayName><value>Open</value></Data><Data name="Programme"><displayName>Programme</displayName><value>Cycleways</value></Data></ExtendedData><MultiGeometry><LineString><tessellate>1</tessellate><coordinates>-0.0856937,51.4709941,0 -0.0850534,51.4711545,0 -0.0867623,51.4736735,0 -0.0872475,51.4775664,0 -0.087731,51.4784017,0 -0.0913147,51.4805285,0 -0.0882855,51.4816752,0 -0.0882746,51.4819358,0</coordinates></LineString><LineString><tessellate>1</tessellate><coordinates>-0.0855838,51.4815322,0 -0.0872489,51.482009,0 -0.0882746,51.4819358,0</coordinates></LineString><LineString><tessellate>1</tessellate><coordinates>-0.0882746,51.4819358,0 -0.0885076,51.4832526,0 -0.0879971,51.4834061,0 -0.0913647,51.4889916,0 -0.0939202,51.4923066,0 -0.0933664,51.4924594,0 -0.0938985,51.4928278,0 -0.0941763,51.4941093,0 -0.0955767,51.4943839,0 -0.0945862,51.4956808,0 -0.0906857,51.4980005,0 -0.0925441,51.4986962,0</coordinates></LineString></MultiGeometry></Placemark>
  <Placemark><name>C2 Cycleway 2</name><styleUrl>#layer</styleUrl><ExtendedData><Data name="Label"><displayName>Label</displayName><value>C2</value></Data><Data name="Route_Name"><displayName>Route_Name</displayName><value>Cycleway 2</value></Data><Data name="Status"><displayName>Status</displayName><value>Open</value></Data><Data name="Programme"><displayName>Programme</displayName><value>Cycleways</value></Data></ExtendedData><LineString><tessellate>1</tessellate><coordinates>-0.0739414,51.5144442,0 -0.0705019,51.5156825,0 -0.0669174,51.5172781,0 -0.063793,51.5182157,0 -0.0482446,51.5214739,0 -0.0407082,51.5227512,0 -0.0341274,51.5252581,0 -0.0250762,51.5272016,0 -0.0183081,51.5283466,0 -0.0133588,51.5300975,0</coordinates></LineString></Placemark>
  <Placemark><name>C4 Cycleway 4</name><styleUrl>#layer</styleUrl><ExtendedData><Data name="Label"><displayName>Label</displayName><value>C4</value></Data><Data name="Route_Name"><displayName>Route_Name</displayName><value>Cycleway 4</value></Data><Data name="Status"><displayName>Status</displayName><value>Open</value></Data><Data name="Programme"><displayName>Programme</displayName><value>Cycleways</value></Data></ExtendedData><LineString><tessellate>1</tessellate><coordinates>-0.0421422,51.490023,0 -0.0453759,51.4922174,0 -0.0476405,51.4934962,0 -0.050113,51.4946345,0 -0.0552409,51.4987126,0</coordinates></LineString></Placemark>
  <Placemark><name>C3 Cycleway 3</name><styleUrl>#layer</styleUrl><ExtendedData><Data name="Label"><displayName>Label</displayName><value>C3</value></Data><Data name="Route_Name"><displayName>Route_Name</displayName><value>Cycleway 3</value></Data><Data name="Status"><displayName>Status</displayName><value>Open</value></Data><Data name="Programme"><displayName>Programme</displayName><value>Cycleways</value></Data></ExtendedData><LineString><tessellate>1</tessellate><coordinates>0.081217,51.5278087,0 0.077281,51.5265385,0 0.0748675,51.5254571,0 0.0647021,51.5222281,0 0.0604538,51.5204052,0 0.0577252,51.5196707,0 0.0552024,51.5193462,0 0.0470176,51.5200469,0 0.0438894,51.5200386,0 0.0417128,51.5197168,0 0.0396707,51.5191768,0 0.0361027,51.5177101,0 0.0338847,51.5171011,0 0.0287831,51.516794,0 0.0250269,51.5172457,0 0.0180015,51.5171063,0 0.0161329,51.5168957,0 0.0080818,51.5153973,0 0.0025871,51.5140074,0 0.0013316,51.5129856,0 -0.0001243,51.5126508,0 0.0001349,51.5119898,0 -0.0000649,51.5117054,0 -0.0007477,51.5115822,0 -0.0004701,51.5110108,0 -0.0039586,51.5103328,0 -0.0034768,51.5094882,0 -0.0049886,51.5091902,0 -0.0062302,51.5091394,0 -0.0069316,51.5089175,0 -0.0104831,51.508771,0 -0.017321,51.5089409,0 -0.0212372,51.5093578,0 -0.0236476,51.5089398,0 -0.0242042,51.509066,0 -0.0245074,51.5087204,0 -0.0248705,51.5086546,0 -0.0268559,51.5093985,0 -0.0290806,51.509274,0 -0.0321051,51.5086503,0 -0.0378483,51.5098167,0 -0.0378722,51.5105995,0 -0.0394708,51.5106263,0 -0.0401276,51.5111049,0 -0.0407255,51.5112767,0 -0.0414973,51.5110918,0 -0.0421279,51.5111743,0 -0.0420829,51.5115512,0 -0.0426134,51.511614,0 -0.046756,51.5114672,0 -0.0526782,51.5108193,0 -0.0548274,51.5111158,0 -0.0648588,51.511102,0 -0.069386,51.5107181,0 -0.0714065,51.5103107,0 -0.0739681,51.5100561,0 -0.0763547,51.5095108,0 -0.0778138,51.5094269,0 -0.0798387,51.509595,0 -0.0810662,51.5091925,0 -0.0819932,51.5090818,0 -0.0881159,51.5098203,0 -0.0929859,51.5108798,0 -0.096355,51.5113033,0</coordinates></LineString></Placemark>
  <Placemark><name>CS7 Cycle Superhighway 7</name><styleUrl>#layer</styleUrl><ExtendedData><Data name="Label"><displayName>Label</displayName><value>CS7</value></Data><Data name="Route_Name"><displayName>Route_Name</displayName><value>Cycle Superhighway 7</value></Data><Data name="Status"><displayName>Status</displayName><value>Open</value></Data><Data name="Programme"><displayName>Programme</displayName><value>Cycle Superhighways</value></Data></ExtendedData><LineString><tessellate>1</tessellate><coordinates>-0.0930288,51.5108895,0 -0.0949211,51.5073321,0 -0.0959685,51.5029515,0</coordinates></LineString></Placemark>
  <Placemark><name>C Cycleway</name><styleUrl>#layer</styleUrl><ExtendedData><Data name="Label"><displayName>Label</displayName><value>C</value></Data><Data name="Route_Name"><displayName>Route_Name</displayName><value>Cycleway</value></Data><Data name="Status"><displayName>Status</displayName><value>Open</value></Data><Data name="Programme"><displayName>Programme</displayName><value>Cycleways</value></Data></ExtendedData><LineString><tessellate>1</tessellate><coordinates>0.0293286,51.4665321,0 0.0259102,51.4722477,0</coordinates></LineString></Placemark>
  <Placemark><name>C11 Cycleway 11</name><styleUrl>#layer</styleUrl><ExtendedData><Data name="Label"><displayName>Label</displayName><value>C11</value></Data><Data name="Route_Name"><displayName>Route_Name</displayName><value>Cycleway 11</value></Data><Data name="Status"><displayName>Status</displayName><value>Open</value></Data><Data name="Programme"><displayName>Programme</displayName><value>Cycleways</value></Data></ExtendedData><LineString><tessellate>1</tessellate><coordinates>-0.0929084,51.5320388,0 -0.0905625,51.5247074,0 -0.0897791,51.5231029,0 -0.0899206,51.5207581,0 -0.0902932,51.5208091,0</coordinates></LineString></Placemark>
  <Placemark><name>C33 Cycleway 33</name><styleUrl>#layer</styleUrl><ExtendedData><Data name="Label"><displayName>Label</displayName><value>C33</value></Data><Data name="Route_Name"><displayName>Route_Name</displayName><value>Cycleway 33</value></Data><Data name="Status"><displayName>Status</displayName><value>Open</value></Data><Data name="Programme"><displayName>Programme</displayName><value>Cycleways</value></Data></ExtendedData><MultiGeometry><LineString><tessellate>1</tessellate><coordinates>0.0666507,51.482175,0 0.0665378,51.4819072,0 0.0670435,51.4819432,0 0.0665258,51.4813228,0 0.0656262,51.4805383,0 0.0647432,51.4801222,0 0.0641987,51.4795473,0 0.0634169,51.4791384,0 0.0628512,51.4790494,0 0.0619251,51.4792726,0 0.061569,51.4787213,0 0.0580125,51.4787388,0 0.0544477,51.4782528,0 0.0523597,51.4789009,0</coordinates></LineString><LineString><tessellate>1</tessellate><coordinates>0.0673201,51.488692,0 0.0670409,51.4879325,0 0.0671198,51.485539,0 0.0665319,51.4836879,0 0.066651,51.4824987,0 0.066487,51.4823757,0 0.0665496,51.4821677,0 0.0666955,51.4822101,0</coordinates></LineString></MultiGeometry></Placemark>
  <Placemark><name>C13 Cycleway 13</name><styleUrl>#layer</styleUrl><ExtendedData><Data name="Label"><displayName>Label</displayName><value>C13</value></Data><Data name="Route_Name"><displayName>Route_Name</displayName><value>Cycleway 13</value></Data><Data name="Status"><displayName>Status</displayName><value>Open</value></Data><Data name="Programme"><displayName>Programme</displayName><value>Cycleways</value></Data></ExtendedData><MultiGeometry><LineString><tessellate>1</tessellate><coordinates>-0.0904828,51.5245443,0 -0.0853602,51.5246585,0 -0.0849001,51.5253164,0 -0.0839013,51.5259346,0</coordinates></LineString><LineString><tessellate>1</tessellate><coordinates>-0.08377,51.5258195,0 -0.0831813,51.5260797,0 -0.0814528,51.5260424,0 -0.0780119,51.5262737,0 -0.0779603,51.5264707,0 -0.0766121,51.5263047,0 -0.076517,51.5265099,0 -0.0733189,51.5274735,0 -0.0734299,51.5282577,0 -0.0709844,51.5284692,0 -0.070234,51.5288255,0 -0.0672652,51.5308358,0</coordinates></LineString></MultiGeometry></Placemark>
  <Placemark><name>C22 Cycleway 22</name><styleUrl>#layer</styleUrl><ExtendedData><Data name="Label"><displayName>Label</displayName><value>C22</value></Data><Data name="Route_Name"><displayName>Route_Name</displayName><value>Cycleway 22</value></Data><Data name="Status"><displayName>Status</displayName><value>Open</value></Data><Data name="Programme"><displayName>Programme</displayName><value>Cycleways</value></Data></ExtendedData><LineString><tessellate>1</tessellate><coordinates>0.0593133,51.5200476,0 0.0587264,51.5207773,0 0.0232841,51.5254056,0 0.0201272,51.5263865,0 0.0115564,51.5301403,0 0.0109113,51.5302233,0 0.0055071,51.5299473,0 0.0001289,51.5309205,0</coordinates></LineString></Placemark>
  <Placemark><name>C37 Cycleway 37</name><styleUrl>#layer</styleUrl><ExtendedData><Data name="Label"><displayName>Label</displayName><value>C37</value></Data><Data name="Route_Name"><displayName>Route_Name</displayName><value>Cycleway 37</value></Data><Data name="Status"><displayName>Status</displayName><value>Open</value></Data><Data name="Programme"><displayName>Programme</displayName><value>Cycleways</value></Data></ExtendedData><LineString><tessellate>1</tessellate><coordinates>-0.0335773,51.5216338,0 -0.0347402,51.5250885,0</coordinates></LineString></Placemark>
  <Placemark><name>C14 Cycleway 14</name><styleUrl>#layer</styleUrl><ExtendedData><Data name="Label"><displayName>Label</displayName><value>C14</value></Data><Data name="Route_Name"><displayName>Route_Name</displayName><value>Cycleway 14</value></Data><Data name="Status"><displayName>Status</displayName><value>Open</value></Data><Data name="Programme"><displayName>Programme</displayName><value>Cycleways</value></Data></ExtendedData><LineString><tessellate>1</tessellate><coordinates>-0.0302022,51.4896429,0 -0.0296933,51.4890858,0 -0.0297722,51.4889252,0 -0.0317158,51.4882834,0 -0.0334335,51.4871972,0 -0.0317255,51.4857206,0 -0.0318111,51.4840673,0 -0.0306165,51.4840472,0 -0.0305433,51.4834074,0 -0.0255308,51.483413,0 -0.0251656,51.4848637,0 -0.0244778,51.4847802,0 -0.0243175,51.4844897,0 -0.0227063,51.4841117,0 -0.0219734,51.4844051,0 -0.0192871,51.4835773,0 -0.0192681,51.4833522,0 -0.0188149,51.4831736,0 -0.0187193,51.4827224,0 -0.0178095,51.4827789,0 -0.0177942,51.4831294,0 -0.0175484,51.4831522,0 -0.0150116,51.4828665,0 -0.0122161,51.4829001,0 -0.010829,51.4830025,0 -0.0107049,51.4832072,0 -0.010144,51.4831887,0 -0.009542,51.4833602,0 -0.0093328,51.4830156,0 -0.0084956,51.4832705,0 -0.0069207,51.4838274,0 -0.0057337,51.4842122,0 -0.0045607,51.4845924,0 -0.0035776,51.4834908,0 -0.0007482,51.4842969,0 0.001515,51.484672,0 0.0016061,51.4847784,0 0.0005275,51.4854712,0 0.0023149,51.4868167,0 0.004078,51.4889179,0 0.0059872,51.4887684,0 0.0082509,51.4888196,0 0.0082071,51.4884786,0 0.0105196,51.4883311,0 0.0104482,51.4889978,0 0.0113971,51.489611,0 0.0111919,51.4898573,0 0.0119266,51.4901865,0 0.011777,51.4903869,0 0.0119816,51.4907791,0 0.0148146,51.4926279,0 0.0160317,51.4927869,0 0.0163659,51.4935005,0 0.0163445,51.4943193,0 0.0175412,51.4946674,0 0.01892,51.494248,0 0.019363,51.4948159,0 0.0217087,51.4944337,0 0.0215144,51.4939515,0 0.0244446,51.4934333,0 0.0261712,51.4933855,0 0.028935,51.4936614,0 0.0356411,51.4947861,0 0.037093,51.4947159,0 0.0374384,51.4940624,0 0.0402012,51.4943111,0 0.0448162,51.4940958,0 0.0447808,51.494591,0 0.0468006,51.4946547,0 0.0467464,51.4950513,0 0.0549478,51.4944941,0 0.0595364,51.4943327,0 0.0612016,51.4945192,0 0.061321,51.4942923,0 0.0620018,51.4940555,0 0.0624493,51.4940746,0 0.0623891,51.4943365,0 0.0642628,51.4946722,0 0.0709903,51.4949762,0 0.0708964,51.4951308,0 0.0766371,51.4962253,0 0.0820223,51.4986837,0</coordinates></LineString></Placemark>
  <Placemark><name>C11 Cycleway 11</name><styleUrl>#layer</styleUrl><ExtendedData><Data name="Label"><displayName>Label</displayName><value>C11</value></Data><Data name="Route_Name"><displayName>Route_Name</displayName><value>Cycleway 11</value></Data><Data name="Status"><displayName>Status</displayName><value>Open</value></Data><Data name="Programme"><displayName>Programme</displayName><value>Cycleways</value></Data></ExtendedData><LineString><tessellate>1</tessellate><coordinates>-0.0902932,51.5208091,0 -0.0923457,51.5210224,0 -0.0972699,51.5201223,0</coordinates></LineString></Placemark>
  <Placemark><name>C4 Cycleway 4</name><styleUrl>#layer</styleUrl><ExtendedData><Data name="Label"><displayName>Label</displayName><value>C4</value></Data><Data name="Route_Name"><displayName>Route_Name</displayName><value>Cycleway 4</value></Data><Data name="Status"><displayName>Status</displayName><value>Open</value></Data><Data name="Programme"><displayName>Programme</displayName><value>Cycleways</value></Data></ExtendedData><LineString><tessellate>1</tessellate><coordinates>-0.0148443,51.4814158,0 -0.0233529,51.4808222,0 -0.0278129,51.4819316,0 -0.0323989,51.4841311,0 -0.036369,51.4869317,0 -0.0402327,51.4888669,0 -0.0421422,51.490023,0</coordinates></LineString></Placemark>
  <Placemark><name>C Cycleway</name><styleUrl>#layer</styleUrl><ExtendedData><Data name="Label"><displayName>Label</displayName><value>C</value></Data><Data name="Route_Name"><displayName>Route_Name</displayName><value>Cycleway</value></Data><Data name="Status"><displayName>Status</displayName><value>Open</value></Data><Data name="Programme"><displayName>Programme</displayName><value>Cycleways</value></Data></ExtendedData><LineString><tessellate>1</tessellate><coordinates>-0.08521,51.5203395,0 -0.0832728,51.5197862,0 -0.0815796,51.5209725,0 -0.0788623,51.5204603,0</coordinates></LineString></Placemark>
  <Placemark><name>C4 Cycleway 4</name><styleUrl>#layer</styleUrl><ExtendedData><Data name="Label"><displayName>Label</displayName><value>C4</value></Data><Data name="Route_Name"><displayName>Route_Name</displayName><value>Cycleway 4</value></Data><Data name="Status"><displayName>Status</displayName><value>Open</value></Data><Data name="Programme"><displayName>Programme</displayName><value>Cycleways</value></Data></ExtendedData><MultiGeometry><LineString><tessellate>1</tessellate><coordinates>-0.0725162,51.5000772,0 -0.0697079,51.498682,0 -0.0685565,51.4983123,0 -0.0666954,51.4980298,0 -0.0649355,51.4980817,0 -0.0554373,51.4991745,0 -0.0549816,51.4990501,0 -0.0549942,51.4987535,0 -0.0555413,51.4987626,0 -0.0556719,51.4990795,0</coordinates></LineString><LineString><tessellate>1</tessellate><coordinates>-0.0738814,51.5005043,0 -0.0759321,51.5014193,0 -0.0784891,51.5029721,0 -0.0820539,51.5042086,0 -0.0841263,51.5050383,0 -0.0849417,51.5053935,0 -0.0856471,51.5056758,0 -0.0859669,51.5057751,0 -0.0869466,51.5059341,0 -0.0880254,51.5060971,0</coordinates></LineString></MultiGeometry></Placemark>
  <Placemark><name>C Cycleway</name><styleUrl>#layer</styleUrl><ExtendedData><Data name="Label"><displayName>Label</displayName><value>C</value></Data><Data name="Route_Name"><displayName>Route_Name</displayName><value>Cycleway</value></Data><Data name="Status"><displayName>Status</displayName><value>Open</value></Data><Data name="Programme"><displayName>Programme</displayName><value>Cycleways</value></Data></ExtendedData><LineString><tessellate>1</tessellate><coordinates>-0.0209965,51.478169,0 -0.0210867,51.4766201,0 -0.0223473,51.476318,0 -0.0227646,51.4762964,0 -0.0233474,51.4755138,0 -0.0236696,51.4750536,0 -0.0239617,51.4746364,0 -0.0227614,51.474452,0 -0.0225589,51.4738841,0 -0.0220751,51.47375,0 -0.0218943,51.4726049,0 -0.0225224,51.4720669,0 -0.0222692,51.471595,0 -0.0206496,51.4700927,0 -0.0193991,51.4693791,0</coordinates></LineString></Placemark>
  <Placemark><name>C Cycleway</name><styleUrl>#layer</styleUrl><ExtendedData><Data name="Label"><displayName>Label</displayName><value>C</value></Data><Data name="Route_Name"><displayName>Route_Name</displayName><value>Cycleway</value></Data><Data name="Status"><displayName>Status</displayName><value>Open</value></Data><Data name="Programme"><displayName>Programme</displayName><value>Cycleways</value></Data></ExtendedData><LineString><tessellate>1</tessellate><coordinates>-0.0319455,51.4759397,0 -0.0322861,51.4773934,0 -0.0366782,51.4767296,0 -0.037017,51.4768882,0 -0.0376504,51.4789043,0 -0.0389328,51.481237,0 -0.0397924,51.4823486,0 -0.0396728,51.4827872,0</coordinates></LineString></Placemark>
  <Placemark><name>C18 Cycleway 18</name><styleUrl>#layer</styleUrl><ExtendedData><Data name="Label"><displayName>Label</displayName><value>C18</value></Data><Data name="Route_Name"><displayName>Route_Name</displayName><value>Cycleway 18</value></Data><Data name="Status"><displayName>Status</displayName><value>Open</value></Data><Data name="Programme"><displayName>Programme</displayName><value>Cycleways</value></Data></ExtendedData><LineString><tessellate>1</tessellate><coordinates>-0.0227572,51.4762999,0 -0.0225179,51.4768451,0 -0.0225236,51.4772153,0 -0.0227021,51.4778956,0 -0.0228347,51.4784008,0 -0.0229858,51.4792014,0 -0.0231451,51.4808118,0</coordinates></LineString></Placemark>
  <Placemark><name>C10 Cycleway 10</name><styleUrl>#layer</styleUrl><ExtendedData><Data name="Label"><displayName>Label</displayName><value>C10</value></Data><Data name="Route_Name"><displayName>Route_Name</displayName><value>Cycleway 10</value></Data><Data name="Status"><displayName>Status</displayName><value>Open</value></Data><Data name="Programme"><displayName>Programme</displayName><value>Cycleways</value></Data></ExtendedData><LineString><tessellate>1</tessellate><coordinates>-0.015306,51.477651,0 -0.015306,51.477651,0 -0.0157888,51.4774889,0 -0.0163148,51.4773321,0 -0.0168881,51.4772131,0 -0.0172005,51.4771199,0 -0.0174399,51.4773313,0 -0.0175545,51.4776506,0 -0.0176388,51.4779463,0</coordinates></LineString></Placemark>
  <Placemark><name>C54 Cycleways 54</name><styleUrl>#layer</styleUrl><ExtendedData><Data name="Label"><displayName>Label</displayName><value>C54</value></Data><Data name="Route_Name"><displayName>Route_Name</displayName><value>Cycleways 54</value></Data><Data name="Status"><displayName>Status</displayName><value>Open</value></Data><Data name="Programme"><displayName>Programme</displayName><value>Cycleways</value></Data></ExtendedData><LineString><tessellate>1</tessellate><coordinates>0.0081642,51.5153859,0 0.012928,51.5097072,0 0.0146639,51.5076377,0 0.0155093,51.5066297,0 0.015949,51.5061054,0 0.0163447,51.5056673,0 0.017896,51.5048677,0 0.0183892,51.5046135,0 0.0201328,51.5039043,0 0.0224447,51.5031663,0 0.0234774,51.502876,0 0.0238917,51.5027369,0 0.0246405,51.5025541,0 0.0247882,51.5025264,0 0.0260626,51.5023376,0 0.0271142,51.5022208,0 0.0296893,51.5022298,0 0.0331336,51.5025276,0 0.0348356,51.5026244,0 0.0372326,51.5026841,0 0.0383377,51.5027116,0 0.0390606,51.5028102,0 0.0393254,51.5030464,0 0.0394353,51.5033229,0 0.0394968,51.5036155,0 0.0396417,51.5044138,0</coordinates></LineString></Placemark>
  <Placemark><name>C4 Cycleway 4</name><styleUrl>#layer</styleUrl><ExtendedData><Data name="Label"><displayName>Label</displayName><value>C4</value></Data><Data name="Route_Name"><displayName>Route_Name</displayName><value>Cycleway 4</value></Data><Data name="Status"><displayName>Status</displayName><value>Open</value></Data><Data name="Programme"><displayName>Programme</displayName><value>Cycleways</value></Data></ExtendedData><LineString><tessellate>1</tessellate><coordinates>0.0016061,51.4847784,0 0.0024817,51.485366,0 0.0043272,51.4850826,0 0.0055616,51.4853134,0 0.0084408,51.4862623,0 0.0094246,51.4863624,0 0.0148854,51.4860799,0 0.0200882,51.4867997,0 0.0226885,51.486647,0 0.0241085,51.4871621,0 0.0314022,51.4879262,0</coordinates></LineString></Placemark>
  <Placemark><name>C10 Cycleway 10</name><styleUrl>#layer</styleUrl><ExtendedData><Data name="Label"><displayName>Label</displayName><value>C10</value></Data><Data name="Route_Name"><displayName>Route_Name</displayName><value>Cycleway 10</value></Data><Data name="Status"><displayName>Status</displayName><value>Open</value></Data><Data name="Programme"><displayName>Programme</displayName><value>Cycleways</value></Data></ExtendedData><MultiGeometry><LineString><tessellate>1</tessellate><coordinates>-0.0069087,51.4797703,0 -0.0081025,51.4794759,0 -0.0091874,51.4800249,0 -0.0097346,51.4800252,0 -0.0114718,51.4794881,0 -0.0130737,51.4784181,0 -0.0136377,51.4783647,0 -0.0152031,51.4784631,0 -0.0171379,51.4793412,0 -0.0175988,51.4790073,0 -0.0176363,51.4779463,0 -0.0180062,51.4779609,0 -0.0187824,51.4779932,0 -0.0189853,51.4779835,0 -0.0196862,51.4780753,0 -0.0209944,51.4781737,0 -0.0208305,51.4786481,0 -0.0204642,51.4793525,0 -0.0229216,51.4791422,0 -0.0230593,51.4792884,0 -0.0244875,51.4792316,0 -0.0261503,51.4797452,0 -0.026195,51.4800428,0 -0.0269609,51.4799837,0 -0.0279874,51.4802258,0 -0.0281625,51.4808403,0 -0.0307506,51.4806051,0 -0.0311218,51.481016,0 -0.0383524,51.4836824,0 -0.03894,51.4830807,0 -0.0396728,51.4827872,0 -0.0407527,51.483129,0 -0.0422376,51.4844399,0 -0.0426192,51.4842754,0 -0.0494268,51.484398,0 -0.049265,51.4851507,0 -0.0488067,51.4857636,0 -0.0500618,51.4867288,0 -0.0512483,51.4872791,0 -0.0549611,51.488375,0 -0.0549945,51.4882677,0 -0.0586218,51.4886696,0 -0.0595071,51.4885134,0 -0.0609249,51.4887077,0 -0.0625929,51.4884386,0 -0.0640596,51.4884988,0 -0.0647438,51.4883302,0 -0.0662272,51.4883367,0 -0.0667904,51.488449,0 -0.0671005,51.488462,0 -0.0679727,51.4885802,0 -0.0688566,51.4887172,0 -0.0692328,51.4887273,0 -0.0695065,51.4887113,0 -0.0699986,51.4887407,0 -0.0724035,51.4891479,0 -0.0743276,51.4895853,0 -0.0744924,51.4896985,0 -0.0744909,51.4898128,0 -0.0738946,51.4906303,0 -0.0753512,51.4912748,0 -0.0752788,51.491369,0 -0.0759443,51.4917384,0 -0.0767264,51.4921705,0 -0.0783301,51.4930593,0 -0.0804139,51.4945503,0 -0.0813771,51.4949438,0 -0.0821118,51.4954681,0 -0.082872,51.4959782,0 -0.0829624,51.495917,0 -0.0841602,51.4966948,0 -0.0853516,51.497392,0</coordinates></LineString><LineString><tessellate>1</tessellate><coordinates>-0.0853375,51.4973827,0 -0.0856183,51.4973299,0 -0.0858781,51.4973459,0 -0.0860093,51.4974362,0 -0.086178,51.4975291,0 -0.0869303,51.4971064,0 -0.087332,51.4968837,0 -0.0877433,51.4967025,0 -0.0908503,51.4995769,0 -0.0917734,51.4991387,0 -0.0922948,51.4989062,0 -0.0925441,51.4986962,0 -0.0937283,51.4991548,0 -0.0948305,51.4995214,0 -0.0956724,51.4999583,0</coordinates></LineString></MultiGeometry></Placemark>
  <Placemark><name>C35 Cycleway 35</name><styleUrl>#layer</styleUrl><ExtendedData><Data name="Label"><displayName>Label</displayName><value>C35</value></Data><Data name="Route_Name"><displayName>Route_Name</displayName><value>Cycleway 35</value></Data><Data name="Status"><displayName>Status</displayName><value>Open</value></Data><Data name="Programme"><displayName>Programme</displayName><value>Cycleways</value></Data></ExtendedData><LineString><tessellate>1</tessellate><coordinates>-0.0724157,51.4891492,0 -0.0725888,51.4888013,0 -0.0715574,51.4886674,0 -0.0729412,51.4872783,0 -0.0719064,51.4868835,0 -0.0724863,51.4861107,0 -0.0727061,51.4843157,0 -0.0722823,51.4830947,0 -0.072911,51.4828712,0 -0.0740162,51.4829613,0 -0.0740124,51.4792921,0 -0.0719871,51.4743845,0 -0.0702663,51.474554,0</coordinates></LineString></Placemark>
  <Placemark><name>C Cycleway</name><styleUrl>#layer</styleUrl><ExtendedData><Data name="Label"><displayName>Label</displayName><value>C</value></Data><Data name="Route_Name"><displayName>Route_Name</displayName><value>Cycleway</value></Data><Data name="Status"><displayName>Status</displayName><value>Open</value></Data><Data name="Programme"><displayName>Programme</displayName><value>Cycleways</value></Data></ExtendedData><LineString><tessellate>1</tessellate><coordinates>-0.0728994,51.5101105,0 -0.0726981,51.5104399,0 -0.0728784,51.5112882,0 -0.0732569,51.5132459,0 -0.0739414,51.5144442,0</coordinates></LineString></Placemark>
  <Placemark><name>C1 Cycleway 1</name><styleUrl>#layer</styleUrl><ExtendedData><Data name="Label"><displayName>Label</displayName><value>C1</value></Data><Data name="Route_Name"><displayName>Route_Name</displayName><value>Cycleway 1</value></Data><Data name="Status"><displayName>Status</displayName><value>Open</value></Data><Data name="Programme"><displayName>Programme</displayName><value>Cycleways</value></Data></ExtendedData><MultiGeometry><LineString><tessellate>1</tessellate><coordinates>-0.0929859,51.5108798,0 -0.0927815,51.5118364,0 -0.0924799,51.5127212,0 -0.0923406,51.5135846,0 -0.0920876,51.5150822,0 -0.0928245,51.515207,0 -0.0932445,51.5154252,0 -0.094504,51.5157053,0 -0.0938344,51.5170593,0 -0.0935348,51.5176644,0 -0.0930073,51.5185261,0 -0.0911679,51.5181204,0 -0.0901598,51.519521,0 -0.0896624,51.5207269,0</coordinates></LineString><LineString><tessellate>1</tessellate><coordinates>-0.0896624,51.5207269,0 -0.0899206,51.5207581,0</coordinates></LineString><LineString><tessellate>1</tessellate><coordinates>-0.0829645,51.5300963,0 -0.0832056,51.529803,0 -0.0835729,51.5287659,0 -0.0836125,51.5271389,0 -0.0836588,51.5265375,0 -0.0837467,51.5263245,0 -0.083837,51.5261034,0 -0.0839042,51.5259296,0 -0.0837707,51.5258191,0 -0.0845666,51.5219297,0 -0.0850198,51.52075,0 -0.08521,51.5203395,0 -0.0896624,51.5207269,0</coordinates></LineString></MultiGeometry></Placemark>
  <Placemark><name>C14 Cycleway 14</name><styleUrl>#layer</styleUrl><ExtendedData><Data name="Label"><displayName>Label</displayName><value>C14</value></Data><Data name="Route_Name"><displayName>Route_Name</displayName><value>Cycleway 14</value></Data><Data name="Status"><displayName>Status</displayName><value>Open</value></Data><Data name="Programme"><displayName>Programme</displayName><value>Cycleways</value></Data></ExtendedData><LineString><tessellate>1</tessellate><coordinates>-0.0302022,51.4896429,0 -0.0322059,51.4926174,0 -0.0329611,51.4944827,0 -0.0331416,51.4946386,0 -0.0334467,51.4945807,0 -0.0343891,51.4964491,0 -0.0353739,51.4963308,0 -0.0364332,51.4984979,0 -0.0369411,51.4987492,0 -0.0395526,51.4989998,0 -0.0404625,51.4992848,0 -0.0410562,51.4992138,0 -0.0412691,51.4992893,0 -0.0410961,51.4996281,0 -0.0423411,51.5001615,0 -0.0442536,51.4999147,0 -0.0453609,51.5003019,0 -0.0464361,51.4994205,0 -0.0475948,51.4999524,0 -0.0482825,51.4993703,0 -0.0503606,51.5009787,0 -0.0511861,51.5005428,0 -0.0524549,51.5015351,0 -0.0545999,51.5009052,0 -0.0547928,51.5007736,0 -0.0546926,51.5004212,0 -0.0557026,51.5000512,0 -0.0578636,51.4997184,0 -0.0583149,51.5006251,0 -0.0598772,51.5004801,0 -0.0623943,51.5005847,0 -0.0631662,51.5003906,0 -0.0644351,51.5003666,0 -0.065079,51.4997927,0 -0.0686576,51.5010298,0 -0.0690233,51.5005592,0 -0.0705394,51.5004853,0 -0.0725162,51.5000772,0 -0.0738814,51.5005043,0 -0.0748635,51.5004485,0 -0.0773128,51.4997693,0 -0.0785928,51.500168,0 -0.0816935,51.5004437,0 -0.0817166,51.500579,0 -0.0835543,51.5003932,0 -0.0851617,51.5005454,0 -0.0856181,51.5013442,0 -0.0872077,51.501577,0 -0.0872495,51.5022971,0 -0.0883211,51.5021707,0 -0.0916606,51.5032862,0 -0.0949159,51.5040046,0 -0.0987465,51.503716,0</coordinates></LineString></Placemark>
  <Placemark><name>C17 Cycleway 17</name><styleUrl>#layer</styleUrl><ExtendedData><Data name="Label"><displayName>Label</displayName><value>C17</value></Data><Data name="Route_Name"><displayName>Route_Name</displayName><value>Cycleway 17</value></Data><Data name="Status"><displayName>Status</displayName><value>Open</value></Data><Data name="Programme"><displayName>Programme</displayName><value>Cycleways</value></Data></ExtendedData><MultiGeometry><LineString><tessellate>1</tessellate><coordinates>-0.0856937,51.4709941,0 -0.0850534,51.4711545,0 -0.0867623,51.4736735,0 -0.0872475,51.4775664,0 -0.087731,51.4784017,0 -0.0913147,51.4805285,0 -0.0882855,51.4816752,0 -0.0882746,51.4819358,0</coordinates></LineString><LineString><tessellate>1</tessellate><coordinates>-0.0855838,51.4815322,0 -0.0872489,51.482009,0 -0.0882746,51.4819358,0</coordinates></LineString><LineString><tessellate>1</tessellate><coordinates>-0.0882746,51.4819358,0 -0.0885076,51.4832526,0 -0.0879971,51.4834061,0 -0.0913647,51.4889916,0 -0.0939202,51.4923066,0 -0.0933664,51.4924594,0 -0.0938985,51.4928278,0 -0.0941763,51.4941093,0 -0.0955767,51.4943839,0 -0.0945862,51.4956808,0 -0.0906857,51.4980005,0 -0.0925441,51.4986962,0</coordinates></LineString></MultiGeometry></Placemark>
  <Placemark><name>C2 Cycleway 2</name><styleUrl>#layer</styleUrl><ExtendedData><Data name="Label"><displayName>Label</displayName><value>C2</value></Data><Data name="Route_Name"><displayName>Route_Name</displayName><value>Cycleway 2</value></Data><Data name="Status"><displayName>Status</displayName><value>Open</value></Data><Data name="Programme"><displayName>Programme</displayName><value>Cycleways</value></Data></ExtendedData><LineString><tessellate>1</tessellate><coordinates>-0.0739414,51.5144442,0 -0.0705019,51.5156825,0 -0.0669174,51.5172781,0 -0.063793,51.5182157,0 -0.0482446,51.5214739,0 -0.0407082,51.5227512,0 -0.0341274,51.5252581,0 -0.0250762,51.5272016,0 -0.0183081,51.5283466,0 -0.0133588,51.5300975,0</coordinates></LineString></Placemark>
  <Placemark><name>C4 Cycleway 4</name><styleUrl>#layer</styleUrl><ExtendedData><Data name="Label"><displayName>Label</displayName><value>C4</value></Data><Data name="Route_Name"><displayName>Route_Name</displayName><value>Cycleway 4</value></Data><Data name="Status"><displayName>Status</displayName><value>Open</value></Data><Data name="Programme"><displayName>Programme</displayName><value>Cycleways</value></Data></ExtendedData><LineString><tessellate>1</tessellate><coordinates>-0.0421422,51.490023,0 -0.0453759,51.4922174,0 -0.0476405,51.4934962,0 -0.050113,51.4946345,0 -0.0552409,51.4987126,0</coordinates></LineString></Placemark>
  <Placemark><name>C3 Cycleway 3</name><styleUrl>#layer</styleUrl><ExtendedData><Data name="Label"><displayName>Label</displayName><value>C3</value></Data><Data name="Route_Name"><displayName>Route_Name</displayName><value>Cycleway 3</value></Data><Data name="Status"><displayName>Status</displayName><value>Open</value></Data><Data name="Programme"><displayName>Programme</displayName><value>Cycleways</value></Data></ExtendedData><LineString><tessellate>1</tessellate><coordinates>0.081217,51.5278087,0 0.077281,51.5265385,0 0.0748675,51.5254571,0 0.0647021,51.5222281,0 0.0604538,51.5204052,0 0.0577252,51.5196707,0 0.0552024,51.5193462,0 0.0470176,51.5200469,0 0.0438894,51.5200386,0 0.0417128,51.5197168,0 0.0396707,51.5191768,0 0.0361027,51.5177101,0 0.0338847,51.5171011,0 0.0287831,51.516794,0 0.0250269,51.5172457,0 0.0180015,51.5171063,0 0.0161329,51.5168957,0 0.0080818,51.5153973,0 0.0025871,51.5140074,0 0.0013316,51.5129856,0 -0.0001243,51.5126508,0 0.0001349,51.5119898,0 -0.0000649,51.5117054,0 -0.0007477,51.5115822,0 -0.0004701,51.5110108,0 -0.0039586,51.5103328,0 -0.0034768,51.5094882,0 -0.0049886,51.5091902,0 -0.0062302,51.5091394,0 -0.0069316,51.5089175,0 -0.0104831,51.508771,0 -0.017321,51.5089409,0 -0.0212372,51.5093578,0 -0.0236476,51.5089398,0 -0.0242042,51.509066,0 -0.0245074,51.5087204,0 -0.0248705,51.5086546,0 -0.0268559,51.5093985,0 -0.0290806,51.509274,0 -0.0321051,51.5086503,0 -0.0378483,51.5098167,0 -0.0378722,51.5105995,0 -0.0394708,51.5106263,0 -0.0401276,51.5111049,0 -0.0407255,51.5112767,0 -0.0414973,51.5110918,0 -0.0421279,51.5111743,0 -0.0420829,51.5115512,0 -0.0426134,51.511614,0 -0.046756,51.5114672,0 -0.0526782,51.5108193,0 -0.0548274,51.5111158,0 -0.0648588,51.511102,0 -0.069386,51.5107181,0 -0.0714065,51.5103107,0 -0.0739681,51.5100561,0 -0.0763547,51.5095108,0 -0.0778138,51.5094269,0 -0.0798387,51.509595,0 -0.0810662,51.5091925,0 -0.0819932,51.5090818,0 -0.0881159,51.5098203,0 -0.0929859,51.5108798,0 -0.096355,51.5113033,0</coordinates></LineString></Placemark>
  <Placemark><name>CS7 Cycle Superhighway 7</name><styleUrl>#layer</styleUrl><ExtendedData><Data name="Label"><displayName>Label</displayName><value>CS7</value></Data><Data name="Route_Name"><displayName>Route_Name</displayName><value>Cycle Superhighway 7</value></Data><Data name="Status"><displayName>Status</displayName><value>Open</value></Data><Data name="Programme"><displayName>Programme</displayName><value>Cycle Superhighways</value></Data></ExtendedData><LineString><tessellate>1</tessellate><coordinates>-0.0930288,51.5108895,0 -0.0949211,51.5073321,0 -0.0959685,51.5029515,0</coordinates></LineString></Placemark>
  <Placemark><name>C Cycleway</name><styleUrl>#layer</styleUrl><ExtendedData><Data name="Label"><displayName>Label</displayName><value>C</value></Data><Data name="Route_Name"><displayName>Route_Name</displayName><value>Cycleway</value></Data><Data name="Status"><displayName>Status</displayName><value>Open</value></Data><Data name="Programme"><displayName>Programme</displayName><value>Cycleways</value></Data></ExtendedData><LineString><tessellate>1</tessellate><coordinates>0.0293286,51.4665321,0 0.0259102,51.4722477,0</coordinates></LineString></Placemark>
  <Placemark><name>C11 Cycleway 11</name><styleUrl>#layer</styleUrl><ExtendedData><Data name="Label"><displayName>Label</displayName><value>C11</value></Data><Data name="Route_Name"><displayName>Route_Name</displayName><value>Cycleway 11</value></Data><Data name="Status"><displayName>Status</displayName><value>Open</value></Data><Data name="Programme"><displayName>Programme</displayName><value>Cycleways</value></Data></ExtendedData><LineString><tessellate>1</tessellate><coordinates>-0.0929084,51.5320388,0 -0.0905625,51.5247074,0 -0.0897791,51.5231029,0 -0.0899206,51.5207581,0 -0.0902932,51.5208091,0</coordinates></LineString></Placemark>
  <Placemark><name>C33 Cycleway 33</name><styleUrl>#layer</styleUrl><ExtendedData><Data name="Label"><displayName>Label</displayName><value>C33</value></Data><Data name="Route_Name"><displayName>Route_Name</displayName><value>Cycleway 33</value></Data><Data name="Status"><displayName>Status</displayName><value>Open</value></Data><Data name="Programme"><displayName>Programme</displayName><value>Cycleways</value></Data></ExtendedData><MultiGeometry><LineString><tessellate>1</tessellate><coordinates>0.0666507,51.482175,0 0.0665378,51.4819072,0 0.0670435,51.4819432,0 0.0665258,51.4813228,0 0.0656262,51.4805383,0 0.0647432,51.4801222,0 0.0641987,51.4795473,0 0.0634169,51.4791384,0 0.0628512,51.4790494,0 0.0619251,51.4792726,0 0.061569,51.4787213,0 0.0580125,51.4787388,0 0.0544477,51.4782528,0 0.0523597,51.4789009,0</coordinates></LineString><LineString><tessellate>1</tessellate><coordinates>0.0673201,51.488692,0 0.0670409,51.4879325,0 0.0671198,51.485539,0 0.0665319,51.4836879,0 0.066651,51.4824987,0 0.066487,51.4823757,0 0.0665496,51.4821677,0 0.0666955,51.4822101,0</coordinates></LineString></MultiGeometry></Placemark>
  <Placemark><name>C13 Cycleway 13</name><styleUrl>#layer</styleUrl><ExtendedData><Data name="Label"><displayName>Label</displayName><value>C13</value></Data><Data name="Route_Name"><displayName>Route_Name</displayName><value>Cycleway 13</value></Data><Data name="Status"><displayName>Status</displayName><value>Open</value></Data><Data name="Programme"><displayName>Programme</displayName><value>Cycleways</value></Data></ExtendedData><MultiGeometry><LineString><tessellate>1</tessellate><coordinates>-0.0904828,51.5245443,0 -0.0853602,51.5246585,0 -0.0849001,51.5253164,0 -0.0839013,51.5259346,0</coordinates></LineString><LineString><tessellate>1</tessellate><coordinates>-0.08377,51.5258195,0 -0.0831813,51.5260797,0 -0.0814528,51.5260424,0 -0.0780119,51.5262737,0 -0.0779603,51.5264707,0 -0.0766121,51.5263047,0 -0.076517,51.5265099,0 -0.0733189,51.5274735,0 -0.0734299,51.5282577,0 -0.0709844,51.5284692,0 -0.070234,51.5288255,0 -0.0672652,51.5308358,0</coordinates></LineString></MultiGeometry></Placemark>
  <Placemark><name>C22 Cycleway 22</name><styleUrl>#layer</styleUrl><ExtendedData><Data name="Label"><displayName>Label</displayName><value>C22</value></Data><Data name="Route_Name"><displayName>Route_Name</displayName><value>Cycleway 22</value></Data><Data name="Status"><displayName>Status</displayName><value>Open</value></Data><Data name="Programme"><displayName>Programme</displayName><value>Cycleways</value></Data></ExtendedData><LineString><tessellate>1</tessellate><coordinates>0.0593133,51.5200476,0 0.0587264,51.5207773,0 0.0232841,51.5254056,0 0.0201272,51.5263865,0 0.0115564,51.5301403,0 0.0109113,51.5302233,0 0.0055071,51.5299473,0 0.0001289,51.5309205,0</coordinates></LineString></Placemark>
  <Placemark><name>C37 Cycleway 37</name><styleUrl>#layer</styleUrl><ExtendedData><Data name="Label"><displayName>Label</displayName><value>C37</value></Data><Data name="Route_Name"><displayName>Route_Name</displayName><value>Cycleway 37</value></Data><Data name="Status"><displayName>Status</displayName><value>Open</value></Data><Data name="Programme"><displayName>Programme</displayName><value>Cycleways</value></Data></ExtendedData><LineString><tessellate>1</tessellate><coordinates>-0.0335773,51.5216338,0 -0.0347402,51.5250885,0</coordinates></LineString></Placemark>
  <Placemark><name>C14 Cycleway 14</name><styleUrl>#layer</styleUrl><ExtendedData><Data name="Label"><displayName>Label</displayName><value>C14</value></Data><Data name="Route_Name"><displayName>Route_Name</displayName><value>Cycleway 14</value></Data><Data name="Status"><displayName>Status</displayName><value>Open</value></Data><Data name="Programme"><displayName>Programme</displayName><value>Cycleways</value></Data></ExtendedData><LineString><tessellate>1</tessellate><coordinates>-0.0302022,51.4896429,0 -0.0296933,51.4890858,0 -0.0297722,51.4889252,0 -0.0317158,51.4882834,0 -0.0334335,51.4871972,0 -0.0317255,51.4857206,0 -0.0318111,51.4840673,0 -0.0306165,51.4840472,0 -0.0305433,51.4834074,0 -0.0255308,51.483413,0 -0.0251656,51.4848637,0 -0.0244778,51.4847802,0 -0.0243175,51.4844897,0 -0.0227063,51.4841117,0 -0.0219734,51.4844051,0 -0.0192871,51.4835773,0 -0.0192681,51.4833522,0 -0.0188149,51.4831736,0 -0.0187193,51.4827224,0 -0.0178095,51.4827789,0 -0.0177942,51.4831294,0 -0.0175484,51.4831522,0 -0.0150116,51.4828665,0 -0.0122161,51.4829001,0 -0.010829,51.4830025,0 -0.0107049,51.4832072,0 -0.010144,51.4831887,0 -0.009542,51.4833602,0 -0.0093328,51.4830156,0 -0.0084956,51.4832705,0 -0.0069207,51.4838274,0 -0.0057337,51.4842122,0 -0.0045607,51.4845924,0 -0.0035776,51.4834908,0 -0.0007482,51.4842969,0 0.001515,51.484672,0 0.0016061,51.4847784,0 0.0005275,51.4854712,0 0.0023149,51.4868167,0 0.004078,51.4889179,0 0.0059872,51.4887684,0 0.0082509,51.4888196,0 0.0082071,51.4884786,0 0.0105196,51.4883311,0 0.0104482,51.4889978,0 0.0113971,51.489611,0 0.0111919,51.4898573,0 0.0119266,51.4901865,0 0.011777,51.4903869,0 0.0119816,51.4907791,0 0.0148146,51.4926279,0 0.0160317,51.4927869,0 0.0163659,51.4935005,0 0.0163445,51.4943193,0 0.0175412,51.4946674,0 0.01892,51.494248,0 0.019363,51.4948159,0 0.0217087,51.4944337,0 0.0215144,51.4939515,0 0.0244446,51.4934333,0 0.0261712,51.4933855,0 0.028935,51.4936614,0 0.0356411,51.4947861,0 0.037093,51.4947159,0 0.0374384,51.4940624,0 0.0402012,51.4943111,0 0.0448162,51.4940958,0 0.0447808,51.494591,0 0.0468006,51.4946547,0 0.0467464,51.4950513,0 0.0549478,51.4944941,0 0.0595364,51.4943327,0 0.0612016,51.4945192,0 0.061321,51.4942923,0 0.0620018,51.4940555,0 0.0624493,51.4940746,0 0.0623891,51.4943365,0 0.0642628,51.4946722,0 0.0709903,51.4949762,0 0.0708964,51.4951308,0 0.0766371,51.4962253,0 0.0820223,51.4986837,0</coordinates></LineString></Placemark>
  <Placemark><name>C11 Cycleway 11</name><styleUrl>#layer</styleUrl><ExtendedData><Data name="Label"><displayName>Label</displayName><value>C11</value></Data><Data name="Route_Name"><displayName>Route_Name</displayName><value>Cycleway 11</value></Data><Data name="Status"><displayName>Status</displayName><value>Open</value></Data><Data name="Programme"><displayName>Programme</displayName><value>Cycleways</value></Data></ExtendedData><LineString><tessellate>1</tessellate><coordinates>-0.0902932,51.5208091,0 -0.0923457,51.5210224,0 -0.0972699,51.5201223,0</coordinates></LineString></Placemark>
  <Placemark><name>C4 Cycleway 4</name><styleUrl>#layer</styleUrl><ExtendedData><Data name="Label"><displayName>Label</displayName><value>C4</value></Data><Data name="Route_Name"><displayName>Route_Name</displayName><value>Cycleway 4</value></Data><Data name="Status"><displayName>Status</displayName><value>Open</value></Data><Data name="Programme"><displayName>Programme</displayName><value>Cycleways</value></Data></ExtendedData><LineString><tessellate>1</tessellate><coordinates>-0.0148443,51.4814158,0 -0.0233529,51.4808222,0 -0.0278129,51.4819316,0 -0.0323989,51.4841311,0 -0.036369,51.4869317,0 -0.0402327,51.4888669,0 -0.0421422,51.490023,0</coordinates></LineString></Placemark>
  <Placemark><name>C Cycleway</name><styleUrl>#layer</styleUrl><ExtendedData><Data name="Label"><displayName>Label</displayName><value>C</value></Data><Data name="Route_Name"><displayName>Route_Name</displayName><value>Cycleway</value></Data><Data name="Status"><displayName>Status</displayName><value>Open</value></Data><Data name="Programme"><displayName>Programme</displayName><value>Cycleways</value></Data></ExtendedData><LineString><tessellate>1</tessellate><coordinates>-0.08521,51.5203395,0 -0.0832728,51.5197862,0 -0.0815796,51.5209725,0 -0.0788623,51.5204603,0</coordinates></LineString></Placemark>
  <Placemark><name>C4 Cycleway 4</name><styleUrl>#layer</styleUrl><ExtendedData><Data name="Label"><displayName>Label</displayName><value>C4</value></Data><Data name="Route_Name"><displayName>Route_Name</displayName><value>Cycleway 4</value></Data><Data name="Status"><displayName>Status</displayName><value>Open</value></Data><Data name="Programme"><displayName>Programme</displayName><value>Cycleways</value></Data></ExtendedData><MultiGeometry><LineString><tessellate>1</tessellate><coordinates>-0.0725162,51.5000772,0 -0.0697079,51.498682,0 -0.0685565,51.4983123,0 -0.0666954,51.4980298,0 -0.0649355,51.4980817,0 -0.0554373,51.4991745,0 -0.0549816,51.4990501,0 -0.0549942,51.4987535,0 -0.0555413,51.4987626,0 -0.0556719,51.4990795,0</coordinates></LineString><LineString><tessellate>1</tessellate><coordinates>-0.0738814,51.5005043,0 -0.0759321,51.5014193,0 -0.0784891,51.5029721,0 -0.0820539,51.5042086,0 -0.0841263,51.5050383,0 -0.0849417,51.5053935,0 -0.0856471,51.5056758,0 -0.0859669,51.5057751,0 -0.0869466,51.5059341,0 -0.0880254,51.5060971,0</coordinates></LineString></MultiGeometry></Placemark>
  <Placemark><name>C Cycleway</name><styleUrl>#layer</styleUrl><ExtendedData><Data name="Label"><displayName>Label</displayName><value>C</value></Data><Data name="Route_Name"><displayName>Route_Name</displayName><value>Cycleway</value></Data><Data name="Status"><displayName>Status</displayName><value>Open</value></Data><Data name="Programme"><displayName>Programme</displayName><value>Cycleways</value></Data></ExtendedData><LineString><tessellate>1</tessellate><coordinates>-0.0209965,51.478169,0 -0.0210867,51.4766201,0 -0.0223473,51.476318,0 -0.0227646,51.4762964,0 -0.0233474,51.4755138,0 -0.0236696,51.4750536,0 -0.0239617,51.4746364,0 -0.0227614,51.474452,0 -0.0225589,51.4738841,0 -0.0220751,51.47375,0 -0.0218943,51.4726049,0 -0.0225224,51.4720669,0 -0.0222692,51.471595,0 -0.0206496,51.4700927,0 -0.0193991,51.4693791,0</coordinates></LineString></Placemark>
  <Placemark><name>C Cycleway</name><styleUrl>#layer</styleUrl><ExtendedData><Data name="Label"><displayName>Label</displayName><value>C</value></Data><Data name="Route_Name"><displayName>Route_Name</displayName><value>Cycleway</value></Data><Data name="Status"><displayName>Status</displayName><value>Open</value></Data><Data name="Programme"><displayName>Programme</displayName><value>Cycleways</value></Data></ExtendedData><LineString><tessellate>1</tessellate><coordinates>-0.0319455,51.4759397,0 -0.0322861,51.4773934,0 -0.0366782,51.4767296,0 -0.037017,51.4768882,0 -0.0376504,51.4789043,0 -0.0389328,51.481237,0 -0.0397924,51.4823486,0 -0.0396728,51.4827872,0</coordinates></LineString></Placemark>
  <Placemark><name>C18 Cycleway 18</name><styleUrl>#layer</styleUrl><ExtendedData><Data name="Label"><displayName>Label</displayName><value>C18</value></Data><Data name="Route_Name"><displayName>Route_Name</displayName><value>Cycleway 18</value></Data><Data name="Status"><displayName>Status</displayName><value>Open</value></Data><Data name="Programme"><displayName>Programme</displayName><value>Cycleways</value></Data></ExtendedData><LineString><tessellate>1</tessellate><coordinates>-0.0227572,51.4762999,0 -0.0225179,51.4768451,0 -0.0225236,51.4772153,0 -0.0227021,51.4778956,0 -0.0228347,51.4784008,0 -0.0229858,51.4792014,0 -0.0231451,51.4808118,0</coordinates></LineString></Placemark>
  <Placemark><name>C10 Cycleway 10</name><styleUrl>#layer</styleUrl><ExtendedData><Data name="Label"><displayName>Label</displayName><value>C10</value></Data><Data name="Route_Name"><displayName>Route_Name</displayName><value>Cycleway 10</value></Data><Data name="Status"><displayName>Status</displayName><value>Open</value></Data><Data name="Programme"><displayName>Programme</displayName><value>Cycleways</value></Data></ExtendedData><LineString><tessellate>1</tessellate><coordinates>-0.015306,51.477651,0 -0.015306,51.477651,0 -0.0157888,51.4774889,0 -0.0163148,51.4773321,0 -0.0168881,51.4772131,0 -0.0172005,51.4771199,0 -0.0174399,51.4773313,0 -0.0175545,51.4776506,0 -0.0176388,51.4779463,0</coordinates></LineString></Placemark>
  <Placemark><name>C54 Cycleways 54</name><styleUrl>#layer</styleUrl><ExtendedData><Data name="Label"><displayName>Label</displayName><value>C54</value></Data><Data name="Route_Name"><displayName>Route_Name</displayName><value>Cycleways 54</value></Data><Data name="Status"><displayName>Status</displayName><value>Open</value></Data><Data name="Programme"><displayName>Programme</displayName><value>Cycleways</value></Data></ExtendedData><LineString><tessellate>1</tessellate><coordinates>0.0081642,51.5153859,0 0.012928,51.5097072,0 0.0146639,51.5076377,0 0.0155093,51.5066297,0 0.015949,51.5061054,0 0.0163447,51.5056673,0 0.017896,51.5048677,0 0.0183892,51.5046135,0 0.0201328,51.5039043,0 0.0224447,51.5031663,0 0.0234774,51.502876,0 0.0238917,51.5027369,0 0.0246405,51.5025541,0 0.0247882,51.5025264,0 0.0260626,51.5023376,0 0.0271142,51.5022208,0 0.0296893,51.5022298,0 0.0331336,51.5025276,0 0.0348356,51.5026244,0 0.0372326,51.5026841,0 0.0383377,51.5027116,0 0.0390606,51.5028102,0 0.0393254,51.5030464,0 0.0394353,51.5033229,0 0.0394968,51.5036155,0 0.0396417,51.5044138,0</coordinates></LineString></Placemark>
  <Placemark><name>C4 Cycleway 4</name><styleUrl>#layer</styleUrl><ExtendedData><Data name="Label"><displayName>Label</displayName><value>C4</value></Data><Data name="Route_Name"><displayName>Route_Name</displayName><value>Cycleway 4</value></Data><Data name="Status"><displayName>Status</displayName><value>Open</value></Data><Data name="Programme"><displayName>Programme</displayName><value>Cycleways</value></Data></ExtendedData><LineString><tessellate>1</tessellate><coordinates>0.0016061,51.4847784,0 0.0024817,51.485366,0 0.0043272,51.4850826,0 0.0055616,51.4853134,0 0.0084408,51.4862623,0 0.0094246,51.4863624,0 0.0148854,51.4860799,0 0.0200882,51.4867997,0 0.0226885,51.486647,0 0.0241085,51.4871621,0 0.0314022,51.4879262,0</coordinates></LineString></Placemark>
  <Placemark><name>C10 Cycleway 10</name><styleUrl>#layer</styleUrl><ExtendedData><Data name="Label"><displayName>Label</displayName><value>C10</value></Data><Data name="Route_Name"><displayName>Route_Name</displayName><value>Cycleway 10</value></Data><Data name="Status"><displayName>Status</displayName><value>Open</value></Data><Data name="Programme"><displayName>Programme</displayName><value>Cycleways</value></Data></ExtendedData><MultiGeometry><LineString><tessellate>1</tessellate><coordinates>-0.0069087,51.4797703,0 -0.0081025,51.4794759,0 -0.0091874,51.4800249,0 -0.0097346,51.4800252,0 -0.0114718,51.4794881,0 -0.0130737,51.4784181,0 -0.0136377,51.4783647,0 -0.0152031,51.4784631,0 -0.0171379,51.4793412,0 -0.0175988,51.4790073,0 -0.0176363,51.4779463,0 -0.0180062,51.4779609,0 -0.0187824,51.4779932,0 -0.0189853,51.4779835,0 -0.0196862,51.4780753,0 -0.0209944,51.4781737,0 -0.0208305,51.4786481,0 -0.0204642,51.4793525,0 -0.0229216,51.4791422,0 -0.0230593,51.4792884,0 -0.0244875,51.4792316,0 -0.0261503,51.4797452,0 -0.026195,51.4800428,0 -0.0269609,51.4799837,0 -0.0279874,51.4802258,0 -0.0281625,51.4808403,0 -0.0307506,51.4806051,0 -0.0311218,51.481016,0 -0.0383524,51.4836824,0 -0.03894,51.4830807,0 -0.0396728,51.4827872,0 -0.0407527,51.483129,0 -0.0422376,51.4844399,0 -0.0426192,51.4842754,0 -0.0494268,51.484398,0 -0.049265,51.4851507,0 -0.0488067,51.4857636,0 -0.0500618,51.4867288,0 -0.0512483,51.4872791,0 -0.0549611,51.488375,0 -0.0549945,51.4882677,0 -0.0586218,51.4886696,0 -0.0595071,51.4885134,0 -0.0609249,51.4887077,0 -0.0625929,51.4884386,0 -0.0640596,51.4884988,0 -0.0647438,51.4883302,0 -0.0662272,51.4883367,0 -0.0667904,51.488449,0 -0.0671005,51.488462,0 -0.0679727,51.4885802,0 -0.0688566,51.4887172,0 -0.0692328,51.4887273,0 -0.0695065,51.4887113,0 -0.0699986,51.4887407,0 -0.0724035,51.4891479,0 -0.0743276,51.4895853,0 -0.0744924,51.4896985,0 -0.0744909,51.4898128,0 -0.0738946,51.4906303,0 -0.0753512,51.4912748,0 -0.0752788,51.491369,0 -0.0759443,51.4917384,0 -0.0767264,51.4921705,0 -0.0783301,51.4930593,0 -0.0804139,51.4945503,0 -0.0813771,51.4949438,0 -0.0821118,51.4954681,0 -0.082872,51.4959782,0 -0.0829624,51.495917,0 -0.0841602,51.4966948,0 -0.0853516,51.497392,0</coordinates></LineString><LineString><tessellate>1</tessellate><coordinates>-0.0853375,51.4973827,0 -0.0856183,51.4973299,0 -0.0858781,51.4973459,0 -0.0860093,51.4974362,0 -0.086178,51.4975291,0 -0.0869303,51.4971064,0 -0.087332,51.4968837,0 -0.0877433,51.4967025,0 -0.0908503,51.4995769,0 -0.0917734,51.4991387,0 -0.0922948,51.4989062,0 -0.0925441,51.4986962,0 -0.0937283,51.4991548,0 -0.0948305,51.4995214,0 -0.0956724,51.4999583,0</coordinates></LineString></MultiGeometry></Placemark>
  <Placemark><name>C35 Cycleway 35</name><styleUrl>#layer</styleUrl><ExtendedData><Data name="Label"><displayName>Label</displayName><value>C35</value></Data><Data name="Route_Name"><displayName>Route_Name</displayName><value>Cycleway 35</value></Data><Data name="Status"><displayName>Status</displayName><value>Open</value></Data><Data name="Programme"><displayName>Programme</displayName><value>Cycleways</value></Data></ExtendedData><LineString><tessellate>1</tessellate><coordinates>-0.0724157,51.4891492,0 -0.0725888,51.4888013,0 -0.0715574,51.4886674,0 -0.0729412,51.4872783,0 -0.0719064,51.4868835,0 -0.0724863,51.4861107,0 -0.0727061,51.4843157,0 -0.0722823,51.4830947,0 -0.072911,51.4828712,0 -0.0740162,51.4829613,0 -0.0740124,51.4792921,0 -0.0719871,51.4743845,0 -0.0702663,51.474554,0</coordinates></LineString></Placemark>
  <Placemark><name>C Cycleway</name><styleUrl>#layer</styleUrl><ExtendedData><Data name="Label"><displayName>Label</displayName><value>C</value></Data><Data name="Route_Name"><displayName>Route_Name</displayName><value>Cycleway</value></Data><Data name="Status"><displayName>Status</displayName><value>Open</value></Data><Data name="Programme"><displayName>Programme</displayName><value>Cycleways</value></Data></ExtendedData><LineString><tessellate>1</tessellate><coordinates>-0.0728994,51.5101105,0 -0.0726981,51.5104399,0 -0.0728784,51.5112882,0 -0.0732569,51.5132459,0 -0.0739414,51.5144442,0</coordinates></LineString></Placemark>
  <Placemark><name>C1 Cycleway 1</name><styleUrl>#layer</styleUrl><ExtendedData><Data name="Label"><displayName>Label</displayName><value>C1</value></Data><Data name="Route_Name"><displayName>Route_Name</displayName><value>Cycleway 1</value></Data><Data name="Status"><displayName>Status</displayName><value>Open</value></Data><Data name="Programme"><displayName>Programme</displayName><value>Cycleways</value></Data></ExtendedData><MultiGeometry><LineString><tessellate>1</tessellate><coordinates>-0.0929859,51.5108798,0 -0.0927815,51.5118364,0 -0.0924799,51.5127212,0 -0.0923406,51.5135846,0 -0.0920876,51.5150822,0 -0.0928245,51.515207,0 -0.0932445,51.5154252,0 -0.094504,51.5157053,0 -0.0938344,51.5170593,0 -0.0935348,51.5176644,0 -0.0930073,51.5185261,0 -0.0911679,51.5181204,0 -0.0901598,51.519521,0 -0.0896624,51.5207269,0</coordinates></LineString><LineString><tessellate>1</tessellate><coordinates>-0.0896624,51.5207269,0 -0.0899206,51.5207581,0</coordinates></LineString><LineString><tessellate>1</tessellate><coordinates>-0.0829645,51.5300963,0 -0.0832056,51.529803,0 -0.0835729,51.5287659,0 -0.0836125,51.5271389,0 -0.0836588,51.5265375,0 -0.0837467,51.5263245,0 -0.083837,51.5261034,0 -0.0839042,51.5259296,0 -0.0837707,51.5258191,0 -0.0845666,51.5219297,0 -0.0850198,51.52075,0 -0.08521,51.5203395,0 -0.0896624,51.5207269,0</coordinates></LineString></MultiGeometry></Placemark>
  <Placemark><name>C14 Cycleway 14</name><styleUrl>#layer</styleUrl><ExtendedData><Data name="Label"><displayName>Label</displayName><value>C14</value></Data><Data name="Route_Name"><displayName>Route_Name</displayName><value>Cycleway 14</value></Data><Data name="Status"><displayName>Status</displayName><value>Open</value></Data><Data name="Programme"><displayName>Programme</displayName><value>Cycleways</value></Data></ExtendedData><LineString><tessellate>1</tessellate><coordinates>-0.0302022,51.4896429,0 -0.0322059,51.4926174,0 -0.0329611,51.4944827,0 -0.0331416,51.4946386,0 -0.0334467,51.4945807,0 -0.0343891,51.4964491,0 -0.0353739,51.4963308,0 -0.0364332,51.4984979,0 -0.0369411,51.4987492,0 -0.0395526,51.4989998,0 -0.0404625,51.4992848,0 -0.0410562,51.4992138,0 -0.0412691,51.4992893,0 -0.0410961,51.4996281,0 -0.0423411,51.5001615,0 -0.0442536,51.4999147,0 -0.0453609,51.5003019,0 -0.0464361,51.4994205,0 -0.0475948,51.4999524,0 -0.0482825,51.4993703,0 -0.0503606,51.5009787,0 -0.0511861,51.5005428,0 -0.0524549,51.5015351,0 -0.0545999,51.5009052,0 -0.0547928,51.5007736,0 -0.0546926,51.5004212,0 -0.0557026,51.5000512,0 -0.0578636,51.4997184,0 -0.0583149,51.5006251,0 -0.0598772,51.5004801,0 -0.0623943,51.5005847,0 -0.0631662,51.5003906,0 -0.0644351,51.5003666,0 -0.065079,51.4997927,0 -0.0686576,51.5010298,0 -0.0690233,51.5005592,0 -0.0705394,51.5004853,0 -0.0725162,51.5000772,0 -0.0738814,51.5005043,0 -0.0748635,51.5004485,0 -0.0773128,51.4997693,0 -0.0785928,51.500168,0 -0.0816935,51.5004437,0 -0.0817166,51.500579,0 -0.0835543,51.5003932,0 -0.0851617,51.5005454,0 -0.0856181,51.5013442,0 -0.0872077,51.501577,0 -0.0872495,51.5022971,0 -0.0883211,51.5021707,0 -0.0916606,51.5032862,0 -0.0949159,51.5040046,0 -0.0987465,51.503716,0</coordinates></LineString></Placemark>
  <Placemark><name>C17 Cycleway 17</name><styleUrl>#layer</styleUrl><ExtendedData><Data name="Label"><displayName>Label</displayName><value>C17</value></Data><Data name="Route_Name"><displayName>Route_Name</displayName><value>Cycleway 17</value></Data><Data name="Status"><displayName>Status</displayName><value>Open</value></Data><Data name="Programme"><displayName>Programme</displayName><value>Cycleways</value></Data></ExtendedData><MultiGeometry><LineString><tessellate>1</tessellate><coordinates>-0.0856937,51.4709941,0 -0.0850534,51.4711545,0 -0.0867623,51.4736735,0 -0.0872475,51.4775664,0 -0.087731,51.4784017,0 -0.0913147,51.4805285,0 -0.0882855,51.4816752,0 -0.0882746,51.4819358,0</coordinates></LineString><LineString><tessellate>1</tessellate><coordinates>-0.0855838,51.4815322,0 -0.0872489,51.482009,0 -0.0882746,51.4819358,0</coordinates></LineString><LineString><tessellate>1</tessellate><coordinates>-0.0882746,51.4819358,0 -0.0885076,51.4832526,0 -0.0879971,51.4834061,0 -0.0913647,51.4889916,0 -0.0939202,51.4923066,0 -0.0933664,51.4924594,0 -0.0938985,51.4928278,0 -0.0941763,51.4941093,0 -0.0955767,51.4943839,0 -0.0945862,51.4956808,0 -0.0906857,51.4980005,0 -0.0925441,51.4986962,0</coordinates></LineString></MultiGeometry></Placemark>
  <Placemark><name>C2 Cycleway 2</name><styleUrl>#layer</styleUrl><ExtendedData><Data name="Label"><displayName>Label</displayName><value>C2</value></Data><Data name="Route_Name"><displayName>Route_Name</displayName><value>Cycleway 2</value></Data><Data name="Status"><displayName>Status</displayName><value>Open</value></Data><Data name="Programme"><displayName>Programme</displayName><value>Cycleways</value></Data></ExtendedData><LineString><tessellate>1</tessellate><coordinates>-0.0739414,51.5144442,0 -0.0705019,51.5156825,0 -0.0669174,51.5172781,0 -0.063793,51.5182157,0 -0.0482446,51.5214739,0 -0.0407082,51.5227512,0 -0.0341274,51.5252581,0 -0.0250762,51.5272016,0 -0.0183081,51.5283466,0 -0.0133588,51.5300975,0</coordinates></LineString></Placemark>
  <Placemark><name>C4 Cycleway 4</name><styleUrl>#layer</styleUrl><ExtendedData><Data name="Label"><displayName>Label</displayName><value>C4</value></Data><Data name="Route_Name"><displayName>Route_Name</displayName><value>Cycleway 4</value></Data><Data name="Status"><displayName>Status</displayName><value>Open</value></Data><Data name="Programme"><displayName>Programme</displayName><value>Cycleways</value></Data></ExtendedData><LineString><tessellate>1</tessellate><coordinates>-0.0421422,51.490023,0 -0.0453759,51.4922174,0 -0.0476405,51.4934962,0 -0.050113,51.4946345,0 -0.0552409,51.4987126,0</coordinates></LineString></Placemark>
  <Placemark><name>C3 Cycleway 3</name><styleUrl>#layer</styleUrl><ExtendedData><Data name="Label"><displayName>Label</displayName><value>C3</value></Data><Data name="Route_Name"><displayName>Route_Name</displayName><value>Cycleway 3</value></Data><Data name="Status"><displayName>Status</displayName><value>Open</value></Data><Data name="Programme"><displayName>Programme</displayName><value>Cycleways</value></Data></ExtendedData><LineString><tessellate>1</tessellate><coordinates>0.081217,51.5278087,0 0.077281,51.5265385,0 0.0748675,51.5254571,0 0.0647021,51.5222281,0 0.0604538,51.5204052,0 0.0577252,51.5196707,0 0.0552024,51.5193462,0 0.0470176,51.5200469,0 0.0438894,51.5200386,0 0.0417128,51.5197168,0 0.0396707,51.5191768,0 0.0361027,51.5177101,0 0.0338847,51.5171011,0 0.0287831,51.516794,0 0.0250269,51.5172457,0 0.0180015,51.5171063,0 0.0161329,51.5168957,0 0.0080818,51.5153973,0 0.0025871,51.5140074,0 0.0013316,51.5129856,0 -0.0001243,51.5126508,0 0.0001349,51.5119898,0 -0.0000649,51.5117054,0 -0.0007477,51.5115822,0 -0.0004701,51.5110108,0 -0.0039586,51.5103328,0 -0.0034768,51.5094882,0 -0.0049886,51.5091902,0 -0.0062302,51.5091394,0 -0.0069316,51.5089175,0 -0.0104831,51.508771,0 -0.017321,51.5089409,0 -0.0212372,51.5093578,0 -0.0236476,51.5089398,0 -0.0242042,51.509066,0 -0.0245074,51.5087204,0 -0.0248705,51.5086546,0 -0.0268559,51.5093985,0 -0.0290806,51.509274,0 -0.0321051,51.5086503,0 -0.0378483,51.5098167,0 -0.0378722,51.5105995,0 -0.0394708,51.5106263,0 -0.0401276,51.5111049,0 -0.0407255,51.5112767,0 -0.0414973,51.5110918,0 -0.0421279,51.5111743,0 -0.0420829,51.5115512,0 -0.0426134,51.511614,0 -0.046756,51.5114672,0 -0.0526782,51.5108193,0 -0.0548274,51.5111158,0 -0.0648588,51.511102,0 -0.069386,51.5107181,0 -0.0714065,51.5103107,0 -0.0739681,51.5100561,0 -0.0763547,51.5095108,0 -0.0778138,51.5094269,0 -0.0798387,51.509595,0 -0.0810662,51.5091925,0 -0.0819932,51.5090818,0 -0.0881159,51.5098203,0 -0.0929859,51.5108798,0 -0.096355,51.5113033,0</coordinates></LineString></Placemark>
  <Placemark><name>CS7 Cycle Superhighway 7</name><styleUrl>#layer</styleUrl><ExtendedData><Data name="Label"><displayName>Label</displayName><value>CS7</value></Data><Data name="Route_Name"><displayName>Route_Name</displayName><value>Cycle Superhighway 7</value></Data><Data name="Status"><displayName>Status</displayName><value>Open</value></Data><Data name="Programme"><displayName>Programme</displayName><value>Cycle Superhighways</value></Data></ExtendedData><LineString><tessellate>1</tessellate><coordinates>-0.0930288,51.5108895,0 -0.0949211,51.5073321,0 -0.0959685,51.5029515,0</coordinates></LineString></Placemark>
  <Placemark><name>C Cycleway</name><styleUrl>#layer</styleUrl><ExtendedData><Data name="Label"><displayName>Label</displayName><value>C</value></Data><Data name="Route_Name"><displayName>Route_Name</displayName><value>Cycleway</value></Data><Data name="Status"><displayName>Status</displayName><value>Open</value></Data><Data name="Programme"><displayName>Programme</displayName><value>Cycleways</value></Data></ExtendedData><LineString><tessellate>1</tessellate><coordinates>0.0293286,51.4665321,0 0.0259102,51.4722477,0</coordinates></LineString></Placemark>
  <Placemark><name>C11 Cycleway 11</name><styleUrl>#layer</styleUrl><ExtendedData><Data name="Label"><displayName>Label</displayName><value>C11</value></Data><Data name="Route_Name"><displayName>Route_Name</displayName><value>Cycleway 11</value></Data><Data name="Status"><displayName>Status</displayName><value>Open</value></Data><Data name="Programme"><displayName>Programme</displayName><value>Cycleways</value></Data></ExtendedData><LineString><tessellate>1</tessellate><coordinates>-0.0929084,51.5320388,0 -0.0905625,51.5247074,0 -0.0897791,51.5231029,0 -0.0899206,51.5207581,0 -0.0902932,51.5208091,0</coordinates></LineString></Placemark>
  <Placemark><name>C33 Cycleway 33</name><styleUrl>#layer</styleUrl><ExtendedData><Data name="Label"><displayName>Label</displayName><value>C33</value></Data><Data name="Route_Name"><displayName>Route_Name</displayName><value>Cycleway 33</value></Data><Data name="Status"><displayName>Status</displayName><value>Open</value></Data><Data name="Programme"><displayName>Programme</displayName><value>Cycleways</value></Data></ExtendedData><MultiGeometry><LineString><tessellate>1</tessellate><coordinates>0.0666507,51.482175,0 0.0665378,51.4819072,0 0.0670435,51.4819432,0 0.0665258,51.4813228,0 0.0656262,51.4805383,0 0.0647432,51.4801222,0 0.0641987,51.4795473,0 0.0634169,51.4791384,0 0.0628512,51.4790494,0 0.0619251,51.4792726,0 0.061569,51.4787213,0 0.0580125,51.4787388,0 0.0544477,51.4782528,0 0.0523597,51.4789009,0</coordinates></LineString><LineString><tessellate>1</tessellate><coordinates>0.0673201,51.488692,0 0.0670409,51.4879325,0 0.0671198,51.485539,0 0.0665319,51.4836879,0 0.066651,51.4824987,0 0.066487,51.4823757,0 0.0665496,51.4821677,0 0.0666955,51.4822101,0</coordinates></LineString></MultiGeometry></Placemark>
  <Placemark><name>C13 Cycleway 13</name><styleUrl>#layer</styleUrl><ExtendedData><Data name="Label"><displayName>Label</displayName><value>C13</value></Data><Data name="Route_Name"><displayName>Route_Name</displayName><value>Cycleway 13</value></Data><Data name="Status"><displayName>Status</displayName><value>Open</value></Data><Data name="Programme"><displayName>Programme</displayName><value>Cycleways</value></Data></ExtendedData><MultiGeometry><LineString><tessellate>1</tessellate><coordinates>-0.0904828,51.5245443,0 -0.0853602,51.5246585,0 -0.0849001,51.5253164,0 -0.0839013,51.5259346,0</coordinates></LineString><LineString><tessellate>1</tessellate><coordinates>-0.08377,51.5258195,0 -0.0831813,51.5260797,0 -0.0814528,51.5260424,0 -0.0780119,51.5262737,0 -0.0779603,51.5264707,0 -0.0766121,51.5263047,0 -0.076517,51.5265099,0 -0.0733189,51.5274735,0 -0.0734299,51.5282577,0 -0.0709844,51.5284692,0 -0.070234,51.5288255,0 -0.0672652,51.5308358,0</coordinates></LineString></MultiGeometry></Placemark>
  <Placemark><name>C22 Cycleway 22</name><styleUrl>#layer</styleUrl><ExtendedData><Data name="Label"><displayName>Label</displayName><value>C22</value></Data><Data name="Route_Name"><displayName>Route_Name</displayName><value>Cycleway 22</value></Data><Data name="Status"><displayName>Status</displayName><value>Open</value></Data><Data name="Programme"><displayName>Programme</displayName><value>Cycleways</value></Data></ExtendedData><LineString><tessellate>1</tessellate><coordinates>0.0593133,51.5200476,0 0.0587264,51.5207773,0 0.0232841,51.5254056,0 0.0201272,51.5263865,0 0.0115564,51.5301403,0 0.0109113,51.5302233,0 0.0055071,51.5299473,0 0.0001289,51.5309205,0</coordinates></LineString></Placemark>
  <Placemark><name>C37 Cycleway 37</name><styleUrl>#layer</styleUrl><ExtendedData><Data name="Label"><displayName>Label</displayName><value>C37</value></Data><Data name="Route_Name"><displayName>Route_Name</displayName><value>Cycleway 37</value></Data><Data name="Status"><displayName>Status</displayName><value>Open</value></Data><Data name="Programme"><displayName>Programme</displayName><value>Cycleways</value></Data></ExtendedData><LineString><tessellate>1</tessellate><coordinates>-0.0335773,51.5216338,0 -0.0347402,51.5250885,0</coordinates></LineString></Placemark>
  <Placemark><name>C14 Cycleway 14</name><styleUrl>#layer</styleUrl><ExtendedData><Data name="Label"><displayName>Label</displayName><value>C14</value></Data><Data name="Route_Name"><displayName>Route_Name</displayName><value>Cycleway 14</value></Data><Data name="Status"><displayName>Status</displayName><value>Open</value></Data><Data name="Programme"><displayName>Programme</displayName><value>Cycleways</value></Data></ExtendedData><LineString><tessellate>1</tessellate><coordinates>-0.0302022,51.4896429,0 -0.0296933,51.4890858,0 -0.0297722,51.4889252,0 -0.0317158,51.4882834,0 -0.0334335,51.4871972,0 -0.0317255,51.4857206,0 -0.0318111,51.4840673,0 -0.0306165,51.4840472,0 -0.0305433,51.4834074,0 -0.0255308,51.483413,0 -0.0251656,51.4848637,0 -0.0244778,51.4847802,0 -0.0243175,51.4844897,0 -0.0227063,51.4841117,0 -0.0219734,51.4844051,0 -0.0192871,51.4835773,0 -0.0192681,51.4833522,0 -0.0188149,51.4831736,0 -0.0187193,51.4827224,0 -0.0178095,51.4827789,0 -0.0177942,51.4831294,0 -0.0175484,51.4831522,0 -0.0150116,51.4828665,0 -0.0122161,51.4829001,0 -0.010829,51.4830025,0 -0.0107049,51.4832072,0 -0.010144,51.4831887,0 -0.009542,51.4833602,0 -0.0093328,51.4830156,0 -0.0084956,51.4832705,0 -0.0069207,51.4838274,0 -0.0057337,51.4842122,0 -0.0045607,51.4845924,0 -0.0035776,51.4834908,0 -0.0007482,51.4842969,0 0.001515,51.484672,0 0.0016061,51.4847784,0 0.0005275,51.4854712,0 0.0023149,51.4868167,0 0.004078,51.4889179,0 0.0059872,51.4887684,0 0.0082509,51.4888196,0 0.0082071,51.4884786,0 0.0105196,51.4883311,0 0.0104482,51.4889978,0 0.0113971,51.489611,0 0.0111919,51.4898573,0 0.0119266,51.4901865,0 0.011777,51.4903869,0 0.0119816,51.4907791,0 0.0148146,51.4926279,0 0.0160317,51.4927869,0 0.0163659,51.4935005,0 0.0163445,51.4943193,0 0.0175412,51.4946674,0 0.01892,51.494248,0 0.019363,51.4948159,0 0.0217087,51.4944337,0 0.0215144,51.4939515,0 0.0244446,51.4934333,0 0.0261712,51.4933855,0 0.028935,51.4936614,0 0.0356411,51.4947861,0 0.037093,51.4947159,0 0.0374384,51.4940624,0 0.0402012,51.4943111,0 0.0448162,51.4940958,0 0.0447808,51.494591,0 0.0468006,51.4946547,0 0.0467464,51.4950513,0 0.0549478,51.4944941,0 0.0595364,51.4943327,0 0.0612016,51.4945192,0 0.061321,51.4942923,0 0.0620018,51.4940555,0 0.0624493,51.4940746,0 0.0623891,51.4943365,0 0.0642628,51.4946722,0 0.0709903,51.4949762,0 0.0708964,51.4951308,0 0.0766371,51.4962253,0 0.0820223,51.4986837,0</coordinates></LineString></Placemark>
  <Placemark><name>C11 Cycleway 11</name><styleUrl>#layer</styleUrl><ExtendedData><Data name="Label"><displayName>Label</displayName><value>C11</value></Data><Data name="Route_Name"><displayName>Route_Name</displayName><value>Cycleway 11</value></Data><Data name="Status"><displayName>Status</displayName><value>Open</value></Data><Data name="Programme"><displayName>Programme</displayName><value>Cycleways</value></Data></ExtendedData><LineString><tessellate>1</tessellate><coordinates>-0.0902932,51.5208091,0 -0.0923457,51.5210224,0 -0.0972699,51.5201223,0</coordinates></LineString></Placemark>
  <Placemark><name>C4 Cycleway 4</name><styleUrl>#layer</styleUrl><ExtendedData><Data name="Label"><displayName>Label</displayName><value>C4</value></Data><Data name="Route_Name"><displayName>Route_Name</displayName><value>Cycleway 4</value></Data><Data name="Status"><displayName>Status</displayName><value>Open</value></Data><Data name="Programme"><displayName>Programme</displayName><value>Cycleways</value></Data></ExtendedData><LineString><tessellate>1</tessellate><coordinates>-0.0148443,51.4814158,0 -0.0233529,51.4808222,0 -0.0278129,51.4819316,0 -0.0323989,51.4841311,0 -0.036369,51.4869317,0 -0.0402327,51.4888669,0 -0.0421422,51.490023,0</coordinates></LineString></Placemark>
  <Placemark><name>C Cycleway</name><styleUrl>#layer</styleUrl><ExtendedData><Data name="Label"><displayName>Label</displayName><value>C</value></Data><Data name="Route_Name"><displayName>Route_Name</displayName><value>Cycleway</value></Data><Data name="Status"><displayName>Status</displayName><value>Open</value></Data><Data name="Programme"><displayName>Programme</displayName><value>Cycleways</value></Data></ExtendedData><LineString><tessellate>1</tessellate><coordinates>-0.08521,51.5203395,0 -0.0832728,51.5197862,0 -0.0815796,51.5209725,0 -0.0788623,51.5204603,0</coordinates></LineString></Placemark>
  <Placemark><name>C4 Cycleway 4</name><styleUrl>#layer</styleUrl><ExtendedData><Data name="Label"><displayName>Label</displayName><value>C4</value></Data><Data name="Route_Name"><displayName>Route_Name</displayName><value>Cycleway 4</value></Data><Data name="Status"><displayName>Status</displayName><value>Open</value></Data><Data name="Programme"><displayName>Programme</displayName><value>Cycleways</value></Data></ExtendedData><MultiGeometry><LineString><tessellate>1</tessellate><coordinates>-0.0725162,51.5000772,0 -0.0697079,51.498682,0 -0.0685565,51.4983123,0 -0.0666954,51.4980298,0 -0.0649355,51.4980817,0 -0.0554373,51.4991745,0 -0.0549816,51.4990501,0 -0.0549942,51.4987535,0 -0.0555413,51.4987626,0 -0.0556719,51.4990795,0</coordinates></LineString><LineString><tessellate>1</tessellate><coordinates>-0.0738814,51.5005043,0 -0.0759321,51.5014193,0 -0.0784891,51.5029721,0 -0.0820539,51.5042086,0 -0.0841263,51.5050383,0 -0.0849417,51.5053935,0 -0.0856471,51.5056758,0 -0.0859669,51.5057751,0 -0.0869466,51.5059341,0 -0.0880254,51.5060971,0</coordinates></LineString></MultiGeometry></Placemark>
  <Placemark><name>C Cycleway</name><styleUrl>#layer</styleUrl><ExtendedData><Data name="Label"><displayName>Label</displayName><value>C</value></Data><Data name="Route_Name"><displayName>Route_Name</displayName><value>Cycleway</value></Data><Data name="Status"><displayName>Status</displayName><value>Open</value></Data><Data name="Programme"><displayName>Programme</displayName><value>Cycleways</value></Data></ExtendedData><LineString><tessellate>1</tessellate><coordinates>-0.0209965,51.478169,0 -0.0210867,51.4766201,0 -0.0223473,51.476318,0 -0.0227646,51.4762964,0 -0.0233474,51.4755138,0 -0.0236696,51.4750536,0 -0.0239617,51.4746364,0 -0.0227614,51.474452,0 -0.0225589,51.4738841,0 -0.0220751,51.47375,0 -0.0218943,51.4726049,0 -0.0225224,51.4720669,0 -0.0222692,51.471595,0 -0.0206496,51.4700927,0 -0.0193991,51.4693791,0</coordinates></LineString></Placemark>
  <Placemark><name>C Cycleway</name><styleUrl>#layer</styleUrl><ExtendedData><Data name="Label"><displayName>Label</displayName><value>C</value></Data><Data name="Route_Name"><displayName>Route_Name</displayName><value>Cycleway</value></Data><Data name="Status"><displayName>Status</displayName><value>Open</value></Data><Data name="Programme"><displayName>Programme</displayName><value>Cycleways</value></Data></ExtendedData><LineString><tessellate>1</tessellate><coordinates>-0.0319455,51.4759397,0 -0.0322861,51.4773934,0 -0.0366782,51.4767296,0 -0.037017,51.4768882,0 -0.0376504,51.4789043,0 -0.0389328,51.481237,0 -0.0397924,51.4823486,0 -0.0396728,51.4827872,0</coordinates></LineString></Placemark>
  <Placemark><name>C18 Cycleway 18</name><styleUrl>#layer</styleUrl><ExtendedData><Data name="Label"><displayName>Label</displayName><value>C18</value></Data><Data name="Route_Name"><displayName>Route_Name</displayName><value>Cycleway 18</value></Data><Data name="Status"><displayName>Status</displayName><value>Open</value></Data><Data name="Programme"><displayName>Programme</displayName><value>Cycleways</value></Data></ExtendedData><LineString><tessellate>1</tessellate><coordinates>-0.0227572,51.4762999,0 -0.0225179,51.4768451,0 -0.0225236,51.4772153,0 -0.0227021,51.4778956,0 -0.0228347,51.4784008,0 -0.0229858,51.4792014,0 -0.0231451,51.4808118,0</coordinates></LineString></Placemark>
  <Placemark><name>C10 Cycleway 10</name><styleUrl>#layer</styleUrl><ExtendedData><Data name="Label"><displayName>Label</displayName><value>C10</value></Data><Data name="Route_Name"><displayName>Route_Name</displayName><value>Cycleway 10</value></Data><Data name="Status"><displayName>Status</displayName><value>Open</value></Data><Data name="Programme"><displayName>Programme</displayName><value>Cycleways</value></Data></ExtendedData><LineString><tessellate>1</tessellate><coordinates>-0.015306,51.477651,0 -0.015306,51.477651,0 -0.0157888,51.4774889,0 -0.0163148,51.4773321,0 -0.0168881,51.4772131,0 -0.0172005,51.4771199,0 -0.0174399,51.4773313,0 -0.0175545,51.4776506,0 -0.0176388,51.4779463,0</coordinates></LineString></Placemark>
  <Placemark><name>C54 Cycleways 54</name><styleUrl>#layer</styleUrl><ExtendedData><Data name="Label"><displayName>Label</displayName><value>C54</value></Data><Data name="Route_Name"><displayName>Route_Name</displayName><value>Cycleways 54</value></Data><Data name="Status"><displayName>Status</displayName><value>Open</value></Data><Data name="Programme"><displayName>Programme</displayName><value>Cycleways</value></Data></ExtendedData><LineString><tessellate>1</tessellate><coordinates>0.0081642,51.5153859,0 0.012928,51.5097072,0 0.0146639,51.5076377,0 0.0155093,51.5066297,0 0.015949,51.5061054,0 0.0163447,51.5056673,0 0.017896,51.5048677,0 0.0183892,51.5046135,0 0.0201328,51.5039043,0 0.0224447,51.5031663,0 0.0234774,51.502876,0 0.0238917,51.5027369,0 0.0246405,51.5025541,0 0.0247882,51.5025264,0 0.0260626,51.5023376,0 0.0271142,51.5022208,0 0.0296893,51.5022298,0 0.0331336,51.5025276,0 0.0348356,51.5026244,0 0.0372326,51.5026841,0 0.0383377,51.5027116,0 0.0390606,51.5028102,0 0.0393254,51.5030464,0 0.0394353,51.5033229,0 0.0394968,51.5036155,0 0.0396417,51.5044138,0</coordinates></LineString></Placemark>
  <Placemark><name>C4 Cycleway 4</name><styleUrl>#layer</styleUrl><ExtendedData><Data name="Label"><displayName>Label</displayName><value>C4</value></Data><Data name="Route_Name"><displayName>Route_Name</displayName><value>Cycleway 4</value></Data><Data name="Status"><displayName>Status</displayName><value>Open</value></Data><Data name="Programme"><displayName>Programme</displayName><value>Cycleways</value></Data></ExtendedData><LineString><tessellate>1</tessellate><coordinates>0.0016061,51.4847784,0 0.0024817,51.485366,0 0.0043272,51.4850826,0 0.0055616,51.4853134,0 0.0084408,51.4862623,0 0.0094246,51.4863624,0 0.0148854,51.4860799,0 0.0200882,51.4867997,0 0.0226885,51.486647,0 0.0241085,51.4871621,0 0.0314022,51.4879262,0</coordinates></LineString></Placemark>
  <Placemark><name>C10 Cycleway 10</name><styleUrl>#layer</styleUrl><ExtendedData><Data name="Label"><displayName>Label</displayName><value>C10</value></Data><Data name="Route_Name"><displayName>Route_Name</displayName><value>Cycleway 10</value></Data><Data name="Status"><displayName>Status</displayName><value>Open</value></Data><Data name="Programme"><displayName>Programme</displayName><value>Cycleways</value></Data></ExtendedData><MultiGeometry><LineString><tessellate>1</tessellate><coordinates>-0.0069087,51.4797703,0 -0.0081025,51.4794759,0 -0.0091874,51.4800249,0 -0.0097346,51.4800252,0 -0.0114718,51.4794881,0 -0.0130737,51.4784181,0 -0.0136377,51.4783647,0 -0.0152031,51.4784631,0 -0.0171379,51.4793412,0 -0.0175988,51.4790073,0 -0.0176363,51.4779463,0 -0.0180062,51.4779609,0 -0.0187824,51.4779932,0 -0.0189853,51.4779835,0 -0.0196862,51.4780753,0 -0.0209944,51.4781737,0 -0.0208305,51.4786481,0 -0.0204642,51.4793525,0 -0.0229216,51.4791422,0 -0.0230593,51.4792884,0 -0.0244875,51.4792316,0 -0.0261503,51.4797452,0 -0.026195,51.4800428,0 -0.0269609,51.4799837,0 -0.0279874,51.4802258,0 -0.0281625,51.4808403,0 -0.0307506,51.4806051,0 -0.0311218,51.481016,0 -0.0383524,51.4836824,0 -0.03894,51.4830807,0 -0.0396728,51.4827872,0 -0.0407527,51.483129,0 -0.0422376,51.4844399,0 -0.0426192,51.4842754,0 -0.0494268,51.484398,0 -0.049265,51.4851507,0 -0.0488067,51.4857636,0 -0.0500618,51.4867288,0 -0.0512483,51.4872791,0 -0.0549611,51.488375,0 -0.0549945,51.4882677,0 -0.0586218,51.4886696,0 -0.0595071,51.4885134,0 -0.0609249,51.4887077,0 -0.0625929,51.4884386,0 -0.0640596,51.4884988,0 -0.0647438,51.4883302,0 -0.0662272,51.4883367,0 -0.0667904,51.488449,0 -0.0671005,51.488462,0 -0.0679727,51.4885802,0 -0.0688566,51.4887172,0 -0.0692328,51.4887273,0 -0.0695065,51.4887113,0 -0.0699986,51.4887407,0 -0.0724035,51.4891479,0 -0.0743276,51.4895853,0 -0.0744924,51.4896985,0 -0.0744909,51.4898128,0 -0.0738946,51.4906303,0 -0.0753512,51.4912748,0 -0.0752788,51.491369,0 -0.0759443,51.4917384,0 -0.0767264,51.4921705,0 -0.0783301,51.4930593,0 -0.0804139,51.4945503,0 -0.0813771,51.4949438,0 -0.0821118,51.4954681,0 -0.082872,51.4959782,0 -0.0829624,51.495917,0 -0.0841602,51.4966948,0 -0.0853516,51.497392,0</coordinates></LineString><LineString><tessellate>1</tessellate><coordinates>-0.0853375,51.4973827,0 -0.0856183,51.4973299,0 -0.0858781,51.4973459,0 -0.0860093,51.4974362,0 -0.086178,51.4975291,0 -0.0869303,51.4971064,0 -0.087332,51.4968837,0 -0.0877433,51.4967025,0 -0.0908503,51.4995769,0 -0.0917734,51.4991387,0 -0.0922948,51.4989062,0 -0.0925441,51.4986962,0 -0.0937283,51.4991548,0 -0.0948305,51.4995214,0 -0.0956724,51.4999583,0</coordinates></LineString></MultiGeometry></Placemark>
  <Placemark><name>C35 Cycleway 35</name><styleUrl>#layer</styleUrl><ExtendedData><Data name="Label"><displayName>Label</displayName><value>C35</value></Data><Data name="Route_Name"><displayName>Route_Name</displayName><value>Cycleway 35</value></Data><Data name="Status"><displayName>Status</displayName><value>Open</value></Data><Data name="Programme"><displayName>Programme</displayName><value>Cycleways</value></Data></ExtendedData><LineString><tessellate>1</tessellate><coordinates>-0.0724157,51.4891492,0 -0.0725888,51.4888013,0 -0.0715574,51.4886674,0 -0.0729412,51.4872783,0 -0.0719064,51.4868835,0 -0.0724863,51.4861107,0 -0.0727061,51.4843157,0 -0.0722823,51.4830947,0 -0.072911,51.4828712,0 -0.0740162,51.4829613,0 -0.0740124,51.4792921,0 -0.0719871,51.4743845,0 -0.0702663,51.474554,0</coordinates></LineString></Placemark>
  <Placemark><name>C Cycleway</name><styleUrl>#layer</styleUrl><ExtendedData><Data name="Label"><displayName>Label</displayName><value>C</value></Data><Data name="Route_Name"><displayName>Route_Name</displayName><value>Cycleway</value></Data><Data name="Status"><displayName>Status</displayName><value>Open</value></Data><Data name="Programme"><displayName>Programme</displayName><value>Cycleways</value></Data></ExtendedData><LineString><tessellate>1</tessellate><coordinates>-0.0728994,51.5101105,0 -0.0726981,51.5104399,0 -0.0728784,51.5112882,0 -0.0732569,51.5132459,0 -0.0739414,51.5144442,0</coordinates></LineString></Placemark>
  <Placemark><name>C1 Cycleway 1</name><styleUrl>#layer</styleUrl><ExtendedData><Data name="Label"><displayName>Label</displayName><value>C1</value></Data><Data name="Route_Name"><displayName>Route_Name</displayName><value>Cycleway 1</value></Data><Data name="Status"><displayName>Status</displayName><value>Open</value></Data><Data name="Programme"><displayName>Programme</displayName><value>Cycleways</value></Data></ExtendedData><MultiGeometry><LineString><tessellate>1</tessellate><coordinates>-0.0929859,51.5108798,0 -0.0927815,51.5118364,0 -0.0924799,51.5127212,0 -0.0923406,51.5135846,0 -0.0920876,51.5150822,0 -0.0928245,51.515207,0 -0.0932445,51.5154252,0 -0.094504,51.5157053,0 -0.0938344,51.5170593,0 -0.0935348,51.5176644,0 -0.0930073,51.5185261,0 -0.0911679,51.5181204,0 -0.0901598,51.519521,0 -0.0896624,51.5207269,0</coordinates></LineString><LineString><tessellate>1</tessellate><coordinates>-0.0896624,51.5207269,0 -0.0899206,51.5207581,0</coordinates></LineString><LineString><tessellate>1</tessellate><coordinates>-0.0829645,51.5300963,0 -0.0832056,51.529803,0 -0.0835729,51.5287659,0 -0.0836125,51.5271389,0 -0.0836588,51.5265375,0 -0.0837467,51.5263245,0 -0.083837,51.5261034,0 -0.0839042,51.5259296,0 -0.0837707,51.5258191,0 -0.0845666,51.5219297,0 -0.0850198,51.52075,0 -0.08521,51.5203395,0 -0.0896624,51.5207269,0</coordinates></LineString></MultiGeometry></Placemark>
  <Placemark><name>C14 Cycleway 14</name><styleUrl>#layer</styleUrl><ExtendedData><Data name="Label"><displayName>Label</displayName><value>C14</value></Data><Data name="Route_Name"><displayName>Route_Name</displayName><value>Cycleway 14</value></Data><Data name="Status"><displayName>Status</displayName><value>Open</value></Data><Data name="Programme"><displayName>Programme</displayName><value>Cycleways</value></Data></ExtendedData><LineString><tessellate>1</tessellate><coordinates>-0.0302022,51.4896429,0 -0.0322059,51.4926174,0 -0.0329611,51.4944827,0 -0.0331416,51.4946386,0 -0.0334467,51.4945807,0 -0.0343891,51.4964491,0 -0.0353739,51.4963308,0 -0.0364332,51.4984979,0 -0.0369411,51.4987492,0 -0.0395526,51.4989998,0 -0.0404625,51.4992848,0 -0.0410562,51.4992138,0 -0.0412691,51.4992893,0 -0.0410961,51.4996281,0 -0.0423411,51.5001615,0 -0.0442536,51.4999147,0 -0.0453609,51.5003019,0 -0.0464361,51.4994205,0 -0.0475948,51.4999524,0 -0.0482825,51.4993703,0 -0.0503606,51.5009787,0 -0.0511861,51.5005428,0 -0.0524549,51.5015351,0 -0.0545999,51.5009052,0 -0.0547928,51.5007736,0 -0.0546926,51.5004212,0 -0.0557026,51.5000512,0 -0.0578636,51.4997184,0 -0.0583149,51.5006251,0 -0.0598772,51.5004801,0 -0.0623943,51.5005847,0 -0.0631662,51.5003906,0 -0.0644351,51.5003666,0 -0.065079,51.4997927,0 -0.0686576,51.5010298,0 -0.0690233,51.5005592,0 -0.0705394,51.5004853,0 -0.0725162,51.5000772,0 -0.0738814,51.5005043,0 -0.0748635,51.5004485,0 -0.0773128,51.4997693,0 -0.0785928,51.500168,0 -0.0816935,51.5004437,0 -0.0817166,51.500579,0 -0.0835543,51.5003932,0 -0.0851617,51.5005454,0 -0.0856181,51.5013442,0 -0.0872077,51.501577,0 -0.0872495,51.5022971,0 -0.0883211,51.5021707,0 -0.0916606,51.5032862,0 -0.0949159,51.5040046,0 -0.0987465,51.503716,0</coordinates></LineString></Placemark>
  <Placemark><name>C17 Cycleway 17</name><styleUrl>#layer</styleUrl><ExtendedData><Data name="Label"><displayName>Label</displayName><value>C17</value></Data><Data name="Route_Name"><displayName>Route_Name</displayName><value>Cycleway 17</value></Data><Data name="Status"><displayName>Status</displayName><value>Open</value></Data><Data name="Programme"><displayName>Programme</displayName><value>Cycleways</value></Data></ExtendedData><MultiGeometry><LineString><tessellate>1</tessellate><coordinates>-0.0856937,51.4709941,0 -0.0850534,51.4711545,0 -0.0867623,51.4736735,0 -0.0872475,51.4775664,0 -0.087731,51.4784017,0 -0.0913147,51.4805285,0 -0.0882855,51.4816752,0 -0.0882746,51.4819358,0</coordinates></LineString><LineString><tessellate>1</tessellate><coordinates>-0.0855838,51.4815322,0 -0.0872489,51.482009,0 -0.0882746,51.4819358,0</coordinates></LineString><LineString><tessellate>1</tessellate><coordinates>-0.0882746,51.4819358,0 -0.0885076,51.4832526,0 -0.0879971,51.4834061,0 -0.0913647,51.4889916,0 -0.0939202,51.4923066,0 -0.0933664,51.4924594,0 -0.0938985,51.4928278,0 -0.0941763,51.4941093,0 -0.0955767,51.4943839,0 -0.0945862,51.4956808,0 -0.0906857,51.4980005,0 -0.0925441,51.4986962,0</coordinates></LineString></MultiGeometry></Placemark>
  <Placemark><name>C2 Cycleway 2</name><styleUrl>#layer</styleUrl><ExtendedData><Data name="Label"><displayName>Label</displayName><value>C2</value></Data><Data name="Route_Name"><displayName>Route_Name</displayName><value>Cycleway 2</value></Data><Data name="Status"><displayName>Status</displayName><value>Open</value></Data><Data name="Programme"><displayName>Programme</displayName><value>Cycleways</value></Data></ExtendedData><LineString><tessellate>1</tessellate><coordinates>-0.0739414,51.5144442,0 -0.0705019,51.5156825,0 -0.0669174,51.5172781,0 -0.063793,51.5182157,0 -0.0482446,51.5214739,0 -0.0407082,51.5227512,0 -0.0341274,51.5252581,0 -0.0250762,51.5272016,0 -0.0183081,51.5283466,0 -0.0133588,51.5300975,0</coordinates></LineString></Placemark>
  <Placemark><name>C4 Cycleway 4</name><styleUrl>#layer</styleUrl><ExtendedData><Data name="Label"><displayName>Label</displayName><value>C4</value></Data><Data name="Route_Name"><displayName>Route_Name</displayName><value>Cycleway 4</value></Data><Data name="Status"><displayName>Status</displayName><value>Open</value></Data><Data name="Programme"><displayName>Programme</displayName><value>Cycleways</value></Data></ExtendedData><LineString><tessellate>1</tessellate><coordinates>-0.0421422,51.490023,0 -0.0453759,51.4922174,0 -0.0476405,51.4934962,0 -0.050113,51.4946345,0 -0.0552409,51.4987126,0</coordinates></LineString></Placemark>
  <Placemark><name>C3 Cycleway 3</name><styleUrl>#layer</styleUrl><ExtendedData><Data name="Label"><displayName>Label</displayName><value>C3</value></Data><Data name="Route_Name"><displayName>Route_Name</displayName><value>Cycleway 3</value></Data><Data name="Status"><displayName>Status</displayName><value>Open</value></Data><Data name="Programme"><displayName>Programme</displayName><value>Cycleways</value></Data></ExtendedData><LineString><tessellate>1</tessellate><coordinates>0.081217,51.5278087,0 0.077281,51.5265385,0 0.0748675,51.5254571,0 0.0647021,51.5222281,0 0.0604538,51.5204052,0 0.0577252,51.5196707,0 0.0552024,51.5193462,0 0.0470176,51.5200469,0 0.0438894,51.5200386,0 0.0417128,51.5197168,0 0.0396707,51.5191768,0 0.0361027,51.5177101,0 0.0338847,51.5171011,0 0.0287831,51.516794,0 0.0250269,51.5172457,0 0.0180015,51.5171063,0 0.0161329,51.5168957,0 0.0080818,51.5153973,0 0.0025871,51.5140074,0 0.0013316,51.5129856,0 -0.0001243,51.5126508,0 0.0001349,51.5119898,0 -0.0000649,51.5117054,0 -0.0007477,51.5115822,0 -0.0004701,51.5110108,0 -0.0039586,51.5103328,0 -0.0034768,51.5094882,0 -0.0049886,51.5091902,0 -0.0062302,51.5091394,0 -0.0069316,51.5089175,0 -0.0104831,51.508771,0 -0.017321,51.5089409,0 -0.0212372,51.5093578,0 -0.0236476,51.5089398,0 -0.0242042,51.509066,0 -0.0245074,51.5087204,0 -0.0248705,51.5086546,0 -0.0268559,51.5093985,0 -0.0290806,51.509274,0 -0.0321051,51.5086503,0 -0.0378483,51.5098167,0 -0.0378722,51.5105995,0 -0.0394708,51.5106263,0 -0.0401276,51.5111049,0 -0.0407255,51.5112767,0 -0.0414973,51.5110918,0 -0.0421279,51.5111743,0 -0.0420829,51.5115512,0 -0.0426134,51.511614,0 -0.046756,51.5114672,0 -0.0526782,51.5108193,0 -0.0548274,51.5111158,0 -0.0648588,51.511102,0 -0.069386,51.5107181,0 -0.0714065,51.5103107,0 -0.0739681,51.5100561,0 -0.0763547,51.5095108,0 -0.0778138,51.5094269,0 -0.0798387,51.509595,0 -0.0810662,51.5091925,0 -0.0819932,51.5090818,0 -0.0881159,51.5098203,0 -0.0929859,51.5108798,0 -0.096355,51.5113033,0</coordinates></LineString></Placemark>
  <Placemark><name>CS7 Cycle Superhighway 7</name><styleUrl>#layer</styleUrl><ExtendedData><Data name="Label"><displayName>Label</displayName><value>CS7</value></Data><Data name="Route_Name"><displayName>Route_Name</displayName><value>Cycle Superhighway 7</value></Data><Data name="Status"><displayName>Status</displayName><value>Open</value></Data><Data name="Programme"><displayName>Programme</displayName><value>Cycle Superhighways</value></Data></ExtendedData><LineString><tessellate>1</tessellate><coordinates>-0.0930288,51.5108895,0 -0.0949211,51.5073321,0 -0.0959685,51.5029515,0</coordinates></LineString></Placemark>
  <Placemark><name>C Cycleway</name><styleUrl>#layer</styleUrl><ExtendedData><Data name="Label"><displayName>Label</displayName><value>C</value></Data><Data name="Route_Name"><displayName>Route_Name</displayName><value>Cycleway</value></Data><Data name="Status"><displayName>Status</displayName><value>Open</value></Data><Data name="Programme"><displayName>Programme</displayName><value>Cycleways</value></Data></ExtendedData><LineString><tessellate>1</tessellate><coordinates>0.0293286,51.4665321,0 0.0259102,51.4722477,0</coordinates></LineString></Placemark>
  <Placemark><name>C11 Cycleway 11</name><styleUrl>#layer</styleUrl><ExtendedData><Data name="Label"><displayName>Label</displayName><value>C11</value></Data><Data name="Route_Name"><displayName>Route_Name</displayName><value>Cycleway 11</value></Data><Data name="Status"><displayName>Status</displayName><value>Open</value></Data><Data name="Programme"><displayName>Programme</displayName><value>Cycleways</value></Data></ExtendedData><LineString><tessellate>1</tessellate><coordinates>-0.0929084,51.5320388,0 -0.0905625,51.5247074,0 -0.0897791,51.5231029,0 -0.0899206,51.5207581,0 -0.0902932,51.5208091,0</coordinates></LineString></Placemark>
  <Placemark><name>C33 Cycleway 33</name><styleUrl>#layer</styleUrl><ExtendedData><Data name="Label"><displayName>Label</displayName><value>C33</value></Data><Data name="Route_Name"><displayName>Route_Name</displayName><value>Cycleway 33</value></Data><Data name="Status"><displayName>Status</displayName><value>Open</value></Data><Data name="Programme"><displayName>Programme</displayName><value>Cycleways</value></Data></ExtendedData><MultiGeometry><LineString><tessellate>1</tessellate><coordinates>0.0666507,51.482175,0 0.0665378,51.4819072,0 0.0670435,51.4819432,0 0.0665258,51.4813228,0 0.0656262,51.4805383,0 0.0647432,51.4801222,0 0.0641987,51.4795473,0 0.0634169,51.4791384,0 0.0628512,51.4790494,0 0.0619251,51.4792726,0 0.061569,51.4787213,0 0.0580125,51.4787388,0 0.0544477,51.4782528,0 0.0523597,51.4789009,0</coordinates></LineString><LineString><tessellate>1</tessellate><coordinates>0.0673201,51.488692,0 0.0670409,51.4879325,0 0.0671198,51.485539,0 0.0665319,51.4836879,0 0.066651,51.4824987,0 0.066487,51.4823757,0 0.0665496,51.4821677,0 0.0666955,51.4822101,0</coordinates></LineString></MultiGeometry></Placemark>
  <Placemark><name>C13 Cycleway 13</name><styleUrl>#layer</styleUrl><ExtendedData><Data name="Label"><displayName>Label</displayName><value>C13</value></Data><Data name="Route_Name"><displayName>Route_Name</displayName><value>Cycleway 13</value></Data><Data name="Status"><displayName>Status</displayName><value>Open</value></Data><Data name="Programme"><displayName>Programme</displayName><value>Cycleways</value></Data></ExtendedData><MultiGeometry><LineString><tessellate>1</tessellate><coordinates>-0.0904828,51.5245443,0 -0.0853602,51.5246585,0 -0.0849001,51.5253164,0 -0.0839013,51.5259346,0</coordinates></LineString><LineString><tessellate>1</tessellate><coordinates>-0.08377,51.5258195,0 -0.0831813,51.5260797,0 -0.0814528,51.5260424,0 -0.0780119,51.5262737,0 -0.0779603,51.5264707,0 -0.0766121,51.5263047,0 -0.076517,51.5265099,0 -0.0733189,51.5274735,0 -0.0734299,51.5282577,0 -0.0709844,51.5284692,0 -0.070234,51.5288255,0 -0.0672652,51.5308358,0</coordinates></LineString></MultiGeometry></Placemark>
  <Placemark><name>C22 Cycleway 22</name><styleUrl>#layer</styleUrl><ExtendedData><Data name="Label"><displayName>Label</displayName><value>C22</value></Data><Data name="Route_Name"><displayName>Route_Name</displayName><value>Cycleway 22</value></Data><Data name="Status"><displayName>Status</displayName><value>Open</value></Data><Data name="Programme"><displayName>Programme</displayName><value>Cycleways</value></Data></ExtendedData><LineString><tessellate>1</tessellate><coordinates>0.0593133,51.5200476,0 0.0587264,51.5207773,0 0.0232841,51.5254056,0 0.0201272,51.5263865,0 0.0115564,51.5301403,0 0.0109113,51.5302233,0 0.0055071,51.5299473,0 0.0001289,51.5309205,0</coordinates></LineString></Placemark>
  <Placemark><name>C37 Cycleway 37</name><styleUrl>#layer</styleUrl><ExtendedData><Data name="Label"><displayName>Label</displayName><value>C37</value></Data><Data name="Route_Name"><displayName>Route_Name</displayName><value>Cycleway 37</value></Data><Data name="Status"><displayName>Status</displayName><value>Open</value></Data><Data name="Programme"><displayName>Programme</displayName><value>Cycleways</value></Data></ExtendedData><LineString><tessellate>1</tessellate><coordinates>-0.0335773,51.5216338,0 -0.0347402,51.5250885,0</coordinates></LineString></Placemark>
  <Placemark><name>C14 Cycleway 14</name><styleUrl>#layer</styleUrl><ExtendedData><Data name="Label"><displayName>Label</displayName><value>C14</value></Data><Data name="Route_Name"><displayName>Route_Name</displayName><value>Cycleway 14</value></Data><Data name="Status"><displayName>Status</displayName><value>Open</value></Data><Data name="Programme"><displayName>Programme</displayName><value>Cycleways</value></Data></ExtendedData><LineString><tessellate>1</tessellate><coordinates>-0.0302022,51.4896429,0 -0.0296933,51.4890858,0 -0.0297722,51.4889252,0 -0.0317158,51.4882834,0 -0.0334335,51.4871972,0 -0.0317255,51.4857206,0 -0.0318111,51.4840673,0 -0.0306165,51.4840472,0 -0.0305433,51.4834074,0 -0.0255308,51.483413,0 -0.0251656,51.4848637,0 -0.0244778,51.4847802,0 -0.0243175,51.4844897,0 -0.0227063,51.4841117,0 -0.0219734,51.4844051,0 -0.0192871,51.4835773,0 -0.0192681,51.4833522,0 -0.0188149,51.4831736,0 -0.0187193,51.4827224,0 -0.0178095,51.4827789,0 -0.0177942,51.4831294,0 -0.0175484,51.4831522,0 -0.0150116,51.4828665,0 -0.0122161,51.4829001,0 -0.010829,51.4830025,0 -0.0107049,51.4832072,0 -0.010144,51.4831887,0 -0.009542,51.4833602,0 -0.0093328,51.4830156,0 -0.0084956,51.4832705,0 -0.0069207,51.4838274,0 -0.0057337,51.4842122,0 -0.0045607,51.4845924,0 -0.0035776,51.4834908,0 -0.0007482,51.4842969,0 0.001515,51.484672,0 0.0016061,51.4847784,0 0.0005275,51.4854712,0 0.0023149,51.4868167,0 0.004078,51.4889179,0 0.0059872,51.4887684,0 0.0082509,51.4888196,0 0.0082071,51.4884786,0 0.0105196,51.4883311,0 0.0104482,51.4889978,0 0.0113971,51.489611,0 0.0111919,51.4898573,0 0.0119266,51.4901865,0 0.011777,51.4903869,0 0.0119816,51.4907791,0 0.0148146,51.4926279,0 0.0160317,51.4927869,0 0.0163659,51.4935005,0 0.0163445,51.4943193,0 0.0175412,51.4946674,0 0.01892,51.494248,0 0.019363,51.4948159,0 0.0217087,51.4944337,0 0.0215144,51.4939515,0 0.0244446,51.4934333,0 0.0261712,51.4933855,0 0.028935,51.4936614,0 0.0356411,51.4947861,0 0.037093,51.4947159,0 0.0374384,51.4940624,0 0.0402012,51.4943111,0 0.0448162,51.4940958,0 0.0447808,51.494591,0 0.0468006,51.4946547,0 0.0467464,51.4950513,0 0.0549478,51.4944941,0 0.0595364,51.4943327,0 0.0612016,51.4945192,0 0.061321,51.4942923,0 0.0620018,51.4940555,0 0.0624493,51.4940746,0 0.0623891,51.4943365,0 0.0642628,51.4946722,0 0.0709903,51.4949762,0 0.0708964,51.4951308,0 0.0766371,51.4962253,0 0.0820223,51.4986837,0</coordinates></LineString></Placemark>
  <Placemark><name>C11 Cycleway 11</name><styleUrl>#layer</styleUrl><ExtendedData><Data name="Label"><displayName>Label</displayName><value>C11</value></Data><Data name="Route_Name"><displayName>Route_Name</displayName><value>Cycleway 11</value></Data><Data name="Status"><displayName>Status</displayName><value>Open</value></Data><Data name="Programme"><displayName>Programme</displayName><value>Cycleways</value></Data></ExtendedData><LineString><tessellate>1</tessellate><coordinates>-0.0902932,51.5208091,0 -0.0923457,51.5210224,0 -0.0972699,51.5201223,0</coordinates></LineString></Placemark>
  <Placemark><name>C4 Cycleway 4</name><styleUrl>#layer</styleUrl><ExtendedData><Data name="Label"><displayName>Label</displayName><value>C4</value></Data><Data name="Route_Name"><displayName>Route_Name</displayName><value>Cycleway 4</value></Data><Data name="Status"><displayName>Status</displayName><value>Open</value></Data><Data name="Programme"><displayName>Programme</displayName><value>Cycleways</value></Data></ExtendedData><LineString><tessellate>1</tessellate><coordinates>-0.0148443,51.4814158,0 -0.0233529,51.4808222,0 -0.0278129,51.4819316,0 -0.0323989,51.4841311,0 -0.036369,51.4869317,0 -0.0402327,51.4888669,0 -0.0421422,51.490023,0</coordinates></LineString></Placemark>
  <Placemark><name>C Cycleway</name><styleUrl>#layer</styleUrl><ExtendedData><Data name="Label"><displayName>Label</displayName><value>C</value></Data><Data name="Route_Name"><displayName>Route_Name</displayName><value>Cycleway</value></Data><Data name="Status"><displayName>Status</displayName><value>Open</value></Data><Data name="Programme"><displayName>Programme</displayName><value>Cycleways</value></Data></ExtendedData><LineString><tessellate>1</tessellate><coordinates>-0.08521,51.5203395,0 -0.0832728,51.5197862,0 -0.0815796,51.5209725,0 -0.0788623,51.5204603,0</coordinates></LineString></Placemark>
  <Placemark><name>C4 Cycleway 4</name><styleUrl>#layer</styleUrl><ExtendedData><Data name="Label"><displayName>Label</displayName><value>C4</value></Data><Data name="Route_Name"><displayName>Route_Name</displayName><value>Cycleway 4</value></Data><Data name="Status"><displayName>Status</displayName><value>Open</value></Data><Data name="Programme"><displayName>Programme</displayName><value>Cycleways</value></Data></ExtendedData><MultiGeometry><LineString><tessellate>1</tessellate><coordinates>-0.0725162,51.5000772,0 -0.0697079,51.498682,0 -0.0685565,51.4983123,0 -0.0666954,51.4980298,0 -0.0649355,51.4980817,0 -0.0554373,51.4991745,0 -0.0549816,51.4990501,0 -0.0549942,51.4987535,0 -0.0555413,51.4987626,0 -0.0556719,51.4990795,0</coordinates></LineString><LineString><tessellate>1</tessellate><coordinates>-0.0738814,51.5005043,0 -0.0759321,51.5014193,0 -0.0784891,51.5029721,0 -0.0820539,51.5042086,0 -0.0841263,51.5050383,0 -0.0849417,51.5053935,0 -0.0856471,51.5056758,0 -0.0859669,51.5057751,0 -0.0869466,51.5059341,0 -0.0880254,51.5060971,0</coordinates></LineString></MultiGeometry></Placemark>
  <Placemark><name>C Cycleway</name><styleUrl>#layer</styleUrl><ExtendedData><Data name="Label"><displayName>Label</displayName><value>C</value></Data><Data name="Route_Name"><displayName>Route_Name</displayName><value>Cycleway</value></Data><Data name="Status"><displayName>Status</displayName><value>Open</value></Data><Data name="Programme"><displayName>Programme</displayName><value>Cycleways</value></Data></ExtendedData><LineString><tessellate>1</tessellate><coordinates>-0.0209965,51.478169,0 -0.0210867,51.4766201,0 -0.0223473,51.476318,0 -0.0227646,51.4762964,0 -0.0233474,51.4755138,0 -0.0236696,51.4750536,0 -0.0239617,51.4746364,0 -0.0227614,51.474452,0 -0.0225589,51.4738841,0 -0.0220751,51.47375,0 -0.0218943,51.4726049,0 -0.0225224,51.4720669,0 -0.0222692,51.471595,0 -0.0206496,51.4700927,0 -0.0193991,51.4693791,0</coordinates></LineString></Placemark>
  <Placemark><name>C Cycleway</name><styleUrl>#layer</styleUrl><ExtendedData><Data name="Label"><displayName>Label</displayName><value>C</value></Data><Data name="Route_Name"><displayName>Route_Name</displayName><value>Cycleway</value></Data><Data name="Status"><displayName>Status</displayName><value>Open</value></Data><Data name="Programme"><displayName>Programme</displayName><value>Cycleways</value></Data></ExtendedData><LineString><tessellate>1</tessellate><coordinates>-0.0319455,51.4759397,0 -0.0322861,51.4773934,0 -0.0366782,51.4767296,0 -0.037017,51.4768882,0 -0.0376504,51.4789043,0 -0.0389328,51.481237,0 -0.0397924,51.4823486,0 -0.0396728,51.4827872,0</coordinates></LineString></Placemark>
  <Placemark><name>C18 Cycleway 18</name><styleUrl>#layer</styleUrl><ExtendedData><Data name="Label"><displayName>Label</displayName><value>C18</value></Data><Data name="Route_Name"><displayName>Route_Name</displayName><value>Cycleway 18</value></Data><Data name="Status"><displayName>Status</displayName><value>Open</value></Data><Data name="Programme"><displayName>Programme</displayName><value>Cycleways</value></Data></ExtendedData><LineString><tessellate>1</tessellate><coordinates>-0.0227572,51.4762999,0 -0.0225179,51.4768451,0 -0.0225236,51.4772153,0 -0.0227021,51.4778956,0 -0.0228347,51.4784008,0 -0.0229858,51.4792014,0 -0.0231451,51.4808118,0</coordinates></LineString></Placemark>
  <Placemark><name>C10 Cycleway 10</name><styleUrl>#layer</styleUrl><ExtendedData><Data name="Label"><displayName>Label</displayName><value>C10</value></Data><Data name="Route_Name"><displayName>Route_Name</displayName><value>Cycleway 10</value></Data><Data name="Status"><displayName>Status</displayName><value>Open</value></Data><Data name="Programme"><displayName>Programme</displayName><value>Cycleways</value></Data></ExtendedData><LineString><tessellate>1</tessellate><coordinates>-0.015306,51.477651,0 -0.015306,51.477651,0 -0.0157888,51.4774889,0 -0.0163148,51.4773321,0 -0.0168881,51.4772131,0 -0.0172005,51.4771199,0 -0.0174399,51.4773313,0 -0.0175545,51.4776506,0 -0.0176388,51.4779463,0</coordinates></LineString></Placemark>
  <Placemark><name>C54 Cycleways 54</name><styleUrl>#layer</styleUrl><ExtendedData><Data name="Label"><displayName>Label</displayName><value>C54</value></Data><Data name="Route_Name"><displayName>Route_Name</displayName><value>Cycleways 54</value></Data><Data name="Status"><displayName>Status</displayName><value>Open</value></Data><Data name="Programme"><displayName>Programme</displayName><value>Cycleways</value></Data></ExtendedData><LineString><tessellate>1</tessellate><coordinates>0.0081642,51.5153859,0 0.012928,51.5097072,0 0.0146639,51.5076377,0 0.0155093,51.5066297,0 0.015949,51.5061054,0 0.0163447,51.5056673,0 0.017896,51.5048677,0 0.0183892,51.5046135,0 0.0201328,51.5039043,0 0.0224447,51.5031663,0 0.0234774,51.502876,0 0.0238917,51.5027369,0 0.0246405,51.5025541,0 0.0247882,51.5025264,0 0.0260626,51.5023376,0 0.0271142,51.5022208,0 0.0296893,51.5022298,0 0.0331336,51.5025276,0 0.0348356,51.5026244,0 0.0372326,51.5026841,0 0.0383377,51.5027116,0 0.0390606,51.5028102,0 0.0393254,51.5030464,0 0.0394353,51.5033229,0 0.0394968,51.5036155,0 0.0396417,51.5044138,0</coordinates></LineString></Placemark>
  <Placemark><name>C4 Cycleway 4</name><styleUrl>#layer</styleUrl><ExtendedData><Data name="Label"><displayName>Label</displayName><value>C4</value></Data><Data name="Route_Name"><displayName>Route_Name</displayName><value>Cycleway 4</value></Data><Data name="Status"><displayName>Status</displayName><value>Open</value></Data><Data name="Programme"><displayName>Programme</displayName><value>Cycleways</value></Data></ExtendedData><LineString><tessellate>1</tessellate><coordinates>0.0016061,51.4847784,0 0.0024817,51.485366,0 0.0043272,51.4850826,0 0.0055616,51.4853134,0 0.0084408,51.4862623,0 0.0094246,51.4863624,0 0.0148854,51.4860799,0 0.0200882,51.4867997,0 0.0226885,51.486647,0 0.0241085,51.4871621,0 0.0314022,51.4879262,0</coordinates></LineString></Placemark>
  <Placemark><name>C10 Cycleway 10</name><styleUrl>#layer</styleUrl><ExtendedData><Data name="Label"><displayName>Label</displayName><value>C10</value></Data><Data name="Route_Name"><displayName>Route_Name</displayName><value>Cycleway 10</value></Data><Data name="Status"><displayName>Status</displayName><value>Open</value></Data><Data name="Programme"><displayName>Programme</displayName><value>Cycleways</value></Data></ExtendedData><MultiGeometry><LineString><tessellate>1</tessellate><coordinates>-0.0069087,51.4797703,0 -0.0081025,51.4794759,0 -0.0091874,51.4800249,0 -0.0097346,51.4800252,0 -0.0114718,51.4794881,0 -0.0130737,51.4784181,0 -0.0136377,51.4783647,0 -0.0152031,51.4784631,0 -0.0171379,51.4793412,0 -0.0175988,51.4790073,0 -0.0176363,51.4779463,0 -0.0180062,51.4779609,0 -0.0187824,51.4779932,0 -0.0189853,51.4779835,0 -0.0196862,51.4780753,0 -0.0209944,51.4781737,0 -0.0208305,51.4786481,0 -0.0204642,51.4793525,0 -0.0229216,51.4791422,0 -0.0230593,51.4792884,0 -0.0244875,51.4792316,0 -0.0261503,51.4797452,0 -0.026195,51.4800428,0 -0.0269609,51.4799837,0 -0.0279874,51.4802258,0 -0.0281625,51.4808403,0 -0.0307506,51.4806051,0 -0.0311218,51.481016,0 -0.0383524,51.4836824,0 -0.03894,51.4830807,0 -0.0396728,51.4827872,0 -0.0407527,51.483129,0 -0.0422376,51.4844399,0 -0.0426192,51.4842754,0 -0.0494268,51.484398,0 -0.049265,51.4851507,0 -0.0488067,51.4857636,0 -0.0500618,51.4867288,0 -0.0512483,51.4872791,0 -0.0549611,51.488375,0 -0.0549945,51.4882677,0 -0.0586218,51.4886696,0 -0.0595071,51.4885134,0 -0.0609249,51.4887077,0 -0.0625929,51.4884386,0 -0.0640596,51.4884988,0 -0.0647438,51.4883302,0 -0.0662272,51.4883367,0 -0.0667904,51.488449,0 -0.0671005,51.488462,0 -0.0679727,51.4885802,0 -0.0688566,51.4887172,0 -0.0692328,51.4887273,0 -0.0695065,51.4887113,0 -0.0699986,51.4887407,0 -0.0724035,51.4891479,0 -0.0743276,51.4895853,0 -0.0744924,51.4896985,0 -0.0744909,51.4898128,0 -0.0738946,51.4906303,0 -0.0753512,51.4912748,0 -0.0752788,51.491369,0 -0.0759443,51.4917384,0 -0.0767264,51.4921705,0 -0.0783301,51.4930593,0 -0.0804139,51.4945503,0 -0.0813771,51.4949438,0 -0.0821118,51.4954681,0 -0.082872,51.4959782,0 -0.0829624,51.495917,0 -0.0841602,51.4966948,0 -0.0853516,51.497392,0</coordinates></LineString><LineString><tessellate>1</tessellate><coordinates>-0.0853375,51.4973827,0 -0.0856183,51.4973299,0 -0.0858781,51.4973459,0 -0.0860093,51.4974362,0 -0.086178,51.4975291,0 -0.0869303,51.4971064,0 -0.087332,51.4968837,0 -0.0877433,51.4967025,0 -0.0908503,51.4995769,0 -0.0917734,51.4991387,0 -0.0922948,51.4989062,0 -0.0925441,51.4986962,0 -0.0937283,51.4991548,0 -0.0948305,51.4995214,0 -0.0956724,51.4999583,0</coordinates></LineString></MultiGeometry></Placemark>
  <Placemark><name>C35 Cycleway 35</name><styleUrl>#layer</styleUrl><ExtendedData><Data name="Label"><displayName>Label</displayName><value>C35</value></Data><Data name="Route_Name"><displayName>Route_Name</displayName><value>Cycleway 35</value></Data><Data name="Status"><displayName>Status</displayName><value>Open</value></Data><Data name="Programme"><displayName>Programme</displayName><value>Cycleways</value></Data></ExtendedData><LineString><tessellate>1</tessellate><coordinates>-0.0724157,51.4891492,0 -0.0725888,51.4888013,0 -0.0715574,51.4886674,0 -0.0729412,51.4872783,0 -0.0719064,51.4868835,0 -0.0724863,51.4861107,0 -0.0727061,51.4843157,0 -0.0722823,51.4830947,0 -0.072911,51.4828712,0 -0.0740162,51.4829613,0 -0.0740124,51.4792921,0 -0.0719871,51.4743845,0 -0.0702663,51.474554,0</coordinates></LineString></Placemark>
  <Placemark><name>C Cycleway</name><styleUrl>#layer</styleUrl><ExtendedData><Data name="Label"><displayName>Label</displayName><value>C</value></Data><Data name="Route_Name"><displayName>Route_Name</displayName><value>Cycleway</value></Data><Data name="Status"><displayName>Status</displayName><value>Open</value></Data><Data name="Programme"><displayName>Programme</displayName><value>Cycleways</value></Data></ExtendedData><LineString><tessellate>1</tessellate><coordinates>-0.0728994,51.5101105,0 -0.0726981,51.5104399,0 -0.0728784,51.5112882,0 -0.0732569,51.5132459,0 -0.0739414,51.5144442,0</coordinates></LineString></Placemark>
  <Placemark><name>C1 Cycleway 1</name><styleUrl>#layer</styleUrl><ExtendedData><Data name="Label"><displayName>Label</displayName><value>C1</value></Data><Data name="Route_Name"><displayName>Route_Name</displayName><value>Cycleway 1</value></Data><Data name="Status"><displayName>Status</displayName><value>Open</value></Data><Data name="Programme"><displayName>Programme</displayName><value>Cycleways</value></Data></ExtendedData><MultiGeometry><LineString><tessellate>1</tessellate><coordinates>-0.0929859,51.5108798,0 -0.0927815,51.5118364,0 -0.0924799,51.5127212,0 -0.0923406,51.5135846,0 -0.0920876,51.5150822,0 -0.0928245,51.515207,0 -0.0932445,51.5154252,0 -0.094504,51.5157053,0 -0.0938344,51.5170593,0 -0.0935348,51.5176644,0 -0.0930073,51.5185261,0 -0.0911679,51.5181204,0 -0.0901598,51.519521,0 -0.0896624,51.5207269,0</coordinates></LineString><LineString><tessellate>1</tessellate><coordinates>-0.0896624,51.5207269,0 -0.0899206,51.5207581,0</coordinates></LineString><LineString><tessellate>1</tessellate><coordinates>-0.0829645,51.5300963,0 -0.0832056,51.529803,0 -0.0835729,51.5287659,0 -0.0836125,51.5271389,0 -0.0836588,51.5265375,0 -0.0837467,51.5263245,0 -0.083837,51.5261034,0 -0.0839042,51.5259296,0 -0.0837707,51.5258191,0 -0.0845666,51.5219297,0 -0.0850198,51.52075,0 -0.08521,51.5203395,0 -0.0896624,51.5207269,0</coordinates></LineString></MultiGeometry></Placemark>
  <Placemark><name>C14 Cycleway 14</name><styleUrl>#layer</styleUrl><ExtendedData><Data name="Label"><displayName>Label</displayName><value>C14</value></Data><Data name="Route_Name"><displayName>Route_Name</displayName><value>Cycleway 14</value></Data><Data name="Status"><displayName>Status</displayName><value>Open</value></Data><Data name="Programme"><displayName>Programme</displayName><value>Cycleways</value></Data></ExtendedData><LineString><tessellate>1</tessellate><coordinates>-0.0302022,51.4896429,0 -0.0322059,51.4926174,0 -0.0329611,51.4944827,0 -0.0331416,51.4946386,0 -0.0334467,51.4945807,0 -0.0343891,51.4964491,0 -0.0353739,51.4963308,0 -0.0364332,51.4984979,0 -0.0369411,51.4987492,0 -0.0395526,51.4989998,0 -0.0404625,51.4992848,0 -0.0410562,51.4992138,0 -0.0412691,51.4992893,0 -0.0410961,51.4996281,0 -0.0423411,51.5001615,0 -0.0442536,51.4999147,0 -0.0453609,51.5003019,0 -0.0464361,51.4994205,0 -0.0475948,51.4999524,0 -0.0482825,51.4993703,0 -0.0503606,51.5009787,0 -0.0511861,51.5005428,0 -0.0524549,51.5015351,0 -0.0545999,51.5009052,0 -0.0547928,51.5007736,0 -0.0546926,51.5004212,0 -0.0557026,51.5000512,0 -0.0578636,51.4997184,0 -0.0583149,51.5006251,0 -0.0598772,51.5004801,0 -0.0623943,51.5005847,0 -0.0631662,51.5003906,0 -0.0644351,51.5003666,0 -0.065079,51.4997927,0 -0.0686576,51.5010298,0 -0.0690233,51.5005592,0 -0.0705394,51.5004853,0 -0.0725162,51.5000772,0 -0.0738814,51.5005043,0 -0.0748635,51.5004485,0 -0.0773128,51.4997693,0 -0.0785928,51.500168,0 -0.0816935,51.5004437,0 -0.0817166,51.500579,0 -0.0835543,51.5003932,0 -0.0851617,51.5005454,0 -0.0856181,51.5013442,0 -0.0872077,51.501577,0 -0.0872495,51.5022971,0 -0.0883211,51.5021707,0 -0.0916606,51.5032862,0 -0.0949159,51.5040046,0 -0.0987465,51.503716,0</coordinates></LineString></Placemark>
  <Placemark><name>C17 Cycleway 17</name><styleUrl>#layer</styleUrl><ExtendedData><Data name="Label"><displayName>Label</displayName><value>C17</value></Data><Data name="Route_Name"><displayName>Route_Name</displayName><value>Cycleway 17</value></Data><Data name="Status"><displayName>Status</displayName><value>Open</value></Data><Data name="Programme"><displayName>Programme</displayName><value>Cycleways</value></Data></ExtendedData><MultiGeometry><LineString><tessellate>1</tessellate><coordinates>-0.0856937,51.4709941,0 -0.0850534,51.4711545,0 -0.0867623,51.4736735,0 -0.0872475,51.4775664,0 -0.087731,51.4784017,0 -0.0913147,51.4805285,0 -0.0882855,51.4816752,0 -0.0882746,51.4819358,0</coordinates></LineString><LineString><tessellate>1</tessellate><coordinates>-0.0855838,51.4815322,0 -0.0872489,51.482009,0 -0.0882746,51.4819358,0</coordinates></LineString><LineString><tessellate>1</tessellate><coordinates>-0.0882746,51.4819358,0 -0.0885076,51.4832526,0 -0.0879971,51.4834061,0 -0.0913647,51.4889916,0 -0.0939202,51.4923066,0 -0.0933664,51.4924594,0 -0.0938985,51.4928278,0 -0.0941763,51.4941093,0 -0.0955767,51.4943839,0 -0.0945862,51.4956808,0 -0.0906857,51.4980005,0 -0.0925441,51.4986962,0</coordinates></LineString></MultiGeometry></Placemark>
  <Placemark><name>C2 Cycleway 2</name><styleUrl>#layer</styleUrl><ExtendedData><Data name="Label"><displayName>Label</displayName><value>C2</value></Data><Data name="Route_Name"><displayName>Route_Name</displayName><value>Cycleway 2</value></Data><Data name="Status"><displayName>Status</displayName><value>Open</value></Data><Data name="Programme"><displayName>Programme</displayName><value>Cycleways</value></Data></ExtendedData><LineString><tessellate>1</tessellate><coordinates>-0.0739414,51.5144442,0 -0.0705019,51.5156825,0 -0.0669174,51.5172781,0 -0.063793,51.5182157,0 -0.0482446,51.5214739,0 -0.0407082,51.5227512,0 -0.0341274,51.5252581,0 -0.0250762,51.5272016,0 -0.0183081,51.5283466,0 -0.0133588,51.5300975,0</coordinates></LineString></Placemark>
  <Placemark><name>C4 Cycleway 4</name><styleUrl>#layer</styleUrl><ExtendedData><Data name="Label"><displayName>Label</displayName><value>C4</value></Data><Data name="Route_Name"><displayName>Route_Name</displayName><value>Cycleway 4</value></Data><Data name="Status"><displayName>Status</displayName><value>Open</value></Data><Data name="Programme"><displayName>Programme</displayName><value>Cycleways</value></Data></ExtendedData><LineString><tessellate>1</tessellate><coordinates>-0.0421422,51.490023,0 -0.0453759,51.4922174,0 -0.0476405,51.4934962,0 -0.050113,51.4946345,0 -0.0552409,51.4987126,0</coordinates></LineString></Placemark>
  <Placemark><name>C3 Cycleway 3</name><styleUrl>#layer</styleUrl><ExtendedData><Data name="Label"><displayName>Label</displayName><value>C3</value></Data><Data name="Route_Name"><displayName>Route_Name</displayName><value>Cycleway 3</value></Data><Data name="Status"><displayName>Status</displayName><value>Open</value></Data><Data name="Programme"><displayName>Programme</displayName><value>Cycleways</value></Data></ExtendedData><LineString><tessellate>1</tessellate><coordinates>0.081217,51.5278087,0 0.077281,51.5265385,0 0.0748675,51.5254571,0 0.0647021,51.5222281,0 0.0604538,51.5204052,0 0.0577252,51.5196707,0 0.0552024,51.5193462,0 0.0470176,51.5200469,0 0.0438894,51.5200386,0 0.0417128,51.5197168,0 0.0396707,51.5191768,0 0.0361027,51.5177101,0 0.0338847,51.5171011,0 0.0287831,51.516794,0 0.0250269,51.5172457,0 0.0180015,51.5171063,0 0.0161329,51.5168957,0 0.0080818,51.5153973,0 0.0025871,51.5140074,0 0.0013316,51.5129856,0 -0.0001243,51.5126508,0 0.0001349,51.5119898,0 -0.0000649,51.5117054,0 -0.0007477,51.5115822,0 -0.0004701,51.5110108,0 -0.0039586,51.5103328,0 -0.0034768,51.5094882,0 -0.0049886,51.5091902,0 -0.0062302,51.5091394,0 -0.0069316,51.5089175,0 -0.0104831,51.508771,0 -0.017321,51.5089409,0 -0.0212372,51.5093578,0 -0.0236476,51.5089398,0 -0.0242042,51.509066,0 -0.0245074,51.5087204,0 -0.0248705,51.5086546,0 -0.0268559,51.5093985,0 -0.0290806,51.509274,0 -0.0321051,51.5086503,0 -0.0378483,51.5098167,0 -0.0378722,51.5105995,0 -0.0394708,51.5106263,0 -0.0401276,51.5111049,0 -0.0407255,51.5112767,0 -0.0414973,51.5110918,0 -0.0421279,51.5111743,0 -0.0420829,51.5115512,0 -0.0426134,51.511614,0 -0.046756,51.5114672,0 -0.0526782,51.5108193,0 -0.0548274,51.5111158,0 -0.0648588,51.511102,0 -0.069386,51.5107181,0 -0.0714065,51.5103107,0 -0.0739681,51.5100561,0 -0.0763547,51.5095108,0 -0.0778138,51.5094269,0 -0.0798387,51.509595,0 -0.0810662,51.5091925,0 -0.0819932,51.5090818,0 -0.0881159,51.5098203,0 -0.0929859,51.5108798,0 -0.096355,51.5113033,0</coordinates></LineString></Placemark>
  <Placemark><name>CS7 Cycle Superhighway 7</name><styleUrl>#layer</styleUrl><ExtendedData><Data name="Label"><displayName>Label</displayName><value>CS7</value></Data><Data name="Route_Name"><displayName>Route_Name</displayName><value>Cycle Superhighway 7</value></Data><Data name="Status"><displayName>Status</displayName><value>Open</value></Data><Data name="Programme"><displayName>Programme</displayName><value>Cycle Superhighways</value></Data></ExtendedData><LineString><tessellate>1</tessellate><coordinates>-0.0930288,51.5108895,0 -0.0949211,51.5073321,0 -0.0959685,51.5029515,0</coordinates></LineString></Placemark>
  <Placemark><name>C Cycleway</name><styleUrl>#layer</styleUrl><ExtendedData><Data name="Label"><displayName>Label</displayName><value>C</value></Data><Data name="Route_Name"><displayName>Route_Name</displayName><value>Cycleway</value></Data><Data name="Status"><displayName>Status</displayName><value>Open</value></Data><Data name="Programme"><displayName>Programme</displayName><value>Cycleways</value></Data></ExtendedData><LineString><tessellate>1</tessellate><coordinates>0.0293286,51.4665321,0 0.0259102,51.4722477,0</coordinates></LineString></Placemark>
  <Placemark><name>C11 Cycleway 11</name><styleUrl>#layer</styleUrl><ExtendedData><Data name="Label"><displayName>Label</displayName><value>C11</value></Data><Data name="Route_Name"><displayName>Route_Name</displayName><value>Cycleway 11</value></Data><Data name="Status"><displayName>Status</displayName><value>Open</value></Data><Data name="Programme"><displayName>Programme</displayName><value>Cycleways</value></Data></ExtendedData><LineString><tessellate>1</tessellate><coordinates>-0.0929084,51.5320388,0 -0.0905625,51.5247074,0 -0.0897791,51.5231029,0 -0.0899206,51.5207581,0 -0.0902932,51.5208091,0</coordinates></LineString></Placemark>
  <Placemark><name>C33 Cycleway 33</name><styleUrl>#layer</styleUrl><ExtendedData><Data name="Label"><displayName>Label</displayName><value>C33</value></Data><Data name="Route_Name"><displayName>Route_Name</displayName><value>Cycleway 33</value></Data><Data name="Status"><displayName>Status</displayName><value>Open</value></Data><Data name="Programme"><displayName>Programme</displayName><value>Cycleways</value></Data></ExtendedData><MultiGeometry><LineString><tessellate>1</tessellate><coordinates>0.0666507,51.482175,0 0.0665378,51.4819072,0 0.0670435,51.4819432,0 0.0665258,51.4813228,0 0.0656262,51.4805383,0 0.0647432,51.4801222,0 0.0641987,51.4795473,0 0.0634169,51.4791384,0 0.0628512,51.4790494,0 0.0619251,51.4792726,0 0.061569,51.4787213,0 0.0580125,51.4787388,0 0.0544477,51.4782528,0 0.0523597,51.4789009,0</coordinates></LineString><LineString><tessellate>1</tessellate><coordinates>0.0673201,51.488692,0 0.0670409,51.4879325,0 0.0671198,51.485539,0 0.0665319,51.4836879,0 0.066651,51.4824987,0 0.066487,51.4823757,0 0.0665496,51.4821677,0 0.0666955,51.4822101,0</coordinates></LineString></MultiGeometry></Placemark>
  <Placemark><name>C13 Cycleway 13</name><styleUrl>#layer</styleUrl><ExtendedData><Data name="Label"><displayName>Label</displayName><value>C13</value></Data><Data name="Route_Name"><displayName>Route_Name</displayName><value>Cycleway 13</value></Data><Data name="Status"><displayName>Status</displayName><value>Open</value></Data><Data name="Programme"><displayName>Programme</displayName><value>Cycleways</value></Data></ExtendedData><MultiGeometry><LineString><tessellate>1</tessellate><coordinates>-0.0904828,51.5245443,0 -0.0853602,51.5246585,0 -0.0849001,51.5253164,0 -0.0839013,51.5259346,0</coordinates></LineString><LineString><tessellate>1</tessellate><coordinates>-0.08377,51.5258195,0 -0.0831813,51.5260797,0 -0.0814528,51.5260424,0 -0.0780119,51.5262737,0 -0.0779603,51.5264707,0 -0.0766121,51.5263047,0 -0.076517,51.5265099,0 -0.0733189,51.5274735,0 -0.0734299,51.5282577,0 -0.0709844,51.5284692,0 -0.070234,51.5288255,0 -0.0672652,51.5308358,0</coordinates></LineString></MultiGeometry></Placemark>
  <Placemark><name>C22 Cycleway 22</name><styleUrl>#layer</styleUrl><ExtendedData><Data name="Label"><displayName>Label</displayName><value>C22</value></Data><Data name="Route_Name"><displayName>Route_Name</displayName><value>Cycleway 22</value></Data><Data name="Status"><displayName>Status</displayName><value>Open</value></Data><Data name="Programme"><displayName>Programme</displayName><value>Cycleways</value></Data></ExtendedData><LineString><tessellate>1</tessellate><coordinates>0.0593133,51.5200476,0 0.0587264,51.5207773,0 0.0232841,51.5254056,0 0.0201272,51.5263865,0 0.0115564,51.5301403,0 0.0109113,51.5302233,0 0.0055071,51.5299473,0 0.0001289,51.5309205,0</coordinates></LineString></Placemark>
  <Placemark><name>C37 Cycleway 37</name><styleUrl>#layer</styleUrl><ExtendedData><Data name="Label"><displayName>Label</displayName><value>C37</value></Data><Data name="Route_Name"><displayName>Route_Name</displayName><value>Cycleway 37</value></Data><Data name="Status"><displayName>Status</displayName><value>Open</value></Data><Data name="Programme"><displayName>Programme</displayName><value>Cycleways</value></Data></ExtendedData><LineString><tessellate>1</tessellate><coordinates>-0.0335773,51.5216338,0 -0.0347402,51.5250885,0</coordinates></LineString></Placemark>
  <Placemark><name>C14 Cycleway 14</name><styleUrl>#layer</styleUrl><ExtendedData><Data name="Label"><displayName>Label</displayName><value>C14</value></Data><Data name="Route_Name"><displayName>Route_Name</displayName><value>Cycleway 14</value></Data><Data name="Status"><displayName>Status</displayName><value>Open</value></Data><Data name="Programme"><displayName>Programme</displayName><value>Cycleways</value></Data></ExtendedData><LineString><tessellate>1</tessellate><coordinates>-0.0302022,51.4896429,0 -0.0296933,51.4890858,0 -0.0297722,51.4889252,0 -0.0317158,51.4882834,0 -0.0334335,51.4871972,0 -0.0317255,51.4857206,0 -0.0318111,51.4840673,0 -0.0306165,51.4840472,0 -0.0305433,51.4834074,0 -0.0255308,51.483413,0 -0.0251656,51.4848637,0 -0.0244778,51.4847802,0 -0.0243175,51.4844897,0 -0.0227063,51.4841117,0 -0.0219734,51.4844051,0 -0.0192871,51.4835773,0 -0.0192681,51.4833522,0 -0.0188149,51.4831736,0 -0.0187193,51.4827224,0 -0.0178095,51.4827789,0 -0.0177942,51.4831294,0 -0.0175484,51.4831522,0 -0.0150116,51.4828665,0 -0.0122161,51.4829001,0 -0.010829,51.4830025,0 -0.0107049,51.4832072,0 -0.010144,51.4831887,0 -0.009542,51.4833602,0 -0.0093328,51.4830156,0 -0.0084956,51.4832705,0 -0.0069207,51.4838274,0 -0.0057337,51.4842122,0 -0.0045607,51.4845924,0 -0.0035776,51.4834908,0 -0.0007482,51.4842969,0 0.001515,51.484672,0 0.0016061,51.4847784,0 0.0005275,51.4854712,0 0.0023149,51.4868167,0 0.004078,51.4889179,0 0.0059872,51.4887684,0 0.0082509,51.4888196,0 0.0082071,51.4884786,0 0.0105196,51.4883311,0 0.0104482,51.4889978,0 0.0113971,51.489611,0 0.0111919,51.4898573,0 0.0119266,51.4901865,0 0.011777,51.4903869,0 0.0119816,51.4907791,0 0.0148146,51.4926279,0 0.0160317,51.4927869,0 0.0163659,51.4935005,0 0.0163445,51.4943193,0 0.0175412,51.4946674,0 0.01892,51.494248,0 0.019363,51.4948159,0 0.0217087,51.4944337,0 0.0215144,51.4939515,0 0.0244446,51.4934333,0 0.0261712,51.4933855,0 0.028935,51.4936614,0 0.0356411,51.4947861,0 0.037093,51.4947159,0 0.0374384,51.4940624,0 0.0402012,51.4943111,0 0.0448162,51.4940958,0 0.0447808,51.494591,0 0.0468006,51.4946547,0 0.0467464,51.4950513,0 0.0549478,51.4944941,0 0.0595364,51.4943327,0 0.0612016,51.4945192,0 0.061321,51.4942923,0 0.0620018,51.4940555,0 0.0624493,51.4940746,0 0.0623891,51.4943365,0 0.0642628,51.4946722,0 0.0709903,51.4949762,0 0.0708964,51.4951308,0 0.0766371,51.4962253,0 0.0820223,51.4986837,0</coordinates></LineString></Placemark>
  <Placemark><name>C11 Cycleway 11</name><styleUrl>#layer</styleUrl><ExtendedData><Data name="Label"><displayName>Label</displayName><value>C11</value></Data><Data name="Route_Name"><displayName>Route_Name</displayName><value>Cycleway 11</value></Data><Data name="Status"><displayName>Status</displayName><value>Open</value></Data><Data name="Programme"><displayName>Programme</displayName><value>Cycleways</value></Data></ExtendedData><LineString><tessellate>1</tessellate><coordinates>-0.0902932,51.5208091,0 -0.0923457,51.5210224,0 -0.0972699,51.5201223,0</coordinates></LineString></Placemark>
  <Placemark><name>C4 Cycleway 4</name><styleUrl>#layer</styleUrl><ExtendedData><Data name="Label"><displayName>Label</displayName><value>C4</value></Data><Data name="Route_Name"><displayName>Route_Name</displayName><value>Cycleway 4</value></Data><Data name="Status"><displayName>Status</displayName><value>Open</value></Data><Data name="Programme"><displayName>Programme</displayName><value>Cycleways</value></Data></ExtendedData><LineString><tessellate>1</tessellate><coordinates>-0.0148443,51.4814158,0 -0.0233529,51.4808222,0 -0.0278129,51.4819316,0 -0.0323989,51.4841311,0 -0.036369,51.4869317,0 -0.0402327,51.4888669,0 -0.0421422,51.490023,0</coordinates></LineString></Placemark>
  <Placemark><name>C Cycleway</name><styleUrl>#layer</styleUrl><ExtendedData><Data name="Label"><displayName>Label</displayName><value>C</value></Data><Data name="Route_Name"><displayName>Route_Name</displayName><value>Cycleway</value></Data><Data name="Status"><displayName>Status</displayName><value>Open</value></Data><Data name="Programme"><displayName>Programme</displayName><value>Cycleways</value></Data></ExtendedData><LineString><tessellate>1</tessellate><coordinates>-0.08521,51.5203395,0 -0.0832728,51.5197862,0 -0.0815796,51.5209725,0 -0.0788623,51.5204603,0</coordinates></LineString></Placemark>
  <Placemark><name>C4 Cycleway 4</name><styleUrl>#layer</styleUrl><ExtendedData><Data name="Label"><displayName>Label</displayName><value>C4</value></Data><Data name="Route_Name"><displayName>Route_Name</displayName><value>Cycleway 4</value></Data><Data name="Status"><displayName>Status</displayName><value>Open</value></Data><Data name="Programme"><displayName>Programme</displayName><value>Cycleways</value></Data></ExtendedData><MultiGeometry><LineString><tessellate>1</tessellate><coordinates>-0.0725162,51.5000772,0 -0.0697079,51.498682,0 -0.0685565,51.4983123,0 -0.0666954,51.4980298,0 -0.0649355,51.4980817,0 -0.0554373,51.4991745,0 -0.0549816,51.4990501,0 -0.0549942,51.4987535,0 -0.0555413,51.4987626,0 -0.0556719,51.4990795,0</coordinates></LineString><LineString><tessellate>1</tessellate><coordinates>-0.0738814,51.5005043,0 -0.0759321,51.5014193,0 -0.0784891,51.5029721,0 -0.0820539,51.5042086,0 -0.0841263,51.5050383,0 -0.0849417,51.5053935,0 -0.0856471,51.5056758,0 -0.0859669,51.5057751,0 -0.0869466,51.5059341,0 -0.0880254,51.5060971,0</coordinates></LineString></MultiGeometry></Placemark>
  <Placemark><name>C Cycleway</name><styleUrl>#layer</styleUrl><ExtendedData><Data name="Label"><displayName>Label</displayName><value>C</value></Data><Data name="Route_Name"><displayName>Route_Name</displayName><value>Cycleway</value></Data><Data name="Status"><displayName>Status</displayName><value>Open</value></Data><Data name="Programme"><displayName>Programme</displayName><value>Cycleways</value></Data></ExtendedData><LineString><tessellate>1</tessellate><coordinates>-0.0209965,51.478169,0 -0.0210867,51.4766201,0 -0.0223473,51.476318,0 -0.0227646,51.4762964,0 -0.0233474,51.4755138,0 -0.0236696,51.4750536,0 -0.0239617,51.4746364,0 -0.0227614,51.474452,0 -0.0225589,51.4738841,0 -0.0220751,51.47375,0 -0.0218943,51.4726049,0 -0.0225224,51.4720669,0 -0.0222692,51.471595,0 -0.0206496,51.4700927,0 -0.0193991,51.4693791,0</coordinates></LineString></Placemark>
  <Placemark><name>C Cycleway</name><styleUrl>#layer</styleUrl><ExtendedData><Data name="Label"><displayName>Label</displayName><value>C</value></Data><Data name="Route_Name"><displayName>Route_Name</displayName><value>Cycleway</value></Data><Data name="Status"><displayName>Status</displayName><value>Open</value></Data><Data name="Programme"><displayName>Programme</displayName><value>Cycleways</value></Data></ExtendedData><LineString><tessellate>1</tessellate><coordinates>-0.0319455,51.4759397,0 -0.0322861,51.4773934,0 -0.0366782,51.4767296,0 -0.037017,51.4768882,0 -0.0376504,51.4789043,0 -0.0389328,51.481237,0 -0.0397924,51.4823486,0 -0.0396728,51.4827872,0</coordinates></LineString></Placemark>
  <Placemark><name>C18 Cycleway 18</name><styleUrl>#layer</styleUrl><ExtendedData><Data name="Label"><displayName>Label</displayName><value>C18</value></Data><Data name="Route_Name"><displayName>Route_Name</displayName><value>Cycleway 18</value></Data><Data name="Status"><displayName>Status</displayName><value>Open</value></Data><Data name="Programme"><displayName>Programme</displayName><value>Cycleways</value></Data></ExtendedData><LineString><tessellate>1</tessellate><coordinates>-0.0227572,51.4762999,0 -0.0225179,51.4768451,0 -0.0225236,51.4772153,0 -0.0227021,51.4778956,0 -0.0228347,51.4784008,0 -0.0229858,51.4792014,0 -0.0231451,51.4808118,0</coordinates></LineString></Placemark>
  <Placemark><name>C10 Cycleway 10</name><styleUrl>#layer</styleUrl><ExtendedData><Data name="Label"><displayName>Label</displayName><value>C10</value></Data><Data name="Route_Name"><displayName>Route_Name</displayName><value>Cycleway 10</value></Data><Data name="Status"><displayName>Status</displayName><value>Open</value></Data><Data name="Programme"><displayName>Programme</displayName><value>Cycleways</value></Data></ExtendedData><LineString><tessellate>1</tessellate><coordinates>-0.015306,51.477651,0 -0.015306,51.477651,0 -0.0157888,51.4774889,0 -0.0163148,51.4773321,0 -0.0168881,51.4772131,0 -0.0172005,51.4771199,0 -0.0174399,51.4773313,0 -0.0175545,51.4776506,0 -0.0176388,51.4779463,0</coordinates></LineString></Placemark>
  <Placemark><name>C54 Cycleways 54</name><styleUrl>#layer</styleUrl><ExtendedData><Data name="Label"><displayName>Label</displayName><value>C54</value></Data><Data name="Route_Name"><displayName>Route_Name</displayName><value>Cycleways 54</value></Data><Data name="Status"><displayName>Status</displayName><value>Open</value></Data><Data name="Programme"><displayName>Programme</displayName><value>Cycleways</value></Data></ExtendedData><LineString><tessellate>1</tessellate><coordinates>0.0081642,51.5153859,0 0.012928,51.5097072,0 0.0146639,51.5076377,0 0.0155093,51.5066297,0 0.015949,51.5061054,0 0.0163447,51.5056673,0 0.017896,51.5048677,0 0.0183892,51.5046135,0 0.0201328,51.5039043,0 0.0224447,51.5031663,0 0.0234774,51.502876,0 0.0238917,51.5027369,0 0.0246405,51.5025541,0 0.0247882,51.5025264,0 0.0260626,51.5023376,0 0.0271142,51.5022208,0 0.0296893,51.5022298,0 0.0331336,51.5025276,0 0.0348356,51.5026244,0 0.0372326,51.5026841,0 0.0383377,51.5027116,0 0.0390606,51.5028102,0 0.0393254,51.5030464,0 0.0394353,51.5033229,0 0.0394968,51.5036155,0 0.0396417,51.5044138,0</coordinates></LineString></Placemark>
  <Placemark><name>C4 Cycleway 4</name><styleUrl>#layer</styleUrl><ExtendedData><Data name="Label"><displayName>Label</displayName><value>C4</value></Data><Data name="Route_Name"><displayName>Route_Name</displayName><value>Cycleway 4</value></Data><Data name="Status"><displayName>Status</displayName><value>Open</value></Data><Data name="Programme"><displayName>Programme</displayName><value>Cycleways</value></Data></ExtendedData><LineString><tessellate>1</tessellate><coordinates>0.0016061,51.4847784,0 0.0024817,51.485366,0 0.0043272,51.4850826,0 0.0055616,51.4853134,0 0.0084408,51.4862623,0 0.0094246,51.4863624,0 0.0148854,51.4860799,0 0.0200882,51.4867997,0 0.0226885,51.486647,0 0.0241085,51.4871621,0 0.0314022,51.4879262,0</coordinates></LineString></Placemark>
  <Placemark><name>C10 Cycleway 10</name><styleUrl>#layer</styleUrl><ExtendedData><Data name="Label"><displayName>Label</displayName><value>C10</value></Data><Data name="Route_Name"><displayName>Route_Name</displayName><value>Cycleway 10</value></Data><Data name="Status"><displayName>Status</displayName><value>Open</value></Data><Data name="Programme"><displayName>Programme</displayName><value>Cycleways</value></Data></ExtendedData><MultiGeometry><LineString><tessellate>1</tessellate><coordinates>-0.0069087,51.4797703,0 -0.0081025,51.4794759,0 -0.0091874,51.4800249,0 -0.0097346,51.4800252,0 -0.0114718,51.4794881,0 -0.0130737,51.4784181,0 -0.0136377,51.4783647,0 -0.0152031,51.4784631,0 -0.0171379,51.4793412,0 -0.0175988,51.4790073,0 -0.0176363,51.4779463,0 -0.0180062,51.4779609,0 -0.0187824,51.4779932,0 -0.0189853,51.4779835,0 -0.0196862,51.4780753,0 -0.0209944,51.4781737,0 -0.0208305,51.4786481,0 -0.0204642,51.4793525,0 -0.0229216,51.4791422,0 -0.0230593,51.4792884,0 -0.0244875,51.4792316,0 -0.0261503,51.4797452,0 -0.026195,51.4800428,0 -0.0269609,51.4799837,0 -0.0279874,51.4802258,0 -0.0281625,51.4808403,0 -0.0307506,51.4806051,0 -0.0311218,51.481016,0 -0.0383524,51.4836824,0 -0.03894,51.4830807,0 -0.0396728,51.4827872,0 -0.0407527,51.483129,0 -0.0422376,51.4844399,0 -0.0426192,51.4842754,0 -0.0494268,51.484398,0 -0.049265,51.4851507,0 -0.0488067,51.4857636,0 -0.0500618,51.4867288,0 -0.0512483,51.4872791,0 -0.0549611,51.488375,0 -0.0549945,51.4882677,0 -0.0586218,51.4886696,0 -0.0595071,51.4885134,0 -0.0609249,51.4887077,0 -0.0625929,51.4884386,0 -0.0640596,51.4884988,0 -0.0647438,51.4883302,0 -0.0662272,51.4883367,0 -0.0667904,51.488449,0 -0.0671005,51.488462,0 -0.0679727,51.4885802,0 -0.0688566,51.4887172,0 -0.0692328,51.4887273,0 -0.0695065,51.4887113,0 -0.0699986,51.4887407,0 -0.0724035,51.4891479,0 -0.0743276,51.4895853,0 -0.0744924,51.4896985,0 -0.0744909,51.4898128,0 -0.0738946,51.4906303,0 -0.0753512,51.4912748,0 -0.0752788,51.491369,0 -0.0759443,51.4917384,0 -0.0767264,51.4921705,0 -0.0783301,51.4930593,0 -0.0804139,51.4945503,0 -0.0813771,51.4949438,0 -0.0821118,51.4954681,0 -0.082872,51.4959782,0 -0.0829624,51.495917,0 -0.0841602,51.4966948,0 -0.0853516,51.497392,0</coordinates></LineString><LineString><tessellate>1</tessellate><coordinates>-0.0853375,51.4973827,0 -0.0856183,51.4973299,0 -0.0858781,51.4973459,0 -0.0860093,51.4974362,0 -0.086178,51.4975291,0 -0.0869303,51.4971064,0 -0.087332,51.4968837,0 -0.0877433,51.4967025,0 -0.0908503,51.4995769,0 -0.0917734,51.4991387,0 -0.0922948,51.4989062,0 -0.0925441,51.4986962,0 -0.0937283,51.4991548,0 -0.0948305,51.4995214,0 -0.0956724,51.4999583,0</coordinates></LineString></MultiGeometry></Placemark>
  <Placemark><name>C35 Cycleway 35</name><styleUrl>#layer</styleUrl><ExtendedData><Data name="Label"><displayName>Label</displayName><value>C35</value></Data><Data name="Route_Name"><displayName>Route_Name</displayName><value>Cycleway 35</value></Data><Data name="Status"><displayName>Status</displayName><value>Open</value></Data><Data name="Programme"><displayName>Programme</displayName><value>Cycleways</value></Data></ExtendedData><LineString><tessellate>1</tessellate><coordinates>-0.0724157,51.4891492,0 -0.0725888,51.4888013,0 -0.0715574,51.4886674,0 -0.0729412,51.4872783,0 -0.0719064,51.4868835,0 -0.0724863,51.4861107,0 -0.0727061,51.4843157,0 -0.0722823,51.4830947,0 -0.072911,51.4828712,0 -0.0740162,51.4829613,0 -0.0740124,51.4792921,0 -0.0719871,51.4743845,0 -0.0702663,51.474554,0</coordinates></LineString></Placemark>
  <Placemark><name>C Cycleway</name><styleUrl>#layer</styleUrl><ExtendedData><Data name="Label"><displayName>Label</displayName><value>C</value></Data><Data name="Route_Name"><displayName>Route_Name</displayName><value>Cycleway</value></Data><Data name="Status"><displayName>Status</displayName><value>Open</value></Data><Data name="Programme"><displayName>Programme</displayName><value>Cycleways</value></Data></ExtendedData><LineString><tessellate>1</tessellate><coordinates>-0.0728994,51.5101105,0 -0.0726981,51.5104399,0 -0.0728784,51.5112882,0 -0.0732569,51.5132459,0 -0.0739414,51.5144442,0</coordinates></LineString></Placemark>
  <Placemark><name>C1 Cycleway 1</name><styleUrl>#layer</styleUrl><ExtendedData><Data name="Label"><displayName>Label</displayName><value>C1</value></Data><Data name="Route_Name"><displayName>Route_Name</displayName><value>Cycleway 1</value></Data><Data name="Status"><displayName>Status</displayName><value>Open</value></Data><Data name="Programme"><displayName>Programme</displayName><value>Cycleways</value></Data></ExtendedData><MultiGeometry><LineString><tessellate>1</tessellate><coordinates>-0.0929859,51.5108798,0 -0.0927815,51.5118364,0 -0.0924799,51.5127212,0 -0.0923406,51.5135846,0 -0.0920876,51.5150822,0 -0.0928245,51.515207,0 -0.0932445,51.5154252,0 -0.094504,51.5157053,0 -0.0938344,51.5170593,0 -0.0935348,51.5176644,0 -0.0930073,51.5185261,0 -0.0911679,51.5181204,0 -0.0901598,51.519521,0 -0.0896624,51.5207269,0</coordinates></LineString><LineString><tessellate>1</tessellate><coordinates>-0.0896624,51.5207269,0 -0.0899206,51.5207581,0</coordinates></LineString><LineString><tessellate>1</tessellate><coordinates>-0.0829645,51.5300963,0 -0.0832056,51.529803,0 -0.0835729,51.5287659,0 -0.0836125,51.5271389,0 -0.0836588,51.5265375,0 -0.0837467,51.5263245,0 -0.083837,51.5261034,0 -0.0839042,51.5259296,0 -0.0837707,51.5258191,0 -0.0845666,51.5219297,0 -0.0850198,51.52075,0 -0.08521,51.5203395,0 -0.0896624,51.5207269,0</coordinates></LineString></MultiGeometry></Placemark>
  <Placemark><name>C14 Cycleway 14</name><styleUrl>#layer</styleUrl><ExtendedData><Data name="Label"><displayName>Label</displayName><value>C14</value></Data><Data name="Route_Name"><displayName>Route_Name</displayName><value>Cycleway 14</value></Data><Data name="Status"><displayName>Status</displayName><value>Open</value></Data><Data name="Programme"><displayName>Programme</displayName><value>Cycleways</value></Data></ExtendedData><LineString><tessellate>1</tessellate><coordinates>-0.0302022,51.4896429,0 -0.0322059,51.4926174,0 -0.0329611,51.4944827,0 -0.0331416,51.4946386,0 -0.0334467,51.4945807,0 -0.0343891,51.4964491,0 -0.0353739,51.4963308,0 -0.0364332,51.4984979,0 -0.0369411,51.4987492,0 -0.0395526,51.4989998,0 -0.0404625,51.4992848,0 -0.0410562,51.4992138,0 -0.0412691,51.4992893,0 -0.0410961,51.4996281,0 -0.0423411,51.5001615,0 -0.0442536,51.4999147,0 -0.0453609,51.5003019,0 -0.0464361,51.4994205,0 -0.0475948,51.4999524,0 -0.0482825,51.4993703,0 -0.0503606,51.5009787,0 -0.0511861,51.5005428,0 -0.0524549,51.5015351,0 -0.0545999,51.5009052,0 -0.0547928,51.5007736,0 -0.0546926,51.5004212,0 -0.0557026,51.5000512,0 -0.0578636,51.4997184,0 -0.0583149,51.5006251,0 -0.0598772,51.5004801,0 -0.0623943,51.5005847,0 -0.0631662,51.5003906,0 -0.0644351,51.5003666,0 -0.065079,51.4997927,0 -0.0686576,51.5010298,0 -0.0690233,51.5005592,0 -0.0705394,51.5004853,0 -0.0725162,51.5000772,0 -0.0738814,51.5005043,0 -0.0748635,51.5004485,0 -0.0773128,51.4997693,0 -0.0785928,51.500168,0 -0.0816935,51.5004437,0 -0.0817166,51.500579,0 -0.0835543,51.5003932,0 -0.0851617,51.5005454,0 -0.0856181,51.5013442,0 -0.0872077,51.501577,0 -0.0872495,51.5022971,0 -0.0883211,51.5021707,0 -0.0916606,51.5032862,0 -0.0949159,51.5040046,0 -0.0987465,51.503716,0</coordinates></LineString></Placemark>
  <Placemark><name>C17 Cycleway 17</name><styleUrl>#layer</styleUrl><ExtendedData><Data name="Label"><displayName>Label</displayName><value>C17</value></Data><Data name="Route_Name"><displayName>Route_Name</displayName><value>Cycleway 17</value></Data><Data name="Status"><displayName>Status</displayName><value>Open</value></Data><Data name="Programme"><displayName>Programme</displayName><value>Cycleways</value></Data></ExtendedData><MultiGeometry><LineString><tessellate>1</tessellate><coordinates>-0.0856937,51.4709941,0 -0.0850534,51.4711545,0 -0.0867623,51.4736735,0 -0.0872475,51.4775664,0 -0.087731,51.4784017,0 -0.0913147,51.4805285,0 -0.0882855,51.4816752,0 -0.0882746,51.4819358,0</coordinates></LineString><LineString><tessellate>1</tessellate><coordinates>-0.0855838,51.4815322,0 -0.0872489,51.482009,0 -0.0882746,51.4819358,0</coordinates></LineString><LineString><tessellate>1</tessellate><coordinates>-0.0882746,51.4819358,0 -0.0885076,51.4832526,0 -0.0879971,51.4834061,0 -0.0913647,51.4889916,0 -0.0939202,51.4923066,0 -0.0933664,51.4924594,0 -0.0938985,51.4928278,0 -0.0941763,51.4941093,0 -0.0955767,51.4943839,0 -0.0945862,51.4956808,0 -0.0906857,51.4980005,0 -0.0925441,51.4986962,0</coordinates></LineString></MultiGeometry></Placemark>
  <Placemark><name>C2 Cycleway 2</name><styleUrl>#layer</styleUrl><ExtendedData><Data name="Label"><displayName>Label</displayName><value>C2</value></Data><Data name="Route_Name"><displayName>Route_Name</displayName><value>Cycleway 2</value></Data><Data name="Status"><displayName>Status</displayName><value>Open</value></Data><Data name="Programme"><displayName>Programme</displayName><value>Cycleways</value></Data></ExtendedData><LineString><tessellate>1</tessellate><coordinates>-0.0739414,51.5144442,0 -0.0705019,51.5156825,0 -0.0669174,51.5172781,0 -0.063793,51.5182157,0 -0.0482446,51.5214739,0 -0.0407082,51.5227512,0 -0.0341274,51.5252581,0 -0.0250762,51.5272016,0 -0.0183081,51.5283466,0 -0.0133588,51.5300975,0</coordinates></LineString></Placemark>
  <Placemark><name>C4 Cycleway 4</name><styleUrl>#layer</styleUrl><ExtendedData><Data name="Label"><displayName>Label</displayName><value>C4</value></Data><Data name="Route_Name"><displayName>Route_Name</displayName><value>Cycleway 4</value></Data><Data name="Status"><displayName>Status</displayName><value>Open</value></Data><Data name="Programme"><displayName>Programme</displayName><value>Cycleways</value></Data></ExtendedData><LineString><tessellate>1</tessellate><coordinates>-0.0421422,51.490023,0 -0.0453759,51.4922174,0 -0.0476405,51.4934962,0 -0.050113,51.4946345,0 -0.0552409,51.4987126,0</coordinates></LineString></Placemark>
  <Placemark><name>C3 Cycleway 3</name><styleUrl>#layer</styleUrl><ExtendedData><Data name="Label"><displayName>Label</displayName><value>C3</value></Data><Data name="Route_Name"><displayName>Route_Name</displayName><value>Cycleway 3</value></Data><Data name="Status"><displayName>Status</displayName><value>Open</value></Data><Data name="Programme"><displayName>Programme</displayName><value>Cycleways</value></Data></ExtendedData><LineString><tessellate>1</tessellate><coordinates>0.081217,51.5278087,0 0.077281,51.5265385,0 0.0748675,51.5254571,0 0.0647021,51.5222281,0 0.0604538,51.5204052,0 0.0577252,51.5196707,0 0.0552024,51.5193462,0 0.0470176,51.5200469,0 0.0438894,51.5200386,0 0.0417128,51.5197168,0 0.0396707,51.5191768,0 0.0361027,51.5177101,0 0.0338847,51.5171011,0 0.0287831,51.516794,0 0.0250269,51.5172457,0 0.0180015,51.5171063,0 0.0161329,51.5168957,0 0.0080818,51.5153973,0 0.0025871,51.5140074,0 0.0013316,51.5129856,0 -0.0001243,51.5126508,0 0.0001349,51.5119898,0 -0.0000649,51.5117054,0 -0.0007477,51.5115822,0 -0.0004701,51.5110108,0 -0.0039586,51.5103328,0 -0.0034768,51.5094882,0 -0.0049886,51.5091902,0 -0.0062302,51.5091394,0 -0.0069316,51.5089175,0 -0.0104831,51.508771,0 -0.017321,51.5089409,0 -0.0212372,51.5093578,0 -0.0236476,51.5089398,0 -0.0242042,51.509066,0 -0.0245074,51.5087204,0 -0.0248705,51.5086546,0 -0.0268559,51.5093985,0 -0.0290806,51.509274,0 -0.0321051,51.5086503,0 -0.0378483,51.5098167,0 -0.0378722,51.5105995,0 -0.0394708,51.5106263,0 -0.0401276,51.5111049,0 -0.0407255,51.5112767,0 -0.0414973,51.5110918,0 -0.0421279,51.5111743,0 -0.0420829,51.5115512,0 -0.0426134,51.511614,0 -0.046756,51.5114672,0 -0.0526782,51.5108193,0 -0.0548274,51.5111158,0 -0.0648588,51.511102,0 -0.069386,51.5107181,0 -0.0714065,51.5103107,0 -0.0739681,51.5100561,0 -0.0763547,51.5095108,0 -0.0778138,51.5094269,0 -0.0798387,51.509595,0 -0.0810662,51.5091925,0 -0.0819932,51.5090818,0 -0.0881159,51.5098203,0 -0.0929859,51.5108798,0 -0.096355,51.5113033,0</coordinates></LineString></Placemark>
  <Placemark><name>CS7 Cycle Superhighway 7</name><styleUrl>#layer</styleUrl><ExtendedData><Data name="Label"><displayName>Label</displayName><value>CS7</value></Data><Data name="Route_Name"><displayName>Route_Name</displayName><value>Cycle Superhighway 7</value></Data><Data name="Status"><displayName>Status</displayName><value>Open</value></Data><Data name="Programme"><displayName>Programme</displayName><value>Cycle Superhighways</value></Data></ExtendedData><LineString><tessellate>1</tessellate><coordinates>-0.0930288,51.5108895,0 -0.0949211,51.5073321,0 -0.0959685,51.5029515,0</coordinates></LineString></Placemark>
  <Placemark><name>C Cycleway</name><styleUrl>#layer</styleUrl><ExtendedData><Data name="Label"><displayName>Label</displayName><value>C</value></Data><Data name="Route_Name"><displayName>Route_Name</displayName><value>Cycleway</value></Data><Data name="Status"><displayName>Status</displayName><value>Open</value></Data><Data name="Programme"><displayName>Programme</displayName><value>Cycleways</value></Data></ExtendedData><LineString><tessellate>1</tessellate><coordinates>0.0293286,51.4665321,0 0.0259102,51.4722477,0</coordinates></LineString></Placemark>
  <Placemark><name>C11 Cycleway 11</name><styleUrl>#layer</styleUrl><ExtendedData><Data name="Label"><displayName>Label</displayName><value>C11</value></Data><Data name="Route_Name"><displayName>Route_Name</displayName><value>Cycleway 11</value></Data><Data name="Status"><displayName>Status</displayName><value>Open</value></Data><Data name="Programme"><displayName>Programme</displayName><value>Cycleways</value></Data></ExtendedData><LineString><tessellate>1</tessellate><coordinates>-0.0929084,51.5320388,0 -0.0905625,51.5247074,0 -0.0897791,51.5231029,0 -0.0899206,51.5207581,0 -0.0902932,51.5208091,0</coordinates></LineString></Placemark>
  <Placemark><name>C33 Cycleway 33</name><styleUrl>#layer</styleUrl><ExtendedData><Data name="Label"><displayName>Label</displayName><value>C33</value></Data><Data name="Route_Name"><displayName>Route_Name</displayName><value>Cycleway 33</value></Data><Data name="Status"><displayName>Status</displayName><value>Open</value></Data><Data name="Programme"><displayName>Programme</displayName><value>Cycleways</value></Data></ExtendedData><MultiGeometry><LineString><tessellate>1</tessellate><coordinates>0.0666507,51.482175,0 0.0665378,51.4819072,0 0.0670435,51.4819432,0 0.0665258,51.4813228,0 0.0656262,51.4805383,0 0.0647432,51.4801222,0 0.0641987,51.4795473,0 0.0634169,51.4791384,0 0.0628512,51.4790494,0 0.0619251,51.4792726,0 0.061569,51.4787213,0 0.0580125,51.4787388,0 0.0544477,51.4782528,0 0.0523597,51.4789009,0</coordinates></LineString><LineString><tessellate>1</tessellate><coordinates>0.0673201,51.488692,0 0.0670409,51.4879325,0 0.0671198,51.485539,0 0.0665319,51.4836879,0 0.066651,51.4824987,0 0.066487,51.4823757,0 0.0665496,51.4821677,0 0.0666955,51.4822101,0</coordinates></LineString></MultiGeometry></Placemark>
  <Placemark><name>C13 Cycleway 13</name><styleUrl>#layer</styleUrl><ExtendedData><Data name="Label"><displayName>Label</displayName><value>C13</value></Data><Data name="Route_Name"><displayName>Route_Name</displayName><value>Cycleway 13</value></Data><Data name="Status"><displayName>Status</displayName><value>Open</value></Data><Data name="Programme"><displayName>Programme</displayName><value>Cycleways</value></Data></ExtendedData><MultiGeometry><LineString><tessellate>1</tessellate><coordinates>-0.0904828,51.5245443,0 -0.0853602,51.5246585,0 -0.0849001,51.5253164,0 -0.0839013,51.5259346,0</coordinates></LineString><LineString><tessellate>1</tessellate><coordinates>-0.08377,51.5258195,0 -0.0831813,51.5260797,0 -0.0814528,51.5260424,0 -0.0780119,51.5262737,0 -0.0779603,51.5264707,0 -0.0766121,51.5263047,0 -0.076517,51.5265099,0 -0.0733189,51.5274735,0 -0.0734299,51.5282577,0 -0.0709844,51.5284692,0 -0.070234,51.5288255,0 -0.0672652,51.5308358,0</coordinates></LineString></MultiGeometry></Placemark>
  <Placemark><name>C22 Cycleway 22</name><styleUrl>#layer</styleUrl><ExtendedData><Data name="Label"><displayName>Label</displayName><value>C22</value></Data><Data name="Route_Name"><displayName>Route_Name</displayName><value>Cycleway 22</value></Data><Data name="Status"><displayName>Status</displayName><value>Open</value></Data><Data name="Programme"><displayName>Programme</displayName><value>Cycleways</value></Data></ExtendedData><LineString><tessellate>1</tessellate><coordinates>0.0593133,51.5200476,0 0.0587264,51.5207773,0 0.0232841,51.5254056,0 0.0201272,51.5263865,0 0.0115564,51.5301403,0 0.0109113,51.5302233,0 0.0055071,51.5299473,0 0.0001289,51.5309205,0</coordinates></LineString></Placemark>
  <Placemark><name>C37 Cycleway 37</name><styleUrl>#layer</styleUrl><ExtendedData><Data name="Label"><displayName>Label</displayName><value>C37</value></Data><Data name="Route_Name"><displayName>Route_Name</displayName><value>Cycleway 37</value></Data><Data name="Status"><displayName>Status</displayName><value>Open</value></Data><Data name="Programme"><displayName>Programme</displayName><value>Cycleways</value></Data></ExtendedData><LineString><tessellate>1</tessellate><coordinates>-0.0335773,51.5216338,0 -0.0347402,51.5250885,0</coordinates></LineString></Placemark>
  <Placemark><name>C14 Cycleway 14</name><styleUrl>#layer</styleUrl><ExtendedData><Data name="Label"><displayName>Label</displayName><value>C14</value></Data><Data name="Route_Name"><displayName>Route_Name</displayName><value>Cycleway 14</value></Data><Data name="Status"><displayName>Status</displayName><value>Open</value></Data><Data name="Programme"><displayName>Programme</displayName><value>Cycleways</value></Data></ExtendedData><LineString><tessellate>1</tessellate><coordinates>-0.0302022,51.4896429,0 -0.0296933,51.4890858,0 -0.0297722,51.4889252,0 -0.0317158,51.4882834,0 -0.0334335,51.4871972,0 -0.0317255,51.4857206,0 -0.0318111,51.4840673,0 -0.0306165,51.4840472,0 -0.0305433,51.4834074,0 -0.0255308,51.483413,0 -0.0251656,51.4848637,0 -0.0244778,51.4847802,0 -0.0243175,51.4844897,0 -0.0227063,51.4841117,0 -0.0219734,51.4844051,0 -0.0192871,51.4835773,0 -0.0192681,51.4833522,0 -0.0188149,51.4831736,0 -0.0187193,51.4827224,0 -0.0178095,51.4827789,0 -0.0177942,51.4831294,0 -0.0175484,51.4831522,0 -0.0150116,51.4828665,0 -0.0122161,51.4829001,0 -0.010829,51.4830025,0 -0.0107049,51.4832072,0 -0.010144,51.4831887,0 -0.009542,51.4833602,0 -0.0093328,51.4830156,0 -0.0084956,51.4832705,0 -0.0069207,51.4838274,0 -0.0057337,51.4842122,0 -0.0045607,51.4845924,0 -0.0035776,51.4834908,0 -0.0007482,51.4842969,0 0.001515,51.484672,0 0.0016061,51.4847784,0 0.0005275,51.4854712,0 0.0023149,51.4868167,0 0.004078,51.4889179,0 0.0059872,51.4887684,0 0.0082509,51.4888196,0 0.0082071,51.4884786,0 0.0105196,51.4883311,0 0.0104482,51.4889978,0 0.0113971,51.489611,0 0.0111919,51.4898573,0 0.0119266,51.4901865,0 0.011777,51.4903869,0 0.0119816,51.4907791,0 0.0148146,51.4926279,0 0.0160317,51.4927869,0 0.0163659,51.4935005,0 0.0163445,51.4943193,0 0.0175412,51.4946674,0 0.01892,51.494248,0 0.019363,51.4948159,0 0.0217087,51.4944337,0 0.0215144,51.4939515,0 0.0244446,51.4934333,0 0.0261712,51.4933855,0 0.028935,51.4936614,0 0.0356411,51.4947861,0 0.037093,51.4947159,0 0.0374384,51.4940624,0 0.0402012,51.4943111,0 0.0448162,51.4940958,0 0.0447808,51.494591,0 0.0468006,51.4946547,0 0.0467464,51.4950513,0 0.0549478,51.4944941,0 0.0595364,51.4943327,0 0.0612016,51.4945192,0 0.061321,51.4942923,0 0.0620018,51.4940555,0 0.0624493,51.4940746,0 0.0623891,51.4943365,0 0.0642628,51.4946722,0 0.0709903,51.4949762,0 0.0708964,51.4951308,0 0.0766371,51.4962253,0 0.0820223,51.4986837,0</coordinates></LineString></Placemark>
  <Placemark><name>C11 Cycleway 11</name><styleUrl>#layer</styleUrl><ExtendedData><Data name="Label"><displayName>Label</displayName><value>C11</value></Data><Data name="Route_Name"><displayName>Route_Name</displayName><value>Cycleway 11</value></Data><Data name="Status"><displayName>Status</displayName><value>Open</value></Data><Data name="Programme"><displayName>Programme</displayName><value>Cycleways</value></Data></ExtendedData><LineString><tessellate>1</tessellate><coordinates>-0.0902932,51.5208091,0 -0.0923457,51.5210224,0 -0.0972699,51.5201223,0</coordinates></LineString></Placemark>
  <Placemark><name>C4 Cycleway 4</name><styleUrl>#layer</styleUrl><ExtendedData><Data name="Label"><displayName>Label</displayName><value>C4</value></Data><Data name="Route_Name"><displayName>Route_Name</displayName><value>Cycleway 4</value></Data><Data name="Status"><displayName>Status</displayName><value>Open</value></Data><Data name="Programme"><displayName>Programme</displayName><value>Cycleways</value></Data></ExtendedData><LineString><tessellate>1</tessellate><coordinates>-0.0148443,51.4814158,0 -0.0233529,51.4808222,0 -0.0278129,51.4819316,0 -0.0323989,51.4841311,0 -0.036369,51.4869317,0 -0.0402327,51.4888669,0 -0.0421422,51.490023,0</coordinates></LineString></Placemark>
  <Placemark><name>C Cycleway</name><styleUrl>#layer</styleUrl><ExtendedData><Data name="Label"><displayName>Label</displayName><value>C</value></Data><Data name="Route_Name"><displayName>Route_Name</displayName><value>Cycleway</value></Data><Data name="Status"><displayName>Status</displayName><value>Open</value></Data><Data name="Programme"><displayName>Programme</displayName><value>Cycleways</value></Data></ExtendedData><LineString><tessellate>1</tessellate><coordinates>-0.08521,51.5203395,0 -0.0832728,51.5197862,0 -0.0815796,51.5209725,0 -0.0788623,51.5204603,0</coordinates></LineString></Placemark>
  <Placemark><name>C4 Cycleway 4</name><styleUrl>#layer</styleUrl><ExtendedData><Data name="Label"><displayName>Label</displayName><value>C4</value></Data><Data name="Route_Name"><displayName>Route_Name</displayName><value>Cycleway 4</value></Data><Data name="Status"><displayName>Status</displayName><value>Open</value></Data><Data name="Programme"><displayName>Programme</displayName><value>Cycleways</value></Data></ExtendedData><MultiGeometry><LineString><tessellate>1</tessellate><coordinates>-0.0725162,51.5000772,0 -0.0697079,51.498682,0 -0.0685565,51.4983123,0 -0.0666954,51.4980298,0 -0.0649355,51.4980817,0 -0.0554373,51.4991745,0 -0.0549816,51.4990501,0 -0.0549942,51.4987535,0 -0.0555413,51.4987626,0 -0.0556719,51.4990795,0</coordinates></LineString><LineString><tessellate>1</tessellate><coordinates>-0.0738814,51.5005043,0 -0.0759321,51.5014193,0 -0.0784891,51.5029721,0 -0.0820539,51.5042086,0 -0.0841263,51.5050383,0 -0.0849417,51.5053935,0 -0.0856471,51.5056758,0 -0.0859669,51.5057751,0 -0.0869466,51.5059341,0 -0.0880254,51.5060971,0</coordinates></LineString></MultiGeometry></Placemark>
  <Placemark><name>C Cycleway</name><styleUrl>#layer</styleUrl><ExtendedData><Data name="Label"><displayName>Label</displayName><value>C</value></Data><Data name="Route_Name"><displayName>Route_Name</displayName><value>Cycleway</value></Data><Data name="Status"><displayName>Status</displayName><value>Open</value></Data><Data name="Programme"><displayName>Programme</displayName><value>Cycleways</value></Data></ExtendedData><LineString><tessellate>1</tessellate><coordinates>-0.0209965,51.478169,0 -0.0210867,51.4766201,0 -0.0223473,51.476318,0 -0.0227646,51.4762964,0 -0.0233474,51.4755138,0 -0.0236696,51.4750536,0 -0.0239617,51.4746364,0 -0.0227614,51.474452,0 -0.0225589,51.4738841,0 -0.0220751,51.47375,0 -0.0218943,51.4726049,0 -0.0225224,51.4720669,0 -0.0222692,51.471595,0 -0.0206496,51.4700927,0 -0.0193991,51.4693791,0</coordinates></LineString></Placemark>
  <Placemark><name>C Cycleway</name><styleUrl>#layer</styleUrl><ExtendedData><Data name="Label"><displayName>Label</displayName><value>C</value></Data><Data name="Route_Name"><displayName>Route_Name</displayName><value>Cycleway</value></Data><Data name="Status"><displayName>Status</displayName><value>Open</value></Data><Data name="Programme"><displayName>Programme</displayName><value>Cycleways</value></Data></ExtendedData><LineString><tessellate>1</tessellate><coordinates>-0.0319455,51.4759397,0 -0.0322861,51.4773934,0 -0.0366782,51.4767296,0 -0.037017,51.4768882,0 -0.0376504,51.4789043,0 -0.0389328,51.481237,0 -0.0397924,51.4823486,0 -0.0396728,51.4827872,0</coordinates></LineString></Placemark>
  <Placemark><name>C18 Cycleway 18</name><styleUrl>#layer</styleUrl><ExtendedData><Data name="Label"><displayName>Label</displayName><value>C18</value></Data><Data name="Route_Name"><displayName>Route_Name</displayName><value>Cycleway 18</value></Data><Data name="Status"><displayName>Status</displayName><value>Open</value></Data><Data name="Programme"><displayName>Programme</displayName><value>Cycleways</value></Data></ExtendedData><LineString><tessellate>1</tessellate><coordinates>-0.0227572,51.4762999,0 -0.0225179,51.4768451,0 -0.0225236,51.4772153,0 -0.0227021,51.4778956,0 -0.0228347,51.4784008,0 -0.0229858,51.4792014,0 -0.0231451,51.4808118,0</coordinates></LineString></Placemark>
  <Placemark><name>C10 Cycleway 10</name><styleUrl>#layer</styleUrl><ExtendedData><Data name="Label"><displayName>Label</displayName><value>C10</value></Data><Data name="Route_Name"><displayName>Route_Name</displayName><value>Cycleway 10</value></Data><Data name="Status"><displayName>Status</displayName><value>Open</value></Data><Data name="Programme"><displayName>Programme</displayName><value>Cycleways</value></Data></ExtendedData><LineString><tessellate>1</tessellate><coordinates>-0.015306,51.477651,0 -0.015306,51.477651,0 -0.0157888,51.4774889,0 -0.0163148,51.4773321,0 -0.0168881,51.4772131,0 -0.0172005,51.4771199,0 -0.0174399,51.4773313,0 -0.0175545,51.4776506,0 -0.0176388,51.4779463,0</coordinates></LineString></Placemark>
  <Placemark><name>C54 Cycleways 54</name><styleUrl>#layer</styleUrl><ExtendedData><Data name="Label"><displayName>Label</displayName><value>C54</value></Data><Data name="Route_Name"><displayName>Route_Name</displayName><value>Cycleways 54</value></Data><Data name="Status"><displayName>Status</displayName><value>Open</value></Data><Data name="Programme"><displayName>Programme</displayName><value>Cycleways</value></Data></ExtendedData><LineString><tessellate>1</tessellate><coordinates>0.0081642,51.5153859,0 0.012928,51.5097072,0 0.0146639,51.5076377,0 0.0155093,51.5066297,0 0.015949,51.5061054,0 0.0163447,51.5056673,0 0.017896,51.5048677,0 0.0183892,51.5046135,0 0.0201328,51.5039043,0 0.0224447,51.5031663,0 0.0234774,51.502876,0 0.0238917,51.5027369,0 0.0246405,51.5025541,0 0.0247882,51.5025264,0 0.0260626,51.5023376,0 0.0271142,51.5022208,0 0.0296893,51.5022298,0 0.0331336,51.5025276,0 0.0348356,51.5026244,0 0.0372326,51.5026841,0 0.0383377,51.5027116,0 0.0390606,51.5028102,0 0.0393254,51.5030464,0 0.0394353,51.5033229,0 0.0394968,51.5036155,0 0.0396417,51.5044138,0</coordinates></LineString></Placemark>
  <Placemark><name>C4 Cycleway 4</name><styleUrl>#layer</styleUrl><ExtendedData><Data name="Label"><displayName>Label</displayName><value>C4</value></Data><Data name="Route_Name"><displayName>Route_Name</displayName><value>Cycleway 4</value></Data><Data name="Status"><displayName>Status</displayName><value>Open</value></Data><Data name="Programme"><displayName>Programme</displayName><value>Cycleways</value></Data></ExtendedData><LineString><tessellate>1</tessellate><coordinates>0.0016061,51.4847784,0 0.0024817,51.485366,0 0.0043272,51.4850826,0 0.0055616,51.4853134,0 0.0084408,51.4862623,0 0.0094246,51.4863624,0 0.0148854,51.4860799,0 0.0200882,51.4867997,0 0.0226885,51.486647,0 0.0241085,51.4871621,0 0.0314022,51.4879262,0</coordinates></LineString></Placemark>
  <Placemark><name>C10 Cycleway 10</name><styleUrl>#layer</styleUrl><ExtendedData><Data name="Label"><displayName>Label</displayName><value>C10</value></Data><Data name="Route_Name"><displayName>Route_Name</displayName><value>Cycleway 10</value></Data><Data name="Status"><displayName>Status</displayName><value>Open</value></Data><Data name="Programme"><displayName>Programme</displayName><value>Cycleways</value></Data></ExtendedData><MultiGeometry><LineString><tessellate>1</tessellate><coordinates>-0.0069087,51.4797703,0 -0.0081025,51.4794759,0 -0.0091874,51.4800249,0 -0.0097346,51.4800252,0 -0.0114718,51.4794881,0 -0.0130737,51.4784181,0 -0.0136377,51.4783647,0 -0.0152031,51.4784631,0 -0.0171379,51.4793412,0 -0.0175988,51.4790073,0 -0.0176363,51.4779463,0 -0.0180062,51.4779609,0 -0.0187824,51.4779932,0 -0.0189853,51.4779835,0 -0.0196862,51.4780753,0 -0.0209944,51.4781737,0 -0.0208305,51.4786481,0 -0.0204642,51.4793525,0 -0.0229216,51.4791422,0 -0.0230593,51.4792884,0 -0.0244875,51.4792316,0 -0.0261503,51.4797452,0 -0.026195,51.4800428,0 -0.0269609,51.4799837,0 -0.0279874,51.4802258,0 -0.0281625,51.4808403,0 -0.0307506,51.4806051,0 -0.0311218,51.481016,0 -0.0383524,51.4836824,0 -0.03894,51.4830807,0 -0.0396728,51.4827872,0 -0.0407527,51.483129,0 -0.0422376,51.4844399,0 -0.0426192,51.4842754,0 -0.0494268,51.484398,0 -0.049265,51.4851507,0 -0.0488067,51.4857636,0 -0.0500618,51.4867288,0 -0.0512483,51.4872791,0 -0.0549611,51.488375,0 -0.0549945,51.4882677,0 -0.0586218,51.4886696,0 -0.0595071,51.4885134,0 -0.0609249,51.4887077,0 -0.0625929,51.4884386,0 -0.0640596,51.4884988,0 -0.0647438,51.4883302,0 -0.0662272,51.4883367,0 -0.0667904,51.488449,0 -0.0671005,51.488462,0 -0.0679727,51.4885802,0 -0.0688566,51.4887172,0 -0.0692328,51.4887273,0 -0.0695065,51.4887113,0 -0.0699986,51.4887407,0 -0.0724035,51.4891479,0 -0.0743276,51.4895853,0 -0.0744924,51.4896985,0 -0.0744909,51.4898128,0 -0.0738946,51.4906303,0 -0.0753512,51.4912748,0 -0.0752788,51.491369,0 -0.0759443,51.4917384,0 -0.0767264,51.4921705,0 -0.0783301,51.4930593,0 -0.0804139,51.4945503,0 -0.0813771,51.4949438,0 -0.0821118,51.4954681,0 -0.082872,51.4959782,0 -0.0829624,51.495917,0 -0.0841602,51.4966948,0 -0.0853516,51.497392,0</coordinates></LineString><LineString><tessellate>1</tessellate><coordinates>-0.0853375,51.4973827,0 -0.0856183,51.4973299,0 -0.0858781,51.4973459,0 -0.0860093,51.4974362,0 -0.086178,51.4975291,0 -0.0869303,51.4971064,0 -0.087332,51.4968837,0 -0.0877433,51.4967025,0 -0.0908503,51.4995769,0 -0.0917734,51.4991387,0 -0.0922948,51.4989062,0 -0.0925441,51.4986962,0 -0.0937283,51.4991548,0 -0.0948305,51.4995214,0 -0.0956724,51.4999583,0</coordinates></LineString></MultiGeometry></Placemark>
  <Placemark><name>C35 Cycleway 35</name><styleUrl>#layer</styleUrl><ExtendedData><Data name="Label"><displayName>Label</displayName><value>C35</value></Data><Data name="Route_Name"><displayName>Route_Name</displayName><value>Cycleway 35</value></Data><Data name="Status"><displayName>Status</displayName><value>Open</value></Data><Data name="Programme"><displayName>Programme</displayName><value>Cycleways</value></Data></ExtendedData><LineString><tessellate>1</tessellate><coordinates>-0.0724157,51.4891492,0 -0.0725888,51.4888013,0 -0.0715574,51.4886674,0 -0.0729412,51.4872783,0 -0.0719064,51.4868835,0 -0.0724863,51.4861107,0 -0.0727061,51.4843157,0 -0.0722823,51.4830947,0 -0.072911,51.4828712,0 -0.0740162,51.4829613,0 -0.0740124,51.4792921,0 -0.0719871,51.4743845,0 -0.0702663,51.474554,0</coordinates></LineString></Placemark>
  <Placemark><name>C Cycleway</name><styleUrl>#layer</styleUrl><ExtendedData><Data name="Label"><displayName>Label</displayName><value>C</value></Data><Data name="Route_Name"><displayName>Route_Name</displayName><value>Cycleway</value></Data><Data name="Status"><displayName>Status</displayName><value>Open</value></Data><Data name="Programme"><displayName>Programme</displayName><value>Cycleways</value></Data></ExtendedData><LineString><tessellate>1</tessellate><coordinates>-0.0728994,51.5101105,0 -0.0726981,51.5104399,0 -0.0728784,51.5112882,0 -0.0732569,51.5132459,0 -0.0739414,51.5144442,0</coordinates></LineString></Placemark>
  <Placemark><name>C1 Cycleway 1</name><styleUrl>#layer</styleUrl><ExtendedData><Data name="Label"><displayName>Label</displayName><value>C1</value></Data><Data name="Route_Name"><displayName>Route_Name</displayName><value>Cycleway 1</value></Data><Data name="Status"><displayName>Status</displayName><value>Open</value></Data><Data name="Programme"><displayName>Programme</displayName><value>Cycleways</value></Data></ExtendedData><MultiGeometry><LineString><tessellate>1</tessellate><coordinates>-0.0929859,51.5108798,0 -0.0927815,51.5118364,0 -0.0924799,51.5127212,0 -0.0923406,51.5135846,0 -0.0920876,51.5150822,0 -0.0928245,51.515207,0 -0.0932445,51.5154252,0 -0.094504,51.5157053,0 -0.0938344,51.5170593,0 -0.0935348,51.5176644,0 -0.0930073,51.5185261,0 -0.0911679,51.5181204,0 -0.0901598,51.519521,0 -0.0896624,51.5207269,0</coordinates></LineString><LineString><tessellate>1</tessellate><coordinates>-0.0896624,51.5207269,0 -0.0899206,51.5207581,0</coordinates></LineString><LineString><tessellate>1</tessellate><coordinates>-0.0829645,51.5300963,0 -0.0832056,51.529803,0 -0.0835729,51.5287659,0 -0.0836125,51.5271389,0 -0.0836588,51.5265375,0 -0.0837467,51.5263245,0 -0.083837,51.5261034,0 -0.0839042,51.5259296,0 -0.0837707,51.5258191,0 -0.0845666,51.5219297,0 -0.0850198,51.52075,0 -0.08521,51.5203395,0 -0.0896624,51.5207269,0</coordinates></LineString></MultiGeometry></Placemark>
  <Placemark><name>C14 Cycleway 14</name><styleUrl>#layer</styleUrl><ExtendedData><Data name="Label"><displayName>Label</displayName><value>C14</value></Data><Data name="Route_Name"><displayName>Route_Name</displayName><value>Cycleway 14</value></Data><Data name="Status"><displayName>Status</displayName><value>Open</value></Data><Data name="Programme"><displayName>Programme</displayName><value>Cycleways</value></Data></ExtendedData><LineString><tessellate>1</tessellate><coordinates>-0.0302022,51.4896429,0 -0.0322059,51.4926174,0 -0.0329611,51.4944827,0 -0.0331416,51.4946386,0 -0.0334467,51.4945807,0 -0.0343891,51.4964491,0 -0.0353739,51.4963308,0 -0.0364332,51.4984979,0 -0.0369411,51.4987492,0 -0.0395526,51.4989998,0 -0.0404625,51.4992848,0 -0.0410562,51.4992138,0 -0.0412691,51.4992893,0 -0.0410961,51.4996281,0 -0.0423411,51.5001615,0 -0.0442536,51.4999147,0 -0.0453609,51.5003019,0 -0.0464361,51.4994205,0 -0.0475948,51.4999524,0 -0.0482825,51.4993703,0 -0.0503606,51.5009787,0 -0.0511861,51.5005428,0 -0.0524549,51.5015351,0 -0.0545999,51.5009052,0 -0.0547928,51.5007736,0 -0.0546926,51.5004212,0 -0.0557026,51.5000512,0 -0.0578636,51.4997184,0 -0.0583149,51.5006251,0 -0.0598772,51.5004801,0 -0.0623943,51.5005847,0 -0.0631662,51.5003906,0 -0.0644351,51.5003666,0 -0.065079,51.4997927,0 -0.0686576,51.5010298,0 -0.0690233,51.5005592,0 -0.0705394,51.5004853,0 -0.0725162,51.5000772,0 -0.0738814,51.5005043,0 -0.0748635,51.5004485,0 -0.0773128,51.4997693,0 -0.0785928,51.500168,0 -0.0816935,51.5004437,0 -0.0817166,51.500579,0 -0.0835543,51.5003932,0 -0.0851617,51.5005454,0 -0.0856181,51.5013442,0 -0.0872077,51.501577,0 -0.0872495,51.5022971,0 -0.0883211,51.5021707,0 -0.0916606,51.5032862,0 -0.0949159,51.5040046,0 -0.0987465,51.503716,0</coordinates></LineString></Placemark>
  <Placemark><name>C17 Cycleway 17</name><styleUrl>#layer</styleUrl><ExtendedData><Data name="Label"><displayName>Label</displayName><value>C17</value></Data><Data name="Route_Name"><displayName>Route_Name</displayName><value>Cycleway 17</value></Data><Data name="Status"><displayName>Status</displayName><value>Open</value></Data><Data name="Programme"><displayName>Programme</displayName><value>Cycleways</value></Data></ExtendedData><MultiGeometry><LineString><tessellate>1</tessellate><coordinates>-0.0856937,51.4709941,0 -0.0850534,51.4711545,0 -0.0867623,51.4736735,0 -0.0872475,51.4775664,0 -0.087731,51.4784017,0 -0.0913147,51.4805285,0 -0.0882855,51.4816752,0 -0.0882746,51.4819358,0</coordinates></LineString><LineString><tessellate>1</tessellate><coordinates>-0.0855838,51.4815322,0 -0.0872489,51.482009,0 -0.0882746,51.4819358,0</coordinates></LineString><LineString><tessellate>1</tessellate><coordinates>-0.0882746,51.4819358,0 -0.0885076,51.4832526,0 -0.0879971,51.4834061,0 -0.0913647,51.4889916,0 -0.0939202,51.4923066,0 -0.0933664,51.4924594,0 -0.0938985,51.4928278,0 -0.0941763,51.4941093,0 -0.0955767,51.4943839,0 -0.0945862,51.4956808,0 -0.0906857,51.4980005,0 -0.0925441,51.4986962,0</coordinates></LineString></MultiGeometry></Placemark>
  <Placemark><name>C2 Cycleway 2</name><styleUrl>#layer</styleUrl><ExtendedData><Data name="Label"><displayName>Label</displayName><value>C2</value></Data><Data name="Route_Name"><displayName>Route_Name</displayName><value>Cycleway 2</value></Data><Data name="Status"><displayName>Status</displayName><value>Open</value></Data><Data name="Programme"><displayName>Programme</displayName><value>Cycleways</value></Data></ExtendedData><LineString><tessellate>1</tessellate><coordinates>-0.0739414,51.5144442,0 -0.0705019,51.5156825,0 -0.0669174,51.5172781,0 -0.063793,51.5182157,0 -0.0482446,51.5214739,0 -0.0407082,51.5227512,0 -0.0341274,51.5252581,0 -0.0250762,51.5272016,0 -0.0183081,51.5283466,0 -0.0133588,51.5300975,0</coordinates></LineString></Placemark>
  <Placemark><name>C4 Cycleway 4</name><styleUrl>#layer</styleUrl><ExtendedData><Data name="Label"><displayName>Label</displayName><value>C4</value></Data><Data name="Route_Name"><displayName>Route_Name</displayName><value>Cycleway 4</value></Data><Data name="Status"><displayName>Status</displayName><value>Open</value></Data><Data name="Programme"><displayName>Programme</displayName><value>Cycleways</value></Data></ExtendedData><LineString><tessellate>1</tessellate><coordinates>-0.0421422,51.490023,0 -0.0453759,51.4922174,0 -0.0476405,51.4934962,0 -0.050113,51.4946345,0 -0.0552409,51.4987126,0</coordinates></LineString></Placemark>
  <Placemark><name>C3 Cycleway 3</name><styleUrl>#layer</styleUrl><ExtendedData><Data name="Label"><displayName>Label</displayName><value>C3</value></Data><Data name="Route_Name"><displayName>Route_Name</displayName><value>Cycleway 3</value></Data><Data name="Status"><displayName>Status</displayName><value>Open</value></Data><Data name="Programme"><displayName>Programme</displayName><value>Cycleways</value></Data></ExtendedData><LineString><tessellate>1</tessellate><coordinates>0.081217,51.5278087,0 0.077281,51.5265385,0 0.0748675,51.5254571,0 0.0647021,51.5222281,0 0.0604538,51.5204052,0 0.0577252,51.5196707,0 0.0552024,51.5193462,0 0.0470176,51.5200469,0 0.0438894,51.5200386,0 0.0417128,51.5197168,0 0.0396707,51.5191768,0 0.0361027,51.5177101,0 0.0338847,51.5171011,0 0.0287831,51.516794,0 0.0250269,51.5172457,0 0.0180015,51.5171063,0 0.0161329,51.5168957,0 0.0080818,51.5153973,0 0.0025871,51.5140074,0 0.0013316,51.5129856,0 -0.0001243,51.5126508,0 0.0001349,51.5119898,0 -0.0000649,51.5117054,0 -0.0007477,51.5115822,0 -0.0004701,51.5110108,0 -0.0039586,51.5103328,0 -0.0034768,51.5094882,0 -0.0049886,51.5091902,0 -0.0062302,51.5091394,0 -0.0069316,51.5089175,0 -0.0104831,51.508771,0 -0.017321,51.5089409,0 -0.0212372,51.5093578,0 -0.0236476,51.5089398,0 -0.0242042,51.509066,0 -0.0245074,51.5087204,0 -0.0248705,51.5086546,0 -0.0268559,51.5093985,0 -0.0290806,51.509274,0 -0.0321051,51.5086503,0 -0.0378483,51.5098167,0 -0.0378722,51.5105995,0 -0.0394708,51.5106263,0 -0.0401276,51.5111049,0 -0.0407255,51.5112767,0 -0.0414973,51.5110918,0 -0.0421279,51.5111743,0 -0.0420829,51.5115512,0 -0.0426134,51.511614,0 -0.046756,51.5114672,0 -0.0526782,51.5108193,0 -0.0548274,51.5111158,0 -0.0648588,51.511102,0 -0.069386,51.5107181,0 -0.0714065,51.5103107,0 -0.0739681,51.5100561,0 -0.0763547,51.5095108,0 -0.0778138,51.5094269,0 -0.0798387,51.509595,0 -0.0810662,51.5091925,0 -0.0819932,51.5090818,0 -0.0881159,51.5098203,0 -0.0929859,51.5108798,0 -0.096355,51.5113033,0</coordinates></LineString></Placemark>
  <Placemark><name>CS7 Cycle Superhighway 7</name><styleUrl>#layer</styleUrl><ExtendedData><Data name="Label"><displayName>Label</displayName><value>CS7</value></Data><Data name="Route_Name"><displayName>Route_Name</displayName><value>Cycle Superhighway 7</value></Data><Data name="Status"><displayName>Status</displayName><value>Open</value></Data><Data name="Programme"><displayName>Programme</displayName><value>Cycle Superhighways</value></Data></ExtendedData><LineString><tessellate>1</tessellate><coordinates>-0.0930288,51.5108895,0 -0.0949211,51.5073321,0 -0.0959685,51.5029515,0</coordinates></LineString></Placemark>
  <Placemark><name>C Cycleway</name><styleUrl>#layer</styleUrl><ExtendedData><Data name="Label"><displayName>Label</displayName><value>C</value></Data><Data name="Route_Name"><displayName>Route_Name</displayName><value>Cycleway</value></Data><Data name="Status"><displayName>Status</displayName><value>Open</value></Data><Data name="Programme"><displayName>Programme</displayName><value>Cycleways</value></Data></ExtendedData><LineString><tessellate>1</tessellate><coordinates>0.0293286,51.4665321,0 0.0259102,51.4722477,0</coordinates></LineString></Placemark>
  <Placemark><name>C11 Cycleway 11</name><styleUrl>#layer</styleUrl><ExtendedData><Data name="Label"><displayName>Label</displayName><value>C11</value></Data><Data name="Route_Name"><displayName>Route_Name</displayName><value>Cycleway 11</value></Data><Data name="Status"><displayName>Status</displayName><value>Open</value></Data><Data name="Programme"><displayName>Programme</displayName><value>Cycleways</value></Data></ExtendedData><LineString><tessellate>1</tessellate><coordinates>-0.0929084,51.5320388,0 -0.0905625,51.5247074,0 -0.0897791,51.5231029,0 -0.0899206,51.5207581,0 -0.0902932,51.5208091,0</coordinates></LineString></Placemark>
  <Placemark><name>C33 Cycleway 33</name><styleUrl>#layer</styleUrl><ExtendedData><Data name="Label"><displayName>Label</displayName><value>C33</value></Data><Data name="Route_Name"><displayName>Route_Name</displayName><value>Cycleway 33</value></Data><Data name="Status"><displayName>Status</displayName><value>Open</value></Data><Data name="Programme"><displayName>Programme</displayName><value>Cycleways</value></Data></ExtendedData><MultiGeometry><LineString><tessellate>1</tessellate><coordinates>0.0666507,51.482175,0 0.0665378,51.4819072,0 0.0670435,51.4819432,0 0.0665258,51.4813228,0 0.0656262,51.4805383,0 0.0647432,51.4801222,0 0.0641987,51.4795473,0 0.0634169,51.4791384,0 0.0628512,51.4790494,0 0.0619251,51.4792726,0 0.061569,51.4787213,0 0.0580125,51.4787388,0 0.0544477,51.4782528,0 0.0523597,51.4789009,0</coordinates></LineString><LineString><tessellate>1</tessellate><coordinates>0.0673201,51.488692,0 0.0670409,51.4879325,0 0.0671198,51.485539,0 0.0665319,51.4836879,0 0.066651,51.4824987,0 0.066487,51.4823757,0 0.0665496,51.4821677,0 0.0666955,51.4822101,0</coordinates></LineString></MultiGeometry></Placemark>
  <Placemark><name>C13 Cycleway 13</name><styleUrl>#layer</styleUrl><ExtendedData><Data name="Label"><displayName>Label</displayName><value>C13</value></Data><Data name="Route_Name"><displayName>Route_Name</displayName><value>Cycleway 13</value></Data><Data name="Status"><displayName>Status</displayName><value>Open</value></Data><Data name="Programme"><displayName>Programme</displayName><value>Cycleways</value></Data></ExtendedData><MultiGeometry><LineString><tessellate>1</tessellate><coordinates>-0.0904828,51.5245443,0 -0.0853602,51.5246585,0 -0.0849001,51.5253164,0 -0.0839013,51.5259346,0</coordinates></LineString><LineString><tessellate>1</tessellate><coordinates>-0.08377,51.5258195,0 -0.0831813,51.5260797,0 -0.0814528,51.5260424,0 -0.0780119,51.5262737,0 -0.0779603,51.5264707,0 -0.0766121,51.5263047,0 -0.076517,51.5265099,0 -0.0733189,51.5274735,0 -0.0734299,51.5282577,0 -0.0709844,51.5284692,0 -0.070234,51.5288255,0 -0.0672652,51.5308358,0</coordinates></LineString></MultiGeometry></Placemark>
  <Placemark><name>C22 Cycleway 22</name><styleUrl>#layer</styleUrl><ExtendedData><Data name="Label"><displayName>Label</displayName><value>C22</value></Data><Data name="Route_Name"><displayName>Route_Name</displayName><value>Cycleway 22</value></Data><Data name="Status"><displayName>Status</displayName><value>Open</value></Data><Data name="Programme"><displayName>Programme</displayName><value>Cycleways</value></Data></ExtendedData><LineString><tessellate>1</tessellate><coordinates>0.0593133,51.5200476,0 0.0587264,51.5207773,0 0.0232841,51.5254056,0 0.0201272,51.5263865,0 0.0115564,51.5301403,0 0.0109113,51.5302233,0 0.0055071,51.5299473,0 0.0001289,51.5309205,0</coordinates></LineString></Placemark>
  <Placemark><name>C37 Cycleway 37</name><styleUrl>#layer</styleUrl><ExtendedData><Data name="Label"><displayName>Label</displayName><value>C37</value></Data><Data name="Route_Name"><displayName>Route_Name</displayName><value>Cycleway 37</value></Data><Data name="Status"><displayName>Status</displayName><value>Open</value></Data><Data name="Programme"><displayName>Programme</displayName><value>Cycleways</value></Data></ExtendedData><LineString><tessellate>1</tessellate><coordinates>-0.0335773,51.5216338,0 -0.0347402,51.5250885,0</coordinates></LineString></Placemark>
  <Placemark><name>C14 Cycleway 14</name><styleUrl>#layer</styleUrl><ExtendedData><Data name="Label"><displayName>Label</displayName><value>C14</value></Data><Data name="Route_Name"><displayName>Route_Name</displayName><value>Cycleway 14</value></Data><Data name="Status"><displayName>Status</displayName><value>Open</value></Data><Data name="Programme"><displayName>Programme</displayName><value>Cycleways</value></Data></ExtendedData><LineString><tessellate>1</tessellate><coordinates>-0.0302022,51.4896429,0 -0.0296933,51.4890858,0 -0.0297722,51.4889252,0 -0.0317158,51.4882834,0 -0.0334335,51.4871972,0 -0.0317255,51.4857206,0 -0.0318111,51.4840673,0 -0.0306165,51.4840472,0 -0.0305433,51.4834074,0 -0.0255308,51.483413,0 -0.0251656,51.4848637,0 -0.0244778,51.4847802,0 -0.0243175,51.4844897,0 -0.0227063,51.4841117,0 -0.0219734,51.4844051,0 -0.0192871,51.4835773,0 -0.0192681,51.4833522,0 -0.0188149,51.4831736,0 -0.0187193,51.4827224,0 -0.0178095,51.4827789,0 -0.0177942,51.4831294,0 -0.0175484,51.4831522,0 -0.0150116,51.4828665,0 -0.0122161,51.4829001,0 -0.010829,51.4830025,0 -0.0107049,51.4832072,0 -0.010144,51.4831887,0 -0.009542,51.4833602,0 -0.0093328,51.4830156,0 -0.0084956,51.4832705,0 -0.0069207,51.4838274,0 -0.0057337,51.4842122,0 -0.0045607,51.4845924,0 -0.0035776,51.4834908,0 -0.0007482,51.4842969,0 0.001515,51.484672,0 0.0016061,51.4847784,0 0.0005275,51.4854712,0 0.0023149,51.4868167,0 0.004078,51.4889179,0 0.0059872,51.4887684,0 0.0082509,51.4888196,0 0.0082071,51.4884786,0 0.0105196,51.4883311,0 0.0104482,51.4889978,0 0.0113971,51.489611,0 0.0111919,51.4898573,0 0.0119266,51.4901865,0 0.011777,51.4903869,0 0.0119816,51.4907791,0 0.0148146,51.4926279,0 0.0160317,51.4927869,0 0.0163659,51.4935005,0 0.0163445,51.4943193,0 0.0175412,51.4946674,0 0.01892,51.494248,0 0.019363,51.4948159,0 0.0217087,51.4944337,0 0.0215144,51.4939515,0 0.0244446,51.4934333,0 0.0261712,51.4933855,0 0.028935,51.4936614,0 0.0356411,51.4947861,0 0.037093,51.4947159,0 0.0374384,51.4940624,0 0.0402012,51.4943111,0 0.0448162,51.4940958,0 0.0447808,51.494591,0 0.0468006,51.4946547,0 0.0467464,51.4950513,0 0.0549478,51.4944941,0 0.0595364,51.4943327,0 0.0612016,51.4945192,0 0.061321,51.4942923,0 0.0620018,51.4940555,0 0.0624493,51.4940746,0 0.0623891,51.4943365,0 0.0642628,51.4946722,0 0.0709903,51.4949762,0 0.0708964,51.4951308,0 0.0766371,51.4962253,0 0.0820223,51.4986837,0</coordinates></LineString></Placemark>
  <Placemark><name>C11 Cycleway 11</name><styleUrl>#layer</styleUrl><ExtendedData><Data name="Label"><displayName>Label</displayName><value>C11</value></Data><Data name="Route_Name"><displayName>Route_Name</displayName><value>Cycleway 11</value></Data><Data name="Status"><displayName>Status</displayName><value>Open</value></Data><Data name="Programme"><displayName>Programme</displayName><value>Cycleways</value></Data></ExtendedData><LineString><tessellate>1</tessellate><coordinates>-0.0902932,51.5208091,0 -0.0923457,51.5210224,0 -0.0972699,51.5201223,0</coordinates></LineString></Placemark>
  <Placemark><name>C4 Cycleway 4</name><styleUrl>#layer</styleUrl><ExtendedData><Data name="Label"><displayName>Label</displayName><value>C4</value></Data><Data name="Route_Name"><displayName>Route_Name</displayName><value>Cycleway 4</value></Data><Data name="Status"><displayName>Status</displayName><value>Open</value></Data><Data name="Programme"><displayName>Programme</displayName><value>Cycleways</value></Data></ExtendedData><LineString><tessellate>1</tessellate><coordinates>-0.0148443,51.4814158,0 -0.0233529,51.4808222,0 -0.0278129,51.4819316,0 -0.0323989,51.4841311,0 -0.036369,51.4869317,0 -0.0402327,51.4888669,0 -0.0421422,51.490023,0</coordinates></LineString></Placemark>
  <Placemark><name>C Cycleway</name><styleUrl>#layer</styleUrl><ExtendedData><Data name="Label"><displayName>Label</displayName><value>C</value></Data><Data name="Route_Name"><displayName>Route_Name</displayName><value>Cycleway</value></Data><Data name="Status"><displayName>Status</displayName><value>Open</value></Data><Data name="Programme"><displayName>Programme</displayName><value>Cycleways</value></Data></ExtendedData><LineString><tessellate>1</tessellate><coordinates>-0.08521,51.5203395,0 -0.0832728,51.5197862,0 -0.0815796,51.5209725,0 -0.0788623,51.5204603,0</coordinates></LineString></Placemark>
  <Placemark><name>C4 Cycleway 4</name><styleUrl>#layer</styleUrl><ExtendedData><Data name="Label"><displayName>Label</displayName><value>C4</value></Data><Data name="Route_Name"><displayName>Route_Name</displayName><value>Cycleway 4</value></Data><Data name="Status"><displayName>Status</displayName><value>Open</value></Data><Data name="Programme"><displayName>Programme</displayName><value>Cycleways</value></Data></ExtendedData><MultiGeometry><LineString><tessellate>1</tessellate><coordinates>-0.0725162,51.5000772,0 -0.0697079,51.498682,0 -0.0685565,51.4983123,0 -0.0666954,51.4980298,0 -0.0649355,51.4980817,0 -0.0554373,51.4991745,0 -0.0549816,51.4990501,0 -0.0549942,51.4987535,0 -0.0555413,51.4987626,0 -0.0556719,51.4990795,0</coordinates></LineString><LineString><tessellate>1</tessellate><coordinates>-0.0738814,51.5005043,0 -0.0759321,51.5014193,0 -0.0784891,51.5029721,0 -0.0820539,51.5042086,0 -0.0841263,51.5050383,0 -0.0849417,51.5053935,0 -0.0856471,51.5056758,0 -0.0859669,51.5057751,0 -0.0869466,51.5059341,0 -0.0880254,51.5060971,0</coordinates></LineString></MultiGeometry></Placemark>
  <Placemark><name>C Cycleway</name><styleUrl>#layer</styleUrl><ExtendedData><Data name="Label"><displayName>Label</displayName><value>C</value></Data><Data name="Route_Name"><displayName>Route_Name</displayName><value>Cycleway</value></Data><Data name="Status"><displayName>Status</displayName><value>Open</value></Data><Data name="Programme"><displayName>Programme</displayName><value>Cycleways</value></Data></ExtendedData><LineString><tessellate>1</tessellate><coordinates>-0.0209965,51.478169,0 -0.0210867,51.4766201,0 -0.0223473,51.476318,0 -0.0227646,51.4762964,0 -0.0233474,51.4755138,0 -0.0236696,51.4750536,0 -0.0239617,51.4746364,0 -0.0227614,51.474452,0 -0.0225589,51.4738841,0 -0.0220751,51.47375,0 -0.0218943,51.4726049,0 -0.0225224,51.4720669,0 -0.0222692,51.471595,0 -0.0206496,51.4700927,0 -0.0193991,51.4693791,0</coordinates></LineString></Placemark>
  <Placemark><name>C Cycleway</name><styleUrl>#layer</styleUrl><ExtendedData><Data name="Label"><displayName>Label</displayName><value>C</value></Data><Data name="Route_Name"><displayName>Route_Name</displayName><value>Cycleway</value></Data><Data name="Status"><displayName>Status</displayName><value>Open</value></Data><Data name="Programme"><displayName>Programme</displayName><value>Cycleways</value></Data></ExtendedData><LineString><tessellate>1</tessellate><coordinates>-0.0319455,51.4759397,0 -0.0322861,51.4773934,0 -0.0366782,51.4767296,0 -0.037017,51.4768882,0 -0.0376504,51.4789043,0 -0.0389328,51.481237,0 -0.0397924,51.4823486,0 -0.0396728,51.4827872,0</coordinates></LineString></Placemark>
  <Placemark><name>C18 Cycleway 18</name><styleUrl>#layer</styleUrl><ExtendedData><Data name="Label"><displayName>Label</displayName><value>C18</value></Data><Data name="Route_Name"><displayName>Route_Name</displayName><value>Cycleway 18</value></Data><Data name="Status"><displayName>Status</displayName><value>Open</value></Data><Data name="Programme"><displayName>Programme</displayName><value>Cycleways</value></Data></ExtendedData><LineString><tessellate>1</tessellate><coordinates>-0.0227572,51.4762999,0 -0.0225179,51.4768451,0 -0.0225236,51.4772153,0 -0.0227021,51.4778956,0 -0.0228347,51.4784008,0 -0.0229858,51.4792014,0 -0.0231451,51.4808118,0</coordinates></LineString></Placemark>
  <Placemark><name>C10 Cycleway 10</name><styleUrl>#layer</styleUrl><ExtendedData><Data name="Label"><displayName>Label</displayName><value>C10</value></Data><Data name="Route_Name"><displayName>Route_Name</displayName><value>Cycleway 10</value></Data><Data name="Status"><displayName>Status</displayName><value>Open</value></Data><Data name="Programme"><displayName>Programme</displayName><value>Cycleways</value></Data></ExtendedData><LineString><tessellate>1</tessellate><coordinates>-0.015306,51.477651,0 -0.015306,51.477651,0 -0.0157888,51.4774889,0 -0.0163148,51.4773321,0 -0.0168881,51.4772131,0 -0.0172005,51.4771199,0 -0.0174399,51.4773313,0 -0.0175545,51.4776506,0 -0.0176388,51.4779463,0</coordinates></LineString></Placemark>
  <Placemark><name>C54 Cycleways 54</name><styleUrl>#layer</styleUrl><ExtendedData><Data name="Label"><displayName>Label</displayName><value>C54</value></Data><Data name="Route_Name"><displayName>Route_Name</displayName><value>Cycleways 54</value></Data><Data name="Status"><displayName>Status</displayName><value>Open</value></Data><Data name="Programme"><displayName>Programme</displayName><value>Cycleways</value></Data></ExtendedData><LineString><tessellate>1</tessellate><coordinates>0.0081642,51.5153859,0 0.012928,51.5097072,0 0.0146639,51.5076377,0 0.0155093,51.5066297,0 0.015949,51.5061054,0 0.0163447,51.5056673,0 0.017896,51.5048677,0 0.0183892,51.5046135,0 0.0201328,51.5039043,0 0.0224447,51.5031663,0 0.0234774,51.502876,0 0.0238917,51.5027369,0 0.0246405,51.5025541,0 0.0247882,51.5025264,0 0.0260626,51.5023376,0 0.0271142,51.5022208,0 0.0296893,51.5022298,0 0.0331336,51.5025276,0 0.0348356,51.5026244,0 0.0372326,51.5026841,0 0.0383377,51.5027116,0 0.0390606,51.5028102,0 0.0393254,51.5030464,0 0.0394353,51.5033229,0 0.0394968,51.5036155,0 0.0396417,51.5044138,0</coordinates></LineString></Placemark>
  <Placemark><name>C4 Cycleway 4</name><styleUrl>#layer</styleUrl><ExtendedData><Data name="Label"><displayName>Label</displayName><value>C4</value></Data><Data name="Route_Name"><displayName>Route_Name</displayName><value>Cycleway 4</value></Data><Data name="Status"><displayName>Status</displayName><value>Open</value></Data><Data name="Programme"><displayName>Programme</displayName><value>Cycleways</value></Data></ExtendedData><LineString><tessellate>1</tessellate><coordinates>0.0016061,51.4847784,0 0.0024817,51.485366,0 0.0043272,51.4850826,0 0.0055616,51.4853134,0 0.0084408,51.4862623,0 0.0094246,51.4863624,0 0.0148854,51.4860799,0 0.0200882,51.4867997,0 0.0226885,51.486647,0 0.0241085,51.4871621,0 0.0314022,51.4879262,0</coordinates></LineString></Placemark>
  <Placemark><name>C10 Cycleway 10</name><styleUrl>#layer</styleUrl><ExtendedData><Data name="Label"><displayName>Label</displayName><value>C10</value></Data><Data name="Route_Name"><displayName>Route_Name</displayName><value>Cycleway 10</value></Data><Data name="Status"><displayName>Status</displayName><value>Open</value></Data><Data name="Programme"><displayName>Programme</displayName><value>Cycleways</value></Data></ExtendedData><MultiGeometry><LineString><tessellate>1</tessellate><coordinates>-0.0069087,51.4797703,0 -0.0081025,51.4794759,0 -0.0091874,51.4800249,0 -0.0097346,51.4800252,0 -0.0114718,51.4794881,0 -0.0130737,51.4784181,0 -0.0136377,51.4783647,0 -0.0152031,51.4784631,0 -0.0171379,51.4793412,0 -0.0175988,51.4790073,0 -0.0176363,51.4779463,0 -0.0180062,51.4779609,0 -0.0187824,51.4779932,0 -0.0189853,51.4779835,0 -0.0196862,51.4780753,0 -0.0209944,51.4781737,0 -0.0208305,51.4786481,0 -0.0204642,51.4793525,0 -0.0229216,51.4791422,0 -0.0230593,51.4792884,0 -0.0244875,51.4792316,0 -0.0261503,51.4797452,0 -0.026195,51.4800428,0 -0.0269609,51.4799837,0 -0.0279874,51.4802258,0 -0.0281625,51.4808403,0 -0.0307506,51.4806051,0 -0.0311218,51.481016,0 -0.0383524,51.4836824,0 -0.03894,51.4830807,0 -0.0396728,51.4827872,0 -0.0407527,51.483129,0 -0.0422376,51.4844399,0 -0.0426192,51.4842754,0 -0.0494268,51.484398,0 -0.049265,51.4851507,0 -0.0488067,51.4857636,0 -0.0500618,51.4867288,0 -0.0512483,51.4872791,0 -0.0549611,51.488375,0 -0.0549945,51.4882677,0 -0.0586218,51.4886696,0 -0.0595071,51.4885134,0 -0.0609249,51.4887077,0 -0.0625929,51.4884386,0 -0.0640596,51.4884988,0 -0.0647438,51.4883302,0 -0.0662272,51.4883367,0 -0.0667904,51.488449,0 -0.0671005,51.488462,0 -0.0679727,51.4885802,0 -0.0688566,51.4887172,0 -0.0692328,51.4887273,0 -0.0695065,51.4887113,0 -0.0699986,51.4887407,0 -0.0724035,51.4891479,0 -0.0743276,51.4895853,0 -0.0744924,51.4896985,0 -0.0744909,51.4898128,0 -0.0738946,51.4906303,0 -0.0753512,51.4912748,0 -0.0752788,51.491369,0 -0.0759443,51.4917384,0 -0.0767264,51.4921705,0 -0.0783301,51.4930593,0 -0.0804139,51.4945503,0 -0.0813771,51.4949438,0 -0.0821118,51.4954681,0 -0.082872,51.4959782,0 -0.0829624,51.495917,0 -0.0841602,51.4966948,0 -0.0853516,51.497392,0</coordinates></LineString><LineString><tessellate>1</tessellate><coordinates>-0.0853375,51.4973827,0 -0.0856183,51.4973299,0 -0.0858781,51.4973459,0 -0.0860093,51.4974362,0 -0.086178,51.4975291,0 -0.0869303,51.4971064,0 -0.087332,51.4968837,0 -0.0877433,51.4967025,0 -0.0908503,51.4995769,0 -0.0917734,51.4991387,0 -0.0922948,51.4989062,0 -0.0925441,51.4986962,0 -0.0937283,51.4991548,0 -0.0948305,51.4995214,0 -0.0956724,51.4999583,0</coordinates></LineString></MultiGeometry></Placemark>
  <Placemark><name>C35 Cycleway 35</name><styleUrl>#layer</styleUrl><ExtendedData><Data name="Label"><displayName>Label</displayName><value>C35</value></Data><Data name="Route_Name"><displayName>Route_Name</displayName><value>Cycleway 35</value></Data><Data name="Status"><displayName>Status</displayName><value>Open</value></Data><Data name="Programme"><displayName>Programme</displayName><value>Cycleways</value></Data></ExtendedData><LineString><tessellate>1</tessellate><coordinates>-0.0724157,51.4891492,0 -0.0725888,51.4888013,0 -0.0715574,51.4886674,0 -0.0729412,51.4872783,0 -0.0719064,51.4868835,0 -0.0724863,51.4861107,0 -0.0727061,51.4843157,0 -0.0722823,51.4830947,0 -0.072911,51.4828712,0 -0.0740162,51.4829613,0 -0.0740124,51.4792921,0 -0.0719871,51.4743845,0 -0.0702663,51.474554,0</coordinates></LineString></Placemark>
  <Placemark><name>C Cycleway</name><styleUrl>#layer</styleUrl><ExtendedData><Data name="Label"><displayName>Label</displayName><value>C</value></Data><Data name="Route_Name"><displayName>Route_Name</displayName><value>Cycleway</value></Data><Data name="Status"><displayName>Status</displayName><value>Open</value></Data><Data name="Programme"><displayName>Programme</displayName><value>Cycleways</value></Data></ExtendedData><LineString><tessellate>1</tessellate><coordinates>-0.0728994,51.5101105,0 -0.0726981,51.5104399,0 -0.0728784,51.5112882,0 -0.0732569,51.5132459,0 -0.0739414,51.5144442,0</coordinates></LineString></Placemark>
  <Placemark><name>C1 Cycleway 1</name><styleUrl>#layer</styleUrl><ExtendedData><Data name="Label"><displayName>Label</displayName><value>C1</value></Data><Data name="Route_Name"><displayName>Route_Name</displayName><value>Cycleway 1</value></Data><Data name="Status"><displayName>Status</displayName><value>Open</value></Data><Data name="Programme"><displayName>Programme</displayName><value>Cycleways</value></Data></ExtendedData><MultiGeometry><LineString><tessellate>1</tessellate><coordinates>-0.0929859,51.5108798,0 -0.0927815,51.5118364,0 -0.0924799,51.5127212,0 -0.0923406,51.5135846,0 -0.0920876,51.5150822,0 -0.0928245,51.515207,0 -0.0932445,51.5154252,0 -0.094504,51.5157053,0 -0.0938344,51.5170593,0 -0.0935348,51.5176644,0 -0.0930073,51.5185261,0 -0.0911679,51.5181204,0 -0.0901598,51.519521,0 -0.0896624,51.5207269,0</coordinates></LineString><LineString><tessellate>1</tessellate><coordinates>-0.0896624,51.5207269,0 -0.0899206,51.5207581,0</coordinates></LineString><LineString><tessellate>1</tessellate><coordinates>-0.0829645,51.5300963,0 -0.0832056,51.529803,0 -0.0835729,51.5287659,0 -0.0836125,51.5271389,0 -0.0836588,51.5265375,0 -0.0837467,51.5263245,0 -0.083837,51.5261034,0 -0.0839042,51.5259296,0 -0.0837707,51.5258191,0 -0.0845666,51.5219297,0 -0.0850198,51.52075,0 -0.08521,51.5203395,0 -0.0896624,51.5207269,0</coordinates></LineString></MultiGeometry></Placemark>
  <Placemark><name>C14 Cycleway 14</name><styleUrl>#layer</styleUrl><ExtendedData><Data name="Label"><displayName>Label</displayName><value>C14</value></Data><Data name="Route_Name"><displayName>Route_Name</displayName><value>Cycleway 14</value></Data><Data name="Status"><displayName>Status</displayName><value>Open</value></Data><Data name="Programme"><displayName>Programme</displayName><value>Cycleways</value></Data></ExtendedData><LineString><tessellate>1</tessellate><coordinates>-0.0302022,51.4896429,0 -0.0322059,51.4926174,0 -0.0329611,51.4944827,0 -0.0331416,51.4946386,0 -0.0334467,51.4945807,0 -0.0343891,51.4964491,0 -0.0353739,51.4963308,0 -0.0364332,51.4984979,0 -0.0369411,51.4987492,0 -0.0395526,51.4989998,0 -0.0404625,51.4992848,0 -0.0410562,51.4992138,0 -0.0412691,51.4992893,0 -0.0410961,51.4996281,0 -0.0423411,51.5001615,0 -0.0442536,51.4999147,0 -0.0453609,51.5003019,0 -0.0464361,51.4994205,0 -0.0475948,51.4999524,0 -0.0482825,51.4993703,0 -0.0503606,51.5009787,0 -0.0511861,51.5005428,0 -0.0524549,51.5015351,0 -0.0545999,51.5009052,0 -0.0547928,51.5007736,0 -0.0546926,51.5004212,0 -0.0557026,51.5000512,0 -0.0578636,51.4997184,0 -0.0583149,51.5006251,0 -0.0598772,51.5004801,0 -0.0623943,51.5005847,0 -0.0631662,51.5003906,0 -0.0644351,51.5003666,0 -0.065079,51.4997927,0 -0.0686576,51.5010298,0 -0.0690233,51.5005592,0 -0.0705394,51.5004853,0 -0.0725162,51.5000772,0 -0.0738814,51.5005043,0 -0.0748635,51.5004485,0 -0.0773128,51.4997693,0 -0.0785928,51.500168,0 -0.0816935,51.5004437,0 -0.0817166,51.500579,0 -0.0835543,51.5003932,0 -0.0851617,51.5005454,0 -0.0856181,51.5013442,0 -0.0872077,51.501577,0 -0.0872495,51.5022971,0 -0.0883211,51.5021707,0 -0.0916606,51.5032862,0 -0.0949159,51.5040046,0 -0.0987465,51.503716,0</coordinates></LineString></Placemark>
  <Placemark><name>C17 Cycleway 17</name><styleUrl>#layer</styleUrl><ExtendedData><Data name="Label"><displayName>Label</displayName><value>C17</value></Data><Data name="Route_Name"><displayName>Route_Name</displayName><value>Cycleway 17</value></Data><Data name="Status"><displayName>Status</displayName><value>Open</value></Data><Data name="Programme"><displayName>Programme</displayName><value>Cycleways</value></Data></ExtendedData><MultiGeometry><LineString><tessellate>1</tessellate><coordinates>-0.0856937,51.4709941,0 -0.0850534,51.4711545,0 -0.0867623,51.4736735,0 -0.0872475,51.4775664,0 -0.087731,51.4784017,0 -0.0913147,51.4805285,0 -0.0882855,51.4816752,0 -0.0882746,51.4819358,0</coordinates></LineString><LineString><tessellate>1</tessellate><coordinates>-0.0855838,51.4815322,0 -0.0872489,51.482009,0 -0.0882746,51.4819358,0</coordinates></LineString><LineString><tessellate>1</tessellate><coordinates>-0.0882746,51.4819358,0 -0.0885076,51.4832526,0 -0.0879971,51.4834061,0 -0.0913647,51.4889916,0 -0.0939202,51.4923066,0 -0.0933664,51.4924594,0 -0.0938985,51.4928278,0 -0.0941763,51.4941093,0 -0.0955767,51.4943839,0 -0.0945862,51.4956808,0 -0.0906857,51.4980005,0 -0.0925441,51.4986962,0</coordinates></LineString></MultiGeometry></Placemark>
  <Placemark><name>C2 Cycleway 2</name><styleUrl>#layer</styleUrl><ExtendedData><Data name="Label"><displayName>Label</displayName><value>C2</value></Data><Data name="Route_Name"><displayName>Route_Name</displayName><value>Cycleway 2</value></Data><Data name="Status"><displayName>Status</displayName><value>Open</value></Data><Data name="Programme"><displayName>Programme</displayName><value>Cycleways</value></Data></ExtendedData><LineString><tessellate>1</tessellate><coordinates>-0.0739414,51.5144442,0 -0.0705019,51.5156825,0 -0.0669174,51.5172781,0 -0.063793,51.5182157,0 -0.0482446,51.5214739,0 -0.0407082,51.5227512,0 -0.0341274,51.5252581,0 -0.0250762,51.5272016,0 -0.0183081,51.5283466,0 -0.0133588,51.5300975,0</coordinates></LineString></Placemark>
  <Placemark><name>C4 Cycleway 4</name><styleUrl>#layer</styleUrl><ExtendedData><Data name="Label"><displayName>Label</displayName><value>C4</value></Data><Data name="Route_Name"><displayName>Route_Name</displayName><value>Cycleway 4</value></Data><Data name="Status"><displayName>Status</displayName><value>Open</value></Data><Data name="Programme"><displayName>Programme</displayName><value>Cycleways</value></Data></ExtendedData><LineString><tessellate>1</tessellate><coordinates>-0.0421422,51.490023,0 -0.0453759,51.4922174,0 -0.0476405,51.4934962,0 -0.050113,51.4946345,0 -0.0552409,51.4987126,0</coordinates></LineString></Placemark>
  <Placemark><name>C3 Cycleway 3</name><styleUrl>#layer</styleUrl><ExtendedData><Data name="Label"><displayName>Label</displayName><value>C3</value></Data><Data name="Route_Name"><displayName>Route_Name</displayName><value>Cycleway 3</value></Data><Data name="Status"><displayName>Status</displayName><value>Open</value></Data><Data name="Programme"><displayName>Programme</displayName><value>Cycleways</value></Data></ExtendedData><LineString><tessellate>1</tessellate><coordinates>0.081217,51.5278087,0 0.077281,51.5265385,0 0.0748675,51.5254571,0 0.0647021,51.5222281,0 0.0604538,51.5204052,0 0.0577252,51.5196707,0 0.0552024,51.5193462,0 0.0470176,51.5200469,0 0.0438894,51.5200386,0 0.0417128,51.5197168,0 0.0396707,51.5191768,0 0.0361027,51.5177101,0 0.0338847,51.5171011,0 0.0287831,51.516794,0 0.0250269,51.5172457,0 0.0180015,51.5171063,0 0.0161329,51.5168957,0 0.0080818,51.5153973,0 0.0025871,51.5140074,0 0.0013316,51.5129856,0 -0.0001243,51.5126508,0 0.0001349,51.5119898,0 -0.0000649,51.5117054,0 -0.0007477,51.5115822,0 -0.0004701,51.5110108,0 -0.0039586,51.5103328,0 -0.0034768,51.5094882,0 -0.0049886,51.5091902,0 -0.0062302,51.5091394,0 -0.0069316,51.5089175,0 -0.0104831,51.508771,0 -0.017321,51.5089409,0 -0.0212372,51.5093578,0 -0.0236476,51.5089398,0 -0.0242042,51.509066,0 -0.0245074,51.5087204,0 -0.0248705,51.5086546,0 -0.0268559,51.5093985,0 -0.0290806,51.509274,0 -0.0321051,51.5086503,0 -0.0378483,51.5098167,0 -0.0378722,51.5105995,0 -0.0394708,51.5106263,0 -0.0401276,51.5111049,0 -0.0407255,51.5112767,0 -0.0414973,51.5110918,0 -0.0421279,51.5111743,0 -0.0420829,51.5115512,0 -0.0426134,51.511614,0 -0.046756,51.5114672,0 -0.0526782,51.5108193,0 -0.0548274,51.5111158,0 -0.0648588,51.511102,0 -0.069386,51.5107181,0 -0.0714065,51.5103107,0 -0.0739681,51.5100561,0 -0.0763547,51.5095108,0 -0.0778138,51.5094269,0 -0.0798387,51.509595,0 -0.0810662,51.5091925,0 -0.0819932,51.5090818,0 -0.0881159,51.5098203,0 -0.0929859,51.5108798,0 -0.096355,51.5113033,0</coordinates></LineString></Placemark>
  <Placemark><name>CS7 Cycle Superhighway 7</name><styleUrl>#layer</styleUrl><ExtendedData><Data name="Label"><displayName>Label</displayName><value>CS7</value></Data><Data name="Route_Name"><displayName>Route_Name</displayName><value>Cycle Superhighway 7</value></Data><Data name="Status"><displayName>Status</displayName><value>Open</value></Data><Data name="Programme"><displayName>Programme</displayName><value>Cycle Superhighways</value></Data></ExtendedData><LineString><tessellate>1</tessellate><coordinates>-0.0930288,51.5108895,0 -0.0949211,51.5073321,0 -0.0959685,51.5029515,0</coordinates></LineString></Placemark>
  <Placemark><name>C Cycleway</name><styleUrl>#layer</styleUrl><ExtendedData><Data name="Label"><displayName>Label</displayName><value>C</value></Data><Data name="Route_Name"><displayName>Route_Name</displayName><value>Cycleway</value></Data><Data name="Status"><displayName>Status</displayName><value>Open</value></Data><Data name="Programme"><displayName>Programme</displayName><value>Cycleways</value></Data></ExtendedData><LineString><tessellate>1</tessellate><coordinates>0.0293286,51.4665321,0 0.0259102,51.4722477,0</coordinates></LineString></Placemark>
  <Placemark><name>C11 Cycleway 11</name><styleUrl>#layer</styleUrl><ExtendedData><Data name="Label"><displayName>Label</displayName><value>C11</value></Data><Data name="Route_Name"><displayName>Route_Name</displayName><value>Cycleway 11</value></Data><Data name="Status"><displayName>Status</displayName><value>Open</value></Data><Data name="Programme"><displayName>Programme</displayName><value>Cycleways</value></Data></ExtendedData><LineString><tessellate>1</tessellate><coordinates>-0.0929084,51.5320388,0 -0.0905625,51.5247074,0 -0.0897791,51.5231029,0 -0.0899206,51.5207581,0 -0.0902932,51.5208091,0</coordinates></LineString></Placemark>
  <Placemark><name>C33 Cycleway 33</name><styleUrl>#layer</styleUrl><ExtendedData><Data name="Label"><displayName>Label</displayName><value>C33</value></Data><Data name="Route_Name"><displayName>Route_Name</displayName><value>Cycleway 33</value></Data><Data name="Status"><displayName>Status</displayName><value>Open</value></Data><Data name="Programme"><displayName>Programme</displayName><value>Cycleways</value></Data></ExtendedData><MultiGeometry><LineString><tessellate>1</tessellate><coordinates>0.0666507,51.482175,0 0.0665378,51.4819072,0 0.0670435,51.4819432,0 0.0665258,51.4813228,0 0.0656262,51.4805383,0 0.0647432,51.4801222,0 0.0641987,51.4795473,0 0.0634169,51.4791384,0 0.0628512,51.4790494,0 0.0619251,51.4792726,0 0.061569,51.4787213,0 0.0580125,51.4787388,0 0.0544477,51.4782528,0 0.0523597,51.4789009,0</coordinates></LineString><LineString><tessellate>1</tessellate><coordinates>0.0673201,51.488692,0 0.0670409,51.4879325,0 0.0671198,51.485539,0 0.0665319,51.4836879,0 0.066651,51.4824987,0 0.066487,51.4823757,0 0.0665496,51.4821677,0 0.0666955,51.4822101,0</coordinates></LineString></MultiGeometry></Placemark>
  <Placemark><name>C13 Cycleway 13</name><styleUrl>#layer</styleUrl><ExtendedData><Data name="Label"><displayName>Label</displayName><value>C13</value></Data><Data name="Route_Name"><displayName>Route_Name</displayName><value>Cycleway 13</value></Data><Data name="Status"><displayName>Status</displayName><value>Open</value></Data><Data name="Programme"><displayName>Programme</displayName><value>Cycleways</value></Data></ExtendedData><MultiGeometry><LineString><tessellate>1</tessellate><coordinates>-0.0904828,51.5245443,0 -0.0853602,51.5246585,0 -0.0849001,51.5253164,0 -0.0839013,51.5259346,0</coordinates></LineString><LineString><tessellate>1</tessellate><coordinates>-0.08377,51.5258195,0 -0.0831813,51.5260797,0 -0.0814528,51.5260424,0 -0.0780119,51.5262737,0 -0.0779603,51.5264707,0 -0.0766121,51.5263047,0 -0.076517,51.5265099,0 -0.0733189,51.5274735,0 -0.0734299,51.5282577,0 -0.0709844,51.5284692,0 -0.070234,51.5288255,0 -0.0672652,51.5308358,0</coordinates></LineString></MultiGeometry></Placemark>
  <Placemark><name>C22 Cycleway 22</name><styleUrl>#layer</styleUrl><ExtendedData><Data name="Label"><displayName>Label</displayName><value>C22</value></Data><Data name="Route_Name"><displayName>Route_Name</displayName><value>Cycleway 22</value></Data><Data name="Status"><displayName>Status</displayName><value>Open</value></Data><Data name="Programme"><displayName>Programme</displayName><value>Cycleways</value></Data></ExtendedData><LineString><tessellate>1</tessellate><coordinates>0.0593133,51.5200476,0 0.0587264,51.5207773,0 0.0232841,51.5254056,0 0.0201272,51.5263865,0 0.0115564,51.5301403,0 0.0109113,51.5302233,0 0.0055071,51.5299473,0 0.0001289,51.5309205,0</coordinates></LineString></Placemark>
  <Placemark><name>C37 Cycleway 37</name><styleUrl>#layer</styleUrl><ExtendedData><Data name="Label"><displayName>Label</displayName><value>C37</value></Data><Data name="Route_Name"><displayName>Route_Name</displayName><value>Cycleway 37</value></Data><Data name="Status"><displayName>Status</displayName><value>Open</value></Data><Data name="Programme"><displayName>Programme</displayName><value>Cycleways</value></Data></ExtendedData><LineString><tessellate>1</tessellate><coordinates>-0.0335773,51.5216338,0 -0.0347402,51.5250885,0</coordinates></LineString></Placemark>
  <Placemark><name>C14 Cycleway 14</name><styleUrl>#layer</styleUrl><ExtendedData><Data name="Label"><displayName>Label</displayName><value>C14</value></Data><Data name="Route_Name"><displayName>Route_Name</displayName><value>Cycleway 14</value></Data><Data name="Status"><displayName>Status</displayName><value>Open</value></Data><Data name="Programme"><displayName>Programme</displayName><value>Cycleways</value></Data></ExtendedData><LineString><tessellate>1</tessellate><coordinates>-0.0302022,51.4896429,0 -0.0296933,51.4890858,0 -0.0297722,51.4889252,0 -0.0317158,51.4882834,0 -0.0334335,51.4871972,0 -0.0317255,51.4857206,0 -0.0318111,51.4840673,0 -0.0306165,51.4840472,0 -0.0305433,51.4834074,0 -0.0255308,51.483413,0 -0.0251656,51.4848637,0 -0.0244778,51.4847802,0 -0.0243175,51.4844897,0 -0.0227063,51.4841117,0 -0.0219734,51.4844051,0 -0.0192871,51.4835773,0 -0.0192681,51.4833522,0 -0.0188149,51.4831736,0 -0.0187193,51.4827224,0 -0.0178095,51.4827789,0 -0.0177942,51.4831294,0 -0.0175484,51.4831522,0 -0.0150116,51.4828665,0 -0.0122161,51.4829001,0 -0.010829,51.4830025,0 -0.0107049,51.4832072,0 -0.010144,51.4831887,0 -0.009542,51.4833602,0 -0.0093328,51.4830156,0 -0.0084956,51.4832705,0 -0.0069207,51.4838274,0 -0.0057337,51.4842122,0 -0.0045607,51.4845924,0 -0.0035776,51.4834908,0 -0.0007482,51.4842969,0 0.001515,51.484672,0 0.0016061,51.4847784,0 0.0005275,51.4854712,0 0.0023149,51.4868167,0 0.004078,51.4889179,0 0.0059872,51.4887684,0 0.0082509,51.4888196,0 0.0082071,51.4884786,0 0.0105196,51.4883311,0 0.0104482,51.4889978,0 0.0113971,51.489611,0 0.0111919,51.4898573,0 0.0119266,51.4901865,0 0.011777,51.4903869,0 0.0119816,51.4907791,0 0.0148146,51.4926279,0 0.0160317,51.4927869,0 0.0163659,51.4935005,0 0.0163445,51.4943193,0 0.0175412,51.4946674,0 0.01892,51.494248,0 0.019363,51.4948159,0 0.0217087,51.4944337,0 0.0215144,51.4939515,0 0.0244446,51.4934333,0 0.0261712,51.4933855,0 0.028935,51.4936614,0 0.0356411,51.4947861,0 0.037093,51.4947159,0 0.0374384,51.4940624,0 0.0402012,51.4943111,0 0.0448162,51.4940958,0 0.0447808,51.494591,0 0.0468006,51.4946547,0 0.0467464,51.4950513,0 0.0549478,51.4944941,0 0.0595364,51.4943327,0 0.0612016,51.4945192,0 0.061321,51.4942923,0 0.0620018,51.4940555,0 0.0624493,51.4940746,0 0.0623891,51.4943365,0 0.0642628,51.4946722,0 0.0709903,51.4949762,0 0.0708964,51.4951308,0 0.0766371,51.4962253,0 0.0820223,51.4986837,0</coordinates></LineString></Placemark>
  <Placemark><name>C11 Cycleway 11</name><styleUrl>#layer</styleUrl><ExtendedData><Data name="Label"><displayName>Label</displayName><value>C11</value></Data><Data name="Route_Name"><displayName>Route_Name</displayName><value>Cycleway 11</value></Data><Data name="Status"><displayName>Status</displayName><value>Open</value></Data><Data name="Programme"><displayName>Programme</displayName><value>Cycleways</value></Data></ExtendedData><LineString><tessellate>1</tessellate><coordinates>-0.0902932,51.5208091,0 -0.0923457,51.5210224,0 -0.0972699,51.5201223,0</coordinates></LineString></Placemark>
  <Placemark><name>C4 Cycleway 4</name><styleUrl>#layer</styleUrl><ExtendedData><Data name="Label"><displayName>Label</displayName><value>C4</value></Data><Data name="Route_Name"><displayName>Route_Name</displayName><value>Cycleway 4</value></Data><Data name="Status"><displayName>Status</displayName><value>Open</value></Data><Data name="Programme"><displayName>Programme</displayName><value>Cycleways</value></Data></ExtendedData><LineString><tessellate>1</tessellate><coordinates>-0.0148443,51.4814158,0 -0.0233529,51.4808222,0 -0.0278129,51.4819316,0 -0.0323989,51.4841311,0 -0.036369,51.4869317,0 -0.0402327,51.4888669,0 -0.0421422,51.490023,0</coordinates></LineString></Placemark>
  <Placemark><name>C Cycleway</name><styleUrl>#layer</styleUrl><ExtendedData><Data name="Label"><displayName>Label</displayName><value>C</value></Data><Data name="Route_Name"><displayName>Route_Name</displayName><value>Cycleway</value></Data><Data name="Status"><displayName>Status</displayName><value>Open</value></Data><Data name="Programme"><displayName>Programme</displayName><value>Cycleways</value></Data></ExtendedData><LineString><tessellate>1</tessellate><coordinates>-0.08521,51.5203395,0 -0.0832728,51.5197862,0 -0.0815796,51.5209725,0 -0.0788623,51.5204603,0</coordinates></LineString></Placemark>
  <Placemark><name>C4 Cycleway 4</name><styleUrl>#layer</styleUrl><ExtendedData><Data name="Label"><displayName>Label</displayName><value>C4</value></Data><Data name="Route_Name"><displayName>Route_Name</displayName><value>Cycleway 4</value></Data><Data name="Status"><displayName>Status</displayName><value>Open</value></Data><Data name="Programme"><displayName>Programme</displayName><value>Cycleways</value></Data></ExtendedData><MultiGeometry><LineString><tessellate>1</tessellate><coordinates>-0.0725162,51.5000772,0 -0.0697079,51.498682,0 -0.0685565,51.4983123,0 -0.0666954,51.4980298,0 -0.0649355,51.4980817,0 -0.0554373,51.4991745,0 -0.0549816,51.4990501,0 -0.0549942,51.4987535,0 -0.0555413,51.4987626,0 -0.0556719,51.4990795,0</coordinates></LineString><LineString><tessellate>1</tessellate><coordinates>-0.0738814,51.5005043,0 -0.0759321,51.5014193,0 -0.0784891,51.5029721,0 -0.0820539,51.5042086,0 -0.0841263,51.5050383,0 -0.0849417,51.5053935,0 -0.0856471,51.5056758,0 -0.0859669,51.5057751,0 -0.0869466,51.5059341,0 -0.0880254,51.5060971,0</coordinates></LineString></MultiGeometry></Placemark>
  <Placemark><name>C Cycleway</name><styleUrl>#layer</styleUrl><ExtendedData><Data name="Label"><displayName>Label</displayName><value>C</value></Data><Data name="Route_Name"><displayName>Route_Name</displayName><value>Cycleway</value></Data><Data name="Status"><displayName>Status</displayName><value>Open</value></Data><Data name="Programme"><displayName>Programme</displayName><value>Cycleways</value></Data></ExtendedData><LineString><tessellate>1</tessellate><coordinates>-0.0209965,51.478169,0 -0.0210867,51.4766201,0 -0.0223473,51.476318,0 -0.0227646,51.4762964,0 -0.0233474,51.4755138,0 -0.0236696,51.4750536,0 -0.0239617,51.4746364,0 -0.0227614,51.474452,0 -0.0225589,51.4738841,0 -0.0220751,51.47375,0 -0.0218943,51.4726049,0 -0.0225224,51.4720669,0 -0.0222692,51.471595,0 -0.0206496,51.4700927,0 -0.0193991,51.4693791,0</coordinates></LineString></Placemark>
  <Placemark><name>C Cycleway</name><styleUrl>#layer</styleUrl><ExtendedData><Data name="Label"><displayName>Label</displayName><value>C</value></Data><Data name="Route_Name"><displayName>Route_Name</displayName><value>Cycleway</value></Data><Data name="Status"><displayName>Status</displayName><value>Open</value></Data><Data name="Programme"><displayName>Programme</displayName><value>Cycleways</value></Data></ExtendedData><LineString><tessellate>1</tessellate><coordinates>-0.0319455,51.4759397,0 -0.0322861,51.4773934,0 -0.0366782,51.4767296,0 -0.037017,51.4768882,0 -0.0376504,51.4789043,0 -0.0389328,51.481237,0 -0.0397924,51.4823486,0 -0.0396728,51.4827872,0</coordinates></LineString></Placemark>
  <Placemark><name>C18 Cycleway 18</name><styleUrl>#layer</styleUrl><ExtendedData><Data name="Label"><displayName>Label</displayName><value>C18</value></Data><Data name="Route_Name"><displayName>Route_Name</displayName><value>Cycleway 18</value></Data><Data name="Status"><displayName>Status</displayName><value>Open</value></Data><Data name="Programme"><displayName>Programme</displayName><value>Cycleways</value></Data></ExtendedData><LineString><tessellate>1</tessellate><coordinates>-0.0227572,51.4762999,0 -0.0225179,51.4768451,0 -0.0225236,51.4772153,0 -0.0227021,51.4778956,0 -0.0228347,51.4784008,0 -0.0229858,51.4792014,0 -0.0231451,51.4808118,0</coordinates></LineString></Placemark>
  <Placemark><name>C10 Cycleway 10</name><styleUrl>#layer</styleUrl><ExtendedData><Data name="Label"><displayName>Label</displayName><value>C10</value></Data><Data name="Route_Name"><displayName>Route_Name</displayName><value>Cycleway 10</value></Data><Data name="Status"><displayName>Status</displayName><value>Open</value></Data><Data name="Programme"><displayName>Programme</displayName><value>Cycleways</value></Data></ExtendedData><LineString><tessellate>1</tessellate><coordinates>-0.015306,51.477651,0 -0.015306,51.477651,0 -0.0157888,51.4774889,0 -0.0163148,51.4773321,0 -0.0168881,51.4772131,0 -0.0172005,51.4771199,0 -0.0174399,51.4773313,0 -0.0175545,51.4776506,0 -0.0176388,51.4779463,0</coordinates></LineString></Placemark>
</Document>
</kml>
