{"type":"FeatureCollection","meta":{
 "source": "planning.data.gov.uk: Article 4 direction area (article-4-direction-area)",
 "dataset": "article-4-direction-area",
 "page": "https://www.planning.data.gov.uk/dataset/article-4-direction-area",
 "typology": "geography",
 "phase": "beta",
 "api": "https://www.planning.data.gov.uk/entity.geojson?dataset=article-4-direction-area&geometry=<zone polygon WKT>&geometry_relation=intersects&limit=500&offset=<n>",
 "fetched": "2026-10-04",
 "licence": "Open Government Licence v3.0",
 "licence_url": "https://www.nationalarchives.gov.uk/doc/open-government-licence/version/3/",
 "attribution": "© Crown copyright and database right 2026",
 "why": "all Article 4 direction areas (the GLA file held only office-to-residential)",
 "zone": "the 3D model box, BNG E 532400-539900, N 176700-182300 (WGS84 -0.095, 51.474 to 0.015, 51.522)",
 "method": "walk-portals.mjs pdg harvest article-4-direction-area: the platform's spatial query (geometry intersects the zone box) in pages of 500; whole geometries kept (not cut), rounded to 6 decimals; in_zone, whole_in_zone, in_cw (Canary Wharf registry box -0.03, 51.498, -0.005, 51.51); fields kept as published except empty ones and fields matching /e-?mail|phone|tel(ephone)?$|^tel|contact|^fax|mobile|^owner_?name|person|officer|case_?officer|agent_?name|applicant/i",
 "counts": {
  "features": 344,
  "zone_count_at_walk": 344,
  "whole_in_zone": 305,
  "in_cw": 7,
  "pages": 1
 }
},
"features":[
{"type":"Feature","geometry":{"type":"MultiPolygon","coordinates":[[[[-0.043333,51.498965],[-0.043571,51.499084],[-0.044598,51.499482],[-0.04465,51.499499],[-0.044685,51.499503],[-0.044706,51.499503],[-0.044736,51.499499],[-0.044758,51.499493],[-0.044787,51.499481],[-0.044805,51.49947],[-0.045219,51.499064],[-0.045261,51.499014],[-0.045266,51.499005],[-0.045272,51.498981],[-0.045306,51.498885],[-0.045318,51.498864],[-0.045352,51.498796],[-0.045458,51.498624],[-0.045606,51.498416],[-0.045633,51.498386],[-0.045708,51.498314],[-0.045765,51.498273],[-0.045798,51.498252],[-0.045942,51.498134],[-0.046483,51.498364],[-0.046754,51.498539],[-0.047104,51.49866],[-0.047368,51.49852],[-0.047492,51.498466],[-0.04772,51.498446],[-0.047874,51.498377],[-0.048187,51.497815],[-0.048229,51.497706],[-0.048149,51.497677],[-0.047719,51.497584],[-0.046925,51.496612],[-0.046847,51.49651],[-0.04677,51.496546],[-0.046205,51.496641],[-0.046071,51.496572],[-0.04603,51.496688],[-0.045745,51.496754],[-0.045666,51.496991],[-0.043333,51.498965]]]]},"properties":{"entry-date":"2025-05-21","entity":7010003472,"name":"Site allocation NSP80: Decathlon Site and Mulberry Business Park","dataset":"article-4-direction-area","typology":"geography","reference":"56","prefix":"article-4-direction-area","organisation-entity":329,"quality":"authoritative","notes":"Demolition of commercial buildings and replacement with a single dwelling housing or block of flats is restricted","description":"56","article-4-direction":"56","permitted-development-rights":"None given","in_zone":true,"whole_in_zone":true,"in_cw":false,"organisation":"London Borough of Southwark"}},
{"type":"Feature","geometry":{"type":"MultiPolygon","coordinates":[[[[-0.091535,51.504556],[-0.091536,51.504593],[-0.091734,51.504589],[-0.092473,51.504588],[-0.09279,51.504595],[-0.093031,51.504607],[-0.093129,51.504467],[-0.093131,51.504468],[-0.093138,51.504455],[-0.093159,51.504424],[-0.093203,51.504364],[-0.093415,51.504085],[-0.093082,51.504001],[-0.093052,51.50405],[-0.092768,51.503978],[-0.092672,51.504113],[-0.092654,51.504109],[-0.092585,51.504187],[-0.092552,51.504216],[-0.092299,51.504132],[-0.092211,51.504109],[-0.091821,51.504038],[-0.091665,51.504307],[-0.091646,51.504351],[-0.09162,51.504345],[-0.091535,51.504556]]]]},"properties":{"entry-date":"2025-05-21","entity":7010003473,"name":"Site allocation NSP07: Landmark Court","dataset":"article-4-direction-area","typology":"geography","reference":"57","prefix":"article-4-direction-area","organisation-entity":329,"quality":"authoritative","notes":"Demolition of commercial buildings and replacement with a single dwelling housing or block of flats is restricted","description":"57","article-4-direction":"57","permitted-development-rights":"None given","in_zone":true,"whole_in_zone":true,"in_cw":false,"organisation":"London Borough of Southwark"}},
{"type":"Feature","geometry":{"type":"MultiPolygon","coordinates":[[[[-0.053938,51.499044],[-0.053976,51.499086],[-0.054252,51.498981],[-0.05407,51.499052],[-0.054401,51.498925],[-0.054408,51.49892],[-0.054562,51.498917],[-0.054625,51.498918],[-0.054648,51.498906],[-0.054685,51.498864],[-0.054738,51.498823],[-0.054777,51.498781],[-0.054807,51.498746],[-0.054856,51.498658],[-0.054866,51.498615],[-0.054871,51.498584],[-0.054872,51.498566],[-0.054872,51.498555],[-0.054865,51.49851],[-0.05485,51.498468],[-0.054834,51.498432],[-0.054822,51.498414],[-0.054754,51.498355],[-0.054548,51.498239],[-0.054425,51.498145],[-0.054208,51.498197],[-0.054227,51.498326],[-0.054041,51.498337],[-0.053989,51.498361],[-0.053751,51.498418],[-0.053747,51.498422],[-0.053684,51.498431],[-0.053692,51.498519],[-0.053634,51.49854],[-0.053731,51.498651],[-0.053828,51.498774],[-0.05382,51.498807],[-0.053756,51.498829],[-0.053938,51.499044]]]]},"properties":{"entry-date":"2025-05-21","entity":7010003479,"name":"Site allocation NSP79: St Olav's Business Park, Lower Road","dataset":"article-4-direction-area","typology":"geography","reference":"63","prefix":"article-4-direction-area","organisation-entity":329,"quality":"authoritative","notes":"Demolition of commercial buildings and replacement with a single dwelling housing or block of flats is restricted","description":"63","article-4-direction":"63","permitted-development-rights":"None given","in_zone":true,"whole_in_zone":true,"in_cw":false,"organisation":"London Borough of Southwark"}},
{"type":"Feature","geometry":{"type":"MultiPolygon","coordinates":[[[[-0.060207,51.49251],[-0.060226,51.492572],[-0.060378,51.492877],[-0.060412,51.49295],[-0.060698,51.493521],[-0.06076,51.493651],[-0.060976,51.494087],[-0.061023,51.494179],[-0.061274,51.494722],[-0.061515,51.495336],[-0.061569,51.49547],[-0.061672,51.495852],[-0.061827,51.496472],[-0.061906,51.49681],[-0.062249,51.496774],[-0.062286,51.496907],[-0.062407,51.496954],[-0.062609,51.496929],[-0.062983,51.496887],[-0.062864,51.496439],[-0.062927,51.496433],[-0.063474,51.496334],[-0.063325,51.495789],[-0.062734,51.495845],[-0.062556,51.495341],[-0.062502,51.495245],[-0.062593,51.495226],[-0.062749,51.495223],[-0.064149,51.495025],[-0.064554,51.494966],[-0.064603,51.494957],[-0.065207,51.494831],[-0.065231,51.494819],[-0.06527,51.494786],[-0.064878,51.49408],[-0.064783,51.494036],[-0.061466,51.492566],[-0.060744,51.492249],[-0.0607,51.492231],[-0.060487,51.492259],[-0.060207,51.49251]]]]},"properties":{"entry-date":"2025-05-21","entity":7010003480,"name":"Site allocation NSP13: Biscuit Factory and Campus","dataset":"article-4-direction-area","typology":"geography","reference":"64","prefix":"article-4-direction-area","organisation-entity":329,"quality":"authoritative","notes":"Demolition of commercial buildings and replacement with a single dwelling housing or block of flats is restricted","description":"64","article-4-direction":"64","permitted-development-rights":"None given","in_zone":true,"whole_in_zone":true,"in_cw":false,"organisation":"London Borough of Southwark"}},
{"type":"Feature","geometry":{"type":"MultiPolygon","coordinates":[[[[-0.086604,51.506081],[-0.086612,51.506085],[-0.086631,51.50609],[-0.087101,51.506267],[-0.087437,51.506297],[-0.087567,51.506306],[-0.088008,51.506354],[-0.088076,51.506147],[-0.088043,51.50614],[-0.08765,51.50608],[-0.086622,51.505919],[-0.086604,51.506081]]]]},"properties":{"entry-date":"2025-05-21","entity":7010003481,"name":"Site allocation NSP55: Colechurch House, London Bridge Walk","dataset":"article-4-direction-area","typology":"geography","reference":"65","prefix":"article-4-direction-area","organisation-entity":329,"quality":"authoritative","notes":"Demolition of commercial buildings and replacement with a single dwelling housing or block of flats is restricted","description":"65","article-4-direction":"65","permitted-development-rights":"None given","in_zone":true,"whole_in_zone":true,"in_cw":false,"organisation":"London Borough of Southwark"}},
{"type":"Feature","geometry":{"type":"MultiPolygon","coordinates":[[[[-0.083344,51.502301],[-0.083193,51.502384],[-0.083045,51.502449],[-0.082821,51.50251],[-0.084106,51.502945],[-0.084228,51.502798],[-0.08443,51.502561],[-0.084198,51.502501],[-0.084173,51.50254],[-0.084144,51.502603],[-0.084117,51.50265],[-0.083812,51.50254],[-0.08382,51.502434],[-0.084174,51.502357],[-0.084199,51.502283],[-0.084143,51.502284],[-0.08371,51.502301],[-0.083695,51.502298],[-0.083652,51.502306],[-0.083604,51.5022],[-0.083568,51.502205],[-0.08353,51.502213],[-0.083494,51.502223],[-0.083344,51.502301]]]]},"properties":{"entry-date":"2025-05-21","entity":7010003482,"name":"Site allocation NSP54: Land between St Thomas Street, Fenning Street, Melior Place, and Snowsfields","dataset":"article-4-direction-area","typology":"geography","reference":"66","prefix":"article-4-direction-area","organisation-entity":329,"quality":"authoritative","notes":"Demolition of commercial buildings and replacement with a single dwelling housing or block of flats is restricted","description":"66","article-4-direction":"66","permitted-development-rights":"None given","in_zone":true,"whole_in_zone":true,"in_cw":false,"organisation":"London Borough of Southwark"}},
{"type":"Feature","geometry":{"type":"MultiPolygon","coordinates":[[[[-0.094626,51.475325],[-0.094606,51.475334],[-0.094563,51.47529],[-0.094532,51.475238],[-0.094484,51.475191],[-0.094368,51.475028],[-0.094204,51.475095],[-0.094129,51.47512],[-0.093874,51.47518],[-0.093903,51.475233],[-0.093541,51.47532],[-0.09357,51.47532],[-0.093645,51.475449],[-0.093658,51.475454],[-0.094073,51.475356],[-0.094153,51.475538],[-0.094192,51.475622],[-0.094265,51.47582],[-0.094302,51.475816],[-0.094317,51.475881],[-0.094338,51.476082],[-0.094885,51.47604],[-0.095353,51.476028],[-0.095734,51.476024],[-0.095782,51.47602],[-0.09584,51.475912],[-0.096004,51.475621],[-0.096154,51.475372],[-0.096114,51.475359],[-0.096091,51.475349],[-0.096099,51.47534],[-0.095754,51.475196],[-0.095755,51.475197],[-0.095511,51.475098],[-0.095331,51.475426],[-0.095311,51.475465],[-0.094626,51.475325]]]]},"properties":{"entry-date":"2025-05-21","entity":7010003484,"name":"Site allocation NSP29: Abellio Walworth Depot","dataset":"article-4-direction-area","typology":"geography","reference":"68","prefix":"article-4-direction-area","organisation-entity":329,"quality":"authoritative","notes":"Demolition of commercial buildings and replacement with a single dwelling housing or block of flats is restricted","description":"68","article-4-direction":"68","permitted-development-rights":"None given","in_zone":true,"whole_in_zone":false,"in_cw":false,"organisation":"London Borough of Southwark"}},
{"type":"Feature","geometry":{"type":"MultiPolygon","coordinates":[[[[-0.092304,51.499774],[-0.092499,51.500028],[-0.092585,51.500157],[-0.092659,51.500275],[-0.092704,51.500277],[-0.09343,51.499883],[-0.093429,51.49987],[-0.092914,51.499497],[-0.092559,51.499691],[-0.092329,51.49977],[-0.092322,51.499765],[-0.092304,51.499774]]],[[[-0.093814,51.499815],[-0.094256,51.500085],[-0.0944,51.500177],[-0.094586,51.5003],[-0.094951,51.500106],[-0.094794,51.500007],[-0.094637,51.499911],[-0.09464,51.499907],[-0.094486,51.499819],[-0.094563,51.499764],[-0.094688,51.49966],[-0.094806,51.499576],[-0.094707,51.499558],[-0.094596,51.499523],[-0.094501,51.499489],[-0.094409,51.499483],[-0.094348,51.499482],[-0.094285,51.499517],[-0.094082,51.499649],[-0.093814,51.499815]]],[[[-0.091775,51.500697],[-0.091777,51.500703],[-0.091916,51.500863],[-0.091915,51.500864],[-0.092049,51.501026],[-0.092134,51.501024],[-0.09221,51.501008],[-0.092558,51.50081],[-0.092583,51.500748],[-0.092603,51.500675],[-0.09255,51.500584],[-0.092499,51.500543],[-0.09244,51.500527],[-0.092349,51.500541],[-0.092042,51.500621],[-0.092043,51.500622],[-0.091853,51.500673],[-0.091779,51.50069],[-0.091776,51.500693],[-0.091775,51.500697]]]]},"properties":{"entry-date":"2025-05-21","entity":7010003488,"name":"Site allocation NSP09: Swan Street Cluster","dataset":"article-4-direction-area","typology":"geography","reference":"72","prefix":"article-4-direction-area","organisation-entity":329,"quality":"authoritative","notes":"Demolition of commercial buildings and replacement with a single dwelling housing or block of flats is restricted","description":"72","article-4-direction":"72","permitted-development-rights":"None given","in_zone":true,"whole_in_zone":true,"in_cw":false,"organisation":"London Borough of Southwark"}},
{"type":"Feature","geometry":{"type":"MultiPolygon","coordinates":[[[[-0.090425,51.475844],[-0.090575,51.476275],[-0.090594,51.476304],[-0.090646,51.476343],[-0.090704,51.476357],[-0.09079,51.476365],[-0.090937,51.476344],[-0.091652,51.476264],[-0.091641,51.476224],[-0.091635,51.476179],[-0.091464,51.475676],[-0.090855,51.475756],[-0.090755,51.475772],[-0.090753,51.475771],[-0.090466,51.475812],[-0.090441,51.475825],[-0.090425,51.475844]]]]},"properties":{"entry-date":"2025-05-21","entity":7010003489,"name":"Site allocation NSP35: Camberwell Green Magistrates Court","dataset":"article-4-direction-area","typology":"geography","reference":"73","prefix":"article-4-direction-area","organisation-entity":329,"quality":"authoritative","notes":"Demolition of commercial buildings and replacement with a single dwelling housing or block of flats is restricted","description":"73","article-4-direction":"73","permitted-development-rights":"None given","in_zone":true,"whole_in_zone":true,"in_cw":false,"organisation":"London Borough of Southwark"}},
{"type":"Feature","geometry":{"type":"MultiPolygon","coordinates":[[[[-0.041225,51.496355],[-0.041256,51.496665],[-0.041383,51.497073],[-0.041467,51.497487],[-0.041593,51.497958],[-0.04159,51.498079],[-0.041666,51.498216],[-0.041792,51.498375],[-0.042019,51.498487],[-0.043333,51.498965],[-0.043368,51.498928],[-0.045666,51.496991],[-0.045745,51.496754],[-0.04603,51.496688],[-0.046071,51.496572],[-0.046116,51.496592],[-0.046175,51.496631],[-0.046205,51.496641],[-0.046403,51.496616],[-0.04677,51.496546],[-0.046847,51.49651],[-0.046925,51.496612],[-0.047719,51.497584],[-0.048149,51.497677],[-0.048281,51.49772],[-0.049519,51.497521],[-0.049625,51.497516],[-0.049702,51.497488],[-0.049887,51.497396],[-0.049957,51.49732],[-0.050413,51.497143],[-0.05076,51.497047],[-0.050532,51.49685],[-0.05058,51.496826],[-0.050151,51.496488],[-0.050142,51.496478],[-0.050041,51.496394],[-0.050021,51.496385],[-0.050069,51.496358],[-0.050203,51.496462],[-0.050586,51.496272],[-0.050603,51.496284],[-0.050753,51.496222],[-0.051144,51.49604],[-0.051487,51.496303],[-0.051705,51.496189],[-0.051671,51.49615],[-0.05178,51.496083],[-0.051853,51.496103],[-0.051926,51.496051],[-0.051671,51.495875],[-0.051611,51.495823],[-0.051577,51.495833],[-0.051477,51.495762],[-0.050972,51.496023],[-0.050554,51.49571],[-0.05051,51.495743],[-0.050461,51.49576],[-0.050374,51.495802],[-0.050169,51.495892],[-0.050192,51.49592],[-0.050113,51.495962],[-0.049976,51.496016],[-0.049917,51.495885],[-0.049749,51.4957],[-0.049693,51.495633],[-0.049602,51.49555],[-0.049558,51.495498],[-0.049481,51.495426],[-0.049467,51.495408],[-0.049445,51.495384],[-0.049427,51.495358],[-0.049404,51.495333],[-0.049382,51.495313],[-0.049304,51.495231],[-0.049284,51.4952],[-0.04919,51.495104],[-0.049153,51.495062],[-0.049031,51.494995],[-0.049011,51.494986],[-0.048956,51.494975],[-0.0489,51.49497],[-0.048813,51.494967],[-0.048705,51.494968],[-0.048608,51.495011],[-0.048576,51.495019],[-0.048507,51.49496],[-0.048505,51.494947],[-0.048503,51.494944],[-0.048456,51.494928],[-0.048404,51.494903],[-0.048331,51.494835],[-0.048316,51.494813],[-0.048306,51.494795],[-0.048259,51.494649],[-0.048229,51.494567],[-0.048182,51.494448],[-0.04814,51.494361],[-0.048104,51.494301],[-0.048005,51.494177],[-0.04783,51.493965],[-0.047782,51.493908],[-0.047712,51.493832],[-0.047694,51.493818],[-0.047626,51.49379],[-0.047555,51.493777],[-0.047543,51.493717],[-0.047578,51.493575],[-0.047538,51.49358],[-0.047506,51.493559],[-0.047531,51.493491],[-0.047349,51.493424],[-0.047247,51.493368],[-0.047056,51.493279],[-0.046928,51.493267],[-0.046875,51.493274],[-0.046786,51.493299],[-0.046587,51.493365],[-0.04634,51.493434],[-0.046261,51.493462],[-0.046162,51.493498],[-0.046066,51.493536],[-0.045853,51.493626],[-0.045734,51.493683],[-0.045667,51.493719],[-0.045615,51.493765],[-0.045491,51.493947],[-0.045438,51.493941],[-0.045374,51.493939],[-0.045291,51.493968],[-0.045263,51.493991],[-0.04521,51.494041],[-0.045123,51.494112],[-0.045012,51.494224],[-0.044934,51.494315],[-0.044898,51.494361],[-0.04483,51.494457],[-0.044763,51.494541],[-0.044709,51.494601],[-0.044623,51.494691],[-0.044577,51.494733],[-0.044241,51.495007],[-0.043499,51.495484],[-0.043156,51.495693],[-0.042748,51.495869],[-0.042214,51.496012],[-0.041609,51.496097],[-0.041427,51.496185],[-0.041225,51.496355]]],[[[-0.0412,51.499095],[-0.0415,51.499215],[-0.041181,51.499557],[-0.041808,51.4998],[-0.042226,51.499411],[-0.042235,51.499339],[-0.042169,51.499288],[-0.041549,51.499052],[-0.041594,51.499008],[-0.041382,51.498926],[-0.0412,51.499095]]]]},"properties":{"entry-date":"2025-05-21","entity":7010003491,"name":"Site allocation NSP81: Harmsworth Quays, Surrey Quays Leisure Park, Surrey Quays Shopping Centre and","dataset":"article-4-direction-area","typology":"geography","reference":"75","prefix":"article-4-direction-area","organisation-entity":329,"quality":"authoritative","notes":"Demolition of commercial buildings and replacement with a single dwelling housing or block of flats is restricted","description":"75","article-4-direction":"75","permitted-development-rights":"None given","in_zone":true,"whole_in_zone":true,"in_cw":false,"organisation":"London Borough of Southwark"}},
{"type":"Feature","geometry":{"type":"MultiPolygon","coordinates":[[[[-0.078001,51.488757],[-0.078201,51.488593],[-0.078266,51.488625],[-0.078387,51.488692],[-0.078486,51.488621],[-0.078469,51.488593],[-0.078133,51.488438],[-0.07808,51.488442],[-0.077818,51.488659],[-0.078001,51.488757]]]]},"properties":{"entry-date":"2025-05-21","entity":7010003494,"name":"Site allocation NSP63: Kinglake Street Garages","dataset":"article-4-direction-area","typology":"geography","reference":"78","prefix":"article-4-direction-area","organisation-entity":329,"quality":"authoritative","notes":"Demolition of commercial buildings and replacement with a single dwelling housing or block of flats is restricted","description":"78","article-4-direction":"78","permitted-development-rights":"None given","in_zone":true,"whole_in_zone":true,"in_cw":false,"organisation":"London Borough of Southwark"}},
{"type":"Feature","geometry":{"type":"MultiPolygon","coordinates":[[[[-0.082871,51.491783],[-0.082863,51.491822],[-0.082967,51.491903],[-0.083005,51.491957],[-0.08347,51.492316],[-0.083812,51.492143],[-0.08383,51.492138],[-0.083765,51.492089],[-0.08388,51.492035],[-0.084278,51.492279],[-0.084432,51.492184],[-0.08443,51.492175],[-0.084535,51.492112],[-0.084437,51.492057],[-0.084439,51.492047],[-0.084377,51.492001],[-0.084056,51.491797],[-0.083724,51.491599],[-0.083571,51.491491],[-0.083493,51.491478],[-0.083352,51.491547],[-0.083323,51.491598],[-0.083193,51.491662],[-0.083113,51.491665],[-0.082871,51.491783]]]]},"properties":{"entry-date":"2025-05-21","entity":7010003495,"name":"Site allocation NSP61: 96-120 Old Kent Road (Lidl store)","dataset":"article-4-direction-area","typology":"geography","reference":"79","prefix":"article-4-direction-area","organisation-entity":329,"quality":"authoritative","notes":"Demolition of commercial buildings and replacement with a single dwelling housing or block of flats is restricted","description":"79","article-4-direction":"79","permitted-development-rights":"None given","in_zone":true,"whole_in_zone":true,"in_cw":false,"organisation":"London Borough of Southwark"}},
{"type":"Feature","geometry":{"type":"MultiPolygon","coordinates":[[[[-0.089741,51.49398],[-0.089678,51.493945],[-0.08888,51.493957],[-0.08888,51.493988],[-0.088812,51.494021],[-0.088415,51.49403],[-0.08812,51.494034],[-0.087987,51.494032],[-0.087746,51.494023],[-0.08757,51.494013],[-0.087325,51.493995],[-0.087186,51.493982],[-0.086822,51.493935],[-0.08643,51.493872],[-0.086405,51.493827],[-0.086314,51.493789],[-0.086315,51.493772],[-0.08623,51.49374],[-0.08616,51.493708],[-0.08605,51.493652],[-0.085995,51.493672],[-0.085983,51.493707],[-0.085966,51.493713],[-0.085927,51.493706],[-0.085922,51.4937],[-0.08589,51.493694],[-0.085869,51.493701],[-0.08582,51.493692],[-0.085807,51.493679],[-0.085816,51.493664],[-0.085796,51.49364],[-0.085735,51.493622],[-0.085537,51.49349],[-0.085432,51.493424],[-0.085311,51.493495],[-0.085201,51.493555],[-0.085051,51.493452],[-0.084997,51.493484],[-0.084772,51.493355],[-0.08467,51.493303],[-0.084609,51.493286],[-0.084267,51.492995],[-0.084204,51.492837],[-0.084019,51.492684],[-0.083899,51.49259],[-0.083807,51.492513],[-0.083743,51.492547],[-0.083517,51.492376],[-0.083105,51.49257],[-0.083183,51.492635],[-0.083314,51.492828],[-0.083604,51.493071],[-0.083405,51.493164],[-0.084142,51.493787],[-0.084416,51.493663],[-0.084425,51.493663],[-0.084703,51.493899],[-0.084843,51.494012],[-0.084658,51.494472],[-0.084725,51.49454],[-0.084666,51.494675],[-0.084644,51.494693],[-0.084565,51.494738],[-0.084759,51.494876],[-0.08572,51.495053],[-0.085743,51.49506],[-0.086146,51.495131],[-0.086397,51.494982],[-0.086663,51.494419],[-0.086731,51.494379],[-0.08862,51.49434],[-0.088637,51.494359],[-0.088874,51.494572],[-0.089501,51.494289],[-0.08954,51.494326],[-0.089744,51.494323],[-0.089741,51.49398]]]]},"properties":{"entry-date":"2025-05-21","entity":7010003496,"name":"Site allocation NSP56: Bricklayers Arms","dataset":"article-4-direction-area","typology":"geography","reference":"80","prefix":"article-4-direction-area","organisation-entity":329,"quality":"authoritative","notes":"Demolition of commercial buildings and replacement with a single dwelling housing or block of flats is restricted","description":"80","article-4-direction":"80","permitted-development-rights":"None given","in_zone":true,"whole_in_zone":true,"in_cw":false,"organisation":"London Borough of Southwark"}},
{"type":"Feature","geometry":{"type":"MultiPolygon","coordinates":[[[[-0.081345,51.495176],[-0.081235,51.495372],[-0.080678,51.495243],[-0.080595,51.495232],[-0.080543,51.49535],[-0.080555,51.495352],[-0.080428,51.495621],[-0.080052,51.495561],[-0.080109,51.495419],[-0.080119,51.495382],[-0.080227,51.495143],[-0.0803,51.49497],[-0.080402,51.494739],[-0.080456,51.494653],[-0.080431,51.494627],[-0.08023,51.494534],[-0.079961,51.494335],[-0.079446,51.493907],[-0.079209,51.493727],[-0.079064,51.49362],[-0.078727,51.493389],[-0.078393,51.493171],[-0.078366,51.493172],[-0.078138,51.493367],[-0.078234,51.493413],[-0.078297,51.493433],[-0.078099,51.493609],[-0.078026,51.493577],[-0.077984,51.493613],[-0.077896,51.493575],[-0.077876,51.493593],[-0.07814,51.493742],[-0.078046,51.493893],[-0.077919,51.494125],[-0.07788,51.49421],[-0.078049,51.494243],[-0.078042,51.494252],[-0.077596,51.495023],[-0.077656,51.495042],[-0.077513,51.49521],[-0.077505,51.495209],[-0.077454,51.495267],[-0.077571,51.495305],[-0.077688,51.495161],[-0.077948,51.495246],[-0.078028,51.495148],[-0.07821,51.495203],[-0.078217,51.495219],[-0.078476,51.495302],[-0.078516,51.495257],[-0.078628,51.495287],[-0.078533,51.495424],[-0.07867,51.495459],[-0.078635,51.49552],[-0.078742,51.495547],[-0.078622,51.495693],[-0.078742,51.495733],[-0.078884,51.495485],[-0.07904,51.495522],[-0.07999,51.495775],[-0.080025,51.495688],[-0.08114,51.496063],[-0.081258,51.495917],[-0.081608,51.495467],[-0.08154,51.495418],[-0.081543,51.495409],[-0.081422,51.495311],[-0.081441,51.495278],[-0.081345,51.495176]]]]},"properties":{"entry-date":"2025-05-21","entity":7010003497,"name":"Site allocation NSP57: Crimscott Street and Pages Walk","dataset":"article-4-direction-area","typology":"geography","reference":"81","prefix":"article-4-direction-area","organisation-entity":329,"quality":"authoritative","notes":"Demolition of commercial buildings and replacement with a single dwelling housing or block of flats is restricted","description":"81","article-4-direction":"81","permitted-development-rights":"None given","in_zone":true,"whole_in_zone":true,"in_cw":false,"organisation":"London Borough of Southwark"}},
{"type":"Feature","geometry":{"type":"MultiPolygon","coordinates":[[[[-0.079699,51.489969],[-0.079266,51.489728],[-0.07905,51.489874],[-0.079278,51.490018],[-0.079311,51.489998],[-0.079366,51.49003],[-0.079397,51.490008],[-0.079416,51.490023],[-0.079437,51.490005],[-0.07959,51.490093],[-0.079717,51.490012],[-0.079699,51.489969]]]]},"properties":{"entry-date":"2025-05-21","entity":7010003498,"name":"Site allocation NSP62: Former petrol filling station, 233-247 Old Kent Road","dataset":"article-4-direction-area","typology":"geography","reference":"82","prefix":"article-4-direction-area","organisation-entity":329,"quality":"authoritative","notes":"Demolition of commercial buildings and replacement with a single dwelling housing or block of flats is restricted","description":"82","article-4-direction":"82","permitted-development-rights":"None given","in_zone":true,"whole_in_zone":true,"in_cw":false,"organisation":"London Borough of Southwark"}},
{"type":"Feature","geometry":{"type":"MultiPolygon","coordinates":[[[[-0.077619,51.48898],[-0.077162,51.488764],[-0.076924,51.488642],[-0.076882,51.488619],[-0.076521,51.48845],[-0.075505,51.48775],[-0.075536,51.487727],[-0.075434,51.487675],[-0.075401,51.487676],[-0.075337,51.487705],[-0.075155,51.487843],[-0.075167,51.48786],[-0.074315,51.488502],[-0.073752,51.488917],[-0.073604,51.489053],[-0.074271,51.489245],[-0.074435,51.489294],[-0.074506,51.489319],[-0.074603,51.489368],[-0.07467,51.489408],[-0.074725,51.489445],[-0.074808,51.489507],[-0.074956,51.489639],[-0.075065,51.489739],[-0.075241,51.489886],[-0.07519,51.489912],[-0.075033,51.490032],[-0.075087,51.490062],[-0.075076,51.490071],[-0.075207,51.490105],[-0.075311,51.490136],[-0.075443,51.490179],[-0.075539,51.490215],[-0.075627,51.490251],[-0.075825,51.490361],[-0.075972,51.490448],[-0.076288,51.490133],[-0.076568,51.489943],[-0.076877,51.48968],[-0.077376,51.489247],[-0.07739,51.489233],[-0.077622,51.489027],[-0.077655,51.488995],[-0.077619,51.48898]]]]},"properties":{"entry-date":"2025-05-21","entity":7010003499,"name":"Site allocation NSP59: 107 Dunton Road (Tesco store and car park) and Southernwood Retail Park","dataset":"article-4-direction-area","typology":"geography","reference":"83","prefix":"article-4-direction-area","organisation-entity":329,"quality":"authoritative","notes":"Demolition of commercial buildings and replacement with a single dwelling housing or block of flats is restricted","description":"83","article-4-direction":"83","permitted-development-rights":"None given","in_zone":true,"whole_in_zone":true,"in_cw":false,"organisation":"London Borough of Southwark"}},
{"type":"Feature","geometry":{"type":"MultiPolygon","coordinates":[[[[-0.06079,51.481572],[-0.060999,51.481491],[-0.060576,51.481162],[-0.060433,51.481093],[-0.06012,51.480948],[-0.059631,51.480765],[-0.059007,51.480524],[-0.058265,51.48024],[-0.057833,51.480077],[-0.057408,51.479937],[-0.056903,51.480412],[-0.057335,51.480571],[-0.056559,51.481349],[-0.058031,51.481593],[-0.05812,51.481554],[-0.058214,51.481536],[-0.05841,51.481539],[-0.05858,51.48142],[-0.058682,51.481434],[-0.058805,51.481462],[-0.059044,51.481526],[-0.059131,51.481545],[-0.059244,51.481562],[-0.059764,51.48169],[-0.060092,51.481741],[-0.060319,51.481724],[-0.060632,51.48164],[-0.06079,51.481572]]]]},"properties":{"entry-date":"2025-05-21","entity":7010003500,"name":"Site allocation NSP69: Devon Street and Sylvan Grove","dataset":"article-4-direction-area","typology":"geography","reference":"84","prefix":"article-4-direction-area","organisation-entity":329,"quality":"authoritative","notes":"Demolition of commercial buildings and replacement with a single dwelling housing or block of flats is restricted","description":"84","article-4-direction":"84","permitted-development-rights":"None given","in_zone":true,"whole_in_zone":true,"in_cw":false,"organisation":"London Borough of Southwark"}},
{"type":"Feature","geometry":{"type":"MultiPolygon","coordinates":[[[[-0.062599,51.48171],[-0.062488,51.481643],[-0.062413,51.481584],[-0.061998,51.481591],[-0.061758,51.481729],[-0.061915,51.48184],[-0.061984,51.481877],[-0.06218,51.481988],[-0.062599,51.48171]]]]},"properties":{"entry-date":"2025-05-21","entity":7010003501,"name":"Site allocation NSP72: 684-698 Old Kent Road (Kwikfit garage)","dataset":"article-4-direction-area","typology":"geography","reference":"85","prefix":"article-4-direction-area","organisation-entity":329,"quality":"authoritative","notes":"Demolition of commercial buildings and replacement with a single dwelling housing or block of flats is restricted","description":"85","article-4-direction":"85","permitted-development-rights":"None given","in_zone":true,"whole_in_zone":true,"in_cw":false,"organisation":"London Borough of Southwark"}},
{"type":"Feature","geometry":{"type":"MultiPolygon","coordinates":[[[[-0.064079,51.482908],[-0.064423,51.482635],[-0.064353,51.482511],[-0.064076,51.482583],[-0.063845,51.482793],[-0.064079,51.482908]]]]},"properties":{"entry-date":"2025-05-21","entity":7010003502,"name":"Site allocation NSP73: 636 Old Kent Road","dataset":"article-4-direction-area","typology":"geography","reference":"86","prefix":"article-4-direction-area","organisation-entity":329,"quality":"authoritative","notes":"Demolition of commercial buildings and replacement with a single dwelling housing or block of flats is restricted","description":"86","article-4-direction":"86","permitted-development-rights":"None given","in_zone":true,"whole_in_zone":true,"in_cw":false,"organisation":"London Borough of Southwark"}},
{"type":"Feature","geometry":{"type":"MultiPolygon","coordinates":[[[[-0.083013,51.492494],[-0.082508,51.492728],[-0.081437,51.491942],[-0.080662,51.491399],[-0.079645,51.490745],[-0.077388,51.489513],[-0.076435,51.490358],[-0.075446,51.49135],[-0.075459,51.491371],[-0.078458,51.493036],[-0.080062,51.494251],[-0.080157,51.494314],[-0.080396,51.494468],[-0.081254,51.493952],[-0.081047,51.493813],[-0.081732,51.493358],[-0.08245,51.492971],[-0.082728,51.493141],[-0.083314,51.492828],[-0.083183,51.492635],[-0.083013,51.492494]]]]},"properties":{"entry-date":"2025-05-21","entity":7010003503,"name":"Site allocation NSP58: Mandela Way","dataset":"article-4-direction-area","typology":"geography","reference":"87","prefix":"article-4-direction-area","organisation-entity":329,"quality":"authoritative","notes":"Demolition of commercial buildings and replacement with a single dwelling housing or block of flats is restricted","description":"87","article-4-direction":"87","permitted-development-rights":"None given","in_zone":true,"whole_in_zone":true,"in_cw":false,"organisation":"London Borough of Southwark"}},
{"type":"Feature","geometry":{"type":"MultiPolygon","coordinates":[[[[-0.066289,51.484249],[-0.066225,51.484404],[-0.066227,51.484448],[-0.0662,51.484519],[-0.06613,51.484542],[-0.066117,51.484583],[-0.065999,51.484732],[-0.065993,51.484795],[-0.065949,51.484919],[-0.065897,51.484952],[-0.065856,51.485009],[-0.065772,51.485175],[-0.065712,51.485323],[-0.065705,51.48539],[-0.065731,51.485516],[-0.065777,51.485803],[-0.06583,51.486075],[-0.06588,51.486362],[-0.066277,51.486335],[-0.066289,51.486431],[-0.06625,51.486437],[-0.066271,51.486572],[-0.066221,51.486588],[-0.066219,51.486622],[-0.066099,51.486644],[-0.065935,51.486692],[-0.06592,51.486862],[-0.065896,51.487068],[-0.06597,51.487146],[-0.06638,51.487285],[-0.066649,51.486927],[-0.067018,51.487015],[-0.06728,51.487017],[-0.067307,51.48701],[-0.067355,51.486706],[-0.067586,51.486709],[-0.067616,51.486527],[-0.067712,51.486531],[-0.067717,51.48651],[-0.067882,51.486522],[-0.067925,51.486506],[-0.067923,51.48647],[-0.067916,51.48645],[-0.067909,51.486352],[-0.067936,51.486338],[-0.067951,51.486254],[-0.067979,51.486055],[-0.068001,51.485979],[-0.068049,51.485677],[-0.068072,51.485485],[-0.068039,51.485441],[-0.067937,51.485411],[-0.067922,51.485314],[-0.068022,51.485313],[-0.068075,51.485326],[-0.068133,51.485315],[-0.068208,51.485177],[-0.068311,51.485018],[-0.068264,51.484957],[-0.067851,51.484811],[-0.067891,51.484775],[-0.067516,51.48463],[-0.067405,51.484599],[-0.067381,51.484623],[-0.06661,51.484305],[-0.066507,51.48426],[-0.066436,51.484232],[-0.066328,51.484235],[-0.066289,51.484249]]]]},"properties":{"entry-date":"2025-05-21","entity":7010003504,"name":"Site allocation NSP67: Marlborough Grove and St James’s Road","dataset":"article-4-direction-area","typology":"geography","reference":"88","prefix":"article-4-direction-area","organisation-entity":329,"quality":"authoritative","notes":"Demolition of commercial buildings and replacement with a single dwelling housing or block of flats is restricted","description":"88","article-4-direction":"88","permitted-development-rights":"None given","in_zone":true,"whole_in_zone":true,"in_cw":false,"organisation":"London Borough of Southwark"}},
{"type":"Feature","geometry":{"type":"MultiPolygon","coordinates":[[[[-0.065826,51.484421],[-0.065982,51.484096],[-0.065935,51.484026],[-0.065379,51.483786],[-0.065006,51.483607],[-0.064858,51.483547],[-0.06428,51.483304],[-0.062684,51.482549],[-0.062114,51.48223],[-0.06123,51.481631],[-0.060999,51.481486],[-0.060632,51.48164],[-0.060371,51.48172],[-0.060184,51.481742],[-0.059764,51.481697],[-0.059458,51.481615],[-0.058917,51.48149],[-0.058723,51.48145],[-0.058535,51.481657],[-0.058581,51.481695],[-0.058659,51.481743],[-0.058883,51.481792],[-0.059035,51.481874],[-0.059109,51.481954],[-0.059129,51.482079],[-0.059109,51.482298],[-0.059054,51.482509],[-0.059007,51.482978],[-0.058969,51.483333],[-0.059729,51.48335],[-0.06077,51.483412],[-0.0607,51.484222],[-0.060706,51.484283],[-0.060701,51.484334],[-0.060679,51.484431],[-0.060666,51.484496],[-0.060619,51.484633],[-0.060618,51.48467],[-0.060615,51.484683],[-0.060604,51.484703],[-0.060594,51.484755],[-0.060563,51.484799],[-0.060515,51.48484],[-0.060466,51.484864],[-0.060413,51.484872],[-0.060331,51.484878],[-0.058093,51.484822],[-0.058079,51.484974],[-0.058069,51.485295],[-0.058161,51.485303],[-0.058266,51.485817],[-0.05862,51.485822],[-0.05919,51.485798],[-0.060065,51.485769],[-0.060301,51.485756],[-0.060531,51.485756],[-0.060713,51.485739],[-0.060848,51.485744],[-0.061495,51.485719],[-0.06242,51.485658],[-0.06321,51.48624],[-0.063378,51.486172],[-0.062689,51.485652],[-0.06343,51.485558],[-0.063589,51.485518],[-0.063695,51.485476],[-0.065245,51.484783],[-0.065327,51.484742],[-0.065359,51.484704],[-0.065679,51.484786],[-0.065688,51.484764],[-0.065746,51.484741],[-0.065798,51.484627],[-0.065816,51.484548],[-0.065826,51.484421]]]]},"properties":{"entry-date":"2025-05-21","entity":7010003505,"name":"Site allocation NSP68: Sandgate Street and Verney Road","dataset":"article-4-direction-area","typology":"geography","reference":"89","prefix":"article-4-direction-area","organisation-entity":329,"quality":"authoritative","notes":"Demolition of commercial buildings and replacement with a single dwelling housing or block of flats is restricted","description":"89","article-4-direction":"89","permitted-development-rights":"None given","in_zone":true,"whole_in_zone":true,"in_cw":false,"organisation":"London Borough of Southwark"}},
{"type":"Feature","geometry":{"type":"MultiPolygon","coordinates":[[[[-0.090771,51.49207],[-0.090575,51.491809],[-0.090153,51.491927],[-0.090339,51.49219],[-0.090771,51.49207]]]]},"properties":{"entry-date":"2025-05-21","entity":7010003506,"name":"Site allocation NSP60: Salisbury estate car park","dataset":"article-4-direction-area","typology":"geography","reference":"90","prefix":"article-4-direction-area","organisation-entity":329,"quality":"authoritative","notes":"Demolition of commercial buildings and replacement with a single dwelling housing or block of flats is restricted","description":"90","article-4-direction":"90","permitted-development-rights":"None given","in_zone":true,"whole_in_zone":true,"in_cw":false,"organisation":"London Borough of Southwark"}},
{"type":"Feature","geometry":{"type":"MultiPolygon","coordinates":[[[[-0.071346,51.485268],[-0.071319,51.48519],[-0.071319,51.484941],[-0.070865,51.48494],[-0.070858,51.484869],[-0.071237,51.484822],[-0.071417,51.484828],[-0.071449,51.484391],[-0.071439,51.483024],[-0.072158,51.48294],[-0.071775,51.48208],[-0.071731,51.482081],[-0.071634,51.481835],[-0.069993,51.482108],[-0.069367,51.482197],[-0.069282,51.482016],[-0.06895,51.482079],[-0.068996,51.482165],[-0.068262,51.48232],[-0.068218,51.482331],[-0.067612,51.482439],[-0.067668,51.48255],[-0.067215,51.482594],[-0.067079,51.482586],[-0.0671,51.482426],[-0.066502,51.482616],[-0.066,51.482794],[-0.065797,51.482882],[-0.065789,51.482889],[-0.065558,51.482798],[-0.065526,51.482831],[-0.065667,51.482902],[-0.06552,51.483095],[-0.065625,51.483126],[-0.065572,51.483187],[-0.065273,51.483127],[-0.065255,51.483159],[-0.065285,51.483166],[-0.065283,51.483175],[-0.065265,51.483192],[-0.065278,51.483203],[-0.065199,51.483272],[-0.065175,51.483291],[-0.06522,51.483319],[-0.065169,51.483383],[-0.066257,51.48384],[-0.066651,51.483993],[-0.066813,51.484061],[-0.067558,51.484346],[-0.068487,51.484736],[-0.06848,51.484749],[-0.068725,51.484837],[-0.0689,51.484906],[-0.069474,51.485092],[-0.070574,51.485536],[-0.070844,51.48558],[-0.071081,51.485663],[-0.07115,51.485582],[-0.071257,51.485385],[-0.070951,51.485346],[-0.07096,51.485321],[-0.070862,51.485308],[-0.070864,51.485283],[-0.070885,51.485212],[-0.071346,51.485268]]]]},"properties":{"entry-date":"2025-05-21","entity":7010003507,"name":"Site allocation NSP66: Land bounded by Glengall Road, Latona Road and Old Kent Road","dataset":"article-4-direction-area","typology":"geography","reference":"91","prefix":"article-4-direction-area","organisation-entity":329,"quality":"authoritative","notes":"Demolition of commercial buildings and replacement with a single dwelling housing or block of flats is restricted","description":"91","article-4-direction":"91","permitted-development-rights":"None given","in_zone":true,"whole_in_zone":true,"in_cw":false,"organisation":"London Borough of Southwark"}},
{"type":"Feature","geometry":{"type":"MultiPolygon","coordinates":[[[[-0.063649,51.487336],[-0.063668,51.487472],[-0.063689,51.487561],[-0.063851,51.487631],[-0.063998,51.48764],[-0.064887,51.487642],[-0.065325,51.487691],[-0.065541,51.487811],[-0.065523,51.487902],[-0.065483,51.488159],[-0.065442,51.4883],[-0.065521,51.488306],[-0.065642,51.487511],[-0.065672,51.487305],[-0.065571,51.487199],[-0.064558,51.487272],[-0.064194,51.487296],[-0.063995,51.487312],[-0.063895,51.487315],[-0.063649,51.487336]]]]},"properties":{"entry-date":"2025-05-21","entity":7010003508,"name":"Site allocation NSP65: Former Southern Railway Stables","dataset":"article-4-direction-area","typology":"geography","reference":"92","prefix":"article-4-direction-area","organisation-entity":329,"quality":"authoritative","notes":"Demolition of commercial buildings and replacement with a single dwelling housing or block of flats is restricted","description":"92","article-4-direction":"92","permitted-development-rights":"None given","in_zone":true,"whole_in_zone":true,"in_cw":false,"organisation":"London Borough of Southwark"}},
{"type":"Feature","geometry":{"type":"MultiPolygon","coordinates":[[[[-0.076866,51.48817],[-0.076973,51.488093],[-0.077026,51.488044],[-0.077131,51.487973],[-0.077356,51.487831],[-0.077092,51.487666],[-0.076789,51.487853],[-0.076844,51.487889],[-0.076821,51.487904],[-0.076881,51.48794],[-0.07687,51.487947],[-0.076907,51.487969],[-0.076872,51.487992],[-0.076844,51.487976],[-0.076688,51.488078],[-0.076866,51.48817]]]]},"properties":{"entry-date":"2025-05-21","entity":7010003509,"name":"Site allocation NSP64: 4/12 Albany Road","dataset":"article-4-direction-area","typology":"geography","reference":"93","prefix":"article-4-direction-area","organisation-entity":329,"quality":"authoritative","notes":"Demolition of commercial buildings and replacement with a single dwelling housing or block of flats is restricted","description":"93","article-4-direction":"93","permitted-development-rights":"None given","in_zone":true,"whole_in_zone":true,"in_cw":false,"organisation":"London Borough of Southwark"}},
{"type":"Feature","geometry":{"type":"MultiPolygon","coordinates":[[[[-0.053541,51.48024],[-0.053552,51.480267],[-0.053551,51.480288],[-0.053594,51.480207],[-0.053725,51.480005],[-0.053918,51.479786],[-0.054057,51.479646],[-0.054129,51.479516],[-0.054179,51.479378],[-0.054283,51.479151],[-0.05455,51.478868],[-0.054337,51.478795],[-0.054213,51.478742],[-0.053924,51.479212],[-0.053938,51.479215],[-0.053937,51.479216],[-0.053979,51.47923],[-0.053938,51.479331],[-0.053928,51.479334],[-0.053847,51.479489],[-0.053854,51.479491],[-0.053852,51.479495],[-0.053778,51.47963],[-0.053665,51.479816],[-0.053644,51.479815],[-0.0536,51.479807],[-0.053597,51.479813],[-0.053595,51.479813],[-0.053454,51.480127],[-0.053464,51.480153],[-0.053459,51.480182],[-0.053495,51.480231],[-0.053541,51.48024]]],[[[-0.053508,51.480666],[-0.053508,51.480403],[-0.053528,51.480326],[-0.05352,51.480332],[-0.053511,51.480336],[-0.053493,51.480336],[-0.053456,51.480331],[-0.053436,51.480387],[-0.053457,51.480391],[-0.053482,51.480399],[-0.053493,51.480432],[-0.053497,51.480492],[-0.053412,51.48051],[-0.053392,51.480557],[-0.053356,51.480624],[-0.053351,51.48064],[-0.053319,51.480709],[-0.053313,51.480708],[-0.05329,51.480772],[-0.053293,51.480773],[-0.053282,51.480797],[-0.053281,51.480796],[-0.053256,51.480867],[-0.053216,51.480879],[-0.053159,51.480883],[-0.053145,51.480893],[-0.053135,51.480902],[-0.053081,51.481023],[-0.053234,51.481042],[-0.053236,51.481046],[-0.053234,51.481052],[-0.053233,51.481051],[-0.0532,51.481161],[-0.053184,51.481163],[-0.053123,51.481375],[-0.05304,51.481739],[-0.052988,51.482056],[-0.052995,51.482056],[-0.052954,51.482434],[-0.052915,51.482644],[-0.052912,51.482644],[-0.05291,51.482756],[-0.052934,51.482758],[-0.052936,51.482791],[-0.052934,51.482857],[-0.052933,51.483032],[-0.052956,51.483323],[-0.05296,51.483398],[-0.05291,51.483399],[-0.05291,51.483402],[-0.052916,51.483435],[-0.052933,51.483555],[-0.05294,51.483555],[-0.052942,51.483562],[-0.052944,51.483563],[-0.052953,51.483579],[-0.052951,51.483581],[-0.052955,51.483599],[-0.052965,51.483667],[-0.052997,51.483827],[-0.053094,51.484379],[-0.053055,51.484385],[-0.053056,51.484382],[-0.053049,51.484383],[-0.053049,51.484387],[-0.053024,51.484386],[-0.052986,51.484401],[-0.05296,51.484409],[-0.052957,51.484412],[-0.052947,51.484454],[-0.05295,51.484454],[-0.052948,51.484471],[-0.052942,51.48447],[-0.052955,51.48452],[-0.052984,51.484648],[-0.052991,51.484686],[-0.053015,51.484689],[-0.053016,51.484696],[-0.053054,51.484698],[-0.053133,51.484695],[-0.053177,51.484756],[-0.053156,51.484763],[-0.053185,51.484934],[-0.053088,51.48496],[-0.053054,51.485004],[-0.053054,51.485021],[-0.053056,51.485031],[-0.053061,51.485047],[-0.053067,51.485046],[-0.053078,51.485096],[-0.053088,51.485124],[-0.053085,51.485125],[-0.053097,51.48516],[-0.053105,51.485167],[-0.05312,51.485177],[-0.053133,51.485181],[-0.053168,51.485187],[-0.053196,51.485189],[-0.053198,51.485197],[-0.05323,51.485199],[-0.053252,51.485197],[-0.053266,51.485207],[-0.053277,51.485208],[-0.053343,51.485267],[-0.053372,51.48529],[-0.053397,51.48529],[-0.053406,51.485305],[-0.053398,51.485306],[-0.053496,51.485469],[-0.053504,51.485488],[-0.053511,51.485487],[-0.053523,51.48557],[-0.053534,51.485633],[-0.053538,51.485689],[-0.053536,51.485717],[-0.053518,51.485808],[-0.053395,51.485832],[-0.053337,51.485839],[-0.053306,51.485845],[-0.053333,51.485934],[-0.05341,51.485997],[-0.053485,51.485996],[-0.05361,51.485982],[-0.053687,51.485954],[-0.053742,51.485998],[-0.053945,51.486334],[-0.053906,51.486337],[-0.053981,51.486496],[-0.054197,51.486894],[-0.054252,51.487046],[-0.0543,51.487053],[-0.054247,51.487153],[-0.054561,51.48759],[-0.054696,51.487744],[-0.054842,51.487933],[-0.055121,51.487732],[-0.055061,51.487682],[-0.05499,51.487605],[-0.05493,51.487507],[-0.054906,51.48745],[-0.054386,51.486506],[-0.054034,51.485859],[-0.053853,51.485465],[-0.053709,51.4851],[-0.053631,51.484969],[-0.053604,51.484905],[-0.053578,51.484819],[-0.055074,51.484894],[-0.055099,51.484636],[-0.055272,51.484649],[-0.05527,51.484498],[-0.055635,51.484533],[-0.055667,51.482778],[-0.055736,51.481837],[-0.054305,51.481825],[-0.054297,51.481805],[-0.053637,51.481787],[-0.053612,51.481518],[-0.053594,51.48139],[-0.05356,51.481092],[-0.05356,51.48101],[-0.053509,51.480905],[-0.053514,51.480784],[-0.053508,51.480666]]]]},"properties":{"entry-date":"2025-05-21","entity":7010003510,"name":"Site allocation NSP70: Hatcham Road, Penarth Street and Ilderton Road","dataset":"article-4-direction-area","typology":"geography","reference":"94","prefix":"article-4-direction-area","organisation-entity":329,"quality":"authoritative","notes":"Demolition of commercial buildings and replacement with a single dwelling housing or block of flats is restricted","description":"94","article-4-direction":"94","permitted-development-rights":"None given","in_zone":true,"whole_in_zone":true,"in_cw":false,"organisation":"London Borough of Southwark"}},
{"type":"Feature","geometry":{"type":"MultiPolygon","coordinates":[[[[-0.040917,51.490936],[-0.040886,51.490903],[-0.040444,51.491064],[-0.04042,51.491089],[-0.040764,51.491445],[-0.041156,51.491298],[-0.041175,51.491292],[-0.041196,51.491283],[-0.041994,51.490987],[-0.041884,51.490873],[-0.041649,51.490624],[-0.040924,51.490889],[-0.040955,51.490921],[-0.040917,51.490936]]]]},"properties":{"entry-date":"2025-05-21","entity":7010003511,"name":"Site allocation NSP82: Croft Street Depot","dataset":"article-4-direction-area","typology":"geography","reference":"95","prefix":"article-4-direction-area","organisation-entity":329,"quality":"authoritative","notes":"Demolition of commercial buildings and replacement with a single dwelling housing or block of flats is restricted","description":"95","article-4-direction":"95","permitted-development-rights":"None given","in_zone":true,"whole_in_zone":true,"in_cw":false,"organisation":"London Borough of Southwark"}},
{"type":"Feature","geometry":{"type":"MultiPolygon","coordinates":[[[[-0.057501,51.479716],[-0.057465,51.479754],[-0.059824,51.480656],[-0.059942,51.480634],[-0.059994,51.480481],[-0.059987,51.480325],[-0.059908,51.480119],[-0.058978,51.47974],[-0.058718,51.479274],[-0.058483,51.47936],[-0.05815,51.479486],[-0.058095,51.479425],[-0.057974,51.479375],[-0.057687,51.479075],[-0.057411,51.478967],[-0.056924,51.479022],[-0.056737,51.478949],[-0.056362,51.478791],[-0.055489,51.478464],[-0.055208,51.478775],[-0.055641,51.478929],[-0.05583,51.47902],[-0.056025,51.479091],[-0.056217,51.479181],[-0.056332,51.479261],[-0.056475,51.479285],[-0.056587,51.479187],[-0.056905,51.479238],[-0.057118,51.479337],[-0.057266,51.479474],[-0.057166,51.479558],[-0.057427,51.479656],[-0.057501,51.479716]]]]},"properties":{"entry-date":"2025-05-21","entity":7010003512,"name":"Site allocation NSP71: 760, 812 Old Kent Road (Toys’r’us store), and 840 Old Kent Road (Aldi store)","dataset":"article-4-direction-area","typology":"geography","reference":"96","prefix":"article-4-direction-area","organisation-entity":329,"quality":"authoritative","notes":"Demolition of commercial buildings and replacement with a single dwelling housing or block of flats is restricted","description":"96","article-4-direction":"96","permitted-development-rights":"None given","in_zone":true,"whole_in_zone":true,"in_cw":false,"organisation":"London Borough of Southwark"}},
{"type":"Feature","geometry":{"type":"MultiPolygon","coordinates":[[[[-0.109183,51.509874],[-0.108759,51.508012],[-0.108707,51.507773],[-0.108627,51.507797],[-0.108157,51.506925],[-0.107335,51.507073],[-0.106443,51.504981],[-0.106536,51.504486],[-0.106545,51.504254],[-0.106606,51.503918],[-0.106597,51.503794],[-0.10655,51.503612],[-0.106408,51.503374],[-0.10739,51.503042],[-0.106754,51.50221],[-0.106213,51.502507],[-0.106077,51.502526],[-0.105979,51.502191],[-0.10607,51.50216],[-0.106095,51.502115],[-0.105895,51.502024],[-0.106098,51.501894],[-0.106239,51.501745],[-0.106344,51.501662],[-0.106477,51.50157],[-0.106692,51.501672],[-0.108169,51.50053],[-0.108336,51.500344],[-0.10928,51.498784],[-0.110335,51.496873],[-0.110267,51.49676],[-0.106479,51.497735],[-0.105936,51.49793],[-0.10564,51.498083],[-0.106833,51.498854],[-0.106673,51.498948],[-0.106528,51.498847],[-0.105978,51.499084],[-0.105846,51.499152],[-0.105738,51.499231],[-0.105286,51.499524],[-0.105298,51.499531],[-0.10491,51.499779],[-0.104917,51.499631],[-0.104903,51.499631],[-0.104909,51.499424],[-0.104929,51.499425],[-0.104931,51.499409],[-0.104924,51.499409],[-0.104928,51.499323],[-0.104496,51.499385],[-0.103782,51.499606],[-0.103636,51.499471],[-0.10313,51.499684],[-0.102735,51.49935],[-0.103145,51.499218],[-0.102741,51.49884],[-0.098126,51.499204],[-0.097335,51.499245],[-0.096989,51.499192],[-0.096846,51.499165],[-0.096633,51.499114],[-0.096203,51.499151],[-0.095538,51.499541],[-0.094925,51.499929],[-0.094499,51.500136],[-0.093833,51.500414],[-0.093395,51.500628],[-0.093032,51.500871],[-0.092613,51.501335],[-0.092366,51.501696],[-0.091835,51.502602],[-0.091415,51.503083],[-0.091164,51.503401],[-0.091056,51.503493],[-0.090348,51.50414],[-0.089902,51.50448],[-0.089425,51.504869],[-0.088965,51.505285],[-0.08851,51.505687],[-0.087769,51.507317],[-0.087594,51.50781],[-0.087625,51.507777],[-0.087613,51.50781],[-0.09058,51.508154],[-0.09187,51.508395],[-0.092589,51.508514],[-0.099375,51.509691],[-0.101153,51.509715],[-0.10415,51.509791],[-0.104203,51.508628],[-0.10467,51.508633],[-0.104631,51.509793],[-0.109183,51.509874]]]]},"properties":{"entry-date":"2025-05-21","entity":7010003515,"name":"Bankside and Borough District Town Centre","dataset":"article-4-direction-area","typology":"geography","reference":"99","prefix":"article-4-direction-area","organisation-entity":329,"quality":"authoritative","notes":"Demolition of commercial buildings and replacement with a single dwelling housing or block of flats is restricted","description":"99","article-4-direction":"99","permitted-development-rights":"None given","in_zone":true,"whole_in_zone":false,"in_cw":false,"organisation":"London Borough of Southwark"}},
{"type":"Feature","geometry":{"type":"MultiPolygon","coordinates":[[[[-0.096434,51.475338],[-0.096701,51.474973],[-0.097048,51.474682],[-0.097494,51.474378],[-0.098838,51.47342],[-0.098747,51.473366],[-0.098687,51.473353],[-0.099321,51.472881],[-0.099301,51.4727],[-0.099173,51.47234],[-0.099138,51.472345],[-0.099089,51.472364],[-0.098889,51.472421],[-0.09886,51.472383],[-0.098695,51.472436],[-0.09865,51.472333],[-0.098603,51.472291],[-0.098585,51.472295],[-0.098423,51.472197],[-0.098329,51.472121],[-0.097761,51.472364],[-0.096575,51.472998],[-0.095851,51.473369],[-0.095279,51.473712],[-0.094434,51.474205],[-0.093635,51.473698],[-0.093939,51.473477],[-0.093853,51.47342],[-0.094746,51.472913],[-0.093737,51.472166],[-0.094068,51.471967],[-0.093799,51.47174],[-0.094243,51.47137],[-0.093819,51.471299],[-0.093649,51.4717],[-0.093631,51.471728],[-0.093602,51.471763],[-0.093557,51.471802],[-0.093499,51.471849],[-0.093434,51.471898],[-0.093225,51.472034],[-0.093127,51.47209],[-0.093023,51.47212],[-0.093013,51.472049],[-0.093014,51.471976],[-0.093007,51.471913],[-0.092995,51.471759],[-0.092988,51.471642],[-0.092985,51.47156],[-0.092959,51.47117],[-0.092945,51.470834],[-0.092089,51.470925],[-0.09239,51.471502],[-0.092677,51.471888],[-0.092651,51.471947],[-0.092583,51.471969],[-0.092606,51.472032],[-0.092583,51.472092],[-0.092535,51.47217],[-0.092069,51.472271],[-0.091668,51.472352],[-0.091212,51.472555],[-0.090667,51.472869],[-0.090036,51.4732],[-0.089756,51.473055],[-0.089665,51.473012],[-0.089581,51.472944],[-0.089405,51.472809],[-0.089157,51.472624],[-0.089035,51.472535],[-0.088976,51.472401],[-0.08882,51.4721],[-0.088014,51.472251],[-0.08874,51.473204],[-0.088429,51.473266],[-0.088188,51.47329],[-0.088066,51.473308],[-0.087839,51.473323],[-0.087839,51.473287],[-0.087826,51.47316],[-0.08762,51.473159],[-0.087614,51.473138],[-0.087513,51.473163],[-0.08727,51.473219],[-0.087241,51.473216],[-0.087218,51.473316],[-0.087191,51.473501],[-0.087738,51.473542],[-0.087696,51.473852],[-0.088145,51.473872],[-0.0884,51.47389],[-0.088397,51.47396],[-0.08878,51.474009],[-0.088906,51.474062],[-0.088937,51.47407],[-0.089861,51.474141],[-0.089919,51.47417],[-0.08995,51.474212],[-0.090036,51.474681],[-0.090169,51.474971],[-0.090268,51.475192],[-0.090322,51.475413],[-0.090403,51.47578],[-0.090594,51.476303],[-0.090641,51.476344],[-0.090697,51.476354],[-0.090784,51.476363],[-0.091236,51.476313],[-0.091648,51.476263],[-0.091642,51.476234],[-0.091894,51.476067],[-0.092092,51.475939],[-0.092288,51.475815],[-0.092336,51.475827],[-0.09294,51.475932],[-0.09296,51.475972],[-0.092899,51.476015],[-0.092946,51.476194],[-0.09336,51.476182],[-0.0938,51.476148],[-0.093808,51.476228],[-0.093961,51.476222],[-0.094983,51.476118],[-0.095055,51.476095],[-0.095112,51.476037],[-0.095302,51.476029],[-0.095728,51.476024],[-0.095781,51.47602],[-0.096004,51.475621],[-0.096153,51.475374],[-0.096434,51.475338]]]]},"properties":{"entry-date":"2025-05-21","entity":7010003517,"name":"Camberwell District Town Centre","dataset":"article-4-direction-area","typology":"geography","reference":"101","prefix":"article-4-direction-area","organisation-entity":329,"quality":"authoritative","notes":"Demolition of commercial buildings and replacement with a single dwelling housing or block of flats is restricted","description":"101","article-4-direction":"101","permitted-development-rights":"None given","in_zone":true,"whole_in_zone":false,"in_cw":false,"organisation":"London Borough of Southwark"}},
{"type":"Feature","geometry":{"type":"MultiPolygon","coordinates":[[[[-0.075499,51.50554],[-0.077048,51.506],[-0.078475,51.506383],[-0.080198,51.50688],[-0.081609,51.50705],[-0.08365,51.507309],[-0.08531,51.50751],[-0.087594,51.50781],[-0.087769,51.507317],[-0.087961,51.506798],[-0.088264,51.506113],[-0.088545,51.505668],[-0.088965,51.505285],[-0.089425,51.504869],[-0.089902,51.50448],[-0.090348,51.50414],[-0.091056,51.503493],[-0.091164,51.503401],[-0.091415,51.503083],[-0.091084,51.502974],[-0.09085,51.502886],[-0.090555,51.502786],[-0.089853,51.502649],[-0.089149,51.502394],[-0.088474,51.502165],[-0.08829,51.502109],[-0.087985,51.502123],[-0.087085,51.502273],[-0.086539,51.502323],[-0.086336,51.502329],[-0.085716,51.50227],[-0.08536,51.502231],[-0.084813,51.50211],[-0.084404,51.50204],[-0.083798,51.502021],[-0.083422,51.502082],[-0.083349,51.502131],[-0.083386,51.501624],[-0.083221,51.501614],[-0.083226,51.501648],[-0.082648,51.501711],[-0.082643,51.501677],[-0.0826,51.501684],[-0.082544,51.50158],[-0.082636,51.501566],[-0.082604,51.501451],[-0.082649,51.501391],[-0.082544,51.501122],[-0.082396,51.501146],[-0.082317,51.500992],[-0.08238,51.500974],[-0.082329,51.500847],[-0.082281,51.500854],[-0.082231,51.50072],[-0.082146,51.500718],[-0.082019,51.500522],[-0.0821,51.500492],[-0.082036,51.500419],[-0.081978,51.500326],[-0.082016,51.500308],[-0.081993,51.500277],[-0.081928,51.500207],[-0.081943,51.50015],[-0.081999,51.500136],[-0.082074,51.500091],[-0.081996,51.500056],[-0.081914,51.499963],[-0.081883,51.499821],[-0.081876,51.499714],[-0.082777,51.499794],[-0.082959,51.499117],[-0.082684,51.499094],[-0.082677,51.49912],[-0.082433,51.499105],[-0.082414,51.499135],[-0.082164,51.499108],[-0.082156,51.499157],[-0.08177,51.499163],[-0.081761,51.498945],[-0.081179,51.498985],[-0.081168,51.498931],[-0.081136,51.498832],[-0.081117,51.498698],[-0.081122,51.498595],[-0.081395,51.498634],[-0.081498,51.498364],[-0.0816,51.4984],[-0.081642,51.498298],[-0.081618,51.498267],[-0.081527,51.498254],[-0.081557,51.498132],[-0.081818,51.498175],[-0.08189,51.498069],[-0.081459,51.49799],[-0.081361,51.498137],[-0.081197,51.498107],[-0.080925,51.498042],[-0.080803,51.498181],[-0.080773,51.498299],[-0.0807,51.498301],[-0.080685,51.498362],[-0.080533,51.498348],[-0.080501,51.498508],[-0.080568,51.498528],[-0.080563,51.49865],[-0.080051,51.498608],[-0.079491,51.498541],[-0.079129,51.499287],[-0.078679,51.499223],[-0.078334,51.500015],[-0.078133,51.500439],[-0.077964,51.50052],[-0.078222,51.500662],[-0.077935,51.501367],[-0.077602,51.50201],[-0.077471,51.502233],[-0.077361,51.502354],[-0.077129,51.502205],[-0.076971,51.502477],[-0.076874,51.50246],[-0.076756,51.502642],[-0.076901,51.50269],[-0.076855,51.502769],[-0.076632,51.503113],[-0.075644,51.504058],[-0.076342,51.504278],[-0.076349,51.504278],[-0.076088,51.504676],[-0.075499,51.50554]]]]},"properties":{"entry-date":"2025-05-21","entity":7010003518,"name":"London Bridge District Town Centre","dataset":"article-4-direction-area","typology":"geography","reference":"102","prefix":"article-4-direction-area","organisation-entity":329,"quality":"authoritative","notes":"Demolition of commercial buildings and replacement with a single dwelling housing or block of flats is restricted","description":"102","article-4-direction":"102","permitted-development-rights":"None given","in_zone":true,"whole_in_zone":true,"in_cw":false,"organisation":"London Borough of Southwark"}},
{"type":"Feature","geometry":{"type":"MultiPolygon","coordinates":[[[[-0.084059,51.494731],[-0.084618,51.495623],[-0.08486,51.495844],[-0.085944,51.495513],[-0.086946,51.495453],[-0.089505,51.494299],[-0.089662,51.494743],[-0.090253,51.494591],[-0.09041,51.494701],[-0.090618,51.494937],[-0.090872,51.494742],[-0.092794,51.494584],[-0.092842,51.494174],[-0.091809,51.494155],[-0.091683,51.493718],[-0.090833,51.493696],[-0.09081,51.49354],[-0.090271,51.493647],[-0.089992,51.493699],[-0.089792,51.493663],[-0.089576,51.493823],[-0.089509,51.493822],[-0.089504,51.493868],[-0.088963,51.493859],[-0.088964,51.493602],[-0.086586,51.493661],[-0.086527,51.49362],[-0.086062,51.493403],[-0.085822,51.493247],[-0.085227,51.493581],[-0.08505,51.493453],[-0.084997,51.493483],[-0.084774,51.493356],[-0.085171,51.493108],[-0.084885,51.492924],[-0.084932,51.492896],[-0.084609,51.492691],[-0.085073,51.492401],[-0.082095,51.490416],[-0.082239,51.490346],[-0.082238,51.490295],[-0.082031,51.490047],[-0.081908,51.490075],[-0.080956,51.489514],[-0.080699,51.48961],[-0.079294,51.488884],[-0.078999,51.488973],[-0.078607,51.488715],[-0.07861,51.488656],[-0.078477,51.48861],[-0.078473,51.488602],[-0.078137,51.488447],[-0.078093,51.488451],[-0.078022,51.488359],[-0.077155,51.487966],[-0.077371,51.487832],[-0.077093,51.487658],[-0.07683,51.487822],[-0.07665,51.487734],[-0.07639,51.487889],[-0.075609,51.487428],[-0.075782,51.487311],[-0.075193,51.487005],[-0.074366,51.48663],[-0.074002,51.486629],[-0.074012,51.486513],[-0.073647,51.486492],[-0.073624,51.486651],[-0.073017,51.486442],[-0.072906,51.486554],[-0.073498,51.486754],[-0.073239,51.487025],[-0.07376,51.487216],[-0.07396,51.487001],[-0.07538,51.487592],[-0.073542,51.488979],[-0.073554,51.488977],[-0.074391,51.489228],[-0.074861,51.489442],[-0.075324,51.489861],[-0.076244,51.490317],[-0.075339,51.491372],[-0.077181,51.49241],[-0.078314,51.493056],[-0.078017,51.493341],[-0.077951,51.493412],[-0.077183,51.494078],[-0.076811,51.494662],[-0.0765,51.49499],[-0.076969,51.495221],[-0.077955,51.495532],[-0.080848,51.49646],[-0.081262,51.495926],[-0.081458,51.495979],[-0.082164,51.495485],[-0.082545,51.495724],[-0.08312,51.49537],[-0.083055,51.495301],[-0.083367,51.495024],[-0.084059,51.494731]]]]},"properties":{"entry-date":"2025-05-21","entity":7010003519,"name":"Old Kent Road North District Town Centre","dataset":"article-4-direction-area","typology":"geography","reference":"103","prefix":"article-4-direction-area","organisation-entity":329,"quality":"authoritative","notes":"Demolition of commercial buildings and replacement with a single dwelling housing or block of flats is restricted","description":"103","article-4-direction":"103","permitted-development-rights":"None given","in_zone":true,"whole_in_zone":true,"in_cw":false,"organisation":"London Borough of Southwark"}},
{"type":"Feature","geometry":{"type":"MultiPolygon","coordinates":[[[[-0.073002,51.486437],[-0.072576,51.486259],[-0.072474,51.486163],[-0.072555,51.485731],[-0.071917,51.485712],[-0.071236,51.485479],[-0.071333,51.485285],[-0.071461,51.484514],[-0.071411,51.483021],[-0.072155,51.482945],[-0.071696,51.481802],[-0.071367,51.481879],[-0.069373,51.482221],[-0.06929,51.482002],[-0.068942,51.48208],[-0.068979,51.48217],[-0.067617,51.482452],[-0.067653,51.48256],[-0.067093,51.482589],[-0.067096,51.482431],[-0.066109,51.482745],[-0.06565,51.482609],[-0.065593,51.482507],[-0.065444,51.482441],[-0.065113,51.482588],[-0.064775,51.482652],[-0.064467,51.482723],[-0.064437,51.482635],[-0.064353,51.482509],[-0.064078,51.482571],[-0.06359,51.481859],[-0.06326,51.481733],[-0.062684,51.481426],[-0.062244,51.481507],[-0.06197,51.481592],[-0.061784,51.481724],[-0.061254,51.481306],[-0.0609,51.481023],[-0.061084,51.480826],[-0.060657,51.480693],[-0.060487,51.480612],[-0.060245,51.480659],[-0.060119,51.480582],[-0.059925,51.479951],[-0.059805,51.479993],[-0.059646,51.480031],[-0.058977,51.479741],[-0.058698,51.479238],[-0.058178,51.479454],[-0.057732,51.47906],[-0.05752,51.47897],[-0.057353,51.478934],[-0.056968,51.479023],[-0.055509,51.47846],[-0.05543,51.478538],[-0.054509,51.478323],[-0.054595,51.478172],[-0.053803,51.477918],[-0.053486,51.477799],[-0.053471,51.4778],[-0.053463,51.477798],[-0.052785,51.477586],[-0.052695,51.477587],[-0.052691,51.478018],[-0.05428,51.478621],[-0.054285,51.478621],[-0.054011,51.479075],[-0.054437,51.479246],[-0.054734,51.478924],[-0.056302,51.479479],[-0.056086,51.4799],[-0.05628,51.479912],[-0.057191,51.480103],[-0.056977,51.480317],[-0.056889,51.48041],[-0.057508,51.480642],[-0.057794,51.480752],[-0.057595,51.480965],[-0.058333,51.481246],[-0.058613,51.481393],[-0.058957,51.481434],[-0.059641,51.481597],[-0.060241,51.481699],[-0.060273,51.48186],[-0.060354,51.482146],[-0.060822,51.482078],[-0.061217,51.482059],[-0.061333,51.482494],[-0.061488,51.482586],[-0.061596,51.482949],[-0.061575,51.483152],[-0.06172,51.483627],[-0.061843,51.483883],[-0.061861,51.48409],[-0.062299,51.484074],[-0.062969,51.484061],[-0.063489,51.483946],[-0.063782,51.483653],[-0.064468,51.483915],[-0.064396,51.484168],[-0.064676,51.484502],[-0.065368,51.484704],[-0.065813,51.484839],[-0.065534,51.485195],[-0.06643,51.485307],[-0.067922,51.485316],[-0.068191,51.485368],[-0.068481,51.484975],[-0.070293,51.485633],[-0.072899,51.486545],[-0.073002,51.486437]]]]},"properties":{"entry-date":"2025-05-21","entity":7010003520,"name":"Old Kent Road South District Town Centre","dataset":"article-4-direction-area","typology":"geography","reference":"104","prefix":"article-4-direction-area","organisation-entity":329,"quality":"authoritative","notes":"Demolition of commercial buildings and replacement with a single dwelling housing or block of flats is restricted","description":"104","article-4-direction":"104","permitted-development-rights":"None given","in_zone":true,"whole_in_zone":true,"in_cw":false,"organisation":"London Borough of Southwark"}},
{"type":"Feature","geometry":{"type":"MultiPolygon","coordinates":[[[[-0.069789,51.476045],[-0.069985,51.476005],[-0.070358,51.475944],[-0.070268,51.475655],[-0.069909,51.474573],[-0.070346,51.474518],[-0.070428,51.474547],[-0.070726,51.474489],[-0.071161,51.4744],[-0.071407,51.474373],[-0.071965,51.474326],[-0.07203,51.474398],[-0.072882,51.474238],[-0.073112,51.474167],[-0.073209,51.47412],[-0.07336,51.474005],[-0.073525,51.473833],[-0.07322,51.473754],[-0.073219,51.473648],[-0.073165,51.473562],[-0.073025,51.473532],[-0.073038,51.473504],[-0.073,51.473498],[-0.072993,51.473528],[-0.072934,51.473511],[-0.072804,51.473462],[-0.072812,51.473266],[-0.072661,51.473258],[-0.072435,51.473237],[-0.072547,51.472723],[-0.072009,51.472763],[-0.072026,51.472884],[-0.071564,51.472862],[-0.071714,51.472734],[-0.071585,51.472653],[-0.071428,51.471999],[-0.071104,51.472022],[-0.07105,51.4716],[-0.070303,51.471621],[-0.070214,51.471222],[-0.07021,51.471197],[-0.07046,51.471181],[-0.070455,51.471148],[-0.070713,51.471102],[-0.070435,51.470403],[-0.070308,51.470221],[-0.069812,51.470319],[-0.069726,51.470184],[-0.070032,51.470099],[-0.070004,51.470046],[-0.070176,51.469972],[-0.071343,51.469549],[-0.072645,51.469247],[-0.072608,51.468945],[-0.072117,51.469052],[-0.072045,51.468913],[-0.069789,51.469478],[-0.068934,51.469704],[-0.068676,51.469313],[-0.068933,51.469236],[-0.068785,51.469024],[-0.06937,51.468841],[-0.069387,51.468865],[-0.069855,51.468748],[-0.069715,51.468437],[-0.068348,51.468621],[-0.06832,51.468554],[-0.068193,51.468573],[-0.06813,51.468262],[-0.068297,51.468225],[-0.068431,51.468239],[-0.069187,51.468124],[-0.069141,51.467998],[-0.068766,51.468049],[-0.068679,51.467829],[-0.068203,51.46791],[-0.067981,51.467391],[-0.068465,51.467333],[-0.068408,51.467185],[-0.06826,51.467198],[-0.067921,51.46725],[-0.067871,51.467081],[-0.067787,51.466898],[-0.067703,51.466706],[-0.068007,51.466649],[-0.067922,51.466482],[-0.067444,51.46655],[-0.067507,51.466717],[-0.06714,51.466798],[-0.066916,51.466891],[-0.066842,51.466685],[-0.067074,51.466656],[-0.066856,51.466143],[-0.066808,51.466003],[-0.066782,51.46583],[-0.066771,51.465572],[-0.066875,51.465515],[-0.066854,51.46542],[-0.066891,51.465418],[-0.066963,51.464975],[-0.066879,51.464904],[-0.066877,51.464809],[-0.066658,51.464812],[-0.066432,51.464776],[-0.066362,51.464898],[-0.066262,51.464974],[-0.066154,51.465211],[-0.066109,51.465708],[-0.06556,51.46572],[-0.065487,51.465878],[-0.065353,51.465918],[-0.064954,51.465919],[-0.064431,51.465928],[-0.064475,51.466283],[-0.064944,51.466305],[-0.06504,51.466964],[-0.065209,51.466944],[-0.06524,51.466939],[-0.065299,51.467077],[-0.064881,51.467879],[-0.065984,51.467747],[-0.06625,51.467648],[-0.066408,51.467826],[-0.066794,51.468278],[-0.066946,51.468581],[-0.067182,51.468736],[-0.067367,51.469129],[-0.066123,51.469341],[-0.065626,51.469422],[-0.065065,51.469507],[-0.065065,51.469632],[-0.065025,51.469725],[-0.064918,51.469843],[-0.064742,51.469944],[-0.063984,51.47001],[-0.06384,51.470111],[-0.063998,51.470518],[-0.064073,51.470574],[-0.064605,51.470545],[-0.065078,51.470613],[-0.065078,51.470663],[-0.065058,51.470697],[-0.065081,51.470762],[-0.065841,51.47068],[-0.066109,51.470692],[-0.066522,51.470702],[-0.066732,51.471346],[-0.068018,51.471171],[-0.068485,51.47113],[-0.068666,51.471561],[-0.06871,51.471727],[-0.068181,51.471772],[-0.068283,51.472139],[-0.066886,51.472285],[-0.066511,51.472321],[-0.066485,51.473117],[-0.065637,51.473131],[-0.065606,51.473522],[-0.065584,51.473866],[-0.06464,51.473887],[-0.064636,51.474106],[-0.06421,51.47464],[-0.065195,51.474889],[-0.065439,51.474446],[-0.066267,51.474455],[-0.066284,51.47426],[-0.067465,51.474281],[-0.06755,51.474256],[-0.067805,51.474267],[-0.068086,51.474296],[-0.068071,51.474475],[-0.068491,51.474419],[-0.068787,51.474386],[-0.068962,51.474949],[-0.069372,51.47488],[-0.069607,51.475469],[-0.069344,51.475509],[-0.069413,51.47572],[-0.069643,51.475684],[-0.069789,51.476045]]]]},"properties":{"entry-date":"2025-05-21","entity":7010003521,"name":"Peckham Major Town Centre","dataset":"article-4-direction-area","typology":"geography","reference":"105","prefix":"article-4-direction-area","organisation-entity":329,"quality":"authoritative","notes":"Demolition of commercial buildings and replacement with a single dwelling housing or block of flats is restricted","description":"105","article-4-direction":"105","permitted-development-rights":"None given","in_zone":true,"whole_in_zone":false,"in_cw":false,"organisation":"London Borough of Southwark"}},
{"type":"Feature","geometry":{"type":"MultiPolygon","coordinates":[[[[-0.086786,51.489487],[-0.087126,51.489838],[-0.087728,51.490518],[-0.088192,51.49108],[-0.090451,51.491502],[-0.090676,51.491744],[-0.09098,51.492066],[-0.091144,51.492245],[-0.09156,51.492892],[-0.091476,51.492915],[-0.091647,51.493541],[-0.09178,51.494164],[-0.09282,51.494161],[-0.092762,51.494573],[-0.092682,51.494974],[-0.092633,51.495364],[-0.092762,51.495914],[-0.093386,51.496453],[-0.094225,51.497098],[-0.094725,51.497467],[-0.094998,51.497831],[-0.095053,51.497894],[-0.095806,51.498446],[-0.096085,51.498598],[-0.096399,51.498804],[-0.096746,51.498997],[-0.097004,51.499117],[-0.097208,51.499222],[-0.097335,51.499245],[-0.098126,51.499204],[-0.099055,51.499136],[-0.100336,51.499037],[-0.100925,51.498994],[-0.102741,51.49884],[-0.103145,51.499218],[-0.102735,51.49935],[-0.10313,51.499684],[-0.103636,51.499471],[-0.103782,51.499606],[-0.104496,51.499385],[-0.104928,51.499323],[-0.104903,51.499631],[-0.10491,51.499779],[-0.105978,51.499084],[-0.106528,51.498847],[-0.106673,51.498948],[-0.106833,51.498854],[-0.105765,51.49813],[-0.10564,51.498083],[-0.1058,51.497996],[-0.106046,51.497887],[-0.106479,51.497735],[-0.107875,51.497371],[-0.108846,51.497129],[-0.110267,51.49676],[-0.111469,51.496472],[-0.11124,51.495992],[-0.11107,51.495725],[-0.110958,51.495503],[-0.110348,51.495305],[-0.109934,51.49515],[-0.108176,51.494524],[-0.107424,51.494269],[-0.10668,51.494009],[-0.105801,51.493738],[-0.105373,51.493619],[-0.104989,51.493546],[-0.104881,51.49353],[-0.104643,51.493018],[-0.10449,51.492894],[-0.104189,51.492415],[-0.103923,51.491934],[-0.103717,51.492004],[-0.10339,51.491764],[-0.103494,51.491701],[-0.10317,51.49151],[-0.103149,51.491483],[-0.103176,51.491445],[-0.103454,51.491323],[-0.103174,51.491156],[-0.103829,51.490502],[-0.101564,51.489381],[-0.100918,51.488994],[-0.099417,51.488212],[-0.098996,51.488417],[-0.098522,51.488052],[-0.098541,51.488039],[-0.098145,51.487648],[-0.097694,51.487802],[-0.097455,51.487876],[-0.097302,51.487915],[-0.097097,51.487983],[-0.096861,51.487626],[-0.096243,51.48782],[-0.096014,51.48719],[-0.095095,51.485884],[-0.094726,51.485505],[-0.094469,51.484943],[-0.094438,51.484952],[-0.094442,51.484935],[-0.094236,51.48445],[-0.094615,51.483738],[-0.094648,51.483627],[-0.094686,51.483157],[-0.094583,51.483144],[-0.094377,51.483111],[-0.094431,51.482953],[-0.094388,51.482388],[-0.093983,51.482387],[-0.094053,51.482971],[-0.093984,51.483052],[-0.09388,51.483056],[-0.093281,51.484108],[-0.092412,51.483926],[-0.092331,51.484103],[-0.091667,51.4841],[-0.09176,51.484263],[-0.092525,51.484349],[-0.092566,51.484404],[-0.092968,51.484599],[-0.093356,51.485247],[-0.093167,51.48532],[-0.094046,51.48653],[-0.094796,51.487576],[-0.091776,51.488621],[-0.091811,51.488683],[-0.09164,51.488734],[-0.091622,51.488706],[-0.091511,51.488729],[-0.091452,51.488636],[-0.09128,51.488674],[-0.091347,51.488781],[-0.090838,51.488913],[-0.090869,51.488962],[-0.090946,51.489095],[-0.090952,51.48911],[-0.090001,51.48935],[-0.089178,51.489534],[-0.086786,51.489487]]]]},"properties":{"entry-date":"2025-05-21","entity":7010003522,"name":"Elephant and Castle Major Town Centre","dataset":"article-4-direction-area","typology":"geography","reference":"106","prefix":"article-4-direction-area","organisation-entity":329,"quality":"authoritative","notes":"Demolition of commercial buildings and replacement with a single dwelling housing or block of flats is restricted","description":"106","article-4-direction":"106","permitted-development-rights":"None given","in_zone":true,"whole_in_zone":false,"in_cw":false,"organisation":"London Borough of Southwark"}},
{"type":"Feature","geometry":{"type":"MultiPolygon","coordinates":[[[[-0.041209,51.496406],[-0.041211,51.496443],[-0.041296,51.49679],[-0.041454,51.497484],[-0.041627,51.498149],[-0.041614,51.498131],[-0.041682,51.498275],[-0.041784,51.498394],[-0.043455,51.499038],[-0.044584,51.499476],[-0.044723,51.499511],[-0.044826,51.49945],[-0.044953,51.499318],[-0.045177,51.499104],[-0.045255,51.499018],[-0.045315,51.498855],[-0.045459,51.49864],[-0.046102,51.498174],[-0.046124,51.498197],[-0.046301,51.498326],[-0.046434,51.498412],[-0.046579,51.498495],[-0.046712,51.49856],[-0.046867,51.498626],[-0.047031,51.498683],[-0.047213,51.498735],[-0.047399,51.498777],[-0.047631,51.498814],[-0.047835,51.498836],[-0.048049,51.498848],[-0.048225,51.498841],[-0.048344,51.498829],[-0.048497,51.498805],[-0.048698,51.498752],[-0.048849,51.498693],[-0.049007,51.498605],[-0.049118,51.498537],[-0.04919,51.49847],[-0.049263,51.49839],[-0.04932,51.498305],[-0.04937,51.498186],[-0.049536,51.498213],[-0.049742,51.498237],[-0.049805,51.498258],[-0.049844,51.498286],[-0.049987,51.498471],[-0.050001,51.498483],[-0.050048,51.49851],[-0.050111,51.49853],[-0.050151,51.498535],[-0.050196,51.498559],[-0.050648,51.498425],[-0.049999,51.497607],[-0.050286,51.497463],[-0.050885,51.497157],[-0.050787,51.49705],[-0.050532,51.49685],[-0.05058,51.496826],[-0.050151,51.496488],[-0.050045,51.496397],[-0.049966,51.49634],[-0.050028,51.496304],[-0.050044,51.496289],[-0.050066,51.49626],[-0.050086,51.49621],[-0.050086,51.49616],[-0.050068,51.496092],[-0.049977,51.495897],[-0.049936,51.495844],[-0.049695,51.495588],[-0.049577,51.495459],[-0.049176,51.495034],[-0.049146,51.495012],[-0.049085,51.494981],[-0.049031,51.494961],[-0.048976,51.494951],[-0.048825,51.494938],[-0.048689,51.494935],[-0.048006,51.49367],[-0.048118,51.493531],[-0.047714,51.492856],[-0.047586,51.492735],[-0.047116,51.492937],[-0.046647,51.492285],[-0.046356,51.492369],[-0.045578,51.491817],[-0.045157,51.491605],[-0.045134,51.491539],[-0.044898,51.491566],[-0.044621,51.491244],[-0.044483,51.491149],[-0.044212,51.491313],[-0.044541,51.491541],[-0.043961,51.491775],[-0.044054,51.491863],[-0.044119,51.491989],[-0.043618,51.492085],[-0.043637,51.492106],[-0.043708,51.49227],[-0.044211,51.492168],[-0.044265,51.492274],[-0.044661,51.492153],[-0.044722,51.492183],[-0.044796,51.492202],[-0.044978,51.492288],[-0.045339,51.492471],[-0.045818,51.492744],[-0.046143,51.492947],[-0.046629,51.493229],[-0.045936,51.493538],[-0.045786,51.493595],[-0.045606,51.493671],[-0.045503,51.493766],[-0.045244,51.493957],[-0.044967,51.494187],[-0.044751,51.494472],[-0.044606,51.49463],[-0.044312,51.494844],[-0.04442,51.494921],[-0.044272,51.495058],[-0.043028,51.495753],[-0.04281,51.495854],[-0.042535,51.495951],[-0.041882,51.496087],[-0.041459,51.496165],[-0.041241,51.496319],[-0.041209,51.496406]]]]},"properties":{"entry-date":"2025-05-21","entity":7010003523,"name":"Canada Water Major Town Centre","dataset":"article-4-direction-area","typology":"geography","reference":"107","prefix":"article-4-direction-area","organisation-entity":329,"quality":"authoritative","notes":"Demolition of commercial buildings and replacement with a single dwelling housing or block of flats is restricted","description":"107","article-4-direction":"107","permitted-development-rights":"None given","in_zone":true,"whole_in_zone":true,"in_cw":false,"organisation":"London Borough of Southwark"}},
{"type":"Feature","geometry":{"type":"MultiPolygon","coordinates":[[[[-0.065456,51.492537],[-0.066032,51.492574],[-0.066047,51.492249],[-0.065684,51.492222],[-0.065718,51.491983],[-0.065153,51.491935],[-0.064719,51.491915],[-0.063669,51.491903],[-0.063422,51.491927],[-0.063091,51.49192],[-0.062309,51.4919],[-0.061647,51.491881],[-0.061655,51.492137],[-0.060542,51.492061],[-0.060545,51.492159],[-0.061177,51.492442],[-0.061233,51.492464],[-0.061255,51.492445],[-0.061281,51.492455],[-0.061897,51.492533],[-0.06222,51.492538],[-0.063002,51.492531],[-0.063168,51.492706],[-0.063728,51.493122],[-0.064066,51.492943],[-0.064153,51.492498],[-0.064131,51.492376],[-0.064764,51.492438],[-0.06476,51.492459],[-0.065456,51.492537]]]]},"properties":{"entry-date":"2025-05-21","entity":7010003525,"name":"The Blue Local Town Centre","dataset":"article-4-direction-area","typology":"geography","reference":"109","prefix":"article-4-direction-area","organisation-entity":329,"quality":"authoritative","notes":"Demolition of commercial buildings and replacement with a single dwelling housing or block of flats is restricted","description":"109","article-4-direction":"109","permitted-development-rights":"None given","in_zone":true,"whole_in_zone":true,"in_cw":false,"organisation":"London Borough of Southwark"}},
{"type":"Feature","geometry":{"type":"MultiPolygon","coordinates":[[[[-0.079674,51.497641],[-0.07988,51.497687],[-0.080409,51.497768],[-0.081577,51.497894],[-0.082121,51.497334],[-0.082688,51.497522],[-0.082945,51.497229],[-0.082566,51.49707],[-0.082788,51.496875],[-0.082626,51.4968],[-0.083115,51.496373],[-0.082982,51.496336],[-0.083244,51.496085],[-0.083369,51.496159],[-0.083425,51.496134],[-0.084313,51.495518],[-0.08418,51.495337],[-0.084248,51.495315],[-0.084329,51.495294],[-0.084175,51.495016],[-0.08373,51.49528],[-0.083385,51.495045],[-0.083296,51.495124],[-0.0831,51.495273],[-0.083231,51.495367],[-0.083193,51.495401],[-0.0828,51.495719],[-0.082692,51.495668],[-0.082635,51.495728],[-0.082664,51.495762],[-0.0826,51.495819],[-0.082442,51.49595],[-0.082086,51.496272],[-0.08202,51.496237],[-0.081784,51.496626],[-0.081027,51.496434],[-0.08095,51.496532],[-0.080813,51.496736],[-0.080867,51.496756],[-0.080794,51.4969],[-0.08077,51.496888],[-0.080641,51.497031],[-0.080676,51.497077],[-0.079896,51.497469],[-0.079674,51.497641]]]]},"properties":{"entry-date":"2025-05-21","entity":7010003526,"name":"Tower Bridge Road Local Town Centre","dataset":"article-4-direction-area","typology":"geography","reference":"110","prefix":"article-4-direction-area","organisation-entity":329,"quality":"authoritative","notes":"Demolition of commercial buildings and replacement with a single dwelling housing or block of flats is restricted","description":"110","article-4-direction":"110","permitted-development-rights":"None given","in_zone":true,"whole_in_zone":true,"in_cw":false,"organisation":"London Borough of Southwark"}},
{"type":"Feature","geometry":{"type":"MultiPolygon","coordinates":[[[[-0.063649,51.487336],[-0.063668,51.487472],[-0.063689,51.487561],[-0.063852,51.487631],[-0.063998,51.48764],[-0.064887,51.487642],[-0.065325,51.487691],[-0.065541,51.487811],[-0.065523,51.487902],[-0.065483,51.488159],[-0.065442,51.4883],[-0.065521,51.488306],[-0.065673,51.487305],[-0.065571,51.487199],[-0.064558,51.487272],[-0.064194,51.487296],[-0.063996,51.487312],[-0.063895,51.487315],[-0.063649,51.487336]]]]},"properties":{"entry-date":"2025-05-21","entity":7010003528,"name":"The Old Southern Railway Stables and the Forge","dataset":"article-4-direction-area","typology":"geography","reference":"112","prefix":"article-4-direction-area","organisation-entity":329,"quality":"authoritative","notes":"Demolition on the site restricted","description":"112","article-4-direction":"112","permitted-development-rights":"None given","in_zone":true,"whole_in_zone":true,"in_cw":false,"organisation":"London Borough of Southwark"}},
{"type":"Feature","geometry":{"type":"MultiPolygon","coordinates":[[[[-0.036663,51.506029],[-0.036675,51.505881],[-0.036833,51.505727],[-0.036921,51.505639],[-0.037042,51.505531],[-0.037053,51.505507],[-0.037101,51.505368],[-0.037197,51.505304],[-0.036892,51.505089],[-0.036772,51.505002],[-0.036574,51.504842],[-0.036434,51.504716],[-0.036261,51.504537],[-0.035019,51.504646],[-0.035237,51.505534],[-0.035268,51.505641],[-0.035289,51.505756],[-0.035412,51.505744],[-0.035495,51.505773],[-0.035856,51.505871],[-0.035893,51.505885],[-0.036,51.505911],[-0.036025,51.505921],[-0.036067,51.505928],[-0.036353,51.506011],[-0.036409,51.506009],[-0.036435,51.506017],[-0.036442,51.506007],[-0.036527,51.506032],[-0.036663,51.506029]]]]},"properties":{"entry-date":"2025-05-21","entity":7010003529,"name":"Houses in multiple occupation: Bywater Place, SE16","dataset":"article-4-direction-area","typology":"geography","reference":"113","prefix":"article-4-direction-area","organisation-entity":329,"quality":"authoritative","notes":"Change of use from self contained dwelling houses is restricted","description":"113","article-4-direction":"113","permitted-development-rights":"None given","in_zone":true,"whole_in_zone":true,"in_cw":false,"organisation":"London Borough of Southwark"}},
{"type":"Feature","geometry":{"type":"MultiPolygon","coordinates":[[[[-0.091185,51.492787],[-0.091097,51.492658],[-0.091085,51.492544],[-0.090992,51.492409],[-0.09094,51.492424],[-0.090339,51.492581],[-0.08968,51.492764],[-0.089402,51.492844],[-0.089141,51.492922],[-0.088931,51.492975],[-0.088493,51.4931],[-0.088429,51.493081],[-0.088274,51.493195],[-0.088407,51.493228],[-0.088516,51.493259],[-0.088566,51.493276],[-0.088718,51.493338],[-0.088909,51.49344],[-0.088996,51.493372],[-0.088965,51.493354],[-0.089698,51.493163],[-0.0897,51.493167],[-0.089793,51.493147],[-0.089866,51.493127],[-0.090317,51.493011],[-0.090699,51.492914],[-0.091185,51.492787]]]]},"properties":{"entry-date":"2025-05-21","entity":7010003530,"name":"Houses in multiple occupation: Henshaw Street, SE17","dataset":"article-4-direction-area","typology":"geography","reference":"114","prefix":"article-4-direction-area","organisation-entity":329,"quality":"authoritative","notes":"Change of use from self contained dwelling houses is restricted","description":"114","article-4-direction":"114","permitted-development-rights":"None given","in_zone":true,"whole_in_zone":true,"in_cw":false,"organisation":"London Borough of Southwark"}},
{"type":"Feature","geometry":{"type":"MultiPolygon","coordinates":[[[[-0.111183,51.496539],[-0.111174,51.496519],[-0.111418,51.496448],[-0.110948,51.495578],[-0.110932,51.4955],[-0.110855,51.495459],[-0.11078,51.495445],[-0.110695,51.495425],[-0.110573,51.495388],[-0.110452,51.495348],[-0.10858,51.494682],[-0.107091,51.494149],[-0.106869,51.494076],[-0.106603,51.493982],[-0.106203,51.493857],[-0.105809,51.493736],[-0.105538,51.49366],[-0.105217,51.493587],[-0.104894,51.493529],[-0.104852,51.493528],[-0.104845,51.493508],[-0.104808,51.493505],[-0.104755,51.493327],[-0.104674,51.493072],[-0.104641,51.493022],[-0.104626,51.493014],[-0.104519,51.492931],[-0.10441,51.492763],[-0.104375,51.492732],[-0.104164,51.492391],[-0.10408,51.49225],[-0.103855,51.491966],[-0.103725,51.492011],[-0.103704,51.491995],[-0.103687,51.491999],[-0.103642,51.491947],[-0.103547,51.491872],[-0.103476,51.491826],[-0.103312,51.491749],[-0.103348,51.491714],[-0.103047,51.491523],[-0.10337,51.491322],[-0.103282,51.491259],[-0.103138,51.49117],[-0.103165,51.491125],[-0.103226,51.491059],[-0.10324,51.491023],[-0.103663,51.490581],[-0.103774,51.490461],[-0.103245,51.490197],[-0.102602,51.489867],[-0.102176,51.489661],[-0.101524,51.489307],[-0.101324,51.489479],[-0.10069,51.489661],[-0.100083,51.48985],[-0.099496,51.49004],[-0.099127,51.489636],[-0.098841,51.489312],[-0.09862,51.489055],[-0.098315,51.488725],[-0.097763,51.488993],[-0.097213,51.489231],[-0.096467,51.489508],[-0.093433,51.490478],[-0.092486,51.490722],[-0.090738,51.491218],[-0.09062,51.49127],[-0.090337,51.491109],[-0.090152,51.491142],[-0.090103,51.491159],[-0.090028,51.491339],[-0.089976,51.49141],[-0.089239,51.491278],[-0.089153,51.491469],[-0.08892,51.491513],[-0.089035,51.491757],[-0.088606,51.491858],[-0.088232,51.492033],[-0.087261,51.492391],[-0.086607,51.492778],[-0.085289,51.493582],[-0.084893,51.493805],[-0.085167,51.493942],[-0.085238,51.494014],[-0.085142,51.494137],[-0.08508,51.494238],[-0.085016,51.494371],[-0.084824,51.494687],[-0.084234,51.495036],[-0.083843,51.495285],[-0.083657,51.495409],[-0.083447,51.495546],[-0.083073,51.495844],[-0.082932,51.495962],[-0.082757,51.496125],[-0.082581,51.496274],[-0.082406,51.496387],[-0.082214,51.496501],[-0.082006,51.496608],[-0.081794,51.496695],[-0.080855,51.497127],[-0.08036,51.49735],[-0.080211,51.497423],[-0.080016,51.497511],[-0.08001,51.497515],[-0.079951,51.497542],[-0.079851,51.497639],[-0.079766,51.497706],[-0.079289,51.49871],[-0.078939,51.499463],[-0.078569,51.500217],[-0.078331,51.500816],[-0.078124,51.501231],[-0.07607,51.500157],[-0.074729,51.50052],[-0.073449,51.500291],[-0.072766,51.500182],[-0.07277,51.500184],[-0.072457,51.500476],[-0.071722,51.500864],[-0.071551,51.501013],[-0.070656,51.501744],[-0.070399,51.502035],[-0.070402,51.502038],[-0.069217,51.503414],[-0.069251,51.503423],[-0.069552,51.503513],[-0.069842,51.503605],[-0.070413,51.503792],[-0.070554,51.503841],[-0.070696,51.503885],[-0.070798,51.503926],[-0.070912,51.50398],[-0.071311,51.504175],[-0.071615,51.504327],[-0.071746,51.504389],[-0.071872,51.504445],[-0.072013,51.5045],[-0.072136,51.504551],[-0.072272,51.504605],[-0.072475,51.50469],[-0.072536,51.504718],[-0.0728,51.504822],[-0.072937,51.504874],[-0.07331,51.505],[-0.073357,51.505012],[-0.073449,51.505041],[-0.073651,51.5051],[-0.074105,51.505222],[-0.074389,51.505289],[-0.074637,51.505339],[-0.074789,51.505368],[-0.074839,51.505376],[-0.075069,51.505429],[-0.075707,51.505604],[-0.076311,51.505779],[-0.07643,51.505812],[-0.077164,51.506026],[-0.077436,51.506103],[-0.077585,51.506142],[-0.077723,51.506181],[-0.077862,51.506223],[-0.07836,51.506353],[-0.078542,51.506403],[-0.079105,51.50655],[-0.07944,51.50664],[-0.079558,51.50668],[-0.079703,51.506724],[-0.079955,51.506808],[-0.080054,51.506836],[-0.080116,51.506856],[-0.080233,51.506886],[-0.080453,51.506932],[-0.080535,51.506953],[-0.08078,51.506999],[-0.080898,51.507024],[-0.081241,51.507087],[-0.081417,51.507121],[-0.081515,51.507138],[-0.081951,51.507201],[-0.082143,51.507233],[-0.082636,51.507306],[-0.082903,51.507348],[-0.083598,51.507442],[-0.083868,51.507475],[-0.084269,51.507544],[-0.08446,51.507579],[-0.084947,51.507675],[-0.08543,51.507708],[-0.085902,51.507744],[-0.086632,51.507797],[-0.086896,51.507821],[-0.087537,51.507868],[-0.087738,51.507885],[-0.087944,51.507905],[-0.088058,51.50792],[-0.088167,51.50793],[-0.088489,51.50797],[-0.090036,51.508139],[-0.090472,51.508189],[-0.090965,51.508251],[-0.091778,51.508347],[-0.092122,51.50839],[-0.092163,51.508401],[-0.09238,51.508451],[-0.092533,51.508491],[-0.092826,51.508571],[-0.093028,51.508622],[-0.093442,51.50874],[-0.093999,51.508896],[-0.094137,51.508929],[-0.095238,51.509175],[-0.095683,51.509271],[-0.096013,51.509329],[-0.096325,51.509377],[-0.096481,51.509399],[-0.096803,51.509442],[-0.096967,51.509462],[-0.09713,51.509479],[-0.097786,51.509542],[-0.098593,51.509612],[-0.098958,51.509641],[-0.099224,51.509659],[-0.099274,51.509665],[-0.099394,51.509675],[-0.101171,51.509794],[-0.10243,51.509817],[-0.102682,51.509823],[-0.103818,51.509862],[-0.104146,51.509869],[-0.10416,51.509868],[-0.104169,51.509652],[-0.104115,51.50965],[-0.104071,51.509639],[-0.104045,51.509623],[-0.104076,51.509607],[-0.104135,51.509592],[-0.104174,51.509592],[-0.104181,51.50912],[-0.104132,51.509111],[-0.10409,51.509097],[-0.104081,51.509085],[-0.104093,51.509074],[-0.104124,51.509064],[-0.104185,51.509058],[-0.104185,51.508922],[-0.104187,51.508848],[-0.104198,51.508632],[-0.104169,51.508631],[-0.104169,51.50861],[-0.104145,51.508598],[-0.104148,51.508545],[-0.104179,51.508535],[-0.104177,51.508519],[-0.104201,51.508519],[-0.104206,51.508421],[-0.104468,51.508415],[-0.104685,51.508405],[-0.104678,51.508525],[-0.104696,51.508525],[-0.104696,51.508543],[-0.104721,51.508557],[-0.104717,51.508604],[-0.1047,51.508616],[-0.104699,51.508634],[-0.104674,51.508633],[-0.104663,51.50889],[-0.104652,51.50907],[-0.104666,51.50907],[-0.104714,51.509078],[-0.104742,51.509089],[-0.104763,51.5091],[-0.104751,51.509107],[-0.10471,51.50912],[-0.104672,51.509127],[-0.104655,51.509128],[-0.104644,51.50936],[-0.104635,51.5096],[-0.10467,51.509602],[-0.104695,51.509606],[-0.104725,51.509615],[-0.104741,51.509622],[-0.104753,51.50963],[-0.104718,51.509649],[-0.10469,51.509657],[-0.104673,51.509659],[-0.104634,51.50966],[-0.104625,51.509869],[-0.1055,51.50988],[-0.105987,51.509889],[-0.10682,51.509909],[-0.108195,51.509894],[-0.108469,51.509893],[-0.108827,51.509889],[-0.108901,51.509887],[-0.109174,51.509874],[-0.108964,51.508748],[-0.108959,51.508698],[-0.108909,51.508439],[-0.10889,51.508316],[-0.108883,51.508294],[-0.108865,51.50822],[-0.108851,51.508176],[-0.108785,51.507986],[-0.108744,51.507856],[-0.108713,51.507765],[-0.108618,51.507794],[-0.108592,51.507794],[-0.108514,51.507642],[-0.108422,51.507456],[-0.108334,51.507245],[-0.108268,51.50706],[-0.108213,51.506976],[-0.108165,51.506922],[-0.108128,51.506933],[-0.108066,51.506948],[-0.10795,51.50697],[-0.107504,51.507047],[-0.107339,51.507072],[-0.107184,51.50671],[-0.107001,51.506259],[-0.106683,51.505513],[-0.106583,51.505296],[-0.106522,51.505159],[-0.106482,51.505053],[-0.10644,51.504919],[-0.106399,51.504759],[-0.106401,51.504697],[-0.106444,51.50455],[-0.106455,51.50452],[-0.10647,51.504488],[-0.106487,51.504457],[-0.106522,51.504401],[-0.106555,51.504337],[-0.106589,51.504276],[-0.106598,51.504253],[-0.10661,51.504199],[-0.106611,51.504135],[-0.106603,51.504047],[-0.106588,51.503944],[-0.10658,51.503897],[-0.106547,51.50374],[-0.106529,51.503643],[-0.10643,51.503415],[-0.106403,51.503367],[-0.106579,51.503299],[-0.106936,51.503179],[-0.107393,51.503036],[-0.106787,51.502245],[-0.106758,51.50221],[-0.106463,51.502369],[-0.106217,51.502497],[-0.106078,51.502525],[-0.106066,51.50249],[-0.106031,51.502333],[-0.106006,51.502242],[-0.105989,51.5022],[-0.106103,51.502113],[-0.105917,51.502034],[-0.106093,51.501896],[-0.106153,51.50182],[-0.106181,51.501799],[-0.106182,51.501795],[-0.106474,51.501571],[-0.106592,51.501627],[-0.10662,51.501638],[-0.1067,51.501658],[-0.106815,51.501569],[-0.107605,51.500976],[-0.108164,51.500549],[-0.108199,51.50052],[-0.108218,51.500501],[-0.10825,51.500464],[-0.108308,51.500385],[-0.108453,51.50015],[-0.108652,51.499809],[-0.109066,51.499158],[-0.109505,51.498427],[-0.109527,51.498376],[-0.109531,51.498355],[-0.109562,51.498266],[-0.109589,51.498195],[-0.109602,51.498164],[-0.109639,51.498088],[-0.110325,51.496869],[-0.110258,51.496763],[-0.110464,51.496716],[-0.110681,51.496669],[-0.11087,51.496624],[-0.110975,51.496597],[-0.111183,51.496539]]]]},"properties":{"entry-date":"2025-05-21","entity":7010003531,"name":"Central Activities Zone","dataset":"article-4-direction-area","typology":"geography","reference":"115","prefix":"article-4-direction-area","organisation-entity":329,"quality":"authoritative","notes":"Change of use from offices to dwelling houses is restricted","description":"115","article-4-direction":"115","permitted-development-rights":"None given","in_zone":true,"whole_in_zone":false,"in_cw":false,"organisation":"London Borough of Southwark"}},
{"type":"Feature","geometry":{"type":"MultiPolygon","coordinates":[[[[-0.080811,51.42259],[-0.08076,51.4225],[-0.080645,51.422526],[-0.080642,51.422518],[-0.080071,51.422708],[-0.079965,51.422753],[-0.079917,51.422775],[-0.079971,51.422845],[-0.08006,51.422949],[-0.080439,51.423192],[-0.080751,51.423403],[-0.080875,51.423469],[-0.081272,51.423668],[-0.081737,51.423882],[-0.081769,51.423894],[-0.081785,51.423902],[-0.0818,51.423906],[-0.082355,51.424099],[-0.083189,51.42439],[-0.083382,51.424459],[-0.083483,51.424455],[-0.083453,51.424284],[-0.083428,51.424117],[-0.082963,51.423944],[-0.083,51.423929],[-0.082951,51.423901],[-0.082947,51.423903],[-0.082941,51.4239],[-0.082829,51.423877],[-0.082786,51.423872],[-0.082741,51.423864],[-0.082697,51.423854],[-0.082618,51.423833],[-0.082507,51.423789],[-0.082381,51.423733],[-0.0822,51.423649],[-0.082082,51.423601],[-0.081931,51.423536],[-0.081738,51.423437],[-0.081707,51.423443],[-0.081637,51.423386],[-0.081591,51.423359],[-0.081326,51.423193],[-0.080987,51.422905],[-0.080771,51.422669],[-0.080718,51.422614],[-0.080811,51.42259]]],[[[-0.079043,51.432558],[-0.079028,51.432579],[-0.079023,51.432588],[-0.079015,51.43261],[-0.079008,51.432636],[-0.079005,51.432666],[-0.078997,51.432715],[-0.078927,51.432744],[-0.078981,51.43276],[-0.079076,51.432804],[-0.078996,51.432871],[-0.079023,51.432884],[-0.079092,51.432828],[-0.079102,51.432818],[-0.079226,51.432878],[-0.079219,51.432885],[-0.079615,51.433043],[-0.079868,51.433142],[-0.079956,51.433182],[-0.080123,51.433253],[-0.080304,51.433333],[-0.080492,51.433408],[-0.080682,51.433479],[-0.080855,51.43354],[-0.081247,51.433665],[-0.081393,51.43371],[-0.081724,51.43381],[-0.081808,51.433834],[-0.081922,51.43387],[-0.082151,51.433939],[-0.082296,51.434],[-0.082755,51.434183],[-0.082908,51.434249],[-0.083254,51.434406],[-0.083496,51.434523],[-0.084121,51.434873],[-0.084379,51.435018],[-0.084795,51.435267],[-0.084853,51.435317],[-0.084894,51.435349],[-0.084939,51.435387],[-0.084958,51.435367],[-0.085016,51.435313],[-0.085074,51.435256],[-0.085106,51.435216],[-0.085155,51.435161],[-0.085054,51.435096],[-0.08476,51.434916],[-0.084651,51.434844],[-0.084571,51.434795],[-0.084356,51.434658],[-0.084275,51.43461],[-0.084093,51.434491],[-0.083991,51.434428],[-0.083841,51.43433],[-0.083786,51.434296],[-0.083626,51.43419],[-0.083595,51.434168],[-0.083362,51.434018],[-0.083296,51.433972],[-0.083217,51.433921],[-0.083124,51.433858],[-0.082956,51.433752],[-0.082756,51.433618],[-0.082655,51.433548],[-0.08239,51.433373],[-0.082352,51.433345],[-0.082098,51.433174],[-0.081802,51.432995],[-0.081702,51.432931],[-0.081566,51.432841],[-0.081512,51.432804],[-0.081445,51.432753],[-0.081326,51.432666],[-0.0813,51.432649],[-0.081136,51.432531],[-0.081127,51.432526],[-0.081057,51.432472],[-0.080921,51.43236],[-0.080875,51.432319],[-0.080836,51.432337],[-0.080819,51.432335],[-0.080761,51.432367],[-0.080738,51.432374],[-0.080703,51.432377],[-0.080645,51.432377],[-0.080445,51.432369],[-0.08025,51.43253],[-0.080168,51.432486],[-0.080181,51.432475],[-0.080228,51.432499],[-0.080406,51.432353],[-0.080603,51.432361],[-0.080668,51.43236],[-0.080687,51.432358],[-0.080712,51.432352],[-0.080733,51.432344],[-0.080763,51.43232],[-0.080771,51.432299],[-0.080794,51.432252],[-0.080547,51.432053],[-0.080438,51.431971],[-0.080191,51.431804],[-0.080139,51.431779],[-0.080094,51.431764],[-0.080052,51.431755],[-0.079987,51.431746],[-0.079946,51.431743],[-0.079885,51.431743],[-0.079842,51.431747],[-0.079803,51.431752],[-0.079683,51.431776],[-0.07961,51.431796],[-0.079532,51.431828],[-0.079485,51.431853],[-0.079462,51.431867],[-0.079421,51.431894],[-0.079341,51.431953],[-0.079307,51.431984],[-0.079251,51.432042],[-0.079143,51.432169],[-0.079139,51.432172],[-0.07913,51.432186],[-0.079115,51.432202],[-0.079077,51.432258],[-0.079102,51.432267],[-0.079129,51.43228],[-0.079174,51.432306],[-0.079206,51.432332],[-0.079211,51.432333],[-0.079241,51.432366],[-0.079198,51.432399],[-0.079146,51.432453],[-0.07906,51.432538],[-0.079043,51.432558]]],[[[-0.100931,51.452298],[-0.101151,51.452517],[-0.101211,51.452573],[-0.101214,51.452571],[-0.101274,51.452634],[-0.101374,51.452511],[-0.101397,51.452481],[-0.101407,51.452465],[-0.101301,51.452369],[-0.101306,51.452366],[-0.101288,51.45235],[-0.101281,51.452353],[-0.101199,51.452272],[-0.101105,51.452184],[-0.101017,51.452087],[-0.100922,51.451978],[-0.100806,51.45183],[-0.10074,51.451738],[-0.100656,51.45161],[-0.100607,51.451527],[-0.100567,51.451455],[-0.100513,51.451346],[-0.100484,51.451283],[-0.100455,51.451212],[-0.100409,51.45108],[-0.10039,51.451016],[-0.100366,51.450925],[-0.100349,51.450838],[-0.100335,51.45075],[-0.100316,51.45059],[-0.100312,51.450452],[-0.100326,51.450451],[-0.100326,51.450431],[-0.100314,51.450432],[-0.100314,51.450409],[-0.100324,51.450409],[-0.100325,51.450389],[-0.10031,51.450388],[-0.100311,51.450324],[-0.100187,51.450319],[-0.100184,51.450385],[-0.10017,51.450385],[-0.10017,51.450406],[-0.100182,51.450406],[-0.100181,51.45043],[-0.100171,51.45043],[-0.100172,51.450454],[-0.10019,51.450454],[-0.100193,51.450531],[-0.100206,51.450672],[-0.100224,51.450795],[-0.100237,51.450864],[-0.100266,51.450992],[-0.100299,51.451105],[-0.10031,51.45114],[-0.100362,51.45128],[-0.100416,51.451401],[-0.100472,51.451509],[-0.100534,51.451618],[-0.100604,51.451733],[-0.100585,51.451718],[-0.100267,51.451427],[-0.099321,51.45057],[-0.098826,51.450118],[-0.098939,51.450072],[-0.09894,51.450074],[-0.09895,51.450067],[-0.098958,51.450054],[-0.098975,51.450032],[-0.098989,51.450007],[-0.098988,51.45],[-0.098939,51.449952],[-0.098586,51.449675],[-0.09853,51.449634],[-0.098508,51.449627],[-0.098487,51.449626],[-0.098453,51.449634],[-0.098358,51.449553],[-0.098337,51.449532],[-0.098192,51.449416],[-0.09804,51.44929],[-0.097897,51.449175],[-0.097568,51.448905],[-0.097791,51.448785],[-0.098112,51.448507],[-0.098148,51.448404],[-0.098067,51.448363],[-0.098137,51.4483],[-0.098047,51.448243],[-0.097979,51.448305],[-0.097838,51.448201],[-0.09772,51.448298],[-0.097594,51.44836],[-0.09741,51.448447],[-0.097197,51.448552],[-0.096845,51.448245],[-0.096699,51.448077],[-0.096622,51.447992],[-0.096554,51.447914],[-0.096438,51.447766],[-0.096301,51.447587],[-0.096014,51.447232],[-0.095915,51.447113],[-0.095867,51.447052],[-0.095822,51.446999],[-0.095661,51.446796],[-0.095542,51.446834],[-0.095439,51.446875],[-0.095407,51.446835],[-0.095315,51.446728],[-0.095463,51.446691],[-0.095397,51.446597],[-0.095433,51.44664],[-0.095472,51.446627],[-0.095438,51.446584],[-0.095454,51.446579],[-0.095204,51.446266],[-0.095085,51.44612],[-0.094906,51.445881],[-0.094852,51.445804],[-0.094752,51.445651],[-0.094615,51.445448],[-0.094382,51.445064],[-0.094341,51.444992],[-0.09426,51.444861],[-0.094236,51.444815],[-0.094169,51.444701],[-0.094123,51.444615],[-0.094049,51.44449],[-0.093876,51.444164],[-0.093823,51.444072],[-0.093773,51.44399],[-0.093579,51.443646],[-0.093526,51.443558],[-0.093353,51.443253],[-0.09327,51.443115],[-0.093166,51.442932],[-0.09309,51.442804],[-0.092897,51.442471],[-0.09278,51.442264],[-0.0926,51.44196],[-0.092542,51.441869],[-0.092462,51.441754],[-0.092428,51.441702],[-0.092089,51.441216],[-0.091978,51.441225],[-0.091788,51.441232],[-0.09168,51.441092],[-0.091655,51.441062],[-0.091663,51.441061],[-0.091664,51.441064],[-0.091762,51.441032],[-0.091758,51.440959],[-0.091853,51.440957],[-0.092008,51.440951],[-0.092017,51.441024],[-0.092055,51.441019],[-0.092021,51.440933],[-0.091923,51.440923],[-0.091906,51.44092],[-0.091871,51.44091],[-0.091847,51.4409],[-0.09182,51.440879],[-0.091737,51.440779],[-0.091714,51.440785],[-0.09168,51.440748],[-0.091562,51.440605],[-0.091515,51.440553],[-0.091451,51.440486],[-0.091443,51.44048],[-0.09143,51.440461],[-0.091282,51.440292],[-0.091069,51.440067],[-0.090926,51.439922],[-0.090877,51.439869],[-0.090734,51.439721],[-0.090658,51.439646],[-0.090573,51.439556],[-0.090494,51.439477],[-0.090467,51.439448],[-0.090295,51.439285],[-0.090203,51.439192],[-0.089727,51.438732],[-0.089479,51.438499],[-0.089138,51.43817],[-0.088934,51.437996],[-0.088948,51.437982],[-0.088864,51.437915],[-0.088728,51.43781],[-0.088617,51.437721],[-0.088593,51.437703],[-0.088552,51.437676],[-0.088536,51.43767],[-0.088493,51.437659],[-0.088468,51.437655],[-0.088417,51.437652],[-0.088398,51.437654],[-0.088373,51.43766],[-0.088336,51.437685],[-0.088201,51.43757],[-0.088211,51.437557],[-0.088225,51.437529],[-0.08826,51.437441],[-0.088262,51.437426],[-0.088261,51.437407],[-0.088254,51.437382],[-0.088251,51.437377],[-0.088164,51.437272],[-0.088127,51.43729],[-0.087192,51.436597],[-0.087132,51.436557],[-0.087051,51.436501],[-0.08705,51.436499],[-0.086706,51.436266],[-0.08645,51.436101],[-0.086326,51.436024],[-0.086258,51.435978],[-0.086202,51.435943],[-0.086011,51.435814],[-0.085299,51.435351],[-0.085191,51.435458],[-0.085157,51.435495],[-0.08531,51.43557],[-0.085343,51.435588],[-0.085362,51.435599],[-0.085537,51.435714],[-0.085812,51.435917],[-0.086208,51.436225],[-0.086241,51.436249],[-0.086384,51.436364],[-0.086503,51.436464],[-0.08656,51.436514],[-0.086732,51.436655],[-0.086947,51.436837],[-0.087094,51.436957],[-0.087247,51.437093],[-0.087435,51.437256],[-0.087488,51.437306],[-0.087597,51.437402],[-0.087682,51.437474],[-0.088022,51.437774],[-0.088027,51.437777],[-0.088127,51.437649],[-0.088137,51.437645],[-0.088145,51.437638],[-0.088279,51.437751],[-0.08823,51.437831],[-0.088197,51.437897],[-0.088182,51.437921],[-0.088583,51.438289],[-0.088993,51.438686],[-0.089103,51.438796],[-0.089447,51.43913],[-0.089782,51.43947],[-0.089905,51.439592],[-0.090147,51.439843],[-0.090195,51.439885],[-0.090255,51.439944],[-0.090309,51.439993],[-0.090341,51.440026],[-0.090544,51.44025],[-0.09087,51.440646],[-0.090964,51.440754],[-0.091057,51.440866],[-0.091171,51.441007],[-0.09121,51.441058],[-0.0912,51.441034],[-0.091252,51.441021],[-0.091255,51.441026],[-0.091312,51.441025],[-0.091324,51.441041],[-0.091351,51.441059],[-0.09149,51.441064],[-0.091508,51.441063],[-0.091639,51.44123],[-0.091371,51.441222],[-0.091554,51.441497],[-0.09159,51.441548],[-0.09163,51.441611],[-0.091633,51.441612],[-0.091692,51.441719],[-0.091759,51.441831],[-0.091893,51.442043],[-0.091964,51.442152],[-0.092058,51.442304],[-0.092129,51.442415],[-0.09229,51.442703],[-0.092364,51.44283],[-0.09249,51.443052],[-0.092622,51.443261],[-0.092725,51.443432],[-0.092736,51.443454],[-0.092859,51.443658],[-0.092884,51.443697],[-0.0929,51.443726],[-0.093014,51.443908],[-0.093087,51.444029],[-0.093144,51.44412],[-0.093491,51.444694],[-0.09367,51.444981],[-0.093852,51.44528],[-0.093965,51.445451],[-0.094079,51.445612],[-0.094202,51.44579],[-0.094277,51.445905],[-0.09429,51.445918],[-0.094329,51.445977],[-0.094681,51.446476],[-0.094787,51.446444],[-0.095013,51.446732],[-0.095073,51.446811],[-0.095188,51.446768],[-0.095314,51.446916],[-0.095065,51.44698],[-0.095099,51.447025],[-0.095189,51.447137],[-0.095359,51.447312],[-0.095507,51.447253],[-0.095558,51.4473],[-0.095553,51.447302],[-0.095731,51.447476],[-0.095608,51.447527],[-0.095506,51.447429],[-0.095488,51.447436],[-0.095772,51.447703],[-0.095827,51.447751],[-0.095877,51.447791],[-0.095916,51.447819],[-0.095981,51.447871],[-0.096319,51.448124],[-0.096584,51.448326],[-0.096719,51.448426],[-0.096838,51.44852],[-0.096955,51.448626],[-0.097013,51.448657],[-0.097028,51.448663],[-0.097128,51.448746],[-0.097179,51.448818],[-0.097163,51.448832],[-0.097187,51.448842],[-0.097189,51.448845],[-0.097038,51.448958],[-0.09693,51.449036],[-0.096794,51.44914],[-0.096789,51.449158],[-0.096787,51.449186],[-0.096805,51.449214],[-0.096831,51.449239],[-0.096756,51.449294],[-0.096582,51.449426],[-0.096201,51.449695],[-0.095851,51.449931],[-0.095703,51.450028],[-0.095461,51.450183],[-0.095189,51.450352],[-0.095007,51.450462],[-0.094873,51.450541],[-0.094861,51.450536],[-0.094835,51.450551],[-0.09484,51.45056],[-0.094788,51.450592],[-0.094654,51.450668],[-0.094594,51.450634],[-0.09407,51.450926],[-0.093827,51.451053],[-0.09372,51.451111],[-0.093692,51.451111],[-0.093158,51.451381],[-0.09318,51.451397],[-0.092631,51.451661],[-0.092277,51.451837],[-0.091884,51.45204],[-0.09183,51.452002],[-0.091731,51.452053],[-0.091586,51.452129],[-0.091442,51.452208],[-0.091127,51.452385],[-0.090976,51.452472],[-0.090779,51.452594],[-0.090739,51.452582],[-0.090667,51.452623],[-0.090815,51.452661],[-0.09082,51.452664],[-0.090776,51.452689],[-0.090625,51.452771],[-0.090496,51.452738],[-0.090407,51.452791],[-0.090061,51.453018],[-0.089974,51.453073],[-0.089832,51.453159],[-0.089447,51.453358],[-0.088346,51.453932],[-0.088527,51.454026],[-0.088625,51.454079],[-0.088754,51.454145],[-0.088772,51.454156],[-0.088816,51.454142],[-0.089034,51.453995],[-0.089224,51.45387],[-0.089336,51.453806],[-0.089383,51.453781],[-0.08941,51.453769],[-0.08946,51.453723],[-0.08968,51.453532],[-0.089726,51.45349],[-0.08988,51.453374],[-0.090161,51.453217],[-0.090669,51.45295],[-0.090738,51.452915],[-0.090799,51.452887],[-0.090912,51.452839],[-0.090867,51.452825],[-0.090805,51.452812],[-0.090759,51.452806],[-0.090875,51.452742],[-0.090951,51.452697],[-0.090965,51.452702],[-0.090968,51.4527],[-0.091004,51.452712],[-0.091096,51.452746],[-0.091162,51.452717],[-0.091158,51.452715],[-0.091315,51.452651],[-0.091526,51.452546],[-0.092086,51.452241],[-0.092122,51.452223],[-0.092049,51.452169],[-0.09274,51.451817],[-0.093075,51.451654],[-0.093341,51.451522],[-0.093305,51.451492],[-0.093903,51.45119],[-0.094324,51.450966],[-0.094697,51.45076],[-0.094708,51.450762],[-0.094728,51.45075],[-0.094732,51.45074],[-0.094744,51.450733],[-0.094737,51.450728],[-0.094927,51.450621],[-0.094931,51.450623],[-0.094944,51.450625],[-0.094966,51.450612],[-0.094966,51.450604],[-0.094963,51.450602],[-0.095293,51.450404],[-0.09561,51.450206],[-0.09582,51.45007],[-0.096024,51.449934],[-0.096439,51.44965],[-0.096537,51.44958],[-0.096604,51.449614],[-0.096685,51.449551],[-0.096684,51.449541],[-0.096712,51.449527],[-0.096854,51.449433],[-0.096885,51.449399],[-0.096971,51.449329],[-0.097016,51.449311],[-0.097059,51.449311],[-0.097101,51.449302],[-0.097131,51.449292],[-0.097152,51.449282],[-0.097213,51.449226],[-0.097293,51.449156],[-0.097405,51.449053],[-0.097832,51.449499],[-0.097874,51.449546],[-0.098001,51.449695],[-0.098198,51.449877],[-0.098294,51.449968],[-0.098422,51.450094],[-0.098519,51.450175],[-0.098539,51.450182],[-0.098555,51.450185],[-0.098587,51.450187],[-0.098619,51.450187],[-0.098644,51.450184],[-0.09869,51.450172],[-0.098917,51.450372],[-0.099511,51.450916],[-0.100009,51.451367],[-0.100127,51.451472],[-0.100222,51.451562],[-0.100528,51.451901],[-0.100812,51.452212],[-0.100851,51.452253],[-0.10088,51.452243],[-0.100931,51.452298]]],[[[-0.0918,51.451977],[-0.091783,51.451963],[-0.091744,51.451983],[-0.091761,51.451997],[-0.0918,51.451977]]],[[[-0.086102,51.455448],[-0.086016,51.455526],[-0.085885,51.455639],[-0.08586,51.455657],[-0.085739,51.455757],[-0.085611,51.455852],[-0.085583,51.455843],[-0.085575,51.455852],[-0.085723,51.455901],[-0.085742,51.455906],[-0.085766,51.455915],[-0.086079,51.456013],[-0.086087,51.456002],[-0.086111,51.455985],[-0.087461,51.455094],[-0.087656,51.454966],[-0.087672,51.454957],[-0.087841,51.454837],[-0.088349,51.454466],[-0.088635,51.454271],[-0.088604,51.454252],[-0.088561,51.454266],[-0.088524,51.454287],[-0.088408,51.454214],[-0.088397,51.45422],[-0.088305,51.454161],[-0.088312,51.454156],[-0.088251,51.454115],[-0.088242,51.454107],[-0.088238,51.454102],[-0.08823,51.454086],[-0.088229,51.454081],[-0.088229,51.454072],[-0.088242,51.454041],[-0.088203,51.454018],[-0.088026,51.454114],[-0.087698,51.454297],[-0.087631,51.454332],[-0.087668,51.454363],[-0.087434,51.454519],[-0.087107,51.454747],[-0.087099,51.454744],[-0.087007,51.454833],[-0.086907,51.454882],[-0.086884,51.454902],[-0.086699,51.455043],[-0.086612,51.454994],[-0.08652,51.455072],[-0.086513,51.455076],[-0.086458,51.455129],[-0.08625,51.455318],[-0.086102,51.455448]]],[[[-0.085051,51.456306],[-0.084972,51.456369],[-0.084953,51.456402],[-0.084849,51.456489],[-0.084808,51.456508],[-0.084769,51.456529],[-0.084759,51.456513],[-0.084743,51.456518],[-0.084754,51.456532],[-0.084823,51.456637],[-0.084894,51.456741],[-0.084908,51.456738],[-0.0849,51.456725],[-0.08494,51.456694],[-0.084997,51.456722],[-0.085217,51.456565],[-0.085464,51.456392],[-0.085604,51.45629],[-0.085713,51.456214],[-0.085732,51.456199],[-0.08579,51.45616],[-0.085802,51.456153],[-0.085821,51.456146],[-0.085864,51.456143],[-0.085899,51.456136],[-0.085908,51.456129],[-0.085915,51.456121],[-0.085452,51.45597],[-0.085051,51.456306]]],[[[-0.084738,51.456879],[-0.084728,51.456864],[-0.084718,51.456867],[-0.084728,51.456882],[-0.084738,51.456879]]],[[[-0.08479,51.456982],[-0.084804,51.456978],[-0.084796,51.456967],[-0.084782,51.45697],[-0.08479,51.456982]]],[[[-0.09071,51.467581],[-0.090681,51.467585],[-0.090635,51.467594],[-0.090334,51.467669],[-0.089734,51.467822],[-0.089725,51.467829],[-0.089716,51.467843],[-0.089713,51.467855],[-0.089909,51.468115],[-0.090083,51.468058],[-0.090184,51.468027],[-0.090644,51.46789],[-0.09063,51.467858],[-0.09085,51.467787],[-0.090921,51.467768],[-0.091065,51.467726],[-0.091007,51.46765],[-0.090997,51.467641],[-0.090963,51.467621],[-0.090925,51.467603],[-0.090904,51.467596],[-0.090893,51.467594],[-0.090815,51.467583],[-0.090743,51.467579],[-0.09071,51.467581]]],[[[-0.088477,51.468127],[-0.088001,51.468247],[-0.087247,51.468433],[-0.086913,51.468514],[-0.086898,51.468524],[-0.086894,51.468529],[-0.086888,51.468541],[-0.086887,51.468554],[-0.086943,51.468637],[-0.087015,51.468749],[-0.087181,51.468991],[-0.087199,51.469009],[-0.087211,51.469015],[-0.087228,51.46902],[-0.087245,51.46902],[-0.087281,51.469013],[-0.087785,51.468868],[-0.088109,51.468772],[-0.088409,51.468686],[-0.088772,51.468577],[-0.089181,51.468445],[-0.089538,51.468321],[-0.089519,51.468299],[-0.089591,51.468279],[-0.089547,51.468222],[-0.089625,51.4682],[-0.089449,51.46797],[-0.08937,51.467994],[-0.089335,51.467948],[-0.089353,51.467941],[-0.089338,51.467916],[-0.088865,51.468033],[-0.088477,51.468127]]],[[[-0.086246,51.468981],[-0.086229,51.46897],[-0.08622,51.468967],[-0.086199,51.468967],[-0.086185,51.468971],[-0.086178,51.468976],[-0.086169,51.468987],[-0.086169,51.468993],[-0.08617,51.468998],[-0.086174,51.469004],[-0.086183,51.469011],[-0.086192,51.469015],[-0.086212,51.469017],[-0.086235,51.469011],[-0.086242,51.469006],[-0.086249,51.468997],[-0.08625,51.468991],[-0.086246,51.468981]]],[[[-0.086287,51.469054],[-0.086277,51.469046],[-0.086259,51.46904],[-0.086234,51.469041],[-0.086225,51.469044],[-0.086215,51.469051],[-0.08621,51.469057],[-0.086209,51.469066],[-0.08621,51.469072],[-0.086217,51.469081],[-0.086233,51.469088],[-0.086243,51.46909],[-0.086263,51.469089],[-0.086281,51.469082],[-0.08629,51.46907],[-0.08629,51.469064],[-0.086287,51.469054]]],[[[-0.085357,51.469057],[-0.085153,51.469128],[-0.084789,51.469209],[-0.084748,51.469219],[-0.08473,51.469226],[-0.084683,51.469228],[-0.084691,51.469248],[-0.084678,51.469251],[-0.084694,51.469282],[-0.085209,51.469174],[-0.085231,51.469178],[-0.085404,51.469117],[-0.085357,51.469057]]],[[[-0.105686,51.488363],[-0.105761,51.488291],[-0.105748,51.488258],[-0.105572,51.488188],[-0.10556,51.4882],[-0.105341,51.48811],[-0.105258,51.48819],[-0.105686,51.488363]]],[[[-0.105933,51.504369],[-0.106472,51.504417],[-0.10651,51.504419],[-0.106522,51.504401],[-0.106589,51.504277],[-0.106598,51.504253],[-0.106605,51.504226],[-0.106608,51.504206],[-0.106416,51.504201],[-0.106414,51.504219],[-0.10627,51.504214],[-0.105819,51.504198],[-0.105311,51.504171],[-0.104809,51.504139],[-0.10481,51.504131],[-0.104771,51.504129],[-0.104769,51.504136],[-0.104395,51.504119],[-0.103361,51.504081],[-0.102291,51.504054],[-0.102214,51.503826],[-0.102133,51.503595],[-0.102126,51.503571],[-0.102119,51.503559],[-0.102176,51.503567],[-0.102182,51.503442],[-0.102075,51.50344],[-0.102039,51.503342],[-0.102008,51.503246],[-0.101936,51.503059],[-0.10185,51.502858],[-0.101778,51.502709],[-0.101701,51.502567],[-0.101653,51.502484],[-0.101548,51.502317],[-0.101464,51.502193],[-0.101351,51.502037],[-0.101262,51.501905],[-0.101141,51.50171],[-0.101082,51.5016],[-0.101008,51.501453],[-0.101002,51.501445],[-0.100939,51.501306],[-0.100868,51.501125],[-0.100843,51.501057],[-0.10081,51.500955],[-0.100751,51.500739],[-0.100735,51.500672],[-0.100733,51.500657],[-0.100687,51.500444],[-0.10065,51.500295],[-0.100622,51.500203],[-0.100576,51.50007],[-0.100542,51.499978],[-0.100481,51.499834],[-0.100455,51.499777],[-0.100405,51.499676],[-0.100326,51.499526],[-0.100233,51.49937],[-0.100092,51.499161],[-0.100048,51.499104],[-0.100002,51.49904],[-0.099965,51.498994],[-0.099754,51.498738],[-0.09973,51.498711],[-0.099606,51.498556],[-0.099508,51.498441],[-0.099363,51.498243],[-0.099245,51.498066],[-0.099151,51.497913],[-0.099068,51.497763],[-0.099043,51.497715],[-0.09903,51.497688],[-0.099043,51.497686],[-0.098998,51.497599],[-0.098984,51.497602],[-0.098809,51.49727],[-0.098786,51.49722],[-0.09875,51.497135],[-0.098703,51.497011],[-0.098626,51.496774],[-0.098614,51.49673],[-0.09858,51.496556],[-0.098561,51.496436],[-0.098549,51.496334],[-0.09851,51.495859],[-0.09852,51.495859],[-0.098519,51.495831],[-0.098506,51.49583],[-0.09851,51.49555],[-0.098515,51.495465],[-0.098523,51.495386],[-0.098536,51.495287],[-0.098562,51.49514],[-0.098585,51.495038],[-0.098588,51.495018],[-0.098627,51.494869],[-0.098673,51.494677],[-0.098706,51.494582],[-0.098768,51.49459],[-0.098895,51.494256],[-0.098905,51.494233],[-0.098948,51.494104],[-0.099003,51.493928],[-0.099035,51.493817],[-0.099084,51.493637],[-0.099066,51.49363],[-0.099119,51.493388],[-0.09911,51.493278],[-0.099157,51.493081],[-0.099226,51.492773],[-0.099257,51.492623],[-0.099269,51.492535],[-0.099287,51.492379],[-0.0993,51.492248],[-0.099305,51.492121],[-0.099306,51.492024],[-0.099309,51.491974],[-0.099307,51.491971],[-0.099306,51.49189],[-0.099298,51.491722],[-0.099294,51.491674],[-0.099292,51.491671],[-0.099293,51.491669],[-0.099284,51.491585],[-0.099268,51.491486],[-0.099244,51.491346],[-0.099214,51.491214],[-0.099167,51.491026],[-0.099154,51.490986],[-0.099152,51.490928],[-0.099147,51.490911],[-0.099115,51.49082],[-0.099073,51.490712],[-0.099045,51.49063],[-0.098962,51.490432],[-0.098872,51.490239],[-0.098808,51.49013],[-0.098745,51.490016],[-0.098649,51.489867],[-0.098592,51.489784],[-0.098579,51.489788],[-0.098571,51.489776],[-0.098567,51.489773],[-0.098469,51.489631],[-0.098259,51.489319],[-0.098306,51.489306],[-0.098163,51.489092],[-0.098183,51.489086],[-0.098065,51.488951],[-0.098023,51.488966],[-0.098015,51.488956],[-0.098004,51.488959],[-0.097909,51.488821],[-0.097921,51.488812],[-0.097793,51.488641],[-0.097694,51.488503],[-0.097664,51.488458],[-0.097655,51.488447],[-0.097615,51.488388],[-0.097534,51.488274],[-0.09745,51.488149],[-0.097262,51.487881],[-0.097072,51.48759],[-0.096989,51.487449],[-0.09695,51.487379],[-0.096831,51.487153],[-0.096738,51.486973],[-0.096632,51.486762],[-0.096566,51.486646],[-0.096572,51.486643],[-0.09652,51.486545],[-0.096422,51.486354],[-0.096331,51.486172],[-0.096283,51.486081],[-0.096291,51.486078],[-0.096281,51.486059],[-0.096275,51.48606],[-0.096152,51.485766],[-0.09616,51.485764],[-0.096155,51.485752],[-0.096146,51.485752],[-0.096135,51.48572],[-0.096139,51.485719],[-0.096132,51.485695],[-0.096121,51.485697],[-0.096086,51.485603],[-0.096078,51.485586],[-0.096083,51.485585],[-0.096054,51.485487],[-0.096043,51.48544],[-0.096036,51.485421],[-0.096006,51.485311],[-0.095991,51.485234],[-0.095961,51.485096],[-0.095899,51.484669],[-0.095892,51.48461],[-0.095853,51.484371],[-0.095847,51.484266],[-0.095833,51.48411],[-0.095823,51.483897],[-0.095824,51.483821],[-0.095823,51.483668],[-0.095815,51.483483],[-0.095815,51.483419],[-0.09581,51.483347],[-0.095807,51.483244],[-0.095787,51.483053],[-0.095777,51.482922],[-0.095751,51.482415],[-0.095749,51.482302],[-0.095743,51.4822],[-0.095734,51.482072],[-0.095721,51.481927],[-0.095717,51.481841],[-0.095699,51.481648],[-0.095687,51.481483],[-0.095665,51.481132],[-0.095658,51.480984],[-0.095643,51.480752],[-0.095637,51.480753],[-0.095634,51.480689],[-0.09563,51.480644],[-0.09563,51.480625],[-0.095634,51.480623],[-0.095632,51.480595],[-0.095633,51.480589],[-0.095612,51.480294],[-0.095591,51.480063],[-0.095586,51.479975],[-0.095579,51.479892],[-0.095574,51.47979],[-0.095566,51.479696],[-0.095565,51.479663],[-0.095561,51.479642],[-0.095557,51.479581],[-0.095535,51.479172],[-0.09553,51.479044],[-0.09553,51.47898],[-0.095526,51.478886],[-0.095515,51.478715],[-0.095494,51.478479],[-0.095492,51.478442],[-0.095489,51.478425],[-0.095483,51.478331],[-0.09548,51.478261],[-0.095483,51.478138],[-0.095492,51.477992],[-0.095506,51.47783],[-0.095518,51.477743],[-0.095532,51.477658],[-0.095585,51.477379],[-0.095593,51.477324],[-0.095596,51.477314],[-0.095596,51.477308],[-0.095613,51.477215],[-0.095639,51.477093],[-0.095651,51.477045],[-0.095661,51.47699],[-0.095681,51.476899],[-0.095723,51.47675],[-0.095779,51.476581],[-0.095833,51.476433],[-0.095888,51.476294],[-0.09596,51.476126],[-0.096016,51.476007],[-0.09605,51.475949],[-0.096132,51.475801],[-0.096176,51.475727],[-0.096219,51.475657],[-0.096286,51.475555],[-0.096353,51.475448],[-0.096361,51.475451],[-0.096361,51.475449],[-0.096446,51.475317],[-0.096491,51.475336],[-0.096515,51.475302],[-0.096461,51.475288],[-0.096531,51.475192],[-0.096604,51.475099],[-0.096689,51.474993],[-0.09676,51.474908],[-0.096822,51.474837],[-0.096937,51.474714],[-0.096986,51.474665],[-0.097083,51.474573],[-0.09727,51.474525],[-0.097608,51.474288],[-0.097647,51.474259],[-0.09758,51.474222],[-0.097633,51.474186],[-0.097625,51.47418],[-0.098329,51.473653],[-0.09836,51.473607],[-0.098684,51.473354],[-0.098642,51.473331],[-0.099053,51.473007],[-0.099315,51.472803],[-0.099395,51.472743],[-0.099364,51.472643],[-0.099339,51.472548],[-0.09927,51.4726],[-0.09926,51.472601],[-0.098999,51.472786],[-0.098805,51.472913],[-0.098576,51.473059],[-0.098226,51.473293],[-0.097957,51.473485],[-0.097883,51.473541],[-0.09767,51.473712],[-0.097568,51.473796],[-0.097518,51.473841],[-0.097501,51.473854],[-0.097246,51.474089],[-0.09708,51.474252],[-0.096999,51.474329],[-0.096898,51.474432],[-0.096731,51.47462],[-0.096685,51.474669],[-0.096619,51.474752],[-0.096479,51.474922],[-0.096418,51.474999],[-0.096248,51.475223],[-0.096244,51.475231],[-0.096247,51.475235],[-0.096251,51.475237],[-0.096166,51.475366],[-0.096158,51.475365],[-0.095988,51.475649],[-0.095854,51.475886],[-0.095812,51.475963],[-0.09574,51.476104],[-0.095705,51.476186],[-0.095665,51.476286],[-0.0956,51.476459],[-0.095585,51.47649],[-0.095528,51.476658],[-0.095493,51.476775],[-0.095462,51.47689],[-0.09542,51.477057],[-0.095368,51.477291],[-0.095349,51.477394],[-0.095348,51.477406],[-0.095338,51.477454],[-0.09531,51.477645],[-0.0953,51.47773],[-0.095284,51.477892],[-0.09527,51.478123],[-0.095267,51.47827],[-0.095267,51.478361],[-0.095269,51.478452],[-0.095282,51.478708],[-0.095285,51.478735],[-0.095295,51.478901],[-0.095308,51.479054],[-0.095316,51.479194],[-0.095322,51.479252],[-0.095324,51.479316],[-0.095331,51.479398],[-0.095331,51.479418],[-0.095343,51.479591],[-0.095346,51.479666],[-0.095357,51.479814],[-0.095373,51.480099],[-0.09539,51.48036],[-0.095397,51.48044],[-0.095402,51.48055],[-0.095414,51.480718],[-0.095419,51.480814],[-0.095418,51.480816],[-0.095421,51.480841],[-0.095427,51.480953],[-0.095462,51.48144],[-0.095481,51.481737],[-0.095495,51.481912],[-0.095497,51.481922],[-0.095516,51.482293],[-0.095529,51.482467],[-0.095557,51.482905],[-0.095563,51.482989],[-0.095577,51.483109],[-0.09558,51.483188],[-0.095582,51.483194],[-0.095589,51.483568],[-0.095586,51.483684],[-0.095577,51.483803],[-0.095575,51.483848],[-0.095573,51.484036],[-0.095578,51.484207],[-0.095587,51.484356],[-0.095594,51.484439],[-0.095618,51.484631],[-0.095636,51.484758],[-0.095655,51.484886],[-0.095674,51.484991],[-0.095717,51.485176],[-0.095748,51.485298],[-0.0958,51.485487],[-0.095855,51.48564],[-0.095861,51.485639],[-0.095868,51.485655],[-0.095896,51.485727],[-0.095904,51.48575],[-0.095902,51.485751],[-0.095923,51.485804],[-0.095922,51.485807],[-0.09598,51.485952],[-0.096019,51.486042],[-0.09607,51.486151],[-0.096078,51.48615],[-0.096123,51.486243],[-0.096136,51.486273],[-0.096208,51.48642],[-0.096334,51.486667],[-0.09636,51.486715],[-0.096365,51.486717],[-0.096404,51.486794],[-0.096414,51.486811],[-0.096545,51.487072],[-0.096662,51.487288],[-0.096713,51.487379],[-0.096766,51.487468],[-0.096798,51.487526],[-0.096853,51.487615],[-0.096953,51.487771],[-0.09701,51.487854],[-0.097081,51.487963],[-0.097553,51.488647],[-0.097729,51.488906],[-0.097735,51.488912],[-0.097836,51.489062],[-0.097792,51.489082],[-0.097891,51.489164],[-0.097909,51.489187],[-0.097856,51.489212],[-0.097944,51.489286],[-0.097993,51.489325],[-0.098013,51.489363],[-0.097998,51.489369],[-0.098021,51.489395],[-0.098109,51.489536],[-0.098207,51.489701],[-0.098263,51.489687],[-0.098339,51.489799],[-0.098236,51.489829],[-0.098275,51.489881],[-0.09839,51.490054],[-0.098463,51.490178],[-0.098521,51.490281],[-0.098605,51.490446],[-0.09865,51.490542],[-0.098723,51.490717],[-0.098754,51.490803],[-0.098795,51.490925],[-0.098833,51.491052],[-0.098884,51.491253],[-0.098905,51.491328],[-0.098926,51.491434],[-0.09894,51.491516],[-0.098955,51.491642],[-0.099057,51.491617],[-0.099068,51.491731],[-0.099078,51.491813],[-0.099081,51.491894],[-0.099082,51.491959],[-0.099073,51.492189],[-0.099071,51.492201],[-0.099064,51.492312],[-0.099056,51.492399],[-0.099034,51.492595],[-0.099022,51.49265],[-0.099016,51.492691],[-0.098986,51.492824],[-0.098942,51.492984],[-0.098882,51.493167],[-0.098813,51.493218],[-0.098555,51.493824],[-0.098504,51.493822],[-0.098498,51.493845],[-0.098413,51.494086],[-0.098363,51.494248],[-0.098406,51.494254],[-0.098345,51.494488],[-0.098373,51.494565],[-0.098379,51.494565],[-0.098355,51.494726],[-0.098339,51.49473],[-0.098335,51.494786],[-0.098337,51.494797],[-0.098283,51.495411],[-0.098273,51.495564],[-0.098265,51.495756],[-0.098266,51.495801],[-0.098265,51.49598],[-0.098268,51.496018],[-0.098268,51.496038],[-0.098246,51.49604],[-0.098248,51.496068],[-0.098269,51.496068],[-0.098278,51.496232],[-0.098295,51.49638],[-0.098311,51.496478],[-0.098335,51.496599],[-0.098337,51.496615],[-0.098348,51.496667],[-0.098388,51.496822],[-0.098399,51.496863],[-0.098421,51.496932],[-0.098454,51.49703],[-0.098518,51.497193],[-0.098561,51.497291],[-0.098644,51.497471],[-0.098691,51.497561],[-0.098809,51.49777],[-0.098798,51.49778],[-0.098816,51.497811],[-0.098747,51.497827],[-0.098795,51.497851],[-0.099092,51.498281],[-0.099068,51.498301],[-0.099133,51.49833],[-0.09936,51.498654],[-0.099494,51.498842],[-0.099488,51.498843],[-0.099497,51.498886],[-0.09951,51.498885],[-0.099548,51.498937],[-0.099552,51.498963],[-0.099638,51.498958],[-0.099694,51.499035],[-0.099715,51.499068],[-0.099822,51.499219],[-0.099947,51.499392],[-0.100017,51.499503],[-0.100077,51.499606],[-0.100125,51.499695],[-0.100197,51.499838],[-0.10027,51.500003],[-0.100331,51.50017],[-0.100409,51.500408],[-0.100443,51.500538],[-0.100459,51.500593],[-0.100461,51.500606],[-0.100495,51.500747],[-0.100521,51.500846],[-0.100563,51.500985],[-0.100595,51.501079],[-0.100652,51.501227],[-0.100694,51.501324],[-0.100736,51.501416],[-0.100783,51.50151],[-0.100814,51.501565],[-0.100832,51.501601],[-0.100924,51.501757],[-0.100974,51.501837],[-0.101024,51.501913],[-0.101067,51.501975],[-0.101155,51.502093],[-0.101253,51.502229],[-0.101288,51.502279],[-0.101293,51.502289],[-0.101309,51.502309],[-0.101442,51.50252],[-0.101477,51.50258],[-0.101525,51.502667],[-0.101584,51.502781],[-0.101658,51.50294],[-0.101719,51.503091],[-0.10175,51.503172],[-0.101812,51.503343],[-0.101884,51.50356],[-0.101891,51.503567],[-0.101938,51.503712],[-0.102058,51.504048],[-0.101906,51.504044],[-0.101798,51.504037],[-0.101603,51.50402],[-0.101428,51.503999],[-0.101001,51.503957],[-0.100776,51.503948],[-0.10054,51.503945],[-0.100394,51.503948],[-0.100021,51.503966],[-0.099595,51.503989],[-0.099531,51.503989],[-0.09951,51.503991],[-0.09925,51.504],[-0.09866,51.504015],[-0.098249,51.504029],[-0.097767,51.504049],[-0.096529,51.504106],[-0.096177,51.504105],[-0.095894,51.504115],[-0.095892,51.504106],[-0.095617,51.504116],[-0.095102,51.50414],[-0.095102,51.504142],[-0.095061,51.504145],[-0.095061,51.504138],[-0.095042,51.504139],[-0.095044,51.504154],[-0.094958,51.504158],[-0.094897,51.504159],[-0.094791,51.504168],[-0.094781,51.504137],[-0.094778,51.504136],[-0.09449,51.504174],[-0.09447,51.504192],[-0.09448,51.504217],[-0.094276,51.504242],[-0.094237,51.504248],[-0.094235,51.504243],[-0.094206,51.504246],[-0.094208,51.504253],[-0.093945,51.504291],[-0.093777,51.504318],[-0.093626,51.504346],[-0.093477,51.504378],[-0.093378,51.504402],[-0.09337,51.504395],[-0.093341,51.504404],[-0.093349,51.50441],[-0.093239,51.504445],[-0.093072,51.504502],[-0.093064,51.504496],[-0.093043,51.504504],[-0.093048,51.50451],[-0.092883,51.504573],[-0.092873,51.504563],[-0.0923,51.504784],[-0.092261,51.504786],[-0.092247,51.504829],[-0.092225,51.504839],[-0.092091,51.504893],[-0.091856,51.504982],[-0.091501,51.505109],[-0.091293,51.505179],[-0.091112,51.505236],[-0.090717,51.505352],[-0.090437,51.505424],[-0.09019,51.505483],[-0.090186,51.50548],[-0.090013,51.505512],[-0.089841,51.505536],[-0.089836,51.505535],[-0.089833,51.505537],[-0.089796,51.505541],[-0.089679,51.505552],[-0.089579,51.505558],[-0.089445,51.505572],[-0.089432,51.505572],[-0.089309,51.505583],[-0.089246,51.50559],[-0.089242,51.505581],[-0.089217,51.505585],[-0.089066,51.505617],[-0.088883,51.505652],[-0.088816,51.505667],[-0.088694,51.50569],[-0.088495,51.505731],[-0.08834,51.505749],[-0.088251,51.505756],[-0.088181,51.50576],[-0.088042,51.505763],[-0.087863,51.505758],[-0.087776,51.505752],[-0.087593,51.505734],[-0.087002,51.505686],[-0.086996,51.505683],[-0.087153,51.505679],[-0.086866,51.505527],[-0.086843,51.505366],[-0.086882,51.505339],[-0.086856,51.505164],[-0.086907,51.505132],[-0.086886,51.505],[-0.08687,51.504886],[-0.086543,51.504712],[-0.08657,51.504621],[-0.086614,51.504641],[-0.086646,51.504538],[-0.0866,51.504513],[-0.08663,51.504403],[-0.086819,51.504362],[-0.086821,51.504367],[-0.086903,51.504349],[-0.086883,51.504314],[-0.086865,51.504319],[-0.086853,51.504298],[-0.086865,51.504295],[-0.086852,51.504272],[-0.086801,51.504284],[-0.086794,51.504289],[-0.086773,51.504293],[-0.086753,51.504259],[-0.086317,51.504355],[-0.086175,51.504284],[-0.086181,51.504267],[-0.0862,51.504267],[-0.086211,51.504205],[-0.086239,51.504112],[-0.085893,51.503927],[-0.085899,51.503923],[-0.08582,51.50388],[-0.085888,51.503831],[-0.0859,51.503824],[-0.085383,51.503529],[-0.085242,51.503452],[-0.085125,51.50341],[-0.084089,51.503056],[-0.083586,51.50288],[-0.082787,51.502604],[-0.082648,51.50256],[-0.082309,51.502469],[-0.081867,51.502359],[-0.080856,51.50212],[-0.080321,51.501845],[-0.080332,51.501816],[-0.080341,51.501786],[-0.080314,51.501788],[-0.080254,51.501813],[-0.080154,51.501762],[-0.080179,51.501743],[-0.079875,51.501582],[-0.079903,51.501511],[-0.07973,51.501488],[-0.079718,51.501536],[-0.0782,51.500734],[-0.078265,51.50059],[-0.078134,51.500566],[-0.077242,51.500087],[-0.077226,51.500087],[-0.077217,51.500142],[-0.07705,51.500128],[-0.076565,51.49987],[-0.076564,51.499859],[-0.076535,51.499843],[-0.076507,51.499837],[-0.07601,51.499568],[-0.076038,51.499563],[-0.075825,51.499441],[-0.07565,51.499248],[-0.075525,51.499281],[-0.075462,51.499241],[-0.075436,51.499259],[-0.075003,51.499025],[-0.075007,51.499022],[-0.074979,51.499008],[-0.074974,51.499009],[-0.074745,51.498887],[-0.074636,51.498832],[-0.074573,51.498796],[-0.074491,51.498752],[-0.074431,51.498722],[-0.074374,51.49869],[-0.074354,51.498677],[-0.074332,51.498569],[-0.074233,51.498577],[-0.07414,51.49853],[-0.074128,51.49848],[-0.074124,51.498455],[-0.074117,51.498429],[-0.074024,51.498438],[-0.07404,51.498383],[-0.073871,51.498375],[-0.07386,51.498413],[-0.073453,51.498196],[-0.073464,51.498188],[-0.073449,51.498181],[-0.073441,51.498187],[-0.073359,51.498144],[-0.073368,51.498136],[-0.073346,51.498126],[-0.07334,51.498129],[-0.073334,51.498125],[-0.073324,51.498126],[-0.073288,51.498106],[-0.073134,51.498027],[-0.073137,51.498025],[-0.073128,51.498019],[-0.073131,51.498017],[-0.073111,51.498006],[-0.073102,51.498012],[-0.072386,51.497644],[-0.071797,51.49734],[-0.071806,51.497332],[-0.071775,51.497316],[-0.071766,51.497323],[-0.071264,51.497077],[-0.071043,51.496971],[-0.070989,51.496943],[-0.070097,51.496501],[-0.06968,51.496304],[-0.069688,51.496299],[-0.069665,51.496289],[-0.069659,51.496293],[-0.06923,51.496093],[-0.06925,51.496091],[-0.069186,51.496061],[-0.069176,51.496068],[-0.06832,51.49566],[-0.06788,51.49546],[-0.067882,51.495459],[-0.067448,51.495255],[-0.066833,51.49497],[-0.066382,51.495424],[-0.066548,51.495518],[-0.066627,51.495561],[-0.066753,51.495625],[-0.067025,51.495758],[-0.067366,51.495907],[-0.067472,51.495948],[-0.067465,51.495954],[-0.067493,51.495966],[-0.067501,51.495959],[-0.06775,51.496051],[-0.06825,51.496227],[-0.068244,51.496235],[-0.068279,51.496248],[-0.068285,51.496241],[-0.068296,51.496244],[-0.068636,51.496362],[-0.068722,51.496393],[-0.068727,51.496404],[-0.068774,51.496424],[-0.068784,51.496415],[-0.069457,51.496704],[-0.069735,51.496826],[-0.069856,51.496877],[-0.069936,51.496918],[-0.070694,51.497292],[-0.071437,51.497662],[-0.072306,51.498108],[-0.072529,51.498221],[-0.072529,51.498233],[-0.072561,51.498249],[-0.072581,51.498248],[-0.073259,51.498604],[-0.07358,51.498775],[-0.073589,51.498793],[-0.073616,51.498808],[-0.073623,51.498803],[-0.07364,51.498813],[-0.07365,51.498812],[-0.073797,51.498892],[-0.073792,51.498899],[-0.073819,51.498914],[-0.073831,51.498907],[-0.07416,51.499088],[-0.074175,51.499097],[-0.074168,51.499101],[-0.0742,51.499119],[-0.074205,51.499116],[-0.074212,51.49912],[-0.074217,51.499117],[-0.07422,51.499118],[-0.074342,51.499185],[-0.074339,51.499187],[-0.07435,51.499193],[-0.074345,51.499196],[-0.074373,51.499212],[-0.074383,51.499204],[-0.07591,51.500034],[-0.075903,51.500039],[-0.07593,51.500054],[-0.07594,51.500049],[-0.075949,51.500053],[-0.076074,51.50012],[-0.076067,51.500126],[-0.076113,51.500154],[-0.076124,51.500146],[-0.077972,51.501132],[-0.077964,51.50114],[-0.077995,51.501156],[-0.078004,51.501148],[-0.0784,51.501357],[-0.078723,51.501525],[-0.078734,51.501532],[-0.079245,51.501798],[-0.079361,51.501863],[-0.079504,51.501937],[-0.080078,51.502244],[-0.080062,51.502261],[-0.08006,51.502275],[-0.080068,51.502286],[-0.080122,51.502319],[-0.080165,51.502327],[-0.080297,51.502396],[-0.080413,51.502452],[-0.080381,51.502543],[-0.080465,51.502557],[-0.080476,51.50256],[-0.080529,51.502566],[-0.080545,51.502564],[-0.080556,51.502561],[-0.080561,51.502557],[-0.080565,51.502556],[-0.080585,51.502534],[-0.080601,51.502512],[-0.080671,51.502548],[-0.080619,51.502639],[-0.080958,51.502712],[-0.081149,51.5028],[-0.081198,51.502843],[-0.081131,51.502916],[-0.081116,51.502938],[-0.081247,51.502967],[-0.081299,51.502885],[-0.081267,51.502878],[-0.081278,51.502855],[-0.08136,51.502899],[-0.082038,51.503244],[-0.082097,51.503277],[-0.082248,51.503344],[-0.082307,51.503368],[-0.082331,51.503376],[-0.082345,51.503384],[-0.08236,51.503388],[-0.082805,51.50363],[-0.082847,51.503655],[-0.082861,51.503667],[-0.082869,51.503671],[-0.083107,51.503851],[-0.083213,51.503929],[-0.083232,51.503945],[-0.08331,51.504029],[-0.083436,51.504166],[-0.083786,51.504553],[-0.083829,51.504595],[-0.083806,51.504606],[-0.083869,51.504633],[-0.083905,51.504669],[-0.083911,51.504672],[-0.083918,51.504681],[-0.083964,51.504721],[-0.083977,51.504728],[-0.08399,51.50474],[-0.084072,51.504798],[-0.08413,51.504835],[-0.084256,51.50492],[-0.084344,51.504966],[-0.084376,51.504981],[-0.084406,51.504998],[-0.084631,51.50511],[-0.084807,51.505201],[-0.085045,51.505319],[-0.085133,51.505365],[-0.085205,51.5054],[-0.085245,51.505422],[-0.085497,51.505518],[-0.085744,51.505585],[-0.086231,51.505713],[-0.086262,51.50571],[-0.086295,51.505719],[-0.086502,51.505767],[-0.086505,51.505778],[-0.087001,51.505853],[-0.087476,51.505927],[-0.087483,51.505915],[-0.088161,51.505938],[-0.088202,51.505952],[-0.088427,51.505928],[-0.088436,51.505923],[-0.088448,51.505913],[-0.088866,51.505829],[-0.088928,51.505818],[-0.088915,51.505831],[-0.088996,51.505819],[-0.089065,51.505813],[-0.089169,51.505807],[-0.089243,51.505792],[-0.08929,51.505767],[-0.089514,51.505735],[-0.089621,51.505723],[-0.089716,51.505715],[-0.089876,51.505709],[-0.090006,51.50571],[-0.090074,51.505712],[-0.090213,51.50572],[-0.090375,51.505736],[-0.090546,51.505759],[-0.090581,51.505765],[-0.090584,51.505766],[-0.090584,51.505774],[-0.0906,51.505774],[-0.0906,51.505768],[-0.090655,51.505778],[-0.090786,51.505807],[-0.090882,51.505831],[-0.090966,51.505854],[-0.091117,51.505905],[-0.091205,51.505939],[-0.091266,51.505965],[-0.091382,51.506019],[-0.091409,51.506034],[-0.091492,51.506086],[-0.091635,51.506179],[-0.091613,51.506291],[-0.091536,51.506642],[-0.091817,51.50666],[-0.091793,51.506804],[-0.091967,51.506814],[-0.091962,51.506848],[-0.091787,51.506838],[-0.091784,51.506856],[-0.091913,51.506868],[-0.091914,51.506864],[-0.092011,51.506874],[-0.091995,51.506944],[-0.091746,51.506923],[-0.091743,51.506936],[-0.091934,51.506948],[-0.092075,51.506943],[-0.092085,51.507048],[-0.092088,51.507051],[-0.092095,51.507123],[-0.092094,51.507126],[-0.092099,51.507187],[-0.092086,51.507231],[-0.092077,51.50723],[-0.09208,51.507271],[-0.092027,51.507394],[-0.092057,51.5074],[-0.092055,51.507405],[-0.091897,51.507707],[-0.091892,51.507706],[-0.091861,51.507764],[-0.091867,51.507766],[-0.091795,51.5079],[-0.091696,51.508095],[-0.091687,51.508093],[-0.091655,51.508152],[-0.091664,51.508154],[-0.091578,51.508324],[-0.091777,51.508347],[-0.092123,51.508391],[-0.09219,51.50827],[-0.092378,51.507909],[-0.092393,51.507882],[-0.092398,51.507883],[-0.092432,51.50782],[-0.092427,51.507819],[-0.092544,51.507587],[-0.09259,51.507502],[-0.0926,51.507504],[-0.092664,51.50738],[-0.092664,51.507378],[-0.092624,51.50737],[-0.092625,51.507152],[-0.092629,51.506859],[-0.092696,51.50664],[-0.092465,51.506611],[-0.09232,51.506591],[-0.092315,51.506581],[-0.092261,51.506459],[-0.09213,51.50618],[-0.092112,51.506146],[-0.092094,51.506061],[-0.092069,51.505955],[-0.092046,51.505958],[-0.092042,51.505903],[-0.092042,51.505856],[-0.09205,51.505772],[-0.092063,51.505701],[-0.092064,51.505688],[-0.092073,51.505649],[-0.092084,51.505611],[-0.092117,51.505518],[-0.09214,51.505464],[-0.092195,51.505357],[-0.092237,51.505287],[-0.092252,51.505265],[-0.092371,51.505113],[-0.092392,51.50512],[-0.092442,51.505071],[-0.092509,51.50501],[-0.09255,51.504976],[-0.092602,51.504936],[-0.092644,51.504908],[-0.092741,51.504852],[-0.092807,51.504827],[-0.0928,51.50482],[-0.093328,51.504619],[-0.093376,51.504622],[-0.093451,51.504601],[-0.093444,51.50459],[-0.093717,51.504514],[-0.093796,51.504495],[-0.093973,51.504461],[-0.094028,51.504452],[-0.094028,51.504454],[-0.094044,51.504456],[-0.094047,51.504449],[-0.094077,51.504445],[-0.09408,51.504452],[-0.0941,51.504448],[-0.094099,51.504443],[-0.094265,51.504418],[-0.094327,51.504411],[-0.09433,51.504418],[-0.09435,51.504414],[-0.094349,51.504408],[-0.094607,51.504382],[-0.09482,51.504362],[-0.094967,51.504354],[-0.095093,51.504351],[-0.095181,51.504379],[-0.095461,51.504376],[-0.095577,51.504373],[-0.095886,51.504357],[-0.095886,51.504352],[-0.095943,51.504346],[-0.096012,51.504341],[-0.096176,51.504335],[-0.096238,51.504336],[-0.096238,51.504341],[-0.096527,51.504346],[-0.097068,51.504359],[-0.097192,51.504357],[-0.097222,51.504354],[-0.097373,51.504347],[-0.097585,51.50434],[-0.097902,51.504343],[-0.098158,51.50435],[-0.098204,51.504353],[-0.098426,51.50437],[-0.098647,51.50439],[-0.098866,51.504414],[-0.098907,51.50442],[-0.098966,51.504587],[-0.099657,51.50452],[-0.099665,51.504543],[-0.099712,51.504573],[-0.099766,51.504567],[-0.099819,51.504559],[-0.099823,51.50458],[-0.099885,51.504582],[-0.099982,51.504589],[-0.100102,51.504595],[-0.10019,51.504598],[-0.100547,51.504604],[-0.100647,51.504607],[-0.100753,51.504608],[-0.100754,51.504605],[-0.100774,51.504606],[-0.100898,51.504617],[-0.100928,51.504623],[-0.101295,51.504679],[-0.101432,51.504705],[-0.101458,51.504643],[-0.101441,51.504521],[-0.101807,51.504508],[-0.101836,51.504525],[-0.101915,51.504579],[-0.101942,51.504599],[-0.10199,51.504631],[-0.102032,51.504666],[-0.102036,51.504666],[-0.102171,51.50479],[-0.10225,51.50489],[-0.102299,51.504962],[-0.102317,51.504995],[-0.102364,51.505069],[-0.102552,51.505355],[-0.102646,51.5055],[-0.102703,51.505591],[-0.102767,51.505687],[-0.102825,51.50578],[-0.102875,51.505779],[-0.10294,51.505881],[-0.103028,51.506037],[-0.103093,51.506169],[-0.103105,51.506198],[-0.103124,51.506237],[-0.103152,51.506522],[-0.103156,51.506704],[-0.10316,51.506779],[-0.103294,51.506829],[-0.103304,51.506946],[-0.103339,51.507491],[-0.103352,51.507492],[-0.103361,51.507579],[-0.103286,51.507735],[-0.103285,51.507788],[-0.10329,51.507967],[-0.10327,51.508016],[-0.103189,51.508256],[-0.103124,51.508254],[-0.103117,51.508419],[-0.103124,51.508421],[-0.103119,51.508494],[-0.10309,51.508493],[-0.103091,51.508512],[-0.103075,51.508512],[-0.103074,51.508523],[-0.10308,51.508524],[-0.10308,51.508532],[-0.103094,51.508532],[-0.103092,51.508537],[-0.103102,51.508538],[-0.103098,51.50863],[-0.103108,51.50863],[-0.103095,51.508888],[-0.10309,51.509039],[-0.103065,51.50904],[-0.103039,51.509047],[-0.103025,51.509056],[-0.103017,51.509068],[-0.10302,51.509082],[-0.103034,51.509098],[-0.103041,51.509102],[-0.10306,51.509108],[-0.103087,51.509109],[-0.103069,51.509577],[-0.103048,51.509578],[-0.103024,51.509583],[-0.103013,51.509589],[-0.103009,51.509593],[-0.103005,51.509598],[-0.103003,51.509608],[-0.103006,51.509619],[-0.103013,51.509632],[-0.103027,51.509641],[-0.103044,51.509645],[-0.103068,51.509645],[-0.103063,51.509835],[-0.103424,51.509848],[-0.10343,51.509703],[-0.103438,51.509381],[-0.103452,51.508955],[-0.103464,51.508635],[-0.103495,51.508636],[-0.103496,51.508613],[-0.103752,51.508616],[-0.103755,51.508533],[-0.103725,51.508532],[-0.103724,51.508512],[-0.103683,51.50851],[-0.103662,51.508506],[-0.10364,51.508497],[-0.103613,51.508475],[-0.103602,51.508456],[-0.103601,51.508442],[-0.103549,51.508441],[-0.103553,51.508379],[-0.103555,51.508294],[-0.103549,51.508293],[-0.10355,51.508248],[-0.103552,51.508233],[-0.103556,51.50821],[-0.103597,51.508056],[-0.103656,51.507844],[-0.103683,51.507721],[-0.103697,51.507622],[-0.103705,51.507547],[-0.103711,51.507473],[-0.103714,51.507402],[-0.103957,51.507396],[-0.103936,51.507078],[-0.10388,51.507053],[-0.103848,51.507036],[-0.103752,51.506763],[-0.104097,51.50691],[-0.104215,51.506884],[-0.104216,51.506854],[-0.103951,51.506758],[-0.103882,51.506721],[-0.103854,51.506671],[-0.103857,51.506109],[-0.103633,51.506103],[-0.103369,51.506107],[-0.103306,51.506035],[-0.103296,51.50602],[-0.103225,51.505892],[-0.103067,51.505638],[-0.102957,51.505476],[-0.102927,51.505428],[-0.102845,51.505291],[-0.102818,51.505241],[-0.102697,51.505032],[-0.102615,51.504877],[-0.102475,51.504582],[-0.102446,51.504497],[-0.102445,51.50449],[-0.102485,51.504487],[-0.102513,51.50449],[-0.10254,51.504495],[-0.102581,51.504512],[-0.102597,51.504525],[-0.102617,51.504545],[-0.102621,51.504552],[-0.10263,51.504586],[-0.10264,51.504638],[-0.102635,51.504638],[-0.10265,51.504745],[-0.102656,51.50477],[-0.102774,51.504765],[-0.102764,51.504684],[-0.102748,51.504512],[-0.102732,51.504514],[-0.102713,51.50449],[-0.102686,51.504467],[-0.102667,51.504454],[-0.102636,51.504439],[-0.102594,51.504423],[-0.102562,51.504414],[-0.102517,51.504407],[-0.102472,51.504403],[-0.10245,51.504403],[-0.102415,51.504406],[-0.102349,51.504221],[-0.102674,51.504236],[-0.102676,51.504259],[-0.102691,51.50426],[-0.103211,51.504282],[-0.10411,51.504324],[-0.104312,51.504332],[-0.104316,51.504274],[-0.105304,51.504319],[-0.105432,51.504326],[-0.105432,51.504335],[-0.105729,51.504354],[-0.105933,51.504369]],[[-0.077634,51.500436],[-0.077588,51.500411],[-0.077597,51.500405],[-0.077606,51.50041],[-0.077612,51.500407],[-0.077648,51.500427],[-0.077634,51.500436]],[[-0.102139,51.504552],[-0.10206,51.504499],[-0.102193,51.504518],[-0.102231,51.504522],[-0.102251,51.504571],[-0.102167,51.504574],[-0.102139,51.504552]],[[-0.080117,51.501742],[-0.080078,51.501722],[-0.080087,51.501717],[-0.080091,51.501719],[-0.080094,51.501717],[-0.080127,51.501734],[-0.080117,51.501742]],[[-0.102198,51.504439],[-0.101954,51.504437],[-0.101858,51.504384],[-0.101727,51.50432],[-0.101671,51.504296],[-0.101545,51.504238],[-0.101381,51.50417],[-0.10138,51.504144],[-0.101514,51.504146],[-0.102034,51.5042],[-0.102033,51.504209],[-0.102118,51.504214],[-0.102198,51.504439]],[[-0.080539,51.502481],[-0.080585,51.502505],[-0.080579,51.502509],[-0.080533,51.502486],[-0.080539,51.502481]],[[-0.101423,51.504335],[-0.101534,51.504381],[-0.101614,51.504412],[-0.101661,51.504432],[-0.101689,51.504446],[-0.101434,51.504456],[-0.10143,51.504423],[-0.101402,51.504328],[-0.101423,51.504335]],[[-0.082261,51.503255],[-0.082249,51.503248],[-0.08227,51.503248],[-0.082261,51.503255]],[[-0.099052,51.492989],[-0.099072,51.492992],[-0.099012,51.493187],[-0.098991,51.493185],[-0.099052,51.492989]],[[-0.091013,51.505711],[-0.090923,51.505687],[-0.090739,51.505648],[-0.090657,51.505632],[-0.090514,51.505609],[-0.090421,51.505597],[-0.090424,51.505591],[-0.090123,51.505571],[-0.090213,51.505552],[-0.090386,51.505511],[-0.090753,51.505418],[-0.091034,51.505338],[-0.091151,51.505303],[-0.091429,51.505214],[-0.09165,51.505139],[-0.091832,51.505074],[-0.092267,51.504904],[-0.092466,51.504828],[-0.092485,51.504842],[-0.092419,51.50489],[-0.092356,51.504942],[-0.092252,51.505041],[-0.09219,51.505109],[-0.092136,51.505174],[-0.092101,51.505223],[-0.092045,51.505311],[-0.092004,51.505384],[-0.091966,51.505461],[-0.091951,51.505496],[-0.091947,51.50551],[-0.091931,51.50555],[-0.091915,51.505602],[-0.091897,51.505675],[-0.091888,51.505736],[-0.091887,51.50576],[-0.091873,51.505853],[-0.091824,51.505852],[-0.09182,51.506085],[-0.091786,51.506084],[-0.091781,51.506079],[-0.09175,51.506057],[-0.091628,51.50598],[-0.091546,51.505932],[-0.0915,51.50591],[-0.091456,51.505886],[-0.091419,51.505869],[-0.091412,51.505864],[-0.091262,51.505798],[-0.091126,51.505747],[-0.091013,51.505711]],[[-0.098494,51.494887],[-0.098466,51.495012],[-0.09844,51.495007],[-0.098447,51.494964],[-0.098454,51.494879],[-0.098494,51.494887]],[[-0.095977,51.485611],[-0.096021,51.485723],[-0.096013,51.485723],[-0.095971,51.485613],[-0.095977,51.485611]],[[-0.096478,51.486676],[-0.096532,51.486778],[-0.096522,51.486781],[-0.096469,51.486678],[-0.096478,51.486676]],[[-0.096189,51.486113],[-0.096241,51.48622],[-0.096234,51.486221],[-0.096183,51.486114],[-0.096189,51.486113]],[[-0.09683,51.474651],[-0.096869,51.474643],[-0.096777,51.47474],[-0.096753,51.474746],[-0.09683,51.474651]]],[[[-0.100203,51.494609],[-0.100405,51.494619],[-0.100411,51.494551],[-0.100412,51.494508],[-0.100411,51.494467],[-0.100212,51.494473],[-0.100209,51.494547],[-0.100203,51.494609]]],[[[-0.10081,51.495749],[-0.100806,51.495746],[-0.100686,51.495804],[-0.100625,51.495791],[-0.100587,51.495801],[-0.100544,51.49588],[-0.100551,51.495882],[-0.100515,51.495941],[-0.100816,51.49602],[-0.100927,51.49584],[-0.100849,51.49578],[-0.100875,51.495768],[-0.100836,51.495737],[-0.10081,51.495749]]],[[[-0.107188,51.497308],[-0.106996,51.497215],[-0.106876,51.497155],[-0.1068,51.497192],[-0.106207,51.497295],[-0.105613,51.497401],[-0.105332,51.497449],[-0.104129,51.497664],[-0.104132,51.497755],[-0.104512,51.498054],[-0.104639,51.498188],[-0.104453,51.498277],[-0.104491,51.498302],[-0.104617,51.498232],[-0.104803,51.498355],[-0.104989,51.49836],[-0.105468,51.498077],[-0.105642,51.497971],[-0.105719,51.497929],[-0.105927,51.497823],[-0.106195,51.497699],[-0.106395,51.49762],[-0.106538,51.497571],[-0.106651,51.497535],[-0.106811,51.497489],[-0.106986,51.497442],[-0.107178,51.497393],[-0.107192,51.497391],[-0.10722,51.497379],[-0.107223,51.497374],[-0.107228,51.49737],[-0.107233,51.497361],[-0.107235,51.497351],[-0.107233,51.497341],[-0.107222,51.497328],[-0.107188,51.497308]]],[[[-0.104947,51.503784],[-0.104947,51.503773],[-0.104873,51.503784],[-0.104829,51.503799],[-0.104806,51.503811],[-0.104787,51.503825],[-0.104754,51.503858],[-0.104734,51.5039],[-0.104744,51.503901],[-0.104741,51.504068],[-0.104792,51.504069],[-0.104792,51.504072],[-0.105115,51.504062],[-0.105127,51.504068],[-0.105145,51.504071],[-0.105163,51.50407],[-0.10518,51.504065],[-0.105193,51.504057],[-0.105201,51.504046],[-0.105201,51.504034],[-0.105194,51.504023],[-0.105182,51.504015],[-0.105174,51.504012],[-0.105173,51.503994],[-0.105317,51.503996],[-0.105326,51.503727],[-0.105301,51.50371],[-0.104998,51.503776],[-0.104994,51.503782],[-0.104958,51.503781],[-0.104957,51.503784],[-0.104947,51.503784]]],[[[-0.066904,51.437842],[-0.066879,51.437877],[-0.066855,51.437917],[-0.066761,51.438063],[-0.066709,51.438139],[-0.066667,51.438197],[-0.066597,51.438187],[-0.066587,51.438201],[-0.066878,51.438276],[-0.067064,51.438322],[-0.06712,51.438341],[-0.067136,51.438322],[-0.067192,51.438246],[-0.067261,51.438159],[-0.067283,51.438127],[-0.067326,51.438059],[-0.067398,51.437921],[-0.067406,51.437902],[-0.067428,51.437838],[-0.067463,51.437694],[-0.067497,51.437534],[-0.067514,51.437469],[-0.067562,51.437258],[-0.067595,51.437162],[-0.067746,51.436909],[-0.06783,51.436761],[-0.06807,51.436354],[-0.0681,51.436293],[-0.068132,51.436233],[-0.068149,51.436205],[-0.068177,51.436143],[-0.068224,51.436032],[-0.068248,51.435982],[-0.068344,51.435728],[-0.068465,51.435428],[-0.068511,51.435344],[-0.068534,51.435315],[-0.06852,51.435297],[-0.068504,51.435283],[-0.068477,51.435269],[-0.068927,51.434459],[-0.068945,51.434456],[-0.068951,51.434444],[-0.068826,51.434414],[-0.068817,51.434426],[-0.068341,51.435264],[-0.068252,51.435248],[-0.068058,51.435568],[-0.06804,51.435595],[-0.068011,51.435653],[-0.067992,51.435687],[-0.06779,51.4361],[-0.067661,51.436422],[-0.067572,51.436652],[-0.067556,51.43668],[-0.067513,51.436778],[-0.067497,51.436805],[-0.06741,51.436972],[-0.067369,51.437056],[-0.06729,51.437195],[-0.067148,51.437456],[-0.067128,51.437496],[-0.067106,51.437553],[-0.067072,51.437625],[-0.067065,51.437632],[-0.066904,51.437842]]],[[[-0.066892,51.43831],[-0.066779,51.438281],[-0.066337,51.438906],[-0.066292,51.438968],[-0.066288,51.438971],[-0.066265,51.439005],[-0.066236,51.439054],[-0.066295,51.439065],[-0.066369,51.439069],[-0.066591,51.438764],[-0.066723,51.438569],[-0.066892,51.43831]]],[[[-0.078562,51.46432],[-0.078557,51.464384],[-0.078557,51.464435],[-0.07851,51.46465],[-0.078496,51.464707],[-0.078435,51.465142],[-0.078411,51.465308],[-0.078408,51.465318],[-0.07894,51.465319],[-0.078936,51.465278],[-0.078906,51.465062],[-0.078873,51.464798],[-0.078829,51.4645],[-0.078827,51.464451],[-0.07883,51.464386],[-0.078835,51.464342],[-0.078849,51.464283],[-0.07889,51.464141],[-0.078912,51.464073],[-0.078926,51.464021],[-0.078928,51.464016],[-0.078945,51.464026],[-0.078958,51.463996],[-0.078965,51.463997],[-0.07904,51.46383],[-0.079038,51.46382],[-0.07907,51.463749],[-0.079108,51.46367],[-0.079185,51.46352],[-0.07923,51.463483],[-0.07943,51.463071],[-0.079446,51.463045],[-0.079487,51.462989],[-0.079708,51.462739],[-0.080213,51.462151],[-0.080375,51.461965],[-0.080188,51.46187],[-0.080345,51.461688],[-0.080404,51.461656],[-0.080425,51.46164],[-0.080457,51.46161],[-0.080406,51.461594],[-0.081431,51.460369],[-0.08146,51.460336],[-0.081481,51.460342],[-0.081963,51.459769],[-0.082442,51.459194],[-0.082621,51.458984],[-0.082942,51.458613],[-0.082952,51.458587],[-0.082972,51.458558],[-0.083211,51.458299],[-0.08324,51.458272],[-0.08328,51.458229],[-0.083331,51.458178],[-0.083478,51.458017],[-0.083559,51.457924],[-0.08361,51.45787],[-0.083662,51.457818],[-0.083675,51.457809],[-0.083752,51.457739],[-0.08391,51.457586],[-0.083993,51.457502],[-0.084182,51.457321],[-0.084295,51.457222],[-0.08438,51.457145],[-0.084442,51.457094],[-0.084568,51.456982],[-0.084719,51.456851],[-0.084658,51.45676],[-0.084601,51.456671],[-0.084569,51.456625],[-0.084532,51.456672],[-0.08451,51.456696],[-0.084409,51.456793],[-0.084427,51.4568],[-0.084403,51.456823],[-0.084385,51.456816],[-0.084058,51.457151],[-0.083999,51.457205],[-0.083782,51.457442],[-0.083745,51.457479],[-0.08372,51.457507],[-0.083329,51.45792],[-0.083158,51.458098],[-0.082926,51.458334],[-0.082808,51.458449],[-0.082713,51.458556],[-0.082367,51.458938],[-0.082213,51.459112],[-0.08212,51.459183],[-0.082205,51.459219],[-0.081947,51.459522],[-0.08198,51.459534],[-0.081641,51.45995],[-0.081038,51.460685],[-0.081008,51.460676],[-0.080731,51.461007],[-0.080745,51.461011],[-0.080609,51.461172],[-0.080592,51.46119],[-0.080444,51.461252],[-0.080282,51.461326],[-0.08017,51.461405],[-0.08016,51.461423],[-0.080172,51.46149],[-0.08021,51.461513],[-0.080175,51.461555],[-0.080198,51.461568],[-0.080153,51.461599],[-0.080177,51.461608],[-0.080184,51.461602],[-0.0802,51.461608],[-0.080224,51.461626],[-0.080249,51.461649],[-0.080131,51.461784],[-0.080096,51.461822],[-0.080019,51.461777],[-0.079989,51.461799],[-0.079928,51.46185],[-0.079786,51.461999],[-0.079758,51.462027],[-0.07972,51.462061],[-0.079671,51.462098],[-0.079623,51.462122],[-0.079617,51.462123],[-0.07958,51.462151],[-0.079516,51.462221],[-0.079508,51.46222],[-0.079445,51.462316],[-0.079341,51.46245],[-0.07924,51.462593],[-0.079203,51.462643],[-0.079193,51.46266],[-0.079132,51.462729],[-0.078892,51.463131],[-0.078864,51.463182],[-0.07884,51.463232],[-0.078807,51.463314],[-0.078754,51.463481],[-0.078686,51.463482],[-0.078687,51.463497],[-0.078722,51.463497],[-0.078724,51.463552],[-0.078689,51.463552],[-0.078691,51.463652],[-0.078621,51.463839],[-0.078596,51.463983],[-0.078562,51.46432]]],[[[-0.080599,51.461444],[-0.080761,51.461249],[-0.080738,51.461242],[-0.080576,51.461437],[-0.080599,51.461444]]],[[[-0.078212,51.466549],[-0.078194,51.466587],[-0.078164,51.466644],[-0.078079,51.466795],[-0.078013,51.466905],[-0.077919,51.467032],[-0.077843,51.467112],[-0.077817,51.467137],[-0.077841,51.467137],[-0.077873,51.467146],[-0.078136,51.467144],[-0.078406,51.467144],[-0.078508,51.467142],[-0.078633,51.466935],[-0.078734,51.466772],[-0.078813,51.466566],[-0.07888,51.466285],[-0.078774,51.466275],[-0.078783,51.466225],[-0.078893,51.466234],[-0.078923,51.466107],[-0.078933,51.466062],[-0.078825,51.466056],[-0.078834,51.466013],[-0.078942,51.466023],[-0.078952,51.465977],[-0.078965,51.465893],[-0.078974,51.465851],[-0.078998,51.465711],[-0.078992,51.465645],[-0.078991,51.465605],[-0.078989,51.465601],[-0.078987,51.465532],[-0.078969,51.46543],[-0.078588,51.465431],[-0.078411,51.46543],[-0.078407,51.465575],[-0.078406,51.465715],[-0.078369,51.46606],[-0.07836,51.466134],[-0.078353,51.466163],[-0.078351,51.466178],[-0.078315,51.466299],[-0.078263,51.466428],[-0.078245,51.466468],[-0.078212,51.466549]]],[[[-0.07777,51.467206],[-0.077733,51.467241],[-0.077728,51.467239],[-0.077708,51.467261],[-0.077289,51.467678],[-0.077259,51.46771],[-0.077223,51.467739],[-0.077153,51.467788],[-0.077879,51.467745],[-0.077898,51.467745],[-0.077992,51.467663],[-0.078084,51.467573],[-0.078157,51.467473],[-0.078169,51.467451],[-0.078257,51.467321],[-0.078312,51.467243],[-0.078326,51.467224],[-0.078363,51.467181],[-0.077778,51.467184],[-0.077759,51.467201],[-0.07777,51.467206]]],[[[-0.077683,51.467903],[-0.077683,51.4679],[-0.077667,51.467885],[-0.07765,51.467876],[-0.077604,51.467877],[-0.077649,51.467911],[-0.077636,51.467973],[-0.077575,51.468012],[-0.07764,51.468028],[-0.077664,51.467999],[-0.07768,51.467973],[-0.07769,51.467937],[-0.077693,51.467932],[-0.077691,51.467915],[-0.077688,51.467909],[-0.077683,51.467903]]],[[[-0.054989,51.477282],[-0.054917,51.477394],[-0.054911,51.477393],[-0.054596,51.477879],[-0.054319,51.478309],[-0.054209,51.478484],[-0.054156,51.478565],[-0.054302,51.478621],[-0.054325,51.478584],[-0.054391,51.478486],[-0.055014,51.477523],[-0.055043,51.477479],[-0.055048,51.477478],[-0.055101,51.4774],[-0.055095,51.477397],[-0.055087,51.477396],[-0.055153,51.477289],[-0.055162,51.477289],[-0.055346,51.476996],[-0.055427,51.476871],[-0.055732,51.476382],[-0.055869,51.476167],[-0.055874,51.476168],[-0.055883,51.476155],[-0.055877,51.476153],[-0.056093,51.475824],[-0.056218,51.475627],[-0.056308,51.475493],[-0.056346,51.475429],[-0.056414,51.475321],[-0.056558,51.475098],[-0.056761,51.474771],[-0.056856,51.474624],[-0.057182,51.474107],[-0.057193,51.474092],[-0.057234,51.474027],[-0.057427,51.473744],[-0.057567,51.473544],[-0.057578,51.473532],[-0.057629,51.473534],[-0.057663,51.47351],[-0.057659,51.4735],[-0.057593,51.473496],[-0.057714,51.473359],[-0.057775,51.473363],[-0.057827,51.47331],[-0.058017,51.473309],[-0.058161,51.473137],[-0.058226,51.473057],[-0.058349,51.472914],[-0.058362,51.472916],[-0.058413,51.472868],[-0.058508,51.472783],[-0.058873,51.472503],[-0.058871,51.472491],[-0.05886,51.472315],[-0.058965,51.472239],[-0.058989,51.472287],[-0.059036,51.472372],[-0.059331,51.472173],[-0.059402,51.472123],[-0.059643,51.471972],[-0.05974,51.471916],[-0.05994,51.471808],[-0.060343,51.471597],[-0.060414,51.471555],[-0.060436,51.471538],[-0.060466,51.471509],[-0.060519,51.471471],[-0.060521,51.471474],[-0.060539,51.471469],[-0.060531,51.471458],[-0.06052,51.471461],[-0.060519,51.471458],[-0.060512,51.471452],[-0.060492,51.471426],[-0.060489,51.471417],[-0.060485,51.471415],[-0.060481,51.471407],[-0.060483,51.471394],[-0.060492,51.471381],[-0.060503,51.471368],[-0.060515,51.47136],[-0.060533,51.471353],[-0.060544,51.471363],[-0.060567,51.471351],[-0.060559,51.471346],[-0.060721,51.471276],[-0.060728,51.471274],[-0.060739,51.471282],[-0.06076,51.471272],[-0.060753,51.471266],[-0.060803,51.471256],[-0.060847,51.471257],[-0.060905,51.471269],[-0.060899,51.471275],[-0.060914,51.47128],[-0.060916,51.471278],[-0.060961,51.471313],[-0.06186,51.470982],[-0.061873,51.470948],[-0.061868,51.470937],[-0.061858,51.470938],[-0.061862,51.470918],[-0.061869,51.470907],[-0.06188,51.470894],[-0.061891,51.470883],[-0.061896,51.47088],[-0.06191,51.470875],[-0.061912,51.470879],[-0.061938,51.470874],[-0.061932,51.470864],[-0.06211,51.470814],[-0.062123,51.470811],[-0.062128,51.470819],[-0.062149,51.470815],[-0.062146,51.470808],[-0.062173,51.470805],[-0.062209,51.470806],[-0.062224,51.470808],[-0.062282,51.470824],[-0.062271,51.470828],[-0.062279,51.470838],[-0.06229,51.470834],[-0.062292,51.470837],[-0.062306,51.470841],[-0.062337,51.470841],[-0.062569,51.470798],[-0.062953,51.47072],[-0.063038,51.470704],[-0.06331,51.47066],[-0.063376,51.470727],[-0.063823,51.470594],[-0.063794,51.470504],[-0.063974,51.470481],[-0.063981,51.470495],[-0.064043,51.470489],[-0.064089,51.470489],[-0.064108,51.470491],[-0.064124,51.470501],[-0.064707,51.470444],[-0.064753,51.470455],[-0.064906,51.470487],[-0.065045,51.470514],[-0.065193,51.470539],[-0.065351,51.470563],[-0.065525,51.470587],[-0.065656,51.470601],[-0.065699,51.470607],[-0.065879,51.470624],[-0.066049,51.470637],[-0.066276,51.47065],[-0.066434,51.470657],[-0.066595,51.470661],[-0.066799,51.470662],[-0.06697,51.470658],[-0.067122,51.470651],[-0.067335,51.470638],[-0.067454,51.470629],[-0.06765,51.470611],[-0.067885,51.470585],[-0.068095,51.470556],[-0.068289,51.470523],[-0.068459,51.470489],[-0.068762,51.470425],[-0.068942,51.470375],[-0.069087,51.47033],[-0.069111,51.470362],[-0.069339,51.470297],[-0.069434,51.470264],[-0.069517,51.470233],[-0.069792,51.470137],[-0.069986,51.470066],[-0.069972,51.470052],[-0.070519,51.469855],[-0.07081,51.469747],[-0.070862,51.469729],[-0.071075,51.469648],[-0.071211,51.469599],[-0.071343,51.469549],[-0.072143,51.469361],[-0.072338,51.469312],[-0.072607,51.469248],[-0.072595,51.46921],[-0.072798,51.469176],[-0.073009,51.469148],[-0.073124,51.469137],[-0.073197,51.469128],[-0.073566,51.469095],[-0.073781,51.469083],[-0.073821,51.46921],[-0.074617,51.469177],[-0.075257,51.469158],[-0.075868,51.46915],[-0.076126,51.469156],[-0.076411,51.469172],[-0.076727,51.469204],[-0.076873,51.469229],[-0.077007,51.469256],[-0.077391,51.469354],[-0.077645,51.469421],[-0.077737,51.469441],[-0.077893,51.469478],[-0.077943,51.469488],[-0.07815,51.469535],[-0.07833,51.469573],[-0.078679,51.469643],[-0.079216,51.469717],[-0.079628,51.469777],[-0.080045,51.46982],[-0.080046,51.469763],[-0.080262,51.469775],[-0.080392,51.46979],[-0.08063,51.469807],[-0.081321,51.469818],[-0.08152,51.469817],[-0.081808,51.469807],[-0.08194,51.469807],[-0.081944,51.469829],[-0.081947,51.469829],[-0.08208,51.469809],[-0.08219,51.469797],[-0.082734,51.469704],[-0.083314,51.469647],[-0.083921,51.469563],[-0.084535,51.469475],[-0.084925,51.469413],[-0.085069,51.469381],[-0.085279,51.469343],[-0.085422,51.469339],[-0.085538,51.469286],[-0.085415,51.469134],[-0.085225,51.469185],[-0.085198,51.469186],[-0.084685,51.469295],[-0.084663,51.469248],[-0.083936,51.469366],[-0.083831,51.469365],[-0.083714,51.469382],[-0.083181,51.469441],[-0.082636,51.46948],[-0.082417,51.469492],[-0.082264,51.469489],[-0.08199,51.469501],[-0.081739,51.469506],[-0.081371,51.469503],[-0.081221,51.469498],[-0.081115,51.469492],[-0.080847,51.469482],[-0.080715,51.469474],[-0.080336,51.469446],[-0.080119,51.469426],[-0.079978,51.469411],[-0.079773,51.469388],[-0.079632,51.46937],[-0.079605,51.469365],[-0.079491,51.469338],[-0.079361,51.469302],[-0.079355,51.469299],[-0.079335,51.469281],[-0.079301,51.469243],[-0.079318,51.469303],[-0.07929,51.469389],[-0.078944,51.469337],[-0.078146,51.469207],[-0.078149,51.469202],[-0.078049,51.469188],[-0.078046,51.469192],[-0.077449,51.4691],[-0.077278,51.46907],[-0.077236,51.469068],[-0.077239,51.469043],[-0.077208,51.46906],[-0.07711,51.469058],[-0.077079,51.469035],[-0.07695,51.469033],[-0.076901,51.469029],[-0.07683,51.469015],[-0.076812,51.46901],[-0.07681,51.469008],[-0.076787,51.469006],[-0.07675,51.468998],[-0.076724,51.468995],[-0.076696,51.468993],[-0.076632,51.468992],[-0.076606,51.468994],[-0.076557,51.46899],[-0.076423,51.468966],[-0.076222,51.468947],[-0.076193,51.46895],[-0.076153,51.46895],[-0.076094,51.468947],[-0.076024,51.468937],[-0.075926,51.468919],[-0.075907,51.468914],[-0.075876,51.468901],[-0.075859,51.468886],[-0.075854,51.468876],[-0.075854,51.468872],[-0.075851,51.468869],[-0.075817,51.468725],[-0.075818,51.468713],[-0.075823,51.468703],[-0.075832,51.468693],[-0.075857,51.468678],[-0.075891,51.468662],[-0.075903,51.46866],[-0.076526,51.468417],[-0.076559,51.468406],[-0.076564,51.468406],[-0.076585,51.4684],[-0.076614,51.468396],[-0.076646,51.468397],[-0.076678,51.468402],[-0.07673,51.468406],[-0.076758,51.468402],[-0.076784,51.468388],[-0.076849,51.468361],[-0.076848,51.468357],[-0.076838,51.468341],[-0.076891,51.468327],[-0.076902,51.468344],[-0.076978,51.468331],[-0.077067,51.468311],[-0.077047,51.468284],[-0.077095,51.468269],[-0.077092,51.46826],[-0.076985,51.468307],[-0.076966,51.468319],[-0.076921,51.468321],[-0.077284,51.468148],[-0.077293,51.46814],[-0.077609,51.467959],[-0.077618,51.467948],[-0.077624,51.467919],[-0.077583,51.467896],[-0.077563,51.4679],[-0.077419,51.467901],[-0.077405,51.467897],[-0.077386,51.467898],[-0.077384,51.46789],[-0.076984,51.467912],[-0.076771,51.468062],[-0.076645,51.468144],[-0.076456,51.468253],[-0.076391,51.468286],[-0.0763,51.468326],[-0.076188,51.468371],[-0.07611,51.4684],[-0.07604,51.468422],[-0.07585,51.468476],[-0.075815,51.468484],[-0.075533,51.468558],[-0.075157,51.468658],[-0.074326,51.468754],[-0.074211,51.468763],[-0.073976,51.468773],[-0.073693,51.468781],[-0.073735,51.468916],[-0.073539,51.468926],[-0.073144,51.468957],[-0.072883,51.46898],[-0.072575,51.469013],[-0.072586,51.468945],[-0.07214,51.469051],[-0.072132,51.469039],[-0.072059,51.46905],[-0.07204,51.469051],[-0.071964,51.469064],[-0.07172,51.469101],[-0.071617,51.469119],[-0.071611,51.469107],[-0.071511,51.469131],[-0.07153,51.469162],[-0.071528,51.469163],[-0.071432,51.469181],[-0.071169,51.469235],[-0.070957,51.469285],[-0.070603,51.469372],[-0.070364,51.46944],[-0.070289,51.469459],[-0.069913,51.46958],[-0.069547,51.469691],[-0.069125,51.469802],[-0.068952,51.469845],[-0.068892,51.469858],[-0.068786,51.469885],[-0.068691,51.469907],[-0.068395,51.469962],[-0.0684,51.469969],[-0.068194,51.469997],[-0.06817,51.469966],[-0.068144,51.469928],[-0.068116,51.469892],[-0.06779,51.469933],[-0.06665,51.470071],[-0.066294,51.470094],[-0.066075,51.47011],[-0.065578,51.470141],[-0.065188,51.470159],[-0.065162,51.470162],[-0.064978,51.470173],[-0.064749,51.470183],[-0.064734,51.47007],[-0.064734,51.470056],[-0.064465,51.470083],[-0.064,51.470123],[-0.06394,51.470126],[-0.063928,51.470125],[-0.063913,51.470127],[-0.063905,51.47013],[-0.063876,51.47012],[-0.063872,51.470123],[-0.063686,51.470052],[-0.063671,51.470048],[-0.063664,51.470044],[-0.063655,51.470034],[-0.063627,51.470023],[-0.063624,51.470028],[-0.063287,51.469894],[-0.062826,51.469715],[-0.061774,51.469301],[-0.061312,51.469117],[-0.061321,51.469108],[-0.061291,51.469095],[-0.061282,51.469104],[-0.061053,51.469015],[-0.060802,51.468914],[-0.060874,51.468843],[-0.060806,51.468818],[-0.060718,51.468781],[-0.060631,51.468749],[-0.060164,51.46856],[-0.059664,51.468361],[-0.059581,51.468381],[-0.059542,51.468423],[-0.059332,51.468338],[-0.059314,51.468301],[-0.059245,51.468172],[-0.059232,51.468143],[-0.059221,51.468129],[-0.059209,51.468117],[-0.05919,51.468136],[-0.059156,51.468124],[-0.05917,51.46811],[-0.058974,51.468035],[-0.058977,51.468027],[-0.058985,51.468025],[-0.058979,51.468016],[-0.058944,51.468024],[-0.058838,51.467986],[-0.058552,51.467876],[-0.058468,51.467848],[-0.058222,51.467771],[-0.057901,51.467679],[-0.057211,51.467475],[-0.057088,51.467437],[-0.056579,51.467292],[-0.056447,51.467256],[-0.05594,51.46712],[-0.055358,51.466984],[-0.055043,51.467124],[-0.054627,51.467051],[-0.054781,51.466864],[-0.054126,51.466759],[-0.053614,51.466683],[-0.053587,51.466682],[-0.053503,51.466672],[-0.053381,51.466662],[-0.053122,51.466641],[-0.05301,51.466634],[-0.052757,51.466623],[-0.052547,51.466616],[-0.052314,51.466605],[-0.052144,51.466599],[-0.051795,51.46659],[-0.051788,51.466608],[-0.052077,51.466684],[-0.052062,51.466734],[-0.052019,51.466729],[-0.052026,51.466701],[-0.051779,51.466634],[-0.051718,51.466626],[-0.051714,51.466635],[-0.051708,51.466639],[-0.051693,51.466643],[-0.051683,51.466643],[-0.051671,51.466638],[-0.051668,51.466635],[-0.051667,51.466631],[-0.051652,51.466667],[-0.051629,51.46668],[-0.051608,51.466685],[-0.05159,51.466682],[-0.051585,51.466694],[-0.05141,51.466668],[-0.051415,51.466657],[-0.051166,51.466621],[-0.051222,51.466509],[-0.050689,51.466369],[-0.050622,51.466346],[-0.050582,51.466334],[-0.050528,51.466389],[-0.050427,51.466521],[-0.050126,51.466463],[-0.049767,51.466379],[-0.049182,51.466209],[-0.049088,51.46618],[-0.048904,51.466118],[-0.048745,51.466063],[-0.048644,51.466026],[-0.048513,51.465975],[-0.048223,51.465855],[-0.048177,51.465894],[-0.048504,51.466035],[-0.048677,51.466104],[-0.048885,51.466183],[-0.049193,51.466286],[-0.049331,51.466326],[-0.049471,51.466364],[-0.049836,51.46646],[-0.049958,51.466489],[-0.05022,51.466546],[-0.050357,51.466574],[-0.050606,51.46662],[-0.050812,51.466654],[-0.050574,51.466773],[-0.050682,51.466817],[-0.050728,51.466772],[-0.050784,51.466794],[-0.050795,51.466797],[-0.050954,51.466822],[-0.050955,51.46682],[-0.051027,51.466829],[-0.051026,51.466831],[-0.051091,51.466841],[-0.051115,51.466778],[-0.05131,51.466807],[-0.051318,51.466789],[-0.051352,51.466794],[-0.051526,51.466822],[-0.051517,51.466839],[-0.051535,51.466957],[-0.051564,51.466983],[-0.05164,51.467],[-0.051851,51.467043],[-0.051943,51.46706],[-0.052066,51.467078],[-0.052524,51.467141],[-0.052794,51.46718],[-0.052991,51.467206],[-0.053471,51.467273],[-0.053534,51.467277],[-0.05413,51.467361],[-0.054312,51.467383],[-0.054392,51.467152],[-0.054663,51.467196],[-0.054822,51.467224],[-0.054859,51.467231],[-0.054823,51.467255],[-0.055005,51.467421],[-0.055306,51.467497],[-0.055295,51.467527],[-0.055806,51.467609],[-0.056056,51.467653],[-0.056244,51.467688],[-0.056238,51.467705],[-0.05626,51.46771],[-0.056361,51.467727],[-0.05637,51.467713],[-0.056442,51.467726],[-0.056583,51.467757],[-0.056802,51.46781],[-0.0568,51.467823],[-0.056859,51.467835],[-0.056872,51.467806],[-0.056961,51.467823],[-0.056947,51.467852],[-0.057019,51.467866],[-0.057124,51.467891],[-0.057203,51.467912],[-0.057453,51.467986],[-0.057808,51.468096],[-0.058269,51.468252],[-0.058347,51.46828],[-0.0586,51.468366],[-0.05862,51.468343],[-0.05877,51.468401],[-0.058733,51.468439],[-0.059198,51.468625],[-0.059329,51.468579],[-0.05934,51.468584],[-0.059352,51.468573],[-0.059345,51.46857],[-0.059379,51.468531],[-0.059391,51.468536],[-0.059402,51.468526],[-0.059373,51.468515],[-0.059319,51.468417],[-0.059582,51.468518],[-0.059712,51.468816],[-0.060436,51.469082],[-0.060469,51.46905],[-0.06054,51.468986],[-0.060555,51.468978],[-0.060916,51.469122],[-0.060906,51.469129],[-0.060922,51.469138],[-0.060932,51.469138],[-0.060994,51.469075],[-0.061219,51.469165],[-0.061155,51.469226],[-0.061181,51.469256],[-0.061218,51.46924],[-0.061368,51.4693],[-0.062,51.469547],[-0.062215,51.469633],[-0.062648,51.469801],[-0.062964,51.469926],[-0.063199,51.470021],[-0.063918,51.470303],[-0.063933,51.470349],[-0.063759,51.47037],[-0.06374,51.470314],[-0.063516,51.470292],[-0.063251,51.470342],[-0.062598,51.47047],[-0.062335,51.470534],[-0.062124,51.470589],[-0.061914,51.470646],[-0.061932,51.470662],[-0.06199,51.470639],[-0.062018,51.470665],[-0.061959,51.470689],[-0.062003,51.470727],[-0.061862,51.470767],[-0.061836,51.470773],[-0.06183,51.470768],[-0.061822,51.470772],[-0.061818,51.470765],[-0.061794,51.470771],[-0.061799,51.470778],[-0.061773,51.470782],[-0.06175,51.470782],[-0.06172,51.470778],[-0.061675,51.470766],[-0.061684,51.470763],[-0.061675,51.47075],[-0.061658,51.470754],[-0.061621,51.47073],[-0.061513,51.470782],[-0.061274,51.470848],[-0.06099,51.470924],[-0.060933,51.470937],[-0.060745,51.470975],[-0.060747,51.470979],[-0.06057,51.471011],[-0.060667,51.471171],[-0.060513,51.471234],[-0.060447,51.471116],[-0.059885,51.471378],[-0.059831,51.471404],[-0.059795,51.471424],[-0.05961,51.471518],[-0.05942,51.471621],[-0.059317,51.471681],[-0.059018,51.471863],[-0.058881,51.471949],[-0.058932,51.471977],[-0.058944,51.472076],[-0.058952,51.47208],[-0.058839,51.47216],[-0.058773,51.472041],[-0.05877,51.472038],[-0.058625,51.472137],[-0.058554,51.472189],[-0.058383,51.472323],[-0.058296,51.472395],[-0.058157,51.472514],[-0.058123,51.472545],[-0.057983,51.472665],[-0.057815,51.472824],[-0.057805,51.472823],[-0.05767,51.472966],[-0.057555,51.473081],[-0.057524,51.473114],[-0.057444,51.473215],[-0.057439,51.473227],[-0.05744,51.473245],[-0.05748,51.473342],[-0.057507,51.473342],[-0.057426,51.473437],[-0.057385,51.473482],[-0.057379,51.473483],[-0.057109,51.473859],[-0.057067,51.473849],[-0.056779,51.474288],[-0.056653,51.474503],[-0.056627,51.474497],[-0.056372,51.474922],[-0.056417,51.474932],[-0.056371,51.475003],[-0.05627,51.475166],[-0.056111,51.475438],[-0.055886,51.475835],[-0.055884,51.475835],[-0.05578,51.476007],[-0.055687,51.476157],[-0.055608,51.476279],[-0.055475,51.47649],[-0.055329,51.476726],[-0.055317,51.476742],[-0.055009,51.477239],[-0.055004,51.477258],[-0.054989,51.477282]],[[-0.05137,51.466709],[-0.051415,51.466714],[-0.051396,51.466756],[-0.051352,51.46675],[-0.05137,51.466709]],[[-0.069785,51.469763],[-0.069808,51.469792],[-0.069676,51.469823],[-0.069579,51.469817],[-0.069785,51.469763]],[[-0.05157,51.46678],[-0.051525,51.466773],[-0.051543,51.466728],[-0.051592,51.466733],[-0.051576,51.466767],[-0.051576,51.466771],[-0.05157,51.46678]],[[-0.06667,51.470587],[-0.066433,51.470582],[-0.066129,51.470568],[-0.065955,51.470556],[-0.065792,51.470542],[-0.06564,51.470525],[-0.065284,51.470476],[-0.065091,51.470441],[-0.065105,51.470411],[-0.065218,51.470419],[-0.065345,51.470424],[-0.06548,51.470427],[-0.065663,51.470427],[-0.065949,51.470424],[-0.06595,51.470442],[-0.066029,51.47044],[-0.066029,51.470422],[-0.066324,51.470413],[-0.066514,51.470403],[-0.066927,51.470369],[-0.067141,51.470348],[-0.067371,51.470321],[-0.067599,51.47029],[-0.06792,51.47024],[-0.068045,51.470211],[-0.068154,51.47018],[-0.068189,51.470168],[-0.068216,51.470156],[-0.068245,51.47014],[-0.068277,51.470114],[-0.068275,51.470112],[-0.068306,51.4701],[-0.068359,51.470084],[-0.068655,51.470025],[-0.068858,51.469982],[-0.069161,51.469915],[-0.069161,51.469918],[-0.069143,51.469922],[-0.069161,51.469952],[-0.069207,51.470005],[-0.069273,51.469982],[-0.069293,51.470005],[-0.069255,51.470019],[-0.069291,51.470058],[-0.06933,51.470045],[-0.069355,51.470071],[-0.069287,51.470095],[-0.069326,51.470139],[-0.069303,51.470148],[-0.069198,51.470183],[-0.069086,51.470216],[-0.069006,51.470242],[-0.069026,51.47027],[-0.068879,51.47031],[-0.068625,51.470368],[-0.068417,51.470413],[-0.068234,51.470449],[-0.067965,51.470493],[-0.067863,51.470508],[-0.067701,51.470529],[-0.067582,51.470541],[-0.067466,51.470551],[-0.067301,51.470562],[-0.066903,51.470584],[-0.066781,51.470587],[-0.06667,51.470587]],[[-0.057634,51.473353],[-0.057515,51.473491],[-0.057466,51.473487],[-0.05756,51.473376],[-0.057585,51.473349],[-0.057634,51.473353]],[[-0.063954,51.470392],[-0.063968,51.470435],[-0.063771,51.47046],[-0.063757,51.470416],[-0.063954,51.470392]],[[-0.060685,51.471206],[-0.060699,51.471233],[-0.060544,51.471295],[-0.060532,51.471272],[-0.060685,51.471206]],[[-0.062044,51.470757],[-0.062064,51.470775],[-0.061895,51.470822],[-0.061872,51.470805],[-0.062044,51.470757]]],[[[-0.053479,51.48039],[-0.053475,51.480388],[-0.053466,51.480386],[-0.053475,51.480389],[-0.053479,51.48039]]],[[[-0.053319,51.480709],[-0.053313,51.480708],[-0.053285,51.480771],[-0.053293,51.480773],[-0.053319,51.480709]]],[[[-0.053288,51.480786],[-0.053293,51.480773],[-0.053282,51.480797],[-0.053288,51.480786]]],[[[-0.053105,51.480929],[-0.053111,51.480931],[-0.053128,51.480927],[-0.053147,51.480887],[-0.053164,51.480874],[-0.053261,51.480855],[-0.053256,51.480826],[-0.053282,51.480797],[-0.053278,51.480794],[-0.053249,51.480825],[-0.053254,51.480853],[-0.053159,51.480871],[-0.053141,51.480883],[-0.053107,51.480916],[-0.053099,51.480927],[-0.053106,51.480927],[-0.053105,51.480929]]],[[[-0.053229,51.481042],[-0.053196,51.481152],[-0.05318,51.481153],[-0.053203,51.481153],[-0.053236,51.481043],[-0.053229,51.481042]]],[[[-0.053016,51.484694],[-0.053022,51.48472],[-0.053005,51.484721],[-0.053017,51.484758],[-0.053051,51.484976],[-0.05305,51.485012],[-0.053056,51.485038],[-0.053063,51.485037],[-0.053216,51.485022],[-0.053157,51.484764],[-0.053117,51.484765],[-0.053113,51.48476],[-0.053115,51.484748],[-0.053114,51.484737],[-0.053105,51.484722],[-0.053095,51.484713],[-0.05308,51.484706],[-0.053066,51.484702],[-0.053016,51.484694]]],[[[-0.053168,51.485187],[-0.053196,51.485189],[-0.053199,51.485197],[-0.05323,51.485199],[-0.053252,51.485197],[-0.053359,51.485272],[-0.053368,51.485281],[-0.053393,51.485281],[-0.053301,51.485125],[-0.053296,51.485105],[-0.053079,51.485125],[-0.053086,51.485147],[-0.053097,51.48516],[-0.053115,51.485174],[-0.053133,51.485181],[-0.053143,51.485183],[-0.053168,51.485187]]],[[[-0.053401,51.485296],[-0.053394,51.485297],[-0.053492,51.48546],[-0.0535,51.485479],[-0.053508,51.485478],[-0.0535,51.485461],[-0.053401,51.485296]]],[[[-0.050384,51.487994],[-0.050371,51.488008],[-0.050371,51.488023],[-0.050272,51.488111],[-0.050315,51.488132],[-0.050276,51.488169],[-0.050243,51.488152],[-0.050239,51.488156],[-0.051913,51.489016],[-0.05206,51.489093],[-0.0524,51.489266],[-0.052677,51.489392],[-0.052836,51.489468],[-0.052958,51.489524],[-0.053394,51.489719],[-0.053517,51.489777],[-0.05356,51.489795],[-0.053828,51.489894],[-0.054195,51.490012],[-0.054306,51.490043],[-0.054469,51.490092],[-0.054898,51.490243],[-0.054878,51.49026],[-0.054939,51.490262],[-0.054945,51.490259],[-0.055173,51.490344],[-0.055169,51.490346],[-0.055895,51.490656],[-0.055931,51.490673],[-0.05666,51.490983],[-0.056692,51.490999],[-0.056786,51.491039],[-0.056864,51.49107],[-0.057237,51.49123],[-0.057359,51.491284],[-0.057388,51.491295],[-0.057898,51.491515],[-0.059079,51.492026],[-0.059356,51.492143],[-0.059601,51.491942],[-0.059655,51.491895],[-0.059756,51.491812],[-0.059372,51.491633],[-0.059143,51.491522],[-0.058908,51.491399],[-0.058692,51.491283],[-0.058476,51.491164],[-0.058277,51.491052],[-0.058034,51.490908],[-0.058088,51.490871],[-0.05795,51.490787],[-0.057913,51.490766],[-0.057908,51.490769],[-0.057687,51.490634],[-0.057661,51.490616],[-0.057637,51.490602],[-0.057396,51.490448],[-0.057349,51.490476],[-0.057128,51.490326],[-0.056872,51.490137],[-0.056814,51.490097],[-0.056707,51.490017],[-0.056617,51.489945],[-0.056577,51.489918],[-0.056368,51.489755],[-0.056352,51.489742],[-0.056355,51.489738],[-0.056331,51.489719],[-0.056326,51.489716],[-0.05632,51.489715],[-0.056126,51.489559],[-0.055852,51.489324],[-0.055644,51.489131],[-0.055402,51.488896],[-0.055371,51.488864],[-0.055312,51.488808],[-0.055255,51.488751],[-0.055239,51.488734],[-0.055245,51.488731],[-0.055227,51.488713],[-0.055218,51.488712],[-0.055186,51.488677],[-0.055078,51.488552],[-0.054805,51.488242],[-0.054789,51.488223],[-0.054795,51.488211],[-0.055518,51.488337],[-0.055731,51.488366],[-0.05606,51.488399],[-0.056308,51.488419],[-0.056423,51.488424],[-0.056479,51.488428],[-0.056535,51.48843],[-0.056729,51.48843],[-0.05673,51.488422],[-0.056741,51.488384],[-0.055651,51.48827],[-0.055644,51.488266],[-0.055642,51.48829],[-0.055455,51.488244],[-0.055268,51.48818],[-0.055102,51.488117],[-0.055088,51.488132],[-0.054988,51.488086],[-0.055044,51.488051],[-0.054942,51.487995],[-0.054928,51.487999],[-0.054908,51.488009],[-0.05493,51.488042],[-0.054916,51.48807],[-0.054664,51.48808],[-0.054636,51.488049],[-0.054624,51.488028],[-0.054618,51.487999],[-0.054609,51.487998],[-0.054611,51.487987],[-0.054587,51.487972],[-0.054562,51.487949],[-0.054511,51.487884],[-0.054492,51.487855],[-0.054447,51.487799],[-0.054347,51.48768],[-0.054317,51.487647],[-0.054268,51.487587],[-0.054212,51.48751],[-0.054098,51.487348],[-0.054014,51.487219],[-0.053971,51.48715],[-0.053881,51.486997],[-0.053743,51.486737],[-0.053604,51.486483],[-0.053537,51.486338],[-0.053484,51.486228],[-0.053391,51.486025],[-0.053362,51.485971],[-0.053352,51.485963],[-0.053337,51.485933],[-0.053322,51.485894],[-0.053306,51.485845],[-0.053307,51.485851],[-0.053142,51.485876],[-0.053165,51.485936],[-0.053175,51.48597],[-0.053176,51.485979],[-0.053175,51.485982],[-0.053224,51.48612],[-0.053239,51.48615],[-0.053259,51.486183],[-0.053325,51.486324],[-0.05338,51.486454],[-0.053413,51.486526],[-0.053487,51.486677],[-0.053527,51.486755],[-0.053575,51.486842],[-0.053775,51.487186],[-0.053819,51.487259],[-0.053878,51.487356],[-0.05394,51.487453],[-0.054038,51.487599],[-0.05411,51.487695],[-0.054334,51.488006],[-0.054339,51.48801],[-0.05448,51.488169],[-0.054612,51.488314],[-0.054523,51.488294],[-0.053628,51.488047],[-0.052957,51.487852],[-0.052467,51.4877],[-0.0524,51.487753],[-0.05234,51.487798],[-0.052346,51.487801],[-0.052057,51.487819],[-0.052008,51.487817],[-0.051419,51.487778],[-0.051353,51.487772],[-0.051152,51.4878],[-0.050979,51.48783],[-0.050713,51.487931],[-0.050658,51.487899],[-0.050661,51.487896],[-0.050632,51.48788],[-0.050623,51.487885],[-0.05062,51.487883],[-0.050613,51.487885],[-0.050607,51.487882],[-0.050548,51.487907],[-0.050514,51.487918],[-0.0505,51.48792],[-0.050467,51.487919],[-0.050384,51.487994]],[[-0.052268,51.488446],[-0.052285,51.488452],[-0.052281,51.488459],[-0.05226,51.488457],[-0.052268,51.488446]],[[-0.05368,51.489318],[-0.053534,51.489242],[-0.053593,51.489196],[-0.053074,51.488917],[-0.052866,51.488793],[-0.052549,51.488608],[-0.052476,51.488562],[-0.052368,51.488485],[-0.052395,51.488422],[-0.05269,51.488469],[-0.052999,51.488511],[-0.053161,51.488531],[-0.053432,51.488559],[-0.0537,51.488584],[-0.054017,51.488611],[-0.054005,51.488623],[-0.054409,51.488785],[-0.05448,51.488756],[-0.054498,51.488763],[-0.054506,51.488757],[-0.054543,51.488771],[-0.054752,51.488865],[-0.055039,51.489008],[-0.055191,51.48909],[-0.055368,51.489193],[-0.055596,51.489332],[-0.055754,51.489444],[-0.055961,51.489602],[-0.055968,51.489608],[-0.055965,51.489614],[-0.05599,51.489631],[-0.055998,51.489627],[-0.056187,51.489781],[-0.056185,51.489783],[-0.056451,51.489987],[-0.056865,51.490296],[-0.057081,51.490451],[-0.057223,51.490547],[-0.057155,51.490588],[-0.057022,51.490499],[-0.056892,51.490528],[-0.056716,51.490628],[-0.055846,51.490259],[-0.055345,51.490045],[-0.05535,51.49004],[-0.055334,51.490034],[-0.055329,51.490035],[-0.055298,51.490021],[-0.0553,51.490017],[-0.055279,51.490008],[-0.055272,51.490009],[-0.055051,51.489914],[-0.055055,51.489908],[-0.055034,51.4899],[-0.055027,51.489904],[-0.054993,51.48989],[-0.054997,51.489883],[-0.054978,51.489873],[-0.054972,51.489877],[-0.053752,51.489353],[-0.053703,51.489328],[-0.05368,51.489318]],[[-0.052815,51.488403],[-0.053028,51.488435],[-0.053017,51.488462],[-0.052805,51.488431],[-0.052815,51.488403]],[[-0.055095,51.488832],[-0.055174,51.488905],[-0.055199,51.488931],[-0.055184,51.488931],[-0.055076,51.488871],[-0.055014,51.488839],[-0.054907,51.488786],[-0.054839,51.488755],[-0.055019,51.488754],[-0.055095,51.488832]],[[-0.052592,51.488023],[-0.053142,51.488233],[-0.053072,51.488304],[-0.05289,51.488234],[-0.052841,51.488269],[-0.05269,51.488224],[-0.052737,51.488176],[-0.052522,51.488094],[-0.052592,51.488023]],[[-0.054338,51.488527],[-0.054193,51.488252],[-0.054259,51.488254],[-0.054534,51.488323],[-0.054726,51.488525],[-0.054692,51.488558],[-0.054338,51.488527]]],[[[-0.060544,51.492161],[-0.060354,51.492078],[-0.060371,51.492065],[-0.060315,51.492041],[-0.060301,51.492054],[-0.059772,51.491819],[-0.05967,51.491902],[-0.059373,51.49215],[-0.059543,51.492224],[-0.059766,51.492318],[-0.060308,51.492553],[-0.060311,51.492555],[-0.060283,51.49258],[-0.060608,51.492724],[-0.060896,51.492849],[-0.061102,51.492942],[-0.061132,51.492915],[-0.061728,51.493174],[-0.062354,51.493454],[-0.063464,51.493946],[-0.064102,51.494236],[-0.065214,51.494754],[-0.065219,51.494757],[-0.065213,51.494763],[-0.065263,51.494791],[-0.065274,51.494783],[-0.065627,51.494971],[-0.065616,51.494977],[-0.065643,51.494992],[-0.065652,51.494985],[-0.066045,51.495216],[-0.066037,51.495223],[-0.066062,51.495237],[-0.066068,51.495232],[-0.066241,51.495344],[-0.066368,51.495416],[-0.06682,51.494964],[-0.066604,51.494866],[-0.066629,51.494846],[-0.06659,51.494828],[-0.065204,51.494198],[-0.065183,51.494216],[-0.064878,51.49408],[-0.064871,51.494076],[-0.06488,51.494068],[-0.064838,51.494049],[-0.064829,51.494057],[-0.064783,51.494036],[-0.064797,51.494025],[-0.064662,51.493966],[-0.064367,51.493832],[-0.064272,51.493754],[-0.06423,51.493791],[-0.063829,51.49361],[-0.063438,51.493439],[-0.063253,51.493356],[-0.062215,51.492899],[-0.061126,51.492416],[-0.060744,51.492249],[-0.060695,51.492229],[-0.060544,51.492161]]],[[[-0.063939,51.497621],[-0.063529,51.497677],[-0.063506,51.497686],[-0.063485,51.497698],[-0.063461,51.497719],[-0.06345,51.497734],[-0.063446,51.497742],[-0.06344,51.497768],[-0.063441,51.497778],[-0.063564,51.498142],[-0.064098,51.498068],[-0.063939,51.497621]]],[[[-0.044762,51.45145],[-0.044734,51.451484],[-0.044664,51.451536],[-0.044629,51.451558],[-0.044499,51.451634],[-0.044465,51.451659],[-0.044425,51.451693],[-0.044412,51.451707],[-0.04449,51.451708],[-0.044582,51.451705],[-0.044606,51.451703],[-0.044657,51.451695],[-0.04472,51.451675],[-0.044791,51.451631],[-0.044813,51.451615],[-0.04483,51.451602],[-0.044886,51.451543],[-0.044896,51.451529],[-0.044908,51.451508],[-0.04493,51.451447],[-0.044937,51.451434],[-0.044978,51.451336],[-0.045002,51.451285],[-0.04501,51.451262],[-0.044958,51.451275],[-0.044886,51.451276],[-0.044846,51.451279],[-0.044813,51.451313],[-0.044803,51.451325],[-0.044798,51.451334],[-0.044794,51.451351],[-0.044787,51.45137],[-0.044784,51.451392],[-0.044773,51.451428],[-0.044762,51.45145]]],[[[-0.041707,51.454914],[-0.041919,51.4546],[-0.041973,51.454622],[-0.04248,51.453878],[-0.042378,51.453835],[-0.042342,51.45389],[-0.042117,51.454258],[-0.0417,51.454915],[-0.041707,51.454914]]],[[[-0.041663,51.455013],[-0.041649,51.454996],[-0.041643,51.455004],[-0.041663,51.455013]]],[[[-0.052932,51.482519],[-0.052943,51.482465],[-0.05295,51.482425],[-0.052932,51.482519]]],[[[-0.052938,51.484462],[-0.052944,51.484462],[-0.052938,51.484461],[-0.052938,51.484462]]],[[[-0.046454,51.490717],[-0.046442,51.490717],[-0.046428,51.49041],[-0.046438,51.490407],[-0.046437,51.490349],[-0.046173,51.490349],[-0.045792,51.490209],[-0.045752,51.490215],[-0.045839,51.490507],[-0.045866,51.490648],[-0.045891,51.490792],[-0.045901,51.490839],[-0.045904,51.490864],[-0.045914,51.490908],[-0.045941,51.49098],[-0.045992,51.491253],[-0.046126,51.491373],[-0.046198,51.491407],[-0.04626,51.491568],[-0.046278,51.491594],[-0.04666,51.491527],[-0.046601,51.491391],[-0.046577,51.491319],[-0.046511,51.491086],[-0.046476,51.49093],[-0.046462,51.490845],[-0.046461,51.490811],[-0.046457,51.490771],[-0.046454,51.490717]]],[[[-0.046838,51.492155],[-0.046776,51.492041],[-0.046708,51.491924],[-0.046613,51.4917],[-0.04661,51.491696],[-0.046599,51.491697],[-0.046591,51.491673],[-0.046366,51.491711],[-0.046378,51.491735],[-0.046371,51.491738],[-0.046443,51.491903],[-0.046585,51.492166],[-0.04661,51.492208],[-0.046838,51.492155]]],[[[-0.047487,51.492992],[-0.04744,51.492937],[-0.047313,51.492782],[-0.047186,51.492619],[-0.047161,51.492581],[-0.047077,51.492461],[-0.046941,51.492249],[-0.046675,51.492311],[-0.0467,51.492348],[-0.046788,51.492491],[-0.046907,51.492663],[-0.04702,51.492822],[-0.047144,51.492969],[-0.047175,51.493009],[-0.047241,51.493087],[-0.047188,51.493129],[-0.047434,51.493267],[-0.047727,51.493427],[-0.04782,51.493392],[-0.047888,51.493459],[-0.04798,51.493425],[-0.04799,51.493421],[-0.047993,51.493418],[-0.047991,51.493411],[-0.047981,51.493399],[-0.047993,51.493392],[-0.047993,51.493388],[-0.047988,51.493379],[-0.047966,51.493351],[-0.047976,51.493343],[-0.047977,51.493339],[-0.047961,51.4933],[-0.047949,51.493288],[-0.047879,51.493309],[-0.047793,51.493339],[-0.047487,51.492992]]],[[[-0.048427,51.493945],[-0.048258,51.493873],[-0.048201,51.493843],[-0.048123,51.493798],[-0.047916,51.493688],[-0.047837,51.49364],[-0.047813,51.493649],[-0.04772,51.493677],[-0.047725,51.493685],[-0.047755,51.493706],[-0.047811,51.493755],[-0.047858,51.493802],[-0.047969,51.49394],[-0.048009,51.493987],[-0.048026,51.493982],[-0.04825,51.494257],[-0.04838,51.49445],[-0.048458,51.494573],[-0.048585,51.494776],[-0.048621,51.494845],[-0.048732,51.494818],[-0.048781,51.494808],[-0.048786,51.494817],[-0.048811,51.494811],[-0.048805,51.494802],[-0.048893,51.494782],[-0.048831,51.494674],[-0.048968,51.494629],[-0.048951,51.494608],[-0.04887,51.494632],[-0.048848,51.4946],[-0.048796,51.494615],[-0.048657,51.494407],[-0.048529,51.494222],[-0.048513,51.494201],[-0.048579,51.494142],[-0.048519,51.494116],[-0.048571,51.49407],[-0.048567,51.494068],[-0.04861,51.49403],[-0.048427,51.493945]]],[[[-0.049358,51.497787],[-0.049427,51.49759],[-0.049327,51.497577],[-0.049258,51.497773],[-0.049358,51.497787]]],[[[-0.048498,51.497873],[-0.048483,51.497857],[-0.048394,51.497865],[-0.048409,51.49788],[-0.048498,51.497873]]],[[[-0.048556,51.498038],[-0.048552,51.498021],[-0.048541,51.498004],[-0.04852,51.497985],[-0.048495,51.497971],[-0.048432,51.497904],[-0.048356,51.497909],[-0.048235,51.498129],[-0.048347,51.498122],[-0.048379,51.498129],[-0.048398,51.498131],[-0.04843,51.498131],[-0.048473,51.498124],[-0.048506,51.498112],[-0.048617,51.498105],[-0.048556,51.498038]]],[[[-0.049636,51.497868],[-0.0496,51.497877],[-0.049567,51.49789],[-0.049538,51.497906],[-0.049521,51.49792],[-0.049496,51.497947],[-0.049485,51.497971],[-0.049481,51.497995],[-0.049483,51.498019],[-0.049492,51.498043],[-0.049508,51.498065],[-0.04953,51.498085],[-0.049558,51.498102],[-0.04959,51.498116],[-0.049625,51.498126],[-0.049663,51.498132],[-0.049702,51.498134],[-0.049747,51.498132],[-0.049878,51.498146],[-0.049874,51.498152],[-0.04988,51.49816],[-0.050172,51.498536],[-0.050191,51.49856],[-0.050196,51.498559],[-0.050217,51.498586],[-0.050612,51.498469],[-0.050592,51.498442],[-0.050623,51.498433],[-0.05066,51.498481],[-0.050628,51.498489],[-0.050233,51.498607],[-0.050289,51.49868],[-0.050682,51.498539],[-0.050726,51.498525],[-0.050617,51.498385],[-0.05049,51.498227],[-0.050369,51.49807],[-0.05018,51.49783],[-0.049999,51.497607],[-0.050289,51.497461],[-0.05028,51.497454],[-0.050241,51.497462],[-0.05021,51.497465],[-0.050147,51.497463],[-0.050125,51.497465],[-0.050088,51.497472],[-0.050058,51.497481],[-0.049989,51.497509],[-0.04996,51.497524],[-0.04994,51.49754],[-0.049936,51.497545],[-0.049933,51.497558],[-0.04994,51.497586],[-0.049936,51.4976],[-0.049939,51.497613],[-0.049961,51.49764],[-0.049858,51.497775],[-0.049804,51.497712],[-0.049783,51.497718],[-0.049745,51.497768],[-0.04985,51.497903],[-0.049823,51.497887],[-0.049789,51.497875],[-0.049752,51.497867],[-0.049714,51.497863],[-0.049674,51.497863],[-0.049636,51.497868]]],[[[-0.049398,51.498526],[-0.049504,51.498336],[-0.049407,51.498315],[-0.049301,51.498505],[-0.049398,51.498526]]],[[[-0.051847,51.500544],[-0.051853,51.500532],[-0.051853,51.500527],[-0.051844,51.50052],[-0.051796,51.500544],[-0.051706,51.500431],[-0.051566,51.500475],[-0.051526,51.500485],[-0.051646,51.500635],[-0.051634,51.500642],[-0.051637,51.500648],[-0.051642,51.500653],[-0.051847,51.500544]]],[[[-0.051771,51.500714],[-0.051841,51.500676],[-0.051823,51.500655],[-0.051752,51.500692],[-0.051771,51.500714]]],[[[-0.052259,51.500913],[-0.052254,51.500915],[-0.052237,51.500901],[-0.052166,51.500936],[-0.052251,51.501025],[-0.052237,51.50103],[-0.05212,51.500903],[-0.051942,51.50097],[-0.052111,51.501145],[-0.052106,51.501147],[-0.052155,51.501195],[-0.052158,51.501195],[-0.052189,51.501222],[-0.052318,51.50118],[-0.052445,51.501136],[-0.052402,51.501092],[-0.052385,51.50104],[-0.052388,51.50104],[-0.052259,51.500913]]]]},"properties":{"entry-date":"2025-05-21","entity":7010003532,"name":"Railway Arches","dataset":"article-4-direction-area","typology":"geography","reference":"116","prefix":"article-4-direction-area","organisation-entity":329,"quality":"authoritative","notes":"Conversion of railway arches to residential dwellings is restricted","description":"116","article-4-direction":"116","permitted-development-rights":"None given","in_zone":true,"whole_in_zone":false,"in_cw":false,"organisation":"London Borough of Southwark"}},
{"type":"Feature","geometry":{"type":"MultiPolygon","coordinates":[[[[-0.111183,51.496539],[-0.111174,51.496519],[-0.111417,51.496449],[-0.110948,51.495578],[-0.110932,51.4955],[-0.110854,51.495459],[-0.11078,51.495446],[-0.110694,51.495425],[-0.110572,51.495388],[-0.110451,51.495349],[-0.110334,51.495306],[-0.108579,51.494683],[-0.107122,51.494161],[-0.106869,51.494077],[-0.106603,51.493982],[-0.106315,51.493894],[-0.106203,51.493857],[-0.105809,51.493737],[-0.105538,51.493661],[-0.105217,51.493587],[-0.104894,51.493528],[-0.104853,51.493527],[-0.104845,51.493508],[-0.104808,51.493505],[-0.104755,51.493327],[-0.104674,51.493072],[-0.104641,51.493021],[-0.104626,51.493013],[-0.104519,51.49293],[-0.10441,51.492763],[-0.104375,51.492732],[-0.104164,51.49239],[-0.10408,51.492249],[-0.103855,51.491966],[-0.103725,51.492011],[-0.103704,51.491995],[-0.103687,51.491998],[-0.103642,51.491946],[-0.103547,51.491872],[-0.103477,51.491826],[-0.103312,51.491749],[-0.103348,51.491713],[-0.103047,51.491523],[-0.10337,51.491321],[-0.103283,51.491259],[-0.103138,51.49117],[-0.103166,51.491125],[-0.103226,51.491058],[-0.10324,51.491023],[-0.103663,51.490581],[-0.103774,51.490461],[-0.103245,51.490197],[-0.102602,51.489867],[-0.102176,51.489661],[-0.101525,51.489307],[-0.101325,51.489479],[-0.100689,51.489661],[-0.100083,51.48985],[-0.099496,51.49004],[-0.099126,51.489636],[-0.098841,51.489312],[-0.098619,51.489055],[-0.098315,51.488725],[-0.097763,51.488993],[-0.097212,51.489231],[-0.096467,51.489508],[-0.093433,51.490478],[-0.092486,51.490722],[-0.090737,51.491218],[-0.090619,51.49127],[-0.090336,51.491109],[-0.090151,51.491142],[-0.090102,51.491159],[-0.090027,51.491339],[-0.089976,51.49141],[-0.089238,51.491278],[-0.089153,51.491469],[-0.088919,51.491513],[-0.089034,51.491757],[-0.088605,51.491858],[-0.088231,51.492033],[-0.08726,51.492391],[-0.086607,51.492778],[-0.085289,51.493582],[-0.084893,51.493805],[-0.085167,51.493942],[-0.085238,51.494014],[-0.085142,51.494137],[-0.08508,51.494237],[-0.085016,51.49437],[-0.084824,51.494687],[-0.084234,51.495036],[-0.083843,51.495285],[-0.083448,51.495546],[-0.083074,51.495844],[-0.082932,51.495961],[-0.082756,51.496125],[-0.08258,51.496274],[-0.082405,51.496387],[-0.082214,51.496501],[-0.082006,51.496607],[-0.081793,51.496695],[-0.080855,51.497126],[-0.08036,51.49735],[-0.08021,51.497423],[-0.080015,51.49751],[-0.080009,51.497515],[-0.079951,51.497541],[-0.079865,51.497623],[-0.079851,51.497639],[-0.079766,51.497705],[-0.079289,51.49871],[-0.078939,51.499464],[-0.078569,51.500217],[-0.078331,51.500816],[-0.078124,51.501231],[-0.07607,51.500158],[-0.07473,51.500521],[-0.073449,51.500291],[-0.072765,51.500182],[-0.07277,51.500185],[-0.072457,51.500477],[-0.071722,51.500865],[-0.071551,51.501013],[-0.070655,51.501744],[-0.070399,51.502035],[-0.070402,51.502038],[-0.069216,51.503414],[-0.069251,51.503423],[-0.069552,51.503513],[-0.069842,51.503605],[-0.070413,51.503792],[-0.070554,51.503841],[-0.070695,51.503885],[-0.070798,51.503926],[-0.070912,51.50398],[-0.071311,51.504175],[-0.071422,51.504232],[-0.071615,51.504327],[-0.071745,51.504389],[-0.071871,51.504445],[-0.072013,51.5045],[-0.072271,51.504605],[-0.072475,51.50469],[-0.072536,51.504718],[-0.072799,51.504822],[-0.072872,51.504848],[-0.072936,51.504873],[-0.073309,51.505],[-0.073356,51.505012],[-0.073449,51.505041],[-0.07365,51.5051],[-0.074105,51.505222],[-0.074319,51.505271],[-0.074389,51.505289],[-0.074637,51.505339],[-0.074839,51.505376],[-0.075069,51.505429],[-0.075575,51.505567],[-0.075864,51.505648],[-0.076311,51.505779],[-0.07643,51.505812],[-0.077165,51.506026],[-0.077723,51.506181],[-0.077847,51.506219],[-0.077954,51.506248],[-0.07836,51.506353],[-0.078929,51.506505],[-0.079105,51.50655],[-0.079439,51.506639],[-0.079558,51.506679],[-0.079703,51.506724],[-0.079937,51.506802],[-0.080054,51.506836],[-0.080115,51.506856],[-0.080183,51.506872],[-0.080233,51.506886],[-0.080452,51.506932],[-0.080535,51.506953],[-0.080657,51.506974],[-0.080898,51.507023],[-0.08124,51.507086],[-0.081417,51.507121],[-0.081535,51.507141],[-0.08195,51.507201],[-0.082142,51.507233],[-0.082356,51.507264],[-0.082542,51.507293],[-0.082636,51.507305],[-0.082903,51.507348],[-0.083598,51.507442],[-0.083868,51.507474],[-0.083971,51.507491],[-0.084086,51.507513],[-0.084268,51.507543],[-0.084459,51.507578],[-0.084946,51.507674],[-0.08543,51.507708],[-0.086356,51.507776],[-0.086632,51.507798],[-0.086896,51.507822],[-0.087406,51.507858],[-0.087777,51.507889],[-0.087944,51.507906],[-0.088059,51.50792],[-0.088167,51.50793],[-0.088489,51.507971],[-0.088839,51.50801],[-0.088975,51.508023],[-0.089628,51.508094],[-0.089853,51.50812],[-0.090036,51.508139],[-0.090472,51.50819],[-0.090964,51.508251],[-0.091777,51.508347],[-0.092121,51.50839],[-0.092204,51.508411],[-0.092413,51.50846],[-0.092826,51.508571],[-0.093028,51.508623],[-0.093741,51.508823],[-0.093869,51.508861],[-0.093999,51.508897],[-0.094136,51.508929],[-0.095335,51.509197],[-0.095682,51.509271],[-0.095847,51.509302],[-0.096169,51.509354],[-0.096638,51.509421],[-0.096967,51.509462],[-0.097294,51.509495],[-0.097786,51.509542],[-0.098593,51.509612],[-0.099091,51.509651],[-0.099224,51.509659],[-0.099274,51.509665],[-0.099393,51.509675],[-0.101097,51.50979],[-0.101209,51.509795],[-0.10243,51.509817],[-0.102682,51.509823],[-0.103274,51.509843],[-0.103621,51.509857],[-0.104145,51.509869],[-0.10416,51.509868],[-0.104168,51.509652],[-0.104115,51.509651],[-0.10407,51.509639],[-0.104045,51.509623],[-0.104075,51.509607],[-0.104135,51.509592],[-0.104174,51.509592],[-0.10418,51.50912],[-0.104131,51.509111],[-0.104089,51.509097],[-0.10408,51.509085],[-0.104092,51.509074],[-0.104124,51.509064],[-0.104164,51.509059],[-0.104184,51.509059],[-0.104184,51.508922],[-0.104198,51.508632],[-0.104169,51.508631],[-0.104168,51.50861],[-0.104144,51.508598],[-0.104147,51.508545],[-0.104179,51.508535],[-0.104176,51.508519],[-0.1042,51.508519],[-0.104206,51.508421],[-0.104468,51.508415],[-0.104684,51.508405],[-0.104678,51.508525],[-0.104696,51.508525],[-0.104696,51.508543],[-0.10472,51.508557],[-0.104717,51.508604],[-0.104699,51.508616],[-0.104698,51.508634],[-0.104673,51.508634],[-0.104662,51.50889],[-0.104652,51.50907],[-0.104665,51.50907],[-0.104713,51.509078],[-0.104742,51.509089],[-0.104763,51.5091],[-0.10475,51.509107],[-0.104709,51.50912],[-0.104671,51.509127],[-0.104655,51.509128],[-0.104634,51.5096],[-0.104669,51.509602],[-0.10471,51.50961],[-0.104725,51.509615],[-0.104753,51.50963],[-0.104718,51.509649],[-0.104689,51.509657],[-0.104673,51.509659],[-0.104634,51.50966],[-0.104625,51.509869],[-0.1055,51.50988],[-0.105986,51.509889],[-0.10682,51.509909],[-0.108195,51.509894],[-0.108469,51.509893],[-0.108827,51.509889],[-0.109174,51.509874],[-0.108964,51.508748],[-0.108959,51.508698],[-0.108909,51.508439],[-0.10889,51.508316],[-0.108883,51.508294],[-0.108865,51.50822],[-0.108851,51.508176],[-0.108785,51.507986],[-0.108732,51.507819],[-0.108713,51.507765],[-0.108618,51.507794],[-0.108592,51.507794],[-0.108514,51.507642],[-0.108422,51.507456],[-0.108334,51.507245],[-0.108268,51.50706],[-0.108213,51.506977],[-0.108165,51.506922],[-0.108128,51.506933],[-0.108066,51.506948],[-0.10795,51.50697],[-0.107505,51.507047],[-0.107339,51.507072],[-0.107184,51.50671],[-0.107001,51.506259],[-0.106683,51.505513],[-0.106583,51.505297],[-0.106522,51.50516],[-0.106483,51.505053],[-0.10644,51.50492],[-0.106399,51.50476],[-0.106401,51.504697],[-0.106411,51.504668],[-0.106444,51.504551],[-0.106456,51.50452],[-0.10647,51.504489],[-0.106487,51.504458],[-0.106522,51.504401],[-0.106555,51.504338],[-0.106573,51.504308],[-0.106589,51.504277],[-0.106598,51.504253],[-0.10661,51.504199],[-0.106611,51.504136],[-0.106603,51.504047],[-0.106588,51.503944],[-0.10658,51.503896],[-0.106547,51.503739],[-0.106529,51.503642],[-0.10643,51.503414],[-0.106403,51.503366],[-0.106579,51.503299],[-0.106936,51.503178],[-0.107393,51.503035],[-0.106787,51.502245],[-0.106758,51.50221],[-0.106463,51.502369],[-0.106218,51.502497],[-0.106078,51.502524],[-0.106066,51.50249],[-0.106031,51.502333],[-0.106006,51.502242],[-0.105989,51.502199],[-0.106104,51.502113],[-0.106044,51.502089],[-0.105917,51.502033],[-0.106093,51.501895],[-0.106154,51.50182],[-0.106181,51.501799],[-0.106182,51.501795],[-0.106474,51.501571],[-0.106592,51.501627],[-0.10662,51.501638],[-0.1067,51.501657],[-0.106815,51.501569],[-0.107605,51.500975],[-0.108164,51.500549],[-0.108199,51.500519],[-0.108217,51.500501],[-0.10825,51.500464],[-0.108308,51.500385],[-0.108453,51.500149],[-0.108652,51.499809],[-0.109047,51.499186],[-0.109066,51.499158],[-0.109505,51.498427],[-0.109523,51.498386],[-0.109531,51.498355],[-0.109561,51.498266],[-0.109589,51.498195],[-0.109602,51.498164],[-0.109639,51.498088],[-0.110324,51.496869],[-0.110257,51.496763],[-0.110681,51.496669],[-0.11087,51.496624],[-0.110975,51.496597],[-0.111183,51.496539]]]]},"properties":{"entry-date":"2025-05-21","entity":7010003536,"name":"Central Activities Zone","dataset":"article-4-direction-area","typology":"geography","reference":"120","prefix":"article-4-direction-area","organisation-entity":329,"quality":"authoritative","notes":"Change of use from Class E to residential is restricted","description":"120","article-4-direction":"120","permitted-development-rights":"None given","in_zone":true,"whole_in_zone":false,"in_cw":false,"organisation":"London Borough of Southwark"}},
{"type":"Feature","geometry":{"type":"MultiPolygon","coordinates":[[[[-0.05014,51.48827],[-0.050163,51.488323],[-0.050145,51.488338],[-0.051746,51.489006],[-0.05357,51.489855],[-0.05502,51.490408],[-0.055111,51.490463],[-0.055671,51.490701],[-0.056227,51.490934],[-0.056936,51.491236],[-0.057199,51.491343],[-0.057301,51.491391],[-0.058437,51.491881],[-0.05936,51.492285],[-0.059349,51.492295],[-0.059546,51.492373],[-0.059775,51.492329],[-0.061236,51.492959],[-0.062543,51.49354],[-0.06405,51.494214],[-0.065354,51.494849],[-0.065579,51.494927],[-0.0652,51.494203],[-0.064673,51.493993],[-0.063122,51.493299],[-0.06168,51.492663],[-0.060501,51.492148],[-0.060296,51.492066],[-0.060624,51.491863],[-0.06059,51.491803],[-0.060605,51.491798],[-0.060544,51.491723],[-0.059789,51.490411],[-0.059658,51.490426],[-0.059564,51.490331],[-0.058195,51.490841],[-0.058061,51.490885],[-0.056974,51.490137],[-0.056354,51.489699],[-0.056321,51.489719],[-0.056115,51.489557],[-0.056716,51.489249],[-0.056924,51.489131],[-0.057435,51.488741],[-0.057631,51.488602],[-0.057406,51.488564],[-0.056891,51.488492],[-0.056655,51.488497],[-0.056074,51.488459],[-0.055443,51.488393],[-0.05532,51.488331],[-0.054829,51.488247],[-0.054476,51.488161],[-0.053843,51.488026],[-0.0534,51.487909],[-0.052522,51.487656],[-0.052466,51.487714],[-0.052372,51.487793],[-0.052056,51.487828],[-0.051655,51.487809],[-0.051357,51.487782],[-0.051164,51.487807],[-0.050983,51.487839],[-0.050931,51.487863],[-0.050715,51.487939],[-0.050628,51.487894],[-0.050527,51.487929],[-0.050474,51.487933],[-0.050382,51.488019],[-0.050382,51.488033],[-0.050286,51.48812],[-0.050319,51.488142],[-0.050289,51.488176],[-0.05028,51.488178],[-0.050261,51.488169],[-0.050244,51.488164],[-0.050177,51.488228],[-0.05014,51.48827]]]]},"properties":{"entry-date":"2025-05-21","entity":7010003537,"name":"SPIL2: Galleywall and Bermondsey Trading Estates, Bermondsey railway arches and Rotherhithe Business Estate","dataset":"article-4-direction-area","typology":"geography","reference":"121","prefix":"article-4-direction-area","organisation-entity":329,"quality":"authoritative","notes":"Change of use from Class E to residential is restricted","description":"121","article-4-direction":"121","permitted-development-rights":"None given","in_zone":true,"whole_in_zone":true,"in_cw":false,"organisation":"London Borough of Southwark"}},
{"type":"Feature","geometry":{"type":"MultiPolygon","coordinates":[[[[-0.054777,51.483447],[-0.054751,51.484466],[-0.055131,51.484479],[-0.055104,51.484631],[-0.058093,51.484822],[-0.0584,51.484834],[-0.058384,51.485033],[-0.058437,51.485232],[-0.059403,51.48515],[-0.059757,51.485123],[-0.060183,51.485096],[-0.060181,51.485084],[-0.060416,51.48509],[-0.060646,51.485091],[-0.060621,51.484868],[-0.060618,51.484717],[-0.060605,51.484713],[-0.060617,51.48469],[-0.060662,51.484685],[-0.060777,51.48468],[-0.06084,51.484663],[-0.060896,51.484643],[-0.06094,51.484623],[-0.060979,51.484595],[-0.061024,51.484557],[-0.061118,51.484474],[-0.061205,51.484394],[-0.061285,51.484328],[-0.061317,51.484298],[-0.061362,51.484261],[-0.060706,51.484283],[-0.0607,51.484222],[-0.06077,51.483412],[-0.059742,51.48335],[-0.058964,51.483331],[-0.059014,51.482827],[-0.059038,51.48264],[-0.059048,51.482571],[-0.059132,51.482091],[-0.059105,51.481955],[-0.059046,51.481878],[-0.058965,51.481826],[-0.058874,51.481793],[-0.058779,51.481769],[-0.058658,51.481746],[-0.05855,51.481683],[-0.058536,51.481652],[-0.05875,51.481414],[-0.058355,51.481261],[-0.057992,51.481592],[-0.056559,51.481349],[-0.056297,51.481307],[-0.056259,51.481664],[-0.056195,51.481662],[-0.0562,51.481677],[-0.05617,51.481676],[-0.056172,51.481685],[-0.056139,51.481686],[-0.056126,51.481857],[-0.055736,51.481837],[-0.055667,51.482778],[-0.05565,51.483465],[-0.054777,51.483447]]]]},"properties":{"entry-date":"2025-05-21","entity":7010003538,"name":"SPIL4: Integrated Waste Management Facility, Electricity Substation and Ormside Street","dataset":"article-4-direction-area","typology":"geography","reference":"122","prefix":"article-4-direction-area","organisation-entity":329,"quality":"authoritative","notes":"Change of use from Class E to residential is restricted","description":"122","article-4-direction":"122","permitted-development-rights":"None given","in_zone":true,"whole_in_zone":true,"in_cw":false,"organisation":"London Borough of Southwark"}},
{"type":"Feature","geometry":{"type":"MultiPolygon","coordinates":[[[[-0.071355,51.485196],[-0.071866,51.485216],[-0.071899,51.485179],[-0.071977,51.484647],[-0.071945,51.484644],[-0.072005,51.48424],[-0.072418,51.484155],[-0.072365,51.48401],[-0.072305,51.483914],[-0.072267,51.483915],[-0.07224,51.48381],[-0.072496,51.48376],[-0.072465,51.483659],[-0.072159,51.48294],[-0.071431,51.483028],[-0.071355,51.485196]]]]},"properties":{"entry-date":"2025-05-21","entity":7010003539,"name":"SPIL5: Glengall Road Business Centre","dataset":"article-4-direction-area","typology":"geography","reference":"123","prefix":"article-4-direction-area","organisation-entity":329,"quality":"authoritative","notes":"Change of use from Class E to residential is restricted","description":"123","article-4-direction":"123","permitted-development-rights":"None given","in_zone":true,"whole_in_zone":true,"in_cw":false,"organisation":"London Borough of Southwark"}},
{"type":"Feature","geometry":{"type":"MultiPolygon","coordinates":[[[[-0.065188,51.494198],[-0.065825,51.495382],[-0.066227,51.495341],[-0.066393,51.495441],[-0.065855,51.495498],[-0.06589,51.495747],[-0.066499,51.495692],[-0.066711,51.49613],[-0.066848,51.496099],[-0.067532,51.495977],[-0.068579,51.496329],[-0.069475,51.496206],[-0.068204,51.495596],[-0.067978,51.495462],[-0.067531,51.495234],[-0.066074,51.494598],[-0.065188,51.494198]]]]},"properties":{"entry-date":"2025-05-21","entity":7010003540,"name":"SPIL1: Discovery Business Park","dataset":"article-4-direction-area","typology":"geography","reference":"124","prefix":"article-4-direction-area","organisation-entity":329,"quality":"authoritative","notes":"Change of use from Class E to residential is restricted","description":"124","article-4-direction":"124","permitted-development-rights":"None given","in_zone":true,"whole_in_zone":true,"in_cw":false,"organisation":"London Borough of Southwark"}},
{"type":"Feature","geometry":{"type":"MultiPolygon","coordinates":[[[[-0.060147,51.489809],[-0.060274,51.489772],[-0.061087,51.489472],[-0.060496,51.488972],[-0.05946,51.488984],[-0.059311,51.489158],[-0.059417,51.489238],[-0.060147,51.489809]]]]},"properties":{"entry-date":"2025-05-21","entity":7010003541,"name":"SPIL3: Admiral Hyson Trading Estate","dataset":"article-4-direction-area","typology":"geography","reference":"125","prefix":"article-4-direction-area","organisation-entity":329,"quality":"authoritative","notes":"Change of use from Class E to residential is restricted","description":"125","article-4-direction":"125","permitted-development-rights":"None given","in_zone":true,"whole_in_zone":true,"in_cw":false,"organisation":"London Borough of Southwark"}},
{"type":"Feature","geometry":{"type":"MultiPolygon","coordinates":[[[[-0.068573,51.496329],[-0.06857,51.496333],[-0.068579,51.496332],[-0.068573,51.496329]]],[[[-0.069925,51.496177],[-0.069844,51.496152],[-0.068579,51.496332],[-0.068671,51.496375],[-0.068801,51.49664],[-0.069459,51.496695],[-0.069606,51.496765],[-0.069862,51.496881],[-0.069766,51.497087],[-0.069884,51.497114],[-0.069971,51.497143],[-0.070062,51.497188],[-0.070106,51.497216],[-0.070226,51.497286],[-0.070359,51.497385],[-0.070633,51.497723],[-0.070626,51.497736],[-0.070741,51.497891],[-0.07098,51.497822],[-0.070956,51.49779],[-0.072063,51.497474],[-0.071797,51.49734],[-0.071264,51.497077],[-0.07126,51.497013],[-0.071197,51.496936],[-0.071056,51.496838],[-0.070286,51.496489],[-0.070082,51.496395],[-0.070031,51.496331],[-0.069925,51.496177]]]]},"properties":{"entry-date":"2025-05-21","entity":7010003542,"name":"SPIL6: Old Jamaica Road Business Estate","dataset":"article-4-direction-area","typology":"geography","reference":"126","prefix":"article-4-direction-area","organisation-entity":329,"quality":"authoritative","notes":"Change of use from Class E to residential is restricted","description":"126","article-4-direction":"126","permitted-development-rights":"None given","in_zone":true,"whole_in_zone":true,"in_cw":false,"organisation":"London Borough of Southwark"}},
{"type":"Feature","geometry":{"type":"MultiPolygon","coordinates":[[[[-0.092063,51.483914],[-0.092138,51.48392],[-0.092118,51.483821],[-0.092063,51.483515],[-0.091993,51.483214],[-0.09186,51.482597],[-0.090871,51.482747],[-0.090067,51.482867],[-0.089787,51.482917],[-0.088622,51.483264],[-0.088063,51.483452],[-0.088347,51.483839],[-0.088744,51.48451],[-0.089307,51.484341],[-0.090116,51.484208],[-0.090944,51.484105],[-0.091526,51.4841],[-0.091498,51.48405],[-0.092056,51.484096],[-0.092063,51.483914]]]]},"properties":{"entry-date":"2025-05-21","entity":7010003543,"name":"Site allocation NSP01: Aylesbury Phase 1","dataset":"article-4-direction-area","typology":"geography","reference":"127","prefix":"article-4-direction-area","organisation-entity":329,"quality":"authoritative","notes":"Change of use from Class E to residential is restricted","description":"127","article-4-direction":"127","permitted-development-rights":"None given","in_zone":true,"whole_in_zone":true,"in_cw":false,"organisation":"London Borough of Southwark"}},
{"type":"Feature","geometry":{"type":"MultiPolygon","coordinates":[[[[-0.088608,51.484434],[-0.087938,51.483448],[-0.082693,51.485105],[-0.082626,51.485166],[-0.082577,51.485269],[-0.082591,51.485343],[-0.085176,51.487502],[-0.086077,51.487054],[-0.08652,51.487446],[-0.086626,51.487394],[-0.086637,51.487367],[-0.086631,51.487286],[-0.086705,51.487173],[-0.087016,51.486999],[-0.087132,51.486947],[-0.087308,51.48689],[-0.088018,51.486557],[-0.088838,51.486205],[-0.089448,51.486048],[-0.089068,51.485281],[-0.088232,51.48565],[-0.087641,51.485899],[-0.086769,51.485169],[-0.087873,51.484771],[-0.088679,51.48453],[-0.088608,51.484434]]]]},"properties":{"entry-date":"2025-05-21","entity":7010003544,"name":"Site allocation NSP01: Aylesbury Phase 4a-c","dataset":"article-4-direction-area","typology":"geography","reference":"128","prefix":"article-4-direction-area","organisation-entity":329,"quality":"authoritative","notes":"Change of use from Class E to residential is restricted","description":"128","article-4-direction":"128","permitted-development-rights":"None given","in_zone":true,"whole_in_zone":true,"in_cw":false,"organisation":"London Borough of Southwark"}},
{"type":"Feature","geometry":{"type":"MultiPolygon","coordinates":[[[[-0.085681,51.48789],[-0.085997,51.487736],[-0.08653,51.487463],[-0.086077,51.487054],[-0.085181,51.4875],[-0.085681,51.48789]]]]},"properties":{"entry-date":"2025-05-21","entity":7010003545,"name":"Site allocation NSP01: Aylesbury Plot 18","dataset":"article-4-direction-area","typology":"geography","reference":"129","prefix":"article-4-direction-area","organisation-entity":329,"quality":"authoritative","notes":"Change of use from Class E to residential is restricted","description":"129","article-4-direction":"129","permitted-development-rights":"None given","in_zone":true,"whole_in_zone":true,"in_cw":false,"organisation":"London Borough of Southwark"}},
{"type":"Feature","geometry":{"type":"MultiPolygon","coordinates":[[[[-0.086514,51.489249],[-0.085861,51.488492],[-0.084912,51.488907],[-0.084862,51.488903],[-0.084748,51.488821],[-0.084327,51.489002],[-0.084927,51.489641],[-0.085793,51.489472],[-0.086514,51.489249]]]]},"properties":{"entry-date":"2025-05-21","entity":7010003546,"name":"Site allocation NSP01: Aylesbury Site 7","dataset":"article-4-direction-area","typology":"geography","reference":"130","prefix":"article-4-direction-area","organisation-entity":329,"quality":"authoritative","notes":"Change of use from Class E to residential is restricted","description":"130","article-4-direction":"130","permitted-development-rights":"None given","in_zone":true,"whole_in_zone":true,"in_cw":false,"organisation":"London Borough of Southwark"}},
{"type":"Feature","geometry":{"type":"MultiPolygon","coordinates":[[[[-0.083634,51.488209],[-0.085032,51.487547],[-0.084176,51.486832],[-0.082239,51.485274],[-0.081973,51.485334],[-0.080638,51.485785],[-0.080976,51.486171],[-0.08057,51.4863],[-0.081202,51.486815],[-0.081632,51.487218],[-0.082126,51.487047],[-0.082176,51.487086],[-0.082652,51.486865],[-0.083634,51.488209]]]]},"properties":{"entry-date":"2025-05-21","entity":7010003547,"name":"Site allocation NSP01: Aylesbury Phase 2","dataset":"article-4-direction-area","typology":"geography","reference":"131","prefix":"article-4-direction-area","organisation-entity":329,"quality":"authoritative","notes":"Change of use from Class E to residential is restricted","description":"131","article-4-direction":"131","permitted-development-rights":"None given","in_zone":true,"whole_in_zone":true,"in_cw":false,"organisation":"London Borough of Southwark"}},
{"type":"Feature","geometry":{"type":"MultiPolygon","coordinates":[[[[-0.085681,51.48789],[-0.085906,51.488114],[-0.086019,51.488427],[-0.086144,51.488623],[-0.086593,51.489138],[-0.086838,51.489497],[-0.088968,51.489543],[-0.088886,51.489348],[-0.08872,51.489158],[-0.087878,51.488528],[-0.08653,51.487463],[-0.085997,51.487736],[-0.085681,51.48789]]]]},"properties":{"entry-date":"2025-05-21","entity":7010003548,"name":"Site allocation NSP01: Aylesbury Phase 3","dataset":"article-4-direction-area","typology":"geography","reference":"132","prefix":"article-4-direction-area","organisation-entity":329,"quality":"authoritative","notes":"Change of use from Class E to residential is restricted","description":"132","article-4-direction":"132","permitted-development-rights":"None given","in_zone":true,"whole_in_zone":true,"in_cw":false,"organisation":"London Borough of Southwark"}},
{"type":"Feature","geometry":{"type":"MultiPolygon","coordinates":[[[[-0.085865,51.488494],[-0.085788,51.488209],[-0.085647,51.488006],[-0.085365,51.48781],[-0.085096,51.487591],[-0.085032,51.487547],[-0.083634,51.488209],[-0.084171,51.4887],[-0.084104,51.488727],[-0.08432,51.488997],[-0.084748,51.488821],[-0.084862,51.488903],[-0.085865,51.488494]]]]},"properties":{"entry-date":"2025-05-21","entity":7010003549,"name":"Site allocation NSP01: Aylesbury Phase 2","dataset":"article-4-direction-area","typology":"geography","reference":"133","prefix":"article-4-direction-area","organisation-entity":329,"quality":"authoritative","notes":"Change of use from Class E to residential is restricted","description":"133","article-4-direction":"133","permitted-development-rights":"None given","in_zone":true,"whole_in_zone":true,"in_cw":false,"organisation":"London Borough of Southwark"}},
{"type":"Feature","geometry":{"type":"MultiPolygon","coordinates":[[[[-0.092056,51.484096],[-0.093129,51.484275],[-0.093799,51.48308],[-0.093326,51.483134],[-0.093272,51.483044],[-0.092705,51.483087],[-0.09264,51.482511],[-0.09186,51.482597],[-0.092138,51.48392],[-0.092063,51.483914],[-0.092056,51.484096]]]]},"properties":{"entry-date":"2025-05-21","entity":7010003550,"name":"Site allocation NSP01: Aylesbury Phase 1 Site 1a","dataset":"article-4-direction-area","typology":"geography","reference":"134","prefix":"article-4-direction-area","organisation-entity":329,"quality":"authoritative","notes":"Change of use from Class E to residential is restricted","description":"134","article-4-direction":"134","permitted-development-rights":"None given","in_zone":true,"whole_in_zone":true,"in_cw":false,"organisation":"London Borough of Southwark"}},
{"type":"Feature","geometry":{"type":"MultiPolygon","coordinates":[[[[-0.048738,51.502498],[-0.048972,51.502358],[-0.048724,51.502182],[-0.048622,51.502026],[-0.048583,51.501969],[-0.048484,51.501802],[-0.048191,51.501885],[-0.047777,51.501999],[-0.047364,51.502116],[-0.04747,51.502421],[-0.047417,51.502645],[-0.04738,51.502833],[-0.047631,51.503182],[-0.047854,51.503052],[-0.047952,51.502987],[-0.048662,51.502566],[-0.048738,51.502498]]]]},"properties":{"entry-date":"2025-05-21","entity":7010003558,"name":"Site allocation NSP78: Rotherhite Gasometer","dataset":"article-4-direction-area","typology":"geography","reference":"142","prefix":"article-4-direction-area","organisation-entity":329,"quality":"authoritative","notes":"Change of use from Class E to residential is restricted","description":"142","article-4-direction":"142","permitted-development-rights":"None given","in_zone":true,"whole_in_zone":true,"in_cw":false,"organisation":"London Borough of Southwark"}},
{"type":"Feature","geometry":{"type":"MultiPolygon","coordinates":[[[[-0.091427,51.477956],[-0.090645,51.478024],[-0.09069,51.478242],[-0.090873,51.478227],[-0.090896,51.478358],[-0.091124,51.478331],[-0.091139,51.478379],[-0.09139,51.478363],[-0.091589,51.478353],[-0.091856,51.47833],[-0.091805,51.478113],[-0.091763,51.477926],[-0.091427,51.477956]]]]},"properties":{"entry-date":"2025-05-21","entity":7010003565,"name":"Site allocation NSP32: 49 Lomond Grove","dataset":"article-4-direction-area","typology":"geography","reference":"149","prefix":"article-4-direction-area","organisation-entity":329,"quality":"authoritative","notes":"Change of use from Class E to residential is restricted","description":"149","article-4-direction":"149","permitted-development-rights":"None given","in_zone":true,"whole_in_zone":true,"in_cw":false,"organisation":"London Borough of Southwark"}},
{"type":"Feature","geometry":{"type":"MultiPolygon","coordinates":[[[[-0.091089,51.477307],[-0.090534,51.477357],[-0.090576,51.477544],[-0.091637,51.477449],[-0.091602,51.477292],[-0.091554,51.477118],[-0.091057,51.477177],[-0.091089,51.477307]]]]},"properties":{"entry-date":"2025-05-21","entity":7010003566,"name":"Site allocation NSP33: 99 Lomond Grove","dataset":"article-4-direction-area","typology":"geography","reference":"150","prefix":"article-4-direction-area","organisation-entity":329,"quality":"authoritative","notes":"Change of use from Class E to residential is restricted","description":"150","article-4-direction":"150","permitted-development-rights":"None given","in_zone":true,"whole_in_zone":true,"in_cw":false,"organisation":"London Borough of Southwark"}},
{"type":"Feature","geometry":{"type":"MultiPolygon","coordinates":[[[[-0.095284,51.485666],[-0.095052,51.485703],[-0.095042,51.485705],[-0.095045,51.485715],[-0.095025,51.485716],[-0.094968,51.485581],[-0.094962,51.485565],[-0.094964,51.485564],[-0.094933,51.485483],[-0.094757,51.485509],[-0.094756,51.485507],[-0.094576,51.485535],[-0.094563,51.485526],[-0.094191,51.485587],[-0.094449,51.485974],[-0.09452,51.485997],[-0.094674,51.485968],[-0.095093,51.485879],[-0.095343,51.485823],[-0.095284,51.485666]]]]},"properties":{"entry-date":"2025-05-21","entity":7010003568,"name":"Site allocation NSP84: 330-344 Walworth Road","dataset":"article-4-direction-area","typology":"geography","reference":"152","prefix":"article-4-direction-area","organisation-entity":329,"quality":"authoritative","notes":"Change of use from Class E to residential is restricted","description":"152","article-4-direction":"152","permitted-development-rights":"None given","in_zone":true,"whole_in_zone":false,"in_cw":false,"organisation":"London Borough of Southwark"}},
{"type":"Feature","geometry":{"type":"MultiPolygon","coordinates":[[[[-0.094443,51.480057],[-0.094461,51.480205],[-0.094487,51.480493],[-0.095356,51.480442],[-0.095355,51.480394],[-0.095346,51.480247],[-0.095329,51.480015],[-0.094443,51.480057]]]]},"properties":{"entry-date":"2025-05-21","entity":7010003574,"name":"Site allocation NSP31: Iceland, 118-132 Camberwell Road","dataset":"article-4-direction-area","typology":"geography","reference":"158","prefix":"article-4-direction-area","organisation-entity":329,"quality":"authoritative","notes":"Change of use from Class E to residential is restricted","description":"158","article-4-direction":"158","permitted-development-rights":"None given","in_zone":true,"whole_in_zone":false,"in_cw":false,"organisation":"London Borough of Southwark"}},
{"type":"Feature","geometry":{"type":"MultiPolygon","coordinates":[[[[-0.08848,51.480594],[-0.088587,51.480623],[-0.088714,51.480448],[-0.088561,51.480403],[-0.08863,51.480303],[-0.088554,51.480282],[-0.088485,51.480381],[-0.088393,51.480359],[-0.088052,51.480684],[-0.087743,51.480526],[-0.087645,51.480472],[-0.087702,51.480417],[-0.088003,51.480116],[-0.087916,51.480065],[-0.087878,51.480052],[-0.087827,51.480023],[-0.087969,51.479926],[-0.087903,51.479889],[-0.087577,51.479695],[-0.087377,51.479545],[-0.087336,51.47952],[-0.087142,51.479372],[-0.087058,51.479299],[-0.087088,51.479283],[-0.087042,51.47925],[-0.086939,51.47926],[-0.086767,51.479346],[-0.086753,51.479346],[-0.086634,51.479219],[-0.086407,51.479298],[-0.086214,51.479084],[-0.086187,51.479096],[-0.085973,51.479173],[-0.085995,51.4792],[-0.085533,51.479362],[-0.085504,51.479388],[-0.085495,51.479789],[-0.085495,51.479894],[-0.085539,51.480345],[-0.085501,51.480541],[-0.085514,51.480731],[-0.085533,51.480915],[-0.085537,51.480982],[-0.085555,51.481071],[-0.085652,51.481303],[-0.085742,51.4813],[-0.085982,51.481452],[-0.086203,51.481461],[-0.086255,51.48146],[-0.086255,51.481466],[-0.086495,51.481455],[-0.086761,51.481447],[-0.087051,51.481435],[-0.087373,51.481418],[-0.087479,51.481375],[-0.087698,51.481191],[-0.087982,51.480978],[-0.088182,51.480833],[-0.08848,51.480594]]]]},"properties":{"entry-date":"2025-05-21","entity":7010003576,"name":"Site allocation NSP25: Burgess Business Park","dataset":"article-4-direction-area","typology":"geography","reference":"160","prefix":"article-4-direction-area","organisation-entity":329,"quality":"authoritative","notes":"Change of use from Class E to residential is restricted","description":"160","article-4-direction":"160","permitted-development-rights":"None given","in_zone":true,"whole_in_zone":true,"in_cw":false,"organisation":"London Borough of Southwark"}},
{"type":"Feature","geometry":{"type":"MultiPolygon","coordinates":[[[[-0.094316,51.474374],[-0.094321,51.474399],[-0.094452,51.474452],[-0.094456,51.474448],[-0.094539,51.474483],[-0.094985,51.474417],[-0.095121,51.47439],[-0.095864,51.474865],[-0.095989,51.474723],[-0.096013,51.474689],[-0.096067,51.474622],[-0.096072,51.474612],[-0.096342,51.474286],[-0.096393,51.474243],[-0.096414,51.474199],[-0.096466,51.474134],[-0.096421,51.474124],[-0.096386,51.474112],[-0.0963,51.474057],[-0.096088,51.473914],[-0.09647,51.473689],[-0.096738,51.473529],[-0.097127,51.473705],[-0.097147,51.47365],[-0.097242,51.473598],[-0.097345,51.473498],[-0.097542,51.47338],[-0.097679,51.473307],[-0.097687,51.473292],[-0.097759,51.473254],[-0.097718,51.473225],[-0.09766,51.473189],[-0.097648,51.473194],[-0.097549,51.473127],[-0.097344,51.472977],[-0.097267,51.472914],[-0.09709,51.472776],[-0.097035,51.472804],[-0.096744,51.472975],[-0.096591,51.473061],[-0.096355,51.473199],[-0.095319,51.473822],[-0.094642,51.474227],[-0.094481,51.474325],[-0.094441,51.4743],[-0.094316,51.474374]]]]},"properties":{"entry-date":"2025-05-21","entity":7010003577,"name":"Site allocation NSP28: Camberwell Bus Garage","dataset":"article-4-direction-area","typology":"geography","reference":"161","prefix":"article-4-direction-area","organisation-entity":329,"quality":"authoritative","notes":"Change of use from Class E to residential is restricted","description":"161","article-4-direction":"161","permitted-development-rights":"None given","in_zone":true,"whole_in_zone":false,"in_cw":false,"organisation":"London Borough of Southwark"}},
{"type":"Feature","geometry":{"type":"MultiPolygon","coordinates":[[[[-0.094342,51.507862],[-0.094496,51.507757],[-0.094523,51.507706],[-0.094529,51.507665],[-0.094673,51.507397],[-0.094696,51.507359],[-0.094794,51.507175],[-0.094018,51.507014],[-0.093824,51.506998],[-0.093534,51.506938],[-0.093371,51.506906],[-0.093298,51.507047],[-0.093269,51.507097],[-0.093239,51.507154],[-0.093256,51.507159],[-0.093214,51.507214],[-0.093291,51.507238],[-0.093129,51.507433],[-0.093212,51.507464],[-0.093155,51.507524],[-0.093159,51.507531],[-0.093185,51.507559],[-0.0932,51.507572],[-0.093232,51.507594],[-0.093272,51.507614],[-0.093308,51.507623],[-0.093604,51.507682],[-0.093839,51.507731],[-0.093955,51.50778],[-0.094342,51.507862]]]]},"properties":{"entry-date":"2025-05-21","entity":7010003578,"name":"Site allocation NSP06: 1 Southwark Bridge Road and Red Lion Court","dataset":"article-4-direction-area","typology":"geography","reference":"162","prefix":"article-4-direction-area","organisation-entity":329,"quality":"authoritative","notes":"Change of use from Class E to residential is restricted","description":"162","article-4-direction":"162","permitted-development-rights":"None given","in_zone":true,"whole_in_zone":true,"in_cw":false,"organisation":"London Borough of Southwark"}},
{"type":"Feature","geometry":{"type":"MultiPolygon","coordinates":[[[[-0.085387,51.503392],[-0.085487,51.503458],[-0.085732,51.5036],[-0.086036,51.503772],[-0.08612,51.503818],[-0.086194,51.503876],[-0.086447,51.504022],[-0.08653,51.504057],[-0.086682,51.504112],[-0.086946,51.504202],[-0.087108,51.504267],[-0.087316,51.504305],[-0.087515,51.504375],[-0.087695,51.504433],[-0.087708,51.504447],[-0.087796,51.504479],[-0.08786,51.504514],[-0.088168,51.504644],[-0.088266,51.504539],[-0.088293,51.504535],[-0.088308,51.50452],[-0.088328,51.504528],[-0.088352,51.504507],[-0.08839,51.504522],[-0.088566,51.504323],[-0.088696,51.504247],[-0.088797,51.504286],[-0.088865,51.504302],[-0.088947,51.504233],[-0.089515,51.504408],[-0.089545,51.504384],[-0.089628,51.504286],[-0.089727,51.504165],[-0.089734,51.504141],[-0.089777,51.504084],[-0.089916,51.504105],[-0.090112,51.504165],[-0.09018,51.504086],[-0.090277,51.504051],[-0.090463,51.503918],[-0.09051,51.503936],[-0.090522,51.503922],[-0.090565,51.503938],[-0.090646,51.50386],[-0.09066,51.503866],[-0.090687,51.503837],[-0.090683,51.503819],[-0.090719,51.503785],[-0.090747,51.503796],[-0.0908,51.503741],[-0.090813,51.503736],[-0.090847,51.503697],[-0.090842,51.503678],[-0.090699,51.503629],[-0.090735,51.503597],[-0.090763,51.503565],[-0.090818,51.503539],[-0.090852,51.503503],[-0.090924,51.50353],[-0.090941,51.503511],[-0.091005,51.503531],[-0.09113,51.503562],[-0.091268,51.503605],[-0.091399,51.503432],[-0.091484,51.50333],[-0.091179,51.503242],[-0.091141,51.503232],[-0.091126,51.50323],[-0.09118,51.503146],[-0.091195,51.503132],[-0.091213,51.503107],[-0.091128,51.503075],[-0.090892,51.502992],[-0.090559,51.502851],[-0.090538,51.502844],[-0.090509,51.502838],[-0.090163,51.502778],[-0.090054,51.502753],[-0.089835,51.502699],[-0.089496,51.502591],[-0.08913,51.502461],[-0.089001,51.502418],[-0.089055,51.502364],[-0.089068,51.502364],[-0.089094,51.502355],[-0.089154,51.502312],[-0.089247,51.502251],[-0.089348,51.50218],[-0.089364,51.502166],[-0.089342,51.502159],[-0.089208,51.502081],[-0.089007,51.501967],[-0.088728,51.501908],[-0.088302,51.502107],[-0.088135,51.502107],[-0.088079,51.502102],[-0.088055,51.501974],[-0.087975,51.501978],[-0.08793,51.501976],[-0.087814,51.501965],[-0.087807,51.501987],[-0.087674,51.502003],[-0.087346,51.501976],[-0.087185,51.501977],[-0.087141,51.501973],[-0.087054,51.501962],[-0.086965,51.501955],[-0.086943,51.501962],[-0.086935,51.501977],[-0.086902,51.501981],[-0.086549,51.501935],[-0.086388,51.501916],[-0.086349,51.50213],[-0.0862,51.502132],[-0.086059,51.502106],[-0.086058,51.502112],[-0.085775,51.502068],[-0.085759,51.502114],[-0.085726,51.502221],[-0.085707,51.502385],[-0.085563,51.502869],[-0.085551,51.502948],[-0.085461,51.503047],[-0.085418,51.503261],[-0.085387,51.503392]]]]},"properties":{"entry-date":"2025-05-21","entity":7010003586,"name":"Site allocation NSP52: London Bridge Health Cluster","dataset":"article-4-direction-area","typology":"geography","reference":"170","prefix":"article-4-direction-area","organisation-entity":329,"quality":"authoritative","notes":"Change of use from Class E to residential is restricted","description":"170","article-4-direction":"170","permitted-development-rights":"None given","in_zone":true,"whole_in_zone":true,"in_cw":false,"organisation":"London Borough of Southwark"}},
{"type":"Feature","geometry":{"type":"MultiPolygon","coordinates":[[[[-0.08419,51.502972],[-0.084196,51.502978],[-0.084227,51.50299],[-0.084848,51.503208],[-0.08513,51.503304],[-0.085238,51.503343],[-0.085256,51.503347],[-0.085274,51.503348],[-0.085285,51.503346],[-0.085297,51.503341],[-0.085305,51.503332],[-0.085346,51.503164],[-0.085403,51.50296],[-0.085404,51.502946],[-0.085395,51.502933],[-0.085283,51.502886],[-0.085191,51.50285],[-0.084859,51.50271],[-0.084583,51.502597],[-0.084549,51.502585],[-0.084524,51.502592],[-0.084514,51.502599],[-0.084218,51.50293],[-0.084194,51.502955],[-0.08419,51.502972]]]]},"properties":{"entry-date":"2025-05-21","entity":7010003587,"name":"Site allocation NSP53: Land between Melior Street, St Thomas Street, Weston Street and Fenning Street","dataset":"article-4-direction-area","typology":"geography","reference":"171","prefix":"article-4-direction-area","organisation-entity":329,"quality":"authoritative","notes":"Change of use from Class E to residential is restricted","description":"171","article-4-direction":"171","permitted-development-rights":"None given","in_zone":true,"whole_in_zone":true,"in_cw":false,"organisation":"London Borough of Southwark"}},
{"type":"Feature","geometry":{"type":"MultiPolygon","coordinates":[[[[-0.07611,51.499122],[-0.076476,51.499074],[-0.076483,51.499078],[-0.076504,51.499075],[-0.076494,51.499035],[-0.076581,51.499025],[-0.076667,51.49901],[-0.076698,51.499076],[-0.07672,51.499091],[-0.076774,51.499082],[-0.076791,51.499082],[-0.07686,51.499073],[-0.07687,51.499091],[-0.077112,51.499053],[-0.077116,51.499068],[-0.077253,51.499063],[-0.077257,51.499117],[-0.077353,51.499136],[-0.07748,51.499155],[-0.077557,51.498959],[-0.077657,51.498714],[-0.077651,51.498657],[-0.077712,51.498542],[-0.077754,51.498441],[-0.077759,51.498415],[-0.077748,51.498407],[-0.077642,51.498392],[-0.077499,51.498364],[-0.076728,51.498507],[-0.076621,51.498531],[-0.076332,51.498588],[-0.07613,51.49863],[-0.076027,51.498649],[-0.075948,51.498661],[-0.075981,51.498761],[-0.076045,51.498903],[-0.076045,51.498941],[-0.07611,51.499122]]]]},"properties":{"entry-date":"2025-05-21","entity":7010003588,"name":"Site allocation NSP14: Tower Workshops","dataset":"article-4-direction-area","typology":"geography","reference":"172","prefix":"article-4-direction-area","organisation-entity":329,"quality":"authoritative","notes":"Change of use from Class E to residential is restricted","description":"172","article-4-direction":"172","permitted-development-rights":"None given","in_zone":true,"whole_in_zone":true,"in_cw":false,"organisation":"London Borough of Southwark"}},
{"type":"Feature","geometry":{"type":"MultiPolygon","coordinates":[[[[-0.066785,51.501353],[-0.067062,51.500873],[-0.067042,51.500815],[-0.067164,51.500588],[-0.066791,51.500471],[-0.065756,51.50014],[-0.065549,51.500071],[-0.065244,51.500393],[-0.065087,51.500555],[-0.065071,51.500603],[-0.064885,51.500559],[-0.064684,51.500925],[-0.064791,51.500941],[-0.065415,51.501068],[-0.066369,51.50127],[-0.066784,51.501362],[-0.066785,51.501353]]]]},"properties":{"entry-date":"2025-05-21","entity":7010003589,"name":"Site allocation NSP15: Chambers Wharf","dataset":"article-4-direction-area","typology":"geography","reference":"173","prefix":"article-4-direction-area","organisation-entity":329,"quality":"authoritative","notes":"Change of use from Class E to residential is restricted","description":"173","article-4-direction":"173","permitted-development-rights":"None given","in_zone":true,"whole_in_zone":true,"in_cw":false,"organisation":"London Borough of Southwark"}},
{"type":"Feature","geometry":{"type":"MultiPolygon","coordinates":[[[[-0.043333,51.498965],[-0.043571,51.499084],[-0.044598,51.499482],[-0.04465,51.499499],[-0.044685,51.499503],[-0.044706,51.499503],[-0.044736,51.499499],[-0.044758,51.499493],[-0.044787,51.499481],[-0.044805,51.49947],[-0.045219,51.499064],[-0.045261,51.499014],[-0.045266,51.499005],[-0.045272,51.498981],[-0.045306,51.498885],[-0.045318,51.498864],[-0.045352,51.498796],[-0.045458,51.498624],[-0.045606,51.498416],[-0.045633,51.498386],[-0.045708,51.498314],[-0.045765,51.498273],[-0.045798,51.498252],[-0.045942,51.498134],[-0.046483,51.498364],[-0.046754,51.498539],[-0.047104,51.49866],[-0.047368,51.49852],[-0.047492,51.498466],[-0.04772,51.498446],[-0.047874,51.498377],[-0.048187,51.497815],[-0.048229,51.497706],[-0.048149,51.497677],[-0.047719,51.497584],[-0.046925,51.496612],[-0.046847,51.49651],[-0.04677,51.496546],[-0.046205,51.496641],[-0.046071,51.496572],[-0.04603,51.496688],[-0.045745,51.496754],[-0.045666,51.496991],[-0.043333,51.498965]]]]},"properties":{"entry-date":"2025-05-21","entity":7010003591,"name":"Site allocation NSP80: Decathlon Site and Mulberry Business Park","dataset":"article-4-direction-area","typology":"geography","reference":"175","prefix":"article-4-direction-area","organisation-entity":329,"quality":"authoritative","notes":"Change of use from Class E to residential is restricted","description":"175","article-4-direction":"175","permitted-development-rights":"None given","in_zone":true,"whole_in_zone":true,"in_cw":false,"organisation":"London Borough of Southwark"}},
{"type":"Feature","geometry":{"type":"MultiPolygon","coordinates":[[[[-0.091535,51.504556],[-0.091536,51.504593],[-0.091734,51.504589],[-0.092473,51.504588],[-0.09279,51.504595],[-0.093031,51.504607],[-0.093129,51.504467],[-0.093131,51.504468],[-0.093138,51.504455],[-0.093159,51.504424],[-0.093203,51.504364],[-0.093415,51.504085],[-0.093082,51.504001],[-0.093052,51.50405],[-0.092768,51.503978],[-0.092672,51.504113],[-0.092654,51.504109],[-0.092585,51.504187],[-0.092552,51.504216],[-0.092299,51.504132],[-0.092211,51.504109],[-0.091821,51.504038],[-0.091665,51.504307],[-0.091646,51.504351],[-0.09162,51.504345],[-0.091535,51.504556]]]]},"properties":{"entry-date":"2025-05-21","entity":7010003592,"name":"Site allocation NSP07: Landmark Court","dataset":"article-4-direction-area","typology":"geography","reference":"176","prefix":"article-4-direction-area","organisation-entity":329,"quality":"authoritative","notes":"Change of use from Class E to residential is restricted","description":"176","article-4-direction":"176","permitted-development-rights":"None given","in_zone":true,"whole_in_zone":true,"in_cw":false,"organisation":"London Borough of Southwark"}},
{"type":"Feature","geometry":{"type":"MultiPolygon","coordinates":[[[[-0.053938,51.499044],[-0.053976,51.499086],[-0.054252,51.498981],[-0.05407,51.499052],[-0.054401,51.498925],[-0.054408,51.49892],[-0.054562,51.498917],[-0.054625,51.498918],[-0.054648,51.498906],[-0.054685,51.498864],[-0.054738,51.498823],[-0.054777,51.498781],[-0.054807,51.498746],[-0.054856,51.498658],[-0.054866,51.498615],[-0.054871,51.498584],[-0.054872,51.498566],[-0.054872,51.498555],[-0.054865,51.49851],[-0.05485,51.498468],[-0.054834,51.498432],[-0.054822,51.498414],[-0.054754,51.498355],[-0.054548,51.498239],[-0.054425,51.498145],[-0.054208,51.498197],[-0.054227,51.498326],[-0.054041,51.498337],[-0.053989,51.498361],[-0.053751,51.498418],[-0.053747,51.498422],[-0.053684,51.498431],[-0.053692,51.498519],[-0.053634,51.49854],[-0.053731,51.498651],[-0.053828,51.498774],[-0.05382,51.498807],[-0.053756,51.498829],[-0.053938,51.499044]]]]},"properties":{"entry-date":"2025-05-21","entity":7010003598,"name":"Site allocation NSP79: St Olav's Business Park, Lower Road","dataset":"article-4-direction-area","typology":"geography","reference":"182","prefix":"article-4-direction-area","organisation-entity":329,"quality":"authoritative","notes":"Change of use from Class E to residential is restricted","description":"182","article-4-direction":"182","permitted-development-rights":"None given","in_zone":true,"whole_in_zone":true,"in_cw":false,"organisation":"London Borough of Southwark"}},
{"type":"Feature","geometry":{"type":"MultiPolygon","coordinates":[[[[-0.060207,51.49251],[-0.060226,51.492572],[-0.060378,51.492877],[-0.060412,51.49295],[-0.060698,51.493521],[-0.06076,51.493651],[-0.060976,51.494087],[-0.061023,51.494179],[-0.061274,51.494722],[-0.061515,51.495336],[-0.061569,51.49547],[-0.061672,51.495852],[-0.061827,51.496472],[-0.061906,51.49681],[-0.062249,51.496774],[-0.062286,51.496907],[-0.062407,51.496954],[-0.062609,51.496929],[-0.062983,51.496887],[-0.062864,51.496439],[-0.062927,51.496433],[-0.063474,51.496334],[-0.063325,51.495789],[-0.062734,51.495845],[-0.062556,51.495341],[-0.062502,51.495245],[-0.062593,51.495226],[-0.062749,51.495223],[-0.064149,51.495025],[-0.064554,51.494966],[-0.064603,51.494957],[-0.065207,51.494831],[-0.065231,51.494819],[-0.06527,51.494786],[-0.064878,51.49408],[-0.064783,51.494036],[-0.061466,51.492566],[-0.060744,51.492249],[-0.0607,51.492231],[-0.060487,51.492259],[-0.060207,51.49251]]]]},"properties":{"entry-date":"2025-05-21","entity":7010003599,"name":"Site allocation NSP13: Biscuit Factory and Campus","dataset":"article-4-direction-area","typology":"geography","reference":"183","prefix":"article-4-direction-area","organisation-entity":329,"quality":"authoritative","notes":"Change of use from Class E to residential is restricted","description":"183","article-4-direction":"183","permitted-development-rights":"None given","in_zone":true,"whole_in_zone":true,"in_cw":false,"organisation":"London Borough of Southwark"}},
{"type":"Feature","geometry":{"type":"MultiPolygon","coordinates":[[[[-0.086604,51.506081],[-0.086612,51.506085],[-0.086631,51.50609],[-0.087101,51.506267],[-0.087437,51.506297],[-0.087567,51.506306],[-0.088008,51.506354],[-0.088076,51.506147],[-0.088043,51.50614],[-0.08765,51.50608],[-0.086622,51.505919],[-0.086604,51.506081]]]]},"properties":{"entry-date":"2025-05-21","entity":7010003600,"name":"Site allocation NSP55: Colechurch House, London Bridge Walk","dataset":"article-4-direction-area","typology":"geography","reference":"184","prefix":"article-4-direction-area","organisation-entity":329,"quality":"authoritative","notes":"Change of use from Class E to residential is restricted","description":"184","article-4-direction":"184","permitted-development-rights":"None given","in_zone":true,"whole_in_zone":true,"in_cw":false,"organisation":"London Borough of Southwark"}},
{"type":"Feature","geometry":{"type":"MultiPolygon","coordinates":[[[[-0.083344,51.502301],[-0.083193,51.502384],[-0.083045,51.502449],[-0.082821,51.50251],[-0.084106,51.502945],[-0.084228,51.502798],[-0.08443,51.502561],[-0.084198,51.502501],[-0.084173,51.50254],[-0.084144,51.502603],[-0.084117,51.50265],[-0.083812,51.50254],[-0.08382,51.502434],[-0.084174,51.502357],[-0.084199,51.502283],[-0.084143,51.502284],[-0.08371,51.502301],[-0.083695,51.502298],[-0.083652,51.502306],[-0.083604,51.5022],[-0.083568,51.502205],[-0.08353,51.502213],[-0.083494,51.502223],[-0.083344,51.502301]]]]},"properties":{"entry-date":"2025-05-21","entity":7010003601,"name":"Site allocation NSP54: Land between St Thomas Street, Fenning Street, Melior Place, and Snowsfields","dataset":"article-4-direction-area","typology":"geography","reference":"185","prefix":"article-4-direction-area","organisation-entity":329,"quality":"authoritative","notes":"Change of use from Class E to residential is restricted","description":"185","article-4-direction":"185","permitted-development-rights":"None given","in_zone":true,"whole_in_zone":true,"in_cw":false,"organisation":"London Borough of Southwark"}},
{"type":"Feature","geometry":{"type":"MultiPolygon","coordinates":[[[[-0.094626,51.475325],[-0.094606,51.475334],[-0.094563,51.47529],[-0.094532,51.475238],[-0.094484,51.475191],[-0.094368,51.475028],[-0.094204,51.475095],[-0.094129,51.47512],[-0.093874,51.47518],[-0.093903,51.475233],[-0.093541,51.47532],[-0.09357,51.47532],[-0.093645,51.475449],[-0.093658,51.475454],[-0.094073,51.475356],[-0.094153,51.475538],[-0.094192,51.475622],[-0.094265,51.47582],[-0.094302,51.475816],[-0.094317,51.475881],[-0.094338,51.476082],[-0.094885,51.47604],[-0.095353,51.476028],[-0.095734,51.476024],[-0.095782,51.47602],[-0.09584,51.475912],[-0.096004,51.475621],[-0.096154,51.475372],[-0.096114,51.475359],[-0.096091,51.475349],[-0.096099,51.47534],[-0.095754,51.475196],[-0.095755,51.475197],[-0.095511,51.475098],[-0.095331,51.475426],[-0.095311,51.475465],[-0.094626,51.475325]]]]},"properties":{"entry-date":"2025-05-21","entity":7010003603,"name":"Site allocation NSP29: Abellio Walworth Depot","dataset":"article-4-direction-area","typology":"geography","reference":"187","prefix":"article-4-direction-area","organisation-entity":329,"quality":"authoritative","notes":"Change of use from Class E to residential is restricted","description":"187","article-4-direction":"187","permitted-development-rights":"None given","in_zone":true,"whole_in_zone":false,"in_cw":false,"organisation":"London Borough of Southwark"}},
{"type":"Feature","geometry":{"type":"MultiPolygon","coordinates":[[[[-0.092304,51.499774],[-0.092499,51.500028],[-0.092585,51.500157],[-0.092659,51.500275],[-0.092704,51.500277],[-0.09343,51.499883],[-0.093429,51.49987],[-0.092914,51.499497],[-0.092559,51.499691],[-0.092329,51.49977],[-0.092322,51.499765],[-0.092304,51.499774]]],[[[-0.093814,51.499815],[-0.094256,51.500085],[-0.0944,51.500177],[-0.094586,51.5003],[-0.094951,51.500106],[-0.094794,51.500007],[-0.094637,51.499911],[-0.09464,51.499907],[-0.094486,51.499819],[-0.094563,51.499764],[-0.094688,51.49966],[-0.094806,51.499576],[-0.094707,51.499558],[-0.094596,51.499523],[-0.094501,51.499489],[-0.094409,51.499483],[-0.094348,51.499482],[-0.094285,51.499517],[-0.094082,51.499649],[-0.093814,51.499815]]],[[[-0.091775,51.500697],[-0.091777,51.500703],[-0.091916,51.500863],[-0.091915,51.500864],[-0.092049,51.501026],[-0.092134,51.501024],[-0.09221,51.501008],[-0.092558,51.50081],[-0.092583,51.500748],[-0.092603,51.500675],[-0.09255,51.500584],[-0.092499,51.500543],[-0.09244,51.500527],[-0.092349,51.500541],[-0.092042,51.500621],[-0.092043,51.500622],[-0.091853,51.500673],[-0.091779,51.50069],[-0.091776,51.500693],[-0.091775,51.500697]]]]},"properties":{"entry-date":"2025-05-21","entity":7010003607,"name":"Site allocation NSP09: Swan Street Cluster","dataset":"article-4-direction-area","typology":"geography","reference":"191","prefix":"article-4-direction-area","organisation-entity":329,"quality":"authoritative","notes":"Change of use from Class E to residential is restricted","description":"191","article-4-direction":"191","permitted-development-rights":"None given","in_zone":true,"whole_in_zone":true,"in_cw":false,"organisation":"London Borough of Southwark"}},
{"type":"Feature","geometry":{"type":"MultiPolygon","coordinates":[[[[-0.090425,51.475844],[-0.090575,51.476275],[-0.090594,51.476304],[-0.090646,51.476343],[-0.090704,51.476357],[-0.09079,51.476365],[-0.090937,51.476344],[-0.091652,51.476264],[-0.091641,51.476224],[-0.091635,51.476179],[-0.091464,51.475676],[-0.090855,51.475756],[-0.090755,51.475772],[-0.090753,51.475771],[-0.090466,51.475812],[-0.090441,51.475825],[-0.090425,51.475844]]]]},"properties":{"entry-date":"2025-05-21","entity":7010003608,"name":"Site allocation NSP35: Camberwell Green Magistrates Court","dataset":"article-4-direction-area","typology":"geography","reference":"192","prefix":"article-4-direction-area","organisation-entity":329,"quality":"authoritative","notes":"Change of use from Class E to residential is restricted","description":"192","article-4-direction":"192","permitted-development-rights":"None given","in_zone":true,"whole_in_zone":true,"in_cw":false,"organisation":"London Borough of Southwark"}},
{"type":"Feature","geometry":{"type":"MultiPolygon","coordinates":[[[[-0.041225,51.496355],[-0.041256,51.496665],[-0.041383,51.497073],[-0.041467,51.497487],[-0.041593,51.497958],[-0.04159,51.498079],[-0.041666,51.498216],[-0.041792,51.498375],[-0.042019,51.498487],[-0.043333,51.498965],[-0.043368,51.498928],[-0.045666,51.496991],[-0.045745,51.496754],[-0.04603,51.496688],[-0.046071,51.496572],[-0.046116,51.496592],[-0.046175,51.496631],[-0.046205,51.496641],[-0.046403,51.496616],[-0.04677,51.496546],[-0.046847,51.49651],[-0.046925,51.496612],[-0.047719,51.497584],[-0.048149,51.497677],[-0.048281,51.49772],[-0.049519,51.497521],[-0.049625,51.497516],[-0.049702,51.497488],[-0.049887,51.497396],[-0.049957,51.49732],[-0.050413,51.497143],[-0.05076,51.497047],[-0.050532,51.49685],[-0.05058,51.496826],[-0.050151,51.496488],[-0.050142,51.496478],[-0.050041,51.496394],[-0.050021,51.496385],[-0.050069,51.496358],[-0.050203,51.496462],[-0.050586,51.496272],[-0.050603,51.496284],[-0.050753,51.496222],[-0.051144,51.49604],[-0.051487,51.496303],[-0.051705,51.496189],[-0.051671,51.49615],[-0.05178,51.496083],[-0.051853,51.496103],[-0.051926,51.496051],[-0.051671,51.495875],[-0.051611,51.495823],[-0.051577,51.495833],[-0.051477,51.495762],[-0.050972,51.496023],[-0.050554,51.49571],[-0.05051,51.495743],[-0.050461,51.49576],[-0.050374,51.495802],[-0.050169,51.495892],[-0.050192,51.49592],[-0.050113,51.495962],[-0.049976,51.496016],[-0.049917,51.495885],[-0.049749,51.4957],[-0.049693,51.495633],[-0.049602,51.49555],[-0.049558,51.495498],[-0.049481,51.495426],[-0.049467,51.495408],[-0.049445,51.495384],[-0.049427,51.495358],[-0.049404,51.495333],[-0.049382,51.495313],[-0.049304,51.495231],[-0.049284,51.4952],[-0.04919,51.495104],[-0.049153,51.495062],[-0.049031,51.494995],[-0.049011,51.494986],[-0.048956,51.494975],[-0.0489,51.49497],[-0.048813,51.494967],[-0.048705,51.494968],[-0.048608,51.495011],[-0.048576,51.495019],[-0.048507,51.49496],[-0.048505,51.494947],[-0.048503,51.494944],[-0.048456,51.494928],[-0.048404,51.494903],[-0.048331,51.494835],[-0.048316,51.494813],[-0.048306,51.494795],[-0.048259,51.494649],[-0.048229,51.494567],[-0.048182,51.494448],[-0.04814,51.494361],[-0.048104,51.494301],[-0.048005,51.494177],[-0.04783,51.493965],[-0.047782,51.493908],[-0.047712,51.493832],[-0.047694,51.493818],[-0.047626,51.49379],[-0.047555,51.493777],[-0.047543,51.493717],[-0.047578,51.493575],[-0.047538,51.49358],[-0.047506,51.493559],[-0.047531,51.493491],[-0.047349,51.493424],[-0.047247,51.493368],[-0.047056,51.493279],[-0.046928,51.493267],[-0.046875,51.493274],[-0.046786,51.493299],[-0.046587,51.493365],[-0.04634,51.493434],[-0.046261,51.493462],[-0.046162,51.493498],[-0.046066,51.493536],[-0.045853,51.493626],[-0.045734,51.493683],[-0.045667,51.493719],[-0.045615,51.493765],[-0.045491,51.493947],[-0.045438,51.493941],[-0.045374,51.493939],[-0.045291,51.493968],[-0.045263,51.493991],[-0.04521,51.494041],[-0.045123,51.494112],[-0.045012,51.494224],[-0.044934,51.494315],[-0.044898,51.494361],[-0.04483,51.494457],[-0.044763,51.494541],[-0.044709,51.494601],[-0.044623,51.494691],[-0.044577,51.494733],[-0.044241,51.495007],[-0.043499,51.495484],[-0.043156,51.495693],[-0.042748,51.495869],[-0.042214,51.496012],[-0.041609,51.496097],[-0.041427,51.496185],[-0.041225,51.496355]]],[[[-0.0412,51.499095],[-0.0415,51.499215],[-0.041181,51.499557],[-0.041808,51.4998],[-0.042226,51.499411],[-0.042235,51.499339],[-0.042169,51.499288],[-0.041549,51.499052],[-0.041594,51.499008],[-0.041382,51.498926],[-0.0412,51.499095]]]]},"properties":{"entry-date":"2025-05-21","entity":7010003610,"name":"Site allocation NSP81: Harmsworth Quays, Surrey Quays Leisure Park, Surrey Quays Shopping Centre and Robert’s Close","dataset":"article-4-direction-area","typology":"geography","reference":"194","prefix":"article-4-direction-area","organisation-entity":329,"quality":"authoritative","notes":"Change of use from Class E to residential is restricted","description":"194","article-4-direction":"194","permitted-development-rights":"None given","in_zone":true,"whole_in_zone":true,"in_cw":false,"organisation":"London Borough of Southwark"}},
{"type":"Feature","geometry":{"type":"MultiPolygon","coordinates":[[[[-0.078001,51.488757],[-0.078201,51.488593],[-0.078266,51.488625],[-0.078387,51.488692],[-0.078486,51.488621],[-0.078469,51.488593],[-0.078133,51.488438],[-0.07808,51.488442],[-0.077818,51.488659],[-0.078001,51.488757]]]]},"properties":{"entry-date":"2025-05-21","entity":7010003613,"name":"Site allocation NSP63: Kinglake Street Garages","dataset":"article-4-direction-area","typology":"geography","reference":"197","prefix":"article-4-direction-area","organisation-entity":329,"quality":"authoritative","notes":"Change of use from Class E to residential is restricted","description":"197","article-4-direction":"197","permitted-development-rights":"None given","in_zone":true,"whole_in_zone":true,"in_cw":false,"organisation":"London Borough of Southwark"}},
{"type":"Feature","geometry":{"type":"MultiPolygon","coordinates":[[[[-0.082871,51.491783],[-0.082863,51.491822],[-0.082967,51.491903],[-0.083005,51.491957],[-0.08347,51.492316],[-0.083812,51.492143],[-0.08383,51.492138],[-0.083765,51.492089],[-0.08388,51.492035],[-0.084278,51.492279],[-0.084432,51.492184],[-0.08443,51.492175],[-0.084535,51.492112],[-0.084437,51.492057],[-0.084439,51.492047],[-0.084377,51.492001],[-0.084056,51.491797],[-0.083724,51.491599],[-0.083571,51.491491],[-0.083493,51.491478],[-0.083352,51.491547],[-0.083323,51.491598],[-0.083193,51.491662],[-0.083113,51.491665],[-0.082871,51.491783]]]]},"properties":{"entry-date":"2025-05-21","entity":7010003614,"name":"Site allocation NSP61: 96-120 Old Kent Road (Lidl store)","dataset":"article-4-direction-area","typology":"geography","reference":"198","prefix":"article-4-direction-area","organisation-entity":329,"quality":"authoritative","notes":"Change of use from Class E to residential is restricted","description":"198","article-4-direction":"198","permitted-development-rights":"None given","in_zone":true,"whole_in_zone":true,"in_cw":false,"organisation":"London Borough of Southwark"}},
{"type":"Feature","geometry":{"type":"MultiPolygon","coordinates":[[[[-0.089741,51.49398],[-0.089678,51.493945],[-0.08888,51.493957],[-0.08888,51.493988],[-0.088812,51.494021],[-0.088415,51.49403],[-0.08812,51.494034],[-0.087987,51.494032],[-0.087746,51.494023],[-0.08757,51.494013],[-0.087325,51.493995],[-0.087186,51.493982],[-0.086822,51.493935],[-0.08643,51.493872],[-0.086405,51.493827],[-0.086314,51.493789],[-0.086315,51.493772],[-0.08623,51.49374],[-0.08616,51.493708],[-0.08605,51.493652],[-0.085995,51.493672],[-0.085983,51.493707],[-0.085966,51.493713],[-0.085927,51.493706],[-0.085922,51.4937],[-0.08589,51.493694],[-0.085869,51.493701],[-0.08582,51.493692],[-0.085807,51.493679],[-0.085816,51.493664],[-0.085796,51.49364],[-0.085735,51.493622],[-0.085537,51.49349],[-0.085432,51.493424],[-0.085311,51.493495],[-0.085201,51.493555],[-0.085051,51.493452],[-0.084997,51.493484],[-0.084772,51.493355],[-0.08467,51.493303],[-0.084609,51.493286],[-0.084267,51.492995],[-0.084204,51.492837],[-0.084019,51.492684],[-0.083899,51.49259],[-0.083807,51.492513],[-0.083743,51.492547],[-0.083517,51.492376],[-0.083105,51.49257],[-0.083183,51.492635],[-0.083314,51.492828],[-0.083604,51.493071],[-0.083405,51.493164],[-0.084142,51.493787],[-0.084416,51.493663],[-0.084425,51.493663],[-0.084703,51.493899],[-0.084843,51.494012],[-0.084658,51.494472],[-0.084725,51.49454],[-0.084666,51.494675],[-0.084644,51.494693],[-0.084565,51.494738],[-0.084759,51.494876],[-0.08572,51.495053],[-0.085743,51.49506],[-0.086146,51.495131],[-0.086397,51.494982],[-0.086663,51.494419],[-0.086731,51.494379],[-0.08862,51.49434],[-0.088637,51.494359],[-0.088874,51.494572],[-0.089501,51.494289],[-0.08954,51.494326],[-0.089744,51.494323],[-0.089741,51.49398]]]]},"properties":{"entry-date":"2025-05-21","entity":7010003615,"name":"Site allocation NSP56: Bricklayers Arms","dataset":"article-4-direction-area","typology":"geography","reference":"199","prefix":"article-4-direction-area","organisation-entity":329,"quality":"authoritative","notes":"Change of use from Class E to residential is restricted","description":"199","article-4-direction":"199","permitted-development-rights":"None given","in_zone":true,"whole_in_zone":true,"in_cw":false,"organisation":"London Borough of Southwark"}},
{"type":"Feature","geometry":{"type":"MultiPolygon","coordinates":[[[[-0.081345,51.495176],[-0.081235,51.495372],[-0.080678,51.495243],[-0.080595,51.495232],[-0.080543,51.49535],[-0.080555,51.495352],[-0.080428,51.495621],[-0.080052,51.495561],[-0.080109,51.495419],[-0.080119,51.495382],[-0.080227,51.495143],[-0.0803,51.49497],[-0.080402,51.494739],[-0.080456,51.494653],[-0.080431,51.494627],[-0.08023,51.494534],[-0.079961,51.494335],[-0.079446,51.493907],[-0.079209,51.493727],[-0.079064,51.49362],[-0.078727,51.493389],[-0.078393,51.493171],[-0.078366,51.493172],[-0.078138,51.493367],[-0.078234,51.493413],[-0.078297,51.493433],[-0.078099,51.493609],[-0.078026,51.493577],[-0.077984,51.493613],[-0.077896,51.493575],[-0.077876,51.493593],[-0.07814,51.493742],[-0.078046,51.493893],[-0.077919,51.494125],[-0.07788,51.49421],[-0.078049,51.494243],[-0.078042,51.494252],[-0.077596,51.495023],[-0.077656,51.495042],[-0.077513,51.49521],[-0.077505,51.495209],[-0.077454,51.495267],[-0.077571,51.495305],[-0.077688,51.495161],[-0.077948,51.495246],[-0.078028,51.495148],[-0.07821,51.495203],[-0.078217,51.495219],[-0.078476,51.495302],[-0.078516,51.495257],[-0.078628,51.495287],[-0.078533,51.495424],[-0.07867,51.495459],[-0.078635,51.49552],[-0.078742,51.495547],[-0.078622,51.495693],[-0.078742,51.495733],[-0.078884,51.495485],[-0.07904,51.495522],[-0.07999,51.495775],[-0.080025,51.495688],[-0.08114,51.496063],[-0.081258,51.495917],[-0.081608,51.495467],[-0.08154,51.495418],[-0.081543,51.495409],[-0.081422,51.495311],[-0.081441,51.495278],[-0.081345,51.495176]]]]},"properties":{"entry-date":"2025-05-21","entity":7010003616,"name":"Site allocation NSP57: Crimscott Street and Pages Walk","dataset":"article-4-direction-area","typology":"geography","reference":"200","prefix":"article-4-direction-area","organisation-entity":329,"quality":"authoritative","notes":"Change of use from Class E to residential is restricted","description":"200","article-4-direction":"200","permitted-development-rights":"None given","in_zone":true,"whole_in_zone":true,"in_cw":false,"organisation":"London Borough of Southwark"}},
{"type":"Feature","geometry":{"type":"MultiPolygon","coordinates":[[[[-0.079699,51.489969],[-0.079266,51.489728],[-0.07905,51.489874],[-0.079278,51.490018],[-0.079311,51.489998],[-0.079366,51.49003],[-0.079397,51.490008],[-0.079416,51.490023],[-0.079437,51.490005],[-0.07959,51.490093],[-0.079717,51.490012],[-0.079699,51.489969]]]]},"properties":{"entry-date":"2025-05-21","entity":7010003617,"name":"Site allocation NSP62: Former petrol filling station, 233-247 Old Kent Road","dataset":"article-4-direction-area","typology":"geography","reference":"201","prefix":"article-4-direction-area","organisation-entity":329,"quality":"authoritative","notes":"Change of use from Class E to residential is restricted","description":"201","article-4-direction":"201","permitted-development-rights":"None given","in_zone":true,"whole_in_zone":true,"in_cw":false,"organisation":"London Borough of Southwark"}},
{"type":"Feature","geometry":{"type":"MultiPolygon","coordinates":[[[[-0.077619,51.48898],[-0.077162,51.488764],[-0.076924,51.488642],[-0.076882,51.488619],[-0.076521,51.48845],[-0.075505,51.48775],[-0.075536,51.487727],[-0.075434,51.487675],[-0.075401,51.487676],[-0.075337,51.487705],[-0.075155,51.487843],[-0.075167,51.48786],[-0.074315,51.488502],[-0.073752,51.488917],[-0.073604,51.489053],[-0.074271,51.489245],[-0.074435,51.489294],[-0.074506,51.489319],[-0.074603,51.489368],[-0.07467,51.489408],[-0.074725,51.489445],[-0.074808,51.489507],[-0.074956,51.489639],[-0.075065,51.489739],[-0.075241,51.489886],[-0.07519,51.489912],[-0.075033,51.490032],[-0.075087,51.490062],[-0.075076,51.490071],[-0.075207,51.490105],[-0.075311,51.490136],[-0.075443,51.490179],[-0.075539,51.490215],[-0.075627,51.490251],[-0.075825,51.490361],[-0.075972,51.490448],[-0.076288,51.490133],[-0.076568,51.489943],[-0.076877,51.48968],[-0.077376,51.489247],[-0.07739,51.489233],[-0.077622,51.489027],[-0.077655,51.488995],[-0.077619,51.48898]]]]},"properties":{"entry-date":"2025-05-21","entity":7010003618,"name":"Site allocation NSP59: 107 Dunton Road (Tesco store and car park) and Southernwood Retail Park","dataset":"article-4-direction-area","typology":"geography","reference":"202","prefix":"article-4-direction-area","organisation-entity":329,"quality":"authoritative","notes":"Change of use from Class E to residential is restricted","description":"202","article-4-direction":"202","permitted-development-rights":"None given","in_zone":true,"whole_in_zone":true,"in_cw":false,"organisation":"London Borough of Southwark"}},
{"type":"Feature","geometry":{"type":"MultiPolygon","coordinates":[[[[-0.06079,51.481572],[-0.060999,51.481491],[-0.060576,51.481162],[-0.060433,51.481093],[-0.06012,51.480948],[-0.059631,51.480765],[-0.059007,51.480524],[-0.058265,51.48024],[-0.057833,51.480077],[-0.057408,51.479937],[-0.056903,51.480412],[-0.057335,51.480571],[-0.056559,51.481349],[-0.058031,51.481593],[-0.05812,51.481554],[-0.058214,51.481536],[-0.05841,51.481539],[-0.05858,51.48142],[-0.058682,51.481434],[-0.058805,51.481462],[-0.059044,51.481526],[-0.059131,51.481545],[-0.059244,51.481562],[-0.059764,51.48169],[-0.060092,51.481741],[-0.060319,51.481724],[-0.060632,51.48164],[-0.06079,51.481572]]]]},"properties":{"entry-date":"2025-05-21","entity":7010003619,"name":"Site allocation NSP69: Devon Street and Sylvan Grove","dataset":"article-4-direction-area","typology":"geography","reference":"203","prefix":"article-4-direction-area","organisation-entity":329,"quality":"authoritative","notes":"Change of use from Class E to residential is restricted","description":"203","article-4-direction":"203","permitted-development-rights":"None given","in_zone":true,"whole_in_zone":true,"in_cw":false,"organisation":"London Borough of Southwark"}},
{"type":"Feature","geometry":{"type":"MultiPolygon","coordinates":[[[[-0.062599,51.48171],[-0.062488,51.481643],[-0.062413,51.481584],[-0.061998,51.481591],[-0.061758,51.481729],[-0.061915,51.48184],[-0.061984,51.481877],[-0.06218,51.481988],[-0.062599,51.48171]]]]},"properties":{"entry-date":"2025-05-21","entity":7010003620,"name":"Site allocation NSP72: 684-698 Old Kent Road (Kwikfit garage)","dataset":"article-4-direction-area","typology":"geography","reference":"204","prefix":"article-4-direction-area","organisation-entity":329,"quality":"authoritative","notes":"Change of use from Class E to residential is restricted","description":"204","article-4-direction":"204","permitted-development-rights":"None given","in_zone":true,"whole_in_zone":true,"in_cw":false,"organisation":"London Borough of Southwark"}},
{"type":"Feature","geometry":{"type":"MultiPolygon","coordinates":[[[[-0.064079,51.482908],[-0.064423,51.482635],[-0.064353,51.482511],[-0.064076,51.482583],[-0.063845,51.482793],[-0.064079,51.482908]]]]},"properties":{"entry-date":"2025-05-21","entity":7010003621,"name":"Site allocation NSP73: 636 Old Kent Road","dataset":"article-4-direction-area","typology":"geography","reference":"205","prefix":"article-4-direction-area","organisation-entity":329,"quality":"authoritative","notes":"Change of use from Class E to residential is restricted","description":"205","article-4-direction":"205","permitted-development-rights":"None given","in_zone":true,"whole_in_zone":true,"in_cw":false,"organisation":"London Borough of Southwark"}},
{"type":"Feature","geometry":{"type":"MultiPolygon","coordinates":[[[[-0.083013,51.492494],[-0.082508,51.492728],[-0.081437,51.491942],[-0.080662,51.491399],[-0.079645,51.490745],[-0.077388,51.489513],[-0.076435,51.490358],[-0.075446,51.49135],[-0.075459,51.491371],[-0.078458,51.493036],[-0.080062,51.494251],[-0.080157,51.494314],[-0.080396,51.494468],[-0.081254,51.493952],[-0.081047,51.493813],[-0.081732,51.493358],[-0.08245,51.492971],[-0.082728,51.493141],[-0.083314,51.492828],[-0.083183,51.492635],[-0.083013,51.492494]]]]},"properties":{"entry-date":"2025-05-21","entity":7010003622,"name":"Site allocation NSP58: Mandela Way","dataset":"article-4-direction-area","typology":"geography","reference":"206","prefix":"article-4-direction-area","organisation-entity":329,"quality":"authoritative","notes":"Change of use from Class E to residential is restricted","description":"206","article-4-direction":"206","permitted-development-rights":"None given","in_zone":true,"whole_in_zone":true,"in_cw":false,"organisation":"London Borough of Southwark"}},
{"type":"Feature","geometry":{"type":"MultiPolygon","coordinates":[[[[-0.066289,51.484249],[-0.066225,51.484404],[-0.066227,51.484448],[-0.0662,51.484519],[-0.06613,51.484542],[-0.066117,51.484583],[-0.065999,51.484732],[-0.065993,51.484795],[-0.065949,51.484919],[-0.065897,51.484952],[-0.065856,51.485009],[-0.065772,51.485175],[-0.065712,51.485323],[-0.065705,51.48539],[-0.065731,51.485516],[-0.065777,51.485803],[-0.06583,51.486075],[-0.06588,51.486362],[-0.066277,51.486335],[-0.066289,51.486431],[-0.06625,51.486437],[-0.066271,51.486572],[-0.066221,51.486588],[-0.066219,51.486622],[-0.066099,51.486644],[-0.065935,51.486692],[-0.06592,51.486862],[-0.065896,51.487068],[-0.06597,51.487146],[-0.06638,51.487285],[-0.066649,51.486927],[-0.067018,51.487015],[-0.06728,51.487017],[-0.067307,51.48701],[-0.067355,51.486706],[-0.067586,51.486709],[-0.067616,51.486527],[-0.067712,51.486531],[-0.067717,51.48651],[-0.067882,51.486522],[-0.067925,51.486506],[-0.067923,51.48647],[-0.067916,51.48645],[-0.067909,51.486352],[-0.067936,51.486338],[-0.067951,51.486254],[-0.067979,51.486055],[-0.068001,51.485979],[-0.068049,51.485677],[-0.068072,51.485485],[-0.068039,51.485441],[-0.067937,51.485411],[-0.067922,51.485314],[-0.068022,51.485313],[-0.068075,51.485326],[-0.068133,51.485315],[-0.068208,51.485177],[-0.068311,51.485018],[-0.068264,51.484957],[-0.067851,51.484811],[-0.067891,51.484775],[-0.067516,51.48463],[-0.067405,51.484599],[-0.067381,51.484623],[-0.06661,51.484305],[-0.066507,51.48426],[-0.066436,51.484232],[-0.066328,51.484235],[-0.066289,51.484249]]]]},"properties":{"entry-date":"2025-05-21","entity":7010003623,"name":"Site allocation NSP67: Marlborough Grove and St James’s Road","dataset":"article-4-direction-area","typology":"geography","reference":"207","prefix":"article-4-direction-area","organisation-entity":329,"quality":"authoritative","notes":"Change of use from Class E to residential is restricted","description":"207","article-4-direction":"207","permitted-development-rights":"None given","in_zone":true,"whole_in_zone":true,"in_cw":false,"organisation":"London Borough of Southwark"}},
{"type":"Feature","geometry":{"type":"MultiPolygon","coordinates":[[[[-0.065826,51.484421],[-0.065982,51.484096],[-0.065935,51.484026],[-0.065379,51.483786],[-0.065006,51.483607],[-0.064858,51.483547],[-0.06428,51.483304],[-0.062684,51.482549],[-0.062114,51.48223],[-0.06123,51.481631],[-0.060999,51.481486],[-0.060632,51.48164],[-0.060371,51.48172],[-0.060184,51.481742],[-0.059764,51.481697],[-0.059458,51.481615],[-0.058917,51.48149],[-0.058723,51.48145],[-0.058535,51.481657],[-0.058581,51.481695],[-0.058659,51.481743],[-0.058883,51.481792],[-0.059035,51.481874],[-0.059109,51.481954],[-0.059129,51.482079],[-0.059109,51.482298],[-0.059054,51.482509],[-0.059007,51.482978],[-0.058969,51.483333],[-0.059729,51.48335],[-0.06077,51.483412],[-0.0607,51.484222],[-0.060706,51.484283],[-0.060701,51.484334],[-0.060679,51.484431],[-0.060666,51.484496],[-0.060619,51.484633],[-0.060618,51.48467],[-0.060615,51.484683],[-0.060604,51.484703],[-0.060594,51.484755],[-0.060563,51.484799],[-0.060515,51.48484],[-0.060466,51.484864],[-0.060413,51.484872],[-0.060331,51.484878],[-0.058093,51.484822],[-0.058079,51.484974],[-0.058069,51.485295],[-0.058161,51.485303],[-0.058266,51.485817],[-0.05862,51.485822],[-0.05919,51.485798],[-0.060065,51.485769],[-0.060301,51.485756],[-0.060531,51.485756],[-0.060713,51.485739],[-0.060848,51.485744],[-0.061495,51.485719],[-0.06242,51.485658],[-0.06321,51.48624],[-0.063378,51.486172],[-0.062689,51.485652],[-0.06343,51.485558],[-0.063589,51.485518],[-0.063695,51.485476],[-0.065245,51.484783],[-0.065327,51.484742],[-0.065359,51.484704],[-0.065679,51.484786],[-0.065688,51.484764],[-0.065746,51.484741],[-0.065798,51.484627],[-0.065816,51.484548],[-0.065826,51.484421]]]]},"properties":{"entry-date":"2025-05-21","entity":7010003624,"name":"Site allocation NSP68: Sandgate Street and Verney Road","dataset":"article-4-direction-area","typology":"geography","reference":"208","prefix":"article-4-direction-area","organisation-entity":329,"quality":"authoritative","notes":"Change of use from Class E to residential is restricted","description":"208","article-4-direction":"208","permitted-development-rights":"None given","in_zone":true,"whole_in_zone":true,"in_cw":false,"organisation":"London Borough of Southwark"}},
{"type":"Feature","geometry":{"type":"MultiPolygon","coordinates":[[[[-0.090771,51.49207],[-0.090575,51.491809],[-0.090153,51.491927],[-0.090339,51.49219],[-0.090771,51.49207]]]]},"properties":{"entry-date":"2025-05-21","entity":7010003625,"name":"Site allocation NSP60: Salisbury estate car park","dataset":"article-4-direction-area","typology":"geography","reference":"209","prefix":"article-4-direction-area","organisation-entity":329,"quality":"authoritative","notes":"Change of use from Class E to residential is restricted","description":"209","article-4-direction":"209","permitted-development-rights":"None given","in_zone":true,"whole_in_zone":true,"in_cw":false,"organisation":"London Borough of Southwark"}},
{"type":"Feature","geometry":{"type":"MultiPolygon","coordinates":[[[[-0.071346,51.485268],[-0.071319,51.48519],[-0.071319,51.484941],[-0.070865,51.48494],[-0.070858,51.484869],[-0.071237,51.484822],[-0.071417,51.484828],[-0.071449,51.484391],[-0.071439,51.483024],[-0.072158,51.48294],[-0.071775,51.48208],[-0.071731,51.482081],[-0.071634,51.481835],[-0.069993,51.482108],[-0.069367,51.482197],[-0.069282,51.482016],[-0.06895,51.482079],[-0.068996,51.482165],[-0.068262,51.48232],[-0.068218,51.482331],[-0.067612,51.482439],[-0.067668,51.48255],[-0.067215,51.482594],[-0.067079,51.482586],[-0.0671,51.482426],[-0.066502,51.482616],[-0.066,51.482794],[-0.065797,51.482882],[-0.065789,51.482889],[-0.065558,51.482798],[-0.065526,51.482831],[-0.065667,51.482902],[-0.06552,51.483095],[-0.065625,51.483126],[-0.065572,51.483187],[-0.065273,51.483127],[-0.065255,51.483159],[-0.065285,51.483166],[-0.065283,51.483175],[-0.065265,51.483192],[-0.065278,51.483203],[-0.065199,51.483272],[-0.065175,51.483291],[-0.06522,51.483319],[-0.065169,51.483383],[-0.066257,51.48384],[-0.066651,51.483993],[-0.066813,51.484061],[-0.067558,51.484346],[-0.068487,51.484736],[-0.06848,51.484749],[-0.068725,51.484837],[-0.0689,51.484906],[-0.069474,51.485092],[-0.070574,51.485536],[-0.070844,51.48558],[-0.071081,51.485663],[-0.07115,51.485582],[-0.071257,51.485385],[-0.070951,51.485346],[-0.07096,51.485321],[-0.070862,51.485308],[-0.070864,51.485283],[-0.070885,51.485212],[-0.071346,51.485268]]]]},"properties":{"entry-date":"2025-05-21","entity":7010003626,"name":"Site allocation NSP66: Land bounded by Glengall Road, Latona Road and Old Kent Road","dataset":"article-4-direction-area","typology":"geography","reference":"210","prefix":"article-4-direction-area","organisation-entity":329,"quality":"authoritative","notes":"Change of use from Class E to residential is restricted","description":"210","article-4-direction":"210","permitted-development-rights":"None given","in_zone":true,"whole_in_zone":true,"in_cw":false,"organisation":"London Borough of Southwark"}},
{"type":"Feature","geometry":{"type":"MultiPolygon","coordinates":[[[[-0.063649,51.487336],[-0.063668,51.487472],[-0.063689,51.487561],[-0.063851,51.487631],[-0.063998,51.48764],[-0.064887,51.487642],[-0.065325,51.487691],[-0.065541,51.487811],[-0.065523,51.487902],[-0.065483,51.488159],[-0.065442,51.4883],[-0.065521,51.488306],[-0.065642,51.487511],[-0.065672,51.487305],[-0.065571,51.487199],[-0.064558,51.487272],[-0.064194,51.487296],[-0.063995,51.487312],[-0.063895,51.487315],[-0.063649,51.487336]]]]},"properties":{"entry-date":"2025-05-21","entity":7010003627,"name":"Site allocation NSP65: Former Southern Railway Stables","dataset":"article-4-direction-area","typology":"geography","reference":"211","prefix":"article-4-direction-area","organisation-entity":329,"quality":"authoritative","notes":"Change of use from Class E to residential is restricted","description":"211","article-4-direction":"211","permitted-development-rights":"None given","in_zone":true,"whole_in_zone":true,"in_cw":false,"organisation":"London Borough of Southwark"}},
{"type":"Feature","geometry":{"type":"MultiPolygon","coordinates":[[[[-0.076866,51.48817],[-0.076973,51.488093],[-0.077026,51.488044],[-0.077131,51.487973],[-0.077356,51.487831],[-0.077092,51.487666],[-0.076789,51.487853],[-0.076844,51.487889],[-0.076821,51.487904],[-0.076881,51.48794],[-0.07687,51.487947],[-0.076907,51.487969],[-0.076872,51.487992],[-0.076844,51.487976],[-0.076688,51.488078],[-0.076866,51.48817]]]]},"properties":{"entry-date":"2025-05-21","entity":7010003628,"name":"Site allocation NSP64: 4/12 Albany Road","dataset":"article-4-direction-area","typology":"geography","reference":"212","prefix":"article-4-direction-area","organisation-entity":329,"quality":"authoritative","notes":"Change of use from Class E to residential is restricted","description":"212","article-4-direction":"212","permitted-development-rights":"None given","in_zone":true,"whole_in_zone":true,"in_cw":false,"organisation":"London Borough of Southwark"}},
{"type":"Feature","geometry":{"type":"MultiPolygon","coordinates":[[[[-0.053541,51.48024],[-0.053552,51.480267],[-0.053551,51.480288],[-0.053594,51.480207],[-0.053725,51.480005],[-0.053918,51.479786],[-0.054057,51.479646],[-0.054129,51.479516],[-0.054179,51.479378],[-0.054283,51.479151],[-0.05455,51.478868],[-0.054337,51.478795],[-0.054213,51.478742],[-0.053924,51.479212],[-0.053938,51.479215],[-0.053937,51.479216],[-0.053979,51.47923],[-0.053938,51.479331],[-0.053928,51.479334],[-0.053847,51.479489],[-0.053854,51.479491],[-0.053852,51.479495],[-0.053778,51.47963],[-0.053665,51.479816],[-0.053644,51.479815],[-0.0536,51.479807],[-0.053597,51.479813],[-0.053595,51.479813],[-0.053454,51.480127],[-0.053464,51.480153],[-0.053459,51.480182],[-0.053495,51.480231],[-0.053541,51.48024]]],[[[-0.053508,51.480666],[-0.053508,51.480403],[-0.053528,51.480326],[-0.05352,51.480332],[-0.053511,51.480336],[-0.053493,51.480336],[-0.053456,51.480331],[-0.053436,51.480387],[-0.053457,51.480391],[-0.053482,51.480399],[-0.053493,51.480432],[-0.053497,51.480492],[-0.053412,51.48051],[-0.053392,51.480557],[-0.053356,51.480624],[-0.053351,51.48064],[-0.053319,51.480709],[-0.053313,51.480708],[-0.05329,51.480772],[-0.053293,51.480773],[-0.053282,51.480797],[-0.053281,51.480796],[-0.053256,51.480867],[-0.053216,51.480879],[-0.053159,51.480883],[-0.053145,51.480893],[-0.053135,51.480902],[-0.053081,51.481023],[-0.053234,51.481042],[-0.053236,51.481046],[-0.053234,51.481052],[-0.053233,51.481051],[-0.0532,51.481161],[-0.053184,51.481163],[-0.053123,51.481375],[-0.05304,51.481739],[-0.052988,51.482056],[-0.052995,51.482056],[-0.052954,51.482434],[-0.052915,51.482644],[-0.052912,51.482644],[-0.05291,51.482756],[-0.052934,51.482758],[-0.052936,51.482791],[-0.052934,51.482857],[-0.052933,51.483032],[-0.052956,51.483323],[-0.05296,51.483398],[-0.05291,51.483399],[-0.05291,51.483402],[-0.052916,51.483435],[-0.052933,51.483555],[-0.05294,51.483555],[-0.052942,51.483562],[-0.052944,51.483563],[-0.052953,51.483579],[-0.052951,51.483581],[-0.052955,51.483599],[-0.052965,51.483667],[-0.052997,51.483827],[-0.053094,51.484379],[-0.053055,51.484385],[-0.053056,51.484382],[-0.053049,51.484383],[-0.053049,51.484387],[-0.053024,51.484386],[-0.052986,51.484401],[-0.05296,51.484409],[-0.052957,51.484412],[-0.052947,51.484454],[-0.05295,51.484454],[-0.052948,51.484471],[-0.052942,51.48447],[-0.052955,51.48452],[-0.052984,51.484648],[-0.052991,51.484686],[-0.053015,51.484689],[-0.053016,51.484696],[-0.053054,51.484698],[-0.053133,51.484695],[-0.053177,51.484756],[-0.053156,51.484763],[-0.053185,51.484934],[-0.053088,51.48496],[-0.053054,51.485004],[-0.053054,51.485021],[-0.053056,51.485031],[-0.053061,51.485047],[-0.053067,51.485046],[-0.053078,51.485096],[-0.053088,51.485124],[-0.053085,51.485125],[-0.053097,51.48516],[-0.053105,51.485167],[-0.05312,51.485177],[-0.053133,51.485181],[-0.053168,51.485187],[-0.053196,51.485189],[-0.053198,51.485197],[-0.05323,51.485199],[-0.053252,51.485197],[-0.053266,51.485207],[-0.053277,51.485208],[-0.053343,51.485267],[-0.053372,51.48529],[-0.053397,51.48529],[-0.053406,51.485305],[-0.053398,51.485306],[-0.053496,51.485469],[-0.053504,51.485488],[-0.053511,51.485487],[-0.053523,51.48557],[-0.053534,51.485633],[-0.053538,51.485689],[-0.053536,51.485717],[-0.053518,51.485808],[-0.053395,51.485832],[-0.053337,51.485839],[-0.053306,51.485845],[-0.053333,51.485934],[-0.05341,51.485997],[-0.053485,51.485996],[-0.05361,51.485982],[-0.053687,51.485954],[-0.053742,51.485998],[-0.053945,51.486334],[-0.053906,51.486337],[-0.053981,51.486496],[-0.054197,51.486894],[-0.054252,51.487046],[-0.0543,51.487053],[-0.054247,51.487153],[-0.054561,51.48759],[-0.054696,51.487744],[-0.054842,51.487933],[-0.055121,51.487732],[-0.055061,51.487682],[-0.05499,51.487605],[-0.05493,51.487507],[-0.054906,51.48745],[-0.054386,51.486506],[-0.054034,51.485859],[-0.053853,51.485465],[-0.053709,51.4851],[-0.053631,51.484969],[-0.053604,51.484905],[-0.053578,51.484819],[-0.055074,51.484894],[-0.055099,51.484636],[-0.055272,51.484649],[-0.05527,51.484498],[-0.055635,51.484533],[-0.055667,51.482778],[-0.055736,51.481837],[-0.054305,51.481825],[-0.054297,51.481805],[-0.053637,51.481787],[-0.053612,51.481518],[-0.053594,51.48139],[-0.05356,51.481092],[-0.05356,51.48101],[-0.053509,51.480905],[-0.053514,51.480784],[-0.053508,51.480666]]]]},"properties":{"entry-date":"2025-05-21","entity":7010003629,"name":"Site allocation NSP70: Hatcham Road, Penarth Street and Ilderton Road","dataset":"article-4-direction-area","typology":"geography","reference":"213","prefix":"article-4-direction-area","organisation-entity":329,"quality":"authoritative","notes":"Change of use from Class E to residential is restricted","description":"213","article-4-direction":"213","permitted-development-rights":"None given","in_zone":true,"whole_in_zone":true,"in_cw":false,"organisation":"London Borough of Southwark"}},
{"type":"Feature","geometry":{"type":"MultiPolygon","coordinates":[[[[-0.040917,51.490936],[-0.040886,51.490903],[-0.040444,51.491064],[-0.04042,51.491089],[-0.040764,51.491445],[-0.041156,51.491298],[-0.041175,51.491292],[-0.041196,51.491283],[-0.041994,51.490987],[-0.041884,51.490873],[-0.041649,51.490624],[-0.040924,51.490889],[-0.040955,51.490921],[-0.040917,51.490936]]]]},"properties":{"entry-date":"2025-05-21","entity":7010003630,"name":"Site allocation NSP82: Croft Street Depot","dataset":"article-4-direction-area","typology":"geography","reference":"214","prefix":"article-4-direction-area","organisation-entity":329,"quality":"authoritative","notes":"Change of use from Class E to residential is restricted","description":"214","article-4-direction":"214","permitted-development-rights":"None given","in_zone":true,"whole_in_zone":true,"in_cw":false,"organisation":"London Borough of Southwark"}},
{"type":"Feature","geometry":{"type":"MultiPolygon","coordinates":[[[[-0.057501,51.479716],[-0.057465,51.479754],[-0.059824,51.480656],[-0.059942,51.480634],[-0.059994,51.480481],[-0.059987,51.480325],[-0.059908,51.480119],[-0.058978,51.47974],[-0.058718,51.479274],[-0.058483,51.47936],[-0.05815,51.479486],[-0.058095,51.479425],[-0.057974,51.479375],[-0.057687,51.479075],[-0.057411,51.478967],[-0.056924,51.479022],[-0.056737,51.478949],[-0.056362,51.478791],[-0.055489,51.478464],[-0.055208,51.478775],[-0.055641,51.478929],[-0.05583,51.47902],[-0.056025,51.479091],[-0.056217,51.479181],[-0.056332,51.479261],[-0.056475,51.479285],[-0.056587,51.479187],[-0.056905,51.479238],[-0.057118,51.479337],[-0.057266,51.479474],[-0.057166,51.479558],[-0.057427,51.479656],[-0.057501,51.479716]]]]},"properties":{"entry-date":"2025-05-21","entity":7010003631,"name":"Site allocation NSP71: 760, 812 Old Kent Road (Toys’r’us store), and 840 Old Kent Road (Aldi store)","dataset":"article-4-direction-area","typology":"geography","reference":"215","prefix":"article-4-direction-area","organisation-entity":329,"quality":"authoritative","notes":"Change of use from Class E to residential is restricted","description":"215","article-4-direction":"215","permitted-development-rights":"None given","in_zone":true,"whole_in_zone":true,"in_cw":false,"organisation":"London Borough of Southwark"}},
{"type":"Feature","geometry":{"type":"MultiPolygon","coordinates":[[[[-0.109183,51.509874],[-0.108759,51.508012],[-0.108707,51.507773],[-0.108627,51.507797],[-0.108157,51.506925],[-0.107335,51.507073],[-0.106443,51.504981],[-0.106536,51.504486],[-0.106545,51.504254],[-0.106606,51.503918],[-0.106597,51.503794],[-0.10655,51.503612],[-0.106408,51.503374],[-0.10739,51.503042],[-0.106754,51.50221],[-0.106213,51.502507],[-0.106077,51.502526],[-0.105979,51.502191],[-0.10607,51.50216],[-0.106095,51.502115],[-0.105895,51.502024],[-0.106098,51.501894],[-0.106239,51.501745],[-0.106344,51.501662],[-0.106477,51.50157],[-0.106692,51.501672],[-0.108169,51.50053],[-0.108336,51.500344],[-0.10928,51.498784],[-0.110335,51.496873],[-0.110267,51.49676],[-0.106479,51.497735],[-0.105936,51.49793],[-0.10564,51.498083],[-0.106833,51.498854],[-0.106673,51.498948],[-0.106528,51.498847],[-0.105978,51.499084],[-0.105846,51.499152],[-0.105738,51.499231],[-0.105286,51.499524],[-0.105298,51.499531],[-0.10491,51.499779],[-0.104917,51.499631],[-0.104903,51.499631],[-0.104909,51.499424],[-0.104929,51.499425],[-0.104931,51.499409],[-0.104924,51.499409],[-0.104928,51.499323],[-0.104496,51.499385],[-0.103782,51.499606],[-0.103636,51.499471],[-0.10313,51.499684],[-0.102735,51.49935],[-0.103145,51.499218],[-0.102741,51.49884],[-0.098126,51.499204],[-0.097335,51.499245],[-0.096989,51.499192],[-0.096846,51.499165],[-0.096633,51.499114],[-0.096203,51.499151],[-0.095538,51.499541],[-0.094925,51.499929],[-0.094499,51.500136],[-0.093833,51.500414],[-0.093395,51.500628],[-0.093032,51.500871],[-0.092613,51.501335],[-0.092366,51.501696],[-0.091835,51.502602],[-0.091415,51.503083],[-0.091164,51.503401],[-0.091056,51.503493],[-0.090348,51.50414],[-0.089902,51.50448],[-0.089425,51.504869],[-0.088965,51.505285],[-0.08851,51.505687],[-0.087769,51.507317],[-0.087594,51.50781],[-0.087625,51.507777],[-0.087613,51.50781],[-0.09058,51.508154],[-0.09187,51.508395],[-0.092589,51.508514],[-0.099375,51.509691],[-0.101153,51.509715],[-0.10415,51.509791],[-0.104203,51.508628],[-0.10467,51.508633],[-0.104631,51.509793],[-0.109183,51.509874]]]]},"properties":{"entry-date":"2025-05-21","entity":7010003634,"name":"Bankside and Borough District Town Centre","dataset":"article-4-direction-area","typology":"geography","reference":"218","prefix":"article-4-direction-area","organisation-entity":329,"quality":"authoritative","notes":"Change of use from Class E to residential is restricted","description":"218","article-4-direction":"218","permitted-development-rights":"None given","in_zone":true,"whole_in_zone":false,"in_cw":false,"organisation":"London Borough of Southwark"}},
{"type":"Feature","geometry":{"type":"MultiPolygon","coordinates":[[[[-0.096434,51.475338],[-0.096701,51.474973],[-0.097048,51.474682],[-0.097494,51.474378],[-0.098838,51.47342],[-0.098747,51.473366],[-0.098687,51.473353],[-0.099321,51.472881],[-0.099301,51.4727],[-0.099173,51.47234],[-0.099138,51.472345],[-0.099089,51.472364],[-0.098889,51.472421],[-0.09886,51.472383],[-0.098695,51.472436],[-0.09865,51.472333],[-0.098603,51.472291],[-0.098585,51.472295],[-0.098423,51.472197],[-0.098329,51.472121],[-0.097761,51.472364],[-0.096575,51.472998],[-0.095851,51.473369],[-0.095279,51.473712],[-0.094434,51.474205],[-0.093635,51.473698],[-0.093939,51.473477],[-0.093853,51.47342],[-0.094746,51.472913],[-0.093737,51.472166],[-0.094068,51.471967],[-0.093799,51.47174],[-0.094243,51.47137],[-0.093819,51.471299],[-0.093649,51.4717],[-0.093631,51.471728],[-0.093602,51.471763],[-0.093557,51.471802],[-0.093499,51.471849],[-0.093434,51.471898],[-0.093225,51.472034],[-0.093127,51.47209],[-0.093023,51.47212],[-0.093013,51.472049],[-0.093014,51.471976],[-0.093007,51.471913],[-0.092995,51.471759],[-0.092988,51.471642],[-0.092985,51.47156],[-0.092959,51.47117],[-0.092945,51.470834],[-0.092089,51.470925],[-0.09239,51.471502],[-0.092677,51.471888],[-0.092651,51.471947],[-0.092583,51.471969],[-0.092606,51.472032],[-0.092583,51.472092],[-0.092535,51.47217],[-0.092069,51.472271],[-0.091668,51.472352],[-0.091212,51.472555],[-0.090667,51.472869],[-0.090036,51.4732],[-0.089756,51.473055],[-0.089665,51.473012],[-0.089581,51.472944],[-0.089405,51.472809],[-0.089157,51.472624],[-0.089035,51.472535],[-0.088976,51.472401],[-0.08882,51.4721],[-0.088014,51.472251],[-0.08874,51.473204],[-0.088429,51.473266],[-0.088188,51.47329],[-0.088066,51.473308],[-0.087839,51.473323],[-0.087839,51.473287],[-0.087826,51.47316],[-0.08762,51.473159],[-0.087614,51.473138],[-0.087513,51.473163],[-0.08727,51.473219],[-0.087241,51.473216],[-0.087218,51.473316],[-0.087191,51.473501],[-0.087738,51.473542],[-0.087696,51.473852],[-0.088145,51.473872],[-0.0884,51.47389],[-0.088397,51.47396],[-0.08878,51.474009],[-0.088906,51.474062],[-0.088937,51.47407],[-0.089861,51.474141],[-0.089919,51.47417],[-0.08995,51.474212],[-0.090036,51.474681],[-0.090169,51.474971],[-0.090268,51.475192],[-0.090322,51.475413],[-0.090403,51.47578],[-0.090594,51.476303],[-0.090641,51.476344],[-0.090697,51.476354],[-0.090784,51.476363],[-0.091236,51.476313],[-0.091648,51.476263],[-0.091642,51.476234],[-0.091894,51.476067],[-0.092092,51.475939],[-0.092288,51.475815],[-0.092336,51.475827],[-0.09294,51.475932],[-0.09296,51.475972],[-0.092899,51.476015],[-0.092946,51.476194],[-0.09336,51.476182],[-0.0938,51.476148],[-0.093808,51.476228],[-0.093961,51.476222],[-0.094983,51.476118],[-0.095055,51.476095],[-0.095112,51.476037],[-0.095302,51.476029],[-0.095728,51.476024],[-0.095781,51.47602],[-0.096004,51.475621],[-0.096153,51.475374],[-0.096434,51.475338]]]]},"properties":{"entry-date":"2025-05-21","entity":7010003636,"name":"Camberwell District Town Centre","dataset":"article-4-direction-area","typology":"geography","reference":"220","prefix":"article-4-direction-area","organisation-entity":329,"quality":"authoritative","notes":"Change of use from Class E to residential is restricted","description":"220","article-4-direction":"220","permitted-development-rights":"None given","in_zone":true,"whole_in_zone":false,"in_cw":false,"organisation":"London Borough of Southwark"}},
{"type":"Feature","geometry":{"type":"MultiPolygon","coordinates":[[[[-0.075499,51.50554],[-0.077048,51.506],[-0.078475,51.506383],[-0.080198,51.50688],[-0.081609,51.50705],[-0.08365,51.507309],[-0.08531,51.50751],[-0.087594,51.50781],[-0.087769,51.507317],[-0.087961,51.506798],[-0.088264,51.506113],[-0.088545,51.505668],[-0.088965,51.505285],[-0.089425,51.504869],[-0.089902,51.50448],[-0.090348,51.50414],[-0.091056,51.503493],[-0.091164,51.503401],[-0.091415,51.503083],[-0.091084,51.502974],[-0.09085,51.502886],[-0.090555,51.502786],[-0.089853,51.502649],[-0.089149,51.502394],[-0.088474,51.502165],[-0.08829,51.502109],[-0.087985,51.502123],[-0.087085,51.502273],[-0.086539,51.502323],[-0.086336,51.502329],[-0.085716,51.50227],[-0.08536,51.502231],[-0.084813,51.50211],[-0.084404,51.50204],[-0.083798,51.502021],[-0.083422,51.502082],[-0.083349,51.502131],[-0.083386,51.501624],[-0.083221,51.501614],[-0.083226,51.501648],[-0.082648,51.501711],[-0.082643,51.501677],[-0.0826,51.501684],[-0.082544,51.50158],[-0.082636,51.501566],[-0.082604,51.501451],[-0.082649,51.501391],[-0.082544,51.501122],[-0.082396,51.501146],[-0.082317,51.500992],[-0.08238,51.500974],[-0.082329,51.500847],[-0.082281,51.500854],[-0.082231,51.50072],[-0.082146,51.500718],[-0.082019,51.500522],[-0.0821,51.500492],[-0.082036,51.500419],[-0.081978,51.500326],[-0.082016,51.500308],[-0.081993,51.500277],[-0.081928,51.500207],[-0.081943,51.50015],[-0.081999,51.500136],[-0.082074,51.500091],[-0.081996,51.500056],[-0.081914,51.499963],[-0.081883,51.499821],[-0.081876,51.499714],[-0.082777,51.499794],[-0.082959,51.499117],[-0.082684,51.499094],[-0.082677,51.49912],[-0.082433,51.499105],[-0.082414,51.499135],[-0.082164,51.499108],[-0.082156,51.499157],[-0.08177,51.499163],[-0.081761,51.498945],[-0.081179,51.498985],[-0.081168,51.498931],[-0.081136,51.498832],[-0.081117,51.498698],[-0.081122,51.498595],[-0.081395,51.498634],[-0.081498,51.498364],[-0.0816,51.4984],[-0.081642,51.498298],[-0.081618,51.498267],[-0.081527,51.498254],[-0.081557,51.498132],[-0.081818,51.498175],[-0.08189,51.498069],[-0.081459,51.49799],[-0.081361,51.498137],[-0.081197,51.498107],[-0.080925,51.498042],[-0.080803,51.498181],[-0.080773,51.498299],[-0.0807,51.498301],[-0.080685,51.498362],[-0.080533,51.498348],[-0.080501,51.498508],[-0.080568,51.498528],[-0.080563,51.49865],[-0.080051,51.498608],[-0.079491,51.498541],[-0.079129,51.499287],[-0.078679,51.499223],[-0.078334,51.500015],[-0.078133,51.500439],[-0.077964,51.50052],[-0.078222,51.500662],[-0.077935,51.501367],[-0.077602,51.50201],[-0.077471,51.502233],[-0.077361,51.502354],[-0.077129,51.502205],[-0.076971,51.502477],[-0.076874,51.50246],[-0.076756,51.502642],[-0.076901,51.50269],[-0.076855,51.502769],[-0.076632,51.503113],[-0.075644,51.504058],[-0.076342,51.504278],[-0.076349,51.504278],[-0.076088,51.504676],[-0.075499,51.50554]]]]},"properties":{"entry-date":"2025-05-21","entity":7010003637,"name":"London Bridge District Town Centre","dataset":"article-4-direction-area","typology":"geography","reference":"221","prefix":"article-4-direction-area","organisation-entity":329,"quality":"authoritative","notes":"Change of use from Class E to residential is restricted","description":"221","article-4-direction":"221","permitted-development-rights":"None given","in_zone":true,"whole_in_zone":true,"in_cw":false,"organisation":"London Borough of Southwark"}},
{"type":"Feature","geometry":{"type":"MultiPolygon","coordinates":[[[[-0.084059,51.494731],[-0.084618,51.495623],[-0.08486,51.495844],[-0.085944,51.495513],[-0.086946,51.495453],[-0.089505,51.494299],[-0.089662,51.494743],[-0.090253,51.494591],[-0.09041,51.494701],[-0.090618,51.494937],[-0.090872,51.494742],[-0.092794,51.494584],[-0.092842,51.494174],[-0.091809,51.494155],[-0.091683,51.493718],[-0.090833,51.493696],[-0.09081,51.49354],[-0.090271,51.493647],[-0.089992,51.493699],[-0.089792,51.493663],[-0.089576,51.493823],[-0.089509,51.493822],[-0.089504,51.493868],[-0.088963,51.493859],[-0.088964,51.493602],[-0.086586,51.493661],[-0.086527,51.49362],[-0.086062,51.493403],[-0.085822,51.493247],[-0.085227,51.493581],[-0.08505,51.493453],[-0.084997,51.493483],[-0.084774,51.493356],[-0.085171,51.493108],[-0.084885,51.492924],[-0.084932,51.492896],[-0.084609,51.492691],[-0.085073,51.492401],[-0.082095,51.490416],[-0.082239,51.490346],[-0.082238,51.490295],[-0.082031,51.490047],[-0.081908,51.490075],[-0.080956,51.489514],[-0.080699,51.48961],[-0.079294,51.488884],[-0.078999,51.488973],[-0.078607,51.488715],[-0.07861,51.488656],[-0.078477,51.48861],[-0.078473,51.488602],[-0.078137,51.488447],[-0.078093,51.488451],[-0.078022,51.488359],[-0.077155,51.487966],[-0.077371,51.487832],[-0.077093,51.487658],[-0.07683,51.487822],[-0.07665,51.487734],[-0.07639,51.487889],[-0.075609,51.487428],[-0.075782,51.487311],[-0.075193,51.487005],[-0.074366,51.48663],[-0.074002,51.486629],[-0.074012,51.486513],[-0.073647,51.486492],[-0.073624,51.486651],[-0.073017,51.486442],[-0.072906,51.486554],[-0.073498,51.486754],[-0.073239,51.487025],[-0.07376,51.487216],[-0.07396,51.487001],[-0.07538,51.487592],[-0.073542,51.488979],[-0.073554,51.488977],[-0.074391,51.489228],[-0.074861,51.489442],[-0.075324,51.489861],[-0.076244,51.490317],[-0.075339,51.491372],[-0.077181,51.49241],[-0.078314,51.493056],[-0.078017,51.493341],[-0.077951,51.493412],[-0.077183,51.494078],[-0.076811,51.494662],[-0.0765,51.49499],[-0.076969,51.495221],[-0.077955,51.495532],[-0.080848,51.49646],[-0.081262,51.495926],[-0.081458,51.495979],[-0.082164,51.495485],[-0.082545,51.495724],[-0.08312,51.49537],[-0.083055,51.495301],[-0.083367,51.495024],[-0.084059,51.494731]]]]},"properties":{"entry-date":"2025-05-21","entity":7010003638,"name":"Old Kent Road North District Town Centre","dataset":"article-4-direction-area","typology":"geography","reference":"222","prefix":"article-4-direction-area","organisation-entity":329,"quality":"authoritative","notes":"Change of use from Class E to residential is restricted","description":"222","article-4-direction":"222","permitted-development-rights":"None given","in_zone":true,"whole_in_zone":true,"in_cw":false,"organisation":"London Borough of Southwark"}},
{"type":"Feature","geometry":{"type":"MultiPolygon","coordinates":[[[[-0.073002,51.486437],[-0.072576,51.486259],[-0.072474,51.486163],[-0.072555,51.485731],[-0.071917,51.485712],[-0.071236,51.485479],[-0.071333,51.485285],[-0.071461,51.484514],[-0.071411,51.483021],[-0.072155,51.482945],[-0.071696,51.481802],[-0.071367,51.481879],[-0.069373,51.482221],[-0.06929,51.482002],[-0.068942,51.48208],[-0.068979,51.48217],[-0.067617,51.482452],[-0.067653,51.48256],[-0.067093,51.482589],[-0.067096,51.482431],[-0.066109,51.482745],[-0.06565,51.482609],[-0.065593,51.482507],[-0.065444,51.482441],[-0.065113,51.482588],[-0.064775,51.482652],[-0.064467,51.482723],[-0.064437,51.482635],[-0.064353,51.482509],[-0.064078,51.482571],[-0.06359,51.481859],[-0.06326,51.481733],[-0.062684,51.481426],[-0.062244,51.481507],[-0.06197,51.481592],[-0.061784,51.481724],[-0.061254,51.481306],[-0.0609,51.481023],[-0.061084,51.480826],[-0.060657,51.480693],[-0.060487,51.480612],[-0.060245,51.480659],[-0.060119,51.480582],[-0.059925,51.479951],[-0.059805,51.479993],[-0.059646,51.480031],[-0.058977,51.479741],[-0.058698,51.479238],[-0.058178,51.479454],[-0.057732,51.47906],[-0.05752,51.47897],[-0.057353,51.478934],[-0.056968,51.479023],[-0.055509,51.47846],[-0.05543,51.478538],[-0.054509,51.478323],[-0.054595,51.478172],[-0.053803,51.477918],[-0.053486,51.477799],[-0.053471,51.4778],[-0.053463,51.477798],[-0.052785,51.477586],[-0.052695,51.477587],[-0.052691,51.478018],[-0.05428,51.478621],[-0.054285,51.478621],[-0.054011,51.479075],[-0.054437,51.479246],[-0.054734,51.478924],[-0.056302,51.479479],[-0.056086,51.4799],[-0.05628,51.479912],[-0.057191,51.480103],[-0.056977,51.480317],[-0.056889,51.48041],[-0.057508,51.480642],[-0.057794,51.480752],[-0.057595,51.480965],[-0.058333,51.481246],[-0.058613,51.481393],[-0.058957,51.481434],[-0.059641,51.481597],[-0.060241,51.481699],[-0.060273,51.48186],[-0.060354,51.482146],[-0.060822,51.482078],[-0.061217,51.482059],[-0.061333,51.482494],[-0.061488,51.482586],[-0.061596,51.482949],[-0.061575,51.483152],[-0.06172,51.483627],[-0.061843,51.483883],[-0.061861,51.48409],[-0.062299,51.484074],[-0.062969,51.484061],[-0.063489,51.483946],[-0.063782,51.483653],[-0.064468,51.483915],[-0.064396,51.484168],[-0.064676,51.484502],[-0.065368,51.484704],[-0.065813,51.484839],[-0.065534,51.485195],[-0.06643,51.485307],[-0.067922,51.485316],[-0.068191,51.485368],[-0.068481,51.484975],[-0.070293,51.485633],[-0.072899,51.486545],[-0.073002,51.486437]]]]},"properties":{"entry-date":"2025-05-21","entity":7010003639,"name":"Old Kent Road South District Town Centre","dataset":"article-4-direction-area","typology":"geography","reference":"223","prefix":"article-4-direction-area","organisation-entity":329,"quality":"authoritative","notes":"Change of use from Class E to residential is restricted","description":"223","article-4-direction":"223","permitted-development-rights":"None given","in_zone":true,"whole_in_zone":true,"in_cw":false,"organisation":"London Borough of Southwark"}},
{"type":"Feature","geometry":{"type":"MultiPolygon","coordinates":[[[[-0.069789,51.476045],[-0.069985,51.476005],[-0.070358,51.475944],[-0.070268,51.475655],[-0.069909,51.474573],[-0.070346,51.474518],[-0.070428,51.474547],[-0.070726,51.474489],[-0.071161,51.4744],[-0.071407,51.474373],[-0.071965,51.474326],[-0.07203,51.474398],[-0.072882,51.474238],[-0.073112,51.474167],[-0.073209,51.47412],[-0.07336,51.474005],[-0.073525,51.473833],[-0.07322,51.473754],[-0.073219,51.473648],[-0.073165,51.473562],[-0.073025,51.473532],[-0.073038,51.473504],[-0.073,51.473498],[-0.072993,51.473528],[-0.072934,51.473511],[-0.072804,51.473462],[-0.072812,51.473266],[-0.072661,51.473258],[-0.072435,51.473237],[-0.072547,51.472723],[-0.072009,51.472763],[-0.072026,51.472884],[-0.071564,51.472862],[-0.071714,51.472734],[-0.071585,51.472653],[-0.071428,51.471999],[-0.071104,51.472022],[-0.07105,51.4716],[-0.070303,51.471621],[-0.070214,51.471222],[-0.07021,51.471197],[-0.07046,51.471181],[-0.070455,51.471148],[-0.070713,51.471102],[-0.070435,51.470403],[-0.070308,51.470221],[-0.069812,51.470319],[-0.069726,51.470184],[-0.070032,51.470099],[-0.070004,51.470046],[-0.070176,51.469972],[-0.071343,51.469549],[-0.072645,51.469247],[-0.072608,51.468945],[-0.072117,51.469052],[-0.072045,51.468913],[-0.069789,51.469478],[-0.068934,51.469704],[-0.068676,51.469313],[-0.068933,51.469236],[-0.068785,51.469024],[-0.06937,51.468841],[-0.069387,51.468865],[-0.069855,51.468748],[-0.069715,51.468437],[-0.068348,51.468621],[-0.06832,51.468554],[-0.068193,51.468573],[-0.06813,51.468262],[-0.068297,51.468225],[-0.068431,51.468239],[-0.069187,51.468124],[-0.069141,51.467998],[-0.068766,51.468049],[-0.068679,51.467829],[-0.068203,51.46791],[-0.067981,51.467391],[-0.068465,51.467333],[-0.068408,51.467185],[-0.06826,51.467198],[-0.067921,51.46725],[-0.067871,51.467081],[-0.067787,51.466898],[-0.067703,51.466706],[-0.068007,51.466649],[-0.067922,51.466482],[-0.067444,51.46655],[-0.067507,51.466717],[-0.06714,51.466798],[-0.066916,51.466891],[-0.066842,51.466685],[-0.067074,51.466656],[-0.066856,51.466143],[-0.066808,51.466003],[-0.066782,51.46583],[-0.066771,51.465572],[-0.066875,51.465515],[-0.066854,51.46542],[-0.066891,51.465418],[-0.066963,51.464975],[-0.066879,51.464904],[-0.066877,51.464809],[-0.066658,51.464812],[-0.066432,51.464776],[-0.066362,51.464898],[-0.066262,51.464974],[-0.066154,51.465211],[-0.066109,51.465708],[-0.06556,51.46572],[-0.065487,51.465878],[-0.065353,51.465918],[-0.064954,51.465919],[-0.064431,51.465928],[-0.064475,51.466283],[-0.064944,51.466305],[-0.06504,51.466964],[-0.065209,51.466944],[-0.06524,51.466939],[-0.065299,51.467077],[-0.064881,51.467879],[-0.065984,51.467747],[-0.06625,51.467648],[-0.066408,51.467826],[-0.066794,51.468278],[-0.066946,51.468581],[-0.067182,51.468736],[-0.067367,51.469129],[-0.066123,51.469341],[-0.065626,51.469422],[-0.065065,51.469507],[-0.065065,51.469632],[-0.065025,51.469725],[-0.064918,51.469843],[-0.064742,51.469944],[-0.063984,51.47001],[-0.06384,51.470111],[-0.063998,51.470518],[-0.064073,51.470574],[-0.064605,51.470545],[-0.065078,51.470613],[-0.065078,51.470663],[-0.065058,51.470697],[-0.065081,51.470762],[-0.065841,51.47068],[-0.066109,51.470692],[-0.066522,51.470702],[-0.066732,51.471346],[-0.068018,51.471171],[-0.068485,51.47113],[-0.068666,51.471561],[-0.06871,51.471727],[-0.068181,51.471772],[-0.068283,51.472139],[-0.066886,51.472285],[-0.066511,51.472321],[-0.066485,51.473117],[-0.065637,51.473131],[-0.065606,51.473522],[-0.065584,51.473866],[-0.06464,51.473887],[-0.064636,51.474106],[-0.06421,51.47464],[-0.065195,51.474889],[-0.065439,51.474446],[-0.066267,51.474455],[-0.066284,51.47426],[-0.067465,51.474281],[-0.06755,51.474256],[-0.067805,51.474267],[-0.068086,51.474296],[-0.068071,51.474475],[-0.068491,51.474419],[-0.068787,51.474386],[-0.068962,51.474949],[-0.069372,51.47488],[-0.069607,51.475469],[-0.069344,51.475509],[-0.069413,51.47572],[-0.069643,51.475684],[-0.069789,51.476045]]]]},"properties":{"entry-date":"2025-05-21","entity":7010003640,"name":"Peckham Major Town Centre","dataset":"article-4-direction-area","typology":"geography","reference":"224","prefix":"article-4-direction-area","organisation-entity":329,"quality":"authoritative","notes":"Change of use from Class E to residential is restricted","description":"224","article-4-direction":"224","permitted-development-rights":"None given","in_zone":true,"whole_in_zone":false,"in_cw":false,"organisation":"London Borough of Southwark"}},
{"type":"Feature","geometry":{"type":"MultiPolygon","coordinates":[[[[-0.086786,51.489487],[-0.087126,51.489838],[-0.087728,51.490518],[-0.088192,51.49108],[-0.090451,51.491502],[-0.090676,51.491744],[-0.09098,51.492066],[-0.091144,51.492245],[-0.09156,51.492892],[-0.091476,51.492915],[-0.091647,51.493541],[-0.09178,51.494164],[-0.09282,51.494161],[-0.092762,51.494573],[-0.092682,51.494974],[-0.092633,51.495364],[-0.092762,51.495914],[-0.093386,51.496453],[-0.094225,51.497098],[-0.094725,51.497467],[-0.094998,51.497831],[-0.095053,51.497894],[-0.095806,51.498446],[-0.096085,51.498598],[-0.096399,51.498804],[-0.096746,51.498997],[-0.097004,51.499117],[-0.097208,51.499222],[-0.097335,51.499245],[-0.098126,51.499204],[-0.099055,51.499136],[-0.100336,51.499037],[-0.100925,51.498994],[-0.102741,51.49884],[-0.103145,51.499218],[-0.102735,51.49935],[-0.10313,51.499684],[-0.103636,51.499471],[-0.103782,51.499606],[-0.104496,51.499385],[-0.104928,51.499323],[-0.104903,51.499631],[-0.10491,51.499779],[-0.105978,51.499084],[-0.106528,51.498847],[-0.106673,51.498948],[-0.106833,51.498854],[-0.105765,51.49813],[-0.10564,51.498083],[-0.1058,51.497996],[-0.106046,51.497887],[-0.106479,51.497735],[-0.107875,51.497371],[-0.108846,51.497129],[-0.110267,51.49676],[-0.111469,51.496472],[-0.11124,51.495992],[-0.11107,51.495725],[-0.110958,51.495503],[-0.110348,51.495305],[-0.109934,51.49515],[-0.108176,51.494524],[-0.107424,51.494269],[-0.10668,51.494009],[-0.105801,51.493738],[-0.105373,51.493619],[-0.104989,51.493546],[-0.104881,51.49353],[-0.104643,51.493018],[-0.10449,51.492894],[-0.104189,51.492415],[-0.103923,51.491934],[-0.103717,51.492004],[-0.10339,51.491764],[-0.103494,51.491701],[-0.10317,51.49151],[-0.103149,51.491483],[-0.103176,51.491445],[-0.103454,51.491323],[-0.103174,51.491156],[-0.103829,51.490502],[-0.101564,51.489381],[-0.100918,51.488994],[-0.099417,51.488212],[-0.098996,51.488417],[-0.098522,51.488052],[-0.098541,51.488039],[-0.098145,51.487648],[-0.097694,51.487802],[-0.097455,51.487876],[-0.097302,51.487915],[-0.097097,51.487983],[-0.096861,51.487626],[-0.096243,51.48782],[-0.096014,51.48719],[-0.095095,51.485884],[-0.094726,51.485505],[-0.094469,51.484943],[-0.094438,51.484952],[-0.094442,51.484935],[-0.094236,51.48445],[-0.094615,51.483738],[-0.094648,51.483627],[-0.094686,51.483157],[-0.094583,51.483144],[-0.094377,51.483111],[-0.094431,51.482953],[-0.094388,51.482388],[-0.093983,51.482387],[-0.094053,51.482971],[-0.093984,51.483052],[-0.09388,51.483056],[-0.093281,51.484108],[-0.092412,51.483926],[-0.092331,51.484103],[-0.091667,51.4841],[-0.09176,51.484263],[-0.092525,51.484349],[-0.092566,51.484404],[-0.092968,51.484599],[-0.093356,51.485247],[-0.093167,51.48532],[-0.094046,51.48653],[-0.094796,51.487576],[-0.091776,51.488621],[-0.091811,51.488683],[-0.09164,51.488734],[-0.091622,51.488706],[-0.091511,51.488729],[-0.091452,51.488636],[-0.09128,51.488674],[-0.091347,51.488781],[-0.090838,51.488913],[-0.090869,51.488962],[-0.090946,51.489095],[-0.090952,51.48911],[-0.090001,51.48935],[-0.089178,51.489534],[-0.086786,51.489487]]]]},"properties":{"entry-date":"2025-05-21","entity":7010003641,"name":"Elephant and Castle Major Town Centre","dataset":"article-4-direction-area","typology":"geography","reference":"225","prefix":"article-4-direction-area","organisation-entity":329,"quality":"authoritative","notes":"Change of use from Class E to residential is restricted","description":"225","article-4-direction":"225","permitted-development-rights":"None given","in_zone":true,"whole_in_zone":false,"in_cw":false,"organisation":"London Borough of Southwark"}},
{"type":"Feature","geometry":{"type":"MultiPolygon","coordinates":[[[[-0.041209,51.496406],[-0.041211,51.496443],[-0.041296,51.49679],[-0.041454,51.497484],[-0.041627,51.498149],[-0.041614,51.498131],[-0.041682,51.498275],[-0.041784,51.498394],[-0.043455,51.499038],[-0.044584,51.499476],[-0.044723,51.499511],[-0.044826,51.49945],[-0.044953,51.499318],[-0.045177,51.499104],[-0.045255,51.499018],[-0.045315,51.498855],[-0.045459,51.49864],[-0.046102,51.498174],[-0.046124,51.498197],[-0.046301,51.498326],[-0.046434,51.498412],[-0.046579,51.498495],[-0.046712,51.49856],[-0.046867,51.498626],[-0.047031,51.498683],[-0.047213,51.498735],[-0.047399,51.498777],[-0.047631,51.498814],[-0.047835,51.498836],[-0.048049,51.498848],[-0.048225,51.498841],[-0.048344,51.498829],[-0.048497,51.498805],[-0.048698,51.498752],[-0.048849,51.498693],[-0.049007,51.498605],[-0.049118,51.498537],[-0.04919,51.49847],[-0.049263,51.49839],[-0.04932,51.498305],[-0.04937,51.498186],[-0.049536,51.498213],[-0.049742,51.498237],[-0.049805,51.498258],[-0.049844,51.498286],[-0.049987,51.498471],[-0.050001,51.498483],[-0.050048,51.49851],[-0.050111,51.49853],[-0.050151,51.498535],[-0.050196,51.498559],[-0.050648,51.498425],[-0.049999,51.497607],[-0.050286,51.497463],[-0.050885,51.497157],[-0.050787,51.49705],[-0.050532,51.49685],[-0.05058,51.496826],[-0.050151,51.496488],[-0.050045,51.496397],[-0.049966,51.49634],[-0.050028,51.496304],[-0.050044,51.496289],[-0.050066,51.49626],[-0.050086,51.49621],[-0.050086,51.49616],[-0.050068,51.496092],[-0.049977,51.495897],[-0.049936,51.495844],[-0.049695,51.495588],[-0.049577,51.495459],[-0.049176,51.495034],[-0.049146,51.495012],[-0.049085,51.494981],[-0.049031,51.494961],[-0.048976,51.494951],[-0.048825,51.494938],[-0.048689,51.494935],[-0.048006,51.49367],[-0.048118,51.493531],[-0.047714,51.492856],[-0.047586,51.492735],[-0.047116,51.492937],[-0.046647,51.492285],[-0.046356,51.492369],[-0.045578,51.491817],[-0.045157,51.491605],[-0.045134,51.491539],[-0.044898,51.491566],[-0.044621,51.491244],[-0.044483,51.491149],[-0.044212,51.491313],[-0.044541,51.491541],[-0.043961,51.491775],[-0.044054,51.491863],[-0.044119,51.491989],[-0.043618,51.492085],[-0.043637,51.492106],[-0.043708,51.49227],[-0.044211,51.492168],[-0.044265,51.492274],[-0.044661,51.492153],[-0.044722,51.492183],[-0.044796,51.492202],[-0.044978,51.492288],[-0.045339,51.492471],[-0.045818,51.492744],[-0.046143,51.492947],[-0.046629,51.493229],[-0.045936,51.493538],[-0.045786,51.493595],[-0.045606,51.493671],[-0.045503,51.493766],[-0.045244,51.493957],[-0.044967,51.494187],[-0.044751,51.494472],[-0.044606,51.49463],[-0.044312,51.494844],[-0.04442,51.494921],[-0.044272,51.495058],[-0.043028,51.495753],[-0.04281,51.495854],[-0.042535,51.495951],[-0.041882,51.496087],[-0.041459,51.496165],[-0.041241,51.496319],[-0.041209,51.496406]]]]},"properties":{"entry-date":"2025-05-21","entity":7010003642,"name":"Canada Water Major Town Centre","dataset":"article-4-direction-area","typology":"geography","reference":"226","prefix":"article-4-direction-area","organisation-entity":329,"quality":"authoritative","notes":"Change of use from Class E to residential is restricted","description":"226","article-4-direction":"226","permitted-development-rights":"None given","in_zone":true,"whole_in_zone":true,"in_cw":false,"organisation":"London Borough of Southwark"}},
{"type":"Feature","geometry":{"type":"MultiPolygon","coordinates":[[[[-0.065456,51.492537],[-0.066032,51.492574],[-0.066047,51.492249],[-0.065684,51.492222],[-0.065718,51.491983],[-0.065153,51.491935],[-0.064719,51.491915],[-0.063669,51.491903],[-0.063422,51.491927],[-0.063091,51.49192],[-0.062309,51.4919],[-0.061647,51.491881],[-0.061655,51.492137],[-0.060542,51.492061],[-0.060545,51.492159],[-0.061177,51.492442],[-0.061233,51.492464],[-0.061255,51.492445],[-0.061281,51.492455],[-0.061897,51.492533],[-0.06222,51.492538],[-0.063002,51.492531],[-0.063168,51.492706],[-0.063728,51.493122],[-0.064066,51.492943],[-0.064153,51.492498],[-0.064131,51.492376],[-0.064764,51.492438],[-0.06476,51.492459],[-0.065456,51.492537]]]]},"properties":{"entry-date":"2025-05-21","entity":7010003644,"name":"The Blue Local Town Centre","dataset":"article-4-direction-area","typology":"geography","reference":"228","prefix":"article-4-direction-area","organisation-entity":329,"quality":"authoritative","notes":"Change of use from Class E to residential is restricted","description":"228","article-4-direction":"228","permitted-development-rights":"None given","in_zone":true,"whole_in_zone":true,"in_cw":false,"organisation":"London Borough of Southwark"}},
{"type":"Feature","geometry":{"type":"MultiPolygon","coordinates":[[[[-0.079674,51.497641],[-0.07988,51.497687],[-0.080409,51.497768],[-0.081577,51.497894],[-0.082121,51.497334],[-0.082688,51.497522],[-0.082945,51.497229],[-0.082566,51.49707],[-0.082788,51.496875],[-0.082626,51.4968],[-0.083115,51.496373],[-0.082982,51.496336],[-0.083244,51.496085],[-0.083369,51.496159],[-0.083425,51.496134],[-0.084313,51.495518],[-0.08418,51.495337],[-0.084248,51.495315],[-0.084329,51.495294],[-0.084175,51.495016],[-0.08373,51.49528],[-0.083385,51.495045],[-0.083296,51.495124],[-0.0831,51.495273],[-0.083231,51.495367],[-0.083193,51.495401],[-0.0828,51.495719],[-0.082692,51.495668],[-0.082635,51.495728],[-0.082664,51.495762],[-0.0826,51.495819],[-0.082442,51.49595],[-0.082086,51.496272],[-0.08202,51.496237],[-0.081784,51.496626],[-0.081027,51.496434],[-0.08095,51.496532],[-0.080813,51.496736],[-0.080867,51.496756],[-0.080794,51.4969],[-0.08077,51.496888],[-0.080641,51.497031],[-0.080676,51.497077],[-0.079896,51.497469],[-0.079674,51.497641]]]]},"properties":{"entry-date":"2025-05-21","entity":7010003645,"name":"Tower Bridge Road Local Town Centre","dataset":"article-4-direction-area","typology":"geography","reference":"229","prefix":"article-4-direction-area","organisation-entity":329,"quality":"authoritative","notes":"Change of use from Class E to residential is restricted","description":"229","article-4-direction":"229","permitted-development-rights":"None given","in_zone":true,"whole_in_zone":true,"in_cw":false,"organisation":"London Borough of Southwark"}},
{"type":"Feature","geometry":{"type":"MultiPolygon","coordinates":[[[[-0.086931,51.505842],[-0.08671,51.505809],[-0.086684,51.506021],[-0.086612,51.506016],[-0.086606,51.506042],[-0.086706,51.506094],[-0.087117,51.506248],[-0.087165,51.506261],[-0.087569,51.506289],[-0.087625,51.50616],[-0.086852,51.506046],[-0.086931,51.505842]]]]},"properties":{"entry-date":"2025-05-21","entity":7010003649,"name":"Protected shopping frontage SF12: Colechurch House","dataset":"article-4-direction-area","typology":"geography","reference":"233","prefix":"article-4-direction-area","organisation-entity":329,"quality":"authoritative","notes":"Change of use from Class E to residential is restricted","description":"233","article-4-direction":"233","permitted-development-rights":"None given","in_zone":true,"whole_in_zone":true,"in_cw":false,"organisation":"London Borough of Southwark"}},
{"type":"Feature","geometry":{"type":"MultiPolygon","coordinates":[[[[-0.08317,51.504458],[-0.083166,51.504438],[-0.082947,51.503832],[-0.082632,51.503881],[-0.082649,51.503928],[-0.082709,51.503919],[-0.082774,51.504081],[-0.082913,51.504064],[-0.08295,51.504158],[-0.082797,51.50416],[-0.082624,51.504145],[-0.082535,51.503896],[-0.082253,51.503939],[-0.082238,51.504008],[-0.082303,51.504023],[-0.082144,51.504181],[-0.082254,51.504228],[-0.082979,51.504458],[-0.083088,51.504484],[-0.083139,51.504478],[-0.083162,51.504471],[-0.08317,51.504458]]]]},"properties":{"entry-date":"2025-05-21","entity":7010003650,"name":"Protected shopping frontage SF14: Tooley Street","dataset":"article-4-direction-area","typology":"geography","reference":"234","prefix":"article-4-direction-area","organisation-entity":329,"quality":"authoritative","notes":"Change of use from Class E to residential is restricted","description":"234","article-4-direction":"234","permitted-development-rights":"None given","in_zone":true,"whole_in_zone":true,"in_cw":false,"organisation":"London Borough of Southwark"}},
{"type":"Feature","geometry":{"type":"MultiPolygon","coordinates":[[[[-0.072525,51.50029],[-0.072484,51.500277],[-0.071706,51.500406],[-0.071736,51.500485],[-0.071892,51.50046],[-0.071969,51.500612],[-0.072525,51.50029]]]]},"properties":{"entry-date":"2025-05-21","entity":7010003656,"name":"Protected shopping frontage SF16: Dockhead","dataset":"article-4-direction-area","typology":"geography","reference":"240","prefix":"article-4-direction-area","organisation-entity":329,"quality":"authoritative","notes":"Change of use from Class E to residential is restricted","description":"240","article-4-direction":"240","permitted-development-rights":"None given","in_zone":true,"whole_in_zone":true,"in_cw":false,"organisation":"London Borough of Southwark"}},
{"type":"Feature","geometry":{"type":"MultiPolygon","coordinates":[[[[-0.066138,51.498435],[-0.066141,51.498325],[-0.065286,51.498367],[-0.065205,51.49823],[-0.065047,51.498268],[-0.065181,51.498487],[-0.065932,51.498435],[-0.066138,51.498435]]]]},"properties":{"entry-date":"2025-05-21","entity":7010003657,"name":"Protected shopping frontage SF17: Jamaica Road","dataset":"article-4-direction-area","typology":"geography","reference":"241","prefix":"article-4-direction-area","organisation-entity":329,"quality":"authoritative","notes":"Change of use from Class E to residential is restricted","description":"241","article-4-direction":"241","permitted-development-rights":"None given","in_zone":true,"whole_in_zone":true,"in_cw":false,"organisation":"London Borough of Southwark"}},
{"type":"Feature","geometry":{"type":"MultiPolygon","coordinates":[[[[-0.052359,51.499666],[-0.052455,51.499775],[-0.053448,51.499247],[-0.053356,51.499133],[-0.053098,51.499218],[-0.053155,51.499264],[-0.052359,51.499666]]]]},"properties":{"entry-date":"2025-05-21","entity":7010003658,"name":"Protected shopping frontage SF19: Albion Street","dataset":"article-4-direction-area","typology":"geography","reference":"242","prefix":"article-4-direction-area","organisation-entity":329,"quality":"authoritative","notes":"Change of use from Class E to residential is restricted","description":"242","article-4-direction":"242","permitted-development-rights":"None given","in_zone":true,"whole_in_zone":true,"in_cw":false,"organisation":"London Borough of Southwark"}},
{"type":"Feature","geometry":{"type":"MultiPolygon","coordinates":[[[[-0.093666,51.47805],[-0.093606,51.477355],[-0.093456,51.477359],[-0.093501,51.477841],[-0.093442,51.477843],[-0.093452,51.478051],[-0.093666,51.47805]]]]},"properties":{"entry-date":"2025-05-21","entity":7010003659,"name":"Protected shopping frontage SF54: Camberwell Road","dataset":"article-4-direction-area","typology":"geography","reference":"243","prefix":"article-4-direction-area","organisation-entity":329,"quality":"authoritative","notes":"Change of use from Class E to residential is restricted","description":"243","article-4-direction":"243","permitted-development-rights":"None given","in_zone":true,"whole_in_zone":true,"in_cw":false,"organisation":"London Borough of Southwark"}},
{"type":"Feature","geometry":{"type":"MultiPolygon","coordinates":[[[[-0.094339,51.479354],[-0.094438,51.480054],[-0.094739,51.480047],[-0.094707,51.479348],[-0.094339,51.479354]]],[[[-0.093852,51.479508],[-0.093912,51.480044],[-0.09417,51.480037],[-0.09412,51.479494],[-0.093852,51.479508]]],[[[-0.094487,51.480252],[-0.094575,51.480788],[-0.094833,51.48076],[-0.094739,51.480249],[-0.094487,51.480252]]]]},"properties":{"entry-date":"2025-05-21","entity":7010003660,"name":"Protected shopping frontage SF56: Camberwell Road","dataset":"article-4-direction-area","typology":"geography","reference":"244","prefix":"article-4-direction-area","organisation-entity":329,"quality":"authoritative","notes":"Change of use from Class E to residential is restricted","description":"244","article-4-direction":"244","permitted-development-rights":"None given","in_zone":true,"whole_in_zone":true,"in_cw":false,"organisation":"London Borough of Southwark"}},
{"type":"Feature","geometry":{"type":"MultiPolygon","coordinates":[[[[-0.082448,51.477985],[-0.082523,51.478119],[-0.083529,51.478246],[-0.083565,51.478129],[-0.082448,51.477985]]],[[[-0.084435,51.478419],[-0.084493,51.478426],[-0.084475,51.478496],[-0.084552,51.478505],[-0.0846,51.478352],[-0.084796,51.478387],[-0.084769,51.478437],[-0.084867,51.478446],[-0.084913,51.478362],[-0.08496,51.478316],[-0.084497,51.478222],[-0.084435,51.478419]]],[[[-0.083754,51.478278],[-0.084218,51.478339],[-0.084266,51.478216],[-0.083795,51.478155],[-0.083754,51.478278]]],[[[-0.084772,51.478126],[-0.085008,51.478171],[-0.085038,51.478049],[-0.084815,51.478035],[-0.084772,51.478126]]]]},"properties":{"entry-date":"2025-05-21","entity":7010003664,"name":"Protected shopping frontage SF53: Southampton Way","dataset":"article-4-direction-area","typology":"geography","reference":"248","prefix":"article-4-direction-area","organisation-entity":329,"quality":"authoritative","notes":"Change of use from Class E to residential is restricted","description":"248","article-4-direction":"248","permitted-development-rights":"None given","in_zone":true,"whole_in_zone":true,"in_cw":false,"organisation":"London Borough of Southwark"}},
{"type":"Feature","geometry":{"type":"MultiPolygon","coordinates":[[[[-0.093711,51.496467],[-0.093798,51.496526],[-0.094232,51.496879],[-0.094244,51.496904],[-0.09432,51.496964],[-0.094401,51.496961],[-0.094463,51.496909],[-0.093914,51.496478],[-0.094081,51.496364],[-0.093966,51.496298],[-0.093711,51.496467]]],[[[-0.093402,51.496202],[-0.093507,51.496288],[-0.093612,51.496225],[-0.093506,51.496151],[-0.093402,51.496202]]]]},"properties":{"entry-date":"2025-05-21","entity":7010003672,"name":"Protected shopping frontage SF20: Harper Road","dataset":"article-4-direction-area","typology":"geography","reference":"256","prefix":"article-4-direction-area","organisation-entity":329,"quality":"authoritative","notes":"Change of use from Class E to residential is restricted","description":"256","article-4-direction":"256","permitted-development-rights":"None given","in_zone":true,"whole_in_zone":true,"in_cw":false,"organisation":"London Borough of Southwark"}},
{"type":"Feature","geometry":{"type":"MultiPolygon","coordinates":[[[[-0.082632,51.506142],[-0.08385,51.506352],[-0.083903,51.5061],[-0.083901,51.506091],[-0.08389,51.506078],[-0.083879,51.506071],[-0.083837,51.506051],[-0.084482,51.505578],[-0.083759,51.505263],[-0.082965,51.505919],[-0.082796,51.505871],[-0.082632,51.506142]]],[[[-0.083814,51.505197],[-0.084553,51.50552],[-0.084759,51.505369],[-0.083993,51.505041],[-0.083814,51.505197]]]]},"properties":{"entry-date":"2025-05-21","entity":7010003673,"name":"Protected shopping frontage SF13: Hay's Galleria","dataset":"article-4-direction-area","typology":"geography","reference":"257","prefix":"article-4-direction-area","organisation-entity":329,"quality":"authoritative","notes":"Change of use from Class E to residential is restricted","description":"257","article-4-direction":"257","permitted-development-rights":"None given","in_zone":true,"whole_in_zone":true,"in_cw":false,"organisation":"London Borough of Southwark"}},
{"type":"Feature","geometry":{"type":"MultiPolygon","coordinates":[[[[-0.084717,51.502377],[-0.085009,51.5025],[-0.084891,51.50262],[-0.08537,51.502811],[-0.08545,51.502542],[-0.085512,51.502346],[-0.085188,51.50231],[-0.084857,51.502243],[-0.084849,51.502253],[-0.084836,51.502263],[-0.084904,51.502308],[-0.084872,51.502338],[-0.084791,51.502305],[-0.084717,51.502377]],[[-0.084932,51.502362],[-0.084943,51.50235],[-0.085087,51.502373],[-0.085346,51.502407],[-0.085308,51.502523],[-0.084932,51.502362]]],[[[-0.084263,51.502403],[-0.084546,51.502484],[-0.084694,51.502214],[-0.084394,51.502159],[-0.084263,51.502403]]],[[[-0.083604,51.5022],[-0.083641,51.502266],[-0.08413,51.502242],[-0.084155,51.502153],[-0.083737,51.502174],[-0.083604,51.5022]]],[[[-0.087368,51.502072],[-0.087381,51.502199],[-0.087664,51.502159],[-0.087619,51.502034],[-0.087368,51.502072]]],[[[-0.087764,51.502014],[-0.087809,51.502138],[-0.088074,51.5021],[-0.088029,51.501977],[-0.087764,51.502014]]]]},"properties":{"entry-date":"2025-05-21","entity":7010003674,"name":"Protected shopping frontage SF11: Snowfields and Weston Street","dataset":"article-4-direction-area","typology":"geography","reference":"258","prefix":"article-4-direction-area","organisation-entity":329,"quality":"authoritative","notes":"Change of use from Class E to residential is restricted","description":"258","article-4-direction":"258","permitted-development-rights":"None given","in_zone":true,"whole_in_zone":true,"in_cw":false,"organisation":"London Borough of Southwark"}},
{"type":"Feature","geometry":{"type":"MultiPolygon","coordinates":[[[[-0.081589,51.499825],[-0.081852,51.500466],[-0.082078,51.500384],[-0.082134,51.500344],[-0.08249,51.500006],[-0.082572,51.499919],[-0.082384,51.499872],[-0.082383,51.499877],[-0.081906,51.499844],[-0.081912,51.499943],[-0.081763,51.499972],[-0.081705,51.499828],[-0.081589,51.499825]]],[[[-0.080485,51.500579],[-0.080533,51.500583],[-0.080517,51.50063],[-0.080623,51.500641],[-0.080635,51.50059],[-0.080786,51.500604],[-0.080775,51.500654],[-0.080648,51.500643],[-0.080636,51.500709],[-0.080757,51.500723],[-0.080773,51.500784],[-0.080896,51.500771],[-0.081716,51.500731],[-0.081634,51.500529],[-0.081572,51.500539],[-0.081336,51.500535],[-0.081012,51.500511],[-0.080506,51.50047],[-0.080485,51.500579]],[[-0.080818,51.500724],[-0.080849,51.50061],[-0.081132,51.500639],[-0.081143,51.500594],[-0.081295,51.500609],[-0.081253,51.500703],[-0.081059,51.500698],[-0.080818,51.500724]]],[[[-0.080371,51.498833],[-0.080495,51.49884],[-0.08087,51.498845],[-0.080963,51.498835],[-0.080941,51.498736],[-0.080999,51.498445],[-0.081027,51.498327],[-0.080706,51.498296],[-0.080688,51.498372],[-0.080546,51.498357],[-0.080518,51.49847],[-0.080803,51.498496],[-0.080783,51.498617],[-0.080583,51.4986],[-0.080572,51.498655],[-0.080401,51.498644],[-0.080371,51.498833]]],[[[-0.081912,51.500616],[-0.082053,51.50099],[-0.082381,51.500945],[-0.082329,51.500834],[-0.082256,51.50085],[-0.08223,51.500794],[-0.082348,51.500771],[-0.08243,51.500938],[-0.0826,51.500914],[-0.082539,51.500779],[-0.082473,51.500698],[-0.082159,51.500762],[-0.082122,51.500703],[-0.082092,51.500632],[-0.082088,51.500606],[-0.082056,51.500559],[-0.081976,51.500587],[-0.081912,51.500616]]],[[[-0.080816,51.499358],[-0.080843,51.499362],[-0.080842,51.499367],[-0.08085,51.49946],[-0.08119,51.499439],[-0.081167,51.49939],[-0.081091,51.499196],[-0.080824,51.499223],[-0.08082,51.499332],[-0.080816,51.499358]]],[[[-0.080372,51.499052],[-0.080805,51.499105],[-0.081042,51.499089],[-0.081022,51.499031],[-0.081,51.498977],[-0.080884,51.49899],[-0.080479,51.498983],[-0.080391,51.498978],[-0.080372,51.499052]]]]},"properties":{"entry-date":"2025-05-21","entity":7010003675,"name":"Protected shopping frontage SF15: Bermondsey Street","dataset":"article-4-direction-area","typology":"geography","reference":"259","prefix":"article-4-direction-area","organisation-entity":329,"quality":"authoritative","notes":"Change of use from Class E to residential is restricted","description":"259","article-4-direction":"259","permitted-development-rights":"None given","in_zone":true,"whole_in_zone":true,"in_cw":false,"organisation":"London Borough of Southwark"}},
{"type":"Feature","geometry":{"type":"MultiPolygon","coordinates":[[[[-0.08316,51.495906],[-0.083464,51.496092],[-0.08364,51.495974],[-0.083544,51.495922],[-0.083723,51.495796],[-0.083821,51.495855],[-0.084003,51.495735],[-0.083866,51.495655],[-0.083957,51.495599],[-0.084019,51.495637],[-0.084112,51.495577],[-0.084067,51.495546],[-0.084113,51.495519],[-0.08407,51.495488],[-0.084169,51.495423],[-0.084119,51.495393],[-0.084194,51.495343],[-0.084326,51.495531],[-0.084402,51.495479],[-0.084216,51.495183],[-0.083674,51.495543],[-0.083838,51.495639],[-0.083789,51.495671],[-0.083624,51.495576],[-0.083253,51.495822],[-0.08316,51.495906]]],[[[-0.081402,51.496492],[-0.081827,51.496597],[-0.082191,51.496407],[-0.08222,51.49639],[-0.082752,51.49597],[-0.082625,51.495889],[-0.081991,51.496378],[-0.081913,51.496419],[-0.081849,51.496515],[-0.081472,51.496423],[-0.081402,51.496492]]],[[[-0.082676,51.496387],[-0.082815,51.496434],[-0.082938,51.496306],[-0.083137,51.496385],[-0.083264,51.49627],[-0.083385,51.496321],[-0.083431,51.496275],[-0.083098,51.49607],[-0.083016,51.49603],[-0.082895,51.496142],[-0.082749,51.496298],[-0.082676,51.496387]]],[[[-0.082436,51.496854],[-0.082646,51.496951],[-0.08275,51.496867],[-0.082627,51.4968],[-0.082695,51.496682],[-0.082741,51.496704],[-0.082962,51.496524],[-0.082854,51.496477],[-0.082795,51.496458],[-0.082653,51.496417],[-0.082587,51.496502],[-0.082524,51.496594],[-0.082497,51.496638],[-0.082468,51.496692],[-0.082454,51.496733],[-0.082446,51.496777],[-0.082436,51.496854]]],[[[-0.080693,51.496989],[-0.080833,51.497036],[-0.080986,51.496969],[-0.081033,51.496885],[-0.081032,51.496878],[-0.081054,51.496817],[-0.081091,51.496742],[-0.081136,51.4967],[-0.081158,51.496655],[-0.080934,51.496595],[-0.080736,51.496942],[-0.080693,51.496989]]],[[[-0.082662,51.4957],[-0.082892,51.495853],[-0.082985,51.495766],[-0.083279,51.495533],[-0.083166,51.495468],[-0.082862,51.495705],[-0.082731,51.495641],[-0.082662,51.4957]]],[[[-0.083128,51.495243],[-0.083437,51.495426],[-0.083569,51.495345],[-0.083278,51.495152],[-0.083128,51.495243]]]]},"properties":{"entry-date":"2025-05-21","entity":7010003676,"name":"Protected shopping frontage SF21: Tower Bridge Road","dataset":"article-4-direction-area","typology":"geography","reference":"260","prefix":"article-4-direction-area","organisation-entity":329,"quality":"authoritative","notes":"Change of use from Class E to residential is restricted","description":"260","article-4-direction":"260","permitted-development-rights":"None given","in_zone":true,"whole_in_zone":true,"in_cw":false,"organisation":"London Borough of Southwark"}},
{"type":"Feature","geometry":{"type":"MultiPolygon","coordinates":[[[[-0.060696,51.498108],[-0.060703,51.498209],[-0.06073,51.498339],[-0.062024,51.498221],[-0.06199,51.498062],[-0.060918,51.498163],[-0.060905,51.498091],[-0.060696,51.498108]]],[[[-0.062237,51.498127],[-0.062267,51.498279],[-0.063325,51.49814],[-0.063281,51.497994],[-0.062237,51.498127]]],[[[-0.059471,51.498482],[-0.059473,51.498621],[-0.060308,51.498527],[-0.060339,51.498505],[-0.060352,51.49848],[-0.060355,51.498453],[-0.060242,51.498461],[-0.059598,51.498528],[-0.059581,51.498471],[-0.059471,51.498482]]],[[[-0.05865,51.498609],[-0.058671,51.498698],[-0.059238,51.498646],[-0.05924,51.498555],[-0.05865,51.498609]]]]},"properties":{"entry-date":"2025-05-21","entity":7010003677,"name":"Protected shopping frontage SF18: Jamaica Road","dataset":"article-4-direction-area","typology":"geography","reference":"261","prefix":"article-4-direction-area","organisation-entity":329,"quality":"authoritative","notes":"Change of use from Class E to residential is restricted","description":"261","article-4-direction":"261","permitted-development-rights":"None given","in_zone":true,"whole_in_zone":true,"in_cw":false,"organisation":"London Borough of Southwark"}},
{"type":"Feature","geometry":{"type":"MultiPolygon","coordinates":[[[[-0.044086,51.491088],[-0.044145,51.491053],[-0.044108,51.491028],[-0.043965,51.491111],[-0.044241,51.491294],[-0.044212,51.491313],[-0.044819,51.491739],[-0.045151,51.491676],[-0.045171,51.491653],[-0.045134,51.491539],[-0.044922,51.490988],[-0.044711,51.491022],[-0.044919,51.491552],[-0.044869,51.491582],[-0.044813,51.491543],[-0.044843,51.491526],[-0.044817,51.491507],[-0.044745,51.49155],[-0.044524,51.491383],[-0.044715,51.491282],[-0.044667,51.491167],[-0.044596,51.491181],[-0.044432,51.491032],[-0.044384,51.491053],[-0.044598,51.491271],[-0.044462,51.491344],[-0.044086,51.491088]]],[[[-0.045468,51.491896],[-0.045422,51.491924],[-0.045246,51.491833],[-0.045131,51.491886],[-0.045117,51.491925],[-0.046044,51.492469],[-0.046252,51.492334],[-0.046227,51.492311],[-0.046093,51.492392],[-0.046042,51.492365],[-0.046123,51.492311],[-0.045967,51.492216],[-0.045925,51.492244],[-0.045823,51.492188],[-0.04597,51.492082],[-0.045863,51.492027],[-0.045693,51.492143],[-0.045647,51.492108],[-0.045739,51.492042],[-0.045681,51.492012],[-0.045572,51.492089],[-0.045466,51.49203],[-0.045573,51.491954],[-0.045468,51.491896]]],[[[-0.044648,51.492156],[-0.044578,51.492178],[-0.044595,51.492078],[-0.04469,51.49209],[-0.044664,51.492147],[-0.044661,51.492153],[-0.044796,51.492202],[-0.044857,51.492188],[-0.044952,51.492308],[-0.045225,51.492229],[-0.044744,51.491973],[-0.044667,51.491952],[-0.044598,51.491945],[-0.04347,51.492163],[-0.043536,51.492254],[-0.04395,51.492179],[-0.043972,51.492221],[-0.043848,51.492244],[-0.043916,51.49238],[-0.04386,51.492397],[-0.043907,51.492463],[-0.044313,51.492338],[-0.044299,51.492316],[-0.044682,51.492199],[-0.044648,51.492156]],[[-0.044491,51.492121],[-0.044212,51.492177],[-0.044277,51.492288],[-0.043995,51.492371],[-0.043949,51.492275],[-0.044167,51.492234],[-0.044121,51.492137],[-0.04448,51.492068],[-0.044491,51.492121]]],[[[-0.045739,51.492701],[-0.046148,51.492933],[-0.046246,51.49287],[-0.045822,51.492629],[-0.045739,51.492701]]],[[[-0.046347,51.49252],[-0.046446,51.49245],[-0.046431,51.492441],[-0.046418,51.492434],[-0.04623,51.492556],[-0.047211,51.493101],[-0.04719,51.493105],[-0.047272,51.493181],[-0.047373,51.493232],[-0.047073,51.492886],[-0.047044,51.492907],[-0.046869,51.492821],[-0.04693,51.492778],[-0.046826,51.492721],[-0.046773,51.492758],[-0.046347,51.49252]]],[[[-0.046322,51.493012],[-0.0464,51.493058],[-0.046304,51.493121],[-0.046269,51.493082],[-0.046187,51.493112],[-0.046266,51.493205],[-0.046561,51.4931],[-0.046545,51.493022],[-0.046415,51.492948],[-0.046322,51.493012]]]]},"properties":{"entry-date":"2025-05-21","entity":7010003678,"name":"Protected shopping frontage SF22: Lower Road and Plough Way","dataset":"article-4-direction-area","typology":"geography","reference":"262","prefix":"article-4-direction-area","organisation-entity":329,"quality":"authoritative","notes":"Change of use from Class E to residential is restricted","description":"262","article-4-direction":"262","permitted-development-rights":"None given","in_zone":true,"whole_in_zone":true,"in_cw":false,"organisation":"London Borough of Southwark"}},
{"type":"Feature","geometry":{"type":"MultiPolygon","coordinates":[[[[-0.05682,51.488335],[-0.056947,51.488348],[-0.057572,51.488363],[-0.057709,51.488392],[-0.057792,51.488258],[-0.057772,51.488251],[-0.05767,51.488224],[-0.057553,51.488217],[-0.057452,51.488217],[-0.056953,51.488202],[-0.056854,51.488192],[-0.05682,51.488335]]]]},"properties":{"entry-date":"2025-05-21","entity":7010003679,"name":"Protected shopping frontage SF25: Ilderton Road","dataset":"article-4-direction-area","typology":"geography","reference":"263","prefix":"article-4-direction-area","organisation-entity":329,"quality":"authoritative","notes":"Change of use from Class E to residential is restricted","description":"263","article-4-direction":"263","permitted-development-rights":"None given","in_zone":true,"whole_in_zone":true,"in_cw":false,"organisation":"London Borough of Southwark"}},
{"type":"Feature","geometry":{"type":"MultiPolygon","coordinates":[[[[-0.062393,51.492154],[-0.062643,51.492163],[-0.062982,51.492125],[-0.062994,51.492156],[-0.063699,51.492083],[-0.063707,51.492109],[-0.06399,51.492093],[-0.063989,51.492051],[-0.064248,51.492055],[-0.064252,51.491949],[-0.063984,51.491944],[-0.063986,51.491889],[-0.063873,51.491891],[-0.063874,51.491794],[-0.063769,51.49179],[-0.063771,51.491741],[-0.063623,51.491684],[-0.063483,51.49168],[-0.063475,51.491783],[-0.063433,51.491782],[-0.063422,51.491927],[-0.063292,51.491942],[-0.062399,51.491925],[-0.062393,51.492154]]],[[[-0.062901,51.492364],[-0.063042,51.492548],[-0.063179,51.492647],[-0.063266,51.492613],[-0.063693,51.492946],[-0.063815,51.492899],[-0.063808,51.492895],[-0.063864,51.492867],[-0.063873,51.492815],[-0.064084,51.492832],[-0.064151,51.492508],[-0.063892,51.492487],[-0.06384,51.492787],[-0.063751,51.49278],[-0.063439,51.492521],[-0.063338,51.49244],[-0.063306,51.492332],[-0.063278,51.492318],[-0.062903,51.492356],[-0.062901,51.492364]]],[[[-0.062255,51.492607],[-0.062275,51.492689],[-0.062294,51.492714],[-0.06232,51.492743],[-0.062509,51.49273],[-0.062474,51.492584],[-0.06261,51.492571],[-0.062651,51.492656],[-0.06247,51.492812],[-0.062663,51.4929],[-0.062801,51.49295],[-0.062841,51.492956],[-0.06285,51.492954],[-0.063129,51.492838],[-0.063012,51.492745],[-0.062852,51.49263],[-0.062732,51.492491],[-0.06266,51.492374],[-0.062652,51.492356],[-0.062286,51.492336],[-0.062259,51.492508],[-0.062255,51.492607]],[[-0.062302,51.492544],[-0.062398,51.492538],[-0.06242,51.49266],[-0.062324,51.492666],[-0.062302,51.492544]],[[-0.06253,51.492503],[-0.06267,51.4925],[-0.062678,51.492543],[-0.06254,51.492553],[-0.06253,51.492503]]],[[[-0.063846,51.492448],[-0.064513,51.492513],[-0.064525,51.492466],[-0.064076,51.492421],[-0.064085,51.492385],[-0.06506,51.49248],[-0.065095,51.492343],[-0.0639,51.492233],[-0.063846,51.492448]]],[[[-0.060796,51.49222],[-0.060796,51.492247],[-0.061054,51.492353],[-0.061279,51.492364],[-0.06129,51.492399],[-0.061507,51.492371],[-0.061531,51.492431],[-0.061669,51.492423],[-0.061914,51.492452],[-0.062041,51.492461],[-0.062058,51.492314],[-0.061104,51.492231],[-0.060796,51.49222]]],[[[-0.065269,51.492726],[-0.065396,51.492735],[-0.065443,51.492523],[-0.066106,51.492565],[-0.066129,51.492426],[-0.065349,51.492373],[-0.065269,51.492726]]],[[[-0.065332,51.492168],[-0.065378,51.492199],[-0.065671,51.492219],[-0.065712,51.492014],[-0.065588,51.492003],[-0.065575,51.491916],[-0.065582,51.49187],[-0.065542,51.491867],[-0.065546,51.491714],[-0.065368,51.491709],[-0.065332,51.492168]]],[[[-0.061693,51.49187],[-0.061708,51.491923],[-0.061699,51.492126],[-0.061702,51.492128],[-0.06216,51.492173],[-0.062094,51.491927],[-0.061953,51.491939],[-0.061979,51.492012],[-0.061863,51.492003],[-0.061862,51.491903],[-0.062077,51.491883],[-0.062039,51.491719],[-0.061696,51.49171],[-0.061696,51.491756],[-0.061953,51.49176],[-0.061975,51.49186],[-0.061693,51.49187]]],[[[-0.064279,51.492076],[-0.064804,51.492126],[-0.064835,51.49199],[-0.064312,51.491942],[-0.064279,51.492076]]],[[[-0.064873,51.492154],[-0.065076,51.492172],[-0.065111,51.492016],[-0.064911,51.491997],[-0.064873,51.492154]]]]},"properties":{"entry-date":"2025-05-21","entity":7010003680,"name":"Protected shopping frontage SF5: The Blue","dataset":"article-4-direction-area","typology":"geography","reference":"264","prefix":"article-4-direction-area","organisation-entity":329,"quality":"authoritative","notes":"Change of use from Class E to residential is restricted","description":"264","article-4-direction":"264","permitted-development-rights":"None given","in_zone":true,"whole_in_zone":true,"in_cw":false,"organisation":"London Borough of Southwark"}},
{"type":"Feature","geometry":{"type":"MultiPolygon","coordinates":[[[[-0.064084,51.482901],[-0.064683,51.483183],[-0.064679,51.483187],[-0.064789,51.483235],[-0.064913,51.483283],[-0.065272,51.482834],[-0.065142,51.482765],[-0.064958,51.483002],[-0.064996,51.483015],[-0.064935,51.483061],[-0.064833,51.483023],[-0.064845,51.483012],[-0.064848,51.482998],[-0.064844,51.482995],[-0.064929,51.482958],[-0.064858,51.48285],[-0.064669,51.482898],[-0.06472,51.482977],[-0.064694,51.482984],[-0.064659,51.483004],[-0.064286,51.482827],[-0.064245,51.482859],[-0.064179,51.482826],[-0.064084,51.482901]]],[[[-0.062712,51.482265],[-0.063671,51.482722],[-0.063772,51.482622],[-0.062828,51.48217],[-0.062712,51.482265]]],[[[-0.060266,51.480734],[-0.060268,51.480766],[-0.060818,51.480975],[-0.060989,51.480811],[-0.060908,51.480766],[-0.060748,51.480705],[-0.060685,51.480771],[-0.060483,51.480698],[-0.060438,51.480743],[-0.06038,51.480715],[-0.06038,51.480713],[-0.060373,51.480713],[-0.060327,51.480695],[-0.060307,51.480699],[-0.060266,51.480734]]],[[[-0.065291,51.48313],[-0.065395,51.48315],[-0.065437,51.483066],[-0.065719,51.483151],[-0.065795,51.483053],[-0.066057,51.483158],[-0.066111,51.483104],[-0.065502,51.482868],[-0.065291,51.48313]]],[[[-0.065213,51.482639],[-0.065368,51.482714],[-0.065502,51.482532],[-0.06545,51.482459],[-0.065321,51.482507],[-0.065213,51.482639]]],[[[-0.065592,51.482754],[-0.065859,51.482855],[-0.065963,51.48281],[-0.065807,51.482695],[-0.065668,51.482651],[-0.065592,51.482754]]],[[[-0.063878,51.482801],[-0.064037,51.48287],[-0.064105,51.482809],[-0.063946,51.48274],[-0.063878,51.482801]]]]},"properties":{"entry-date":"2025-05-21","entity":7010003681,"name":"Protected shopping frontage SF27: Peckham Park Road and Old Kent Road","dataset":"article-4-direction-area","typology":"geography","reference":"265","prefix":"article-4-direction-area","organisation-entity":329,"quality":"authoritative","notes":"Change of use from Class E to residential is restricted","description":"265","article-4-direction":"265","permitted-development-rights":"None given","in_zone":true,"whole_in_zone":true,"in_cw":false,"organisation":"London Borough of Southwark"}},
{"type":"Feature","geometry":{"type":"MultiPolygon","coordinates":[[[[-0.080186,51.489934],[-0.080189,51.489956],[-0.080897,51.490409],[-0.080989,51.490355],[-0.081069,51.490409],[-0.080979,51.490454],[-0.081229,51.490623],[-0.08182,51.490385],[-0.08168,51.490299],[-0.08131,51.490462],[-0.081171,51.490358],[-0.081086,51.490298],[-0.081171,51.490247],[-0.080564,51.489868],[-0.080489,51.489798],[-0.080186,51.489934]]],[[[-0.078851,51.489231],[-0.079983,51.489846],[-0.080275,51.489717],[-0.080202,51.489668],[-0.080145,51.489699],[-0.080095,51.489672],[-0.080208,51.489618],[-0.079962,51.489475],[-0.079951,51.48948],[-0.07985,51.489556],[-0.07947,51.48935],[-0.079606,51.489253],[-0.079494,51.489191],[-0.079361,51.48929],[-0.079026,51.489104],[-0.078851,51.489231]]],[[[-0.077826,51.489145],[-0.079376,51.489976],[-0.079529,51.489875],[-0.078737,51.489424],[-0.07822,51.489153],[-0.078124,51.489126],[-0.077985,51.489072],[-0.077971,51.489074],[-0.077939,51.489083],[-0.077852,51.489126],[-0.077826,51.489145]]],[[[-0.074115,51.486805],[-0.075129,51.487235],[-0.075151,51.487208],[-0.075194,51.487112],[-0.075204,51.487046],[-0.075117,51.487008],[-0.075095,51.487057],[-0.074341,51.486734],[-0.074416,51.486665],[-0.074337,51.486599],[-0.074366,51.486285],[-0.07421,51.486276],[-0.074184,51.486622],[-0.074227,51.486624],[-0.074121,51.48673],[-0.074115,51.486805]]],[[[-0.077015,51.488247],[-0.077667,51.4886],[-0.077961,51.488361],[-0.077824,51.488295],[-0.077678,51.488229],[-0.077597,51.488289],[-0.077682,51.48833],[-0.077646,51.488358],[-0.077739,51.488409],[-0.077702,51.488437],[-0.077593,51.488379],[-0.077549,51.488414],[-0.077362,51.48831],[-0.077459,51.488235],[-0.077308,51.488156],[-0.077401,51.488095],[-0.077316,51.488045],[-0.077015,51.488247]]],[[[-0.080819,51.490885],[-0.081782,51.491634],[-0.081919,51.491571],[-0.081448,51.491188],[-0.080954,51.490819],[-0.080819,51.490885]]],[[[-0.079525,51.490309],[-0.07961,51.490358],[-0.079807,51.490222],[-0.080283,51.490503],[-0.080446,51.490401],[-0.079875,51.490062],[-0.079525,51.490309]]],[[[-0.081386,51.490731],[-0.081499,51.490811],[-0.08175,51.491008],[-0.08202,51.491217],[-0.082164,51.491138],[-0.081554,51.490664],[-0.081386,51.490731]]],[[[-0.078308,51.488937],[-0.078678,51.489136],[-0.078958,51.488934],[-0.078802,51.48885],[-0.078685,51.488935],[-0.078783,51.488988],[-0.078731,51.489027],[-0.078526,51.488917],[-0.07862,51.488849],[-0.078511,51.48879],[-0.078308,51.488937]]],[[[-0.080195,51.490762],[-0.080281,51.490813],[-0.080386,51.490746],[-0.080352,51.490725],[-0.080524,51.490614],[-0.080596,51.490661],[-0.08043,51.490759],[-0.080536,51.490841],[-0.080846,51.490694],[-0.080742,51.490605],[-0.0806,51.490508],[-0.080195,51.490762]]],[[[-0.073635,51.486639],[-0.073876,51.486702],[-0.073893,51.486695],[-0.073914,51.486438],[-0.073657,51.486429],[-0.073635,51.486639]]],[[[-0.07794,51.48873],[-0.078146,51.488839],[-0.078362,51.488677],[-0.078149,51.488559],[-0.07794,51.48873]]],[[[-0.081732,51.490592],[-0.081814,51.490673],[-0.082117,51.49054],[-0.082043,51.490467],[-0.081732,51.490592]]],[[[-0.075313,51.487328],[-0.075457,51.487407],[-0.0756,51.487289],[-0.075418,51.487196],[-0.075313,51.487328]]],[[[-0.076589,51.488023],[-0.076689,51.488078],[-0.076874,51.487957],[-0.076767,51.487895],[-0.076752,51.487911],[-0.076589,51.488023]]],[[[-0.076726,51.488094],[-0.076833,51.488152],[-0.076941,51.488074],[-0.076833,51.488016],[-0.076726,51.488094]]]]},"properties":{"entry-date":"2025-05-21","entity":7010003682,"name":"Protected shopping frontage SF24: Old Kent Road, East Street and Dunton Road","dataset":"article-4-direction-area","typology":"geography","reference":"266","prefix":"article-4-direction-area","organisation-entity":329,"quality":"authoritative","notes":"Change of use from Class E to residential is restricted","description":"266","article-4-direction":"266","permitted-development-rights":"None given","in_zone":true,"whole_in_zone":true,"in_cw":false,"organisation":"London Borough of Southwark"}},
{"type":"Feature","geometry":{"type":"MultiPolygon","coordinates":[[[[-0.094839,51.487952],[-0.094869,51.487993],[-0.095039,51.488128],[-0.095199,51.488086],[-0.095216,51.488107],[-0.095018,51.488165],[-0.09508,51.488239],[-0.095237,51.488196],[-0.095261,51.488231],[-0.095366,51.488205],[-0.095386,51.488242],[-0.095216,51.488282],[-0.095281,51.488383],[-0.095254,51.488391],[-0.095234,51.488418],[-0.09526,51.488464],[-0.09534,51.488448],[-0.095392,51.488528],[-0.095185,51.488572],[-0.095243,51.488686],[-0.095524,51.488623],[-0.095654,51.48886],[-0.095573,51.488879],[-0.095529,51.488799],[-0.095422,51.488823],[-0.095467,51.488901],[-0.095368,51.488921],[-0.095416,51.489006],[-0.095719,51.48894],[-0.095784,51.489059],[-0.095689,51.489078],[-0.095729,51.489153],[-0.095827,51.489129],[-0.095903,51.489266],[-0.095815,51.489285],[-0.095846,51.489327],[-0.095924,51.48931],[-0.095974,51.489393],[-0.095819,51.489429],[-0.095842,51.489472],[-0.095948,51.489449],[-0.095998,51.489542],[-0.095876,51.489569],[-0.09576,51.489347],[-0.095481,51.489409],[-0.095662,51.489712],[-0.096338,51.48952],[-0.095868,51.488722],[-0.095706,51.488454],[-0.095538,51.488121],[-0.095508,51.488026],[-0.095392,51.487859],[-0.094839,51.487952]]],[[[-0.095726,51.487975],[-0.095823,51.488166],[-0.095985,51.488436],[-0.096522,51.489359],[-0.096546,51.489364],[-0.096938,51.489232],[-0.097294,51.489102],[-0.097077,51.488834],[-0.096984,51.488853],[-0.09692,51.488743],[-0.096947,51.488741],[-0.096993,51.488731],[-0.096796,51.488445],[-0.096637,51.488481],[-0.096747,51.488654],[-0.096632,51.48868],[-0.096697,51.488795],[-0.096618,51.488812],[-0.096685,51.488928],[-0.096762,51.488911],[-0.096827,51.489026],[-0.096738,51.489046],[-0.096845,51.489204],[-0.096719,51.48923],[-0.09653,51.488906],[-0.096616,51.488887],[-0.096568,51.488807],[-0.096612,51.488797],[-0.096378,51.488407],[-0.096448,51.48839],[-0.096381,51.488286],[-0.096084,51.488357],[-0.096029,51.488268],[-0.096143,51.48824],[-0.096084,51.488137],[-0.096015,51.488157],[-0.095836,51.487946],[-0.095736,51.487963],[-0.095726,51.487975]],[[-0.097079,51.489008],[-0.097101,51.489042],[-0.096915,51.489111],[-0.096879,51.489056],[-0.097079,51.489008]]],[[[-0.094127,51.486696],[-0.094506,51.487198],[-0.094605,51.487167],[-0.094726,51.487341],[-0.094641,51.48736],[-0.094983,51.487784],[-0.095351,51.487716],[-0.095141,51.487277],[-0.094788,51.486777],[-0.094479,51.48689],[-0.094328,51.486727],[-0.094437,51.486681],[-0.094523,51.486769],[-0.09473,51.486695],[-0.094632,51.486559],[-0.094596,51.486526],[-0.094148,51.486686],[-0.094127,51.486696]]],[[[-0.095341,51.487101],[-0.095413,51.487254],[-0.095661,51.487827],[-0.096,51.487754],[-0.095978,51.487693],[-0.096292,51.48764],[-0.096218,51.48746],[-0.096344,51.48744],[-0.096268,51.487262],[-0.095907,51.487318],[-0.095881,51.487264],[-0.095763,51.487287],[-0.095738,51.487212],[-0.095793,51.4872],[-0.095733,51.487081],[-0.095833,51.487058],[-0.095802,51.487001],[-0.095341,51.487101]]],[[[-0.094131,51.485498],[-0.094449,51.485974],[-0.095077,51.485841],[-0.094981,51.485607],[-0.094979,51.485607],[-0.094964,51.485572],[-0.094967,51.485571],[-0.094926,51.485472],[-0.094656,51.485513],[-0.094642,51.48548],[-0.095697,51.485318],[-0.095659,51.485223],[-0.095318,51.485275],[-0.095334,51.485314],[-0.094131,51.485498]]],[[[-0.09325,51.48539],[-0.093315,51.485472],[-0.093449,51.485435],[-0.093481,51.485473],[-0.093318,51.485522],[-0.09353,51.485777],[-0.093638,51.48574],[-0.093577,51.485616],[-0.093626,51.485601],[-0.093723,51.485723],[-0.093658,51.485742],[-0.093729,51.485839],[-0.093694,51.48585],[-0.093773,51.48598],[-0.0938,51.485972],[-0.093861,51.486088],[-0.094094,51.486016],[-0.094008,51.485873],[-0.093812,51.485565],[-0.093692,51.485267],[-0.09325,51.48539]]],[[[-0.093948,51.485002],[-0.094069,51.485356],[-0.095147,51.485187],[-0.095119,51.485116],[-0.094424,51.485224],[-0.094338,51.484995],[-0.094491,51.484971],[-0.094509,51.484956],[-0.094512,51.484943],[-0.094504,51.484926],[-0.094464,51.484908],[-0.093964,51.484988],[-0.093948,51.485002]]],[[[-0.093439,51.486663],[-0.093507,51.486748],[-0.09361,51.486716],[-0.09391,51.486609],[-0.094485,51.4864],[-0.094457,51.486342],[-0.094404,51.486266],[-0.094276,51.48612],[-0.094017,51.486201],[-0.094175,51.486403],[-0.093439,51.486663]]],[[[-0.09453,51.486111],[-0.094905,51.486546],[-0.095089,51.48648],[-0.095038,51.486421],[-0.095152,51.486383],[-0.095084,51.486299],[-0.094967,51.486338],[-0.094929,51.486293],[-0.095034,51.486261],[-0.094896,51.486096],[-0.094792,51.486129],[-0.094738,51.486068],[-0.09453,51.486111]]],[[[-0.095021,51.486671],[-0.095223,51.486897],[-0.095671,51.486747],[-0.095635,51.4867],[-0.095348,51.486793],[-0.0953,51.486739],[-0.095461,51.486683],[-0.095431,51.486648],[-0.095338,51.486679],[-0.095263,51.486586],[-0.095021,51.486671]]]]},"properties":{"entry-date":"2025-05-21","entity":7010003683,"name":"Protected shopping frontage SF2: Walworth Road","dataset":"article-4-direction-area","typology":"geography","reference":"267","prefix":"article-4-direction-area","organisation-entity":329,"quality":"authoritative","notes":"Change of use from Class E to residential is restricted","description":"267","article-4-direction":"267","permitted-development-rights":"None given","in_zone":true,"whole_in_zone":false,"in_cw":false,"organisation":"London Borough of Southwark"}},
{"type":"Feature","geometry":{"type":"MultiPolygon","coordinates":[[[[-0.09433,51.501119],[-0.094796,51.501292],[-0.095008,51.501073],[-0.094837,51.501006],[-0.09426,51.500722],[-0.094081,51.500832],[-0.094192,51.500899],[-0.094273,51.500939],[-0.094337,51.500964],[-0.094305,51.500996],[-0.094357,51.501014],[-0.09441,51.500977],[-0.094551,51.50099],[-0.094639,51.500991],[-0.094637,51.501013],[-0.094686,51.501031],[-0.094625,51.501098],[-0.094605,51.501091],[-0.094496,51.501034],[-0.094439,51.501014],[-0.09433,51.501119]]],[[[-0.094289,51.50105],[-0.094099,51.500965],[-0.093983,51.500887],[-0.093566,51.501147],[-0.093503,51.501193],[-0.093496,51.501221],[-0.093502,51.501251],[-0.093527,51.501276],[-0.093568,51.501291],[-0.093978,51.501408],[-0.094223,51.501471],[-0.094396,51.501284],[-0.094146,51.501194],[-0.094289,51.50105]]],[[[-0.091335,51.502482],[-0.091302,51.502527],[-0.091811,51.502707],[-0.091544,51.502757],[-0.091491,51.502741],[-0.091057,51.502588],[-0.090824,51.502858],[-0.09093,51.502906],[-0.09118,51.502982],[-0.09142,51.503042],[-0.091653,51.503108],[-0.091781,51.502943],[-0.091991,51.502681],[-0.091977,51.502661],[-0.091335,51.502482]],[[-0.091244,51.502926],[-0.091366,51.50279],[-0.091468,51.502823],[-0.091361,51.502963],[-0.091244,51.502926]]],[[[-0.092322,51.50266],[-0.092267,51.502727],[-0.092222,51.502789],[-0.092084,51.502961],[-0.091993,51.503102],[-0.091889,51.503239],[-0.092266,51.503342],[-0.092325,51.50335],[-0.092408,51.503231],[-0.092596,51.502987],[-0.092615,51.502863],[-0.092706,51.502759],[-0.092529,51.502699],[-0.092551,51.502658],[-0.092751,51.502695],[-0.092806,51.502593],[-0.092811,51.502581],[-0.092589,51.502519],[-0.092639,51.502432],[-0.092753,51.502463],[-0.09278,51.502422],[-0.092676,51.502395],[-0.092754,51.50224],[-0.092568,51.502191],[-0.092496,51.502313],[-0.092322,51.50266]]],[[[-0.091916,51.503405],[-0.091734,51.503402],[-0.091383,51.503774],[-0.091182,51.504083],[-0.090921,51.504587],[-0.090915,51.504614],[-0.090942,51.504627],[-0.091162,51.504606],[-0.091306,51.504596],[-0.091734,51.504589],[-0.091735,51.50452],[-0.091549,51.504525],[-0.09162,51.504344],[-0.091184,51.504266],[-0.091206,51.504229],[-0.091614,51.504294],[-0.091696,51.504107],[-0.091463,51.504064],[-0.091512,51.503979],[-0.092191,51.504099],[-0.092551,51.504215],[-0.092657,51.504111],[-0.092958,51.503635],[-0.092269,51.503498],[-0.091916,51.503405]],[[-0.092327,51.504027],[-0.091473,51.50381],[-0.091503,51.503772],[-0.092365,51.503961],[-0.092327,51.504027]],[[-0.092388,51.504042],[-0.092429,51.503977],[-0.092652,51.504054],[-0.09262,51.5041],[-0.092388,51.504042]]],[[[-0.092213,51.504791],[-0.09177,51.504788],[-0.091095,51.504804],[-0.090787,51.504844],[-0.090737,51.504857],[-0.090718,51.504873],[-0.090773,51.50497],[-0.090996,51.505141],[-0.091385,51.505067],[-0.091642,51.505013],[-0.092213,51.504791]]],[[[-0.091802,51.50509],[-0.091191,51.505295],[-0.091296,51.50538],[-0.091892,51.505187],[-0.091802,51.50509]]],[[[-0.091333,51.503176],[-0.091206,51.503147],[-0.090907,51.503066],[-0.090539,51.502908],[-0.090486,51.502893],[-0.090433,51.502947],[-0.091141,51.503232],[-0.091224,51.503255],[-0.091175,51.503311],[-0.091412,51.503397],[-0.091427,51.503398],[-0.091556,51.503239],[-0.091333,51.503176]]],[[[-0.091016,51.503421],[-0.090933,51.503389],[-0.090844,51.503388],[-0.090792,51.503438],[-0.090874,51.503467],[-0.090707,51.503626],[-0.090956,51.503715],[-0.090798,51.503883],[-0.090991,51.503962],[-0.091394,51.503479],[-0.091155,51.503393],[-0.091043,51.503391],[-0.091016,51.503421]]],[[[-0.088346,51.504557],[-0.088555,51.50432],[-0.088485,51.504296],[-0.088793,51.503946],[-0.087903,51.503641],[-0.08733,51.50429],[-0.087519,51.504365],[-0.087805,51.504051],[-0.088285,51.504222],[-0.08799,51.504541],[-0.089371,51.505108],[-0.089495,51.505025],[-0.089498,51.505026],[-0.089661,51.504925],[-0.089663,51.504926],[-0.090319,51.504422],[-0.089982,51.504301],[-0.089942,51.504348],[-0.089657,51.504264],[-0.089748,51.504154],[-0.090219,51.504316],[-0.090371,51.504389],[-0.090565,51.504258],[-0.090179,51.504085],[-0.090104,51.504175],[-0.089716,51.504064],[-0.089799,51.503963],[-0.089495,51.503859],[-0.089257,51.503805],[-0.089434,51.503597],[-0.08964,51.503667],[-0.089568,51.50375],[-0.090118,51.503965],[-0.090604,51.504233],[-0.090873,51.504071],[-0.09097,51.503994],[-0.090645,51.503869],[-0.090669,51.503846],[-0.090292,51.503697],[-0.090383,51.503599],[-0.090018,51.503472],[-0.090105,51.503386],[-0.090082,51.503376],[-0.089193,51.503361],[-0.089159,51.503393],[-0.089331,51.503468],[-0.089133,51.503677],[-0.08904,51.503639],[-0.08911,51.503564],[-0.088919,51.503495],[-0.088644,51.503779],[-0.08878,51.503833],[-0.088854,51.503761],[-0.08909,51.50385],[-0.089373,51.503914],[-0.089328,51.503966],[-0.089572,51.504049],[-0.089448,51.504195],[-0.08901,51.504055],[-0.089104,51.503952],[-0.088988,51.503913],[-0.088618,51.504338],[-0.088663,51.504352],[-0.088439,51.504595],[-0.088346,51.504557]],[[-0.089453,51.504826],[-0.089333,51.504925],[-0.08927,51.504891],[-0.089443,51.504732],[-0.08899,51.504528],[-0.088747,51.504356],[-0.088918,51.504176],[-0.090002,51.504555],[-0.089956,51.504597],[-0.088965,51.504275],[-0.088889,51.504345],[-0.089049,51.504474],[-0.089622,51.504741],[-0.089504,51.504845],[-0.089453,51.504826]],[[-0.088075,51.50403],[-0.087771,51.503927],[-0.087921,51.503759],[-0.088231,51.503865],[-0.088075,51.50403]],[[-0.088476,51.504166],[-0.088174,51.504062],[-0.088318,51.503898],[-0.088625,51.504002],[-0.088476,51.504166]]],[[[-0.090782,51.504332],[-0.090477,51.504544],[-0.090658,51.50461],[-0.090825,51.504344],[-0.090782,51.504332]]],[[[-0.090447,51.504714],[-0.09064,51.504672],[-0.090652,51.504628],[-0.090461,51.504557],[-0.090345,51.504644],[-0.090315,51.504686],[-0.09032,51.504711],[-0.09036,51.504723],[-0.090447,51.504714]]],[[[-0.088761,51.505277],[-0.088677,51.505344],[-0.087764,51.504949],[-0.087164,51.504653],[-0.087049,51.504642],[-0.087029,51.504706],[-0.087436,51.504929],[-0.087746,51.50508],[-0.088343,51.50534],[-0.088626,51.505468],[-0.088791,51.505322],[-0.088937,51.50539],[-0.089078,51.505269],[-0.089154,51.505302],[-0.089236,51.505221],[-0.088736,51.505037],[-0.088608,51.504984],[-0.088588,51.50502],[-0.08771,51.504769],[-0.08777,51.504695],[-0.087871,51.504728],[-0.087897,51.504694],[-0.087207,51.504412],[-0.087079,51.50454],[-0.087624,51.504762],[-0.087605,51.504788],[-0.087784,51.504845],[-0.087737,51.504901],[-0.088538,51.505176],[-0.088761,51.505277]]],[[[-0.090461,51.504928],[-0.090429,51.504928],[-0.090337,51.504941],[-0.090022,51.505031],[-0.090024,51.505033],[-0.089827,51.505124],[-0.089826,51.505124],[-0.089744,51.505159],[-0.089697,51.505182],[-0.089974,51.505323],[-0.090043,51.505272],[-0.089936,51.505217],[-0.089974,51.50519],[-0.089948,51.505178],[-0.09011,51.505103],[-0.090138,51.50508],[-0.090236,51.505094],[-0.090347,51.505122],[-0.0905,51.505167],[-0.090509,51.505173],[-0.090668,51.505103],[-0.090595,51.505043],[-0.090518,51.504961],[-0.090461,51.504928]]],[[[-0.089551,51.505291],[-0.089373,51.505443],[-0.089412,51.505436],[-0.089716,51.505376],[-0.089551,51.505291]]]]},"properties":{"entry-date":"2025-05-21","entity":7010003695,"name":"Protected shopping frontage SF8: Borough High Street","dataset":"article-4-direction-area","typology":"geography","reference":"279","prefix":"article-4-direction-area","organisation-entity":329,"quality":"authoritative","notes":"Change of use from Class E to residential is restricted","description":"279","article-4-direction":"279","permitted-development-rights":"None given","in_zone":true,"whole_in_zone":false,"in_cw":false,"organisation":"London Borough of Southwark"}},
{"type":"Feature","geometry":{"type":"MultiPolygon","coordinates":[[[[-0.089115,51.473552],[-0.089208,51.473677],[-0.08927,51.473695],[-0.089692,51.473754],[-0.090067,51.473799],[-0.090144,51.473806],[-0.090368,51.473822],[-0.090388,51.473812],[-0.090237,51.473627],[-0.089793,51.473573],[-0.089804,51.473536],[-0.089735,51.473528],[-0.0897,51.473638],[-0.089446,51.473607],[-0.08946,51.473559],[-0.089115,51.473552]]],[[[-0.092294,51.471303],[-0.092414,51.471532],[-0.092546,51.471503],[-0.092595,51.471584],[-0.092826,51.47153],[-0.092849,51.471501],[-0.092793,51.470894],[-0.092629,51.470908],[-0.092669,51.471261],[-0.092294,51.471303]]],[[[-0.087919,51.473794],[-0.088275,51.473856],[-0.088263,51.473885],[-0.088412,51.473885],[-0.088645,51.473923],[-0.088622,51.473978],[-0.088755,51.474],[-0.088843,51.473794],[-0.088307,51.473703],[-0.087953,51.473645],[-0.087924,51.473659],[-0.087919,51.473794]]],[[[-0.088963,51.474071],[-0.089081,51.474082],[-0.089135,51.473946],[-0.089209,51.473957],[-0.089189,51.474012],[-0.089325,51.474036],[-0.089303,51.474099],[-0.089371,51.474104],[-0.089393,51.474043],[-0.089825,51.474112],[-0.089877,51.473956],[-0.089065,51.473832],[-0.088963,51.474071]]],[[[-0.093296,51.472112],[-0.093499,51.472236],[-0.093771,51.472085],[-0.093671,51.472015],[-0.093844,51.471917],[-0.093949,51.471985],[-0.093993,51.471962],[-0.093752,51.471781],[-0.093741,51.471782],[-0.093666,51.471871],[-0.093528,51.471948],[-0.093331,51.472067],[-0.093296,51.472112]]],[[[-0.090163,51.473276],[-0.090457,51.473536],[-0.090496,51.473525],[-0.090791,51.473381],[-0.090793,51.473378],[-0.090729,51.473321],[-0.09046,51.473452],[-0.090427,51.473391],[-0.090546,51.473331],[-0.090339,51.473187],[-0.090163,51.473276]]],[[[-0.092605,51.471812],[-0.092713,51.471992],[-0.092607,51.472018],[-0.092624,51.47205],[-0.092879,51.47199],[-0.09287,51.471957],[-0.092859,51.471885],[-0.092849,51.471669],[-0.092644,51.471728],[-0.092678,51.471795],[-0.092605,51.471812]]],[[[-0.093852,51.471631],[-0.093887,51.47166],[-0.094032,51.471547],[-0.094001,51.471523],[-0.094128,51.471444],[-0.094152,51.471361],[-0.094116,51.471356],[-0.094107,51.471345],[-0.093943,51.471318],[-0.093852,51.471631]]],[[[-0.090057,51.474121],[-0.090398,51.474144],[-0.090412,51.474017],[-0.090316,51.47401],[-0.090105,51.473986],[-0.090057,51.474121]]],[[[-0.090537,51.473665],[-0.090591,51.473741],[-0.090674,51.473728],[-0.090636,51.473634],[-0.090537,51.473665]]]]},"properties":{"entry-date":"2025-05-21","entity":7010003697,"name":"Protected shopping frontage SF28: Camberwell","dataset":"article-4-direction-area","typology":"geography","reference":"281","prefix":"article-4-direction-area","organisation-entity":329,"quality":"authoritative","notes":"Change of use from Class E to residential is restricted","description":"281","article-4-direction":"281","permitted-development-rights":"None given","in_zone":true,"whole_in_zone":false,"in_cw":false,"organisation":"London Borough of Southwark"}},
{"type":"Feature","geometry":{"type":"MultiPolygon","coordinates":[[[[-0.093208,51.472204],[-0.093217,51.472253],[-0.093286,51.472772],[-0.093326,51.473178],[-0.093331,51.473363],[-0.093733,51.47337],[-0.093749,51.473246],[-0.093838,51.473258],[-0.093855,51.473213],[-0.093917,51.47323],[-0.09395,51.473185],[-0.093869,51.473161],[-0.093997,51.472982],[-0.09418,51.473106],[-0.094424,51.472963],[-0.094389,51.472941],[-0.094523,51.472863],[-0.093711,51.472299],[-0.093665,51.472329],[-0.09369,51.472345],[-0.093675,51.472356],[-0.093684,51.472362],[-0.093636,51.472393],[-0.093663,51.472427],[-0.093687,51.47252],[-0.093715,51.472615],[-0.093543,51.472625],[-0.093532,51.472568],[-0.093611,51.472563],[-0.093588,51.472409],[-0.093508,51.472408],[-0.093473,51.472343],[-0.093208,51.472204]],[[-0.093441,51.473037],[-0.093588,51.473033],[-0.093582,51.473076],[-0.09374,51.473078],[-0.093749,51.472958],[-0.09385,51.472993],[-0.093734,51.47315],[-0.093593,51.473129],[-0.093449,51.473136],[-0.093441,51.473037]],[[-0.093349,51.472772],[-0.093613,51.472769],[-0.093593,51.47286],[-0.093447,51.472828],[-0.093352,51.472811],[-0.093349,51.472772]]],[[[-0.091549,51.472767],[-0.091701,51.472955],[-0.091967,51.47333],[-0.092052,51.473366],[-0.09257,51.473501],[-0.092503,51.473605],[-0.092777,51.473744],[-0.093004,51.473103],[-0.093011,51.47295],[-0.093009,51.472949],[-0.092665,51.472967],[-0.092671,51.473021],[-0.092778,51.473018],[-0.092776,51.473066],[-0.09276,51.473121],[-0.092394,51.473024],[-0.092398,51.47301],[-0.092276,51.472867],[-0.092166,51.472664],[-0.092128,51.472609],[-0.091549,51.472767]]],[[[-0.093237,51.473939],[-0.093554,51.474076],[-0.093848,51.474199],[-0.094114,51.474308],[-0.09436,51.474161],[-0.094298,51.474119],[-0.094189,51.474181],[-0.094099,51.474118],[-0.094089,51.474124],[-0.093954,51.474035],[-0.09384,51.473979],[-0.093749,51.474066],[-0.093655,51.474041],[-0.0937,51.473944],[-0.093488,51.473916],[-0.093524,51.473788],[-0.093533,51.473747],[-0.093567,51.473751],[-0.093583,51.473699],[-0.093446,51.473678],[-0.093543,51.473575],[-0.093422,51.473544],[-0.093321,51.473535],[-0.093239,51.473888],[-0.093237,51.473939]]],[[[-0.090595,51.473748],[-0.090656,51.473857],[-0.090724,51.473871],[-0.091113,51.473907],[-0.091284,51.473946],[-0.091523,51.474009],[-0.091606,51.474035],[-0.091756,51.474063],[-0.091995,51.474063],[-0.091871,51.473876],[-0.091781,51.473899],[-0.091825,51.473963],[-0.091641,51.473938],[-0.091605,51.473929],[-0.091649,51.473823],[-0.091436,51.473784],[-0.091467,51.473709],[-0.0914,51.4737],[-0.091382,51.473754],[-0.091169,51.473723],[-0.091203,51.473593],[-0.091129,51.473583],[-0.091059,51.473791],[-0.090911,51.47378],[-0.090906,51.473702],[-0.090595,51.473748]]],[[[-0.092304,51.472468],[-0.092464,51.472802],[-0.092489,51.472823],[-0.092524,51.472832],[-0.092925,51.472808],[-0.092919,51.472689],[-0.09301,51.472685],[-0.093006,51.47262],[-0.092957,51.472467],[-0.0929,51.472473],[-0.092673,51.472528],[-0.092597,51.47256],[-0.092499,51.472469],[-0.092401,51.472505],[-0.092343,51.472455],[-0.092304,51.472468]],[[-0.092543,51.472626],[-0.092679,51.472565],[-0.092786,51.472539],[-0.092844,51.472695],[-0.0928,51.472698],[-0.09273,51.472636],[-0.092614,51.472686],[-0.092543,51.472626]]],[[[-0.093221,51.474214],[-0.093223,51.47433],[-0.093455,51.474322],[-0.093456,51.474381],[-0.093247,51.474393],[-0.093318,51.474745],[-0.093371,51.474911],[-0.093562,51.474873],[-0.093483,51.474464],[-0.093646,51.474455],[-0.093816,51.474451],[-0.093865,51.474405],[-0.093449,51.474249],[-0.093221,51.474214]]],[[[-0.091886,51.473521],[-0.09223,51.47404],[-0.092305,51.47402],[-0.092616,51.473894],[-0.092723,51.473787],[-0.092745,51.473771],[-0.092584,51.473692],[-0.092367,51.473798],[-0.092314,51.473751],[-0.092164,51.473791],[-0.091965,51.4735],[-0.091886,51.473521]]],[[[-0.090633,51.474121],[-0.090905,51.47415],[-0.090885,51.474195],[-0.090966,51.474202],[-0.091125,51.474234],[-0.091325,51.474289],[-0.091551,51.474247],[-0.091557,51.474237],[-0.09143,51.474183],[-0.091356,51.474155],[-0.091274,51.474127],[-0.091119,51.474085],[-0.091038,51.474068],[-0.09094,51.474053],[-0.090641,51.474029],[-0.090633,51.474121]]],[[[-0.09333,51.473502],[-0.093456,51.473519],[-0.093791,51.473588],[-0.093966,51.473445],[-0.094131,51.473351],[-0.09406,51.473302],[-0.093858,51.473415],[-0.093807,51.473393],[-0.093333,51.473389],[-0.09333,51.473502]]],[[[-0.092556,51.472425],[-0.092601,51.472467],[-0.092939,51.472385],[-0.092899,51.47214],[-0.092606,51.472209],[-0.092713,51.472381],[-0.092556,51.472425]]],[[[-0.091457,51.474278],[-0.091534,51.474355],[-0.091641,51.474313],[-0.091583,51.474255],[-0.091457,51.474278]]]]},"properties":{"entry-date":"2025-05-21","entity":7010003699,"name":"Protected shopping frontage SF3: Camberwell","dataset":"article-4-direction-area","typology":"geography","reference":"283","prefix":"article-4-direction-area","organisation-entity":329,"quality":"authoritative","notes":"Change of use from Class E to residential is restricted","description":"283","article-4-direction":"283","permitted-development-rights":"None given","in_zone":true,"whole_in_zone":false,"in_cw":false,"organisation":"London Borough of Southwark"}},
{"type":"Feature","geometry":{"type":"MultiPolygon","coordinates":[[[[-0.066057,51.46681],[-0.066069,51.466872],[-0.066109,51.466937],[-0.066239,51.46705],[-0.066931,51.467548],[-0.067387,51.468134],[-0.068045,51.468039],[-0.068028,51.467992],[-0.068114,51.46798],[-0.068063,51.467853],[-0.067697,51.467921],[-0.067637,51.46782],[-0.067738,51.467799],[-0.067685,51.467713],[-0.067867,51.467669],[-0.067888,51.467711],[-0.067974,51.467702],[-0.067946,51.467653],[-0.067874,51.467546],[-0.067565,51.467625],[-0.067542,51.467592],[-0.067863,51.467512],[-0.067722,51.467319],[-0.067566,51.467365],[-0.067463,51.467218],[-0.067402,51.467153],[-0.067445,51.467138],[-0.067376,51.467073],[-0.067321,51.467092],[-0.067391,51.467157],[-0.067056,51.46727],[-0.067118,51.467336],[-0.067058,51.467351],[-0.066939,51.467232],[-0.067145,51.467156],[-0.067066,51.467097],[-0.067318,51.467003],[-0.067339,51.467026],[-0.067812,51.466928],[-0.067738,51.466785],[-0.067221,51.46689],[-0.067197,51.466862],[-0.067643,51.466773],[-0.06761,51.466703],[-0.067428,51.46674],[-0.067401,51.466678],[-0.067475,51.466664],[-0.067454,51.466616],[-0.06708,51.466669],[-0.066391,51.4668],[-0.066367,51.466753],[-0.066057,51.46681]],[[-0.066639,51.467114],[-0.066776,51.467067],[-0.066651,51.466959],[-0.066894,51.466879],[-0.066872,51.466826],[-0.067128,51.466772],[-0.06714,51.466798],[-0.067008,51.466855],[-0.067086,51.466929],[-0.066911,51.466999],[-0.066858,51.467046],[-0.066847,51.467073],[-0.066675,51.467145],[-0.066639,51.467114]],[[-0.067656,51.467989],[-0.067886,51.467946],[-0.06791,51.467992],[-0.067669,51.468026],[-0.067656,51.467989]]],[[[-0.06423,51.475014],[-0.064382,51.47504],[-0.064561,51.47504],[-0.064649,51.474794],[-0.064351,51.474755],[-0.064376,51.474687],[-0.064684,51.47478],[-0.064912,51.474532],[-0.064983,51.474559],[-0.065117,51.474368],[-0.065026,51.474327],[-0.065144,51.474221],[-0.065349,51.474219],[-0.065338,51.474083],[-0.065142,51.474094],[-0.065142,51.474126],[-0.064669,51.474151],[-0.064253,51.474654],[-0.064314,51.474673],[-0.064257,51.474836],[-0.064399,51.474855],[-0.06436,51.474954],[-0.064239,51.474937],[-0.06423,51.475014]]],[[[-0.065781,51.467489],[-0.065988,51.467748],[-0.066331,51.467626],[-0.066489,51.467796],[-0.06663,51.467734],[-0.066689,51.467789],[-0.066482,51.467869],[-0.066589,51.467993],[-0.066649,51.467974],[-0.066793,51.468148],[-0.066892,51.468116],[-0.066945,51.468195],[-0.066867,51.468212],[-0.066889,51.468252],[-0.067174,51.46819],[-0.066736,51.467628],[-0.066449,51.467421],[-0.066215,51.467552],[-0.066122,51.467441],[-0.06596,51.467494],[-0.065904,51.467451],[-0.065781,51.467489]]],[[[-0.06552,51.47445],[-0.065646,51.474473],[-0.065699,51.474349],[-0.065983,51.474355],[-0.065972,51.474448],[-0.065905,51.474445],[-0.065796,51.475348],[-0.065955,51.475356],[-0.066128,51.474087],[-0.066118,51.474085],[-0.066013,51.474087],[-0.065578,51.474087],[-0.065581,51.47428],[-0.06556,51.474373],[-0.06552,51.47445]]],[[[-0.064938,51.466311],[-0.06494,51.466311],[-0.064996,51.46676],[-0.065103,51.46675],[-0.065105,51.466886],[-0.06574,51.466801],[-0.065821,51.466352],[-0.065565,51.466359],[-0.065499,51.466704],[-0.065233,51.466738],[-0.065181,51.466389],[-0.065082,51.466393],[-0.065069,51.466302],[-0.064938,51.466311]]],[[[-0.068787,51.47398],[-0.068801,51.474054],[-0.068838,51.474179],[-0.069104,51.474143],[-0.069093,51.474106],[-0.069025,51.474111],[-0.068994,51.474004],[-0.069179,51.473961],[-0.069152,51.473885],[-0.069304,51.473848],[-0.069335,51.473929],[-0.069403,51.473909],[-0.069502,51.473964],[-0.069436,51.473842],[-0.069544,51.47384],[-0.069624,51.473833],[-0.069684,51.473823],[-0.069774,51.473799],[-0.069867,51.473765],[-0.069916,51.473741],[-0.069863,51.473638],[-0.069814,51.473635],[-0.069714,51.473639],[-0.069533,51.473715],[-0.06929,51.473768],[-0.069033,51.473827],[-0.068864,51.47387],[-0.068807,51.473919],[-0.068787,51.47398]]],[[[-0.071263,51.473336],[-0.071528,51.473366],[-0.071625,51.473035],[-0.071661,51.47304],[-0.071671,51.473005],[-0.072208,51.473075],[-0.072305,51.472785],[-0.072159,51.472767],[-0.0721,51.472944],[-0.072067,51.472934],[-0.07205,51.472926],[-0.072041,51.47292],[-0.072,51.472881],[-0.071607,51.472862],[-0.071564,51.472917],[-0.071504,51.473043],[-0.071437,51.473265],[-0.071314,51.473251],[-0.071277,51.473288],[-0.071263,51.473336]]],[[[-0.071038,51.473559],[-0.071177,51.473551],[-0.071211,51.473637],[-0.071243,51.473645],[-0.07122,51.473772],[-0.071409,51.473794],[-0.071389,51.473816],[-0.071863,51.473712],[-0.071895,51.473563],[-0.071599,51.473522],[-0.071062,51.473468],[-0.071038,51.473559]]],[[[-0.072326,51.473721],[-0.072688,51.473806],[-0.072613,51.473871],[-0.072987,51.474027],[-0.073135,51.474057],[-0.073328,51.473886],[-0.073095,51.473803],[-0.07295,51.473765],[-0.072381,51.473639],[-0.072363,51.473641],[-0.072326,51.473721]]],[[[-0.066366,51.474206],[-0.067441,51.47423],[-0.067449,51.474115],[-0.066372,51.474085],[-0.066366,51.474206]]],[[[-0.066033,51.466654],[-0.066046,51.466761],[-0.066336,51.4667],[-0.066315,51.466664],[-0.066419,51.466644],[-0.066388,51.466589],[-0.06631,51.466604],[-0.066269,51.466521],[-0.066397,51.466478],[-0.066423,51.466403],[-0.066307,51.466374],[-0.066475,51.466283],[-0.066536,51.466271],[-0.066483,51.4662],[-0.066346,51.466213],[-0.066306,51.466232],[-0.066228,51.466318],[-0.066077,51.466536],[-0.066033,51.46665],[-0.066033,51.466654]]],[[[-0.066522,51.465726],[-0.066535,51.465798],[-0.06655,51.465797],[-0.066583,51.465971],[-0.066632,51.46599],[-0.066793,51.465972],[-0.066734,51.465524],[-0.066753,51.465525],[-0.066875,51.465515],[-0.066879,51.465479],[-0.066562,51.465468],[-0.066522,51.465726]]],[[[-0.065471,51.465974],[-0.065734,51.465983],[-0.065731,51.466165],[-0.065682,51.466164],[-0.065675,51.466218],[-0.065845,51.466221],[-0.06587,51.466081],[-0.065898,51.465738],[-0.065626,51.465748],[-0.065552,51.465888],[-0.065471,51.465974]]],[[[-0.065624,51.467249],[-0.065753,51.467267],[-0.065758,51.467345],[-0.066037,51.467311],[-0.066276,51.467472],[-0.066416,51.4674],[-0.066271,51.4673],[-0.066185,51.467227],[-0.066155,51.467206],[-0.065642,51.467154],[-0.065624,51.467249]]],[[[-0.070191,51.473486],[-0.070311,51.473638],[-0.070336,51.473681],[-0.070636,51.473635],[-0.070558,51.473436],[-0.070433,51.473446],[-0.070298,51.473463],[-0.070191,51.473486]]],[[[-0.069896,51.473577],[-0.070068,51.473891],[-0.070216,51.473856],[-0.070164,51.473765],[-0.070252,51.473744],[-0.07025,51.473744],[-0.070186,51.473629],[-0.070126,51.473642],[-0.070066,51.473524],[-0.069896,51.473577]]],[[[-0.067513,51.474083],[-0.067554,51.474191],[-0.067772,51.474178],[-0.067765,51.474232],[-0.067948,51.47426],[-0.067959,51.474217],[-0.067986,51.474047],[-0.067513,51.474083]]],[[[-0.06819,51.474223],[-0.068193,51.474265],[-0.068253,51.474266],[-0.068268,51.474176],[-0.068309,51.474179],[-0.068298,51.474244],[-0.068517,51.474251],[-0.068606,51.474235],[-0.068581,51.474155],[-0.06853,51.474109],[-0.068215,51.474059],[-0.06819,51.474223]]],[[[-0.066594,51.465257],[-0.066906,51.465267],[-0.066925,51.465105],[-0.06662,51.465093],[-0.066594,51.465257]]],[[[-0.072566,51.473509],[-0.072739,51.473556],[-0.072859,51.473585],[-0.072878,51.473523],[-0.072869,51.473484],[-0.072715,51.473437],[-0.072773,51.473297],[-0.072647,51.473281],[-0.072566,51.473509]]],[[[-0.06664,51.464979],[-0.066866,51.464987],[-0.066883,51.464807],[-0.06666,51.464808],[-0.066644,51.464927],[-0.06664,51.464979]]],[[[-0.066563,51.465461],[-0.066662,51.465465],[-0.066665,51.465388],[-0.06689,51.465385],[-0.066895,51.465295],[-0.06659,51.465286],[-0.066563,51.465461]]],[[[-0.06816,51.467939],[-0.068188,51.468014],[-0.068627,51.46795],[-0.068598,51.467877],[-0.06816,51.467939]]],[[[-0.072369,51.473479],[-0.072497,51.4735],[-0.07258,51.473251],[-0.072435,51.473237],[-0.072423,51.47328],[-0.072493,51.473288],[-0.072468,51.473368],[-0.072401,51.47336],[-0.072369,51.473479]]],[[[-0.066621,51.465085],[-0.066937,51.465096],[-0.066945,51.465009],[-0.066637,51.464997],[-0.066621,51.465085]]],[[[-0.072891,51.473585],[-0.073159,51.473643],[-0.0732,51.473627],[-0.073165,51.473562],[-0.072933,51.473512],[-0.072891,51.473585]]],[[[-0.071756,51.473389],[-0.071883,51.473403],[-0.071909,51.473312],[-0.071782,51.473298],[-0.071756,51.473389]]]]},"properties":{"entry-date":"2025-05-21","entity":7010003700,"name":"Protected shopping frontage SF30: Peckham","dataset":"article-4-direction-area","typology":"geography","reference":"284","prefix":"article-4-direction-area","organisation-entity":329,"quality":"authoritative","notes":"Change of use from Class E to residential is restricted","description":"284","article-4-direction":"284","permitted-development-rights":"None given","in_zone":true,"whole_in_zone":false,"in_cw":false,"organisation":"London Borough of Southwark"}},
{"type":"Feature","geometry":{"type":"MultiPolygon","coordinates":[[[[-0.091953,51.488623],[-0.092035,51.488735],[-0.094737,51.487801],[-0.09465,51.487687],[-0.093195,51.488194],[-0.091953,51.488623]]],[[[-0.09328,51.484265],[-0.09357,51.484383],[-0.093581,51.484381],[-0.094003,51.483664],[-0.093657,51.483614],[-0.09328,51.484265]]],[[[-0.093958,51.484762],[-0.093968,51.484859],[-0.094008,51.484887],[-0.094258,51.484848],[-0.094275,51.484633],[-0.094177,51.484628],[-0.094193,51.484505],[-0.09422,51.484417],[-0.09424,51.484359],[-0.094291,51.484248],[-0.094361,51.484133],[-0.094464,51.483958],[-0.094563,51.483785],[-0.094407,51.483752],[-0.094351,51.483781],[-0.094117,51.484184],[-0.094073,51.484278],[-0.094033,51.484377],[-0.093987,51.484522],[-0.093959,51.484663],[-0.093958,51.484762]]],[[[-0.092958,51.488591],[-0.093434,51.489128],[-0.093741,51.489021],[-0.093669,51.488939],[-0.093483,51.489002],[-0.093149,51.488632],[-0.093408,51.488541],[-0.093455,51.488592],[-0.093614,51.488542],[-0.093564,51.488486],[-0.094371,51.488202],[-0.094281,51.488118],[-0.092958,51.488591]]],[[[-0.093575,51.482465],[-0.093584,51.482527],[-0.094012,51.482506],[-0.094017,51.482579],[-0.09368,51.482596],[-0.093686,51.482648],[-0.09404,51.48263],[-0.094057,51.482724],[-0.094081,51.482947],[-0.094418,51.48291],[-0.094369,51.482392],[-0.093998,51.482406],[-0.094002,51.482443],[-0.093575,51.482465]]],[[[-0.091153,51.488412],[-0.091466,51.488894],[-0.091822,51.488793],[-0.09169,51.488592],[-0.091527,51.488319],[-0.091153,51.488412]]],[[[-0.092486,51.484244],[-0.092604,51.484418],[-0.093006,51.484502],[-0.093033,51.484462],[-0.093349,51.484564],[-0.093081,51.484596],[-0.093156,51.484714],[-0.093571,51.484644],[-0.093581,51.48456],[-0.093069,51.484351],[-0.092486,51.484244]]],[[[-0.093816,51.483333],[-0.093921,51.483356],[-0.093849,51.483484],[-0.094121,51.483537],[-0.094238,51.483334],[-0.094375,51.483066],[-0.094195,51.483082],[-0.094148,51.483162],[-0.094051,51.483145],[-0.094078,51.483092],[-0.093947,51.483107],[-0.093875,51.483226],[-0.093816,51.483333]]],[[[-0.094482,51.483417],[-0.094686,51.48343],[-0.094693,51.483408],[-0.094675,51.483281],[-0.094795,51.483276],[-0.094807,51.483342],[-0.095176,51.483324],[-0.095532,51.483276],[-0.095485,51.483136],[-0.095362,51.483154],[-0.09521,51.48317],[-0.094797,51.4832],[-0.094654,51.483202],[-0.094574,51.483209],[-0.094482,51.483417]]],[[[-0.09323,51.485063],[-0.093336,51.485204],[-0.093646,51.485123],[-0.093594,51.484947],[-0.093564,51.484796],[-0.093296,51.484848],[-0.093352,51.485028],[-0.09323,51.485063]]],[[[-0.090837,51.488912],[-0.090913,51.489033],[-0.091254,51.488949],[-0.091175,51.488829],[-0.090837,51.488912]]],[[[-0.094386,51.483596],[-0.094591,51.48362],[-0.094711,51.483622],[-0.094729,51.48346],[-0.094663,51.483464],[-0.094462,51.483451],[-0.094386,51.483596]]],[[[-0.091787,51.484166],[-0.091828,51.484243],[-0.092174,51.484284],[-0.092248,51.484262],[-0.092215,51.484211],[-0.091787,51.484166]]],[[[-0.092235,51.488832],[-0.092384,51.48899],[-0.092521,51.488943],[-0.092375,51.488785],[-0.092235,51.488832]]]]},"properties":{"entry-date":"2025-05-21","entity":7010003701,"name":"Protected shopping frontage SF23: Walworth Road, East Street and Camberwell Road","dataset":"article-4-direction-area","typology":"geography","reference":"285","prefix":"article-4-direction-area","organisation-entity":329,"quality":"authoritative","notes":"Change of use from Class E to residential is restricted","description":"285","article-4-direction":"285","permitted-development-rights":"None given","in_zone":true,"whole_in_zone":false,"in_cw":false,"organisation":"London Borough of Southwark"}},
{"type":"Feature","geometry":{"type":"MultiPolygon","coordinates":[[[[-0.086163,51.48953],[-0.085996,51.48954],[-0.085995,51.489539],[-0.085539,51.489629],[-0.085392,51.489656],[-0.085157,51.489709],[-0.08527,51.489767],[-0.086211,51.489588],[-0.086163,51.48953]]]]},"properties":{"entry-date":"2025-05-21","entity":7010003702,"name":"Protected shopping frontage SF55: East Street","dataset":"article-4-direction-area","typology":"geography","reference":"286","prefix":"article-4-direction-area","organisation-entity":329,"quality":"authoritative","notes":"Change of use from Class E to residential is restricted","description":"286","article-4-direction":"286","permitted-development-rights":"None given","in_zone":true,"whole_in_zone":true,"in_cw":false,"organisation":"London Borough of Southwark"}},
{"type":"Feature","geometry":{"type":"MultiPolygon","coordinates":[[[[-0.079043,51.432558],[-0.079028,51.432579],[-0.079019,51.432596],[-0.079008,51.432636],[-0.079005,51.432666],[-0.078997,51.432715],[-0.078927,51.432744],[-0.078981,51.43276],[-0.079075,51.432804],[-0.07907,51.43281],[-0.078996,51.432871],[-0.079023,51.432884],[-0.079092,51.432828],[-0.079102,51.432818],[-0.079226,51.432878],[-0.079219,51.432885],[-0.079867,51.433142],[-0.079956,51.433182],[-0.080123,51.433253],[-0.080303,51.433333],[-0.080492,51.433408],[-0.080682,51.433479],[-0.080855,51.43354],[-0.081392,51.43371],[-0.081827,51.43384],[-0.082151,51.433939],[-0.082296,51.434],[-0.082755,51.434183],[-0.082908,51.434249],[-0.083254,51.434406],[-0.083496,51.434523],[-0.084121,51.434873],[-0.084379,51.435018],[-0.084417,51.435042],[-0.084795,51.435267],[-0.084853,51.435317],[-0.084894,51.435349],[-0.084939,51.435387],[-0.084958,51.435367],[-0.085016,51.435313],[-0.085073,51.435256],[-0.085154,51.435161],[-0.085054,51.435096],[-0.08476,51.434916],[-0.084651,51.434844],[-0.08457,51.434795],[-0.084525,51.434765],[-0.084356,51.434658],[-0.084275,51.43461],[-0.084093,51.434491],[-0.083991,51.434428],[-0.083786,51.434296],[-0.083679,51.434224],[-0.083625,51.43419],[-0.083595,51.434168],[-0.083362,51.434018],[-0.083296,51.433972],[-0.083217,51.433921],[-0.083124,51.433858],[-0.082956,51.433752],[-0.082755,51.433618],[-0.082655,51.433548],[-0.08239,51.433373],[-0.082352,51.433345],[-0.082287,51.433303],[-0.082098,51.433174],[-0.081802,51.432995],[-0.081726,51.432947],[-0.081566,51.432841],[-0.081512,51.432804],[-0.081445,51.432753],[-0.081325,51.432666],[-0.081267,51.432626],[-0.08119,51.432569],[-0.081127,51.432526],[-0.081027,51.432448],[-0.080921,51.43236],[-0.080875,51.432319],[-0.080835,51.432337],[-0.080819,51.432335],[-0.080761,51.432367],[-0.080738,51.432374],[-0.080702,51.432377],[-0.080645,51.432377],[-0.080445,51.432369],[-0.080249,51.43253],[-0.080168,51.432486],[-0.080181,51.432475],[-0.080228,51.432499],[-0.080406,51.432353],[-0.080603,51.432361],[-0.080667,51.43236],[-0.080687,51.432358],[-0.080712,51.432352],[-0.080733,51.432344],[-0.080763,51.43232],[-0.080771,51.432299],[-0.080794,51.432252],[-0.080765,51.43223],[-0.080703,51.432178],[-0.080625,51.432117],[-0.080547,51.432053],[-0.080438,51.431971],[-0.080191,51.431804],[-0.080139,51.431779],[-0.080094,51.431764],[-0.080051,51.431755],[-0.079987,51.431746],[-0.079946,51.431744],[-0.079884,51.431743],[-0.079842,51.431747],[-0.079803,51.431752],[-0.079736,51.431765],[-0.07961,51.431795],[-0.079532,51.431828],[-0.079461,51.431867],[-0.079421,51.431894],[-0.079341,51.431953],[-0.079307,51.431984],[-0.07925,51.432042],[-0.079215,51.432085],[-0.079139,51.432172],[-0.079126,51.43219],[-0.079115,51.432202],[-0.079077,51.432258],[-0.079102,51.432267],[-0.079128,51.43228],[-0.079173,51.432306],[-0.079206,51.432332],[-0.079211,51.432333],[-0.07924,51.432366],[-0.079197,51.432399],[-0.079146,51.432453],[-0.07906,51.432538],[-0.079043,51.432558]]],[[[-0.100931,51.452298],[-0.101151,51.452517],[-0.101211,51.452573],[-0.101214,51.452571],[-0.101274,51.452634],[-0.101374,51.452511],[-0.101397,51.452481],[-0.101407,51.452465],[-0.1013,51.452369],[-0.101305,51.452366],[-0.101288,51.45235],[-0.101281,51.452353],[-0.101199,51.452272],[-0.101105,51.452184],[-0.101016,51.452087],[-0.100922,51.451978],[-0.100806,51.45183],[-0.10074,51.451738],[-0.100656,51.45161],[-0.100606,51.451526],[-0.100567,51.451455],[-0.100512,51.451346],[-0.100484,51.451283],[-0.100455,51.451212],[-0.100431,51.451147],[-0.100409,51.45108],[-0.10039,51.451016],[-0.100366,51.450925],[-0.100349,51.450838],[-0.100335,51.45075],[-0.100316,51.45059],[-0.100312,51.450452],[-0.100326,51.450451],[-0.100326,51.450431],[-0.100314,51.450432],[-0.100314,51.450409],[-0.100324,51.450409],[-0.100324,51.450389],[-0.100309,51.450389],[-0.100311,51.450324],[-0.100187,51.450319],[-0.100184,51.450385],[-0.100169,51.450385],[-0.10017,51.450406],[-0.100182,51.450406],[-0.100181,51.45043],[-0.100171,51.45043],[-0.100171,51.450454],[-0.100189,51.450454],[-0.100193,51.450531],[-0.100206,51.450672],[-0.100224,51.450795],[-0.100247,51.450915],[-0.100278,51.451038],[-0.100299,51.451106],[-0.100332,51.451201],[-0.100362,51.45128],[-0.100416,51.451401],[-0.100494,51.451551],[-0.100604,51.451733],[-0.100585,51.451718],[-0.098825,51.450118],[-0.098939,51.450072],[-0.09894,51.450074],[-0.09895,51.450067],[-0.098958,51.450054],[-0.098975,51.450032],[-0.098982,51.450021],[-0.098988,51.450007],[-0.098988,51.45],[-0.098939,51.449952],[-0.098586,51.449675],[-0.098529,51.449634],[-0.098508,51.449627],[-0.098487,51.449626],[-0.098452,51.449634],[-0.098357,51.449553],[-0.098337,51.449532],[-0.098192,51.449416],[-0.09804,51.44929],[-0.097897,51.449175],[-0.097568,51.448905],[-0.097791,51.448785],[-0.098112,51.448507],[-0.098148,51.448404],[-0.098067,51.448363],[-0.098136,51.4483],[-0.098047,51.448243],[-0.097979,51.448305],[-0.097838,51.448201],[-0.09772,51.448298],[-0.097594,51.44836],[-0.09741,51.448447],[-0.097196,51.448552],[-0.097101,51.448467],[-0.096844,51.448245],[-0.096699,51.448077],[-0.096622,51.447992],[-0.096554,51.447914],[-0.096438,51.447766],[-0.096289,51.447572],[-0.096014,51.447232],[-0.095915,51.447113],[-0.095867,51.447052],[-0.095822,51.446999],[-0.095661,51.446796],[-0.095542,51.446834],[-0.095439,51.446875],[-0.095315,51.446728],[-0.095463,51.446692],[-0.095397,51.446598],[-0.095433,51.44664],[-0.095472,51.446627],[-0.095438,51.446584],[-0.095454,51.446579],[-0.095085,51.44612],[-0.094906,51.445881],[-0.094852,51.445804],[-0.094752,51.445651],[-0.094615,51.445448],[-0.094382,51.445064],[-0.094341,51.444992],[-0.09426,51.444861],[-0.094236,51.444815],[-0.094169,51.444701],[-0.094091,51.444559],[-0.094049,51.44449],[-0.093988,51.444373],[-0.093878,51.444169],[-0.093773,51.44399],[-0.093627,51.443733],[-0.093604,51.44369],[-0.093526,51.443558],[-0.093353,51.443253],[-0.09327,51.443115],[-0.093166,51.442932],[-0.093075,51.442779],[-0.092897,51.442471],[-0.09278,51.442264],[-0.0926,51.44196],[-0.092542,51.441869],[-0.092462,51.441754],[-0.092428,51.441702],[-0.092089,51.441216],[-0.091978,51.441225],[-0.091787,51.441232],[-0.091655,51.441062],[-0.091663,51.441061],[-0.091664,51.441064],[-0.091762,51.441032],[-0.091758,51.440959],[-0.091853,51.440957],[-0.092008,51.440951],[-0.092017,51.441024],[-0.092055,51.441019],[-0.092021,51.440933],[-0.091923,51.440923],[-0.091906,51.44092],[-0.091871,51.44091],[-0.091847,51.4409],[-0.091837,51.440894],[-0.091819,51.440879],[-0.091737,51.440779],[-0.091714,51.440785],[-0.09168,51.440748],[-0.091562,51.440605],[-0.091515,51.440553],[-0.091451,51.440486],[-0.091443,51.44048],[-0.09143,51.440461],[-0.091282,51.440292],[-0.091068,51.440066],[-0.090945,51.439942],[-0.090877,51.439869],[-0.090825,51.439818],[-0.090734,51.439721],[-0.090658,51.439646],[-0.090467,51.439448],[-0.090295,51.439285],[-0.090203,51.439192],[-0.089727,51.438732],[-0.089479,51.438499],[-0.089138,51.43817],[-0.088934,51.437996],[-0.088948,51.437982],[-0.088864,51.437915],[-0.088728,51.43781],[-0.088617,51.437721],[-0.088564,51.437683],[-0.088536,51.43767],[-0.088493,51.437659],[-0.088468,51.437655],[-0.088417,51.437652],[-0.088398,51.437654],[-0.088375,51.437659],[-0.088336,51.437685],[-0.088201,51.43757],[-0.088211,51.437557],[-0.088218,51.437544],[-0.088236,51.437502],[-0.08826,51.437441],[-0.088262,51.437419],[-0.088258,51.437395],[-0.088251,51.437377],[-0.088164,51.437272],[-0.088127,51.43729],[-0.087192,51.436597],[-0.086706,51.436266],[-0.086454,51.436105],[-0.08645,51.436101],[-0.086326,51.436024],[-0.086258,51.435978],[-0.086202,51.435943],[-0.086062,51.435848],[-0.085866,51.435719],[-0.085625,51.435564],[-0.085299,51.435351],[-0.085191,51.435458],[-0.085157,51.435495],[-0.08531,51.43557],[-0.085343,51.435588],[-0.085362,51.435599],[-0.085537,51.435714],[-0.085704,51.435839],[-0.085733,51.435858],[-0.085812,51.435917],[-0.085956,51.436028],[-0.086171,51.436197],[-0.086241,51.436249],[-0.08627,51.436274],[-0.086367,51.43635],[-0.086436,51.43641],[-0.086503,51.436464],[-0.08656,51.436514],[-0.086732,51.436655],[-0.086847,51.436754],[-0.087094,51.436957],[-0.087247,51.437093],[-0.087411,51.437235],[-0.087488,51.437306],[-0.087644,51.437443],[-0.087682,51.437474],[-0.088022,51.437775],[-0.088026,51.437777],[-0.088127,51.437649],[-0.088137,51.437645],[-0.088145,51.437638],[-0.088278,51.437751],[-0.08823,51.437831],[-0.088195,51.437899],[-0.088182,51.437921],[-0.088583,51.438289],[-0.088993,51.438686],[-0.089103,51.438796],[-0.089446,51.439129],[-0.089781,51.43947],[-0.089905,51.439592],[-0.090147,51.439843],[-0.090194,51.439885],[-0.090255,51.439944],[-0.090291,51.439976],[-0.090341,51.440026],[-0.090544,51.44025],[-0.09087,51.440646],[-0.091057,51.440866],[-0.091171,51.441007],[-0.09121,51.441058],[-0.0912,51.441034],[-0.091252,51.441021],[-0.091255,51.441026],[-0.091312,51.441025],[-0.091324,51.441041],[-0.091351,51.441059],[-0.09149,51.441064],[-0.091508,51.441063],[-0.091638,51.44123],[-0.091371,51.441222],[-0.09163,51.441611],[-0.091633,51.441612],[-0.091692,51.441719],[-0.091778,51.441863],[-0.091964,51.442152],[-0.092058,51.442304],[-0.092129,51.442415],[-0.092175,51.442501],[-0.09249,51.443052],[-0.092622,51.443261],[-0.092724,51.443432],[-0.092751,51.44348],[-0.092884,51.443697],[-0.0929,51.443726],[-0.093014,51.443908],[-0.093087,51.444029],[-0.093144,51.44412],[-0.093357,51.444475],[-0.0934,51.444543],[-0.093491,51.444694],[-0.093669,51.444981],[-0.093727,51.445078],[-0.093734,51.445087],[-0.093775,51.445153],[-0.093852,51.44528],[-0.093965,51.445451],[-0.094202,51.44579],[-0.094277,51.445905],[-0.09429,51.445918],[-0.094329,51.445977],[-0.094681,51.446476],[-0.094787,51.446444],[-0.095013,51.446732],[-0.095073,51.446811],[-0.095188,51.446768],[-0.095314,51.446916],[-0.095064,51.44698],[-0.095167,51.447111],[-0.095189,51.447137],[-0.095359,51.447312],[-0.095507,51.447253],[-0.095558,51.4473],[-0.095553,51.447302],[-0.095731,51.447476],[-0.095608,51.447527],[-0.095505,51.447429],[-0.095488,51.447436],[-0.0958,51.447729],[-0.095877,51.447791],[-0.095916,51.447819],[-0.095981,51.447871],[-0.096319,51.448124],[-0.096583,51.448326],[-0.096719,51.448426],[-0.096826,51.44851],[-0.096891,51.448567],[-0.096955,51.448626],[-0.096962,51.448631],[-0.097028,51.448663],[-0.097128,51.448746],[-0.097179,51.448818],[-0.097163,51.448832],[-0.097187,51.448842],[-0.097188,51.448846],[-0.097038,51.448958],[-0.09693,51.449036],[-0.096794,51.44914],[-0.096787,51.449165],[-0.096786,51.449176],[-0.096787,51.449186],[-0.096808,51.449218],[-0.096831,51.449239],[-0.096756,51.449294],[-0.096582,51.449426],[-0.096201,51.449695],[-0.095845,51.449935],[-0.095702,51.450028],[-0.095461,51.450183],[-0.095189,51.450352],[-0.095007,51.450462],[-0.094873,51.450541],[-0.094861,51.450536],[-0.094834,51.450551],[-0.09484,51.45056],[-0.094788,51.450592],[-0.094653,51.450668],[-0.094594,51.450634],[-0.094069,51.450926],[-0.093827,51.451053],[-0.09372,51.451111],[-0.093691,51.451111],[-0.093158,51.451381],[-0.09318,51.451397],[-0.092631,51.451661],[-0.092277,51.451837],[-0.091884,51.45204],[-0.09183,51.452002],[-0.091731,51.452053],[-0.091586,51.452129],[-0.091441,51.452208],[-0.091127,51.452385],[-0.090976,51.452472],[-0.090779,51.452594],[-0.090739,51.452582],[-0.090666,51.452623],[-0.090815,51.452661],[-0.09082,51.452664],[-0.090776,51.452689],[-0.090625,51.452771],[-0.090496,51.452738],[-0.090407,51.452791],[-0.090061,51.453018],[-0.089974,51.453073],[-0.089832,51.453159],[-0.089447,51.453358],[-0.088346,51.453932],[-0.088527,51.454026],[-0.088625,51.454079],[-0.088754,51.454145],[-0.088772,51.454156],[-0.088816,51.454142],[-0.089034,51.453995],[-0.089224,51.45387],[-0.089336,51.453806],[-0.089383,51.453781],[-0.08941,51.453769],[-0.08946,51.453723],[-0.08968,51.453532],[-0.089726,51.45349],[-0.089782,51.453449],[-0.089879,51.453374],[-0.090161,51.453217],[-0.090669,51.45295],[-0.090738,51.452915],[-0.090798,51.452887],[-0.090912,51.452839],[-0.090867,51.452825],[-0.090805,51.452812],[-0.090759,51.452806],[-0.090874,51.452742],[-0.09095,51.452697],[-0.090965,51.452702],[-0.090968,51.4527],[-0.091004,51.452712],[-0.091096,51.452746],[-0.091162,51.452717],[-0.091157,51.452715],[-0.091315,51.452651],[-0.091526,51.452546],[-0.092086,51.452241],[-0.092122,51.452223],[-0.092048,51.452169],[-0.09274,51.451817],[-0.093075,51.451654],[-0.093341,51.451522],[-0.093305,51.451492],[-0.093903,51.45119],[-0.094324,51.450966],[-0.094697,51.45076],[-0.094708,51.450762],[-0.094728,51.45075],[-0.094731,51.45074],[-0.094744,51.450733],[-0.094737,51.450728],[-0.094927,51.450621],[-0.094931,51.450623],[-0.094944,51.450625],[-0.094966,51.450612],[-0.094966,51.450604],[-0.094963,51.450602],[-0.095295,51.450403],[-0.095408,51.450331],[-0.09561,51.450206],[-0.095819,51.45007],[-0.096024,51.449934],[-0.096335,51.449722],[-0.096537,51.449581],[-0.096603,51.449614],[-0.096685,51.449551],[-0.096683,51.449541],[-0.096712,51.449527],[-0.096854,51.449433],[-0.096885,51.449399],[-0.096971,51.449329],[-0.097016,51.449311],[-0.097059,51.449311],[-0.097101,51.449302],[-0.097131,51.449292],[-0.097152,51.449282],[-0.097173,51.449261],[-0.097293,51.449156],[-0.097384,51.449073],[-0.097404,51.449053],[-0.097789,51.449453],[-0.097874,51.449545],[-0.098001,51.449695],[-0.098096,51.449785],[-0.098198,51.449877],[-0.098422,51.450094],[-0.098519,51.450175],[-0.098528,51.450179],[-0.098555,51.450185],[-0.098619,51.450187],[-0.098644,51.450184],[-0.09869,51.450172],[-0.099006,51.450453],[-0.09912,51.450559],[-0.099511,51.450916],[-0.099911,51.451277],[-0.100053,51.451407],[-0.100127,51.451472],[-0.100212,51.451552],[-0.100528,51.451901],[-0.10085,51.452253],[-0.10088,51.452243],[-0.100931,51.452298]]],[[[-0.09176,51.451997],[-0.0918,51.451977],[-0.091783,51.451963],[-0.091744,51.451983],[-0.09176,51.451997]]],[[[-0.086016,51.455526],[-0.085885,51.455639],[-0.08586,51.455657],[-0.085739,51.455757],[-0.085611,51.455852],[-0.085583,51.455843],[-0.085575,51.455852],[-0.085723,51.455901],[-0.085742,51.455906],[-0.085766,51.455915],[-0.086079,51.456013],[-0.086087,51.456002],[-0.086111,51.455985],[-0.086604,51.455658],[-0.087139,51.455307],[-0.087655,51.454966],[-0.087672,51.454957],[-0.08784,51.454837],[-0.088349,51.454466],[-0.088635,51.454271],[-0.088604,51.454252],[-0.088561,51.454266],[-0.088524,51.454287],[-0.088408,51.454214],[-0.088397,51.45422],[-0.088305,51.454161],[-0.088312,51.454156],[-0.088261,51.454123],[-0.088238,51.454102],[-0.08823,51.454086],[-0.088229,51.454073],[-0.088242,51.454041],[-0.088203,51.454018],[-0.088025,51.454114],[-0.087697,51.454297],[-0.087631,51.454332],[-0.087668,51.454363],[-0.087434,51.454519],[-0.087107,51.454747],[-0.087099,51.454744],[-0.087007,51.454833],[-0.087004,51.454833],[-0.086907,51.454882],[-0.086883,51.454902],[-0.086699,51.455043],[-0.086612,51.454994],[-0.08652,51.455072],[-0.086513,51.455076],[-0.086458,51.455129],[-0.08625,51.455318],[-0.086102,51.455448],[-0.086016,51.455526]]],[[[-0.085051,51.456306],[-0.084972,51.456369],[-0.084952,51.456402],[-0.084849,51.456489],[-0.084808,51.456508],[-0.084768,51.456529],[-0.084759,51.456513],[-0.084743,51.456518],[-0.084894,51.456741],[-0.084908,51.456738],[-0.0849,51.456725],[-0.084939,51.456694],[-0.084965,51.456708],[-0.084997,51.456722],[-0.085217,51.456565],[-0.085464,51.456392],[-0.085732,51.456199],[-0.08579,51.45616],[-0.085802,51.456153],[-0.085821,51.456146],[-0.085864,51.456143],[-0.085899,51.456136],[-0.085908,51.456129],[-0.085914,51.456121],[-0.085451,51.45597],[-0.085051,51.456306]]],[[[-0.084728,51.456882],[-0.084738,51.456879],[-0.084728,51.456864],[-0.084718,51.456867],[-0.084728,51.456882]]],[[[-0.084804,51.456978],[-0.084795,51.456967],[-0.084782,51.45697],[-0.08479,51.456982],[-0.084804,51.456978]]],[[[-0.09071,51.467581],[-0.09068,51.467585],[-0.090635,51.467594],[-0.090333,51.467669],[-0.089734,51.467822],[-0.089725,51.467829],[-0.089716,51.467843],[-0.089713,51.467855],[-0.089909,51.468115],[-0.090082,51.468058],[-0.090247,51.468007],[-0.090644,51.46789],[-0.09063,51.467858],[-0.090806,51.467801],[-0.091065,51.467726],[-0.091007,51.46765],[-0.090997,51.467641],[-0.090963,51.467621],[-0.090925,51.467603],[-0.090904,51.467596],[-0.090814,51.467583],[-0.090743,51.467579],[-0.09071,51.467581]]],[[[-0.088477,51.468127],[-0.088001,51.468247],[-0.087247,51.468433],[-0.086955,51.468503],[-0.086913,51.468514],[-0.086898,51.468524],[-0.086888,51.468541],[-0.086887,51.468554],[-0.086943,51.468637],[-0.087015,51.468749],[-0.087181,51.468991],[-0.087191,51.469002],[-0.087211,51.469015],[-0.087228,51.46902],[-0.087245,51.46902],[-0.087281,51.469013],[-0.087785,51.468868],[-0.088109,51.468772],[-0.088409,51.468686],[-0.088772,51.468577],[-0.089181,51.468445],[-0.089537,51.468321],[-0.089519,51.468299],[-0.089591,51.468279],[-0.089547,51.468222],[-0.089625,51.4682],[-0.089449,51.46797],[-0.08937,51.467994],[-0.089335,51.467948],[-0.089353,51.467941],[-0.089338,51.467916],[-0.088865,51.468033],[-0.088477,51.468127]]],[[[-0.086246,51.468981],[-0.086229,51.46897],[-0.08622,51.468967],[-0.086199,51.468967],[-0.086185,51.468971],[-0.086172,51.468981],[-0.086169,51.468987],[-0.086169,51.468993],[-0.086171,51.469001],[-0.086183,51.469011],[-0.086192,51.469015],[-0.086212,51.469017],[-0.086223,51.469016],[-0.086235,51.469011],[-0.086242,51.469006],[-0.086249,51.468997],[-0.08625,51.468991],[-0.086246,51.468981]]],[[[-0.086277,51.469046],[-0.086265,51.469041],[-0.086245,51.46904],[-0.086234,51.469041],[-0.086225,51.469044],[-0.086219,51.469048],[-0.08621,51.469057],[-0.086209,51.469066],[-0.08621,51.469072],[-0.08622,51.469083],[-0.086233,51.469088],[-0.086253,51.46909],[-0.086263,51.469089],[-0.08628,51.469082],[-0.086286,51.469076],[-0.08629,51.469064],[-0.086287,51.469054],[-0.086277,51.469046]]],[[[-0.085357,51.469057],[-0.085153,51.469128],[-0.084789,51.469209],[-0.084748,51.469219],[-0.08473,51.469226],[-0.084683,51.469228],[-0.084691,51.469248],[-0.084678,51.469251],[-0.084694,51.469282],[-0.085209,51.469174],[-0.08523,51.469178],[-0.085404,51.469117],[-0.085357,51.469057]]],[[[-0.105258,51.48819],[-0.105686,51.488363],[-0.105761,51.488291],[-0.105748,51.488258],[-0.105572,51.488188],[-0.10556,51.4882],[-0.10534,51.48811],[-0.105258,51.48819]]],[[[-0.106471,51.504417],[-0.10651,51.504419],[-0.106522,51.504401],[-0.106589,51.504277],[-0.106598,51.504253],[-0.106605,51.504226],[-0.106608,51.504206],[-0.106416,51.504201],[-0.106413,51.504219],[-0.106269,51.504214],[-0.105818,51.504198],[-0.105311,51.504171],[-0.104809,51.504139],[-0.10481,51.504131],[-0.104771,51.504129],[-0.104769,51.504136],[-0.104248,51.504113],[-0.104155,51.504111],[-0.103361,51.504081],[-0.102291,51.504054],[-0.102214,51.503826],[-0.102133,51.503595],[-0.102126,51.503571],[-0.102119,51.503559],[-0.102176,51.503568],[-0.102181,51.503442],[-0.102075,51.50344],[-0.102039,51.503342],[-0.102008,51.503246],[-0.101936,51.503059],[-0.10185,51.502858],[-0.101777,51.502709],[-0.101701,51.502567],[-0.10164,51.502463],[-0.101548,51.502317],[-0.101471,51.502203],[-0.101351,51.502037],[-0.1013,51.501962],[-0.101241,51.501872],[-0.101141,51.50171],[-0.101106,51.501646],[-0.101002,51.501445],[-0.100939,51.501306],[-0.100921,51.501258],[-0.100899,51.501208],[-0.100843,51.501057],[-0.10081,51.500955],[-0.100761,51.500782],[-0.100735,51.500672],[-0.100687,51.500444],[-0.10065,51.500295],[-0.100616,51.500185],[-0.100576,51.50007],[-0.100542,51.499978],[-0.100516,51.499916],[-0.100455,51.499777],[-0.100383,51.499633],[-0.100326,51.499526],[-0.100233,51.49937],[-0.100092,51.499161],[-0.100048,51.499104],[-0.100002,51.49904],[-0.099965,51.498994],[-0.099754,51.498738],[-0.09973,51.498711],[-0.099606,51.498556],[-0.099508,51.498441],[-0.099363,51.498243],[-0.099245,51.498066],[-0.09915,51.497913],[-0.099043,51.497715],[-0.09903,51.497688],[-0.099043,51.497686],[-0.098998,51.497599],[-0.098983,51.497602],[-0.098809,51.49727],[-0.098786,51.49722],[-0.098726,51.497076],[-0.098703,51.497011],[-0.098626,51.496774],[-0.098614,51.49673],[-0.098601,51.496673],[-0.098592,51.496616],[-0.09858,51.496556],[-0.098561,51.496436],[-0.098549,51.496334],[-0.098511,51.495875],[-0.09851,51.495859],[-0.098519,51.495859],[-0.098519,51.495831],[-0.098506,51.49583],[-0.098506,51.495702],[-0.09851,51.49555],[-0.098515,51.495465],[-0.098523,51.495386],[-0.098536,51.495287],[-0.098547,51.495219],[-0.098562,51.49514],[-0.098585,51.495038],[-0.098588,51.495018],[-0.09863,51.494855],[-0.098672,51.494677],[-0.098706,51.494582],[-0.098767,51.49459],[-0.098794,51.494524],[-0.098895,51.494256],[-0.098905,51.494233],[-0.098915,51.494199],[-0.098958,51.494072],[-0.099003,51.493928],[-0.099035,51.493817],[-0.099084,51.493637],[-0.099066,51.49363],[-0.099118,51.493388],[-0.09911,51.493278],[-0.09915,51.493105],[-0.099157,51.493081],[-0.099239,51.492712],[-0.099257,51.492623],[-0.099269,51.492535],[-0.099287,51.49238],[-0.0993,51.492248],[-0.099303,51.492142],[-0.099305,51.492121],[-0.099306,51.492024],[-0.099309,51.491974],[-0.099306,51.491971],[-0.099306,51.49189],[-0.099298,51.491722],[-0.099284,51.491585],[-0.09926,51.491439],[-0.099244,51.491346],[-0.099167,51.491026],[-0.099154,51.490986],[-0.099152,51.490928],[-0.099147,51.490911],[-0.099073,51.490712],[-0.099045,51.490631],[-0.098961,51.490432],[-0.098871,51.490239],[-0.098808,51.49013],[-0.098751,51.490027],[-0.098708,51.489957],[-0.098649,51.489867],[-0.098591,51.489784],[-0.098578,51.489788],[-0.098571,51.489776],[-0.098567,51.489773],[-0.098357,51.489466],[-0.098259,51.489319],[-0.098306,51.489306],[-0.098163,51.489092],[-0.098182,51.489086],[-0.098065,51.488951],[-0.098023,51.488966],[-0.098015,51.488956],[-0.098004,51.488959],[-0.097908,51.488821],[-0.09792,51.488812],[-0.097718,51.488538],[-0.097716,51.488533],[-0.097615,51.488388],[-0.097534,51.488274],[-0.097401,51.488079],[-0.097262,51.487881],[-0.097072,51.48759],[-0.097056,51.487561],[-0.09702,51.487503],[-0.09695,51.487379],[-0.096836,51.487163],[-0.096738,51.486973],[-0.096632,51.486762],[-0.096566,51.486646],[-0.096572,51.486643],[-0.096441,51.486392],[-0.096331,51.486172],[-0.096283,51.486081],[-0.096291,51.486078],[-0.096281,51.486059],[-0.096275,51.48606],[-0.096152,51.485766],[-0.09616,51.485764],[-0.096155,51.485752],[-0.096146,51.485752],[-0.096135,51.48572],[-0.096139,51.485719],[-0.096132,51.485695],[-0.096121,51.485697],[-0.096078,51.485586],[-0.096083,51.485585],[-0.096054,51.485487],[-0.096043,51.48544],[-0.096036,51.485421],[-0.096006,51.485311],[-0.095991,51.485234],[-0.095961,51.485096],[-0.095891,51.48461],[-0.095862,51.48442],[-0.095853,51.484371],[-0.095847,51.484266],[-0.095833,51.48411],[-0.095823,51.483897],[-0.095824,51.483774],[-0.095823,51.483668],[-0.095806,51.483244],[-0.095787,51.483053],[-0.095775,51.482893],[-0.095765,51.482722],[-0.095751,51.482415],[-0.095748,51.482298],[-0.095743,51.4822],[-0.095721,51.481927],[-0.095709,51.48175],[-0.095699,51.481648],[-0.095687,51.481483],[-0.095665,51.481132],[-0.095658,51.480984],[-0.095643,51.480752],[-0.095637,51.480753],[-0.095634,51.480689],[-0.09563,51.480644],[-0.09563,51.480625],[-0.095634,51.480623],[-0.095632,51.480596],[-0.095633,51.480589],[-0.095621,51.480441],[-0.095612,51.480294],[-0.095591,51.480063],[-0.095586,51.479975],[-0.095579,51.479892],[-0.095574,51.47979],[-0.095566,51.479696],[-0.095565,51.479663],[-0.095561,51.479642],[-0.095557,51.479581],[-0.095535,51.479172],[-0.09553,51.479044],[-0.09553,51.47898],[-0.095526,51.478886],[-0.095523,51.478863],[-0.09552,51.478788],[-0.095515,51.478715],[-0.095489,51.478425],[-0.095483,51.478331],[-0.09548,51.478261],[-0.095482,51.478138],[-0.095491,51.477992],[-0.095499,51.477921],[-0.095506,51.47783],[-0.095531,51.477658],[-0.095585,51.477379],[-0.095593,51.477324],[-0.095596,51.477314],[-0.095596,51.477308],[-0.095613,51.477215],[-0.095626,51.477158],[-0.095638,51.477093],[-0.095651,51.477045],[-0.095661,51.47699],[-0.095681,51.476899],[-0.095723,51.47675],[-0.095746,51.476675],[-0.095833,51.476433],[-0.095887,51.476294],[-0.09596,51.476126],[-0.096016,51.476007],[-0.096175,51.475727],[-0.096286,51.475555],[-0.096353,51.475448],[-0.09636,51.475451],[-0.096446,51.475317],[-0.096491,51.475336],[-0.096515,51.475302],[-0.096461,51.475288],[-0.096531,51.475192],[-0.096604,51.475099],[-0.096689,51.474993],[-0.09676,51.474908],[-0.096822,51.474837],[-0.096921,51.47473],[-0.096986,51.474665],[-0.097083,51.474573],[-0.097269,51.474525],[-0.097647,51.47426],[-0.097579,51.474222],[-0.097633,51.474186],[-0.097624,51.47418],[-0.098329,51.473653],[-0.09836,51.473607],[-0.098684,51.473354],[-0.098642,51.473331],[-0.099053,51.473007],[-0.099315,51.472803],[-0.099395,51.472743],[-0.099364,51.472643],[-0.099338,51.472548],[-0.09927,51.4726],[-0.09926,51.472601],[-0.098999,51.472786],[-0.098805,51.472913],[-0.098576,51.473059],[-0.098226,51.473293],[-0.097957,51.473485],[-0.097883,51.473541],[-0.09767,51.473712],[-0.097568,51.473796],[-0.097518,51.473841],[-0.097501,51.473854],[-0.097246,51.474089],[-0.09708,51.474252],[-0.096999,51.474329],[-0.096898,51.474432],[-0.096731,51.47462],[-0.096679,51.474676],[-0.096619,51.474752],[-0.096479,51.474922],[-0.09636,51.475074],[-0.096248,51.475223],[-0.096244,51.475231],[-0.096247,51.475235],[-0.096251,51.475237],[-0.096165,51.475366],[-0.096158,51.475365],[-0.096062,51.475522],[-0.095988,51.475649],[-0.095811,51.475963],[-0.09574,51.476104],[-0.095705,51.476186],[-0.095665,51.476286],[-0.0956,51.476459],[-0.095585,51.47649],[-0.095513,51.476704],[-0.095476,51.476835],[-0.095419,51.477057],[-0.095363,51.477316],[-0.095338,51.477454],[-0.095318,51.477585],[-0.095292,51.477806],[-0.095284,51.477892],[-0.095278,51.477982],[-0.09527,51.478123],[-0.095267,51.47827],[-0.095267,51.478361],[-0.095269,51.478452],[-0.095276,51.4786],[-0.095281,51.47867],[-0.09528,51.478681],[-0.095285,51.478735],[-0.095295,51.478902],[-0.095313,51.479134],[-0.095316,51.479194],[-0.09532,51.479243],[-0.095322,51.479252],[-0.095324,51.479316],[-0.095331,51.479398],[-0.095331,51.479418],[-0.095336,51.479482],[-0.095337,51.479517],[-0.095343,51.479591],[-0.095346,51.479666],[-0.09536,51.479879],[-0.095361,51.479918],[-0.095365,51.47996],[-0.09539,51.48036],[-0.095397,51.48044],[-0.095402,51.48055],[-0.095414,51.480721],[-0.095419,51.480814],[-0.095418,51.480816],[-0.095421,51.480841],[-0.095427,51.480953],[-0.095462,51.48144],[-0.095476,51.481674],[-0.095496,51.481922],[-0.095512,51.48223],[-0.095529,51.482467],[-0.095549,51.482793],[-0.095563,51.482989],[-0.095575,51.483089],[-0.095579,51.483149],[-0.095585,51.483326],[-0.095589,51.483568],[-0.095586,51.483684],[-0.095577,51.483802],[-0.095575,51.483848],[-0.095575,51.483909],[-0.095572,51.483984],[-0.095574,51.484086],[-0.095577,51.484141],[-0.095577,51.484207],[-0.095594,51.484439],[-0.095626,51.484692],[-0.095655,51.484886],[-0.095679,51.485015],[-0.095747,51.485298],[-0.0958,51.485487],[-0.095855,51.48564],[-0.095861,51.485639],[-0.095896,51.485727],[-0.095904,51.48575],[-0.095901,51.485751],[-0.095922,51.485804],[-0.095922,51.485807],[-0.09598,51.485952],[-0.096019,51.486042],[-0.09607,51.486151],[-0.096078,51.48615],[-0.096123,51.486243],[-0.096136,51.486273],[-0.096208,51.48642],[-0.096334,51.486667],[-0.096349,51.486693],[-0.09636,51.486716],[-0.096365,51.486717],[-0.096544,51.487072],[-0.096713,51.487379],[-0.096798,51.487526],[-0.096853,51.487615],[-0.096952,51.487771],[-0.09701,51.487854],[-0.097081,51.487963],[-0.097142,51.488053],[-0.097474,51.488533],[-0.097729,51.488906],[-0.097735,51.488912],[-0.097836,51.489062],[-0.097791,51.489082],[-0.09789,51.489164],[-0.097909,51.489187],[-0.097856,51.489212],[-0.097992,51.489325],[-0.098013,51.489363],[-0.097998,51.489369],[-0.098021,51.489395],[-0.098109,51.489536],[-0.098204,51.489698],[-0.098207,51.489701],[-0.098263,51.489687],[-0.098339,51.489799],[-0.098235,51.489829],[-0.098275,51.489881],[-0.098389,51.490054],[-0.098463,51.490178],[-0.098521,51.490281],[-0.098605,51.490446],[-0.09865,51.490542],[-0.098722,51.490717],[-0.098795,51.490925],[-0.098833,51.491052],[-0.098884,51.491253],[-0.098905,51.491328],[-0.098926,51.491434],[-0.09894,51.491516],[-0.098955,51.491642],[-0.099057,51.491617],[-0.099077,51.491813],[-0.099081,51.491894],[-0.099081,51.491959],[-0.099078,51.492078],[-0.099073,51.492189],[-0.099071,51.492201],[-0.099056,51.492399],[-0.099035,51.492582],[-0.099022,51.49265],[-0.099016,51.492691],[-0.098986,51.492824],[-0.098942,51.492985],[-0.098916,51.493061],[-0.098882,51.493168],[-0.098813,51.493218],[-0.098554,51.493824],[-0.098504,51.493822],[-0.098412,51.494086],[-0.098362,51.494248],[-0.098406,51.494254],[-0.098344,51.494488],[-0.098356,51.494517],[-0.098373,51.494565],[-0.098379,51.494565],[-0.098355,51.494726],[-0.098339,51.49473],[-0.098334,51.494786],[-0.098337,51.494797],[-0.098331,51.494853],[-0.098283,51.495411],[-0.098271,51.4956],[-0.098265,51.495756],[-0.098266,51.495801],[-0.098265,51.49598],[-0.098268,51.496018],[-0.098268,51.496038],[-0.098245,51.49604],[-0.098248,51.496068],[-0.098269,51.496068],[-0.098278,51.496232],[-0.098292,51.49635],[-0.098294,51.49638],[-0.098337,51.496615],[-0.098348,51.496667],[-0.098388,51.496822],[-0.098399,51.496863],[-0.098421,51.496932],[-0.098454,51.49703],[-0.098518,51.497193],[-0.098551,51.49727],[-0.098601,51.49738],[-0.098644,51.497471],[-0.098691,51.497561],[-0.098809,51.49777],[-0.098798,51.49778],[-0.098816,51.497811],[-0.098747,51.497827],[-0.098794,51.497851],[-0.099091,51.498281],[-0.099068,51.498301],[-0.099133,51.49833],[-0.09936,51.498654],[-0.099494,51.498842],[-0.099488,51.498843],[-0.099496,51.498886],[-0.099509,51.498885],[-0.099548,51.498937],[-0.099552,51.498963],[-0.099638,51.498958],[-0.099822,51.499219],[-0.099922,51.499357],[-0.099924,51.499362],[-0.099946,51.499392],[-0.099954,51.499406],[-0.09998,51.499443],[-0.100017,51.499503],[-0.100125,51.499695],[-0.100197,51.499839],[-0.10027,51.500003],[-0.100331,51.50017],[-0.100376,51.500305],[-0.100408,51.500408],[-0.100458,51.500594],[-0.100494,51.500745],[-0.100527,51.500868],[-0.100548,51.50094],[-0.100594,51.501079],[-0.100652,51.501227],[-0.100694,51.501324],[-0.100736,51.501416],[-0.100783,51.50151],[-0.100832,51.501601],[-0.100923,51.501757],[-0.101024,51.501913],[-0.101067,51.501975],[-0.101155,51.502093],[-0.101253,51.502229],[-0.101293,51.502289],[-0.101308,51.502309],[-0.101361,51.502391],[-0.101442,51.50252],[-0.101489,51.502601],[-0.101525,51.502667],[-0.101584,51.502781],[-0.101658,51.50294],[-0.101661,51.502952],[-0.101679,51.502991],[-0.101719,51.503092],[-0.101773,51.503235],[-0.101812,51.503343],[-0.101884,51.50356],[-0.101891,51.503567],[-0.101957,51.503768],[-0.102057,51.504048],[-0.101906,51.504044],[-0.101798,51.504037],[-0.101602,51.50402],[-0.101484,51.504005],[-0.101001,51.503957],[-0.100776,51.503948],[-0.100539,51.503945],[-0.100394,51.503948],[-0.100098,51.503962],[-0.099595,51.503989],[-0.099531,51.503989],[-0.09951,51.503991],[-0.09925,51.504],[-0.098659,51.504015],[-0.098249,51.504029],[-0.096529,51.504106],[-0.096177,51.504105],[-0.095894,51.504115],[-0.095892,51.504106],[-0.095616,51.504116],[-0.095102,51.50414],[-0.095102,51.504142],[-0.095061,51.504145],[-0.095061,51.504138],[-0.095042,51.504139],[-0.095044,51.504154],[-0.094958,51.504158],[-0.094897,51.504159],[-0.094791,51.504168],[-0.09478,51.504137],[-0.094778,51.504136],[-0.09449,51.504174],[-0.09447,51.504192],[-0.094479,51.504217],[-0.094276,51.504242],[-0.094237,51.504249],[-0.094234,51.504243],[-0.094206,51.504246],[-0.094208,51.504253],[-0.093945,51.504291],[-0.093777,51.504318],[-0.093626,51.504346],[-0.093477,51.504378],[-0.093378,51.504402],[-0.09337,51.504395],[-0.09334,51.504404],[-0.093349,51.50441],[-0.093239,51.504445],[-0.093072,51.504502],[-0.093064,51.504496],[-0.093043,51.504504],[-0.093047,51.50451],[-0.092883,51.504573],[-0.092873,51.504563],[-0.092671,51.50464],[-0.0923,51.504785],[-0.09226,51.504786],[-0.092247,51.504829],[-0.092224,51.504839],[-0.092091,51.504893],[-0.091856,51.504982],[-0.091501,51.505109],[-0.091292,51.505179],[-0.091057,51.505253],[-0.091016,51.505264],[-0.090813,51.505325],[-0.090642,51.505372],[-0.090436,51.505424],[-0.090189,51.505483],[-0.090185,51.50548],[-0.090072,51.505502],[-0.089915,51.505526],[-0.089841,51.505536],[-0.089836,51.505535],[-0.089833,51.505537],[-0.089701,51.505551],[-0.089578,51.505558],[-0.089445,51.505572],[-0.089432,51.505572],[-0.089308,51.505583],[-0.089245,51.50559],[-0.089241,51.505581],[-0.088494,51.505731],[-0.08834,51.505749],[-0.088251,51.505756],[-0.088181,51.50576],[-0.088042,51.505763],[-0.087862,51.505758],[-0.087776,51.505752],[-0.087592,51.505734],[-0.087002,51.505686],[-0.086996,51.505683],[-0.087152,51.505679],[-0.086865,51.505527],[-0.086843,51.505366],[-0.086882,51.505339],[-0.086856,51.505164],[-0.086907,51.505132],[-0.086869,51.504886],[-0.086543,51.504712],[-0.08657,51.504621],[-0.086613,51.504641],[-0.086646,51.504538],[-0.0866,51.504513],[-0.086629,51.504403],[-0.086819,51.504362],[-0.086821,51.504367],[-0.086903,51.504349],[-0.086883,51.504314],[-0.086865,51.504319],[-0.086853,51.504298],[-0.086865,51.504295],[-0.086852,51.504272],[-0.086801,51.504284],[-0.086793,51.504289],[-0.086773,51.504293],[-0.086753,51.504259],[-0.086316,51.504355],[-0.086175,51.504284],[-0.08618,51.504267],[-0.0862,51.504267],[-0.086211,51.504205],[-0.086239,51.504112],[-0.085893,51.503927],[-0.085899,51.503923],[-0.085819,51.50388],[-0.085888,51.503831],[-0.0859,51.503824],[-0.085383,51.503529],[-0.085242,51.503452],[-0.085125,51.50341],[-0.084089,51.503056],[-0.083586,51.50288],[-0.082787,51.502604],[-0.082648,51.50256],[-0.082309,51.502469],[-0.081867,51.502359],[-0.080856,51.50212],[-0.080321,51.501845],[-0.080332,51.501816],[-0.080341,51.501786],[-0.080314,51.501788],[-0.080274,51.501804],[-0.080254,51.501814],[-0.080154,51.501762],[-0.080179,51.501743],[-0.079875,51.501582],[-0.079903,51.501511],[-0.07973,51.501488],[-0.079718,51.501536],[-0.0782,51.500735],[-0.078265,51.50059],[-0.078134,51.500566],[-0.077242,51.500087],[-0.077226,51.500087],[-0.077216,51.500142],[-0.07705,51.500128],[-0.076565,51.49987],[-0.076563,51.499859],[-0.076535,51.499843],[-0.076506,51.499837],[-0.07601,51.499568],[-0.076038,51.499563],[-0.075825,51.499441],[-0.07565,51.499248],[-0.075525,51.499281],[-0.075462,51.499241],[-0.075436,51.499259],[-0.075003,51.499025],[-0.075006,51.499022],[-0.074979,51.499008],[-0.074974,51.499009],[-0.074886,51.498962],[-0.074853,51.498946],[-0.074745,51.498887],[-0.074636,51.498832],[-0.074525,51.49877],[-0.074431,51.498722],[-0.074374,51.49869],[-0.074354,51.498677],[-0.074332,51.498568],[-0.074233,51.498577],[-0.07414,51.49853],[-0.074128,51.49848],[-0.074124,51.498455],[-0.074117,51.498429],[-0.074024,51.498438],[-0.074039,51.498383],[-0.073871,51.498375],[-0.07386,51.498413],[-0.073453,51.498196],[-0.073463,51.498188],[-0.073449,51.498181],[-0.07344,51.498187],[-0.073359,51.498144],[-0.073368,51.498136],[-0.073346,51.498126],[-0.07334,51.498129],[-0.073333,51.498125],[-0.073324,51.498126],[-0.073134,51.498027],[-0.073137,51.498025],[-0.073128,51.498019],[-0.07313,51.498017],[-0.073111,51.498006],[-0.073102,51.498012],[-0.072386,51.497644],[-0.071797,51.49734],[-0.071806,51.497332],[-0.071775,51.497316],[-0.071765,51.497323],[-0.071264,51.497077],[-0.071043,51.496971],[-0.070989,51.496943],[-0.070096,51.496501],[-0.069679,51.496304],[-0.069688,51.496299],[-0.069665,51.496289],[-0.069659,51.496293],[-0.06923,51.496093],[-0.06925,51.496091],[-0.069186,51.496061],[-0.069176,51.496068],[-0.06832,51.49566],[-0.06788,51.49546],[-0.067882,51.495459],[-0.067448,51.495255],[-0.066833,51.49497],[-0.066382,51.495424],[-0.066548,51.495518],[-0.066627,51.495561],[-0.066753,51.495625],[-0.067025,51.495758],[-0.067366,51.495907],[-0.067472,51.495948],[-0.067465,51.495954],[-0.067492,51.495966],[-0.067501,51.495959],[-0.06775,51.496051],[-0.06825,51.496227],[-0.068244,51.496235],[-0.068279,51.496248],[-0.068285,51.496241],[-0.068296,51.496244],[-0.068636,51.496362],[-0.068722,51.496393],[-0.068727,51.496404],[-0.068774,51.496424],[-0.068784,51.496415],[-0.069324,51.496648],[-0.069457,51.496704],[-0.069735,51.496826],[-0.069856,51.496877],[-0.069936,51.496918],[-0.070694,51.497292],[-0.071437,51.497662],[-0.071745,51.497821],[-0.0725,51.498206],[-0.072528,51.498221],[-0.072529,51.498233],[-0.072561,51.498249],[-0.072581,51.498248],[-0.073259,51.498604],[-0.07358,51.498775],[-0.073589,51.498793],[-0.073616,51.498808],[-0.073623,51.498803],[-0.07364,51.498813],[-0.07365,51.498812],[-0.073797,51.498892],[-0.073792,51.498899],[-0.073819,51.498914],[-0.073831,51.498907],[-0.07416,51.499088],[-0.074175,51.499097],[-0.074168,51.499101],[-0.0742,51.499119],[-0.074205,51.499116],[-0.074211,51.49912],[-0.074217,51.499117],[-0.074307,51.499165],[-0.074342,51.499185],[-0.074339,51.499187],[-0.074349,51.499193],[-0.074344,51.499196],[-0.074373,51.499212],[-0.074383,51.499204],[-0.07591,51.500034],[-0.075902,51.500039],[-0.07593,51.500054],[-0.075939,51.500049],[-0.075948,51.500053],[-0.076073,51.50012],[-0.076067,51.500126],[-0.076113,51.500154],[-0.076124,51.500146],[-0.077972,51.501132],[-0.077964,51.50114],[-0.077995,51.501156],[-0.078004,51.501148],[-0.078734,51.501532],[-0.079245,51.501798],[-0.079385,51.501876],[-0.079504,51.501937],[-0.080077,51.502244],[-0.080062,51.502261],[-0.08006,51.502275],[-0.080061,51.502279],[-0.080068,51.502286],[-0.080122,51.502319],[-0.080165,51.502327],[-0.080297,51.502396],[-0.080413,51.502452],[-0.08038,51.502543],[-0.080465,51.502557],[-0.080476,51.50256],[-0.080529,51.502566],[-0.080545,51.502564],[-0.080555,51.502561],[-0.080564,51.502556],[-0.080585,51.502534],[-0.080601,51.502512],[-0.080671,51.502548],[-0.080618,51.502639],[-0.080958,51.502712],[-0.081148,51.5028],[-0.081198,51.502843],[-0.081131,51.502916],[-0.081116,51.502938],[-0.081247,51.502967],[-0.081298,51.502885],[-0.081267,51.502878],[-0.081278,51.502855],[-0.08136,51.502899],[-0.082038,51.503244],[-0.082097,51.503277],[-0.082248,51.503344],[-0.082307,51.503368],[-0.082331,51.503376],[-0.082345,51.503384],[-0.08236,51.503388],[-0.082805,51.50363],[-0.082847,51.503655],[-0.082861,51.503667],[-0.082897,51.503692],[-0.083106,51.503851],[-0.08322,51.503935],[-0.083232,51.503945],[-0.08331,51.504029],[-0.083786,51.504553],[-0.083829,51.504595],[-0.083806,51.504606],[-0.083869,51.504633],[-0.083894,51.504659],[-0.083905,51.504669],[-0.083911,51.504672],[-0.083918,51.504681],[-0.083964,51.504721],[-0.083977,51.504728],[-0.08399,51.50474],[-0.084072,51.504798],[-0.08413,51.504835],[-0.084256,51.50492],[-0.084343,51.504966],[-0.084376,51.504981],[-0.084406,51.504998],[-0.084631,51.50511],[-0.084686,51.50514],[-0.084741,51.505166],[-0.084807,51.505201],[-0.085205,51.5054],[-0.085244,51.505422],[-0.085321,51.50545],[-0.08542,51.50549],[-0.085497,51.505518],[-0.085532,51.505528],[-0.086231,51.505713],[-0.086261,51.50571],[-0.086502,51.505767],[-0.086505,51.505778],[-0.087001,51.505853],[-0.087476,51.505927],[-0.087483,51.505915],[-0.088161,51.505938],[-0.088201,51.505952],[-0.088427,51.505928],[-0.088433,51.505925],[-0.088448,51.505913],[-0.088866,51.505829],[-0.088928,51.505818],[-0.088915,51.505831],[-0.088996,51.505819],[-0.089065,51.505813],[-0.089169,51.505807],[-0.089243,51.505792],[-0.089289,51.505767],[-0.089465,51.505742],[-0.089583,51.505727],[-0.089716,51.505715],[-0.089846,51.50571],[-0.090006,51.50571],[-0.090074,51.505712],[-0.090213,51.50572],[-0.090325,51.505731],[-0.090435,51.505744],[-0.090581,51.505765],[-0.090584,51.505766],[-0.090584,51.505774],[-0.0906,51.505774],[-0.0906,51.505768],[-0.090655,51.505778],[-0.090786,51.505807],[-0.090966,51.505854],[-0.091117,51.505905],[-0.091205,51.505939],[-0.091266,51.505965],[-0.091382,51.506019],[-0.091409,51.506034],[-0.091458,51.506066],[-0.091479,51.506078],[-0.091491,51.506087],[-0.091504,51.506094],[-0.091635,51.506179],[-0.091618,51.506264],[-0.091535,51.506642],[-0.091817,51.50666],[-0.091793,51.506804],[-0.091967,51.506814],[-0.091962,51.506848],[-0.091787,51.506838],[-0.091784,51.506856],[-0.091913,51.506868],[-0.091914,51.506864],[-0.092011,51.506874],[-0.091995,51.506944],[-0.091746,51.506923],[-0.091743,51.506936],[-0.091934,51.506948],[-0.092075,51.506943],[-0.092085,51.507048],[-0.092088,51.507051],[-0.092099,51.507187],[-0.092086,51.507231],[-0.092077,51.50723],[-0.09208,51.507271],[-0.092027,51.507394],[-0.092056,51.5074],[-0.092055,51.507405],[-0.091896,51.507707],[-0.091891,51.507706],[-0.091861,51.507764],[-0.091867,51.507766],[-0.091795,51.5079],[-0.091696,51.508095],[-0.091687,51.508093],[-0.091655,51.508152],[-0.091664,51.508154],[-0.091578,51.508324],[-0.091777,51.508347],[-0.092123,51.508391],[-0.09219,51.50827],[-0.092378,51.507909],[-0.092393,51.507882],[-0.092398,51.507883],[-0.092432,51.50782],[-0.092427,51.507819],[-0.092544,51.507587],[-0.09259,51.507502],[-0.0926,51.507504],[-0.092664,51.50738],[-0.092624,51.50737],[-0.092625,51.507144],[-0.092629,51.506865],[-0.092628,51.506864],[-0.092629,51.506855],[-0.092669,51.506723],[-0.092696,51.50664],[-0.092465,51.506611],[-0.09232,51.506591],[-0.092206,51.506342],[-0.092112,51.506146],[-0.092069,51.505955],[-0.092046,51.505958],[-0.092042,51.505903],[-0.092042,51.505856],[-0.09205,51.505772],[-0.092064,51.505688],[-0.092076,51.505636],[-0.092088,51.505598],[-0.092117,51.505518],[-0.092146,51.505451],[-0.092188,51.505369],[-0.092241,51.50528],[-0.092309,51.505191],[-0.092371,51.505113],[-0.092392,51.50512],[-0.09247,51.505044],[-0.092508,51.50501],[-0.092602,51.504936],[-0.092644,51.504908],[-0.09274,51.504852],[-0.092807,51.504827],[-0.0928,51.50482],[-0.093327,51.504619],[-0.093375,51.504622],[-0.093451,51.504601],[-0.093444,51.50459],[-0.093717,51.504514],[-0.093796,51.504495],[-0.093973,51.50446],[-0.094028,51.504452],[-0.094027,51.504454],[-0.094044,51.504456],[-0.094046,51.504449],[-0.094077,51.504445],[-0.09408,51.504452],[-0.0941,51.504448],[-0.094099,51.504443],[-0.094265,51.504418],[-0.094327,51.504411],[-0.09433,51.504418],[-0.09435,51.504415],[-0.094349,51.504408],[-0.094607,51.504382],[-0.09482,51.504362],[-0.094967,51.504354],[-0.095093,51.504351],[-0.09518,51.504379],[-0.095461,51.504376],[-0.095577,51.504373],[-0.095886,51.504357],[-0.095886,51.504352],[-0.095943,51.504346],[-0.096012,51.504341],[-0.096176,51.504335],[-0.096238,51.504336],[-0.096237,51.504341],[-0.096527,51.504346],[-0.097068,51.504359],[-0.097192,51.504357],[-0.097222,51.504354],[-0.097373,51.504347],[-0.097585,51.50434],[-0.097755,51.504341],[-0.097994,51.504345],[-0.098158,51.50435],[-0.098204,51.504353],[-0.098426,51.50437],[-0.098647,51.50439],[-0.098866,51.504414],[-0.098906,51.50442],[-0.098966,51.504587],[-0.099657,51.50452],[-0.099665,51.504542],[-0.099711,51.504573],[-0.099766,51.504567],[-0.099819,51.504559],[-0.099823,51.50458],[-0.099885,51.504582],[-0.099981,51.504589],[-0.100102,51.504595],[-0.10019,51.504598],[-0.100547,51.504604],[-0.100647,51.504607],[-0.100752,51.504608],[-0.100754,51.504605],[-0.100773,51.504606],[-0.100898,51.504617],[-0.100927,51.504623],[-0.101295,51.50468],[-0.101431,51.504705],[-0.101458,51.504643],[-0.101441,51.504521],[-0.101807,51.504508],[-0.101836,51.504525],[-0.101915,51.504579],[-0.101942,51.504599],[-0.10199,51.504631],[-0.102032,51.504666],[-0.102036,51.504666],[-0.102171,51.50479],[-0.102249,51.50489],[-0.102299,51.504962],[-0.102317,51.504995],[-0.102364,51.505069],[-0.102645,51.5055],[-0.102704,51.505594],[-0.102767,51.505687],[-0.102825,51.50578],[-0.102875,51.505779],[-0.102954,51.505906],[-0.103033,51.506047],[-0.103073,51.506128],[-0.103124,51.506237],[-0.103132,51.506335],[-0.103152,51.506522],[-0.103152,51.506565],[-0.103159,51.506779],[-0.103294,51.506829],[-0.103304,51.506946],[-0.103339,51.507491],[-0.103352,51.507492],[-0.103361,51.507579],[-0.103285,51.507735],[-0.103285,51.507788],[-0.10329,51.507967],[-0.10327,51.508016],[-0.103189,51.508256],[-0.103124,51.508254],[-0.103117,51.508419],[-0.103123,51.508421],[-0.103118,51.508494],[-0.10309,51.508493],[-0.10309,51.508513],[-0.103075,51.508512],[-0.103074,51.508523],[-0.10308,51.508524],[-0.10308,51.508532],[-0.103094,51.508532],[-0.103092,51.508537],[-0.103102,51.508538],[-0.103098,51.50863],[-0.103108,51.50863],[-0.103095,51.508888],[-0.10309,51.50904],[-0.103065,51.50904],[-0.103039,51.509047],[-0.103025,51.509056],[-0.103017,51.509068],[-0.10302,51.509083],[-0.103033,51.509098],[-0.10306,51.509108],[-0.103087,51.509109],[-0.103069,51.509577],[-0.103048,51.509578],[-0.103024,51.509583],[-0.103014,51.509588],[-0.103009,51.509593],[-0.103005,51.509598],[-0.103003,51.509608],[-0.103006,51.509619],[-0.103013,51.509632],[-0.103027,51.509641],[-0.103044,51.509645],[-0.103068,51.509645],[-0.103063,51.509835],[-0.103424,51.509848],[-0.10343,51.509703],[-0.103437,51.509381],[-0.103446,51.509165],[-0.103452,51.508955],[-0.103464,51.508635],[-0.103495,51.508636],[-0.103496,51.508613],[-0.103752,51.508616],[-0.103755,51.508533],[-0.103725,51.508532],[-0.103724,51.508512],[-0.103683,51.50851],[-0.103662,51.508506],[-0.10364,51.508497],[-0.103617,51.508479],[-0.103609,51.50847],[-0.103602,51.508456],[-0.103601,51.508442],[-0.103549,51.508441],[-0.103553,51.508379],[-0.103555,51.508294],[-0.103549,51.508293],[-0.10355,51.508248],[-0.103552,51.508233],[-0.103556,51.50821],[-0.103587,51.508091],[-0.103656,51.507844],[-0.103683,51.507721],[-0.103697,51.507622],[-0.103705,51.507547],[-0.103711,51.507473],[-0.103713,51.507402],[-0.103956,51.507396],[-0.103936,51.507078],[-0.103879,51.507053],[-0.103847,51.507036],[-0.103752,51.506763],[-0.104097,51.50691],[-0.104215,51.506884],[-0.104216,51.506854],[-0.103951,51.506758],[-0.103882,51.506721],[-0.103854,51.506671],[-0.103857,51.506109],[-0.103633,51.506103],[-0.103369,51.506107],[-0.103306,51.506035],[-0.103296,51.50602],[-0.103225,51.505892],[-0.103067,51.505638],[-0.103019,51.505569],[-0.102957,51.505476],[-0.102927,51.505428],[-0.102845,51.505291],[-0.102696,51.505032],[-0.102615,51.504877],[-0.102565,51.504775],[-0.102475,51.504582],[-0.102444,51.50449],[-0.102485,51.504487],[-0.102513,51.50449],[-0.10254,51.504495],[-0.102581,51.504512],[-0.102597,51.504525],[-0.102617,51.504545],[-0.102621,51.504552],[-0.10263,51.504586],[-0.10264,51.504638],[-0.102635,51.504638],[-0.10265,51.504745],[-0.102655,51.50477],[-0.102774,51.504765],[-0.102763,51.504684],[-0.102748,51.504512],[-0.102732,51.504513],[-0.102713,51.50449],[-0.102686,51.504467],[-0.102667,51.504454],[-0.102594,51.504423],[-0.102561,51.504414],[-0.102516,51.504407],[-0.102472,51.504403],[-0.10245,51.504403],[-0.102415,51.504406],[-0.102349,51.504221],[-0.102674,51.504237],[-0.102676,51.504259],[-0.102691,51.50426],[-0.103211,51.504282],[-0.10411,51.504324],[-0.104312,51.504332],[-0.104316,51.504274],[-0.105304,51.504319],[-0.105432,51.504326],[-0.105431,51.504335],[-0.105633,51.504349],[-0.105729,51.504354],[-0.105933,51.504369],[-0.106471,51.504417]],[[-0.077588,51.500411],[-0.077597,51.500405],[-0.077606,51.50041],[-0.077612,51.500407],[-0.077648,51.500427],[-0.077634,51.500436],[-0.077588,51.500411]],[[-0.10206,51.504499],[-0.102193,51.504518],[-0.102231,51.504522],[-0.10225,51.504571],[-0.102167,51.504574],[-0.102139,51.504552],[-0.10206,51.504499]],[[-0.080078,51.501722],[-0.080087,51.501717],[-0.080091,51.501719],[-0.080094,51.501717],[-0.080127,51.501734],[-0.080117,51.501742],[-0.080078,51.501722]],[[-0.101954,51.504437],[-0.101858,51.504384],[-0.101699,51.504307],[-0.101671,51.504296],[-0.101544,51.504238],[-0.101381,51.50417],[-0.10138,51.504144],[-0.101514,51.504146],[-0.102034,51.5042],[-0.102033,51.504209],[-0.102118,51.504214],[-0.102198,51.504439],[-0.101954,51.504437]],[[-0.080585,51.502505],[-0.080579,51.502509],[-0.080533,51.502486],[-0.080538,51.502481],[-0.080585,51.502505]],[[-0.101551,51.504388],[-0.101614,51.504412],[-0.101661,51.504432],[-0.101689,51.504446],[-0.101434,51.504456],[-0.10143,51.504423],[-0.101402,51.504328],[-0.101423,51.504335],[-0.101551,51.504388]],[[-0.082248,51.503248],[-0.08227,51.503248],[-0.082261,51.503255],[-0.082248,51.503248]],[[-0.099072,51.492992],[-0.099012,51.493187],[-0.098991,51.493185],[-0.099051,51.492989],[-0.099072,51.492992]],[[-0.090996,51.505706],[-0.090923,51.505687],[-0.090685,51.505637],[-0.090514,51.505609],[-0.090421,51.505597],[-0.090424,51.505591],[-0.090122,51.505571],[-0.090213,51.505552],[-0.090386,51.505511],[-0.090753,51.505418],[-0.091034,51.505338],[-0.091151,51.505303],[-0.091428,51.505215],[-0.09165,51.505139],[-0.09179,51.505089],[-0.091855,51.505065],[-0.092022,51.504999],[-0.092466,51.504828],[-0.092485,51.504842],[-0.092472,51.50485],[-0.092418,51.50489],[-0.092356,51.504942],[-0.092251,51.505041],[-0.09219,51.505109],[-0.092125,51.505188],[-0.092101,51.505223],[-0.092045,51.505311],[-0.092004,51.505384],[-0.091966,51.505461],[-0.091951,51.505496],[-0.091947,51.50551],[-0.091931,51.50555],[-0.091915,51.505602],[-0.091903,51.505645],[-0.091897,51.505675],[-0.091888,51.505736],[-0.091885,51.505773],[-0.091873,51.505853],[-0.091824,51.505852],[-0.091819,51.506085],[-0.091786,51.506084],[-0.091781,51.506079],[-0.09175,51.506057],[-0.091628,51.50598],[-0.091534,51.505926],[-0.0915,51.50591],[-0.091456,51.505886],[-0.091419,51.505869],[-0.091412,51.505864],[-0.091299,51.505814],[-0.091194,51.505772],[-0.091099,51.505738],[-0.090996,51.505706]],[[-0.098451,51.49492],[-0.098454,51.494879],[-0.098494,51.494887],[-0.098477,51.494967],[-0.098466,51.495003],[-0.098465,51.495012],[-0.09844,51.495007],[-0.098451,51.49492]],[[-0.096021,51.485723],[-0.096013,51.485723],[-0.095971,51.485613],[-0.095976,51.485611],[-0.096021,51.485723]],[[-0.096531,51.486778],[-0.096522,51.486781],[-0.096469,51.486678],[-0.096478,51.486676],[-0.096531,51.486778]],[[-0.096241,51.48622],[-0.096233,51.486221],[-0.096183,51.486114],[-0.096189,51.486113],[-0.096241,51.48622]],[[-0.096868,51.474644],[-0.096777,51.47474],[-0.096753,51.474746],[-0.09683,51.474651],[-0.096868,51.474644]]],[[[-0.100209,51.494547],[-0.100202,51.494609],[-0.100405,51.494619],[-0.100412,51.494508],[-0.10041,51.494467],[-0.100212,51.494473],[-0.100209,51.494547]]],[[[-0.10081,51.49575],[-0.100805,51.495746],[-0.100686,51.495804],[-0.100625,51.495791],[-0.100587,51.495801],[-0.100544,51.495881],[-0.100551,51.495882],[-0.100515,51.495941],[-0.100815,51.49602],[-0.100927,51.49584],[-0.100849,51.49578],[-0.100875,51.495768],[-0.100836,51.495737],[-0.10081,51.49575]]],[[[-0.107217,51.497324],[-0.106996,51.497216],[-0.106876,51.497155],[-0.106799,51.497192],[-0.106206,51.497295],[-0.105613,51.497401],[-0.105332,51.497449],[-0.104129,51.497664],[-0.104132,51.497756],[-0.104512,51.498054],[-0.104639,51.498188],[-0.104453,51.498276],[-0.104455,51.498278],[-0.104491,51.498302],[-0.104617,51.498232],[-0.104803,51.498355],[-0.104989,51.49836],[-0.105258,51.498202],[-0.105467,51.498077],[-0.10558,51.498007],[-0.105642,51.497971],[-0.105719,51.497929],[-0.105927,51.497823],[-0.106087,51.497748],[-0.106247,51.497678],[-0.106395,51.49762],[-0.106537,51.497571],[-0.10665,51.497535],[-0.106811,51.497489],[-0.106986,51.497442],[-0.107178,51.497393],[-0.107191,51.497391],[-0.107206,51.497386],[-0.10722,51.497379],[-0.107223,51.497374],[-0.107228,51.49737],[-0.107235,51.497356],[-0.107235,51.497351],[-0.10723,51.497336],[-0.107217,51.497324]]],[[[-0.104901,51.503779],[-0.104849,51.503792],[-0.104828,51.503799],[-0.104811,51.503808],[-0.104791,51.503821],[-0.104775,51.503836],[-0.104754,51.503858],[-0.104734,51.5039],[-0.104743,51.503901],[-0.104744,51.503932],[-0.104741,51.504068],[-0.104792,51.504069],[-0.104792,51.504072],[-0.105115,51.504062],[-0.105126,51.504068],[-0.105144,51.504071],[-0.105163,51.50407],[-0.10518,51.504065],[-0.105193,51.504057],[-0.1052,51.504046],[-0.105201,51.504034],[-0.105194,51.504023],[-0.105182,51.504015],[-0.105174,51.504012],[-0.105173,51.503994],[-0.105317,51.503996],[-0.105326,51.503727],[-0.1053,51.50371],[-0.104998,51.503776],[-0.104994,51.503782],[-0.104958,51.503781],[-0.104957,51.503784],[-0.104947,51.503784],[-0.104946,51.503773],[-0.104901,51.503779]]],[[[-0.080811,51.42259],[-0.080781,51.42254],[-0.08076,51.4225],[-0.080645,51.422526],[-0.080641,51.422518],[-0.080071,51.422708],[-0.079965,51.422753],[-0.079917,51.422775],[-0.079971,51.422845],[-0.08006,51.422949],[-0.080439,51.423192],[-0.080751,51.423403],[-0.080875,51.423469],[-0.081272,51.423668],[-0.081737,51.423882],[-0.081769,51.423894],[-0.081785,51.423902],[-0.0818,51.423906],[-0.082018,51.423983],[-0.082117,51.424016],[-0.082279,51.424074],[-0.082355,51.424099],[-0.083382,51.424458],[-0.083483,51.424455],[-0.083462,51.424339],[-0.083427,51.424117],[-0.082963,51.423944],[-0.083,51.423929],[-0.082951,51.423901],[-0.082947,51.423903],[-0.08294,51.4239],[-0.082865,51.423884],[-0.082828,51.423877],[-0.082786,51.423872],[-0.082741,51.423864],[-0.082697,51.423854],[-0.082618,51.423833],[-0.082507,51.423789],[-0.082381,51.423733],[-0.0822,51.423649],[-0.082082,51.423601],[-0.081931,51.423536],[-0.081811,51.423476],[-0.081738,51.423437],[-0.081707,51.423443],[-0.081637,51.423386],[-0.081591,51.423359],[-0.081326,51.423193],[-0.080987,51.422905],[-0.080771,51.422669],[-0.080717,51.422614],[-0.080811,51.42259]]],[[[-0.067065,51.437632],[-0.066904,51.437842],[-0.066879,51.437877],[-0.066855,51.437917],[-0.066761,51.438063],[-0.066667,51.438197],[-0.066597,51.438187],[-0.066586,51.438201],[-0.067063,51.438322],[-0.06712,51.438341],[-0.067136,51.438323],[-0.067192,51.438246],[-0.067221,51.438211],[-0.067283,51.438128],[-0.067326,51.438059],[-0.067383,51.437951],[-0.067406,51.437902],[-0.067428,51.437838],[-0.067463,51.437694],[-0.067497,51.437534],[-0.067514,51.437469],[-0.067562,51.437258],[-0.067595,51.437162],[-0.067746,51.436909],[-0.06783,51.436761],[-0.06807,51.436354],[-0.068099,51.436293],[-0.068148,51.436205],[-0.068177,51.436143],[-0.068224,51.436032],[-0.068248,51.435982],[-0.068344,51.435728],[-0.068464,51.435428],[-0.068511,51.435344],[-0.068534,51.435315],[-0.06852,51.435297],[-0.068504,51.435283],[-0.068476,51.435269],[-0.068927,51.434459],[-0.068944,51.434456],[-0.068951,51.434444],[-0.068826,51.434414],[-0.068817,51.434426],[-0.068341,51.435264],[-0.068252,51.435248],[-0.068058,51.435568],[-0.06804,51.435595],[-0.067992,51.435687],[-0.067929,51.435818],[-0.067789,51.4361],[-0.067661,51.436422],[-0.067572,51.436652],[-0.067556,51.43668],[-0.067513,51.436778],[-0.067497,51.436805],[-0.06741,51.436972],[-0.067369,51.437056],[-0.067285,51.437203],[-0.067148,51.437456],[-0.067128,51.437496],[-0.067106,51.437553],[-0.067072,51.437625],[-0.067065,51.437632]]],[[[-0.066723,51.438569],[-0.066892,51.43831],[-0.066779,51.438281],[-0.066336,51.438906],[-0.066288,51.438971],[-0.066264,51.439006],[-0.066235,51.439054],[-0.066295,51.439065],[-0.066369,51.439069],[-0.066591,51.438764],[-0.066723,51.438569]]],[[[-0.078566,51.464268],[-0.078557,51.464384],[-0.078557,51.464435],[-0.07851,51.46465],[-0.078496,51.464707],[-0.078435,51.465142],[-0.078411,51.465308],[-0.078408,51.465318],[-0.07894,51.46532],[-0.078936,51.465278],[-0.078918,51.465154],[-0.078879,51.464844],[-0.078846,51.464626],[-0.078829,51.4645],[-0.078827,51.464451],[-0.07883,51.464386],[-0.078835,51.464342],[-0.078849,51.464283],[-0.07889,51.464141],[-0.078912,51.464073],[-0.078926,51.464021],[-0.078928,51.464016],[-0.078944,51.464026],[-0.078958,51.463996],[-0.078965,51.463997],[-0.07904,51.46383],[-0.079038,51.46382],[-0.07907,51.463749],[-0.079108,51.46367],[-0.079185,51.46352],[-0.07923,51.463483],[-0.07943,51.463071],[-0.079465,51.463018],[-0.079487,51.462989],[-0.079708,51.462739],[-0.079975,51.462427],[-0.080375,51.461965],[-0.080188,51.46187],[-0.080345,51.461688],[-0.080404,51.461656],[-0.080425,51.46164],[-0.080457,51.461611],[-0.080406,51.461594],[-0.08146,51.460335],[-0.081481,51.460342],[-0.081963,51.459769],[-0.082441,51.459194],[-0.082942,51.458613],[-0.082952,51.458587],[-0.082972,51.458558],[-0.08321,51.458299],[-0.08324,51.458272],[-0.083331,51.458178],[-0.083478,51.458017],[-0.083559,51.457924],[-0.08361,51.45787],[-0.083662,51.457818],[-0.083683,51.457801],[-0.083808,51.457685],[-0.08391,51.457586],[-0.083993,51.457502],[-0.0841,51.457398],[-0.084182,51.457321],[-0.084367,51.457157],[-0.084442,51.457094],[-0.084718,51.456851],[-0.084601,51.456671],[-0.084569,51.456625],[-0.084532,51.456672],[-0.08451,51.456696],[-0.084408,51.456793],[-0.084427,51.4568],[-0.084403,51.456823],[-0.084385,51.456816],[-0.084092,51.457116],[-0.084057,51.457151],[-0.083999,51.457205],[-0.083782,51.457442],[-0.083329,51.45792],[-0.083158,51.458098],[-0.082935,51.458325],[-0.082808,51.458449],[-0.082713,51.458556],[-0.082367,51.458938],[-0.082213,51.459112],[-0.08212,51.459183],[-0.082205,51.459219],[-0.081947,51.459522],[-0.08198,51.459534],[-0.081641,51.45995],[-0.081037,51.460685],[-0.081008,51.460676],[-0.08073,51.461007],[-0.080745,51.461011],[-0.080592,51.46119],[-0.080444,51.461252],[-0.080282,51.461326],[-0.080169,51.461405],[-0.08016,51.461423],[-0.080172,51.46149],[-0.08021,51.461513],[-0.080175,51.461555],[-0.080198,51.461568],[-0.080153,51.461599],[-0.080177,51.461608],[-0.080184,51.461602],[-0.080205,51.461611],[-0.080218,51.461621],[-0.080248,51.461649],[-0.080239,51.46166],[-0.080221,51.461679],[-0.080131,51.461784],[-0.080096,51.461822],[-0.080019,51.461777],[-0.079989,51.461799],[-0.079928,51.46185],[-0.079758,51.462027],[-0.079719,51.462061],[-0.079671,51.462098],[-0.079623,51.462122],[-0.079617,51.462123],[-0.079579,51.462151],[-0.079516,51.462221],[-0.079508,51.46222],[-0.079445,51.462316],[-0.07934,51.46245],[-0.079324,51.462475],[-0.079264,51.462557],[-0.079192,51.46266],[-0.079164,51.462694],[-0.079132,51.462729],[-0.079034,51.462892],[-0.07896,51.463019],[-0.078908,51.463104],[-0.078863,51.463182],[-0.078831,51.463253],[-0.078807,51.463314],[-0.078754,51.463481],[-0.078686,51.463482],[-0.078687,51.463497],[-0.078722,51.463497],[-0.078724,51.463552],[-0.078689,51.463552],[-0.078691,51.463652],[-0.07862,51.463839],[-0.078596,51.463983],[-0.078566,51.464268]]],[[[-0.080599,51.461444],[-0.080761,51.46125],[-0.080738,51.461242],[-0.080576,51.461437],[-0.080599,51.461444]]],[[[-0.078263,51.466428],[-0.078215,51.466541],[-0.078164,51.466644],[-0.078079,51.466795],[-0.078012,51.466905],[-0.077918,51.467032],[-0.077867,51.467087],[-0.077817,51.467137],[-0.077841,51.467137],[-0.077873,51.467146],[-0.078135,51.467144],[-0.078405,51.467144],[-0.078508,51.467142],[-0.078733,51.466772],[-0.078813,51.466566],[-0.07888,51.466285],[-0.078773,51.466275],[-0.078782,51.466225],[-0.078893,51.466234],[-0.078933,51.466063],[-0.078825,51.466056],[-0.078834,51.466013],[-0.078942,51.466023],[-0.078952,51.465978],[-0.078965,51.465893],[-0.078974,51.465851],[-0.078998,51.465711],[-0.078989,51.465601],[-0.078987,51.465532],[-0.078969,51.46543],[-0.078588,51.465431],[-0.078411,51.46543],[-0.078407,51.465576],[-0.078406,51.465715],[-0.078369,51.46606],[-0.07836,51.466134],[-0.078353,51.466163],[-0.078351,51.466178],[-0.078344,51.466205],[-0.078315,51.466298],[-0.078263,51.466428]]],[[[-0.07777,51.467206],[-0.077733,51.467241],[-0.077728,51.467239],[-0.077708,51.467261],[-0.077316,51.467651],[-0.077259,51.46771],[-0.077223,51.467739],[-0.077152,51.467788],[-0.077504,51.467767],[-0.077559,51.467765],[-0.077879,51.467745],[-0.077898,51.467745],[-0.077992,51.467663],[-0.078084,51.467573],[-0.078157,51.467473],[-0.078169,51.467451],[-0.078257,51.467321],[-0.078312,51.467243],[-0.078326,51.467224],[-0.078363,51.467181],[-0.077778,51.467184],[-0.077759,51.467201],[-0.07777,51.467206]]],[[[-0.077683,51.467903],[-0.077683,51.4679],[-0.077667,51.467885],[-0.07765,51.467876],[-0.077603,51.467878],[-0.077649,51.467911],[-0.077636,51.467973],[-0.077575,51.468012],[-0.07764,51.468028],[-0.077664,51.467999],[-0.077679,51.467973],[-0.077691,51.467934],[-0.077693,51.467932],[-0.077691,51.467915],[-0.077688,51.467909],[-0.077683,51.467903]]],[[[-0.055009,51.477239],[-0.055004,51.477258],[-0.054989,51.477282],[-0.054917,51.477394],[-0.054911,51.477393],[-0.054364,51.478239],[-0.054156,51.478565],[-0.054302,51.478621],[-0.054325,51.478584],[-0.054391,51.478486],[-0.054422,51.478435],[-0.054525,51.478279],[-0.054647,51.478087],[-0.05487,51.477743],[-0.055043,51.477479],[-0.055048,51.477478],[-0.055101,51.4774],[-0.055087,51.477396],[-0.055153,51.477289],[-0.055162,51.477289],[-0.055346,51.476996],[-0.055392,51.476926],[-0.055732,51.476382],[-0.055869,51.476167],[-0.055874,51.476168],[-0.055883,51.476155],[-0.055877,51.476153],[-0.056151,51.475733],[-0.056217,51.475627],[-0.056308,51.475493],[-0.056345,51.475429],[-0.05659,51.475046],[-0.05676,51.474771],[-0.056856,51.474624],[-0.056967,51.474446],[-0.057182,51.474107],[-0.057234,51.474027],[-0.057259,51.473992],[-0.057433,51.473734],[-0.057468,51.473686],[-0.057547,51.47357],[-0.057567,51.473544],[-0.057577,51.473532],[-0.057629,51.473534],[-0.057662,51.47351],[-0.057658,51.4735],[-0.057593,51.473496],[-0.057714,51.473359],[-0.057775,51.473363],[-0.057827,51.47331],[-0.058017,51.473309],[-0.058161,51.473137],[-0.058226,51.473057],[-0.058349,51.472914],[-0.058362,51.472916],[-0.058413,51.472868],[-0.058508,51.472783],[-0.058873,51.472503],[-0.058871,51.472491],[-0.058859,51.472315],[-0.058965,51.472239],[-0.058989,51.472287],[-0.059036,51.472372],[-0.059331,51.472173],[-0.059402,51.472123],[-0.059643,51.471972],[-0.05974,51.471916],[-0.060043,51.471753],[-0.060294,51.471623],[-0.060342,51.471597],[-0.060414,51.471555],[-0.060436,51.471538],[-0.060466,51.471509],[-0.060519,51.471471],[-0.060521,51.471474],[-0.060539,51.471469],[-0.060531,51.471458],[-0.06052,51.471461],[-0.060519,51.471458],[-0.060503,51.471442],[-0.060492,51.471426],[-0.060489,51.471418],[-0.060481,51.47141],[-0.06048,51.471405],[-0.060483,51.471394],[-0.060501,51.47137],[-0.060515,51.47136],[-0.060533,51.471353],[-0.060544,51.471363],[-0.060567,51.471351],[-0.060559,51.471346],[-0.060569,51.471341],[-0.060721,51.471276],[-0.060728,51.471274],[-0.060739,51.471282],[-0.06076,51.471272],[-0.060753,51.471266],[-0.060787,51.471258],[-0.060803,51.471256],[-0.060847,51.471257],[-0.060904,51.471269],[-0.060898,51.471275],[-0.060913,51.47128],[-0.060916,51.471278],[-0.060961,51.471313],[-0.06186,51.470982],[-0.061872,51.470948],[-0.061868,51.470937],[-0.061858,51.470938],[-0.061857,51.470933],[-0.061862,51.470918],[-0.061879,51.470894],[-0.061891,51.470883],[-0.06191,51.470875],[-0.061912,51.470879],[-0.061938,51.470874],[-0.061932,51.470864],[-0.062109,51.470814],[-0.062123,51.470811],[-0.062128,51.470819],[-0.062149,51.470815],[-0.062146,51.470808],[-0.062159,51.470806],[-0.062188,51.470805],[-0.062223,51.470808],[-0.062282,51.470824],[-0.062271,51.470828],[-0.062279,51.470838],[-0.062289,51.470834],[-0.062292,51.470837],[-0.062306,51.470841],[-0.062337,51.470841],[-0.062569,51.470798],[-0.062953,51.47072],[-0.063038,51.470704],[-0.06331,51.47066],[-0.063376,51.470727],[-0.063823,51.470594],[-0.063794,51.470504],[-0.063974,51.470481],[-0.063981,51.470495],[-0.064043,51.470489],[-0.064089,51.470489],[-0.064108,51.470491],[-0.064124,51.470501],[-0.064707,51.470444],[-0.064753,51.470455],[-0.064906,51.470487],[-0.065044,51.470514],[-0.065192,51.470539],[-0.06535,51.470563],[-0.065525,51.470587],[-0.065656,51.470601],[-0.065699,51.470607],[-0.065879,51.470624],[-0.066049,51.470637],[-0.066275,51.47065],[-0.066434,51.470657],[-0.066595,51.470661],[-0.066799,51.470662],[-0.06697,51.470658],[-0.067122,51.470651],[-0.067334,51.470638],[-0.067454,51.470629],[-0.067649,51.470611],[-0.067885,51.470585],[-0.068094,51.470556],[-0.068289,51.470523],[-0.068459,51.470489],[-0.068761,51.470425],[-0.068942,51.470375],[-0.069087,51.47033],[-0.069111,51.470362],[-0.069339,51.470297],[-0.069434,51.470264],[-0.069517,51.470233],[-0.069792,51.470137],[-0.069986,51.470066],[-0.069972,51.470052],[-0.070519,51.469855],[-0.071343,51.469549],[-0.072143,51.469361],[-0.072338,51.469312],[-0.072607,51.469248],[-0.072595,51.46921],[-0.072797,51.469176],[-0.073009,51.469148],[-0.073124,51.469137],[-0.073197,51.469128],[-0.073566,51.469095],[-0.073781,51.469083],[-0.073821,51.46921],[-0.074617,51.469177],[-0.075257,51.469158],[-0.075867,51.46915],[-0.076126,51.469156],[-0.076411,51.469172],[-0.076726,51.469204],[-0.076873,51.469229],[-0.077007,51.469256],[-0.077391,51.469353],[-0.077644,51.469421],[-0.077663,51.469424],[-0.077893,51.469478],[-0.077943,51.469488],[-0.07815,51.469535],[-0.07833,51.469573],[-0.078679,51.469643],[-0.079215,51.469717],[-0.079628,51.469777],[-0.080045,51.46982],[-0.080046,51.469763],[-0.080262,51.469775],[-0.080392,51.46979],[-0.08063,51.469807],[-0.081321,51.469818],[-0.08152,51.469817],[-0.081807,51.469807],[-0.08194,51.469807],[-0.081944,51.469829],[-0.081947,51.469829],[-0.08208,51.469809],[-0.08219,51.469797],[-0.082734,51.469704],[-0.083314,51.469648],[-0.084535,51.469475],[-0.084925,51.469413],[-0.085068,51.469381],[-0.085279,51.469343],[-0.085422,51.469339],[-0.085537,51.469286],[-0.085415,51.469134],[-0.085225,51.469185],[-0.085198,51.469186],[-0.084685,51.469295],[-0.084663,51.469248],[-0.083936,51.469366],[-0.083831,51.469365],[-0.083795,51.469372],[-0.083714,51.469382],[-0.083181,51.469441],[-0.082635,51.46948],[-0.082417,51.469492],[-0.082264,51.469489],[-0.08199,51.469501],[-0.081739,51.469506],[-0.081371,51.469503],[-0.081221,51.469498],[-0.081115,51.469492],[-0.080847,51.469482],[-0.080715,51.469474],[-0.080336,51.469446],[-0.080119,51.469426],[-0.079978,51.469411],[-0.079772,51.469388],[-0.079632,51.46937],[-0.079605,51.469365],[-0.079491,51.469338],[-0.079361,51.469302],[-0.079354,51.469299],[-0.079335,51.469281],[-0.079301,51.469243],[-0.079318,51.469303],[-0.07929,51.469389],[-0.078944,51.469337],[-0.078146,51.469207],[-0.078148,51.469202],[-0.078049,51.469188],[-0.078046,51.469192],[-0.077449,51.4691],[-0.077278,51.46907],[-0.077236,51.469068],[-0.077239,51.469043],[-0.077207,51.46906],[-0.07711,51.469058],[-0.077079,51.469035],[-0.07695,51.469033],[-0.076901,51.469029],[-0.07683,51.469015],[-0.076812,51.46901],[-0.07681,51.469008],[-0.076787,51.469006],[-0.076749,51.468998],[-0.076724,51.468995],[-0.076695,51.468993],[-0.076632,51.468992],[-0.076605,51.468994],[-0.076557,51.46899],[-0.076423,51.468966],[-0.076222,51.468947],[-0.076179,51.468951],[-0.076094,51.468947],[-0.076024,51.468937],[-0.075926,51.468919],[-0.075906,51.468914],[-0.075876,51.468901],[-0.075859,51.468886],[-0.075853,51.468876],[-0.075853,51.468872],[-0.075851,51.468869],[-0.075817,51.468725],[-0.075817,51.468713],[-0.07582,51.468711],[-0.075823,51.468703],[-0.075832,51.468693],[-0.075856,51.468678],[-0.075891,51.468662],[-0.075902,51.46866],[-0.076526,51.468417],[-0.076559,51.468406],[-0.076614,51.468396],[-0.076646,51.468397],[-0.076678,51.468402],[-0.07673,51.468406],[-0.076758,51.468402],[-0.076784,51.468388],[-0.076849,51.468361],[-0.076848,51.468357],[-0.076838,51.468341],[-0.076891,51.468327],[-0.076901,51.468344],[-0.076978,51.468331],[-0.077067,51.468311],[-0.077047,51.468284],[-0.077095,51.468269],[-0.077092,51.46826],[-0.076985,51.468307],[-0.076966,51.468319],[-0.076921,51.468321],[-0.077284,51.468148],[-0.077292,51.46814],[-0.077609,51.46796],[-0.077618,51.467948],[-0.077624,51.467919],[-0.077583,51.467896],[-0.077563,51.4679],[-0.077419,51.467901],[-0.077405,51.467897],[-0.077386,51.467898],[-0.077383,51.46789],[-0.076984,51.467912],[-0.076771,51.468062],[-0.076661,51.468134],[-0.076455,51.468253],[-0.076391,51.468286],[-0.076304,51.468324],[-0.076188,51.468371],[-0.076112,51.468399],[-0.07604,51.468422],[-0.07585,51.468476],[-0.07559,51.468543],[-0.075157,51.468658],[-0.074326,51.468754],[-0.074211,51.468763],[-0.073976,51.468773],[-0.073693,51.468781],[-0.073735,51.468916],[-0.073539,51.468926],[-0.073144,51.468957],[-0.072883,51.46898],[-0.072575,51.469013],[-0.072585,51.468952],[-0.072585,51.468945],[-0.07214,51.469051],[-0.072132,51.469039],[-0.072059,51.46905],[-0.07204,51.469051],[-0.071964,51.469064],[-0.07172,51.469101],[-0.071617,51.469119],[-0.07161,51.469107],[-0.071511,51.469131],[-0.07153,51.469162],[-0.071527,51.469163],[-0.071432,51.469181],[-0.071169,51.469235],[-0.07105,51.469264],[-0.070956,51.469285],[-0.070932,51.469292],[-0.070603,51.469372],[-0.070364,51.46944],[-0.070289,51.469459],[-0.069913,51.46958],[-0.069632,51.469666],[-0.069471,51.469712],[-0.06909,51.469811],[-0.068786,51.469885],[-0.068691,51.469907],[-0.068395,51.469962],[-0.0684,51.469969],[-0.068193,51.469997],[-0.068116,51.469892],[-0.06779,51.469933],[-0.06665,51.470071],[-0.065578,51.470142],[-0.065187,51.470159],[-0.065161,51.470162],[-0.064977,51.470173],[-0.064749,51.470183],[-0.064734,51.47007],[-0.064734,51.470056],[-0.064465,51.470083],[-0.064102,51.470115],[-0.064,51.470123],[-0.063928,51.470126],[-0.063905,51.47013],[-0.063876,51.47012],[-0.063872,51.470123],[-0.063686,51.470052],[-0.063671,51.470048],[-0.063664,51.470044],[-0.063655,51.470034],[-0.063627,51.470023],[-0.063624,51.470028],[-0.063287,51.469894],[-0.062825,51.469715],[-0.062549,51.469605],[-0.061774,51.469301],[-0.061312,51.469117],[-0.061321,51.469108],[-0.06129,51.469095],[-0.061281,51.469104],[-0.061053,51.469015],[-0.060801,51.468914],[-0.060873,51.468843],[-0.060806,51.468818],[-0.060718,51.468781],[-0.060631,51.468749],[-0.060164,51.46856],[-0.059664,51.468361],[-0.059581,51.468381],[-0.059542,51.468423],[-0.059332,51.468338],[-0.059314,51.468301],[-0.059244,51.468172],[-0.059232,51.468143],[-0.059221,51.468129],[-0.059209,51.468117],[-0.059189,51.468136],[-0.059156,51.468124],[-0.05917,51.46811],[-0.058974,51.468035],[-0.058977,51.468027],[-0.058985,51.468025],[-0.058979,51.468016],[-0.058944,51.468024],[-0.058838,51.467986],[-0.058532,51.467869],[-0.058222,51.467771],[-0.057901,51.467679],[-0.057271,51.467493],[-0.057087,51.467437],[-0.056579,51.467292],[-0.056447,51.467256],[-0.05594,51.46712],[-0.055358,51.466984],[-0.055043,51.467124],[-0.054627,51.467051],[-0.054781,51.466864],[-0.054126,51.466759],[-0.053614,51.466683],[-0.053566,51.46668],[-0.053502,51.466672],[-0.053122,51.466641],[-0.05301,51.466634],[-0.052757,51.466623],[-0.052547,51.466616],[-0.052314,51.466605],[-0.052143,51.466599],[-0.051795,51.46659],[-0.051787,51.466609],[-0.052077,51.466684],[-0.052061,51.466734],[-0.052019,51.466729],[-0.052026,51.466701],[-0.051778,51.466634],[-0.051718,51.466626],[-0.051714,51.466635],[-0.051708,51.466639],[-0.051693,51.466643],[-0.051683,51.466643],[-0.051671,51.466638],[-0.051668,51.466635],[-0.051667,51.466631],[-0.051652,51.466667],[-0.051629,51.46668],[-0.051608,51.466685],[-0.05159,51.466682],[-0.051585,51.466694],[-0.05141,51.466668],[-0.051415,51.466657],[-0.051166,51.466621],[-0.051222,51.466509],[-0.050688,51.466369],[-0.050622,51.466346],[-0.050582,51.466334],[-0.050528,51.466389],[-0.050427,51.466521],[-0.050126,51.466463],[-0.049808,51.46639],[-0.049688,51.466357],[-0.049182,51.466209],[-0.049088,51.46618],[-0.048904,51.466118],[-0.048745,51.466063],[-0.048644,51.466026],[-0.048513,51.465975],[-0.048223,51.465856],[-0.048176,51.465894],[-0.048504,51.466035],[-0.048677,51.466104],[-0.048885,51.466183],[-0.049193,51.466286],[-0.049281,51.466312],[-0.04947,51.466364],[-0.049836,51.46646],[-0.049958,51.466489],[-0.05022,51.466546],[-0.050357,51.466574],[-0.050606,51.46662],[-0.050812,51.466654],[-0.050574,51.466773],[-0.050682,51.466817],[-0.050728,51.466772],[-0.050783,51.466794],[-0.050795,51.466797],[-0.050954,51.466822],[-0.050955,51.46682],[-0.051027,51.466829],[-0.051026,51.466831],[-0.051091,51.466841],[-0.051115,51.466778],[-0.05131,51.466807],[-0.051318,51.466789],[-0.051377,51.466798],[-0.051526,51.466822],[-0.051517,51.466839],[-0.051535,51.466957],[-0.051564,51.466983],[-0.05164,51.467],[-0.05185,51.467043],[-0.051943,51.46706],[-0.052066,51.467078],[-0.0534,51.467264],[-0.05347,51.467273],[-0.053534,51.467277],[-0.05413,51.467361],[-0.054312,51.467383],[-0.054391,51.467152],[-0.054663,51.467196],[-0.054822,51.467224],[-0.054859,51.467231],[-0.054823,51.467255],[-0.055005,51.467421],[-0.055306,51.467498],[-0.055295,51.467527],[-0.055806,51.467609],[-0.056056,51.467653],[-0.056244,51.467688],[-0.056237,51.467705],[-0.056259,51.46771],[-0.056361,51.467727],[-0.05637,51.467713],[-0.056442,51.467726],[-0.056583,51.467757],[-0.056802,51.46781],[-0.0568,51.467823],[-0.056859,51.467835],[-0.056871,51.467806],[-0.05696,51.467823],[-0.056947,51.467852],[-0.057019,51.467866],[-0.057124,51.467891],[-0.057164,51.467902],[-0.057271,51.467932],[-0.057453,51.467986],[-0.057601,51.468032],[-0.057882,51.468121],[-0.058269,51.468252],[-0.058599,51.468366],[-0.05862,51.468343],[-0.05877,51.468401],[-0.058733,51.468439],[-0.059197,51.468625],[-0.059329,51.468579],[-0.05934,51.468584],[-0.059351,51.468573],[-0.059345,51.46857],[-0.059378,51.468531],[-0.059391,51.468536],[-0.059401,51.468526],[-0.059373,51.468515],[-0.059319,51.468417],[-0.059582,51.468518],[-0.059712,51.468816],[-0.060436,51.469082],[-0.060469,51.46905],[-0.06054,51.468986],[-0.060555,51.468978],[-0.060916,51.469122],[-0.060906,51.469129],[-0.060922,51.469138],[-0.060931,51.469138],[-0.060994,51.469075],[-0.061218,51.469165],[-0.061155,51.469226],[-0.061181,51.469256],[-0.061218,51.46924],[-0.061368,51.4693],[-0.062,51.469547],[-0.062215,51.469633],[-0.062648,51.469801],[-0.062964,51.469926],[-0.063199,51.470021],[-0.063917,51.470303],[-0.063933,51.470349],[-0.063759,51.47037],[-0.06374,51.470314],[-0.063516,51.470292],[-0.063251,51.470342],[-0.062598,51.47047],[-0.062335,51.470534],[-0.062124,51.470589],[-0.061914,51.470646],[-0.061932,51.470662],[-0.06199,51.470639],[-0.062018,51.470665],[-0.061959,51.470689],[-0.062003,51.470727],[-0.061862,51.470767],[-0.061835,51.470773],[-0.06183,51.470768],[-0.061822,51.470772],[-0.061818,51.470765],[-0.061794,51.470771],[-0.061799,51.470778],[-0.061772,51.470782],[-0.061749,51.470782],[-0.06172,51.470778],[-0.061704,51.470775],[-0.061675,51.470766],[-0.061684,51.470763],[-0.061674,51.47075],[-0.061658,51.470754],[-0.061621,51.47073],[-0.061512,51.470782],[-0.060989,51.470925],[-0.060933,51.470938],[-0.060745,51.470975],[-0.060747,51.470979],[-0.06057,51.471011],[-0.06057,51.471013],[-0.060666,51.471171],[-0.060513,51.471234],[-0.060447,51.471116],[-0.059885,51.471378],[-0.059831,51.471404],[-0.059795,51.471424],[-0.05961,51.471518],[-0.05942,51.471621],[-0.059317,51.471681],[-0.059217,51.471741],[-0.058881,51.471949],[-0.058932,51.471977],[-0.058944,51.472076],[-0.058952,51.47208],[-0.058839,51.47216],[-0.058773,51.472041],[-0.058769,51.472038],[-0.058625,51.472137],[-0.058554,51.472189],[-0.058383,51.472323],[-0.05819,51.472485],[-0.057983,51.472665],[-0.057815,51.472824],[-0.057805,51.472823],[-0.05767,51.472966],[-0.057555,51.473081],[-0.057511,51.473128],[-0.057444,51.473215],[-0.057439,51.473227],[-0.05744,51.473245],[-0.05748,51.473342],[-0.057507,51.473342],[-0.057426,51.473437],[-0.057385,51.473482],[-0.057379,51.473483],[-0.057109,51.473859],[-0.057067,51.473849],[-0.056779,51.474288],[-0.056652,51.474503],[-0.056627,51.474497],[-0.056371,51.474922],[-0.056417,51.474932],[-0.056371,51.475003],[-0.05627,51.475166],[-0.056137,51.475391],[-0.055886,51.475835],[-0.055884,51.475835],[-0.05578,51.476007],[-0.055687,51.476157],[-0.055608,51.476279],[-0.055329,51.476726],[-0.055317,51.476742],[-0.055009,51.477239]],[[-0.05137,51.466709],[-0.051415,51.466714],[-0.051395,51.466756],[-0.051352,51.46675],[-0.05137,51.466709]],[[-0.069785,51.469763],[-0.069808,51.469792],[-0.069675,51.469823],[-0.069579,51.469817],[-0.069785,51.469763]],[[-0.051543,51.466728],[-0.051592,51.466733],[-0.05157,51.46678],[-0.051525,51.466773],[-0.051543,51.466728]],[[-0.06667,51.470587],[-0.066433,51.470582],[-0.066129,51.470568],[-0.065955,51.470556],[-0.065792,51.470542],[-0.06564,51.470525],[-0.065283,51.470476],[-0.065091,51.470441],[-0.065105,51.470411],[-0.065218,51.470419],[-0.065345,51.470424],[-0.06548,51.470427],[-0.065663,51.470427],[-0.065949,51.470424],[-0.065949,51.470442],[-0.066029,51.47044],[-0.066029,51.470422],[-0.066324,51.470413],[-0.066514,51.470403],[-0.066927,51.470369],[-0.067141,51.470348],[-0.067371,51.470321],[-0.067599,51.47029],[-0.06792,51.47024],[-0.068032,51.470214],[-0.068153,51.47018],[-0.068189,51.470168],[-0.068216,51.470156],[-0.068244,51.47014],[-0.068277,51.470115],[-0.068275,51.470112],[-0.068333,51.470091],[-0.068359,51.470084],[-0.068655,51.470025],[-0.068858,51.469982],[-0.06916,51.469915],[-0.069161,51.469918],[-0.069143,51.469922],[-0.069161,51.469952],[-0.069207,51.470005],[-0.069273,51.469982],[-0.069292,51.470005],[-0.069255,51.470019],[-0.069291,51.470058],[-0.06933,51.470045],[-0.069354,51.470071],[-0.069287,51.470095],[-0.069326,51.47014],[-0.069198,51.470183],[-0.069086,51.470216],[-0.069006,51.470242],[-0.069026,51.47027],[-0.068879,51.47031],[-0.068625,51.470368],[-0.068417,51.470413],[-0.068234,51.470449],[-0.067965,51.470493],[-0.067863,51.470508],[-0.067701,51.470529],[-0.067582,51.470541],[-0.067466,51.470551],[-0.067301,51.470562],[-0.066903,51.470584],[-0.066781,51.470587],[-0.06667,51.470587]],[[-0.057515,51.473491],[-0.057466,51.473487],[-0.057484,51.473464],[-0.057579,51.473354],[-0.057585,51.473349],[-0.057633,51.473353],[-0.057515,51.473491]],[[-0.063954,51.470392],[-0.063968,51.470435],[-0.06377,51.47046],[-0.063757,51.470416],[-0.063954,51.470392]],[[-0.060684,51.471206],[-0.060699,51.471233],[-0.060544,51.471295],[-0.060532,51.471273],[-0.060684,51.471206]],[[-0.062044,51.470757],[-0.062064,51.470775],[-0.061894,51.470822],[-0.061872,51.470805],[-0.062044,51.470757]]],[[[-0.053479,51.48039],[-0.053474,51.480388],[-0.053466,51.480386],[-0.053474,51.480389],[-0.053479,51.48039]]],[[[-0.053319,51.480709],[-0.053312,51.480708],[-0.053285,51.480771],[-0.053293,51.480773],[-0.053319,51.480709]]],[[[-0.053288,51.480786],[-0.053293,51.480773],[-0.053282,51.480797],[-0.053288,51.480786]]],[[[-0.053195,51.481152],[-0.05318,51.481153],[-0.053203,51.481153],[-0.053236,51.481043],[-0.053229,51.481042],[-0.053195,51.481152]]],[[[-0.053168,51.485187],[-0.053196,51.485189],[-0.053198,51.485197],[-0.05323,51.485199],[-0.053252,51.485197],[-0.053359,51.485272],[-0.053368,51.485281],[-0.053393,51.485281],[-0.053301,51.485125],[-0.053296,51.485105],[-0.053079,51.485125],[-0.053086,51.485147],[-0.053089,51.485152],[-0.053105,51.485167],[-0.05312,51.485177],[-0.053142,51.485183],[-0.053168,51.485187]]],[[[-0.0535,51.485461],[-0.053401,51.485296],[-0.053394,51.485297],[-0.053492,51.48546],[-0.0535,51.485479],[-0.053508,51.485478],[-0.0535,51.485461]]],[[[-0.05037,51.488008],[-0.050371,51.488023],[-0.050272,51.488111],[-0.050315,51.488132],[-0.050276,51.488169],[-0.050243,51.488152],[-0.050239,51.488156],[-0.051452,51.488779],[-0.051867,51.488994],[-0.0524,51.489266],[-0.052677,51.489392],[-0.052717,51.489412],[-0.052957,51.489524],[-0.053394,51.489719],[-0.053517,51.489777],[-0.05356,51.489795],[-0.053828,51.489894],[-0.054194,51.490012],[-0.054306,51.490043],[-0.054469,51.490092],[-0.054898,51.490243],[-0.054878,51.49026],[-0.054939,51.490262],[-0.054945,51.490259],[-0.055173,51.490344],[-0.055169,51.490346],[-0.055895,51.490656],[-0.055977,51.490693],[-0.056659,51.490983],[-0.056692,51.490999],[-0.056864,51.49107],[-0.057237,51.49123],[-0.057359,51.491284],[-0.057388,51.491295],[-0.058716,51.49187],[-0.059284,51.492114],[-0.059356,51.492143],[-0.059601,51.491942],[-0.059655,51.491895],[-0.059756,51.491812],[-0.059372,51.491633],[-0.059143,51.491522],[-0.058908,51.491399],[-0.058692,51.491283],[-0.058476,51.491164],[-0.058276,51.491052],[-0.058034,51.490908],[-0.058088,51.490871],[-0.05795,51.490787],[-0.057913,51.490766],[-0.057907,51.490769],[-0.057686,51.490634],[-0.05766,51.490616],[-0.057396,51.490448],[-0.057349,51.490476],[-0.057128,51.490326],[-0.056871,51.490137],[-0.056814,51.490097],[-0.056707,51.490017],[-0.056616,51.489945],[-0.056577,51.489918],[-0.056368,51.489755],[-0.056352,51.489742],[-0.056355,51.489738],[-0.056331,51.489719],[-0.056326,51.489716],[-0.056319,51.489715],[-0.056111,51.489547],[-0.055851,51.489324],[-0.055644,51.489131],[-0.055423,51.488917],[-0.055371,51.488864],[-0.055312,51.488808],[-0.055238,51.488734],[-0.055245,51.488731],[-0.055227,51.488713],[-0.055218,51.488712],[-0.055186,51.488677],[-0.054788,51.488223],[-0.054795,51.488211],[-0.055518,51.488337],[-0.055731,51.488366],[-0.05584,51.488378],[-0.05606,51.488399],[-0.056308,51.488419],[-0.056479,51.488428],[-0.056535,51.48843],[-0.056728,51.48843],[-0.056741,51.488384],[-0.055651,51.48827],[-0.055643,51.488266],[-0.055642,51.48829],[-0.055455,51.488244],[-0.055268,51.48818],[-0.055102,51.488117],[-0.055088,51.488132],[-0.054988,51.488086],[-0.055044,51.488051],[-0.054941,51.487995],[-0.054928,51.487999],[-0.054908,51.488009],[-0.05493,51.488042],[-0.054916,51.48807],[-0.054663,51.488081],[-0.054636,51.488049],[-0.054626,51.488033],[-0.054622,51.488023],[-0.054618,51.487999],[-0.054608,51.487998],[-0.054611,51.487987],[-0.054587,51.487972],[-0.054568,51.487956],[-0.054562,51.487949],[-0.054532,51.487912],[-0.054491,51.487855],[-0.054447,51.487799],[-0.054347,51.48768],[-0.054317,51.487647],[-0.054248,51.487561],[-0.054098,51.487348],[-0.054055,51.487284],[-0.05397,51.48715],[-0.053881,51.486997],[-0.053743,51.486737],[-0.053604,51.486483],[-0.053537,51.486338],[-0.053484,51.486228],[-0.053391,51.486025],[-0.053362,51.485971],[-0.053352,51.485963],[-0.053337,51.485934],[-0.053322,51.485894],[-0.053306,51.485845],[-0.053307,51.485851],[-0.053142,51.485876],[-0.05316,51.485922],[-0.053169,51.48595],[-0.053175,51.48597],[-0.053176,51.485979],[-0.053175,51.485982],[-0.053204,51.486067],[-0.05322,51.486106],[-0.053224,51.48612],[-0.053234,51.486142],[-0.053258,51.486183],[-0.053325,51.486325],[-0.05338,51.486454],[-0.053413,51.486526],[-0.053487,51.486677],[-0.053527,51.486755],[-0.053575,51.486842],[-0.053626,51.486928],[-0.053731,51.487112],[-0.053819,51.487259],[-0.053878,51.487356],[-0.05394,51.487453],[-0.054038,51.487599],[-0.05411,51.487695],[-0.054334,51.488006],[-0.054339,51.48801],[-0.05448,51.488169],[-0.054612,51.488314],[-0.054522,51.488294],[-0.053627,51.488047],[-0.052957,51.487852],[-0.052466,51.4877],[-0.052462,51.487705],[-0.05234,51.487798],[-0.052345,51.487801],[-0.052056,51.487819],[-0.052008,51.487817],[-0.051419,51.487778],[-0.051353,51.487772],[-0.051152,51.4878],[-0.050979,51.48783],[-0.050713,51.487931],[-0.050658,51.487899],[-0.050661,51.487896],[-0.050631,51.48788],[-0.050623,51.487885],[-0.05062,51.487883],[-0.050613,51.487885],[-0.050607,51.487882],[-0.050548,51.487907],[-0.050514,51.487918],[-0.050499,51.48792],[-0.050467,51.487919],[-0.05037,51.488008]],[[-0.052285,51.488452],[-0.052281,51.488459],[-0.05226,51.488457],[-0.052268,51.488446],[-0.052285,51.488452]],[[-0.053534,51.489242],[-0.053593,51.489196],[-0.053074,51.488917],[-0.052866,51.488793],[-0.052549,51.488608],[-0.052476,51.488562],[-0.052367,51.488485],[-0.052395,51.488422],[-0.05269,51.488469],[-0.052998,51.488511],[-0.05316,51.488531],[-0.053432,51.488559],[-0.0537,51.488584],[-0.054017,51.488611],[-0.054005,51.488623],[-0.054409,51.488785],[-0.05448,51.488756],[-0.054498,51.488764],[-0.054506,51.488757],[-0.054543,51.488771],[-0.054752,51.488865],[-0.054952,51.488963],[-0.055039,51.489008],[-0.055191,51.48909],[-0.055368,51.489193],[-0.055596,51.489332],[-0.055754,51.489444],[-0.055961,51.489602],[-0.055968,51.489608],[-0.055965,51.489614],[-0.05599,51.489631],[-0.055998,51.489627],[-0.056187,51.489781],[-0.056185,51.489783],[-0.056451,51.489987],[-0.056865,51.490297],[-0.057081,51.490451],[-0.057223,51.490547],[-0.057155,51.490588],[-0.057022,51.490499],[-0.056892,51.490528],[-0.056715,51.490628],[-0.055846,51.490259],[-0.055345,51.490045],[-0.05535,51.49004],[-0.055334,51.490034],[-0.055328,51.490035],[-0.055298,51.490021],[-0.0553,51.490017],[-0.055279,51.490009],[-0.055272,51.490009],[-0.055051,51.489914],[-0.055055,51.489909],[-0.055034,51.4899],[-0.055026,51.489903],[-0.054993,51.48989],[-0.054997,51.489883],[-0.054977,51.489873],[-0.054972,51.489877],[-0.053752,51.489353],[-0.053703,51.489328],[-0.05368,51.489318],[-0.053534,51.489242]],[[-0.053028,51.488435],[-0.053017,51.488462],[-0.052804,51.488431],[-0.052815,51.488403],[-0.053028,51.488435]],[[-0.055095,51.488832],[-0.055174,51.488905],[-0.055199,51.488931],[-0.055184,51.488931],[-0.055076,51.488871],[-0.054952,51.488808],[-0.054839,51.488755],[-0.055018,51.488754],[-0.055095,51.488832]],[[-0.053141,51.488233],[-0.053072,51.488304],[-0.052889,51.488234],[-0.052841,51.488269],[-0.05269,51.488224],[-0.052737,51.488176],[-0.052522,51.488094],[-0.052592,51.488023],[-0.053141,51.488233]],[[-0.054193,51.488252],[-0.054259,51.488254],[-0.054534,51.488323],[-0.054725,51.488525],[-0.054692,51.488558],[-0.054338,51.488527],[-0.054193,51.488252]]],[[[-0.060544,51.492161],[-0.060354,51.492078],[-0.060371,51.492065],[-0.060315,51.492041],[-0.060301,51.492054],[-0.059772,51.491819],[-0.05967,51.491902],[-0.059373,51.49215],[-0.059543,51.492224],[-0.059766,51.492318],[-0.060308,51.492553],[-0.060311,51.492555],[-0.060282,51.49258],[-0.060895,51.492849],[-0.061102,51.492942],[-0.061132,51.492915],[-0.061728,51.493174],[-0.062354,51.493454],[-0.063464,51.493946],[-0.064102,51.494236],[-0.065214,51.494754],[-0.065219,51.494757],[-0.065213,51.494763],[-0.065263,51.494791],[-0.065274,51.494783],[-0.065627,51.494971],[-0.065616,51.494977],[-0.065643,51.494992],[-0.065652,51.494985],[-0.066045,51.495216],[-0.066037,51.495223],[-0.066062,51.495237],[-0.066068,51.495232],[-0.06624,51.495344],[-0.066276,51.495363],[-0.066368,51.495416],[-0.06682,51.494964],[-0.066604,51.494866],[-0.066629,51.494846],[-0.06659,51.494828],[-0.065204,51.494198],[-0.065183,51.494216],[-0.064878,51.49408],[-0.064871,51.494076],[-0.06488,51.494068],[-0.064838,51.494049],[-0.064829,51.494057],[-0.064783,51.494036],[-0.064796,51.494025],[-0.064662,51.493966],[-0.064367,51.493832],[-0.064272,51.493754],[-0.06423,51.493791],[-0.063829,51.49361],[-0.063438,51.493439],[-0.06292,51.493209],[-0.062215,51.492899],[-0.061516,51.492588],[-0.060838,51.49229],[-0.060695,51.492229],[-0.060544,51.492161]]],[[[-0.063528,51.497677],[-0.0635,51.497689],[-0.063485,51.497698],[-0.063468,51.497711],[-0.063455,51.497726],[-0.063446,51.497742],[-0.063441,51.497759],[-0.06344,51.497768],[-0.063441,51.497779],[-0.063564,51.498142],[-0.064098,51.498068],[-0.063939,51.497621],[-0.063528,51.497677]]],[[[-0.044734,51.451484],[-0.044664,51.451536],[-0.044629,51.451558],[-0.044563,51.451595],[-0.044499,51.451634],[-0.044448,51.451673],[-0.044425,51.451693],[-0.044412,51.451707],[-0.04449,51.451708],[-0.044582,51.451705],[-0.044605,51.451703],[-0.044657,51.451695],[-0.04472,51.451675],[-0.04476,51.451651],[-0.044813,51.451615],[-0.04483,51.451602],[-0.044848,51.451584],[-0.044886,51.451543],[-0.044896,51.451529],[-0.044911,51.451499],[-0.04493,51.451447],[-0.044937,51.451434],[-0.044988,51.451313],[-0.045002,51.451285],[-0.04501,51.451262],[-0.044958,51.451275],[-0.044886,51.451276],[-0.044846,51.451279],[-0.044811,51.451315],[-0.044798,51.451334],[-0.044794,51.451351],[-0.044787,51.45137],[-0.044784,51.451392],[-0.044772,51.451428],[-0.044762,51.45145],[-0.044734,51.451484]]],[[[-0.041707,51.454914],[-0.041919,51.4546],[-0.041972,51.454622],[-0.042479,51.453878],[-0.042378,51.453835],[-0.042341,51.45389],[-0.042117,51.454258],[-0.0417,51.454915],[-0.041707,51.454914]]],[[[-0.041663,51.455013],[-0.041648,51.454996],[-0.041643,51.455004],[-0.041663,51.455013]]],[[[-0.053105,51.480929],[-0.05311,51.480931],[-0.053128,51.480927],[-0.053146,51.480887],[-0.053164,51.480874],[-0.053261,51.480855],[-0.053256,51.480826],[-0.053282,51.480797],[-0.053278,51.480794],[-0.053249,51.480825],[-0.053254,51.480853],[-0.053158,51.480871],[-0.053141,51.480883],[-0.053107,51.480916],[-0.053099,51.480927],[-0.053106,51.480927],[-0.053105,51.480929]]],[[[-0.052944,51.484462],[-0.052938,51.484461],[-0.052938,51.484462],[-0.052944,51.484462]]],[[[-0.053022,51.48472],[-0.053005,51.484721],[-0.053017,51.484758],[-0.053019,51.48478],[-0.053051,51.484976],[-0.05305,51.485011],[-0.053056,51.485038],[-0.053063,51.485037],[-0.053216,51.485022],[-0.05316,51.484783],[-0.053157,51.484764],[-0.053117,51.484765],[-0.053113,51.48476],[-0.053115,51.48474],[-0.053105,51.484722],[-0.053095,51.484713],[-0.053077,51.484705],[-0.053066,51.484702],[-0.053016,51.484694],[-0.053022,51.48472]]],[[[-0.04643,51.490475],[-0.04643,51.490447],[-0.046427,51.49041],[-0.046438,51.490407],[-0.046437,51.490349],[-0.046173,51.490349],[-0.045792,51.490209],[-0.045752,51.490215],[-0.045839,51.490507],[-0.045904,51.490864],[-0.045914,51.490908],[-0.045941,51.49098],[-0.045992,51.491253],[-0.046125,51.491373],[-0.046189,51.491402],[-0.046197,51.491407],[-0.04626,51.491568],[-0.046278,51.491594],[-0.04666,51.491527],[-0.046601,51.491391],[-0.046577,51.491319],[-0.046511,51.491086],[-0.046476,51.49093],[-0.046462,51.490845],[-0.046461,51.490811],[-0.046457,51.490771],[-0.046454,51.490717],[-0.046441,51.490717],[-0.04643,51.490475]]],[[[-0.046837,51.492155],[-0.046776,51.492041],[-0.046708,51.491924],[-0.046613,51.4917],[-0.04661,51.491696],[-0.046599,51.491697],[-0.046591,51.491673],[-0.046366,51.491711],[-0.046378,51.491735],[-0.046371,51.491738],[-0.046443,51.491903],[-0.046585,51.492166],[-0.04661,51.492208],[-0.046837,51.492155]]],[[[-0.047793,51.493339],[-0.047439,51.492937],[-0.047313,51.492782],[-0.047186,51.492619],[-0.047161,51.492581],[-0.047077,51.492461],[-0.046941,51.492249],[-0.046674,51.492311],[-0.0467,51.492348],[-0.046788,51.492491],[-0.046907,51.492663],[-0.04702,51.492822],[-0.047241,51.493087],[-0.047188,51.493129],[-0.047434,51.493267],[-0.047727,51.493427],[-0.04782,51.493392],[-0.047888,51.493459],[-0.04799,51.493421],[-0.047993,51.493418],[-0.047991,51.493411],[-0.047981,51.493399],[-0.047992,51.493392],[-0.047993,51.493388],[-0.047988,51.493379],[-0.047966,51.493351],[-0.047976,51.493343],[-0.047977,51.493339],[-0.047961,51.4933],[-0.047948,51.493288],[-0.047879,51.493309],[-0.047793,51.493339]]],[[[-0.04842,51.493942],[-0.048258,51.493873],[-0.048201,51.493843],[-0.048123,51.493798],[-0.047916,51.493688],[-0.047837,51.49364],[-0.047817,51.493648],[-0.047719,51.493677],[-0.047725,51.493685],[-0.047754,51.493706],[-0.047811,51.493755],[-0.047818,51.493764],[-0.047858,51.493802],[-0.048009,51.493988],[-0.048025,51.493982],[-0.048133,51.494112],[-0.048249,51.494257],[-0.04838,51.49445],[-0.048458,51.494573],[-0.048585,51.494776],[-0.048621,51.494845],[-0.048731,51.494818],[-0.048781,51.494808],[-0.048786,51.494817],[-0.048811,51.494811],[-0.048805,51.494802],[-0.048893,51.494782],[-0.048831,51.494674],[-0.048968,51.494629],[-0.048951,51.494608],[-0.04887,51.494632],[-0.048848,51.4946],[-0.048796,51.494615],[-0.048657,51.494407],[-0.048513,51.494201],[-0.048578,51.494142],[-0.048519,51.494116],[-0.048571,51.49407],[-0.048567,51.494068],[-0.04861,51.49403],[-0.04842,51.493942]]],[[[-0.049358,51.497787],[-0.049427,51.49759],[-0.049326,51.497577],[-0.049258,51.497773],[-0.049358,51.497787]]],[[[-0.048497,51.497873],[-0.048483,51.497857],[-0.048394,51.497865],[-0.048409,51.49788],[-0.048497,51.497873]]],[[[-0.048556,51.498038],[-0.04855,51.498017],[-0.048541,51.498004],[-0.04852,51.497985],[-0.048495,51.497971],[-0.048432,51.497904],[-0.048356,51.497909],[-0.048235,51.498129],[-0.048347,51.498122],[-0.048379,51.498129],[-0.048398,51.498131],[-0.048429,51.498131],[-0.048473,51.498124],[-0.048506,51.498112],[-0.048617,51.498105],[-0.048556,51.498038]]],[[[-0.049636,51.497868],[-0.0496,51.497877],[-0.049567,51.49789],[-0.049538,51.497906],[-0.049514,51.497926],[-0.049496,51.497947],[-0.049485,51.497971],[-0.049481,51.497995],[-0.049483,51.498019],[-0.049492,51.498043],[-0.049508,51.498065],[-0.04953,51.498085],[-0.049558,51.498102],[-0.04959,51.498116],[-0.049625,51.498126],[-0.049663,51.498132],[-0.049702,51.498134],[-0.049747,51.498132],[-0.049878,51.498146],[-0.049874,51.498152],[-0.04988,51.49816],[-0.05019,51.49856],[-0.050196,51.498559],[-0.050217,51.498586],[-0.050612,51.498469],[-0.050592,51.498442],[-0.050622,51.498433],[-0.05066,51.498481],[-0.050628,51.498489],[-0.050233,51.498607],[-0.050289,51.49868],[-0.050682,51.498539],[-0.050725,51.498525],[-0.050617,51.498385],[-0.05049,51.498228],[-0.050369,51.49807],[-0.05018,51.49783],[-0.049999,51.497607],[-0.050289,51.497461],[-0.050279,51.497454],[-0.05026,51.497459],[-0.05021,51.497465],[-0.050147,51.497463],[-0.050125,51.497465],[-0.050088,51.497472],[-0.050058,51.497481],[-0.049991,51.497508],[-0.04996,51.497524],[-0.04994,51.49754],[-0.049936,51.497545],[-0.049933,51.497553],[-0.049935,51.49757],[-0.04994,51.497586],[-0.049936,51.4976],[-0.049939,51.497613],[-0.049961,51.49764],[-0.049857,51.497775],[-0.049804,51.497712],[-0.049783,51.497718],[-0.049744,51.497768],[-0.04985,51.497903],[-0.049823,51.497887],[-0.049789,51.497875],[-0.049752,51.497867],[-0.049713,51.497863],[-0.049674,51.497863],[-0.049636,51.497868]]],[[[-0.049398,51.498526],[-0.049504,51.498336],[-0.049407,51.498315],[-0.049301,51.498505],[-0.049398,51.498526]]],[[[-0.051847,51.500544],[-0.051853,51.500532],[-0.051853,51.500527],[-0.051844,51.50052],[-0.051796,51.500544],[-0.051706,51.500431],[-0.051566,51.500475],[-0.051526,51.500485],[-0.051646,51.500635],[-0.051633,51.500642],[-0.051641,51.500653],[-0.051766,51.500588],[-0.051847,51.500544]]],[[[-0.051771,51.500714],[-0.051841,51.500676],[-0.051823,51.500655],[-0.051752,51.500692],[-0.051771,51.500714]]],[[[-0.052259,51.500913],[-0.052254,51.500915],[-0.052237,51.500901],[-0.052166,51.500936],[-0.052251,51.501025],[-0.052236,51.50103],[-0.052119,51.500903],[-0.051942,51.50097],[-0.052111,51.501145],[-0.052106,51.501147],[-0.052155,51.501195],[-0.052158,51.501195],[-0.052188,51.501222],[-0.052318,51.50118],[-0.052445,51.501136],[-0.052402,51.501092],[-0.052385,51.50104],[-0.052388,51.50104],[-0.052259,51.500913]]]]},"properties":{"entry-date":"2025-05-21","entity":7010003703,"name":"Railway Arches","dataset":"article-4-direction-area","typology":"geography","reference":"287","prefix":"article-4-direction-area","organisation-entity":329,"quality":"authoritative","notes":"Change of use from Class E to residential is restricted","description":"287","article-4-direction":"287","permitted-development-rights":"None given","in_zone":true,"whole_in_zone":false,"in_cw":false,"organisation":"London Borough of Southwark"}},
{"type":"Feature","geometry":{"type":"MultiPolygon","coordinates":[[[[-0.091084,51.49156],[-0.091179,51.49144],[-0.091156,51.491434],[-0.090926,51.491503],[-0.090925,51.491521],[-0.091084,51.49156]]]]},"properties":{"entry-date":"2025-05-21","entity":7010003705,"name":"Rose & Crown (due to reopen)","dataset":"article-4-direction-area","typology":"geography","reference":"289","prefix":"article-4-direction-area","organisation-entity":329,"quality":"authoritative","notes":"Change of use, demolition or alteration of pubs is restricted","description":"289","article-4-direction":"289","permitted-development-rights":"None given","in_zone":true,"whole_in_zone":true,"in_cw":false,"organisation":"London Borough of Southwark"}},
{"type":"Feature","geometry":{"type":"MultiPolygon","coordinates":[[[[-0.094032,51.493985],[-0.09398,51.493833],[-0.093859,51.493843],[-0.093873,51.493885],[-0.093907,51.493999],[-0.094011,51.493998],[-0.094032,51.493985]]]]},"properties":{"entry-date":"2025-05-21","entity":7010003706,"name":"Crown And Anchor","dataset":"article-4-direction-area","typology":"geography","reference":"290","prefix":"article-4-direction-area","organisation-entity":329,"quality":"authoritative","notes":"Change of use, demolition or alteration of pubs is restricted","description":"290","article-4-direction":"290","permitted-development-rights":"None given","in_zone":true,"whole_in_zone":true,"in_cw":false,"organisation":"London Borough of Southwark"}},
{"type":"Feature","geometry":{"type":"MultiPolygon","coordinates":[[[[-0.090673,51.489231],[-0.090827,51.489419],[-0.090953,51.489384],[-0.090815,51.489208],[-0.090805,51.489204],[-0.090788,51.489203],[-0.090673,51.489231]]]]},"properties":{"entry-date":"2025-05-21","entity":7010003707,"name":"Masons Arms","dataset":"article-4-direction-area","typology":"geography","reference":"291","prefix":"article-4-direction-area","organisation-entity":329,"quality":"authoritative","notes":"Change of use, demolition or alteration of pubs is restricted","description":"291","article-4-direction":"291","permitted-development-rights":"None given","in_zone":true,"whole_in_zone":true,"in_cw":false,"organisation":"London Borough of Southwark"}},
{"type":"Feature","geometry":{"type":"MultiPolygon","coordinates":[[[[-0.074075,51.500379],[-0.074132,51.500243],[-0.074155,51.500184],[-0.074077,51.500173],[-0.073955,51.500326],[-0.074075,51.500379]]]]},"properties":{"entry-date":"2025-05-21","entity":7010003708,"name":"Ship And Camel","dataset":"article-4-direction-area","typology":"geography","reference":"292","prefix":"article-4-direction-area","organisation-entity":329,"quality":"authoritative","notes":"Change of use, demolition or alteration of pubs is restricted","description":"292","article-4-direction":"292","permitted-development-rights":"None given","in_zone":true,"whole_in_zone":true,"in_cw":false,"organisation":"London Borough of Southwark"}},
{"type":"Feature","geometry":{"type":"MultiPolygon","coordinates":[[[[-0.09042,51.477551],[-0.090279,51.477571],[-0.090317,51.477652],[-0.090347,51.477734],[-0.090457,51.477709],[-0.09042,51.477551]]]]},"properties":{"entry-date":"2025-05-21","entity":7010003709,"name":"British Queen","dataset":"article-4-direction-area","typology":"geography","reference":"293","prefix":"article-4-direction-area","organisation-entity":329,"quality":"authoritative","notes":"Change of use, demolition or alteration of pubs is restricted","description":"293","article-4-direction":"293","permitted-development-rights":"None given","in_zone":true,"whole_in_zone":true,"in_cw":false,"organisation":"London Borough of Southwark"}},
{"type":"Feature","geometry":{"type":"MultiPolygon","coordinates":[[[[-0.041783,51.506785],[-0.04177,51.506742],[-0.041766,51.506741],[-0.041756,51.506693],[-0.041747,51.50663],[-0.041404,51.506648],[-0.041444,51.506709],[-0.041394,51.506712],[-0.041419,51.506824],[-0.041751,51.506805],[-0.041754,51.506807],[-0.041783,51.506785]]]]},"properties":{"entry-date":"2025-05-21","entity":7010003710,"name":"The Deal Porter","dataset":"article-4-direction-area","typology":"geography","reference":"294","prefix":"article-4-direction-area","organisation-entity":329,"quality":"authoritative","notes":"Change of use, demolition or alteration of pubs is restricted","description":"294","article-4-direction":"294","permitted-development-rights":"None given","in_zone":true,"whole_in_zone":true,"in_cw":false,"organisation":"London Borough of Southwark"}},
{"type":"Feature","geometry":{"type":"MultiPolygon","coordinates":[[[[-0.093686,51.496187],[-0.093593,51.496132],[-0.093403,51.496221],[-0.093487,51.496288],[-0.093514,51.49629],[-0.093686,51.496187]]]]},"properties":{"entry-date":"2025-05-21","entity":7010003712,"name":"Royal Standard","dataset":"article-4-direction-area","typology":"geography","reference":"296","prefix":"article-4-direction-area","organisation-entity":329,"quality":"authoritative","notes":"Change of use, demolition or alteration of pubs is restricted","description":"296","article-4-direction":"296","permitted-development-rights":"None given","in_zone":true,"whole_in_zone":true,"in_cw":false,"organisation":"London Borough of Southwark"}},
{"type":"Feature","geometry":{"type":"MultiPolygon","coordinates":[[[[-0.052504,51.499767],[-0.05237,51.499645],[-0.052344,51.499624],[-0.052289,51.499644],[-0.052302,51.499657],[-0.052286,51.499663],[-0.052281,51.499679],[-0.052402,51.49981],[-0.052417,51.499813],[-0.052504,51.499767]]]]},"properties":{"entry-date":"2025-05-21","entity":7010003713,"name":"Little Crown","dataset":"article-4-direction-area","typology":"geography","reference":"297","prefix":"article-4-direction-area","organisation-entity":329,"quality":"authoritative","notes":"Change of use, demolition or alteration of pubs is restricted","description":"297","article-4-direction":"297","permitted-development-rights":"None given","in_zone":true,"whole_in_zone":true,"in_cw":false,"organisation":"London Borough of Southwark"}},
{"type":"Feature","geometry":{"type":"MultiPolygon","coordinates":[[[[-0.054858,51.479004],[-0.054741,51.479133],[-0.054877,51.479183],[-0.054999,51.479056],[-0.054858,51.479004]]]]},"properties":{"entry-date":"2025-05-21","entity":7010003715,"name":"Canterbury Arms","dataset":"article-4-direction-area","typology":"geography","reference":"299","prefix":"article-4-direction-area","organisation-entity":329,"quality":"authoritative","notes":"Change of use, demolition or alteration of pubs is restricted","description":"299","article-4-direction":"299","permitted-development-rights":"None given","in_zone":true,"whole_in_zone":true,"in_cw":false,"organisation":"London Borough of Southwark"}},
{"type":"Feature","geometry":{"type":"MultiPolygon","coordinates":[[[[-0.088408,51.479871],[-0.088542,51.479775],[-0.088569,51.479789],[-0.088644,51.479734],[-0.088568,51.47968],[-0.088552,51.479696],[-0.088389,51.479758],[-0.088307,51.479824],[-0.088408,51.479871]]]]},"properties":{"entry-date":"2025-05-21","entity":7010003717,"name":"The Brewers","dataset":"article-4-direction-area","typology":"geography","reference":"301","prefix":"article-4-direction-area","organisation-entity":329,"quality":"authoritative","notes":"Change of use, demolition or alteration of pubs is restricted","description":"301","article-4-direction":"301","permitted-development-rights":"None given","in_zone":true,"whole_in_zone":true,"in_cw":false,"organisation":"London Borough of Southwark"}},
{"type":"Feature","geometry":{"type":"MultiPolygon","coordinates":[[[[-0.094357,51.484945],[-0.094349,51.484926],[-0.093964,51.484988],[-0.093946,51.485005],[-0.09396,51.485056],[-0.094418,51.484985],[-0.094399,51.484939],[-0.094357,51.484945]]]]},"properties":{"entry-date":"2025-05-21","entity":7010003721,"name":"Liam Ogs","dataset":"article-4-direction-area","typology":"geography","reference":"305","prefix":"article-4-direction-area","organisation-entity":329,"quality":"authoritative","notes":"Change of use, demolition or alteration of pubs is restricted","description":"305","article-4-direction":"305","permitted-development-rights":"None given","in_zone":true,"whole_in_zone":true,"in_cw":false,"organisation":"London Borough of Southwark"}},
{"type":"Feature","geometry":{"type":"MultiPolygon","coordinates":[[[[-0.093248,51.475665],[-0.093271,51.475752],[-0.093253,51.475754],[-0.093266,51.475811],[-0.093538,51.475787],[-0.093523,51.475723],[-0.093515,51.475702],[-0.093494,51.475671],[-0.093487,51.475666],[-0.093481,51.475659],[-0.093457,51.475647],[-0.093248,51.475665]]]]},"properties":{"entry-date":"2025-05-21","entity":7010003724,"name":"Father Red Cap","dataset":"article-4-direction-area","typology":"geography","reference":"308","prefix":"article-4-direction-area","organisation-entity":329,"quality":"authoritative","notes":"Change of use, demolition or alteration of pubs is restricted","description":"308","article-4-direction":"308","permitted-development-rights":"None given","in_zone":true,"whole_in_zone":true,"in_cw":false,"organisation":"London Borough of Southwark"}},
{"type":"Feature","geometry":{"type":"MultiPolygon","coordinates":[[[[-0.053468,51.499247],[-0.053384,51.499143],[-0.05322,51.499197],[-0.053347,51.499306],[-0.053468,51.499247]]]]},"properties":{"entry-date":"2025-05-21","entity":7010003726,"name":"Albion Public House","dataset":"article-4-direction-area","typology":"geography","reference":"310","prefix":"article-4-direction-area","organisation-entity":329,"quality":"authoritative","notes":"Change of use, demolition or alteration of pubs is restricted","description":"310","article-4-direction":"310","permitted-development-rights":"None given","in_zone":true,"whole_in_zone":true,"in_cw":false,"organisation":"London Borough of Southwark"}},
{"type":"Feature","geometry":{"type":"MultiPolygon","coordinates":[[[[-0.056061,51.477496],[-0.056054,51.477432],[-0.055897,51.477424],[-0.055895,51.477476],[-0.055882,51.477668],[-0.055998,51.477666],[-0.055997,51.47763],[-0.05607,51.477629],[-0.056067,51.477575],[-0.056047,51.477576],[-0.056044,51.477496],[-0.056061,51.477496]]]]},"properties":{"entry-date":"2025-05-21","entity":7010003728,"name":"Carlton Tavern","dataset":"article-4-direction-area","typology":"geography","reference":"312","prefix":"article-4-direction-area","organisation-entity":329,"quality":"authoritative","notes":"Change of use, demolition or alteration of pubs is restricted","description":"312","article-4-direction":"312","permitted-development-rights":"None given","in_zone":true,"whole_in_zone":true,"in_cw":false,"organisation":"London Borough of Southwark"}},
{"type":"Feature","geometry":{"type":"MultiPolygon","coordinates":[[[[-0.073206,51.49552],[-0.073194,51.495494],[-0.073153,51.495503],[-0.073104,51.49551],[-0.072982,51.495532],[-0.073062,51.495711],[-0.073098,51.495705],[-0.0731,51.495708],[-0.073241,51.495684],[-0.073209,51.495612],[-0.073167,51.495528],[-0.073206,51.49552]]]]},"properties":{"entry-date":"2025-05-21","entity":7010003729,"name":"Queens Arms","dataset":"article-4-direction-area","typology":"geography","reference":"313","prefix":"article-4-direction-area","organisation-entity":329,"quality":"authoritative","notes":"Change of use, demolition or alteration of pubs is restricted","description":"313","article-4-direction":"313","permitted-development-rights":"None given","in_zone":true,"whole_in_zone":true,"in_cw":false,"organisation":"London Borough of Southwark"}},
{"type":"Feature","geometry":{"type":"MultiPolygon","coordinates":[[[[-0.057077,51.486438],[-0.056987,51.486434],[-0.056736,51.486418],[-0.05671,51.486439],[-0.056724,51.486533],[-0.056837,51.486524],[-0.05703,51.486519],[-0.057086,51.486515],[-0.057077,51.486438]]]]},"properties":{"entry-date":"2025-05-21","entity":7010003730,"name":"The Bramcote Arms","dataset":"article-4-direction-area","typology":"geography","reference":"314","prefix":"article-4-direction-area","organisation-entity":329,"quality":"authoritative","notes":"Change of use, demolition or alteration of pubs is restricted","description":"314","article-4-direction":"314","permitted-development-rights":"None given","in_zone":true,"whole_in_zone":true,"in_cw":false,"organisation":"London Borough of Southwark"}},
{"type":"Feature","geometry":{"type":"MultiPolygon","coordinates":[[[[-0.082935,51.495813],[-0.082679,51.495686],[-0.082632,51.495725],[-0.082853,51.495864],[-0.082886,51.495859],[-0.082935,51.495813]]]]},"properties":{"entry-date":"2025-05-21","entity":7010003731,"name":"The Hartley","dataset":"article-4-direction-area","typology":"geography","reference":"315","prefix":"article-4-direction-area","organisation-entity":329,"quality":"authoritative","notes":"Change of use, demolition or alteration of pubs is restricted","description":"315","article-4-direction":"315","permitted-development-rights":"None given","in_zone":true,"whole_in_zone":true,"in_cw":false,"organisation":"London Borough of Southwark"}},
{"type":"Feature","geometry":{"type":"MultiPolygon","coordinates":[[[[-0.093479,51.488394],[-0.093322,51.488448],[-0.093456,51.488592],[-0.093615,51.488541],[-0.093479,51.488394]]]]},"properties":{"entry-date":"2025-05-21","entity":7010003732,"name":"The Bell","dataset":"article-4-direction-area","typology":"geography","reference":"316","prefix":"article-4-direction-area","organisation-entity":329,"quality":"authoritative","notes":"Change of use, demolition or alteration of pubs is restricted","description":"316","article-4-direction":"316","permitted-development-rights":"None given","in_zone":true,"whole_in_zone":true,"in_cw":false,"organisation":"London Borough of Southwark"}},
{"type":"Feature","geometry":{"type":"MultiPolygon","coordinates":[[[[-0.074892,51.493792],[-0.07498,51.493841],[-0.075011,51.493842],[-0.075049,51.493815],[-0.075037,51.493808],[-0.075191,51.493701],[-0.075181,51.493692],[-0.075205,51.493675],[-0.075122,51.49363],[-0.074892,51.493792]]]]},"properties":{"entry-date":"2025-05-21","entity":7010003733,"name":"The Grange","dataset":"article-4-direction-area","typology":"geography","reference":"317","prefix":"article-4-direction-area","organisation-entity":329,"quality":"authoritative","notes":"Change of use, demolition or alteration of pubs is restricted","description":"317","article-4-direction":"317","permitted-development-rights":"None given","in_zone":true,"whole_in_zone":true,"in_cw":false,"organisation":"London Borough of Southwark"}},
{"type":"Feature","geometry":{"type":"MultiPolygon","coordinates":[[[[-0.085589,51.489945],[-0.085686,51.489993],[-0.085745,51.490019],[-0.085791,51.489988],[-0.085649,51.489916],[-0.085589,51.489945]]]]},"properties":{"entry-date":"2025-05-21","entity":7010003734,"name":"Huntsman & Hound","dataset":"article-4-direction-area","typology":"geography","reference":"318","prefix":"article-4-direction-area","organisation-entity":329,"quality":"authoritative","notes":"Change of use, demolition or alteration of pubs is restricted","description":"318","article-4-direction":"318","permitted-development-rights":"None given","in_zone":true,"whole_in_zone":true,"in_cw":false,"organisation":"London Borough of Southwark"}},
{"type":"Feature","geometry":{"type":"MultiPolygon","coordinates":[[[[-0.094086,51.47687],[-0.094099,51.476939],[-0.094302,51.476925],[-0.094299,51.47691],[-0.094322,51.476909],[-0.094325,51.476921],[-0.09439,51.476912],[-0.094379,51.476884],[-0.094335,51.476891],[-0.094325,51.476855],[-0.094291,51.476862],[-0.094086,51.47687]]]]},"properties":{"entry-date":"2025-05-21","entity":7010003737,"name":"Nags Head PH","dataset":"article-4-direction-area","typology":"geography","reference":"321","prefix":"article-4-direction-area","organisation-entity":329,"quality":"authoritative","notes":"Change of use, demolition or alteration of pubs is restricted","description":"321","article-4-direction":"321","permitted-development-rights":"None given","in_zone":true,"whole_in_zone":true,"in_cw":false,"organisation":"London Borough of Southwark"}},
{"type":"Feature","geometry":{"type":"MultiPolygon","coordinates":[[[[-0.08286,51.498374],[-0.082953,51.498389],[-0.082959,51.498389],[-0.082963,51.498387],[-0.08299,51.498331],[-0.083015,51.498335],[-0.083045,51.498266],[-0.08304,51.498265],[-0.083035,51.498276],[-0.083021,51.498274],[-0.083009,51.498259],[-0.082901,51.498241],[-0.08286,51.498374]]]]},"properties":{"entry-date":"2025-05-21","entity":7010003740,"name":"Simon The Tanner","dataset":"article-4-direction-area","typology":"geography","reference":"324","prefix":"article-4-direction-area","organisation-entity":329,"quality":"authoritative","notes":"Change of use, demolition or alteration of pubs is restricted","description":"324","article-4-direction":"324","permitted-development-rights":"None given","in_zone":true,"whole_in_zone":true,"in_cw":false,"organisation":"London Borough of Southwark"}},
{"type":"Feature","geometry":{"type":"MultiPolygon","coordinates":[[[[-0.086972,51.501223],[-0.087192,51.501247],[-0.087216,51.501233],[-0.087224,51.501144],[-0.08703,51.501136],[-0.087027,51.501184],[-0.086985,51.501179],[-0.086972,51.501223]]]]},"properties":{"entry-date":"2025-05-21","entity":7010003742,"name":"The Brittania","dataset":"article-4-direction-area","typology":"geography","reference":"326","prefix":"article-4-direction-area","organisation-entity":329,"quality":"authoritative","notes":"Change of use, demolition or alteration of pubs is restricted","description":"326","article-4-direction":"326","permitted-development-rights":"None given","in_zone":true,"whole_in_zone":true,"in_cw":false,"organisation":"London Borough of Southwark"}},
{"type":"Feature","geometry":{"type":"MultiPolygon","coordinates":[[[[-0.085462,51.502233],[-0.085575,51.502243],[-0.08559,51.502235],[-0.085615,51.502155],[-0.085644,51.502076],[-0.085622,51.502073],[-0.085623,51.502069],[-0.085533,51.502055],[-0.085505,51.502117],[-0.085466,51.502215],[-0.085462,51.502233]]]]},"properties":{"entry-date":"2025-05-21","entity":7010003743,"name":"The Rose","dataset":"article-4-direction-area","typology":"geography","reference":"327","prefix":"article-4-direction-area","organisation-entity":329,"quality":"authoritative","notes":"Change of use, demolition or alteration of pubs is restricted","description":"327","article-4-direction":"327","permitted-development-rights":"None given","in_zone":true,"whole_in_zone":true,"in_cw":false,"organisation":"London Borough of Southwark"}},
{"type":"Feature","geometry":{"type":"MultiPolygon","coordinates":[[[[-0.090736,51.503597],[-0.090872,51.503643],[-0.090843,51.503678],[-0.090971,51.50372],[-0.090985,51.503704],[-0.091029,51.50372],[-0.091013,51.503735],[-0.091137,51.503776],[-0.091183,51.503715],[-0.090764,51.503565],[-0.090736,51.503597]]]]},"properties":{"entry-date":"2025-05-21","entity":7010003744,"name":"ST CHRISTOPHER'S","dataset":"article-4-direction-area","typology":"geography","reference":"328","prefix":"article-4-direction-area","organisation-entity":329,"quality":"authoritative","notes":"Change of use, demolition or alteration of pubs is restricted","description":"328","article-4-direction":"328","permitted-development-rights":"None given","in_zone":true,"whole_in_zone":true,"in_cw":false,"organisation":"London Borough of Southwark"}},
{"type":"Feature","geometry":{"type":"MultiPolygon","coordinates":[[[[-0.090956,51.505148],[-0.091027,51.505202],[-0.091161,51.505118],[-0.091151,51.505111],[-0.090956,51.505148]]]]},"properties":{"entry-date":"2025-05-21","entity":7010003745,"name":"THE WHEATSHEAF","dataset":"article-4-direction-area","typology":"geography","reference":"329","prefix":"article-4-direction-area","organisation-entity":329,"quality":"authoritative","notes":"Change of use, demolition or alteration of pubs is restricted","description":"329","article-4-direction":"329","permitted-development-rights":"None given","in_zone":true,"whole_in_zone":true,"in_cw":false,"organisation":"London Borough of Southwark"}},
{"type":"Feature","geometry":{"type":"MultiPolygon","coordinates":[[[[-0.068597,51.47431],[-0.068576,51.474235],[-0.06866,51.474225],[-0.06863,51.47413],[-0.068616,51.474112],[-0.068608,51.474105],[-0.068537,51.474088],[-0.068512,51.47416],[-0.068513,51.474227],[-0.068448,51.474229],[-0.068456,51.474267],[-0.068476,51.474266],[-0.068474,51.474249],[-0.068518,51.474251],[-0.068537,51.474316],[-0.068597,51.47431]]]]},"properties":{"entry-date":"2025-05-21","entity":7010003746,"name":"THE GREYHOUND","dataset":"article-4-direction-area","typology":"geography","reference":"330","prefix":"article-4-direction-area","organisation-entity":329,"quality":"authoritative","notes":"Change of use, demolition or alteration of pubs is restricted","description":"330","article-4-direction":"330","permitted-development-rights":"None given","in_zone":true,"whole_in_zone":true,"in_cw":false,"organisation":"London Borough of Southwark"}},
{"type":"Feature","geometry":{"type":"MultiPolygon","coordinates":[[[[-0.064152,51.500207],[-0.064247,51.500254],[-0.064386,51.500141],[-0.06446,51.500071],[-0.064396,51.50004],[-0.064365,51.500066],[-0.064376,51.500071],[-0.06436,51.500084],[-0.064322,51.500067],[-0.064283,51.500097],[-0.064152,51.500207]]]]},"properties":{"entry-date":"2025-05-21","entity":7010003747,"name":"The Winnicott (formerly Old Justice)","dataset":"article-4-direction-area","typology":"geography","reference":"331","prefix":"article-4-direction-area","organisation-entity":329,"quality":"authoritative","notes":"Change of use, demolition or alteration of pubs is restricted","description":"331","article-4-direction":"331","permitted-development-rights":"None given","in_zone":true,"whole_in_zone":true,"in_cw":false,"organisation":"London Borough of Southwark"}},
{"type":"Feature","geometry":{"type":"MultiPolygon","coordinates":[[[[-0.091471,51.504852],[-0.091468,51.504795],[-0.091208,51.504801],[-0.091213,51.504861],[-0.091471,51.504852]]]]},"properties":{"entry-date":"2025-05-21","entity":7010003749,"name":"Sheaf (Formerly Wheatsheaf)","dataset":"article-4-direction-area","typology":"geography","reference":"333","prefix":"article-4-direction-area","organisation-entity":329,"quality":"authoritative","notes":"Change of use, demolition or alteration of pubs is restricted","description":"333","article-4-direction":"333","permitted-development-rights":"None given","in_zone":true,"whole_in_zone":true,"in_cw":false,"organisation":"London Borough of Southwark"}},
{"type":"Feature","geometry":{"type":"MultiPolygon","coordinates":[[[[-0.058664,51.495003],[-0.058883,51.495008],[-0.058958,51.494952],[-0.058958,51.494934],[-0.058838,51.494868],[-0.058664,51.495003]]]]},"properties":{"entry-date":"2025-05-21","entity":7010003751,"name":"STANLEY ARMS PUBLIC HOUSE","dataset":"article-4-direction-area","typology":"geography","reference":"335","prefix":"article-4-direction-area","organisation-entity":329,"quality":"authoritative","notes":"Change of use, demolition or alteration of pubs is restricted","description":"335","article-4-direction":"335","permitted-development-rights":"None given","in_zone":true,"whole_in_zone":true,"in_cw":false,"organisation":"London Borough of Southwark"}},
{"type":"Feature","geometry":{"type":"MultiPolygon","coordinates":[[[[-0.082162,51.49734],[-0.082275,51.49738],[-0.082335,51.497307],[-0.08221,51.497266],[-0.082164,51.497322],[-0.082162,51.49734]]]]},"properties":{"entry-date":"2025-05-21","entity":7010003753,"name":"THE HAND AND MARIGOLD","dataset":"article-4-direction-area","typology":"geography","reference":"337","prefix":"article-4-direction-area","organisation-entity":329,"quality":"authoritative","notes":"Change of use, demolition or alteration of pubs is restricted","description":"337","article-4-direction":"337","permitted-development-rights":"None given","in_zone":true,"whole_in_zone":true,"in_cw":false,"organisation":"London Borough of Southwark"}},
{"type":"Feature","geometry":{"type":"MultiPolygon","coordinates":[[[[-0.093123,51.494777],[-0.093141,51.494778],[-0.09314,51.49479],[-0.09319,51.494793],[-0.093191,51.494781],[-0.093214,51.494782],[-0.093225,51.494698],[-0.092991,51.494684],[-0.092988,51.494717],[-0.092939,51.494715],[-0.092936,51.494747],[-0.092983,51.494749],[-0.092977,51.494806],[-0.093119,51.494814],[-0.093123,51.494777]]]]},"properties":{"entry-date":"2025-05-21","entity":7010003755,"name":"RISING SUN","dataset":"article-4-direction-area","typology":"geography","reference":"339","prefix":"article-4-direction-area","organisation-entity":329,"quality":"authoritative","notes":"Change of use, demolition or alteration of pubs is restricted","description":"339","article-4-direction":"339","permitted-development-rights":"None given","in_zone":true,"whole_in_zone":true,"in_cw":false,"organisation":"London Borough of Southwark"}},
{"type":"Feature","geometry":{"type":"MultiPolygon","coordinates":[[[[-0.091387,51.500189],[-0.091601,51.50014],[-0.091556,51.500069],[-0.091368,51.50011],[-0.091348,51.500135],[-0.091387,51.500189]]]]},"properties":{"entry-date":"2025-05-21","entity":7010003757,"name":"ROYAL OAK","dataset":"article-4-direction-area","typology":"geography","reference":"341","prefix":"article-4-direction-area","organisation-entity":329,"quality":"authoritative","notes":"Change of use, demolition or alteration of pubs is restricted","description":"341","article-4-direction":"341","permitted-development-rights":"None given","in_zone":true,"whole_in_zone":true,"in_cw":false,"organisation":"London Borough of Southwark"}},
{"type":"Feature","geometry":{"type":"MultiPolygon","coordinates":[[[[-0.067006,51.492311],[-0.067131,51.49232],[-0.067144,51.492318],[-0.067155,51.492313],[-0.067162,51.4923],[-0.067208,51.49211],[-0.067134,51.492103],[-0.067127,51.492129],[-0.067087,51.492126],[-0.067094,51.4921],[-0.067045,51.492095],[-0.067037,51.492146],[-0.067024,51.492209],[-0.067021,51.492232],[-0.067011,51.492275],[-0.067006,51.492311]]]]},"properties":{"entry-date":"2025-05-21","entity":7010003759,"name":"QUEEN VICTORIA","dataset":"article-4-direction-area","typology":"geography","reference":"343","prefix":"article-4-direction-area","organisation-entity":329,"quality":"authoritative","notes":"Change of use, demolition or alteration of pubs is restricted","description":"343","article-4-direction":"343","permitted-development-rights":"None given","in_zone":true,"whole_in_zone":true,"in_cw":false,"organisation":"London Borough of Southwark"}},
{"type":"Feature","geometry":{"type":"MultiPolygon","coordinates":[[[[-0.080551,51.494539],[-0.080552,51.494566],[-0.080607,51.494594],[-0.08064,51.494603],[-0.080747,51.494643],[-0.080814,51.494602],[-0.080778,51.49458],[-0.080755,51.494593],[-0.080709,51.494563],[-0.080731,51.49455],[-0.080633,51.494488],[-0.080551,51.494539]]]]},"properties":{"entry-date":"2025-05-21","entity":7010003760,"name":"THE VICTORIA","dataset":"article-4-direction-area","typology":"geography","reference":"344","prefix":"article-4-direction-area","organisation-entity":329,"quality":"authoritative","notes":"Change of use, demolition or alteration of pubs is restricted","description":"344","article-4-direction":"344","permitted-development-rights":"None given","in_zone":true,"whole_in_zone":true,"in_cw":false,"organisation":"London Borough of Southwark"}},
{"type":"Feature","geometry":{"type":"MultiPolygon","coordinates":[[[[-0.084162,51.502394],[-0.083982,51.502419],[-0.08397,51.502454],[-0.083916,51.502465],[-0.083923,51.502479],[-0.083991,51.502465],[-0.083993,51.502469],[-0.084029,51.502476],[-0.084014,51.502514],[-0.084144,51.502535],[-0.084187,51.502405],[-0.084162,51.502394]]]]},"properties":{"entry-date":"2025-05-21","entity":7010003762,"name":"THE HORSESHOE INN","dataset":"article-4-direction-area","typology":"geography","reference":"346","prefix":"article-4-direction-area","organisation-entity":329,"quality":"authoritative","notes":"Change of use, demolition or alteration of pubs is restricted","description":"346","article-4-direction":"346","permitted-development-rights":"None given","in_zone":true,"whole_in_zone":true,"in_cw":false,"organisation":"London Borough of Southwark"}},
{"type":"Feature","geometry":{"type":"MultiPolygon","coordinates":[[[[-0.083422,51.504584],[-0.083423,51.50459],[-0.083476,51.504629],[-0.083519,51.504648],[-0.083549,51.504645],[-0.083664,51.504548],[-0.083606,51.504525],[-0.083422,51.504584]]]]},"properties":{"entry-date":"2025-05-21","entity":7010003764,"name":"SHIPWRIGHTS ARMS","dataset":"article-4-direction-area","typology":"geography","reference":"348","prefix":"article-4-direction-area","organisation-entity":329,"quality":"authoritative","notes":"Change of use, demolition or alteration of pubs is restricted","description":"348","article-4-direction":"348","permitted-development-rights":"None given","in_zone":true,"whole_in_zone":true,"in_cw":false,"organisation":"London Borough of Southwark"}},
{"type":"Feature","geometry":{"type":"MultiPolygon","coordinates":[[[[-0.039594,51.495638],[-0.039653,51.495623],[-0.039601,51.495512],[-0.039622,51.495506],[-0.03965,51.495491],[-0.039666,51.495472],[-0.03967,51.495451],[-0.039656,51.495429],[-0.039635,51.495416],[-0.039618,51.495412],[-0.039598,51.49541],[-0.039577,51.49541],[-0.039551,51.495414],[-0.039543,51.4954],[-0.039459,51.495418],[-0.03948,51.49546],[-0.039502,51.495457],[-0.039594,51.495638]]]]},"properties":{"entry-date":"2025-05-21","entity":7010003765,"name":"MOBY DICK","dataset":"article-4-direction-area","typology":"geography","reference":"349","prefix":"article-4-direction-area","organisation-entity":329,"quality":"authoritative","notes":"Change of use, demolition or alteration of pubs is restricted","description":"349","article-4-direction":"349","permitted-development-rights":"None given","in_zone":true,"whole_in_zone":true,"in_cw":false,"organisation":"London Borough of Southwark"}},
{"type":"Feature","geometry":{"type":"MultiPolygon","coordinates":[[[[-0.07362,51.479603],[-0.073663,51.479691],[-0.073644,51.479694],[-0.07366,51.479722],[-0.073816,51.479698],[-0.073805,51.479668],[-0.07392,51.479651],[-0.073912,51.479553],[-0.073887,51.479546],[-0.07362,51.479603]]]]},"properties":{"entry-date":"2025-05-21","entity":7010003769,"name":"THE OLDE APPLE TREE","dataset":"article-4-direction-area","typology":"geography","reference":"353","prefix":"article-4-direction-area","organisation-entity":329,"quality":"authoritative","notes":"Change of use, demolition or alteration of pubs is restricted","description":"353","article-4-direction":"353","permitted-development-rights":"None given","in_zone":true,"whole_in_zone":true,"in_cw":false,"organisation":"London Borough of Southwark"}},
{"type":"Feature","geometry":{"type":"MultiPolygon","coordinates":[[[[-0.089383,51.504654],[-0.089506,51.5047],[-0.08958,51.504625],[-0.089504,51.504599],[-0.089513,51.504587],[-0.089462,51.504569],[-0.089383,51.504654]]]]},"properties":{"entry-date":"2025-05-21","entity":7010003770,"name":"OLD KINGS HEAD","dataset":"article-4-direction-area","typology":"geography","reference":"354","prefix":"article-4-direction-area","organisation-entity":329,"quality":"authoritative","notes":"Change of use, demolition or alteration of pubs is restricted","description":"354","article-4-direction":"354","permitted-development-rights":"None given","in_zone":true,"whole_in_zone":true,"in_cw":false,"organisation":"London Borough of Southwark"}},
{"type":"Feature","geometry":{"type":"MultiPolygon","coordinates":[[[[-0.090624,51.498178],[-0.090713,51.498136],[-0.090758,51.498146],[-0.09079,51.498114],[-0.090569,51.498029],[-0.090561,51.498035],[-0.090546,51.498032],[-0.090503,51.498055],[-0.090503,51.498067],[-0.090493,51.498071],[-0.090624,51.498178]]]]},"properties":{"entry-date":"2025-05-21","entity":7010003771,"name":"THE ROEBUCK","dataset":"article-4-direction-area","typology":"geography","reference":"355","prefix":"article-4-direction-area","organisation-entity":329,"quality":"authoritative","notes":"Change of use, demolition or alteration of pubs is restricted","description":"355","article-4-direction":"355","permitted-development-rights":"None given","in_zone":true,"whole_in_zone":true,"in_cw":false,"organisation":"London Borough of Southwark"}},
{"type":"Feature","geometry":{"type":"MultiPolygon","coordinates":[[[[-0.060495,51.49202],[-0.060557,51.491999],[-0.060561,51.492004],[-0.060569,51.492005],[-0.060619,51.49199],[-0.060619,51.491985],[-0.060615,51.491978],[-0.060671,51.49196],[-0.060674,51.491945],[-0.060599,51.491852],[-0.060582,51.491859],[-0.060591,51.491873],[-0.06057,51.491875],[-0.060546,51.491881],[-0.060536,51.491893],[-0.060532,51.491905],[-0.060497,51.491915],[-0.060463,51.491872],[-0.060388,51.491896],[-0.06042,51.491937],[-0.060434,51.491949],[-0.06045,51.49196],[-0.060495,51.49202]]]]},"properties":{"entry-date":"2025-05-21","entity":7010003772,"name":"ANCIENT FORESTERS","dataset":"article-4-direction-area","typology":"geography","reference":"356","prefix":"article-4-direction-area","organisation-entity":329,"quality":"authoritative","notes":"Change of use, demolition or alteration of pubs is restricted","description":"356","article-4-direction":"356","permitted-development-rights":"None given","in_zone":true,"whole_in_zone":true,"in_cw":false,"organisation":"London Borough of Southwark"}},
{"type":"Feature","geometry":{"type":"MultiPolygon","coordinates":[[[[-0.070611,51.500712],[-0.070638,51.500589],[-0.070627,51.500589],[-0.070456,51.500568],[-0.070423,51.500635],[-0.07047,51.50064],[-0.070466,51.500654],[-0.070514,51.50066],[-0.070511,51.500669],[-0.070444,51.500661],[-0.07044,51.500673],[-0.070611,51.500712]]]]},"properties":{"entry-date":"2025-05-21","entity":7010003773,"name":"THE SHIP AGROUND PUBLIC HOUSE","dataset":"article-4-direction-area","typology":"geography","reference":"357","prefix":"article-4-direction-area","organisation-entity":329,"quality":"authoritative","notes":"Change of use, demolition or alteration of pubs is restricted","description":"357","article-4-direction":"357","permitted-development-rights":"None given","in_zone":true,"whole_in_zone":true,"in_cw":false,"organisation":"London Borough of Southwark"}},
{"type":"Feature","geometry":{"type":"MultiPolygon","coordinates":[[[[-0.09331,51.4845],[-0.093522,51.48468],[-0.093547,51.484676],[-0.093567,51.484675],[-0.093582,51.48455],[-0.093564,51.484531],[-0.093352,51.48445],[-0.09331,51.4845]]]]},"properties":{"entry-date":"2025-05-21","entity":7010003775,"name":"RED LION","dataset":"article-4-direction-area","typology":"geography","reference":"359","prefix":"article-4-direction-area","organisation-entity":329,"quality":"authoritative","notes":"Change of use, demolition or alteration of pubs is restricted","description":"359","article-4-direction":"359","permitted-development-rights":"None given","in_zone":true,"whole_in_zone":true,"in_cw":false,"organisation":"London Borough of Southwark"}},
{"type":"Feature","geometry":{"type":"MultiPolygon","coordinates":[[[[-0.093696,51.4894],[-0.09377,51.489484],[-0.093915,51.489436],[-0.093842,51.489352],[-0.093696,51.4894]]]]},"properties":{"entry-date":"2025-05-21","entity":7010003776,"name":"THE GLADSTONE","dataset":"article-4-direction-area","typology":"geography","reference":"360","prefix":"article-4-direction-area","organisation-entity":329,"quality":"authoritative","notes":"Change of use, demolition or alteration of pubs is restricted","description":"360","article-4-direction":"360","permitted-development-rights":"None given","in_zone":true,"whole_in_zone":true,"in_cw":false,"organisation":"London Borough of Southwark"}},
{"type":"Feature","geometry":{"type":"MultiPolygon","coordinates":[[[[-0.059035,51.500707],[-0.059033,51.500697],[-0.059137,51.500686],[-0.059112,51.500582],[-0.059096,51.500577],[-0.058957,51.500589],[-0.058985,51.500698],[-0.05899,51.500711],[-0.059035,51.500707]]]]},"properties":{"entry-date":"2025-05-21","entity":7010003780,"name":"The Angel at Rotherhithe","dataset":"article-4-direction-area","typology":"geography","reference":"364","prefix":"article-4-direction-area","organisation-entity":329,"quality":"authoritative","notes":"Change of use, demolition or alteration of pubs is restricted","description":"364","article-4-direction":"364","permitted-development-rights":"None given","in_zone":true,"whole_in_zone":true,"in_cw":false,"organisation":"London Borough of Southwark"}},
{"type":"Feature","geometry":{"type":"MultiPolygon","coordinates":[[[[-0.09283,51.500532],[-0.092981,51.500478],[-0.092832,51.500369],[-0.092765,51.500407],[-0.092761,51.500423],[-0.09283,51.500532]]]]},"properties":{"entry-date":"2025-05-21","entity":7010003782,"name":"DOVER CASTLE PH","dataset":"article-4-direction-area","typology":"geography","reference":"366","prefix":"article-4-direction-area","organisation-entity":329,"quality":"authoritative","notes":"Change of use, demolition or alteration of pubs is restricted","description":"366","article-4-direction":"366","permitted-development-rights":"None given","in_zone":true,"whole_in_zone":true,"in_cw":false,"organisation":"London Borough of Southwark"}},
{"type":"Feature","geometry":{"type":"MultiPolygon","coordinates":[[[[-0.076967,51.502476],[-0.077218,51.502539],[-0.077318,51.502397],[-0.077319,51.502374],[-0.077314,51.502369],[-0.077175,51.502278],[-0.077108,51.502377],[-0.077044,51.502361],[-0.076967,51.502476]]]]},"properties":{"entry-date":"2025-05-21","entity":7010003783,"name":"Pommeler's Rest","dataset":"article-4-direction-area","typology":"geography","reference":"367","prefix":"article-4-direction-area","organisation-entity":329,"quality":"authoritative","notes":"Change of use, demolition or alteration of pubs is restricted","description":"367","article-4-direction":"367","permitted-development-rights":"None given","in_zone":true,"whole_in_zone":true,"in_cw":false,"organisation":"London Borough of Southwark"}},
{"type":"Feature","geometry":{"type":"MultiPolygon","coordinates":[[[[-0.053575,51.501855],[-0.053669,51.501833],[-0.053664,51.501816],[-0.053662,51.501802],[-0.053646,51.501774],[-0.053625,51.501778],[-0.053593,51.501722],[-0.053512,51.50174],[-0.053575,51.501855]]]]},"properties":{"entry-date":"2025-05-21","entity":7010003784,"name":"THE MAYFLOWER","dataset":"article-4-direction-area","typology":"geography","reference":"368","prefix":"article-4-direction-area","organisation-entity":329,"quality":"authoritative","notes":"Change of use, demolition or alteration of pubs is restricted","description":"368","article-4-direction":"368","permitted-development-rights":"None given","in_zone":true,"whole_in_zone":true,"in_cw":false,"organisation":"London Borough of Southwark"}},
{"type":"Feature","geometry":{"type":"MultiPolygon","coordinates":[[[[-0.034327,51.496901],[-0.034306,51.496793],[-0.034152,51.496804],[-0.034052,51.496816],[-0.034066,51.496893],[-0.033998,51.4969],[-0.034008,51.496933],[-0.034327,51.496901]]]]},"properties":{"entry-date":"2025-05-21","entity":7010003785,"name":"Ship & Whale Public House","dataset":"article-4-direction-area","typology":"geography","reference":"369","prefix":"article-4-direction-area","organisation-entity":329,"quality":"authoritative","notes":"Change of use, demolition or alteration of pubs is restricted","description":"369","article-4-direction":"369","permitted-development-rights":"None given","in_zone":true,"whole_in_zone":true,"in_cw":false,"organisation":"London Borough of Southwark"}},
{"type":"Feature","geometry":{"type":"MultiPolygon","coordinates":[[[[-0.087359,51.502169],[-0.087416,51.502165],[-0.087421,51.502181],[-0.087473,51.502175],[-0.087479,51.502184],[-0.087647,51.502161],[-0.087624,51.502095],[-0.087659,51.502091],[-0.087637,51.502032],[-0.08746,51.502058],[-0.087462,51.502061],[-0.087455,51.502063],[-0.087348,51.502062],[-0.087359,51.502169]]]]},"properties":{"entry-date":"2025-05-21","entity":7010003787,"name":"MILLER OF MANSFIELD","dataset":"article-4-direction-area","typology":"geography","reference":"371","prefix":"article-4-direction-area","organisation-entity":329,"quality":"authoritative","notes":"Change of use, demolition or alteration of pubs is restricted","description":"371","article-4-direction":"371","permitted-development-rights":"None given","in_zone":true,"whole_in_zone":true,"in_cw":false,"organisation":"London Borough of Southwark"}},
{"type":"Feature","geometry":{"type":"MultiPolygon","coordinates":[[[[-0.094698,51.50387],[-0.094835,51.503892],[-0.094855,51.503885],[-0.094912,51.50377],[-0.094835,51.503756],[-0.094853,51.50372],[-0.094782,51.503707],[-0.094698,51.50387]]]]},"properties":{"entry-date":"2025-05-21","entity":7010003788,"name":"ROSE & CROWN","dataset":"article-4-direction-area","typology":"geography","reference":"372","prefix":"article-4-direction-area","organisation-entity":329,"quality":"authoritative","notes":"Change of use, demolition or alteration of pubs is restricted","description":"372","article-4-direction":"372","permitted-development-rights":"None given","in_zone":true,"whole_in_zone":true,"in_cw":false,"organisation":"London Borough of Southwark"}},
{"type":"Feature","geometry":{"type":"MultiPolygon","coordinates":[[[[-0.090309,51.474154],[-0.09042,51.474164],[-0.090436,51.474032],[-0.09042,51.474018],[-0.090334,51.474012],[-0.090309,51.474154]]]]},"properties":{"entry-date":"2025-05-21","entity":7010003789,"name":"Stormbird","dataset":"article-4-direction-area","typology":"geography","reference":"373","prefix":"article-4-direction-area","organisation-entity":329,"quality":"authoritative","notes":"Change of use, demolition or alteration of pubs is restricted","description":"373","article-4-direction":"373","permitted-development-rights":"None given","in_zone":true,"whole_in_zone":true,"in_cw":false,"organisation":"London Borough of Southwark"}},
{"type":"Feature","geometry":{"type":"MultiPolygon","coordinates":[[[[-0.074217,51.486848],[-0.074416,51.486664],[-0.074344,51.486633],[-0.074308,51.486628],[-0.074256,51.486625],[-0.074231,51.486648],[-0.074208,51.48664],[-0.074165,51.486683],[-0.074168,51.486683],[-0.074108,51.486742],[-0.074102,51.486756],[-0.074101,51.48678],[-0.074103,51.486793],[-0.074107,51.486802],[-0.074217,51.486848]]]]},"properties":{"entry-date":"2025-05-21","entity":7010003791,"name":"THE LORD NELSON","dataset":"article-4-direction-area","typology":"geography","reference":"375","prefix":"article-4-direction-area","organisation-entity":329,"quality":"authoritative","notes":"Change of use, demolition or alteration of pubs is restricted","description":"375","article-4-direction":"375","permitted-development-rights":"None given","in_zone":true,"whole_in_zone":true,"in_cw":false,"organisation":"London Borough of Southwark"}},
{"type":"Feature","geometry":{"type":"MultiPolygon","coordinates":[[[[-0.091214,51.505352],[-0.091281,51.505404],[-0.091306,51.50541],[-0.091453,51.505359],[-0.091355,51.505282],[-0.091214,51.505352]]]]},"properties":{"entry-date":"2025-05-21","entity":7010003792,"name":"THE MARKET PORTER","dataset":"article-4-direction-area","typology":"geography","reference":"376","prefix":"article-4-direction-area","organisation-entity":329,"quality":"authoritative","notes":"Change of use, demolition or alteration of pubs is restricted","description":"376","article-4-direction":"376","permitted-development-rights":"None given","in_zone":true,"whole_in_zone":true,"in_cw":false,"organisation":"London Borough of Southwark"}},
{"type":"Feature","geometry":{"type":"MultiPolygon","coordinates":[[[[-0.094219,51.487834],[-0.094337,51.48797],[-0.09445,51.487933],[-0.094372,51.487839],[-0.094348,51.487847],[-0.094336,51.487834],[-0.09436,51.487825],[-0.094334,51.487795],[-0.094219,51.487834]]]]},"properties":{"entry-date":"2025-05-21","entity":7010003793,"name":"The Good Intent P H","dataset":"article-4-direction-area","typology":"geography","reference":"377","prefix":"article-4-direction-area","organisation-entity":329,"quality":"authoritative","notes":"Change of use, demolition or alteration of pubs is restricted","description":"377","article-4-direction":"377","permitted-development-rights":"None given","in_zone":true,"whole_in_zone":true,"in_cw":false,"organisation":"London Borough of Southwark"}},
{"type":"Feature","geometry":{"type":"MultiPolygon","coordinates":[[[[-0.076488,51.503259],[-0.076704,51.503312],[-0.076751,51.503243],[-0.076556,51.503194],[-0.076488,51.503259]]]]},"properties":{"entry-date":"2025-05-21","entity":7010003797,"name":"THE BRIDGE HOUSE","dataset":"article-4-direction-area","typology":"geography","reference":"381","prefix":"article-4-direction-area","organisation-entity":329,"quality":"authoritative","notes":"Change of use, demolition or alteration of pubs is restricted","description":"381","article-4-direction":"381","permitted-development-rights":"None given","in_zone":true,"whole_in_zone":true,"in_cw":false,"organisation":"London Borough of Southwark"}},
{"type":"Feature","geometry":{"type":"MultiPolygon","coordinates":[[[[-0.049687,51.494714],[-0.049753,51.494742],[-0.049815,51.494686],[-0.049848,51.4947],[-0.049814,51.494729],[-0.049847,51.494744],[-0.049873,51.494722],[-0.049891,51.494729],[-0.049908,51.494716],[-0.049942,51.494731],[-0.050036,51.494675],[-0.049878,51.494601],[-0.049854,51.4946],[-0.049736,51.494697],[-0.049718,51.494689],[-0.049687,51.494714]]]]},"properties":{"entry-date":"2025-05-21","entity":7010003799,"name":"CHINA HALL","dataset":"article-4-direction-area","typology":"geography","reference":"383","prefix":"article-4-direction-area","organisation-entity":329,"quality":"authoritative","notes":"Change of use, demolition or alteration of pubs is restricted","description":"383","article-4-direction":"383","permitted-development-rights":"None given","in_zone":true,"whole_in_zone":true,"in_cw":false,"organisation":"London Borough of Southwark"}},
{"type":"Feature","geometry":{"type":"MultiPolygon","coordinates":[[[[-0.055103,51.500586],[-0.05505,51.500553],[-0.05503,51.500558],[-0.05499,51.500516],[-0.054958,51.500525],[-0.054954,51.500522],[-0.054885,51.500548],[-0.054889,51.500554],[-0.054858,51.500565],[-0.054897,51.500607],[-0.054884,51.500612],[-0.054901,51.500658],[-0.054987,51.500628],[-0.055,51.500643],[-0.055032,51.500632],[-0.055019,51.500617],[-0.055103,51.500586]]]]},"properties":{"entry-date":"2025-05-21","entity":7010003800,"name":"The Ship","dataset":"article-4-direction-area","typology":"geography","reference":"384","prefix":"article-4-direction-area","organisation-entity":329,"quality":"authoritative","notes":"Change of use, demolition or alteration of pubs is restricted","description":"384","article-4-direction":"384","permitted-development-rights":"None given","in_zone":true,"whole_in_zone":true,"in_cw":false,"organisation":"London Borough of Southwark"}},
{"type":"Feature","geometry":{"type":"MultiPolygon","coordinates":[[[[-0.093131,51.507433],[-0.093292,51.507238],[-0.093214,51.507214],[-0.093256,51.507159],[-0.093206,51.507145],[-0.09318,51.50718],[-0.093155,51.507171],[-0.09314,51.507189],[-0.093122,51.507182],[-0.093124,51.507178],[-0.093046,51.507151],[-0.093026,51.507175],[-0.093003,51.507167],[-0.092993,51.507178],[-0.092942,51.507162],[-0.092935,51.507172],[-0.092822,51.507148],[-0.092803,51.507213],[-0.092798,51.507244],[-0.092793,51.50731],[-0.093131,51.507433]]]]},"properties":{"entry-date":"2025-05-21","entity":7010003801,"name":"THE ANCHOR BANKSIDE","dataset":"article-4-direction-area","typology":"geography","reference":"385","prefix":"article-4-direction-area","organisation-entity":329,"quality":"authoritative","notes":"Change of use, demolition or alteration of pubs is restricted","description":"385","article-4-direction":"385","permitted-development-rights":"None given","in_zone":true,"whole_in_zone":true,"in_cw":false,"organisation":"London Borough of Southwark"}},
{"type":"Feature","geometry":{"type":"MultiPolygon","coordinates":[[[[-0.07566,51.501471],[-0.075693,51.501507],[-0.075712,51.501516],[-0.075703,51.501527],[-0.075724,51.501575],[-0.075779,51.501599],[-0.075895,51.501496],[-0.075743,51.50143],[-0.075711,51.501428],[-0.07566,51.501471]]]]},"properties":{"entry-date":"2025-05-21","entity":7010003802,"name":"Kings Arms","dataset":"article-4-direction-area","typology":"geography","reference":"386","prefix":"article-4-direction-area","organisation-entity":329,"quality":"authoritative","notes":"Change of use, demolition or alteration of pubs is restricted","description":"386","article-4-direction":"386","permitted-development-rights":"None given","in_zone":true,"whole_in_zone":true,"in_cw":false,"organisation":"London Borough of Southwark"}},
{"type":"Feature","geometry":{"type":"MultiPolygon","coordinates":[[[[-0.047418,51.492909],[-0.04745,51.492885],[-0.04747,51.492872],[-0.047499,51.492857],[-0.047589,51.492815],[-0.047532,51.492767],[-0.047362,51.492841],[-0.047418,51.492909]]]]},"properties":{"entry-date":"2025-05-21","entity":7010003803,"name":"WHELAN'S FREE HOUSE","dataset":"article-4-direction-area","typology":"geography","reference":"387","prefix":"article-4-direction-area","organisation-entity":329,"quality":"authoritative","notes":"Change of use, demolition or alteration of pubs is restricted","description":"387","article-4-direction":"387","permitted-development-rights":"None given","in_zone":true,"whole_in_zone":true,"in_cw":false,"organisation":"London Borough of Southwark"}},
{"type":"Feature","geometry":{"type":"MultiPolygon","coordinates":[[[[-0.087881,51.496482],[-0.08797,51.49655],[-0.088016,51.496528],[-0.088027,51.496536],[-0.088074,51.496512],[-0.088078,51.496514],[-0.088146,51.496482],[-0.088041,51.496402],[-0.087881,51.496482]]]]},"properties":{"entry-date":"2025-05-21","entity":7010003804,"name":"Black Horse","dataset":"article-4-direction-area","typology":"geography","reference":"388","prefix":"article-4-direction-area","organisation-entity":329,"quality":"authoritative","notes":"Change of use, demolition or alteration of pubs is restricted","description":"388","article-4-direction":"388","permitted-development-rights":"None given","in_zone":true,"whole_in_zone":true,"in_cw":false,"organisation":"London Borough of Southwark"}},
{"type":"Feature","geometry":{"type":"MultiPolygon","coordinates":[[[[-0.084618,51.500454],[-0.084738,51.500469],[-0.084799,51.500336],[-0.084681,51.500315],[-0.084618,51.500454]]]]},"properties":{"entry-date":"2025-05-21","entity":7010003805,"name":"THE LEATHER EXCHANGE","dataset":"article-4-direction-area","typology":"geography","reference":"389","prefix":"article-4-direction-area","organisation-entity":329,"quality":"authoritative","notes":"Change of use, demolition or alteration of pubs is restricted","description":"389","article-4-direction":"389","permitted-development-rights":"None given","in_zone":true,"whole_in_zone":true,"in_cw":false,"organisation":"London Borough of Southwark"}},
{"type":"Feature","geometry":{"type":"MultiPolygon","coordinates":[[[[-0.089093,51.505002],[-0.089218,51.505054],[-0.089319,51.504956],[-0.08929,51.504945],[-0.089268,51.504968],[-0.089168,51.504929],[-0.089093,51.505002]]]]},"properties":{"entry-date":"2025-05-21","entity":7010003809,"name":"Bunch of Grapes","dataset":"article-4-direction-area","typology":"geography","reference":"393","prefix":"article-4-direction-area","organisation-entity":329,"quality":"authoritative","notes":"Change of use, demolition or alteration of pubs is restricted","description":"393","article-4-direction":"393","permitted-development-rights":"None given","in_zone":true,"whole_in_zone":true,"in_cw":false,"organisation":"London Borough of Southwark"}},
{"type":"Feature","geometry":{"type":"MultiPolygon","coordinates":[[[[-0.075812,51.503569],[-0.075948,51.503621],[-0.075982,51.503613],[-0.076064,51.503521],[-0.075992,51.503489],[-0.07595,51.503476],[-0.075934,51.503494],[-0.075899,51.503481],[-0.075812,51.503569]]]]},"properties":{"entry-date":"2025-05-21","entity":7010003810,"name":"Anchor Tap","dataset":"article-4-direction-area","typology":"geography","reference":"394","prefix":"article-4-direction-area","organisation-entity":329,"quality":"authoritative","notes":"Change of use, demolition or alteration of pubs is restricted","description":"394","article-4-direction":"394","permitted-development-rights":"None given","in_zone":true,"whole_in_zone":true,"in_cw":false,"organisation":"London Borough of Southwark"}},
{"type":"Feature","geometry":{"type":"MultiPolygon","coordinates":[[[[-0.088235,51.506496],[-0.088365,51.506511],[-0.088379,51.506477],[-0.08825,51.506461],[-0.088235,51.506496]]]]},"properties":{"entry-date":"2025-05-21","entity":7010003815,"name":"THE MUG HOUSE","dataset":"article-4-direction-area","typology":"geography","reference":"399","prefix":"article-4-direction-area","organisation-entity":329,"quality":"authoritative","notes":"Change of use, demolition or alteration of pubs is restricted","description":"399","article-4-direction":"399","permitted-development-rights":"None given","in_zone":true,"whole_in_zone":true,"in_cw":false,"organisation":"London Borough of Southwark"}},
{"type":"Feature","geometry":{"type":"MultiPolygon","coordinates":[[[[-0.083493,51.495391],[-0.083586,51.495335],[-0.083587,51.495315],[-0.083464,51.495238],[-0.083433,51.495259],[-0.083403,51.495239],[-0.083449,51.495212],[-0.083358,51.495155],[-0.083331,51.495171],[-0.083316,51.495162],[-0.083268,51.495191],[-0.08329,51.495206],[-0.083241,51.495235],[-0.083294,51.49527],[-0.083297,51.495268],[-0.083493,51.495391]]]]},"properties":{"entry-date":"2025-05-21","entity":7010003816,"name":"THE GEORGE","dataset":"article-4-direction-area","typology":"geography","reference":"400","prefix":"article-4-direction-area","organisation-entity":329,"quality":"authoritative","notes":"Change of use, demolition or alteration of pubs is restricted","description":"400","article-4-direction":"400","permitted-development-rights":"None given","in_zone":true,"whole_in_zone":true,"in_cw":false,"organisation":"London Borough of Southwark"}},
{"type":"Feature","geometry":{"type":"MultiPolygon","coordinates":[[[[-0.062536,51.492349],[-0.062521,51.49245],[-0.062525,51.49246],[-0.062556,51.492512],[-0.062767,51.492501],[-0.062678,51.492369],[-0.062672,51.492362],[-0.062657,51.492356],[-0.062536,51.492349]]]]},"properties":{"entry-date":"2025-05-21","entity":7010003817,"name":"THE BLUE ANCHOR P H","dataset":"article-4-direction-area","typology":"geography","reference":"401","prefix":"article-4-direction-area","organisation-entity":329,"quality":"authoritative","notes":"Change of use, demolition or alteration of pubs is restricted","description":"401","article-4-direction":"401","permitted-development-rights":"None given","in_zone":true,"whole_in_zone":true,"in_cw":false,"organisation":"London Borough of Southwark"}},
{"type":"Feature","geometry":{"type":"MultiPolygon","coordinates":[[[[-0.090526,51.507097],[-0.090986,51.507172],[-0.091075,51.506985],[-0.09107,51.506983],[-0.091061,51.506998],[-0.091038,51.506994],[-0.091041,51.506986],[-0.091019,51.506981],[-0.091013,51.506996],[-0.090796,51.506953],[-0.090807,51.506932],[-0.09058,51.506894],[-0.090569,51.506935],[-0.090563,51.506979],[-0.090526,51.507097]]]]},"properties":{"entry-date":"2025-05-21","entity":7010003818,"name":"OLD THAMESIDE INN","dataset":"article-4-direction-area","typology":"geography","reference":"402","prefix":"article-4-direction-area","organisation-entity":329,"quality":"authoritative","notes":"Change of use, demolition or alteration of pubs is restricted","description":"402","article-4-direction":"402","permitted-development-rights":"None given","in_zone":true,"whole_in_zone":true,"in_cw":false,"organisation":"London Borough of Southwark"}},
{"type":"Feature","geometry":{"type":"MultiPolygon","coordinates":[[[[-0.047433,51.504691],[-0.047473,51.504696],[-0.047462,51.504725],[-0.047517,51.50476],[-0.0475,51.504772],[-0.047545,51.504799],[-0.047665,51.504726],[-0.047613,51.504692],[-0.047651,51.50459],[-0.047723,51.504575],[-0.047673,51.504489],[-0.047538,51.50452],[-0.047528,51.504546],[-0.047489,51.50454],[-0.047433,51.504691]]]]},"properties":{"entry-date":"2025-05-21","entity":7010003819,"name":"The Salt Quay","dataset":"article-4-direction-area","typology":"geography","reference":"403","prefix":"article-4-direction-area","organisation-entity":329,"quality":"authoritative","notes":"Change of use, demolition or alteration of pubs is restricted","description":"403","article-4-direction":"403","permitted-development-rights":"None given","in_zone":true,"whole_in_zone":true,"in_cw":false,"organisation":"London Borough of Southwark"}},
{"type":"Feature","geometry":{"type":"MultiPolygon","coordinates":[[[[-0.084428,51.479967],[-0.084458,51.47991],[-0.084506,51.47992],[-0.08449,51.479948],[-0.08452,51.479954],[-0.084546,51.4799],[-0.084575,51.479856],[-0.084283,51.479859],[-0.084278,51.479931],[-0.084279,51.479934],[-0.084285,51.47994],[-0.084428,51.479967]]]]},"properties":{"entry-date":"2025-05-21","entity":7010003824,"name":"ST GEORGES TAVERN","dataset":"article-4-direction-area","typology":"geography","reference":"408","prefix":"article-4-direction-area","organisation-entity":329,"quality":"authoritative","notes":"Change of use, demolition or alteration of pubs is restricted","description":"408","article-4-direction":"408","permitted-development-rights":"None given","in_zone":true,"whole_in_zone":true,"in_cw":false,"organisation":"London Borough of Southwark"}},
{"type":"Feature","geometry":{"type":"MultiPolygon","coordinates":[[[[-0.064988,51.478808],[-0.065012,51.47887],[-0.065084,51.478859],[-0.065089,51.478873],[-0.06525,51.47885],[-0.065226,51.478788],[-0.065196,51.478774],[-0.064988,51.478808]]]]},"properties":{"entry-date":"2025-05-21","entity":7010003828,"name":"Duke of Sussex","dataset":"article-4-direction-area","typology":"geography","reference":"412","prefix":"article-4-direction-area","organisation-entity":329,"quality":"authoritative","notes":"Change of use, demolition or alteration of pubs is restricted","description":"412","article-4-direction":"412","permitted-development-rights":"None given","in_zone":true,"whole_in_zone":true,"in_cw":false,"organisation":"London Borough of Southwark"}},
{"type":"Feature","geometry":{"type":"MultiPolygon","coordinates":[[[[-0.088524,51.494851],[-0.088649,51.494966],[-0.088709,51.49494],[-0.088679,51.494918],[-0.088649,51.494933],[-0.088638,51.494925],[-0.088823,51.49484],[-0.088745,51.494773],[-0.088708,51.494772],[-0.088524,51.494851]]]]},"properties":{"entry-date":"2025-05-21","entity":7010003829,"name":"Spit and Sawdust (formerly THE BEEHIVE)","dataset":"article-4-direction-area","typology":"geography","reference":"413","prefix":"article-4-direction-area","organisation-entity":329,"quality":"authoritative","notes":"Change of use, demolition or alteration of pubs is restricted","description":"413","article-4-direction":"413","permitted-development-rights":"None given","in_zone":true,"whole_in_zone":true,"in_cw":false,"organisation":"London Borough of Southwark"}},
{"type":"Feature","geometry":{"type":"MultiPolygon","coordinates":[[[[-0.044349,51.491407],[-0.044398,51.491441],[-0.044623,51.491318],[-0.044611,51.49131],[-0.044597,51.491317],[-0.044592,51.491314],[-0.044582,51.491319],[-0.044571,51.491311],[-0.044621,51.491283],[-0.044601,51.49127],[-0.044349,51.491407]]]]},"properties":{"entry-date":"2025-05-21","entity":7010003830,"name":"FARRIERS ARMS","dataset":"article-4-direction-area","typology":"geography","reference":"414","prefix":"article-4-direction-area","organisation-entity":329,"quality":"authoritative","notes":"Change of use, demolition or alteration of pubs is restricted","description":"414","article-4-direction":"414","permitted-development-rights":"None given","in_zone":true,"whole_in_zone":true,"in_cw":false,"organisation":"London Borough of Southwark"}},
{"type":"Feature","geometry":{"type":"MultiPolygon","coordinates":[[[[-0.066342,51.497547],[-0.066365,51.497606],[-0.066617,51.497567],[-0.06658,51.497471],[-0.066532,51.497478],[-0.066514,51.497432],[-0.06637,51.497453],[-0.066375,51.497466],[-0.066321,51.497474],[-0.066349,51.497546],[-0.066342,51.497547]]]]},"properties":{"entry-date":"2025-05-21","entity":7010003831,"name":"The Gregorian","dataset":"article-4-direction-area","typology":"geography","reference":"415","prefix":"article-4-direction-area","organisation-entity":329,"quality":"authoritative","notes":"Change of use, demolition or alteration of pubs is restricted","description":"415","article-4-direction":"415","permitted-development-rights":"None given","in_zone":true,"whole_in_zone":true,"in_cw":false,"organisation":"London Borough of Southwark"}},
{"type":"Feature","geometry":{"type":"MultiPolygon","coordinates":[[[[-0.090829,51.502913],[-0.09095,51.502963],[-0.090951,51.502965],[-0.090957,51.502967],[-0.090968,51.502967],[-0.090975,51.502965],[-0.09099,51.502953],[-0.091033,51.502906],[-0.091037,51.502899],[-0.090982,51.502876],[-0.090969,51.502888],[-0.090885,51.502858],[-0.090829,51.502913]]]]},"properties":{"entry-date":"2025-05-21","entity":7010003834,"name":"THE KINGS ARMS PUBLIC HOUSE","dataset":"article-4-direction-area","typology":"geography","reference":"418","prefix":"article-4-direction-area","organisation-entity":329,"quality":"authoritative","notes":"Change of use, demolition or alteration of pubs is restricted","description":"418","article-4-direction":"418","permitted-development-rights":"None given","in_zone":true,"whole_in_zone":true,"in_cw":false,"organisation":"London Borough of Southwark"}},
{"type":"Feature","geometry":{"type":"MultiPolygon","coordinates":[[[[-0.085463,51.47865],[-0.085593,51.47865],[-0.085595,51.478635],[-0.085558,51.478629],[-0.085558,51.478577],[-0.085533,51.478576],[-0.085533,51.478555],[-0.085548,51.478562],[-0.085595,51.478517],[-0.085548,51.478496],[-0.085492,51.478494],[-0.085465,51.478504],[-0.085442,51.478529],[-0.085444,51.478638],[-0.085464,51.478639],[-0.085463,51.47865]]]]},"properties":{"entry-date":"2025-05-21","entity":7010003837,"name":"Flying Dutchman","dataset":"article-4-direction-area","typology":"geography","reference":"421","prefix":"article-4-direction-area","organisation-entity":329,"quality":"authoritative","notes":"Change of use, demolition or alteration of pubs is restricted","description":"421","article-4-direction":"421","permitted-development-rights":"None given","in_zone":true,"whole_in_zone":true,"in_cw":false,"organisation":"London Borough of Southwark"}},
{"type":"Feature","geometry":{"type":"MultiPolygon","coordinates":[[[[-0.058586,51.477311],[-0.0587,51.477292],[-0.058682,51.477217],[-0.058703,51.477213],[-0.058709,51.477195],[-0.05871,51.477164],[-0.058535,51.477192],[-0.058586,51.477311]]]]},"properties":{"entry-date":"2025-05-21","entity":7010003838,"name":"ASYLUM TAVERN","dataset":"article-4-direction-area","typology":"geography","reference":"422","prefix":"article-4-direction-area","organisation-entity":329,"quality":"authoritative","notes":"Change of use, demolition or alteration of pubs is restricted","description":"422","article-4-direction":"422","permitted-development-rights":"None given","in_zone":true,"whole_in_zone":true,"in_cw":false,"organisation":"London Borough of Southwark"}},
{"type":"Feature","geometry":{"type":"MultiPolygon","coordinates":[[[[-0.090875,51.504977],[-0.09086,51.504835],[-0.090782,51.504845],[-0.090744,51.504854],[-0.090726,51.504863],[-0.090714,51.504876],[-0.090712,51.504898],[-0.090728,51.504972],[-0.090799,51.50497],[-0.090875,51.504977]]]]},"properties":{"entry-date":"2025-05-21","entity":7010003841,"name":"THE SOUTHWARK TAVERN","dataset":"article-4-direction-area","typology":"geography","reference":"425","prefix":"article-4-direction-area","organisation-entity":329,"quality":"authoritative","notes":"Change of use, demolition or alteration of pubs is restricted","description":"425","article-4-direction":"425","permitted-development-rights":"None given","in_zone":true,"whole_in_zone":true,"in_cw":false,"organisation":"London Borough of Southwark"}},
{"type":"Feature","geometry":{"type":"MultiPolygon","coordinates":[[[[-0.065843,51.495488],[-0.065998,51.495472],[-0.065998,51.495481],[-0.066081,51.495472],[-0.066066,51.495418],[-0.066096,51.495414],[-0.066087,51.49538],[-0.066102,51.495379],[-0.066099,51.495363],[-0.065835,51.49539],[-0.065824,51.495395],[-0.065819,51.495402],[-0.065843,51.495488]]]]},"properties":{"entry-date":"2025-05-21","entity":7010003842,"name":"St James of Bermondsey","dataset":"article-4-direction-area","typology":"geography","reference":"426","prefix":"article-4-direction-area","organisation-entity":329,"quality":"authoritative","notes":"Change of use, demolition or alteration of pubs is restricted","description":"426","article-4-direction":"426","permitted-development-rights":"None given","in_zone":true,"whole_in_zone":true,"in_cw":false,"organisation":"London Borough of Southwark"}},
{"type":"Feature","geometry":{"type":"MultiPolygon","coordinates":[[[[-0.082932,51.505883],[-0.083171,51.505959],[-0.0832,51.505954],[-0.083329,51.505805],[-0.083346,51.505789],[-0.083334,51.505784],[-0.083361,51.505762],[-0.083376,51.505767],[-0.083487,51.505677],[-0.083477,51.505673],[-0.083501,51.50565],[-0.083385,51.505595],[-0.083357,51.505616],[-0.0833,51.50559],[-0.083188,51.505679],[-0.083213,51.505693],[-0.08319,51.505714],[-0.08316,51.505703],[-0.082932,51.505883]]]]},"properties":{"entry-date":"2025-05-21","entity":7010003843,"name":"THE HORNIMAN AT HAYS","dataset":"article-4-direction-area","typology":"geography","reference":"427","prefix":"article-4-direction-area","organisation-entity":329,"quality":"authoritative","notes":"Change of use, demolition or alteration of pubs is restricted","description":"427","article-4-direction":"427","permitted-development-rights":"None given","in_zone":true,"whole_in_zone":true,"in_cw":false,"organisation":"London Borough of Southwark"}},
{"type":"Feature","geometry":{"type":"MultiPolygon","coordinates":[[[[-0.089841,51.505536],[-0.090013,51.505512],[-0.090023,51.505501],[-0.089936,51.505448],[-0.089926,51.505445],[-0.089907,51.505444],[-0.089886,51.505445],[-0.089865,51.505449],[-0.089854,51.505455],[-0.089813,51.505491],[-0.089806,51.505507],[-0.089814,51.505523],[-0.089827,51.505532],[-0.089841,51.505536]]]]},"properties":{"entry-date":"2025-05-21","entity":7010003846,"name":"The Globe Tavern","dataset":"article-4-direction-area","typology":"geography","reference":"430","prefix":"article-4-direction-area","organisation-entity":329,"quality":"authoritative","notes":"Change of use, demolition or alteration of pubs is restricted","description":"430","article-4-direction":"430","permitted-development-rights":"None given","in_zone":true,"whole_in_zone":true,"in_cw":false,"organisation":"London Borough of Southwark"}},
{"type":"Feature","geometry":{"type":"MultiPolygon","coordinates":[[[[-0.091712,51.502543],[-0.091876,51.502583],[-0.091991,51.502623],[-0.092028,51.502618],[-0.092049,51.502583],[-0.091735,51.502504],[-0.091712,51.502543]]]]},"properties":{"entry-date":"2025-05-21","entity":7010003847,"name":"Blue Eyed Maid","dataset":"article-4-direction-area","typology":"geography","reference":"431","prefix":"article-4-direction-area","organisation-entity":329,"quality":"authoritative","notes":"Change of use, demolition or alteration of pubs is restricted","description":"431","article-4-direction":"431","permitted-development-rights":"None given","in_zone":true,"whole_in_zone":true,"in_cw":false,"organisation":"London Borough of Southwark"}},
{"type":"Feature","geometry":{"type":"MultiPolygon","coordinates":[[[[-0.088922,51.506482],[-0.089003,51.506497],[-0.089014,51.506473],[-0.089055,51.50648],[-0.089134,51.506309],[-0.089097,51.506302],[-0.089106,51.506282],[-0.089021,51.506267],[-0.088922,51.506482]]]]},"properties":{"entry-date":"2025-05-21","entity":7010003848,"name":"THE MUDLARK","dataset":"article-4-direction-area","typology":"geography","reference":"432","prefix":"article-4-direction-area","organisation-entity":329,"quality":"authoritative","notes":"Change of use, demolition or alteration of pubs is restricted","description":"432","article-4-direction":"432","permitted-development-rights":"None given","in_zone":true,"whole_in_zone":true,"in_cw":false,"organisation":"London Borough of Southwark"}},
{"type":"Feature","geometry":{"type":"MultiPolygon","coordinates":[[[[-0.046323,51.493011],[-0.046506,51.49312],[-0.046561,51.4931],[-0.046545,51.493022],[-0.046415,51.492948],[-0.046323,51.493011]]]]},"properties":{"entry-date":"2025-05-21","entity":7010003849,"name":"SURREY DOCKS","dataset":"article-4-direction-area","typology":"geography","reference":"433","prefix":"article-4-direction-area","organisation-entity":329,"quality":"authoritative","notes":"Change of use, demolition or alteration of pubs is restricted","description":"433","article-4-direction":"433","permitted-development-rights":"None given","in_zone":true,"whole_in_zone":true,"in_cw":false,"organisation":"London Borough of Southwark"}},
{"type":"Feature","geometry":{"type":"MultiPolygon","coordinates":[[[[-0.093633,51.501105],[-0.093775,51.501176],[-0.093784,51.501168],[-0.093826,51.501187],[-0.093829,51.501187],[-0.093863,51.501201],[-0.093874,51.501191],[-0.093956,51.501139],[-0.093757,51.501028],[-0.093633,51.501105]]]]},"properties":{"entry-date":"2025-05-21","entity":7010003850,"name":"TRINITY","dataset":"article-4-direction-area","typology":"geography","reference":"434","prefix":"article-4-direction-area","organisation-entity":329,"quality":"authoritative","notes":"Change of use, demolition or alteration of pubs is restricted","description":"434","article-4-direction":"434","permitted-development-rights":"None given","in_zone":true,"whole_in_zone":true,"in_cw":false,"organisation":"London Borough of Southwark"}},
{"type":"Feature","geometry":{"type":"MultiPolygon","coordinates":[[[[-0.050893,51.501335],[-0.050961,51.501389],[-0.051091,51.50132],[-0.051068,51.501302],[-0.051084,51.501293],[-0.051089,51.501296],[-0.051138,51.501272],[-0.051097,51.501244],[-0.05107,51.501257],[-0.051043,51.501238],[-0.050894,51.501317],[-0.050893,51.501335]]]]},"properties":{"entry-date":"2025-05-21","entity":7010003853,"name":"The Brunel","dataset":"article-4-direction-area","typology":"geography","reference":"437","prefix":"article-4-direction-area","organisation-entity":329,"quality":"authoritative","notes":"Change of use, demolition or alteration of pubs is restricted","description":"437","article-4-direction":"437","permitted-development-rights":"None given","in_zone":true,"whole_in_zone":true,"in_cw":false,"organisation":"London Borough of Southwark"}},
{"type":"Feature","geometry":{"type":"MultiPolygon","coordinates":[[[[-0.089735,51.504141],[-0.090248,51.50429],[-0.090298,51.504242],[-0.090106,51.504183],[-0.090113,51.504172],[-0.090055,51.504156],[-0.090049,51.504163],[-0.089777,51.504084],[-0.089735,51.504141]]]]},"properties":{"entry-date":"2025-05-21","entity":7010003859,"name":"The George Inn","dataset":"article-4-direction-area","typology":"geography","reference":"443","prefix":"article-4-direction-area","organisation-entity":329,"quality":"authoritative","notes":"Change of use, demolition or alteration of pubs is restricted","description":"443","article-4-direction":"443","permitted-development-rights":"None given","in_zone":true,"whole_in_zone":true,"in_cw":false,"organisation":"London Borough of Southwark"}},
{"type":"Feature","geometry":{"type":"MultiPolygon","coordinates":[[[[-0.076771,51.502928],[-0.076934,51.50297],[-0.077014,51.502851],[-0.077005,51.502832],[-0.076887,51.502796],[-0.076857,51.502802],[-0.076771,51.502928]]]]},"properties":{"entry-date":"2025-05-21","entity":7010003860,"name":"Draft House","dataset":"article-4-direction-area","typology":"geography","reference":"444","prefix":"article-4-direction-area","organisation-entity":329,"quality":"authoritative","notes":"Change of use, demolition or alteration of pubs is restricted","description":"444","article-4-direction":"444","permitted-development-rights":"None given","in_zone":true,"whole_in_zone":true,"in_cw":false,"organisation":"London Borough of Southwark"}},
{"type":"Feature","geometry":{"type":"MultiPolygon","coordinates":[[[[-0.081958,51.500817],[-0.082071,51.500799],[-0.082068,51.500787],[-0.082211,51.500755],[-0.0822,51.500732],[-0.082114,51.500751],[-0.082108,51.500741],[-0.082144,51.500733],[-0.082122,51.500696],[-0.082046,51.500712],[-0.081924,51.500731],[-0.081958,51.500817]]]]},"properties":{"entry-date":"2025-05-21","entity":7010003861,"name":"THE WOOLPACK","dataset":"article-4-direction-area","typology":"geography","reference":"445","prefix":"article-4-direction-area","organisation-entity":329,"quality":"authoritative","notes":"Change of use, demolition or alteration of pubs is restricted","description":"445","article-4-direction":"445","permitted-development-rights":"None given","in_zone":true,"whole_in_zone":true,"in_cw":false,"organisation":"London Borough of Southwark"}},
{"type":"Feature","geometry":{"type":"MultiPolygon","coordinates":[[[[-0.073538,51.499158],[-0.073603,51.499193],[-0.073628,51.499175],[-0.073635,51.499178],[-0.073649,51.499167],[-0.073693,51.499189],[-0.0738,51.499113],[-0.073755,51.499089],[-0.073778,51.499073],[-0.073727,51.499046],[-0.073713,51.499046],[-0.073707,51.499036],[-0.073627,51.499042],[-0.073626,51.499049],[-0.073606,51.499058],[-0.073571,51.499084],[-0.07359,51.499094],[-0.073543,51.499128],[-0.073563,51.499139],[-0.073538,51.499158]]]]},"properties":{"entry-date":"2025-05-21","entity":7010003863,"name":"MARQUIS OF WELLINGTON","dataset":"article-4-direction-area","typology":"geography","reference":"447","prefix":"article-4-direction-area","organisation-entity":329,"quality":"authoritative","notes":"Change of use, demolition or alteration of pubs is restricted","description":"447","article-4-direction":"447","permitted-development-rights":"None given","in_zone":true,"whole_in_zone":true,"in_cw":false,"organisation":"London Borough of Southwark"}},
{"type":"Feature","geometry":{"type":"MultiPolygon","coordinates":[[[[-0.091384,51.485848],[-0.091527,51.485813],[-0.091532,51.485799],[-0.091443,51.48566],[-0.091374,51.485678],[-0.091376,51.485683],[-0.091326,51.485696],[-0.09138,51.485789],[-0.091365,51.485792],[-0.091349,51.48579],[-0.091384,51.485848]]]]},"properties":{"entry-date":"2025-05-21","entity":7010003866,"name":"Queen Elizabeth PH","dataset":"article-4-direction-area","typology":"geography","reference":"450","prefix":"article-4-direction-area","organisation-entity":329,"quality":"authoritative","notes":"Change of use, demolition or alteration of pubs is restricted","description":"450","article-4-direction":"450","permitted-development-rights":"None given","in_zone":true,"whole_in_zone":true,"in_cw":false,"organisation":"London Borough of Southwark"}},
{"type":"Feature","geometry":{"type":"MultiPolygon","coordinates":[[[[-0.07502,51.502972],[-0.075122,51.503012],[-0.075213,51.502911],[-0.075122,51.502877],[-0.07502,51.502972]]]]},"properties":{"entry-date":"2025-05-21","entity":7010003869,"name":"Dean Swift","dataset":"article-4-direction-area","typology":"geography","reference":"453","prefix":"article-4-direction-area","organisation-entity":329,"quality":"authoritative","notes":"Change of use, demolition or alteration of pubs is restricted","description":"453","article-4-direction":"453","permitted-development-rights":"None given","in_zone":true,"whole_in_zone":true,"in_cw":false,"organisation":"London Borough of Southwark"}},
{"type":"Feature","geometry":{"type":"MultiPolygon","coordinates":[[[[-0.088649,51.506136],[-0.08856,51.506261],[-0.088534,51.506294],[-0.08872,51.506326],[-0.088732,51.5063],[-0.088783,51.506309],[-0.088825,51.506226],[-0.088848,51.506229],[-0.088871,51.506194],[-0.088649,51.506136]]]]},"properties":{"entry-date":"2025-05-21","entity":7010003870,"name":"BARROW BOY & BANKER","dataset":"article-4-direction-area","typology":"geography","reference":"454","prefix":"article-4-direction-area","organisation-entity":329,"quality":"authoritative","notes":"Change of use, demolition or alteration of pubs is restricted","description":"454","article-4-direction":"454","permitted-development-rights":"None given","in_zone":true,"whole_in_zone":true,"in_cw":false,"organisation":"London Borough of Southwark"}},
{"type":"Feature","geometry":{"type":"MultiPolygon","coordinates":[[[[-0.081539,51.50076],[-0.081544,51.500773],[-0.081727,51.500759],[-0.081747,51.500741],[-0.081724,51.500675],[-0.081514,51.500694],[-0.081532,51.500744],[-0.081557,51.500742],[-0.081563,51.500764],[-0.081553,51.500765],[-0.08155,51.500759],[-0.081539,51.50076]]]]},"properties":{"entry-date":"2025-05-21","entity":7010003871,"name":"The Rake","dataset":"article-4-direction-area","typology":"geography","reference":"455","prefix":"article-4-direction-area","organisation-entity":329,"quality":"authoritative","notes":"Change of use, demolition or alteration of pubs is restricted","description":"455","article-4-direction":"455","permitted-development-rights":"None given","in_zone":true,"whole_in_zone":true,"in_cw":false,"organisation":"London Borough of Southwark"}},
{"type":"Feature","geometry":{"type":"MultiPolygon","coordinates":[[[[-0.091312,51.506212],[-0.091328,51.506152],[-0.09132,51.50615],[-0.091328,51.506123],[-0.091222,51.506117],[-0.091206,51.5062],[-0.091312,51.506212]]]]},"properties":{"entry-date":"2025-05-21","entity":7010003872,"name":"The Garrison","dataset":"article-4-direction-area","typology":"geography","reference":"456","prefix":"article-4-direction-area","organisation-entity":329,"quality":"authoritative","notes":"Change of use, demolition or alteration of pubs is restricted","description":"456","article-4-direction":"456","permitted-development-rights":"None given","in_zone":true,"whole_in_zone":true,"in_cw":false,"organisation":"London Borough of Southwark"}},
{"type":"Feature","geometry":{"type":"MultiPolygon","coordinates":[[[[-0.093601,51.474299],[-0.093479,51.474256],[-0.093454,51.474313],[-0.093435,51.474324],[-0.093451,51.474333],[-0.093457,51.474344],[-0.093457,51.474355],[-0.093447,51.474367],[-0.093467,51.474377],[-0.093466,51.474388],[-0.093474,51.474427],[-0.093589,51.474421],[-0.093575,51.474327],[-0.093601,51.474299]]]]},"properties":{"entry-date":"2025-05-21","entity":7010003875,"name":"Old Dispensary","dataset":"article-4-direction-area","typology":"geography","reference":"459","prefix":"article-4-direction-area","organisation-entity":329,"quality":"authoritative","notes":"Change of use, demolition or alteration of pubs is restricted","description":"459","article-4-direction":"459","permitted-development-rights":"None given","in_zone":true,"whole_in_zone":true,"in_cw":false,"organisation":"London Borough of Southwark"}},
{"type":"Feature","geometry":{"type":"MultiPolygon","coordinates":[[[[-0.084361,51.486518],[-0.084392,51.486506],[-0.084399,51.486513],[-0.084466,51.486481],[-0.084423,51.486445],[-0.084481,51.486418],[-0.08446,51.486401],[-0.084516,51.486377],[-0.084435,51.486309],[-0.084381,51.486334],[-0.084358,51.486316],[-0.084206,51.486388],[-0.084361,51.486518]]]]},"properties":{"entry-date":"2025-05-21","entity":7010003887,"name":"THE HOUR GLASS","dataset":"article-4-direction-area","typology":"geography","reference":"471","prefix":"article-4-direction-area","organisation-entity":329,"quality":"authoritative","notes":"Change of use, demolition or alteration of pubs is restricted","description":"471","article-4-direction":"471","permitted-development-rights":"None given","in_zone":true,"whole_in_zone":true,"in_cw":false,"organisation":"London Borough of Southwark"}},
{"type":"Feature","geometry":{"type":"MultiPolygon","coordinates":[[[[-0.090649,51.504524],[-0.090753,51.504553],[-0.090896,51.50436],[-0.090773,51.504326],[-0.090558,51.50449],[-0.090638,51.504532],[-0.090649,51.504524]]]]},"properties":{"entry-date":"2025-05-21","entity":7010003889,"name":"SLUG AND LETTUCE","dataset":"article-4-direction-area","typology":"geography","reference":"473","prefix":"article-4-direction-area","organisation-entity":329,"quality":"authoritative","notes":"Change of use, demolition or alteration of pubs is restricted","description":"473","article-4-direction":"473","permitted-development-rights":"None given","in_zone":true,"whole_in_zone":true,"in_cw":false,"organisation":"London Borough of Southwark"}},
{"type":"Feature","geometry":{"type":"MultiPolygon","coordinates":[[[[-0.034022,51.505197],[-0.034019,51.505113],[-0.033785,51.505118],[-0.033795,51.505149],[-0.033785,51.50515],[-0.033783,51.505195],[-0.033816,51.505197],[-0.033815,51.505209],[-0.034022,51.505197]]]]},"properties":{"entry-date":"2025-05-21","entity":7010003890,"name":"The Blacksmiths Arms","dataset":"article-4-direction-area","typology":"geography","reference":"474","prefix":"article-4-direction-area","organisation-entity":329,"quality":"authoritative","notes":"Change of use, demolition or alteration of pubs is restricted","description":"474","article-4-direction":"474","permitted-development-rights":"None given","in_zone":true,"whole_in_zone":true,"in_cw":false,"organisation":"London Borough of Southwark"}},
{"type":"Feature","geometry":{"type":"MultiPolygon","coordinates":[[[[-0.082857,51.495702],[-0.082986,51.495766],[-0.083029,51.495731],[-0.082948,51.495689],[-0.082936,51.495698],[-0.082909,51.495703],[-0.082908,51.49569],[-0.082876,51.495675],[-0.082868,51.495681],[-0.082876,51.495685],[-0.082857,51.495702]]]]},"properties":{"entry-date":"2025-05-21","entity":7010003891,"name":"Other Room","dataset":"article-4-direction-area","typology":"geography","reference":"475","prefix":"article-4-direction-area","organisation-entity":329,"quality":"authoritative","notes":"Change of use, demolition or alteration of pubs is restricted","description":"475","article-4-direction":"475","permitted-development-rights":"None given","in_zone":true,"whole_in_zone":true,"in_cw":false,"organisation":"London Borough of Southwark"}},
{"type":"Feature","geometry":{"type":"MultiPolygon","coordinates":[[[[-0.053961,51.478281],[-0.054096,51.478145],[-0.054061,51.478131],[-0.054095,51.478098],[-0.05394,51.478039],[-0.053916,51.478061],[-0.053897,51.478055],[-0.053789,51.4782],[-0.05379,51.478208],[-0.053796,51.478217],[-0.053961,51.478281]]]]},"properties":{"entry-date":"2025-05-21","entity":7010003892,"name":"Windsor","dataset":"article-4-direction-area","typology":"geography","reference":"476","prefix":"article-4-direction-area","organisation-entity":329,"quality":"authoritative","notes":"Change of use, demolition or alteration of pubs is restricted","description":"476","article-4-direction":"476","permitted-development-rights":"None given","in_zone":true,"whole_in_zone":true,"in_cw":false,"organisation":"London Borough of Southwark"}},
{"type":"Feature","geometry":{"type":"MultiPolygon","coordinates":[[[[-0.076557,51.488005],[-0.076689,51.488078],[-0.076844,51.487977],[-0.076872,51.487992],[-0.076905,51.487968],[-0.07682,51.487919],[-0.076802,51.48793],[-0.076737,51.487892],[-0.076557,51.488005]]]]},"properties":{"entry-date":"2025-05-21","entity":7010003893,"name":"Thomas A Becket","dataset":"article-4-direction-area","typology":"geography","reference":"477","prefix":"article-4-direction-area","organisation-entity":329,"quality":"authoritative","notes":"Change of use, demolition or alteration of pubs is restricted","description":"477","article-4-direction":"477","permitted-development-rights":"None given","in_zone":true,"whole_in_zone":true,"in_cw":false,"organisation":"London Borough of Southwark"}},
{"type":"Feature","geometry":{"type":"MultiPolygon","coordinates":[[[[-0.06065,51.480911],[-0.060819,51.480975],[-0.060856,51.480974],[-0.060968,51.480861],[-0.060985,51.480867],[-0.060998,51.480856],[-0.060981,51.480849],[-0.060996,51.480833],[-0.060947,51.480814],[-0.060929,51.480832],[-0.060914,51.480829],[-0.060866,51.480872],[-0.060849,51.480866],[-0.060879,51.480838],[-0.060892,51.480841],[-0.060917,51.480815],[-0.060907,51.480812],[-0.060925,51.480793],[-0.060945,51.480799],[-0.060956,51.480787],[-0.060823,51.480732],[-0.06065,51.480911]]]]},"properties":{"entry-date":"2025-05-21","entity":7010003894,"name":"Kentish Drovers","dataset":"article-4-direction-area","typology":"geography","reference":"478","prefix":"article-4-direction-area","organisation-entity":329,"quality":"authoritative","notes":"Change of use, demolition or alteration of pubs is restricted","description":"478","article-4-direction":"478","permitted-development-rights":"None given","in_zone":true,"whole_in_zone":true,"in_cw":false,"organisation":"London Borough of Southwark"}},
{"type":"Feature","geometry":{"type":"MultiPolygon","coordinates":[[[[-0.048845,51.493765],[-0.048785,51.493735],[-0.048724,51.493702],[-0.048539,51.493611],[-0.048455,51.493673],[-0.048448,51.493697],[-0.048597,51.493806],[-0.048685,51.493745],[-0.048738,51.49377],[-0.048803,51.493797],[-0.048845,51.493765]]]]},"properties":{"entry-date":"2025-05-21","entity":7010003895,"name":"The Caulkers (Yellow House)","dataset":"article-4-direction-area","typology":"geography","reference":"479","prefix":"article-4-direction-area","organisation-entity":329,"quality":"authoritative","notes":"Change of use, demolition or alteration of pubs is restricted","description":"479","article-4-direction":"479","permitted-development-rights":"None given","in_zone":true,"whole_in_zone":true,"in_cw":false,"organisation":"London Borough of Southwark"}},
{"type":"Feature","geometry":{"type":"MultiPolygon","coordinates":[[[[-0.111183,51.496539],[-0.111174,51.496519],[-0.111417,51.496449],[-0.110948,51.495578],[-0.110932,51.4955],[-0.110854,51.495459],[-0.11078,51.495446],[-0.110694,51.495425],[-0.110572,51.495388],[-0.110451,51.495349],[-0.110334,51.495306],[-0.108579,51.494683],[-0.107122,51.494161],[-0.106869,51.494077],[-0.106603,51.493982],[-0.106315,51.493894],[-0.106203,51.493857],[-0.105809,51.493737],[-0.105538,51.493661],[-0.105217,51.493587],[-0.104894,51.493528],[-0.104853,51.493527],[-0.104845,51.493508],[-0.104808,51.493505],[-0.104755,51.493327],[-0.104674,51.493072],[-0.104641,51.493021],[-0.104626,51.493013],[-0.104519,51.49293],[-0.10441,51.492763],[-0.104375,51.492732],[-0.104164,51.49239],[-0.10408,51.492249],[-0.103855,51.491966],[-0.103725,51.492011],[-0.103704,51.491995],[-0.103687,51.491998],[-0.103642,51.491946],[-0.103547,51.491872],[-0.103477,51.491826],[-0.103312,51.491749],[-0.103348,51.491713],[-0.103047,51.491523],[-0.10337,51.491321],[-0.103283,51.491259],[-0.103138,51.49117],[-0.103166,51.491125],[-0.103226,51.491058],[-0.10324,51.491023],[-0.103663,51.490581],[-0.103774,51.490461],[-0.103245,51.490197],[-0.102602,51.489867],[-0.102176,51.489661],[-0.101525,51.489307],[-0.101325,51.489479],[-0.100689,51.489661],[-0.100083,51.48985],[-0.099496,51.49004],[-0.099126,51.489636],[-0.098841,51.489312],[-0.098619,51.489055],[-0.098315,51.488725],[-0.097763,51.488993],[-0.097212,51.489231],[-0.096467,51.489508],[-0.093433,51.490478],[-0.092486,51.490722],[-0.090737,51.491218],[-0.090619,51.49127],[-0.090336,51.491109],[-0.090151,51.491142],[-0.090102,51.491159],[-0.090027,51.491339],[-0.089976,51.49141],[-0.089238,51.491278],[-0.089153,51.491469],[-0.088919,51.491513],[-0.089034,51.491757],[-0.088605,51.491858],[-0.088231,51.492033],[-0.08726,51.492391],[-0.086607,51.492778],[-0.085289,51.493582],[-0.084893,51.493805],[-0.085167,51.493942],[-0.085238,51.494014],[-0.085142,51.494137],[-0.08508,51.494237],[-0.085016,51.49437],[-0.084824,51.494687],[-0.084234,51.495036],[-0.083843,51.495285],[-0.083448,51.495546],[-0.083074,51.495844],[-0.082932,51.495961],[-0.082756,51.496125],[-0.08258,51.496274],[-0.082405,51.496387],[-0.082214,51.496501],[-0.082006,51.496607],[-0.081793,51.496695],[-0.080855,51.497126],[-0.08036,51.49735],[-0.08021,51.497423],[-0.080015,51.49751],[-0.080009,51.497515],[-0.079951,51.497541],[-0.079865,51.497623],[-0.079851,51.497639],[-0.079766,51.497705],[-0.079289,51.49871],[-0.078939,51.499464],[-0.078569,51.500217],[-0.078331,51.500816],[-0.078124,51.501231],[-0.07607,51.500158],[-0.07473,51.500521],[-0.073449,51.500291],[-0.072765,51.500182],[-0.07277,51.500185],[-0.072457,51.500477],[-0.071722,51.500865],[-0.071551,51.501013],[-0.070655,51.501744],[-0.070399,51.502035],[-0.070402,51.502038],[-0.069216,51.503414],[-0.069251,51.503423],[-0.069552,51.503513],[-0.069842,51.503605],[-0.070413,51.503792],[-0.070554,51.503841],[-0.070695,51.503885],[-0.070798,51.503926],[-0.070912,51.50398],[-0.071311,51.504175],[-0.071422,51.504232],[-0.071615,51.504327],[-0.071745,51.504389],[-0.071871,51.504445],[-0.072013,51.5045],[-0.072271,51.504605],[-0.072475,51.50469],[-0.072536,51.504718],[-0.072799,51.504822],[-0.072872,51.504848],[-0.072936,51.504873],[-0.073309,51.505],[-0.073356,51.505012],[-0.073449,51.505041],[-0.07365,51.5051],[-0.074105,51.505222],[-0.074319,51.505271],[-0.074389,51.505289],[-0.074637,51.505339],[-0.074839,51.505376],[-0.075069,51.505429],[-0.075575,51.505567],[-0.075864,51.505648],[-0.076311,51.505779],[-0.07643,51.505812],[-0.077165,51.506026],[-0.077723,51.506181],[-0.077847,51.506219],[-0.077954,51.506248],[-0.07836,51.506353],[-0.078929,51.506505],[-0.079105,51.50655],[-0.079439,51.506639],[-0.079558,51.506679],[-0.079703,51.506724],[-0.079937,51.506802],[-0.080054,51.506836],[-0.080115,51.506856],[-0.080183,51.506872],[-0.080233,51.506886],[-0.080452,51.506932],[-0.080535,51.506953],[-0.080657,51.506974],[-0.080898,51.507023],[-0.08124,51.507086],[-0.081417,51.507121],[-0.081535,51.507141],[-0.08195,51.507201],[-0.082142,51.507233],[-0.082356,51.507264],[-0.082542,51.507293],[-0.082636,51.507305],[-0.082903,51.507348],[-0.083598,51.507442],[-0.083868,51.507474],[-0.083971,51.507491],[-0.084086,51.507513],[-0.084268,51.507543],[-0.084459,51.507578],[-0.084946,51.507674],[-0.08543,51.507708],[-0.086356,51.507776],[-0.086632,51.507798],[-0.086896,51.507822],[-0.087406,51.507858],[-0.087777,51.507889],[-0.087944,51.507906],[-0.088059,51.50792],[-0.088167,51.50793],[-0.088489,51.507971],[-0.088839,51.50801],[-0.088975,51.508023],[-0.089628,51.508094],[-0.089853,51.50812],[-0.090036,51.508139],[-0.090472,51.50819],[-0.090964,51.508251],[-0.091777,51.508347],[-0.092121,51.50839],[-0.092204,51.508411],[-0.092413,51.50846],[-0.092826,51.508571],[-0.093028,51.508623],[-0.093741,51.508823],[-0.093869,51.508861],[-0.093999,51.508897],[-0.094136,51.508929],[-0.095335,51.509197],[-0.095682,51.509271],[-0.095847,51.509302],[-0.096169,51.509354],[-0.096638,51.509421],[-0.096967,51.509462],[-0.097294,51.509495],[-0.097786,51.509542],[-0.098593,51.509612],[-0.099091,51.509651],[-0.099224,51.509659],[-0.099274,51.509665],[-0.099393,51.509675],[-0.101097,51.50979],[-0.101209,51.509795],[-0.10243,51.509817],[-0.102682,51.509823],[-0.103274,51.509843],[-0.103621,51.509857],[-0.104145,51.509869],[-0.10416,51.509868],[-0.104168,51.509652],[-0.104115,51.509651],[-0.10407,51.509639],[-0.104045,51.509623],[-0.104075,51.509607],[-0.104135,51.509592],[-0.104174,51.509592],[-0.10418,51.50912],[-0.104131,51.509111],[-0.104089,51.509097],[-0.10408,51.509085],[-0.104092,51.509074],[-0.104124,51.509064],[-0.104164,51.509059],[-0.104184,51.509059],[-0.104184,51.508922],[-0.104198,51.508632],[-0.104169,51.508631],[-0.104168,51.50861],[-0.104144,51.508598],[-0.104147,51.508545],[-0.104179,51.508535],[-0.104176,51.508519],[-0.1042,51.508519],[-0.104206,51.508421],[-0.104468,51.508415],[-0.104684,51.508405],[-0.104678,51.508525],[-0.104696,51.508525],[-0.104696,51.508543],[-0.10472,51.508557],[-0.104717,51.508604],[-0.104699,51.508616],[-0.104698,51.508634],[-0.104673,51.508634],[-0.104662,51.50889],[-0.104652,51.50907],[-0.104665,51.50907],[-0.104713,51.509078],[-0.104742,51.509089],[-0.104763,51.5091],[-0.10475,51.509107],[-0.104709,51.50912],[-0.104671,51.509127],[-0.104655,51.509128],[-0.104634,51.5096],[-0.104669,51.509602],[-0.10471,51.50961],[-0.104725,51.509615],[-0.104753,51.50963],[-0.104718,51.509649],[-0.104689,51.509657],[-0.104673,51.509659],[-0.104634,51.50966],[-0.104625,51.509869],[-0.1055,51.50988],[-0.105986,51.509889],[-0.10682,51.509909],[-0.108195,51.509894],[-0.108469,51.509893],[-0.108827,51.509889],[-0.109174,51.509874],[-0.108964,51.508748],[-0.108959,51.508698],[-0.108909,51.508439],[-0.10889,51.508316],[-0.108883,51.508294],[-0.108865,51.50822],[-0.108851,51.508176],[-0.108785,51.507986],[-0.108732,51.507819],[-0.108713,51.507765],[-0.108618,51.507794],[-0.108592,51.507794],[-0.108514,51.507642],[-0.108422,51.507456],[-0.108334,51.507245],[-0.108268,51.50706],[-0.108213,51.506977],[-0.108165,51.506922],[-0.108128,51.506933],[-0.108066,51.506948],[-0.10795,51.50697],[-0.107505,51.507047],[-0.107339,51.507072],[-0.107184,51.50671],[-0.107001,51.506259],[-0.106683,51.505513],[-0.106583,51.505297],[-0.106522,51.50516],[-0.106483,51.505053],[-0.10644,51.50492],[-0.106399,51.50476],[-0.106401,51.504697],[-0.106411,51.504668],[-0.106444,51.504551],[-0.106456,51.50452],[-0.10647,51.504489],[-0.106487,51.504458],[-0.106522,51.504401],[-0.106555,51.504338],[-0.106573,51.504308],[-0.106589,51.504277],[-0.106598,51.504253],[-0.10661,51.504199],[-0.106611,51.504136],[-0.106603,51.504047],[-0.106588,51.503944],[-0.10658,51.503896],[-0.106547,51.503739],[-0.106529,51.503642],[-0.10643,51.503414],[-0.106403,51.503366],[-0.106579,51.503299],[-0.106936,51.503178],[-0.107393,51.503035],[-0.106787,51.502245],[-0.106758,51.50221],[-0.106463,51.502369],[-0.106218,51.502497],[-0.106078,51.502524],[-0.106066,51.50249],[-0.106031,51.502333],[-0.106006,51.502242],[-0.105989,51.502199],[-0.106104,51.502113],[-0.106044,51.502089],[-0.105917,51.502033],[-0.106093,51.501895],[-0.106154,51.50182],[-0.106181,51.501799],[-0.106182,51.501795],[-0.106474,51.501571],[-0.106592,51.501627],[-0.10662,51.501638],[-0.1067,51.501657],[-0.106815,51.501569],[-0.107605,51.500975],[-0.108164,51.500549],[-0.108199,51.500519],[-0.108217,51.500501],[-0.10825,51.500464],[-0.108308,51.500385],[-0.108453,51.500149],[-0.108652,51.499809],[-0.109047,51.499186],[-0.109066,51.499158],[-0.109505,51.498427],[-0.109523,51.498386],[-0.109531,51.498355],[-0.109561,51.498266],[-0.109589,51.498195],[-0.109602,51.498164],[-0.109639,51.498088],[-0.110324,51.496869],[-0.110257,51.496763],[-0.110681,51.496669],[-0.11087,51.496624],[-0.110975,51.496597],[-0.111183,51.496539]]]]},"properties":{"entry-date":"2025-05-21","entity":7010003908,"name":"Central Activities Zone","dataset":"article-4-direction-area","typology":"geography","reference":"1","prefix":"article-4-direction-area","organisation-entity":329,"quality":"authoritative","notes":"Demolition of commercial buildings and replacement with a single dwelling housing or block of flats is restricted","description":"1","article-4-direction":"1","permitted-development-rights":"None given","in_zone":true,"whole_in_zone":false,"in_cw":false,"organisation":"London Borough of Southwark"}},
{"type":"Feature","geometry":{"type":"MultiPolygon","coordinates":[[[[-0.05014,51.48827],[-0.050163,51.488323],[-0.050145,51.488338],[-0.051746,51.489006],[-0.05357,51.489855],[-0.05502,51.490408],[-0.055111,51.490463],[-0.055671,51.490701],[-0.056227,51.490934],[-0.056936,51.491236],[-0.057199,51.491343],[-0.057301,51.491391],[-0.058437,51.491881],[-0.05936,51.492285],[-0.059349,51.492295],[-0.059546,51.492373],[-0.059775,51.492329],[-0.061236,51.492959],[-0.062543,51.49354],[-0.06405,51.494214],[-0.065354,51.494849],[-0.065579,51.494927],[-0.0652,51.494203],[-0.064673,51.493993],[-0.063122,51.493299],[-0.06168,51.492663],[-0.060501,51.492148],[-0.060296,51.492066],[-0.060624,51.491863],[-0.06059,51.491803],[-0.060605,51.491798],[-0.060544,51.491723],[-0.059789,51.490411],[-0.059658,51.490426],[-0.059564,51.490331],[-0.058195,51.490841],[-0.058061,51.490885],[-0.056974,51.490137],[-0.056354,51.489699],[-0.056321,51.489719],[-0.056115,51.489557],[-0.056716,51.489249],[-0.056924,51.489131],[-0.057435,51.488741],[-0.057631,51.488602],[-0.057406,51.488564],[-0.056891,51.488492],[-0.056655,51.488497],[-0.056074,51.488459],[-0.055443,51.488393],[-0.05532,51.488331],[-0.054829,51.488247],[-0.054476,51.488161],[-0.053843,51.488026],[-0.0534,51.487909],[-0.052522,51.487656],[-0.052466,51.487714],[-0.052372,51.487793],[-0.052056,51.487828],[-0.051655,51.487809],[-0.051357,51.487782],[-0.051164,51.487807],[-0.050983,51.487839],[-0.050931,51.487863],[-0.050715,51.487939],[-0.050628,51.487894],[-0.050527,51.487929],[-0.050474,51.487933],[-0.050382,51.488019],[-0.050382,51.488033],[-0.050286,51.48812],[-0.050319,51.488142],[-0.050289,51.488176],[-0.05028,51.488178],[-0.050261,51.488169],[-0.050244,51.488164],[-0.050177,51.488228],[-0.05014,51.48827]]]]},"properties":{"entry-date":"2025-05-21","entity":7010003909,"name":"SPIL2: Galleywall and Bermondsey Trading Estates, Bermondsey railway arches and Rotherhithe Business","dataset":"article-4-direction-area","typology":"geography","reference":"2","prefix":"article-4-direction-area","organisation-entity":329,"quality":"authoritative","notes":"Demolition of commercial buildings and replacement with a single dwelling housing or block of flats is restricted","description":"2","article-4-direction":"2","permitted-development-rights":"None given","in_zone":true,"whole_in_zone":true,"in_cw":false,"organisation":"London Borough of Southwark"}},
{"type":"Feature","geometry":{"type":"MultiPolygon","coordinates":[[[[-0.054777,51.483447],[-0.054751,51.484466],[-0.055131,51.484479],[-0.055104,51.484631],[-0.058093,51.484822],[-0.0584,51.484834],[-0.058384,51.485033],[-0.058437,51.485232],[-0.059403,51.48515],[-0.059757,51.485123],[-0.060183,51.485096],[-0.060181,51.485084],[-0.060416,51.48509],[-0.060646,51.485091],[-0.060621,51.484868],[-0.060618,51.484717],[-0.060605,51.484713],[-0.060617,51.48469],[-0.060662,51.484685],[-0.060777,51.48468],[-0.06084,51.484663],[-0.060896,51.484643],[-0.06094,51.484623],[-0.060979,51.484595],[-0.061024,51.484557],[-0.061118,51.484474],[-0.061205,51.484394],[-0.061285,51.484328],[-0.061317,51.484298],[-0.061362,51.484261],[-0.060706,51.484283],[-0.0607,51.484222],[-0.06077,51.483412],[-0.059742,51.48335],[-0.058964,51.483331],[-0.059014,51.482827],[-0.059038,51.48264],[-0.059048,51.482571],[-0.059132,51.482091],[-0.059105,51.481955],[-0.059046,51.481878],[-0.058965,51.481826],[-0.058874,51.481793],[-0.058779,51.481769],[-0.058658,51.481746],[-0.05855,51.481683],[-0.058536,51.481652],[-0.05875,51.481414],[-0.058355,51.481261],[-0.057992,51.481592],[-0.056559,51.481349],[-0.056297,51.481307],[-0.056259,51.481664],[-0.056195,51.481662],[-0.0562,51.481677],[-0.05617,51.481676],[-0.056172,51.481685],[-0.056139,51.481686],[-0.056126,51.481857],[-0.055736,51.481837],[-0.055667,51.482778],[-0.05565,51.483465],[-0.054777,51.483447]]]]},"properties":{"entry-date":"2025-05-21","entity":7010003910,"name":"SPIL4: Integrated Waste Management Facility, Electricity Substation and Ormside Street","dataset":"article-4-direction-area","typology":"geography","reference":"3","prefix":"article-4-direction-area","organisation-entity":329,"quality":"authoritative","notes":"Demolition of commercial buildings and replacement with a single dwelling housing or block of flats is restricted","description":"3","article-4-direction":"3","permitted-development-rights":"None given","in_zone":true,"whole_in_zone":true,"in_cw":false,"organisation":"London Borough of Southwark"}},
{"type":"Feature","geometry":{"type":"MultiPolygon","coordinates":[[[[-0.071355,51.485196],[-0.071866,51.485216],[-0.071899,51.485179],[-0.071977,51.484647],[-0.071945,51.484644],[-0.072005,51.48424],[-0.072418,51.484155],[-0.072365,51.48401],[-0.072305,51.483914],[-0.072267,51.483915],[-0.07224,51.48381],[-0.072496,51.48376],[-0.072465,51.483659],[-0.072159,51.48294],[-0.071431,51.483028],[-0.071355,51.485196]]]]},"properties":{"entry-date":"2025-05-21","entity":7010003911,"name":"SPIL5: Glengall Road Business Centre","dataset":"article-4-direction-area","typology":"geography","reference":"4","prefix":"article-4-direction-area","organisation-entity":329,"quality":"authoritative","notes":"Demolition of commercial buildings and replacement with a single dwelling housing or block of flats is restricted","description":"4","article-4-direction":"4","permitted-development-rights":"None given","in_zone":true,"whole_in_zone":true,"in_cw":false,"organisation":"London Borough of Southwark"}},
{"type":"Feature","geometry":{"type":"MultiPolygon","coordinates":[[[[-0.065188,51.494198],[-0.065825,51.495382],[-0.066227,51.495341],[-0.066393,51.495441],[-0.065855,51.495498],[-0.06589,51.495747],[-0.066499,51.495692],[-0.066711,51.49613],[-0.066848,51.496099],[-0.067532,51.495977],[-0.068579,51.496329],[-0.069475,51.496206],[-0.068204,51.495596],[-0.067978,51.495462],[-0.067531,51.495234],[-0.066074,51.494598],[-0.065188,51.494198]]]]},"properties":{"entry-date":"2025-05-21","entity":7010003912,"name":"SPIL1: Discovery Business Park","dataset":"article-4-direction-area","typology":"geography","reference":"5","prefix":"article-4-direction-area","organisation-entity":329,"quality":"authoritative","notes":"Demolition of commercial buildings and replacement with a single dwelling housing or block of flats is restricted","description":"5","article-4-direction":"5","permitted-development-rights":"None given","in_zone":true,"whole_in_zone":true,"in_cw":false,"organisation":"London Borough of Southwark"}},
{"type":"Feature","geometry":{"type":"MultiPolygon","coordinates":[[[[-0.060147,51.489809],[-0.060274,51.489772],[-0.061087,51.489472],[-0.060496,51.488972],[-0.05946,51.488984],[-0.059311,51.489158],[-0.059417,51.489238],[-0.060147,51.489809]]]]},"properties":{"entry-date":"2025-05-21","entity":7010003913,"name":"SPIL3: Admiral Hyson Trading Estate","dataset":"article-4-direction-area","typology":"geography","reference":"6","prefix":"article-4-direction-area","organisation-entity":329,"quality":"authoritative","notes":"Demolition of commercial buildings and replacement with a single dwelling housing or block of flats is restricted","description":"6","article-4-direction":"6","permitted-development-rights":"None given","in_zone":true,"whole_in_zone":true,"in_cw":false,"organisation":"London Borough of Southwark"}},
{"type":"Feature","geometry":{"type":"MultiPolygon","coordinates":[[[[-0.068573,51.496329],[-0.06857,51.496333],[-0.068579,51.496332],[-0.068573,51.496329]]],[[[-0.069925,51.496177],[-0.069844,51.496152],[-0.068579,51.496332],[-0.068671,51.496375],[-0.068801,51.49664],[-0.069459,51.496695],[-0.069606,51.496765],[-0.069862,51.496881],[-0.069766,51.497087],[-0.069884,51.497114],[-0.069971,51.497143],[-0.070062,51.497188],[-0.070106,51.497216],[-0.070226,51.497286],[-0.070359,51.497385],[-0.070633,51.497723],[-0.070626,51.497736],[-0.070741,51.497891],[-0.07098,51.497822],[-0.070956,51.49779],[-0.072063,51.497474],[-0.071797,51.49734],[-0.071264,51.497077],[-0.07126,51.497013],[-0.071197,51.496936],[-0.071056,51.496838],[-0.070286,51.496489],[-0.070082,51.496395],[-0.070031,51.496331],[-0.069925,51.496177]]]]},"properties":{"entry-date":"2025-05-21","entity":7010003914,"name":"SPIL6: Old Jamaica Road Business Estate","dataset":"article-4-direction-area","typology":"geography","reference":"7","prefix":"article-4-direction-area","organisation-entity":329,"quality":"authoritative","notes":"Demolition of commercial buildings and replacement with a single dwelling housing or block of flats is restricted","description":"7","article-4-direction":"7","permitted-development-rights":"None given","in_zone":true,"whole_in_zone":true,"in_cw":false,"organisation":"London Borough of Southwark"}},
{"type":"Feature","geometry":{"type":"MultiPolygon","coordinates":[[[[-0.092063,51.483914],[-0.092138,51.48392],[-0.092118,51.483821],[-0.092063,51.483515],[-0.091993,51.483214],[-0.09186,51.482597],[-0.090871,51.482747],[-0.090067,51.482867],[-0.089787,51.482917],[-0.088622,51.483264],[-0.088063,51.483452],[-0.088347,51.483839],[-0.088744,51.48451],[-0.089307,51.484341],[-0.090116,51.484208],[-0.090944,51.484105],[-0.091526,51.4841],[-0.091498,51.48405],[-0.092056,51.484096],[-0.092063,51.483914]]]]},"properties":{"entry-date":"2025-05-21","entity":7010003915,"name":"Site allocation NSP01: Aylesbury Phase 1","dataset":"article-4-direction-area","typology":"geography","reference":"8","prefix":"article-4-direction-area","organisation-entity":329,"quality":"authoritative","notes":"Demolition of commercial buildings and replacement with a single dwelling housing or block of flats is restricted","description":"8","article-4-direction":"8","permitted-development-rights":"None given","in_zone":true,"whole_in_zone":true,"in_cw":false,"organisation":"London Borough of Southwark"}},
{"type":"Feature","geometry":{"type":"MultiPolygon","coordinates":[[[[-0.088608,51.484434],[-0.087938,51.483448],[-0.082693,51.485105],[-0.082626,51.485166],[-0.082577,51.485269],[-0.082591,51.485343],[-0.085176,51.487502],[-0.086077,51.487054],[-0.08652,51.487446],[-0.086626,51.487394],[-0.086637,51.487367],[-0.086631,51.487286],[-0.086705,51.487173],[-0.087016,51.486999],[-0.087132,51.486947],[-0.087308,51.48689],[-0.088018,51.486557],[-0.088838,51.486205],[-0.089448,51.486048],[-0.089068,51.485281],[-0.088232,51.48565],[-0.087641,51.485899],[-0.086769,51.485169],[-0.087873,51.484771],[-0.088679,51.48453],[-0.088608,51.484434]]]]},"properties":{"entry-date":"2025-05-21","entity":7010003916,"name":"Site allocation NSP01: Aylesbury Phase 4a-c","dataset":"article-4-direction-area","typology":"geography","reference":"9","prefix":"article-4-direction-area","organisation-entity":329,"quality":"authoritative","notes":"Demolition of commercial buildings and replacement with a single dwelling housing or block of flats is restricted","description":"9","article-4-direction":"9","permitted-development-rights":"None given","in_zone":true,"whole_in_zone":true,"in_cw":false,"organisation":"London Borough of Southwark"}},
{"type":"Feature","geometry":{"type":"MultiPolygon","coordinates":[[[[-0.085681,51.48789],[-0.085997,51.487736],[-0.08653,51.487463],[-0.086077,51.487054],[-0.085181,51.4875],[-0.085681,51.48789]]]]},"properties":{"entry-date":"2025-05-21","entity":7010003917,"name":"Site allocation NSP01: Aylesbury Plot 18","dataset":"article-4-direction-area","typology":"geography","reference":"10","prefix":"article-4-direction-area","organisation-entity":329,"quality":"authoritative","notes":"Demolition of commercial buildings and replacement with a single dwelling housing or block of flats is restricted","description":"10","article-4-direction":"10","permitted-development-rights":"None given","in_zone":true,"whole_in_zone":true,"in_cw":false,"organisation":"London Borough of Southwark"}},
{"type":"Feature","geometry":{"type":"MultiPolygon","coordinates":[[[[-0.086514,51.489249],[-0.085861,51.488492],[-0.084912,51.488907],[-0.084862,51.488903],[-0.084748,51.488821],[-0.084327,51.489002],[-0.084927,51.489641],[-0.085793,51.489472],[-0.086514,51.489249]]]]},"properties":{"entry-date":"2025-05-21","entity":7010003918,"name":"Site allocation NSP01: Aylesbury Site 7","dataset":"article-4-direction-area","typology":"geography","reference":"11","prefix":"article-4-direction-area","organisation-entity":329,"quality":"authoritative","notes":"Demolition of commercial buildings and replacement with a single dwelling housing or block of flats is restricted","description":"11","article-4-direction":"11","permitted-development-rights":"None given","in_zone":true,"whole_in_zone":true,"in_cw":false,"organisation":"London Borough of Southwark"}},
{"type":"Feature","geometry":{"type":"MultiPolygon","coordinates":[[[[-0.083634,51.488209],[-0.085032,51.487547],[-0.084176,51.486832],[-0.082239,51.485274],[-0.081973,51.485334],[-0.080638,51.485785],[-0.080976,51.486171],[-0.08057,51.4863],[-0.081202,51.486815],[-0.081632,51.487218],[-0.082126,51.487047],[-0.082176,51.487086],[-0.082652,51.486865],[-0.083634,51.488209]]]]},"properties":{"entry-date":"2025-05-21","entity":7010003919,"name":"Site allocation NSP01: Aylesbury Phase 2","dataset":"article-4-direction-area","typology":"geography","reference":"12","prefix":"article-4-direction-area","organisation-entity":329,"quality":"authoritative","notes":"Demolition of commercial buildings and replacement with a single dwelling housing or block of flats is restricted","description":"12","article-4-direction":"12","permitted-development-rights":"None given","in_zone":true,"whole_in_zone":true,"in_cw":false,"organisation":"London Borough of Southwark"}},
{"type":"Feature","geometry":{"type":"MultiPolygon","coordinates":[[[[-0.085681,51.48789],[-0.085906,51.488114],[-0.086019,51.488427],[-0.086144,51.488623],[-0.086593,51.489138],[-0.086838,51.489497],[-0.088968,51.489543],[-0.088886,51.489348],[-0.08872,51.489158],[-0.087878,51.488528],[-0.08653,51.487463],[-0.085997,51.487736],[-0.085681,51.48789]]]]},"properties":{"entry-date":"2025-05-21","entity":7010003920,"name":"Site allocation NSP01: Aylesbury Phase 3","dataset":"article-4-direction-area","typology":"geography","reference":"13","prefix":"article-4-direction-area","organisation-entity":329,"quality":"authoritative","notes":"Demolition of commercial buildings and replacement with a single dwelling housing or block of flats is restricted","description":"13","article-4-direction":"13","permitted-development-rights":"None given","in_zone":true,"whole_in_zone":true,"in_cw":false,"organisation":"London Borough of Southwark"}},
{"type":"Feature","geometry":{"type":"MultiPolygon","coordinates":[[[[-0.085865,51.488494],[-0.085788,51.488209],[-0.085647,51.488006],[-0.085365,51.48781],[-0.085096,51.487591],[-0.085032,51.487547],[-0.083634,51.488209],[-0.084171,51.4887],[-0.084104,51.488727],[-0.08432,51.488997],[-0.084748,51.488821],[-0.084862,51.488903],[-0.085865,51.488494]]]]},"properties":{"entry-date":"2025-05-21","entity":7010003921,"name":"Site allocation NSP01: Aylesbury Phase 2","dataset":"article-4-direction-area","typology":"geography","reference":"14","prefix":"article-4-direction-area","organisation-entity":329,"quality":"authoritative","notes":"Demolition of commercial buildings and replacement with a single dwelling housing or block of flats is restricted","description":"14","article-4-direction":"14","permitted-development-rights":"None given","in_zone":true,"whole_in_zone":true,"in_cw":false,"organisation":"London Borough of Southwark"}},
{"type":"Feature","geometry":{"type":"MultiPolygon","coordinates":[[[[-0.092056,51.484096],[-0.093129,51.484275],[-0.093799,51.48308],[-0.093326,51.483134],[-0.093272,51.483044],[-0.092705,51.483087],[-0.09264,51.482511],[-0.09186,51.482597],[-0.092138,51.48392],[-0.092063,51.483914],[-0.092056,51.484096]]]]},"properties":{"entry-date":"2025-05-21","entity":7010003922,"name":"Site allocation NSP01: Aylesbury Phase 1 Site 1a","dataset":"article-4-direction-area","typology":"geography","reference":"15","prefix":"article-4-direction-area","organisation-entity":329,"quality":"authoritative","notes":"Demolition of commercial buildings and replacement with a single dwelling housing or block of flats is restricted","description":"15","article-4-direction":"15","permitted-development-rights":"None given","in_zone":true,"whole_in_zone":true,"in_cw":false,"organisation":"London Borough of Southwark"}},
{"type":"Feature","geometry":{"type":"MultiPolygon","coordinates":[[[[-0.048738,51.502498],[-0.048972,51.502358],[-0.048724,51.502182],[-0.048622,51.502026],[-0.048583,51.501969],[-0.048484,51.501802],[-0.048191,51.501885],[-0.047777,51.501999],[-0.047364,51.502116],[-0.04747,51.502421],[-0.047417,51.502645],[-0.04738,51.502833],[-0.047631,51.503182],[-0.047854,51.503052],[-0.047952,51.502987],[-0.048662,51.502566],[-0.048738,51.502498]]]]},"properties":{"entry-date":"2025-05-21","entity":7010003930,"name":"Site allocation NSP78: Rotherhite Gasometer","dataset":"article-4-direction-area","typology":"geography","reference":"23","prefix":"article-4-direction-area","organisation-entity":329,"quality":"authoritative","notes":"Demolition of commercial buildings and replacement with a single dwelling housing or block of flats is restricted","description":"23","article-4-direction":"23","permitted-development-rights":"None given","in_zone":true,"whole_in_zone":true,"in_cw":false,"organisation":"London Borough of Southwark"}},
{"type":"Feature","geometry":{"type":"MultiPolygon","coordinates":[[[[-0.091427,51.477956],[-0.090645,51.478024],[-0.09069,51.478242],[-0.090873,51.478227],[-0.090896,51.478358],[-0.091124,51.478331],[-0.091139,51.478379],[-0.09139,51.478363],[-0.091589,51.478353],[-0.091856,51.47833],[-0.091805,51.478113],[-0.091763,51.477926],[-0.091427,51.477956]]]]},"properties":{"entry-date":"2025-05-21","entity":7010003937,"name":"Site allocation NSP32: 49 Lomond Grove","dataset":"article-4-direction-area","typology":"geography","reference":"30","prefix":"article-4-direction-area","organisation-entity":329,"quality":"authoritative","notes":"Demolition of commercial buildings and replacement with a single dwelling housing or block of flats is restricted","description":"30","article-4-direction":"30","permitted-development-rights":"None given","in_zone":true,"whole_in_zone":true,"in_cw":false,"organisation":"London Borough of Southwark"}},
{"type":"Feature","geometry":{"type":"MultiPolygon","coordinates":[[[[-0.091089,51.477307],[-0.090534,51.477357],[-0.090576,51.477544],[-0.091637,51.477449],[-0.091602,51.477292],[-0.091554,51.477118],[-0.091057,51.477177],[-0.091089,51.477307]]]]},"properties":{"entry-date":"2025-05-21","entity":7010003938,"name":"Site allocation NSP33: 99 Lomond Grove","dataset":"article-4-direction-area","typology":"geography","reference":"31","prefix":"article-4-direction-area","organisation-entity":329,"quality":"authoritative","notes":"Demolition of commercial buildings and replacement with a single dwelling housing or block of flats is restricted","description":"31","article-4-direction":"31","permitted-development-rights":"None given","in_zone":true,"whole_in_zone":true,"in_cw":false,"organisation":"London Borough of Southwark"}},
{"type":"Feature","geometry":{"type":"MultiPolygon","coordinates":[[[[-0.095284,51.485666],[-0.095052,51.485703],[-0.095042,51.485705],[-0.095045,51.485715],[-0.095025,51.485716],[-0.094968,51.485581],[-0.094962,51.485565],[-0.094964,51.485564],[-0.094933,51.485483],[-0.094757,51.485509],[-0.094756,51.485507],[-0.094576,51.485535],[-0.094563,51.485526],[-0.094191,51.485587],[-0.094449,51.485974],[-0.09452,51.485997],[-0.094674,51.485968],[-0.095093,51.485879],[-0.095343,51.485823],[-0.095284,51.485666]]]]},"properties":{"entry-date":"2025-05-21","entity":7010003940,"name":"Site allocation NSP84: 330-344 Walworth Road","dataset":"article-4-direction-area","typology":"geography","reference":"33","prefix":"article-4-direction-area","organisation-entity":329,"quality":"authoritative","notes":"Demolition of commercial buildings and replacement with a single dwelling housing or block of flats is restricted","description":"33","article-4-direction":"33","permitted-development-rights":"None given","in_zone":true,"whole_in_zone":false,"in_cw":false,"organisation":"London Borough of Southwark"}},
{"type":"Feature","geometry":{"type":"MultiPolygon","coordinates":[[[[-0.094443,51.480057],[-0.094461,51.480205],[-0.094487,51.480493],[-0.095356,51.480442],[-0.095355,51.480394],[-0.095346,51.480247],[-0.095329,51.480015],[-0.094443,51.480057]]]]},"properties":{"entry-date":"2025-05-21","entity":7010003946,"name":"Site allocation NSP31: Iceland, 118-132 Camberwell Road","dataset":"article-4-direction-area","typology":"geography","reference":"39","prefix":"article-4-direction-area","organisation-entity":329,"quality":"authoritative","notes":"Demolition of commercial buildings and replacement with a single dwelling housing or block of flats is restricted","description":"39","article-4-direction":"39","permitted-development-rights":"None given","in_zone":true,"whole_in_zone":false,"in_cw":false,"organisation":"London Borough of Southwark"}},
{"type":"Feature","geometry":{"type":"MultiPolygon","coordinates":[[[[-0.08848,51.480594],[-0.088587,51.480623],[-0.088714,51.480448],[-0.088561,51.480403],[-0.08863,51.480303],[-0.088554,51.480282],[-0.088485,51.480381],[-0.088393,51.480359],[-0.088052,51.480684],[-0.087743,51.480526],[-0.087645,51.480472],[-0.087702,51.480417],[-0.088003,51.480116],[-0.087916,51.480065],[-0.087878,51.480052],[-0.087827,51.480023],[-0.087969,51.479926],[-0.087903,51.479889],[-0.087577,51.479695],[-0.087377,51.479545],[-0.087336,51.47952],[-0.087142,51.479372],[-0.087058,51.479299],[-0.087088,51.479283],[-0.087042,51.47925],[-0.086939,51.47926],[-0.086767,51.479346],[-0.086753,51.479346],[-0.086634,51.479219],[-0.086407,51.479298],[-0.086214,51.479084],[-0.086187,51.479096],[-0.085973,51.479173],[-0.085995,51.4792],[-0.085533,51.479362],[-0.085504,51.479388],[-0.085495,51.479789],[-0.085495,51.479894],[-0.085539,51.480345],[-0.085501,51.480541],[-0.085514,51.480731],[-0.085533,51.480915],[-0.085537,51.480982],[-0.085555,51.481071],[-0.085652,51.481303],[-0.085742,51.4813],[-0.085982,51.481452],[-0.086203,51.481461],[-0.086255,51.48146],[-0.086255,51.481466],[-0.086495,51.481455],[-0.086761,51.481447],[-0.087051,51.481435],[-0.087373,51.481418],[-0.087479,51.481375],[-0.087698,51.481191],[-0.087982,51.480978],[-0.088182,51.480833],[-0.08848,51.480594]]]]},"properties":{"entry-date":"2025-05-21","entity":7010003948,"name":"Site allocation NSP25: Burgess Business Park","dataset":"article-4-direction-area","typology":"geography","reference":"41","prefix":"article-4-direction-area","organisation-entity":329,"quality":"authoritative","notes":"Demolition of commercial buildings and replacement with a single dwelling housing or block of flats is restricted","description":"41","article-4-direction":"41","permitted-development-rights":"None given","in_zone":true,"whole_in_zone":true,"in_cw":false,"organisation":"London Borough of Southwark"}},
{"type":"Feature","geometry":{"type":"MultiPolygon","coordinates":[[[[-0.094316,51.474374],[-0.094321,51.474399],[-0.094452,51.474452],[-0.094456,51.474448],[-0.094539,51.474483],[-0.094985,51.474417],[-0.095121,51.47439],[-0.095864,51.474865],[-0.095989,51.474723],[-0.096013,51.474689],[-0.096067,51.474622],[-0.096072,51.474612],[-0.096342,51.474286],[-0.096393,51.474243],[-0.096414,51.474199],[-0.096466,51.474134],[-0.096421,51.474124],[-0.096386,51.474112],[-0.0963,51.474057],[-0.096088,51.473914],[-0.09647,51.473689],[-0.096738,51.473529],[-0.097127,51.473705],[-0.097147,51.47365],[-0.097242,51.473598],[-0.097345,51.473498],[-0.097542,51.47338],[-0.097679,51.473307],[-0.097687,51.473292],[-0.097759,51.473254],[-0.097718,51.473225],[-0.09766,51.473189],[-0.097648,51.473194],[-0.097549,51.473127],[-0.097344,51.472977],[-0.097267,51.472914],[-0.09709,51.472776],[-0.097035,51.472804],[-0.096744,51.472975],[-0.096591,51.473061],[-0.096355,51.473199],[-0.095319,51.473822],[-0.094642,51.474227],[-0.094481,51.474325],[-0.094441,51.4743],[-0.094316,51.474374]]]]},"properties":{"entry-date":"2025-05-21","entity":7010003949,"name":"Site allocation NSP28: Camberwell Bus Garage","dataset":"article-4-direction-area","typology":"geography","reference":"42","prefix":"article-4-direction-area","organisation-entity":329,"quality":"authoritative","notes":"Demolition of commercial buildings and replacement with a single dwelling housing or block of flats is restricted","description":"42","article-4-direction":"42","permitted-development-rights":"None given","in_zone":true,"whole_in_zone":false,"in_cw":false,"organisation":"London Borough of Southwark"}},
{"type":"Feature","geometry":{"type":"MultiPolygon","coordinates":[[[[-0.094342,51.507862],[-0.094496,51.507757],[-0.094523,51.507706],[-0.094529,51.507665],[-0.094673,51.507397],[-0.094696,51.507359],[-0.094794,51.507175],[-0.094018,51.507014],[-0.093824,51.506998],[-0.093534,51.506938],[-0.093371,51.506906],[-0.093298,51.507047],[-0.093269,51.507097],[-0.093239,51.507154],[-0.093256,51.507159],[-0.093214,51.507214],[-0.093291,51.507238],[-0.093129,51.507433],[-0.093212,51.507464],[-0.093155,51.507524],[-0.093159,51.507531],[-0.093185,51.507559],[-0.0932,51.507572],[-0.093232,51.507594],[-0.093272,51.507614],[-0.093308,51.507623],[-0.093604,51.507682],[-0.093839,51.507731],[-0.093955,51.50778],[-0.094342,51.507862]]]]},"properties":{"entry-date":"2025-05-21","entity":7010003950,"name":"Site allocation NSP06: 1 Southwark Bridge Road and Red Lion Court","dataset":"article-4-direction-area","typology":"geography","reference":"43","prefix":"article-4-direction-area","organisation-entity":329,"quality":"authoritative","notes":"Demolition of commercial buildings and replacement with a single dwelling housing or block of flats is restricted","description":"43","article-4-direction":"43","permitted-development-rights":"None given","in_zone":true,"whole_in_zone":true,"in_cw":false,"organisation":"London Borough of Southwark"}},
{"type":"Feature","geometry":{"type":"MultiPolygon","coordinates":[[[[-0.085387,51.503392],[-0.085487,51.503458],[-0.085732,51.5036],[-0.086036,51.503772],[-0.08612,51.503818],[-0.086194,51.503876],[-0.086447,51.504022],[-0.08653,51.504057],[-0.086682,51.504112],[-0.086946,51.504202],[-0.087108,51.504267],[-0.087316,51.504305],[-0.087515,51.504375],[-0.087695,51.504433],[-0.087708,51.504447],[-0.087796,51.504479],[-0.08786,51.504514],[-0.088168,51.504644],[-0.088266,51.504539],[-0.088293,51.504535],[-0.088308,51.50452],[-0.088328,51.504528],[-0.088352,51.504507],[-0.08839,51.504522],[-0.088566,51.504323],[-0.088696,51.504247],[-0.088797,51.504286],[-0.088865,51.504302],[-0.088947,51.504233],[-0.089515,51.504408],[-0.089545,51.504384],[-0.089628,51.504286],[-0.089727,51.504165],[-0.089734,51.504141],[-0.089777,51.504084],[-0.089916,51.504105],[-0.090112,51.504165],[-0.09018,51.504086],[-0.090277,51.504051],[-0.090463,51.503918],[-0.09051,51.503936],[-0.090522,51.503922],[-0.090565,51.503938],[-0.090646,51.50386],[-0.09066,51.503866],[-0.090687,51.503837],[-0.090683,51.503819],[-0.090719,51.503785],[-0.090747,51.503796],[-0.0908,51.503741],[-0.090813,51.503736],[-0.090847,51.503697],[-0.090842,51.503678],[-0.090699,51.503629],[-0.090735,51.503597],[-0.090763,51.503565],[-0.090818,51.503539],[-0.090852,51.503503],[-0.090924,51.50353],[-0.090941,51.503511],[-0.091005,51.503531],[-0.09113,51.503562],[-0.091268,51.503605],[-0.091399,51.503432],[-0.091484,51.50333],[-0.091179,51.503242],[-0.091141,51.503232],[-0.091126,51.50323],[-0.09118,51.503146],[-0.091195,51.503132],[-0.091213,51.503107],[-0.091128,51.503075],[-0.090892,51.502992],[-0.090559,51.502851],[-0.090538,51.502844],[-0.090509,51.502838],[-0.090163,51.502778],[-0.090054,51.502753],[-0.089835,51.502699],[-0.089496,51.502591],[-0.08913,51.502461],[-0.089001,51.502418],[-0.089055,51.502364],[-0.089068,51.502364],[-0.089094,51.502355],[-0.089154,51.502312],[-0.089247,51.502251],[-0.089348,51.50218],[-0.089364,51.502166],[-0.089342,51.502159],[-0.089208,51.502081],[-0.089007,51.501967],[-0.088728,51.501908],[-0.088302,51.502107],[-0.088135,51.502107],[-0.088079,51.502102],[-0.088055,51.501974],[-0.087975,51.501978],[-0.08793,51.501976],[-0.087814,51.501965],[-0.087807,51.501987],[-0.087674,51.502003],[-0.087346,51.501976],[-0.087185,51.501977],[-0.087141,51.501973],[-0.087054,51.501962],[-0.086965,51.501955],[-0.086943,51.501962],[-0.086935,51.501977],[-0.086902,51.501981],[-0.086549,51.501935],[-0.086388,51.501916],[-0.086349,51.50213],[-0.0862,51.502132],[-0.086059,51.502106],[-0.086058,51.502112],[-0.085775,51.502068],[-0.085759,51.502114],[-0.085726,51.502221],[-0.085707,51.502385],[-0.085563,51.502869],[-0.085551,51.502948],[-0.085461,51.503047],[-0.085418,51.503261],[-0.085387,51.503392]]]]},"properties":{"entry-date":"2025-05-21","entity":7010003958,"name":"Site allocation NSP52: London Bridge Health Cluster","dataset":"article-4-direction-area","typology":"geography","reference":"51","prefix":"article-4-direction-area","organisation-entity":329,"quality":"authoritative","notes":"Demolition of commercial buildings and replacement with a single dwelling housing or block of flats is restricted","description":"51","article-4-direction":"51","permitted-development-rights":"None given","in_zone":true,"whole_in_zone":true,"in_cw":false,"organisation":"London Borough of Southwark"}},
{"type":"Feature","geometry":{"type":"MultiPolygon","coordinates":[[[[-0.08419,51.502972],[-0.084196,51.502978],[-0.084227,51.50299],[-0.084848,51.503208],[-0.08513,51.503304],[-0.085238,51.503343],[-0.085256,51.503347],[-0.085274,51.503348],[-0.085285,51.503346],[-0.085297,51.503341],[-0.085305,51.503332],[-0.085346,51.503164],[-0.085403,51.50296],[-0.085404,51.502946],[-0.085395,51.502933],[-0.085283,51.502886],[-0.085191,51.50285],[-0.084859,51.50271],[-0.084583,51.502597],[-0.084549,51.502585],[-0.084524,51.502592],[-0.084514,51.502599],[-0.084218,51.50293],[-0.084194,51.502955],[-0.08419,51.502972]]]]},"properties":{"entry-date":"2025-05-21","entity":7010003959,"name":"Site allocation NSP53: Land between Melior Street, St Thomas Street, Weston Street and Fenning Stree","dataset":"article-4-direction-area","typology":"geography","reference":"52","prefix":"article-4-direction-area","organisation-entity":329,"quality":"authoritative","notes":"Demolition of commercial buildings and replacement with a single dwelling housing or block of flats is restricted","description":"52","article-4-direction":"52","permitted-development-rights":"None given","in_zone":true,"whole_in_zone":true,"in_cw":false,"organisation":"London Borough of Southwark"}},
{"type":"Feature","geometry":{"type":"MultiPolygon","coordinates":[[[[-0.07611,51.499122],[-0.076476,51.499074],[-0.076483,51.499078],[-0.076504,51.499075],[-0.076494,51.499035],[-0.076581,51.499025],[-0.076667,51.49901],[-0.076698,51.499076],[-0.07672,51.499091],[-0.076774,51.499082],[-0.076791,51.499082],[-0.07686,51.499073],[-0.07687,51.499091],[-0.077112,51.499053],[-0.077116,51.499068],[-0.077253,51.499063],[-0.077257,51.499117],[-0.077353,51.499136],[-0.07748,51.499155],[-0.077557,51.498959],[-0.077657,51.498714],[-0.077651,51.498657],[-0.077712,51.498542],[-0.077754,51.498441],[-0.077759,51.498415],[-0.077748,51.498407],[-0.077642,51.498392],[-0.077499,51.498364],[-0.076728,51.498507],[-0.076621,51.498531],[-0.076332,51.498588],[-0.07613,51.49863],[-0.076027,51.498649],[-0.075948,51.498661],[-0.075981,51.498761],[-0.076045,51.498903],[-0.076045,51.498941],[-0.07611,51.499122]]]]},"properties":{"entry-date":"2025-05-21","entity":7010003960,"name":"Site allocation NSP14: Tower Workshops","dataset":"article-4-direction-area","typology":"geography","reference":"53","prefix":"article-4-direction-area","organisation-entity":329,"quality":"authoritative","notes":"Demolition of commercial buildings and replacement with a single dwelling housing or block of flats is restricted","description":"53","article-4-direction":"53","permitted-development-rights":"None given","in_zone":true,"whole_in_zone":true,"in_cw":false,"organisation":"London Borough of Southwark"}},
{"type":"Feature","geometry":{"type":"MultiPolygon","coordinates":[[[[-0.066785,51.501353],[-0.067062,51.500873],[-0.067042,51.500815],[-0.067164,51.500588],[-0.066791,51.500471],[-0.065756,51.50014],[-0.065549,51.500071],[-0.065244,51.500393],[-0.065087,51.500555],[-0.065071,51.500603],[-0.064885,51.500559],[-0.064684,51.500925],[-0.064791,51.500941],[-0.065415,51.501068],[-0.066369,51.50127],[-0.066784,51.501362],[-0.066785,51.501353]]]]},"properties":{"entry-date":"2025-05-21","entity":7010003961,"name":"Site allocation NSP15: Chambers Wharf","dataset":"article-4-direction-area","typology":"geography","reference":"54","prefix":"article-4-direction-area","organisation-entity":329,"quality":"authoritative","notes":"Demolition of commercial buildings and replacement with a single dwelling housing or block of flats is restricted","description":"54","article-4-direction":"54","permitted-development-rights":"None given","in_zone":true,"whole_in_zone":true,"in_cw":false,"organisation":"London Borough of Southwark"}},
{"type":"Feature","geometry":{"type":"MultiPolygon","coordinates":[[[[-0.007302,51.48892],[-0.007748,51.488778],[-0.007708,51.488727],[-0.007657,51.488666],[-0.007212,51.488808],[-0.007302,51.48892]]]]},"properties":{"entry-date":"2024-09-12","start-date":"2023-06-14","entity":7010004217,"name":"Manchester Road 1","dataset":"article-4-direction-area","typology":"geography","reference":"LBTH_Art4_1","prefix":"article-4-direction-area","organisation-entity":350,"quality":"authoritative","description":"The council has confirmed an Article 4 direction to remove permitted development rights for changes of use from Class E uses to Residential (Class C3) uses in certain parts of the borough.","in_zone":true,"whole_in_zone":true,"in_cw":false,"organisation":"London Borough of Tower Hamlets"}},
{"type":"Feature","geometry":{"type":"MultiPolygon","coordinates":[[[[-0.006924,51.4891],[-0.006836,51.489282],[-0.006795,51.489371],[-0.006993,51.489409],[-0.007038,51.489319],[-0.007102,51.489182],[-0.007145,51.489094],[-0.006945,51.489057],[-0.006924,51.4891]]]]},"properties":{"entry-date":"2024-09-12","start-date":"2023-06-14","entity":7010004218,"name":"Manchester Road 2","dataset":"article-4-direction-area","typology":"geography","reference":"LBTH_Art4_2","prefix":"article-4-direction-area","organisation-entity":350,"quality":"authoritative","description":"The council has confirmed an Article 4 direction to remove permitted development rights for changes of use from Class E uses to Residential (Class C3) uses in certain parts of the borough.","in_zone":true,"whole_in_zone":true,"in_cw":false,"organisation":"London Borough of Tower Hamlets"}},
{"type":"Feature","geometry":{"type":"MultiPolygon","coordinates":[[[[-0.021144,51.48963],[-0.02116,51.489639],[-0.021253,51.489573],[-0.021172,51.489532],[-0.021176,51.489528],[-0.021022,51.489447],[-0.021015,51.489451],[-0.020937,51.489413],[-0.020932,51.489419],[-0.020852,51.489477],[-0.020894,51.489503],[-0.020886,51.489509],[-0.020897,51.489515],[-0.020902,51.489517],[-0.020911,51.48951],[-0.021085,51.489601],[-0.021077,51.489607],[-0.021091,51.489614],[-0.0211,51.489607],[-0.021144,51.48963]]]]},"properties":{"entry-date":"2024-09-12","start-date":"2023-06-14","entity":7010004219,"name":"Westferry Road","dataset":"article-4-direction-area","typology":"geography","reference":"LBTH_Art4_3","prefix":"article-4-direction-area","organisation-entity":350,"quality":"authoritative","description":"The council has confirmed an Article 4 direction to remove permitted development rights for changes of use from Class E uses to Residential (Class C3) uses in certain parts of the borough.","in_zone":true,"whole_in_zone":true,"in_cw":false,"organisation":"London Borough of Tower Hamlets"}},
{"type":"Feature","geometry":{"type":"MultiPolygon","coordinates":[[[[-0.024859,51.498218],[-0.024865,51.498298],[-0.024953,51.498296],[-0.025434,51.498278],[-0.025431,51.49823],[-0.025633,51.498223],[-0.025618,51.498036],[-0.025539,51.498039],[-0.025537,51.498044],[-0.024847,51.498064],[-0.024714,51.498076],[-0.024698,51.497836],[-0.024445,51.497844],[-0.02434,51.497852],[-0.024368,51.498156],[-0.024802,51.49814],[-0.024853,51.49814],[-0.024859,51.498218]]]]},"properties":{"entry-date":"2024-09-12","start-date":"2023-06-14","entity":7010004220,"name":"Barkantine Estate 1","dataset":"article-4-direction-area","typology":"geography","reference":"LBTH_Art4_4","prefix":"article-4-direction-area","organisation-entity":350,"quality":"authoritative","description":"The council has confirmed an Article 4 direction to remove permitted development rights for changes of use from Class E uses to Residential (Class C3) uses in certain parts of the borough.","in_zone":true,"whole_in_zone":true,"in_cw":true,"organisation":"London Borough of Tower Hamlets"}},
{"type":"Feature","geometry":{"type":"MultiPolygon","coordinates":[[[[-0.025462,51.498785],[-0.025806,51.498773],[-0.025778,51.49835],[-0.025424,51.49836],[-0.025428,51.498408],[-0.025385,51.498409],[-0.025413,51.498725],[-0.025456,51.498724],[-0.025462,51.498785]]]]},"properties":{"entry-date":"2024-09-12","start-date":"2023-06-14","entity":7010004221,"name":"Barkantine Estate 2","dataset":"article-4-direction-area","typology":"geography","reference":"LBTH_Art4_5","prefix":"article-4-direction-area","organisation-entity":350,"quality":"authoritative","description":"The council has confirmed an Article 4 direction to remove permitted development rights for changes of use from Class E uses to Residential (Class C3) uses in certain parts of the borough.","in_zone":true,"whole_in_zone":true,"in_cw":true,"organisation":"London Borough of Tower Hamlets"}},
{"type":"Feature","geometry":{"type":"MultiPolygon","coordinates":[[[[-0.026026,51.498869],[-0.026031,51.498911],[-0.02604,51.499044],[-0.02635,51.499034],[-0.026334,51.498858],[-0.026288,51.49886],[-0.026284,51.498817],[-0.026183,51.49882],[-0.026167,51.49865],[-0.026214,51.498648],[-0.026206,51.498538],[-0.026276,51.498536],[-0.026273,51.498493],[-0.026034,51.4985],[-0.026045,51.498653],[-0.026007,51.498654],[-0.026026,51.498869]]]]},"properties":{"entry-date":"2024-09-12","start-date":"2023-06-14","entity":7010004222,"name":"Barkantine Estate 3","dataset":"article-4-direction-area","typology":"geography","reference":"LBTH_Art4_6","prefix":"article-4-direction-area","organisation-entity":350,"quality":"authoritative","description":"The council has confirmed an Article 4 direction to remove permitted development rights for changes of use from Class E uses to Residential (Class C3) uses in certain parts of the borough.","in_zone":true,"whole_in_zone":true,"in_cw":true,"organisation":"London Borough of Tower Hamlets"}},
{"type":"Feature","geometry":{"type":"MultiPolygon","coordinates":[[[[-0.01107,51.49797],[-0.010727,51.498269],[-0.010683,51.498305],[-0.010442,51.498514],[-0.010423,51.498529],[-0.010551,51.498589],[-0.010647,51.498631],[-0.010658,51.498615],[-0.010662,51.498603],[-0.010662,51.498589],[-0.010651,51.498563],[-0.010863,51.498376],[-0.010974,51.498283],[-0.011043,51.498222],[-0.011145,51.498142],[-0.011196,51.498105],[-0.011241,51.49808],[-0.01126,51.498073],[-0.011306,51.49807],[-0.011329,51.498065],[-0.011336,51.498061],[-0.011238,51.498013],[-0.011094,51.497949],[-0.01107,51.49797]]]]},"properties":{"entry-date":"2024-09-12","start-date":"2023-06-14","entity":7010004223,"name":"Castalia Square","dataset":"article-4-direction-area","typology":"geography","reference":"LBTH_Art4_7","prefix":"article-4-direction-area","organisation-entity":350,"quality":"authoritative","description":"The council has confirmed an Article 4 direction to remove permitted development rights for changes of use from Class E uses to Residential (Class C3) uses in certain parts of the borough.","in_zone":true,"whole_in_zone":true,"in_cw":true,"organisation":"London Borough of Tower Hamlets"}},
{"type":"Feature","geometry":{"type":"MultiPolygon","coordinates":[[[[-0.057259,51.504899],[-0.057218,51.504921],[-0.057292,51.504974],[-0.057429,51.50489],[-0.057583,51.504811],[-0.057705,51.504903],[-0.057766,51.504906],[-0.057859,51.504852],[-0.057889,51.504832],[-0.05793,51.504809],[-0.057699,51.504636],[-0.057662,51.504655],[-0.057524,51.50455],[-0.057354,51.50463],[-0.057228,51.504719],[-0.057116,51.504776],[-0.057218,51.504853],[-0.057198,51.504864],[-0.057216,51.504876],[-0.057259,51.504854],[-0.057273,51.504863],[-0.057236,51.504881],[-0.057259,51.504899]]]]},"properties":{"entry-date":"2024-09-12","start-date":"2023-06-14","entity":7010004224,"name":"Wapping Lane 1","dataset":"article-4-direction-area","typology":"geography","reference":"LBTH_Art4_8","prefix":"article-4-direction-area","organisation-entity":350,"quality":"authoritative","description":"The council has confirmed an Article 4 direction to remove permitted development rights for changes of use from Class E uses to Residential (Class C3) uses in certain parts of the borough.","in_zone":true,"whole_in_zone":true,"in_cw":false,"organisation":"London Borough of Tower Hamlets"}},
{"type":"Feature","geometry":{"type":"MultiPolygon","coordinates":[[[[-0.057623,51.505338],[-0.057624,51.505363],[-0.057649,51.505516],[-0.057737,51.5055],[-0.057749,51.505509],[-0.057762,51.505599],[-0.058056,51.505527],[-0.058215,51.505442],[-0.058284,51.505426],[-0.058295,51.505443],[-0.058341,51.505433],[-0.058286,51.505343],[-0.058063,51.505054],[-0.058044,51.505059],[-0.058029,51.505041],[-0.057906,51.505025],[-0.057948,51.50508],[-0.05794,51.505083],[-0.058045,51.50522],[-0.057875,51.50526],[-0.057625,51.505314],[-0.057623,51.505338]]]]},"properties":{"entry-date":"2024-09-12","start-date":"2023-06-14","entity":7010004225,"name":"Wapping Lane 2","dataset":"article-4-direction-area","typology":"geography","reference":"LBTH_Art4_9","prefix":"article-4-direction-area","organisation-entity":350,"quality":"authoritative","description":"The council has confirmed an Article 4 direction to remove permitted development rights for changes of use from Class E uses to Residential (Class C3) uses in certain parts of the borough.","in_zone":true,"whole_in_zone":true,"in_cw":false,"organisation":"London Borough of Tower Hamlets"}},
{"type":"Feature","geometry":{"type":"MultiPolygon","coordinates":[[[[-0.017205,51.507275],[-0.017274,51.507284],[-0.018586,51.507491],[-0.019757,51.507749],[-0.020609,51.507882],[-0.023047,51.508376],[-0.023893,51.508652],[-0.024309,51.50873],[-0.024325,51.508802],[-0.02503,51.508802],[-0.025719,51.508754],[-0.026106,51.508617],[-0.02663,51.508412],[-0.026959,51.508299],[-0.027062,51.50811],[-0.027189,51.507386],[-0.027093,51.506943],[-0.027138,51.506949],[-0.027153,51.506949],[-0.027112,51.506863],[-0.027101,51.506829],[-0.027042,51.506677],[-0.02703,51.506652],[-0.027002,51.506603],[-0.026982,51.506576],[-0.026962,51.506553],[-0.026842,51.506439],[-0.026819,51.506396],[-0.026691,51.506385],[-0.026595,51.50637],[-0.026534,51.506358],[-0.026443,51.506335],[-0.026385,51.506317],[-0.026328,51.506297],[-0.026273,51.506275],[-0.026211,51.506247],[-0.026152,51.506214],[-0.026109,51.506185],[-0.026069,51.506155],[-0.02603,51.506123],[-0.025996,51.506091],[-0.025965,51.506057],[-0.025937,51.506022],[-0.025908,51.505981],[-0.025887,51.505946],[-0.02587,51.505909],[-0.025856,51.505873],[-0.02585,51.505848],[-0.025842,51.505797],[-0.025916,51.505493],[-0.025927,51.505478],[-0.02594,51.505482],[-0.025955,51.505461],[-0.02598,51.505431],[-0.026035,51.505377],[-0.026025,51.505373],[-0.026036,51.50536],[-0.026023,51.505329],[-0.026049,51.505321],[-0.026222,51.505238],[-0.026645,51.505124],[-0.026749,51.505112],[-0.026947,51.505113],[-0.027047,51.505123],[-0.02723,51.505156],[-0.02741,51.505211],[-0.027501,51.505252],[-0.027596,51.505302],[-0.027763,51.505198],[-0.027998,51.505057],[-0.027868,51.504986],[-0.027788,51.504883],[-0.027596,51.504475],[-0.02749,51.504241],[-0.027217,51.503659],[-0.027021,51.503539],[-0.026936,51.503526],[-0.026968,51.503435],[-0.026968,51.503431],[-0.026964,51.503422],[-0.026961,51.503419],[-0.026922,51.503401],[-0.026898,51.503392],[-0.026819,51.503369],[-0.02657,51.503312],[-0.026409,51.503283],[-0.026225,51.503258],[-0.026183,51.503261],[-0.026158,51.503265],[-0.026144,51.503265],[-0.02607,51.503255],[-0.026057,51.503247],[-0.026053,51.503239],[-0.025869,51.50322],[-0.025789,51.50321],[-0.02576,51.503209],[-0.025753,51.503256],[-0.025152,51.503244],[-0.025127,51.503068],[-0.025117,51.50302],[-0.025102,51.502971],[-0.025082,51.502922],[-0.025043,51.502845],[-0.024995,51.502777],[-0.02495,51.502724],[-0.024922,51.502695],[-0.024892,51.502667],[-0.02486,51.50264],[-0.024847,51.502627],[-0.024509,51.502342],[-0.024482,51.50232],[-0.02447,51.502314],[-0.024459,51.502311],[-0.024432,51.502312],[-0.024361,51.502253],[-0.024372,51.50224],[-0.024373,51.502233],[-0.024371,51.502228],[-0.024294,51.502162],[-0.023826,51.502118],[-0.023804,51.502117],[-0.023297,51.502063],[-0.023303,51.502042],[-0.022929,51.502001],[-0.022934,51.501944],[-0.022976,51.50182],[-0.023063,51.501499],[-0.02307,51.501435],[-0.02311,51.501348],[-0.022991,51.501152],[-0.022985,51.501077],[-0.022973,51.501058],[-0.022979,51.501052],[-0.02299,51.501031],[-0.022974,51.500804],[-0.022975,51.500795],[-0.022973,51.50076],[-0.022961,51.500603],[-0.022941,51.500593],[-0.022622,51.500632],[-0.022621,51.500636],[-0.022547,51.50063],[-0.02255,51.500612],[-0.021754,51.50056],[-0.021375,51.500537],[-0.021304,51.500435],[-0.02131,51.500397],[-0.021323,51.500336],[-0.021052,51.500315],[-0.020896,51.500298],[-0.0209,51.500272],[-0.020894,51.500256],[-0.020883,51.500241],[-0.02086,51.500227],[-0.020843,51.500221],[-0.020822,51.500218],[-0.020845,51.500143],[-0.020905,51.499799],[-0.020919,51.4998],[-0.020928,51.499782],[-0.021024,51.499204],[-0.021021,51.499188],[-0.021013,51.499172],[-0.021002,51.499158],[-0.020989,51.499147],[-0.020967,51.499135],[-0.020946,51.499129],[-0.020911,51.499125],[-0.019749,51.49905],[-0.019365,51.499032],[-0.019233,51.499022],[-0.019006,51.499008],[-0.018957,51.499015],[-0.018702,51.498979],[-0.018727,51.498949],[-0.018799,51.498505],[-0.018744,51.498493],[-0.018636,51.498484],[-0.017367,51.498407],[-0.017119,51.499995],[-0.017115,51.500004],[-0.017103,51.500012],[-0.017083,51.500017],[-0.017072,51.500053],[-0.016451,51.499985],[-0.016452,51.49998],[-0.016358,51.499969],[-0.01636,51.499968],[-0.015986,51.499925],[-0.015924,51.499923],[-0.015712,51.499898],[-0.0157,51.499941],[-0.015648,51.499935],[-0.015645,51.499943],[-0.015586,51.499937],[-0.015583,51.499948],[-0.015498,51.499938],[-0.015487,51.499975],[-0.015464,51.499972],[-0.015459,51.499991],[-0.015678,51.500016],[-0.015667,51.500052],[-0.015974,51.500087],[-0.015974,51.500089],[-0.016014,51.500094],[-0.016227,51.500118],[-0.016207,51.500263],[-0.016272,51.500353],[-0.016282,51.500354],[-0.016178,51.500997],[-0.016148,51.501197],[-0.016149,51.501204],[-0.01616,51.501227],[-0.016183,51.501242],[-0.016195,51.501246],[-0.016237,51.501253],[-0.016242,51.501241],[-0.016314,51.501248],[-0.01631,51.50126],[-0.020432,51.501717],[-0.02172,51.501865],[-0.021532,51.502545],[-0.020219,51.5024],[-0.020218,51.502396],[-0.020175,51.502395],[-0.01997,51.502373],[-0.017535,51.502104],[-0.016124,51.501945],[-0.016023,51.502303],[-0.015342,51.502238],[-0.015063,51.502208],[-0.015002,51.502422],[-0.014925,51.502413],[-0.014925,51.502402],[-0.014917,51.502381],[-0.014902,51.502366],[-0.014874,51.502355],[-0.014856,51.502352],[-0.013825,51.502235],[-0.011711,51.501961],[-0.011774,51.501735],[-0.011825,51.501562],[-0.011825,51.501554],[-0.011822,51.501548],[-0.011809,51.50154],[-0.008829,51.50136],[-0.008828,51.501385],[-0.008791,51.50139],[-0.008769,51.501522],[-0.008769,51.501535],[-0.008786,51.501581],[-0.008818,51.501642],[-0.008817,51.501654],[-0.008779,51.501808],[-0.008774,51.501819],[-0.008772,51.501828],[-0.008772,51.501841],[-0.008783,51.501897],[-0.008805,51.50197],[-0.008796,51.502198],[-0.00878,51.502202],[-0.008795,51.502217],[-0.008793,51.502267],[-0.008864,51.502361],[-0.008961,51.502373],[-0.009128,51.502792],[-0.009142,51.502795],[-0.009352,51.503285],[-0.009407,51.503461],[-0.009311,51.503465],[-0.009289,51.503482],[-0.009318,51.503562],[-0.009424,51.503612],[-0.009607,51.503604],[-0.010333,51.503531],[-0.010659,51.503515],[-0.011108,51.50342],[-0.011181,51.503458],[-0.011199,51.503469],[-0.011266,51.503501],[-0.011447,51.503541],[-0.011522,51.503555],[-0.011643,51.503642],[-0.012404,51.504176],[-0.012271,51.504213],[-0.012263,51.50422],[-0.012224,51.504421],[-0.012234,51.504425],[-0.012269,51.504447],[-0.012276,51.50445],[-0.012577,51.50457],[-0.012379,51.504681],[-0.01238,51.504681],[-0.011945,51.50494],[-0.011413,51.505324],[-0.010996,51.505721],[-0.010712,51.506109],[-0.010616,51.506559],[-0.010687,51.506679],[-0.010818,51.506729],[-0.010848,51.506932],[-0.010634,51.507023],[-0.01052,51.507022],[-0.010475,51.507164],[-0.012042,51.507095],[-0.013263,51.507068],[-0.015188,51.507077],[-0.017205,51.507275]]]]},"properties":{"entry-date":"2024-09-12","start-date":"2023-06-14","entity":7010004226,"name":"Canary Wharf","dataset":"article-4-direction-area","typology":"geography","reference":"LBTH_Art4_10","prefix":"article-4-direction-area","organisation-entity":350,"quality":"authoritative","description":"The council has confirmed an Article 4 direction to remove permitted development rights for changes of use from Class E uses to Residential (Class C3) uses in certain parts of the borough.","in_zone":true,"whole_in_zone":true,"in_cw":true,"organisation":"London Borough of Tower Hamlets"}},
{"type":"Feature","geometry":{"type":"MultiPolygon","coordinates":[[[[-0.007921,51.50907],[-0.008609,51.50902],[-0.009571,51.50904],[-0.009946,51.509023],[-0.010398,51.509005],[-0.010382,51.508861],[-0.010474,51.508713],[-0.010492,51.50857],[-0.010495,51.508533],[-0.010495,51.508451],[-0.010345,51.508451],[-0.010343,51.508439],[-0.010621,51.508443],[-0.010858,51.508466],[-0.011058,51.50846],[-0.011424,51.508452],[-0.01162,51.508451],[-0.011669,51.508381],[-0.011819,51.508457],[-0.011876,51.50844],[-0.01175,51.508251],[-0.011733,51.508223],[-0.011717,51.508195],[-0.011679,51.508114],[-0.011664,51.50807],[-0.011656,51.508037],[-0.011652,51.507988],[-0.011653,51.507964],[-0.011661,51.507911],[-0.011676,51.507862],[-0.011702,51.507807],[-0.011722,51.507774],[-0.011744,51.507742],[-0.011781,51.507698],[-0.01181,51.507668],[-0.011871,51.507618],[-0.01193,51.507578],[-0.011885,51.507548],[-0.011742,51.50755],[-0.011545,51.507557],[-0.011283,51.507578],[-0.01041,51.507657],[-0.010001,51.507692],[-0.00982,51.507705],[-0.009285,51.507737],[-0.009266,51.507817],[-0.009264,51.507843],[-0.009272,51.507888],[-0.009341,51.508221],[-0.009356,51.508304],[-0.009401,51.508441],[-0.009448,51.508453],[-0.009606,51.508453],[-0.009674,51.508455],[-0.009905,51.50844],[-0.00992,51.508473],[-0.009698,51.508487],[-0.009415,51.508485],[-0.009362,51.508472],[-0.009303,51.508461],[-0.009153,51.508448],[-0.00903,51.50841],[-0.009018,51.508409],[-0.008978,51.508399],[-0.008941,51.508394],[-0.008929,51.508394],[-0.00891,51.508397],[-0.008905,51.508399],[-0.008896,51.508406],[-0.008889,51.508416],[-0.008887,51.508433],[-0.008671,51.50849],[-0.008343,51.50817],[-0.008287,51.508123],[-0.008254,51.508099],[-0.008208,51.508069],[-0.008175,51.508049],[-0.008145,51.508034],[-0.008089,51.50801],[-0.008029,51.50799],[-0.007989,51.507979],[-0.007792,51.507914],[-0.00773,51.507897],[-0.006983,51.508011],[-0.006986,51.508019],[-0.006641,51.508073],[-0.006726,51.508601],[-0.006775,51.508863],[-0.006802,51.508874],[-0.006874,51.508938],[-0.006905,51.508941],[-0.007009,51.508976],[-0.007059,51.508987],[-0.007251,51.509011],[-0.007509,51.509059],[-0.007584,51.509063],[-0.007921,51.50907]],[[-0.009945,51.508471],[-0.010075,51.508464],[-0.009932,51.508472],[-0.009945,51.508471]]]]},"properties":{"entry-date":"2024-09-12","start-date":"2023-06-14","entity":7010004227,"name":"Poplar High Street","dataset":"article-4-direction-area","typology":"geography","reference":"LBTH_Art4_11","prefix":"article-4-direction-area","organisation-entity":350,"quality":"authoritative","description":"The council has confirmed an Article 4 direction to remove permitted development rights for changes of use from Class E uses to Residential (Class C3) uses in certain parts of the borough.","in_zone":true,"whole_in_zone":true,"in_cw":true,"organisation":"London Borough of Tower Hamlets"}},
{"type":"Feature","geometry":{"type":"MultiPolygon","coordinates":[[[[-0.024982,51.509807],[-0.025002,51.509819],[-0.025227,51.509994],[-0.025266,51.510019],[-0.025281,51.510025],[-0.025303,51.510031],[-0.025511,51.510208],[-0.025523,51.510208],[-0.025567,51.510185],[-0.025602,51.510164],[-0.025708,51.510106],[-0.025445,51.50991],[-0.025436,51.509892],[-0.025416,51.509865],[-0.025391,51.509842],[-0.025188,51.509689],[-0.025168,51.509676],[-0.025125,51.509652],[-0.025074,51.509632],[-0.025047,51.509625],[-0.025007,51.509619],[-0.024688,51.509594],[-0.024606,51.509588],[-0.024596,51.509589],[-0.024198,51.509567],[-0.024211,51.509611],[-0.024181,51.5098],[-0.024393,51.509811],[-0.024555,51.509774],[-0.024934,51.509799],[-0.024971,51.509803],[-0.024974,51.509801],[-0.024982,51.509807]]]]},"properties":{"entry-date":"2024-09-12","start-date":"2023-06-14","entity":7010004228,"name":"Pennyfields","dataset":"article-4-direction-area","typology":"geography","reference":"LBTH_Art4_12","prefix":"article-4-direction-area","organisation-entity":350,"quality":"authoritative","description":"The council has confirmed an Article 4 direction to remove permitted development rights for changes of use from Class E uses to Residential (Class C3) uses in certain parts of the borough.","in_zone":true,"whole_in_zone":true,"in_cw":true,"organisation":"London Borough of Tower Hamlets"}},
{"type":"Feature","geometry":{"type":"MultiPolygon","coordinates":[[[[-0.04225,51.511484],[-0.042241,51.511505],[-0.04224,51.511511],[-0.042244,51.511514],[-0.042228,51.511531],[-0.042214,51.511562],[-0.043547,51.511527],[-0.04433,51.51149],[-0.044339,51.511492],[-0.044389,51.511493],[-0.044755,51.511493],[-0.044762,51.511497],[-0.044767,51.511502],[-0.044768,51.511518],[-0.044869,51.511492],[-0.044912,51.511492],[-0.045144,51.5115],[-0.045271,51.511499],[-0.045551,51.511491],[-0.045686,51.511489],[-0.045698,51.511486],[-0.045715,51.51147],[-0.045724,51.511454],[-0.045724,51.511443],[-0.045722,51.511432],[-0.045604,51.51102],[-0.045592,51.510984],[-0.045523,51.510803],[-0.045371,51.510382],[-0.045361,51.510365],[-0.045351,51.510358],[-0.045323,51.510351],[-0.045302,51.51035],[-0.045172,51.51036],[-0.045112,51.510362],[-0.044904,51.510374],[-0.04489,51.510373],[-0.044647,51.51039],[-0.044635,51.510388],[-0.044524,51.510393],[-0.043889,51.510429],[-0.04372,51.510439],[-0.043575,51.510451],[-0.043563,51.510448],[-0.043547,51.510448],[-0.043492,51.510452],[-0.043474,51.510458],[-0.043347,51.51047],[-0.043325,51.510469],[-0.043282,51.510474],[-0.043252,51.51048],[-0.043033,51.510504],[-0.042937,51.510517],[-0.042591,51.510569],[-0.042558,51.510574],[-0.042482,51.510592],[-0.042422,51.510613],[-0.042396,51.510627],[-0.042357,51.510653],[-0.042326,51.510681],[-0.042312,51.510698],[-0.042289,51.510732],[-0.042273,51.510764],[-0.042264,51.510786],[-0.042257,51.51081],[-0.042251,51.510883],[-0.042253,51.510913],[-0.04226,51.510946],[-0.042279,51.51108],[-0.042276,51.511086],[-0.042275,51.511093],[-0.042278,51.511104],[-0.042285,51.511155],[-0.04229,51.511225],[-0.04229,51.511266],[-0.042289,51.511307],[-0.042282,51.511385],[-0.042274,51.511428],[-0.04225,51.511484]]]]},"properties":{"entry-date":"2024-09-12","start-date":"2023-06-14","entity":7010004229,"name":"The Highway","dataset":"article-4-direction-area","typology":"geography","reference":"LBTH_Art4_13","prefix":"article-4-direction-area","organisation-entity":350,"quality":"authoritative","description":"The council has confirmed an Article 4 direction to remove permitted development rights for changes of use from Class E uses to Residential (Class C3) uses in certain parts of the borough.","in_zone":true,"whole_in_zone":true,"in_cw":false,"organisation":"London Borough of Tower Hamlets"}},
{"type":"Feature","geometry":{"type":"MultiPolygon","coordinates":[[[[-0.028861,51.51257],[-0.02887,51.512608],[-0.028911,51.51261],[-0.028902,51.51269],[-0.029115,51.512708],[-0.029127,51.512663],[-0.029143,51.512618],[-0.029163,51.512548],[-0.02919,51.512551],[-0.029196,51.512524],[-0.029227,51.512528],[-0.029232,51.51251],[-0.029286,51.512515],[-0.029309,51.512425],[-0.029546,51.512443],[-0.029556,51.512406],[-0.029537,51.512393],[-0.029158,51.512302],[-0.028891,51.512227],[-0.028832,51.512209],[-0.028504,51.512118],[-0.028423,51.512097],[-0.028356,51.512084],[-0.028171,51.512064],[-0.028144,51.512073],[-0.028132,51.512169],[-0.028135,51.512169],[-0.028118,51.512272],[-0.028093,51.51227],[-0.02802,51.512624],[-0.028199,51.512635],[-0.028202,51.512612],[-0.028205,51.512612],[-0.028219,51.512541],[-0.028316,51.512547],[-0.028342,51.512424],[-0.028367,51.512423],[-0.02837,51.512411],[-0.028492,51.512407],[-0.028718,51.512414],[-0.028713,51.512466],[-0.028837,51.512471],[-0.028861,51.51257]]]]},"properties":{"entry-date":"2024-09-12","start-date":"2023-06-14","entity":7010004230,"name":"Burdett Road South 1","dataset":"article-4-direction-area","typology":"geography","reference":"LBTH_Art4_14","prefix":"article-4-direction-area","organisation-entity":350,"quality":"authoritative","description":"The council has confirmed an Article 4 direction to remove permitted development rights for changes of use from Class E uses to Residential (Class C3) uses in certain parts of the borough.","in_zone":true,"whole_in_zone":true,"in_cw":false,"organisation":"London Borough of Tower Hamlets"}},
{"type":"Feature","geometry":{"type":"MultiPolygon","coordinates":[[[[-0.029603,51.512751],[-0.029762,51.512761],[-0.029761,51.51259],[-0.029946,51.512613],[-0.029919,51.512485],[-0.029895,51.512484],[-0.029722,51.512454],[-0.029651,51.512469],[-0.029603,51.512751]]]]},"properties":{"entry-date":"2024-09-12","start-date":"2023-06-14","entity":7010004231,"name":"Burdett Road South 2","dataset":"article-4-direction-area","typology":"geography","reference":"LBTH_Art4_15","prefix":"article-4-direction-area","organisation-entity":350,"quality":"authoritative","description":"The council has confirmed an Article 4 direction to remove permitted development rights for changes of use from Class E uses to Residential (Class C3) uses in certain parts of the borough.","in_zone":true,"whole_in_zone":true,"in_cw":false,"organisation":"London Borough of Tower Hamlets"}},
{"type":"Feature","geometry":{"type":"MultiPolygon","coordinates":[[[[-0.037689,51.513054],[-0.038222,51.513081],[-0.038228,51.513052],[-0.038376,51.513059],[-0.038605,51.512944],[-0.038607,51.512927],[-0.038556,51.512925],[-0.038561,51.512877],[-0.038516,51.512875],[-0.038517,51.512866],[-0.038451,51.512863],[-0.038455,51.512832],[-0.038283,51.512823],[-0.038286,51.512807],[-0.038272,51.512806],[-0.038274,51.512798],[-0.03817,51.512789],[-0.03817,51.512787],[-0.037623,51.512761],[-0.037604,51.51278],[-0.0376,51.513024],[-0.037691,51.513027],[-0.037689,51.513054]]]]},"properties":{"entry-date":"2024-09-12","start-date":"2023-06-14","entity":7010004232,"name":"Limehouse 1","dataset":"article-4-direction-area","typology":"geography","reference":"LBTH_Art4_16","prefix":"article-4-direction-area","organisation-entity":350,"quality":"authoritative","description":"The council has confirmed an Article 4 direction to remove permitted development rights for changes of use from Class E uses to Residential (Class C3) uses in certain parts of the borough.","in_zone":true,"whole_in_zone":true,"in_cw":false,"organisation":"London Borough of Tower Hamlets"}},
{"type":"Feature","geometry":{"type":"MultiPolygon","coordinates":[[[[-0.042304,51.513386],[-0.042688,51.513432],[-0.042707,51.513369],[-0.042905,51.513384],[-0.043147,51.513384],[-0.043147,51.513397],[-0.043209,51.513396],[-0.043209,51.513386],[-0.043478,51.513383],[-0.043479,51.513322],[-0.043493,51.513083],[-0.043599,51.513095],[-0.043748,51.513106],[-0.044251,51.513106],[-0.044237,51.512361],[-0.043992,51.512364],[-0.043989,51.51249],[-0.043742,51.51249],[-0.043747,51.512958],[-0.043618,51.512954],[-0.043504,51.512955],[-0.043501,51.512992],[-0.043478,51.512991],[-0.043478,51.512986],[-0.043425,51.512984],[-0.043428,51.512927],[-0.043382,51.512925],[-0.043381,51.512936],[-0.043261,51.512923],[-0.04326,51.512931],[-0.043192,51.512924],[-0.043087,51.512917],[-0.043072,51.512917],[-0.043067,51.51292],[-0.042931,51.512917],[-0.042932,51.512789],[-0.042483,51.512787],[-0.042477,51.512873],[-0.042463,51.512873],[-0.042463,51.512868],[-0.042378,51.512867],[-0.042378,51.512857],[-0.04232,51.512857],[-0.042319,51.512834],[-0.042378,51.512832],[-0.042381,51.512794],[-0.042203,51.512798],[-0.042116,51.512793],[-0.042113,51.512726],[-0.041954,51.512722],[-0.041979,51.512676],[-0.041909,51.512676],[-0.041898,51.512701],[-0.041865,51.512693],[-0.041878,51.512663],[-0.041842,51.512654],[-0.041841,51.512656],[-0.041817,51.512653],[-0.041806,51.512671],[-0.041727,51.512653],[-0.041618,51.512793],[-0.041588,51.512783],[-0.041545,51.51273],[-0.041556,51.51269],[-0.041564,51.512674],[-0.04125,51.51261],[-0.041288,51.512539],[-0.041281,51.512534],[-0.041053,51.512491],[-0.040908,51.512459],[-0.040863,51.512532],[-0.04084,51.512527],[-0.040834,51.512535],[-0.040819,51.512536],[-0.040803,51.512532],[-0.040794,51.512545],[-0.040757,51.512537],[-0.04073,51.512529],[-0.040735,51.512516],[-0.040664,51.512509],[-0.04064,51.512578],[-0.040592,51.512575],[-0.040602,51.512541],[-0.04058,51.512539],[-0.040568,51.512574],[-0.040496,51.51257],[-0.040484,51.512598],[-0.040443,51.512597],[-0.040462,51.512538],[-0.040428,51.512533],[-0.040424,51.512543],[-0.040128,51.51257],[-0.040106,51.512574],[-0.03991,51.512648],[-0.039906,51.51265],[-0.039905,51.512655],[-0.039903,51.512657],[-0.039799,51.512653],[-0.039495,51.512777],[-0.03934,51.512837],[-0.039349,51.512845],[-0.039331,51.512962],[-0.039353,51.512963],[-0.039359,51.512934],[-0.039533,51.512945],[-0.039803,51.512953],[-0.03982,51.512878],[-0.039805,51.512863],[-0.039993,51.512878],[-0.040315,51.512893],[-0.040308,51.512932],[-0.040406,51.512933],[-0.040403,51.512955],[-0.040434,51.512957],[-0.040424,51.513003],[-0.04047,51.513007],[-0.040482,51.512962],[-0.040592,51.512971],[-0.040593,51.512974],[-0.040607,51.512975],[-0.040602,51.512997],[-0.040647,51.513002],[-0.040655,51.512983],[-0.04067,51.512983],[-0.04068,51.51295],[-0.040781,51.512955],[-0.040829,51.512955],[-0.040836,51.512925],[-0.040862,51.512925],[-0.040959,51.51295],[-0.040945,51.512972],[-0.040852,51.512957],[-0.040841,51.512978],[-0.040885,51.512986],[-0.040873,51.51301],[-0.040872,51.513011],[-0.040797,51.512999],[-0.040777,51.513043],[-0.040696,51.513028],[-0.04065,51.513114],[-0.040738,51.513129],[-0.040719,51.513171],[-0.040652,51.51316],[-0.040639,51.513188],[-0.040711,51.513201],[-0.040702,51.513218],[-0.040676,51.513214],[-0.04067,51.513229],[-0.040863,51.513266],[-0.040864,51.513265],[-0.040994,51.513289],[-0.040973,51.513331],[-0.041017,51.513344],[-0.041137,51.51337],[-0.041141,51.513364],[-0.041225,51.513383],[-0.041244,51.513348],[-0.041261,51.51335],[-0.04132,51.513238],[-0.041204,51.513217],[-0.041226,51.513179],[-0.04123,51.513169],[-0.041102,51.513142],[-0.041116,51.513113],[-0.041256,51.513142],[-0.041277,51.513103],[-0.041299,51.513108],[-0.041307,51.513094],[-0.041536,51.513143],[-0.041521,51.513171],[-0.041619,51.513195],[-0.041744,51.51322],[-0.041718,51.513273],[-0.041709,51.513288],[-0.041697,51.513317],[-0.041726,51.513325],[-0.041749,51.513328],[-0.042304,51.513386]]]]},"properties":{"entry-date":"2024-09-12","start-date":"2023-06-14","entity":7010004233,"name":"Limehouse 2","dataset":"article-4-direction-area","typology":"geography","reference":"LBTH_Art4_17","prefix":"article-4-direction-area","organisation-entity":350,"quality":"authoritative","description":"The council has confirmed an Article 4 direction to remove permitted development rights for changes of use from Class E uses to Residential (Class C3) uses in certain parts of the borough.","in_zone":true,"whole_in_zone":true,"in_cw":false,"organisation":"London Borough of Tower Hamlets"}},
{"type":"Feature","geometry":{"type":"MultiPolygon","coordinates":[[[[-0.062715,51.513574],[-0.062715,51.513577],[-0.06279,51.513576],[-0.062778,51.513384],[-0.063088,51.513375],[-0.063219,51.513374],[-0.063533,51.513366],[-0.063551,51.51336],[-0.063564,51.513346],[-0.063563,51.513264],[-0.063558,51.513249],[-0.063551,51.513241],[-0.063542,51.513234],[-0.063523,51.513225],[-0.063503,51.513221],[-0.063376,51.513225],[-0.063094,51.51323],[-0.062767,51.513233],[-0.062633,51.513236],[-0.062611,51.513239],[-0.062601,51.513274],[-0.062604,51.513418],[-0.062586,51.513418],[-0.062589,51.513519],[-0.062608,51.513518],[-0.06261,51.513561],[-0.062713,51.513559],[-0.062715,51.513574]]]]},"properties":{"entry-date":"2024-09-12","start-date":"2023-06-14","entity":7010004234,"name":"Burslem Street","dataset":"article-4-direction-area","typology":"geography","reference":"LBTH_Art4_18","prefix":"article-4-direction-area","organisation-entity":350,"quality":"authoritative","description":"The council has confirmed an Article 4 direction to remove permitted development rights for changes of use from Class E uses to Residential (Class C3) uses in certain parts of the borough.","in_zone":true,"whole_in_zone":true,"in_cw":false,"organisation":"London Borough of Tower Hamlets"}},
{"type":"Feature","geometry":{"type":"MultiPolygon","coordinates":[[[[-0.013887,51.512352],[-0.014309,51.51347],[-0.014321,51.5135],[-0.014332,51.513511],[-0.014348,51.513522],[-0.014367,51.513529],[-0.014387,51.513532],[-0.014405,51.513532],[-0.014434,51.513529],[-0.014446,51.513535],[-0.014884,51.513497],[-0.0149,51.513494],[-0.014924,51.513485],[-0.014943,51.513472],[-0.01495,51.513464],[-0.014954,51.513454],[-0.014954,51.513447],[-0.01495,51.51344],[-0.015039,51.513426],[-0.015076,51.513533],[-0.01512,51.51353],[-0.015357,51.513492],[-0.015355,51.513451],[-0.015521,51.513427],[-0.015577,51.513487],[-0.015716,51.513464],[-0.015688,51.513402],[-0.015773,51.513389],[-0.01595,51.513374],[-0.015873,51.513078],[-0.015857,51.513075],[-0.015831,51.51297],[-0.015827,51.51297],[-0.015731,51.512612],[-0.015693,51.512508],[-0.015699,51.512508],[-0.015717,51.512502],[-0.01573,51.512493],[-0.015735,51.512486],[-0.01574,51.512473],[-0.015739,51.512448],[-0.015664,51.512169],[-0.015613,51.51197],[-0.015591,51.511896],[-0.015553,51.511731],[-0.015393,51.511156],[-0.013721,51.511238],[-0.013652,51.511244],[-0.013623,51.51125],[-0.013596,51.511257],[-0.013583,51.511263],[-0.013561,51.511277],[-0.013539,51.511297],[-0.013533,51.511305],[-0.013528,51.511322],[-0.013527,51.51134],[-0.013583,51.511534],[-0.013614,51.511636],[-0.013668,51.511801],[-0.013707,51.511909],[-0.013855,51.512296],[-0.013874,51.512337],[-0.013887,51.512352]]]]},"properties":{"entry-date":"2024-09-12","start-date":"2023-06-14","entity":7010004235,"name":"Chrisp Street","dataset":"article-4-direction-area","typology":"geography","reference":"LBTH_Art4_19","prefix":"article-4-direction-area","organisation-entity":350,"quality":"authoritative","description":"The council has confirmed an Article 4 direction to remove permitted development rights for changes of use from Class E uses to Residential (Class C3) uses in certain parts of the borough.","in_zone":true,"whole_in_zone":true,"in_cw":false,"organisation":"London Borough of Tower Hamlets"}},
{"type":"Feature","geometry":{"type":"MultiPolygon","coordinates":[[[[-0.033834,51.513862],[-0.033786,51.513885],[-0.033784,51.513895],[-0.033948,51.514021],[-0.034002,51.51406],[-0.034078,51.514023],[-0.034033,51.51399],[-0.034022,51.513984],[-0.034097,51.513946],[-0.034074,51.513927],[-0.034016,51.513884],[-0.034007,51.513874],[-0.033977,51.513854],[-0.033964,51.513861],[-0.033946,51.513846],[-0.033934,51.51385],[-0.033903,51.513828],[-0.03383,51.51377],[-0.033861,51.513753],[-0.033582,51.513542],[-0.033696,51.513486],[-0.033642,51.513446],[-0.033595,51.513408],[-0.033287,51.513173],[-0.033183,51.513173],[-0.033038,51.513246],[-0.032823,51.513358],[-0.032723,51.513281],[-0.03255,51.51337],[-0.032599,51.513409],[-0.032553,51.513435],[-0.032727,51.51357],[-0.032852,51.513664],[-0.032915,51.51363],[-0.032943,51.51365],[-0.032879,51.513685],[-0.032903,51.513699],[-0.032901,51.513701],[-0.032982,51.51376],[-0.033027,51.513737],[-0.033079,51.513774],[-0.033248,51.513684],[-0.033469,51.513576],[-0.033765,51.513803],[-0.033834,51.513862]]]]},"properties":{"entry-date":"2024-09-12","start-date":"2023-06-14","entity":7010004236,"name":"Salmon Lane","dataset":"article-4-direction-area","typology":"geography","reference":"LBTH_Art4_20","prefix":"article-4-direction-area","organisation-entity":350,"quality":"authoritative","description":"The council has confirmed an Article 4 direction to remove permitted development rights for changes of use from Class E uses to Residential (Class C3) uses in certain parts of the borough.","in_zone":true,"whole_in_zone":true,"in_cw":false,"organisation":"London Borough of Tower Hamlets"}},
{"type":"Feature","geometry":{"type":"MultiPolygon","coordinates":[[[[-0.00575,51.513615],[-0.005771,51.513656],[-0.005854,51.513835],[-0.006028,51.513803],[-0.005655,51.513004],[-0.00548,51.513034],[-0.005551,51.513188],[-0.005309,51.513234],[-0.005246,51.5131],[-0.005074,51.513131],[-0.005058,51.513097],[-0.004925,51.513122],[-0.004984,51.513248],[-0.005062,51.513234],[-0.005082,51.513277],[-0.005158,51.513263],[-0.005331,51.513625],[-0.005255,51.51364],[-0.005268,51.513664],[-0.005367,51.513646],[-0.005361,51.513634],[-0.005427,51.51362],[-0.005729,51.513569],[-0.00575,51.513615]]]]},"properties":{"entry-date":"2024-09-12","start-date":"2023-06-14","entity":7010004237,"name":"Aberfeldy Street","dataset":"article-4-direction-area","typology":"geography","reference":"LBTH_Art4_21","prefix":"article-4-direction-area","organisation-entity":350,"quality":"authoritative","description":"The council has confirmed an Article 4 direction to remove permitted development rights for changes of use from Class E uses to Residential (Class C3) uses in certain parts of the borough.","in_zone":true,"whole_in_zone":true,"in_cw":false,"organisation":"London Borough of Tower Hamlets"}},
{"type":"Feature","geometry":{"type":"MultiPolygon","coordinates":[[[[0.007393,51.512728],[0.007398,51.512822],[0.007381,51.512823],[0.007343,51.512931],[0.007303,51.513004],[0.00728,51.513079],[0.007254,51.513201],[0.007122,51.513588],[0.006827,51.51385],[0.006695,51.513924],[0.006536,51.513952],[0.006285,51.513983],[0.00594,51.513929],[0.005837,51.513841],[0.005838,51.513825],[0.005787,51.513782],[0.005767,51.513768],[0.005686,51.513704],[0.005654,51.513674],[0.005642,51.513661],[0.005514,51.513484],[0.005465,51.513406],[0.005444,51.513366],[0.005375,51.513193],[0.00532,51.513062],[0.005316,51.513049],[0.005269,51.512819],[0.005235,51.512595],[0.005216,51.512489],[0.005189,51.512305],[0.005166,51.512269],[0.005131,51.511983],[0.005117,51.511936],[0.005078,51.511862],[0.004956,51.511529],[0.004931,51.511481],[0.00495,51.511475],[0.004948,51.511471],[0.004911,51.511426],[0.004888,51.511393],[0.004857,51.511332],[0.00459,51.510862],[0.004485,51.510751],[0.004504,51.510744],[0.004439,51.510672],[0.00442,51.510654],[0.004377,51.510622],[0.004352,51.510607],[0.004327,51.510595],[0.00408,51.510497],[0.004001,51.510476],[0.00436,51.51026],[0.004456,51.510267],[0.004588,51.510272],[0.004727,51.510274],[0.004875,51.510272],[0.005015,51.510214],[0.005185,51.510223],[0.005562,51.510238],[0.005664,51.510467],[0.005805,51.510567],[0.005826,51.510621],[0.005811,51.510624],[0.00596,51.510764],[0.006056,51.51085],[0.006051,51.510853],[0.006287,51.511045],[0.006446,51.511168],[0.006498,51.51121],[0.006518,51.511229],[0.006535,51.511256],[0.006654,51.511488],[0.006707,51.51158],[0.006713,51.51158],[0.00674,51.511625],[0.006832,51.511763],[0.006838,51.511763],[0.006863,51.5118],[0.006953,51.511953],[0.007152,51.512208],[0.007211,51.512371],[0.007266,51.512507],[0.00731,51.512648],[0.007312,51.512648],[0.007393,51.512728]]]]},"properties":{"entry-date":"2024-09-12","start-date":"2023-06-14","entity":7010004238,"name":"London City Island","dataset":"article-4-direction-area","typology":"geography","reference":"LBTH_Art4_22","prefix":"article-4-direction-area","organisation-entity":350,"quality":"authoritative","description":"The council has confirmed an Article 4 direction to remove permitted development rights for changes of use from Class E uses to Residential (Class C3) uses in certain parts of the borough.","in_zone":true,"whole_in_zone":true,"in_cw":false,"organisation":"London Borough of Tower Hamlets"}},
{"type":"Feature","geometry":{"type":"MultiPolygon","coordinates":[[[[-0.023163,51.516349],[-0.023293,51.516472],[-0.023273,51.51648],[-0.023435,51.516633],[-0.023965,51.516422],[-0.023932,51.516385],[-0.024004,51.516357],[-0.024037,51.516391],[-0.02496,51.516019],[-0.025175,51.515931],[-0.025172,51.515926],[-0.025139,51.515893],[-0.025208,51.515865],[-0.025243,51.515898],[-0.025752,51.515694],[-0.025697,51.515638],[-0.025735,51.515625],[-0.025301,51.515197],[-0.02496,51.515329],[-0.024503,51.515513],[-0.024032,51.515704],[-0.024016,51.515721],[-0.023858,51.51578],[-0.023882,51.515817],[-0.023642,51.515926],[-0.023578,51.515957],[-0.023493,51.515925],[-0.022952,51.516144],[-0.023163,51.516349]]]]},"properties":{"entry-date":"2024-09-12","start-date":"2023-06-14","entity":7010004239,"name":"Thomas Road","dataset":"article-4-direction-area","typology":"geography","reference":"LBTH_Art4_23","prefix":"article-4-direction-area","organisation-entity":350,"quality":"authoritative","description":"The council has confirmed an Article 4 direction to remove permitted development rights for changes of use from Class E uses to Residential (Class C3) uses in certain parts of the borough.","in_zone":true,"whole_in_zone":true,"in_cw":false,"organisation":"London Borough of Tower Hamlets"}},
{"type":"Feature","geometry":{"type":"MultiPolygon","coordinates":[[[[0.003209,51.515163],[0.003183,51.515184],[0.003119,51.515231],[0.003031,51.515291],[0.002996,51.515312],[0.002689,51.515509],[0.002405,51.515643],[0.001915,51.515846],[0.001818,51.515882],[0.001351,51.51604],[0.000314,51.516381],[0.000215,51.516418],[-0.000191,51.515853],[-0.000305,51.515696],[-0.000319,51.51568],[-0.000286,51.515672],[-0.000291,51.515656],[-0.000152,51.515616],[0.001331,51.515209],[0.001437,51.515181],[0.001442,51.515188],[0.001934,51.515046],[0.002011,51.514932],[0.002038,51.514889],[0.002222,51.514652],[0.002255,51.514644],[0.002391,51.51447],[0.002583,51.514543],[0.002711,51.514588],[0.00284,51.514631],[0.002974,51.514672],[0.003105,51.51471],[0.00324,51.514746],[0.003513,51.514813],[0.003494,51.514852],[0.003483,51.514868],[0.003397,51.51498],[0.003306,51.515081],[0.003278,51.515106],[0.003209,51.515163]]]]},"properties":{"entry-date":"2024-09-12","start-date":"2023-06-14","entity":7010004240,"name":"Blackwall Trading Estate","dataset":"article-4-direction-area","typology":"geography","reference":"LBTH_Art4_24","prefix":"article-4-direction-area","organisation-entity":350,"quality":"authoritative","description":"The council has confirmed an Article 4 direction to remove permitted development rights for changes of use from Class E uses to Residential (Class C3) uses in certain parts of the borough.","in_zone":true,"whole_in_zone":true,"in_cw":false,"organisation":"London Borough of Tower Hamlets"}},
{"type":"Feature","geometry":{"type":"MultiPolygon","coordinates":[[[[-0.03829,51.518238],[-0.038484,51.518336],[-0.038506,51.518342],[-0.038729,51.518318],[-0.040363,51.518168],[-0.040489,51.518154],[-0.040569,51.518147],[-0.040576,51.518144],[-0.040587,51.518135],[-0.040593,51.518124],[-0.040593,51.51812],[-0.040567,51.518022],[-0.040566,51.51801],[-0.040547,51.517991],[-0.040532,51.517984],[-0.040509,51.517982],[-0.040299,51.518001],[-0.040245,51.517777],[-0.040192,51.51758],[-0.040167,51.517481],[-0.040161,51.517472],[-0.040153,51.517426],[-0.040147,51.517428],[-0.040139,51.517428],[-0.040103,51.517425],[-0.040083,51.517426],[-0.040001,51.51742],[-0.039659,51.517402],[-0.039238,51.517404],[-0.039104,51.517398],[-0.039126,51.517508],[-0.039179,51.517733],[-0.039114,51.517739],[-0.039123,51.517775],[-0.039143,51.517774],[-0.039145,51.51778],[-0.039191,51.517776],[-0.0392,51.517815],[-0.03885,51.517847],[-0.038874,51.517948],[-0.038845,51.517939],[-0.038781,51.517944],[-0.038796,51.51803],[-0.038769,51.518049],[-0.038731,51.518061],[-0.038528,51.518076],[-0.038507,51.518068],[-0.038396,51.518058],[-0.038353,51.518085],[-0.038328,51.517892],[-0.038204,51.517901],[-0.03824,51.518127],[-0.038278,51.518124],[-0.03829,51.518238]]]]},"properties":{"entry-date":"2024-09-12","start-date":"2023-06-14","entity":7010004241,"name":"Ben Jonson Road","dataset":"article-4-direction-area","typology":"geography","reference":"LBTH_Art4_25","prefix":"article-4-direction-area","organisation-entity":350,"quality":"authoritative","description":"The council has confirmed an Article 4 direction to remove permitted development rights for changes of use from Class E uses to Residential (Class C3) uses in certain parts of the borough.","in_zone":true,"whole_in_zone":true,"in_cw":false,"organisation":"London Borough of Tower Hamlets"}},
{"type":"Feature","geometry":{"type":"MultiPolygon","coordinates":[[[[-0.025725,51.518146],[-0.025813,51.518132],[-0.025845,51.518124],[-0.025874,51.51812],[-0.025902,51.518131],[-0.02598,51.518117],[-0.025992,51.5181],[-0.02629,51.518049],[-0.026463,51.518021],[-0.026457,51.517992],[-0.026405,51.517872],[-0.0264,51.517857],[-0.026267,51.517878],[-0.02627,51.517885],[-0.026232,51.517891],[-0.026236,51.517899],[-0.026048,51.51793],[-0.026035,51.517899],[-0.025961,51.517912],[-0.025974,51.517942],[-0.02591,51.517953],[-0.025903,51.517937],[-0.025764,51.517959],[-0.02565,51.51798],[-0.025703,51.518111],[-0.025725,51.518146]]]]},"properties":{"entry-date":"2024-09-12","start-date":"2023-06-14","entity":7010004242,"name":"St Paul's way","dataset":"article-4-direction-area","typology":"geography","reference":"LBTH_Art4_26","prefix":"article-4-direction-area","organisation-entity":350,"quality":"authoritative","description":"The council has confirmed an Article 4 direction to remove permitted development rights for changes of use from Class E uses to Residential (Class C3) uses in certain parts of the borough.","in_zone":true,"whole_in_zone":true,"in_cw":false,"organisation":"London Borough of Tower Hamlets"}},
{"type":"Feature","geometry":{"type":"MultiPolygon","coordinates":[[[[-0.016715,51.519485],[-0.01673,51.519512],[-0.01692,51.519471],[-0.01691,51.519453],[-0.017093,51.519442],[-0.017128,51.519507],[-0.017172,51.519489],[-0.017361,51.519449],[-0.017175,51.51905],[-0.017236,51.519032],[-0.017025,51.518738],[-0.016986,51.518663],[-0.016811,51.518736],[-0.016789,51.518729],[-0.016781,51.518741],[-0.016621,51.518844],[-0.016585,51.518857],[-0.016535,51.518886],[-0.016539,51.518906],[-0.016525,51.518908],[-0.016391,51.518962],[-0.016401,51.518972],[-0.016397,51.518974],[-0.016418,51.519015],[-0.016534,51.519234],[-0.016647,51.519441],[-0.016649,51.519444],[-0.016688,51.519436],[-0.016715,51.519485]]]]},"properties":{"entry-date":"2024-09-12","start-date":"2023-06-14","entity":7010004243,"name":"Caspian Wharf","dataset":"article-4-direction-area","typology":"geography","reference":"LBTH_Art4_27","prefix":"article-4-direction-area","organisation-entity":350,"quality":"authoritative","description":"The council has confirmed an Article 4 direction to remove permitted development rights for changes of use from Class E uses to Residential (Class C3) uses in certain parts of the borough.","in_zone":true,"whole_in_zone":true,"in_cw":false,"organisation":"London Borough of Tower Hamlets"}},
{"type":"Feature","geometry":{"type":"MultiPolygon","coordinates":[[[[-0.046805,51.521485],[-0.046795,51.521486],[-0.046881,51.521597],[-0.046979,51.521569],[-0.046977,51.521566],[-0.047049,51.521556],[-0.047284,51.521519],[-0.047466,51.521493],[-0.047672,51.521459],[-0.047744,51.52145],[-0.047714,51.521381],[-0.047712,51.521369],[-0.04757,51.521393],[-0.047168,51.521453],[-0.047085,51.521468],[-0.046945,51.521487],[-0.046933,51.521457],[-0.046892,51.521468],[-0.046805,51.521485]]]]},"properties":{"entry-date":"2024-09-12","start-date":"2023-06-14","entity":7010004244,"name":"Stepney Green 1","dataset":"article-4-direction-area","typology":"geography","reference":"LBTH_Art4_28","prefix":"article-4-direction-area","organisation-entity":350,"quality":"authoritative","description":"The council has confirmed an Article 4 direction to remove permitted development rights for changes of use from Class E uses to Residential (Class C3) uses in certain parts of the borough.","in_zone":true,"whole_in_zone":true,"in_cw":false,"organisation":"London Borough of Tower Hamlets"}},
{"type":"Feature","geometry":{"type":"MultiPolygon","coordinates":[[[[-0.045104,51.521701],[-0.045127,51.521695],[-0.04513,51.521699],[-0.045213,51.521677],[-0.045199,51.521656],[-0.045262,51.52164],[-0.044985,51.521235],[-0.044963,51.52124],[-0.044962,51.521239],[-0.044951,51.521221],[-0.044971,51.521215],[-0.044868,51.521064],[-0.044835,51.521057],[-0.044691,51.521095],[-0.044805,51.52126],[-0.044802,51.521261],[-0.044813,51.521279],[-0.044857,51.52134],[-0.045037,51.521606],[-0.045104,51.521701]]]]},"properties":{"entry-date":"2024-09-12","start-date":"2023-06-14","entity":7010004245,"name":"Stepney Green 2","dataset":"article-4-direction-area","typology":"geography","reference":"LBTH_Art4_29","prefix":"article-4-direction-area","organisation-entity":350,"quality":"authoritative","description":"The council has confirmed an Article 4 direction to remove permitted development rights for changes of use from Class E uses to Residential (Class C3) uses in certain parts of the borough.","in_zone":true,"whole_in_zone":true,"in_cw":false,"organisation":"London Borough of Tower Hamlets"}},
{"type":"Feature","geometry":{"type":"MultiPolygon","coordinates":[[[[-0.044665,51.522487],[-0.044667,51.522494],[-0.044817,51.52247],[-0.044803,51.522436],[-0.044829,51.522432],[-0.044809,51.522341],[-0.044818,51.522338],[-0.044908,51.522326],[-0.044919,51.522352],[-0.045056,51.522331],[-0.045069,51.522362],[-0.045119,51.522354],[-0.045114,51.52234],[-0.04513,51.522339],[-0.045143,51.522376],[-0.045145,51.522388],[-0.045212,51.522381],[-0.045193,51.522335],[-0.045172,51.522271],[-0.045308,51.522252],[-0.045315,51.522268],[-0.045354,51.52226],[-0.045389,51.522333],[-0.045399,51.522331],[-0.045416,51.522358],[-0.045556,51.522336],[-0.045571,51.522374],[-0.045656,51.52236],[-0.045662,51.522371],[-0.045732,51.522359],[-0.045738,51.522373],[-0.045785,51.522365],[-0.045772,51.522333],[-0.045813,51.522326],[-0.045823,51.52232],[-0.045827,51.522309],[-0.045852,51.522304],[-0.045845,51.522287],[-0.045861,51.522284],[-0.045857,51.522275],[-0.045942,51.522254],[-0.045937,51.522243],[-0.045965,51.522236],[-0.045901,51.522137],[-0.045923,51.522131],[-0.046035,51.522276],[-0.046049,51.522286],[-0.04611,51.522273],[-0.046143,51.522331],[-0.046359,51.522284],[-0.046358,51.522235],[-0.04633,51.522207],[-0.046405,51.522179],[-0.046314,51.522089],[-0.046478,51.522041],[-0.046519,51.52208],[-0.046679,51.522245],[-0.046715,51.522231],[-0.046741,51.522257],[-0.046876,51.522208],[-0.046944,51.522205],[-0.046942,51.522202],[-0.046956,51.522196],[-0.047061,51.522158],[-0.04706,51.522145],[-0.047329,51.522087],[-0.047333,51.522093],[-0.047708,51.522016],[-0.047706,51.522015],[-0.047712,51.521963],[-0.047694,51.521926],[-0.047706,51.521922],[-0.047694,51.521844],[-0.047622,51.521715],[-0.046759,51.521895],[-0.04642,51.521968],[-0.046231,51.522024],[-0.046068,51.522053],[-0.046032,51.522061],[-0.046008,51.522064],[-0.045849,51.5221],[-0.04563,51.52214],[-0.045627,51.522135],[-0.04532,51.52219],[-0.045102,51.52222],[-0.045015,51.522228],[-0.044534,51.522282],[-0.044372,51.522298],[-0.044316,51.522302],[-0.044243,51.522314],[-0.044042,51.522315],[-0.044054,51.522392],[-0.044249,51.522385],[-0.044391,51.522376],[-0.044431,51.52248],[-0.044581,51.522458],[-0.044578,51.522449],[-0.044654,51.522441],[-0.044665,51.522487]]]]},"properties":{"entry-date":"2024-09-12","start-date":"2023-06-14","entity":7010004246,"name":"Stepney Green 3","dataset":"article-4-direction-area","typology":"geography","reference":"LBTH_Art4_30","prefix":"article-4-direction-area","organisation-entity":350,"quality":"authoritative","description":"The council has confirmed an Article 4 direction to remove permitted development rights for changes of use from Class E uses to Residential (Class C3) uses in certain parts of the borough.","in_zone":true,"whole_in_zone":false,"in_cw":false,"organisation":"London Borough of Tower Hamlets"}},
{"type":"Feature","geometry":{"type":"MultiPolygon","coordinates":[[[[-0.019087,51.521726],[-0.019145,51.521901],[-0.019283,51.521883],[-0.019279,51.52187],[-0.019392,51.521857],[-0.01934,51.521693],[-0.019299,51.521697],[-0.019291,51.521673],[-0.019371,51.52146],[-0.019325,51.521223],[-0.019518,51.521196],[-0.01951,51.521168],[-0.019469,51.521153],[-0.019453,51.521145],[-0.019249,51.521068],[-0.019248,51.520853],[-0.019228,51.520846],[-0.019228,51.520831],[-0.019225,51.520831],[-0.019138,51.520795],[-0.019115,51.520798],[-0.019089,51.520785],[-0.018923,51.52082],[-0.018992,51.520946],[-0.018911,51.521119],[-0.01867,51.521172],[-0.018557,51.521377],[-0.018825,51.521418],[-0.019109,51.521451],[-0.019025,51.521678],[-0.019073,51.521685],[-0.019087,51.521726]]]]},"properties":{"entry-date":"2024-09-12","start-date":"2023-06-14","entity":7010004247,"name":"Devon Road 1","dataset":"article-4-direction-area","typology":"geography","reference":"LBTH_Art4_31","prefix":"article-4-direction-area","organisation-entity":350,"quality":"authoritative","description":"The council has confirmed an Article 4 direction to remove permitted development rights for changes of use from Class E uses to Residential (Class C3) uses in certain parts of the borough.","in_zone":true,"whole_in_zone":true,"in_cw":false,"organisation":"London Borough of Tower Hamlets"}},
{"type":"Feature","geometry":{"type":"MultiPolygon","coordinates":[[[[-0.017634,51.522491],[-0.017691,51.522578],[-0.017718,51.522569],[-0.017786,51.522525],[-0.017818,51.522502],[-0.017879,51.522439],[-0.018001,51.522333],[-0.018101,51.522235],[-0.018165,51.522178],[-0.018307,51.522047],[-0.018318,51.522035],[-0.018325,51.522024],[-0.018333,51.522002],[-0.018333,51.521982],[-0.018331,51.52197],[-0.018321,51.521945],[-0.018301,51.521915],[-0.018089,51.521573],[-0.017585,51.521696],[-0.017584,51.521695],[-0.017202,51.521789],[-0.017174,51.521797],[-0.017395,51.52214],[-0.017544,51.522367],[-0.017551,51.522365],[-0.017634,51.522491]]]]},"properties":{"entry-date":"2024-09-12","start-date":"2023-06-14","entity":7010004248,"name":"Devon Road 2","dataset":"article-4-direction-area","typology":"geography","reference":"LBTH_Art4_32","prefix":"article-4-direction-area","organisation-entity":350,"quality":"authoritative","description":"The council has confirmed an Article 4 direction to remove permitted development rights for changes of use from Class E uses to Residential (Class C3) uses in certain parts of the borough.","in_zone":true,"whole_in_zone":false,"in_cw":false,"organisation":"London Borough of Tower Hamlets"}},
{"type":"Feature","geometry":{"type":"MultiPolygon","coordinates":[[[[-0.014901,51.522854],[-0.014936,51.522895],[-0.015077,51.522925],[-0.015238,51.522912],[-0.015733,51.522864],[-0.015867,51.522855],[-0.015888,51.522841],[-0.016245,51.522845],[-0.016511,51.522852],[-0.016562,51.522852],[-0.016686,51.522848],[-0.016747,51.522844],[-0.016822,51.522837],[-0.016947,51.52282],[-0.017019,51.522808],[-0.017136,51.522783],[-0.017235,51.522758],[-0.017291,51.522742],[-0.017421,51.522686],[-0.017279,51.522456],[-0.017235,51.522464],[-0.017198,51.522425],[-0.017193,51.522418],[-0.017186,51.522402],[-0.017184,51.522393],[-0.017178,51.522289],[-0.016853,51.521788],[-0.016377,51.521027],[-0.01624,51.520815],[-0.016132,51.520642],[-0.01608,51.520562],[-0.01604,51.520505],[-0.015951,51.520357],[-0.01578,51.520089],[-0.015753,51.520095],[-0.015735,51.520064],[-0.015303,51.519379],[-0.015318,51.519375],[-0.015264,51.519297],[-0.015171,51.519335],[-0.014979,51.519419],[-0.014101,51.51979],[-0.013955,51.519849],[-0.013664,51.519974],[-0.013407,51.520098],[-0.01318,51.520212],[-0.012987,51.520291],[-0.012711,51.520408],[-0.012628,51.520442],[-0.012601,51.520418],[-0.012012,51.520652],[-0.011941,51.520679],[-0.0119,51.520692],[-0.011815,51.520725],[-0.011727,51.520762],[-0.011711,51.520772],[-0.011703,51.52078],[-0.011663,51.520807],[-0.011579,51.520871],[-0.011248,51.521112],[-0.011107,51.521233],[-0.011034,51.521293],[-0.010818,51.521479],[-0.010804,51.521487],[-0.010757,51.521499],[-0.010716,51.521596],[-0.010682,51.521593],[-0.010667,51.521892],[-0.010645,51.522016],[-0.010628,51.522147],[-0.010623,51.52223],[-0.010622,51.522317],[-0.01069,51.522307],[-0.01097,51.522288],[-0.010996,51.522295],[-0.01102,51.522295],[-0.011044,51.522291],[-0.011207,51.522276],[-0.011226,51.522279],[-0.011237,51.522279],[-0.011247,51.522277],[-0.011845,51.522232],[-0.013556,51.52211],[-0.013963,51.522079],[-0.014134,51.522068],[-0.014332,51.522048],[-0.014671,51.522531],[-0.014901,51.522854]]]]},"properties":{"entry-date":"2024-09-12","start-date":"2023-06-14","entity":7010004251,"name":"Empson Street","dataset":"article-4-direction-area","typology":"geography","reference":"LBTH_Art4_35","prefix":"article-4-direction-area","organisation-entity":350,"quality":"authoritative","description":"The council has confirmed an Article 4 direction to remove permitted development rights for changes of use from Class E uses to Residential (Class C3) uses in certain parts of the borough.","in_zone":true,"whole_in_zone":false,"in_cw":false,"organisation":"London Borough of Tower Hamlets"}},
{"type":"Feature","geometry":{"type":"MultiPolygon","coordinates":[[[[-0.034531,51.525449],[-0.034581,51.525542],[-0.034639,51.525602],[-0.034754,51.525717],[-0.034789,51.525749],[-0.034832,51.525793],[-0.034928,51.525874],[-0.035014,51.525953],[-0.035094,51.526023],[-0.035172,51.525996],[-0.035104,51.525922],[-0.034895,51.525686],[-0.034747,51.525523],[-0.034608,51.525366],[-0.034562,51.525326],[-0.035116,51.525156],[-0.035114,51.525137],[-0.035118,51.525118],[-0.035129,51.5251],[-0.035146,51.525084],[-0.035168,51.525071],[-0.035301,51.525022],[-0.035668,51.524933],[-0.035722,51.524905],[-0.035777,51.524898],[-0.03584,51.524961],[-0.035872,51.52499],[-0.035888,51.524982],[-0.035915,51.524982],[-0.035964,51.524963],[-0.035932,51.524932],[-0.03597,51.524917],[-0.036016,51.524957],[-0.03605,51.524942],[-0.036008,51.524902],[-0.036046,51.524887],[-0.036105,51.524939],[-0.036163,51.524912],[-0.036243,51.524978],[-0.036433,51.524904],[-0.036286,51.524776],[-0.036439,51.524714],[-0.036428,51.524704],[-0.036443,51.524698],[-0.036455,51.524708],[-0.036515,51.524685],[-0.036531,51.524699],[-0.036543,51.524694],[-0.03653,51.524683],[-0.036554,51.524672],[-0.036539,51.524658],[-0.036562,51.524648],[-0.036584,51.524668],[-0.036599,51.524662],[-0.036593,51.524655],[-0.036668,51.524624],[-0.036652,51.52461],[-0.036676,51.5246],[-0.036706,51.524629],[-0.036733,51.524616],[-0.036703,51.524588],[-0.036813,51.524545],[-0.036846,51.524573],[-0.03687,51.524566],[-0.036891,51.524583],[-0.036956,51.524554],[-0.036817,51.524435],[-0.036664,51.524494],[-0.03642,51.524596],[-0.036192,51.524694],[-0.035749,51.524868],[-0.035709,51.524824],[-0.035656,51.524839],[-0.035605,51.524854],[-0.035472,51.524898],[-0.035098,51.525024],[-0.034727,51.525162],[-0.034534,51.524939],[-0.034468,51.524833],[-0.034325,51.524615],[-0.034464,51.524582],[-0.034441,51.524553],[-0.034424,51.524523],[-0.034421,51.524523],[-0.0344,51.524491],[-0.034341,51.524411],[-0.034352,51.524392],[-0.034337,51.524342],[-0.034362,51.524339],[-0.034325,51.524159],[-0.034277,51.52397],[-0.034264,51.523951],[-0.034255,51.523903],[-0.034196,51.523653],[-0.034168,51.523526],[-0.034126,51.523354],[-0.034054,51.523089],[-0.034041,51.523053],[-0.034014,51.522965],[-0.033936,51.522732],[-0.033868,51.522506],[-0.033807,51.522311],[-0.033751,51.522145],[-0.033717,51.522037],[-0.033697,51.521983],[-0.033672,51.521934],[-0.033647,51.521895],[-0.033625,51.521868],[-0.033598,51.521843],[-0.03358,51.521831],[-0.033554,51.52182],[-0.033506,51.521805],[-0.033341,51.521795],[-0.033378,51.521957],[-0.03339,51.522002],[-0.033402,51.522033],[-0.033519,51.522287],[-0.033536,51.522327],[-0.033544,51.522342],[-0.033544,51.522345],[-0.033576,51.522413],[-0.033587,51.522432],[-0.033612,51.522491],[-0.03363,51.522525],[-0.033678,51.52263],[-0.033721,51.522714],[-0.033726,51.522728],[-0.033776,51.522827],[-0.033807,51.522893],[-0.033819,51.522922],[-0.033824,51.522921],[-0.033873,51.523034],[-0.033895,51.52309],[-0.03392,51.52316],[-0.03405,51.523365],[-0.034055,51.523392],[-0.034097,51.523544],[-0.033909,51.52356],[-0.033893,51.523564],[-0.033842,51.523571],[-0.033824,51.523575],[-0.033728,51.523588],[-0.033808,51.523927],[-0.033763,51.523962],[-0.033775,51.524012],[-0.033988,51.523988],[-0.033987,51.523983],[-0.033991,51.523978],[-0.034053,51.523972],[-0.034063,51.524015],[-0.034051,51.524016],[-0.034057,51.524043],[-0.03407,51.524042],[-0.034072,51.524051],[-0.034059,51.524052],[-0.034066,51.524079],[-0.034078,51.524077],[-0.034093,51.524138],[-0.034117,51.524136],[-0.034125,51.524168],[-0.03412,51.52429],[-0.034138,51.524383],[-0.034153,51.524433],[-0.03414,51.524438],[-0.034113,51.524445],[-0.034012,51.524461],[-0.033589,51.524527],[-0.033561,51.524526],[-0.03359,51.524586],[-0.033607,51.524593],[-0.033513,51.524614],[-0.033566,51.52471],[-0.033725,51.524978],[-0.03375,51.525023],[-0.033722,51.525036],[-0.033698,51.525043],[-0.033452,51.525106],[-0.033437,51.525083],[-0.033312,51.525115],[-0.033365,51.525193],[-0.033343,51.525227],[-0.033317,51.525233],[-0.033328,51.525248],[-0.03344,51.525457],[-0.033215,51.525512],[-0.033222,51.525538],[-0.033191,51.525551],[-0.033179,51.525564],[-0.033175,51.525573],[-0.033172,51.525592],[-0.033232,51.525692],[-0.033738,51.525571],[-0.033772,51.525567],[-0.033801,51.525615],[-0.033958,51.525577],[-0.033971,51.525599],[-0.034132,51.52556],[-0.034118,51.525537],[-0.034195,51.525518],[-0.034151,51.525447],[-0.034118,51.5254],[-0.0341,51.525365],[-0.034287,51.52533],[-0.034309,51.525365],[-0.034353,51.525351],[-0.034388,51.525423],[-0.034506,51.525403],[-0.034531,51.525449]]]]},"properties":{"entry-date":"2024-09-12","start-date":"2023-06-14","entity":7010004255,"name":"Mile End","dataset":"article-4-direction-area","typology":"geography","reference":"LBTH_Art4_39","prefix":"article-4-direction-area","organisation-entity":350,"quality":"authoritative","description":"The council has confirmed an Article 4 direction to remove permitted development rights for changes of use from Class E uses to Residential (Class C3) uses in certain parts of the borough.","in_zone":true,"whole_in_zone":false,"in_cw":false,"organisation":"London Borough of Tower Hamlets"}},
{"type":"Feature","geometry":{"type":"MultiPolygon","coordinates":[[[[-0.016407,51.496066],[-0.016357,51.496064],[-0.016357,51.496056],[-0.016352,51.496046],[-0.016342,51.496031],[-0.016334,51.496024],[-0.016316,51.496013],[-0.016281,51.496006],[-0.016218,51.496004],[-0.016181,51.496012],[-0.016167,51.49602],[-0.016155,51.496034],[-0.016149,51.496046],[-0.016147,51.496063],[-0.015733,51.496027],[-0.015234,51.495997],[-0.01525,51.495904],[-0.015221,51.495902],[-0.015224,51.495884],[-0.01501,51.49587],[-0.014983,51.495872],[-0.014639,51.49585],[-0.014669,51.495661],[-0.014708,51.49543],[-0.014671,51.495433],[-0.014369,51.495419],[-0.014333,51.495419],[-0.014073,51.495409],[-0.014137,51.494998],[-0.014155,51.49487],[-0.014229,51.494442],[-0.014368,51.493592],[-0.014366,51.493572],[-0.01436,51.493555],[-0.014356,51.493485],[-0.013832,51.493452],[-0.013077,51.493402],[-0.012229,51.493351],[-0.011538,51.493305],[-0.01152,51.493307],[-0.011447,51.493325],[-0.011413,51.493335],[-0.011331,51.493363],[-0.011287,51.493383],[-0.011254,51.493401],[-0.011207,51.49343],[-0.011144,51.493477],[-0.011105,51.493511],[-0.011056,51.493564],[-0.011042,51.493587],[-0.011029,51.493618],[-0.011049,51.493621],[-0.011035,51.493683],[-0.010997,51.493683],[-0.010947,51.493715],[-0.010775,51.494843],[-0.010831,51.49487],[-0.010828,51.494876],[-0.011184,51.49497],[-0.011995,51.495179],[-0.012038,51.495203],[-0.012039,51.495225],[-0.011938,51.495378],[-0.012071,51.495412],[-0.012058,51.49543],[-0.012108,51.495443],[-0.012119,51.495425],[-0.012212,51.495449],[-0.012282,51.495346],[-0.012391,51.495167],[-0.012636,51.495229],[-0.012575,51.495324],[-0.012802,51.495379],[-0.012798,51.495386],[-0.013097,51.495466],[-0.013461,51.495559],[-0.013462,51.495558],[-0.013585,51.495589],[-0.013579,51.495601],[-0.013976,51.495708],[-0.0139,51.49582],[-0.013832,51.495924],[-0.013712,51.496073],[-0.013583,51.49604],[-0.01347,51.49621],[-0.013428,51.496278],[-0.013574,51.496313],[-0.013871,51.496402],[-0.014037,51.496443],[-0.014565,51.496452],[-0.014581,51.496341],[-0.014825,51.496355],[-0.014953,51.496366],[-0.015751,51.496417],[-0.016187,51.496443],[-0.016195,51.496389],[-0.016198,51.49635],[-0.016216,51.496241],[-0.016224,51.496182],[-0.016321,51.496188],[-0.016323,51.496174],[-0.01639,51.496177],[-0.016407,51.496066]]]]},"properties":{"entry-date":"2024-09-12","start-date":"2023-06-14","entity":7010004266,"name":"Crossharbour","dataset":"article-4-direction-area","typology":"geography","reference":"LBTH_Art4_50","prefix":"article-4-direction-area","organisation-entity":350,"quality":"authoritative","description":"The council has confirmed an Article 4 direction to remove permitted development rights for changes of use from Class E uses to Residential (Class C3) uses in certain parts of the borough.","in_zone":true,"whole_in_zone":true,"in_cw":false,"organisation":"London Borough of Tower Hamlets"}},
{"type":"Feature","geometry":{"type":"MultiPolygon","coordinates":[[[[-0.057391,51.514875],[-0.057635,51.5149],[-0.05764,51.514883],[-0.057789,51.514897],[-0.057785,51.514916],[-0.058211,51.514958],[-0.058233,51.515048],[-0.058218,51.515052],[-0.058227,51.515068],[-0.058243,51.515065],[-0.058264,51.515116],[-0.058248,51.515119],[-0.058258,51.515147],[-0.058277,51.515144],[-0.058292,51.515181],[-0.058289,51.515195],[-0.058354,51.515202],[-0.058347,51.515233],[-0.058445,51.515242],[-0.058453,51.515232],[-0.058465,51.515231],[-0.05837,51.515012],[-0.058426,51.514766],[-0.058425,51.514764],[-0.05869,51.514766],[-0.059935,51.514817],[-0.059953,51.514607],[-0.060022,51.51461],[-0.060032,51.514549],[-0.059951,51.514544],[-0.059949,51.514553],[-0.059926,51.514551],[-0.059928,51.514543],[-0.059815,51.514535],[-0.059825,51.514473],[-0.059468,51.51445],[-0.059462,51.514483],[-0.059259,51.51447],[-0.059265,51.514381],[-0.059216,51.514379],[-0.059225,51.514297],[-0.058863,51.514276],[-0.058754,51.514268],[-0.058751,51.51429],[-0.058676,51.514313],[-0.058656,51.514315],[-0.058601,51.514312],[-0.058594,51.514341],[-0.058582,51.514339],[-0.058418,51.514328],[-0.058399,51.514324],[-0.058295,51.514314],[-0.05828,51.51441],[-0.058218,51.514405],[-0.0581,51.514399],[-0.058111,51.51434],[-0.05796,51.51433],[-0.057935,51.514466],[-0.057884,51.514659],[-0.057468,51.514615],[-0.057454,51.514654],[-0.057391,51.514875]]]]},"properties":{"entry-date":"2024-09-12","start-date":"2023-06-14","entity":7010004269,"name":"Watney Market 1","dataset":"article-4-direction-area","typology":"geography","reference":"LBTH_Art4_53","prefix":"article-4-direction-area","organisation-entity":350,"quality":"authoritative","description":"The council has confirmed an Article 4 direction to remove permitted development rights for changes of use from Class E uses to Residential (Class C3) uses in certain parts of the borough.","in_zone":true,"whole_in_zone":true,"in_cw":false,"organisation":"London Borough of Tower Hamlets"}},
{"type":"Feature","geometry":{"type":"MultiPolygon","coordinates":[[[[-0.056648,51.512426],[-0.056635,51.512425],[-0.056557,51.51243],[-0.056478,51.512694],[-0.056478,51.512708],[-0.056461,51.512708],[-0.056461,51.512748],[-0.056478,51.512748],[-0.05648,51.512915],[-0.056477,51.512915],[-0.056515,51.512999],[-0.056369,51.514219],[-0.056364,51.514294],[-0.057503,51.514424],[-0.057517,51.514312],[-0.057311,51.514288],[-0.057313,51.514264],[-0.057334,51.514116],[-0.057335,51.514088],[-0.057382,51.513723],[-0.057357,51.513722],[-0.057361,51.513682],[-0.057363,51.513673],[-0.057385,51.513674],[-0.057424,51.51338],[-0.057433,51.513307],[-0.057434,51.513283],[-0.057455,51.513132],[-0.056754,51.513097],[-0.056715,51.5129],[-0.056648,51.512426]]]]},"properties":{"entry-date":"2024-09-12","start-date":"2023-06-14","entity":7010004270,"name":"Watney Market 2","dataset":"article-4-direction-area","typology":"geography","reference":"LBTH_Art4_54","prefix":"article-4-direction-area","organisation-entity":350,"quality":"authoritative","description":"The council has confirmed an Article 4 direction to remove permitted development rights for changes of use from Class E uses to Residential (Class C3) uses in certain parts of the borough.","in_zone":true,"whole_in_zone":true,"in_cw":false,"organisation":"London Borough of Tower Hamlets"}},
{"type":"Feature","geometry":{"type":"MultiPolygon","coordinates":[[[[-0.056319,51.520953],[-0.056321,51.520959],[-0.056335,51.520975],[-0.056344,51.520981],[-0.056366,51.52099],[-0.056697,51.521094],[-0.056774,51.521116],[-0.056844,51.521124],[-0.0569,51.521125],[-0.05694,51.521122],[-0.05756,51.521007],[-0.057635,51.521003],[-0.057668,51.521006],[-0.057701,51.521015],[-0.057731,51.521029],[-0.05775,51.521042],[-0.057769,51.521062],[-0.057776,51.521073],[-0.057975,51.521486],[-0.058054,51.521665],[-0.058056,51.521667],[-0.058057,51.521672],[-0.058065,51.521682],[-0.058078,51.521694],[-0.05809,51.5217],[-0.058106,51.521705],[-0.058147,51.521709],[-0.058884,51.521604],[-0.059339,51.521542],[-0.059358,51.521536],[-0.05937,51.52153],[-0.059386,51.521519],[-0.059394,51.521511],[-0.059403,51.521498],[-0.059406,51.521484],[-0.059406,51.521474],[-0.059402,51.52146],[-0.059331,51.521366],[-0.058954,51.52085],[-0.058872,51.52074],[-0.05883,51.52071],[-0.058726,51.520641],[-0.058714,51.520635],[-0.058673,51.520574],[-0.058668,51.520569],[-0.058645,51.520532],[-0.058462,51.520272],[-0.058306,51.520114],[-0.057861,51.520224],[-0.057142,51.520243],[-0.05687,51.520242],[-0.056717,51.520247],[-0.056589,51.520263],[-0.056572,51.520389],[-0.056451,51.520753],[-0.056319,51.520953]]]]},"properties":{"entry-date":"2024-09-12","start-date":"2023-06-14","entity":7010004271,"name":"Whitechapel 1","dataset":"article-4-direction-area","typology":"geography","reference":"LBTH_Art4_55","prefix":"article-4-direction-area","organisation-entity":350,"quality":"authoritative","description":"The council has confirmed an Article 4 direction to remove permitted development rights for changes of use from Class E uses to Residential (Class C3) uses in certain parts of the borough.","in_zone":true,"whole_in_zone":true,"in_cw":false,"organisation":"London Borough of Tower Hamlets"}},
{"type":"Feature","geometry":{"type":"MultiPolygon","coordinates":[[[[-0.066777,51.516942],[-0.066524,51.517027],[-0.065524,51.517015],[-0.065534,51.517087],[-0.065624,51.517293],[-0.065782,51.517531],[-0.064837,51.517788],[-0.064383,51.517575],[-0.06434,51.517503],[-0.064333,51.517472],[-0.06396,51.517516],[-0.063308,51.517599],[-0.063282,51.517597],[-0.063249,51.517598],[-0.063225,51.517593],[-0.063148,51.517565],[-0.063145,51.517561],[-0.063106,51.517462],[-0.063069,51.517361],[-0.062918,51.517381],[-0.062832,51.517394],[-0.062796,51.517297],[-0.062814,51.517194],[-0.062784,51.517075],[-0.062578,51.516197],[-0.062555,51.516107],[-0.062597,51.516103],[-0.062595,51.516045],[-0.062513,51.516047],[-0.06237,51.516057],[-0.062356,51.51605],[-0.062324,51.516053],[-0.062324,51.516056],[-0.062302,51.516055],[-0.062253,51.51606],[-0.062139,51.516076],[-0.062127,51.516072],[-0.062108,51.51607],[-0.060842,51.516186],[-0.06077,51.516193],[-0.060764,51.516194],[-0.060756,51.5162],[-0.060624,51.516212],[-0.060614,51.516168],[-0.060598,51.516122],[-0.060602,51.516122],[-0.060605,51.516117],[-0.060605,51.516114],[-0.060539,51.515842],[-0.060548,51.515831],[-0.06054,51.515796],[-0.060538,51.515792],[-0.060533,51.515788],[-0.060521,51.515785],[-0.060468,51.515789],[-0.060458,51.515798],[-0.060357,51.515806],[-0.060319,51.515811],[-0.059584,51.515883],[-0.059369,51.515906],[-0.058922,51.515957],[-0.05833,51.516002],[-0.05824,51.516008],[-0.058233,51.516007],[-0.058031,51.516022],[-0.057712,51.516043],[-0.057701,51.516049],[-0.057613,51.516053],[-0.057596,51.516052],[-0.057458,51.516066],[-0.057233,51.516085],[-0.057215,51.51609],[-0.05721,51.516094],[-0.057206,51.5161],[-0.057205,51.516105],[-0.057206,51.516139],[-0.057217,51.516272],[-0.057223,51.516414],[-0.057237,51.516596],[-0.057256,51.51684],[-0.05726,51.516851],[-0.057269,51.516858],[-0.057282,51.516958],[-0.057274,51.516968],[-0.05727,51.516985],[-0.057283,51.517194],[-0.05729,51.517273],[-0.057289,51.51728],[-0.057292,51.517288],[-0.057303,51.517385],[-0.057306,51.517439],[-0.057326,51.51769],[-0.057331,51.517705],[-0.057339,51.517713],[-0.057347,51.517717],[-0.057359,51.517783],[-0.057345,51.517797],[-0.057217,51.517792],[-0.057208,51.517783],[-0.057195,51.517775],[-0.057142,51.517746],[-0.057127,51.51774],[-0.057076,51.517727],[-0.057024,51.517722],[-0.057018,51.517723],[-0.056914,51.517721],[-0.056895,51.51775],[-0.056983,51.518094],[-0.057055,51.518353],[-0.05709,51.518455],[-0.05714,51.518582],[-0.05725,51.518832],[-0.057259,51.518856],[-0.057432,51.518808],[-0.057598,51.518756],[-0.057641,51.518837],[-0.057924,51.519437],[-0.058085,51.519567],[-0.05826,51.519692],[-0.058317,51.519678],[-0.058457,51.519895],[-0.058532,51.519876],[-0.058558,51.519913],[-0.058584,51.519905],[-0.05862,51.519956],[-0.058615,51.519958],[-0.058747,51.520152],[-0.058569,51.520198],[-0.05873,51.52044],[-0.058864,51.520474],[-0.05907,51.520418],[-0.05929,51.520355],[-0.059581,51.520276],[-0.059591,51.520271],[-0.059666,51.520249],[-0.059677,51.520248],[-0.059798,51.520213],[-0.060287,51.520077],[-0.060572,51.519995],[-0.060646,51.519972],[-0.060736,51.519947],[-0.060814,51.519922],[-0.0609,51.519897],[-0.061919,51.519536],[-0.061937,51.519532],[-0.061962,51.519532],[-0.061978,51.519535],[-0.062,51.519544],[-0.062016,51.519555],[-0.062092,51.519663],[-0.062096,51.519674],[-0.062096,51.51968],[-0.062166,51.519781],[-0.062243,51.51997],[-0.062243,51.519973],[-0.062237,51.519977],[-0.062213,51.519979],[-0.062296,51.52035],[-0.062316,51.520428],[-0.062437,51.520423],[-0.062455,51.520434],[-0.062482,51.520442],[-0.062497,51.520444],[-0.062882,51.520436],[-0.062965,51.520428],[-0.063335,51.520386],[-0.063402,51.520377],[-0.063464,51.520372],[-0.063631,51.520353],[-0.063652,51.520348],[-0.063674,51.520338],[-0.063683,51.520332],[-0.063693,51.520323],[-0.063698,51.520314],[-0.063703,51.520303],[-0.063704,51.52029],[-0.063698,51.520264],[-0.063687,51.520245],[-0.063618,51.520142],[-0.063402,51.519809],[-0.063322,51.519689],[-0.063318,51.519678],[-0.06331,51.519674],[-0.063251,51.519561],[-0.063249,51.519548],[-0.063207,51.519459],[-0.062992,51.519497],[-0.062962,51.519435],[-0.062945,51.519438],[-0.062918,51.519373],[-0.062972,51.519363],[-0.062948,51.519311],[-0.062954,51.519309],[-0.062905,51.519225],[-0.062872,51.519134],[-0.062777,51.518957],[-0.062753,51.518942],[-0.062659,51.51883],[-0.062732,51.518815],[-0.062729,51.518808],[-0.062758,51.518802],[-0.062751,51.518789],[-0.062807,51.518739],[-0.062772,51.518669],[-0.062958,51.51863],[-0.062962,51.518619],[-0.063402,51.518494],[-0.063534,51.518458],[-0.063493,51.518405],[-0.063511,51.518347],[-0.064962,51.517936],[-0.065442,51.517783],[-0.065646,51.518067],[-0.066447,51.517767],[-0.06653,51.517855],[-0.066709,51.517782],[-0.066706,51.517779],[-0.066933,51.517694],[-0.066982,51.517681],[-0.066913,51.5176],[-0.066668,51.517329],[-0.067005,51.51721],[-0.066777,51.516942]]]]},"properties":{"entry-date":"2024-09-12","start-date":"2023-06-14","entity":7010004272,"name":"Whitechapel 2","dataset":"article-4-direction-area","typology":"geography","reference":"LBTH_Art4_56","prefix":"article-4-direction-area","organisation-entity":350,"quality":"authoritative","description":"The council has confirmed an Article 4 direction to remove permitted development rights for changes of use from Class E uses to Residential (Class C3) uses in certain parts of the borough.","in_zone":true,"whole_in_zone":true,"in_cw":false,"organisation":"London Borough of Tower Hamlets"}},
{"type":"Feature","geometry":{"type":"MultiPolygon","coordinates":[[[[-0.066944,51.517588],[-0.067004,51.517651],[-0.067006,51.517655],[-0.067359,51.518034],[-0.067365,51.518037],[-0.067376,51.518039],[-0.0674,51.518039],[-0.067408,51.518038],[-0.067446,51.518025],[-0.067816,51.51791],[-0.068801,51.517609],[-0.069049,51.51756],[-0.069075,51.517556],[-0.069234,51.517521],[-0.069256,51.517519],[-0.06962,51.517445],[-0.069646,51.517442],[-0.069788,51.51741],[-0.070018,51.517365],[-0.069956,51.517288],[-0.069946,51.517273],[-0.069681,51.516935],[-0.069785,51.516905],[-0.069716,51.516794],[-0.069758,51.516781],[-0.069674,51.516653],[-0.069481,51.516709],[-0.069337,51.516755],[-0.069395,51.516822],[-0.06933,51.516843],[-0.069259,51.516769],[-0.069166,51.516806],[-0.069176,51.516816],[-0.069074,51.516853],[-0.069053,51.516834],[-0.069022,51.516846],[-0.069032,51.51686],[-0.068964,51.516888],[-0.068867,51.516867],[-0.068225,51.517164],[-0.068165,51.517184],[-0.068133,51.517153],[-0.068072,51.517175],[-0.06806,51.517165],[-0.067791,51.517264],[-0.067395,51.517417],[-0.066944,51.517588]]]]},"properties":{"entry-date":"2024-09-12","start-date":"2023-06-14","entity":7010004273,"name":"Whitechapel 3","dataset":"article-4-direction-area","typology":"geography","reference":"LBTH_Art4_57","prefix":"article-4-direction-area","organisation-entity":350,"quality":"authoritative","description":"The council has confirmed an Article 4 direction to remove permitted development rights for changes of use from Class E uses to Residential (Class C3) uses in certain parts of the borough.","in_zone":true,"whole_in_zone":true,"in_cw":false,"organisation":"London Borough of Tower Hamlets"}},
{"type":"Feature","geometry":{"type":"MultiPolygon","coordinates":[[[[-0.077512,51.520773],[-0.077496,51.520779],[-0.077488,51.520785],[-0.077466,51.520855],[-0.07745,51.520897],[-0.077449,51.520904],[-0.077456,51.520915],[-0.077475,51.52092],[-0.077885,51.520982],[-0.078417,51.521066],[-0.078575,51.521089],[-0.078669,51.521106],[-0.078704,51.521041],[-0.078785,51.52074],[-0.078817,51.520658],[-0.078814,51.520654],[-0.079147,51.519453],[-0.079403,51.518847],[-0.078056,51.518969],[-0.077962,51.519007],[-0.077954,51.519008],[-0.077897,51.5191],[-0.077816,51.51938],[-0.076225,51.519301],[-0.076106,51.520153],[-0.077625,51.520232],[-0.077612,51.520287],[-0.077633,51.520406],[-0.077625,51.52041],[-0.077621,51.520414],[-0.077514,51.520717],[-0.077514,51.52072],[-0.077518,51.520728],[-0.077524,51.520734],[-0.077532,51.520739],[-0.077546,51.520741],[-0.077533,51.520773],[-0.077519,51.520771],[-0.077512,51.520773]]]]},"properties":{"entry-date":"2024-09-12","start-date":"2023-06-14","entity":7010004274,"name":"Spitalfields","dataset":"article-4-direction-area","typology":"geography","reference":"LBTH_Art4_58","prefix":"article-4-direction-area","organisation-entity":350,"quality":"authoritative","description":"The council has confirmed an Article 4 direction to remove permitted development rights for changes of use from Class E uses to Residential (Class C3) uses in certain parts of the borough.","in_zone":true,"whole_in_zone":true,"in_cw":false,"organisation":"London Borough of Tower Hamlets"}},
{"type":"Feature","geometry":{"type":"MultiPolygon","coordinates":[[[[-0.072472,51.520036],[-0.072188,51.520034],[-0.072182,51.519972],[-0.072172,51.519972],[-0.072168,51.519905],[-0.07216,51.519905],[-0.072161,51.519875],[-0.072167,51.519875],[-0.072167,51.519859],[-0.072077,51.519858],[-0.072078,51.519811],[-0.072094,51.519811],[-0.072097,51.519736],[-0.072099,51.51961],[-0.072066,51.51961],[-0.072063,51.519566],[-0.072033,51.519566],[-0.072028,51.519519],[-0.072011,51.519519],[-0.07201,51.51948],[-0.072235,51.519481],[-0.072236,51.519438],[-0.072235,51.519317],[-0.071916,51.519316],[-0.071899,51.519235],[-0.0719,51.519228],[-0.071883,51.519152],[-0.071896,51.519151],[-0.071898,51.519061],[-0.07202,51.519052],[-0.072014,51.519019],[-0.07202,51.519019],[-0.072016,51.519007],[-0.072028,51.519],[-0.07202,51.518942],[-0.072024,51.518942],[-0.072015,51.518924],[-0.072045,51.518923],[-0.07204,51.518881],[-0.072046,51.518881],[-0.072041,51.518792],[-0.072033,51.518791],[-0.07203,51.518767],[-0.071952,51.51877],[-0.071951,51.518765],[-0.07191,51.518766],[-0.071907,51.518752],[-0.072124,51.518742],[-0.072399,51.518727],[-0.072366,51.518509],[-0.072021,51.51853],[-0.071691,51.518544],[-0.071682,51.518456],[-0.071665,51.518365],[-0.071641,51.518307],[-0.071639,51.518307],[-0.071637,51.5183],[-0.07159,51.518303],[-0.071582,51.518268],[-0.071477,51.518089],[-0.071277,51.518139],[-0.070934,51.518214],[-0.070981,51.518288],[-0.070977,51.518288],[-0.071037,51.518401],[-0.071046,51.518415],[-0.071074,51.518409],[-0.071098,51.518461],[-0.071114,51.518491],[-0.071039,51.518507],[-0.071057,51.518542],[-0.071126,51.51853],[-0.071212,51.518688],[-0.071256,51.518683],[-0.071292,51.518788],[-0.071308,51.518845],[-0.071243,51.518861],[-0.07121,51.518872],[-0.071216,51.518886],[-0.071103,51.5189],[-0.071113,51.518929],[-0.071144,51.518925],[-0.071156,51.518948],[-0.071169,51.518946],[-0.071206,51.519032],[-0.071272,51.519023],[-0.071287,51.519056],[-0.07133,51.519161],[-0.071338,51.519176],[-0.071286,51.519184],[-0.071275,51.519185],[-0.071275,51.519182],[-0.071065,51.519209],[-0.071062,51.519202],[-0.070882,51.519226],[-0.070915,51.519315],[-0.070941,51.519408],[-0.07128,51.519388],[-0.071511,51.519372],[-0.07153,51.519578],[-0.071552,51.519618],[-0.07155,51.519618],[-0.071555,51.519654],[-0.071561,51.519737],[-0.071541,51.519737],[-0.071541,51.51993],[-0.071538,51.520003],[-0.071623,51.520004],[-0.071627,51.520102],[-0.071586,51.520102],[-0.071586,51.520132],[-0.071485,51.520133],[-0.071485,51.520117],[-0.071349,51.520119],[-0.070955,51.520116],[-0.070631,51.520118],[-0.07063,51.520248],[-0.070633,51.520326],[-0.070506,51.520326],[-0.070028,51.520321],[-0.070006,51.52036],[-0.070007,51.520525],[-0.070011,51.520709],[-0.070587,51.520716],[-0.070589,51.520667],[-0.070674,51.520669],[-0.070678,51.52053],[-0.070661,51.52053],[-0.070664,51.520471],[-0.070681,51.520471],[-0.07068,51.520483],[-0.070837,51.520485],[-0.070833,51.520586],[-0.070904,51.520587],[-0.070908,51.520586],[-0.070908,51.520575],[-0.07115,51.520577],[-0.07115,51.520586],[-0.07138,51.520591],[-0.07138,51.520597],[-0.071583,51.520602],[-0.071583,51.520622],[-0.071648,51.520624],[-0.071645,51.520728],[-0.071637,51.520788],[-0.070883,51.520782],[-0.070274,51.520779],[-0.07017,51.52078],[-0.070168,51.520902],[-0.070163,51.52097],[-0.070163,51.521007],[-0.070063,51.521014],[-0.069991,51.521012],[-0.069983,51.521132],[-0.069967,51.521262],[-0.06996,51.521288],[-0.069939,51.52141],[-0.069887,51.521781],[-0.069906,51.521789],[-0.069936,51.521842],[-0.070339,51.521865],[-0.070379,51.521869],[-0.070378,51.521872],[-0.070922,51.521915],[-0.071271,51.521941],[-0.071401,51.521949],[-0.071393,51.521996],[-0.071386,51.522018],[-0.071359,51.522135],[-0.071354,51.522134],[-0.071353,51.522147],[-0.071407,51.52215],[-0.071412,51.522211],[-0.071408,51.522265],[-0.071418,51.522265],[-0.071378,51.522432],[-0.071353,51.522629],[-0.071376,51.522626],[-0.071519,51.522617],[-0.071505,51.522685],[-0.071464,51.52294],[-0.071457,51.522943],[-0.071454,51.522974],[-0.071345,51.522997],[-0.07134,51.523013],[-0.071362,51.523016],[-0.071313,51.523153],[-0.071298,51.523222],[-0.07141,51.523235],[-0.071416,51.523225],[-0.071414,51.523236],[-0.071397,51.523302],[-0.071397,51.523297],[-0.071129,51.523265],[-0.071132,51.523299],[-0.071146,51.5233],[-0.071147,51.523334],[-0.071031,51.523334],[-0.070755,51.523358],[-0.070474,51.523385],[-0.070417,51.523389],[-0.070273,51.523392],[-0.070047,51.523412],[-0.069795,51.523439],[-0.069802,51.523558],[-0.069804,51.523573],[-0.069808,51.523577],[-0.069819,51.523581],[-0.069841,51.523582],[-0.069863,51.523578],[-0.070308,51.523538],[-0.070504,51.523522],[-0.070518,51.523587],[-0.070515,51.523587],[-0.070537,51.523681],[-0.070544,51.52368],[-0.07055,51.523703],[-0.070564,51.523702],[-0.070567,51.523715],[-0.070595,51.523714],[-0.070624,51.52371],[-0.07062,51.523696],[-0.070654,51.523693],[-0.070654,51.523696],[-0.070656,51.523698],[-0.070665,51.523704],[-0.07068,51.523705],[-0.070686,51.523703],[-0.070693,51.523697],[-0.070694,51.52369],[-0.070754,51.523685],[-0.070756,51.523694],[-0.070819,51.523692],[-0.070816,51.523679],[-0.071163,51.523649],[-0.071182,51.52374],[-0.071073,51.523748],[-0.071079,51.5238],[-0.071167,51.523794],[-0.071177,51.523846],[-0.071221,51.523842],[-0.071241,51.523936],[-0.071269,51.523933],[-0.0713,51.524061],[-0.071182,51.524072],[-0.071212,51.524221],[-0.071293,51.524213],[-0.071298,51.524241],[-0.071289,51.524264],[-0.071298,51.524313],[-0.07123,51.524319],[-0.071247,51.524443],[-0.071261,51.524517],[-0.071295,51.524664],[-0.071275,51.524666],[-0.071283,51.524701],[-0.071303,51.524699],[-0.071319,51.524775],[-0.071342,51.524774],[-0.071354,51.524785],[-0.071337,51.524791],[-0.070409,51.525206],[-0.070251,51.525269],[-0.07028,51.525388],[-0.070416,51.525565],[-0.070412,51.525561],[-0.070263,51.525627],[-0.070298,51.525673],[-0.070549,51.52568],[-0.070488,51.525627],[-0.070524,51.525612],[-0.070532,51.52562],[-0.070653,51.525567],[-0.070694,51.525548],[-0.07073,51.525529],[-0.07078,51.525508],[-0.070895,51.525455],[-0.071566,51.52516],[-0.071674,51.525109],[-0.071709,51.525104],[-0.071656,51.524965],[-0.07161,51.524855],[-0.072211,51.524553],[-0.072092,51.524455],[-0.071971,51.524464],[-0.071934,51.524382],[-0.071943,51.524371],[-0.071911,51.524252],[-0.071905,51.524252],[-0.071903,51.524218],[-0.071767,51.524209],[-0.071761,51.524171],[-0.071803,51.524168],[-0.071801,51.524144],[-0.071789,51.524143],[-0.071789,51.524138],[-0.071779,51.524134],[-0.071789,51.524037],[-0.071715,51.524034],[-0.071715,51.523969],[-0.071709,51.523883],[-0.071831,51.523884],[-0.071813,51.523757],[-0.071712,51.523758],[-0.071661,51.523749],[-0.071655,51.523673],[-0.071664,51.523673],[-0.071654,51.523518],[-0.071887,51.523526],[-0.07189,51.523357],[-0.071797,51.523356],[-0.071809,51.523282],[-0.074007,51.523555],[-0.074948,51.523568],[-0.074936,51.523634],[-0.075199,51.524783],[-0.076461,51.524684],[-0.076417,51.524289],[-0.075889,51.524323],[-0.07575,51.523858],[-0.075692,51.523589],[-0.075701,51.523486],[-0.075744,51.52318],[-0.075837,51.522897],[-0.075988,51.522553],[-0.076053,51.52238],[-0.076161,51.522153],[-0.076139,51.522128],[-0.07536,51.522108],[-0.073122,51.522065],[-0.073373,51.521451],[-0.07339,51.521401],[-0.073441,51.521283],[-0.073501,51.521136],[-0.073524,51.52109],[-0.073635,51.52081],[-0.073775,51.520827],[-0.073937,51.520346],[-0.073925,51.520338],[-0.073657,51.520344],[-0.073465,51.520352],[-0.073241,51.520353],[-0.073201,51.520351],[-0.073061,51.520349],[-0.073061,51.520353],[-0.072112,51.520349],[-0.072107,51.520256],[-0.072741,51.520258],[-0.073243,51.520263],[-0.073252,51.520252],[-0.07326,51.52022],[-0.073264,51.520195],[-0.073179,51.520187],[-0.073126,51.520187],[-0.073126,51.520178],[-0.073085,51.520178],[-0.073085,51.520187],[-0.073051,51.520187],[-0.073048,51.520164],[-0.073019,51.520164],[-0.073017,51.520036],[-0.072472,51.520041],[-0.072472,51.520036]],[[-0.071679,51.522658],[-0.071692,51.522582],[-0.07166,51.522578],[-0.071664,51.522519],[-0.071675,51.522516],[-0.071688,51.522447],[-0.071732,51.52245],[-0.071694,51.522667],[-0.071679,51.522658]]]]},"properties":{"entry-date":"2024-09-12","start-date":"2023-06-14","entity":7010004275,"name":"Brick Lane","dataset":"article-4-direction-area","typology":"geography","reference":"LBTH_Art4_59","prefix":"article-4-direction-area","organisation-entity":350,"quality":"authoritative","description":"The council has confirmed an Article 4 direction to remove permitted development rights for changes of use from Class E uses to Residential (Class C3) uses in certain parts of the borough.","in_zone":true,"whole_in_zone":false,"in_cw":false,"organisation":"London Borough of Tower Hamlets"}},
{"type":"Feature","geometry":{"type":"MultiPolygon","coordinates":[[[[-0.074481,51.518378],[-0.074479,51.518379],[-0.074483,51.518389],[-0.074494,51.518406],[-0.074505,51.518428],[-0.074512,51.518447],[-0.074546,51.518458],[-0.074559,51.518475],[-0.074567,51.518525],[-0.074567,51.518551],[-0.07457,51.518558],[-0.07458,51.518682],[-0.074578,51.518827],[-0.074582,51.519043],[-0.074581,51.519045],[-0.074592,51.519082],[-0.074691,51.519078],[-0.074725,51.519058],[-0.075305,51.519027],[-0.075307,51.519041],[-0.075317,51.519044],[-0.075497,51.519034],[-0.075495,51.519017],[-0.076188,51.518979],[-0.076363,51.518997],[-0.076384,51.519003],[-0.076592,51.519],[-0.076702,51.518996],[-0.077078,51.518976],[-0.077482,51.518962],[-0.077954,51.519008],[-0.077962,51.519007],[-0.078056,51.518969],[-0.078022,51.518487],[-0.078121,51.51847],[-0.077939,51.518252],[-0.077777,51.51811],[-0.077764,51.518097],[-0.077072,51.518164],[-0.076957,51.518181],[-0.076438,51.51825],[-0.07642,51.51825],[-0.076405,51.518247],[-0.0764,51.518244],[-0.076396,51.518239],[-0.076294,51.518248],[-0.076292,51.518242],[-0.076282,51.518231],[-0.076267,51.518223],[-0.076259,51.51822],[-0.076249,51.518219],[-0.076226,51.518219],[-0.075809,51.518257],[-0.075616,51.518272],[-0.074934,51.518334],[-0.07476,51.518348],[-0.074644,51.518359],[-0.074616,51.518366],[-0.074486,51.518374],[-0.074483,51.518375],[-0.074481,51.518378]]]]},"properties":{"entry-date":"2024-09-12","start-date":"2023-06-14","entity":7010004276,"name":"Artillery Lane","dataset":"article-4-direction-area","typology":"geography","reference":"LBTH_Art4_60","prefix":"article-4-direction-area","organisation-entity":350,"quality":"authoritative","description":"The council has confirmed an Article 4 direction to remove permitted development rights for changes of use from Class E uses to Residential (Class C3) uses in certain parts of the borough.","in_zone":true,"whole_in_zone":true,"in_cw":false,"organisation":"London Borough of Tower Hamlets"}},
{"type":"Feature","geometry":{"type":"MultiPolygon","coordinates":[[[[-0.070311,51.514966],[-0.070869,51.514994],[-0.071519,51.515011],[-0.07128,51.514719],[-0.071301,51.514712],[-0.071161,51.514544],[-0.070905,51.514319],[-0.070847,51.514284],[-0.070749,51.514189],[-0.070571,51.514011],[-0.070522,51.513926],[-0.070464,51.513838],[-0.070355,51.513659],[-0.070275,51.513556],[-0.070049,51.51328],[-0.069686,51.512825],[-0.069048,51.513022],[-0.068934,51.513022],[-0.068814,51.512944],[-0.067854,51.513244],[-0.067829,51.513264],[-0.067912,51.514006],[-0.068388,51.514525],[-0.068501,51.514638],[-0.068596,51.514738],[-0.068693,51.514893],[-0.0687,51.514901],[-0.06871,51.514907],[-0.068731,51.514913],[-0.068982,51.514919],[-0.069889,51.514954],[-0.069891,51.514946],[-0.070311,51.514966]]]]},"properties":{"entry-date":"2024-09-12","start-date":"2023-06-14","entity":7010004277,"name":"Aldgate East","dataset":"article-4-direction-area","typology":"geography","reference":"LBTH_Art4_61","prefix":"article-4-direction-area","organisation-entity":350,"quality":"authoritative","description":"The council has confirmed an Article 4 direction to remove permitted development rights for changes of use from Class E uses to Residential (Class C3) uses in certain parts of the borough.","in_zone":true,"whole_in_zone":true,"in_cw":false,"organisation":"London Borough of Tower Hamlets"}},
{"type":"Feature","geometry":{"type":"MultiPolygon","coordinates":[[[[-0.070438,51.513561],[-0.070685,51.5139],[-0.070824,51.514111],[-0.071008,51.5143],[-0.071553,51.514755],[-0.071789,51.515153],[-0.071798,51.515148],[-0.072159,51.515021],[-0.072411,51.514941],[-0.07282,51.514804],[-0.07376,51.514481],[-0.07378,51.514468],[-0.07379,51.514458],[-0.073799,51.514444],[-0.073803,51.514431],[-0.073803,51.514416],[-0.073799,51.514404],[-0.07379,51.51439],[-0.073679,51.514267],[-0.073605,51.514179],[-0.073551,51.514106],[-0.073489,51.514007],[-0.073454,51.513942],[-0.073445,51.513924],[-0.073391,51.513794],[-0.073396,51.513784],[-0.073397,51.513776],[-0.073372,51.513689],[-0.073364,51.513667],[-0.073336,51.513597],[-0.073286,51.513481],[-0.073252,51.513394],[-0.073239,51.513353],[-0.07321,51.513279],[-0.073207,51.513249],[-0.073203,51.513242],[-0.073183,51.513097],[-0.07318,51.513085],[-0.073167,51.512997],[-0.073128,51.512683],[-0.073122,51.512653],[-0.07311,51.512549],[-0.073102,51.512504],[-0.073097,51.512464],[-0.073044,51.512178],[-0.073032,51.512097],[-0.073018,51.512024],[-0.073005,51.511945],[-0.072967,51.511743],[-0.072869,51.511754],[-0.072679,51.511769],[-0.072682,51.511787],[-0.072442,51.511805],[-0.072416,51.511805],[-0.072386,51.511854],[-0.072544,51.512642],[-0.072601,51.512895],[-0.072602,51.512921],[-0.07231,51.512975],[-0.072315,51.512991],[-0.072318,51.512991],[-0.072464,51.513302],[-0.072421,51.513311],[-0.072314,51.513338],[-0.072214,51.513367],[-0.072016,51.513432],[-0.071848,51.513485],[-0.071765,51.513514],[-0.07165,51.513549],[-0.071633,51.513548],[-0.071618,51.513545],[-0.071607,51.513541],[-0.071599,51.513536],[-0.071511,51.513432],[-0.071481,51.5134],[-0.071438,51.513349],[-0.071287,51.513394],[-0.071348,51.513463],[-0.071279,51.513485],[-0.071265,51.513487],[-0.071138,51.513338],[-0.070789,51.513449],[-0.070531,51.513529],[-0.070438,51.513561]]]]},"properties":{"entry-date":"2024-09-12","start-date":"2023-06-14","entity":7010004278,"name":"Aldgate West","dataset":"article-4-direction-area","typology":"geography","reference":"LBTH_Art4_62","prefix":"article-4-direction-area","organisation-entity":350,"quality":"authoritative","description":"The council has confirmed an Article 4 direction to remove permitted development rights for changes of use from Class E uses to Residential (Class C3) uses in certain parts of the borough.","in_zone":true,"whole_in_zone":true,"in_cw":false,"organisation":"London Borough of Tower Hamlets"}},
{"type":"Feature","geometry":{"type":"MultiPolygon","coordinates":[[[[-0.068798,51.511418],[-0.0688,51.511423],[-0.068806,51.511426],[-0.068836,51.511491],[-0.068842,51.511496],[-0.06886,51.511517],[-0.068989,51.511685],[-0.069107,51.511834],[-0.069122,51.511855],[-0.069135,51.511863],[-0.069236,51.512012],[-0.069235,51.512023],[-0.069236,51.512051],[-0.069241,51.512065],[-0.069296,51.512136],[-0.069374,51.512228],[-0.069391,51.512244],[-0.069441,51.512282],[-0.069517,51.512372],[-0.069554,51.512378],[-0.069841,51.512734],[-0.069832,51.512759],[-0.069893,51.512835],[-0.06993,51.512846],[-0.070118,51.513085],[-0.070273,51.513279],[-0.070319,51.513262],[-0.070493,51.513209],[-0.070551,51.513195],[-0.07061,51.513178],[-0.070718,51.51315],[-0.070748,51.513138],[-0.070684,51.513061],[-0.070667,51.513038],[-0.070655,51.513025],[-0.070468,51.512791],[-0.070334,51.512629],[-0.070304,51.512586],[-0.070018,51.51221],[-0.072346,51.511833],[-0.072341,51.511797],[-0.072354,51.511762],[-0.07235,51.51173],[-0.072354,51.511701],[-0.072329,51.5115],[-0.072325,51.511484],[-0.072319,51.51147],[-0.072314,51.511466],[-0.072307,51.511464],[-0.072282,51.511407],[-0.071933,51.511464],[-0.071941,51.511431],[-0.071879,51.511288],[-0.071741,51.51131],[-0.07168,51.511166],[-0.072138,51.51109],[-0.072268,51.51135],[-0.072498,51.511312],[-0.072521,51.511361],[-0.072539,51.511359],[-0.072584,51.511349],[-0.072616,51.51134],[-0.072659,51.511321],[-0.07268,51.511307],[-0.072702,51.511287],[-0.07271,51.511274],[-0.072719,51.511251],[-0.07272,51.511229],[-0.072713,51.511135],[-0.072707,51.511103],[-0.072704,51.511094],[-0.072697,51.51108],[-0.072692,51.511075],[-0.072674,51.511062],[-0.072658,51.511053],[-0.072638,51.511046],[-0.072523,51.511016],[-0.072259,51.510958],[-0.07216,51.51095],[-0.071347,51.510997],[-0.071017,51.511023],[-0.070803,51.511037],[-0.070327,51.511075],[-0.069852,51.511108],[-0.068717,51.511199],[-0.068722,51.511283],[-0.068728,51.511304],[-0.068741,51.511335],[-0.068772,51.511382],[-0.068798,51.511418]]]]},"properties":{"entry-date":"2024-09-12","start-date":"2023-06-14","entity":7010004279,"name":"Prescot Street","dataset":"article-4-direction-area","typology":"geography","reference":"LBTH_Art4_63","prefix":"article-4-direction-area","organisation-entity":350,"quality":"authoritative","description":"The council has confirmed an Article 4 direction to remove permitted development rights for changes of use from Class E uses to Residential (Class C3) uses in certain parts of the borough.","in_zone":true,"whole_in_zone":true,"in_cw":false,"organisation":"London Borough of Tower Hamlets"}},
{"type":"Feature","geometry":{"type":"MultiPolygon","coordinates":[[[[-0.049645,51.466409],[-0.049335,51.46632],[-0.049089,51.466247],[-0.04866,51.466098],[-0.048179,51.465893],[-0.048507,51.465625],[-0.04769,51.465225],[-0.047561,51.465184],[-0.047484,51.465188],[-0.046424,51.465303],[-0.046381,51.465299],[-0.046289,51.465316],[-0.046253,51.465328],[-0.046218,51.465343],[-0.046175,51.465368],[-0.046149,51.465389],[-0.046127,51.465411],[-0.046115,51.465426],[-0.046116,51.465433],[-0.045933,51.465395],[-0.04529,51.465317],[-0.04521,51.465309],[-0.045123,51.465304],[-0.043851,51.465197],[-0.043857,51.465167],[-0.043844,51.465169],[-0.043886,51.464994],[-0.043873,51.464845],[-0.04387,51.464795],[-0.043826,51.464747],[-0.043759,51.464731],[-0.043623,51.46495],[-0.043647,51.465148],[-0.043625,51.465217],[-0.04372,51.465234],[-0.043703,51.465293],[-0.043822,51.465307],[-0.0438,51.465382],[-0.043213,51.465318],[-0.042799,51.465277],[-0.042479,51.46525],[-0.042253,51.46524],[-0.041938,51.46522],[-0.041626,51.465205],[-0.041155,51.465176],[-0.041135,51.465409],[-0.041201,51.465434],[-0.041246,51.465504],[-0.041254,51.465543],[-0.041249,51.465571],[-0.04117,51.46571],[-0.041164,51.46597],[-0.041116,51.466077],[-0.041106,51.466396],[-0.04151,51.466399],[-0.041524,51.466762],[-0.041611,51.466817],[-0.041612,51.466941],[-0.041631,51.46694],[-0.04163,51.467115],[-0.041614,51.467114],[-0.041601,51.467233],[-0.041835,51.467223],[-0.042043,51.467745],[-0.041851,51.467753],[-0.04203,51.468127],[-0.041694,51.468162],[-0.041496,51.468191],[-0.041311,51.468195],[-0.040034,51.468254],[-0.039858,51.468268],[-0.039289,51.468295],[-0.039288,51.468316],[-0.039153,51.468323],[-0.039211,51.468663],[-0.0391,51.468667],[-0.039107,51.468727],[-0.038833,51.468743],[-0.037072,51.468862],[-0.037132,51.469668],[-0.036953,51.470327],[-0.036947,51.470852],[-0.0373,51.471572],[-0.037337,51.471628],[-0.037458,51.471762],[-0.038075,51.472516],[-0.038144,51.472553],[-0.038148,51.47256],[-0.038311,51.472631],[-0.038598,51.472953],[-0.039335,51.472801],[-0.040389,51.474881],[-0.042357,51.47442],[-0.042564,51.474378],[-0.04287,51.474335],[-0.04405,51.4743],[-0.044611,51.474309],[-0.04518,51.474334],[-0.045796,51.474323],[-0.046148,51.474333],[-0.047195,51.474085],[-0.047524,51.474026],[-0.047668,51.474013],[-0.048147,51.473991],[-0.048644,51.47396],[-0.04894,51.47393],[-0.049162,51.473895],[-0.049685,51.473789],[-0.049452,51.473294],[-0.049422,51.473183],[-0.0494,51.473084],[-0.049391,51.473035],[-0.049377,51.47294],[-0.049262,51.472037],[-0.049242,51.471897],[-0.04924,51.471852],[-0.049217,51.471709],[-0.049222,51.471599],[-0.050129,51.471486],[-0.050467,51.471428],[-0.050598,51.471398],[-0.050517,51.471168],[-0.052072,51.470945],[-0.051589,51.469537],[-0.051498,51.469398],[-0.051503,51.469397],[-0.051416,51.46922],[-0.051371,51.469138],[-0.051292,51.468957],[-0.0512,51.468829],[-0.051119,51.468695],[-0.050987,51.468511],[-0.050918,51.468448],[-0.050894,51.468408],[-0.050729,51.468102],[-0.050624,51.467917],[-0.050565,51.467788],[-0.050548,51.46774],[-0.050247,51.467354],[-0.050232,51.467359],[-0.050214,51.467319],[-0.050088,51.467162],[-0.049839,51.466676],[-0.049645,51.466409]]]]},"properties":{"entry-date":"2026-02-25","entity":7010009539,"name":"Telegraph Hill","dataset":"article-4-direction-area","typology":"geography","reference":"A4TH","prefix":"article-4-direction-area","organisation-entity":198,"quality":"authoritative","description":"Article 4(2) Direction","permitted-development-rights":"Part 1 Class C, Part 2 Class C, Part 1 Class A Part 1 Class D, Part 1 Class F, Part 2 Class A","in_zone":true,"whole_in_zone":false,"in_cw":false,"organisation":"London Borough of Lewisham"}},
{"type":"Feature","geometry":{"type":"MultiPolygon","coordinates":[[[[-0.048378,51.477092],[-0.048926,51.476508],[-0.049246,51.476645],[-0.049633,51.476232],[-0.049577,51.476201],[-0.049266,51.476073],[-0.049196,51.476143],[-0.049035,51.476081],[-0.049146,51.47596],[-0.049056,51.475925],[-0.049127,51.475846],[-0.048882,51.475847],[-0.048877,51.475853],[-0.048768,51.475822],[-0.048783,51.47581],[-0.048566,51.475713],[-0.048556,51.475713],[-0.048524,51.475695],[-0.048544,51.475668],[-0.048678,51.475565],[-0.048689,51.475428],[-0.048535,51.475422],[-0.048439,51.475438],[-0.048283,51.47537],[-0.04817,51.475323],[-0.04804,51.475093],[-0.047421,51.475224],[-0.047362,51.475121],[-0.047323,51.475042],[-0.047278,51.474963],[-0.047255,51.474927],[-0.047449,51.474891],[-0.04724,51.474507],[-0.047647,51.474412],[-0.047643,51.474406],[-0.04772,51.474389],[-0.047856,51.474355],[-0.047954,51.474531],[-0.047968,51.474552],[-0.048399,51.474463],[-0.048247,51.474182],[-0.048147,51.473991],[-0.047799,51.47401],[-0.04764,51.474016],[-0.047524,51.474026],[-0.047341,51.474056],[-0.047229,51.474078],[-0.046662,51.474213],[-0.046385,51.474283],[-0.04623,51.474319],[-0.046148,51.474333],[-0.04599,51.47433],[-0.045812,51.474324],[-0.045198,51.474335],[-0.044939,51.474322],[-0.044685,51.474312],[-0.044388,51.474304],[-0.044114,51.474299],[-0.043586,51.474308],[-0.043158,51.474319],[-0.04287,51.474335],[-0.042628,51.474367],[-0.04243,51.474403],[-0.040389,51.474881],[-0.040204,51.474923],[-0.040088,51.474954],[-0.040132,51.475033],[-0.040177,51.475121],[-0.04039,51.475076],[-0.04055,51.475046],[-0.040835,51.474988],[-0.041407,51.474856],[-0.041484,51.47496],[-0.041708,51.475464],[-0.041761,51.475573],[-0.041862,51.475556],[-0.041779,51.475375],[-0.04189,51.475356],[-0.041805,51.475199],[-0.041887,51.475188],[-0.042438,51.475101],[-0.042744,51.475922],[-0.042782,51.475932],[-0.042839,51.476049],[-0.042849,51.47605],[-0.04296,51.476267],[-0.042986,51.476319],[-0.042986,51.476322],[-0.043013,51.476364],[-0.043035,51.476412],[-0.043044,51.476437],[-0.043053,51.476449],[-0.043052,51.476458],[-0.043066,51.47647],[-0.043079,51.476506],[-0.043124,51.476588],[-0.043145,51.476636],[-0.043168,51.476681],[-0.043185,51.476724],[-0.043212,51.476769],[-0.043234,51.476814],[-0.043256,51.476866],[-0.043273,51.476899],[-0.043286,51.476947],[-0.043286,51.476953],[-0.043311,51.477044],[-0.043323,51.47708],[-0.043323,51.477086],[-0.043357,51.4772],[-0.043361,51.477209],[-0.043377,51.477275],[-0.043382,51.477285],[-0.043386,51.4773],[-0.043391,51.477303],[-0.043408,51.477351],[-0.043509,51.477553],[-0.043549,51.477641],[-0.043584,51.477708],[-0.043593,51.477732],[-0.043602,51.477747],[-0.043615,51.477774],[-0.043624,51.477786],[-0.043642,51.477816],[-0.043651,51.477835],[-0.043669,51.477862],[-0.043691,51.477904],[-0.0437,51.477913],[-0.043718,51.477947],[-0.043745,51.477989],[-0.04375,51.477992],[-0.043772,51.478031],[-0.043777,51.478037],[-0.043794,51.478071],[-0.043831,51.478116],[-0.043836,51.478119],[-0.043858,51.478156],[-0.043863,51.478159],[-0.043867,51.478168],[-0.04389,51.478195],[-0.043913,51.478229],[-0.043949,51.478268],[-0.043954,51.47828],[-0.043977,51.478302],[-0.04399,51.47832],[-0.044009,51.478335],[-0.044022,51.478356],[-0.044036,51.478369],[-0.044036,51.478375],[-0.044054,51.478396],[-0.04416,51.478506],[-0.044169,51.478518],[-0.04421,51.47856],[-0.04421,51.478563],[-0.044238,51.478591],[-0.044247,51.478603],[-0.044289,51.47864],[-0.044316,51.47867],[-0.044335,51.478685],[-0.044423,51.478762],[-0.044427,51.478762],[-0.044474,51.478805],[-0.044562,51.478875],[-0.04458,51.478893],[-0.044604,51.478909],[-0.044631,51.47893],[-0.04465,51.478948],[-0.044687,51.478973],[-0.044696,51.478982],[-0.044747,51.479022],[-0.044799,51.479053],[-0.044808,51.479062],[-0.04485,51.47909],[-0.044855,51.479096],[-0.044892,51.479117],[-0.044901,51.479126],[-0.044934,51.479148],[-0.044948,51.479154],[-0.044976,51.479176],[-0.045023,51.479206],[-0.045159,51.479281],[-0.045215,51.479315],[-0.045384,51.479401],[-0.045497,51.479463],[-0.045558,51.479491],[-0.0456,51.479513],[-0.045619,51.479519],[-0.045638,51.479528],[-0.045681,51.479544],[-0.045812,51.4796],[-0.045879,51.479625],[-0.046077,51.479707],[-0.04611,51.479722],[-0.046103,51.479773],[-0.046094,51.479866],[-0.046279,51.479911],[-0.04655,51.479972],[-0.046598,51.479985],[-0.046826,51.480037],[-0.046888,51.480053],[-0.046954,51.480066],[-0.047154,51.480114],[-0.047216,51.480127],[-0.047477,51.480192],[-0.047482,51.480192],[-0.047553,51.480208],[-0.047625,51.480221],[-0.047819,51.480269],[-0.047886,51.480282],[-0.04801,51.480311],[-0.048081,51.480331],[-0.048147,51.480344],[-0.048471,51.480421],[-0.048599,51.480453],[-0.048666,51.480466],[-0.048741,51.480485],[-0.04906,51.48056],[-0.049165,51.480579],[-0.049547,51.480622],[-0.049743,51.480637],[-0.049748,51.480634],[-0.049806,51.480635],[-0.049859,51.480507],[-0.049902,51.480391],[-0.049967,51.480233],[-0.04988,51.480232],[-0.050053,51.479797],[-0.050117,51.479627],[-0.050119,51.479582],[-0.050382,51.478945],[-0.048108,51.478116],[-0.048004,51.478087],[-0.04763,51.477958],[-0.047549,51.477951],[-0.047589,51.4779],[-0.047678,51.477839],[-0.047876,51.477713],[-0.04794,51.477666],[-0.04798,51.477628],[-0.048187,51.477386],[-0.048378,51.477092]]]]},"properties":{"entry-date":"2026-02-25","entity":7010009542,"name":"Hatcham Conservation Area","dataset":"article-4-direction-area","typology":"geography","reference":"A4HC","prefix":"article-4-direction-area","organisation-entity":198,"quality":"authoritative","description":"Article 4(2) Direction","permitted-development-rights":"Part 1 Class C, Part 2 Class C, Part 1 Class A Part 1, Class D, Part 1 Class F, Part 2 Class A","in_zone":true,"whole_in_zone":false,"in_cw":false,"organisation":"London Borough of Lewisham"}},
{"type":"Feature","geometry":{"type":"MultiPolygon","coordinates":[[[[-0.028024,51.476115],[-0.028053,51.476113],[-0.028041,51.475998],[-0.028036,51.475984],[-0.028021,51.475975],[-0.027992,51.475971],[-0.027643,51.475992],[-0.027654,51.476052],[-0.027666,51.476134],[-0.028024,51.476115]]],[[[-0.025864,51.474635],[-0.025972,51.474608],[-0.026049,51.474577],[-0.025921,51.474445],[-0.025851,51.474464],[-0.025846,51.474457],[-0.025761,51.474481],[-0.025793,51.474532],[-0.025864,51.474635]]],[[[-0.028119,51.475521],[-0.028111,51.475717],[-0.028112,51.475722],[-0.02813,51.475731],[-0.028348,51.475779],[-0.028359,51.47578],[-0.028352,51.475681],[-0.02835,51.475604],[-0.028361,51.475526],[-0.028119,51.475521]]],[[[-0.027692,51.476254],[-0.027695,51.476265],[-0.027705,51.476335],[-0.027708,51.476346],[-0.02805,51.476334],[-0.02805,51.47632],[-0.028042,51.47624],[-0.027692,51.476254]]]]},"properties":{"entry-date":"2026-02-25","entity":7010009551,"name":"Deptford High Street and St Paul's Article 4 Direction","dataset":"article-4-direction-area","typology":"geography","reference":"A4DHSP","prefix":"article-4-direction-area","organisation-entity":198,"quality":"authoritative","description":"Article 4 Direction","permitted-development-rights":"Part1 Class C, Part 1 Class F, Part 2 Class C","in_zone":true,"whole_in_zone":true,"in_cw":false,"organisation":"London Borough of Lewisham"}},
{"type":"Feature","geometry":{"type":"MultiPolygon","coordinates":[[[[-0.040881,51.488799],[-0.040721,51.488866],[-0.040593,51.488956],[-0.040589,51.488967],[-0.040594,51.488973],[-0.040792,51.489078],[-0.041082,51.488954],[-0.040881,51.488799]]]]},"properties":{"entry-date":"2026-02-25","entity":7010009556,"name":"Evelyn Street Parade","dataset":"article-4-direction-area","typology":"geography","reference":"Eve1","prefix":"article-4-direction-area","organisation-entity":198,"quality":"authoritative","description":"article-4-direction-class-e","permitted-development-rights":"Class e","in_zone":true,"whole_in_zone":true,"in_cw":false,"organisation":"London Borough of Lewisham"}},
{"type":"Feature","geometry":{"type":"MultiPolygon","coordinates":[[[[-0.030928,51.483799],[-0.03093,51.483797],[-0.030911,51.483545],[-0.030854,51.483518],[-0.030837,51.483519],[-0.030837,51.48351],[-0.030793,51.483515],[-0.030787,51.483488],[-0.030693,51.483493],[-0.030692,51.483515],[-0.030649,51.483515],[-0.030658,51.483648],[-0.030737,51.483646],[-0.03075,51.483805],[-0.030928,51.483799]]],[[[-0.031387,51.483354],[-0.031356,51.483376],[-0.031342,51.483368],[-0.031277,51.483418],[-0.032237,51.483904],[-0.032193,51.483943],[-0.032289,51.483988],[-0.032397,51.483902],[-0.032342,51.483878],[-0.032323,51.483895],[-0.032277,51.48387],[-0.032329,51.483827],[-0.031868,51.483594],[-0.031838,51.483619],[-0.031808,51.483604],[-0.03184,51.483581],[-0.031387,51.483354]]],[[[-0.031502,51.483854],[-0.031489,51.483849],[-0.030738,51.483841],[-0.030741,51.483964],[-0.030831,51.483965],[-0.030831,51.483949],[-0.031496,51.483958],[-0.031502,51.483854]]]]},"properties":{"entry-date":"2026-02-25","entity":7010009563,"name":"Evelyn Street Local Centre","dataset":"article-4-direction-area","typology":"geography","reference":"Eve2","prefix":"article-4-direction-area","organisation-entity":198,"quality":"authoritative","description":"article-4-direction-class-e","permitted-development-rights":"Class e","in_zone":true,"whole_in_zone":true,"in_cw":false,"organisation":"London Borough of Lewisham"}},
{"type":"Feature","geometry":{"type":"MultiPolygon","coordinates":[[[[-0.027932,51.475318],[-0.027889,51.47529],[-0.026923,51.475143],[-0.026923,51.475134],[-0.026614,51.475078],[-0.026477,51.475066],[-0.026474,51.475077],[-0.026296,51.475049],[-0.026219,51.475061],[-0.026158,51.475331],[-0.026172,51.475354],[-0.026167,51.475385],[-0.026143,51.475384],[-0.026125,51.475497],[-0.026041,51.475768],[-0.025971,51.476146],[-0.025971,51.476227],[-0.026232,51.476235],[-0.026213,51.476128],[-0.026258,51.476129],[-0.026256,51.476043],[-0.026197,51.476044],[-0.026204,51.475989],[-0.026147,51.475985],[-0.026148,51.475942],[-0.026307,51.475955],[-0.026315,51.475914],[-0.026301,51.475912],[-0.02631,51.475874],[-0.026219,51.475865],[-0.026231,51.475829],[-0.026281,51.475833],[-0.026291,51.475804],[-0.026261,51.4758],[-0.026268,51.475771],[-0.026296,51.475777],[-0.026315,51.475708],[-0.026331,51.47571],[-0.026371,51.475564],[-0.026356,51.475558],[-0.026358,51.475548],[-0.026357,51.475526],[-0.026514,51.475531],[-0.026867,51.475523],[-0.026853,51.475302],[-0.02656,51.475294],[-0.026339,51.47519],[-0.026316,51.475187],[-0.026326,51.475128],[-0.026364,51.475132],[-0.026361,51.475173],[-0.026593,51.475273],[-0.026642,51.475274],[-0.02691,51.475257],[-0.026972,51.475264],[-0.026982,51.475241],[-0.027006,51.475242],[-0.026995,51.475275],[-0.026997,51.475302],[-0.027076,51.475309],[-0.027091,51.47526],[-0.027143,51.475264],[-0.027132,51.475323],[-0.027176,51.475328],[-0.027204,51.475273],[-0.027244,51.475278],[-0.027219,51.475365],[-0.027228,51.475373],[-0.027305,51.475387],[-0.027324,51.475354],[-0.027328,51.475324],[-0.02734,51.475323],[-0.027341,51.475312],[-0.027367,51.475312],[-0.027345,51.475356],[-0.027574,51.475388],[-0.027577,51.475362],[-0.02769,51.47538],[-0.02769,51.4754],[-0.027727,51.475405],[-0.027722,51.475429],[-0.027925,51.475432],[-0.027932,51.475318]]],[[[-0.026003,51.476268],[-0.025964,51.47674],[-0.025964,51.47691],[-0.025976,51.477108],[-0.025977,51.477212],[-0.025984,51.477295],[-0.025997,51.477295],[-0.026031,51.477521],[-0.026052,51.477534],[-0.026391,51.477533],[-0.026391,51.477446],[-0.026221,51.477446],[-0.026221,51.477417],[-0.026241,51.477418],[-0.02624,51.477404],[-0.026391,51.477403],[-0.026392,51.477361],[-0.026406,51.47736],[-0.02641,51.477287],[-0.02629,51.477305],[-0.026217,51.477308],[-0.026209,51.477289],[-0.026361,51.477287],[-0.026358,51.477174],[-0.026421,51.477173],[-0.026415,51.477096],[-0.026234,51.477104],[-0.026241,51.477175],[-0.026124,51.477182],[-0.026123,51.477084],[-0.026212,51.477083],[-0.026201,51.476981],[-0.026152,51.476982],[-0.026149,51.476944],[-0.026124,51.476942],[-0.026123,51.476909],[-0.026073,51.47691],[-0.026073,51.476888],[-0.026122,51.476888],[-0.02612,51.476867],[-0.026175,51.476867],[-0.026179,51.476797],[-0.026364,51.476803],[-0.026368,51.476755],[-0.026161,51.476751],[-0.026163,51.476722],[-0.026118,51.47672],[-0.02612,51.476702],[-0.026391,51.476716],[-0.026389,51.476545],[-0.026261,51.476538],[-0.026262,51.476497],[-0.026235,51.476493],[-0.02624,51.476473],[-0.026197,51.476472],[-0.026204,51.476397],[-0.026267,51.476397],[-0.026271,51.476362],[-0.026358,51.476364],[-0.026361,51.476324],[-0.026128,51.476318],[-0.026134,51.476275],[-0.026003,51.476268]]],[[[-0.024831,51.474377],[-0.024782,51.474345],[-0.024756,51.474361],[-0.024713,51.474336],[-0.02468,51.474359],[-0.024654,51.474342],[-0.024632,51.474355],[-0.024629,51.474353],[-0.024537,51.474407],[-0.024515,51.474396],[-0.024551,51.474378],[-0.024514,51.474359],[-0.024518,51.474355],[-0.024497,51.474342],[-0.024463,51.474359],[-0.024443,51.474348],[-0.024466,51.474335],[-0.024449,51.474326],[-0.024498,51.474304],[-0.024479,51.474286],[-0.024411,51.474305],[-0.02424,51.474375],[-0.024236,51.474397],[-0.024581,51.474571],[-0.024831,51.474377]]],[[[-0.026393,51.477645],[-0.02607,51.477646],[-0.026051,51.477659],[-0.026091,51.477913],[-0.026257,51.477904],[-0.026253,51.477888],[-0.026208,51.477887],[-0.026208,51.477861],[-0.026358,51.477859],[-0.026359,51.477789],[-0.026267,51.477788],[-0.026265,51.477743],[-0.0263,51.477742],[-0.026301,51.477724],[-0.026356,51.477724],[-0.026355,51.477693],[-0.026402,51.477693],[-0.026399,51.477645],[-0.026393,51.477645]]],[[[-0.025259,51.477872],[-0.025265,51.477932],[-0.025578,51.477922],[-0.025573,51.477858],[-0.025259,51.477872]]],[[[-0.025981,51.478574],[-0.025879,51.477848],[-0.025674,51.477854],[-0.025678,51.477894],[-0.02562,51.477896],[-0.02562,51.477903],[-0.025601,51.477904],[-0.025605,51.477953],[-0.025584,51.477953],[-0.025584,51.477967],[-0.025511,51.477969],[-0.025514,51.478004],[-0.025666,51.478001],[-0.025684,51.477998],[-0.025685,51.478009],[-0.025544,51.478013],[-0.025544,51.478022],[-0.025322,51.47803],[-0.025331,51.478187],[-0.025371,51.478188],[-0.025376,51.478239],[-0.025487,51.478235],[-0.025491,51.478287],[-0.025418,51.478289],[-0.025423,51.478348],[-0.025569,51.478343],[-0.025574,51.478371],[-0.025387,51.478378],[-0.025394,51.478462],[-0.025479,51.478459],[-0.025497,51.478623],[-0.025968,51.478684],[-0.025983,51.478679],[-0.025985,51.478675],[-0.025981,51.478574]]],[[[-0.026803,51.481404],[-0.026801,51.481347],[-0.026709,51.481344],[-0.02669,51.481181],[-0.02677,51.481178],[-0.026761,51.48112],[-0.026786,51.481117],[-0.02678,51.481047],[-0.026511,51.481054],[-0.026488,51.481072],[-0.02653,51.481382],[-0.026803,51.481404]]],[[[-0.025947,51.480976],[-0.025957,51.481076],[-0.026003,51.481075],[-0.026018,51.481215],[-0.026028,51.481216],[-0.026028,51.481246],[-0.026009,51.48125],[-0.026009,51.48126],[-0.025995,51.481262],[-0.026003,51.481342],[-0.02605,51.481341],[-0.026052,51.481335],[-0.026077,51.481336],[-0.026079,51.481352],[-0.026262,51.481348],[-0.026286,51.481333],[-0.026263,51.481063],[-0.026253,51.480966],[-0.026247,51.480955],[-0.025947,51.480968],[-0.025947,51.480976]]],[[[-0.025881,51.475076],[-0.02588,51.475002],[-0.025882,51.474994],[-0.025878,51.474986],[-0.025864,51.47498],[-0.025759,51.474956],[-0.025412,51.474913],[-0.025146,51.474888],[-0.024749,51.474894],[-0.024751,51.474898],[-0.02461,51.474904],[-0.02461,51.4749],[-0.024235,51.474916],[-0.024235,51.474922],[-0.024229,51.474922],[-0.024232,51.474933],[-0.023977,51.47496],[-0.023929,51.474981],[-0.024065,51.475056],[-0.024263,51.475029],[-0.024248,51.475007],[-0.024299,51.475],[-0.024306,51.475016],[-0.024374,51.475008],[-0.024377,51.475012],[-0.024387,51.475081],[-0.024298,51.47508],[-0.024324,51.475222],[-0.024353,51.475221],[-0.024351,51.475227],[-0.024462,51.475229],[-0.024544,51.475215],[-0.024543,51.47521],[-0.024573,51.475208],[-0.024569,51.475155],[-0.02463,51.475151],[-0.024628,51.475115],[-0.024673,51.475113],[-0.024675,51.475053],[-0.024707,51.475051],[-0.02471,51.475109],[-0.02476,51.475108],[-0.024764,51.475165],[-0.024895,51.475163],[-0.025048,51.475154],[-0.025047,51.47511],[-0.025173,51.475105],[-0.025184,51.475031],[-0.025126,51.475025],[-0.025131,51.474992],[-0.025186,51.474996],[-0.025188,51.474999],[-0.025229,51.475002],[-0.025228,51.47502],[-0.025376,51.475033],[-0.025383,51.475018],[-0.025524,51.475037],[-0.025528,51.47503],[-0.025728,51.475055],[-0.025721,51.475078],[-0.025711,51.475081],[-0.025707,51.475212],[-0.025719,51.475213],[-0.025714,51.475363],[-0.025515,51.475367],[-0.025529,51.475485],[-0.025664,51.475484],[-0.025664,51.475521],[-0.025531,51.475522],[-0.025529,51.47555],[-0.025385,51.47555],[-0.025384,51.47571],[-0.025463,51.475711],[-0.02546,51.475802],[-0.025647,51.475811],[-0.02564,51.475853],[-0.025565,51.47585],[-0.02556,51.475893],[-0.025558,51.475934],[-0.025417,51.475927],[-0.025414,51.475949],[-0.025447,51.475952],[-0.025444,51.476014],[-0.02541,51.476012],[-0.025407,51.476053],[-0.025543,51.476061],[-0.025536,51.476102],[-0.025402,51.476097],[-0.025402,51.47623],[-0.02576,51.476238],[-0.025781,51.476113],[-0.025785,51.476032],[-0.025842,51.475663],[-0.025865,51.475549],[-0.025872,51.475504],[-0.025882,51.475168],[-0.025881,51.475076]]],[[[-0.025751,51.476644],[-0.025752,51.47636],[-0.025731,51.476342],[-0.025472,51.476339],[-0.025467,51.476381],[-0.025491,51.476382],[-0.025488,51.476415],[-0.025458,51.476415],[-0.025457,51.476438],[-0.025461,51.476492],[-0.025457,51.476573],[-0.025551,51.476576],[-0.025555,51.476592],[-0.025638,51.476594],[-0.025639,51.476606],[-0.025383,51.4766],[-0.025382,51.476636],[-0.025751,51.476644]]],[[[-0.025463,51.476701],[-0.025462,51.47677],[-0.025489,51.47677],[-0.025492,51.476783],[-0.025532,51.476783],[-0.025534,51.476751],[-0.025555,51.476753],[-0.025557,51.476838],[-0.025546,51.476839],[-0.025547,51.47685],[-0.025499,51.476853],[-0.025497,51.476909],[-0.025477,51.476909],[-0.025478,51.476939],[-0.025498,51.476939],[-0.025498,51.47696],[-0.025533,51.476959],[-0.025535,51.476998],[-0.025562,51.476998],[-0.025566,51.477157],[-0.025522,51.477157],[-0.025522,51.477178],[-0.025769,51.477176],[-0.025766,51.47685],[-0.025771,51.476849],[-0.025766,51.476703],[-0.025463,51.476698],[-0.025463,51.476701]]],[[[-0.025504,51.477255],[-0.025504,51.477264],[-0.025479,51.477265],[-0.025485,51.477385],[-0.025585,51.477383],[-0.025585,51.477394],[-0.025509,51.477393],[-0.025512,51.477428],[-0.025584,51.477428],[-0.025582,51.47748],[-0.025533,51.477482],[-0.025538,51.477572],[-0.02572,51.477576],[-0.025824,51.477569],[-0.025847,51.477553],[-0.025832,51.477432],[-0.025817,51.477432],[-0.025811,51.477331],[-0.025802,51.477331],[-0.025798,51.477257],[-0.025781,51.477248],[-0.025504,51.477255]]],[[[-0.026372,51.478194],[-0.026371,51.478193],[-0.026124,51.478205],[-0.026135,51.478312],[-0.026383,51.4783],[-0.026382,51.478278],[-0.026311,51.478281],[-0.026304,51.478223],[-0.026374,51.478219],[-0.026372,51.478194]]],[[[-0.02617,51.478577],[-0.026586,51.478556],[-0.026573,51.478451],[-0.026155,51.47847],[-0.02617,51.478577]]],[[[-0.02568,51.478916],[-0.02568,51.478958],[-0.025683,51.478959],[-0.025685,51.479003],[-0.025741,51.479004],[-0.02574,51.479008],[-0.025721,51.479009],[-0.02572,51.479025],[-0.025702,51.479026],[-0.025702,51.479047],[-0.025833,51.47905],[-0.025834,51.479069],[-0.025704,51.479073],[-0.025703,51.479084],[-0.025685,51.479085],[-0.025686,51.4791],[-0.025674,51.4791],[-0.025677,51.479146],[-0.025777,51.479146],[-0.025779,51.479194],[-0.025805,51.479194],[-0.02581,51.479278],[-0.025799,51.479279],[-0.025801,51.479297],[-0.025769,51.479299],[-0.02577,51.479322],[-0.025624,51.479325],[-0.025628,51.479401],[-0.025781,51.479403],[-0.02578,51.479452],[-0.025729,51.479452],[-0.025729,51.479485],[-0.025804,51.479485],[-0.025804,51.479519],[-0.02576,51.479519],[-0.025761,51.479541],[-0.025846,51.479541],[-0.025846,51.479561],[-0.025864,51.479562],[-0.025864,51.479583],[-0.025885,51.479583],[-0.025886,51.479588],[-0.025867,51.479589],[-0.025868,51.47961],[-0.025886,51.479609],[-0.025889,51.479642],[-0.026026,51.47971],[-0.026053,51.479709],[-0.026065,51.479703],[-0.02607,51.479696],[-0.026065,51.479541],[-0.026055,51.47954],[-0.026046,51.479454],[-0.02604,51.479454],[-0.026033,51.479364],[-0.026029,51.479364],[-0.025987,51.478911],[-0.02568,51.478916]]],[[[-0.026636,51.480502],[-0.026633,51.480498],[-0.026378,51.480521],[-0.026449,51.480899],[-0.026456,51.480943],[-0.026467,51.480952],[-0.026593,51.480945],[-0.026582,51.480875],[-0.026663,51.480871],[-0.02666,51.48086],[-0.026678,51.480858],[-0.026678,51.480847],[-0.026722,51.480844],[-0.026716,51.480805],[-0.026879,51.480797],[-0.026875,51.480772],[-0.026768,51.480776],[-0.026763,51.480761],[-0.026801,51.480758],[-0.026796,51.480735],[-0.026783,51.480736],[-0.026782,51.480722],[-0.026694,51.480726],[-0.026695,51.480739],[-0.026625,51.480745],[-0.02662,51.480729],[-0.026584,51.480729],[-0.026574,51.480697],[-0.026659,51.480688],[-0.026654,51.480657],[-0.026727,51.48065],[-0.026719,51.480605],[-0.026692,51.480607],[-0.026687,51.480573],[-0.026636,51.480502]]],[[[-0.026194,51.478997],[-0.026205,51.479311],[-0.026228,51.479488],[-0.026251,51.479499],[-0.026439,51.47948],[-0.026434,51.479439],[-0.026375,51.479441],[-0.026365,51.479419],[-0.026432,51.479413],[-0.026432,51.479392],[-0.026364,51.479391],[-0.026362,51.479381],[-0.026387,51.479379],[-0.026372,51.479301],[-0.026574,51.479284],[-0.026568,51.479251],[-0.026591,51.47925],[-0.026587,51.479235],[-0.026567,51.479235],[-0.026548,51.479156],[-0.026605,51.479154],[-0.026605,51.479126],[-0.026451,51.479131],[-0.026446,51.479074],[-0.026557,51.479115],[-0.026606,51.479065],[-0.026298,51.478987],[-0.026194,51.478997]]],[[[-0.026646,51.479931],[-0.026643,51.479919],[-0.026585,51.479913],[-0.02658,51.479886],[-0.026479,51.479894],[-0.026474,51.47986],[-0.026503,51.479858],[-0.026501,51.479845],[-0.026521,51.479843],[-0.026516,51.479829],[-0.026491,51.479831],[-0.026481,51.479797],[-0.026492,51.479794],[-0.026483,51.479752],[-0.026268,51.479764],[-0.026302,51.479958],[-0.026329,51.479964],[-0.026646,51.479931]]],[[[-0.026327,51.480094],[-0.02639,51.480453],[-0.026421,51.480465],[-0.026459,51.480463],[-0.02646,51.480459],[-0.026787,51.480433],[-0.02678,51.480393],[-0.026629,51.480405],[-0.026631,51.480422],[-0.026587,51.480426],[-0.026576,51.480348],[-0.026503,51.480354],[-0.026495,51.480313],[-0.026575,51.480308],[-0.026566,51.480259],[-0.026589,51.480257],[-0.026585,51.48024],[-0.026598,51.480238],[-0.026597,51.480232],[-0.026636,51.480225],[-0.026631,51.480204],[-0.02665,51.480202],[-0.026642,51.48016],[-0.02664,51.480157],[-0.02665,51.480156],[-0.026631,51.480049],[-0.026344,51.480076],[-0.026332,51.48008],[-0.026326,51.480085],[-0.026327,51.480094]]],[[[-0.026481,51.474656],[-0.026402,51.474646],[-0.026376,51.474711],[-0.026381,51.474761],[-0.026435,51.47477],[-0.026425,51.474794],[-0.026859,51.474857],[-0.026922,51.474725],[-0.026481,51.474656]]],[[[-0.026246,51.480901],[-0.026214,51.480656],[-0.026163,51.480616],[-0.026068,51.480623],[-0.026086,51.48076],[-0.025947,51.480766],[-0.025951,51.480799],[-0.025988,51.480797],[-0.025989,51.480803],[-0.026112,51.480797],[-0.026113,51.480806],[-0.025967,51.480814],[-0.025972,51.480838],[-0.026001,51.480838],[-0.025999,51.480873],[-0.025974,51.480874],[-0.02598,51.480916],[-0.026246,51.480901]]],[[[-0.025906,51.480048],[-0.025898,51.480049],[-0.0259,51.480074],[-0.025971,51.48007],[-0.025975,51.480102],[-0.025907,51.480106],[-0.025911,51.480132],[-0.025852,51.480138],[-0.02586,51.480189],[-0.02602,51.480181],[-0.026025,51.480206],[-0.02598,51.480209],[-0.025984,51.480234],[-0.026022,51.480232],[-0.026024,51.480256],[-0.025968,51.48026],[-0.025974,51.480295],[-0.02595,51.480297],[-0.025953,51.480328],[-0.025978,51.480328],[-0.025982,51.480358],[-0.025975,51.480359],[-0.025977,51.480406],[-0.025987,51.480405],[-0.025993,51.48047],[-0.02598,51.480472],[-0.025991,51.480557],[-0.026184,51.480549],[-0.026211,51.480535],[-0.026139,51.480032],[-0.025906,51.480048]]],[[[-0.026993,51.474863],[-0.026994,51.474858],[-0.026941,51.47485],[-0.026933,51.474869],[-0.026893,51.47486],[-0.02689,51.474867],[-0.02686,51.474862],[-0.026809,51.474974],[-0.026942,51.474996],[-0.026945,51.474993],[-0.026993,51.474863]]],[[[-0.026226,51.474829],[-0.026166,51.474824],[-0.026155,51.474774],[-0.026095,51.474775],[-0.026095,51.474752],[-0.026045,51.474752],[-0.026042,51.474743],[-0.026025,51.474742],[-0.026022,51.474739],[-0.026018,51.474666],[-0.025879,51.474701],[-0.02571,51.474751],[-0.025686,51.474764],[-0.025676,51.474781],[-0.025677,51.474799],[-0.025685,51.474811],[-0.025706,51.474822],[-0.025889,51.474833],[-0.025968,51.474857],[-0.026236,51.474878],[-0.026226,51.474829]]],[[[-0.02486,51.474494],[-0.024832,51.474513],[-0.024719,51.474617],[-0.024793,51.474644],[-0.025017,51.47469],[-0.025021,51.474687],[-0.025098,51.4747],[-0.025511,51.474739],[-0.025756,51.474668],[-0.025709,51.474613],[-0.025663,51.474622],[-0.025656,51.474609],[-0.02551,51.474648],[-0.025516,51.474613],[-0.025483,51.474607],[-0.025468,51.474617],[-0.025449,51.474616],[-0.025434,51.474606],[-0.025396,51.474603],[-0.025385,51.474611],[-0.025379,51.474631],[-0.02534,51.474627],[-0.025348,51.474613],[-0.02532,51.474602],[-0.025303,51.474624],[-0.025249,51.474619],[-0.025278,51.474564],[-0.025332,51.474571],[-0.025363,51.474491],[-0.025217,51.474515],[-0.025138,51.474533],[-0.025135,51.474544],[-0.025025,51.47453],[-0.025008,51.474543],[-0.024981,51.474529],[-0.02486,51.474494]]],[[[-0.025896,51.479846],[-0.025912,51.479968],[-0.026026,51.479957],[-0.026034,51.480002],[-0.026086,51.48],[-0.026115,51.479968],[-0.026102,51.479852],[-0.026068,51.479836],[-0.025896,51.479846]]],[[[-0.026479,51.479534],[-0.026476,51.479532],[-0.026247,51.479551],[-0.026243,51.479556],[-0.026241,51.479592],[-0.02625,51.479672],[-0.026247,51.479674],[-0.026253,51.479705],[-0.026251,51.479738],[-0.026265,51.479756],[-0.026437,51.479741],[-0.026422,51.47969],[-0.026457,51.479688],[-0.026453,51.479665],[-0.026503,51.479659],[-0.026503,51.479644],[-0.02643,51.47965],[-0.026416,51.479583],[-0.026488,51.479578],[-0.026479,51.479534]]]]},"properties":{"entry-date":"2026-02-25","entity":7010009566,"name":"Deptford District Centre","dataset":"article-4-direction-area","typology":"geography","reference":"Dep1","prefix":"article-4-direction-area","organisation-entity":198,"quality":"authoritative","description":"article-4-direction-class-e","permitted-development-rights":"Class e","in_zone":true,"whole_in_zone":true,"in_cw":false,"organisation":"London Borough of Lewisham"}},
{"type":"Feature","geometry":{"type":"MultiPolygon","coordinates":[[[[-0.040916,51.474429],[-0.040913,51.474426],[-0.0408,51.474452],[-0.040831,51.474504],[-0.04078,51.474517],[-0.040821,51.474585],[-0.040756,51.474599],[-0.040717,51.47453],[-0.040633,51.474551],[-0.040673,51.47462],[-0.040611,51.474635],[-0.040567,51.474568],[-0.040537,51.474575],[-0.040532,51.474568],[-0.040503,51.474572],[-0.040508,51.474581],[-0.040485,51.474587],[-0.040525,51.474654],[-0.040468,51.474669],[-0.040421,51.474602],[-0.040397,51.474608],[-0.040387,51.4746],[-0.040373,51.474603],[-0.040446,51.474752],[-0.04097,51.474633],[-0.040975,51.474615],[-0.040916,51.474429]]],[[[-0.042246,51.47458],[-0.041864,51.474652],[-0.041925,51.474783],[-0.042056,51.474755],[-0.042034,51.474713],[-0.042061,51.474708],[-0.042054,51.474694],[-0.042098,51.474686],[-0.042107,51.474701],[-0.042135,51.474696],[-0.042156,51.474737],[-0.042293,51.47471],[-0.042246,51.47458]]],[[[-0.03957,51.475286],[-0.039522,51.475182],[-0.039228,51.475259],[-0.039208,51.475287],[-0.039265,51.47537],[-0.03957,51.475286]]],[[[-0.038999,51.475359],[-0.038998,51.475352],[-0.038955,51.47534],[-0.037854,51.475639],[-0.037606,51.475694],[-0.03726,51.475748],[-0.037268,51.475804],[-0.0373,51.475799],[-0.037319,51.475839],[-0.037366,51.475832],[-0.037394,51.475893],[-0.037409,51.47589],[-0.037405,51.475875],[-0.037459,51.475865],[-0.037436,51.47581],[-0.03751,51.475797],[-0.037542,51.475872],[-0.03756,51.475867],[-0.037553,51.475852],[-0.037587,51.475846],[-0.037562,51.475789],[-0.037658,51.475774],[-0.037689,51.475831],[-0.037737,51.475822],[-0.037708,51.475764],[-0.03773,51.475759],[-0.037738,51.475772],[-0.037777,51.475764],[-0.037804,51.475809],[-0.037911,51.475783],[-0.037896,51.475759],[-0.038039,51.475728],[-0.038014,51.475684],[-0.038028,51.475681],[-0.038065,51.475742],[-0.03817,51.475716],[-0.038131,51.475652],[-0.038152,51.475648],[-0.038197,51.475725],[-0.038221,51.475719],[-0.038213,51.475705],[-0.038247,51.475697],[-0.038212,51.475636],[-0.038297,51.475611],[-0.038297,51.475605],[-0.038307,51.475602],[-0.038343,51.475658],[-0.038451,51.475631],[-0.038416,51.475573],[-0.038434,51.475569],[-0.038437,51.475573],[-0.038461,51.475567],[-0.038501,51.475621],[-0.038527,51.475613],[-0.038538,51.475629],[-0.038583,51.47562],[-0.038576,51.475611],[-0.038589,51.475607],[-0.038583,51.475598],[-0.038599,51.475594],[-0.038556,51.475536],[-0.038584,51.475529],[-0.038685,51.475685],[-0.039141,51.475566],[-0.038999,51.475359]]],[[[-0.036421,51.475817],[-0.036412,51.475764],[-0.036204,51.475777],[-0.035975,51.475789],[-0.035703,51.475809],[-0.035723,51.475919],[-0.035988,51.475895],[-0.036124,51.475876],[-0.036215,51.475873],[-0.036218,51.47589],[-0.036377,51.475882],[-0.036369,51.47582],[-0.036421,51.475817]]],[[[-0.035479,51.476027],[-0.035458,51.475919],[-0.034354,51.475989],[-0.034342,51.475993],[-0.03432,51.476018],[-0.034332,51.476101],[-0.035479,51.476027]]],[[[-0.034102,51.476043],[-0.034082,51.475943],[-0.03406,51.475934],[-0.033115,51.476007],[-0.033134,51.47609],[-0.033424,51.476065],[-0.033436,51.47612],[-0.03351,51.476114],[-0.033522,51.47618],[-0.033817,51.476158],[-0.033803,51.476067],[-0.033878,51.476061],[-0.033882,51.476081],[-0.033835,51.476086],[-0.033845,51.476138],[-0.033892,51.476133],[-0.033894,51.476152],[-0.034044,51.476141],[-0.034029,51.476048],[-0.034102,51.476043]]],[[[-0.033078,51.47602],[-0.033078,51.476013],[-0.032709,51.476005],[-0.032705,51.476059],[-0.032729,51.476089],[-0.033077,51.476092],[-0.033078,51.47602]]],[[[-0.036821,51.475546],[-0.036806,51.475367],[-0.036745,51.475369],[-0.036751,51.475468],[-0.036733,51.475468],[-0.036734,51.475433],[-0.036707,51.475431],[-0.036707,51.475408],[-0.036678,51.475407],[-0.036674,51.47543],[-0.03665,51.47543],[-0.036645,51.475465],[-0.036612,51.475462],[-0.036605,51.475538],[-0.036821,51.475546]]],[[[-0.034521,51.474943],[-0.034686,51.475072],[-0.034634,51.475096],[-0.034827,51.47521],[-0.034874,51.475179],[-0.034858,51.475167],[-0.034894,51.475141],[-0.034927,51.475159],[-0.03488,51.475198],[-0.035061,51.475289],[-0.035113,51.475257],[-0.035145,51.475274],[-0.035136,51.475284],[-0.035153,51.475292],[-0.035163,51.475282],[-0.03519,51.475297],[-0.035162,51.475317],[-0.035244,51.47536],[-0.035272,51.475339],[-0.035309,51.475358],[-0.035294,51.475368],[-0.035313,51.475377],[-0.035278,51.475404],[-0.035306,51.475419],[-0.035293,51.475431],[-0.03551,51.475528],[-0.035503,51.47551],[-0.035508,51.47546],[-0.035541,51.475474],[-0.035527,51.475487],[-0.035555,51.475497],[-0.035569,51.475484],[-0.035643,51.475511],[-0.035646,51.475509],[-0.035713,51.475532],[-0.03572,51.475527],[-0.035757,51.475538],[-0.035748,51.475553],[-0.035774,51.475555],[-0.035832,51.475488],[-0.0355,51.475372],[-0.035069,51.475147],[-0.035115,51.475113],[-0.035028,51.475054],[-0.034976,51.475088],[-0.03483,51.474996],[-0.034689,51.474885],[-0.034667,51.47488],[-0.034521,51.474943]]],[[[-0.035856,51.475584],[-0.035815,51.475583],[-0.035815,51.475561],[-0.035723,51.475565],[-0.035725,51.475586],[-0.035706,51.475586],[-0.035708,51.475576],[-0.035656,51.475578],[-0.035651,51.475549],[-0.035598,51.475552],[-0.035601,51.475582],[-0.035543,51.475583],[-0.035539,51.475554],[-0.035511,51.475551],[-0.035481,51.475668],[-0.035861,51.475645],[-0.035856,51.475584]]],[[[-0.03711,51.475513],[-0.037119,51.475533],[-0.03715,51.475539],[-0.037578,51.47547],[-0.03759,51.475465],[-0.037543,51.475349],[-0.037339,51.475382],[-0.037334,51.475375],[-0.037319,51.475378],[-0.037322,51.475385],[-0.037167,51.475409],[-0.037154,51.475377],[-0.037095,51.475386],[-0.03711,51.475513]]]]},"properties":{"entry-date":"2026-02-25","entity":7010009576,"name":"New Cross District Centre","dataset":"article-4-direction-area","typology":"geography","reference":"New1","prefix":"article-4-direction-area","organisation-entity":198,"quality":"authoritative","description":"article-4-direction-class-e","permitted-development-rights":"Class e","in_zone":true,"whole_in_zone":true,"in_cw":false,"organisation":"London Borough of Lewisham"}},
{"type":"Feature","geometry":{"type":"MultiPolygon","coordinates":[[[[-0.04711,51.475178],[-0.047103,51.475172],[-0.047099,51.475159],[-0.047127,51.475151],[-0.047105,51.475117],[-0.047185,51.475099],[-0.047164,51.475056],[-0.047187,51.47505],[-0.047194,51.475058],[-0.047222,51.475053],[-0.047231,51.475064],[-0.047319,51.475045],[-0.047224,51.474873],[-0.047229,51.474871],[-0.047206,51.474827],[-0.047045,51.474857],[-0.046996,51.474791],[-0.046917,51.47481],[-0.046897,51.474789],[-0.046835,51.474804],[-0.046811,51.474752],[-0.046745,51.474656],[-0.046743,51.474627],[-0.046601,51.474658],[-0.04666,51.474737],[-0.046667,51.474732],[-0.046763,51.474876],[-0.047005,51.475199],[-0.04711,51.475178]]],[[[-0.047204,51.47422],[-0.047203,51.474211],[-0.047113,51.47423],[-0.047158,51.474304],[-0.047124,51.474307],[-0.047064,51.474212],[-0.046699,51.474301],[-0.046614,51.474329],[-0.046539,51.474364],[-0.046516,51.474403],[-0.046524,51.474416],[-0.046517,51.47443],[-0.046489,51.47443],[-0.046461,51.474459],[-0.046572,51.474619],[-0.047027,51.474525],[-0.046999,51.474471],[-0.047189,51.474428],[-0.047239,51.474507],[-0.047353,51.474481],[-0.047204,51.47422]]],[[[-0.046716,51.475272],[-0.046719,51.475269],[-0.046466,51.474904],[-0.046442,51.474865],[-0.046307,51.474728],[-0.046209,51.474661],[-0.046114,51.474616],[-0.046048,51.474588],[-0.045939,51.474547],[-0.045764,51.474496],[-0.045706,51.474493],[-0.045698,51.47459],[-0.045727,51.474599],[-0.045712,51.474622],[-0.045697,51.474617],[-0.045689,51.474647],[-0.04572,51.474658],[-0.045695,51.474691],[-0.045754,51.474709],[-0.045783,51.474675],[-0.045819,51.474721],[-0.045856,51.474715],[-0.045891,51.474743],[-0.045929,51.474815],[-0.046063,51.474764],[-0.046117,51.474835],[-0.046144,51.474828],[-0.04622,51.474967],[-0.046286,51.475054],[-0.046431,51.475026],[-0.046464,51.475086],[-0.046383,51.475106],[-0.04639,51.47512],[-0.046344,51.475129],[-0.046347,51.475142],[-0.046484,51.475115],[-0.046501,51.47513],[-0.046412,51.475147],[-0.046427,51.475176],[-0.046516,51.475157],[-0.046547,51.475204],[-0.04646,51.475217],[-0.046479,51.475264],[-0.046567,51.47525],[-0.046576,51.475266],[-0.046466,51.475283],[-0.046479,51.475314],[-0.0467,51.475284],[-0.046716,51.475272]]],[[[-0.047923,51.475783],[-0.04793,51.475777],[-0.047901,51.475764],[-0.047939,51.475726],[-0.047863,51.475695],[-0.047822,51.475733],[-0.047746,51.475702],[-0.047736,51.475715],[-0.047709,51.475707],[-0.047728,51.475686],[-0.047664,51.47566],[-0.047643,51.475685],[-0.047617,51.475675],[-0.047596,51.475662],[-0.047654,51.475617],[-0.04762,51.4756],[-0.047606,51.475611],[-0.047581,51.475597],[-0.047543,51.475623],[-0.047525,51.475611],[-0.047576,51.475576],[-0.047456,51.475484],[-0.047494,51.475469],[-0.047434,51.475412],[-0.047358,51.475444],[-0.047351,51.47544],[-0.047317,51.475451],[-0.047303,51.475438],[-0.047365,51.475419],[-0.047346,51.475398],[-0.047365,51.475393],[-0.047347,51.475375],[-0.047323,51.475384],[-0.047305,51.475365],[-0.047415,51.475334],[-0.047392,51.475303],[-0.047459,51.475287],[-0.047439,51.47526],[-0.047428,51.475262],[-0.047407,51.475227],[-0.047072,51.475297],[-0.047221,51.475487],[-0.047412,51.475655],[-0.047519,51.475741],[-0.047571,51.475777],[-0.047638,51.475811],[-0.04782,51.475887],[-0.047923,51.475783]]],[[[-0.047039,51.475734],[-0.047043,51.475722],[-0.046931,51.47564],[-0.046855,51.475652],[-0.04669,51.475733],[-0.046701,51.475742],[-0.046712,51.475737],[-0.046729,51.475749],[-0.046797,51.475715],[-0.046833,51.475745],[-0.046745,51.475791],[-0.046809,51.47584],[-0.046829,51.475827],[-0.046857,51.475846],[-0.047023,51.475749],[-0.047039,51.475734]]],[[[-0.04684,51.475618],[-0.046825,51.475559],[-0.046345,51.475607],[-0.046361,51.475728],[-0.046718,51.475674],[-0.046714,51.475666],[-0.04668,51.475669],[-0.04668,51.475662],[-0.046669,51.475664],[-0.04666,51.475636],[-0.04684,51.475618]]],[[[-0.048326,51.47636],[-0.04804,51.476229],[-0.04801,51.476235],[-0.047849,51.476382],[-0.047903,51.476414],[-0.047954,51.47637],[-0.047988,51.476384],[-0.047969,51.476405],[-0.047983,51.476414],[-0.047977,51.47642],[-0.047988,51.476427],[-0.048,51.476416],[-0.048034,51.476432],[-0.048039,51.476428],[-0.048094,51.476454],[-0.04807,51.476479],[-0.048104,51.476496],[-0.048107,51.476491],[-0.048186,51.476524],[-0.048326,51.47636]]],[[[-0.047869,51.476167],[-0.047867,51.47615],[-0.047385,51.475938],[-0.047209,51.475852],[-0.04703,51.475977],[-0.047044,51.475986],[-0.047057,51.475978],[-0.047077,51.475987],[-0.04713,51.475952],[-0.047176,51.47598],[-0.04714,51.476009],[-0.047173,51.476026],[-0.047164,51.476034],[-0.047178,51.476041],[-0.047191,51.476035],[-0.047206,51.476043],[-0.047246,51.476015],[-0.047268,51.476028],[-0.047298,51.476042],[-0.047264,51.47607],[-0.047297,51.476088],[-0.047242,51.476135],[-0.04731,51.476166],[-0.047346,51.476134],[-0.047371,51.476147],[-0.047357,51.476164],[-0.04742,51.47619],[-0.047497,51.476128],[-0.047548,51.476151],[-0.047517,51.476181],[-0.047588,51.476212],[-0.047621,51.476185],[-0.047677,51.476208],[-0.047643,51.476237],[-0.047616,51.476226],[-0.047549,51.476283],[-0.047609,51.476308],[-0.047593,51.476327],[-0.047658,51.476357],[-0.047869,51.476167]]]]},"properties":{"entry-date":"2026-02-25","entity":7010009577,"name":"New Cross Road Local Centre","dataset":"article-4-direction-area","typology":"geography","reference":"New2","prefix":"article-4-direction-area","organisation-entity":198,"quality":"authoritative","description":"article-4-direction-class-e","permitted-development-rights":"Class e","in_zone":true,"whole_in_zone":true,"in_cw":false,"organisation":"London Borough of Lewisham"}},
{"type":"Feature","geometry":{"type":"MultiPolygon","coordinates":[[[[-0.020988,51.477469],[-0.020993,51.477371],[-0.021017,51.477372],[-0.021028,51.477105],[-0.021028,51.477027],[-0.021046,51.477019],[-0.02117,51.476978],[-0.02143,51.476953],[-0.021641,51.476936],[-0.021991,51.47693],[-0.022082,51.476926],[-0.022142,51.476931],[-0.022203,51.47694],[-0.022389,51.476948],[-0.022422,51.476691],[-0.022467,51.476555],[-0.022539,51.476441],[-0.02258,51.476428],[-0.022709,51.476184],[-0.02248,51.476239],[-0.022457,51.476201],[-0.022426,51.476207],[-0.022406,51.476182],[-0.022377,51.476191],[-0.022363,51.47617],[-0.022536,51.47612],[-0.022549,51.476131],[-0.022694,51.476091],[-0.022656,51.476023],[-0.022611,51.475969],[-0.022577,51.475953],[-0.022,51.476128],[-0.021902,51.476155],[-0.021688,51.476205],[-0.021676,51.47621],[-0.021553,51.476233],[-0.021358,51.476214],[-0.021182,51.476243],[-0.021036,51.4763],[-0.021029,51.476304],[-0.021008,51.476329],[-0.020987,51.476448],[-0.020861,51.476575],[-0.020868,51.47658],[-0.020838,51.47661],[-0.020786,51.476667],[-0.020753,51.4767],[-0.020748,51.476707],[-0.020731,51.476723],[-0.0207,51.476744],[-0.020656,51.476769],[-0.020612,51.47679],[-0.020538,51.476829],[-0.020269,51.476979],[-0.020269,51.47701],[-0.020218,51.477008],[-0.020206,51.477009],[-0.020201,51.477012],[-0.020021,51.477154],[-0.019996,51.47715],[-0.019907,51.477142],[-0.019846,51.477134],[-0.019755,51.477127],[-0.019709,51.477135],[-0.019698,51.477149],[-0.019667,51.477218],[-0.019648,51.477429],[-0.01946,51.477429],[-0.019454,51.477597],[-0.019496,51.477693],[-0.019559,51.477914],[-0.019806,51.477877],[-0.019875,51.477871],[-0.01992,51.477853],[-0.020281,51.477801],[-0.020309,51.477815],[-0.020326,51.477818],[-0.020318,51.477827],[-0.020357,51.477834],[-0.020409,51.477846],[-0.020433,51.477843],[-0.020533,51.477867],[-0.020979,51.477806],[-0.020985,51.477808],[-0.020983,51.477793],[-0.020984,51.477783],[-0.02098,51.477724],[-0.020988,51.477469]]]]},"properties":{"entry-date":"2026-02-25","entity":7010009592,"name":"Lower Creekside LSIS","dataset":"article-4-direction-area","typology":"geography","reference":"Low1","prefix":"article-4-direction-area","organisation-entity":198,"quality":"authoritative","description":"article-4-direction-class-e","permitted-development-rights":"Class e","in_zone":true,"whole_in_zone":true,"in_cw":false,"organisation":"London Borough of Lewisham"}},
{"type":"Feature","geometry":{"type":"MultiPolygon","coordinates":[[[[-0.03654,51.482696],[-0.035327,51.482236],[-0.035171,51.482398],[-0.036397,51.482857],[-0.036667,51.482743],[-0.03654,51.482696]]]]},"properties":{"entry-date":"2026-02-25","entity":7010009593,"name":"Childers Street West LSIS","dataset":"article-4-direction-area","typology":"geography","reference":"Chi2","prefix":"article-4-direction-area","organisation-entity":198,"quality":"authoritative","description":"article-4-direction-class-e","permitted-development-rights":"Class e","in_zone":true,"whole_in_zone":true,"in_cw":false,"organisation":"London Borough of Lewisham"}},
{"type":"Feature","geometry":{"type":"MultiPolygon","coordinates":[[[[-0.036524,51.486422],[-0.036006,51.486002],[-0.035892,51.486052],[-0.03579,51.486099],[-0.035627,51.486189],[-0.035516,51.486304],[-0.035651,51.486411],[-0.036102,51.486679],[-0.036373,51.486492],[-0.036524,51.486422]]]]},"properties":{"entry-date":"2026-02-25","entity":7010009594,"name":"Evelyn Court LSIS","dataset":"article-4-direction-area","typology":"geography","reference":"Eve3","prefix":"article-4-direction-area","organisation-entity":198,"quality":"authoritative","description":"article-4-direction-class-e","permitted-development-rights":"Class e","in_zone":true,"whole_in_zone":true,"in_cw":false,"organisation":"London Borough of Lewisham"}},
{"type":"Feature","geometry":{"type":"MultiPolygon","coordinates":[[[[-0.043586,51.485081],[-0.043457,51.484547],[-0.043466,51.484543],[-0.043476,51.484531],[-0.043478,51.484519],[-0.043493,51.484519],[-0.043503,51.484517],[-0.04343,51.484367],[-0.042657,51.484355],[-0.042573,51.484368],[-0.042477,51.484409],[-0.042405,51.484451],[-0.04229,51.484541],[-0.042246,51.484596],[-0.042511,51.48469],[-0.043586,51.485081]]]]},"properties":{"entry-date":"2026-02-25","entity":7010009595,"name":"Apollo Business Centre LSIS","dataset":"article-4-direction-area","typology":"geography","reference":"Apo1","prefix":"article-4-direction-area","organisation-entity":198,"quality":"authoritative","description":"article-4-direction-class-e","permitted-development-rights":"Class e","in_zone":true,"whole_in_zone":true,"in_cw":false,"organisation":"London Borough of Lewisham"}},
{"type":"Feature","geometry":{"type":"MultiPolygon","coordinates":[[[[-0.042263,51.483268],[-0.041956,51.483102],[-0.041924,51.483092],[-0.041683,51.482996],[-0.041645,51.483039],[-0.041654,51.483046],[-0.041623,51.483123],[-0.041601,51.483127],[-0.041572,51.483198],[-0.04159,51.483203],[-0.041558,51.483277],[-0.041656,51.483441],[-0.041637,51.483445],[-0.0417,51.483543],[-0.041718,51.483539],[-0.041873,51.483791],[-0.041888,51.483848],[-0.041969,51.483974],[-0.042005,51.483979],[-0.042046,51.484053],[-0.04235,51.484228],[-0.042372,51.484237],[-0.042402,51.484244],[-0.042421,51.484246],[-0.042746,51.484183],[-0.043344,51.484192],[-0.043275,51.484041],[-0.043228,51.484044],[-0.042824,51.484016],[-0.042818,51.483969],[-0.042549,51.483974],[-0.042487,51.484002],[-0.04211,51.483368],[-0.042106,51.483354],[-0.042112,51.483338],[-0.042263,51.483268]]]]},"properties":{"entry-date":"2026-02-25","entity":7010009596,"name":"Trundleys Road LSIS","dataset":"article-4-direction-area","typology":"geography","reference":"Tru1","prefix":"article-4-direction-area","organisation-entity":198,"quality":"authoritative","description":"article-4-direction-class-e","permitted-development-rights":"Class e","in_zone":true,"whole_in_zone":true,"in_cw":false,"organisation":"London Borough of Lewisham"}},
{"type":"Feature","geometry":{"type":"MultiPolygon","coordinates":[[[[-0.026552,51.486619],[-0.027155,51.486983],[-0.027314,51.487087],[-0.027388,51.487163],[-0.027445,51.487158],[-0.028126,51.48764],[-0.028415,51.48788],[-0.030865,51.486973],[-0.030754,51.486864],[-0.030762,51.486837],[-0.030794,51.48679],[-0.030846,51.486765],[-0.032312,51.48672],[-0.032452,51.486859],[-0.032772,51.486734],[-0.032532,51.486485],[-0.032341,51.486567],[-0.031834,51.486299],[-0.031827,51.4863],[-0.031741,51.486222],[-0.031601,51.486182],[-0.031487,51.486104],[-0.031475,51.486089],[-0.031344,51.486044],[-0.031316,51.486002],[-0.031161,51.485976],[-0.030915,51.4859],[-0.030931,51.485763],[-0.030939,51.485658],[-0.030931,51.485638],[-0.03088,51.485634],[-0.030826,51.485624],[-0.030754,51.485601],[-0.030691,51.485572],[-0.030595,51.485521],[-0.030474,51.485435],[-0.030436,51.485401],[-0.030361,51.485304],[-0.030341,51.485264],[-0.030247,51.484272],[-0.027933,51.484325],[-0.027735,51.483902],[-0.027646,51.483732],[-0.027599,51.483606],[-0.027535,51.483527],[-0.027442,51.483459],[-0.027334,51.483415],[-0.027133,51.483379],[-0.026812,51.483374],[-0.025609,51.483443],[-0.025454,51.483914],[-0.025364,51.484099],[-0.025343,51.484266],[-0.025306,51.48446],[-0.025271,51.484694],[-0.02524,51.484885],[-0.025363,51.484894],[-0.025362,51.485069],[-0.025381,51.485094],[-0.02577,51.485206],[-0.025526,51.485373],[-0.025608,51.485419],[-0.025309,51.485621],[-0.025051,51.485787],[-0.025244,51.485874],[-0.025798,51.486168],[-0.026276,51.486446],[-0.026552,51.486619]]]]},"properties":{"entry-date":"2026-02-25","entity":7010009599,"name":"Convoys Wharf MEL","dataset":"article-4-direction-area","typology":"geography","reference":"Con1","prefix":"article-4-direction-area","organisation-entity":198,"quality":"authoritative","description":"article-4-direction-class-e","permitted-development-rights":"Class e","in_zone":true,"whole_in_zone":true,"in_cw":false,"organisation":"London Borough of Lewisham"}},
{"type":"Feature","geometry":{"type":"MultiPolygon","coordinates":[[[[-0.038479,51.490845],[-0.038562,51.490948],[-0.038811,51.491246],[-0.038699,51.491286],[-0.038895,51.491519],[-0.038467,51.491645],[-0.038469,51.491762],[-0.038312,51.491782],[-0.038165,51.491813],[-0.038049,51.491643],[-0.037645,51.491747],[-0.037143,51.491891],[-0.03701,51.492024],[-0.035788,51.492279],[-0.035866,51.492408],[-0.036699,51.492248],[-0.037078,51.492171],[-0.037111,51.49219],[-0.037172,51.492176],[-0.03756,51.492172],[-0.037601,51.49217],[-0.037678,51.49218],[-0.037703,51.492189],[-0.037745,51.49219],[-0.03782,51.492207],[-0.037981,51.49226],[-0.038077,51.492273],[-0.038194,51.492244],[-0.038469,51.492169],[-0.038737,51.492073],[-0.038836,51.491998],[-0.038862,51.491947],[-0.038763,51.491813],[-0.039135,51.491696],[-0.039206,51.491753],[-0.039333,51.491891],[-0.039588,51.491808],[-0.039441,51.491614],[-0.039424,51.491335],[-0.039689,51.491235],[-0.03947,51.490813],[-0.039329,51.490386],[-0.039312,51.49037],[-0.039261,51.490292],[-0.039052,51.490126],[-0.039807,51.489767],[-0.039723,51.489666],[-0.039437,51.489761],[-0.039053,51.489978],[-0.039059,51.489992],[-0.039017,51.490015],[-0.038974,51.489985],[-0.038922,51.489937],[-0.03879,51.489976],[-0.038844,51.490048],[-0.03882,51.49006],[-0.038742,51.490235],[-0.038515,51.490317],[-0.038617,51.49043],[-0.038232,51.490555],[-0.038479,51.490845]]]]},"properties":{"entry-date":"2026-02-25","entity":7010009600,"name":"Plough Way MEL","dataset":"article-4-direction-area","typology":"geography","reference":"Plo1","prefix":"article-4-direction-area","organisation-entity":198,"quality":"authoritative","description":"article-4-direction-class-e","permitted-development-rights":"Class e","in_zone":true,"whole_in_zone":true,"in_cw":false,"organisation":"London Borough of Lewisham"}},
{"type":"Feature","geometry":{"type":"MultiPolygon","coordinates":[[[[-0.034199,51.487769],[-0.034342,51.487898],[-0.034434,51.488001],[-0.034495,51.488096],[-0.034568,51.488228],[-0.034614,51.488616],[-0.035128,51.488591],[-0.035128,51.488609],[-0.035513,51.488589],[-0.035551,51.488589],[-0.035691,51.488577],[-0.035788,51.488566],[-0.035894,51.48855],[-0.03615,51.488501],[-0.036354,51.488444],[-0.036423,51.488423],[-0.036539,51.488383],[-0.036635,51.488346],[-0.036793,51.488276],[-0.036852,51.488246],[-0.036954,51.488189],[-0.037084,51.488108],[-0.037235,51.488001],[-0.037616,51.487684],[-0.037537,51.487637],[-0.03734,51.487531],[-0.037213,51.487466],[-0.036983,51.487339],[-0.036893,51.487302],[-0.036809,51.487256],[-0.036729,51.487218],[-0.036564,51.487132],[-0.036461,51.487076],[-0.036358,51.487014],[-0.036194,51.486925],[-0.036025,51.486826],[-0.035628,51.486588],[-0.035506,51.486511],[-0.035469,51.48649],[-0.03493,51.486064],[-0.034858,51.486018],[-0.034728,51.486082],[-0.034367,51.486312],[-0.034189,51.486429],[-0.033913,51.486587],[-0.033316,51.486861],[-0.033238,51.486899],[-0.033288,51.486951],[-0.033797,51.487406],[-0.033802,51.487403],[-0.034032,51.48762],[-0.034199,51.487769]]]]},"properties":{"entry-date":"2026-02-25","entity":7010009601,"name":"Oxestalls Road MEL","dataset":"article-4-direction-area","typology":"geography","reference":"Oxe1","prefix":"article-4-direction-area","organisation-entity":198,"quality":"authoritative","description":"article-4-direction-class-e","permitted-development-rights":"Class e","in_zone":true,"whole_in_zone":true,"in_cw":false,"organisation":"London Borough of Lewisham"}},
{"type":"Feature","geometry":{"type":"MultiPolygon","coordinates":[[[[-0.033898,51.479967],[-0.033916,51.479993],[-0.033943,51.480039],[-0.033972,51.480095],[-0.034072,51.480333],[-0.034144,51.480522],[-0.034272,51.480718],[-0.034341,51.48081],[-0.03435,51.480813],[-0.034355,51.480813],[-0.034373,51.480807],[-0.034396,51.480837],[-0.034381,51.480844],[-0.034372,51.480851],[-0.034618,51.481152],[-0.03458,51.481189],[-0.034214,51.481569],[-0.034235,51.481549],[-0.034269,51.481564],[-0.034506,51.481652],[-0.034514,51.481638],[-0.034688,51.481706],[-0.034677,51.481716],[-0.035843,51.482165],[-0.035902,51.482174],[-0.03596,51.482134],[-0.035918,51.481977],[-0.035019,51.481486],[-0.035302,51.481301],[-0.034888,51.48096],[-0.034769,51.480825],[-0.0347,51.480741],[-0.034747,51.480726],[-0.03455,51.48042],[-0.034395,51.480082],[-0.034345,51.479903],[-0.033944,51.479963],[-0.033898,51.479967]]]]},"properties":{"entry-date":"2026-02-25","entity":7010009602,"name":"Arklow Road MEL","dataset":"article-4-direction-area","typology":"geography","reference":"Ark1","prefix":"article-4-direction-area","organisation-entity":198,"quality":"authoritative","description":"article-4-direction-class-e","permitted-development-rights":"Class e","in_zone":true,"whole_in_zone":true,"in_cw":false,"organisation":"London Borough of Lewisham"}},
{"type":"Feature","geometry":{"type":"MultiPolygon","coordinates":[[[[-0.040298,51.484634],[-0.040486,51.485106],[-0.041199,51.485028],[-0.041699,51.484971],[-0.04174,51.484963],[-0.041841,51.484949],[-0.041892,51.484936],[-0.041944,51.484917],[-0.041997,51.484886],[-0.042047,51.484843],[-0.042076,51.484803],[-0.04144,51.484556],[-0.041431,51.48456],[-0.04131,51.484516],[-0.040668,51.484583],[-0.040298,51.484634]]]]},"properties":{"entry-date":"2026-02-25","entity":7010009603,"name":"Grinstead Road MEL","dataset":"article-4-direction-area","typology":"geography","reference":"Gri1","prefix":"article-4-direction-area","organisation-entity":198,"quality":"authoritative","description":"article-4-direction-class-e","permitted-development-rights":"Class e","in_zone":true,"whole_in_zone":true,"in_cw":false,"organisation":"London Borough of Lewisham"}},
{"type":"Feature","geometry":{"type":"MultiPolygon","coordinates":[[[[-0.019151,51.479668],[-0.019254,51.479655],[-0.019588,51.479623],[-0.020025,51.479627],[-0.020113,51.479611],[-0.020108,51.4796],[-0.020084,51.479566],[-0.020137,51.479562],[-0.020155,51.479551],[-0.020312,51.47947],[-0.020325,51.479452],[-0.020333,51.479446],[-0.020344,51.479431],[-0.020376,51.479401],[-0.020424,51.479341],[-0.020395,51.479332],[-0.020426,51.479278],[-0.020435,51.479279],[-0.020468,51.479221],[-0.020467,51.47922],[-0.020495,51.479175],[-0.020565,51.479052],[-0.020772,51.478682],[-0.020793,51.478615],[-0.02083,51.478507],[-0.0209,51.47834],[-0.020914,51.478271],[-0.01969,51.478173],[-0.019464,51.478157],[-0.019394,51.47815],[-0.019369,51.47822],[-0.019371,51.47823],[-0.019379,51.478237],[-0.01939,51.478241],[-0.019456,51.478248],[-0.019455,51.478256],[-0.01942,51.478411],[-0.019383,51.478593],[-0.019363,51.478679],[-0.019357,51.478712],[-0.019334,51.4788],[-0.019318,51.478877],[-0.0193,51.478945],[-0.019294,51.478977],[-0.019279,51.479034],[-0.019264,51.47908],[-0.019233,51.479205],[-0.019355,51.479216],[-0.019245,51.479427],[-0.019231,51.479457],[-0.01922,51.479457],[-0.019192,51.479543],[-0.01919,51.479596],[-0.019192,51.479612],[-0.01919,51.479625],[-0.019151,51.479668]]]]},"properties":{"entry-date":"2026-02-25","entity":7010009604,"name":"Sun and Kent Wharf MEL","dataset":"article-4-direction-area","typology":"geography","reference":"Sun1","prefix":"article-4-direction-area","organisation-entity":198,"quality":"authoritative","description":"article-4-direction-class-e","permitted-development-rights":"Class e","in_zone":true,"whole_in_zone":true,"in_cw":false,"organisation":"London Borough of Lewisham"}},
{"type":"Feature","geometry":{"type":"MultiPolygon","coordinates":[[[[-0.017785,51.480836],[-0.018017,51.480809],[-0.018254,51.480788],[-0.018379,51.480775],[-0.018527,51.480755],[-0.018695,51.480724],[-0.018224,51.480165],[-0.018115,51.480028],[-0.018028,51.480035],[-0.017871,51.480066],[-0.017588,51.480128],[-0.017565,51.480123],[-0.01756,51.480118],[-0.017376,51.480148],[-0.01721,51.480229],[-0.017084,51.480389],[-0.017088,51.480397],[-0.017184,51.480457],[-0.017642,51.480733],[-0.017654,51.480745],[-0.017785,51.480836]]]]},"properties":{"entry-date":"2026-02-25","entity":7010009605,"name":"Thanet Wharf MEL","dataset":"article-4-direction-area","typology":"geography","reference":"Tha1","prefix":"article-4-direction-area","organisation-entity":198,"quality":"authoritative","description":"article-4-direction-class-e","permitted-development-rights":"Class e","in_zone":true,"whole_in_zone":true,"in_cw":false,"organisation":"London Borough of Lewisham"}},
{"type":"Feature","geometry":{"type":"MultiPolygon","coordinates":[[[[-0.035326,51.482232],[-0.034587,51.481951],[-0.034226,51.481822],[-0.034117,51.481786],[-0.033961,51.481946],[-0.035165,51.482396],[-0.035326,51.482232]]]]},"properties":{"entry-date":"2026-02-25","entity":7010009606,"name":"Childers Street East MEL","dataset":"article-4-direction-area","typology":"geography","reference":"Chi3","prefix":"article-4-direction-area","organisation-entity":198,"quality":"authoritative","description":"article-4-direction-class-e","permitted-development-rights":"Class e","in_zone":true,"whole_in_zone":true,"in_cw":false,"organisation":"London Borough of Lewisham"}},
{"type":"Feature","geometry":{"type":"MultiPolygon","coordinates":[[[[-0.046009,51.484719],[-0.046032,51.484485],[-0.044035,51.484442],[-0.044022,51.484626],[-0.045405,51.48466],[-0.045399,51.484706],[-0.046009,51.484719]]],[[[-0.04492,51.482782],[-0.044956,51.482769],[-0.044845,51.482634],[-0.044793,51.482621],[-0.04479,51.482624],[-0.04481,51.482648],[-0.044713,51.482681],[-0.04473,51.482704],[-0.044459,51.482787],[-0.044439,51.482765],[-0.044376,51.482785],[-0.044393,51.482808],[-0.044343,51.482822],[-0.044205,51.48264],[-0.044325,51.482606],[-0.044321,51.4826],[-0.044456,51.482561],[-0.04432,51.482386],[-0.044181,51.482431],[-0.044186,51.482445],[-0.044129,51.482464],[-0.044118,51.482449],[-0.043693,51.482577],[-0.043977,51.483069],[-0.04492,51.482782]]],[[[-0.044715,51.482466],[-0.044686,51.482428],[-0.04468,51.48243],[-0.04458,51.482307],[-0.044371,51.482372],[-0.044464,51.482494],[-0.044615,51.482448],[-0.044623,51.482457],[-0.04461,51.482462],[-0.044619,51.482475],[-0.044637,51.48247],[-0.044648,51.482486],[-0.044715,51.482466]]],[[[-0.046605,51.484158],[-0.046506,51.484032],[-0.046317,51.484091],[-0.046413,51.484216],[-0.046605,51.484158]]],[[[-0.04645,51.483851],[-0.046322,51.483687],[-0.046243,51.48371],[-0.046177,51.483627],[-0.045863,51.483722],[-0.045962,51.483848],[-0.046115,51.483803],[-0.046212,51.483926],[-0.04645,51.483851]]],[[[-0.044962,51.482113],[-0.044715,51.482189],[-0.045238,51.482857],[-0.045494,51.48278],[-0.044962,51.482113]]],[[[-0.046037,51.483477],[-0.045579,51.482896],[-0.045325,51.482971],[-0.045786,51.483553],[-0.046037,51.483477]]],[[[-0.040621,51.484552],[-0.040211,51.484158],[-0.039914,51.484282],[-0.039868,51.484239],[-0.038971,51.4846],[-0.03888,51.484618],[-0.038581,51.484741],[-0.038536,51.484699],[-0.037564,51.485089],[-0.037663,51.48519],[-0.038639,51.484796],[-0.038659,51.484818],[-0.039124,51.484731],[-0.039655,51.484664],[-0.040259,51.484592],[-0.040621,51.484552]]],[[[-0.038225,51.484678],[-0.038087,51.484548],[-0.037495,51.484794],[-0.037627,51.484925],[-0.038225,51.484678]]],[[[-0.039279,51.483886],[-0.039251,51.483853],[-0.038803,51.484042],[-0.038831,51.484066],[-0.038537,51.484186],[-0.038804,51.484442],[-0.039027,51.484352],[-0.039039,51.484361],[-0.039074,51.484347],[-0.039061,51.484336],[-0.039551,51.484137],[-0.039279,51.483886]]],[[[-0.038369,51.484254],[-0.038069,51.48438],[-0.038236,51.484533],[-0.038537,51.484409],[-0.038369,51.484254]]]]},"properties":{"entry-date":"2026-02-25","entity":7010009607,"name":"Surrey Canal SIL","dataset":"article-4-direction-area","typology":"geography","reference":"Sur1","prefix":"article-4-direction-area","organisation-entity":198,"quality":"authoritative","description":"article-4-direction-class-e","permitted-development-rights":"Class e","in_zone":true,"whole_in_zone":true,"in_cw":false,"organisation":"London Borough of Lewisham"}},
{"type":"Feature","geometry":{"type":"MultiPolygon","coordinates":[[[[-0.052957,51.485896],[-0.052176,51.485933],[-0.052501,51.487387],[-0.052373,51.48748],[-0.052393,51.487602],[-0.052498,51.487636],[-0.052503,51.487634],[-0.052527,51.487641],[-0.052598,51.487558],[-0.053655,51.487857],[-0.053736,51.487883],[-0.053969,51.487944],[-0.053974,51.487935],[-0.053937,51.487901],[-0.0539,51.487861],[-0.053837,51.487752],[-0.053784,51.487647],[-0.053682,51.487468],[-0.053582,51.487332],[-0.053518,51.487256],[-0.053468,51.487192],[-0.053431,51.487143],[-0.053418,51.487119],[-0.0534,51.487098],[-0.05334,51.487037],[-0.053298,51.487],[-0.053214,51.486936],[-0.053106,51.486904],[-0.053016,51.486867],[-0.052983,51.486839],[-0.052915,51.486745],[-0.052884,51.486682],[-0.052872,51.486624],[-0.05287,51.486579],[-0.052872,51.486522],[-0.052879,51.486466],[-0.052916,51.486388],[-0.052928,51.486329],[-0.05293,51.486287],[-0.052924,51.486205],[-0.052916,51.486172],[-0.05292,51.48608],[-0.052928,51.486002],[-0.05302,51.485988],[-0.053068,51.485977],[-0.053097,51.485969],[-0.053112,51.485963],[-0.05317,51.485949],[-0.053166,51.485934],[-0.05314,51.48587],[-0.053134,51.485868],[-0.052957,51.485896]]],[[[-0.052908,51.485141],[-0.052899,51.485099],[-0.052883,51.485039],[-0.052801,51.484699],[-0.052791,51.484699],[-0.052783,51.484674],[-0.052806,51.484675],[-0.052754,51.484437],[-0.05275,51.484434],[-0.052746,51.484422],[-0.05275,51.484419],[-0.052746,51.484407],[-0.052733,51.484389],[-0.052695,51.484373],[-0.052647,51.484363],[-0.052647,51.484375],[-0.052627,51.484375],[-0.05258,51.484362],[-0.052561,51.484248],[-0.052524,51.483975],[-0.052494,51.483779],[-0.052451,51.483782],[-0.052441,51.483569],[-0.052435,51.483479],[-0.052248,51.483466],[-0.05197,51.483465],[-0.051821,51.483468],[-0.051355,51.483473],[-0.051221,51.483476],[-0.050769,51.483481],[-0.050639,51.483485],[-0.050495,51.483485],[-0.050351,51.483489],[-0.050212,51.483489],[-0.050121,51.483491],[-0.050049,51.48349],[-0.050046,51.483559],[-0.049653,51.483549],[-0.049516,51.483595],[-0.049511,51.483601],[-0.049446,51.484214],[-0.049379,51.484213],[-0.049373,51.484354],[-0.048926,51.484348],[-0.047195,51.484309],[-0.047332,51.484482],[-0.047378,51.484533],[-0.047432,51.484584],[-0.047544,51.484589],[-0.047713,51.484638],[-0.047905,51.484797],[-0.047822,51.484866],[-0.047889,51.484932],[-0.04798,51.48493],[-0.048121,51.4849],[-0.048566,51.48536],[-0.048743,51.485512],[-0.048715,51.485608],[-0.048698,51.485628],[-0.048687,51.485657],[-0.048683,51.485685],[-0.048753,51.485737],[-0.048849,51.485805],[-0.048919,51.485799],[-0.048956,51.485788],[-0.048979,51.485787],[-0.049006,51.485767],[-0.04938,51.485275],[-0.049784,51.485342],[-0.049957,51.485011],[-0.052672,51.485178],[-0.052908,51.485141]]]]},"properties":{"entry-date":"2026-02-25","entity":7010009609,"name":"Surrey Canal Triangle MEL","dataset":"article-4-direction-area","typology":"geography","reference":"Sur2","prefix":"article-4-direction-area","organisation-entity":198,"quality":"authoritative","description":"article-4-direction-class-e","permitted-development-rights":"Class e","in_zone":true,"whole_in_zone":true,"in_cw":false,"organisation":"London Borough of Lewisham"}},
{"type":"Feature","geometry":{"type":"MultiPolygon","coordinates":[[[[0.015342,51.473137],[0.017082,51.473537],[0.017759,51.473691],[0.01797,51.473746],[0.017978,51.473756],[0.017964,51.473829],[0.017353,51.473774],[0.016789,51.47371],[0.015961,51.473605],[0.014966,51.473494],[0.014408,51.473435],[0.01212,51.47317],[0.01136,51.473088],[0.010169,51.472949],[0.009036,51.472845],[0.004288,51.472317],[0.00051,51.47189],[-0.000052,51.47184],[-0.000396,51.471829],[-0.000876,51.471804],[-0.000966,51.471803],[-0.001052,51.471805],[-0.001269,51.471816],[-0.001456,51.471831],[-0.001665,51.471856],[-0.003081,51.472048],[-0.005036,51.472324],[-0.006644,51.472547],[-0.007218,51.472609],[-0.007342,51.472627],[-0.008027,51.472734],[-0.008071,51.472742],[-0.008171,51.472755],[-0.008241,51.47276],[-0.008303,51.472762],[-0.008667,51.472755],[-0.008805,51.472748],[-0.008978,51.472733],[-0.009304,51.472698],[-0.011166,51.472452],[-0.011535,51.472407],[-0.01173,51.472389],[-0.011838,51.472381],[-0.012349,51.472351],[-0.012639,51.47234],[-0.012989,51.472353],[-0.013222,51.472376],[-0.01337,51.472398],[-0.013459,51.472417],[-0.013505,51.472428],[-0.013499,51.472443],[-0.013529,51.472451],[-0.013617,51.472481],[-0.014045,51.472671],[-0.014149,51.472579],[-0.014246,51.47249],[-0.014383,51.47233],[-0.014355,51.472318],[-0.014497,51.472173],[-0.014519,51.472162],[-0.014506,51.471972],[-0.014518,51.471939],[-0.014527,51.471903],[-0.014679,51.47189],[-0.014759,51.47188],[-0.014851,51.471861],[-0.014908,51.471844],[-0.01495,51.471829],[-0.01499,51.471812],[-0.015033,51.471791],[-0.015147,51.47175],[-0.014938,51.471511],[-0.014862,51.471421],[-0.014819,51.471366],[-0.014771,51.471291],[-0.014733,51.471238],[-0.014655,51.471111],[-0.014568,51.470942],[-0.014533,51.470885],[-0.014434,51.470693],[-0.014253,51.470418],[-0.014078,51.47014],[-0.014052,51.470095],[-0.013985,51.469998],[-0.013946,51.469945],[-0.013856,51.469834],[-0.013471,51.469386],[-0.013153,51.468994],[-0.013106,51.468939],[-0.013287,51.468863],[-0.014309,51.468398],[-0.014607,51.468258],[-0.01499,51.46805],[-0.015062,51.468044],[-0.015088,51.468054],[-0.015129,51.468073],[-0.01532,51.468187],[-0.015794,51.468477],[-0.015908,51.46855],[-0.016013,51.468623],[-0.016094,51.468692],[-0.016139,51.468735],[-0.016205,51.468807],[-0.016324,51.468926],[-0.016401,51.469014],[-0.01644,51.469065],[-0.016563,51.46926],[-0.016656,51.469206],[-0.016776,51.469132],[-0.01682,51.469107],[-0.016891,51.469072],[-0.017178,51.469344],[-0.017203,51.469364],[-0.017267,51.469422],[-0.017306,51.469442],[-0.017339,51.469452],[-0.017464,51.469476],[-0.017492,51.46948],[-0.017606,51.469491],[-0.017675,51.469505],[-0.017714,51.46951],[-0.017842,51.469518],[-0.017936,51.46953],[-0.017987,51.46954],[-0.018023,51.469549],[-0.018197,51.469601],[-0.018254,51.469615],[-0.018367,51.469647],[-0.018497,51.46969],[-0.018595,51.469729],[-0.019036,51.46996],[-0.019114,51.470009],[-0.018989,51.470072],[-0.019072,51.470168],[-0.019127,51.470228],[-0.019181,51.470296],[-0.019222,51.470359],[-0.019237,51.470386],[-0.019249,51.470412],[-0.019256,51.470436],[-0.019253,51.470472],[-0.019245,51.470506],[-0.019224,51.470533],[-0.019209,51.470546],[-0.019023,51.470641],[-0.019012,51.470643],[-0.018957,51.470573],[-0.018659,51.470686],[-0.018765,51.470825],[-0.018901,51.471014],[-0.018937,51.471077],[-0.018922,51.47113],[-0.018818,51.471168],[-0.018848,51.47121],[-0.019005,51.471159],[-0.019047,51.471203],[-0.019094,51.47126],[-0.019106,51.471287],[-0.01913,51.471351],[-0.019152,51.471448],[-0.019166,51.471526],[-0.019189,51.471639],[-0.019193,51.47167],[-0.01921,51.47176],[-0.019231,51.471823],[-0.019268,51.47195],[-0.019302,51.472037],[-0.019323,51.472047],[-0.019385,51.472065],[-0.019417,51.472065],[-0.019553,51.472056],[-0.019712,51.472042],[-0.019768,51.47204],[-0.019803,51.472037],[-0.019839,51.472038],[-0.019922,51.472045],[-0.020018,51.472068],[-0.020063,51.472092],[-0.020148,51.472147],[-0.020312,51.472305],[-0.020312,51.472321],[-0.02032,51.472346],[-0.02033,51.472386],[-0.02033,51.472397],[-0.020317,51.472413],[-0.020286,51.472469],[-0.020263,51.4725],[-0.020209,51.472551],[-0.020183,51.47258],[-0.020101,51.472665],[-0.020055,51.472716],[-0.020019,51.472771],[-0.020005,51.472806],[-0.019998,51.472837],[-0.019989,51.472899],[-0.019964,51.472952],[-0.019966,51.472992],[-0.019974,51.473003],[-0.020058,51.473066],[-0.020099,51.473093],[-0.020175,51.473135],[-0.020235,51.473162],[-0.020263,51.473173],[-0.020361,51.473179],[-0.020515,51.473177],[-0.020548,51.473179],[-0.020614,51.473189],[-0.02066,51.473192],[-0.020669,51.473202],[-0.020711,51.47326],[-0.020727,51.473316],[-0.020761,51.473389],[-0.020796,51.473439],[-0.02082,51.473477],[-0.020875,51.473554],[-0.020889,51.47358],[-0.02109,51.473685],[-0.021276,51.473776],[-0.021413,51.473821],[-0.021534,51.473864],[-0.021563,51.473872],[-0.021678,51.473911],[-0.021661,51.473938],[-0.021714,51.473957],[-0.021802,51.473997],[-0.021843,51.473968],[-0.021986,51.474017],[-0.022146,51.474068],[-0.022277,51.47409],[-0.022343,51.474097],[-0.022478,51.47411],[-0.022582,51.474112],[-0.022592,51.474132],[-0.022623,51.474183],[-0.022679,51.47425],[-0.022696,51.474277],[-0.022703,51.474298],[-0.022778,51.474304],[-0.022784,51.474316],[-0.022791,51.474336],[-0.022797,51.47436],[-0.0228,51.474381],[-0.022797,51.474442],[-0.022773,51.474562],[-0.02276,51.474677],[-0.022764,51.474721],[-0.022782,51.474804],[-0.02282,51.47492],[-0.022879,51.475079],[-0.022913,51.475163],[-0.022913,51.475229],[-0.022904,51.475255],[-0.02288,51.475292],[-0.022856,51.475315],[-0.022836,51.475329],[-0.022803,51.475344],[-0.022766,51.475355],[-0.022746,51.475358],[-0.022674,51.475366],[-0.022609,51.475369],[-0.022508,51.475366],[-0.022467,51.475367],[-0.022368,51.475382],[-0.022299,51.475397],[-0.02226,51.47541],[-0.022203,51.475433],[-0.022165,51.475446],[-0.022094,51.475465],[-0.022055,51.475472],[-0.021858,51.475486],[-0.021526,51.475497],[-0.02118,51.475519],[-0.021116,51.47552],[-0.021034,51.475526],[-0.020979,51.475533],[-0.020939,51.47554],[-0.020922,51.475545],[-0.020884,51.475562],[-0.020845,51.475583],[-0.020823,51.475597],[-0.020775,51.475632],[-0.02071,51.475716],[-0.020697,51.475745],[-0.020681,51.475772],[-0.020656,51.475806],[-0.020647,51.475838],[-0.020635,51.475866],[-0.02063,51.475908],[-0.02063,51.475922],[-0.020636,51.475954],[-0.020658,51.476046],[-0.020673,51.476084],[-0.020689,51.476138],[-0.020702,51.476174],[-0.020732,51.47627],[-0.020744,51.476321],[-0.020752,51.476365],[-0.020754,51.476419],[-0.020757,51.47644],[-0.020757,51.476461],[-0.020755,51.476482],[-0.020745,51.476514],[-0.020733,51.476542],[-0.020716,51.476569],[-0.020696,51.476597],[-0.020674,51.476624],[-0.020591,51.476712],[-0.020562,51.476737],[-0.020532,51.476759],[-0.020486,51.476788],[-0.020375,51.47684],[-0.020262,51.476897],[-0.020202,51.476929],[-0.020103,51.47697],[-0.020068,51.476983],[-0.019966,51.477017],[-0.019887,51.477038],[-0.019659,51.477081],[-0.019464,51.477111],[-0.019379,51.477129],[-0.019282,51.477154],[-0.019199,51.477181],[-0.019163,51.477197],[-0.019129,51.477219],[-0.019104,51.477245],[-0.019079,51.477287],[-0.019067,51.477311],[-0.019048,51.477403],[-0.019057,51.477446],[-0.019062,51.477489],[-0.019106,51.477615],[-0.019128,51.477701],[-0.019182,51.47788],[-0.019183,51.477913],[-0.019188,51.477943],[-0.019186,51.477975],[-0.019179,51.478005],[-0.019171,51.478069],[-0.019147,51.478159],[-0.019141,51.478201],[-0.019126,51.478263],[-0.019114,51.478322],[-0.0191,51.478412],[-0.019104,51.478464],[-0.019102,51.47852],[-0.019112,51.478564],[-0.019115,51.47866],[-0.019111,51.478751],[-0.019109,51.478773],[-0.019102,51.478816],[-0.019108,51.478897],[-0.019105,51.478938],[-0.019083,51.479002],[-0.019074,51.479038],[-0.019073,51.479062],[-0.019078,51.479124],[-0.019076,51.479151],[-0.019077,51.479161],[-0.019072,51.479192],[-0.019031,51.479251],[-0.019002,51.479282],[-0.01899,51.479298],[-0.018979,51.479319],[-0.018964,51.479369],[-0.018961,51.479391],[-0.018941,51.479432],[-0.018909,51.479463],[-0.018899,51.479476],[-0.018863,51.479514],[-0.01883,51.479546],[-0.018797,51.479582],[-0.018771,51.479614],[-0.018741,51.479638],[-0.018488,51.479807],[-0.01838,51.479857],[-0.018287,51.479881],[-0.018257,51.479888],[-0.018202,51.479894],[-0.018145,51.479897],[-0.017391,51.479962],[-0.017268,51.47998],[-0.017179,51.480001],[-0.017115,51.480021],[-0.017081,51.480034],[-0.01705,51.480049],[-0.016989,51.480085],[-0.016961,51.480105],[-0.016945,51.48012],[-0.016923,51.480148],[-0.016834,51.480246],[-0.017105,51.480413],[-0.017557,51.480687],[-0.017661,51.480748],[-0.017697,51.480766],[-0.017713,51.480776],[-0.017726,51.480791],[-0.017741,51.480818],[-0.017759,51.480839],[-0.017788,51.48086],[-0.017801,51.480873],[-0.018033,51.480852],[-0.018475,51.480806],[-0.018591,51.480788],[-0.018711,51.480761],[-0.018816,51.480729],[-0.019566,51.480485],[-0.020401,51.480219],[-0.020308,51.479914],[-0.020842,51.479867],[-0.021188,51.479832],[-0.02192,51.479763],[-0.022472,51.479715],[-0.022535,51.479708],[-0.022973,51.479669],[-0.02304,51.479665],[-0.023039,51.479738],[-0.023041,51.479782],[-0.023061,51.480076],[-0.023068,51.48014],[-0.023102,51.480349],[-0.02314,51.480602],[-0.023153,51.480668],[-0.023182,51.480702],[-0.023217,51.480735],[-0.02324,51.480753],[-0.023287,51.480782],[-0.023332,51.480804],[-0.023379,51.480822],[-0.023396,51.480827],[-0.024267,51.481042],[-0.024715,51.481151],[-0.025102,51.48124],[-0.02555,51.481336],[-0.026214,51.481467],[-0.026372,51.481496],[-0.026339,51.481543],[-0.02632,51.481566],[-0.026289,51.481601],[-0.026256,51.481634],[-0.026147,51.481721],[-0.025984,51.481845],[-0.025922,51.481899],[-0.025897,51.481924],[-0.025855,51.481982],[-0.025838,51.48201],[-0.025804,51.482058],[-0.025777,51.482107],[-0.025762,51.482152],[-0.025757,51.482179],[-0.025756,51.482207],[-0.025739,51.482327],[-0.025723,51.482394],[-0.025694,51.48259],[-0.025595,51.483146],[-0.025563,51.483224],[-0.02555,51.483374],[-0.025554,51.483407],[-0.025513,51.483564],[-0.025414,51.483827],[-0.0253,51.484152],[-0.025199,51.484765],[-0.025186,51.484834],[-0.025188,51.484903],[-0.025185,51.484917],[-0.025189,51.484944],[-0.025167,51.485023],[-0.025049,51.485214],[-0.024976,51.485324],[-0.024856,51.485484],[-0.024784,51.485586],[-0.024631,51.485812],[-0.024587,51.485872],[-0.023408,51.486804],[-0.023565,51.486869],[-0.023644,51.4869],[-0.023757,51.486955],[-0.023864,51.487014],[-0.024222,51.487217],[-0.024452,51.487356],[-0.024569,51.487424],[-0.024684,51.487496],[-0.024845,51.487603],[-0.025061,51.48775],[-0.025272,51.487897],[-0.02558,51.488117],[-0.025967,51.488402],[-0.02618,51.488555],[-0.026238,51.488595],[-0.026412,51.488721],[-0.026601,51.488863],[-0.026842,51.489073],[-0.027093,51.489284],[-0.027225,51.489402],[-0.027644,51.48985],[-0.027776,51.490001],[-0.027848,51.490089],[-0.027923,51.490192],[-0.028011,51.490327],[-0.028051,51.49038],[-0.028093,51.490425],[-0.02836,51.49079],[-0.028422,51.490871],[-0.028756,51.491326],[-0.028903,51.491518],[-0.02895,51.491582],[-0.028981,51.49162],[-0.029006,51.491658],[-0.02909,51.49179],[-0.02919,51.491955],[-0.029474,51.49244],[-0.02964,51.492718],[-0.029733,51.492878],[-0.029779,51.492995],[-0.029794,51.49304],[-0.029805,51.493086],[-0.029828,51.493199],[-0.029837,51.493258],[-0.029846,51.4933],[-0.029857,51.493365],[-0.029858,51.493386],[-0.02989,51.493533],[-0.031935,51.493167],[-0.032015,51.493108],[-0.032385,51.493053],[-0.032477,51.493037],[-0.032551,51.493022],[-0.032546,51.492992],[-0.033117,51.492877],[-0.03321,51.492857],[-0.033217,51.492867],[-0.033282,51.492987],[-0.03348,51.492962],[-0.033704,51.492929],[-0.033883,51.492898],[-0.03421,51.492833],[-0.034569,51.492745],[-0.03519,51.492628],[-0.037155,51.492238],[-0.037183,51.492233],[-0.03724,51.492226],[-0.03731,51.49222],[-0.037396,51.492217],[-0.037497,51.49222],[-0.03753,51.492222],[-0.037596,51.49223],[-0.037661,51.49224],[-0.037756,51.492261],[-0.037836,51.492282],[-0.037923,51.49231],[-0.038021,51.492344],[-0.038084,51.492369],[-0.038176,51.49241],[-0.038251,51.49245],[-0.038304,51.492483],[-0.038602,51.492689],[-0.038829,51.492841],[-0.038895,51.492869],[-0.038962,51.492893],[-0.039088,51.492932],[-0.03917,51.492953],[-0.03927,51.492972],[-0.039391,51.492985],[-0.039475,51.492989],[-0.039564,51.492992],[-0.039623,51.492992],[-0.039681,51.49299],[-0.039769,51.492982],[-0.039865,51.492966],[-0.039957,51.492947],[-0.040098,51.492913],[-0.040159,51.492896],[-0.040323,51.492841],[-0.040492,51.492797],[-0.040276,51.492511],[-0.040031,51.492182],[-0.040147,51.492143],[-0.040308,51.492082],[-0.040648,51.491964],[-0.041024,51.49183],[-0.040927,51.491724],[-0.040581,51.491355],[-0.040438,51.491205],[-0.040277,51.491045],[-0.04125,51.490695],[-0.041511,51.490599],[-0.041807,51.490496],[-0.042479,51.490251],[-0.042405,51.4902],[-0.042256,51.490089],[-0.042315,51.490062],[-0.042359,51.490044],[-0.042462,51.490007],[-0.042472,51.490004],[-0.042506,51.490001],[-0.042655,51.489996],[-0.042908,51.490006],[-0.043728,51.490049],[-0.044145,51.490068],[-0.044384,51.490082],[-0.044406,51.490085],[-0.044427,51.49009],[-0.044454,51.4901],[-0.044492,51.49012],[-0.044551,51.490169],[-0.044671,51.490294],[-0.044716,51.490336],[-0.04475,51.490396],[-0.044896,51.490373],[-0.045163,51.490342],[-0.045143,51.490304],[-0.045792,51.490209],[-0.046174,51.490349],[-0.046264,51.49035],[-0.046529,51.490348],[-0.046541,51.490669],[-0.046767,51.490618],[-0.047759,51.49038],[-0.047725,51.490327],[-0.048318,51.490189],[-0.049218,51.489976],[-0.049251,51.490027],[-0.049678,51.489926],[-0.049705,51.489921],[-0.049713,51.489895],[-0.049695,51.489835],[-0.050275,51.48973],[-0.0507,51.489668],[-0.050763,51.489656],[-0.050828,51.489639],[-0.051254,51.489536],[-0.05129,51.489524],[-0.05134,51.489504],[-0.05139,51.489471],[-0.051438,51.489443],[-0.051566,51.489361],[-0.051937,51.489114],[-0.05179,51.489032],[-0.051226,51.4888],[-0.050266,51.488413],[-0.050066,51.48833],[-0.050243,51.488152],[-0.050276,51.488169],[-0.050315,51.488132],[-0.050272,51.488111],[-0.050371,51.488023],[-0.05037,51.488008],[-0.050467,51.487919],[-0.0505,51.48792],[-0.050521,51.487916],[-0.050548,51.487907],[-0.050609,51.487881],[-0.050661,51.487896],[-0.050713,51.487931],[-0.050979,51.48783],[-0.051152,51.4878],[-0.051353,51.487772],[-0.05142,51.487778],[-0.052008,51.487817],[-0.052057,51.487819],[-0.052346,51.487801],[-0.0524,51.487753],[-0.052462,51.487705],[-0.052592,51.487552],[-0.053593,51.487829],[-0.053642,51.487853],[-0.053686,51.48787],[-0.053956,51.487942],[-0.053936,51.487902],[-0.053899,51.487864],[-0.053863,51.487803],[-0.053781,51.487646],[-0.0537,51.487502],[-0.053633,51.487405],[-0.053517,51.487258],[-0.053445,51.48717],[-0.053431,51.487145],[-0.053414,51.487121],[-0.053376,51.487077],[-0.053339,51.487039],[-0.053296,51.487001],[-0.05321,51.486937],[-0.053108,51.486945],[-0.053056,51.486905],[-0.05299,51.486849],[-0.052929,51.486774],[-0.052893,51.486709],[-0.052915,51.486678],[-0.052855,51.486684],[-0.052813,51.486457],[-0.052868,51.486453],[-0.052857,51.486393],[-0.052915,51.48639],[-0.052929,51.486317],[-0.052929,51.486289],[-0.052921,51.486207],[-0.052914,51.486168],[-0.052914,51.486123],[-0.052916,51.486082],[-0.052921,51.486034],[-0.052926,51.486004],[-0.052965,51.485997],[-0.052985,51.485995],[-0.053031,51.485986],[-0.053142,51.485955],[-0.053163,51.485951],[-0.053135,51.485878],[-0.053307,51.485851],[-0.053354,51.485833],[-0.053372,51.485828],[-0.053441,51.485812],[-0.053514,51.485799],[-0.053532,51.485707],[-0.053533,51.485688],[-0.05353,51.485624],[-0.053519,51.485561],[-0.053508,51.485478],[-0.053492,51.48546],[-0.053393,51.485281],[-0.053368,51.485281],[-0.053252,51.485197],[-0.05323,51.485199],[-0.053198,51.485197],[-0.053168,51.485187],[-0.053143,51.485183],[-0.053124,51.485178],[-0.053105,51.485167],[-0.053089,51.485151],[-0.053079,51.485125],[-0.053082,51.48511],[-0.053063,51.485037],[-0.05305,51.485011],[-0.05305,51.484982],[-0.053019,51.48478],[-0.053018,51.484758],[-0.053005,51.484721],[-0.053022,51.48472],[-0.053015,51.484689],[-0.052989,51.484685],[-0.052951,51.484511],[-0.052938,51.484461],[-0.052947,51.484445],[-0.052943,51.484434],[-0.052951,51.484419],[-0.052966,51.484403],[-0.052981,51.484392],[-0.05302,51.484376],[-0.05304,51.484374],[-0.053071,51.484378],[-0.053094,51.484379],[-0.053063,51.48422],[-0.052994,51.483818],[-0.052961,51.483657],[-0.052951,51.48359],[-0.052945,51.483563],[-0.052794,51.483546],[-0.052786,51.483464],[-0.052902,51.483452],[-0.052898,51.48339],[-0.052947,51.483389],[-0.052952,51.483313],[-0.052929,51.483022],[-0.05293,51.482848],[-0.052933,51.482745],[-0.052782,51.482726],[-0.052787,51.482645],[-0.052843,51.482639],[-0.052898,51.482636],[-0.052922,51.482584],[-0.052932,51.482519],[-0.05295,51.482425],[-0.052987,51.482078],[-0.052984,51.482047],[-0.053065,51.481555],[-0.053181,51.481153],[-0.053196,51.481152],[-0.053229,51.481042],[-0.05323,51.481033],[-0.053076,51.481014],[-0.0531,51.480941],[-0.053099,51.480927],[-0.053107,51.480916],[-0.053137,51.480887],[-0.053159,51.480871],[-0.053254,51.480852],[-0.053249,51.480825],[-0.053282,51.480797],[-0.053319,51.480709],[-0.053351,51.48064],[-0.053369,51.480591],[-0.053408,51.480501],[-0.053493,51.480482],[-0.053488,51.480407],[-0.053475,51.480389],[-0.053404,51.480373],[-0.053327,51.48036],[-0.053352,51.480307],[-0.053502,51.480328],[-0.053521,51.48032],[-0.053536,51.480294],[-0.053551,51.480272],[-0.053541,51.480239],[-0.0535,51.480232],[-0.053481,51.48021],[-0.053459,51.480179],[-0.053448,51.480157],[-0.053445,51.480122],[-0.053448,51.480108],[-0.05347,51.480049],[-0.053493,51.479996],[-0.053593,51.479797],[-0.05366,51.479809],[-0.053774,51.479621],[-0.053848,51.479486],[-0.053895,51.479383],[-0.053924,51.479325],[-0.05394,51.479306],[-0.053976,51.479221],[-0.05393,51.479205],[-0.054002,51.479103],[-0.054308,51.478624],[-0.052687,51.478008],[-0.052706,51.475782],[-0.052705,51.475136],[-0.052711,51.475003],[-0.052707,51.474822],[-0.052714,51.474604],[-0.052718,51.474306],[-0.052714,51.473956],[-0.052716,51.473649],[-0.052716,51.473337],[-0.052714,51.473078],[-0.052716,51.47306],[-0.052721,51.473039],[-0.052731,51.473003],[-0.052738,51.472989],[-0.052742,51.472967],[-0.052728,51.472912],[-0.052536,51.472337],[-0.052461,51.472129],[-0.052415,51.471982],[-0.05237,51.471848],[-0.052338,51.471768],[-0.052246,51.471475],[-0.052176,51.471277],[-0.052067,51.470944],[-0.051743,51.469981],[-0.051662,51.469736],[-0.051659,51.469716],[-0.051666,51.469689],[-0.05167,51.469683],[-0.051751,51.469608],[-0.052269,51.469226],[-0.051746,51.468665],[-0.051482,51.468393],[-0.051401,51.468307],[-0.051357,51.468251],[-0.051229,51.468072],[-0.050852,51.467577],[-0.051297,51.46737],[-0.050661,51.466871],[-0.050607,51.466835],[-0.050543,51.466789],[-0.050813,51.466654],[-0.050606,51.46662],[-0.050357,51.466574],[-0.05022,51.466546],[-0.049958,51.466489],[-0.049836,51.46646],[-0.049637,51.466408],[-0.049282,51.466312],[-0.049193,51.466286],[-0.048885,51.466183],[-0.048677,51.466104],[-0.048504,51.466035],[-0.048176,51.465894],[-0.048515,51.465626],[-0.048345,51.46554],[-0.04814,51.465442],[-0.047968,51.465356],[-0.04771,51.465232],[-0.047676,51.465218],[-0.047563,51.465183],[-0.047404,51.465081],[-0.047228,51.465004],[-0.047067,51.46493],[-0.046977,51.464879],[-0.046843,51.464791],[-0.046548,51.464593],[-0.046398,51.464467],[-0.046344,51.46441],[-0.046266,51.464334],[-0.046213,51.464276],[-0.046179,51.464235],[-0.046044,51.464052],[-0.045991,51.463976],[-0.045852,51.46376],[-0.045689,51.463496],[-0.045633,51.46338],[-0.045567,51.46323],[-0.045447,51.462978],[-0.045405,51.462874],[-0.045355,51.462736],[-0.045338,51.462683],[-0.045331,51.462646],[-0.045287,51.462496],[-0.045259,51.46239],[-0.045234,51.462284],[-0.045221,51.462202],[-0.045195,51.462057],[-0.045153,51.46178],[-0.045125,51.461505],[-0.045101,51.46131],[-0.045079,51.460827],[-0.045094,51.460441],[-0.045099,51.460379],[-0.045128,51.460111],[-0.045131,51.460051],[-0.045154,51.459875],[-0.045144,51.459841],[-0.045151,51.459791],[-0.045217,51.459403],[-0.045288,51.459104],[-0.045344,51.458859],[-0.04535,51.458838],[-0.04544,51.458561],[-0.045481,51.458444],[-0.045551,51.458253],[-0.045608,51.458103],[-0.045619,51.458079],[-0.045774,51.457694],[-0.046019,51.457198],[-0.046109,51.456997],[-0.046134,51.456946],[-0.046016,51.45692],[-0.045014,51.456674],[-0.04487,51.456658],[-0.044746,51.456638],[-0.044705,51.456627],[-0.044678,51.456618],[-0.044572,51.45658],[-0.044522,51.456557],[-0.044359,51.456468],[-0.043918,51.456221],[-0.042967,51.455664],[-0.042383,51.455339],[-0.042304,51.455298],[-0.042223,51.455259],[-0.041854,51.455099],[-0.041643,51.455004],[-0.042117,51.454258],[-0.042342,51.45389],[-0.042383,51.453836],[-0.042524,51.453663],[-0.042732,51.453415],[-0.042994,51.453097],[-0.043048,51.453128],[-0.043165,51.453022],[-0.043506,51.452697],[-0.043574,51.452628],[-0.043858,51.452313],[-0.04412,51.452026],[-0.044152,51.451988],[-0.044333,51.451792],[-0.044369,51.451755],[-0.044425,51.451693],[-0.044465,51.451659],[-0.044499,51.451634],[-0.044563,51.451595],[-0.044629,51.451558],[-0.044664,51.451536],[-0.044734,51.451484],[-0.044762,51.45145],[-0.044773,51.451428],[-0.044784,51.451392],[-0.044787,51.45137],[-0.044803,51.451325],[-0.044846,51.451279],[-0.044887,51.451276],[-0.044958,51.451275],[-0.045011,51.451262],[-0.045026,51.451247],[-0.045096,51.451116],[-0.045099,51.451054],[-0.045092,51.450988],[-0.045087,51.450968],[-0.045089,51.450957],[-0.045105,51.450934],[-0.04544,51.450566],[-0.045703,51.450272],[-0.045865,51.450097],[-0.046091,51.449857],[-0.04628,51.449872],[-0.046571,51.449898],[-0.047034,51.449946],[-0.047171,51.449962],[-0.047474,51.450002],[-0.047492,51.450006],[-0.047631,51.450028],[-0.047881,51.450066],[-0.048043,51.450086],[-0.048108,51.450091],[-0.048548,51.450107],[-0.048699,51.450111],[-0.048844,51.450112],[-0.048999,51.450106],[-0.04907,51.450093],[-0.04919,51.450064],[-0.049245,51.450045],[-0.04976,51.449882],[-0.050762,51.44956],[-0.052567,51.448989],[-0.052796,51.448908],[-0.052873,51.448877],[-0.053031,51.448809],[-0.053074,51.448793],[-0.053106,51.448785],[-0.053163,51.448778],[-0.053347,51.448766],[-0.053524,51.448751],[-0.053605,51.448738],[-0.053625,51.448733],[-0.053686,51.448715],[-0.053741,51.448696],[-0.053831,51.448687],[-0.053858,51.448687],[-0.053897,51.448706],[-0.054041,51.448826],[-0.054098,51.448867],[-0.054182,51.448917],[-0.054241,51.448949],[-0.054302,51.448986],[-0.054352,51.449011],[-0.054423,51.449043],[-0.054497,51.44908],[-0.054637,51.449143],[-0.05483,51.449226],[-0.055074,51.449326],[-0.055156,51.449365],[-0.055552,51.449528],[-0.055734,51.4496],[-0.056024,51.449711],[-0.056325,51.449829],[-0.056536,51.449894],[-0.05661,51.449921],[-0.056739,51.449973],[-0.056811,51.45],[-0.056865,51.450023],[-0.057013,51.450092],[-0.05716,51.450171],[-0.057278,51.45023],[-0.057369,51.450269],[-0.057429,51.450291],[-0.057558,51.450343],[-0.057631,51.45028],[-0.057691,51.450231],[-0.057796,51.450151],[-0.057899,51.450078],[-0.057941,51.450046],[-0.058008,51.450001],[-0.058112,51.449926],[-0.058266,51.449808],[-0.058321,51.44977],[-0.058386,51.449722],[-0.058594,51.44959],[-0.058617,51.449573],[-0.058733,51.4495],[-0.058793,51.449466],[-0.058853,51.449429],[-0.058936,51.449383],[-0.058977,51.449357],[-0.059064,51.449308],[-0.059116,51.449275],[-0.059177,51.449239],[-0.059335,51.449155],[-0.059452,51.449097],[-0.059716,51.448971],[-0.059802,51.448933],[-0.060015,51.448846],[-0.060562,51.448607],[-0.060613,51.448583],[-0.060698,51.448538],[-0.060881,51.448431],[-0.061209,51.448221],[-0.061423,51.448082],[-0.061489,51.448038],[-0.061553,51.447992],[-0.061672,51.447901],[-0.061723,51.447859],[-0.06181,51.447779],[-0.061881,51.447707],[-0.061975,51.447606],[-0.062053,51.447518],[-0.062196,51.447349],[-0.062317,51.447196],[-0.062461,51.447019],[-0.062525,51.446937],[-0.062643,51.446776],[-0.062735,51.446641],[-0.062854,51.446458],[-0.062946,51.446313],[-0.062997,51.446229],[-0.063086,51.446071],[-0.063154,51.445934],[-0.063254,51.445715],[-0.063361,51.445449],[-0.063428,51.445291],[-0.063447,51.445242],[-0.063515,51.445042],[-0.063558,51.44493],[-0.063575,51.444879],[-0.063617,51.444708],[-0.063671,51.444504],[-0.063674,51.444489],[-0.063675,51.44447],[-0.063693,51.444336],[-0.063699,51.44427],[-0.063703,51.444197],[-0.063696,51.444146],[-0.063685,51.444013],[-0.063684,51.44398],[-0.063658,51.443807],[-0.063649,51.44369],[-0.063643,51.443573],[-0.063647,51.443399],[-0.063655,51.443284],[-0.063667,51.443177],[-0.063686,51.443035],[-0.063688,51.442992],[-0.063696,51.442935],[-0.063714,51.442857],[-0.063741,51.442774],[-0.063755,51.442737],[-0.063858,51.442502],[-0.063955,51.442275],[-0.063982,51.442211],[-0.064033,51.442079],[-0.064061,51.442016],[-0.064071,51.441996],[-0.064089,51.441973],[-0.06411,51.44195],[-0.064163,51.441895],[-0.064251,51.441817],[-0.064314,51.441764],[-0.064344,51.441736],[-0.064408,51.441682],[-0.064465,51.441631],[-0.064594,51.441522],[-0.064615,51.441499],[-0.064645,51.441471],[-0.064771,51.441364],[-0.064795,51.44134],[-0.064997,51.441189],[-0.065026,51.441161],[-0.065005,51.441147],[-0.064983,51.441135],[-0.064924,51.441106],[-0.064857,51.441078],[-0.064774,51.441052],[-0.06464,51.441017],[-0.064585,51.441001],[-0.06446,51.440957],[-0.06438,51.440936],[-0.064272,51.440912],[-0.064167,51.440899],[-0.064079,51.440891],[-0.064069,51.440876],[-0.064044,51.44083],[-0.064019,51.440765],[-0.063997,51.440669],[-0.06399,51.440622],[-0.063985,51.440572],[-0.063971,51.440484],[-0.063963,51.440454],[-0.063956,51.440395],[-0.063951,51.440371],[-0.063938,51.440274],[-0.063885,51.439996],[-0.063842,51.439841],[-0.063824,51.439746],[-0.063736,51.439237],[-0.063729,51.439043],[-0.063733,51.438933],[-0.06373,51.438814],[-0.063734,51.438638],[-0.06373,51.438525],[-0.063732,51.438478],[-0.063746,51.438316],[-0.063752,51.438204],[-0.063753,51.43812],[-0.063748,51.438057],[-0.06374,51.43802],[-0.063728,51.437993],[-0.063716,51.43797],[-0.063687,51.437926],[-0.063653,51.437887],[-0.063525,51.437757],[-0.063506,51.437735],[-0.063455,51.437666],[-0.063401,51.437572],[-0.063519,51.437515],[-0.063663,51.437449],[-0.063832,51.437375],[-0.064045,51.437276],[-0.064121,51.437238],[-0.064195,51.437196],[-0.06424,51.437167],[-0.064308,51.43712],[-0.064346,51.437091],[-0.064382,51.437061],[-0.064398,51.437045],[-0.06444,51.436996],[-0.064459,51.436971],[-0.064483,51.436934],[-0.06452,51.436869],[-0.064578,51.436746],[-0.064648,51.436581],[-0.064736,51.436391],[-0.064794,51.436282],[-0.06484,51.436203],[-0.064875,51.43615],[-0.06497,51.436018],[-0.065047,51.43593],[-0.065186,51.435752],[-0.065248,51.435659],[-0.065331,51.435523],[-0.065473,51.435309],[-0.065522,51.435223],[-0.065631,51.435042],[-0.065682,51.434948],[-0.065777,51.434762],[-0.065794,51.434725],[-0.065813,51.43469],[-0.065834,51.434654],[-0.065857,51.434619],[-0.065883,51.434584],[-0.065914,51.434546],[-0.065939,51.434518],[-0.065966,51.434491],[-0.066013,51.434449],[-0.06606,51.434412],[-0.066289,51.434241],[-0.066341,51.434204],[-0.066368,51.434188],[-0.066442,51.434138],[-0.066507,51.434087],[-0.06661,51.434013],[-0.066713,51.433944],[-0.066814,51.43388],[-0.066937,51.433814],[-0.0672,51.433696],[-0.067462,51.433589],[-0.067587,51.433534],[-0.067713,51.433476],[-0.06784,51.433415],[-0.068087,51.433292],[-0.068474,51.433104],[-0.068864,51.432925],[-0.068992,51.432873],[-0.069125,51.432828],[-0.069411,51.432746],[-0.069563,51.43271],[-0.069708,51.432678],[-0.070618,51.432481],[-0.07067,51.432473],[-0.070762,51.432464],[-0.070864,51.43246],[-0.07093,51.432461],[-0.070979,51.432464],[-0.071158,51.432482],[-0.07139,51.432511],[-0.071546,51.432527],[-0.071626,51.432533],[-0.0717,51.432536],[-0.071855,51.432534],[-0.071929,51.43253],[-0.072029,51.432524],[-0.072158,51.432509],[-0.072201,51.432503],[-0.072381,51.432468],[-0.072471,51.432446],[-0.072553,51.43242],[-0.072591,51.432403],[-0.072632,51.432378],[-0.072672,51.432347],[-0.072711,51.432308],[-0.072728,51.432287],[-0.072765,51.432234],[-0.072791,51.432195],[-0.072815,51.432155],[-0.072891,51.432066],[-0.072978,51.431983],[-0.073063,51.431897],[-0.073135,51.43182],[-0.073216,51.431742],[-0.073383,51.431575],[-0.073548,51.431393],[-0.073623,51.431304],[-0.073694,51.431217],[-0.073729,51.431165],[-0.073763,51.431122],[-0.073816,51.431062],[-0.073849,51.431021],[-0.07401,51.430834],[-0.074076,51.430761],[-0.0741,51.430726],[-0.074147,51.430666],[-0.074314,51.430505],[-0.074399,51.430419],[-0.074539,51.430256],[-0.074714,51.430041],[-0.074772,51.429967],[-0.074856,51.429851],[-0.07487,51.429831],[-0.074914,51.429733],[-0.074965,51.429516],[-0.07498,51.42943],[-0.07503,51.4292],[-0.075038,51.429165],[-0.075049,51.429128],[-0.075075,51.429011],[-0.075081,51.428978],[-0.075086,51.428894],[-0.075084,51.42884],[-0.075079,51.428806],[-0.075051,51.428682],[-0.075033,51.428586],[-0.075029,51.428569],[-0.075015,51.428528],[-0.075006,51.428488],[-0.074999,51.428468],[-0.074976,51.428433],[-0.074965,51.428405],[-0.074958,51.428378],[-0.074908,51.428274],[-0.074861,51.428185],[-0.074766,51.428024],[-0.074746,51.427986],[-0.074708,51.427933],[-0.074682,51.4279],[-0.074651,51.427864],[-0.074598,51.427807],[-0.07457,51.427772],[-0.074415,51.427594],[-0.074351,51.427509],[-0.074335,51.427491],[-0.074323,51.427471],[-0.074307,51.427437],[-0.074283,51.427394],[-0.074258,51.427335],[-0.074226,51.427242],[-0.074184,51.427149],[-0.074104,51.426885],[-0.074089,51.426845],[-0.074043,51.426697],[-0.074023,51.426618],[-0.073992,51.426521],[-0.073959,51.426449],[-0.073926,51.426341],[-0.073911,51.426286],[-0.073907,51.426244],[-0.073907,51.426213],[-0.073829,51.426204],[-0.073741,51.426196],[-0.073549,51.426193],[-0.073458,51.426196],[-0.073332,51.426204],[-0.072893,51.42625],[-0.072676,51.42627],[-0.072494,51.426284],[-0.072252,51.426297],[-0.072037,51.426301],[-0.071942,51.426299],[-0.071733,51.42629],[-0.071512,51.426275],[-0.071276,51.426256],[-0.070945,51.426241],[-0.070821,51.426222],[-0.070609,51.426184],[-0.070278,51.426109],[-0.070117,51.426062],[-0.0696,51.425887],[-0.06928,51.425769],[-0.069043,51.425684],[-0.068902,51.42563],[-0.068848,51.42569],[-0.068841,51.425702],[-0.068835,51.425724],[-0.068838,51.425755],[-0.068825,51.425803],[-0.068818,51.425824],[-0.06881,51.425839],[-0.068791,51.425862],[-0.068776,51.425876],[-0.068711,51.425947],[-0.068691,51.425966],[-0.068682,51.425978],[-0.06867,51.425989],[-0.068393,51.425978],[-0.06828,51.425972],[-0.067886,51.425925],[-0.067983,51.425815],[-0.067131,51.425481],[-0.06706,51.425451],[-0.066178,51.425129],[-0.066022,51.425075],[-0.065809,51.425331],[-0.065592,51.425294],[-0.065219,51.425246],[-0.065135,51.425225],[-0.064992,51.425185],[-0.064859,51.425169],[-0.064858,51.425136],[-0.064553,51.425058],[-0.064409,51.425319],[-0.063442,51.425298],[-0.063449,51.425255],[-0.062728,51.425197],[-0.06259,51.42517],[-0.062577,51.42519],[-0.062405,51.425155],[-0.062191,51.425077],[-0.062151,51.425064],[-0.062018,51.425011],[-0.061935,51.424976],[-0.061812,51.424934],[-0.061599,51.424857],[-0.061426,51.424798],[-0.061538,51.424682],[-0.06154,51.424675],[-0.061533,51.424654],[-0.061491,51.424614],[-0.061476,51.424587],[-0.061468,51.424568],[-0.061468,51.424547],[-0.061463,51.424528],[-0.061453,51.424509],[-0.061437,51.42449],[-0.061406,51.424471],[-0.061359,51.424455],[-0.061274,51.424431],[-0.061168,51.424396],[-0.060765,51.424249],[-0.060243,51.424051],[-0.059301,51.423713],[-0.05908,51.423639],[-0.058638,51.423487],[-0.058066,51.423275],[-0.058104,51.423176],[-0.057355,51.423056],[-0.057059,51.423012],[-0.05704,51.423008],[-0.057006,51.423006],[-0.056985,51.422999],[-0.056755,51.422965],[-0.056751,51.422974],[-0.055818,51.422981],[-0.055771,51.423071],[-0.055285,51.422974],[-0.055137,51.422943],[-0.055007,51.423196],[-0.054738,51.423727],[-0.053368,51.423652],[-0.052503,51.423611],[-0.051801,51.42357],[-0.051797,51.423522],[-0.051783,51.423403],[-0.051745,51.422845],[-0.051743,51.422625],[-0.051754,51.422517],[-0.051641,51.42252],[-0.050742,51.422556],[-0.050642,51.422569],[-0.050573,51.422584],[-0.050472,51.422611],[-0.050376,51.422643],[-0.05007,51.422697],[-0.04975,51.422741],[-0.049545,51.422747],[-0.04934,51.422763],[-0.049171,51.422779],[-0.048866,51.422804],[-0.048454,51.422844],[-0.047617,51.422854],[-0.047208,51.42285],[-0.047207,51.422811],[-0.046957,51.422806],[-0.045993,51.422795],[-0.046013,51.422618],[-0.046239,51.422622],[-0.046251,51.422375],[-0.044853,51.422657],[-0.044471,51.422732],[-0.043752,51.422878],[-0.043676,51.422892],[-0.04381,51.423154],[-0.043564,51.423197],[-0.043335,51.423272],[-0.042958,51.423403],[-0.042853,51.423221],[-0.042742,51.423259],[-0.042245,51.423423],[-0.042002,51.423501],[-0.041954,51.42352],[-0.041934,51.423534],[-0.041572,51.423652],[-0.041686,51.423831],[-0.04151,51.423946],[-0.041215,51.424153],[-0.04116,51.424188],[-0.041124,51.424207],[-0.041052,51.424241],[-0.041009,51.424258],[-0.040963,51.424272],[-0.040922,51.424282],[-0.04088,51.42429],[-0.040824,51.424298],[-0.040784,51.424301],[-0.040671,51.424305],[-0.040473,51.424308],[-0.040392,51.424305],[-0.040006,51.424269],[-0.0399,51.424256],[-0.039855,51.424475],[-0.039844,51.424805],[-0.039909,51.425162],[-0.039912,51.42516],[-0.039982,51.42515],[-0.040073,51.425404],[-0.040045,51.425546],[-0.040193,51.42583],[-0.040217,51.425894],[-0.040308,51.426021],[-0.040324,51.426088],[-0.040366,51.426155],[-0.040496,51.426311],[-0.040399,51.426416],[-0.040475,51.42664],[-0.040186,51.42681],[-0.04026,51.426929],[-0.040387,51.427053],[-0.040385,51.427093],[-0.040514,51.427194],[-0.039501,51.4277],[-0.039522,51.427802],[-0.040355,51.42865],[-0.040681,51.428933],[-0.041218,51.430179],[-0.041398,51.430353],[-0.040034,51.430686],[-0.039256,51.430891],[-0.039073,51.430991],[-0.038846,51.431184],[-0.039232,51.431364],[-0.040926,51.432522],[-0.040277,51.432838],[-0.04007,51.433065],[-0.037588,51.434187],[-0.03754,51.434255],[-0.0375,51.434658],[-0.036293,51.434619],[-0.03574,51.434327],[-0.034765,51.43506],[-0.03462,51.435229],[-0.034434,51.435536],[-0.03431,51.436118],[-0.03358,51.437705],[-0.03355,51.43786],[-0.033517,51.43805],[-0.033399,51.438367],[-0.033129,51.43889],[-0.032963,51.439065],[-0.030104,51.440473],[-0.029553,51.440628],[-0.029275,51.440779],[-0.029091,51.440927],[-0.02767,51.442633],[-0.026471,51.443561],[-0.026543,51.442789],[-0.026475,51.44237],[-0.026196,51.441561],[-0.025876,51.440977],[-0.024998,51.439624],[-0.024534,51.438955],[-0.023985,51.438384],[-0.023132,51.437569],[-0.022154,51.43659],[-0.021368,51.435772],[-0.020522,51.434775],[-0.01984,51.433812],[-0.019272,51.432864],[-0.01922,51.432767],[-0.016882,51.433354],[-0.016639,51.432914],[-0.004189,51.435632],[-0.001179,51.436175],[0.000468,51.436356],[0.00124,51.436535],[0.002467,51.43675],[0.00333,51.436664],[0.005831,51.437216],[0.005822,51.437235],[0.005973,51.437253],[0.005937,51.437348],[0.006212,51.437404],[0.005943,51.437633],[0.005789,51.437807],[0.005343,51.439605],[0.005071,51.440309],[0.004015,51.441793],[0.003883,51.442053],[0.003781,51.442498],[0.003793,51.442895],[0.003914,51.443465],[0.004387,51.444835],[0.004378,51.445253],[0.004995,51.445327],[0.005867,51.445535],[0.006683,51.445548],[0.012699,51.445884],[0.013897,51.446046],[0.016329,51.446737],[0.016684,51.446821],[0.020478,51.447652],[0.021917,51.447991],[0.022419,51.448122],[0.02234,51.448251],[0.022303,51.448294],[0.022275,51.44834],[0.022254,51.448379],[0.022222,51.448448],[0.022213,51.448471],[0.022209,51.448486],[0.022192,51.448564],[0.022154,51.448675],[0.022148,51.448726],[0.022136,51.448745],[0.022108,51.448781],[0.022044,51.448863],[0.021979,51.448943],[0.021809,51.448965],[0.021643,51.448989],[0.020543,51.449122],[0.020498,51.449131],[0.0199,51.44919],[0.019796,51.449197],[0.019604,51.449214],[0.019203,51.449255],[0.018568,51.449333],[0.018301,51.449364],[0.01804,51.449397],[0.017977,51.449403],[0.017922,51.449411],[0.017716,51.449445],[0.017591,51.449469],[0.017478,51.449493],[0.017427,51.449502],[0.016968,51.449616],[0.016847,51.449644],[0.016629,51.449701],[0.016298,51.449776],[0.016225,51.449789],[0.01614,51.449807],[0.01564,51.449905],[0.015474,51.449935],[0.015357,51.449959],[0.01522,51.449983],[0.0151,51.450007],[0.015096,51.450038],[0.015081,51.450067],[0.015009,51.450324],[0.014932,51.450611],[0.015014,51.450621],[0.015131,51.450208],[0.019885,51.45073],[0.019797,51.451057],[0.019659,51.451376],[0.019601,51.451577],[0.019559,51.45171],[0.019293,51.451681],[0.018348,51.451583],[0.018286,51.451897],[0.018246,51.452074],[0.018203,51.4523],[0.018112,51.452741],[0.018073,51.452918],[0.018057,51.452999],[0.017975,51.453112],[0.01793,51.453177],[0.01789,51.45324],[0.017851,51.453308],[0.017783,51.453437],[0.017753,51.453501],[0.017638,51.453767],[0.01759,51.453896],[0.017572,51.453952],[0.017515,51.454145],[0.017503,51.454304],[0.017456,51.454698],[0.017497,51.454809],[0.017524,51.454967],[0.017549,51.455032],[0.016273,51.455286],[0.016065,51.455325],[0.015662,51.455406],[0.014575,51.455602],[0.014265,51.455672],[0.014058,51.455722],[0.013343,51.455928],[0.013192,51.45597],[0.013006,51.456032],[0.012785,51.456112],[0.012704,51.456144],[0.012625,51.456178],[0.012138,51.456375],[0.011942,51.456457],[0.011834,51.456508],[0.011761,51.456536],[0.011536,51.456615],[0.011503,51.456712],[0.011503,51.456791],[0.011482,51.456883],[0.011456,51.456926],[0.011163,51.457316],[0.011093,51.457422],[0.010962,51.457615],[0.010873,51.457756],[0.010765,51.457932],[0.010636,51.458136],[0.010223,51.45886],[0.010127,51.459038],[0.01004,51.459216],[0.009972,51.459372],[0.009953,51.459419],[0.009921,51.459535],[0.009913,51.459584],[0.009903,51.459631],[0.009898,51.45968],[0.009877,51.459836],[0.009855,51.460039],[0.009832,51.460301],[0.009817,51.460433],[0.009804,51.460566],[0.009781,51.460843],[0.009779,51.460936],[0.009781,51.461074],[0.009793,51.461209],[0.009792,51.461238],[0.009797,51.46129],[0.009811,51.461379],[0.009824,51.461491],[0.009843,51.461698],[0.009859,51.461933],[0.009857,51.462003],[0.009849,51.462117],[0.009813,51.462439],[0.009799,51.462528],[0.009785,51.462586],[0.009781,51.462612],[0.009773,51.462646],[0.009739,51.462745],[0.009708,51.462851],[0.00966,51.462966],[0.009577,51.463195],[0.00949,51.463409],[0.009425,51.463553],[0.009396,51.463635],[0.009341,51.463833],[0.009288,51.464055],[0.009236,51.46423],[0.009179,51.464356],[0.009089,51.46454],[0.009027,51.464676],[0.009014,51.464719],[0.009009,51.464757],[0.00901,51.464793],[0.009015,51.464844],[0.009026,51.464911],[0.009076,51.46507],[0.009107,51.465157],[0.009161,51.465322],[0.009175,51.465372],[0.009185,51.465421],[0.009191,51.465443],[0.009193,51.465518],[0.009191,51.465546],[0.009188,51.46556],[0.009169,51.465629],[0.009144,51.465746],[0.009121,51.465812],[0.009096,51.465873],[0.009213,51.465877],[0.009786,51.465956],[0.009823,51.465967],[0.009961,51.465986],[0.010463,51.466053],[0.010989,51.46612],[0.011017,51.466133],[0.011539,51.466237],[0.011599,51.466259],[0.011809,51.466331],[0.011861,51.466354],[0.011889,51.46637],[0.011925,51.466394],[0.012014,51.466431],[0.012043,51.466441],[0.012374,51.466586],[0.0124,51.466595],[0.012475,51.466616],[0.01281,51.466707],[0.012976,51.466756],[0.013266,51.466838],[0.013241,51.466873],[0.013214,51.466906],[0.013149,51.46697],[0.013066,51.46704],[0.012949,51.467135],[0.012845,51.467212],[0.012799,51.467252],[0.012765,51.467287],[0.012744,51.467314],[0.012726,51.467341],[0.012712,51.467368],[0.0127,51.467398],[0.012691,51.467446],[0.012689,51.467472],[0.012689,51.46749],[0.012692,51.467517],[0.012698,51.467545],[0.012711,51.467584],[0.012735,51.467635],[0.012749,51.46766],[0.01277,51.46769],[0.012791,51.467714],[0.012807,51.46773],[0.012858,51.467773],[0.013019,51.467917],[0.013043,51.467949],[0.013057,51.467973],[0.013069,51.467999],[0.013077,51.468028],[0.013087,51.468111],[0.013088,51.468149],[0.013086,51.468174],[0.013072,51.468261],[0.013059,51.468321],[0.012996,51.468541],[0.012639,51.469722],[0.01261,51.469808],[0.012718,51.469823],[0.012819,51.469835],[0.012972,51.469851],[0.013116,51.469863],[0.013501,51.469886],[0.013517,51.469829],[0.013619,51.469831],[0.013718,51.469828],[0.013956,51.469809],[0.014169,51.469779],[0.014365,51.469746],[0.014437,51.469732],[0.014572,51.469701],[0.014613,51.469686],[0.014741,51.469646],[0.01486,51.469611],[0.014983,51.469571],[0.015204,51.469494],[0.015484,51.469393],[0.015766,51.469286],[0.015789,51.469275],[0.015834,51.46925],[0.01586,51.469231],[0.015947,51.46919],[0.016016,51.469162],[0.016046,51.469161],[0.016056,51.469159],[0.016358,51.468975],[0.016543,51.469129],[0.016578,51.469199],[0.016628,51.46931],[0.016639,51.469355],[0.016643,51.469399],[0.016659,51.469451],[0.01668,51.469461],[0.016691,51.469469],[0.0167,51.46948],[0.016704,51.46949],[0.016703,51.469504],[0.016682,51.469547],[0.016472,51.469857],[0.016227,51.470003],[0.016232,51.470016],[0.016235,51.470034],[0.016235,51.470049],[0.016227,51.47008],[0.016218,51.470097],[0.016208,51.470121],[0.015957,51.470565],[0.015832,51.470783],[0.015717,51.470979],[0.015623,51.471149],[0.015544,51.471288],[0.015491,51.471395],[0.015432,51.471525],[0.015366,51.471677],[0.015241,51.471973],[0.015174,51.472127],[0.015076,51.472388],[0.015035,51.472506],[0.015018,51.472581],[0.015003,51.472667],[0.014991,51.472775],[0.014981,51.472885],[0.014982,51.472897],[0.014978,51.472909],[0.015002,51.47308],[0.015342,51.473137]]]]},"properties":{"entry-date":"2026-02-25","entity":7010009610,"name":"Small HMO Northern Extension","dataset":"article-4-direction-area","typology":"geography","reference":"SHMOEXTA4","prefix":"article-4-direction-area","organisation-entity":198,"quality":"authoritative","description":"article-4-direction","in_zone":true,"whole_in_zone":false,"in_cw":false,"organisation":"London Borough of Lewisham"}},
{"type":"Feature","geometry":{"type":"MultiPolygon","coordinates":[[[[-0.061184,51.577784],[-0.061429,51.577738],[-0.061721,51.577679],[-0.06172,51.577673],[-0.061989,51.577618],[-0.061982,51.577602],[-0.062121,51.577574],[-0.062118,51.577571],[-0.06234,51.577526],[-0.062342,51.577529],[-0.062488,51.577499],[-0.062484,51.577487],[-0.062517,51.577481],[-0.06252,51.577488],[-0.062735,51.577444],[-0.062753,51.577442],[-0.062749,51.577432],[-0.062783,51.577425],[-0.062788,51.577435],[-0.062939,51.577404],[-0.062938,51.577401],[-0.063048,51.577378],[-0.06317,51.577354],[-0.063172,51.577357],[-0.063315,51.577327],[-0.063308,51.577313],[-0.063346,51.577306],[-0.063349,51.577316],[-0.063599,51.577266],[-0.063675,51.577253],[-0.063817,51.577222],[-0.063816,51.57722],[-0.064071,51.577172],[-0.064087,51.577195],[-0.064418,51.57711],[-0.064624,51.577025],[-0.064922,51.576973],[-0.066219,51.576736],[-0.066394,51.57671],[-0.066774,51.576642],[-0.066774,51.576515],[-0.066776,51.576437],[-0.066743,51.576393],[-0.066755,51.576341],[-0.067089,51.576302],[-0.067276,51.576276],[-0.067656,51.576237],[-0.067657,51.576239],[-0.067792,51.576224],[-0.067838,51.576218],[-0.06825,51.576151],[-0.068281,51.576149],[-0.068667,51.576101],[-0.068727,51.576095],[-0.068926,51.576065],[-0.069111,51.576033],[-0.069878,51.575894],[-0.070024,51.575869],[-0.070522,51.575793],[-0.07055,51.57579],[-0.070566,51.575784],[-0.070764,51.575727],[-0.070998,51.575694],[-0.071149,51.575678],[-0.071148,51.575675],[-0.071413,51.575648],[-0.071412,51.575646],[-0.071875,51.575606],[-0.071907,51.575712],[-0.072225,51.575667],[-0.072232,51.575663],[-0.072543,51.575611],[-0.072803,51.575656],[-0.072857,51.575656],[-0.072945,51.575649],[-0.07311,51.575631],[-0.073227,51.57562],[-0.073455,51.575609],[-0.073528,51.575603],[-0.073532,51.575623],[-0.073625,51.575619],[-0.073636,51.575707],[-0.073764,51.575701],[-0.07376,51.575671],[-0.073905,51.575655],[-0.074376,51.575613],[-0.07439,51.575682],[-0.074452,51.575676],[-0.074433,51.575606],[-0.074854,51.575562],[-0.074854,51.575566],[-0.075172,51.575535],[-0.075188,51.575507],[-0.075205,51.575464],[-0.075209,51.575448],[-0.075218,51.575386],[-0.075217,51.575372],[-0.075213,51.575361],[-0.075208,51.575328],[-0.075232,51.575329],[-0.075324,51.575325],[-0.075809,51.575491],[-0.075919,51.575336],[-0.075949,51.575299],[-0.075981,51.575256],[-0.076035,51.575192],[-0.076062,51.575165],[-0.076084,51.575138],[-0.07612,51.575103],[-0.076223,51.574983],[-0.076268,51.574933],[-0.076641,51.574994],[-0.076842,51.575029],[-0.076843,51.575025],[-0.077094,51.575072],[-0.077073,51.575113],[-0.077068,51.575112],[-0.077057,51.575137],[-0.077189,51.575163],[-0.077558,51.575231],[-0.077582,51.575182],[-0.078045,51.575271],[-0.078036,51.575288],[-0.078812,51.575412],[-0.078916,51.575425],[-0.079181,51.57545],[-0.07935,51.575469],[-0.079859,51.575509],[-0.079855,51.575536],[-0.080758,51.575582],[-0.080865,51.575586],[-0.080864,51.575637],[-0.081343,51.575546],[-0.081342,51.575544],[-0.081431,51.575527],[-0.081461,51.575524],[-0.081637,51.575494],[-0.082091,51.575414],[-0.082128,51.575397],[-0.082197,51.575373],[-0.082315,51.575349],[-0.082453,51.575332],[-0.082612,51.575316],[-0.082779,51.575308],[-0.082828,51.575302],[-0.082894,51.575291],[-0.083466,51.575206],[-0.08379,51.575165],[-0.083792,51.575183],[-0.084032,51.575166],[-0.084034,51.575171],[-0.084111,51.575166],[-0.08423,51.575157],[-0.084389,51.575142],[-0.084512,51.575133],[-0.084539,51.575135],[-0.084918,51.57511],[-0.085529,51.575054],[-0.085684,51.575038],[-0.085743,51.574978],[-0.085773,51.57495],[-0.085857,51.574879],[-0.086461,51.574785],[-0.08678,51.574741],[-0.087058,51.574711],[-0.087226,51.574696],[-0.087269,51.574695],[-0.087213,51.574583],[-0.087176,51.574502],[-0.087118,51.574501],[-0.086985,51.574459],[-0.086938,51.574431],[-0.086897,51.574397],[-0.086885,51.574382],[-0.086874,51.574358],[-0.08687,51.574339],[-0.086884,51.574298],[-0.086972,51.574315],[-0.087181,51.574346],[-0.087381,51.574372],[-0.087632,51.574399],[-0.087678,51.574401],[-0.087786,51.574402],[-0.087857,51.574399],[-0.088018,51.574387],[-0.088215,51.574358],[-0.088319,51.574341],[-0.08852,51.574322],[-0.08861,51.574318],[-0.08876,51.574322],[-0.088912,51.574332],[-0.089421,51.574382],[-0.089544,51.57439],[-0.08966,51.574396],[-0.089836,51.574394],[-0.090027,51.574378],[-0.090285,51.574334],[-0.09039,51.57431],[-0.091084,51.574078],[-0.091264,51.574029],[-0.091354,51.574008],[-0.091426,51.573995],[-0.091467,51.57399],[-0.091613,51.573977],[-0.091804,51.573968],[-0.09207,51.573962],[-0.092103,51.573963],[-0.092183,51.573967],[-0.092218,51.573974],[-0.092589,51.574012],[-0.092847,51.574032],[-0.092943,51.574037],[-0.093039,51.574035],[-0.093261,51.574013],[-0.093507,51.573982],[-0.093695,51.573951],[-0.093786,51.573929],[-0.093883,51.573898],[-0.094192,51.573787],[-0.094306,51.573744],[-0.094687,51.573595],[-0.094721,51.573587],[-0.094769,51.573585],[-0.095106,51.573604],[-0.095347,51.573624],[-0.095631,51.573653],[-0.095943,51.573702],[-0.096126,51.573739],[-0.096294,51.573781],[-0.096576,51.573822],[-0.096627,51.573827],[-0.096755,51.573826],[-0.096842,51.573821],[-0.096962,51.573809],[-0.097077,51.573789],[-0.09737,51.573721],[-0.097565,51.573663],[-0.097768,51.573621],[-0.097625,51.573304],[-0.097601,51.573257],[-0.09757,51.573186],[-0.09753,51.573085],[-0.097481,51.572975],[-0.097452,51.572919],[-0.097191,51.572468],[-0.097159,51.572408],[-0.097104,51.572311],[-0.097027,51.572158],[-0.09686,51.571818],[-0.096813,51.571728],[-0.096804,51.571705],[-0.096791,51.571636],[-0.09678,51.571613],[-0.096758,51.571578],[-0.096721,51.571528],[-0.09667,51.571468],[-0.096478,51.571159],[-0.096341,51.570958],[-0.096321,51.570919],[-0.096241,51.570824],[-0.096073,51.57067],[-0.096049,51.570653],[-0.09622,51.570538],[-0.096309,51.570475],[-0.096851,51.570054],[-0.097597,51.569486],[-0.098113,51.569101],[-0.098263,51.568987],[-0.098464,51.568834],[-0.098915,51.568485],[-0.099406,51.568116],[-0.099694,51.567902],[-0.10012,51.567577],[-0.100363,51.567388],[-0.10075,51.567091],[-0.100964,51.56694],[-0.101124,51.566829],[-0.101299,51.566717],[-0.101487,51.566597],[-0.101642,51.566503],[-0.101776,51.566418],[-0.1019,51.566337],[-0.102097,51.566213],[-0.102475,51.56597],[-0.10267,51.565843],[-0.103262,51.565473],[-0.103716,51.565181],[-0.104004,51.564998],[-0.104195,51.564879],[-0.104307,51.564812],[-0.104448,51.564739],[-0.104509,51.56471],[-0.104235,51.564558],[-0.103881,51.564348],[-0.103747,51.564267],[-0.103393,51.564046],[-0.102884,51.563734],[-0.102575,51.563549],[-0.102525,51.563517],[-0.102336,51.563407],[-0.102264,51.563361],[-0.101981,51.563151],[-0.101823,51.563036],[-0.101723,51.562958],[-0.10159,51.562859],[-0.101507,51.562801],[-0.101466,51.562776],[-0.101427,51.562756],[-0.101208,51.562657],[-0.101085,51.562589],[-0.101014,51.562545],[-0.100376,51.562104],[-0.099906,51.561785],[-0.099607,51.561571],[-0.09948,51.561485],[-0.09924,51.561311],[-0.098794,51.560998],[-0.098699,51.560919],[-0.098636,51.560852],[-0.098612,51.560812],[-0.097077,51.561051],[-0.096657,51.561121],[-0.096083,51.561214],[-0.096043,51.561213],[-0.095837,51.561178],[-0.094767,51.560958],[-0.094723,51.560951],[-0.094647,51.560932],[-0.094572,51.560909],[-0.094509,51.560886],[-0.094326,51.56081],[-0.09405,51.560692],[-0.093986,51.560663],[-0.093691,51.560515],[-0.093636,51.560492],[-0.093623,51.560488],[-0.093614,51.560486],[-0.093357,51.56049],[-0.09332,51.560489],[-0.093301,51.560486],[-0.093218,51.560482],[-0.092849,51.560444],[-0.092663,51.560405],[-0.092629,51.560394],[-0.092386,51.560324],[-0.092145,51.560267],[-0.092086,51.560258],[-0.092003,51.560248],[-0.091942,51.560237],[-0.091811,51.560218],[-0.091743,51.560199],[-0.091602,51.560165],[-0.091587,51.560105],[-0.091566,51.560068],[-0.091377,51.559765],[-0.091316,51.559662],[-0.091258,51.559573],[-0.091189,51.559463],[-0.091089,51.559313],[-0.091067,51.559275],[-0.090989,51.55915],[-0.090838,51.558897],[-0.090757,51.558726],[-0.090476,51.558119],[-0.090409,51.557971],[-0.09036,51.557872],[-0.090335,51.55784],[-0.090307,51.557821],[-0.090287,51.557813],[-0.090367,51.557752],[-0.090375,51.557743],[-0.090405,51.557694],[-0.090423,51.557661],[-0.090426,51.557655],[-0.090428,51.557645],[-0.090427,51.557612],[-0.090422,51.557562],[-0.090371,51.557189],[-0.090362,51.557103],[-0.090343,51.556952],[-0.090334,51.556828],[-0.090333,51.556738],[-0.090325,51.55657],[-0.090301,51.556261],[-0.090286,51.556133],[-0.090275,51.556024],[-0.090273,51.555991],[-0.090274,51.555929],[-0.090278,51.555862],[-0.090282,51.555741],[-0.090285,51.555608],[-0.090284,51.555557],[-0.090286,51.55552],[-0.090291,51.555441],[-0.0903,51.555338],[-0.090322,51.555123],[-0.090323,51.555098],[-0.090332,51.555007],[-0.090343,51.554817],[-0.090371,51.554423],[-0.090383,51.554149],[-0.090227,51.554137],[-0.09004,51.554126],[-0.089908,51.55408],[-0.08989,51.554075],[-0.089821,51.554047],[-0.089734,51.554017],[-0.089637,51.553977],[-0.089611,51.553964],[-0.089554,51.553927],[-0.089508,51.553896],[-0.089436,51.55384],[-0.089356,51.553776],[-0.089313,51.553739],[-0.089067,51.553804],[-0.088642,51.55392],[-0.088581,51.553939],[-0.08842,51.553742],[-0.08807,51.5533],[-0.087916,51.55313],[-0.087801,51.553007],[-0.087782,51.55299],[-0.087728,51.552933],[-0.087611,51.552855],[-0.087553,51.552821],[-0.087497,51.552791],[-0.087384,51.552756],[-0.087361,51.552747],[-0.087297,51.552729],[-0.087136,51.552688],[-0.087084,51.552677],[-0.087024,51.552661],[-0.086758,51.552611],[-0.086723,51.552603],[-0.086652,51.552592],[-0.086551,51.552569],[-0.086369,51.552532],[-0.086301,51.552508],[-0.086207,51.55247],[-0.085857,51.552306],[-0.085789,51.552271],[-0.085729,51.552244],[-0.085609,51.552195],[-0.08556,51.552173],[-0.085425,51.552132],[-0.085383,51.552124],[-0.08519,51.552101],[-0.084934,51.552066],[-0.084633,51.552052],[-0.083801,51.552132],[-0.083593,51.552149],[-0.083448,51.55215],[-0.083246,51.552138],[-0.082764,51.552104],[-0.082444,51.552088],[-0.082186,51.552072],[-0.081969,51.552062],[-0.081178,51.551992],[-0.080677,51.551943],[-0.080348,51.551916],[-0.080128,51.551892],[-0.080041,51.551881],[-0.079963,51.551867],[-0.079897,51.551853],[-0.079778,51.551823],[-0.079654,51.551786],[-0.079562,51.551752],[-0.079466,51.551697],[-0.079405,51.551658],[-0.079361,51.551628],[-0.079278,51.551562],[-0.078992,51.551289],[-0.078887,51.551181],[-0.078806,51.551093],[-0.078751,51.551029],[-0.078717,51.550985],[-0.078681,51.550927],[-0.07866,51.550899],[-0.07861,51.550813],[-0.078573,51.550745],[-0.078483,51.550598],[-0.078421,51.5505],[-0.078299,51.550316],[-0.078252,51.550239],[-0.078001,51.549851],[-0.077964,51.549797],[-0.077936,51.549752],[-0.077853,51.549644],[-0.077711,51.549491],[-0.077571,51.549322],[-0.077103,51.548727],[-0.077062,51.548679],[-0.076965,51.548549],[-0.076899,51.548447],[-0.076809,51.548296],[-0.076737,51.548169],[-0.076718,51.548132],[-0.07668,51.548037],[-0.076657,51.547985],[-0.076603,51.54787],[-0.076586,51.547838],[-0.076473,51.547533],[-0.076395,51.547304],[-0.076353,51.547202],[-0.076358,51.547172],[-0.076363,51.547156],[-0.076391,51.54712],[-0.076401,51.547098],[-0.076406,51.547072],[-0.0764,51.546998],[-0.076368,51.546699],[-0.076358,51.546579],[-0.076332,51.546364],[-0.076351,51.546313],[-0.076439,51.546277],[-0.076646,51.546177],[-0.076698,51.546112],[-0.076712,51.546085],[-0.076723,51.546068],[-0.077055,51.546093],[-0.077362,51.546123],[-0.078047,51.546203],[-0.078157,51.546213],[-0.0783,51.546222],[-0.078844,51.546266],[-0.07966,51.546338],[-0.07983,51.54635],[-0.080239,51.546383],[-0.082193,51.546512],[-0.082721,51.54654],[-0.083265,51.546573],[-0.083397,51.546574],[-0.083628,51.546582],[-0.083816,51.546583],[-0.083787,51.546348],[-0.083715,51.545888],[-0.083667,51.545637],[-0.083595,51.54523],[-0.083596,51.545201],[-0.083603,51.545171],[-0.08362,51.54513],[-0.084011,51.544101],[-0.084159,51.543721],[-0.084329,51.543265],[-0.084417,51.543035],[-0.084476,51.542873],[-0.084556,51.542668],[-0.08466,51.542391],[-0.08497,51.541581],[-0.085148,51.541123],[-0.085488,51.540237],[-0.085661,51.539792],[-0.085807,51.539409],[-0.086058,51.53872],[-0.086233,51.538247],[-0.086429,51.537734],[-0.086488,51.537551],[-0.086497,51.537518],[-0.086551,51.537446],[-0.086586,51.537416],[-0.086585,51.537404],[-0.08659,51.537342],[-0.08659,51.5373],[-0.086604,51.537298],[-0.086709,51.537297],[-0.086839,51.537283],[-0.087347,51.537151],[-0.08752,51.537101],[-0.08757,51.537085],[-0.08762,51.537064],[-0.087674,51.537036],[-0.08834,51.536718],[-0.088569,51.536606],[-0.088602,51.536592],[-0.088624,51.536578],[-0.089483,51.536143],[-0.08982,51.535996],[-0.089932,51.535942],[-0.08994,51.535946],[-0.090309,51.535771],[-0.090421,51.535723],[-0.090424,51.535724],[-0.09059,51.535644],[-0.090584,51.535641],[-0.090839,51.535522],[-0.091505,51.535206],[-0.091556,51.535183],[-0.091518,51.535154],[-0.091568,51.535129],[-0.091576,51.535132],[-0.091594,51.535122],[-0.09159,51.53512],[-0.091644,51.535066],[-0.091874,51.534959],[-0.09193,51.535005],[-0.091973,51.534986],[-0.091952,51.534967],[-0.092229,51.534837],[-0.092838,51.534541],[-0.093003,51.534464],[-0.093172,51.534398],[-0.093272,51.534355],[-0.093974,51.534065],[-0.094165,51.533983],[-0.094366,51.533906],[-0.094514,51.533853],[-0.094519,51.533856],[-0.094804,51.53375],[-0.095047,51.533658],[-0.095052,51.533651],[-0.095659,51.533422],[-0.096007,51.5333],[-0.096406,51.533169],[-0.096579,51.533118],[-0.096991,51.533005],[-0.097059,51.533001],[-0.097006,51.532923],[-0.096883,51.53275],[-0.096058,51.531555],[-0.095937,51.531373],[-0.095845,51.531228],[-0.095534,51.530779],[-0.095406,51.53059],[-0.09531,51.530435],[-0.095217,51.530261],[-0.095166,51.530159],[-0.095149,51.53012],[-0.09513,51.530082],[-0.09512,51.530053],[-0.095099,51.529972],[-0.09509,51.529904],[-0.095089,51.529879],[-0.095092,51.529856],[-0.09509,51.529838],[-0.095092,51.529814],[-0.09511,51.52972],[-0.095121,51.52969],[-0.095183,51.529553],[-0.095378,51.529243],[-0.095399,51.529204],[-0.094203,51.528897],[-0.093607,51.528747],[-0.09217,51.528376],[-0.091854,51.528298],[-0.090999,51.528074],[-0.090945,51.528062],[-0.090661,51.527991],[-0.09025,51.527878],[-0.089849,51.527781],[-0.089516,51.527684],[-0.089345,51.527642],[-0.089075,51.527566],[-0.088859,51.527494],[-0.088758,51.527451],[-0.088718,51.527429],[-0.088649,51.527383],[-0.088559,51.527315],[-0.088525,51.527285],[-0.08848,51.527244],[-0.088379,51.527144],[-0.088228,51.526938],[-0.088189,51.526888],[-0.088159,51.52684],[-0.088065,51.526698],[-0.087931,51.526417],[-0.08788,51.526304],[-0.087858,51.52624],[-0.087775,51.526179],[-0.08773,51.526152],[-0.087665,51.52612],[-0.087579,51.526072],[-0.087549,51.526057],[-0.087491,51.526016],[-0.087456,51.52601],[-0.087175,51.525893],[-0.087143,51.525879],[-0.087084,51.525849],[-0.087051,51.525828],[-0.087025,51.525804],[-0.087005,51.525778],[-0.087003,51.525766],[-0.086852,51.525803],[-0.086785,51.525816],[-0.08651,51.525898],[-0.086288,51.525947],[-0.086109,51.52599],[-0.085877,51.526048],[-0.085587,51.526123],[-0.085137,51.52622],[-0.085036,51.526236],[-0.085023,51.526197],[-0.085019,51.526178],[-0.085019,51.526171],[-0.084961,51.526008],[-0.084908,51.525838],[-0.084885,51.52578],[-0.084772,51.525428],[-0.084813,51.525406],[-0.084995,51.525287],[-0.085073,51.525201],[-0.085262,51.524908],[-0.08549,51.524537],[-0.085145,51.524456],[-0.085153,51.524431],[-0.085158,51.524316],[-0.085178,51.52423],[-0.08521,51.524066],[-0.085228,51.523943],[-0.08424,51.523928],[-0.084329,51.523595],[-0.084418,51.523254],[-0.084431,51.523036],[-0.084451,51.522752],[-0.08446,51.522679],[-0.084541,51.522299],[-0.084569,51.522131],[-0.084613,51.521967],[-0.08463,51.521914],[-0.084776,51.521519],[-0.084876,51.521271],[-0.084906,51.521178],[-0.084982,51.520973],[-0.085048,51.520803],[-0.085178,51.520508],[-0.085259,51.520347],[-0.083815,51.519933],[-0.083579,51.519862],[-0.0835,51.519842],[-0.083425,51.519827],[-0.08334,51.519817],[-0.083274,51.51982],[-0.083237,51.519825],[-0.083194,51.519836],[-0.08315,51.51985],[-0.083002,51.51993],[-0.082857,51.520015],[-0.082492,51.520259],[-0.081967,51.520604],[-0.081885,51.52067],[-0.081799,51.520744],[-0.081732,51.520813],[-0.08164,51.520928],[-0.081555,51.521043],[-0.081419,51.521271],[-0.081332,51.521431],[-0.081256,51.521579],[-0.081067,51.521971],[-0.080893,51.521931],[-0.080555,51.521836],[-0.080463,51.521815],[-0.080357,51.521799],[-0.079852,51.521709],[-0.079554,51.521659],[-0.079201,51.521605],[-0.078556,51.52151],[-0.078507,51.521563],[-0.078446,51.521641],[-0.078305,51.521845],[-0.078279,51.521901],[-0.078136,51.521882],[-0.078055,51.521866],[-0.07781,51.521942],[-0.077653,51.521987],[-0.077383,51.522059],[-0.077235,51.522095],[-0.076668,51.522183],[-0.076485,51.522045],[-0.076224,51.522183],[-0.07609,51.522495],[-0.076017,51.522649],[-0.075853,51.523082],[-0.075806,51.52308],[-0.0758,51.523196],[-0.075773,51.523555],[-0.075768,51.52368],[-0.075777,51.523723],[-0.075841,51.523959],[-0.075954,51.524338],[-0.07648,51.524306],[-0.076486,51.524317],[-0.076517,51.524549],[-0.076582,51.525067],[-0.076617,51.525404],[-0.076638,51.525627],[-0.076652,51.525721],[-0.076656,51.525822],[-0.076658,51.5262],[-0.076668,51.526345],[-0.076661,51.526403],[-0.076636,51.526448],[-0.076598,51.526481],[-0.076554,51.526531],[-0.07653,51.526563],[-0.076518,51.526588],[-0.076516,51.526608],[-0.076505,51.526651],[-0.076491,51.526695],[-0.076356,51.527045],[-0.076324,51.527141],[-0.076365,51.527146],[-0.076612,51.527187],[-0.0773,51.527304],[-0.077136,51.527375],[-0.076934,51.527482],[-0.076895,51.527506],[-0.076844,51.527534],[-0.076719,51.527612],[-0.076625,51.527676],[-0.076544,51.527734],[-0.076455,51.527802],[-0.076265,51.527959],[-0.076126,51.528071],[-0.076043,51.528132],[-0.075929,51.528212],[-0.075831,51.528284],[-0.075708,51.528386],[-0.075666,51.528427],[-0.075518,51.528578],[-0.075442,51.528668],[-0.075365,51.528766],[-0.075302,51.528855],[-0.075244,51.528946],[-0.075211,51.529004],[-0.075148,51.529102],[-0.075002,51.529343],[-0.074938,51.529444],[-0.074853,51.529561],[-0.074738,51.529715],[-0.074671,51.529789],[-0.074602,51.529851],[-0.074527,51.529909],[-0.074413,51.529995],[-0.074274,51.530092],[-0.074227,51.530119],[-0.073967,51.53025],[-0.073879,51.530286],[-0.073698,51.530354],[-0.072855,51.530656],[-0.072704,51.530699],[-0.072491,51.530765],[-0.072206,51.530846],[-0.072119,51.530868],[-0.072061,51.530879],[-0.071957,51.530895],[-0.071732,51.530924],[-0.071639,51.530934],[-0.071536,51.530941],[-0.071167,51.530962],[-0.070662,51.530981],[-0.069601,51.531029],[-0.069105,51.53104],[-0.068926,51.531045],[-0.06866,51.531055],[-0.068226,51.531067],[-0.067703,51.531093],[-0.067512,51.531106],[-0.06699,51.53115],[-0.066393,51.531206],[-0.06628,51.531219],[-0.066279,51.53123],[-0.066272,51.531252],[-0.066264,51.531288],[-0.066245,51.531392],[-0.06623,51.53144],[-0.066138,51.5316],[-0.065989,51.531848],[-0.06597,51.531883],[-0.065724,51.532297],[-0.065524,51.532644],[-0.065491,51.532705],[-0.065386,51.532887],[-0.065253,51.533111],[-0.065209,51.533143],[-0.065189,51.533154],[-0.065174,51.533159],[-0.065168,51.533156],[-0.065162,51.533152],[-0.065141,51.533131],[-0.065136,51.533124],[-0.065092,51.533039],[-0.065069,51.532988],[-0.065049,51.532931],[-0.065036,51.532903],[-0.064854,51.532923],[-0.064764,51.532937],[-0.064609,51.532952],[-0.064567,51.532958],[-0.064224,51.532995],[-0.064142,51.533008],[-0.064071,51.533014],[-0.063995,51.533024],[-0.063952,51.533027],[-0.063855,51.533039],[-0.063612,51.533065],[-0.063542,51.533069],[-0.063393,51.533083],[-0.063181,51.53311],[-0.063104,51.533116],[-0.062971,51.533131],[-0.062845,51.533143],[-0.062728,51.533158],[-0.062526,51.533193],[-0.06244,51.533202],[-0.062393,51.53321],[-0.062378,51.533215],[-0.062315,51.533225],[-0.062269,51.533238],[-0.062217,51.533258],[-0.062273,51.533344],[-0.06234,51.533412],[-0.062379,51.533471],[-0.062404,51.533502],[-0.062435,51.533562],[-0.062488,51.533654],[-0.062687,51.533984],[-0.062707,51.53403],[-0.062733,51.534076],[-0.062763,51.534147],[-0.062794,51.534234],[-0.062816,51.534373],[-0.062814,51.534426],[-0.062832,51.534606],[-0.062864,51.534822],[-0.062883,51.534891],[-0.062887,51.534917],[-0.062887,51.534941],[-0.062873,51.534971],[-0.062844,51.535011],[-0.062799,51.535081],[-0.06279,51.5351],[-0.062774,51.535123],[-0.062757,51.535142],[-0.062637,51.535301],[-0.062542,51.535432],[-0.062461,51.535531],[-0.062357,51.535514],[-0.062317,51.535504],[-0.062181,51.535461],[-0.062002,51.535417],[-0.061935,51.535396],[-0.061891,51.53538],[-0.061818,51.535349],[-0.061763,51.535321],[-0.061701,51.535287],[-0.061603,51.535228],[-0.061524,51.535172],[-0.061213,51.534912],[-0.060978,51.534708],[-0.060873,51.53462],[-0.06076,51.534531],[-0.06065,51.534455],[-0.060553,51.534393],[-0.060492,51.53436],[-0.06042,51.534316],[-0.060357,51.534284],[-0.060327,51.534271],[-0.060254,51.534244],[-0.0601,51.534195],[-0.060022,51.534179],[-0.059807,51.534146],[-0.059656,51.534119],[-0.059503,51.534104],[-0.059402,51.534096],[-0.059327,51.534094],[-0.058997,51.534094],[-0.058904,51.534096],[-0.058827,51.5341],[-0.058739,51.534108],[-0.058341,51.534155],[-0.058252,51.534167],[-0.058183,51.53418],[-0.058098,51.534197],[-0.057962,51.53423],[-0.057886,51.534251],[-0.05775,51.534297],[-0.057671,51.534315],[-0.057094,51.534482],[-0.057071,51.53449],[-0.056879,51.534582],[-0.056775,51.534629],[-0.056697,51.534658],[-0.056486,51.534729],[-0.056375,51.534761],[-0.055835,51.534925],[-0.05571,51.534961],[-0.055373,51.535047],[-0.055242,51.535078],[-0.055115,51.535102],[-0.055054,51.53511],[-0.054984,51.535109],[-0.054886,51.535117],[-0.054825,51.535126],[-0.054714,51.535152],[-0.054661,51.535158],[-0.054616,51.535161],[-0.054482,51.535166],[-0.054401,51.535166],[-0.054299,51.535162],[-0.054144,51.535153],[-0.053869,51.535132],[-0.0537,51.535112],[-0.053585,51.535094],[-0.053482,51.535076],[-0.053256,51.535028],[-0.052884,51.534938],[-0.052859,51.534997],[-0.052839,51.535083],[-0.05279,51.53538],[-0.052781,51.535413],[-0.052755,51.535488],[-0.05271,51.535575],[-0.052684,51.535619],[-0.052654,51.535663],[-0.052631,51.535693],[-0.052477,51.535866],[-0.052441,51.535899],[-0.052404,51.53593],[-0.05221,51.536063],[-0.052165,51.53609],[-0.052084,51.536135],[-0.051922,51.536214],[-0.05185,51.536246],[-0.051772,51.536278],[-0.05168,51.536312],[-0.0516,51.536339],[-0.051495,51.536364],[-0.05127,51.536409],[-0.051081,51.536443],[-0.05094,51.536461],[-0.050789,51.536468],[-0.050631,51.536473],[-0.050596,51.536472],[-0.050283,51.536448],[-0.050116,51.536426],[-0.050045,51.536415],[-0.0499,51.536388],[-0.049829,51.536372],[-0.049728,51.536346],[-0.049646,51.536323],[-0.049554,51.536292],[-0.049411,51.536233],[-0.04935,51.536204],[-0.049255,51.536156],[-0.049169,51.536109],[-0.04909,51.536064],[-0.048992,51.536005],[-0.048921,51.53596],[-0.048813,51.535885],[-0.04869,51.535805],[-0.048619,51.535772],[-0.048534,51.535737],[-0.048452,51.535701],[-0.048337,51.535659],[-0.048204,51.535615],[-0.048131,51.535594],[-0.048051,51.535574],[-0.047981,51.535559],[-0.047904,51.535546],[-0.047642,51.535508],[-0.047523,51.535494],[-0.047418,51.535484],[-0.047349,51.53548],[-0.047187,51.535448],[-0.047174,51.535458],[-0.04716,51.535462],[-0.047131,51.535466],[-0.046912,51.53548],[-0.046734,51.535497],[-0.046398,51.535535],[-0.046178,51.535565],[-0.045787,51.535628],[-0.04533,51.53571],[-0.045067,51.535763],[-0.044991,51.53578],[-0.044851,51.535819],[-0.044762,51.535856],[-0.04473,51.535871],[-0.044682,51.535898],[-0.044619,51.53593],[-0.044512,51.536003],[-0.044435,51.536057],[-0.044387,51.536094],[-0.044061,51.536354],[-0.043994,51.536409],[-0.043957,51.536436],[-0.043922,51.536457],[-0.043901,51.536472],[-0.043871,51.536486],[-0.043838,51.536494],[-0.04382,51.536497],[-0.043752,51.536498],[-0.04371,51.536491],[-0.043623,51.536464],[-0.043485,51.536538],[-0.043265,51.536629],[-0.041612,51.537392],[-0.041521,51.537441],[-0.041437,51.537493],[-0.041394,51.537525],[-0.041319,51.53759],[-0.041139,51.537764],[-0.040331,51.53853],[-0.039741,51.539084],[-0.039593,51.539221],[-0.03917,51.53962],[-0.038745,51.540018],[-0.037919,51.540798],[-0.037807,51.540901],[-0.037566,51.541135],[-0.037556,51.541147],[-0.037546,51.541164],[-0.037544,51.541184],[-0.037545,51.541198],[-0.037388,51.541332],[-0.037347,51.541332],[-0.037324,51.541334],[-0.037287,51.541343],[-0.037248,51.541366],[-0.037171,51.541415],[-0.037405,51.541565],[-0.037463,51.541603],[-0.037477,51.541615],[-0.037761,51.541797],[-0.037198,51.542183],[-0.036887,51.542392],[-0.036692,51.542514],[-0.036612,51.542567],[-0.036494,51.542639],[-0.036411,51.542684],[-0.036138,51.542849],[-0.036037,51.542908],[-0.035969,51.542947],[-0.035952,51.542955],[-0.035865,51.543004],[-0.035818,51.543028],[-0.035684,51.543103],[-0.035642,51.543124],[-0.035616,51.543139],[-0.035426,51.543235],[-0.035176,51.543356],[-0.034773,51.543543],[-0.034647,51.543603],[-0.034573,51.543654],[-0.034471,51.543732],[-0.034452,51.543744],[-0.034418,51.543772],[-0.034384,51.543796],[-0.034219,51.543932],[-0.034187,51.543955],[-0.034129,51.544005],[-0.033755,51.544308],[-0.033576,51.544468],[-0.03341,51.54462],[-0.033391,51.544634],[-0.033369,51.544642],[-0.033324,51.544662],[-0.033293,51.544672],[-0.033273,51.544673],[-0.033256,51.544678],[-0.033219,51.544684],[-0.033148,51.544686],[-0.032945,51.544632],[-0.03292,51.544619],[-0.031973,51.54406],[-0.031723,51.543915],[-0.031558,51.543817],[-0.03113,51.543571],[-0.031051,51.543528],[-0.031015,51.543512],[-0.030961,51.543493],[-0.030905,51.543478],[-0.030618,51.543404],[-0.030517,51.543381],[-0.030201,51.543298],[-0.029981,51.543244],[-0.029915,51.543226],[-0.029713,51.543154],[-0.029581,51.54309],[-0.029588,51.543051],[-0.029537,51.543025],[-0.029487,51.543021],[-0.029464,51.542995],[-0.029266,51.542709],[-0.029202,51.542621],[-0.029197,51.542607],[-0.029174,51.542582],[-0.029163,51.542559],[-0.02915,51.542542],[-0.029087,51.542427],[-0.029066,51.54238],[-0.02904,51.542316],[-0.029034,51.542318],[-0.029019,51.542271],[-0.028883,51.542299],[-0.028773,51.542326],[-0.028333,51.542425],[-0.028014,51.5425],[-0.027739,51.54257],[-0.027597,51.54261],[-0.027103,51.542742],[-0.026697,51.542847],[-0.026507,51.5429],[-0.026156,51.543024],[-0.026002,51.54308],[-0.025907,51.543119],[-0.025793,51.543169],[-0.02572,51.543209],[-0.025699,51.543223],[-0.025679,51.543233],[-0.025626,51.543292],[-0.025614,51.543317],[-0.025612,51.543337],[-0.025543,51.54334],[-0.025534,51.543314],[-0.025516,51.543294],[-0.025378,51.543232],[-0.025349,51.543233],[-0.025225,51.54324],[-0.02511,51.543244],[-0.024896,51.543257],[-0.024815,51.543259],[-0.024579,51.543271],[-0.024509,51.543273],[-0.023085,51.543342],[-0.023089,51.543377],[-0.022612,51.543397],[-0.02242,51.543403],[-0.022373,51.543406],[-0.022369,51.543413],[-0.022313,51.543484],[-0.0223,51.543485],[-0.022202,51.543491],[-0.022116,51.543493],[-0.021861,51.543506],[-0.021765,51.543509],[-0.021333,51.543531],[-0.020666,51.543561],[-0.020031,51.543581],[-0.019932,51.54358],[-0.019818,51.543581],[-0.019497,51.543577],[-0.019494,51.543574],[-0.019285,51.543575],[-0.018553,51.543548],[-0.018354,51.543531],[-0.018364,51.543493],[-0.018333,51.543489],[-0.018278,51.543513],[-0.018085,51.543496],[-0.017966,51.543475],[-0.017862,51.543466],[-0.017629,51.543441],[-0.017302,51.543411],[-0.017201,51.5434],[-0.017018,51.543384],[-0.016917,51.54336],[-0.016804,51.543338],[-0.016794,51.543339],[-0.016792,51.543365],[-0.016577,51.543328],[-0.016579,51.54335],[-0.016566,51.543464],[-0.016544,51.543574],[-0.016536,51.543741],[-0.016536,51.543886],[-0.016546,51.543977],[-0.016571,51.544128],[-0.016596,51.544206],[-0.016654,51.544348],[-0.016714,51.544445],[-0.016774,51.544574],[-0.016804,51.544687],[-0.01683,51.544814],[-0.016851,51.544966],[-0.016877,51.54503],[-0.016902,51.545129],[-0.016909,51.545276],[-0.016939,51.545496],[-0.016973,51.545773],[-0.017003,51.545977],[-0.01703,51.546065],[-0.017091,51.546303],[-0.017365,51.547155],[-0.017406,51.547326],[-0.017456,51.547491],[-0.017491,51.547597],[-0.017523,51.547687],[-0.017556,51.547768],[-0.017593,51.547844],[-0.017648,51.547944],[-0.017734,51.548078],[-0.017777,51.548148],[-0.017831,51.548246],[-0.017934,51.548387],[-0.017995,51.548484],[-0.01816,51.548852],[-0.018222,51.549],[-0.018355,51.54939],[-0.018431,51.549534],[-0.01852,51.549691],[-0.01864,51.549881],[-0.01869,51.54997],[-0.018737,51.550045],[-0.018797,51.550155],[-0.018847,51.550227],[-0.018891,51.550313],[-0.018944,51.550451],[-0.018963,51.550533],[-0.018967,51.550634],[-0.01896,51.550718],[-0.018941,51.550824],[-0.018889,51.551086],[-0.018868,51.551158],[-0.018856,51.551224],[-0.018853,51.551292],[-0.018861,51.551331],[-0.018895,51.551444],[-0.018938,51.551521],[-0.018987,51.551578],[-0.019011,51.551594],[-0.01842,51.551585],[-0.018331,51.551582],[-0.018075,51.551579],[-0.017938,51.551575],[-0.017353,51.551568],[-0.017202,51.551576],[-0.017199,51.55162],[-0.017207,51.551744],[-0.01723,51.551942],[-0.017307,51.552387],[-0.017376,51.552738],[-0.017479,51.553192],[-0.017509,51.553339],[-0.017653,51.553652],[-0.017789,51.553921],[-0.017956,51.554219],[-0.018074,51.554073],[-0.018076,51.554086],[-0.018161,51.554321],[-0.018492,51.555183],[-0.019275,51.55554],[-0.021221,51.556438],[-0.023034,51.557271],[-0.023968,51.557368],[-0.023974,51.557477],[-0.024022,51.557651],[-0.024059,51.557832],[-0.024083,51.557925],[-0.024186,51.558221],[-0.02432,51.558557],[-0.024366,51.558637],[-0.02456,51.558881],[-0.024769,51.55908],[-0.024931,51.559222],[-0.025144,51.559389],[-0.025629,51.559753],[-0.025764,51.55985],[-0.025806,51.559874],[-0.025955,51.559952],[-0.026424,51.560166],[-0.026755,51.560314],[-0.027034,51.560443],[-0.027246,51.560544],[-0.027568,51.560689],[-0.027759,51.560771],[-0.027879,51.560808],[-0.027928,51.560825],[-0.028132,51.560905],[-0.028245,51.560954],[-0.028418,51.561019],[-0.028771,51.56114],[-0.028898,51.561176],[-0.029048,51.561233],[-0.029149,51.561266],[-0.029268,51.561295],[-0.029403,51.56132],[-0.029583,51.561333],[-0.029731,51.561346],[-0.030036,51.561359],[-0.030178,51.561352],[-0.03034,51.561333],[-0.030548,51.561304],[-0.030654,51.561282],[-0.030815,51.561239],[-0.030928,51.561213],[-0.030984,51.561195],[-0.031164,51.561134],[-0.031295,51.561087],[-0.031451,51.56102],[-0.031764,51.560894],[-0.031807,51.560873],[-0.032016,51.56081],[-0.032165,51.560777],[-0.032441,51.560706],[-0.032608,51.560668],[-0.032685,51.560654],[-0.032833,51.560632],[-0.033081,51.560615],[-0.033198,51.560615],[-0.033313,51.560618],[-0.033516,51.56064],[-0.033603,51.560655],[-0.033678,51.56067],[-0.033993,51.560757],[-0.034064,51.560781],[-0.034237,51.56085],[-0.034315,51.560888],[-0.034406,51.560927],[-0.03453,51.56098],[-0.034666,51.561035],[-0.034947,51.561154],[-0.035208,51.561246],[-0.035382,51.561294],[-0.035472,51.561316],[-0.035578,51.561345],[-0.035762,51.561387],[-0.035957,51.561424],[-0.03605,51.56144],[-0.03619,51.561461],[-0.036314,51.561474],[-0.036431,51.561484],[-0.036579,51.561494],[-0.036668,51.561498],[-0.036748,51.561494],[-0.036962,51.561469],[-0.03707,51.561454],[-0.037241,51.56142],[-0.03795,51.561216],[-0.03816,51.561176],[-0.038265,51.561164],[-0.038398,51.561158],[-0.038562,51.561158],[-0.038604,51.561161],[-0.038653,51.561168],[-0.038689,51.561169],[-0.038717,51.561168],[-0.038811,51.561158],[-0.038847,51.561157],[-0.038882,51.561159],[-0.038916,51.561164],[-0.039002,51.561182],[-0.03904,51.561194],[-0.039105,51.561221],[-0.039261,51.561319],[-0.03943,51.561436],[-0.039479,51.561464],[-0.039542,51.561507],[-0.039662,51.561579],[-0.039839,51.561679],[-0.039971,51.561731],[-0.040045,51.561756],[-0.040101,51.561767],[-0.040163,51.561777],[-0.040203,51.561781],[-0.040257,51.561784],[-0.040315,51.56178],[-0.040477,51.561764],[-0.04061,51.561743],[-0.040741,51.561717],[-0.041079,51.561614],[-0.041714,51.561443],[-0.041888,51.561414],[-0.042193,51.561381],[-0.04239,51.561367],[-0.042539,51.56138],[-0.042687,51.561402],[-0.042836,51.561439],[-0.043204,51.561545],[-0.043677,51.561698],[-0.043721,51.56171],[-0.043764,51.561718],[-0.043853,51.561724],[-0.044019,51.561731],[-0.044179,51.561736],[-0.044223,51.561735],[-0.044273,51.561732],[-0.044323,51.561725],[-0.044467,51.561691],[-0.044497,51.561687],[-0.044579,51.561683],[-0.044653,51.561684],[-0.044723,51.561687],[-0.044805,51.561694],[-0.044881,51.561705],[-0.045047,51.561741],[-0.045104,51.561758],[-0.045157,51.561788],[-0.045175,51.561799],[-0.045322,51.561901],[-0.045564,51.562061],[-0.045579,51.562074],[-0.045605,51.562104],[-0.045665,51.562178],[-0.045707,51.562214],[-0.045751,51.562243],[-0.045787,51.562257],[-0.045857,51.562276],[-0.045925,51.562289],[-0.046082,51.562313],[-0.046253,51.562334],[-0.046422,51.562351],[-0.046587,51.562361],[-0.046839,51.562463],[-0.046959,51.562515],[-0.047106,51.562591],[-0.047239,51.562672],[-0.047275,51.562705],[-0.0473,51.562735],[-0.04732,51.562763],[-0.047343,51.562818],[-0.047353,51.562857],[-0.047358,51.562905],[-0.047351,51.562979],[-0.047314,51.563112],[-0.04727,51.563188],[-0.047192,51.563288],[-0.047152,51.563335],[-0.04706,51.563424],[-0.046898,51.563563],[-0.046854,51.563612],[-0.046756,51.563729],[-0.046689,51.563843],[-0.046659,51.563917],[-0.046643,51.563983],[-0.046634,51.564072],[-0.046642,51.564234],[-0.046683,51.564375],[-0.047106,51.564857],[-0.047325,51.565101],[-0.047438,51.565213],[-0.047544,51.565289],[-0.048067,51.565563],[-0.048258,51.565661],[-0.048496,51.56582],[-0.048682,51.565963],[-0.048838,51.566103],[-0.049082,51.566336],[-0.049255,51.566487],[-0.049453,51.56661],[-0.049989,51.566924],[-0.050191,51.567059],[-0.0507,51.567434],[-0.050864,51.567551],[-0.051021,51.567652],[-0.051173,51.567729],[-0.051254,51.567761],[-0.051615,51.567896],[-0.052111,51.568088],[-0.052421,51.568211],[-0.052464,51.568231],[-0.05258,51.568276],[-0.05279,51.568376],[-0.052906,51.568428],[-0.053038,51.568493],[-0.053314,51.568658],[-0.053384,51.568707],[-0.053467,51.5688],[-0.053488,51.568862],[-0.053537,51.56899],[-0.053826,51.569508],[-0.053962,51.569737],[-0.05413,51.569996],[-0.054265,51.570181],[-0.054298,51.570216],[-0.054381,51.570284],[-0.054443,51.570325],[-0.0545,51.570359],[-0.054558,51.570391],[-0.054623,51.570421],[-0.054716,51.570456],[-0.054804,51.570481],[-0.054907,51.570503],[-0.054979,51.570514],[-0.055047,51.570517],[-0.055259,51.570518],[-0.05536,51.57052],[-0.055549,51.570527],[-0.055647,51.570535],[-0.055986,51.570575],[-0.056054,51.57059],[-0.056152,51.570618],[-0.056251,51.570659],[-0.056342,51.57071],[-0.05644,51.570776],[-0.056517,51.570838],[-0.05658,51.570915],[-0.056624,51.570979],[-0.056682,51.571081],[-0.056776,51.571304],[-0.056798,51.571339],[-0.056874,51.571413],[-0.056932,51.571462],[-0.057124,51.571612],[-0.057734,51.572049],[-0.05806,51.572268],[-0.058356,51.572472],[-0.058458,51.572563],[-0.058508,51.572623],[-0.058554,51.572711],[-0.058613,51.572885],[-0.058687,51.573195],[-0.058743,51.573503],[-0.058865,51.573755],[-0.0592,51.574281],[-0.059386,51.574529],[-0.059591,51.574784],[-0.05972,51.574961],[-0.05991,51.575246],[-0.06016,51.575639],[-0.060194,51.575734],[-0.060472,51.576289],[-0.060812,51.577126],[-0.060927,51.57734],[-0.061184,51.577784]]]]},"properties":{"entry-date":"2026-09-10","start-date":"2018-05-14","end-date":"2020-09-30","entity":7010010667,"name":"Whole of the London Borough of Hackney","dataset":"article-4-direction-area","typology":"geography","reference":"A4D-2017-LIGHT-INDUSTRIAL-TO-RESIDENTIAL-A01","prefix":"article-4-direction-area","organisation-entity":163,"quality":"some","notes":"Geometry from Hackney GeoServer WFS layer planning:a4d_light_industrial_to_residential (map2.hackney.gov.uk, downloaded 2026-09-10). WFS feature prinx 1.","article-4-direction":"A4D-2017-LIGHT-INDUSTRIAL-TO-RESIDENTIAL","permitted-development-rights":"3PA","in_zone":true,"whole_in_zone":false,"in_cw":false}},
{"type":"Feature","geometry":{"type":"MultiPolygon","coordinates":[[[[-0.061184,51.577784],[-0.061429,51.577738],[-0.061721,51.577679],[-0.06172,51.577673],[-0.061989,51.577618],[-0.061982,51.577602],[-0.062121,51.577574],[-0.062118,51.577571],[-0.06234,51.577526],[-0.062342,51.577529],[-0.062488,51.577499],[-0.062484,51.577487],[-0.062517,51.577481],[-0.06252,51.577488],[-0.062735,51.577444],[-0.062753,51.577442],[-0.062749,51.577432],[-0.062783,51.577425],[-0.062788,51.577435],[-0.062939,51.577404],[-0.062938,51.577401],[-0.063048,51.577378],[-0.06317,51.577354],[-0.063172,51.577357],[-0.063315,51.577327],[-0.063308,51.577313],[-0.063346,51.577306],[-0.063349,51.577316],[-0.063599,51.577266],[-0.063675,51.577253],[-0.063817,51.577222],[-0.063816,51.57722],[-0.064071,51.577172],[-0.064087,51.577195],[-0.064418,51.57711],[-0.064624,51.577025],[-0.064922,51.576973],[-0.066219,51.576736],[-0.066394,51.57671],[-0.066774,51.576642],[-0.066774,51.576515],[-0.066776,51.576437],[-0.066743,51.576393],[-0.066755,51.576341],[-0.067089,51.576302],[-0.067276,51.576276],[-0.067656,51.576237],[-0.067657,51.576239],[-0.067792,51.576224],[-0.067838,51.576218],[-0.06825,51.576151],[-0.068281,51.576149],[-0.068667,51.576101],[-0.068727,51.576095],[-0.068926,51.576065],[-0.069111,51.576033],[-0.069878,51.575894],[-0.070024,51.575869],[-0.070522,51.575793],[-0.07055,51.57579],[-0.070566,51.575784],[-0.070764,51.575727],[-0.070998,51.575694],[-0.071149,51.575678],[-0.071148,51.575675],[-0.071413,51.575648],[-0.071412,51.575646],[-0.071875,51.575606],[-0.071907,51.575712],[-0.072225,51.575667],[-0.072232,51.575663],[-0.072543,51.575611],[-0.072803,51.575656],[-0.072857,51.575656],[-0.072945,51.575649],[-0.07311,51.575631],[-0.073227,51.57562],[-0.073455,51.575609],[-0.073528,51.575603],[-0.073532,51.575623],[-0.073625,51.575619],[-0.073636,51.575707],[-0.073764,51.575701],[-0.07376,51.575671],[-0.073905,51.575655],[-0.074376,51.575613],[-0.07439,51.575682],[-0.074452,51.575676],[-0.074433,51.575606],[-0.074854,51.575562],[-0.074854,51.575566],[-0.075172,51.575535],[-0.075188,51.575507],[-0.075205,51.575464],[-0.075209,51.575448],[-0.075218,51.575386],[-0.075217,51.575372],[-0.075213,51.575361],[-0.075208,51.575328],[-0.075232,51.575329],[-0.075324,51.575325],[-0.075809,51.575491],[-0.075919,51.575336],[-0.075949,51.575299],[-0.075981,51.575256],[-0.076035,51.575192],[-0.076062,51.575165],[-0.076084,51.575138],[-0.07612,51.575103],[-0.076223,51.574983],[-0.076268,51.574933],[-0.076641,51.574994],[-0.076842,51.575029],[-0.076843,51.575025],[-0.077094,51.575072],[-0.077073,51.575113],[-0.077068,51.575112],[-0.077057,51.575137],[-0.077189,51.575163],[-0.077558,51.575231],[-0.077582,51.575182],[-0.078045,51.575271],[-0.078036,51.575288],[-0.078812,51.575412],[-0.078916,51.575425],[-0.079181,51.57545],[-0.07935,51.575469],[-0.079859,51.575509],[-0.079855,51.575536],[-0.080758,51.575582],[-0.080865,51.575586],[-0.080864,51.575637],[-0.081343,51.575546],[-0.081342,51.575544],[-0.081431,51.575527],[-0.081461,51.575524],[-0.081637,51.575494],[-0.082091,51.575414],[-0.082128,51.575397],[-0.082197,51.575373],[-0.082315,51.575349],[-0.082453,51.575332],[-0.082612,51.575316],[-0.082779,51.575308],[-0.082828,51.575302],[-0.082894,51.575291],[-0.083466,51.575206],[-0.08379,51.575165],[-0.083792,51.575183],[-0.084032,51.575166],[-0.084034,51.575171],[-0.084111,51.575166],[-0.08423,51.575157],[-0.084389,51.575142],[-0.084512,51.575133],[-0.084539,51.575135],[-0.084918,51.57511],[-0.085529,51.575054],[-0.085684,51.575038],[-0.085743,51.574978],[-0.085773,51.57495],[-0.085857,51.574879],[-0.086461,51.574785],[-0.08678,51.574741],[-0.087058,51.574711],[-0.087226,51.574696],[-0.087269,51.574695],[-0.087213,51.574583],[-0.087176,51.574502],[-0.087118,51.574501],[-0.086985,51.574459],[-0.086938,51.574431],[-0.086897,51.574397],[-0.086885,51.574382],[-0.086874,51.574358],[-0.08687,51.574339],[-0.086884,51.574298],[-0.086972,51.574315],[-0.087181,51.574346],[-0.087381,51.574372],[-0.087632,51.574399],[-0.087678,51.574401],[-0.087786,51.574402],[-0.087857,51.574399],[-0.088018,51.574387],[-0.088215,51.574358],[-0.088319,51.574341],[-0.08852,51.574322],[-0.08861,51.574318],[-0.08876,51.574322],[-0.088912,51.574332],[-0.089421,51.574382],[-0.089544,51.57439],[-0.08966,51.574396],[-0.089836,51.574394],[-0.090027,51.574378],[-0.090285,51.574334],[-0.09039,51.57431],[-0.091084,51.574078],[-0.091264,51.574029],[-0.091354,51.574008],[-0.091426,51.573995],[-0.091467,51.57399],[-0.091613,51.573977],[-0.091804,51.573968],[-0.09207,51.573962],[-0.092103,51.573963],[-0.092183,51.573967],[-0.092218,51.573974],[-0.092589,51.574012],[-0.092847,51.574032],[-0.092943,51.574037],[-0.093039,51.574035],[-0.093261,51.574013],[-0.093507,51.573982],[-0.093695,51.573951],[-0.093786,51.573929],[-0.093883,51.573898],[-0.094192,51.573787],[-0.094306,51.573744],[-0.094687,51.573595],[-0.094721,51.573587],[-0.094769,51.573585],[-0.095106,51.573604],[-0.095347,51.573624],[-0.095631,51.573653],[-0.095943,51.573702],[-0.096126,51.573739],[-0.096294,51.573781],[-0.096576,51.573822],[-0.096627,51.573827],[-0.096755,51.573826],[-0.096842,51.573821],[-0.096962,51.573809],[-0.097077,51.573789],[-0.09737,51.573721],[-0.097565,51.573663],[-0.097768,51.573621],[-0.097625,51.573304],[-0.097601,51.573257],[-0.09757,51.573186],[-0.09753,51.573085],[-0.097481,51.572975],[-0.097452,51.572919],[-0.097191,51.572468],[-0.097159,51.572408],[-0.097104,51.572311],[-0.097027,51.572158],[-0.09686,51.571818],[-0.096813,51.571728],[-0.096804,51.571705],[-0.096791,51.571636],[-0.09678,51.571613],[-0.096758,51.571578],[-0.096721,51.571528],[-0.09667,51.571468],[-0.096478,51.571159],[-0.096341,51.570958],[-0.096321,51.570919],[-0.096241,51.570824],[-0.096073,51.57067],[-0.096049,51.570653],[-0.09622,51.570538],[-0.096309,51.570475],[-0.096851,51.570054],[-0.097597,51.569486],[-0.098113,51.569101],[-0.098263,51.568987],[-0.098464,51.568834],[-0.098915,51.568485],[-0.099406,51.568116],[-0.099694,51.567902],[-0.10012,51.567577],[-0.100363,51.567388],[-0.10075,51.567091],[-0.100964,51.56694],[-0.101124,51.566829],[-0.101299,51.566717],[-0.101487,51.566597],[-0.101642,51.566503],[-0.101776,51.566418],[-0.1019,51.566337],[-0.102097,51.566213],[-0.102475,51.56597],[-0.10267,51.565843],[-0.103262,51.565473],[-0.103716,51.565181],[-0.104004,51.564998],[-0.104195,51.564879],[-0.104307,51.564812],[-0.104448,51.564739],[-0.104509,51.56471],[-0.104235,51.564558],[-0.103881,51.564348],[-0.103747,51.564267],[-0.103393,51.564046],[-0.102884,51.563734],[-0.102575,51.563549],[-0.102525,51.563517],[-0.102336,51.563407],[-0.102264,51.563361],[-0.101981,51.563151],[-0.101823,51.563036],[-0.101723,51.562958],[-0.10159,51.562859],[-0.101507,51.562801],[-0.101466,51.562776],[-0.101427,51.562756],[-0.101208,51.562657],[-0.101085,51.562589],[-0.101014,51.562545],[-0.100376,51.562104],[-0.099906,51.561785],[-0.099607,51.561571],[-0.09948,51.561485],[-0.09924,51.561311],[-0.098794,51.560998],[-0.098699,51.560919],[-0.098636,51.560852],[-0.098612,51.560812],[-0.097077,51.561051],[-0.096657,51.561121],[-0.096083,51.561214],[-0.096043,51.561213],[-0.095837,51.561178],[-0.094767,51.560958],[-0.094723,51.560951],[-0.094647,51.560932],[-0.094572,51.560909],[-0.094509,51.560886],[-0.094326,51.56081],[-0.09405,51.560692],[-0.093986,51.560663],[-0.093691,51.560515],[-0.093636,51.560492],[-0.093623,51.560488],[-0.093614,51.560486],[-0.093357,51.56049],[-0.09332,51.560489],[-0.093301,51.560486],[-0.093218,51.560482],[-0.092849,51.560444],[-0.092663,51.560405],[-0.092629,51.560394],[-0.092386,51.560324],[-0.092145,51.560267],[-0.092086,51.560258],[-0.092003,51.560248],[-0.091942,51.560237],[-0.091811,51.560218],[-0.091743,51.560199],[-0.091602,51.560165],[-0.091587,51.560105],[-0.091566,51.560068],[-0.091377,51.559765],[-0.091316,51.559662],[-0.091258,51.559573],[-0.091189,51.559463],[-0.091089,51.559313],[-0.091067,51.559275],[-0.090989,51.55915],[-0.090838,51.558897],[-0.090757,51.558726],[-0.090476,51.558119],[-0.090409,51.557971],[-0.09036,51.557872],[-0.090335,51.55784],[-0.090307,51.557821],[-0.090287,51.557813],[-0.090367,51.557752],[-0.090375,51.557743],[-0.090405,51.557694],[-0.090423,51.557661],[-0.090426,51.557655],[-0.090428,51.557645],[-0.090427,51.557612],[-0.090422,51.557562],[-0.090371,51.557189],[-0.090362,51.557103],[-0.090343,51.556952],[-0.090334,51.556828],[-0.090333,51.556738],[-0.090325,51.55657],[-0.090301,51.556261],[-0.090286,51.556133],[-0.090275,51.556024],[-0.090273,51.555991],[-0.090274,51.555929],[-0.090278,51.555862],[-0.090282,51.555741],[-0.090285,51.555608],[-0.090284,51.555557],[-0.090286,51.55552],[-0.090291,51.555441],[-0.0903,51.555338],[-0.090322,51.555123],[-0.090323,51.555098],[-0.090332,51.555007],[-0.090343,51.554817],[-0.090371,51.554423],[-0.090383,51.554149],[-0.090227,51.554137],[-0.09004,51.554126],[-0.089908,51.55408],[-0.08989,51.554075],[-0.089821,51.554047],[-0.089734,51.554017],[-0.089637,51.553977],[-0.089611,51.553964],[-0.089554,51.553927],[-0.089508,51.553896],[-0.089436,51.55384],[-0.089356,51.553776],[-0.089313,51.553739],[-0.089067,51.553804],[-0.088642,51.55392],[-0.088581,51.553939],[-0.08842,51.553742],[-0.08807,51.5533],[-0.087916,51.55313],[-0.087801,51.553007],[-0.087782,51.55299],[-0.087728,51.552933],[-0.087611,51.552855],[-0.087553,51.552821],[-0.087497,51.552791],[-0.087384,51.552756],[-0.087361,51.552747],[-0.087297,51.552729],[-0.087136,51.552688],[-0.087084,51.552677],[-0.087024,51.552661],[-0.086758,51.552611],[-0.086723,51.552603],[-0.086652,51.552592],[-0.086551,51.552569],[-0.086369,51.552532],[-0.086301,51.552508],[-0.086207,51.55247],[-0.085857,51.552306],[-0.085789,51.552271],[-0.085729,51.552244],[-0.085609,51.552195],[-0.08556,51.552173],[-0.085425,51.552132],[-0.085383,51.552124],[-0.08519,51.552101],[-0.084934,51.552066],[-0.084633,51.552052],[-0.083801,51.552132],[-0.083593,51.552149],[-0.083448,51.55215],[-0.083246,51.552138],[-0.082764,51.552104],[-0.082444,51.552088],[-0.082186,51.552072],[-0.081969,51.552062],[-0.081178,51.551992],[-0.080677,51.551943],[-0.080348,51.551916],[-0.080128,51.551892],[-0.080041,51.551881],[-0.079963,51.551867],[-0.079897,51.551853],[-0.079778,51.551823],[-0.079654,51.551786],[-0.079562,51.551752],[-0.079466,51.551697],[-0.079405,51.551658],[-0.079361,51.551628],[-0.079278,51.551562],[-0.078992,51.551289],[-0.078887,51.551181],[-0.078806,51.551093],[-0.078751,51.551029],[-0.078717,51.550985],[-0.078681,51.550927],[-0.07866,51.550899],[-0.07861,51.550813],[-0.078573,51.550745],[-0.078483,51.550598],[-0.078421,51.5505],[-0.078299,51.550316],[-0.078252,51.550239],[-0.078001,51.549851],[-0.077964,51.549797],[-0.077936,51.549752],[-0.077853,51.549644],[-0.077711,51.549491],[-0.077571,51.549322],[-0.077103,51.548727],[-0.077062,51.548679],[-0.076965,51.548549],[-0.076899,51.548447],[-0.076809,51.548296],[-0.076737,51.548169],[-0.076718,51.548132],[-0.07668,51.548037],[-0.076657,51.547985],[-0.076603,51.54787],[-0.076586,51.547838],[-0.076473,51.547533],[-0.076395,51.547304],[-0.076353,51.547202],[-0.076358,51.547172],[-0.076363,51.547156],[-0.076391,51.54712],[-0.076401,51.547098],[-0.076406,51.547072],[-0.0764,51.546998],[-0.076368,51.546699],[-0.076358,51.546579],[-0.076332,51.546364],[-0.076351,51.546313],[-0.076439,51.546277],[-0.076646,51.546177],[-0.076698,51.546112],[-0.076712,51.546085],[-0.076723,51.546068],[-0.077055,51.546093],[-0.077362,51.546123],[-0.078047,51.546203],[-0.078157,51.546213],[-0.0783,51.546222],[-0.078844,51.546266],[-0.07966,51.546338],[-0.07983,51.54635],[-0.080239,51.546383],[-0.082193,51.546512],[-0.082721,51.54654],[-0.083265,51.546573],[-0.083397,51.546574],[-0.083628,51.546582],[-0.083816,51.546583],[-0.083787,51.546348],[-0.083715,51.545888],[-0.083667,51.545637],[-0.083595,51.54523],[-0.083596,51.545201],[-0.083603,51.545171],[-0.08362,51.54513],[-0.084011,51.544101],[-0.084159,51.543721],[-0.084329,51.543265],[-0.084417,51.543035],[-0.084476,51.542873],[-0.084556,51.542668],[-0.08466,51.542391],[-0.08497,51.541581],[-0.085148,51.541123],[-0.085488,51.540237],[-0.085661,51.539792],[-0.085807,51.539409],[-0.086058,51.53872],[-0.086233,51.538247],[-0.086429,51.537734],[-0.086488,51.537551],[-0.086497,51.537518],[-0.086551,51.537446],[-0.086586,51.537416],[-0.086585,51.537404],[-0.08659,51.537342],[-0.08659,51.5373],[-0.086604,51.537298],[-0.086709,51.537297],[-0.086839,51.537283],[-0.087347,51.537151],[-0.08752,51.537101],[-0.08757,51.537085],[-0.08762,51.537064],[-0.087674,51.537036],[-0.08834,51.536718],[-0.088569,51.536606],[-0.088602,51.536592],[-0.088624,51.536578],[-0.089483,51.536143],[-0.08982,51.535996],[-0.089932,51.535942],[-0.08994,51.535946],[-0.090309,51.535771],[-0.090421,51.535723],[-0.090424,51.535724],[-0.09059,51.535644],[-0.090584,51.535641],[-0.090839,51.535522],[-0.091505,51.535206],[-0.091556,51.535183],[-0.091518,51.535154],[-0.091568,51.535129],[-0.091576,51.535132],[-0.091594,51.535122],[-0.09159,51.53512],[-0.091644,51.535066],[-0.091874,51.534959],[-0.09193,51.535005],[-0.091973,51.534986],[-0.091952,51.534967],[-0.092229,51.534837],[-0.092838,51.534541],[-0.093003,51.534464],[-0.093172,51.534398],[-0.093272,51.534355],[-0.093974,51.534065],[-0.094165,51.533983],[-0.094366,51.533906],[-0.094514,51.533853],[-0.094519,51.533856],[-0.094804,51.53375],[-0.095047,51.533658],[-0.095052,51.533651],[-0.095659,51.533422],[-0.096007,51.5333],[-0.096406,51.533169],[-0.096579,51.533118],[-0.096991,51.533005],[-0.097059,51.533001],[-0.097006,51.532923],[-0.096883,51.53275],[-0.096058,51.531555],[-0.095937,51.531373],[-0.095845,51.531228],[-0.095534,51.530779],[-0.095406,51.53059],[-0.09531,51.530435],[-0.095217,51.530261],[-0.095166,51.530159],[-0.095149,51.53012],[-0.09513,51.530082],[-0.09512,51.530053],[-0.095099,51.529972],[-0.09509,51.529904],[-0.095089,51.529879],[-0.095092,51.529856],[-0.09509,51.529838],[-0.095092,51.529814],[-0.09511,51.52972],[-0.095121,51.52969],[-0.095183,51.529553],[-0.095378,51.529243],[-0.095399,51.529204],[-0.094203,51.528897],[-0.093607,51.528747],[-0.09217,51.528376],[-0.091854,51.528298],[-0.090999,51.528074],[-0.090945,51.528062],[-0.090661,51.527991],[-0.09025,51.527878],[-0.089849,51.527781],[-0.089516,51.527684],[-0.089345,51.527642],[-0.089075,51.527566],[-0.088859,51.527494],[-0.088758,51.527451],[-0.088718,51.527429],[-0.088649,51.527383],[-0.088559,51.527315],[-0.088525,51.527285],[-0.08848,51.527244],[-0.088379,51.527144],[-0.088228,51.526938],[-0.088189,51.526888],[-0.088159,51.52684],[-0.088065,51.526698],[-0.087931,51.526417],[-0.08788,51.526304],[-0.087858,51.52624],[-0.087775,51.526179],[-0.08773,51.526152],[-0.087665,51.52612],[-0.087579,51.526072],[-0.087549,51.526057],[-0.087491,51.526016],[-0.087456,51.52601],[-0.087175,51.525893],[-0.087143,51.525879],[-0.087084,51.525849],[-0.087051,51.525828],[-0.087025,51.525804],[-0.087005,51.525778],[-0.087003,51.525766],[-0.086852,51.525803],[-0.086785,51.525816],[-0.08651,51.525898],[-0.086288,51.525947],[-0.086109,51.52599],[-0.085877,51.526048],[-0.085587,51.526123],[-0.085137,51.52622],[-0.085036,51.526236],[-0.085023,51.526197],[-0.085019,51.526178],[-0.085019,51.526171],[-0.084961,51.526008],[-0.084908,51.525838],[-0.084885,51.52578],[-0.084772,51.525428],[-0.084813,51.525406],[-0.084995,51.525287],[-0.085073,51.525201],[-0.085262,51.524908],[-0.08549,51.524537],[-0.085145,51.524456],[-0.085153,51.524431],[-0.085158,51.524316],[-0.085178,51.52423],[-0.08521,51.524066],[-0.085228,51.523943],[-0.08424,51.523928],[-0.084329,51.523595],[-0.084418,51.523254],[-0.084431,51.523036],[-0.084451,51.522752],[-0.08446,51.522679],[-0.084541,51.522299],[-0.084569,51.522131],[-0.084613,51.521967],[-0.08463,51.521914],[-0.084776,51.521519],[-0.084876,51.521271],[-0.084906,51.521178],[-0.084982,51.520973],[-0.085048,51.520803],[-0.085178,51.520508],[-0.085259,51.520347],[-0.083815,51.519933],[-0.083579,51.519862],[-0.0835,51.519842],[-0.083425,51.519827],[-0.08334,51.519817],[-0.083274,51.51982],[-0.083237,51.519825],[-0.083194,51.519836],[-0.08315,51.51985],[-0.083002,51.51993],[-0.082857,51.520015],[-0.082492,51.520259],[-0.081967,51.520604],[-0.081885,51.52067],[-0.081799,51.520744],[-0.081732,51.520813],[-0.08164,51.520928],[-0.081555,51.521043],[-0.081419,51.521271],[-0.081332,51.521431],[-0.081256,51.521579],[-0.081067,51.521971],[-0.080893,51.521931],[-0.080555,51.521836],[-0.080463,51.521815],[-0.080357,51.521799],[-0.079852,51.521709],[-0.079554,51.521659],[-0.079201,51.521605],[-0.078556,51.52151],[-0.078507,51.521563],[-0.078446,51.521641],[-0.078305,51.521845],[-0.078279,51.521901],[-0.078136,51.521882],[-0.078055,51.521866],[-0.07781,51.521942],[-0.077653,51.521987],[-0.077383,51.522059],[-0.077235,51.522095],[-0.076668,51.522183],[-0.076485,51.522045],[-0.076224,51.522183],[-0.07609,51.522495],[-0.076017,51.522649],[-0.075853,51.523082],[-0.075806,51.52308],[-0.0758,51.523196],[-0.075773,51.523555],[-0.075768,51.52368],[-0.075777,51.523723],[-0.075841,51.523959],[-0.075954,51.524338],[-0.07648,51.524306],[-0.076486,51.524317],[-0.076517,51.524549],[-0.076582,51.525067],[-0.076617,51.525404],[-0.076638,51.525627],[-0.076652,51.525721],[-0.076656,51.525822],[-0.076658,51.5262],[-0.076668,51.526345],[-0.076661,51.526403],[-0.076636,51.526448],[-0.076598,51.526481],[-0.076554,51.526531],[-0.07653,51.526563],[-0.076518,51.526588],[-0.076516,51.526608],[-0.076505,51.526651],[-0.076491,51.526695],[-0.076356,51.527045],[-0.076324,51.527141],[-0.076365,51.527146],[-0.076612,51.527187],[-0.0773,51.527304],[-0.077136,51.527375],[-0.076934,51.527482],[-0.076895,51.527506],[-0.076844,51.527534],[-0.076719,51.527612],[-0.076625,51.527676],[-0.076544,51.527734],[-0.076455,51.527802],[-0.076265,51.527959],[-0.076126,51.528071],[-0.076043,51.528132],[-0.075929,51.528212],[-0.075831,51.528284],[-0.075708,51.528386],[-0.075666,51.528427],[-0.075518,51.528578],[-0.075442,51.528668],[-0.075365,51.528766],[-0.075302,51.528855],[-0.075244,51.528946],[-0.075211,51.529004],[-0.075148,51.529102],[-0.075002,51.529343],[-0.074938,51.529444],[-0.074853,51.529561],[-0.074738,51.529715],[-0.074671,51.529789],[-0.074602,51.529851],[-0.074527,51.529909],[-0.074413,51.529995],[-0.074274,51.530092],[-0.074227,51.530119],[-0.073967,51.53025],[-0.073879,51.530286],[-0.073698,51.530354],[-0.072855,51.530656],[-0.072704,51.530699],[-0.072491,51.530765],[-0.072206,51.530846],[-0.072119,51.530868],[-0.072061,51.530879],[-0.071957,51.530895],[-0.071732,51.530924],[-0.071639,51.530934],[-0.071536,51.530941],[-0.071167,51.530962],[-0.070662,51.530981],[-0.069601,51.531029],[-0.069105,51.53104],[-0.068926,51.531045],[-0.06866,51.531055],[-0.068226,51.531067],[-0.067703,51.531093],[-0.067512,51.531106],[-0.06699,51.53115],[-0.066393,51.531206],[-0.06628,51.531219],[-0.066279,51.53123],[-0.066272,51.531252],[-0.066264,51.531288],[-0.066245,51.531392],[-0.06623,51.53144],[-0.066138,51.5316],[-0.065989,51.531848],[-0.06597,51.531883],[-0.065724,51.532297],[-0.065524,51.532644],[-0.065491,51.532705],[-0.065386,51.532887],[-0.065253,51.533111],[-0.065209,51.533143],[-0.065189,51.533154],[-0.065174,51.533159],[-0.065168,51.533156],[-0.065162,51.533152],[-0.065141,51.533131],[-0.065136,51.533124],[-0.065092,51.533039],[-0.065069,51.532988],[-0.065049,51.532931],[-0.065036,51.532903],[-0.064854,51.532923],[-0.064764,51.532937],[-0.064609,51.532952],[-0.064567,51.532958],[-0.064224,51.532995],[-0.064142,51.533008],[-0.064071,51.533014],[-0.063995,51.533024],[-0.063952,51.533027],[-0.063855,51.533039],[-0.063612,51.533065],[-0.063542,51.533069],[-0.063393,51.533083],[-0.063181,51.53311],[-0.063104,51.533116],[-0.062971,51.533131],[-0.062845,51.533143],[-0.062728,51.533158],[-0.062526,51.533193],[-0.06244,51.533202],[-0.062393,51.53321],[-0.062378,51.533215],[-0.062315,51.533225],[-0.062269,51.533238],[-0.062217,51.533258],[-0.062273,51.533344],[-0.06234,51.533412],[-0.062379,51.533471],[-0.062404,51.533502],[-0.062435,51.533562],[-0.062488,51.533654],[-0.062687,51.533984],[-0.062707,51.53403],[-0.062733,51.534076],[-0.062763,51.534147],[-0.062794,51.534234],[-0.062816,51.534373],[-0.062814,51.534426],[-0.062832,51.534606],[-0.062864,51.534822],[-0.062883,51.534891],[-0.062887,51.534917],[-0.062887,51.534941],[-0.062873,51.534971],[-0.062844,51.535011],[-0.062799,51.535081],[-0.06279,51.5351],[-0.062774,51.535123],[-0.062757,51.535142],[-0.062637,51.535301],[-0.062542,51.535432],[-0.062461,51.535531],[-0.062357,51.535514],[-0.062317,51.535504],[-0.062181,51.535461],[-0.062002,51.535417],[-0.061935,51.535396],[-0.061891,51.53538],[-0.061818,51.535349],[-0.061763,51.535321],[-0.061701,51.535287],[-0.061603,51.535228],[-0.061524,51.535172],[-0.061213,51.534912],[-0.060978,51.534708],[-0.060873,51.53462],[-0.06076,51.534531],[-0.06065,51.534455],[-0.060553,51.534393],[-0.060492,51.53436],[-0.06042,51.534316],[-0.060357,51.534284],[-0.060327,51.534271],[-0.060254,51.534244],[-0.0601,51.534195],[-0.060022,51.534179],[-0.059807,51.534146],[-0.059656,51.534119],[-0.059503,51.534104],[-0.059402,51.534096],[-0.059327,51.534094],[-0.058997,51.534094],[-0.058904,51.534096],[-0.058827,51.5341],[-0.058739,51.534108],[-0.058341,51.534155],[-0.058252,51.534167],[-0.058183,51.53418],[-0.058098,51.534197],[-0.057962,51.53423],[-0.057886,51.534251],[-0.05775,51.534297],[-0.057671,51.534315],[-0.057094,51.534482],[-0.057071,51.53449],[-0.056879,51.534582],[-0.056775,51.534629],[-0.056697,51.534658],[-0.056486,51.534729],[-0.056375,51.534761],[-0.055835,51.534925],[-0.05571,51.534961],[-0.055373,51.535047],[-0.055242,51.535078],[-0.055115,51.535102],[-0.055054,51.53511],[-0.054984,51.535109],[-0.054886,51.535117],[-0.054825,51.535126],[-0.054714,51.535152],[-0.054661,51.535158],[-0.054616,51.535161],[-0.054482,51.535166],[-0.054401,51.535166],[-0.054299,51.535162],[-0.054144,51.535153],[-0.053869,51.535132],[-0.0537,51.535112],[-0.053585,51.535094],[-0.053482,51.535076],[-0.053256,51.535028],[-0.052884,51.534938],[-0.052859,51.534997],[-0.052839,51.535083],[-0.05279,51.53538],[-0.052781,51.535413],[-0.052755,51.535488],[-0.05271,51.535575],[-0.052684,51.535619],[-0.052654,51.535663],[-0.052631,51.535693],[-0.052477,51.535866],[-0.052441,51.535899],[-0.052404,51.53593],[-0.05221,51.536063],[-0.052165,51.53609],[-0.052084,51.536135],[-0.051922,51.536214],[-0.05185,51.536246],[-0.051772,51.536278],[-0.05168,51.536312],[-0.0516,51.536339],[-0.051495,51.536364],[-0.05127,51.536409],[-0.051081,51.536443],[-0.05094,51.536461],[-0.050789,51.536468],[-0.050631,51.536473],[-0.050596,51.536472],[-0.050283,51.536448],[-0.050116,51.536426],[-0.050045,51.536415],[-0.0499,51.536388],[-0.049829,51.536372],[-0.049728,51.536346],[-0.049646,51.536323],[-0.049554,51.536292],[-0.049411,51.536233],[-0.04935,51.536204],[-0.049255,51.536156],[-0.049169,51.536109],[-0.04909,51.536064],[-0.048992,51.536005],[-0.048921,51.53596],[-0.048813,51.535885],[-0.04869,51.535805],[-0.048619,51.535772],[-0.048534,51.535737],[-0.048452,51.535701],[-0.048337,51.535659],[-0.048204,51.535615],[-0.048131,51.535594],[-0.048051,51.535574],[-0.047981,51.535559],[-0.047904,51.535546],[-0.047642,51.535508],[-0.047523,51.535494],[-0.047418,51.535484],[-0.047349,51.53548],[-0.047187,51.535448],[-0.047174,51.535458],[-0.04716,51.535462],[-0.047131,51.535466],[-0.046912,51.53548],[-0.046734,51.535497],[-0.046398,51.535535],[-0.046178,51.535565],[-0.045787,51.535628],[-0.04533,51.53571],[-0.045067,51.535763],[-0.044991,51.53578],[-0.044851,51.535819],[-0.044762,51.535856],[-0.04473,51.535871],[-0.044682,51.535898],[-0.044619,51.53593],[-0.044512,51.536003],[-0.044435,51.536057],[-0.044387,51.536094],[-0.044061,51.536354],[-0.043994,51.536409],[-0.043957,51.536436],[-0.043922,51.536457],[-0.043901,51.536472],[-0.043871,51.536486],[-0.043838,51.536494],[-0.04382,51.536497],[-0.043752,51.536498],[-0.04371,51.536491],[-0.043623,51.536464],[-0.043485,51.536538],[-0.043265,51.536629],[-0.041612,51.537392],[-0.041521,51.537441],[-0.041437,51.537493],[-0.041394,51.537525],[-0.041319,51.53759],[-0.041139,51.537764],[-0.040331,51.53853],[-0.039741,51.539084],[-0.039593,51.539221],[-0.03917,51.53962],[-0.038745,51.540018],[-0.037919,51.540798],[-0.037807,51.540901],[-0.037566,51.541135],[-0.037556,51.541147],[-0.037546,51.541164],[-0.037544,51.541184],[-0.037545,51.541198],[-0.037388,51.541332],[-0.037347,51.541332],[-0.037324,51.541334],[-0.037287,51.541343],[-0.037248,51.541366],[-0.037171,51.541415],[-0.037405,51.541565],[-0.037463,51.541603],[-0.037477,51.541615],[-0.037761,51.541797],[-0.037198,51.542183],[-0.036887,51.542392],[-0.036692,51.542514],[-0.036612,51.542567],[-0.036494,51.542639],[-0.036411,51.542684],[-0.036138,51.542849],[-0.036037,51.542908],[-0.035969,51.542947],[-0.035952,51.542955],[-0.035865,51.543004],[-0.035818,51.543028],[-0.035684,51.543103],[-0.035642,51.543124],[-0.035616,51.543139],[-0.035426,51.543235],[-0.035176,51.543356],[-0.034773,51.543543],[-0.034647,51.543603],[-0.034573,51.543654],[-0.034471,51.543732],[-0.034452,51.543744],[-0.034418,51.543772],[-0.034384,51.543796],[-0.034219,51.543932],[-0.034187,51.543955],[-0.034129,51.544005],[-0.033755,51.544308],[-0.033576,51.544468],[-0.03341,51.54462],[-0.033391,51.544634],[-0.033369,51.544642],[-0.033324,51.544662],[-0.033293,51.544672],[-0.033273,51.544673],[-0.033256,51.544678],[-0.033219,51.544684],[-0.033148,51.544686],[-0.032945,51.544632],[-0.03292,51.544619],[-0.031973,51.54406],[-0.031723,51.543915],[-0.031558,51.543817],[-0.03113,51.543571],[-0.031051,51.543528],[-0.031015,51.543512],[-0.030961,51.543493],[-0.030905,51.543478],[-0.030618,51.543404],[-0.030517,51.543381],[-0.030201,51.543298],[-0.029981,51.543244],[-0.029915,51.543226],[-0.029713,51.543154],[-0.029581,51.54309],[-0.029588,51.543051],[-0.029537,51.543025],[-0.029487,51.543021],[-0.029464,51.542995],[-0.029266,51.542709],[-0.029202,51.542621],[-0.029197,51.542607],[-0.029174,51.542582],[-0.029163,51.542559],[-0.02915,51.542542],[-0.029087,51.542427],[-0.029066,51.54238],[-0.02904,51.542316],[-0.029034,51.542318],[-0.029019,51.542271],[-0.028883,51.542299],[-0.028773,51.542326],[-0.028333,51.542425],[-0.028014,51.5425],[-0.027739,51.54257],[-0.027597,51.54261],[-0.027103,51.542742],[-0.026697,51.542847],[-0.026507,51.5429],[-0.026156,51.543024],[-0.026002,51.54308],[-0.025907,51.543119],[-0.025793,51.543169],[-0.02572,51.543209],[-0.025699,51.543223],[-0.025679,51.543233],[-0.025626,51.543292],[-0.025614,51.543317],[-0.025612,51.543337],[-0.025543,51.54334],[-0.025534,51.543314],[-0.025516,51.543294],[-0.025378,51.543232],[-0.025349,51.543233],[-0.025225,51.54324],[-0.02511,51.543244],[-0.024896,51.543257],[-0.024815,51.543259],[-0.024579,51.543271],[-0.024509,51.543273],[-0.023085,51.543342],[-0.023089,51.543377],[-0.022612,51.543397],[-0.02242,51.543403],[-0.022373,51.543406],[-0.022369,51.543413],[-0.022313,51.543484],[-0.0223,51.543485],[-0.022202,51.543491],[-0.022116,51.543493],[-0.021861,51.543506],[-0.021765,51.543509],[-0.021333,51.543531],[-0.020666,51.543561],[-0.020031,51.543581],[-0.019932,51.54358],[-0.019818,51.543581],[-0.019497,51.543577],[-0.019494,51.543574],[-0.019285,51.543575],[-0.018553,51.543548],[-0.018354,51.543531],[-0.018364,51.543493],[-0.018333,51.543489],[-0.018278,51.543513],[-0.018085,51.543496],[-0.017966,51.543475],[-0.017862,51.543466],[-0.017629,51.543441],[-0.017302,51.543411],[-0.017201,51.5434],[-0.017018,51.543384],[-0.016917,51.54336],[-0.016804,51.543338],[-0.016794,51.543339],[-0.016792,51.543365],[-0.016577,51.543328],[-0.016579,51.54335],[-0.016566,51.543464],[-0.016544,51.543574],[-0.016536,51.543741],[-0.016536,51.543886],[-0.016546,51.543977],[-0.016571,51.544128],[-0.016596,51.544206],[-0.016654,51.544348],[-0.016714,51.544445],[-0.016774,51.544574],[-0.016804,51.544687],[-0.01683,51.544814],[-0.016851,51.544966],[-0.016877,51.54503],[-0.016902,51.545129],[-0.016909,51.545276],[-0.016939,51.545496],[-0.016973,51.545773],[-0.017003,51.545977],[-0.01703,51.546065],[-0.017091,51.546303],[-0.017365,51.547155],[-0.017406,51.547326],[-0.017456,51.547491],[-0.017491,51.547597],[-0.017523,51.547687],[-0.017556,51.547768],[-0.017593,51.547844],[-0.017648,51.547944],[-0.017734,51.548078],[-0.017777,51.548148],[-0.017831,51.548246],[-0.017934,51.548387],[-0.017995,51.548484],[-0.01816,51.548852],[-0.018222,51.549],[-0.018355,51.54939],[-0.018431,51.549534],[-0.01852,51.549691],[-0.01864,51.549881],[-0.01869,51.54997],[-0.018737,51.550045],[-0.018797,51.550155],[-0.018847,51.550227],[-0.018891,51.550313],[-0.018944,51.550451],[-0.018963,51.550533],[-0.018967,51.550634],[-0.01896,51.550718],[-0.018941,51.550824],[-0.018889,51.551086],[-0.018868,51.551158],[-0.018856,51.551224],[-0.018853,51.551292],[-0.018861,51.551331],[-0.018895,51.551444],[-0.018938,51.551521],[-0.018987,51.551578],[-0.019011,51.551594],[-0.01842,51.551585],[-0.018331,51.551582],[-0.018075,51.551579],[-0.017938,51.551575],[-0.017353,51.551568],[-0.017202,51.551576],[-0.017199,51.55162],[-0.017207,51.551744],[-0.01723,51.551942],[-0.017307,51.552387],[-0.017376,51.552738],[-0.017479,51.553192],[-0.017509,51.553339],[-0.017653,51.553652],[-0.017789,51.553921],[-0.017956,51.554219],[-0.018074,51.554073],[-0.018076,51.554086],[-0.018161,51.554321],[-0.018492,51.555183],[-0.019275,51.55554],[-0.021221,51.556438],[-0.023034,51.557271],[-0.023968,51.557368],[-0.023974,51.557477],[-0.024022,51.557651],[-0.024059,51.557832],[-0.024083,51.557925],[-0.024186,51.558221],[-0.02432,51.558557],[-0.024366,51.558637],[-0.02456,51.558881],[-0.024769,51.55908],[-0.024931,51.559222],[-0.025144,51.559389],[-0.025629,51.559753],[-0.025764,51.55985],[-0.025806,51.559874],[-0.025955,51.559952],[-0.026424,51.560166],[-0.026755,51.560314],[-0.027034,51.560443],[-0.027246,51.560544],[-0.027568,51.560689],[-0.027759,51.560771],[-0.027879,51.560808],[-0.027928,51.560825],[-0.028132,51.560905],[-0.028245,51.560954],[-0.028418,51.561019],[-0.028771,51.56114],[-0.028898,51.561176],[-0.029048,51.561233],[-0.029149,51.561266],[-0.029268,51.561295],[-0.029403,51.56132],[-0.029583,51.561333],[-0.029731,51.561346],[-0.030036,51.561359],[-0.030178,51.561352],[-0.03034,51.561333],[-0.030548,51.561304],[-0.030654,51.561282],[-0.030815,51.561239],[-0.030928,51.561213],[-0.030984,51.561195],[-0.031164,51.561134],[-0.031295,51.561087],[-0.031451,51.56102],[-0.031764,51.560894],[-0.031807,51.560873],[-0.032016,51.56081],[-0.032165,51.560777],[-0.032441,51.560706],[-0.032608,51.560668],[-0.032685,51.560654],[-0.032833,51.560632],[-0.033081,51.560615],[-0.033198,51.560615],[-0.033313,51.560618],[-0.033516,51.56064],[-0.033603,51.560655],[-0.033678,51.56067],[-0.033993,51.560757],[-0.034064,51.560781],[-0.034237,51.56085],[-0.034315,51.560888],[-0.034406,51.560927],[-0.03453,51.56098],[-0.034666,51.561035],[-0.034947,51.561154],[-0.035208,51.561246],[-0.035382,51.561294],[-0.035472,51.561316],[-0.035578,51.561345],[-0.035762,51.561387],[-0.035957,51.561424],[-0.03605,51.56144],[-0.03619,51.561461],[-0.036314,51.561474],[-0.036431,51.561484],[-0.036579,51.561494],[-0.036668,51.561498],[-0.036748,51.561494],[-0.036962,51.561469],[-0.03707,51.561454],[-0.037241,51.56142],[-0.03795,51.561216],[-0.03816,51.561176],[-0.038265,51.561164],[-0.038398,51.561158],[-0.038562,51.561158],[-0.038604,51.561161],[-0.038653,51.561168],[-0.038689,51.561169],[-0.038717,51.561168],[-0.038811,51.561158],[-0.038847,51.561157],[-0.038882,51.561159],[-0.038916,51.561164],[-0.039002,51.561182],[-0.03904,51.561194],[-0.039105,51.561221],[-0.039261,51.561319],[-0.03943,51.561436],[-0.039479,51.561464],[-0.039542,51.561507],[-0.039662,51.561579],[-0.039839,51.561679],[-0.039971,51.561731],[-0.040045,51.561756],[-0.040101,51.561767],[-0.040163,51.561777],[-0.040203,51.561781],[-0.040257,51.561784],[-0.040315,51.56178],[-0.040477,51.561764],[-0.04061,51.561743],[-0.040741,51.561717],[-0.041079,51.561614],[-0.041714,51.561443],[-0.041888,51.561414],[-0.042193,51.561381],[-0.04239,51.561367],[-0.042539,51.56138],[-0.042687,51.561402],[-0.042836,51.561439],[-0.043204,51.561545],[-0.043677,51.561698],[-0.043721,51.56171],[-0.043764,51.561718],[-0.043853,51.561724],[-0.044019,51.561731],[-0.044179,51.561736],[-0.044223,51.561735],[-0.044273,51.561732],[-0.044323,51.561725],[-0.044467,51.561691],[-0.044497,51.561687],[-0.044579,51.561683],[-0.044653,51.561684],[-0.044723,51.561687],[-0.044805,51.561694],[-0.044881,51.561705],[-0.045047,51.561741],[-0.045104,51.561758],[-0.045157,51.561788],[-0.045175,51.561799],[-0.045322,51.561901],[-0.045564,51.562061],[-0.045579,51.562074],[-0.045605,51.562104],[-0.045665,51.562178],[-0.045707,51.562214],[-0.045751,51.562243],[-0.045787,51.562257],[-0.045857,51.562276],[-0.045925,51.562289],[-0.046082,51.562313],[-0.046253,51.562334],[-0.046422,51.562351],[-0.046587,51.562361],[-0.046839,51.562463],[-0.046959,51.562515],[-0.047106,51.562591],[-0.047239,51.562672],[-0.047275,51.562705],[-0.0473,51.562735],[-0.04732,51.562763],[-0.047343,51.562818],[-0.047353,51.562857],[-0.047358,51.562905],[-0.047351,51.562979],[-0.047314,51.563112],[-0.04727,51.563188],[-0.047192,51.563288],[-0.047152,51.563335],[-0.04706,51.563424],[-0.046898,51.563563],[-0.046854,51.563612],[-0.046756,51.563729],[-0.046689,51.563843],[-0.046659,51.563917],[-0.046643,51.563983],[-0.046634,51.564072],[-0.046642,51.564234],[-0.046683,51.564375],[-0.047106,51.564857],[-0.047325,51.565101],[-0.047438,51.565213],[-0.047544,51.565289],[-0.048067,51.565563],[-0.048258,51.565661],[-0.048496,51.56582],[-0.048682,51.565963],[-0.048838,51.566103],[-0.049082,51.566336],[-0.049255,51.566487],[-0.049453,51.56661],[-0.049989,51.566924],[-0.050191,51.567059],[-0.0507,51.567434],[-0.050864,51.567551],[-0.051021,51.567652],[-0.051173,51.567729],[-0.051254,51.567761],[-0.051615,51.567896],[-0.052111,51.568088],[-0.052421,51.568211],[-0.052464,51.568231],[-0.05258,51.568276],[-0.05279,51.568376],[-0.052906,51.568428],[-0.053038,51.568493],[-0.053314,51.568658],[-0.053384,51.568707],[-0.053467,51.5688],[-0.053488,51.568862],[-0.053537,51.56899],[-0.053826,51.569508],[-0.053962,51.569737],[-0.05413,51.569996],[-0.054265,51.570181],[-0.054298,51.570216],[-0.054381,51.570284],[-0.054443,51.570325],[-0.0545,51.570359],[-0.054558,51.570391],[-0.054623,51.570421],[-0.054716,51.570456],[-0.054804,51.570481],[-0.054907,51.570503],[-0.054979,51.570514],[-0.055047,51.570517],[-0.055259,51.570518],[-0.05536,51.57052],[-0.055549,51.570527],[-0.055647,51.570535],[-0.055986,51.570575],[-0.056054,51.57059],[-0.056152,51.570618],[-0.056251,51.570659],[-0.056342,51.57071],[-0.05644,51.570776],[-0.056517,51.570838],[-0.05658,51.570915],[-0.056624,51.570979],[-0.056682,51.571081],[-0.056776,51.571304],[-0.056798,51.571339],[-0.056874,51.571413],[-0.056932,51.571462],[-0.057124,51.571612],[-0.057734,51.572049],[-0.05806,51.572268],[-0.058356,51.572472],[-0.058458,51.572563],[-0.058508,51.572623],[-0.058554,51.572711],[-0.058613,51.572885],[-0.058687,51.573195],[-0.058743,51.573503],[-0.058865,51.573755],[-0.0592,51.574281],[-0.059386,51.574529],[-0.059591,51.574784],[-0.05972,51.574961],[-0.05991,51.575246],[-0.06016,51.575639],[-0.060194,51.575734],[-0.060472,51.576289],[-0.060812,51.577126],[-0.060927,51.57734],[-0.061184,51.577784]]]]},"properties":{"entry-date":"2026-09-10","start-date":"2018-05-14","end-date":"2019-06-10","entity":7010010668,"name":"Whole of the London Borough of Hackney","dataset":"article-4-direction-area","typology":"geography","reference":"A4D-2017-STORAGE-TO-RESIDENTIAL-A01","prefix":"article-4-direction-area","organisation-entity":163,"quality":"some","notes":"Geometry from Hackney GeoServer WFS layer planning:a4d_storage_dist_to_residential (map2.hackney.gov.uk, downloaded 2026-09-10). WFS feature prinx 1.","article-4-direction":"A4D-2017-STORAGE-TO-RESIDENTIAL","permitted-development-rights":"3P","in_zone":true,"whole_in_zone":false,"in_cw":false}},
{"type":"Feature","geometry":{"type":"MultiPolygon","coordinates":[[[[-0.096485,51.532176],[-0.096173,51.531719],[-0.096098,51.531614],[-0.095837,51.531217],[-0.095522,51.530761],[-0.095407,51.53059],[-0.095311,51.530436],[-0.095197,51.530222],[-0.095128,51.530077],[-0.095095,51.530025],[-0.095026,51.530018],[-0.09496,51.530024],[-0.094932,51.530037],[-0.094659,51.530062],[-0.094378,51.530096],[-0.094365,51.530057],[-0.095016,51.529986],[-0.095057,51.529965],[-0.095099,51.529973],[-0.09509,51.529905],[-0.095089,51.529877],[-0.095092,51.529856],[-0.09509,51.529837],[-0.095099,51.529772],[-0.095111,51.529716],[-0.095118,51.529696],[-0.095183,51.529555],[-0.095401,51.529203],[-0.093754,51.528784],[-0.092357,51.528424],[-0.091632,51.528241],[-0.091321,51.528157],[-0.091002,51.528074],[-0.090951,51.528064],[-0.090782,51.52802],[-0.090667,51.527992],[-0.090249,51.527878],[-0.090101,51.527843],[-0.090044,51.527827],[-0.089882,51.527789],[-0.089523,51.527686],[-0.089383,51.527652],[-0.089235,51.527612],[-0.089104,51.527574],[-0.088892,51.527506],[-0.088807,51.527472],[-0.088783,51.527462],[-0.088725,51.527433],[-0.088672,51.527399],[-0.088596,51.527344],[-0.088564,51.527319],[-0.088474,51.527238],[-0.088409,51.527173],[-0.088387,51.527153],[-0.088367,51.527128],[-0.088189,51.526887],[-0.08817,51.526856],[-0.088066,51.526699],[-0.08799,51.526544],[-0.087918,51.526389],[-0.087878,51.526297],[-0.087858,51.52624],[-0.087778,51.526181],[-0.087731,51.526152],[-0.087668,51.526121],[-0.087621,51.526094],[-0.087546,51.526055],[-0.087492,51.526016],[-0.087457,51.52601],[-0.087162,51.525888],[-0.087086,51.52585],[-0.08706,51.525834],[-0.087043,51.525821],[-0.087021,51.525798],[-0.08701,51.525783],[-0.087001,51.525767],[-0.086853,51.525803],[-0.08678,51.525817],[-0.086693,51.525845],[-0.086525,51.525894],[-0.086232,51.52596],[-0.086035,51.526008],[-0.085597,51.52612],[-0.085207,51.526206],[-0.085084,51.526229],[-0.085037,51.526236],[-0.085023,51.526199],[-0.085019,51.526182],[-0.085018,51.526167],[-0.084958,51.526003],[-0.084912,51.525851],[-0.084881,51.52577],[-0.084771,51.525427],[-0.084814,51.525406],[-0.084992,51.525289],[-0.08501,51.525271],[-0.085076,51.525195],[-0.085276,51.524887],[-0.08549,51.524537],[-0.085145,51.524456],[-0.085152,51.524432],[-0.085158,51.524316],[-0.085175,51.524243],[-0.08521,51.524064],[-0.085228,51.523943],[-0.084242,51.523928],[-0.084279,51.523781],[-0.084299,51.52371],[-0.084416,51.523257],[-0.084441,51.522873],[-0.084453,51.522724],[-0.084466,51.522645],[-0.084492,51.522529],[-0.08454,51.522296],[-0.084566,51.522141],[-0.084586,51.522064],[-0.08463,51.52191],[-0.084782,51.521505],[-0.084875,51.521274],[-0.084898,51.521199],[-0.084928,51.521115],[-0.085031,51.520848],[-0.085112,51.520652],[-0.085169,51.520527],[-0.085212,51.520437],[-0.085259,51.520347],[-0.08402,51.519993],[-0.083537,51.519849],[-0.083438,51.519829],[-0.08334,51.519817],[-0.083274,51.51982],[-0.083236,51.519825],[-0.083193,51.519836],[-0.083151,51.51985],[-0.083007,51.519927],[-0.082851,51.520019],[-0.082449,51.520288],[-0.081968,51.520603],[-0.081885,51.520669],[-0.081805,51.520739],[-0.08173,51.520816],[-0.081631,51.520937],[-0.081554,51.521044],[-0.081493,51.52115],[-0.08142,51.52127],[-0.081356,51.521386],[-0.081288,51.521514],[-0.081228,51.521635],[-0.081127,51.521849],[-0.081067,51.521971],[-0.080893,51.521931],[-0.080558,51.521837],[-0.080465,51.521816],[-0.080371,51.521801],[-0.079813,51.521703],[-0.079553,51.521659],[-0.079149,51.521597],[-0.078555,51.52151],[-0.078519,51.521548],[-0.078465,51.521614],[-0.07845,51.521635],[-0.078307,51.521842],[-0.078294,51.521866],[-0.078278,51.521901],[-0.078111,51.521877],[-0.078055,51.521865],[-0.078049,51.521869],[-0.077915,51.521911],[-0.077742,51.521962],[-0.077602,51.522001],[-0.077346,51.522068],[-0.077241,51.522093],[-0.076774,51.522168],[-0.076669,51.522183],[-0.076486,51.522046],[-0.076227,51.522182],[-0.076224,51.522185],[-0.07618,51.52229],[-0.076068,51.522545],[-0.076015,51.522652],[-0.075879,51.523009],[-0.075853,51.523081],[-0.075806,51.52308],[-0.075796,51.523252],[-0.075771,51.523558],[-0.075771,51.523626],[-0.075768,51.523673],[-0.075775,51.52372],[-0.075795,51.5238],[-0.075894,51.52414],[-0.075954,51.524337],[-0.076482,51.524306],[-0.076485,51.524317],[-0.076512,51.524503],[-0.0766,51.525226],[-0.076629,51.525526],[-0.07664,51.525625],[-0.076648,51.525669],[-0.076651,51.5257],[-0.076656,51.525813],[-0.076655,51.525894],[-0.076657,51.526038],[-0.076657,51.526216],[-0.076666,51.526337],[-0.076666,51.526364],[-0.076658,51.526408],[-0.076648,51.526429],[-0.076631,51.526451],[-0.076605,51.526474],[-0.076549,51.526536],[-0.076538,51.526552],[-0.076518,51.526587],[-0.076512,51.526623],[-0.076493,51.526687],[-0.076358,51.527039],[-0.076323,51.527141],[-0.076521,51.527171],[-0.076888,51.527233],[-0.077099,51.527271],[-0.0773,51.527304],[-0.077139,51.527374],[-0.076933,51.527483],[-0.07683,51.527542],[-0.07674,51.527598],[-0.07668,51.527638],[-0.076564,51.52772],[-0.076455,51.527802],[-0.076245,51.527976],[-0.076139,51.528061],[-0.076083,51.528103],[-0.075904,51.52823],[-0.075836,51.52828],[-0.075711,51.528383],[-0.075667,51.528425],[-0.075527,51.528568],[-0.075469,51.528634],[-0.075415,51.528701],[-0.075355,51.52878],[-0.07529,51.528871],[-0.07525,51.528936],[-0.075214,51.529],[-0.075145,51.529107],[-0.075078,51.529215],[-0.075015,51.529321],[-0.07495,51.529425],[-0.074882,51.529521],[-0.074811,51.529615],[-0.074742,51.52971],[-0.074708,51.529749],[-0.074658,51.529801],[-0.074608,51.529845],[-0.074502,51.529929],[-0.074273,51.530093],[-0.074181,51.530143],[-0.073975,51.530246],[-0.073925,51.530268],[-0.073873,51.530289],[-0.073685,51.530359],[-0.072861,51.530653],[-0.072709,51.530697],[-0.072423,51.530787],[-0.072334,51.530813],[-0.072192,51.53085],[-0.072082,51.530875],[-0.071891,51.530904],[-0.071656,51.530932],[-0.071549,51.53094],[-0.071237,51.530959],[-0.070606,51.530984],[-0.069547,51.531031],[-0.069353,51.531034],[-0.068982,51.531043],[-0.068658,51.531056],[-0.068214,51.531067],[-0.067674,51.531095],[-0.067468,51.531108],[-0.067213,51.531132],[-0.067037,51.531146],[-0.066899,51.53116],[-0.066462,51.531199],[-0.06628,51.531219],[-0.066278,51.531233],[-0.066273,51.531247],[-0.066264,51.531289],[-0.066257,51.531333],[-0.066246,51.531386],[-0.066231,51.531437],[-0.066217,51.531465],[-0.066018,51.531801],[-0.06795,51.531726],[-0.06903,51.531848],[-0.071596,51.531792],[-0.072261,51.531774],[-0.072278,51.531746],[-0.075778,51.53181],[-0.075868,51.534819],[-0.075878,51.53522],[-0.075881,51.535231],[-0.075891,51.535433],[-0.075894,51.535648],[-0.075926,51.536288],[-0.075908,51.536617],[-0.075649,51.536613],[-0.075619,51.536599],[-0.075256,51.536555],[-0.075217,51.5384],[-0.075251,51.538408],[-0.07549,51.538407],[-0.075762,51.538397],[-0.075724,51.538798],[-0.075679,51.539011],[-0.075642,51.539557],[-0.075523,51.539646],[-0.075196,51.544087],[-0.074953,51.544071],[-0.073738,51.54404],[-0.073712,51.544873],[-0.073631,51.544872],[-0.073612,51.545207],[-0.0736,51.545621],[-0.07359,51.545864],[-0.07274,51.545851],[-0.071817,51.545844],[-0.071813,51.545931],[-0.07176,51.54593],[-0.071235,51.545906],[-0.070898,51.545902],[-0.070734,51.545878],[-0.070731,51.545932],[-0.070124,51.545847],[-0.070128,51.545826],[-0.07001,51.545808],[-0.070003,51.545827],[-0.069948,51.545821],[-0.06992,51.545833],[-0.069862,51.545996],[-0.069803,51.546125],[-0.069487,51.546737],[-0.069489,51.546738],[-0.069462,51.546789],[-0.069397,51.546948],[-0.069295,51.547183],[-0.069294,51.547182],[-0.068839,51.54801],[-0.06885,51.548038],[-0.069632,51.548063],[-0.069632,51.548071],[-0.070123,51.548055],[-0.070305,51.548054],[-0.070419,51.548665],[-0.070827,51.548651],[-0.070808,51.548438],[-0.070933,51.548441],[-0.071476,51.548431],[-0.071483,51.548507],[-0.072588,51.548508],[-0.072929,51.54851],[-0.073074,51.548491],[-0.073224,51.548467],[-0.073549,51.54842],[-0.073782,51.54856],[-0.073862,51.548606],[-0.074058,51.548456],[-0.074207,51.548516],[-0.074344,51.54859],[-0.074338,51.548731],[-0.074329,51.548774],[-0.074319,51.548808],[-0.074292,51.54892],[-0.074204,51.549325],[-0.074192,51.549325],[-0.07419,51.549357],[-0.074165,51.549517],[-0.074132,51.549687],[-0.074145,51.549816],[-0.074127,51.550041],[-0.074733,51.550066],[-0.074725,51.550115],[-0.074708,51.550113],[-0.074691,51.550322],[-0.07475,51.550498],[-0.074812,51.550674],[-0.074989,51.550653],[-0.075178,51.55062],[-0.07518,51.550584],[-0.075369,51.550551],[-0.075434,51.550529],[-0.075558,51.550492],[-0.075679,51.55045],[-0.075684,51.550384],[-0.075703,51.550219],[-0.075723,51.549986],[-0.075759,51.549987],[-0.07576,51.549932],[-0.075803,51.549931],[-0.075809,51.549862],[-0.075804,51.549709],[-0.075798,51.549693],[-0.075785,51.549606],[-0.075784,51.549571],[-0.075786,51.549525],[-0.07589,51.54953],[-0.075893,51.54948],[-0.075878,51.549479],[-0.075879,51.54947],[-0.075954,51.549462],[-0.075986,51.549457],[-0.076015,51.549456],[-0.07718,51.549311],[-0.076983,51.549157],[-0.076963,51.548996],[-0.076963,51.548938],[-0.077136,51.548926],[-0.077248,51.548916],[-0.077097,51.548726],[-0.077032,51.548636],[-0.076975,51.548562],[-0.076959,51.548539],[-0.076884,51.548423],[-0.076805,51.548289],[-0.076777,51.548236],[-0.076698,51.548105],[-0.076642,51.547955],[-0.076592,51.547848],[-0.076516,51.547651],[-0.076453,51.54748],[-0.076397,51.547313],[-0.076359,51.547214],[-0.076352,51.547201],[-0.076353,51.547188],[-0.076351,51.547183],[-0.076358,51.547171],[-0.07636,51.547162],[-0.076368,51.547151],[-0.076405,51.547083],[-0.076407,51.547072],[-0.076349,51.546501],[-0.076338,51.546404],[-0.076331,51.546363],[-0.07635,51.546315],[-0.076469,51.546264],[-0.076642,51.546178],[-0.07666,51.54616],[-0.076727,51.546073],[-0.077047,51.546092],[-0.07713,51.546101],[-0.077172,51.546102],[-0.077167,51.545859],[-0.077144,51.545834],[-0.077133,51.545826],[-0.0772,51.545827],[-0.077259,51.545833],[-0.077273,51.54578],[-0.077281,51.545757],[-0.07729,51.545719],[-0.077185,51.545708],[-0.077125,51.545696],[-0.077196,51.545409],[-0.077486,51.545439],[-0.077482,51.545454],[-0.077498,51.545456],[-0.077853,51.545493],[-0.078433,51.545557],[-0.078464,51.545446],[-0.078495,51.545394],[-0.078527,51.545366],[-0.07854,51.545313],[-0.076377,51.545084],[-0.076376,51.545087],[-0.076085,51.54506],[-0.075947,51.545039],[-0.075965,51.544968],[-0.075988,51.544807],[-0.076026,51.544582],[-0.076076,51.5442],[-0.076086,51.544142],[-0.076534,51.539352],[-0.076572,51.539354],[-0.07658,51.538859],[-0.076884,51.5389],[-0.076892,51.538908],[-0.077161,51.538923],[-0.077163,51.538917],[-0.078117,51.538973],[-0.078116,51.538977],[-0.078461,51.538999],[-0.078644,51.539004],[-0.078663,51.538997],[-0.079025,51.537743],[-0.079101,51.537469],[-0.079187,51.537139],[-0.079737,51.537217],[-0.080449,51.537312],[-0.081139,51.537395],[-0.081379,51.537419],[-0.081405,51.537266],[-0.08493,51.537814],[-0.085259,51.537836],[-0.085166,51.538177],[-0.08515,51.538242],[-0.08607,51.538341],[-0.086387,51.537445],[-0.086376,51.537423],[-0.08659,51.537314],[-0.08659,51.5373],[-0.086618,51.537299],[-0.088411,51.536383],[-0.088468,51.536378],[-0.088818,51.536219],[-0.088866,51.536214],[-0.089117,51.536083],[-0.089111,51.536065],[-0.089403,51.535927],[-0.089418,51.535938],[-0.089447,51.535927],[-0.089478,51.535912],[-0.089479,51.535914],[-0.089483,51.535913],[-0.089684,51.53583],[-0.089746,51.535806],[-0.089768,51.535775],[-0.089763,51.535763],[-0.089746,51.535748],[-0.093333,51.534042],[-0.094111,51.533849],[-0.094216,51.533811],[-0.094214,51.533807],[-0.095808,51.533156],[-0.095836,51.533147],[-0.095848,51.533141],[-0.09607,51.533055],[-0.096088,51.533042],[-0.096093,51.533034],[-0.096093,51.533026],[-0.096099,51.533023],[-0.096091,51.533024],[-0.095633,51.532396],[-0.095853,51.532361],[-0.096398,51.532204],[-0.096485,51.532176]],[[-0.093243,51.530493],[-0.093461,51.531123],[-0.093448,51.531226],[-0.093571,51.531548],[-0.093864,51.531499],[-0.094229,51.531431],[-0.094274,51.531506],[-0.094617,51.531963],[-0.095394,51.533053],[-0.093809,51.533464],[-0.092936,51.533653],[-0.092033,51.534015],[-0.092007,51.534032],[-0.091971,51.534061],[-0.091864,51.534101],[-0.091849,51.534091],[-0.091302,51.534314],[-0.091179,51.534374],[-0.091163,51.534243],[-0.090965,51.533985],[-0.090717,51.534052],[-0.089549,51.534386],[-0.08964,51.534508],[-0.090012,51.534983],[-0.08931,51.535347],[-0.089306,51.535367],[-0.089086,51.535446],[-0.088478,51.535623],[-0.088487,51.535635],[-0.087982,51.535765],[-0.086625,51.536157],[-0.086474,51.537181],[-0.086438,51.537136],[-0.086364,51.537142],[-0.086303,51.537144],[-0.086087,51.537141],[-0.085988,51.537143],[-0.085157,51.537149],[-0.08462,51.53718],[-0.084586,51.537184],[-0.084499,51.537198],[-0.084276,51.537249],[-0.08397,51.53729],[-0.08169,51.53695],[-0.081714,51.536851],[-0.081752,51.536855],[-0.0818,51.53664],[-0.081756,51.536618],[-0.081206,51.536562],[-0.080547,51.536491],[-0.079536,51.53639],[-0.079541,51.536236],[-0.079548,51.53617],[-0.079547,51.536158],[-0.079545,51.536157],[-0.079545,51.535967],[-0.078111,51.536036],[-0.077575,51.536069],[-0.077576,51.536055],[-0.077047,51.536078],[-0.0768,51.536075],[-0.076811,51.535826],[-0.076694,51.535544],[-0.076819,51.535545],[-0.076826,51.535361],[-0.076818,51.535262],[-0.076828,51.535168],[-0.076848,51.535078],[-0.076876,51.535066],[-0.07688,51.535058],[-0.076899,51.534878],[-0.076864,51.534878],[-0.077083,51.533093],[-0.076972,51.531998],[-0.077015,51.530728],[-0.077091,51.530736],[-0.077107,51.530648],[-0.077322,51.530644],[-0.07732,51.530655],[-0.077542,51.530665],[-0.077736,51.530677],[-0.07774,51.530652],[-0.078616,51.530693],[-0.078955,51.530737],[-0.079538,51.530766],[-0.079854,51.53078],[-0.08009,51.530794],[-0.080115,51.53078],[-0.08012,51.530706],[-0.08012,51.530665],[-0.080135,51.530665],[-0.080172,51.530348],[-0.080193,51.530349],[-0.080204,51.530313],[-0.080163,51.530067],[-0.079976,51.529519],[-0.080014,51.529523],[-0.08015,51.529641],[-0.081251,51.529543],[-0.081336,51.529734],[-0.08304,51.529747],[-0.0835,51.529914],[-0.086436,51.531286],[-0.093243,51.530493]],[[-0.086234,51.537438],[-0.086262,51.53744],[-0.086227,51.537445],[-0.086234,51.537438]]]]},"properties":{"entry-date":"2026-09-10","start-date":"2019-04-08","end-date":"2022-07-31","entity":7010010677,"name":"Exemption Area (part 1)","dataset":"article-4-direction-area","typology":"geography","reference":"A4D-2018-OFFICE-TO-RESIDENTIAL-EXEMPTION-AREA-A02","prefix":"article-4-direction-area","organisation-entity":163,"quality":"some","notes":"Geometry from Hackney GeoServer WFS layer planning:a4d_office_to_residential (map2.hackney.gov.uk, downloaded 2026-09-10). WFS feature prinx 2.","article-4-direction":"A4D-2018-OFFICE-TO-RESIDENTIAL-EXEMPTION-AREA","permitted-development-rights":"3O","in_zone":true,"whole_in_zone":false,"in_cw":false}},
{"type":"Feature","geometry":{"type":"MultiPolygon","coordinates":[[[[-0.094391,51.530054],[-0.095042,51.529984],[-0.095073,51.529968],[-0.095099,51.529973],[-0.09509,51.529905],[-0.095089,51.529877],[-0.095092,51.529856],[-0.09509,51.529837],[-0.095099,51.529772],[-0.095111,51.529716],[-0.095118,51.529696],[-0.095183,51.529555],[-0.095401,51.529203],[-0.093754,51.528784],[-0.092357,51.528424],[-0.091632,51.528241],[-0.091321,51.528157],[-0.091002,51.528074],[-0.090951,51.528064],[-0.090782,51.52802],[-0.090667,51.527992],[-0.090249,51.527878],[-0.090101,51.527843],[-0.090044,51.527827],[-0.089882,51.527789],[-0.089523,51.527686],[-0.089383,51.527652],[-0.089235,51.527612],[-0.089104,51.527574],[-0.088892,51.527506],[-0.088807,51.527472],[-0.088783,51.527462],[-0.088725,51.527433],[-0.088672,51.527399],[-0.088596,51.527344],[-0.088564,51.527319],[-0.088474,51.527238],[-0.088409,51.527173],[-0.088387,51.527153],[-0.088367,51.527128],[-0.088189,51.526887],[-0.08817,51.526856],[-0.088066,51.526699],[-0.08799,51.526544],[-0.087918,51.526389],[-0.087878,51.526297],[-0.087858,51.52624],[-0.087778,51.526181],[-0.087731,51.526152],[-0.087668,51.526121],[-0.087621,51.526094],[-0.087546,51.526055],[-0.087492,51.526016],[-0.087457,51.52601],[-0.087162,51.525888],[-0.087086,51.52585],[-0.08706,51.525834],[-0.087043,51.525821],[-0.087021,51.525798],[-0.08701,51.525783],[-0.087001,51.525767],[-0.086853,51.525803],[-0.08678,51.525817],[-0.086693,51.525845],[-0.086525,51.525894],[-0.086232,51.52596],[-0.086035,51.526008],[-0.085597,51.52612],[-0.085207,51.526206],[-0.085084,51.526229],[-0.085037,51.526236],[-0.085023,51.526199],[-0.085019,51.526182],[-0.085018,51.526167],[-0.084958,51.526003],[-0.084912,51.525851],[-0.084881,51.52577],[-0.084771,51.525427],[-0.084814,51.525406],[-0.084999,51.525283],[-0.085076,51.525195],[-0.085276,51.524887],[-0.08549,51.524537],[-0.085145,51.524456],[-0.085152,51.524432],[-0.085158,51.524316],[-0.085175,51.524243],[-0.08521,51.524064],[-0.085228,51.523943],[-0.084242,51.523928],[-0.084279,51.523781],[-0.084299,51.52371],[-0.084416,51.523257],[-0.084441,51.522873],[-0.084453,51.522724],[-0.084466,51.522645],[-0.084492,51.522529],[-0.08454,51.522296],[-0.084566,51.522141],[-0.084586,51.522064],[-0.08463,51.52191],[-0.084782,51.521505],[-0.084875,51.521274],[-0.084898,51.521199],[-0.084954,51.521047],[-0.085031,51.520848],[-0.085112,51.520652],[-0.085169,51.520527],[-0.085212,51.520437],[-0.085259,51.520347],[-0.08402,51.519993],[-0.083537,51.519849],[-0.083438,51.519829],[-0.08334,51.519817],[-0.083274,51.51982],[-0.083236,51.519825],[-0.083193,51.519836],[-0.083151,51.51985],[-0.083007,51.519927],[-0.082851,51.520019],[-0.082449,51.520288],[-0.081968,51.520603],[-0.081885,51.520669],[-0.081805,51.520739],[-0.08173,51.520816],[-0.081631,51.520937],[-0.081554,51.521044],[-0.081493,51.52115],[-0.08142,51.52127],[-0.081356,51.521386],[-0.081288,51.521514],[-0.081228,51.521635],[-0.081127,51.521849],[-0.081067,51.521971],[-0.080893,51.521931],[-0.080558,51.521837],[-0.080465,51.521816],[-0.080371,51.521801],[-0.079813,51.521703],[-0.079553,51.521659],[-0.079149,51.521597],[-0.078555,51.52151],[-0.078519,51.521548],[-0.078465,51.521614],[-0.07845,51.521635],[-0.078307,51.521842],[-0.078294,51.521866],[-0.078278,51.521901],[-0.078111,51.521877],[-0.078055,51.521865],[-0.078049,51.521869],[-0.077915,51.521911],[-0.077742,51.521962],[-0.077602,51.522001],[-0.077346,51.522068],[-0.077241,51.522093],[-0.076774,51.522168],[-0.076669,51.522183],[-0.076486,51.522046],[-0.076227,51.522182],[-0.076224,51.522185],[-0.07618,51.52229],[-0.076068,51.522545],[-0.076015,51.522652],[-0.075879,51.523009],[-0.075853,51.523081],[-0.075806,51.52308],[-0.075796,51.523252],[-0.075771,51.523558],[-0.075771,51.523626],[-0.075768,51.523673],[-0.07577,51.52369],[-0.075775,51.52372],[-0.075795,51.5238],[-0.075894,51.52414],[-0.075954,51.524337],[-0.076482,51.524306],[-0.076485,51.524317],[-0.076512,51.524503],[-0.076533,51.524679],[-0.076544,51.524678],[-0.076561,51.524909],[-0.0766,51.525226],[-0.076629,51.525526],[-0.07664,51.525625],[-0.076648,51.525669],[-0.076651,51.5257],[-0.076656,51.525813],[-0.076655,51.525894],[-0.076657,51.52607],[-0.076678,51.526257],[-0.076663,51.526295],[-0.076666,51.526351],[-0.076658,51.526408],[-0.076648,51.526429],[-0.076631,51.526451],[-0.076605,51.526474],[-0.076584,51.526497],[-0.076331,51.527142],[-0.076521,51.527171],[-0.076888,51.527233],[-0.077099,51.527271],[-0.0773,51.527304],[-0.077661,51.527202],[-0.078134,51.527217],[-0.079988,51.527241],[-0.080731,51.52689],[-0.081289,51.52679],[-0.082168,51.526677],[-0.08373,51.526496],[-0.083643,51.527438],[-0.085156,51.527353],[-0.08519,51.528342],[-0.0869,51.528354],[-0.087428,51.528363],[-0.087362,51.52935],[-0.08832,51.529303],[-0.08886,51.529314],[-0.089264,51.529249],[-0.089607,51.529255],[-0.090006,51.529304],[-0.090497,51.529341],[-0.090831,51.529296],[-0.091153,51.529258],[-0.091497,51.530064],[-0.092408,51.529915],[-0.092474,51.530266],[-0.094391,51.530054]]]]},"properties":{"entry-date":"2026-09-10","start-date":"2023-04-27","entity":7010010689,"name":"Hackney Central Activity Zone","dataset":"article-4-direction-area","typology":"geography","reference":"A4D-2022-CAZ-CITY-FRINGE-TOWN-CENTRES-A02","prefix":"article-4-direction-area","organisation-entity":163,"quality":"some","notes":"Geometry from Hackney GeoServer WFS layer planning:a4d_caz_major_town_centre (map2.hackney.gov.uk, downloaded 2026-09-10). WFS feature prinx 2.","article-4-direction":"A4D-2022-CAZ-CITY-FRINGE-TOWN-CENTRES","permitted-development-rights":"3MA","in_zone":true,"whole_in_zone":false,"in_cw":false}}
]}
