{"type":"FeatureCollection","meta":{
 "source": "London Datastore: Site Allocations (Planning Constraints Map)",
 "dataset": "2jxpm",
 "page": "https://data.london.gov.uk/dataset/site-allocations-2jxpm",
 "resources": [
  {
   "resource": "55797fd5-f1a6-4849-aac6-b0619cba22fa",
   "file": "Site_Allocations.gpkg",
   "url": "https://data.london.gov.uk/download/2jxpm/55797fd5-f1a6-4849-aac6-b0619cba22fa/Site_Allocations.gpkg",
   "size": 5357568,
   "resource_date": "2025-12-23",
   "fetched": "2026-10-04"
  }
 ],
 "licence": "Open Government Licence v3",
 "licence_url": "https://www.nationalarchives.gov.uk/doc/open-government-licence/version/3/",
 "attribution": "Contains public sector information licensed under the Open Government Licence v3 (Planning Constraints Map). The GLA cannot warrant the quality or accuracy of the data (London Datastore terms).",
 "dataset_modified": "2025-12-23",
 "update_frequency": null,
 "geo": "Custom Polygons",
 "theme": "buildings-places",
 "layers": [
  {
   "table": "site_allocations",
   "srs": 27700
  }
 ],
 "crs_source": "EPSG:27700",
 "crs_output": "EPSG:4326 (WGS84), 6 decimal places; BNG to WGS84 through the OS OSTN15 grid (lib.mjs bngProjector)",
 "method": "walk-london-datastore.mjs harvest site-allocations: download the newest matching resource (gpkg); read every feature; keep a feature whose geometry meets the zone (the 3D model box, BNG E 532400-539900, N 176700-182300; WGS84 -0.095, 51.474, 0.015, 51.522): a vertex inside, an edge crossing the box or the box inside a polygon. Whole geometries are kept (not cut at the box): whole_in_zone says whether all of it lies inside. in_cw: the geometry meets the Canary Wharf registry box -0.03, 51.498, -0.005, 51.51. Source attributes kept as published except fields matching e-?mail|phone|tel(ephone)?$|^tel|contact|^fax|mobile|website_contact|^owner_?name|person. uprn_suspect: a UPRN field that a spreadsheet rounded (an exponent, or 9+ digits ending in 5+ zeros); not a key (fault F22).",
 "counts": {
  "source_features": 2072,
  "no_geometry": 0,
  "in_zone": 137,
  "in_cw": 9
 },
 "attributes_in_source": "none (geometry and object ids only)",
 "fields_dropped": []
},
"features":[
{"type":"Feature","properties":{"fid":676,"OBJECTID":676,"Shape_Length":1022.3327655897616,"Shape_Area":42855.36410865558,"in_cw":false,"whole_in_zone":true},"geometry":{"type":"MultiPolygon","coordinates":[[[[-0.083635,51.488208],[-0.082653,51.486865],[-0.082177,51.487086],[-0.082126,51.487047],[-0.081632,51.487218],[-0.081203,51.486815],[-0.08057,51.4863],[-0.080976,51.486171],[-0.080638,51.485785],[-0.081973,51.485334],[-0.082239,51.485274],[-0.084176,51.486832],[-0.085032,51.487547],[-0.083635,51.488208]]]]}},
{"type":"Feature","properties":{"fid":681,"OBJECTID":681,"Shape_Length":406.6804596137851,"Shape_Area":8673.767757463775,"in_cw":false,"whole_in_zone":true},"geometry":{"type":"MultiPolygon","coordinates":[[[[-0.023376,51.484962],[-0.023604,51.484685],[-0.023764,51.48449],[-0.023789,51.484461],[-0.023827,51.484413],[-0.02395,51.484441],[-0.024206,51.484497],[-0.024258,51.484508],[-0.024267,51.48451],[-0.024275,51.484512],[-0.024284,51.484515],[-0.024293,51.484519],[-0.0243,51.484525],[-0.024306,51.48453],[-0.02431,51.484538],[-0.024312,51.484545],[-0.024313,51.484553],[-0.024312,51.484559],[-0.024311,51.484585],[-0.02431,51.484596],[-0.024312,51.484609],[-0.024311,51.48462],[-0.02431,51.484623],[-0.02431,51.484634],[-0.024309,51.484639],[-0.024308,51.484644],[-0.024308,51.484645],[-0.024307,51.484653],[-0.024307,51.48466],[-0.024307,51.484663],[-0.024307,51.484665],[-0.02431,51.484672],[-0.024314,51.484682],[-0.024314,51.484683],[-0.02432,51.484693],[-0.024321,51.484696],[-0.024322,51.484698],[-0.024324,51.4847],[-0.024325,51.484702],[-0.024327,51.484703],[-0.024329,51.484706],[-0.024335,51.484711],[-0.024337,51.484714],[-0.024339,51.484715],[-0.024343,51.484718],[-0.024383,51.484746],[-0.024392,51.484753],[-0.024402,51.484761],[-0.024413,51.484775],[-0.024419,51.484784],[-0.024425,51.484794],[-0.024428,51.484801],[-0.024431,51.484809],[-0.024433,51.484809],[-0.024719,51.48485],[-0.02507,51.4849],[-0.025075,51.484903],[-0.025165,51.48494],[-0.025145,51.485018],[-0.025026,51.48521],[-0.025022,51.485215],[-0.025018,51.485221],[-0.025011,51.485229],[-0.025005,51.485237],[-0.024819,51.485488],[-0.024802,51.485512],[-0.024795,51.485524],[-0.02479,51.485532],[-0.024764,51.485568],[-0.02475,51.485589],[-0.024712,51.485641],[-0.024684,51.485632],[-0.024677,51.48563],[-0.024598,51.485605],[-0.024565,51.485594],[-0.024533,51.485584],[-0.024545,51.485567],[-0.024514,51.485553],[-0.024483,51.48554],[-0.024445,51.485524],[-0.024407,51.485507],[-0.024355,51.485485],[-0.024304,51.485464],[-0.024235,51.485434],[-0.024167,51.485406],[-0.024017,51.485342],[-0.023984,51.485328],[-0.024006,51.485289],[-0.023921,51.485258],[-0.023703,51.485161],[-0.02369,51.485155],[-0.023674,51.485148],[-0.02366,51.485142],[-0.023648,51.485137],[-0.02363,51.485129],[-0.023622,51.485126],[-0.023615,51.485123],[-0.023405,51.485041],[-0.023412,51.485033],[-0.023342,51.485005],[-0.023384,51.484965],[-0.023376,51.484962]]]]}},
{"type":"Feature","properties":{"fid":685,"OBJECTID":685,"Shape_Length":1460.0025119992226,"Shape_Area":84351.92125167979,"in_cw":false,"whole_in_zone":false},"geometry":{"type":"MultiPolygon","coordinates":[[[[0.007464,51.499625],[0.009154,51.500384],[0.009301,51.500261],[0.009901,51.499743],[0.010457,51.49926],[0.010736,51.49902],[0.010922,51.498859],[0.010935,51.498848],[0.011219,51.498602],[0.011348,51.498491],[0.011701,51.498183],[0.011799,51.498095],[0.011847,51.498051],[0.011933,51.497987],[0.012021,51.49791],[0.012058,51.497878],[0.012162,51.497795],[0.012261,51.49772],[0.012355,51.497647],[0.012422,51.497596],[0.012471,51.497559],[0.012487,51.497546],[0.012616,51.497433],[0.012792,51.497289],[0.012977,51.497154],[0.013001,51.497137],[0.013156,51.497028],[0.013277,51.49695],[0.013497,51.496802],[0.013619,51.49672],[0.013744,51.496634],[0.014241,51.496353],[0.01276,51.495438],[0.010858,51.496738],[0.010852,51.496718],[0.010737,51.496802],[0.010489,51.496988],[0.010301,51.497129],[0.010205,51.497202],[0.010182,51.497223],[0.009958,51.497396],[0.009854,51.497542],[0.009845,51.49755],[0.009817,51.497573],[0.00979,51.497595],[0.009759,51.497622],[0.009663,51.497703],[0.009369,51.497958],[0.009366,51.49796],[0.009331,51.497991],[0.008976,51.498299],[0.00894,51.49833],[0.008845,51.498412],[0.008582,51.498641],[0.008549,51.49867],[0.008463,51.498743],[0.008334,51.498854],[0.008273,51.498907],[0.008196,51.498976],[0.008161,51.499005],[0.008052,51.499098],[0.007924,51.49921],[0.007803,51.499315],[0.007769,51.499344],[0.007763,51.49935],[0.007703,51.499404],[0.0077,51.499406],[0.007613,51.499489],[0.007511,51.499577],[0.007464,51.499625]]]]}},
{"type":"Feature","properties":{"fid":689,"OBJECTID":689,"Shape_Length":757.4776707440328,"Shape_Area":18742.53371440923,"in_cw":false,"whole_in_zone":true},"geometry":{"type":"MultiPolygon","coordinates":[[[[-0.019739,51.476776],[-0.019571,51.476682],[-0.019566,51.476685],[-0.01956,51.476688],[-0.019132,51.476454],[-0.019091,51.476431],[-0.019038,51.476402],[-0.01903,51.476408],[-0.018975,51.476378],[-0.018988,51.476369],[-0.018958,51.476352],[-0.018927,51.476335],[-0.018912,51.476328],[-0.018647,51.476517],[-0.018515,51.476611],[-0.018271,51.476442],[-0.018214,51.476397],[-0.018249,51.476379],[-0.018153,51.476305],[-0.018115,51.476272],[-0.018197,51.476238],[-0.01828,51.476203],[-0.018604,51.47607],[-0.018607,51.476068],[-0.018644,51.476053],[-0.018681,51.476037],[-0.018686,51.476035],[-0.018732,51.476015],[-0.018745,51.47601],[-0.018833,51.475976],[-0.018909,51.475945],[-0.018955,51.475926],[-0.019016,51.475901],[-0.019056,51.475882],[-0.019083,51.475869],[-0.019117,51.475852],[-0.019158,51.475832],[-0.019195,51.475813],[-0.019237,51.475791],[-0.019344,51.475732],[-0.019385,51.47571],[-0.019409,51.475698],[-0.019414,51.475696],[-0.01942,51.475694],[-0.019568,51.475596],[-0.019684,51.475514],[-0.01978,51.475448],[-0.019815,51.475423],[-0.01987,51.475382],[-0.019873,51.47538],[-0.019947,51.475326],[-0.020015,51.475275],[-0.020054,51.475246],[-0.020064,51.47524],[-0.020071,51.475235],[-0.020162,51.475161],[-0.020196,51.475138],[-0.020231,51.47511],[-0.020292,51.475063],[-0.020402,51.474979],[-0.020409,51.474973],[-0.020414,51.474969],[-0.020418,51.474967],[-0.020421,51.474963],[-0.020427,51.47496],[-0.020499,51.474909],[-0.020571,51.474858],[-0.020629,51.474816],[-0.020649,51.474806],[-0.020733,51.474866],[-0.020768,51.474891],[-0.020799,51.474914],[-0.020798,51.474914],[-0.020854,51.474954],[-0.020788,51.474988],[-0.021097,51.475206],[-0.021162,51.475253],[-0.021168,51.475263],[-0.021165,51.475264],[-0.021139,51.475279],[-0.021116,51.47529],[-0.021049,51.475325],[-0.021003,51.475347],[-0.020976,51.475368],[-0.020897,51.475413],[-0.020857,51.475434],[-0.020851,51.475438],[-0.020844,51.475442],[-0.020828,51.475452],[-0.020823,51.475455],[-0.020812,51.475463],[-0.020801,51.475471],[-0.020745,51.475513],[-0.020672,51.47557],[-0.020652,51.475585],[-0.02061,51.475616],[-0.020607,51.475618],[-0.020602,51.475623],[-0.020595,51.475627],[-0.020589,51.475631],[-0.02056,51.475658],[-0.020518,51.475697],[-0.020498,51.475715],[-0.02049,51.475723],[-0.020488,51.475725],[-0.020486,51.475726],[-0.020484,51.475729],[-0.020482,51.47573],[-0.02048,51.475732],[-0.020478,51.475733],[-0.020351,51.475829],[-0.020333,51.475834],[-0.02031,51.475842],[-0.020323,51.475854],[-0.020347,51.475876],[-0.020356,51.475886],[-0.020379,51.475883],[-0.020499,51.475868],[-0.020516,51.475881],[-0.020517,51.475884],[-0.020526,51.475913],[-0.020537,51.475952],[-0.020561,51.476046],[-0.020571,51.476082],[-0.020582,51.476124],[-0.0206,51.47619],[-0.020609,51.476231],[-0.020614,51.476262],[-0.020619,51.476298],[-0.020623,51.476337],[-0.020626,51.476368],[-0.020626,51.476388],[-0.020625,51.476396],[-0.020622,51.476416],[-0.020619,51.47643],[-0.020597,51.476437],[-0.020544,51.476454],[-0.020489,51.476474],[-0.020434,51.476495],[-0.02038,51.476516],[-0.020355,51.476527],[-0.020329,51.476538],[-0.020278,51.47656],[-0.020229,51.476583],[-0.020185,51.476604],[-0.020145,51.476624],[-0.020142,51.476626],[-0.0201,51.476648],[-0.020059,51.476671],[-0.019995,51.476709],[-0.019933,51.476748],[-0.019891,51.476775],[-0.019849,51.476802],[-0.019809,51.476831],[-0.019743,51.476881],[-0.019706,51.476912],[-0.019692,51.476912],[-0.019649,51.476913],[-0.019618,51.476905],[-0.019612,51.476897],[-0.019601,51.476879],[-0.019739,51.476776]]]]}},
{"type":"Feature","properties":{"fid":691,"OBJECTID":691,"Shape_Length":533.2548731425574,"Shape_Area":15714.313516704487,"in_cw":false,"whole_in_zone":true},"geometry":{"type":"MultiPolygon","coordinates":[[[[-0.015442,51.477981],[-0.015439,51.477939],[-0.0155,51.477937],[-0.015498,51.47791],[-0.015482,51.477895],[-0.015522,51.477875],[-0.015467,51.477793],[-0.015449,51.477781],[-0.015306,51.477684],[-0.015206,51.477618],[-0.015197,51.477613],[-0.015092,51.477539],[-0.015074,51.477525],[-0.015037,51.477493],[-0.015019,51.477478],[-0.014989,51.477448],[-0.014957,51.477414],[-0.014945,51.477405],[-0.014911,51.477375],[-0.014869,51.477374],[-0.015158,51.477294],[-0.015228,51.477272],[-0.015252,51.477266],[-0.015356,51.477236],[-0.0154,51.477225],[-0.015503,51.477192],[-0.015575,51.477172],[-0.01564,51.477153],[-0.015675,51.477143],[-0.015729,51.477127],[-0.015806,51.477104],[-0.015812,51.477103],[-0.015833,51.477097],[-0.015891,51.477081],[-0.015967,51.47706],[-0.016046,51.477038],[-0.016114,51.47702],[-0.016149,51.477011],[-0.016156,51.477009],[-0.016172,51.477032],[-0.016176,51.477036],[-0.016193,51.477032],[-0.016321,51.476991],[-0.016399,51.476969],[-0.016412,51.476966],[-0.01656,51.476924],[-0.016634,51.476896],[-0.016699,51.47687],[-0.016821,51.476819],[-0.016854,51.476823],[-0.016926,51.476888],[-0.016951,51.476909],[-0.016966,51.47692],[-0.01703,51.476974],[-0.017154,51.477081],[-0.01716,51.477086],[-0.017199,51.47712],[-0.017231,51.477148],[-0.017234,51.47715],[-0.017283,51.477194],[-0.01731,51.477219],[-0.017332,51.477237],[-0.017353,51.477266],[-0.017477,51.477507],[-0.017558,51.47776],[-0.017567,51.477783],[-0.0176,51.477889],[-0.017592,51.47789],[-0.017468,51.4779],[-0.017422,51.477901],[-0.017242,51.477911],[-0.017133,51.477918],[-0.017019,51.477925],[-0.016887,51.47793],[-0.016848,51.477932],[-0.016629,51.477945],[-0.016584,51.477948],[-0.016504,51.477956],[-0.016401,51.477962],[-0.016387,51.477962],[-0.01636,51.477964],[-0.016324,51.477966],[-0.016286,51.477968],[-0.01622,51.477972],[-0.016199,51.477973],[-0.016184,51.477974],[-0.016185,51.477987],[-0.016168,51.47799],[-0.01607,51.477995],[-0.016065,51.477995],[-0.015795,51.478006],[-0.015765,51.478007],[-0.015616,51.478011],[-0.015445,51.478015],[-0.015442,51.477981]]]]}},
{"type":"Feature","properties":{"fid":696,"OBJECTID":696,"Shape_Length":1041.9999344793112,"Shape_Area":31441.269609850835,"in_cw":false,"whole_in_zone":true},"geometry":{"type":"MultiPolygon","coordinates":[[[[-0.016869,51.483235],[-0.016733,51.483232],[-0.016659,51.483233],[-0.01654,51.483231],[-0.016387,51.483226],[-0.016331,51.483224],[-0.01633,51.483216],[-0.01632,51.483088],[-0.016346,51.482954],[-0.016283,51.482951],[-0.016262,51.482949],[-0.016241,51.482949],[-0.016222,51.482948],[-0.016203,51.482947],[-0.016162,51.482944],[-0.016002,51.482934],[-0.015808,51.482926],[-0.015808,51.482903],[-0.015646,51.482853],[-0.015638,51.482855],[-0.015461,51.482866],[-0.015461,51.482858],[-0.015464,51.482832],[-0.015466,51.482804],[-0.015312,51.482802],[-0.015291,51.482969],[-0.015278,51.483104],[-0.015277,51.48313],[-0.015021,51.483115],[-0.014814,51.483102],[-0.014606,51.483089],[-0.014606,51.48315],[-0.014408,51.483143],[-0.013995,51.483129],[-0.013962,51.483128],[-0.013926,51.483128],[-0.013959,51.482933],[-0.013908,51.482928],[-0.013909,51.482912],[-0.013918,51.482859],[-0.013936,51.48286],[-0.013967,51.482856],[-0.013973,51.482855],[-0.013986,51.482853],[-0.014002,51.482851],[-0.014006,51.482836],[-0.014019,51.482758],[-0.014025,51.482712],[-0.014038,51.482624],[-0.014052,51.482528],[-0.014072,51.482392],[-0.014608,51.482426],[-0.014639,51.482428],[-0.014734,51.482436],[-0.014819,51.48233],[-0.014852,51.481922],[-0.014844,51.481904],[-0.014842,51.481898],[-0.014844,51.481869],[-0.014852,51.48177],[-0.014865,51.481566],[-0.014868,51.481529],[-0.014869,51.481506],[-0.015204,51.481486],[-0.015257,51.481485],[-0.015327,51.481483],[-0.015515,51.481479],[-0.015638,51.481479],[-0.015715,51.481479],[-0.015687,51.481663],[-0.01559,51.481658],[-0.015234,51.481637],[-0.015086,51.481629],[-0.014989,51.481746],[-0.015052,51.481789],[-0.015682,51.481824],[-0.01586,51.481882],[-0.015887,51.481897],[-0.015908,51.481903],[-0.016143,51.481958],[-0.016247,51.481983],[-0.016651,51.48208],[-0.016948,51.48215],[-0.017128,51.482194],[-0.017489,51.482352],[-0.017882,51.482525],[-0.01796,51.482585],[-0.017998,51.482654],[-0.018003,51.482661],[-0.018007,51.482668],[-0.01801,51.482675],[-0.018014,51.482681],[-0.018016,51.482688],[-0.018018,51.482695],[-0.018043,51.482775],[-0.018046,51.482796],[-0.018047,51.482801],[-0.018047,51.482806],[-0.018048,51.482813],[-0.018048,51.482819],[-0.018049,51.482825],[-0.018048,51.482831],[-0.018044,51.482886],[-0.018027,51.483049],[-0.018023,51.483063],[-0.018021,51.483069],[-0.018013,51.483087],[-0.018003,51.483106],[-0.017996,51.483117],[-0.017981,51.483134],[-0.017965,51.483151],[-0.017953,51.483161],[-0.017934,51.483177],[-0.017912,51.483191],[-0.017903,51.483197],[-0.017886,51.483203],[-0.017861,51.483212],[-0.017844,51.483216],[-0.017826,51.483221],[-0.017807,51.483225],[-0.017787,51.483229],[-0.017768,51.483233],[-0.017698,51.483242],[-0.017592,51.483249],[-0.017378,51.483246],[-0.017026,51.483238],[-0.016869,51.483235]]]]}},
{"type":"Feature","properties":{"fid":701,"OBJECTID":701,"Shape_Length":556.966388683284,"Shape_Area":8985.53825261169,"in_cw":false,"whole_in_zone":true},"geometry":{"type":"MultiPolygon","coordinates":[[[[-0.017716,51.479078],[-0.017829,51.479142],[-0.018035,51.479264],[-0.018206,51.479346],[-0.018217,51.479351],[-0.018224,51.479353],[-0.018255,51.479363],[-0.018014,51.479565],[-0.017996,51.47958],[-0.017961,51.479609],[-0.017921,51.479638],[-0.017879,51.479663],[-0.017858,51.479674],[-0.01782,51.479692],[-0.017816,51.479693],[-0.017812,51.479696],[-0.017787,51.479706],[-0.017772,51.479713],[-0.017753,51.479721],[-0.017712,51.479733],[-0.017685,51.47974],[-0.017647,51.479751],[-0.017537,51.47978],[-0.017369,51.479827],[-0.017342,51.479835],[-0.017194,51.479897],[-0.01717,51.479907],[-0.017152,51.479898],[-0.017094,51.479919],[-0.016995,51.479982],[-0.016833,51.480097],[-0.016826,51.480102],[-0.016713,51.48023],[-0.016495,51.480488],[-0.016317,51.480703],[-0.016169,51.480878],[-0.016159,51.480889],[-0.01614,51.480912],[-0.015812,51.480822],[-0.015684,51.480775],[-0.015855,51.480599],[-0.015871,51.480582],[-0.015905,51.480546],[-0.016075,51.48037],[-0.01613,51.480313],[-0.016188,51.480253],[-0.016213,51.480226],[-0.016244,51.480194],[-0.01627,51.480167],[-0.01633,51.480105],[-0.016375,51.48006],[-0.016638,51.479795],[-0.016703,51.47975],[-0.016717,51.47974],[-0.016728,51.479732],[-0.016755,51.479713],[-0.016809,51.479676],[-0.016835,51.479656],[-0.016919,51.479599],[-0.016981,51.479556],[-0.017033,51.47952],[-0.017041,51.479517],[-0.017224,51.479391],[-0.017276,51.479354],[-0.017311,51.47933],[-0.017325,51.47932],[-0.01738,51.479283],[-0.017436,51.479245],[-0.017442,51.47924],[-0.017478,51.479215],[-0.017482,51.479212],[-0.017542,51.479171],[-0.017607,51.479125],[-0.017666,51.479083],[-0.017716,51.479078]]]]}},
{"type":"Feature","properties":{"fid":703,"OBJECTID":703,"Shape_Length":329.9659436105448,"Shape_Area":5024.613680496117,"in_cw":false,"whole_in_zone":true},"geometry":{"type":"MultiPolygon","coordinates":[[[[-0.020489,51.473177],[-0.020515,51.473177],[-0.020548,51.473179],[-0.020584,51.473184],[-0.020615,51.473188],[-0.02066,51.473191],[-0.02067,51.473202],[-0.020712,51.473259],[-0.020719,51.473286],[-0.020727,51.473316],[-0.020734,51.473331],[-0.02074,51.473344],[-0.020744,51.473351],[-0.020762,51.473389],[-0.020796,51.473439],[-0.020821,51.473477],[-0.020852,51.473522],[-0.020876,51.473554],[-0.02089,51.473579],[-0.020933,51.473603],[-0.020977,51.473627],[-0.021054,51.473666],[-0.02109,51.473685],[-0.021165,51.473722],[-0.021197,51.473737],[-0.021277,51.473776],[-0.021414,51.473821],[-0.021459,51.473837],[-0.021493,51.473849],[-0.021529,51.473862],[-0.021535,51.473864],[-0.021564,51.473872],[-0.021616,51.473889],[-0.021679,51.473911],[-0.02167,51.473925],[-0.021438,51.474087],[-0.021325,51.474166],[-0.02127,51.474165],[-0.020983,51.474059],[-0.020813,51.473998],[-0.020569,51.47391],[-0.020411,51.473853],[-0.020075,51.473723],[-0.020134,51.473651],[-0.020167,51.473607],[-0.020372,51.473343],[-0.020392,51.473318],[-0.020393,51.473316],[-0.020466,51.473222],[-0.020487,51.473195],[-0.02049,51.473182],[-0.020489,51.473177]]]]}},
{"type":"Feature","properties":{"fid":706,"OBJECTID":706,"Shape_Length":739.877519980876,"Shape_Area":13738.663519555877,"in_cw":false,"whole_in_zone":true},"geometry":{"type":"MultiPolygon","coordinates":[[[[-0.016621,51.481264],[-0.016619,51.481241],[-0.016456,51.481244],[-0.016469,51.481231],[-0.016476,51.481224],[-0.016484,51.481216],[-0.01649,51.481209],[-0.016495,51.481201],[-0.01658,51.481095],[-0.016683,51.480961],[-0.01681,51.480794],[-0.017097,51.480422],[-0.017088,51.480397],[-0.017185,51.480457],[-0.017546,51.480674],[-0.017602,51.480708],[-0.017617,51.480717],[-0.017642,51.480733],[-0.017655,51.480745],[-0.017741,51.480823],[-0.01776,51.480839],[-0.017782,51.48093],[-0.018045,51.480885],[-0.018156,51.480873],[-0.018287,51.48086],[-0.018501,51.480837],[-0.018572,51.480829],[-0.018624,51.480821],[-0.018681,51.480809],[-0.018691,51.480808],[-0.018701,51.480805],[-0.018712,51.480803],[-0.018724,51.4808],[-0.018736,51.480797],[-0.01875,51.480793],[-0.018766,51.480788],[-0.018827,51.480767],[-0.018839,51.480763],[-0.01885,51.480778],[-0.019233,51.480653],[-0.019267,51.480642],[-0.019323,51.480624],[-0.019611,51.48053],[-0.019864,51.480448],[-0.019944,51.480422],[-0.020009,51.4804],[-0.020037,51.480392],[-0.020304,51.480307],[-0.02031,51.480306],[-0.020317,51.480304],[-0.020323,51.480304],[-0.020329,51.480304],[-0.020334,51.480305],[-0.020339,51.480307],[-0.020345,51.48031],[-0.02035,51.480313],[-0.020352,51.480315],[-0.020353,51.480317],[-0.020354,51.480319],[-0.020354,51.480321],[-0.02041,51.480533],[-0.020413,51.480543],[-0.020456,51.480709],[-0.020401,51.480714],[-0.020415,51.480768],[-0.020419,51.480781],[-0.020444,51.480779],[-0.020481,51.480919],[-0.02032,51.480935],[-0.020325,51.480957],[-0.020109,51.480979],[-0.019978,51.480992],[-0.01989,51.481],[-0.019758,51.481014],[-0.019538,51.481038],[-0.01937,51.48104],[-0.019312,51.481046],[-0.019062,51.481069],[-0.019054,51.48107],[-0.018917,51.481084],[-0.018859,51.481091],[-0.018782,51.481099],[-0.018747,51.481102],[-0.017812,51.4812],[-0.017812,51.481196],[-0.017706,51.481207],[-0.017535,51.481225],[-0.017438,51.481235],[-0.017425,51.481236],[-0.017413,51.481237],[-0.0174,51.481239],[-0.017388,51.48124],[-0.017372,51.481241],[-0.017357,51.481241],[-0.017299,51.481244],[-0.017238,51.481247],[-0.017177,51.48125],[-0.017122,51.481252],[-0.017068,51.481254],[-0.016987,51.481256],[-0.016843,51.48126],[-0.016621,51.481264]]]]}},
{"type":"Feature","properties":{"fid":710,"OBJECTID":710,"Shape_Length":415.7073234156746,"Shape_Area":9374.656272817949,"in_cw":false,"whole_in_zone":true},"geometry":{"type":"MultiPolygon","coordinates":[[[[-0.018224,51.479353],[-0.018217,51.479351],[-0.018206,51.479346],[-0.018035,51.479264],[-0.017829,51.479142],[-0.017716,51.479078],[-0.017694,51.479065],[-0.017714,51.478936],[-0.017728,51.478802],[-0.017744,51.478669],[-0.017758,51.478541],[-0.017769,51.478443],[-0.017778,51.478316],[-0.01778,51.478275],[-0.017783,51.478246],[-0.017789,51.478187],[-0.017793,51.478151],[-0.017795,51.478123],[-0.017787,51.478076],[-0.017887,51.478072],[-0.018154,51.478077],[-0.018216,51.478079],[-0.018261,51.47808],[-0.018301,51.478082],[-0.018352,51.478084],[-0.018382,51.478085],[-0.018409,51.478086],[-0.018469,51.47809],[-0.018499,51.478092],[-0.01855,51.478096],[-0.018647,51.478103],[-0.018723,51.478109],[-0.018785,51.478113],[-0.018845,51.478117],[-0.018895,51.478121],[-0.018937,51.478124],[-0.018956,51.478114],[-0.019027,51.47812],[-0.019098,51.478126],[-0.019092,51.478153],[-0.019088,51.478183],[-0.019084,51.478202],[-0.019077,51.47821],[-0.018975,51.478206],[-0.01897,51.478225],[-0.018961,51.478249],[-0.018952,51.478274],[-0.018917,51.478361],[-0.018882,51.478443],[-0.018851,51.478516],[-0.018835,51.478551],[-0.018823,51.478586],[-0.018808,51.478622],[-0.018795,51.478648],[-0.018771,51.478709],[-0.018761,51.478731],[-0.018744,51.478774],[-0.018705,51.478862],[-0.018675,51.478937],[-0.01866,51.478972],[-0.018649,51.478996],[-0.018642,51.479023],[-0.018618,51.479054],[-0.018585,51.479094],[-0.018547,51.479143],[-0.018467,51.479244],[-0.018433,51.479288],[-0.018407,51.479319],[-0.018387,51.479348],[-0.018361,51.479374],[-0.018325,51.479384],[-0.018275,51.479368],[-0.018224,51.479353]]]]}},
{"type":"Feature","properties":{"fid":717,"OBJECTID":717,"Shape_Length":267.7868326203845,"Shape_Area":2603.617566029851,"in_cw":false,"whole_in_zone":true},"geometry":{"type":"MultiPolygon","coordinates":[[[[-0.020908,51.474739],[-0.020819,51.474699],[-0.020899,51.474634],[-0.020939,51.474603],[-0.020946,51.474598],[-0.020987,51.474568],[-0.021015,51.474548],[-0.021047,51.474526],[-0.02108,51.474503],[-0.021117,51.474478],[-0.021156,51.474451],[-0.021202,51.47442],[-0.021256,51.474407],[-0.021318,51.474391],[-0.021393,51.474385],[-0.021466,51.474378],[-0.021531,51.474372],[-0.021594,51.474367],[-0.02168,51.474372],[-0.021816,51.474379],[-0.021884,51.474381],[-0.021883,51.474389],[-0.021895,51.474391],[-0.022057,51.474399],[-0.022152,51.474422],[-0.022412,51.474495],[-0.022451,51.474577],[-0.022457,51.474589],[-0.022337,51.47459],[-0.022307,51.474591],[-0.022082,51.474598],[-0.021852,51.474607],[-0.021684,51.474611],[-0.021447,51.474615],[-0.021299,51.474689],[-0.021149,51.474752],[-0.021086,51.474731],[-0.021045,51.474796],[-0.020941,51.474757],[-0.020925,51.474749],[-0.020908,51.474739]]]]}},
{"type":"Feature","properties":{"fid":720,"OBJECTID":720,"Shape_Length":310.4807714126812,"Shape_Area":5166.813013034011,"in_cw":false,"whole_in_zone":true},"geometry":{"type":"MultiPolygon","coordinates":[[[[-0.014869,51.477374],[-0.014911,51.477375],[-0.014945,51.477405],[-0.014957,51.477414],[-0.014989,51.477448],[-0.015019,51.477478],[-0.015037,51.477493],[-0.015074,51.477525],[-0.015092,51.477539],[-0.015197,51.477613],[-0.015206,51.477618],[-0.015306,51.477684],[-0.015449,51.477781],[-0.015467,51.477793],[-0.015522,51.477875],[-0.015482,51.477895],[-0.015498,51.47791],[-0.0155,51.477937],[-0.015439,51.477939],[-0.015442,51.477981],[-0.015199,51.477985],[-0.015195,51.478005],[-0.015056,51.478007],[-0.015051,51.478007],[-0.014923,51.47801],[-0.014759,51.478013],[-0.014663,51.478014],[-0.014648,51.478014],[-0.01441,51.478014],[-0.01441,51.47802],[-0.014286,51.478022],[-0.014183,51.478025],[-0.014159,51.478026],[-0.014121,51.478028],[-0.014099,51.47803],[-0.014082,51.478032],[-0.014044,51.478035],[-0.014006,51.478039],[-0.013948,51.478047],[-0.013965,51.478019],[-0.013996,51.477967],[-0.014019,51.477928],[-0.014023,51.477922],[-0.014086,51.47782],[-0.014118,51.477763],[-0.014162,51.477686],[-0.014159,51.477682],[-0.014096,51.47761],[-0.014094,51.477608],[-0.014091,51.477606],[-0.014704,51.477424],[-0.014718,51.47742],[-0.014869,51.477374]]]]}},
{"type":"Feature","properties":{"fid":721,"OBJECTID":721,"Shape_Length":233.56323217059435,"Shape_Area":2666.544304627218,"in_cw":false,"whole_in_zone":true},"geometry":{"type":"MultiPolygon","coordinates":[[[[-0.023416,51.481434],[-0.023417,51.481363],[-0.023405,51.481305],[-0.023398,51.481269],[-0.023392,51.481245],[-0.023391,51.481223],[-0.023397,51.481223],[-0.023396,51.481205],[-0.023396,51.481193],[-0.023389,51.481099],[-0.023405,51.481087],[-0.023733,51.481075],[-0.023755,51.481075],[-0.023764,51.481076],[-0.023771,51.481077],[-0.023777,51.481077],[-0.023778,51.481077],[-0.02379,51.481078],[-0.023807,51.481081],[-0.024008,51.481122],[-0.024027,51.481125],[-0.024214,51.481163],[-0.024245,51.481169],[-0.024537,51.481227],[-0.024666,51.481252],[-0.024695,51.481275],[-0.024699,51.481365],[-0.024565,51.481375],[-0.024284,51.481395],[-0.024284,51.481396],[-0.024097,51.481408],[-0.024039,51.481411],[-0.023797,51.481427],[-0.023731,51.481431],[-0.023726,51.481431],[-0.023724,51.48143],[-0.023661,51.481432],[-0.023538,51.481439],[-0.023523,51.48144],[-0.023499,51.481442],[-0.023438,51.481444],[-0.023416,51.481434]]]]}},
{"type":"Feature","properties":{"fid":723,"OBJECTID":723,"Shape_Length":1405.0410040012114,"Shape_Area":97368.97969925519,"in_cw":false,"whole_in_zone":true},"geometry":{"type":"MultiPolygon","coordinates":[[[[-0.000418,51.501832],[0.000882,51.501598],[0.000871,51.501588],[0.000827,51.500949],[0.000824,51.50091],[0.000809,51.500746],[0.000807,51.500719],[0.000795,51.500506],[0.00079,51.500446],[0.000798,51.500373],[0.00081,51.50028],[0.000813,51.500262],[0.000815,51.50026],[0.000867,51.500054],[0.001407,51.498737],[0.001576,51.498209],[0.001634,51.497973],[0.001525,51.497952],[0.000836,51.497795],[0.00054,51.497733],[0.000014,51.497657],[-0.000914,51.497463],[-0.000929,51.497487],[-0.001098,51.497456],[-0.001635,51.498333],[-0.001625,51.498349],[-0.001443,51.498381],[-0.00159,51.498836],[-0.001861,51.498888],[-0.00193,51.49888],[-0.002157,51.499647],[-0.002191,51.499882],[-0.002192,51.500151],[-0.002176,51.500153],[-0.002233,51.500724],[-0.002229,51.501271],[-0.001837,51.501266],[-0.001838,51.501644],[-0.001982,51.501654],[-0.001904,51.501987],[-0.001568,51.501933],[-0.001521,51.502042],[-0.00152,51.50203],[-0.001516,51.502039],[-0.000908,51.501944],[-0.000573,51.501879],[-0.000418,51.501832]]]]}},
{"type":"Feature","properties":{"fid":725,"OBJECTID":725,"Shape_Length":730.7624922892447,"Shape_Area":28536.90861254683,"in_cw":false,"whole_in_zone":true},"geometry":{"type":"MultiPolygon","coordinates":[[[[0.010283,51.485553],[0.010284,51.48555],[0.010287,51.48555],[0.010297,51.485507],[0.010309,51.485463],[0.01032,51.48542],[0.010332,51.485375],[0.010342,51.485333],[0.010354,51.485289],[0.010365,51.485247],[0.010376,51.485202],[0.010386,51.48516],[0.010397,51.485115],[0.010408,51.485073],[0.010414,51.485048],[0.01042,51.485026],[0.010428,51.484993],[0.01043,51.484985],[0.01044,51.484943],[0.010453,51.484898],[0.010463,51.484854],[0.010473,51.484806],[0.010604,51.484817],[0.010604,51.484821],[0.010712,51.484828],[0.010728,51.484742],[0.01062,51.484735],[0.010619,51.484738],[0.010493,51.484732],[0.010491,51.484728],[0.01041,51.484715],[0.010396,51.484713],[0.010339,51.484704],[0.010271,51.484694],[0.010253,51.484691],[0.010201,51.484682],[0.010183,51.484679],[0.010175,51.484678],[0.010137,51.484672],[0.010101,51.484666],[0.010068,51.484661],[0.01,51.48465],[0.009929,51.484638],[0.009887,51.484632],[0.009861,51.484628],[0.009789,51.484616],[0.00975,51.48461],[0.009724,51.484605],[0.009657,51.484593],[0.009593,51.484582],[0.009589,51.484581],[0.009522,51.48457],[0.009455,51.484558],[0.009452,51.484558],[0.009385,51.484547],[0.009317,51.484537],[0.009282,51.484532],[0.009249,51.484526],[0.009182,51.484516],[0.009125,51.484507],[0.009118,51.484503],[0.009126,51.484473],[0.009168,51.484358],[0.00918,51.484326],[0.009177,51.484325],[0.008909,51.484287],[0.008707,51.484256],[0.008637,51.484246],[0.008522,51.48423],[0.008514,51.484229],[0.008501,51.484229],[0.008498,51.48423],[0.008496,51.48423],[0.008494,51.484231],[0.00849,51.484232],[0.008488,51.484232],[0.008486,51.484233],[0.008486,51.484234],[0.008484,51.484235],[0.008459,51.484291],[0.008449,51.484314],[0.008355,51.484538],[0.008322,51.484614],[0.008313,51.484635],[0.008272,51.484734],[0.008248,51.484803],[0.008207,51.484917],[0.008163,51.48504],[0.008126,51.485143],[0.008037,51.485382],[0.008012,51.485445],[0.007907,51.485704],[0.007867,51.485804],[0.007866,51.485807],[0.007892,51.485811],[0.007916,51.485816],[0.007926,51.485818],[0.007931,51.485821],[0.007934,51.485822],[0.007935,51.485824],[0.007937,51.485825],[0.007937,51.485827],[0.007937,51.48583],[0.007937,51.485832],[0.007935,51.485844],[0.008105,51.485957],[0.008112,51.485962],[0.008118,51.485966],[0.008121,51.48597],[0.008123,51.485971],[0.008125,51.485974],[0.008128,51.48598],[0.008129,51.485984],[0.00813,51.485988],[0.008131,51.485991],[0.008131,51.485993],[0.008203,51.486002],[0.008218,51.486004],[0.008207,51.486043],[0.008454,51.486071],[0.008752,51.486109],[0.008972,51.486134],[0.009738,51.486196],[0.010211,51.486204],[0.01021,51.486194],[0.010209,51.486128],[0.010203,51.486127],[0.010205,51.486076],[0.010206,51.486044],[0.010207,51.486038],[0.010209,51.486004],[0.010215,51.48595],[0.010222,51.485887],[0.010222,51.485884],[0.010222,51.485878],[0.010226,51.485851],[0.01023,51.485818],[0.01023,51.48581],[0.010234,51.485768],[0.010239,51.485726],[0.010239,51.485722],[0.01024,51.485715],[0.010251,51.48568],[0.010261,51.485637],[0.010273,51.485595],[0.010283,51.485553]]]]}},
{"type":"Feature","properties":{"fid":726,"OBJECTID":726,"Shape_Length":1078.5190559131522,"Shape_Area":47241.66130323248,"in_cw":false,"whole_in_zone":true},"geometry":{"type":"MultiPolygon","coordinates":[[[[0.004261,51.489448],[0.004144,51.489086],[0.004504,51.489044],[0.004511,51.489043],[0.004479,51.488949],[0.004457,51.488885],[0.004437,51.488817],[0.004436,51.488816],[0.004424,51.488815],[0.004412,51.488771],[0.004422,51.488769],[0.004417,51.488754],[0.004409,51.488725],[0.004401,51.488695],[0.004394,51.488669],[0.004383,51.488625],[0.004366,51.488555],[0.004365,51.488552],[0.004357,51.488517],[0.004348,51.48848],[0.004346,51.48847],[0.004341,51.488453],[0.004336,51.488432],[0.004332,51.488416],[0.00433,51.488399],[0.004325,51.48838],[0.004321,51.488355],[0.004318,51.488338],[0.004316,51.488325],[0.004315,51.48831],[0.004316,51.488291],[0.004313,51.488271],[0.004304,51.488218],[0.004299,51.488188],[0.004299,51.488187],[0.004291,51.488187],[0.004288,51.488141],[0.004294,51.488139],[0.004291,51.488088],[0.004309,51.488086],[0.004302,51.487954],[0.004302,51.487942],[0.0043,51.487921],[0.004298,51.487884],[0.004297,51.487855],[0.004283,51.487857],[0.004284,51.487826],[0.004296,51.487825],[0.004294,51.487782],[0.004289,51.487684],[0.004288,51.487656],[0.004285,51.487621],[0.004285,51.487618],[0.004284,51.4876],[0.004277,51.487488],[0.00315,51.487582],[0.002943,51.487598],[0.002889,51.48754],[0.002805,51.487457],[0.002716,51.487366],[0.002625,51.48727],[0.002495,51.487135],[0.002414,51.487086],[0.002369,51.487041],[0.002272,51.486947],[0.002232,51.486909],[0.002106,51.486785],[0.00208,51.486787],[0.0019,51.486799],[0.00142,51.486831],[0.001312,51.486836],[0.001297,51.486837],[0.001141,51.486846],[0.000912,51.486859],[0.000884,51.48686],[0.000863,51.486862],[0.000823,51.486864],[0.000799,51.486866],[0.000745,51.486869],[0.000669,51.486875],[0.000606,51.48688],[0.000514,51.486885],[0.000428,51.48689],[0.000321,51.486899],[0.000318,51.486899],[0.000314,51.486901],[0.000311,51.486902],[0.000307,51.486904],[0.000306,51.486906],[0.000305,51.486909],[0.000305,51.486914],[0.000306,51.486918],[0.000309,51.486922],[0.000313,51.486926],[0.000375,51.486984],[0.000386,51.486995],[0.000397,51.487005],[0.000409,51.487017],[0.00042,51.487028],[0.00043,51.487037],[0.00044,51.487045],[0.00048,51.487085],[0.000482,51.487089],[0.000485,51.487092],[0.000487,51.487093],[0.00049,51.487095],[0.000492,51.487098],[0.000494,51.487101],[0.000621,51.48722],[0.000647,51.487245],[0.000701,51.487305],[0.000798,51.4874],[0.000869,51.48747],[0.00094,51.487542],[0.000966,51.487568],[0.000972,51.487573],[0.001006,51.487606],[0.001111,51.487725],[0.001175,51.487737],[0.001281,51.487699],[0.001314,51.487711],[0.001364,51.487725],[0.001528,51.487949],[0.001491,51.488009],[0.001356,51.488035],[0.001432,51.488142],[0.001498,51.488235],[0.001511,51.488253],[0.001582,51.488355],[0.001584,51.488357],[0.001588,51.488363],[0.001611,51.488397],[0.001648,51.488444],[0.001674,51.488454],[0.002011,51.488418],[0.002033,51.488416],[0.002036,51.488415],[0.002068,51.488412],[0.002111,51.488503],[0.00213,51.488538],[0.002152,51.488585],[0.002169,51.488626],[0.002186,51.488664],[0.002204,51.488705],[0.002208,51.488715],[0.002209,51.488717],[0.002232,51.488767],[0.002251,51.488812],[0.002277,51.488869],[0.002285,51.488888],[0.00232,51.488965],[0.002343,51.489017],[0.00235,51.489034],[0.002361,51.489034],[0.002401,51.489169],[0.002418,51.489222],[0.002424,51.489244],[0.002475,51.489433],[0.002474,51.489432],[0.002508,51.489555],[0.004261,51.489448]]]]}},
{"type":"Feature","properties":{"fid":729,"OBJECTID":729,"Shape_Length":1565.0193621809678,"Shape_Area":165286.74646048967,"in_cw":false,"whole_in_zone":true},"geometry":{"type":"MultiPolygon","coordinates":[[[[0.006272,51.503417],[0.005947,51.50327],[0.005944,51.503269],[0.005941,51.503267],[0.005937,51.503265],[0.005933,51.503263],[0.005923,51.503256],[0.005917,51.503251],[0.005914,51.503248],[0.005912,51.503246],[0.005909,51.503243],[0.005907,51.50324],[0.005903,51.503234],[0.005901,51.503231],[0.0059,51.503229],[0.005898,51.503226],[0.005897,51.503223],[0.005896,51.50322],[0.005895,51.503216],[0.005895,51.503213],[0.005894,51.503209],[0.005894,51.503207],[0.005894,51.503204],[0.005921,51.503076],[0.005929,51.502873],[0.005881,51.50262],[0.005825,51.502474],[0.005722,51.502284],[0.005549,51.502069],[0.005253,51.50179],[0.004922,51.501603],[0.004636,51.50148],[0.004397,51.501399],[0.003967,51.501297],[0.003714,51.501257],[0.003274,51.501232],[0.002915,51.50124],[0.002587,51.501277],[0.000821,51.50161],[-0.000418,51.501832],[-0.000573,51.501879],[-0.000908,51.501944],[-0.001516,51.502039],[-0.00152,51.50203],[-0.001521,51.502042],[-0.001723,51.502076],[-0.00173,51.502062],[-0.002053,51.502116],[-0.002079,51.502142],[-0.001958,51.50243],[-0.001713,51.502889],[-0.001536,51.503116],[-0.001345,51.503305],[-0.000739,51.503799],[-0.000279,51.504051],[-0.000024,51.504212],[0.00028,51.504335],[0.000508,51.504305],[0.000882,51.504454],[0.001383,51.504596],[0.001847,51.504695],[0.001949,51.50483],[0.002017,51.504845],[0.002699,51.504925],[0.003195,51.504915],[0.003258,51.504939],[0.004168,51.50482],[0.005165,51.504388],[0.005168,51.504325],[0.005659,51.503973],[0.00564,51.503965],[0.006272,51.503417]]]]}},
{"type":"Feature","properties":{"fid":730,"OBJECTID":730,"Shape_Length":232.38668091521268,"Shape_Area":3246.4051272332326,"in_cw":false,"whole_in_zone":true},"geometry":{"type":"MultiPolygon","coordinates":[[[[-0.010876,51.478781],[-0.010984,51.478726],[-0.01099,51.478728],[-0.011081,51.478687],[-0.011156,51.478652],[-0.011176,51.478667],[-0.011195,51.478659],[-0.011202,51.478656],[-0.011227,51.47867],[-0.01126,51.478691],[-0.011265,51.478694],[-0.011271,51.478698],[-0.011276,51.4787],[-0.01128,51.478703],[-0.011285,51.478707],[-0.011288,51.478711],[-0.011296,51.478716],[-0.011346,51.478758],[-0.011481,51.478869],[-0.011572,51.478946],[-0.011395,51.479041],[-0.011356,51.479062],[-0.011303,51.479091],[-0.01125,51.479121],[-0.011195,51.47915],[-0.011208,51.479159],[-0.011149,51.479191],[-0.010814,51.479373],[-0.010666,51.479268],[-0.010659,51.479263],[-0.0106,51.479222],[-0.010551,51.479188],[-0.0105,51.479157],[-0.010457,51.479135],[-0.010434,51.479124],[-0.010407,51.479109],[-0.010437,51.479084],[-0.010532,51.479005],[-0.010614,51.478941],[-0.010619,51.478937],[-0.010696,51.478885],[-0.010732,51.47886],[-0.01074,51.478855],[-0.010769,51.478837],[-0.010779,51.478832],[-0.010791,51.478826],[-0.010876,51.478781]]]]}},
{"type":"Feature","properties":{"fid":732,"OBJECTID":732,"Shape_Length":336.44963664915946,"Shape_Area":3890.0957447758005,"in_cw":false,"whole_in_zone":true},"geometry":{"type":"MultiPolygon","coordinates":[[[[-0.017568,51.478754],[-0.016447,51.478269],[-0.016002,51.478277],[-0.01591,51.478277],[-0.015908,51.478232],[-0.015902,51.478209],[-0.016025,51.478203],[-0.016195,51.478189],[-0.016315,51.478178],[-0.016439,51.478165],[-0.016619,51.478147],[-0.016775,51.478132],[-0.016989,51.478116],[-0.016986,51.4781],[-0.017036,51.478098],[-0.017091,51.478094],[-0.017236,51.478087],[-0.017418,51.478079],[-0.017557,51.478078],[-0.017583,51.478078],[-0.017579,51.478144],[-0.017578,51.478169],[-0.017576,51.478246],[-0.017604,51.478246],[-0.017581,51.478526],[-0.017569,51.478645],[-0.017569,51.478647],[-0.017568,51.478677],[-0.017568,51.478711],[-0.017568,51.478754]]]]}},
{"type":"Feature","properties":{"fid":734,"OBJECTID":734,"Shape_Length":1709.951427934376,"Shape_Area":94228.20648485159,"in_cw":false,"whole_in_zone":true},"geometry":{"type":"MultiPolygon","coordinates":[[[[0.003764,51.497958],[0.006447,51.499133],[0.00647,51.499144],[0.006478,51.499139],[0.006479,51.499138],[0.00648,51.499137],[0.0065,51.499119],[0.006582,51.499027],[0.006596,51.499011],[0.006576,51.499005],[0.006654,51.498913],[0.006779,51.498757],[0.006835,51.49868],[0.006886,51.498602],[0.006947,51.49851],[0.007003,51.498416],[0.007076,51.498285],[0.007101,51.498239],[0.00712,51.498205],[0.00713,51.498184],[0.007146,51.498151],[0.007186,51.498063],[0.007229,51.497958],[0.007248,51.497913],[0.007299,51.497787],[0.007356,51.497651],[0.00738,51.497599],[0.007434,51.497473],[0.007485,51.497348],[0.007527,51.497248],[0.007535,51.497232],[0.007578,51.49714],[0.0076,51.497101],[0.007623,51.497063],[0.007647,51.497025],[0.007674,51.496985],[0.007703,51.496945],[0.007732,51.496906],[0.007762,51.496868],[0.007794,51.49683],[0.007828,51.496793],[0.007862,51.496756],[0.007894,51.496722],[0.007928,51.49669],[0.007964,51.496658],[0.008,51.496626],[0.008037,51.496595],[0.008053,51.496581],[0.008134,51.496508],[0.008198,51.496469],[0.008228,51.496448],[0.008237,51.496442],[0.008284,51.49641],[0.008376,51.496353],[0.008491,51.49629],[0.008523,51.496274],[0.008563,51.496254],[0.008609,51.49623],[0.008626,51.496222],[0.008742,51.49617],[0.008866,51.49612],[0.009074,51.496047],[0.009213,51.495998],[0.009356,51.495949],[0.009466,51.495911],[0.009545,51.495881],[0.009827,51.495776],[0.010115,51.495661],[0.01039,51.495549],[0.010663,51.495433],[0.01094,51.495312],[0.011094,51.495244],[0.01121,51.495187],[0.011264,51.495164],[0.0114,51.495102],[0.01164,51.494982],[0.011811,51.4949],[0.011858,51.494876],[0.011741,51.494799],[0.011609,51.494718],[0.011489,51.494645],[0.011386,51.494581],[0.011187,51.494456],[0.011076,51.494387],[0.010962,51.494316],[0.010838,51.494242],[0.010765,51.494196],[0.010712,51.494162],[0.010692,51.494151],[0.010662,51.494137],[0.010571,51.494094],[0.010455,51.494039],[0.010347,51.493988],[0.010269,51.49395],[0.010211,51.493922],[0.010151,51.493893],[0.010097,51.49387],[0.010051,51.493853],[0.010009,51.49384],[0.009973,51.49383],[0.00993,51.493822],[0.009904,51.493819],[0.009869,51.493816],[0.009833,51.493817],[0.009794,51.493822],[0.00975,51.493831],[0.009714,51.493842],[0.009678,51.493854],[0.009646,51.493869],[0.009609,51.493888],[0.009576,51.493908],[0.00954,51.493937],[0.00948,51.493989],[0.009388,51.49408],[0.009304,51.494168],[0.00925,51.494226],[0.00918,51.494299],[0.009089,51.494389],[0.008999,51.49447],[0.008875,51.494582],[0.008699,51.494741],[0.008527,51.494896],[0.008226,51.495195],[0.008175,51.495244],[0.008153,51.495266],[0.008098,51.49532],[0.007968,51.495438],[0.007833,51.495552],[0.007713,51.495648],[0.007606,51.49573],[0.00751,51.495798],[0.007415,51.495867],[0.007278,51.495957],[0.007162,51.496028],[0.007069,51.496087],[0.007061,51.496092],[0.007052,51.496096],[0.006789,51.496248],[0.006759,51.496265],[0.006734,51.49628],[0.006502,51.496415],[0.006269,51.496547],[0.006261,51.496552],[0.006123,51.496626],[0.005984,51.496698],[0.005835,51.496771],[0.005681,51.49684],[0.005622,51.496865],[0.005499,51.496918],[0.00544,51.496943],[0.005433,51.496945],[0.005427,51.496948],[0.005421,51.49695],[0.005408,51.496955],[0.005402,51.496958],[0.005395,51.49696],[0.005389,51.496962],[0.005383,51.496965],[0.00537,51.49697],[0.005364,51.496972],[0.005351,51.496977],[0.005345,51.496979],[0.005339,51.496982],[0.005332,51.496984],[0.005326,51.496987],[0.005319,51.496989],[0.005313,51.496991],[0.0053,51.496996],[0.005288,51.497001],[0.005281,51.497004],[0.005275,51.497006],[0.005268,51.497008],[0.005262,51.497011],[0.005256,51.497013],[0.005249,51.497016],[0.005237,51.49702],[0.00523,51.497023],[0.005205,51.497032],[0.005198,51.497035],[0.005192,51.497037],[0.005186,51.497039],[0.005173,51.497044],[0.005146,51.497053],[0.005141,51.497053],[0.004804,51.49717],[0.004609,51.497201],[0.004546,51.497224],[0.004499,51.497241],[0.004417,51.497269],[0.004324,51.497301],[0.004319,51.497303],[0.004232,51.497335],[0.004171,51.497357],[0.004111,51.497381],[0.004052,51.497405],[0.003993,51.497429],[0.00395,51.497449],[0.003906,51.497469],[0.003864,51.497489],[0.003821,51.497511],[0.003798,51.497523],[0.003787,51.497529],[0.003774,51.497536],[0.003762,51.497542],[0.003751,51.497548],[0.00374,51.497555],[0.003729,51.497561],[0.003716,51.497568],[0.003705,51.497575],[0.003695,51.497582],[0.003684,51.497588],[0.003674,51.497596],[0.003665,51.497602],[0.003656,51.497609],[0.003648,51.497616],[0.003641,51.497624],[0.003633,51.497631],[0.003627,51.497639],[0.003623,51.497644],[0.00362,51.497649],[0.003615,51.497654],[0.003612,51.497659],[0.003607,51.497664],[0.003604,51.497669],[0.003599,51.497674],[0.003596,51.497679],[0.003593,51.497684],[0.00359,51.497689],[0.003586,51.497694],[0.003583,51.497699],[0.003581,51.497705],[0.003578,51.49771],[0.003577,51.497715],[0.003575,51.49772],[0.003573,51.497726],[0.003571,51.497731],[0.00357,51.497738],[0.00357,51.497745],[0.00357,51.497752],[0.003569,51.497759],[0.003571,51.497766],[0.003572,51.497773],[0.003573,51.49778],[0.003575,51.497787],[0.003578,51.497793],[0.00358,51.497799],[0.003581,51.497805],[0.003583,51.49781],[0.003586,51.497816],[0.003589,51.497822],[0.003592,51.497828],[0.003594,51.497833],[0.0036,51.49784],[0.003606,51.497847],[0.003612,51.497854],[0.003616,51.497861],[0.003624,51.497868],[0.00363,51.497874],[0.003636,51.497881],[0.003657,51.497904],[0.003764,51.497958]]]]}},
{"type":"Feature","properties":{"fid":737,"OBJECTID":737,"Shape_Length":288.29089074810383,"Shape_Area":2820.8338056982184,"in_cw":false,"whole_in_zone":true},"geometry":{"type":"MultiPolygon","coordinates":[[[[0.007079,51.4861],[0.00705,51.486062],[0.006933,51.486097],[0.006599,51.486196],[0.006715,51.486352],[0.006832,51.486573],[0.007141,51.48718],[0.007364,51.487127],[0.007373,51.487121],[0.00736,51.487081],[0.007333,51.486997],[0.007316,51.486948],[0.007291,51.48688],[0.00727,51.48681],[0.007266,51.4868],[0.007247,51.486749],[0.007208,51.486635],[0.007204,51.486621],[0.007157,51.48648],[0.007151,51.486461],[0.007144,51.486436],[0.007134,51.4864],[0.007124,51.48636],[0.007114,51.486323],[0.007106,51.486289],[0.007095,51.486252],[0.00709,51.486196],[0.007084,51.48615],[0.007083,51.486122],[0.007078,51.486102],[0.007079,51.4861]]]]}},
{"type":"Feature","properties":{"fid":744,"OBJECTID":744,"Shape_Length":1009.5091003544562,"Shape_Area":49032.241524226876,"in_cw":false,"whole_in_zone":true},"geometry":{"type":"MultiPolygon","coordinates":[[[[0.008807,51.494004],[0.008828,51.493979],[0.00885,51.493955],[0.00887,51.493926],[0.008892,51.493897],[0.008913,51.493869],[0.008938,51.493827],[0.008967,51.493775],[0.008997,51.493718],[0.009015,51.493676],[0.009032,51.493635],[0.00905,51.493585],[0.009061,51.493547],[0.00907,51.493512],[0.009077,51.493468],[0.009081,51.493429],[0.009084,51.493388],[0.009081,51.493353],[0.009077,51.493333],[0.009072,51.493314],[0.009061,51.49329],[0.00905,51.493269],[0.009036,51.493242],[0.009005,51.493205],[0.008964,51.493165],[0.008914,51.493126],[0.008883,51.493105],[0.008908,51.493085],[0.008895,51.493078],[0.008882,51.493071],[0.008869,51.493064],[0.008855,51.493057],[0.008841,51.493051],[0.008826,51.493044],[0.008811,51.493038],[0.008796,51.493031],[0.00878,51.493025],[0.008764,51.49302],[0.008748,51.493014],[0.008734,51.49301],[0.008719,51.493006],[0.008705,51.493003],[0.008691,51.492999],[0.008676,51.492996],[0.008662,51.492993],[0.008647,51.49299],[0.008632,51.492987],[0.008614,51.492984],[0.008596,51.492981],[0.008578,51.492978],[0.00856,51.492976],[0.008542,51.492974],[0.008523,51.492973],[0.008503,51.492971],[0.008483,51.49297],[0.008463,51.49297],[0.008443,51.492969],[0.008423,51.492969],[0.008403,51.492969],[0.008388,51.492969],[0.008372,51.49297],[0.008357,51.492971],[0.008342,51.492972],[0.008327,51.492975],[0.008318,51.492977],[0.00831,51.492978],[0.008301,51.49298],[0.008293,51.492982],[0.008276,51.492986],[0.008267,51.492988],[0.008259,51.492991],[0.008243,51.492995],[0.008228,51.493],[0.008178,51.493015],[0.008129,51.493032],[0.008079,51.493049],[0.008031,51.493066],[0.00802,51.49307],[0.007995,51.493079],[0.007961,51.493094],[0.007926,51.49311],[0.007683,51.493221],[0.007667,51.493229],[0.007657,51.493234],[0.007647,51.49324],[0.007634,51.493248],[0.007621,51.493256],[0.007609,51.493264],[0.007597,51.493273],[0.007584,51.493282],[0.007573,51.493291],[0.00756,51.493299],[0.007481,51.493358],[0.007266,51.493518],[0.007062,51.493669],[0.006881,51.493803],[0.006738,51.493903],[0.006591,51.494001],[0.006576,51.494011],[0.006602,51.494028],[0.006581,51.494041],[0.006555,51.494024],[0.006514,51.494049],[0.006484,51.494066],[0.006288,51.49417],[0.006223,51.494206],[0.006167,51.494236],[0.00607,51.494289],[0.006016,51.494318],[0.005965,51.49435],[0.005719,51.494507],[0.005508,51.494646],[0.005448,51.494682],[0.005497,51.494715],[0.005513,51.494726],[0.005793,51.494916],[0.005675,51.494977],[0.005082,51.495281],[0.004913,51.495368],[0.005128,51.495557],[0.005135,51.495562],[0.005314,51.495722],[0.005362,51.495778],[0.005441,51.495877],[0.005445,51.495881],[0.00549,51.495923],[0.005542,51.495977],[0.005553,51.495986],[0.005603,51.496036],[0.005708,51.496117],[0.00585,51.496215],[0.00585,51.496218],[0.005929,51.496278],[0.006012,51.49633],[0.006026,51.496328],[0.006627,51.495985],[0.006752,51.495911],[0.007069,51.495709],[0.007099,51.49569],[0.00716,51.495645],[0.00726,51.495568],[0.007332,51.495508],[0.007415,51.495444],[0.007513,51.495358],[0.007684,51.495203],[0.007771,51.49512],[0.007823,51.495064],[0.007854,51.495029],[0.007871,51.495008],[0.008059,51.49479],[0.008065,51.494784],[0.008071,51.494779],[0.008083,51.494767],[0.008089,51.494761],[0.008095,51.494755],[0.008151,51.494692],[0.008192,51.494647],[0.008468,51.494355],[0.008721,51.494093],[0.008807,51.494004]]]]}},
{"type":"Feature","properties":{"fid":747,"OBJECTID":747,"Shape_Length":709.6836838069452,"Shape_Area":25449.645806639484,"in_cw":false,"whole_in_zone":true},"geometry":{"type":"MultiPolygon","coordinates":[[[[-0.085681,51.487889],[-0.085997,51.487736],[-0.08653,51.487463],[-0.087878,51.488528],[-0.08872,51.489158],[-0.088886,51.489348],[-0.088968,51.489543],[-0.086838,51.489497],[-0.086593,51.489138],[-0.086144,51.488623],[-0.086019,51.488427],[-0.085906,51.488114],[-0.085681,51.487889]]]]}},
{"type":"Feature","properties":{"fid":750,"OBJECTID":750,"Shape_Length":2090.903644304454,"Shape_Area":197124.54261774343,"in_cw":false,"whole_in_zone":true},"geometry":{"type":"MultiPolygon","coordinates":[[[[0.009154,51.500384],[0.008511,51.500097],[0.008387,51.500041],[0.007462,51.499625],[0.007464,51.499625],[0.006447,51.499133],[0.003764,51.497958],[0.002413,51.497292],[0.002229,51.497224],[0.001931,51.497196],[0.001743,51.497847],[0.001699,51.497991],[0.001652,51.498156],[0.001483,51.498765],[0.001372,51.499048],[0.001312,51.499191],[0.000821,51.500255],[0.000815,51.50026],[0.00081,51.50028],[0.000793,51.500444],[0.000827,51.500949],[0.00085,51.501204],[0.000875,51.501559],[0.000869,51.501564],[0.000871,51.501588],[0.000882,51.501598],[0.002385,51.501311],[0.00245,51.501299],[0.002515,51.501288],[0.002587,51.501277],[0.002673,51.501265],[0.002714,51.501259],[0.002738,51.501256],[0.002785,51.50125],[0.002845,51.501246],[0.002915,51.50124],[0.002995,51.501236],[0.00306,51.501233],[0.003141,51.501232],[0.003205,51.501231],[0.003274,51.501232],[0.003356,51.501236],[0.003435,51.501239],[0.003499,51.501243],[0.00359,51.501248],[0.003665,51.501254],[0.003714,51.501257],[0.003848,51.501275],[0.003967,51.501297],[0.004113,51.50133],[0.004243,51.501359],[0.004397,51.501399],[0.004528,51.501439],[0.004636,51.50148],[0.00476,51.50153],[0.004922,51.501603],[0.005051,51.50167],[0.005164,51.501734],[0.005253,51.50179],[0.005261,51.501796],[0.005489,51.502008],[0.005549,51.502069],[0.005606,51.502132],[0.005675,51.502218],[0.005722,51.502284],[0.005747,51.502323],[0.005771,51.502362],[0.005791,51.502402],[0.005808,51.502438],[0.005825,51.502474],[0.005841,51.50251],[0.005856,51.502546],[0.00587,51.502583],[0.005881,51.50262],[0.005911,51.502742],[0.005917,51.502779],[0.005925,51.502823],[0.005926,51.502838],[0.005929,51.502873],[0.00593,51.502915],[0.005929,51.502956],[0.005929,51.502982],[0.005929,51.503008],[0.005926,51.503047],[0.005921,51.503076],[0.005917,51.503107],[0.005907,51.503146],[0.005898,51.503187],[0.005895,51.503201],[0.005894,51.503204],[0.005894,51.503209],[0.005895,51.50321],[0.005895,51.503213],[0.005897,51.503223],[0.005903,51.503234],[0.005907,51.50324],[0.005909,51.503243],[0.005912,51.503246],[0.005914,51.503248],[0.005917,51.503251],[0.00592,51.503253],[0.005923,51.503256],[0.005926,51.503258],[0.005929,51.50326],[0.005933,51.503263],[0.005937,51.503265],[0.005941,51.503267],[0.005947,51.50327],[0.005948,51.50327],[0.006272,51.503417],[0.006285,51.503423],[0.006665,51.503094],[0.006681,51.503101],[0.006685,51.503103],[0.006743,51.503052],[0.00673,51.503046],[0.007178,51.502664],[0.007179,51.502662],[0.00719,51.502653],[0.007259,51.502594],[0.007279,51.502577],[0.007332,51.502531],[0.007355,51.50251],[0.007372,51.502495],[0.007378,51.50249],[0.007414,51.502459],[0.00745,51.502427],[0.007619,51.502277],[0.007682,51.50222],[0.007703,51.502229],[0.007726,51.502239],[0.007917,51.502195],[0.007917,51.502185],[0.007917,51.502162],[0.007916,51.502119],[0.007916,51.502095],[0.007915,51.502068],[0.007892,51.502058],[0.007872,51.50205],[0.007984,51.50195],[0.008083,51.50186],[0.008132,51.501816],[0.00823,51.501732],[0.008318,51.501656],[0.008453,51.50154],[0.008947,51.501105],[0.008987,51.501071],[0.009006,51.501054],[0.009024,51.501038],[0.009043,51.501022],[0.00906,51.501007],[0.009254,51.500841],[0.00927,51.500827],[0.009458,51.500666],[0.009515,51.500616],[0.009572,51.500567],[0.009154,51.500384]]]]}},
{"type":"Feature","properties":{"fid":754,"OBJECTID":754,"Shape_Length":135.56044487781006,"Shape_Area":989.7790190596877,"in_cw":false,"whole_in_zone":true},"geometry":{"type":"MultiPolygon","coordinates":[[[[-0.01344,51.482648],[-0.013464,51.482361],[-0.013609,51.48237],[-0.013991,51.482393],[-0.013959,51.482618],[-0.013602,51.4826],[-0.013593,51.482655],[-0.01344,51.482648]]]]}},
{"type":"Feature","properties":{"fid":763,"OBJECTID":763,"Shape_Length":574.4395753093561,"Shape_Area":6351.045921015614,"in_cw":false,"whole_in_zone":true},"geometry":{"type":"MultiPolygon","coordinates":[[[[-0.010979,51.481369],[-0.010976,51.481302],[-0.010967,51.481302],[-0.01096,51.481302],[-0.010961,51.481265],[-0.010959,51.481256],[-0.010952,51.481235],[-0.010948,51.481168],[-0.01098,51.481166],[-0.011019,51.481163],[-0.011061,51.481161],[-0.011155,51.481154],[-0.011456,51.481133],[-0.011472,51.481132],[-0.011494,51.481131],[-0.011467,51.48105],[-0.011446,51.480991],[-0.011436,51.480965],[-0.011495,51.480963],[-0.011509,51.480962],[-0.011733,51.480949],[-0.01176,51.480948],[-0.011851,51.480942],[-0.011948,51.480937],[-0.011949,51.480945],[-0.01195,51.480973],[-0.012258,51.480993],[-0.01235,51.480999],[-0.012394,51.481047],[-0.012391,51.481079],[-0.012394,51.481126],[-0.012412,51.481128],[-0.01245,51.48113],[-0.012578,51.481139],[-0.012605,51.48114],[-0.012621,51.481141],[-0.012637,51.481142],[-0.012652,51.481143],[-0.012665,51.481145],[-0.012694,51.481148],[-0.012722,51.48115],[-0.012727,51.481151],[-0.012917,51.48117],[-0.013032,51.481183],[-0.013085,51.481189],[-0.013128,51.481194],[-0.013226,51.481206],[-0.013279,51.481211],[-0.013279,51.481209],[-0.013352,51.48122],[-0.013481,51.481238],[-0.013512,51.481244],[-0.013526,51.481245],[-0.01355,51.481248],[-0.013576,51.481251],[-0.013599,51.481254],[-0.013624,51.481256],[-0.013648,51.481257],[-0.01367,51.481259],[-0.013706,51.481261],[-0.013742,51.481263],[-0.013762,51.481264],[-0.013784,51.481265],[-0.013843,51.481265],[-0.013951,51.481263],[-0.014043,51.481259],[-0.014118,51.481258],[-0.014131,51.481257],[-0.014351,51.481252],[-0.014544,51.481248],[-0.014541,51.481337],[-0.014294,51.481356],[-0.014038,51.481378],[-0.013999,51.481378],[-0.013788,51.481378],[-0.013596,51.481377],[-0.013526,51.481377],[-0.013509,51.481377],[-0.013479,51.481377],[-0.013349,51.481383],[-0.013274,51.481381],[-0.013137,51.481381],[-0.012883,51.481379],[-0.01279,51.481379],[-0.012736,51.481378],[-0.012625,51.481378],[-0.012471,51.481378],[-0.012283,51.481378],[-0.012018,51.481376],[-0.012018,51.481362],[-0.011915,51.481362],[-0.011892,51.481362],[-0.011735,51.481361],[-0.01172,51.481361],[-0.011538,51.481364],[-0.01154,51.481372],[-0.011336,51.48137],[-0.010979,51.481369]]]]}},
{"type":"Feature","properties":{"fid":768,"OBJECTID":768,"Shape_Length":482.111967737437,"Shape_Area":8094.979175093615,"in_cw":false,"whole_in_zone":true},"geometry":{"type":"MultiPolygon","coordinates":[[[[-0.007837,51.480718],[-0.0078,51.480672],[-0.007969,51.480621],[-0.00804,51.480597],[-0.00808,51.480575],[-0.008042,51.480522],[-0.008112,51.4805],[-0.008074,51.480449],[-0.008055,51.480424],[-0.008044,51.48041],[-0.008036,51.480399],[-0.008026,51.480387],[-0.00801,51.480365],[-0.007997,51.480348],[-0.007993,51.480344],[-0.007978,51.480324],[-0.007956,51.480297],[-0.007944,51.480281],[-0.007938,51.480274],[-0.007936,51.480271],[-0.007921,51.480251],[-0.007892,51.480213],[-0.007881,51.4802],[-0.00785,51.480158],[-0.007841,51.480146],[-0.007794,51.480082],[-0.00773,51.480101],[-0.00771,51.480107],[-0.007676,51.480065],[-0.007645,51.480023],[-0.007612,51.479983],[-0.007577,51.479938],[-0.007546,51.479895],[-0.007541,51.479889],[-0.00744,51.479751],[-0.007404,51.479691],[-0.007526,51.479662],[-0.007539,51.479691],[-0.007572,51.47977],[-0.007602,51.479839],[-0.007622,51.479836],[-0.007626,51.47984],[-0.007729,51.479822],[-0.00777,51.479814],[-0.007825,51.479802],[-0.007894,51.47979],[-0.007944,51.47978],[-0.008003,51.479769],[-0.00806,51.479758],[-0.008064,51.479762],[-0.008121,51.479718],[-0.008136,51.479707],[-0.008166,51.479678],[-0.008173,51.47968],[-0.008213,51.479621],[-0.008236,51.47959],[-0.008433,51.479683],[-0.008478,51.479708],[-0.008633,51.479797],[-0.008676,51.479821],[-0.008692,51.479831],[-0.008709,51.47984],[-0.008728,51.479851],[-0.008747,51.479861],[-0.008759,51.479867],[-0.008771,51.479873],[-0.00878,51.479879],[-0.008792,51.479885],[-0.008804,51.47989],[-0.008817,51.479895],[-0.00883,51.479902],[-0.008843,51.479909],[-0.008881,51.479928],[-0.008885,51.479931],[-0.00889,51.479934],[-0.008894,51.479936],[-0.008897,51.479938],[-0.0089,51.47994],[-0.008902,51.479942],[-0.008909,51.479948],[-0.008911,51.479951],[-0.008914,51.479955],[-0.008922,51.479963],[-0.008955,51.480002],[-0.008991,51.480077],[-0.009017,51.480165],[-0.009021,51.480173],[-0.009036,51.480271],[-0.009052,51.48035],[-0.009059,51.480403],[-0.008825,51.480429],[-0.008784,51.480433],[-0.008671,51.480492],[-0.008689,51.480564],[-0.008621,51.480575],[-0.00867,51.480683],[-0.008657,51.480688],[-0.008617,51.480704],[-0.008546,51.480731],[-0.008491,51.480747],[-0.008451,51.480759],[-0.008383,51.480782],[-0.008331,51.480798],[-0.008299,51.480808],[-0.008286,51.480812],[-0.008236,51.480763],[-0.008211,51.48073],[-0.008129,51.480705],[-0.007908,51.48081],[-0.007899,51.480799],[-0.007867,51.480758],[-0.007846,51.480732],[-0.007837,51.480718]]]]}},
{"type":"Feature","properties":{"fid":771,"OBJECTID":771,"Shape_Length":481.30744329344725,"Shape_Area":14160.589301621443,"in_cw":false,"whole_in_zone":true},"geometry":{"type":"MultiPolygon","coordinates":[[[[-0.085865,51.488494],[-0.084862,51.488902],[-0.084748,51.488821],[-0.084321,51.488997],[-0.084104,51.488727],[-0.084171,51.4887],[-0.083635,51.488208],[-0.085032,51.487547],[-0.085096,51.487591],[-0.085366,51.48781],[-0.085648,51.488006],[-0.085788,51.488209],[-0.085865,51.488494]]]]}},
{"type":"Feature","properties":{"fid":809,"OBJECTID":809,"Shape_Length":595.0731046220691,"Shape_Area":15377.576143866025,"in_cw":false,"whole_in_zone":true},"geometry":{"type":"MultiPolygon","coordinates":[[[[-0.092056,51.484096],[-0.092063,51.483914],[-0.092139,51.48392],[-0.09186,51.482597],[-0.09264,51.482511],[-0.092706,51.483087],[-0.093272,51.483043],[-0.093326,51.483134],[-0.0938,51.48308],[-0.093129,51.484275],[-0.092056,51.484096]]]]}},
{"type":"Feature","properties":{"fid":1113,"OBJECTID":1113,"Shape_Length":84.54728021780295,"Shape_Area":360.8562500249362,"in_cw":false,"whole_in_zone":false},"geometry":{"type":"MultiPolygon","coordinates":[[[[-0.087319,51.52391],[-0.087323,51.523931],[-0.087329,51.523965],[-0.087316,51.523967],[-0.087318,51.52398],[-0.086896,51.524012],[-0.086878,51.523926],[-0.086897,51.523924],[-0.086896,51.523903],[-0.086948,51.523899],[-0.087009,51.523895],[-0.087205,51.52388],[-0.087312,51.523872],[-0.087319,51.523908],[-0.087319,51.52391]]]]}},
{"type":"Feature","properties":{"fid":1114,"OBJECTID":1114,"Shape_Length":254.98634572155197,"Shape_Area":3344.4470999898012,"in_cw":false,"whole_in_zone":true},"geometry":{"type":"MultiPolygon","coordinates":[[[[-0.088797,51.51983],[-0.088781,51.519899],[-0.088764,51.519961],[-0.088484,51.519929],[-0.088476,51.519956],[-0.088151,51.519919],[-0.087851,51.519885],[-0.087836,51.519936],[-0.087644,51.519914],[-0.087618,51.519911],[-0.087632,51.519854],[-0.087659,51.519766],[-0.087681,51.519683],[-0.087722,51.519545],[-0.087765,51.519395],[-0.087787,51.519384],[-0.087872,51.519412],[-0.088038,51.519465],[-0.088107,51.519489],[-0.088166,51.519507],[-0.088298,51.519553],[-0.088618,51.519656],[-0.088687,51.519681],[-0.088697,51.519683],[-0.088701,51.519684],[-0.088704,51.519686],[-0.088706,51.519688],[-0.088729,51.519694],[-0.088761,51.519704],[-0.088816,51.51975],[-0.088797,51.51983]]]]}},
{"type":"Feature","properties":{"fid":1120,"OBJECTID":1120,"Shape_Length":297.04042211601484,"Shape_Area":4749.8617499664315,"in_cw":false,"whole_in_zone":true},"geometry":{"type":"MultiPolygon","coordinates":[[[[-0.085544,51.523906],[-0.084943,51.523888],[-0.084937,51.523866],[-0.08486,51.523868],[-0.08486,51.523854],[-0.084323,51.523875],[-0.084441,51.523414],[-0.084817,51.523401],[-0.085697,51.523369],[-0.08571,51.523519],[-0.085691,51.523549],[-0.085658,51.523542],[-0.085601,51.523633],[-0.085655,51.523647],[-0.085599,51.523764],[-0.085591,51.523763],[-0.085583,51.523821],[-0.085574,51.523881],[-0.085566,51.523907],[-0.085544,51.523906]]]]}},
{"type":"Feature","properties":{"fid":1122,"OBJECTID":1122,"Shape_Length":206.12581014431822,"Shape_Area":2479.00720000779,"in_cw":false,"whole_in_zone":true},"geometry":{"type":"MultiPolygon","coordinates":[[[[-0.090575,51.522188],[-0.090535,51.522194],[-0.090241,51.522237],[-0.09023,51.522239],[-0.09022,51.52224],[-0.090209,51.522241],[-0.090198,51.522241],[-0.090187,51.522242],[-0.09017,51.522242],[-0.090159,51.522241],[-0.090148,51.522241],[-0.090138,51.52224],[-0.090127,51.522239],[-0.090116,51.522237],[-0.090105,51.522236],[-0.090087,51.522232],[-0.08997,51.522211],[-0.089937,51.522205],[-0.089929,51.521924],[-0.089928,51.521905],[-0.089938,51.521852],[-0.089985,51.521854],[-0.089987,51.521844],[-0.090198,51.521853],[-0.0902,51.521806],[-0.090536,51.521817],[-0.090532,51.521871],[-0.090789,51.521882],[-0.090788,51.521888],[-0.090838,51.521891],[-0.090802,51.522154],[-0.090575,51.522188]]]]}},
{"type":"Feature","properties":{"fid":1123,"OBJECTID":1123,"Shape_Length":283.0020911500215,"Shape_Area":2488.4531161260866,"in_cw":false,"whole_in_zone":true},"geometry":{"type":"MultiPolygon","coordinates":[[[[-0.091495,51.522307],[-0.091552,51.522296],[-0.091579,51.522352],[-0.091716,51.522338],[-0.091812,51.522329],[-0.091842,51.52245],[-0.091869,51.522461],[-0.091884,51.522494],[-0.091796,51.522513],[-0.091749,51.522428],[-0.091705,51.522416],[-0.091666,51.522424],[-0.091661,51.522414],[-0.091656,51.522415],[-0.091641,51.522386],[-0.091186,51.522484],[-0.091131,51.522469],[-0.090981,51.522502],[-0.09095,51.522447],[-0.091012,51.522436],[-0.09099,51.522391],[-0.090963,51.522334],[-0.090913,51.522223],[-0.09087,51.522208],[-0.090871,51.522205],[-0.090894,51.522203],[-0.090918,51.522198],[-0.09094,51.522186],[-0.090947,51.522168],[-0.09094,51.522091],[-0.090923,51.521929],[-0.090922,51.521908],[-0.090928,51.521896],[-0.090943,51.521885],[-0.090956,51.521882],[-0.090989,51.521882],[-0.09129,51.521846],[-0.091333,51.52187],[-0.091355,51.521958],[-0.091362,51.521991],[-0.091364,51.522],[-0.091367,51.522012],[-0.091373,51.522039],[-0.09138,51.522069],[-0.091388,51.522099],[-0.091394,51.522125],[-0.091401,51.522151],[-0.091407,51.522181],[-0.091429,51.522179],[-0.091434,51.522179],[-0.091441,51.522185],[-0.091444,51.522188],[-0.091448,51.52219],[-0.091452,51.522191],[-0.091456,51.522192],[-0.091462,51.522193],[-0.09147,51.522193],[-0.091495,51.522307]]]]}},
{"type":"Feature","properties":{"fid":1125,"OBJECTID":1125,"Shape_Length":156.00102396815632,"Shape_Area":1387.7150000160466,"in_cw":false,"whole_in_zone":true},"geometry":{"type":"MultiPolygon","coordinates":[[[[-0.088685,51.520916],[-0.088686,51.520911],[-0.088692,51.520887],[-0.088672,51.520884],[-0.088721,51.520695],[-0.089078,51.52073],[-0.089422,51.520764],[-0.089392,51.520971],[-0.089387,51.521012],[-0.089361,51.521009],[-0.089329,51.521007],[-0.089039,51.52098],[-0.088678,51.520946],[-0.088685,51.520916]]]]}},
{"type":"Feature","properties":{"fid":1132,"OBJECTID":1132,"Shape_Length":320.6897348527169,"Shape_Area":5058.97719998033,"in_cw":false,"whole_in_zone":true},"geometry":{"type":"MultiPolygon","coordinates":[[[[-0.090211,51.522314],[-0.090275,51.522363],[-0.090366,51.52241],[-0.090519,51.522489],[-0.090586,51.522525],[-0.090649,51.522556],[-0.090748,51.522607],[-0.090754,51.522611],[-0.090761,51.522619],[-0.090764,51.522624],[-0.090792,51.522671],[-0.090858,51.522786],[-0.090973,51.522787],[-0.090849,51.522816],[-0.090578,51.522879],[-0.090434,51.522911],[-0.09051,51.523054],[-0.090521,51.523052],[-0.090537,51.523076],[-0.090569,51.523132],[-0.090465,51.523159],[-0.090083,51.523258],[-0.090065,51.523262],[-0.090058,51.523262],[-0.090051,51.523262],[-0.090029,51.523262],[-0.090006,51.523261],[-0.089997,51.52326],[-0.089975,51.523255],[-0.089959,51.523247],[-0.089939,51.523234],[-0.089934,51.523231],[-0.089926,51.523224],[-0.089913,51.523208],[-0.08991,51.5232],[-0.089907,51.523195],[-0.089904,51.523188],[-0.08988,51.523125],[-0.08985,51.522861],[-0.089841,51.522751],[-0.089835,51.522618],[-0.089826,51.522371],[-0.089835,51.522336],[-0.089911,51.522329],[-0.089999,51.522322],[-0.090039,51.522318],[-0.090088,51.522315],[-0.090113,51.522313],[-0.090118,51.522312],[-0.090125,51.522312],[-0.090138,51.522312],[-0.09017,51.522311],[-0.090204,51.522311],[-0.090209,51.522313],[-0.090211,51.522314]]]]}},
{"type":"Feature","properties":{"fid":1140,"OBJECTID":1140,"Shape_Length":245.27565991736273,"Shape_Area":2616.637649990848,"in_cw":false,"whole_in_zone":true},"geometry":{"type":"MultiPolygon","coordinates":[[[[-0.092268,51.521188],[-0.092271,51.521198],[-0.092318,51.521193],[-0.092345,51.521309],[-0.092357,51.521308],[-0.092377,51.521398],[-0.092394,51.521473],[-0.092409,51.521472],[-0.092435,51.521595],[-0.092449,51.521647],[-0.092409,51.521651],[-0.092396,51.521653],[-0.092403,51.52168],[-0.092218,51.521696],[-0.092211,51.521672],[-0.092173,51.521675],[-0.092057,51.521686],[-0.092035,51.521688],[-0.092039,51.521705],[-0.091816,51.521727],[-0.091811,51.521709],[-0.091739,51.521716],[-0.091694,51.52172],[-0.091682,51.521721],[-0.091692,51.521671],[-0.091716,51.521668],[-0.091704,51.521619],[-0.091685,51.52162],[-0.091686,51.521612],[-0.091687,51.521597],[-0.091689,51.521571],[-0.091694,51.521495],[-0.091705,51.521387],[-0.091718,51.521258],[-0.091871,51.521253],[-0.091904,51.521252],[-0.09194,51.521251],[-0.091956,51.52125],[-0.091957,51.521266],[-0.092122,51.521249],[-0.092118,51.521227],[-0.092113,51.521197],[-0.092122,51.521159],[-0.092132,51.521109],[-0.092133,51.521104],[-0.092171,51.521088],[-0.092186,51.521082],[-0.0922,51.521077],[-0.092288,51.521092],[-0.092314,51.521138],[-0.092268,51.521188]]]]}},
{"type":"Feature","properties":{"fid":1141,"OBJECTID":1141,"Shape_Length":536.2890940805862,"Shape_Area":11660.205400041483,"in_cw":false,"whole_in_zone":false},"geometry":{"type":"MultiPolygon","coordinates":[[[[-0.091868,51.524191],[-0.091803,51.524207],[-0.091734,51.524225],[-0.091586,51.524262],[-0.091556,51.524217],[-0.091548,51.524219],[-0.091516,51.524227],[-0.091498,51.524232],[-0.091459,51.524242],[-0.091441,51.524246],[-0.091423,51.524251],[-0.091438,51.524272],[-0.091442,51.524278],[-0.091448,51.524286],[-0.091417,51.524294],[-0.091415,51.524294],[-0.091349,51.524312],[-0.091284,51.524329],[-0.091215,51.524348],[-0.091149,51.524366],[-0.091082,51.524384],[-0.091015,51.524402],[-0.091005,51.524404],[-0.090948,51.524419],[-0.090881,51.524436],[-0.090809,51.524445],[-0.090799,51.524429],[-0.090798,51.524429],[-0.090774,51.524436],[-0.09076,51.524414],[-0.090751,51.524402],[-0.09073,51.524408],[-0.090734,51.52442],[-0.090757,51.524453],[-0.090612,51.524467],[-0.090587,51.524469],[-0.090572,51.524462],[-0.090545,51.524448],[-0.090498,51.524335],[-0.090491,51.524318],[-0.090483,51.5243],[-0.090463,51.524255],[-0.090445,51.524214],[-0.090471,51.524207],[-0.09046,51.524192],[-0.090469,51.52419],[-0.090441,51.524161],[-0.09041,51.524129],[-0.090399,51.524102],[-0.090381,51.524064],[-0.090376,51.524055],[-0.090299,51.52387],[-0.090289,51.523847],[-0.090268,51.523798],[-0.090232,51.52371],[-0.090223,51.523689],[-0.090208,51.523654],[-0.090209,51.523653],[-0.090197,51.523624],[-0.090237,51.523619],[-0.090361,51.523598],[-0.090366,51.523598],[-0.09037,51.523597],[-0.090387,51.523594],[-0.090414,51.523588],[-0.090438,51.523584],[-0.090434,51.523575],[-0.090469,51.523567],[-0.090651,51.523525],[-0.090659,51.523539],[-0.090688,51.523532],[-0.090724,51.523523],[-0.090726,51.523509],[-0.090742,51.523505],[-0.090779,51.523496],[-0.090876,51.523473],[-0.090879,51.523472],[-0.091032,51.523435],[-0.091037,51.523434],[-0.09104,51.523439],[-0.091121,51.52342],[-0.091132,51.523417],[-0.091158,51.523411],[-0.091158,51.523412],[-0.091196,51.523487],[-0.091199,51.52349],[-0.091201,51.523494],[-0.091204,51.523499],[-0.091206,51.523503],[-0.091208,51.523506],[-0.09121,51.523508],[-0.091216,51.523516],[-0.091219,51.523518],[-0.091222,51.523521],[-0.091226,51.523524],[-0.091229,51.523525],[-0.091231,51.523526],[-0.091238,51.52353],[-0.091241,51.523531],[-0.091246,51.523532],[-0.091248,51.523533],[-0.091252,51.523534],[-0.091256,51.523535],[-0.091261,51.523535],[-0.091297,51.523535],[-0.091306,51.523551],[-0.091357,51.523635],[-0.091393,51.523694],[-0.091977,51.523552],[-0.092149,51.523809],[-0.092562,51.523695],[-0.092782,51.523954],[-0.092579,51.524003],[-0.092558,51.52401],[-0.092539,51.524015],[-0.092516,51.524021],[-0.092467,51.524034],[-0.092447,51.524039],[-0.092389,51.524054],[-0.092382,51.524056],[-0.092313,51.524074],[-0.09225,51.524091],[-0.092228,51.524097],[-0.09218,51.524109],[-0.092108,51.524128],[-0.092082,51.524135],[-0.092054,51.524142],[-0.092004,51.524155],[-0.091935,51.524174],[-0.09189,51.524185],[-0.091868,51.524191]]]]}},
{"type":"Feature","properties":{"fid":1332,"OBJECTID":1332,"Shape_Length":311.4948537913568,"Shape_Area":6112.094807082651,"in_cw":false,"whole_in_zone":true},"geometry":{"type":"MultiPolygon","coordinates":[[[[-0.018114,51.48003],[-0.018207,51.480138],[-0.018268,51.480215],[-0.018449,51.48043],[-0.018698,51.480719],[-0.018532,51.480757],[-0.017753,51.480839],[-0.017649,51.480741],[-0.017077,51.480393],[-0.017205,51.480234],[-0.017375,51.480148],[-0.017562,51.480118],[-0.017563,51.480123],[-0.017592,51.480127],[-0.017613,51.480124],[-0.018018,51.480036],[-0.018114,51.48003]]]]}},
{"type":"Feature","properties":{"fid":1337,"OBJECTID":1337,"Shape_Length":537.4826192660366,"Shape_Area":10806.932779252831,"in_cw":false,"whole_in_zone":true},"geometry":{"type":"MultiPolygon","coordinates":[[[[-0.022577,51.476434],[-0.022538,51.476435],[-0.022475,51.476556],[-0.022436,51.476663],[-0.022398,51.47682],[-0.022389,51.476871],[-0.022386,51.476945],[-0.022199,51.476943],[-0.022161,51.476934],[-0.02211,51.476928],[-0.021872,51.476933],[-0.02164,51.476936],[-0.021405,51.476956],[-0.02117,51.476978],[-0.021029,51.477024],[-0.02022,51.477009],[-0.020606,51.476787],[-0.020699,51.476746],[-0.020748,51.476708],[-0.020868,51.476579],[-0.020863,51.476576],[-0.020987,51.476447],[-0.021007,51.47633],[-0.021029,51.476303],[-0.021183,51.476242],[-0.021357,51.476214],[-0.021553,51.476233],[-0.02168,51.476209],[-0.021687,51.476205],[-0.022004,51.476127],[-0.022177,51.476075],[-0.022582,51.475951],[-0.022608,51.475969],[-0.022658,51.47602],[-0.022662,51.476027],[-0.022695,51.47609],[-0.022548,51.476131],[-0.022537,51.47612],[-0.022537,51.47612],[-0.022362,51.47617],[-0.022378,51.476191],[-0.022407,51.476183],[-0.022412,51.476189],[-0.022419,51.476199],[-0.022426,51.476208],[-0.022455,51.4762],[-0.022481,51.476237],[-0.02272,51.476171],[-0.022577,51.476434]]]]}},
{"type":"Feature","properties":{"fid":1340,"OBJECTID":1340,"Shape_Length":522.7696227614136,"Shape_Area":10088.844608091451,"in_cw":false,"whole_in_zone":true},"geometry":{"type":"MultiPolygon","coordinates":[[[[-0.049618,51.474758],[-0.049609,51.47573],[-0.049602,51.475847],[-0.04959,51.475848],[-0.04913,51.475848],[-0.048864,51.476135],[-0.048676,51.47606],[-0.048605,51.476135],[-0.048572,51.47617],[-0.048529,51.476214],[-0.048345,51.476134],[-0.048358,51.476122],[-0.048377,51.476104],[-0.048623,51.475845],[-0.048703,51.475778],[-0.048575,51.475722],[-0.048518,51.475695],[-0.04854,51.475671],[-0.048673,51.475565],[-0.048684,51.475427],[-0.048534,51.475424],[-0.048439,51.47544],[-0.048418,51.475431],[-0.048168,51.475325],[-0.048039,51.475094],[-0.048252,51.475048],[-0.048357,51.475049],[-0.048358,51.475036],[-0.048369,51.475023],[-0.048485,51.474999],[-0.049618,51.474758]]]]}},
{"type":"Feature","properties":{"fid":1342,"OBJECTID":1342,"Shape_Length":997.2496295971579,"Shape_Area":36724.95915958045,"in_cw":false,"whole_in_zone":true},"geometry":{"type":"MultiPolygon","coordinates":[[[[-0.041004,51.474855],[-0.041555,51.474726],[-0.041871,51.474654],[-0.041996,51.474961],[-0.041741,51.475001],[-0.041829,51.475203],[-0.042442,51.475102],[-0.042708,51.475831],[-0.042635,51.475845],[-0.042697,51.475961],[-0.042705,51.475988],[-0.042749,51.476102],[-0.043042,51.476669],[-0.043032,51.47697],[-0.043008,51.47697],[-0.042997,51.477034],[-0.04299,51.477301],[-0.04299,51.477315],[-0.042913,51.47775],[-0.042894,51.477749],[-0.042889,51.477789],[-0.042875,51.477885],[-0.042846,51.477891],[-0.042865,51.477932],[-0.042809,51.477942],[-0.042821,51.477969],[-0.042771,51.477978],[-0.042846,51.478136],[-0.042501,51.478187],[-0.042428,51.478199],[-0.042328,51.478107],[-0.042053,51.477715],[-0.041986,51.477725],[-0.04191,51.477594],[-0.04174,51.477314],[-0.041442,51.476802],[-0.040715,51.475423],[-0.040705,51.475421],[-0.040693,51.475397],[-0.040715,51.475393],[-0.040682,51.475162],[-0.040566,51.474959],[-0.041004,51.474855]]]]}},
{"type":"Feature","properties":{"fid":1343,"OBJECTID":1343,"Shape_Length":444.59009884648145,"Shape_Area":6155.112181850684,"in_cw":false,"whole_in_zone":true},"geometry":{"type":"MultiPolygon","coordinates":[[[[-0.040012,51.475059],[-0.040063,51.475206],[-0.040077,51.475311],[-0.040191,51.475722],[-0.040275,51.475709],[-0.04045,51.47606],[-0.04062,51.476392],[-0.03984,51.476566],[-0.039706,51.476318],[-0.039684,51.476203],[-0.039725,51.476192],[-0.039687,51.47611],[-0.039714,51.476103],[-0.039647,51.475997],[-0.039987,51.475995],[-0.039516,51.475181],[-0.040012,51.475059]]]]}},
{"type":"Feature","properties":{"fid":1344,"OBJECTID":1344,"Shape_Length":933.4636306259379,"Shape_Area":47091.15142785769,"in_cw":false,"whole_in_zone":true},"geometry":{"type":"MultiPolygon","coordinates":[[[[-0.034871,51.485991],[-0.035092,51.486167],[-0.035064,51.486172],[-0.035227,51.486303],[-0.035259,51.486291],[-0.035436,51.48644],[-0.035507,51.486485],[-0.035787,51.486655],[-0.036165,51.486881],[-0.036407,51.487023],[-0.036531,51.487095],[-0.037095,51.487379],[-0.03758,51.48763],[-0.03761,51.487649],[-0.037631,51.487669],[-0.037638,51.487701],[-0.037632,51.487726],[-0.037613,51.487747],[-0.037569,51.487785],[-0.03746,51.487869],[-0.037414,51.4879],[-0.037385,51.487908],[-0.037341,51.487914],[-0.037308,51.487911],[-0.03701,51.488151],[-0.036643,51.48833],[-0.036216,51.488473],[-0.036307,51.488622],[-0.035998,51.488729],[-0.035852,51.488584],[-0.03584,51.488571],[-0.03581,51.488543],[-0.035731,51.488555],[-0.035615,51.488566],[-0.035547,51.48857],[-0.035389,51.488582],[-0.035286,51.488586],[-0.035041,51.488594],[-0.034611,51.488618],[-0.034583,51.488404],[-0.034582,51.488336],[-0.034563,51.488222],[-0.034499,51.488106],[-0.034451,51.488048],[-0.034424,51.488002],[-0.034404,51.487971],[-0.034321,51.487878],[-0.034237,51.487809],[-0.03407,51.487657],[-0.03352,51.487162],[-0.03326,51.486931],[-0.033233,51.486907],[-0.033241,51.486903],[-0.033293,51.486873],[-0.033318,51.48686],[-0.033553,51.486754],[-0.033917,51.486585],[-0.034206,51.486417],[-0.034321,51.486344],[-0.034871,51.485991]]]]}},
{"type":"Feature","properties":{"fid":1345,"OBJECTID":1345,"Shape_Length":352.5906565019153,"Shape_Area":6792.976327261524,"in_cw":false,"whole_in_zone":true},"geometry":{"type":"MultiPolygon","coordinates":[[[[-0.033037,51.479245],[-0.033054,51.479267],[-0.033155,51.479386],[-0.033345,51.479565],[-0.033371,51.479596],[-0.033096,51.479694],[-0.032839,51.479783],[-0.032489,51.47991],[-0.032339,51.479961],[-0.032249,51.479977],[-0.032186,51.479958],[-0.032141,51.479913],[-0.032142,51.479881],[-0.032177,51.479555],[-0.032225,51.479199],[-0.03228,51.478803],[-0.032517,51.478814],[-0.032616,51.478819],[-0.032719,51.478813],[-0.032787,51.478915],[-0.033037,51.479245]]]]}},
{"type":"Feature","properties":{"fid":1346,"OBJECTID":1346,"Shape_Length":561.6885418837898,"Shape_Area":12580.61295161881,"in_cw":false,"whole_in_zone":true},"geometry":{"type":"MultiPolygon","coordinates":[[[[-0.025018,51.477182],[-0.023002,51.477193],[-0.023006,51.477019],[-0.023121,51.477018],[-0.023144,51.476939],[-0.023387,51.476934],[-0.023387,51.476779],[-0.023388,51.476756],[-0.02332,51.476756],[-0.023323,51.476675],[-0.023259,51.476668],[-0.023263,51.476597],[-0.022759,51.476587],[-0.022838,51.476464],[-0.022945,51.476381],[-0.023352,51.476319],[-0.024274,51.476331],[-0.025102,51.476334],[-0.025134,51.476382],[-0.02512,51.476522],[-0.024955,51.476527],[-0.024956,51.476627],[-0.024946,51.476627],[-0.024951,51.476683],[-0.024959,51.476916],[-0.02496,51.476916],[-0.025013,51.476916],[-0.025018,51.477182]]]]}},
{"type":"Feature","properties":{"fid":1347,"OBJECTID":1347,"Shape_Length":2120.8982487715343,"Shape_Area":204557.64866003924,"in_cw":false,"whole_in_zone":true},"geometry":{"type":"MultiPolygon","coordinates":[[[[-0.027461,51.483476],[-0.027481,51.48349],[-0.027591,51.483569],[-0.027604,51.483637],[-0.027645,51.483726],[-0.027677,51.483798],[-0.027748,51.483934],[-0.02781,51.484074],[-0.027873,51.484223],[-0.027925,51.484327],[-0.028089,51.484321],[-0.030092,51.484276],[-0.030248,51.484273],[-0.03028,51.484605],[-0.030341,51.485271],[-0.030348,51.485282],[-0.030363,51.485306],[-0.030396,51.485356],[-0.030441,51.485406],[-0.030472,51.485434],[-0.030591,51.485519],[-0.030645,51.485547],[-0.030692,51.485572],[-0.030753,51.485601],[-0.030824,51.485623],[-0.03088,51.485634],[-0.030931,51.485638],[-0.030938,51.485658],[-0.03093,51.485768],[-0.030916,51.48589],[-0.030915,51.4859],[-0.03116,51.485973],[-0.031216,51.485988],[-0.031316,51.486003],[-0.03133,51.486027],[-0.031345,51.486044],[-0.031477,51.486091],[-0.031487,51.486103],[-0.031499,51.486113],[-0.031598,51.486182],[-0.03174,51.486223],[-0.031825,51.4863],[-0.031844,51.486307],[-0.032094,51.486438],[-0.032341,51.486568],[-0.032502,51.486497],[-0.032768,51.486737],[-0.032459,51.486864],[-0.032394,51.486891],[-0.032407,51.486906],[-0.032381,51.486916],[-0.032394,51.486931],[-0.031912,51.487119],[-0.031137,51.487419],[-0.031072,51.487445],[-0.031064,51.487452],[-0.031407,51.48784],[-0.030353,51.488232],[-0.030081,51.488333],[-0.030052,51.48835],[-0.029875,51.488446],[-0.029594,51.488599],[-0.029325,51.488794],[-0.028412,51.489378],[-0.027911,51.488911],[-0.027766,51.488777],[-0.027481,51.488559],[-0.027045,51.488211],[-0.026319,51.48767],[-0.026118,51.487556],[-0.025636,51.487238],[-0.025051,51.4869],[-0.024746,51.486709],[-0.023912,51.486359],[-0.02454,51.485873],[-0.024751,51.485912],[-0.024825,51.485955],[-0.025076,51.485782],[-0.025299,51.485623],[-0.025395,51.485562],[-0.025609,51.485424],[-0.025528,51.485373],[-0.025768,51.485208],[-0.025385,51.48509],[-0.025357,51.485068],[-0.025368,51.484899],[-0.025246,51.484884],[-0.025339,51.484331],[-0.025357,51.484196],[-0.025464,51.483843],[-0.025618,51.483475],[-0.026265,51.483429],[-0.026326,51.483433],[-0.026816,51.483407],[-0.02701,51.4834],[-0.027052,51.483394],[-0.027107,51.483391],[-0.027432,51.483457],[-0.027461,51.483476]]]]}},
{"type":"Feature","properties":{"fid":1349,"OBJECTID":1349,"Shape_Length":1663.6031425418369,"Shape_Area":105929.5405107917,"in_cw":false,"whole_in_zone":true},"geometry":{"type":"MultiPolygon","coordinates":[[[[-0.051083,51.483524],[-0.052205,51.483521],[-0.052406,51.483521],[-0.052406,51.483538],[-0.052417,51.483774],[-0.052459,51.483777],[-0.05246,51.483788],[-0.05254,51.484361],[-0.052585,51.484371],[-0.052612,51.484359],[-0.052684,51.484377],[-0.052713,51.484404],[-0.052712,51.484432],[-0.05281,51.484441],[-0.052807,51.484516],[-0.052576,51.484508],[-0.052566,51.484716],[-0.052561,51.484763],[-0.052529,51.484806],[-0.052519,51.48485],[-0.052529,51.48489],[-0.052564,51.484945],[-0.052642,51.485166],[-0.052673,51.485775],[-0.052831,51.485871],[-0.052915,51.485999],[-0.052901,51.486174],[-0.052902,51.486178],[-0.052913,51.486267],[-0.052923,51.486337],[-0.052931,51.48637],[-0.052937,51.486394],[-0.052949,51.486446],[-0.053023,51.486758],[-0.053266,51.486969],[-0.053413,51.487098],[-0.053472,51.48718],[-0.053648,51.487419],[-0.053705,51.487482],[-0.053736,51.487546],[-0.053791,51.487642],[-0.053852,51.487741],[-0.053957,51.487921],[-0.054063,51.487917],[-0.054077,51.487962],[-0.054043,51.488005],[-0.053994,51.487991],[-0.053607,51.487847],[-0.053583,51.487836],[-0.053569,51.487829],[-0.053555,51.487823],[-0.052971,51.487658],[-0.052855,51.487626],[-0.052704,51.487584],[-0.052654,51.48757],[-0.052647,51.487568],[-0.052605,51.487555],[-0.052505,51.487526],[-0.05241,51.487497],[-0.052334,51.487471],[-0.052118,51.48739],[-0.051471,51.487133],[-0.051311,51.487073],[-0.050839,51.486858],[-0.050422,51.486601],[-0.050264,51.486507],[-0.050108,51.48641],[-0.050107,51.48641],[-0.049878,51.486273],[-0.049679,51.48615],[-0.04952,51.486052],[-0.049407,51.485982],[-0.049256,51.485887],[-0.048996,51.485724],[-0.048951,51.485693],[-0.048899,51.485658],[-0.048827,51.485607],[-0.048782,51.485567],[-0.048695,51.485502],[-0.048574,51.485393],[-0.04852,51.485343],[-0.048283,51.485094],[-0.048026,51.484826],[-0.047827,51.484616],[-0.047735,51.48452],[-0.047503,51.484517],[-0.047322,51.484513],[-0.047282,51.484466],[-0.04756,51.484469],[-0.047562,51.484396],[-0.047561,51.484254],[-0.047754,51.484259],[-0.047859,51.484261],[-0.048008,51.484264],[-0.048198,51.484269],[-0.048427,51.484274],[-0.049095,51.484289],[-0.049204,51.484291],[-0.049212,51.48427],[-0.04925,51.484271],[-0.049254,51.484217],[-0.049261,51.484106],[-0.049265,51.484056],[-0.049283,51.484055],[-0.049325,51.483523],[-0.049515,51.483526],[-0.049538,51.483541],[-0.049613,51.483544],[-0.050008,51.483552],[-0.050006,51.483526],[-0.050855,51.483524],[-0.051083,51.483524]]]]}},
{"type":"Feature","properties":{"fid":1362,"OBJECTID":1362,"Shape_Length":1137.0990759665324,"Shape_Area":60725.001491813055,"in_cw":false,"whole_in_zone":false},"geometry":{"type":"MultiPolygon","coordinates":[[[[-0.013662,51.469749],[-0.013883,51.470022],[-0.014241,51.47059],[-0.014596,51.471216],[-0.014763,51.471504],[-0.014925,51.471768],[-0.014884,51.471804],[-0.014753,51.471838],[-0.014657,51.471778],[-0.014609,51.471804],[-0.014609,51.471813],[-0.014647,51.471948],[-0.014489,51.471972],[-0.014486,51.472001],[-0.014517,51.472163],[-0.014501,51.472171],[-0.014464,51.472209],[-0.014367,51.472326],[-0.014387,51.472333],[-0.014331,51.472388],[-0.014301,51.472436],[-0.014234,51.472519],[-0.014201,51.472547],[-0.014175,51.472572],[-0.014143,51.472596],[-0.014117,51.472618],[-0.01412,51.472625],[-0.013946,51.472552],[-0.013763,51.472469],[-0.013671,51.47243],[-0.013551,51.472392],[-0.013287,51.472328],[-0.013019,51.472297],[-0.012484,51.472279],[-0.012166,51.472283],[-0.012131,51.472293],[-0.011702,51.472328],[-0.011696,51.472297],[-0.011681,51.472163],[-0.011632,51.471888],[-0.011617,51.471811],[-0.011611,51.471784],[-0.011601,51.471722],[-0.011592,51.471679],[-0.01159,51.471644],[-0.011585,51.471615],[-0.011582,51.471594],[-0.011569,51.471506],[-0.011561,51.47147],[-0.011548,51.471349],[-0.011537,51.471259],[-0.011525,51.471174],[-0.011478,51.471178],[-0.011382,51.471218],[-0.011277,51.47121],[-0.011052,51.471197],[-0.010853,51.471186],[-0.010814,51.471191],[-0.010652,51.471193],[-0.010626,51.471096],[-0.01057,51.471082],[-0.010322,51.471083],[-0.010382,51.470789],[-0.010431,51.470472],[-0.010434,51.470324],[-0.010517,51.470311],[-0.01059,51.470272],[-0.010939,51.470182],[-0.010946,51.470167],[-0.011047,51.470123],[-0.011074,51.470141],[-0.01121,51.470091],[-0.01119,51.470053],[-0.011266,51.470017],[-0.011485,51.470052],[-0.011689,51.470176],[-0.011717,51.470223],[-0.011763,51.470261],[-0.011784,51.470265],[-0.01179,51.470308],[-0.011824,51.470306],[-0.01189,51.470297],[-0.012096,51.470207],[-0.013662,51.469749]]]]}},
{"type":"Feature","properties":{"fid":1376,"OBJECTID":1376,"Shape_Length":333.00502234186007,"Shape_Area":6149.080878875051,"in_cw":false,"whole_in_zone":true},"geometry":{"type":"MultiPolygon","coordinates":[[[[-0.028328,51.477662],[-0.028349,51.477699],[-0.028398,51.477796],[-0.028425,51.47786],[-0.028443,51.47792],[-0.028447,51.47794],[-0.02844,51.478219],[-0.028376,51.478259],[-0.027638,51.478256],[-0.027593,51.478256],[-0.027532,51.478225],[-0.027535,51.478039],[-0.027535,51.478035],[-0.027499,51.478037],[-0.027392,51.478038],[-0.027243,51.478044],[-0.027136,51.478048],[-0.027004,51.478053],[-0.026993,51.477992],[-0.026991,51.477955],[-0.026986,51.47788],[-0.026995,51.47788],[-0.026996,51.477789],[-0.026995,51.477686],[-0.026996,51.47768],[-0.026996,51.477666],[-0.026995,51.477659],[-0.026997,51.477651],[-0.027,51.477634],[-0.027003,51.477616],[-0.027272,51.477619],[-0.028294,51.477606],[-0.028328,51.477662]]]]}},
{"type":"Feature","properties":{"fid":1384,"OBJECTID":1384,"Shape_Length":206.70706790343098,"Shape_Area":2703.970894913243,"in_cw":false,"whole_in_zone":true},"geometry":{"type":"MultiPolygon","coordinates":[[[[-0.036009,51.486004],[-0.036524,51.486423],[-0.036387,51.486487],[-0.036101,51.486678],[-0.035652,51.486412],[-0.035514,51.486305],[-0.03562,51.486195],[-0.035631,51.486189],[-0.035693,51.486154],[-0.035803,51.486095],[-0.035811,51.486092],[-0.036009,51.486004]]]]}},
{"type":"Feature","properties":{"fid":1389,"OBJECTID":1389,"Shape_Length":451.1763631238309,"Shape_Area":5460.9143541772055,"in_cw":false,"whole_in_zone":true},"geometry":{"type":"MultiPolygon","coordinates":[[[[-0.043339,51.484193],[-0.043071,51.484187],[-0.042744,51.484183],[-0.042434,51.484243],[-0.042421,51.484246],[-0.042413,51.484245],[-0.042405,51.484244],[-0.042374,51.484238],[-0.042351,51.484229],[-0.042316,51.484209],[-0.042142,51.484113],[-0.042113,51.484096],[-0.042047,51.484052],[-0.042005,51.48398],[-0.041969,51.483974],[-0.041889,51.48385],[-0.041874,51.483793],[-0.041758,51.483604],[-0.041726,51.483551],[-0.041719,51.483539],[-0.041699,51.483544],[-0.041637,51.483445],[-0.041656,51.483441],[-0.041559,51.483278],[-0.041591,51.483203],[-0.041571,51.483199],[-0.0416,51.483128],[-0.041624,51.483121],[-0.041654,51.483045],[-0.041646,51.483039],[-0.041681,51.482996],[-0.041924,51.483092],[-0.041957,51.483103],[-0.042261,51.483268],[-0.042116,51.483336],[-0.042111,51.483339],[-0.042107,51.483354],[-0.042109,51.483367],[-0.042473,51.483976],[-0.042487,51.484001],[-0.042549,51.483975],[-0.042819,51.483969],[-0.042823,51.484017],[-0.043165,51.484035],[-0.04319,51.484038],[-0.043228,51.484043],[-0.043275,51.484044],[-0.043346,51.484192],[-0.043339,51.484193]]]]}},
{"type":"Feature","properties":{"fid":1392,"OBJECTID":1392,"Shape_Length":584.6823238728614,"Shape_Area":11395.425162289464,"in_cw":false,"whole_in_zone":true},"geometry":{"type":"MultiPolygon","coordinates":[[[[-0.042035,51.484425],[-0.042031,51.484607],[-0.042036,51.484792],[-0.041904,51.484851],[-0.041723,51.484928],[-0.041552,51.484946],[-0.041509,51.48496],[-0.040838,51.485032],[-0.03996,51.48513],[-0.039858,51.484866],[-0.03886,51.484985],[-0.038769,51.484798],[-0.039067,51.484742],[-0.039275,51.484708],[-0.040494,51.484563],[-0.040692,51.48454],[-0.040679,51.484509],[-0.040542,51.484415],[-0.040854,51.484384],[-0.040839,51.484375],[-0.041447,51.484297],[-0.041481,51.484249],[-0.041847,51.484384],[-0.042035,51.484425]]]]}},
{"type":"Feature","properties":{"fid":1393,"OBJECTID":1393,"Shape_Length":457.3559771783522,"Shape_Area":10847.160884827072,"in_cw":false,"whole_in_zone":true},"geometry":{"type":"MultiPolygon","coordinates":[[[[-0.020908,51.478271],[-0.020914,51.478271],[-0.0209,51.478341],[-0.020813,51.478556],[-0.02081,51.478571],[-0.020774,51.478678],[-0.020608,51.478971],[-0.02027,51.478929],[-0.020221,51.47892],[-0.020042,51.479229],[-0.020081,51.479234],[-0.020069,51.47928],[-0.019241,51.479203],[-0.019359,51.478698],[-0.019456,51.478248],[-0.019393,51.478241],[-0.019381,51.478238],[-0.019373,51.478233],[-0.019369,51.478229],[-0.019365,51.478216],[-0.019378,51.478196],[-0.019392,51.478151],[-0.019401,51.47808],[-0.019565,51.478093],[-0.019766,51.478108],[-0.020932,51.478204],[-0.020908,51.478271]]]]}},
{"type":"Feature","properties":{"fid":1394,"OBJECTID":1394,"Shape_Length":284.5833132490642,"Shape_Area":4239.898574273406,"in_cw":false,"whole_in_zone":true},"geometry":{"type":"MultiPolygon","coordinates":[[[[-0.043585,51.485079],[-0.042274,51.484605],[-0.042259,51.4846],[-0.042246,51.484596],[-0.042289,51.484542],[-0.042407,51.48445],[-0.042478,51.484409],[-0.042571,51.484369],[-0.042661,51.484354],[-0.04343,51.484367],[-0.043496,51.484502],[-0.043498,51.484508],[-0.043503,51.484517],[-0.043491,51.484518],[-0.043477,51.484519],[-0.043477,51.484521],[-0.043477,51.48453],[-0.043473,51.484536],[-0.043467,51.484542],[-0.043467,51.484542],[-0.04346,51.484545],[-0.043457,51.484548],[-0.043522,51.48482],[-0.043585,51.485079]]]]}},
{"type":"Feature","properties":{"fid":1397,"OBJECTID":1397,"Shape_Length":491.1477040878962,"Shape_Area":13995.143775538043,"in_cw":false,"whole_in_zone":true},"geometry":{"type":"MultiPolygon","coordinates":[[[[-0.034266,51.475977],[-0.034286,51.475928],[-0.034349,51.475889],[-0.034569,51.475871],[-0.034804,51.475854],[-0.03493,51.475845],[-0.035411,51.475823],[-0.035539,51.475816],[-0.035643,51.475809],[-0.035701,51.475805],[-0.035704,51.475808],[-0.035833,51.475798],[-0.035977,51.475789],[-0.036203,51.475777],[-0.036217,51.475891],[-0.036228,51.475991],[-0.036238,51.475991],[-0.036259,51.47612],[-0.036309,51.476118],[-0.036311,51.476139],[-0.036325,51.476139],[-0.036328,51.476157],[-0.036346,51.476156],[-0.036357,51.476221],[-0.036369,51.476232],[-0.036378,51.476246],[-0.036388,51.476271],[-0.036395,51.476292],[-0.036419,51.4764],[-0.036439,51.476495],[-0.036,51.476521],[-0.036004,51.476539],[-0.036022,51.476634],[-0.036042,51.476736],[-0.035951,51.476744],[-0.035911,51.476748],[-0.03585,51.476753],[-0.035839,51.476753],[-0.035692,51.476763],[-0.035672,51.476763],[-0.035618,51.476768],[-0.035583,51.476772],[-0.035204,51.4768],[-0.034982,51.476816],[-0.034956,51.476817],[-0.034921,51.476814],[-0.034868,51.476817],[-0.034711,51.476829],[-0.034471,51.476846],[-0.034441,51.4767],[-0.0344,51.476542],[-0.034361,51.476373],[-0.034307,51.476148],[-0.034271,51.476016],[-0.034266,51.475977]]]]}},
{"type":"Feature","properties":{"fid":1405,"OBJECTID":1405,"Shape_Length":708.1353532344743,"Shape_Area":18787.648629535066,"in_cw":false,"whole_in_zone":true},"geometry":{"type":"MultiPolygon","coordinates":[[[[-0.050655,51.487804],[-0.05054,51.487845],[-0.050508,51.487861],[-0.050442,51.4879],[-0.050397,51.487927],[-0.05038,51.487942],[-0.050328,51.487985],[-0.050292,51.488016],[-0.05017,51.48812],[-0.049077,51.487673],[-0.048937,51.487613],[-0.048842,51.487572],[-0.048451,51.487406],[-0.048257,51.487328],[-0.047348,51.486955],[-0.047625,51.486797],[-0.048533,51.485974],[-0.048627,51.486055],[-0.048626,51.486106],[-0.04857,51.486172],[-0.048493,51.486244],[-0.048646,51.486287],[-0.04868,51.486301],[-0.049174,51.486689],[-0.04944,51.487024],[-0.049467,51.487012],[-0.049526,51.487152],[-0.049688,51.487274],[-0.049727,51.487295],[-0.049764,51.487261],[-0.049838,51.487304],[-0.04987,51.48728],[-0.050007,51.487355],[-0.049962,51.48739],[-0.050021,51.48742],[-0.050003,51.487437],[-0.050136,51.487506],[-0.050344,51.487627],[-0.050655,51.487804]]]]}},
{"type":"Feature","properties":{"fid":1406,"OBJECTID":1406,"Shape_Length":403.7964171714737,"Shape_Area":2667.1922503414385,"in_cw":false,"whole_in_zone":true},"geometry":{"type":"MultiPolygon","coordinates":[[[[-0.050156,51.488136],[-0.050054,51.488222],[-0.050016,51.488226],[-0.049993,51.488224],[-0.047907,51.487362],[-0.047828,51.487327],[-0.047815,51.487296],[-0.047921,51.487212],[-0.049322,51.48779],[-0.049834,51.488009],[-0.049814,51.488029],[-0.049876,51.488056],[-0.049907,51.488033],[-0.050156,51.488136]]]]}},
{"type":"Feature","properties":{"fid":1462,"OBJECTID":1462,"Shape_Length":929.0144088994192,"Shape_Area":37160.21432852709,"in_cw":false,"whole_in_zone":true},"geometry":{"type":"MultiPolygon","coordinates":[[[[0.00916,51.516265],[0.007521,51.51566],[0.007188,51.515577],[0.006987,51.515537],[0.006947,51.51558],[0.00691,51.515565],[0.006884,51.515591],[0.006846,51.515575],[0.006776,51.515644],[0.006809,51.515656],[0.006815,51.515659],[0.006811,51.515663],[0.006798,51.515675],[0.006733,51.515661],[0.006522,51.515961],[0.006509,51.51598],[0.006488,51.516008],[0.006521,51.516017],[0.006457,51.516091],[0.006396,51.516162],[0.006301,51.516262],[0.006223,51.516349],[0.006179,51.516397],[0.006086,51.516499],[0.005966,51.516637],[0.005883,51.516735],[0.005655,51.51699],[0.005573,51.517084],[0.005534,51.517128],[0.005442,51.517245],[0.005421,51.51727],[0.005403,51.517305],[0.005394,51.517321],[0.005343,51.517416],[0.00524,51.517613],[0.005129,51.517829],[0.005012,51.518056],[0.004948,51.518175],[0.005083,51.518198],[0.005147,51.518216],[0.005151,51.518211],[0.005155,51.518206],[0.00516,51.518201],[0.005164,51.518196],[0.005168,51.51819],[0.005173,51.518185],[0.005177,51.51818],[0.005181,51.518175],[0.005186,51.51817],[0.00519,51.518165],[0.005194,51.518161],[0.005199,51.518156],[0.005203,51.518151],[0.005208,51.518146],[0.005212,51.518141],[0.005217,51.518136],[0.005221,51.518131],[0.005226,51.518126],[0.005231,51.518121],[0.005235,51.518116],[0.00524,51.518111],[0.005244,51.518106],[0.005249,51.518101],[0.005254,51.518096],[0.005259,51.518092],[0.005263,51.518087],[0.005268,51.518082],[0.005273,51.518077],[0.005277,51.518072],[0.005282,51.518067],[0.005287,51.518062],[0.005292,51.518058],[0.005297,51.518053],[0.005302,51.518048],[0.005307,51.518043],[0.005311,51.518038],[0.005316,51.518034],[0.005321,51.518029],[0.005326,51.518024],[0.005331,51.518019],[0.005336,51.518014],[0.005341,51.51801],[0.005346,51.518005],[0.005351,51.518],[0.005356,51.517995],[0.005362,51.517991],[0.005367,51.517986],[0.005372,51.517981],[0.005377,51.517977],[0.005382,51.517972],[0.005387,51.517967],[0.005393,51.517963],[0.005398,51.517958],[0.005403,51.517953],[0.005408,51.517949],[0.005414,51.517944],[0.005419,51.517939],[0.005424,51.517935],[0.00543,51.51793],[0.005435,51.517925],[0.00544,51.517921],[0.005446,51.517916],[0.005451,51.517912],[0.005457,51.517907],[0.005462,51.517903],[0.005467,51.517898],[0.005473,51.517893],[0.005478,51.517889],[0.005484,51.517884],[0.005489,51.51788],[0.005494,51.517876],[0.005499,51.517873],[0.005504,51.517869],[0.00551,51.517866],[0.005515,51.517863],[0.00552,51.517859],[0.005525,51.517856],[0.00553,51.517852],[0.005535,51.517849],[0.00554,51.517846],[0.005545,51.517842],[0.00555,51.517839],[0.005556,51.517835],[0.005561,51.517832],[0.005566,51.517829],[0.005571,51.517825],[0.005576,51.517822],[0.005582,51.517819],[0.005587,51.517815],[0.005592,51.517812],[0.005598,51.517809],[0.005603,51.517806],[0.005608,51.517802],[0.005614,51.517799],[0.005619,51.517796],[0.005624,51.517793],[0.00563,51.517789],[0.005635,51.517786],[0.005641,51.517783],[0.005646,51.51778],[0.005652,51.517777],[0.005657,51.517774],[0.005663,51.51777],[0.005668,51.517767],[0.005674,51.517764],[0.005679,51.517761],[0.005685,51.517758],[0.00569,51.517755],[0.005696,51.517752],[0.005702,51.517749],[0.005707,51.517746],[0.005713,51.517742],[0.005719,51.517739],[0.005724,51.517736],[0.00573,51.517733],[0.005736,51.51773],[0.005741,51.517727],[0.005747,51.517724],[0.005753,51.517721],[0.005759,51.517718],[0.005764,51.517715],[0.00577,51.517713],[0.005776,51.51771],[0.005782,51.517707],[0.005788,51.517704],[0.005793,51.517701],[0.005799,51.517698],[0.005805,51.517695],[0.005811,51.517692],[0.005817,51.517689],[0.005823,51.517686],[0.005829,51.517684],[0.005835,51.517681],[0.005841,51.517678],[0.005847,51.517675],[0.005853,51.517672],[0.005859,51.51767],[0.005865,51.517667],[0.005871,51.517664],[0.005877,51.517661],[0.005883,51.517659],[0.005889,51.517656],[0.005895,51.517653],[0.005901,51.517651],[0.005907,51.517648],[0.005913,51.517645],[0.005919,51.517642],[0.005926,51.51764],[0.005932,51.517637],[0.005938,51.517635],[0.005944,51.517632],[0.00595,51.517629],[0.005957,51.517627],[0.005963,51.517624],[0.005969,51.517622],[0.005975,51.517619],[0.005982,51.517617],[0.005988,51.517614],[0.005994,51.517611],[0.006,51.517609],[0.006007,51.517606],[0.006013,51.517604],[0.006019,51.517601],[0.006026,51.517599],[0.006032,51.517597],[0.006038,51.517594],[0.006045,51.517592],[0.006051,51.517589],[0.006058,51.517587],[0.006064,51.517585],[0.00607,51.517582],[0.006077,51.51758],[0.006083,51.517577],[0.00609,51.517575],[0.006096,51.517573],[0.006103,51.51757],[0.006109,51.517568],[0.006116,51.517566],[0.006122,51.517564],[0.006129,51.517561],[0.006135,51.517559],[0.006142,51.517557],[0.006149,51.517555],[0.006155,51.517552],[0.006162,51.51755],[0.006168,51.517548],[0.006175,51.517546],[0.006182,51.517544],[0.006188,51.517542],[0.006195,51.517539],[0.006201,51.517537],[0.006208,51.517535],[0.006215,51.517533],[0.006222,51.517531],[0.006228,51.517529],[0.006235,51.517527],[0.006242,51.517525],[0.006248,51.517523],[0.006255,51.517521],[0.006262,51.517519],[0.006269,51.517517],[0.006275,51.517515],[0.006282,51.517513],[0.006289,51.517511],[0.006296,51.517509],[0.006302,51.517507],[0.006309,51.517505],[0.006316,51.517503],[0.006323,51.517501],[0.00633,51.517499],[0.006337,51.517497],[0.006344,51.517496],[0.00635,51.517494],[0.006357,51.517492],[0.006364,51.51749],[0.006371,51.517488],[0.006378,51.517487],[0.006385,51.517485],[0.006392,51.517483],[0.006399,51.517481],[0.006406,51.51748],[0.006413,51.517478],[0.00642,51.517476],[0.006426,51.517474],[0.006433,51.517473],[0.00644,51.517471],[0.006447,51.517469],[0.006454,51.517468],[0.006461,51.517466],[0.006468,51.517465],[0.006475,51.517463],[0.006482,51.517461],[0.00649,51.51746],[0.006497,51.517458],[0.006504,51.517457],[0.006511,51.517455],[0.006518,51.517454],[0.006525,51.517452],[0.006532,51.517451],[0.006539,51.517449],[0.006546,51.517448],[0.006553,51.517446],[0.00656,51.517445],[0.006567,51.517443],[0.006575,51.517442],[0.006582,51.517441],[0.006589,51.517439],[0.006596,51.517438],[0.006603,51.517436],[0.00661,51.517435],[0.006617,51.517434],[0.006625,51.517432],[0.006632,51.517431],[0.006639,51.51743],[0.006646,51.517429],[0.006653,51.517427],[0.006661,51.517426],[0.006668,51.517425],[0.006675,51.517424],[0.006682,51.517422],[0.008732,51.517182],[0.008713,51.516755],[0.008713,51.516753],[0.008713,51.516751],[0.008713,51.516749],[0.008713,51.516748],[0.008713,51.516746],[0.008713,51.516744],[0.008713,51.516742],[0.008713,51.516741],[0.008713,51.516739],[0.008713,51.516737],[0.008713,51.516735],[0.008713,51.516734],[0.008713,51.516732],[0.008713,51.51673],[0.008714,51.516728],[0.008714,51.516727],[0.008714,51.516725],[0.008714,51.516723],[0.008715,51.516722],[0.008715,51.51672],[0.008715,51.516718],[0.008716,51.516716],[0.008716,51.516715],[0.008716,51.516713],[0.008717,51.516711],[0.008717,51.51671],[0.008718,51.516708],[0.008718,51.516706],[0.008719,51.516704],[0.008719,51.516703],[0.00872,51.516701],[0.00872,51.516699],[0.008721,51.516698],[0.008722,51.516696],[0.008722,51.516694],[0.008723,51.516693],[0.008724,51.516691],[0.008724,51.516689],[0.008725,51.516688],[0.008726,51.516686],[0.008727,51.516684],[0.008728,51.516683],[0.008728,51.516681],[0.008729,51.516679],[0.00873,51.516678],[0.008731,51.516676],[0.008732,51.516674],[0.008733,51.516673],[0.008734,51.516671],[0.008735,51.516669],[0.008736,51.516668],[0.008737,51.516666],[0.008738,51.516665],[0.008739,51.516663],[0.00874,51.516661],[0.008741,51.51666],[0.008742,51.516658],[0.008743,51.516657],[0.008745,51.516655],[0.008746,51.516654],[0.008747,51.516652],[0.008748,51.51665],[0.008749,51.516649],[0.008751,51.516647],[0.008752,51.516646],[0.008753,51.516644],[0.008755,51.516643],[0.008756,51.516641],[0.008757,51.51664],[0.008759,51.516638],[0.00876,51.516637],[0.008762,51.516635],[0.008763,51.516634],[0.008765,51.516632],[0.008766,51.516631],[0.008768,51.516629],[0.008769,51.516628],[0.008771,51.516626],[0.008772,51.516625],[0.008774,51.516624],[0.008776,51.516622],[0.008777,51.516621],[0.00916,51.516265]]]]}},
{"type":"Feature","properties":{"fid":1463,"OBJECTID":1463,"Shape_Length":1430.2935039740823,"Shape_Area":81276.15158365468,"in_cw":false,"whole_in_zone":true},"geometry":{"type":"MultiPolygon","coordinates":[[[[0.012847,51.51691],[0.012903,51.516862],[0.01298,51.516794],[0.01303,51.516749],[0.013076,51.516707],[0.01313,51.51666],[0.013178,51.516618],[0.013209,51.516591],[0.013217,51.516583],[0.012956,51.516534],[0.012705,51.516487],[0.012032,51.516361],[0.011911,51.516343],[0.011761,51.515957],[0.011759,51.515956],[0.01176,51.515954],[0.011784,51.515907],[0.011792,51.515887],[0.011807,51.51587],[0.01183,51.515846],[0.011846,51.515831],[0.011855,51.515811],[0.011871,51.515778],[0.011883,51.515753],[0.011935,51.51573],[0.012066,51.515457],[0.012025,51.51545],[0.012008,51.515447],[0.011944,51.515435],[0.011908,51.515428],[0.01186,51.515419],[0.011857,51.515419],[0.01175,51.515399],[0.011745,51.515398],[0.011714,51.515392],[0.011602,51.515371],[0.011602,51.515371],[0.011528,51.515357],[0.011525,51.515357],[0.011477,51.515348],[0.011448,51.515342],[0.011448,51.515342],[0.011355,51.515331],[0.011365,51.515275],[0.011399,51.515119],[0.011421,51.515006],[0.011457,51.514818],[0.011481,51.514689],[0.011521,51.514473],[0.011557,51.514267],[0.011574,51.514183],[0.011577,51.514168],[0.011607,51.514002],[0.011613,51.51397],[0.011618,51.513944],[0.011621,51.51393],[0.011636,51.513867],[0.011653,51.513767],[0.011666,51.513694],[0.01168,51.513618],[0.011686,51.513583],[0.011687,51.513575],[0.011675,51.513531],[0.011667,51.513516],[0.011643,51.513495],[0.011608,51.513464],[0.011551,51.513413],[0.011482,51.513351],[0.011391,51.51327],[0.011291,51.51318],[0.011239,51.513133],[0.01117,51.513072],[0.011159,51.513062],[0.011133,51.51304],[0.011105,51.513024],[0.011093,51.513017],[0.011023,51.51298],[0.010783,51.512856],[0.01069,51.512808],[0.010582,51.512754],[0.010566,51.512747],[0.010549,51.512739],[0.010541,51.512737],[0.010533,51.512734],[0.010522,51.512732],[0.010514,51.512732],[0.010502,51.512732],[0.010492,51.512733],[0.010479,51.512736],[0.01046,51.512743],[0.010442,51.512753],[0.010428,51.512767],[0.010233,51.512997],[0.010091,51.513166],[0.009935,51.513353],[0.009856,51.513448],[0.009707,51.513622],[0.009615,51.513739],[0.009503,51.513885],[0.009373,51.514052],[0.009214,51.514257],[0.009098,51.514406],[0.008981,51.514557],[0.008856,51.514719],[0.008772,51.514829],[0.008759,51.514846],[0.008074,51.515612],[0.00807,51.515611],[0.008019,51.515699],[0.008177,51.515769],[0.008235,51.515794],[0.00913,51.516186],[0.009131,51.516186],[0.00939,51.516302],[0.009416,51.516313],[0.009587,51.516387],[0.009665,51.516422],[0.010209,51.516661],[0.010584,51.516825],[0.010925,51.516974],[0.0111,51.517048],[0.011167,51.516915],[0.011364,51.516926],[0.011365,51.516933],[0.011428,51.516937],[0.011495,51.516942],[0.011505,51.516947],[0.011553,51.516967],[0.011574,51.516977],[0.011612,51.516992],[0.011592,51.517011],[0.011648,51.517039],[0.011705,51.517065],[0.011816,51.517113],[0.011917,51.517157],[0.01198,51.517185],[0.011988,51.517189],[0.012043,51.517212],[0.012051,51.517215],[0.012119,51.517245],[0.01213,51.517249],[0.012277,51.517315],[0.012359,51.517347],[0.012357,51.517347],[0.012384,51.517317],[0.012608,51.517121],[0.012726,51.517018],[0.012847,51.51691]]]]}},
{"type":"Feature","properties":{"fid":1464,"OBJECTID":1464,"Shape_Length":1749.4503000631908,"Shape_Area":97356.79354707133,"in_cw":false,"whole_in_zone":false},"geometry":{"type":"MultiPolygon","coordinates":[[[[0.014877,51.517412],[0.014926,51.517398],[0.015009,51.517375],[0.015074,51.517357],[0.0151,51.517349],[0.015165,51.517328],[0.015199,51.517346],[0.015218,51.517356],[0.01523,51.517359],[0.01524,51.517361],[0.015251,51.517361],[0.015259,51.51736],[0.015266,51.517359],[0.015369,51.517345],[0.015373,51.517344],[0.015376,51.517342],[0.015379,51.517339],[0.01538,51.517337],[0.015381,51.517333],[0.015375,51.517316],[0.015417,51.517302],[0.015463,51.517291],[0.015501,51.517285],[0.015542,51.517279],[0.015602,51.517274],[0.015684,51.517268],[0.015887,51.517257],[0.016173,51.517249],[0.016284,51.517245],[0.016319,51.517245],[0.016393,51.517245],[0.016449,51.517245],[0.016448,51.517254],[0.016537,51.517255],[0.016538,51.517246],[0.016669,51.51725],[0.016768,51.517253],[0.016954,51.517258],[0.017084,51.517262],[0.01723,51.517264],[0.017237,51.517263],[0.017239,51.517263],[0.017437,51.516894],[0.017547,51.516906],[0.017834,51.516934],[0.018005,51.516952],[0.01816,51.516968],[0.018217,51.516973],[0.018354,51.516986],[0.018361,51.516958],[0.018367,51.51693],[0.018386,51.516841],[0.0184,51.516771],[0.018416,51.516682],[0.01843,51.516604],[0.018438,51.516547],[0.018447,51.516487],[0.018459,51.516423],[0.018469,51.516365],[0.018477,51.516315],[0.018485,51.516269],[0.018489,51.51624],[0.018494,51.516214],[0.018499,51.516185],[0.018501,51.516155],[0.018504,51.516142],[0.018504,51.516133],[0.018505,51.516121],[0.018502,51.516105],[0.0185,51.516083],[0.018497,51.516059],[0.018487,51.515975],[0.018485,51.515958],[0.018484,51.515955],[0.018484,51.515952],[0.018486,51.515944],[0.018491,51.515936],[0.018498,51.515929],[0.018504,51.515922],[0.018511,51.515918],[0.018517,51.515915],[0.01835,51.515906],[0.018265,51.515902],[0.018024,51.515901],[0.018004,51.515911],[0.018002,51.515926],[0.018,51.516026],[0.018,51.516123],[0.018,51.516222],[0.017999,51.516266],[0.017999,51.516271],[0.017966,51.51627],[0.017966,51.516268],[0.017874,51.516259],[0.017868,51.516284],[0.017794,51.516277],[0.017726,51.51627],[0.017681,51.516266],[0.01764,51.51644],[0.0176,51.516436],[0.017577,51.516498],[0.017571,51.516512],[0.017464,51.516487],[0.017478,51.516429],[0.017269,51.516408],[0.017111,51.516391],[0.017103,51.51616],[0.0171,51.516051],[0.017095,51.515921],[0.017082,51.515507],[0.017103,51.515448],[0.017113,51.515411],[0.017103,51.515395],[0.017099,51.51539],[0.017096,51.515385],[0.01709,51.515381],[0.017084,51.515378],[0.017076,51.515375],[0.017068,51.515372],[0.01705,51.515367],[0.016897,51.515331],[0.016856,51.515322],[0.016837,51.515317],[0.016811,51.515312],[0.0165,51.515238],[0.016482,51.515236],[0.016449,51.515229],[0.016423,51.515224],[0.016405,51.515221],[0.016377,51.515215],[0.016363,51.515213],[0.016336,51.51521],[0.016292,51.515206],[0.016201,51.515198],[0.016163,51.515197],[0.016116,51.515194],[0.016089,51.515192],[0.016077,51.515192],[0.016065,51.515191],[0.016054,51.515191],[0.01603,51.51519],[0.016017,51.51519],[0.015979,51.51519],[0.015945,51.515189],[0.015918,51.515188],[0.015873,51.515188],[0.015846,51.515188],[0.01578,51.515188],[0.015715,51.515188],[0.01564,51.515189],[0.015621,51.51519],[0.015609,51.51519],[0.0156,51.515191],[0.015593,51.515192],[0.015586,51.515193],[0.015572,51.515195],[0.015557,51.515197],[0.015524,51.5152],[0.01544,51.515202],[0.015238,51.515206],[0.015223,51.515207],[0.014993,51.515209],[0.014984,51.515213],[0.01493,51.515215],[0.014824,51.515218],[0.014812,51.515219],[0.014791,51.51522],[0.014742,51.515221],[0.014729,51.515221],[0.014714,51.515221],[0.014682,51.51522],[0.014645,51.515219],[0.014609,51.515217],[0.01457,51.515216],[0.014516,51.515214],[0.014468,51.515212],[0.014388,51.515209],[0.014341,51.515207],[0.014329,51.515206],[0.014108,51.515185],[0.01409,51.51518],[0.014066,51.515176],[0.014059,51.515176],[0.013979,51.515172],[0.013848,51.515166],[0.013798,51.515164],[0.013731,51.515161],[0.013634,51.515158],[0.01336,51.515154],[0.013367,51.514865],[0.013261,51.514853],[0.012952,51.514822],[0.012894,51.514816],[0.012716,51.514798],[0.012446,51.514771],[0.012217,51.514748],[0.012006,51.514727],[0.011866,51.514712],[0.011807,51.514706],[0.011742,51.5147],[0.011634,51.51469],[0.011602,51.514695],[0.011596,51.514698],[0.011591,51.514701],[0.011587,51.514704],[0.011581,51.514707],[0.011575,51.514712],[0.011573,51.514714],[0.011571,51.514717],[0.01157,51.514719],[0.01156,51.51476],[0.011548,51.514822],[0.011529,51.514923],[0.011521,51.514962],[0.01148,51.515166],[0.011477,51.515185],[0.011474,51.515198],[0.011459,51.515272],[0.011448,51.515342],[0.011448,51.515342],[0.011477,51.515348],[0.011525,51.515357],[0.011528,51.515357],[0.011602,51.515371],[0.011602,51.515371],[0.011714,51.515392],[0.011745,51.515398],[0.011746,51.515396],[0.011858,51.515417],[0.011857,51.515419],[0.01186,51.515419],[0.011908,51.515428],[0.011944,51.515435],[0.012008,51.515447],[0.012025,51.51545],[0.012066,51.515457],[0.011935,51.51573],[0.011883,51.515753],[0.011871,51.515778],[0.011855,51.515811],[0.011846,51.515831],[0.01183,51.515846],[0.011807,51.51587],[0.011792,51.515887],[0.011784,51.515907],[0.01176,51.515954],[0.011761,51.515957],[0.011911,51.516343],[0.012032,51.516361],[0.012705,51.516487],[0.012956,51.516534],[0.013217,51.516583],[0.013209,51.516591],[0.013178,51.516618],[0.01313,51.51666],[0.013076,51.516707],[0.01303,51.516749],[0.01298,51.516794],[0.012903,51.516862],[0.012847,51.51691],[0.012726,51.517018],[0.012608,51.517121],[0.012384,51.517317],[0.012357,51.517347],[0.012359,51.517347],[0.012424,51.517377],[0.012473,51.517399],[0.01252,51.51742],[0.012578,51.517446],[0.012632,51.517469],[0.012701,51.5175],[0.012729,51.517513],[0.012768,51.51753],[0.012841,51.517562],[0.012863,51.517571],[0.012908,51.517592],[0.012979,51.517624],[0.013009,51.517597],[0.01301,51.517597],[0.01319,51.517438],[0.013505,51.51758],[0.01393,51.517788],[0.014079,51.517719],[0.0141,51.517712],[0.014114,51.517707],[0.014137,51.517696],[0.014213,51.517663],[0.014247,51.517648],[0.014274,51.517636],[0.014317,51.517616],[0.014355,51.517599],[0.014386,51.517586],[0.014429,51.517566],[0.014442,51.517561],[0.014447,51.517559],[0.01445,51.517558],[0.014454,51.517556],[0.014472,51.51755],[0.014509,51.517537],[0.014547,51.517523],[0.01458,51.51751],[0.014613,51.517499],[0.014754,51.517451],[0.014877,51.517412]]]]}},
{"type":"Feature","properties":{"fid":1465,"OBJECTID":1465,"Shape_Length":984.4807840343926,"Shape_Area":18107.085678883763,"in_cw":false,"whole_in_zone":true},"geometry":{"type":"MultiPolygon","coordinates":[[[[0.010144,51.512775],[0.010183,51.512706],[0.010199,51.512709],[0.010277,51.512615],[0.010283,51.512602],[0.01036,51.512526],[0.010387,51.512492],[0.010474,51.512391],[0.010563,51.512286],[0.010645,51.512191],[0.010646,51.512189],[0.010647,51.512188],[0.010715,51.512103],[0.010736,51.512079],[0.01077,51.512041],[0.010802,51.512003],[0.010809,51.511995],[0.010939,51.511843],[0.010941,51.511838],[0.010943,51.511835],[0.010944,51.511832],[0.010943,51.51183],[0.010942,51.511827],[0.010939,51.511822],[0.010933,51.511818],[0.010929,51.511816],[0.010923,51.511813],[0.010919,51.511813],[0.010915,51.511812],[0.01091,51.511812],[0.010905,51.511813],[0.010883,51.511815],[0.010855,51.511779],[0.010858,51.511774],[0.010859,51.511771],[0.010857,51.511762],[0.010855,51.511751],[0.010854,51.511747],[0.010853,51.511743],[0.010853,51.51174],[0.010853,51.511737],[0.010854,51.511733],[0.010855,51.511728],[0.01086,51.511713],[0.010865,51.511698],[0.010867,51.511692],[0.01087,51.511686],[0.010873,51.51168],[0.010878,51.511674],[0.01093,51.511591],[0.010988,51.511496],[0.011084,51.511342],[0.011085,51.511339],[0.011086,51.511336],[0.011086,51.511334],[0.011086,51.511332],[0.011086,51.511329],[0.011085,51.511325],[0.011083,51.511321],[0.011081,51.511318],[0.011079,51.511317],[0.011112,51.511277],[0.011161,51.51129],[0.011174,51.511293],[0.011187,51.511297],[0.011197,51.511285],[0.011224,51.511252],[0.011279,51.511185],[0.011352,51.511097],[0.011407,51.51103],[0.011448,51.511038],[0.011494,51.510982],[0.011586,51.510878],[0.011679,51.510772],[0.011768,51.510672],[0.011774,51.510665],[0.011807,51.510627],[0.011826,51.510605],[0.011839,51.510588],[0.011845,51.510579],[0.011933,51.510476],[0.011936,51.510474],[0.011951,51.510459],[0.011983,51.510418],[0.012045,51.510344],[0.012112,51.510267],[0.012175,51.510192],[0.012228,51.51013],[0.012253,51.510099],[0.012255,51.510095],[0.012257,51.510091],[0.012259,51.510088],[0.01232,51.510022],[0.012322,51.510018],[0.012546,51.509756],[0.012603,51.509689],[0.012633,51.509653],[0.012635,51.509651],[0.012638,51.509648],[0.012644,51.509637],[0.012643,51.509631],[0.012642,51.509629],[0.012642,51.509628],[0.012639,51.509625],[0.012636,51.509621],[0.012633,51.509619],[0.012627,51.509616],[0.012619,51.509613],[0.012617,51.509613],[0.012608,51.509611],[0.012601,51.509611],[0.012596,51.509612],[0.012592,51.509613],[0.012586,51.509614],[0.012576,51.509616],[0.012569,51.50962],[0.012535,51.509634],[0.012449,51.509671],[0.012373,51.509704],[0.012317,51.50973],[0.012299,51.509738],[0.012281,51.509746],[0.01226,51.509754],[0.012239,51.509764],[0.012221,51.509773],[0.012202,51.509782],[0.01217,51.509798],[0.012104,51.509831],[0.012067,51.509849],[0.012064,51.509851],[0.011972,51.509907],[0.011967,51.50991],[0.011966,51.509911],[0.011943,51.509924],[0.011901,51.509948],[0.011859,51.509973],[0.011809,51.510003],[0.011759,51.510032],[0.011715,51.510057],[0.011697,51.510069],[0.011552,51.510171],[0.011509,51.510201],[0.011402,51.510261],[0.011401,51.510262],[0.011398,51.510264],[0.011395,51.510268],[0.011376,51.510281],[0.011329,51.510316],[0.011286,51.510349],[0.011254,51.510373],[0.011211,51.510407],[0.011171,51.510438],[0.011125,51.510476],[0.011084,51.510509],[0.011048,51.510541],[0.011021,51.510565],[0.011,51.510584],[0.010992,51.510591],[0.010984,51.510598],[0.010977,51.510605],[0.010971,51.510612],[0.010964,51.510619],[0.010956,51.510627],[0.010942,51.510643],[0.010911,51.51068],[0.010905,51.510687],[0.010891,51.510701],[0.010887,51.510706],[0.010883,51.510711],[0.010875,51.51072],[0.010862,51.510737],[0.010756,51.510866],[0.01063,51.511072],[0.01059,51.511139],[0.010561,51.511192],[0.010559,51.511193],[0.010557,51.511193],[0.010556,51.511194],[0.010554,51.511194],[0.010553,51.511196],[0.010542,51.511213],[0.010432,51.511399],[0.010339,51.511555],[0.010265,51.511681],[0.010225,51.511747],[0.010103,51.511953],[0.010064,51.512019],[0.010036,51.512066],[0.009983,51.512154],[0.009894,51.512303],[0.009894,51.512307],[0.009803,51.512347],[0.009803,51.51235],[0.009803,51.512351],[0.009772,51.512381],[0.009763,51.512398],[0.009745,51.512438],[0.009744,51.51244],[0.009655,51.51261],[0.009575,51.512755],[0.009547,51.512801],[0.009535,51.51282],[0.009506,51.512866],[0.009494,51.512884],[0.009376,51.513067],[0.009372,51.513071],[0.009305,51.513165],[0.009278,51.5132],[0.009364,51.513225],[0.009367,51.513227],[0.009369,51.513228],[0.009372,51.513229],[0.009375,51.513231],[0.009377,51.513232],[0.00938,51.513234],[0.009382,51.513235],[0.009693,51.513314],[0.009712,51.513293],[0.009758,51.513237],[0.009788,51.513203],[0.009819,51.513164],[0.009908,51.513061],[0.009956,51.513006],[0.010032,51.512913],[0.010033,51.512912],[0.010035,51.512911],[0.010036,51.512909],[0.01005,51.512893],[0.010064,51.512876],[0.010077,51.51286],[0.010091,51.512843],[0.010144,51.512775]]]]}},
{"type":"Feature","properties":{"fid":1467,"OBJECTID":1467,"Shape_Length":2100.684421048251,"Shape_Area":72470.92974689294,"in_cw":false,"whole_in_zone":true},"geometry":{"type":"MultiPolygon","coordinates":[[[[0.007778,51.515087],[0.008161,51.514995],[0.008244,51.514882],[0.008334,51.514911],[0.008365,51.514909],[0.008465,51.51479],[0.008573,51.514651],[0.008682,51.514513],[0.009055,51.514047],[0.009228,51.513828],[0.009245,51.5138],[0.00925,51.513766],[0.009249,51.51373],[0.00924,51.513706],[0.009233,51.513686],[0.009219,51.513667],[0.009205,51.513648],[0.009182,51.513628],[0.009169,51.513617],[0.009177,51.513617],[0.009199,51.513618],[0.009231,51.51362],[0.009255,51.513624],[0.009274,51.513631],[0.00932,51.51358],[0.0093,51.513575],[0.009339,51.513531],[0.009391,51.513561],[0.00941,51.513561],[0.009429,51.513557],[0.009475,51.513542],[0.009693,51.513314],[0.009382,51.513235],[0.00938,51.513234],[0.009377,51.513232],[0.009375,51.513231],[0.009372,51.513229],[0.009369,51.513228],[0.009367,51.513227],[0.009364,51.513225],[0.009278,51.5132],[0.009225,51.513269],[0.00921,51.513292],[0.009085,51.513252],[0.008929,51.513203],[0.008764,51.513116],[0.008779,51.513095],[0.008769,51.513082],[0.008767,51.51308],[0.008766,51.513078],[0.008765,51.513076],[0.008764,51.513074],[0.008763,51.513072],[0.008763,51.51307],[0.008762,51.513068],[0.008761,51.513063],[0.008761,51.513059],[0.008761,51.513054],[0.008762,51.513049],[0.008782,51.512997],[0.008817,51.512913],[0.008824,51.512895],[0.008831,51.512878],[0.008837,51.51286],[0.008842,51.512842],[0.008881,51.51267],[0.008908,51.51255],[0.008924,51.512491],[0.008934,51.512454],[0.008944,51.512415],[0.008966,51.512343],[0.00899,51.512272],[0.009034,51.512162],[0.009072,51.512073],[0.009091,51.512029],[0.009103,51.511999],[0.009116,51.511969],[0.009145,51.511924],[0.009136,51.511893],[0.009155,51.511863],[0.009175,51.51183],[0.009192,51.511803],[0.009224,51.511752],[0.009263,51.511692],[0.009313,51.511617],[0.009379,51.511514],[0.009415,51.511456],[0.009446,51.511405],[0.00947,51.511364],[0.00949,51.511326],[0.009512,51.511285],[0.009538,51.511236],[0.009561,51.511192],[0.009593,51.511137],[0.009612,51.511104],[0.009642,51.511053],[0.009663,51.511018],[0.009681,51.510986],[0.009692,51.510967],[0.009717,51.510964],[0.009738,51.51093],[0.009757,51.510899],[0.009773,51.510871],[0.0098,51.510826],[0.009818,51.510799],[0.009838,51.51077],[0.009861,51.510734],[0.009877,51.51071],[0.009886,51.510697],[0.009896,51.510682],[0.009901,51.510673],[0.009914,51.510653],[0.009926,51.510636],[0.009932,51.510625],[0.00995,51.510599],[0.009966,51.51057],[0.009988,51.510531],[0.010007,51.510495],[0.010031,51.510452],[0.010052,51.510412],[0.01007,51.510377],[0.010089,51.51034],[0.010107,51.510309],[0.010134,51.510267],[0.010156,51.510231],[0.010176,51.510201],[0.010196,51.510172],[0.010215,51.510147],[0.010248,51.510101],[0.010267,51.510075],[0.010285,51.510052],[0.010291,51.51004],[0.010306,51.51001],[0.010327,51.509972],[0.010348,51.50993],[0.010376,51.509875],[0.0104,51.509828],[0.010412,51.509805],[0.010421,51.509788],[0.010427,51.50977],[0.010434,51.509751],[0.010438,51.509733],[0.010441,51.509721],[0.010443,51.509707],[0.010446,51.509694],[0.010451,51.509668],[0.010455,51.509647],[0.010458,51.509627],[0.010448,51.50963],[0.010424,51.509638],[0.010417,51.509626],[0.010388,51.509634],[0.010366,51.509641],[0.01018,51.509696],[0.009906,51.509775],[0.00978,51.509811],[0.009727,51.509825],[0.0096,51.509859],[0.009471,51.509892],[0.009382,51.509913],[0.009267,51.50994],[0.009133,51.509969],[0.008992,51.509998],[0.008886,51.510019],[0.008827,51.510029],[0.008775,51.510038],[0.008723,51.510048],[0.008566,51.510074],[0.008559,51.510075],[0.008443,51.510092],[0.008327,51.510109],[0.00821,51.510123],[0.008209,51.510118],[0.00821,51.510106],[0.008214,51.510036],[0.008215,51.510019],[0.008219,51.509951],[0.00822,51.509942],[0.008223,51.509929],[0.008529,51.509856],[0.008632,51.509838],[0.008662,51.509833],[0.008817,51.509805],[0.008835,51.509802],[0.008931,51.509784],[0.009041,51.50976],[0.009151,51.509736],[0.009215,51.509721],[0.009322,51.509695],[0.00949,51.509653],[0.009582,51.509629],[0.009698,51.509597],[0.009728,51.509588],[0.009849,51.509553],[0.009989,51.509512],[0.010277,51.509427],[0.010371,51.509399],[0.010446,51.509376],[0.010462,51.509372],[0.010494,51.509363],[0.010504,51.50936],[0.010504,51.50936],[0.010561,51.509343],[0.010586,51.509267],[0.010585,51.509248],[0.010469,51.50925],[0.010444,51.509251],[0.010455,51.509234],[0.010492,51.509178],[0.010471,51.509182],[0.010464,51.509184],[0.010395,51.509199],[0.010367,51.509205],[0.010275,51.509225],[0.01017,51.509247],[0.010159,51.50925],[0.010145,51.509253],[0.010063,51.50927],[0.010037,51.509276],[0.009906,51.509304],[0.009852,51.509316],[0.009809,51.509325],[0.009615,51.509365],[0.009567,51.509332],[0.009557,51.509339],[0.009539,51.50935],[0.009449,51.509381],[0.009397,51.509406],[0.009374,51.509418],[0.009335,51.509435],[0.009291,51.509454],[0.009283,51.509458],[0.009274,51.509461],[0.009267,51.509463],[0.00926,51.509466],[0.009246,51.50947],[0.009233,51.509474],[0.009216,51.509478],[0.009185,51.509487],[0.00916,51.509494],[0.009151,51.509497],[0.009144,51.509499],[0.00914,51.5095],[0.009136,51.5095],[0.009128,51.509502],[0.009117,51.509504],[0.009106,51.509506],[0.009063,51.509515],[0.00893,51.509538],[0.008806,51.509562],[0.008576,51.509605],[0.008305,51.509655],[0.008038,51.509704],[0.007791,51.509746],[0.007426,51.509812],[0.007405,51.509816],[0.007384,51.509819],[0.007364,51.509821],[0.007346,51.509823],[0.007325,51.509824],[0.007302,51.509826],[0.007285,51.509829],[0.007266,51.509832],[0.007247,51.509835],[0.007227,51.509838],[0.007164,51.509851],[0.007115,51.509862],[0.007085,51.509867],[0.007055,51.509872],[0.007028,51.509875],[0.007001,51.509879],[0.006974,51.509883],[0.006946,51.509888],[0.00692,51.509894],[0.006894,51.5099],[0.006872,51.509907],[0.00685,51.509913],[0.006724,51.509941],[0.006686,51.509963],[0.006648,51.509985],[0.006574,51.510028],[0.006566,51.51024],[0.006575,51.51025],[0.006982,51.510747],[0.006986,51.510751],[0.007091,51.510863],[0.007171,51.510951],[0.007197,51.510978],[0.007338,51.511108],[0.007395,51.511164],[0.007443,51.511215],[0.007479,51.511256],[0.007495,51.511279],[0.007549,51.511357],[0.007885,51.511833],[0.007894,51.511842],[0.007913,51.511852],[0.007934,51.511867],[0.007941,51.51187],[0.007981,51.511882],[0.007994,51.511917],[0.008023,51.511998],[0.00805,51.512087],[0.008101,51.512231],[0.008111,51.512258],[0.008123,51.512303],[0.00816,51.512455],[0.008169,51.5125],[0.008176,51.512545],[0.008194,51.51268],[0.008204,51.512763],[0.008218,51.512891],[0.008225,51.512955],[0.008214,51.513],[0.008169,51.513169],[0.008121,51.513341],[0.008075,51.513417],[0.007861,51.513723],[0.007771,51.513837],[0.007694,51.513933],[0.007587,51.514051],[0.007549,51.514093],[0.007387,51.514245],[0.007312,51.514297],[0.007233,51.514351],[0.007184,51.514382],[0.007115,51.514416],[0.007189,51.514476],[0.007226,51.514506],[0.007175,51.514552],[0.007266,51.514676],[0.007235,51.514708],[0.007126,51.514746],[0.007184,51.514786],[0.007291,51.514841],[0.007434,51.51491],[0.007468,51.514948],[0.007433,51.514986],[0.007654,51.51508],[0.007688,51.51505],[0.007778,51.515087]]]]}},
{"type":"Feature","properties":{"fid":1475,"OBJECTID":1475,"Shape_Length":1123.574954076633,"Shape_Area":49728.58677274491,"in_cw":false,"whole_in_zone":false},"geometry":{"type":"MultiPolygon","coordinates":[[[[0.017263,51.507248],[0.017365,51.506624],[0.017507,51.506632],[0.017521,51.506564],[0.017503,51.506551],[0.017339,51.506486],[0.017283,51.506464],[0.01721,51.506435],[0.017152,51.506414],[0.017047,51.506377],[0.016937,51.506327],[0.017134,51.506118],[0.016341,51.505926],[0.01623,51.50603],[0.016214,51.506049],[0.016185,51.506042],[0.016159,51.506073],[0.016147,51.506087],[0.016094,51.50615],[0.016035,51.506163],[0.015965,51.506351],[0.015923,51.506456],[0.015844,51.506593],[0.015784,51.506674],[0.015149,51.507429],[0.014676,51.507961],[0.014509,51.508155],[0.014474,51.508214],[0.01446,51.508254],[0.014444,51.508305],[0.014444,51.508337],[0.014458,51.508376],[0.014473,51.508399],[0.014516,51.508474],[0.014532,51.50853],[0.014535,51.508576],[0.014468,51.508727],[0.014425,51.508773],[0.014213,51.508886],[0.014492,51.508897],[0.01475,51.508905],[0.015173,51.508908],[0.015365,51.50891],[0.016269,51.508904],[0.016468,51.508914],[0.016689,51.508934],[0.016935,51.508961],[0.017483,51.509041],[0.017828,51.509091],[0.018137,51.509135],[0.018161,51.509139],[0.018188,51.509067],[0.018195,51.509063],[0.018201,51.509045],[0.018267,51.50896],[0.01803,51.508914],[0.017999,51.508912],[0.017948,51.508898],[0.017916,51.508885],[0.017859,51.508858],[0.017808,51.50883],[0.017762,51.508799],[0.017719,51.508764],[0.017679,51.508724],[0.017628,51.508665],[0.017574,51.508601],[0.017342,51.50833],[0.017332,51.508318],[0.017323,51.508299],[0.01732,51.508277],[0.017323,51.508262],[0.017333,51.508245],[0.017344,51.508234],[0.01736,51.508222],[0.017389,51.508208],[0.017358,51.508135],[0.017356,51.50809],[0.017363,51.508024],[0.017331,51.508015],[0.017305,51.508003],[0.017266,51.50798],[0.01721,51.507957],[0.01717,51.507895],[0.017172,51.507814],[0.017263,51.507248]]]]}},
{"type":"Feature","properties":{"fid":1481,"OBJECTID":1481,"Shape_Length":1475.503647095929,"Shape_Area":113099.91483726502,"in_cw":false,"whole_in_zone":false},"geometry":{"type":"MultiPolygon","coordinates":[[[[0.010471,51.509182],[0.010604,51.509153],[0.010869,51.509096],[0.011134,51.509039],[0.011398,51.508982],[0.011663,51.508924],[0.011928,51.508867],[0.012193,51.50881],[0.012291,51.508788],[0.0125,51.508726],[0.012757,51.508625],[0.012873,51.508508],[0.012871,51.508449],[0.012889,51.508395],[0.012982,51.508363],[0.013041,51.508257],[0.013255,51.508179],[0.013292,51.508164],[0.013307,51.50816],[0.013322,51.508155],[0.013337,51.508151],[0.013362,51.508147],[0.013375,51.508145],[0.013388,51.508144],[0.013401,51.508142],[0.013426,51.50814],[0.013444,51.508139],[0.013459,51.50814],[0.01347,51.508141],[0.013481,51.508142],[0.013493,51.508142],[0.013537,51.508144],[0.01355,51.508143],[0.01356,51.508142],[0.013565,51.508141],[0.013583,51.508138],[0.013636,51.508127],[0.013689,51.508116],[0.013712,51.508112],[0.013715,51.508111],[0.013727,51.508107],[0.01374,51.508102],[0.013757,51.508095],[0.01378,51.508083],[0.013792,51.508077],[0.013811,51.508066],[0.013824,51.508058],[0.013837,51.508049],[0.013848,51.50804],[0.013858,51.508031],[0.013867,51.508023],[0.013875,51.508014],[0.013883,51.508005],[0.014023,51.507859],[0.014027,51.507855],[0.014138,51.507732],[0.014142,51.507727],[0.014563,51.507259],[0.01464,51.507169],[0.014711,51.507095],[0.014829,51.506963],[0.014852,51.506937],[0.014903,51.506882],[0.014969,51.506813],[0.014982,51.506801],[0.015051,51.506733],[0.015081,51.506704],[0.015153,51.506636],[0.015243,51.506554],[0.015248,51.506549],[0.01544,51.506373],[0.015444,51.506369],[0.01554,51.506278],[0.015598,51.506222],[0.015695,51.506126],[0.015663,51.506114],[0.015631,51.506102],[0.015552,51.506075],[0.015505,51.506076],[0.015498,51.506065],[0.015322,51.505968],[0.015066,51.505859],[0.014911,51.505792],[0.0148,51.505745],[0.014782,51.505736],[0.014782,51.505736],[0.014765,51.505728],[0.014747,51.50572],[0.014729,51.505713],[0.014711,51.505707],[0.01468,51.505696],[0.014471,51.505626],[0.013957,51.505455],[0.013986,51.505422],[0.013422,51.505229],[0.013336,51.5052],[0.013365,51.505165],[0.013122,51.505083],[0.013117,51.505084],[0.012665,51.505208],[0.012659,51.505209],[0.012523,51.505171],[0.01244,51.505148],[0.012365,51.505169],[0.012146,51.50523],[0.012142,51.505232],[0.012131,51.505235],[0.012114,51.505239],[0.0121,51.505243],[0.012087,51.505248],[0.012068,51.505255],[0.012057,51.505261],[0.012048,51.505268],[0.01204,51.505274],[0.012031,51.505281],[0.012026,51.505285],[0.012022,51.505289],[0.012017,51.505292],[0.012011,51.505295],[0.012001,51.505302],[0.011992,51.505307],[0.01197,51.505318],[0.011958,51.505326],[0.011947,51.505333],[0.011932,51.505344],[0.011916,51.505354],[0.011894,51.505369],[0.011872,51.505383],[0.011839,51.505404],[0.011807,51.505425],[0.011706,51.505491],[0.011673,51.505512],[0.011631,51.505538],[0.011591,51.505564],[0.011486,51.505632],[0.011424,51.505672],[0.011363,51.505711],[0.01118,51.505829],[0.011086,51.50589],[0.011079,51.505894],[0.011067,51.505902],[0.011062,51.505905],[0.01106,51.505908],[0.011057,51.505909],[0.011055,51.505912],[0.011052,51.505915],[0.011041,51.505922],[0.011035,51.505925],[0.011031,51.505928],[0.010845,51.506055],[0.010653,51.506188],[0.010594,51.506226],[0.010533,51.506267],[0.010471,51.506307],[0.010466,51.506305],[0.010464,51.506304],[0.01046,51.506302],[0.010454,51.506301],[0.010449,51.506301],[0.010444,51.506302],[0.01044,51.506304],[0.010437,51.506306],[0.010403,51.506326],[0.010335,51.50637],[0.010206,51.506455],[0.010159,51.506485],[0.010157,51.506486],[0.010084,51.506534],[0.01005,51.506556],[0.010043,51.50656],[0.010035,51.506567],[0.010033,51.506569],[0.010029,51.506573],[0.010026,51.506578],[0.010025,51.506582],[0.010025,51.506587],[0.010025,51.50659],[0.010026,51.506594],[0.010028,51.506598],[0.010033,51.506602],[0.010046,51.506618],[0.010072,51.506644],[0.01005,51.50666],[0.009906,51.506771],[0.009883,51.506791],[0.00988,51.506789],[0.009876,51.506785],[0.009864,51.506773],[0.009853,51.506765],[0.009845,51.506759],[0.00984,51.506757],[0.009833,51.506754],[0.009825,51.506752],[0.009816,51.506749],[0.009808,51.506746],[0.009799,51.506744],[0.009791,51.506744],[0.009786,51.506745],[0.009782,51.506745],[0.009776,51.506748],[0.009768,51.506753],[0.009755,51.506761],[0.009745,51.506772],[0.009735,51.506782],[0.009725,51.506792],[0.009717,51.506803],[0.009707,51.506815],[0.009699,51.506826],[0.009691,51.506837],[0.009686,51.506844],[0.00968,51.506851],[0.009676,51.506857],[0.009673,51.506863],[0.009669,51.506872],[0.009666,51.506882],[0.009656,51.506914],[0.009646,51.506945],[0.009643,51.50695],[0.009639,51.506955],[0.00963,51.506968],[0.009627,51.506972],[0.009624,51.506977],[0.009621,51.506983],[0.00962,51.506985],[0.009618,51.506989],[0.009616,51.506997],[0.009615,51.507006],[0.009615,51.507015],[0.009614,51.507021],[0.009615,51.507026],[0.009614,51.507031],[0.009614,51.507036],[0.009614,51.507039],[0.009614,51.507051],[0.009615,51.507058],[0.009616,51.507064],[0.009619,51.507071],[0.009623,51.507078],[0.009635,51.507104],[0.009687,51.507207],[0.009778,51.507392],[0.009832,51.507498],[0.009879,51.507587],[0.00994,51.507702],[0.009955,51.507732],[0.009975,51.507762],[0.009989,51.507782],[0.009991,51.507785],[0.009993,51.507788],[0.009995,51.507791],[0.009998,51.507795],[0.010002,51.507799],[0.010006,51.507802],[0.01001,51.507805],[0.010014,51.507809],[0.010016,51.507813],[0.010019,51.507818],[0.010021,51.507822],[0.010048,51.507874],[0.010089,51.507956],[0.010107,51.507996],[0.01012,51.508021],[0.010125,51.50803],[0.010127,51.508034],[0.010127,51.508037],[0.010129,51.508039],[0.01013,51.508041],[0.010131,51.508042],[0.010135,51.508044],[0.010138,51.508047],[0.010142,51.508049],[0.010145,51.50805],[0.010152,51.508052],[0.010159,51.508052],[0.010164,51.508053],[0.010169,51.508053],[0.010225,51.508131],[0.010392,51.508371],[0.01047,51.508483],[0.010526,51.508562],[0.010516,51.508566],[0.010394,51.508608],[0.010322,51.508633],[0.010296,51.508666],[0.010149,51.508855],[0.0101,51.50892],[0.010097,51.508927],[0.010079,51.508946],[0.010078,51.508947],[0.010073,51.508952],[0.010031,51.508997],[0.009991,51.509039],[0.009972,51.509059],[0.009967,51.509063],[0.009967,51.509064],[0.009942,51.50909],[0.009929,51.509095],[0.009906,51.509112],[0.009834,51.50917],[0.009694,51.509279],[0.009666,51.509268],[0.009582,51.509323],[0.009567,51.509332],[0.009615,51.509365],[0.009809,51.509325],[0.009906,51.509304],[0.010159,51.50925],[0.010275,51.509225],[0.010471,51.509182]]]]}},
{"type":"Feature","properties":{"fid":1482,"OBJECTID":1482,"Shape_Length":1491.4926858343408,"Shape_Area":43730.94236380188,"in_cw":false,"whole_in_zone":true},"geometry":{"type":"MultiPolygon","coordinates":[[[[0.004334,51.516378],[0.00434,51.516372],[0.004387,51.516388],[0.004465,51.516304],[0.004479,51.516289],[0.004496,51.516271],[0.004503,51.516265],[0.004517,51.516253],[0.004522,51.516248],[0.004529,51.516242],[0.004537,51.516236],[0.00455,51.516225],[0.004636,51.51615],[0.004672,51.516117],[0.00471,51.516085],[0.004753,51.516052],[0.004797,51.51602],[0.004827,51.515999],[0.004858,51.51598],[0.004875,51.515968],[0.004892,51.515957],[0.00491,51.515946],[0.004927,51.515936],[0.005062,51.515865],[0.005174,51.515803],[0.005187,51.515797],[0.005224,51.515783],[0.005256,51.515772],[0.005288,51.515762],[0.005336,51.515749],[0.00537,51.515741],[0.005412,51.51573],[0.005802,51.515677],[0.005857,51.515677],[0.0059,51.515674],[0.006001,51.515668],[0.006062,51.515661],[0.006088,51.515654],[0.006114,51.515645],[0.006137,51.515635],[0.006157,51.515623],[0.006175,51.515609],[0.006182,51.515594],[0.006187,51.515598],[0.00619,51.515594],[0.006203,51.515578],[0.006212,51.515562],[0.006224,51.515527],[0.006224,51.515525],[0.006234,51.515468],[0.006235,51.515444],[0.006228,51.515417],[0.006213,51.515392],[0.006205,51.515385],[0.006205,51.515384],[0.00619,51.51537],[0.006161,51.51535],[0.006126,51.515335],[0.005987,51.515294],[0.005849,51.515267],[0.005828,51.515263],[0.005582,51.515216],[0.005474,51.515195],[0.005404,51.515182],[0.005307,51.515163],[0.005226,51.515148],[0.005219,51.515146],[0.005199,51.515142],[0.005197,51.515142],[0.005216,51.515091],[0.005217,51.515081],[0.005217,51.51507],[0.005217,51.515059],[0.005218,51.515057],[0.005234,51.515029],[0.005237,51.515023],[0.005291,51.514926],[0.005297,51.514915],[0.005301,51.51491],[0.005312,51.514889],[0.005353,51.514817],[0.005361,51.514802],[0.005365,51.514804],[0.005368,51.514798],[0.005376,51.5148],[0.005508,51.514838],[0.005643,51.514873],[0.005644,51.514873],[0.005762,51.514901],[0.005987,51.514947],[0.006046,51.514857],[0.006088,51.514807],[0.006072,51.514803],[0.006038,51.514792],[0.006004,51.51478],[0.005971,51.514768],[0.005938,51.514755],[0.005909,51.514743],[0.005905,51.514742],[0.005873,51.514728],[0.005863,51.514723],[0.005858,51.51472],[0.005761,51.51468],[0.005745,51.514674],[0.00563,51.514623],[0.0056,51.51461],[0.00542,51.514531],[0.005404,51.514524],[0.005331,51.514492],[0.005307,51.514481],[0.005186,51.51442],[0.00504,51.514329],[0.004901,51.514242],[0.004685,51.514066],[0.004655,51.514077],[0.004614,51.514075],[0.004568,51.51404],[0.004481,51.513973],[0.00447,51.513965],[0.004455,51.513942],[0.004489,51.513925],[0.004498,51.513921],[0.004464,51.513899],[0.004358,51.513808],[0.004323,51.513777],[0.004308,51.513764],[0.004287,51.513746],[0.004269,51.513743],[0.004245,51.513743],[0.004088,51.51376],[0.003969,51.513789],[0.003947,51.513746],[0.003922,51.513751],[0.003956,51.513813],[0.003991,51.513806],[0.003989,51.513799],[0.004091,51.513776],[0.004095,51.513775],[0.004109,51.513799],[0.004127,51.513828],[0.004139,51.51385],[0.00403,51.513873],[0.004028,51.513868],[0.003991,51.513876],[0.004012,51.513912],[0.00404,51.51395],[0.004069,51.51398],[0.004125,51.514034],[0.004128,51.514033],[0.004131,51.514039],[0.004149,51.514074],[0.004156,51.514087],[0.004164,51.514085],[0.004229,51.514189],[0.004236,51.514201],[0.004306,51.514322],[0.004344,51.514385],[0.004365,51.514421],[0.004377,51.514442],[0.004388,51.514459],[0.004392,51.514466],[0.004434,51.514537],[0.004441,51.514549],[0.004459,51.514552],[0.004504,51.514562],[0.004669,51.514598],[0.004792,51.514629],[0.004927,51.514667],[0.004953,51.514674],[0.005042,51.514702],[0.005113,51.514724],[0.005257,51.51477],[0.005261,51.514771],[0.005249,51.514793],[0.005196,51.514891],[0.00519,51.514903],[0.005138,51.515],[0.005132,51.51501],[0.005117,51.515039],[0.005106,51.515048],[0.005095,51.515057],[0.005074,51.515117],[0.005057,51.515114],[0.005014,51.515105],[0.004987,51.515099],[0.004957,51.515093],[0.004916,51.515084],[0.004894,51.515079],[0.00469,51.515035],[0.004487,51.51499],[0.004305,51.51495],[0.004303,51.51495],[0.004275,51.514981],[0.004273,51.514984],[0.004248,51.515011],[0.004166,51.515102],[0.004072,51.515201],[0.003976,51.515295],[0.003875,51.515383],[0.003737,51.515503],[0.003722,51.515516],[0.003385,51.515705],[0.00339,51.515708],[0.003256,51.515777],[0.003223,51.515795],[0.003173,51.515823],[0.00317,51.515825],[0.003126,51.515851],[0.003045,51.51589],[0.002938,51.515945],[0.002895,51.515967],[0.002851,51.515991],[0.002756,51.516037],[0.002729,51.516051],[0.002721,51.516045],[0.002717,51.516047],[0.002468,51.516156],[0.002462,51.516158],[0.002377,51.516195],[0.002265,51.516246],[0.002114,51.516308],[0.0019,51.516397],[0.001813,51.516432],[0.001591,51.516522],[0.00149,51.516564],[0.001495,51.516568],[0.0015,51.516571],[0.001636,51.516669],[0.001707,51.51672],[0.001921,51.516875],[0.00213,51.517024],[0.002625,51.517378],[0.00314,51.517747],[0.003181,51.517755],[0.003279,51.517773],[0.003326,51.517781],[0.003326,51.517781],[0.003471,51.517524],[0.003541,51.517411],[0.003735,51.517114],[0.003958,51.516788],[0.004334,51.516378]]]]}},
{"type":"Feature","properties":{"fid":1484,"OBJECTID":1484,"Shape_Length":1082.6411082696952,"Shape_Area":56395.613958022426,"in_cw":false,"whole_in_zone":false},"geometry":{"type":"MultiPolygon","coordinates":[[[[0.015735,51.505684],[0.015744,51.505681],[0.015745,51.505681],[0.015762,51.505689],[0.015763,51.505689],[0.015839,51.505643],[0.015841,51.505642],[0.015853,51.505637],[0.015906,51.505615],[0.015916,51.50561],[0.015959,51.505592],[0.015981,51.505582],[0.01601,51.505569],[0.016011,51.505568],[0.016063,51.505544],[0.016113,51.505519],[0.016163,51.505494],[0.016182,51.505483],[0.016211,51.505467],[0.016439,51.50535],[0.01644,51.505349],[0.016446,51.505346],[0.016446,51.505346],[0.016706,51.505211],[0.017042,51.505035],[0.017491,51.5048],[0.017729,51.504674],[0.017815,51.50463],[0.017851,51.504611],[0.017908,51.504582],[0.017914,51.504579],[0.017916,51.504578],[0.017919,51.504565],[0.014892,51.503375],[0.01443,51.503231],[0.014399,51.503228],[0.014344,51.503275],[0.014321,51.503295],[0.014317,51.503299],[0.014309,51.503307],[0.014305,51.503311],[0.014282,51.503328],[0.01427,51.503339],[0.014241,51.503362],[0.014227,51.503373],[0.014217,51.503382],[0.014203,51.503393],[0.014193,51.503402],[0.014173,51.503394],[0.013801,51.503727],[0.01376,51.503763],[0.013756,51.503767],[0.013755,51.503769],[0.013749,51.503774],[0.013741,51.503784],[0.013728,51.503799],[0.013719,51.503809],[0.013525,51.50403],[0.013523,51.504032],[0.01352,51.504035],[0.013486,51.504067],[0.013395,51.504157],[0.013344,51.504206],[0.013313,51.504237],[0.013309,51.50424],[0.013254,51.504294],[0.013156,51.50439],[0.013148,51.504396],[0.013137,51.504406],[0.013136,51.504408],[0.013129,51.504415],[0.013104,51.504444],[0.013085,51.504449],[0.013166,51.504576],[0.01329,51.504765],[0.013328,51.504778],[0.013368,51.504793],[0.013391,51.504801],[0.013397,51.504803],[0.013409,51.504807],[0.013421,51.504811],[0.013416,51.504865],[0.01341,51.504931],[0.013256,51.505003],[0.013229,51.504993],[0.013139,51.504963],[0.013125,51.504958],[0.012932,51.505012],[0.012782,51.505052],[0.012799,51.505075],[0.012734,51.505093],[0.012675,51.505109],[0.012665,51.505096],[0.012659,51.505087],[0.012641,51.505091],[0.012536,51.505121],[0.012444,51.505147],[0.01244,51.505148],[0.012523,51.505171],[0.012659,51.505209],[0.012665,51.505208],[0.013117,51.505084],[0.013122,51.505083],[0.013365,51.505165],[0.013336,51.5052],[0.013422,51.505229],[0.013986,51.505422],[0.013957,51.505455],[0.014471,51.505626],[0.01468,51.505696],[0.014711,51.505707],[0.014729,51.505713],[0.014747,51.50572],[0.014765,51.505728],[0.014782,51.505736],[0.014782,51.505736],[0.0148,51.505745],[0.014911,51.505792],[0.015066,51.505859],[0.015322,51.505968],[0.015335,51.505957],[0.015337,51.505955],[0.015377,51.505921],[0.015404,51.505898],[0.015409,51.505891],[0.015457,51.505846],[0.015465,51.505837],[0.015541,51.505827],[0.015675,51.505739],[0.015638,51.505719],[0.015641,51.505718],[0.015642,51.505717],[0.015653,51.505714],[0.015694,51.505699],[0.015735,51.505684]]]]}},
{"type":"Feature","properties":{"fid":1497,"OBJECTID":1497,"Shape_Length":416.997870274923,"Shape_Area":8806.598839816614,"in_cw":false,"whole_in_zone":true},"geometry":{"type":"MultiPolygon","coordinates":[[[[0.012647,51.510349],[0.012647,51.510349],[0.012648,51.510348],[0.012649,51.510348],[0.012652,51.510347],[0.012653,51.510347],[0.012654,51.510346],[0.012655,51.510346],[0.012656,51.510346],[0.012657,51.510346],[0.012658,51.510345],[0.012661,51.510345],[0.012662,51.510345],[0.012663,51.510345],[0.012667,51.510345],[0.012669,51.510345],[0.012671,51.510345],[0.012672,51.510345],[0.012672,51.510345],[0.012674,51.510345],[0.012676,51.510345],[0.012679,51.510345],[0.012681,51.510346],[0.012683,51.510346],[0.012684,51.510346],[0.012685,51.510347],[0.012685,51.510347],[0.012688,51.510348],[0.012688,51.510348],[0.012689,51.510348],[0.01269,51.510349],[0.012713,51.510363],[0.012748,51.510388],[0.012763,51.510398],[0.012812,51.510431],[0.013012,51.510556],[0.013095,51.510609],[0.0132,51.510676],[0.013316,51.510751],[0.013365,51.510782],[0.01337,51.510786],[0.013373,51.510789],[0.013375,51.510791],[0.013378,51.510795],[0.013379,51.510796],[0.013381,51.510798],[0.013383,51.510801],[0.013385,51.510804],[0.013386,51.510807],[0.013388,51.51081],[0.013389,51.510813],[0.01339,51.510818],[0.01339,51.51082],[0.01339,51.510823],[0.01339,51.510826],[0.01339,51.510828],[0.013389,51.510836],[0.013388,51.51084],[0.013387,51.510844],[0.013386,51.510848],[0.013384,51.510853],[0.013382,51.510856],[0.013381,51.510858],[0.013506,51.51073],[0.013512,51.510724],[0.013521,51.510717],[0.013527,51.510709],[0.013538,51.510697],[0.013547,51.510686],[0.013556,51.510674],[0.013566,51.510662],[0.013587,51.510634],[0.013591,51.510628],[0.01362,51.510591],[0.013656,51.510543],[0.013695,51.510496],[0.013708,51.510477],[0.013718,51.510463],[0.013724,51.510455],[0.013726,51.510446],[0.013727,51.510445],[0.013804,51.510272],[0.013806,51.510264],[0.013808,51.510256],[0.013818,51.51023],[0.013854,51.510118],[0.013892,51.510003],[0.013915,51.509932],[0.013924,51.509907],[0.014021,51.509818],[0.01404,51.509761],[0.014041,51.509757],[0.014057,51.509708],[0.014063,51.50969],[0.014075,51.509654],[0.014094,51.509598],[0.014103,51.509569],[0.014088,51.509575],[0.014074,51.509561],[0.013936,51.509429],[0.013841,51.509335],[0.013832,51.509326],[0.01382,51.509314],[0.013817,51.509311],[0.013814,51.509309],[0.013813,51.509308],[0.013812,51.509306],[0.013679,51.509324],[0.013535,51.509354],[0.013502,51.509395],[0.013407,51.509456],[0.013402,51.509461],[0.013398,51.509465],[0.013396,51.509468],[0.013394,51.509472],[0.013393,51.509475],[0.013392,51.509479],[0.013337,51.509538],[0.01333,51.509543],[0.013321,51.509555],[0.013311,51.509566],[0.013307,51.509572],[0.013184,51.509713],[0.013176,51.509725],[0.013135,51.509771],[0.013071,51.509846],[0.01305,51.509873],[0.013048,51.509874],[0.013048,51.509875],[0.013046,51.509879],[0.012964,51.509968],[0.012941,51.509995],[0.012896,51.510048],[0.01282,51.510135],[0.012766,51.5102],[0.012726,51.510245],[0.012709,51.510265],[0.012705,51.510272],[0.012642,51.510347],[0.012647,51.510349]]]]}},
{"type":"Feature","properties":{"fid":1538,"OBJECTID":1538,"Shape_Length":1214.3540048697375,"Shape_Area":50523.65994607425,"in_cw":true,"whole_in_zone":true},"geometry":{"type":"MultiPolygon","coordinates":[[[[-0.018803,51.498943],[-0.018801,51.498993],[-0.020889,51.499114],[-0.020989,51.49918],[-0.02125,51.499213],[-0.021459,51.499159],[-0.02152,51.499053],[-0.021536,51.498968],[-0.022451,51.498962],[-0.022508,51.500005],[-0.020958,51.4999],[-0.020813,51.50059],[-0.020694,51.500702],[-0.018492,51.500315],[-0.0186,51.499682],[-0.017198,51.499565],[-0.017309,51.498846],[-0.017329,51.498397],[-0.018675,51.498477],[-0.018836,51.498465],[-0.018803,51.498943]]]]}},
{"type":"Feature","properties":{"fid":1665,"OBJECTID":1665,"Shape_Length":411.06004714469316,"Shape_Area":9627.826687504123,"in_cw":false,"whole_in_zone":true},"geometry":{"type":"MultiPolygon","coordinates":[[[[-0.048972,51.502358],[-0.048738,51.502498],[-0.048662,51.502566],[-0.047953,51.502987],[-0.047854,51.503052],[-0.047631,51.503182],[-0.04738,51.502833],[-0.047418,51.502645],[-0.04747,51.502421],[-0.047384,51.502175],[-0.047365,51.502116],[-0.047503,51.502077],[-0.047628,51.502041],[-0.047778,51.501999],[-0.047958,51.50195],[-0.048046,51.501925],[-0.048191,51.501885],[-0.048305,51.501853],[-0.048485,51.501802],[-0.048583,51.501969],[-0.048622,51.502026],[-0.048724,51.502182],[-0.048972,51.502358]]]]}},
{"type":"Feature","properties":{"fid":1684,"OBJECTID":1684,"Shape_Length":828.5230680336906,"Shape_Area":37582.410411171346,"in_cw":false,"whole_in_zone":true},"geometry":{"type":"MultiPolygon","coordinates":[[[[-0.092063,51.483914],[-0.092056,51.484096],[-0.091498,51.48405],[-0.091527,51.4841],[-0.090945,51.484105],[-0.090116,51.484208],[-0.089307,51.484341],[-0.088744,51.48451],[-0.088347,51.483839],[-0.088064,51.483452],[-0.088623,51.483264],[-0.089787,51.482917],[-0.090067,51.482867],[-0.090871,51.482747],[-0.09186,51.482597],[-0.091881,51.482691],[-0.091993,51.483214],[-0.092063,51.483515],[-0.092118,51.483821],[-0.092139,51.48392],[-0.092063,51.483914]]]]}},
{"type":"Feature","properties":{"fid":1692,"OBJECTID":1692,"Shape_Length":1727.1366344221387,"Shape_Area":108654.0473938023,"in_cw":false,"whole_in_zone":true},"geometry":{"type":"MultiPolygon","coordinates":[[[[-0.088608,51.484434],[-0.088679,51.48453],[-0.087874,51.484771],[-0.086769,51.485169],[-0.087641,51.485899],[-0.088232,51.48565],[-0.089068,51.485281],[-0.089448,51.486048],[-0.088838,51.486205],[-0.088018,51.486556],[-0.087308,51.48689],[-0.087132,51.486947],[-0.087017,51.486999],[-0.086705,51.487173],[-0.086631,51.487285],[-0.086637,51.487367],[-0.086627,51.487394],[-0.08652,51.487446],[-0.086077,51.487054],[-0.085177,51.487502],[-0.082591,51.485343],[-0.082577,51.485269],[-0.082626,51.485166],[-0.082693,51.485105],[-0.087938,51.483448],[-0.088608,51.484434]]]]}},
{"type":"Feature","properties":{"fid":1693,"OBJECTID":1693,"Shape_Length":266.0746179205803,"Shape_Area":4314.199771528947,"in_cw":false,"whole_in_zone":true},"geometry":{"type":"MultiPolygon","coordinates":[[[[-0.085681,51.487889],[-0.085181,51.4875],[-0.086077,51.487054],[-0.08653,51.487463],[-0.085997,51.487736],[-0.085681,51.487889]]]]}},
{"type":"Feature","properties":{"fid":1694,"OBJECTID":1694,"Shape_Length":428.48336991613274,"Shape_Area":10524.07865710466,"in_cw":false,"whole_in_zone":true},"geometry":{"type":"MultiPolygon","coordinates":[[[[-0.086514,51.489249],[-0.085793,51.489472],[-0.084927,51.489641],[-0.084328,51.489002],[-0.084748,51.488821],[-0.084862,51.488902],[-0.084913,51.488907],[-0.085861,51.488492],[-0.086514,51.489249]]]]}},
{"type":"Feature","properties":{"fid":1708,"OBJECTID":1708,"Shape_Length":247.3813910039101,"Shape_Area":3171.588093069407,"in_cw":false,"whole_in_zone":true},"geometry":{"type":"MultiPolygon","coordinates":[[[[-0.091428,51.477956],[-0.091763,51.477926],[-0.091806,51.478113],[-0.091811,51.478138],[-0.091856,51.47833],[-0.091625,51.47835],[-0.09159,51.478353],[-0.091413,51.478362],[-0.091391,51.478363],[-0.091139,51.478379],[-0.091124,51.478331],[-0.09101,51.478344],[-0.090896,51.478358],[-0.090874,51.478227],[-0.090691,51.478242],[-0.090682,51.478201],[-0.090661,51.478097],[-0.090653,51.47806],[-0.090651,51.47805],[-0.090646,51.478024],[-0.091428,51.477956]]]]}},
{"type":"Feature","properties":{"fid":1709,"OBJECTID":1709,"Shape_Length":221.33718464608108,"Shape_Area":2110.483749737927,"in_cw":false,"whole_in_zone":true},"geometry":{"type":"MultiPolygon","coordinates":[[[[-0.091089,51.477307],[-0.091058,51.477177],[-0.091128,51.477169],[-0.091555,51.477118],[-0.091602,51.477292],[-0.091637,51.477449],[-0.091436,51.477467],[-0.091258,51.477483],[-0.091133,51.477494],[-0.091033,51.477503],[-0.090576,51.477544],[-0.090534,51.477357],[-0.090605,51.477351],[-0.090848,51.477328],[-0.091089,51.477307]]]]}},
{"type":"Feature","properties":{"fid":1711,"OBJECTID":1711,"Shape_Length":230.98419477423062,"Shape_Area":2700.1337534923045,"in_cw":false,"whole_in_zone":false},"geometry":{"type":"MultiPolygon","coordinates":[[[[-0.095284,51.485666],[-0.095293,51.48569],[-0.095325,51.485774],[-0.09534,51.485814],[-0.095343,51.485823],[-0.095093,51.485879],[-0.094675,51.485968],[-0.094674,51.485967],[-0.09452,51.485997],[-0.094449,51.485974],[-0.094252,51.485679],[-0.094191,51.485587],[-0.094322,51.485565],[-0.09439,51.485554],[-0.094458,51.485543],[-0.094519,51.485533],[-0.094564,51.485526],[-0.094576,51.485535],[-0.094757,51.485507],[-0.094757,51.485509],[-0.094933,51.485483],[-0.094947,51.485518],[-0.094965,51.485564],[-0.094962,51.485565],[-0.094968,51.485581],[-0.095007,51.485674],[-0.095025,51.485716],[-0.095045,51.485714],[-0.095042,51.485705],[-0.095052,51.485703],[-0.095284,51.485666]]]]}},
{"type":"Feature","properties":{"fid":1717,"OBJECTID":1717,"Shape_Length":218.49408645278237,"Shape_Area":2938.9976911642257,"in_cw":false,"whole_in_zone":false},"geometry":{"type":"MultiPolygon","coordinates":[[[[-0.094444,51.480057],[-0.094575,51.480051],[-0.094749,51.480042],[-0.095237,51.48002],[-0.09533,51.480015],[-0.095346,51.480247],[-0.095355,51.480393],[-0.095357,51.480442],[-0.094927,51.480468],[-0.094487,51.480493],[-0.094466,51.480252],[-0.094461,51.480205],[-0.094444,51.480057]]]]}},
{"type":"Feature","properties":{"fid":1719,"OBJECTID":1719,"Shape_Length":947.6877310339663,"Shape_Area":38128.98822973314,"in_cw":false,"whole_in_zone":true},"geometry":{"type":"MultiPolygon","coordinates":[[[[-0.08848,51.480594],[-0.088182,51.480833],[-0.088172,51.48084],[-0.088159,51.480849],[-0.087982,51.480978],[-0.087698,51.481191],[-0.087479,51.481374],[-0.087373,51.481418],[-0.087051,51.481435],[-0.086761,51.481447],[-0.086495,51.481455],[-0.086303,51.481464],[-0.086256,51.481466],[-0.086255,51.48146],[-0.086203,51.481461],[-0.086123,51.481457],[-0.085982,51.481452],[-0.08583,51.481354],[-0.085798,51.481335],[-0.085743,51.4813],[-0.085652,51.481303],[-0.085555,51.481071],[-0.085537,51.480982],[-0.085533,51.480915],[-0.085514,51.480731],[-0.085508,51.480635],[-0.085501,51.480541],[-0.085539,51.480345],[-0.085495,51.479894],[-0.085496,51.479788],[-0.085504,51.479388],[-0.085534,51.479361],[-0.085595,51.47934],[-0.085658,51.479319],[-0.085995,51.4792],[-0.085973,51.479173],[-0.086067,51.47914],[-0.086187,51.479096],[-0.086214,51.479084],[-0.086407,51.479298],[-0.086635,51.479219],[-0.086753,51.479346],[-0.086767,51.479346],[-0.086939,51.47926],[-0.087042,51.479249],[-0.087089,51.479283],[-0.087058,51.479299],[-0.087142,51.479372],[-0.087179,51.4794],[-0.087336,51.47952],[-0.087377,51.479545],[-0.087568,51.479689],[-0.087578,51.479695],[-0.087842,51.479852],[-0.087904,51.479888],[-0.087969,51.479926],[-0.087827,51.480023],[-0.087878,51.480052],[-0.087916,51.480065],[-0.088004,51.480116],[-0.087891,51.480228],[-0.087747,51.480372],[-0.087724,51.480395],[-0.087702,51.480417],[-0.087645,51.480472],[-0.087743,51.480526],[-0.088052,51.480684],[-0.088393,51.480359],[-0.088486,51.480381],[-0.088554,51.480282],[-0.08863,51.480303],[-0.088561,51.480403],[-0.088714,51.480448],[-0.088587,51.480623],[-0.08848,51.480594]]]]}},
{"type":"Feature","properties":{"fid":1720,"OBJECTID":1720,"Shape_Length":765.7748515271973,"Shape_Area":17144.51803636336,"in_cw":false,"whole_in_zone":false},"geometry":{"type":"MultiPolygon","coordinates":[[[[-0.094321,51.474399],[-0.094316,51.474374],[-0.094441,51.4743],[-0.094481,51.474325],[-0.094495,51.474316],[-0.094629,51.474236],[-0.094643,51.474227],[-0.094719,51.474181],[-0.094766,51.474153],[-0.094956,51.474039],[-0.095138,51.47393],[-0.095319,51.473822],[-0.096356,51.473199],[-0.096591,51.473061],[-0.096744,51.472975],[-0.097035,51.472804],[-0.097044,51.472799],[-0.09709,51.472776],[-0.097123,51.472801],[-0.097268,51.472914],[-0.097344,51.472977],[-0.097549,51.473127],[-0.097648,51.473194],[-0.097661,51.473189],[-0.097718,51.473225],[-0.097759,51.473254],[-0.097751,51.473258],[-0.097704,51.473284],[-0.097687,51.473292],[-0.097679,51.473307],[-0.097571,51.473364],[-0.097542,51.47338],[-0.097487,51.473413],[-0.097345,51.473498],[-0.097242,51.473598],[-0.097147,51.47365],[-0.097136,51.473682],[-0.097127,51.473705],[-0.096739,51.473529],[-0.09647,51.473689],[-0.096145,51.473881],[-0.096088,51.473914],[-0.0963,51.474057],[-0.096386,51.474112],[-0.096421,51.474124],[-0.096466,51.474134],[-0.096451,51.474154],[-0.096414,51.474199],[-0.096393,51.474243],[-0.096342,51.474286],[-0.096309,51.474326],[-0.096272,51.47437],[-0.096238,51.474411],[-0.096201,51.474456],[-0.096166,51.474499],[-0.096128,51.474545],[-0.09609,51.47459],[-0.096073,51.474611],[-0.096067,51.474622],[-0.096054,51.474637],[-0.096042,51.474654],[-0.096013,51.474689],[-0.096003,51.474703],[-0.095994,51.474716],[-0.095989,51.474723],[-0.09594,51.474779],[-0.095897,51.474828],[-0.095865,51.474865],[-0.095461,51.474607],[-0.09536,51.474543],[-0.09523,51.47446],[-0.095121,51.47439],[-0.095078,51.474399],[-0.095061,51.474402],[-0.095032,51.474407],[-0.095014,51.474411],[-0.094985,51.474417],[-0.094933,51.474424],[-0.094901,51.474429],[-0.094539,51.474483],[-0.094456,51.474448],[-0.094452,51.474452],[-0.094321,51.474399]]]]}},
{"type":"Feature","properties":{"fid":1722,"OBJECTID":1722,"Shape_Length":362.1892414857544,"Shape_Area":7912.4000787679915,"in_cw":false,"whole_in_zone":false},"geometry":{"type":"MultiPolygon","coordinates":[[[[-0.093955,51.50778],[-0.09384,51.507731],[-0.093605,51.507682],[-0.093524,51.507666],[-0.093308,51.507623],[-0.093272,51.507614],[-0.093252,51.507604],[-0.093242,51.507599],[-0.093232,51.507594],[-0.093223,51.507588],[-0.093214,51.507582],[-0.0932,51.507572],[-0.093192,51.507565],[-0.093185,51.507559],[-0.093178,51.507552],[-0.093171,51.507545],[-0.093165,51.507538],[-0.09316,51.507531],[-0.093156,51.507524],[-0.093213,51.507464],[-0.093152,51.507441],[-0.093129,51.507433],[-0.093292,51.507238],[-0.093214,51.507214],[-0.093256,51.507159],[-0.093239,51.507154],[-0.093248,51.507137],[-0.093253,51.507129],[-0.093262,51.507111],[-0.093269,51.507097],[-0.093282,51.507076],[-0.093298,51.507047],[-0.093327,51.50699],[-0.093369,51.50691],[-0.093371,51.506906],[-0.093453,51.506922],[-0.093534,51.506938],[-0.093824,51.506998],[-0.094019,51.507014],[-0.094219,51.507056],[-0.094586,51.507132],[-0.094633,51.507141],[-0.094794,51.507175],[-0.094733,51.50729],[-0.094696,51.507359],[-0.094673,51.507397],[-0.094529,51.507665],[-0.094523,51.507706],[-0.094496,51.507757],[-0.094342,51.507862],[-0.093955,51.50778]]]]}},
{"type":"Feature","properties":{"fid":1723,"OBJECTID":1723,"Shape_Length":823.8070338211667,"Shape_Area":31425.650556967325,"in_cw":false,"whole_in_zone":false},"geometry":{"type":"MultiPolygon","coordinates":[[[[-0.066833,51.473398],[-0.06684,51.473323],[-0.066811,51.473193],[-0.066564,51.473187],[-0.066567,51.473121],[-0.066538,51.473121],[-0.066543,51.472964],[-0.066546,51.472854],[-0.066561,51.472386],[-0.066563,51.472373],[-0.066582,51.472356],[-0.066762,51.472335],[-0.066951,51.472326],[-0.067015,51.47232],[-0.06718,51.472336],[-0.067491,51.472286],[-0.067932,51.472239],[-0.067956,51.472236],[-0.068841,51.472153],[-0.068883,51.47215],[-0.069033,51.472137],[-0.069214,51.472122],[-0.069233,51.472316],[-0.069267,51.472314],[-0.069639,51.472296],[-0.069653,51.472427],[-0.069661,51.472488],[-0.069669,51.472548],[-0.069676,51.472614],[-0.069692,51.472743],[-0.069702,51.47275],[-0.069711,51.472761],[-0.069717,51.47277],[-0.069721,51.472782],[-0.069721,51.472792],[-0.069719,51.472803],[-0.069715,51.472811],[-0.069706,51.472819],[-0.069701,51.472824],[-0.069718,51.472955],[-0.06975,51.473208],[-0.069757,51.473265],[-0.069634,51.47342],[-0.069506,51.473385],[-0.06937,51.473313],[-0.069342,51.473327],[-0.069406,51.473417],[-0.069258,51.473453],[-0.069221,51.473461],[-0.069208,51.473436],[-0.069151,51.473448],[-0.069165,51.473473],[-0.069106,51.473485],[-0.069025,51.473333],[-0.068956,51.473346],[-0.068851,51.473364],[-0.068761,51.473383],[-0.068694,51.473397],[-0.068604,51.473417],[-0.068545,51.473429],[-0.068488,51.47344],[-0.068422,51.473446],[-0.068346,51.473452],[-0.068286,51.473458],[-0.068211,51.473464],[-0.06815,51.473473],[-0.068102,51.473561],[-0.068089,51.473583],[-0.068067,51.473606],[-0.068036,51.473632],[-0.067999,51.473655],[-0.068004,51.473672],[-0.067874,51.473691],[-0.067796,51.473706],[-0.067674,51.473715],[-0.067588,51.473722],[-0.067595,51.473757],[-0.067619,51.473898],[-0.067327,51.473872],[-0.067211,51.473867],[-0.067026,51.473845],[-0.067016,51.473843],[-0.06682,51.473841],[-0.066864,51.473815],[-0.066833,51.473398]]]]}},
{"type":"Feature","properties":{"fid":1729,"OBJECTID":1729,"Shape_Length":1328.3475441059882,"Shape_Area":80284.24512703669,"in_cw":false,"whole_in_zone":true},"geometry":{"type":"MultiPolygon","coordinates":[[[[-0.085487,51.503458],[-0.085387,51.503392],[-0.085418,51.503261],[-0.085447,51.503112],[-0.085461,51.503046],[-0.085551,51.502948],[-0.085563,51.502869],[-0.0856,51.502749],[-0.085643,51.502603],[-0.085649,51.502578],[-0.085707,51.502385],[-0.085726,51.502221],[-0.085756,51.502125],[-0.085759,51.502114],[-0.085775,51.502068],[-0.085809,51.502074],[-0.085892,51.502087],[-0.086058,51.502112],[-0.086059,51.502105],[-0.086097,51.502112],[-0.086105,51.502114],[-0.08615,51.502123],[-0.0862,51.502132],[-0.086349,51.50213],[-0.086389,51.501916],[-0.086549,51.501935],[-0.086903,51.501981],[-0.086935,51.501977],[-0.086943,51.501962],[-0.086965,51.501955],[-0.087055,51.501962],[-0.087142,51.501972],[-0.087185,51.501977],[-0.087347,51.501976],[-0.087674,51.502003],[-0.087807,51.501987],[-0.087814,51.501965],[-0.0879,51.501973],[-0.08793,51.501976],[-0.087975,51.501978],[-0.088056,51.501974],[-0.088079,51.502102],[-0.088097,51.502104],[-0.088135,51.502107],[-0.088302,51.502107],[-0.088728,51.501908],[-0.088878,51.501939],[-0.088915,51.501947],[-0.088935,51.501951],[-0.089007,51.501967],[-0.089021,51.501975],[-0.08913,51.502037],[-0.089208,51.502081],[-0.08924,51.5021],[-0.089314,51.502142],[-0.089329,51.50215],[-0.089342,51.502159],[-0.089364,51.502166],[-0.089348,51.50218],[-0.089308,51.502208],[-0.089247,51.50225],[-0.089154,51.502312],[-0.089094,51.502355],[-0.089068,51.502364],[-0.089055,51.502364],[-0.089001,51.502418],[-0.08913,51.502461],[-0.089198,51.502485],[-0.08938,51.502549],[-0.089497,51.502591],[-0.089795,51.502686],[-0.089835,51.502699],[-0.090055,51.502753],[-0.090163,51.502778],[-0.090509,51.502838],[-0.090538,51.502844],[-0.090559,51.502851],[-0.090892,51.502992],[-0.091128,51.503075],[-0.091213,51.503107],[-0.091195,51.503132],[-0.091191,51.503136],[-0.091181,51.503146],[-0.091126,51.50323],[-0.091141,51.503232],[-0.091179,51.503242],[-0.091225,51.503255],[-0.091255,51.503264],[-0.091484,51.50333],[-0.091427,51.503398],[-0.091424,51.503402],[-0.091399,51.503432],[-0.091378,51.50346],[-0.091287,51.503579],[-0.091268,51.503605],[-0.09113,51.503562],[-0.091079,51.503549],[-0.091005,51.503531],[-0.090941,51.503511],[-0.090924,51.50353],[-0.090852,51.503503],[-0.090818,51.503539],[-0.090763,51.503565],[-0.090735,51.503597],[-0.090699,51.503629],[-0.090842,51.503678],[-0.090848,51.503697],[-0.090813,51.503736],[-0.0908,51.503741],[-0.090747,51.503796],[-0.09072,51.503785],[-0.090683,51.503819],[-0.090687,51.503837],[-0.09066,51.503866],[-0.090646,51.50386],[-0.090623,51.503883],[-0.090565,51.503938],[-0.090522,51.503922],[-0.09051,51.503936],[-0.090463,51.503918],[-0.090277,51.504051],[-0.09018,51.504086],[-0.090112,51.504165],[-0.089916,51.504104],[-0.089777,51.504084],[-0.089771,51.504092],[-0.089734,51.504141],[-0.089727,51.504165],[-0.089629,51.504286],[-0.089545,51.504383],[-0.089516,51.504408],[-0.088947,51.504233],[-0.088865,51.504302],[-0.088797,51.504286],[-0.088696,51.504247],[-0.088567,51.504323],[-0.088415,51.504495],[-0.08839,51.504522],[-0.088352,51.504507],[-0.088328,51.504528],[-0.088308,51.50452],[-0.088293,51.504535],[-0.088267,51.504539],[-0.088169,51.504644],[-0.08786,51.504514],[-0.087796,51.504479],[-0.087708,51.504447],[-0.087695,51.504433],[-0.087541,51.504383],[-0.087515,51.504375],[-0.087316,51.504305],[-0.087109,51.504267],[-0.086946,51.504202],[-0.086798,51.504151],[-0.086681,51.504112],[-0.08653,51.504057],[-0.086447,51.504022],[-0.086195,51.503876],[-0.08612,51.503818],[-0.086037,51.503772],[-0.085972,51.503736],[-0.085834,51.503658],[-0.085732,51.5036],[-0.085487,51.503458]]]]}},
{"type":"Feature","properties":{"fid":1730,"OBJECTID":1730,"Shape_Length":254.97347981406983,"Shape_Area":3826.6387723289968,"in_cw":false,"whole_in_zone":true},"geometry":{"type":"MultiPolygon","coordinates":[[[[-0.08419,51.502972],[-0.084195,51.502955],[-0.084218,51.50293],[-0.08431,51.502827],[-0.084514,51.502599],[-0.084525,51.502592],[-0.08455,51.502585],[-0.084583,51.502597],[-0.084859,51.50271],[-0.084943,51.502746],[-0.08507,51.502798],[-0.085192,51.50285],[-0.085283,51.502886],[-0.08539,51.502931],[-0.085395,51.502933],[-0.085401,51.50294],[-0.085404,51.502946],[-0.085403,51.50296],[-0.085346,51.503164],[-0.085313,51.503298],[-0.085305,51.503332],[-0.085303,51.503336],[-0.085297,51.503341],[-0.085285,51.503346],[-0.085274,51.503348],[-0.085256,51.503347],[-0.085238,51.503343],[-0.085174,51.503319],[-0.08513,51.503304],[-0.085101,51.503294],[-0.085002,51.503261],[-0.084962,51.503247],[-0.084848,51.503207],[-0.084227,51.50299],[-0.084196,51.502978],[-0.08419,51.502972]]]]}},
{"type":"Feature","properties":{"fid":1731,"OBJECTID":1731,"Shape_Length":386.8936088222181,"Shape_Area":7367.674160950279,"in_cw":false,"whole_in_zone":true},"geometry":{"type":"MultiPolygon","coordinates":[[[[-0.07611,51.499122],[-0.076061,51.498985],[-0.076045,51.498941],[-0.076045,51.498903],[-0.076036,51.498881],[-0.075992,51.498781],[-0.075981,51.498761],[-0.075973,51.498737],[-0.075966,51.498714],[-0.075957,51.498689],[-0.075949,51.498661],[-0.076027,51.498649],[-0.076046,51.498645],[-0.07613,51.49863],[-0.076155,51.498625],[-0.07623,51.498609],[-0.076303,51.498595],[-0.076332,51.498588],[-0.076415,51.498572],[-0.076441,51.498567],[-0.076518,51.498551],[-0.076593,51.498536],[-0.076621,51.498531],[-0.0767,51.498513],[-0.076728,51.498507],[-0.076804,51.498493],[-0.0775,51.498364],[-0.077643,51.498392],[-0.077748,51.498407],[-0.077759,51.498415],[-0.077754,51.498441],[-0.077749,51.498454],[-0.077712,51.498542],[-0.077652,51.498657],[-0.077657,51.498713],[-0.077557,51.498959],[-0.07752,51.499052],[-0.077493,51.49912],[-0.07748,51.499155],[-0.077353,51.499136],[-0.077258,51.499117],[-0.077253,51.499063],[-0.077116,51.499068],[-0.077113,51.499053],[-0.07687,51.499091],[-0.07686,51.499073],[-0.076792,51.499082],[-0.076774,51.499082],[-0.07672,51.499091],[-0.076698,51.499076],[-0.076668,51.49901],[-0.076581,51.499025],[-0.076494,51.499035],[-0.076504,51.499075],[-0.076483,51.499078],[-0.076476,51.499074],[-0.076353,51.49909],[-0.076133,51.499119],[-0.07611,51.499122]]]]}},
{"type":"Feature","properties":{"fid":1732,"OBJECTID":1732,"Shape_Length":495.64294807824353,"Shape_Area":14056.255626284947,"in_cw":false,"whole_in_zone":true},"geometry":{"type":"MultiPolygon","coordinates":[[[[-0.066786,51.501353],[-0.066784,51.501362],[-0.066645,51.501332],[-0.066369,51.50127],[-0.066128,51.501219],[-0.065415,51.501068],[-0.065113,51.501007],[-0.064792,51.500941],[-0.064684,51.500925],[-0.064778,51.500752],[-0.064886,51.500559],[-0.064943,51.500572],[-0.065071,51.500603],[-0.065088,51.500555],[-0.065244,51.500393],[-0.065283,51.500352],[-0.065519,51.500103],[-0.065549,51.500071],[-0.065563,51.500076],[-0.065756,51.50014],[-0.066791,51.500471],[-0.067164,51.500588],[-0.067121,51.500669],[-0.067042,51.500815],[-0.067062,51.500873],[-0.067016,51.500953],[-0.067009,51.500965],[-0.066989,51.501001],[-0.066786,51.501353]]]]}},
{"type":"Feature","properties":{"fid":1734,"OBJECTID":1734,"Shape_Length":1099.2560589030932,"Shape_Area":48673.79016862566,"in_cw":false,"whole_in_zone":true},"geometry":{"type":"MultiPolygon","coordinates":[[[[-0.043333,51.498965],[-0.045667,51.496991],[-0.045745,51.496754],[-0.04603,51.496688],[-0.046071,51.496572],[-0.046205,51.496641],[-0.04677,51.496546],[-0.046847,51.496509],[-0.046925,51.496612],[-0.047719,51.497584],[-0.048149,51.497677],[-0.048229,51.497706],[-0.048187,51.497815],[-0.047875,51.498377],[-0.04772,51.498446],[-0.047492,51.498466],[-0.047368,51.49852],[-0.047151,51.498635],[-0.047104,51.49866],[-0.046754,51.498539],[-0.046483,51.498364],[-0.045942,51.498133],[-0.045798,51.498252],[-0.045765,51.498273],[-0.045708,51.498314],[-0.045674,51.498346],[-0.045633,51.498386],[-0.045606,51.498416],[-0.045458,51.498624],[-0.045352,51.498796],[-0.045348,51.498805],[-0.045343,51.498814],[-0.045329,51.498842],[-0.045318,51.498864],[-0.045312,51.498875],[-0.045306,51.498885],[-0.0453,51.4989],[-0.045294,51.498916],[-0.045283,51.498951],[-0.045272,51.498981],[-0.045266,51.499005],[-0.045263,51.49901],[-0.045261,51.499015],[-0.045257,51.499018],[-0.045254,51.499022],[-0.045252,51.499025],[-0.045233,51.499047],[-0.045219,51.499064],[-0.045153,51.499129],[-0.044805,51.49947],[-0.044787,51.499481],[-0.044759,51.499493],[-0.044737,51.499499],[-0.044706,51.499503],[-0.044685,51.499503],[-0.04465,51.499499],[-0.04464,51.499496],[-0.044598,51.499482],[-0.043571,51.499084],[-0.043333,51.498965]]]]}},
{"type":"Feature","properties":{"fid":1735,"OBJECTID":1735,"Shape_Length":373.29506167721513,"Shape_Area":6253.224574412344,"in_cw":false,"whole_in_zone":true},"geometry":{"type":"MultiPolygon","coordinates":[[[[-0.091535,51.504556],[-0.091548,51.504524],[-0.091552,51.504512],[-0.091572,51.504465],[-0.09162,51.504345],[-0.091646,51.504351],[-0.091665,51.504307],[-0.091821,51.504038],[-0.091964,51.504064],[-0.092189,51.504105],[-0.092211,51.504109],[-0.092234,51.504115],[-0.092257,51.504121],[-0.092268,51.504124],[-0.092286,51.504129],[-0.0923,51.504132],[-0.092552,51.504216],[-0.092585,51.504187],[-0.092622,51.504145],[-0.092654,51.504109],[-0.092672,51.504113],[-0.092768,51.503978],[-0.093052,51.50405],[-0.093082,51.504001],[-0.093415,51.504085],[-0.093203,51.504364],[-0.093159,51.504424],[-0.093138,51.504455],[-0.093131,51.504467],[-0.093129,51.504467],[-0.093031,51.504607],[-0.09279,51.504595],[-0.092473,51.504588],[-0.092324,51.504588],[-0.092205,51.504589],[-0.092159,51.504589],[-0.091734,51.504589],[-0.091568,51.504592],[-0.091537,51.504593],[-0.091535,51.504556]]]]}},
{"type":"Feature","properties":{"fid":1741,"OBJECTID":1741,"Shape_Length":362.02514923446927,"Shape_Area":5519.960381318982,"in_cw":false,"whole_in_zone":true},"geometry":{"type":"MultiPolygon","coordinates":[[[[-0.054872,51.498566],[-0.054871,51.498584],[-0.054866,51.498615],[-0.054862,51.498631],[-0.054856,51.498658],[-0.054842,51.498684],[-0.054822,51.498718],[-0.054808,51.498746],[-0.054777,51.498781],[-0.054738,51.498823],[-0.054685,51.498864],[-0.054648,51.498906],[-0.054626,51.498918],[-0.054562,51.498917],[-0.054408,51.49892],[-0.054401,51.498925],[-0.053977,51.499086],[-0.053959,51.499065],[-0.053939,51.499044],[-0.053921,51.499024],[-0.053841,51.498929],[-0.053756,51.498829],[-0.05382,51.498807],[-0.053828,51.498774],[-0.053731,51.498651],[-0.053634,51.49854],[-0.053692,51.498519],[-0.053686,51.498455],[-0.053684,51.498431],[-0.053747,51.498422],[-0.053751,51.498417],[-0.053772,51.498412],[-0.053874,51.498389],[-0.05397,51.498365],[-0.053989,51.498361],[-0.054041,51.498337],[-0.054122,51.498332],[-0.054227,51.498326],[-0.054221,51.498289],[-0.054213,51.498233],[-0.054208,51.498197],[-0.054258,51.498185],[-0.054378,51.498156],[-0.054425,51.498145],[-0.054468,51.498178],[-0.054548,51.498239],[-0.05465,51.498297],[-0.054755,51.498355],[-0.054798,51.498392],[-0.054823,51.498414],[-0.054831,51.498426],[-0.054835,51.498432],[-0.054847,51.498459],[-0.05485,51.498468],[-0.054853,51.498477],[-0.054865,51.49851],[-0.054868,51.498531],[-0.054872,51.498555],[-0.054872,51.498566]]],[[[-0.054401,51.498925],[-0.05407,51.499052],[-0.054297,51.498964],[-0.054401,51.498925]]]]}},
{"type":"Feature","properties":{"fid":1743,"OBJECTID":1743,"Shape_Length":1538.076617493522,"Shape_Area":79148.52310049642,"in_cw":false,"whole_in_zone":true},"geometry":{"type":"MultiPolygon","coordinates":[[[[-0.060207,51.49251],[-0.060487,51.492258],[-0.060701,51.492231],[-0.060745,51.492249],[-0.061222,51.492459],[-0.061466,51.492566],[-0.061924,51.49277],[-0.062768,51.493142],[-0.064783,51.494036],[-0.064871,51.494076],[-0.064878,51.49408],[-0.065192,51.494645],[-0.06527,51.494786],[-0.065231,51.494819],[-0.065207,51.494831],[-0.064604,51.494957],[-0.064554,51.494966],[-0.06447,51.494978],[-0.064282,51.495005],[-0.064149,51.495025],[-0.062749,51.495223],[-0.062593,51.495226],[-0.062502,51.495245],[-0.062556,51.495341],[-0.062734,51.495845],[-0.063325,51.495789],[-0.063344,51.495859],[-0.063354,51.495897],[-0.063365,51.495934],[-0.063375,51.495971],[-0.063385,51.496008],[-0.063394,51.496042],[-0.063409,51.496097],[-0.063474,51.496334],[-0.062927,51.496433],[-0.062864,51.496439],[-0.062965,51.496818],[-0.062983,51.496887],[-0.062925,51.496893],[-0.062806,51.496907],[-0.062679,51.496922],[-0.06261,51.496929],[-0.062539,51.496938],[-0.062435,51.49695],[-0.062407,51.496954],[-0.062286,51.496907],[-0.062249,51.496774],[-0.061907,51.49681],[-0.061827,51.496472],[-0.061672,51.495852],[-0.061654,51.495787],[-0.061569,51.49547],[-0.061515,51.495336],[-0.061274,51.494721],[-0.061023,51.494179],[-0.060976,51.494087],[-0.060761,51.493651],[-0.060698,51.493521],[-0.060412,51.49295],[-0.060378,51.492877],[-0.060226,51.492572],[-0.060207,51.49251]]]]}},
{"type":"Feature","properties":{"fid":1744,"OBJECTID":1744,"Shape_Length":249.6628066592267,"Shape_Area":2590.1997954281856,"in_cw":false,"whole_in_zone":true},"geometry":{"type":"MultiPolygon","coordinates":[[[[-0.086604,51.506081],[-0.086612,51.506017],[-0.086622,51.505919],[-0.08765,51.50608],[-0.088044,51.50614],[-0.088077,51.506147],[-0.088008,51.506354],[-0.087658,51.506316],[-0.087567,51.506306],[-0.087437,51.506297],[-0.08734,51.506288],[-0.087101,51.506267],[-0.086631,51.50609],[-0.086612,51.506085],[-0.086604,51.506081]]]]}},
{"type":"Feature","properties":{"fid":1745,"OBJECTID":1745,"Shape_Length":370.96642411551596,"Shape_Area":4045.647633048036,"in_cw":false,"whole_in_zone":true},"geometry":{"type":"MultiPolygon","coordinates":[[[[-0.083344,51.502301],[-0.083471,51.502234],[-0.083495,51.502223],[-0.08353,51.502213],[-0.083568,51.502205],[-0.083605,51.5022],[-0.083653,51.502306],[-0.083695,51.502298],[-0.083711,51.502301],[-0.084143,51.502284],[-0.084199,51.502283],[-0.084174,51.502357],[-0.084154,51.502361],[-0.084154,51.502361],[-0.08382,51.502435],[-0.083818,51.502459],[-0.083812,51.50254],[-0.083858,51.502557],[-0.084117,51.50265],[-0.084144,51.502603],[-0.084173,51.50254],[-0.084198,51.502501],[-0.08443,51.502561],[-0.08435,51.502655],[-0.084228,51.502798],[-0.084106,51.502945],[-0.082821,51.50251],[-0.083045,51.502449],[-0.083193,51.502384],[-0.083344,51.502301]]]]}},
{"type":"Feature","properties":{"fid":1747,"OBJECTID":1747,"Shape_Length":571.794826488696,"Shape_Area":11365.09522782196,"in_cw":false,"whole_in_zone":false},"geometry":{"type":"MultiPolygon","coordinates":[[[[-0.094626,51.475325],[-0.095184,51.475439],[-0.095312,51.475465],[-0.095331,51.475426],[-0.095511,51.475098],[-0.095755,51.475197],[-0.095754,51.475196],[-0.095795,51.475213],[-0.096,51.475298],[-0.0961,51.47534],[-0.096091,51.475349],[-0.096114,51.475359],[-0.096154,51.475372],[-0.096134,51.475405],[-0.096096,51.475468],[-0.096004,51.475621],[-0.095876,51.475848],[-0.09584,51.475912],[-0.095783,51.47602],[-0.095734,51.476024],[-0.095509,51.476026],[-0.095477,51.476027],[-0.095353,51.476028],[-0.0952,51.476032],[-0.095154,51.476033],[-0.095107,51.476034],[-0.094885,51.47604],[-0.094487,51.47607],[-0.094338,51.476082],[-0.094335,51.47605],[-0.094331,51.476013],[-0.09433,51.476],[-0.094327,51.475973],[-0.094326,51.475964],[-0.094321,51.47592],[-0.094317,51.475881],[-0.094302,51.475816],[-0.094265,51.47582],[-0.094192,51.475622],[-0.094153,51.475538],[-0.094074,51.475356],[-0.093658,51.475454],[-0.093645,51.475449],[-0.09357,51.47532],[-0.093541,51.47532],[-0.093903,51.475233],[-0.093898,51.475222],[-0.093874,51.47518],[-0.094129,51.47512],[-0.094204,51.475095],[-0.094368,51.475028],[-0.094484,51.475191],[-0.094532,51.475238],[-0.094564,51.47529],[-0.094606,51.475334],[-0.094626,51.475325]]]]}},
{"type":"Feature","properties":{"fid":1748,"OBJECTID":1748,"Shape_Length":1646.2287193664936,"Shape_Area":123502.93087077505,"in_cw":false,"whole_in_zone":true},"geometry":{"type":"MultiPolygon","coordinates":[[[[-0.083013,51.492494],[-0.083183,51.492635],[-0.083314,51.492828],[-0.082728,51.493141],[-0.08245,51.492971],[-0.081732,51.493358],[-0.081047,51.493813],[-0.081254,51.493952],[-0.080397,51.494468],[-0.080157,51.494314],[-0.080062,51.494251],[-0.078458,51.493035],[-0.077605,51.492562],[-0.076895,51.492169],[-0.075459,51.491371],[-0.075446,51.49135],[-0.076436,51.490358],[-0.077388,51.489513],[-0.079645,51.490745],[-0.080662,51.491399],[-0.081438,51.491942],[-0.082508,51.492728],[-0.083013,51.492494]]]]}},
{"type":"Feature","properties":{"fid":1752,"OBJECTID":1752,"Shape_Length":276.6479071128776,"Shape_Area":3430.177060026771,"in_cw":false,"whole_in_zone":false},"geometry":{"type":"MultiPolygon","coordinates":[[[[-0.093814,51.499815],[-0.094082,51.499649],[-0.094285,51.499517],[-0.094348,51.499482],[-0.094409,51.499483],[-0.094501,51.499489],[-0.094596,51.499523],[-0.094707,51.499558],[-0.094806,51.499576],[-0.094688,51.49966],[-0.094563,51.499764],[-0.094486,51.499819],[-0.09464,51.499907],[-0.094637,51.499911],[-0.094795,51.500007],[-0.094951,51.500106],[-0.094587,51.5003],[-0.094508,51.500248],[-0.0944,51.500177],[-0.094256,51.500085],[-0.093814,51.499815]]]]}},
{"type":"Feature","properties":{"fid":1753,"OBJECTID":1753,"Shape_Length":271.99825444816463,"Shape_Area":4829.339595864241,"in_cw":false,"whole_in_zone":true},"geometry":{"type":"MultiPolygon","coordinates":[[[[-0.090425,51.475844],[-0.090441,51.475825],[-0.090466,51.475812],[-0.090753,51.475771],[-0.090755,51.475772],[-0.090764,51.47577],[-0.090856,51.475756],[-0.091464,51.475676],[-0.091636,51.476179],[-0.091641,51.476224],[-0.091653,51.476264],[-0.090937,51.476344],[-0.09079,51.476365],[-0.090704,51.476357],[-0.090647,51.476343],[-0.090594,51.476304],[-0.090575,51.476275],[-0.090425,51.475844]]]]}},
{"type":"Feature","properties":{"fid":1754,"OBJECTID":1754,"Shape_Length":2834.8989545330714,"Shape_Area":209063.07621714103,"in_cw":false,"whole_in_zone":true},"geometry":{"type":"MultiPolygon","coordinates":[[[[-0.041225,51.496355],[-0.041427,51.496185],[-0.041609,51.496097],[-0.042214,51.496012],[-0.042749,51.495869],[-0.043156,51.495693],[-0.043499,51.495484],[-0.044241,51.495007],[-0.044577,51.494733],[-0.044623,51.494691],[-0.04471,51.494601],[-0.044763,51.494541],[-0.044805,51.494489],[-0.04483,51.494457],[-0.044891,51.494371],[-0.044898,51.494361],[-0.044934,51.494315],[-0.044965,51.494279],[-0.045012,51.494224],[-0.045123,51.494112],[-0.04521,51.494041],[-0.045263,51.493991],[-0.045291,51.493968],[-0.045375,51.493939],[-0.045438,51.493941],[-0.045492,51.493947],[-0.045616,51.493765],[-0.045668,51.493719],[-0.045734,51.493683],[-0.045795,51.493653],[-0.045853,51.493626],[-0.045928,51.493594],[-0.045984,51.49357],[-0.046066,51.493536],[-0.046162,51.493498],[-0.046261,51.493462],[-0.046341,51.493434],[-0.046587,51.493365],[-0.046786,51.493299],[-0.046875,51.493274],[-0.046928,51.493267],[-0.047056,51.493279],[-0.047248,51.493368],[-0.047349,51.493424],[-0.047531,51.493491],[-0.047526,51.493504],[-0.047506,51.493559],[-0.047538,51.49358],[-0.047579,51.493575],[-0.047543,51.493717],[-0.047556,51.493777],[-0.047626,51.49379],[-0.047694,51.493818],[-0.047712,51.493832],[-0.047782,51.493908],[-0.047831,51.493965],[-0.047896,51.494044],[-0.047936,51.494094],[-0.048005,51.494177],[-0.048044,51.494225],[-0.048104,51.494301],[-0.04814,51.494361],[-0.048182,51.494448],[-0.048229,51.494567],[-0.048259,51.494649],[-0.048277,51.494704],[-0.048306,51.494795],[-0.048317,51.494813],[-0.048331,51.494835],[-0.048404,51.494903],[-0.048456,51.494928],[-0.048503,51.494944],[-0.048505,51.494947],[-0.048507,51.49496],[-0.048576,51.495018],[-0.048608,51.495011],[-0.048705,51.494968],[-0.048813,51.494967],[-0.048901,51.49497],[-0.048956,51.494975],[-0.049011,51.494986],[-0.049031,51.494995],[-0.049153,51.495062],[-0.04919,51.495104],[-0.049285,51.4952],[-0.049304,51.495231],[-0.049382,51.495313],[-0.049404,51.495333],[-0.049427,51.495358],[-0.049445,51.495384],[-0.049467,51.495408],[-0.049481,51.495426],[-0.049558,51.495498],[-0.049603,51.49555],[-0.049693,51.495633],[-0.049749,51.4957],[-0.049917,51.495885],[-0.049976,51.496016],[-0.050114,51.495962],[-0.050193,51.495919],[-0.050169,51.495892],[-0.050279,51.495844],[-0.050328,51.495823],[-0.050374,51.495802],[-0.050407,51.495786],[-0.050461,51.49576],[-0.05051,51.495743],[-0.050554,51.49571],[-0.050798,51.495892],[-0.050973,51.496023],[-0.051478,51.495762],[-0.051578,51.495833],[-0.051611,51.495823],[-0.051671,51.495875],[-0.051927,51.496051],[-0.051854,51.496103],[-0.051781,51.496083],[-0.051671,51.49615],[-0.051705,51.496189],[-0.051488,51.496303],[-0.051144,51.496041],[-0.051145,51.49604],[-0.050854,51.496176],[-0.050753,51.496222],[-0.050603,51.496284],[-0.050586,51.496272],[-0.050203,51.496462],[-0.050069,51.496358],[-0.050021,51.496385],[-0.050041,51.496394],[-0.050142,51.496478],[-0.050151,51.496488],[-0.05058,51.496826],[-0.050533,51.49685],[-0.05076,51.497047],[-0.050413,51.497143],[-0.049957,51.49732],[-0.049887,51.497396],[-0.049702,51.497488],[-0.049625,51.497516],[-0.04952,51.497521],[-0.048281,51.49772],[-0.048149,51.497677],[-0.047719,51.497584],[-0.046925,51.496612],[-0.046847,51.496509],[-0.04677,51.496546],[-0.046403,51.496616],[-0.046205,51.496641],[-0.046175,51.496631],[-0.046116,51.496592],[-0.046071,51.496572],[-0.04603,51.496688],[-0.045745,51.496754],[-0.045667,51.496991],[-0.044456,51.498011],[-0.043368,51.498928],[-0.043333,51.498965],[-0.042019,51.498487],[-0.041792,51.498375],[-0.041667,51.498216],[-0.04159,51.498079],[-0.041593,51.497958],[-0.041467,51.497487],[-0.041384,51.497073],[-0.041256,51.496665],[-0.041225,51.496355]]],[[[-0.0412,51.499095],[-0.041382,51.498925],[-0.041594,51.499008],[-0.041549,51.499052],[-0.042169,51.499288],[-0.042235,51.499339],[-0.042226,51.499411],[-0.041808,51.4998],[-0.041181,51.499557],[-0.041501,51.499215],[-0.0412,51.499095]]]]}},
{"type":"Feature","properties":{"fid":1757,"OBJECTID":1757,"Shape_Length":133.4909353456054,"Shape_Area":755.0632636849228,"in_cw":false,"whole_in_zone":true},"geometry":{"type":"MultiPolygon","coordinates":[[[[-0.078001,51.488757],[-0.077818,51.488659],[-0.078081,51.488442],[-0.078124,51.488438],[-0.078133,51.488438],[-0.078391,51.488556],[-0.078424,51.488572],[-0.078469,51.488593],[-0.078486,51.488621],[-0.078388,51.488692],[-0.07833,51.488659],[-0.078266,51.488625],[-0.078201,51.488592],[-0.078001,51.488757]]]]}},
{"type":"Feature","properties":{"fid":1758,"OBJECTID":1758,"Shape_Length":346.93257088731616,"Shape_Area":5390.7518456336675,"in_cw":false,"whole_in_zone":true},"geometry":{"type":"MultiPolygon","coordinates":[[[[-0.082871,51.491782],[-0.083113,51.491665],[-0.083194,51.491662],[-0.083323,51.491598],[-0.083352,51.491547],[-0.083493,51.491478],[-0.083571,51.491491],[-0.083653,51.491549],[-0.083693,51.491576],[-0.083725,51.491599],[-0.083882,51.491693],[-0.084056,51.491797],[-0.084377,51.492001],[-0.08444,51.492047],[-0.084437,51.492057],[-0.084535,51.492112],[-0.08443,51.492175],[-0.084432,51.492184],[-0.084278,51.492279],[-0.08388,51.492035],[-0.083765,51.492089],[-0.08383,51.492138],[-0.083812,51.492143],[-0.08347,51.492316],[-0.083035,51.49198],[-0.083005,51.491957],[-0.082968,51.491903],[-0.082863,51.491822],[-0.082871,51.491782]]]]}},
{"type":"Feature","properties":{"fid":1759,"OBJECTID":1759,"Shape_Length":1403.9709580558883,"Shape_Area":38178.95978067952,"in_cw":false,"whole_in_zone":true},"geometry":{"type":"MultiPolygon","coordinates":[[[[-0.089741,51.49398],[-0.089744,51.494322],[-0.08954,51.494325],[-0.089501,51.494289],[-0.088874,51.494572],[-0.088637,51.494359],[-0.08862,51.49434],[-0.087586,51.494362],[-0.08745,51.494364],[-0.087051,51.494373],[-0.086731,51.494379],[-0.086663,51.494419],[-0.086398,51.494982],[-0.086146,51.495131],[-0.085743,51.49506],[-0.08572,51.495053],[-0.084759,51.494876],[-0.084566,51.494738],[-0.084644,51.494693],[-0.084666,51.494675],[-0.084725,51.49454],[-0.084658,51.494472],[-0.084843,51.494012],[-0.084703,51.493899],[-0.084619,51.493828],[-0.084459,51.493691],[-0.084425,51.493663],[-0.084416,51.493663],[-0.084189,51.493766],[-0.084143,51.493787],[-0.084073,51.493729],[-0.083405,51.493164],[-0.083596,51.493076],[-0.083604,51.493071],[-0.083314,51.492828],[-0.083183,51.492635],[-0.083105,51.49257],[-0.083518,51.492376],[-0.083743,51.492547],[-0.083807,51.492513],[-0.0839,51.49259],[-0.083973,51.492649],[-0.084019,51.492684],[-0.084204,51.492837],[-0.084267,51.492995],[-0.084603,51.49328],[-0.08461,51.493285],[-0.08467,51.493303],[-0.084772,51.493355],[-0.084997,51.493484],[-0.085051,51.493452],[-0.085201,51.493555],[-0.085311,51.493495],[-0.085432,51.493424],[-0.085538,51.49349],[-0.085735,51.493622],[-0.085796,51.49364],[-0.085816,51.493664],[-0.085808,51.493679],[-0.085821,51.493692],[-0.085869,51.493701],[-0.08589,51.493694],[-0.085922,51.4937],[-0.085927,51.493706],[-0.085966,51.493713],[-0.085983,51.493707],[-0.085996,51.493672],[-0.086051,51.493652],[-0.08616,51.493708],[-0.086231,51.49374],[-0.086254,51.493748],[-0.086316,51.493772],[-0.086314,51.493789],[-0.086405,51.493827],[-0.08643,51.493872],[-0.086621,51.493903],[-0.086822,51.493935],[-0.087186,51.493982],[-0.087325,51.493995],[-0.087571,51.494013],[-0.087746,51.494023],[-0.087988,51.494032],[-0.08812,51.494034],[-0.088258,51.494032],[-0.088415,51.49403],[-0.088812,51.494021],[-0.08888,51.493988],[-0.08888,51.493957],[-0.089064,51.493954],[-0.089678,51.493945],[-0.089741,51.49398]]]]}},
{"type":"Feature","properties":{"fid":1760,"OBJECTID":1760,"Shape_Length":1275.201154777547,"Shape_Area":37782.11842550918,"in_cw":false,"whole_in_zone":true},"geometry":{"type":"MultiPolygon","coordinates":[[[[-0.081345,51.495176],[-0.081441,51.495278],[-0.081422,51.495311],[-0.081543,51.495409],[-0.08154,51.495418],[-0.081608,51.495467],[-0.081258,51.495917],[-0.08114,51.496063],[-0.080025,51.495688],[-0.07999,51.495775],[-0.079327,51.495599],[-0.07904,51.495522],[-0.078885,51.495484],[-0.078742,51.495732],[-0.078623,51.495693],[-0.078742,51.495547],[-0.078635,51.49552],[-0.07867,51.495459],[-0.078534,51.495424],[-0.078628,51.495287],[-0.078516,51.495257],[-0.078476,51.495302],[-0.078217,51.495219],[-0.07821,51.495203],[-0.078029,51.495148],[-0.077948,51.495246],[-0.077689,51.495161],[-0.077571,51.495305],[-0.077454,51.495267],[-0.077505,51.495209],[-0.077513,51.49521],[-0.077656,51.495042],[-0.077597,51.495023],[-0.078042,51.494252],[-0.078049,51.494243],[-0.07788,51.49421],[-0.07792,51.494125],[-0.078046,51.493893],[-0.07814,51.493742],[-0.077876,51.493593],[-0.077896,51.493575],[-0.077984,51.493613],[-0.078026,51.493577],[-0.0781,51.493609],[-0.078297,51.493433],[-0.078234,51.493412],[-0.078138,51.493367],[-0.078367,51.493172],[-0.078393,51.493171],[-0.078728,51.493389],[-0.078928,51.493526],[-0.079064,51.49362],[-0.07921,51.493727],[-0.079446,51.493907],[-0.079961,51.494335],[-0.08023,51.494534],[-0.080431,51.494627],[-0.080456,51.494653],[-0.080402,51.494739],[-0.0803,51.49497],[-0.080228,51.495143],[-0.08012,51.495382],[-0.080109,51.495419],[-0.080053,51.495561],[-0.080428,51.495621],[-0.080555,51.495352],[-0.080543,51.49535],[-0.080596,51.495232],[-0.080678,51.495243],[-0.081235,51.495372],[-0.081345,51.495176]]]]}},
{"type":"Feature","properties":{"fid":1761,"OBJECTID":1761,"Shape_Length":133.3389628476192,"Shape_Area":871.4688977623807,"in_cw":false,"whole_in_zone":true},"geometry":{"type":"MultiPolygon","coordinates":[[[[-0.079699,51.489969],[-0.079718,51.490012],[-0.079591,51.490093],[-0.079437,51.490005],[-0.079416,51.490023],[-0.079397,51.490008],[-0.079366,51.49003],[-0.079311,51.489998],[-0.079279,51.490018],[-0.07905,51.489874],[-0.079266,51.489728],[-0.079699,51.489969]]]]}},
{"type":"Feature","properties":{"fid":1762,"OBJECTID":1762,"Shape_Length":872.6027250535803,"Shape_Area":40724.25333084816,"in_cw":false,"whole_in_zone":true},"geometry":{"type":"MultiPolygon","coordinates":[[[[-0.077619,51.48898],[-0.077655,51.488995],[-0.077622,51.489027],[-0.07739,51.489233],[-0.077376,51.489247],[-0.076877,51.48968],[-0.076568,51.489943],[-0.076418,51.490045],[-0.076306,51.490121],[-0.076288,51.490133],[-0.075972,51.490448],[-0.075825,51.490361],[-0.075728,51.490306],[-0.075627,51.490251],[-0.075539,51.490215],[-0.075443,51.490179],[-0.075311,51.490135],[-0.075207,51.490105],[-0.075105,51.490079],[-0.075076,51.490071],[-0.075088,51.490062],[-0.075033,51.490032],[-0.07519,51.489912],[-0.075242,51.489886],[-0.075161,51.489819],[-0.075065,51.489739],[-0.074956,51.489639],[-0.074808,51.489507],[-0.074725,51.489445],[-0.07467,51.489408],[-0.074603,51.489368],[-0.074507,51.489319],[-0.074436,51.489294],[-0.074271,51.489245],[-0.074189,51.489222],[-0.0741,51.489196],[-0.073709,51.489084],[-0.073604,51.489053],[-0.073753,51.488917],[-0.074231,51.488564],[-0.074315,51.488502],[-0.07455,51.488326],[-0.075167,51.48786],[-0.075155,51.487843],[-0.075337,51.487705],[-0.075401,51.487676],[-0.075434,51.487675],[-0.075536,51.487727],[-0.075506,51.48775],[-0.076521,51.48845],[-0.076882,51.488619],[-0.076924,51.488642],[-0.077162,51.488764],[-0.077619,51.48898]]]]}},
{"type":"Feature","properties":{"fid":1763,"OBJECTID":1763,"Shape_Length":838.9205807146643,"Shape_Area":31348.40841299758,"in_cw":false,"whole_in_zone":true},"geometry":{"type":"MultiPolygon","coordinates":[[[[-0.06079,51.481572],[-0.060632,51.48164],[-0.060319,51.481724],[-0.060092,51.481741],[-0.059764,51.48169],[-0.059427,51.481608],[-0.059244,51.481562],[-0.059131,51.481545],[-0.059044,51.481526],[-0.058958,51.481503],[-0.058805,51.481462],[-0.058682,51.481434],[-0.05858,51.48142],[-0.05841,51.481539],[-0.058214,51.481536],[-0.058121,51.481554],[-0.058031,51.481593],[-0.05656,51.481349],[-0.057335,51.480571],[-0.056903,51.480412],[-0.057408,51.479937],[-0.057833,51.480076],[-0.058265,51.48024],[-0.059007,51.480524],[-0.059631,51.480765],[-0.06012,51.480948],[-0.060433,51.481093],[-0.060576,51.481162],[-0.060999,51.481491],[-0.06079,51.481572]]]]}},
{"type":"Feature","properties":{"fid":1764,"OBJECTID":1764,"Shape_Length":154.1776493349915,"Shape_Area":1525.5888713253319,"in_cw":false,"whole_in_zone":true},"geometry":{"type":"MultiPolygon","coordinates":[[[[-0.0626,51.48171],[-0.06218,51.481988],[-0.061985,51.481877],[-0.061915,51.48184],[-0.061759,51.481729],[-0.061998,51.481591],[-0.062413,51.481584],[-0.062488,51.481642],[-0.0626,51.48171]]]]}},
{"type":"Feature","properties":{"fid":1765,"OBJECTID":1765,"Shape_Length":123.25383363477778,"Shape_Area":880.95280707805,"in_cw":false,"whole_in_zone":true},"geometry":{"type":"MultiPolygon","coordinates":[[[[-0.064079,51.482908],[-0.063845,51.482793],[-0.064076,51.482583],[-0.064354,51.482511],[-0.064423,51.482635],[-0.064079,51.482908]]]]}},
{"type":"Feature","properties":{"fid":1766,"OBJECTID":1766,"Shape_Length":967.6770013207731,"Shape_Area":39763.79697416913,"in_cw":false,"whole_in_zone":true},"geometry":{"type":"MultiPolygon","coordinates":[[[[-0.066289,51.484249],[-0.066328,51.484235],[-0.066436,51.484232],[-0.066508,51.48426],[-0.06661,51.484305],[-0.067381,51.484623],[-0.067406,51.484599],[-0.067516,51.48463],[-0.067891,51.484775],[-0.067851,51.484811],[-0.068264,51.484957],[-0.068311,51.485018],[-0.068208,51.485177],[-0.068133,51.485315],[-0.068075,51.485326],[-0.068022,51.485313],[-0.067922,51.485314],[-0.067937,51.48541],[-0.06804,51.485441],[-0.068072,51.485485],[-0.068049,51.485677],[-0.068001,51.485979],[-0.067979,51.486055],[-0.067951,51.486254],[-0.067936,51.486338],[-0.067909,51.486352],[-0.067916,51.48645],[-0.067923,51.48647],[-0.067925,51.486506],[-0.067882,51.486522],[-0.067717,51.48651],[-0.067712,51.486531],[-0.067616,51.486527],[-0.067586,51.486709],[-0.067355,51.486706],[-0.067307,51.48701],[-0.06728,51.487017],[-0.067019,51.487015],[-0.066649,51.486927],[-0.066449,51.487193],[-0.06638,51.487285],[-0.06597,51.487146],[-0.065896,51.487068],[-0.065921,51.486862],[-0.065935,51.486692],[-0.066099,51.486644],[-0.066219,51.486622],[-0.066221,51.486588],[-0.066271,51.486572],[-0.06625,51.486437],[-0.066289,51.486431],[-0.066278,51.486335],[-0.06588,51.486362],[-0.065866,51.486285],[-0.065831,51.486075],[-0.065777,51.485802],[-0.065731,51.485516],[-0.065706,51.48539],[-0.065712,51.485323],[-0.065773,51.485175],[-0.065857,51.485009],[-0.065897,51.484952],[-0.065949,51.484919],[-0.065993,51.484795],[-0.065999,51.484732],[-0.066117,51.484583],[-0.06613,51.484542],[-0.066201,51.484519],[-0.066227,51.484448],[-0.066225,51.484404],[-0.066289,51.484249]]]]}},
{"type":"Feature","properties":{"fid":1767,"OBJECTID":1767,"Shape_Length":2218.5749759822834,"Shape_Area":146784.8807376524,"in_cw":false,"whole_in_zone":true},"geometry":{"type":"MultiPolygon","coordinates":[[[[-0.065826,51.484421],[-0.065816,51.484548],[-0.065798,51.484627],[-0.065747,51.484741],[-0.065688,51.484764],[-0.065679,51.484786],[-0.06536,51.484704],[-0.065327,51.484742],[-0.065245,51.484783],[-0.063974,51.485351],[-0.06375,51.485451],[-0.063695,51.485476],[-0.06359,51.485518],[-0.06343,51.485558],[-0.062689,51.485652],[-0.063378,51.486172],[-0.06321,51.48624],[-0.06242,51.485658],[-0.061495,51.485719],[-0.060848,51.485744],[-0.060713,51.485739],[-0.060532,51.485755],[-0.060301,51.485756],[-0.060065,51.485769],[-0.059191,51.485798],[-0.05862,51.485822],[-0.058266,51.485816],[-0.058161,51.485303],[-0.058069,51.485295],[-0.058079,51.484974],[-0.058093,51.484821],[-0.060332,51.484878],[-0.060413,51.484872],[-0.060466,51.484864],[-0.060516,51.48484],[-0.060563,51.484799],[-0.060594,51.484755],[-0.060604,51.484703],[-0.060615,51.484683],[-0.060615,51.484679],[-0.060616,51.484677],[-0.060616,51.484676],[-0.060618,51.48467],[-0.060618,51.484665],[-0.060619,51.484633],[-0.060633,51.48459],[-0.060643,51.48456],[-0.060654,51.484534],[-0.060666,51.484496],[-0.060679,51.484431],[-0.060692,51.484374],[-0.060701,51.484334],[-0.060706,51.484283],[-0.0607,51.484222],[-0.06077,51.483412],[-0.05973,51.48335],[-0.05897,51.483333],[-0.059007,51.482978],[-0.059054,51.482509],[-0.05911,51.482297],[-0.059129,51.482079],[-0.059109,51.481954],[-0.059035,51.481874],[-0.058884,51.481792],[-0.058659,51.481743],[-0.058581,51.481695],[-0.058535,51.481657],[-0.058723,51.48145],[-0.058917,51.48149],[-0.059458,51.481614],[-0.059764,51.481697],[-0.060185,51.481742],[-0.060371,51.48172],[-0.060632,51.48164],[-0.061,51.481486],[-0.06123,51.481631],[-0.062115,51.48223],[-0.062684,51.482549],[-0.06428,51.483304],[-0.064571,51.483427],[-0.064858,51.483547],[-0.065006,51.483607],[-0.065379,51.483786],[-0.065935,51.484026],[-0.065982,51.484096],[-0.065826,51.484421]]]]}},
{"type":"Feature","properties":{"fid":1768,"OBJECTID":1768,"Shape_Length":129.00525276815006,"Shape_Area":1040.0039616221072,"in_cw":false,"whole_in_zone":true},"geometry":{"type":"MultiPolygon","coordinates":[[[[-0.090771,51.49207],[-0.090339,51.49219],[-0.090153,51.491927],[-0.090576,51.491809],[-0.090771,51.49207]]]]}},
{"type":"Feature","properties":{"fid":1769,"OBJECTID":1769,"Shape_Length":1718.8501498597861,"Shape_Area":111835.34790276615,"in_cw":false,"whole_in_zone":true},"geometry":{"type":"MultiPolygon","coordinates":[[[[-0.071346,51.485268],[-0.070885,51.485212],[-0.070864,51.485283],[-0.070862,51.485308],[-0.07096,51.485321],[-0.070951,51.485346],[-0.071257,51.485385],[-0.07115,51.485582],[-0.071081,51.485663],[-0.070844,51.48558],[-0.070574,51.485536],[-0.069474,51.485092],[-0.0689,51.484906],[-0.068725,51.484837],[-0.06848,51.484749],[-0.068488,51.484736],[-0.06834,51.484675],[-0.068091,51.484569],[-0.067559,51.484346],[-0.067511,51.484327],[-0.066813,51.484061],[-0.066651,51.483993],[-0.066257,51.48384],[-0.066202,51.483817],[-0.065469,51.48351],[-0.065169,51.483383],[-0.06522,51.483319],[-0.065176,51.483291],[-0.065199,51.483272],[-0.065278,51.483203],[-0.065265,51.483192],[-0.065284,51.483175],[-0.065286,51.483166],[-0.065256,51.483158],[-0.065274,51.483127],[-0.065572,51.483187],[-0.065625,51.483126],[-0.06552,51.483095],[-0.065667,51.482902],[-0.065527,51.482831],[-0.065559,51.482798],[-0.065789,51.482889],[-0.065797,51.482882],[-0.065963,51.482811],[-0.066,51.482793],[-0.066502,51.482616],[-0.0671,51.482426],[-0.067079,51.482586],[-0.067215,51.482594],[-0.067668,51.48255],[-0.067612,51.482439],[-0.068218,51.482331],[-0.068262,51.48232],[-0.068996,51.482165],[-0.06895,51.482079],[-0.069282,51.482016],[-0.069367,51.482197],[-0.069993,51.482108],[-0.071634,51.481835],[-0.071731,51.482081],[-0.071775,51.48208],[-0.072158,51.48294],[-0.07144,51.483024],[-0.071449,51.484391],[-0.071417,51.484827],[-0.071237,51.484821],[-0.070858,51.484869],[-0.070865,51.48494],[-0.071319,51.484941],[-0.071319,51.48519],[-0.071346,51.485268]]]]}},
{"type":"Feature","properties":{"fid":1770,"OBJECTID":1770,"Shape_Length":482.31342632686113,"Shape_Area":6267.558719437808,"in_cw":false,"whole_in_zone":true},"geometry":{"type":"MultiPolygon","coordinates":[[[[-0.063649,51.487336],[-0.063895,51.487315],[-0.063996,51.487311],[-0.064194,51.487296],[-0.064425,51.487281],[-0.064558,51.487272],[-0.065091,51.487234],[-0.065207,51.487225],[-0.065457,51.487207],[-0.065571,51.487199],[-0.065673,51.487305],[-0.065642,51.487511],[-0.065595,51.487816],[-0.065521,51.488306],[-0.065442,51.4883],[-0.06546,51.488239],[-0.065483,51.488159],[-0.065501,51.488045],[-0.065512,51.487974],[-0.065523,51.487902],[-0.065541,51.487811],[-0.065325,51.487691],[-0.064887,51.487642],[-0.064517,51.487641],[-0.064279,51.487641],[-0.064075,51.48764],[-0.063998,51.48764],[-0.063852,51.487631],[-0.063689,51.487561],[-0.063668,51.487472],[-0.063649,51.487336]]]]}},
{"type":"Feature","properties":{"fid":1771,"OBJECTID":1771,"Shape_Length":162.6962359671633,"Shape_Area":1115.4978799477637,"in_cw":false,"whole_in_zone":true},"geometry":{"type":"MultiPolygon","coordinates":[[[[-0.076866,51.48817],[-0.076787,51.488128],[-0.076689,51.488078],[-0.076844,51.487976],[-0.076872,51.487992],[-0.076907,51.487969],[-0.07687,51.487947],[-0.076881,51.48794],[-0.076821,51.487903],[-0.076844,51.487889],[-0.076789,51.487853],[-0.077092,51.487666],[-0.077356,51.487831],[-0.077132,51.487973],[-0.077026,51.488043],[-0.076986,51.488083],[-0.076973,51.488093],[-0.076866,51.48817]]]]}},
{"type":"Feature","properties":{"fid":1773,"OBJECTID":1773,"Shape_Length":2551.223285044035,"Shape_Area":78987.38761523797,"in_cw":false,"whole_in_zone":true},"geometry":{"type":"MultiPolygon","coordinates":[[[[-0.052912,51.482644],[-0.052916,51.482644],[-0.052926,51.482593],[-0.052936,51.482528],[-0.052954,51.482434],[-0.052958,51.482398],[-0.052991,51.482087],[-0.052995,51.482056],[-0.052988,51.482056],[-0.05304,51.481739],[-0.053123,51.481375],[-0.053185,51.481163],[-0.0532,51.481161],[-0.053207,51.481138],[-0.05321,51.481126],[-0.053233,51.481051],[-0.053234,51.481052],[-0.053236,51.481046],[-0.053234,51.481042],[-0.053199,51.481037],[-0.053081,51.481023],[-0.053135,51.480902],[-0.053141,51.480896],[-0.053145,51.480893],[-0.053159,51.480883],[-0.053216,51.480879],[-0.053256,51.480867],[-0.053281,51.480796],[-0.053282,51.480797],[-0.053293,51.480773],[-0.05329,51.480772],[-0.053313,51.480708],[-0.053319,51.480709],[-0.053351,51.48064],[-0.053356,51.480624],[-0.053392,51.480557],[-0.053413,51.48051],[-0.053497,51.480492],[-0.053493,51.480432],[-0.053483,51.480399],[-0.053457,51.480391],[-0.053436,51.480387],[-0.053455,51.480334],[-0.053457,51.480331],[-0.053493,51.480336],[-0.053506,51.480337],[-0.053511,51.480336],[-0.053518,51.480333],[-0.05352,51.480332],[-0.053525,51.480329],[-0.053528,51.480326],[-0.053508,51.480403],[-0.053508,51.480666],[-0.053514,51.480784],[-0.053509,51.480905],[-0.05356,51.48101],[-0.05356,51.481092],[-0.053594,51.48139],[-0.053612,51.481518],[-0.053628,51.481683],[-0.053637,51.481787],[-0.054298,51.481805],[-0.054305,51.481825],[-0.055736,51.481837],[-0.055667,51.482777],[-0.055635,51.484533],[-0.05527,51.484498],[-0.055272,51.484649],[-0.055099,51.484636],[-0.055074,51.484894],[-0.053578,51.484819],[-0.053604,51.484905],[-0.053631,51.484969],[-0.053709,51.4851],[-0.053853,51.485465],[-0.053977,51.485735],[-0.054034,51.485859],[-0.054386,51.486506],[-0.054906,51.48745],[-0.05493,51.487507],[-0.05499,51.487605],[-0.055061,51.487682],[-0.055121,51.487732],[-0.054843,51.487933],[-0.054696,51.487744],[-0.054561,51.48759],[-0.054247,51.487153],[-0.054301,51.487053],[-0.054252,51.487046],[-0.054197,51.486894],[-0.053981,51.486496],[-0.053907,51.486337],[-0.053945,51.486334],[-0.053742,51.485998],[-0.053687,51.485954],[-0.05361,51.485981],[-0.053485,51.485996],[-0.05341,51.485997],[-0.053333,51.485934],[-0.053306,51.485845],[-0.053337,51.485839],[-0.053395,51.485832],[-0.053423,51.485826],[-0.053518,51.485808],[-0.05352,51.485798],[-0.053532,51.485734],[-0.053536,51.485717],[-0.053537,51.485697],[-0.053538,51.485689],[-0.053535,51.485643],[-0.053534,51.485633],[-0.053523,51.48557],[-0.053512,51.485487],[-0.053504,51.485488],[-0.053496,51.485469],[-0.053398,51.485306],[-0.053406,51.485305],[-0.053397,51.48529],[-0.053373,51.48529],[-0.053363,51.485282],[-0.053343,51.485267],[-0.053278,51.485208],[-0.053266,51.485207],[-0.053252,51.485197],[-0.05323,51.485199],[-0.053198,51.485197],[-0.053196,51.485189],[-0.053168,51.485187],[-0.053156,51.485185],[-0.053143,51.485183],[-0.053133,51.485181],[-0.053123,51.485178],[-0.05312,51.485176],[-0.053115,51.485174],[-0.053113,51.485173],[-0.053105,51.485167],[-0.053097,51.48516],[-0.053085,51.485125],[-0.053088,51.485124],[-0.053083,51.48511],[-0.053078,51.485096],[-0.053071,51.485062],[-0.053067,51.485046],[-0.053062,51.485047],[-0.053056,51.485031],[-0.053054,51.485021],[-0.053054,51.485004],[-0.053088,51.48496],[-0.053185,51.484934],[-0.053156,51.484763],[-0.053177,51.484756],[-0.053133,51.484695],[-0.053054,51.484698],[-0.053016,51.484695],[-0.053015,51.484689],[-0.052991,51.484686],[-0.052984,51.484648],[-0.052966,51.484569],[-0.052955,51.48452],[-0.052942,51.48447],[-0.052948,51.484471],[-0.05295,51.484457],[-0.05295,51.484454],[-0.052947,51.484454],[-0.052949,51.484449],[-0.052957,51.484412],[-0.05296,51.484409],[-0.052986,51.484401],[-0.052994,51.484397],[-0.053005,51.484393],[-0.053015,51.484389],[-0.053024,51.484386],[-0.053048,51.484387],[-0.053049,51.484387],[-0.053049,51.484383],[-0.053057,51.484382],[-0.053056,51.484385],[-0.053082,51.484379],[-0.053094,51.484379],[-0.053056,51.484159],[-0.05305,51.484128],[-0.052998,51.483827],[-0.052966,51.483667],[-0.052955,51.483599],[-0.052951,51.483581],[-0.052953,51.483579],[-0.052949,51.483572],[-0.052945,51.483563],[-0.052942,51.483562],[-0.05294,51.483555],[-0.052933,51.483555],[-0.052916,51.483435],[-0.05291,51.483402],[-0.05291,51.483399],[-0.052951,51.483398],[-0.052961,51.483398],[-0.052956,51.483323],[-0.052949,51.483246],[-0.052934,51.483046],[-0.052933,51.483032],[-0.052933,51.483017],[-0.052935,51.482857],[-0.052935,51.482837],[-0.052936,51.482791],[-0.052934,51.482758],[-0.05291,51.482756],[-0.052912,51.482644]]],[[[-0.053454,51.480127],[-0.053464,51.480105],[-0.053595,51.479813],[-0.053597,51.479813],[-0.0536,51.479807],[-0.053644,51.479815],[-0.053666,51.479816],[-0.053673,51.479803],[-0.053778,51.47963],[-0.053852,51.479495],[-0.053854,51.479491],[-0.053847,51.479489],[-0.053899,51.479392],[-0.05391,51.47937],[-0.053929,51.479334],[-0.053938,51.479331],[-0.053945,51.479315],[-0.053948,51.479305],[-0.053961,51.479275],[-0.05398,51.47923],[-0.053938,51.479216],[-0.053938,51.479215],[-0.053924,51.479211],[-0.054213,51.478742],[-0.054337,51.478795],[-0.054551,51.478868],[-0.054283,51.479151],[-0.054179,51.479378],[-0.054129,51.479516],[-0.054057,51.479646],[-0.053918,51.479786],[-0.053725,51.480005],[-0.053595,51.480207],[-0.053551,51.480288],[-0.053552,51.480267],[-0.053542,51.48024],[-0.053506,51.480233],[-0.053496,51.480231],[-0.05349,51.480224],[-0.053486,51.480219],[-0.053477,51.480208],[-0.05347,51.480198],[-0.053463,51.480188],[-0.053459,51.480182],[-0.053464,51.480153],[-0.053454,51.480127]]]]}},
{"type":"Feature","properties":{"fid":1774,"OBJECTID":1774,"Shape_Length":301.17322061940723,"Shape_Area":4697.134784710918,"in_cw":false,"whole_in_zone":true},"geometry":{"type":"MultiPolygon","coordinates":[[[[-0.040917,51.490936],[-0.040955,51.490921],[-0.040925,51.490889],[-0.040929,51.490887],[-0.041095,51.490826],[-0.041115,51.490819],[-0.041174,51.490797],[-0.041436,51.490702],[-0.0415,51.490679],[-0.041649,51.490624],[-0.041727,51.490706],[-0.041744,51.490725],[-0.041761,51.490742],[-0.041796,51.490779],[-0.041831,51.490816],[-0.041867,51.490854],[-0.041876,51.490864],[-0.041884,51.490873],[-0.041932,51.490923],[-0.041939,51.49093],[-0.041963,51.490955],[-0.041994,51.490987],[-0.041963,51.490999],[-0.041943,51.491006],[-0.041633,51.491121],[-0.041571,51.491144],[-0.041414,51.491203],[-0.041206,51.49128],[-0.041196,51.491283],[-0.041182,51.491289],[-0.041175,51.491292],[-0.041174,51.491292],[-0.041156,51.491298],[-0.040959,51.491372],[-0.040764,51.491445],[-0.040755,51.491435],[-0.040626,51.491302],[-0.040549,51.491222],[-0.04042,51.491089],[-0.040444,51.491064],[-0.040575,51.491017],[-0.04082,51.490927],[-0.040823,51.490926],[-0.040879,51.490906],[-0.040883,51.490904],[-0.040886,51.490903],[-0.040917,51.490936]]]]}},
{"type":"Feature","properties":{"fid":1775,"OBJECTID":1775,"Shape_Length":932.6331609082048,"Shape_Area":19476.446544329498,"in_cw":false,"whole_in_zone":true},"geometry":{"type":"MultiPolygon","coordinates":[[[[-0.057501,51.479716],[-0.057427,51.479656],[-0.057166,51.479558],[-0.057266,51.479474],[-0.057118,51.479337],[-0.056905,51.479238],[-0.056587,51.479187],[-0.056475,51.479285],[-0.056332,51.47926],[-0.056217,51.479181],[-0.056025,51.479091],[-0.05583,51.47902],[-0.055641,51.478929],[-0.055208,51.478775],[-0.05549,51.478464],[-0.056362,51.478791],[-0.056737,51.478949],[-0.056924,51.479022],[-0.0571,51.479003],[-0.057411,51.478967],[-0.057687,51.479074],[-0.057974,51.479375],[-0.058095,51.479425],[-0.05815,51.479486],[-0.058483,51.47936],[-0.058718,51.479274],[-0.058978,51.47974],[-0.059908,51.480119],[-0.059987,51.480325],[-0.059994,51.480481],[-0.059942,51.480634],[-0.059824,51.480656],[-0.057466,51.479753],[-0.057501,51.479716]]]]}},
{"type":"Feature","properties":{"fid":1776,"OBJECTID":1776,"Shape_Length":705.441414333331,"Shape_Area":13880.355859358087,"in_cw":false,"whole_in_zone":false},"geometry":{"type":"MultiPolygon","coordinates":[[[[-0.090328,51.473179],[-0.09038,51.473153],[-0.090419,51.473132],[-0.090452,51.473115],[-0.091147,51.472756],[-0.091338,51.472658],[-0.091458,51.472598],[-0.091467,51.472594],[-0.091608,51.472524],[-0.09173,51.472464],[-0.09178,51.472439],[-0.091799,51.472431],[-0.091898,51.472389],[-0.091942,51.472387],[-0.092132,51.472615],[-0.092304,51.472864],[-0.09238,51.47297],[-0.092445,51.472964],[-0.092543,51.472957],[-0.092663,51.472951],[-0.092984,51.472933],[-0.093012,51.47295],[-0.093004,51.473103],[-0.092984,51.473163],[-0.092934,51.473319],[-0.092924,51.473317],[-0.092887,51.473411],[-0.092866,51.473467],[-0.092832,51.473571],[-0.092806,51.473629],[-0.092812,51.473631],[-0.092751,51.47373],[-0.092724,51.473761],[-0.092589,51.473696],[-0.092529,51.47373],[-0.092521,51.473724],[-0.092491,51.473731],[-0.092418,51.473768],[-0.092405,51.47376],[-0.092343,51.473717],[-0.092282,51.473705],[-0.09224,51.473696],[-0.092195,51.473687],[-0.092188,51.473686],[-0.092136,51.473613],[-0.092129,51.473562],[-0.092127,51.473549],[-0.0921,51.473499],[-0.092084,51.473487],[-0.092067,51.473479],[-0.092041,51.47347],[-0.092005,51.473458],[-0.091798,51.473383],[-0.09155,51.473025],[-0.091254,51.473111],[-0.091424,51.473431],[-0.091441,51.473431],[-0.091452,51.473457],[-0.091469,51.4735],[-0.091482,51.473532],[-0.091511,51.473603],[-0.091416,51.473621],[-0.091306,51.47364],[-0.091201,51.473658],[-0.091183,51.473655],[-0.091204,51.473593],[-0.091129,51.473583],[-0.091051,51.473649],[-0.090993,51.473643],[-0.090938,51.473636],[-0.090963,51.473539],[-0.090966,51.47352],[-0.090923,51.473485],[-0.090802,51.473381],[-0.090762,51.473349],[-0.090682,51.473284],[-0.090669,51.473273],[-0.090546,51.473331],[-0.090511,51.473304],[-0.090473,51.473275],[-0.09046,51.473278],[-0.090415,51.473244],[-0.090369,51.47321],[-0.090328,51.473179]]]]}},
{"type":"Feature","properties":{"fid":1777,"OBJECTID":1777,"Shape_Length":172.30468191002652,"Shape_Area":1964.1559128737156,"in_cw":false,"whole_in_zone":true},"geometry":{"type":"MultiPolygon","coordinates":[[[[-0.091775,51.500697],[-0.091776,51.500693],[-0.091778,51.500692],[-0.09178,51.50069],[-0.091781,51.50069],[-0.091853,51.500673],[-0.092042,51.500622],[-0.092043,51.500622],[-0.092042,51.50062],[-0.092349,51.500541],[-0.09244,51.500527],[-0.092499,51.500543],[-0.09255,51.500584],[-0.092603,51.500675],[-0.092584,51.500748],[-0.092558,51.50081],[-0.092473,51.500859],[-0.09221,51.501008],[-0.092135,51.501024],[-0.092049,51.501026],[-0.091915,51.500864],[-0.091916,51.500863],[-0.091915,51.500863],[-0.091822,51.500755],[-0.091805,51.500734],[-0.091783,51.500709],[-0.09178,51.500706],[-0.091777,51.500703],[-0.091776,51.500699],[-0.091775,51.500697]]]]}},
{"type":"Feature","properties":{"fid":1778,"OBJECTID":1778,"Shape_Length":240.52393765893834,"Shape_Area":3478.9085197546106,"in_cw":false,"whole_in_zone":true},"geometry":{"type":"MultiPolygon","coordinates":[[[[-0.092304,51.499774],[-0.092322,51.499765],[-0.092329,51.49977],[-0.092559,51.499691],[-0.092914,51.499497],[-0.09343,51.49987],[-0.093431,51.499883],[-0.092705,51.500277],[-0.092659,51.500275],[-0.092585,51.500157],[-0.092531,51.500077],[-0.0925,51.500028],[-0.092304,51.499774]]]]}},
{"type":"Feature","properties":{"fid":1878,"OBJECTID":1878,"Shape_Length":1338.447006751986,"Shape_Area":46147.83329913124,"in_cw":true,"whole_in_zone":true},"geometry":{"type":"MultiPolygon","coordinates":[[[[-0.015967,51.508305],[-0.015703,51.508286],[-0.015473,51.508268],[-0.015386,51.508262],[-0.015233,51.50825],[-0.015029,51.508235],[-0.014939,51.508237],[-0.014762,51.508242],[-0.014622,51.508248],[-0.014461,51.508254],[-0.0142,51.508264],[-0.014187,51.508265],[-0.014141,51.508262],[-0.014106,51.508259],[-0.014046,51.508258],[-0.013718,51.508232],[-0.01367,51.508229],[-0.013636,51.508228],[-0.01355,51.508226],[-0.013473,51.508224],[-0.013348,51.508223],[-0.013321,51.508224],[-0.013321,51.50821],[-0.012872,51.508156],[-0.012838,51.508151],[-0.012756,51.508143],[-0.012732,51.508115],[-0.012687,51.508105],[-0.012611,51.508175],[-0.012605,51.508201],[-0.012596,51.508315],[-0.012595,51.508322],[-0.012588,51.50835],[-0.012598,51.508382],[-0.012596,51.508401],[-0.012591,51.508467],[-0.012592,51.508498],[-0.012614,51.508791],[-0.012499,51.508795],[-0.012495,51.508808],[-0.01248,51.508806],[-0.012444,51.508805],[-0.012421,51.508803],[-0.012333,51.508798],[-0.012294,51.508795],[-0.012275,51.508769],[-0.012121,51.508559],[-0.011998,51.508392],[-0.011923,51.508289],[-0.011915,51.508287],[-0.011901,51.508271],[-0.011888,51.508253],[-0.011869,51.508226],[-0.011855,51.508204],[-0.011843,51.508181],[-0.011821,51.508136],[-0.011808,51.508103],[-0.011803,51.508087],[-0.011796,51.508064],[-0.011792,51.508048],[-0.011788,51.508015],[-0.011786,51.507999],[-0.011787,51.50797],[-0.011788,51.507953],[-0.011791,51.507935],[-0.011794,51.507918],[-0.011799,51.507898],[-0.011804,51.507884],[-0.011809,51.50787],[-0.011813,51.507856],[-0.011819,51.507843],[-0.011826,51.507829],[-0.011833,51.507816],[-0.011842,51.507802],[-0.011853,51.507786],[-0.011866,51.50777],[-0.011894,51.507739],[-0.011907,51.507726],[-0.011921,51.507712],[-0.011951,51.507685],[-0.011974,51.507668],[-0.011992,51.507656],[-0.012009,51.507644],[-0.012028,51.507632],[-0.012046,51.507621],[-0.012066,51.507611],[-0.012086,51.507601],[-0.012107,51.507591],[-0.012127,51.507581],[-0.012149,51.507572],[-0.012189,51.507557],[-0.012218,51.507547],[-0.012263,51.507547],[-0.012416,51.507547],[-0.012495,51.507546],[-0.012724,51.507543],[-0.012802,51.507542],[-0.012865,51.507541],[-0.012899,51.50754],[-0.012954,51.507539],[-0.013858,51.507527],[-0.013941,51.507527],[-0.014153,51.507529],[-0.014365,51.507531],[-0.01495,51.507544],[-0.014956,51.507544],[-0.015063,51.507547],[-0.015125,51.50755],[-0.015186,51.507553],[-0.015262,51.507558],[-0.015323,51.507564],[-0.015385,51.50757],[-0.015446,51.507577],[-0.015527,51.507586],[-0.015605,51.507596],[-0.015684,51.507608],[-0.015755,51.50762],[-0.015816,51.507631],[-0.015878,51.507643],[-0.01636,51.507735],[-0.016485,51.507758],[-0.016589,51.507774],[-0.016694,51.507789],[-0.016756,51.507797],[-0.016862,51.50781],[-0.016968,51.507821],[-0.017006,51.507825],[-0.017313,51.507857],[-0.017926,51.507921],[-0.018607,51.507995],[-0.018555,51.508227],[-0.018438,51.508734],[-0.01822,51.508712],[-0.018111,51.508775],[-0.018064,51.508927],[-0.018053,51.509024],[-0.017704,51.508989],[-0.017606,51.508986],[-0.01727,51.508953],[-0.01645,51.508962],[-0.01565,51.508944],[-0.015648,51.508859],[-0.015664,51.508592],[-0.015968,51.508599],[-0.015967,51.508305]]]]}},
{"type":"Feature","properties":{"fid":1879,"OBJECTID":1879,"Shape_Length":1248.3686471834335,"Shape_Area":57389.68308724035,"in_cw":true,"whole_in_zone":true},"geometry":{"type":"MultiPolygon","coordinates":[[[[-0.012894,51.505915],[-0.012892,51.505925],[-0.012947,51.505931],[-0.012969,51.505934],[-0.013298,51.50597],[-0.016469,51.50632],[-0.016471,51.506328],[-0.016471,51.50634],[-0.016386,51.506648],[-0.016364,51.506731],[-0.016362,51.506736],[-0.016362,51.506736],[-0.016348,51.50679],[-0.016291,51.507003],[-0.016281,51.507007],[-0.016141,51.507062],[-0.016123,51.507069],[-0.016103,51.507074],[-0.016077,51.507077],[-0.016055,51.50708],[-0.015999,51.507078],[-0.014574,51.507016],[-0.014054,51.507037],[-0.014026,51.507037],[-0.013825,51.507036],[-0.013624,51.507036],[-0.013467,51.507038],[-0.013266,51.507041],[-0.013065,51.507045],[-0.01292,51.507049],[-0.012846,51.507051],[-0.012648,51.507059],[-0.012525,51.507064],[-0.01235,51.507072],[-0.012316,51.507074],[-0.012185,51.507079],[-0.012178,51.507079],[-0.012178,51.507079],[-0.010857,51.507129],[-0.010748,51.507137],[-0.010634,51.507148],[-0.010618,51.507149],[-0.010605,51.507059],[-0.010622,51.507057],[-0.010649,51.507052],[-0.010676,51.507046],[-0.0107,51.507039],[-0.010724,51.50703],[-0.01075,51.507019],[-0.010767,51.507012],[-0.0108,51.506993],[-0.01081,51.506986],[-0.010829,51.506972],[-0.010845,51.506956],[-0.010861,51.506939],[-0.01087,51.506928],[-0.010923,51.506869],[-0.010925,51.506868],[-0.01094,51.506857],[-0.010956,51.506847],[-0.010974,51.506837],[-0.010981,51.506833],[-0.011004,51.506824],[-0.01103,51.506814],[-0.01112,51.506787],[-0.011111,51.506776],[-0.011093,51.506754],[-0.011063,51.506717],[-0.011033,51.506678],[-0.011003,51.50664],[-0.011,51.506638],[-0.010983,51.506617],[-0.010881,51.506646],[-0.010865,51.50665],[-0.010849,51.506653],[-0.01083,51.506655],[-0.010813,51.506655],[-0.010807,51.506655],[-0.010789,51.506653],[-0.010772,51.50665],[-0.010757,51.506645],[-0.010754,51.506644],[-0.01074,51.506638],[-0.010726,51.506631],[-0.010714,51.506623],[-0.010704,51.506614],[-0.010696,51.506604],[-0.01069,51.506594],[-0.010687,51.506583],[-0.010681,51.506552],[-0.010675,51.506531],[-0.010671,51.506495],[-0.01067,51.506459],[-0.010671,51.506422],[-0.010672,51.506402],[-0.010677,51.506363],[-0.010684,51.506325],[-0.010693,51.50629],[-0.010712,51.506234],[-0.010735,51.506178],[-0.010742,51.506163],[-0.010762,51.506116],[-0.010785,51.506069],[-0.010809,51.506023],[-0.010829,51.505987],[-0.010863,51.505935],[-0.010884,51.505904],[-0.010917,51.505857],[-0.010917,51.505857],[-0.010952,51.50581],[-0.01099,51.505764],[-0.011031,51.505716],[-0.011077,51.505667],[-0.011094,51.50565],[-0.011126,51.505618],[-0.011177,51.50557],[-0.011222,51.505529],[-0.0113,51.505464],[-0.011342,51.50543],[-0.011572,51.505251],[-0.01164,51.505198],[-0.011655,51.505187],[-0.011679,51.505169],[-0.011768,51.505103],[-0.011884,51.505021],[-0.011939,51.504983],[-0.012016,51.504929],[-0.012086,51.504882],[-0.012167,51.504829],[-0.012218,51.504797],[-0.012283,51.504754],[-0.012287,51.504752],[-0.01239,51.504687],[-0.012391,51.504687],[-0.012994,51.504927],[-0.013012,51.504934],[-0.013053,51.504951],[-0.013094,51.504969],[-0.013097,51.50497],[-0.0131,51.504972],[-0.013103,51.504973],[-0.013106,51.504974],[-0.013109,51.504976],[-0.013111,51.504977],[-0.013117,51.504981],[-0.013122,51.504984],[-0.013124,51.504986],[-0.013126,51.504987],[-0.013131,51.504991],[-0.013132,51.504993],[-0.013134,51.504995],[-0.013135,51.504996],[-0.013136,51.504997],[-0.013137,51.504999],[-0.013142,51.505013],[-0.013143,51.505015],[-0.013142,51.505016],[-0.013138,51.505037],[-0.013134,51.505055],[-0.013045,51.505372],[-0.012908,51.505863],[-0.012894,51.505915]]]]}},
{"type":"Feature","properties":{"fid":1880,"OBJECTID":1880,"Shape_Length":810.2757240832518,"Shape_Area":28660.661885978036,"in_cw":true,"whole_in_zone":true},"geometry":{"type":"MultiPolygon","coordinates":[[[[-0.019201,51.507574],[-0.019193,51.507572],[-0.018747,51.507482],[-0.018655,51.507465],[-0.018486,51.507435],[-0.018369,51.507415],[-0.018199,51.507388],[-0.017935,51.507348],[-0.017875,51.50734],[-0.017267,51.507253],[-0.017232,51.507248],[-0.017197,51.507243],[-0.017162,51.507239],[-0.017127,51.507235],[-0.017092,51.507231],[-0.017057,51.507227],[-0.016987,51.507219],[-0.016952,51.507214],[-0.016917,51.50721],[-0.01689,51.507206],[-0.016884,51.507205],[-0.016877,51.507204],[-0.01687,51.507203],[-0.016864,51.507202],[-0.016857,51.507201],[-0.016851,51.5072],[-0.016837,51.507197],[-0.016824,51.507195],[-0.016818,51.507193],[-0.016805,51.507191],[-0.016792,51.507187],[-0.016786,51.507186],[-0.01678,51.507184],[-0.016774,51.507182],[-0.016762,51.507178],[-0.016756,51.507176],[-0.01675,51.507174],[-0.016745,51.507172],[-0.016739,51.50717],[-0.016734,51.507167],[-0.016728,51.507165],[-0.016723,51.507162],[-0.016718,51.507159],[-0.016712,51.507155],[-0.016706,51.507152],[-0.016701,51.507147],[-0.016695,51.507143],[-0.016691,51.507138],[-0.016686,51.507133],[-0.016682,51.507128],[-0.016679,51.507123],[-0.016676,51.507118],[-0.016673,51.507113],[-0.01667,51.507107],[-0.016668,51.507102],[-0.016666,51.507097],[-0.016665,51.507091],[-0.016664,51.507086],[-0.016663,51.50708],[-0.016662,51.507075],[-0.016662,51.507069],[-0.016662,51.507059],[-0.016662,51.507048],[-0.016663,51.507037],[-0.016663,51.507032],[-0.016664,51.507027],[-0.016664,51.507026],[-0.016665,51.507021],[-0.016666,51.507016],[-0.016667,51.507011],[-0.016668,51.507005],[-0.01667,51.507],[-0.016672,51.506995],[-0.016674,51.50699],[-0.016676,51.506984],[-0.016678,51.506979],[-0.016681,51.506974],[-0.016683,51.506969],[-0.016686,51.506964],[-0.016689,51.506957],[-0.016698,51.506924],[-0.016761,51.506653],[-0.016838,51.506382],[-0.01679,51.506377],[-0.016795,51.506356],[-0.016804,51.506321],[-0.020204,51.506694],[-0.020195,51.506728],[-0.02022,51.506731],[-0.020242,51.506734],[-0.020289,51.506739],[-0.020664,51.506781],[-0.020609,51.506967],[-0.020554,51.507179],[-0.020525,51.50726],[-0.020469,51.507394],[-0.020465,51.507404],[-0.020457,51.507438],[-0.020454,51.507466],[-0.020456,51.507497],[-0.02047,51.507548],[-0.020495,51.507594],[-0.02072,51.507643],[-0.020756,51.507654],[-0.020789,51.507668],[-0.020819,51.507685],[-0.020833,51.507697],[-0.020843,51.507711],[-0.02085,51.507725],[-0.020852,51.50774],[-0.020853,51.507756],[-0.02085,51.507772],[-0.020844,51.507788],[-0.020789,51.507863],[-0.020786,51.507867],[-0.020782,51.50787],[-0.020777,51.507872],[-0.020772,51.507875],[-0.020767,51.507876],[-0.020702,51.507895],[-0.020683,51.507895],[-0.020658,51.507889],[-0.020607,51.507869],[-0.020526,51.507848],[-0.020425,51.507833],[-0.020325,51.507809],[-0.020233,51.507782],[-0.020086,51.507758],[-0.019946,51.507729],[-0.01977,51.507694],[-0.019662,51.507652],[-0.019461,51.507602],[-0.019393,51.507588],[-0.019211,51.507576],[-0.019206,51.507575],[-0.019201,51.507574]]]]}},
{"type":"Feature","properties":{"fid":1881,"OBJECTID":1881,"Shape_Length":652.3779629918488,"Shape_Area":21692.773177501615,"in_cw":true,"whole_in_zone":true},"geometry":{"type":"MultiPolygon","coordinates":[[[[-0.027991,51.505054],[-0.027894,51.505115],[-0.027848,51.505144],[-0.027789,51.505181],[-0.027596,51.505302],[-0.02759,51.505299],[-0.027546,51.505274],[-0.027524,51.505263],[-0.027501,51.505252],[-0.027478,51.505241],[-0.027452,51.50523],[-0.027428,51.50522],[-0.02741,51.505211],[-0.027374,51.505199],[-0.027345,51.505189],[-0.027317,51.50518],[-0.027288,51.505172],[-0.027259,51.505164],[-0.02723,51.505156],[-0.0272,51.505149],[-0.027179,51.505144],[-0.02717,51.505143],[-0.02715,51.505139],[-0.027146,51.505138],[-0.027139,51.505137],[-0.027078,51.505127],[-0.027047,51.505123],[-0.027016,51.505119],[-0.026952,51.505113],[-0.026947,51.505113],[-0.026918,51.505111],[-0.026902,51.505111],[-0.026888,51.50511],[-0.026838,51.50511],[-0.026814,51.50511],[-0.026774,51.505111],[-0.026749,51.505112],[-0.026725,51.505114],[-0.026694,51.505118],[-0.026671,51.50512],[-0.026645,51.505124],[-0.026576,51.505095],[-0.026549,51.505083],[-0.02654,51.505079],[-0.026485,51.505052],[-0.026451,51.505033],[-0.026385,51.504998],[-0.026347,51.504975],[-0.026309,51.504951],[-0.026269,51.504925],[-0.026242,51.504905],[-0.026214,51.504884],[-0.026186,51.504863],[-0.026136,51.504821],[-0.026104,51.504794],[-0.026074,51.504766],[-0.026044,51.504738],[-0.026005,51.5047],[-0.025977,51.504669],[-0.02595,51.504638],[-0.025922,51.504601],[-0.025908,51.50458],[-0.025864,51.504512],[-0.025866,51.504506],[-0.025871,51.504504],[-0.025879,51.504502],[-0.025837,51.504428],[-0.025794,51.504325],[-0.025782,51.504282],[-0.02578,51.504269],[-0.025779,51.50425],[-0.025781,51.50423],[-0.025785,51.504211],[-0.02579,51.504194],[-0.025797,51.504178],[-0.025805,51.504162],[-0.025815,51.504149],[-0.025827,51.504134],[-0.025842,51.504121],[-0.025858,51.504107],[-0.025876,51.504096],[-0.02588,51.504093],[-0.025901,51.504083],[-0.0259,51.504041],[-0.025899,51.503974],[-0.025902,51.503951],[-0.025903,51.503941],[-0.025901,51.503931],[-0.025925,51.503873],[-0.025944,51.503828],[-0.025933,51.503819],[-0.025921,51.50381],[-0.02591,51.503801],[-0.025892,51.503782],[-0.025884,51.503772],[-0.025875,51.503762],[-0.025868,51.503752],[-0.025862,51.503742],[-0.025856,51.503732],[-0.025851,51.503721],[-0.025847,51.50371],[-0.025843,51.5037],[-0.025839,51.503689],[-0.025837,51.503678],[-0.025835,51.503667],[-0.025818,51.503387],[-0.025799,51.503387],[-0.025787,51.503274],[-0.025783,51.503235],[-0.025783,51.503233],[-0.025789,51.50321],[-0.025869,51.50322],[-0.025855,51.503268],[-0.025885,51.503272],[-0.025899,51.503223],[-0.026054,51.503239],[-0.026054,51.503243],[-0.026057,51.503247],[-0.026059,51.503248],[-0.026061,51.50325],[-0.026067,51.503253],[-0.02607,51.503255],[-0.026075,51.503256],[-0.02608,51.503257],[-0.026085,51.503258],[-0.026089,51.503258],[-0.0261,51.503259],[-0.026144,51.503265],[-0.026158,51.503265],[-0.026168,51.503263],[-0.026183,51.503261],[-0.026205,51.503259],[-0.026216,51.503258],[-0.026225,51.503259],[-0.026238,51.50326],[-0.026249,51.503261],[-0.026258,51.503262],[-0.026268,51.503263],[-0.026349,51.503274],[-0.02641,51.503283],[-0.026466,51.503293],[-0.026571,51.503312],[-0.026625,51.503324],[-0.026729,51.503348],[-0.026819,51.503369],[-0.026871,51.503384],[-0.026898,51.503392],[-0.026912,51.503397],[-0.026922,51.503401],[-0.02694,51.503409],[-0.026961,51.503419],[-0.026964,51.503422],[-0.026966,51.503425],[-0.026968,51.503431],[-0.026968,51.503435],[-0.026936,51.503526],[-0.02695,51.503529],[-0.027021,51.503539],[-0.027218,51.503659],[-0.027226,51.503678],[-0.027455,51.504166],[-0.027469,51.504197],[-0.02749,51.504241],[-0.027537,51.504346],[-0.027563,51.504403],[-0.027572,51.504422],[-0.02758,51.50444],[-0.027596,51.504474],[-0.027788,51.504883],[-0.027868,51.504986],[-0.027914,51.505009],[-0.027958,51.505034],[-0.027991,51.505054]]]]}},
{"type":"Feature","properties":{"fid":1882,"OBJECTID":1882,"Shape_Length":1051.3272236848848,"Shape_Area":52522.00129723457,"in_cw":true,"whole_in_zone":true},"geometry":{"type":"MultiPolygon","coordinates":[[[[-0.015921,51.497909],[-0.015576,51.500052],[-0.013677,51.499798],[-0.01222,51.499652],[-0.011171,51.49957],[-0.011109,51.499426],[-0.011037,51.499323],[-0.011053,51.499309],[-0.011275,51.49912],[-0.011313,51.499091],[-0.011394,51.499016],[-0.011604,51.499119],[-0.011683,51.49907],[-0.01175,51.499012],[-0.01185,51.499057],[-0.011833,51.498901],[-0.012027,51.498812],[-0.012278,51.498906],[-0.013218,51.498256],[-0.013757,51.498222],[-0.013846,51.497753],[-0.015921,51.497909]]]]}},
{"type":"Feature","properties":{"fid":1883,"OBJECTID":1883,"Shape_Length":1337.1275885302928,"Shape_Area":36071.14237708404,"in_cw":true,"whole_in_zone":true},"geometry":{"type":"MultiPolygon","coordinates":[[[[-0.01593,51.500329],[-0.015789,51.501198],[-0.013582,51.500932],[-0.013732,51.50037],[-0.012483,51.500178],[-0.012273,51.500788],[-0.01126,51.500685],[-0.011362,51.50043],[-0.010451,51.500343],[-0.010418,51.500585],[-0.01036,51.500592],[-0.010352,51.500513],[-0.009658,51.500437],[-0.009753,51.499839],[-0.010421,51.499729],[-0.010652,51.499676],[-0.011076,51.499647],[-0.011681,51.499679],[-0.012125,51.499722],[-0.01259,51.499801],[-0.012531,51.500114],[-0.01385,51.500287],[-0.013946,51.499931],[-0.016074,51.500174],[-0.016071,51.500239],[-0.01593,51.500329]]]]}},
{"type":"Feature","properties":{"fid":1884,"OBJECTID":1884,"Shape_Length":1427.1388262603994,"Shape_Area":68287.0565217136,"in_cw":true,"whole_in_zone":true},"geometry":{"type":"MultiPolygon","coordinates":[[[[-0.02537,51.501545],[-0.024479,51.501501],[-0.024414,51.502221],[-0.022834,51.501995],[-0.017622,51.5014],[-0.017951,51.500399],[-0.018339,51.500413],[-0.018909,51.500465],[-0.019545,51.500569],[-0.020849,51.500833],[-0.020922,51.500456],[-0.024362,51.500514],[-0.024318,51.500749],[-0.024204,51.50074],[-0.024212,51.501069],[-0.025411,51.501117],[-0.02537,51.501545]]]]}},
{"type":"Feature","properties":{"fid":1885,"OBJECTID":1885,"Shape_Length":1190.3357078714655,"Shape_Area":61633.86621008305,"in_cw":false,"whole_in_zone":true},"geometry":{"type":"MultiPolygon","coordinates":[[[[-0.014988,51.493877],[-0.015007,51.493877],[-0.015007,51.493877],[-0.015012,51.493879],[-0.015017,51.493881],[-0.015017,51.493881],[-0.01502,51.493884],[-0.015023,51.493887],[-0.015023,51.49389],[-0.015023,51.49389],[-0.015017,51.493953],[-0.015052,51.493955],[-0.015083,51.493956],[-0.015089,51.493957],[-0.015093,51.493957],[-0.015097,51.493958],[-0.0151,51.49396],[-0.015103,51.493961],[-0.015109,51.493966],[-0.015112,51.493968],[-0.015113,51.49397],[-0.015114,51.493973],[-0.015115,51.493975],[-0.015115,51.49398],[-0.015115,51.493983],[-0.015114,51.493986],[-0.015113,51.493988],[-0.015112,51.493991],[-0.015112,51.493991],[-0.015048,51.494375],[-0.015047,51.494383],[-0.014937,51.494376],[-0.014929,51.494429],[-0.015039,51.494435],[-0.015039,51.494435],[-0.015015,51.494588],[-0.015015,51.494588],[-0.014904,51.494581],[-0.014896,51.494634],[-0.014966,51.494639],[-0.015007,51.494642],[-0.015007,51.494642],[-0.01513,51.49465],[-0.015152,51.494651],[-0.015207,51.494655],[-0.015257,51.494658],[-0.015414,51.494668],[-0.01543,51.494669],[-0.015444,51.494669],[-0.015452,51.49467],[-0.015455,51.49467],[-0.015461,51.494671],[-0.01547,51.494676],[-0.01547,51.494676],[-0.015477,51.494681],[-0.015483,51.494688],[-0.015478,51.494714],[-0.015463,51.49482],[-0.015458,51.494846],[-0.015455,51.494866],[-0.01542,51.494865],[-0.01542,51.494865],[-0.015396,51.495017],[-0.01543,51.49502],[-0.015429,51.495027],[-0.015428,51.495033],[-0.015414,51.49512],[-0.015413,51.495127],[-0.015396,51.495235],[-0.015391,51.495257],[-0.01539,51.495264],[-0.01539,51.495264],[-0.015387,51.495281],[-0.015386,51.495282],[-0.015386,51.495284],[-0.015386,51.495286],[-0.015385,51.495288],[-0.015384,51.49529],[-0.015384,51.495291],[-0.015383,51.495293],[-0.01538,51.495298],[-0.015378,51.495302],[-0.015375,51.495305],[-0.015374,51.495306],[-0.01537,51.495312],[-0.015368,51.495314],[-0.015361,51.495321],[-0.015359,51.495323],[-0.015358,51.495324],[-0.015356,51.495325],[-0.015354,51.495327],[-0.015352,51.495328],[-0.015349,51.49533],[-0.015348,51.495331],[-0.015345,51.495333],[-0.015341,51.495335],[-0.015339,51.495336],[-0.015337,51.495337],[-0.015335,51.495338],[-0.015334,51.495338],[-0.015332,51.495339],[-0.015329,51.495341],[-0.015326,51.495341],[-0.015324,51.495342],[-0.015324,51.495342],[-0.015318,51.495344],[-0.015315,51.495344],[-0.015313,51.495345],[-0.015313,51.495345],[-0.015313,51.495345],[-0.01531,51.495346],[-0.015302,51.495347],[-0.015302,51.495347],[-0.015298,51.495347],[-0.015295,51.495348],[-0.015292,51.495348],[-0.015292,51.495348],[-0.015275,51.495349],[-0.01525,51.495347],[-0.015192,51.495344],[-0.015191,51.495344],[-0.015051,51.495335],[-0.0148,51.495319],[-0.0148,51.495319],[-0.01458,51.495305],[-0.014064,51.495279],[-0.014049,51.495389],[-0.014041,51.495394],[-0.014019,51.495549],[-0.014004,51.495616],[-0.013997,51.495647],[-0.013976,51.495708],[-0.013965,51.495705],[-0.013963,51.495704],[-0.013892,51.495685],[-0.01381,51.495663],[-0.013731,51.495642],[-0.013717,51.495639],[-0.01365,51.495621],[-0.013578,51.495601],[-0.013585,51.495589],[-0.013489,51.495565],[-0.013472,51.495561],[-0.013462,51.495559],[-0.013456,51.495557],[-0.013446,51.495555],[-0.013436,51.495553],[-0.013426,51.495551],[-0.013421,51.495549],[-0.013388,51.495543],[-0.013352,51.495534],[-0.013328,51.495528],[-0.013299,51.49552],[-0.01329,51.495517],[-0.013098,51.495466],[-0.012797,51.495386],[-0.012802,51.495379],[-0.012575,51.495324],[-0.012602,51.495281],[-0.012488,51.495253],[-0.012522,51.495201],[-0.012511,51.495198],[-0.012508,51.495197],[-0.012475,51.495189],[-0.012434,51.495241],[-0.01225,51.495518],[-0.011904,51.495429],[-0.012073,51.495172],[-0.012075,51.495148],[-0.01208,51.495145],[-0.012047,51.495146],[-0.012044,51.495146],[-0.01204,51.495147],[-0.012035,51.495148],[-0.01203,51.49515],[-0.012025,51.495151],[-0.012022,51.495153],[-0.012017,51.495156],[-0.012013,51.495159],[-0.01201,51.495163],[-0.012007,51.495166],[-0.011995,51.495179],[-0.011928,51.495162],[-0.01186,51.495144],[-0.011792,51.495126],[-0.011726,51.49511],[-0.011683,51.495099],[-0.011643,51.495088],[-0.011616,51.495082],[-0.011555,51.495066],[-0.011484,51.495047],[-0.011455,51.49504],[-0.011455,51.49504],[-0.011416,51.49503],[-0.011348,51.495012],[-0.011287,51.494996],[-0.011215,51.494978],[-0.011184,51.49497],[-0.010956,51.49491],[-0.010828,51.494876],[-0.010824,51.494875],[-0.010749,51.494855],[-0.010755,51.494831],[-0.010756,51.49483],[-0.010751,51.494797],[-0.01076,51.494742],[-0.010806,51.494454],[-0.010846,51.494206],[-0.010846,51.494206],[-0.010857,51.49414],[-0.010883,51.493976],[-0.010884,51.493973],[-0.010925,51.493715],[-0.01093,51.493693],[-0.010936,51.49366],[-0.010938,51.493634],[-0.010938,51.493633],[-0.010938,51.493631],[-0.010939,51.493629],[-0.010972,51.493625],[-0.011029,51.493618],[-0.01103,51.493617],[-0.011031,51.493611],[-0.011034,51.493605],[-0.011036,51.493599],[-0.011039,51.493593],[-0.011042,51.493587],[-0.011046,51.493581],[-0.011049,51.493575],[-0.011057,51.493564],[-0.01106,51.49356],[-0.011062,51.493558],[-0.011065,51.493554],[-0.011073,51.493544],[-0.011082,51.493534],[-0.011094,51.493522],[-0.011106,51.493511],[-0.011118,51.493499],[-0.011144,51.493477],[-0.011156,51.493468],[-0.011168,51.493458],[-0.01118,51.493449],[-0.011207,51.49343],[-0.01122,51.493422],[-0.011235,51.493413],[-0.011254,51.493401],[-0.011265,51.493395],[-0.011276,51.49339],[-0.011286,51.493384],[-0.011298,51.493378],[-0.011309,51.493373],[-0.011321,51.493367],[-0.01133,51.493363],[-0.01135,51.493356],[-0.011371,51.493349],[-0.011392,51.493342],[-0.011413,51.493335],[-0.011434,51.493329],[-0.011436,51.493329],[-0.011447,51.493326],[-0.011467,51.49332],[-0.011477,51.493317],[-0.011488,51.493314],[-0.011499,51.493312],[-0.01151,51.49331],[-0.011512,51.493309],[-0.01152,51.493307],[-0.011529,51.493306],[-0.011537,51.493305],[-0.011564,51.493301],[-0.011581,51.4933],[-0.011587,51.493299],[-0.011596,51.493299],[-0.011602,51.493298],[-0.011973,51.493322],[-0.011975,51.493322],[-0.012664,51.493366],[-0.012665,51.493366],[-0.013513,51.493421],[-0.013554,51.493424],[-0.013556,51.493424],[-0.014157,51.493464],[-0.01426,51.49347],[-0.014289,51.493472],[-0.014302,51.493472],[-0.014327,51.493474],[-0.014336,51.493474],[-0.014356,51.493485],[-0.014348,51.49354],[-0.014342,51.493536],[-0.0143,51.493829],[-0.014298,51.493842],[-0.014756,51.493863],[-0.014756,51.493863],[-0.014956,51.493876],[-0.014957,51.493865],[-0.014988,51.493877]]],[[[-0.014342,51.493473],[-0.014344,51.493472],[-0.014343,51.493473],[-0.014342,51.493473]]],[[[-0.012569,51.495324],[-0.01257,51.495322],[-0.012575,51.495323],[-0.012569,51.495324]]]]}},
{"type":"Feature","properties":{"fid":1886,"OBJECTID":1886,"Shape_Length":1232.6301618293512,"Shape_Area":61994.93648175294,"in_cw":false,"whole_in_zone":true},"geometry":{"type":"MultiPolygon","coordinates":[[[[-0.021571,51.495721],[-0.021539,51.495722],[-0.021506,51.495722],[-0.021453,51.495724],[-0.021261,51.495727],[-0.021185,51.495728],[-0.02111,51.495729],[-0.021034,51.49573],[-0.020957,51.495732],[-0.020897,51.495732],[-0.020836,51.495733],[-0.020759,51.495735],[-0.020681,51.495735],[-0.020616,51.495737],[-0.020608,51.495737],[-0.020531,51.495739],[-0.020524,51.495739],[-0.020453,51.49574],[-0.020252,51.495744],[-0.020231,51.495747],[-0.02014,51.495749],[-0.020079,51.495751],[-0.020017,51.495752],[-0.019956,51.495753],[-0.019895,51.495755],[-0.019833,51.495756],[-0.019774,51.495757],[-0.019774,51.495762],[-0.019762,51.495766],[-0.019764,51.495791],[-0.019714,51.495825],[-0.019681,51.495848],[-0.019655,51.495866],[-0.019479,51.495988],[-0.019454,51.495973],[-0.019372,51.495926],[-0.019345,51.49591],[-0.019326,51.495899],[-0.019355,51.495877],[-0.019356,51.495876],[-0.019357,51.495875],[-0.019359,51.495874],[-0.019359,51.495873],[-0.019361,51.495872],[-0.019362,51.495871],[-0.019362,51.49587],[-0.019363,51.495868],[-0.019364,51.495867],[-0.019365,51.495866],[-0.019365,51.495862],[-0.019366,51.495861],[-0.019366,51.495856],[-0.019375,51.49581],[-0.019393,51.495689],[-0.019399,51.49565],[-0.019423,51.495492],[-0.019446,51.495351],[-0.019471,51.495193],[-0.019486,51.495111],[-0.019487,51.495105],[-0.019488,51.495096],[-0.019499,51.495032],[-0.019505,51.495001],[-0.019541,51.494776],[-0.019566,51.49461],[-0.019583,51.494502],[-0.019591,51.494458],[-0.019689,51.494465],[-0.019699,51.494465],[-0.0197,51.494464],[-0.019702,51.494464],[-0.019705,51.494464],[-0.019712,51.494462],[-0.019717,51.49446],[-0.019718,51.49446],[-0.019722,51.494458],[-0.019723,51.494457],[-0.019724,51.494456],[-0.019726,51.494454],[-0.019726,51.494452],[-0.019727,51.49445],[-0.019728,51.494449],[-0.019729,51.494447],[-0.01973,51.494445],[-0.019732,51.494441],[-0.019733,51.494439],[-0.019734,51.494437],[-0.019734,51.494435],[-0.019735,51.494422],[-0.019736,51.494419],[-0.019736,51.494416],[-0.019737,51.49441],[-0.019739,51.494404],[-0.01974,51.494397],[-0.019743,51.49439],[-0.019745,51.494385],[-0.019747,51.49438],[-0.019752,51.494371],[-0.019755,51.494367],[-0.019758,51.494362],[-0.01976,51.494358],[-0.019763,51.494354],[-0.019767,51.494349],[-0.019771,51.494346],[-0.019773,51.494343],[-0.019782,51.494334],[-0.019787,51.494329],[-0.019792,51.494324],[-0.019802,51.494315],[-0.019806,51.494313],[-0.019813,51.494308],[-0.019825,51.494299],[-0.019838,51.494291],[-0.019844,51.494288],[-0.01985,51.494285],[-0.019856,51.494282],[-0.019862,51.494279],[-0.019869,51.494276],[-0.019876,51.494273],[-0.019887,51.494269],[-0.019909,51.494261],[-0.019916,51.494259],[-0.019919,51.494259],[-0.019928,51.494187],[-0.020098,51.494197],[-0.020246,51.494206],[-0.020545,51.494223],[-0.020681,51.49423],[-0.023957,51.494438],[-0.023946,51.4945],[-0.024769,51.494562],[-0.024815,51.494523],[-0.024824,51.494482],[-0.024853,51.494412],[-0.024861,51.494352],[-0.024876,51.494447],[-0.024878,51.49448],[-0.024921,51.494533],[-0.024963,51.494586],[-0.025062,51.494674],[-0.025069,51.494679],[-0.025075,51.494683],[-0.025085,51.494693],[-0.025096,51.494703],[-0.025101,51.494707],[-0.025107,51.494713],[-0.025112,51.494718],[-0.025116,51.49472],[-0.025122,51.494725],[-0.025128,51.49473],[-0.025203,51.494798],[-0.025204,51.494799],[-0.025204,51.494801],[-0.025389,51.49497],[-0.0254,51.494978],[-0.025413,51.494988],[-0.025449,51.495021],[-0.025465,51.495039],[-0.02548,51.495054],[-0.025482,51.495057],[-0.025491,51.495064],[-0.025492,51.495065],[-0.025499,51.495074],[-0.025502,51.495078],[-0.025506,51.495082],[-0.025508,51.495084],[-0.025509,51.495086],[-0.02551,51.495088],[-0.02551,51.49509],[-0.025509,51.495094],[-0.025507,51.495097],[-0.025506,51.495101],[-0.025504,51.495103],[-0.025501,51.495105],[-0.025497,51.495108],[-0.025499,51.495113],[-0.025503,51.495117],[-0.025512,51.495135],[-0.025517,51.495147],[-0.025522,51.495166],[-0.025526,51.495186],[-0.025532,51.495257],[-0.02555,51.495403],[-0.025551,51.495403],[-0.025553,51.495404],[-0.025556,51.495407],[-0.025558,51.495412],[-0.02556,51.495414],[-0.02556,51.495417],[-0.025565,51.495452],[-0.025569,51.495495],[-0.025575,51.495551],[-0.02555,51.495552],[-0.025399,51.495558],[-0.02533,51.49556],[-0.025241,51.495564],[-0.025148,51.495575],[-0.02506,51.495585],[-0.024969,51.495596],[-0.024878,51.495606],[-0.024886,51.495661],[-0.024892,51.495727],[-0.024906,51.49583],[-0.024846,51.495832],[-0.024666,51.495838],[-0.024666,51.495839],[-0.024664,51.495866],[-0.024586,51.495878],[-0.024266,51.495926],[-0.024233,51.495841],[-0.024223,51.495842],[-0.024192,51.495834],[-0.024137,51.495658],[-0.024009,51.495674],[-0.023985,51.495677],[-0.023825,51.49568],[-0.023796,51.495681],[-0.023753,51.495682],[-0.023564,51.495685],[-0.023505,51.495686],[-0.023502,51.495686],[-0.023445,51.495687],[-0.023408,51.495687],[-0.02337,51.495688],[-0.023334,51.495689],[-0.023297,51.495689],[-0.023244,51.49569],[-0.023184,51.495691],[-0.023068,51.495693],[-0.022963,51.495695],[-0.0229,51.495696],[-0.022851,51.495697],[-0.022838,51.495697],[-0.022838,51.495703],[-0.022801,51.495704],[-0.022765,51.495705],[-0.02273,51.495705],[-0.022694,51.495706],[-0.022693,51.495699],[-0.022635,51.4957],[-0.022575,51.495701],[-0.022513,51.495702],[-0.022466,51.495703],[-0.022306,51.495706],[-0.02214,51.495708],[-0.022071,51.49571],[-0.022063,51.49571],[-0.021571,51.495721]]]]}},
{"type":"Feature","properties":{"fid":1888,"OBJECTID":1888,"Shape_Length":984.6524547716726,"Shape_Area":40224.878585046674,"in_cw":false,"whole_in_zone":true},"geometry":{"type":"MultiPolygon","coordinates":[[[[-0.018875,51.497486],[-0.018874,51.497486],[-0.018871,51.497486],[-0.018868,51.497485],[-0.018865,51.497485],[-0.018844,51.497484],[-0.018841,51.497502],[-0.018689,51.497491],[-0.018663,51.497496],[-0.018663,51.497497],[-0.018582,51.497492],[-0.018581,51.4975],[-0.018548,51.497498],[-0.018549,51.49749],[-0.018538,51.497489],[-0.018409,51.497481],[-0.01803,51.497458],[-0.017859,51.497447],[-0.017857,51.497447],[-0.017776,51.497442],[-0.017625,51.497433],[-0.017623,51.497433],[-0.017479,51.497413],[-0.017519,51.49716],[-0.017591,51.496716],[-0.017595,51.496695],[-0.017614,51.496579],[-0.01763,51.496479],[-0.01763,51.496476],[-0.017668,51.496479],[-0.017691,51.496336],[-0.017717,51.496029],[-0.01775,51.495837],[-0.017784,51.495639],[-0.017804,51.495512],[-0.017813,51.495454],[-0.017816,51.495437],[-0.017834,51.495326],[-0.017841,51.495289],[-0.017844,51.495272],[-0.017855,51.495203],[-0.017905,51.494902],[-0.017946,51.494664],[-0.017946,51.494657],[-0.017947,51.494655],[-0.017947,51.494652],[-0.017948,51.49465],[-0.01795,51.494647],[-0.01795,51.494645],[-0.017952,51.494641],[-0.017954,51.494639],[-0.017954,51.494637],[-0.017957,51.494634],[-0.017959,51.494631],[-0.017961,51.494629],[-0.017963,51.494627],[-0.017965,51.494625],[-0.017966,51.494624],[-0.017971,51.49462],[-0.017978,51.494616],[-0.01798,51.494615],[-0.017982,51.494614],[-0.017994,51.494607],[-0.018008,51.4946],[-0.0183,51.494453],[-0.018518,51.494343],[-0.018593,51.494305],[-0.018888,51.494157],[-0.018901,51.49415],[-0.018916,51.494144],[-0.018927,51.494141],[-0.018943,51.494136],[-0.018959,51.494133],[-0.018971,51.494131],[-0.018989,51.49413],[-0.019015,51.494131],[-0.019498,51.49416],[-0.019928,51.494187],[-0.019919,51.494259],[-0.019916,51.494259],[-0.019909,51.494261],[-0.019887,51.494269],[-0.019876,51.494273],[-0.019869,51.494276],[-0.019862,51.494279],[-0.019856,51.494282],[-0.01985,51.494285],[-0.019844,51.494288],[-0.019838,51.494291],[-0.019825,51.494299],[-0.019813,51.494308],[-0.019806,51.494313],[-0.019802,51.494315],[-0.019792,51.494324],[-0.019787,51.494329],[-0.019782,51.494334],[-0.019773,51.494343],[-0.019771,51.494346],[-0.019767,51.494349],[-0.019763,51.494354],[-0.01976,51.494358],[-0.019758,51.494362],[-0.019755,51.494367],[-0.019752,51.494371],[-0.019747,51.49438],[-0.019745,51.494385],[-0.019743,51.49439],[-0.01974,51.494397],[-0.019739,51.494404],[-0.019737,51.49441],[-0.019736,51.494416],[-0.019736,51.494419],[-0.019735,51.494422],[-0.019734,51.494435],[-0.019734,51.494437],[-0.019733,51.494439],[-0.019732,51.494441],[-0.01973,51.494445],[-0.019729,51.494447],[-0.019728,51.494449],[-0.019727,51.49445],[-0.019726,51.494452],[-0.019726,51.494454],[-0.019724,51.494456],[-0.019723,51.494457],[-0.019722,51.494458],[-0.019718,51.49446],[-0.019717,51.49446],[-0.019712,51.494462],[-0.019705,51.494464],[-0.019702,51.494464],[-0.0197,51.494464],[-0.019699,51.494465],[-0.019689,51.494465],[-0.019591,51.494458],[-0.019583,51.494502],[-0.019566,51.49461],[-0.019541,51.494776],[-0.019518,51.494917],[-0.019505,51.495001],[-0.019499,51.495032],[-0.019488,51.495096],[-0.019487,51.495105],[-0.019486,51.495111],[-0.019471,51.495193],[-0.019446,51.495351],[-0.019423,51.495492],[-0.019399,51.49565],[-0.019393,51.495689],[-0.019375,51.49581],[-0.019366,51.495856],[-0.019366,51.495861],[-0.019365,51.495862],[-0.019365,51.495866],[-0.019364,51.495867],[-0.019363,51.495868],[-0.019362,51.49587],[-0.019362,51.495871],[-0.019361,51.495872],[-0.019359,51.495873],[-0.019359,51.495874],[-0.019357,51.495875],[-0.019356,51.495876],[-0.019355,51.495877],[-0.019326,51.495899],[-0.019345,51.49591],[-0.019372,51.495926],[-0.019454,51.495973],[-0.01945,51.495977],[-0.019432,51.495989],[-0.01943,51.49599],[-0.019428,51.495992],[-0.019427,51.495993],[-0.019424,51.495995],[-0.019423,51.495997],[-0.019422,51.495998],[-0.01942,51.496001],[-0.019419,51.496002],[-0.019419,51.496004],[-0.019419,51.496005],[-0.019418,51.496007],[-0.019418,51.496008],[-0.019417,51.49601],[-0.019417,51.496011],[-0.019416,51.496013],[-0.019416,51.496017],[-0.019415,51.49602],[-0.019415,51.496023],[-0.019415,51.496023],[-0.019414,51.496026],[-0.019414,51.496029],[-0.019414,51.496032],[-0.019414,51.496035],[-0.019415,51.496038],[-0.019415,51.496039],[-0.019418,51.496051],[-0.019421,51.496062],[-0.019422,51.496065],[-0.019422,51.496071],[-0.019422,51.496079],[-0.019421,51.496081],[-0.01942,51.496084],[-0.01942,51.496086],[-0.019419,51.496088],[-0.019418,51.496092],[-0.019417,51.496095],[-0.019415,51.496098],[-0.019414,51.496101],[-0.019412,51.496104],[-0.01941,51.496107],[-0.019409,51.49611],[-0.019408,51.496111],[-0.019405,51.496115],[-0.019403,51.49612],[-0.019396,51.496128],[-0.019393,51.496132],[-0.019388,51.496136],[-0.019382,51.496141],[-0.019379,51.496142],[-0.019367,51.496149],[-0.019355,51.496156],[-0.01934,51.496164],[-0.019334,51.496166],[-0.019321,51.496171],[-0.019318,51.496173],[-0.019306,51.496181],[-0.019304,51.496182],[-0.019301,51.496184],[-0.019298,51.496186],[-0.019294,51.49619],[-0.019291,51.496192],[-0.019288,51.496195],[-0.019285,51.496198],[-0.019282,51.4962],[-0.019281,51.496201],[-0.019276,51.496207],[-0.019275,51.496209],[-0.019274,51.496211],[-0.019273,51.496213],[-0.019272,51.496215],[-0.019271,51.496217],[-0.019271,51.49622],[-0.019269,51.496224],[-0.019269,51.496226],[-0.019268,51.496228],[-0.019268,51.496229],[-0.019268,51.496233],[-0.019264,51.496258],[-0.019263,51.496268],[-0.019258,51.4963],[-0.019253,51.496337],[-0.019246,51.496386],[-0.019233,51.496474],[-0.01921,51.496626],[-0.019206,51.49665],[-0.019192,51.496738],[-0.019161,51.496923],[-0.019153,51.496971],[-0.01912,51.497179],[-0.019098,51.497315],[-0.019086,51.49739],[-0.01908,51.497427],[-0.01908,51.497429],[-0.019079,51.497437],[-0.019078,51.497443],[-0.019076,51.497458],[-0.019073,51.497481],[-0.019069,51.497521],[-0.018924,51.497523],[-0.018924,51.497521],[-0.018924,51.49752],[-0.018923,51.497516],[-0.018922,51.497514],[-0.018922,51.497512],[-0.018919,51.49751],[-0.018918,51.497508],[-0.018914,51.497504],[-0.018912,51.497502],[-0.018911,51.497501],[-0.018908,51.4975],[-0.018906,51.497499],[-0.018905,51.497497],[-0.018904,51.497496],[-0.018901,51.497495],[-0.018899,51.497494],[-0.018893,51.497491],[-0.01889,51.49749],[-0.018888,51.49749],[-0.018886,51.497489],[-0.018883,51.497488],[-0.018881,51.497488],[-0.018878,51.497487],[-0.018875,51.497486]]]]}},
{"type":"Feature","properties":{"fid":1889,"OBJECTID":1889,"Shape_Length":1310.1101103443712,"Shape_Area":57567.107843145706,"in_cw":false,"whole_in_zone":true},"geometry":{"type":"MultiPolygon","coordinates":[[[[-0.0073,51.517125],[-0.007639,51.517112],[-0.007921,51.517101],[-0.008013,51.517098],[-0.008062,51.517096],[-0.008457,51.517082],[-0.008786,51.517069],[-0.008795,51.517068],[-0.008805,51.517069],[-0.008816,51.517068],[-0.008824,51.517068],[-0.008831,51.517068],[-0.008832,51.517068],[-0.008978,51.517061],[-0.008985,51.517118],[-0.009008,51.517335],[-0.009018,51.517451],[-0.009035,51.517599],[-0.009036,51.517608],[-0.009038,51.517616],[-0.009041,51.517623],[-0.009045,51.517629],[-0.009049,51.517635],[-0.009053,51.51764],[-0.009055,51.517641],[-0.00906,51.517644],[-0.009065,51.517646],[-0.009075,51.517649],[-0.009078,51.51765],[-0.009082,51.51765],[-0.009291,51.51764],[-0.009304,51.51764],[-0.009317,51.517638],[-0.009328,51.517635],[-0.00934,51.517632],[-0.009344,51.517631],[-0.009536,51.518087],[-0.009553,51.518132],[-0.009565,51.518162],[-0.009613,51.518285],[-0.009625,51.518314],[-0.009654,51.518385],[-0.009699,51.518471],[-0.009707,51.518471],[-0.00973,51.518542],[-0.009714,51.518544],[-0.009712,51.518539],[-0.009529,51.518561],[-0.009526,51.518561],[-0.009436,51.518573],[-0.009372,51.518581],[-0.0093,51.518591],[-0.009161,51.518597],[-0.009163,51.51862],[-0.00918,51.518797],[-0.009388,51.51877],[-0.009435,51.518765],[-0.009588,51.518746],[-0.009616,51.518743],[-0.009769,51.518724],[-0.009841,51.518944],[-0.009914,51.518935],[-0.009914,51.518933],[-0.009978,51.519108],[-0.009971,51.519108],[-0.009993,51.519178],[-0.009994,51.51918],[-0.010023,51.519273],[-0.010016,51.519274],[-0.010002,51.519275],[-0.00999,51.519276],[-0.009968,51.519278],[-0.009946,51.519279],[-0.009928,51.519281],[-0.00991,51.519282],[-0.009831,51.519286],[-0.009823,51.519286],[-0.009825,51.519301],[-0.009831,51.519369],[-0.009832,51.519381],[-0.009972,51.519451],[-0.009973,51.519451],[-0.009987,51.519459],[-0.009953,51.519611],[-0.00991,51.519607],[-0.009909,51.519616],[-0.009649,51.519591],[-0.009572,51.519593],[-0.009514,51.519594],[-0.009305,51.519597],[-0.009207,51.519598],[-0.009199,51.5196],[-0.009191,51.519603],[-0.009169,51.519612],[-0.009147,51.519619],[-0.009131,51.519625],[-0.009114,51.519631],[-0.009105,51.519635],[-0.009095,51.519639],[-0.009056,51.519656],[-0.009041,51.519664],[-0.009025,51.519672],[-0.009021,51.519674],[-0.009017,51.519676],[-0.009013,51.519679],[-0.00901,51.519681],[-0.009002,51.519684],[-0.008947,51.519658],[-0.008891,51.519632],[-0.008839,51.519607],[-0.008788,51.519584],[-0.008731,51.519557],[-0.008673,51.519529],[-0.008632,51.51951],[-0.008589,51.51949],[-0.008554,51.519473],[-0.00852,51.519457],[-0.008489,51.519441],[-0.008459,51.519426],[-0.008411,51.519402],[-0.008364,51.519378],[-0.008305,51.519348],[-0.008247,51.519318],[-0.008177,51.519282],[-0.008108,51.519247],[-0.008079,51.519233],[-0.008029,51.519207],[-0.007951,51.519166],[-0.007883,51.519131],[-0.007855,51.519117],[-0.007759,51.519067],[-0.007699,51.519037],[-0.007639,51.519006],[-0.007611,51.518991],[-0.007584,51.518977],[-0.007575,51.518972],[-0.007565,51.518967],[-0.007535,51.518947],[-0.007512,51.518932],[-0.007488,51.518917],[-0.007449,51.518892],[-0.007411,51.518869],[-0.007391,51.518856],[-0.007371,51.518843],[-0.007336,51.51882],[-0.007303,51.518797],[-0.007278,51.51878],[-0.007169,51.5187],[-0.007146,51.518682],[-0.007082,51.51863],[-0.007059,51.518612],[-0.007031,51.518587],[-0.007003,51.518561],[-0.006968,51.518528],[-0.006933,51.518495],[-0.006902,51.518468],[-0.006843,51.518415],[-0.006815,51.51839],[-0.006794,51.51837],[-0.00679,51.518366],[-0.006786,51.518363],[-0.006772,51.518351],[-0.006757,51.518335],[-0.006741,51.518319],[-0.006724,51.518299],[-0.006707,51.518278],[-0.006689,51.518258],[-0.006672,51.518238],[-0.006641,51.5182],[-0.006609,51.518161],[-0.00657,51.518112],[-0.006533,51.518062],[-0.006504,51.518024],[-0.006476,51.517985],[-0.006401,51.517883],[-0.006375,51.517845],[-0.006367,51.517833],[-0.006358,51.517821],[-0.006332,51.517822],[-0.006279,51.517678],[-0.006276,51.517671],[-0.006273,51.517664],[-0.006271,51.51766],[-0.00627,51.517655],[-0.00627,51.51765],[-0.006269,51.517644],[-0.006268,51.517637],[-0.006268,51.517631],[-0.006257,51.517543],[-0.006277,51.517542],[-0.006294,51.517319],[-0.006294,51.517306],[-0.006295,51.517293],[-0.006296,51.51728],[-0.006297,51.517268],[-0.006298,51.51724],[-0.006298,51.517226],[-0.006299,51.517211],[-0.006301,51.517108],[-0.006301,51.517074],[-0.006301,51.517024],[-0.006299,51.516998],[-0.006297,51.516972],[-0.006295,51.516947],[-0.006291,51.516922],[-0.00629,51.516897],[-0.006286,51.516872],[-0.006284,51.516853],[-0.006283,51.516833],[-0.006283,51.516831],[-0.006283,51.516825],[-0.006281,51.516818],[-0.006276,51.516805],[-0.006271,51.516791],[-0.006264,51.516775],[-0.006255,51.51676],[-0.006245,51.516738],[-0.006235,51.516716],[-0.006217,51.516679],[-0.006191,51.516625],[-0.006183,51.516606],[-0.005989,51.516427],[-0.005973,51.51642],[-0.006095,51.516249],[-0.006178,51.516134],[-0.006215,51.516083],[-0.006388,51.515845],[-0.006404,51.515849],[-0.006546,51.515888],[-0.006589,51.5159],[-0.006743,51.515942],[-0.006797,51.515957],[-0.006949,51.515999],[-0.00701,51.516016],[-0.00714,51.516051],[-0.007187,51.516064],[-0.007213,51.516294],[-0.007246,51.516613],[-0.00724,51.516614],[-0.007246,51.516679],[-0.007251,51.516679],[-0.007273,51.516883],[-0.007268,51.516883],[-0.007273,51.516945],[-0.007279,51.516945],[-0.007285,51.517002],[-0.007287,51.517028],[-0.007297,51.517118],[-0.0073,51.517125]],[[-0.00731,51.517145],[-0.0073,51.517125],[-0.007297,51.517125],[-0.007299,51.517145],[-0.00731,51.517145]]]]}},
{"type":"Feature","properties":{"fid":1890,"OBJECTID":1890,"Shape_Length":1232.133386176364,"Shape_Area":85630.28976750665,"in_cw":false,"whole_in_zone":true},"geometry":{"type":"MultiPolygon","coordinates":[[[[-0.005575,51.516252],[-0.005573,51.516253],[-0.005558,51.516272],[-0.005547,51.516269],[-0.005536,51.516267],[-0.005522,51.516263],[-0.00551,51.516259],[-0.0055,51.516255],[-0.005489,51.516251],[-0.005484,51.51625],[-0.00548,51.516249],[-0.005313,51.516241],[-0.005132,51.516235],[-0.005125,51.516235],[-0.005111,51.516237],[-0.00508,51.516244],[-0.004885,51.516284],[-0.004634,51.516337],[-0.004612,51.516342],[-0.004597,51.516345],[-0.004315,51.516404],[-0.004244,51.516499],[-0.004141,51.516646],[-0.003825,51.517086],[-0.003702,51.517262],[-0.00357,51.517445],[-0.003562,51.517457],[-0.003542,51.517483],[-0.003521,51.517509],[-0.0035,51.517535],[-0.003477,51.517562],[-0.003467,51.517572],[-0.003448,51.517591],[-0.003428,51.517609],[-0.003405,51.517627],[-0.003381,51.517644],[-0.003357,51.517659],[-0.003331,51.517674],[-0.003316,51.517681],[-0.003312,51.517682],[-0.003291,51.517691],[-0.003157,51.517743],[-0.003139,51.517748],[-0.003123,51.517753],[-0.003118,51.517755],[-0.0031,51.517761],[-0.003076,51.517767],[-0.003054,51.517772],[-0.003028,51.517776],[-0.003002,51.517779],[-0.00295,51.517784],[-0.002899,51.517788],[-0.002871,51.51779],[-0.002865,51.51779],[-0.002858,51.517791],[-0.00285,51.517792],[-0.002842,51.517791],[-0.002833,51.517792],[-0.002824,51.517792],[-0.002808,51.517792],[-0.002793,51.517791],[-0.002721,51.517787],[-0.002669,51.517783],[-0.002645,51.517782],[-0.00262,51.517779],[-0.002599,51.517776],[-0.002579,51.517773],[-0.002549,51.517768],[-0.002519,51.517762],[-0.002517,51.517761],[-0.002489,51.517754],[-0.002461,51.517744],[-0.002457,51.517743],[-0.002412,51.517727],[-0.002356,51.517708],[-0.002298,51.517686],[-0.002237,51.517662],[-0.002205,51.51765],[-0.002244,51.517622],[-0.002106,51.517549],[-0.00167,51.517326],[-0.001387,51.51718],[-0.000634,51.516792],[-0.000595,51.516819],[-0.000289,51.516662],[-0.000184,51.516608],[-0.000117,51.516574],[0.000156,51.516448],[0.000212,51.51642],[0.000215,51.516418],[0.000239,51.516407],[0.000207,51.51636],[-0.000008,51.516055],[-0.000013,51.516057],[-0.00014,51.515878],[-0.000286,51.515672],[-0.000291,51.515656],[-0.000383,51.515528],[-0.000484,51.515382],[-0.00049,51.515384],[-0.000499,51.515371],[-0.000517,51.515346],[-0.000544,51.515307],[-0.000572,51.515267],[-0.000597,51.51523],[-0.0006,51.515227],[-0.000617,51.515202],[-0.000625,51.515191],[-0.000651,51.515155],[-0.000679,51.515116],[-0.000706,51.515078],[-0.000732,51.51504],[-0.00076,51.515002],[-0.000787,51.514964],[-0.000815,51.514925],[-0.000818,51.51492],[-0.000841,51.514888],[-0.000868,51.514851],[-0.000896,51.514811],[-0.000924,51.514773],[-0.00095,51.514735],[-0.000979,51.514696],[-0.001008,51.514655],[-0.00103,51.514624],[-0.001036,51.514614],[-0.001066,51.514575],[-0.001094,51.514534],[-0.001122,51.514495],[-0.001152,51.514455],[-0.001181,51.514414],[-0.001738,51.514568],[-0.002165,51.514685],[-0.002489,51.514775],[-0.002718,51.514838],[-0.00286,51.514877],[-0.002886,51.514884],[-0.002888,51.514882],[-0.002975,51.514908],[-0.003114,51.514946],[-0.003613,51.515084],[-0.003934,51.515172],[-0.004208,51.515248],[-0.004309,51.515277],[-0.004473,51.515321],[-0.00493,51.515447],[-0.00498,51.515458],[-0.005084,51.515486],[-0.005131,51.515499],[-0.005193,51.515517],[-0.005343,51.515557],[-0.00547,51.515591],[-0.005493,51.515598],[-0.005515,51.515604],[-0.005569,51.515619],[-0.005609,51.51563],[-0.005784,51.515678],[-0.005954,51.515725],[-0.005928,51.515762],[-0.005909,51.515789],[-0.005614,51.516196],[-0.005575,51.516252]]]]}},
{"type":"Feature","properties":{"fid":1892,"OBJECTID":1892,"Shape_Length":1243.86797848741,"Shape_Area":57818.34855601223,"in_cw":false,"whole_in_zone":true},"geometry":{"type":"MultiPolygon","coordinates":[[[[-0.067413,51.50904],[-0.067282,51.509069],[-0.067224,51.509083],[-0.067144,51.509104],[-0.066976,51.509147],[-0.066845,51.509179],[-0.066701,51.509214],[-0.06669,51.509217],[-0.06657,51.509238],[-0.066494,51.509251],[-0.066488,51.509252],[-0.06648,51.509253],[-0.066475,51.509254],[-0.06647,51.509255],[-0.066465,51.509255],[-0.06646,51.509256],[-0.066437,51.509258],[-0.066433,51.509247],[-0.066366,51.509254],[-0.066367,51.509263],[-0.066355,51.509265],[-0.06622,51.509268],[-0.066121,51.50927],[-0.066062,51.50927],[-0.065974,51.509264],[-0.065878,51.509255],[-0.065769,51.509229],[-0.065666,51.509204],[-0.06561,51.50919],[-0.065608,51.509179],[-0.065544,51.508825],[-0.065454,51.508618],[-0.065414,51.50862],[-0.065367,51.50862],[-0.065361,51.508621],[-0.065218,51.508635],[-0.06521,51.508635],[-0.065114,51.508638],[-0.064911,51.508643],[-0.064724,51.508647],[-0.064638,51.50865],[-0.064561,51.508652],[-0.06447,51.508655],[-0.064195,51.508662],[-0.063287,51.508685],[-0.063076,51.50869],[-0.062948,51.508693],[-0.062888,51.508694],[-0.062868,51.508695],[-0.062474,51.508703],[-0.06192,51.508717],[-0.061421,51.508729],[-0.060911,51.508742],[-0.060908,51.508736],[-0.060907,51.508725],[-0.060858,51.508728],[-0.060779,51.508731],[-0.060764,51.508731],[-0.060741,51.508732],[-0.060739,51.508722],[-0.060729,51.508721],[-0.060722,51.508636],[-0.060706,51.508636],[-0.0607,51.508553],[-0.060719,51.508552],[-0.060711,51.508444],[-0.060706,51.508444],[-0.060661,51.507751],[-0.060675,51.507751],[-0.060839,51.50775],[-0.060837,51.507743],[-0.060875,51.507743],[-0.060873,51.507699],[-0.060874,51.507683],[-0.060906,51.507682],[-0.060967,51.507681],[-0.061398,51.507671],[-0.061511,51.507669],[-0.061718,51.507664],[-0.06181,51.507662],[-0.063332,51.507626],[-0.063506,51.507622],[-0.06351,51.507622],[-0.063724,51.507617],[-0.064148,51.507605],[-0.064148,51.507605],[-0.06417,51.507604],[-0.064517,51.507594],[-0.064665,51.50759],[-0.065201,51.507577],[-0.065657,51.507566],[-0.065683,51.507565],[-0.066378,51.507549],[-0.066383,51.507549],[-0.066542,51.507547],[-0.066563,51.50773],[-0.066589,51.507963],[-0.066605,51.507996],[-0.066608,51.508001],[-0.066633,51.508045],[-0.066654,51.508078],[-0.066678,51.508111],[-0.066704,51.508143],[-0.066732,51.508175],[-0.066744,51.508188],[-0.066756,51.5082],[-0.066789,51.508232],[-0.066824,51.508263],[-0.066861,51.508293],[-0.066871,51.508301],[-0.06691,51.50833],[-0.066951,51.508358],[-0.066994,51.508385],[-0.067033,51.508408],[-0.067067,51.508432],[-0.067098,51.508457],[-0.067117,51.508473],[-0.067145,51.508499],[-0.067172,51.508526],[-0.067197,51.508553],[-0.067211,51.50857],[-0.067426,51.508859],[-0.067461,51.508906],[-0.067515,51.508993],[-0.067413,51.50904]]]]}},
{"type":"Feature","properties":{"fid":1894,"OBJECTID":1894,"Shape_Length":2443.804708582593,"Shape_Area":127169.85316944469,"in_cw":false,"whole_in_zone":true},"geometry":{"type":"MultiPolygon","coordinates":[[[[-0.062844,51.518318],[-0.056559,51.519747],[-0.055833,51.519249],[-0.055274,51.517679],[-0.056859,51.517725],[-0.057178,51.517758],[-0.057408,51.51879],[-0.059643,51.518266],[-0.059264,51.517136],[-0.058407,51.517189],[-0.058333,51.516778],[-0.05723,51.516884],[-0.057175,51.516026],[-0.058767,51.5159],[-0.058408,51.515028],[-0.058434,51.514772],[-0.058617,51.514775],[-0.058692,51.515166],[-0.058997,51.515876],[-0.062091,51.515584],[-0.062415,51.517284],[-0.062844,51.518318]]]]}},
{"type":"Feature","properties":{"fid":1895,"OBJECTID":1895,"Shape_Length":811.2698448345467,"Shape_Area":39423.68851249784,"in_cw":false,"whole_in_zone":true},"geometry":{"type":"MultiPolygon","coordinates":[[[[-0.023502,51.521531],[-0.023594,51.521403],[-0.023631,51.52135],[-0.023636,51.521343],[-0.02361,51.521164],[-0.023587,51.521018],[-0.023581,51.520983],[-0.023581,51.520978],[-0.023582,51.520973],[-0.023583,51.520966],[-0.023583,51.520964],[-0.023586,51.52095],[-0.023588,51.520945],[-0.023603,51.520862],[-0.023615,51.52081],[-0.02363,51.520741],[-0.023641,51.520684],[-0.023654,51.520629],[-0.023666,51.520575],[-0.023679,51.520518],[-0.023693,51.520461],[-0.023696,51.520453],[-0.023703,51.520438],[-0.023717,51.520403],[-0.023721,51.520395],[-0.023728,51.520381],[-0.023737,51.520361],[-0.023744,51.520345],[-0.023776,51.52027],[-0.023783,51.520262],[-0.023806,51.520211],[-0.023808,51.520204],[-0.023821,51.520175],[-0.023827,51.520162],[-0.023833,51.520148],[-0.023835,51.520143],[-0.023856,51.520092],[-0.023847,51.520089],[-0.023733,51.520043],[-0.023595,51.519988],[-0.023612,51.519983],[-0.023626,51.519975],[-0.023715,51.519927],[-0.023722,51.519923],[-0.023724,51.519923],[-0.023743,51.519912],[-0.023749,51.519909],[-0.023771,51.519897],[-0.023777,51.519894],[-0.023799,51.519882],[-0.023806,51.519879],[-0.023826,51.519868],[-0.023834,51.519863],[-0.023855,51.519852],[-0.023863,51.519848],[-0.023882,51.519837],[-0.023892,51.519832],[-0.023912,51.519821],[-0.02392,51.519817],[-0.023923,51.519815],[-0.023965,51.519792],[-0.023994,51.519776],[-0.02405,51.519745],[-0.024106,51.519715],[-0.024119,51.519708],[-0.024183,51.519673],[-0.024206,51.519661],[-0.024224,51.519651],[-0.024228,51.519653],[-0.024233,51.519655],[-0.024239,51.519657],[-0.024245,51.519659],[-0.024252,51.519662],[-0.024259,51.519663],[-0.024335,51.519691],[-0.024433,51.519728],[-0.024556,51.519772],[-0.024658,51.519808],[-0.024783,51.519853],[-0.024906,51.519897],[-0.025014,51.519936],[-0.025106,51.51997],[-0.025127,51.519977],[-0.025177,51.519995],[-0.02525,51.520021],[-0.025287,51.520034],[-0.025311,51.520042],[-0.025347,51.520054],[-0.025371,51.520062],[-0.025402,51.520074],[-0.025456,51.520093],[-0.025498,51.520109],[-0.025851,51.520235],[-0.025839,51.520249],[-0.025843,51.52025],[-0.025854,51.520254],[-0.025863,51.520258],[-0.025864,51.520258],[-0.025865,51.520257],[-0.025868,51.520259],[-0.025905,51.520275],[-0.02595,51.520291],[-0.025972,51.520299],[-0.025983,51.520292],[-0.025997,51.5203],[-0.026001,51.520302],[-0.02637,51.520466],[-0.026727,51.520625],[-0.026743,51.520636],[-0.026745,51.520637],[-0.026776,51.520657],[-0.026915,51.520703],[-0.026963,51.520718],[-0.02701,51.520733],[-0.026989,51.520749],[-0.026987,51.520751],[-0.02688,51.520819],[-0.026872,51.520825],[-0.026845,51.520843],[-0.026784,51.520882],[-0.026771,51.520891],[-0.026819,51.520919],[-0.026876,51.520949],[-0.026842,51.520973],[-0.026807,51.520996],[-0.026777,51.521018],[-0.026744,51.521039],[-0.026741,51.521041],[-0.026741,51.521042],[-0.026738,51.521042],[-0.026736,51.521043],[-0.026729,51.521045],[-0.026725,51.521046],[-0.026691,51.52107],[-0.026675,51.52108],[-0.026583,51.521144],[-0.026576,51.521149],[-0.026519,51.521188],[-0.026405,51.521267],[-0.026314,51.52133],[-0.026299,51.521341],[-0.026265,51.521365],[-0.026242,51.52138],[-0.026217,51.521398],[-0.026171,51.52143],[-0.026147,51.521447],[-0.026084,51.521491],[-0.025955,51.52158],[-0.025954,51.521581],[-0.025943,51.521589],[-0.025909,51.521613],[-0.025895,51.521622],[-0.025796,51.521692],[-0.025675,51.521775],[-0.025522,51.521879],[-0.025446,51.521931],[-0.025293,51.522036],[-0.025283,51.522031],[-0.025277,51.522035],[-0.025234,51.522036],[-0.025185,51.522037],[-0.025148,51.522037],[-0.025136,51.522037],[-0.025027,51.522025],[-0.024924,51.522014],[-0.024899,51.522011],[-0.024768,51.521997],[-0.024758,51.521995],[-0.024753,51.521995],[-0.024736,51.521988],[-0.024716,51.52198],[-0.024712,51.521978],[-0.024682,51.521966],[-0.024668,51.52196],[-0.024606,51.521931],[-0.024585,51.52192],[-0.024541,51.521898],[-0.024424,51.521842],[-0.024365,51.521813],[-0.024338,51.5218],[-0.024305,51.521784],[-0.024248,51.521759],[-0.024245,51.521757],[-0.024221,51.521748],[-0.024187,51.521735],[-0.024153,51.521722],[-0.024132,51.521715],[-0.024065,51.521692],[-0.023994,51.52167],[-0.023908,51.521644],[-0.023862,51.521631],[-0.023819,51.52162],[-0.023706,51.521589],[-0.023526,51.521538],[-0.023502,51.521531]]]]}},
{"type":"Feature","properties":{"fid":1896,"OBJECTID":1896,"Shape_Length":906.5338540353845,"Shape_Area":39226.81888646208,"in_cw":false,"whole_in_zone":true},"geometry":{"type":"MultiPolygon","coordinates":[[[[-0.014889,51.513871],[-0.014448,51.51387],[-0.014308,51.513416],[-0.014186,51.513154],[-0.013799,51.51322],[-0.013694,51.513242],[-0.013708,51.513214],[-0.013655,51.513008],[-0.01368,51.513006],[-0.013453,51.51242],[-0.013532,51.512403],[-0.013887,51.512352],[-0.013595,51.511472],[-0.013578,51.51126],[-0.015391,51.511157],[-0.016083,51.513813],[-0.015311,51.513861],[-0.014889,51.513871]]]]}},
{"type":"Feature","properties":{"fid":1898,"OBJECTID":1898,"Shape_Length":1013.230846018871,"Shape_Area":44615.37417378401,"in_cw":false,"whole_in_zone":true},"geometry":{"type":"MultiPolygon","coordinates":[[[[-0.073207,51.523538],[-0.073175,51.523537],[-0.073089,51.523534],[-0.073028,51.523533],[-0.072953,51.523531],[-0.07288,51.523529],[-0.072803,51.523527],[-0.072733,51.523525],[-0.07273,51.523525],[-0.072653,51.523523],[-0.072279,51.523513],[-0.072118,51.523508],[-0.072047,51.523506],[-0.071887,51.523502],[-0.07186,51.523502],[-0.07179,51.523498],[-0.071764,51.523496],[-0.071729,51.523495],[-0.071667,51.523495],[-0.071612,51.523494],[-0.071533,51.523493],[-0.071514,51.523474],[-0.071514,51.523442],[-0.07151,51.523353],[-0.071565,51.523281],[-0.071586,51.523254],[-0.071589,51.523236],[-0.071601,51.523177],[-0.071654,51.522805],[-0.071733,51.522791],[-0.071784,51.522782],[-0.071947,51.522755],[-0.071996,51.522747],[-0.072154,51.522726],[-0.072321,51.522704],[-0.072328,51.522703],[-0.072359,51.522699],[-0.072373,51.522697],[-0.072411,51.522694],[-0.072521,51.522685],[-0.0727,51.52267],[-0.07286,51.522657],[-0.073035,51.522644],[-0.073573,51.522601],[-0.073768,51.522585],[-0.07404,51.522563],[-0.0742,51.52255],[-0.074361,51.522537],[-0.074516,51.522523],[-0.074623,51.522515],[-0.074718,51.522507],[-0.074761,51.522504],[-0.074911,51.522492],[-0.075011,51.522487],[-0.075206,51.522478],[-0.075274,51.522476],[-0.075299,51.522476],[-0.075472,51.522498],[-0.075454,51.522484],[-0.075452,51.522482],[-0.075459,51.522441],[-0.075462,51.522424],[-0.075462,51.522423],[-0.075464,51.52241],[-0.075477,51.522333],[-0.075479,51.522322],[-0.07548,51.522311],[-0.075488,51.522247],[-0.075488,51.522245],[-0.075491,51.522242],[-0.075495,51.522241],[-0.075501,51.52224],[-0.075508,51.52224],[-0.075956,51.522253],[-0.076056,51.522256],[-0.076141,51.522258],[-0.076149,51.522258],[-0.076166,51.522258],[-0.07617,51.522258],[-0.076184,51.522256],[-0.076198,51.522254],[-0.076211,51.522252],[-0.076221,51.522249],[-0.076231,51.522248],[-0.076233,51.522247],[-0.076281,51.522226],[-0.076285,51.522224],[-0.076316,51.522209],[-0.076374,51.522184],[-0.076388,51.522178],[-0.076401,51.522173],[-0.076415,51.522169],[-0.076426,51.522167],[-0.076428,51.522167],[-0.076439,51.522166],[-0.076452,51.522166],[-0.076465,51.522168],[-0.076479,51.522171],[-0.076485,51.522173],[-0.076492,51.522176],[-0.076497,51.522178],[-0.076501,51.52218],[-0.076508,51.522184],[-0.076519,51.522195],[-0.076561,51.522224],[-0.076606,51.522257],[-0.076627,51.522273],[-0.07668,51.522311],[-0.076712,51.522334],[-0.07675,51.522362],[-0.076766,51.522374],[-0.076791,51.522392],[-0.076796,51.522396],[-0.076882,51.522459],[-0.076956,51.522512],[-0.076975,51.522527],[-0.077093,51.522614],[-0.077111,51.522629],[-0.077122,51.522637],[-0.077293,51.522762],[-0.077305,51.522771],[-0.07731,51.522773],[-0.077313,51.522775],[-0.077316,51.522779],[-0.077319,51.522782],[-0.077323,51.522786],[-0.077325,51.52279],[-0.077329,51.522795],[-0.077333,51.5228],[-0.077343,51.522818],[-0.077352,51.522836],[-0.077359,51.522851],[-0.077365,51.522866],[-0.077369,51.522877],[-0.077371,51.522891],[-0.077371,51.522905],[-0.077371,51.522914],[-0.077366,51.522931],[-0.077358,51.522949],[-0.077353,51.522958],[-0.077349,51.522967],[-0.077346,51.522972],[-0.077343,51.522977],[-0.077339,51.522983],[-0.077334,51.522988],[-0.077308,51.52302],[-0.077305,51.523023],[-0.07731,51.523185],[-0.077259,51.523289],[-0.077226,51.523357],[-0.077159,51.523482],[-0.077143,51.523514],[-0.07714,51.523517],[-0.077138,51.52352],[-0.077137,51.523522],[-0.077134,51.523524],[-0.077131,51.523527],[-0.077128,51.523528],[-0.077125,51.52353],[-0.077121,51.523532],[-0.077117,51.523534],[-0.077113,51.523537],[-0.077109,51.523539],[-0.077106,51.523541],[-0.077098,51.523545],[-0.077089,51.523548],[-0.077084,51.523551],[-0.077076,51.523554],[-0.077072,51.523554],[-0.077069,51.523556],[-0.077065,51.523556],[-0.077062,51.523557],[-0.07706,51.523558],[-0.077057,51.523558],[-0.077054,51.523559],[-0.077049,51.523559],[-0.077044,51.52356],[-0.077033,51.523561],[-0.076611,51.523556],[-0.076152,51.52355],[-0.075846,51.523547],[-0.07575,51.523546],[-0.075744,51.523546],[-0.0756,51.523543],[-0.075357,51.523541],[-0.075254,51.523541],[-0.075189,51.52354],[-0.075148,51.523541],[-0.075139,51.523541],[-0.075048,51.523541],[-0.074793,51.523545],[-0.07456,51.523549],[-0.074417,51.52355],[-0.074335,51.52355],[-0.074257,51.523548],[-0.07419,51.523547],[-0.074049,51.523546],[-0.073911,51.523545],[-0.073844,51.523545],[-0.073603,51.523544],[-0.07348,51.523543],[-0.073327,51.52354],[-0.073252,51.523539],[-0.073207,51.523538]]]]}},
{"type":"Feature","properties":{"fid":1899,"OBJECTID":1899,"Shape_Length":1473.0743191140775,"Shape_Area":99834.86659007917,"in_cw":true,"whole_in_zone":true},"geometry":{"type":"MultiPolygon","coordinates":[[[[-0.013918,51.503287],[-0.013795,51.503683],[-0.01359,51.503661],[-0.013544,51.50381],[-0.0135,51.503824],[-0.012945,51.50391],[-0.01245,51.503968],[-0.012404,51.504176],[-0.011516,51.503591],[-0.010503,51.503521],[-0.009859,51.503578],[-0.009632,51.503601],[-0.009466,51.503618],[-0.009416,51.50361],[-0.00936,51.503584],[-0.009335,51.503563],[-0.009315,51.503544],[-0.009289,51.503482],[-0.009303,51.503469],[-0.009323,51.503463],[-0.009377,51.503456],[-0.009358,51.503399],[-0.00937,51.503397],[-0.009128,51.502792],[-0.009121,51.502773],[-0.008633,51.502687],[-0.008819,51.502096],[-0.00883,51.501492],[-0.011788,51.501689],[-0.011815,51.501585],[-0.014746,51.501768],[-0.01509,51.501907],[-0.015485,51.502128],[-0.015478,51.502808],[-0.015857,51.502862],[-0.015669,51.503492],[-0.013918,51.503287]]]]}},
{"type":"Feature","properties":{"fid":1900,"OBJECTID":1900,"Shape_Length":831.6679763046969,"Shape_Area":17220.385546010828,"in_cw":false,"whole_in_zone":true},"geometry":{"type":"MultiPolygon","coordinates":[[[[-0.00357,51.506651],[-0.003557,51.506655],[-0.003221,51.506744],[-0.002914,51.506923],[-0.002904,51.506928],[-0.002901,51.506931],[-0.002899,51.506934],[-0.002897,51.506937],[-0.002895,51.50694],[-0.002894,51.506943],[-0.002893,51.50695],[-0.002894,51.506956],[-0.002895,51.506959],[-0.002911,51.507007],[-0.002902,51.507012],[-0.002853,51.507037],[-0.002938,51.507155],[-0.002957,51.507167],[-0.002982,51.507173],[-0.003002,51.50717],[-0.003063,51.507157],[-0.003076,51.507154],[-0.003088,51.507152],[-0.003481,51.507492],[-0.003521,51.507527],[-0.003503,51.507544],[-0.003486,51.507561],[-0.003484,51.507564],[-0.003476,51.507573],[-0.003461,51.507595],[-0.003461,51.507627],[-0.003493,51.507665],[-0.003526,51.50769],[-0.003571,51.507717],[-0.003607,51.507738],[-0.003645,51.507769],[-0.003673,51.507793],[-0.003723,51.507837],[-0.003893,51.507986],[-0.003963,51.50805],[-0.003997,51.508087],[-0.004009,51.5081],[-0.003983,51.508112],[-0.003981,51.508113],[-0.003927,51.508139],[-0.00386,51.508175],[-0.00385,51.50818],[-0.003795,51.508214],[-0.003777,51.508225],[-0.003679,51.508286],[-0.0036,51.50834],[-0.003582,51.508346],[-0.003561,51.508345],[-0.003552,51.508345],[-0.003552,51.508345],[-0.003524,51.50834],[-0.003498,51.508333],[-0.003477,51.508346],[-0.003471,51.508347],[-0.003447,51.508363],[-0.003407,51.508389],[-0.003406,51.508391],[-0.003405,51.508392],[-0.003387,51.508405],[-0.003399,51.508414],[-0.003406,51.508421],[-0.003419,51.508437],[-0.003419,51.508442],[-0.003419,51.508455],[-0.003414,51.508472],[-0.003414,51.508473],[-0.003414,51.508473],[-0.00341,51.508476],[-0.003408,51.508477],[-0.00325,51.508591],[-0.00325,51.508591],[-0.003137,51.50867],[-0.003087,51.508705],[-0.003055,51.508726],[-0.002983,51.508773],[-0.002897,51.508825],[-0.002804,51.508875],[-0.002758,51.5089],[-0.002732,51.50892],[-0.002678,51.508946],[-0.002586,51.508986],[-0.002522,51.509015],[-0.002426,51.50905],[-0.002426,51.50905],[-0.002423,51.509052],[-0.002419,51.509053],[-0.002416,51.509055],[-0.002412,51.509056],[-0.002409,51.509057],[-0.002409,51.509057],[-0.002405,51.509059],[-0.002401,51.50906],[-0.002397,51.509061],[-0.002393,51.509061],[-0.00239,51.509062],[-0.002386,51.509063],[-0.002382,51.509063],[-0.002378,51.509064],[-0.002374,51.509064],[-0.00237,51.509064],[-0.002366,51.509064],[-0.002362,51.509064],[-0.002358,51.509064],[-0.002353,51.509064],[-0.002347,51.509064],[-0.002341,51.509063],[-0.002335,51.509062],[-0.002329,51.50906],[-0.002323,51.509059],[-0.002318,51.509058],[-0.002314,51.509057],[-0.002309,51.509055],[-0.002305,51.509054],[-0.002305,51.509054],[-0.002301,51.509053],[-0.002297,51.509051],[-0.002293,51.509049],[-0.002289,51.509048],[-0.002285,51.509046],[-0.002285,51.509046],[-0.002281,51.509044],[-0.002276,51.509041],[-0.002269,51.509036],[-0.002263,51.509031],[-0.002258,51.509025],[-0.002254,51.509019],[-0.002249,51.509013],[-0.002245,51.509005],[-0.002241,51.508999],[-0.002238,51.508993],[-0.002235,51.508987],[-0.002232,51.508978],[-0.002251,51.508976],[-0.00227,51.508975],[-0.002278,51.508975],[-0.002289,51.508975],[-0.002308,51.508974],[-0.002326,51.508975],[-0.002345,51.508975],[-0.002345,51.508975],[-0.002357,51.508976],[-0.002364,51.508977],[-0.002385,51.508979],[-0.002403,51.508981],[-0.002421,51.508984],[-0.002421,51.508984],[-0.002439,51.508987],[-0.002465,51.508992],[-0.002495,51.50898],[-0.002732,51.508881],[-0.002721,51.508857],[-0.00272,51.508857],[-0.002702,51.508818],[-0.002688,51.508787],[-0.002684,51.50878],[-0.002666,51.508743],[-0.002665,51.508741],[-0.002646,51.508702],[-0.002645,51.508702],[-0.002642,51.508694],[-0.002636,51.508683],[-0.002627,51.508665],[-0.002627,51.508664],[-0.002627,51.508664],[-0.00261,51.508628],[-0.002609,51.508625],[-0.002591,51.508586],[-0.002591,51.508586],[-0.002588,51.50858],[-0.002574,51.508547],[-0.002556,51.508509],[-0.002545,51.508483],[-0.002545,51.508482],[-0.002539,51.50847],[-0.002537,51.508466],[-0.002537,51.508466],[-0.002521,51.508431],[-0.002521,51.508431],[-0.002515,51.508418],[-0.002504,51.508392],[-0.002499,51.508383],[-0.002486,51.508353],[-0.00248,51.508341],[-0.002474,51.508328],[-0.002473,51.508325],[-0.002469,51.508317],[-0.002465,51.508307],[-0.002407,51.508177],[-0.00238,51.508115],[-0.00237,51.50809],[-0.002361,51.508071],[-0.002342,51.508059],[-0.00232,51.508047],[-0.002267,51.508015],[-0.002252,51.508007],[-0.002169,51.507958],[-0.002144,51.507943],[-0.00212,51.507929],[-0.00211,51.507924],[-0.002107,51.507923],[-0.002075,51.507905],[-0.002016,51.507875],[-0.001978,51.507856],[-0.001913,51.507825],[-0.001913,51.507825],[-0.001903,51.50782],[-0.001884,51.507778],[-0.001881,51.50777],[-0.001881,51.50777],[-0.001877,51.507763],[-0.001862,51.507732],[-0.001856,51.507719],[-0.001791,51.507585],[-0.001782,51.507567],[-0.001781,51.507566],[-0.001779,51.507562],[-0.001768,51.507541],[-0.001753,51.507512],[-0.001733,51.507476],[-0.001796,51.507458],[-0.001895,51.507431],[-0.001998,51.507402],[-0.002106,51.507372],[-0.002083,51.507344],[-0.00206,51.507317],[-0.002166,51.50727],[-0.002167,51.507266],[-0.002169,51.507256],[-0.00217,51.507252],[-0.002185,51.507237],[-0.002201,51.507228],[-0.002263,51.507199],[-0.002263,51.507199],[-0.002293,51.507184],[-0.002358,51.507152],[-0.00237,51.50715],[-0.002385,51.507149],[-0.002435,51.507121],[-0.002481,51.507159],[-0.002487,51.507156],[-0.002587,51.507107],[-0.002712,51.507046],[-0.002723,51.507041],[-0.00277,51.507018],[-0.002808,51.506996],[-0.002817,51.506991],[-0.002799,51.506938],[-0.002796,51.50693],[-0.002836,51.50691],[-0.002823,51.5069],[-0.002948,51.506825],[-0.003,51.506793],[-0.003062,51.506756],[-0.003134,51.506712],[-0.00315,51.506704],[-0.003172,51.506714],[-0.003163,51.506698],[-0.003184,51.506688],[-0.003397,51.50663],[-0.003434,51.506623],[-0.003397,51.506574],[-0.003388,51.506561],[-0.003385,51.506555],[-0.003383,51.506548],[-0.003382,51.506543],[-0.003383,51.50654],[-0.003385,51.506536],[-0.003387,51.506532],[-0.003391,51.506528],[-0.003395,51.506524],[-0.003424,51.506502],[-0.00343,51.506497],[-0.003442,51.506489],[-0.003442,51.506489],[-0.003504,51.506528],[-0.003491,51.506535],[-0.003506,51.506557],[-0.003538,51.506605],[-0.003556,51.506631],[-0.00357,51.506651]]]]}}
]}
