# index	predicate	file	rows	bytes	sha256	merkle-leaves	graphs	graph-set	literal-index	geo-index	subject-zone	object-zone	blobs
0	http://www.opengis.net/ont/geosparql#hasGeometry	predicate-0.ibk5	224	22128	9782157b61c6554ad0a7910796be8d73923b121a63f61fef4d3023bb7e7a2884	predicate-0.ibk5.merkle	1	https://kgx.foaf.tv/id/graphbuildingsp004f1fd2eec3fb0550	predicate-0.ibk5.lgi2	predicate-0.ibk5.gbi1	001e000000687474..001e000000687474	0026000000687474..0026000000687474	0
1	http://www.w3.org/1999/02/22-rdf-syntax-ns#type	predicate-1.ibk5	448	17035	fc0f6fccee4ce2d1762bfdcc2204f30e9060e6be8ade8cd3f54851cf4e75203a	predicate-1.ibk5.merkle	1	https://kgx.foaf.tv/id/graphbuildingsp004f1fd2eec3fb0550	predicate-1.ibk5.lgi2	predicate-1.ibk5.gbi1	001e000000687474..001e000000687474	0018000000687474..0022000000687474	0
2	https://kgx.foaf.tv/vocab#buildingTag	predicate-2.ibk5	224	13613	aa6ef0eaf42d90531a6c13263d021d78c914d1af580e275be6fc14bdcc30f313	predicate-2.ibk5.merkle	1	https://kgx.foaf.tv/id/graphbuildingsp004f1fd2eec3fb0550	predicate-2.ibk5.lgi2	predicate-2.ibk5.gbi1	001e000000687474..001e000000687474	0203000000796573..020d000000747261	0
3	https://kgx.foaf.tv/vocab#footprintAreaM2	predicate-3.ibk5	224	22151	cbf4e468eb374b96ad8732c60ce5493c6658e339b357b31804a2f923492f277f	predicate-3.ibk5.merkle	1	https://kgx.foaf.tv/id/graphbuildingsp004f1fd2eec3fb0550	predicate-3.ibk5.lgi2	predicate-3.ibk5.gbi1	001e000000687474..001e000000687474	0201000000352800..0204000000333631	0
4	https://kgx.foaf.tv/vocab#houseName	predicate-4.ibk5	35	4285	6525d1791b6d5f109fb16178cffc72bd33c9bd39100669d93b7c476191ea0e7a	predicate-4.ibk5.merkle	1	https://kgx.foaf.tv/id/graphbuildingsp004f1fd2eec3fb0550	predicate-4.ibk5.lgi2	predicate-4.ibk5.gbi1	001e000000687474..001e000000687474	020b000000437275..0217000000546865	0
5	https://kgx.foaf.tv/vocab#levels	predicate-5.ibk5	114	6936	6a9ac17c7fab8122a03b37be61214c4fa1c8824583b0ddf56fb1a0bfae33119a	predicate-5.ibk5.merkle	1	https://kgx.foaf.tv/id/graphbuildingsp004f1fd2eec3fb0550	predicate-5.ibk5.lgi2	predicate-5.ibk5.gbi1	001e000000687474..001e000000687474	0201000000312800..0202000000333028	0
6	https://kgx.foaf.tv/vocab#toid	predicate-6.ibk5	414	41576	0b1e4752aba0f61e626e72747dd546b5afca6f7431dbcaad075c0e46e95838cf	predicate-6.ibk5.merkle	1	https://kgx.foaf.tv/id/graphbuildingsp004f1fd2eec3fb0550	predicate-6.ibk5.lgi2	predicate-6.ibk5.gbi1	001e000000687474..001e000000687474	02110000006f7367..02140000006f7367	0
7	https://kgx.foaf.tv/vocab#uprnCount	predicate-7.ibk5	173	12001	16d9d23bfa1746dbfa4ea6a288b156a42193841735e14af2701ed0ec35f544bc	predicate-7.ibk5.merkle	1	https://kgx.foaf.tv/id/graphbuildingsp004f1fd2eec3fb0550	predicate-7.ibk5.lgi2	predicate-7.ibk5.gbi1	001e000000687474..001e000000687474	0201000000312800..0202000000393328	0
8	https://schema.org/identifier	predicate-8.ibk5	224	25245	977bfb7cfb103f987e33df5d09349a77dbcd226ad5e069e623425e8957672a65	predicate-8.ibk5.merkle	1	https://kgx.foaf.tv/id/graphbuildingsp004f1fd2eec3fb0550	predicate-8.ibk5.lgi2	predicate-8.ibk5.gbi1	001e000000687474..001e000000687474	0208000000637762..0208000000637762	0
9	https://schema.org/latitude	predicate-9.ibk5	224	24787	f31e79b0ed12855f4b73c55265fdc4475aa7a5c3d0675a9fdbb2f122789ea3f9	predicate-9.ibk5.merkle	1	https://kgx.foaf.tv/id/graphbuildingsp004f1fd2eec3fb0550	predicate-9.ibk5.lgi2	predicate-9.ibk5.gbi1	001e000000687474..001e000000687474	020700000035312e..020900000035312e	0
10	https://schema.org/longitude	predicate-10.ibk5	224	25665	8154815e938fac0107c73609475f2352a129bf747fc370f4593984836f2bf935	predicate-10.ibk5.merkle	1	https://kgx.foaf.tv/id/graphbuildingsp004f1fd2eec3fb0550	predicate-10.ibk5.lgi2	predicate-10.ibk5.gbi1	001e000000687474..001e000000687474	02080000002d302e..02090000002d302e	0
11	https://schema.org/name	predicate-11.ibk5	60	7427	c25a209dac01c30c2d192c496a195254832bc957b0b8ae2fbddd8f573c5e9d92	predicate-11.ibk5.merkle	1	https://kgx.foaf.tv/id/graphbuildingsp004f1fd2eec3fb0550	predicate-11.ibk5.lgi2	predicate-11.ibk5.gbi1	001e000000687474..001e000000687474	02050000004c5354..0237000000332050	0
12	https://schema.org/postalCode	predicate-12.ibk5	179	14502	4cb11f90d2a9d1f85ce98127bae91ca7bbeb13cc9cb8a10198868c0311dbfdb3	predicate-12.ibk5.merkle	1	https://kgx.foaf.tv/id/graphbuildingsp004f1fd2eec3fb0550	predicate-12.ibk5.lgi2	predicate-12.ibk5.gbi1	001e000000687474..001e000000687474	0207000000453134..0207000000453134	0
13	https://schema.org/sameAs	predicate-13.ibk5	224	23264	f9169c8f9b33664b707033fa11189e017461cd88d19824e63c69b80e72949387	predicate-13.ibk5.merkle	1	https://kgx.foaf.tv/id/graphbuildingsp004f1fd2eec3fb0550	predicate-13.ibk5.lgi2	predicate-13.ibk5.gbi1	001e000000687474..001e000000687474	002a000000687474..002e000000687474	0
14	http://www.w3.org/2002/07/owl#sameAs	predicate-14.ibk5	10	1154	094b7e4a0c13de9dbf4e899360e169f0f71dc056b0ddf221b8d55aacea1274b9	predicate-14.ibk5.merkle	1	https://kgx.foaf.tv/id/graphbuildingsp004f1fd2eec3fb0550	predicate-14.ibk5.lgi2	predicate-14.ibk5.gbi1	001e000000687474..001e000000687474	0026000000687474..0029000000687474	0
15	https://schema.org/alternateName	predicate-15.ibk5	3	532	0cd5529f12231a2d1b6f0c226aebdf28ddeaa1e1f8661610fb3920abb846e232	predicate-15.ibk5.merkle	1	https://kgx.foaf.tv/id/graphbuildingsp004f1fd2eec3fb0550	predicate-15.ibk5.lgi2	predicate-15.ibk5.gbi1	001e000000687474..001e000000687474	020e000000436f72..021f000000536169	0
16	https://kgx.foaf.tv/vocab#heightMetres	predicate-16.ibk5	5	484	6d2597824667bb83a4326d3efa6c71e7bc0d87763d6294e1a9f03afb10052ffe	predicate-16.ibk5.merkle	1	https://kgx.foaf.tv/id/graphbuildingsp004f1fd2eec3fb0550	predicate-16.ibk5.lgi2	predicate-16.ibk5.gbi1	001e000000687474..001e000000687474	0201000000372800..0201000000372800	0
17	http://www.opengis.net/ont/geosparql#hasGeometry	predicate-17.ibk5	231	22814	094a11bdebd34cbaabf6b866c07d6afa7ab03847a79a03fe7caf5f25af91a044	predicate-17.ibk5.merkle	1	https://kgx.foaf.tv/id/graphbuildingsp01be1c643eb6678af1	predicate-17.ibk5.lgi2	predicate-17.ibk5.gbi1	001e000000687474..001e000000687474	0026000000687474..0026000000687474	0
18	http://www.w3.org/1999/02/22-rdf-syntax-ns#type	predicate-18.ibk5	462	17560	667dd9d5339b75bb17ed05b5a8055bf63d85a3b29b2366d701df3fa5040c0463	predicate-18.ibk5.merkle	1	https://kgx.foaf.tv/id/graphbuildingsp01be1c643eb6678af1	predicate-18.ibk5.lgi2	predicate-18.ibk5.gbi1	001e000000687474..001e000000687474	0018000000687474..0022000000687474	0
19	https://kgx.foaf.tv/vocab#buildingTag	predicate-19.ibk5	231	14127	0143ef12d64912b7d9e5d43103ccf817b60f0ac1689fa6d4a94fdd87ca44f745	predicate-19.ibk5.merkle	1	https://kgx.foaf.tv/id/graphbuildingsp01be1c643eb6678af1	predicate-19.ibk5.lgi2	predicate-19.ibk5.gbi1	001e000000687474..001e000000687474	0203000000796573..020e000000796573	0
20	https://kgx.foaf.tv/vocab#footprintAreaM2	predicate-20.ibk5	231	23373	042def359d9fcd9511ba9a446fdb43fa230f7b34d4248c4329d091cce925219f	predicate-20.ibk5.merkle	1	https://kgx.foaf.tv/id/graphbuildingsp01be1c643eb6678af1	predicate-20.ibk5.lgi2	predicate-20.ibk5.gbi1	001e000000687474..001e000000687474	0201000000362800..0205000000313130	0
21	https://kgx.foaf.tv/vocab#levels	predicate-21.ibk5	104	7215	17f8ed73c1373bf7df7e22a1f9da196259c6aad5a5c95abf6135f5829cb6d9fa	predicate-21.ibk5.merkle	1	https://kgx.foaf.tv/id/graphbuildingsp01be1c643eb6678af1	predicate-21.ibk5.lgi2	predicate-21.ibk5.gbi1	001e000000687474..001e000000687474	0201000000312800..0202000000353828	0
22	https://kgx.foaf.tv/vocab#toid	predicate-22.ibk5	246	25754	fd864ff553d7f0bf1586457f062e7fe69a9f2fc427d086fd3b8bf45cd4988a2f	predicate-22.ibk5.merkle	1	https://kgx.foaf.tv/id/graphbuildingsp01be1c643eb6678af1	predicate-22.ibk5.lgi2	predicate-22.ibk5.gbi1	001e000000687474..001e000000687474	02110000006f7367..02140000006f7367	0
23	https://kgx.foaf.tv/vocab#uprnCount	predicate-23.ibk5	150	11428	e70fabe386e7136538cf3c170b51dc5b8004dbb8db58002cd95472d33f0d73f7	predicate-23.ibk5.merkle	1	https://kgx.foaf.tv/id/graphbuildingsp01be1c643eb6678af1	predicate-23.ibk5.lgi2	predicate-23.ibk5.gbi1	001e000000687474..001e000000687474	0201000000312800..0203000000363431	0
24	https://schema.org/identifier	predicate-24.ibk5	231	26029	6399662420da3fb482e1159b3d6074e638f624be8487fd4668827b3b98fd89c9	predicate-24.ibk5.merkle	1	https://kgx.foaf.tv/id/graphbuildingsp01be1c643eb6678af1	predicate-24.ibk5.lgi2	predicate-24.ibk5.gbi1	001e000000687474..001e000000687474	0208000000637762..0208000000637762	0
25	https://schema.org/latitude	predicate-25.ibk5	231	26232	fb1dcf5f766c96d2fa5a4540aa7d781341a08a66bc1c32cf0555b09177dc465a	predicate-25.ibk5.merkle	1	https://kgx.foaf.tv/id/graphbuildingsp01be1c643eb6678af1	predicate-25.ibk5.lgi2	predicate-25.ibk5.gbi1	001e000000687474..001e000000687474	020800000035312e..020900000035312e	0
26	https://schema.org/longitude	predicate-26.ibk5	231	26467	af315cd3b638fd15b7b49eb29aebfcc72fbea082483dc15dc45575d4ede72f2d	predicate-26.ibk5.merkle	1	https://kgx.foaf.tv/id/graphbuildingsp01be1c643eb6678af1	predicate-26.ibk5.lgi2	predicate-26.ibk5.gbi1	001e000000687474..001e000000687474	02080000002d302e..02090000002d302e	0
27	https://schema.org/postalCode	predicate-27.ibk5	226	17382	31f365374ab59f39b5dae6b29b7c994ff78c3b42bcd06bd1095e85cf2f55320e	predicate-27.ibk5.merkle	1	https://kgx.foaf.tv/id/graphbuildingsp01be1c643eb6678af1	predicate-27.ibk5.lgi2	predicate-27.ibk5.gbi1	001e000000687474..001e000000687474	0207000000453134..0207000000453134	0
28	https://schema.org/sameAs	predicate-28.ibk5	231	23993	1ac74d141cd33fb4fc3b215f46a3dd32ceb7edbf65e4e0726a9776fea2a166ff	predicate-28.ibk5.merkle	1	https://kgx.foaf.tv/id/graphbuildingsp01be1c643eb6678af1	predicate-28.ibk5.lgi2	predicate-28.ibk5.gbi1	001e000000687474..001e000000687474	0029000000687474..002f000000687474	0
29	https://kgx.foaf.tv/vocab#houseName	predicate-29.ibk5	32	3828	b84f9f09c7c0d3d535f8528fa34ac35bb29191cb42c70935b806b923c01accdd	predicate-29.ibk5.merkle	1	https://kgx.foaf.tv/id/graphbuildingsp01be1c643eb6678af1	predicate-29.ibk5.lgi2	predicate-29.ibk5.gbi1	001e000000687474..001e000000687474	02070000004d5620..0216000000546865	0
30	http://www.w3.org/2002/07/owl#sameAs	predicate-30.ibk5	34	3448	dbd4e8b110ee128a056764638f1f47e341ac06707263492607357deaf3841c59	predicate-30.ibk5.merkle	1	https://kgx.foaf.tv/id/graphbuildingsp01be1c643eb6678af1	predicate-30.ibk5.lgi2	predicate-30.ibk5.gbi1	001e000000687474..001e000000687474	0026000000687474..0029000000687474	0
31	https://schema.org/name	predicate-31.ibk5	109	13121	c7dbf613489388de38941df93a1588c1651f42b80a2dfa86354861396eff601d	predicate-31.ibk5.merkle	1	https://kgx.foaf.tv/id/graphbuildingsp01be1c643eb6678af1	predicate-31.ibk5.lgi2	predicate-31.ibk5.gbi1	001e000000687474..001e000000687474	02040000004b504d..0231000000416363	0
32	https://kgx.foaf.tv/vocab#heightMetres	predicate-32.ibk5	15	1670	ee6456b0bfa95a49ad9bc5f3992aa7e355811defcae4770ccc91b0e24646ef48	predicate-32.ibk5.merkle	1	https://kgx.foaf.tv/id/graphbuildingsp01be1c643eb6678af1	predicate-32.ibk5.lgi2	predicate-32.ibk5.gbi1	001e000000687474..001e000000687474	0201000000362800..0205000000313939	0
33	https://schema.org/alternateName	predicate-33.ibk5	13	1701	d675902234976f8b3c301fec655c4576268e05ffe4b1995dfbc681ce42e9a904	predicate-33.ibk5.merkle	1	https://kgx.foaf.tv/id/graphbuildingsp01be1c643eb6678af1	predicate-33.ibk5.lgi2	predicate-33.ibk5.gbi1	001e000000687474..001e000000687474	0207000000485342..021d0000004d6172	0
34	http://www.opengis.net/ont/geosparql#hasGeometry	predicate-34.ibk5	226	22324	b9cfdc25b58256659cf4f215e1a97d4970115a8ac2b013a54240850671e2dbe7	predicate-34.ibk5.merkle	1	https://kgx.foaf.tv/id/graphbuildingsp02766c41310b823715	predicate-34.ibk5.lgi2	predicate-34.ibk5.gbi1	001e000000687474..001e000000687474	0026000000687474..0026000000687474	0
35	http://www.w3.org/1999/02/22-rdf-syntax-ns#type	predicate-35.ibk5	452	17185	d87f6ceb1be0c8f36e19e85b9257eb91f33cf47a6312545ad15c653171312b30	predicate-35.ibk5.merkle	1	https://kgx.foaf.tv/id/graphbuildingsp02766c41310b823715	predicate-35.ibk5.lgi2	predicate-35.ibk5.gbi1	001e000000687474..001e000000687474	0018000000687474..0022000000687474	0
36	https://kgx.foaf.tv/vocab#buildingTag	predicate-36.ibk5	226	13890	6d2ba4eee2092d9be2672fd965a3e98bb8ea167d14a597c75e1856449e02518b	predicate-36.ibk5.merkle	1	https://kgx.foaf.tv/id/graphbuildingsp02766c41310b823715	predicate-36.ibk5.lgi2	predicate-36.ibk5.gbi1	001e000000687474..001e000000687474	0203000000687574..020d000000747261	0
37	https://kgx.foaf.tv/vocab#footprintAreaM2	predicate-37.ibk5	226	21716	1691aa023bf4059e694f6906c7e17748185956b9c3e2aad523fb08c5195e9c20	predicate-37.ibk5.merkle	1	https://kgx.foaf.tv/id/graphbuildingsp02766c41310b823715	predicate-37.ibk5.lgi2	predicate-37.ibk5.gbi1	001e000000687474..001e000000687474	0202000000313728..0204000000373136	0
38	https://schema.org/identifier	predicate-38.ibk5	226	25469	201002cec4e760bb7df899a1037612278ca58a38c7a8e060a305d7c78a020870	predicate-38.ibk5.merkle	1	https://kgx.foaf.tv/id/graphbuildingsp02766c41310b823715	predicate-38.ibk5.lgi2	predicate-38.ibk5.gbi1	001e000000687474..001e000000687474	0208000000637762..0208000000637762	0
39	https://schema.org/latitude	predicate-39.ibk5	226	25013	f9c1ad79ab7adb0d481b6e65d1683f49c752ebf36f49f6150695d18f67a4416f	predicate-39.ibk5.merkle	1	https://kgx.foaf.tv/id/graphbuildingsp02766c41310b823715	predicate-39.ibk5.lgi2	predicate-39.ibk5.gbi1	001e000000687474..001e000000687474	020700000035312e..020900000035312e	0
40	https://schema.org/longitude	predicate-40.ibk5	226	25836	c592ec38a225ae4f9d72e432abc9451e7da947afef87e07fa0e537723e516ebc	predicate-40.ibk5.merkle	1	https://kgx.foaf.tv/id/graphbuildingsp02766c41310b823715	predicate-40.ibk5.lgi2	predicate-40.ibk5.gbi1	001e000000687474..001e000000687474	02060000002d302e..02090000002d302e	0
41	https://schema.org/postalCode	predicate-41.ibk5	270	20117	330518e6b7993d43328c9e4fba1f861a1e0664fb5de9e24b75f7172c0dae7e67	predicate-41.ibk5.merkle	1	https://kgx.foaf.tv/id/graphbuildingsp02766c41310b823715	predicate-41.ibk5.lgi2	predicate-41.ibk5.gbi1	001e000000687474..001e000000687474	0207000000453134..0207000000453232	0
42	https://schema.org/sameAs	predicate-42.ibk5	226	23465	e534578c1437efbdd314e2a2686ab6cc57990e755be371068b70d4cd1a198e8b	predicate-42.ibk5.merkle	1	https://kgx.foaf.tv/id/graphbuildingsp02766c41310b823715	predicate-42.ibk5.lgi2	predicate-42.ibk5.gbi1	001e000000687474..001e000000687474	002a000000687474..002c000000687474	0
43	https://kgx.foaf.tv/vocab#toid	predicate-43.ibk5	199	22147	a0f3df41e17cee788a720ad3877785509b668c190e15275e6029fc08ca8480ee	predicate-43.ibk5.merkle	1	https://kgx.foaf.tv/id/graphbuildingsp02766c41310b823715	predicate-43.ibk5.lgi2	predicate-43.ibk5.gbi1	001e000000687474..001e000000687474	02110000006f7367..02140000006f7367	0
44	https://kgx.foaf.tv/vocab#uprnCount	predicate-44.ibk5	159	11767	42290e031eb393a274eb9cf214bb83a0db0acec31137e13901c1bcb27a1ae101	predicate-44.ibk5.merkle	1	https://kgx.foaf.tv/id/graphbuildingsp02766c41310b823715	predicate-44.ibk5.lgi2	predicate-44.ibk5.gbi1	001e000000687474..001e000000687474	0201000000312800..0203000000393936	0
45	http://www.w3.org/2002/07/owl#sameAs	predicate-45.ibk5	28	2942	172de133e3f2b90f365c1ca25b05bbed3ecd49709c9cf95f9f8ad144bb08979f	predicate-45.ibk5.merkle	1	https://kgx.foaf.tv/id/graphbuildingsp02766c41310b823715	predicate-45.ibk5.lgi2	predicate-45.ibk5.gbi1	001e000000687474..001e000000687474	0026000000687474..0029000000687474	0
46	https://kgx.foaf.tv/vocab#heightMetres	predicate-46.ibk5	40	3303	1f0cddf58480bff9859ff98f018ae67ac824a322cb5cc789ad6ca40a87f56283	predicate-46.ibk5.merkle	1	https://kgx.foaf.tv/id/graphbuildingsp02766c41310b823715	predicate-46.ibk5.lgi2	predicate-46.ibk5.gbi1	001e000000687474..001e000000687474	0201000000342800..020500000037302e	0
47	https://kgx.foaf.tv/vocab#levels	predicate-47.ibk5	136	9391	fe2c7bcb59cd297466d4f02d9eb94703ece12ea1fbec6628a0d0bcd2f1f0ce11	predicate-47.ibk5.merkle	1	https://kgx.foaf.tv/id/graphbuildingsp02766c41310b823715	predicate-47.ibk5.lgi2	predicate-47.ibk5.gbi1	001e000000687474..001e000000687474	0201000000312800..0202000000373528	0
48	https://schema.org/alternateName	predicate-48.ibk5	11	1433	9487c96c36b936153985f044a668c7058a61f84c0387382edafc757f9a0ef45e	predicate-48.ibk5.merkle	1	https://kgx.foaf.tv/id/graphbuildingsp02766c41310b823715	predicate-48.ibk5.lgi2	predicate-48.ibk5.gbi1	001e000000687474..001e000000687474	0204000000436974..021e000000486f62	0
49	https://schema.org/name	predicate-49.ibk5	82	10241	727e5d40e1e9a22eba0d039e3ee1c3de2dcb26baa167ee2c421890d78da6eef1	predicate-49.ibk5.merkle	1	https://kgx.foaf.tv/id/graphbuildingsp02766c41310b823715	predicate-49.ibk5.lgi2	predicate-49.ibk5.gbi1	001e000000687474..001e000000687474	0207000000416e69..0235000000416363	0
50	https://kgx.foaf.tv/vocab#houseName	predicate-50.ibk5	41	5313	428e15e91058f801e898f6eb951d071336e1c396e4c3e421099d69517b956759	predicate-50.ibk5.merkle	1	https://kgx.foaf.tv/id/graphbuildingsp02766c41310b823715	predicate-50.ibk5.lgi2	predicate-50.ibk5.gbi1	001e000000687474..001e000000687474	020b000000416172..021d000000427269	0
51	https://kgx.foaf.tv/vocab#levelsUnderground	predicate-51.ibk5	2	324	c6805d97f7294b7904b4c9e56f4f407866ccb8b5e4fcf01c93fb1e2b3dee90ce	predicate-51.ibk5.merkle	1	https://kgx.foaf.tv/id/graphbuildingsp02766c41310b823715	predicate-51.ibk5.lgi2	predicate-51.ibk5.gbi1	001e000000687474..001e000000687474	0201000000322800..0201000000322800	0
52	http://www.opengis.net/ont/geosparql#hasGeometry	predicate-52.ibk5	231	22814	962c572b0351648db0550d85c276ac8092de32d66d930d2767e6330ba72481b5	predicate-52.ibk5.merkle	1	https://kgx.foaf.tv/id/graphbuildingsp03b4b375a6fc4769c2	predicate-52.ibk5.lgi2	predicate-52.ibk5.gbi1	001e000000687474..001e000000687474	0026000000687474..0026000000687474	0
53	http://www.w3.org/1999/02/22-rdf-syntax-ns#type	predicate-53.ibk5	462	17560	20a103f87736e9135a37a8bb45e2244ee83277b2610cf37e8ca063de1bc43caa	predicate-53.ibk5.merkle	1	https://kgx.foaf.tv/id/graphbuildingsp03b4b375a6fc4769c2	predicate-53.ibk5.lgi2	predicate-53.ibk5.gbi1	001e000000687474..001e000000687474	0018000000687474..0022000000687474	0
54	https://kgx.foaf.tv/vocab#buildingTag	predicate-54.ibk5	231	13879	294121deaaacb7195e81baa75388568c09eaff6093d435d6c7bd0c2e789b6f19	predicate-54.ibk5.merkle	1	https://kgx.foaf.tv/id/graphbuildingsp03b4b375a6fc4769c2	predicate-54.ibk5.lgi2	predicate-54.ibk5.gbi1	001e000000687474..001e000000687474	0203000000687574..020e000000747261	0
55	https://kgx.foaf.tv/vocab#footprintAreaM2	predicate-55.ibk5	231	21279	4f28954404930a13222bb830d81bfeac9fddf8269ffa60efb058b7dd5e955fa6	predicate-55.ibk5.merkle	1	https://kgx.foaf.tv/id/graphbuildingsp03b4b375a6fc4769c2	predicate-55.ibk5.lgi2	predicate-55.ibk5.gbi1	001e000000687474..001e000000687474	0201000000372800..0204000000333839	0
56	https://kgx.foaf.tv/vocab#houseName	predicate-56.ibk5	37	4511	279bb0d828b6c49d12cb68adee70ead33f3a4c4986f2c9fdff6e63e1fd7681df	predicate-56.ibk5.merkle	1	https://kgx.foaf.tv/id/graphbuildingsp03b4b375a6fc4769c2	predicate-56.ibk5.lgi2	predicate-56.ibk5.gbi1	001e000000687474..001e000000687474	020a000000446f6c..021e000000446973	0
57	https://kgx.foaf.tv/vocab#levels	predicate-57.ibk5	138	9034	c46b4d77d8f160547d1eac7d075668b32c9b5d50f8a54720239a882e21164b93	predicate-57.ibk5.merkle	1	https://kgx.foaf.tv/id/graphbuildingsp03b4b375a6fc4769c2	predicate-57.ibk5.lgi2	predicate-57.ibk5.gbi1	001e000000687474..001e000000687474	0201000000312800..0203000000322e35	0
58	https://schema.org/identifier	predicate-58.ibk5	231	26029	5c3c377f2d406fcdd92981785cb391fbb71bf2827040738745f64aa293fa827a	predicate-58.ibk5.merkle	1	https://kgx.foaf.tv/id/graphbuildingsp03b4b375a6fc4769c2	predicate-58.ibk5.lgi2	predicate-58.ibk5.gbi1	001e000000687474..001e000000687474	0208000000637762..0208000000637762	0
59	https://schema.org/latitude	predicate-59.ibk5	231	25874	1dd3ae072868e6ed3913798f4bd5f4da60d9c066df2f9cae3169e563a0efecdd	predicate-59.ibk5.merkle	1	https://kgx.foaf.tv/id/graphbuildingsp03b4b375a6fc4769c2	predicate-59.ibk5.lgi2	predicate-59.ibk5.gbi1	001e000000687474..001e000000687474	020700000035312e..020900000035312e	0
60	https://schema.org/longitude	predicate-60.ibk5	231	26475	aa8afd674438e01182f7c38f6b0dfef42e623a49a4f84e420efc21a6f75253d3	predicate-60.ibk5.merkle	1	https://kgx.foaf.tv/id/graphbuildingsp03b4b375a6fc4769c2	predicate-60.ibk5.lgi2	predicate-60.ibk5.gbi1	001e000000687474..001e000000687474	02070000002d302e..02090000002d302e	0
61	https://schema.org/postalCode	predicate-61.ibk5	240	18362	3627ac4eeb195a0bbb37a39e402993a3afb2f2fb51cd433a13009b4a331ba71c	predicate-61.ibk5.merkle	1	https://kgx.foaf.tv/id/graphbuildingsp03b4b375a6fc4769c2	predicate-61.ibk5.lgi2	predicate-61.ibk5.gbi1	001e000000687474..001e000000687474	0207000000453134..0207000000453232	0
62	https://schema.org/sameAs	predicate-62.ibk5	231	23973	ed26c5902239b8097f238f640d20b16d42e35009132d434e31fc38f6f02d68bc	predicate-62.ibk5.merkle	1	https://kgx.foaf.tv/id/graphbuildingsp03b4b375a6fc4769c2	predicate-62.ibk5.lgi2	predicate-62.ibk5.gbi1	001e000000687474..001e000000687474	002a000000687474..002c000000687474	0
63	https://kgx.foaf.tv/vocab#toid	predicate-63.ibk5	261	28406	e294a5850e025a2ff2aaf86b09da9341f79e19baf57faa003d1f231bbf61a43e	predicate-63.ibk5.merkle	1	https://kgx.foaf.tv/id/graphbuildingsp03b4b375a6fc4769c2	predicate-63.ibk5.lgi2	predicate-63.ibk5.gbi1	001e000000687474..001e000000687474	02110000006f7367..02140000006f7367	0
64	https://kgx.foaf.tv/vocab#uprnCount	predicate-64.ibk5	186	13515	d6b9bcfe3c47b1621f328eedf08ed9c9a0836f28e0348a10293a79b6883940a8	predicate-64.ibk5.merkle	1	https://kgx.foaf.tv/id/graphbuildingsp03b4b375a6fc4769c2	predicate-64.ibk5.lgi2	predicate-64.ibk5.gbi1	001e000000687474..001e000000687474	0201000000312800..0203000000373939	0
65	https://schema.org/name	predicate-65.ibk5	42	5271	0bc220692696b21cf16579c9899185aad7ab7f60ef35fd8798a721d12062debf	predicate-65.ibk5.merkle	1	https://kgx.foaf.tv/id/graphbuildingsp03b4b375a6fc4769c2	predicate-65.ibk5.lgi2	predicate-65.ibk5.gbi1	001e000000687474..001e000000687474	020a00000041636f..0222000000556e69	0
66	http://www.w3.org/2002/07/owl#sameAs	predicate-66.ibk5	14	1558	29a191d974212ef8a7095cd6b079fffd7b2585cfbd86de56454d314f12e3e6de	predicate-66.ibk5.merkle	1	https://kgx.foaf.tv/id/graphbuildingsp03b4b375a6fc4769c2	predicate-66.ibk5.lgi2	predicate-66.ibk5.gbi1	001e000000687474..001e000000687474	0027000000687474..0029000000687474	0
67	https://kgx.foaf.tv/vocab#heightMetres	predicate-67.ibk5	5	696	1ab97015cbf51c579c86246f3b0239bfbc232ae24ad61b25f874462781e5d0cd	predicate-67.ibk5.merkle	1	https://kgx.foaf.tv/id/graphbuildingsp03b4b375a6fc4769c2	predicate-67.ibk5.lgi2	predicate-67.ibk5.gbi1	001e000000687474..001e000000687474	0201000000362800..020500000032372e	0
68	http://www.opengis.net/ont/geosparql#asWKT	predicate-68.ibk5	66	24888	cfbd8b9fcea6fe0bacbb52fa21e8ddec2080b60fe1b6695a067ba53dbcee56e2	predicate-68.ibk5.merkle	1	https://kgx.foaf.tv/id/graphbuildingsp0437783106cea3bfcc	predicate-68.ibk5.lgi2	predicate-68.ibk5.gbi1	0026000000687474..0026000000687474	0205010000504f4c..02fd020000504f4c	0
69	http://www.w3.org/1999/02/22-rdf-syntax-ns#type	predicate-69.ibk5	500	20726	c3e7f6f12b139c9952ae27887b0cc6218955cb2b0268435e3234e032a009bd5e	predicate-69.ibk5.merkle	1	https://kgx.foaf.tv/id/graphbuildingsp0437783106cea3bfcc	predicate-69.ibk5.lgi2	predicate-69.ibk5.gbi1	001e000000687474..0026000000687474	0018000000687474..002d000000687474	0
70	http://www.opengis.net/ont/geosparql#hasGeometry	predicate-70.ibk5	217	21442	beae3eac23f571641292936460940d7ebff4537b9d10d2befcfc033d683afb87	predicate-70.ibk5.merkle	1	https://kgx.foaf.tv/id/graphbuildingsp0437783106cea3bfcc	predicate-70.ibk5.lgi2	predicate-70.ibk5.gbi1	001e000000687474..001e000000687474	0026000000687474..0026000000687474	0
71	https://kgx.foaf.tv/vocab#buildingTag	predicate-71.ibk5	217	12826	7e514b1082f60dcd122312a2788d566e68bba5e61658db3365e299db8ba4bdf4	predicate-71.ibk5.merkle	1	https://kgx.foaf.tv/id/graphbuildingsp0437783106cea3bfcc	predicate-71.ibk5.lgi2	predicate-71.ibk5.gbi1	001e000000687474..001e000000687474	0203000000796573..020b000000726573	0
72	https://kgx.foaf.tv/vocab#footprintAreaM2	predicate-72.ibk5	217	18688	0a4807f013edc37672e7ddf0081b2463535599789f21b6f584d508386e0d175c	predicate-72.ibk5.merkle	1	https://kgx.foaf.tv/id/graphbuildingsp0437783106cea3bfcc	predicate-72.ibk5.lgi2	predicate-72.ibk5.gbi1	001e000000687474..001e000000687474	0201000000362800..0204000000333139	0
73	https://kgx.foaf.tv/vocab#levels	predicate-73.ibk5	141	8730	92a53591296180dad94323b499948262c673c6439bcf5bf15a2b4ca450a06845	predicate-73.ibk5.merkle	1	https://kgx.foaf.tv/id/graphbuildingsp0437783106cea3bfcc	predicate-73.ibk5.lgi2	predicate-73.ibk5.gbi1	001e000000687474..001e000000687474	0201000000312800..0202000000343128	0
74	https://kgx.foaf.tv/vocab#toid	predicate-74.ibk5	292	31766	902ab5d968a39b1850b41bbf8e624252ca0d1f1e8ec292d07f0d31703a115c7a	predicate-74.ibk5.merkle	1	https://kgx.foaf.tv/id/graphbuildingsp0437783106cea3bfcc	predicate-74.ibk5.lgi2	predicate-74.ibk5.gbi1	001e000000687474..001e000000687474	02110000006f7367..02140000006f7367	0
75	https://kgx.foaf.tv/vocab#uprnCount	predicate-75.ibk5	200	13392	7de5d222a2c7e17a0b4299f4e707ed397f421a8143d09a395f699bccd6b7732c	predicate-75.ibk5.merkle	1	https://kgx.foaf.tv/id/graphbuildingsp0437783106cea3bfcc	predicate-75.ibk5.lgi2	predicate-75.ibk5.gbi1	001e000000687474..001e000000687474	0201000000312800..0203000000353238	0
76	https://schema.org/identifier	predicate-76.ibk5	217	24461	158432c47614111670a6c6040939556dcf78c1b60ac8f01eefce04d8201be6bf	predicate-76.ibk5.merkle	1	https://kgx.foaf.tv/id/graphbuildingsp0437783106cea3bfcc	predicate-76.ibk5.lgi2	predicate-76.ibk5.gbi1	001e000000687474..001e000000687474	0208000000637762..0208000000637762	0
77	https://schema.org/latitude	predicate-77.ibk5	217	23861	e278686e39479da6b2bf6c6c3d1a55ce7d72f9220a66a0492a5b92bcb3fad552	predicate-77.ibk5.merkle	1	https://kgx.foaf.tv/id/graphbuildingsp0437783106cea3bfcc	predicate-77.ibk5.lgi2	predicate-77.ibk5.gbi1	001e000000687474..001e000000687474	020600000035312e..020900000035312e	0
78	https://schema.org/longitude	predicate-78.ibk5	217	24632	d16fbc09c97e34afb9deca3f62cd83ee315d0a9b49fa2be0322ed5a2c9f12dc9	predicate-78.ibk5.merkle	1	https://kgx.foaf.tv/id/graphbuildingsp0437783106cea3bfcc	predicate-78.ibk5.lgi2	predicate-78.ibk5.gbi1	001e000000687474..001e000000687474	02070000002d302e..02090000002d302e	0
79	https://schema.org/postalCode	predicate-79.ibk5	231	16579	787b7b796c2c05e7b2eb055bc445723df9ab44eb6464c577ca64ac293fd3dd66	predicate-79.ibk5.merkle	1	https://kgx.foaf.tv/id/graphbuildingsp0437783106cea3bfcc	predicate-79.ibk5.lgi2	predicate-79.ibk5.gbi1	001e000000687474..001e000000687474	0207000000453134..0207000000453134	0
80	https://schema.org/sameAs	predicate-80.ibk5	217	22570	4950551c5b5491d2b4f1c04b7650b5c1652a0bc5c0b2bab419020d52ff35cfd7	predicate-80.ibk5.merkle	1	https://kgx.foaf.tv/id/graphbuildingsp0437783106cea3bfcc	predicate-80.ibk5.lgi2	predicate-80.ibk5.gbi1	001e000000687474..001e000000687474	002a000000687474..002c000000687474	0
81	https://schema.org/name	predicate-81.ibk5	22	2817	731cfe3e3e58ffc941b066c45150477a738d08fb919d442add41a16ed84f8fef	predicate-81.ibk5.merkle	1	https://kgx.foaf.tv/id/graphbuildingsp0437783106cea3bfcc	predicate-81.ibk5.lgi2	predicate-81.ibk5.gbi1	001e000000687474..001e000000687474	0208000000546563..0223000000506172	0
82	https://kgx.foaf.tv/vocab#houseName	predicate-82.ibk5	25	3020	972c29473422dcc9dad33e7526839080559787c7db55a3498dbc11dbfb2dca7c	predicate-82.ibk5.merkle	1	https://kgx.foaf.tv/id/graphbuildingsp0437783106cea3bfcc	predicate-82.ibk5.lgi2	predicate-82.ibk5.gbi1	001e000000687474..001e000000687474	0209000000417368..0217000000546f6f	0
83	http://www.w3.org/2002/07/owl#sameAs	predicate-83.ibk5	3	456	09760dac069211aa0b324ae171766bdce049e7334d6bae2a398c383c9c8f900d	predicate-83.ibk5.merkle	1	https://kgx.foaf.tv/id/graphbuildingsp0437783106cea3bfcc	predicate-83.ibk5.lgi2	predicate-83.ibk5.gbi1	001e000000687474..001e000000687474	0028000000687474..0028000000687474	0
84	https://kgx.foaf.tv/vocab#heightMetres	predicate-84.ibk5	2	372	cb1c74ecabf27246c1338165161abbd6444cd38236cf0c1d3caeed0f7beb007a	predicate-84.ibk5.merkle	1	https://kgx.foaf.tv/id/graphbuildingsp0437783106cea3bfcc	predicate-84.ibk5.lgi2	predicate-84.ibk5.gbi1	001e000000687474..001e000000687474	0202000000333428..0202000000333928	0
85	http://www.opengis.net/ont/geosparql#asWKT	predicate-85.ibk5	1063	356492	2922e99f2ec23e53952e51d3043f8798b997bbe27090adb76d6f726d2a47f142	predicate-85.ibk5.merkle	1	https://kgx.foaf.tv/id/graphbuildingsp05724dfcab950355a0	predicate-85.ibk5.lgi2	predicate-85.ibk5.gbi1	0026000000687474..0026000000687474	0201020000504f4c..02fd020000504f4c	0
86	http://www.w3.org/1999/02/22-rdf-syntax-ns#type	predicate-86.ibk5	1063	67218	6dabb7d4b7078106e952245c2b64a488ab9b79d275f026bdaf848939cb8091c0	predicate-86.ibk5.merkle	1	https://kgx.foaf.tv/id/graphbuildingsp05724dfcab950355a0	predicate-86.ibk5.lgi2	predicate-86.ibk5.gbi1	0026000000687474..0026000000687474	002d000000687474..002d000000687474	0
87	https://kgx.foaf.tv/vocab#descriptionKind	predicate-87.ibk5	427	31018	d924b7c0bbe759d8415fad347f90963ebdba9011300fdd424068a354f5f68182	predicate-87.ibk5.merkle	1	https://kgx.foaf.tv/id/graphcorefirip00bbd621e64a93f6a5	predicate-87.ibk5.lgi2	predicate-87.ibk5.gbi1	002f000000687474..002f000000687474	02030000006f7267..0205000000706c61	0
88	https://schema.org/name	predicate-88.ibk5	425	32471	02edcf808367a58425d8a7646091fafa45a1e2371a9d146f7f2fa2822d98720c	predicate-88.ibk5.merkle	1	https://kgx.foaf.tv/id/graphcorefirip00bbd621e64a93f6a5	predicate-88.ibk5.lgi2	predicate-88.ibk5.gbi1	002f000000687474..002f000000687474	0203000000444d52..021e000000497461	0
89	https://schema.org/subjectOf	predicate-89.ibk5	427	68881	907e89384e449dbf6b5a9f68e81be9d6c97ea864817fd652287f154cf8bc2287	predicate-89.ibk5.merkle	1	https://kgx.foaf.tv/id/graphcorefirip00bbd621e64a93f6a5	predicate-89.ibk5.lgi2	predicate-89.ibk5.gbi1	002f000000687474..002f000000687474	0014000000687474..0081000000687474	0
90	http://www.w3.org/2002/07/owl#sameAs	predicate-90.ibk5	397	30307	1ede7e50144230ec1fd36fbfded97b0f023f2c9da6cc8cffa83eee423548b0da	predicate-90.ibk5.merkle	1	https://kgx.foaf.tv/id/graphcorefirip00bbd621e64a93f6a5	predicate-90.ibk5.lgi2	predicate-90.ibk5.gbi1	002f000000687474..002f000000687474	002f000000687474..002f000000687474	0
91	https://kgx.foaf.tv/vocab#descriptionKind	predicate-91.ibk5	84	6271	21d7cb31b8090c2a85fe7418ca2161052de06ed356c9a12ae7fe4fb1f4c3ebb5	predicate-91.ibk5.merkle	1	https://kgx.foaf.tv/id/graphcorefpostcodenamep007c84f59548876943	predicate-91.ibk5.lgi2	predicate-91.ibk5.gbi1	002f000000687474..002f000000687474	0205000000706c61..0205000000706c61	0
92	https://schema.org/name	predicate-92.ibk5	84	8454	f95291115379d78011a6122af84ae0f757344e3a2b14d13c887250adbd077e51	predicate-92.ibk5.merkle	1	https://kgx.foaf.tv/id/graphcorefpostcodenamep007c84f59548876943	predicate-92.ibk5.lgi2	predicate-92.ibk5.gbi1	002f000000687474..002f000000687474	02040000004d6f73..022d000000517565	0
93	https://schema.org/subjectOf	predicate-93.ibk5	84	8619	2d76d02469365c5ec60d3ee07ffa17649ef422e40a8b1b2fc9457b1124ff0d89	predicate-93.ibk5.merkle	1	https://kgx.foaf.tv/id/graphcorefpostcodenamep007c84f59548876943	predicate-93.ibk5.lgi2	predicate-93.ibk5.gbi1	002f000000687474..002f000000687474	0013000000687474..0047000000687474	0
94	http://www.w3.org/2002/07/owl#sameAs	predicate-94.ibk5	49	5512	6db99301f819681d35ef098daf27052295e228e4000ac6bd454605834628e6f7	predicate-94.ibk5.merkle	1	https://kgx.foaf.tv/id/graphcorefpostcodenamep007c84f59548876943	predicate-94.ibk5.lgi2	predicate-94.ibk5.gbi1	002f000000687474..002f000000687474	002f000000687474..002f000000687474	0
95	https://kgx.foaf.tv/vocab#descriptionKind	predicate-95.ibk5	427	31021	a567434269404530c1ea4106b94920f0e9a1d808044362aff3a7cf454c8807b0	predicate-95.ibk5.merkle	1	https://kgx.foaf.tv/id/graphcorefsameasp00e0f1aa82dbf6454e	predicate-95.ibk5.lgi2	predicate-95.ibk5.gbi1	002f000000687474..002f000000687474	02030000006f7267..0205000000706c61	0
96	https://schema.org/name	predicate-96.ibk5	426	32534	c2863335ef3199c82d056c354eed1428ec1e8ef40df38822ea65fd2a692e9d47	predicate-96.ibk5.merkle	1	https://kgx.foaf.tv/id/graphcorefsameasp00e0f1aa82dbf6454e	predicate-96.ibk5.lgi2	predicate-96.ibk5.gbi1	002f000000687474..002f000000687474	0203000000444d52..021a000000546f72	0
97	https://schema.org/subjectOf	predicate-97.ibk5	427	68913	a083c5ea2f640969e3f76db471830da6e461d9a3c2814ea1a1525d9874990a45	predicate-97.ibk5.merkle	1	https://kgx.foaf.tv/id/graphcorefsameasp00e0f1aa82dbf6454e	predicate-97.ibk5.lgi2	predicate-97.ibk5.gbi1	002f000000687474..002f000000687474	0013000000687474..0081000000687474	0
98	http://www.w3.org/2002/07/owl#sameAs	predicate-98.ibk5	400	30370	119fb4db620e2d9b9bdd00f4b2c9ac0d47f44d7b091348a3048137b59f200600	predicate-98.ibk5.merkle	1	https://kgx.foaf.tv/id/graphcorefsameasp00e0f1aa82dbf6454e	predicate-98.ibk5.lgi2	predicate-98.ibk5.gbi1	002f000000687474..002f000000687474	002f000000687474..002f000000687474	0
99	https://kgx.foaf.tv/vocab#descriptionKind	predicate-99.ibk5	162	11935	3aff39d6e6fd1dee98d57e01dbcecfd0f0f50dfae285d00cb51b39b298f4c193	predicate-99.ibk5.merkle	1	https://kgx.foaf.tv/id/graphcorefsitenamep00d0f4b64d58023481	predicate-99.ibk5.lgi2	predicate-99.ibk5.gbi1	002f000000687474..002f000000687474	02030000006f7267..0205000000706c61	0
100	https://schema.org/name	predicate-100.ibk5	162	15349	331d447714d4e835e4404db2da3a6a0802a49ba36209738c20c148175cd440ec	predicate-100.ibk5.merkle	1	https://kgx.foaf.tv/id/graphcorefsitenamep00d0f4b64d58023481	predicate-100.ibk5.lgi2	predicate-100.ibk5.gbi1	002f000000687474..002f000000687474	0203000000444d52..022d000000517565	0
101	https://schema.org/subjectOf	predicate-101.ibk5	162	15348	558aba52735880be3e86c9519ec75d13cf099048cdc55999b086188f40e1fff6	predicate-101.ibk5.merkle	1	https://kgx.foaf.tv/id/graphcorefsitenamep00d0f4b64d58023481	predicate-101.ibk5.lgi2	predicate-101.ibk5.gbi1	002f000000687474..002f000000687474	0013000000687474..0067000000687474	0
102	http://www.w3.org/2002/07/owl#sameAs	predicate-102.ibk5	107	10724	d6b6efcfa7596a6da1cf4ca28db9b8c15ef7025c012fb1f93ed505661322d413	predicate-102.ibk5.merkle	1	https://kgx.foaf.tv/id/graphcorefsitenamep00d0f4b64d58023481	predicate-102.ibk5.lgi2	predicate-102.ibk5.gbi1	002f000000687474..002f000000687474	002f000000687474..002f000000687474	0
103	https://kgx.foaf.tv/vocab#descriptionKind	predicate-103.ibk5	47	3656	7553af819959eb0b3fc887f23d4757e1b715818a739b19afc1382207ede04532	predicate-103.ibk5.merkle	1	https://kgx.foaf.tv/id/graphcoreftelephonep00c1603c7838179b45	predicate-103.ibk5.lgi2	predicate-103.ibk5.gbi1	002f000000687474..002f000000687474	02030000006f7267..0205000000706c61	0
104	https://schema.org/name	predicate-104.ibk5	47	4702	fc44b4b14064f72b5e83aebd479797b5aca65095304fe3c29bee3ba2eee6f5f7	predicate-104.ibk5.merkle	1	https://kgx.foaf.tv/id/graphcoreftelephonep00c1603c7838179b45	predicate-104.ibk5.lgi2	predicate-104.ibk5.gbi1	002f000000687474..002f000000687474	02040000004d6f73..021a000000446972	0
105	https://schema.org/subjectOf	predicate-105.ibk5	47	5023	e0af6247fdabe37ff3dcd1a79b46afe45186e1ece87da30bd7067ded0bc11706	predicate-105.ibk5.merkle	1	https://kgx.foaf.tv/id/graphcoreftelephonep00c1603c7838179b45	predicate-105.ibk5.lgi2	predicate-105.ibk5.gbi1	002f000000687474..002f000000687474	0013000000687474..0047000000687474	0
106	http://www.w3.org/2002/07/owl#sameAs	predicate-106.ibk5	26	3125	abc5899c1ea275deb7416b756279c24df5d77c00b6df75677f5864f36675b836	predicate-106.ibk5.merkle	1	https://kgx.foaf.tv/id/graphcoreftelephonep00c1603c7838179b45	predicate-106.ibk5.lgi2	predicate-106.ibk5.gbi1	002f000000687474..002f000000687474	002f000000687474..002f000000687474	0
107	http://www.opengis.net/ont/geosparql#hasGeometry	predicate-107.ibk5	12	1708	4d6cebf6809c60746534632f315d2adbf91735a164b128287b60e096db6359e6	predicate-107.ibk5.merkle	1	https://kgx.foaf.tv/id/graphcoverageimageryp004bbe92b4ee0a19d4	predicate-107.ibk5.lgi2	predicate-107.ibk5.gbi1	001f000000687474..0032000000687474	0027000000687474..003a000000687474	0
108	http://www.w3.org/1999/02/22-rdf-syntax-ns#type	predicate-108.ibk5	36	3024	2280c151cc920016080a17eaac0235a47e763c570575bf26ffada8cd5c44ae5c	predicate-108.ibk5.merkle	1	https://kgx.foaf.tv/id/graphcoverageimageryp004bbe92b4ee0a19d4	predicate-108.ibk5.lgi2	predicate-108.ibk5.gbi1	001f000000687474..003e000000687474	0023000000687474..0027000000687474	0
109	http://www.w3.org/2000/01/rdf-schema#label	predicate-109.ibk5	182	20967	11c5266945f0819f5c9dee1e20ca415b73d785b2b22d9566962528e18185e2d2	predicate-109.ibk5.merkle	1	https://kgx.foaf.tv/id/graphcoverageimageryp004bbe92b4ee0a19d4	predicate-109.ibk5.lgi2	predicate-109.ibk5.gbi1	001f000000687474..0067000000687474	02090000004c696d..0241000000526f74	0
110	http://www.opengis.net/ont/geosparql#asWKT	predicate-110.ibk5	12	2944	4838415c92ae0bbb9bbbddd0ef8de28291dff87f953fc9b03f24c26adef948d7	predicate-110.ibk5.merkle	1	https://kgx.foaf.tv/id/graphcoverageimageryp004bbe92b4ee0a19d4	predicate-110.ibk5.lgi2	predicate-110.ibk5.gbi1	0027000000687474..003a000000687474	024e000000504f4c..026e000000504f4c	0
111	http://purl.org/dc/terms/date	predicate-111.ibk5	19	1731	5d342dab1897c62fceac609a240c1f55090450ec06f2455764a5616c8dc11e0a	predicate-111.ibk5.merkle	1	https://kgx.foaf.tv/id/graphcoverageimageryp004bbe92b4ee0a19d4	predicate-111.ibk5.lgi2	predicate-111.ibk5.gbi1	002e000000687474..003e000000687474	020a000000323032..020a000000323032	0
112	https://kgx.foaf.tv/vocab#area	predicate-112.ibk5	19	1889	34af3ab56b60933eca0ff6de574ff9238163dc38905d7ab94085055cb373b0e9	predicate-112.ibk5.merkle	1	https://kgx.foaf.tv/id/graphcoverageimageryp004bbe92b4ee0a19d4	predicate-112.ibk5.lgi2	predicate-112.ibk5.gbi1	002e000000687474..003e000000687474	001f000000687474..002a000000687474	0
113	https://kgx.foaf.tv/vocab#count	predicate-113.ibk5	110	11604	004482e810f43442676f474df79f8277f45905d3aab75709be9ad1af1ab2481d	predicate-113.ibk5.merkle	1	https://kgx.foaf.tv/id/graphcoverageimageryp004bbe92b4ee0a19d4	predicate-113.ibk5.lgi2	predicate-113.ibk5.gbi1	002e000000687474..004b000000687474	0201000000302800..0204000000353231	0
114	https://kgx.foaf.tv/vocab#firstDate	predicate-114.ibk5	16	2056	605fd4f4ad885aba8042dc791503ccb186c3ff9d8dff28d240fdaf67c1443bde	predicate-114.ibk5.merkle	1	https://kgx.foaf.tv/id/graphcoverageimageryp004bbe92b4ee0a19d4	predicate-114.ibk5.lgi2	predicate-114.ibk5.gbi1	002e000000687474..003e000000687474	020a000000313939..020a000000323032	0
115	https://kgx.foaf.tv/vocab#inYear	predicate-115.ibk5	84	8344	1404d545ebc43710579dffed87f9dfead732a0c3cf6de99f78802faedd018248	predicate-115.ibk5.merkle	1	https://kgx.foaf.tv/id/graphcoverageimageryp004bbe92b4ee0a19d4	predicate-115.ibk5.lgi2	predicate-115.ibk5.gbi1	002e000000687474..003e000000687474	0036000000687474..0046000000687474	0
116	https://kgx.foaf.tv/vocab#lastDate	predicate-116.ibk5	16	2055	b9287e314a25955150c79dad9bf7c69f9cf651e53f0def3a4fd8adf1a6cceb33	predicate-116.ibk5.merkle	1	https://kgx.foaf.tv/id/graphcoverageimageryp004bbe92b4ee0a19d4	predicate-116.ibk5.lgi2	predicate-116.ibk5.gbi1	002e000000687474..003e000000687474	020a000000323032..020a000000323032	0
117	https://kgx.foaf.tv/vocab#product	predicate-117.ibk5	172	18654	865aab246b23de9329830c1f9a5e6fd9f46a5026869e0d7079822bbce0325d62	predicate-117.ibk5.merkle	1	https://kgx.foaf.tv/id/graphcoverageimageryp004bbe92b4ee0a19d4	predicate-117.ibk5.lgi2	predicate-117.ibk5.gbi1	002e000000687474..0039000000687474	0041000000687474..0067000000687474	0
118	https://kgx.foaf.tv/vocab#request	predicate-118.ibk5	19	3885	a04fa7b19ab4b2e49e3fbbce76210e02c747e58151a3b2927f8bc27155865c0b	predicate-118.ibk5.merkle	1	https://kgx.foaf.tv/id/graphcoverageimageryp004bbe92b4ee0a19d4	predicate-118.ibk5.lgi2	predicate-118.ibk5.gbi1	002e000000687474..003e000000687474	0242000000687474..027b000000504f53	0
119	https://kgx.foaf.tv/vocab#source	predicate-119.ibk5	19	1856	6713989ea235a035a19217e9a5f6f42d92b93344ce594f0870bb623a6384b40d	predicate-119.ibk5.merkle	1	https://kgx.foaf.tv/id/graphcoverageimageryp004bbe92b4ee0a19d4	predicate-119.ibk5.lgi2	predicate-119.ibk5.gbi1	002e000000687474..003e000000687474	0026000000687474..002b000000687474	0
120	https://kgx.foaf.tv/vocab#resolution	predicate-120.ibk5	172	18681	51cc5ca83f6d02918315a7fecf0b43a7f9a6c9e74737857ec65cda2d008f1248	predicate-120.ibk5.merkle	1	https://kgx.foaf.tv/id/graphcoverageimageryp004bbe92b4ee0a19d4	predicate-120.ibk5.lgi2	predicate-120.ibk5.gbi1	0041000000687474..0067000000687474	0202000000316d27..0204000000302e35	0
121	https://kgx.foaf.tv/vocab#tiles	predicate-121.ibk5	172	18618	4d0aa63131199a6dd94251a25050413b8bcf3adf12f11a30aa0838e2ca06a1b4	predicate-121.ibk5.merkle	1	https://kgx.foaf.tv/id/graphcoverageimageryp004bbe92b4ee0a19d4	predicate-121.ibk5.lgi2	predicate-121.ibk5.gbi1	0041000000687474..0067000000687474	0201000000312800..0201000000352800	0
122	https://kgx.foaf.tv/vocab#year	predicate-122.ibk5	256	26544	2f9abe8c97ee95d81817b399bc3dfd0fe33ccba3f630b25ecfe61d07c0fabd0b	predicate-122.ibk5.merkle	1	https://kgx.foaf.tv/id/graphcoverageimageryp004bbe92b4ee0a19d4	predicate-122.ibk5.lgi2	predicate-122.ibk5.gbi1	0036000000687474..0067000000687474	0204000000313939..0204000000323032	0
123	https://kgx.foaf.tv/vocab#requests	predicate-123.ibk5	4	691	14d1bb329cdf811767305361c2205da92fdd37f927fe28d37637ad01f2368a91	predicate-123.ibk5.merkle	1	https://kgx.foaf.tv/id/graphcoverageimageryp004bbe92b4ee0a19d4	predicate-123.ibk5.lgi2	predicate-123.ibk5.gbi1	0034000000687474..003a000000687474	0202000000333028..0203000000313038	0
124	https://kgx.foaf.tv/vocab#sequences	predicate-124.ibk5	4	689	963b349d770dd80d7e4339635fe0b7c9d8dce088d7c11af745575e4747b421ac	predicate-124.ibk5.merkle	1	https://kgx.foaf.tv/id/graphcoverageimageryp004bbe92b4ee0a19d4	predicate-124.ibk5.lgi2	predicate-124.ibk5.gbi1	0034000000687474..003a000000687474	0201000000372800..0202000000313528	0
125	https://kgx.foaf.tv/vocab#byLicence	predicate-125.ibk5	7	1236	e8890246a1a04a17fd077378a12f22fe5d47c15a53dbb4b990fe399a405beeaa	predicate-125.ibk5.merkle	1	https://kgx.foaf.tv/id/graphcoverageimageryp004bbe92b4ee0a19d4	predicate-125.ibk5.lgi2	predicate-125.ibk5.gbi1	002f000000687474..003e000000687474	003e000000687474..004b000000687474	0
126	https://schema.org/license	predicate-126.ibk5	19	2032	0c222e83b1d9c2f5495a075c0b2b300895b2343ae4e878b127aa1006d921eab4	predicate-126.ibk5.merkle	1	https://kgx.foaf.tv/id/graphcoverageimageryp004bbe92b4ee0a19d4	predicate-126.ibk5.lgi2	predicate-126.ibk5.gbi1	0026000000687474..004b000000687474	02080000004f474c..021e000000706572	0
127	https://kgx.foaf.tv/vocab#collections	predicate-127.ibk5	5	762	3eee87b245423599e5ccc5124c4e0075cf1b67bc2f2607f08b4f7b4362258099	predicate-127.ibk5.merkle	1	https://kgx.foaf.tv/id/graphcoverageimageryp004bbe92b4ee0a19d4	predicate-127.ibk5.lgi2	predicate-127.ibk5.gbi1	002f000000687474..003a000000687474	0201000000322800..0202000000363928	0
128	https://kgx.foaf.tv/vocab#withSemantics	predicate-128.ibk5	5	764	f1f2ac167ca88666ba1b6ceb7f38520d98ef55dcfd11c9b463db6215fda3a58f	predicate-128.ibk5.merkle	1	https://kgx.foaf.tv/id/graphcoverageimageryp004bbe92b4ee0a19d4	predicate-128.ibk5.lgi2	predicate-128.ibk5.gbi1	002f000000687474..003a000000687474	0201000000302800..0202000000363628	0
129	https://kgx.foaf.tv/vocab#status	predicate-129.ibk5	1	333	1185f7e3bc699218093e603eae3ba066b9ea4960bfd55f7f266f3d6ba306344a	predicate-129.ibk5.merkle	1	https://kgx.foaf.tv/id/graphcoverageimageryp004bbe92b4ee0a19d4	predicate-129.ibk5.lgi2	predicate-129.ibk5.gbi1	0027000000687474..0027000000687474	023e000000736b69..023e000000736b69	0
130	https://kgx.foaf.tv/vocab#gsdMetres	predicate-130.ibk5	7	1162	4fc54060ff929c4e35da102827611cbd384a29af00a834038c52825a436a268d	predicate-130.ibk5.merkle	1	https://kgx.foaf.tv/id/graphcoverageimageryp004bbe92b4ee0a19d4	predicate-130.ibk5.lgi2	predicate-130.ibk5.gbi1	0032000000687474..0032000000687474	020f000000302e30..0214000000302e30	0
131	https://kgx.foaf.tv/vocab#inArea	predicate-131.ibk5	11	846	6f770e7a1f1f490be408dd4170494300cfccbbab196c0f13a4b9ebe92c3b331a	predicate-131.ibk5.merkle	1	https://kgx.foaf.tv/id/graphcoverageimageryp004bbe92b4ee0a19d4	predicate-131.ibk5.lgi2	predicate-131.ibk5.gbi1	0032000000687474..0032000000687474	001f000000687474..002a000000687474	0
132	https://kgx.foaf.tv/vocab#platform	predicate-132.ibk5	7	737	d8bcc32f87ca085b67d84442d5edb49c9904281aa7e8ca601856cfa90e8db90f	predicate-132.ibk5.merkle	1	https://kgx.foaf.tv/id/graphcoverageimageryp004bbe92b4ee0a19d4	predicate-132.ibk5.lgi2	predicate-132.ibk5.gbi1	0032000000687474..0032000000687474	0203000000756176..0203000000756176	0
133	https://schema.org/contentUrl	predicate-133.ibk5	7	1437	d293e55e9965373969a1e8124799c5ec7bc74fda845115f56cecd124c9ec98f0	predicate-133.ibk5.merkle	1	https://kgx.foaf.tv/id/graphcoverageimageryp004bbe92b4ee0a19d4	predicate-133.ibk5.lgi2	predicate-133.ibk5.gbi1	0032000000687474..0032000000687474	0060000000687474..006a000000687474	0
134	https://schema.org/dateCreated	predicate-134.ibk5	7	1192	22caffde77e095db328e96dcb8ca69f1a558e5a9f78058d8f3d38c8ede4a390e	predicate-134.ibk5.merkle	1	https://kgx.foaf.tv/id/graphcoverageimageryp004bbe92b4ee0a19d4	predicate-134.ibk5.lgi2	predicate-134.ibk5.gbi1	0032000000687474..0032000000687474	0218000000323032..0218000000323032	0
135	https://schema.org/name	predicate-135.ibk5	7	1091	c630ffc2ab650e8c20cc86357c4208c472cf4edd3fe60f69b45a0948ea877435	predicate-135.ibk5.merkle	1	https://kgx.foaf.tv/id/graphcoverageimageryp004bbe92b4ee0a19d4	predicate-135.ibk5.lgi2	predicate-135.ibk5.gbi1	0032000000687474..0032000000687474	020d00000043616e..022300000043616e	0
136	https://schema.org/dateModified	predicate-136.ibk5	173	24425	b890b16ec92a2ac3f6c211fad7f00a1ade059ced05483339a0f8a89ba9da839a	predicate-136.ibk5.merkle	1	https://kgx.foaf.tv/id/graphcwgp00b72c50d2ac52505b	predicate-136.ibk5.lgi2	predicate-136.ibk5.gbi1	0020000000687474..002f000000687474	0219000000323032..0219000000323032	0
137	https://schema.org/datePublished	predicate-137.ibk5	179	23407	b43b3aaf3d1e740a5015b49d230c93a092aad5341ce4145ca4a1d85262223087	predicate-137.ibk5.merkle	1	https://kgx.foaf.tv/id/graphcwgp00b72c50d2ac52505b	predicate-137.ibk5.lgi2	predicate-137.ibk5.gbi1	0020000000687474..002f000000687474	0219000000323031..0219000000323032	0
138	http://www.w3.org/1999/02/22-rdf-syntax-ns#type	predicate-138.ibk5	272	19800	4f530e059c6b3110cbd56c6453dc9496ae69d28e7e5e93008af330cfa8355f1b	predicate-138.ibk5.merkle	1	https://kgx.foaf.tv/id/graphcwgp00b72c50d2ac52505b	predicate-138.ibk5.lgi2	predicate-138.ibk5.gbi1	0023000000687474..002f000000687474	0018000000687474..002c000000687474	0
139	https://kgx.foaf.tv/vocab#hoursAsOf	predicate-139.ibk5	63	5312	6a8ccd9a2369df0b74ea6010ec09e542d9b27568f8f443dcb982bf31fa605b4a	predicate-139.ibk5.merkle	1	https://kgx.foaf.tv/id/graphcwgp00b72c50d2ac52505b	predicate-139.ibk5.lgi2	predicate-139.ibk5.gbi1	0027000000687474..002f000000687474	020a000000323032..020a000000323032	0
140	https://kgx.foaf.tv/vocab#levelText	predicate-140.ibk5	53	4488	eb02996d8966de3f473074d3c257b9ad7b2f4b1b404bbd3c6dab16f9f360b053	predicate-140.ibk5.merkle	1	https://kgx.foaf.tv/id/graphcwgp00b72c50d2ac52505b	predicate-140.ibk5.lgi2	predicate-140.ibk5.gbi1	0027000000687474..002f000000687474	02080000004c6576..020f0000004d616c	0
141	https://kgx.foaf.tv/vocab#registryBuilding	predicate-141.ibk5	65	5382	51a28602ad4b8fd0f4522df7519ae6ede29895bdb859e14429475c9fdbaedc8e	predicate-141.ibk5.merkle	1	https://kgx.foaf.tv/id/graphcwgp00b72c50d2ac52505b	predicate-141.ibk5.lgi2	predicate-141.ibk5.gbi1	0027000000687474..002f000000687474	001e000000687474..001e000000687474	0
142	https://schema.org/address	predicate-142.ibk5	71	8135	4af51477a575ce3f1abb3cb7b49a490744e2253a0e9fdc75e0842ecbc7ab21a0	predicate-142.ibk5.merkle	1	https://kgx.foaf.tv/id/graphcwgp00b72c50d2ac52505b	predicate-142.ibk5.lgi2	predicate-142.ibk5.gbi1	0027000000687474..002f000000687474	0021000000687474..0029000000687474	0
143	https://schema.org/containedInPlace	predicate-143.ibk5	141	8409	6a7d1d88c86f1fbd3f86b627fd12fc0ff154b23702e08745aa9ebaad26ae215c	predicate-143.ibk5.merkle	1	https://kgx.foaf.tv/id/graphcwgp00b72c50d2ac52505b	predicate-143.ibk5.lgi2	predicate-143.ibk5.gbi1	0027000000687474..002f000000687474	0023000000687474..0212000000466973	0
144	https://schema.org/name	predicate-144.ibk5	105	14141	5a6cdaebeb6740c1d2dfa619baa64201353240d084cc0be67b72bedadbcb1f88	predicate-144.ibk5.merkle	1	https://kgx.foaf.tv/id/graphcwgp00b72c50d2ac52505b	predicate-144.ibk5.lgi2	predicate-144.ibk5.gbi1	0023000000687474..002f000000687474	0203000000417263..0248000000426172	0
145	https://schema.org/openingHours	predicate-145.ibk5	63	8651	0c3bc3d05bd18898d6e4f97444eff18b039255246f15fbf48595cd943f94860e	predicate-145.ibk5.merkle	1	https://kgx.foaf.tv/id/graphcwgp00b72c50d2ac52505b	predicate-145.ibk5.lgi2	predicate-145.ibk5.gbi1	0027000000687474..002f000000687474	020400000032342f..024c0000004d6f2c	0
146	https://schema.org/openingHoursSpecification	predicate-146.ibk5	429	34245	5360d29a038ed9a3a302130de20fa8072f0ae908d1966ac087df0d583dd55fea	predicate-146.ibk5.merkle	1	https://kgx.foaf.tv/id/graphcwgp00b72c50d2ac52505b	predicate-146.ibk5.lgi2	predicate-146.ibk5.gbi1	0027000000687474..002f000000687474	0029000000687474..0034000000687474	0
147	https://schema.org/subjectOf	predicate-147.ibk5	73	8305	98379b9e2fde109109d33f290f755449142cb3ceafaff2c64cdc4941ea823c59	predicate-147.ibk5.merkle	1	https://kgx.foaf.tv/id/graphcwgp00b72c50d2ac52505b	predicate-147.ibk5.lgi2	predicate-147.ibk5.gbi1	0027000000687474..002f000000687474	0020000000687474..0028000000687474	0
148	https://schema.org/url	predicate-148.ibk5	58	6372	2f114875877897072d3d7d407d8326a283189eb15bd2617103c769a1717d25dd	predicate-148.ibk5.merkle	1	https://kgx.foaf.tv/id/graphcwgp00b72c50d2ac52505b	predicate-148.ibk5.lgi2	predicate-148.ibk5.gbi1	0027000000687474..002f000000687474	0010000000687474..006b000000687474	0
149	https://schema.org/servesCuisine	predicate-149.ibk5	3	413	c36f8f161f64388e0c584e82baa74a573037a7b1116cff530614a350554763ac	predicate-149.ibk5.merkle	1	https://kgx.foaf.tv/id/graphcwgp00b72c50d2ac52505b	predicate-149.ibk5.lgi2	predicate-149.ibk5.gbi1	002d000000687474..002f000000687474	0205000000417369..0205000000417369	0
150	https://kgx.foaf.tv/vocab#status	predicate-150.ibk5	2	346	67fb6f68f5c5e535812b90a2b00dd9b45c5fa2810c4d883c70dfec895a641f79	predicate-150.ibk5.merkle	1	https://kgx.foaf.tv/id/graphcwgp00b72c50d2ac52505b	predicate-150.ibk5.lgi2	predicate-150.ibk5.gbi1	002c000000687474..002e000000687474	020b000000636f6d..020b000000636f6d	0
151	https://schema.org/addressCountry	predicate-151.ibk5	183	12447	86051f504238266c4366b5e70e9ba2a2978ccb4a8790af609fbc87e4c76ad0fa	predicate-151.ibk5.merkle	1	https://kgx.foaf.tv/id/graphcwgp00b72c50d2ac52505b	predicate-151.ibk5.lgi2	predicate-151.ibk5.gbi1	0021000000687474..002f000000687474	0202000000474227..0202000000474227	0
152	https://schema.org/postalCode	predicate-152.ibk5	174	14066	ee4e1fa86d2724ecd1d0512236cc4bfb68605a29baf06b942ff5bdd589965542	predicate-152.ibk5.merkle	1	https://kgx.foaf.tv/id/graphcwgp00b72c50d2ac52505b	predicate-152.ibk5.lgi2	predicate-152.ibk5.gbi1	0021000000687474..002f000000687474	0207000000453134..0207000000453232	0
153	https://schema.org/streetAddress	predicate-153.ibk5	59	6810	c302024d948191d620e58f2856339f657f65265b06e33aa6f91aa574e6d8ac73	predicate-153.ibk5.merkle	1	https://kgx.foaf.tv/id/graphcwgp00b72c50d2ac52505b	predicate-153.ibk5.lgi2	predicate-153.ibk5.gbi1	0021000000687474..002f000000687474	020a000000352057..021800000032352d	0
154	https://kgx.foaf.tv/vocab#closesMinute	predicate-154.ibk5	167	12547	58b210573558badab3cc3a788206281b5dfecfc9926554347a215d2df025c9d7	predicate-154.ibk5.merkle	1	https://kgx.foaf.tv/id/graphcwgp00b72c50d2ac52505b	predicate-154.ibk5.lgi2	predicate-154.ibk5.gbi1	0029000000687474..002f000000687474	0203000000373230..0204000000313434	0
155	https://kgx.foaf.tv/vocab#opensMinute	predicate-155.ibk5	167	12269	4cdb903959cf02c281f65aa9450b8650725aee1a30239ce0b6721a47e6beaae0	predicate-155.ibk5.merkle	1	https://kgx.foaf.tv/id/graphcwgp00b72c50d2ac52505b	predicate-155.ibk5.lgi2	predicate-155.ibk5.gbi1	0029000000687474..002f000000687474	0201000000302800..0203000000373230	0
156	https://schema.org/closes	predicate-156.ibk5	167	12538	9e4a8f56d9674ce0effd539862e2ecc2d09b0b28d400ce47e01057f8c4d82724	predicate-156.ibk5.merkle	1	https://kgx.foaf.tv/id/graphcwgp00b72c50d2ac52505b	predicate-156.ibk5.lgi2	predicate-156.ibk5.gbi1	0029000000687474..002f000000687474	020500000030303a..020500000032333a	0
157	https://schema.org/dayOfWeek	predicate-157.ibk5	167	12003	ddbfc2e93b8cf095475975fc5e7a603cd041f5b62c719c4003e332441d68a26e	predicate-157.ibk5.merkle	1	https://kgx.foaf.tv/id/graphcwgp00b72c50d2ac52505b	predicate-157.ibk5.lgi2	predicate-157.ibk5.gbi1	0029000000687474..002f000000687474	0019000000687474..001c000000687474	0
158	https://schema.org/opens	predicate-158.ibk5	167	12267	2cd77fa3a7bde1c9303f29de58512f107b4a25e046378c94ce4472f0f2aee688	predicate-158.ibk5.merkle	1	https://kgx.foaf.tv/id/graphcwgp00b72c50d2ac52505b	predicate-158.ibk5.lgi2	predicate-158.ibk5.gbi1	0029000000687474..002f000000687474	020500000030303a..020500000031323a	0
159	http://www.w3.org/1999/02/22-rdf-syntax-ns#type	predicate-159.ibk5	366	28028	d8ea7ff3b46c624f27676adf2cfb98a39cddaa74ae9ba09d9a7ba9b75f14474c	predicate-159.ibk5.merkle	1	https://kgx.foaf.tv/id/graphcwgp01ecf1e04b1e12b3a9	predicate-159.ibk5.lgi2	predicate-159.ibk5.gbi1	002f000000687474..0033000000687474	0018000000687474..002c000000687474	0
160	https://kgx.foaf.tv/vocab#hoursAsOf	predicate-160.ibk5	56	4821	094beb666f73a1b5a75a33e3512cd0ac29630c6be19b75e1651d75f3249c0471	predicate-160.ibk5.merkle	1	https://kgx.foaf.tv/id/graphcwgp01ecf1e04b1e12b3a9	predicate-160.ibk5.lgi2	predicate-160.ibk5.gbi1	0030000000687474..0033000000687474	020a000000323032..020a000000323032	0
161	https://schema.org/containedInPlace	predicate-161.ibk5	119	7785	7b0cdc2d9178e6d2aadbd4a37a5e73ff98ac7f9bd27006ee23c36ae08fbcd1c9	predicate-161.ibk5.merkle	1	https://kgx.foaf.tv/id/graphcwgp01ecf1e04b1e12b3a9	predicate-161.ibk5.lgi2	predicate-161.ibk5.gbi1	0030000000687474..0033000000687474	0023000000687474..0211000000576573	0
162	https://schema.org/name	predicate-162.ibk5	63	9175	5da7ede0b056fce2af3ba4e8fb78633aed9a4c6e9319ab933542be0fddf302b8	predicate-162.ibk5.merkle	1	https://kgx.foaf.tv/id/graphcwgp01ecf1e04b1e12b3a9	predicate-162.ibk5.lgi2	predicate-162.ibk5.gbi1	0030000000687474..0033000000687474	0206000000484559..0261000000496e74	0
163	https://schema.org/openingHours	predicate-163.ibk5	56	8785	69320fb2618804f79012772c27ad0aba8c088b81ec98003033ccb16d55ee799d	predicate-163.ibk5.merkle	1	https://kgx.foaf.tv/id/graphcwgp01ecf1e04b1e12b3a9	predicate-163.ibk5.lgi2	predicate-163.ibk5.gbi1	0030000000687474..0033000000687474	02110000004d6f2d..02540000004d6f2c	0
164	https://schema.org/openingHoursSpecification	predicate-164.ibk5	364	31177	6b12c3d26822bf8b254c9fefdb440cc06477651f5937215bb78cfcdb7aa55f2b	predicate-164.ibk5.merkle	1	https://kgx.foaf.tv/id/graphcwgp01ecf1e04b1e12b3a9	predicate-164.ibk5.lgi2	predicate-164.ibk5.gbi1	0030000000687474..0033000000687474	0030000000687474..0038000000687474	0
165	https://schema.org/subjectOf	predicate-165.ibk5	63	7803	1911428d4a113621a1098192cc34e510cc02eadfc3cd0899b5f715c4bcd21012	predicate-165.ibk5.merkle	1	https://kgx.foaf.tv/id/graphcwgp01ecf1e04b1e12b3a9	predicate-165.ibk5.lgi2	predicate-165.ibk5.gbi1	0030000000687474..0033000000687474	0029000000687474..002c000000687474	0
166	https://schema.org/url	predicate-166.ibk5	54	6099	b5380f6bf45d57ba91815b777eb7a0d87433d75fba1914e16572f8be36559843	predicate-166.ibk5.merkle	1	https://kgx.foaf.tv/id/graphcwgp01ecf1e04b1e12b3a9	predicate-166.ibk5.lgi2	predicate-166.ibk5.gbi1	0030000000687474..0033000000687474	0014000000687474..0040000000687474	0
167	https://schema.org/datePublished	predicate-167.ibk5	53	7990	a5718e7a8f895d11b000c82a67e058d87c9d97c7b673cbd38d0d6aa7b015aee1	predicate-167.ibk5.merkle	1	https://kgx.foaf.tv/id/graphcwgp01ecf1e04b1e12b3a9	predicate-167.ibk5.lgi2	predicate-167.ibk5.gbi1	0030000000687474..0033000000687474	0219000000323031..0219000000323032	0
168	https://schema.org/dateModified	predicate-168.ibk5	50	7543	ae805041f5e9f7c40ba59d3ec174d9f59227f29a1952f6ba6c08dc1164fdf350	predicate-168.ibk5.merkle	1	https://kgx.foaf.tv/id/graphcwgp01ecf1e04b1e12b3a9	predicate-168.ibk5.lgi2	predicate-168.ibk5.gbi1	0030000000687474..0033000000687474	0219000000323032..0219000000323032	0
169	https://kgx.foaf.tv/vocab#registryBuilding	predicate-169.ibk5	55	4918	7b8d6bd3d47922a0f8ec91ac68028cd6f329f378d5b93f73dd28cd432ff379b5	predicate-169.ibk5.merkle	1	https://kgx.foaf.tv/id/graphcwgp01ecf1e04b1e12b3a9	predicate-169.ibk5.lgi2	predicate-169.ibk5.gbi1	0030000000687474..0033000000687474	001e000000687474..001e000000687474	0
170	https://schema.org/address	predicate-170.ibk5	55	6846	0c3cf62dfa6f34d47b9635059d3be287fefaf3c353a3105b0efe06d6af9d0cb6	predicate-170.ibk5.merkle	1	https://kgx.foaf.tv/id/graphcwgp01ecf1e04b1e12b3a9	predicate-170.ibk5.lgi2	predicate-170.ibk5.gbi1	0030000000687474..0033000000687474	0028000000687474..002d000000687474	0
171	https://kgx.foaf.tv/vocab#levelText	predicate-171.ibk5	41	3680	bd80f8ab0b95237de9edb2555797c35d9e163bec757d27c9f84254cc7444e971	predicate-171.ibk5.merkle	1	https://kgx.foaf.tv/id/graphcwgp01ecf1e04b1e12b3a9	predicate-171.ibk5.lgi2	predicate-171.ibk5.gbi1	0030000000687474..0033000000687474	02080000004c6576..020e000000537472	0
172	https://schema.org/servesCuisine	predicate-172.ibk5	14	1631	ea447149b4581628b6a684d03c06413549d50c9928c227760c7ff13d962d7c18	predicate-172.ibk5.merkle	1	https://kgx.foaf.tv/id/graphcwgp01ecf1e04b1e12b3a9	predicate-172.ibk5.lgi2	predicate-172.ibk5.gbi1	0030000000687474..0033000000687474	0204000000546861..02080000004a6170	0
173	https://kgx.foaf.tv/vocab#status	predicate-173.ibk5	1	281	946e373652a0d420cc187acd9f7c8a118e83de35ce28d6f009b802bf87bb4aeb	predicate-173.ibk5.merkle	1	https://kgx.foaf.tv/id/graphcwgp01ecf1e04b1e12b3a9	predicate-173.ibk5.lgi2	predicate-173.ibk5.gbi1	0032000000687474..0032000000687474	020b000000636f6d..020b000000636f6d	0
174	https://schema.org/addressCountry	predicate-174.ibk5	37	2929	924ac67f711502f4365e4b919a0a46ec03b0aa68601bb6029628d008ae0adfbf	predicate-174.ibk5.merkle	1	https://kgx.foaf.tv/id/graphcwgp01ecf1e04b1e12b3a9	predicate-174.ibk5.lgi2	predicate-174.ibk5.gbi1	0030000000687474..0032000000687474	0202000000474227..0202000000474227	0
175	https://schema.org/postalCode	predicate-175.ibk5	37	3938	0a4518edf102988fb5c55601e6ce512db2f0ecabf9d54bdd78cbc7fa048fdc68	predicate-175.ibk5.merkle	1	https://kgx.foaf.tv/id/graphcwgp01ecf1e04b1e12b3a9	predicate-175.ibk5.lgi2	predicate-175.ibk5.gbi1	0030000000687474..0032000000687474	0207000000453134..0207000000453232	0
176	https://schema.org/streetAddress	predicate-176.ibk5	13	1884	1621f12f1556181591cfd3e98aabfb4a6cfe33bffe502b2df3d32e5601f80074	predicate-176.ibk5.merkle	1	https://kgx.foaf.tv/id/graphcwgp01ecf1e04b1e12b3a9	predicate-176.ibk5.lgi2	predicate-176.ibk5.gbi1	0030000000687474..0032000000687474	020e000000312057..021400000031382d	0
177	https://kgx.foaf.tv/vocab#closesMinute	predicate-177.ibk5	303	23406	d35d1ecf400be838ad1ab1bce11edfe32c0d99c4522cb4dfe5061571e6e47ecb	predicate-177.ibk5.merkle	1	https://kgx.foaf.tv/id/graphcwgp01ecf1e04b1e12b3a9	predicate-177.ibk5.lgi2	predicate-177.ibk5.gbi1	002f000000687474..0032000000687474	0203000000373830..0204000000313530	0
178	https://kgx.foaf.tv/vocab#opensMinute	predicate-178.ibk5	303	23286	b4ccd11466ed7f93994951eaaae069d9efd4980c852cac5f3fed43890372c40e	predicate-178.ibk5.merkle	1	https://kgx.foaf.tv/id/graphcwgp01ecf1e04b1e12b3a9	predicate-178.ibk5.lgi2	predicate-178.ibk5.gbi1	002f000000687474..0032000000687474	0201000000302800..0204000000313032	0
179	https://schema.org/closes	predicate-179.ibk5	303	23398	10cab2439610e7d6b2972225281d59630065b7980296abd2b4893895b6710802	predicate-179.ibk5.merkle	1	https://kgx.foaf.tv/id/graphcwgp01ecf1e04b1e12b3a9	predicate-179.ibk5.lgi2	predicate-179.ibk5.gbi1	002f000000687474..0032000000687474	020500000030303a..020500000032333a	0
180	https://schema.org/dayOfWeek	predicate-180.ibk5	303	22701	959253eb1c133d0e74cefc9192183eaaad0cd73026bc7d8eccbcd8c5a2cb3e53	predicate-180.ibk5.merkle	1	https://kgx.foaf.tv/id/graphcwgp01ecf1e04b1e12b3a9	predicate-180.ibk5.lgi2	predicate-180.ibk5.gbi1	002f000000687474..0032000000687474	0019000000687474..001c000000687474	0
181	https://schema.org/opens	predicate-181.ibk5	303	23289	b204458e3d119211ee07eb74253834af4cc8fbc10fafab0470b15d00947b5a9e	predicate-181.ibk5.merkle	1	https://kgx.foaf.tv/id/graphcwgp01ecf1e04b1e12b3a9	predicate-181.ibk5.lgi2	predicate-181.ibk5.gbi1	002f000000687474..0032000000687474	020500000030303a..020500000031373a	0
182	https://schema.org/dateModified	predicate-182.ibk5	27	4247	62291b1b60fbf60a702494b361cfb24669050b51a306911cf7e67ade6d32d4cb	predicate-182.ibk5.merkle	1	https://kgx.foaf.tv/id/graphcwgp0224fd92d92772dac5	predicate-182.ibk5.lgi2	predicate-182.ibk5.gbi1	0033000000687474..0036000000687474	0219000000323032..0219000000323032	0
183	https://schema.org/datePublished	predicate-183.ibk5	27	4248	e4c14c12958a9a94e1751a6d7f65849a0224460f8288048bcb71ae3ada58a8d6	predicate-183.ibk5.merkle	1	https://kgx.foaf.tv/id/graphcwgp0224fd92d92772dac5	predicate-183.ibk5.lgi2	predicate-183.ibk5.gbi1	0033000000687474..0036000000687474	0219000000323031..0219000000323032	0
184	http://www.w3.org/1999/02/22-rdf-syntax-ns#type	predicate-184.ibk5	391	31090	6513087ae48fbe5d42e793f267f3baa56061980c2e336574844d41a05cc2d88f	predicate-184.ibk5.merkle	1	https://kgx.foaf.tv/id/graphcwgp0224fd92d92772dac5	predicate-184.ibk5.lgi2	predicate-184.ibk5.gbi1	0033000000687474..0036000000687474	0018000000687474..002c000000687474	0
185	https://kgx.foaf.tv/vocab#hoursAsOf	predicate-185.ibk5	45	4451	bb151cc364e623ef3152ffc743c3ac293d4408ee641754afdac9159b5154155e	predicate-185.ibk5.merkle	1	https://kgx.foaf.tv/id/graphcwgp0224fd92d92772dac5	predicate-185.ibk5.lgi2	predicate-185.ibk5.gbi1	0033000000687474..0036000000687474	020a000000323032..020a000000323032	0
186	https://schema.org/address	predicate-186.ibk5	47	6190	c1b648f4a3d71f798b6e106e63965d4fb29a279ee7b0f347e97a3215bb844faa	predicate-186.ibk5.merkle	1	https://kgx.foaf.tv/id/graphcwgp0224fd92d92772dac5	predicate-186.ibk5.lgi2	predicate-186.ibk5.gbi1	0033000000687474..0036000000687474	002b000000687474..002f000000687474	0
187	https://schema.org/containedInPlace	predicate-187.ibk5	99	6637	cf05ac2c37269b56437931395c5feeced7d3fa33c9c5e1459022b9ff7bdf3e73	predicate-187.ibk5.merkle	1	https://kgx.foaf.tv/id/graphcwgp0224fd92d92772dac5	predicate-187.ibk5.lgi2	predicate-187.ibk5.gbi1	0033000000687474..0036000000687474	0024000000687474..0212000000436861	0
188	https://schema.org/name	predicate-188.ibk5	51	7597	382c45d137619c88d8667bcd8b10ffd3a67e1f3a92b2d0675a6cc70c3863afa4	predicate-188.ibk5.merkle	1	https://kgx.foaf.tv/id/graphcwgp0224fd92d92772dac5	predicate-188.ibk5.lgi2	predicate-188.ibk5.gbi1	0033000000687474..0036000000687474	0209000000426c61..0239000000436f6d	0
189	https://schema.org/openingHours	predicate-189.ibk5	45	7495	6b2ea490f5be004a92ba2905ed5651fce3cac7a71aabc579a065e490e8952d55	predicate-189.ibk5.merkle	1	https://kgx.foaf.tv/id/graphcwgp0224fd92d92772dac5	predicate-189.ibk5.lgi2	predicate-189.ibk5.gbi1	0033000000687474..0036000000687474	02110000004d6f2d..02440000004d6f2c	0
190	https://schema.org/openingHoursSpecification	predicate-190.ibk5	306	27213	937d49c1c60de409ff736f0d5acc8a33ac61cb1e7785b1f2c00fbb2ebc15a227	predicate-190.ibk5.merkle	1	https://kgx.foaf.tv/id/graphcwgp0224fd92d92772dac5	predicate-190.ibk5.lgi2	predicate-190.ibk5.gbi1	0033000000687474..0036000000687474	0033000000687474..003b000000687474	0
191	https://schema.org/subjectOf	predicate-191.ibk5	51	6713	e9d7a6e7b094618b79279093796694eb467b74ab35cb288ea938e01eb22cacc2	predicate-191.ibk5.merkle	1	https://kgx.foaf.tv/id/graphcwgp0224fd92d92772dac5	predicate-191.ibk5.lgi2	predicate-191.ibk5.gbi1	0033000000687474..0036000000687474	002c000000687474..002f000000687474	0
192	https://schema.org/url	predicate-192.ibk5	40	4857	18d9fee6a2ad6edc854a9d6bcf2f33a6b8533590f02b1a1796df0d53100bcd16	predicate-192.ibk5.merkle	1	https://kgx.foaf.tv/id/graphcwgp0224fd92d92772dac5	predicate-192.ibk5.lgi2	predicate-192.ibk5.gbi1	0033000000687474..0036000000687474	0016000000687474..0065000000687474	0
193	https://kgx.foaf.tv/vocab#registryBuilding	predicate-193.ibk5	42	4058	5e36af131052418674e3c969894b7359f8ab5d6d49743cd40c8ad5f0f63e86b3	predicate-193.ibk5.merkle	1	https://kgx.foaf.tv/id/graphcwgp0224fd92d92772dac5	predicate-193.ibk5.lgi2	predicate-193.ibk5.gbi1	0033000000687474..0036000000687474	001e000000687474..001e000000687474	0
194	https://kgx.foaf.tv/vocab#levelText	predicate-194.ibk5	31	3072	6af662c815e3834559962e6b45c6855e1b61d6462a8b6ac9ce4235f03303ba11	predicate-194.ibk5.merkle	1	https://kgx.foaf.tv/id/graphcwgp0224fd92d92772dac5	predicate-194.ibk5.lgi2	predicate-194.ibk5.gbi1	0033000000687474..0036000000687474	02080000004c6576..021d000000417472	0
195	https://schema.org/servesCuisine	predicate-195.ibk5	9	1123	2fa7d0c218077e9789d46f96c6f171c920899259098fdc4f5ef06d0d67b3db8b	predicate-195.ibk5.merkle	1	https://kgx.foaf.tv/id/graphcwgp0224fd92d92772dac5	predicate-195.ibk5.lgi2	predicate-195.ibk5.gbi1	0034000000687474..0036000000687474	0205000000417369..02080000004a6170	0
196	https://schema.org/addressCountry	predicate-196.ibk5	38	3140	c264dad44dab1bf0b3dfaa94c75712dfbcdb8311ab29118dc13e797b250b8970	predicate-196.ibk5.merkle	1	https://kgx.foaf.tv/id/graphcwgp0224fd92d92772dac5	predicate-196.ibk5.lgi2	predicate-196.ibk5.gbi1	0033000000687474..0036000000687474	0202000000474227..0202000000474227	0
197	https://schema.org/postalCode	predicate-197.ibk5	35	3920	2bedda9c1553edc4919d43c805ce2b3c199e4239afa06a3ee05258ae4f678fc8	predicate-197.ibk5.merkle	1	https://kgx.foaf.tv/id/graphcwgp0224fd92d92772dac5	predicate-197.ibk5.lgi2	predicate-197.ibk5.gbi1	0033000000687474..0036000000687474	0207000000453134..0207000000453134	0
198	https://schema.org/streetAddress	predicate-198.ibk5	16	2243	be16fb3e32701ede42541e952859b9c34c8aa80da488869e36cc721e7cf9d72d	predicate-198.ibk5.merkle	1	https://kgx.foaf.tv/id/graphcwgp0224fd92d92772dac5	predicate-198.ibk5.lgi2	predicate-198.ibk5.gbi1	0033000000687474..0036000000687474	020c000000382050..0214000000352043	0
199	https://kgx.foaf.tv/vocab#closesMinute	predicate-199.ibk5	340	27492	7e2359efe091be6b72f98305fddbe5f3616c7f825eac646317b23a123e8552a1	predicate-199.ibk5.merkle	1	https://kgx.foaf.tv/id/graphcwgp0224fd92d92772dac5	predicate-199.ibk5.lgi2	predicate-199.ibk5.gbi1	0033000000687474..0036000000687474	0203000000383430..0204000000313536	0
200	https://kgx.foaf.tv/vocab#opensMinute	predicate-200.ibk5	340	27158	e35ae6860cda3f95ced9887c42383b57b37f35d52583de2726456bd163566589	predicate-200.ibk5.merkle	1	https://kgx.foaf.tv/id/graphcwgp0224fd92d92772dac5	predicate-200.ibk5.lgi2	predicate-200.ibk5.gbi1	0033000000687474..0036000000687474	0203000000333330..0204000000313032	0
201	https://schema.org/closes	predicate-201.ibk5	340	27484	5e7c9580e91dedc13e1c71cfe5f4f24741a063a3df609eb32c2a23f23ca21bbb	predicate-201.ibk5.merkle	1	https://kgx.foaf.tv/id/graphcwgp0224fd92d92772dac5	predicate-201.ibk5.lgi2	predicate-201.ibk5.gbi1	0033000000687474..0036000000687474	020500000030303a..020500000032333a	0
202	https://schema.org/dayOfWeek	predicate-202.ibk5	340	26571	0bd87f8fa4600ef20e844232d5fc39a71ce5264838a83d8fc6b22f0ccc1ae50b	predicate-202.ibk5.merkle	1	https://kgx.foaf.tv/id/graphcwgp0224fd92d92772dac5	predicate-202.ibk5.lgi2	predicate-202.ibk5.gbi1	0033000000687474..0036000000687474	0019000000687474..001c000000687474	0
203	https://schema.org/opens	predicate-203.ibk5	340	27159	7a10291dfde789a1153fb19031163ecd68be8b928c2dbf6297de2c3ec0b68854	predicate-203.ibk5.merkle	1	https://kgx.foaf.tv/id/graphcwgp0224fd92d92772dac5	predicate-203.ibk5.lgi2	predicate-203.ibk5.gbi1	0033000000687474..0036000000687474	020500000030353a..020500000031373a	0
204	https://schema.org/dateModified	predicate-204.ibk5	24	3864	36c3a9f0f62e28d7e5137a0b9f09cb7a69914be744a8ca342a84870b12c431c8	predicate-204.ibk5.merkle	1	https://kgx.foaf.tv/id/graphcwgp03bde74adb5f89392d	predicate-204.ibk5.lgi2	predicate-204.ibk5.gbi1	0037000000687474..0039000000687474	0219000000323032..0219000000323032	0
205	https://schema.org/datePublished	predicate-205.ibk5	25	4020	2a4ef5801b5e1245891aef47bc564d0ffee0948990017350dd1ca9838f28395f	predicate-205.ibk5.merkle	1	https://kgx.foaf.tv/id/graphcwgp03bde74adb5f89392d	predicate-205.ibk5.lgi2	predicate-205.ibk5.gbi1	0037000000687474..0039000000687474	0219000000323031..0219000000323032	0
206	http://www.w3.org/1999/02/22-rdf-syntax-ns#type	predicate-206.ibk5	402	33192	4a6cb085877d07d143d77e1313c0375a0d8365099b512cf2a8a8761222476856	predicate-206.ibk5.merkle	1	https://kgx.foaf.tv/id/graphcwgp03bde74adb5f89392d	predicate-206.ibk5.lgi2	predicate-206.ibk5.gbi1	0036000000687474..0039000000687474	0018000000687474..002c000000687474	0
207	https://kgx.foaf.tv/vocab#registryBuilding	predicate-207.ibk5	42	4330	3653d94a0522441e19c8cb8a1b41b191829adb07cc98703bed5bcfce6c8ef9bc	predicate-207.ibk5.merkle	1	https://kgx.foaf.tv/id/graphcwgp03bde74adb5f89392d	predicate-207.ibk5.lgi2	predicate-207.ibk5.gbi1	0037000000687474..0039000000687474	001e000000687474..001e000000687474	0
208	https://kgx.foaf.tv/vocab#status	predicate-208.ibk5	1	287	4e455cafb55a2a7ff5aec8d43b4930e311f38f710875507f23cf910a7aa79d0e	predicate-208.ibk5.merkle	1	https://kgx.foaf.tv/id/graphcwgp03bde74adb5f89392d	predicate-208.ibk5.lgi2	predicate-208.ibk5.gbi1	0038000000687474..0038000000687474	020b000000636f6d..020b000000636f6d	0
209	https://schema.org/address	predicate-209.ibk5	44	6042	7157c0eab9ea527be327291f50dfa5a39a7b148e0098e40344942030460e551d	predicate-209.ibk5.merkle	1	https://kgx.foaf.tv/id/graphcwgp03bde74adb5f89392d	predicate-209.ibk5.lgi2	predicate-209.ibk5.gbi1	0037000000687474..0039000000687474	002f000000687474..0032000000687474	0
210	https://schema.org/containedInPlace	predicate-210.ibk5	93	6470	a7733ba90bd21c7e0c506c225330d6324ec6230dcf8d59347b1dbd3a79c05cc5	predicate-210.ibk5.merkle	1	https://kgx.foaf.tv/id/graphcwgp03bde74adb5f89392d	predicate-210.ibk5.lgi2	predicate-210.ibk5.gbi1	0037000000687474..0039000000687474	0024000000687474..02110000004f6e65	0
211	https://schema.org/name	predicate-211.ibk5	50	7700	e86752ba9f4e5731b8fee962160ef81c249a2e5aa192d3cf3e49db98bac075cb	predicate-211.ibk5.merkle	1	https://kgx.foaf.tv/id/graphcwgp03bde74adb5f89392d	predicate-211.ibk5.lgi2	predicate-211.ibk5.gbi1	0037000000687474..0039000000687474	02080000004c6f63..022d000000486561	0
212	https://schema.org/servesCuisine	predicate-212.ibk5	10	1284	54c4ebf06d5b6e691ec798c0aa74bec36480006da7d8b64c1c7810151487046f	predicate-212.ibk5.merkle	1	https://kgx.foaf.tv/id/graphcwgp03bde74adb5f89392d	predicate-212.ibk5.lgi2	predicate-212.ibk5.gbi1	0037000000687474..0038000000687474	0205000000417369..02080000004a6170	0
213	https://schema.org/subjectOf	predicate-213.ibk5	50	6872	8b216f711bad215651f131dafee5dff3ecba0ebcec940ba034291017c36258cb	predicate-213.ibk5.merkle	1	https://kgx.foaf.tv/id/graphcwgp03bde74adb5f89392d	predicate-213.ibk5.lgi2	predicate-213.ibk5.gbi1	0037000000687474..0039000000687474	0030000000687474..0032000000687474	0
214	https://schema.org/url	predicate-214.ibk5	39	4736	26c4eed0d72a025c23927835bbaf1f668f58960d108168fc3505b76f06252938	predicate-214.ibk5.merkle	1	https://kgx.foaf.tv/id/graphcwgp03bde74adb5f89392d	predicate-214.ibk5.lgi2	predicate-214.ibk5.gbi1	0037000000687474..0039000000687474	0015000000687474..0040000000687474	0
215	https://kgx.foaf.tv/vocab#hoursAsOf	predicate-215.ibk5	42	3937	8927c67dedd0f9b2423c07ff29d83f142797706d77e145d79471c1ab974de0df	predicate-215.ibk5.merkle	1	https://kgx.foaf.tv/id/graphcwgp03bde74adb5f89392d	predicate-215.ibk5.lgi2	predicate-215.ibk5.gbi1	0037000000687474..0039000000687474	020a000000323032..020a000000323032	0
216	https://schema.org/openingHours	predicate-216.ibk5	42	7065	cd0df621752aa44cbfd178dbbc59336bac1a2ee1e78a819bbc651470abb4e712	predicate-216.ibk5.merkle	1	https://kgx.foaf.tv/id/graphcwgp03bde74adb5f89392d	predicate-216.ibk5.lgi2	predicate-216.ibk5.gbi1	0037000000687474..0039000000687474	020400000032342f..02540000004d6f2c	0
217	https://schema.org/openingHoursSpecification	predicate-217.ibk5	277	25506	d5ab986036dd66183afe4032e046afbad12d4f265a1500929e2334216e46868d	predicate-217.ibk5.merkle	1	https://kgx.foaf.tv/id/graphcwgp03bde74adb5f89392d	predicate-217.ibk5.lgi2	predicate-217.ibk5.gbi1	0037000000687474..0039000000687474	0037000000687474..003d000000687474	0
218	https://kgx.foaf.tv/vocab#levelText	predicate-218.ibk5	26	2681	196d1cc280183ee58b1568d6db8ed4d34cd6f24416a1c0d7e56a159ecf511a03	predicate-218.ibk5.merkle	1	https://kgx.foaf.tv/id/graphcwgp03bde74adb5f89392d	predicate-218.ibk5.lgi2	predicate-218.ibk5.gbi1	0037000000687474..0039000000687474	02080000004c6576..020e000000537472	0
219	https://schema.org/addressCountry	predicate-219.ibk5	28	2461	1adeaac96349784c678bb462af12ee7b3776679248426d1061141ed653ac754c	predicate-219.ibk5.merkle	1	https://kgx.foaf.tv/id/graphcwgp03bde74adb5f89392d	predicate-219.ibk5.lgi2	predicate-219.ibk5.gbi1	0037000000687474..0039000000687474	0202000000474227..0202000000474227	0
220	https://schema.org/postalCode	predicate-220.ibk5	28	2966	af101af8407adc5578ffdf461dce3a99da1f44e0881f82e6d04ac3ec7cb195bb	predicate-220.ibk5.merkle	1	https://kgx.foaf.tv/id/graphcwgp03bde74adb5f89392d	predicate-220.ibk5.lgi2	predicate-220.ibk5.gbi1	0037000000687474..0039000000687474	0207000000453134..0207000000453134	0
221	https://schema.org/streetAddress	predicate-221.ibk5	8	1243	76edc851bfadd1c8b23074eb8cd4eeff0f32e2e24c0c90eb4c6e6bf0d25646d5	predicate-221.ibk5.merkle	1	https://kgx.foaf.tv/id/graphcwgp03bde74adb5f89392d	predicate-221.ibk5.lgi2	predicate-221.ibk5.gbi1	0037000000687474..0039000000687474	020e000000312057..02110000004f6e65	0
222	https://kgx.foaf.tv/vocab#closesMinute	predicate-222.ibk5	356	29840	b4ad18dcdae2c4ace283000d1045ed5923a41aea2519d1cd0c0b58030b72cead	predicate-222.ibk5.merkle	1	https://kgx.foaf.tv/id/graphcwgp03bde74adb5f89392d	predicate-222.ibk5.lgi2	predicate-222.ibk5.gbi1	0036000000687474..0039000000687474	0203000000373830..0204000000313635	0
223	https://kgx.foaf.tv/vocab#opensMinute	predicate-223.ibk5	354	29409	06ac2a68ca6100a37392a3f7547b0dc342a640f30f75ac3e97032649b5d544d9	predicate-223.ibk5.merkle	1	https://kgx.foaf.tv/id/graphcwgp03bde74adb5f89392d	predicate-223.ibk5.lgi2	predicate-223.ibk5.gbi1	0036000000687474..0039000000687474	0201000000302800..0204000000313032	0
224	https://schema.org/closes	predicate-224.ibk5	356	29834	b4254c3c2a49e102f0238903e5b7e45b02bd34a0c6490ea6ecadbe3e3b59d9f8	predicate-224.ibk5.merkle	1	https://kgx.foaf.tv/id/graphcwgp03bde74adb5f89392d	predicate-224.ibk5.lgi2	predicate-224.ibk5.gbi1	0036000000687474..0039000000687474	020500000030303a..020500000032333a	0
225	https://schema.org/dayOfWeek	predicate-225.ibk5	352	28625	6a16f0549e664155fa0fe30b99bb70961d32479b3b02c44b286a6b23f5512828	predicate-225.ibk5.merkle	1	https://kgx.foaf.tv/id/graphcwgp03bde74adb5f89392d	predicate-225.ibk5.lgi2	predicate-225.ibk5.gbi1	0036000000687474..0039000000687474	0019000000687474..001c000000687474	0
226	https://schema.org/opens	predicate-226.ibk5	354	29415	827e5d47394d1108d76afd7d16ec46ee7244e24b80681c3815cbc516e873d76e	predicate-226.ibk5.merkle	1	https://kgx.foaf.tv/id/graphcwgp03bde74adb5f89392d	predicate-226.ibk5.lgi2	predicate-226.ibk5.gbi1	0036000000687474..0039000000687474	020500000030303a..020500000031373a	0
227	http://www.w3.org/1999/02/22-rdf-syntax-ns#type	predicate-227.ibk5	404	34819	67954a960a851e26f76a6d1f65383096b1a58e2d493eec39b5dce9dbfeee782a	predicate-227.ibk5.merkle	1	https://kgx.foaf.tv/id/graphcwgp04ddb411676379543c	predicate-227.ibk5.lgi2	predicate-227.ibk5.gbi1	0039000000687474..003e000000687474	0018000000687474..002c000000687474	0
228	https://kgx.foaf.tv/vocab#hoursAsOf	predicate-228.ibk5	38	3722	d7ef321c5e1382225fd0254656dbdb7906097ba452d45d78da4d88268d7cddd6	predicate-228.ibk5.merkle	1	https://kgx.foaf.tv/id/graphcwgp04ddb411676379543c	predicate-228.ibk5.lgi2	predicate-228.ibk5.gbi1	003a000000687474..003e000000687474	020a000000323032..020a000000323032	0
229	https://kgx.foaf.tv/vocab#registryBuilding	predicate-229.ibk5	35	3699	5ef34363ebf98bb408977e250de041adcbd7159ac1c98cdafad88176831db5d5	predicate-229.ibk5.merkle	1	https://kgx.foaf.tv/id/graphcwgp04ddb411676379543c	predicate-229.ibk5.lgi2	predicate-229.ibk5.gbi1	003a000000687474..003e000000687474	001e000000687474..001e000000687474	0
230	https://schema.org/address	predicate-230.ibk5	36	5262	6e2b1a5c1158a93b09f1efa28e5471f1811563a1d36b3dad321740d8929122dd	predicate-230.ibk5.merkle	1	https://kgx.foaf.tv/id/graphcwgp04ddb411676379543c	predicate-230.ibk5.lgi2	predicate-230.ibk5.gbi1	003a000000687474..003e000000687474	0032000000687474..0036000000687474	0
231	https://schema.org/containedInPlace	predicate-231.ibk5	80	5961	2e0bde6586240335ad5c2cabc7650e20bb557836bb538bef8ebfe4a915a6f105	predicate-231.ibk5.merkle	1	https://kgx.foaf.tv/id/graphcwgp04ddb411676379543c	predicate-231.ibk5.lgi2	predicate-231.ibk5.gbi1	003a000000687474..003e000000687474	0024000000687474..0212000000436861	0
232	https://schema.org/name	predicate-232.ibk5	44	7220	9d47ea61a272612d7054bc950ecb84b0ef9bc60270dc4d96026145a3d4d10ca7	predicate-232.ibk5.merkle	1	https://kgx.foaf.tv/id/graphcwgp04ddb411676379543c	predicate-232.ibk5.lgi2	predicate-232.ibk5.gbi1	003a000000687474..003e000000687474	020b000000416363..02300000004a656e	0
233	https://schema.org/openingHours	predicate-233.ibk5	38	6845	8c6e37a42653952ab6a67fd34683cbbe56a234218947b1a9ff90d42caf0c47c6	predicate-233.ibk5.merkle	1	https://kgx.foaf.tv/id/graphcwgp04ddb411676379543c	predicate-233.ibk5.lgi2	predicate-233.ibk5.gbi1	003a000000687474..003e000000687474	02110000004d6f2d..02490000004d6f20	0
234	https://schema.org/openingHoursSpecification	predicate-234.ibk5	243	23565	ace745376eabcf2353f65c03b2d74fdfcb795cdfcdd3a122a418530eac052185	predicate-234.ibk5.merkle	1	https://kgx.foaf.tv/id/graphcwgp04ddb411676379543c	predicate-234.ibk5.lgi2	predicate-234.ibk5.gbi1	003a000000687474..003e000000687474	003a000000687474..0041000000687474	0
235	https://schema.org/subjectOf	predicate-235.ibk5	44	6444	7d823abbe805873bcee19e7f323091f76fba22059bc2186cf0f26dc98f88443a	predicate-235.ibk5.merkle	1	https://kgx.foaf.tv/id/graphcwgp04ddb411676379543c	predicate-235.ibk5.lgi2	predicate-235.ibk5.gbi1	003a000000687474..003e000000687474	0033000000687474..0037000000687474	0
236	https://schema.org/url	predicate-236.ibk5	35	4360	1fc5c7d2f2317b0dd97607c590d4952ebeb74d2d1cbba703d1a93503c1b414ae	predicate-236.ibk5.merkle	1	https://kgx.foaf.tv/id/graphcwgp04ddb411676379543c	predicate-236.ibk5.lgi2	predicate-236.ibk5.gbi1	003a000000687474..003e000000687474	0013000000687474..0055000000687474	0
237	https://kgx.foaf.tv/vocab#levelText	predicate-237.ibk5	21	2369	198ccfd6f2247efbe612cc5dd4b9e79861ed8b0ac4808d4ca07a4085b50146e4	predicate-237.ibk5.merkle	1	https://kgx.foaf.tv/id/graphcwgp04ddb411676379543c	predicate-237.ibk5.lgi2	predicate-237.ibk5.gbi1	003a000000687474..003e000000687474	02090000002d2031..020e000000537472	0
238	https://schema.org/servesCuisine	predicate-238.ibk5	7	1023	4434f59382904e41e57185ab98cdd41dc26a52bb2fe7b205880f4a50cd65baa4	predicate-238.ibk5.merkle	1	https://kgx.foaf.tv/id/graphcwgp04ddb411676379543c	predicate-238.ibk5.lgi2	predicate-238.ibk5.gbi1	003a000000687474..003e000000687474	0205000000537573..02090000004d616c	0
239	https://schema.org/dateModified	predicate-239.ibk5	38	6188	65c1ad58b1efc2d6506f8b351f49d69f3e47acf8083cd43073470f57d5782672	predicate-239.ibk5.merkle	1	https://kgx.foaf.tv/id/graphcwgp04ddb411676379543c	predicate-239.ibk5.lgi2	predicate-239.ibk5.gbi1	003a000000687474..003e000000687474	0219000000323032..0219000000323032	0
240	https://schema.org/datePublished	predicate-240.ibk5	38	6115	60485962717ab19ae57645564f5cad64eb0a6f8252799d1aaeac2cd14965f1fa	predicate-240.ibk5.merkle	1	https://kgx.foaf.tv/id/graphcwgp04ddb411676379543c	predicate-240.ibk5.lgi2	predicate-240.ibk5.gbi1	003a000000687474..003e000000687474	0219000000323031..0219000000323032	0
241	https://kgx.foaf.tv/vocab#status	predicate-241.ibk5	1	289	e2195400f4b07348efe95548981aac7a941db57cf9d5d0c554189870b4a77f58	predicate-241.ibk5.merkle	1	https://kgx.foaf.tv/id/graphcwgp04ddb411676379543c	predicate-241.ibk5.lgi2	predicate-241.ibk5.gbi1	003a000000687474..003a000000687474	020b000000636f6d..020b000000636f6d	0
242	https://schema.org/addressCountry	predicate-242.ibk5	41	3662	cebe42a01c50190eab0fa68850f2ad46c7fa1d7ae41f5b3c6034721bdd04ff33	predicate-242.ibk5.merkle	1	https://kgx.foaf.tv/id/graphcwgp04ddb411676379543c	predicate-242.ibk5.lgi2	predicate-242.ibk5.gbi1	003a000000687474..003e000000687474	0202000000474227..0202000000474227	0
243	https://schema.org/postalCode	predicate-243.ibk5	41	4503	7cdb8d8e3dd3b2de42ba7c9fa06a22a24c4af68e8ad3a0f75454331d7495e266	predicate-243.ibk5.merkle	1	https://kgx.foaf.tv/id/graphcwgp04ddb411676379543c	predicate-243.ibk5.lgi2	predicate-243.ibk5.gbi1	003a000000687474..003e000000687474	0207000000453134..0207000000453134	0
244	https://schema.org/streetAddress	predicate-244.ibk5	8	1222	f687a88fb72a705d44242947c2f87d06ab8b91fd1e50c08f8f40828567fe7622	predicate-244.ibk5.merkle	1	https://kgx.foaf.tv/id/graphcwgp04ddb411676379543c	predicate-244.ibk5.lgi2	predicate-244.ibk5.gbi1	003b000000687474..003e000000687474	020e000000313220..0214000000352043	0
245	https://kgx.foaf.tv/vocab#closesMinute	predicate-245.ibk5	363	31928	57f2faca60f657ab1df217b3421ca05183201a2d5fc2de247776535e39240218	predicate-245.ibk5.merkle	1	https://kgx.foaf.tv/id/graphcwgp04ddb411676379543c	predicate-245.ibk5.lgi2	predicate-245.ibk5.gbi1	0039000000687474..003e000000687474	0203000000373830..0204000000313635	0
246	https://kgx.foaf.tv/vocab#opensMinute	predicate-246.ibk5	362	31569	33569c538612b0048a4e96c69e042658c24c8778a62122a1fe45f4dfc2c75b61	predicate-246.ibk5.merkle	1	https://kgx.foaf.tv/id/graphcwgp04ddb411676379543c	predicate-246.ibk5.lgi2	predicate-246.ibk5.gbi1	0039000000687474..003e000000687474	0201000000302800..0204000000313038	0
247	https://schema.org/closes	predicate-247.ibk5	363	31922	f5fd9c971e355b9de549832b0a9cd34f178cef7ee7f5b8eba829f95276d0ae82	predicate-247.ibk5.merkle	1	https://kgx.foaf.tv/id/graphcwgp04ddb411676379543c	predicate-247.ibk5.lgi2	predicate-247.ibk5.gbi1	0039000000687474..003e000000687474	020500000030303a..020500000032333a	0
248	https://schema.org/dayOfWeek	predicate-248.ibk5	360	30625	9b630dad2bb2476d158e11dc0c19890967fbe578d80f15c6f886a832817c909c	predicate-248.ibk5.merkle	1	https://kgx.foaf.tv/id/graphcwgp04ddb411676379543c	predicate-248.ibk5.lgi2	predicate-248.ibk5.gbi1	0039000000687474..003e000000687474	0019000000687474..001c000000687474	0
249	https://schema.org/opens	predicate-249.ibk5	362	31577	24acf0a65813e789c1766df7f451ecf53361e9f2d9d10dec18bf82887b420b1a	predicate-249.ibk5.merkle	1	https://kgx.foaf.tv/id/graphcwgp04ddb411676379543c	predicate-249.ibk5.lgi2	predicate-249.ibk5.gbi1	0039000000687474..003e000000687474	020500000030303a..020500000031383a	0
250	http://www.w3.org/1999/02/22-rdf-syntax-ns#type	predicate-250.ibk5	418	38227	c7a4bee449c1715931129417a141f79bd035c4c6c9a004629cd25b0ae9982093	predicate-250.ibk5.merkle	1	https://kgx.foaf.tv/id/graphcwgp050bbab91c27a24ab6	predicate-250.ibk5.lgi2	predicate-250.ibk5.gbi1	003e000000687474..0043000000687474	0018000000687474..002c000000687474	0
251	https://kgx.foaf.tv/vocab#hoursAsOf	predicate-251.ibk5	38	4191	5f56a566eabf63b4de6c5e2d225754e8894360a5e7eab4eedb432774c2d2ea1e	predicate-251.ibk5.merkle	1	https://kgx.foaf.tv/id/graphcwgp050bbab91c27a24ab6	predicate-251.ibk5.lgi2	predicate-251.ibk5.gbi1	003f000000687474..0043000000687474	020a000000323032..020a000000323032	0
252	https://kgx.foaf.tv/vocab#registryBuilding	predicate-252.ibk5	35	3863	b53840c0a8bcf0697580224a57c923dac7c173c97a9138e07842144d3dd46352	predicate-252.ibk5.merkle	1	https://kgx.foaf.tv/id/graphcwgp050bbab91c27a24ab6	predicate-252.ibk5.lgi2	predicate-252.ibk5.gbi1	003f000000687474..0043000000687474	001e000000687474..001e000000687474	0
253	https://schema.org/containedInPlace	predicate-253.ibk5	80	5818	2a2a11a8f33788f34d5b7b7bb50f7e4c3f323fc36267caf65da8a97618f1b359	predicate-253.ibk5.merkle	1	https://kgx.foaf.tv/id/graphcwgp050bbab91c27a24ab6	predicate-253.ibk5.lgi2	predicate-253.ibk5.gbi1	003f000000687474..0043000000687474	0024000000687474..02110000004f6e65	0
254	https://schema.org/name	predicate-254.ibk5	40	6856	27984a015213e731ac9a5bfb613caac0727d67e70ce4f1dbddfd48c432175092	predicate-254.ibk5.merkle	1	https://kgx.foaf.tv/id/graphcwgp050bbab91c27a24ab6	predicate-254.ibk5.lgi2	predicate-254.ibk5.gbi1	003f000000687474..0043000000687474	020e00000050686f..022e000000497461	0
255	https://schema.org/openingHours	predicate-255.ibk5	38	6672	8799312f9883f0d731535b605c11bd1a2b9f19c7e5776a53379dcf21a9550b4f	predicate-255.ibk5.merkle	1	https://kgx.foaf.tv/id/graphcwgp050bbab91c27a24ab6	predicate-255.ibk5.lgi2	predicate-255.ibk5.gbi1	003f000000687474..0043000000687474	020400000032342f..02590000004d6f20	0
256	https://schema.org/openingHoursSpecification	predicate-256.ibk5	253	25618	0a31353f1410ee7b2be5fe9d6e8ba4365cf78011945294148e1689a59f882f2e	predicate-256.ibk5.merkle	1	https://kgx.foaf.tv/id/graphcwgp050bbab91c27a24ab6	predicate-256.ibk5.lgi2	predicate-256.ibk5.gbi1	003f000000687474..0043000000687474	003d000000687474..0045000000687474	0
257	https://schema.org/subjectOf	predicate-257.ibk5	40	6246	5bf2b71530d455c92924a74a2093f8ffffc3a870c3ed52696f2392a16bc5c707	predicate-257.ibk5.merkle	1	https://kgx.foaf.tv/id/graphcwgp050bbab91c27a24ab6	predicate-257.ibk5.lgi2	predicate-257.ibk5.gbi1	003f000000687474..0043000000687474	0038000000687474..003c000000687474	0
258	https://schema.org/url	predicate-258.ibk5	35	4358	3e5bad310603b42fa83557e31a7c54536d6c4804c162ae3fb3b5c272d2b8b9ef	predicate-258.ibk5.merkle	1	https://kgx.foaf.tv/id/graphcwgp050bbab91c27a24ab6	predicate-258.ibk5.lgi2	predicate-258.ibk5.gbi1	003f000000687474..0043000000687474	0014000000687474..0032000000687474	0
259	https://kgx.foaf.tv/vocab#levelText	predicate-259.ibk5	30	3347	4828a82a2892746966f61d77b39c6b3e5fd12536fd081d9b9be40e3afaec5b8d	predicate-259.ibk5.merkle	1	https://kgx.foaf.tv/id/graphcwgp050bbab91c27a24ab6	predicate-259.ibk5.lgi2	predicate-259.ibk5.gbi1	003f000000687474..0043000000687474	02090000004d657a..020e000000537472	0
260	https://schema.org/address	predicate-260.ibk5	39	6018	f4974251aef7a683effec4ca23a37ecfd4b19198aa8d6e6f9d9a854d76ee98b0	predicate-260.ibk5.merkle	1	https://kgx.foaf.tv/id/graphcwgp050bbab91c27a24ab6	predicate-260.ibk5.lgi2	predicate-260.ibk5.gbi1	003f000000687474..0043000000687474	0035000000687474..003a000000687474	0
261	https://schema.org/servesCuisine	predicate-261.ibk5	4	672	dd5f7b2361648b0e8f5eafdfe2b3655a3082045f6d93ef0e60856fabd5b1a8ba	predicate-261.ibk5.merkle	1	https://kgx.foaf.tv/id/graphcwgp050bbab91c27a24ab6	predicate-261.ibk5.lgi2	predicate-261.ibk5.gbi1	003f000000687474..0043000000687474	0205000000417369..0208000000416d65	0
262	https://schema.org/dateModified	predicate-262.ibk5	20	3419	76b90da368506b6553521b86e8c72ef0be142859283fc3296e2c8397a20fd240	predicate-262.ibk5.merkle	1	https://kgx.foaf.tv/id/graphcwgp050bbab91c27a24ab6	predicate-262.ibk5.lgi2	predicate-262.ibk5.gbi1	003f000000687474..0043000000687474	0219000000323032..0219000000323032	0
263	https://schema.org/datePublished	predicate-263.ibk5	23	3910	6a387e94dbbd229c231765b0b36baec2c05f3c45b082a946c871358dc2b6f6f5	predicate-263.ibk5.merkle	1	https://kgx.foaf.tv/id/graphcwgp050bbab91c27a24ab6	predicate-263.ibk5.lgi2	predicate-263.ibk5.gbi1	003f000000687474..0043000000687474	0219000000323031..0219000000323032	0
264	https://schema.org/addressCountry	predicate-264.ibk5	9	1003	49587dc413d0e0db07fefbc8a74949ef125410442267f454a72eab54101fa98c	predicate-264.ibk5.merkle	1	https://kgx.foaf.tv/id/graphcwgp050bbab91c27a24ab6	predicate-264.ibk5.lgi2	predicate-264.ibk5.gbi1	003f000000687474..0043000000687474	0202000000474227..0202000000474227	0
265	https://schema.org/postalCode	predicate-265.ibk5	8	1248	e0564b867b2b11d2fac1731f5fb2f8651944c3b23b7bffb813b3db8f7050e4fe	predicate-265.ibk5.merkle	1	https://kgx.foaf.tv/id/graphcwgp050bbab91c27a24ab6	predicate-265.ibk5.lgi2	predicate-265.ibk5.gbi1	003f000000687474..0042000000687474	0207000000453134..0207000000453134	0
266	https://schema.org/streetAddress	predicate-266.ibk5	4	773	bc03c71d141d1134296674427146b8587a1df5d455a8d8bd250d777aa08e13e2	predicate-266.ibk5.merkle	1	https://kgx.foaf.tv/id/graphcwgp050bbab91c27a24ab6	predicate-266.ibk5.lgi2	predicate-266.ibk5.gbi1	003f000000687474..0043000000687474	0211000000382053..0215000000313420	0
267	https://kgx.foaf.tv/vocab#closesMinute	predicate-267.ibk5	378	35130	d00e806c9b11a56b5b3f38b6359b56ae54f231e3a716a41eeafe6feb1ed397e5	predicate-267.ibk5.merkle	1	https://kgx.foaf.tv/id/graphcwgp050bbab91c27a24ab6	predicate-267.ibk5.lgi2	predicate-267.ibk5.gbi1	003e000000687474..0043000000687474	0203000000383430..0204000000313536	0
268	https://kgx.foaf.tv/vocab#opensMinute	predicate-268.ibk5	378	34899	dd07fea663c459b61549f6e3309ff18524ea02bec63fa3f9c002c64f0b384ecb	predicate-268.ibk5.merkle	1	https://kgx.foaf.tv/id/graphcwgp050bbab91c27a24ab6	predicate-268.ibk5.lgi2	predicate-268.ibk5.gbi1	003e000000687474..0043000000687474	0201000000302800..0204000000313032	0
269	https://schema.org/closes	predicate-269.ibk5	378	35121	e7bb5f533bc9bf27547cd76838febce9a4f5359ad8dc33a3e093e74269e6f977	predicate-269.ibk5.merkle	1	https://kgx.foaf.tv/id/graphcwgp050bbab91c27a24ab6	predicate-269.ibk5.lgi2	predicate-269.ibk5.gbi1	003e000000687474..0043000000687474	020500000030303a..020500000032333a	0
270	https://schema.org/dayOfWeek	predicate-270.ibk5	378	34208	322fa5a858f1a807f2f79b09fcfa378cd85f91cda5fff7e8ebc0a1399dee8443	predicate-270.ibk5.merkle	1	https://kgx.foaf.tv/id/graphcwgp050bbab91c27a24ab6	predicate-270.ibk5.lgi2	predicate-270.ibk5.gbi1	003e000000687474..0043000000687474	0019000000687474..001c000000687474	0
271	https://schema.org/opens	predicate-271.ibk5	378	34904	40ff680eeae77710ceae013e375cec1774a0722e263baf69a213b98504392aec	predicate-271.ibk5.merkle	1	https://kgx.foaf.tv/id/graphcwgp050bbab91c27a24ab6	predicate-271.ibk5.lgi2	predicate-271.ibk5.gbi1	003e000000687474..0043000000687474	020500000030303a..020500000031373a	0
272	http://www.w3.org/1999/02/22-rdf-syntax-ns#type	predicate-272.ibk5	336	33698	424412d539f3374c6f2c8e26cfd8cf75aa138770bf9c2fe1a1e8b96718a6cd7e	predicate-272.ibk5.merkle	1	https://kgx.foaf.tv/id/graphcwgp0688b128447e16b690	predicate-272.ibk5.lgi2	predicate-272.ibk5.gbi1	0044000000687474..005d000000687474	0018000000687474..002c000000687474	0
273	https://kgx.foaf.tv/vocab#hoursAsOf	predicate-273.ibk5	50	5556	3faac03f3eafe626d216781cd5f3818ceb66864e1582856c1f27ee0b6a42b59b	predicate-273.ibk5.merkle	1	https://kgx.foaf.tv/id/graphcwgp0688b128447e16b690	predicate-273.ibk5.lgi2	predicate-273.ibk5.gbi1	0044000000687474..005d000000687474	020a000000323032..020a000000323032	0
274	https://kgx.foaf.tv/vocab#levelText	predicate-274.ibk5	40	4734	d25fff83beacc287bf9928de4100068f4068e29af3b93c456fd07e2e30b2c2ce	predicate-274.ibk5.merkle	1	https://kgx.foaf.tv/id/graphcwgp0688b128447e16b690	predicate-274.ibk5.lgi2	predicate-274.ibk5.gbi1	0044000000687474..005d000000687474	02070000004c6576..020e000000537472	0
275	https://kgx.foaf.tv/vocab#registryBuilding	predicate-275.ibk5	48	5532	703339193bb3abf25df8c1797c925112a774008941e6111265af5d0363d7712f	predicate-275.ibk5.merkle	1	https://kgx.foaf.tv/id/graphcwgp0688b128447e16b690	predicate-275.ibk5.lgi2	predicate-275.ibk5.gbi1	0044000000687474..005d000000687474	001e000000687474..001e000000687474	0
276	https://schema.org/containedInPlace	predicate-276.ibk5	105	7996	eeca57c84438581d026057cea089784c7893cbea8c85b05a610aa78fe463a923	predicate-276.ibk5.merkle	1	https://kgx.foaf.tv/id/graphcwgp0688b128447e16b690	predicate-276.ibk5.lgi2	predicate-276.ibk5.gbi1	0044000000687474..005d000000687474	0024000000687474..0212000000436f6c	0
277	https://schema.org/name	predicate-277.ibk5	53	9479	fdf86a21776f46765293c1800e5abe59639bc5f366acd3a4d8d73f0141719f87	predicate-277.ibk5.merkle	1	https://kgx.foaf.tv/id/graphcwgp0688b128447e16b690	predicate-277.ibk5.lgi2	predicate-277.ibk5.gbi1	0044000000687474..005d000000687474	020d000000436861..022e0000004e6f74	0
278	https://schema.org/openingHours	predicate-278.ibk5	50	8589	09b10b15b76ddc25ca09ded434065fedea066bf246e438fca523f0b27f911706	predicate-278.ibk5.merkle	1	https://kgx.foaf.tv/id/graphcwgp0688b128447e16b690	predicate-278.ibk5.lgi2	predicate-278.ibk5.gbi1	0044000000687474..005d000000687474	020400000032342f..02470000004d6f2c	0
279	https://schema.org/openingHoursSpecification	predicate-279.ibk5	311	34117	5ee205e53755e6d930dc7a7791e7818270ae353fbf26517738b87ecefd82c6e4	predicate-279.ibk5.merkle	1	https://kgx.foaf.tv/id/graphcwgp0688b128447e16b690	predicate-279.ibk5.lgi2	predicate-279.ibk5.gbi1	0044000000687474..005d000000687474	0041000000687474..005c000000687474	0
280	https://schema.org/subjectOf	predicate-280.ibk5	53	9083	71c91865f0f5edf6a38fd39ea97a6fa011d5e28ab96857ace5cd2aa64b9e1773	predicate-280.ibk5.merkle	1	https://kgx.foaf.tv/id/graphcwgp0688b128447e16b690	predicate-280.ibk5.lgi2	predicate-280.ibk5.gbi1	0044000000687474..005d000000687474	003d000000687474..0056000000687474	0
281	https://schema.org/url	predicate-281.ibk5	51	6765	b0a8273210f0eb5f1a586a093179375d02f68160491230825fc6b84cc511ec78	predicate-281.ibk5.merkle	1	https://kgx.foaf.tv/id/graphcwgp0688b128447e16b690	predicate-281.ibk5.lgi2	predicate-281.ibk5.gbi1	0044000000687474..005d000000687474	0013000000687474..0061000000687474	0
282	https://schema.org/address	predicate-282.ibk5	52	8749	74d6c45d9071797c225d672db97a68f872afed100e0f7c130a845479d3fefd98	predicate-282.ibk5.merkle	1	https://kgx.foaf.tv/id/graphcwgp0688b128447e16b690	predicate-282.ibk5.lgi2	predicate-282.ibk5.gbi1	0044000000687474..005d000000687474	0039000000687474..0051000000687474	0
283	https://schema.org/dateModified	predicate-283.ibk5	12	2232	ad8902d7cd7763276f6eecc3dc520bf0c8e9e123d3dc7c930ae29d7875539ecd	predicate-283.ibk5.merkle	1	https://kgx.foaf.tv/id/graphcwgp0688b128447e16b690	predicate-283.ibk5.lgi2	predicate-283.ibk5.gbi1	0044000000687474..0056000000687474	0219000000323032..0219000000323032	0
284	https://schema.org/datePublished	predicate-284.ibk5	12	2085	43bf4ad6df117e9d7cab69e55cdc98b4675615f0cab6d93d6e921098a7c5fee6	predicate-284.ibk5.merkle	1	https://kgx.foaf.tv/id/graphcwgp0688b128447e16b690	predicate-284.ibk5.lgi2	predicate-284.ibk5.gbi1	0044000000687474..0056000000687474	0219000000323031..0219000000323032	0
285	https://schema.org/servesCuisine	predicate-285.ibk5	5	913	d6a2f2562839d81f0b1036d9b30d48737746541ac6e1167419a4b0d0ddca0d81	predicate-285.ibk5.merkle	1	https://kgx.foaf.tv/id/graphcwgp0688b128447e16b690	predicate-285.ibk5.lgi2	predicate-285.ibk5.gbi1	0044000000687474..0055000000687474	0205000000417369..0208000000416d65	0
286	https://kgx.foaf.tv/vocab#status	predicate-286.ibk5	1	304	fe3fc4f941f55d7d10bf80d4153cd34bdcbb6f17852798463d8e0fe5d5bffe3c	predicate-286.ibk5.merkle	1	https://kgx.foaf.tv/id/graphcwgp0688b128447e16b690	predicate-286.ibk5.lgi2	predicate-286.ibk5.gbi1	0049000000687474..0049000000687474	020b000000636f6d..020b000000636f6d	0
287	https://schema.org/addressCountry	predicate-287.ibk5	8	985	95832d23cfbc367d39f326cc98a9d35e7164b6e9f64e40367ceb7a9aa4bf422a	predicate-287.ibk5.merkle	1	https://kgx.foaf.tv/id/graphcwgp0688b128447e16b690	predicate-287.ibk5.lgi2	predicate-287.ibk5.gbi1	0044000000687474..0051000000687474	0202000000474227..0202000000474227	0
288	https://schema.org/postalCode	predicate-288.ibk5	8	1322	8d01323838c6353041265e535f3fce4b7f009b05d579299d766f2adbcfaaee13	predicate-288.ibk5.merkle	1	https://kgx.foaf.tv/id/graphcwgp0688b128447e16b690	predicate-288.ibk5.lgi2	predicate-288.ibk5.gbi1	0044000000687474..0051000000687474	0207000000453134..0207000000453134	0
289	https://schema.org/streetAddress	predicate-289.ibk5	5	976	b39463d5905e387e7b0ded44b4ebf4f12b41688515541150fc762364ca1a225c	predicate-289.ibk5.merkle	1	https://kgx.foaf.tv/id/graphcwgp0688b128447e16b690	predicate-289.ibk5.lgi2	predicate-289.ibk5.gbi1	0045000000687474..0051000000687474	020e000000353020..0215000000313320	0
290	https://kgx.foaf.tv/vocab#closesMinute	predicate-290.ibk5	283	28885	5c6961280df489e00aec6a628799c5fab847477c012c91dcfc6bcf25caa6604f	predicate-290.ibk5.merkle	1	https://kgx.foaf.tv/id/graphcwgp0688b128447e16b690	predicate-290.ibk5.lgi2	predicate-290.ibk5.gbi1	0044000000687474..005c000000687474	0203000000383430..0204000000313536	0
291	https://kgx.foaf.tv/vocab#opensMinute	predicate-291.ibk5	283	28442	7299be6fee2837ce3b68ad2702c1f28e554697577580c18b2833616fd7a52d5c	predicate-291.ibk5.merkle	1	https://kgx.foaf.tv/id/graphcwgp0688b128447e16b690	predicate-291.ibk5.lgi2	predicate-291.ibk5.gbi1	0044000000687474..005c000000687474	0201000000302800..0203000000373230	0
292	https://schema.org/closes	predicate-292.ibk5	283	28878	36a5f6920707a4182591d58b669d8ba8c7f23f6966e8398923c618db23d4af51	predicate-292.ibk5.merkle	1	https://kgx.foaf.tv/id/graphcwgp0688b128447e16b690	predicate-292.ibk5.lgi2	predicate-292.ibk5.gbi1	0044000000687474..005c000000687474	020500000030303a..020500000032333a	0
293	https://schema.org/dayOfWeek	predicate-293.ibk5	283	27911	5689f04174bcc511672b6ac93f06e347439f4998293d85d9d0129f03a5033b1f	predicate-293.ibk5.merkle	1	https://kgx.foaf.tv/id/graphcwgp0688b128447e16b690	predicate-293.ibk5.lgi2	predicate-293.ibk5.gbi1	0044000000687474..005c000000687474	0019000000687474..001c000000687474	0
294	https://schema.org/opens	predicate-294.ibk5	283	28445	7f33936ac98890b83cf7dc4c76a3f2411e682a32505a4706fdcec5e57be89b06	predicate-294.ibk5.merkle	1	https://kgx.foaf.tv/id/graphcwgp0688b128447e16b690	predicate-294.ibk5.lgi2	predicate-294.ibk5.gbi1	0044000000687474..005c000000687474	020500000030303a..020500000031323a	0
295	https://kgx.foaf.tv/vocab#file	predicate-295.ibk5	1	308	130239f9952afc99fdb33a23351db04a25acf366b88be7dee2f183ef23ebfb77	predicate-295.ibk5.merkle	1	https://kgx.foaf.tv/id/graphfacadeatlasp007b8b264501c0bf49	predicate-295.ibk5.lgi2	predicate-295.ibk5.gbi1	0025000000687474..0025000000687474	022d0000006d6167..022d0000006d6167	0
296	https://kgx.foaf.tv/vocab#sha256	predicate-296.ibk5	1	329	cb8a2e402dec4730cbf1bcf087c480c8bc6dab01048a117e48028b8db0e91635	predicate-296.ibk5.merkle	1	https://kgx.foaf.tv/id/graphfacadeatlasp007b8b264501c0bf49	predicate-296.ibk5.lgi2	predicate-296.ibk5.gbi1	0025000000687474..0025000000687474	0240000000323162..0240000000323162	0
297	https://kgx.foaf.tv/vocab#slotsMax	predicate-297.ibk5	1	270	16483c3c684d2f18bcc0b319e40cff2f82ca819f44b75af8b5c586767954ee38	predicate-297.ibk5.merkle	1	https://kgx.foaf.tv/id/graphfacadeatlasp007b8b264501c0bf49	predicate-297.ibk5.lgi2	predicate-297.ibk5.gbi1	0025000000687474..0025000000687474	0202000000333228..0202000000333228	0
298	https://kgx.foaf.tv/vocab#slotsUsed	predicate-298.ibk5	1	271	c3b6be6aaa0cd54b1512fe5d03986533f73daf34e8b8a284eb703cc9b889123e	predicate-298.ibk5.merkle	1	https://kgx.foaf.tv/id/graphfacadeatlasp007b8b264501c0bf49	predicate-298.ibk5.lgi2	predicate-298.ibk5.gbi1	0025000000687474..0025000000687474	0202000000323328..0202000000323328	0
299	https://kgx.foaf.tv/vocab#facadeSlot	predicate-299.ibk5	8	1010	4a0cf2217961295a6018f8bba3d1ce1d771967c61b51a51ccbbfa5d86326c7e5	predicate-299.ibk5.merkle	1	https://kgx.foaf.tv/id/graphfacadeatlasp007b8b264501c0bf49	predicate-299.ibk5.lgi2	predicate-299.ibk5.gbi1	0023000000687474..0025000000687474	0202000000313628..0202000000323228	0
300	https://kgx.foaf.tv/vocab#atlasSlot	predicate-300.ibk5	7	1028	45ba91879074178a235a7bfe4a0278c612e2bf06d5dd80dea2111c8fa0ffeaf2	predicate-300.ibk5.merkle	1	https://kgx.foaf.tv/id/graphfacadeatlasp007b8b264501c0bf49	predicate-300.ibk5.lgi2	predicate-300.ibk5.gbi1	0029000000687474..0037000000687474	0202000000313628..0202000000323228	0
301	https://kgx.foaf.tv/vocab#inAtlas	predicate-301.ibk5	7	704	e03146ded5476aba1dbef83d0a8dce0687b20f8f50f9bb2b1b3081ded577935f	predicate-301.ibk5.merkle	1	https://kgx.foaf.tv/id/graphfacadeatlasp007b8b264501c0bf49	predicate-301.ibk5.lgi2	predicate-301.ibk5.gbi1	0029000000687474..0037000000687474	0025000000687474..0025000000687474	0
302	http://www.w3.org/1999/02/22-rdf-syntax-ns#type	predicate-302.ibk5	7	732	b7d852bf851245599e5230b3ac78a28c8b9b0a5e8a7fb3ce7f05602918834d02	predicate-302.ibk5.merkle	1	https://kgx.foaf.tv/id/graphfacadepatchescwdockp00ca4578da2711a4e3	predicate-302.ibk5.lgi2	predicate-302.ibk5.gbi1	002c000000687474..0035000000687474	0025000000687474..0025000000687474	0
303	http://www.w3.org/2000/01/rdf-schema#comment	predicate-303.ibk5	7	1615	ea017f8808f3468074e4f58be306939513b01053180262de3d517f2f6f9213ee	predicate-303.ibk5.merkle	1	https://kgx.foaf.tv/id/graphfacadepatchescwdockp00ca4578da2711a4e3	predicate-303.ibk5.lgi2	predicate-303.ibk5.gbi1	002c000000687474..0035000000687474	0224000000746865..029b000000746872	0
304	http://www.w3.org/2000/01/rdf-schema#label	predicate-304.ibk5	7	1327	d1cd81d24d749e6f8a446c3aa2891d272be89268a8d71ab12b42236c6691ccb1	predicate-304.ibk5.merkle	1	https://kgx.foaf.tv/id/graphfacadepatchescwdockp00ca4578da2711a4e3	predicate-304.ibk5.lgi2	predicate-304.ibk5.gbi1	002c000000687474..0035000000687474	021e000000646f63..0238000000746865	0
305	https://kgx.foaf.tv/vocab#bayAutocorrelation	predicate-305.ibk5	7	1011	afbf16ab43a4f78b891457f9d3327d449b402fe6b1a478f3458a2538ad83ce3c	predicate-305.ibk5.merkle	1	https://kgx.foaf.tv/id/graphfacadepatchescwdockp00ca4578da2711a4e3	predicate-305.ibk5.lgi2	predicate-305.ibk5.gbi1	002c000000687474..0035000000687474	0204000000302e32..0204000000302e35	0
306	https://kgx.foaf.tv/vocab#bayPeriodPx	predicate-306.ibk5	7	1059	e1939acefb3d83b1ca020edcb2c6e31120e9eb72e94a41e5981e6da170e66d3e	predicate-306.ibk5.merkle	1	https://kgx.foaf.tv/id/graphfacadepatchescwdockp00ca4578da2711a4e3	predicate-306.ibk5.lgi2	predicate-306.ibk5.gbi1	002c000000687474..0035000000687474	0202000000313828..0206000000313436	0
307	https://kgx.foaf.tv/vocab#box	predicate-307.ibk5	7	1111	b78c69d9ece6530159bff002d3bcfd1fdda12eb99bdd82674074f7c1343dc710	predicate-307.ibk5.merkle	1	https://kgx.foaf.tv/id/graphfacadepatchescwdockp00ca4578da2711a4e3	predicate-307.ibk5.lgi2	predicate-307.ibk5.gbi1	002c000000687474..0035000000687474	020c000000302030..0210000000313535	0
308	https://kgx.foaf.tv/vocab#building	predicate-308.ibk5	7	926	de556f8ac9bac8a176775728022800121cf0ffc2973e759a4728e4b9f1ec9ef0	predicate-308.ibk5.merkle	1	https://kgx.foaf.tv/id/graphfacadepatchescwdockp00ca4578da2711a4e3	predicate-308.ibk5.lgi2	predicate-308.ibk5.gbi1	002c000000687474..0035000000687474	0024000000687474..0025000000687474	0
309	https://kgx.foaf.tv/vocab#colour	predicate-309.ibk5	21	2221	34c9a7ce54c16e3d16c43518a0ea6c8cc17b87a06d90084cc76e79049701787d	predicate-309.ibk5.merkle	1	https://kgx.foaf.tv/id/graphfacadepatchescwdockp00ca4578da2711a4e3	predicate-309.ibk5.lgi2	predicate-309.ibk5.gbi1	002c000000687474..0035000000687474	0033000000687474..003c000000687474	0
310	https://kgx.foaf.tv/vocab#face	predicate-310.ibk5	7	1145	45b3b7f4b1967e6cc92956ae7f98c2646504a96655b636a4bebba8c6b6381b04	predicate-310.ibk5.merkle	1	https://kgx.foaf.tv/id/graphfacadepatchescwdockp00ca4578da2711a4e3	predicate-310.ibk5.lgi2	predicate-310.ibk5.gbi1	002c000000687474..0035000000687474	020a0000006e6f72..021f000000656173	0
311	https://kgx.foaf.tv/vocab#faceWidthMetres	predicate-311.ibk5	3	552	209489aa6881d7e1c7e399c7cc152c40d63b34762de14d5cfd8d1df7a6caef6b	predicate-311.ibk5.merkle	1	https://kgx.foaf.tv/id/graphfacadepatchescwdockp00ca4578da2711a4e3	predicate-311.ibk5.lgi2	predicate-311.ibk5.gbi1	002c000000687474..0035000000687474	020400000032372e..020400000036332e	0
312	https://kgx.foaf.tv/vocab#floorAutocorrelation	predicate-312.ibk5	7	1013	3de80064af82b1869c808f5edf1778ca9262a14994957ea2d6900d7497c4ce32	predicate-312.ibk5.merkle	1	https://kgx.foaf.tv/id/graphfacadepatchescwdockp00ca4578da2711a4e3	predicate-312.ibk5.lgi2	predicate-312.ibk5.gbi1	002c000000687474..0035000000687474	0204000000302e31..0204000000302e37	0
313	https://kgx.foaf.tv/vocab#floorPeriodPx	predicate-313.ibk5	7	1065	68215d4392505709dca87c50bb87a8fc51030f03a99fe05a6eb493f4fa791de6	predicate-313.ibk5.merkle	1	https://kgx.foaf.tv/id/graphfacadepatchescwdockp00ca4578da2711a4e3	predicate-313.ibk5.lgi2	predicate-313.ibk5.gbi1	002c000000687474..0035000000687474	0204000000362e39..0206000000313132	0
314	https://kgx.foaf.tv/vocab#fromPhoto	predicate-314.ibk5	7	972	3a48c70ae9878776f808164dab184ce593d02c9d1e982fbce0d632898fc0eb65	predicate-314.ibk5.merkle	1	https://kgx.foaf.tv/id/graphfacadepatchescwdockp00ca4578da2711a4e3	predicate-314.ibk5.lgi2	predicate-314.ibk5.gbi1	002c000000687474..0035000000687474	002c000000687474..002c000000687474	0
315	https://kgx.foaf.tv/vocab#patchHeightPx	predicate-315.ibk5	7	1056	6d12a8293013c9039edb28e3ae0ca0954bec358438249f0e02e880e21da0a725	predicate-315.ibk5.merkle	1	https://kgx.foaf.tv/id/graphfacadepatchescwdockp00ca4578da2711a4e3	predicate-315.ibk5.lgi2	predicate-315.ibk5.gbi1	002c000000687474..0035000000687474	0203000000333830..0204000000323034	0
316	https://kgx.foaf.tv/vocab#patchWidthPx	predicate-316.ibk5	7	1055	7bf8507fe077c90724f9d65d6c12312cf05d920e01df629c8256aa26952d5149	predicate-316.ibk5.merkle	1	https://kgx.foaf.tv/id/graphfacadepatchescwdockp00ca4578da2711a4e3	predicate-316.ibk5.lgi2	predicate-316.ibk5.gbi1	002c000000687474..0035000000687474	0203000000323731..0204000000313639	0
317	https://kgx.foaf.tv/vocab#roi	predicate-317.ibk5	7	1134	336cb015d3000809f8a14a3773a98426566e2a9cf964b7d9b90f1e002d752b0b	predicate-317.ibk5.merkle	1	https://kgx.foaf.tv/id/graphfacadepatchescwdockp00ca4578da2711a4e3	predicate-317.ibk5.lgi2	predicate-317.ibk5.gbi1	002c000000687474..0035000000687474	0210000000333330..0212000000313132	0
318	https://kgx.foaf.tv/vocab#sha256	predicate-318.ibk5	7	1466	9110ac3ac989688b8490455ab7f821e2818a8b3bef41ffe5a3b0c992898e3d84	predicate-318.ibk5.merkle	1	https://kgx.foaf.tv/id/graphfacadepatchescwdockp00ca4578da2711a4e3	predicate-318.ibk5.lgi2	predicate-318.ibk5.gbi1	002c000000687474..0035000000687474	0240000000303034..0240000000666436	0
319	https://kgx.foaf.tv/vocab#vanishingPointHorizontal	predicate-319.ibk5	7	1144	24a8588f9071807519b88bc87183c9dca118de9cb0d20cf0ca3e18005b7a5025	predicate-319.ibk5.merkle	1	https://kgx.foaf.tv/id/graphfacadepatchescwdockp00ca4578da2711a4e3	predicate-319.ibk5.lgi2	predicate-319.ibk5.gbi1	002c000000687474..0035000000687474	020c0000005b2d31..02110000005b2d33	0
320	https://kgx.foaf.tv/vocab#vanishingPointVertical	predicate-320.ibk5	7	1153	8747844546750337b5d692ca221490c7f9904ff57860670d4ad8ab834604fa03	predicate-320.ibk5.merkle	1	https://kgx.foaf.tv/id/graphfacadepatchescwdockp00ca4578da2711a4e3	predicate-320.ibk5.lgi2	predicate-320.ibk5.gbi1	002c000000687474..0035000000687474	020f0000005b3731..02140000005b2d31	0
321	https://schema.org/contentUrl	predicate-321.ibk5	7	1444	fc692679837d81e8ef082b4e59d6ea14587ed12cdb83cd1567c755fbc1baa348	predicate-321.ibk5.merkle	1	https://kgx.foaf.tv/id/graphfacadepatchescwdockp00ca4578da2711a4e3	predicate-321.ibk5.lgi2	predicate-321.ibk5.gbi1	002c000000687474..0035000000687474	0065000000687474..006f000000687474	0
322	https://schema.org/license	predicate-322.ibk5	7	724	c8d03214335ccb034ddb93aee25bc7a4bb27460e71c98b485335339d6c112edd	predicate-322.ibk5.merkle	1	https://kgx.foaf.tv/id/graphfacadepatchescwdockp00ca4578da2711a4e3	predicate-322.ibk5.lgi2	predicate-322.ibk5.gbi1	002c000000687474..0035000000687474	0032000000687474..0032000000687474	0
323	https://kgx.foaf.tv/vocab#hex	predicate-323.ibk5	21	3021	399fc6177758d5211ec7666454b6b1c33b57817546d9e29a00f9dbca62fe29d3	predicate-323.ibk5.merkle	1	https://kgx.foaf.tv/id/graphfacadepatchescwdockp00ca4578da2711a4e3	predicate-323.ibk5.lgi2	predicate-323.ibk5.gbi1	0033000000687474..003c000000687474	0207000000233139..0207000000236536	0
324	https://kgx.foaf.tv/vocab#lightness	predicate-324.ibk5	21	2982	95beecf59e919790fe4592e246cca6e18278144b0d727f3f15b1ff68e55fdfd5	predicate-324.ibk5.merkle	1	https://kgx.foaf.tv/id/graphfacadepatchescwdockp00ca4578da2711a4e3	predicate-324.ibk5.lgi2	predicate-324.ibk5.gbi1	0033000000687474..003c000000687474	0202000000373028..020400000039322e	0
325	https://kgx.foaf.tv/vocab#rank	predicate-325.ibk5	21	1999	bfcb6bb64604fa762e68ea2c06791f301ae186fe3745edd7c8c74055583e94e4	predicate-325.ibk5.merkle	1	https://kgx.foaf.tv/id/graphfacadepatchescwdockp00ca4578da2711a4e3	predicate-325.ibk5.lgi2	predicate-325.ibk5.gbi1	0033000000687474..003c000000687474	0201000000302800..0201000000322800	0
326	https://kgx.foaf.tv/vocab#share	predicate-326.ibk5	21	2999	f7a8bb298b7639471fb05912e5a525b115c45f66036a2cdfd7e7f8a4bfc3a7fa	predicate-326.ibk5.merkle	1	https://kgx.foaf.tv/id/graphfacadepatchescwdockp00ca4578da2711a4e3	predicate-326.ibk5.lgi2	predicate-326.ibk5.gbi1	0033000000687474..003c000000687474	0204000000302e31..0205000000302e35	0
327	http://www.w3.org/1999/02/22-rdf-syntax-ns#type	predicate-327.ibk5	5	621	b29c2a824a394bec636b5278bc1d88a1807a91e685e1c3cabcaa10159b3d1f47	predicate-327.ibk5.merkle	1	https://kgx.foaf.tv/id/graphfacadepatchescwlibraryp00beae2654dd9a84ff	predicate-327.ibk5.lgi2	predicate-327.ibk5.gbi1	0035000000687474..0039000000687474	0025000000687474..0025000000687474	0
328	http://www.w3.org/2000/01/rdf-schema#comment	predicate-328.ibk5	5	989	f36104f792fd4104e55acbc252303096ba990ab43e37d74bd4c5c0c18a2cb74f	predicate-328.ibk5.merkle	1	https://kgx.foaf.tv/id/graphfacadepatchescwlibraryp00beae2654dd9a84ff	predicate-328.ibk5.lgi2	predicate-328.ibk5.gbi1	0035000000687474..0039000000687474	0207000000626163..02400000006c6566	0
329	http://www.w3.org/2000/01/rdf-schema#label	predicate-329.ibk5	5	1009	b7d48c9aa17e98d38286dedd360ecdd8d896a20ada73747e42cc6f6b6404c6fe	predicate-329.ibk5.merkle	1	https://kgx.foaf.tv/id/graphfacadepatchescwlibraryp00beae2654dd9a84ff	predicate-329.ibk5.lgi2	predicate-329.ibk5.gbi1	0035000000687474..0039000000687474	021f0000006c6962..022b000000746865	0
330	https://kgx.foaf.tv/vocab#bayAutocorrelation	predicate-330.ibk5	5	846	3ac8d562fe693444857914938cf085537067c33063e3fb75bdb646fe073c49ad	predicate-330.ibk5.merkle	1	https://kgx.foaf.tv/id/graphfacadepatchescwlibraryp00beae2654dd9a84ff	predicate-330.ibk5.lgi2	predicate-330.ibk5.gbi1	0035000000687474..0039000000687474	0204000000302e31..0204000000302e36	0
331	https://kgx.foaf.tv/vocab#bayPeriodPx	predicate-331.ibk5	5	845	a30d02729608366b651ae0e91fca400bdaef9a084b582fad4432f77b7c9b0999	predicate-331.ibk5.merkle	1	https://kgx.foaf.tv/id/graphfacadepatchescwlibraryp00beae2654dd9a84ff	predicate-331.ibk5.lgi2	predicate-331.ibk5.gbi1	0035000000687474..0039000000687474	020500000031312e..0206000000313134	0
332	https://kgx.foaf.tv/vocab#box	predicate-332.ibk5	5	878	9aecf7e7046d7291e9b28eced9c742bdcc245d0fa5fb9736e8ba8513f1755b52	predicate-332.ibk5.merkle	1	https://kgx.foaf.tv/id/graphfacadepatchescwlibraryp00beae2654dd9a84ff	predicate-332.ibk5.lgi2	predicate-332.ibk5.gbi1	0035000000687474..0039000000687474	020c000000302035..0210000000323630	0
333	https://kgx.foaf.tv/vocab#building	predicate-333.ibk5	5	730	0c75a62250c0537e09468672f7177dde859c23a30f53ab1491b26c9c3e89f9d4	predicate-333.ibk5.merkle	1	https://kgx.foaf.tv/id/graphfacadepatchescwlibraryp00beae2654dd9a84ff	predicate-333.ibk5.lgi2	predicate-333.ibk5.gbi1	0035000000687474..0039000000687474	0023000000687474..0025000000687474	0
334	https://kgx.foaf.tv/vocab#colour	predicate-334.ibk5	15	1766	30717ed83bee64eefbe2193647d38d4a932cd573d26bbb98f188342a4511755e	predicate-334.ibk5.merkle	1	https://kgx.foaf.tv/id/graphfacadepatchescwlibraryp00beae2654dd9a84ff	predicate-334.ibk5.lgi2	predicate-334.ibk5.gbi1	0035000000687474..0039000000687474	003c000000687474..0040000000687474	0
335	https://kgx.foaf.tv/vocab#face	predicate-335.ibk5	5	796	75522936f080da843c076c85ab84cc11a35a39add019204937e894c3d32ee1fc	predicate-335.ibk5.merkle	1	https://kgx.foaf.tv/id/graphfacadepatchescwlibraryp00beae2654dd9a84ff	predicate-335.ibk5.lgi2	predicate-335.ibk5.gbi1	0035000000687474..0039000000687474	02050000006e6f72..020d000000656173	0
336	https://kgx.foaf.tv/vocab#floorAutocorrelation	predicate-336.ibk5	5	847	7167ee31c1fa69e39cfa9129a2c02384a8fcf0c5fd382a4737888c2e8c8c2855	predicate-336.ibk5.merkle	1	https://kgx.foaf.tv/id/graphfacadepatchescwlibraryp00beae2654dd9a84ff	predicate-336.ibk5.lgi2	predicate-336.ibk5.gbi1	0035000000687474..0039000000687474	0203000000302e37..0204000000302e35	0
337	https://kgx.foaf.tv/vocab#floorPeriodPx	predicate-337.ibk5	5	844	b5c086f243f45195ef17a5b3331279318995ec20acdeae19c1b35ee33a9b5f4a	predicate-337.ibk5.merkle	1	https://kgx.foaf.tv/id/graphfacadepatchescwlibraryp00beae2654dd9a84ff	predicate-337.ibk5.lgi2	predicate-337.ibk5.gbi1	0035000000687474..0039000000687474	0204000000352e30..020500000039342e	0
338	https://kgx.foaf.tv/vocab#fromPhoto	predicate-338.ibk5	5	763	1e3535b5aa0dd08cff237459098e16767a1a748a199e46235c79df53c76d8d46	predicate-338.ibk5.merkle	1	https://kgx.foaf.tv/id/graphfacadepatchescwlibraryp00beae2654dd9a84ff	predicate-338.ibk5.lgi2	predicate-338.ibk5.gbi1	0035000000687474..0039000000687474	002c000000687474..002c000000687474	0
339	https://kgx.foaf.tv/vocab#patchHeightPx	predicate-339.ibk5	5	838	d3cca26f173bf88714562c7205d9a15cd116347fa5ceb834590bca88f366db6a	predicate-339.ibk5.merkle	1	https://kgx.foaf.tv/id/graphfacadepatchescwlibraryp00beae2654dd9a84ff	predicate-339.ibk5.lgi2	predicate-339.ibk5.gbi1	0035000000687474..0039000000687474	0203000000343030..0204000000323237	0
340	https://kgx.foaf.tv/vocab#patchWidthPx	predicate-340.ibk5	5	835	d211e98f8d01953b04585afa6d545fb9715a956d55232177d63768ee8bdadfef	predicate-340.ibk5.merkle	1	https://kgx.foaf.tv/id/graphfacadepatchescwlibraryp00beae2654dd9a84ff	predicate-340.ibk5.lgi2	predicate-340.ibk5.gbi1	0035000000687474..0039000000687474	0203000000333030..0203000000363730	0
341	https://kgx.foaf.tv/vocab#roi	predicate-341.ibk5	5	887	1d356ea01fd02db281d92a839927bfebf675c1dde7eeff34d0c76f0d1b3adc55	predicate-341.ibk5.merkle	1	https://kgx.foaf.tv/id/graphfacadepatchescwlibraryp00beae2654dd9a84ff	predicate-341.ibk5.lgi2	predicate-341.ibk5.gbi1	0035000000687474..0039000000687474	020f000000313130..0211000000353930	0
342	https://kgx.foaf.tv/vocab#sha256	predicate-342.ibk5	5	1129	fd844fe3c321c461f02b78af9bec6d1823dd647a13041bcef6a336a24253ef8f	predicate-342.ibk5.merkle	1	https://kgx.foaf.tv/id/graphfacadepatchescwlibraryp00beae2654dd9a84ff	predicate-342.ibk5.lgi2	predicate-342.ibk5.gbi1	0035000000687474..0039000000687474	0240000000333566..0240000000643733	0
343	https://kgx.foaf.tv/vocab#vanishingPointHorizontal	predicate-343.ibk5	5	902	4f73ec982f1d79c2eb78f4e764ea24d5d94b02e23a24bdfa5c51a036303fd322	predicate-343.ibk5.merkle	1	https://kgx.foaf.tv/id/graphfacadepatchescwlibraryp00beae2654dd9a84ff	predicate-343.ibk5.lgi2	predicate-343.ibk5.gbi1	0035000000687474..0039000000687474	020e0000005b2d33..02100000005b3130	0
344	https://kgx.foaf.tv/vocab#vanishingPointVertical	predicate-344.ibk5	5	900	7437f32d181b3c9505ec043861ac8d805f2bb3637b3d25ce2c4fe616ddf82ab2	predicate-344.ibk5.merkle	1	https://kgx.foaf.tv/id/graphfacadepatchescwlibraryp00beae2654dd9a84ff	predicate-344.ibk5.lgi2	predicate-344.ibk5.gbi1	0035000000687474..0039000000687474	020e0000005b3135..02100000005b3132	0
345	https://schema.org/contentUrl	predicate-345.ibk5	5	1148	96d7c3f56afba1f07aa37a7da4603eb04ab653b0cf23fff5ba65cc7a393c084a	predicate-345.ibk5.merkle	1	https://kgx.foaf.tv/id/graphfacadepatchescwlibraryp00beae2654dd9a84ff	predicate-345.ibk5.lgi2	predicate-345.ibk5.gbi1	0035000000687474..0039000000687474	006e000000687474..0073000000687474	0
346	https://schema.org/license	predicate-346.ibk5	5	613	8c1fe2f5097511720a781179f86b2f0363af0c5e5b4eba3a4577811069077447	predicate-346.ibk5.merkle	1	https://kgx.foaf.tv/id/graphfacadepatchescwlibraryp00beae2654dd9a84ff	predicate-346.ibk5.lgi2	predicate-346.ibk5.gbi1	0035000000687474..0039000000687474	0032000000687474..0032000000687474	0
347	https://kgx.foaf.tv/vocab#hex	predicate-347.ibk5	15	2304	15e47ca21ac79623785499bd3f7f628f45dc6f548a7559cb89d1a351117aa157	predicate-347.ibk5.merkle	1	https://kgx.foaf.tv/id/graphfacadepatchescwlibraryp00beae2654dd9a84ff	predicate-347.ibk5.lgi2	predicate-347.ibk5.gbi1	003c000000687474..0040000000687474	0207000000233133..0207000000236135	0
348	https://kgx.foaf.tv/vocab#lightness	predicate-348.ibk5	15	2220	b91056e3649eefd762a014962ac32bfe6cfbb8ae98724abbf4f506b1c63a4b79	predicate-348.ibk5.merkle	1	https://kgx.foaf.tv/id/graphfacadepatchescwlibraryp00beae2654dd9a84ff	predicate-348.ibk5.lgi2	predicate-348.ibk5.gbi1	003c000000687474..0040000000687474	0202000000323428..020400000037302e	0
349	https://kgx.foaf.tv/vocab#rank	predicate-349.ibk5	15	1618	808dfc1c4f085362e9767b9a338fea39c84566f30c047be834cb02f53e8fab5a	predicate-349.ibk5.merkle	1	https://kgx.foaf.tv/id/graphfacadepatchescwlibraryp00beae2654dd9a84ff	predicate-349.ibk5.lgi2	predicate-349.ibk5.gbi1	003c000000687474..0040000000687474	0201000000302800..0201000000322800	0
350	https://kgx.foaf.tv/vocab#share	predicate-350.ibk5	15	2290	102e6f64b08ef5ac57003ff214d7787c1092ffbbc1325c1ccf3f2fb0eddc0ae0	predicate-350.ibk5.merkle	1	https://kgx.foaf.tv/id/graphfacadepatchescwlibraryp00beae2654dd9a84ff	predicate-350.ibk5.lgi2	predicate-350.ibk5.gbi1	003c000000687474..0040000000687474	0204000000302e31..0205000000302e35	0
351	https://kgx.foaf.tv/vocab#faceWidthMetres	predicate-351.ibk5	1	305	9dba3c4790f9a3d080c4fe64d2101f5f1f02796155d2bb141884f3733169d5d0	predicate-351.ibk5.merkle	1	https://kgx.foaf.tv/id/graphfacadepatchescwlibraryp00beae2654dd9a84ff	predicate-351.ibk5.lgi2	predicate-351.ibk5.gbi1	0036000000687474..0036000000687474	0202000000323428..0202000000323428	0
352	http://www.w3.org/1999/02/22-rdf-syntax-ns#type	predicate-352.ibk5	3	419	4b7e1827d9ffe8996573a43195bc111ed978e8661ca76f824c30eddd3dc89cba	predicate-352.ibk5.merkle	1	https://kgx.foaf.tv/id/graphfacadetilescwdockp00135d1e694cc185ff	predicate-352.ibk5.lgi2	predicate-352.ibk5.gbi1	0029000000687474..002d000000687474	0024000000687474..0024000000687474	0
353	http://www.w3.org/2000/01/rdf-schema#comment	predicate-353.ibk5	3	1971	7e1734375ae8e07b756438347a60199be0fac2d2538ad9134962105b74dac323	predicate-353.ibk5.merkle	1	https://kgx.foaf.tv/id/graphfacadetilescwdockp00135d1e694cc185ff	predicate-353.ibk5.lgi2	predicate-353.ibk5.gbi1	0029000000687474..002d000000687474	02290200004c6566..02ea01000054776f	0
354	https://kgx.foaf.tv/vocab#crop	predicate-354.ibk5	3	551	5d86554554e295b36bad3983c3b8cd367246057f6bd29ce247674a05018e46d7	predicate-354.ibk5.merkle	1	https://kgx.foaf.tv/id/graphfacadetilescwdockp00135d1e694cc185ff	predicate-354.ibk5.lgi2	predicate-354.ibk5.gbi1	0029000000687474..002d000000687474	020d000000302031..020f000000333335	0
355	https://kgx.foaf.tv/vocab#file	predicate-355.ibk5	3	651	4656f2dfd4e5674267bf132af1a331de9caff9d6e263d3f2afc3e5b304aca3a6	predicate-355.ibk5.merkle	1	https://kgx.foaf.tv/id/graphfacadetilescwdockp00135d1e694cc185ff	predicate-355.ibk5.lgi2	predicate-355.ibk5.gbi1	0029000000687474..002d000000687474	022e000000646174..0233000000646174	0
356	https://kgx.foaf.tv/vocab#forBuilding	predicate-356.ibk5	3	492	879929ffdad5c20840b8252e07cca10a5562ce10d87944a113b963093778107b	predicate-356.ibk5.merkle	1	https://kgx.foaf.tv/id/graphfacadetilescwdockp00135d1e694cc185ff	predicate-356.ibk5.lgi2	predicate-356.ibk5.gbi1	0029000000687474..002d000000687474	0024000000687474..0025000000687474	0
357	https://kgx.foaf.tv/vocab#heightMetres	predicate-357.ibk5	3	530	debca7ce8ba1164de3a0377712b6ced0951a4a2595001b3d58f844d38fb9f453	predicate-357.ibk5.merkle	1	https://kgx.foaf.tv/id/graphfacadetilescwdockp00135d1e694cc185ff	predicate-357.ibk5.lgi2	predicate-357.ibk5.gbi1	0029000000687474..002d000000687474	0203000000362e31..0204000000332e31	0
358	https://kgx.foaf.tv/vocab#method	predicate-358.ibk5	3	417	7244df9fd5ff6a8789d4fa82865d7b527b43685d32002256545da2ea8e2ed3cc	predicate-358.ibk5.merkle	1	https://kgx.foaf.tv/id/graphfacadetilescwdockp00135d1e694cc185ff	predicate-358.ibk5.lgi2	predicate-358.ibk5.gbi1	0029000000687474..002d000000687474	020500000070686f..020500000070686f	0
359	https://kgx.foaf.tv/vocab#mirroredHalf	predicate-359.ibk5	1	290	5c84f7abfd6fc55d1f427835c65e721e6961a0a0e4eeedb0e472fa4098f40db3	predicate-359.ibk5.merkle	1	https://kgx.foaf.tv/id/graphfacadetilescwdockp00135d1e694cc185ff	predicate-359.ibk5.lgi2	predicate-359.ibk5.gbi1	002d000000687474..002d000000687474	0204000000747275..0204000000747275	0
360	https://kgx.foaf.tv/vocab#page	predicate-360.ibk5	3	479	06a587994f91f6252438942c9f23422b3202f0fbdf9b30a86ac4d0b8eff3ef62	predicate-360.ibk5.merkle	1	https://kgx.foaf.tv/id/graphfacadetilescwdockp00135d1e694cc185ff	predicate-360.ibk5.lgi2	predicate-360.ibk5.gbi1	0029000000687474..002d000000687474	0245000000687474..0245000000687474	0
361	https://kgx.foaf.tv/vocab#placement	predicate-361.ibk5	3	547	52d2b982977bc7c0cc7091226f8560ba3b3d288696e9a6941764537bee42e516	predicate-361.ibk5.merkle	1	https://kgx.foaf.tv/id/graphfacadetilescwdockp00135d1e694cc185ff	predicate-361.ibk5.lgi2	predicate-361.ibk5.gbi1	0029000000687474..002d000000687474	0034000000687474..003c000000687474	0
362	https://kgx.foaf.tv/vocab#sha256	predicate-362.ibk5	3	702	afe8d4cbdf0da0519c5dd6b08723a555b8c1eabdeac45c3c0f8b469cc287bc35	predicate-362.ibk5.merkle	1	https://kgx.foaf.tv/id/graphfacadetilescwdockp00135d1e694cc185ff	predicate-362.ibk5.lgi2	predicate-362.ibk5.gbi1	0029000000687474..002d000000687474	0240000000336539..0240000000393166	0
363	https://kgx.foaf.tv/vocab#widthMetres	predicate-363.ibk5	3	526	1cfcc0fd2a28f3b9c70b04e010ea5fa52b2e2cd32470461fd31e6cd61ccd76a0	predicate-363.ibk5.merkle	1	https://kgx.foaf.tv/id/graphfacadetilescwdockp00135d1e694cc185ff	predicate-363.ibk5.lgi2	predicate-363.ibk5.gbi1	0029000000687474..002d000000687474	0202000000313028..020400000031322e	0
364	https://schema.org/contentUrl	predicate-364.ibk5	3	677	284a4c0030f0c3c7b2ebcc59aa4b79d59a8f35e0e513e3735330811ae9c58b65	predicate-364.ibk5.merkle	1	https://kgx.foaf.tv/id/graphfacadetilescwdockp00135d1e694cc185ff	predicate-364.ibk5.lgi2	predicate-364.ibk5.gbi1	0029000000687474..002d000000687474	0063000000687474..0068000000687474	0
365	https://schema.org/isBasedOn	predicate-365.ibk5	3	511	8a67a69caace0176240281b90511a4ca659c276e0067a2c82ec910c6524cfae8	predicate-365.ibk5.merkle	1	https://kgx.foaf.tv/id/graphfacadetilescwdockp00135d1e694cc185ff	predicate-365.ibk5.lgi2	predicate-365.ibk5.gbi1	0029000000687474..002d000000687474	002c000000687474..002f000000687474	0
366	https://schema.org/license	predicate-366.ibk5	3	412	8673a9d9ef8838a09e15081eb22c18b476fcf7d52bfd33d940c3a161c056b011	predicate-366.ibk5.merkle	1	https://kgx.foaf.tv/id/graphfacadetilescwdockp00135d1e694cc185ff	predicate-366.ibk5.lgi2	predicate-366.ibk5.gbi1	0029000000687474..002d000000687474	0032000000687474..0032000000687474	0
367	https://schema.org/name	predicate-367.ibk5	3	823	af4176323320c7663dce4a61f57a77ee0cbe1cacc8a9fc968c645fb14fe4a754	predicate-367.ibk5.merkle	1	https://kgx.foaf.tv/id/graphfacadetilescwdockp00135d1e694cc185ff	predicate-367.ibk5.lgi2	predicate-367.ibk5.gbi1	0029000000687474..002d000000687474	025b000000446563..027e000000446f63	0
368	https://kgx.foaf.tv/vocab#at	predicate-368.ibk5	3	601	b2056f393f0138db2ce17f25f1e4d15d0c7b738f6b92aefb0d932e8677310fc4	predicate-368.ibk5.merkle	1	https://kgx.foaf.tv/id/graphfacadetilescwdockp00135d1e694cc185ff	predicate-368.ibk5.lgi2	predicate-368.ibk5.gbi1	0034000000687474..003c000000687474	02130000002d302e..02130000002d302e	0
369	https://kgx.foaf.tv/vocab#building	predicate-369.ibk5	3	527	3fa685043f18835d7531691292b990407fb60d03f906e0321a3dfd014d294a2e	predicate-369.ibk5.merkle	1	https://kgx.foaf.tv/id/graphfacadetilescwdockp00135d1e694cc185ff	predicate-369.ibk5.lgi2	predicate-369.ibk5.gbi1	0034000000687474..003c000000687474	0024000000687474..0025000000687474	0
370	http://www.w3.org/1999/02/22-rdf-syntax-ns#type	predicate-370.ibk5	4	523	abee95ad6181605c7707199634da25a2956cc18b1341e4793b9045483232f79e	predicate-370.ibk5.merkle	1	https://kgx.foaf.tv/id/graphfacadetilescwlibraryp008145d8bf5538cdd1	predicate-370.ibk5.lgi2	predicate-370.ibk5.gbi1	002f000000687474..0037000000687474	0024000000687474..0024000000687474	0
371	http://www.w3.org/2000/01/rdf-schema#comment	predicate-371.ibk5	4	2404	10b80438b1b40bb91da6796a431c51ea407d934c2122bf2d09c391a0e40dfe3b	predicate-371.ibk5.merkle	1	https://kgx.foaf.tv/id/graphfacadetilescwlibraryp008145d8bf5538cdd1	predicate-371.ibk5.lgi2	predicate-371.ibk5.gbi1	002f000000687474..0037000000687474	02050100004d6573..026d01000054776f	0
372	https://kgx.foaf.tv/vocab#crop	predicate-372.ibk5	3	571	9b4b7bfd447479014f395be556cd28ee1a690fedc7e228067f1066e1d6114025	predicate-372.ibk5.merkle	1	https://kgx.foaf.tv/id/graphfacadetilescwlibraryp008145d8bf5538cdd1	predicate-372.ibk5.lgi2	predicate-372.ibk5.gbi1	002f000000687474..0036000000687474	020c000000302039..020e000000363020	0
373	https://kgx.foaf.tv/vocab#file	predicate-373.ibk5	4	887	c1eb58881410fa7e8e6b597170aaa86e421ac87f9fe27e7e90a12671448c191e	predicate-373.ibk5.merkle	1	https://kgx.foaf.tv/id/graphfacadetilescwlibraryp008145d8bf5538cdd1	predicate-373.ibk5.lgi2	predicate-373.ibk5.gbi1	002f000000687474..0037000000687474	0234000000646174..023d000000646174	0
374	https://kgx.foaf.tv/vocab#forBuilding	predicate-374.ibk5	5	696	76f024a6331bfe0739e466f95cf3c3231fdb2e2c0dba219b47d787037c70a231	predicate-374.ibk5.merkle	1	https://kgx.foaf.tv/id/graphfacadetilescwlibraryp008145d8bf5538cdd1	predicate-374.ibk5.lgi2	predicate-374.ibk5.gbi1	002f000000687474..0037000000687474	0023000000687474..0025000000687474	0
375	https://kgx.foaf.tv/vocab#heightMetres	predicate-375.ibk5	4	686	7e71d82682259758f0c57384b86cf78255369d07d6c718ddd8b0f98d2a3dd641	predicate-375.ibk5.merkle	1	https://kgx.foaf.tv/id/graphfacadetilescwlibraryp008145d8bf5538cdd1	predicate-375.ibk5.lgi2	predicate-375.ibk5.gbi1	002f000000687474..0037000000687474	0202000000313228..0204000000332e30	0
376	https://kgx.foaf.tv/vocab#method	predicate-376.ibk5	4	577	fbc19e5f8ed33bf5ba7c259f40b589584c91bf277b8998cb4ca60888f176c941	predicate-376.ibk5.merkle	1	https://kgx.foaf.tv/id/graphfacadetilescwlibraryp008145d8bf5538cdd1	predicate-376.ibk5.lgi2	predicate-376.ibk5.gbi1	002f000000687474..0037000000687474	020500000070686f..0207000000706174	0
377	https://kgx.foaf.tv/vocab#page	predicate-377.ibk5	4	586	ce7bc118d76032f95d574b4ca426119866f32282c32ce88f110d24ae003d5aef	predicate-377.ibk5.merkle	1	https://kgx.foaf.tv/id/graphfacadetilescwlibraryp008145d8bf5538cdd1	predicate-377.ibk5.lgi2	predicate-377.ibk5.gbi1	002f000000687474..0037000000687474	0248000000687474..0248000000687474	0
378	https://kgx.foaf.tv/vocab#placement	predicate-378.ibk5	5	854	66cb6703428d7906f5e3f4cdf83b56fd302cedc9b106117659c7c77d4c723b5d	predicate-378.ibk5.merkle	1	https://kgx.foaf.tv/id/graphfacadetilescwlibraryp008145d8bf5538cdd1	predicate-378.ibk5.lgi2	predicate-378.ibk5.gbi1	002f000000687474..0037000000687474	003d000000687474..004b000000687474	0
379	https://kgx.foaf.tv/vocab#sha256	predicate-379.ibk5	4	919	63de0adc81e4250463e52df965345cedbfda4d0465b0c8ce1791f8792e447726	predicate-379.ibk5.merkle	1	https://kgx.foaf.tv/id/graphfacadetilescwlibraryp008145d8bf5538cdd1	predicate-379.ibk5.lgi2	predicate-379.ibk5.gbi1	002f000000687474..0037000000687474	0240000000366337..0240000000646166	0
380	https://kgx.foaf.tv/vocab#widthMetres	predicate-380.ibk5	4	681	1424dc84d49d5f7978cba930ef786c73327ee02bbf5e0f93b0a924477ae5ef21	predicate-380.ibk5.merkle	1	https://kgx.foaf.tv/id/graphfacadetilescwlibraryp008145d8bf5538cdd1	predicate-380.ibk5.lgi2	predicate-380.ibk5.gbi1	002f000000687474..0037000000687474	0201000000332800..0203000000362e35	0
381	https://schema.org/contentUrl	predicate-381.ibk5	4	922	1e6324ba93cc3c6106824def353ed77bc21a84b6aebefc1865f5445b7c751f6f	predicate-381.ibk5.merkle	1	https://kgx.foaf.tv/id/graphfacadetilescwlibraryp008145d8bf5538cdd1	predicate-381.ibk5.lgi2	predicate-381.ibk5.gbi1	002f000000687474..0037000000687474	0069000000687474..0072000000687474	0
382	https://schema.org/isBasedOn	predicate-382.ibk5	3	561	47fa15f5cce851ff86bcb8460307838c342da318b14bf6235a291422e88680ce	predicate-382.ibk5.merkle	1	https://kgx.foaf.tv/id/graphfacadetilescwlibraryp008145d8bf5538cdd1	predicate-382.ibk5.lgi2	predicate-382.ibk5.gbi1	002f000000687474..0036000000687474	0035000000687474..0038000000687474	0
383	https://schema.org/license	predicate-383.ibk5	4	516	d4eb7fe4a9590e2e4f7392e2c30c2a5287d702a0248f89d7939d82148a46f920	predicate-383.ibk5.merkle	1	https://kgx.foaf.tv/id/graphfacadetilescwlibraryp008145d8bf5538cdd1	predicate-383.ibk5.lgi2	predicate-383.ibk5.gbi1	002f000000687474..0037000000687474	0032000000687474..0032000000687474	0
384	https://schema.org/name	predicate-384.ibk5	4	923	6b9cd34bbbbb87260defea664d63856612a9645399d62a9ef7049549593294a7	predicate-384.ibk5.merkle	1	https://kgx.foaf.tv/id/graphfacadetilescwlibraryp008145d8bf5538cdd1	predicate-384.ibk5.lgi2	predicate-384.ibk5.gbi1	002f000000687474..0037000000687474	0233000000746865..0256000000612076	0
385	https://kgx.foaf.tv/vocab#at	predicate-385.ibk5	5	962	a7952807b79fa78f2a8171ad78ad7091150f42f30a4695616baefae11b9fc5af	predicate-385.ibk5.merkle	1	https://kgx.foaf.tv/id/graphfacadetilescwlibraryp008145d8bf5538cdd1	predicate-385.ibk5.lgi2	predicate-385.ibk5.gbi1	003d000000687474..004b000000687474	02120000002d302e..02130000002d302e	0
386	https://kgx.foaf.tv/vocab#building	predicate-386.ibk5	5	833	5b05ea08b177c0e4f8fcceaf32338dbb7f07167ad2f9f11032ff03cff1b78bf7	predicate-386.ibk5.merkle	1	https://kgx.foaf.tv/id/graphfacadetilescwlibraryp008145d8bf5538cdd1	predicate-386.ibk5.lgi2	predicate-386.ibk5.gbi1	003d000000687474..004b000000687474	0023000000687474..0025000000687474	0
387	https://kgx.foaf.tv/vocab#judgedColour	predicate-387.ibk5	4	589	8df3df354feabe2612fb405313c335d83763455a64461cdb3bce3a42f581f96c	predicate-387.ibk5.merkle	1	https://kgx.foaf.tv/id/graphfacadetilescwlibraryp008145d8bf5538cdd1	predicate-387.ibk5.lgi2	predicate-387.ibk5.gbi1	0037000000687474..0037000000687474	020d000000676c61..021c000000637265	0
388	https://kgx.foaf.tv/vocab#svgSha256	predicate-388.ibk5	1	359	b8ab0716c51866d90775176b7e0854b773d9d134da8ec391dd370a490d88cd66	predicate-388.ibk5.merkle	1	https://kgx.foaf.tv/id/graphfacadetilescwlibraryp008145d8bf5538cdd1	predicate-388.ibk5.lgi2	predicate-388.ibk5.gbi1	0037000000687474..0037000000687474	0240000000333030..0240000000333030	0
389	https://kgx.foaf.tv/vocab#vectorSource	predicate-389.ibk5	1	368	0ed12930aaa353aa4c59815bdf682cc685f729d5658f32504bfce6d5d7747790	predicate-389.ibk5.merkle	1	https://kgx.foaf.tv/id/graphfacadetilescwlibraryp008145d8bf5538cdd1	predicate-389.ibk5.lgi2	predicate-389.ibk5.gbi1	0037000000687474..0037000000687474	0072000000687474..0072000000687474	0
390	https://kgx.foaf.tv/vocab#mirroredHalf	predicate-390.ibk5	1	296	365c6f552c928c8b3248496ba33a00cea18becf9a9529b0b264740587e87ed82	predicate-390.ibk5.merkle	1	https://kgx.foaf.tv/id/graphfacadetilescwlibraryp008145d8bf5538cdd1	predicate-390.ibk5.lgi2	predicate-390.ibk5.gbi1	0030000000687474..0030000000687474	0204000000747275..0204000000747275	0
391	http://www.w3.org/2000/01/rdf-schema#label	predicate-391.ibk5	77	9220	f1646d5e6932228f55170ee4aa21a6ef0b4b3aa3c1fca8767038ba71c58f17b8	predicate-391.ibk5.merkle	1	https://kgx.foaf.tv/id/graphfactsp00b6ed1ede33f8b548	predicate-391.ibk5.lgi2	predicate-391.ibk5.gbi1	0026000000687474..0027000000687474	020d00000043616e..023c000000576573	0
392	http://purl.org/dc/terms/date	predicate-392.ibk5	319	20626	29cc61e00e8a42eb010d15bd26922003714f275bc0c09e0ffe139f0defb3bd2e	predicate-392.ibk5.merkle	1	https://kgx.foaf.tv/id/graphfactsp00b6ed1ede33f8b548	predicate-392.ibk5.lgi2	predicate-392.ibk5.gbi1	0027000000687474..0027000000687474	020a000000323032..020a000000323032	0
393	http://www.w3.org/1999/02/22-rdf-syntax-ns#type	predicate-393.ibk5	319	20627	a947c24d63311d195d2dbfec053f12279d021d3afdc50f5d84d5e5d586d13d43	predicate-393.ibk5.merkle	1	https://kgx.foaf.tv/id/graphfactsp00b6ed1ede33f8b548	predicate-393.ibk5.lgi2	predicate-393.ibk5.gbi1	0027000000687474..0027000000687474	0023000000687474..0023000000687474	0
394	https://kgx.foaf.tv/vocab#about	predicate-394.ibk5	319	24505	053dbb0189f32e66ca93ca0862881c94e3428e3dd5049166af37fe366a898b27	predicate-394.ibk5.merkle	1	https://kgx.foaf.tv/id/graphfactsp00b6ed1ede33f8b548	predicate-394.ibk5.lgi2	predicate-394.ibk5.gbi1	0027000000687474..0027000000687474	0026000000687474..0050000000687474	0
395	https://kgx.foaf.tv/vocab#quote	predicate-395.ibk5	319	49577	3736bb61ad6688eb7d72f0b4c8849e8cb560bcbe37d871f8d37460100d6cfe08	predicate-395.ibk5.merkle	1	https://kgx.foaf.tv/id/graphfactsp00b6ed1ede33f8b548	predicate-395.ibk5.lgi2	predicate-395.ibk5.gbi1	0027000000687474..0027000000687474	020c00000039382e..02ae000000546865	0
396	https://kgx.foaf.tv/vocab#referenceLevel	predicate-396.ibk5	283	22672	c00583970f53df21474d4c9d921413c10857edc90f6b26354f2bda5b5751b5ad	predicate-396.ibk5.merkle	1	https://kgx.foaf.tv/id/graphfactsp00b6ed1ede33f8b548	predicate-396.ibk5.lgi2	predicate-396.ibk5.gbi1	0027000000687474..0027000000687474	02020000004f4427..025c00000053534c	0
397	https://schema.org/citation	predicate-397.ibk5	319	26233	bf5931a96bb872fdb358940f47ca712ce1f61ae2ecf2950bcd09dbbf6c67fb81	predicate-397.ibk5.merkle	1	https://kgx.foaf.tv/id/graphfactsp00b6ed1ede33f8b548	predicate-397.ibk5.lgi2	predicate-397.ibk5.gbi1	0027000000687474..0027000000687474	0020000000687474..00e4000000687474	0
398	https://schema.org/propertyID	predicate-398.ibk5	319	31915	b33fdcbcb0cf7cce92c3e8260ae35f0db0549c55d5ff427d1aeb50a6aace4a15	predicate-398.ibk5.merkle	1	https://kgx.foaf.tv/id/graphfactsp00b6ed1ede33f8b548	predicate-398.ibk5.lgi2	predicate-398.ibk5.gbi1	0027000000687474..0027000000687474	0204000000617265..0236000000737461	0
399	https://schema.org/unitText	predicate-399.ibk5	293	19973	60306a0441d889c992aaeb4dac95a1dd6c73ccdb90bede602c5d51b90314d757	predicate-399.ibk5.merkle	1	https://kgx.foaf.tv/id/graphfactsp00b6ed1ede33f8b548	predicate-399.ibk5.lgi2	predicate-399.ibk5.gbi1	0027000000687474..0027000000687474	02010000006d2700..02090000006b696c	0
400	https://schema.org/value	predicate-400.ibk5	319	32750	c29c07d49d67d8b9ed24a54b84075f557356b545cf93b6d3dc350ffb62c0f8b6	predicate-400.ibk5.merkle	1	https://kgx.foaf.tv/id/graphfactsp00b6ed1ede33f8b548	predicate-400.ibk5.lgi2	predicate-400.ibk5.gbi1	0027000000687474..0027000000687474	0201000000312800..0236000000616273	0
401	http://www.w3.org/2000/01/rdf-schema#comment	predicate-401.ibk5	120	11277	ff22f29b827c374c77a52c306b9de26476e227057017b37ea60829d1508b0fd2	predicate-401.ibk5.merkle	1	https://kgx.foaf.tv/id/graphfactsp00b6ed1ede33f8b548	predicate-401.ibk5.lgi2	predicate-401.ibk5.gbi1	0027000000687474..0027000000687474	020f000000466967..0285000000526f77	0
402	http://www.w3.org/2000/01/rdf-schema#label	predicate-402.ibk5	65	9782	852b80c5ee23ac37315d1031ac2bae80386a4de8630be76c3c37785d7f52cd4a	predicate-402.ibk5.merkle	1	https://kgx.foaf.tv/id/graphfactsp011c136be8f0134643	predicate-402.ibk5.lgi2	predicate-402.ibk5.gbi1	0028000000687474..0050000000687474	020a000000446f6c..025a00000047726f	0
403	http://purl.org/dc/terms/date	predicate-403.ibk5	41	2826	87664d14695c77e55d823c0d3d1ea959a87ac6607e2148dadabdaa58bdd1f567	predicate-403.ibk5.merkle	1	https://kgx.foaf.tv/id/graphfactsp011c136be8f0134643	predicate-403.ibk5.lgi2	predicate-403.ibk5.gbi1	0027000000687474..0027000000687474	020a000000323032..020a000000323032	0
404	http://www.w3.org/1999/02/22-rdf-syntax-ns#type	predicate-404.ibk5	41	2827	cfd5350f7a82d0f741f8b7ae9a3c6c26cd6552a4a4f32dcb588742c8821609d4	predicate-404.ibk5.merkle	1	https://kgx.foaf.tv/id/graphfactsp011c136be8f0134643	predicate-404.ibk5.lgi2	predicate-404.ibk5.gbi1	0027000000687474..0027000000687474	0023000000687474..0023000000687474	0
405	https://kgx.foaf.tv/vocab#about	predicate-405.ibk5	41	4110	55b7c688211f480c77a1a06727ed2cac23b4efa3cbeaff42fc5e9761c8313d2e	predicate-405.ibk5.merkle	1	https://kgx.foaf.tv/id/graphfactsp011c136be8f0134643	predicate-405.ibk5.lgi2	predicate-405.ibk5.gbi1	0027000000687474..0027000000687474	0026000000687474..0050000000687474	0
406	https://kgx.foaf.tv/vocab#quote	predicate-406.ibk5	41	7039	7c2e35d7ab75c46a27f36a28a64e9e71aa03c84ea4e5280f360ddb9cd1ebad1b	predicate-406.ibk5.merkle	1	https://kgx.foaf.tv/id/graphfactsp011c136be8f0134643	predicate-406.ibk5.lgi2	predicate-406.ibk5.gbi1	0027000000687474..0027000000687474	02120000007c2046..02970000004a7562	0
407	https://kgx.foaf.tv/vocab#referenceLevel	predicate-407.ibk5	40	3699	fc583af6ffc1efc17bbd416788d4b81ab36c8f4d6ce10fda18ca3da58bb6344c	predicate-407.ibk5.merkle	1	https://kgx.foaf.tv/id/graphfactsp011c136be8f0134643	predicate-407.ibk5.lgi2	predicate-407.ibk5.gbi1	0027000000687474..0027000000687474	020a000000686f72..023a0000004f444e	0
408	https://schema.org/citation	predicate-408.ibk5	41	4720	4a699a532d1a4db6b471c85a131c70ed624aa9b5b7497a09ab4542d085e88da7	predicate-408.ibk5.merkle	1	https://kgx.foaf.tv/id/graphfactsp011c136be8f0134643	predicate-408.ibk5.lgi2	predicate-408.ibk5.gbi1	0027000000687474..0027000000687474	0020000000687474..00e4000000687474	0
409	https://schema.org/propertyID	predicate-409.ibk5	41	4882	c22877ca86a3e6f884739a6a54012b6ccf0e008a4bbcb5f7e4948b0619600cb9	predicate-409.ibk5.merkle	1	https://kgx.foaf.tv/id/graphfactsp011c136be8f0134643	predicate-409.ibk5.lgi2	predicate-409.ibk5.gbi1	0027000000687474..0027000000687474	0204000000617265..0224000000666c6f	0
410	https://schema.org/unitText	predicate-410.ibk5	39	2951	d575ffa585c39490942441cedda6f9b2994d7a0b6de9741d608e0d21aaa8b412	predicate-410.ibk5.merkle	1	https://kgx.foaf.tv/id/graphfactsp011c136be8f0134643	predicate-410.ibk5.lgi2	predicate-410.ibk5.gbi1	0027000000687474..0027000000687474	02010000006d2700..0206000000666c6f	0
411	https://schema.org/value	predicate-411.ibk5	41	5030	dbbaa7f18580c5a644e6be3329e89d07971339304a426d87895ff23fc5704176	predicate-411.ibk5.merkle	1	https://kgx.foaf.tv/id/graphfactsp011c136be8f0134643	predicate-411.ibk5.lgi2	predicate-411.ibk5.gbi1	0027000000687474..0027000000687474	0201000000322800..025b0000004d6164	0
412	http://www.w3.org/2000/01/rdf-schema#comment	predicate-412.ibk5	15	1997	7c53a07df7cff398ab26c7b78ec0dad3662c56753d35e638b43eafd977a2ba31	predicate-412.ibk5.merkle	1	https://kgx.foaf.tv/id/graphfactsp011c136be8f0134643	predicate-412.ibk5.lgi2	predicate-412.ibk5.gbi1	0027000000687474..0027000000687474	021c00000057696b..0285000000526f77	0
413	http://www.w3.org/1999/02/22-rdf-syntax-ns#type	predicate-413.ibk5	975	106677	dfea756ac4d8c839eb3c198fbd0900e989a4f093e6fb7214dcc53c1f1df302f5	predicate-413.ibk5.merkle	1	https://kgx.foaf.tv/id/graphlog94c91af46e5ae020	predicate-413.ibk5.lgi2	predicate-413.ibk5.gbi1	0022000000687474..005d000000687474	0022000000687474..0023000000687474	0
414	http://www.w3.org/ns/prov#endedAtTime	predicate-414.ibk5	152	21590	ddb4fda189fb3a3abd85936b3aba707b4ce30d3fa2548a6b5380708318a43f79	predicate-414.ibk5.merkle	1	https://kgx.foaf.tv/id/graphlog94c91af46e5ae020	predicate-414.ibk5.lgi2	predicate-414.ibk5.gbi1	002a000000687474..002a000000687474	0218000000323032..0218000000323032	0
415	http://www.w3.org/ns/prov#generated	predicate-415.ibk5	276	29018	b106724c2389c3ab664babe3e4abb5b8d1ff4e872db2d68ee6580c6e26a0e097	predicate-415.ibk5.merkle	1	https://kgx.foaf.tv/id/graphlog94c91af46e5ae020	predicate-415.ibk5.lgi2	predicate-415.ibk5.gbi1	002a000000687474..002a000000687474	002f000000687474..0045000000687474	0
416	http://www.w3.org/ns/prov#startedAtTime	predicate-416.ibk5	152	21667	717ed2ebb0fd67543a1c867378cd2af4ca59aed6841a30bae840d71f6b3b7885	predicate-416.ibk5.merkle	1	https://kgx.foaf.tv/id/graphlog94c91af46e5ae020	predicate-416.ibk5.lgi2	predicate-416.ibk5.gbi1	002a000000687474..002a000000687474	0218000000323032..0218000000323032	0
417	http://www.w3.org/ns/prov#used	predicate-417.ibk5	5570	240442	41f7b7da35ed9cbf421740fdadb00e9e8f00b9e2afa6e42675476483b3e636ac	predicate-417.ibk5.merkle	1	https://kgx.foaf.tv/id/graphlog94c91af46e5ae020	predicate-417.ibk5.lgi2	predicate-417.ibk5.gbi1	002a000000687474..002a000000687474	002f000000687474..005d000000687474	0
418	https://kgx.foaf.tv/vocab#operation	predicate-418.ibk5	152	11173	fdc86758b32f651d9fd5fd459f25c81e9bf1803791cbd77783393d727dd73dca	predicate-418.ibk5.merkle	1	https://kgx.foaf.tv/id/graphlog94c91af46e5ae020	predicate-418.ibk5.lgi2	predicate-418.ibk5.gbi1	002a000000687474..002a000000687474	0022000000687474..002f000000687474	0
419	https://kgx.foaf.tv/vocab#operationVersion	predicate-419.ibk5	152	10541	17c7f937a61e42b4cc05d46f5558f24de6e1cffa0020c8c42a987b64ed44fdcd	predicate-419.ibk5.merkle	1	https://kgx.foaf.tv/id/graphlog94c91af46e5ae020	predicate-419.ibk5.lgi2	predicate-419.ibk5.gbi1	002a000000687474..002a000000687474	0201000000312800..0201000000342800	0
420	https://kgx.foaf.tv/vocab#params	predicate-420.ibk5	100	33820	cb8d54174de0237ffe2c921ece7129454d0c67e4ba255a4b5a1c10f1156baf06	predicate-420.ibk5.merkle	1	https://kgx.foaf.tv/id/graphlog94c91af46e5ae020	predicate-420.ibk5.lgi2	predicate-420.ibk5.gbi1	002a000000687474..002a000000687474	02020000007b7d27..02f90100007b2272	0
421	http://www.w3.org/2000/01/rdf-schema#comment	predicate-421.ibk5	21	7060	152b6cae236370543e579015921c6a07bca69928e0c16ad152a0401fd3e32562	predicate-421.ibk5.merkle	1	https://kgx.foaf.tv/id/graphlog94c91af46e5ae020	predicate-421.ibk5.lgi2	predicate-421.ibk5.gbi1	0022000000687474..002f000000687474	021301000053706c..02f900000070686f	0
422	http://www.w3.org/2000/01/rdf-schema#label	predicate-422.ibk5	823	190796	611eb7a6b0bfa6c0720b859244a981acba548e4a1fe6ddda04c78bbabd3f4ce1	predicate-422.ibk5.merkle	1	https://kgx.foaf.tv/id/graphlog94c91af46e5ae020	predicate-422.ibk5.lgi2	predicate-422.ibk5.gbi1	0022000000687474..005d000000687474	020a0000006c6966..02a3000000637770	0
423	https://kgx.foaf.tv/vocab#skill	predicate-423.ibk5	18	1608	a83fe30d08f6b6cd89e543a38efc66a6de91ec8dcffd0526098285caabbdaeed	predicate-423.ibk5.merkle	1	https://kgx.foaf.tv/id/graphlog94c91af46e5ae020	predicate-423.ibk5.lgi2	predicate-423.ibk5.gbi1	0022000000687474..002f000000687474	020b000000637770..0217000000646f63	0
424	https://kgx.foaf.tv/vocab#tool	predicate-424.ibk5	29	2598	42819863dd530de6390db652dc64e1b6e9399a77c99a5729e71f15506f638d34	predicate-424.ibk5.merkle	1	https://kgx.foaf.tv/id/graphlog94c91af46e5ae020	predicate-424.ibk5.lgi2	predicate-424.ibk5.gbi1	0022000000687474..002f000000687474	0219000000637770..0242000000637770	0
425	https://kgx.foaf.tv/vocab#bytes	predicate-425.ibk5	805	139606	29f700a1e09cc456494a6afbab3820cd66729e96785360802ad9f89f8ded00a0	predicate-425.ibk5.merkle	1	https://kgx.foaf.tv/id/graphlog94c91af46e5ae020	predicate-425.ibk5.lgi2	predicate-425.ibk5.gbi1	005d000000687474..005d000000687474	0203000000323436..0208000000333830	0
426	https://kgx.foaf.tv/vocab#sha256	predicate-426.ibk5	805	186146	5dc11a3127d742a86acc270f38121cadd74cb8c77c0ae505a9d8b7e25a301c45	predicate-426.ibk5.merkle	1	https://kgx.foaf.tv/id/graphlog94c91af46e5ae020	predicate-426.ibk5.lgi2	predicate-426.ibk5.gbi1	005d000000687474..005d000000687474	0240000000303031..0240000000666639	0
427	http://www.opengis.net/ont/geosparql#hasGeometry	predicate-427.ibk5	266	30250	1bdd53206c9ebb1dce4e592e54aaaf72f510677ec82321e0ae057f80a9eaa17f	predicate-427.ibk5.merkle	1	https://kgx.foaf.tv/id/graphmallmapp00879de2c545f83f8c	predicate-427.ibk5.lgi2	predicate-427.ibk5.gbi1	0024000000687474..0026000000687474	002c000000687474..002e000000687474	0
428	http://www.w3.org/1999/02/22-rdf-syntax-ns#type	predicate-428.ibk5	266	16881	f68fa72a4e8d65b34badf7fce3b48ba17d4a3047debcabfe34a26c43836d5f34	predicate-428.ibk5.merkle	1	https://kgx.foaf.tv/id/graphmallmapp00879de2c545f83f8c	predicate-428.ibk5.lgi2	predicate-428.ibk5.gbi1	0024000000687474..0026000000687474	0022000000687474..0022000000687474	0
429	https://kgx.foaf.tv/vocab#floorLevel	predicate-429.ibk5	266	17207	018eeee1123ad5f73ae508e43cc06996149221ea1920bb8a48d38bf9bcf5fb9a	predicate-429.ibk5.merkle	1	https://kgx.foaf.tv/id/graphmallmapp00879de2c545f83f8c	predicate-429.ibk5.lgi2	predicate-429.ibk5.gbi1	0024000000687474..0026000000687474	0201000000302800..02040000002d302e	0
430	https://kgx.foaf.tv/vocab#floorName	predicate-430.ibk5	266	17245	c00599d6b1907eee6b5bfaeb4afb712bb2e56606b4d4e9f0d765536872e94f90	predicate-430.ibk5.merkle	1	https://kgx.foaf.tv/id/graphmallmapp00879de2c545f83f8c	predicate-430.ibk5.lgi2	predicate-430.ibk5.gbi1	0024000000687474..0026000000687474	02070000004c6576..02090000004c6576	0
431	https://kgx.foaf.tv/vocab#mall	predicate-431.ibk5	266	17434	9abbcfc5272ff4c4af8079af433ae210b879ed9da9456bf240ba17281bd84dce	predicate-431.ibk5.merkle	1	https://kgx.foaf.tv/id/graphmallmapp00879de2c545f83f8c	predicate-431.ibk5.lgi2	predicate-431.ibk5.gbi1	0024000000687474..0026000000687474	020b000000436162..021d000000546865	0
432	https://kgx.foaf.tv/vocab#unitClass	predicate-432.ibk5	266	17721	aad36b7c7032f646912f121b9b384251ed851145798495119cb1e20055b7c877	predicate-432.ibk5.merkle	1	https://kgx.foaf.tv/id/graphmallmapp00879de2c545f83f8c	predicate-432.ibk5.lgi2	predicate-432.ibk5.gbi1	0024000000687474..0026000000687474	02050000006f7468..020f0000006f7574	0
433	https://kgx.foaf.tv/vocab#unitType	predicate-433.ibk5	266	19794	922e0fa207ad237eec1e1b649c65648b4378925d2dcb29e5ae8e88b408777b4f	predicate-433.ibk5.merkle	1	https://kgx.foaf.tv/id/graphmallmapp00879de2c545f83f8c	predicate-433.ibk5.lgi2	predicate-433.ibk5.gbi1	0024000000687474..0026000000687474	020300000061746d..0210000000646570	0
434	https://schema.org/latitude	predicate-434.ibk5	266	32181	ba007323e77fbbaf417d2c43ba489b8cd6f8ebb6769f8b72e0542131197ed484	predicate-434.ibk5.merkle	1	https://kgx.foaf.tv/id/graphmallmapp00879de2c545f83f8c	predicate-434.ibk5.lgi2	predicate-434.ibk5.gbi1	0024000000687474..0026000000687474	020600000035312e..020a00000035312e	0
435	https://schema.org/longitude	predicate-435.ibk5	266	32248	f3df19cf4abfdd6412f66ac457bd83e14bed05424de20e8d379d755548c1a9f9	predicate-435.ibk5.merkle	1	https://kgx.foaf.tv/id/graphmallmapp00879de2c545f83f8c	predicate-435.ibk5.lgi2	predicate-435.ibk5.gbi1	0024000000687474..0026000000687474	02080000002d302e..020a0000002d302e	0
436	https://schema.org/name	predicate-436.ibk5	183	21322	be2b389d9dd17d2bcfb4806fbfb46f82d6aaa4511ef3a34b999c734901b3a967	predicate-436.ibk5.merkle	1	https://kgx.foaf.tv/id/graphmallmapp00879de2c545f83f8c	predicate-436.ibk5.lgi2	predicate-436.ibk5.gbi1	0024000000687474..0026000000687474	0203000000425944..023c000000427269	0
437	https://kgx.foaf.tv/vocab#openingTimesText	predicate-437.ibk5	119	24483	b915f7a6c0ecbd5b5257c6ef62a0b322dadfb52a30ee65c9f4bc18f07c12406b	predicate-437.ibk5.merkle	1	https://kgx.foaf.tv/id/graphmallmapp00879de2c545f83f8c	predicate-437.ibk5.lgi2	predicate-437.ibk5.gbi1	0024000000687474..0026000000687474	02620000006d6f6e..028a0000006d6f6e	0
438	https://schema.org/address	predicate-438.ibk5	144	16435	2503baaf85b3dd3e9d83851fbe7534dfed0c3d73662ae3a9567486d63a9fb10f	predicate-438.ibk5.merkle	1	https://kgx.foaf.tv/id/graphmallmapp00879de2c545f83f8c	predicate-438.ibk5.lgi2	predicate-438.ibk5.gbi1	0024000000687474..0026000000687474	020b000000436162..025000000043616e	0
439	https://schema.org/telephone	predicate-439.ibk5	62	7482	f3bdb9ff18416ed83d08652f956716260cd131ae58bf898156c7b51f18282fa5	predicate-439.ibk5.merkle	1	https://kgx.foaf.tv/id/graphmallmapp00879de2c545f83f8c	predicate-439.ibk5.lgi2	predicate-439.ibk5.gbi1	0024000000687474..0026000000687474	020b000000303230..020d000000303737	0
440	https://schema.org/url	predicate-440.ibk5	106	10407	5974a654781db0f744cade80b5acf98d66b2d219e7a53e8a7b2500d4b7db2184	predicate-440.ibk5.merkle	1	https://kgx.foaf.tv/id/graphmallmapp00879de2c545f83f8c	predicate-440.ibk5.lgi2	predicate-440.ibk5.gbi1	0024000000687474..0026000000687474	0013000000687474..005b000000687474	0
441	http://www.opengis.net/ont/geosparql#hasGeometry	predicate-441.ibk5	272	31190	24c9ad48b9fea11a1879e29d21c9b6db91c20cbbd4d55137ae7090f774c043e9	predicate-441.ibk5.merkle	1	https://kgx.foaf.tv/id/graphmallmapp018850f89ef5205764	predicate-441.ibk5.lgi2	predicate-441.ibk5.gbi1	0026000000687474..0026000000687474	002e000000687474..002e000000687474	0
442	http://www.w3.org/1999/02/22-rdf-syntax-ns#type	predicate-442.ibk5	272	17348	15bb246aa00d6af7fe951de681e343a6131bcecd209e855db6c6c19de9beda20	predicate-442.ibk5.merkle	1	https://kgx.foaf.tv/id/graphmallmapp018850f89ef5205764	predicate-442.ibk5.lgi2	predicate-442.ibk5.gbi1	0026000000687474..0026000000687474	0022000000687474..0022000000687474	0
443	https://kgx.foaf.tv/vocab#floorLevel	predicate-443.ibk5	272	17766	741fb3999f184096e65139a60857837d892a4ebafe341116bc6bb4934df1d4bd	predicate-443.ibk5.merkle	1	https://kgx.foaf.tv/id/graphmallmapp018850f89ef5205764	predicate-443.ibk5.lgi2	predicate-443.ibk5.gbi1	0026000000687474..0026000000687474	0201000000302800..02040000002d302e	0
444	https://kgx.foaf.tv/vocab#floorName	predicate-444.ibk5	272	17807	96e8b6282a353f7483e71481dae366eb0960ada99f7fcffa495af1104e2e01b8	predicate-444.ibk5.merkle	1	https://kgx.foaf.tv/id/graphmallmapp018850f89ef5205764	predicate-444.ibk5.lgi2	predicate-444.ibk5.gbi1	0026000000687474..0026000000687474	02070000004c6576..02090000004c6576	0
445	https://kgx.foaf.tv/vocab#mall	predicate-445.ibk5	272	17940	25dd3dbc1341186fdc61be567185c04a8396f13b3a816c1fe6eb6ccd0d8e6f5f	predicate-445.ibk5.merkle	1	https://kgx.foaf.tv/id/graphmallmapp018850f89ef5205764	predicate-445.ibk5.lgi2	predicate-445.ibk5.gbi1	0026000000687474..0026000000687474	020b000000436162..021d000000546865	0
446	https://kgx.foaf.tv/vocab#openingTimesText	predicate-446.ibk5	109	22448	68a4701c1766620515d01b376cedf86f69b0efe2c1c0af90f71708c60904b16d	predicate-446.ibk5.merkle	1	https://kgx.foaf.tv/id/graphmallmapp018850f89ef5205764	predicate-446.ibk5.lgi2	predicate-446.ibk5.gbi1	0026000000687474..0026000000687474	024e000000747565..028a0000006d6f6e	0
447	https://kgx.foaf.tv/vocab#unitClass	predicate-447.ibk5	272	18052	d27ef18935e4ad1b3df672ab1527140388b5397ca50da75470e3bcba46c05aa1	predicate-447.ibk5.merkle	1	https://kgx.foaf.tv/id/graphmallmapp018850f89ef5205764	predicate-447.ibk5.lgi2	predicate-447.ibk5.gbi1	0026000000687474..0026000000687474	02050000006f7468..020e000000666f6f	0
448	https://kgx.foaf.tv/vocab#unitType	predicate-448.ibk5	272	20413	d5d8744387f8a2f468d90d7ddbb499fd4e1f734d5e02437f596f054e80db4822	predicate-448.ibk5.merkle	1	https://kgx.foaf.tv/id/graphmallmapp018850f89ef5205764	predicate-448.ibk5.lgi2	predicate-448.ibk5.gbi1	0026000000687474..0026000000687474	020300000061746d..0210000000646570	0
449	https://schema.org/address	predicate-449.ibk5	137	15665	fba3575dc8f374db203167c0a8c2f3097848bedf207ff242969f3a9602c0eaa9	predicate-449.ibk5.merkle	1	https://kgx.foaf.tv/id/graphmallmapp018850f89ef5205764	predicate-449.ibk5.lgi2	predicate-449.ibk5.gbi1	0026000000687474..0026000000687474	02080000002d3120..0251000000436162	0
450	https://schema.org/latitude	predicate-450.ibk5	272	32151	76b37943948632552ae1a941d69c46860d318d115040eafb9807672782a64141	predicate-450.ibk5.merkle	1	https://kgx.foaf.tv/id/graphmallmapp018850f89ef5205764	predicate-450.ibk5.lgi2	predicate-450.ibk5.gbi1	0026000000687474..0026000000687474	020600000035312e..020a00000035312e	0
451	https://schema.org/longitude	predicate-451.ibk5	272	32153	0fabffddd303c5cd17037bb70e07b64af3020578d5e97315609e6c11286446cc	predicate-451.ibk5.merkle	1	https://kgx.foaf.tv/id/graphmallmapp018850f89ef5205764	predicate-451.ibk5.lgi2	predicate-451.ibk5.gbi1	0026000000687474..0026000000687474	02080000002d302e..020a0000002d302e	0
452	https://schema.org/name	predicate-452.ibk5	168	20612	83b0d4564bf0797ca59ed97d60e6b577a1df4615c4308b0f77a7a57e79137516	predicate-452.ibk5.merkle	1	https://kgx.foaf.tv/id/graphmallmapp018850f89ef5205764	predicate-452.ibk5.lgi2	predicate-452.ibk5.gbi1	0026000000687474..0026000000687474	0203000000434f53..0232000000546f69	0
453	https://schema.org/url	predicate-453.ibk5	89	8768	4d5e307b03748d54ee571b22e213427b8792ccafa03351ac9aef8786669e7355	predicate-453.ibk5.merkle	1	https://kgx.foaf.tv/id/graphmallmapp018850f89ef5205764	predicate-453.ibk5.lgi2	predicate-453.ibk5.gbi1	0026000000687474..0026000000687474	0013000000687474..003d000000687474	0
454	https://schema.org/telephone	predicate-454.ibk5	50	6205	c88dd276811eaa37d6849d0d223157cdc204479879fe45fc353a2f18078720d0	predicate-454.ibk5.merkle	1	https://kgx.foaf.tv/id/graphmallmapp018850f89ef5205764	predicate-454.ibk5.lgi2	predicate-454.ibk5.gbi1	0026000000687474..0026000000687474	020b000000303230..02100000002b3434	0
455	http://www.opengis.net/ont/geosparql#hasGeometry	predicate-455.ibk5	270	30962	39c6155cbbaf5b3c9759abe2acd5c6317baea80e066fa861beed874893c09426	predicate-455.ibk5.merkle	1	https://kgx.foaf.tv/id/graphmallmapp02cae3819d56b98807	predicate-455.ibk5.lgi2	predicate-455.ibk5.gbi1	0026000000687474..0026000000687474	002e000000687474..002e000000687474	0
456	http://www.w3.org/1999/02/22-rdf-syntax-ns#type	predicate-456.ibk5	270	17222	a123aa5df4b4a43769588e8f4face24ef19628b862709db3799bd9aa7d1c7047	predicate-456.ibk5.merkle	1	https://kgx.foaf.tv/id/graphmallmapp02cae3819d56b98807	predicate-456.ibk5.lgi2	predicate-456.ibk5.gbi1	0026000000687474..0026000000687474	0022000000687474..0022000000687474	0
457	https://kgx.foaf.tv/vocab#floorLevel	predicate-457.ibk5	270	17640	e536ac8fe777af885fbaf4006ac298abb9bd791c1fd57181459b4a5aa3b471ac	predicate-457.ibk5.merkle	1	https://kgx.foaf.tv/id/graphmallmapp02cae3819d56b98807	predicate-457.ibk5.lgi2	predicate-457.ibk5.gbi1	0026000000687474..0026000000687474	0201000000302800..02040000002d302e	0
458	https://kgx.foaf.tv/vocab#floorName	predicate-458.ibk5	270	17681	76e4ae6e6eb59e72748d699691cca0c95772e1526f3efaa2d17f536bec152218	predicate-458.ibk5.merkle	1	https://kgx.foaf.tv/id/graphmallmapp02cae3819d56b98807	predicate-458.ibk5.lgi2	predicate-458.ibk5.gbi1	0026000000687474..0026000000687474	02070000004c6576..02090000004c6576	0
459	https://kgx.foaf.tv/vocab#mall	predicate-459.ibk5	270	17814	0726ff9981ef62d05477894d3796a156702bd9ab1d4410d449b7c565d13ee71f	predicate-459.ibk5.merkle	1	https://kgx.foaf.tv/id/graphmallmapp02cae3819d56b98807	predicate-459.ibk5.lgi2	predicate-459.ibk5.gbi1	0026000000687474..0026000000687474	020b000000436162..021d000000546865	0
460	https://kgx.foaf.tv/vocab#unitClass	predicate-460.ibk5	270	17982	6c959b96a92dd9f4c64e7b0da8d2fe2c3176177eef7f1b0c2bbe7ea6cc7260a3	predicate-460.ibk5.merkle	1	https://kgx.foaf.tv/id/graphmallmapp02cae3819d56b98807	predicate-460.ibk5.lgi2	predicate-460.ibk5.gbi1	0026000000687474..0026000000687474	02050000006f7468..020e000000666f6f	0
461	https://kgx.foaf.tv/vocab#unitType	predicate-461.ibk5	270	20259	d909d0b2c32a955e2dd1264ba985daa500aafd92a4a76640b12ef19f455ecc6f	predicate-461.ibk5.merkle	1	https://kgx.foaf.tv/id/graphmallmapp02cae3819d56b98807	predicate-461.ibk5.lgi2	predicate-461.ibk5.gbi1	0026000000687474..0026000000687474	020300000061746d..0210000000627572	0
462	https://schema.org/latitude	predicate-462.ibk5	270	32506	4f53670f329d9fc42989b6a50d8bf125112432a8c2c49f43aad0b5a5e0246672	predicate-462.ibk5.merkle	1	https://kgx.foaf.tv/id/graphmallmapp02cae3819d56b98807	predicate-462.ibk5.lgi2	predicate-462.ibk5.gbi1	0026000000687474..0026000000687474	020800000035312e..020a00000035312e	0
463	https://schema.org/longitude	predicate-463.ibk5	270	32386	0b8305c46db8b4c5ee8ad7c07be10a4a9e9e9437df3f306d673c9eea718d4806	predicate-463.ibk5.merkle	1	https://kgx.foaf.tv/id/graphmallmapp02cae3819d56b98807	predicate-463.ibk5.lgi2	predicate-463.ibk5.gbi1	0026000000687474..0026000000687474	02090000002d302e..020a0000002d302e	0
464	https://schema.org/name	predicate-464.ibk5	175	21349	9750d5514d94bfe3418010606691edd1914c7eaa52f9a8c31735186440ab0993	predicate-464.ibk5.merkle	1	https://kgx.foaf.tv/id/graphmallmapp02cae3819d56b98807	predicate-464.ibk5.lgi2	predicate-464.ibk5.gbi1	0026000000687474..0026000000687474	0202000000454527..023c000000427269	0
465	https://schema.org/address	predicate-465.ibk5	142	16535	5822d9ebf32bd8f7897641e5d2ba4bbcdb7323393f6aae1ebf0115e6ee92be4a	predicate-465.ibk5.merkle	1	https://kgx.foaf.tv/id/graphmallmapp02cae3819d56b98807	predicate-465.ibk5.lgi2	predicate-465.ibk5.gbi1	0026000000687474..0026000000687474	020b000000436162..0248000000416363	0
466	https://kgx.foaf.tv/vocab#openingTimesText	predicate-466.ibk5	115	22593	c4918709737c971e07bd4cf5f9cd495bf37742805fdf365dc0055ad9695b178c	predicate-466.ibk5.merkle	1	https://kgx.foaf.tv/id/graphmallmapp02cae3819d56b98807	predicate-466.ibk5.lgi2	predicate-466.ibk5.gbi1	0026000000687474..0026000000687474	02620000006d6f6e..028a0000006d6f6e	0
467	https://schema.org/telephone	predicate-467.ibk5	57	7201	96a1653288ae77e728d9f2860ac4b1527088fe363d678ac2dd60dfc1a3d561bb	predicate-467.ibk5.merkle	1	https://kgx.foaf.tv/id/graphmallmapp02cae3819d56b98807	predicate-467.ibk5.lgi2	predicate-467.ibk5.gbi1	0026000000687474..0026000000687474	020b000000303230..020e000000303230	0
468	https://schema.org/url	predicate-468.ibk5	86	8530	bb25d0cdbc73c7307000e85299ee81921d823ca7696dcf5e42935d064c187aa3	predicate-468.ibk5.merkle	1	https://kgx.foaf.tv/id/graphmallmapp02cae3819d56b98807	predicate-468.ibk5.lgi2	predicate-468.ibk5.gbi1	0026000000687474..0026000000687474	0013000000687474..005b000000687474	0
469	http://www.opengis.net/ont/geosparql#hasGeometry	predicate-469.ibk5	248	28446	8d7173de4a64b6983096c346bbaba26fe64b156a745789f905c46485597e54a1	predicate-469.ibk5.merkle	1	https://kgx.foaf.tv/id/graphmallmapp0340a7679a6b91bb94	predicate-469.ibk5.lgi2	predicate-469.ibk5.gbi1	0026000000687474..0026000000687474	002e000000687474..002e000000687474	0
470	http://www.w3.org/1999/02/22-rdf-syntax-ns#type	predicate-470.ibk5	248	15867	f9fa4d76f63f16c75848dbfb5cf5af9aa539bf4a95606f968914bb96ac015469	predicate-470.ibk5.merkle	1	https://kgx.foaf.tv/id/graphmallmapp0340a7679a6b91bb94	predicate-470.ibk5.lgi2	predicate-470.ibk5.gbi1	0026000000687474..0026000000687474	0022000000687474..0022000000687474	0
471	https://kgx.foaf.tv/vocab#floorLevel	predicate-471.ibk5	248	16201	84cd4d557922fac1ef3d67e2812a64bc9e6d9a5620c74d7902bbd5cf54caa361	predicate-471.ibk5.merkle	1	https://kgx.foaf.tv/id/graphmallmapp0340a7679a6b91bb94	predicate-471.ibk5.lgi2	predicate-471.ibk5.gbi1	0026000000687474..0026000000687474	0201000000302800..02040000002d302e	0
472	https://kgx.foaf.tv/vocab#floorName	predicate-472.ibk5	248	16239	cfdf3be300dbf488adcaa69691f827bbec6088573f2e18c0264b61b9f4f5fc5b	predicate-472.ibk5.merkle	1	https://kgx.foaf.tv/id/graphmallmapp0340a7679a6b91bb94	predicate-472.ibk5.lgi2	predicate-472.ibk5.gbi1	0026000000687474..0026000000687474	02070000004c6576..02090000004c6576	0
473	https://kgx.foaf.tv/vocab#mall	predicate-473.ibk5	248	16362	c8558342a947a94c507f23967cf428d10efc6114cac05df7f0ee71ed5dc69899	predicate-473.ibk5.merkle	1	https://kgx.foaf.tv/id/graphmallmapp0340a7679a6b91bb94	predicate-473.ibk5.lgi2	predicate-473.ibk5.gbi1	0026000000687474..0026000000687474	020b000000436162..021d000000546865	0
474	https://kgx.foaf.tv/vocab#openingTimesText	predicate-474.ibk5	154	28765	109d18912079e0f075e58ee1a5d458afb480844e6e22fe305517d0d21fac8c88	predicate-474.ibk5.merkle	1	https://kgx.foaf.tv/id/graphmallmapp0340a7679a6b91bb94	predicate-474.ibk5.lgi2	predicate-474.ibk5.gbi1	0026000000687474..0026000000687474	021200000073756e..028a0000006d6f6e	0
475	https://kgx.foaf.tv/vocab#unitClass	predicate-475.ibk5	248	16593	8ef7f9785604fa9e792c8512a2bc4fe6bded13d7a03920675ea16b890bbb423f	predicate-475.ibk5.merkle	1	https://kgx.foaf.tv/id/graphmallmapp0340a7679a6b91bb94	predicate-475.ibk5.lgi2	predicate-475.ibk5.gbi1	0026000000687474..0026000000687474	02050000006f7468..020e000000666f6f	0
476	https://kgx.foaf.tv/vocab#unitType	predicate-476.ibk5	248	18668	d6e31d5b8f4a439ea5557d8ceebf63727d9c1cb7e8c99ffb17a396c9422550d3	predicate-476.ibk5.merkle	1	https://kgx.foaf.tv/id/graphmallmapp0340a7679a6b91bb94	predicate-476.ibk5.lgi2	predicate-476.ibk5.gbi1	0026000000687474..0026000000687474	0203000000626172..0210000000627572	0
477	https://schema.org/address	predicate-477.ibk5	191	20406	515daa74a27aab7be1f39ce028c6c9c13b1b9947ff6df79b11c82bacab9fb99b	predicate-477.ibk5.merkle	1	https://kgx.foaf.tv/id/graphmallmapp0340a7679a6b91bb94	predicate-477.ibk5.lgi2	predicate-477.ibk5.gbi1	0026000000687474..0026000000687474	020d0000004a7562..025000000043616e	0
478	https://schema.org/latitude	predicate-478.ibk5	248	30508	14f11c54deec04bef89df3f74516e82d409d0a199be93f0265d9a23404f5095b	predicate-478.ibk5.merkle	1	https://kgx.foaf.tv/id/graphmallmapp0340a7679a6b91bb94	predicate-478.ibk5.lgi2	predicate-478.ibk5.gbi1	0026000000687474..0026000000687474	020700000035312e..020a00000035312e	0
479	https://schema.org/longitude	predicate-479.ibk5	248	30444	5036498d2658cbf0018066403fb8b32c6eb07f7ea1a6a189ecf6bc5c6b126201	predicate-479.ibk5.merkle	1	https://kgx.foaf.tv/id/graphmallmapp0340a7679a6b91bb94	predicate-479.ibk5.lgi2	predicate-479.ibk5.gbi1	0026000000687474..0026000000687474	02080000002d302e..020a0000002d302e	0
480	https://schema.org/name	predicate-480.ibk5	227	25532	5df5ec52e67f352c6e8e4ef469552f99485d2673dbfc42fd9ea380961a431dfe	predicate-480.ibk5.merkle	1	https://kgx.foaf.tv/id/graphmallmapp0340a7679a6b91bb94	predicate-480.ibk5.lgi2	predicate-480.ibk5.gbi1	0026000000687474..0026000000687474	0203000000484341..0237000000427269	0
481	https://schema.org/telephone	predicate-481.ibk5	75	8769	fc939987df2a24e604300b40151e1c43b52dc7758f0cfbeef11a6cb1a4a23242	predicate-481.ibk5.merkle	1	https://kgx.foaf.tv/id/graphmallmapp0340a7679a6b91bb94	predicate-481.ibk5.lgi2	predicate-481.ibk5.gbi1	0026000000687474..0026000000687474	020b000000303230..02100000002b3434	0
482	https://schema.org/url	predicate-482.ibk5	128	12061	8619c3192ced829bc1d37629b9ba68ad24e9959220457f71248554e82b261ac7	predicate-482.ibk5.merkle	1	https://kgx.foaf.tv/id/graphmallmapp0340a7679a6b91bb94	predicate-482.ibk5.lgi2	predicate-482.ibk5.gbi1	0026000000687474..0026000000687474	0013000000687474..0055000000687474	0
483	http://www.opengis.net/ont/geosparql#hasGeometry	predicate-483.ibk5	240	27534	84f999eef32aab01bda83babefda824356ef720aac89c0de2490ff53ef9782d5	predicate-483.ibk5.merkle	1	https://kgx.foaf.tv/id/graphmallmapp041f7e996b08d371b8	predicate-483.ibk5.lgi2	predicate-483.ibk5.gbi1	0026000000687474..0026000000687474	002e000000687474..002e000000687474	0
484	http://www.w3.org/1999/02/22-rdf-syntax-ns#type	predicate-484.ibk5	240	15324	3d196464390dfade12a2e389ba9c857967ac7235a95022f60d476ecd75c27df2	predicate-484.ibk5.merkle	1	https://kgx.foaf.tv/id/graphmallmapp041f7e996b08d371b8	predicate-484.ibk5.lgi2	predicate-484.ibk5.gbi1	0026000000687474..0026000000687474	0022000000687474..0022000000687474	0
485	https://kgx.foaf.tv/vocab#floorLevel	predicate-485.ibk5	240	15742	eba9fa6deb960b5b98572a443192f9c19b4c76d6b2c17aabeb1fbcce50afa2bf	predicate-485.ibk5.merkle	1	https://kgx.foaf.tv/id/graphmallmapp041f7e996b08d371b8	predicate-485.ibk5.lgi2	predicate-485.ibk5.gbi1	0026000000687474..0026000000687474	0201000000302800..02040000002d302e	0
486	https://kgx.foaf.tv/vocab#floorName	predicate-486.ibk5	240	15783	7cc159d48d1eea4bf1a7935bd0ad4ea1156c5e9d9845922654953851b1eeef78	predicate-486.ibk5.merkle	1	https://kgx.foaf.tv/id/graphmallmapp041f7e996b08d371b8	predicate-486.ibk5.lgi2	predicate-486.ibk5.gbi1	0026000000687474..0026000000687474	02070000004c6576..02090000004c6576	0
487	https://kgx.foaf.tv/vocab#mall	predicate-487.ibk5	240	15916	a7643e582ea5180aeb196d4b0aee7e73a585e64ca5299d071b8ed3b2ba22ab38	predicate-487.ibk5.merkle	1	https://kgx.foaf.tv/id/graphmallmapp041f7e996b08d371b8	predicate-487.ibk5.lgi2	predicate-487.ibk5.gbi1	0026000000687474..0026000000687474	020b000000436162..021d000000546865	0
488	https://kgx.foaf.tv/vocab#openingTimesText	predicate-488.ibk5	167	33877	31e4791f61f20ef280a69e1fb0ceeaab617b8d3728ff11468a86401909cc7314	predicate-488.ibk5.merkle	1	https://kgx.foaf.tv/id/graphmallmapp041f7e996b08d371b8	predicate-488.ibk5.lgi2	predicate-488.ibk5.gbi1	0026000000687474..0026000000687474	021200000073756e..028a0000006d6f6e	0
489	https://kgx.foaf.tv/vocab#unitClass	predicate-489.ibk5	240	15907	2caf24fa00ada2b03afbd6eaf2342021d3057e62bacba6ee74d1f574742a32f8	predicate-489.ibk5.merkle	1	https://kgx.foaf.tv/id/graphmallmapp041f7e996b08d371b8	predicate-489.ibk5.lgi2	predicate-489.ibk5.gbi1	0026000000687474..0026000000687474	02050000006f7468..020e000000666f6f	0
490	https://kgx.foaf.tv/vocab#unitType	predicate-490.ibk5	240	17515	35d5e7626ae8f2b7fcb5969cebfd9e1d3a98d0b030ada5ee10eda7ec94023f79	predicate-490.ibk5.merkle	1	https://kgx.foaf.tv/id/graphmallmapp041f7e996b08d371b8	predicate-490.ibk5.lgi2	predicate-490.ibk5.gbi1	0026000000687474..0026000000687474	0203000000626172..0210000000627572	0
491	https://schema.org/address	predicate-491.ibk5	199	20712	75c588f33416aa5ce3c807858957efbecc59824ab6b00cdfbb5ce0e9587a4e3b	predicate-491.ibk5.merkle	1	https://kgx.foaf.tv/id/graphmallmapp041f7e996b08d371b8	predicate-491.ibk5.lgi2	predicate-491.ibk5.gbi1	0026000000687474..0026000000687474	02080000002d3120..023d0000004d616c	0
492	https://schema.org/latitude	predicate-492.ibk5	240	29230	98bb275479c86fd0b11210a868695893fe7d998e25c0255f8eb565afbff3dd0d	predicate-492.ibk5.merkle	1	https://kgx.foaf.tv/id/graphmallmapp041f7e996b08d371b8	predicate-492.ibk5.lgi2	predicate-492.ibk5.gbi1	0026000000687474..0026000000687474	020800000035312e..020a00000035312e	0
493	https://schema.org/longitude	predicate-493.ibk5	240	29238	171471a6e8053cd210a5572b3d764094e11ef83f01e1fe60ae4f183399718361	predicate-493.ibk5.merkle	1	https://kgx.foaf.tv/id/graphmallmapp041f7e996b08d371b8	predicate-493.ibk5.lgi2	predicate-493.ibk5.gbi1	0026000000687474..0026000000687474	02090000002d302e..020a0000002d302e	0
494	https://schema.org/name	predicate-494.ibk5	240	28123	d593b11c36eb245774c1cf7cfe3b25d30e9c0a3ba6763cb6e37a4c29ba65510f	predicate-494.ibk5.merkle	1	https://kgx.foaf.tv/id/graphmallmapp041f7e996b08d371b8	predicate-494.ibk5.lgi2	predicate-494.ibk5.gbi1	0026000000687474..0026000000687474	0202000000454527..0237000000427269	0
495	https://schema.org/url	predicate-495.ibk5	145	14021	470c925b02874f8ea24392105364a85fc60ad0cc4bc0894ea65f0ac85c0a8d7e	predicate-495.ibk5.merkle	1	https://kgx.foaf.tv/id/graphmallmapp041f7e996b08d371b8	predicate-495.ibk5.lgi2	predicate-495.ibk5.gbi1	0026000000687474..0026000000687474	0013000000687474..0055000000687474	0
496	https://schema.org/telephone	predicate-496.ibk5	93	11448	38ed120a769990cef7580b8aa6b12382b1a85f83ea0ece30450226352d3f957b	predicate-496.ibk5.merkle	1	https://kgx.foaf.tv/id/graphmallmapp041f7e996b08d371b8	predicate-496.ibk5.lgi2	predicate-496.ibk5.gbi1	0026000000687474..0026000000687474	020b000000303230..020f000000343420	0
497	http://www.opengis.net/ont/geosparql#hasGeometry	predicate-497.ibk5	119	13944	430659b77539d55f4310a8503cf5ce8a524272cf5aa167baa0cebef967e2449a	predicate-497.ibk5.merkle	1	https://kgx.foaf.tv/id/graphmallmapp05a9e0044e919062f0	predicate-497.ibk5.lgi2	predicate-497.ibk5.gbi1	0026000000687474..0027000000687474	002e000000687474..002f000000687474	0
498	http://www.w3.org/1999/02/22-rdf-syntax-ns#type	predicate-498.ibk5	922	64805	7c652c1d761319357cc8c8677f31333fb048707708219c84b002f798333aeeb3	predicate-498.ibk5.merkle	1	https://kgx.foaf.tv/id/graphmallmapp05a9e0044e919062f0	predicate-498.ibk5.lgi2	predicate-498.ibk5.gbi1	0026000000687474..002e000000687474	0022000000687474..002d000000687474	0
499	https://kgx.foaf.tv/vocab#floorLevel	predicate-499.ibk5	119	8172	d9c198a5a03cb86aa058ffd12f419675fbcbf35026f499b665675957b40330aa	predicate-499.ibk5.merkle	1	https://kgx.foaf.tv/id/graphmallmapp05a9e0044e919062f0	predicate-499.ibk5.lgi2	predicate-499.ibk5.gbi1	0026000000687474..0027000000687474	0201000000302800..02040000002d302e	0
500	https://kgx.foaf.tv/vocab#floorName	predicate-500.ibk5	119	8210	c8127e9a12d396cd247609d419bc0808d04fea7606133c699a1fa80d474314a6	predicate-500.ibk5.merkle	1	https://kgx.foaf.tv/id/graphmallmapp05a9e0044e919062f0	predicate-500.ibk5.lgi2	predicate-500.ibk5.gbi1	0026000000687474..0027000000687474	02070000004c6576..02090000004c6576	0
501	https://kgx.foaf.tv/vocab#mall	predicate-501.ibk5	119	8255	534cf28f2c286fd1fbd27d943209dc9e9c668ca632c79d3c126247ebcaf165d3	predicate-501.ibk5.merkle	1	https://kgx.foaf.tv/id/graphmallmapp05a9e0044e919062f0	predicate-501.ibk5.lgi2	predicate-501.ibk5.gbi1	0026000000687474..0027000000687474	020b000000436162..0211000000576573	0
502	https://kgx.foaf.tv/vocab#unitClass	predicate-502.ibk5	119	8331	5901966caa0b3cc7798717455a66bdf9f6db83d4e6461f769c63f1dc33679b92	predicate-502.ibk5.merkle	1	https://kgx.foaf.tv/id/graphmallmapp05a9e0044e919062f0	predicate-502.ibk5.lgi2	predicate-502.ibk5.gbi1	0026000000687474..0027000000687474	02050000006f7468..020e000000666f6f	0
503	https://kgx.foaf.tv/vocab#unitType	predicate-503.ibk5	119	9603	e1b8e82d9a8ce9dbfe2d81695ca6a2e9ff5866763d65886dc4a6c533ccc936bf	predicate-503.ibk5.merkle	1	https://kgx.foaf.tv/id/graphmallmapp05a9e0044e919062f0	predicate-503.ibk5.lgi2	predicate-503.ibk5.gbi1	0026000000687474..0027000000687474	020300000067796d..0210000000646570	0
504	https://schema.org/latitude	predicate-504.ibk5	119	14688	30f9f35cad4e7c18cd2b46394e029d4a1f4d101aa3bd8d290e1464a9fdc6f8ed	predicate-504.ibk5.merkle	1	https://kgx.foaf.tv/id/graphmallmapp05a9e0044e919062f0	predicate-504.ibk5.lgi2	predicate-504.ibk5.gbi1	0026000000687474..0027000000687474	020800000035312e..020a00000035312e	0
505	https://schema.org/longitude	predicate-505.ibk5	119	14696	b0c6405695cb292a9fd7f230209525a5f2f7a21f2e7d878f4b70525fafc4b366	predicate-505.ibk5.merkle	1	https://kgx.foaf.tv/id/graphmallmapp05a9e0044e919062f0	predicate-505.ibk5.lgi2	predicate-505.ibk5.gbi1	0026000000687474..0027000000687474	02080000002d302e..020a0000002d302e	0
506	https://schema.org/name	predicate-506.ibk5	93	11386	1d402af7c6b2607ef7df344da7128f5fbf453d68ef2121f8dfd1685bbdfac118	predicate-506.ibk5.merkle	1	https://kgx.foaf.tv/id/graphmallmapp05a9e0044e919062f0	predicate-506.ibk5.lgi2	predicate-506.ibk5.gbi1	0026000000687474..0027000000687474	0203000000425944..023700000043616e	0
507	https://kgx.foaf.tv/vocab#openingTimesText	predicate-507.ibk5	66	12756	5919549afaea422b2197bcd164b193871258510e63830223fe08144f5fe0ce0e	predicate-507.ibk5.merkle	1	https://kgx.foaf.tv/id/graphmallmapp05a9e0044e919062f0	predicate-507.ibk5.lgi2	predicate-507.ibk5.gbi1	0026000000687474..0027000000687474	02620000006d6f6e..028a0000006d6f6e	0
508	https://schema.org/address	predicate-508.ibk5	74	8186	5176e3782f1e72c91efaf6255658658f91dae8011cac80389617319b0ca65166	predicate-508.ibk5.merkle	1	https://kgx.foaf.tv/id/graphmallmapp05a9e0044e919062f0	predicate-508.ibk5.lgi2	predicate-508.ibk5.gbi1	0026000000687474..0027000000687474	02140000002d3120..023f0000004d616c	0
509	https://schema.org/telephone	predicate-509.ibk5	33	4115	bea4bd8038bf6c0057d933592e821fd4cf52403eca1f4ba4e4214e4532b1e96e	predicate-509.ibk5.merkle	1	https://kgx.foaf.tv/id/graphmallmapp05a9e0044e919062f0	predicate-509.ibk5.lgi2	predicate-509.ibk5.gbi1	0026000000687474..0027000000687474	020d000000303230..020d000000303337	0
510	https://schema.org/url	predicate-510.ibk5	58	5547	13b378d6ec8c6a62f03d8e2e599ea62a0b793fcd3d5fe7a8e3489cc5282091a0	predicate-510.ibk5.merkle	1	https://kgx.foaf.tv/id/graphmallmapp05a9e0044e919062f0	predicate-510.ibk5.lgi2	predicate-510.ibk5.gbi1	0026000000687474..0027000000687474	0013000000687474..0057000000687474	0
511	http://www.opengis.net/ont/geosparql#asWKT	predicate-511.ibk5	803	148483	ce0ecd3cf46d52c3216d2ba201281e57179049ac583da8aaa847e2daab773603	predicate-511.ibk5.merkle	1	https://kgx.foaf.tv/id/graphmallmapp05a9e0044e919062f0	predicate-511.ibk5.lgi2	predicate-511.ibk5.gbi1	002c000000687474..002e000000687474	0203020000504f4c..02fd030000504f4c	0
512	http://www.opengis.net/ont/geosparql#asWKT	predicate-512.ibk5	612	400262	0e4579c2ef93df392b8c0d6afc537e5584a18b8a3de5f6f573c64438fa3398eb	predicate-512.ibk5.merkle	1	https://kgx.foaf.tv/id/graphmallmapp06d5cdd7c79dc08497	predicate-512.ibk5.lgi2	predicate-512.ibk5.gbi1	002e000000687474..002f000000687474	0200030000504f4c..02fd1a0000504f4c	0
513	http://www.w3.org/1999/02/22-rdf-syntax-ns#type	predicate-513.ibk5	612	43789	3bb9dd4fa83b637238c1344627568ad43ef45607f0786b39c8e8f56fa0443e63	predicate-513.ibk5.merkle	1	https://kgx.foaf.tv/id/graphmallmapp06d5cdd7c79dc08497	predicate-513.ibk5.lgi2	predicate-513.ibk5.gbi1	002e000000687474..002f000000687474	002d000000687474..002d000000687474	0
514	http://www.w3.org/1999/02/22-rdf-syntax-ns#type	predicate-514.ibk5	164	8867	c6eb2c100eb20a155386f80ad20395bff9a1dc1fdae59c138daa93ad91f18229	predicate-514.ibk5.merkle	1	https://kgx.foaf.tv/id/graphmeta8ed9295112dff826	predicate-514.ibk5.lgi2	predicate-514.ibk5.gbi1	001f000000687474..0045000000687474	001f000000687474..0023000000687474	0
515	http://www.w3.org/2000/01/rdf-schema#label	predicate-515.ibk5	22	2949	d9c7917408fa72883a400997915a105248a4979b01726a2203aea0bc4893bff9	predicate-515.ibk5.merkle	1	https://kgx.foaf.tv/id/graphmeta8ed9295112dff826	predicate-515.ibk5.lgi2	predicate-515.ibk5.gbi1	001f000000687474..0032000000687474	0203000000637767..0218000000666163	0
516	https://kgx.foaf.tv/vocab#current	predicate-516.ibk5	22	2919	14db549a468b7c8d5ee818005c474eae4d665933d2c654fe52c6d1da25be59f7	predicate-516.ibk5.merkle	1	https://kgx.foaf.tv/id/graphmeta8ed9295112dff826	predicate-516.ibk5.lgi2	predicate-516.ibk5.gbi1	001f000000687474..0032000000687474	002f000000687474..0042000000687474	0
517	http://purl.org/dc/terms/license	predicate-517.ibk5	22	3855	fd5af05879ec7d1927e8085612044fc8970b59f771cab7804e19b13289fd450d	predicate-517.ibk5.merkle	1	https://kgx.foaf.tv/id/graphmeta8ed9295112dff826	predicate-517.ibk5.lgi2	predicate-517.ibk5.gbi1	002f000000687474..0042000000687474	0203000000434330..029c0000006a6f69	0
518	http://purl.org/dc/terms/rights	predicate-518.ibk5	5	679	6ad7316c348904ac62745d0de8ccf7c58773d3aa1a2353429cfb889a539c6365	predicate-518.ibk5.merkle	1	https://kgx.foaf.tv/id/graphmeta8ed9295112dff826	predicate-518.ibk5.lgi2	predicate-518.ibk5.gbi1	0035000000687474..003d000000687474	0250000000c2a920..0250000000c2a920	0
519	http://purl.org/dc/terms/title	predicate-519.ibk5	22	5530	0b6f5e636c260cba5b929502d299c9a7b2b579416e04c3b892805a2dd401bcde	predicate-519.ibk5.merkle	1	https://kgx.foaf.tv/id/graphmeta8ed9295112dff826	predicate-519.ibk5.lgi2	predicate-519.ibk5.gbi1	002f000000687474..0042000000687474	023b000000436974..02b100000043616e	0
520	http://rdfs.org/ns/void#triples	predicate-520.ibk5	71	8202	6a020e3a2f7126540c7fe062f6894ba587b2a542074f19b8611cd7bba6f8e936	predicate-520.ibk5.merkle	1	https://kgx.foaf.tv/id/graphmeta8ed9295112dff826	predicate-520.ibk5.lgi2	predicate-520.ibk5.gbi1	002f000000687474..0045000000687474	0202000000323628..0206000000313833	0
521	http://www.w3.org/ns/prov#wasGeneratedBy	predicate-521.ibk5	73	7863	fa007029af9092a3261e885e291f93bb9fd9fc64a4c2108923a267641cbae75c	predicate-521.ibk5.merkle	1	https://kgx.foaf.tv/id/graphmeta8ed9295112dff826	predicate-521.ibk5.lgi2	predicate-521.ibk5.gbi1	002f000000687474..0045000000687474	002a000000687474..002a000000687474	0
522	https://kgx.foaf.tv/vocab#file	predicate-522.ibk5	71	12429	b17bc5d4aae843ca87a716420cef9aadb059c273e849ef5552acab596507898b	predicate-522.ibk5.merkle	1	https://kgx.foaf.tv/id/graphmeta8ed9295112dff826	predicate-522.ibk5.lgi2	predicate-522.ibk5.gbi1	002f000000687474..0045000000687474	0221000000677261..023a000000677261	0
523	https://kgx.foaf.tv/vocab#graphName	predicate-523.ibk5	71	9079	94df4bf035d81d5653f71e87f759748c1e6a59ce47ccde93224fd06c4670c857	predicate-523.ibk5.merkle	1	https://kgx.foaf.tv/id/graphmeta8ed9295112dff826	predicate-523.ibk5.lgi2	predicate-523.ibk5.gbi1	002f000000687474..0045000000687474	001f000000687474..0035000000687474	0
524	https://kgx.foaf.tv/vocab#rdfc10Sha256	predicate-524.ibk5	71	12448	761dba4b72964d0badce06bd0da095edc810e1ae5c3194dcc5d2cd49caa454da	predicate-524.ibk5.merkle	1	https://kgx.foaf.tv/id/graphmeta8ed9295112dff826	predicate-524.ibk5.lgi2	predicate-524.ibk5.gbi1	002f000000687474..0045000000687474	0240000000303464..0240000000666330	0
525	http://purl.org/dc/terms/isPartOf	predicate-525.ibk5	49	5383	1b69d1558a03218b981ee6add75c05f8c92f444736182b8743461728c449623f	predicate-525.ibk5.merkle	1	https://kgx.foaf.tv/id/graphmeta8ed9295112dff826	predicate-525.ibk5.lgi2	predicate-525.ibk5.gbi1	0032000000687474..0045000000687474	002f000000687474..0042000000687474	0
526	https://kgx.foaf.tv/vocab#part	predicate-526.ibk5	49	4460	1be00f78d89cd930a8bcc2e59e5fb8e340f7319c8976bb43fc1c253bdc946cca	predicate-526.ibk5.merkle	1	https://kgx.foaf.tv/id/graphmeta8ed9295112dff826	predicate-526.ibk5.lgi2	predicate-526.ibk5.gbi1	0032000000687474..0045000000687474	0201000000302800..0201000000362800	0
527	http://www.w3.org/1999/02/22-rdf-syntax-ns#type	predicate-527.ibk5	400	32881	1650a70f11e071fbb9d6c66971c1dc5ef8fae23ef2246fc5a6d9ef3f14c92583	predicate-527.ibk5.merkle	1	https://kgx.foaf.tv/id/graphoccupantsp001fcd8531c269a263	predicate-527.ibk5.lgi2	predicate-527.ibk5.gbi1	0033000000687474..003b000000687474	0018000000687474..0024000000687474	0
528	https://kgx.foaf.tv/vocab#role	predicate-528.ibk5	400	35456	c06279ec9be95f2a2141923cd30042828b3133f364bf32bfc26cf4b34967ddc2	predicate-528.ibk5.merkle	1	https://kgx.foaf.tv/id/graphoccupantsp001fcd8531c269a263	predicate-528.ibk5.lgi2	predicate-528.ibk5.gbi1	0033000000687474..003b000000687474	020400000073686f..021c000000686561	0
529	https://kgx.foaf.tv/vocab#sourceKind	predicate-529.ibk5	400	33325	ef0e002f5fbb9f0c8abed01140849acfb5cde12dce42ec6ab02c00f547cf3c86	predicate-529.ibk5.merkle	1	https://kgx.foaf.tv/id/graphoccupantsp001fcd8531c269a263	predicate-529.ibk5.lgi2	predicate-529.ibk5.gbi1	0033000000687474..003b000000687474	0203000000637163..02100000006f736d	0
530	https://schema.org/brand	predicate-530.ibk5	118	14134	4a27506150ce61b63660531f75fcca123b0e86ed2a41644daa55dec98d420b7d	predicate-530.ibk5.merkle	1	https://kgx.foaf.tv/id/graphoccupantsp001fcd8531c269a263	predicate-530.ibk5.lgi2	predicate-530.ibk5.gbi1	0034000000687474..003b000000687474	0025000000687474..0029000000687474	0
531	https://schema.org/containedInPlace	predicate-531.ibk5	400	37355	f81a15361cc041d259195279b5ffe1302b46b62ff0aefde94b2bb069d8d31ba2	predicate-531.ibk5.merkle	1	https://kgx.foaf.tv/id/graphoccupantsp001fcd8531c269a263	predicate-531.ibk5.lgi2	predicate-531.ibk5.gbi1	0033000000687474..003b000000687474	001e000000687474..001e000000687474	0
532	https://schema.org/name	predicate-532.ibk5	398	50419	ad2700add2ba9683b2cd162433cd0c8135a59cb8ab07af1905877d354a59cae3	predicate-532.ibk5.merkle	1	https://kgx.foaf.tv/id/graphoccupantsp001fcd8531c269a263	predicate-532.ibk5.lgi2	predicate-532.ibk5.gbi1	0034000000687474..003b000000687474	0202000000425027..020c000000543420	0
533	https://schema.org/sameAs	predicate-533.ibk5	360	42670	60074c8495637dec2fbc44c66782dc5c552a9b59e558e481c43345f09bca7da3	predicate-533.ibk5.merkle	1	https://kgx.foaf.tv/id/graphoccupantsp001fcd8531c269a263	predicate-533.ibk5.lgi2	predicate-533.ibk5.gbi1	0034000000687474..003b000000687474	0027000000687474..0050000000687474	0
534	https://schema.org/servesCuisine	predicate-534.ibk5	64	7325	a8b80574d068d10623fbef926d641539ce512e865e30a6ca5e8f44409bb43992	predicate-534.ibk5.merkle	1	https://kgx.foaf.tv/id/graphoccupantsp001fcd8531c269a263	predicate-534.ibk5.lgi2	predicate-534.ibk5.gbi1	0036000000687474..003b000000687474	0205000000617369..021a000000636f66	0
535	https://schema.org/url	predicate-535.ibk5	97	12615	92d0207731dec5defdd24b11ab04373243e4e535a6e186fd4214207805da75db	predicate-535.ibk5.merkle	1	https://kgx.foaf.tv/id/graphoccupantsp001fcd8531c269a263	predicate-535.ibk5.lgi2	predicate-535.ibk5.gbi1	0034000000687474..003b000000687474	0011000000687474..0084000000687474	0
536	https://schema.org/openingHours	predicate-536.ibk5	59	9353	bebec089ffd77ad579f4816c35f628028a7879ef331f2cd537cf03787dd46bb5	predicate-536.ibk5.merkle	1	https://kgx.foaf.tv/id/graphoccupantsp001fcd8531c269a263	predicate-536.ibk5.lgi2	predicate-536.ibk5.gbi1	0036000000687474..003b000000687474	020400000032342f..02540000004d6f20	0
537	https://kgx.foaf.tv/vocab#level	predicate-537.ibk5	150	13452	1abf22c86bc5d5d4bd65cba3574515aeda544ee4a97c92529b837c550e293ee1	predicate-537.ibk5.merkle	1	https://kgx.foaf.tv/id/graphoccupantsp001fcd8531c269a263	predicate-537.ibk5.lgi2	predicate-537.ibk5.gbi1	0034000000687474..003b000000687474	0201000000302700..020e000000537472	0
538	https://kgx.foaf.tv/vocab#webOpeningHours	predicate-538.ibk5	26	4094	63ed4d58371dd51d7112d6c8d30b86912c3cb2e11477ae61d750dbec70e10406	predicate-538.ibk5.merkle	1	https://kgx.foaf.tv/id/graphoccupantsp001fcd8531c269a263	predicate-538.ibk5.lgi2	predicate-538.ibk5.gbi1	0036000000687474..003b000000687474	02110000004d6f2d..02510000004d6f20	0
539	https://kgx.foaf.tv/vocab#odsCode	predicate-539.ibk5	14	2048	fe4bd77d6ff7e43d93378648e56641e7b2b598a125095369149ce0cb8f080884	predicate-539.ibk5.merkle	1	https://kgx.foaf.tv/id/graphoccupantsp001fcd8531c269a263	predicate-539.ibk5.lgi2	predicate-539.ibk5.gbi1	0035000000687474..003b000000687474	0205000000384a38..0206000000563832	0
540	https://kgx.foaf.tv/vocab#mall	predicate-540.ibk5	111	9747	4e06d5b268200a79d3ffaedfd925f1bee2f28528a7b30b6033335b79c5b96857	predicate-540.ibk5.merkle	1	https://kgx.foaf.tv/id/graphoccupantsp001fcd8531c269a263	predicate-540.ibk5.lgi2	predicate-540.ibk5.gbi1	0034000000687474..003b000000687474	020a000000576f6f..0211000000546865	0
541	https://kgx.foaf.tv/vocab#brandName	predicate-541.ibk5	1	301	5796166378eb9299ab9e3e87cb7205cb68fb40f2f465927e7e3d38433d8b840f	predicate-541.ibk5.merkle	1	https://kgx.foaf.tv/id/graphoccupantsp001fcd8531c269a263	predicate-541.ibk5.lgi2	predicate-541.ibk5.gbi1	0037000000687474..0037000000687474	0211000000546865..0211000000546865	0
542	https://kgx.foaf.tv/vocab#cqcLocationId	predicate-542.ibk5	4	731	80512a035b7be7e3447f9f3e27f5bf167b72a443ffcfc57efb1186f843f4c36e	predicate-542.ibk5.merkle	1	https://kgx.foaf.tv/id/graphoccupantsp001fcd8531c269a263	predicate-542.ibk5.lgi2	predicate-542.ibk5.gbi1	0037000000687474..003a000000687474	020b000000312d33..020d000000312d32	0
543	http://www.w3.org/1999/02/22-rdf-syntax-ns#type	predicate-543.ibk5	430	37658	0d2cb76430e9e7681c7776dfbbb0fd7f147c12f73bc1f82bdceb1ec1e195d633	predicate-543.ibk5.merkle	1	https://kgx.foaf.tv/id/graphoccupantsp015149d8042a33671c	predicate-543.ibk5.lgi2	predicate-543.ibk5.gbi1	003b000000687474..0041000000687474	0018000000687474..0024000000687474	0
544	https://kgx.foaf.tv/vocab#cqcLocationId	predicate-544.ibk5	7	1206	9887cd14a52c1e1534e554ee9ac7037226ea3f42119bb52ead2ee098d02b9593	predicate-544.ibk5.merkle	1	https://kgx.foaf.tv/id/graphoccupantsp015149d8042a33671c	predicate-544.ibk5.lgi2	predicate-544.ibk5.gbi1	003e000000687474..0041000000687474	020b000000312d33..020d000000312d32	0
545	https://kgx.foaf.tv/vocab#odsCode	predicate-545.ibk5	25	3657	152019c081ed2f8a146a86629b36a4faf0e78723f664bcf976f7bff8f835ac50	predicate-545.ibk5.merkle	1	https://kgx.foaf.tv/id/graphoccupantsp015149d8042a33671c	predicate-545.ibk5.lgi2	predicate-545.ibk5.gbi1	003c000000687474..0041000000687474	0205000000384a33..0208000000454531	0
546	https://kgx.foaf.tv/vocab#role	predicate-546.ibk5	430	40753	eeec4f1eff3c36fd7b3ea12879704a1ec870e107832fb3abeb666352bc9e7887	predicate-546.ibk5.merkle	1	https://kgx.foaf.tv/id/graphoccupantsp015149d8042a33671c	predicate-546.ibk5.lgi2	predicate-546.ibk5.gbi1	003b000000687474..0041000000687474	020400000073686f..021c000000686561	0
547	https://kgx.foaf.tv/vocab#sourceKind	predicate-547.ibk5	430	38320	d6ef485fda885193b2524dbc8996a21ee4c62106771f5c2c19664966c1a43f1e	predicate-547.ibk5.merkle	1	https://kgx.foaf.tv/id/graphoccupantsp015149d8042a33671c	predicate-547.ibk5.lgi2	predicate-547.ibk5.gbi1	003b000000687474..0041000000687474	0203000000637163..02100000006f6673	0
548	https://schema.org/containedInPlace	predicate-548.ibk5	430	43112	6734edc76ec3e333fd0113ce2b7b05fbfa7d9a3e3159629cf899b671336e4c44	predicate-548.ibk5.merkle	1	https://kgx.foaf.tv/id/graphoccupantsp015149d8042a33671c	predicate-548.ibk5.lgi2	predicate-548.ibk5.gbi1	003b000000687474..0041000000687474	001e000000687474..001e000000687474	0
549	https://schema.org/name	predicate-549.ibk5	430	59862	40482a1114c8a883663754d1052afb2a60284a59a00bde82984941f5b57e138c	predicate-549.ibk5.merkle	1	https://kgx.foaf.tv/id/graphoccupantsp015149d8042a33671c	predicate-549.ibk5.lgi2	predicate-549.ibk5.gbi1	003b000000687474..0041000000687474	0209000000417474..0215000000546564	0
550	https://schema.org/openingHours	predicate-550.ibk5	42	7224	95040041278985d184bb070a9b7a292f4396a12eb5ae583166a39a470f212def	predicate-550.ibk5.merkle	1	https://kgx.foaf.tv/id/graphoccupantsp015149d8042a33671c	predicate-550.ibk5.lgi2	predicate-550.ibk5.gbi1	003b000000687474..0041000000687474	020400000032342f..02510000004d6f2d	0
551	https://schema.org/sameAs	predicate-551.ibk5	324	41838	eb26b9349c7ea140a3d7cc58b86c5e6b78ee703b2f743532a25fc18d8cc6a623	predicate-551.ibk5.merkle	1	https://kgx.foaf.tv/id/graphoccupantsp015149d8042a33671c	predicate-551.ibk5.lgi2	predicate-551.ibk5.gbi1	003b000000687474..0041000000687474	002b000000687474..004c000000687474	0
552	https://schema.org/url	predicate-552.ibk5	71	9890	532e5574a3babafdd00e087c226b873d352227f47fe6bdab4725dc547c0f2258	predicate-552.ibk5.merkle	1	https://kgx.foaf.tv/id/graphoccupantsp015149d8042a33671c	predicate-552.ibk5.lgi2	predicate-552.ibk5.gbi1	003b000000687474..0041000000687474	0017000000687474..0073000000687474	0
553	https://kgx.foaf.tv/vocab#level	predicate-553.ibk5	134	13021	04ada7476460532d3ea04c6ff71db9d04765873f145155d2d0779968b1b3ca3a	predicate-553.ibk5.merkle	1	https://kgx.foaf.tv/id/graphoccupantsp015149d8042a33671c	predicate-553.ibk5.lgi2	predicate-553.ibk5.gbi1	003b000000687474..0041000000687474	0201000000302700..020e000000537472	0
554	https://schema.org/brand	predicate-554.ibk5	88	10787	2b56d7b3a0364e1172698f8d112274f18bc7694888bd9b7c3c7b841404c23894	predicate-554.ibk5.merkle	1	https://kgx.foaf.tv/id/graphoccupantsp015149d8042a33671c	predicate-554.ibk5.lgi2	predicate-554.ibk5.gbi1	003b000000687474..0041000000687474	0025000000687474..0029000000687474	0
555	https://kgx.foaf.tv/vocab#webOpeningHours	predicate-555.ibk5	22	3856	6cc9c1383f598a1840e75c5efe5743037b44bd79a6e78c3e6852d516560f6d44	predicate-555.ibk5.merkle	1	https://kgx.foaf.tv/id/graphoccupantsp015149d8042a33671c	predicate-555.ibk5.lgi2	predicate-555.ibk5.gbi1	003c000000687474..003f000000687474	02110000004d6f2d..02470000004d6f2c	0
556	https://schema.org/servesCuisine	predicate-556.ibk5	43	5222	4d6124895ea535fa7c1d0563c0e06522a0506249045048615079b679d3c7765c	predicate-556.ibk5.merkle	1	https://kgx.foaf.tv/id/graphoccupantsp015149d8042a33671c	predicate-556.ibk5.lgi2	predicate-556.ibk5.gbi1	003b000000687474..0041000000687474	0205000000617369..0211000000746169	0
557	https://kgx.foaf.tv/vocab#mall	predicate-557.ibk5	98	9282	abdc54565fe0c68b8ae004b1b62990e90ac1491c6d43646f0fbeec109eddfed3	predicate-557.ibk5.merkle	1	https://kgx.foaf.tv/id/graphoccupantsp015149d8042a33671c	predicate-557.ibk5.lgi2	predicate-557.ibk5.gbi1	003b000000687474..0041000000687474	020a000000576f6f..0212000000436f6c	0
558	http://www.w3.org/1999/02/22-rdf-syntax-ns#type	predicate-558.ibk5	470	44476	550f20d0475a6b0dca3512068c0ebe0cdd566862f0fe42f18e1300adfe503101	predicate-558.ibk5.merkle	1	https://kgx.foaf.tv/id/graphoccupantsp0209b925a334c27599	predicate-558.ibk5.lgi2	predicate-558.ibk5.gbi1	0041000000687474..004b000000687474	0018000000687474..0024000000687474	0
559	https://kgx.foaf.tv/vocab#role	predicate-559.ibk5	470	47866	55f4669d3688a14176f444699d2b7f2ed17f66cbb35456bef482d409ef7ea135	predicate-559.ibk5.merkle	1	https://kgx.foaf.tv/id/graphoccupantsp0209b925a334c27599	predicate-559.ibk5.lgi2	predicate-559.ibk5.gbi1	0041000000687474..004b000000687474	020400000073686f..021c000000686561	0
560	https://kgx.foaf.tv/vocab#sourceKind	predicate-560.ibk5	470	45044	84b3c58a0981cd8415ed4cf0403c6b32e1d6ad694d3f4ee021e501245bbd0b8b	predicate-560.ibk5.merkle	1	https://kgx.foaf.tv/id/graphoccupantsp0209b925a334c27599	predicate-560.ibk5.lgi2	predicate-560.ibk5.gbi1	0041000000687474..004b000000687474	0203000000637163..02190000006f736d	0
561	https://schema.org/containedInPlace	predicate-561.ibk5	470	50000	43436dacaf7f9b0ea260d4586b04d5ba7e7896f4454612ecde8ed253c9dd36f6	predicate-561.ibk5.merkle	1	https://kgx.foaf.tv/id/graphoccupantsp0209b925a334c27599	predicate-561.ibk5.lgi2	predicate-561.ibk5.gbi1	0041000000687474..004b000000687474	001e000000687474..001e000000687474	0
562	https://schema.org/name	predicate-562.ibk5	470	75245	da83fbb7f9e7b9a68a8860364c572a1aa6cc540f7471614e8c7c3f9928c34832	predicate-562.ibk5.merkle	1	https://kgx.foaf.tv/id/graphoccupantsp0209b925a334c27599	predicate-562.ibk5.lgi2	predicate-562.ibk5.gbi1	0041000000687474..004b000000687474	020f000000427265..02200000004a616d	0
563	https://schema.org/sameAs	predicate-563.ibk5	237	33801	447ff60bab0b7cf46d82a584d5c83e3cf903484ac0dd4315cef506335578a498	predicate-563.ibk5.merkle	1	https://kgx.foaf.tv/id/graphoccupantsp0209b925a334c27599	predicate-563.ibk5.lgi2	predicate-563.ibk5.gbi1	0041000000687474..004b000000687474	002b000000687474..0058000000687474	0
564	https://kgx.foaf.tv/vocab#level	predicate-564.ibk5	101	10834	18f767bdfcc74bdb452d16ca20eda737474c36cc3f8360c6d9938dde2420a6ad	predicate-564.ibk5.merkle	1	https://kgx.foaf.tv/id/graphoccupantsp0209b925a334c27599	predicate-564.ibk5.lgi2	predicate-564.ibk5.gbi1	0041000000687474..004b000000687474	0201000000302700..020f0000004d616c	0
565	https://kgx.foaf.tv/vocab#odsCode	predicate-565.ibk5	67	9852	5bfdda90f6edf5013227e8263493a739ae9dd565deac11e3a1354b62de899c4c	predicate-565.ibk5.merkle	1	https://kgx.foaf.tv/id/graphoccupantsp0209b925a334c27599	predicate-565.ibk5.lgi2	predicate-565.ibk5.gbi1	0041000000687474..004b000000687474	0203000000444c46..0208000000454531	0
566	https://schema.org/brand	predicate-566.ibk5	44	5832	fe2f7a963437c2c670e7156a63b8bf48eb882fbfcc2acfad52ebe90f8d447147	predicate-566.ibk5.merkle	1	https://kgx.foaf.tv/id/graphoccupantsp0209b925a334c27599	predicate-566.ibk5.lgi2	predicate-566.ibk5.gbi1	0041000000687474..004b000000687474	0025000000687474..0029000000687474	0
567	https://schema.org/url	predicate-567.ibk5	42	6304	50de48526080691a8f3ad8355a13eba1c9dbb14e740695b22d596ee2688a2db1	predicate-567.ibk5.merkle	1	https://kgx.foaf.tv/id/graphoccupantsp0209b925a334c27599	predicate-567.ibk5.lgi2	predicate-567.ibk5.gbi1	0041000000687474..004b000000687474	0014000000687474..0065000000687474	0
568	https://kgx.foaf.tv/vocab#webOpeningHours	predicate-568.ibk5	19	6078	e0c2c83d112ef071462400b3ed64ffe5e103494eeb5cfec8a24dcb0b457dc7e5	predicate-568.ibk5.merkle	1	https://kgx.foaf.tv/id/graphoccupantsp0209b925a334c27599	predicate-568.ibk5.lgi2	predicate-568.ibk5.gbi1	0041000000687474..004b000000687474	02110000004d6f2d..02660b00004d6f2c	0
569	https://schema.org/openingHours	predicate-569.ibk5	21	3817	19dc9dbe1f5cbade67c6eab316a7018befb7f722b39a02feba8efad211a725c6	predicate-569.ibk5.merkle	1	https://kgx.foaf.tv/id/graphoccupantsp0209b925a334c27599	predicate-569.ibk5.lgi2	predicate-569.ibk5.gbi1	0041000000687474..004a000000687474	020400000032342f..02460000004d6f2d	0
570	https://schema.org/servesCuisine	predicate-570.ibk5	20	2783	de36030acbd1d763f28ffe8c17105732b8ff83ee821f65e293e6e58c2c3c0bab	predicate-570.ibk5.merkle	1	https://kgx.foaf.tv/id/graphoccupantsp0209b925a334c27599	predicate-570.ibk5.lgi2	predicate-570.ibk5.gbi1	0041000000687474..0047000000687474	0205000000617369..020e0000006c6562	0
571	https://kgx.foaf.tv/vocab#cqcLocationId	predicate-571.ibk5	21	3380	6c07823c50b62476b5af2aee3c61d7816d794bdb742b7aab6238a860f2c0636a	predicate-571.ibk5.merkle	1	https://kgx.foaf.tv/id/graphoccupantsp0209b925a334c27599	predicate-571.ibk5.lgi2	predicate-571.ibk5.gbi1	0041000000687474..004b000000687474	0205000000523148..020d000000312d32	0
572	https://kgx.foaf.tv/vocab#mall	predicate-572.ibk5	78	8033	9eb74096a7a30c4007a08f7ce77a94a9cd001f90366e25de0bbea4ba7bdca0c4	predicate-572.ibk5.merkle	1	https://kgx.foaf.tv/id/graphoccupantsp0209b925a334c27599	predicate-572.ibk5.lgi2	predicate-572.ibk5.gbi1	0041000000687474..004b000000687474	020a000000576f6f..0211000000546865	0
573	http://www.w3.org/1999/02/22-rdf-syntax-ns#type	predicate-573.ibk5	186	20372	59788777f6adb88b51cb355f9afcbae313a29fa5f1a8365bb87529bb1638d28a	predicate-573.ibk5.merkle	1	https://kgx.foaf.tv/id/graphoccupantsp035f452281e12ab005	predicate-573.ibk5.lgi2	predicate-573.ibk5.gbi1	004b000000687474..0067000000687474	0018000000687474..0024000000687474	0
574	https://kgx.foaf.tv/vocab#role	predicate-574.ibk5	186	22516	dd37de8b6e3c483ef9dd28860a329d040814fbe875791b249b3ae1fe64380f46	predicate-574.ibk5.merkle	1	https://kgx.foaf.tv/id/graphoccupantsp035f452281e12ab005	predicate-574.ibk5.lgi2	predicate-574.ibk5.gbi1	004b000000687474..0067000000687474	020400000073686f..021c000000686561	0
575	https://kgx.foaf.tv/vocab#sourceKind	predicate-575.ibk5	186	20926	d47241213c658f8ef83ed8af8423c222297484351b9c27c383063faa26628705	predicate-575.ibk5.merkle	1	https://kgx.foaf.tv/id/graphoccupantsp035f452281e12ab005	predicate-575.ibk5.lgi2	predicate-575.ibk5.gbi1	004b000000687474..0067000000687474	0203000000637163..02100000006f6673	0
576	https://schema.org/brand	predicate-576.ibk5	10	1659	643712372888698720fb73e61d0bad482178cc92eec35369f1dae524caf85701	predicate-576.ibk5.merkle	1	https://kgx.foaf.tv/id/graphoccupantsp035f452281e12ab005	predicate-576.ibk5.lgi2	predicate-576.ibk5.gbi1	004b000000687474..0060000000687474	0026000000687474..0029000000687474	0
577	https://schema.org/containedInPlace	predicate-577.ibk5	186	23796	5066073cd741b0f92585bac7ac005faf7f09b5ccd36b9f85f646a53eee212c85	predicate-577.ibk5.merkle	1	https://kgx.foaf.tv/id/graphoccupantsp035f452281e12ab005	predicate-577.ibk5.lgi2	predicate-577.ibk5.gbi1	004b000000687474..0067000000687474	001e000000687474..001e000000687474	0
578	https://schema.org/name	predicate-578.ibk5	186	36283	5048f853ea2f8178d358425005f864fbce85ee44e3c88137cec6827d9e3317f3	predicate-578.ibk5.merkle	1	https://kgx.foaf.tv/id/graphoccupantsp035f452281e12ab005	predicate-578.ibk5.lgi2	predicate-578.ibk5.gbi1	004b000000687474..0067000000687474	021b000000417374..024d000000506165	0
579	https://schema.org/openingHours	predicate-579.ibk5	9	1736	baa65596aa4a06942d8ea799b3cd01f9cd5b6cd36f14c3537c31542f40990250	predicate-579.ibk5.merkle	1	https://kgx.foaf.tv/id/graphoccupantsp035f452281e12ab005	predicate-579.ibk5.lgi2	predicate-579.ibk5.gbi1	004b000000687474..005c000000687474	020400000032342f..02540000004d6f2d	0
580	https://schema.org/sameAs	predicate-580.ibk5	45	7321	7b927053c18f00705a09688d6a5d7c3b8b64b7ac88523d4641e337b4afe72c72	predicate-580.ibk5.merkle	1	https://kgx.foaf.tv/id/graphoccupantsp035f452281e12ab005	predicate-580.ibk5.lgi2	predicate-580.ibk5.gbi1	004b000000687474..0060000000687474	002a000000687474..005d000000687474	0
581	https://schema.org/servesCuisine	predicate-581.ibk5	1	308	209cc8a1112eed8230928d0f8712f3790170448fd5e8b79b83fbd5cfb8c859ee	predicate-581.ibk5.merkle	1	https://kgx.foaf.tv/id/graphoccupantsp035f452281e12ab005	predicate-581.ibk5.lgi2	predicate-581.ibk5.gbi1	004c000000687474..004c000000687474	0206000000696e64..0206000000696e64	0
582	https://schema.org/url	predicate-582.ibk5	14	2356	4ee28b1cbc217b10ecd74e26bc2f6cbd7f5a8bb0a4dcafeaf28c1a64d0b08b95	predicate-582.ibk5.merkle	1	https://kgx.foaf.tv/id/graphoccupantsp035f452281e12ab005	predicate-582.ibk5.lgi2	predicate-582.ibk5.gbi1	004b000000687474..0066000000687474	0015000000687474..006e000000687474	0
583	https://kgx.foaf.tv/vocab#odsCode	predicate-583.ibk5	41	6806	b71d0ef7c6b9c00d542626afc9116f146f2b753e8e9441c9212cd2d47b933b10	predicate-583.ibk5.merkle	1	https://kgx.foaf.tv/id/graphoccupantsp035f452281e12ab005	predicate-583.ibk5.lgi2	predicate-583.ibk5.gbi1	004b000000687474..0064000000687474	0203000000373131..0208000000454531	0
584	https://kgx.foaf.tv/vocab#level	predicate-584.ibk5	12	1743	80e74215494e5f3bb622cffbc04af29858535189a322a3d79f9c1eeb0abd5220	predicate-584.ibk5.merkle	1	https://kgx.foaf.tv/id/graphoccupantsp035f452281e12ab005	predicate-584.ibk5.lgi2	predicate-584.ibk5.gbi1	004b000000687474..005c000000687474	0201000000302700..020e000000537472	0
585	https://kgx.foaf.tv/vocab#mall	predicate-585.ibk5	14	1981	89c3d2e473a9bdf4c268ac6080e26b7e58e3408175345b72f6e91c4c113bfa7d	predicate-585.ibk5.merkle	1	https://kgx.foaf.tv/id/graphoccupantsp035f452281e12ab005	predicate-585.ibk5.lgi2	predicate-585.ibk5.gbi1	004b000000687474..0057000000687474	020b000000436162..0212000000436f6c	0
586	https://kgx.foaf.tv/vocab#webOpeningHours	predicate-586.ibk5	3	664	63546c31e1650eeb8da448a4ddc114b22fb4d41c616d810459316117fcc61471	predicate-586.ibk5.merkle	1	https://kgx.foaf.tv/id/graphoccupantsp035f452281e12ab005	predicate-586.ibk5.lgi2	predicate-586.ibk5.gbi1	004c000000687474..004d000000687474	02110000004d6f2d..02110000004d6f2d	0
587	https://kgx.foaf.tv/vocab#cqcLocationId	predicate-587.ibk5	7	1345	73b40ccc818022688cf750bbc0d86c29926fadf45fd4d615290de1fd56e182b4	predicate-587.ibk5.merkle	1	https://kgx.foaf.tv/id/graphoccupantsp035f452281e12ab005	predicate-587.ibk5.lgi2	predicate-587.ibk5.gbi1	004b000000687474..0067000000687474	0205000000525959..020d000000312d32	0
588	http://www.w3.org/1999/02/22-rdf-syntax-ns#type	predicate-588.ibk5	70	3689	6e7aba9c927e158882bd903fc6909057e503ca85464b7f4407d118cda789f162	predicate-588.ibk5.merkle	1	https://kgx.foaf.tv/id/graphphotoscwdockp0004d844938d0212e0	predicate-588.ibk5.lgi2	predicate-588.ibk5.gbi1	0022000000687474..002c000000687474	0018000000687474..0031000000687474	0
589	https://kgx.foaf.tv/vocab#confidence	predicate-589.ibk5	25	1848	8a1f8be5bcb82d341496b1c717daa5da0eecab96a123f7cc2fca5722b68907f6	predicate-589.ibk5.merkle	1	https://kgx.foaf.tv/id/graphphotoscwdockp0004d844938d0212e0	predicate-589.ibk5.lgi2	predicate-589.ibk5.gbi1	0022000000687474..0025000000687474	0205000000677565..020800000070726f	0
590	https://kgx.foaf.tv/vocab#evidence	predicate-590.ibk5	43	7896	84608cd7595c75590a832b62e64be05a9b1ae95bc0d56c8a0fafaddab52818be	predicate-590.ibk5.merkle	1	https://kgx.foaf.tv/id/graphphotoscwdockp0004d844938d0212e0	predicate-590.ibk5.lgi2	predicate-590.ibk5.gbi1	0022000000687474..0025000000687474	0219000000746865..02f900000070686f	0
591	https://kgx.foaf.tv/vocab#facadeNote	predicate-591.ibk5	26	7637	cabafb9cf08176487519354b343477b40f5a48f37882b60db6fbbb93e788e16a	predicate-591.ibk5.merkle	1	https://kgx.foaf.tv/id/graphphotoscwdockp0004d844938d0212e0	predicate-591.ibk5.lgi2	predicate-591.ibk5.gbi1	0023000000687474..0025000000687474	0223010000706174..02fc000000706174	0
592	https://kgx.foaf.tv/vocab#facadeNoteHow	predicate-592.ibk5	13	2201	3d44b483ef7e60998331b2eaac74a2f42a6ec0f856879f04b055c9cef18780d2	predicate-592.ibk5.merkle	1	https://kgx.foaf.tv/id/graphphotoscwdockp0004d844938d0212e0	predicate-592.ibk5.lgi2	predicate-592.ibk5.gbi1	0023000000687474..0025000000687474	02140000006a7564..028f0000006a7564	0
593	https://kgx.foaf.tv/vocab#facadePatch	predicate-593.ibk5	7	922	baae64bc8137eed7253ff490853134b80bc02fe69adb46bbb1f7f299156929a2	predicate-593.ibk5.merkle	1	https://kgx.foaf.tv/id/graphphotoscwdockp0004d844938d0212e0	predicate-593.ibk5.lgi2	predicate-593.ibk5.gbi1	0024000000687474..0025000000687474	002c000000687474..0035000000687474	0
594	https://kgx.foaf.tv/vocab#footprintNote	predicate-594.ibk5	7	1656	d0a48763c8ba832b8ffd805570fe6be011d4db330659d44a9e0a246d03262b12	predicate-594.ibk5.merkle	1	https://kgx.foaf.tv/id/graphphotoscwdockp0004d844938d0212e0	predicate-594.ibk5.lgi2	predicate-594.ibk5.gbi1	0023000000687474..0025000000687474	0251000000363520..028a0000006c6f6e	0
595	https://kgx.foaf.tv/vocab#modelBaseMetresOD	predicate-595.ibk5	23	2305	2133bbbb9383e13ede4e48fab7470fe5571c7826cc4125554e5785559ca5118b	predicate-595.ibk5.merkle	1	https://kgx.foaf.tv/id/graphphotoscwdockp0004d844938d0212e0	predicate-595.ibk5.lgi2	predicate-595.ibk5.gbi1	0022000000687474..0025000000687474	0201000000352800..020400000031302e	0
596	https://kgx.foaf.tv/vocab#modelBuilt	predicate-596.ibk5	24	1677	c8c0ad98bbb1d0e17a2bad313dba85fe4666345f0386ea38bebe02a1f1ec3366	predicate-596.ibk5.merkle	1	https://kgx.foaf.tv/id/graphphotoscwdockp0004d844938d0212e0	predicate-596.ibk5.lgi2	predicate-596.ibk5.gbi1	0022000000687474..0025000000687474	020a000000323032..020a000000323032	0
597	https://kgx.foaf.tv/vocab#modelHeightMetres	predicate-597.ibk5	23	2746	ba3d1355cbd2af3c5c24571d97864f81000ffb5872a3a69758a4de510f4311da	predicate-597.ibk5.merkle	1	https://kgx.foaf.tv/id/graphphotoscwdockp0004d844938d0212e0	predicate-597.ibk5.lgi2	predicate-597.ibk5.gbi1	0022000000687474..0025000000687474	0201000000362800..0205000000323333	0
598	https://kgx.foaf.tv/vocab#modelHeightSource	predicate-598.ibk5	23	1881	b8732d604b02bce2aab089b617e3545903d563c98fb30abaf6ae45e63d0c421c	predicate-598.ibk5.merkle	1	https://kgx.foaf.tv/id/graphphotoscwdockp0004d844938d0212e0	predicate-598.ibk5.lgi2	predicate-598.ibk5.gbi1	0022000000687474..0025000000687474	0203000000746167..02320000006c6576	0
599	https://kgx.foaf.tv/vocab#modelIndex	predicate-599.ibk5	23	2812	9de1a7f96530fc990a563d74c9b17fe6b1c7c9ec91862b17be115b8d3c682b8b	predicate-599.ibk5.merkle	1	https://kgx.foaf.tv/id/graphphotoscwdockp0004d844938d0212e0	predicate-599.ibk5.lgi2	predicate-599.ibk5.gbi1	0022000000687474..0025000000687474	0202000000363928..0205000000343032	0
600	https://kgx.foaf.tv/vocab#modelTopMetresOD	predicate-600.ibk5	23	2760	58880db567313cab2d4de223bb62d3d37b0ffa3e4896ee70696af3b22ba41ed4	predicate-600.ibk5.merkle	1	https://kgx.foaf.tv/id/graphphotoscwdockp0004d844938d0212e0	predicate-600.ibk5.lgi2	predicate-600.ibk5.gbi1	0022000000687474..0025000000687474	0202000000323528..0205000000323434	0
601	https://kgx.foaf.tv/vocab#osmTag	predicate-601.ibk5	77	6525	5f6305ec926726cc575dc99a4d1ce861c4fa46be6a94e9e6b88bfbca3792c056	predicate-601.ibk5.merkle	1	https://kgx.foaf.tv/id/graphphotoscwdockp0004d844938d0212e0	predicate-601.ibk5.lgi2	predicate-601.ibk5.gbi1	0022000000687474..0025000000687474	02090000006e616d..02240000006e616d	0
602	https://schema.org/name	predicate-602.ibk5	72	11603	9707c47db297d2a7da281c7e330bb617e6aea0fb0ef5fef96662d7e3cf919325	predicate-602.ibk5.merkle	1	https://kgx.foaf.tv/id/graphphotoscwdockp0004d844938d0212e0	predicate-602.ibk5.lgi2	predicate-602.ibk5.gbi1	0022000000687474..0035000000687474	0209000000446f63..028e00000050616e	0
603	https://schema.org/sameAs	predicate-603.ibk5	46	4542	814f62cdd3056fdcd565fdeb797f1455f335bc9bbc750ceb81312c011bb1ff77	predicate-603.ibk5.merkle	1	https://kgx.foaf.tv/id/graphphotoscwdockp0004d844938d0212e0	predicate-603.ibk5.lgi2	predicate-603.ibk5.gbi1	0022000000687474..0034000000687474	0026000000687474..002f000000687474	0
604	https://kgx.foaf.tv/vocab#modelNote	predicate-604.ibk5	7	1785	382ccb01fff8c23773cb7da87b446871a87cb56c42710a28710747c88dad7d8c	predicate-604.ibk5.merkle	1	https://kgx.foaf.tv/id/graphphotoscwdockp0004d844938d0212e0	predicate-604.ibk5.lgi2	predicate-604.ibk5.gbi1	0022000000687474..0025000000687474	02340000006e6f20..02c0000000746865	0
605	https://kgx.foaf.tv/vocab#cameraNote	predicate-605.ibk5	20	5232	6bc990af8718208a56d56e1e1ee3e2c92a882cbd646514843c43df7a4ea0b07d	predicate-605.ibk5.merkle	1	https://kgx.foaf.tv/id/graphphotoscwdockp0004d844938d0212e0	predicate-605.ibk5.lgi2	predicate-605.ibk5.gbi1	002c000000687474..002c000000687474	02320000006a7564..02d20000006a7564	0
606	https://kgx.foaf.tv/vocab#depiction	predicate-606.ibk5	95	8455	7fda76b57a0bcddf4c05f96edcfcdb2e61fde127cdb143e814d7c74d7e3f12d2	predicate-606.ibk5.merkle	1	https://kgx.foaf.tv/id/graphphotoscwdockp0004d844938d0212e0	predicate-606.ibk5.lgi2	predicate-606.ibk5.gbi1	002c000000687474..002c000000687474	0034000000687474..0035000000687474	0
607	https://kgx.foaf.tv/vocab#sha256	predicate-607.ibk5	20	3795	1d1cd7e5077ee3c1216b1cdfcc0df99f8c0aca63169dcb6bcf2a5279889c4d41	predicate-607.ibk5.merkle	1	https://kgx.foaf.tv/id/graphphotoscwdockp0004d844938d0212e0	predicate-607.ibk5.lgi2	predicate-607.ibk5.gbi1	002c000000687474..002c000000687474	0240000000306230..0240000000666437	0
608	https://kgx.foaf.tv/vocab#timeNote	predicate-608.ibk5	20	1776	65ca8ebef203f307834a88dd20f903f70d6027017675b448e1e76e0e60d21924	predicate-608.ibk5.merkle	1	https://kgx.foaf.tv/id/graphphotoscwdockp0004d844938d0212e0	predicate-608.ibk5.lgi2	predicate-608.ibk5.gbi1	002c000000687474..002c000000687474	02be00000061626f..02be00000061626f	0
609	https://schema.org/about	predicate-609.ibk5	68	3509	8a82a3176150d0104c3b04d5a3cb8e16a1ab5e605275dd0813c20822e8deac8b	predicate-609.ibk5.merkle	1	https://kgx.foaf.tv/id/graphphotoscwdockp0004d844938d0212e0	predicate-609.ibk5.lgi2	predicate-609.ibk5.gbi1	002c000000687474..002c000000687474	0022000000687474..0025000000687474	0
610	https://schema.org/contentUrl	predicate-610.ibk5	20	4030	8a0cf72580c9e8af0ceb7cbe5c52a7d1bf5ac897c333d12e71917518864f83d7	predicate-610.ibk5.merkle	1	https://kgx.foaf.tv/id/graphphotoscwdockp0004d844938d0212e0	predicate-610.ibk5.lgi2	predicate-610.ibk5.gbi1	002c000000687474..002c000000687474	006e000000687474..0083000000687474	0
611	https://schema.org/creator	predicate-611.ibk5	20	1600	e839f43a5133a930668a2c66cae6545abbdcb8a80db374e8668775eb02d0a4bf	predicate-611.ibk5.merkle	1	https://kgx.foaf.tv/id/graphphotoscwdockp0004d844938d0212e0	predicate-611.ibk5.lgi2	predicate-611.ibk5.gbi1	002c000000687474..002c000000687474	021600000064616e..021600000064616e	0
612	https://schema.org/dateCreated	predicate-612.ibk5	20	1590	9a10392f1f26b60272849ab1cb4022f18efb2f1d037dc09196d8f91a7376ff21	predicate-612.ibk5.merkle	1	https://kgx.foaf.tv/id/graphphotoscwdockp0004d844938d0212e0	predicate-612.ibk5.lgi2	predicate-612.ibk5.gbi1	002c000000687474..002c000000687474	020a000000323032..020a000000323032	0
613	https://schema.org/height	predicate-613.ibk5	20	1689	28500fcf4e9a76183b481714684ff919ca1b064d312e47cce4e007fc6bea5c9c	predicate-613.ibk5.merkle	1	https://kgx.foaf.tv/id/graphphotoscwdockp0004d844938d0212e0	predicate-613.ibk5.lgi2	predicate-613.ibk5.gbi1	002c000000687474..002c000000687474	0203000000353936..0204000000323537	0
614	https://schema.org/license	predicate-614.ibk5	20	1584	6460944b369aabaee8abfa9c22f8489ade686440f496f5c877da9b53cc917b1a	predicate-614.ibk5.merkle	1	https://kgx.foaf.tv/id/graphphotoscwdockp0004d844938d0212e0	predicate-614.ibk5.lgi2	predicate-614.ibk5.gbi1	002c000000687474..002c000000687474	0032000000687474..0032000000687474	0
615	https://schema.org/width	predicate-615.ibk5	20	1635	c9cc4543e3fd4eaf9348082ee14a892e32ef83a35439d320597380dee0e0541d	predicate-615.ibk5.merkle	1	https://kgx.foaf.tv/id/graphphotoscwdockp0004d844938d0212e0	predicate-615.ibk5.lgi2	predicate-615.ibk5.gbi1	002c000000687474..002c000000687474	0204000000313933..0204000000323537	0
616	https://kgx.foaf.tv/vocab#role	predicate-616.ibk5	95	10539	eff00afcfc3f466c864844fdcf4b76dd8262085526e835074808416128c777f2	predicate-616.ibk5.merkle	1	https://kgx.foaf.tv/id/graphphotoscwdockp0004d844938d0212e0	predicate-616.ibk5.lgi2	predicate-616.ibk5.gbi1	0034000000687474..0035000000687474	02040000006c6566..023b000000626568	0
617	https://kgx.foaf.tv/vocab#thing	predicate-617.ibk5	68	6412	b672608eabd8e20de1d5d2e2baaf4f9076518b3cb8f55388cb0e789dd6c99059	predicate-617.ibk5.merkle	1	https://kgx.foaf.tv/id/graphphotoscwdockp0004d844938d0212e0	predicate-617.ibk5.lgi2	predicate-617.ibk5.gbi1	0034000000687474..0034000000687474	0022000000687474..0025000000687474	0
618	http://www.w3.org/1999/02/22-rdf-syntax-ns#type	predicate-618.ibk5	18	1131	a7c305a4124f127b71c1c5e3c0316c2332bc1c027b6ced595016e1cef14a81a9	predicate-618.ibk5.merkle	1	https://kgx.foaf.tv/id/graphphotoscwlibraryp00f931d1c3efce6289	predicate-618.ibk5.lgi2	predicate-618.ibk5.gbi1	0023000000687474..002c000000687474	0018000000687474..0031000000687474	0
619	https://kgx.foaf.tv/vocab#confidence	predicate-619.ibk5	7	700	3603c6a3b230c46628fb3424185660983ddaa46f27f65387297ff9e8f2841610	predicate-619.ibk5.merkle	1	https://kgx.foaf.tv/id/graphphotoscwlibraryp00f931d1c3efce6289	predicate-619.ibk5.lgi2	predicate-619.ibk5.gbi1	0023000000687474..0025000000687474	0207000000636572..020800000070726f	0
620	https://kgx.foaf.tv/vocab#evidence	predicate-620.ibk5	18	3143	9153acac8f8723f36423e97bccd104d953064835f38ad50c45636958760ea372	predicate-620.ibk5.merkle	1	https://kgx.foaf.tv/id/graphphotoscwlibraryp00f931d1c3efce6289	predicate-620.ibk5.lgi2	predicate-620.ibk5.gbi1	0023000000687474..0025000000687474	0219000000746865..02ad000000746865	0
621	https://kgx.foaf.tv/vocab#facadeNote	predicate-621.ibk5	21	4880	7a17e5716384da2577a6d05079525f6e9ff89289cc40586272a630d3f4e132fa	predicate-621.ibk5.merkle	1	https://kgx.foaf.tv/id/graphphotoscwlibraryp00f931d1c3efce6289	predicate-621.ibk5.lgi2	predicate-621.ibk5.gbi1	0023000000687474..0025000000687474	021700000073616d..02f4000000766572	0
622	https://kgx.foaf.tv/vocab#facadeNoteHow	predicate-622.ibk5	7	1258	055433dbba237d55caf4c9757809b02b6f83d3c8eed0229aaf8925a81a37160a	predicate-622.ibk5.merkle	1	https://kgx.foaf.tv/id/graphphotoscwlibraryp00f931d1c3efce6289	predicate-622.ibk5.lgi2	predicate-622.ibk5.gbi1	0023000000687474..0025000000687474	02130000006a7564..02580000006a7564	0
623	https://kgx.foaf.tv/vocab#facadePatch	predicate-623.ibk5	5	726	b765c99e9d7f6b59b27b0ed619599ecdbd6265f05d03c262c04452e0b1fcf249	predicate-623.ibk5.merkle	1	https://kgx.foaf.tv/id/graphphotoscwlibraryp00f931d1c3efce6289	predicate-623.ibk5.lgi2	predicate-623.ibk5.gbi1	0023000000687474..0025000000687474	0035000000687474..0039000000687474	0
624	https://kgx.foaf.tv/vocab#modelBaseMetresOD	predicate-624.ibk5	5	683	7915903ae7bb8a61c35c39ecb2e2fd29a1cd312436799eca5bcaae0cfa6136db	predicate-624.ibk5.merkle	1	https://kgx.foaf.tv/id/graphphotoscwlibraryp00f931d1c3efce6289	predicate-624.ibk5.lgi2	predicate-624.ibk5.gbi1	0023000000687474..0025000000687474	0201000000352800..0203000000352e37	0
625	https://kgx.foaf.tv/vocab#modelBuilt	predicate-625.ibk5	6	583	af8918c2247371438ee90b03493d2c764d61617483303d6321a656b69731270b	predicate-625.ibk5.merkle	1	https://kgx.foaf.tv/id/graphphotoscwlibraryp00f931d1c3efce6289	predicate-625.ibk5.lgi2	predicate-625.ibk5.gbi1	0023000000687474..0025000000687474	020a000000323032..020a000000323032	0
626	https://kgx.foaf.tv/vocab#modelHeightMetres	predicate-626.ibk5	5	686	12cf3decbf4271c34f6bb6e254527c7149ed32b87d53e1565fd8756b26e16d93	predicate-626.ibk5.merkle	1	https://kgx.foaf.tv/id/graphphotoscwlibraryp00f931d1c3efce6289	predicate-626.ibk5.lgi2	predicate-626.ibk5.gbi1	0023000000687474..0025000000687474	0202000000323028..020400000038322e	0
627	https://kgx.foaf.tv/vocab#modelHeightSource	predicate-627.ibk5	5	759	3526e5877fad25eece291365c835296d8df0091546ea15479968347512b3c2c7	predicate-627.ibk5.merkle	1	https://kgx.foaf.tv/id/graphphotoscwlibraryp00f931d1c3efce6289	predicate-627.ibk5.lgi2	predicate-627.ibk5.gbi1	0023000000687474..0025000000687474	02050000006c6964..02440000006c6964	0
628	https://kgx.foaf.tv/vocab#modelIndex	predicate-628.ibk5	5	735	c5f130db8335af9106265593c80a9ec58c382c5b8620ecc9bf6c6aeb60d2d780	predicate-628.ibk5.merkle	1	https://kgx.foaf.tv/id/graphphotoscwlibraryp00f931d1c3efce6289	predicate-628.ibk5.lgi2	predicate-628.ibk5.gbi1	0023000000687474..0025000000687474	0203000000373639..0205000000333632	0
629	https://kgx.foaf.tv/vocab#modelTopMetresOD	predicate-629.ibk5	5	687	61f3e55e43fe51b5264978bf038856963e58fc3c752748f6ddc9abafbb2db1d7	predicate-629.ibk5.merkle	1	https://kgx.foaf.tv/id/graphphotoscwlibraryp00f931d1c3efce6289	predicate-629.ibk5.lgi2	predicate-629.ibk5.gbi1	0023000000687474..0025000000687474	0202000000323528..0205000000313131	0
630	https://kgx.foaf.tv/vocab#osmTag	predicate-630.ibk5	14	1321	aeea567003451b6f724034d2899759ca603b45e074cb67b1521e33b4a316aeaf	predicate-630.ibk5.merkle	1	https://kgx.foaf.tv/id/graphphotoscwlibraryp00f931d1c3efce6289	predicate-630.ibk5.lgi2	predicate-630.ibk5.gbi1	0023000000687474..0025000000687474	02110000006e616d..021d000000616464	0
631	https://kgx.foaf.tv/vocab#publishedNote	predicate-631.ibk5	1	478	ef42feba30e81b9a1122669522ca06eb8972882e071193e7f474df7d23ccbc6a	predicate-631.ibk5.merkle	1	https://kgx.foaf.tv/id/graphphotoscwlibraryp00f931d1c3efce6289	predicate-631.ibk5.lgi2	predicate-631.ibk5.gbi1	0025000000687474..0025000000687474	02ca00000033352d..02ca00000033352d	0
632	https://schema.org/name	predicate-632.ibk5	18	2908	b7b7c702e8bc8dd1eb24b7983515c073c875384ce03fbd0992b42fd2ebe8e250	predicate-632.ibk5.merkle	1	https://kgx.foaf.tv/id/graphphotoscwlibraryp00f931d1c3efce6289	predicate-632.ibk5.lgi2	predicate-632.ibk5.gbi1	0023000000687474..0034000000687474	020b000000616e20..025f000000627269	0
633	https://schema.org/sameAs	predicate-633.ibk5	12	1357	ca625bb8e240e362e4feaaec2ef73d0566c62e1fae3f184377fed97092991e2b	predicate-633.ibk5.merkle	1	https://kgx.foaf.tv/id/graphphotoscwlibraryp00f931d1c3efce6289	predicate-633.ibk5.lgi2	predicate-633.ibk5.gbi1	0023000000687474..0034000000687474	0026000000687474..002f000000687474	0
634	https://kgx.foaf.tv/vocab#footprintNote	predicate-634.ibk5	2	659	9489fbb931dcdbc965aa797018e411134e9153bab53666c6139310d34a675d97	predicate-634.ibk5.merkle	1	https://kgx.foaf.tv/id/graphphotoscwlibraryp00f931d1c3efce6289	predicate-634.ibk5.lgi2	predicate-634.ibk5.gbi1	0024000000687474..0024000000687474	025d0000006e6561..02b50000006c6f6e	0
635	https://kgx.foaf.tv/vocab#modelNote	predicate-635.ibk5	1	366	0b4e8e905015d9b39e6489e718abfa99211da00784cb8a295461dc94ad678f18	predicate-635.ibk5.merkle	1	https://kgx.foaf.tv/id/graphphotoscwlibraryp00f931d1c3efce6289	predicate-635.ibk5.lgi2	predicate-635.ibk5.gbi1	0023000000687474..0023000000687474	02600000006e6f20..02600000006e6f20	0
636	https://kgx.foaf.tv/vocab#cameraNote	predicate-636.ibk5	4	954	d02bbd975f663710df3bf260d88b7073bb47a5500ffd9e346e5c6ad785f93ea1	predicate-636.ibk5.merkle	1	https://kgx.foaf.tv/id/graphphotoscwlibraryp00f931d1c3efce6289	predicate-636.ibk5.lgi2	predicate-636.ibk5.gbi1	002c000000687474..002c000000687474	02370000006a7564..02710000006a7564	0
637	https://kgx.foaf.tv/vocab#depiction	predicate-637.ibk5	15	1512	104be3330706053cc2cc340615efa3c471c83901742f66c0c92db5d41bacf862	predicate-637.ibk5.merkle	1	https://kgx.foaf.tv/id/graphphotoscwlibraryp00f931d1c3efce6289	predicate-637.ibk5.lgi2	predicate-637.ibk5.gbi1	002c000000687474..002c000000687474	0034000000687474..0034000000687474	0
638	https://kgx.foaf.tv/vocab#sha256	predicate-638.ibk5	4	886	904da25c31f3d469e1775bdcaad0d367b3b68008764ac6d44d5915917b1c90fa	predicate-638.ibk5.merkle	1	https://kgx.foaf.tv/id/graphphotoscwlibraryp00f931d1c3efce6289	predicate-638.ibk5.lgi2	predicate-638.ibk5.gbi1	002c000000687474..002c000000687474	0240000000336166..0240000000666132	0
639	https://kgx.foaf.tv/vocab#timeNote	predicate-639.ibk5	4	558	719681efa6702acdc60f6aebde7276353cf4a16ddafb7d30b4b0c05785bb7340	predicate-639.ibk5.merkle	1	https://kgx.foaf.tv/id/graphphotoscwlibraryp00f931d1c3efce6289	predicate-639.ibk5.lgi2	predicate-639.ibk5.gbi1	002c000000687474..002c000000687474	024900000061626f..024900000061626f	0
640	https://schema.org/about	predicate-640.ibk5	8	791	ffba49ac912867c5269e2901b0e06f809ef9767bc2cf7191488fed11f2f8139e	predicate-640.ibk5.merkle	1	https://kgx.foaf.tv/id/graphphotoscwlibraryp00f931d1c3efce6289	predicate-640.ibk5.lgi2	predicate-640.ibk5.gbi1	002c000000687474..002c000000687474	0023000000687474..0025000000687474	0
641	https://schema.org/contentUrl	predicate-641.ibk5	4	930	15fb248cdbb1c7d4797e58736da7168b6a5f61a2c44061f927f0ea20ec751051	predicate-641.ibk5.merkle	1	https://kgx.foaf.tv/id/graphphotoscwlibraryp00f931d1c3efce6289	predicate-641.ibk5.lgi2	predicate-641.ibk5.gbi1	002c000000687474..002c000000687474	0072000000687474..007c000000687474	0
642	https://schema.org/creator	predicate-642.ibk5	4	499	570a9b1ac2cc0be1c0a39f5792e484016d7602e8c06b9347dbd36cfc3048ba7a	predicate-642.ibk5.merkle	1	https://kgx.foaf.tv/id/graphphotoscwlibraryp00f931d1c3efce6289	predicate-642.ibk5.lgi2	predicate-642.ibk5.gbi1	002c000000687474..002c000000687474	021600000064616e..021600000064616e	0
643	https://schema.org/dateCreated	predicate-643.ibk5	4	489	252592f47bff4f0db273c17d7deffb9e19882a6f765d16af543a3564eb3f4124	predicate-643.ibk5.merkle	1	https://kgx.foaf.tv/id/graphphotoscwlibraryp00f931d1c3efce6289	predicate-643.ibk5.lgi2	predicate-643.ibk5.gbi1	002c000000687474..002c000000687474	020a000000323032..020a000000323032	0
644	https://schema.org/height	predicate-644.ibk5	4	535	7af459f7df408293607d76128b758bb22a135933290c2009ee259034b562d11d	predicate-644.ibk5.merkle	1	https://kgx.foaf.tv/id/graphphotoscwlibraryp00f931d1c3efce6289	predicate-644.ibk5.lgi2	predicate-644.ibk5.gbi1	002c000000687474..002c000000687474	0204000000313933..0204000000323537	0
645	https://schema.org/license	predicate-645.ibk5	4	483	cb422ba414fa4d02a1b38ecfc811c3133365ee540cc5d00f956c50518cdb7d38	predicate-645.ibk5.merkle	1	https://kgx.foaf.tv/id/graphphotoscwlibraryp00f931d1c3efce6289	predicate-645.ibk5.lgi2	predicate-645.ibk5.gbi1	002c000000687474..002c000000687474	0032000000687474..0032000000687474	0
646	https://schema.org/width	predicate-646.ibk5	4	534	371f773da6df6051623649531f532f1fa88181a693856d2b8bdc20757cc86048	predicate-646.ibk5.merkle	1	https://kgx.foaf.tv/id/graphphotoscwlibraryp00f931d1c3efce6289	predicate-646.ibk5.lgi2	predicate-646.ibk5.gbi1	002c000000687474..002c000000687474	0204000000313933..0204000000323537	0
647	https://kgx.foaf.tv/vocab#role	predicate-647.ibk5	15	1923	55e37f4e63f4440aa40a42bba65fc23b06f80cc939ed2a246ebc04e22414c694	predicate-647.ibk5.merkle	1	https://kgx.foaf.tv/id/graphphotoscwlibraryp00f931d1c3efce6289	predicate-647.ibk5.lgi2	predicate-647.ibk5.gbi1	0034000000687474..0034000000687474	0203000000736b79..023b000000626163	0
648	https://kgx.foaf.tv/vocab#thing	predicate-648.ibk5	8	1058	aa6c528873d682fd331829d27561c7c554a605e0ef54d68c137d657d8c3232a8	predicate-648.ibk5.merkle	1	https://kgx.foaf.tv/id/graphphotoscwlibraryp00f931d1c3efce6289	predicate-648.ibk5.lgi2	predicate-648.ibk5.gbi1	0034000000687474..0034000000687474	0023000000687474..0025000000687474	0
649	http://purl.org/dc/terms/description	predicate-649.ibk5	340	82276	815bd5283072b16ac186c487de1292f6b48ecb8458081a5af655e47ed26942a0	predicate-649.ibk5.merkle	1	https://kgx.foaf.tv/id/graphpipelinep00a9fafe8f43c5a84e	predicate-649.ibk5.lgi2	predicate-649.ibk5.gbi1	001d000000687474..0026000000687474	020101000072756e..02fc000000526561	0
650	http://purl.org/dc/terms/license	predicate-650.ibk5	282	24247	d7ec71292bda427ed6755f6a8382a97ea90fa8cbb39a1caa41f9c5ccd031813d	predicate-650.ibk5.merkle	1	https://kgx.foaf.tv/id/graphpipelinep00a9fafe8f43c5a84e	predicate-650.ibk5.lgi2	predicate-650.ibk5.gbi1	001d000000687474..0026000000687474	0207000000434330..02ff000000736974	0
651	http://purl.org/dc/terms/title	predicate-651.ibk5	282	57881	ea623105b4e2ee121b1e63e2c380185bc4422b85ba4cd3ae641b9c28e6cfb0ff	predicate-651.ibk5.merkle	1	https://kgx.foaf.tv/id/graphpipelinep00a9fafe8f43c5a84e	predicate-651.ibk5.lgi2	predicate-651.ibk5.gbi1	001d000000687474..0026000000687474	020a010000707562..02a70000004c6f6e	0
652	http://www.w3.org/1999/02/22-rdf-syntax-ns#type	predicate-652.ibk5	593	24374	2f228503409583d59ff5e77f6b2d570c0c664eb53e1262ec9c8dd72edccf0ff4	predicate-652.ibk5.merkle	1	https://kgx.foaf.tv/id/graphpipelinep00a9fafe8f43c5a84e	predicate-652.ibk5.lgi2	predicate-652.ibk5.gbi1	001d000000687474..0026000000687474	0020000000687474..0022000000687474	0
653	http://www.w3.org/ns/dcat#accessURL	predicate-653.ibk5	285	49260	dd788a1d843696610b47ab7277b119cee61918aa20f8fb389b4aac35ed344879	predicate-653.ibk5.merkle	1	https://kgx.foaf.tv/id/graphpipelinep00a9fafe8f43c5a84e	predicate-653.ibk5.lgi2	predicate-653.ibk5.gbi1	001d000000687474..0026000000687474	021500000074776f..02f0000000687474	0
654	http://www.w3.org/ns/dcat#landingPage	predicate-654.ibk5	264	48660	e807c7cd093ca7e2c585590f5eb0762c167b202eacba8f47cf3a2b1811494119	predicate-654.ibk5.merkle	1	https://kgx.foaf.tv/id/graphpipelinep00a9fafe8f43c5a84e	predicate-654.ibk5.lgi2	predicate-654.ibk5.gbi1	001d000000687474..0026000000687474	0215000000687474..0277000000687474	0
655	https://kgx.foaf.tv/pipeline#attribution	predicate-655.ibk5	241	27308	eb4dc458df0ba9a9e438514a41ce5771d6fd3bbae065382843bc36baa263bbab	predicate-655.ibk5.merkle	1	https://kgx.foaf.tv/id/graphpipelinep00a9fafe8f43c5a84e	predicate-655.ibk5.lgi2	predicate-655.ibk5.gbi1	001d000000687474..0026000000687474	0214000000536f75..02eb000000436f6e	0
656	http://www.w3.org/2000/01/rdf-schema#label	predicate-656.ibk5	29	3674	a7c5a0f18602454fd0af666089439e748cc2d73598d56a3ed6933dec4b8d21f4	predicate-656.ibk5.merkle	1	https://kgx.foaf.tv/id/graphpipelinep00a9fafe8f43c5a84e	predicate-656.ibk5.lgi2	predicate-656.ibk5.gbi1	0022000000687474..0025000000687474	020800000066696e..0230000000506978	0
657	http://www.w3.org/ns/prov#generated	predicate-657.ibk5	95	10909	17399a5bdc658022c9f8a75731f9df7199a5ad3daf6db75815957df1bd721e91	predicate-657.ibk5.merkle	1	https://kgx.foaf.tv/id/graphpipelinep00a9fafe8f43c5a84e	predicate-657.ibk5.lgi2	predicate-657.ibk5.gbi1	0022000000687474..0025000000687474	0026000000687474..008e000000687474	0
658	http://www.w3.org/ns/prov#used	predicate-658.ibk5	183	15609	8eebb64270dd15d699614f95e2db168c2827ed6d80e20e4bf825a216f54b7d2d	predicate-658.ibk5.merkle	1	https://kgx.foaf.tv/id/graphpipelinep00a9fafe8f43c5a84e	predicate-658.ibk5.lgi2	predicate-658.ibk5.gbi1	0022000000687474..0025000000687474	001d000000687474..0098000000687474	0
659	https://kgx.foaf.tv/pipeline#after	predicate-659.ibk5	50	3419	db54ed7a17350a4cb7cbdce414b30d10dfa2c5405bec0324b24148446969495e	predicate-659.ibk5.merkle	1	https://kgx.foaf.tv/id/graphpipelinep00a9fafe8f43c5a84e	predicate-659.ibk5.lgi2	predicate-659.ibk5.gbi1	0022000000687474..0025000000687474	0022000000687474..0031000000687474	0
660	https://kgx.foaf.tv/pipeline#area	predicate-660.ibk5	29	2688	9caec1d885ad14f304391076ce5b3621cbb0783dce3adcab5904f90247438199	predicate-660.ibk5.merkle	1	https://kgx.foaf.tv/id/graphpipelinep00a9fafe8f43c5a84e	predicate-660.ibk5.lgi2	predicate-660.ibk5.gbi1	0022000000687474..0025000000687474	0203000000637767..020a000000737472	0
661	https://kgx.foaf.tv/pipeline#command	predicate-661.ibk5	28	5571	e5f284011d34546250a6a3610fd4f1f3cdd2bd6227a02c0747d6b519f5a74d9d	predicate-661.ibk5.merkle	1	https://kgx.foaf.tv/id/graphpipelinep00a9fafe8f43c5a84e	predicate-661.ibk5.lgi2	predicate-661.ibk5.gbi1	0022000000687474..0025000000687474	021f000000626173..02dd0000004e4f44	0
662	https://kgx.foaf.tv/pipeline#deterministic	predicate-662.ibk5	28	1974	1d8afa093e296fe94cd8dc85b96b537dd5b54cab301e9008ee822fc4f72065b8	predicate-662.ibk5.merkle	1	https://kgx.foaf.tv/id/graphpipelinep00a9fafe8f43c5a84e	predicate-662.ibk5.lgi2	predicate-662.ibk5.gbi1	0022000000687474..0025000000687474	0204000000747275..020500000066616c	0
663	https://kgx.foaf.tv/pipeline#fault	predicate-663.ibk5	12	1200	45475ad2a93e29f766c72a721a1e6ca93c93bf1b7378c797b77e3949abfe5b53	predicate-663.ibk5.merkle	1	https://kgx.foaf.tv/id/graphpipelinep00a9fafe8f43c5a84e	predicate-663.ibk5.lgi2	predicate-663.ibk5.gbi1	0022000000687474..0025000000687474	0202000000463527..0203000000463330	0
664	https://kgx.foaf.tv/pipeline#judgement	predicate-664.ibk5	12	4539	d9645e05045c83abafaa6fd2d0baeece695ffe1d0f26ce1648cfe1fdde0ac41f	predicate-664.ibk5.merkle	1	https://kgx.foaf.tv/id/graphpipelinep00a9fafe8f43c5a84e	predicate-664.ibk5.lgi2	predicate-664.ibk5.gbi1	0022000000687474..0025000000687474	0216010000536f75..02be000000546865	0
665	https://kgx.foaf.tv/pipeline#kind	predicate-665.ibk5	29	2353	87eadaaeaf42c4f3b86b5525cdfd8910faaabb2b0be9465d74d3232eabeca89a	predicate-665.ibk5.merkle	1	https://kgx.foaf.tv/id/graphpipelinep00a9fafe8f43c5a84e	predicate-665.ibk5.lgi2	predicate-665.ibk5.gbi1	0022000000687474..0025000000687474	0204000000636c69..0209000000747261	0
666	https://kgx.foaf.tv/pipeline#network	predicate-666.ibk5	28	1968	8cea158b71bf8b7d512963942801190fb706beaad94b33303d1a4a0bbd883c77	predicate-666.ibk5.merkle	1	https://kgx.foaf.tv/id/graphpipelinep00a9fafe8f43c5a84e	predicate-666.ibk5.lgi2	predicate-666.ibk5.gbi1	0022000000687474..0025000000687474	0204000000747275..020500000066616c	0
667	https://kgx.foaf.tv/pipeline#rule	predicate-667.ibk5	161	42094	98b6494f4cc9061582cdadeb46439825d49070fb505eaee025dbb383c6a22b34	predicate-667.ibk5.merkle	1	https://kgx.foaf.tv/id/graphpipelinep00a9fafe8f43c5a84e	predicate-667.ibk5.lgi2	predicate-667.ibk5.gbi1	0022000000687474..0025000000687474	0201010000436f6e..02fd010000546964	0
668	https://kgx.foaf.tv/pipeline#tool	predicate-668.ibk5	28	3999	0a36c555ed19d2259b79f24e8598cb37e1908db3a5b56989f888d203e6253d17	predicate-668.ibk5.merkle	1	https://kgx.foaf.tv/id/graphpipelinep00a9fafe8f43c5a84e	predicate-668.ibk5.lgi2	predicate-668.ibk5.gbi1	0022000000687474..0025000000687474	0045000000687474..005e000000687474	0
669	https://kgx.foaf.tv/pipeline#by	predicate-669.ibk5	1	265	7d1e53afc86576301893b4e9373054c76f2e96403931c7c371b6ca028a152c16	predicate-669.ibk5.merkle	1	https://kgx.foaf.tv/id/graphpipelinep00a9fafe8f43c5a84e	predicate-669.ibk5.lgi2	predicate-669.ibk5.gbi1	0025000000687474..0025000000687474	020400000068616e..020400000068616e	0
670	https://kgx.foaf.tv/pipeline#date	predicate-670.ibk5	1	273	1370b2835e1e90c37fced118d45b66c04a7d829bc238e1c53d8892b9ccca5253	predicate-670.ibk5.merkle	1	https://kgx.foaf.tv/id/graphpipelinep00a9fafe8f43c5a84e	predicate-670.ibk5.lgi2	predicate-670.ibk5.gbi1	0025000000687474..0025000000687474	020a000000323032..020a000000323032	0
671	https://kgx.foaf.tv/pipeline#decisionsRecordedIn	predicate-671.ibk5	2	405	8fa29536eca96a1680b07e7a9fa12eda65a7a74fc00aea780a69f663e3410b00	predicate-671.ibk5.merkle	1	https://kgx.foaf.tv/id/graphpipelinep00a9fafe8f43c5a84e	predicate-671.ibk5.lgi2	predicate-671.ibk5.gbi1	0025000000687474..0025000000687474	0219000000646f63..0221000000646f63	0
672	https://kgx.foaf.tv/pipeline#gap	predicate-672.ibk5	1	327	2e076f64d28b4b6d74aee16fb1f21b49db97ef0770e8490a3b34c4c9ce42715c	predicate-672.ibk5.merkle	1	https://kgx.foaf.tv/id/graphpipelinep00a9fafe8f43c5a84e	predicate-672.ibk5.lgi2	predicate-672.ibk5.gbi1	0025000000687474..0025000000687474	0241000000546865..0241000000546865	0
673	http://purl.org/dc/terms/license	predicate-673.ibk5	66	9962	94d06c50f9b7afb9e3a6d5754f5e0e6afa06eb5303f145eb14a7836206c1774c	predicate-673.ibk5.merkle	1	https://kgx.foaf.tv/id/graphpipelinep018fbe5a8016ec101c	predicate-673.ibk5.lgi2	predicate-673.ibk5.gbi1	0026000000687474..002d000000687474	0207000000434330..02cf000000706572	0
674	http://purl.org/dc/terms/title	predicate-674.ibk5	66	14645	381db1e1cb5acca35bf4eb5977fb419ddf57ca069f76d61437763abeb0215a10	predicate-674.ibk5.merkle	1	https://kgx.foaf.tv/id/graphpipelinep018fbe5a8016ec101c	predicate-674.ibk5.lgi2	predicate-674.ibk5.gbi1	0026000000687474..002d000000687474	02170000004f5320..02e000000076656e	0
675	http://www.w3.org/1999/02/22-rdf-syntax-ns#type	predicate-675.ibk5	215	11436	bf2c1bdc058bc43fb08cd525c632e618c6b94b8462e272e6b897be31a74452db	predicate-675.ibk5.merkle	1	https://kgx.foaf.tv/id/graphpipelinep018fbe5a8016ec101c	predicate-675.ibk5.lgi2	predicate-675.ibk5.gbi1	0026000000687474..002d000000687474	0020000000687474..0022000000687474	0
676	http://www.w3.org/ns/dcat#landingPage	predicate-676.ibk5	54	9517	78f981b280a8bf288a1c9f47e4947beea9d5ce065de3222315a4b887d665fa91	predicate-676.ibk5.merkle	1	https://kgx.foaf.tv/id/graphpipelinep018fbe5a8016ec101c	predicate-676.ibk5.lgi2	predicate-676.ibk5.gbi1	0026000000687474..002d000000687474	0216000000687474..02c3000000687474	0
677	https://kgx.foaf.tv/pipeline#attribution	predicate-677.ibk5	37	6578	ae3433bb17c7db31ba0304390fc74b503c9cd868628ebce1471325bbfe2fced9	predicate-677.ibk5.merkle	1	https://kgx.foaf.tv/id/graphpipelinep018fbe5a8016ec101c	predicate-677.ibk5.lgi2	predicate-677.ibk5.gbi1	0026000000687474..002d000000687474	0218000000506f77..02af000000436f6e	0
678	http://purl.org/dc/terms/description	predicate-678.ibk5	151	45830	8e50bd896cf66b557715989b01f066e39e5b27dcca28c66062c235c2526988e4	predicate-678.ibk5.merkle	1	https://kgx.foaf.tv/id/graphpipelinep018fbe5a8016ec101c	predicate-678.ibk5.lgi2	predicate-678.ibk5.gbi1	0026000000687474..002d000000687474	0200010000446f77..02fe0000004c6f61	0
679	http://www.w3.org/ns/dcat#accessURL	predicate-679.ibk5	67	13639	c9a45bc394654dff3a2ca627ea4495471af5261015c6c19c76b64553219f1ff2	predicate-679.ibk5.merkle	1	https://kgx.foaf.tv/id/graphpipelinep018fbe5a8016ec101c	predicate-679.ibk5.lgi2	predicate-679.ibk5.gbi1	0026000000687474..002d000000687474	021f000000687474..02f8000000687474	0
680	http://www.w3.org/2000/01/rdf-schema#label	predicate-680.ibk5	83	11337	1b7d5dec9e8a38e7c4e94025eaf6f58a419f5236c43d13b451f0dec6b4eab8eb	predicate-680.ibk5.merkle	1	https://kgx.foaf.tv/id/graphpipelinep018fbe5a8016ec101c	predicate-680.ibk5.lgi2	predicate-680.ibk5.gbi1	0026000000687474..002d000000687474	020c000000627569..02480000004f7065	0
681	http://www.w3.org/ns/prov#used	predicate-681.ibk5	645	46664	adefef465e7504d74f51ff5c0df3df7c8227f30d3568703a654e1683899b471b	predicate-681.ibk5.merkle	1	https://kgx.foaf.tv/id/graphpipelinep018fbe5a8016ec101c	predicate-681.ibk5.lgi2	predicate-681.ibk5.gbi1	0026000000687474..002d000000687474	001d000000687474..0075000000687474	0
682	https://kgx.foaf.tv/pipeline#after	predicate-682.ibk5	114	6075	97e1ca5b2cca68648559b3989809918d4c0a6dd32ad6006d25bd6d6ad6eb892c	predicate-682.ibk5.merkle	1	https://kgx.foaf.tv/id/graphpipelinep018fbe5a8016ec101c	predicate-682.ibk5.lgi2	predicate-682.ibk5.gbi1	0026000000687474..002d000000687474	0023000000687474..0031000000687474	0
683	https://kgx.foaf.tv/pipeline#area	predicate-683.ibk5	83	6666	c2cb705fbb537e019403c0464ad8f8aece6f456ec5ef9e631540b33dc8e19ee5	predicate-683.ibk5.merkle	1	https://kgx.foaf.tv/id/graphpipelinep018fbe5a8016ec101c	predicate-683.ibk5.lgi2	predicate-683.ibk5.gbi1	0026000000687474..002d000000687474	0203000000736b79..020b000000756e64	0
684	https://kgx.foaf.tv/pipeline#command	predicate-684.ibk5	72	13343	7326cc4ccf82604f54bb3c1d45a609aa0d24dfcb0987b0a7cc551fa26864834b	predicate-684.ibk5.merkle	1	https://kgx.foaf.tv/id/graphpipelinep018fbe5a8016ec101c	predicate-684.ibk5.lgi2	predicate-684.ibk5.gbi1	0026000000687474..002d000000687474	02230000006e6f64..02c90000006e6f64	0
685	https://kgx.foaf.tv/pipeline#deterministic	predicate-685.ibk5	72	4985	6749e2e031f18ff58c24b7c0af1e0f3dcacd30d69803f1273939c05f3044aaa1	predicate-685.ibk5.merkle	1	https://kgx.foaf.tv/id/graphpipelinep018fbe5a8016ec101c	predicate-685.ibk5.lgi2	predicate-685.ibk5.gbi1	0026000000687474..002d000000687474	0204000000747275..020500000066616c	0
686	https://kgx.foaf.tv/pipeline#kind	predicate-686.ibk5	83	6189	c596f44e04089df95f304987c0a1488e6930d60b0272e4e83d386d78dea82956	predicate-686.ibk5.merkle	1	https://kgx.foaf.tv/id/graphpipelinep018fbe5a8016ec101c	predicate-686.ibk5.lgi2	predicate-686.ibk5.gbi1	0026000000687474..002d000000687474	0204000000636c69..020600000072656e	0
687	https://kgx.foaf.tv/pipeline#network	predicate-687.ibk5	72	4979	eba585fcce01eb37e73920a21e7f687ac689ec83bfd3eed7fcc1dd5e16358ad7	predicate-687.ibk5.merkle	1	https://kgx.foaf.tv/id/graphpipelinep018fbe5a8016ec101c	predicate-687.ibk5.lgi2	predicate-687.ibk5.gbi1	0026000000687474..002d000000687474	0204000000747275..020500000066616c	0
688	https://kgx.foaf.tv/pipeline#rule	predicate-688.ibk5	412	95393	527a03b1ab87d852352bb9a8d349fd86a69ba1a28ebec531ed790e0a506d49b9	predicate-688.ibk5.merkle	1	https://kgx.foaf.tv/id/graphpipelinep018fbe5a8016ec101c	predicate-688.ibk5.lgi2	predicate-688.ibk5.gbi1	0026000000687474..002d000000687474	0203010000656475..02fd0000004b6579	0
689	https://kgx.foaf.tv/pipeline#tool	predicate-689.ibk5	72	10366	7c71187740836dc3df1aaf8699ad36f5b806d2da46fe0f4da80565ed632b69df	predicate-689.ibk5.merkle	1	https://kgx.foaf.tv/id/graphpipelinep018fbe5a8016ec101c	predicate-689.ibk5.lgi2	predicate-689.ibk5.gbi1	0026000000687474..002d000000687474	0046000000687474..0068000000687474	0
690	http://www.w3.org/ns/prov#generated	predicate-690.ibk5	519	77665	95e483007d94eab4bb75d405afe41d95e01feb326e6c58597eea79df56e64bca	predicate-690.ibk5.merkle	1	https://kgx.foaf.tv/id/graphpipelinep018fbe5a8016ec101c	predicate-690.ibk5.lgi2	predicate-690.ibk5.gbi1	0026000000687474..002d000000687474	001d000000687474..00ce000000687474	0
691	https://kgx.foaf.tv/pipeline#fault	predicate-691.ibk5	63	3863	5865a20219e3a3bfdf02025b17fdcc932d29a2f254f7e277c45ffc11ef921de5	predicate-691.ibk5.merkle	1	https://kgx.foaf.tv/id/graphpipelinep018fbe5a8016ec101c	predicate-691.ibk5.lgi2	predicate-691.ibk5.gbi1	0026000000687474..002b000000687474	0202000000463127..0203000000463435	0
692	https://kgx.foaf.tv/pipeline#judgement	predicate-692.ibk5	22	6986	89a5162e9fccca7fdf6fe18742d4311693c21fead74e4d366a5abe1b6d20dcec	predicate-692.ibk5.merkle	1	https://kgx.foaf.tv/id/graphpipelinep018fbe5a8016ec101c	predicate-692.ibk5.lgi2	predicate-692.ibk5.gbi1	0026000000687474..002b000000687474	021a010000546865..02cd010000546865	0
693	https://kgx.foaf.tv/pipeline#by	predicate-693.ibk5	11	1576	eb932accb83f77d8fd4669fab0aad4c6cf393ed8f51c817af4371071c4610e1c	predicate-693.ibk5.merkle	1	https://kgx.foaf.tv/id/graphpipelinep018fbe5a8016ec101c	predicate-693.ibk5.lgi2	predicate-693.ibk5.gbi1	0026000000687474..002c000000687474	020400000068616e..026500000068616e	0
694	https://kgx.foaf.tv/pipeline#date	predicate-694.ibk5	11	1119	90c3ba33a10186fd532a919ba32852fd100ceb059c782a20035c41e623b38f7f	predicate-694.ibk5.merkle	1	https://kgx.foaf.tv/id/graphpipelinep018fbe5a8016ec101c	predicate-694.ibk5.lgi2	predicate-694.ibk5.gbi1	0026000000687474..002c000000687474	020a000000323032..020d000000323032	0
695	https://kgx.foaf.tv/pipeline#decisionsRecordedIn	predicate-695.ibk5	20	2721	2e60682e27240988e13dcbe7f0e81f84d0e2b2f2b80d743fee6ab224b188bd67	predicate-695.ibk5.merkle	1	https://kgx.foaf.tv/id/graphpipelinep018fbe5a8016ec101c	predicate-695.ibk5.lgi2	predicate-695.ibk5.gbi1	0027000000687474..002c000000687474	020d000000706970..024a000000666565	0
696	https://kgx.foaf.tv/pipeline#gap	predicate-696.ibk5	3	815	f167096eaa724f8e704f298e0274fea56e1145523e875c764ddd15c54530751b	predicate-696.ibk5.merkle	1	https://kgx.foaf.tv/id/graphpipelinep018fbe5a8016ec101c	predicate-696.ibk5.lgi2	predicate-696.ibk5.gbi1	0029000000687474..002c000000687474	024f000000546865..028b000000546865	0
697	https://kgx.foaf.tv/vocab#contentAtBuild	predicate-697.ibk5	206	40666	ca73b798e6e984d24a9f51a86cfe905da17319cc29bac5347c15d1e3b392d45e	predicate-697.ibk5.merkle	1	https://kgx.foaf.tv/id/graphpipelinep028694021bf06c139e	predicate-697.ibk5.lgi2	predicate-697.ibk5.gbi1	003b000000687474..0051000000687474	005d000000687474..005d000000687474	0
698	http://purl.org/dc/terms/title	predicate-698.ibk5	279	69600	2d109915dc5ba9b7303e67df5238d6b8dde775754a3c0e76adfc3e28ffffc4a9	predicate-698.ibk5.merkle	1	https://kgx.foaf.tv/id/graphpipelinep028694021bf06c139e	predicate-698.ibk5.lgi2	predicate-698.ibk5.gbi1	002f000000687474..0051000000687474	0204010000636f64..02f600000038312c	0
699	http://www.w3.org/1999/02/22-rdf-syntax-ns#type	predicate-699.ibk5	577	31922	764eab7f5e4159d2d98d7dc70a6c1254ed0d166a04a3b6e688e3f32c1c25c93c	predicate-699.ibk5.merkle	1	https://kgx.foaf.tv/id/graphpipelinep028694021bf06c139e	predicate-699.ibk5.lgi2	predicate-699.ibk5.gbi1	002d000000687474..0051000000687474	0020000000687474..0026000000687474	0
700	http://www.w3.org/ns/prov#wasDerivedFrom	predicate-700.ibk5	501	32129	2af1315af4246122c5d3a3e6d711c86f1dec89438fc88568bf7d55a421758b1c	predicate-700.ibk5.merkle	1	https://kgx.foaf.tv/id/graphpipelinep028694021bf06c139e	predicate-700.ibk5.lgi2	predicate-700.ibk5.gbi1	003b000000687474..0051000000687474	001d000000687474..0058000000687474	0
701	http://www.w3.org/ns/prov#wasGeneratedBy	predicate-701.ibk5	87	10670	24710b93e9c67e75dfb0c2c15b03607127c69cb25e88cd5a98b75c8795c96606	predicate-701.ibk5.merkle	1	https://kgx.foaf.tv/id/graphpipelinep028694021bf06c139e	predicate-701.ibk5.lgi2	predicate-701.ibk5.gbi1	003d000000687474..0051000000687474	0022000000687474..0031000000687474	0
702	https://kgx.foaf.tv/pipeline#osmUse	predicate-702.ibk5	141	14419	1def0dab8c612198ad014c5f304281f7040d0d2a0e74995628e93588349bebb8	predicate-702.ibk5.merkle	1	https://kgx.foaf.tv/id/graphpipelinep028694021bf06c139e	predicate-702.ibk5.lgi2	predicate-702.ibk5.gbi1	003b000000687474..0051000000687474	0203000000696473..0207000000646572	0
703	https://kgx.foaf.tv/pipeline#review	predicate-703.ibk5	19	6240	1a83e1719cbc9b3b395b4490aee0503651ae280c72276b3abe8963d443ca2bb3	predicate-703.ibk5.merkle	1	https://kgx.foaf.tv/id/graphpipelinep028694021bf06c139e	predicate-703.ibk5.lgi2	predicate-703.ibk5.gbi1	0044000000687474..0051000000687474	0217000000617320..02df010000414953	0
704	https://kgx.foaf.tv/pipeline#pathPattern	predicate-704.ibk5	46	6760	6d5d5ca0db957caeca2a0920055b8d914b2921d605d5979c33253d4361361c56	predicate-704.ibk5.merkle	1	https://kgx.foaf.tv/id/graphpipelinep028694021bf06c139e	predicate-704.ibk5.lgi2	predicate-704.ibk5.gbi1	0030000000687474..0030000000687474	02080000003c696e..027f000000646174	0
705	http://purl.org/dc/terms/license	predicate-705.ibk5	138	12067	08d6cc72940a82148a487e274474f9332d8f2e3f30dd01f3e80180ae7e86d5bc	predicate-705.ibk5.merkle	1	https://kgx.foaf.tv/id/graphpipelinep028694021bf06c139e	predicate-705.ibk5.lgi2	predicate-705.ibk5.gbi1	002f000000687474..004f000000687474	02080000004f474c..02a70000004f474c	0
706	http://www.w3.org/ns/dcat#landingPage	predicate-706.ibk5	137	19668	4c23b1a95cb0fa5940784220d34cf997a5936ae9378f8b6f1ffdc31fb24c218c	predicate-706.ibk5.merkle	1	https://kgx.foaf.tv/id/graphpipelinep028694021bf06c139e	predicate-706.ibk5.lgi2	predicate-706.ibk5.gbi1	002f000000687474..004f000000687474	0214000000687474..027f000000687474	0
707	https://kgx.foaf.tv/pipeline#attribution	predicate-707.ibk5	135	13176	fdb5a3abe8638c08917561051e586d267c44e0f461585ff4ddce08dd9e83950d	predicate-707.ibk5.merkle	1	https://kgx.foaf.tv/id/graphpipelinep028694021bf06c139e	predicate-707.ibk5.lgi2	predicate-707.ibk5.gbi1	002f000000687474..004f000000687474	021e000000436f6e..0293000000536f75	0
708	http://purl.org/dc/terms/description	predicate-708.ibk5	155	30746	aa062868784b1ea6b3d27848142531273f2e412b1ea67a042ff3b26e0cd3f41b	predicate-708.ibk5.merkle	1	https://kgx.foaf.tv/id/graphpipelinep028694021bf06c139e	predicate-708.ibk5.lgi2	predicate-708.ibk5.gbi1	002d000000687474..004f000000687474	021502000057616c..02f30000006f6e65	0
709	http://www.w3.org/ns/dcat#accessURL	predicate-709.ibk5	135	25183	c07d37ab8ad45f0fd606c7a19c3fcba01f574c57601a564fe3aab333ef896431	predicate-709.ibk5.merkle	1	https://kgx.foaf.tv/id/graphpipelinep028694021bf06c139e	predicate-709.ibk5.lgi2	predicate-709.ibk5.gbi1	002f000000687474..004f000000687474	020c010000687474..02f8000000687474	0
710	http://www.w3.org/2000/01/rdf-schema#label	predicate-710.ibk5	19	2958	6b3823a41d844b2667c2e392c09732acaa60704ddf633e18fa34535c20ce07c9	predicate-710.ibk5.merkle	1	https://kgx.foaf.tv/id/graphpipelinep028694021bf06c139e	predicate-710.ibk5.lgi2	predicate-710.ibk5.gbi1	002d000000687474..0033000000687474	0214000000666163..023e00000043726f	0
711	http://www.w3.org/ns/prov#generated	predicate-711.ibk5	81	11066	6c4fc1f0dd3d4738eb5ffbcd7006a3fd0565f9a47bf61435c5b1cf611d14c826	predicate-711.ibk5.merkle	1	https://kgx.foaf.tv/id/graphpipelinep028694021bf06c139e	predicate-711.ibk5.lgi2	predicate-711.ibk5.gbi1	002d000000687474..0033000000687474	001d000000687474..009b000000687474	0
712	http://www.w3.org/ns/prov#used	predicate-712.ibk5	114	9491	9b46047df7966c0bb87ae609b3e4d2e768686f6f379738a123346ed591252c5e	predicate-712.ibk5.merkle	1	https://kgx.foaf.tv/id/graphpipelinep028694021bf06c139e	predicate-712.ibk5.lgi2	predicate-712.ibk5.gbi1	002d000000687474..0033000000687474	001d000000687474..0079000000687474	0
713	https://kgx.foaf.tv/pipeline#after	predicate-713.ibk5	12	1248	179c6c770f23cdcf67e73da49a26393188fe58f1cddd615189c0e50da2c25030	predicate-713.ibk5.merkle	1	https://kgx.foaf.tv/id/graphpipelinep028694021bf06c139e	predicate-713.ibk5.lgi2	predicate-713.ibk5.gbi1	002e000000687474..0031000000687474	0024000000687474..002f000000687474	0
714	https://kgx.foaf.tv/pipeline#area	predicate-714.ibk5	19	2323	82de8257a6ce9630be6e3fa01eecb7450a1d9aa7861a44939d2de6750b5b5655	predicate-714.ibk5.merkle	1	https://kgx.foaf.tv/id/graphpipelinep028694021bf06c139e	predicate-714.ibk5.lgi2	predicate-714.ibk5.gbi1	002d000000687474..0033000000687474	0205000000666565..020c000000636f6e	0
715	https://kgx.foaf.tv/pipeline#command	predicate-715.ibk5	16	3716	8fb93668cdcf47a99f0bf1477444579e66770f6a03c0cdf92461c5d6ccbe7ebe	predicate-715.ibk5.merkle	1	https://kgx.foaf.tv/id/graphpipelinep028694021bf06c139e	predicate-715.ibk5.lgi2	predicate-715.ibk5.gbi1	002d000000687474..0033000000687474	022c0000006e6f64..02e00100004e4f44	0
716	https://kgx.foaf.tv/pipeline#deterministic	predicate-716.ibk5	16	1428	e14a4fc6af2793a4e04999ce28a3e02f57e61d916c5b2fe6172cda6f2bca4a1d	predicate-716.ibk5.merkle	1	https://kgx.foaf.tv/id/graphpipelinep028694021bf06c139e	predicate-716.ibk5.lgi2	predicate-716.ibk5.gbi1	002d000000687474..0033000000687474	0204000000747275..020500000066616c	0
717	https://kgx.foaf.tv/pipeline#kind	predicate-717.ibk5	19	1797	4b23b7650b5f075fef1003d5fbb2c3ccbb7ab72de930e0105c40bca9283a8ece	predicate-717.ibk5.merkle	1	https://kgx.foaf.tv/id/graphpipelinep028694021bf06c139e	predicate-717.ibk5.lgi2	predicate-717.ibk5.gbi1	002d000000687474..0033000000687474	020400000068616e..0206000000657870	0
718	https://kgx.foaf.tv/pipeline#network	predicate-718.ibk5	16	1422	e735f6f8c375adb776f5da1567226be0b2827cf4f9661b559d1cffa5b1b288a3	predicate-718.ibk5.merkle	1	https://kgx.foaf.tv/id/graphpipelinep028694021bf06c139e	predicate-718.ibk5.lgi2	predicate-718.ibk5.gbi1	002d000000687474..0033000000687474	0204000000747275..020500000066616c	0
719	https://kgx.foaf.tv/pipeline#rule	predicate-719.ibk5	88	25215	de4d4bf4e15e6489b8a4b34ca1aff8f2bf26dec9b990dda04b5d4fc491ce254f	predicate-719.ibk5.merkle	1	https://kgx.foaf.tv/id/graphpipelinep028694021bf06c139e	predicate-719.ibk5.lgi2	predicate-719.ibk5.gbi1	002d000000687474..0033000000687474	0208010000466f6f..02fb020000417265	0
720	https://kgx.foaf.tv/pipeline#tool	predicate-720.ibk5	16	2438	01593b2b4241ca3bae4a653416d775cbea59c78eed213631d550b6f37051cca4	predicate-720.ibk5.merkle	1	https://kgx.foaf.tv/id/graphpipelinep028694021bf06c139e	predicate-720.ibk5.lgi2	predicate-720.ibk5.gbi1	002d000000687474..0033000000687474	0048000000687474..005c000000687474	0
721	https://kgx.foaf.tv/pipeline#fault	predicate-721.ibk5	12	1070	e70dc0b4b0e2df3395875da821e248da24663066406f4f75f4cc9aebb077214f	predicate-721.ibk5.merkle	1	https://kgx.foaf.tv/id/graphpipelinep028694021bf06c139e	predicate-721.ibk5.lgi2	predicate-721.ibk5.gbi1	002e000000687474..0031000000687474	0203000000463232..0203000000463335	0
722	https://kgx.foaf.tv/pipeline#judgement	predicate-722.ibk5	5	2089	a9125569e48d0090e6eea6fec6cead9cece2bc1604376af835bd830b2094443d	predicate-722.ibk5.merkle	1	https://kgx.foaf.tv/id/graphpipelinep028694021bf06c139e	predicate-722.ibk5.lgi2	predicate-722.ibk5.gbi1	002d000000687474..0031000000687474	0226010000546865..02ca020000546865	0
723	https://kgx.foaf.tv/pipeline#by	predicate-723.ibk5	3	564	f0059300c4ed31930053f12a316727bdb49038e23b1630263fe23d9fb2e3caad	predicate-723.ibk5.merkle	1	https://kgx.foaf.tv/id/graphpipelinep028694021bf06c139e	predicate-723.ibk5.lgi2	predicate-723.ibk5.gbi1	002d000000687474..0031000000687474	020400000068616e..021b00000068616e	0
724	https://kgx.foaf.tv/pipeline#date	predicate-724.ibk5	3	548	550da42dd55d7a5d9e09b5abbe6340262a7c6c8609b76ababe134750bf63bbfe	predicate-724.ibk5.merkle	1	https://kgx.foaf.tv/id/graphpipelinep028694021bf06c139e	predicate-724.ibk5.lgi2	predicate-724.ibk5.gbi1	002d000000687474..0031000000687474	020a000000323032..020d000000323032	0
725	https://kgx.foaf.tv/pipeline#decisionsRecordedIn	predicate-725.ibk5	4	809	65ce95b4b9761e31cb7da8a130305c076fc97b99ffe80b63f5e2ea304899bf8a	predicate-725.ibk5.merkle	1	https://kgx.foaf.tv/id/graphpipelinep028694021bf06c139e	predicate-725.ibk5.lgi2	predicate-725.ibk5.gbi1	002d000000687474..0031000000687474	0221000000666565..0255000000726567	0
726	https://kgx.foaf.tv/pipeline#gap	predicate-726.ibk5	2	631	ab6e721ec9e9388313bb6806342f83764246701f0af5f62b1fa7a75e90a5a3f4	predicate-726.ibk5.merkle	1	https://kgx.foaf.tv/id/graphpipelinep028694021bf06c139e	predicate-726.ibk5.lgi2	predicate-726.ibk5.gbi1	002f000000687474..0031000000687474	023e000000546865..02ae000000546865	0
727	http://purl.org/dc/terms/title	predicate-727.ibk5	173	53379	40033fc13f4f9ded7e9bb1cf8adf94bdc307f8db56da2f44b4d6f5e3f5b050e4	predicate-727.ibk5.merkle	1	https://kgx.foaf.tv/id/graphpipelinep03ac097232d9e2d14c	predicate-727.ibk5.lgi2	predicate-727.ibk5.gbi1	0051000000687474..006b000000687474	02010100004d6574..02fa00000068616e	0
728	http://www.w3.org/1999/02/22-rdf-syntax-ns#type	predicate-728.ibk5	346	23709	f052acf74e2a17502654089815e54a27dfbd429911ba03d7ae2eaad57591aec5	predicate-728.ibk5.merkle	1	https://kgx.foaf.tv/id/graphpipelinep03ac097232d9e2d14c	predicate-728.ibk5.lgi2	predicate-728.ibk5.gbi1	0051000000687474..006b000000687474	0020000000687474..0026000000687474	0
729	http://www.w3.org/ns/prov#wasDerivedFrom	predicate-729.ibk5	354	28330	101bebd7c6f79041d493bb6be473b8fe126d0700a4cea79930195e2d1b102859	predicate-729.ibk5.merkle	1	https://kgx.foaf.tv/id/graphpipelinep03ac097232d9e2d14c	predicate-729.ibk5.lgi2	predicate-729.ibk5.gbi1	0051000000687474..006b000000687474	001d000000687474..003a000000687474	0
730	https://kgx.foaf.tv/pipeline#osmUse	predicate-730.ibk5	172	20328	319a42d90cbef00c60224a58a4f2107c05360beae4a977c1d54adbca03d29d75	predicate-730.ibk5.merkle	1	https://kgx.foaf.tv/id/graphpipelinep03ac097232d9e2d14c	predicate-730.ibk5.lgi2	predicate-730.ibk5.gbi1	0051000000687474..006b000000687474	0203000000696473..0207000000646572	0
731	https://kgx.foaf.tv/vocab#contentAtBuild	predicate-731.ibk5	196	42001	61cadc7f48baad9f17ccb8f6022c84165280b3455c02fcf54ce608a6828a7f74	predicate-731.ibk5.merkle	1	https://kgx.foaf.tv/id/graphpipelinep03ac097232d9e2d14c	predicate-731.ibk5.lgi2	predicate-731.ibk5.gbi1	0051000000687474..006b000000687474	005d000000687474..005d000000687474	0
732	http://www.w3.org/ns/prov#wasGeneratedBy	predicate-732.ibk5	137	18764	75ff37f0bce029faa97ba22218fd6e2f70f62e5b1aee8810eab83b8fba862571	predicate-732.ibk5.merkle	1	https://kgx.foaf.tv/id/graphpipelinep03ac097232d9e2d14c	predicate-732.ibk5.lgi2	predicate-732.ibk5.gbi1	0051000000687474..006b000000687474	0022000000687474..0033000000687474	0
733	https://kgx.foaf.tv/pipeline#review	predicate-733.ibk5	31	6704	4fde41632246224abd3c30174db2241fc6d3f48e7fbb1595fb91187cb722fd72	predicate-733.ibk5.merkle	1	https://kgx.foaf.tv/id/graphpipelinep03ac097232d9e2d14c	predicate-733.ibk5.lgi2	predicate-733.ibk5.gbi1	0051000000687474..006b000000687474	023100000043656c..02ce000000666163	0
734	https://kgx.foaf.tv/vocab#bytes	predicate-734.ibk5	795	137875	862094b758f25f3a4318ca7f08c9c1b1e2b20a33016c96a29d19a2bcd9cf0647	predicate-734.ibk5.merkle	1	https://kgx.foaf.tv/id/graphpipelinep03ac097232d9e2d14c	predicate-734.ibk5.lgi2	predicate-734.ibk5.gbi1	005d000000687474..005d000000687474	0203000000323436..0208000000333830	0
735	https://kgx.foaf.tv/vocab#sha256	predicate-735.ibk5	795	183844	5e41f4ff5b3c66475c24c29b4ff00074b419417b72b1651348d32ab582f437ad	predicate-735.ibk5.merkle	1	https://kgx.foaf.tv/id/graphpipelinep03ac097232d9e2d14c	predicate-735.ibk5.lgi2	predicate-735.ibk5.gbi1	005d000000687474..005d000000687474	0240000000303031..0240000000666639	0
736	http://purl.org/dc/terms/description	predicate-736.ibk5	1	393	8c2a11f698ec56c9cf3ec65e4555af804e8157ebe95435f3f591e37061b8a129	predicate-736.ibk5.merkle	1	https://kgx.foaf.tv/id/graphpipelinep03ac097232d9e2d14c	predicate-736.ibk5.lgi2	predicate-736.ibk5.gbi1	0058000000687474..0058000000687474	024c000000646775..024c000000646775	0
737	http://purl.org/dc/terms/license	predicate-737.ibk5	1	341	dc99600ec9baaf07f0ba056698b5fabb82971e4e51eb5d1fce1b4a20bdb4defe	predicate-737.ibk5.merkle	1	https://kgx.foaf.tv/id/graphpipelinep03ac097232d9e2d14c	predicate-737.ibk5.lgi2	predicate-737.ibk5.gbi1	0058000000687474..0058000000687474	021c0000004f7065..021c0000004f7065	0
738	http://www.w3.org/ns/dcat#accessURL	predicate-738.ibk5	1	406	6b7a2f1bb7c3c7f6e685e5c0ac974c006d57b4aaf340bb921b27630b2a8d2efd	predicate-738.ibk5.merkle	1	https://kgx.foaf.tv/id/graphpipelinep03ac097232d9e2d14c	predicate-738.ibk5.lgi2	predicate-738.ibk5.gbi1	0058000000687474..0058000000687474	025a000000687474..025a000000687474	0
739	http://www.w3.org/ns/dcat#landingPage	predicate-739.ibk5	1	451	25c55d2f18321ad1e04819dc0934f4e91d63b5caa438363268a5f54387f674a3	predicate-739.ibk5.merkle	1	https://kgx.foaf.tv/id/graphpipelinep03ac097232d9e2d14c	predicate-739.ibk5.lgi2	predicate-739.ibk5.gbi1	0058000000687474..0058000000687474	0285000000687474..0285000000687474	0
740	https://kgx.foaf.tv/pipeline#attribution	predicate-740.ibk5	1	424	2e0add8e0a0be15034478452e8bfdbbb6500073784210686e2124def30a38a4c	predicate-740.ibk5.merkle	1	https://kgx.foaf.tv/id/graphpipelinep03ac097232d9e2d14c	predicate-740.ibk5.lgi2	predicate-740.ibk5.gbi1	0058000000687474..0058000000687474	0267000000436f6e..0267000000436f6e	0
741	http://purl.org/dc/terms/title	predicate-741.ibk5	393	146553	ab531f4c69b9837f02e6a24cf5fcfc2e6667c3551290cdbc857c78af4f2fcc26	predicate-741.ibk5.merkle	1	https://kgx.foaf.tv/id/graphpipelinep0485e2c1317791de34	predicate-741.ibk5.lgi2	predicate-741.ibk5.gbi1	006b000000687474..00ce000000687474	0216000000546861..02f80000004c6f6e	0
742	http://www.w3.org/1999/02/22-rdf-syntax-ns#type	predicate-742.ibk5	786	72587	fcd6845432e95d88d32a1f660bfd0e5384dc078c72718810c579ef8851cde519	predicate-742.ibk5.merkle	1	https://kgx.foaf.tv/id/graphpipelinep0485e2c1317791de34	predicate-742.ibk5.lgi2	predicate-742.ibk5.gbi1	006b000000687474..00ce000000687474	0020000000687474..0026000000687474	0
743	http://www.w3.org/ns/prov#wasDerivedFrom	predicate-743.ibk5	556	84818	b217b620edaeb619631f679ae8b6a1a81bfc437eb27df1caf2c29cb05c5f1157	predicate-743.ibk5.merkle	1	https://kgx.foaf.tv/id/graphpipelinep0485e2c1317791de34	predicate-743.ibk5.lgi2	predicate-743.ibk5.gbi1	006b000000687474..00ce000000687474	001d000000687474..0058000000687474	0
744	http://www.w3.org/ns/prov#wasGeneratedBy	predicate-744.ibk5	377	62842	f070da36f3ced1c22adb8c79f92973d272bae1a0bf401e1d6e076afb326a43e8	predicate-744.ibk5.merkle	1	https://kgx.foaf.tv/id/graphpipelinep0485e2c1317791de34	predicate-744.ibk5.lgi2	predicate-744.ibk5.gbi1	006b000000687474..00ce000000687474	0023000000687474..002e000000687474	0
745	https://kgx.foaf.tv/pipeline#osmUse	predicate-745.ibk5	393	64796	dbb63e8572b9c790f3d4c11afa6651326d1ab618e700452cc14579147714daeb	predicate-745.ibk5.merkle	1	https://kgx.foaf.tv/id/graphpipelinep0485e2c1317791de34	predicate-745.ibk5.lgi2	predicate-745.ibk5.gbi1	006b000000687474..00ce000000687474	0203000000696473..0207000000646572	0
746	https://kgx.foaf.tv/pipeline#review	predicate-746.ibk5	23	4158	d006923f108d262db08147f4b24efaeac9de4ad7d5cbe2f3373682db2fad715c	predicate-746.ibk5.merkle	1	https://kgx.foaf.tv/id/graphpipelinep0485e2c1317791de34	predicate-746.ibk5.lgi2	predicate-746.ibk5.gbi1	006c000000687474..007d000000687474	024b000000746865..02a90000006f776e	0
747	https://kgx.foaf.tv/vocab#contentAtBuild	predicate-747.ibk5	393	103170	c831092373d4685123fbda05017d9db2ace9efb30a94df6c9673d94599f002a2	predicate-747.ibk5.merkle	1	https://kgx.foaf.tv/id/graphpipelinep0485e2c1317791de34	predicate-747.ibk5.lgi2	predicate-747.ibk5.gbi1	006b000000687474..00ce000000687474	005d000000687474..005d000000687474	0
748	http://www.w3.org/1999/02/22-rdf-syntax-ns#type	predicate-748.ibk5	338	27704	589600fb4a6e72fe8857b61ad58a53c8756b98e64e291dc9efee5f8041655496	predicate-748.ibk5.merkle	1	https://kgx.foaf.tv/id/graphstoreguidep0029b3430da8901590	predicate-748.ibk5.lgi2	predicate-748.ibk5.gbi1	002e000000687474..003d000000687474	0024000000687474..0024000000687474	0
749	https://kgx.foaf.tv/vocab#gridRef	predicate-749.ibk5	372	34148	9953a16adad1b4fd6660148c71f8e2bfa46464db487b8281767fa421e5013f92	predicate-749.ibk5.merkle	1	https://kgx.foaf.tv/id/graphstoreguidep0029b3430da8901590	predicate-749.ibk5.lgi2	predicate-749.ibk5.gbi1	002e000000687474..003d000000687474	0202000000314727..0203000000323244	0
750	https://kgx.foaf.tv/vocab#guideGroup	predicate-750.ibk5	338	27832	c3fb3d95c61dbaae070620762bb8365e31d351797a552fe0fa07456deb9e25de	predicate-750.ibk5.merkle	1	https://kgx.foaf.tv/id/graphstoreguidep0029b3430da8901590	predicate-750.ibk5.lgi2	predicate-750.ibk5.gbi1	002e000000687474..003d000000687474	0206000000657374..020e00000073686f	0
751	https://kgx.foaf.tv/vocab#guidePage	predicate-751.ibk5	338	27753	344e6049e9684d2a069b38da1577b11a0ff34daddeb54cc7a16c046f120de489	predicate-751.ibk5.merkle	1	https://kgx.foaf.tv/id/graphstoreguidep0029b3430da8901590	predicate-751.ibk5.lgi2	predicate-751.ibk5.gbi1	002e000000687474..003d000000687474	0201000000312800..0201000000322800	0
752	https://kgx.foaf.tv/vocab#guideSection	predicate-752.ibk5	338	28133	bf92160e50e9051d1809546e244ed7975949c9483d52298108e87ffd25e527df	predicate-752.ibk5.merkle	1	https://kgx.foaf.tv/id/graphstoreguidep0029b3430da8901590	predicate-752.ibk5.lgi2	predicate-752.ibk5.gbi1	002e000000687474..003d000000687474	020500000073686f..020f0000006f6666	0
753	https://kgx.foaf.tv/vocab#ocrConfidence	predicate-753.ibk5	338	28643	66a56dc2f817142929926e84af174e591f70bdb7a21c84b188d7d3c949e98d12	predicate-753.ibk5.merkle	1	https://kgx.foaf.tv/id/graphstoreguidep0029b3430da8901590	predicate-753.ibk5.lgi2	predicate-753.ibk5.gbi1	002e000000687474..003d000000687474	0202000000363328..0202000000393628	0
754	https://kgx.foaf.tv/vocab#ocrText	predicate-754.ibk5	338	49045	55e34e0b6d2590d69a0189251d361ba73a35a2827c4d8281642d0a68b92fa21b	predicate-754.ibk5.merkle	1	https://kgx.foaf.tv/id/graphstoreguidep0029b3430da8901590	predicate-754.ibk5.lgi2	predicate-754.ibk5.gbi1	002e000000687474..003d000000687474	0203000000435747..0243000000436974	0
755	https://schema.org/name	predicate-755.ibk5	338	44447	d2410f9625103b64d3aa8d8d03ec4a026d4d6a20d06d21f1f10f28d248ace2dd	predicate-755.ibk5.merkle	1	https://kgx.foaf.tv/id/graphstoreguidep0029b3430da8901590	predicate-755.ibk5.lgi2	predicate-755.ibk5.gbi1	002e000000687474..003d000000687474	0202000000425027..0214000000486f74	0
756	https://schema.org/sameAs	predicate-756.ibk5	196	25342	8195fa488a80d56d82301dca9cd3115bf0541a229fec4c7587f8de2d472bf25a	predicate-756.ibk5.merkle	1	https://kgx.foaf.tv/id/graphstoreguidep0029b3430da8901590	predicate-756.ibk5.lgi2	predicate-756.ibk5.gbi1	002e000000687474..003d000000687474	0027000000687474..0044000000687474	0
757	http://www.w3.org/2000/01/rdf-schema#comment	predicate-757.ibk5	26	3328	3c4fece0dcc5dc17226e5121e423469d012327622a544fc8e43a85828e20f54a	predicate-757.ibk5.merkle	1	https://kgx.foaf.tv/id/graphstoreguidep0029b3430da8901590	predicate-757.ibk5.lgi2	predicate-757.ibk5.gbi1	0036000000687474..003d000000687474	02080000006b696f..02320000006c6576	0
758	https://kgx.foaf.tv/vocab#levelText	predicate-758.ibk5	2	371	64c191f1efac0efc6d6355b8ef781c769146934d9ead69942998dbeba04ea5ee	predicate-758.ibk5.merkle	1	https://kgx.foaf.tv/id/graphstoreguidep0029b3430da8901590	predicate-758.ibk5.lgi2	predicate-758.ibk5.gbi1	0037000000687474..003a000000687474	02020000002d3328..02020000002d3328	0
759	https://kgx.foaf.tv/vocab#buildingText	predicate-759.ibk5	46	6441	390d8540a5eeb4e289990ccbf3bd66a3e413fab1d1cf73ff81dd54977fa1eb11	predicate-759.ibk5.merkle	1	https://kgx.foaf.tv/id/graphstoreguidep0029b3430da8901590	predicate-759.ibk5.lgi2	predicate-759.ibk5.gbi1	0036000000687474..003d000000687474	023b0000007b2261..02470000007b2261	0
760	http://www.w3.org/1999/02/22-rdf-syntax-ns#type	predicate-760.ibk5	316	29908	50f7f429272fda670e05231c8f8d42ef4dc908f6fdf904817cf757170f2f56e4	predicate-760.ibk5.merkle	1	https://kgx.foaf.tv/id/graphstoreguidep016e11d2fa2408eec6	predicate-760.ibk5.lgi2	predicate-760.ibk5.gbi1	003d000000687474..0064000000687474	0024000000687474..0024000000687474	0
761	https://kgx.foaf.tv/vocab#gridRef	predicate-761.ibk5	333	35321	7267d97f4d993ce4e8e9e07a58f9c927f5f2d599ad8aa0ed7c7ef287aad0ec09	predicate-761.ibk5.merkle	1	https://kgx.foaf.tv/id/graphstoreguidep016e11d2fa2408eec6	predicate-761.ibk5.lgi2	predicate-761.ibk5.gbi1	003d000000687474..0064000000687474	0202000000314727..0203000000323244	0
762	https://kgx.foaf.tv/vocab#guideGroup	predicate-762.ibk5	316	30036	1b66b276b6daa0ffb8e21bda88d2b1ec43b3cc30cbd778327a0d0a95a754dbb4	predicate-762.ibk5.merkle	1	https://kgx.foaf.tv/id/graphstoreguidep016e11d2fa2408eec6	predicate-762.ibk5.lgi2	predicate-762.ibk5.gbi1	003d000000687474..0064000000687474	0206000000657374..020e00000073686f	0
763	https://kgx.foaf.tv/vocab#guidePage	predicate-763.ibk5	316	29957	e5756f6b4bb4295c66548432f29ef25550519745cba1a41f077e7c84f3cd34f6	predicate-763.ibk5.merkle	1	https://kgx.foaf.tv/id/graphstoreguidep016e11d2fa2408eec6	predicate-763.ibk5.lgi2	predicate-763.ibk5.gbi1	003d000000687474..0064000000687474	0201000000312800..0201000000322800	0
764	https://kgx.foaf.tv/vocab#guideSection	predicate-764.ibk5	316	30402	f1bf41b16ab2987442edc3f5f9dd99a28f8414739f456d4eacd32d01a85f02f0	predicate-764.ibk5.merkle	1	https://kgx.foaf.tv/id/graphstoreguidep016e11d2fa2408eec6	predicate-764.ibk5.lgi2	predicate-764.ibk5.gbi1	003d000000687474..0064000000687474	020500000073686f..0210000000657374	0
765	https://kgx.foaf.tv/vocab#ocrConfidence	predicate-765.ibk5	316	30483	0120c9204bf69f4f2717a81e24f5bbff28bdb68140bdff94ff5bd3e996e0bbd8	predicate-765.ibk5.merkle	1	https://kgx.foaf.tv/id/graphstoreguidep016e11d2fa2408eec6	predicate-765.ibk5.lgi2	predicate-765.ibk5.gbi1	003d000000687474..0064000000687474	0202000000363328..0202000000393628	0
766	https://kgx.foaf.tv/vocab#ocrText	predicate-766.ibk5	316	53961	07413b345bb9e96cb336f4490373195107127b7574b9c8287b367695356f59ea	predicate-766.ibk5.merkle	1	https://kgx.foaf.tv/id/graphstoreguidep016e11d2fa2408eec6	predicate-766.ibk5.lgi2	predicate-766.ibk5.gbi1	003d000000687474..0064000000687474	0209000000446174..024f000000414e5a	0
767	https://schema.org/name	predicate-767.ibk5	316	49387	dd3812e1953a3712b56ab3401215a92aef00e04ec7c9073e2583d701c46522fe	predicate-767.ibk5.merkle	1	https://kgx.foaf.tv/id/graphstoreguidep016e11d2fa2408eec6	predicate-767.ibk5.lgi2	predicate-767.ibk5.gbi1	003d000000687474..0064000000687474	0209000000446174..023a000000427269	0
768	https://schema.org/sameAs	predicate-768.ibk5	80	11655	275df7a1f399241e12d49f69dc6797f5acbe5f0822a80c2c4d4814e878dbbe21	predicate-768.ibk5.merkle	1	https://kgx.foaf.tv/id/graphstoreguidep016e11d2fa2408eec6	predicate-768.ibk5.lgi2	predicate-768.ibk5.gbi1	003d000000687474..0064000000687474	0030000000687474..005d000000687474	0
769	http://www.w3.org/2000/01/rdf-schema#comment	predicate-769.ibk5	18	3026	901c7c87d4aab5f3aeebeae41b162f9961ff9b382ac68c41956d0d02e6dc347a	predicate-769.ibk5.merkle	1	https://kgx.foaf.tv/id/graphstoreguidep016e11d2fa2408eec6	predicate-769.ibk5.lgi2	predicate-769.ibk5.gbi1	003e000000687474..004d000000687474	02080000006b696f..022f000000323244	0
770	https://kgx.foaf.tv/vocab#levelText	predicate-770.ibk5	3	597	b6cebb77950d92c39a3458c29e3a7bb281e06dad02e65acf0c4179bcee2df44b	predicate-770.ibk5.merkle	1	https://kgx.foaf.tv/id/graphstoreguidep016e11d2fa2408eec6	predicate-770.ibk5.lgi2	predicate-770.ibk5.gbi1	0040000000687474..0052000000687474	02020000002d3128..02020000002d3428	0
771	https://kgx.foaf.tv/vocab#buildingText	predicate-771.ibk5	78	9653	6ac39ab1054635ac6468344ac1f4330359a69da438e65e74893a3b76f6bfba3e	predicate-771.ibk5.merkle	1	https://kgx.foaf.tv/id/graphstoreguidep016e11d2fa2408eec6	predicate-771.ibk5.lgi2	predicate-771.ibk5.gbi1	003d000000687474..0064000000687474	023a0000007b2261..02470000007b2261	0
772	http://www.w3.org/1999/02/22-rdf-syntax-ns#type	predicate-772.ibk5	714	48054	23a61380fbb4f2155d230f5d7b2136ac83d8d20b66bf99c6e96480d2456268d7	predicate-772.ibk5.merkle	1	https://kgx.foaf.tv/id/graphwebp00c1b2e37fc9a12d7c	predicate-772.ibk5.lgi2	predicate-772.ibk5.gbi1	0010000000687474..0030000000687474	0016000000687474..002c000000687474	0
773	https://schema.org/url	predicate-773.ibk5	245	35110	4f2d6756a58c6c1fd6815e52a0ae95db75d323b949896778f662d932ed4a9c37	predicate-773.ibk5.merkle	1	https://kgx.foaf.tv/id/graphwebp00c1b2e37fc9a12d7c	predicate-773.ibk5.lgi2	predicate-773.ibk5.gbi1	0014000000687474..0030000000687474	0018000000687474..0273000000687474	0
774	https://schema.org/logo	predicate-774.ibk5	117	15414	c44c24ba060c39e3d5d66321b68ae4a2f7ec1eb3b18cc08510465350bd519e6b	predicate-774.ibk5.merkle	1	https://kgx.foaf.tv/id/graphwebp00c1b2e37fc9a12d7c	predicate-774.ibk5.lgi2	predicate-774.ibk5.gbi1	0016000000687474..0030000000687474	001a000000687474..00a9000000687474	0
775	https://schema.org/name	predicate-775.ibk5	219	27575	7a8fb416aaa4f8626fec3e0385f6f19b68398cfabe11bedcda620ceeb890aed8	predicate-775.ibk5.merkle	1	https://kgx.foaf.tv/id/graphwebp00c1b2e37fc9a12d7c	predicate-775.ibk5.lgi2	predicate-775.ibk5.gbi1	0014000000687474..0030000000687474	0200000000270000..0251000000537465	0
776	https://schema.org/address	predicate-776.ibk5	95	11434	a84bcc536f55d3c911633e7ff0d8016e4541bd766e0a30c8d82a83b608237e2b	predicate-776.ibk5.merkle	1	https://kgx.foaf.tv/id/graphwebp00c1b2e37fc9a12d7c	predicate-776.ibk5.lgi2	predicate-776.ibk5.gbi1	0014000000687474..0030000000687474	0030000000687474..004a000000687474	0
777	https://schema.org/sameAs	predicate-777.ibk5	324	37193	40bc976e5404e295d0d58f3ff83993c391b6e35b2a4c2c8e14591dd51b506f85	predicate-777.ibk5.merkle	1	https://kgx.foaf.tv/id/graphwebp00c1b2e37fc9a12d7c	predicate-777.ibk5.lgi2	predicate-777.ibk5.gbi1	0016000000687474..0030000000687474	0200000000270000..027c000000687474	0
778	https://schema.org/geo	predicate-778.ibk5	29	3631	21d341ad0ac3083384221e54381fbb49a0eaa2b0647a93ee76cc0b4aebc15fcd	predicate-778.ibk5.merkle	1	https://kgx.foaf.tv/id/graphwebp00c1b2e37fc9a12d7c	predicate-778.ibk5.lgi2	predicate-778.ibk5.gbi1	0014000000687474..0030000000687474	0030000000687474..0030000000687474	0
779	https://schema.org/openingHoursSpecification	predicate-779.ibk5	128	10767	5f9ad26a81c81550aa2eadecd8a23cf24d6d442b070739e5c8ebf3819c468eae	predicate-779.ibk5.merkle	1	https://kgx.foaf.tv/id/graphwebp00c1b2e37fc9a12d7c	predicate-779.ibk5.lgi2	predicate-779.ibk5.gbi1	0014000000687474..0030000000687474	0030000000687474..0030000000687474	0
780	https://kgx.foaf.tv/pipeline#hoursText	predicate-780.ibk5	72	7026	a9a18f18bd4448e7d82019c7568574a9429974bbe45b719e361c4bfaeedeed9d	predicate-780.ibk5.merkle	1	https://kgx.foaf.tv/id/graphwebp00c1b2e37fc9a12d7c	predicate-780.ibk5.lgi2	predicate-780.ibk5.gbi1	0022000000687474..0030000000687474	0200000000270000..026e0000004d6f20	0
781	https://schema.org/closes	predicate-781.ibk5	200	16437	2c369fbe5452ad316eed0f0d473eb4327981c8ab7b704fe58fcc5b638dfa353e	predicate-781.ibk5.merkle	1	https://kgx.foaf.tv/id/graphwebp00c1b2e37fc9a12d7c	predicate-781.ibk5.lgi2	predicate-781.ibk5.gbi1	0030000000687474..0030000000687474	0200000000270000..020800000032333a	0
782	https://schema.org/opens	predicate-782.ibk5	200	16223	dc9fd08c10a9e764e5905ec6a00704ad87cc68a43f520ca49a3df66f6613cb9e	predicate-782.ibk5.merkle	1	https://kgx.foaf.tv/id/graphwebp00c1b2e37fc9a12d7c	predicate-782.ibk5.lgi2	predicate-782.ibk5.gbi1	0030000000687474..0030000000687474	0200000000270000..020800000031373a	0
783	https://schema.org/validFrom	predicate-783.ibk5	42	5717	cdbf94c4e24ea9c4b29a0654950e04acc86a5dccde86e86e43833a459c959e32	predicate-783.ibk5.merkle	1	https://kgx.foaf.tv/id/graphwebp00c1b2e37fc9a12d7c	predicate-783.ibk5.lgi2	predicate-783.ibk5.gbi1	0030000000687474..0030000000687474	020a00000031204d..020b000000333120	0
784	https://schema.org/validThrough	predicate-784.ibk5	42	5720	62fd99e148ee42719deedfc2ecf028b196c23cbb564e5a393b88423744803353	predicate-784.ibk5.merkle	1	https://kgx.foaf.tv/id/graphwebp00c1b2e37fc9a12d7c	predicate-784.ibk5.lgi2	predicate-784.ibk5.gbi1	0030000000687474..0030000000687474	020a00000031204d..020b000000333120	0
785	https://schema.org/addressCountry	predicate-785.ibk5	61	4751	fa619442bb29fcc9232a6815440381da10ec3d4771f838c512a76381ceb2e870	predicate-785.ibk5.merkle	1	https://kgx.foaf.tv/id/graphwebp00c1b2e37fc9a12d7c	predicate-785.ibk5.lgi2	predicate-785.ibk5.gbi1	0030000000687474..0030000000687474	0200000000270000..0202000000474227	0
786	https://schema.org/addressLocality	predicate-786.ibk5	70	6064	6f8abe5781e354aba0e5e506274cfb63131ab9317a2ce646f6955f3ec9a063e8	predicate-786.ibk5.merkle	1	https://kgx.foaf.tv/id/graphwebp00c1b2e37fc9a12d7c	predicate-786.ibk5.lgi2	predicate-786.ibk5.gbi1	0030000000687474..0030000000687474	0200000000270000..021400000043616e	0
787	https://schema.org/postalCode	predicate-787.ibk5	57	6417	e70a5ff45e47e88501acb25bb484de2bbcb37e5b3b382800d883a86a33a4a7d4	predicate-787.ibk5.merkle	1	https://kgx.foaf.tv/id/graphwebp00c1b2e37fc9a12d7c	predicate-787.ibk5.lgi2	predicate-787.ibk5.gbi1	0030000000687474..0030000000687474	0200000000270000..0208000000574331	0
788	https://schema.org/streetAddress	predicate-788.ibk5	71	9589	cb7d2e2ab7c7c411e3d666230f9fb315f16c72aefd3616cc0f26ad14a7978838	predicate-788.ibk5.merkle	1	https://kgx.foaf.tv/id/graphwebp00c1b2e37fc9a12d7c	predicate-788.ibk5.lgi2	predicate-788.ibk5.gbi1	0030000000687474..0030000000687474	0200000000270000..0241000000333420	0
789	https://schema.org/dayOfWeek	predicate-789.ibk5	193	12647	7a0ad98d2653bfeae1171e72d8c4619b91792c819b81e9d2cb3c4282fc590fba	predicate-789.ibk5.merkle	1	https://kgx.foaf.tv/id/graphwebp00c1b2e37fc9a12d7c	predicate-789.ibk5.lgi2	predicate-789.ibk5.gbi1	0030000000687474..0030000000687474	0019000000687474..001c000000687474	0
790	https://schema.org/latitude	predicate-790.ibk5	31	4292	891616906ff1117465917a2f0534651ecfa7a7871d6b5e49991e16d78257232f	predicate-790.ibk5.merkle	1	https://kgx.foaf.tv/id/graphwebp00c1b2e37fc9a12d7c	predicate-790.ibk5.lgi2	predicate-790.ibk5.gbi1	0030000000687474..0030000000687474	0208000000352e31..0213000000352e33	0
791	https://schema.org/longitude	predicate-791.ibk5	31	4281	b07ca731922d0b6c09e1d0bbdbc9e8fc268ce62c098ae06f938bc1aefe0ea0e3	predicate-791.ibk5.merkle	1	https://kgx.foaf.tv/id/graphwebp00c1b2e37fc9a12d7c	predicate-791.ibk5.lgi2	predicate-791.ibk5.gbi1	0030000000687474..0030000000687474	02070000002d312e..02160000002d312e	0
792	https://schema.org/parentOrganization	predicate-792.ibk5	6	875	51c623e9e16bb56668fe0648bf8acae8712cb4baceb3b15e5ec21929f10b88f8	predicate-792.ibk5.merkle	1	https://kgx.foaf.tv/id/graphwebp00c1b2e37fc9a12d7c	predicate-792.ibk5.lgi2	predicate-792.ibk5.gbi1	0027000000687474..0030000000687474	0024000000687474..0030000000687474	0
793	https://schema.org/telephone	predicate-793.ibk5	49	6273	94d921066ff8e59f252cbc60490b720ebce3fd95f0073e802083f05f88146409	predicate-793.ibk5.merkle	1	https://kgx.foaf.tv/id/graphwebp00c1b2e37fc9a12d7c	predicate-793.ibk5.lgi2	predicate-793.ibk5.gbi1	0014000000687474..0030000000687474	0200000000270000..020e0000002b3434	0
794	https://kgx.foaf.tv/pipeline#addressText	predicate-794.ibk5	9	1264	289bef9568efb952f8f6c92d2e4c9c419310327b82268c57a0ae5b936172254d	predicate-794.ibk5.merkle	1	https://kgx.foaf.tv/id/graphwebp00c1b2e37fc9a12d7c	predicate-794.ibk5.lgi2	predicate-794.ibk5.gbi1	0030000000687474..0030000000687474	0200000000270000..023b000000363436	0
795	https://schema.org/brand	predicate-795.ibk5	5	725	2b7d2f17b525bfb2c4e4f444cb7bfff2fe4fcaee66f78c8c1f59eb68c683a936	predicate-795.ibk5.merkle	1	https://kgx.foaf.tv/id/graphwebp00c1b2e37fc9a12d7c	predicate-795.ibk5.lgi2	predicate-795.ibk5.gbi1	002b000000687474..0030000000687474	002a000000687474..0212000000427269	0
796	https://schema.org/branchCode	predicate-796.ibk5	1	267	1721f96da664fced159ac28fcb98a7802188d672f78f7daaacc613c9f1b9cc15	predicate-796.ibk5.merkle	1	https://kgx.foaf.tv/id/graphwebp00c1b2e37fc9a12d7c	predicate-796.ibk5.lgi2	predicate-796.ibk5.gbi1	0030000000687474..0030000000687474	0202000000383827..0202000000383827	0
797	http://www.w3.org/1999/02/22-rdf-syntax-ns#type	predicate-797.ibk5	573	43377	484043d189a453aed99e2fbcf4062c955ce2c7e0296a2c2561d7228fe4a50dee	predicate-797.ibk5.merkle	1	https://kgx.foaf.tv/id/graphwebp01454d28fdc6f995bb	predicate-797.ibk5.lgi2	predicate-797.ibk5.gbi1	0030000000687474..0045000000687474	0018000000687474..002c000000687474	0
798	https://schema.org/url	predicate-798.ibk5	174	25233	8e6e4f4aee0bafddeccbaec6769def743d7befaf953eba3610e80bd37be79498	predicate-798.ibk5.merkle	1	https://kgx.foaf.tv/id/graphwebp01454d28fdc6f995bb	predicate-798.ibk5.lgi2	predicate-798.ibk5.gbi1	0030000000687474..0045000000687474	0014000000687474..0268000000687474	0
799	https://schema.org/logo	predicate-799.ibk5	51	7431	b898be373ed5619e1386c3e3c75e1788d9fdbcbdd282b64b3631b0a4763926f3	predicate-799.ibk5.merkle	1	https://kgx.foaf.tv/id/graphwebp01454d28fdc6f995bb	predicate-799.ibk5.lgi2	predicate-799.ibk5.gbi1	0030000000687474..0042000000687474	0020000000687474..0091000000687474	0
800	https://schema.org/name	predicate-800.ibk5	176	22102	34604fe2f04d3bf9315ca7d24d1cc69f3157b90cff598c0fb5e25d023f96e80b	predicate-800.ibk5.merkle	1	https://kgx.foaf.tv/id/graphwebp01454d28fdc6f995bb	predicate-800.ibk5.lgi2	predicate-800.ibk5.gbi1	0030000000687474..0045000000687474	0200000000270000..024f000000486177	0
801	https://schema.org/sameAs	predicate-801.ibk5	158	17444	2ed8fd958bb0352208ed325f3a90c617ed416d253639176883106a7b7b107261	predicate-801.ibk5.merkle	1	https://kgx.foaf.tv/id/graphwebp01454d28fdc6f995bb	predicate-801.ibk5.lgi2	predicate-801.ibk5.gbi1	0030000000687474..0042000000687474	0200000000270000..024a000000687474	0
802	https://schema.org/address	predicate-802.ibk5	102	12825	75f667b73a9b5d64cdb3f5ce1f4436a8db585c17cb6bf5969653a85d414ad890	predicate-802.ibk5.merkle	1	https://kgx.foaf.tv/id/graphwebp01454d28fdc6f995bb	predicate-802.ibk5.lgi2	predicate-802.ibk5.gbi1	0030000000687474..0045000000687474	0030000000687474..004a000000687474	0
803	https://schema.org/geo	predicate-803.ibk5	35	4560	4bfc553cdae859b7b37c7713f0816a6c9b4cc15d701148ba57a797e75b49d3c4	predicate-803.ibk5.merkle	1	https://kgx.foaf.tv/id/graphwebp01454d28fdc6f995bb	predicate-803.ibk5.lgi2	predicate-803.ibk5.gbi1	0030000000687474..0042000000687474	0030000000687474..0030000000687474	0
804	https://schema.org/openingHoursSpecification	predicate-804.ibk5	168	13874	73fd6f14837ca161f02f944daf8ae2d43ea0986992d61d57955844b9a1040814	predicate-804.ibk5.merkle	1	https://kgx.foaf.tv/id/graphwebp01454d28fdc6f995bb	predicate-804.ibk5.lgi2	predicate-804.ibk5.gbi1	0030000000687474..0042000000687474	0030000000687474..0030000000687474	0
805	https://schema.org/telephone	predicate-805.ibk5	51	6869	7afbbf03c9f80105b0e78be83512ae29ff33fcd554b301f8b7aa878e806410ea	predicate-805.ibk5.merkle	1	https://kgx.foaf.tv/id/graphwebp01454d28fdc6f995bb	predicate-805.ibk5.lgi2	predicate-805.ibk5.gbi1	0030000000687474..0045000000687474	0200000000270000..020e0000002b3434	0
806	https://schema.org/parentOrganization	predicate-806.ibk5	12	1658	e2fe68215051445c5e5540297c99a347223b959bb027682d1ce42fdd86b96361	predicate-806.ibk5.merkle	1	https://kgx.foaf.tv/id/graphwebp01454d28fdc6f995bb	predicate-806.ibk5.lgi2	predicate-806.ibk5.gbi1	0030000000687474..0044000000687474	0018000000687474..0030000000687474	0
807	https://schema.org/addressCountry	predicate-807.ibk5	97	7937	adc9145133bfa857e6bf51a4a962b26abcec99b558f32495ead4ac5e454b29d3	predicate-807.ibk5.merkle	1	https://kgx.foaf.tv/id/graphwebp01454d28fdc6f995bb	predicate-807.ibk5.lgi2	predicate-807.ibk5.gbi1	0030000000687474..0042000000687474	0202000000444b27..0275000000687474	0
808	https://schema.org/addressLocality	predicate-808.ibk5	113	9814	9cc76c46cae6fdfaa726d6e6fe84090eb97466aed2b981c36be2adb47f248d2b	predicate-808.ibk5.merkle	1	https://kgx.foaf.tv/id/graphwebp01454d28fdc6f995bb	predicate-808.ibk5.lgi2	predicate-808.ibk5.gbi1	0030000000687474..0042000000687474	02010000002d2700..021c00000043616e	0
809	https://schema.org/postalCode	predicate-809.ibk5	109	11390	fba91cc9308171f86ed1f3e217869d8420063a9051710edeb7e9b2e7d40bfc61	predicate-809.ibk5.merkle	1	https://kgx.foaf.tv/id/graphwebp01454d28fdc6f995bb	predicate-809.ibk5.lgi2	predicate-809.ibk5.gbi1	0030000000687474..0042000000687474	0203000000453134..0208000000574332	0
810	https://schema.org/streetAddress	predicate-810.ibk5	117	15455	ca6efdd3b9c8e7c733b16a6c565ed21eb6acc7b41011e643b12c974f6b43f9ce	predicate-810.ibk5.merkle	1	https://kgx.foaf.tv/id/graphwebp01454d28fdc6f995bb	predicate-810.ibk5.lgi2	predicate-810.ibk5.gbi1	0030000000687474..0042000000687474	02010000002d2700..0241000000333420	0
811	https://schema.org/closes	predicate-811.ibk5	260	20666	00ff6573aa362e792c2f0e0f75540ad70c1ab7e51b49275089a13e5c2c6876b9	predicate-811.ibk5.merkle	1	https://kgx.foaf.tv/id/graphwebp01454d28fdc6f995bb	predicate-811.ibk5.lgi2	predicate-811.ibk5.gbi1	0030000000687474..0030000000687474	020300000036706d..020800000032333a	0
812	https://schema.org/dayOfWeek	predicate-812.ibk5	249	15357	8919b1e0abc9a1768b845d03bd6a70c5c8473eb588a0e650d0df4e8f2a09eb16	predicate-812.ibk5.merkle	1	https://kgx.foaf.tv/id/graphwebp01454d28fdc6f995bb	predicate-812.ibk5.lgi2	predicate-812.ibk5.gbi1	0030000000687474..0030000000687474	0019000000687474..001c000000687474	0
813	https://schema.org/opens	predicate-813.ibk5	260	20562	f306b486f2041431e09bb6450e3bee03ee606d954cbdf47b2b08f9a062e59adb	predicate-813.ibk5.merkle	1	https://kgx.foaf.tv/id/graphwebp01454d28fdc6f995bb	predicate-813.ibk5.lgi2	predicate-813.ibk5.gbi1	0030000000687474..0030000000687474	0204000000383a30..020800000031373a	0
814	https://kgx.foaf.tv/pipeline#addressText	predicate-814.ibk5	15	2290	b714cbe1e3e22c4bb402a752d0d92874fda3a0743417c20d403c104779244d8e	predicate-814.ibk5.merkle	1	https://kgx.foaf.tv/id/graphwebp01454d28fdc6f995bb	predicate-814.ibk5.lgi2	predicate-814.ibk5.gbi1	0030000000687474..0030000000687474	0200000000270000..023e000000323520	0
815	https://schema.org/validFrom	predicate-815.ibk5	72	9694	292ffee3161f228fc91282c725d8df0935b0deaf42cc1ae4a24589a051b84ca3	predicate-815.ibk5.merkle	1	https://kgx.foaf.tv/id/graphwebp01454d28fdc6f995bb	predicate-815.ibk5.lgi2	predicate-815.ibk5.gbi1	0030000000687474..0030000000687474	020a000000312041..020b000000333120	0
816	https://schema.org/validThrough	predicate-816.ibk5	72	9697	6ab093444a7deb85c9ec071ee1b2aa67db34c30bd1789bd4952d9454372f1e13	predicate-816.ibk5.merkle	1	https://kgx.foaf.tv/id/graphwebp01454d28fdc6f995bb	predicate-816.ibk5.lgi2	predicate-816.ibk5.gbi1	0030000000687474..0030000000687474	020a000000312041..020b000000333120	0
817	https://schema.org/latitude	predicate-817.ibk5	48	6277	39f5acf5c15072dea0c9d1e20f6a1df32420c7ac626445006ef5d28bd8ecf153	predicate-817.ibk5.merkle	1	https://kgx.foaf.tv/id/graphwebp01454d28fdc6f995bb	predicate-817.ibk5.lgi2	predicate-817.ibk5.gbi1	0030000000687474..0030000000687474	020700000035312e..0214000000352e31	0
818	https://schema.org/longitude	predicate-818.ibk5	48	6187	42edfa727ab9d0baf36f961e904c4e0a00dcd9d341dfcc793a791c0ef5798c6c	predicate-818.ibk5.merkle	1	https://kgx.foaf.tv/id/graphwebp01454d28fdc6f995bb	predicate-818.ibk5.lgi2	predicate-818.ibk5.gbi1	0030000000687474..0030000000687474	02070000002d302e..02160000002d312e	0
819	https://kgx.foaf.tv/pipeline#hoursText	predicate-819.ibk5	42	4644	6f464f710e5317131923fc9a4c8e3fc6278762b4ad0b5dc125831c381f0e5a79	predicate-819.ibk5.merkle	1	https://kgx.foaf.tv/id/graphwebp01454d28fdc6f995bb	predicate-819.ibk5.lgi2	predicate-819.ibk5.gbi1	0030000000687474..003d000000687474	0200000000270000..026e0000004d6f20	0
820	https://schema.org/brand	predicate-820.ibk5	2	416	6f06495c1d06348662addaceb49cdc7d3ab4195171c892021bfd3ec14f8da0b0	predicate-820.ibk5.merkle	1	https://kgx.foaf.tv/id/graphwebp01454d28fdc6f995bb	predicate-820.ibk5.lgi2	predicate-820.ibk5.gbi1	0030000000687474..003c000000687474	0030000000687474..0212000000427269	0
821	https://schema.org/branchCode	predicate-821.ibk5	1	281	05cea09fb3e203a68b6e76645031413cb3138a936eefca7177d8d58411eea6f6	predicate-821.ibk5.merkle	1	https://kgx.foaf.tv/id/graphwebp01454d28fdc6f995bb	predicate-821.ibk5.lgi2	predicate-821.ibk5.gbi1	003d000000687474..003d000000687474	0203000000313935..0203000000313935	0
822	http://www.w3.org/1999/02/22-rdf-syntax-ns#type	predicate-822.ibk5	440	52098	8378c79c0143a102d88d4089e68ee6c45e9b7f79718872cde18d6079b712c17c	predicate-822.ibk5.merkle	1	https://kgx.foaf.tv/id/graphwebp02e3b803af57fff59b	predicate-822.ibk5.lgi2	predicate-822.ibk5.gbi1	0045000000687474..00a9000000687474	0018000000687474..0025000000687474	0
823	https://schema.org/address	predicate-823.ibk5	21	2949	891e04eb05d5b2a29acd96d5bbcfd54ddb1fe117b67c4940b5f048de827c2646	predicate-823.ibk5.merkle	1	https://kgx.foaf.tv/id/graphwebp02e3b803af57fff59b	predicate-823.ibk5.lgi2	predicate-823.ibk5.gbi1	0047000000687474..0069000000687474	0030000000687474..0030000000687474	0
824	https://schema.org/geo	predicate-824.ibk5	15	2161	1a1b08d8d22d3dccfa6068aa615711fff603d1d1237a9a2ea396ead5c77cbf6c	predicate-824.ibk5.merkle	1	https://kgx.foaf.tv/id/graphwebp02e3b803af57fff59b	predicate-824.ibk5.lgi2	predicate-824.ibk5.gbi1	0047000000687474..005d000000687474	0030000000687474..0030000000687474	0
825	https://schema.org/name	predicate-825.ibk5	19	3260	0554b5473c302e83cdfaeb5d20717567a5a1ae2a4b80fe120862d02279136051	predicate-825.ibk5.merkle	1	https://kgx.foaf.tv/id/graphwebp02e3b803af57fff59b	predicate-825.ibk5.lgi2	predicate-825.ibk5.gbi1	0047000000687474..0069000000687474	020c0000004b696e..0230000000566973	0
826	https://schema.org/openingHoursSpecification	predicate-826.ibk5	45	4030	30ebb8e1a88d4aa59f597d0edfeb3286c1637899b39b6d52c736b8510a396a8c	predicate-826.ibk5.merkle	1	https://kgx.foaf.tv/id/graphwebp02e3b803af57fff59b	predicate-826.ibk5.lgi2	predicate-826.ibk5.gbi1	0048000000687474..005d000000687474	0030000000687474..0030000000687474	0
827	https://schema.org/telephone	predicate-827.ibk5	15	2648	7def7fdded0f690f4c2ab10da125387f95d5b95bc70c8390aac3f5a990e3ee28	predicate-827.ibk5.merkle	1	https://kgx.foaf.tv/id/graphwebp02e3b803af57fff59b	predicate-827.ibk5.lgi2	predicate-827.ibk5.gbi1	0047000000687474..0069000000687474	020d0000002b3434..020d0000002b3434	0
828	https://schema.org/url	predicate-828.ibk5	59	9033	426ef7243b30e31288b8fef50e7898d6347071f7133500c5572324e4c930be5d	predicate-828.ibk5.merkle	1	https://kgx.foaf.tv/id/graphwebp02e3b803af57fff59b	predicate-828.ibk5.lgi2	predicate-828.ibk5.gbi1	0045000000687474..00a9000000687474	0045000000687474..025e000000687474	0
829	https://kgx.foaf.tv/pipeline#hoursText	predicate-829.ibk5	28	2936	c1ed4ea68d2c2530fa62e42cad63c5531af0a79759af786a627c1a794203f7ae	predicate-829.ibk5.merkle	1	https://kgx.foaf.tv/id/graphwebp02e3b803af57fff59b	predicate-829.ibk5.lgi2	predicate-829.ibk5.gbi1	004e000000687474..0069000000687474	020e000000467220..021100000054682d	0
830	https://schema.org/postalCode	predicate-830.ibk5	14	2615	1fafcd7c0b4a645fff8e0217cc71f6effb750b2d244d9d2b34f222f1f5421665	predicate-830.ibk5.merkle	1	https://kgx.foaf.tv/id/graphwebp02e3b803af57fff59b	predicate-830.ibk5.lgi2	predicate-830.ibk5.gbi1	004a000000687474..004a000000687474	0207000000453134..0230000000504945	0
831	https://schema.org/parentOrganization	predicate-831.ibk5	3	549	a9bb03c57b999d277bf00093820efa6cad698c8877f991856e425ebfb0014686	predicate-831.ibk5.merkle	1	https://kgx.foaf.tv/id/graphwebp02e3b803af57fff59b	predicate-831.ibk5.lgi2	predicate-831.ibk5.gbi1	0049000000687474..004c000000687474	0026000000687474..0033000000687474	0
832	https://schema.org/brand	predicate-832.ibk5	3	636	4ed85ea05d8013dba9873539128d9480161c432a862c89dfb2594e22a587c3a2	predicate-832.ibk5.merkle	1	https://kgx.foaf.tv/id/graphwebp02e3b803af57fff59b	predicate-832.ibk5.lgi2	predicate-832.ibk5.gbi1	0048000000687474..004e000000687474	0030000000687474..0045000000687474	0
833	https://schema.org/branchCode	predicate-833.ibk5	4	775	204f893801a589e173234024f28fbd8f6d056a6beca76084758ccdded5f3381d	predicate-833.ibk5.merkle	1	https://kgx.foaf.tv/id/graphwebp02e3b803af57fff59b	predicate-833.ibk5.lgi2	predicate-833.ibk5.gbi1	004e000000687474..0057000000687474	0202000000333927..0205000000313035	0
