page	region	tile	block	line	word	x0	y0	x1	y1	conf	text
1	p1-lists	0-0	1	0	0	124.2	325.4	177.1	343	96	Shops
1	p1-lists	0-0	2	1	0	124.2	358.5	154.8	368.8	90	Aesop
1	p1-lists	0-0	2	1	1	158.6	358.5	169.8	367.1	90	6J
1	p1-lists	0-0	2	2	0	124.2	372	182	380.6	96	Accessorize
1	p1-lists	0-0	2	2	1	185.6	372.2	198.2	380.5	95	7H
1	p1-lists	0-0	2	3	0	124.2	385.5	149.2	394.1	93	Asics
1	p1-lists	0-0	2	3	1	153.2	385.5	166.2	394.1	90	8C
1	p1-lists	0-0	2	4	0	124.8	398.8	160	407.6	92	Badiani
1	p1-lists	0-0	2	4	1	164.5	398.8	195.9	407.6	92	Gelato
1	p1-lists	0-0	2	4	2	199.8	399.2	213.7	409.4	92	3J,
1	p1-lists	0-0	2	4	3	217.5	399	237.3	407.6	96	10H
1	p1-lists	0-0	2	5	0	124.8	412.3	156.1	421.1	96	Barker
1	p1-lists	0-0	2	5	1	159.9	412.3	188.8	421.1	96	Shoes
1	p1-lists	0-0	2	5	2	192.3	412.7	205	421.1	95	3H
1	p1-lists	0-0	2	6	0	124.8	425.8	161.7	434.6	93	Belstaff
1	p1-lists	0-0	2	6	1	165.3	426	178	434.6	92	8C
1	p1-lists	0-0	2	7	0	124.8	439.3	177.7	448.1	90	Bloobloom
1	p1-lists	0-0	2	7	1	182	439.7	194.6	448	96	7H
1	p1-lists	0-0	2	8	0	124.8	453	152.5	463.4	89	Boggi
1	p1-lists	0-0	2	8	1	157.3	452.8	188.5	461.6	95	Milano
1	p1-lists	0-0	2	8	2	191.9	453.2	204.7	461.6	96	3H
1	p1-lists	0-0	2	9	0	124.8	466.7	152.3	475.1	93	Boots
1	p1-lists	0-0	2	9	1	156.4	466.5	178.4	476.4	92	10C,
1	p1-lists	0-0	2	9	2	182.4	466.5	202.2	475.1	96	10H
1	p1-lists	0-0	2	10	0	124.8	480.2	146.7	488.6	96	Boss
1	p1-lists	0-0	2	10	1	150.3	480.2	163.1	488.6	96	3H
1	p1-lists	0-0	2	11	0	124.8	493.3	152.3	502.1	93	Bread
1	p1-lists	0-0	2	11	1	156.6	493.5	162.9	502.1	93	&
1	p1-lists	0-0	2	11	2	166.7	493.3	197.7	502.1	93	Truffle
1	p1-lists	0-0	2	11	3	201.8	493.5	222	502.1	91	10G
1	p1-lists	0-0	2	12	0	124.8	507.2	148	515.6	95	Buns
1	p1-lists	0-0	2	12	1	152.5	507.2	176.8	515.6	96	From
1	p1-lists	0-0	2	12	2	181.6	507.2	209.9	515.6	95	Home
1	p1-lists	0-0	2	12	3	213.3	507	228.6	516.9	96	2H,
1	p1-lists	0-0	2	12	4	232.8	507	252.4	515.6	96	10H
1	p1-lists	0-0	2	13	0	124.8	520.7	144.9	529	92	BYD
1	p1-lists	0-0	2	13	1	149.1	520.7	159.9	529.1	91	5J
1	p1-lists	0-0	2	14	0	124.4	533.8	151.8	542.6	95	Cards
1	p1-lists	0-0	2	14	1	155.9	533.8	187.4	542.6	93	Galore
1	p1-lists	0-0	2	14	2	191	534	211.2	542.6	92	10G
1	p1-lists	0-0	2	15	0	124.4	547.3	180.4	556.1	96	Charbonnel
1	p1-lists	0-0	2	15	1	184.9	547.9	193.7	556.1	96	et
1	p1-lists	0-0	2	15	2	197.7	547.3	231.5	556.1	95	Walker
1	p1-lists	0-0	2	15	3	234.7	547.7	247.5	556.1	91	5H
1	p1-lists	0-0	2	16	0	124.4	560.8	160.2	569.6	95	Charles
1	p1-lists	0-0	2	16	1	164.2	560.8	204.5	571.4	96	Tyrwhitt
1	p1-lists	0-0	2	16	2	208.1	561.2	220.7	569.5	96	7H
1	p1-lists	0-0	2	17	0	124.4	574.3	169	583.1	93	Chisholm
1	p1-lists	0-0	2	17	1	173.9	574.7	206.5	583.1	96	Hunter
1	p1-lists	0-0	2	17	2	209.9	574.5	222.9	583.1	96	8H
1	p1-lists	0-0	2	18	0	124.4	587.8	151.2	596.6	96	Circle
1	p1-lists	0-0	2	18	1	155.4	587.8	202.7	596.6	95	Collective
1	p1-lists	0-0	2	18	2	206.8	588.2	219.3	596.5	96	7B
1	p1-lists	0-0	2	19	0	124.4	601.3	154.1	610.1	96	Coach
1	p1-lists	0-0	2	19	1	157.9	601.7	170.7	610.1	86	5H
1	p1-lists	0-0	2	20	0	124.4	615	144.7	623.6	91	COS
1	p1-lists	0-0	2	20	1	148.3	615	161.8	623.6	92	8D
1	p1-lists	0-0	2	21	0	124.4	628.3	152.5	637.1	95	Creed
1	p1-lists	0-0	2	21	1	156.3	628.7	169	637.1	96	3H
1	p1-lists	0-0	3	22	0	318.4	332	348.1	342.5	96	Krispy
1	p1-lists	0-0	3	22	1	352.6	332.2	383.6	340.9	96	Kreme
1	p1-lists	0-0	3	22	2	387.6	332.2	400.9	340.9	96	8G
1	p1-lists	0-0	3	23	0	318.4	345.5	362.5	354.4	84	Laderach
1	p1-lists	0-0	3	23	1	366.9	345.7	386.7	354.4	95	10H
1	p1-lists	0-0	3	24	0	318.4	359	352.8	367.9	89	Lakrids
1	p1-lists	0-0	3	24	1	357.1	359	368.3	369.5	96	by
1	p1-lists	0-0	3	24	2	372.6	359	402.1	367.9	45	Bulow
1	p1-lists	0-0	3	24	3	406.1	359.2	418.9	367.9	76	SH
1	p1-lists	0-0	3	25	0	318.4	372.5	368.8	381.4	24	L'Occitane
1	p1-lists	0-0	3	25	1	372.8	372.7	385.8	381.4	92	8C
1	p1-lists	0-0	3	26	0	318.4	386	345.1	394.9	91	Lola’s
1	p1-lists	0-0	3	26	1	349.2	386	395.8	396.5	96	Cupcakes
1	p1-lists	0-0	3	26	2	400	386.2	419.8	394.9	96	10H
1	p1-lists	0-0	3	27	0	318.4	399.5	368.8	408.4	92	Lululemon
1	p1-lists	0-0	3	27	1	373	399.7	386.1	408.4	96	9H
1	p1-lists	0-0	3	28	0	318.4	413.2	350.7	423.5	95	Mango
1	p1-lists	0-0	3	28	1	354.6	413.2	367.6	421.9	96	8H
1	p1-lists	0-0	3	29	0	318.4	426.7	339	435.4	95	M&S
1	p1-lists	0-0	3	29	1	342.9	426.5	376	437	95	Simply
1	p1-lists	0-0	3	29	2	380.4	426.5	404.3	435.4	93	Food
1	p1-lists	0-0	3	29	3	408.8	426.7	428.6	435.4	92	10B
1	p1-lists	0-0	3	30	0	318.4	440	366.3	448.9	93	Moleskine
1	p1-lists	0-0	3	30	1	370.1	440.2	381.1	448.9	93	5J
1	p1-lists	0-0	3	31	0	318.4	453.5	352.1	462.4	93	Monica
1	p1-lists	0-0	3	31	1	356.2	453.5	394.2	462.4	91	Vinader
1	p1-lists	0-0	3	31	2	398	453.7	411.3	462.4	96	8D
1	p1-lists	0-0	3	32	0	318.4	467.2	341.8	475.9	95	Moss
1	p1-lists	0-0	3	32	1	346	467.2	358.6	475.7	96	7H
1	p1-lists	0-0	3	33	0	318.4	480.5	354.4	489.4	96	Newbie
1	p1-lists	0-0	3	33	1	358.2	480.7	371	489.4	94	3H
1	p1-lists	0-0	3	34	0	318.4	494.2	344	502.9	96	News
1	p1-lists	0-0	3	34	1	348.1	496.4	359.5	502.9	96	on
1	p1-lists	0-0	3	34	2	363.6	494	378.9	502.9	96	the
1	p1-lists	0-0	3	34	3	382.9	494	413.1	502.9	95	Wharf
1	p1-lists	0-0	3	34	4	416.5	494.2	431.7	504.1	92	7H,
1	p1-lists	0-0	3	34	5	435.4	494.2	448.6	502.9	93	9C
1	p1-lists	0-0	3	35	0	318.4	507.7	340.2	516.4	96	Next
1	p1-lists	0-0	3	35	1	343.8	507.7	357.3	516.4	96	9D
1	p1-lists	0-0	3	36	0	318.4	521	352.8	529.9	95	Nicolas
1	p1-lists	0-0	3	36	1	356.8	521	381.6	529.9	95	Wine
1	p1-lists	0-0	3	36	2	386.1	521	430.9	529.9	96	Merchant
1	p1-lists	0-0	3	36	3	435.1	521.2	447.9	529.9	96	7G
1	p1-lists	0-0	3	37	0	318.1	534.5	346.7	543.4	96	Office
1	p1-lists	0-0	3	37	1	350.5	534.7	363.4	543.4	96	8H
1	p1-lists	0-0	3	38	0	318.4	548	358	556.9	95	Pandora
1	p1-lists	0-0	3	38	1	362.2	548.2	375.1	556.9	96	8H
1	p1-lists	0-0	3	39	0	318.4	561.5	379.8	572	91	Penhaligon’s
1	p1-lists	0-0	3	39	1	383.6	561.7	397.1	570.2	96	4H
1	p1-lists	0-0	3	40	0	318.4	575	339.1	583.9	96	Polo
1	p1-lists	0-0	3	40	1	343.6	575	370.5	585.5	96	Ralph
1	p1-lists	0-0	3	40	2	375.1	575.2	407.5	583.9	96	Lauren
1	p1-lists	0-0	3	40	3	411.7	575.2	425.2	583.7	96	4H
1	p1-lists	0-0	3	41	0	318.4	588.5	364.3	597.4	93	Postmark
1	p1-lists	0-0	3	41	1	367.9	588.7	378.9	597.4	92	3J
1	p1-lists	0-0	3	42	0	318.4	602	365.4	610.9	91	Pureseoul
1	p1-lists	0-0	3	42	1	369.9	602.2	383.1	610.9	96	9H
1	p1-lists	0-0	3	43	0	318.4	615.5	354.8	624.4	91	Randox
1	p1-lists	0-0	3	43	1	358.6	615.7	369.4	624.4	91	3J
1	p1-lists	0-0	3	44	0	318.4	629	342.4	637.9	96	Reiss
1	p1-lists	0-0	3	44	1	346.5	629.2	359.1	637.7	96	7B
1	p1-lists	0-0	4	45	0	572.2	326.6	674.7	341	95	Restaurants
1	p1-lists	0-0	5	46	0	571.3	359	588.8	367.9	96	The
1	p1-lists	0-0	5	46	1	592.6	359	641.2	367.9	93	Alchemist
1	p1-lists	0-0	5	46	2	645.3	359.2	657	367.7	92	7F
1	p1-lists	0-0	5	47	0	571.2	372.5	604.3	381.4	95	Atrium
1	p1-lists	0-0	5	47	1	609	372.5	645	381.4	96	Kitchen
1	p1-lists	0-0	5	47	2	649.1	372.7	663	381.4	96	5M
1	p1-lists	0-0	5	48	0	571.9	386	622.3	394.9	96	Barbarella
1	p1-lists	0-0	5	48	1	626.8	386.2	639.7	394.7	96	2K
1	p1-lists	0-0	5	49	0	571.9	399.5	617.1	408.4	89	Bewliehill
1	p1-lists	0-0	5	49	1	621.4	399	632.5	409.4	93	$J
1	p1-lists	0-0	5	50	0	571.9	413	601.2	423.5	91	Biang,
1	p1-lists	0-0	5	50	1	605.5	413	635.8	421.9	96	Wharf
1	p1-lists	0-0	5	50	2	639.7	413	675.7	421.9	96	Kitchen
1	p1-lists	0-0	5	50	3	680.1	413.2	700.4	421.9	96	10D
1	p1-lists	0-0	5	51	0	571.9	426.5	586.5	437	96	Big
1	p1-lists	0-0	5	51	1	591.3	426.7	613.1	437	93	Easy
1	p1-lists	0-0	5	51	2	616.5	426.7	628.6	435.4	92	6L
1	p1-lists	0-0	5	52	0	571.9	440	612.7	448.9	91	Boisdale
1	p1-lists	0-0	5	52	1	616.7	440	626.2	448.9	96	of
1	p1-lists	0-0	5	52	2	630	440.2	664	450.5	95	Canary
1	p1-lists	0-0	5	52	3	668	440	698.2	448.9	95	Wharf
1	p1-lists	0-0	5	52	4	701.8	440.2	714.8	448.7	96	2K
1	p1-lists	0-0	5	53	0	571.9	453.5	609.5	462.4	95	Brother
1	p1-lists	0-0	5	53	1	614	453.7	648.7	462.4	96	Marcus
1	p1-lists	0-0	5	53	2	652.9	453.7	665.8	462.2	96	2K
1	p1-lists	0-0	5	54	0	571.9	467.2	604.5	477.5	95	Burger
1	p1-lists	0-0	5	54	1	608.8	467	632.2	477.5	95	King,
1	p1-lists	0-0	5	54	2	636.5	467	669.4	475.9	95	Atrium
1	p1-lists	0-0	5	54	3	674.1	467	710.1	475.9	96	Kitchen
1	p1-lists	0-0	5	54	4	714.3	467.2	728.1	475.9	96	5M
1	p1-lists	0-0	5	55	0	571.5	480.7	610.2	489.4	96	Caravan
1	p1-lists	0-0	5	55	1	614.5	480.7	627.5	489.4	96	7G
1	p1-lists	0-0	5	56	0	571.5	494	609.3	502.9	96	Chicken
1	p1-lists	0-0	5	56	1	613.6	494	638.1	504.5	95	Shop
1	p1-lists	0-0	5	56	2	642.3	494.2	655.4	502.9	96	9B
1	p1-lists	0-0	5	57	0	571.5	507.5	612.2	518	96	Chipotle
1	p1-lists	0-0	5	57	1	616.2	507.7	629.3	516.4	96	9B
1	p1-lists	0-0	5	58	0	571.9	521	586.8	529.7	95	Din
1	p1-lists	0-0	5	58	1	591	521	603.4	529.9	96	Tai
1	p1-lists	0-0	5	58	2	608.2	521.2	631.8	531.5	92	Fung
1	p1-lists	0-0	5	58	3	636.1	521.2	649.3	529.9	92	8N
1	p1-lists	0-0	5	59	0	571.9	534.5	615.4	543.4	96	Directors
1	p1-lists	0-0	5	59	1	619.9	534.7	637.6	543.4	96	Box
1	p1-lists	0-0	5	59	2	641	534.7	655	543.4	96	8M
1	p1-lists	0-0	5	60	0	571.9	548	591	556.9	96	Five
1	p1-lists	0-0	5	60	1	595.1	548.2	618.7	558.5	95	Guys
1	p1-lists	0-0	5	60	2	622.6	548.2	635.8	556.9	96	9B
1	p1-lists	0-0	5	61	0	571.9	561.7	604.3	570.4	96	Franco
1	p1-lists	0-0	5	61	1	608.8	561.7	639.2	570.4	93	Manca
1	p1-lists	0-0	5	61	2	643.5	561.7	656.8	570.4	91	9N
1	p1-lists	0-0	5	62	0	571.5	575	600.7	585.1	93	Gallio,
1	p1-lists	0-0	5	62	1	604.8	575	637.8	583.9	95	Atrium
1	p1-lists	0-0	5	62	2	642.6	575	678.4	583.9	96	Kitchen
1	p1-lists	0-0	5	62	3	682.8	575.2	696.6	583.9	90	5M
1	p1-lists	0-0	5	63	0	571.5	588.7	609.5	597.4	93	German
1	p1-lists	0-0	5	63	1	614.4	588.7	643.5	597.4	91	Doner
1	p1-lists	0-0	5	63	2	647.7	588.5	680.4	598.6	95	Kebab,
1	p1-lists	0-0	5	63	3	684.6	588.5	717.5	597.4	96	Atrium
1	p1-lists	0-0	5	63	4	722.4	588.5	758.2	597.4	95	Kitchen
1	p1-lists	0-0	5	63	5	762.5	588.7	776.4	597.4	95	5M
1	p1-lists	0-0	5	64	0	571.9	602	629.8	610.9	91	Hawksmoor
1	p1-lists	0-0	5	64	1	633.6	602	662.2	610.9	96	Wood
1	p1-lists	0-0	5	64	2	666.6	602	696.8	610.9	95	Wharf
1	p1-lists	0-0	5	64	3	700.6	602.2	720.2	610.9	96	16D
1	p1-lists	0-0	5	65	0	571.9	615.5	593.1	626	95	Holy
1	p1-lists	0-0	5	65	1	597.3	615.7	630.7	624.4	96	Greens
1	p1-lists	0-0	5	65	2	634.7	615.7	647.3	624.2	97	2H
1	p1-lists	0-0	5	66	0	571.9	629	592.9	637.9	90	Honi
1	p1-lists	0-0	5	66	1	597.8	629	620.8	637.9	93	Poké
1	p1-lists	0-0	5	66	2	624.6	629.2	644.6	637.9	91	10N
1	p1-lists	0-0	6	67	0	793.6	332	822.3	340.9	95	Urban
1	p1-lists	0-0	6	67	1	826.8	332.2	860.2	340.9	95	Greens
1	p1-lists	0-0	6	67	2	864	332.2	877.2	340.7	95	7A
1	p1-lists	0-0	6	68	0	793.3	345.7	851.8	356	95	Wagamama
1	p1-lists	0-0	6	68	1	855.9	345.7	869.8	354.4	96	9A
1	p1-lists	0-0	6	69	0	793.3	359	831.8	367.9	91	Wahaca
1	p1-lists	0-0	6	69	1	836.1	359.2	846.7	367.9	92	7J
1	p1-lists	0-0	6	70	0	793.3	372.5	831.8	381.4	92	Wahaca
1	p1-lists	0-0	6	70	1	836.5	372.5	875.2	381.4	96	Mexican
1	p1-lists	0-0	6	70	2	879.5	372.7	908.5	381.4	96	Street
1	p1-lists	0-0	6	70	3	913	372.5	949	381.4	95	Kitchen
1	p1-lists	0-0	6	70	4	953.1	372.7	966.4	381.4	96	8K
1	p1-lists	0-0	6	71	0	793.5	386.2	833.6	394.9	30	/a’'ta7H
1	p1-lists	0-0	6	72	0	793.5	399.5	817.6	409.6	90	Zizzi,
1	p1-lists	0-0	6	72	1	821.9	399.5	854.8	408.4	96	Atrium
1	p1-lists	0-0	6	72	2	859.7	399.5	895.5	408.4	96	Kitchen
1	p1-lists	0-0	6	72	3	899.7	399.7	913.7	408.4	89	5M
1	p1-lists	0-0	7	73	0	793.6	420.2	840.8	435.7	93	Cafés
1	p1-lists	0-0	7	73	1	846.4	421.1	857.7	435.5	92	&
1	p1-lists	0-0	7	73	2	864	421.3	901.1	435.5	95	Bars
1	p1-lists	0-0	8	74	0	793.5	453.9	812.5	462.5	96	640
1	p1-lists	0-0	8	74	1	817	453.9	837	462.5	92	East
1	p1-lists	0-0	8	74	2	841	453.9	861.7	464.3	91	11E,
1	p1-lists	0-0	8	74	3	865.6	453.9	885.3	462.5	96	16D
1	p1-lists	0-0	8	75	0	793.1	467.4	813.6	476	94	Acai
1	p1-lists	0-0	8	75	1	818.5	467.4	844.2	477.7	95	Berry
1	p1-lists	0-0	8	75	2	848.2	467.4	861.3	476	96	9H
1	p1-lists	0-0	8	76	0	793.3	480.9	838.3	489.5	92	Arrancini
1	p1-lists	0-0	8	76	1	843	480.7	852.7	489.5	96	of
1	p1-lists	0-0	8	76	2	856.5	480.7	882.2	491.2	96	Sicily
1	p1-lists	0-0	8	76	3	886.2	480.9	899.7	489.5	96	6G
1	p1-lists	0-0	8	77	0	793.1	494.4	811.5	503	91	Atis
1	p1-lists	0-0	8	77	1	815.6	494.4	833.4	503	92	10J
1	p1-lists	0-0	8	78	0	793.8	507.7	825.3	518.2	92	Birleys
1	p1-lists	0-0	8	78	1	829.5	507.9	851.8	517.8	93	10H,
1	p1-lists	0-0	8	78	2	855.7	507.9	874.8	516.5	92	15G
1	p1-lists	0-0	8	79	0	793.8	521.2	820.6	531.7	89	Birley
1	p1-lists	0-0	8	79	1	824.6	521.2	842.4	530	96	Salt
1	p1-lists	0-0	8	79	2	846.9	521.2	868.7	530	96	Beef
1	p1-lists	0-0	8	79	3	872.7	521.4	888.5	530	96	Bar
1	p1-lists	0-0	8	79	4	892.1	521.4	904.9	530	96	7G
1	p1-lists	0-0	8	80	0	793.8	534.7	819.4	543.5	96	Black
1	p1-lists	0-0	8	80	1	823.2	534.7	853.2	545.2	96	Sheep
1	p1-lists	0-0	8	80	2	857.5	534.7	889	543.5	96	Coffee
1	p1-lists	0-0	8	80	3	893	534.9	906.5	543.5	96	9D
1	p1-lists	0-0	8	81	0	793.8	548.2	820.1	557	96	Blank
1	p1-lists	0-0	8	81	1	823.9	548.4	853	557	95	Street
1	p1-lists	0-0	8	81	2	857.2	548.2	888.7	557	96	Coffee
1	p1-lists	0-0	8	81	3	892.6	548.4	907.9	558.3	90	7H,
1	p1-lists	0-0	8	81	4	911.5	548.4	927.7	557	90	10J
1	p1-lists	0-0	8	82	0	793.8	561.7	821.4	570.5	93	Bread
1	p1-lists	0-0	8	82	1	825.7	561.9	832	570.5	93	&
1	p1-lists	0-0	8	82	2	835.8	561.7	866.7	570.5	93	Truffle
1	p1-lists	0-0	8	82	3	870.9	561.9	890.8	570.5	92	10G
1	p1-lists	0-0	8	83	0	793.8	575.4	838.1	585.7	92	BrewDog
1	p1-lists	0-0	8	83	1	842.6	575.4	876.6	585.7	96	Canary
1	p1-lists	0-0	8	83	2	880.6	575.2	910.8	584	95	Wharf
1	p1-lists	0-0	8	83	3	914.6	575.4	934	584	95	16K
1	p1-lists	0-0	8	84	0	793.8	588.7	817.6	597.5	96	Brick
1	p1-lists	0-0	8	84	1	821.9	588.9	844.6	597.5	95	Lane
1	p1-lists	0-0	8	84	2	848.9	588.7	875.4	599.2	96	Bagel
1	p1-lists	0-0	8	84	3	880	588.9	894.4	598.8	96	Co,
1	p1-lists	0-0	8	84	4	898.9	588.7	923.4	597.5	93	kiosk
1	p1-lists	0-0	8	84	5	927.4	588.9	939.1	597.4	92	7F
1	p1-lists	0-0	8	85	0	793.5	602.2	814.7	611	96	Café
1	p1-lists	0-0	8	85	1	819.2	602.4	844	611	92	Brera
1	p1-lists	0-0	8	85	2	848.4	602.4	862	612.8	90	2J,
1	p1-lists	0-0	8	85	3	866	602.4	885.3	610.9	90	11A
1	p1-lists	0-0	8	86	0	793.5	615.7	818.5	624.5	79	Caffé
1	p1-lists	0-0	8	86	1	823	615.9	845.5	624.5	92	Nero
1	p1-lists	0-0	8	86	2	849.6	615.9	864.4	625.8	89	7C,
1	p1-lists	0-0	8	86	3	868.2	615.9	882.4	624.5	92	9Q
1	p1-lists	0-0	8	87	0	793.5	629.4	832.2	638	96	Caravan
1	p1-lists	0-0	8	87	1	836.5	629.4	849.3	638	95	7G
1	p1-lists	0-0	9	88	0	1029.6	332	1066	342.5	96	Pergola
1	p1-lists	0-0	9	88	1	1070.3	334.4	1081.6	340.9	95	on
1	p1-lists	0-0	9	88	2	1085.8	332	1101.1	340.9	95	the
1	p1-lists	0-0	9	88	3	1105.2	332	1135.5	340.9	92	Wharf
1	p1-lists	0-0	9	88	4	1138.7	332.2	1156.2	340.7	86	11L
1	p1-lists	0-0	9	89	0	1029.6	345.5	1055.2	356	88	Pilpel
1	p1-lists	0-0	9	89	1	1059.1	345.7	1072.5	354.4	96	8G
1	p1-lists	0-0	9	90	0	1029.6	359.2	1048.7	367.9	96	Pret
1	p1-lists	0-0	9	90	1	1052.7	359.2	1068	369.1	93	5H,
1	p1-lists	0-0	9	90	2	1071.9	359.2	1087.8	369.1	96	6G,
1	p1-lists	0-0	9	90	3	1091.7	359.2	1107.4	369.1	93	9H,
1	p1-lists	0-0	9	90	4	1111.3	359.2	1133.3	369.1	90	10C,
1	p1-lists	0-0	9	90	5	1137.3	359.2	1156.2	367.9	92	10F
1	p1-lists	0-0	9	91	0	1029.6	372.7	1051	381.4	96	Pure
1	p1-lists	0-0	9	91	1	1054.8	372.7	1070.3	382.6	96	5H,
1	p1-lists	0-0	9	91	2	1074.3	372.7	1086.7	381.2	96	7H
1	p1-lists	0-0	9	92	0	1029.6	386	1049.4	394.9	97	Rice
1	p1-lists	0-0	9	92	1	1053.6	386.2	1079.5	396.5	96	Guys,
1	p1-lists	0-0	9	92	2	1084.2	386	1108.5	394.9	93	kiosk
1	p1-lists	0-0	9	92	3	1112.2	386.2	1124.7	394.9	92	6F
1	p1-lists	0-0	9	93	0	1029.3	399.5	1046.5	408.4	96	The
1	p1-lists	0-0	9	93	1	1050.7	399.5	1076.6	408.4	96	Salad
1	p1-lists	0-0	9	93	2	1081.5	399.5	1117.3	408.4	96	Kitchen
1	p1-lists	0-0	9	93	3	1121.6	399.7	1134.9	408.4	96	8D
1	p1-lists	0-0	9	94	0	1029.3	413	1074.1	423.5	91	Sushidog
1	p1-lists	0-0	9	94	1	1078.6	413.2	1098.2	421.9	96	10H
1	p1-lists	0-0	9	95	0	1029.3	426.5	1077.5	435.4	95	Starbucks
1	p1-lists	0-0	9	95	1	1081.6	426.5	1113.1	435.4	94	Coffee
1	p1-lists	0-0	9	95	2	1117.3	426.7	1131.9	435.4	96	Co.
1	p1-lists	0-0	9	95	3	1136	426.7	1152	436.6	93	6G,
1	p1-lists	0-0	9	95	4	1155.8	426.7	1171.1	436.6	91	9C,
1	p1-lists	0-0	9	95	5	1175.1	426.7	1193.8	435.4	96	15H
1	p1-lists	0-0	9	96	0	1029.3	440.2	1041.3	448.7	89	T4
1	p1-lists	0-0	9	96	1	1045.6	440	1079.5	448.9	94	Bubble
1	p1-lists	0-0	9	96	2	1083.4	440.2	1099.3	448.9	95	Tea
1	p1-lists	0-0	9	96	3	1103.6	440.2	1123.8	448.9	95	10K
1	p1-lists	0-0	9	97	0	1029.6	453.5	1058.2	462.4	96	Urban
1	p1-lists	0-0	9	97	1	1062.7	453.7	1096.2	462.4	96	Greens
1	p1-lists	0-0	9	97	2	1100	453.7	1113.1	462.2	95	7A
1	p1-lists	0-0	9	98	0	1029.3	467	1072.5	475.9	93	Waitrose
1	p1-lists	0-0	9	98	1	1076.4	467.2	1082.7	475.9	92	&
1	p1-lists	0-0	9	98	2	1087	467.2	1127.2	475.9	95	Partners
1	p1-lists	0-0	9	98	3	1131.3	467.2	1149.9	475.7	96	11H
1	p1-lists	0-0	9	99	0	1029.3	480.5	1064.4	489.4	96	Wasabi
1	p1-lists	0-0	9	99	1	1068.1	480.7	1081.3	489.4	95	5G
1	p1-lists	0-0	9	100	0	1029.3	494	1091.4	502.9	90	WatchHouse
1	p1-lists	0-0	9	100	1	1094.8	494.2	1107.9	502.9	96	5K
1	p1-lists	0-0	9	101	0	1029.3	507.5	1059.5	516.4	96	Wharf
1	p1-lists	0-0	9	101	1	1063.6	507.5	1099.5	516.4	94	Kitchen
1	p1-lists	0-0	9	101	2	1104	507.7	1124.1	516.4	96	10D
1	p1-lists	0-0	9	102	0	1029.1	521	1060.6	529.9	96	Yellow
1	p1-lists	0-0	9	102	1	1064.9	521	1098.9	529.9	95	Ladder
1	p1-lists	0-0	9	102	2	1102.9	521	1134.4	529.9	92	Coffee
1	p1-lists	0-0	9	102	3	1138.2	521.2	1150.4	529.9	92	8F
1	p1-lists	0-0	9	103	0	1029.1	534.5	1049.2	543.4	95	Yolk
1	p1-lists	0-0	9	103	1	1053	534.7	1066.9	543.2	96	4K
1	p1-lists	0-0	9	104	0	1029.1	548.2	1065.8	556.9	91	Yumtea
1	p1-lists	0-0	9	104	1	1070.3	548.2	1089.9	556.9	96	10H
1	p1-lists	0-0	10	105	0	1029.3	569.3	1101.8	584	95	Services
1	p1-lists	0-0	11	106	0	1029.1	602.4	1063.6	610.9	90	Ace-Fx
1	p1-lists	0-0	11	106	1	1067.2	602.2	1085.1	610.9	90	10J
1	p1-lists	0-0	11	107	0	1029.1	615.9	1045.5	624.4	95	Arc
1	p1-lists	0-0	11	107	1	1049.6	615.7	1106.3	626.2	93	Community
1	p1-lists	0-0	11	107	2	1110.3	615.7	1123	624.4	88	9P
1	p1-lists	0-0	11	108	0	1029.1	629	1057.7	637.9	95	Adam
1	p1-lists	0-0	11	108	1	1062	629.2	1110.3	639.7	96	Grooming
1	p1-lists	0-0	11	108	2	1114.6	629.2	1146.6	637.9	96	Atelier
1	p1-lists	0-0	11	108	3	1149.9	629.4	1165	639.3	87	5K,
1	p1-lists	0-0	11	108	4	1169.3	629.2	1181.7	637.9	92	7C
1	p1-lists	0-0	12	109	0	1230.7	332.2	1261.6	340.9	96	James
1	p1-lists	0-0	12	109	1	1265.6	332	1315.6	340.9	96	Shoeshine
1	p1-lists	0-0	12	109	2	1319.8	332	1344.8	340.9	96	Chair
1	p1-lists	0-0	12	109	3	1348	332.2	1364.2	342.1	96	4H,
1	p1-lists	0-0	12	109	4	1368	332.2	1381.2	340.9	96	8G
1	p1-lists	0-0	12	110	0	1230.7	345.7	1247.6	354.4	96	Jon
1	p1-lists	0-0	12	110	1	1252.3	345.5	1272.6	354.4	92	Hala
1	p1-lists	0-0	12	110	2	1276.9	345.7	1296.7	354.4	91	10B
1	p1-lists	0-0	12	111	0	1231.2	359.2	1241.7	367.9	96	Le
1	p1-lists	0-0	12	111	1	1245.8	359	1276.6	367.9	95	Chalet
1	p1-lists	0-0	12	111	2	1280.7	359.2	1302.9	369.5	92	Cryo
1	p1-lists	0-0	12	111	3	1307	359.2	1323.6	367.9	91	11J
1	p1-lists	0-0	12	112	0	1231.2	372.5	1262	383	95	Lloyds
1	p1-lists	0-0	12	112	1	1266.5	372.5	1290.1	381.4	92	Bank
1	p1-lists	0-0	12	112	2	1294	372.7	1304.7	381.4	91	7J
1	p1-lists	0-0	12	113	0	1231.2	386	1261.3	394.9	96	Mouth
1	p1-lists	0-0	12	113	1	1266	386	1296.6	394.9	93	Dental
1	p1-lists	0-0	12	113	2	1301.1	386.2	1320.1	394.9	93	15G
1	p1-lists	0-0	12	114	0	1231.2	399.7	1272.8	408.4	93	NatWest
1	p1-lists	0-0	12	114	1	1276.9	399.7	1290.3	408.4	82	9N
1	p1-lists	0-0	12	115	0	1231.2	413	1278.7	421.9	93	Nicholson
1	p1-lists	0-0	12	115	1	1282.9	413.2	1289.2	421.9	92	&
1	p1-lists	0-0	12	115	2	1293.1	413	1322.7	421.9	93	Griffin
1	p1-lists	0-0	12	115	3	1327	413.2	1346.2	421.7	92	11A
1	p1-lists	0-0	12	116	0	1231.2	426.5	1278.6	435.4	89	Photo-Me
1	p1-lists	0-0	12	116	1	1282.3	426.7	1298.2	436.6	91	8G,
1	p1-lists	0-0	12	116	2	1302.1	426.7	1320	435.4	91	10J
1	p1-lists	0-0	12	117	0	1231.2	440.2	1251.9	448.9	96	Post
1	p1-lists	0-0	12	117	1	1256.1	440	1284.5	448.9	95	Office
1	p1-lists	0-0	12	117	2	1288.6	440.2	1307.9	448.9	96	16H
1	p1-lists	0-0	12	118	0	1230.7	453.5	1248.1	462.4	95	The
1	p1-lists	0-0	12	118	1	1252.6	453.7	1283.2	464	96	Prayer
1	p1-lists	0-0	12	118	2	1287.6	453.7	1315.3	462.4	95	Room
1	p1-lists	0-0	12	118	3	1319.8	453.7	1338.9	462.4	96	16H
1	p1-lists	0-0	12	119	0	1231.2	467.2	1252.5	475.9	96	Pure
1	p1-lists	0-0	12	119	1	1256.6	467.2	1288.1	477.5	96	Sports
1	p1-lists	0-0	12	119	2	1292.4	467	1335.4	475.9	96	Medicine
1	p1-lists	0-0	12	119	3	1339.2	467.2	1353.1	475.9	96	3M
1	p1-lists	0-0	12	120	0	1231.2	480.5	1267.6	489.4	91	Randox
1	p1-lists	0-0	12	120	1	1272.1	480.5	1302.7	489.4	93	Health
1	p1-lists	0-0	12	120	2	1306.8	480.7	1317.6	489.4	92	3J
1	p1-lists	0-0	12	121	0	1231.2	494	1264.7	502.9	92	Rockar
1	p1-lists	0-0	12	121	1	1268.3	494.2	1301.6	504.5	96	Jaguar
1	p1-lists	0-0	12	121	2	1305.9	494	1328.8	502.9	96	Land
1	p1-lists	0-0	12	121	3	1333.6	494.2	1361.2	502.9	93	Rover
1	p1-lists	0-0	12	121	4	1365	494.2	1376.1	502.9	93	6J
1	p1-lists	0-0	12	122	0	1231.2	507.7	1253.2	516.4	96	Ross
1	p1-lists	0-0	12	122	1	1257.1	507.5	1287.9	516.4	95	Watch
1	p1-lists	0-0	12	122	2	1292.6	507.5	1328.2	518	96	Repairs
1	p1-lists	0-0	12	122	3	1332.2	507.7	1345.7	516.2	96	4H
1	p1-lists	0-0	12	123	0	1230.9	521	1281.3	529.9	95	Santander
1	p1-lists	0-0	12	123	1	1284.9	521.2	1298	529.9	96	5K
1	p1-lists	0-0	12	124	0	1230.9	534.5	1248.7	543.4	95	Sixt
1	p1-lists	0-0	12	124	1	1252.8	534.7	1268.8	543.4	96	Car
1	p1-lists	0-0	12	124	2	1273.2	534.5	1294	544.6	96	Hire,
1	p1-lists	0-0	12	124	3	1298.7	534.5	1319.4	543.4	92	level
1	p1-lists	0-0	12	124	4	1324.1	534.7	1335.4	544.6	91	-3,
1	p1-lists	0-0	12	124	5	1339.8	534.5	1375.9	543.4	96	Canada
1	p1-lists	0-0	12	124	6	1380.1	534.7	1413.9	545	96	Square
1	p1-lists	0-0	12	124	7	1418.1	534.7	1434.3	543.4	95	Car
1	p1-lists	0-0	12	124	8	1438.4	534.5	1461.6	544.6	95	Park,
1	p1-lists	0-0	12	125	0	1239.7	548	1260.2	556.9	96	take
1	p1-lists	0-0	12	125	1	1264.5	548	1276.2	556.9	96	lift
1	p1-lists	0-0	12	125	2	1280.2	548.6	1289	556.9	93	at
1	p1-lists	0-0	12	125	3	1293.1	548.2	1312	556.9	92	11G
1	p1-lists	0-0	12	126	0	1230.9	561.5	1276.6	572	91	Smilepod
1	p1-lists	0-0	12	126	1	1280.9	561.7	1302.3	571.6	87	11A,
1	p1-lists	0-0	12	126	2	1306.3	561.7	1322.8	570.4	87	11J
1	p1-lists	0-0	12	127	0	1230.9	575.2	1267.2	585.5	95	Snappy
1	p1-lists	0-0	12	127	1	1271.2	575.2	1300.2	585.5	96	Snaps
1	p1-lists	0-0	12	127	2	1304.3	575.2	1317.4	583.9	96	6H
1	p1-lists	0-0	12	128	0	1230.7	588.5	1255	597.4	88	Ted’s
1	p1-lists	0-0	12	128	1	1259.1	588.5	1307.2	599	95	Grooming
1	p1-lists	0-0	12	128	2	1312	588.7	1339.9	597.4	93	Room
1	p1-lists	0-0	12	128	3	1344.3	588.7	1357.4	598.6	89	2J,
1	p1-lists	0-0	12	128	4	1361.5	588.7	1380.6	597.4	92	15G
1	p1-lists	0-0	12	129	0	1230.7	602	1273.2	612.5	92	Thérapie
1	p1-lists	0-0	12	129	1	1277.3	602	1303.2	610.9	95	Clinic
1	p1-lists	0-0	12	129	2	1307.2	602.2	1322.8	612.1	95	6H,
1	p1-lists	0-0	12	129	3	1326.8	602.2	1340.3	610.9	95	9D
1	p1-lists	0-0	12	130	0	1230.7	615.5	1255	624.4	96	Third
1	p1-lists	0-0	12	130	1	1259.5	615.7	1288.6	626	96	Space
1	p1-lists	0-0	12	130	2	1292.8	615.7	1326.6	626	95	Canary
1	p1-lists	0-0	12	130	3	1330.6	615.5	1360.8	624.4	96	Wharf
1	p1-lists	0-0	12	130	4	1364.6	615.7	1383.3	624.2	96	12H
1	p1-lists	0-0	12	131	0	1230.7	629	1255	637.9	96	Third
1	p1-lists	0-0	12	131	1	1259.5	629.2	1288.6	639.5	96	Space
1	p1-lists	0-0	12	131	2	1292.6	629.2	1310.1	639.5	96	Spa
1	p1-lists	0-0	12	131	3	1314.6	629.2	1333.3	637.7	96	12H
1	p1-lists	1-0	2	132	0	124.4	641.8	165.6	650.6	93	Crockett
1	p1-lists	1-0	2	132	1	169.6	642	175.9	650.6	93	&
1	p1-lists	1-0	2	132	2	179.7	642.1	207.7	650.6	96	Jones
1	p1-lists	1-0	2	132	3	211.2	642.1	224.7	650.6	96	4H
1	p1-lists	1-0	2	133	0	124.4	655.5	155.5	665.9	83	Currys
1	p1-lists	1-0	2	133	1	159.3	655.6	171.7	664.1	83	7H
1	p1-lists	1-0	2	134	0	124.8	668.8	151.6	677.6	93	David
1	p1-lists	1-0	2	134	1	156.1	668.8	188.7	677.6	90	Clulow
1	p1-lists	1-0	2	134	2	192.8	669	238.5	679.4	96	Opticians
1	p1-lists	1-0	2	134	3	241.9	669.1	254.7	677.6	96	3H
1	p1-lists	1-0	2	135	0	124.8	682.3	151.6	691.1	93	David
1	p1-lists	1-0	2	135	1	156.4	682.6	163.3	691.1	92	M
1	p1-lists	1-0	2	135	2	168.1	682.3	213.1	691.1	96	Robinson
1	p1-lists	1-0	2	135	3	217.3	682.5	230.2	691.1	96	8B
1	p1-lists	1-0	2	136	0	124.8	696.1	149.4	704.6	96	Dune
1	p1-lists	1-0	2	136	1	153.9	695.8	190.1	704.6	95	London
1	p1-lists	1-0	2	136	2	194.2	696.1	207	704.6	96	3H
1	p1-lists	1-0	2	137	0	124.8	709.5	168.9	719.9	86	Diptyque
1	p1-lists	1-0	2	137	1	172.6	709.6	186.3	718.1	96	4H
1	p1-lists	1-0	2	138	0	124.8	723.1	136.5	731.6	95	EE
1	p1-lists	1-0	2	138	1	140.1	723	153.2	731.6	95	6H
1	p1-lists	1-0	2	139	0	124.8	736.5	143.5	745.1	90	E&E
1	p1-lists	1-0	2	139	1	147.4	736.3	193.5	746.9	96	Jewellery
1	p1-lists	1-0	2	139	2	196.9	736.5	210.1	745.1	96	6H
1	p1-lists	1-0	2	140	0	124.8	749.8	162	758.6	93	Flowers
1	p1-lists	1-0	2	140	1	166	750	172.3	758.6	93	&
1	p1-lists	1-0	2	140	2	176.6	749.8	205.6	758.6	96	Plants
1	p1-lists	1-0	2	140	3	209.7	750	224.1	758.6	95	Co.
1	p1-lists	1-0	2	140	4	228.3	750	244.1	760	93	8D,
1	p1-lists	1-0	2	140	5	248.2	750	260.5	758.6	92	8F
1	p1-lists	1-0	2	141	0	124.8	763.3	153.6	773.9	96	Flying
1	p1-lists	1-0	2	141	1	157.9	763.5	182.5	773.9	96	Tiger
1	p1-lists	1-0	2	141	2	186.5	763.3	248.2	773.9	92	Copenhagen
1	p1-lists	1-0	2	141	3	252.2	763.5	272.2	772.1	92	10N
1	p1-lists	1-0	2	142	0	124.8	777.1	166	785.6	90	Fortnum
1	p1-lists	1-0	2	142	1	170.1	777	176.4	785.6	93	&
1	p1-lists	1-0	2	142	2	180.7	777.1	211.2	785.6	96	Mason
1	p1-lists	1-0	2	142	3	215.5	777	228.4	785.6	96	8H
1	p1-lists	1-0	2	143	0	124.2	790.3	141.7	799.1	96	The
1	p1-lists	1-0	2	143	1	146.2	790.6	194.6	800.9	96	Fragrance
1	p1-lists	1-0	2	143	2	198.6	790.3	223	800.9	94	Shop
1	p1-lists	1-0	2	143	3	226.8	790.6	239.4	799.1	94	7H
1	p1-lists	1-0	2	144	0	124.8	803.8	161.8	812.6	95	Hackett
1	p1-lists	1-0	2	144	1	165.1	804.1	178.8	812.6	95	4H
1	p1-lists	1-0	2	145	0	124.8	817.6	155.9	826.1	92	Hawes
1	p1-lists	1-0	2	145	1	159.9	817.5	166.2	826.1	93	&
1	p1-lists	1-0	2	145	2	170.3	817.5	198.2	826.1	94	Curtis
1	p1-lists	1-0	2	145	3	202.2	817.5	215.3	826.1	96	9H
1	p1-lists	1-0	2	146	0	124.8	830.8	155.5	839.6	95	Hobbs
1	p1-lists	1-0	2	146	1	159.7	831	172.8	839.6	95	9H
1	p1-lists	1-0	2	147	0	124.8	844.3	161.1	853.1	93	Holland
1	p1-lists	1-0	2	147	1	165.4	844.5	171.7	853.1	93	&
1	p1-lists	1-0	2	147	2	176.1	844.6	209.5	853.1	96	Barrett
1	p1-lists	1-0	2	147	3	213.5	844.6	228.6	854.4	93	7H,
1	p1-lists	1-0	2	147	4	232.8	844.5	252.4	853.1	92	10B
1	p1-lists	1-0	2	148	0	124.8	858.1	158.4	866.6	95	Horace
1	p1-lists	1-0	2	148	1	162.4	858	175.3	866.6	96	8B
1	p1-lists	1-0	2	149	0	124.8	871.3	149.4	880.1	96	Hotel
1	p1-lists	1-0	2	149	1	154.1	871.3	197.1	880.1	93	Chocolat
1	p1-lists	1-0	2	149	2	201.1	871.5	221.2	880.1	91	10G
1	p1-lists	1-0	2	150	0	124.8	884.8	149.4	893.6	96	Hotel
1	p1-lists	1-0	2	150	1	154.1	884.8	197.1	893.6	96	Chocolat
1	p1-lists	1-0	2	150	2	201.3	884.8	222.5	893.6	96	Café
1	p1-lists	1-0	2	150	3	226.5	885	240	893.6	96	8D
1	p1-lists	1-0	2	151	0	124.9	898.5	176.1	907.1	89	Intimissimi
1	p1-lists	1-0	2	151	1	180.4	898.5	193.3	907.1	96	8H
1	p1-lists	1-0	2	152	0	124.2	912.1	136.3	920.6	96	JD
1	p1-lists	1-0	2	152	1	140.4	912	167.1	922.4	96	Sport
1	p1-lists	1-0	2	152	2	171	912.1	183.6	920.6	96	7H
1	p1-lists	1-0	2	153	0	124.2	925.6	135	934.1	96	Jo
1	p1-lists	1-0	2	153	1	139.5	925.3	174.1	934.1	95	Malone
1	p1-lists	1-0	2	153	2	178.4	925.3	214.6	934.1	96	London
1	p1-lists	1-0	2	153	3	218.7	925.6	232.2	934.1	96	4H
1	p1-lists	1-0	2	154	0	124.2	938.8	147.3	947.6	96	John
1	p1-lists	1-0	2	154	1	152.1	939	178.6	947.6	93	Lewis
1	p1-lists	1-0	2	154	2	182.5	939	188.8	947.6	93	&
1	p1-lists	1-0	2	154	3	193.2	939.1	233.5	947.6	95	Partners
1	p1-lists	1-0	2	154	4	237.6	939	256.2	947.6	96	11H
1	p1-lists	1-0	2	155	0	124.8	952.3	145.1	961.1	96	Kiko
1	p1-lists	1-0	2	155	1	148.9	952.6	162.4	961.1	96	4H
1	p1-lists	1-0	4	156	0	318.4	642.5	350.5	651.3	96	Rituals
1	p1-lists	1-0	4	156	1	354.6	642.7	368.1	651.3	96	9D
1	p1-lists	1-0	4	157	0	318.4	656	351	664.8	96	Robert
1	p1-lists	1-0	4	157	1	355.5	656.4	378.4	666.6	92	Dyas
1	p1-lists	1-0	4	157	2	382.5	656.2	402.5	664.8	92	10G
1	p1-lists	1-0	4	158	0	318.4	669.9	351.6	680.1	96	Ryman
1	p1-lists	1-0	4	158	1	355.7	669.7	406.3	680.1	93	Stationery
1	p1-lists	1-0	4	158	2	410.2	669.7	422.3	678.3	92	6L
1	p1-lists	1-0	4	159	0	317.9	683.2	362.5	693.6	96	Samsung
1	p1-lists	1-0	4	159	1	366.9	683.4	379.5	691.6	96	7H
1	p1-lists	1-0	4	160	0	317.9	696.5	361.6	705.3	95	Scribbler
1	p1-lists	1-0	4	160	1	365.6	696.7	378.6	705.3	95	6H
1	p1-lists	1-0	4	161	0	317.9	710.2	335.7	718.8	96	Sixt
1	p1-lists	1-0	4	161	1	339.9	710.2	355.9	718.8	96	Car
1	p1-lists	1-0	4	161	2	360.2	710.2	381.1	720.1	96	Hire,
1	p1-lists	1-0	4	161	3	385.8	710	406.5	718.8	93	level
1	p1-lists	1-0	4	161	4	411.1	710.4	422.5	720.1	91	-3,
1	p1-lists	1-0	4	161	5	426.8	710	463	718.8	96	Canada
1	p1-lists	1-0	4	161	6	467.1	710.2	501	720.4	96	Square
1	p1-lists	1-0	4	162	0	324	723.7	340.2	732.3	95	Car
1	p1-lists	1-0	4	162	1	344.4	723.5	367.6	733.6	96	Park,
1	p1-lists	1-0	4	162	2	371.7	723.5	392.1	732.3	95	take
1	p1-lists	1-0	4	162	3	396.4	723.5	408.1	732.3	90	lift
1	p1-lists	1-0	4	162	4	412	724	421	732.3	93	at
1	p1-lists	1-0	4	162	5	425.2	723.7	443.9	732.3	92	11G
1	p1-lists	1-0	4	163	0	317.9	737.2	360.6	745.8	21	Sostrene
1	p1-lists	1-0	4	163	1	364.7	737.2	393.3	745.8	91	Grene
1	p1-lists	1-0	4	163	2	397.1	737.2	410.6	745.8	96	8D
1	p1-lists	1-0	4	164	0	317.9	750.7	347.1	760.9	95	Space
1	p1-lists	1-0	4	164	1	351.6	750.9	365.2	759.1	89	NK
1	p1-lists	1-0	4	164	2	368.8	750.9	379.8	759.3	89	3J
1	p1-lists	1-0	4	165	0	317.9	764	366.1	772.8	93	Swarovski
1	p1-lists	1-0	4	165	1	370.5	764.2	383.4	772.8	92	8C
1	p1-lists	1-0	4	166	0	317.9	777.9	344.7	786.3	95	Tesco
1	p1-lists	1-0	4	166	1	349.2	777.9	376.8	786.3	93	Metro
1	p1-lists	1-0	4	166	2	380.5	777.9	392.2	786.3	91	3L
1	p1-lists	1-0	4	167	0	317.9	791.2	337.5	799.8	95	Tian
1	p1-lists	1-0	4	167	1	341.7	791.2	361.3	799.8	96	Tian
1	p1-lists	1-0	4	167	2	366	791	398.5	799.8	94	Market
1	p1-lists	1-0	4	167	3	402.7	791.2	422.5	799.8	94	10H
1	p1-lists	1-0	4	168	0	317.9	804.9	331.4	813.1	0	TM
1	p1-lists	1-0	4	168	1	336.4	804.7	364	813.3	92	Lewin
1	p1-lists	1-0	4	168	2	368.1	804.9	378.9	813.3	91	5J
1	p1-lists	1-0	4	169	0	317.9	818	371.7	826.8	88	Trailfinders
1	p1-lists	1-0	4	169	1	375.7	818.4	387.4	826.8	67	SL
1	p1-lists	1-0	4	170	0	318.3	831.7	336.4	840.3	91	U22
1	p1-lists	1-0	4	170	1	340.6	833.8	351.9	840.3	96	on
1	p1-lists	1-0	4	170	2	356.1	831.5	371.5	840.3	96	the
1	p1-lists	1-0	4	170	3	375.5	831.5	405.7	840.3	92	Wharf
1	p1-lists	1-0	4	170	4	409.2	831.9	420.9	840.3	92	5L
1	p1-lists	1-0	4	171	0	317.9	845.2	361.1	853.8	93	Waitrose
1	p1-lists	1-0	4	171	1	365.1	845.2	371.4	853.8	92	&
1	p1-lists	1-0	4	171	2	375.7	845.4	416	853.8	95	Partners
1	p1-lists	1-0	4	171	3	420.1	845.2	438.5	853.6	96	11H
1	p1-lists	1-0	4	172	0	317.9	858.5	380	867.3	90	WatchHouse
1	p1-lists	1-0	4	172	1	384	858.9	397.1	867.3	95	5K
1	p1-lists	1-0	4	173	0	317.9	872	359.7	880.8	96	Watches
1	p1-lists	1-0	4	173	1	363.8	872	373.2	880.8	95	of
1	p1-lists	1-0	4	173	2	376.8	872	433.8	880.8	96	Switzerland
1	p1-lists	1-0	4	173	3	438.1	872.2	451.3	880.8	96	9H
1	p1-lists	1-0	4	174	0	317.9	885.7	379.3	894.3	93	Waterstones
1	p1-lists	1-0	4	174	1	383.2	885.9	394.9	894.3	89	5L
1	p1-lists	1-0	4	175	0	317.9	899.2	339	907.8	95	Wax
1	p1-lists	1-0	4	175	1	343.5	899	379.6	907.8	96	London
1	p1-lists	1-0	4	175	2	383.6	899.2	397.3	907.6	96	4H
1	p1-lists	1-0	4	176	0	317.9	912.5	335.2	921.3	96	The
1	p1-lists	1-0	4	176	1	339.3	912.5	367.9	921.3	96	White
1	p1-lists	1-0	4	176	2	372.3	912.7	418.7	923.1	96	Company
1	p1-lists	1-0	4	176	3	422.7	912.7	443	921.3	96	10D
1	p1-lists	1-0	4	177	0	317.9	926	377.3	934.8	92	Wholefoods
1	p1-lists	1-0	4	177	1	381.1	926.2	400.2	934.8	96	15D
1	p1-lists	1-0	4	178	0	318.1	939.9	339	948.3	95	Zara
1	p1-lists	1-0	4	178	1	342.9	939.9	356.1	948.3	96	3K
1	p1-lists	1-0	6	179	0	571.9	642.5	608.4	653.1	91	Indi-go,
1	p1-lists	1-0	6	179	1	612.6	642.5	642.8	651.3	96	Wharf
1	p1-lists	1-0	6	179	2	646.9	642.5	682.9	651.3	96	Kitchen
1	p1-lists	1-0	6	179	3	687.3	642.7	707.6	651.3	96	10D
1	p1-lists	1-0	6	180	0	571.9	656	605.9	666.4	20	Ippudo
1	p1-lists	1-0	6	180	1	610	656.2	644.1	666.6	95	Canary
1	p1-lists	1-0	6	180	2	647.8	656	678.3	664.8	93	Wharf
1	p1-lists	1-0	6	180	3	681.3	656.2	694.5	664.8	92	8N
1	p1-lists	1-0	6	181	0	571.9	669.9	572.8	678.1	96	|
1	p1-lists	1-0	6	181	1	577.3	669.5	599.6	679.6	96	Thai,
1	p1-lists	1-0	6	181	2	603.7	669.5	634.2	678.3	95	Wharf
1	p1-lists	1-0	6	181	3	638.1	669.5	674.1	678.3	96	Kitchen
1	p1-lists	1-0	6	181	4	678.4	669.7	698.8	678.3	96	10D
1	p1-lists	1-0	6	182	0	571.9	683.4	588.3	691.8	28	ltsu
1	p1-lists	1-0	6	182	1	592.6	683.2	605.7	691.8	95	9B
1	p1-lists	1-0	6	182	2	609.5	683	633.8	691.8	95	kiosk
1	p1-lists	1-0	6	182	3	637.6	683.2	650.9	691.8	96	8G
1	p1-lists	1-0	6	183	0	571.3	696.5	588.8	705.3	91	The
1	p1-lists	1-0	6	183	1	593.3	696.9	606.4	707.1	79	lvy
1	p1-lists	1-0	6	183	2	610.8	696.7	618	705.1	95	in
1	p1-lists	1-0	6	183	3	622.1	696.5	637.4	705.3	96	the
1	p1-lists	1-0	6	183	4	641.9	696.5	663	705.3	95	Park
1	p1-lists	1-0	6	183	5	666.7	696.7	680.2	705.3	96	9K
1	p1-lists	1-0	6	184	0	571.9	710.4	596	720.6	96	Kung
1	p1-lists	1-0	6	184	1	600.9	710.4	611.5	718.8	95	Fu
1	p1-lists	1-0	6	184	2	616.3	710.4	644.8	718.8	96	Mama
1	p1-lists	1-0	6	184	3	649.1	710.2	669.3	718.8	95	10D
1	p1-lists	1-0	6	185	0	571.9	723.9	594.6	732.3	96	Leon
1	p1-lists	1-0	6	185	1	599.1	723.7	619.2	732.3	95	10D
1	p1-lists	1-0	6	186	0	571.9	737.2	590.8	745.8	96	Lina
1	p1-lists	1-0	6	186	1	595.1	737.2	625.5	745.8	93	Stores
1	p1-lists	1-0	6	186	2	629.5	737.2	642.6	745.8	93	8N
1	p1-lists	1-0	6	187	0	571.9	750.9	623.2	761.1	91	Marugame
1	p1-lists	1-0	6	187	1	627.7	750.5	655.4	760.6	95	Udon,
1	p1-lists	1-0	6	187	2	659.7	750.7	692.7	759.3	95	Atrium
1	p1-lists	1-0	6	187	3	697.3	750.5	733.3	759.3	96	Kitchen
1	p1-lists	1-0	6	187	4	737.5	750.9	751.3	759.3	96	5M
1	p1-lists	1-0	6	188	0	571.9	764	613.1	774.1	90	Nando’s,
1	p1-lists	1-0	6	188	1	617.2	764.2	650.2	772.8	95	Atrium
1	p1-lists	1-0	6	188	2	655	764	690.9	772.8	96	Kitchen
1	p1-lists	1-0	6	188	3	695.2	764.4	711.6	774.1	94	5M,
1	p1-lists	1-0	6	188	4	715.5	764.2	728.7	772.8	96	9B
1	p1-lists	1-0	6	189	0	571.5	777.5	599.1	786.3	91	Obica
1	p1-lists	1-0	6	189	1	603.7	777.5	654.9	786.3	96	Mozzarella
1	p1-lists	1-0	6	189	2	659.5	777.9	676.6	787.6	95	Bar,
1	p1-lists	1-0	6	189	3	681.3	777.7	705.8	786.3	92	Pizza
1	p1-lists	1-0	6	189	4	710.1	779.8	715	786.3	92	e
1	p1-lists	1-0	6	189	5	719.1	777.7	751.3	786.3	95	Cucina
1	p1-lists	1-0	6	189	6	755.8	777.7	769	786.1	95	7A
1	p1-lists	1-0	6	190	0	571.3	791	588.8	799.8	96	The
1	p1-lists	1-0	6	190	1	593.1	791	627.9	799.8	92	Parlour
1	p1-lists	1-0	6	190	2	631.8	791.4	642.3	799.8	87	7J
1	p1-lists	1-0	6	191	0	571.9	804.5	589.7	813.3	96	Pho
1	p1-lists	1-0	6	191	1	593.7	804.7	606.8	813.3	96	9B
1	p1-lists	1-0	6	192	0	571.9	818	595.1	826.8	93	Pitch
1	p1-lists	1-0	6	192	1	599.4	818.2	617.4	826.8	92	15F
1	p1-lists	1-0	6	193	0	571.9	831.7	623.5	842.1	92	Pittagoras,
1	p1-lists	1-0	6	193	1	627.9	831.5	658.1	840.3	95	Wharf
1	p1-lists	1-0	6	193	2	662.2	831.5	698.1	840.3	95	Kitchen
1	p1-lists	1-0	6	193	3	702.6	831.7	722.7	840.3	96	10D
1	p1-lists	1-0	6	194	0	571.9	845	594.9	853.8	96	Poke
1	p1-lists	1-0	6	194	1	599.2	845.4	631.3	855.1	96	House,
1	p1-lists	1-0	6	194	2	635.4	845	665.7	853.8	96	Wharf
1	p1-lists	1-0	6	194	3	669.8	845	705.8	853.8	96	Kitchen
1	p1-lists	1-0	6	194	4	710.1	845.2	730.5	853.8	96	10D
1	p1-lists	1-0	6	195	0	571.9	858.5	604.8	867.3	93	Rocket
1	p1-lists	1-0	6	195	1	609	858.7	626.2	867.3	92	16J
1	p1-lists	1-0	6	196	0	571.9	872.4	589.9	880.8	92	Roe
1	p1-lists	1-0	6	196	1	594	872.2	612.6	880.8	92	15C
1	p1-lists	1-0	6	197	0	571.9	885.5	595.1	894.3	91	Roka
1	p1-lists	1-0	6	197	1	599.4	885.9	610	894.3	91	7J
1	p1-lists	1-0	6	198	0	571.3	899	588.8	907.8	96	The
1	p1-lists	1-0	6	198	1	592.8	899	618.7	907.8	95	Salad
1	p1-lists	1-0	6	198	2	623.5	899.2	657.2	909.6	96	Project
1	p1-lists	1-0	6	198	3	661.3	899.2	674.3	907.8	96	6H
1	p1-lists	1-0	6	199	0	571.3	912.5	600.1	921.3	96	Shake
1	p1-lists	1-0	6	199	1	604.1	912.5	633.1	921.3	90	Shack
1	p1-lists	1-0	6	199	2	636.5	912.9	647.1	921.3	83	7J
1	p1-lists	1-0	6	200	0	571.3	926	637	934.8	33	Sticks‘n’Sushi
1	p1-lists	1-0	6	200	1	640.8	926.2	654.1	934.8	92	8N
1	p1-lists	1-0	6	201	0	571.3	939.5	609.5	950.1	93	Subway
1	p1-lists	1-0	6	201	1	613.5	939.7	627.7	948.3	52	9Q
1	p1-lists	1-0	6	202	0	571.3	953	634	963.1	95	Thunderbird,
1	p1-lists	1-0	6	202	1	638.1	953	668.5	961.8	96	Wharf
1	p1-lists	1-0	6	202	2	672.5	953	708.5	961.8	96	Kitchen
1	p1-lists	1-0	6	202	3	712.8	953.2	733.2	961.8	96	10D
1	p1-lists	1-0	7	203	0	793.5	642.7	813.8	651.5	96	Chai
1	p1-lists	1-0	7	203	1	818.3	642.9	841.9	653.3	92	Guys
1	p1-lists	1-0	7	203	2	846	642.9	862.6	651.5	91	11J
1	p1-lists	1-0	7	204	0	793.5	656.4	817.6	665	96	Coco
1	p1-lists	1-0	7	204	1	821.5	656.2	829.5	665	96	di
1	p1-lists	1-0	7	204	2	834.3	656.5	862.6	665	96	Mama
1	p1-lists	1-0	7	204	3	866.9	656.4	880	665	95	6H
1	p1-lists	1-0	7	205	0	793.5	669.9	820.1	678.5	96	Costa
1	p1-lists	1-0	7	205	1	824.6	669.7	856.1	678.5	95	Coffee
1	p1-lists	1-0	7	205	2	860.1	669.9	872.8	678.5	96	2H
1	p1-lists	1-0	7	206	0	793.8	683.4	837.4	692	95	Directors
1	p1-lists	1-0	7	206	1	841.9	683.5	859.3	692	95	Box
1	p1-lists	1-0	7	206	2	863.3	683.4	877.3	692	95	8M
1	p1-lists	1-0	7	207	0	793.8	697	828.2	705.5	95	Farmer
1	p1-lists	1-0	7	207	1	831.8	697	835.9	705.5	96	J
1	p1-lists	1-0	7	207	2	840.3	696.9	855.9	706.8	93	8G,
1	p1-lists	1-0	7	207	3	860.2	696.9	880	705.5	92	10B
1	p1-lists	1-0	7	208	0	793.5	709.5	818.7	721.5	0	Gail's
1	p1-lists	1-0	7	208	1	825.9	710.4	842.8	719	82	10N
1	p1-lists	1-0	7	209	0	793.5	723.7	847.6	733.8	90	Garbanzos,
1	p1-lists	1-0	7	209	1	852.3	723.7	876.6	732.5	96	kiosk
1	p1-lists	1-0	7	209	2	880.6	723.9	893.9	732.5	96	6G
1	p1-lists	1-0	7	210	0	793.5	737.4	828	747.8	95	Greggs
1	p1-lists	1-0	7	210	1	831.6	737.4	844.8	746	96	6H
1	p1-lists	1-0	7	211	0	793.5	750.7	819.2	759.5	96	Grind
1	p1-lists	1-0	7	211	1	823.5	751	836.3	759.5	95	5H
1	p1-lists	1-0	7	212	0	793.8	764.2	851.8	773	92	Hawksmoor
1	p1-lists	1-0	7	212	1	855.9	764.5	871.9	773	96	Bar
1	p1-lists	1-0	7	212	2	875.7	764.2	904.3	773	96	Wood
1	p1-lists	1-0	7	212	3	908.7	764.2	938.9	773	96	Wharf
1	p1-lists	1-0	7	212	4	942.7	764.4	962.3	773	96	16D
1	p1-lists	1-0	7	213	0	793.8	778	828.2	788.3	91	HeyTea
1	p1-lists	1-0	7	213	1	832.3	777.9	843.9	786.5	72	4J
1	p1-lists	1-0	7	214	0	793.8	791.2	818.5	800	96	Hotel
1	p1-lists	1-0	7	214	1	823	791.2	866	800	96	Chocolat
1	p1-lists	1-0	7	214	2	870.1	791.2	891.6	800	95	Café
1	p1-lists	1-0	7	214	3	895.3	791.4	908.8	800	96	8D
1	p1-lists	1-0	7	215	0	793.1	804.9	839	813.5	96	Jamaican
1	p1-lists	1-0	7	215	1	843.7	805	870.1	815.3	96	Patty,
1	p1-lists	1-0	7	215	2	874.6	804.7	898.9	813.5	93	kiosk
1	p1-lists	1-0	7	215	3	902.9	804.9	915.1	813.5	92	6F
1	p1-lists	1-0	7	216	0	793.1	818.2	817.8	827	91	Jenki
1	p1-lists	1-0	7	216	1	822.1	818.4	835.6	827	96	8D
1	p1-lists	1-0	7	217	0	793.1	832	810	840.5	90	Joe
1	p1-lists	1-0	7	217	1	814	831.9	820.3	840.5	90	&
1	p1-lists	1-0	7	217	2	824.1	831.7	841.5	840.5	96	The
1	p1-lists	1-0	7	217	3	845.3	831.9	870.1	840.5	95	Juice
1	p1-lists	1-0	7	217	4	873.9	832	889	841.8	96	3K,
1	p1-lists	1-0	7	217	5	893	831.9	911.7	840.5	95	15H
1	p1-lists	1-0	7	218	0	793.1	845.5	810	854	93	Joe
1	p1-lists	1-0	7	218	1	814.5	845.2	847.5	854	91	Blake’s
1	p1-lists	1-0	7	218	2	851.6	845.4	871.4	854	94	10H
1	p1-lists	1-0	7	219	0	793.8	859	821.4	867.5	96	Notes
1	p1-lists	1-0	7	219	1	825.5	858.7	857	867.5	96	Coffee
1	p1-lists	1-0	7	219	2	861.5	859	903.1	867.5	93	Roasters
1	p1-lists	1-0	7	219	3	907	858.9	913.3	867.5	93	&
1	p1-lists	1-0	7	219	4	917.7	859	933.5	867.5	93	Bar
1	p1-lists	1-0	7	219	5	937.5	859	950.2	867.5	91	7N
1	p1-lists	1-0	7	220	0	793.8	872.5	821.4	881	96	Notes
1	p1-lists	1-0	7	220	1	825.5	872.2	857	881	96	Coffee
1	p1-lists	1-0	7	220	2	861.5	872.5	903.1	881	92	Roasters
1	p1-lists	1-0	7	220	3	907.2	872.4	926.1	881	89	10F
1	p1-lists	1-0	7	221	0	793.8	886	821.4	894.5	96	Notes
1	p1-lists	1-0	7	221	1	825.5	885.7	857	894.5	96	Coffee
1	p1-lists	1-0	7	221	2	861.5	886	905.4	895.8	95	Roasters,
1	p1-lists	1-0	7	221	3	910.1	885.7	934.4	894.5	92	kiosk
1	p1-lists	1-0	7	221	4	938.4	886	949.7	894.5	91	7L
1	p1-lists	1-0	7	222	0	793.5	899.4	819	908	93	Oasis
1	p1-lists	1-0	7	222	1	823.5	899.5	839.4	908	96	Bar
1	p1-lists	1-0	7	222	2	843.1	899.2	860.4	908	95	and
1	p1-lists	1-0	7	222	3	864.7	899.5	900	908	93	Terrace
1	p1-lists	1-0	7	222	4	904	899.4	915	908	92	8J
1	p1-lists	1-0	7	223	0	793.5	912.7	840.6	923.3	89	Obergine,
1	p1-lists	1-0	7	223	1	845.3	912.7	869.6	921.5	93	kiosk
1	p1-lists	1-0	7	223	2	873.6	912.9	885.8	921.5	92	6F
1	p1-lists	1-0	7	224	0	793.5	926.2	809.3	935	93	Ole
1	p1-lists	1-0	7	224	1	813.1	926.4	819.4	935	93	&
1	p1-lists	1-0	7	224	2	823.3	926.4	850.3	935	96	Steen
1	p1-lists	1-0	7	224	3	854.5	926.4	870.3	936.3	93	8D,
1	p1-lists	1-0	7	224	4	874.1	926.4	887.6	935	90	9N
1	p1-lists	1-0	7	225	0	793.8	939.9	816.5	948.5	95	Paris
1	p1-lists	1-0	7	225	1	820.8	940	865.1	950.3	93	Baguette
1	p1-lists	1-0	7	225	2	869.1	939.9	882.2	948.5	92	9C
1	p1-lists	1-0	7	226	0	793.8	953.2	813.3	962	95	Paul
1	p1-lists	1-0	7	226	1	817.6	953.5	830.4	962	95	5H
1	p1-lists	1-0	9	227	0	1029.6	642.7	1069.8	653.1	96	Barclays
1	p1-lists	1-0	9	227	1	1073.9	642.9	1092.6	651.5	96	15H
1	p1-lists	1-0	9	228	0	1029.6	656.2	1069.8	666.6	96	Barclays
1	p1-lists	1-0	9	228	1	1074.3	656.2	1097.8	665	96	Bank
1	p1-lists	1-0	9	228	2	1101.6	656.4	1122.3	664.8	96	ATM
1	p1-lists	1-0	9	228	3	1126.6	656.2	1139.8	665	96	6H
1	p1-lists	1-0	9	229	0	1029.6	669.9	1062.7	680.1	89	Barry’s
1	p1-lists	1-0	9	229	1	1066.7	669.7	1079.5	678.5	92	9P
1	p1-lists	1-0	9	230	0	1029.6	683.2	1052.8	691.8	95	Blink
1	p1-lists	1-0	9	230	1	1057.2	683.4	1081.6	691.8	96	Brow
1	p1-lists	1-0	9	230	2	1086.1	683.4	1102	692	93	Bar
1	p1-lists	1-0	9	230	3	1105.9	683.2	1122.7	691.8	92	12J
1	p1-lists	1-0	9	231	0	1029.6	696.7	1082.5	705.5	90	Bloobloom
1	p1-lists	1-0	9	231	1	1086.9	696.9	1099.5	705.3	96	7H
1	p1-lists	1-0	9	232	0	1029.6	710.4	1059.7	720.3	92	Boots,
1	p1-lists	1-0	9	232	1	1063.6	710.2	1085.4	720.3	91	10C,
1	p1-lists	1-0	9	232	2	1089.6	710.2	1109.2	719	96	10H
1	p1-lists	1-0	9	233	0	1029.6	723.7	1059.1	734.1	96	Bright
1	p1-lists	1-0	9	233	1	1063.5	723.7	1105.8	732.3	95	Horizons
1	p1-lists	1-0	9	233	2	1109.9	723.7	1146.1	732.5	96	Canada
1	p1-lists	1-0	9	233	3	1150.2	723.7	1184.1	734.1	96	Square
1	p1-lists	1-0	9	234	0	1038.8	737.4	1056.6	747.6	96	Day
1	p1-lists	1-0	9	234	1	1061.1	737.4	1098.7	747.6	93	Nursery
1	p1-lists	1-0	9	234	2	1102.7	737.4	1109	746	93	&
1	p1-lists	1-0	9	234	3	1113.3	737.2	1160.1	746	91	Preschool
1	p1-lists	1-0	9	234	4	1164.6	737.4	1182.6	745.8	91	12F
1	p1-lists	1-0	9	235	0	1029.6	750.9	1067.8	759.3	77	Brown’s
1	p1-lists	1-0	9	235	1	1071.7	750.7	1109.4	761.1	93	Tanning
1	p1-lists	1-0	9	235	2	1113.9	750.9	1133.1	759.3	93	11A
1	p1-lists	1-0	9	236	0	1029.6	764.4	1053.9	774.6	96	Bupa
1	p1-lists	1-0	9	236	1	1058.6	764.2	1089.2	773	93	Health
1	p1-lists	1-0	9	236	2	1093.3	764.2	1099.6	772.8	92	&
1	p1-lists	1-0	9	236	3	1104	764.2	1134.6	773	96	Dental
1	p1-lists	1-0	9	236	4	1139.2	764.2	1170.9	773	96	Centre
1	p1-lists	1-0	9	236	5	1175.1	764.2	1189.3	773	96	9M
1	p1-lists	1-0	9	237	0	1029.4	777.7	1056.1	786.5	96	Circle
1	p1-lists	1-0	9	237	1	1060.2	777.7	1107.6	786.5	96	Collective
1	p1-lists	1-0	9	237	2	1111.7	777.7	1125.2	786.5	96	9D
1	p1-lists	1-0	9	238	0	1029.4	791.2	1048.2	801.6	95	City
1	p1-lists	1-0	9	238	1	1052.1	791.2	1061.5	800	96	of
1	p1-lists	1-0	9	238	2	1065.6	791.2	1101.8	800	96	London
1	p1-lists	1-0	9	238	3	1106.5	791.4	1122.9	801.6	96	Dry
1	p1-lists	1-0	9	238	4	1127	791.2	1168.6	800	92	Cleaners
1	p1-lists	1-0	9	238	5	1172.2	791.2	1184.2	800	92	8F
1	p1-lists	1-0	9	239	0	1029.4	804.7	1060.6	813.5	90	Code8
1	p1-lists	1-0	9	239	1	1065.1	804.9	1098.7	815.1	93	Beauty
1	p1-lists	1-0	9	239	2	1102.9	804.7	1115.3	813.5	90	7C
1	p1-lists	1-0	9	240	0	1029.3	818.2	1046.5	826.8	96	The
1	p1-lists	1-0	9	240	1	1050.7	818.2	1076.4	827	95	Color
1	p1-lists	1-0	9	240	2	1080.4	818.2	1094.8	827	93	Co.
1	p1-lists	1-0	9	240	3	1098.9	818.4	1115.7	826.8	88	12J
1	p1-lists	1-0	9	241	0	1029.4	831.7	1053.6	840.5	95	Coral
1	p1-lists	1-0	9	241	1	1057.7	831.9	1070.3	840.3	95	7H
1	p1-lists	1-0	9	242	0	1029.6	845.2	1056.4	854	93	David
1	p1-lists	1-0	9	242	1	1060.9	845.2	1093.5	854	91	Clulow
1	p1-lists	1-0	9	242	2	1097.7	845.2	1143.4	855.6	95	Opticians
1	p1-lists	1-0	9	242	3	1147.3	845.4	1162.6	855.3	92	3H,
1	p1-lists	1-0	9	242	4	1166.6	845.2	1179.2	854	92	7C
1	p1-lists	1-0	9	243	0	1029.3	858.7	1053.7	867.5	88	eMed
1	p1-lists	1-0	9	243	1	1059.7	858.9	1072.5	867.5	96	5K
1	p1-lists	1-0	9	244	0	1029.6	872.2	1059	881	89	Enmei
1	p1-lists	1-0	9	244	1	1063.1	872.2	1083.1	881	87	10N
1	p1-lists	1-0	9	245	0	1029.6	885.7	1072.6	894.5	96	Freedom
1	p1-lists	1-0	9	245	1	1077.1	885.7	1110.3	895.8	96	Clinics,
1	p1-lists	1-0	9	245	2	1114.4	885.9	1119.4	894.3	96	2
1	p1-lists	1-0	9	245	3	1123.6	885.7	1156.9	894.5	93	outlets
1	p1-lists	1-0	9	245	4	1161	885.7	1177.8	894.3	76	12J
1	p1-lists	1-0	9	246	0	1029.4	899.2	1046	907.8	95	Get
1	p1-lists	1-0	9	246	1	1050	901.5	1054.5	908	95	a
1	p1-lists	1-0	9	246	2	1059.3	899.2	1078.9	909.6	93	Drip
1	p1-lists	1-0	9	246	3	1082.4	899.4	1094.2	908	91	5L
1	p1-lists	1-0	9	247	0	1029.6	912.7	1056.6	921.5	96	HSBC
1	p1-lists	1-0	9	247	1	1060.9	912.9	1074.4	921.5	96	UK
1	p1-lists	1-0	9	247	2	1077.9	912.7	1093.3	922.8	92	8H,
1	p1-lists	1-0	9	247	3	1097.3	912.7	1117.1	921.5	92	10C
1	p1-lists	1-0	9	248	0	1029.8	926.2	1049.4	935	79	|dea
1	p1-lists	1-0	9	248	1	1053.6	926.2	1079.1	935	96	Store
1	p1-lists	1-0	9	248	2	1083.1	926.4	1101.8	935	96	15H
1	p1-lists	1-0	9	249	0	1029.6	939.7	1063.6	948.5	18	iISmash
1	p1-lists	1-0	9	249	1	1068.1	939.7	1088.1	948.5	96	10K
1	p1-lists	1-0	9	250	0	1029.1	953.4	1060	962	96	James
1	p1-lists	1-0	9	250	1	1064	953.2	1087.9	962	96	Shoe
1	p1-lists	1-0	9	250	2	1092.1	953.2	1113.7	962	96	Care
1	p1-lists	1-0	9	250	3	1117.3	953.2	1130.4	962	96	8G
1	p1-lists	1-0	11	251	0	1230.7	642.7	1249.9	651.3	89	Toni
1	p1-lists	1-0	11	251	1	1254.3	642.7	1260.7	651.3	89	&
1	p1-lists	1-0	11	251	2	1264.7	642.7	1283.4	653.1	96	Guy
1	p1-lists	1-0	11	251	3	1287.4	642.7	1300.5	651.3	96	6H
1	p1-lists	1-0	11	252	0	1230.7	656	1285.9	664.8	91	Townhouse
1	p1-lists	1-0	11	252	1	1289.9	656.2	1305	666.1	89	8C,
1	p1-lists	1-0	11	252	2	1309	656.2	1325.5	664.8	92	11J
1	p1-lists	1-0	11	253	0	1230.7	669.5	1284.7	678.3	90	Trailfinders
1	p1-lists	1-0	11	253	1	1288.6	669.9	1300.3	678.3	49	5L
1	p1-lists	1-0	11	254	0	1231.2	683.2	1249.4	691.8	91	U22
1	p1-lists	1-0	11	254	1	1253.5	685.3	1264.9	691.8	96	on
1	p1-lists	1-0	11	254	2	1269	683	1284.3	691.8	96	the
1	p1-lists	1-0	11	254	3	1288.3	683	1318.7	691.8	93	Wharf
1	p1-lists	1-0	11	254	4	1322.1	683.2	1334.4	691.8	93	8F
1	p1-lists	1-0	11	255	0	1231.2	696.5	1272.1	705.3	95	Ultimate
1	p1-lists	1-0	11	255	1	1276.6	696.5	1338.9	705.3	96	Performance
1	p1-lists	1-0	11	255	2	1342.6	696.9	1356.7	705.3	96	3M
1	p1-lists	1-0	11	256	0	1230.7	710.2	1259.8	718.8	96	Vision
1	p1-lists	1-0	11	256	1	1264.5	710.4	1301.8	720.4	96	Express
1	p1-lists	1-0	11	256	2	1305.9	710	1339.9	720.4	95	Optical
1	p1-lists	1-0	11	256	3	1345	710	1361.9	718.8	95	Lab
1	p1-lists	1-0	11	256	4	1366	710.2	1379	718.8	96	9H
1	p1-lists	1-0	11	257	0	1230.9	723.5	1272.4	732.3	96	Weather
1	p1-lists	1-0	11	257	1	1276.2	723.5	1293.7	732.3	96	and
1	p1-lists	1-0	11	257	2	1298.5	723.5	1331.8	732.3	96	Palette
1	p1-lists	1-0	11	257	3	1336	723.7	1349.5	732.3	95	9D
1	p1-lists	1-0	11	258	0	1230.9	737	1259.5	745.8	95	Wood
1	p1-lists	1-0	11	258	1	1263.8	737	1294	745.8	96	Wharf
1	p1-lists	1-0	11	258	2	1298.2	737	1345.9	747.6	95	Marketing
1	p1-lists	1-0	11	258	3	1350.2	737.2	1374.3	745.8	93	Suite
1	p1-lists	1-0	11	258	4	1378.5	737.2	1396.5	745.6	92	12E
1	p1-lists	1-0	12	259	0	1231.8	758.6	1356.3	773.2	93	Entertainment
1	p1-lists	1-0	12	259	1	1362.1	758.8	1373.6	773.2	91	&
1	p1-lists	1-0	12	259	2	1378.8	758.6	1461.1	773.2	95	Activities
1	p1-lists	1-0	13	260	0	1231.2	791.5	1279.3	801.8	96	Everyman
1	p1-lists	1-0	13	260	1	1283.8	791.4	1319.8	800.2	95	Cinema
1	p1-lists	1-0	13	260	2	1324.1	791.5	1358.1	801.8	96	Canary
1	p1-lists	1-0	13	260	3	1362.1	791.4	1392.3	800.2	93	Wharf
1	p1-lists	1-0	13	260	4	1395.9	791.5	1408.5	800.2	92	8P
1	p1-lists	1-0	13	261	0	1231.2	804.9	1248.1	815.3	95	Flip
1	p1-lists	1-0	13	261	1	1252.5	804.9	1272.1	814.9	95	Out,
1	p1-lists	1-0	13	261	2	1276.9	804.9	1308.4	813.7	95	Indoor
1	p1-lists	1-0	13	261	3	1312	804.9	1363.2	813.7	96	Adventure
1	p1-lists	1-0	13	261	4	1367.7	804.9	1388.5	813.7	96	Park
1	p1-lists	1-0	13	261	5	1392.5	805	1404.9	813.5	96	1H
1	p1-lists	1-0	13	262	0	1231	818.5	1267.4	827.2	90	GoBoat
1	p1-lists	1-0	13	262	1	1271.5	818.5	1305.6	828.8	96	Canary
1	p1-lists	1-0	13	262	2	1309.5	818.2	1339.8	827.2	96	Wharf
1	p1-lists	1-0	13	262	3	1343.2	818.4	1370	827.2	96	ticket
1	p1-lists	1-0	13	262	4	1374.3	818.4	1398.8	827.2	93	kiosk
1	p1-lists	1-0	13	262	5	1402.8	818.4	1421.1	827.2	92	16F
1	p1-lists	1-0	13	263	0	1231.2	832	1243.3	840.5	92	K1
1	p1-lists	1-0	13	263	1	1247.1	831.9	1277.3	842.3	95	Speed
1	p1-lists	1-0	13	263	2	1282.2	831.9	1306.1	840.7	92	Level
1	p1-lists	1-0	13	263	3	1310.6	832	1320.5	840.5	92	-4
1	p1-lists	1-0	13	263	4	1324.6	831.9	1353.6	840.7	96	Cabot
1	p1-lists	1-0	13	263	5	1357.9	831.9	1383.1	840.7	96	Place
1	p1-lists	1-0	13	263	6	1387.1	834.2	1401.7	840.7	96	car
1	p1-lists	1-0	13	263	7	1405.8	831.9	1427.1	842.3	96	park
1	p1-lists	1-0	13	263	8	1430.7	832	1443.8	840.7	96	3G
1	p1-lists	1-0	13	264	0	1231.2	845.4	1254.6	854.2	92	Pitch
1	p1-lists	1-0	13	264	1	1258.9	845.5	1276.9	854.2	92	15F
1	p1-lists	1-0	13	265	0	1230.9	858.5	1248.3	867.1	96	Sea
1	p1-lists	1-0	13	265	1	1253.2	858.5	1281.6	867.1	95	Lanes
1	p1-lists	1-0	13	265	2	1285.9	858.5	1312.6	868.8	94	Open
1	p1-lists	1-0	13	265	3	1316.9	858.5	1348.2	867.1	95	Water
1	p1-lists	1-0	13	265	4	1352	858.5	1405.1	868.8	94	Swimming
1	p1-lists	1-0	13	266	0	1231	871.5	1251.7	881.5	96	(see
1	p1-lists	1-0	13	266	1	1256.4	871.6	1287.4	880.1	95	Estate
1	p1-lists	1-0	13	266	2	1291.9	873.6	1313.3	881.9	94	map
1	p1-lists	1-0	13	266	3	1317.8	873.6	1342.3	881.9	96	page
1	p1-lists	1-0	13	266	4	1346.4	871.5	1351.5	880.1	93	2
1	p1-lists	1-0	13	266	5	1355.8	871.5	1372.3	881.5	91	5E)
1	p1-key	0-0	1	267	0	1525	326.6	1554.9	343.2	95	Key
1	p1-key	0-0	1	267	1	1560.1	327.2	1576.7	340.3	96	to
1	p1-key	0-0	1	267	2	1582.1	326.3	1651.2	343.2	96	symbols
1	p1-key	0-0	1	268	0	1523.9	358.5	1559.8	367.3	96	Jubilee
1	p1-key	0-0	1	268	1	1564.4	358.5	1581	367.3	96	line
1	p1-key	0-0	1	269	0	1524.7	385.5	1576.7	394.3	96	Docklands
1	p1-key	0-0	1	269	1	1581.4	385.5	1606.2	395.9	95	Light
1	p1-key	0-0	1	269	2	1610.9	385.5	1649.2	395.9	94	Railway
1	p1-key	0-0	1	270	0	1524.7	412.5	1570.4	421.3	96	Elizabeth
1	p1-key	0-0	1	270	1	1575.2	412.5	1592	421.3	95	line
1	p1-key	0-0	1	271	0	1524.7	439.5	1561.7	449.9	95	Parking
1	p1-key	0-0	1	271	1	1566.6	440	1610.9	449.9	96	payment
1	p1-key	0-0	1	271	2	1615.4	439.5	1646	449.9	96	points
1	p1-key	0-0	1	272	0	1524.7	466.5	1554.7	475.3	94	Public
1	p1-key	0-0	1	272	1	1558.7	466.5	1584.2	475.3	96	toilet
1	p1-key	0-0	1	273	0	1524.7	493.5	1567.3	502.3	96	Disabled
1	p1-key	0-0	1	273	1	1571.8	493.5	1597.4	502.3	96	toilet
1	p1-key	0-0	1	274	0	1524.7	520.5	1567.3	529.3	95	Disabled
1	p1-key	0-0	1	274	1	1571.8	520.5	1597.4	529.3	96	toilet
1	p1-key	0-0	1	274	2	1601.5	520.5	1622.6	529.3	95	with
1	p1-key	0-0	1	274	3	1627.4	520.5	1651	529.3	96	hoist
1	p1-key	0-0	1	274	4	1655.2	520.5	1696.2	529.3	96	facilities
1	p1-key	0-0	1	275	0	1524.7	547.7	1556.7	556.3	96	Parent
1	p1-key	0-0	1	275	1	1561.2	547.5	1585.5	557.9	96	baby
1	p1-key	0-0	1	275	2	1589.6	547.5	1635.7	557.9	95	changing
1	p1-key	0-0	1	276	0	1524.7	574.7	1556.7	583.3	96	Parent
1	p1-key	0-0	1	276	1	1561.2	574.5	1585.5	584.9	95	baby
1	p1-key	0-0	1	276	2	1589.5	574.5	1627.1	584.9	95	feeding
1	p1-key	0-0	1	277	0	1524.7	601.7	1556.2	611.9	95	Prayer
1	p1-key	0-0	1	277	1	1560.5	603.8	1586	610.3	95	room
1	p1-key	0-0	2	278	0	1524.1	628.7	1554.5	637.3	95	Water
1	p1-key	0-0	2	278	1	1558.3	628.5	1585.3	638.9	96	filling
1	p1-key	0-0	2	278	2	1589.6	628.5	1629.1	637.3	96	stations
1	p1-key	0-0	3	279	0	1500	649.7	1521.6	664.1	42	2d
1	p1-key	0-0	3	279	1	1500	622.7	1521.6	642.5	5	Ls]
1	p1-key	0-0	3	279	2	1500	597.5	1521.6	617.3	49	bel
1	p1-key	0-0	3	279	3	1500	570.5	1521.6	588.5	44	el
1	p1-key	0-0	3	279	4	1500	555.2	1521.6	563.3	13	HE
1	p1-key	0-0	3	279	5	1500	516.5	1521.6	530.9	20	0G
1	p1-key	0-0	3	279	6	1500	489.5	1521.6	507.5	18	009
1	p1-key	0-0	3	279	7	1500	462.5	1521.6	482.3	2	EE
1	p1-key	0-0	3	279	8	1500	433.7	1521.6	455.3	16	Bd
1	p1-key	0-0	3	279	9	1500	408.5	1521.6	426.5	0	\V
1	p1-key	0-0	3	279	10	1500	353.5	1516.6	397.7	0	YW
1	p1-key	1-0	1	280	0	1524.7	655.5	1540.1	664.3	96	Lift
1	p1-key	1-0	1	281	0	1524.7	682.5	1570.6	691.3	96	Escalator
1	p1-key	1-0	1	282	0	1524.1	709.6	1545.4	718.1	94	ATM
1	p1-key	1-0	1	283	0	1524.7	736.8	1545.9	745.3	96	Post
1	p1-key	1-0	1	283	1	1550.4	736.5	1568	745.3	96	box
1	p1-key	1-0	1	284	0	1524.1	763.6	1565.5	772.3	96	Amazon
1	p1-key	1-0	1	284	1	1570.4	763.5	1600.3	772.3	93	locker
1	p1-key	1-0	1	285	0	1524.7	790.8	1545.9	799.3	96	Free
1	p1-key	1-0	1	285	1	1550	790.5	1567	799.3	96	wifi
1	p1-key	1-0	1	285	2	1571.5	790.5	1615.6	799.3	96	available
1	p1-key	1-0	1	285	3	1619.7	792.8	1651.2	799.3	95	across
1	p1-key	1-0	1	285	4	1655.5	790.6	1690.8	801.1	95	Canary
1	p1-key	1-0	1	285	5	1694.8	790.5	1726.1	799.3	96	Wharf
1	p1-key	1-0	2	286	0	1524.7	817.5	1550.2	826.3	95	Floor
1	p1-key	1-0	2	286	1	1554.5	817.5	1576.1	826.3	93	level
1	p1-key	1-0	2	286	2	1581	817.5	1625.3	826.3	96	indicator
1	p1-key	1-0	2	286	3	1629.4	817.6	1656.6	826.3	88	‘Zero’
1	p1-key	1-0	2	286	4	1661.1	817.5	1693.3	827.9	95	equals
1	p1-key	1-0	2	286	5	1697.5	818	1726.1	826.3	95	street
1	p1-key	1-0	2	286	6	1730.8	817.5	1752.2	826.3	94	level
1	p1-reread	0-0	3	0	0	318.3	372.7	369	381.3	33	L'Occitane
1	p1-reread	0-0	3	0	1	372.8	372.7	385.8	381.3	92	8C
1	p1-reread	0-0	6	1	0	793.4	386.2	817.1	394.9	55	/a’ta
1	p1-reread	0-0	6	1	1	821	386.2	833.5	394.8	95	7H
1	p1-reread	1-0	4	2	0	317.8	737.1	360.5	745.9	63	Sgstrene
1	p1-reread	1-0	4	2	1	364.7	737.1	393.2	745.9	90	Grene
1	p1-reread	1-0	4	2	2	397.1	737.1	410.6	745.9	96	8D
1	p1-reread	1-0	4	3	0	317.8	804.7	331.5	813.3	53	TM
1	p1-reread	1-0	4	3	1	336.4	804.6	363.9	813.4	92	Lewin
1	p1-reread	1-0	4	3	2	368.1	804.7	378.9	813.4	90	5J
1	p1-reread	1-0	6	4	0	571.3	939.5	609.5	950.1	93	Subway
1	p1-reread	1-0	6	4	1	613.5	939.7	627.7	948.4	92	9Q
1	p1-reread	1-0	7	5	0	793.4	709.8	818.6	720.9	54	Gail's
1	p1-reread	1-0	7	5	1	826.4	710.4	842.9	719	73	10N
1	p1-reread	1-0	9	6	0	1029.6	939.6	1063.7	948.4	81	ISmash
1	p1-reread	1-0	9	6	1	1068	939.7	1088.2	948.5	92	10K
1	p1-reread	1-0	11	7	0	1230.7	669.4	1284.6	678.3	87	Trailfinders
1	p1-reread	1-0	11	7	1	1288.6	669.8	1300.3	678.3	92	SL
1	p1-title	0-0	1	0	0	120.9	69.5	663	172.1	95	Shopping
1	p1-title	0-0	1	0	1	699.4	69.5	1058.3	154.8	95	Malls
1	p1-title	0-0	1	0	2	1005.8	46.1	1059.4	174.3	90	©
1	p1-title	0-0	1	0	3	1454	46.5	1715	153	0	I.
1	p1-title	0-0	1	0	4	1634.3	45	1709.6	173.6	0	.
1	p1-title	0-0	2	1	0	1538.6	165.3	1631.4	179	95	LONDON
1	p1-title	0-0	3	2	0	124.5	193.7	197.2	214.6	96	Canary
1	p1-title	0-0	3	2	1	203.7	193.4	268.5	211	95	Wharf
1	p1-title	0-0	3	2	2	274.6	193.4	343.7	214.6	96	Shops,
1	p1-title	0-0	3	2	3	352.4	194.1	480.9	214.6	96	Restaurants,
1	p1-title	0-0	3	2	4	488.8	192.6	551.1	214.6	96	Cafés,
1	p1-title	0-0	3	2	5	559.4	194.1	603.6	211	95	Bars
1	p1-title	0-0	3	2	6	610.8	193.4	646.8	211	95	and
1	p1-title	0-0	3	2	7	654.4	193.4	746.2	211	96	Services.
1	p1-title	0-0	3	2	8	754.5	193.7	791.9	211	96	See
1	p1-title	0-0	3	2	9	799.8	194.1	863.6	211	96	Estate
1	p1-title	0-0	3	2	10	871.1	197.7	915.4	214.6	96	map
1	p1-title	0-0	3	2	11	923	197.7	974.1	214.6	96	page
1	p1-title	0-0	3	2	12	981.3	193.7	992.4	211	96	2
1	p1-title	0-0	3	2	13	1000.4	193.4	1028.1	211	96	for
1	p1-title	0-0	3	2	14	1035.6	193.7	1098.6	211	96	Street
1	p1-title	0-0	3	2	15	1106.6	193.4	1164.9	211	95	Retail
1	p1-title	0-0	3	2	16	1173.5	193.4	1209.5	211	96	and
1	p1-title	0-0	3	2	17	1218.5	193.4	1280.4	211	95	Office
1	p1-title	0-0	3	2	18	1287.3	194.1	1372.6	211	95	Tenants.
1	p1-title	0-0	3	3	0	124.5	222.5	160.5	240.2	95	The
1	p1-title	0-0	3	3	1	168.4	222.5	262	243.4	95	shopping
1	p1-title	0-0	3	3	2	271.7	222.5	322.5	240.2	96	malls
1	p1-title	0-0	3	3	3	330.8	222.5	366.4	240.2	96	and
1	p1-title	0-0	3	3	4	376.5	222.5	419.7	240.2	95	links
1	p1-title	0-0	3	3	5	428	227.2	458.2	240.2	95	are
1	p1-title	0-0	3	3	6	466.1	222.5	508.6	243.4	96	fully
1	p1-title	0-0	3	3	7	516.5	222.5	618.8	240.2	96	accessible
1	p1-title	0-0	3	3	8	626.7	223.6	646.1	240.2	95	to
1	p1-title	0-0	3	3	9	654.4	222.5	764.2	240.2	95	wheelchair
1	p1-title	0-0	3	3	10	772.8	227.2	829	240.2	96	users.
1	p1-title	0-0	4	4	0	124.8	275.8	224.6	296.7	95	Shopping
1	p1-title	0-0	4	4	1	233.2	275.8	273.2	293.4	96	Mall
1	p1-title	0-0	4	4	2	281.8	275.8	340.1	293.4	93	Retail
1	p1-footer	0-0	1	0	0	123.9	2713.5	158	2724.1	96	Design
1	p1-footer	0-0	1	0	1	161.9	2713.5	182.6	2722.3	96	Paul
1	p1-footer	0-0	1	0	2	186	2713.5	229.4	2724.1	92	Anthony
1	p1-footer	0-0	1	0	3	233.6	2713.5	288.3	2722.3	91	Ravenshaw
1	p1-footer	0-0	1	0	4	292.2	2713.5	328.6	2722.3	96	Studios
1	p1-footer	0-0	1	0	5	333.1	2713.5	371.4	2722.3	95	Limited.
1	p1-footer	0-0	1	0	6	375.8	2713.7	384.2	2722.3	95	©
1	p1-footer	0-0	1	0	7	388.9	2713.5	437.1	2724.1	93	Copyright
1	p1-footer	0-0	1	0	8	441.6	2713.5	496.4	2722.3	91	Ravenshaw
1	p1-footer	0-0	1	0	9	500.3	2713.5	536.7	2722.3	96	Studios
1	p1-footer	0-0	1	0	10	541.2	2713.5	576.8	2722.3	96	Limited
1	p1-footer	0-0	1	0	11	581.1	2713.5	598.6	2722.3	96	and
1	p1-footer	0-0	1	0	12	603.3	2713.5	622.9	2722.3	91	Paul
1	p1-footer	0-0	1	0	13	627.2	2713.7	633.5	2722.3	92	&
1	p1-footer	0-0	1	0	14	637.8	2713.5	663.6	2722.3	96	Linda
1	p1-footer	0-0	1	0	15	667.7	2713.5	709.7	2724.1	95	Anthony
1	p1-footer	0-0	1	0	16	713.6	2713.7	740.4	2722.3	95	2026.
1	p1-footer	0-0	1	0	17	745.1	2713.5	777.5	2722.3	95	Details
1	p1-footer	0-0	1	0	18	781.7	2714.2	815.9	2722.3	95	correct
1	p1-footer	0-0	1	0	19	819.8	2714.2	828.6	2722.3	95	at
1	p1-footer	0-0	1	0	20	832.6	2713.7	854	2722.3	96	time
1	p1-footer	0-0	1	0	21	858	2713.5	867.5	2722.3	96	of
1	p1-footer	0-0	1	0	22	871.5	2713.7	907.3	2724.1	96	posting
1	p1-footer	0-0	1	0	23	911.6	2713.7	924.4	2722.3	96	20
1	p1-footer	0-0	1	0	24	927.6	2713.5	948.3	2724.1	96	July
1	p1-footer	0-0	1	0	25	951.8	2713.7	977.3	2722.3	96	2026
1	p1-footer	0-0	1	1	0	124.1	2727.7	139.6	2736.4	96	For
1	p1-footer	0-0	1	1	1	143.4	2727.5	176.9	2736.4	96	further
1	p1-footer	0-0	1	1	2	181	2727.5	237.3	2736.4	96	information
1	p1-footer	0-0	1	1	3	241.5	2727.5	266.9	2736.4	93	email
1	p1-footer	0-0	1	1	4	271.7	2727.5	390.5	2738.2	89	retail@canarywharf.com
1	p1-footer	0-0	1	1	5	394.8	2729.9	404.6	2736.4	96	or
1	p1-footer	0-0	1	1	6	408.2	2727.7	427.6	2736.4	93	visit
1	p1-footer	0-0	1	1	7	431.6	2727.5	518.1	2738.2	91	canarywharf.com.
1	p1-footer	0-0	1	1	8	522.5	2727.5	572.7	2738	96	Telephone
1	p1-footer	0-0	1	1	9	576.8	2727.7	595.7	2736.4	96	020
1	p1-footer	0-0	1	1	10	600	2727.7	622.2	2736.2	95	7477
1	p1-footer	0-0	1	1	11	626.5	2727.7	650.8	2736.2	95	1477.
1	p1-footer	0-0	1	1	12	676.2	2727.5	771.4	2738.2	92	canarywharflondon
1	p1-footer	0-0	1	1	13	778.4	2727.2	789.9	2738.5	60	%
1	p1-footer	0-0	1	1	14	793.7	2727.5	877.2	2738.2	90	yourcanarywharf
1	p1-map	0-0	1	0	0	141.9	1034.9	190.2	1048.8	96	Cabot
1	p1-map	0-0	1	0	1	197.4	1034.9	239.6	1048.8	96	Place
1	p1-map	0-0	1	1	0	141.9	1065.6	202.2	1079.6	96	Canada
1	p1-map	0-0	1	1	1	209.6	1065.6	251.8	1079.6	96	Place
1	p1-map	0-0	1	2	0	141.9	1096.4	212.5	1110.3	85	Churchill
1	p1-map	0-0	1	2	1	220.2	1096.4	262.4	1110.3	96	Place
1	p1-map	0-0	1	3	0	141.9	1127.1	210.8	1141	94	Crossrail
1	p1-map	0-0	1	3	1	218.5	1127.1	260.7	1141	96	Place
1	p1-map	0-0	2	4	0	141.2	1157.8	200.2	1171.7	96	Jubilee
1	p1-map	0-0	2	4	1	207.2	1157.8	249.4	1171.7	96	Place
1	p1-map	0-0	3	5	0	609.9	1227.9	648.3	1234.8	95	Footbridge
1	p1-map	0-0	4	6	0	380.7	1372.8	390.6	1378.8	35	HAA
1	p1-map	0-0	4	7	0	379.8	1379.1	391.5	1386	73	me
1	p1-map	0-0	4	8	0	379	1389.2	392.2	1402.4	0	&4
1	p1-map	0-0	4	9	0	300.6	1407.9	342.1	1444.1	63	<>
1	p1-map	0-0	4	9	1	346.9	1423.2	366.8	1428.8	96	Heron
1	p1-map	0-0	4	9	2	369.9	1423.2	391	1430	95	Quays
1	p1-map	0-0	5	10	0	407.6	1461.4	439	1492.8	43	0,
1	p1-map	0-1	1	11	0	662.1	1234.8	674.8	1238.9	32	—
1	p1-map	0-1	1	11	1	790.5	1234.8	806.8	1237.2	23	alaTala
1	p1-map	0-1	2	12	0	722.6	1242.3	747.5	1250	96	Access
1	p1-map	0-1	2	12	1	750.6	1242	758.8	1251.4	80	by
1	p1-map	0-1	2	12	2	761.7	1236.8	782.1	1250	95	these
1	p1-map	0-1	2	12	3	785.2	1237.7	798.4	1250	84	lifts
1	p1-map	0-1	2	12	4	801	1237.7	808.2	1250	96	to
1	p1-map	0-1	2	13	0	733.6	1252.4	749.9	1260.3	93	level
1	p1-map	0-1	2	13	1	753	1252.4	761	1260.3	91	-4
1	p1-map	0-1	2	13	2	763.8	1252.4	785.9	1260.3	96	Cabot
1	p1-map	0-1	2	13	3	789	1252.4	808.2	1260.3	96	Place
1	p1-map	0-1	2	14	0	778	1264.6	789	1270.6	94	car
1	p1-map	0-1	2	14	1	792.2	1262.7	808.2	1272	94	park
1	p1-map	0-1	3	15	0	818.8	1144.1	841.8	1157.6	48	[4
1	p1-map	0-1	3	16	0	818.6	1160	844	1174.1	55	P.©
1	p1-map	0-1	4	17	0	824.8	1233.6	833.7	1239.6	96	Lift
1	p1-map	0-1	4	17	1	835.8	1233.9	841.4	1239.6	92	to
1	p1-map	0-1	4	17	2	844	1233.6	851.2	1239.6	90	K1
1	p1-map	0-1	4	17	3	853.4	1233.6	871.4	1240.8	96	Speed
1	p1-map	0-1	5	18	0	817.6	1360.8	829.1	1367.8	41	fre
1	p1-map	0-1	6	19	0	818.6	1242.5	828.2	1248.5	37	452
1	p1-map	0-1	6	20	0	815.2	1241.1	877.1	1344.5	0	B
1	p1-map	0-1	6	21	0	818.6	1354.6	828.2	1360.6	35	932
1	p1-map	0-1	8	22	0	885.3	1480.6	891.3	1498.4	38	ley)
1	p1-map	0-1	8	22	1	885.3	1442.4	891.3	1477.7	28	suIysaoys
1	p1-map	0-1	8	22	2	885.3	1418.2	891	1440	37	sewer
1	p1-map	0-1	9	23	0	1136.8	1242.5	1146.6	1248.5	21	Eh
1	p1-map	0-1	9	24	0	1135.8	1249	1147.6	1256	16	re
1	p1-map	0-1	10	25	0	1006.5	1386	1018.2	1399.2	76	iit
1	p1-map	0-1	11	26	0	1030.2	1418.4	1054	1425.4	96	Canary
1	p1-map	0-1	11	26	1	1056.4	1418.4	1077.8	1424.4	95	Wharf
1	p1-map	0-1	11	27	0	1015.8	1426.6	1029.5	1432.1	96	DLR
1	p1-map	0-1	11	27	1	1032.2	1426.4	1053	1432.4	96	Ticket
1	p1-map	0-1	11	27	2	1055.7	1426.6	1091.9	1432.4	95	Concourse
1	p1-map	0-1	12	28	0	1006.7	1456.1	1018.2	1469.3	78	iit
1	p1-map	0-1	13	29	0	1137	1351	1145.9	1355.1	0	JON
1	p1-map	0-1	14	30	0	1135.8	1355.8	1147.4	1364.4	24	Tif
1	p1-map	0-2	1	31	0	1158	1203.2	1185.8	1209.2	81	3oisdale
1	p1-map	0-2	1	31	1	1188.5	1203.2	1195.4	1209.2	96	of
1	p1-map	0-2	1	31	2	1197.6	1203.2	1221.8	1211.3	96	Canary
1	p1-map	0-2	1	31	3	1224.2	1203.2	1245.6	1209.2	94	Wharf
1	p1-map	0-2	1	32	0	1158	1210.6	1179.4	1218.3	58	Dyster
1	p1-map	0-2	1	32	1	1181.3	1210.4	1193.3	1218.3	93	Bar
1	p1-map	0-2	1	32	2	1195.7	1210.1	1200.2	1216.1	93	&
1	p1-map	0-2	1	32	3	1202.9	1210.1	1216.3	1216.1	95	Grill
1	p1-map	0-2	2	33	0	1172.9	1390.1	1186.6	1395.9	95	DLR
1	p1-map	0-2	2	33	1	1189.2	1389.9	1222.3	1397.1	95	platforms
1	p1-map	0-2	3	34	0	1221.1	1424.2	1245.1	1431.2	95	Canary
1	p1-map	0-2	3	34	1	1247.8	1424.2	1269.1	1430	96	Wharf
1	p1-map	0-2	4	35	0	1296.7	1203.2	1325.8	1209.2	92	Boisdale
1	p1-map	0-2	4	35	1	1328.4	1203.2	1335.4	1209.2	96	of
1	p1-map	0-2	4	35	2	1337.8	1203.2	1361.8	1210.4	96	Canary
1	p1-map	0-2	4	35	3	1364.2	1203.2	1385.8	1209.2	96	Wharf
1	p1-map	0-2	4	36	0	1296.7	1210.4	1334.2	1218.3	96	Restaurant
1	p1-map	0-2	4	37	0	1296.7	1217.3	1310.4	1225.2	96	Live
1	p1-map	0-2	4	37	1	1312.8	1217.3	1330.1	1225.2	89	Jazz,
1	p1-map	0-2	4	37	2	1333	1217.1	1352.9	1225.2	95	Blues,
1	p1-map	0-2	4	37	3	1355.5	1217.1	1370.2	1223.1	96	Soul
1	p1-map	0-2	4	38	0	1296.7	1224.3	1320.7	1230	95	Private
1	p1-map	0-2	4	38	1	1323.6	1224.3	1345.4	1231.2	96	Dining
1	p1-map	0-2	5	39	0	1290.2	1317.6	1319.3	1323.6	96	Ultimate
1	p1-map	0-2	5	39	1	1369	1317.9	1384.3	1323.6	96	Pure
1	p1-map	0-2	5	40	0	1290.2	1324.6	1334.4	1330.6	95	Performance
1	p1-map	0-2	5	40	1	1368.7	1324.8	1391	1330.6	96	Sports
1	p1-map	0-2	6	41	0	1374.7	1331.6	1399.7	1337.8	91	edicine
1	p1-map	0-2	7	42	0	1335.6	1366.8	1348.6	1380	83	=
1	p1-map	0-2	8	43	0	1441.2	1200.8	1489.4	1214.9	96	Cabot
1	p1-map	0-2	8	43	1	1496.6	1200.8	1538.9	1214.9	96	Place
1	p1-map	0-2	9	44	0	1518.2	1424.4	1536	1430.2	96	West
1	p1-map	0-2	9	44	1	1538.9	1424.2	1555.2	1430	95	India
1	p1-map	0-2	9	44	2	1558.1	1424.2	1575.8	1431.2	95	Quay
1	p1-map	0-2	10	45	0	1173.1	1458	1186.8	1463.8	95	DLR
1	p1-map	0-2	10	45	1	1189.7	1457.8	1222.6	1465	96	platforms
1	p1-map	0-2	11	46	0	1163.3	1479.2	1183.4	1485.2	96	Adam
1	p1-map	0-2	11	46	1	1209.6	1479.4	1221.4	1485.2	94	Get
1	p1-map	0-2	11	46	2	1224	1480.6	1227.4	1485.2	94	a
1	p1-map	0-2	11	46	3	1247.3	1479.2	1256.9	1485.2	58	HAA
1	p1-map	0-2	11	47	0	1163.3	1486.1	1197.6	1493.3	90	Grooming
1	p1-map	0-2	11	47	1	1209.8	1486.1	1224	1493.3	73	Drip
1	p1-map	0-2	11	47	2	1246.3	1485.6	1257.8	1492.6	36	Tm
1	p1-map	0-2	12	48	0	1159.2	1518.3	1174.8	1527.6	73	ncler
1	p1-map	0-2	12	48	1	1190.9	1523.3	1203.8	1536.5	26	5
1	p1-map	0-2	12	48	2	1215.4	1522.1	1254.5	1528.1	91	Trailfinders
1	p1-map	0-2	13	49	0	1219.4	1554	1263.6	1560	95	Waterstones
1	p1-map	0-2	15	50	0	1281.6	1514.4	1309.4	1520.4	90	Nando’s
1	p1-map	0-2	16	51	0	1328.6	1480.8	1364.9	1487.8	92	Marugame
1	p1-map	0-2	16	51	1	1392.5	1478.7	1402.1	1484.7	42	AR
1	p1-map	0-2	16	52	0	1328.6	1487.6	1346.4	1493.6	95	Udon
1	p1-map	0-2	16	52	1	1391.5	1485.2	1403	1492.1	29	LA
1	p1-map	0-2	17	53	0	1329.4	1503.2	1352.9	1508.9	96	Atrium
1	p1-map	0-2	17	54	0	1328.4	1510.1	1354.1	1515.9	95	Kitchen
1	p1-map	0-2	18	55	0	1334.4	1523.3	1347.6	1536.5	87	=
1	p1-map	0-2	19	56	0	1295.5	1551.6	1322.4	1557.6	96	German
1	p1-map	0-2	19	56	1	1359.8	1553.1	1379.3	1559.1	92	Gallio
1	p1-map	0-2	19	57	0	1295.8	1558.8	1316.4	1564.6	91	Doner
1	p1-map	1-0	1	58	0	383.1	1595.9	390.3	1612.9	0	ICM
1	p1-map	1-0	1	58	1	383.1	1572.8	390.1	1593	0	UOISH
1	p1-map	1-0	2	59	0	442.4	1651.8	479.4	1660.9	95	Jubilee
1	p1-map	1-0	2	59	1	484.2	1651.8	510.6	1660.9	96	Plaza
1	p1-map	1-0	3	60	0	586.6	1651.8	632.2	1658.7	96	Underground
1	p1-map	1-0	3	60	1	635.1	1652	658.4	1657.5	94	station
1	p1-map	1-0	3	61	0	598.2	1660.2	614	1665.5	96	west
1	p1-map	1-0	3	61	1	616.9	1660.2	646.9	1665.5	95	entrance
1	p1-map	1-0	4	62	0	599.6	1703.1	619	1706.7	95	CANARY
1	p1-map	1-0	4	62	1	620.7	1703.1	637.8	1706.5	96	WHARF
1	p1-map	1-0	5	63	0	576.3	1769.9	594.1	1774.9	96	London
1	p1-map	1-0	5	64	0	576.1	1777.3	608.2	1783.3	92	Underground
1	p1-map	1-0	5	65	0	576.1	1785	587.1	1789.8	96	west
1	p1-map	1-0	5	66	0	576.1	1791.9	589.3	1797.2	95	ticket
1	p1-map	1-0	5	66	1	591.2	1791.9	599.1	1797.2	95	hall
1	p1-map	1-0	5	67	0	560	1814	577	1819.1	96	Station
1	p1-map	1-0	5	67	1	579	1814.3	600.1	1819.1	96	entrance
1	p1-map	1-0	5	67	2	633	1814	647.6	1819.1	96	Below
1	p1-map	1-0	5	67	3	649.5	1814	666.8	1820	96	ground
1	p1-map	1-0	5	68	0	560	1821.7	564.6	1826.5	96	to
1	p1-map	1-0	5	68	1	566.2	1821.5	583.5	1826.5	95	Jubilee
1	p1-map	1-0	5	68	2	585.7	1821.5	598.2	1826.5	95	Place
1	p1-map	1-0	5	68	3	635.8	1821.5	644	1826.7	95	link
1	p1-map	1-0	5	68	4	645.9	1821.5	666.8	1826.7	96	between
1	p1-map	1-0	5	69	0	560.2	1827.9	569.4	1836.1	96	Mall
1	p1-map	1-0	5	69	1	629.6	1829.1	652.4	1835.1	96	shopping
1	p1-map	1-0	5	69	2	655.8	1829.1	666.8	1834.2	96	malls
1	p1-map	1-0	6	70	0	224.5	2039.1	227.6	2044.2	24	Ss,
1	p1-map	1-0	7	71	0	599.6	2007	619	2010.3	96	CANARY
1	p1-map	1-0	7	71	1	620.7	2007	637.5	2010.3	96	WHARF
1	p1-map	1-0	8	72	0	556.6	2035.8	602.2	2042.5	96	Underground
1	p1-map	1-0	8	72	1	605.1	2035.8	628.4	2041.5	96	station
1	p1-map	1-0	8	72	2	631.5	2036	645.2	2041.5	96	east
1	p1-map	1-0	8	72	3	648.1	2036	678.1	2041.5	96	entrance
1	p1-map	1-0	9	73	0	576.3	2055.7	594.1	2061	96	London
1	p1-map	1-0	9	74	0	576.3	2063.1	608.2	2069.1	96	Underground
1	p1-map	1-0	9	75	0	576.1	2070.8	585.9	2075.6	96	east
1	p1-map	1-0	9	75	1	587.6	2070.6	600.8	2075.6	95	ticket
1	p1-map	1-0	9	75	2	603	2070.6	610.9	2075.6	91	hall
1	p1-map	1-1	1	76	0	947.2	1781.9	979.6	1798.2	65	iP.
1	p1-map	1-1	2	77	0	634	1829.1	652.2	1835.1	6	opping
1	p1-map	1-1	2	77	1	659.2	1829.1	666.9	1834.2	95	malls
1	p1-map	1-1	2	77	2	678.9	1830.6	688.7	1836.8	47	ar
1	p1-map	1-1	2	78	0	677.9	1837.1	689.7	1844	57	Ter
1	p1-map	1-1	2	79	0	677.2	1846.9	690.4	1860.3	73	F
1	p1-map	1-1	3	80	0	656.6	2075.6	661.8	2081.6	17	>
1	p1-map	1-1	3	81	0	654.4	2091.9	667.6	2105.1	0	(&
1	p1-map	1-1	3	81	1	659.4	2075.6	666.9	2088.8	58	=
1	p1-map	1-1	4	82	0	804.2	1992.3	832.7	2010.8	33	LAE
1	p1-map	1-1	4	83	0	805.1	2009.4	815.9	2022.1	91	P.
1	p1-map	1-1	4	83	1	821.2	2008.7	830.6	2022.3	67	fi
1	p1-map	1-2	1	84	0	1158	1618.7	1172.6	1623.5	54	“cess
1	p1-map	1-2	1	84	1	1175	1617.5	1180.8	1623.5	93	to
1	p1-map	1-2	1	84	2	1183.4	1617	1209.1	1623.5	93	Crossrail
1	p1-map	1-2	1	84	3	1212.2	1617	1228.1	1623.5	96	Place
1	p1-map	1-2	1	85	0	1160.9	1625.6	1167.1	1631.9	91	-1
1	p1-map	1-2	1	85	1	1169.3	1625.6	1183.7	1632.1	96	from
1	p1-map	1-2	1	85	2	1186.6	1625.6	1209.4	1632.1	96	Canada
1	p1-map	1-2	1	85	3	1212.2	1625.6	1228.1	1632.1	96	Place
1	p1-map	1-2	2	86	0	1176.7	1635.7	1185.4	1640.5	49	via
1	p1-map	1-2	2	86	1	1188	1634	1209.4	1640.5	96	Adams
1	p1-map	1-2	2	86	2	1212.2	1634	1227.8	1640.5	96	Plaza
1	p1-map	1-2	4	87	0	1445.3	1598.5	1465.9	1604.7	96	Access
1	p1-map	1-2	4	87	1	1468.1	1598.7	1474.1	1604.7	96	to
1	p1-map	1-2	4	87	2	1476.7	1598.5	1495.7	1604.7	19	Cross
1	p1-map	1-2	4	88	0	1445.3	1606.9	1453.7	1613.4	96	via
1	p1-map	1-2	4	88	1	1456.3	1606.9	1471.9	1613.4	96	West
1	p1-map	1-2	4	88	2	1474.6	1606.9	1489.2	1613.4	93	India
1	p1-map	1-2	4	88	3	1491.8	1606.9	1496.2	1613.4	92	Q
1	p1-map	1-2	5	89	0	1500	1598.3	1502.4	1604.7	95	il
1	p1-map	1-2	5	89	1	1505.3	1598.3	1521.4	1604.7	96	Place
1	p1-map	1-2	5	89	2	1524	1598.3	1537.4	1604.7	95	level
1	p1-map	1-2	5	89	3	1540.1	1598.5	1543.9	1604.7	60	0
1	p1-map	1-2	5	90	0	1500.7	1608.6	1507.7	1614.6	96	ay
1	p1-map	1-2	6	91	0	1253.3	1709.6	1263.1	1715.6	23	JONA
1	p1-map	1-2	6	92	0	1252.3	1715.9	1264.1	1723.1	85	me
1	p1-map	1-2	7	93	0	1563.4	1840.9	1572.7	1854.3	53	i
1	p1-map	1-2	7	94	0	1264.3	1861.1	1275.1	1870.2	0	FONA
1	p1-map	1-2	7	94	1	1358.4	1861.5	1369.2	1870.7	0	FONA
1	p1-map	1-2	7	94	2	1465	1861.1	1475.8	1870.7	36	FAA
1	p1-map	1-2	7	94	3	1563.6	1862.5	1573	1868.5	11	JAA
1	p1-map	1-2	7	94	4	1657.7	1862.5	1667.3	1868.5	0	JOAA
1	p1-map	1-2	7	95	0	1264.3	1867.3	1276.1	1877.9	23	LAA
1	p1-map	1-2	7	95	1	1358.4	1869	1369.9	1875.9	54	Tn
1	p1-map	1-2	7	95	2	1465	1868.5	1476.7	1875.5	63	me
1	p1-map	1-2	7	95	3	1562.2	1868.7	1573.9	1875.9	44	Tr
1	p1-map	1-2	7	95	4	1656.7	1868.7	1668.2	1875.9	56	Tr
1	p1-map	1-2	7	96	0	1661.5	1997.4	1666.1	2004.6	51	»
1	p1-map	1-2	7	97	0	1330.1	2008.4	1348.8	2014.7	96	Street
1	p1-map	1-2	7	97	1	1351.4	2008.2	1364.9	2014.9	89	level
1	p1-map	1-2	7	97	2	1367.5	2009.9	1387.2	2014.7	94	access
1	p1-map	1-2	7	97	3	1389.4	2008.7	1395.4	2014.7	96	tp
1	p1-map	1-2	7	98	0	1330.3	2016.8	1356	2023.3	93	Crossrail
1	p1-map	1-2	7	98	1	1359.1	2016.8	1375	2023.3	96	Place
1	p1-map	1-2	7	99	0	1330.3	2025.2	1338.7	2031.7	96	via
1	p1-map	1-2	7	99	1	1341.6	2025.2	1360.6	2032.9	96	Upper
1	p1-map	1-2	7	99	2	1363	2025.2	1378.1	2031.7	96	Bank
1	p1-map	1-2	7	99	3	1380.5	2025.2	1399	2031.7	81	Street
1	p1-map	1-2	7	100	0	1348.8	2041.8	1356	2048.7	49	®
1	p1-map	1-2	7	101	0	1250.4	2058.1	1261.2	2067.2	0	JOA
1	p1-map	1-2	7	101	1	1366.1	2058.1	1376.9	2067.2	15	JONA
1	p1-map	1-2	7	101	2	1468.1	2058.1	1478.6	2067.2	5	JOAA
1	p1-map	1-2	7	101	3	1564.1	2058.1	1574.6	2067.2	6	JOAA
1	p1-map	1-2	7	101	4	1657.7	2059.1	1667.3	2065.1	0	JOAA
1	p1-map	1-2	7	102	0	1250.4	2064.3	1262.2	2074.9	4	Lid
1	p1-map	1-2	7	102	1	1366.1	2065.3	1377.8	2072.5	82	me
1	p1-map	1-2	7	102	2	1468.1	2065.3	1479.8	2072.5	52	Tr
1	p1-map	1-2	7	102	3	1564.1	2065.3	1575.8	2072.5	56	Tr
1	p1-map	1-2	7	102	4	1656.7	2065.3	1668.2	2072.5	46	Ter
1	p1-map	1-2	8	103	0	1158	2098.4	1177	2104.7	69	cess
1	p1-map	1-2	8	103	1	1175	2097.2	1181.3	2107.5	69	tg
1	p1-map	1-2	8	103	2	1183.4	2098.2	1209.1	2104.7	72	Crossrail
1	p1-map	1-2	8	103	3	1212.2	2098.2	1228.1	2104.7	92	Place
1	p1-map	1-2	8	104	0	1158	2108.3	1168.3	2113.1	96	om
1	p1-map	1-2	8	104	1	1171.2	2106.6	1194	2115.9	95	Canada
1	p1-map	1-2	8	104	2	1196.9	2106.6	1212.7	2115.9	95	Place
1	p1-map	1-2	8	104	3	1215.4	2106.6	1227.8	2113.1	95	mall
1	p1-map	1-2	8	105	0	1173.1	2116.9	1177.9	2121.5	96	vig
1	p1-map	1-2	8	105	1	1184.4	2115.2	1210.1	2121.7	96	Crossrail
1	p1-map	1-2	8	105	2	1212.7	2115.2	1228.1	2121.7	96	Walk
1	p1-map	2-0	1	106	0	159.9	2237.7	195.7	2243.5	96	Mezzanine
1	p1-map	2-0	2	107	0	575.1	2124.9	594.6	2128.3	96	CANARY
1	p1-map	2-0	2	107	1	596.2	2124.9	613	2128.3	96	WHARF
1	p1-map	2-0	3	108	0	627.2	2135	640.6	2140.5	96	640
1	p1-map	2-0	3	109	0	627.4	2141.9	641.4	2147.7	95	East
1	p1-map	2-0	3	110	0	573.2	2158.5	618.8	2165.5	96	Underground
1	p1-map	2-0	4	111	0	573	2166.7	596.2	2172.2	93	station
1	p1-map	2-0	4	111	1	599.6	2166.7	630.3	2172.2	91	Fosterito
1	p1-map	2-0	4	112	0	573	2175.1	603	2180.3	96	entrance
1	p1-map	2-0	5	113	0	582.6	2188	649.5	2198.3	94	Montgomery
1	p1-map	2-0	5	114	0	582.1	2198.8	618.3	2209.4	94	Square
1	p1-map	2-0	6	115	0	606.6	2243.5	627	2249.2	96	Wood
1	p1-map	2-0	6	115	1	629.8	2243.5	651.2	2249.2	96	Wharf
1	p1-map	2-0	6	116	0	606.8	2250.4	640.9	2257.4	96	Marketing
1	p1-map	2-0	6	117	0	606.6	2257.4	623.6	2263.1	96	Suite
1	p1-map	2-0	7	118	0	357	2345.5	400.9	2352.2	96	Montgomery
1	p1-map	2-0	7	118	1	403.5	2345.2	424.2	2351	96	Street
1	p1-map	2-0	8	119	0	140.5	2462.1	188.5	2476	95	Wood
1	p1-map	2-0	8	119	1	195.4	2462.1	229.3	2476	71	Wha
1	p1-map	2-0	9	120	0	140.2	2478.4	154.2	2485.1	96	See
1	p1-map	2-0	9	120	1	157.3	2478.4	181.3	2485.1	95	Estate
1	p1-map	2-0	9	120	2	184.4	2479.9	201	2486.3	95	map
1	p1-map	2-0	9	120	3	204.1	2478.2	214.9	2485.1	96	for
1	p1-map	2-0	9	120	4	217.8	2478.2	228.6	2484.9	86	fur,
1	p1-map	2-0	10	121	0	229.5	2462.1	245.8	2475.8	63	\rf
1	p1-map	2-0	11	122	0	229.5	2478.4	244.6	2485.1	96	ther
1	p1-map	2-0	11	122	1	247.5	2478.2	269.1	2485.1	96	detail
1	p1-map	2-0	12	123	0	271.8	2553.8	286.2	2559.8	95	One
1	p1-map	2-0	12	123	1	289.5	2553.8	305.6	2559.8	96	Park
1	p1-map	2-0	12	123	2	309	2553.8	327.9	2559.8	96	Drive
1	p1-map	2-0	13	124	0	447.9	2555.9	452	2561.9	96	8
1	p1-map	2-0	13	124	1	455.1	2555.9	477.2	2561.9	96	Water
1	p1-map	2-0	13	124	2	480.3	2555.9	502.6	2561.9	49	Street
1	p1-map	2-0	14	125	0	471.2	2472.2	513.4	2481.5	90	Wholefoods
1	p1-map	2-0	14	125	1	519.4	2466.9	523.8	2473.1	0	)
1	p1-map	2-0	15	126	0	531.2	2483	536.7	2503.6	64	199.415
1	p1-map	2-0	15	126	1	531.2	2459.2	536.7	2480.3	48	191M
1	p1-map	2-0	16	127	0	594.1	2449.6	597.7	2455.6	95	1
1	p1-map	2-0	16	127	1	600.3	2449.9	621	2455.6	96	Water
1	p1-map	2-0	16	127	2	623.4	2449.6	644.2	2455.6	96	Street
1	p1-map	2-0	17	128	0	590.5	2609.5	594.3	2615.5	96	5
1	p1-map	2-0	17	128	1	597	2609.5	617.6	2615.5	96	Water
1	p1-map	2-0	17	128	2	620	2609.5	640.9	2615.5	96	Street
1	p1-map	2-0	18	129	0	441.4	2626	449.4	2631.8	34	Bl
1	p1-map	2-0	18	129	1	452.5	2625.8	507.9	2644	44	soc
1	p1-map	2-0	19	130	0	486.3	2658.9	496.2	2671.4	93	D
1	p1-map	2-1	2	131	0	950.6	2134.5	960.4	2139.3	96	Lifts
1	p1-map	2-1	2	131	1	962.3	2135	966.9	2139.3	96	to
1	p1-map	2-1	2	132	0	950.1	2140.3	962.8	2145.3	96	Third
1	p1-map	2-1	2	133	0	950.1	2146.3	965.4	2152.3	96	Space
1	p1-map	2-1	2	133	1	972.9	2137.1	983.7	2149.9	90	P.
1	p1-map	2-1	2	134	0	972.4	2153	982.2	2159	46	HAA
1	p1-map	2-1	2	135	0	971.4	2159.2	983.2	2166.4	56	Ter
1	p1-map	2-1	3	136	0	982.5	2169.5	992.8	2175.3	96	Sm
1	p1-map	2-1	4	137	0	678.9	2216.6	686.1	2233.6	19	[eM
1	p1-map	2-1	4	137	1	677.7	2169.5	686.1	2213.9	0	AJSWOBIUON
1	p1-map	2-1	10	138	0	762.4	2300.6	835.4	2314.5	92	Waitrose
1	p1-map	2-1	10	138	1	841.4	2300.8	852.2	2314.5	92	&
1	p1-map	2-1	10	138	2	858.9	2300.8	926.3	2314.5	95	Partners
1	p1-map	2-1	11	139	0	868.7	2358.2	903.5	2363.7	92	Bellmouth
1	p1-map	2-1	11	139	1	906.6	2358.2	946	2363.7	96	Promenade
1	p1-map	2-1	11	139	2	948.6	2358.2	966.2	2363.7	96	West
1	p1-map	2-1	12	140	0	730	2383.1	736.2	2388.9	94	Gl
1	p1-map	2-1	12	140	1	763.1	2383.1	780.9	2388.9	92	losed
1	p1-map	2-1	12	141	0	729.8	2383.4	766.7	2399	30	footbride
1	p1-map	2-1	12	141	1	830.3	2384.3	891	2394.4	88	Bellmputh
1	p1-map	2-1	12	141	2	896.8	2384.6	945	2396.3	96	Passage
1	p1-map	2-1	13	142	0	791.9	2413.1	811.6	2418.9	95	South
1	p1-map	2-1	13	142	1	814.5	2413.6	844.5	2418.9	95	entrance
1	p1-map	2-1	13	142	2	868.7	2413.1	903.5	2418.9	90	Bellmouth
1	p1-map	2-1	13	142	3	906.6	2413.1	946	2418.9	95	Promenade
1	p1-map	2-1	13	142	4	948.9	2413.4	962.8	2418.9	96	East
1	p1-map	2-1	14	143	0	1136.6	2383.1	1154.1	2388.9	92	Glass
1	p1-map	2-1	14	143	1	1157	2383.1	1180.7	2388.9	26	enclosé
1	p1-map	2-1	14	144	0	1136.3	2391.1	1173.3	2398	95	footbridge
1	p1-map	2-1	16	145	0	696.6	2573.9	722.1	2579.5	91	GoBoat
1	p1-map	2-1	16	146	0	696.6	2581.9	720.2	2588.6	96	Canary
1	p1-map	2-1	16	146	1	723	2581.6	744.2	2587.4	96	Wharf
1	p1-map	2-1	16	147	0	696.4	2589.8	715.4	2595.3	96	ticket
1	p1-map	2-1	16	147	1	718.5	2589.8	735.8	2595.3	96	kiosk
1	p1-map	2-2	3	148	0	1360.3	2123	1392	2154.4	40	0,
1	p1-map	2-2	4	149	0	1472.4	2178.7	1541.3	2192.8	94	Crossrail
1	p1-map	2-2	4	149	1	1549	2178.7	1591.2	2192.8	96	Place
1	p1-map	2-2	5	150	0	1344	2239.1	1377.1	2249.2	92	North
1	p1-map	2-2	5	150	1	1382.6	2239.4	1390.3	2249.2	90	D
1	p1-map	2-2	6	151	0	1393	2239.1	1412.6	2249.2	83	ock
1	p1-map	2-2	7	152	0	1518.2	2220.2	1538.9	2227.6	55	Ah
1	p1-map	2-2	7	153	0	1509.8	2229.3	1535.3	2232.9	96	ELIZABETH
1	p1-map	2-2	7	153	1	1537.2	2229.3	1547.5	2232.9	96	LINE
1	p1-map	2-2	7	154	0	1518	2234.3	1539.1	2242	56	Wr
1	p1-map	2-2	10	155	0	1233.6	2521.4	1304.9	2535.3	96	Churchill
1	p1-map	2-2	10	155	1	1312.6	2521.4	1355.5	2535.3	96	Place
2	p2-lists	0-0	1	0	0	1172.1	340.2	1224.7	354.6	95	Street
2	p2-lists	0-0	1	0	1	1231.2	339.8	1280	354.6	92	Retail
2	p2-lists	0-0	1	1	0	1171.1	372	1224	389.5	96	Shops
2	p2-lists	0-0	2	2	0	1171.4	398.8	1197.2	406.8	96	English
2	p2-lists	0-0	2	2	1	1200.2	399	1231.2	406.8	93	Tailoring
2	p2-lists	0-0	2	2	2	1234.4	399	1243.6	405.5	93	9E
2	p2-lists	0-0	2	3	0	1171.1	408.4	1184	415	96	The
2	p2-lists	0-0	2	3	1	1187.4	408.4	1211.7	415	96	Flower
2	p2-lists	0-0	2	3	2	1214.8	408.4	1230.8	415	93	Club
2	p2-lists	0-0	2	3	3	1233.9	408.6	1247.9	415	91	21C
2	p2-lists	0-0	2	4	0	1171.1	417.9	1184	424.6	95	The
2	p2-lists	0-0	2	4	1	1187.4	417.9	1208	424.6	94	Island
2	p2-lists	0-0	2	4	2	1211.2	417.9	1234.8	424.6	95	Studio
2	p2-lists	0-0	2	4	3	1237.8	418.1	1252.2	424.4	96	21D
2	p2-lists	0-0	2	5	0	1170.9	427.5	1188.3	434.1	95	John
2	p2-lists	0-0	2	5	1	1191.8	427.5	1211.7	434.1	93	Lewis
2	p2-lists	0-0	2	5	2	1214.6	427.6	1219.5	433.9	93	&
2	p2-lists	0-0	2	5	3	1222.7	427.6	1252.8	434.1	93	Partners
2	p2-lists	0-0	2	5	4	1256	427.6	1269.3	434.1	92	15F
2	p2-lists	0-0	2	6	0	1171.4	437	1206.7	443.7	95	Morrisons
2	p2-lists	0-0	2	6	1	1210.1	437	1227.8	444.9	92	Daily
2	p2-lists	0-0	2	6	2	1230.6	437	1244.9	443.5	89	22C
2	p2-lists	0-0	2	7	0	1171.4	446.5	1190.7	453	96	News
2	p2-lists	0-0	2	7	1	1193.7	448.2	1202.2	453	96	on
2	p2-lists	0-0	2	7	2	1205.3	446.4	1216.8	453	96	the
2	p2-lists	0-0	2	7	3	1219.8	446.4	1242.5	453	95	Wharf
2	p2-lists	0-0	2	7	4	1245	446.5	1255.5	453	96	4G
2	p2-lists	0-0	2	8	0	1171.1	456.1	1203.5	462.6	93	Waitrose
2	p2-lists	0-0	2	8	1	1206.3	456.1	1211	462.6	93	&
2	p2-lists	0-0	2	8	2	1214.4	456.1	1244.5	462.6	92	Partners
2	p2-lists	0-0	2	8	3	1247.7	456.1	1261.1	462.6	92	15F
2	p2-lists	0-0	2	9	0	1171.1	465.4	1215.5	472.1	91	Wholefoods
2	p2-lists	0-0	2	9	1	1218.6	465.6	1233	472.1	91	16C
2	p2-lists	0-0	3	10	0	1172	486.5	1274.4	500.7	95	Restaurants
2	p2-lists	0-0	4	11	0	1171.1	513	1184	519.6	95	The
2	p2-lists	0-0	4	11	1	1186.9	513	1223.4	519.6	95	Alchemist
2	p2-lists	0-0	4	11	2	1226.5	513.1	1240.7	519.4	95	11D
2	p2-lists	0-0	4	12	0	1171.1	522.5	1202.7	530.4	96	Amerigo
2	p2-lists	0-0	4	12	1	1205.6	522.5	1237.8	530.2	93	Vespucci
2	p2-lists	0-0	4	12	2	1241.1	522.5	1250.3	529	93	6E
2	p2-lists	0-0	4	13	0	1171.1	531.9	1214.8	538.5	90	Assenheims
2	p2-lists	0-0	4	13	1	1217.9	532	1226.5	538.5	96	56
2	p2-lists	0-0	4	13	2	1229.4	532	1239.3	538.5	96	3G
2	p2-lists	0-0	4	14	0	1171.1	541.6	1200	549.3	90	@Home
2	p2-lists	0-0	4	14	1	1203.5	541.6	1221.8	548.1	96	Pizza
2	p2-lists	0-0	4	14	2	1225.1	541.6	1234.8	548.1	96	6B
2	p2-lists	0-0	4	15	0	1171.4	550.9	1208	557.6	95	Barbarella
2	p2-lists	0-0	4	15	1	1211.4	551.1	1226.5	557.6	95	10D
2	p2-lists	0-0	4	16	0	1171.4	560.5	1182.4	568.4	96	Big
2	p2-lists	0-0	4	16	1	1186	560.7	1202.4	568.4	96	Easy
2	p2-lists	0-0	4	16	2	1205.4	560.5	1219.3	567	96	12H
2	p2-lists	0-0	4	17	0	1171.4	569.8	1206	576.5	96	Blacklock
2	p2-lists	0-0	4	17	1	1208.9	570	1218.9	576.5	96	9G
2	p2-lists	0-0	4	18	0	1171.4	579.4	1202	586	91	Boisdale
2	p2-lists	0-0	4	18	1	1205.1	579.4	1212.3	586	96	of
2	p2-lists	0-0	4	18	2	1215	579.6	1240.5	587.3	96	Canary
2	p2-lists	0-0	4	18	3	1243.4	579.4	1266.1	586	93	Wharf
2	p2-lists	0-0	4	18	4	1268.8	579.6	1278	586	92	8F
2	p2-lists	0-0	4	19	0	1171.4	588.9	1198.8	595.6	95	Brother
2	p2-lists	0-0	4	19	1	1201.8	589.1	1227.2	595.6	91	Marcus
2	p2-lists	0-0	4	19	2	1230.3	589.1	1244.5	595.6	91	10E
2	p2-lists	0-0	4	20	0	1171.1	598.5	1200.2	605.1	93	Caravan
2	p2-lists	0-0	4	20	1	1203.5	598.6	1216.8	604.9	91	11E
2	p2-lists	0-0	4	21	0	1171.4	608	1203.1	614.5	91	Dishoom
2	p2-lists	0-0	4	21	1	1206.2	608	1220.7	614.5	96	18D
2	p2-lists	0-0	4	22	0	1171.4	617.4	1198.4	624	92	Emilia’s
2	p2-lists	0-0	4	22	1	1201.5	617.4	1228.1	624	96	Crafted
2	p2-lists	0-0	4	22	2	1231.7	617.5	1250.8	624	93	Pasta
2	p2-lists	0-0	4	22	3	1254	617.5	1268.4	624	92	19B
2	p2-lists	0-0	4	23	0	1171.4	626.9	1189.6	633.6	96	Feels
2	p2-lists	0-0	4	23	1	1193	626.9	1206.9	633.6	96	Like
2	p2-lists	0-0	4	23	2	1209.8	627.1	1227	633.6	96	June
2	p2-lists	0-0	4	23	3	1230.1	627.1	1244.9	633.6	96	19D
2	p2-lists	0-0	4	24	0	1171.4	636.6	1195.7	643.1	96	Franco
2	p2-lists	0-0	4	24	1	1199.1	636.6	1222	643.1	96	Manca
2	p2-lists	0-0	4	24	2	1225.2	636.6	1239.3	642.9	96	12H
2	p2-lists	0-0	4	25	0	1171.1	646	1198.8	652.6	92	Gaucho
2	p2-lists	0-0	4	25	1	1201.8	646	1210.8	652.5	92	2E
2	p2-lists	0-0	4	26	0	1171.4	655.3	1214.8	662	92	Hawksmoor
2	p2-lists	0-0	4	26	1	1217.7	655.3	1239.3	662	96	Wood
2	p2-lists	0-0	4	26	2	1242.5	655.3	1265.2	662	95	Wharf
2	p2-lists	0-0	4	26	3	1267.9	655.5	1282.7	662	95	16D
2	p2-lists	0-0	4	27	0	1171.4	665.1	1187.3	671.5	91	Honi
2	p2-lists	0-0	4	27	1	1190.9	664.9	1208.1	671.5	96	Poké
2	p2-lists	0-0	4	27	2	1211.2	665.1	1225.2	671.5	96	12H
2	p2-lists	0-0	4	28	0	1171.4	674.4	1199.3	681.1	96	Humble
2	p2-lists	0-0	4	28	1	1202.4	674.6	1224.2	682.3	92	Grape
2	p2-lists	0-0	4	28	2	1227.2	674.6	1236	680.9	93	7E
2	p2-lists	0-0	4	29	0	1171.4	684	1196.8	691.9	78	Ippudo
2	p2-lists	0-0	4	29	1	1200	684	1225.6	691.9	96	Canary
2	p2-lists	0-0	4	29	2	1228.5	684	1251.2	690.6	96	Wharf
2	p2-lists	0-0	4	29	3	1254	684	1267.9	690.4	96	12H
2	p2-lists	0-0	4	30	0	1171.1	693.5	1184	700	95	The
2	p2-lists	0-0	4	30	1	1187.4	693.7	1197.3	701.4	62	Ivy
2	p2-lists	0-0	4	30	2	1200.6	693.5	1206	700	94	in
2	p2-lists	0-0	4	30	3	1209.2	693.5	1220.6	700	96	the
2	p2-lists	0-0	4	30	4	1224	693.5	1239.6	700	93	Park
2	p2-lists	0-0	4	30	5	1242.7	693.5	1256.6	700	93	14F
2	p2-lists	0-0	4	31	0	1170.9	702.9	1204.2	709.5	92	Jinweide
2	p2-lists	0-0	4	31	1	1207.8	702.9	1224.5	709.5	96	Beef
2	p2-lists	0-0	4	31	2	1227.8	702.9	1258.4	709.5	93	Noodles
2	p2-lists	0-0	4	31	3	1261.4	703	1275.3	709.5	92	11B
2	p2-lists	0-0	4	32	0	1171.4	712.4	1196.4	719.1	91	Kricket
2	p2-lists	0-0	4	32	1	1199.5	712.6	1209.6	719.1	96	9G
2	p2-lists	0-0	4	33	0	1171.4	722.1	1192.7	728.6	96	Mama
2	p2-lists	0-0	4	33	1	1196.1	721.9	1201.3	728.4	96	Li
2	p2-lists	0-0	4	33	2	1204.5	722.1	1219.1	728.4	96	21D
2	p2-lists	0-0	4	34	0	1171.4	731.5	1209.8	738.1	96	Manhattan
2	p2-lists	0-0	4	34	1	1213	731.5	1228.8	739	96	Grill,
2	p2-lists	0-0	4	34	2	1232.4	731.5	1259.4	738.1	96	London
2	p2-lists	0-0	4	34	3	1263	731.5	1291.8	738.1	96	Marriott
2	p2-lists	0-0	4	34	4	1295.3	731.5	1313.8	738	96	Hotel
2	p2-lists	0-0	4	34	5	1317.2	731.5	1342.6	739.4	95	Canary
2	p2-lists	0-0	4	34	6	1345.7	731.3	1368.3	738.1	93	Wharf
2	p2-lists	0-0	4	34	7	1370.9	731.5	1379.1	738.1	92	8J
2	p2-lists	0-0	4	35	0	1171.4	741.2	1191.9	747.5	85	No.35
2	p2-lists	0-0	4	35	1	1195.4	740.8	1233	747.5	96	Mackenzie
2	p2-lists	0-0	4	35	2	1236	740.8	1254	747.5	96	Walk
2	p2-lists	0-0	4	35	3	1256.7	741	1266.8	747.5	96	8D
2	p2-lists	0-0	4	36	0	1171.4	750.6	1188	757	90	Nora
2	p2-lists	0-0	4	36	1	1191.2	750.6	1206.3	757	90	20C
2	p2-lists	0-0	4	37	0	1171.1	759.9	1191.8	766.6	92	Obica
2	p2-lists	0-0	4	37	1	1195.4	759.9	1233.7	766.6	96	Mozzarella
2	p2-lists	0-0	4	37	2	1237.1	760.1	1250.1	767.5	96	Bar,
2	p2-lists	0-0	4	37	3	1253.5	759.9	1271.9	766.6	93	Pizza
2	p2-lists	0-0	4	37	4	1275.1	761.7	1278.9	766.6	92	e
2	p2-lists	0-0	4	37	5	1281.9	759.9	1306.1	766.6	93	Cucina
2	p2-lists	0-0	4	37	6	1309.3	760.1	1324.2	766.6	91	10B
2	p2-lists	0-0	4	38	0	1171.2	769.5	1186.4	777.4	96	Ong
2	p2-lists	0-0	4	38	1	1190.1	769.5	1200	776.1	95	Lai
2	p2-lists	0-0	4	38	2	1203.8	769.5	1237.3	777.4	93	Kopitiam
2	p2-lists	0-0	4	38	3	1240.5	769.5	1254.8	776.1	91	21C
2	p2-lists	0-0	4	39	0	1171.1	779	1201.1	786.9	90	Oysteria
2	p2-lists	0-0	4	39	1	1204.4	779	1218.2	785.5	92	11B
2	p2-lists	0-0	4	40	0	1171.1	788.4	1184	795	96	The
2	p2-lists	0-0	4	40	1	1187.4	788.4	1213.4	795	93	Parlour
2	p2-lists	0-0	4	40	2	1216.4	788.5	1229.7	795	91	11F
2	p2-lists	0-0	4	41	0	1171.4	798.1	1190.1	805.8	93	Patty
2	p2-lists	0-0	4	41	1	1193	798.1	1197.7	804.6	93	&
2	p2-lists	0-0	4	41	2	1200.9	798.1	1214.4	804.6	91	Bun
2	p2-lists	0-0	4	41	3	1217.7	798.1	1231.9	804.6	91	18C
2	p2-lists	0-0	4	42	0	1171.4	807.4	1188.9	814.1	93	Pitch
2	p2-lists	0-0	4	42	1	1192.1	807.4	1206.5	814.1	91	16B
2	p2-lists	0-0	6	43	0	1451.3	340	1481.7	354.7	96	The
2	p2-lists	0-0	6	43	1	1488	340.5	1539.3	354.7	96	Estate
2	p2-lists	0-0	7	44	0	1451	367.2	1472.6	373.6	95	ABSA
2	p2-lists	0-0	7	44	1	1474.9	367.2	1484.6	373.6	96	40
2	p2-lists	0-0	7	44	2	1488	367	1505.7	373.6	96	Bank
2	p2-lists	0-0	7	44	3	1508.7	367.2	1530.5	373.6	91	Street
2	p2-lists	0-0	7	44	4	1533	367.2	1546.9	373.5	91	11B
2	p2-lists	0-0	7	45	0	1451	376.7	1472.7	383	92	AFME
2	p2-lists	0-0	7	45	1	1477.1	376.5	1486.1	383.2	96	20
2	p2-lists	0-0	7	45	2	1489.3	376.5	1520.6	383.2	95	Churchill
2	p2-lists	0-0	7	45	3	1524.2	376.5	1543.1	383.2	93	Place
2	p2-lists	0-0	7	45	4	1545.6	376.7	1559	383	93	17E
2	p2-lists	0-0	7	46	0	1451	386.2	1467.3	392.5	96	ANZ
2	p2-lists	0-0	7	46	1	1470.4	386.1	1488.9	392.5	96	Bank
2	p2-lists	0-0	7	46	2	1491.3	386.1	1530.9	393.6	93	(Australian
2	p2-lists	0-0	7	46	3	1534.1	386.1	1538.8	392.5	93	&
2	p2-lists	0-0	7	46	4	1542	386.2	1557.7	392.7	96	New
2	p2-lists	0-0	7	46	5	1560.8	386.1	1589.4	392.7	96	Zealand
2	p2-lists	0-0	7	46	6	1593	386.1	1622.1	394	95	Banking
2	p2-lists	0-0	7	46	7	1625.4	386.1	1650.8	394	95	Group)
2	p2-lists	0-0	7	46	8	1654	386.1	1677	394	96	Cargo,
2	p2-lists	0-0	7	46	9	1680.3	386.1	1688.6	392.5	96	25
2	p2-lists	0-0	7	46	10	1692	386.1	1712.1	392.7	96	North
2	p2-lists	0-0	7	46	11	1715.6	386.1	1754.8	392.7	93	Colonnade
2	p2-lists	0-0	7	46	12	1757.3	386.1	1772.4	392.7	92	10G
2	p2-lists	0-0	7	47	0	1451	395.4	1490.2	402.1	91	AviadoBio
2	p2-lists	0-0	7	47	1	1492.9	395.6	1501.9	402.1	95	20
2	p2-lists	0-0	7	47	2	1505	395.6	1527.1	402.1	96	Water
2	p2-lists	0-0	7	47	3	1530	395.6	1551.8	402.1	93	Street
2	p2-lists	0-0	7	47	4	1554.8	395.6	1568.9	402.1	93	18C
2	p2-lists	0-0	7	48	0	1451.5	405	1478.7	411.6	96	Balfour
2	p2-lists	0-0	7	48	1	1481.6	405.1	1506	412.9	96	Beatty
2	p2-lists	0-0	7	48	2	1508.4	405.1	1512.2	411.6	96	5
2	p2-lists	0-0	7	48	3	1515.4	405	1546.7	411.6	96	Churchill
2	p2-lists	0-0	7	48	4	1550.3	405	1569.2	411.6	93	Place
2	p2-lists	0-0	7	48	5	1571.7	405.1	1585.1	411.6	91	17F
2	p2-lists	0-0	7	49	0	1451.5	414.5	1482.8	422.4	95	Barclays
2	p2-lists	0-0	7	49	1	1485.3	414.7	1489.1	421	95	1
2	p2-lists	0-0	7	49	2	1492.2	414.5	1523.3	421.2	96	Churchill
2	p2-lists	0-0	7	49	3	1527.1	414.5	1545.8	421.2	93	Place
2	p2-lists	0-0	7	49	4	1548.3	414.7	1562.6	421.2	89	17G
2	p2-lists	0-0	7	50	0	1451.5	424	1496.9	432	92	BarclayCard
2	p2-lists	0-0	7	50	1	1499.9	424.2	1503.3	430.5	96	7
2	p2-lists	0-0	7	50	2	1506.4	424	1542.6	432	96	Westferry
2	p2-lists	0-0	7	50	3	1545.5	424	1567.4	430.5	96	Circus
2	p2-lists	0-0	7	50	4	1570.3	424	1580.7	430.5	96	4G
2	p2-lists	0-0	7	51	0	1451.5	433.8	1470.8	440.1	96	Barts
2	p2-lists	0-0	7	51	1	1473.5	433.6	1497.6	440.1	96	Health
2	p2-lists	0-0	7	51	2	1500.6	433.6	1516.1	440.1	96	NHS
2	p2-lists	0-0	7	51	3	1518.6	433.8	1537.4	440.1	95	Trust
2	p2-lists	0-0	7	51	4	1539.7	433.6	1548.9	440.1	96	20
2	p2-lists	0-0	7	51	5	1551.9	433.6	1583.3	440.1	95	Churchill
2	p2-lists	0-0	7	51	6	1587	433.6	1605.8	440.1	93	Place
2	p2-lists	0-0	7	51	7	1608.3	433.6	1621.8	440.1	91	17E
2	p2-lists	0-0	7	52	0	1451.5	443.1	1467.2	449.6	96	BGC
2	p2-lists	0-0	7	52	1	1470	442.9	1518.5	449.6	96	International
2	p2-lists	0-0	7	52	2	1521.2	443.1	1524.9	449.6	96	5
2	p2-lists	0-0	7	52	3	1528	442.9	1559.3	449.6	96	Churchill
2	p2-lists	0-0	7	52	4	1562.9	442.9	1581.8	449.6	93	Place
2	p2-lists	0-0	7	52	5	1584.3	443.1	1597.7	449.6	92	17F
2	p2-lists	0-0	7	53	0	1451.5	452.7	1472	459.1	92	BGRS
2	p2-lists	0-0	7	53	1	1474.9	452.7	1488.4	459	96	LTD
2	p2-lists	0-0	7	53	2	1490.9	452.7	1499.9	459.1	96	20
2	p2-lists	0-0	7	53	3	1503.2	452.5	1530.2	459.1	95	Canada
2	p2-lists	0-0	7	53	4	1533.4	452.7	1558.8	460.4	93	Square
2	p2-lists	0-0	7	53	5	1561.8	452.7	1575.3	459.1	92	15E
2	p2-lists	0-0	7	54	0	1451.5	462.2	1472	468.5	92	BLME
2	p2-lists	0-0	7	54	1	1474.4	462	1483.5	468.7	96	20
2	p2-lists	0-0	7	54	2	1486.8	462	1517.9	468.7	94	Churchill
2	p2-lists	0-0	7	54	3	1521.7	462	1540.4	468.7	93	Place
2	p2-lists	0-0	7	54	4	1542.9	462.2	1556.4	468.5	92	17E
2	p2-lists	0-0	7	55	0	1451.5	471.7	1477.4	478.2	96	Boston
2	p2-lists	0-0	7	55	1	1480.1	471.6	1520.6	479.5	96	Consulting
2	p2-lists	0-0	7	55	2	1523.5	471.6	1546.5	479.5	95	Group
2	p2-lists	0-0	7	55	3	1549.1	471.7	1572.3	479.5	95	Cargo,
2	p2-lists	0-0	7	55	4	1575.3	471.6	1583.8	478	96	25
2	p2-lists	0-0	7	55	5	1587.2	471.6	1607.4	478	96	North
2	p2-lists	0-0	7	55	6	1610.6	471.6	1649.9	478.2	93	Colonnade
2	p2-lists	0-0	7	55	7	1652.9	471.6	1668	478.2	92	10G
2	p2-lists	0-0	7	56	0	1451.5	481.3	1461.6	487.6	96	BP
2	p2-lists	0-0	7	56	1	1464.3	481.1	1488.2	488.8	95	Cargo,
2	p2-lists	0-0	7	56	2	1491.5	481.1	1500.1	487.6	96	25
2	p2-lists	0-0	7	56	3	1503.7	481.1	1524.6	487.6	96	North
2	p2-lists	0-0	7	56	4	1528	481.1	1568.5	487.6	92	Colonnade
2	p2-lists	0-0	7	56	5	1571.9	481.1	1586.9	487.6	90	10G
2	p2-lists	0-0	7	57	0	1451.5	490.5	1491.5	497.1	91	Broadwick
2	p2-lists	0-0	7	57	1	1494.3	490.6	1503.3	497.1	96	30
2	p2-lists	0-0	7	57	2	1506.4	490.6	1528.4	497.1	95	Water
2	p2-lists	0-0	7	57	3	1531.2	490.6	1553	497.1	96	Street
2	p2-lists	0-0	7	57	4	1556.3	490.6	1570.8	497.1	96	19D
2	p2-lists	0-0	7	58	0	1451.1	500	1479.4	506.7	93	Carlson
2	p2-lists	0-0	7	58	1	1482.1	500	1516.7	507.9	96	Wagonlit
2	p2-lists	0-0	7	58	2	1519.2	500	1541.3	506.7	95	Travel
2	p2-lists	0-0	7	58	3	1544	500.2	1553.6	506.7	95	40
2	p2-lists	0-0	7	58	4	1557	500	1574.8	506.7	96	Bank
2	p2-lists	0-0	7	58	5	1577.7	500.2	1599.5	506.7	93	Street
2	p2-lists	0-0	7	58	6	1602	500.2	1615.8	506.5	93	11B
2	p2-lists	0-0	7	59	0	1451.1	509.5	1482.5	516.2	95	Chevron
2	p2-lists	0-0	7	59	1	1485.3	509.7	1496	516.2	95	UK
2	p2-lists	0-0	7	59	2	1498.7	509.7	1502.3	516	95	1
2	p2-lists	0-0	7	59	3	1505.3	509.5	1541.3	517.5	96	Westferry
2	p2-lists	0-0	7	59	4	1544.4	509.5	1566.3	516.2	96	Circus
2	p2-lists	0-0	7	59	5	1568.9	509.5	1578.8	516.2	96	3G
2	p2-lists	0-0	7	60	0	1451.1	519.1	1472.2	525.6	96	China
2	p2-lists	0-0	7	60	1	1475.1	519.1	1510	525.6	95	Merchant
2	p2-lists	0-0	7	60	2	1512.3	519.1	1549.8	525.7	96	Securities
2	p2-lists	0-0	7	60	3	1552.5	519.1	1561.5	525.6	96	50
2	p2-lists	0-0	7	60	4	1564.9	519.1	1582.7	525.6	96	Bank
2	p2-lists	0-0	7	60	5	1585.6	519.1	1607.4	525.6	93	Street
2	p2-lists	0-0	7	60	6	1610.4	519.1	1625	525.6	93	14B
2	p2-lists	0-0	7	61	0	1451.1	528.4	1472.2	535.1	96	China
2	p2-lists	0-0	7	61	1	1475.1	528.4	1503.3	535.1	96	Unicom
2	p2-lists	0-0	7	61	2	1506.2	528.6	1532.9	536.4	96	Europe
2	p2-lists	0-0	7	61	3	1535.6	528.6	1545.1	535.1	95	40
2	p2-lists	0-0	7	61	4	1548.5	528.4	1566.2	535.1	96	Bank
2	p2-lists	0-0	7	61	5	1569.2	528.6	1591	535.1	93	Street
2	p2-lists	0-0	7	61	6	1593.5	528.6	1607.4	535.1	93	11B
2	p2-lists	0-0	7	62	0	1451.1	538	1474	544.6	95	Cision
2	p2-lists	0-0	7	62	1	1476.9	538.2	1480.7	544.6	95	5
2	p2-lists	0-0	7	62	2	1483.7	538	1515	544.6	95	Churchill
2	p2-lists	0-0	7	62	3	1518.6	538	1537.5	544.6	93	Place
2	p2-lists	0-0	7	62	4	1540.1	538.2	1553.4	544.5	91	17F
2	p2-lists	0-0	7	63	0	1451.1	547.5	1463.6	554.2	94	Citi
2	p2-lists	0-0	7	63	1	1466.1	547.5	1474.4	554.2	96	25
2	p2-lists	0-0	7	63	2	1477.6	547.5	1504.6	554.2	96	Canada
2	p2-lists	0-0	7	63	3	1507.8	547.5	1533.2	555.4	93	Square
2	p2-lists	0-0	7	63	4	1535.7	547.5	1551	555.1	93	12E,
2	p2-lists	0-0	7	63	5	1554.3	547.7	1562.4	554.2	95	33
2	p2-lists	0-0	7	63	6	1565.6	547.5	1592.8	554.2	95	Canada
2	p2-lists	0-0	7	63	7	1595.9	547.5	1621.2	555.4	93	Square
2	p2-lists	0-0	7	63	8	1624.3	547.7	1639.4	555.1	88	11E,
2	p2-lists	0-0	7	63	9	1642.1	547.5	1651.7	554.2	96	40
2	p2-lists	0-0	7	63	10	1655.1	547.5	1672.9	554.2	96	Bank
2	p2-lists	0-0	7	63	11	1675.8	547.7	1697.6	554.2	93	Street
2	p2-lists	0-0	7	63	12	1700.1	547.7	1713.9	554	92	11B
2	p2-lists	0-0	7	64	0	1451.1	557.1	1467.2	563.7	96	Civil
2	p2-lists	0-0	7	64	1	1469.9	557.1	1501.4	563.5	96	Aviation
2	p2-lists	0-0	7	64	2	1503.9	557.1	1540.2	565	96	Authority
2	p2-lists	0-0	7	64	3	1543.1	557.2	1551.4	563.5	96	11
2	p2-lists	0-0	7	64	4	1554.3	556.9	1590.3	565	95	Westferry
2	p2-lists	0-0	7	64	5	1593.3	557.1	1615.3	563.5	93	Circus
2	p2-lists	0-0	7	64	6	1618.2	557.2	1627.7	563.5	92	4F
2	p2-lists	0-0	7	65	0	1451.1	566.6	1496.9	573.1	96	Clearstream
2	p2-lists	0-0	7	65	1	1499.9	566.4	1548.2	573.1	95	International
2	p2-lists	0-0	7	65	2	1551.4	566.6	1559.7	573.1	95	11
2	p2-lists	0-0	7	65	3	1562.6	566.4	1598.6	574.5	95	Westferry
2	p2-lists	0-0	7	65	4	1601.6	566.6	1623.6	573.1	93	Circus
2	p2-lists	0-0	7	65	5	1626.5	566.6	1636	573.1	93	4F
2	p2-lists	0-0	7	66	0	1451.1	576	1479.4	582.6	96	Clifford
2	p2-lists	0-0	7	66	1	1482.3	576	1509.6	582.6	96	Chance
2	p2-lists	0-0	7	66	2	1512.9	576.1	1521.7	582.6	95	10
2	p2-lists	0-0	7	66	3	1525.1	576.1	1547.4	583.9	96	Upper
2	p2-lists	0-0	7	66	4	1550.5	576	1568.3	582.6	96	Bank
2	p2-lists	0-0	7	66	5	1571.2	576.1	1593	582.6	92	Street
2	p2-lists	0-0	7	66	6	1595.9	576.1	1612.1	583.5	92	14B,
2	p2-lists	0-0	7	66	7	1614.6	576.1	1623.8	582.6	96	20
2	p2-lists	0-0	7	66	8	1627	576	1658.1	582.6	96	Churchill
2	p2-lists	0-0	7	66	9	1661.9	576	1680.6	582.6	92	Place
2	p2-lists	0-0	7	66	10	1683.2	576.1	1696.7	582.6	92	17E
2	p2-lists	0-0	7	67	0	1451.1	585.5	1504.8	592.2	92	Clustermarket
2	p2-lists	0-0	7	67	1	1507.3	585.7	1516.5	592.2	96	20
2	p2-lists	0-0	7	67	2	1519.5	585.7	1541.5	592.2	96	Water
2	p2-lists	0-0	7	67	3	1544.4	585.7	1566.2	592.2	91	Street
2	p2-lists	0-0	7	67	4	1569.2	585.7	1583.4	592.2	91	18C
2	p2-lists	0-0	7	68	0	1451.1	595	1498.5	603	93	Competition
2	p2-lists	0-0	7	68	1	1501	595.2	1506	601.5	93	&
2	p2-lists	0-0	7	68	2	1508.7	595	1538.1	601.7	96	Markets
2	p2-lists	0-0	7	68	3	1540.6	595	1577	603	95	Authority
2	p2-lists	0-0	7	68	4	1579.7	595	1588.1	601.7	96	25
2	p2-lists	0-0	7	68	5	1591.2	595	1613	601.7	96	Cabot
2	p2-lists	0-0	7	68	6	1615.8	595	1641.2	603	93	Square
2	p2-lists	0-0	7	68	7	1644.3	595	1653.5	601.7	92	6F
2	p2-lists	0-0	7	69	0	1451.1	604.6	1480.7	611.2	96	Context
2	p2-lists	0-0	7	69	1	1483.5	604.4	1527.8	611.2	96	Information
2	p2-lists	0-0	7	69	2	1530.5	604.6	1561.7	612.5	95	Security
2	p2-lists	0-0	7	69	3	1564.5	604.6	1572.8	611.1	96	11
2	p2-lists	0-0	7	69	4	1575.7	604.4	1611.7	612.5	96	Westferry
2	p2-lists	0-0	7	69	5	1614.8	604.6	1636.7	611.1	93	Circus
2	p2-lists	0-0	7	69	6	1639.6	604.6	1649.1	611.1	92	4F
2	p2-lists	0-0	7	70	0	1451.1	614.1	1466.1	620.6	95	CSC
2	p2-lists	0-0	7	70	1	1468.4	614.1	1477.4	620.6	95	20
2	p2-lists	0-0	7	70	2	1480.7	613.9	1512	620.6	96	Churchill
2	p2-lists	0-0	7	70	3	1515.6	613.9	1534.5	620.6	93	Place
2	p2-lists	0-0	7	70	4	1537	614.1	1550.5	620.6	92	17E
2	p2-lists	0-0	7	71	0	1451.1	623.5	1487.3	631.4	90	Cytospire
2	p2-lists	0-0	7	71	1	1489.8	623.7	1498.8	630.1	95	20
2	p2-lists	0-0	7	71	2	1501.9	623.7	1523.9	630.1	96	Water
2	p2-lists	0-0	7	71	3	1526.7	623.7	1548.5	630.1	93	Street
2	p2-lists	0-0	7	71	4	1551	623.7	1565.3	630.1	93	18C
2	p2-lists	0-0	7	72	0	1451.5	633	1470.9	639.7	96	Delta
2	p2-lists	0-0	7	72	1	1473.6	633	1497.8	640.9	96	Capita
2	p2-lists	0-0	7	72	2	1500.8	633.2	1510.4	639.7	96	40
2	p2-lists	0-0	7	72	3	1513.8	633	1531.6	639.7	96	Bank
2	p2-lists	0-0	7	72	4	1534.5	633	1556.3	639.7	92	Street
2	p2-lists	0-0	7	72	5	1558.8	633.2	1572.8	639.5	92	11B
2	p2-lists	0-0	7	73	0	1451.5	642.6	1486.4	649.2	96	Deutsche
2	p2-lists	0-0	7	73	1	1489.3	642.6	1507.8	649	96	Bank
2	p2-lists	0-0	7	73	2	1510.9	642.6	1519.7	649	96	10
2	p2-lists	0-0	7	73	3	1523.1	642.7	1545.3	650.5	96	Upper
2	p2-lists	0-0	7	73	4	1548.5	642.6	1566.3	649	96	Bank
2	p2-lists	0-0	7	73	5	1569.2	642.7	1591	649	93	Street
2	p2-lists	0-0	7	73	6	1594.1	642.7	1608.6	649	92	14B
2	p2-lists	0-0	7	74	0	1451.5	651.9	1476	659.8	96	Digital
2	p2-lists	0-0	7	74	1	1478.7	651.9	1512.5	658.6	96	Shadows
2	p2-lists	0-0	7	74	2	1515.4	652.3	1519	658.6	96	7
2	p2-lists	0-0	7	74	3	1522.1	651.9	1558.1	660	96	Westferry
2	p2-lists	0-0	7	74	4	1561.1	652.1	1583.1	658.6	96	Circus
2	p2-lists	0-0	7	74	5	1586	652.1	1596.4	658.6	96	4G
2	p2-lists	0-0	7	75	0	1451.5	661.6	1472.2	668.1	96	EBRD
2	p2-lists	0-0	7	75	1	1475.1	661.6	1513.1	669.4	96	(European
2	p2-lists	0-0	7	75	2	1516.5	661.5	1534.3	668.1	95	Bank
2	p2-lists	0-0	7	75	3	1537.2	661.5	1547.3	668.1	96	for
2	p2-lists	0-0	7	75	4	1550.3	661.6	1605.4	668.1	93	Reconstruction
2	p2-lists	0-0	7	75	5	1608.6	661.6	1613.3	668.1	93	&
2	p2-lists	0-0	7	75	6	1616.6	661.5	1668.6	669.4	96	Development)
2	p2-lists	0-0	7	75	7	1671.8	661.6	1675.6	668.1	96	5
2	p2-lists	0-0	7	75	8	1679	661.5	1696.7	668.1	96	Bank
2	p2-lists	0-0	7	75	9	1699.5	661.6	1721.3	668.1	93	Street
2	p2-lists	0-0	7	75	10	1724.4	661.6	1734.3	668.1	91	6C
2	p2-lists	0-0	7	76	0	1451.1	671	1464.6	677.7	96	The
2	p2-lists	0-0	7	76	1	1467.5	671	1506.9	677.7	96	Economist
2	p2-lists	0-0	7	76	2	1509.6	671.2	1532.7	678.9	96	Group
2	p2-lists	0-0	7	76	3	1535.6	671.2	1544.7	677.7	96	20
2	p2-lists	0-0	7	76	4	1547.8	671	1569.6	677.7	96	Cabot
2	p2-lists	0-0	7	76	5	1572.5	671.2	1597.8	678.9	93	Square
2	p2-lists	0-0	7	76	6	1600.7	671.2	1611.2	678.6	93	7E,
2	p2-lists	0-0	7	76	7	1614.4	671.2	1623.2	677.7	96	10
2	p2-lists	0-0	7	76	8	1626.3	671	1647.3	677.7	96	South
2	p2-lists	0-0	7	76	9	1650.8	671	1690	677.7	93	Colonnade
2	p2-lists	0-0	7	76	10	1692.9	671.2	1702.1	677.7	92	8E
2	p2-lists	0-0	7	77	0	1451.5	680.7	1477.8	688.5	96	Energy
2	p2-lists	0-0	7	77	1	1480.1	680.7	1510.4	688.5	96	Aspects
2	p2-lists	0-0	7	77	2	1513.2	680.7	1536.5	688.5	96	Cargo,
2	p2-lists	0-0	7	77	3	1539.7	680.5	1548	687.2	96	25
2	p2-lists	0-0	7	77	4	1551.4	680.5	1571.6	687	96	North
2	p2-lists	0-0	7	77	5	1574.8	680.5	1614	687.2	91	Colonnade
2	p2-lists	0-0	7	77	6	1617.1	680.5	1632.2	687.2	91	10G
2	p2-lists	0-0	7	78	0	1451.5	690.3	1477.8	698	96	Energy
2	p2-lists	0-0	7	78	1	1480.1	690.1	1505.3	698	96	Saving
2	p2-lists	0-0	7	78	2	1508	690.3	1526.7	696.6	96	Trust
2	p2-lists	0-0	7	78	3	1529.6	690.1	1538.8	696.6	96	30
2	p2-lists	0-0	7	78	4	1542.2	690.1	1562.4	696.6	96	North
2	p2-lists	0-0	7	78	5	1565.6	690.1	1604.9	696.6	92	Colonnade
2	p2-lists	0-0	7	78	6	1608.1	690.1	1622.3	696.6	92	15G
2	p2-lists	0-0	7	79	0	1451.5	699.6	1461	706.1	96	EU
2	p2-lists	0-0	7	79	1	1464.1	699.4	1499.9	706.1	96	Networks
2	p2-lists	0-0	7	79	2	1502.8	699.6	1506.6	706.1	96	5
2	p2-lists	0-0	7	79	3	1509.6	699.4	1541	706.1	96	Churchill
2	p2-lists	0-0	7	79	4	1544.7	699.4	1563.5	706.1	93	Place
2	p2-lists	0-0	7	79	5	1566.5	699.6	1580	706.1	92	17F
2	p2-lists	0-0	7	80	0	1451.5	709.2	1485.2	715.6	95	Euronext
2	p2-lists	0-0	7	80	1	1488.2	709.2	1511.4	716.9	96	Cargo,
2	p2-lists	0-0	7	80	2	1514.7	709.2	1518.3	715.6	96	5
2	p2-lists	0-0	7	80	3	1521.7	709	1541.9	715.6	96	North
2	p2-lists	0-0	7	80	4	1545.3	709	1584.5	715.6	92	Colonnade
2	p2-lists	0-0	7	80	5	1587.6	709.2	1602.7	715.6	91	10G
2	p2-lists	0-0	7	81	0	1451.5	718.7	1461	725	96	EY
2	p2-lists	0-0	7	81	1	1463.7	718.5	1472	725.2	96	25
2	p2-lists	0-0	7	81	2	1475.3	718.5	1506.6	725.2	96	Churchill
2	p2-lists	0-0	7	81	3	1510.2	718.5	1529.1	725.2	93	Place
2	p2-lists	0-0	7	81	4	1531.8	718.7	1545.6	725.2	92	16E
2	p2-lists	0-0	7	82	0	1451.5	728.1	1469.5	734.7	96	Fitch
2	p2-lists	0-0	7	82	1	1472.6	728.1	1500.8	736	95	Ratings
2	p2-lists	0-0	7	82	2	1503.7	728.1	1512.7	734.7	95	30
2	p2-lists	0-0	7	82	3	1516.1	728.1	1536.3	734.5	96	North
2	p2-lists	0-0	7	82	4	1539.7	728.1	1578.9	734.7	93	Colonnade
2	p2-lists	0-0	7	82	5	1582	728.1	1596.2	734.7	92	15G
2	p2-lists	0-0	7	83	0	1451.5	737.4	1499.2	745.3	91	FreedomPay
2	p2-lists	0-0	7	83	1	1501.9	737.6	1511.4	744.1	96	40
2	p2-lists	0-0	7	83	2	1514.9	737.4	1532.7	744.1	95	Bank
2	p2-lists	0-0	7	83	3	1535.6	737.6	1557.3	744.1	93	Street
2	p2-lists	0-0	7	83	4	1559.9	737.6	1573.7	744.1	92	11B
2	p2-lists	0-0	7	84	0	1451.1	747	1480.1	753.6	96	General
2	p2-lists	0-0	7	84	1	1483.2	747	1541.3	753.6	96	Pharmaceutical
2	p2-lists	0-0	7	84	2	1544.2	747	1571.9	753.6	96	Council
2	p2-lists	0-0	7	84	3	1575.3	747.1	1579.1	753.6	96	1
2	p2-lists	0-0	7	84	4	1582.2	747	1603.8	753.6	96	Cabot
2	p2-lists	0-0	7	84	5	1606.8	747.1	1632.2	754.9	96	Square
2	p2-lists	0-0	7	84	6	1634.7	747.1	1644.8	753.6	96	6G
2	p2-lists	0-0	7	85	0	1451.5	756.7	1467.7	763.2	96	HCA
2	p2-lists	0-0	7	85	1	1470.4	756.5	1511.1	763.2	96	Healthcare
2	p2-lists	0-0	7	85	2	1513.8	756.7	1524.4	763.2	96	UK
2	p2-lists	0-0	7	85	3	1527.1	756.7	1536.6	763.2	96	40
2	p2-lists	0-0	7	85	4	1540.1	756.5	1557.9	763.2	96	Bank
2	p2-lists	0-0	7	85	5	1560.8	756.7	1582.5	763.2	92	Street
2	p2-lists	0-0	7	85	6	1585.1	756.7	1598.9	763	92	11B
2	p2-lists	0-0	7	86	0	1451.5	766	1475.4	772.7	93	Health
2	p2-lists	0-0	7	86	1	1478.1	766.2	1483	772.7	93	&
2	p2-lists	0-0	7	86	2	1485.5	765.9	1509.5	774	96	Safety
2	p2-lists	0-0	7	86	3	1512.3	766	1548.7	772.7	95	Executive
2	p2-lists	0-0	7	86	4	1551.2	766	1560.4	772.7	95	20
2	p2-lists	0-0	7	86	5	1563.6	766	1585.2	772.7	96	Cabot
2	p2-lists	0-0	7	86	6	1588.3	766.2	1613.7	774	93	Square
2	p2-lists	0-0	7	86	7	1616.7	766.2	1627.2	773.6	92	7E,
2	p2-lists	0-0	7	86	8	1630.8	766	1639.6	772.7	96	10
2	p2-lists	0-0	7	86	9	1642.7	766	1663.7	772.7	96	South
2	p2-lists	0-0	7	86	10	1667	766	1706.2	772.7	93	Colonnade
2	p2-lists	0-0	7	86	11	1709.1	766	1718.3	772.7	92	8E
2	p2-lists	0-0	7	87	0	1451.5	775.6	1480.1	782.1	96	Herbert
2	p2-lists	0-0	7	87	1	1482.6	775.6	1504.2	782.1	93	Smith
2	p2-lists	0-0	7	87	2	1507.3	775.6	1539.2	782.1	91	Freehills
2	p2-lists	0-0	7	87	3	1542	775.6	1551.6	782.1	96	40
2	p2-lists	0-0	7	87	4	1555	775.6	1572.8	782.1	95	Bank
2	p2-lists	0-0	7	87	5	1575.7	775.6	1597.5	782.1	93	Street
2	p2-lists	0-0	7	87	6	1600	775.6	1613.9	782.1	93	11B
2	p2-lists	0-0	7	88	0	1451.5	784.9	1484.8	792.9	90	Hireright
2	p2-lists	0-0	7	88	1	1487.7	785.1	1496.9	791.6	96	20
2	p2-lists	0-0	7	88	2	1499.9	785.1	1521.9	791.6	96	Water
2	p2-lists	0-0	7	88	3	1524.8	785.1	1546.5	791.6	93	Street
2	p2-lists	0-0	7	88	4	1549.4	785.1	1559	791.6	93	4E
2	p2-lists	0-0	7	89	0	1451.5	794.7	1462.5	801	95	HM
2	p2-lists	0-0	7	89	1	1465.5	794.7	1512.2	801.1	95	Government
2	p2-lists	0-0	7	89	2	1515.2	794.7	1524.2	801.1	96	20
2	p2-lists	0-0	7	89	3	1527.5	794.5	1549.1	801.1	96	Cabot
2	p2-lists	0-0	7	89	4	1552.1	794.7	1577.5	802.4	93	Square
2	p2-lists	0-0	7	89	5	1580.2	794.7	1590.8	802	85	7E,
2	p2-lists	0-0	7	89	6	1594.2	794.7	1603.1	801.1	96	10
2	p2-lists	0-0	7	89	7	1606.1	794.5	1627.2	801.1	95	South
2	p2-lists	0-0	7	89	8	1630.6	794.5	1669.8	801.1	91	Colonnade
2	p2-lists	0-0	7	89	9	1672.7	794.7	1681.9	801.1	91	8E
2	p2-lists	0-0	7	90	0	1451.5	804	1471.8	810.7	96	HSBC
2	p2-lists	0-0	7	90	1	1474.7	804.2	1485.2	810.7	96	UK
2	p2-lists	0-0	7	90	2	1488	804.2	1492	810.7	96	8
2	p2-lists	0-0	7	90	3	1495.1	804	1522.2	810.7	95	Canada
2	p2-lists	0-0	7	90	4	1525.3	804	1550.7	811.9	93	Square
2	p2-lists	0-0	7	90	5	1553.7	804	1569.9	811.6	91	12G,
2	p2-lists	0-0	7	90	6	1573	804	1582.7	810.7	95	40
2	p2-lists	0-0	7	90	7	1586.1	804	1603.8	810.7	95	Bank
2	p2-lists	0-0	7	90	8	1606.7	804	1628.6	810.7	93	Street
2	p2-lists	0-0	7	90	9	1631.7	804.2	1645.5	810.5	92	11B
2	p2-lists	0-0	7	91	0	1451.3	813.6	1474.9	820.2	91	hVIVO
2	p2-lists	0-0	7	91	1	1478	813.6	1487.5	820	96	40
2	p2-lists	0-0	7	91	2	1490.9	813.6	1508.7	820	96	Bank
2	p2-lists	0-0	7	91	3	1511.6	813.7	1533.4	820	92	Street
2	p2-lists	0-0	7	91	4	1535.9	813.7	1549.8	820	92	11B
2	p2-lists	1-0	1	92	0	1171.4	817	1196.1	823.6	93	Rocket
2	p2-lists	1-0	1	92	1	1199.1	817	1213	823.6	93	16F
2	p2-lists	1-0	1	93	0	1171.4	826.7	1184.9	833	92	Roe
2	p2-lists	1-0	1	93	1	1188	826.5	1202	833	91	17B
2	p2-lists	1-0	1	94	0	1171.4	835.9	1188.9	842.5	92	Roka
2	p2-lists	1-0	1	94	1	1192.1	836	1205.4	842.5	92	11F
2	p2-lists	1-0	1	95	0	1171.4	845.4	1190.5	853.3	95	Royal
2	p2-lists	1-0	1	95	1	1193.9	845.4	1214.1	852.1	93	China
2	p2-lists	1-0	1	95	2	1217.1	845.6	1226.1	852.1	92	2E
2	p2-lists	1-0	1	96	0	1171.1	854.9	1192.7	861.6	96	Shake
2	p2-lists	1-0	1	96	1	1195.7	854.9	1217.3	861.6	93	Shack
2	p2-lists	1-0	1	96	2	1220.2	855.1	1233.5	861.4	92	11F
2	p2-lists	1-0	1	97	0	1171.1	864.5	1181.5	871	96	Six
2	p2-lists	1-0	1	97	1	1184.7	864.5	1193	872.4	96	by
2	p2-lists	1-0	1	97	2	1196.3	864.5	1211.9	871.1	93	Nico
2	p2-lists	1-0	1	97	3	1215	864.5	1224.2	871.1	92	9E
2	p2-lists	1-0	1	98	0	1171.1	873.8	1204	881.8	93	Songbird
2	p2-lists	1-0	1	98	1	1207.2	874	1220.7	880.5	93	18E
2	p2-lists	1-0	1	99	0	1171.1	883.4	1220.2	890	61	Sticks'n’Sushi
2	p2-lists	1-0	1	99	1	1223.6	883.6	1237.7	890	96	12H
2	p2-lists	1-0	1	100	0	1171.2	892.9	1192.8	899.6	95	Urban
2	p2-lists	1-0	1	100	1	1196.1	893.1	1221.3	899.6	93	Greens
2	p2-lists	1-0	1	100	2	1224.3	893.1	1238.2	899.4	92	11B
2	p2-lists	1-0	1	101	0	1170.9	902.5	1208.3	910.4	92	Vagabond
2	p2-lists	1-0	1	101	1	1211.6	902.5	1225.8	909.1	92	18C
2	p2-lists	1-0	1	102	0	1171.1	912	1199.9	918.5	91	Wahaca
2	p2-lists	1-0	1	102	1	1203.1	912	1216.4	918.5	90	11F
2	p2-lists	1-0	1	103	0	1171.1	921.4	1199.9	928	90	Wahaca
2	p2-lists	1-0	1	103	1	1203.5	921.5	1232.4	928	96	Mexican
2	p2-lists	1-0	1	103	2	1235.7	921.5	1257.5	928	96	Street
2	p2-lists	1-0	1	103	3	1260.9	921.4	1287.7	928	93	Kitchen
2	p2-lists	1-0	1	103	4	1291.1	921.5	1304.4	928	92	12F
2	p2-lists	1-0	2	104	0	1171.6	941.3	1218.6	956.6	93	Cafés
2	p2-lists	1-0	2	104	1	1224.3	942.2	1235.7	956.6	92	&
2	p2-lists	1-0	2	104	2	1242	942.4	1279.1	956.6	96	Bars
2	p2-lists	1-0	3	105	0	1171.1	969.1	1185.5	975.5	96	640
2	p2-lists	1-0	3	105	1	1188.9	969.1	1203.8	975.5	96	East
2	p2-lists	1-0	3	105	2	1206.9	969.1	1223.4	976.4	92	14D,
2	p2-lists	1-0	3	105	3	1226.5	969.1	1240.4	975.5	91	17C
2	p2-lists	1-0	3	106	0	1171.1	978.4	1184	985.1	96	The
2	p2-lists	1-0	3	106	1	1187.1	978.4	1223.4	985.1	95	Alchemist
2	p2-lists	1-0	3	106	2	1226.5	978.6	1240.7	984.9	96	11D
2	p2-lists	1-0	3	107	0	1170.9	988	1203.3	995.9	96	Amazing
2	p2-lists	1-0	3	107	1	1206.7	988	1227.2	994.6	93	Grace
2	p2-lists	1-0	3	107	2	1230.5	988	1239.6	994.6	89	7C
2	p2-lists	1-0	3	108	0	1171.1	997.5	1200.6	1004	92	Arancini
2	p2-lists	1-0	3	108	1	1204	997.3	1211	1004	96	of
2	p2-lists	1-0	3	108	2	1213.7	997.5	1233.5	1005.4	96	Sicily,
2	p2-lists	1-0	3	108	3	1237.1	997.5	1255.3	1004	96	kiosk
2	p2-lists	1-0	3	108	4	1258.2	997.5	1268.3	1004.2	96	6G
2	p2-lists	1-0	3	109	0	1171.4	1006.9	1190.5	1013.5	96	Black
2	p2-lists	1-0	3	109	1	1193.6	1006.9	1216.1	1014.8	96	Sheep
2	p2-lists	1-0	3	109	2	1219.1	1006.9	1242.9	1013.5	93	Coffee
2	p2-lists	1-0	3	109	3	1245.8	1007	1254.9	1013.5	90	8E
2	p2-lists	1-0	3	110	0	1171.1	1016.4	1184	1023.1	96	The
2	p2-lists	1-0	3	110	1	1187.4	1016.4	1226.1	1023.1	93	Boathouse
2	p2-lists	1-0	3	110	2	1229.4	1016.6	1243.2	1023.1	92	17B
2	p2-lists	1-0	3	111	0	1171.4	1026.1	1190	1032.6	95	Brera
2	p2-lists	1-0	3	111	1	1193.6	1026.1	1220.6	1033.9	91	Lounge
2	p2-lists	1-0	3	111	2	1223.6	1026.1	1232.4	1032.4	91	7F
2	p2-lists	1-0	3	112	0	1171.4	1035.7	1204.7	1043.4	91	BrewDog
2	p2-lists	1-0	3	112	1	1208.1	1035.5	1233.5	1043.4	96	Canary
2	p2-lists	1-0	3	112	2	1236.4	1035.3	1259.3	1042.1	93	Wharf
2	p2-lists	1-0	3	112	3	1262	1035.5	1275.8	1042.1	92	16F
2	p2-lists	1-0	3	113	0	1171.4	1044.8	1189.2	1051.5	95	Brick
2	p2-lists	1-0	3	113	1	1192.5	1045.2	1209.4	1051.5	95	Lane
2	p2-lists	1-0	3	113	2	1212.8	1045	1232.6	1052.8	96	Bagel
2	p2-lists	1-0	3	113	3	1236	1045	1246.8	1052.6	96	Co,
2	p2-lists	1-0	3	113	4	1250.3	1044.8	1268.6	1051.5	96	kiosk
2	p2-lists	1-0	3	113	5	1271.7	1045	1285.9	1051.5	96	11D
2	p2-lists	1-0	3	114	0	1171.1	1054.4	1187.1	1061	96	Café
2	p2-lists	1-0	3	114	1	1190.5	1054.6	1209.2	1061	93	Brera
2	p2-lists	1-0	3	114	2	1212.3	1054.6	1221.5	1061	92	8F
2	p2-lists	1-0	3	115	0	1171.1	1063.9	1187.1	1070.6	95	Café
2	p2-lists	1-0	3	115	1	1190.1	1063.9	1207.4	1070.6	93	Seek
2	p2-lists	1-0	3	115	2	1210.3	1064.1	1224.5	1070.6	91	21C
2	p2-lists	1-0	3	116	0	1171.2	1073.5	1190.7	1080.1	80	Caffé
2	p2-lists	1-0	3	116	1	1194.1	1073.6	1211.9	1080.1	95	Nero
2	p2-lists	1-0	3	116	2	1215	1073.5	1229	1079.9	95	12H
2	p2-lists	1-0	3	117	0	1171.1	1083	1200.2	1089.5	93	Caravan
2	p2-lists	1-0	3	117	1	1203.5	1083	1216.8	1089.5	91	11E
2	p2-lists	1-0	3	118	0	1171.1	1092.5	1190.1	1099	96	Crate
2	p2-lists	1-0	3	118	1	1193.6	1092.5	1223.3	1100.3	92	Brewery
2	p2-lists	1-0	3	118	2	1226.3	1092.5	1240.5	1099	92	18C
2	p2-lists	1-0	3	119	0	1171.1	1101.9	1184	1108.6	96	The
2	p2-lists	1-0	3	119	1	1187.1	1101.9	1215.9	1108.6	94	Cocktail
2	p2-lists	1-0	3	119	2	1219.3	1101.9	1235.5	1108.6	96	Club
2	p2-lists	1-0	3	119	3	1238.6	1102.1	1248.1	1108.6	96	7G
2	p2-lists	1-0	3	120	0	1171.4	1111.4	1204	1118.1	96	Directors
2	p2-lists	1-0	3	120	1	1207.4	1111.6	1220.6	1118.1	96	Box
2	p2-lists	1-0	3	120	2	1223.6	1111.6	1237.7	1117.9	96	12H
2	p2-lists	1-0	3	121	0	1171.4	1121	1189.6	1127.5	95	Feels
2	p2-lists	1-0	3	121	1	1193	1121	1206.9	1127.5	96	Like
2	p2-lists	1-0	3	121	2	1209.8	1121.2	1227	1127.6	96	June
2	p2-lists	1-0	3	121	3	1230.1	1121	1244.7	1127.6	96	18D
2	p2-lists	1-0	3	122	0	1171.1	1130.5	1188.3	1137	89	Gails
2	p2-lists	1-0	3	122	1	1191.4	1130.5	1206	1137	96	18D
2	p2-lists	1-0	3	123	0	1171.1	1139.9	1211.9	1147.4	91	Garbanzos,
2	p2-lists	1-0	3	123	1	1215.3	1139.9	1233.5	1146.5	93	kiosk
2	p2-lists	1-0	3	123	2	1236.6	1140.1	1250.8	1146.5	92	10E
2	p2-lists	1-0	3	124	0	1171.1	1149.4	1190.3	1156.1	94	Oasis
2	p2-lists	1-0	3	124	1	1193.7	1149.6	1205.6	1156.1	95	Bar
2	p2-lists	1-0	3	124	2	1208.5	1149.4	1221.5	1156.1	96	and
2	p2-lists	1-0	3	124	3	1224.7	1149.6	1251.2	1156.1	93	Terrace
2	p2-lists	1-0	3	124	4	1254.2	1149.6	1267.7	1155.9	92	12F
2	p2-lists	1-0	3	125	0	1171.1	1159	1206.5	1166.9	92	Obergine,
2	p2-lists	1-0	3	125	1	1210.1	1159	1228.3	1165.6	96	kiosk
2	p2-lists	1-0	3	125	2	1231.4	1159.1	1246.5	1165.6	96	10D
2	p2-lists	1-0	3	126	0	1171.1	1168.5	1184	1175	96	The
2	p2-lists	1-0	3	126	1	1187.4	1168.7	1208.7	1176.4	96	Henry
2	p2-lists	1-0	3	126	2	1211.6	1168.5	1250.4	1176.4	96	Addington
2	p2-lists	1-0	3	126	3	1253.5	1168.5	1263.6	1175	96	8D
2	p2-lists	1-0	3	127	0	1171.4	1177.9	1214.8	1184.5	90	Hawksmoor
2	p2-lists	1-0	3	127	1	1218	1178	1229.9	1184.5	96	Bar
2	p2-lists	1-0	3	127	2	1232.8	1177.9	1254.2	1184.5	96	Wood
2	p2-lists	1-0	3	127	3	1257.6	1177.9	1280.3	1184.5	95	Wharf
2	p2-lists	1-0	3	127	4	1283	1178	1297.8	1184.5	96	16D
2	p2-lists	1-0	3	128	0	1171.4	1187.4	1199.3	1194.1	96	Humble
2	p2-lists	1-0	3	128	1	1202.4	1187.6	1224.2	1195.3	93	Grape
2	p2-lists	1-0	3	128	2	1227.2	1187.6	1236	1194.1	92	7E
2	p2-lists	1-0	3	129	0	1170.9	1196.9	1205.3	1203.6	96	Jamaican
2	p2-lists	1-0	3	129	1	1208.9	1197.1	1227.6	1204.9	93	Patty
2	p2-lists	1-0	3	129	2	1230.6	1196.9	1244.9	1203.6	93	10E
2	p2-lists	1-0	4	130	0	1171.4	1206.5	1193.7	1214.4	96	Lobby
2	p2-lists	1-0	4	130	1	1197.2	1206.7	1224	1214.4	96	Lounge
2	p2-lists	1-0	4	130	2	1227.4	1206.7	1239.3	1213.1	92	Bar
2	p2-lists	1-0	4	130	3	1242.2	1206.7	1246.8	1213	92	&
2	p2-lists	1-0	4	130	4	1250.1	1206.5	1288.4	1213.1	96	Manhattan
2	p2-lists	1-0	4	130	5	1291.7	1206.5	1305.5	1213.1	92	Grill
2	p2-lists	1-0	4	130	6	1308.8	1206.7	1317	1213.1	91	8J
2	p2-lists	1-0	5	131	0	1171.4	1215.8	1208.5	1222.5	96	Lockdown
2	p2-lists	1-0	5	131	1	1211.6	1216	1227	1222.5	96	20D
2	p2-lists	1-0	5	132	0	1171.4	1225.4	1195.9	1232	95	Market
2	p2-lists	1-0	5	132	1	1199.1	1225.4	1215.9	1232	93	Halls
2	p2-lists	1-0	5	132	2	1218.9	1225.6	1234.1	1232	91	10G
2	p2-lists	1-0	5	133	0	1171.4	1235.1	1191.9	1241.6	90	No.35
2	p2-lists	1-0	5	133	1	1195.4	1234.9	1233.2	1241.6	96	Mackenzie
2	p2-lists	1-0	5	133	2	1236	1234.9	1254	1241.6	96	Walk
2	p2-lists	1-0	5	133	3	1256.7	1235.1	1266.8	1241.6	96	8D
2	p2-lists	1-0	5	134	0	1171.4	1244.6	1200.4	1251.1	95	Mercato
2	p2-lists	1-0	5	134	1	1203.6	1244.5	1254.9	1252.4	93	Metropolitano
2	p2-lists	1-0	5	134	2	1258.2	1244.5	1272.4	1251.1	92	18B
2	p2-lists	1-0	5	135	0	1171.4	1254.2	1192.1	1260.5	96	Notes
2	p2-lists	1-0	5	135	1	1195.2	1253.8	1218.8	1260.7	96	Coffee
2	p2-lists	1-0	5	135	2	1222.2	1254.2	1253.3	1260.5	93	Roasters
2	p2-lists	1-0	5	135	3	1256.4	1254	1261.1	1260.5	93	&
2	p2-lists	1-0	5	135	4	1264.3	1254.2	1276.2	1260.5	95	Bar
2	p2-lists	1-0	5	135	5	1279.2	1254	1293.1	1260.5	95	12H
2	p2-lists	1-0	5	136	0	1171.4	1263.5	1192.1	1270	96	Notes
2	p2-lists	1-0	5	136	1	1195.2	1263.4	1218.8	1270	96	Coffee
2	p2-lists	1-0	5	136	2	1222.2	1263.5	1255.1	1271.1	96	Roasters,
2	p2-lists	1-0	5	136	3	1258.5	1263.4	1276.9	1270	93	kiosk
2	p2-lists	1-0	5	136	4	1279.8	1263.5	1288.4	1270	90	7L
2	p2-lists	1-0	5	137	0	1171.1	1272.9	1182.9	1279.6	93	Ole
2	p2-lists	1-0	5	137	1	1186	1273.1	1190.7	1279.6	93	&
2	p2-lists	1-0	5	137	2	1193.6	1273.1	1213.9	1279.6	96	Steen
2	p2-lists	1-0	5	137	3	1217.1	1273.1	1231.2	1279.6	96	12H
2	p2-lists	1-0	5	138	0	1171.4	1282.4	1198.6	1290.4	95	Pergola
2	p2-lists	1-0	5	138	1	1201.8	1284.2	1210.3	1289.1	96	on
2	p2-lists	1-0	5	138	2	1213.5	1282.4	1224.9	1289.1	96	the
2	p2-lists	1-0	5	138	3	1227.9	1282.4	1250.6	1289.1	96	Wharf
2	p2-lists	1-0	5	138	4	1253.5	1282.6	1267.5	1288.9	96	12H
2	p2-lists	1-0	7	139	0	1451.5	823.1	1468.1	829.6	96	IFRS
2	p2-lists	1-0	7	139	1	1470.9	823.1	1514.1	829.7	95	Foundation
2	p2-lists	1-0	7	139	2	1517.2	823.3	1520.8	829.6	95	7
2	p2-lists	1-0	7	139	3	1523.9	822.9	1559.9	831	96	Westferry
2	p2-lists	1-0	7	139	4	1562.9	823.1	1584.9	829.6	96	Circus
2	p2-lists	1-0	7	139	5	1587.8	823.1	1598.2	829.6	96	4G
2	p2-lists	1-0	7	140	0	1451.5	832.6	1465.2	839.1	96	IMU
2	p2-lists	1-0	7	140	1	1468.2	832.4	1512.5	839.1	95	Biosciences
2	p2-lists	1-0	7	140	2	1514.9	832.6	1523.9	839.1	95	20
2	p2-lists	1-0	7	140	3	1526.9	832.6	1548.9	839.1	96	Water
2	p2-lists	1-0	7	140	4	1551.8	832.6	1573.5	839.1	93	Street
2	p2-lists	1-0	7	140	5	1576.1	832.6	1590.3	839.1	92	18C
2	p2-lists	1-0	7	141	0	1451.5	842	1477.8	849.9	95	Infosys
2	p2-lists	1-0	7	141	1	1480.8	842.2	1489.7	848.6	96	10
2	p2-lists	1-0	7	141	2	1493.1	842.2	1515.4	849.9	95	Upper
2	p2-lists	1-0	7	141	3	1518.6	842	1536.3	848.6	95	Bank
2	p2-lists	1-0	7	141	4	1539.2	842.2	1561.1	848.6	93	Street
2	p2-lists	1-0	7	141	5	1564.2	842.2	1578.6	848.5	92	14B
2	p2-lists	1-0	7	142	0	1451.5	851.5	1482.1	858.2	95	Intellect
2	p2-lists	1-0	7	142	1	1485	851.5	1510.5	859.4	96	Design
2	p2-lists	1-0	7	142	2	1513.6	851.5	1522.6	858.2	95	50
2	p2-lists	1-0	7	142	3	1526.2	851.5	1543.8	858.2	96	Bank
2	p2-lists	1-0	7	142	4	1546.7	851.5	1568.7	858.2	93	Street
2	p2-lists	1-0	7	142	5	1571.7	851.7	1586.1	858	92	14B
2	p2-lists	1-0	7	143	0	1451	861.2	1463.9	867.5	92	JLL
2	p2-lists	1-0	7	143	1	1466.8	861.1	1475.8	867.5	96	20
2	p2-lists	1-0	7	143	2	1478.9	861.2	1501	867.5	95	Water
2	p2-lists	1-0	7	143	3	1503.9	861.2	1525.7	867.5	92	Street
2	p2-lists	1-0	7	143	4	1528.2	861.1	1542.2	867.7	92	18C
2	p2-lists	1-0	7	144	0	1451	870.8	1492.4	878.3	90	J.P.Morgan
2	p2-lists	1-0	7	144	1	1495.1	870.6	1503.5	877.1	96	25
2	p2-lists	1-0	7	144	2	1506.9	870.4	1524.6	877.1	96	Bank
2	p2-lists	1-0	7	144	3	1527.5	870.6	1549.2	877.1	93	Street
2	p2-lists	1-0	7	144	4	1552.5	870.6	1568.9	878.2	91	10C,
2	p2-lists	1-0	7	144	5	1572.3	870.6	1575.9	877.1	96	1
2	p2-lists	1-0	7	144	6	1578.9	870.4	1600.7	877.1	96	Cabot
2	p2-lists	1-0	7	144	7	1603.8	870.6	1629.2	878.3	95	Square
2	p2-lists	1-0	7	144	8	1632	870.6	1642.1	877.1	96	6G
2	p2-lists	1-0	7	145	0	1451.5	880	1478.7	886.6	92	Kadans
2	p2-lists	1-0	7	145	1	1481.4	880.1	1490.4	886.6	96	20
2	p2-lists	1-0	7	145	2	1493.4	880.1	1515.4	886.6	96	Water
2	p2-lists	1-0	7	145	3	1518.3	880.1	1540.1	886.6	93	Street
2	p2-lists	1-0	7	145	4	1543.1	880.1	1557.3	886.6	93	18C
2	p2-lists	1-0	7	146	0	1451.5	889.7	1473.5	896.2	96	KPMG
2	p2-lists	1-0	7	146	1	1476.5	889.7	1484.6	896.2	96	15
2	p2-lists	1-0	7	146	2	1487.7	889.5	1514.9	896.2	96	Canada
2	p2-lists	1-0	7	146	3	1517.9	889.7	1543.3	897.4	93	Square
2	p2-lists	1-0	7	146	4	1546.5	889.7	1563.1	897.1	91	14G,
2	p2-lists	1-0	7	146	5	1566.3	889.7	1575.3	896.2	96	30
2	p2-lists	1-0	7	146	6	1578.8	889.5	1598.9	896.2	95	North
2	p2-lists	1-0	7	146	7	1602.3	889.5	1641.6	896.2	93	Colonnade
2	p2-lists	1-0	7	146	8	1644.6	889.7	1658.9	896.2	92	15G
2	p2-lists	1-0	7	147	0	1451.5	899	1506.6	907	91	LabMedExpert
2	p2-lists	1-0	7	147	1	1509.1	899	1518.3	905.7	96	20
2	p2-lists	1-0	7	147	2	1521.3	899.2	1543.3	905.7	96	Water
2	p2-lists	1-0	7	147	3	1546.2	899.2	1568	905.7	93	Street
2	p2-lists	1-0	7	147	4	1571	899.2	1585.2	905.7	93	18C
2	p2-lists	1-0	7	148	0	1451.5	908.8	1467.5	916.5	92	Lyca
2	p2-lists	1-0	7	148	1	1470.6	908.6	1494.7	915.2	96	Health
2	p2-lists	1-0	7	148	2	1498.1	908.6	1501.7	915.1	96	1
2	p2-lists	1-0	7	148	3	1504.6	908.4	1540.6	916.5	96	Westferry
2	p2-lists	1-0	7	148	4	1543.7	908.6	1565.6	915.1	96	Circus
2	p2-lists	1-0	7	148	5	1568.3	908.6	1578	915.2	96	3G
2	p2-lists	1-0	7	149	0	1451.5	917.9	1492.9	924.6	96	Mastercard
2	p2-lists	1-0	7	149	1	1496.1	918.1	1505.1	924.6	96	10
2	p2-lists	1-0	7	149	2	1508.4	918.1	1530.7	925.9	96	Upper
2	p2-lists	1-0	7	149	3	1533.9	917.9	1551.6	924.6	96	Bank
2	p2-lists	1-0	7	149	4	1554.6	918.1	1576.4	924.6	93	Street
2	p2-lists	1-0	7	149	5	1579.5	918.1	1594.1	924.6	93	14B
2	p2-lists	1-0	7	150	0	1451.5	927.7	1482.6	934.1	95	McLaren
2	p2-lists	1-0	7	150	1	1485.5	927.5	1534.1	934.1	96	Construction
2	p2-lists	1-0	7	150	2	1537.2	927.7	1546.2	934.1	96	20
2	p2-lists	1-0	7	150	3	1549.4	927.5	1580.7	934.1	96	Churchill
2	p2-lists	1-0	7	150	4	1584.3	927.5	1603.2	934.1	92	Place
2	p2-lists	1-0	7	150	5	1605.9	927.7	1619.3	934	92	17E
2	p2-lists	1-0	7	151	0	1451.5	937.2	1474.4	943.5	95	MHRA
2	p2-lists	1-0	7	151	1	1477.1	937.2	1485.9	943.7	96	10
2	p2-lists	1-0	7	151	2	1488.9	937	1510	943.7	96	South
2	p2-lists	1-0	7	151	3	1513.4	937	1552.7	943.7	93	Colonnade
2	p2-lists	1-0	7	151	4	1555.5	937	1564.7	943.7	93	8E
2	p2-lists	1-0	7	152	0	1451.5	946.6	1481.4	954.5	96	Ministry
2	p2-lists	1-0	7	152	1	1483.7	946.4	1491.3	953.2	96	of
2	p2-lists	1-0	7	152	2	1493.4	946.6	1519.9	953	96	Justice
2	p2-lists	1-0	7	152	3	1522.8	946.7	1531.1	953	96	11
2	p2-lists	1-0	7	152	4	1534.1	946.4	1570.1	954.5	95	Westferry
2	p2-lists	1-0	7	152	5	1573.2	946.6	1595.1	953	93	Circus
2	p2-lists	1-0	7	152	6	1598	946.7	1607.6	953	92	4F
2	p2-lists	1-0	7	153	0	1451.5	956.3	1479.4	963.8	96	Morgan
2	p2-lists	1-0	7	153	1	1482.1	956.1	1510.2	963.8	96	Stanley
2	p2-lists	1-0	7	153	2	1513.1	956.1	1521.3	962.6	96	25
2	p2-lists	1-0	7	153	3	1524.6	955.9	1546.2	962.6	95	Cabot
2	p2-lists	1-0	7	153	4	1549.2	956.1	1574.6	963.8	93	Square
2	p2-lists	1-0	7	153	5	1577.3	956.1	1588.1	963.7	92	6F,
2	p2-lists	1-0	7	153	6	1591	956.1	1600.2	962.6	96	20
2	p2-lists	1-0	7	153	7	1603.6	955.9	1621.2	962.6	95	Bank
2	p2-lists	1-0	7	153	8	1624.3	956.1	1646.1	962.6	93	Street
2	p2-lists	1-0	7	153	9	1648.8	956.1	1658.5	962.6	92	9C
2	p2-lists	1-0	7	154	0	1451.5	965.5	1476.5	972.1	96	Motive
2	p2-lists	1-0	7	154	1	1479.4	965.6	1510.9	972.1	96	Partners
2	p2-lists	1-0	7	154	2	1514	965.6	1517.4	972.1	96	7
2	p2-lists	1-0	7	154	3	1520.4	965.5	1556.4	973.4	96	Westferry
2	p2-lists	1-0	7	154	4	1559.5	965.6	1581.5	972.1	95	Circus
2	p2-lists	1-0	7	154	5	1584.3	965.6	1594.8	972.1	96	4G
2	p2-lists	1-0	7	155	0	1451.5	975.2	1473.3	981.7	91	MUFG
2	p2-lists	1-0	7	155	1	1476.3	975	1494.9	981.7	95	Bank
2	p2-lists	1-0	7	155	2	1497.9	975.2	1506	981.7	96	15
2	p2-lists	1-0	7	155	3	1509.1	975	1545.1	982.9	96	Westferry
2	p2-lists	1-0	7	155	4	1548.2	975	1570.1	981.7	93	Circus
2	p2-lists	1-0	7	155	5	1572.6	975.2	1582.2	981.5	92	4E
2	p2-lists	1-0	7	156	0	1451.5	984.5	1476.3	992.5	96	Napier
2	p2-lists	1-0	7	156	1	1478.7	984.7	1486.2	991	96	Al
2	p2-lists	1-0	7	156	2	1489.5	984.7	1499	991	96	40
2	p2-lists	1-0	7	156	3	1502.6	984.5	1520.3	991.2	95	Bank
2	p2-lists	1-0	7	156	4	1523.1	984.5	1544.9	991.2	93	Street
2	p2-lists	1-0	7	156	5	1548.2	984.7	1562	991	92	11B
2	p2-lists	1-0	7	157	0	1451.5	994.1	1467	1000.6	96	NHS
2	p2-lists	1-0	7	157	1	1469.7	994.1	1478.7	1000.6	96	20
2	p2-lists	1-0	7	157	2	1481.9	994.1	1503.5	1000.6	96	Cabot
2	p2-lists	1-0	7	157	3	1506.6	994.1	1532	1001.8	93	Square
2	p2-lists	1-0	7	157	4	1534.7	994.3	1545.3	1001.6	91	7E,
2	p2-lists	1-0	7	157	5	1548.7	994.1	1557.5	1000.6	96	10
2	p2-lists	1-0	7	157	6	1560.8	994.1	1581.6	1000.6	96	South
2	p2-lists	1-0	7	157	7	1585.1	994.1	1624.3	1000.6	93	Colonnade
2	p2-lists	1-0	7	157	8	1627.2	994.1	1636.4	1000.6	91	8E
2	p2-lists	1-0	7	158	0	1451.5	1003.4	1485.2	1010.1	95	Northern
2	p2-lists	1-0	7	158	1	1487.7	1003.6	1506.4	1010.1	96	Trust
2	p2-lists	1-0	7	158	2	1509.1	1003.6	1518.1	1010.1	96	50
2	p2-lists	1-0	7	158	3	1521.5	1003.4	1539.3	1010.1	96	Bank
2	p2-lists	1-0	7	158	4	1542.2	1003.6	1564	1010.1	93	Street
2	p2-lists	1-0	7	158	5	1567.1	1003.6	1581.6	1010.1	92	14B
2	p2-lists	1-0	7	159	0	1451.5	1013.2	1467.5	1019.5	91	NYK
2	p2-lists	1-0	7	159	1	1470	1013.2	1493.1	1020.9	96	Group
2	p2-lists	1-0	7	159	2	1496.3	1013.2	1499.9	1019.5	96	1
2	p2-lists	1-0	7	159	3	1503	1013	1524.8	1019.6	96	Cabot
2	p2-lists	1-0	7	159	4	1527.6	1013.2	1553	1020.9	96	Square
2	p2-lists	1-0	7	159	5	1555.5	1013.2	1565.6	1019.6	96	6G
2	p2-lists	1-0	7	160	0	1451.1	1022.5	1474.7	1029.2	96	Ocean
2	p2-lists	1-0	7	160	1	1477.8	1022.5	1509.8	1029.2	96	Network
2	p2-lists	1-0	7	160	2	1512.5	1022.7	1541.5	1030.4	96	Express
2	p2-lists	1-0	7	160	3	1544.2	1022.5	1567.1	1030.3	96	(ONE)
2	p2-lists	1-0	7	160	4	1570.3	1022.5	1579.3	1029.2	96	20
2	p2-lists	1-0	7	160	5	1582.5	1022.5	1613.7	1029.2	96	Churchill
2	p2-lists	1-0	7	160	6	1617.5	1022.5	1636.2	1029.2	93	Place
2	p2-lists	1-0	7	160	7	1639.1	1022.7	1652.4	1029	92	17E
2	p2-lists	1-0	7	161	0	1451.1	1032.1	1464.6	1038.5	96	The
2	p2-lists	1-0	7	161	1	1467.3	1031.9	1489.8	1038.7	95	Office
2	p2-lists	1-0	7	161	2	1492.5	1032.1	1515.6	1040	96	Group
2	p2-lists	1-0	7	161	3	1518.3	1032.1	1541.1	1039.8	96	(TOG)
2	p2-lists	1-0	7	161	4	1544.4	1032.2	1552.7	1038.7	96	15
2	p2-lists	1-0	7	161	5	1555.7	1032.2	1577.7	1038.5	96	Water
2	p2-lists	1-0	7	161	6	1580.6	1032.2	1602.3	1038.5	96	Street
2	p2-lists	1-0	7	161	7	1605	1032.2	1619.6	1038.5	96	18D
2	p2-lists	1-0	7	162	0	1451.1	1041.4	1473.6	1048.1	96	Office
2	p2-lists	1-0	7	162	1	1476.3	1041.4	1483.9	1048.1	96	of
2	p2-lists	1-0	7	162	2	1486.4	1041.4	1499.9	1048.1	93	Rail
2	p2-lists	1-0	7	162	3	1502.6	1041.6	1507.7	1048.1	93	&
2	p2-lists	1-0	7	162	4	1510.4	1041.4	1529.3	1048.1	96	Road
2	p2-lists	1-0	7	162	5	1532.3	1041.6	1540.8	1048.1	96	25
2	p2-lists	1-0	7	162	6	1543.8	1041.4	1565.6	1048.1	96	Cabot
2	p2-lists	1-0	7	162	7	1568.5	1041.6	1593.9	1049.3	93	Square
2	p2-lists	1-0	7	162	8	1596.6	1041.6	1605.9	1048.1	93	6F
2	p2-lists	1-0	7	163	0	1451.1	1051.1	1478.7	1057.6	91	OFGEM
2	p2-lists	1-0	7	163	1	1481.6	1051.1	1490.7	1057.6	95	20
2	p2-lists	1-0	7	163	2	1493.8	1051	1515.6	1057.6	96	Cabot
2	p2-lists	1-0	7	163	3	1518.6	1051.1	1543.8	1058.9	93	Square
2	p2-lists	1-0	7	163	4	1546.7	1051.1	1557.2	1058.5	91	7E,
2	p2-lists	1-0	7	163	5	1560.8	1051.1	1569.6	1057.6	96	10
2	p2-lists	1-0	7	163	6	1572.6	1051	1593.7	1057.6	96	South
2	p2-lists	1-0	7	163	7	1596.9	1051	1636.2	1057.6	93	Colonnade
2	p2-lists	1-0	7	163	8	1639.2	1051.1	1648.2	1057.6	92	8E
2	p2-lists	1-0	7	164	0	1451.1	1060.5	1464.6	1067.2	93	The
2	p2-lists	1-0	7	164	1	1467.5	1060.5	1498.1	1068.4	91	Pelligon
2	p2-lists	1-0	7	164	2	1501.2	1060.7	1526.7	1068.4	92	Canary
2	p2-lists	1-0	7	164	3	1529.6	1060.5	1557.7	1067.2	87	Wharf's
2	p2-lists	1-0	7	164	4	1560.6	1060.9	1580.6	1067.2	96	event
2	p2-lists	1-0	7	164	5	1583.4	1062.3	1606.8	1068.1	95	venue,
2	p2-lists	1-0	7	164	6	1610.1	1060.7	1618.7	1067.2	96	43
2	p2-lists	1-0	7	164	7	1622.1	1060.5	1640	1067.2	96	Bank
2	p2-lists	1-0	7	164	8	1642.8	1060.7	1664.6	1067.2	93	Street
2	p2-lists	1-0	7	164	9	1667.7	1060.7	1681.7	1067	92	12B
2	p2-lists	1-0	7	165	0	1451.5	1070	1484.8	1076.7	96	Pensions
2	p2-lists	1-0	7	165	1	1487.3	1070	1535.4	1076.7	96	Ombudsman
2	p2-lists	1-0	7	165	2	1538.3	1070	1547.3	1076.7	94	20
2	p2-lists	1-0	7	165	3	1550.5	1070	1572.1	1076.7	96	Cabot
2	p2-lists	1-0	7	165	4	1575.2	1070.2	1600.5	1078	93	Square
2	p2-lists	1-0	7	165	5	1603.2	1070.2	1613.9	1077.6	90	7E,
2	p2-lists	1-0	7	165	6	1617.3	1070.2	1626.1	1076.5	96	10
2	p2-lists	1-0	7	165	7	1629.2	1070	1650.2	1076.7	96	South
2	p2-lists	1-0	7	165	8	1653.6	1070	1692.9	1076.7	93	Colonnade
2	p2-lists	1-0	7	165	9	1695.8	1070	1704.9	1076.7	92	8E
2	p2-lists	1-0	7	166	0	1451.5	1079.8	1465.9	1086.1	72	PKF
2	p2-lists	1-0	7	166	1	1468.8	1079.6	1504.8	1087.5	96	Littlejohn
2	p2-lists	1-0	7	166	2	1508.2	1079.6	1516.3	1086.1	96	15
2	p2-lists	1-0	7	166	3	1519.4	1079.4	1555.4	1087.5	96	Westferry
2	p2-lists	1-0	7	166	4	1558.4	1079.6	1580.4	1086.1	93	Circus
2	p2-lists	1-0	7	166	5	1582.9	1079.6	1592.4	1086.1	92	4E
2	p2-lists	1-0	7	167	0	1451.5	1088.9	1505.9	1095.6	91	Plasmidsaurus
2	p2-lists	1-0	7	167	1	1508.4	1089.1	1517.6	1095.6	96	20
2	p2-lists	1-0	7	167	2	1520.6	1089.1	1542.6	1095.6	96	Water
2	p2-lists	1-0	7	167	3	1545.5	1089.1	1567.2	1095.6	93	Street
2	p2-lists	1-0	7	167	4	1570.3	1089.1	1584.5	1095.6	93	18C
2	p2-lists	1-0	7	168	0	1451.5	1097.9	1506.4	1106	91	Refinitiv/LSEG
2	p2-lists	1-0	7	168	1	1509.3	1098.7	1513.1	1105.1	96	5
2	p2-lists	1-0	7	168	2	1516.3	1098.5	1543.3	1105.1	95	Canada
2	p2-lists	1-0	7	168	3	1546.5	1098.7	1571.9	1106.4	92	Square
2	p2-lists	1-0	7	168	4	1574.6	1098.7	1588.8	1105.1	92	11G
2	p2-lists	1-0	7	169	0	1451.5	1108.2	1474.2	1115.9	96	Regus
2	p2-lists	1-0	7	169	1	1477.4	1107.5	1478.3	1115.6	96	|
2	p2-lists	1-0	7	169	2	1481.4	1108.2	1507.8	1115.9	94	Spaces
2	p2-lists	1-0	7	169	3	1510.5	1108.2	1514.3	1114.7	94	5
2	p2-lists	1-0	7	169	4	1517.4	1108	1539.2	1114.7	96	Cabot
2	p2-lists	1-0	7	169	5	1542	1108	1567.4	1115.9	93	Square
2	p2-lists	1-0	7	169	6	1570.1	1108.2	1579.5	1114.7	93	6F
2	p2-lists	1-0	7	170	0	1451.5	1117.6	1479.9	1124	89	Revolut
2	p2-lists	1-0	7	170	1	1483	1117.7	1486.6	1124	96	7
2	p2-lists	1-0	7	170	2	1489.7	1117.4	1525.7	1125.5	96	Westferry
2	p2-lists	1-0	7	170	3	1528.7	1117.6	1550.7	1124.2	96	Circus
2	p2-lists	1-0	7	170	4	1553.6	1117.6	1564	1124.2	96	4G
2	p2-lists	1-0	7	171	0	1451.5	1126.9	1471.3	1134.8	96	Right
2	p2-lists	1-0	7	171	1	1474.2	1127.3	1523.1	1134.8	96	Management
2	p2-lists	1-0	7	171	2	1525.8	1127.1	1570.5	1133.6	96	Consultants
2	p2-lists	1-0	7	171	3	1573.4	1126.9	1601.6	1133.6	96	Limited
2	p2-lists	1-0	7	171	4	1604.7	1127.1	1613.9	1133.6	96	50
2	p2-lists	1-0	7	171	5	1617.3	1126.9	1634.9	1133.6	96	Bank
2	p2-lists	1-0	7	171	6	1638	1127.1	1659.8	1133.6	93	Street
2	p2-lists	1-0	7	171	7	1662.8	1127.1	1677.2	1133.6	93	14B
2	p2-lists	1-0	7	172	0	1451	1136.6	1465.9	1143.1	96	S&P
2	p2-lists	1-0	7	172	1	1468.4	1136.5	1492.5	1143.1	96	Global
2	p2-lists	1-0	7	172	2	1495.4	1136.6	1504.6	1143.1	96	20
2	p2-lists	1-0	7	172	3	1507.7	1136.5	1534.8	1143.1	95	Canada
2	p2-lists	1-0	7	172	4	1538.1	1136.6	1563.3	1144.4	93	Square
2	p2-lists	1-0	7	172	5	1566.5	1136.6	1580	1143.1	93	15E
2	p2-lists	1-0	7	173	0	1451	1146	1487.3	1152.7	95	Savannah
2	p2-lists	1-0	7	173	1	1490.2	1146.2	1516.7	1153.9	95	Energy
2	p2-lists	1-0	7	173	2	1519.4	1146.2	1528.9	1152.7	96	40
2	p2-lists	1-0	7	173	3	1532.5	1146	1550.1	1152.7	96	Bank
2	p2-lists	1-0	7	173	4	1553	1146.2	1575	1152.7	92	Street
2	p2-lists	1-0	7	173	5	1577.5	1146.2	1591.4	1152.5	92	11B
2	p2-lists	1-0	7	174	0	1451.1	1155.5	1469.1	1162.2	96	Saxo
2	p2-lists	1-0	7	174	1	1471.7	1155.5	1498.1	1163.5	96	Capital
2	p2-lists	1-0	7	174	2	1501.2	1155.5	1530.5	1162.2	96	Markets
2	p2-lists	1-0	7	174	3	1533.2	1155.7	1543.8	1162.2	95	UK
2	p2-lists	1-0	7	174	4	1546.5	1155.5	1574.8	1162.2	95	Limited
2	p2-lists	1-0	7	174	5	1577.9	1155.5	1587.4	1162.2	96	40
2	p2-lists	1-0	7	174	6	1590.8	1155.5	1608.6	1162.2	96	Bank
2	p2-lists	1-0	7	174	7	1611.5	1155.7	1633.3	1162.2	92	Street
2	p2-lists	1-0	7	174	8	1635.8	1155.7	1649.7	1162	92	11B
2	p2-lists	1-0	7	175	0	1451.1	1165.1	1487.5	1173	95	Secretary
2	p2-lists	1-0	7	175	1	1489.8	1164.9	1497.4	1171.7	96	of
2	p2-lists	1-0	7	175	2	1499.7	1165.1	1519.2	1171.6	96	State
2	p2-lists	1-0	7	175	3	1521.9	1165.1	1530.9	1171.6	95	20
2	p2-lists	1-0	7	175	4	1534.1	1165.1	1555.7	1171.6	96	Cabot
2	p2-lists	1-0	7	175	5	1558.8	1165.1	1584.2	1172.8	93	Square
2	p2-lists	1-0	7	175	6	1587.2	1165.3	1597.8	1172.6	92	7E,
2	p2-lists	1-0	7	175	7	1601.3	1165.1	1610.1	1171.6	96	10
2	p2-lists	1-0	7	175	8	1613.1	1165.1	1634.2	1171.6	96	South
2	p2-lists	1-0	7	175	9	1637.4	1165.1	1676.7	1171.6	93	Colonnade
2	p2-lists	1-0	7	175	10	1679.7	1165.1	1688.9	1171.6	90	8E
2	p2-lists	1-0	8	176	0	1451.1	1174.6	1487.5	1182.4	96	Secretary
2	p2-lists	1-0	8	176	1	1489.8	1174.4	1497.4	1181.1	96	of
2	p2-lists	1-0	8	176	2	1499.7	1174.6	1519.2	1181.1	96	State
2	p2-lists	1-0	8	176	3	1521.7	1174.4	1532.3	1181.1	96	for
2	p2-lists	1-0	8	176	4	1534.8	1174.4	1584.9	1181.1	93	Communities
2	p2-lists	1-0	8	176	5	1587.2	1174.6	1592.3	1181.1	93	&
2	p2-lists	1-0	8	176	6	1595	1174.4	1612.2	1181.1	95	local
2	p2-lists	1-0	8	176	7	1615.1	1174.6	1661.7	1181.1	96	Government
2	p2-lists	1-0	8	176	8	1664.8	1174.6	1673.1	1181.1	96	11
2	p2-lists	1-0	8	176	9	1676	1174.4	1712	1182.4	96	Westferry
2	p2-lists	1-0	8	176	10	1715	1174.6	1737	1181.1	93	Circus
2	p2-lists	1-0	8	176	11	1739.9	1174.6	1749.4	1181.1	92	4F
2	p2-lists	1-0	9	177	0	1451	1184.2	1484.8	1191.9	44	Servcorp
2	p2-lists	1-0	9	177	1	1487.9	1184.2	1497.4	1190.6	96	40
2	p2-lists	1-0	9	177	2	1500.8	1184	1518.6	1190.6	96	Bank
2	p2-lists	1-0	9	177	3	1521.5	1184.2	1543.3	1190.6	93	Street
2	p2-lists	1-0	9	177	4	1545.8	1184.2	1559.7	1190.5	92	11B
2	p2-lists	1-0	9	178	0	1451	1193.5	1472.4	1201.4	91	Sipral
2	p2-lists	1-0	9	178	1	1475.1	1193.5	1484.8	1200.2	96	40
2	p2-lists	1-0	9	178	2	1488.2	1193.5	1505.9	1200.2	95	Bank
2	p2-lists	1-0	9	178	3	1508.9	1193.7	1530.7	1200.2	92	Street
2	p2-lists	1-0	9	178	4	1533.2	1193.7	1547.1	1200	92	11B
2	p2-lists	1-0	9	179	0	1451.1	1203.1	1469.5	1209.7	96	Situs
2	p2-lists	1-0	9	179	1	1472.4	1203.1	1495.6	1211	94	Cargo,
2	p2-lists	1-0	9	179	2	1498.8	1203.1	1507.1	1209.5	96	25
2	p2-lists	1-0	9	179	3	1510.5	1203.1	1530.7	1209.5	95	North
2	p2-lists	1-0	9	179	4	1533.9	1203.1	1573.2	1209.7	92	Colonnade
2	p2-lists	1-0	9	179	5	1576.4	1203.1	1591.4	1209.5	92	10G
2	p2-lists	1-0	9	180	0	1451.1	1212.6	1484.8	1219.1	95	Smartest
2	p2-lists	1-0	9	180	1	1487.7	1212.8	1514.1	1220.3	95	Energy
2	p2-lists	1-0	9	180	2	1517	1212.8	1520.6	1219.1	96	7
2	p2-lists	1-0	9	180	3	1523.7	1212.4	1559.7	1220.5	96	Westferry
2	p2-lists	1-0	9	180	4	1562.7	1212.6	1584.7	1219.1	96	Circus
2	p2-lists	1-0	9	180	5	1587.6	1212.6	1597.8	1219.1	96	4G
2	p2-lists	1-0	9	181	0	1451	1221.8	1479.2	1228.6	94	Société
2	p2-lists	1-0	9	181	1	1481.7	1221.8	1515.6	1228.6	94	Générale
2	p2-lists	1-0	9	181	2	1518.5	1222.1	1522.1	1228.6	96	1
2	p2-lists	1-0	9	181	3	1525.3	1222	1543.1	1228.6	96	Bank
2	p2-lists	1-0	9	181	4	1546	1222.1	1567.8	1228.6	93	Street
2	p2-lists	1-0	9	181	5	1570.8	1222.1	1580.6	1228.6	87	6C
2	p2-lists	1-0	9	182	0	1451	1231.7	1477.6	1239.4	96	Spaces
2	p2-lists	1-0	9	182	1	1480.5	1231.7	1488.8	1238.2	96	25
2	p2-lists	1-0	9	182	2	1491.8	1231.5	1513.6	1238.2	96	Cabot
2	p2-lists	1-0	9	182	3	1516.5	1231.7	1541.9	1239.4	93	Square
2	p2-lists	1-0	9	182	4	1544.9	1231.7	1554.1	1238.2	92	6F
2	p2-lists	1-0	9	183	0	1451.1	1241	1475.6	1249	95	Sports
2	p2-lists	1-0	9	183	1	1478.5	1241	1508.9	1249	96	England
2	p2-lists	1-0	9	183	2	1511.6	1241	1520.8	1247.7	96	20
2	p2-lists	1-0	9	183	3	1524	1241	1545.6	1247.7	96	Cabot
2	p2-lists	1-0	9	183	4	1548.7	1241.2	1574.1	1249	93	Square
2	p2-lists	1-0	9	183	5	1576.8	1241.2	1587.4	1248.6	91	7E,
2	p2-lists	1-0	9	183	6	1590.8	1241.2	1599.6	1247.7	95	10
2	p2-lists	1-0	9	183	7	1602.7	1241	1623.8	1247.7	96	South
2	p2-lists	1-0	9	183	8	1627	1241	1666.2	1247.7	93	Colonnade
2	p2-lists	1-0	9	183	9	1669.3	1241	1678.5	1247.7	92	8E
2	p2-lists	1-0	9	184	0	1451.1	1250.6	1465.5	1257.1	90	SSV
2	p2-lists	1-0	9	184	1	1468.1	1250.6	1494.3	1258.3	94	Capital
2	p2-lists	1-0	9	184	2	1497.6	1250.6	1507.1	1257.1	96	40
2	p2-lists	1-0	9	184	3	1510.5	1250.6	1528.4	1257.1	96	Bank
2	p2-lists	1-0	9	184	4	1531.2	1250.6	1553	1257.1	92	Street
2	p2-lists	1-0	9	184	5	1555.5	1250.6	1569.4	1257.1	92	11B
2	p2-lists	1-0	9	185	0	1451.1	1260.1	1470.6	1266.6	96	State
2	p2-lists	1-0	9	185	1	1473.3	1259.9	1488.8	1266.6	96	Grid
2	p2-lists	1-0	9	185	2	1491.6	1259.9	1499	1266.6	96	of
2	p2-lists	1-0	9	185	3	1501.5	1259.9	1522.4	1266.6	96	China
2	p2-lists	1-0	9	185	4	1525.3	1259.9	1570.8	1267.9	96	Corporation
2	p2-lists	1-0	9	185	5	1573.7	1260.1	1583.4	1266.6	96	40
2	p2-lists	1-0	9	185	6	1586.9	1259.9	1604.5	1266.6	96	Bank
2	p2-lists	1-0	9	185	7	1607.6	1260.1	1629.3	1266.6	93	Street
2	p2-lists	1-0	9	185	8	1631.9	1260.1	1645.7	1266.6	92	11B
2	p2-lists	1-0	9	186	0	1451	1269.7	1470.6	1276.1	96	State
2	p2-lists	1-0	9	186	1	1473.1	1269.7	1496	1276.1	94	Street
2	p2-lists	1-0	9	186	2	1498.8	1269.7	1507.8	1276.1	94	20
2	p2-lists	1-0	9	186	3	1511.1	1269.5	1542.4	1276.1	94	Churchill
2	p2-lists	1-0	9	186	4	1546	1269.5	1564.9	1276.1	93	Place
2	p2-lists	1-0	9	186	5	1568	1269.7	1581.5	1276	92	17E
2	p2-lists	1-0	9	187	0	1451.1	1279	1489.3	1285.7	92	Telehouse
2	p2-lists	1-0	9	187	1	1491.8	1279	1500.8	1285.7	96	20
2	p2-lists	1-0	9	187	2	1503.9	1279.2	1526	1285.7	96	Water
2	p2-lists	1-0	9	187	3	1528.9	1279.2	1550.7	1285.7	93	Street
2	p2-lists	1-0	9	187	4	1553.7	1279	1568	1285.7	92	18C
2	p2-lists	2-0	1	188	0	1171.4	1292.1	1185.6	1298.6	96	Pret
2	p2-lists	2-0	1	188	1	1188.5	1292	1199	1298.6	96	4G
2	p2-lists	2-0	1	189	0	1171.4	1301.5	1186.2	1308	96	Rice
2	p2-lists	2-0	1	189	1	1189.2	1301.5	1208.7	1309.4	96	Guys,
2	p2-lists	2-0	1	189	2	1212.1	1301.5	1230.5	1308.2	96	kiosk
2	p2-lists	2-0	1	189	3	1233.5	1301.5	1248.6	1308.2	96	10D
2	p2-lists	2-0	1	190	0	1171.1	1310.9	1204.7	1318.8	96	Signorelli
2	p2-lists	2-0	1	190	1	1208	1311	1223.3	1317.5	96	20D
2	p2-lists	2-0	1	191	0	1171.1	1320.6	1191.2	1327.1	93	Soma
2	p2-lists	2-0	1	191	1	1194.1	1320.6	1204.2	1327.1	93	9G
2	p2-lists	2-0	1	192	0	1171.1	1330.1	1192.3	1337.9	96	Super
2	p2-lists	2-0	1	192	1	1195.2	1329.9	1220.6	1336.6	93	Shakes
2	p2-lists	2-0	1	192	2	1223.6	1330.1	1237.7	1336.6	92	21C
2	p2-lists	2-0	1	193	0	1171.1	1339.5	1184	1346	93	The
2	p2-lists	2-0	1	193	1	1187.1	1339.5	1219.1	1347.4	89	Tallyman
2	p2-lists	2-0	1	193	2	1222	1339.5	1231.4	1346.1	90	9E
2	p2-lists	2-0	1	194	0	1171.2	1348.8	1192.8	1355.5	96	Urban
2	p2-lists	2-0	1	194	1	1196.1	1349	1221.3	1355.5	93	Greens
2	p2-lists	2-0	1	194	2	1224.3	1349	1238.2	1355.5	92	11B
2	p2-lists	2-0	1	195	0	1171.1	1358.6	1192.1	1366.3	96	Virgin
2	p2-lists	2-0	1	195	1	1195.2	1358.6	1218	1365	96	Active
2	p2-lists	2-0	1	195	2	1221.3	1358.4	1238.9	1365.9	96	Café,
2	p2-lists	2-0	1	195	3	1242	1358.6	1263	1366.3	95	Virgin
2	p2-lists	2-0	1	195	4	1266.3	1358.6	1290.8	1365.9	96	Active,
2	p2-lists	2-0	1	195	5	1294	1358.6	1319.6	1366.3	96	Canary
2	p2-lists	2-0	1	195	6	1322.8	1358.4	1356.1	1365	96	Riverside
2	p2-lists	2-0	1	195	7	1359.2	1358.6	1368.7	1365	96	1G
2	p2-lists	2-0	1	196	0	1171.1	1367.9	1184	1374.6	96	The
2	p2-lists	2-0	1	196	1	1187.1	1368.1	1202.6	1374.6	95	Vow
2	p2-lists	2-0	1	196	2	1205.6	1367.9	1229	1374.6	93	Studio
2	p2-lists	2-0	1	196	3	1232.1	1368.1	1246.3	1374.6	93	18C
2	p2-lists	2-0	1	197	0	1171.1	1377.5	1203.5	1384.1	93	Waitrose
2	p2-lists	2-0	1	197	1	1206.3	1377.6	1211	1383.9	93	&
2	p2-lists	2-0	1	197	2	1214.4	1377.6	1244.5	1384.1	92	Partners
2	p2-lists	2-0	1	197	3	1247.6	1377.6	1261.1	1384.1	92	15F
2	p2-lists	2-0	1	198	0	1170.9	1387.2	1202.7	1394.9	90	Yummzy
2	p2-lists	2-0	1	198	1	1205.6	1387	1214.8	1393.5	90	8E
2	p2-lists	2-0	2	199	0	1171.1	1407.5	1243.8	1422.3	96	Services
2	p2-lists	2-0	3	200	0	1171.1	1434.5	1186.5	1441	95	Awe
2	p2-lists	2-0	3	200	1	1190	1434.3	1217.1	1441	92	London
2	p2-lists	2-0	3	200	2	1220.2	1434.5	1234.2	1441	90	21C
2	p2-lists	2-0	3	201	0	1171.4	1444.1	1196.1	1451.8	16	Barry's
2	p2-lists	2-0	3	201	1	1199.3	1444.1	1213.2	1450.5	95	12H
2	p2-lists	2-0	3	202	0	1171.4	1453.4	1205.6	1460.1	95	Blossoms
2	p2-lists	2-0	3	202	1	1209	1453.4	1231.9	1460.1	96	Health
2	p2-lists	2-0	3	202	2	1235.3	1453.6	1251.5	1460.1	92	Care
2	p2-lists	2-0	3	202	3	1254.6	1453.6	1268.6	1460.1	91	15B
2	p2-lists	2-0	4	203	0	1171.4	1463	1193.4	1470.9	96	Bright
2	p2-lists	2-0	4	203	1	1196.8	1463	1228.5	1469.6	95	Horizons
2	p2-lists	2-0	4	203	2	1231.7	1463	1249.5	1469.6	95	Bank
2	p2-lists	2-0	4	203	3	1252.4	1463	1274.2	1469.6	96	Street
2	p2-lists	2-0	4	203	4	1277.6	1463.1	1291.1	1470.9	96	Day
2	p2-lists	2-0	4	203	5	1294.4	1463.1	1322.6	1470.9	93	Nursery
2	p2-lists	2-0	4	203	6	1325.5	1463.1	1330.2	1469.4	93	&
2	p2-lists	2-0	4	203	7	1333.4	1463	1368.7	1469.6	92	Preschool
2	p2-lists	2-0	4	203	8	1372.1	1463.1	1386.7	1469.4	92	14B
2	p2-lists	2-0	4	204	0	1171.4	1472.5	1193.4	1480.4	95	Bright
2	p2-lists	2-0	4	204	1	1196.8	1472.5	1228.5	1479	96	Horizons
2	p2-lists	2-0	4	204	2	1231.5	1472.5	1268.1	1479	96	Columbus
2	p2-lists	2-0	4	204	3	1271.1	1472.5	1307.3	1480.4	95	Courtyard
2	p2-lists	2-0	4	204	4	1310.9	1472.7	1324.4	1480.4	96	Day
2	p2-lists	2-0	4	204	5	1327.8	1472.7	1356.1	1480.4	93	Nursery
2	p2-lists	2-0	4	204	6	1359	1472.5	1363.7	1479	93	&
2	p2-lists	2-0	4	204	7	1366.9	1472.5	1402	1479	96	Preschool
2	p2-lists	2-0	4	204	8	1405.2	1472.5	1415.1	1479	96	3G
2	p2-lists	2-0	4	205	0	1171.4	1481.9	1193.4	1489.8	96	Bright
2	p2-lists	2-0	4	205	1	1196.8	1482	1228.5	1488.5	96	Horizons
2	p2-lists	2-0	4	205	2	1231.5	1481.9	1267.5	1489.8	96	Westferry
2	p2-lists	2-0	4	205	3	1270.6	1482	1292.4	1488.5	95	Circus
2	p2-lists	2-0	4	205	4	1295.8	1482	1309.3	1489.8	96	Day
2	p2-lists	2-0	4	205	5	1312.5	1482	1340.8	1489.8	93	Nursery
2	p2-lists	2-0	4	205	6	1343.7	1482	1348.5	1488.5	93	&
2	p2-lists	2-0	4	205	7	1351.8	1481.9	1386.9	1488.5	95	Preschool
2	p2-lists	2-0	4	205	8	1390.1	1482	1400.4	1488.5	96	4G
2	p2-lists	2-0	5	206	0	1171.4	1491.4	1209.8	1498.1	91	Broadwick
2	p2-lists	2-0	5	206	1	1212.8	1491.6	1227	1498.1	90	19C
2	p2-lists	2-0	5	207	0	1171.4	1501.1	1189.4	1508.9	96	Bupa
2	p2-lists	2-0	5	207	1	1193	1500.9	1215.9	1507.6	95	Dental
2	p2-lists	2-0	5	207	2	1219.5	1501.1	1243.2	1507.6	96	Centre
2	p2-lists	2-0	5	207	3	1246.1	1501.1	1256.2	1507.4	96	4H
2	p2-lists	2-0	5	208	0	1171.4	1510.7	1189.4	1518.4	96	Bupa
2	p2-lists	2-0	5	208	1	1193	1510.5	1216.1	1517.1	93	Health
2	p2-lists	2-0	5	208	2	1219.1	1510.5	1223.8	1517	93	&
2	p2-lists	2-0	5	208	3	1227	1510.5	1250.1	1517.1	95	Dental
2	p2-lists	2-0	5	208	4	1253.5	1510.5	1277.3	1517.1	96	Centre
2	p2-lists	2-0	5	208	5	1280.5	1510.5	1294.5	1517	96	12H
2	p2-lists	2-0	5	209	0	1171.1	1520	1196.6	1527.9	95	Canary
2	p2-lists	2-0	5	209	1	1199.9	1519.8	1233.2	1526.5	96	Riverside
2	p2-lists	2-0	5	209	2	1236.4	1520	1255.1	1526.5	96	Plaza
2	p2-lists	2-0	5	209	3	1258.5	1520	1277.1	1526.5	96	Hotel
2	p2-lists	2-0	5	209	4	1280.5	1520	1290	1526.5	96	1G
2	p2-lists	2-0	5	210	0	1171.1	1529.4	1197.3	1536	93	Cherub
2	p2-lists	2-0	5	210	1	1200.4	1529.4	1222.5	1536	91	Tricho
2	p2-lists	2-0	5	210	2	1225.6	1529.6	1240	1536	96	21D
2	p2-lists	2-0	5	211	0	1171.1	1538.9	1201.1	1545.6	93	Citibank
2	p2-lists	2-0	5	211	1	1204.2	1539.1	1217.5	1545.4	93	12E
2	p2-lists	2-0	5	212	0	1171.4	1548.5	1198.1	1555.1	96	Electric
2	p2-lists	2-0	5	212	1	1201.1	1548.5	1226.5	1555.1	96	Shuffle
2	p2-lists	2-0	5	212	2	1229.4	1548.5	1239.3	1555.1	96	8G
2	p2-lists	2-0	5	213	0	1171.4	1558	1193.4	1564.5	90	Enmei
2	p2-lists	2-0	5	213	1	1196.4	1558	1209	1564.5	91	15J
2	p2-lists	2-0	5	214	0	1171.4	1567.5	1205.1	1575.3	89	Fairgame
2	p2-lists	2-0	5	214	1	1208.1	1567.5	1217.9	1574	96	8H
2	p2-lists	2-0	5	215	0	1171.1	1576.9	1184	1583.6	96	The
2	p2-lists	2-0	5	215	1	1187.4	1576.9	1211.7	1583.6	95	Flower
2	p2-lists	2-0	5	215	2	1214.8	1576.9	1230.8	1583.6	92	Club
2	p2-lists	2-0	5	215	3	1233.9	1577.1	1247.9	1583.6	90	21C
2	p2-lists	2-0	5	216	0	1171.4	1586.6	1208.7	1594.4	96	Hamptons
2	p2-lists	2-0	5	216	1	1212.1	1586.4	1257.8	1593.1	93	International
2	p2-lists	2-0	5	216	2	1261.2	1586.4	1275.6	1593.1	90	10E
2	p2-lists	2-0	5	217	0	1171.4	1596.2	1187.3	1602.6	96	HCA
2	p2-lists	2-0	5	217	1	1190.5	1596.2	1200.8	1602.6	96	UK
2	p2-lists	2-0	5	217	2	1203.5	1596.3	1210.1	1602.6	96	at
2	p2-lists	2-0	5	217	3	1213.5	1596	1251.2	1602.6	93	Docklands
2	p2-lists	2-0	5	217	4	1254.4	1596.2	1268.8	1602.5	91	14B
2	p2-lists	2-0	5	218	0	1171.4	1605.7	1193.7	1612	96	House
2	p2-lists	2-0	5	218	1	1196.6	1605.3	1203.8	1612	96	of
2	p2-lists	2-0	5	218	2	1206.7	1605.3	1225.1	1612	96	Gods
2	p2-lists	2-0	5	218	3	1228.3	1605.5	1253.7	1613.4	95	Canary
2	p2-lists	2-0	5	218	4	1256.7	1605.3	1279.4	1612	89	Wharf
2	p2-lists	2-0	5	218	5	1282.1	1605.5	1291.5	1612	85	7C
2	p2-lists	2-0	5	219	0	1171.4	1615.1	1206	1622.8	90	In2Sports
2	p2-lists	2-0	5	219	1	1209	1615.1	1223.6	1621.5	96	22D
2	p2-lists	2-0	5	220	0	1171.1	1624.4	1184	1631.1	95	The
2	p2-lists	2-0	5	220	1	1187.4	1624.4	1208	1631.1	94	Island
2	p2-lists	2-0	5	220	2	1211.2	1624.4	1234.8	1631.1	96	Studio
2	p2-lists	2-0	5	220	3	1237.8	1624.6	1252.2	1630.9	96	21D
2	p2-lists	2-0	5	221	0	1171.4	1634	1198.2	1640.6	96	Kitchen
2	p2-lists	2-0	5	221	1	1201.3	1634.1	1216.2	1640.6	93	Jam
2	p2-lists	2-0	5	221	2	1219.5	1634	1233.5	1640.6	91	21C
2	p2-lists	2-0	5	222	0	1171.4	1643.5	1194.3	1651.4	96	Lloyds
2	p2-lists	2-0	5	222	1	1197.7	1643.5	1215.5	1650	93	Bank
2	p2-lists	2-0	5	222	2	1218.4	1643.5	1231.7	1650	92	11F
2	p2-lists	2-0	5	223	0	1171.4	1652.9	1198.4	1659.5	96	London
2	p2-lists	2-0	5	223	1	1202	1653	1230.8	1659.5	95	Marriott
2	p2-lists	2-0	5	223	2	1234.2	1652.9	1252.8	1659.5	95	Hotel
2	p2-lists	2-0	5	223	3	1256.2	1653	1281.6	1660.8	96	Canary
2	p2-lists	2-0	5	223	4	1284.6	1652.9	1307.3	1659.5	93	Wharf
2	p2-lists	2-0	5	223	5	1309.8	1653	1318.1	1659.5	92	8J
2	p2-lists	2-0	5	224	0	1171.4	1662.6	1199.1	1669.1	91	Luminis
2	p2-lists	2-0	5	224	1	1202.6	1662.6	1228.8	1670.3	94	Beauty,
2	p2-lists	2-0	5	224	2	1232.1	1662.6	1253.1	1670.3	96	Virgin
2	p2-lists	2-0	5	224	3	1256.4	1662.6	1280.7	1670	95	Active,
2	p2-lists	2-0	5	224	4	1284.1	1662.6	1309.5	1670.3	96	Canary
2	p2-lists	2-0	5	224	5	1312.9	1662.4	1346	1669.1	96	Riverside
2	p2-lists	2-0	5	224	6	1349.1	1662.6	1358.6	1669.1	96	1G
2	p2-lists	2-0	5	225	0	1171.4	1671.9	1197	1678.6	91	Malmin
2	p2-lists	2-0	5	225	1	1200.4	1671.9	1223.4	1678.6	93	Dental
2	p2-lists	2-0	5	225	2	1226.7	1672.1	1235.9	1678.6	91	8E
2	p2-lists	2-0	5	226	0	1171.4	1681.5	1203.6	1689.4	96	Mulberry
2	p2-lists	2-0	5	226	1	1206.5	1681.5	1227.9	1688.1	96	Wood
2	p2-lists	2-0	5	226	2	1231.2	1681.3	1253.9	1688.1	95	Wharf
2	p2-lists	2-0	5	226	3	1256.9	1681.5	1286.3	1689.4	96	Primary,
2	p2-lists	2-0	5	226	4	1289.5	1681.5	1315.1	1689.4	96	Canary
2	p2-lists	2-0	5	226	5	1317.9	1681.3	1340.6	1688.1	96	Wharf
2	p2-lists	2-0	5	226	6	1343.3	1681.5	1358.1	1688	96	22D
2	p2-lists	2-0	5	227	0	1171.4	1691.2	1201.3	1697.5	96	Museum
2	p2-lists	2-0	5	227	1	1204.5	1690.8	1211.7	1697.5	95	of
2	p2-lists	2-0	5	227	2	1214.8	1690.8	1242	1697.5	95	London
2	p2-lists	2-0	5	227	3	1245.4	1690.8	1285	1698.6	95	Docklands,
2	p2-lists	2-0	5	227	4	1288.1	1691	1306.4	1697.5	96	West
2	p2-lists	2-0	5	227	5	1309.8	1690.8	1326.8	1697.5	96	India
2	p2-lists	2-0	5	227	6	1330	1691	1348.9	1698.9	93	Quay
2	p2-lists	2-0	5	227	7	1351.8	1691	1360.1	1697.5	92	6J
2	p2-lists	2-0	5	228	0	1171.4	1700.6	1202.6	1707	95	NatWest
2	p2-lists	2-0	5	228	1	1205.6	1700.6	1219.7	1707	96	12H
2	p2-lists	2-0	5	229	0	1171.4	1709.9	1196.1	1717.8	89	NipNip
2	p2-lists	2-0	5	229	1	1199	1710.1	1208.9	1716.6	96	3G
2	p2-lists	2-0	5	230	0	1171.1	1719.5	1199.7	1725.9	88	Omnifix
2	p2-lists	2-0	5	230	1	1202.6	1719.5	1216.6	1725.9	89	21C
2	p2-lists	2-0	5	231	0	1171.4	1729.2	1206.2	1735.5	91	Pawsome
2	p2-lists	2-0	5	231	1	1209.2	1729	1223.3	1735.5	91	21C
2	p2-lists	2-0	5	232	0	1171.1	1738.4	1184	1745	93	The
2	p2-lists	2-0	5	232	1	1187.4	1738.4	1218	1746.3	91	Pelligon,
2	p2-lists	2-0	5	232	2	1221.3	1738.5	1246.8	1746.3	93	Canary
2	p2-lists	2-0	5	232	3	1249.7	1738.4	1277.6	1745	60	Wharf's
2	p2-lists	2-0	5	232	4	1280.7	1738.9	1300.7	1745	96	event
2	p2-lists	2-0	5	232	5	1303.5	1740.2	1325.3	1745	92	venue
2	p2-lists	2-0	5	232	6	1328.4	1738.5	1342.4	1745	92	12B
2	p2-lists	2-0	5	233	0	1171.4	1748.1	1186.7	1754.6	96	Post
2	p2-lists	2-0	5	233	1	1190	1747.9	1211.4	1754.6	93	Office
2	p2-lists	2-0	5	233	2	1214.3	1748.1	1223.4	1754.6	91	8E
2	p2-lists	2-0	5	234	0	1171.1	1757.4	1184	1764.1	96	The
2	p2-lists	2-0	5	234	1	1187.1	1757.4	1208.3	1765	95	Qube,
2	p2-lists	2-0	5	234	2	1211.6	1757.4	1233	1764.1	96	Wood
2	p2-lists	2-0	5	234	3	1236.2	1757.4	1258.9	1764.1	92	Wharf
2	p2-lists	2-0	5	234	4	1261.8	1757.6	1278	1765.4	92	18C,
2	p2-lists	2-0	5	234	5	1280.9	1757.6	1295.4	1764.1	96	18D
2	p2-lists	2-0	6	235	0	1451.1	1288.5	1485.9	1295.2	96	Thomson
2	p2-lists	2-0	6	235	1	1488.8	1288.7	1517.4	1295.2	96	Reuters
2	p2-lists	2-0	6	235	2	1520.4	1288.7	1524	1295.2	96	5
2	p2-lists	2-0	6	235	3	1527.3	1288.5	1554.3	1295.2	96	Canada
2	p2-lists	2-0	6	235	4	1557.5	1288.5	1582.9	1296.5	93	Square
2	p2-lists	2-0	6	235	5	1585.8	1288.5	1599.8	1295	92	11G
2	p2-lists	2-0	6	236	0	1451.1	1298.1	1469.3	1304.6	96	Total
2	p2-lists	2-0	6	236	1	1472.7	1298.1	1481.7	1304.6	96	10
2	p2-lists	2-0	6	236	2	1485	1298.3	1507.3	1305.8	96	Upper
2	p2-lists	2-0	6	236	3	1510.5	1298.1	1528.4	1304.6	95	Bank
2	p2-lists	2-0	6	236	4	1531.2	1298.1	1553	1304.6	93	Street
2	p2-lists	2-0	6	236	5	1556.1	1298.1	1570.7	1304.6	91	14B
2	p2-lists	2-0	6	237	0	1451.3	1307.4	1489.5	1315.4	96	University
2	p2-lists	2-0	6	237	1	1492	1307.4	1499.6	1314.1	96	of
2	p2-lists	2-0	6	237	2	1501.7	1307.4	1524.4	1314.1	95	Wales
2	p2-lists	2-0	6	237	3	1527.3	1307.6	1531.1	1314.1	95	1
2	p2-lists	2-0	6	237	4	1533.9	1307.4	1569.9	1315.4	95	Westferry
2	p2-lists	2-0	6	237	5	1573	1307.6	1595	1314.1	96	Circus
2	p2-lists	2-0	6	237	6	1597.5	1307.6	1607.4	1314.1	96	3G
2	p2-lists	2-0	7	238	0	1451	1317	1486.8	1323.6	96	Valuation
2	p2-lists	2-0	7	238	1	1489.7	1317	1512.2	1323.6	95	Office
2	p2-lists	2-0	7	238	2	1514.5	1317.2	1543.1	1324.9	96	Agency
2	p2-lists	2-0	7	238	3	1545.6	1317.2	1554.6	1323.6	96	20
2	p2-lists	2-0	7	238	4	1557.9	1317	1579.7	1323.6	95	Cabot
2	p2-lists	2-0	7	238	5	1582.5	1317.2	1607.9	1324.9	93	Square
2	p2-lists	2-0	7	238	6	1610.8	1317.2	1621.2	1324.5	92	7E,
2	p2-lists	2-0	7	238	7	1624.8	1317.2	1633.7	1323.6	96	10
2	p2-lists	2-0	7	238	8	1636.7	1317	1657.8	1323.6	96	South
2	p2-lists	2-0	7	238	9	1661	1317	1700.3	1323.6	93	Colonnade
2	p2-lists	2-0	7	238	10	1703.1	1317.2	1712.3	1323.6	89	8E
2	p2-lists	2-0	8	239	0	1451	1326.5	1479.9	1333.2	96	Volante
2	p2-lists	2-0	8	239	1	1482.5	1326.5	1532.7	1334.4	96	Technologies
2	p2-lists	2-0	8	239	2	1535.2	1326.5	1544.7	1333.2	96	40
2	p2-lists	2-0	8	239	3	1548.2	1326.5	1566	1333.2	96	Bank
2	p2-lists	2-0	8	239	4	1568.9	1326.7	1590.6	1333.2	93	Street
2	p2-lists	2-0	8	239	5	1593.2	1326.7	1607	1333	92	11B
2	p2-lists	2-0	8	240	0	1451.1	1336.1	1510	1342.7	90	WallStreetDocs
2	p2-lists	2-0	8	240	1	1512.9	1336.1	1541	1342.7	96	Limited
2	p2-lists	2-0	8	240	2	1544	1336.1	1553.6	1342.5	96	40
2	p2-lists	2-0	8	240	3	1557.2	1336.1	1574.8	1342.5	96	Bank
2	p2-lists	2-0	8	240	4	1577.7	1336.1	1599.5	1342.7	92	Street
2	p2-lists	2-0	8	240	5	1602.2	1336.2	1616	1342.5	92	11B
2	p2-lists	2-0	8	241	0	1451.1	1345.6	1476.3	1352.1	57	WANO
2	p2-lists	2-0	8	241	1	1479.4	1345.8	1483.2	1352.1	96	5
2	p2-lists	2-0	8	241	2	1486.4	1345.4	1517.6	1352.1	96	Churchill
2	p2-lists	2-0	8	241	3	1521.3	1345.6	1540.1	1352.1	93	Place
2	p2-lists	2-0	8	241	4	1543.3	1345.6	1556.6	1352.1	92	17F
2	p2-lists	2-0	8	242	0	1451.1	1355	1487	1361.6	95	WaterAid
2	p2-lists	2-0	8	242	1	1490	1355.1	1499	1361.6	96	20
2	p2-lists	2-0	8	242	2	1502.3	1355	1529.3	1361.6	95	Canada
2	p2-lists	2-0	8	242	3	1532.5	1355.1	1557.9	1362.9	93	Square
2	p2-lists	2-0	8	242	4	1560.8	1355.1	1574.3	1361.6	92	15E
2	p2-lists	2-0	8	243	0	1451.1	1364.5	1484.1	1371.2	91	WeWork
2	p2-lists	2-0	8	243	1	1486.8	1364.7	1495.8	1371.2	96	30
2	p2-lists	2-0	8	243	2	1499	1364.5	1530.3	1371.2	96	Churchill
2	p2-lists	2-0	8	243	3	1533.9	1364.5	1552.8	1371.2	93	Place
2	p2-lists	2-0	8	243	4	1555.5	1364.7	1569.4	1371.2	92	16E
2	p2-lists	2-0	8	244	0	1451.1	1374	1468.8	1380.5	92	WSP
2	p2-lists	2-0	8	244	1	1471.7	1374.2	1479.9	1380.5	96	11
2	p2-lists	2-0	8	244	2	1482.8	1374	1518.8	1382	96	Westferry
2	p2-lists	2-0	8	244	3	1521.9	1374	1543.8	1380.7	93	Circus
2	p2-lists	2-0	8	244	4	1546.7	1374.2	1556.3	1380.5	92	4F
2	p2-lists	2-0	8	245	0	1451.3	1383.8	1470	1391.3	92	Zopa
2	p2-lists	2-0	8	245	1	1473.1	1383.6	1491.6	1390.1	95	Bank
2	p2-lists	2-0	8	245	2	1494	1383.6	1503	1390.1	96	20
2	p2-lists	2-0	8	245	3	1506	1383.8	1528.2	1390.1	96	Water
2	p2-lists	2-0	8	245	4	1531.1	1383.6	1552.8	1390.1	92	Street
2	p2-lists	2-0	8	245	5	1555.9	1383.6	1569.9	1390.1	92	18C
2	p2-lists	2-0	9	246	0	1451.7	1409.3	1486.2	1418.7	96	Estate
2	p2-lists	2-0	9	246	1	1490.4	1409.1	1542.4	1420.5	95	buildings
2	p2-lists	2-0	9	246	2	1546.4	1409.1	1559.5	1420.5	96	by
2	p2-lists	2-0	9	246	3	1563.5	1409.1	1596.4	1420.5	95	postal
2	p2-lists	2-0	9	246	4	1600.4	1409.1	1643	1418.7	95	address
2	p2-lists	2-0	9	246	5	1646.8	1411.5	1662.8	1418.7	96	no.
2	p2-lists	2-0	10	247	0	1451.1	1431.1	1465.5	1437.6	96	One
2	p2-lists	2-0	10	247	1	1467.7	1430.9	1486.2	1437.6	96	Bank
2	p2-lists	2-0	10	247	2	1488.6	1431.1	1511.4	1437.6	91	Street
2	p2-lists	2-0	10	247	3	1514	1431.1	1523.9	1437.6	91	6C
2	p2-lists	2-0	10	248	0	1451.1	1440.6	1465.5	1447.1	96	One
2	p2-lists	2-0	10	248	1	1467.9	1440.5	1495.8	1447.1	96	Canada
2	p2-lists	2-0	10	248	2	1498.3	1440.6	1524.8	1448.4	93	Square
2	p2-lists	2-0	10	248	3	1527.1	1440.6	1540.4	1447.1	92	11F
2	p2-lists	2-0	10	249	0	1451.1	1450.2	1465.5	1456.7	96	One
2	p2-lists	2-0	10	249	1	1467.9	1450	1496	1456.7	96	Charter
2	p2-lists	2-0	10	249	2	1498.3	1450.2	1521.2	1456.7	93	Street
2	p2-lists	2-0	10	249	3	1523.7	1450.2	1537.4	1456.7	91	19F
2	p2-lists	2-0	10	249	4	1540.1	1450	1563.5	1457.7	96	(Hotel
2	p2-lists	2-0	10	249	5	1566.3	1450	1588.1	1456.7	95	under
2	p2-lists	2-0	10	249	6	1590.6	1450	1641.6	1457.7	96	construction)
2	p2-lists	2-0	10	250	0	1451.1	1459.5	1466.3	1466.2	95	One
2	p2-lists	2-0	10	250	1	1469.1	1459.4	1524.2	1466.2	95	Newfoundland
2	p2-lists	2-0	10	250	2	1527.3	1459.5	1547.1	1466.2	96	Place
2	p2-lists	2-0	10	250	3	1549.8	1459.5	1596.4	1467.3	95	(residential)
2	p2-lists	2-0	10	250	4	1598.9	1459.7	1608.8	1466.2	96	5D
2	p2-lists	2-0	10	251	0	1451.1	1469.1	1465.5	1475.7	96	One
2	p2-lists	2-0	10	251	1	1468.1	1469.1	1484.6	1475.6	96	Park
2	p2-lists	2-0	10	251	2	1487.1	1469.1	1506.6	1475.6	95	Drive
2	p2-lists	2-0	10	251	3	1509.5	1469.1	1556.1	1476.6	92	(residential)
2	p2-lists	2-0	10	251	4	1558.8	1469.1	1572.6	1475.6	92	17B
2	p2-lists	2-0	10	252	0	1456.2	1478.6	1460	1485.1	94	1
2	p2-lists	2-0	10	252	1	1462.8	1478.4	1481.4	1485.1	94	Bank
2	p2-lists	2-0	10	252	2	1483.5	1478.6	1506.6	1485.1	93	Street
2	p2-lists	2-0	10	252	3	1509.1	1478.6	1519	1485.1	92	6C
2	p2-lists	2-0	10	253	0	1456	1488.2	1460	1494.5	96	1
2	p2-lists	2-0	10	253	1	1462.5	1488	1485	1494.6	96	Cabot
2	p2-lists	2-0	10	253	2	1487.5	1488.2	1513.8	1495.9	96	Square
2	p2-lists	2-0	10	253	3	1516.5	1488.2	1526.6	1494.6	96	6G
2	p2-lists	2-0	10	254	0	1456	1497.7	1460	1504	95	1
2	p2-lists	2-0	10	254	1	1462.5	1497.5	1490.6	1504.2	96	Canada
2	p2-lists	2-0	10	254	2	1493.1	1497.7	1519.5	1505.4	93	Square
2	p2-lists	2-0	10	254	3	1521.9	1497.7	1535.2	1504	92	11F
2	p2-lists	2-0	10	255	0	1456.2	1507.2	1460	1513.5	96	1
2	p2-lists	2-0	10	255	1	1462.5	1507.1	1495.6	1513.7	96	Churchill
2	p2-lists	2-0	10	255	2	1498.7	1507.1	1518.5	1513.7	93	Place
2	p2-lists	2-0	10	255	3	1521	1507.1	1535	1513.7	92	17G
2	p2-lists	2-0	10	256	0	1456.2	1516.6	1460	1523.1	95	1
2	p2-lists	2-0	10	256	1	1462.5	1516.6	1485.3	1523.1	95	Water
2	p2-lists	2-0	10	256	2	1487.7	1516.6	1510.5	1523.1	96	Street
2	p2-lists	2-0	10	256	3	1513.2	1516.6	1528	1523.1	96	16D
2	p2-lists	2-0	10	257	0	1456.2	1526.1	1460	1532.6	96	1
2	p2-lists	2-0	10	257	1	1462.5	1526	1499.9	1533.9	96	Westferry
2	p2-lists	2-0	10	257	2	1502.4	1526	1525.3	1532.6	96	Circus
2	p2-lists	2-0	10	257	3	1527.8	1526.1	1537.7	1532.6	96	3G
2	p2-lists	2-0	10	258	0	1456	1535.7	1460	1542.2	96	3
2	p2-lists	2-0	10	258	1	1462.5	1535.7	1481.4	1542.2	95	West
2	p2-lists	2-0	10	258	2	1484.3	1535.7	1501.9	1542.2	94	Lane
2	p2-lists	2-0	10	258	3	1504.6	1535.7	1519.9	1542.2	96	20D
2	p2-lists	2-0	10	259	0	1454.9	1545.2	1459.6	1551.5	96	4
2	p2-lists	2-0	10	259	1	1462.1	1545.2	1485	1551.7	96	Water
2	p2-lists	2-0	10	259	2	1487.3	1545	1510.4	1551.7	91	Street
2	p2-lists	2-0	10	259	3	1513.1	1545	1527.3	1551.5	91	16C
2	p2-lists	2-0	10	260	0	1456	1554.8	1460	1561.1	96	5
2	p2-lists	2-0	10	260	1	1463	1554.6	1481.6	1561.1	96	Bank
2	p2-lists	2-0	10	260	2	1483.7	1554.6	1506.6	1561.2	91	Street
2	p2-lists	2-0	10	260	3	1509.3	1554.6	1519	1561.1	91	6C
2	p2-lists	2-0	10	261	0	1456	1564.1	1460	1570.6	96	5
2	p2-lists	2-0	10	261	1	1462.7	1563.9	1490.7	1570.6	96	Canada
2	p2-lists	2-0	10	261	2	1493.3	1564.1	1519.5	1571.9	92	Square
2	p2-lists	2-0	10	261	3	1522.1	1564.1	1536.3	1570.6	92	11G
2	p2-lists	2-0	10	262	0	1456	1573.7	1460	1580.1	96	5
2	p2-lists	2-0	10	262	1	1462.7	1573.5	1495.8	1580.1	91	Churchill
2	p2-lists	2-0	10	262	2	1498.8	1573.5	1518.6	1580.1	93	Place
2	p2-lists	2-0	10	262	3	1521	1573.7	1534.5	1580	91	17F
2	p2-lists	2-0	10	263	0	1456	1583.2	1460	1589.7	96	5
2	p2-lists	2-0	10	263	1	1463	1583	1483.9	1589.7	96	North
2	p2-lists	2-0	10	263	2	1486.8	1583	1527.5	1589.7	95	Colonnade
2	p2-lists	2-0	10	263	3	1529.8	1583	1539.7	1589.7	96	8G
2	p2-lists	2-0	10	264	0	1456	1592.7	1460	1599.2	96	5
2	p2-lists	2-0	10	264	1	1462.5	1592.7	1485.3	1599.2	96	Water
2	p2-lists	2-0	10	264	2	1487.9	1592.7	1510.7	1599	96	Street
2	p2-lists	2-0	10	264	3	1513.4	1592.7	1527.6	1599	96	17D
2	p2-lists	2-0	10	265	0	1456	1602.1	1460.3	1608.6	96	6
2	p2-lists	2-0	10	265	1	1462.8	1602.1	1485.7	1608.6	96	Water
2	p2-lists	2-0	10	265	2	1488	1602.1	1510.9	1608.6	92	Street
2	p2-lists	2-0	10	265	3	1513.8	1602.1	1528	1608.6	92	16C
2	p2-lists	2-0	10	266	0	1457.1	1611.6	1461	1618.1	96	7
2	p2-lists	2-0	10	266	1	1463.6	1611.5	1501	1619.4	96	Westferry
2	p2-lists	2-0	10	266	2	1503.5	1611.5	1526.6	1618.1	96	Circus
2	p2-lists	2-0	10	266	3	1528.7	1611.6	1539.2	1618.1	96	4G
2	p2-lists	2-0	10	267	0	1456	1621.2	1460.1	1627.7	97	8
2	p2-lists	2-0	10	267	1	1462.5	1621	1490.4	1627.7	96	Canada
2	p2-lists	2-0	10	267	2	1493.1	1621.2	1519.4	1628.9	92	Square
2	p2-lists	2-0	10	267	3	1521.9	1621.2	1536.1	1627.7	92	12G
2	p2-lists	2-0	10	268	0	1456	1630.5	1460.1	1637.2	96	8
2	p2-lists	2-0	10	268	1	1463	1630.5	1493.8	1637.2	96	Harbord
2	p2-lists	2-0	10	268	2	1496.5	1630.5	1522.8	1638.5	96	Square
2	p2-lists	2-0	10	268	3	1525.3	1630.5	1571.9	1638.3	93	(residential)
2	p2-lists	2-0	10	268	4	1574.8	1630.5	1588.8	1637.2	93	21C
2	p2-lists	2-0	10	269	0	1456	1640.1	1460.1	1646.6	96	8
2	p2-lists	2-0	10	269	1	1463	1640.1	1479.6	1646.6	95	Park
2	p2-lists	2-0	10	269	2	1482.3	1640.1	1501.7	1646.7	96	Drive
2	p2-lists	2-0	10	269	3	1504.4	1640.1	1551.2	1647.8	96	(residential)
2	p2-lists	2-0	10	269	4	1553.7	1640.1	1568.3	1646.6	96	18D
2	p2-lists	2-0	10	270	0	1456	1649.6	1460.1	1656.1	96	8
2	p2-lists	2-0	10	270	1	1462.7	1649.6	1485.5	1656.1	96	Water
2	p2-lists	2-0	10	270	2	1487.9	1649.6	1510.7	1656.1	96	Street
2	p2-lists	2-0	10	270	3	1513.6	1649.4	1560.2	1657.2	93	(residential)
2	p2-lists	2-0	10	270	4	1562.9	1649.6	1576.8	1656.1	89	17C
2	p2-lists	2-0	10	271	0	1456	1659.2	1460.3	1665.6	96	9
2	p2-lists	2-0	10	271	1	1463.2	1659	1479.8	1665.6	96	Park
2	p2-lists	2-0	10	271	2	1482.5	1659	1501.9	1665.6	95	Drive
2	p2-lists	2-0	10	271	3	1504.6	1659	1551.4	1666.7	93	(residential)
2	p2-lists	2-0	10	271	4	1553.9	1659.2	1568.1	1665.6	92	18C
2	p2-lists	2-0	10	272	0	1451.3	1668.5	1459.8	1675.2	96	10
2	p2-lists	2-0	10	272	1	1462.5	1668.5	1484.8	1675.2	95	Cabot
2	p2-lists	2-0	10	272	2	1487.3	1668.7	1513.6	1676.4	95	Square
2	p2-lists	2-0	10	272	3	1516.1	1668.5	1525.8	1675.2	96	7G
2	p2-lists	2-0	10	273	0	1451.3	1678.1	1459.8	1684.7	95	10
2	p2-lists	2-0	10	273	1	1462.5	1678.1	1490	1686	95	George
2	p2-lists	2-0	10	273	2	1492.5	1678.1	1515.4	1684.7	96	Street
2	p2-lists	2-0	10	273	3	1518.1	1678.1	1564.9	1685.8	92	(residential)
2	p2-lists	2-0	10	273	4	1567.4	1678.1	1581.8	1684.7	92	19C
2	p2-lists	2-0	10	274	0	1451.3	1687.6	1459.8	1694.1	95	10
2	p2-lists	2-0	10	274	1	1462.7	1687.4	1479.2	1694.1	95	Park
2	p2-lists	2-0	10	274	2	1481.7	1687.4	1501.2	1694.1	96	Drive
2	p2-lists	2-0	10	274	3	1504.1	1687.4	1550.7	1695.2	93	(residential)
2	p2-lists	2-0	10	274	4	1553.4	1687.6	1567.4	1694.1	92	18C
2	p2-lists	2-0	10	275	0	1451.3	1697.1	1459.8	1703.6	96	10
2	p2-lists	2-0	10	275	1	1462.3	1697	1484.1	1703.6	96	South
2	p2-lists	2-0	10	275	2	1486.8	1697	1527.6	1703.6	93	Colonnade
2	p2-lists	2-0	10	275	3	1530	1697.1	1539	1703.6	91	8E
2	p2-lists	2-0	10	276	0	1451.3	1706.7	1459.8	1713.2	96	10
2	p2-lists	2-0	10	276	1	1462.5	1706.7	1485.5	1714.4	96	Upper
2	p2-lists	2-0	10	276	2	1488.2	1706.5	1506.9	1713.2	95	Bank
2	p2-lists	2-0	10	276	3	1509.1	1706.7	1532	1713.2	93	Street
2	p2-lists	2-0	10	276	4	1534.5	1706.7	1549.1	1713	90	14B
2	p2-lists	2-0	10	277	0	1451.3	1716	1459.4	1722.7	96	10
2	p2-lists	2-0	10	277	1	1461.6	1716.2	1484.4	1722.7	96	Water
2	p2-lists	2-0	10	277	2	1486.8	1716.2	1509.6	1722.7	93	Street
2	p2-lists	2-0	10	277	3	1512.3	1716	1526.2	1722.7	92	17C
2	p2-lists	2-0	10	278	0	1451.3	1725.6	1459.8	1732.1	95	11
2	p2-lists	2-0	10	278	1	1462.3	1725.4	1499.7	1733.5	94	Westferry
2	p2-lists	2-0	10	278	2	1502.3	1725.6	1525.1	1732.1	93	Circus
2	p2-lists	2-0	10	278	3	1527.5	1725.6	1537	1732.1	91	4F
2	p2-lists	2-0	10	279	0	1451.3	1735.1	1459.8	1741.6	96	12
2	p2-lists	2-0	10	279	1	1462.7	1734.9	1481.2	1741.6	96	Bank
2	p2-lists	2-0	10	279	2	1483.5	1735.1	1506.4	1741.6	79	Street
2	p2-lists	2-0	10	279	3	1508.9	1735.1	1518.3	1741.6	79	7C
2	p2-lists	2-0	10	280	0	1451.3	1744.7	1459.8	1751	96	12
2	p2-lists	2-0	10	280	1	1462.7	1744.5	1479.2	1751.1	96	Park
2	p2-lists	2-0	10	280	2	1481.9	1744.5	1501.4	1751.1	96	Drive
2	p2-lists	2-0	10	280	3	1504.1	1744.5	1550.9	1752.2	93	(residential)
2	p2-lists	2-0	10	280	4	1553.6	1744.7	1567.6	1751.1	92	18C
2	p2-lists	2-0	10	281	0	1451.3	1754.2	1460.3	1760.5	96	14
2	p2-lists	2-0	10	281	1	1463	1754	1491.3	1760.7	96	Charter
2	p2-lists	2-0	10	281	2	1493.6	1754.2	1516.5	1760.7	95	Street
2	p2-lists	2-0	10	281	3	1519	1754.2	1533.4	1760.7	96	18D
2	p2-lists	2-0	10	282	0	1451.3	1763.7	1459.8	1770.2	96	15
2	p2-lists	2-0	10	282	1	1462.5	1763.6	1490.6	1770.2	96	Canada
2	p2-lists	2-0	10	282	2	1493.1	1763.6	1519.4	1771.5	93	Square
2	p2-lists	2-0	10	282	3	1521.9	1763.6	1536.6	1770	92	14G
2	p2-lists	3-0	1	283	0	1171.1	1767.1	1196.6	1774.9	92	Spaces
2	p2-lists	3-0	1	283	1	1199.7	1767	1208.9	1773.6	92	6E
2	p2-lists	3-0	1	284	0	1171.1	1776.5	1189.1	1783	86	Ted’s
2	p2-lists	3-0	1	284	1	1192.3	1776.5	1228.3	1784.2	96	Grooming
2	p2-lists	3-0	1	284	2	1231.9	1776.7	1252.8	1783	93	Room
2	p2-lists	3-0	1	284	3	1256	1776.5	1265.2	1783	88	8F
2	p2-lists	3-0	1	285	0	1171.1	1785.9	1189.2	1792.5	96	Third
2	p2-lists	3-0	1	285	1	1192.5	1786	1214.3	1793.8	96	Space
2	p2-lists	3-0	1	285	2	1217.5	1786	1242.9	1793.8	95	Canary
2	p2-lists	3-0	1	285	3	1245.9	1785.9	1268.6	1792.5	93	Wharf
2	p2-lists	3-0	1	285	4	1271.3	1786	1284.8	1792.5	93	15F
2	p2-lists	3-0	1	286	0	1171.1	1795.4	1189.2	1802.1	96	Third
2	p2-lists	3-0	1	286	1	1192.5	1795.6	1214.3	1803.3	95	Space
2	p2-lists	3-0	1	286	2	1217.3	1795.6	1230.5	1803.3	93	Spa
2	p2-lists	3-0	1	286	3	1233.7	1795.6	1247.2	1802.1	92	15F
2	p2-lists	3-0	1	287	0	1171.1	1804.9	1189.2	1811.6	96	Third
2	p2-lists	3-0	1	287	1	1192.5	1805.1	1214.3	1812.9	96	Space
2	p2-lists	3-0	1	287	2	1217.3	1804.9	1238.7	1811.6	96	Wood
2	p2-lists	3-0	1	287	3	1242	1804.9	1264.7	1811.6	96	Wharf
2	p2-lists	3-0	1	287	4	1267.5	1805.1	1282.1	1811.6	96	18D
2	p2-lists	3-0	1	288	0	1171.1	1814.5	1188.9	1821	96	Tribe
2	p2-lists	3-0	1	288	1	1192.3	1814.5	1210.8	1821	96	Hotel
2	p2-lists	3-0	1	288	2	1214.3	1814.5	1228.7	1821.1	96	18D
2	p2-lists	3-0	1	289	0	1171.2	1824	1202	1830.5	96	Ultimate
2	p2-lists	3-0	1	289	1	1205.3	1823.8	1252.1	1830.5	93	Performance
2	p2-lists	3-0	1	289	2	1255.1	1824	1269.5	1830.5	92	19B
2	p2-lists	3-0	1	290	0	1171.1	1833.6	1194.3	1840	92	Vertus
2	p2-lists	3-0	1	290	1	1197.7	1833.4	1211.4	1840	93	Edit
2	p2-lists	3-0	1	290	2	1214.4	1833.6	1231	1840.9	91	20C,
2	p2-lists	3-0	1	290	3	1233.9	1833.6	1248.5	1840	96	21D
2	p2-lists	3-0	1	291	0	1171.1	1843.1	1194.3	1849.6	91	Vertus
2	p2-lists	3-0	1	291	1	1197.7	1842.9	1224.9	1850.8	95	Leasing
2	p2-lists	3-0	1	291	2	1228.3	1842.9	1249.7	1849.6	93	Office
2	p2-lists	3-0	1	291	3	1252.8	1843.1	1267	1849.6	92	18C
2	p2-lists	3-0	1	292	0	1170.9	1852.5	1192.1	1860.4	96	Virgin
2	p2-lists	3-0	1	292	1	1195.2	1852.5	1219.7	1860	95	Active,
2	p2-lists	3-0	1	292	2	1223.1	1852.5	1248.5	1860.4	96	Canary
2	p2-lists	3-0	1	292	3	1251.9	1852.5	1285	1859.1	96	Riverside
2	p2-lists	3-0	1	292	4	1288.1	1852.5	1297.6	1859.1	96	1G
2	p2-lists	3-0	1	293	0	1171.1	1862	1184	1868.5	96	The
2	p2-lists	3-0	1	293	1	1187.1	1862.2	1202.6	1868.5	94	Vow
2	p2-lists	3-0	1	293	2	1205.6	1862	1229	1868.5	93	Studio
2	p2-lists	3-0	1	293	3	1232.1	1862	1246.3	1868.5	92	18C
2	p2-lists	3-0	1	294	0	1171.1	1871.5	1195.9	1879.3	94	Wayne
2	p2-lists	3-0	1	294	1	1199	1871.4	1218.8	1878	93	Salon
2	p2-lists	3-0	1	294	2	1221.8	1871.5	1236	1878	90	21C
2	p2-lists	3-0	1	295	0	1171.1	1880.9	1208.7	1887.6	91	Wharfside
2	p2-lists	3-0	1	295	1	1211.7	1881.1	1223.8	1887.6	96	Car
2	p2-lists	3-0	1	295	2	1226.5	1880.9	1246.5	1888.5	96	Valet,
2	p2-lists	3-0	1	295	3	1249.9	1880.9	1271.5	1887.6	96	Cabot
2	p2-lists	3-0	1	295	4	1274.6	1881.1	1301.6	1888.8	95	Square,
2	p2-lists	3-0	1	295	5	1305.2	1880.9	1320.6	1887.6	92	level
2	p2-lists	3-0	1	295	6	1324.1	1881.1	1330.9	1887.6	92	-2
2	p2-lists	3-0	1	295	7	1334	1881.1	1343	1887.6	92	8F
2	p2-lists	3-0	1	296	0	1171.1	1890.4	1208.7	1897.1	91	Wharfside
2	p2-lists	3-0	1	296	1	1211.7	1890.6	1223.8	1897.1	96	Car
2	p2-lists	3-0	1	296	2	1226.5	1890.4	1246.5	1898	96	Valet,
2	p2-lists	3-0	1	296	3	1249.9	1890.4	1276.9	1897.1	96	Canada
2	p2-lists	3-0	1	296	4	1280.1	1890.6	1307.1	1898.4	95	Square,
2	p2-lists	3-0	1	296	5	1310.7	1890.4	1326.2	1897.1	93	level
2	p2-lists	3-0	1	296	6	1329.6	1890.6	1336.7	1896.9	91	-1
2	p2-lists	3-0	1	296	7	1339.7	1890.6	1353.2	1897.1	92	15F
2	p2-lists	3-0	1	297	0	1171.1	1900	1192.5	1906.6	96	Wood
2	p2-lists	3-0	1	297	1	1195.7	1899.8	1218.4	1906.6	96	Wharf
2	p2-lists	3-0	1	297	2	1221.5	1900	1244.5	1906.6	96	Health
2	p2-lists	3-0	1	297	3	1247.7	1900	1271.7	1906.5	96	Centre
2	p2-lists	3-0	1	297	4	1274.7	1900	1296.7	1907.5	93	(NHS)
2	p2-lists	3-0	1	297	5	1299.9	1900	1314	1906.6	90	22C
2	p2-lists	3-0	1	298	0	1171.1	1909.3	1192.5	1916	96	Wood
2	p2-lists	3-0	1	298	1	1195.7	1909.3	1218.4	1916	95	Wharf
2	p2-lists	3-0	1	298	2	1221.5	1909.3	1269	1917.3	92	Kindergarten
2	p2-lists	3-0	1	298	3	1272.4	1909.5	1286.4	1916	92	18B
2	p2-lists	3-0	1	299	0	1171.1	1918.9	1192.5	1925.5	96	Wood
2	p2-lists	3-0	1	299	1	1195.7	1918.9	1218.4	1925.5	96	Wharf
2	p2-lists	3-0	1	299	2	1221.5	1918.9	1257.3	1926.8	95	Marketing
2	p2-lists	3-0	1	299	3	1260.7	1919.1	1278.7	1925.5	96	Suite
2	p2-lists	3-0	1	299	4	1281.8	1919.1	1296.2	1925.5	96	15D
2	p2-lists	3-0	1	300	0	1171.1	1928.4	1192.5	1935.1	96	Wood
2	p2-lists	3-0	1	300	1	1195.7	1928.4	1218.4	1935.1	96	Wharf
2	p2-lists	3-0	1	300	2	1221.1	1928.6	1236.6	1935.1	95	Vets
2	p2-lists	3-0	1	300	3	1239.6	1928.6	1254.2	1934.9	96	22D
2	p2-lists	3-0	2	301	0	1172	1948.9	1296.7	1963.7	93	Entertainment
2	p2-lists	3-0	2	301	1	1302.8	1949.1	1314.2	1963.7	93	&
2	p2-lists	3-0	2	301	2	1319.4	1948.9	1401.8	1963.7	96	Activities
2	p2-lists	3-0	3	302	0	1171.1	1975.9	1190	1983.9	96	Clays
2	p2-lists	3-0	3	302	1	1193	1976.1	1218.6	1983.9	96	Canary
2	p2-lists	3-0	3	302	2	1221.5	1975.9	1244.1	1982.6	95	Wharf
2	p2-lists	3-0	3	302	3	1246.8	1975.9	1256.9	1982.6	96	6G
2	p2-lists	3-0	3	303	0	1171.4	1985.5	1198.1	1992	96	Electric
2	p2-lists	3-0	3	303	1	1201.1	1985.3	1226.5	1992	96	Shuffle
2	p2-lists	3-0	3	303	2	1229.4	1985.5	1239.3	1992.1	96	8G
2	p2-lists	3-0	3	304	0	1171.4	1995.2	1207.4	2002.9	96	Everyman
2	p2-lists	3-0	3	304	1	1210.7	1995	1237.7	2001.5	96	Cinema
2	p2-lists	3-0	3	304	2	1241.1	1995	1266.5	2002.9	96	Canary
2	p2-lists	3-0	3	304	3	1269.5	1994.8	1292.2	2001.5	96	Wharf
2	p2-lists	3-0	3	304	4	1294.9	1995	1308.9	2001.5	96	12H
2	p2-lists	3-0	3	305	0	1171.4	2004.6	1205.1	2012.3	89	Fairgame
2	p2-lists	3-0	3	305	1	1208.1	2004.6	1217.9	2011	96	8H
2	p2-lists	3-0	3	306	0	1171.1	2014.1	1198.4	2020.6	91	GoBoat
2	p2-lists	3-0	3	306	1	1201.7	2014.1	1227	2021.8	96	Canary
2	p2-lists	3-0	3	306	2	1230.1	2013.9	1253.9	2021.5	93	Wharf,
2	p2-lists	3-0	3	306	3	1256.9	2013.9	1277.1	2020.6	95	ticket
2	p2-lists	3-0	3	306	4	1280.3	2013.9	1298.5	2020.6	96	kiosk
2	p2-lists	3-0	3	306	5	1301.6	2014.1	1315.8	2020.4	96	17D
2	p2-lists	3-0	3	307	0	1171.4	2023.6	1207.4	2031.4	90	MoreYoga
2	p2-lists	3-0	3	307	1	1210.7	2023.5	1225.6	2030.1	92	20C
2	p2-lists	3-0	3	308	0	1171.4	2033	1200.2	2040.6	89	Padium,
2	p2-lists	3-0	3	308	1	1203.8	2033	1221.5	2039.5	96	Bank
2	p2-lists	3-0	3	308	2	1224.3	2033	1246.3	2039.5	96	Street
2	p2-lists	3-0	3	308	3	1249.5	2033	1265.2	2039.5	96	Park
2	p2-lists	3-0	3	308	4	1268.3	2033.2	1277.6	2039.5	96	7B
2	p2-lists	3-0	3	309	0	1171.1	2042.4	1184	2049	93	The
2	p2-lists	3-0	3	309	1	1187.4	2042.4	1218	2050.3	91	Pelligon,
2	p2-lists	3-0	3	309	2	1221.3	2042.5	1246.8	2050.3	93	Canary
2	p2-lists	3-0	3	309	3	1249.7	2042.4	1277.6	2049	66	Wharf's
2	p2-lists	3-0	3	309	4	1280.7	2042.9	1300.7	2049	96	event
2	p2-lists	3-0	3	309	5	1303.5	2044.2	1325.3	2049	92	venue
2	p2-lists	3-0	3	309	6	1328.4	2042.5	1342.4	2049	92	12B
2	p2-lists	3-0	3	310	0	1171.4	2051.9	1188.9	2058.6	93	Pitch
2	p2-lists	3-0	3	310	1	1192.1	2052.1	1206.5	2058.6	91	16B
2	p2-lists	3-0	3	311	0	1171.4	2061.6	1200.8	2068.1	92	Potatoe
2	p2-lists	3-0	3	311	1	1203.8	2061.6	1215.5	2068.1	95	Art
2	p2-lists	3-0	3	311	2	1218.6	2061.4	1242.9	2068.1	93	Studio
2	p2-lists	3-0	3	311	3	1246.1	2061.6	1260.2	2067.9	91	21B
2	p2-lists	3-0	3	312	0	1171.1	2071	1184.2	2077.6	96	Sea
2	p2-lists	3-0	3	312	1	1187.8	2071.2	1209	2077.6	95	Lanes
2	p2-lists	3-0	3	312	2	1212.3	2071	1232.3	2078.9	96	Open
2	p2-lists	3-0	3	312	3	1235.5	2071.2	1259.1	2077.6	96	Water
2	p2-lists	3-0	3	312	4	1262	2071	1303.7	2078.9	95	Swimming,
2	p2-lists	3-0	3	312	5	1307.1	2071.3	1338.8	2077.6	96	entrance
2	p2-lists	3-0	3	312	6	1341.9	2071.3	1348.5	2077.6	93	at
2	p2-lists	3-0	3	312	7	1351.4	2071.2	1360.4	2077.6	79	5E
2	p2-lists	3-0	3	313	0	1171.1	2080.3	1216.1	2087	96	Troubadour
2	p2-lists	3-0	3	313	1	1219.1	2080.5	1245.6	2088.4	95	Canary
2	p2-lists	3-0	3	313	2	1248.6	2080.3	1272	2087	96	Wharf
2	p2-lists	3-0	3	313	3	1274.9	2080.3	1303.9	2087	91	Theatre
2	p2-lists	3-0	3	313	4	1307	2080.5	1320.6	2087	91	18E
2	p2-lists	3-0	4	314	0	1172	2101.4	1225.1	2115.8	96	Estate
2	p2-lists	3-0	4	314	1	1231.7	2101	1327.7	2115.8	96	Residential
2	p2-lists	3-0	4	315	0	1171.1	2128	1194.3	2134.5	91	Vertus
2	p2-lists	3-0	4	315	1	1197.7	2128	1224.9	2135.8	96	Leasing
2	p2-lists	3-0	4	315	2	1228.3	2127.9	1249.7	2134.5	93	Office
2	p2-lists	3-0	4	315	3	1252.8	2128	1267	2134.5	92	18C
2	p2-lists	3-0	5	316	0	1171.2	2146.9	1213	2153.6	95	Residential
2	p2-lists	3-0	5	317	0	1171.1	2156.5	1185.6	2163.1	95	One
2	p2-lists	3-0	5	317	1	1189.1	2156.3	1242.2	2163.1	96	Newfoundland
2	p2-lists	3-0	5	317	2	1245.9	2156.5	1264.7	2163.1	96	Place
2	p2-lists	3-0	5	317	3	1267.7	2156.7	1277.6	2163	96	5D
2	p2-lists	3-0	5	318	0	1171.1	2166	1185.6	2172.5	96	One
2	p2-lists	3-0	5	318	1	1189.1	2165.8	1204.7	2172.5	96	Park
2	p2-lists	3-0	5	318	2	1208	2166	1226.3	2172.5	93	Drive
2	p2-lists	3-0	5	318	3	1229.6	2166	1243.4	2172.5	91	17B
2	p2-lists	3-0	5	319	0	1171.1	2175.6	1175	2182	96	8
2	p2-lists	3-0	5	319	1	1178.4	2175.4	1207.8	2182	96	Harbord
2	p2-lists	3-0	5	319	2	1211	2175.6	1236.4	2183.3	93	Square
2	p2-lists	3-0	5	319	3	1239.5	2175.6	1253.5	2182	90	21C
2	p2-lists	3-0	5	320	0	1171.1	2185.1	1175	2191.6	96	8
2	p2-lists	3-0	5	320	1	1178.4	2184.9	1194.1	2191.6	96	Park
2	p2-lists	3-0	5	320	2	1197.3	2184.9	1215.7	2191.6	93	Drive
2	p2-lists	3-0	5	320	3	1218.8	2185.1	1233	2191.6	92	18B
2	p2-lists	3-0	5	321	0	1171.1	2194.6	1175	2201.1	96	8
2	p2-lists	3-0	5	321	1	1178.1	2194.6	1200	2201.1	96	Water
2	p2-lists	3-0	5	321	2	1202.9	2194.6	1224.7	2201.1	93	Street
2	p2-lists	3-0	5	321	3	1227.8	2194.5	1241.6	2201.1	92	17C
2	p2-lists	3-0	5	322	0	1171.1	2204	1175	2210.5	95	9
2	p2-lists	3-0	5	322	1	1178.4	2204	1194.3	2210.5	95	Park
2	p2-lists	3-0	5	322	2	1197.5	2204	1215.9	2210.5	93	Drive
2	p2-lists	3-0	5	322	3	1218.9	2204	1233.2	2210.5	92	18C
2	p2-lists	3-0	5	323	0	1171.2	2213.5	1179.5	2220	96	10
2	p2-lists	3-0	5	323	1	1182.6	2213.5	1209.2	2221.3	95	George
2	p2-lists	3-0	5	323	2	1212.1	2213.5	1233.9	2220	93	Street
2	p2-lists	3-0	5	323	3	1237.1	2213.5	1251.3	2220	90	19C
2	p2-lists	3-0	5	324	0	1171.2	2223.1	1179.5	2229.6	96	10
2	p2-lists	3-0	5	324	1	1182.9	2222.9	1198.4	2229.6	96	Park
2	p2-lists	3-0	5	324	2	1201.8	2223.1	1220.2	2229.6	92	Drive
2	p2-lists	3-0	5	324	3	1223.3	2223.1	1237.5	2229.6	92	18C
2	p2-lists	3-0	5	325	0	1171.2	2232.6	1179.3	2238.9	96	12
2	p2-lists	3-0	5	325	1	1182.8	2232.4	1198.4	2239.1	96	Park
2	p2-lists	3-0	5	325	2	1201.7	2232.4	1220.2	2239.1	93	Drive
2	p2-lists	3-0	5	325	3	1223.3	2232.6	1237.3	2239.1	92	18C
2	p2-lists	3-0	7	326	0	1451.3	1773.1	1459.4	1779.6	96	15
2	p2-lists	3-0	7	326	1	1461.8	1773.3	1484.6	1779.6	96	Water
2	p2-lists	3-0	7	326	2	1487	1773.1	1509.8	1779.6	96	Street
2	p2-lists	3-0	7	326	3	1512.5	1773.1	1527.1	1779.6	96	18D
2	p2-lists	3-0	7	327	0	1451.3	1782.6	1459.8	1789.1	96	15
2	p2-lists	3-0	7	327	1	1462.5	1782.4	1499.9	1790.4	96	Westferry
2	p2-lists	3-0	7	327	2	1502.4	1782.4	1525.3	1789.1	93	Circus
2	p2-lists	3-0	7	327	3	1527.6	1782.6	1537.2	1789.1	92	4E
2	p2-lists	3-0	7	328	0	1451.3	1792.2	1459.4	1798.6	96	15
2	p2-lists	3-0	7	328	1	1461.8	1792.2	1480.7	1798.6	95	West
2	p2-lists	3-0	7	328	2	1483.5	1792.2	1501	1798.6	93	Lane
2	p2-lists	3-0	7	328	3	1503.7	1792.2	1518.6	1798.6	92	20C
2	p2-lists	3-0	7	329	0	1451.3	1801.7	1459.8	1808	96	17
2	p2-lists	3-0	7	329	1	1462.5	1801.5	1500.1	1808.2	96	Columbus
2	p2-lists	3-0	7	329	2	1502.8	1801.5	1540.4	1809.4	96	Courtyard
2	p2-lists	3-0	7	329	3	1542.9	1801.5	1552.7	1808.2	95	5G
2	p2-lists	3-0	7	330	0	1451.1	1811.1	1460	1817.7	96	20
2	p2-lists	3-0	7	330	1	1462.7	1811.1	1481.4	1817.5	96	Bank
2	p2-lists	3-0	7	330	2	1483.5	1811.1	1506.4	1817.7	92	Street
2	p2-lists	3-0	7	330	3	1508.9	1811.1	1518.6	1817.7	91	9C
2	p2-lists	3-0	8	331	0	1451.1	1820.6	1460	1827.1	96	20
2	p2-lists	3-0	8	331	1	1462.7	1820.8	1493.4	1827.1	96	Brannan
2	p2-lists	3-0	8	331	2	1496.1	1820.6	1519	1827.1	96	Street
2	p2-lists	3-0	8	331	3	1521.3	1820.6	1535.9	1827.1	96	22D
2	p2-lists	3-0	8	331	4	1538.8	1820.4	1576.1	1828.3	95	(Mulberry
2	p2-lists	3-0	8	331	5	1578.4	1820.4	1600.7	1827.1	96	Wood
2	p2-lists	3-0	8	331	6	1603.4	1820.4	1626.8	1827.1	95	Wharf
2	p2-lists	3-0	8	331	7	1629.5	1820.4	1660.3	1828.5	95	Primary,
2	p2-lists	3-0	8	331	8	1663	1820.6	1689.5	1828.3	96	Canary
2	p2-lists	3-0	8	331	9	1691.8	1820.4	1718.4	1828.2	96	Wharf)
2	p2-lists	3-0	9	332	0	1451.1	1830.1	1460	1836.6	96	20
2	p2-lists	3-0	9	332	1	1462.5	1830	1485	1836.6	96	Cabot
2	p2-lists	3-0	9	332	2	1487.5	1830.1	1513.8	1837.9	92	Square
2	p2-lists	3-0	9	332	3	1516.3	1830.1	1525.1	1836.6	92	7E
2	p2-lists	3-0	9	333	0	1451.1	1839.7	1460	1846.2	96	20
2	p2-lists	3-0	9	333	1	1462.5	1839.5	1490.4	1846.2	96	Canada
2	p2-lists	3-0	9	333	2	1493.1	1839.7	1519.4	1847.4	93	Square
2	p2-lists	3-0	9	333	3	1521.9	1839.7	1535.4	1846.2	88	15E
2	p2-lists	3-0	9	334	0	1451.1	1849	1460	1855.7	96	20
2	p2-lists	3-0	9	334	1	1462.5	1849	1495.6	1855.7	89	Churchill
2	p2-lists	3-0	9	334	2	1498.7	1849	1518.5	1855.7	93	Place
2	p2-lists	3-0	9	334	3	1520.8	1849.2	1534.3	1855.5	92	17E
2	p2-lists	3-0	9	335	0	1451.1	1858.6	1460	1865.1	96	20
2	p2-lists	3-0	9	335	1	1462.5	1858.6	1500.3	1865.2	96	Columbus
2	p2-lists	3-0	9	335	2	1502.8	1858.6	1540.4	1866.5	96	Courtyard
2	p2-lists	3-0	9	335	3	1542.9	1858.6	1552.8	1865.2	96	5G
2	p2-lists	3-0	9	336	0	1451.1	1868.1	1460	1874.6	96	20
2	p2-lists	3-0	9	336	1	1462.3	1868.1	1485.2	1874.6	96	Water
2	p2-lists	3-0	9	336	2	1487.7	1868.1	1510.5	1874.6	93	Street
2	p2-lists	3-0	9	336	3	1513.2	1868.1	1527.3	1874.6	92	18C
2	p2-lists	3-0	9	337	0	1451.1	1877.7	1460	1884.1	96	25
2	p2-lists	3-0	9	337	1	1462.8	1877.5	1481.4	1884.1	96	Bank
2	p2-lists	3-0	9	337	2	1483.7	1877.7	1506.6	1884.1	92	Street
2	p2-lists	3-0	9	337	3	1509.1	1877.7	1523	1884.1	92	10C
2	p2-lists	3-0	9	338	0	1451.1	1887	1460	1893.7	96	25
2	p2-lists	3-0	9	338	1	1462.7	1887	1485.2	1893.7	95	Cabot
2	p2-lists	3-0	9	338	2	1487.7	1887.2	1514	1894.9	93	Square
2	p2-lists	3-0	9	338	3	1516.3	1887.2	1525.7	1893.7	93	6F
2	p2-lists	3-0	9	339	0	1451.1	1896.6	1460	1903	97	25
2	p2-lists	3-0	9	339	1	1462.7	1896.6	1490.6	1903.2	96	Canada
2	p2-lists	3-0	9	339	2	1493.3	1896.7	1519.5	1904.5	93	Square
2	p2-lists	3-0	9	339	3	1522.2	1896.6	1535.7	1903	92	12E
2	p2-lists	3-0	9	340	0	1451.1	1906.1	1460	1912.6	96	25
2	p2-lists	3-0	9	340	1	1462.7	1905.9	1495.8	1912.6	96	Churchill
2	p2-lists	3-0	9	340	2	1498.8	1906.1	1518.5	1912.6	93	Place
2	p2-lists	3-0	9	340	3	1521	1906.1	1534.8	1912.6	92	16E
2	p2-lists	3-0	9	341	0	1451.1	1915.6	1460	1922.1	96	25
2	p2-lists	3-0	9	341	1	1462.8	1915.5	1483.9	1922.1	96	North
2	p2-lists	3-0	9	341	2	1486.8	1915.5	1527.5	1922.1	93	Colonnade
2	p2-lists	3-0	9	341	3	1530	1915.6	1544.9	1922.1	92	10G
2	p2-lists	3-0	9	342	0	1451.1	1925.2	1459.8	1931.7	96	30
2	p2-lists	3-0	9	342	1	1462.5	1925	1495.4	1931.7	94	Churchill
2	p2-lists	3-0	9	342	2	1498.7	1925	1518.3	1931.7	93	Place
2	p2-lists	3-0	9	342	3	1520.8	1925.2	1534.7	1931.7	92	16E
2	p2-lists	3-0	9	343	0	1451.1	1934.5	1459.8	1941.2	96	30
2	p2-lists	3-0	9	343	1	1462.7	1934.5	1493.4	1941.2	96	Harbord
2	p2-lists	3-0	9	343	2	1496.1	1934.5	1522.4	1942.5	96	Square
2	p2-lists	3-0	9	343	3	1525.1	1934.5	1571.7	1942.3	95	(residential)
2	p2-lists	3-0	9	343	4	1574.4	1934.5	1588.8	1941	96	21D
2	p2-lists	3-0	9	344	0	1451.1	1944.1	1459.8	1950.6	96	30
2	p2-lists	3-0	9	344	1	1462.7	1944.1	1483.7	1950.6	96	North
2	p2-lists	3-0	9	344	2	1486.6	1944.1	1527.3	1950.7	92	Colonnade
2	p2-lists	3-0	9	344	3	1529.8	1944.1	1544	1950.6	92	15G
2	p2-lists	3-0	9	345	0	1451.1	1953.6	1459.8	1960.1	96	30
2	p2-lists	3-0	9	345	1	1462.3	1953.4	1484.1	1960.1	96	South
2	p2-lists	3-0	9	345	2	1487	1953.4	1527.6	1960.1	93	Colonnade
2	p2-lists	3-0	9	345	3	1530.2	1953.6	1543.5	1960.1	91	10E
2	p2-lists	3-0	9	346	0	1451.1	1963.2	1459.8	1969.6	96	30
2	p2-lists	3-0	9	346	1	1462.3	1963.2	1485.2	1969.6	96	Water
2	p2-lists	3-0	9	346	2	1487.5	1963.2	1510.4	1969.6	93	Street
2	p2-lists	3-0	9	346	3	1513.2	1963.2	1527.5	1969.6	92	19C
2	p2-lists	3-0	9	347	0	1451.1	1972.7	1459.8	1979.2	95	33
2	p2-lists	3-0	9	347	1	1462.7	1972.5	1490.6	1979.2	95	Canada
2	p2-lists	3-0	9	347	2	1493.1	1972.7	1519.5	1980.4	93	Square
2	p2-lists	3-0	9	347	3	1521.9	1972.7	1535.2	1979	92	11E
2	p2-lists	3-0	9	348	0	1451.1	1982.2	1459.8	1988.7	96	35
2	p2-lists	3-0	9	348	1	1462.8	1982.1	1481.4	1988.5	96	Bank
2	p2-lists	3-0	9	348	2	1483.7	1982.2	1506.6	1988.7	92	Street
2	p2-lists	3-0	9	348	3	1509.1	1982.2	1523	1988.5	92	11B
2	p2-lists	3-0	9	349	0	1451.1	1991.6	1460.5	1998.1	96	40
2	p2-lists	3-0	9	349	1	1463.2	1991.4	1481.7	1998.1	96	Bank
2	p2-lists	3-0	9	349	2	1484.1	1991.6	1506.9	1998.1	93	Street
2	p2-lists	3-0	9	349	3	1509.5	1991.6	1523.3	1998.1	92	11B
2	p2-lists	3-0	9	350	0	1451.1	2001.1	1460.5	2007.6	96	40
2	p2-lists	3-0	9	350	1	1463	2001	1491.3	2007.6	96	Charter
2	p2-lists	3-0	9	350	2	1493.6	2001.1	1516.5	2007.6	93	Street
2	p2-lists	3-0	9	350	3	1519.2	2001.1	1533.4	2007.6	92	19C
2	p2-lists	3-0	9	351	0	1451.1	2010.7	1460.5	2017.2	96	40
2	p2-lists	3-0	9	351	1	1463.2	2010.5	1494	2017.2	96	Harbord
2	p2-lists	3-0	9	351	2	1496.7	2010.7	1523	2018.4	96	Square
2	p2-lists	3-0	9	351	3	1525.7	2010.5	1572.5	2018.2	96	(residential)
2	p2-lists	3-0	9	351	4	1575	2010.7	1589.6	2017	96	22D
2	p2-lists	3-0	9	352	0	1451.1	2020	1460	2026.7	96	50
2	p2-lists	3-0	9	352	1	1462.8	2020	1481.4	2026.5	95	Bank
2	p2-lists	3-0	9	352	2	1483.5	2020	1506.4	2026.7	93	Street
2	p2-lists	3-0	9	352	3	1508.9	2020.2	1523.5	2026.5	92	14B
2	p2-lists	3-0	9	353	0	1451.1	2029.6	1460	2036.2	96	50
2	p2-lists	3-0	9	353	1	1462.5	2029.6	1490.7	2036.1	96	Charter
2	p2-lists	3-0	9	353	2	1493.1	2029.6	1515.9	2036.2	93	Street
2	p2-lists	3-0	9	353	3	1518.6	2029.6	1532.7	2036.1	91	21C
2	p2-lists	3-0	9	354	0	1451.1	2039.1	1460	2045.6	96	50
2	p2-lists	3-0	9	354	1	1462.8	2038.9	1493.4	2045.6	95	Harbord
2	p2-lists	3-0	9	354	2	1496.1	2039.1	1522.4	2046.9	96	Square
2	p2-lists	3-0	9	354	3	1525.1	2038.9	1571.9	2046.7	95	(residential)
2	p2-lists	3-0	9	354	4	1574.4	2039.1	1589	2045.6	96	22D
2	p2-lists	3-0	9	355	0	1451.1	2048.7	1460	2055.1	96	55
2	p2-lists	3-0	9	355	1	1462.8	2048.7	1485.9	2056.4	96	Upper
2	p2-lists	3-0	9	355	2	1488.6	2048.5	1507.1	2055.1	96	Bank
2	p2-lists	3-0	9	355	3	1509.5	2048.7	1532.3	2055.1	93	Street
2	p2-lists	3-0	9	355	4	1534.8	2048.7	1547.8	2055.1	86	14J
2	p2-lists	3-0	9	356	0	1451.1	2058	1460.3	2064.7	95	60
2	p2-lists	3-0	9	356	1	1462.8	2058	1491.1	2064.7	96	Charter
2	p2-lists	3-0	9	356	2	1493.4	2058.2	1516.3	2064.7	91	Street
2	p2-lists	3-0	9	356	3	1518.8	2058	1533	2064.7	91	21C
2	p2-lists	3-0	9	357	0	1451.1	2067.6	1460.3	2074.2	96	65
2	p2-lists	3-0	9	357	1	1463.2	2067.6	1494	2074	96	Harbord
2	p2-lists	3-0	9	357	2	1496.7	2067.6	1523	2075.5	96	Square
2	p2-lists	3-0	9	357	3	1525.7	2067.6	1572.3	2075.1	93	(residential)
2	p2-lists	3-0	9	357	4	1575	2067.6	1589	2074.2	91	22C
2	p2-lists	3-0	9	358	0	1451.3	2077.3	1459.8	2083.6	96	75
2	p2-lists	3-0	9	358	1	1462.7	2076.9	1493.4	2083.6	95	Harbord
2	p2-lists	3-0	9	358	2	1496.1	2077.1	1522.4	2084.8	96	Square
2	p2-lists	3-0	9	358	3	1525.1	2076.9	1571.7	2084.7	93	(residential)
2	p2-lists	3-0	9	358	4	1574.4	2077.1	1588.5	2083.6	86	22C
2	p2-lists	3-0	10	359	0	1452.2	2101	1483.4	2118.1	96	Key
2	p2-lists	3-0	10	359	1	1488.8	2101.6	1506	2115.3	95	to
2	p2-lists	3-0	10	359	2	1511.6	2100.5	1583.8	2118.1	96	symbols
2	p2-lists	3-0	11	360	0	1451.1	2129.7	1479.9	2137	96	Jubilee
2	p2-lists	3-0	11	360	1	1483.7	2129.7	1497.2	2137	96	line
2	p2-lists	3-0	11	361	0	1451.7	2151.4	1493.6	2158.8	95	Docklands
2	p2-lists	3-0	11	361	1	1497.4	2151.4	1517.4	2160.3	95	Light
2	p2-lists	3-0	11	361	2	1521.2	2151.4	1552.1	2160.3	95	Railway
2	p2-lists	3-0	11	362	0	1451.7	2173.4	1488.6	2180.8	96	Elizabeth
2	p2-lists	3-0	11	362	1	1492.5	2173.4	1505.9	2180.6	96	line
2	p2-lists	3-0	11	363	0	1451.3	2195.2	1472.7	2204	96	Cycle
2	p2-lists	3-0	11	363	1	1476.3	2195.2	1490.9	2202.6	96	hire
2	p2-lists	3-0	11	363	2	1494	2195.4	1521.5	2202.6	95	station
2	p2-lists	3-0	11	364	0	1451.7	2217.3	1465.7	2224.3	96	Bus
2	p2-lists	3-0	11	364	1	1469.1	2217.1	1493.6	2225.8	96	Stops.
2	p2-lists	3-0	11	364	2	1497.6	2217.3	1515.8	2224.3	96	Four
2	p2-lists	3-0	11	364	3	1519.2	2217	1532.9	2224.3	96	bus
2	p2-lists	3-0	11	364	4	1536.5	2217.5	1563.5	2225.4	96	routes,
2	p2-lists	3-0	11	364	5	1567.2	2217.1	1583.3	2225.8	96	plus
2	p2-lists	3-0	11	364	6	1586.7	2218.9	1601.3	2224.3	95	one
2	p2-lists	3-0	11	364	7	1604.9	2217	1625.2	2225.8	96	night
2	p2-lists	3-0	11	364	8	1628.8	2217	1642.7	2224.3	96	bus
2	p2-lists	4-0	1	365	0	1171.1	2242.1	1179.3	2248.6	96	30
2	p2-lists	4-0	1	365	1	1182.8	2242	1212.3	2248.6	96	Harbord
2	p2-lists	4-0	1	365	2	1215.5	2242.1	1240.9	2249.9	96	Square
2	p2-lists	4-0	1	365	3	1243.8	2242	1258.4	2248.4	96	21D
2	p2-lists	4-0	1	366	0	1171.1	2251.5	1179.9	2258	96	40
2	p2-lists	4-0	1	366	1	1183.3	2251.5	1212.6	2258	96	Harbord
2	p2-lists	4-0	1	366	2	1215.9	2251.5	1241.3	2259.2	96	Square
2	p2-lists	4-0	1	366	3	1244.3	2251.5	1258.9	2258	96	22D
2	p2-lists	4-0	1	367	0	1171.1	2261	1179.5	2267.5	96	50
2	p2-lists	4-0	1	367	1	1182.8	2260.9	1212.3	2267.5	95	Harbord
2	p2-lists	4-0	1	367	2	1215.5	2261	1240.9	2268.8	95	Square
2	p2-lists	4-0	1	367	3	1244	2261	1258.5	2267.5	96	22D
2	p2-lists	4-0	1	368	0	1171.1	2270.6	1179.7	2277.1	96	65
2	p2-lists	4-0	1	368	1	1183.1	2270.4	1212.5	2277.1	96	Harbord
2	p2-lists	4-0	1	368	2	1215.9	2270.6	1241.3	2278.3	92	Square
2	p2-lists	4-0	1	368	3	1244.1	2270.6	1258.4	2277.1	90	22C
2	p2-lists	4-0	1	369	0	1171.1	2280.1	1179.2	2286.6	96	75
2	p2-lists	4-0	1	369	1	1182.6	2279.9	1211.9	2286.6	96	Harbord
2	p2-lists	4-0	1	369	2	1215.2	2280.1	1240.5	2287.9	93	Square
2	p2-lists	4-0	1	369	3	1243.6	2280.1	1257.8	2286.6	86	22C
2	p2-lists	4-0	1	370	0	1171.1	2289.5	1179.5	2296	96	80
2	p2-lists	4-0	1	370	1	1182.9	2289.5	1212.5	2296.1	96	Harbord
2	p2-lists	4-0	1	370	2	1215.7	2289.7	1241.1	2297.4	93	Square
2	p2-lists	4-0	1	370	3	1244.1	2289.5	1258.2	2296.1	92	21C
2	p2-lists	4-0	2	371	0	1171.6	2309.8	1232.1	2324.8	95	Offices
2	p2-lists	4-0	2	371	1	1237.7	2310.4	1304.8	2324.8	96	Tenants
2	p2-lists	4-0	3	372	0	1171.1	2337	1186.5	2343.5	96	One
2	p2-lists	4-0	3	372	1	1189.2	2337	1218.2	2343.5	96	Canada
2	p2-lists	4-0	3	372	2	1220.9	2337	1248.1	2344.9	91	Square
2	p2-lists	4-0	3	372	3	1251	2337	1264.3	2343.5	91	11F
2	p2-lists	4-0	4	373	0	1170.9	2355.9	1206.3	2362.6	95	Adamson
2	p2-lists	4-0	4	373	1	1209	2355.9	1249.5	2362.6	95	Associates
2	p2-lists	4-0	4	374	0	1170.9	2365.4	1196.1	2372.1	94	Article
2	p2-lists	4-0	4	374	1	1198.8	2365.6	1207.4	2372.1	96	25
2	p2-lists	4-0	4	375	0	1171.2	2375.2	1191.9	2381.5	96	BBVA
2	p2-lists	4-0	4	375	1	1194.6	2375	1220.4	2382.7	96	(Banco
2	p2-lists	4-0	4	375	2	1223.8	2375	1246.1	2381.6	96	Bilbao
2	p2-lists	4-0	4	375	3	1249.2	2375	1276.7	2382.9	93	Vizcaya
2	p2-lists	4-0	4	375	4	1280	2375	1322.1	2382.9	93	Argentaria)
2	p2-lists	4-0	4	376	0	1171.2	2384.5	1202.6	2392.3	96	Barclays
2	p2-lists	4-0	4	377	0	1171.2	2393.9	1201.5	2401.8	91	Begbies
2	p2-lists	4-0	4	377	1	1203.8	2394.1	1232.8	2401.8	96	Traynor
2	p2-lists	4-0	4	377	2	1235.3	2394.1	1258.4	2401.8	96	Group
2	p2-lists	4-0	4	377	3	1261.2	2393.9	1272	2401.8	94	plc
2	p2-lists	4-0	4	378	0	1171.2	2403.4	1210.5	2410.1	96	Brookfield
2	p2-lists	4-0	4	379	0	1171.1	2413	1197.3	2420.9	96	Canary
2	p2-lists	4-0	4	379	1	1199.7	2413	1223.1	2419.6	94	Wharf
2	p2-lists	4-0	4	379	2	1225.6	2413.1	1248.6	2420.9	96	Group
2	p2-lists	4-0	4	379	3	1251.5	2413	1262.3	2420.9	95	plc
2	p2-lists	4-0	4	380	0	1171.1	2422.5	1189.4	2429	88	CWG
2	p2-lists	4-0	4	381	0	1171.2	2431.9	1207.8	2438.5	91	Datatonic
2	p2-lists	4-0	4	382	0	1171.2	2441.4	1204	2449.3	91	Equilend
2	p2-lists	4-0	4	382	1	1207.1	2441.6	1233.7	2449.3	96	Europe
2	p2-lists	4-0	4	382	2	1236.6	2441.4	1264.8	2448.1	96	Limited
2	p2-lists	4-0	4	383	0	1170.9	2450.9	1184.6	2457.6	96	The
2	p2-lists	4-0	4	383	1	1187.4	2450.9	1205.1	2457.6	95	Felix
2	p2-lists	4-0	4	383	2	1207.8	2450.9	1234.4	2458.9	96	Project
2	p2-lists	4-0	4	384	0	1171.2	2460.7	1183.7	2467	96	FIA
2	p2-lists	4-0	4	385	0	1171.2	2469.8	1194.1	2476.5	96	Fisher
2	p2-lists	4-0	4	385	1	1196.8	2470.2	1242.7	2476.5	95	Investments
2	p2-lists	4-0	4	386	0	1171.2	2479.6	1187.4	2486	96	Fora
2	p2-lists	4-0	4	387	0	1171.1	2488.9	1221.8	2496.8	91	Germological
2	p2-lists	4-0	4	387	1	1225.1	2488.9	1256.2	2495.6	96	Institute
2	p2-lists	4-0	4	387	2	1258.9	2488.9	1266.3	2495.6	96	of
2	p2-lists	4-0	4	387	3	1268.6	2488.9	1299.9	2495.6	92	America
2	p2-lists	4-0	4	387	4	1302.8	2489.1	1322.1	2496.7	94	(GIA)
2	p2-lists	4-0	4	388	0	1171.1	2498.5	1199.9	2505.1	95	General
2	p2-lists	4-0	4	388	1	1202.7	2498.5	1229.7	2506.4	96	Optical
2	p2-lists	4-0	4	388	2	1232.6	2498.5	1260.3	2505.1	96	Council
2	p2-lists	4-0	4	389	0	1171.1	2508	1208.3	2514.7	96	Genomics
2	p2-lists	4-0	4	389	1	1211	2508	1241.6	2515.7	96	England
2	p2-lists	4-0	4	390	0	1171.2	2517.4	1207.6	2525.3	91	Hershey’s
2	p2-lists	4-0	4	391	0	1171.2	2527.1	1208	2533.6	91	Hexaware
2	p2-lists	4-0	4	391	1	1210.5	2526.9	1260.7	2534.8	95	Technologies
2	p2-lists	4-0	4	392	0	1171.2	2536.4	1208.5	2544.4	92	Hypervolt
2	p2-lists	4-0	4	393	0	1171.2	2546	1219.7	2552.6	95	International
2	p2-lists	4-0	4	393	1	1222.5	2546	1246.1	2552.6	95	Grains
2	p2-lists	4-0	4	393	2	1248.8	2546	1276.5	2552.6	96	Council
2	p2-lists	4-0	4	394	0	1171.2	2555.3	1219.7	2562	96	International
2	p2-lists	4-0	4	394	1	1222.7	2555.3	1269.5	2563.3	95	Hydropower
2	p2-lists	4-0	4	394	2	1271.9	2555.3	1316	2562	96	Association
2	p2-lists	4-0	4	395	0	1171.2	2564.9	1219.7	2571.5	95	International
2	p2-lists	4-0	4	395	1	1222.4	2565.1	1244.3	2572.8	96	Sugar
2	p2-lists	4-0	4	395	2	1246.8	2564.9	1296	2572.8	96	Organization
2	p2-lists	4-0	4	396	0	1171.2	2574.4	1200.2	2581.1	90	Level39
2	p2-lists	4-0	4	397	0	1171.2	2584	1199.9	2590.6	95	Medical
2	p2-lists	4-0	4	397	1	1202.9	2584	1233.5	2590.6	96	Defence
2	p2-lists	4-0	4	397	2	1236.2	2584	1257.8	2590.6	96	Union
2	p2-lists	4-0	4	398	0	1171.1	2593.5	1211.6	2601.4	90	Objectway
2	p2-lists	4-0	4	399	0	1171.1	2603	1187.4	2609.5	90	OXK
2	p2-lists	4-0	4	400	0	1171.2	2612.4	1201.3	2619.1	91	Pozitive
2	p2-lists	4-0	4	400	1	1204.2	2612.6	1230.5	2620.3	96	Energy
2	p2-lists	4-0	4	401	0	1171.2	2621.9	1200.8	2628.6	90	Pinnicle
2	p2-lists	4-0	4	401	1	1203.3	2621.9	1229.9	2628.6	96	Wealth
2	p2-lists	4-0	4	401	2	1233	2622.1	1281.9	2629.9	95	Management
2	p2-lists	4-0	4	402	0	1171.2	2631.5	1197.5	2639.4	90	Redpin
2	p2-lists	4-0	4	403	0	1171.2	2640.8	1193.7	2647.5	96	Reach
2	p2-lists	4-0	4	403	1	1196.6	2641	1207.4	2648.8	86	plc
2	p2-lists	4-0	4	404	0	1171.2	2650.6	1194.1	2658.3	95	Regus
2	p2-lists	4-0	4	404	1	1197.2	2649.8	1198.2	2657.9	96	|
2	p2-lists	4-0	4	404	2	1201.3	2650.6	1227.8	2658.3	96	Spaces
2	p2-lists	4-0	4	405	0	1171.2	2659.9	1191	2666.6	92	Rittal
2	p2-lists	4-0	4	406	0	1170.9	2669.6	1216.1	2676.1	90	Tramontana
2	p2-lists	4-0	4	407	0	1170.9	2679	1199.9	2685.5	92	Tuckers
2	p2-lists	4-0	4	407	1	1202.4	2679	1249	2686.9	95	Consultancy
2	p2-lists	4-0	4	408	0	1171.2	2688.5	1186	2695	96	UCL
2	p2-lists	4-0	4	408	1	1188.5	2688.4	1213.9	2695	94	School
2	p2-lists	4-0	4	408	2	1216.6	2688.4	1224.2	2695	96	of
2	p2-lists	4-0	4	408	3	1226.9	2688.5	1275.8	2696.3	95	Management
2	p2-lists	4-0	4	409	0	1170.9	2697.9	1195	2704.6	96	Valero
2	p2-lists	4-0	4	410	0	1170.9	2707.4	1186.4	2714.1	96	Visa
2	p2-lists	4-0	4	411	0	1170.9	2717	1202.7	2723.6	92	Welhunt
2	p2-lists	4-0	4	412	0	1170.9	2726.3	1193.7	2733	95	World
2	p2-lists	4-0	4	412	1	1196.8	2726.5	1212.1	2733	96	Fuel
2	p2-lists	4-0	4	412	2	1215	2726.3	1246.5	2733	95	Services
2	p2-lists	4-0	5	413	0	1421.8	2221.4	1442.1	2361.7	0	SEMNDEO(
2	p2-lists	4-0	6	414	0	1422.3	2413.1	1445	2428.3	0	Ld
2	p2-lists	4-0	6	414	1	1423.1	2388.5	1440.9	2403.8	24	5
2	p2-lists	4-0	6	415	0	1432.1	2392.1	1439.3	2404.3	84	QA.
2	p2-lists	4-0	7	416	0	1424.9	2534.1	1431.5	2536.8	96	Free
2	p2-lists	4-0	7	416	1	1433	2533.9	1439.1	2536.8	95	wifi
2	p2-lists	4-0	8	417	0	1423.1	2453.3	1440.9	2544.7	0	HED
2	p2-lists	4-0	9	418	0	1451.3	2239.1	1487.7	2246.3	91	eScooter
2	p2-lists	4-0	9	418	1	1491.1	2238.9	1507.3	2247.2	95	hire,
2	p2-lists	4-0	9	418	2	1510.9	2238.9	1531.8	2246.3	96	there
2	p2-lists	4-0	9	418	3	1535	2240.9	1547.3	2246.3	96	are
2	p2-lists	4-0	9	418	4	1550.5	2239.1	1560.6	2246.3	96	20
2	p2-lists	4-0	9	418	5	1564.4	2238.9	1578.8	2246.3	96	hire
2	p2-lists	4-0	9	418	6	1582	2238.9	1613.9	2246.3	96	stations
2	p2-lists	4-0	9	418	7	1617.3	2240.9	1626.6	2246.3	96	on
2	p2-lists	4-0	9	418	8	1630.2	2238.9	1643	2246.3	96	the
2	p2-lists	4-0	9	418	9	1646.6	2239.1	1671.3	2246.3	96	Estate
2	p2-lists	4-0	9	419	0	1451.3	2260.9	1464.8	2268.1	96	Car
2	p2-lists	4-0	9	419	1	1468.2	2260.7	1489.8	2269.5	96	parks
2	p2-lists	4-0	9	420	0	1451.1	2282.6	1466.4	2289.8	96	Taxi
2	p2-lists	4-0	9	420	1	1470.4	2282.6	1496.1	2289.8	96	Ranks.
2	p2-lists	4-0	9	420	2	1499.6	2282.6	1522.2	2290	96	There
2	p2-lists	4-0	9	420	3	1525.5	2284.6	1537.7	2290	96	are
2	p2-lists	4-0	9	420	4	1541.3	2284.4	1581.5	2290	95	numerous
2	p2-lists	4-0	9	420	5	1585.2	2282.6	1606.1	2290	95	ranks
2	p2-lists	4-0	9	420	6	1609.5	2284.4	1619.1	2290	96	on
2	p2-lists	4-0	9	420	7	1622.5	2282.6	1635.3	2290	96	the
2	p2-lists	4-0	9	420	8	1639.1	2282.8	1663.7	2290	96	Estate
2	p2-lists	4-0	9	421	0	1451.7	2304.4	1471.5	2311.8	95	Uber
2	p2-lists	4-0	9	421	1	1475.1	2304.6	1494.2	2311.8	96	Boat
2	p2-lists	4-0	9	421	2	1497.9	2304.4	1507.7	2313.2	96	by
2	p2-lists	4-0	9	421	3	1510.9	2304.4	1543.7	2311.8	96	Thames
2	p2-lists	4-0	9	421	4	1547.3	2304.4	1583.4	2313.2	96	Clippers.
2	p2-lists	4-0	9	421	5	1587.4	2304.6	1607.6	2311.8	96	River
2	p2-lists	4-0	9	421	6	1611.2	2304.6	1625.2	2311.8	96	Bus
2	p2-lists	4-0	9	421	7	1628.6	2304.4	1647.7	2313.2	96	daily
2	p2-lists	4-0	9	421	8	1651.3	2304.6	1668.9	2311.8	96	river
2	p2-lists	4-0	9	421	9	1672	2304.4	1691.1	2313.2	96	ferry
2	p2-lists	4-0	9	421	10	1694.1	2304.6	1722.6	2311.8	96	service
2	p2-lists	4-0	9	422	0	1451.7	2326.2	1481.7	2333.6	95	London
2	p2-lists	4-0	9	422	1	1485.5	2326.4	1501	2335	96	City
2	p2-lists	4-0	9	422	2	1504.2	2326.4	1533.2	2335	96	Airport
2	p2-lists	4-0	9	422	3	1536.8	2326.4	1546	2333.6	96	15
2	p2-lists	4-0	9	422	4	1549.6	2326.4	1581.5	2333.6	96	minutes
2	p2-lists	4-0	9	422	5	1585.1	2326.2	1594.4	2335	96	by
2	p2-lists	4-0	9	422	6	1598	2326.6	1614.2	2333.6	96	DLR
2	p2-lists	4-0	9	423	0	1451.7	2348.2	1494.3	2355.5	95	Pedestrian
2	p2-lists	4-0	9	423	1	1497.8	2350.1	1524	2355.5	95	access
2	p2-lists	4-0	9	423	2	1527.3	2348.7	1535	2355.5	96	to
2	p2-lists	4-0	9	423	3	1538.4	2350	1550.7	2355.5	95	car
2	p2-lists	4-0	9	423	4	1554.1	2348.2	1575.7	2357	96	parks
2	p2-lists	4-0	9	424	0	1451.7	2369.9	1475.8	2377.3	93	Public
2	p2-lists	4-0	9	424	1	1479	2369.9	1503.9	2377.3	96	toilets
2	p2-lists	4-0	9	425	0	1451.7	2391.9	1486.1	2399.1	96	Disabled
2	p2-lists	4-0	9	425	1	1489.7	2391.9	1514.3	2399.3	96	toilets
2	p2-lists	4-0	9	426	0	1451.1	2413.9	1468.4	2420.9	94	ATM
2	p2-lists	4-0	9	427	0	1451.7	2435.5	1464.1	2442.8	96	Lift
2	p2-lists	4-0	9	428	0	1451.7	2457.4	1488.8	2464.8	96	Escalator
2	p2-lists	4-0	9	429	0	1451.7	2479.4	1468.8	2486.6	96	Post
2	p2-lists	4-0	9	429	1	1472.4	2479.2	1486.6	2486.6	96	box
2	p2-lists	4-0	10	430	0	1451.3	2501.2	1479.8	2509.8	96	Canary
2	p2-lists	4-0	10	430	1	1483.4	2501.2	1520.3	2508.4	96	Riverside
2	p2-lists	4-0	10	430	2	1524	2501.2	1546.7	2509.4	95	Plaza,
2	p2-lists	4-0	10	430	3	1550.7	2501.2	1580.9	2508.4	95	London
2	p2-lists	4-0	10	430	4	1584.9	2501.2	1616.7	2508.4	96	Marriott
2	p2-lists	4-0	10	430	5	1620.5	2501.2	1641	2508.4	96	Hotel
2	p2-lists	4-0	10	430	6	1644.8	2501.9	1656.3	2509.4	95	1G,
2	p2-lists	4-0	10	430	7	1659.8	2501.2	1679.7	2508.4	95	Tribe
2	p2-lists	4-0	10	430	8	1683.5	2501.2	1704	2508.4	96	Hotel
2	p2-lists	4-0	10	430	9	1707.6	2501.2	1731.6	2508.4	96	Wood
2	p2-lists	4-0	10	430	10	1735.2	2501.2	1760.4	2508.4	96	Wharf
2	p2-lists	4-0	10	430	11	1763.4	2501.9	1778	2508.4	96	18D
2	p2-lists	4-0	10	431	0	1451.7	2511.2	1476.3	2518.4	96	House
2	p2-lists	4-0	10	431	1	1479.8	2511.1	1487.7	2518.4	96	of
2	p2-lists	4-0	10	431	2	1490.9	2511.1	1511.3	2518.4	96	Gods
2	p2-lists	4-0	10	431	3	1514.9	2511.2	1543.1	2519.9	95	Canary
2	p2-lists	4-0	10	431	4	1546.4	2511.1	1571.6	2518.4	91	Wharf
2	p2-lists	4-0	10	431	5	1574.6	2512	1584	2518.4	76	7C
2	p2-lists	4-0	11	432	0	1451.7	2533.2	1468.8	2540.2	96	Free
2	p2-lists	4-0	11	432	1	1472	2533	1487.7	2540.2	94	Wifi
2	p2-lists	4-0	11	432	2	1491.6	2533	1497.8	2540.2	94	in
2	p2-lists	4-0	11	432	3	1501.2	2533	1509.5	2540.2	96	all
2	p2-lists	4-0	11	432	4	1513.4	2533	1537.7	2541.7	96	public
2	p2-lists	4-0	11	432	5	1541	2534.8	1568.3	2541.7	96	spaces
2	p2-lists	4-0	11	432	6	1571.6	2534.8	1596.9	2540.2	96	across
2	p2-lists	4-0	11	432	7	1600.2	2533	1613	2540.2	96	the
2	p2-lists	4-0	11	432	8	1616.7	2533.2	1641.4	2540.2	95	Estate
2	p2-reread	2-0	3	0	0	1171.3	1443.5	1196.2	1453.9	85	Barry’s
2	p2-reread	2-0	3	0	1	1199.3	1444	1213.3	1453.9	96	12H
2	p2-title	0-0	1	0	0	128.8	71.7	525.9	172.1	92	Canary
2	p2-title	0-0	1	0	1	550.7	68.8	1360	154.8	7	WharfEstatec
2	p2-title	0-0	1	0	2	1445.3	46.8	1706.3	153.4	1	..1U
2	p2-title	0-0	2	1	0	1529.6	166	1622.8	179.3	96	LONDON
2	p2-title	0-0	3	2	0	131.7	193.7	194.7	211	96	Street
2	p2-title	0-0	3	2	1	202.6	193.4	260.9	211	95	Retail
2	p2-title	0-0	3	2	2	268.8	193.4	304.8	211	96	and
2	p2-title	0-0	3	2	3	312.8	193.4	375	211	96	Office
2	p2-title	0-0	3	2	4	381.9	194.1	466.8	211	96	Tenants.
2	p2-title	0-0	3	2	5	474.4	193.7	511.8	211	96	See
2	p2-title	0-0	3	2	6	518.7	193.4	618.4	214.6	96	Shopping
2	p2-title	0-0	3	2	7	627	193.4	667	211	96	Mall
2	p2-title	0-0	3	2	8	675.3	197.7	719.6	214.6	95	map
2	p2-title	0-0	3	2	9	727.5	197.7	778.6	214.6	96	page
2	p2-title	0-0	3	2	10	786.2	193.7	796.6	211	96	1
2	p2-title	0-0	3	2	11	804.5	193.4	832.2	211	96	for
2	p2-title	0-0	3	2	12	839.4	193.4	908.9	214.6	96	Shops,
2	p2-title	0-0	3	2	13	917.2	194.1	1045.7	214.6	96	Restaurants,
2	p2-title	0-0	3	2	14	1053.6	192.6	1115.9	214.6	96	Cafés,
2	p2-title	0-0	3	2	15	1124.6	194.1	1168.8	211	96	Bars
2	p2-title	0-0	3	2	16	1176	193.4	1211.7	211	96	and
2	p2-title	0-0	3	2	17	1219.6	193.4	1311	211	96	Services.
2	p2-title	0-0	3	3	0	132	222.5	168	240.2	95	The
2	p2-title	0-0	3	3	1	177	222.9	238.2	240.2	95	Estate
2	p2-title	0-0	3	3	2	247.6	222.9	260.6	239.8	95	is
2	p2-title	0-0	3	3	3	268.5	222.5	311	243.4	96	fully
2	p2-title	0-0	3	3	4	318.9	222.5	421.1	240.2	96	accessible
2	p2-title	0-0	3	3	5	429	223.6	448.5	240.2	96	to
2	p2-title	0-0	3	3	6	456.8	222.5	566.6	240.2	92	wheelchair
2	p2-title	0-0	3	3	7	575.2	227.2	631.4	240.2	96	users.
2	p2-footer	0-0	1	0	0	170.2	2740	181.2	2748.5	7	=
2	p2-footer	0-0	1	0	1	277.3	2740	286.3	2748.5	88	D
2	p2-footer	0-0	1	0	2	381.5	2740	384.4	2751	76	|
2	p2-footer	0-0	1	0	3	386.9	2740	391.6	2751	47	O°
2	p2-footer	0-0	1	0	4	488.8	2740	499.2	2751	52	Lv
2	p2-footer	0-0	1	0	5	595.5	2740	603.5	2748.5	85	=
2	p2-footer	0-0	1	0	6	701.6	2740	708.8	2748.5	89	r
2	p2-footer	0-0	1	0	7	806.3	2740	816.2	2748.6	0	&
2	p2-footer	0-0	1	1	0	127.4	2758.9	155.6	2767.7	96	Design
2	p2-footer	0-0	1	1	1	159	2759.1	176.1	2766.3	96	Paul
2	p2-footer	0-0	1	1	2	179.2	2758.9	215.2	2767.7	93	Anthony
2	p2-footer	0-0	1	1	3	218.8	2758.9	264.3	2766.3	91	Ravenshaw
2	p2-footer	0-0	1	1	4	267.6	2758.9	297.8	2766.3	95	Studios
2	p2-footer	0-0	1	1	5	301.6	2758.9	333.6	2766.3	96	Limited.
2	p2-footer	0-0	1	1	6	337.2	2759.1	344.3	2766.3	96	©
2	p2-footer	0-0	1	1	7	348.2	2758.9	388.4	2767.7	93	Copyright
2	p2-footer	0-0	1	1	8	392.1	2758.9	437.7	2766.3	92	Ravenshaw
2	p2-footer	0-0	1	1	9	441.1	2758.9	471.3	2766.3	95	Studios
2	p2-footer	0-0	1	1	10	475.1	2758.9	504.8	2766.3	96	Limited
2	p2-footer	0-0	1	1	11	508.4	2758.9	522.8	2766.3	96	and
2	p2-footer	0-0	1	1	12	527	2759.1	543.2	2766.3	93	Paul
2	p2-footer	0-0	1	1	13	546.8	2759.1	552	2766.3	93	&
2	p2-footer	0-0	1	1	14	555.6	2758.9	577	2766.3	96	Linda
2	p2-footer	0-0	1	1	15	580.6	2758.9	615.5	2767.7	96	Anthony
2	p2-footer	0-0	1	1	16	618.8	2759.1	641.1	2766.3	96	2026.
2	p2-footer	0-0	1	1	17	645	2759.1	672	2766.3	96	Details
2	p2-footer	0-0	1	1	18	675.5	2759.4	703.9	2766.3	96	correct
2	p2-footer	0-0	1	1	19	707.3	2759.4	714.7	2766.3	96	at
2	p2-footer	0-0	1	1	20	717.9	2759.1	735.8	2766.3	96	time
2	p2-footer	0-0	1	1	21	739	2758.9	746.9	2766.3	96	of
2	p2-footer	0-0	1	1	22	750.3	2759.1	780.2	2767.7	96	posting
2	p2-footer	0-0	1	1	23	783.8	2759.1	794.4	2766.3	96	20
2	p2-footer	0-0	1	1	24	797.1	2759.1	814.4	2767.7	96	July
2	p2-footer	0-0	1	1	25	817.1	2759.1	838.5	2766.3	96	2026
2	p2-map	0-0	1	0	0	471.8	394.8	488.1	400.6	96	Uber
2	p2-map	0-0	1	0	1	491	395	506.3	400.6	96	Boat
2	p2-map	0-0	1	0	2	509.2	394.8	517.4	401.8	96	by
2	p2-map	0-0	1	0	3	520	394.8	546.6	400.6	96	Thames
2	p2-map	0-0	1	1	0	496.7	402.7	513.5	409.7	95	Daily
2	p2-map	0-0	1	1	1	516.4	402.7	531.8	408.5	96	river
2	p2-map	0-0	1	1	2	534.4	402.7	550.7	409.7	14	ferry
2	p2-map	0-0	2	2	0	551.4	394.8	577.4	401.8	92	Clippers
2	p2-map	0-0	2	2	1	606.2	394.8	614.1	405.8	48	9)
2	p2-map	0-0	2	3	0	553.1	402.7	577.4	408.5	96	service
2	p2-map	0-0	2	3	1	597	402	606.9	411.4	34	oo
2	p2-map	0-0	3	4	0	127.1	690.5	135.5	826.6	0	HINOS[3IAISYIATH
2	p2-map	0-1	1	5	0	915.9	317.5	925	329.8	93	H
2	p2-map	0-1	2	6	0	776.2	378.7	796.6	385.7	96	Virgin
2	p2-map	0-1	2	6	1	799.3	378.7	821.4	384.7	96	Active
2	p2-map	0-1	2	7	0	776.2	385.7	795.9	393.6	96	Virgin
2	p2-map	0-1	2	7	1	799.8	384.7	820.4	394.6	96	Active
2	p2-map	0-1	2	7	2	824	385.7	835	391.7	65	Caf
2	p2-map	0-1	2	8	0	776.7	392.9	802.9	398.6	92	Luminis
2	p2-map	0-1	2	8	1	805.8	392.9	817	398.6	96	Bea
2	p2-map	0-1	3	9	0	833.8	426	865.8	432	96	Riverside
2	p2-map	0-1	3	10	0	832.9	433	845.8	439	93	otel
2	p2-map	0-1	4	11	0	807	426.2	826.9	432	91	Canar
2	p2-map	0-1	4	12	0	807.2	433	825	439	96	Plaza
2	p2-map	0-1	5	13	0	890.5	341.5	969.4	349.4	87	RTVERSIDE
2	p2-map	0-1	6	14	0	980.5	341.5	1028.5	349.4	95	NORTH
2	p2-map	0-1	7	15	0	689.4	486.5	698	490.3	0	JOA
2	p2-map	0-1	7	15	1	696.3	485.5	699	492.5	0	A
2	p2-map	0-1	8	16	0	688.2	491	699.4	499.4	30	hk
2	p2-map	0-1	9	17	0	840.1	453.4	852.1	462.5	0	Jom
2	p2-map	0-1	10	18	0	661.5	592.3	708.1	604.8	90	estferry
2	p2-map	0-1	10	18	1	712.6	592.6	748.9	602.9	96	Circus
2	p2-map	0-1	11	19	0	823	586.6	825.9	590.9	96	1
2	p2-map	0-1	11	19	1	828.1	586.3	855.7	591.8	96	Westferry
2	p2-map	0-1	11	19	2	858.1	586.3	874.9	590.9	71	Circus
2	p2-map	0-1	11	20	0	816.8	592.1	819.4	596.2	73	»
2	p2-map	0-1	11	20	1	823	592.3	844.4	596.9	95	Chevron
2	p2-map	0-1	11	20	2	846.6	592.6	853.8	596.9	96	UK
2	p2-map	0-1	11	21	0	823	598.3	849	603.8	95	University
2	p2-map	0-1	11	21	1	850.9	598.3	856.2	602.9	95	of
2	p2-map	0-1	11	21	2	857.8	598.3	873.2	602.9	95	Wales
2	p2-map	0-1	12	22	0	848.2	661.2	869.1	668.4	95	Bright
2	p2-map	0-1	13	23	0	918.1	429.4	927.7	435.4	43	JAA
2	p2-map	0-1	13	24	0	917.1	435.6	928.6	442.6	77	me
2	p2-map	0-1	13	25	0	1001.4	474.2	1035.9	481.4	93	Westferry
2	p2-map	0-1	13	25	1	1038.8	474.2	1055.8	480.2	96	Road
2	p2-map	0-1	13	26	0	935.8	489.6	951.9	495.6	96	from
2	p2-map	0-1	13	26	1	954.8	489.6	965.6	495.6	93	the
2	p2-map	0-1	13	26	2	968.2	489.8	981.4	495.6	81	A13
2	p2-map	0-1	13	26	3	984.1	489.6	988.6	495.6	91	&
2	p2-map	0-1	13	26	4	991	489.6	1013.4	495.4	92	A1256
2	p2-map	0-1	13	26	5	1016	489.6	1037.4	496.6	96	Aspen
2	p2-map	0-1	13	26	6	1040.2	489.6	1055.6	496.6	96	Way
2	p2-map	0-1	13	27	0	1000.6	505	1035	512.2	95	Westferry
2	p2-map	0-1	13	27	1	1037.8	505	1055.1	511	95	Road
2	p2-map	0-1	13	28	0	913.5	591.6	919.3	596.6	36	Oo
2	p2-map	0-1	13	29	0	913.8	597.6	918.1	601	92	3
2	p2-map	0-1	13	30	0	913.5	601.7	919	611	36	g
2	p2-map	0-1	13	31	0	913.5	611.8	919.5	617.5	58	3
2	p2-map	0-1	13	32	0	913.8	620.2	919.3	627.4	94	=
2	p2-map	0-1	13	33	0	913.5	627.8	918.1	631.2	26	QU
2	p2-map	0-1	13	34	0	912.6	631.9	917.8	635.5	91	<
2	p2-map	0-1	14	35	0	586.2	668.2	591	674.2	0	o
2	p2-map	0-1	14	35	1	791.8	669.1	795.2	672.5	48	4
2	p2-map	0-1	14	35	2	799	671.3	801.9	675.6	48	7
2	p2-map	0-1	14	35	3	804.1	671	828.3	675.6	82	Westferr
2	p2-map	0-1	14	35	4	848.2	668.2	878.2	674.2	96	Horizons
2	p2-map	0-1	14	36	0	828.6	672.2	831.7	676.6	60	y
2	p2-map	0-1	14	37	0	575.4	673.2	587.8	684.5	66	&
2	p2-map	0-1	14	37	1	799	677	815.8	681.6	96	Circus
2	p2-map	0-1	14	37	2	848.2	675.4	861.2	682.3	96	Day
2	p2-map	0-1	14	37	3	886.6	675.4	903.7	682.3	96	Bupa
2	p2-map	0-1	14	38	0	571.8	683.8	576.8	689.8	82	Q
2	p2-map	0-1	14	38	1	779.6	684.2	786.6	688.8	41	POR
2	p2-map	0-1	14	38	2	799.3	683	842.2	687.6	0	CELETEEN
2	p2-map	0-1	14	38	3	836.2	680.9	846.6	690.2	31	EN
2	p2-map	0-1	14	38	4	848.2	682.3	881.8	689.3	88	Nursery
2	p2-map	0-1	14	38	5	878.5	680.9	882.6	690.2	92	&
2	p2-map	0-1	14	38	6	886.6	682.3	908.5	688.3	96	Dental
2	p2-map	0-1	14	39	0	568.2	686.9	573.7	693.4	34	&
2	p2-map	0-1	14	39	1	781	687.8	788.2	691.4	25	,
2	p2-map	0-1	14	39	2	809.1	689	810.1	690	62	:
2	p2-map	0-1	14	40	0	566	691.7	570.1	695.8	29	Q
2	p2-map	0-1	14	40	1	782.2	689.3	839.8	695	15	GREECE
2	p2-map	0-1	14	40	2	848.2	689.3	881.6	695.3	82	Preschool
2	p2-map	0-1	14	40	3	886.4	689.3	909.2	695.3	56	Centre)
2	p2-map	0-1	14	41	0	610.9	695	616.6	704.9	25	dS
2	p2-map	0-1	14	41	1	799	695	840.6	700.6	91	SmartestEnergy
2	p2-map	0-1	14	42	0	605.4	702.5	613.3	709.7	11	o°
2	p2-map	0-1	14	42	1	650.5	705.8	654.1	709	69	»
2	p2-map	0-1	14	42	2	799.3	701	830.2	706.6	91	BarclayCard
2	p2-map	0-1	14	43	0	600.3	707.5	607	713.5	42	<<
2	p2-map	0-1	14	44	0	586.6	712.3	601	726	25	&
2	p2-map	0-1	14	44	1	626.2	711.4	653.8	725	90	Westferry
2	p2-map	0-1	14	44	2	963.2	715	999	720.7	95	Hertsmere
2	p2-map	0-1	14	44	3	1001.8	714.7	1019.1	720.7	96	Road
2	p2-map	0-1	14	45	0	582.6	722.4	589.8	731.3	37	BY
2	p2-map	0-1	14	45	1	636.8	724.1	653.8	728.6	96	Circus
2	p2-map	0-1	14	46	0	572.5	728.4	584	737.3	35	Qf
2	p2-map	0-1	14	46	1	631	730.1	653.8	740.6	79	Hireright
2	p2-map	0-1	14	46	2	852.3	731.8	861.9	737.5	27	a
2	p2-map	0-1	14	47	0	625	736.6	635.4	740.6	13	nur
2	p2-map	0-1	14	47	1	640.6	736.3	650.7	740.6	10	Bak
2	p2-map	0-1	14	47	2	655.8	733.2	661.5	749.8	49	|
2	p2-map	0-1	14	47	3	667.3	734.2	685.5	748.8	28	Ey,
2	p2-map	0-1	14	47	4	785.8	734.4	845.8	744.7	94	Columbus
2	p2-map	0-1	14	47	5	851.4	738	862.6	744.7	73	[iii
2	p2-map	0-1	14	48	0	726.8	751.7	738.1	756.2	38	ra
2	p2-map	0-1	14	48	1	785.8	747.8	845.6	760.1	96	Courtyard
2	p2-map	0-1	14	49	0	675.9	770.9	676.2	774	68	1
2	p2-map	0-1	14	50	0	634.6	776.4	669	785	40	a
2	p2-map	0-1	14	51	0	619	780.2	657	790.3	0	aw
2	p2-map	0-1	14	51	1	650.5	779.3	657.4	792.7	0	™
2	p2-map	0-1	17	52	0	681.2	800.2	686.7	826.3	0	SNUBAY
2	p2-map	0-1	17	52	1	681.2	781.2	687	797.5	0	eIpu|
2	p2-map	0-1	17	52	2	681.2	760.6	686.7	778.3	30	19M
2	p2-map	0-1	17	53	0	712.6	800.2	718.4	826.3	32	9NUBAY
2	p2-map	0-1	17	53	1	712.6	781.2	718.6	797.5	16	eIPU|
2	p2-map	0-1	17	53	2	712.6	760.6	718.4	778.3	32	159M
2	p2-map	0-1	18	54	0	821.4	784.1	841	803.8	74	©
2	p2-map	1-0	1	55	0	100	929.1	103.1	941.6	14	-v
2	p2-map	1-0	2	56	0	127.4	780.1	135.3	827.1	80	HINOS
2	p2-map	1-0	3	57	0	535.8	826.2	551.2	830.2	25	Entra
2	p2-map	1-0	3	58	0	525.5	832.2	530.6	836.2	96	to
2	p2-map	1-0	3	58	1	532.7	832.2	541.6	836.2	83	Sea
2	p2-map	1-0	3	58	2	544	832.2	549.3	836.2	83	La
2	p2-map	1-0	4	59	0	564.4	849.9	582.6	853	0	WTSTORTC
2	p2-map	1-0	4	59	1	585.5	848.5	601.8	851.6	91	BANANA
2	p2-map	1-0	4	59	2	604.7	847.8	614.1	850.4	84	DOCH
2	p2-map	1-0	5	60	0	329	931.5	347.2	935.8	92	Société
2	p2-map	1-0	5	60	1	349.4	931.5	371.4	935.8	95	Générale
2	p2-map	1-0	5	61	0	307.8	938	320.3	941.8	96	EBRD
2	p2-map	1-0	5	61	1	322.5	937.8	348.4	942.8	86	(European
2	p2-map	1-0	5	61	2	350.8	937.5	362.8	941.8	96	Bank
2	p2-map	1-0	5	61	3	364.7	937.5	371.4	941.8	96	for
2	p2-map	1-0	5	62	0	291	943.5	328.5	947.8	93	Reconstruction
2	p2-map	1-0	5	62	1	330.6	943.8	333.8	947.8	93	&
2	p2-map	1-0	5	62	2	335.9	943.5	371.2	948.8	96	Development)
2	p2-map	1-0	7	63	0	396.2	1022	401.9	1042.6	0	199418
2	p2-map	1-0	7	63	1	396.2	1002.8	401.9	1019.4	7	Yueg
2	p2-map	1-0	8	64	0	380.1	1053.4	400	1073.1	89	©
2	p2-map	1-0	9	65	0	563.9	1080.1	573	1084.4	96	The
2	p2-map	1-0	9	65	1	575.2	1080.1	602.1	1084.4	96	Economist
2	p2-map	1-0	9	65	2	604.2	1080.1	614.1	1084.4	71	Gro
2	p2-map	1-0	10	66	0	331.4	1227	350.3	1232	62	Mofgan
2	p2-map	1-0	10	66	1	352.5	1227	371.4	1232	96	Stanley
2	p2-map	1-0	11	67	0	285.3	1261	305.2	1266.6	96	Heron
2	p2-map	1-0	11	67	1	308.3	1261	329.4	1267.8	95	Quays
2	p2-map	1-0	12	68	0	455.4	1122.3	484.2	1127.6	96	Footbridge
2	p2-map	1-0	13	69	0	518.1	1170.6	523.8	1187.8	0	NIEM
2	p2-map	1-0	13	69	1	518.1	1132.2	523.8	1167.9	0	dI1Zud)dep
2	p2-map	1-0	14	70	0	565.4	1197.7	574.5	1202	96	The
2	p2-map	1-0	14	70	1	576.9	1197.7	603.5	1202	92	Economist
2	p2-map	1-0	14	70	2	605.7	1197.7	614.1	1202	88	Grc
2	p2-map	1-0	15	71	0	552.2	1261	560.1	1265.4	79	llor
2	p2-map	1-0	15	71	1	562.2	1261.3	564.9	1265.4	62	P.
2	p2-map	1-1	1	72	0	580.9	812.2	592.6	818	95	Sea
2	p2-map	1-1	1	72	1	595.8	812.5	615.2	820.2	95	Lanes
2	p2-map	1-1	1	73	0	580.9	819.7	605.6	826.2	96	seating
2	p2-map	1-1	1	73	1	608.5	820.6	622.9	825	96	area
2	p2-map	1-1	4	74	0	681.2	800.2	686.7	826.4	0	aNUBAY
2	p2-map	1-1	4	74	1	681.2	781.3	687	797.6	9	elpu|
2	p2-map	1-1	5	75	0	712.6	800.2	718.4	826.4	14	anuaAy
2	p2-map	1-1	5	75	1	712.6	781.3	718.6	797.6	0	elpu|
2	p2-map	1-1	8	76	0	846.3	803.4	849	807.4	80	»
2	p2-map	1-1	8	76	1	853.3	803.1	859.5	807.4	96	17
2	p2-map	1-1	8	76	2	861.7	802.9	889.3	807.7	91	Columbus
2	p2-map	1-1	9	77	0	853.3	809.1	880.9	814.4	95	Courtyard
2	p2-map	1-1	10	78	0	789	820.6	792.8	823.5	84	v
2	p2-map	1-1	11	79	0	615.4	912.6	621.7	917.1	96	25
2	p2-map	1-1	11	79	1	624.1	912.6	640.6	917.1	92	Cabot
2	p2-map	1-1	11	79	2	642.8	912.6	658.9	918.1	29	Squar
2	p2-map	1-1	12	80	0	575.8	918.6	608	924.1	93	Competition
2	p2-map	1-1	12	80	1	609.9	918.6	613.5	923.1	92	&
2	p2-map	1-1	12	80	2	615.4	918.6	635.6	923.1	93	Markets
2	p2-map	1-1	12	80	3	637.3	918.6	656.7	923.1	91	Authori
2	p2-map	1-1	12	81	0	590	924.8	619.8	930.1	82	J.P.Morgan,
2	p2-map	1-1	12	81	1	621.9	924.8	641.1	930.1	93	Morgan
2	p2-map	1-1	12	81	2	643	924.6	655.8	929.1	15	Stanl:
2	p2-map	1-1	12	82	0	586.4	930.6	602	935.1	94	Office
2	p2-map	1-1	12	82	1	603.7	930.6	609	935.1	96	of
2	p2-map	1-1	12	82	2	610.9	930.6	620	935.1	90	Rail
2	p2-map	1-1	12	82	3	621.9	930.6	625.5	935.1	90	&
2	p2-map	1-1	12	82	4	627.4	930.6	642.1	935.8	93	Road,
2	p2-map	1-1	12	82	5	644	930.6	656.5	936.1	41	Spac|
2	p2-map	1-1	13	83	0	637.8	1031.6	644.7	1055.6	56	alenbs
2	p2-map	1-1	13	83	1	639	1008.6	644.7	1029	58	joqe)
2	p2-map	1-1	14	84	0	595.5	1127.4	619.8	1133.4	86	Malmin
2	p2-map	1-1	14	85	0	597.7	1134.3	619.5	1140.3	96	Dental
2	p2-map	1-1	15	86	0	605.6	1149.4	620.2	1155.2	96	Post
2	p2-map	1-1	15	87	0	599.8	1156.4	620.2	1162.4	96	Office
2	p2-map	1-1	16	88	0	592.6	1174.4	596.2	1180.2	93	k
2	p2-map	1-1	16	88	1	598.6	1174.4	619.8	1181.4	96	Sheep
2	p2-map	1-1	16	89	0	597.2	1181.4	619.8	1187.4	96	Coffee
2	p2-map	1-1	17	90	0	566	1191.4	570.8	1196	75	.0
2	p2-map	1-1	17	90	1	573.2	1191.4	589.3	1196	93	South
2	p2-map	1-1	17	90	2	593.1	1194.8	616.9	1195.3	92	Colonnad
2	p2-map	1-1	17	91	0	566	1197.4	574.6	1202	96	The
2	p2-map	1-1	17	91	1	576.8	1197.4	603.7	1202	96	Economist
2	p2-map	1-1	17	91	2	605.6	1197.4	621.4	1203	93	Group
2	p2-map	1-1	19	92	0	788.2	826.2	795.2	830.7	95	20
2	p2-map	1-1	19	92	1	797.6	826.2	825	830.7	95	Columbus
2	p2-map	1-1	19	93	0	788.2	832.2	815.8	837.4	96	Courtyard
2	p2-map	1-1	19	94	0	729.9	891.9	759.9	897.4	96	Willoughby
2	p2-map	1-1	19	94	1	762.1	892.2	783	897.4	96	Passage
2	p2-map	1-1	19	94	2	982.4	886.6	990.8	896.7	96	=
2	p2-map	1-1	19	95	0	711.9	900.6	728	915.4	40	=
2	p2-map	1-1	19	95	1	982.4	901.8	990.8	907	14	3
2	p2-map	1-1	19	96	0	982.2	911.4	990.8	916.9	77	wn
2	p2-map	1-1	19	97	0	657.4	918.8	662.2	924.1	96	ty
2	p2-map	1-1	19	98	0	657.4	925.8	662.2	930.1	23	by
2	p2-map	1-1	19	98	1	982.4	921.2	990.8	926.7	69	B
2	p2-map	1-1	19	98	2	1035	925	1063	930.8	96	Museum
2	p2-map	1-1	19	99	0	657.4	931.8	662	935.1	64	FS
2	p2-map	1-1	19	99	1	982.4	938.2	990.8	939.2	62	|
2	p2-map	1-1	19	99	2	1034.7	931.8	1041.7	944.7	28	4
2	p2-map	1-1	19	99	3	1044.3	932	1070	944.7	6	Eden
2	p2-map	1-1	19	100	0	1040.2	940.4	1070.7	944.7	48	ockKlanas
2	p2-map	1-1	19	101	0	659.8	944	675.9	960.1	75	=
2	p2-map	1-1	19	101	1	897.9	942.3	931	952.4	96	North
2	p2-map	1-1	19	101	2	936.8	942.3	966.3	952.4	95	Dock
2	p2-map	1-1	19	101	3	972.6	941.4	979	956.2	94	|
2	p2-map	1-1	19	101	4	982.4	944.7	990.8	951	85	=z
2	p2-map	1-1	19	102	0	740.5	956	757.5	976.4	35	[=
2	p2-map	1-1	19	102	1	982.4	956.2	990.8	962.5	0	Z
2	p2-map	1-1	19	103	0	774.1	976.9	777	980.7	83	»
2	p2-map	1-1	19	103	1	780.3	976.4	783	981	90	1
2	p2-map	1-1	19	103	2	785.4	976.4	801.7	981	90	Cabot
2	p2-map	1-1	19	103	3	804.1	976.4	817.5	981.7	92	Squa
2	p2-map	1-1	19	103	4	982.4	973.8	990.8	980.7	89	>
2	p2-map	1-1	19	104	0	779.8	982.4	808.2	987.7	88	J.P.Morgan
2	p2-map	1-1	19	105	0	982.2	992	990.8	999.2	23	®)
2	p2-map	1-1	19	106	0	982.2	1004	990.8	1010	58	(an
2	p2-map	1-1	19	107	0	982.4	1014.6	990.8	1021.8	79	>
2	p2-map	1-1	19	108	0	982.4	1024.9	990.8	1031.4	65	<
2	p2-map	1-1	20	109	0	760.4	1036.4	762.6	1040	62	h
2	p2-map	1-1	20	110	0	763.3	1031.8	767.4	1055.6	0	o4ennDS
2	p2-map	1-1	20	110	1	763.3	1022.2	767.1	1029	50	0
2	p2-map	1-1	21	111	0	665.8	1035.4	700.4	1045.8	96	Cabot
2	p2-map	1-1	21	111	1	704.2	1035.7	744.8	1047.7	96	Square
2	p2-map	1-1	22	112	0	806.7	1035.2	825.2	1041.2	95	Wren
2	p2-map	1-1	22	112	1	828.3	1035.2	855.4	1042.4	96	Landing
2	p2-map	1-1	23	113	0	776	1066.9	779.4	1070.2	95	4
2	p2-map	1-1	24	114	0	779.6	1074.3	786.3	1078.9	96	10
2	p2-map	1-1	24	114	1	788.7	1074.3	805	1078.9	96	Cabot
2	p2-map	1-1	25	115	0	813.7	1073.6	826.2	1079.6	76	The
2	p2-map	1-1	25	116	0	779.4	1078.9	798.6	1088	96	Square
2	p2-map	1-1	25	116	1	813.7	1080.6	841.3	1086.6	96	Cocktail
2	p2-map	1-1	25	116	2	844.2	1080.6	859.5	1086.6	96	Club
2	p2-map	1-1	26	117	0	684.1	1106.5	719.4	1112.5	90	Wharfside
2	p2-map	1-1	26	117	1	722.2	1106.7	733.5	1112.5	96	Car
2	p2-map	1-1	26	117	2	735.9	1106.7	753.7	1112.5	96	Valet
2	p2-map	1-1	26	118	0	684.1	1113.7	704.5	1119.4	96	Cabot
2	p2-map	1-1	26	118	1	707.1	1113.7	733	1120.6	96	Square,
2	p2-map	1-1	26	118	2	735.9	1113.7	751.5	1119.4	92	level
2	p2-map	1-1	26	118	3	754.6	1113.7	761.1	1119.4	91	-2
2	p2-map	1-1	27	119	0	665.6	1145.1	680.7	1151.1	89	Café
2	p2-map	1-1	27	119	1	689.4	1145.4	718.6	1151.4	89	Boisdale
2	p2-map	1-1	27	120	0	665.8	1152.6	683.8	1158.3	96	Brera
2	p2-map	1-1	27	120	1	689.1	1152.3	696.1	1158.3	96	of
2	p2-map	1-1	27	120	2	698.5	1152.6	722.5	1159.5	96	Canary
2	p2-map	1-1	27	121	0	689.1	1159.3	710.5	1165.3	96	Wharf
2	p2-map	1-1	27	122	0	665.6	1168.9	683.8	1174.6	75	Ted’s
2	p2-map	1-1	27	123	0	665.8	1175.8	699.9	1182.8	95	Grooming
2	p2-map	1-1	27	124	0	666.1	1183	685.8	1188.8	96	Room
2	p2-map	1-1	28	125	0	762.8	1159.3	780.1	1174.6	26	o
2	p2-map	1-1	29	126	0	772.9	1189.3	775.8	1193.1	86	»
2	p2-map	1-1	29	126	1	779.1	1188.8	782	1193.4	93	5
2	p2-map	1-1	29	126	2	784.6	1188.8	800	1193.4	93	North
2	p2-map	1-1	29	126	3	802.6	1188.6	832.4	1193.4	96	Colonnade
2	p2-map	1-1	30	127	0	889.5	1170.1	895.5	1187.6	0	MIeM
2	p2-map	1-1	30	127	1	889.5	1126.4	895.5	1167.4	0	S.uewaysiy
2	p2-map	1-1	32	128	0	822.3	1225.8	855.2	1231.8	96	Blacklock
2	p2-map	1-1	34	129	0	1027	1148.5	1052.7	1154.5	96	London
2	p2-map	1-1	34	130	0	1027	1155.7	1054.4	1161.4	96	Marriott
2	p2-map	1-1	34	131	0	1027	1162.4	1045	1168.4	95	Hotel
2	p2-map	1-1	34	131	1	1047.9	1162.6	1071.9	1169.6	95	Canary
2	p2-map	1-1	34	132	0	1026.8	1169.6	1048.2	1175.4	96	Wharf
2	p2-map	1-1	34	133	0	1027	1176.6	1048.6	1183.5	96	Lobby
2	p2-map	1-1	34	133	1	1051.3	1176.8	1076.7	1183.5	96	Lounge
2	p2-map	1-1	34	134	0	1027	1183.8	1038.3	1189.5	93	Bar
2	p2-map	1-1	34	134	1	1040.7	1183.5	1045.3	1189.5	91	&
2	p2-map	1-1	34	135	0	1027	1190.5	1063.3	1198.6	95	Manhattan
2	p2-map	1-1	35	136	0	1027	1197.4	1040.5	1203.4	95	Grill
2	p2-map	2-0	4	137	0	468.6	1306.2	481.1	1314.9	28	a
2	p2-map	2-0	4	137	1	497	1310.3	498.2	1316.8	86	|
2	p2-map	2-0	4	138	0	503	1315.1	526.5	1325.7	31	0%
2	p2-map	2-0	4	139	0	496.5	1320.2	499.1	1326.2	70	[=
2	p2-map	2-0	4	139	1	510.9	1324.7	512.3	1325	0	b
2	p2-map	2-0	4	139	2	521	1321.1	525.3	1324.5	44	[+1]
2	p2-map	2-0	4	140	0	521	1325.2	525.3	1328.6	66	[2]
2	p2-map	2-0	4	141	0	513.3	1329.3	526.7	1332.6	25	xX
2	p2-map	2-0	4	142	0	498.4	1333.4	499.8	1336.7	0	o
2	p2-map	2-0	4	142	1	521	1333.1	525.3	1336.7	69	o
2	p2-map	2-0	4	143	0	336.4	1338.9	342.6	1343.4	96	25
2	p2-map	2-0	4	143	1	345.3	1338.9	358.7	1343.4	96	Bank
2	p2-map	2-0	4	143	2	361.1	1338.9	377.7	1343.4	79	Street
2	p2-map	2-0	4	143	3	382.7	1339.6	385.1	1343.2	50	«
2	p2-map	2-0	4	143	4	435.8	1334.1	445.1	1348.5	17	RB
2	p2-map	2-0	4	143	5	456.4	1325.2	476.8	1345.6	21	-
2	p2-map	2-0	4	143	6	499.6	1339.8	501	1342	72	1
2	p2-map	2-0	4	143	7	512.8	1336	514.2	1344.4	71	|
2	p2-map	2-0	4	143	8	521	1337.7	525.3	1344.9	34	=
2	p2-map	2-0	4	144	0	349.6	1345.1	377.4	1350.2	61	J.P.Morgan
2	p2-map	2-0	4	144	1	474.9	1343.2	480.4	1352.3	32	y
2	p2-map	2-0	4	144	2	521	1345.8	526.7	1351.1	35	©
2	p2-map	2-0	4	145	0	403.6	1345.1	422.1	1363.6	0	Co)
2	p2-map	2-0	4	145	1	438.9	1358.1	440.8	1360.7	12	5
2	p2-map	2-0	4	145	2	470.3	1359.5	473.4	1360.7	58	~
2	p2-map	2-0	4	145	3	509.2	1353.5	526.5	1360.7	43	=
2	p2-map	2-0	4	146	0	521	1361.4	526.7	1366.7	52	=
2	p2-map	2-0	4	147	0	428.3	1367	430.5	1367.2	19	=
2	p2-map	2-0	4	147	1	450.6	1370.8	453	1371	0	a
2	p2-map	2-0	4	147	2	496.5	1370.6	498.6	1371	0	a
2	p2-map	2-0	4	147	3	521	1367.9	526.7	1371	46	Fy
2	p2-map	2-0	4	148	0	438.4	1374.2	439.8	1375.6	31	E
2	p2-map	2-0	4	148	1	451.8	1372.7	453.3	1375.4	64	a
2	p2-map	2-0	4	148	2	491.2	1372.7	492.9	1375.4	86	>
2	p2-map	2-0	4	149	0	451.8	1380.9	455.2	1383.5	0	—
2	p2-map	2-0	4	149	1	485.9	1382.6	489	1386.4	79	-
2	p2-map	2-0	4	149	2	596.1	1381.4	602.8	1385.9	96	30
2	p2-map	2-0	4	149	3	605.2	1381.4	614.1	1385.9	71	Sot
2	p2-map	2-0	4	150	0	432.6	1386.4	445.1	1390.7	57	=
2	p2-map	2-0	4	150	1	451.6	1393.1	453.8	1393.6	84	&
2	p2-map	2-0	4	150	2	471.8	1392.2	473.7	1393.4	38	=
2	p2-map	2-0	4	150	3	481.8	1385.2	485.9	1387.8	76	=
2	p2-map	2-0	4	150	4	591.5	1387.4	613.8	1391.9	96	Colonna
2	p2-map	2-0	4	151	0	404.8	1391.4	420.9	1407.5	48	BE.
2	p2-map	2-0	4	151	1	609.5	1396.7	613.8	1402.5	50	i
2	p2-map	2-0	4	152	0	428.8	1403.2	436	1406.1	42	z=
2	p2-map	2-0	4	152	1	608.6	1402.7	611.9	1409.4	47	bi
2	p2-map	2-0	4	153	0	214.5	1415.7	224.1	1421.4	48	$52
2	p2-map	2-0	4	153	1	438.2	1418.1	453.5	1422.4	42	as
2	p2-map	2-0	4	153	2	471.8	1416.9	475.4	1418.1	72	=
2	p2-map	2-0	4	153	3	532.2	1416.2	538	1421	55	oO
2	p2-map	2-0	4	153	4	547.1	1415.9	572.1	1422.9	0	VIS
2	p2-map	2-0	4	153	5	587	1415.9	600.6	1422.9	0	oP
2	p2-map	2-0	4	154	0	217.6	1421.9	221	1428.6	48	ji]
2	p2-map	2-0	4	154	1	238.5	1423.4	248.3	1428.2	80	West
2	p2-map	2-0	4	154	2	251.2	1423.4	299	1429.1	89	Wintergarden
2	p2-map	2-0	4	154	3	439.4	1428.4	443.4	1429.8	0	i
2	p2-map	2-0	4	154	4	449	1425.5	477.5	1431.3	24	——
2	p2-map	2-0	4	154	5	532.2	1423.4	536.6	1433	24	©
2	p2-map	2-0	4	154	6	547.1	1427	551.2	1430.3	0	§
2	p2-map	2-0	4	154	7	557.2	1424.1	599.2	1434.2	0	F332
2	p2-map	2-0	4	155	0	531	1433.4	538	1439.2	65	Q
2	p2-map	2-0	4	155	1	547.1	1433.2	551.2	1437.8	63	q
2	p2-map	2-0	4	155	2	566.3	1434.9	572.1	1439.9	72	a
2	p2-map	2-0	4	155	3	576.6	1433	581	1440.6	0	Y
2	p2-map	2-0	4	155	4	587	1431.3	599.2	1438.7	89	2.3
2	p2-map	2-0	4	156	0	157.1	1434.2	185.9	1445.9	95	Footbridge
2	p2-map	2-0	4	156	1	418	1439.9	464.6	1445.7	92	Reuters|Plaza
2	p2-map	2-0	4	156	2	487.8	1441.1	523.4	1447.1	89	BrickLane
2	p2-map	2-0	4	156	3	532.2	1440.4	536.6	1448.1	89	3
2	p2-map	2-0	4	156	4	545.9	1438.5	551.2	1450	58	§
2	p2-map	2-0	4	156	5	576.6	1441.6	581.2	1449	0	RN
2	p2-map	2-0	4	156	6	585.8	1439.4	600.6	1446.9	55	<3
2	p2-map	2-0	4	157	0	492.9	1448.8	511.6	1455.8	95	Bagel
2	p2-map	2-0	4	157	1	514.7	1448.8	523.4	1454.6	95	Co
2	p2-map	2-0	4	157	2	576.6	1449.8	581	1452.6	82	2
2	p2-map	2-0	5	158	0	257.4	1493.9	264.6	1498.5	96	40
2	p2-map	2-0	5	158	1	267.3	1493.9	280.7	1498.5	95	Bank
2	p2-map	2-0	5	158	2	283.1	1493.9	299.7	1498.5	96	Street
2	p2-map	2-0	6	159	0	253.4	1432	259.6	1436.3	95	35
2	p2-map	2-0	6	159	1	262.2	1432	275.4	1436.3	95	Bank
2	p2-map	2-0	6	159	2	277.8	1432	294.6	1436.3	89	Street
2	p2-map	2-0	6	159	3	298.7	1432.7	301.4	1436.6	79	«
2	p2-map	2-0	6	160	0	273.8	1442.6	278.1	1449.5	44	7
2	p2-map	2-0	6	160	1	301.6	1433.9	321.3	1453.6	88	©
2	p2-map	2-0	7	161	0	245.4	1499.9	259.1	1504.5	96	China
2	p2-map	2-0	7	161	1	261.5	1499.9	280	1504.5	96	Unicom
2	p2-map	2-0	7	161	2	282.2	1500.2	299.7	1505.2	96	Europe
2	p2-map	2-0	7	162	0	302.8	1505.9	305.4	1509.8	58	4
2	p2-map	2-0	8	163	0	446.1	1469	461.7	1471.8	96	CANARY
2	p2-map	2-0	8	163	1	463.1	1469	476.8	1471.6	96	WHARF
2	p2-map	2-0	9	164	0	445.6	1497.8	490.5	1505	96	Underground
2	p2-map	2-0	9	165	0	445.6	1505	468.9	1510.7	95	Station
2	p2-map	2-0	9	165	1	471.8	1505	489.3	1510.7	96	West
2	p2-map	2-0	9	166	0	445.6	1511.9	475.1	1517.7	96	Entrance
2	p2-map	2-0	10	167	0	558.9	1507.1	565.1	1511.4	96	33
2	p2-map	2-0	10	167	1	567.8	1507.1	587.9	1511.4	96	Canada
2	p2-map	2-0	10	167	2	590.6	1507.1	609.8	1512.4	92	Square
2	p2-map	2-0	10	167	3	612.9	1509	614.1	1510.7	88	-
2	p2-map	2-0	11	168	0	127.4	1519.6	135	1557.3	0	AVINO
2	p2-map	2-0	11	168	1	127.4	1461.3	135	1508.3	91	HINOS
2	p2-map	2-0	12	169	0	254.1	1567.1	260.6	1571.4	96	43
2	p2-map	2-0	12	169	1	263.2	1566.9	276.4	1571.4	96	Bank
2	p2-map	2-0	12	169	2	279	1567.1	295.6	1571.4	88	Street
2	p2-map	2-0	12	169	3	298.7	1567.6	301.4	1571.4	63	«
2	p2-map	2-0	13	170	0	244.5	1579.1	257	1584.9	93	The
2	p2-map	2-0	13	170	1	259.8	1579.1	287.2	1586.1	92	Pelligon
2	p2-map	2-0	14	171	0	319.1	1578.2	324.9	1599	62	190.415
2	p2-map	2-0	14	171	1	319.1	1559	324.9	1575.5	0	ueg
2	p2-map	2-0	15	172	0	445.6	1616.6	490.7	1623.5	96	Underground
2	p2-map	2-0	15	173	0	445.6	1623.5	469.1	1629.5	96	Station
2	p2-map	2-0	15	173	1	472.2	1623.8	486.2	1629.5	96	East
2	p2-map	2-0	15	174	0	445.6	1630.7	475.1	1636.5	96	Entrance
2	p2-map	2-0	16	175	0	558.9	1625.2	565.1	1629.5	96	25
2	p2-map	2-0	16	175	1	567.8	1625	587.9	1629.5	96	Canada
2	p2-map	2-0	16	175	2	590.6	1625.2	609.8	1630.5	92	Square
2	p2-map	2-0	16	175	3	612.4	1626.4	614.1	1629	60	«
2	p2-map	2-0	17	176	0	252.9	1645.1	259.6	1649.4	96	50
2	p2-map	2-0	17	176	1	262.2	1645.1	275.7	1649.4	96	Bank
2	p2-map	2-0	17	176	2	277.8	1645.1	294.6	1649.4	92	Street
2	p2-map	2-0	17	176	3	296.8	1646.3	299.4	1650.2	39	¢
2	p2-map	2-0	17	177	0	257	1651.1	280	1655.4	96	Northern
2	p2-map	2-0	17	177	1	281.9	1651.1	294.6	1655.4	96	Trust
2	p2-map	2-0	18	178	0	312.6	1728.2	316.5	1730.8	88	v
2	p2-map	2-0	18	179	0	311.4	1733.7	318.2	1738.2	96	10
2	p2-map	2-0	18	179	1	320.6	1733.9	337.4	1739	96	Upper
2	p2-map	2-0	18	179	2	340	1733.7	353.2	1738	96	Bank
2	p2-map	2-0	18	179	3	355.6	1733.7	372.4	1738.2	96	Street
2	p2-map	2-0	18	180	0	311.4	1739.7	330.4	1744	95	Clifford
2	p2-map	2-0	18	180	1	332.6	1739.7	351.3	1744.2	95	Chance
2	p2-map	2-0	19	181	0	508.5	1689.5	525.3	1707.3	50	a)
2	p2-map	2-0	19	181	1	529.4	1690.5	550	1697.2	95	Upper
2	p2-map	2-0	20	182	0	504.6	1710.4	514	1716.2	27	JAA
2	p2-map	2-0	20	183	0	503.7	1716.6	515	1723.4	44	fr
2	p2-map	2-0	20	184	0	501.8	1725.8	512.3	1731.5	96	Lift
2	p2-map	2-0	20	184	1	515.2	1727.2	537.3	1731.5	96	access
2	p2-map	2-0	20	185	0	501.3	1734.2	508	1739.4	95	to
2	p2-map	2-0	20	185	1	510.9	1733.7	535.1	1739.4	96	Station
2	p2-map	2-0	21	186	0	552.9	1690.2	569.7	1696	96	Bank
2	p2-map	2-0	21	186	1	572.3	1690.2	593	1696	96	Street
2	p2-map	2-0	22	187	0	311.4	1745.7	348.9	1750.2	23	Deutsche-Bank
2	p2-map	2-0	22	188	0	311.7	1751.7	329.2	1757	95	Infosys
2	p2-map	2-1	2	189	0	665.1	1279.8	676.6	1288.2	23	FL]
2	p2-map	2-1	2	189	1	680.5	1278.4	704.2	1285.4	96	Canary
2	p2-map	2-1	2	189	2	706.9	1278.2	728	1284.2	96	Wharf
2	p2-map	2-1	2	189	3	731.8	1279.8	743.1	1288.2	16	ii
2	p2-map	2-1	3	190	0	656	1299.8	704.2	1313.7	96	Cabot
2	p2-map	2-1	3	190	1	711.2	1299.8	753.7	1313.7	96	Place
2	p2-map	2-1	4	191	0	964.2	1281.8	981.7	1287.3	92	West
2	p2-map	2-1	4	191	1	984.8	1281.5	1000.9	1287.3	96	India
2	p2-map	2-1	4	191	2	1003.8	1281.5	1021.5	1288.5	96	Quay
2	p2-map	2-1	5	192	0	792.1	1344.2	794.7	1348	88	»
2	p2-map	2-1	5	192	1	796.9	1343.7	803.1	1348.2	96	25
2	p2-map	2-1	5	192	2	805.8	1343.7	821.1	1348.2	96	North
2	p2-map	2-1	5	192	3	823.8	1343.7	853.3	1348.2	96	Colonnade
2	p2-map	2-1	6	193	0	796.9	1349.7	808.2	1354	95	ANZ
2	p2-map	2-1	6	193	1	810.3	1349.7	823	1354	96	Bank
2	p2-map	2-1	6	194	0	596	1381.4	602.7	1385.9	96	30
2	p2-map	2-1	6	194	1	605.4	1381.4	621	1385.9	90	South
2	p2-map	2-1	6	194	2	624.6	1382.3	627.2	1386.2	91	«
2	p2-map	2-1	6	195	0	591.4	1387.4	621.2	1391.9	96	Colonnade
2	p2-map	2-1	6	195	1	926.7	1384.7	946.6	1387.6	96	ELIZABETH
2	p2-map	2-1	6	195	2	948.3	1384.7	956.5	1387.6	96	LINE
2	p2-map	2-1	6	196	0	609.7	1396.5	619	1402.5	0	rN
2	p2-map	2-1	6	196	1	638.2	1393.6	644.7	1405.6	0	i.
2	p2-map	2-1	6	196	2	993.7	1397.7	1007.8	1402.7	93	Street
2	p2-map	2-1	6	196	3	1010	1397.7	1020.3	1404.4	89	level
2	p2-map	2-1	6	196	4	1022.2	1398.9	1037.4	1402.7	96	access
2	p2-map	2-1	6	197	0	608.7	1402.7	611.8	1409.7	38	:
2	p2-map	2-1	6	197	1	639.2	1405.4	643.5	1413.5	89	2
2	p2-map	2-1	6	197	2	773.4	1403.4	784.6	1416.6	38	iii
2	p2-map	2-1	6	197	3	863.6	1409.9	877.8	1415	82	Street
2	p2-map	2-1	6	197	4	879.7	1409.9	890	1415	96	level
2	p2-map	2-1	6	197	5	892.2	1411.1	907.3	1415	95	access
2	p2-map	2-1	6	197	6	993.7	1403.7	1024.6	1415	2	esr
2	p2-map	2-1	6	197	7	1035.2	1403.7	1041.7	1415.9	14	iay
2	p2-map	2-1	6	198	0	566	1415.9	572	1423.4	45	g
2	p2-map	2-1	6	198	1	586.9	1415.9	600.6	1422.9	0	o>
2	p2-map	2-1	6	198	2	638.2	1413.3	645	1424.6	4	Es
2	p2-map	2-1	6	198	3	804.3	1414	828.1	1420	96	Adams
2	p2-map	2-1	6	198	4	831	1414.2	848.5	1420	96	Plaza
2	p2-map	2-1	6	198	5	866.5	1416.2	871	1421	94	tp
2	p2-map	2-1	6	198	6	873	1415.9	892.6	1421	93	Crossrail
2	p2-map	2-1	6	198	7	895	1415.9	907.3	1421	95	Place
2	p2-map	2-1	6	198	8	993.7	1416.6	998.2	1421.2	57	°
2	p2-map	2-1	6	199	0	566.5	1424.1	570.8	1429.8	87	3
2	p2-map	2-1	6	199	1	576.8	1425.8	581.1	1427.9	49	I
2	p2-map	2-1	6	199	2	586.9	1424.6	599.1	1430.3	55	ng
2	p2-map	2-1	6	199	3	638.2	1422.2	645.4	1430.6	0	[*)
2	p2-map	2-1	6	199	4	838.9	1427.9	839.8	1428.6	90	=
2	p2-map	2-1	6	199	5	871	1423.4	874.4	1427.2	58	[a
2	p2-map	2-1	6	199	6	876.8	1420.7	892.2	1429.8	58	Adams
2	p2-map	2-1	6	199	7	894.3	1420.7	907	1429.8	92	Plaza
2	p2-map	2-1	6	200	0	566.5	1430.6	572.2	1435.8	32	©»
2	p2-map	2-1	6	200	1	576.8	1428.6	582.6	1436.3	48	5
2	p2-map	2-1	6	200	2	586.9	1429.8	599.4	1434.9	42	a3
2	p2-map	2-1	6	200	3	639.2	1428.4	645	1434.2	8	°
2	p2-map	2-1	6	200	4	657.2	1432.2	658.9	1434.9	61	|
2	p2-map	2-1	6	200	5	708.6	1428.4	729.2	1438.5	94	ada
2	p2-map	2-1	6	200	6	783.7	1427.7	807.4	1433.7	95	Adams
2	p2-map	2-1	6	200	7	810.3	1427.7	828.1	1433.7	96	Plaza
2	p2-map	2-1	6	200	8	831.2	1427.7	853.5	1434.6	96	Bridge
2	p2-map	2-1	6	200	9	891.7	1428.4	913.3	1434.4	93	Bridge
2	p2-map	2-1	6	200	10	910.2	1426.2	914.2	1435.6	40	®
2	p2-map	2-1	6	201	0	566.5	1435.6	600.8	1440.6	38	==
2	p2-map	2-1	6	201	1	639.2	1435.1	643.5	1439	66	=]
2	p2-map	2-1	6	202	0	566.5	1440.6	581.1	1444.7	26	oN
2	p2-map	2-1	6	202	1	585.7	1439.4	599.4	1445	32	<3
2	p2-map	2-1	6	202	2	639.2	1439.9	643.5	1447.4	95	3
2	p2-map	2-1	6	203	0	566.5	1445	581.1	1452.6	48	52
2	p2-map	2-1	6	203	1	595	1445.9	600.8	1446.9	50	3
2	p2-map	2-1	6	203	2	639.2	1448.3	645	1456.2	49	5
2	p2-map	2-1	6	203	3	693.4	1443.5	726.3	1453.4	86	quare
2	p2-map	2-1	6	203	4	877.8	1455.3	878.5	1456	80	|
2	p2-map	2-1	6	203	5	924.6	1446.6	928.9	1453.6	70	5
2	p2-map	2-1	6	204	0	639.2	1457	643.5	1460.6	88	®
2	p2-map	2-1	6	204	1	774.3	1454.3	783.7	1460.3	31	KAA
2	p2-map	2-1	6	204	2	873.7	1455.3	890.5	1461.3	95	kiosk
2	p2-map	2-1	6	204	3	919	1449.3	930.3	1459.6	31	&
2	p2-map	2-1	6	205	0	773.4	1460.6	784.6	1467.5	0	i
2	p2-map	2-1	6	206	0	644.5	1467	661	1489.1	62	[£]
2	p2-map	2-1	6	206	1	938.2	1473	947.8	1478.8	8	=
2	p2-map	2-1	6	207	0	937.3	1479.3	948.8	1486.2	54	Te
2	p2-map	2-1	7	208	0	567.7	1507.1	588.1	1511.4	95	Canada
2	p2-map	2-1	7	208	1	590.5	1507.1	609.7	1512.4	93	Square
2	p2-map	2-1	7	208	2	613	1508.1	615.4	1511.9	88	«
2	p2-map	2-1	7	209	0	601.3	1513.1	609.4	1517.4	96	Citi
2	p2-map	2-1	8	210	0	786.1	1512.2	788.7	1516.5	96	5
2	p2-map	2-1	8	210	1	791.4	1511.9	811.5	1516.5	96	Canada
2	p2-map	2-1	8	210	2	814.2	1512.2	833.4	1517.2	96	Square
2	p2-map	2-1	8	211	0	781.5	1518.2	784.2	1522	79	»
2	p2-map	2-1	8	211	1	786.1	1518.2	813.2	1523.2	96	Thompson
2	p2-map	2-1	8	211	2	815.4	1518.2	834.8	1522.5	96	Reuters
2	p2-map	2-1	8	212	0	786.3	1523.9	807.4	1528.5	91	Refinitiv
2	p2-map	2-1	9	213	0	625	1537.4	637.5	1552	85	o
2	p2-map	2-1	9	213	1	645	1530.2	664.2	1553	66	[il
2	p2-map	2-1	10	214	0	792.8	1575.5	795.4	1579.4	83	»
2	p2-map	2-1	10	214	1	798.8	1575.5	801.7	1579.8	96	8
2	p2-map	2-1	10	214	2	804.1	1575.5	824.5	1579.8	96	Canada
2	p2-map	2-1	10	214	3	826.9	1575.5	846.1	1580.8	96	Square
2	p2-map	2-1	10	215	0	799	1581.5	813	1585.8	96	HSBC
2	p2-map	2-1	10	215	1	815.1	1581.8	822.3	1585.8	96	UK
2	p2-map	2-1	11	216	0	646.2	1587	706.4	1601	96	Canada
2	p2-map	2-1	11	216	1	713.8	1587	756.1	1601	95	Place
2	p2-map	2-1	12	217	0	879.4	1566.2	948.6	1580.3	94	Crossrail
2	p2-map	2-1	12	217	1	956	1566.2	998.5	1580.3	96	Place
2	p2-map	2-1	13	218	0	639.2	1619.7	644.7	1623.8	0	.
2	p2-map	2-1	13	218	1	910.2	1605.8	926	1621.8	47	2]
2	p2-map	2-1	13	219	0	567.7	1625	588.1	1629.5	96	Canada
2	p2-map	2-1	13	219	1	590.5	1625.2	609.7	1630.5	92	Square
2	p2-map	2-1	13	219	2	612.3	1625.9	615	1629.5	70	<
2	p2-map	2-1	13	219	3	639.2	1624.5	643.5	1632.2	14	E
2	p2-map	2-1	13	220	0	601.3	1630.2	609.4	1637.7	95	Citi
2	p2-map	2-1	13	220	1	639.2	1632.9	643.5	1639.4	29	2
2	p2-map	2-1	13	220	2	652.4	1634.8	661.3	1638.6	39	ym
2	p2-map	2-1	13	221	0	639.2	1641.8	644.7	1651.6	60	A
2	p2-map	2-1	13	221	1	651.2	1641	662.5	1647.8	35	111
2	p2-map	2-1	13	222	0	638	1652.3	643.5	1656.2	8	£
2	p2-map	2-1	13	222	1	745.8	1654	754.4	1657.8	15	7
2	p2-map	2-1	13	222	2	762.3	1647.5	780.6	1662.2	63	©
2	p2-map	2-1	13	223	0	638.2	1653.8	643.3	1661.9	87	[=
2	p2-map	2-1	13	223	1	745.3	1658.6	754.9	1660	0	A54
2	p2-map	2-1	13	223	2	935.6	1655.9	957	1661	92	eScooter
2	p2-map	2-1	13	223	3	958.6	1655.9	967	1661.9	96	bay
2	p2-map	2-1	13	224	0	638.2	1660.2	643.5	1669.4	0	I]
2	p2-map	2-1	13	224	1	744.3	1660.2	755.8	1667.2	57	Te
2	p2-map	2-1	13	224	2	935.8	1662.4	956.2	1667.4	94	roadside
2	p2-map	2-1	13	224	3	957.9	1663.6	963.7	1667.4	94	on
2	p2-map	2-1	13	224	4	1024.9	1662.9	1031.1	1667.2	96	55
2	p2-map	2-1	13	224	5	1033.8	1662.9	1050.6	1668.2	96	Upper
2	p2-map	2-1	13	225	0	639.2	1668.4	643.5	1671.8	55	©
2	p2-map	2-1	13	225	1	935.8	1668.9	950.5	1674.9	96	Upper
2	p2-map	2-1	13	225	2	952.2	1668.6	963.9	1673.9	96	Bank
2	p2-map	2-1	13	225	3	965.6	1668.6	980	1673.9	96	Street
2	p2-map	2-1	13	225	4	1025.1	1669.8	1038.3	1674.4	96	Bank
2	p2-map	2-1	13	225	5	1040.7	1669.8	1057.5	1674.4	96	Street
2	p2-map	2-1	13	226	0	862.2	1679.7	876.3	1691	67	eet
2	p2-map	2-1	13	226	1	878.5	1679.7	888.8	1691	53	lo
2	p2-map	2-1	13	226	2	890.7	1680.9	905.8	1684.7	94	access
2	p2-map	2-1	13	227	0	856.6	1686.4	861.2	1691	96	to
2	p2-map	2-1	13	227	1	866.5	1686.2	881.6	1691	85	Crossrail
2	p2-map	2-1	13	227	2	885.4	1685.2	896.5	1693.4	96	Place
2	p2-map	2-1	13	227	3	899.1	1686.2	905.8	1691	96	via
2	p2-map	2-1	13	228	0	566.2	1690.2	569.6	1696	93	k
2	p2-map	2-1	13	228	1	572.2	1690.2	592.9	1696	96	Street
2	p2-map	2-1	13	228	2	789.2	1689.5	809.8	1696.2	96	Upper
2	p2-map	2-1	13	228	3	813	1689.5	829.5	1695.3	96	Bank
2	p2-map	2-1	13	228	4	832.2	1689.5	852.8	1695.3	82	Street
2	p2-map	2-1	13	228	5	861.9	1692.6	876.3	1698.4	0	(jpher
2	p2-map	2-1	13	228	6	878.2	1692.4	890	1697.4	89	Bank
2	p2-map	2-1	13	228	7	891.7	1692.6	905.8	1697.4	93	Street
2	p2-map	2-1	13	229	0	986.7	1706.8	1017	1712.6	95	Crossrail
2	p2-map	2-1	13	229	1	1019.8	1706.8	1038.3	1712.6	96	Place
2	p2-map	2-1	13	230	0	838.2	1715	845.4	1725.5	95	15
2	p2-map	2-1	13	230	1	986.7	1715.9	998.2	1721.4	95	Arc
2	p2-map	2-1	13	230	2	1001.1	1715.9	1040.7	1722.6	95	Community
2	p2-map	2-1	13	231	0	656.7	1730.6	658.6	1732.5	69	|
2	p2-map	2-1	13	231	1	803.4	1726.2	823.8	1730.6	96	Canada
2	p2-map	2-1	13	231	2	826.2	1726.2	845.4	1731.5	96	Square
2	p2-map	2-1	13	231	3	938.2	1725.3	947.8	1731.3	33	JAA
2	p2-map	2-1	13	231	4	987	1725	1010.5	1731.5	90	Barry’s
2	p2-map	2-1	13	232	0	632.5	1730.8	696.1	1742.8	93	Waitrose
2	p2-map	2-1	13	232	1	701.4	1730.8	710.7	1742.8	93	&
2	p2-map	2-1	13	232	2	716.5	1731	775.5	1742.8	95	Partners
2	p2-map	2-1	13	232	3	830.2	1732.2	845.1	1736.6	47	fe
2	p2-map	2-1	13	232	4	937.3	1731.5	948.8	1738.5	80	m
2	p2-map	2-1	13	232	5	987	1733.9	997.5	1740.6	95	Big
2	p2-map	2-1	13	232	6	1000.9	1733.9	1016	1740.6	90	Easy
2	p2-map	2-1	13	233	0	987	1743	1004	1749.5	95	Bupa
2	p2-map	2-1	13	233	1	1007.1	1742.8	1028.7	1747.4	93	Health
2	p2-map	2-1	13	233	2	1031.6	1742.8	1035.9	1747.4	93	&
2	p2-map	2-1	13	233	3	1039	1742.8	1060.6	1747.4	95	Dental
2	p2-map	2-1	13	233	4	1063.8	1742.8	1079.1	1747.4	96	Cent
2	p2-map	2-1	13	234	0	987	1751.7	1004.5	1757.4	90	Caffé
2	p2-map	2-1	13	234	1	1007.6	1751.9	1023.7	1757.4	96	Nero
2	p2-map	3-0	5	235	0	146.8	1907.8	181.1	1917.8	96	South
2	p2-map	3-0	5	235	1	186.9	1907.8	216.6	1917.8	96	Dock
2	p2-map	3-0	6	236	0	315.3	2074.6	330.9	2079.1	95	Wood
2	p2-map	3-0	6	236	1	332.8	2074.6	348.9	2079.1	96	Wharf
2	p2-map	3-0	6	237	0	315.5	2080.6	349.4	2085.8	95	Kindergarten
2	p2-map	3-0	7	238	0	252.4	2176.3	258.6	2194.6	47	fenp
2	p2-map	3-0	7	238	1	250	2145.1	257	2173.9	0	AnocieH
2	p2-map	3-0	8	239	0	387.5	2078.9	414.2	2084.2	95	Vagabond
2	p2-map	3-0	9	240	0	432.6	1991.8	438.4	2012.6	40	1991S
2	p2-map	3-0	9	240	1	432.6	1968.2	438.4	1989.4	0	918M
2	p2-map	3-0	10	241	0	545.7	1957.9	548.6	1962.2	91	m
2	p2-map	3-0	11	242	0	471.8	1893.1	515.2	1900.3	89	Bellmouth
2	p2-map	3-0	11	242	1	519.3	1893.4	553.4	1901.8	91	Passage
2	p2-map	3-0	12	243	0	311.2	1757.8	339.3	1768.1	20	REED
2	p2-map	3-0	12	243	1	435	1759.9	480.9	1769	91	Underground
2	p2-map	3-0	12	243	2	483.5	1759.9	508	1765.9	95	Station
2	p2-map	3-0	12	244	0	435	1768.1	466	1773.8	91	Fosterito
2	p2-map	3-0	12	244	1	468.9	1768.1	499.1	1773.8	96	Entrance
2	p2-map	3-0	12	244	2	563.7	1774.8	576.4	1779.4	84	20
2	p2-map	3-0	12	244	3	587	1774.8	590.1	1779.4	71	Canada
2	p2-map	3-0	12	244	4	595.8	1774.8	598.7	1779.4	41	§
2	p2-map	3-0	12	245	0	435.5	1783.2	512.6	1795.4	96	Montgomery
2	p2-map	3-0	12	245	1	591.5	1787	614.1	1791.4	89	Wateraic
2	p2-map	3-0	12	246	0	236.1	1797.6	268.5	1803.4	96	Blossoms
2	p2-map	3-0	12	247	0	236.1	1795	257.9	1811.3	78	Blosso
2	p2-map	3-0	12	247	1	435	1795.9	476.8	1808.2	95	Square
2	p2-map	3-0	12	248	0	235.8	1811.5	251.2	1817.5	16	GEE
2	p2-map	3-0	12	248	1	483.5	1815.4	504.2	1821.4	96	Wood
2	p2-map	3-0	12	248	2	507	1815.4	528.4	1823.3	96	Wharf
2	p2-map	3-0	12	249	0	483.8	1822.3	518.1	1829.5	95	Marketing
2	p2-map	3-0	12	250	0	483.5	1829.5	500.8	1835.3	96	Suite
2	p2-map	3-0	12	251	0	407.2	1855.9	451.1	1862.4	53	Montgomery
2	p2-map	3-0	12	251	1	453.8	1855.9	474.4	1861.2	96	Street
2	p2-map	3-0	12	252	0	566.8	1866.2	576.4	1872	30	JAA
2	p2-map	3-0	12	253	0	566.1	1872.5	577.4	1879.2	37	Tr
2	p2-map	3-0	13	254	0	550.5	1892.4	553.6	1899.8	51	+)
2	p2-map	3-0	13	254	1	569.4	1892.9	598.5	1898.4	96	Footbridge
2	p2-map	3-0	15	255	0	551.9	1961.3	553.1	1963.2	87	,
2	p2-map	3-0	15	255	1	555	1957.7	578.8	1963.2	91	WeWork,
2	p2-map	3-0	15	255	2	581	1958.2	590.1	1962.2	90	PKF
2	p2-map	3-0	15	255	3	592.2	1957.7	614.1	1963.2	90	Littlejoh
2	p2-map	3-0	16	256	0	520.2	1981.4	545.9	1987.4	92	GoBoat
2	p2-map	3-0	16	257	0	520.2	1988.6	544.2	1995.6	93	Canary
2	p2-map	3-0	16	257	1	546.6	1988.6	551	1994.4	84	W
2	p2-map	3-0	17	258	0	486.6	2027.5	497.4	2031.8	92	reet
2	p2-map	3-0	18	259	0	554.6	1988.4	568	1994.4	92	harf
2	p2-map	3-0	19	260	0	520	1995.4	539.4	2001.4	96	ticket
2	p2-map	3-0	19	260	1	542.1	1995.4	559.8	2001.4	96	kiosk
2	p2-map	3-0	21	261	0	490.7	2115.4	513.3	2119.7	92	Dishoom
2	p2-map	3-0	21	262	0	490.5	2121.4	499.8	2125.7	96	The
2	p2-map	3-0	21	262	1	501.8	2121.4	515	2125.7	96	Cube
2	p2-map	3-0	21	263	0	490.5	2127.4	503.7	2131.7	96	Third
2	p2-map	3-0	21	263	1	505.8	2127.4	521.2	2132.6	96	Space
2	p2-map	3-0	21	264	0	490.5	2133.4	506.1	2137.7	96	Wood
2	p2-map	3-0	21	264	1	508	2133.1	524.1	2137.7	96	Wharf
2	p2-map	3-0	22	265	0	490.5	2150.6	503.7	2155.2	97	Tribe
2	p2-map	3-0	22	266	0	490.5	2156.9	508.5	2161.9	96	Canary
2	p2-map	3-0	22	266	1	510.4	2156.6	526.5	2161.2	91	Wharf
2	p2-map	3-0	22	266	2	532.5	2155.9	543.3	2162.6	57	[amy
2	p2-map	3-0	22	267	0	490.7	2162.6	504.2	2167.2	96	Hotel
2	p2-map	3-0	23	268	0	477.5	2156.2	480.4	2160.5	71	=
2	p2-map	3-0	23	269	0	480.9	2156.2	483.8	2160.7	36	wu
2	p2-map	3-0	24	270	0	559.8	2114.2	590.6	2118.5	96	Troubadour
2	p2-map	3-0	25	271	0	560.1	2120.2	578.1	2125.4	95	Canary
2	p2-map	3-0	25	271	1	579.8	2120.2	595.8	2124.5	96	Wharf
2	p2-map	3-0	26	272	0	559.8	2126.2	579.8	2130.5	96	Theatre
2	p2-map	3-0	27	273	0	391.6	2169.1	432.4	2174.4	91	Clustermarket,
2	p2-map	3-0	27	273	1	434.8	2169.1	444.2	2173.7	92	JLL|
2	p2-map	3-0	27	273	2	449.7	2169.4	460.2	2173.9	89	«20
2	p2-map	3-0	27	274	0	417.5	2175.1	444.2	2180.4	90	Cytospire
2	p2-map	3-0	28	275	0	305.9	2187.1	328	2191.7	96	Ultimate
2	p2-map	3-0	28	276	0	305.9	2193.1	339	2197.7	96	Performance
2	p2-map	3-0	28	277	0	305.7	2200.6	325.4	2205.1	92	Emilia’s
2	p2-map	3-0	28	278	0	305.7	2206.6	324.6	2211.1	97	Crafted
2	p2-map	3-0	28	278	1	327	2206.8	340.7	2211.1	96	Pasta
2	p2-map	3-0	29	279	0	454.2	2193.6	456.9	2198.2	65	w
2	p2-map	3-0	29	280	0	457.6	2193.6	460.2	2198.2	80	o
2	p2-map	3-0	29	281	0	462.2	2157.6	467.9	2202	0	190415/41918M
2	p2-map	3-0	30	282	0	417.8	2193.6	445.1	2198.2	92	Broadwick
2	p2-map	3-0	31	283	0	455	2221	480.6	2226.7	96	Charter
2	p2-map	3-0	31	283	1	483	2221	503.9	2226.7	95	Street
2	p2-map	3-0	31	283	2	542.1	2220.2	549.3	2224.8	74	frol
2	p2-map	3-0	32	284	0	542.1	2202.2	551	2206.8	96	The
2	p2-map	3-0	32	285	0	542.3	2209.4	548.6	2212.8	96	no
2	p2-map	3-0	32	286	0	542.1	2214.5	547.4	2218.8	87	to
2	p2-map	3-0	32	286	1	549.5	2214.5	551	2218.8	59	k
2	p2-map	3-0	33	287	0	542.1	2226.5	549.5	2230.8	95	Str
2	p2-map	3-0	34	288	0	551.9	2203.4	556.7	2206.8	90	re
2	p2-map	3-0	34	288	1	558.9	2202.2	562.5	2206.8	90	is
2	p2-map	3-0	34	288	2	564.4	2202.2	587.7	2207.8	96	currently
2	p2-map	3-0	34	289	0	552.2	2208.2	568.5	2212.8	77	yehicle
2	p2-map	3-0	34	289	1	570.4	2209.4	587.4	2212.8	96	access
2	p2-map	3-0	34	290	0	551.4	2214.2	570.4	2218.8	0	larbord
2	p2-map	3-0	34	290	1	572.6	2214.2	590.6	2219.5	96	Square
2	p2-map	3-0	34	291	0	551.4	2221.4	554.1	2224.8	89	m
2	p2-map	3-0	34	291	1	556.2	2220.2	575.7	2224.8	96	Charter
2	p2-map	3-0	34	292	0	552.9	2226.7	557.7	2230.8	96	et
2	p2-map	3-1	1	293	0	566	1774.8	570.6	1779.4	95	0
2	p2-map	3-1	1	293	1	573	1774.8	593.4	1779.4	96	Canada
2	p2-map	3-1	1	293	2	595.8	1774.8	615	1780.3	96	Square
2	p2-map	3-1	1	294	0	589.3	1780.8	603.4	1785.4	92	BGRS
2	p2-map	3-1	1	294	1	605.6	1781	615	1785.4	96	LTD
2	p2-map	3-1	1	295	0	591.4	1786.8	615	1791.4	83	Wateraid
2	p2-map	3-1	1	295	1	618.8	1785.8	621.4	1789.9	33	¢
2	p2-map	3-1	2	296	0	668.2	1759.2	699.4	1765.2	93	Waitrose
2	p2-map	3-1	2	296	1	701.8	1759.4	706.4	1765.2	93	&
2	p2-map	3-1	2	296	2	709.3	1759.4	737.8	1765.2	96	Partners
2	p2-map	3-1	3	297	0	668.2	1773.4	685.8	1779.4	96	Third
2	p2-map	3-1	3	297	1	688.4	1773.4	709.3	1780.3	96	Space
2	p2-map	3-1	3	298	0	672.3	1780.3	696.3	1787.5	96	Canary
2	p2-map	3-1	3	298	1	699	1780.3	720.3	1786.3	96	Wharf
2	p2-map	3-1	3	299	0	668.2	1787.3	685.8	1793.3	96	Third
2	p2-map	3-1	3	299	1	688.4	1787.3	709.3	1794.5	96	Space
2	p2-map	3-1	3	299	2	711.7	1787.3	724.2	1794.5	96	Spa
2	p2-map	3-1	4	300	0	668	1766.2	684.6	1772.4	95	John
2	p2-map	3-1	4	300	1	687.7	1766.4	706.6	1772.4	93	Lewis
2	p2-map	3-1	4	300	2	709.3	1766.4	713.8	1772.4	93	&
2	p2-map	3-1	4	300	3	716.5	1766.4	745.3	1772.4	96	Partners
2	p2-map	3-1	6	301	0	987	1760.6	997.8	1766.4	95	Din
2	p2-map	3-1	6	301	1	1000.4	1760.6	1010.2	1766.6	95	Tai
2	p2-map	3-1	6	301	2	1013.4	1760.9	1030.2	1767.6	95	Fung
2	p2-map	3-1	6	302	0	987	1769.8	1018.2	1775.5	95	Directors
2	p2-map	3-1	6	302	1	1021	1769.8	1033.8	1775.5	95	Box
2	p2-map	3-1	6	303	0	987	1778.6	1007.6	1784.6	90	Enmei
2	p2-map	3-1	6	304	0	987	1787.8	1021	1794.7	96	Everyman
2	p2-map	3-1	6	304	1	1023.9	1787.8	1049.4	1793.5	96	Cinema
2	p2-map	3-1	6	304	2	1052.2	1787.8	1076.2	1794.7	95	Canary
2	p2-map	3-1	6	305	0	987	1796.9	1010.2	1802.6	96	Franco
2	p2-map	3-1	6	305	1	1013.1	1796.9	1034.5	1802.6	96	Manca
2	p2-map	3-1	7	306	0	986.7	1805.8	1003	1811.5	92	Gails
2	p2-map	3-1	7	307	0	808.4	1819.2	815.1	1823.8	96	30
2	p2-map	3-1	7	307	1	817.8	1819.2	833.1	1823.8	96	North
2	p2-map	3-1	7	307	2	835.8	1819.2	865.5	1823.8	95	Colonnade
2	p2-map	3-1	7	307	3	987	1814.9	1002.1	1820.6	92	Honi
2	p2-map	3-1	7	307	4	1005.2	1814.6	1021.8	1820.6	96	Poké
2	p2-map	3-1	7	308	0	808.6	1825.2	826.6	1830.5	96	Energy
2	p2-map	3-1	7	308	1	828.3	1825.2	845.6	1830.5	96	Saving
2	p2-map	3-1	7	308	2	847.5	1825.2	860.5	1829.8	95	Trust
2	p2-map	3-1	7	308	3	987	1823.8	1011.2	1830.7	90	Ippudo
2	p2-map	3-1	7	308	4	1013.8	1823.8	1037.8	1830.7	96	Canary
2	p2-map	3-1	7	308	5	1040.5	1823.8	1061.6	1829.5	96	Wharf
2	p2-map	3-1	7	309	0	808.6	1831.2	820.9	1835.8	96	Fitch
2	p2-map	3-1	7	309	1	823.3	1831.2	847	1836.5	96	Learning,
2	p2-map	3-1	7	309	2	849.2	1831.2	864.3	1835.8	96	KPMG
2	p2-map	3-1	7	309	3	987	1832.6	1000.6	1838.6	96	Lina
2	p2-map	3-1	7	309	4	1003.3	1832.9	1025.1	1838.6	96	Stores
2	p2-map	3-1	7	310	0	616.4	1841	641.8	1849	96	Canada
2	p2-map	3-1	7	310	1	645	1841	662.7	1847	91	Place
2	p2-map	3-1	7	310	2	665.4	1841	677.8	1846.8	96	and
2	p2-map	3-1	7	310	3	729.7	1843.7	731.1	1844.6	0	:
2	p2-map	3-1	7	310	4	742.9	1839.6	758.5	1852.3	16	let
2	p2-map	3-1	7	310	5	764.5	1846.6	768.1	1852.3	72	1
2	p2-map	3-1	7	310	6	809.1	1839.8	813	1842.5	17	4
2	p2-map	3-1	7	310	7	987	1841.8	1016.7	1847.5	95	NatWest
2	p2-map	3-1	7	311	0	608.2	1848.2	639.4	1854	93	Waitrose
2	p2-map	3-1	7	311	1	642.1	1848	646.6	1854	93	&
2	p2-map	3-1	7	311	2	649.5	1848.2	677.8	1854	89	Partners
2	p2-map	3-1	7	311	3	718.4	1848	739.8	1853.5	89	quare,
2	p2-map	3-1	7	311	4	744.8	1848	756.6	1852.3	96	level
2	p2-map	3-1	7	311	5	761.4	1849.4	762.8	1850.4	30	7
2	p2-map	3-1	7	311	6	987	1850.9	1006.6	1855.7	95	Notes
2	p2-map	3-1	7	311	7	1009.3	1850.6	1031.8	1855.7	96	Coffee
2	p2-map	3-1	7	311	8	1034.7	1850.9	1064.5	1855.7	93	Roasters
2	p2-map	3-1	7	311	9	1066.9	1850.9	1071.2	1855.7	93	&
2	p2-map	3-1	7	311	10	1074.1	1850.9	1078.4	1855.7	93	B
2	p2-map	3-1	7	312	0	650	1855.4	660.3	1861	95	car
2	p2-map	3-1	7	312	1	663	1855.9	678.1	1861.9	96	park
2	p2-map	3-1	8	313	0	986.7	1859.8	998	1865.5	93	Ole
2	p2-map	3-1	8	313	1	1000.6	1859.8	1005.2	1865.5	93	&
2	p2-map	3-1	8	313	2	1007.6	1859.8	1027	1865.5	96	Steen
2	p2-map	3-1	9	314	0	567	1870.8	577.3	1879.2	39	iii
2	p2-map	3-1	9	314	1	796.9	1872	808.2	1880.4	20	iti
2	p2-map	3-1	9	314	2	987	1868.6	1012.9	1875.8	96	Pergola
2	p2-map	3-1	9	314	3	1015.8	1870.1	1023.9	1874.6	96	on
2	p2-map	3-1	9	314	4	1026.6	1868.6	1037.6	1874.6	96	the
2	p2-map	3-1	9	314	5	1040.2	1868.6	1061.4	1874.6	96	Wharf
2	p2-map	3-1	9	315	0	986.7	1877.8	1033.5	1883.5	88	Sticks‘n’Sushi
2	p2-map	3-1	9	316	0	569.6	1891	598.4	1899.4	96	Footbridge
2	p2-map	3-1	9	316	1	719.1	1891	747.9	1898.6	96	Footbridge
2	p2-map	3-1	9	316	2	802.2	1891	831.2	1898.6	96	Footbridge
2	p2-map	3-1	9	316	3	986.7	1886.6	1013.8	1893.6	96	Subway
2	p2-map	3-1	9	317	0	609.7	1918.8	616.6	1923.4	95	30
2	p2-map	3-1	9	318	0	575.1	1924.8	599.4	1929.4	94	Churchill
2	p2-map	3-1	9	318	1	602	1924.8	616.6	1929.4	87	Place
2	p2-map	3-1	9	318	2	620	1926.2	622.6	1930.1	45	«
2	p2-map	3-1	9	318	3	778.4	1929.4	798.3	1943.3	96	Ch
2	p2-map	3-1	9	318	4	826.6	1929.4	834.6	1943	92	h
2	p2-map	3-1	9	318	5	837	1929.6	839.1	1931.5	0	-
2	p2-map	3-1	9	318	6	856.4	1929.8	865.3	1943	84	P
2	p2-map	3-1	9	319	0	610.4	1945	616.6	1949.3	57	25}
2	p2-map	3-1	9	320	0	575.1	1950.7	599.4	1955.3	90	Churchill
2	p2-map	3-1	9	320	1	602.2	1950.7	616.6	1955.3	92	Place
2	p2-map	3-1	9	320	2	620	1951.7	622.6	1955.5	89	«
2	p2-map	3-1	9	321	0	566	1957.7	578.7	1963.2	84	Vork,
2	p2-map	3-1	9	321	1	580.9	1958.2	590	1962.2	89	PKF
2	p2-map	3-1	9	321	2	592.2	1957.7	616.6	1963.2	96	Littlejohn
2	p2-map	3-1	9	322	0	775.8	1970.9	778.4	1974.7	87	»
2	p2-map	3-1	9	322	1	782.7	1970.9	785.6	1975.4	92	1
2	p2-map	3-1	9	322	2	788	1970.9	812.2	1975.4	87	Churchill
2	p2-map	3-1	9	322	3	815.1	1970.9	829.5	1975.4	90	Place
2	p2-map	3-1	9	322	4	982.4	1968.5	990.6	1974.5	26	Ww
2	p2-map	3-1	9	323	0	783	1976.9	804.3	1982.4	96	Barclays
2	p2-map	3-1	9	323	1	982.4	1979.5	990.6	1980.5	30	—_
2	p2-map	3-1	9	324	0	566	1988.4	567.9	1994.2	26	f
2	p2-map	3-1	9	324	1	982.4	1986	990.6	1990.8	50	—
2	p2-map	3-1	9	325	0	982.4	1995.6	990.6	2000.4	91	—
2	p2-map	3-1	9	326	0	982.4	2011.7	990.6	2017.7	46	=z
2	p2-map	3-1	9	327	0	652.2	2019.4	656	2022	91	v
2	p2-map	3-1	9	327	1	734.2	2019.4	738.3	2022	86	v
2	p2-map	3-1	9	328	0	605.1	2024.2	611.8	2028.7	96	20
2	p2-map	3-1	9	328	1	613.8	2024.2	638	2028.7	92	Churchill
2	p2-map	3-1	9	328	2	640.9	2024.2	655.3	2028.7	96	Place
2	p2-map	3-1	9	328	3	735	2024.6	737.8	2029	96	5
2	p2-map	3-1	9	328	4	739.8	2024.4	764.2	2029	95	Churchill
2	p2-map	3-1	9	328	5	766.9	2024.4	781.3	2029	96	Place
2	p2-map	3-1	9	328	6	982.2	2023	990.8	2029.4	43	(0)
2	p2-map	3-1	9	329	0	596	2030.4	609.2	2034.7	95	Barts
2	p2-map	3-1	9	329	1	611.1	2030.2	627.7	2034.7	95	Health
2	p2-map	3-1	9	329	2	629.8	2030.4	640.6	2034.7	96	NHS
2	p2-map	3-1	9	329	3	642.6	2030.4	655.3	2034.7	96	Trust
2	p2-map	3-1	9	329	4	735.2	2030.4	753.9	2035	93	Balfour
2	p2-map	3-1	9	329	5	755.8	2030.6	772.6	2035.9	87	Beptty
2	p2-map	3-1	9	330	0	601.5	2036.2	620.7	2040.7	96	Clifford
2	p2-map	3-1	9	330	1	622.6	2036.2	642.8	2041.4	94	Chance,
2	p2-map	3-1	9	330	2	645	2036.2	655.3	2040.7	96	CSC
2	p2-map	3-1	9	330	3	735.2	2036.4	746	2041	96	BGC
2	p2-map	3-1	9	330	4	748.2	2036.4	781	2041	96	International
2	p2-map	3-1	9	330	5	982.2	2034	990.8	2039.5	37	2
2	p2-map	3-1	9	331	0	578	2042.2	594.1	2046.7	86	Ocean
2	p2-map	3-1	9	331	1	596.5	2042.2	618.3	2046.7	96	Network
2	p2-map	3-1	9	331	2	620.2	2042.4	640.2	2047.7	96	Express
2	p2-map	3-1	9	331	3	642.1	2042.9	655.3	2047.4	96	(ONE)
2	p2-map	3-1	9	331	4	735	2041.4	750.6	2049.4	96	Cision
2	p2-map	3-1	9	331	5	982.2	2041.9	991.8	2051.5	49	a)
2	p2-map	3-1	9	332	0	624.6	2048.4	637.8	2052.7	96	State
2	p2-map	3-1	9	332	1	639.7	2048.4	655.3	2052.7	96	Street
2	p2-map	3-1	9	332	2	735.2	2048.6	741.9	2053	95	EU
2	p2-map	3-1	9	332	3	744.1	2048.6	768.6	2053	95	Networks
2	p2-map	3-1	9	333	0	982.4	2055.4	990.8	2062.6	90	>
2	p2-map	3-1	9	334	0	982.4	2065.9	990.6	2071.4	52	—
2	p2-map	3-1	9	335	0	982.4	2076.5	990.6	2081.5	81	m
2	p2-map	3-1	11	336	0	664.2	2137.4	705	2148	96	Cartier
2	p2-map	3-1	11	336	1	709.3	2137.4	742.9	2147.8	95	Circle
2	p2-map	3-1	13	337	0	681	2205.4	691.3	2209.9	95	One
2	p2-map	3-1	13	337	1	693.4	2205.4	712.6	2209.9	96	Charter
2	p2-map	3-1	13	337	2	714.6	2205.4	730.2	2209.9	96	Street
2	p2-map	3-1	13	338	0	681.2	2211.4	697	2215.9	96	under
2	p2-map	3-1	13	338	1	699.2	2211.4	734.2	2215.9	96	construction
2	p2-map	4-0	1	339	0	395	2258.7	410.1	2263	96	Wood
2	p2-map	4-0	1	339	1	412.2	2258.7	428.1	2263	96	Wharf
2	p2-map	4-0	1	340	0	403.6	2264.7	419.2	2269	96	future
2	p2-map	4-0	2	341	0	298.5	2274.8	305.7	2279.1	96	40
2	p2-map	4-0	2	341	1	308.1	2274.8	328.7	2279.1	96	Charter
2	p2-map	4-0	2	341	2	331.1	2274.8	347.7	2279.1	96	Street
2	p2-map	4-0	2	341	3	394.5	2270.7	428.6	2276	43	CRI
2	p2-map	4-0	3	342	0	298.7	2280.8	313.6	2285.1	96	under
2	p2-map	4-0	3	342	1	315.5	2280.8	347.7	2285.1	96	construction
2	p2-map	4-0	4	343	0	364.2	2315.8	368.8	2331.7	55	199.35
2	p2-map	4-0	4	343	1	364.2	2294.7	369	2314.2	0	Jae)
2	p2-map	4-0	4	343	2	364.2	2289.7	367.8	2292.8	81	0}
2	p2-map	4-0	4	343	3	364.2	2267.4	367.8	2284.2	20	ssadde
2	p2-map	4-0	4	343	4	364.2	2258.5	368.8	2265.4	94	ON
2	p2-map	4-0	5	344	0	376	2339.6	406	2345.6	96	Bellevue
2	p2-map	4-0	5	345	0	378.4	2347	403.1	2354	95	Square
2	p2-map	4-0	6	346	0	268.5	2496.1	274.7	2514.1	15	feho
2	p2-map	4-0	6	346	1	266.1	2464.6	273	2493.4	0	4nogeH
2	p2-map	4-0	7	347	0	395.7	2416.6	410.1	2422.4	95	East
2	p2-map	4-0	7	347	1	413	2416.6	429.3	2422.4	96	Lane
2	p2-map	4-0	8	348	0	363.5	2437.8	369.3	2458.9	34	19943S
2	p2-map	4-0	8	348	1	363.5	2408.7	369.5	2435.1	0	Japey)
2	p2-map	4-0	10	349	0	497.9	2258.7	513.3	2263	96	Wood
2	p2-map	4-0	10	349	1	515.2	2258.7	531.3	2263	96	Wharf
2	p2-map	4-0	10	350	0	506.8	2264.7	522.2	2269	96	future
2	p2-map	4-0	10	351	0	497.4	2270.7	531.5	2276	95	development
2	p2-map	4-0	11	352	0	460.7	2302.4	480.9	2308.6	96	Union
2	p2-map	4-0	11	353	0	458.3	2309.8	483	2317	96	Square
2	p2-map	4-0	12	354	0	547.6	2333.8	551	2355	77	1921S
2	p2-map	4-0	12	354	1	547.6	2302.2	551	2331	36	ueuuelg
2	p2-map	4-0	13	355	0	452.1	2364.3	470.1	2370.1	93	West
2	p2-map	4-0	13	355	1	473.2	2364.3	489.5	2370.3	95	Lane
2	p2-map	4-0	14	356	0	485	2374.9	491	2380.9	23	Fo)
2	p2-map	4-0	14	356	1	494.1	2376.8	508.2	2379.9	0	signorenii
2	p2-map	4-0	14	356	2	518.8	2374.4	534.2	2377	43	Lockdown
2	p2-map	4-0	15	357	0	450.9	2397.7	456.9	2414	1	aueT
2	p2-map	4-0	15	357	1	450.9	2374.9	457.1	2394.6	6	yuoN
2	p2-map	4-0	16	358	0	484.7	2411.6	491	2429.4	0	)|eM
2	p2-map	4-0	16	358	1	483.8	2381.8	491	2408.7	46	UOIBUIA
2	p2-map	4-0	17	359	0	445.6	2462	468.6	2468	90	arbord
2	p2-map	4-0	17	359	1	471.8	2462.2	496.2	2469.2	96	Square
2	p2-map	4-0	18	360	0	442.5	2521.3	463.4	2525.6	90	Harbord
2	p2-map	4-0	18	360	1	466	2520.3	471	2527.5	52	__
2	p2-map	4-0	18	360	2	473.4	2521.3	491.2	2526.6	96	Square
2	p2-map	4-0	22	361	0	563.9	2538.8	601.4	2546	96	Lovegrove
2	p2-map	4-0	23	362	0	439.6	2544.8	445.1	2555.4	31	b=
2	p2-map	4-0	23	362	1	563.9	2546	579.3	2552	96	Park
2	p2-map	4-0	23	363	0	440.6	2553.7	445.1	2555.8	45	3
2	p2-map	4-0	23	364	0	440.6	2556.3	445.1	2559.9	33	0
2	p2-map	4-0	23	365	0	439.4	2560.4	444.9	2564.2	92	<
2	p2-map	4-0	23	366	0	440.6	2565	445.1	2573.4	79	g
2	p2-map	4-0	23	367	0	298.2	2572.6	304.2	2584.2	57	S
2	p2-map	4-0	23	367	1	440.6	2574.3	444.9	2580.8	85	3
2	p2-map	4-0	23	368	0	299.2	2584.9	303.8	2588.7	86	3
2	p2-map	4-0	23	368	1	440.6	2583.9	445.1	2589.7	14	8!
2	p2-map	4-0	23	368	2	452.6	2585.8	475.4	2591.4	70	Mulberry
2	p2-map	4-0	23	368	3	477.3	2585.8	492.9	2590.4	96	Wood
2	p2-map	4-0	23	369	0	298.7	2588.5	304.2	2598.3	30	PR
2	p2-map	4-0	23	369	1	440.3	2590.4	444.9	2598.1	32	|
2	p2-map	4-0	23	369	2	452.3	2591.8	468.4	2596.4	83	wharf
2	p2-map	4-0	23	369	3	470.3	2591.8	491.7	2597.4	93	Primary,
2	p2-map	4-0	23	369	4	525.3	2595	531	2599	87	w
2	p2-map	4-0	23	369	5	587.9	2588.2	606.6	2599.8	13	Go
2	p2-map	4-0	23	370	0	300.4	2595.7	306.4	2604.8	57	Q
2	p2-map	4-0	23	370	1	440.3	2598.6	444.9	2602.4	27	tol
2	p2-map	4-0	23	370	2	452.6	2598.1	470.6	2603.4	78	Canary
2	p2-map	4-0	23	370	3	472.2	2597.8	488.3	2602.4	96	Wharf
2	p2-map	4-0	23	370	4	524.8	2599.8	529.4	2602.4	83	=
2	p2-map	4-0	23	370	5	574.7	2596.4	589.6	2605.8	30	oe
2	p2-map	4-0	23	371	0	301.1	2600	306.4	2609.1	48	=)
2	p2-map	4-0	23	371	1	524.6	2602.6	528.9	2606.2	37	0
2	p2-map	4-0	23	372	0	301.6	2608.4	307.6	2616.8	40	a
2	p2-map	4-0	23	372	1	523.8	2607	528.6	2615.1	50	=
2	p2-map	4-0	23	373	0	523.4	2615.8	527.9	2619.2	58	[5]
2	p2-map	4-0	23	374	0	302.3	2617.3	307.1	2624.7	77	3
2	p2-map	4-0	23	374	1	523.1	2620.2	527.7	2623.8	80	S
2	p2-map	4-0	23	375	0	522.4	2626.4	528.4	2630.5	55	[7%]
2	p2-map	4-0	23	376	0	522.2	2631.2	527.9	2636.5	40	o
2	p2-map	4-0	23	377	0	521.7	2637	526.2	2640.6	48	©
2	p2-map	4-0	23	378	0	521.2	2641.3	525.8	2644.9	34	©
2	p2-map	4-0	23	379	0	521	2645.6	526.7	2648	11	~~
2	p2-map	4-0	23	380	0	381.5	2734.9	392.6	2740.2	58	y_3
2	p2-map	4-0	23	380	1	488.6	2735.1	490.7	2740.2	64	|
2	p2-map	4-0	23	380	2	494.8	2736.1	498.9	2740.2	37	9
2	p2-map	4-0	23	380	3	595.6	2736.1	603.5	2740.2	51	—
2	p2-map	4-1	1	381	0	606.3	2345.8	612.3	2358.6	80	5
2	p2-map	4-1	1	381	1	686.5	2346.3	741.9	2356.4	96	Blackwall
2	p2-map	4-1	1	382	0	606.1	2359.5	612.3	2363.4	34	TO
2	p2-map	4-1	1	383	0	606.1	2364.1	610.6	2367.7	32	g
2	p2-map	4-1	1	383	1	708.3	2364.3	709.8	2365.8	0	}
2	p2-map	4-1	1	384	0	606.1	2368.6	612.1	2383	94	5
2	p2-map	4-1	1	384	1	686.5	2364.6	717.4	2374.4	96	Basin
2	p2-map	4-1	1	385	0	605.1	2383.8	610.6	2391.9	35	g
2	p2-map	4-1	1	386	0	574.6	2444.7	590	2449	95	Wood
2	p2-map	4-1	1	386	1	592.2	2444.7	608	2449	96	Wharf
2	p2-map	4-1	1	387	0	574.2	2456.7	583.3	2461	5	po
2	p2-map	4-1	1	387	1	588.6	2450.7	608.2	2462	0	L-—.
2	p2-map	4-1	1	388	0	622.2	2576.5	625	2585.1	0	)
2	p2-map	4-1	1	388	1	627.9	2577.4	629.6	2584.2	17	8
2	p2-map	4-1	1	388	2	1034.5	2582.2	1036.2	2583.7	0	.
2	p2-map	4-1	1	389	0	592.4	2580.6	624.6	2597.1	38	0°
2	p2-map	4-1	1	389	1	933.7	2582.2	1006.9	2594.2	90	Poplar|Dock
2	p2-map	4-1	1	389	2	1011.9	2582.5	1051	2592.3	96	Marina
2	p2-map	4-1	1	390	0	594.6	2732.2	603.4	2740.2	0	pe
2	p2-map	4-1	1	390	1	700.6	2732.7	709.5	2740.2	2	fr
2	p2-map	4-1	1	390	2	912.6	2736.1	915.2	2740.2	0	'E
2	p2-map	4-1	1	390	3	1023	2736.1	1025.8	2740.2	63	1
