{"type":"FeatureCollection","meta":{
 "source": "data.gov.uk: Noise Action Planning Important Areas Round 3 England (Department for Environment, Food and Rural Affairs)",
 "dgu_dataset": "noise-action-planning-important-areas-round-3-england",
 "page": "https://www.data.gov.uk/dataset/948d6c4c-772e-4f55-9f39-97508e1cc701/noise-action-planning-important-areas-round-3-england",
 "api": "https://environment.data.gov.uk/spatialdata/noise-action-planning-important-areas-round-3-england/wfs",
 "layers": [
  {
   "name": "dataset-55cdd950-fd18-421a-affd-130d659dc6fd:Noise_Action_Planning_Important_Areas_Round_3_England",
   "zone_count": 51
  }
 ],
 "fetched": "2026-10-04",
 "licence": "Open Government Licence v3.0",
 "licence_evidence": "[\"Open Government Licence\"] | [\"There are no public access constraints to this data. Use of this data is subject to the licence identified.\", \"There are no public access constraints to this data. Use of this data is subject to the licence identified.\"]",
 "attribution": "Contains public sector information licensed under the Open Government Licence v3.0 (Department for Environment, Food and Rural Affairs)",
 "zone": "the 3D model box, BNG E 532400-539900, N 176700-182300 (WGS84 -0.095, 51.474 to 0.015, 51.522)",
 "method": "walk-portals.mjs dgu harvest noise-action-planning-important-areas-round-3-england: the service the probe counted, read with the zone box (WFS 2.0 GetFeature in EPSG:4326, or ArcGIS query with the envelope); polygons that cross the box edge are cut at the box (clipped_to_zone: for display, not for area sums); coordinates rounded to 6 decimals; empty fields, shape measures and fields matching /e-?mail|phone|tel(ephone)?$|^tel|contact|^fax|mobile|^owner_?name|person|officer|case_?officer|agent_?name|applicant/i left out",
 "counts": {
  "features": 47,
  "probe_zone_count": 51,
  "clipped": 15
 }
},
"features":[
{"type":"Feature","geometry":{"type":"Polygon","coordinates":[[[-0.077353,51.49991],[-0.077362,51.499915],[-0.077379,51.499925],[-0.077395,51.499936],[-0.077409,51.499948],[-0.077422,51.49996],[-0.077434,51.499973],[-0.077445,51.499986],[-0.077454,51.499999],[-0.077462,51.500013],[-0.077468,51.500027],[-0.077473,51.500042],[-0.077476,51.500056],[-0.077478,51.500071],[-0.077478,51.500086],[-0.077476,51.500101],[-0.077474,51.500115],[-0.077469,51.50013],[-0.077463,51.500144],[-0.077456,51.500158],[-0.077447,51.500171],[-0.077437,51.500185],[-0.077425,51.500197],[-0.077412,51.50021],[-0.077398,51.500221],[-0.077382,51.500232],[-0.077366,51.500243],[-0.077348,51.500253],[-0.07733,51.500262],[-0.07731,51.50027],[-0.07729,51.500277],[-0.077269,51.500284],[-0.077247,51.50029],[-0.077225,51.500295],[-0.077202,51.500298],[-0.077179,51.500301],[-0.077156,51.500303],[-0.077132,51.500304],[-0.077108,51.500305],[-0.077085,51.500304],[-0.077062,51.500302],[-0.077038,51.500299],[-0.077016,51.500295],[-0.076993,51.500291],[-0.076971,51.500285],[-0.07695,51.500279],[-0.07693,51.500272],[-0.07691,51.500263],[-0.076891,51.500255],[-0.076882,51.50025],[-0.076774,51.500191],[-0.076764,51.500186],[-0.076748,51.500176],[-0.076732,51.500165],[-0.076718,51.500153],[-0.076704,51.500141],[-0.076692,51.500128],[-0.076682,51.500115],[-0.076673,51.500102],[-0.076665,51.500088],[-0.076659,51.500074],[-0.076654,51.500059],[-0.076651,51.500045],[-0.076649,51.50003],[-0.076649,51.500015],[-0.07665,51.500001],[-0.076653,51.499986],[-0.076658,51.499972],[-0.076664,51.499957],[-0.076671,51.499943],[-0.07668,51.49993],[-0.07669,51.499916],[-0.076702,51.499904],[-0.076715,51.499891],[-0.076729,51.49988],[-0.076745,51.499869],[-0.076761,51.499858],[-0.076779,51.499848],[-0.076797,51.499839],[-0.076817,51.499831],[-0.076837,51.499824],[-0.076858,51.499817],[-0.07688,51.499811],[-0.076902,51.499807],[-0.076925,51.499803],[-0.076948,51.4998],[-0.076971,51.499798],[-0.076995,51.499797],[-0.077018,51.499796],[-0.077042,51.499797],[-0.077065,51.499799],[-0.077088,51.499802],[-0.077111,51.499806],[-0.077134,51.49981],[-0.077155,51.499816],[-0.077177,51.499822],[-0.077197,51.49983],[-0.077217,51.499838],[-0.077236,51.499847],[-0.077244,51.499851],[-0.077353,51.49991]]]},"properties":{"layer":"dataset-55cdd950-fd18-421a-affd-130d659dc6fd:Noise_Action_Planning_Important_Areas_Round_3_England","r3_ia_id":"Rl_114","source":"Rail","assetowner":"RSSB","round3type":"R1 only","r2_ia_id":"Rl_114","round2type":"R1 only","maxx":"-0.076674807074554152","minx":"-0.077503696048678933","maxy":"51.500303339757551","miny":"51.499795249496557","x":-0.07708925,"y":51.50004929,"aream2":2462.11577843,"lengthm":177.052042,"in_cw":false}},
{"type":"Feature","geometry":{"type":"Polygon","coordinates":[[[-0.06253,51.518642],[-0.062558,51.518642],[-0.062586,51.518643],[-0.062614,51.518645],[-0.062642,51.518648],[-0.062669,51.518653],[-0.062696,51.518659],[-0.062722,51.518665],[-0.062748,51.518673],[-0.062772,51.518682],[-0.062796,51.518692],[-0.062818,51.518703],[-0.062839,51.518714],[-0.062859,51.518727],[-0.062878,51.51874],[-0.062895,51.518754],[-0.062911,51.518769],[-0.062925,51.518784],[-0.062938,51.5188],[-0.062949,51.518816],[-0.062958,51.518833],[-0.062965,51.51885],[-0.06297,51.518867],[-0.062974,51.518885],[-0.062976,51.518902],[-0.062976,51.51892],[-0.062974,51.518938],[-0.06297,51.518955],[-0.062965,51.518972],[-0.062958,51.518989],[-0.062949,51.519006],[-0.062938,51.519022],[-0.062925,51.519038],[-0.062911,51.519054],[-0.062895,51.519068],[-0.062878,51.519082],[-0.06286,51.519095],[-0.06284,51.519108],[-0.062818,51.51912],[-0.062796,51.51913],[-0.062772,51.51914],[-0.062748,51.519149],[-0.062722,51.519157],[-0.062696,51.519164],[-0.062692,51.519164],[-0.062557,51.519195],[-0.062422,51.519226],[-0.062286,51.519257],[-0.062151,51.519288],[-0.062016,51.519319],[-0.061972,51.519329],[-0.061969,51.519329],[-0.061877,51.51935],[-0.061742,51.51938],[-0.061606,51.51941],[-0.06147,51.519441],[-0.061335,51.519471],[-0.061199,51.519501],[-0.061063,51.519531],[-0.060928,51.519562],[-0.060792,51.519592],[-0.060656,51.519622],[-0.060521,51.519653],[-0.060385,51.519683],[-0.060345,51.519692],[-0.06025,51.519713],[-0.060115,51.519744],[-0.059979,51.519774],[-0.059844,51.519805],[-0.059708,51.519835],[-0.059573,51.519866],[-0.059437,51.519896],[-0.059302,51.519927],[-0.059166,51.519957],[-0.059145,51.519961],[-0.059118,51.519966],[-0.05909,51.519969],[-0.059062,51.519972],[-0.059034,51.519973],[-0.059005,51.519973],[-0.058977,51.519972],[-0.058949,51.519969],[-0.058921,51.519966],[-0.058894,51.519961],[-0.058867,51.519956],[-0.058841,51.519949],[-0.058816,51.519941],[-0.058791,51.519932],[-0.058768,51.519923],[-0.058745,51.519912],[-0.058724,51.5199],[-0.058704,51.519888],[-0.058685,51.519875],[-0.058668,51.519861],[-0.058652,51.519846],[-0.058638,51.519831],[-0.058626,51.519815],[-0.058615,51.519798],[-0.058606,51.519782],[-0.058598,51.519765],[-0.058593,51.519747],[-0.058589,51.51973],[-0.058587,51.519712],[-0.058587,51.519695],[-0.058589,51.519677],[-0.058593,51.51966],[-0.058598,51.519642],[-0.058606,51.519625],[-0.058615,51.519608],[-0.058626,51.519592],[-0.058638,51.519576],[-0.058652,51.519561],[-0.058668,51.519546],[-0.058685,51.519532],[-0.058704,51.519519],[-0.058724,51.519507],[-0.058745,51.519495],[-0.058768,51.519484],[-0.058791,51.519474],[-0.058816,51.519466],[-0.058841,51.519458],[-0.058867,51.519451],[-0.058873,51.51945],[-0.059008,51.519419],[-0.059144,51.519389],[-0.059279,51.519358],[-0.059415,51.519328],[-0.05955,51.519297],[-0.059686,51.519267],[-0.059821,51.519236],[-0.059957,51.519206],[-0.060052,51.519184],[-0.060053,51.519184],[-0.060094,51.519175],[-0.060229,51.519145],[-0.060365,51.519114],[-0.060501,51.519084],[-0.060636,51.519054],[-0.060772,51.519024],[-0.060908,51.518993],[-0.061043,51.518963],[-0.061179,51.518933],[-0.061315,51.518902],[-0.06145,51.518872],[-0.061586,51.518842],[-0.061677,51.518822],[-0.061719,51.518812],[-0.061854,51.518781],[-0.06199,51.51875],[-0.062125,51.51872],[-0.06226,51.518689],[-0.062396,51.518658],[-0.062418,51.518653],[-0.062446,51.518649],[-0.062473,51.518645],[-0.062502,51.518643],[-0.06253,51.518642]]]},"properties":{"layer":"dataset-55cdd950-fd18-421a-affd-130d659dc6fd:Noise_Action_Planning_Important_Areas_Round_3_England","r3_ia_id":"Rl_249","source":"Rail","assetowner":"TfL (tube)","round3type":"R1 only","r2_ia_id":"Rl_249","round2type":"R1 only","maxx":"-0.058613918380035629","minx":"-0.063002520482576665","maxy":"51.51997166781662","miny":"51.518640286564313","x":-0.0608085,"y":51.51930644,"aream2":18425.43740716,"lengthm":708.46227495,"in_cw":false}},
{"type":"Feature","geometry":{"type":"Polygon","coordinates":[[[-0.030759,51.510734],[-0.030765,51.510736],[-0.030778,51.51074],[-0.03079,51.510744],[-0.030801,51.510749],[-0.030812,51.510755],[-0.030823,51.510761],[-0.030833,51.510767],[-0.030842,51.510774],[-0.03085,51.510781],[-0.030858,51.510788],[-0.030865,51.510796],[-0.030871,51.510804],[-0.030876,51.510812],[-0.03088,51.510821],[-0.030884,51.510829],[-0.030886,51.510838],[-0.030888,51.510847],[-0.030889,51.510856],[-0.030888,51.510864],[-0.030887,51.510873],[-0.030885,51.510882],[-0.030882,51.510891],[-0.030878,51.510899],[-0.030873,51.510907],[-0.030868,51.510915],[-0.030861,51.510923],[-0.030854,51.510931],[-0.030846,51.510938],[-0.030837,51.510945],[-0.030828,51.510951],[-0.030817,51.510958],[-0.030807,51.510963],[-0.030795,51.510969],[-0.030783,51.510973],[-0.030771,51.510978],[-0.030758,51.510981],[-0.030745,51.510985],[-0.030732,51.510987],[-0.030718,51.510989],[-0.030704,51.510991],[-0.03069,51.510992],[-0.030676,51.510992],[-0.030662,51.510992],[-0.030647,51.510992],[-0.030634,51.51099],[-0.03062,51.510988],[-0.030606,51.510986],[-0.030593,51.510983],[-0.030586,51.510981],[-0.030454,51.510945],[-0.030448,51.510943],[-0.030435,51.510939],[-0.030423,51.510935],[-0.030412,51.51093],[-0.030401,51.510924],[-0.03039,51.510918],[-0.03038,51.510912],[-0.030371,51.510905],[-0.030363,51.510898],[-0.030355,51.510891],[-0.030348,51.510883],[-0.030342,51.510875],[-0.030337,51.510867],[-0.030333,51.510858],[-0.030329,51.51085],[-0.030327,51.510841],[-0.030325,51.510832],[-0.030324,51.510824],[-0.030325,51.510815],[-0.030326,51.510806],[-0.030328,51.510797],[-0.030331,51.510789],[-0.030335,51.51078],[-0.03034,51.510772],[-0.030345,51.510764],[-0.030352,51.510756],[-0.030359,51.510748],[-0.030367,51.510741],[-0.030376,51.510734],[-0.030385,51.510728],[-0.030396,51.510721],[-0.030406,51.510716],[-0.030418,51.510711],[-0.03043,51.510706],[-0.030442,51.510701],[-0.030455,51.510698],[-0.030468,51.510694],[-0.030481,51.510692],[-0.030495,51.51069],[-0.030509,51.510688],[-0.030523,51.510687],[-0.030537,51.510687],[-0.030551,51.510687],[-0.030565,51.510688],[-0.030579,51.510689],[-0.030593,51.510691],[-0.030607,51.510693],[-0.03062,51.510696],[-0.030627,51.510698],[-0.030759,51.510734]]]},"properties":{"layer":"dataset-55cdd950-fd18-421a-affd-130d659dc6fd:Noise_Action_Planning_Important_Areas_Round_3_England","r3_ia_id":"Rl_236","source":"Rail","assetowner":"TfL (tube)","round3type":"R1 only","r2_ia_id":"Rl_236","round2type":"R1 only","maxx":"-0.030351332746423144","minx":"-0.030915410837933918","maxy":"51.510991249745317","miny":"51.510685504849349","x":-0.03063337,"y":51.51083838,"aream2":1006.36092732,"lengthm":114.23119229,"in_cw":false}},
{"type":"Feature","geometry":{"type":"Polygon","coordinates":[[[-0.03129,51.474483],[-0.031323,51.474483],[-0.031356,51.474484],[-0.031388,51.474487],[-0.031421,51.474491],[-0.031453,51.474496],[-0.031484,51.474502],[-0.031514,51.47451],[-0.031544,51.474519],[-0.031573,51.474529],[-0.0316,51.474541],[-0.031626,51.474553],[-0.031651,51.474567],[-0.031675,51.474581],[-0.031697,51.474597],[-0.031717,51.474613],[-0.031735,51.47463],[-0.031749,51.474644],[-0.031819,51.474723],[-0.031889,51.474801],[-0.031903,51.474816],[-0.031906,51.47482],[-0.031912,51.474826],[-0.031965,51.474891],[-0.03203,51.474971],[-0.032096,51.475051],[-0.032161,51.475131],[-0.032227,51.475211],[-0.032293,51.475291],[-0.032309,51.475311],[-0.03235,51.475361],[-0.032357,51.47537],[-0.032423,51.47545],[-0.03249,51.475529],[-0.032556,51.475609],[-0.032622,51.475689],[-0.032631,51.4757],[-0.032631,51.475701],[-0.032688,51.47577],[-0.032754,51.47585],[-0.03282,51.475929],[-0.032886,51.476009],[-0.032952,51.476089],[-0.032987,51.476132],[-0.033018,51.476169],[-0.033049,51.476207],[-0.033058,51.476219],[-0.033066,51.476231],[-0.033095,51.476275],[-0.03315,51.476358],[-0.033205,51.476441],[-0.03326,51.476524],[-0.033316,51.476607],[-0.033371,51.47669],[-0.033426,51.476773],[-0.033475,51.476847],[-0.033475,51.476847],[-0.033533,51.476926],[-0.033533,51.476927],[-0.033593,51.477008],[-0.033593,51.477009],[-0.033653,51.47709],[-0.033653,51.47709],[-0.033713,51.477172],[-0.033713,51.477172],[-0.033773,51.477253],[-0.033773,51.477254],[-0.033833,51.477335],[-0.033833,51.477336],[-0.033893,51.477417],[-0.033893,51.477417],[-0.03392,51.477455],[-0.033926,51.477463],[-0.033957,51.477508],[-0.034013,51.477591],[-0.034069,51.477674],[-0.034125,51.477756],[-0.034181,51.477839],[-0.034237,51.477922],[-0.034293,51.478005],[-0.034349,51.478088],[-0.034406,51.47817],[-0.034462,51.478253],[-0.034518,51.478336],[-0.034574,51.478419],[-0.03458,51.478429],[-0.034591,51.478448],[-0.0346,51.478468],[-0.034606,51.478488],[-0.034611,51.478509],[-0.034613,51.478529],[-0.034614,51.47855],[-0.034612,51.47857],[-0.034607,51.478591],[-0.034601,51.478611],[-0.034593,51.478631],[-0.034582,51.47865],[-0.03457,51.47867],[-0.034556,51.478688],[-0.034539,51.478706],[-0.034521,51.478723],[-0.034501,51.47874],[-0.03448,51.478755],[-0.034456,51.47877],[-0.034432,51.478783],[-0.034406,51.478796],[-0.034378,51.478808],[-0.03435,51.478818],[-0.03432,51.478827],[-0.03429,51.478835],[-0.034259,51.478842],[-0.034227,51.478847],[-0.034195,51.478851],[-0.034162,51.478854],[-0.034129,51.478856],[-0.034096,51.478856],[-0.034063,51.478855],[-0.034031,51.478852],[-0.033998,51.478848],[-0.033966,51.478843],[-0.033935,51.478836],[-0.033905,51.478829],[-0.033875,51.47882],[-0.033846,51.47881],[-0.033819,51.478798],[-0.033792,51.478786],[-0.033768,51.478772],[-0.033744,51.478758],[-0.033722,51.478742],[-0.033702,51.478726],[-0.033684,51.478709],[-0.033667,51.478691],[-0.033652,51.478673],[-0.033646,51.478664],[-0.03359,51.478581],[-0.033534,51.478498],[-0.033478,51.478416],[-0.033421,51.478333],[-0.033365,51.47825],[-0.033309,51.478167],[-0.033253,51.478084],[-0.033197,51.478002],[-0.033141,51.477919],[-0.033085,51.477836],[-0.033029,51.477753],[-0.033001,51.477713],[-0.032977,51.47768],[-0.032977,51.477679],[-0.032917,51.477598],[-0.032917,51.477598],[-0.032857,51.477516],[-0.032857,51.477516],[-0.032797,51.477435],[-0.032797,51.477434],[-0.032737,51.477353],[-0.032737,51.477352],[-0.032677,51.477271],[-0.032677,51.477271],[-0.032618,51.477189],[-0.032617,51.477189],[-0.032558,51.477108],[-0.032557,51.477107],[-0.032555,51.477104],[-0.032547,51.477093],[-0.032494,51.477014],[-0.032439,51.47693],[-0.032384,51.476847],[-0.032329,51.476764],[-0.032274,51.476681],[-0.032219,51.476598],[-0.032164,51.476515],[-0.032143,51.476483],[-0.032122,51.476457],[-0.032056,51.476377],[-0.03199,51.476297],[-0.031924,51.476217],[-0.031858,51.476138],[-0.031858,51.476137],[-0.031792,51.476058],[-0.031736,51.475989],[-0.031727,51.475978],[-0.031661,51.475898],[-0.031595,51.475818],[-0.031528,51.475739],[-0.031462,51.475659],[-0.031455,51.47565],[-0.031454,51.475649],[-0.031396,51.475578],[-0.03133,51.475498],[-0.031303,51.475465],[-0.031264,51.475418],[-0.031199,51.475338],[-0.031133,51.475258],[-0.031068,51.475178],[-0.031019,51.475118],[-0.03101,51.475108],[-0.03094,51.475029],[-0.030869,51.474951],[-0.030866,51.474947],[-0.030851,51.474929],[-0.030839,51.47491],[-0.030828,51.474891],[-0.030819,51.474871],[-0.030813,51.474851],[-0.030808,51.47483],[-0.030806,51.47481],[-0.030805,51.474789],[-0.030807,51.474769],[-0.030812,51.474748],[-0.030818,51.474728],[-0.030826,51.474708],[-0.030837,51.474688],[-0.030849,51.474669],[-0.030863,51.474651],[-0.03088,51.474633],[-0.030898,51.474616],[-0.030918,51.474599],[-0.030939,51.474584],[-0.030963,51.474569],[-0.030987,51.474555],[-0.031013,51.474543],[-0.031041,51.474531],[-0.031069,51.474521],[-0.031099,51.474512],[-0.031129,51.474504],[-0.03116,51.474497],[-0.031192,51.474492],[-0.031224,51.474487],[-0.031257,51.474485],[-0.03129,51.474483]]]},"properties":{"layer":"dataset-55cdd950-fd18-421a-affd-130d659dc6fd:Noise_Action_Planning_Important_Areas_Round_3_England","r3_ia_id":"Rl_78","source":"Rail","assetowner":"RSSB","round3type":"R1 only","r2_ia_id":"Rl_78","round2type":"R1 only","maxx":"-0.030831285359106415","minx":"-0.034639428610254576","maxy":"51.478855454126915","miny":"51.474482718392942","x":-0.03278378,"y":51.47665468,"aream2":36045.67388242,"lengthm":1139.87040214,"in_cw":false}},
{"type":"Feature","geometry":{"type":"Polygon","coordinates":[[[-0.064372,51.49448],[-0.064371,51.49448],[-0.06437,51.49448],[-0.064335,51.494479],[-0.064334,51.494479],[-0.064333,51.494479],[-0.064333,51.494479],[-0.064333,51.494479],[-0.064332,51.494479],[-0.064332,51.494479],[-0.064296,51.494476],[-0.064296,51.494476],[-0.064295,51.494476],[-0.064295,51.494476],[-0.064295,51.494476],[-0.064294,51.494476],[-0.064293,51.494476],[-0.064258,51.494472],[-0.064258,51.494472],[-0.064257,51.494471],[-0.064257,51.494471],[-0.064257,51.494471],[-0.064256,51.494471],[-0.064256,51.494471],[-0.064221,51.494466],[-0.064221,51.494465],[-0.06422,51.494465],[-0.06422,51.494465],[-0.064219,51.494465],[-0.064218,51.494465],[-0.064218,51.494465],[-0.064184,51.494458],[-0.064184,51.494458],[-0.064183,51.494458],[-0.064183,51.494458],[-0.064183,51.494458],[-0.064182,51.494457],[-0.064182,51.494457],[-0.064148,51.494449],[-0.064148,51.494449],[-0.064147,51.494449],[-0.064147,51.494449],[-0.064147,51.494449],[-0.064146,51.494448],[-0.064146,51.494448],[-0.064114,51.494438],[-0.064113,51.494438],[-0.064112,51.494438],[-0.064112,51.494438],[-0.064112,51.494438],[-0.064111,51.494438],[-0.064111,51.494438],[-0.06408,51.494427],[-0.06408,51.494426],[-0.064079,51.494426],[-0.064079,51.494426],[-0.064079,51.494426],[-0.064078,51.494426],[-0.064078,51.494426],[-0.064048,51.494413],[-0.064047,51.494413],[-0.064047,51.494413],[-0.064046,51.494413],[-0.064045,51.494412],[-0.063963,51.494376],[-0.063931,51.494362],[-0.063929,51.494361],[-0.063813,51.49431],[-0.063811,51.494309],[-0.063695,51.494258],[-0.063693,51.494258],[-0.063577,51.494207],[-0.063575,51.494206],[-0.063459,51.494155],[-0.063457,51.494154],[-0.063341,51.494104],[-0.06334,51.494103],[-0.063223,51.494052],[-0.063222,51.494051],[-0.063105,51.494],[-0.063104,51.494],[-0.062988,51.493949],[-0.062986,51.493948],[-0.06287,51.493897],[-0.062868,51.493896],[-0.062752,51.493846],[-0.06275,51.493845],[-0.062634,51.493794],[-0.062632,51.493793],[-0.062516,51.493742],[-0.062514,51.493742],[-0.062398,51.493691],[-0.062396,51.49369],[-0.06228,51.493639],[-0.062278,51.493638],[-0.062162,51.493588],[-0.06216,51.493587],[-0.062044,51.493536],[-0.062042,51.493535],[-0.062021,51.493526],[-0.060178,51.492747],[-0.060178,51.492747],[-0.060177,51.492747],[-0.060177,51.492747],[-0.060168,51.492743],[-0.060168,51.492743],[-0.060168,51.492743],[-0.060168,51.492743],[-0.060168,51.492743],[-0.060167,51.492743],[-0.060167,51.492743],[-0.060161,51.49274],[-0.060161,51.49274],[-0.060161,51.49274],[-0.060161,51.49274],[-0.05815,51.491825],[-0.05815,51.491825],[-0.058149,51.491825],[-0.058149,51.491825],[-0.058127,51.491814],[-0.058126,51.491814],[-0.058126,51.491814],[-0.058126,51.491813],[-0.058126,51.491813],[-0.058125,51.491813],[-0.058125,51.491813],[-0.058098,51.491798],[-0.058097,51.491798],[-0.058097,51.491798],[-0.058097,51.491798],[-0.058096,51.491798],[-0.058096,51.491797],[-0.058096,51.491797],[-0.05807,51.491781],[-0.05807,51.491781],[-0.058069,51.491781],[-0.058069,51.491781],[-0.058069,51.491781],[-0.058068,51.49178],[-0.058068,51.49178],[-0.058044,51.491763],[-0.058044,51.491763],[-0.058044,51.491763],[-0.058043,51.491763],[-0.058043,51.491763],[-0.058043,51.491762],[-0.058043,51.491762],[-0.058021,51.491744],[-0.05802,51.491744],[-0.05802,51.491744],[-0.05802,51.491744],[-0.05802,51.491744],[-0.058019,51.491743],[-0.058019,51.491743],[-0.057999,51.491724],[-0.057999,51.491724],[-0.057998,51.491724],[-0.057998,51.491724],[-0.057998,51.491724],[-0.057997,51.491723],[-0.057997,51.491723],[-0.057979,51.491704],[-0.057979,51.491704],[-0.057979,51.491703],[-0.057978,51.491703],[-0.057978,51.491703],[-0.057978,51.491702],[-0.057978,51.491702],[-0.057962,51.491682],[-0.057962,51.491682],[-0.057961,51.491681],[-0.057961,51.491681],[-0.057961,51.491681],[-0.057961,51.491681],[-0.057961,51.491681],[-0.057947,51.49166],[-0.057947,51.49166],[-0.057946,51.491659],[-0.057946,51.491659],[-0.057946,51.491659],[-0.057946,51.491658],[-0.057946,51.491658],[-0.057934,51.491637],[-0.057934,51.491637],[-0.057934,51.491636],[-0.057934,51.491636],[-0.057933,51.491636],[-0.057933,51.491636],[-0.057933,51.491635],[-0.057924,51.491614],[-0.057924,51.491614],[-0.057923,51.491613],[-0.057923,51.491613],[-0.057923,51.491613],[-0.057923,51.491612],[-0.057923,51.491612],[-0.057916,51.49159],[-0.057916,51.49159],[-0.057916,51.49159],[-0.057916,51.491589],[-0.057916,51.491589],[-0.057915,51.491589],[-0.057915,51.491589],[-0.05791,51.491566],[-0.05791,51.491566],[-0.05791,51.491566],[-0.05791,51.491566],[-0.05791,51.491565],[-0.05791,51.491565],[-0.05791,51.491565],[-0.057908,51.491542],[-0.057908,51.491542],[-0.057908,51.491542],[-0.057907,51.491541],[-0.057907,51.491541],[-0.057907,51.491541],[-0.057907,51.491541],[-0.057907,51.491518],[-0.057907,51.491518],[-0.057907,51.491517],[-0.057907,51.491517],[-0.057907,51.491517],[-0.057907,51.491517],[-0.057907,51.491517],[-0.057907,51.491516],[-0.057909,51.491494],[-0.057909,51.491494],[-0.05791,51.491493],[-0.05791,51.491493],[-0.05791,51.491493],[-0.05791,51.491493],[-0.05791,51.491492],[-0.057914,51.49147],[-0.057914,51.49147],[-0.057914,51.491469],[-0.057914,51.491469],[-0.057914,51.491469],[-0.057915,51.491469],[-0.057915,51.491468],[-0.057921,51.491447],[-0.057921,51.491446],[-0.057922,51.491446],[-0.057922,51.491446],[-0.057922,51.491446],[-0.057922,51.491445],[-0.057922,51.491445],[-0.057931,51.491423],[-0.057931,51.491423],[-0.057931,51.491422],[-0.057931,51.491422],[-0.057931,51.491422],[-0.057932,51.491422],[-0.057932,51.491421],[-0.057943,51.4914],[-0.057943,51.4914],[-0.057944,51.4914],[-0.057944,51.491399],[-0.057944,51.491399],[-0.057944,51.491399],[-0.057944,51.491399],[-0.057958,51.491378],[-0.057958,51.491378],[-0.057958,51.491377],[-0.057958,51.491377],[-0.057958,51.491377],[-0.057959,51.491376],[-0.057959,51.491376],[-0.057974,51.491356],[-0.057975,51.491356],[-0.057975,51.491356],[-0.057975,51.491355],[-0.057975,51.491355],[-0.057976,51.491355],[-0.057976,51.491355],[-0.057993,51.491335],[-0.057994,51.491335],[-0.057994,51.491335],[-0.057994,51.491334],[-0.057994,51.491334],[-0.057995,51.491334],[-0.057995,51.491334],[-0.058015,51.491315],[-0.058015,51.491315],[-0.058015,51.491314],[-0.058015,51.491314],[-0.058016,51.491314],[-0.058016,51.491314],[-0.058016,51.491314],[-0.058038,51.491296],[-0.058038,51.491296],[-0.058039,51.491295],[-0.058039,51.491295],[-0.058039,51.491295],[-0.05804,51.491295],[-0.05804,51.491294],[-0.058063,51.491278],[-0.058063,51.491277],[-0.058064,51.491277],[-0.058064,51.491277],[-0.058064,51.491277],[-0.058065,51.491276],[-0.058065,51.491276],[-0.05809,51.49126],[-0.05809,51.49126],[-0.058091,51.49126],[-0.058091,51.49126],[-0.058091,51.49126],[-0.058092,51.491259],[-0.058092,51.491259],[-0.058119,51.491244],[-0.058119,51.491244],[-0.05812,51.491244],[-0.05812,51.491244],[-0.05812,51.491244],[-0.058121,51.491243],[-0.058121,51.491243],[-0.058149,51.491229],[-0.05815,51.491229],[-0.05815,51.491229],[-0.058151,51.491229],[-0.058151,51.491229],[-0.058152,51.491228],[-0.058152,51.491228],[-0.058181,51.491216],[-0.058182,51.491216],[-0.058182,51.491215],[-0.058183,51.491215],[-0.058183,51.491215],[-0.058184,51.491215],[-0.058184,51.491215],[-0.058215,51.491204],[-0.058215,51.491204],[-0.058216,51.491203],[-0.058216,51.491203],[-0.058216,51.491203],[-0.058217,51.491203],[-0.058217,51.491203],[-0.058249,51.491193],[-0.058249,51.491193],[-0.05825,51.491192],[-0.05825,51.491192],[-0.058251,51.491192],[-0.058252,51.491192],[-0.058252,51.491192],[-0.058285,51.491183],[-0.058285,51.491183],[-0.058286,51.491183],[-0.058286,51.491183],[-0.058286,51.491183],[-0.058287,51.491183],[-0.058287,51.491183],[-0.058321,51.491175],[-0.058321,51.491175],[-0.058322,51.491175],[-0.058323,51.491175],[-0.058323,51.491175],[-0.058324,51.491175],[-0.058324,51.491175],[-0.058358,51.491169],[-0.058359,51.491169],[-0.05836,51.491169],[-0.05836,51.491169],[-0.05836,51.491169],[-0.058361,51.491169],[-0.058361,51.491169],[-0.058396,51.491164],[-0.058397,51.491164],[-0.058397,51.491164],[-0.058398,51.491164],[-0.058398,51.491164],[-0.058399,51.491164],[-0.058399,51.491164],[-0.058435,51.491161],[-0.058435,51.491161],[-0.058436,51.491161],[-0.058436,51.491161],[-0.058436,51.491161],[-0.058437,51.49116],[-0.058437,51.49116],[-0.058473,51.491159],[-0.058473,51.491159],[-0.058474,51.491159],[-0.058474,51.491159],[-0.058475,51.491159],[-0.058476,51.491159],[-0.058476,51.491159],[-0.058512,51.491159],[-0.058512,51.491159],[-0.058512,51.491159],[-0.058513,51.491159],[-0.058513,51.491159],[-0.058513,51.491159],[-0.058514,51.491159],[-0.058515,51.491159],[-0.05855,51.49116],[-0.058551,51.49116],[-0.058551,51.49116],[-0.058552,51.49116],[-0.058552,51.49116],[-0.058553,51.49116],[-0.058553,51.49116],[-0.058589,51.491163],[-0.058589,51.491163],[-0.05859,51.491163],[-0.05859,51.491163],[-0.05859,51.491163],[-0.058591,51.491163],[-0.058591,51.491163],[-0.058627,51.491167],[-0.058627,51.491168],[-0.058628,51.491168],[-0.058628,51.491168],[-0.058628,51.491168],[-0.058629,51.491168],[-0.058629,51.491168],[-0.058664,51.491174],[-0.058664,51.491174],[-0.058665,51.491174],[-0.058665,51.491174],[-0.058666,51.491174],[-0.058666,51.491174],[-0.058667,51.491174],[-0.058701,51.491181],[-0.058701,51.491181],[-0.058702,51.491181],[-0.058702,51.491181],[-0.058702,51.491181],[-0.058703,51.491182],[-0.058703,51.491182],[-0.058737,51.49119],[-0.058737,51.49119],[-0.058738,51.49119],[-0.058738,51.49119],[-0.058738,51.491191],[-0.058739,51.491191],[-0.058739,51.491191],[-0.058771,51.491201],[-0.058772,51.491201],[-0.058772,51.491201],[-0.058773,51.491201],[-0.058773,51.491201],[-0.058774,51.491201],[-0.058774,51.491201],[-0.058805,51.491212],[-0.058805,51.491213],[-0.058806,51.491213],[-0.058806,51.491213],[-0.058806,51.491213],[-0.058807,51.491213],[-0.058807,51.491213],[-0.058837,51.491226],[-0.058837,51.491226],[-0.058838,51.491226],[-0.058838,51.491226],[-0.058838,51.491226],[-0.058839,51.491226],[-0.058839,51.491226],[-0.058845,51.491229],[-0.058845,51.491229],[-0.058845,51.491229],[-0.058845,51.491229],[-0.060848,51.49214],[-0.062686,51.492917],[-0.062686,51.492917],[-0.062687,51.492917],[-0.062687,51.492917],[-0.062694,51.49292],[-0.062694,51.49292],[-0.062695,51.49292],[-0.062695,51.49292],[-0.062722,51.492932],[-0.062724,51.492933],[-0.06284,51.492984],[-0.062842,51.492985],[-0.062958,51.493036],[-0.06296,51.493036],[-0.063076,51.493087],[-0.063078,51.493088],[-0.063194,51.493139],[-0.063196,51.49314],[-0.063312,51.49319],[-0.063314,51.493191],[-0.06343,51.493242],[-0.063432,51.493243],[-0.063548,51.493294],[-0.063549,51.493294],[-0.063666,51.493345],[-0.063667,51.493346],[-0.063783,51.493397],[-0.063785,51.493398],[-0.063901,51.493448],[-0.063903,51.493449],[-0.064019,51.4935],[-0.064021,51.493501],[-0.064137,51.493552],[-0.064139,51.493552],[-0.064255,51.493603],[-0.064257,51.493604],[-0.064373,51.493655],[-0.064375,51.493656],[-0.064491,51.493707],[-0.064493,51.493707],[-0.064609,51.493758],[-0.064611,51.493759],[-0.064643,51.493773],[-0.064645,51.493774],[-0.064646,51.493775],[-0.06473,51.493812],[-0.06473,51.493812],[-0.064731,51.493812],[-0.064731,51.493812],[-0.064758,51.493825],[-0.064758,51.493825],[-0.064759,51.493825],[-0.064759,51.493826],[-0.064759,51.493826],[-0.06476,51.493826],[-0.06476,51.493826],[-0.064787,51.493841],[-0.064787,51.493841],[-0.064788,51.493841],[-0.064788,51.493841],[-0.064788,51.493841],[-0.064789,51.493842],[-0.064789,51.493842],[-0.064815,51.493858],[-0.064815,51.493858],[-0.064816,51.493858],[-0.064816,51.493858],[-0.064816,51.493858],[-0.064817,51.493859],[-0.064817,51.493859],[-0.06484,51.493876],[-0.064841,51.493876],[-0.064841,51.493876],[-0.064841,51.493876],[-0.064842,51.493876],[-0.064842,51.493877],[-0.064842,51.493877],[-0.064864,51.493895],[-0.064864,51.493895],[-0.064865,51.493895],[-0.064865,51.493895],[-0.064865,51.493895],[-0.064866,51.493896],[-0.064866,51.493896],[-0.064886,51.493915],[-0.064886,51.493915],[-0.064887,51.493915],[-0.064887,51.493915],[-0.064887,51.493915],[-0.064887,51.493916],[-0.064888,51.493916],[-0.064906,51.493935],[-0.064906,51.493935],[-0.064906,51.493936],[-0.064906,51.493936],[-0.064906,51.493936],[-0.064907,51.493937],[-0.064907,51.493937],[-0.064923,51.493957],[-0.064923,51.493957],[-0.064924,51.493958],[-0.064924,51.493958],[-0.064924,51.493958],[-0.064924,51.493958],[-0.064924,51.493958],[-0.064938,51.493979],[-0.064938,51.493979],[-0.064939,51.49398],[-0.064939,51.49398],[-0.064939,51.49398],[-0.064939,51.493981],[-0.064939,51.493981],[-0.064951,51.494002],[-0.064951,51.494002],[-0.064951,51.494003],[-0.064951,51.494003],[-0.064951,51.494003],[-0.064952,51.494003],[-0.064952,51.494004],[-0.064961,51.494025],[-0.064961,51.494025],[-0.064961,51.494026],[-0.064962,51.494026],[-0.064962,51.494026],[-0.064962,51.494027],[-0.064962,51.494027],[-0.064969,51.494049],[-0.064969,51.494049],[-0.064969,51.494049],[-0.064969,51.49405],[-0.064969,51.49405],[-0.064969,51.49405],[-0.06497,51.49405],[-0.064974,51.494073],[-0.064974,51.494073],[-0.064975,51.494073],[-0.064975,51.494073],[-0.064975,51.494074],[-0.064975,51.494074],[-0.064975,51.494074],[-0.064977,51.494097],[-0.064977,51.494097],[-0.064977,51.494097],[-0.064977,51.494098],[-0.064977,51.494098],[-0.064977,51.494098],[-0.064977,51.494098],[-0.064978,51.494121],[-0.064978,51.494121],[-0.064978,51.494122],[-0.064978,51.494122],[-0.064978,51.494122],[-0.064978,51.494122],[-0.064978,51.494122],[-0.064978,51.494123],[-0.064975,51.494145],[-0.064975,51.494145],[-0.064975,51.494146],[-0.064975,51.494146],[-0.064975,51.494146],[-0.064975,51.494146],[-0.064975,51.494147],[-0.064971,51.494169],[-0.064971,51.494169],[-0.064971,51.49417],[-0.064971,51.49417],[-0.06497,51.49417],[-0.06497,51.49417],[-0.06497,51.494171],[-0.064964,51.494192],[-0.064963,51.494193],[-0.064963,51.494193],[-0.064963,51.494193],[-0.064963,51.494193],[-0.064963,51.494194],[-0.064963,51.494194],[-0.064954,51.494216],[-0.064954,51.494216],[-0.064954,51.494217],[-0.064953,51.494217],[-0.064953,51.494217],[-0.064953,51.494217],[-0.064953,51.494218],[-0.064942,51.494239],[-0.064942,51.494239],[-0.064941,51.494239],[-0.064941,51.49424],[-0.064941,51.49424],[-0.064941,51.49424],[-0.064941,51.49424],[-0.064927,51.494261],[-0.064927,51.494261],[-0.064927,51.494262],[-0.064927,51.494262],[-0.064927,51.494262],[-0.064926,51.494263],[-0.064926,51.494263],[-0.06491,51.494283],[-0.06491,51.494283],[-0.06491,51.494283],[-0.06491,51.494284],[-0.06491,51.494284],[-0.064909,51.494284],[-0.064909,51.494284],[-0.064891,51.494304],[-0.064891,51.494304],[-0.064891,51.494304],[-0.064891,51.494305],[-0.064891,51.494305],[-0.06489,51.494305],[-0.06489,51.494305],[-0.06487,51.494324],[-0.06487,51.494324],[-0.06487,51.494325],[-0.064869,51.494325],[-0.064869,51.494325],[-0.064869,51.494325],[-0.064869,51.494325],[-0.064847,51.494343],[-0.064847,51.494343],[-0.064846,51.494344],[-0.064846,51.494344],[-0.064846,51.494344],[-0.064845,51.494344],[-0.064845,51.494345],[-0.064822,51.494362],[-0.064822,51.494362],[-0.064821,51.494362],[-0.064821,51.494362],[-0.064821,51.494362],[-0.06482,51.494363],[-0.06482,51.494363],[-0.064795,51.494379],[-0.064795,51.494379],[-0.064794,51.494379],[-0.064794,51.494379],[-0.064794,51.494379],[-0.064793,51.49438],[-0.064793,51.49438],[-0.064766,51.494395],[-0.064766,51.494395],[-0.064765,51.494395],[-0.064765,51.494395],[-0.064765,51.494395],[-0.064764,51.494396],[-0.064764,51.494396],[-0.064735,51.49441],[-0.064735,51.49441],[-0.064734,51.49441],[-0.064734,51.49441],[-0.064734,51.49441],[-0.064733,51.494411],[-0.064733,51.494411],[-0.064703,51.494423],[-0.064703,51.494423],[-0.064702,51.494424],[-0.064702,51.494424],[-0.064702,51.494424],[-0.064701,51.494424],[-0.064701,51.494424],[-0.06467,51.494435],[-0.06467,51.494435],[-0.064669,51.494436],[-0.064669,51.494436],[-0.064669,51.494436],[-0.064668,51.494436],[-0.064668,51.494436],[-0.064636,51.494446],[-0.064635,51.494446],[-0.064635,51.494447],[-0.064634,51.494447],[-0.064634,51.494447],[-0.064633,51.494447],[-0.064633,51.494447],[-0.0646,51.494456],[-0.0646,51.494456],[-0.064599,51.494456],[-0.064599,51.494456],[-0.064599,51.494456],[-0.064598,51.494456],[-0.064597,51.494456],[-0.064564,51.494464],[-0.064563,51.494464],[-0.064563,51.494464],[-0.064562,51.494464],[-0.064562,51.494464],[-0.064561,51.494464],[-0.064561,51.494464],[-0.064526,51.49447],[-0.064526,51.49447],[-0.064525,51.49447],[-0.064525,51.49447],[-0.064525,51.49447],[-0.064524,51.49447],[-0.064524,51.494471],[-0.064489,51.494475],[-0.064488,51.494475],[-0.064487,51.494475],[-0.064487,51.494475],[-0.064487,51.494475],[-0.064486,51.494475],[-0.064486,51.494475],[-0.06445,51.494478],[-0.06445,51.494478],[-0.064449,51.494478],[-0.064449,51.494478],[-0.064449,51.494478],[-0.064448,51.494479],[-0.064448,51.494479],[-0.064412,51.49448],[-0.064412,51.49448],[-0.064411,51.49448],[-0.06441,51.49448],[-0.06441,51.49448],[-0.064409,51.49448],[-0.064409,51.49448],[-0.064373,51.49448],[-0.064373,51.49448],[-0.064372,51.49448],[-0.064372,51.49448],[-0.064372,51.49448],[-0.064372,51.49448]]]},"properties":{"layer":"dataset-55cdd950-fd18-421a-affd-130d659dc6fd:Noise_Action_Planning_Important_Areas_Round_3_England","r3_ia_id":"Rl_268","source":"Rail","assetowner":"RSSB","round3type":"R1+R2 no change","r2_ia_id":"Rl_268","round2type":"R1+R2 no change","maxx":"-0.05793318757679039","minx":"-0.065003523229864718","maxy":"51.494479298738732","miny":"51.491157713318351","x":-0.06146082,"y":51.49282503,"aream2":46277.64139839,"lengthm":1257.56752433,"in_cw":false}},
{"type":"Feature","geometry":{"type":"Polygon","coordinates":[[[-0.047368,51.512088],[-0.047396,51.512089],[-0.04741,51.51209],[-0.047424,51.512091],[-0.047438,51.512094],[-0.047451,51.512096],[-0.047464,51.5121],[-0.047477,51.512104],[-0.047489,51.512108],[-0.047501,51.512113],[-0.047513,51.512118],[-0.047523,51.512124],[-0.047533,51.51213],[-0.047543,51.512137],[-0.047551,51.512144],[-0.047559,51.512151],[-0.047566,51.512159],[-0.047573,51.512166],[-0.047578,51.512175],[-0.047583,51.512183],[-0.047587,51.512191],[-0.047589,51.5122],[-0.047591,51.512209],[-0.047592,51.512218],[-0.047592,51.512226],[-0.047592,51.512235],[-0.04759,51.512244],[-0.047587,51.512253],[-0.047584,51.512261],[-0.047579,51.51227],[-0.047574,51.512278],[-0.047568,51.512286],[-0.047561,51.512293],[-0.047553,51.512301],[-0.047544,51.512308],[-0.047535,51.512314],[-0.047525,51.512321],[-0.047515,51.512327],[-0.047503,51.512332],[-0.047492,51.512337],[-0.047479,51.512341],[-0.047467,51.512345],[-0.047454,51.512349],[-0.04744,51.512352],[-0.047427,51.512354],[-0.047413,51.512356],[-0.047399,51.512357],[-0.047385,51.512358],[-0.047241,51.512361],[-0.047213,51.512361],[-0.047199,51.512359],[-0.047185,51.512358],[-0.047171,51.512356],[-0.047158,51.512353],[-0.047144,51.512349],[-0.047132,51.512346],[-0.047119,51.512341],[-0.047108,51.512336],[-0.047096,51.512331],[-0.047086,51.512325],[-0.047076,51.512319],[-0.047066,51.512312],[-0.047058,51.512305],[-0.04705,51.512298],[-0.047043,51.512291],[-0.047036,51.512283],[-0.047031,51.512275],[-0.047026,51.512266],[-0.047022,51.512258],[-0.047019,51.512249],[-0.047018,51.51224],[-0.047017,51.512232],[-0.047016,51.512223],[-0.047017,51.512214],[-0.047019,51.512205],[-0.047022,51.512196],[-0.047025,51.512188],[-0.04703,51.51218],[-0.047035,51.512171],[-0.047041,51.512163],[-0.047048,51.512156],[-0.047056,51.512148],[-0.047065,51.512141],[-0.047074,51.512135],[-0.047084,51.512128],[-0.047094,51.512123],[-0.047106,51.512117],[-0.047117,51.512112],[-0.047129,51.512108],[-0.047142,51.512104],[-0.047155,51.5121],[-0.047169,51.512097],[-0.047182,51.512095],[-0.047196,51.512093],[-0.04721,51.512092],[-0.047224,51.512092],[-0.047368,51.512088]]]},"properties":{"layer":"dataset-55cdd950-fd18-421a-affd-130d659dc6fd:Noise_Action_Planning_Important_Areas_Round_3_England","r3_ia_id":"Rl_74","source":"Rail","assetowner":"RSSB","round3type":"R1 only","r2_ia_id":"Rl_74","round2type":"R1 only","maxx":"-0.047043108335620976","minx":"-0.047619116583844226","maxy":"51.512359848561154","miny":"51.512086889995501","x":-0.04733111,"y":51.51222337,"aream2":1006.28988408,"lengthm":114.22880944,"in_cw":false}},
{"type":"Feature","geometry":{"type":"Polygon","coordinates":[[[-0.072311,51.497667],[-0.072315,51.497667],[-0.07232,51.497667],[-0.072339,51.497668],[-0.072344,51.497668],[-0.072348,51.497668],[-0.072367,51.49767],[-0.072372,51.49767],[-0.072376,51.497671],[-0.072395,51.497673],[-0.0724,51.497673],[-0.072404,51.497674],[-0.072422,51.497677],[-0.072427,51.497678],[-0.072431,51.497679],[-0.072449,51.497682],[-0.072454,51.497683],[-0.072458,51.497685],[-0.072476,51.497689],[-0.07248,51.49769],[-0.072484,51.497691],[-0.072501,51.497696],[-0.072505,51.497698],[-0.072509,51.497699],[-0.072526,51.497705],[-0.07253,51.497707],[-0.072534,51.497708],[-0.07255,51.497715],[-0.072554,51.497716],[-0.072556,51.497718],[-0.072567,51.497723],[-0.07257,51.497724],[-0.072684,51.497779],[-0.072685,51.49778],[-0.072685,51.49778],[-0.072689,51.497782],[-0.07269,51.497782],[-0.072693,51.497784],[-0.072707,51.497792],[-0.072711,51.497794],[-0.072714,51.497796],[-0.072728,51.497804],[-0.072731,51.497806],[-0.072734,51.497808],[-0.072747,51.497817],[-0.07275,51.497819],[-0.072753,51.497822],[-0.072764,51.497831],[-0.072767,51.497833],[-0.07277,51.497836],[-0.07278,51.497846],[-0.072783,51.497848],[-0.072785,51.49785],[-0.072795,51.497861],[-0.072797,51.497863],[-0.072799,51.497866],[-0.072808,51.497876],[-0.07281,51.497879],[-0.072812,51.497882],[-0.072819,51.497893],[-0.072821,51.497895],[-0.072823,51.497898],[-0.072829,51.497909],[-0.07283,51.497912],[-0.072832,51.497915],[-0.072837,51.497926],[-0.072838,51.497929],[-0.072839,51.497932],[-0.072843,51.497943],[-0.072843,51.497946],[-0.072844,51.497949],[-0.072847,51.497961],[-0.072847,51.497964],[-0.072848,51.497967],[-0.072849,51.497978],[-0.072849,51.497981],[-0.072849,51.497984],[-0.07285,51.497996],[-0.072849,51.497997],[-0.072849,51.497999],[-0.072849,51.498002],[-0.072848,51.498014],[-0.072848,51.498017],[-0.072847,51.498019],[-0.072845,51.498031],[-0.072844,51.498034],[-0.072843,51.498037],[-0.07284,51.498049],[-0.072839,51.498051],[-0.072838,51.498054],[-0.072833,51.498066],[-0.072832,51.498068],[-0.07283,51.498071],[-0.072824,51.498082],[-0.072823,51.498085],[-0.072821,51.498088],[-0.072814,51.498099],[-0.072812,51.498102],[-0.07281,51.498104],[-0.072802,51.498115],[-0.0728,51.498117],[-0.072798,51.49812],[-0.072788,51.49813],[-0.072786,51.498133],[-0.072783,51.498135],[-0.072773,51.498145],[-0.07277,51.498148],[-0.072768,51.49815],[-0.072756,51.498159],[-0.072753,51.498162],[-0.07275,51.498164],[-0.072738,51.498173],[-0.072735,51.498175],[-0.072732,51.498177],[-0.072718,51.498185],[-0.072715,51.498188],[-0.072711,51.498189],[-0.072697,51.498197],[-0.072694,51.498199],[-0.07269,51.498201],[-0.072675,51.498208],[-0.072671,51.49821],[-0.072668,51.498212],[-0.072652,51.498218],[-0.072648,51.49822],[-0.072644,51.498221],[-0.072628,51.498227],[-0.072624,51.498229],[-0.072619,51.49823],[-0.072603,51.498236],[-0.072598,51.498237],[-0.072594,51.498238],[-0.072577,51.498243],[-0.072572,51.498244],[-0.072568,51.498245],[-0.07255,51.498249],[-0.072546,51.498249],[-0.072541,51.49825],[-0.072523,51.498253],[-0.072518,51.498254],[-0.072514,51.498255],[-0.072495,51.498257],[-0.072491,51.498258],[-0.072486,51.498258],[-0.072467,51.49826],[-0.072463,51.49826],[-0.072458,51.49826],[-0.072439,51.498261],[-0.072434,51.498261],[-0.07243,51.498261],[-0.072411,51.498261],[-0.072406,51.498261],[-0.072401,51.498261],[-0.072383,51.498261],[-0.072378,51.49826],[-0.072373,51.49826],[-0.072355,51.498259],[-0.07235,51.498258],[-0.072345,51.498258],[-0.072327,51.498255],[-0.072322,51.498255],[-0.072318,51.498254],[-0.072299,51.498251],[-0.072295,51.49825],[-0.07229,51.49825],[-0.072272,51.498246],[-0.072268,51.498245],[-0.072264,51.498244],[-0.072246,51.498239],[-0.072242,51.498238],[-0.072237,51.498237],[-0.072221,51.498232],[-0.072216,51.49823],[-0.072212,51.498229],[-0.072196,51.498223],[-0.072192,51.498222],[-0.072188,51.49822],[-0.072172,51.498214],[-0.072168,51.498212],[-0.072165,51.498211],[-0.072154,51.498206],[-0.072151,51.498204],[-0.072038,51.498149],[-0.072037,51.498148],[-0.072033,51.498147],[-0.072032,51.498146],[-0.072029,51.498144],[-0.072014,51.498136],[-0.072011,51.498134],[-0.072007,51.498132],[-0.071994,51.498124],[-0.071991,51.498122],[-0.071987,51.49812],[-0.071975,51.498111],[-0.071972,51.498109],[-0.071969,51.498107],[-0.071957,51.498097],[-0.071954,51.498095],[-0.071952,51.498093],[-0.071941,51.498083],[-0.071939,51.49808],[-0.071936,51.498078],[-0.071927,51.498068],[-0.071924,51.498065],[-0.071922,51.498063],[-0.071914,51.498052],[-0.071912,51.498049],[-0.07191,51.498047],[-0.071902,51.498036],[-0.071901,51.498033],[-0.071899,51.49803],[-0.071893,51.498019],[-0.071891,51.498016],[-0.07189,51.498014],[-0.071885,51.498002],[-0.071884,51.497999],[-0.071883,51.497997],[-0.071879,51.497985],[-0.071878,51.497982],[-0.071878,51.497979],[-0.071875,51.497968],[-0.071874,51.497965],[-0.071874,51.497962],[-0.071873,51.49795],[-0.071872,51.497947],[-0.071872,51.497944],[-0.071872,51.497932],[-0.071872,51.497931],[-0.071872,51.497929],[-0.071872,51.497926],[-0.071873,51.497915],[-0.071874,51.497912],[-0.071874,51.497909],[-0.071877,51.497897],[-0.071877,51.497894],[-0.071878,51.497891],[-0.071882,51.49788],[-0.071883,51.497877],[-0.071884,51.497874],[-0.071889,51.497863],[-0.07189,51.49786],[-0.071891,51.497857],[-0.071897,51.497846],[-0.071899,51.497843],[-0.0719,51.49784],[-0.071908,51.497829],[-0.071909,51.497827],[-0.071911,51.497824],[-0.07192,51.497813],[-0.071922,51.497811],[-0.071924,51.497808],[-0.071933,51.497798],[-0.071936,51.497796],[-0.071938,51.497793],[-0.071949,51.497783],[-0.071951,51.497781],[-0.071954,51.497778],[-0.071965,51.497769],[-0.071968,51.497767],[-0.071971,51.497764],[-0.071984,51.497756],[-0.071987,51.497753],[-0.07199,51.497751],[-0.072003,51.497743],[-0.072007,51.497741],[-0.07201,51.497739],[-0.072024,51.497731],[-0.072028,51.497729],[-0.072032,51.497727],[-0.072046,51.49772],[-0.07205,51.497718],[-0.072054,51.497717],[-0.07207,51.49771],[-0.072074,51.497708],[-0.072078,51.497707],[-0.072094,51.497701],[-0.072098,51.497699],[-0.072102,51.497698],[-0.072119,51.497693],[-0.072123,51.497692],[-0.072128,51.49769],[-0.072145,51.497686],[-0.072149,51.497685],[-0.072154,51.497684],[-0.072172,51.49768],[-0.072176,51.497679],[-0.072181,51.497678],[-0.072199,51.497675],[-0.072203,51.497674],[-0.072208,51.497674],[-0.072226,51.497671],[-0.072231,51.497671],[-0.072236,51.49767],[-0.072254,51.497669],[-0.072259,51.497668],[-0.072264,51.497668],[-0.072282,51.497667],[-0.072287,51.497667],[-0.072292,51.497667],[-0.072311,51.497667]]]},"properties":{"layer":"dataset-55cdd950-fd18-421a-affd-130d659dc6fd:Noise_Action_Planning_Important_Areas_Round_3_England","r3_ia_id":"Rl_1370","source":"Rail","assetowner":"RSSB","round3type":"R2 only","r2_ia_id":"Rl_1370","round2type":"R2 only","maxx":"-0.071898000155622505","minx":"-0.072875387880736761","maxy":"51.498260305728834","miny":"51.497665688265478","x":-0.07238669,"y":51.497963,"aream2":3426.26887031,"lengthm":208.47080985,"in_cw":false}},
{"type":"Feature","geometry":{"type":"MultiPolygon","coordinates":[[[[-0.095,51.504326],[-0.094916,51.504332],[-0.094915,51.504332],[-0.094905,51.504333],[-0.094821,51.50435],[-0.094684,51.504378],[-0.094547,51.504406],[-0.09441,51.504434],[-0.094273,51.504462],[-0.094137,51.50449],[-0.094,51.504518],[-0.093863,51.504545],[-0.093751,51.504568],[-0.093645,51.504606],[-0.093519,51.50465],[-0.093394,51.504695],[-0.093269,51.504739],[-0.093194,51.504765],[-0.093191,51.504767],[-0.093178,51.50477],[-0.093176,51.504771],[-0.093125,51.504785],[-0.093123,51.504786],[-0.092994,51.504822],[-0.092992,51.504823],[-0.092981,51.504826],[-0.092903,51.504859],[-0.092784,51.50491],[-0.092777,51.504913],[-0.092702,51.504956],[-0.092693,51.504961],[-0.092682,51.504967],[-0.09267,51.504972],[-0.092658,51.504976],[-0.092645,51.50498],[-0.092632,51.504984],[-0.092619,51.504986],[-0.092605,51.504989],[-0.092591,51.504991],[-0.092577,51.504992],[-0.092563,51.504992],[-0.092549,51.504992],[-0.092535,51.504992],[-0.092521,51.504991],[-0.092507,51.504989],[-0.092493,51.504987],[-0.09248,51.504984],[-0.092467,51.504981],[-0.092454,51.504977],[-0.092442,51.504973],[-0.09243,51.504968],[-0.092419,51.504963],[-0.092408,51.504957],[-0.092398,51.504951],[-0.092389,51.504944],[-0.09238,51.504937],[-0.092372,51.50493],[-0.092365,51.504922],[-0.092358,51.504914],[-0.092353,51.504906],[-0.092348,51.504898],[-0.092345,51.504889],[-0.092342,51.504881],[-0.09234,51.504872],[-0.092339,51.504863],[-0.092339,51.504854],[-0.092339,51.504845],[-0.092341,51.504837],[-0.092344,51.504828],[-0.092347,51.504819],[-0.092352,51.504811],[-0.092357,51.504803],[-0.092363,51.504795],[-0.09237,51.504787],[-0.092378,51.50478],[-0.092387,51.504773],[-0.092396,51.504766],[-0.092406,51.50476],[-0.092408,51.504759],[-0.092495,51.504708],[-0.092504,51.504703],[-0.092515,51.504698],[-0.09252,51.504696],[-0.092541,51.504687],[-0.09266,51.504636],[-0.092753,51.504596],[-0.09276,51.504594],[-0.092772,51.504589],[-0.092785,51.504585],[-0.092786,51.504585],[-0.092813,51.504577],[-0.092814,51.504577],[-0.092944,51.504541],[-0.092946,51.50454],[-0.09299,51.504528],[-0.093056,51.504504],[-0.093181,51.50446],[-0.093306,51.504416],[-0.093431,51.504371],[-0.093557,51.504327],[-0.09356,51.504326],[-0.093573,51.504322],[-0.093586,51.504318],[-0.093596,51.504316],[-0.093729,51.504289],[-0.093865,51.504261],[-0.094002,51.504233],[-0.094139,51.504205],[-0.094276,51.504177],[-0.094413,51.50415],[-0.09455,51.504122],[-0.094687,51.504094],[-0.094792,51.504072],[-0.094795,51.504072],[-0.094809,51.504069],[-0.094823,51.504068],[-0.094835,51.504066],[-0.094869,51.504064],[-0.09487,51.504064],[-0.095,51.504055],[-0.095,51.504326]]]]},"properties":{"layer":"dataset-55cdd950-fd18-421a-affd-130d659dc6fd:Noise_Action_Planning_Important_Areas_Round_3_England","r3_ia_id":"Rl_112","source":"Rail","assetowner":"RSSB","round3type":"R1 only","r2_ia_id":"Rl_112","round2type":"R1 only","maxx":"-0.092364297034340209","minx":"-0.09852985139051193","maxy":"51.50499108559341","miny":"51.503869005207292","x":-0.09536709,"y":51.50426194,"aream2":13204.78511054,"lengthm":927.44617236,"clipped_to_zone":true,"in_cw":false}},
{"type":"Feature","geometry":{"type":"MultiPolygon","coordinates":[[[[0.015,51.485682],[0.015,51.485682],[0.014966,51.485682],[0.014961,51.485682],[0.014958,51.485682],[0.014932,51.485682],[0.012629,51.485713],[0.012628,51.485713],[0.012627,51.485713],[0.012625,51.485713],[0.011689,51.485729],[0.011685,51.485729],[0.011647,51.485731],[0.011642,51.485731],[0.011642,51.485731],[0.011636,51.485731],[0.011636,51.485731],[0.010633,51.485795],[0.010495,51.485804],[0.010493,51.485804],[0.010355,51.485812],[0.010355,51.485812],[0.010351,51.485812],[0.010211,51.48582],[0.010211,51.48582],[0.010207,51.48582],[0.010068,51.485827],[0.010068,51.485827],[0.010064,51.485828],[0.009924,51.485835],[0.009924,51.485835],[0.00992,51.485835],[0.009781,51.485843],[0.009781,51.485843],[0.009777,51.485843],[0.009638,51.485851],[0.009637,51.485851],[0.009634,51.485851],[0.009494,51.485858],[0.009494,51.485858],[0.00949,51.485859],[0.009408,51.485863],[0.007931,51.485601],[0.007526,51.485433],[0.007524,51.485432],[0.007512,51.485427],[0.00751,51.485427],[0.007508,51.485426],[0.007492,51.48542],[0.00749,51.485419],[0.006949,51.485222],[0.006946,51.485221],[0.00693,51.485215],[0.006928,51.485214],[0.006924,51.485213],[0.00689,51.485202],[0.006886,51.485201],[0.006885,51.485201],[0.006877,51.485199],[0.006876,51.485198],[0.006016,51.484961],[0.006013,51.48496],[0.005986,51.484954],[0.005982,51.484953],[0.00598,51.484952],[0.005957,51.484947],[0.005954,51.484946],[0.005524,51.484856],[0.004553,51.484641],[0.003484,51.484309],[0.003354,51.484263],[0.003353,51.484263],[0.003344,51.48426],[0.003343,51.484259],[0.003342,51.484259],[0.003336,51.484257],[0.003335,51.484257],[0.002257,51.483904],[0.001264,51.483532],[0.001262,51.483531],[0.001255,51.483529],[0.00125,51.483527],[0.001247,51.483526],[0.001174,51.4835],[0.001173,51.4835],[0.001165,51.483497],[0.001164,51.483496],[0.001159,51.483495],[0.001126,51.483484],[0.001122,51.483483],[0.001007,51.48345],[0.001005,51.483449],[0.000966,51.483433],[0.000925,51.483418],[0.000914,51.483414],[-0.000648,51.482908],[-0.000679,51.482898],[-0.000722,51.482887],[-0.000767,51.482877],[-0.000812,51.48287],[-0.000858,51.482864],[-0.000905,51.48286],[-0.000952,51.482858],[-0.000999,51.482857],[-0.001046,51.482859],[-0.001093,51.482863],[-0.001139,51.482868],[-0.001185,51.482876],[-0.001229,51.482885],[-0.001273,51.482896],[-0.001315,51.482909],[-0.001356,51.482924],[-0.001396,51.48294],[-0.001433,51.482958],[-0.001469,51.482977],[-0.001502,51.482998],[-0.001533,51.48302],[-0.001562,51.483043],[-0.001589,51.483067],[-0.001612,51.483093],[-0.001633,51.483119],[-0.001652,51.483146],[-0.001667,51.483174],[-0.00168,51.483202],[-0.001689,51.483231],[-0.001695,51.48326],[-0.001699,51.48329],[-0.001699,51.483319],[-0.001696,51.483348],[-0.00169,51.483378],[-0.001681,51.483406],[-0.001669,51.483435],[-0.001654,51.483463],[-0.001637,51.48349],[-0.001616,51.483516],[-0.001593,51.483542],[-0.001567,51.483567],[-0.001538,51.48359],[-0.001507,51.483612],[-0.001474,51.483633],[-0.001439,51.483653],[-0.001402,51.483671],[-0.001363,51.483687],[-0.001322,51.483702],[-0.001311,51.483706],[0.000251,51.484212],[0.000263,51.484216],[0.000264,51.484216],[0.000268,51.484218],[0.000271,51.48422],[0.000303,51.484233],[0.000307,51.484234],[0.000311,51.484236],[0.000343,51.484248],[0.000347,51.484249],[0.000351,51.484251],[0.000385,51.484261],[0.000389,51.484262],[0.000493,51.484292],[0.000532,51.484306],[0.001534,51.484681],[0.001537,51.484682],[0.001559,51.48469],[0.001562,51.484691],[0.001562,51.484691],[0.001569,51.484693],[0.00157,51.484694],[0.002656,51.48505],[0.002793,51.485098],[0.002794,51.485098],[0.002803,51.485101],[0.002804,51.485101],[0.002806,51.485102],[0.002824,51.485108],[0.002826,51.485109],[0.00395,51.485458],[0.003952,51.485459],[0.003968,51.485463],[0.00397,51.485464],[0.003975,51.485465],[0.004009,51.485474],[0.004014,51.485475],[0.004015,51.485476],[0.004029,51.485479],[0.00403,51.485479],[0.005049,51.485705],[0.005051,51.485705],[0.005054,51.485706],[0.005057,51.485707],[0.00506,51.485707],[0.005465,51.485792],[0.006257,51.486011],[0.006746,51.486189],[0.007227,51.486389],[0.007229,51.486389],[0.007241,51.486394],[0.007242,51.486395],[0.007246,51.486396],[0.007279,51.486408],[0.007283,51.48641],[0.007287,51.486411],[0.007321,51.486422],[0.007325,51.486423],[0.00733,51.486424],[0.007364,51.486433],[0.007369,51.486434],[0.007373,51.486435],[0.007409,51.486443],[0.007413,51.486444],[0.007415,51.486444],[0.007428,51.486447],[0.007429,51.486447],[0.009142,51.48675],[0.009145,51.486751],[0.009169,51.486755],[0.009172,51.486755],[0.009176,51.486756],[0.009213,51.48676],[0.009218,51.486761],[0.009222,51.486761],[0.00926,51.486765],[0.009264,51.486765],[0.009269,51.486765],[0.009307,51.486767],[0.009311,51.486767],[0.009316,51.486767],[0.009354,51.486767],[0.009359,51.486767],[0.009363,51.486767],[0.009397,51.486766],[0.009401,51.486766],[0.009405,51.486765],[0.009475,51.486762],[0.009475,51.486762],[0.009479,51.486761],[0.009618,51.486754],[0.009618,51.486754],[0.009622,51.486754],[0.009762,51.486746],[0.009762,51.486746],[0.009765,51.486746],[0.009905,51.486739],[0.009905,51.486738],[0.009909,51.486738],[0.010048,51.486731],[0.010049,51.486731],[0.010052,51.486731],[0.010192,51.486723],[0.010192,51.486723],[0.010196,51.486723],[0.010335,51.486715],[0.010335,51.486715],[0.010339,51.486715],[0.010479,51.486708],[0.010479,51.486708],[0.010483,51.486707],[0.010622,51.4867],[0.010623,51.4867],[0.010627,51.4867],[0.010627,51.4867],[0.010628,51.486699],[0.010631,51.486699],[0.010633,51.486699],[0.010633,51.486699],[0.010637,51.486699],[0.010637,51.486699],[0.011756,51.486627],[0.012521,51.486614],[0.012661,51.486612],[0.012664,51.486612],[0.012804,51.48661],[0.014964,51.486581],[0.015,51.486582],[0.015,51.485682]]]]},"properties":{"layer":"dataset-55cdd950-fd18-421a-affd-130d659dc6fd:Noise_Action_Planning_Important_Areas_Round_3_England","r3_ia_id":"14884","source":"Road","assetowner":"TfL & Greenwich","round3type":"R1+R2+R3 extend (R3)","r2_ia_id":"573*","round2type":"R1+R2 no change","maxx":"0.019846912986478473","minx":"-0.0017249826140305381","maxy":"51.487424126205653","miny":"51.482857056020407","x":0.00946442,"y":51.48552709,"aream2":168208.24558336,"lengthm":3482.84547783,"clipped_to_zone":true,"in_cw":false}},
{"type":"Feature","geometry":{"type":"MultiPolygon","coordinates":[[[[-0.031963,51.476146],[-0.031932,51.476145],[-0.0319,51.476143],[-0.031883,51.476141],[-0.031858,51.476138],[-0.030696,51.475995],[-0.030682,51.475993],[-0.03065,51.475988],[-0.030643,51.475987],[-0.030358,51.475931],[-0.030357,51.47593],[-0.030353,51.47593],[-0.028624,51.475651],[-0.028606,51.475648],[-0.028605,51.475648],[-0.02853,51.475634],[-0.02853,51.475634],[-0.028527,51.475633],[-0.028392,51.475608],[-0.028392,51.475608],[-0.028389,51.475607],[-0.028254,51.475582],[-0.028254,51.475582],[-0.028252,51.475581],[-0.028116,51.475556],[-0.028116,51.475556],[-0.028114,51.475555],[-0.027992,51.475532],[-0.027991,51.475532],[-0.027986,51.475531],[-0.02693,51.475372],[-0.026928,51.475371],[-0.026925,51.475371],[-0.026222,51.475262],[-0.02622,51.475262],[-0.026218,51.475261],[-0.025987,51.475232],[-0.025977,51.475231],[-0.025956,51.475227],[-0.024452,51.474972],[-0.024448,51.474971],[-0.024443,51.474971],[-0.024436,51.47497],[-0.024434,51.47497],[-0.024427,51.474969],[-0.024421,51.474969],[-0.024414,51.474969],[-0.024407,51.474969],[-0.024401,51.47497],[-0.024394,51.474971],[-0.024388,51.474972],[-0.024382,51.474973],[-0.024376,51.474975],[-0.02437,51.474977],[-0.024364,51.474979],[-0.024359,51.474981],[-0.024353,51.474983],[-0.024349,51.474986],[-0.024344,51.474989],[-0.02434,51.474992],[-0.024336,51.474996],[-0.024332,51.474999],[-0.024329,51.475003],[-0.024326,51.475006],[-0.024289,51.475057],[-0.024289,51.475057],[-0.024287,51.475059],[-0.024229,51.475139],[-0.024229,51.475139],[-0.024227,51.475141],[-0.02417,51.475221],[-0.02417,51.475221],[-0.024168,51.475223],[-0.024109,51.475304],[-0.024096,51.47532],[-0.024081,51.475337],[-0.024064,51.475353],[-0.024045,51.475369],[-0.024024,51.475383],[-0.024003,51.475397],[-0.023979,51.47541],[-0.023955,51.475422],[-0.023929,51.475433],[-0.023902,51.475443],[-0.023874,51.475451],[-0.023846,51.475459],[-0.023816,51.475465],[-0.023786,51.47547],[-0.023756,51.475474],[-0.023725,51.475477],[-0.023694,51.475478],[-0.023663,51.475478],[-0.023632,51.475477],[-0.023601,51.475475],[-0.023571,51.475471],[-0.023541,51.475466],[-0.023511,51.47546],[-0.023482,51.475453],[-0.023454,51.475444],[-0.023427,51.475435],[-0.023401,51.475424],[-0.023377,51.475412],[-0.023353,51.4754],[-0.023331,51.475386],[-0.02331,51.475371],[-0.023291,51.475356],[-0.023274,51.47534],[-0.023258,51.475323],[-0.023244,51.475306],[-0.023232,51.475288],[-0.023222,51.47527],[-0.023214,51.475251],[-0.023208,51.475232],[-0.023203,51.475213],[-0.023201,51.475193],[-0.023201,51.475174],[-0.023203,51.475155],[-0.023207,51.475135],[-0.023213,51.475116],[-0.023221,51.475097],[-0.02323,51.475079],[-0.023243,51.47506],[-0.023244,51.475059],[-0.023301,51.47498],[-0.023301,51.47498],[-0.023303,51.474977],[-0.023356,51.474905],[-0.023356,51.474904],[-0.023359,51.4749],[-0.023361,51.474896],[-0.023363,51.474892],[-0.023364,51.474888],[-0.023365,51.474884],[-0.023365,51.47488],[-0.023365,51.474876],[-0.023365,51.474872],[-0.023364,51.474868],[-0.023362,51.474864],[-0.023361,51.47486],[-0.023358,51.474856],[-0.023356,51.474852],[-0.023353,51.474848],[-0.02335,51.474845],[-0.023346,51.474842],[-0.023342,51.474838],[-0.023338,51.474835],[-0.023333,51.474832],[-0.023328,51.47483],[-0.023323,51.474827],[-0.023317,51.474825],[-0.023311,51.474823],[-0.023305,51.474821],[-0.023299,51.474819],[-0.023293,51.474818],[-0.023287,51.474817],[-0.023274,51.474815],[-0.023274,51.474815],[-0.02327,51.474815],[-0.023134,51.474795],[-0.023134,51.474795],[-0.02313,51.474794],[-0.022994,51.474774],[-0.022994,51.474774],[-0.022989,51.474773],[-0.022854,51.474754],[-0.022853,51.474753],[-0.022849,51.474753],[-0.022714,51.474733],[-0.022713,51.474733],[-0.022709,51.474732],[-0.022573,51.474712],[-0.022573,51.474712],[-0.022569,51.474712],[-0.022433,51.474692],[-0.022433,51.474692],[-0.022429,51.474691],[-0.022293,51.474671],[-0.022293,51.474671],[-0.022289,51.474671],[-0.022153,51.474651],[-0.022153,51.474651],[-0.022149,51.47465],[-0.022013,51.47463],[-0.022013,51.47463],[-0.022009,51.474629],[-0.021873,51.47461],[-0.021873,51.47461],[-0.021868,51.474609],[-0.021733,51.474589],[-0.021732,51.474589],[-0.021728,51.474588],[-0.021592,51.474568],[-0.021592,51.474568],[-0.021588,51.474568],[-0.021466,51.47455],[-0.021466,51.47455],[-0.021459,51.474549],[-0.021453,51.474549],[-0.021446,51.474548],[-0.021291,51.474546],[-0.021258,51.474544],[-0.021227,51.474542],[-0.021197,51.474538],[-0.021167,51.474533],[-0.021137,51.474527],[-0.021108,51.47452],[-0.02108,51.474511],[-0.021063,51.474505],[-0.019669,51.474],[-0.021874,51.474],[-0.021942,51.47401],[-0.021942,51.47401],[-0.021946,51.474011],[-0.022082,51.474031],[-0.022082,51.474031],[-0.022086,51.474031],[-0.022222,51.474051],[-0.022222,51.474051],[-0.022226,51.474052],[-0.022362,51.474072],[-0.022362,51.474072],[-0.022366,51.474073],[-0.022502,51.474092],[-0.022502,51.474092],[-0.022506,51.474093],[-0.022642,51.474113],[-0.022642,51.474113],[-0.022647,51.474114],[-0.022782,51.474134],[-0.022783,51.474134],[-0.022787,51.474134],[-0.022922,51.474154],[-0.022923,51.474154],[-0.022927,51.474155],[-0.023063,51.474175],[-0.023063,51.474175],[-0.023067,51.474175],[-0.023203,51.474195],[-0.023203,51.474195],[-0.023207,51.474196],[-0.023343,51.474216],[-0.023343,51.474216],[-0.023347,51.474216],[-0.023483,51.474236],[-0.023483,51.474236],[-0.023487,51.474237],[-0.023623,51.474257],[-0.023623,51.474257],[-0.023627,51.474258],[-0.023763,51.474278],[-0.023763,51.474278],[-0.023768,51.474278],[-0.023903,51.474298],[-0.023904,51.474298],[-0.023908,51.474299],[-0.024044,51.474319],[-0.024044,51.474319],[-0.024048,51.474319],[-0.024173,51.474338],[-0.024174,51.474338],[-0.024178,51.474338],[-0.024635,51.474389],[-0.024657,51.474392],[-0.024678,51.474396],[-0.026189,51.474652],[-0.026193,51.474653],[-0.026195,51.474653],[-0.02642,51.474682],[-0.02643,51.474683],[-0.02644,51.474684],[-0.027138,51.474793],[-0.027151,51.474795],[-0.027152,51.474795],[-0.027155,51.474795],[-0.027156,51.474795],[-0.027292,51.474816],[-0.028224,51.474957],[-0.02825,51.474961],[-0.028251,51.474961],[-0.028386,51.474987],[-0.028386,51.474987],[-0.028389,51.474987],[-0.028524,51.475013],[-0.028524,51.475013],[-0.028526,51.475013],[-0.028662,51.475039],[-0.028662,51.475039],[-0.028664,51.475039],[-0.028799,51.475065],[-0.0288,51.475065],[-0.028802,51.475065],[-0.028868,51.475078],[-0.028868,51.475078],[-0.028872,51.475078],[-0.030604,51.475357],[-0.030622,51.475361],[-0.03063,51.475362],[-0.030899,51.475415],[-0.0309,51.475415],[-0.030907,51.475416],[-0.03091,51.475417],[-0.031303,51.475465],[-0.032004,51.475551],[-0.032008,51.475551],[-0.032015,51.475552],[-0.032021,51.475552],[-0.032027,51.475552],[-0.03221,51.475549],[-0.032211,51.475549],[-0.032218,51.475549],[-0.032225,51.475548],[-0.032231,51.475547],[-0.032237,51.475546],[-0.032244,51.475545],[-0.03225,51.475543],[-0.032256,51.475541],[-0.032261,51.475539],[-0.032267,51.475537],[-0.032272,51.475535],[-0.032277,51.475532],[-0.032281,51.475529],[-0.032286,51.475526],[-0.03229,51.475522],[-0.032293,51.475519],[-0.032297,51.475515],[-0.0323,51.475512],[-0.032302,51.475508],[-0.032304,51.475504],[-0.032306,51.4755],[-0.032307,51.475496],[-0.032308,51.475492],[-0.032308,51.475486],[-0.032309,51.475311],[-0.032309,51.475127],[-0.032309,51.475125],[-0.032309,51.475124],[-0.032309,51.475121],[-0.032309,51.475118],[-0.032311,51.475098],[-0.032315,51.475079],[-0.032321,51.47506],[-0.032329,51.475041],[-0.032339,51.475023],[-0.03235,51.475005],[-0.032364,51.474988],[-0.032379,51.474971],[-0.032397,51.474954],[-0.032415,51.474939],[-0.032436,51.474924],[-0.032458,51.474911],[-0.032481,51.474898],[-0.032505,51.474886],[-0.032531,51.474875],[-0.032558,51.474865],[-0.032586,51.474856],[-0.032614,51.474849],[-0.032645,51.474842],[-0.032647,51.474842],[-0.032731,51.474826],[-0.032732,51.474826],[-0.032736,51.474825],[-0.032869,51.4748],[-0.032869,51.4748],[-0.032874,51.474799],[-0.033007,51.474774],[-0.033007,51.474774],[-0.033011,51.474773],[-0.033145,51.474748],[-0.033145,51.474748],[-0.033149,51.474747],[-0.033283,51.474722],[-0.033283,51.474722],[-0.033287,51.474721],[-0.03342,51.474696],[-0.033421,51.474696],[-0.033425,51.474695],[-0.033558,51.47467],[-0.033559,51.47467],[-0.033563,51.47467],[-0.033696,51.474644],[-0.033696,51.474644],[-0.0337,51.474644],[-0.033834,51.474618],[-0.033834,51.474618],[-0.033838,51.474618],[-0.033867,51.474612],[-0.033867,51.474612],[-0.033874,51.474611],[-0.03388,51.474609],[-0.033886,51.474607],[-0.033891,51.474605],[-0.033897,51.474603],[-0.033902,51.4746],[-0.033907,51.474598],[-0.033912,51.474595],[-0.033916,51.474592],[-0.03392,51.474588],[-0.033923,51.474585],[-0.033927,51.474581],[-0.03393,51.474578],[-0.033932,51.474574],[-0.033934,51.47457],[-0.033936,51.474566],[-0.033937,51.474562],[-0.033938,51.474558],[-0.033938,51.474554],[-0.033938,51.47455],[-0.033938,51.474546],[-0.033937,51.474541],[-0.033936,51.474537],[-0.033934,51.474533],[-0.033932,51.47453],[-0.033929,51.474526],[-0.033926,51.474522],[-0.033923,51.474519],[-0.033919,51.474515],[-0.033917,51.474514],[-0.033466,51.474147],[-0.033466,51.474147],[-0.033465,51.474146],[-0.033465,51.474146],[-0.033285,51.474],[-0.034484,51.474],[-0.035177,51.474563],[-0.035177,51.474564],[-0.035315,51.474673],[-0.035316,51.474674],[-0.035321,51.474677],[-0.035326,51.47468],[-0.035331,51.474683],[-0.035336,51.474685],[-0.035341,51.474688],[-0.035344,51.474689],[-0.036965,51.475267],[-0.036968,51.475268],[-0.036973,51.47527],[-0.03698,51.475272],[-0.036986,51.475273],[-0.036992,51.475274],[-0.036999,51.475275],[-0.037005,51.475275],[-0.037012,51.475276],[-0.037018,51.475275],[-0.037025,51.475275],[-0.037032,51.475275],[-0.037038,51.475274],[-0.037042,51.475273],[-0.038888,51.474941],[-0.03889,51.474941],[-0.038897,51.474939],[-0.038897,51.474939],[-0.039007,51.474913],[-0.039009,51.474912],[-0.039009,51.474912],[-0.039947,51.474686],[-0.039949,51.474686],[-0.039949,51.474686],[-0.040082,51.474654],[-0.040083,51.474653],[-0.040083,51.474653],[-0.040484,51.474556],[-0.040486,51.474556],[-0.040486,51.474556],[-0.040546,51.474541],[-0.040547,51.474541],[-0.040548,51.474541],[-0.040682,51.474509],[-0.040968,51.474441],[-0.040999,51.474434],[-0.04103,51.474429],[-0.041042,51.474427],[-0.041334,51.474388],[-0.041337,51.474388],[-0.041343,51.474387],[-0.041349,51.474385],[-0.041356,51.474384],[-0.041357,51.474383],[-0.042052,51.474173],[-0.042061,51.47417],[-0.04209,51.474162],[-0.042121,51.474156],[-0.042122,51.474155],[-0.042149,51.47415],[-0.042149,51.47415],[-0.042152,51.47415],[-0.042286,51.474124],[-0.042286,51.474124],[-0.042289,51.474124],[-0.042424,51.474098],[-0.042424,51.474098],[-0.042426,51.474098],[-0.042455,51.474093],[-0.04248,51.474089],[-0.042956,51.474035],[-0.042961,51.474034],[-0.042993,51.474031],[-0.043025,51.47403],[-0.04305,51.47403],[-0.045194,51.474048],[-0.0452,51.474048],[-0.045208,51.474048],[-0.04602,51.474069],[-0.046021,51.474069],[-0.046028,51.474069],[-0.046035,51.474069],[-0.046041,51.474068],[-0.046048,51.474067],[-0.046054,51.474066],[-0.04606,51.474065],[-0.046066,51.474064],[-0.046069,51.474063],[-0.046069,51.474063],[-0.046072,51.474062],[-0.0462,51.474025],[-0.0462,51.474025],[-0.046203,51.474025],[-0.046289,51.474],[-0.047312,51.474],[-0.047321,51.474008],[-0.047337,51.474025],[-0.047351,51.474042],[-0.047363,51.47406],[-0.047373,51.474078],[-0.047381,51.474097],[-0.047388,51.474116],[-0.047392,51.474135],[-0.047394,51.474155],[-0.047394,51.474174],[-0.047392,51.474194],[-0.047389,51.474213],[-0.047383,51.474232],[-0.047375,51.474251],[-0.047365,51.474269],[-0.047353,51.474287],[-0.04734,51.474305],[-0.047324,51.474321],[-0.047307,51.474338],[-0.047288,51.474353],[-0.047268,51.474368],[-0.047246,51.474382],[-0.047223,51.474394],[-0.047198,51.474406],[-0.047173,51.474417],[-0.047146,51.474427],[-0.047118,51.474436],[-0.047089,51.474443],[-0.047073,51.474447],[-0.046884,51.474488],[-0.04688,51.474488],[-0.046874,51.47449],[-0.046868,51.474492],[-0.046863,51.474494],[-0.046857,51.474496],[-0.046852,51.474499],[-0.046847,51.474501],[-0.046842,51.474504],[-0.046838,51.474507],[-0.046834,51.474511],[-0.046831,51.474514],[-0.046827,51.474518],[-0.046824,51.474521],[-0.046822,51.474525],[-0.04682,51.474529],[-0.046818,51.474533],[-0.046817,51.474537],[-0.046816,51.474541],[-0.046816,51.474545],[-0.046816,51.47455],[-0.046816,51.474554],[-0.046817,51.474558],[-0.046818,51.474562],[-0.04682,51.474566],[-0.046822,51.47457],[-0.046825,51.474573],[-0.046826,51.474575],[-0.047057,51.474871],[-0.047061,51.474877],[-0.047069,51.474888],[-0.047166,51.475012],[-0.047166,51.475012],[-0.04717,51.475018],[-0.04717,51.475018],[-0.047171,51.475018],[-0.047171,51.475018],[-0.047171,51.475018],[-0.047182,51.475036],[-0.047182,51.475036],[-0.047183,51.475036],[-0.047183,51.475036],[-0.047183,51.475036],[-0.047183,51.475036],[-0.047183,51.475036],[-0.047193,51.475054],[-0.047193,51.475054],[-0.047193,51.475054],[-0.047193,51.475054],[-0.047193,51.475054],[-0.047193,51.475055],[-0.047193,51.475055],[-0.047201,51.475073],[-0.047201,51.475073],[-0.047201,51.475073],[-0.047201,51.475073],[-0.047201,51.475073],[-0.047201,51.475073],[-0.047201,51.475073],[-0.047207,51.475092],[-0.047207,51.475092],[-0.047207,51.475092],[-0.047207,51.475092],[-0.047207,51.475092],[-0.047207,51.475092],[-0.047207,51.475092],[-0.047211,51.475111],[-0.047211,51.475111],[-0.047211,51.475111],[-0.047211,51.475111],[-0.047211,51.475111],[-0.047211,51.475112],[-0.047211,51.475112],[-0.047214,51.47513],[-0.047214,51.475131],[-0.047214,51.475131],[-0.047214,51.475131],[-0.047214,51.475131],[-0.047214,51.475131],[-0.047214,51.475131],[-0.047214,51.47515],[-0.047214,51.47515],[-0.047214,51.47515],[-0.047214,51.47515],[-0.047214,51.47515],[-0.047214,51.47515],[-0.047214,51.47515],[-0.047214,51.47515],[-0.047212,51.475169],[-0.047212,51.475169],[-0.047212,51.475169],[-0.047212,51.47517],[-0.047212,51.47517],[-0.047212,51.47517],[-0.047212,51.47517],[-0.047208,51.475188],[-0.047208,51.475189],[-0.047208,51.475189],[-0.047208,51.475189],[-0.047208,51.475189],[-0.047208,51.475189],[-0.047208,51.475189],[-0.047202,51.475208],[-0.047202,51.475208],[-0.047202,51.475208],[-0.047202,51.475208],[-0.047202,51.475208],[-0.047202,51.475208],[-0.047202,51.475208],[-0.047195,51.475226],[-0.047195,51.475226],[-0.047194,51.475227],[-0.047194,51.475227],[-0.047194,51.475227],[-0.047194,51.475227],[-0.047194,51.475227],[-0.047185,51.475245],[-0.047185,51.475245],[-0.047185,51.475245],[-0.047185,51.475245],[-0.047185,51.475245],[-0.047184,51.475245],[-0.047184,51.475245],[-0.047173,51.475263],[-0.047173,51.475263],[-0.047173,51.475263],[-0.047173,51.475263],[-0.047173,51.475263],[-0.047173,51.475263],[-0.047173,51.475263],[-0.04716,51.47528],[-0.047159,51.47528],[-0.047159,51.47528],[-0.047159,51.47528],[-0.047159,51.475281],[-0.047159,51.475281],[-0.047159,51.475281],[-0.047144,51.475297],[-0.047144,51.475297],[-0.047144,51.475297],[-0.047144,51.475297],[-0.047144,51.475297],[-0.047144,51.475298],[-0.047144,51.475298],[-0.047127,51.475313],[-0.047127,51.475313],[-0.047127,51.475313],[-0.047127,51.475314],[-0.047127,51.475314],[-0.047127,51.475314],[-0.047127,51.475314],[-0.047108,51.475329],[-0.047108,51.475329],[-0.047108,51.475329],[-0.047108,51.475329],[-0.047108,51.475329],[-0.047108,51.475329],[-0.047108,51.475329],[-0.047088,51.475343],[-0.047088,51.475344],[-0.047088,51.475344],[-0.047088,51.475344],[-0.047088,51.475344],[-0.047087,51.475344],[-0.047087,51.475344],[-0.047066,51.475357],[-0.047066,51.475357],[-0.047066,51.475357],[-0.047066,51.475358],[-0.047066,51.475358],[-0.047066,51.475358],[-0.047065,51.475358],[-0.047043,51.47537],[-0.047043,51.47537],[-0.047043,51.47537],[-0.047043,51.47537],[-0.047042,51.47537],[-0.047042,51.475371],[-0.047042,51.475371],[-0.047018,51.475382],[-0.047018,51.475382],[-0.047018,51.475382],[-0.047018,51.475382],[-0.047018,51.475382],[-0.047018,51.475382],[-0.047018,51.475382],[-0.046993,51.475393],[-0.046993,51.475393],[-0.046992,51.475393],[-0.046992,51.475393],[-0.046992,51.475393],[-0.046992,51.475393],[-0.046992,51.475393],[-0.046966,51.475403],[-0.046966,51.475403],[-0.046966,51.475403],[-0.046965,51.475403],[-0.046965,51.475403],[-0.046965,51.475403],[-0.046965,51.475403],[-0.046938,51.475412],[-0.046938,51.475412],[-0.046938,51.475412],[-0.046938,51.475412],[-0.046938,51.475412],[-0.046937,51.475412],[-0.046937,51.475412],[-0.046909,51.475419],[-0.046909,51.475419],[-0.046909,51.475419],[-0.046909,51.475419],[-0.046909,51.475419],[-0.046909,51.475419],[-0.046909,51.475419],[-0.04688,51.475425],[-0.04688,51.475426],[-0.04688,51.475426],[-0.04688,51.475426],[-0.04688,51.475426],[-0.046879,51.475426],[-0.046879,51.475426],[-0.04685,51.475431],[-0.04685,51.475431],[-0.04685,51.475431],[-0.04685,51.475431],[-0.04685,51.475431],[-0.046849,51.475431],[-0.046849,51.475431],[-0.04682,51.475435],[-0.04682,51.475435],[-0.046819,51.475435],[-0.046819,51.475435],[-0.046819,51.475435],[-0.046819,51.475435],[-0.046819,51.475435],[-0.046789,51.475437],[-0.046789,51.475437],[-0.046789,51.475437],[-0.046788,51.475437],[-0.046788,51.475437],[-0.046788,51.475437],[-0.046788,51.475437],[-0.046758,51.475439],[-0.046758,51.475439],[-0.046758,51.475439],[-0.046757,51.475439],[-0.046757,51.475439],[-0.046757,51.475439],[-0.046757,51.475439],[-0.046727,51.475439],[-0.046727,51.475439],[-0.046726,51.475439],[-0.046726,51.475439],[-0.046726,51.475439],[-0.046726,51.475439],[-0.046696,51.475438],[-0.046696,51.475438],[-0.046695,51.475438],[-0.046695,51.475438],[-0.046695,51.475438],[-0.046695,51.475438],[-0.046695,51.475438],[-0.046665,51.475435],[-0.046665,51.475435],[-0.046665,51.475435],[-0.046664,51.475435],[-0.046664,51.475435],[-0.046664,51.475435],[-0.046664,51.475435],[-0.046634,51.475432],[-0.046634,51.475432],[-0.046634,51.475432],[-0.046634,51.475432],[-0.046634,51.475432],[-0.046634,51.475431],[-0.046633,51.475431],[-0.046604,51.475427],[-0.046604,51.475427],[-0.046604,51.475427],[-0.046604,51.475427],[-0.046604,51.475427],[-0.046604,51.475427],[-0.046603,51.475427],[-0.046575,51.475421],[-0.046575,51.475421],[-0.046574,51.475421],[-0.046574,51.47542],[-0.046574,51.47542],[-0.046574,51.47542],[-0.046574,51.47542],[-0.046546,51.475413],[-0.046546,51.475413],[-0.046546,51.475413],[-0.046546,51.475413],[-0.046545,51.475413],[-0.046545,51.475413],[-0.046545,51.475413],[-0.046518,51.475405],[-0.046518,51.475405],[-0.046518,51.475405],[-0.046518,51.475405],[-0.046517,51.475405],[-0.046517,51.475405],[-0.046517,51.475405],[-0.046491,51.475395],[-0.046491,51.475395],[-0.046491,51.475395],[-0.046491,51.475395],[-0.04649,51.475395],[-0.04649,51.475395],[-0.04649,51.475395],[-0.046465,51.475385],[-0.046465,51.475385],[-0.046465,51.475384],[-0.046465,51.475384],[-0.046465,51.475384],[-0.046464,51.475384],[-0.046464,51.475384],[-0.04644,51.475373],[-0.04644,51.475373],[-0.04644,51.475373],[-0.04644,51.475373],[-0.04644,51.475373],[-0.04644,51.475373],[-0.046439,51.475372],[-0.046417,51.47536],[-0.046417,51.47536],[-0.046416,51.47536],[-0.046416,51.47536],[-0.046416,51.47536],[-0.046416,51.47536],[-0.046416,51.47536],[-0.046395,51.475347],[-0.046394,51.475346],[-0.046394,51.475346],[-0.046394,51.475346],[-0.046394,51.475346],[-0.046394,51.475346],[-0.046394,51.475346],[-0.046374,51.475332],[-0.046374,51.475332],[-0.046374,51.475332],[-0.046374,51.475332],[-0.046374,51.475332],[-0.046373,51.475332],[-0.046373,51.475332],[-0.046355,51.475317],[-0.046355,51.475317],[-0.046355,51.475317],[-0.046355,51.475316],[-0.046354,51.475316],[-0.046354,51.475316],[-0.046354,51.475316],[-0.046337,51.475301],[-0.046337,51.475301],[-0.046337,51.4753],[-0.046337,51.4753],[-0.046337,51.4753],[-0.046337,51.4753],[-0.046337,51.4753],[-0.046322,51.475284],[-0.046322,51.475284],[-0.046321,51.475284],[-0.046321,51.475284],[-0.046321,51.475284],[-0.046321,51.475284],[-0.046321,51.475283],[-0.046312,51.475272],[-0.046312,51.475272],[-0.046312,51.475272],[-0.046312,51.475272],[-0.04606,51.474949],[-0.04606,51.474949],[-0.046055,51.474943],[-0.046055,51.474943],[-0.046055,51.474943],[-0.046055,51.474943],[-0.046055,51.474943],[-0.046047,51.474931],[-0.04586,51.474692],[-0.045858,51.474689],[-0.045855,51.474686],[-0.045851,51.474682],[-0.045847,51.474679],[-0.045843,51.474676],[-0.045838,51.474673],[-0.045833,51.47467],[-0.045828,51.474668],[-0.045822,51.474666],[-0.045817,51.474664],[-0.045811,51.474662],[-0.045805,51.47466],[-0.045798,51.474659],[-0.045792,51.474658],[-0.045786,51.474657],[-0.045779,51.474657],[-0.045774,51.474656],[-0.045176,51.474641],[-0.045174,51.474641],[-0.045173,51.474641],[-0.043093,51.474623],[-0.043088,51.474624],[-0.043081,51.474624],[-0.043075,51.474624],[-0.043073,51.474625],[-0.042683,51.474669],[-0.042678,51.47467],[-0.042672,51.474671],[-0.042569,51.474691],[-0.042568,51.474691],[-0.042565,51.474691],[-0.042442,51.474715],[-0.042441,51.474715],[-0.042435,51.474716],[-0.042429,51.474718],[-0.042427,51.474718],[-0.04171,51.474936],[-0.041701,51.474939],[-0.041672,51.474946],[-0.041642,51.474953],[-0.041611,51.474958],[-0.041599,51.47496],[-0.041282,51.475002],[-0.04128,51.475002],[-0.041273,51.475003],[-0.041267,51.475004],[-0.040889,51.475095],[-0.040889,51.475095],[-0.040887,51.475095],[-0.040887,51.475095],[-0.040827,51.47511],[-0.040825,51.47511],[-0.040825,51.47511],[-0.040558,51.475175],[-0.040557,51.475175],[-0.040557,51.475175],[-0.039753,51.475369],[-0.039751,51.475369],[-0.039751,51.475369],[-0.039216,51.475498],[-0.039184,51.475505],[-0.039175,51.475507],[-0.037073,51.475885],[-0.03705,51.475889],[-0.03703,51.475891],[-0.036192,51.475994],[-0.036181,51.475995],[-0.036148,51.475998],[-0.034289,51.47612],[-0.034187,51.476127],[-0.034154,51.476128],[-0.034138,51.476129],[-0.032987,51.476132],[-0.032791,51.476133],[-0.032789,51.476133],[-0.031991,51.476146],[-0.031989,51.476146],[-0.031989,51.476146],[-0.031985,51.476146],[-0.031963,51.476146]],[[-0.033356,51.475538],[-0.033359,51.475538],[-0.03336,51.475538],[-0.034105,51.475535],[-0.034109,51.475535],[-0.034115,51.475535],[-0.034115,51.475535],[-0.035228,51.475462],[-0.035235,51.475461],[-0.035241,51.475461],[-0.035248,51.47546],[-0.035254,51.475458],[-0.03526,51.475457],[-0.035266,51.475455],[-0.035271,51.475453],[-0.035277,51.47545],[-0.035282,51.475448],[-0.035287,51.475445],[-0.035292,51.475442],[-0.035296,51.475439],[-0.0353,51.475436],[-0.035304,51.475432],[-0.035307,51.475429],[-0.03531,51.475425],[-0.035312,51.475421],[-0.035314,51.475417],[-0.035316,51.475413],[-0.035317,51.475409],[-0.035318,51.475405],[-0.035319,51.475401],[-0.035318,51.475397],[-0.035318,51.475393],[-0.035317,51.475389],[-0.035316,51.475385],[-0.035314,51.475381],[-0.035312,51.475377],[-0.035309,51.475373],[-0.035306,51.475369],[-0.035303,51.475366],[-0.035299,51.475362],[-0.035295,51.475359],[-0.035291,51.475356],[-0.035286,51.475353],[-0.035281,51.475351],[-0.035276,51.475348],[-0.03527,51.475346],[-0.035268,51.475345],[-0.034776,51.475169],[-0.034763,51.475165],[-0.034737,51.475154],[-0.034712,51.475142],[-0.034688,51.475129],[-0.034667,51.475116],[-0.034664,51.475114],[-0.034659,51.475112],[-0.034654,51.475109],[-0.034649,51.475107],[-0.034643,51.475105],[-0.034637,51.475103],[-0.034631,51.475101],[-0.034625,51.4751],[-0.034618,51.475099],[-0.034612,51.475098],[-0.034605,51.475098],[-0.034599,51.475098],[-0.034592,51.475098],[-0.034585,51.475098],[-0.034579,51.475098],[-0.034572,51.475099],[-0.034567,51.4751],[-0.03453,51.475107],[-0.03453,51.475107],[-0.034526,51.475108],[-0.034392,51.475133],[-0.034392,51.475133],[-0.034388,51.475134],[-0.034254,51.475159],[-0.034254,51.475159],[-0.03425,51.47516],[-0.034117,51.475185],[-0.034116,51.475185],[-0.034112,51.475186],[-0.033979,51.475211],[-0.033979,51.475211],[-0.033974,51.475212],[-0.033841,51.475237],[-0.033841,51.475237],[-0.033837,51.475238],[-0.033703,51.475263],[-0.033703,51.475263],[-0.033699,51.475264],[-0.033565,51.475289],[-0.033565,51.475289],[-0.033561,51.47529],[-0.033427,51.475315],[-0.033427,51.475315],[-0.033423,51.475315],[-0.03333,51.475333],[-0.03333,51.475333],[-0.033323,51.475334],[-0.033317,51.475336],[-0.033311,51.475338],[-0.033306,51.47534],[-0.0333,51.475342],[-0.033295,51.475345],[-0.03329,51.475347],[-0.033285,51.47535],[-0.033281,51.475354],[-0.033277,51.475357],[-0.033274,51.47536],[-0.03327,51.475364],[-0.033267,51.475368],[-0.033265,51.475371],[-0.033263,51.475375],[-0.033261,51.475379],[-0.03326,51.475383],[-0.033259,51.475387],[-0.033259,51.475393],[-0.033258,51.475475],[-0.033259,51.475477],[-0.033259,51.475481],[-0.03326,51.475485],[-0.033261,51.47549],[-0.033263,51.475493],[-0.033265,51.475497],[-0.033268,51.475501],[-0.033271,51.475505],[-0.033274,51.475508],[-0.033278,51.475512],[-0.033282,51.475515],[-0.033286,51.475518],[-0.033291,51.475521],[-0.033296,51.475524],[-0.033301,51.475526],[-0.033306,51.475528],[-0.033312,51.475531],[-0.033318,51.475532],[-0.033324,51.475534],[-0.033331,51.475535],[-0.033337,51.475536],[-0.033343,51.475537],[-0.03335,51.475538],[-0.033356,51.475538]]]]},"properties":{"layer":"dataset-55cdd950-fd18-421a-affd-130d659dc6fd:Noise_Action_Planning_Important_Areas_Round_3_England","r3_ia_id":"1159*","source":"Road","assetowner":"TfL & Lewisham","round3type":"R1+R2+R3 no change","r2_ia_id":"1159*","round2type":"R1+R2 no change","maxx":"-0.0081838702601961383","minx":"-0.047419890207375588","maxy":"51.47614587288296","miny":"51.471013754812425","x":-0.02945184,"y":51.47415761,"aream2":259149.19295272,"lengthm":7660.83667801,"clipped_to_zone":true,"in_cw":false}},
{"type":"Feature","geometry":{"type":"Polygon","coordinates":[[[-0.022021,51.480933],[-0.022019,51.480934],[-0.022,51.480935],[-0.021981,51.480936],[-0.021962,51.480936],[-0.021944,51.480935],[-0.021925,51.480934],[-0.021906,51.480932],[-0.021888,51.480929],[-0.02187,51.480925],[-0.021853,51.480921],[-0.021836,51.480915],[-0.02182,51.48091],[-0.021804,51.480903],[-0.021789,51.480896],[-0.021775,51.480888],[-0.021761,51.48088],[-0.021749,51.480871],[-0.021737,51.480862],[-0.021727,51.480852],[-0.021717,51.480842],[-0.021709,51.480832],[-0.021701,51.480821],[-0.021695,51.48081],[-0.02169,51.480798],[-0.021686,51.480787],[-0.021684,51.480775],[-0.021682,51.480763],[-0.021682,51.480752],[-0.021683,51.48074],[-0.021686,51.480728],[-0.021689,51.480717],[-0.021694,51.480705],[-0.0217,51.480694],[-0.021707,51.480683],[-0.021715,51.480673],[-0.021725,51.480662],[-0.021735,51.480652],[-0.021747,51.480643],[-0.021759,51.480634],[-0.021772,51.480626],[-0.021786,51.480618],[-0.021801,51.480611],[-0.021817,51.480604],[-0.021833,51.480598],[-0.02185,51.480593],[-0.021867,51.480588],[-0.021885,51.480585],[-0.021903,51.480582],[-0.02192,51.480579],[-0.022062,51.480564],[-0.022063,51.480563],[-0.022082,51.480562],[-0.022101,51.480561],[-0.02212,51.480561],[-0.022139,51.480562],[-0.022157,51.480563],[-0.022176,51.480565],[-0.022194,51.480568],[-0.022212,51.480572],[-0.022229,51.480576],[-0.022246,51.480582],[-0.022263,51.480587],[-0.022278,51.480594],[-0.022293,51.480601],[-0.022308,51.480609],[-0.022321,51.480617],[-0.022333,51.480626],[-0.022345,51.480635],[-0.022356,51.480645],[-0.022365,51.480655],[-0.022374,51.480666],[-0.022381,51.480676],[-0.022387,51.480687],[-0.022392,51.480699],[-0.022396,51.48071],[-0.022398,51.480722],[-0.0224,51.480734],[-0.0224,51.480746],[-0.022399,51.480757],[-0.022396,51.480769],[-0.022393,51.48078],[-0.022388,51.480792],[-0.022382,51.480803],[-0.022375,51.480814],[-0.022367,51.480825],[-0.022357,51.480835],[-0.022347,51.480845],[-0.022336,51.480854],[-0.022323,51.480863],[-0.02231,51.480871],[-0.022296,51.480879],[-0.022281,51.480886],[-0.022265,51.480893],[-0.022249,51.480899],[-0.022232,51.480904],[-0.022215,51.480909],[-0.022197,51.480912],[-0.022179,51.480916],[-0.022162,51.480918],[-0.022021,51.480933]]]},"properties":{"layer":"dataset-55cdd950-fd18-421a-affd-130d659dc6fd:Noise_Action_Planning_Important_Areas_Round_3_England","r3_ia_id":"13584","source":"Road","assetowner":"Greenwich","round3type":"R2 only","r2_ia_id":"13584","round2type":"R2 only","maxx":"-0.021708415274599199","minx":"-0.02242582209952761","maxy":"51.480935769690873","miny":"51.480560595301228","x":-0.02206712,"y":51.48074818,"aream2":1655.74521867,"lengthm":145.64142889,"in_cw":false}},
{"type":"Feature","geometry":{"type":"Polygon","coordinates":[[[-0.092426,51.494105],[-0.09257,51.494104],[-0.0926,51.494104],[-0.092619,51.494106],[-0.092638,51.494108],[-0.092656,51.494111],[-0.092674,51.494115],[-0.092691,51.494119],[-0.092708,51.494124],[-0.092724,51.49413],[-0.09274,51.494137],[-0.092755,51.494144],[-0.09277,51.494151],[-0.092783,51.49416],[-0.092795,51.494169],[-0.092807,51.494178],[-0.092818,51.494188],[-0.092827,51.494198],[-0.092836,51.494208],[-0.092843,51.494219],[-0.092849,51.49423],[-0.092854,51.494242],[-0.092858,51.494253],[-0.09286,51.494265],[-0.092862,51.494276],[-0.092862,51.494288],[-0.092861,51.4943],[-0.092859,51.494312],[-0.092855,51.494323],[-0.09285,51.494335],[-0.092844,51.494346],[-0.092837,51.494357],[-0.092829,51.494367],[-0.09282,51.494377],[-0.092809,51.494387],[-0.092798,51.494397],[-0.092786,51.494406],[-0.092772,51.494414],[-0.092758,51.494422],[-0.092743,51.494429],[-0.092728,51.494436],[-0.092711,51.494442],[-0.092695,51.494447],[-0.092677,51.494451],[-0.092659,51.494455],[-0.092641,51.494458],[-0.092623,51.494461],[-0.092604,51.494462],[-0.092585,51.494463],[-0.092578,51.494463],[-0.092434,51.494465],[-0.09229,51.494466],[-0.092146,51.494467],[-0.092002,51.494469],[-0.091858,51.49447],[-0.091714,51.494471],[-0.091713,51.494471],[-0.091553,51.494472],[-0.091524,51.494472],[-0.091505,51.49447],[-0.091486,51.494468],[-0.091468,51.494465],[-0.09145,51.494461],[-0.091433,51.494457],[-0.091416,51.494452],[-0.091399,51.494446],[-0.091384,51.494439],[-0.091369,51.494432],[-0.091354,51.494425],[-0.091341,51.494416],[-0.091328,51.494408],[-0.091317,51.494398],[-0.091306,51.494389],[-0.091297,51.494378],[-0.091288,51.494368],[-0.091281,51.494357],[-0.091275,51.494346],[-0.09127,51.494335],[-0.091266,51.494323],[-0.091263,51.494311],[-0.091262,51.4943],[-0.091262,51.494288],[-0.091263,51.494276],[-0.091265,51.494265],[-0.091269,51.494253],[-0.091274,51.494242],[-0.09128,51.49423],[-0.091287,51.49422],[-0.091295,51.494209],[-0.091304,51.494199],[-0.091315,51.494189],[-0.091326,51.494179],[-0.091338,51.494171],[-0.091352,51.494162],[-0.091366,51.494154],[-0.091381,51.494147],[-0.091396,51.494141],[-0.091412,51.494135],[-0.091429,51.494129],[-0.091447,51.494125],[-0.091464,51.494121],[-0.091483,51.494118],[-0.091501,51.494115],[-0.09152,51.494114],[-0.091539,51.494113],[-0.091547,51.494113],[-0.091706,51.494112],[-0.091707,51.494112],[-0.09185,51.494111],[-0.091994,51.494109],[-0.092138,51.494108],[-0.092282,51.494106],[-0.092426,51.494105]]]},"properties":{"layer":"dataset-55cdd950-fd18-421a-affd-130d659dc6fd:Noise_Action_Planning_Important_Areas_Round_3_England","r3_ia_id":"656","source":"Road","assetowner":"TfL","round3type":"R1+R2+R3 no change","r2_ia_id":"656","round2type":"R1+R2 no change","maxx":"-0.091287435815049126","minx":"-0.092887430931223383","maxy":"51.494471231095567","miny":"51.494102584394561","x":-0.09208744,"y":51.49428705,"aream2":4100.57762088,"lengthm":267.88441311,"in_cw":false}},
{"type":"Feature","geometry":{"type":"Polygon","coordinates":[[[-0.089463,51.497375],[-0.089481,51.497375],[-0.0895,51.497376],[-0.089519,51.497377],[-0.089537,51.497379],[-0.089556,51.497382],[-0.089574,51.497386],[-0.089591,51.49739],[-0.089608,51.497396],[-0.089624,51.497401],[-0.08964,51.497408],[-0.089655,51.497415],[-0.089669,51.497423],[-0.089683,51.497431],[-0.089691,51.497436],[-0.089785,51.497504],[-0.08988,51.497571],[-0.089975,51.497639],[-0.09007,51.497707],[-0.090075,51.49771],[-0.090086,51.497719],[-0.090097,51.497729],[-0.090098,51.497731],[-0.090119,51.497752],[-0.090121,51.497753],[-0.090196,51.497829],[-0.090205,51.497838],[-0.090213,51.497849],[-0.09022,51.49786],[-0.090227,51.497871],[-0.090232,51.497882],[-0.090235,51.497894],[-0.090238,51.497905],[-0.090239,51.497917],[-0.09024,51.497929],[-0.090238,51.497941],[-0.090236,51.497952],[-0.090233,51.497964],[-0.090228,51.497975],[-0.090222,51.497986],[-0.090215,51.497997],[-0.090207,51.498008],[-0.090197,51.498018],[-0.090187,51.498028],[-0.090175,51.498037],[-0.090163,51.498046],[-0.09015,51.498055],[-0.090136,51.498062],[-0.090121,51.49807],[-0.090105,51.498076],[-0.090089,51.498082],[-0.090072,51.498087],[-0.090055,51.498092],[-0.090037,51.498096],[-0.090019,51.498099],[-0.09,51.498101],[-0.089982,51.498103],[-0.089963,51.498104],[-0.089944,51.498104],[-0.089925,51.498103],[-0.089907,51.498102],[-0.089888,51.498099],[-0.08987,51.498097],[-0.089852,51.498093],[-0.089834,51.498088],[-0.089817,51.498083],[-0.089801,51.498077],[-0.089785,51.498071],[-0.08977,51.498064],[-0.089756,51.498056],[-0.089743,51.498048],[-0.08973,51.498039],[-0.089719,51.49803],[-0.089708,51.49802],[-0.089707,51.498019],[-0.089632,51.497944],[-0.089631,51.497942],[-0.089621,51.497932],[-0.089542,51.497876],[-0.089447,51.497808],[-0.089352,51.497741],[-0.089257,51.497673],[-0.089252,51.49767],[-0.089241,51.49766],[-0.08923,51.497651],[-0.089221,51.49764],[-0.089212,51.49763],[-0.089205,51.497619],[-0.089199,51.497608],[-0.089194,51.497597],[-0.08919,51.497585],[-0.089187,51.497573],[-0.089186,51.497562],[-0.089186,51.49755],[-0.089187,51.497538],[-0.089189,51.497527],[-0.089193,51.497515],[-0.089198,51.497504],[-0.089204,51.497492],[-0.089211,51.497482],[-0.089219,51.497471],[-0.089228,51.497461],[-0.089239,51.497451],[-0.08925,51.497442],[-0.089262,51.497433],[-0.089276,51.497424],[-0.08929,51.497416],[-0.089305,51.497409],[-0.08932,51.497403],[-0.089336,51.497397],[-0.089353,51.497391],[-0.089371,51.497387],[-0.089388,51.497383],[-0.089407,51.49738],[-0.089425,51.497377],[-0.089444,51.497376],[-0.089463,51.497375]]]},"properties":{"layer":"dataset-55cdd950-fd18-421a-affd-130d659dc6fd:Noise_Action_Planning_Important_Areas_Round_3_England","r3_ia_id":"655","source":"Road","assetowner":"TfL","round3type":"R1 only","r2_ia_id":"655","round2type":"R1 only","maxx":"-0.089211493274318293","minx":"-0.09026510036723534","maxy":"51.498102599059834","miny":"51.497373699480228","x":-0.08974416,"y":51.49773544,"aream2":3373.46346513,"lengthm":231.5239471,"in_cw":false}},
{"type":"Feature","geometry":{"type":"Polygon","coordinates":[[[-0.023806,51.48064],[-0.023834,51.48064],[-0.023863,51.480641],[-0.023891,51.480643],[-0.023918,51.480646],[-0.023946,51.480651],[-0.023972,51.480656],[-0.023994,51.480662],[-0.024127,51.480698],[-0.024259,51.480733],[-0.024391,51.480769],[-0.024523,51.480805],[-0.024655,51.480841],[-0.024787,51.480876],[-0.024906,51.480909],[-0.025028,51.480936],[-0.025164,51.480966],[-0.0253,51.480997],[-0.025435,51.481027],[-0.025571,51.481057],[-0.025706,51.481087],[-0.025751,51.481098],[-0.025877,51.481121],[-0.025879,51.481121],[-0.026015,51.481146],[-0.026017,51.481146],[-0.026153,51.481171],[-0.026155,51.481171],[-0.026292,51.481196],[-0.026293,51.481197],[-0.02643,51.481222],[-0.026431,51.481222],[-0.026496,51.481234],[-0.026498,51.481234],[-0.026525,51.48124],[-0.026546,51.481245],[-0.026759,51.481303],[-0.026764,51.481304],[-0.02679,51.481312],[-0.026814,51.48132],[-0.026838,51.48133],[-0.02686,51.481341],[-0.026882,51.481352],[-0.026902,51.481365],[-0.026921,51.481378],[-0.026938,51.481392],[-0.026954,51.481407],[-0.026968,51.481422],[-0.026981,51.481438],[-0.026992,51.481454],[-0.027001,51.481471],[-0.027008,51.481488],[-0.027014,51.481505],[-0.027018,51.481522],[-0.02702,51.48154],[-0.02702,51.481558],[-0.027018,51.481575],[-0.027015,51.481593],[-0.027009,51.48161],[-0.027002,51.481627],[-0.026993,51.481644],[-0.026983,51.48166],[-0.02697,51.481676],[-0.026956,51.481691],[-0.026941,51.481706],[-0.026924,51.48172],[-0.026905,51.481734],[-0.026885,51.481746],[-0.026864,51.481758],[-0.026842,51.481769],[-0.026818,51.481779],[-0.026794,51.481787],[-0.026769,51.481795],[-0.026743,51.481802],[-0.026716,51.481808],[-0.026689,51.481813],[-0.026661,51.481816],[-0.026633,51.481819],[-0.026605,51.48182],[-0.026577,51.48182],[-0.026548,51.481819],[-0.02652,51.481817],[-0.026493,51.481813],[-0.026465,51.481809],[-0.026438,51.481803],[-0.026417,51.481798],[-0.026228,51.481747],[-0.026187,51.481739],[-0.026185,51.481739],[-0.026049,51.481714],[-0.026047,51.481714],[-0.02591,51.481689],[-0.025909,51.481689],[-0.025772,51.481663],[-0.025771,51.481663],[-0.025634,51.481638],[-0.025633,51.481638],[-0.025496,51.481613],[-0.025494,51.481613],[-0.025472,51.481608],[-0.025415,51.481595],[-0.025279,51.481565],[-0.025144,51.481535],[-0.025008,51.481504],[-0.024873,51.481474],[-0.024737,51.481444],[-0.024602,51.481413],[-0.024597,51.481413],[-0.024576,51.481407],[-0.024443,51.481371],[-0.024311,51.481336],[-0.024179,51.4813],[-0.024047,51.481264],[-0.023915,51.481228],[-0.023783,51.481193],[-0.023651,51.481157],[-0.023647,51.481156],[-0.023621,51.481148],[-0.023597,51.481139],[-0.023573,51.481129],[-0.023551,51.481119],[-0.023529,51.481107],[-0.023509,51.481095],[-0.02349,51.481082],[-0.023473,51.481068],[-0.023457,51.481053],[-0.023443,51.481038],[-0.02343,51.481022],[-0.023419,51.481006],[-0.02341,51.480989],[-0.023403,51.480972],[-0.023397,51.480955],[-0.023393,51.480937],[-0.023391,51.48092],[-0.023391,51.480902],[-0.023393,51.480884],[-0.023396,51.480867],[-0.023401,51.48085],[-0.023409,51.480833],[-0.023418,51.480816],[-0.023428,51.480799],[-0.023441,51.480784],[-0.023455,51.480768],[-0.02347,51.480753],[-0.023487,51.480739],[-0.023506,51.480726],[-0.023526,51.480714],[-0.023547,51.480702],[-0.023569,51.480691],[-0.023592,51.480681],[-0.023617,51.480672],[-0.023642,51.480664],[-0.023668,51.480657],[-0.023695,51.480652],[-0.023722,51.480647],[-0.02375,51.480643],[-0.023778,51.480641],[-0.023806,51.48064]]]},"properties":{"layer":"dataset-55cdd950-fd18-421a-affd-130d659dc6fd:Noise_Action_Planning_Important_Areas_Round_3_England","r3_ia_id":"681*","source":"Road","assetowner":"Lewisham & Greenwich","round3type":"R1+R2+R3 no change","r2_ia_id":"681*","round2type":"R1+R2 no change","maxx":"-0.023416952857316202","minx":"-0.027046109119989923","maxy":"51.481819507026024","miny":"51.480639366248717","x":-0.02522373,"y":51.48124286,"aream2":15135.39144838,"lengthm":598.79236458,"in_cw":false}},
{"type":"Feature","geometry":{"type":"Polygon","coordinates":[[[-0.074452,51.500663],[-0.07444,51.500661],[-0.074423,51.500656],[-0.074406,51.500651],[-0.074389,51.500645],[-0.074373,51.500639],[-0.074358,51.500632],[-0.074344,51.500624],[-0.074331,51.500616],[-0.074318,51.500607],[-0.074307,51.500598],[-0.074296,51.500588],[-0.074287,51.500578],[-0.074278,51.500567],[-0.074271,51.500556],[-0.074265,51.500545],[-0.07426,51.500534],[-0.074256,51.500522],[-0.074253,51.500511],[-0.074252,51.500499],[-0.074252,51.500487],[-0.074253,51.500475],[-0.074255,51.500464],[-0.074259,51.500452],[-0.074264,51.500441],[-0.07427,51.50043],[-0.074277,51.500419],[-0.074285,51.500408],[-0.074294,51.500398],[-0.074305,51.500388],[-0.074316,51.500379],[-0.074328,51.50037],[-0.074342,51.500361],[-0.074356,51.500354],[-0.07437,51.500346],[-0.074386,51.50034],[-0.074402,51.500334],[-0.074419,51.500329],[-0.074437,51.500324],[-0.074454,51.50032],[-0.074473,51.500317],[-0.074491,51.500315],[-0.07451,51.500313],[-0.074528,51.500312],[-0.074547,51.500312],[-0.074566,51.500313],[-0.074585,51.500314],[-0.074603,51.500317],[-0.074622,51.50032],[-0.074627,51.500321],[-0.074659,51.500327],[-0.074671,51.500329],[-0.074688,51.500334],[-0.074705,51.500339],[-0.074722,51.500345],[-0.074737,51.500351],[-0.074752,51.500358],[-0.074767,51.500366],[-0.07478,51.500374],[-0.074793,51.500383],[-0.074804,51.500392],[-0.074815,51.500402],[-0.074824,51.500412],[-0.074833,51.500423],[-0.07484,51.500434],[-0.074846,51.500445],[-0.074851,51.500456],[-0.074855,51.500468],[-0.074858,51.500479],[-0.074859,51.500491],[-0.074859,51.500503],[-0.074858,51.500515],[-0.074856,51.500526],[-0.074852,51.500538],[-0.074847,51.500549],[-0.074841,51.50056],[-0.074834,51.500571],[-0.074826,51.500582],[-0.074817,51.500592],[-0.074806,51.500602],[-0.074795,51.500611],[-0.074783,51.50062],[-0.074769,51.500629],[-0.074755,51.500636],[-0.07474,51.500644],[-0.074725,51.50065],[-0.074708,51.500656],[-0.074692,51.500661],[-0.074674,51.500666],[-0.074656,51.50067],[-0.074638,51.500673],[-0.07462,51.500675],[-0.074601,51.500677],[-0.074582,51.500678],[-0.074563,51.500678],[-0.074545,51.500677],[-0.074526,51.500676],[-0.074507,51.500673],[-0.074489,51.50067],[-0.074483,51.500669],[-0.074452,51.500663]]]},"properties":{"layer":"dataset-55cdd950-fd18-421a-affd-130d659dc6fd:Noise_Action_Planning_Important_Areas_Round_3_England","r3_ia_id":"682","source":"Road","assetowner":"TfL","round3type":"R1 only","r2_ia_id":"682","round2type":"R1 only","maxx":"-0.074277691921350766","minx":"-0.074884904206964698","maxy":"51.500676620591278","miny":"51.500310935943354","x":-0.0745813,"y":51.50049378,"aream2":1346.95299005,"lengthm":130.20161477,"in_cw":false}},
{"type":"Feature","geometry":{"type":"Polygon","coordinates":[[[-0.077678,51.501925],[-0.077704,51.501927],[-0.07773,51.50193],[-0.077756,51.501934],[-0.077781,51.50194],[-0.077805,51.501946],[-0.077829,51.501953],[-0.077852,51.501961],[-0.077874,51.50197],[-0.077895,51.50198],[-0.077915,51.501991],[-0.077934,51.502002],[-0.077951,51.502015],[-0.077967,51.502028],[-0.077982,51.502041],[-0.077995,51.502056],[-0.078007,51.50207],[-0.078017,51.502085],[-0.078026,51.502101],[-0.078033,51.502117],[-0.078038,51.502133],[-0.078042,51.502149],[-0.078044,51.502166],[-0.078044,51.502182],[-0.078043,51.502199],[-0.078039,51.502215],[-0.078034,51.502231],[-0.078028,51.502247],[-0.078019,51.502263],[-0.078014,51.502271],[-0.077876,51.502483],[-0.077872,51.50249],[-0.077871,51.502491],[-0.077871,51.502491],[-0.077871,51.502492],[-0.077871,51.502492],[-0.077814,51.502573],[-0.077813,51.502574],[-0.077813,51.502574],[-0.077756,51.502655],[-0.077755,51.502656],[-0.077755,51.502656],[-0.077698,51.502737],[-0.077697,51.502739],[-0.077697,51.502739],[-0.07764,51.50282],[-0.077639,51.502821],[-0.077639,51.502821],[-0.077582,51.502902],[-0.077581,51.502903],[-0.077581,51.502903],[-0.077567,51.502924],[-0.077566,51.502925],[-0.077322,51.503287],[-0.077322,51.503287],[-0.077321,51.503288],[-0.077265,51.503371],[-0.076871,51.50395],[-0.076869,51.503953],[-0.076857,51.503969],[-0.076844,51.503983],[-0.076829,51.503997],[-0.076813,51.50401],[-0.076796,51.504022],[-0.076778,51.504034],[-0.076758,51.504045],[-0.076737,51.504055],[-0.076715,51.504064],[-0.076692,51.504073],[-0.076669,51.50408],[-0.076644,51.504087],[-0.07662,51.504092],[-0.076594,51.504096],[-0.076568,51.5041],[-0.076542,51.504102],[-0.076516,51.504103],[-0.076489,51.504103],[-0.076463,51.504102],[-0.076437,51.5041],[-0.076411,51.504097],[-0.076385,51.504093],[-0.07636,51.504088],[-0.076336,51.504081],[-0.076312,51.504074],[-0.076289,51.504066],[-0.076267,51.504057],[-0.076246,51.504047],[-0.076226,51.504036],[-0.076207,51.504025],[-0.07619,51.504012],[-0.076174,51.503999],[-0.076159,51.503986],[-0.076146,51.503972],[-0.076134,51.503957],[-0.076123,51.503942],[-0.076115,51.503926],[-0.076108,51.50391],[-0.076103,51.503894],[-0.076099,51.503878],[-0.076097,51.503861],[-0.076097,51.503845],[-0.076098,51.503828],[-0.076102,51.503812],[-0.076107,51.503796],[-0.076113,51.50378],[-0.076122,51.503764],[-0.076129,51.503753],[-0.076578,51.503092],[-0.076578,51.503092],[-0.076579,51.503091],[-0.076579,51.503091],[-0.076824,51.502727],[-0.076827,51.502723],[-0.076828,51.502722],[-0.076843,51.5027],[-0.076844,51.502698],[-0.076845,51.502698],[-0.076901,51.502617],[-0.076902,51.502616],[-0.076902,51.502616],[-0.076959,51.502535],[-0.07696,51.502533],[-0.07696,51.502533],[-0.077017,51.502453],[-0.077018,51.502451],[-0.077018,51.502451],[-0.077075,51.50237],[-0.077076,51.502369],[-0.077076,51.502369],[-0.07713,51.502292],[-0.077131,51.50229],[-0.077267,51.502082],[-0.077272,51.502074],[-0.077284,51.502058],[-0.077297,51.502044],[-0.077312,51.50203],[-0.077328,51.502017],[-0.077345,51.502005],[-0.077363,51.501993],[-0.077383,51.501982],[-0.077404,51.501972],[-0.077426,51.501963],[-0.077449,51.501954],[-0.077472,51.501947],[-0.077497,51.501941],[-0.077521,51.501935],[-0.077547,51.501931],[-0.077573,51.501928],[-0.077599,51.501925],[-0.077625,51.501924],[-0.077652,51.501924],[-0.077678,51.501925]]]},"properties":{"layer":"dataset-55cdd950-fd18-421a-affd-130d659dc6fd:Noise_Action_Planning_Important_Areas_Round_3_England","r3_ia_id":"1072","source":"Road","assetowner":"TfL","round3type":"R1+R2+R3 no change","r2_ia_id":"1072","round2type":"R1+R2 no change","maxx":"-0.076122761976899461","minx":"-0.078069985447767942","maxy":"51.504101832938154","miny":"51.501922759324941","x":-0.07709659,"y":51.50301233,"aream2":13804.3996951,"lengthm":581.01070422,"in_cw":false}},
{"type":"Feature","geometry":{"type":"Polygon","coordinates":[[[-0.027633,51.508232],[-0.027632,51.508232],[-0.027621,51.508237],[-0.027608,51.508242],[-0.027596,51.508246],[-0.027583,51.508249],[-0.027569,51.508252],[-0.027556,51.508254],[-0.027542,51.508256],[-0.027528,51.508257],[-0.027514,51.508258],[-0.0275,51.508258],[-0.027486,51.508257],[-0.027472,51.508256],[-0.027458,51.508255],[-0.027444,51.508252],[-0.027431,51.50825],[-0.027417,51.508246],[-0.027405,51.508242],[-0.027392,51.508238],[-0.027381,51.508233],[-0.027369,51.508228],[-0.027359,51.508222],[-0.027349,51.508216],[-0.027339,51.508209],[-0.027331,51.508202],[-0.027323,51.508195],[-0.027316,51.508187],[-0.027309,51.50818],[-0.027304,51.508171],[-0.027299,51.508163],[-0.027295,51.508155],[-0.027292,51.508146],[-0.027291,51.508137],[-0.02729,51.508128],[-0.027289,51.50812],[-0.02729,51.508111],[-0.027292,51.508102],[-0.027295,51.508093],[-0.027298,51.508085],[-0.027303,51.508076],[-0.027308,51.508068],[-0.027314,51.50806],[-0.027321,51.508053],[-0.027329,51.508045],[-0.027338,51.508038],[-0.027347,51.508032],[-0.027357,51.508025],[-0.027367,51.508019],[-0.027378,51.508014],[-0.027495,51.507961],[-0.027495,51.507961],[-0.027507,51.507956],[-0.027519,51.507952],[-0.027532,51.507948],[-0.027545,51.507944],[-0.027558,51.507941],[-0.027572,51.507939],[-0.027585,51.507937],[-0.027599,51.507936],[-0.027614,51.507935],[-0.027628,51.507935],[-0.027642,51.507936],[-0.027656,51.507937],[-0.02767,51.507939],[-0.027683,51.507941],[-0.027697,51.507944],[-0.02771,51.507947],[-0.027723,51.507951],[-0.027735,51.507955],[-0.027747,51.50796],[-0.027758,51.507966],[-0.027769,51.507971],[-0.027779,51.507977],[-0.027788,51.507984],[-0.027797,51.507991],[-0.027805,51.507998],[-0.027812,51.508006],[-0.027818,51.508014],[-0.027824,51.508022],[-0.027828,51.50803],[-0.027832,51.508039],[-0.027835,51.508048],[-0.027837,51.508056],[-0.027838,51.508065],[-0.027838,51.508074],[-0.027837,51.508083],[-0.027835,51.508091],[-0.027833,51.5081],[-0.027829,51.508109],[-0.027825,51.508117],[-0.027819,51.508125],[-0.027813,51.508133],[-0.027806,51.508141],[-0.027798,51.508148],[-0.02779,51.508155],[-0.02778,51.508162],[-0.027771,51.508168],[-0.02776,51.508174],[-0.027749,51.508179],[-0.027633,51.508232]]]},"properties":{"layer":"dataset-55cdd950-fd18-421a-affd-130d659dc6fd:Noise_Action_Planning_Important_Areas_Round_3_England","r3_ia_id":"897","source":"Road","assetowner":"Tower Hamlets","round3type":"R1 only","r2_ia_id":"897","round2type":"R1 only","maxx":"-0.027316327511424245","minx":"-0.027864752545367043","maxy":"51.508256883153081","miny":"51.50793435654672","x":-0.02759054,"y":51.50809562,"aream2":1006.35466132,"lengthm":114.23099987,"in_cw":true}},
{"type":"Feature","geometry":{"type":"MultiPolygon","coordinates":[[[[0.009775,51.5154],[0.009737,51.5154],[0.0097,51.515401],[0.009662,51.515404],[0.009625,51.515409],[0.009589,51.515415],[0.009553,51.515422],[0.009518,51.515431],[0.009484,51.515441],[0.009451,51.515453],[0.00942,51.515466],[0.00939,51.51548],[0.009361,51.515495],[0.009335,51.515512],[0.00931,51.51553],[0.009287,51.515548],[0.009265,51.515568],[0.009246,51.515588],[0.00923,51.515609],[0.009215,51.515631],[0.009203,51.515653],[0.009193,51.515676],[0.009185,51.515699],[0.00918,51.515722],[0.009177,51.515746],[0.009177,51.515769],[0.009179,51.515793],[0.009184,51.515816],[0.009191,51.515839],[0.009201,51.515862],[0.009213,51.515884],[0.009227,51.515906],[0.009244,51.515927],[0.009262,51.515947],[0.009283,51.515967],[0.009306,51.515986],[0.00933,51.516004],[0.009357,51.51602],[0.009385,51.516036],[0.009415,51.51605],[0.009446,51.516064],[0.009479,51.516075],[0.009513,51.516086],[0.009547,51.516095],[0.009572,51.5161],[0.009708,51.516129],[0.009845,51.516157],[0.009982,51.516185],[0.010119,51.516214],[0.010255,51.516242],[0.010392,51.51627],[0.010529,51.516299],[0.010666,51.516327],[0.010802,51.516355],[0.010939,51.516384],[0.011076,51.516412],[0.011213,51.51644],[0.011349,51.516469],[0.011486,51.516497],[0.011623,51.516525],[0.011759,51.516554],[0.011896,51.516582],[0.012033,51.51661],[0.01217,51.516639],[0.012306,51.516667],[0.012443,51.516695],[0.01258,51.516723],[0.012717,51.516752],[0.012853,51.51678],[0.01299,51.516808],[0.013127,51.516837],[0.013264,51.516865],[0.0134,51.516893],[0.013537,51.516922],[0.013674,51.51695],[0.013811,51.516978],[0.013947,51.517007],[0.014084,51.517035],[0.014221,51.517063],[0.014358,51.517092],[0.014494,51.51712],[0.014631,51.517148],[0.014642,51.517151],[0.014679,51.517157],[0.014716,51.517161],[0.014753,51.517165],[0.014791,51.517166],[0.014829,51.517166],[0.014866,51.517165],[0.014904,51.517162],[0.014941,51.517158],[0.014977,51.517152],[0.015,51.517147],[0.015,51.516467],[0.014994,51.516466],[0.014857,51.516437],[0.014721,51.516409],[0.014584,51.516381],[0.014447,51.516352],[0.01431,51.516324],[0.014174,51.516296],[0.014037,51.516267],[0.0139,51.516239],[0.013763,51.516211],[0.013627,51.516183],[0.01349,51.516154],[0.013353,51.516126],[0.013217,51.516098],[0.01308,51.516069],[0.012943,51.516041],[0.012806,51.516013],[0.01267,51.515984],[0.012533,51.515956],[0.012396,51.515928],[0.012259,51.515899],[0.012123,51.515871],[0.011986,51.515843],[0.011849,51.515814],[0.011712,51.515786],[0.011576,51.515758],[0.011439,51.515729],[0.011302,51.515701],[0.011165,51.515673],[0.011029,51.515644],[0.010892,51.515616],[0.010755,51.515588],[0.010618,51.51556],[0.010482,51.515531],[0.010345,51.515503],[0.010208,51.515475],[0.010071,51.515446],[0.009935,51.515418],[0.009923,51.515416],[0.009887,51.515409],[0.00985,51.515405],[0.009813,51.515402],[0.009775,51.5154]]]]},"properties":{"layer":"dataset-55cdd950-fd18-421a-affd-130d659dc6fd:Noise_Action_Planning_Important_Areas_Round_3_England","r3_ia_id":"905","source":"Road","assetowner":"TfL","round3type":"R1+R2+R3 no change","r2_ia_id":"905","round2type":"R1+R2 no change","maxx":"0.015361373966169774","minx":"0.0091497269967578936","maxy":"51.517165244915581","miny":"51.515398563228388","x":0.01225552,"y":51.51628193,"aream2":34623.00721535,"lengthm":991.28316446,"clipped_to_zone":true,"in_cw":false}},
{"type":"Feature","geometry":{"type":"Polygon","coordinates":[[[-0.082989,51.504429],[-0.082989,51.504429],[-0.082988,51.50442],[-0.082988,51.504411],[-0.082989,51.504402],[-0.082991,51.504393],[-0.082994,51.504385],[-0.082997,51.504376],[-0.083002,51.504368],[-0.083007,51.50436],[-0.083013,51.504352],[-0.08302,51.504344],[-0.083028,51.504337],[-0.083036,51.50433],[-0.083046,51.504323],[-0.083056,51.504317],[-0.083066,51.504311],[-0.083077,51.504305],[-0.083089,51.5043],[-0.083101,51.504296],[-0.083114,51.504292],[-0.083127,51.504289],[-0.08314,51.504286],[-0.083154,51.504283],[-0.083168,51.504282],[-0.083182,51.50428],[-0.083196,51.50428],[-0.08321,51.50428],[-0.083224,51.50428],[-0.083238,51.504281],[-0.083252,51.504283],[-0.083266,51.504285],[-0.083279,51.504288],[-0.083292,51.504291],[-0.083305,51.504295],[-0.083317,51.504299],[-0.083329,51.504304],[-0.08334,51.50431],[-0.083351,51.504315],[-0.083361,51.504322],[-0.08337,51.504328],[-0.083379,51.504335],[-0.083387,51.504342],[-0.083394,51.50435],[-0.0834,51.504358],[-0.083406,51.504366],[-0.083411,51.504374],[-0.083414,51.504383],[-0.083417,51.504392],[-0.083419,51.5044],[-0.083434,51.50449],[-0.083434,51.50449],[-0.083435,51.504499],[-0.083435,51.504507],[-0.083435,51.504516],[-0.083433,51.504525],[-0.08343,51.504534],[-0.083427,51.504542],[-0.083422,51.504551],[-0.083417,51.504559],[-0.083411,51.504567],[-0.083404,51.504574],[-0.083396,51.504582],[-0.083387,51.504589],[-0.083378,51.504595],[-0.083368,51.504602],[-0.083358,51.504608],[-0.083346,51.504613],[-0.083335,51.504618],[-0.083323,51.504622],[-0.08331,51.504626],[-0.083297,51.50463],[-0.083284,51.504633],[-0.08327,51.504635],[-0.083256,51.504637],[-0.083242,51.504638],[-0.083228,51.504639],[-0.083214,51.504639],[-0.0832,51.504638],[-0.083186,51.504637],[-0.083172,51.504635],[-0.083158,51.504633],[-0.083145,51.50463],[-0.083132,51.504627],[-0.083119,51.504623],[-0.083107,51.504619],[-0.083095,51.504614],[-0.083083,51.504609],[-0.083073,51.504603],[-0.083063,51.504597],[-0.083053,51.50459],[-0.083045,51.504583],[-0.083037,51.504576],[-0.08303,51.504568],[-0.083023,51.50456],[-0.083018,51.504552],[-0.083013,51.504544],[-0.083009,51.504535],[-0.083007,51.504527],[-0.083005,51.504518],[-0.082989,51.504429]]]},"properties":{"layer":"dataset-55cdd950-fd18-421a-affd-130d659dc6fd:Noise_Action_Planning_Important_Areas_Round_3_England","r3_ia_id":"941","source":"Road","assetowner":"TfL","round3type":"R1 only","r2_ia_id":"941","round2type":"R1 only","maxx":"-0.083014081292766551","minx":"-0.083461263059400756","maxy":"51.504637237365607","miny":"51.504278251035188","x":-0.08323767,"y":51.50445774,"aream2":1006.35416624,"lengthm":114.23095362,"in_cw":false}},
{"type":"Feature","geometry":{"type":"MultiPolygon","coordinates":[[[[-0.076494,51.522],[-0.076851,51.521835],[-0.076892,51.521867],[-0.076895,51.52187],[-0.076902,51.521875],[-0.076938,51.521905],[-0.077016,51.521954],[-0.077088,51.522],[-0.076494,51.522]]]]},"properties":{"layer":"dataset-55cdd950-fd18-421a-affd-130d659dc6fd:Noise_Action_Planning_Important_Areas_Round_3_England","r3_ia_id":"13779*","source":"Road","assetowner":"TfL & Tower Hamlets & Hackney","round3type":"R1+R2+R3 no change","r2_ia_id":"13779*","round2type":"R1+R2 extend (R2)","maxx":"-0.075546790679782927","minx":"-0.08860631893490499","maxy":"51.530233867281886","miny":"51.521833853860208","x":-0.08045935,"y":51.52595748,"aream2":173375.22365247,"lengthm":4930.86256068,"clipped_to_zone":true,"in_cw":false}},
{"type":"Feature","geometry":{"type":"MultiPolygon","coordinates":[[[[-0.079705,51.474],[-0.079635,51.474015],[-0.079627,51.474016],[-0.079618,51.474018],[-0.079481,51.474041],[-0.079343,51.474065],[-0.079204,51.474089],[-0.079065,51.474112],[-0.078926,51.474136],[-0.078787,51.47416],[-0.078648,51.474184],[-0.07851,51.474207],[-0.078371,51.474231],[-0.078362,51.474232],[-0.078343,51.474235],[-0.078337,51.474236],[-0.07828,51.474241],[-0.078138,51.474254],[-0.077996,51.474267],[-0.077853,51.47428],[-0.077711,51.474293],[-0.077568,51.474306],[-0.077426,51.47432],[-0.077414,51.47432],[-0.077395,51.474321],[-0.077376,51.474321],[-0.077232,51.474319],[-0.077089,51.474317],[-0.076945,51.474314],[-0.076926,51.474314],[-0.076907,51.474312],[-0.076889,51.47431],[-0.07687,51.474307],[-0.076853,51.474303],[-0.076835,51.474299],[-0.076818,51.474294],[-0.076802,51.474288],[-0.076786,51.474281],[-0.076771,51.474274],[-0.076757,51.474267],[-0.076743,51.474258],[-0.076731,51.47425],[-0.076719,51.47424],[-0.076709,51.47423],[-0.076699,51.47422],[-0.076691,51.47421],[-0.076683,51.474199],[-0.076677,51.474188],[-0.076672,51.474177],[-0.076668,51.474165],[-0.076666,51.474153],[-0.076665,51.474142],[-0.076664,51.47413],[-0.076666,51.474118],[-0.076668,51.474106],[-0.076671,51.474095],[-0.076676,51.474083],[-0.076682,51.474072],[-0.076689,51.474061],[-0.076697,51.474051],[-0.076707,51.474041],[-0.076717,51.474031],[-0.076729,51.474021],[-0.076741,51.474013],[-0.076754,51.474004],[-0.076761,51.474],[-0.079705,51.474]]]]},"properties":{"layer":"dataset-55cdd950-fd18-421a-affd-130d659dc6fd:Noise_Action_Planning_Important_Areas_Round_3_England","r3_ia_id":"13884","source":"Road","assetowner":"TfL","round3type":"R1+R2 extend (R2)","r2_ia_id":"13884","round2type":"R1+R2 extend (R2)","maxx":"-0.076690081082258388","minx":"-0.080951458027253106","maxy":"51.474320663597936","miny":"51.473484566343508","x":-0.07883102,"y":51.47393934,"aream2":11768.99099921,"lengthm":651.29331577,"clipped_to_zone":true,"in_cw":false}},
{"type":"Feature","geometry":{"type":"Polygon","coordinates":[[[-0.064811,51.497831],[-0.064839,51.497831],[-0.064867,51.497832],[-0.064895,51.497834],[-0.064923,51.497837],[-0.06495,51.497842],[-0.064977,51.497847],[-0.065003,51.497854],[-0.065029,51.497862],[-0.065053,51.49787],[-0.065077,51.49788],[-0.065099,51.497891],[-0.065121,51.497902],[-0.065141,51.497915],[-0.06516,51.497928],[-0.065177,51.497942],[-0.065193,51.497956],[-0.065207,51.497972],[-0.06522,51.497987],[-0.065231,51.498004],[-0.06524,51.49802],[-0.065248,51.498037],[-0.065253,51.498055],[-0.065257,51.498072],[-0.065259,51.49809],[-0.065259,51.498107],[-0.065258,51.498125],[-0.065254,51.498142],[-0.065249,51.49816],[-0.065242,51.498177],[-0.065233,51.498194],[-0.065222,51.49821],[-0.06521,51.498226],[-0.065196,51.498241],[-0.06518,51.498256],[-0.065163,51.49827],[-0.065145,51.498283],[-0.065125,51.498296],[-0.065104,51.498308],[-0.065081,51.498318],[-0.065058,51.498328],[-0.065033,51.498337],[-0.065008,51.498345],[-0.064982,51.498352],[-0.064955,51.498358],[-0.064928,51.498362],[-0.0649,51.498366],[-0.064886,51.498367],[-0.064743,51.49838],[-0.064601,51.498392],[-0.064458,51.498404],[-0.064315,51.498416],[-0.064302,51.498417],[-0.064274,51.498418],[-0.064265,51.498418],[-0.064172,51.498426],[-0.064169,51.498427],[-0.064031,51.498438],[-0.064029,51.498439],[-0.064027,51.498439],[-0.063889,51.498451],[-0.063886,51.498451],[-0.063884,51.498451],[-0.063746,51.498463],[-0.063744,51.498463],[-0.063741,51.498463],[-0.063603,51.498475],[-0.063601,51.498475],[-0.063599,51.498475],[-0.063515,51.498483],[-0.063497,51.498485],[-0.063496,51.498486],[-0.063494,51.498486],[-0.063494,51.498486],[-0.063357,51.498507],[-0.063356,51.498507],[-0.063355,51.498507],[-0.063354,51.498507],[-0.063217,51.498528],[-0.063216,51.498528],[-0.063215,51.498529],[-0.063214,51.498529],[-0.063077,51.49855],[-0.063077,51.49855],[-0.063075,51.49855],[-0.063074,51.49855],[-0.062937,51.498571],[-0.062937,51.498571],[-0.062935,51.498572],[-0.062935,51.498572],[-0.062797,51.498593],[-0.062797,51.498593],[-0.062795,51.498593],[-0.062795,51.498593],[-0.062792,51.498594],[-0.06279,51.498594],[-0.062783,51.498595],[-0.062781,51.498595],[-0.062725,51.498602],[-0.062722,51.498603],[-0.062721,51.498603],[-0.06272,51.498603],[-0.062583,51.49862],[-0.062581,51.498621],[-0.06258,51.498621],[-0.062579,51.498621],[-0.062442,51.498639],[-0.06244,51.498639],[-0.062438,51.498639],[-0.062438,51.498639],[-0.062301,51.498657],[-0.062299,51.498657],[-0.062297,51.498657],[-0.062297,51.498657],[-0.06216,51.498675],[-0.062158,51.498675],[-0.062158,51.498675],[-0.062156,51.498675],[-0.062156,51.498675],[-0.062054,51.498688],[-0.062052,51.498688],[-0.06205,51.498689],[-0.06205,51.498689],[-0.061913,51.498706],[-0.061911,51.498706],[-0.061909,51.498707],[-0.061772,51.498724],[-0.06177,51.498724],[-0.061768,51.498725],[-0.061767,51.498725],[-0.061631,51.498742],[-0.061629,51.498742],[-0.061627,51.498743],[-0.061626,51.498743],[-0.06149,51.49876],[-0.061487,51.49876],[-0.061486,51.498761],[-0.061485,51.498761],[-0.061346,51.498778],[-0.061345,51.498779],[-0.061344,51.498779],[-0.061342,51.498779],[-0.061339,51.498779],[-0.061225,51.498793],[-0.061224,51.498793],[-0.061224,51.498793],[-0.061083,51.498809],[-0.061082,51.498809],[-0.061082,51.498809],[-0.060941,51.498825],[-0.06094,51.498825],[-0.06094,51.498825],[-0.0608,51.498842],[-0.060799,51.498842],[-0.060799,51.498842],[-0.060658,51.498858],[-0.060657,51.498858],[-0.060657,51.498858],[-0.060653,51.498859],[-0.060653,51.498859],[-0.060652,51.498859],[-0.060628,51.498861],[-0.060627,51.498861],[-0.060627,51.498861],[-0.060627,51.498861],[-0.060622,51.498862],[-0.060604,51.498863],[-0.060599,51.498864],[-0.060595,51.498864],[-0.060591,51.498865],[-0.060564,51.498868],[-0.060422,51.498884],[-0.060421,51.498884],[-0.06028,51.498899],[-0.060279,51.498899],[-0.060138,51.498914],[-0.060137,51.498914],[-0.060109,51.498917],[-0.060081,51.498918],[-0.060053,51.498918],[-0.060025,51.498917],[-0.059997,51.498915],[-0.059969,51.498911],[-0.059941,51.498907],[-0.059915,51.498901],[-0.059888,51.498895],[-0.059863,51.498887],[-0.059838,51.498878],[-0.059815,51.498869],[-0.059792,51.498858],[-0.059771,51.498846],[-0.059751,51.498834],[-0.059732,51.498821],[-0.059715,51.498807],[-0.059699,51.498792],[-0.059685,51.498777],[-0.059672,51.498761],[-0.059661,51.498745],[-0.059652,51.498728],[-0.059644,51.498711],[-0.059638,51.498694],[-0.059635,51.498676],[-0.059633,51.498659],[-0.059632,51.498641],[-0.059634,51.498624],[-0.059638,51.498606],[-0.059643,51.498589],[-0.05965,51.498572],[-0.059659,51.498555],[-0.05967,51.498539],[-0.059682,51.498523],[-0.059696,51.498507],[-0.059712,51.498493],[-0.059729,51.498479],[-0.059747,51.498465],[-0.059767,51.498453],[-0.059788,51.498441],[-0.059811,51.49843],[-0.059834,51.49842],[-0.059858,51.498411],[-0.059884,51.498403],[-0.05991,51.498397],[-0.059936,51.498391],[-0.059964,51.498386],[-0.059991,51.498383],[-0.060133,51.498367],[-0.060133,51.498367],[-0.060275,51.498352],[-0.060275,51.498352],[-0.060417,51.498337],[-0.060417,51.498337],[-0.060445,51.498334],[-0.060448,51.498334],[-0.060449,51.498334],[-0.060453,51.498333],[-0.060458,51.498333],[-0.060476,51.49833],[-0.060481,51.49833],[-0.060503,51.498327],[-0.060642,51.498311],[-0.060643,51.498311],[-0.060784,51.498295],[-0.060785,51.498295],[-0.060926,51.498279],[-0.060926,51.498278],[-0.061067,51.498262],[-0.061068,51.498262],[-0.061177,51.498249],[-0.061314,51.498232],[-0.061317,51.498232],[-0.061453,51.498214],[-0.061456,51.498214],[-0.061458,51.498214],[-0.061594,51.498196],[-0.061597,51.498196],[-0.061599,51.498196],[-0.061735,51.498178],[-0.061738,51.498178],[-0.06174,51.498178],[-0.061877,51.49816],[-0.061879,51.49816],[-0.061881,51.49816],[-0.061984,51.498146],[-0.061985,51.498146],[-0.061987,51.498146],[-0.062123,51.498129],[-0.062125,51.498128],[-0.062128,51.498128],[-0.062264,51.498111],[-0.062267,51.49811],[-0.062269,51.49811],[-0.062405,51.498093],[-0.062408,51.498092],[-0.06241,51.498092],[-0.062546,51.498075],[-0.062549,51.498074],[-0.062551,51.498074],[-0.062599,51.498068],[-0.062731,51.498048],[-0.062731,51.498048],[-0.062733,51.498047],[-0.062733,51.498047],[-0.06287,51.498026],[-0.062871,51.498026],[-0.062873,51.498026],[-0.062873,51.498026],[-0.06301,51.498005],[-0.063011,51.498005],[-0.063012,51.498004],[-0.063013,51.498004],[-0.06315,51.497983],[-0.063151,51.497983],[-0.063152,51.497983],[-0.063153,51.497983],[-0.06329,51.497962],[-0.06329,51.497962],[-0.063292,51.497961],[-0.063292,51.497961],[-0.06333,51.497956],[-0.063331,51.497955],[-0.063332,51.497955],[-0.063333,51.497955],[-0.063337,51.497954],[-0.063356,51.497952],[-0.063361,51.497952],[-0.063363,51.497951],[-0.063365,51.497951],[-0.063373,51.49795],[-0.063375,51.49795],[-0.063484,51.497941],[-0.063485,51.497941],[-0.063486,51.497941],[-0.063624,51.497929],[-0.063626,51.497929],[-0.063628,51.497929],[-0.063628,51.497929],[-0.063766,51.497917],[-0.063769,51.497916],[-0.06377,51.497916],[-0.063771,51.497916],[-0.063909,51.497904],[-0.063912,51.497904],[-0.063913,51.497904],[-0.063914,51.497904],[-0.064052,51.497892],[-0.064054,51.497892],[-0.064056,51.497892],[-0.064057,51.497892],[-0.064197,51.49788],[-0.064199,51.49788],[-0.064199,51.49788],[-0.064208,51.497879],[-0.064211,51.497879],[-0.064215,51.497879],[-0.064234,51.497878],[-0.064239,51.497878],[-0.064244,51.497878],[-0.064248,51.497877],[-0.064341,51.49787],[-0.064483,51.497857],[-0.064626,51.497845],[-0.064769,51.497833],[-0.064782,51.497832],[-0.064811,51.497831]]]},"properties":{"layer":"dataset-55cdd950-fd18-421a-affd-130d659dc6fd:Noise_Action_Planning_Important_Areas_Round_3_England","r3_ia_id":"13716","source":"Road","assetowner":"TfL","round3type":"R2 only","r2_ia_id":"13716","round2type":"R2 only","maxx":"-0.059658520275523486","minx":"-0.065285345420015073","maxy":"51.498916833817127","miny":"51.497829445837333","x":-0.06246971,"y":51.49836304,"aream2":23016.50880856,"lengthm":861.50717491,"in_cw":false}},
{"type":"Feature","geometry":{"type":"Polygon","coordinates":[[[-0.083895,51.494953],[-0.083926,51.494953],[-0.083957,51.494954],[-0.083988,51.494956],[-0.084018,51.49496],[-0.084049,51.494965],[-0.084078,51.494971],[-0.084107,51.494978],[-0.084135,51.494987],[-0.084162,51.494997],[-0.084188,51.495007],[-0.084213,51.495019],[-0.084236,51.495032],[-0.084258,51.495045],[-0.084279,51.49506],[-0.084298,51.495075],[-0.084315,51.495091],[-0.084331,51.495108],[-0.084345,51.495125],[-0.084357,51.495143],[-0.084367,51.495161],[-0.084376,51.49518],[-0.084382,51.495199],[-0.084386,51.495218],[-0.084388,51.495238],[-0.084389,51.495257],[-0.084387,51.495277],[-0.084383,51.495296],[-0.084377,51.495315],[-0.084369,51.495334],[-0.084359,51.495352],[-0.084348,51.49537],[-0.084334,51.495388],[-0.084319,51.495404],[-0.084302,51.495421],[-0.084283,51.495436],[-0.084263,51.495451],[-0.08424,51.495465],[-0.08423,51.495471],[-0.084079,51.495555],[-0.084077,51.495556],[-0.084072,51.495559],[-0.08407,51.495561],[-0.083831,51.495734],[-0.083829,51.495735],[-0.083745,51.495799],[-0.083745,51.495799],[-0.083742,51.495801],[-0.083654,51.495868],[-0.083653,51.495868],[-0.083651,51.49587],[-0.083562,51.495937],[-0.083562,51.495937],[-0.083559,51.49594],[-0.08347,51.496007],[-0.08347,51.496007],[-0.083467,51.496009],[-0.083379,51.496076],[-0.083379,51.496076],[-0.083377,51.496078],[-0.083376,51.496078],[-0.083372,51.496082],[-0.08337,51.496083],[-0.083312,51.496138],[-0.083304,51.496145],[-0.083284,51.496162],[-0.083276,51.496168],[-0.082311,51.496871],[-0.082299,51.496879],[-0.082277,51.496893],[-0.082254,51.496906],[-0.082229,51.496918],[-0.082202,51.496929],[-0.082196,51.496932],[-0.081759,51.497098],[-0.081758,51.497098],[-0.081754,51.4971],[-0.081139,51.49737],[-0.081139,51.49737],[-0.081137,51.497371],[-0.081133,51.497373],[-0.080504,51.497643],[-0.080502,51.497644],[-0.080499,51.497645],[-0.080396,51.497696],[-0.080394,51.497697],[-0.080389,51.4977],[-0.080385,51.497703],[-0.08038,51.497706],[-0.080378,51.497708],[-0.080226,51.497834],[-0.080225,51.497835],[-0.080221,51.497839],[-0.080218,51.497842],[-0.080215,51.497846],[-0.080212,51.49785],[-0.080211,51.497852],[-0.079821,51.4986],[-0.07982,51.498602],[-0.07982,51.498603],[-0.079201,51.499972],[-0.079199,51.49998],[-0.079193,51.499999],[-0.079186,51.500017],[-0.079184,51.50002],[-0.079144,51.500103],[-0.079142,51.500106],[-0.079101,51.500189],[-0.0791,51.500192],[-0.079058,51.500278],[-0.07905,51.500294],[-0.079038,51.500312],[-0.079024,51.500329],[-0.079009,51.500346],[-0.078992,51.500362],[-0.078973,51.500378],[-0.078953,51.500393],[-0.078931,51.500406],[-0.078908,51.500419],[-0.078883,51.500431],[-0.078857,51.500442],[-0.07883,51.500452],[-0.078803,51.500461],[-0.078774,51.500468],[-0.078745,51.500474],[-0.078715,51.50048],[-0.078684,51.500484],[-0.078653,51.500486],[-0.078622,51.500488],[-0.078591,51.500488],[-0.07856,51.500487],[-0.078529,51.500484],[-0.078499,51.50048],[-0.078469,51.500476],[-0.078439,51.500469],[-0.07841,51.500462],[-0.078382,51.500454],[-0.078355,51.500444],[-0.078329,51.500433],[-0.078305,51.500422],[-0.078281,51.500409],[-0.078259,51.500395],[-0.078238,51.500381],[-0.078219,51.500365],[-0.078202,51.500349],[-0.078186,51.500333],[-0.078172,51.500315],[-0.07816,51.500297],[-0.07815,51.500279],[-0.078142,51.50026],[-0.078135,51.500241],[-0.078131,51.500222],[-0.078129,51.500203],[-0.078129,51.500183],[-0.07813,51.500164],[-0.078134,51.500145],[-0.07814,51.500126],[-0.078148,51.500107],[-0.078149,51.500104],[-0.07819,51.500021],[-0.078191,51.500019],[-0.078232,51.499935],[-0.078233,51.499933],[-0.078269,51.499859],[-0.07827,51.499853],[-0.078276,51.499833],[-0.078283,51.499818],[-0.078908,51.498435],[-0.07891,51.498431],[-0.078914,51.498423],[-0.079336,51.497613],[-0.079343,51.497602],[-0.079355,51.497583],[-0.079368,51.497566],[-0.079383,51.497549],[-0.079401,51.497532],[-0.079409,51.497526],[-0.079661,51.497315],[-0.079673,51.497306],[-0.079694,51.497291],[-0.079715,51.497277],[-0.079739,51.497264],[-0.079748,51.497259],[-0.079924,51.497173],[-0.07994,51.497165],[-0.07995,51.497161],[-0.080593,51.496885],[-0.080594,51.496884],[-0.081221,51.496608],[-0.081243,51.496599],[-0.081249,51.496597],[-0.081624,51.496454],[-0.081626,51.496454],[-0.081631,51.496452],[-0.081636,51.496449],[-0.081641,51.496446],[-0.081646,51.496443],[-0.081648,51.496442],[-0.082532,51.495798],[-0.082533,51.495797],[-0.082537,51.495794],[-0.082539,51.495792],[-0.082594,51.49574],[-0.082602,51.495733],[-0.082622,51.495716],[-0.082624,51.495715],[-0.082639,51.495704],[-0.082639,51.495703],[-0.082642,51.495701],[-0.082731,51.495634],[-0.082731,51.495634],[-0.082734,51.495632],[-0.082822,51.495565],[-0.082822,51.495565],[-0.082825,51.495562],[-0.082914,51.495495],[-0.082914,51.495495],[-0.082917,51.495493],[-0.083005,51.495426],[-0.083006,51.495426],[-0.083008,51.495424],[-0.083097,51.495357],[-0.083097,51.495356],[-0.083099,51.495355],[-0.0831,51.495354],[-0.083101,51.495353],[-0.083108,51.495349],[-0.083374,51.495156],[-0.083385,51.495148],[-0.083408,51.495134],[-0.083418,51.495128],[-0.083596,51.495029],[-0.083609,51.495022],[-0.083634,51.495009],[-0.08366,51.494999],[-0.083687,51.494989],[-0.083715,51.49498],[-0.083743,51.494973],[-0.083773,51.494966],[-0.083803,51.494961],[-0.083833,51.494957],[-0.083864,51.494954],[-0.083895,51.494953]]]},"properties":{"layer":"dataset-55cdd950-fd18-421a-affd-130d659dc6fd:Noise_Action_Planning_Important_Areas_Round_3_England","r3_ia_id":"13717","source":"Road","assetowner":"TfL","round3type":"R1+R2+R3 no change","r2_ia_id":"13717","round2type":"R1+R2 extend (R2)","maxx":"-0.07815435830228068","minx":"-0.084414220067741144","maxy":"51.500486425269777","miny":"51.494951735224085","x":-0.08083272,"y":51.49755309,"aream2":48840.6425979,"lengthm":1583.56084521,"in_cw":false}},
{"type":"Feature","geometry":{"type":"MultiPolygon","coordinates":[[[[-0.069064,51.474],[-0.069,51.474018],[-0.068869,51.474054],[-0.068738,51.474091],[-0.068606,51.474127],[-0.068595,51.47413],[-0.068574,51.474136],[-0.068548,51.474142],[-0.068541,51.474143],[-0.068411,51.474167],[-0.068273,51.474192],[-0.068135,51.474217],[-0.068114,51.47422],[-0.068087,51.474224],[-0.068059,51.474226],[-0.06803,51.474228],[-0.068023,51.474228],[-0.067879,51.47423],[-0.067735,51.474232],[-0.067592,51.474234],[-0.067448,51.474236],[-0.067304,51.474238],[-0.06716,51.47424],[-0.067016,51.474242],[-0.066872,51.474244],[-0.066728,51.474246],[-0.066585,51.474248],[-0.066441,51.47425],[-0.066297,51.474252],[-0.066265,51.474253],[-0.066261,51.474253],[-0.066244,51.474253],[-0.066216,51.474252],[-0.066204,51.474251],[-0.066173,51.474249],[-0.06603,51.474238],[-0.065888,51.474227],[-0.065782,51.474219],[-0.065744,51.474221],[-0.065601,51.474226],[-0.065457,51.474231],[-0.065313,51.474236],[-0.065169,51.474241],[-0.065026,51.474246],[-0.064882,51.474251],[-0.064738,51.474256],[-0.064595,51.474261],[-0.064587,51.474261],[-0.064586,51.474261],[-0.064585,51.474261],[-0.064584,51.474261],[-0.064442,51.474264],[-0.06444,51.474264],[-0.064298,51.474267],[-0.064296,51.474267],[-0.064154,51.47427],[-0.064152,51.47427],[-0.064011,51.474273],[-0.064008,51.474273],[-0.063871,51.474276],[-0.063803,51.474279],[-0.063659,51.474284],[-0.063515,51.47429],[-0.063372,51.474296],[-0.063228,51.474302],[-0.063084,51.474307],[-0.063073,51.474308],[-0.063045,51.474308],[-0.063035,51.474308],[-0.062891,51.474303],[-0.062747,51.474299],[-0.062604,51.474294],[-0.06246,51.47429],[-0.062316,51.474285],[-0.062172,51.474281],[-0.062029,51.474276],[-0.061885,51.474272],[-0.061741,51.474267],[-0.061598,51.474263],[-0.061454,51.474258],[-0.061311,51.474254],[-0.061194,51.47425],[-0.061176,51.474249],[-0.061165,51.474249],[-0.061022,51.474238],[-0.060879,51.474228],[-0.060736,51.474217],[-0.060594,51.474207],[-0.060451,51.474196],[-0.060308,51.474186],[-0.060165,51.474175],[-0.06006,51.474167],[-0.060043,51.474166],[-0.060015,51.474163],[-0.059988,51.474158],[-0.059961,51.474153],[-0.05996,51.474152],[-0.059826,51.474121],[-0.059825,51.474121],[-0.059691,51.47409],[-0.05969,51.47409],[-0.059556,51.474059],[-0.059555,51.474058],[-0.059421,51.474027],[-0.05942,51.474027],[-0.059419,51.474027],[-0.059418,51.474026],[-0.059416,51.474026],[-0.059399,51.474022],[-0.059316,51.474],[-0.051607,51.474],[-0.051614,51.47408],[-0.051614,51.474084],[-0.051615,51.474101],[-0.051613,51.474119],[-0.051609,51.474136],[-0.051604,51.474154],[-0.051597,51.474171],[-0.051588,51.474187],[-0.051577,51.474204],[-0.051565,51.47422],[-0.051551,51.474235],[-0.051535,51.47425],[-0.051518,51.474264],[-0.0515,51.474277],[-0.05148,51.47429],[-0.051459,51.474301],[-0.051437,51.474312],[-0.051413,51.474322],[-0.051389,51.474331],[-0.051364,51.474339],[-0.051338,51.474346],[-0.051311,51.474352],[-0.051284,51.474356],[-0.051256,51.47436],[-0.051228,51.474362],[-0.0512,51.474364],[-0.051171,51.474364],[-0.051143,51.474363],[-0.051115,51.47436],[-0.051087,51.474357],[-0.05106,51.474353],[-0.051033,51.474347],[-0.051007,51.47434],[-0.050982,51.474333],[-0.050957,51.474324],[-0.050934,51.474314],[-0.050911,51.474304],[-0.05089,51.474292],[-0.05087,51.47428],[-0.050851,51.474266],[-0.050833,51.474252],[-0.050818,51.474238],[-0.050803,51.474223],[-0.050791,51.474207],[-0.05078,51.474191],[-0.05077,51.474174],[-0.050763,51.474157],[-0.050757,51.47414],[-0.050753,51.474122],[-0.050752,51.474108],[-0.050744,51.474019],[-0.050742,51.474],[-0.069064,51.474]]]]},"properties":{"layer":"dataset-55cdd950-fd18-421a-affd-130d659dc6fd:Noise_Action_Planning_Important_Areas_Round_3_England","r3_ia_id":"13727*","source":"Road","assetowner":"TfL & Southwark","round3type":"R1+R2+R3 no change","r2_ia_id":"13727*","round2type":"R1+R2 extend (R2)","maxx":"-0.050713389521276082","minx":"-0.073418351097343154","maxy":"51.47436314670162","miny":"51.46615843144636","x":-0.06394243,"y":51.47231115,"aream2":168897.66928653,"lengthm":5700.31790062,"clipped_to_zone":true,"in_cw":false}},
{"type":"Feature","geometry":{"type":"Polygon","coordinates":[[[-0.044446,51.513487],[-0.044308,51.513484],[-0.04417,51.513484],[-0.044026,51.513484],[-0.043882,51.513483],[-0.043738,51.513483],[-0.04368,51.513483],[-0.043676,51.513483],[-0.04367,51.513483],[-0.043642,51.513482],[-0.043622,51.51348],[-0.043493,51.513469],[-0.043484,51.513468],[-0.043472,51.513467],[-0.04333,51.51345],[-0.043189,51.513433],[-0.043047,51.513417],[-0.042945,51.513404],[-0.042941,51.513404],[-0.042758,51.513383],[-0.04274,51.513381],[-0.042728,51.513379],[-0.042703,51.513375],[-0.042563,51.513353],[-0.042423,51.51333],[-0.042284,51.513308],[-0.042268,51.513305],[-0.042242,51.5133],[-0.042215,51.513293],[-0.04219,51.513285],[-0.042181,51.513282],[-0.041729,51.51321],[-0.041728,51.51321],[-0.041715,51.513208],[-0.041714,51.513207],[-0.041714,51.513207],[-0.041703,51.513205],[-0.041702,51.513205],[-0.041133,51.513087],[-0.039901,51.513015],[-0.039901,51.513014],[-0.0399,51.513014],[-0.039899,51.513014],[-0.039899,51.513014],[-0.039888,51.513014],[-0.039887,51.513014],[-0.038879,51.512934],[-0.038878,51.512934],[-0.038877,51.512934],[-0.038866,51.512934],[-0.038865,51.512934],[-0.035126,51.5128],[-0.035125,51.5128],[-0.035112,51.5128],[-0.035111,51.512799],[-0.035111,51.512799],[-0.035109,51.512799],[-0.035109,51.512799],[-0.034967,51.512791],[-0.034966,51.512791],[-0.034966,51.512791],[-0.034824,51.512782],[-0.034823,51.512782],[-0.034822,51.512782],[-0.034681,51.512773],[-0.034679,51.512773],[-0.034679,51.512773],[-0.034537,51.512765],[-0.034536,51.512765],[-0.034536,51.512765],[-0.0345,51.512763],[-0.034005,51.512745],[-0.034004,51.512745],[-0.033994,51.512745],[-0.033993,51.512745],[-0.033991,51.512745],[-0.033989,51.512745],[-0.033858,51.512738],[-0.033858,51.512738],[-0.033856,51.512737],[-0.033715,51.51273],[-0.033715,51.51273],[-0.033713,51.51273],[-0.033571,51.512722],[-0.033571,51.512722],[-0.033569,51.512722],[-0.033428,51.512714],[-0.033428,51.512714],[-0.033426,51.512714],[-0.033284,51.512706],[-0.033284,51.512706],[-0.033282,51.512706],[-0.033141,51.512698],[-0.033141,51.512698],[-0.033139,51.512698],[-0.032997,51.512691],[-0.032997,51.512691],[-0.032995,51.512691],[-0.032854,51.512683],[-0.032854,51.512683],[-0.032852,51.512683],[-0.03271,51.512675],[-0.03271,51.512675],[-0.032708,51.512675],[-0.032567,51.512667],[-0.032567,51.512667],[-0.032565,51.512667],[-0.032423,51.512659],[-0.032423,51.512659],[-0.032421,51.512659],[-0.03228,51.512651],[-0.032279,51.512651],[-0.032278,51.512651],[-0.032136,51.512644],[-0.032136,51.512644],[-0.032134,51.512644],[-0.031992,51.512636],[-0.031992,51.512636],[-0.031991,51.512636],[-0.031859,51.512629],[-0.029637,51.512573],[-0.029636,51.512573],[-0.029617,51.512572],[-0.029615,51.512572],[-0.029613,51.512572],[-0.02959,51.51257],[-0.029588,51.51257],[-0.029586,51.51257],[-0.029563,51.512567],[-0.029561,51.512567],[-0.02956,51.512567],[-0.029537,51.512563],[-0.029535,51.512563],[-0.029533,51.512562],[-0.029511,51.512558],[-0.029509,51.512557],[-0.029507,51.512557],[-0.029485,51.512551],[-0.029484,51.512551],[-0.029482,51.51255],[-0.029461,51.512544],[-0.029459,51.512543],[-0.029458,51.512543],[-0.02945,51.51254],[-0.029449,51.51254],[-0.02871,51.51228],[-0.028421,51.512196],[-0.0283,51.512564],[-0.02829,51.512638],[-0.02829,51.512638],[-0.02829,51.512639],[-0.028277,51.512728],[-0.028277,51.512728],[-0.028277,51.512729],[-0.028265,51.512817],[-0.028265,51.512817],[-0.028265,51.512818],[-0.028252,51.512907],[-0.028252,51.512907],[-0.028252,51.512908],[-0.02824,51.512996],[-0.02824,51.512996],[-0.028239,51.512998],[-0.028227,51.513086],[-0.028227,51.513086],[-0.028227,51.513087],[-0.028214,51.513176],[-0.028214,51.513176],[-0.028214,51.513177],[-0.028202,51.513265],[-0.028202,51.513265],[-0.028202,51.513266],[-0.028189,51.513355],[-0.028189,51.513355],[-0.028189,51.513356],[-0.028178,51.513437],[-0.028178,51.513437],[-0.028178,51.513438],[-0.028178,51.513438],[-0.028177,51.513439],[-0.028174,51.513454],[-0.028174,51.513455],[-0.028174,51.513456],[-0.028169,51.513471],[-0.028169,51.513472],[-0.028169,51.513473],[-0.028163,51.513487],[-0.028162,51.513488],[-0.028161,51.513489],[-0.028154,51.513503],[-0.028153,51.513505],[-0.028153,51.513506],[-0.028144,51.513519],[-0.028143,51.51352],[-0.028142,51.513521],[-0.028132,51.513535],[-0.028131,51.513536],[-0.02813,51.513537],[-0.028119,51.513549],[-0.028118,51.51355],[-0.028117,51.513551],[-0.028104,51.513564],[-0.028103,51.513565],[-0.028101,51.513566],[-0.028087,51.513577],[-0.028086,51.513578],[-0.028085,51.513579],[-0.028069,51.51359],[-0.028068,51.513591],[-0.028067,51.513592],[-0.02805,51.513603],[-0.028049,51.513603],[-0.028047,51.513604],[-0.02803,51.513614],[-0.028028,51.513615],[-0.028027,51.513615],[-0.028008,51.513624],[-0.028007,51.513625],[-0.028005,51.513626],[-0.027986,51.513634],[-0.027984,51.513635],[-0.027983,51.513635],[-0.027962,51.513643],[-0.027961,51.513643],[-0.027959,51.513644],[-0.027938,51.51365],[-0.027936,51.513651],[-0.027934,51.513651],[-0.027913,51.513657],[-0.027911,51.513658],[-0.027909,51.513658],[-0.027887,51.513663],[-0.027885,51.513663],[-0.027883,51.513663],[-0.027861,51.513667],[-0.027859,51.513668],[-0.027857,51.513668],[-0.027834,51.513671],[-0.027832,51.513671],[-0.02783,51.513671],[-0.027807,51.513673],[-0.027805,51.513673],[-0.027803,51.513674],[-0.027779,51.513675],[-0.027778,51.513675],[-0.027776,51.513675],[-0.027752,51.513675],[-0.027752,51.513675],[-0.02775,51.513675],[-0.027748,51.513675],[-0.027725,51.513674],[-0.027723,51.513674],[-0.027721,51.513674],[-0.027698,51.513672],[-0.027696,51.513672],[-0.027694,51.513671],[-0.027671,51.513669],[-0.027669,51.513668],[-0.027667,51.513668],[-0.027644,51.513664],[-0.027643,51.513664],[-0.027641,51.513664],[-0.027618,51.513659],[-0.027617,51.513659],[-0.027615,51.513658],[-0.027593,51.513653],[-0.027591,51.513652],[-0.02759,51.513652],[-0.027568,51.513645],[-0.027567,51.513645],[-0.027565,51.513644],[-0.027545,51.513637],[-0.027543,51.513636],[-0.027541,51.513636],[-0.027522,51.513628],[-0.02752,51.513627],[-0.027519,51.513626],[-0.0275,51.513617],[-0.027498,51.513617],[-0.027497,51.513616],[-0.027479,51.513606],[-0.027478,51.513605],[-0.027476,51.513605],[-0.02746,51.513594],[-0.027458,51.513593],[-0.027457,51.513593],[-0.027441,51.513582],[-0.02744,51.513581],[-0.027439,51.51358],[-0.027424,51.513568],[-0.027423,51.513567],[-0.027422,51.513566],[-0.027409,51.513554],[-0.027408,51.513553],[-0.027407,51.513552],[-0.027395,51.513539],[-0.027394,51.513538],[-0.027393,51.513537],[-0.027383,51.513524],[-0.027382,51.513523],[-0.027381,51.513522],[-0.027372,51.513508],[-0.027371,51.513507],[-0.027371,51.513506],[-0.027363,51.513492],[-0.027362,51.513491],[-0.027362,51.51349],[-0.027356,51.513476],[-0.027355,51.513475],[-0.027355,51.513474],[-0.02735,51.513459],[-0.02735,51.513458],[-0.027349,51.513457],[-0.027346,51.513442],[-0.027346,51.513441],[-0.027346,51.51344],[-0.027344,51.513425],[-0.027344,51.513424],[-0.027344,51.513423],[-0.027344,51.513408],[-0.027344,51.513407],[-0.027344,51.513406],[-0.027345,51.513392],[-0.027345,51.513391],[-0.027357,51.513309],[-0.027357,51.513309],[-0.027357,51.513308],[-0.027369,51.51322],[-0.027369,51.51322],[-0.02737,51.513218],[-0.027382,51.51313],[-0.027382,51.51313],[-0.027382,51.513129],[-0.027395,51.51304],[-0.027395,51.51304],[-0.027395,51.513039],[-0.027407,51.512951],[-0.027407,51.512951],[-0.027407,51.51295],[-0.02742,51.512861],[-0.02742,51.512861],[-0.02742,51.51286],[-0.027432,51.512772],[-0.027432,51.512772],[-0.027433,51.512771],[-0.027445,51.512682],[-0.027445,51.512682],[-0.027445,51.512681],[-0.027458,51.512593],[-0.027458,51.512593],[-0.027458,51.512592],[-0.02747,51.512503],[-0.02747,51.512503],[-0.02747,51.512502],[-0.02747,51.512502],[-0.027471,51.512501],[-0.027473,51.512486],[-0.027474,51.512485],[-0.027474,51.512484],[-0.027477,51.512474],[-0.027477,51.512474],[-0.027477,51.512474],[-0.027624,51.512027],[-0.027475,51.512009],[-0.027474,51.512009],[-0.027461,51.512008],[-0.02746,51.512007],[-0.027458,51.512007],[-0.027435,51.512003],[-0.027433,51.512003],[-0.027431,51.512003],[-0.027409,51.511998],[-0.027407,51.511998],[-0.027406,51.511997],[-0.027384,51.511992],[-0.027382,51.511991],[-0.02738,51.511991],[-0.027359,51.511984],[-0.027357,51.511984],[-0.027356,51.511983],[-0.027335,51.511976],[-0.027334,51.511975],[-0.027332,51.511975],[-0.027312,51.511967],[-0.027311,51.511966],[-0.027309,51.511965],[-0.027291,51.511956],[-0.027289,51.511956],[-0.027288,51.511955],[-0.02727,51.511945],[-0.027268,51.511945],[-0.027267,51.511944],[-0.02725,51.511933],[-0.027249,51.511933],[-0.027248,51.511932],[-0.027232,51.511921],[-0.027231,51.51192],[-0.02723,51.511919],[-0.027215,51.511907],[-0.027214,51.511906],[-0.027213,51.511905],[-0.0272,51.511893],[-0.027199,51.511892],[-0.027198,51.511891],[-0.027186,51.511878],[-0.027185,51.511877],[-0.027184,51.511876],[-0.027174,51.511863],[-0.027173,51.511862],[-0.027172,51.511861],[-0.027163,51.511848],[-0.027162,51.511846],[-0.027161,51.511845],[-0.027154,51.511831],[-0.027153,51.51183],[-0.027153,51.511829],[-0.027146,51.511815],[-0.027146,51.511814],[-0.027146,51.511813],[-0.027141,51.511798],[-0.02714,51.511797],[-0.02714,51.511796],[-0.027137,51.511781],[-0.027137,51.51178],[-0.027137,51.511779],[-0.027135,51.511764],[-0.027135,51.511763],[-0.027135,51.511762],[-0.027135,51.511747],[-0.027135,51.511747],[-0.027135,51.511746],[-0.027135,51.511745],[-0.027136,51.51173],[-0.027136,51.511729],[-0.027136,51.511728],[-0.027139,51.511713],[-0.02714,51.511712],[-0.02714,51.511711],[-0.027144,51.511697],[-0.027145,51.511695],[-0.027145,51.511694],[-0.027151,51.51168],[-0.027152,51.511679],[-0.027152,51.511678],[-0.02716,51.511664],[-0.02716,51.511663],[-0.027161,51.511662],[-0.02717,51.511648],[-0.027171,51.511647],[-0.027171,51.511646],[-0.027182,51.511633],[-0.027183,51.511632],[-0.027184,51.511631],[-0.027195,51.511618],[-0.027196,51.511617],[-0.027197,51.511616],[-0.02721,51.511604],[-0.027211,51.511603],[-0.027212,51.511602],[-0.027227,51.51159],[-0.027228,51.511589],[-0.027229,51.511588],[-0.027244,51.511577],[-0.027246,51.511576],[-0.027247,51.511575],[-0.027264,51.511565],[-0.027265,51.511564],[-0.027266,51.511563],[-0.027284,51.511553],[-0.027285,51.511553],[-0.027287,51.511552],[-0.027305,51.511543],[-0.027307,51.511542],[-0.027308,51.511542],[-0.027328,51.511533],[-0.02733,51.511533],[-0.027331,51.511532],[-0.027352,51.511525],[-0.027353,51.511524],[-0.027355,51.511523],[-0.027376,51.511517],[-0.027378,51.511516],[-0.027379,51.511516],[-0.027401,51.51151],[-0.027403,51.51151],[-0.027405,51.511509],[-0.027427,51.511505],[-0.027429,51.511504],[-0.02743,51.511504],[-0.027453,51.5115],[-0.027455,51.5115],[-0.027457,51.511499],[-0.027465,51.511498],[-0.027453,51.511489],[-0.027451,51.511487],[-0.027362,51.51142],[-0.02736,51.511418],[-0.027271,51.51135],[-0.027268,51.511348],[-0.027177,51.511278],[-0.027163,51.511266],[-0.027147,51.511252],[-0.027133,51.511237],[-0.027131,51.511236],[-0.027115,51.511223],[-0.02703,51.511151],[-0.027028,51.511149],[-0.026944,51.511078],[-0.026943,51.511077],[-0.026928,51.511064],[-0.026863,51.511012],[-0.026855,51.511005],[-0.026839,51.510991],[-0.026825,51.510976],[-0.026812,51.51096],[-0.026801,51.510944],[-0.026792,51.510927],[-0.026785,51.51091],[-0.026779,51.510893],[-0.026775,51.510875],[-0.026773,51.510857],[-0.026773,51.51084],[-0.026775,51.510822],[-0.026778,51.510805],[-0.026784,51.510787],[-0.026791,51.51077],[-0.0268,51.510754],[-0.02681,51.510737],[-0.026823,51.510721],[-0.026837,51.510706],[-0.026852,51.510691],[-0.026869,51.510677],[-0.026888,51.510664],[-0.026908,51.510651],[-0.026929,51.51064],[-0.026951,51.510629],[-0.026975,51.510619],[-0.026999,51.51061],[-0.027024,51.510602],[-0.027051,51.510595],[-0.027077,51.510589],[-0.027105,51.510585],[-0.027132,51.510581],[-0.02716,51.510579],[-0.027188,51.510578],[-0.027217,51.510577],[-0.027245,51.510579],[-0.027273,51.510581],[-0.027301,51.510584],[-0.027328,51.510589],[-0.027355,51.510594],[-0.027381,51.510601],[-0.027407,51.510608],[-0.027431,51.510617],[-0.027455,51.510627],[-0.027477,51.510638],[-0.027499,51.510649],[-0.027519,51.510662],[-0.027538,51.510675],[-0.027547,51.510682],[-0.027615,51.510737],[-0.027621,51.510742],[-0.027641,51.510759],[-0.027642,51.51076],[-0.027726,51.510831],[-0.027728,51.510833],[-0.027812,51.510904],[-0.027813,51.510905],[-0.027829,51.51092],[-0.027843,51.510934],[-0.027845,51.510936],[-0.027847,51.510938],[-0.027936,51.511005],[-0.027938,51.511007],[-0.028027,51.511075],[-0.028029,51.511077],[-0.028118,51.511145],[-0.028121,51.511147],[-0.028209,51.511214],[-0.028212,51.511216],[-0.0283,51.511284],[-0.028303,51.511286],[-0.028391,51.511354],[-0.028394,51.511356],[-0.028445,51.511395],[-0.029156,51.511839],[-0.029771,51.512055],[-0.031902,51.512108],[-0.031904,51.512108],[-0.031915,51.512108],[-0.03192,51.512108],[-0.031922,51.512109],[-0.031924,51.512109],[-0.032065,51.512116],[-0.032065,51.512116],[-0.032067,51.512116],[-0.032209,51.512124],[-0.032209,51.512124],[-0.032211,51.512124],[-0.032352,51.512132],[-0.032352,51.512132],[-0.032354,51.512132],[-0.032496,51.51214],[-0.032496,51.51214],[-0.032498,51.51214],[-0.032639,51.512148],[-0.032639,51.512148],[-0.032641,51.512148],[-0.032783,51.512156],[-0.032783,51.512156],[-0.032785,51.512156],[-0.032926,51.512163],[-0.032926,51.512163],[-0.032928,51.512163],[-0.03307,51.512171],[-0.03307,51.512171],[-0.033072,51.512171],[-0.033213,51.512179],[-0.033214,51.512179],[-0.033215,51.512179],[-0.033357,51.512187],[-0.033357,51.512187],[-0.033359,51.512187],[-0.0335,51.512195],[-0.033501,51.512195],[-0.033502,51.512195],[-0.033644,51.512203],[-0.033644,51.512203],[-0.033646,51.512203],[-0.033788,51.51221],[-0.033788,51.51221],[-0.033789,51.51221],[-0.033931,51.512218],[-0.033931,51.512218],[-0.033933,51.512218],[-0.034058,51.512225],[-0.034555,51.512242],[-0.034556,51.512242],[-0.034569,51.512243],[-0.03457,51.512243],[-0.03457,51.512243],[-0.034572,51.512243],[-0.034572,51.512243],[-0.034615,51.512246],[-0.034616,51.512246],[-0.034616,51.512246],[-0.034758,51.512254],[-0.03476,51.512254],[-0.03476,51.512254],[-0.034901,51.512263],[-0.034903,51.512263],[-0.035045,51.512272],[-0.035046,51.512272],[-0.035046,51.512272],[-0.035182,51.51228],[-0.038913,51.512414],[-0.038914,51.512414],[-0.038927,51.512414],[-0.038928,51.512414],[-0.038929,51.512414],[-0.038929,51.512414],[-0.038931,51.512414],[-0.038933,51.512414],[-0.038956,51.512415],[-0.038958,51.512415],[-0.038959,51.512415],[-0.038971,51.512416],[-0.038972,51.512416],[-0.039985,51.512496],[-0.041258,51.512571],[-0.04126,51.512571],[-0.041283,51.512573],[-0.041285,51.512573],[-0.041287,51.512573],[-0.04131,51.512576],[-0.041311,51.512576],[-0.041313,51.512576],[-0.041336,51.51258],[-0.041338,51.51258],[-0.041339,51.512581],[-0.04135,51.512583],[-0.041351,51.512583],[-0.041951,51.512707],[-0.042389,51.512777],[-0.042403,51.512777],[-0.042431,51.512778],[-0.042459,51.512781],[-0.042487,51.512784],[-0.042499,51.512786],[-0.042639,51.512808],[-0.042778,51.51283],[-0.042918,51.512853],[-0.042928,51.512854],[-0.043099,51.512874],[-0.0431,51.512874],[-0.043102,51.512874],[-0.043208,51.512887],[-0.04335,51.512903],[-0.043491,51.51292],[-0.043622,51.512936],[-0.043712,51.512943],[-0.043741,51.512944],[-0.043885,51.512944],[-0.044029,51.512944],[-0.044173,51.512945],[-0.044317,51.512945],[-0.044321,51.512945],[-0.044327,51.512945],[-0.04433,51.512945],[-0.044471,51.512948],[-0.044474,51.512948],[-0.044615,51.512951],[-0.044618,51.512951],[-0.044759,51.512954],[-0.044762,51.512954],[-0.044903,51.512957],[-0.044906,51.512957],[-0.045047,51.51296],[-0.04505,51.51296],[-0.045191,51.512962],[-0.045194,51.512963],[-0.045335,51.512965],[-0.045338,51.512965],[-0.045479,51.512968],[-0.045482,51.512968],[-0.045623,51.512971],[-0.045626,51.512971],[-0.045767,51.512974],[-0.04577,51.512974],[-0.045911,51.512977],[-0.045914,51.512977],[-0.046055,51.51298],[-0.046058,51.51298],[-0.046199,51.512983],[-0.046202,51.512983],[-0.046343,51.512986],[-0.046346,51.512986],[-0.046487,51.512989],[-0.04649,51.512989],[-0.046631,51.512991],[-0.046634,51.512992],[-0.046775,51.512994],[-0.046778,51.512994],[-0.046919,51.512997],[-0.046922,51.512997],[-0.046947,51.512998],[-0.046975,51.513],[-0.04699,51.513002],[-0.047051,51.51301],[-0.047193,51.513027],[-0.047329,51.513043],[-0.047342,51.513045],[-0.047484,51.51306],[-0.047626,51.513075],[-0.047649,51.513078],[-0.047658,51.513079],[-0.047721,51.513089],[-0.047861,51.513111],[-0.048001,51.513132],[-0.048141,51.513154],[-0.04828,51.513176],[-0.04842,51.513198],[-0.04856,51.51322],[-0.048578,51.513223],[-0.04858,51.513223],[-0.048728,51.513251],[-0.048758,51.513256],[-0.048898,51.513278],[-0.049038,51.5133],[-0.049177,51.513323],[-0.049317,51.513345],[-0.049456,51.513367],[-0.049596,51.513389],[-0.049736,51.513412],[-0.049875,51.513434],[-0.050015,51.513456],[-0.050154,51.513478],[-0.050294,51.513501],[-0.050295,51.513501],[-0.050296,51.513501],[-0.0504,51.513518],[-0.05054,51.513541],[-0.050679,51.513563],[-0.050819,51.513586],[-0.050833,51.513588],[-0.05086,51.513594],[-0.050886,51.513601],[-0.050911,51.513608],[-0.050936,51.513617],[-0.05096,51.513627],[-0.050982,51.513637],[-0.051004,51.513649],[-0.051024,51.513661],[-0.051042,51.513674],[-0.05106,51.513688],[-0.051076,51.513703],[-0.05109,51.513718],[-0.051103,51.513734],[-0.051114,51.51375],[-0.051123,51.513767],[-0.05113,51.513784],[-0.051136,51.513801],[-0.05114,51.513819],[-0.051142,51.513836],[-0.051142,51.513854],[-0.05114,51.513872],[-0.051137,51.513889],[-0.051132,51.513906],[-0.051124,51.513924],[-0.051115,51.51394],[-0.051105,51.513957],[-0.051092,51.513973],[-0.051078,51.513988],[-0.051063,51.514003],[-0.051046,51.514017],[-0.051027,51.51403],[-0.051007,51.514043],[-0.050986,51.514054],[-0.050964,51.514065],[-0.050941,51.514075],[-0.050916,51.514084],[-0.050891,51.514092],[-0.050865,51.514099],[-0.050838,51.514104],[-0.050811,51.514109],[-0.050783,51.514113],[-0.050755,51.514115],[-0.050727,51.514116],[-0.050699,51.514116],[-0.05067,51.514115],[-0.050642,51.514113],[-0.050614,51.51411],[-0.050601,51.514108],[-0.050462,51.514085],[-0.050322,51.514063],[-0.050183,51.51404],[-0.05008,51.514023],[-0.050078,51.514023],[-0.04994,51.514001],[-0.049801,51.513979],[-0.049661,51.513957],[-0.049522,51.513934],[-0.049382,51.513912],[-0.049242,51.51389],[-0.049103,51.513868],[-0.048963,51.513845],[-0.048824,51.513823],[-0.048684,51.513801],[-0.048544,51.513779],[-0.048505,51.513772],[-0.048489,51.51377],[-0.048487,51.513769],[-0.04834,51.513741],[-0.04821,51.513721],[-0.048071,51.513699],[-0.047931,51.513678],[-0.047791,51.513656],[-0.047651,51.513634],[-0.047511,51.513612],[-0.047464,51.513605],[-0.047338,51.513591],[-0.047196,51.513576],[-0.047179,51.513574],[-0.047177,51.513574],[-0.047169,51.513573],[-0.047028,51.513556],[-0.046886,51.513539],[-0.046859,51.513536],[-0.046752,51.513534],[-0.04675,51.513533],[-0.046608,51.513531],[-0.046606,51.513531],[-0.046464,51.513528],[-0.046462,51.513528],[-0.04632,51.513525],[-0.046318,51.513525],[-0.046176,51.513522],[-0.046174,51.513522],[-0.046032,51.513519],[-0.04603,51.513519],[-0.045888,51.513516],[-0.045886,51.513516],[-0.045744,51.513513],[-0.045742,51.513513],[-0.0456,51.51351],[-0.045598,51.51351],[-0.045456,51.513507],[-0.045454,51.513507],[-0.045312,51.513505],[-0.04531,51.513505],[-0.045168,51.513502],[-0.045166,51.513502],[-0.045024,51.513499],[-0.045022,51.513499],[-0.04488,51.513496],[-0.044878,51.513496],[-0.044736,51.513493],[-0.044734,51.513493],[-0.044592,51.51349],[-0.04459,51.51349],[-0.044448,51.513487],[-0.044446,51.513487]]]},"properties":{"layer":"dataset-55cdd950-fd18-421a-affd-130d659dc6fd:Noise_Action_Planning_Important_Areas_Round_3_England","r3_ia_id":"13734*","source":"Road","assetowner":"TfL & Tower Hamlets","round3type":"R1+R2 extend (R2)","r2_ia_id":"13734*","round2type":"R1+R2 extend (R2)","maxx":"-0.026800006404865281","minx":"-0.051168745458342504","maxy":"51.514115244258697","miny":"51.510576323810646","x":-0.03748575,"y":51.51270236,"aream2":116605.65419425,"lengthm":3992.71705347,"in_cw":false}},
{"type":"Feature","geometry":{"type":"Polygon","coordinates":[[[-0.045658,51.509834],[-0.045788,51.509802],[-0.045793,51.509801],[-0.045922,51.50977],[-0.045927,51.509769],[-0.046057,51.509737],[-0.046061,51.509736],[-0.046191,51.509704],[-0.046195,51.509703],[-0.046321,51.509672],[-0.046412,51.509649],[-0.046546,51.509615],[-0.046679,51.50958],[-0.046812,51.509546],[-0.046824,51.509543],[-0.04686,51.509536],[-0.046896,51.509529],[-0.046933,51.509525],[-0.046971,51.509522],[-0.047003,51.50952],[-0.047127,51.509516],[-0.047271,51.509512],[-0.047415,51.509507],[-0.047559,51.509503],[-0.047703,51.509499],[-0.047847,51.509494],[-0.047991,51.50949],[-0.048135,51.509485],[-0.048279,51.509481],[-0.048422,51.509477],[-0.048566,51.509472],[-0.04871,51.509468],[-0.048854,51.509464],[-0.048998,51.509459],[-0.049142,51.509455],[-0.049286,51.50945],[-0.04943,51.509446],[-0.049574,51.509442],[-0.049717,51.509437],[-0.049861,51.509433],[-0.050005,51.509428],[-0.050149,51.509424],[-0.050293,51.50942],[-0.050434,51.509415],[-0.050571,51.50941],[-0.050715,51.509405],[-0.050859,51.5094],[-0.051003,51.509395],[-0.051146,51.509389],[-0.05129,51.509384],[-0.051434,51.509379],[-0.051578,51.509374],[-0.051722,51.509368],[-0.051865,51.509363],[-0.052009,51.509358],[-0.052153,51.509352],[-0.052297,51.509347],[-0.052441,51.509342],[-0.052585,51.509337],[-0.052728,51.509331],[-0.052872,51.509326],[-0.053016,51.509321],[-0.05316,51.509316],[-0.053304,51.50931],[-0.053315,51.50931],[-0.053316,51.50931],[-0.053376,51.509309],[-0.053377,51.509309],[-0.05352,51.509305],[-0.053521,51.509305],[-0.053664,51.509302],[-0.053665,51.509302],[-0.053808,51.509298],[-0.053809,51.509298],[-0.053952,51.509295],[-0.053953,51.509295],[-0.054096,51.509292],[-0.054097,51.509292],[-0.05424,51.509288],[-0.054241,51.509288],[-0.054384,51.509285],[-0.054385,51.509285],[-0.054528,51.509281],[-0.054529,51.509281],[-0.054672,51.509278],[-0.054673,51.509278],[-0.054816,51.509275],[-0.054816,51.509275],[-0.05496,51.509271],[-0.05496,51.509271],[-0.055104,51.509268],[-0.055104,51.509268],[-0.055141,51.509268],[-0.055179,51.509269],[-0.05519,51.50927],[-0.055282,51.509276],[-0.055425,51.509286],[-0.055568,51.509296],[-0.055711,51.509306],[-0.055854,51.509316],[-0.055997,51.509326],[-0.056141,51.509336],[-0.056284,51.509346],[-0.056427,51.509356],[-0.05657,51.509366],[-0.056653,51.509372],[-0.056663,51.509371],[-0.056666,51.509371],[-0.056806,51.509362],[-0.05681,51.509362],[-0.056949,51.509354],[-0.056953,51.509353],[-0.057093,51.509345],[-0.057097,51.509345],[-0.057236,51.509336],[-0.05724,51.509336],[-0.057383,51.509327],[-0.061414,51.509084],[-0.061442,51.509082],[-0.061454,51.509081],[-0.061598,51.509074],[-0.061741,51.509067],[-0.061885,51.50906],[-0.062028,51.509054],[-0.062172,51.509047],[-0.062316,51.50904],[-0.062459,51.509033],[-0.062603,51.509026],[-0.062747,51.50902],[-0.06289,51.509013],[-0.063034,51.509006],[-0.06305,51.509005],[-0.063059,51.509005],[-0.063089,51.509005],[-0.063233,51.509003],[-0.063377,51.509002],[-0.063521,51.509],[-0.063666,51.508998],[-0.06381,51.508997],[-0.063954,51.508995],[-0.064098,51.508993],[-0.064242,51.508992],[-0.064386,51.50899],[-0.06453,51.508988],[-0.064674,51.508987],[-0.064678,51.508987],[-0.064693,51.508987],[-0.064706,51.508987],[-0.064779,51.50899],[-0.064923,51.508995],[-0.065066,51.509],[-0.06521,51.509005],[-0.065354,51.50901],[-0.065498,51.509016],[-0.065609,51.50902],[-0.065731,51.509012],[-0.065874,51.509004],[-0.066017,51.508996],[-0.066161,51.508987],[-0.066304,51.508979],[-0.066448,51.508971],[-0.066591,51.508962],[-0.066735,51.508954],[-0.066878,51.508946],[-0.066952,51.508941],[-0.067075,51.508908],[-0.067207,51.508872],[-0.067339,51.508836],[-0.067471,51.5088],[-0.067595,51.508766],[-0.067698,51.508734],[-0.067828,51.508695],[-0.067958,51.508656],[-0.068087,51.508617],[-0.068217,51.508577],[-0.068344,51.508539],[-0.068355,51.508535],[-0.068484,51.508495],[-0.068613,51.508455],[-0.068741,51.508415],[-0.06887,51.508374],[-0.068999,51.508334],[-0.069011,51.508331],[-0.069038,51.508324],[-0.069064,51.508318],[-0.069084,51.508314],[-0.069091,51.508313],[-0.069231,51.508291],[-0.06937,51.508268],[-0.06951,51.508246],[-0.069649,51.508223],[-0.069789,51.508201],[-0.069928,51.508178],[-0.070067,51.508155],[-0.070207,51.508133],[-0.070346,51.50811],[-0.070354,51.508109],[-0.070382,51.508106],[-0.070395,51.508104],[-0.070538,51.508092],[-0.07068,51.508079],[-0.070823,51.508067],[-0.070966,51.508055],[-0.07098,51.508054],[-0.071009,51.508052],[-0.071037,51.508052],[-0.071065,51.508053],[-0.071093,51.508055],[-0.071121,51.508059],[-0.071148,51.508063],[-0.071175,51.508069],[-0.071201,51.508075],[-0.071227,51.508083],[-0.071251,51.508092],[-0.071275,51.508102],[-0.071297,51.508112],[-0.071319,51.508124],[-0.071339,51.508136],[-0.071358,51.508149],[-0.071375,51.508163],[-0.071391,51.508178],[-0.071405,51.508193],[-0.071418,51.508209],[-0.071429,51.508225],[-0.071438,51.508242],[-0.071446,51.508259],[-0.071451,51.508276],[-0.071455,51.508294],[-0.071457,51.508311],[-0.071457,51.508329],[-0.071456,51.508346],[-0.071452,51.508364],[-0.071447,51.508381],[-0.07144,51.508398],[-0.071431,51.508415],[-0.07142,51.508431],[-0.071408,51.508447],[-0.071394,51.508463],[-0.071378,51.508477],[-0.071361,51.508491],[-0.071343,51.508505],[-0.071323,51.508517],[-0.071302,51.508529],[-0.071279,51.50854],[-0.071256,51.50855],[-0.071232,51.508559],[-0.071206,51.508567],[-0.07118,51.508574],[-0.071153,51.508579],[-0.071126,51.508584],[-0.071099,51.508588],[-0.071085,51.508589],[-0.070943,51.508601],[-0.0708,51.508614],[-0.070657,51.508626],[-0.070539,51.508636],[-0.070424,51.508655],[-0.070284,51.508678],[-0.070145,51.5087],[-0.070005,51.508723],[-0.069866,51.508745],[-0.069726,51.508768],[-0.069587,51.50879],[-0.069447,51.508813],[-0.069345,51.508829],[-0.069257,51.508857],[-0.069128,51.508897],[-0.068999,51.508937],[-0.06887,51.508977],[-0.068741,51.509018],[-0.068728,51.509022],[-0.068726,51.509023],[-0.068724,51.509023],[-0.068595,51.509062],[-0.068465,51.509102],[-0.068335,51.509141],[-0.068206,51.50918],[-0.068076,51.50922],[-0.067965,51.509253],[-0.067957,51.509256],[-0.067949,51.509258],[-0.067817,51.509294],[-0.067685,51.50933],[-0.067553,51.509366],[-0.067421,51.509402],[-0.067289,51.509438],[-0.067235,51.509453],[-0.067216,51.509458],[-0.06719,51.509463],[-0.067162,51.509468],[-0.067135,51.509472],[-0.067107,51.509474],[-0.067102,51.509474],[-0.066958,51.509483],[-0.066815,51.509491],[-0.066671,51.509499],[-0.066528,51.509508],[-0.066385,51.509516],[-0.066241,51.509524],[-0.066098,51.509533],[-0.065954,51.509541],[-0.065811,51.509549],[-0.065667,51.509558],[-0.065657,51.509558],[-0.065634,51.509559],[-0.065606,51.50956],[-0.065592,51.509559],[-0.065448,51.509554],[-0.065305,51.509549],[-0.065161,51.509544],[-0.065017,51.509539],[-0.064873,51.509533],[-0.064729,51.509528],[-0.064673,51.509526],[-0.064545,51.509528],[-0.064401,51.509529],[-0.064257,51.509531],[-0.064113,51.509533],[-0.063969,51.509534],[-0.063825,51.509536],[-0.063681,51.509538],[-0.063537,51.509539],[-0.063393,51.509541],[-0.063249,51.509542],[-0.063105,51.509544],[-0.063087,51.509544],[-0.062956,51.509551],[-0.062812,51.509557],[-0.062669,51.509564],[-0.062525,51.509571],[-0.062381,51.509578],[-0.062238,51.509585],[-0.062094,51.509591],[-0.06195,51.509598],[-0.061807,51.509605],[-0.061663,51.509612],[-0.06152,51.509619],[-0.057574,51.510035],[-0.057537,51.510039],[-0.0575,51.510042],[-0.057496,51.510043],[-0.057356,51.510051],[-0.057352,51.510051],[-0.057213,51.51006],[-0.057209,51.51006],[-0.057069,51.510069],[-0.057066,51.510069],[-0.056926,51.510078],[-0.056922,51.510078],[-0.056783,51.510086],[-0.056779,51.510087],[-0.056709,51.510091],[-0.056706,51.510091],[-0.056672,51.510093],[-0.056634,51.510093],[-0.056596,51.510091],[-0.056585,51.510091],[-0.056442,51.510081],[-0.056299,51.510071],[-0.056156,51.510061],[-0.056013,51.510051],[-0.055869,51.510041],[-0.055726,51.510031],[-0.055583,51.510021],[-0.05544,51.510011],[-0.055297,51.510001],[-0.055154,51.509991],[-0.055105,51.509987],[-0.055005,51.50999],[-0.055004,51.50999],[-0.054861,51.509993],[-0.05486,51.509993],[-0.054717,51.509997],[-0.054716,51.509997],[-0.054573,51.51],[-0.054572,51.51],[-0.054429,51.510003],[-0.054428,51.510003],[-0.054285,51.510007],[-0.054284,51.510007],[-0.054141,51.51001],[-0.05414,51.51001],[-0.053997,51.510014],[-0.053996,51.510014],[-0.053853,51.510017],[-0.053852,51.510017],[-0.053709,51.51002],[-0.053708,51.51002],[-0.053565,51.510024],[-0.053564,51.510024],[-0.053421,51.510027],[-0.05342,51.510027],[-0.053365,51.510028],[-0.053227,51.510034],[-0.053083,51.510039],[-0.05294,51.510044],[-0.052796,51.510049],[-0.052652,51.510055],[-0.052508,51.51006],[-0.052364,51.510065],[-0.052221,51.51007],[-0.052077,51.510076],[-0.051933,51.510081],[-0.051789,51.510086],[-0.051645,51.510091],[-0.051502,51.510097],[-0.051358,51.510102],[-0.051214,51.510107],[-0.05107,51.510112],[-0.050926,51.510118],[-0.050782,51.510123],[-0.050639,51.510128],[-0.050499,51.510133],[-0.050494,51.510134],[-0.050493,51.510134],[-0.050349,51.510138],[-0.050205,51.510142],[-0.050061,51.510147],[-0.049918,51.510151],[-0.049774,51.510156],[-0.04963,51.51016],[-0.049486,51.510164],[-0.049342,51.510169],[-0.049198,51.510173],[-0.049054,51.510177],[-0.04891,51.510182],[-0.048766,51.510186],[-0.048623,51.510191],[-0.048479,51.510195],[-0.048335,51.510199],[-0.048191,51.510204],[-0.048047,51.510208],[-0.047903,51.510213],[-0.047759,51.510217],[-0.047615,51.510221],[-0.047471,51.510226],[-0.047328,51.51023],[-0.047184,51.510235],[-0.047158,51.510235],[-0.047116,51.510246],[-0.046982,51.51028],[-0.046849,51.510314],[-0.046754,51.510339],[-0.046747,51.51034],[-0.046746,51.510341],[-0.046741,51.510342],[-0.046612,51.510373],[-0.046607,51.510374],[-0.046478,51.510406],[-0.046473,51.510407],[-0.046343,51.510439],[-0.046339,51.51044],[-0.046209,51.510472],[-0.046205,51.510473],[-0.046075,51.510505],[-0.046071,51.510506],[-0.045941,51.510538],[-0.045937,51.510539],[-0.045807,51.51057],[-0.045803,51.510571],[-0.045673,51.510603],[-0.045669,51.510604],[-0.045539,51.510636],[-0.045534,51.510637],[-0.045508,51.510644],[-0.045504,51.510645],[-0.045468,51.510652],[-0.045432,51.510659],[-0.045419,51.51066],[-0.045278,51.510679],[-0.045137,51.510698],[-0.044996,51.510717],[-0.044855,51.510736],[-0.044714,51.510755],[-0.044573,51.510774],[-0.044433,51.510793],[-0.044292,51.510812],[-0.044151,51.510831],[-0.04401,51.51085],[-0.043869,51.510869],[-0.043728,51.510887],[-0.043588,51.510906],[-0.043447,51.510925],[-0.043306,51.510944],[-0.043165,51.510963],[-0.043024,51.510982],[-0.042883,51.511001],[-0.042743,51.51102],[-0.042602,51.511039],[-0.042461,51.511058],[-0.04232,51.511077],[-0.042179,51.511095],[-0.04216,51.511098],[-0.042156,51.511099],[-0.042119,51.511103],[-0.042081,51.511107],[-0.042044,51.511108],[-0.042021,51.511108],[-0.041877,51.511108],[-0.041732,51.511108],[-0.041588,51.511108],[-0.041444,51.511108],[-0.0413,51.511108],[-0.041156,51.511108],[-0.041053,51.511108],[-0.040941,51.511124],[-0.0408,51.511144],[-0.040666,51.511163],[-0.04056,51.511222],[-0.040453,51.511282],[-0.040346,51.511342],[-0.040238,51.511402],[-0.040131,51.511462],[-0.040024,51.511522],[-0.039916,51.511582],[-0.039809,51.511642],[-0.039793,51.511651],[-0.039763,51.511665],[-0.039732,51.511678],[-0.039699,51.51169],[-0.039665,51.511701],[-0.039631,51.51171],[-0.039595,51.511718],[-0.039559,51.511724],[-0.039522,51.511729],[-0.039484,51.511732],[-0.039447,51.511733],[-0.039409,51.511734],[-0.039371,51.511732],[-0.039334,51.511729],[-0.039297,51.511725],[-0.039261,51.511719],[-0.039225,51.511711],[-0.03919,51.511703],[-0.039156,51.511692],[-0.039123,51.511681],[-0.039092,51.511668],[-0.039062,51.511653],[-0.039033,51.511638],[-0.039006,51.511622],[-0.038981,51.511604],[-0.038958,51.511585],[-0.038937,51.511566],[-0.038918,51.511546],[-0.038901,51.511524],[-0.038886,51.511503],[-0.038874,51.511481],[-0.038864,51.511458],[-0.038857,51.511435],[-0.038851,51.511412],[-0.038849,51.511388],[-0.038848,51.511365],[-0.038851,51.511341],[-0.038855,51.511318],[-0.038863,51.511295],[-0.038872,51.511272],[-0.038884,51.511249],[-0.038898,51.511228],[-0.038915,51.511207],[-0.038933,51.511186],[-0.038954,51.511166],[-0.038977,51.511148],[-0.039002,51.51113],[-0.039028,51.511113],[-0.03904,51.511106],[-0.039148,51.511046],[-0.039255,51.510986],[-0.039362,51.510926],[-0.03947,51.510866],[-0.039577,51.510806],[-0.039684,51.510747],[-0.039792,51.510687],[-0.039899,51.510627],[-0.040006,51.510567],[-0.040008,51.510566],[-0.040024,51.510557],[-0.040054,51.510542],[-0.040085,51.510529],[-0.040118,51.510517],[-0.040152,51.510507],[-0.040186,51.510498],[-0.040222,51.51049],[-0.040258,51.510484],[-0.040263,51.510483],[-0.040401,51.510463],[-0.040542,51.510443],[-0.040682,51.510423],[-0.040822,51.510403],[-0.040854,51.510399],[-0.040892,51.510396],[-0.040905,51.510395],[-0.040916,51.510394],[-0.040953,51.51039],[-0.040991,51.510389],[-0.041014,51.510388],[-0.041158,51.510389],[-0.041302,51.510389],[-0.041446,51.510389],[-0.04159,51.510389],[-0.041734,51.510389],[-0.041878,51.510389],[-0.04196,51.510389],[-0.042078,51.510374],[-0.042218,51.510355],[-0.042359,51.510336],[-0.0425,51.510317],[-0.042641,51.510298],[-0.042782,51.510279],[-0.042923,51.51026],[-0.043063,51.510241],[-0.043204,51.510222],[-0.043345,51.510203],[-0.043486,51.510184],[-0.043627,51.510165],[-0.043768,51.510147],[-0.043908,51.510128],[-0.044049,51.510109],[-0.04419,51.51009],[-0.044331,51.510071],[-0.044472,51.510052],[-0.044613,51.510033],[-0.044754,51.510014],[-0.044894,51.509995],[-0.045035,51.509976],[-0.04513,51.509964],[-0.045252,51.509934],[-0.045256,51.509933],[-0.045386,51.509901],[-0.04539,51.5099],[-0.04552,51.509868],[-0.045524,51.509867],[-0.045654,51.509835],[-0.045658,51.509834]]]},"properties":{"layer":"dataset-55cdd950-fd18-421a-affd-130d659dc6fd:Noise_Action_Planning_Important_Areas_Round_3_England","r3_ia_id":"13735","source":"Road","assetowner":"TfL","round3type":"R1+R2+R3 no change","r2_ia_id":"13735","round2type":"R1+R2 extend (R2)","maxx":"-0.038875230103910988","minx":"-0.071483541739513864","maxy":"51.51173242784337","miny":"51.5080508418337","x":-0.05404734,"y":51.50977443,"aream2":167883.68815767,"lengthm":4731.46924126,"in_cw":false}},
{"type":"Feature","geometry":{"type":"Polygon","coordinates":[[[-0.05458,51.490293],[-0.054599,51.490293],[-0.054618,51.490294],[-0.054636,51.490295],[-0.054655,51.490297],[-0.054673,51.4903],[-0.054691,51.490304],[-0.054708,51.490309],[-0.054725,51.490314],[-0.054742,51.49032],[-0.054758,51.490326],[-0.054773,51.490333],[-0.054787,51.490341],[-0.0548,51.490349],[-0.054813,51.490358],[-0.054824,51.490367],[-0.054835,51.490377],[-0.054844,51.490387],[-0.054853,51.490398],[-0.05486,51.490408],[-0.054866,51.49042],[-0.054871,51.490431],[-0.054875,51.490442],[-0.054878,51.490454],[-0.054879,51.490466],[-0.054879,51.490478],[-0.054878,51.490489],[-0.054876,51.490501],[-0.054872,51.490513],[-0.054867,51.490524],[-0.054861,51.490535],[-0.054854,51.490546],[-0.054846,51.490557],[-0.054837,51.490567],[-0.054826,51.490577],[-0.054815,51.490586],[-0.054803,51.490595],[-0.054789,51.490603],[-0.054775,51.490611],[-0.05476,51.490618],[-0.054745,51.490625],[-0.054729,51.490631],[-0.054712,51.490636],[-0.054712,51.490636],[-0.054581,51.490674],[-0.054581,51.490674],[-0.05445,51.490711],[-0.05445,51.490711],[-0.054319,51.490749],[-0.054319,51.490749],[-0.054188,51.490786],[-0.054188,51.490786],[-0.054058,51.490824],[-0.054057,51.490824],[-0.053927,51.490861],[-0.053927,51.490861],[-0.053796,51.490899],[-0.053796,51.490899],[-0.053665,51.490937],[-0.053665,51.490937],[-0.053534,51.490974],[-0.053534,51.490974],[-0.053403,51.491012],[-0.053403,51.491012],[-0.053273,51.491049],[-0.053272,51.491049],[-0.053142,51.491087],[-0.053142,51.491087],[-0.053011,51.491124],[-0.053011,51.491124],[-0.052888,51.49116],[-0.052871,51.491164],[-0.052853,51.491168],[-0.052835,51.491171],[-0.052816,51.491173],[-0.052798,51.491175],[-0.052779,51.491176],[-0.05276,51.491176],[-0.052741,51.491175],[-0.052723,51.491174],[-0.052704,51.491172],[-0.052686,51.491169],[-0.052668,51.491165],[-0.052651,51.491161],[-0.052634,51.491155],[-0.052617,51.49115],[-0.052601,51.491143],[-0.052586,51.491136],[-0.052572,51.491128],[-0.052559,51.49112],[-0.052546,51.491111],[-0.052535,51.491102],[-0.052524,51.491092],[-0.052515,51.491082],[-0.052506,51.491071],[-0.052499,51.491061],[-0.052493,51.49105],[-0.052488,51.491038],[-0.052484,51.491027],[-0.052481,51.491015],[-0.05248,51.491003],[-0.05248,51.490992],[-0.052481,51.49098],[-0.052483,51.490968],[-0.052487,51.490957],[-0.052492,51.490945],[-0.052498,51.490934],[-0.052505,51.490923],[-0.052513,51.490913],[-0.052522,51.490902],[-0.052533,51.490892],[-0.052544,51.490883],[-0.052556,51.490874],[-0.05257,51.490866],[-0.052584,51.490858],[-0.052599,51.490851],[-0.052614,51.490844],[-0.05263,51.490838],[-0.052647,51.490833],[-0.052647,51.490833],[-0.05277,51.490798],[-0.05277,51.490798],[-0.052901,51.49076],[-0.052901,51.49076],[-0.053032,51.490723],[-0.053032,51.490723],[-0.053162,51.490685],[-0.053163,51.490685],[-0.053293,51.490648],[-0.053293,51.490647],[-0.053424,51.49061],[-0.053424,51.49061],[-0.053555,51.490572],[-0.053555,51.490572],[-0.053686,51.490535],[-0.053686,51.490535],[-0.053817,51.490497],[-0.053817,51.490497],[-0.053947,51.49046],[-0.053948,51.49046],[-0.054078,51.490422],[-0.054078,51.490422],[-0.054209,51.490385],[-0.054209,51.490385],[-0.05434,51.490347],[-0.05434,51.490347],[-0.054471,51.490309],[-0.054488,51.490305],[-0.054506,51.490301],[-0.054524,51.490298],[-0.054543,51.490296],[-0.054561,51.490294],[-0.05458,51.490293]]]},"properties":{"layer":"dataset-55cdd950-fd18-421a-affd-130d659dc6fd:Noise_Action_Planning_Important_Areas_Round_3_England","r3_ia_id":"13753","source":"Road","assetowner":"Southwark","round3type":"R2+R3 no change","r2_ia_id":"13753","round2type":"R2 only","maxx":"-0.052505903715101138","minx":"-0.054905052908448292","maxy":"51.49117509983482","miny":"51.490292131804232","x":-0.05370549,"y":51.49073362,"aream2":6830.62465199,"lengthm":404.38532628,"in_cw":false}},
{"type":"Feature","geometry":{"type":"Polygon","coordinates":[[[-0.053874,51.478288],[-0.053902,51.478288],[-0.053931,51.478289],[-0.053959,51.478291],[-0.053986,51.478295],[-0.054014,51.478299],[-0.054041,51.478305],[-0.054067,51.478311],[-0.054092,51.478319],[-0.054097,51.478321],[-0.054189,51.478352],[-0.054208,51.478357],[-0.054233,51.478365],[-0.054238,51.478366],[-0.054365,51.478409],[-0.054491,51.478452],[-0.054618,51.478495],[-0.054744,51.478538],[-0.054764,51.478545],[-0.054772,51.478549],[-0.054828,51.478571],[-0.054949,51.47862],[-0.05507,51.478669],[-0.055191,51.478717],[-0.055312,51.478766],[-0.055433,51.478815],[-0.055554,51.478864],[-0.055675,51.478912],[-0.055796,51.478961],[-0.055916,51.47901],[-0.056037,51.479059],[-0.056158,51.479108],[-0.056279,51.479156],[-0.056391,51.479201],[-0.056475,51.479232],[-0.056599,51.479277],[-0.056724,51.479322],[-0.056849,51.479367],[-0.056973,51.479412],[-0.057098,51.479457],[-0.057222,51.479502],[-0.057347,51.479547],[-0.057356,51.47955],[-0.057356,51.47955],[-0.057356,51.47955],[-0.057479,51.479597],[-0.057479,51.479597],[-0.057601,51.479644],[-0.057602,51.479644],[-0.057724,51.479691],[-0.057725,51.479691],[-0.057847,51.479738],[-0.057848,51.479738],[-0.06064,51.480766],[-0.060666,51.480773],[-0.06069,51.480782],[-0.060714,51.480792],[-0.060722,51.480795],[-0.060838,51.480849],[-0.060953,51.480903],[-0.061039,51.480942],[-0.061054,51.480949],[-0.061075,51.480961],[-0.061095,51.480973],[-0.061194,51.481039],[-0.061293,51.481104],[-0.061392,51.481169],[-0.061431,51.481195],[-0.06145,51.481208],[-0.061456,51.481212],[-0.061545,51.481282],[-0.061635,51.481353],[-0.061725,51.481423],[-0.061815,51.481493],[-0.06189,51.481552],[-0.061977,51.481609],[-0.062076,51.481674],[-0.062175,51.48174],[-0.062274,51.481805],[-0.062279,51.481808],[-0.062373,51.48187],[-0.062472,51.481935],[-0.062478,51.48194],[-0.06257,51.481989],[-0.06268,51.482047],[-0.062789,51.482105],[-0.062816,51.482119],[-0.062919,51.482167],[-0.063035,51.482221],[-0.063151,51.482274],[-0.063267,51.482328],[-0.063382,51.482381],[-0.063498,51.482435],[-0.063614,51.482488],[-0.063729,51.482542],[-0.063845,51.482595],[-0.063934,51.482636],[-0.063949,51.482643],[-0.06395,51.482644],[-0.06406,51.4827],[-0.064062,51.482701],[-0.064172,51.482757],[-0.064173,51.482758],[-0.064283,51.482814],[-0.064285,51.482815],[-0.064394,51.482871],[-0.064396,51.482872],[-0.064475,51.482912],[-0.064575,51.482956],[-0.064576,51.482956],[-0.064598,51.482967],[-0.06462,51.482979],[-0.06464,51.482991],[-0.064658,51.483004],[-0.064676,51.483018],[-0.064692,51.483033],[-0.064706,51.483048],[-0.064719,51.483064],[-0.06473,51.48308],[-0.064739,51.483097],[-0.064746,51.483114],[-0.064752,51.483131],[-0.064756,51.483148],[-0.064758,51.483166],[-0.064758,51.483184],[-0.064756,51.483201],[-0.064753,51.483219],[-0.064748,51.483236],[-0.06474,51.483253],[-0.064732,51.48327],[-0.064721,51.483286],[-0.064709,51.483302],[-0.064695,51.483318],[-0.064679,51.483332],[-0.064662,51.483346],[-0.064643,51.48336],[-0.064624,51.483372],[-0.064602,51.483384],[-0.06458,51.483395],[-0.064557,51.483405],[-0.064532,51.483414],[-0.064507,51.483422],[-0.064481,51.483428],[-0.064454,51.483434],[-0.064427,51.483439],[-0.064399,51.483442],[-0.064371,51.483445],[-0.064343,51.483446],[-0.064315,51.483446],[-0.064287,51.483445],[-0.064259,51.483443],[-0.064231,51.48344],[-0.064204,51.483435],[-0.064177,51.48343],[-0.064151,51.483423],[-0.064125,51.483415],[-0.064101,51.483406],[-0.064077,51.483397],[-0.06403,51.483376],[-0.064015,51.483371],[-0.063991,51.483361],[-0.063969,51.48335],[-0.063967,51.48335],[-0.063962,51.483347],[-0.06396,51.483346],[-0.063945,51.483338],[-0.063937,51.483334],[-0.063926,51.483329],[-0.063851,51.48329],[-0.063849,51.483289],[-0.063739,51.483233],[-0.063738,51.483232],[-0.063628,51.483176],[-0.063626,51.483175],[-0.063516,51.483119],[-0.063515,51.483118],[-0.063411,51.483066],[-0.063331,51.483029],[-0.063216,51.482975],[-0.0631,51.482922],[-0.062984,51.482868],[-0.062868,51.482815],[-0.062753,51.482761],[-0.062637,51.482708],[-0.062521,51.482654],[-0.062405,51.482601],[-0.06229,51.482547],[-0.062275,51.48254],[-0.062267,51.482536],[-0.062229,51.482516],[-0.062119,51.482457],[-0.06201,51.482399],[-0.0619,51.482341],[-0.061887,51.482333],[-0.061867,51.482321],[-0.061845,51.482307],[-0.061746,51.482241],[-0.061647,51.482176],[-0.061642,51.482173],[-0.061548,51.482111],[-0.061449,51.482045],[-0.06135,51.48198],[-0.061251,51.481915],[-0.061232,51.481902],[-0.061226,51.481898],[-0.06114,51.48183],[-0.06105,51.481759],[-0.06096,51.481689],[-0.06087,51.481619],[-0.060792,51.481558],[-0.060766,51.48154],[-0.060666,51.481475],[-0.060567,51.48141],[-0.060494,51.481362],[-0.060438,51.481336],[-0.060323,51.481282],[-0.060207,51.481228],[-0.060193,51.481221],[-0.057396,51.480198],[-0.057274,51.480151],[-0.057273,51.480151],[-0.057151,51.480104],[-0.05715,51.480104],[-0.057028,51.480057],[-0.057027,51.480057],[-0.05691,51.480012],[-0.056789,51.479969],[-0.056665,51.479924],[-0.05654,51.479879],[-0.056416,51.479834],[-0.056291,51.479788],[-0.056167,51.479743],[-0.056042,51.479698],[-0.05595,51.479665],[-0.05594,51.479662],[-0.055932,51.479658],[-0.055811,51.479609],[-0.05569,51.479561],[-0.055569,51.479512],[-0.055448,51.479463],[-0.055327,51.479414],[-0.055206,51.479366],[-0.055085,51.479317],[-0.054964,51.479268],[-0.054843,51.479219],[-0.054722,51.479171],[-0.054601,51.479122],[-0.05448,51.479073],[-0.054359,51.479024],[-0.054317,51.479007],[-0.054205,51.478969],[-0.054078,51.478926],[-0.053952,51.478883],[-0.05386,51.478852],[-0.053842,51.478847],[-0.053816,51.478839],[-0.053811,51.478838],[-0.053684,51.478795],[-0.053665,51.478788],[-0.053642,51.478778],[-0.053619,51.478767],[-0.053598,51.478756],[-0.053578,51.478743],[-0.053559,51.47873],[-0.053541,51.478716],[-0.053526,51.478702],[-0.053511,51.478686],[-0.053499,51.478671],[-0.053488,51.478654],[-0.053478,51.478638],[-0.053471,51.478621],[-0.053465,51.478603],[-0.053461,51.478586],[-0.053459,51.478568],[-0.053459,51.478551],[-0.053461,51.478533],[-0.053464,51.478515],[-0.05347,51.478498],[-0.053477,51.478481],[-0.053486,51.478464],[-0.053496,51.478448],[-0.053509,51.478432],[-0.053523,51.478417],[-0.053538,51.478402],[-0.053555,51.478388],[-0.053574,51.478375],[-0.053594,51.478362],[-0.053615,51.47835],[-0.053637,51.47834],[-0.053661,51.47833],[-0.053685,51.478321],[-0.05371,51.478313],[-0.053736,51.478306],[-0.053763,51.4783],[-0.05379,51.478296],[-0.053818,51.478292],[-0.053846,51.47829],[-0.053874,51.478288]]]},"properties":{"layer":"dataset-55cdd950-fd18-421a-affd-130d659dc6fd:Noise_Action_Planning_Important_Areas_Round_3_England","r3_ia_id":"13754","source":"Road","assetowner":"TfL","round3type":"R1+R2+R3 no change","r2_ia_id":"13754","round2type":"R1+R2 extend (R2)","maxx":"-0.053484892732152407","minx":"-0.064783767881670118","maxy":"51.483445336103472","miny":"51.478287578991115","x":-0.05928154,"y":51.4807441,"aream2":56421.66341396,"lengthm":1977.02068049,"in_cw":false}},
{"type":"Feature","geometry":{"type":"Polygon","coordinates":[[[-0.064365,51.485533],[-0.06437,51.48553],[-0.064385,51.485523],[-0.0644,51.485516],[-0.064416,51.485511],[-0.064433,51.485505],[-0.064451,51.485501],[-0.064469,51.485497],[-0.064487,51.485494],[-0.064505,51.485491],[-0.064524,51.48549],[-0.064543,51.485489],[-0.064561,51.485489],[-0.06458,51.48549],[-0.064599,51.485491],[-0.064617,51.485493],[-0.064636,51.485496],[-0.064654,51.4855],[-0.064671,51.485504],[-0.064688,51.485509],[-0.064704,51.485515],[-0.06472,51.485522],[-0.064735,51.485529],[-0.064749,51.485537],[-0.064763,51.485545],[-0.064775,51.485554],[-0.064787,51.485563],[-0.064797,51.485573],[-0.064807,51.485583],[-0.064815,51.485593],[-0.064823,51.485604],[-0.064829,51.485615],[-0.064834,51.485627],[-0.064838,51.485638],[-0.06484,51.48565],[-0.064842,51.485662],[-0.064842,51.485673],[-0.064841,51.485685],[-0.064838,51.485697],[-0.064835,51.485708],[-0.06483,51.48572],[-0.064824,51.485731],[-0.064817,51.485742],[-0.064809,51.485752],[-0.064799,51.485763],[-0.064789,51.485772],[-0.064778,51.485782],[-0.064765,51.485791],[-0.064752,51.485799],[-0.064743,51.485804],[-0.064634,51.485863],[-0.064629,51.485866],[-0.064614,51.485873],[-0.064599,51.48588],[-0.064583,51.485886],[-0.064566,51.485891],[-0.064548,51.485895],[-0.06453,51.485899],[-0.064512,51.485902],[-0.064494,51.485905],[-0.064475,51.485906],[-0.064456,51.485907],[-0.064438,51.485907],[-0.064419,51.485907],[-0.0644,51.485905],[-0.064382,51.485903],[-0.064363,51.4859],[-0.064345,51.485896],[-0.064328,51.485892],[-0.064311,51.485887],[-0.064295,51.485881],[-0.064279,51.485874],[-0.064264,51.485867],[-0.06425,51.48586],[-0.064236,51.485851],[-0.064224,51.485842],[-0.064212,51.485833],[-0.064202,51.485823],[-0.064192,51.485813],[-0.064184,51.485803],[-0.064176,51.485792],[-0.06417,51.485781],[-0.064165,51.485769],[-0.064161,51.485758],[-0.064159,51.485746],[-0.064157,51.485735],[-0.064157,51.485723],[-0.064158,51.485711],[-0.064161,51.485699],[-0.064164,51.485688],[-0.064169,51.485676],[-0.064175,51.485665],[-0.064182,51.485654],[-0.06419,51.485644],[-0.0642,51.485634],[-0.06421,51.485624],[-0.064221,51.485614],[-0.064234,51.485605],[-0.064247,51.485597],[-0.064256,51.485592],[-0.064365,51.485533]]]},"properties":{"layer":"dataset-55cdd950-fd18-421a-affd-130d659dc6fd:Noise_Action_Planning_Important_Areas_Round_3_England","r3_ia_id":"13755","source":"Road","assetowner":"Southwark","round3type":"R2+R3 no change","r2_ia_id":"13755","round2type":"R2 only","maxx":"-0.06418302426631152","minx":"-0.064867433715275452","maxy":"51.485906352680431","miny":"51.48548792644236","x":-0.06452523,"y":51.48569714,"aream2":1655.75168728,"lengthm":145.64157099,"in_cw":false}},
{"type":"Feature","geometry":{"type":"Polygon","coordinates":[[[-0.077788,51.488527],[-0.077816,51.488527],[-0.077844,51.488528],[-0.077872,51.48853],[-0.0779,51.488534],[-0.077927,51.488538],[-0.077954,51.488544],[-0.07798,51.48855],[-0.078006,51.488558],[-0.07803,51.488567],[-0.078054,51.488576],[-0.078077,51.488587],[-0.078091,51.488595],[-0.078199,51.488655],[-0.078279,51.488699],[-0.07837,51.488735],[-0.078388,51.488743],[-0.078411,51.488754],[-0.078432,51.488765],[-0.078433,51.488765],[-0.078433,51.488765],[-0.078525,51.488818],[-0.078528,51.488819],[-0.078528,51.488819],[-0.078632,51.488878],[-0.078634,51.48888],[-0.078635,51.48888],[-0.078738,51.488939],[-0.078741,51.48894],[-0.078741,51.488941],[-0.078844,51.488999],[-0.078847,51.489001],[-0.078847,51.489001],[-0.078946,51.489057],[-0.078948,51.489059],[-0.08021,51.489741],[-0.08022,51.489747],[-0.080236,51.489757],[-0.080936,51.490199],[-0.080942,51.490203],[-0.080951,51.490209],[-0.081467,51.490567],[-0.08148,51.490576],[-0.081486,51.490581],[-0.082742,51.491568],[-0.082753,51.491578],[-0.08277,51.491593],[-0.082784,51.491608],[-0.082797,51.491624],[-0.082808,51.49164],[-0.082817,51.491657],[-0.082824,51.491674],[-0.08283,51.491691],[-0.082834,51.491709],[-0.082836,51.491726],[-0.082836,51.491744],[-0.082834,51.491761],[-0.082831,51.491779],[-0.082826,51.491796],[-0.082818,51.491813],[-0.08281,51.49183],[-0.082799,51.491846],[-0.082787,51.491862],[-0.082773,51.491878],[-0.082757,51.491892],[-0.08274,51.491906],[-0.082721,51.49192],[-0.082702,51.491932],[-0.08268,51.491944],[-0.082658,51.491955],[-0.082635,51.491965],[-0.08261,51.491974],[-0.082585,51.491982],[-0.082559,51.491988],[-0.082532,51.491994],[-0.082505,51.491999],[-0.082477,51.492002],[-0.082449,51.492005],[-0.082421,51.492006],[-0.082393,51.492006],[-0.082365,51.492005],[-0.082337,51.492003],[-0.082309,51.492],[-0.082282,51.491995],[-0.082255,51.49199],[-0.082229,51.491983],[-0.082203,51.491975],[-0.082179,51.491967],[-0.082155,51.491957],[-0.082132,51.491946],[-0.082111,51.491935],[-0.082091,51.491922],[-0.082071,51.491908],[-0.082065,51.491904],[-0.08082,51.490924],[-0.080818,51.490923],[-0.080814,51.49092],[-0.080317,51.490575],[-0.080314,51.490574],[-0.080312,51.490572],[-0.079636,51.490145],[-0.079631,51.490142],[-0.079628,51.49014],[-0.078378,51.489464],[-0.07837,51.489459],[-0.078367,51.489458],[-0.078367,51.489458],[-0.078366,51.489457],[-0.078366,51.489457],[-0.078262,51.489398],[-0.07826,51.489396],[-0.078259,51.489396],[-0.078156,51.489338],[-0.078153,51.489336],[-0.078153,51.489336],[-0.07805,51.489277],[-0.078047,51.489275],[-0.078047,51.489275],[-0.077943,51.489216],[-0.07794,51.489215],[-0.07794,51.489215],[-0.077885,51.489183],[-0.077879,51.48918],[-0.077873,51.489177],[-0.077788,51.489144],[-0.077771,51.489136],[-0.077748,51.489126],[-0.077746,51.489124],[-0.077734,51.489118],[-0.077626,51.489058],[-0.077518,51.488999],[-0.077511,51.488995],[-0.077491,51.488982],[-0.077473,51.488969],[-0.077455,51.488955],[-0.077439,51.488941],[-0.077425,51.488925],[-0.077412,51.48891],[-0.077401,51.488893],[-0.077392,51.488877],[-0.077385,51.48886],[-0.077379,51.488842],[-0.077375,51.488825],[-0.077373,51.488807],[-0.077373,51.48879],[-0.077375,51.488772],[-0.077378,51.488755],[-0.077383,51.488737],[-0.077391,51.48872],[-0.077399,51.488703],[-0.07741,51.488687],[-0.077422,51.488671],[-0.077436,51.488656],[-0.077452,51.488641],[-0.077469,51.488627],[-0.077488,51.488614],[-0.077507,51.488601],[-0.077529,51.488589],[-0.077551,51.488579],[-0.077574,51.488569],[-0.077599,51.48856],[-0.077624,51.488552],[-0.07765,51.488545],[-0.077677,51.488539],[-0.077704,51.488534],[-0.077732,51.488531],[-0.07776,51.488529],[-0.077788,51.488527]]]},"properties":{"layer":"dataset-55cdd950-fd18-421a-affd-130d659dc6fd:Noise_Action_Planning_Important_Areas_Round_3_England","r3_ia_id":"13756","source":"Road","assetowner":"TfL","round3type":"R1+R2+R3 no change","r2_ia_id":"13756","round2type":"R1+R2 extend (R2)","maxx":"-0.077398544525347585","minx":"-0.082861670030421025","maxy":"51.492005134234837","miny":"51.488526088203585","x":-0.08022362,"y":51.49020868,"aream2":30347.95402387,"lengthm":1105.8573894,"in_cw":false}},
{"type":"Feature","geometry":{"type":"Polygon","coordinates":[[[-0.045942,51.492806],[-0.04584,51.492747],[-0.04584,51.492747],[-0.045839,51.492746],[-0.045836,51.492745],[-0.045836,51.492745],[-0.045733,51.492686],[-0.045731,51.492684],[-0.045731,51.492684],[-0.045627,51.492625],[-0.045625,51.492624],[-0.045624,51.492624],[-0.04552,51.492564],[-0.045518,51.492563],[-0.045518,51.492563],[-0.045414,51.492504],[-0.045412,51.492502],[-0.045412,51.492502],[-0.045308,51.492443],[-0.045306,51.492442],[-0.045306,51.492442],[-0.045202,51.492382],[-0.045199,51.492381],[-0.045199,51.492381],[-0.045095,51.492322],[-0.045093,51.49232],[-0.045093,51.49232],[-0.044989,51.492261],[-0.044987,51.49226],[-0.044987,51.49226],[-0.044883,51.4922],[-0.044881,51.492199],[-0.044881,51.492199],[-0.044785,51.492144],[-0.044784,51.492144],[-0.044764,51.492132],[-0.044746,51.492119],[-0.04473,51.492106],[-0.044716,51.492093],[-0.044702,51.492078],[-0.04469,51.492064],[-0.04468,51.492048],[-0.044672,51.492033],[-0.044665,51.492017],[-0.044659,51.492001],[-0.044656,51.491985],[-0.044654,51.491968],[-0.044654,51.491952],[-0.044655,51.491935],[-0.044658,51.491919],[-0.044663,51.491903],[-0.04467,51.491887],[-0.044678,51.491871],[-0.044688,51.491856],[-0.0447,51.491841],[-0.044713,51.491827],[-0.044727,51.491813],[-0.044743,51.4918],[-0.044761,51.491787],[-0.044779,51.491776],[-0.044799,51.491765],[-0.04482,51.491755],[-0.044842,51.491745],[-0.044865,51.491737],[-0.044876,51.491733],[-0.045112,51.491659],[-0.045063,51.491636],[-0.045056,51.491632],[-0.045041,51.491624],[-0.045027,51.491616],[-0.045014,51.491606],[-0.045002,51.491597],[-0.04499,51.491586],[-0.04498,51.491576],[-0.044972,51.491565],[-0.044964,51.491553],[-0.044958,51.491543],[-0.044934,51.491495],[-0.044933,51.491494],[-0.04489,51.491409],[-0.044889,51.491408],[-0.044846,51.491324],[-0.044846,51.491322],[-0.044803,51.491238],[-0.044802,51.491237],[-0.044759,51.491152],[-0.044758,51.491151],[-0.044715,51.491067],[-0.044715,51.491065],[-0.044672,51.490981],[-0.044671,51.49098],[-0.044628,51.490895],[-0.044627,51.490894],[-0.044584,51.49081],[-0.044584,51.490808],[-0.044541,51.490724],[-0.04454,51.490723],[-0.044497,51.490638],[-0.044496,51.490637],[-0.044453,51.490553],[-0.044453,51.490551],[-0.04441,51.490467],[-0.044409,51.490466],[-0.044366,51.490381],[-0.044365,51.49038],[-0.04436,51.49037],[-0.044349,51.490366],[-0.044219,51.490328],[-0.044089,51.49029],[-0.043963,51.490253],[-0.043893,51.490254],[-0.043892,51.490254],[-0.043749,51.490257],[-0.043748,51.490257],[-0.043605,51.49026],[-0.043604,51.490261],[-0.043461,51.490264],[-0.04346,51.490264],[-0.043317,51.490267],[-0.043316,51.490267],[-0.043173,51.49027],[-0.043172,51.49027],[-0.043029,51.490273],[-0.043028,51.490273],[-0.042886,51.490276],[-0.042884,51.490276],[-0.042742,51.490279],[-0.042741,51.490279],[-0.042598,51.490283],[-0.042597,51.490283],[-0.042454,51.490286],[-0.042453,51.490286],[-0.042408,51.490287],[-0.042406,51.490287],[-0.042405,51.490287],[-0.042388,51.490287],[-0.042368,51.490286],[-0.042348,51.490285],[-0.042329,51.490282],[-0.04231,51.490279],[-0.042291,51.490275],[-0.042273,51.490271],[-0.042255,51.490265],[-0.042238,51.490259],[-0.042221,51.490252],[-0.042205,51.490245],[-0.042195,51.490239],[-0.042087,51.490179],[-0.04198,51.490119],[-0.041872,51.49006],[-0.041765,51.49],[-0.041657,51.48994],[-0.04155,51.48988],[-0.041442,51.48982],[-0.041438,51.489818],[-0.041424,51.489809],[-0.041411,51.4898],[-0.041398,51.48979],[-0.041394,51.489787],[-0.041378,51.489781],[-0.041361,51.489774],[-0.041345,51.489766],[-0.041335,51.489761],[-0.041227,51.489701],[-0.041119,51.489641],[-0.041012,51.489581],[-0.040904,51.489521],[-0.040797,51.489462],[-0.040689,51.489402],[-0.040582,51.489342],[-0.040474,51.489282],[-0.040367,51.489223],[-0.040259,51.489163],[-0.040216,51.489139],[-0.040143,51.489102],[-0.040143,51.489102],[-0.040031,51.489045],[-0.040031,51.489045],[-0.03992,51.488989],[-0.039919,51.488989],[-0.039808,51.488932],[-0.039807,51.488932],[-0.039696,51.488876],[-0.039696,51.488876],[-0.039584,51.488819],[-0.039584,51.488819],[-0.039472,51.488762],[-0.039472,51.488762],[-0.03936,51.488706],[-0.03936,51.488706],[-0.039248,51.488649],[-0.039248,51.488649],[-0.039138,51.488594],[-0.039136,51.488593],[-0.039136,51.488593],[-0.039034,51.488542],[-0.039033,51.488541],[-0.038922,51.488486],[-0.03892,51.488485],[-0.038809,51.48843],[-0.038808,51.488429],[-0.038697,51.488373],[-0.038695,51.488373],[-0.038584,51.488317],[-0.038583,51.488316],[-0.038472,51.488261],[-0.03847,51.48826],[-0.038359,51.488205],[-0.038358,51.488204],[-0.038247,51.488149],[-0.038245,51.488148],[-0.038134,51.488093],[-0.038133,51.488092],[-0.038022,51.488036],[-0.03802,51.488036],[-0.03791,51.48798],[-0.037908,51.48798],[-0.037797,51.487924],[-0.037796,51.487923],[-0.037685,51.487868],[-0.037683,51.487867],[-0.037572,51.487812],[-0.037571,51.487811],[-0.037564,51.487808],[-0.037502,51.487774],[-0.037392,51.487716],[-0.037283,51.487657],[-0.037174,51.487598],[-0.037065,51.48754],[-0.036956,51.487481],[-0.036846,51.487422],[-0.036737,51.487364],[-0.036628,51.487305],[-0.036519,51.487247],[-0.03641,51.487188],[-0.036301,51.487129],[-0.036191,51.487071],[-0.036082,51.487012],[-0.035973,51.486954],[-0.035965,51.486949],[-0.035951,51.48694],[-0.035947,51.486938],[-0.03585,51.486871],[-0.035753,51.486805],[-0.035656,51.486738],[-0.035559,51.486672],[-0.035462,51.486605],[-0.035365,51.486539],[-0.035268,51.486472],[-0.035171,51.486406],[-0.035074,51.48634],[-0.034977,51.486273],[-0.03488,51.486207],[-0.034783,51.48614],[-0.034686,51.486074],[-0.034589,51.486007],[-0.034548,51.485979],[-0.034547,51.485979],[-0.034451,51.485913],[-0.034354,51.485847],[-0.034256,51.48578],[-0.034159,51.485714],[-0.034062,51.485648],[-0.033964,51.485582],[-0.033867,51.485515],[-0.03377,51.485449],[-0.033673,51.485383],[-0.033575,51.485317],[-0.033478,51.48525],[-0.033381,51.485184],[-0.033283,51.485118],[-0.033186,51.485051],[-0.033089,51.484985],[-0.032992,51.484919],[-0.032894,51.484853],[-0.032797,51.484786],[-0.0327,51.48472],[-0.032602,51.484654],[-0.032505,51.484588],[-0.032408,51.484521],[-0.032311,51.484455],[-0.032213,51.484389],[-0.032116,51.484322],[-0.032019,51.484256],[-0.031922,51.48419],[-0.031824,51.484124],[-0.031727,51.484057],[-0.031682,51.484026],[-0.031644,51.484008],[-0.031642,51.484007],[-0.031531,51.483952],[-0.031529,51.483951],[-0.031419,51.483896],[-0.031416,51.483895],[-0.031306,51.48384],[-0.031303,51.483839],[-0.031193,51.483784],[-0.03119,51.483783],[-0.031175,51.483775],[-0.031161,51.483766],[-0.031148,51.483757],[-0.031136,51.483747],[-0.031125,51.483737],[-0.031115,51.483727],[-0.031106,51.483715],[-0.031098,51.483704],[-0.031092,51.483692],[-0.031087,51.48368],[-0.031083,51.483668],[-0.03108,51.483656],[-0.031079,51.483644],[-0.031079,51.483631],[-0.03108,51.483619],[-0.031082,51.483607],[-0.031086,51.483595],[-0.031091,51.483583],[-0.031097,51.483571],[-0.031105,51.48356],[-0.031113,51.483549],[-0.031123,51.483538],[-0.031134,51.483527],[-0.031146,51.483518],[-0.031159,51.483508],[-0.031173,51.4835],[-0.031188,51.483491],[-0.031203,51.483484],[-0.03122,51.483477],[-0.031237,51.483471],[-0.031254,51.483465],[-0.031273,51.48346],[-0.031291,51.483456],[-0.03131,51.483453],[-0.03133,51.48345],[-0.031349,51.483449],[-0.031369,51.483448],[-0.031389,51.483448],[-0.031409,51.483449],[-0.031428,51.48345],[-0.031448,51.483452],[-0.031467,51.483456],[-0.031486,51.483459],[-0.031504,51.483464],[-0.031522,51.48347],[-0.031539,51.483476],[-0.031555,51.483482],[-0.031569,51.483489],[-0.031681,51.483544],[-0.031684,51.483546],[-0.031794,51.4836],[-0.031797,51.483602],[-0.031907,51.483656],[-0.03191,51.483657],[-0.03202,51.483712],[-0.032022,51.483713],[-0.032076,51.48374],[-0.032079,51.483741],[-0.032094,51.483749],[-0.032108,51.483758],[-0.032111,51.48376],[-0.032173,51.483802],[-0.03227,51.483868],[-0.032367,51.483935],[-0.032465,51.484001],[-0.032562,51.484067],[-0.032659,51.484134],[-0.032756,51.4842],[-0.032854,51.484266],[-0.032951,51.484332],[-0.033048,51.484399],[-0.033146,51.484465],[-0.033243,51.484531],[-0.03334,51.484598],[-0.033437,51.484664],[-0.033535,51.48473],[-0.033632,51.484796],[-0.033729,51.484863],[-0.033827,51.484929],[-0.033924,51.484995],[-0.034021,51.485061],[-0.034118,51.485128],[-0.034216,51.485194],[-0.034313,51.48526],[-0.03441,51.485327],[-0.034507,51.485393],[-0.034605,51.485459],[-0.034702,51.485525],[-0.034799,51.485592],[-0.034897,51.485658],[-0.034994,51.485724],[-0.034994,51.485725],[-0.035036,51.485753],[-0.035133,51.485819],[-0.03523,51.485886],[-0.035327,51.485952],[-0.035424,51.486019],[-0.035521,51.486085],[-0.035618,51.486152],[-0.035715,51.486218],[-0.035812,51.486285],[-0.035909,51.486351],[-0.036006,51.486418],[-0.036103,51.486484],[-0.0362,51.48655],[-0.036297,51.486617],[-0.036381,51.486675],[-0.036476,51.486726],[-0.036586,51.486785],[-0.036695,51.486843],[-0.036804,51.486902],[-0.036913,51.48696],[-0.037022,51.487019],[-0.037132,51.487078],[-0.037241,51.487136],[-0.03735,51.487195],[-0.037459,51.487253],[-0.037568,51.487312],[-0.037677,51.487371],[-0.037787,51.487429],[-0.037896,51.487488],[-0.037954,51.487519],[-0.038062,51.487573],[-0.038064,51.487574],[-0.038175,51.487629],[-0.038176,51.48763],[-0.038287,51.487685],[-0.038289,51.487686],[-0.0384,51.487742],[-0.038401,51.487742],[-0.038512,51.487798],[-0.038514,51.487799],[-0.038625,51.487854],[-0.038626,51.487855],[-0.038737,51.48791],[-0.038739,51.487911],[-0.03885,51.487966],[-0.038851,51.487967],[-0.038962,51.488022],[-0.038964,51.488023],[-0.039074,51.488079],[-0.039076,51.488079],[-0.039187,51.488135],[-0.039189,51.488135],[-0.039299,51.488191],[-0.039301,51.488192],[-0.039412,51.488247],[-0.039413,51.488248],[-0.039515,51.488299],[-0.039517,51.488299],[-0.039517,51.488299],[-0.039629,51.488356],[-0.039629,51.488356],[-0.039741,51.488412],[-0.039741,51.488413],[-0.039852,51.488469],[-0.039853,51.488469],[-0.039964,51.488526],[-0.039965,51.488526],[-0.040076,51.488582],[-0.040076,51.488582],[-0.040188,51.488639],[-0.040188,51.488639],[-0.0403,51.488695],[-0.0403,51.488695],[-0.040412,51.488752],[-0.040412,51.488752],[-0.040524,51.488808],[-0.040524,51.488809],[-0.040602,51.488848],[-0.040602,51.488848],[-0.040613,51.488854],[-0.040662,51.488881],[-0.040769,51.488941],[-0.040877,51.489],[-0.040984,51.48906],[-0.041092,51.48912],[-0.041199,51.48918],[-0.041307,51.48924],[-0.041414,51.489299],[-0.041522,51.489359],[-0.041629,51.489419],[-0.041737,51.489479],[-0.041741,51.489481],[-0.041755,51.48949],[-0.041768,51.489499],[-0.04178,51.489509],[-0.041785,51.489513],[-0.041801,51.489519],[-0.041818,51.489525],[-0.041834,51.489533],[-0.041844,51.489539],[-0.041952,51.489598],[-0.042059,51.489658],[-0.042167,51.489718],[-0.042274,51.489778],[-0.042382,51.489838],[-0.042489,51.489897],[-0.042506,51.489907],[-0.042574,51.489905],[-0.042575,51.489905],[-0.042718,51.489902],[-0.042719,51.489902],[-0.042862,51.489899],[-0.042863,51.489899],[-0.043006,51.489896],[-0.043007,51.489896],[-0.04315,51.489893],[-0.043151,51.489893],[-0.043294,51.48989],[-0.043295,51.489889],[-0.043438,51.489886],[-0.043439,51.489886],[-0.043582,51.489883],[-0.043583,51.489883],[-0.043726,51.48988],[-0.043727,51.48988],[-0.04387,51.489877],[-0.043871,51.489877],[-0.044013,51.489874],[-0.044015,51.489874],[-0.044015,51.489874],[-0.044033,51.489874],[-0.044053,51.489874],[-0.044073,51.489876],[-0.044092,51.489878],[-0.044111,51.489881],[-0.04413,51.489885],[-0.044148,51.48989],[-0.044154,51.489892],[-0.044216,51.48991],[-0.044347,51.489948],[-0.044477,51.489987],[-0.04448,51.489987],[-0.044481,51.489973],[-0.044484,51.489959],[-0.044488,51.489944],[-0.044494,51.48993],[-0.044502,51.489916],[-0.044511,51.489902],[-0.044521,51.489889],[-0.044532,51.489876],[-0.044545,51.489864],[-0.04456,51.489852],[-0.044575,51.489841],[-0.044592,51.489831],[-0.044609,51.489821],[-0.044628,51.489812],[-0.044647,51.489804],[-0.044668,51.489796],[-0.044689,51.48979],[-0.044711,51.489784],[-0.044733,51.489779],[-0.044755,51.489775],[-0.044779,51.489772],[-0.044802,51.48977],[-0.044825,51.489769],[-0.044849,51.489769],[-0.044872,51.48977],[-0.044896,51.489772],[-0.044919,51.489775],[-0.044942,51.489779],[-0.044964,51.489783],[-0.044986,51.489789],[-0.045007,51.489795],[-0.045028,51.489802],[-0.045047,51.489811],[-0.045066,51.489819],[-0.045084,51.489829],[-0.045101,51.489839],[-0.045116,51.48985],[-0.045131,51.489862],[-0.045144,51.489874],[-0.045156,51.489887],[-0.045166,51.4899],[-0.045175,51.489914],[-0.045183,51.489927],[-0.045189,51.489942],[-0.045194,51.489956],[-0.045197,51.489971],[-0.045198,51.489975],[-0.04521,51.490065],[-0.045211,51.490075],[-0.045211,51.49009],[-0.04521,51.490104],[-0.045207,51.490119],[-0.045202,51.490133],[-0.045197,51.490147],[-0.045189,51.490161],[-0.04518,51.490175],[-0.04517,51.490188],[-0.045158,51.490201],[-0.045145,51.490213],[-0.045131,51.490225],[-0.045116,51.490236],[-0.045099,51.490247],[-0.045081,51.490256],[-0.045063,51.490265],[-0.045043,51.490274],[-0.045023,51.490281],[-0.045002,51.490288],[-0.04498,51.490293],[-0.044958,51.490298],[-0.044986,51.490353],[-0.044987,51.490354],[-0.04503,51.490438],[-0.04503,51.49044],[-0.045073,51.490524],[-0.045074,51.490525],[-0.045117,51.490609],[-0.045118,51.490611],[-0.045161,51.490695],[-0.045161,51.490697],[-0.045204,51.490781],[-0.045205,51.490782],[-0.045248,51.490866],[-0.045249,51.490868],[-0.045292,51.490952],[-0.045292,51.490954],[-0.045335,51.491038],[-0.045336,51.491039],[-0.045379,51.491123],[-0.04538,51.491125],[-0.045423,51.491209],[-0.045423,51.491211],[-0.045466,51.491295],[-0.045467,51.491296],[-0.045506,51.491372],[-0.045595,51.491414],[-0.045709,51.491469],[-0.045721,51.491475],[-0.045723,51.491474],[-0.045734,51.491473],[-0.046901,51.49132],[-0.046904,51.491319],[-0.046911,51.491318],[-0.046917,51.491317],[-0.04692,51.491316],[-0.047224,51.491235],[-0.047238,51.491232],[-0.047263,51.491226],[-0.047289,51.491222],[-0.047314,51.491219],[-0.047341,51.491216],[-0.047367,51.491215],[-0.047393,51.491215],[-0.04742,51.491216],[-0.047446,51.491218],[-0.047472,51.491221],[-0.047497,51.491225],[-0.047522,51.491231],[-0.047547,51.491237],[-0.04757,51.491244],[-0.047593,51.491252],[-0.047615,51.491261],[-0.047636,51.491271],[-0.047656,51.491282],[-0.047675,51.491293],[-0.047693,51.491306],[-0.047709,51.491319],[-0.047724,51.491332],[-0.047737,51.491347],[-0.047749,51.491361],[-0.047759,51.491377],[-0.047768,51.491392],[-0.047775,51.491408],[-0.04778,51.491424],[-0.047784,51.49144],[-0.047785,51.491457],[-0.047786,51.491474],[-0.047785,51.49148],[-0.047733,51.492097],[-0.047733,51.492098],[-0.047733,51.492103],[-0.047733,51.492107],[-0.047734,51.492111],[-0.047735,51.492115],[-0.047737,51.492119],[-0.047739,51.492122],[-0.047751,51.492143],[-0.047751,51.492143],[-0.047753,51.492145],[-0.047802,51.492227],[-0.047802,51.492227],[-0.047803,51.492229],[-0.047853,51.492311],[-0.047853,51.492311],[-0.047854,51.492313],[-0.047903,51.492395],[-0.047903,51.492395],[-0.047904,51.492397],[-0.047954,51.492479],[-0.047954,51.492479],[-0.047955,51.492481],[-0.048004,51.492564],[-0.048004,51.492564],[-0.048006,51.492566],[-0.048055,51.492648],[-0.048055,51.492648],[-0.048056,51.49265],[-0.048106,51.492732],[-0.048106,51.492732],[-0.048107,51.492734],[-0.048156,51.492816],[-0.048156,51.492816],[-0.048157,51.492818],[-0.048207,51.4929],[-0.048207,51.4929],[-0.048208,51.492902],[-0.048257,51.492984],[-0.048257,51.492984],[-0.048258,51.492986],[-0.048308,51.493068],[-0.048308,51.493068],[-0.048309,51.49307],[-0.048358,51.493152],[-0.048358,51.493152],[-0.04836,51.493154],[-0.048409,51.493236],[-0.048409,51.493237],[-0.04841,51.493239],[-0.04846,51.493321],[-0.04846,51.493321],[-0.048461,51.493323],[-0.04851,51.493405],[-0.04851,51.493405],[-0.048511,51.493407],[-0.048561,51.493489],[-0.048561,51.493489],[-0.048562,51.493491],[-0.048564,51.493494],[-0.048564,51.493495],[-0.048567,51.493498],[-0.04857,51.493502],[-0.048573,51.493506],[-0.048577,51.493509],[-0.048581,51.493512],[-0.048585,51.493515],[-0.048588,51.493517],[-0.052087,51.495659],[-0.052098,51.495665],[-0.052117,51.495679],[-0.052119,51.495681],[-0.052858,51.49625],[-0.052859,51.49625],[-0.05286,51.496251],[-0.052864,51.496255],[-0.053658,51.496893],[-0.053666,51.496899],[-0.053681,51.496914],[-0.053694,51.496928],[-0.053706,51.496942],[-0.053716,51.496958],[-0.053725,51.496973],[-0.053732,51.496989],[-0.053737,51.497005],[-0.053741,51.497022],[-0.053743,51.497038],[-0.053743,51.497054],[-0.053741,51.497071],[-0.053738,51.497087],[-0.053733,51.497103],[-0.053726,51.497119],[-0.053718,51.497135],[-0.053708,51.49715],[-0.053697,51.497165],[-0.053683,51.497179],[-0.053669,51.497193],[-0.053653,51.497206],[-0.053636,51.497219],[-0.053617,51.49723],[-0.053597,51.497241],[-0.053577,51.497251],[-0.053555,51.497261],[-0.053532,51.497269],[-0.053508,51.497276],[-0.053484,51.497283],[-0.053459,51.497288],[-0.053434,51.497292],[-0.053408,51.497296],[-0.053382,51.497298],[-0.053355,51.497299],[-0.053329,51.497299],[-0.053303,51.497298],[-0.053277,51.497296],[-0.053251,51.497293],[-0.053225,51.497289],[-0.0532,51.497284],[-0.053176,51.497278],[-0.053152,51.49727],[-0.053129,51.497262],[-0.053107,51.497253],[-0.053086,51.497243],[-0.053066,51.497232],[-0.053047,51.497221],[-0.053029,51.497208],[-0.053021,51.497202],[-0.05223,51.496565],[-0.052228,51.496564],[-0.051511,51.496011],[-0.05151,51.496011],[-0.051505,51.496008],[-0.051503,51.496006],[-0.047968,51.493843],[-0.047966,51.493842],[-0.047961,51.493839],[-0.047958,51.493837],[-0.046814,51.49331],[-0.0468,51.493303],[-0.046778,51.493291],[-0.045942,51.492806]],[[-0.04685,51.491844],[-0.046843,51.491844],[-0.046837,51.491844],[-0.04683,51.491844],[-0.046823,51.491844],[-0.04682,51.491845],[-0.045963,51.491957],[-0.045961,51.491958],[-0.045954,51.491959],[-0.045948,51.49196],[-0.045942,51.491962],[-0.045939,51.491963],[-0.04589,51.491978],[-0.045888,51.491979],[-0.045882,51.491981],[-0.045877,51.491983],[-0.045871,51.491986],[-0.045866,51.491988],[-0.045862,51.491991],[-0.045857,51.491994],[-0.045853,51.491998],[-0.04585,51.492001],[-0.045847,51.492005],[-0.045844,51.492008],[-0.045841,51.492012],[-0.045839,51.492016],[-0.045837,51.49202],[-0.045836,51.492024],[-0.045835,51.492028],[-0.045835,51.492032],[-0.045835,51.492036],[-0.045835,51.49204],[-0.045836,51.492045],[-0.045838,51.492049],[-0.045839,51.492053],[-0.045842,51.492056],[-0.045844,51.49206],[-0.045847,51.492064],[-0.04585,51.492067],[-0.045854,51.492071],[-0.045858,51.492074],[-0.045863,51.492077],[-0.045867,51.49208],[-0.045868,51.49208],[-0.045958,51.492132],[-0.04596,51.492133],[-0.04596,51.492133],[-0.046065,51.492193],[-0.046067,51.492194],[-0.046067,51.492194],[-0.046171,51.492253],[-0.046173,51.492255],[-0.046173,51.492255],[-0.046277,51.492314],[-0.046279,51.492315],[-0.046279,51.492315],[-0.046383,51.492375],[-0.046385,51.492376],[-0.046386,51.492376],[-0.047062,51.492769],[-0.047062,51.492769],[-0.047067,51.492771],[-0.047073,51.492774],[-0.047078,51.492776],[-0.047084,51.492778],[-0.04709,51.49278],[-0.047096,51.492781],[-0.047102,51.492783],[-0.047109,51.492784],[-0.047115,51.492785],[-0.047122,51.492785],[-0.047128,51.492785],[-0.047135,51.492785],[-0.047141,51.492785],[-0.047148,51.492784],[-0.047154,51.492784],[-0.047161,51.492783],[-0.047167,51.492781],[-0.047173,51.49278],[-0.047179,51.492778],[-0.047185,51.492776],[-0.04719,51.492773],[-0.047195,51.492771],[-0.0472,51.492768],[-0.047205,51.492765],[-0.047209,51.492762],[-0.047213,51.492759],[-0.047217,51.492755],[-0.04722,51.492752],[-0.047223,51.492748],[-0.047225,51.492744],[-0.047228,51.49274],[-0.047229,51.492736],[-0.04723,51.492732],[-0.047231,51.492728],[-0.047232,51.492724],[-0.047232,51.49272],[-0.047231,51.492716],[-0.04723,51.492712],[-0.047229,51.492708],[-0.047227,51.492704],[-0.047225,51.4927],[-0.047201,51.49266],[-0.047201,51.49266],[-0.0472,51.492658],[-0.047151,51.492576],[-0.047151,51.492576],[-0.047149,51.492574],[-0.0471,51.492492],[-0.0471,51.492492],[-0.047099,51.49249],[-0.047049,51.492408],[-0.047049,51.492408],[-0.047048,51.492406],[-0.046999,51.492324],[-0.046999,51.492324],[-0.046998,51.492322],[-0.046948,51.49224],[-0.046948,51.492239],[-0.046948,51.492238],[-0.04694,51.492224],[-0.046932,51.492208],[-0.046927,51.492192],[-0.046924,51.492175],[-0.046922,51.492159],[-0.046922,51.492142],[-0.046922,51.492135],[-0.046941,51.49191],[-0.046941,51.491908],[-0.046941,51.491904],[-0.046941,51.4919],[-0.04694,51.491896],[-0.046938,51.491892],[-0.046937,51.491888],[-0.046935,51.491884],[-0.046932,51.49188],[-0.046929,51.491876],[-0.046926,51.491873],[-0.046922,51.491869],[-0.046918,51.491866],[-0.046914,51.491863],[-0.046909,51.49186],[-0.046904,51.491858],[-0.046899,51.491855],[-0.046893,51.491853],[-0.046887,51.491851],[-0.046881,51.491849],[-0.046875,51.491847],[-0.046869,51.491846],[-0.046863,51.491845],[-0.046856,51.491844],[-0.04685,51.491844]]]},"properties":{"layer":"dataset-55cdd950-fd18-421a-affd-130d659dc6fd:Noise_Action_Planning_Important_Areas_Round_3_England","r3_ia_id":"13757*","source":"Road","assetowner":"Southwark & Lewisham","round3type":"R1+R2+R3 no change","r2_ia_id":"13757*","round2type":"R1+R2 extend (R2)","maxx":"-0.031104579512404466","minx":"-0.053768998036826797","maxy":"51.497298293506788","miny":"51.483447327251206","x":-0.04394864,"y":51.49093154,"aream2":126895.35570405,"lengthm":5073.33944447,"in_cw":false}},
{"type":"Feature","geometry":{"type":"MultiPolygon","coordinates":[[[[-0.093649,51.474572],[-0.093601,51.474557],[-0.093609,51.47458],[-0.093639,51.474668],[-0.093669,51.474756],[-0.093698,51.474844],[-0.093728,51.474931],[-0.093758,51.475019],[-0.093788,51.475107],[-0.093817,51.475195],[-0.093847,51.475283],[-0.093874,51.475364],[-0.093909,51.475444],[-0.093946,51.47553],[-0.093984,51.475617],[-0.094021,51.475704],[-0.094059,51.475791],[-0.094096,51.475878],[-0.094099,51.475885],[-0.094105,51.475902],[-0.094109,51.47592],[-0.094111,51.475937],[-0.094111,51.475955],[-0.094109,51.475972],[-0.094106,51.47599],[-0.0941,51.476007],[-0.094093,51.476024],[-0.094084,51.476041],[-0.094074,51.476057],[-0.094061,51.476073],[-0.094047,51.476089],[-0.094032,51.476103],[-0.094015,51.476117],[-0.093996,51.476131],[-0.093977,51.476143],[-0.093955,51.476155],[-0.093933,51.476166],[-0.09391,51.476176],[-0.093885,51.476185],[-0.09386,51.476193],[-0.093834,51.4762],[-0.093807,51.476205],[-0.09378,51.47621],[-0.093752,51.476214],[-0.093724,51.476216],[-0.093696,51.476217],[-0.093668,51.476217],[-0.09364,51.476216],[-0.093612,51.476214],[-0.093584,51.476211],[-0.093557,51.476206],[-0.09353,51.476201],[-0.093504,51.476194],[-0.093478,51.476186],[-0.093454,51.476178],[-0.09343,51.476168],[-0.093407,51.476157],[-0.093386,51.476146],[-0.093366,51.476133],[-0.093347,51.47612],[-0.09333,51.476106],[-0.093314,51.476092],[-0.0933,51.476076],[-0.093287,51.476061],[-0.093276,51.476044],[-0.093267,51.476028],[-0.093262,51.476018],[-0.093225,51.475931],[-0.093187,51.475844],[-0.09315,51.475758],[-0.093112,51.475671],[-0.093075,51.475584],[-0.093037,51.475497],[-0.093034,51.47549],[-0.093032,51.475483],[-0.093002,51.475395],[-0.092972,51.475307],[-0.092942,51.475219],[-0.092913,51.475131],[-0.092883,51.475043],[-0.092853,51.474955],[-0.092824,51.474867],[-0.092794,51.474779],[-0.092764,51.474691],[-0.092735,51.474604],[-0.092705,51.474516],[-0.092675,51.474428],[-0.092654,51.474366],[-0.092517,51.474378],[-0.092375,51.474392],[-0.092232,51.474405],[-0.092214,51.474406],[-0.092186,51.474408],[-0.092158,51.474408],[-0.092129,51.474407],[-0.092101,51.474404],[-0.092087,51.474403],[-0.091866,51.474376],[-0.091725,51.474359],[-0.091584,51.474342],[-0.091443,51.474325],[-0.091301,51.474308],[-0.09116,51.474291],[-0.091019,51.474274],[-0.090877,51.474257],[-0.090736,51.47424],[-0.090595,51.474222],[-0.090465,51.474207],[-0.090388,51.4742],[-0.090245,51.474188],[-0.090103,51.474176],[-0.08996,51.474163],[-0.089951,51.474163],[-0.089924,51.474159],[-0.089911,51.474157],[-0.089875,51.474152],[-0.089736,51.474129],[-0.089596,51.474107],[-0.089457,51.474084],[-0.089318,51.474062],[-0.089178,51.47404],[-0.089039,51.474017],[-0.089038,51.474017],[-0.088933,51.474],[-0.088933,51.474],[-0.093754,51.474],[-0.093783,51.474009],[-0.093911,51.47405],[-0.09404,51.474091],[-0.094168,51.474131],[-0.094296,51.474172],[-0.094302,51.474174],[-0.094327,51.474183],[-0.094344,51.474189],[-0.094463,51.47424],[-0.094582,51.474291],[-0.094701,51.474341],[-0.09482,51.474392],[-0.094939,51.474442],[-0.095,51.474468],[-0.095,51.47512],[-0.09493,51.47509],[-0.094811,51.47504],[-0.094692,51.474989],[-0.094573,51.474939],[-0.094454,51.474888],[-0.094335,51.474838],[-0.094216,51.474787],[-0.094097,51.474737],[-0.093978,51.474686],[-0.093881,51.474645],[-0.093778,51.474612],[-0.093649,51.474572]]]]},"properties":{"layer":"dataset-55cdd950-fd18-421a-affd-130d659dc6fd:Noise_Action_Planning_Important_Areas_Round_3_England","r3_ia_id":"13760*","source":"Road","assetowner":"TfL & Lambeth & Southwark","round3type":"R1+R2+R3 no change","r2_ia_id":"13760*","round2type":"R1+R2 extend (R2)","maxx":"-0.087381546720349743","minx":"-0.099058625637154146","maxy":"51.476569580611425","miny":"51.470159720399941","x":-0.09331415,"y":51.47399654,"aream2":88829.2800498,"lengthm":3014.10215437,"clipped_to_zone":true,"in_cw":false}},
{"type":"Feature","geometry":{"type":"MultiPolygon","coordinates":[[[[-0.094172,51.479059],[-0.0942,51.479059],[-0.094228,51.47906],[-0.094256,51.479062],[-0.094284,51.479066],[-0.094311,51.47907],[-0.094338,51.479076],[-0.094364,51.479082],[-0.09439,51.47909],[-0.094414,51.479099],[-0.094438,51.479108],[-0.094461,51.479119],[-0.094482,51.47913],[-0.094502,51.479143],[-0.094521,51.479156],[-0.094538,51.47917],[-0.094554,51.479185],[-0.094568,51.4792],[-0.094581,51.479216],[-0.094592,51.479232],[-0.094601,51.479249],[-0.094609,51.479266],[-0.094614,51.479283],[-0.094617,51.479294],[-0.094628,51.479348],[-0.09463,51.479351],[-0.094635,51.479368],[-0.094639,51.479386],[-0.094641,51.479396],[-0.094643,51.47942],[-0.094654,51.479472],[-0.094655,51.479479],[-0.094657,51.479496],[-0.094657,51.479514],[-0.094656,51.479532],[-0.094655,51.479534],[-0.09466,51.479576],[-0.094669,51.479665],[-0.094679,51.479755],[-0.094688,51.479845],[-0.094697,51.479935],[-0.094707,51.480024],[-0.094716,51.480114],[-0.094726,51.480204],[-0.094735,51.480293],[-0.094745,51.480383],[-0.094754,51.480472],[-0.094764,51.480562],[-0.094773,51.480652],[-0.094783,51.480741],[-0.094792,51.480831],[-0.094796,51.480865],[-0.094796,51.480867],[-0.094796,51.480867],[-0.094804,51.480957],[-0.094812,51.481047],[-0.09482,51.481137],[-0.094828,51.481226],[-0.094836,51.481316],[-0.094844,51.481406],[-0.094852,51.481496],[-0.09486,51.481586],[-0.094868,51.481675],[-0.094876,51.481765],[-0.094884,51.481854],[-0.094892,51.481944],[-0.0949,51.482034],[-0.094908,51.482124],[-0.094916,51.482213],[-0.094923,51.482299],[-0.094924,51.482304],[-0.094924,51.482307],[-0.094928,51.482396],[-0.094932,51.482486],[-0.094936,51.482576],[-0.09494,51.482666],[-0.094945,51.482756],[-0.094949,51.482846],[-0.094953,51.482936],[-0.094954,51.482964],[-0.094954,51.482966],[-0.094954,51.482978],[-0.094953,51.482996],[-0.094949,51.483013],[-0.094946,51.483023],[-0.094897,51.483184],[-0.094894,51.483192],[-0.094887,51.483209],[-0.094881,51.48322],[-0.094834,51.483305],[-0.094787,51.48339],[-0.09474,51.483475],[-0.094693,51.48356],[-0.094646,51.483645],[-0.094601,51.483726],[-0.094557,51.48381],[-0.094513,51.483895],[-0.094468,51.483981],[-0.094423,51.484066],[-0.094378,51.484152],[-0.094333,51.484237],[-0.094288,51.484322],[-0.094243,51.484408],[-0.094198,51.484493],[-0.094153,51.484578],[-0.094149,51.484586],[-0.094137,51.484682],[-0.094151,51.484737],[-0.094151,51.484738],[-0.094175,51.484825],[-0.094175,51.484827],[-0.094198,51.484914],[-0.094199,51.484915],[-0.094202,51.484928],[-0.094202,51.484929],[-0.094227,51.485016],[-0.094227,51.485016],[-0.094251,51.485103],[-0.094279,51.485185],[-0.094309,51.485273],[-0.09434,51.485361],[-0.094343,51.48537],[-0.094379,51.485424],[-0.094436,51.485506],[-0.094493,51.485589],[-0.09455,51.485671],[-0.094606,51.485754],[-0.094663,51.485837],[-0.094711,51.485906],[-0.09474,51.485939],[-0.094744,51.485942],[-0.094744,51.485942],[-0.094744,51.485942],[-0.094771,51.485973],[-0.094771,51.485973],[-0.09484,51.486052],[-0.09484,51.486052],[-0.094908,51.486131],[-0.094909,51.486131],[-0.094977,51.48621],[-0.094978,51.48621],[-0.095,51.486236],[-0.095,51.487683],[-0.094952,51.487601],[-0.094904,51.487517],[-0.094855,51.487432],[-0.094806,51.487347],[-0.094758,51.487263],[-0.094709,51.487178],[-0.094661,51.487094],[-0.094612,51.487009],[-0.094563,51.486924],[-0.094515,51.48684],[-0.094476,51.486772],[-0.094423,51.486709],[-0.094356,51.486629],[-0.09429,51.48655],[-0.094286,51.486545],[-0.094219,51.486468],[-0.094218,51.486468],[-0.09415,51.486389],[-0.094149,51.486389],[-0.094081,51.48631],[-0.094081,51.48631],[-0.094012,51.486231],[-0.094012,51.486231],[-0.093987,51.486202],[-0.093947,51.486158],[-0.093943,51.486154],[-0.093931,51.486139],[-0.093926,51.486132],[-0.093869,51.486049],[-0.093813,51.485967],[-0.093756,51.485884],[-0.093699,51.485801],[-0.093642,51.485719],[-0.093585,51.485636],[-0.093532,51.485559],[-0.093526,51.485549],[-0.093517,51.485533],[-0.093509,51.485516],[-0.093507,51.485509],[-0.093495,51.485475],[-0.093465,51.485387],[-0.093434,51.485299],[-0.093404,51.485211],[-0.093401,51.4852],[-0.093401,51.4852],[-0.0934,51.485197],[-0.0934,51.485196],[-0.093375,51.485108],[-0.093375,51.485108],[-0.093351,51.48502],[-0.093351,51.485019],[-0.09335,51.485018],[-0.093347,51.485005],[-0.093347,51.485004],[-0.093323,51.484917],[-0.093323,51.484915],[-0.0933,51.484828],[-0.093299,51.484827],[-0.093276,51.484739],[-0.093276,51.484738],[-0.093272,51.484722],[-0.09327,51.484704],[-0.09327,51.484687],[-0.093271,51.484672],[-0.093292,51.48451],[-0.093293,51.484507],[-0.093296,51.48449],[-0.093301,51.484473],[-0.093309,51.484455],[-0.093312,51.484448],[-0.093332,51.48441],[-0.093377,51.484325],[-0.093422,51.484239],[-0.093467,51.484154],[-0.093512,51.484069],[-0.093557,51.483983],[-0.093602,51.483898],[-0.093647,51.483812],[-0.093692,51.483727],[-0.093737,51.483642],[-0.093782,51.483556],[-0.093783,51.483554],[-0.093784,51.483553],[-0.09383,51.483469],[-0.093876,51.483384],[-0.093923,51.483299],[-0.09397,51.483214],[-0.094017,51.483129],[-0.094054,51.483062],[-0.094089,51.482949],[-0.094085,51.482861],[-0.094081,51.482771],[-0.094077,51.482682],[-0.094073,51.482592],[-0.094069,51.482502],[-0.094065,51.482412],[-0.094061,51.482326],[-0.094053,51.482243],[-0.094045,51.482154],[-0.094037,51.482064],[-0.094029,51.481974],[-0.094021,51.481884],[-0.094013,51.481795],[-0.094005,51.481705],[-0.093997,51.481615],[-0.093989,51.481526],[-0.093981,51.481436],[-0.093973,51.481346],[-0.093965,51.481256],[-0.093957,51.481167],[-0.093949,51.481077],[-0.093941,51.480987],[-0.093933,51.480899],[-0.09393,51.480867],[-0.093921,51.480777],[-0.093911,51.480687],[-0.093902,51.480597],[-0.093892,51.480508],[-0.093883,51.480418],[-0.093873,51.480328],[-0.093864,51.480239],[-0.093854,51.480149],[-0.093845,51.48006],[-0.093836,51.47997],[-0.093826,51.47988],[-0.093817,51.479791],[-0.093807,51.479701],[-0.093798,51.479611],[-0.093788,51.479521],[-0.093783,51.479472],[-0.093779,51.479452],[-0.09376,51.479363],[-0.093759,51.479357],[-0.093757,51.479339],[-0.093757,51.479322],[-0.093759,51.479304],[-0.093762,51.479286],[-0.093768,51.479269],[-0.093775,51.479252],[-0.093784,51.479235],[-0.093794,51.479219],[-0.093807,51.479203],[-0.093821,51.479188],[-0.093836,51.479173],[-0.093853,51.479159],[-0.093872,51.479146],[-0.093891,51.479133],[-0.093913,51.479121],[-0.093935,51.47911],[-0.093958,51.4791],[-0.093983,51.479092],[-0.094008,51.479084],[-0.094034,51.479077],[-0.094061,51.479071],[-0.094088,51.479066],[-0.094116,51.479063],[-0.094144,51.47906],[-0.094172,51.479059]]]]},"properties":{"layer":"dataset-55cdd950-fd18-421a-affd-130d659dc6fd:Noise_Action_Planning_Important_Areas_Round_3_England","r3_ia_id":"13761","source":"Road","assetowner":"Southwark","round3type":"R1+R2+R3 no change","r2_ia_id":"13761","round2type":"R1+R2 extend (R2)","maxx":"-0.093295307833410959","minx":"-0.097317650263687411","maxy":"51.490391023079077","miny":"51.479058045561494","x":-0.09482923,"y":51.48480154,"aream2":77896.73974529,"lengthm":2690.68578878,"clipped_to_zone":true,"in_cw":false}},
{"type":"Feature","geometry":{"type":"Polygon","coordinates":[[[-0.086645,51.493754],[-0.086651,51.493756],[-0.086676,51.493763],[-0.086701,51.493772],[-0.086724,51.493782],[-0.086747,51.493792],[-0.086768,51.493804],[-0.086788,51.493816],[-0.086807,51.493829],[-0.086825,51.493843],[-0.08684,51.493858],[-0.086855,51.493873],[-0.086867,51.493889],[-0.086878,51.493905],[-0.086888,51.493922],[-0.086895,51.493939],[-0.086901,51.493956],[-0.086905,51.493974],[-0.086907,51.493991],[-0.086907,51.494009],[-0.086905,51.494027],[-0.086902,51.494044],[-0.086896,51.494061],[-0.086889,51.494078],[-0.08688,51.494095],[-0.08687,51.494112],[-0.086857,51.494127],[-0.086843,51.494143],[-0.086828,51.494158],[-0.086811,51.494172],[-0.086792,51.494185],[-0.086772,51.494198],[-0.086751,51.494209],[-0.086729,51.49422],[-0.086706,51.49423],[-0.086681,51.494239],[-0.086656,51.494247],[-0.08663,51.494254],[-0.086603,51.494259],[-0.086576,51.494264],[-0.086548,51.494268],[-0.08652,51.49427],[-0.086492,51.494271],[-0.086464,51.494271],[-0.086436,51.49427],[-0.086407,51.494268],[-0.08638,51.494265],[-0.086352,51.49426],[-0.086326,51.494255],[-0.086305,51.49425],[-0.086173,51.494214],[-0.086167,51.494213],[-0.086141,51.494205],[-0.086117,51.494196],[-0.086093,51.494187],[-0.086071,51.494176],[-0.086049,51.494165],[-0.086029,51.494152],[-0.08601,51.494139],[-0.085993,51.494125],[-0.085977,51.49411],[-0.085963,51.494095],[-0.08595,51.494079],[-0.085939,51.494063],[-0.08593,51.494047],[-0.085923,51.494029],[-0.085917,51.494012],[-0.085913,51.493995],[-0.085911,51.493977],[-0.085911,51.493959],[-0.085912,51.493942],[-0.085916,51.493924],[-0.085921,51.493907],[-0.085928,51.49389],[-0.085937,51.493873],[-0.085948,51.493857],[-0.08596,51.493841],[-0.085974,51.493826],[-0.08599,51.493811],[-0.086007,51.493797],[-0.086025,51.493783],[-0.086045,51.493771],[-0.086066,51.493759],[-0.086089,51.493748],[-0.086112,51.493738],[-0.086136,51.49373],[-0.086162,51.493722],[-0.086188,51.493715],[-0.086214,51.493709],[-0.086242,51.493704],[-0.086269,51.493701],[-0.086297,51.493698],[-0.086326,51.493697],[-0.086354,51.493697],[-0.086382,51.493698],[-0.08641,51.4937],[-0.086438,51.493703],[-0.086465,51.493708],[-0.086492,51.493713],[-0.086513,51.493719],[-0.086645,51.493754]]]},"properties":{"layer":"dataset-55cdd950-fd18-421a-affd-130d659dc6fd:Noise_Action_Planning_Important_Areas_Round_3_England","r3_ia_id":"13762","source":"Road","assetowner":"TfL","round3type":"R2 only","r2_ia_id":"13762","round2type":"R2 only","maxx":"-0.085936316691449549","minx":"-0.086932493101432876","maxy":"51.494270299804505","miny":"51.49369575219329","x":-0.0864344,"y":51.49398303,"aream2":3425.44095943,"lengthm":208.46241762,"in_cw":false}},
{"type":"Feature","geometry":{"type":"MultiPolygon","coordinates":[[[[-0.092619,51.501142],[-0.092593,51.501114],[-0.092553,51.501128],[-0.09255,51.501129],[-0.092427,51.501172],[-0.092424,51.501173],[-0.092301,51.501215],[-0.092298,51.501216],[-0.092176,51.501259],[-0.092173,51.50126],[-0.092148,51.501269],[-0.092145,51.50127],[-0.092127,51.501275],[-0.092108,51.50128],[-0.092088,51.501285],[-0.092068,51.501288],[-0.092048,51.501291],[-0.092027,51.501292],[-0.092007,51.501293],[-0.091986,51.501293],[-0.091969,51.501293],[-0.091965,51.501293],[-0.091938,51.501291],[-0.091934,51.501291],[-0.091794,51.501284],[-0.091791,51.501284],[-0.091651,51.501277],[-0.091647,51.501277],[-0.091627,51.501275],[-0.091606,51.501273],[-0.091586,51.501269],[-0.091567,51.501265],[-0.091547,51.50126],[-0.091529,51.501255],[-0.091511,51.501248],[-0.091493,51.501241],[-0.091477,51.501234],[-0.091461,51.501225],[-0.091446,51.501216],[-0.091433,51.501206],[-0.09142,51.501196],[-0.091408,51.501185],[-0.091398,51.501174],[-0.091389,51.501163],[-0.09138,51.501151],[-0.091374,51.501138],[-0.091368,51.501126],[-0.091364,51.501113],[-0.091361,51.5011],[-0.09136,51.501088],[-0.09136,51.501075],[-0.091361,51.501062],[-0.091363,51.501049],[-0.091367,51.501036],[-0.091372,51.501024],[-0.091379,51.501011],[-0.091387,51.500999],[-0.091396,51.500988],[-0.091406,51.500976],[-0.091418,51.500966],[-0.09143,51.500955],[-0.091444,51.500946],[-0.091458,51.500936],[-0.091474,51.500928],[-0.09149,51.50092],[-0.091507,51.500913],[-0.091525,51.500906],[-0.091544,51.5009],[-0.091563,51.500895],[-0.091582,51.500891],[-0.091602,51.500887],[-0.091623,51.500885],[-0.091643,51.500883],[-0.091664,51.500882],[-0.091685,51.500882],[-0.091702,51.500883],[-0.091845,51.50089],[-0.091849,51.50089],[-0.091924,51.500894],[-0.091993,51.50087],[-0.091996,51.500869],[-0.092119,51.500826],[-0.092122,51.500825],[-0.092245,51.500782],[-0.092248,51.500781],[-0.09237,51.500738],[-0.092373,51.500737],[-0.092496,51.500695],[-0.092499,51.500694],[-0.092556,51.500674],[-0.092559,51.500673],[-0.092578,51.500667],[-0.092597,51.500662],[-0.092617,51.500658],[-0.092637,51.500654],[-0.092657,51.500652],[-0.092677,51.50065],[-0.092698,51.500649],[-0.092719,51.500649],[-0.092739,51.50065],[-0.09276,51.500651],[-0.09278,51.500654],[-0.0928,51.500657],[-0.09282,51.500661],[-0.092839,51.500666],[-0.092858,51.500672],[-0.092876,51.500678],[-0.092893,51.500685],[-0.09291,51.500693],[-0.092926,51.500701],[-0.09294,51.50071],[-0.092954,51.50072],[-0.092967,51.50073],[-0.092979,51.500741],[-0.092984,51.500747],[-0.093022,51.500788],[-0.093095,51.500866],[-0.093167,51.500943],[-0.093233,51.501014],[-0.093317,51.500955],[-0.093412,51.500887],[-0.093507,51.500819],[-0.093601,51.500751],[-0.093696,51.500684],[-0.093791,51.500616],[-0.093885,51.500548],[-0.09398,51.50048],[-0.093986,51.500476],[-0.094001,51.500467],[-0.094014,51.500459],[-0.094016,51.500458],[-0.09405,51.500441],[-0.094052,51.50044],[-0.09416,51.500382],[-0.094162,51.500381],[-0.09427,51.500324],[-0.094272,51.500323],[-0.09438,51.500266],[-0.094382,51.500265],[-0.09449,51.500208],[-0.094492,51.500207],[-0.0946,51.50015],[-0.094602,51.500149],[-0.09471,51.500092],[-0.094712,51.500091],[-0.09482,51.500034],[-0.094822,51.500033],[-0.09493,51.499976],[-0.094932,51.499975],[-0.095,51.499939],[-0.095,51.500457],[-0.094899,51.50051],[-0.094897,51.500511],[-0.094789,51.500568],[-0.094787,51.500569],[-0.094679,51.500626],[-0.094677,51.500627],[-0.094569,51.500685],[-0.094567,51.500686],[-0.094459,51.500743],[-0.094457,51.500744],[-0.094442,51.500752],[-0.094363,51.500808],[-0.094268,51.500876],[-0.094174,51.500944],[-0.094079,51.501011],[-0.093984,51.501079],[-0.09389,51.501147],[-0.093795,51.501215],[-0.0937,51.501282],[-0.093605,51.50135],[-0.093511,51.501418],[-0.093505,51.501422],[-0.09349,51.501431],[-0.093475,51.50144],[-0.093458,51.501448],[-0.093448,51.501452],[-0.093364,51.501516],[-0.093363,51.501517],[-0.093363,51.501517],[-0.093273,51.501585],[-0.093272,51.501586],[-0.093271,51.501587],[-0.093181,51.501655],[-0.09318,51.501656],[-0.09318,51.501656],[-0.09309,51.501724],[-0.093089,51.501725],[-0.093088,51.501726],[-0.093069,51.50174],[-0.093056,51.50176],[-0.093056,51.501761],[-0.09305,51.501772],[-0.093046,51.501779],[-0.09299,51.501862],[-0.092987,51.501866],[-0.092979,51.501876],[-0.09297,51.501886],[-0.092959,51.501896],[-0.092948,51.501906],[-0.092936,51.501915],[-0.092923,51.501923],[-0.092908,51.501931],[-0.092894,51.501938],[-0.092878,51.501945],[-0.092862,51.501951],[-0.092845,51.501956],[-0.092827,51.50196],[-0.09281,51.501964],[-0.092791,51.501967],[-0.092773,51.50197],[-0.092754,51.501971],[-0.092736,51.501972],[-0.092717,51.501972],[-0.092698,51.501972],[-0.092679,51.50197],[-0.092661,51.501968],[-0.092642,51.501965],[-0.092625,51.501961],[-0.092607,51.501957],[-0.09259,51.501952],[-0.092574,51.501946],[-0.092558,51.501939],[-0.092543,51.501932],[-0.092529,51.501925],[-0.092515,51.501916],[-0.092503,51.501908],[-0.092491,51.501898],[-0.092481,51.501888],[-0.092471,51.501878],[-0.092463,51.501868],[-0.092455,51.501857],[-0.092449,51.501846],[-0.092444,51.501835],[-0.09244,51.501823],[-0.092438,51.501811],[-0.092436,51.5018],[-0.092436,51.501788],[-0.092437,51.501776],[-0.09244,51.501764],[-0.092443,51.501753],[-0.092448,51.501741],[-0.092454,51.50173],[-0.092459,51.501723],[-0.092493,51.501672],[-0.092494,51.50167],[-0.092538,51.5016],[-0.092539,51.501599],[-0.092544,51.501588],[-0.092552,51.501577],[-0.09256,51.501567],[-0.092569,51.501556],[-0.092579,51.501547],[-0.092592,51.501536],[-0.092642,51.501498],[-0.092643,51.501498],[-0.092643,51.501497],[-0.092733,51.501429],[-0.092734,51.501428],[-0.092735,51.501428],[-0.092823,51.501361],[-0.092764,51.501298],[-0.092692,51.50122],[-0.092619,51.501142]]]]},"properties":{"layer":"dataset-55cdd950-fd18-421a-affd-130d659dc6fd:Noise_Action_Planning_Important_Areas_Round_3_England","r3_ia_id":"13764*","source":"Road","assetowner":"TfL & Southwark","round3type":"R1+R2+R3 no change","r2_ia_id":"13764*","round2type":"R1+R2 extend (R2)","maxx":"-0.091385141305798057","minx":"-0.096956245230576263","maxy":"51.501970912836079","miny":"51.499100072281124","x":-0.09406917,"y":51.50060381,"aream2":24322.19069104,"lengthm":1168.80246397,"clipped_to_zone":true,"in_cw":false}},
{"type":"Feature","geometry":{"type":"Polygon","coordinates":[[[-0.08075,51.516755],[-0.080792,51.516755],[-0.080833,51.516756],[-0.080874,51.51676],[-0.080915,51.516765],[-0.080955,51.516771],[-0.080995,51.516779],[-0.081033,51.516789],[-0.08107,51.5168],[-0.081107,51.516813],[-0.081141,51.516827],[-0.081174,51.516843],[-0.081206,51.51686],[-0.081235,51.516878],[-0.081263,51.516897],[-0.081288,51.516918],[-0.081311,51.516939],[-0.081332,51.516962],[-0.081351,51.516985],[-0.081367,51.517009],[-0.081381,51.517033],[-0.081392,51.517058],[-0.0814,51.517083],[-0.081406,51.517109],[-0.081409,51.517135],[-0.081409,51.517161],[-0.081407,51.517187],[-0.081401,51.517212],[-0.081394,51.517238],[-0.081383,51.517263],[-0.08137,51.517287],[-0.081354,51.517311],[-0.081336,51.517335],[-0.081326,51.517346],[-0.081254,51.517425],[-0.081183,51.517503],[-0.081111,51.517581],[-0.08104,51.517659],[-0.080969,51.517737],[-0.080897,51.517815],[-0.080826,51.517893],[-0.080754,51.517971],[-0.080683,51.518049],[-0.080611,51.518127],[-0.08054,51.518205],[-0.080468,51.518283],[-0.080397,51.518361],[-0.080346,51.518417],[-0.080306,51.518477],[-0.080258,51.51855],[-0.080231,51.518626],[-0.080231,51.518626],[-0.080199,51.518713],[-0.080199,51.518714],[-0.080168,51.518801],[-0.080168,51.518802],[-0.080136,51.518889],[-0.080136,51.518889],[-0.080105,51.518976],[-0.080104,51.518977],[-0.080073,51.519064],[-0.080073,51.519065],[-0.080041,51.519152],[-0.080041,51.519152],[-0.08001,51.51924],[-0.08001,51.51924],[-0.079978,51.519327],[-0.079978,51.519328],[-0.079947,51.519415],[-0.079946,51.519415],[-0.079915,51.519503],[-0.079915,51.519503],[-0.079883,51.51959],[-0.079883,51.519591],[-0.079852,51.519678],[-0.079852,51.519679],[-0.07982,51.519766],[-0.07982,51.519766],[-0.079789,51.519853],[-0.079788,51.519854],[-0.079757,51.519941],[-0.079757,51.519942],[-0.079725,51.520029],[-0.079725,51.520029],[-0.079694,51.520117],[-0.079694,51.520117],[-0.079662,51.520204],[-0.079662,51.520205],[-0.079631,51.520292],[-0.07963,51.520293],[-0.079626,51.520304],[-0.079624,51.520309],[-0.079597,51.520397],[-0.079571,51.520486],[-0.079544,51.520574],[-0.079517,51.520662],[-0.079513,51.520676],[-0.079502,51.520701],[-0.079489,51.520726],[-0.079488,51.520727],[-0.07948,51.520754],[-0.079453,51.520842],[-0.079426,51.520931],[-0.079422,51.520944],[-0.079411,51.520969],[-0.079398,51.520994],[-0.079383,51.521018],[-0.079365,51.521041],[-0.079344,51.521064],[-0.079321,51.521085],[-0.079296,51.521106],[-0.079269,51.521126],[-0.07924,51.521144],[-0.079209,51.521161],[-0.079176,51.521177],[-0.079142,51.521192],[-0.079106,51.521205],[-0.079069,51.521216],[-0.079031,51.521226],[-0.078991,51.521235],[-0.078951,51.521242],[-0.078911,51.521247],[-0.07887,51.52125],[-0.078828,51.521252],[-0.078787,51.521252],[-0.078745,51.521251],[-0.078704,51.521248],[-0.078664,51.521243],[-0.078623,51.521236],[-0.078584,51.521228],[-0.078546,51.521218],[-0.078508,51.521207],[-0.078472,51.521194],[-0.078438,51.52118],[-0.078404,51.521164],[-0.078373,51.521147],[-0.078344,51.521129],[-0.078316,51.52111],[-0.078291,51.521089],[-0.078267,51.521068],[-0.078246,51.521046],[-0.078228,51.521023],[-0.078212,51.520999],[-0.078198,51.520974],[-0.078187,51.520949],[-0.078179,51.520924],[-0.078173,51.520898],[-0.07817,51.520872],[-0.07817,51.520847],[-0.078172,51.520821],[-0.078177,51.520795],[-0.078181,51.520783],[-0.078207,51.520695],[-0.078234,51.520607],[-0.078261,51.520518],[-0.078288,51.52043],[-0.078315,51.520342],[-0.078319,51.520328],[-0.07833,51.520303],[-0.078343,51.520278],[-0.078343,51.520278],[-0.078352,51.52025],[-0.078378,51.520162],[-0.078383,51.520148],[-0.078388,51.520135],[-0.078393,51.520118],[-0.078425,51.520031],[-0.078425,51.52003],[-0.078457,51.519943],[-0.078457,51.519942],[-0.078488,51.519855],[-0.078488,51.519855],[-0.07852,51.519768],[-0.07852,51.519767],[-0.078552,51.51968],[-0.078552,51.519679],[-0.078583,51.519592],[-0.078583,51.519592],[-0.078615,51.519505],[-0.078615,51.519504],[-0.078646,51.519417],[-0.078647,51.519416],[-0.078678,51.519329],[-0.078678,51.519329],[-0.07871,51.519241],[-0.07871,51.519241],[-0.078741,51.519154],[-0.078741,51.519153],[-0.078773,51.519066],[-0.078773,51.519065],[-0.078804,51.518978],[-0.078805,51.518978],[-0.078836,51.518891],[-0.078836,51.51889],[-0.078868,51.518803],[-0.078868,51.518802],[-0.078899,51.518715],[-0.078899,51.518715],[-0.078931,51.518627],[-0.078931,51.518627],[-0.078962,51.51854],[-0.078963,51.518539],[-0.078994,51.518452],[-0.078994,51.518451],[-0.079026,51.518364],[-0.079026,51.518364],[-0.079033,51.518343],[-0.079033,51.518343],[-0.079044,51.518318],[-0.079057,51.518293],[-0.079065,51.51828],[-0.079079,51.518259],[-0.079134,51.518176],[-0.079189,51.518093],[-0.079196,51.518082],[-0.079214,51.518059],[-0.079224,51.518047],[-0.079296,51.517969],[-0.079367,51.517891],[-0.079439,51.517813],[-0.07951,51.517735],[-0.079582,51.517657],[-0.079653,51.517579],[-0.079725,51.517501],[-0.079796,51.517423],[-0.079867,51.517345],[-0.079939,51.517266],[-0.08001,51.517188],[-0.080082,51.51711],[-0.080153,51.517032],[-0.080225,51.516954],[-0.080235,51.516944],[-0.080258,51.516922],[-0.080283,51.516901],[-0.08031,51.516882],[-0.080339,51.516863],[-0.08037,51.516846],[-0.080403,51.51683],[-0.080437,51.516816],[-0.080473,51.516803],[-0.08051,51.516791],[-0.080548,51.516781],[-0.080587,51.516773],[-0.080627,51.516766],[-0.080668,51.516761],[-0.080709,51.516757],[-0.08075,51.516755]]]},"properties":{"layer":"dataset-55cdd950-fd18-421a-affd-130d659dc6fd:Noise_Action_Planning_Important_Areas_Round_3_England","r3_ia_id":"13785","source":"Road","assetowner":"TfL","round3type":"R1+R2 extend (R2)","r2_ia_id":"13785","round2type":"R1+R2 extend (R2)","maxx":"-0.078195936243489791","minx":"-0.081435080208315955","maxy":"51.521250849570855","miny":"51.516753404577514","x":-0.07963496,"y":51.51896045,"aream2":44709.85368068,"lengthm":1154.06117602,"in_cw":false}},
{"type":"Feature","geometry":{"type":"MultiPolygon","coordinates":[[[[-0.086507,51.510205],[-0.0866,51.509949],[-0.086632,51.509861],[-0.08632,51.509811],[-0.086314,51.509811],[-0.086312,51.509811],[-0.086311,51.509811],[-0.086305,51.50981],[-0.086304,51.50981],[-0.084466,51.509604],[-0.084407,51.509598],[-0.084407,51.509598],[-0.084405,51.509598],[-0.084265,51.509585],[-0.084265,51.509585],[-0.084263,51.509585],[-0.084123,51.509571],[-0.084122,51.509571],[-0.08412,51.509571],[-0.08398,51.509558],[-0.08398,51.509558],[-0.083978,51.509558],[-0.083838,51.509545],[-0.083838,51.509545],[-0.083835,51.509544],[-0.083695,51.509531],[-0.083695,51.509531],[-0.083693,51.509531],[-0.083553,51.509518],[-0.083553,51.509518],[-0.08355,51.509518],[-0.08341,51.509504],[-0.08341,51.509504],[-0.083408,51.509504],[-0.083268,51.509491],[-0.083268,51.509491],[-0.083266,51.509491],[-0.083125,51.509477],[-0.083125,51.509477],[-0.083123,51.509477],[-0.082983,51.509464],[-0.082983,51.509464],[-0.082981,51.509464],[-0.082841,51.509451],[-0.08284,51.509451],[-0.082838,51.50945],[-0.082698,51.509437],[-0.082698,51.509437],[-0.082696,51.509437],[-0.082556,51.509424],[-0.082556,51.509424],[-0.082553,51.509424],[-0.082413,51.50941],[-0.082413,51.50941],[-0.082411,51.50941],[-0.082271,51.509397],[-0.082271,51.509397],[-0.082268,51.509397],[-0.082128,51.509383],[-0.082128,51.509383],[-0.082126,51.509383],[-0.081986,51.50937],[-0.081986,51.50937],[-0.081984,51.50937],[-0.081843,51.509357],[-0.081843,51.509357],[-0.081841,51.509356],[-0.081809,51.509353],[-0.080205,51.509776],[-0.080204,51.509776],[-0.080195,51.509778],[-0.080193,51.509778],[-0.080191,51.509779],[-0.080172,51.509783],[-0.080169,51.509784],[-0.080168,51.509784],[-0.080153,51.509787],[-0.080151,51.509787],[-0.079745,51.509852],[-0.079744,51.509852],[-0.079739,51.509853],[-0.079739,51.509853],[-0.079736,51.509853],[-0.079716,51.509856],[-0.079714,51.509856],[-0.079711,51.509857],[-0.079691,51.509858],[-0.079688,51.509859],[-0.079686,51.509859],[-0.079665,51.50986],[-0.079663,51.50986],[-0.079661,51.50986],[-0.07964,51.50986],[-0.079638,51.50986],[-0.079636,51.50986],[-0.079625,51.509859],[-0.079624,51.509859],[-0.078573,51.509818],[-0.078572,51.509818],[-0.078563,51.509818],[-0.078562,51.509818],[-0.078559,51.509818],[-0.078539,51.509816],[-0.078537,51.509816],[-0.078534,51.509816],[-0.078514,51.509813],[-0.078512,51.509813],[-0.078509,51.509813],[-0.078489,51.509809],[-0.078487,51.509809],[-0.078485,51.509808],[-0.078465,51.509804],[-0.078463,51.509804],[-0.078461,51.509803],[-0.078441,51.509799],[-0.078439,51.509798],[-0.078437,51.509797],[-0.078418,51.509792],[-0.078416,51.509791],[-0.078414,51.50979],[-0.078396,51.509784],[-0.078394,51.509783],[-0.078392,51.509782],[-0.078375,51.509775],[-0.078373,51.509774],[-0.078371,51.509774],[-0.078354,51.509766],[-0.078353,51.509765],[-0.078351,51.509764],[-0.078335,51.509755],[-0.078333,51.509754],[-0.078332,51.509753],[-0.078317,51.509744],[-0.078315,51.509743],[-0.078314,51.509742],[-0.0783,51.509733],[-0.078298,51.509731],[-0.078297,51.50973],[-0.078284,51.50972],[-0.078283,51.509719],[-0.078281,51.509718],[-0.07827,51.509707],[-0.078268,51.509706],[-0.078267,51.509704],[-0.078257,51.509693],[-0.078256,51.509692],[-0.078254,51.509691],[-0.078245,51.509679],[-0.078244,51.509678],[-0.078243,51.509676],[-0.078235,51.509665],[-0.078234,51.509663],[-0.078233,51.509662],[-0.078227,51.50965],[-0.078226,51.509648],[-0.078225,51.509647],[-0.07822,51.509634],[-0.078219,51.509633],[-0.078219,51.509631],[-0.078214,51.509619],[-0.078214,51.509617],[-0.078214,51.509616],[-0.078211,51.509603],[-0.078211,51.509602],[-0.07821,51.5096],[-0.078209,51.509587],[-0.078209,51.509586],[-0.078209,51.509584],[-0.078209,51.509571],[-0.078209,51.509571],[-0.078209,51.50957],[-0.078209,51.509568],[-0.07821,51.509555],[-0.07821,51.509554],[-0.07821,51.509553],[-0.078213,51.50954],[-0.078213,51.509538],[-0.078214,51.509537],[-0.078218,51.509524],[-0.078218,51.509523],[-0.078219,51.509521],[-0.078224,51.509509],[-0.078224,51.509507],[-0.078225,51.509506],[-0.078232,51.509494],[-0.078232,51.509492],[-0.078233,51.509491],[-0.078241,51.509479],[-0.078242,51.509477],[-0.078243,51.509476],[-0.078252,51.509464],[-0.078253,51.509463],[-0.078254,51.509462],[-0.078265,51.509451],[-0.078266,51.509449],[-0.078267,51.509448],[-0.078278,51.509437],[-0.07828,51.509436],[-0.078281,51.509435],[-0.078294,51.509425],[-0.078295,51.509423],[-0.078297,51.509422],[-0.07831,51.509413],[-0.078312,51.509411],[-0.078313,51.50941],[-0.078328,51.509401],[-0.07833,51.5094],[-0.078331,51.509399],[-0.078347,51.509391],[-0.078349,51.50939],[-0.078351,51.509389],[-0.078367,51.509381],[-0.078369,51.50938],[-0.078371,51.509379],[-0.078388,51.509372],[-0.07839,51.509371],[-0.078392,51.50937],[-0.07841,51.509364],[-0.078412,51.509363],[-0.078414,51.509362],[-0.078432,51.509356],[-0.078435,51.509356],[-0.078437,51.509355],[-0.078456,51.50935],[-0.078458,51.50935],[-0.07846,51.509349],[-0.07848,51.509345],[-0.078482,51.509344],[-0.078484,51.509344],[-0.078504,51.509341],[-0.078507,51.50934],[-0.078509,51.50934],[-0.078529,51.509337],[-0.078532,51.509337],[-0.078534,51.509337],[-0.078554,51.509335],[-0.078557,51.509335],[-0.078559,51.509335],[-0.07858,51.509334],[-0.078582,51.509334],[-0.078585,51.509334],[-0.078605,51.509334],[-0.078608,51.509334],[-0.078609,51.509334],[-0.07862,51.509334],[-0.078622,51.509334],[-0.079611,51.509373],[-0.079929,51.509321],[-0.081608,51.50888],[-0.081609,51.508879],[-0.081619,51.508877],[-0.08162,51.508877],[-0.081622,51.508876],[-0.081641,51.508872],[-0.081644,51.508871],[-0.081646,51.508871],[-0.081666,51.508868],[-0.081668,51.508867],[-0.081671,51.508867],[-0.081691,51.508864],[-0.081693,51.508864],[-0.081696,51.508864],[-0.081716,51.508862],[-0.081718,51.508862],[-0.081721,51.508862],[-0.081741,51.508861],[-0.081744,51.508861],[-0.081746,51.508861],[-0.081767,51.508861],[-0.081769,51.508861],[-0.081772,51.508861],[-0.081792,51.508861],[-0.081795,51.508861],[-0.081797,51.508862],[-0.081815,51.508863],[-0.081817,51.508863],[-0.081819,51.508863],[-0.08196,51.508877],[-0.08196,51.508877],[-0.081962,51.508877],[-0.082102,51.50889],[-0.082102,51.50889],[-0.082104,51.50889],[-0.082244,51.508903],[-0.082245,51.508903],[-0.082247,51.508904],[-0.082387,51.508917],[-0.082387,51.508917],[-0.082389,51.508917],[-0.082529,51.50893],[-0.082529,51.50893],[-0.082532,51.508931],[-0.082672,51.508944],[-0.082672,51.508944],[-0.082674,51.508944],[-0.082814,51.508957],[-0.082814,51.508957],[-0.082817,51.508957],[-0.082957,51.508971],[-0.082957,51.508971],[-0.082959,51.508971],[-0.083099,51.508984],[-0.083099,51.508984],[-0.083101,51.508984],[-0.083242,51.508997],[-0.083242,51.508997],[-0.083244,51.508998],[-0.083384,51.509011],[-0.083384,51.509011],[-0.083386,51.509011],[-0.083526,51.509024],[-0.083527,51.509024],[-0.083529,51.509025],[-0.083669,51.509038],[-0.083669,51.509038],[-0.083671,51.509038],[-0.083811,51.509051],[-0.083811,51.509051],[-0.083814,51.509051],[-0.083954,51.509065],[-0.083954,51.509065],[-0.083956,51.509065],[-0.084096,51.509078],[-0.084096,51.509078],[-0.084099,51.509078],[-0.084239,51.509091],[-0.084239,51.509091],[-0.084241,51.509092],[-0.084381,51.509105],[-0.084381,51.509105],[-0.084383,51.509105],[-0.084524,51.509118],[-0.084524,51.509118],[-0.084526,51.509119],[-0.084588,51.509124],[-0.084588,51.509124],[-0.08459,51.509125],[-0.08459,51.509125],[-0.084591,51.509125],[-0.084597,51.509125],[-0.084598,51.509125],[-0.086441,51.509332],[-0.086443,51.509332],[-0.086457,51.509334],[-0.086459,51.509334],[-0.086461,51.509334],[-0.086467,51.509335],[-0.086469,51.509335],[-0.086472,51.509335],[-0.086492,51.509338],[-0.086494,51.509338],[-0.086495,51.509338],[-0.086504,51.50934],[-0.086505,51.50934],[-0.087188,51.509449],[-0.087322,51.509469],[-0.087324,51.509469],[-0.087324,51.509469],[-0.087462,51.509489],[-0.087464,51.509489],[-0.087464,51.509489],[-0.087603,51.509509],[-0.087604,51.50951],[-0.087605,51.50951],[-0.087743,51.50953],[-0.087745,51.50953],[-0.087745,51.50953],[-0.087883,51.50955],[-0.087885,51.50955],[-0.087885,51.50955],[-0.088024,51.50957],[-0.088025,51.509571],[-0.088026,51.509571],[-0.088164,51.509591],[-0.088166,51.509591],[-0.088166,51.509591],[-0.088306,51.509611],[-0.088308,51.509612],[-0.088327,51.509615],[-0.088329,51.509615],[-0.088331,51.509615],[-0.088339,51.509617],[-0.088343,51.509617],[-0.088345,51.509618],[-0.088348,51.509618],[-0.088368,51.50962],[-0.08837,51.509621],[-0.088373,51.509621],[-0.088393,51.509624],[-0.088395,51.509625],[-0.088397,51.509625],[-0.088411,51.509628],[-0.088413,51.509628],[-0.08917,51.509793],[-0.08917,51.509793],[-0.089175,51.509795],[-0.089176,51.509795],[-0.089177,51.509795],[-0.089186,51.509797],[-0.089187,51.509797],[-0.090401,51.510102],[-0.09134,51.510294],[-0.091472,51.510318],[-0.091473,51.510318],[-0.091474,51.510318],[-0.091611,51.510343],[-0.091611,51.510343],[-0.091612,51.510343],[-0.091749,51.510368],[-0.091749,51.510368],[-0.09175,51.510368],[-0.091887,51.510393],[-0.091887,51.510393],[-0.091889,51.510394],[-0.092026,51.510418],[-0.092026,51.510418],[-0.092027,51.510419],[-0.092302,51.510469],[-0.092302,51.510469],[-0.092304,51.510469],[-0.092441,51.510494],[-0.092441,51.510494],[-0.092442,51.510494],[-0.092579,51.510519],[-0.092579,51.510519],[-0.09258,51.510519],[-0.092856,51.510569],[-0.092856,51.51057],[-0.092857,51.51057],[-0.092994,51.510595],[-0.092994,51.510595],[-0.092995,51.510595],[-0.093132,51.51062],[-0.093132,51.51062],[-0.093133,51.51062],[-0.09316,51.510625],[-0.095,51.510837],[-0.095,51.511331],[-0.093,51.5111],[-0.092998,51.5111],[-0.092986,51.511098],[-0.092985,51.511098],[-0.092982,51.511098],[-0.092964,51.511095],[-0.092961,51.511094],[-0.09296,51.511094],[-0.092914,51.511086],[-0.092914,51.511086],[-0.092913,51.511086],[-0.092776,51.511061],[-0.092776,51.511061],[-0.092775,51.51106],[-0.092638,51.511036],[-0.092638,51.511036],[-0.092636,51.511035],[-0.092361,51.510985],[-0.092361,51.510985],[-0.09236,51.510985],[-0.092223,51.51096],[-0.092223,51.51096],[-0.092222,51.51096],[-0.092084,51.510935],[-0.092084,51.510935],[-0.092083,51.510935],[-0.091946,51.51091],[-0.091946,51.51091],[-0.091945,51.510909],[-0.091808,51.510885],[-0.091808,51.510884],[-0.091807,51.510884],[-0.09167,51.510859],[-0.09167,51.510859],[-0.091668,51.510859],[-0.091531,51.510834],[-0.091531,51.510834],[-0.09153,51.510834],[-0.091393,51.510809],[-0.091393,51.510809],[-0.091392,51.510809],[-0.091255,51.510784],[-0.091255,51.510784],[-0.091253,51.510784],[-0.091116,51.510759],[-0.091116,51.510759],[-0.091115,51.510758],[-0.091115,51.510758],[-0.091114,51.510758],[-0.091105,51.510757],[-0.091104,51.510756],[-0.090147,51.510561],[-0.090146,51.510561],[-0.090135,51.510558],[-0.090133,51.510558],[-0.090132,51.510558],[-0.090124,51.510556],[-0.090123,51.510555],[-0.088905,51.51025],[-0.088163,51.510088],[-0.08816,51.510088],[-0.088157,51.510087],[-0.088155,51.510087],[-0.088135,51.510085],[-0.088132,51.510084],[-0.088132,51.510084],[-0.08813,51.510084],[-0.08813,51.510084],[-0.087992,51.510064],[-0.08799,51.510064],[-0.08799,51.510064],[-0.087851,51.510044],[-0.08785,51.510043],[-0.08785,51.510043],[-0.087711,51.510023],[-0.087709,51.510023],[-0.087709,51.510023],[-0.087571,51.510003],[-0.087569,51.510003],[-0.087569,51.510003],[-0.08743,51.509983],[-0.087429,51.509982],[-0.087429,51.509982],[-0.087388,51.509977],[-0.087263,51.51032],[-0.087263,51.510321],[-0.087257,51.510334],[-0.087257,51.510335],[-0.087256,51.510336],[-0.087256,51.510337],[-0.087215,51.510424],[-0.087215,51.510424],[-0.087215,51.510424],[-0.087175,51.51051],[-0.087175,51.51051],[-0.087175,51.51051],[-0.087053,51.510769],[-0.087053,51.510769],[-0.087053,51.510769],[-0.086972,51.510941],[-0.086972,51.510941],[-0.086972,51.510942],[-0.086972,51.510942],[-0.086971,51.510943],[-0.086965,51.510956],[-0.086964,51.510957],[-0.086963,51.510958],[-0.086955,51.51097],[-0.086954,51.510972],[-0.086953,51.510973],[-0.086944,51.510985],[-0.086943,51.510986],[-0.086942,51.510987],[-0.086932,51.510998],[-0.086931,51.511],[-0.086929,51.511001],[-0.086918,51.511012],[-0.086917,51.511013],[-0.086915,51.511014],[-0.086903,51.511024],[-0.086901,51.511026],[-0.0869,51.511027],[-0.086886,51.511037],[-0.086885,51.511038],[-0.086883,51.511039],[-0.086868,51.511048],[-0.086867,51.511049],[-0.086865,51.51105],[-0.08685,51.511059],[-0.086848,51.51106],[-0.086846,51.51106],[-0.08683,51.511068],[-0.086828,51.511069],[-0.086826,51.51107],[-0.086809,51.511077],[-0.086807,51.511078],[-0.086805,51.511079],[-0.086787,51.511085],[-0.086785,51.511086],[-0.086783,51.511087],[-0.086764,51.511093],[-0.086762,51.511093],[-0.08676,51.511094],[-0.086741,51.511099],[-0.086738,51.5111],[-0.086736,51.5111],[-0.086717,51.511104],[-0.086714,51.511105],[-0.086712,51.511105],[-0.086692,51.511109],[-0.08669,51.511109],[-0.086688,51.511109],[-0.086667,51.511112],[-0.086665,51.511112],[-0.086665,51.511112],[-0.086663,51.511112],[-0.086663,51.511112],[-0.08657,51.511122],[-0.086569,51.511122],[-0.086568,51.511122],[-0.086428,51.511137],[-0.086426,51.511137],[-0.086426,51.511137],[-0.086319,51.511148],[-0.08625,51.51122],[-0.086249,51.51122],[-0.086248,51.511222],[-0.086175,51.511297],[-0.086175,51.511298],[-0.086174,51.511299],[-0.086101,51.511374],[-0.086101,51.511375],[-0.0861,51.511376],[-0.086027,51.511452],[-0.086027,51.511452],[-0.086025,51.511453],[-0.085953,51.511529],[-0.085953,51.511529],[-0.085951,51.51153],[-0.085878,51.511606],[-0.085878,51.511606],[-0.085877,51.511607],[-0.085804,51.511683],[-0.085804,51.511683],[-0.085803,51.511684],[-0.08573,51.51176],[-0.08573,51.51176],[-0.085729,51.511761],[-0.085656,51.511837],[-0.085656,51.511837],[-0.085654,51.511838],[-0.085581,51.511914],[-0.085581,51.511914],[-0.08558,51.511915],[-0.085527,51.511971],[-0.085493,51.512029],[-0.085493,51.512029],[-0.085492,51.51203],[-0.085492,51.51203],[-0.085491,51.512031],[-0.085484,51.512043],[-0.085483,51.512045],[-0.085482,51.512045],[-0.085438,51.512107],[-0.084559,51.513338],[-0.084558,51.51334],[-0.084549,51.513351],[-0.084548,51.513353],[-0.084546,51.513354],[-0.084536,51.513365],[-0.084535,51.513366],[-0.084534,51.513368],[-0.084528,51.513373],[-0.084493,51.513444],[-0.084492,51.513447],[-0.084451,51.51353],[-0.08445,51.513532],[-0.084408,51.513618],[-0.084401,51.513631],[-0.084391,51.513646],[-0.084387,51.513651],[-0.084385,51.513661],[-0.08438,51.513677],[-0.084374,51.513692],[-0.084373,51.513693],[-0.084332,51.513779],[-0.084324,51.513793],[-0.084315,51.513808],[-0.084304,51.513822],[-0.084291,51.513836],[-0.084277,51.513849],[-0.084262,51.513862],[-0.084245,51.513874],[-0.084227,51.513885],[-0.084208,51.513896],[-0.084188,51.513905],[-0.084167,51.513914],[-0.084145,51.513922],[-0.084122,51.51393],[-0.084099,51.513936],[-0.084075,51.513941],[-0.08405,51.513945],[-0.084025,51.513948],[-0.084,51.51395],[-0.083975,51.513952],[-0.083949,51.513952],[-0.083924,51.513951],[-0.083899,51.513949],[-0.083874,51.513946],[-0.083849,51.513942],[-0.083825,51.513937],[-0.083801,51.513931],[-0.083778,51.513924],[-0.083756,51.513916],[-0.083735,51.513907],[-0.083715,51.513898],[-0.083695,51.513887],[-0.083677,51.513876],[-0.08366,51.513864],[-0.083645,51.513852],[-0.08363,51.513839],[-0.083618,51.513825],[-0.083606,51.513811],[-0.083596,51.513796],[-0.083588,51.513781],[-0.083581,51.513766],[-0.083576,51.51375],[-0.083573,51.513734],[-0.083571,51.513719],[-0.083571,51.513703],[-0.083572,51.513687],[-0.083575,51.513671],[-0.08358,51.513656],[-0.083586,51.51364],[-0.083587,51.513639],[-0.083628,51.513553],[-0.083636,51.513539],[-0.083646,51.513524],[-0.08365,51.513519],[-0.083652,51.513509],[-0.083656,51.513494],[-0.083663,51.513478],[-0.083664,51.513476],[-0.083705,51.513392],[-0.083706,51.51339],[-0.083747,51.513306],[-0.083748,51.513304],[-0.08379,51.513218],[-0.083797,51.513205],[-0.083807,51.513191],[-0.083818,51.513176],[-0.083831,51.513163],[-0.083839,51.513155],[-0.083839,51.513154],[-0.083847,51.513142],[-0.083848,51.513141],[-0.084766,51.511855],[-0.084808,51.511783],[-0.084808,51.511783],[-0.084809,51.511782],[-0.084809,51.511782],[-0.08481,51.51178],[-0.084818,51.511768],[-0.084819,51.511767],[-0.08482,51.511766],[-0.084829,51.511754],[-0.08483,51.511753],[-0.084831,51.511752],[-0.084839,51.511742],[-0.084841,51.511741],[-0.084842,51.511739],[-0.084915,51.511664],[-0.084915,51.511664],[-0.084916,51.511662],[-0.084989,51.511587],[-0.084989,51.511587],[-0.08499,51.511585],[-0.085063,51.51151],[-0.085063,51.51151],[-0.085065,51.511508],[-0.085137,51.511433],[-0.085137,51.511433],[-0.085139,51.511431],[-0.085212,51.511356],[-0.085212,51.511355],[-0.085213,51.511354],[-0.085286,51.511278],[-0.085286,51.511278],[-0.085287,51.511277],[-0.08536,51.511201],[-0.08536,51.511201],[-0.085361,51.5112],[-0.085434,51.511124],[-0.085434,51.511124],[-0.085436,51.511123],[-0.085509,51.511047],[-0.085509,51.511047],[-0.08551,51.511046],[-0.085583,51.51097],[-0.085583,51.51097],[-0.085584,51.510969],[-0.085657,51.510893],[-0.085657,51.510893],[-0.085658,51.510892],[-0.085731,51.510816],[-0.085731,51.510816],[-0.085733,51.510815],[-0.085745,51.510802],[-0.085745,51.510802],[-0.085746,51.510801],[-0.085746,51.510801],[-0.085748,51.510799],[-0.085759,51.510788],[-0.08576,51.510787],[-0.085762,51.510786],[-0.085774,51.510776],[-0.085776,51.510775],[-0.085777,51.510773],[-0.085791,51.510764],[-0.085792,51.510763],[-0.085794,51.510762],[-0.085808,51.510752],[-0.08581,51.510751],[-0.085812,51.51075],[-0.085827,51.510742],[-0.085829,51.510741],[-0.085831,51.51074],[-0.085847,51.510732],[-0.085849,51.510731],[-0.085851,51.51073],[-0.085868,51.510723],[-0.08587,51.510722],[-0.085872,51.510721],[-0.08589,51.510715],[-0.085892,51.510714],[-0.085894,51.510713],[-0.085913,51.510708],[-0.085915,51.510707],[-0.085917,51.510706],[-0.085936,51.510701],[-0.085939,51.510701],[-0.085941,51.5107],[-0.08596,51.510696],[-0.085963,51.510696],[-0.085965,51.510695],[-0.085985,51.510692],[-0.085987,51.510691],[-0.085989,51.510691],[-0.08601,51.510688],[-0.086012,51.510688],[-0.086012,51.510688],[-0.086014,51.510688],[-0.086014,51.510688],[-0.086154,51.510673],[-0.086156,51.510673],[-0.086156,51.510673],[-0.086294,51.510659],[-0.086347,51.510546],[-0.086347,51.510546],[-0.086348,51.510545],[-0.086507,51.510205]]]]},"properties":{"layer":"dataset-55cdd950-fd18-421a-affd-130d659dc6fd:Noise_Action_Planning_Important_Areas_Round_3_England","r3_ia_id":"13786","source":"Road","assetowner":"TfL","round3type":"R1+R2+R3 no change","r2_ia_id":"13786","round2type":"R1+R2 extend (R2)","maxx":"-0.078234544862618063","minx":"-0.098528325441430364","maxy":"51.51395019811671","miny":"51.508859084894731","x":-0.08757935,"y":51.51056171,"aream2":105182.32417352,"lengthm":3966.64712153,"clipped_to_zone":true,"in_cw":false}},
{"type":"Feature","geometry":{"type":"MultiPolygon","coordinates":[[[[-0.095,51.517548],[-0.095,51.517548],[-0.094989,51.517533],[-0.094988,51.517533],[-0.094987,51.517532],[-0.094977,51.517517],[-0.094977,51.517516],[-0.094976,51.517515],[-0.094967,51.517499],[-0.094967,51.517499],[-0.094967,51.517498],[-0.09496,51.517482],[-0.094959,51.517481],[-0.094959,51.51748],[-0.094954,51.517464],[-0.094953,51.517463],[-0.094953,51.517462],[-0.094949,51.517446],[-0.094949,51.517445],[-0.094949,51.517444],[-0.094947,51.517428],[-0.094947,51.517427],[-0.094947,51.517426],[-0.094947,51.51741],[-0.094947,51.517409],[-0.094947,51.517409],[-0.094947,51.517408],[-0.094949,51.517391],[-0.094949,51.51739],[-0.094949,51.51739],[-0.094952,51.517373],[-0.094952,51.517372],[-0.094953,51.517371],[-0.094958,51.517355],[-0.094958,51.517354],[-0.094958,51.517354],[-0.094965,51.517338],[-0.094965,51.517337],[-0.094966,51.517336],[-0.094974,51.51732],[-0.094974,51.517319],[-0.094975,51.517319],[-0.094985,51.517303],[-0.094985,51.517303],[-0.094986,51.517302],[-0.094998,51.517287],[-0.094998,51.517286],[-0.094999,51.517285],[-0.095,51.517284],[-0.095,51.517548]]]]},"properties":{"layer":"dataset-55cdd950-fd18-421a-affd-130d659dc6fd:Noise_Action_Planning_Important_Areas_Round_3_England","r3_ia_id":"13788*","source":"Road","assetowner":"TfL & City of London","round3type":"R1+R2+R3 no change","r2_ia_id":"13788*","round2type":"R1+R2 extend (R2)","maxx":"-0.094972846751113504","minx":"-0.10914420649936848","maxy":"51.523858731996235","miny":"51.51254835590084","x":-0.10251095,"y":51.51699834,"aream2":174726.9029134,"lengthm":5287.84206682,"clipped_to_zone":true,"in_cw":false}},
{"type":"Feature","geometry":{"type":"MultiPolygon","coordinates":[[[[-0.088345,51.517045],[-0.088378,51.517045],[-0.088411,51.517046],[-0.088443,51.517049],[-0.088476,51.517053],[-0.088508,51.517058],[-0.088539,51.517064],[-0.088564,51.517071],[-0.088696,51.517106],[-0.088829,51.517142],[-0.08891,51.517164],[-0.088916,51.517165],[-0.088946,51.517174],[-0.088974,51.517184],[-0.089002,51.517196],[-0.089028,51.517208],[-0.089053,51.517222],[-0.089077,51.517236],[-0.089098,51.517251],[-0.089119,51.517268],[-0.089137,51.517285],[-0.089154,51.517303],[-0.089169,51.517321],[-0.089182,51.51734],[-0.089192,51.517359],[-0.089201,51.517379],[-0.089208,51.517399],[-0.089212,51.51742],[-0.089215,51.51744],[-0.089215,51.517461],[-0.089213,51.517481],[-0.089209,51.517502],[-0.089203,51.517522],[-0.089194,51.517542],[-0.089184,51.517562],[-0.089178,51.517571],[-0.089124,51.517655],[-0.089069,51.517738],[-0.089015,51.517821],[-0.088961,51.517904],[-0.088906,51.517988],[-0.088852,51.518071],[-0.088798,51.518154],[-0.088745,51.518235],[-0.08872,51.5183],[-0.088685,51.518387],[-0.088673,51.518418],[-0.088667,51.518433],[-0.088657,51.518451],[-0.088657,51.518452],[-0.088608,51.518535],[-0.088607,51.518537],[-0.088559,51.51862],[-0.088558,51.518621],[-0.08851,51.518704],[-0.088509,51.518706],[-0.088461,51.518789],[-0.08846,51.51879],[-0.088412,51.518873],[-0.088411,51.518875],[-0.088363,51.518958],[-0.088362,51.518959],[-0.088314,51.519042],[-0.088313,51.519044],[-0.088264,51.519127],[-0.088264,51.519128],[-0.088215,51.519211],[-0.088214,51.519213],[-0.088166,51.519296],[-0.088165,51.519297],[-0.088127,51.519364],[-0.088105,51.519429],[-0.088077,51.519517],[-0.088048,51.519606],[-0.088019,51.519694],[-0.087991,51.519782],[-0.087962,51.51987],[-0.087934,51.519958],[-0.08792,51.52],[-0.087895,51.520086],[-0.087869,51.520174],[-0.087843,51.520263],[-0.087817,51.520351],[-0.087791,51.520439],[-0.087765,51.520528],[-0.087754,51.520564],[-0.087737,51.520637],[-0.087716,51.520726],[-0.087696,51.520815],[-0.087675,51.520904],[-0.087654,51.520993],[-0.087634,51.521082],[-0.087613,51.521171],[-0.087592,51.52126],[-0.087571,51.521349],[-0.087551,51.521438],[-0.08753,51.521527],[-0.087514,51.521595],[-0.087513,51.521664],[-0.087511,51.521754],[-0.087509,51.521844],[-0.087508,51.521934],[-0.087507,51.522],[-0.086497,51.522],[-0.086499,51.521926],[-0.086501,51.521837],[-0.086503,51.521747],[-0.086504,51.521657],[-0.086506,51.521567],[-0.086506,51.521567],[-0.086506,51.521565],[-0.086506,51.521562],[-0.086508,51.521542],[-0.086508,51.521542],[-0.086511,51.521525],[-0.086532,51.521436],[-0.086553,51.521347],[-0.086573,51.521258],[-0.086594,51.52117],[-0.086615,51.521081],[-0.086635,51.520992],[-0.086656,51.520903],[-0.086677,51.520814],[-0.086698,51.520725],[-0.086718,51.520636],[-0.086739,51.520547],[-0.086757,51.520468],[-0.086758,51.520464],[-0.08676,51.520457],[-0.086773,51.520415],[-0.086799,51.520326],[-0.086825,51.520238],[-0.086851,51.520149],[-0.086877,51.520061],[-0.086902,51.519972],[-0.086928,51.519884],[-0.086929,51.519881],[-0.08693,51.519878],[-0.086945,51.519833],[-0.086974,51.519745],[-0.087002,51.519657],[-0.087031,51.519569],[-0.087059,51.519481],[-0.087088,51.519392],[-0.087117,51.519304],[-0.087145,51.519216],[-0.087148,51.519209],[-0.087156,51.519189],[-0.087166,51.519171],[-0.087166,51.51917],[-0.087169,51.519166],[-0.08717,51.519164],[-0.087218,51.519081],[-0.087219,51.51908],[-0.087267,51.518997],[-0.087268,51.518995],[-0.087316,51.518912],[-0.087317,51.518911],[-0.087365,51.518828],[-0.087366,51.518826],[-0.087415,51.518743],[-0.087415,51.518742],[-0.087464,51.518659],[-0.087465,51.518657],[-0.087513,51.518574],[-0.087514,51.518573],[-0.087562,51.51849],[-0.087563,51.518488],[-0.087611,51.518405],[-0.087612,51.518403],[-0.08766,51.518321],[-0.087661,51.518319],[-0.0877,51.518252],[-0.087706,51.518238],[-0.08774,51.51815],[-0.087774,51.518063],[-0.08778,51.518048],[-0.087791,51.518029],[-0.087797,51.518019],[-0.087809,51.518],[-0.087864,51.517917],[-0.087918,51.517834],[-0.087972,51.51775],[-0.088026,51.517667],[-0.088063,51.517612],[-0.088047,51.517604],[-0.088022,51.517591],[-0.087999,51.517576],[-0.087977,51.517561],[-0.087957,51.517545],[-0.087938,51.517528],[-0.087921,51.51751],[-0.087907,51.517491],[-0.087894,51.517472],[-0.087883,51.517453],[-0.087874,51.517433],[-0.087867,51.517413],[-0.087863,51.517393],[-0.087861,51.517372],[-0.08786,51.517351],[-0.087862,51.517331],[-0.087866,51.51731],[-0.087873,51.51729],[-0.087881,51.51727],[-0.087891,51.517251],[-0.087904,51.517232],[-0.087918,51.517213],[-0.087935,51.517195],[-0.087953,51.517178],[-0.087973,51.517162],[-0.087994,51.517146],[-0.088017,51.517131],[-0.088042,51.517118],[-0.088068,51.517105],[-0.088095,51.517094],[-0.088124,51.517083],[-0.088153,51.517074],[-0.088184,51.517066],[-0.088215,51.517059],[-0.088247,51.517054],[-0.088279,51.51705],[-0.088312,51.517047],[-0.088345,51.517045]]]]},"properties":{"layer":"dataset-55cdd950-fd18-421a-affd-130d659dc6fd:Noise_Action_Planning_Important_Areas_Round_3_England","r3_ia_id":"14930","source":"Road","assetowner":"Islington & City of London","round3type":"R1+R2 no change","r2_ia_id":"1140*","round2type":"R1+R2 extend (R1)","maxx":"-0.086520056485676983","minx":"-0.089240826930217579","maxy":"51.52508354020096","miny":"51.517043507731231","x":-0.0696467,"y":51.51576689,"aream2":64300.37497672,"lengthm":1955.83751895,"clipped_to_zone":true,"in_cw":false}},
{"type":"Feature","geometry":{"type":"Polygon","coordinates":[[[-0.008315,51.481907],[-0.008255,51.481825],[-0.008255,51.481825],[-0.008195,51.481744],[-0.008194,51.481744],[-0.008134,51.481662],[-0.008134,51.481662],[-0.008074,51.481581],[-0.008074,51.48158],[-0.008014,51.481499],[-0.008013,51.481499],[-0.007953,51.481418],[-0.007953,51.481418],[-0.007836,51.481259],[-0.007836,51.481259],[-0.007829,51.481248],[-0.007822,51.481237],[-0.007817,51.481225],[-0.007814,51.481214],[-0.007811,51.481202],[-0.00781,51.481191],[-0.00781,51.481179],[-0.007811,51.481167],[-0.007813,51.481155],[-0.007817,51.481144],[-0.007821,51.481132],[-0.007827,51.481121],[-0.007835,51.48111],[-0.007843,51.4811],[-0.007852,51.48109],[-0.007862,51.48108],[-0.007874,51.48107],[-0.007886,51.481061],[-0.007899,51.481053],[-0.007914,51.481045],[-0.007928,51.481038],[-0.007944,51.481031],[-0.00796,51.481026],[-0.007985,51.481017],[-0.008112,51.480974],[-0.008239,51.480931],[-0.008365,51.480889],[-0.008492,51.480846],[-0.008618,51.480803],[-0.008745,51.48076],[-0.008872,51.480717],[-0.008998,51.480674],[-0.009015,51.480669],[-0.009032,51.480665],[-0.00905,51.480661],[-0.009068,51.480658],[-0.009087,51.480655],[-0.009105,51.480654],[-0.009124,51.480653],[-0.009143,51.480653],[-0.009162,51.480654],[-0.009181,51.480655],[-0.009199,51.480657],[-0.009202,51.480658],[-0.009262,51.480667],[-0.009265,51.480667],[-0.009402,51.480687],[-0.009405,51.480688],[-0.009543,51.480708],[-0.009545,51.480708],[-0.009561,51.480711],[-0.009579,51.480715],[-0.009596,51.480719],[-0.009613,51.480724],[-0.009629,51.48073],[-0.009645,51.480737],[-0.00966,51.480744],[-0.009674,51.480751],[-0.009688,51.48076],[-0.0097,51.480769],[-0.009712,51.480778],[-0.00972,51.480785],[-0.009724,51.480789],[-0.009802,51.480864],[-0.009881,51.480939],[-0.009959,51.481015],[-0.010038,51.48109],[-0.010116,51.481166],[-0.010192,51.481239],[-0.010203,51.481239],[-0.010346,51.481243],[-0.01049,51.481247],[-0.010634,51.481251],[-0.010778,51.481255],[-0.010792,51.481255],[-0.010811,51.481257],[-0.010829,51.481259],[-0.010847,51.481262],[-0.010865,51.481266],[-0.010883,51.48127],[-0.0109,51.481275],[-0.010916,51.481281],[-0.010932,51.481288],[-0.010947,51.481295],[-0.010961,51.481302],[-0.010974,51.481311],[-0.010987,51.481319],[-0.010998,51.481329],[-0.011009,51.481338],[-0.011018,51.481349],[-0.011027,51.481359],[-0.011034,51.48137],[-0.01104,51.481381],[-0.011045,51.481392],[-0.011049,51.481404],[-0.011052,51.481416],[-0.011053,51.481427],[-0.011053,51.481439],[-0.011052,51.481451],[-0.01105,51.481463],[-0.011046,51.481474],[-0.011041,51.481486],[-0.011035,51.481497],[-0.011028,51.481508],[-0.01102,51.481518],[-0.011011,51.481528],[-0.011,51.481538],[-0.010989,51.481548],[-0.010977,51.481556],[-0.010963,51.481565],[-0.010949,51.481573],[-0.010934,51.48158],[-0.010919,51.481586],[-0.010902,51.481592],[-0.010886,51.481598],[-0.010868,51.481602],[-0.01085,51.481606],[-0.010832,51.481609],[-0.010814,51.481612],[-0.010795,51.481613],[-0.010776,51.481614],[-0.010757,51.481614],[-0.010753,51.481614],[-0.010609,51.48161],[-0.010465,51.481606],[-0.010336,51.481603],[-0.01034,51.481648],[-0.010348,51.481738],[-0.010348,51.481741],[-0.010348,51.481752],[-0.010347,51.481764],[-0.010345,51.481776],[-0.010341,51.481787],[-0.010336,51.481799],[-0.01033,51.48181],[-0.010323,51.481821],[-0.010315,51.481831],[-0.010306,51.481842],[-0.010295,51.481851],[-0.010284,51.481861],[-0.010272,51.48187],[-0.010258,51.481878],[-0.010244,51.481886],[-0.010229,51.481893],[-0.010214,51.4819],[-0.010197,51.481906],[-0.010195,51.481906],[-0.01007,51.481948],[-0.010068,51.481948],[-0.009943,51.48199],[-0.009941,51.481991],[-0.009816,51.482032],[-0.009813,51.482033],[-0.009689,51.482074],[-0.009686,51.482075],[-0.009561,51.482116],[-0.009559,51.482117],[-0.009434,51.482158],[-0.009432,51.482159],[-0.009307,51.4822],[-0.009304,51.482201],[-0.00918,51.482242],[-0.009177,51.482243],[-0.009052,51.482284],[-0.00905,51.482285],[-0.008955,51.482316],[-0.008953,51.482317],[-0.008939,51.482321],[-0.008921,51.482326],[-0.008903,51.48233],[-0.008885,51.482333],[-0.008867,51.482335],[-0.008848,51.482337],[-0.008829,51.482338],[-0.00881,51.482338],[-0.008792,51.482337],[-0.008773,51.482336],[-0.008754,51.482333],[-0.008736,51.48233],[-0.008718,51.482327],[-0.008701,51.482322],[-0.008684,51.482317],[-0.008668,51.482311],[-0.008652,51.482305],[-0.008637,51.482298],[-0.008623,51.48229],[-0.008609,51.482282],[-0.008597,51.482273],[-0.008585,51.482264],[-0.008575,51.482254],[-0.008565,51.482244],[-0.008557,51.482234],[-0.008557,51.482233],[-0.008496,51.482152],[-0.008496,51.482152],[-0.008436,51.48207],[-0.008436,51.48207],[-0.008376,51.481989],[-0.008376,51.481988],[-0.008315,51.481907],[-0.008315,51.481907]],[[-0.009763,51.481642],[-0.009757,51.481578],[-0.00975,51.481488],[-0.009748,51.481472],[-0.009712,51.481437],[-0.009633,51.481362],[-0.009555,51.481286],[-0.009476,51.481211],[-0.009398,51.481136],[-0.009319,51.48106],[-0.0093,51.481042],[-0.009275,51.481038],[-0.009272,51.481038],[-0.009176,51.481023],[-0.009146,51.481033],[-0.009019,51.481076],[-0.008893,51.481119],[-0.008766,51.481162],[-0.008639,51.481205],[-0.008513,51.481248],[-0.008472,51.481261],[-0.008476,51.481267],[-0.008476,51.481267],[-0.008536,51.481348],[-0.008537,51.481349],[-0.008597,51.48143],[-0.008597,51.48143],[-0.008657,51.481511],[-0.008657,51.481512],[-0.008717,51.481593],[-0.008718,51.481593],[-0.008778,51.481675],[-0.008778,51.481675],[-0.008838,51.481756],[-0.008838,51.481757],[-0.008899,51.481838],[-0.008899,51.481838],[-0.008952,51.48191],[-0.009033,51.481884],[-0.009035,51.481883],[-0.00916,51.481842],[-0.009162,51.481841],[-0.009287,51.4818],[-0.009289,51.481799],[-0.009414,51.481758],[-0.009417,51.481757],[-0.009541,51.481716],[-0.009544,51.481715],[-0.009669,51.481674],[-0.009671,51.481673],[-0.009763,51.481642]]]},"properties":{"layer":"dataset-55cdd950-fd18-421a-affd-130d659dc6fd:Noise_Action_Planning_Important_Areas_Round_3_England","r3_ia_id":"574","source":"Road","assetowner":"Greenwich","round3type":"R1+R2 no change","r2_ia_id":"574","round2type":"R1+R2 no change","maxx":"-0.007835586301605647","minx":"-0.011079163771159061","maxy":"51.482337482915632","miny":"51.480652502516158","x":-0.00929176,"y":51.48146291,"aream2":18943.67910525,"lengthm":930.24269431,"in_cw":false}},
{"type":"Feature","geometry":{"type":"Polygon","coordinates":[[[-0.009796,51.51758],[-0.009829,51.51758],[-0.009862,51.517581],[-0.009895,51.517584],[-0.009928,51.517588],[-0.009959,51.517593],[-0.009991,51.5176],[-0.010021,51.517607],[-0.010051,51.517616],[-0.01008,51.517627],[-0.010107,51.517638],[-0.010133,51.51765],[-0.010158,51.517664],[-0.010182,51.517678],[-0.010204,51.517694],[-0.010224,51.51771],[-0.010242,51.517727],[-0.010259,51.517745],[-0.010274,51.517763],[-0.010287,51.517782],[-0.010297,51.517802],[-0.010306,51.517821],[-0.010313,51.517842],[-0.010317,51.517862],[-0.010319,51.517875],[-0.010374,51.518426],[-0.010388,51.51844],[-0.010402,51.518458],[-0.010415,51.518477],[-0.010426,51.518497],[-0.010433,51.518513],[-0.010468,51.5186],[-0.010503,51.518687],[-0.010538,51.518775],[-0.010574,51.518862],[-0.010609,51.518949],[-0.010644,51.519036],[-0.010679,51.519123],[-0.010714,51.51921],[-0.010715,51.519214],[-0.010722,51.519234],[-0.010726,51.519255],[-0.010726,51.519255],[-0.010731,51.519282],[-0.010731,51.519282],[-0.010746,51.519371],[-0.010746,51.519371],[-0.010761,51.519461],[-0.010761,51.519461],[-0.010775,51.51955],[-0.010775,51.51955],[-0.01079,51.519639],[-0.01079,51.51964],[-0.010805,51.519729],[-0.010805,51.519729],[-0.01082,51.519818],[-0.01082,51.519818],[-0.010835,51.519908],[-0.010835,51.519908],[-0.01085,51.519997],[-0.01085,51.519997],[-0.010865,51.520086],[-0.010865,51.520087],[-0.010879,51.520176],[-0.010879,51.520176],[-0.010894,51.520265],[-0.010894,51.520265],[-0.010909,51.520355],[-0.010909,51.520355],[-0.010911,51.520368],[-0.010917,51.520425],[-0.010926,51.520515],[-0.010935,51.520605],[-0.010944,51.520695],[-0.010953,51.520784],[-0.010953,51.520792],[-0.010954,51.520813],[-0.010952,51.520833],[-0.010947,51.520854],[-0.010941,51.520874],[-0.010933,51.520894],[-0.010922,51.520913],[-0.01091,51.520932],[-0.010895,51.520951],[-0.010879,51.520969],[-0.010861,51.520986],[-0.010841,51.521002],[-0.010819,51.521018],[-0.010796,51.521032],[-0.010771,51.521046],[-0.010745,51.521059],[-0.010718,51.52107],[-0.01069,51.521081],[-0.01066,51.52109],[-0.01063,51.521098],[-0.010598,51.521105],[-0.010567,51.52111],[-0.010534,51.521114],[-0.010502,51.521117],[-0.010469,51.521118],[-0.010436,51.521118],[-0.010403,51.521117],[-0.01037,51.521115],[-0.010338,51.521111],[-0.010306,51.521106],[-0.010274,51.521099],[-0.010244,51.521091],[-0.010214,51.521082],[-0.010185,51.521072],[-0.010158,51.521061],[-0.010132,51.521048],[-0.010107,51.521035],[-0.010083,51.52102],[-0.010061,51.521005],[-0.010041,51.520989],[-0.010023,51.520972],[-0.010006,51.520954],[-0.009991,51.520935],[-0.009978,51.520916],[-0.009968,51.520897],[-0.009959,51.520877],[-0.009952,51.520857],[-0.009948,51.520837],[-0.009946,51.520824],[-0.009937,51.520734],[-0.009928,51.520644],[-0.009919,51.520555],[-0.00991,51.520465],[-0.009905,51.520413],[-0.009891,51.52033],[-0.009891,51.52033],[-0.009876,51.520241],[-0.009876,51.520241],[-0.009861,51.520152],[-0.009861,51.520151],[-0.009846,51.520062],[-0.009846,51.520062],[-0.009832,51.519973],[-0.009832,51.519973],[-0.009817,51.519883],[-0.009817,51.519883],[-0.009802,51.519794],[-0.009802,51.519794],[-0.009787,51.519705],[-0.009787,51.519704],[-0.009772,51.519615],[-0.009772,51.519615],[-0.009757,51.519526],[-0.009757,51.519526],[-0.009743,51.519436],[-0.009743,51.519436],[-0.009728,51.519347],[-0.009728,51.519347],[-0.009727,51.519342],[-0.009701,51.519277],[-0.009665,51.519189],[-0.00963,51.519102],[-0.009595,51.519015],[-0.00956,51.518928],[-0.009525,51.518841],[-0.009495,51.518767],[-0.009495,51.518766],[-0.009475,51.51875],[-0.009456,51.518733],[-0.00944,51.518715],[-0.009425,51.518697],[-0.009412,51.518678],[-0.009401,51.518659],[-0.009392,51.518639],[-0.009386,51.518618],[-0.009381,51.518598],[-0.00938,51.518585],[-0.009312,51.517914],[-0.009312,51.517907],[-0.009312,51.517886],[-0.009314,51.517866],[-0.009318,51.517845],[-0.009324,51.517825],[-0.009332,51.517805],[-0.009343,51.517785],[-0.009355,51.517766],[-0.00937,51.517748],[-0.009386,51.51773],[-0.009404,51.517713],[-0.009424,51.517696],[-0.009446,51.517681],[-0.009469,51.517666],[-0.009494,51.517653],[-0.00952,51.51764],[-0.009547,51.517628],[-0.009576,51.517618],[-0.009605,51.517609],[-0.009635,51.517601],[-0.009667,51.517594],[-0.009698,51.517589],[-0.009731,51.517584],[-0.009764,51.517582],[-0.009796,51.51758]]]},"properties":{"layer":"dataset-55cdd950-fd18-421a-affd-130d659dc6fd:Noise_Action_Planning_Important_Areas_Round_3_England","r3_ia_id":"14524","source":"Road","assetowner":"TfL","round3type":"R1+R2+R3 extend (R3)","r2_ia_id":"1110","round2type":"R1+R2 no change","maxx":"-0.0093390143166568584","minx":"-0.010980966633814872","maxy":"51.521116992213109","miny":"51.517578676327219","x":-0.01018677,"y":51.51934286,"aream2":26841.33768543,"lengthm":876.13730535,"in_cw":false}},
{"type":"Feature","geometry":{"type":"MultiPolygon","coordinates":[[[[-0.032762,51.520979],[-0.032781,51.520979],[-0.032799,51.52098],[-0.032818,51.520981],[-0.032837,51.520984],[-0.032855,51.520986],[-0.032873,51.52099],[-0.03289,51.520995],[-0.032907,51.521],[-0.032924,51.521006],[-0.032939,51.521012],[-0.032954,51.521019],[-0.032969,51.521027],[-0.032982,51.521035],[-0.032995,51.521044],[-0.033006,51.521053],[-0.033008,51.521055],[-0.03309,51.521127],[-0.033091,51.521128],[-0.033173,51.5212],[-0.033175,51.521201],[-0.033257,51.521273],[-0.033258,51.521274],[-0.03334,51.521346],[-0.033342,51.521348],[-0.033424,51.52142],[-0.033425,51.521421],[-0.033507,51.521493],[-0.033509,51.521494],[-0.033591,51.521566],[-0.033592,51.521567],[-0.033674,51.521639],[-0.033676,51.521641],[-0.033758,51.521713],[-0.033759,51.521714],[-0.03377,51.521723],[-0.033771,51.521724],[-0.03378,51.521733],[-0.03379,51.521743],[-0.033798,51.521753],[-0.033805,51.521764],[-0.033812,51.521775],[-0.033817,51.521787],[-0.033817,51.521789],[-0.033849,51.521876],[-0.033881,51.521964],[-0.033894,51.522],[-0.033303,51.522],[-0.033287,51.521956],[-0.033268,51.521903],[-0.033208,51.52185],[-0.033206,51.521849],[-0.033124,51.521777],[-0.033123,51.521776],[-0.033041,51.521704],[-0.033039,51.521703],[-0.032957,51.521631],[-0.032956,51.521629],[-0.032874,51.521557],[-0.032872,51.521556],[-0.03279,51.521484],[-0.032789,51.521483],[-0.032707,51.521411],[-0.032705,51.52141],[-0.032623,51.521338],[-0.032621,51.521336],[-0.032538,51.521263],[-0.032529,51.521255],[-0.032519,51.521245],[-0.032511,51.521234],[-0.032504,51.521223],[-0.032498,51.521212],[-0.032493,51.521201],[-0.032489,51.521189],[-0.032486,51.521178],[-0.032485,51.521166],[-0.032485,51.521154],[-0.032486,51.521142],[-0.032488,51.521131],[-0.032492,51.521119],[-0.032497,51.521108],[-0.032503,51.521096],[-0.03251,51.521086],[-0.032518,51.521075],[-0.032527,51.521065],[-0.032538,51.521055],[-0.032549,51.521046],[-0.032561,51.521037],[-0.032575,51.521028],[-0.032589,51.521021],[-0.032604,51.521013],[-0.032619,51.521007],[-0.032635,51.521001],[-0.032652,51.520996],[-0.03267,51.520991],[-0.032688,51.520987],[-0.032706,51.520984],[-0.032724,51.520982],[-0.032743,51.52098],[-0.032762,51.520979]]]]},"properties":{"layer":"dataset-55cdd950-fd18-421a-affd-130d659dc6fd:Noise_Action_Planning_Important_Areas_Round_3_England","r3_ia_id":"768","source":"Road","assetowner":"TfL","round3type":"R1 only","r2_ia_id":"768","round2type":"R1 only","maxx":"-0.032511867326031126","minx":"-0.034296831747050789","maxy":"51.523234232745828","miny":"51.520977798052243","x":-0.03353026,"y":51.52207092,"aream2":10510.61498708,"lengthm":588.33559533,"clipped_to_zone":true,"in_cw":false}},
{"type":"Feature","geometry":{"type":"Polygon","coordinates":[[[-0.086655,51.505829],[-0.086667,51.505814],[-0.086681,51.505799],[-0.086696,51.505784],[-0.086712,51.505771],[-0.08673,51.505758],[-0.086749,51.505746],[-0.08677,51.505734],[-0.086791,51.505724],[-0.086814,51.505714],[-0.086838,51.505706],[-0.086862,51.505698],[-0.086887,51.505692],[-0.086913,51.505686],[-0.086939,51.505681],[-0.086966,51.505678],[-0.086993,51.505676],[-0.08702,51.505674],[-0.087048,51.505674],[-0.087075,51.505675],[-0.087102,51.505677],[-0.08713,51.505681],[-0.087145,51.505683],[-0.088109,51.505842],[-0.088115,51.505843],[-0.088125,51.505844],[-0.088136,51.505845],[-0.088146,51.505845],[-0.088156,51.505845],[-0.088167,51.505845],[-0.088177,51.505844],[-0.088187,51.505843],[-0.088197,51.505841],[-0.088207,51.505839],[-0.088216,51.505836],[-0.088226,51.505834],[-0.088235,51.50583],[-0.088243,51.505827],[-0.088251,51.505823],[-0.088259,51.505818],[-0.088266,51.505814],[-0.088273,51.505809],[-0.088279,51.505804],[-0.08828,51.505803],[-0.088571,51.50554],[-0.088572,51.505539],[-0.088601,51.505513],[-0.088603,51.505512],[-0.088603,51.505512],[-0.088684,51.50544],[-0.088686,51.505438],[-0.088686,51.505438],[-0.088756,51.505375],[-0.088761,51.50537],[-0.088766,51.505364],[-0.088771,51.505359],[-0.088775,51.505353],[-0.088778,51.505347],[-0.088781,51.50534],[-0.088783,51.505334],[-0.088784,51.505327],[-0.088784,51.505321],[-0.088784,51.505315],[-0.088784,51.505308],[-0.088782,51.505302],[-0.08878,51.505295],[-0.088777,51.505289],[-0.088774,51.505283],[-0.08877,51.505277],[-0.088765,51.505271],[-0.08876,51.505266],[-0.088754,51.50526],[-0.088748,51.505255],[-0.088741,51.50525],[-0.088734,51.505246],[-0.088726,51.505242],[-0.088718,51.505238],[-0.088713,51.505236],[-0.087282,51.504652],[-0.087269,51.504647],[-0.087246,51.504636],[-0.087226,51.504625],[-0.087206,51.504613],[-0.087188,51.5046],[-0.087171,51.504587],[-0.087156,51.504573],[-0.087142,51.504558],[-0.08713,51.504543],[-0.087119,51.504527],[-0.08711,51.504511],[-0.087103,51.504494],[-0.087098,51.504478],[-0.087094,51.504461],[-0.087092,51.504444],[-0.087092,51.504427],[-0.087093,51.50441],[-0.087097,51.504393],[-0.087102,51.504376],[-0.087109,51.50436],[-0.087117,51.504343],[-0.087128,51.504328],[-0.08714,51.504312],[-0.087153,51.504297],[-0.087168,51.504283],[-0.087185,51.50427],[-0.087203,51.504257],[-0.087222,51.504245],[-0.087242,51.504233],[-0.087264,51.504223],[-0.087286,51.504213],[-0.08731,51.504205],[-0.087334,51.504197],[-0.08736,51.50419],[-0.087385,51.504185],[-0.087412,51.50418],[-0.087439,51.504177],[-0.087466,51.504174],[-0.087493,51.504173],[-0.08752,51.504173],[-0.087548,51.504174],[-0.087575,51.504176],[-0.087601,51.504179],[-0.087628,51.504184],[-0.087654,51.504189],[-0.087679,51.504195],[-0.087704,51.504203],[-0.087729,51.504212],[-0.087739,51.504216],[-0.089235,51.504826],[-0.089239,51.504827],[-0.089248,51.504831],[-0.089257,51.504833],[-0.089267,51.504836],[-0.089277,51.504838],[-0.089287,51.504839],[-0.089297,51.504841],[-0.089307,51.504841],[-0.089317,51.504842],[-0.089328,51.504842],[-0.089338,51.504841],[-0.089348,51.50484],[-0.089359,51.504839],[-0.089369,51.504837],[-0.089378,51.504835],[-0.089388,51.504833],[-0.089397,51.50483],[-0.089406,51.504827],[-0.089415,51.504823],[-0.089423,51.504819],[-0.089431,51.504815],[-0.089438,51.50481],[-0.089441,51.504808],[-0.090599,51.503978],[-0.090603,51.503976],[-0.090609,51.503971],[-0.090615,51.503965],[-0.090619,51.503961],[-0.090901,51.503642],[-0.090902,51.503639],[-0.090911,51.503622],[-0.090922,51.503606],[-0.090934,51.50359],[-0.090938,51.503585],[-0.091008,51.503506],[-0.091078,51.503427],[-0.091147,51.503349],[-0.091212,51.503275],[-0.091299,51.503166],[-0.091304,51.503159],[-0.091305,51.503158],[-0.091358,51.503097],[-0.091381,51.503063],[-0.091383,51.503061],[-0.091439,51.50298],[-0.09144,51.502978],[-0.091453,51.502962],[-0.091467,51.502947],[-0.091482,51.502932],[-0.091488,51.502928],[-0.091518,51.502879],[-0.091571,51.502796],[-0.091573,51.502793],[-0.091565,51.502733],[-0.091564,51.502722],[-0.091563,51.502704],[-0.091565,51.502686],[-0.091569,51.502669],[-0.091574,51.502652],[-0.091581,51.502634],[-0.09159,51.502618],[-0.091601,51.502601],[-0.091613,51.502585],[-0.091627,51.50257],[-0.091642,51.502555],[-0.09166,51.502541],[-0.091678,51.502528],[-0.091698,51.502515],[-0.091719,51.502504],[-0.091741,51.502493],[-0.091765,51.502483],[-0.091789,51.502474],[-0.091814,51.502466],[-0.09184,51.502459],[-0.091867,51.502453],[-0.091894,51.502449],[-0.091922,51.502445],[-0.09195,51.502443],[-0.091978,51.502442],[-0.092007,51.502441],[-0.092035,51.502442],[-0.092063,51.502445],[-0.092091,51.502448],[-0.092118,51.502452],[-0.092145,51.502458],[-0.092171,51.502465],[-0.092197,51.502472],[-0.092221,51.502481],[-0.092245,51.502491],[-0.092267,51.502501],[-0.092289,51.502513],[-0.092309,51.502525],[-0.092328,51.502539],[-0.092345,51.502552],[-0.092361,51.502567],[-0.092375,51.502582],[-0.092388,51.502598],[-0.092399,51.502614],[-0.092408,51.502631],[-0.092416,51.502648],[-0.092421,51.502665],[-0.092425,51.502683],[-0.092426,51.502689],[-0.092444,51.502826],[-0.092445,51.502837],[-0.092445,51.502855],[-0.092444,51.502873],[-0.09244,51.50289],[-0.092435,51.502908],[-0.092428,51.502925],[-0.092419,51.502941],[-0.092408,51.502958],[-0.092396,51.502974],[-0.092382,51.502989],[-0.092372,51.502998],[-0.092322,51.503077],[-0.092284,51.503138],[-0.092276,51.503149],[-0.092264,51.503165],[-0.09225,51.50318],[-0.092235,51.503195],[-0.092228,51.5032],[-0.092174,51.503278],[-0.092172,51.50328],[-0.092143,51.503322],[-0.092142,51.503324],[-0.09213,51.50334],[-0.092128,51.503341],[-0.092071,51.503408],[-0.091983,51.50352],[-0.091978,51.503526],[-0.091974,51.503531],[-0.091904,51.503609],[-0.091834,51.503688],[-0.091765,51.503767],[-0.091695,51.503846],[-0.091685,51.503856],[-0.09167,51.503871],[-0.091653,51.503885],[-0.091634,51.503898],[-0.091622,51.503906],[-0.091321,51.504246],[-0.091311,51.504257],[-0.091296,51.504271],[-0.091278,51.504285],[-0.091269,51.504293],[-0.090964,51.504511],[-0.090987,51.50451],[-0.090994,51.50451],[-0.091022,51.50451],[-0.091051,51.504511],[-0.091053,51.504511],[-0.091146,51.504508],[-0.09129,51.504503],[-0.091297,51.504503],[-0.091325,51.504503],[-0.091353,51.504504],[-0.091381,51.504506],[-0.091409,51.504509],[-0.091436,51.504514],[-0.091463,51.504519],[-0.091489,51.504526],[-0.091515,51.504534],[-0.09154,51.504542],[-0.091563,51.504552],[-0.091586,51.504563],[-0.091607,51.504574],[-0.091627,51.504587],[-0.091646,51.5046],[-0.091663,51.504614],[-0.091679,51.504628],[-0.091694,51.504644],[-0.091706,51.504659],[-0.091717,51.504676],[-0.091726,51.504692],[-0.091734,51.504709],[-0.09174,51.504727],[-0.091744,51.504744],[-0.091746,51.504762],[-0.091746,51.504779],[-0.091744,51.504797],[-0.091741,51.504814],[-0.091735,51.504832],[-0.091728,51.504849],[-0.091719,51.504866],[-0.091709,51.504882],[-0.091696,51.504898],[-0.091682,51.504913],[-0.091667,51.504928],[-0.09165,51.504942],[-0.091631,51.504955],[-0.091611,51.504968],[-0.09159,51.50498],[-0.091568,51.50499],[-0.091544,51.505],[-0.09152,51.505009],[-0.091495,51.505017],[-0.091469,51.505024],[-0.091442,51.50503],[-0.091415,51.505035],[-0.091387,51.505038],[-0.091359,51.505041],[-0.091338,51.505042],[-0.091194,51.505047],[-0.09105,51.505052],[-0.091043,51.505052],[-0.091015,51.505052],[-0.090987,51.505051],[-0.090984,51.505051],[-0.090891,51.505054],[-0.090747,51.505059],[-0.090631,51.505063],[-0.09054,51.505079],[-0.090402,51.505105],[-0.090272,51.505129],[-0.090251,51.505132],[-0.090224,51.505135],[-0.090196,51.505138],[-0.090167,51.505139],[-0.090139,51.505139],[-0.090111,51.505138],[-0.09009,51.505137],[-0.090073,51.505149],[-0.090069,51.505152],[-0.089823,51.50534],[-0.089823,51.505341],[-0.089817,51.505345],[-0.089775,51.505376],[-0.089773,51.505377],[-0.089767,51.505383],[-0.089766,51.505383],[-0.089699,51.505443],[-0.089697,51.505445],[-0.089697,51.505445],[-0.089616,51.505517],[-0.089615,51.505518],[-0.089614,51.505519],[-0.089534,51.505591],[-0.089532,51.505592],[-0.089532,51.505592],[-0.089451,51.505664],[-0.08945,51.505666],[-0.08945,51.505666],[-0.089369,51.505738],[-0.089367,51.50574],[-0.089367,51.50574],[-0.089286,51.505812],[-0.089285,51.505813],[-0.089285,51.505813],[-0.089259,51.505836],[-0.089259,51.505836],[-0.089257,51.505838],[-0.089257,51.505838],[-0.089189,51.5059],[-0.08878,51.506269],[-0.088778,51.506271],[-0.08876,51.506285],[-0.088742,51.506298],[-0.088723,51.50631],[-0.088716,51.506314],[-0.088712,51.506316],[-0.088705,51.506321],[-0.088698,51.506326],[-0.088692,51.506331],[-0.088686,51.506337],[-0.088681,51.506342],[-0.088676,51.506348],[-0.088672,51.506354],[-0.088669,51.50636],[-0.088667,51.506366],[-0.088665,51.506373],[-0.088663,51.506379],[-0.088663,51.506386],[-0.088663,51.506392],[-0.088664,51.506399],[-0.088664,51.506402],[-0.088665,51.506406],[-0.088667,51.506423],[-0.088667,51.50644],[-0.088666,51.506457],[-0.088662,51.506474],[-0.088657,51.506491],[-0.088657,51.506491],[-0.088657,51.506491],[-0.088643,51.506531],[-0.088642,51.506532],[-0.088642,51.506533],[-0.088612,51.506619],[-0.088611,51.50662],[-0.088611,51.50662],[-0.088581,51.506706],[-0.088573,51.506724],[-0.088564,51.50674],[-0.088554,51.506756],[-0.088542,51.506771],[-0.088529,51.506786],[-0.088514,51.506801],[-0.088497,51.506814],[-0.088479,51.506827],[-0.08846,51.506839],[-0.08844,51.506851],[-0.088418,51.506861],[-0.088396,51.506871],[-0.088372,51.506879],[-0.088348,51.506887],[-0.088322,51.506893],[-0.088296,51.506899],[-0.08827,51.506904],[-0.088243,51.506907],[-0.088216,51.506909],[-0.088189,51.506911],[-0.088162,51.506911],[-0.088134,51.50691],[-0.088107,51.506908],[-0.08808,51.506904],[-0.088054,51.5069],[-0.088028,51.506895],[-0.088003,51.506888],[-0.087978,51.506881],[-0.087954,51.506872],[-0.087932,51.506863],[-0.08791,51.506853],[-0.087889,51.506842],[-0.08787,51.50683],[-0.087852,51.506817],[-0.087835,51.506803],[-0.087819,51.506789],[-0.087806,51.506775],[-0.087793,51.506759],[-0.087783,51.506744],[-0.087774,51.506727],[-0.087766,51.506711],[-0.087761,51.506694],[-0.087757,51.506677],[-0.087755,51.50666],[-0.087755,51.506643],[-0.087757,51.506626],[-0.08776,51.506609],[-0.087765,51.506592],[-0.087796,51.506506],[-0.087796,51.506505],[-0.087796,51.506504],[-0.087807,51.506473],[-0.087809,51.506468],[-0.087811,51.506461],[-0.087811,51.506455],[-0.087811,51.506448],[-0.08781,51.506442],[-0.087809,51.506435],[-0.087807,51.506429],[-0.087804,51.506423],[-0.087803,51.506421],[-0.087778,51.506373],[-0.087775,51.506369],[-0.087771,51.506363],[-0.087767,51.506357],[-0.087761,51.506351],[-0.087755,51.506346],[-0.087749,51.506341],[-0.087742,51.506336],[-0.087735,51.506332],[-0.087727,51.506327],[-0.087719,51.506323],[-0.08771,51.50632],[-0.087701,51.506317],[-0.087692,51.506314],[-0.087682,51.506311],[-0.087672,51.506309],[-0.087668,51.506309],[-0.086931,51.506187],[-0.08692,51.506185],[-0.086892,51.506179],[-0.086867,51.506173],[-0.086842,51.506166],[-0.086819,51.506157],[-0.086796,51.506148],[-0.086774,51.506137],[-0.086753,51.506126],[-0.086734,51.506114],[-0.086716,51.506102],[-0.086699,51.506088],[-0.086684,51.506074],[-0.08667,51.506059],[-0.086658,51.506044],[-0.086647,51.506028],[-0.086638,51.506012],[-0.086631,51.505996],[-0.086625,51.505979],[-0.086621,51.505962],[-0.086619,51.505945],[-0.086619,51.505928],[-0.086621,51.505911],[-0.086624,51.505894],[-0.086629,51.505877],[-0.086636,51.505861],[-0.086645,51.505845],[-0.086655,51.505829]]]},"properties":{"layer":"dataset-55cdd950-fd18-421a-affd-130d659dc6fd:Noise_Action_Planning_Important_Areas_Round_3_England","r3_ia_id":"14773","source":"Road","assetowner":"TfL","round3type":"R1+R2+R3 extend (R3)","r2_ia_id":"13763","round2type":"R1+R2 extend (R2)","maxx":"-0.086645069947363262","minx":"-0.092470937789202304","maxy":"51.506909246515377","miny":"51.502440073980267","x":-0.08962219,"y":51.50482462,"aream2":52196.05169747,"lengthm":1794.52805518,"in_cw":false}},
{"type":"Feature","geometry":{"type":"Polygon","coordinates":[[[-0.00843,51.511845],[-0.008372,51.511806],[-0.008251,51.511814],[-0.00825,51.511814],[-0.008108,51.511824],[-0.008107,51.511824],[-0.007965,51.511833],[-0.007964,51.511833],[-0.007822,51.511843],[-0.007822,51.511843],[-0.007821,51.511843],[-0.007821,51.511843],[-0.007819,51.511843],[-0.007796,51.511844],[-0.007794,51.511844],[-0.007793,51.511844],[-0.007769,51.511844],[-0.007768,51.511844],[-0.007766,51.511844],[-0.007743,51.511843],[-0.007742,51.511843],[-0.00774,51.511843],[-0.007717,51.511841],[-0.007715,51.511841],[-0.007714,51.511841],[-0.007691,51.511838],[-0.007689,51.511838],[-0.007688,51.511838],[-0.007665,51.511834],[-0.007664,51.511834],[-0.007663,51.511834],[-0.00764,51.511829],[-0.007639,51.511829],[-0.007637,51.511828],[-0.007616,51.511823],[-0.007614,51.511822],[-0.007613,51.511822],[-0.007592,51.511816],[-0.007591,51.511815],[-0.007589,51.511815],[-0.007569,51.511807],[-0.007568,51.511807],[-0.007567,51.511807],[-0.007547,51.511798],[-0.007546,51.511798],[-0.007545,51.511797],[-0.007526,51.511789],[-0.007525,51.511788],[-0.007524,51.511787],[-0.007506,51.511778],[-0.007505,51.511777],[-0.007504,51.511777],[-0.007487,51.511766],[-0.007486,51.511766],[-0.007485,51.511765],[-0.007469,51.511754],[-0.007468,51.511753],[-0.007468,51.511753],[-0.007453,51.511741],[-0.007452,51.51174],[-0.007451,51.51174],[-0.007438,51.511727],[-0.007437,51.511727],[-0.007437,51.511726],[-0.007425,51.511713],[-0.007424,51.511712],[-0.007423,51.511712],[-0.007413,51.511698],[-0.007412,51.511698],[-0.007412,51.511697],[-0.007403,51.511683],[-0.007402,51.511682],[-0.007402,51.511682],[-0.007394,51.511668],[-0.007393,51.511667],[-0.007393,51.511667],[-0.007391,51.511662],[-0.007391,51.511661],[-0.007154,51.511143],[-0.007154,51.511142],[-0.00715,51.511133],[-0.00715,51.511132],[-0.00715,51.511131],[-0.007145,51.511117],[-0.007145,51.511116],[-0.007145,51.511115],[-0.007141,51.511101],[-0.007141,51.5111],[-0.007141,51.511099],[-0.007139,51.511084],[-0.007139,51.511083],[-0.007139,51.511082],[-0.007139,51.511068],[-0.007139,51.511067],[-0.007139,51.511067],[-0.007139,51.511066],[-0.007141,51.511051],[-0.007141,51.51105],[-0.007141,51.51105],[-0.007144,51.511035],[-0.007144,51.511034],[-0.007144,51.511033],[-0.007149,51.511019],[-0.007149,51.511018],[-0.007149,51.511017],[-0.007155,51.511003],[-0.007156,51.511002],[-0.007156,51.511001],[-0.007164,51.510987],[-0.007164,51.510986],[-0.007165,51.510986],[-0.007173,51.510972],[-0.007174,51.510971],[-0.007175,51.51097],[-0.007185,51.510957],[-0.007186,51.510956],[-0.007186,51.510955],[-0.007198,51.510943],[-0.007199,51.510942],[-0.007199,51.510941],[-0.007212,51.510929],[-0.007213,51.510928],[-0.007214,51.510928],[-0.007228,51.510916],[-0.007229,51.510915],[-0.00723,51.510914],[-0.007245,51.510903],[-0.007246,51.510903],[-0.007247,51.510902],[-0.007264,51.510892],[-0.007265,51.510891],[-0.007266,51.51089],[-0.007284,51.510881],[-0.007285,51.51088],[-0.007286,51.510879],[-0.007304,51.51087],[-0.007306,51.51087],[-0.007307,51.510869],[-0.007326,51.510861],[-0.007327,51.510861],[-0.007329,51.51086],[-0.007349,51.510853],[-0.00735,51.510852],[-0.007351,51.510852],[-0.007373,51.510845],[-0.007374,51.510845],[-0.007375,51.510845],[-0.007397,51.510839],[-0.007398,51.510839],[-0.0074,51.510838],[-0.007422,51.510834],[-0.007423,51.510833],[-0.007424,51.510833],[-0.007447,51.510829],[-0.007449,51.510829],[-0.00745,51.510829],[-0.007473,51.510826],[-0.007474,51.510826],[-0.007476,51.510825],[-0.007499,51.510823],[-0.007501,51.510823],[-0.007502,51.510823],[-0.007526,51.510822],[-0.007527,51.510822],[-0.007528,51.510822],[-0.007552,51.510822],[-0.007553,51.510822],[-0.007555,51.510822],[-0.007578,51.510823],[-0.00758,51.510823],[-0.007581,51.510823],[-0.007604,51.510825],[-0.007606,51.510825],[-0.007607,51.510825],[-0.00763,51.510828],[-0.007632,51.510828],[-0.007633,51.510828],[-0.007656,51.510832],[-0.007657,51.510832],[-0.007659,51.510833],[-0.007681,51.510837],[-0.007682,51.510838],[-0.007684,51.510838],[-0.007706,51.510844],[-0.007707,51.510844],[-0.007708,51.510844],[-0.007729,51.510851],[-0.007731,51.510851],[-0.007732,51.510851],[-0.007752,51.510859],[-0.007753,51.510859],[-0.007755,51.51086],[-0.007774,51.510868],[-0.007775,51.510868],[-0.007777,51.510869],[-0.007795,51.510878],[-0.007797,51.510878],[-0.007798,51.510879],[-0.007815,51.510888],[-0.007816,51.510889],[-0.007817,51.51089],[-0.007834,51.5109],[-0.007835,51.510901],[-0.007836,51.510901],[-0.007852,51.510912],[-0.007853,51.510913],[-0.007854,51.510914],[-0.007868,51.510925],[-0.007869,51.510926],[-0.00787,51.510927],[-0.007883,51.510939],[-0.007884,51.51094],[-0.007884,51.51094],[-0.007896,51.510953],[-0.007897,51.510954],[-0.007898,51.510955],[-0.007908,51.510968],[-0.007909,51.510969],[-0.007909,51.510969],[-0.007919,51.510983],[-0.007919,51.510984],[-0.00792,51.510985],[-0.007927,51.510998],[-0.007928,51.510999],[-0.007928,51.511],[-0.00793,51.511005],[-0.00793,51.511005],[-0.008002,51.511161],[-0.008013,51.51116],[-0.008015,51.511159],[-0.008016,51.511159],[-0.00804,51.511157],[-0.008041,51.511157],[-0.008042,51.511157],[-0.008053,51.511157],[-0.008053,51.511157],[-0.008993,51.511114],[-0.009014,51.511112],[-0.009015,51.511112],[-0.009016,51.511112],[-0.009027,51.511111],[-0.009028,51.511111],[-0.010472,51.511046],[-0.010473,51.511046],[-0.010485,51.511045],[-0.010486,51.511045],[-0.010487,51.511045],[-0.010511,51.511045],[-0.010511,51.511045],[-0.010512,51.511045],[-0.010514,51.511045],[-0.010537,51.511046],[-0.010538,51.511046],[-0.01054,51.511046],[-0.010563,51.511048],[-0.010565,51.511048],[-0.010566,51.511049],[-0.010589,51.511051],[-0.010591,51.511052],[-0.010592,51.511052],[-0.010615,51.511055],[-0.010616,51.511056],[-0.010617,51.511056],[-0.01064,51.511061],[-0.010641,51.511061],[-0.010642,51.511061],[-0.010664,51.511067],[-0.010666,51.511067],[-0.010667,51.511068],[-0.010688,51.511074],[-0.010689,51.511074],[-0.010691,51.511075],[-0.010711,51.511082],[-0.010712,51.511083],[-0.010713,51.511083],[-0.010733,51.511091],[-0.010734,51.511092],[-0.010735,51.511092],[-0.010754,51.511101],[-0.010755,51.511102],[-0.010756,51.511102],[-0.010774,51.511112],[-0.010775,51.511112],[-0.010776,51.511113],[-0.010793,51.511123],[-0.010794,51.511124],[-0.010795,51.511125],[-0.010811,51.511136],[-0.010812,51.511136],[-0.010812,51.511137],[-0.010827,51.511149],[-0.010828,51.511149],[-0.010829,51.51115],[-0.010842,51.511162],[-0.010843,51.511163],[-0.010843,51.511164],[-0.010855,51.511176],[-0.010856,51.511177],[-0.010857,51.511178],[-0.010867,51.511191],[-0.010868,51.511192],[-0.010868,51.511193],[-0.010877,51.511206],[-0.010878,51.511207],[-0.010878,51.511208],[-0.010886,51.511222],[-0.010887,51.511223],[-0.010887,51.511223],[-0.010893,51.511238],[-0.010893,51.511238],[-0.010894,51.511239],[-0.010899,51.511254],[-0.010899,51.511255],[-0.010899,51.511255],[-0.010902,51.51127],[-0.010902,51.511271],[-0.010902,51.511272],[-0.010904,51.511286],[-0.010904,51.511287],[-0.010904,51.511288],[-0.010904,51.511303],[-0.010904,51.511304],[-0.010904,51.511305],[-0.010903,51.511319],[-0.010903,51.51132],[-0.010903,51.511321],[-0.0109,51.511336],[-0.0109,51.511337],[-0.010899,51.511337],[-0.010895,51.511352],[-0.010895,51.511353],[-0.010894,51.511354],[-0.010888,51.511368],[-0.010888,51.511369],[-0.010887,51.51137],[-0.01088,51.511384],[-0.010879,51.511384],[-0.010879,51.511385],[-0.01087,51.511399],[-0.01087,51.5114],[-0.010869,51.5114],[-0.010859,51.511414],[-0.010858,51.511414],[-0.010857,51.511415],[-0.010846,51.511428],[-0.010845,51.511429],[-0.010844,51.511429],[-0.010831,51.511442],[-0.01083,51.511442],[-0.01083,51.511443],[-0.010815,51.511455],[-0.010814,51.511456],[-0.010813,51.511456],[-0.010798,51.511467],[-0.010797,51.511468],[-0.010796,51.511469],[-0.01078,51.511479],[-0.010779,51.51148],[-0.010777,51.51148],[-0.01076,51.51149],[-0.010759,51.511491],[-0.010758,51.511491],[-0.010739,51.5115],[-0.010738,51.511501],[-0.010737,51.511501],[-0.010717,51.51151],[-0.010716,51.51151],[-0.010715,51.51151],[-0.010695,51.511518],[-0.010693,51.511518],[-0.010692,51.511519],[-0.010671,51.511525],[-0.01067,51.511526],[-0.010668,51.511526],[-0.010647,51.511532],[-0.010645,51.511532],[-0.010644,51.511532],[-0.010622,51.511537],[-0.01062,51.511537],[-0.010619,51.511538],[-0.010596,51.511542],[-0.010595,51.511542],[-0.010594,51.511542],[-0.01057,51.511545],[-0.010569,51.511545],[-0.010568,51.511545],[-0.010544,51.511547],[-0.010543,51.511547],[-0.010542,51.511547],[-0.010531,51.511548],[-0.01053,51.511548],[-0.009179,51.511609],[-0.009414,51.511767],[-0.009414,51.511768],[-0.009427,51.511777],[-0.009428,51.511777],[-0.009429,51.511778],[-0.009443,51.51179],[-0.009444,51.51179],[-0.009445,51.511791],[-0.009445,51.511792],[-0.009558,51.511867],[-0.009558,51.511868],[-0.009571,51.511877],[-0.009572,51.511877],[-0.009573,51.511878],[-0.009587,51.51189],[-0.009588,51.51189],[-0.009589,51.511891],[-0.009602,51.511903],[-0.009603,51.511904],[-0.009604,51.511905],[-0.009615,51.511918],[-0.009616,51.511918],[-0.009617,51.511919],[-0.009627,51.511932],[-0.009628,51.511933],[-0.009629,51.511934],[-0.009638,51.511947],[-0.009638,51.511948],[-0.009639,51.511949],[-0.009646,51.511963],[-0.009647,51.511964],[-0.009647,51.511965],[-0.009653,51.511979],[-0.009654,51.51198],[-0.009654,51.511981],[-0.009659,51.511995],[-0.009659,51.511996],[-0.009659,51.511997],[-0.009663,51.512011],[-0.009663,51.512012],[-0.009663,51.512013],[-0.009664,51.512028],[-0.009665,51.512029],[-0.009665,51.512029],[-0.009665,51.512044],[-0.009665,51.512044],[-0.009665,51.512045],[-0.009665,51.512046],[-0.009663,51.512061],[-0.009663,51.512061],[-0.009663,51.512062],[-0.00966,51.512077],[-0.00966,51.512078],[-0.00966,51.512079],[-0.009655,51.512093],[-0.009655,51.512094],[-0.009654,51.512095],[-0.009648,51.512109],[-0.009648,51.51211],[-0.009648,51.512111],[-0.00964,51.512125],[-0.00964,51.512126],[-0.009639,51.512126],[-0.00963,51.51214],[-0.00963,51.512141],[-0.009629,51.512142],[-0.009619,51.512155],[-0.009618,51.512156],[-0.009618,51.512156],[-0.009606,51.512169],[-0.009605,51.51217],[-0.009604,51.512171],[-0.009591,51.512183],[-0.009591,51.512184],[-0.00959,51.512184],[-0.009576,51.512196],[-0.009575,51.512197],[-0.009574,51.512197],[-0.009558,51.512209],[-0.009557,51.512209],[-0.009556,51.51221],[-0.00954,51.51222],[-0.009539,51.512221],[-0.009538,51.512222],[-0.00952,51.512231],[-0.009519,51.512232],[-0.009518,51.512232],[-0.009499,51.512241],[-0.009498,51.512242],[-0.009497,51.512242],[-0.009478,51.512251],[-0.009476,51.512251],[-0.009475,51.512252],[-0.009455,51.512259],[-0.009454,51.512259],[-0.009452,51.51226],[-0.009431,51.512266],[-0.00943,51.512267],[-0.009429,51.512267],[-0.009407,51.512273],[-0.009406,51.512273],[-0.009404,51.512274],[-0.009382,51.512278],[-0.009381,51.512279],[-0.009379,51.512279],[-0.009357,51.512283],[-0.009355,51.512283],[-0.009354,51.512283],[-0.009331,51.512286],[-0.009329,51.512286],[-0.009328,51.512286],[-0.009305,51.512288],[-0.009303,51.512289],[-0.009302,51.512289],[-0.009278,51.51229],[-0.009277,51.51229],[-0.009275,51.51229],[-0.009252,51.51229],[-0.00925,51.51229],[-0.009249,51.51229],[-0.009226,51.512289],[-0.009224,51.512289],[-0.009223,51.512289],[-0.009199,51.512287],[-0.009198,51.512287],[-0.009197,51.512287],[-0.009173,51.512284],[-0.009172,51.512284],[-0.009171,51.512283],[-0.009148,51.51228],[-0.009146,51.512279],[-0.009145,51.512279],[-0.009123,51.512275],[-0.009121,51.512274],[-0.00912,51.512274],[-0.009098,51.512268],[-0.009097,51.512268],[-0.009096,51.512268],[-0.009075,51.512261],[-0.009073,51.512261],[-0.009072,51.51226],[-0.009052,51.512253],[-0.00905,51.512253],[-0.009049,51.512252],[-0.009029,51.512244],[-0.009028,51.512244],[-0.009027,51.512243],[-0.009008,51.512234],[-0.009007,51.512234],[-0.009006,51.512233],[-0.008988,51.512223],[-0.008987,51.512223],[-0.008986,51.512222],[-0.00897,51.512212],[-0.008969,51.512211],[-0.008968,51.512211],[-0.008966,51.512209],[-0.008965,51.512209],[-0.00877,51.512077],[-0.008769,51.512077],[-0.008756,51.512068],[-0.008755,51.512067],[-0.008754,51.512066],[-0.00874,51.512055],[-0.008739,51.512054],[-0.008738,51.512053],[-0.008738,51.512053],[-0.00843,51.511845]]]},"properties":{"layer":"dataset-55cdd950-fd18-421a-affd-130d659dc6fd:Noise_Action_Planning_Important_Areas_Round_3_England","r3_ia_id":"1113","source":"Road","assetowner":"TfL","round3type":"R1+R2+R3 no change","r2_ia_id":"1113","round2type":"R1+R2 no change","maxx":"-0.007166277228750898","minx":"-0.010931562679078268","maxy":"51.512288604687818","miny":"51.510820968124882","x":-0.00888976,"y":51.51146941,"aream2":21264.0431055,"lengthm":785.32337807,"in_cw":false}},
{"type":"Feature","geometry":{"type":"MultiPolygon","coordinates":[[[[-0.071616,51.515695],[-0.071603,51.51568],[-0.07151,51.515713],[-0.071384,51.515757],[-0.071259,51.515801],[-0.071251,51.515804],[-0.071222,51.515813],[-0.071191,51.515821],[-0.07116,51.515828],[-0.071128,51.515833],[-0.071096,51.515837],[-0.071063,51.51584],[-0.07103,51.515842],[-0.070997,51.515842],[-0.070964,51.515841],[-0.070932,51.515838],[-0.070915,51.515836],[-0.070901,51.515835],[-0.070871,51.515851],[-0.070865,51.515854],[-0.07086,51.515857],[-0.070859,51.515858],[-0.070749,51.515916],[-0.070639,51.515974],[-0.07053,51.516033],[-0.07042,51.516091],[-0.070311,51.51615],[-0.070201,51.516208],[-0.070091,51.516266],[-0.069982,51.516325],[-0.069974,51.516329],[-0.069969,51.516331],[-0.069955,51.516338],[-0.069794,51.516416],[-0.069787,51.516419],[-0.069785,51.51642],[-0.06967,51.516474],[-0.069554,51.516527],[-0.069438,51.516581],[-0.069323,51.516635],[-0.069207,51.516688],[-0.069091,51.516742],[-0.068976,51.516796],[-0.06886,51.516849],[-0.068744,51.516903],[-0.068629,51.516956],[-0.068624,51.516959],[-0.068619,51.516961],[-0.068603,51.516968],[-0.068483,51.517018],[-0.068363,51.517068],[-0.068244,51.517118],[-0.068124,51.517167],[-0.068004,51.517217],[-0.067884,51.517267],[-0.067764,51.517317],[-0.067644,51.517367],[-0.067525,51.517417],[-0.067405,51.517467],[-0.067285,51.517517],[-0.067253,51.51753],[-0.067242,51.517535],[-0.067214,51.517545],[-0.067214,51.517545],[-0.067088,51.517588],[-0.067087,51.517588],[-0.066961,51.517631],[-0.066961,51.517631],[-0.066936,51.517639],[-0.066936,51.517639],[-0.06692,51.517644],[-0.066791,51.517684],[-0.066662,51.517725],[-0.066533,51.517765],[-0.066404,51.517805],[-0.066275,51.517845],[-0.066146,51.517885],[-0.066017,51.517925],[-0.065888,51.517965],[-0.065759,51.518005],[-0.06563,51.518045],[-0.065501,51.518085],[-0.065372,51.518125],[-0.06527,51.518157],[-0.065256,51.518161],[-0.065236,51.518166],[-0.065103,51.5182],[-0.06497,51.518234],[-0.064836,51.518268],[-0.064703,51.518303],[-0.06457,51.518337],[-0.064436,51.518371],[-0.064303,51.518405],[-0.06417,51.518439],[-0.064036,51.518473],[-0.064026,51.518476],[-0.063995,51.518483],[-0.063963,51.518488],[-0.06393,51.518492],[-0.063898,51.518495],[-0.063865,51.518496],[-0.063832,51.518497],[-0.063799,51.518495],[-0.063766,51.518493],[-0.063734,51.518489],[-0.063702,51.518484],[-0.06367,51.518477],[-0.06364,51.518469],[-0.06361,51.51846],[-0.063581,51.51845],[-0.063554,51.518439],[-0.063528,51.518427],[-0.063503,51.518413],[-0.063479,51.518399],[-0.063457,51.518383],[-0.063437,51.518367],[-0.063419,51.51835],[-0.063402,51.518332],[-0.063387,51.518314],[-0.063374,51.518295],[-0.063363,51.518275],[-0.063355,51.518255],[-0.063348,51.518235],[-0.063344,51.518215],[-0.063341,51.518194],[-0.063341,51.518174],[-0.063343,51.518153],[-0.063347,51.518133],[-0.063353,51.518113],[-0.063362,51.518093],[-0.063372,51.518073],[-0.063384,51.518054],[-0.063399,51.518035],[-0.063415,51.518018],[-0.063433,51.518],[-0.063453,51.517984],[-0.063475,51.517968],[-0.063498,51.517954],[-0.063523,51.51794],[-0.063549,51.517927],[-0.063576,51.517916],[-0.063605,51.517906],[-0.063634,51.517896],[-0.063654,51.517891],[-0.063787,51.517857],[-0.06392,51.517823],[-0.064054,51.517789],[-0.064187,51.517755],[-0.06432,51.51772],[-0.064454,51.517686],[-0.064587,51.517652],[-0.06472,51.517618],[-0.064837,51.517588],[-0.064923,51.517562],[-0.065052,51.517522],[-0.065181,51.517481],[-0.06531,51.517441],[-0.065439,51.517401],[-0.065568,51.517361],[-0.065697,51.517321],[-0.065826,51.517281],[-0.065955,51.517241],[-0.066084,51.517201],[-0.066213,51.517161],[-0.066342,51.517121],[-0.066462,51.517084],[-0.066479,51.517078],[-0.06648,51.517078],[-0.066606,51.517035],[-0.066606,51.517035],[-0.066712,51.516999],[-0.066725,51.516994],[-0.066845,51.516944],[-0.066965,51.516894],[-0.067084,51.516844],[-0.067204,51.516794],[-0.067324,51.516744],[-0.067444,51.516694],[-0.067564,51.516644],[-0.067684,51.516594],[-0.067803,51.516544],[-0.067923,51.516494],[-0.068033,51.516449],[-0.068143,51.516398],[-0.068259,51.516344],[-0.068374,51.51629],[-0.06849,51.516237],[-0.068606,51.516183],[-0.068721,51.51613],[-0.068837,51.516076],[-0.068953,51.516022],[-0.069068,51.515969],[-0.06918,51.515917],[-0.069328,51.515845],[-0.069437,51.515788],[-0.069546,51.515729],[-0.069656,51.515671],[-0.069765,51.515612],[-0.069875,51.515554],[-0.069953,51.515513],[-0.069914,51.515471],[-0.06985,51.515405],[-0.0698,51.515399],[-0.069797,51.515399],[-0.069658,51.515385],[-0.069655,51.515385],[-0.069515,51.51537],[-0.069513,51.51537],[-0.069373,51.515356],[-0.069371,51.515356],[-0.069231,51.515341],[-0.069228,51.515341],[-0.069089,51.515327],[-0.069086,51.515326],[-0.069052,51.515323],[-0.068927,51.515316],[-0.068926,51.515316],[-0.068783,51.515308],[-0.068782,51.515308],[-0.06864,51.5153],[-0.068639,51.5153],[-0.068496,51.515292],[-0.068495,51.515292],[-0.068394,51.515286],[-0.068393,51.515286],[-0.068378,51.515285],[-0.068235,51.515274],[-0.068092,51.515263],[-0.067949,51.515252],[-0.067822,51.515247],[-0.067678,51.515242],[-0.067534,51.515237],[-0.06739,51.515232],[-0.067246,51.515227],[-0.067103,51.515221],[-0.06703,51.515219],[-0.067013,51.515218],[-0.066993,51.515217],[-0.06685,51.515205],[-0.066707,51.515193],[-0.066564,51.515181],[-0.066447,51.515172],[-0.066445,51.515172],[-0.066444,51.515171],[-0.066338,51.515162],[-0.066218,51.515159],[-0.066074,51.515155],[-0.06593,51.515151],[-0.065786,51.515147],[-0.065642,51.515143],[-0.065531,51.51514],[-0.065392,51.515138],[-0.065248,51.515136],[-0.065104,51.515133],[-0.064844,51.515129],[-0.0647,51.515127],[-0.064556,51.515124],[-0.064412,51.515122],[-0.064268,51.515119],[-0.064201,51.515118],[-0.064062,51.515118],[-0.063918,51.515117],[-0.063774,51.515117],[-0.06363,51.515116],[-0.063486,51.515115],[-0.063486,51.515115],[-0.063482,51.515115],[-0.063476,51.515115],[-0.063332,51.515113],[-0.063188,51.515111],[-0.063044,51.515108],[-0.063015,51.515108],[-0.062928,51.515106],[-0.062905,51.515106],[-0.062762,51.515099],[-0.062618,51.515093],[-0.062474,51.515086],[-0.062331,51.51508],[-0.062275,51.515077],[-0.062135,51.515072],[-0.061991,51.515067],[-0.061855,51.515062],[-0.06172,51.515059],[-0.061576,51.515057],[-0.061432,51.515055],[-0.061288,51.515052],[-0.061143,51.51505],[-0.061129,51.51505],[-0.060985,51.515047],[-0.060841,51.515045],[-0.060697,51.515042],[-0.060553,51.51504],[-0.060409,51.515038],[-0.060294,51.515036],[-0.06027,51.515035],[-0.060168,51.51503],[-0.060024,51.515024],[-0.059881,51.515017],[-0.059737,51.515011],[-0.059593,51.515004],[-0.059449,51.514997],[-0.059306,51.514991],[-0.059162,51.514984],[-0.059018,51.514978],[-0.058875,51.514971],[-0.058731,51.514965],[-0.058722,51.514964],[-0.058699,51.514963],[-0.058678,51.514961],[-0.058535,51.514948],[-0.058392,51.514936],[-0.058249,51.514924],[-0.058107,51.514911],[-0.057964,51.514899],[-0.057954,51.514898],[-0.057921,51.514894],[-0.057889,51.514889],[-0.057858,51.514883],[-0.057828,51.514875],[-0.057798,51.514866],[-0.057769,51.514856],[-0.057742,51.514844],[-0.057715,51.514832],[-0.05769,51.514818],[-0.057667,51.514804],[-0.057645,51.514789],[-0.057625,51.514772],[-0.057606,51.514755],[-0.05759,51.514738],[-0.057575,51.514719],[-0.057562,51.5147],[-0.057551,51.514681],[-0.057542,51.514661],[-0.057536,51.514641],[-0.057531,51.51462],[-0.057529,51.5146],[-0.057529,51.514579],[-0.057531,51.514559],[-0.057535,51.514538],[-0.057541,51.514518],[-0.057549,51.514498],[-0.05756,51.514479],[-0.057572,51.514459],[-0.057587,51.514441],[-0.057603,51.514423],[-0.057621,51.514406],[-0.057641,51.514389],[-0.057663,51.514374],[-0.057686,51.514359],[-0.057711,51.514346],[-0.057737,51.514333],[-0.057764,51.514321],[-0.057792,51.514311],[-0.057822,51.514302],[-0.057852,51.514294],[-0.057884,51.514287],[-0.057915,51.514282],[-0.057948,51.514277],[-0.05798,51.514275],[-0.058013,51.514273],[-0.058046,51.514273],[-0.058079,51.514274],[-0.058102,51.514276],[-0.058245,51.514288],[-0.058387,51.5143],[-0.05853,51.514313],[-0.058673,51.514325],[-0.058815,51.514337],[-0.058821,51.514338],[-0.058948,51.514344],[-0.059092,51.51435],[-0.059236,51.514357],[-0.05938,51.514363],[-0.059523,51.51437],[-0.059667,51.514376],[-0.059811,51.514383],[-0.059954,51.51439],[-0.060098,51.514396],[-0.060242,51.514403],[-0.060332,51.514407],[-0.060436,51.514409],[-0.06058,51.514411],[-0.060724,51.514413],[-0.060868,51.514416],[-0.061012,51.514418],[-0.061156,51.514421],[-0.06117,51.514421],[-0.061314,51.514423],[-0.061458,51.514426],[-0.061602,51.514428],[-0.061746,51.51443],[-0.06189,51.514433],[-0.061891,51.514433],[-0.061907,51.514433],[-0.061907,51.514433],[-0.062051,51.514439],[-0.062195,51.514444],[-0.062339,51.514449],[-0.062343,51.514449],[-0.062345,51.51445],[-0.062403,51.514452],[-0.062547,51.514459],[-0.06269,51.514465],[-0.062834,51.514472],[-0.062966,51.514477],[-0.063041,51.514479],[-0.06307,51.514479],[-0.063214,51.514482],[-0.063358,51.514484],[-0.063497,51.514486],[-0.063636,51.514487],[-0.063781,51.514487],[-0.063925,51.514488],[-0.064069,51.514489],[-0.064213,51.514489],[-0.064217,51.514489],[-0.064223,51.514489],[-0.064295,51.51449],[-0.064439,51.514493],[-0.064583,51.514495],[-0.064727,51.514498],[-0.064871,51.5145],[-0.06513,51.514504],[-0.065274,51.514507],[-0.065418,51.514509],[-0.065562,51.514511],[-0.065571,51.514512],[-0.065686,51.514515],[-0.06583,51.514519],[-0.065974,51.514523],[-0.066118,51.514526],[-0.066262,51.51453],[-0.066406,51.514534],[-0.06643,51.514535],[-0.066453,51.514537],[-0.066579,51.514548],[-0.066582,51.514548],[-0.066696,51.514557],[-0.066839,51.514569],[-0.066982,51.514581],[-0.067106,51.514591],[-0.06716,51.514593],[-0.067304,51.514598],[-0.067448,51.514603],[-0.067592,51.514609],[-0.067736,51.514614],[-0.067879,51.514619],[-0.068023,51.514624],[-0.068041,51.514625],[-0.068056,51.514626],[-0.068073,51.514627],[-0.068216,51.514638],[-0.068359,51.514649],[-0.068493,51.51466],[-0.068587,51.514665],[-0.068588,51.514665],[-0.06873,51.514673],[-0.068731,51.514673],[-0.068874,51.514681],[-0.068875,51.514681],[-0.069017,51.514689],[-0.069018,51.514689],[-0.069161,51.514697],[-0.069162,51.514697],[-0.069195,51.5147],[-0.069197,51.5147],[-0.069247,51.514705],[-0.069249,51.514705],[-0.069389,51.51472],[-0.069392,51.51472],[-0.069531,51.514734],[-0.069534,51.514735],[-0.069673,51.514749],[-0.069676,51.514749],[-0.069816,51.514763],[-0.069818,51.514764],[-0.069958,51.514778],[-0.06996,51.514778],[-0.0701,51.514792],[-0.070103,51.514793],[-0.070242,51.514807],[-0.070245,51.514807],[-0.070275,51.514811],[-0.070306,51.514816],[-0.070338,51.514823],[-0.070368,51.51483],[-0.070398,51.514839],[-0.070427,51.51485],[-0.070454,51.514861],[-0.070481,51.514873],[-0.070506,51.514887],[-0.070529,51.514901],[-0.070551,51.514917],[-0.070571,51.514933],[-0.07059,51.51495],[-0.070596,51.514957],[-0.070633,51.514995],[-0.070707,51.515072],[-0.07078,51.51515],[-0.070812,51.515183],[-0.070849,51.515187],[-0.070924,51.515196],[-0.071014,51.515165],[-0.071139,51.515121],[-0.071265,51.515077],[-0.07139,51.515032],[-0.071515,51.514988],[-0.071563,51.514971],[-0.071567,51.51497],[-0.071656,51.514938],[-0.071781,51.514893],[-0.071906,51.514848],[-0.072031,51.514803],[-0.072156,51.514758],[-0.072281,51.514713],[-0.072283,51.514712],[-0.072285,51.514712],[-0.072428,51.514661],[-0.072534,51.514623],[-0.072659,51.514577],[-0.072783,51.514532],[-0.072908,51.514487],[-0.073032,51.514441],[-0.073156,51.514396],[-0.07317,51.514391],[-0.073174,51.51439],[-0.073222,51.514323],[-0.073223,51.514321],[-0.073245,51.514292],[-0.073222,51.514262],[-0.073171,51.514196],[-0.073166,51.514193],[-0.073146,51.514176],[-0.073127,51.514159],[-0.073111,51.514142],[-0.073096,51.514123],[-0.073083,51.514104],[-0.073072,51.514085],[-0.073063,51.514065],[-0.073057,51.514045],[-0.073052,51.514024],[-0.07305,51.514004],[-0.07305,51.513986],[-0.073045,51.513974],[-0.073045,51.513973],[-0.073011,51.513886],[-0.073011,51.513885],[-0.072977,51.513799],[-0.072977,51.513798],[-0.072943,51.513712],[-0.072943,51.513711],[-0.07291,51.513627],[-0.07291,51.513626],[-0.072908,51.513621],[-0.072877,51.513533],[-0.072845,51.513445],[-0.072814,51.513357],[-0.072783,51.51327],[-0.072779,51.513259],[-0.072774,51.513244],[-0.07277,51.513223],[-0.07277,51.513223],[-0.072755,51.513134],[-0.072755,51.513134],[-0.07274,51.513045],[-0.07274,51.513044],[-0.072725,51.512955],[-0.072725,51.512955],[-0.07271,51.512866],[-0.07271,51.512865],[-0.072695,51.512776],[-0.072695,51.512776],[-0.07268,51.512687],[-0.07268,51.512687],[-0.072665,51.512597],[-0.072665,51.512597],[-0.072651,51.512508],[-0.07265,51.512508],[-0.072636,51.512419],[-0.072636,51.512418],[-0.072621,51.512329],[-0.072621,51.512329],[-0.072606,51.51224],[-0.072606,51.51224],[-0.072591,51.51215],[-0.072591,51.51215],[-0.072576,51.512061],[-0.072576,51.512061],[-0.072561,51.511972],[-0.072561,51.511971],[-0.072546,51.511882],[-0.072546,51.511882],[-0.072541,51.51185],[-0.072522,51.511767],[-0.072503,51.511688],[-0.072462,51.511672],[-0.072382,51.511642],[-0.072378,51.511641],[-0.072351,51.51163],[-0.072324,51.511617],[-0.072299,51.511604],[-0.072276,51.511589],[-0.072254,51.511574],[-0.072234,51.511558],[-0.072215,51.51154],[-0.072199,51.511523],[-0.072184,51.511504],[-0.072171,51.511485],[-0.07216,51.511466],[-0.072152,51.511446],[-0.072145,51.511426],[-0.07214,51.511405],[-0.072138,51.511385],[-0.072138,51.511364],[-0.07214,51.511344],[-0.072144,51.511323],[-0.07215,51.511303],[-0.072158,51.511283],[-0.072166,51.511268],[-0.072214,51.511184],[-0.072261,51.511099],[-0.072281,51.511064],[-0.072283,51.511022],[-0.072289,51.510932],[-0.072294,51.510842],[-0.072299,51.510752],[-0.072305,51.510662],[-0.07231,51.510573],[-0.072315,51.510483],[-0.072321,51.510393],[-0.072326,51.510303],[-0.072328,51.510286],[-0.072332,51.510265],[-0.072338,51.510245],[-0.072346,51.510225],[-0.072357,51.510206],[-0.072369,51.510187],[-0.072372,51.510183],[-0.072373,51.510179],[-0.072379,51.510159],[-0.072387,51.510139],[-0.072398,51.510119],[-0.07241,51.5101],[-0.072425,51.510082],[-0.072435,51.510071],[-0.072507,51.509993],[-0.072579,51.509915],[-0.072652,51.509837],[-0.072724,51.50976],[-0.072796,51.509682],[-0.072868,51.509604],[-0.072875,51.509597],[-0.072893,51.50958],[-0.072913,51.509564],[-0.072934,51.509548],[-0.072958,51.509534],[-0.072982,51.50952],[-0.073008,51.509507],[-0.073036,51.509496],[-0.073064,51.509485],[-0.073094,51.509476],[-0.073124,51.509468],[-0.073155,51.509461],[-0.073187,51.509456],[-0.073219,51.509452],[-0.073252,51.509449],[-0.073285,51.509448],[-0.073318,51.509447],[-0.073351,51.509449],[-0.073384,51.509451],[-0.073416,51.509455],[-0.073448,51.50946],[-0.073479,51.509467],[-0.07351,51.509474],[-0.073539,51.509483],[-0.073568,51.509494],[-0.073596,51.509505],[-0.073622,51.509517],[-0.073647,51.509531],[-0.07367,51.509545],[-0.073692,51.509561],[-0.073713,51.509577],[-0.073731,51.509594],[-0.073748,51.509612],[-0.073763,51.50963],[-0.073775,51.509649],[-0.073786,51.509669],[-0.073795,51.509688],[-0.073802,51.509709],[-0.073806,51.509729],[-0.073808,51.50975],[-0.073809,51.50977],[-0.073807,51.509791],[-0.073803,51.509811],[-0.073796,51.509831],[-0.073788,51.509851],[-0.073778,51.509871],[-0.073765,51.50989],[-0.073751,51.509908],[-0.073741,51.50992],[-0.073668,51.509998],[-0.073596,51.510075],[-0.073524,51.510153],[-0.073452,51.510231],[-0.073379,51.510309],[-0.073332,51.51036],[-0.073328,51.510416],[-0.073323,51.510506],[-0.073318,51.510596],[-0.073313,51.510686],[-0.073307,51.510775],[-0.073302,51.510865],[-0.073297,51.510955],[-0.073291,51.511045],[-0.073286,51.511135],[-0.073284,51.511152],[-0.07328,51.511172],[-0.073274,51.511193],[-0.073266,51.511213],[-0.073258,51.511227],[-0.073253,51.511236],[-0.073259,51.511238],[-0.073286,51.51125],[-0.07331,51.511264],[-0.073334,51.511278],[-0.073356,51.511294],[-0.073376,51.51131],[-0.073395,51.511327],[-0.073411,51.511345],[-0.073426,51.511363],[-0.073439,51.511382],[-0.07345,51.511402],[-0.073458,51.511421],[-0.073465,51.511442],[-0.073467,51.51145],[-0.073479,51.511499],[-0.073499,51.511588],[-0.07352,51.511677],[-0.07354,51.511766],[-0.073543,51.511778],[-0.073543,51.511778],[-0.073549,51.511816],[-0.073549,51.511817],[-0.073564,51.511906],[-0.073564,51.511906],[-0.073579,51.511995],[-0.073579,51.511996],[-0.073594,51.512085],[-0.073594,51.512085],[-0.073609,51.512174],[-0.073609,51.512174],[-0.073624,51.512264],[-0.073624,51.512264],[-0.073639,51.512353],[-0.073639,51.512353],[-0.073654,51.512442],[-0.073654,51.512443],[-0.073668,51.512532],[-0.073668,51.512532],[-0.073683,51.512621],[-0.073683,51.512621],[-0.073698,51.512711],[-0.073698,51.512711],[-0.073713,51.5128],[-0.073713,51.5128],[-0.073728,51.512889],[-0.073728,51.51289],[-0.073743,51.512979],[-0.073743,51.512979],[-0.073758,51.513068],[-0.073758,51.513069],[-0.07377,51.51314],[-0.073799,51.513221],[-0.07383,51.513309],[-0.073861,51.513396],[-0.073891,51.513481],[-0.073923,51.513563],[-0.073924,51.513564],[-0.073957,51.51365],[-0.073958,51.513651],[-0.073991,51.513738],[-0.073992,51.513739],[-0.074025,51.513825],[-0.074026,51.513826],[-0.074047,51.51388],[-0.074068,51.513908],[-0.074131,51.513989],[-0.074193,51.51407],[-0.074256,51.514151],[-0.074259,51.514156],[-0.074272,51.514175],[-0.074283,51.514194],[-0.074292,51.514214],[-0.074298,51.514234],[-0.074303,51.514254],[-0.074305,51.514275],[-0.074306,51.514296],[-0.074304,51.514316],[-0.0743,51.514337],[-0.074293,51.514357],[-0.074285,51.514377],[-0.074275,51.514396],[-0.074262,51.514415],[-0.074261,51.514417],[-0.074203,51.514497],[-0.074202,51.514499],[-0.074143,51.514579],[-0.074142,51.514581],[-0.074084,51.514661],[-0.074083,51.514663],[-0.074023,51.514745],[-0.07402,51.514749],[-0.074017,51.514753],[-0.074003,51.514772],[-0.073987,51.514789],[-0.073968,51.514807],[-0.073948,51.514823],[-0.073927,51.514839],[-0.073904,51.514853],[-0.073879,51.514867],[-0.073853,51.51488],[-0.073826,51.514891],[-0.073797,51.514902],[-0.07377,51.51491],[-0.073645,51.514947],[-0.073541,51.514985],[-0.073416,51.51503],[-0.073292,51.515075],[-0.073167,51.515121],[-0.073043,51.515166],[-0.072933,51.515206],[-0.072929,51.515208],[-0.072927,51.515208],[-0.072784,51.515258],[-0.07278,51.51526],[-0.07266,51.515303],[-0.072535,51.515348],[-0.072481,51.515368],[-0.072516,51.515412],[-0.072581,51.515492],[-0.072646,51.515572],[-0.072711,51.515652],[-0.072776,51.515733],[-0.072839,51.515811],[-0.072841,51.515813],[-0.072883,51.515864],[-0.072949,51.515944],[-0.073015,51.516024],[-0.073081,51.516103],[-0.073147,51.516183],[-0.073213,51.516263],[-0.073279,51.516343],[-0.073345,51.516423],[-0.073411,51.516503],[-0.073477,51.516583],[-0.073543,51.516663],[-0.073609,51.516743],[-0.073675,51.516822],[-0.073675,51.516822],[-0.073731,51.51689],[-0.073797,51.51697],[-0.073863,51.51705],[-0.07393,51.51713],[-0.073996,51.51721],[-0.074062,51.51729],[-0.074127,51.517368],[-0.074128,51.517369],[-0.074193,51.517448],[-0.07426,51.517528],[-0.074327,51.517607],[-0.074393,51.517687],[-0.07446,51.517767],[-0.074527,51.517846],[-0.074593,51.517926],[-0.07466,51.518006],[-0.074727,51.518086],[-0.074793,51.518165],[-0.074813,51.518189],[-0.074824,51.518203],[-0.074837,51.518222],[-0.074847,51.518241],[-0.074856,51.518261],[-0.074863,51.518281],[-0.074867,51.518301],[-0.074868,51.518303],[-0.074878,51.51837],[-0.074879,51.518372],[-0.074893,51.51846],[-0.074893,51.518461],[-0.074907,51.518549],[-0.074907,51.518551],[-0.074921,51.518639],[-0.074922,51.51864],[-0.074936,51.518728],[-0.074936,51.51873],[-0.07495,51.518818],[-0.07495,51.518819],[-0.074964,51.518907],[-0.074964,51.518909],[-0.074978,51.518996],[-0.074979,51.518998],[-0.074993,51.519086],[-0.074993,51.519088],[-0.074995,51.519106],[-0.074995,51.519107],[-0.075003,51.51925],[-0.075004,51.519251],[-0.075004,51.519252],[-0.075004,51.519271],[-0.075,51.519352],[-0.074997,51.519442],[-0.074993,51.519532],[-0.074989,51.519622],[-0.074985,51.519711],[-0.074981,51.519801],[-0.074978,51.519891],[-0.074974,51.519981],[-0.07497,51.520071],[-0.074966,51.520161],[-0.074966,51.520169],[-0.074997,51.520207],[-0.075063,51.520286],[-0.07513,51.520366],[-0.075196,51.520446],[-0.075239,51.520497],[-0.07529,51.520537],[-0.075307,51.52055],[-0.075311,51.520554],[-0.075382,51.520617],[-0.075465,51.52069],[-0.075548,51.520764],[-0.075632,51.520837],[-0.075715,51.52091],[-0.075798,51.520984],[-0.075881,51.521057],[-0.075964,51.521131],[-0.076047,51.521204],[-0.076124,51.521271],[-0.076134,51.52128],[-0.076223,51.521351],[-0.076308,51.521419],[-0.076347,51.521448],[-0.076437,51.521518],[-0.076528,51.521588],[-0.076619,51.521658],[-0.07671,51.521727],[-0.076801,51.521797],[-0.076851,51.521835],[-0.076494,51.522],[-0.075765,51.522],[-0.075745,51.521985],[-0.075655,51.521915],[-0.075564,51.521845],[-0.075522,51.521814],[-0.075521,51.521812],[-0.075516,51.521809],[-0.075428,51.521738],[-0.075339,51.521667],[-0.075321,51.521653],[-0.075311,51.521644],[-0.075307,51.521641],[-0.075224,51.521567],[-0.07514,51.521494],[-0.075057,51.52142],[-0.074974,51.521347],[-0.074891,51.521274],[-0.074808,51.5212],[-0.074725,51.521127],[-0.074641,51.521053],[-0.074558,51.52098],[-0.074497,51.520925],[-0.074423,51.520869],[-0.074407,51.520856],[-0.074388,51.520839],[-0.074372,51.520821],[-0.074367,51.520816],[-0.074301,51.520736],[-0.074235,51.520656],[-0.074168,51.520576],[-0.074102,51.520497],[-0.074035,51.520417],[-0.074011,51.520387],[-0.074,51.520374],[-0.073987,51.520355],[-0.073977,51.520336],[-0.073968,51.520316],[-0.073961,51.520296],[-0.073957,51.520275],[-0.073954,51.520255],[-0.073954,51.520234],[-0.073958,51.520144],[-0.073962,51.520054],[-0.073965,51.519964],[-0.073969,51.519875],[-0.073973,51.519785],[-0.073977,51.519695],[-0.073981,51.519605],[-0.073984,51.519515],[-0.073988,51.519425],[-0.073992,51.519335],[-0.073995,51.519264],[-0.073988,51.51914],[-0.073975,51.519062],[-0.073975,51.519061],[-0.073961,51.518973],[-0.073961,51.518971],[-0.073947,51.518883],[-0.073946,51.518882],[-0.073932,51.518794],[-0.073932,51.518792],[-0.073918,51.518704],[-0.073918,51.518703],[-0.073904,51.518615],[-0.073904,51.518613],[-0.07389,51.518525],[-0.073889,51.518524],[-0.073875,51.518436],[-0.073875,51.518434],[-0.073874,51.518426],[-0.073832,51.518377],[-0.073766,51.518297],[-0.073699,51.518217],[-0.073632,51.518137],[-0.073566,51.518058],[-0.073499,51.517978],[-0.073432,51.517898],[-0.073366,51.517819],[-0.073299,51.517739],[-0.073233,51.517659],[-0.073232,51.517659],[-0.073232,51.517658],[-0.073165,51.517578],[-0.073099,51.517498],[-0.073033,51.517418],[-0.072967,51.517338],[-0.072901,51.517259],[-0.072835,51.517179],[-0.072779,51.517111],[-0.072779,51.517111],[-0.072713,51.517031],[-0.072647,51.516951],[-0.072581,51.516871],[-0.072515,51.516791],[-0.072449,51.516711],[-0.072383,51.516632],[-0.072317,51.516552],[-0.072251,51.516472],[-0.072185,51.516392],[-0.072119,51.516312],[-0.072052,51.516232],[-0.071986,51.516152],[-0.071942,51.516099],[-0.071942,51.516098],[-0.071941,51.516097],[-0.071876,51.516016],[-0.071811,51.515936],[-0.071746,51.515856],[-0.071681,51.515776],[-0.071616,51.515695]]]]},"properties":{"layer":"dataset-55cdd950-fd18-421a-affd-130d659dc6fd:Noise_Action_Planning_Important_Areas_Round_3_England","r3_ia_id":"1140*","source":"Road","assetowner":"TfL","round3type":"R1+R2+R3 no change","r2_ia_id":"1140*","round2type":"R1+R2 extend (R1)","maxx":"-0.057555298388111277","minx":"-0.076876914279077793","maxy":"51.522208476540257","miny":"51.509446036403574","x":-0.0696467,"y":51.51576689,"aream2":218340.5138995,"lengthm":6329.23202722,"clipped_to_zone":true,"in_cw":false}},
{"type":"Feature","geometry":{"type":"Polygon","coordinates":[[[0.008005,51.491999],[0.008006,51.492001],[0.008008,51.492015],[0.008008,51.492015],[0.008008,51.492018],[0.008009,51.492019],[0.008013,51.492032],[0.008013,51.492033],[0.008014,51.492036],[0.008015,51.492037],[0.008023,51.492054],[0.008025,51.492056],[0.008026,51.492059],[0.008027,51.492059],[0.008039,51.492075],[0.00804,51.492077],[0.008043,51.49208],[0.008043,51.49208],[0.008059,51.492095],[0.008061,51.492097],[0.008063,51.492099],[0.008064,51.4921],[0.008083,51.492113],[0.008085,51.492115],[0.008088,51.492117],[0.008089,51.492118],[0.008109,51.492129],[0.008112,51.492131],[0.008114,51.492132],[0.008235,51.492189],[0.008236,51.492189],[0.008237,51.49219],[0.008249,51.492195],[0.008252,51.492196],[0.008255,51.492197],[0.008273,51.492204],[0.008275,51.492204],[0.008279,51.492206],[0.00828,51.492206],[0.008306,51.492213],[0.008309,51.492214],[0.008314,51.492215],[0.008315,51.492215],[0.008342,51.49222],[0.008345,51.49222],[0.00835,51.492221],[0.008371,51.492223],[0.008371,51.492223],[0.008375,51.492224],[0.008378,51.492224],[0.0084,51.492225],[0.008401,51.492225],[0.008406,51.492225],[0.008407,51.492225],[0.008436,51.492224],[0.008439,51.492224],[0.008444,51.492223],[0.008445,51.492223],[0.008473,51.49222],[0.008476,51.49222],[0.008481,51.492219],[0.008482,51.492219],[0.008509,51.492213],[0.008512,51.492213],[0.008516,51.492212],[0.008518,51.492211],[0.008543,51.492204],[0.008546,51.492203],[0.00855,51.492201],[0.008568,51.492194],[0.008568,51.492194],[0.008572,51.492193],[0.008575,51.492192],[0.008591,51.492184],[0.008593,51.492183],[0.008596,51.492181],[0.008597,51.49218],[0.008618,51.492168],[0.00862,51.492167],[0.008623,51.492164],[0.008624,51.492164],[0.008642,51.49215],[0.008644,51.492148],[0.008646,51.492146],[0.008657,51.492135],[0.008657,51.492135],[0.00866,51.492132],[0.008661,51.492131],[0.008671,51.492119],[0.008671,51.492118],[0.008673,51.492115],[0.008681,51.492103],[0.008681,51.492103],[0.008682,51.4921],[0.008683,51.492098],[0.008688,51.492085],[0.008689,51.492084],[0.00869,51.492081],[0.00869,51.49208],[0.008694,51.492063],[0.008695,51.492061],[0.008695,51.492058],[0.008696,51.492045],[0.008696,51.492045],[0.008696,51.492042],[0.008696,51.49204],[0.008694,51.492027],[0.008694,51.492026],[0.008694,51.492023],[0.00869,51.49201],[0.00869,51.49201],[0.008689,51.492007],[0.008689,51.492005],[0.008683,51.491992],[0.008683,51.491991],[0.008681,51.491989],[0.008681,51.491988],[0.00867,51.491971],[0.008669,51.491969],[0.008667,51.491967],[0.008666,51.491966],[0.008653,51.491951],[0.008651,51.491949],[0.008648,51.491946],[0.008648,51.491946],[0.008631,51.491931],[0.008629,51.49193],[0.008626,51.491928],[0.008611,51.491918],[0.008611,51.491918],[0.008608,51.491916],[0.008606,51.491915],[0.00859,51.491906],[0.008589,51.491905],[0.008586,51.491904],[0.008466,51.491847],[0.008465,51.491847],[0.008462,51.491846],[0.008444,51.491838],[0.008443,51.491837],[0.008439,51.491836],[0.008437,51.491836],[0.008412,51.491827],[0.008409,51.491827],[0.008405,51.491825],[0.008385,51.491821],[0.008385,51.491821],[0.008381,51.49182],[0.008378,51.491819],[0.008357,51.491816],[0.008356,51.491816],[0.008351,51.491815],[0.00835,51.491815],[0.008322,51.491812],[0.008318,51.491812],[0.008314,51.491812],[0.008312,51.491812],[0.008284,51.491811],[0.008283,51.491811],[0.008281,51.491811],[0.008276,51.491812],[0.008275,51.491812],[0.008247,51.491814],[0.008243,51.491814],[0.008239,51.491814],[0.008237,51.491815],[0.00821,51.491819],[0.008207,51.491819],[0.008202,51.49182],[0.008201,51.491821],[0.008175,51.491827],[0.008172,51.491828],[0.008167,51.491829],[0.008166,51.49183],[0.008142,51.491838],[0.008139,51.491839],[0.008135,51.491841],[0.008118,51.491848],[0.008117,51.491848],[0.008114,51.49185],[0.008111,51.491851],[0.008095,51.49186],[0.008094,51.491861],[0.008091,51.491863],[0.008076,51.491873],[0.008076,51.491873],[0.008073,51.491875],[0.008071,51.491876],[0.008058,51.491887],[0.008057,51.491888],[0.008055,51.49189],[0.008054,51.491891],[0.008039,51.491906],[0.008038,51.491908],[0.008036,51.49191],[0.008027,51.491922],[0.008027,51.491922],[0.008025,51.491925],[0.008024,51.491927],[0.008017,51.491939],[0.008017,51.49194],[0.008015,51.491943],[0.008015,51.491944],[0.008009,51.491961],[0.008009,51.491963],[0.008008,51.491966],[0.008006,51.491979],[0.008006,51.491979],[0.008005,51.491982],[0.008005,51.491984],[0.008005,51.491997],[0.008005,51.491999]]]},"properties":{"layer":"dataset-55cdd950-fd18-421a-affd-130d659dc6fd:Noise_Action_Planning_Important_Areas_Round_3_England","r3_ia_id":"595","source":"Road","assetowner":"TfL","round3type":"R1 only","r2_ia_id":"595","round2type":"R1 only","maxx":"0.0086696918571651377","minx":"0.0079790712306665786","maxy":"51.492224204319925","miny":"51.491810823464498","x":0.00832427,"y":51.49201745,"aream2":1653.84194642,"lengthm":145.56872738,"in_cw":false}},
{"type":"Feature","geometry":{"type":"Polygon","coordinates":[[[-0.069852,51.485083],[-0.069885,51.485083],[-0.069918,51.485084],[-0.069951,51.485087],[-0.069983,51.485091],[-0.070015,51.485096],[-0.070046,51.485102],[-0.070077,51.48511],[-0.070107,51.485119],[-0.070121,51.485124],[-0.070246,51.485168],[-0.07037,51.485212],[-0.070609,51.485297],[-0.070614,51.485299],[-0.070616,51.4853],[-0.07074,51.485345],[-0.070864,51.485391],[-0.070865,51.485392],[-0.070985,51.485433],[-0.071111,51.485477],[-0.071237,51.48552],[-0.071363,51.485564],[-0.071489,51.485607],[-0.071615,51.485651],[-0.071741,51.485694],[-0.071867,51.485738],[-0.071993,51.485781],[-0.072119,51.485825],[-0.072245,51.485868],[-0.072371,51.485912],[-0.072496,51.485955],[-0.072622,51.485999],[-0.072662,51.486013],[-0.072676,51.486017],[-0.072679,51.486019],[-0.072682,51.48602],[-0.072802,51.486065],[-0.072805,51.486066],[-0.072926,51.486112],[-0.072928,51.486113],[-0.073049,51.486158],[-0.073051,51.486159],[-0.073172,51.486205],[-0.073175,51.486206],[-0.073295,51.486251],[-0.073298,51.486252],[-0.073418,51.486298],[-0.073421,51.486299],[-0.073542,51.486345],[-0.073544,51.486345],[-0.073665,51.486391],[-0.073667,51.486392],[-0.073788,51.486438],[-0.073791,51.486439],[-0.073799,51.486442],[-0.073802,51.486443],[-0.073826,51.486453],[-0.073829,51.486454],[-0.073944,51.486504],[-0.073948,51.486505],[-0.074062,51.486555],[-0.074066,51.486557],[-0.074181,51.486606],[-0.074184,51.486608],[-0.074275,51.486647],[-0.074391,51.486695],[-0.07451,51.486745],[-0.07463,51.486795],[-0.07475,51.486845],[-0.07487,51.486895],[-0.074989,51.486945],[-0.075109,51.486995],[-0.075229,51.487045],[-0.075349,51.487095],[-0.07536,51.487099],[-0.075386,51.487112],[-0.075411,51.487125],[-0.075435,51.48714],[-0.075457,51.487155],[-0.075477,51.487171],[-0.075495,51.487188],[-0.075512,51.487206],[-0.075527,51.487225],[-0.07554,51.487244],[-0.075551,51.487263],[-0.075559,51.487283],[-0.075566,51.487303],[-0.07557,51.487323],[-0.075573,51.487344],[-0.075573,51.487365],[-0.075571,51.487385],[-0.075567,51.487406],[-0.075561,51.487426],[-0.075552,51.487446],[-0.075542,51.487465],[-0.07553,51.487484],[-0.075515,51.487503],[-0.075499,51.487521],[-0.075481,51.487538],[-0.075461,51.487554],[-0.075439,51.48757],[-0.075416,51.487585],[-0.075391,51.487598],[-0.075365,51.487611],[-0.075338,51.487622],[-0.07531,51.487633],[-0.07528,51.487642],[-0.07525,51.48765],[-0.075219,51.487657],[-0.075187,51.487662],[-0.075154,51.487666],[-0.075122,51.487669],[-0.075089,51.487671],[-0.075056,51.487671],[-0.075023,51.48767],[-0.07499,51.487667],[-0.074958,51.487663],[-0.074926,51.487658],[-0.074895,51.487651],[-0.074864,51.487644],[-0.074834,51.487635],[-0.074806,51.487625],[-0.07479,51.487618],[-0.07467,51.487568],[-0.07455,51.487518],[-0.07443,51.487468],[-0.07431,51.487419],[-0.074191,51.487369],[-0.074071,51.487319],[-0.073951,51.487269],[-0.073831,51.487219],[-0.073711,51.487169],[-0.073705,51.487166],[-0.073704,51.487166],[-0.0737,51.487164],[-0.073606,51.487123],[-0.073602,51.487122],[-0.073487,51.487072],[-0.073484,51.487071],[-0.073369,51.487021],[-0.073366,51.487019],[-0.073264,51.486975],[-0.073143,51.486929],[-0.073141,51.486929],[-0.07302,51.486883],[-0.073017,51.486882],[-0.072897,51.486836],[-0.072894,51.486835],[-0.072773,51.48679],[-0.072771,51.486789],[-0.07265,51.486743],[-0.072648,51.486742],[-0.072527,51.486697],[-0.072525,51.486696],[-0.072404,51.48665],[-0.072401,51.486649],[-0.072281,51.486604],[-0.072278,51.486603],[-0.072166,51.48656],[-0.072134,51.486549],[-0.072008,51.486506],[-0.071882,51.486462],[-0.071756,51.486419],[-0.07163,51.486375],[-0.071505,51.486332],[-0.071379,51.486288],[-0.071253,51.486245],[-0.071127,51.486201],[-0.071001,51.486158],[-0.070875,51.486114],[-0.070749,51.486071],[-0.070623,51.486027],[-0.070497,51.485984],[-0.070371,51.48594],[-0.070365,51.485938],[-0.070359,51.485936],[-0.070352,51.485933],[-0.070228,51.485887],[-0.070108,51.485843],[-0.069873,51.48576],[-0.069748,51.485716],[-0.069623,51.485671],[-0.069608,51.485666],[-0.069581,51.485654],[-0.069555,51.485642],[-0.06953,51.485629],[-0.069506,51.485614],[-0.069484,51.485599],[-0.069464,51.485582],[-0.069446,51.485565],[-0.069429,51.485548],[-0.069414,51.485529],[-0.069401,51.48551],[-0.06939,51.485491],[-0.069382,51.485471],[-0.069375,51.485451],[-0.069371,51.48543],[-0.069368,51.48541],[-0.069368,51.485389],[-0.06937,51.485369],[-0.069374,51.485348],[-0.06938,51.485328],[-0.069389,51.485308],[-0.069399,51.485289],[-0.069411,51.48527],[-0.069426,51.485251],[-0.069442,51.485233],[-0.06946,51.485216],[-0.06948,51.4852],[-0.069502,51.485184],[-0.069525,51.485169],[-0.06955,51.485156],[-0.069576,51.485143],[-0.069603,51.485131],[-0.069631,51.485121],[-0.069661,51.485112],[-0.069691,51.485104],[-0.069722,51.485097],[-0.069754,51.485092],[-0.069787,51.485087],[-0.069819,51.485085],[-0.069852,51.485083]]]},"properties":{"layer":"dataset-55cdd950-fd18-421a-affd-130d659dc6fd:Noise_Action_Planning_Important_Areas_Round_3_England","r3_ia_id":"637","source":"Road","assetowner":"TfL","round3type":"R1 only","r2_ia_id":"637","round2type":"R1 only","maxx":"-0.069393698348067606","minx":"-0.075598656140012724","maxy":"51.487669830684723","miny":"51.485082130181297","x":-0.0725212,"y":51.48635051,"aream2":33379.3453841,"lengthm":1063.69143466,"in_cw":false}}
]}
